t,gt_x,gt_y,gt_yaw,odom_x,odom_y,odom_yaw,slam_x,slam_y,slam_yaw
53.50,-0.0000,0.0000,0.0000,0.0000,0.0000,0.0372,0.0000,0.0000,0.0372
54.00,-0.0000,0.0000,0.0000,0.0000,0.0000,0.0382,0.0000,0.0000,0.0382
54.50,-0.0000,0.0000,0.0000,0.0000,0.0000,0.0389,0.0000,0.0000,0.0389
55.00,-0.0000,0.0000,0.0000,0.0000,0.0000,0.0395,0.0000,0.0000,0.0395
55.50,-0.0000,0.0000,0.0000,0.0000,0.0000,0.0399,0.0000,0.0000,0.0399
56.00,-0.0000,0.0000,0.0000,0.0000,0.0000,0.0402,0.0000,0.0000,0.0402
56.50,-0.0000,0.0000,0.0000,0.0000,0.0000,0.0414,0.0000,0.0000,0.0414
57.00,-0.0000,0.0000,0.0000,0.0000,0.0000,0.0423,0.0000,0.0000,0.0423
57.50,-0.0000,0.0000,0.0000,0.0000,0.0000,0.0425,0.0000,0.0000,0.0425
58.00,-0.0000,0.0000,0.0000,0.0000,0.0000,0.0431,0.0000,0.0000,0.0431
58.50,-0.0000,0.0000,0.0000,0.0000,0.0000,0.0444,0.0000,0.0000,0.0444
59.00,-0.0000,0.0000,0.0000,0.0000,0.0000,0.0446,0.0000,0.0000,0.0446
59.50,-0.0000,0.0000,0.0000,0.0000,0.0000,0.0452,0.0000,0.0000,0.0452
60.00,-0.0000,0.0000,0.0000,0.0000,0.0000,0.0461,0.0000,0.0000,0.0461
60.50,-0.0000,0.0000,0.0000,0.0000,0.0000,0.0465,0.0000,0.0000,0.0465
61.00,-0.0000,0.0000,0.0000,0.0000,0.0000,0.0472,0.0000,0.0000,0.0472
61.50,-0.0000,0.0000,0.0000,0.0000,0.0000,0.0477,0.0000,0.0000,0.0477
62.00,0.0484,-0.0000,-0.0000,0.0460,0.0022,0.0481,0.0460,0.0022,0.0481
62.50,0.1084,-0.0000,-0.0000,0.1063,0.0051,0.0486,0.0662,0.0011,0.0068
63.00,0.1684,-0.0000,-0.0000,0.1701,0.0082,0.0490,0.1300,0.0016,0.0071
63.50,0.2284,-0.0000,-0.0000,0.2328,0.0113,0.0493,0.0618,0.0020,0.0074
64.00,0.2884,-0.0000,-0.0000,0.2955,0.0144,0.0496,0.0555,0.0025,0.0077
64.50,0.3484,-0.0000,-0.0000,0.3564,0.0175,0.0507,0.1166,0.0030,0.0088
65.00,0.4084,-0.0000,-0.0000,0.4153,0.0205,0.0510,0.0755,0.0040,0.0057
65.50,0.4684,-0.0000,-0.0000,0.4800,0.0238,0.0517,0.0845,0.0044,0.0064
66.00,0.5284,-0.0000,-0.0000,0.5419,0.0270,0.0526,0.0622,0.0048,0.0072
66.50,0.5884,-0.0000,-0.0000,0.6019,0.0302,0.0528,0.1223,0.0053,0.0074
67.00,0.6484,-0.0000,-0.0000,0.6608,0.0333,0.0532,0.1014,0.0062,0.0044
67.50,0.7084,-0.0000,-0.0000,0.7234,0.0367,0.0534,0.1206,0.0064,0.0045
68.00,0.7684,-0.0000,-0.0000,0.7837,0.0399,0.0542,0.1544,0.0068,0.0054
68.50,0.8284,-0.0000,-0.0000,0.8427,0.0431,0.0546,0.1735,0.0076,0.0023
69.00,0.8884,-0.0000,-0.0000,0.9032,0.0465,0.0552,0.2341,0.0078,0.0029
69.50,0.9484,-0.0000,-0.0000,0.9678,0.0500,0.0554,0.2688,0.0079,0.0030
70.00,1.0084,-0.0000,-0.0000,1.0319,0.0536,0.0560,0.3230,0.0082,0.0037
70.50,1.0684,-0.0000,-0.0000,1.0912,0.0569,0.0562,0.3623,0.0084,0.0039
71.00,1.1284,-0.0000,-0.0000,1.1525,0.0604,0.0567,0.4238,0.0086,0.0043
71.50,1.1884,-0.0000,-0.0000,1.2149,0.0640,0.0573,0.4539,0.0093,0.0015
72.00,1.2194,-0.0000,-0.0000,1.2501,0.0660,0.0582,0.4715,0.0094,0.0024
72.50,1.2194,-0.0000,-0.0000,1.2501,0.0660,0.0590,0.4715,0.0094,0.0032
73.00,1.2194,-0.0000,-0.0000,1.2501,0.0660,0.0599,0.4715,0.0094,0.0040
73.50,1.2194,-0.0000,-0.0000,1.2501,0.0660,0.0605,0.4715,0.0094,0.0047
74.00,1.2194,-0.0000,-0.0000,1.2501,0.0660,0.0611,0.4715,0.0094,0.0053
74.50,1.2194,-0.0000,-0.0000,1.2501,0.0660,0.0610,0.4715,0.0094,0.0052
75.00,1.2194,-0.0000,-0.0000,1.2501,0.0660,0.0614,0.4715,0.0094,0.0055
75.50,1.2194,-0.0000,-0.0000,1.2501,0.0660,0.0619,0.4715,0.0094,0.0060
76.00,1.2194,-0.0000,-0.0000,1.2501,0.0660,0.0624,0.4715,0.0094,0.0066
76.50,1.2194,-0.0000,-0.0000,1.2501,0.0660,0.0627,0.4715,0.0094,0.0069
77.00,1.2194,-0.0000,-0.0000,1.2501,0.0660,0.0635,0.4715,0.0094,0.0076
77.50,1.2194,-0.0000,-0.0000,1.2501,0.0660,0.0640,0.4715,0.0094,0.0082
78.00,1.2194,-0.0000,-0.0000,1.2501,0.0660,0.0644,0.4715,0.0094,0.0086
78.50,1.2194,-0.0000,-0.0000,1.2501,0.0660,0.0649,0.4715,0.0094,0.0091
79.00,1.2194,-0.0000,-0.0000,1.2501,0.0660,0.0654,0.4715,0.0094,0.0095
79.50,1.2194,-0.0000,-0.0000,1.2501,0.0660,0.0659,0.4715,0.0094,0.0101
80.00,1.2194,-0.0000,-0.0000,1.2501,0.0660,0.0663,0.4715,0.0094,0.0104
80.50,1.2194,-0.0000,-0.0000,1.2501,0.0660,0.0674,0.4715,0.0094,0.0116
81.00,1.2194,-0.0000,-0.0000,1.2501,0.0660,0.0680,0.4715,0.0094,0.0121
81.50,1.2135,-0.0000,-0.0000,1.2440,0.0656,0.0683,0.4654,0.0093,0.0124
82.00,1.1935,-0.0000,-0.0000,1.2217,0.0640,0.0688,0.4431,0.0090,0.0129
82.50,1.1735,-0.0000,-0.0000,1.2002,0.0626,0.0690,0.4216,0.0087,0.0132
83.00,1.1535,-0.0000,-0.0000,1.1791,0.0611,0.0695,0.4004,0.0085,0.0136
83.50,1.1335,-0.0000,-0.0000,1.1574,0.0596,0.0697,0.3786,0.0082,0.0138
84.00,1.1135,-0.0000,-0.0000,1.1348,0.0580,0.0700,0.3560,0.0078,0.0141
84.50,1.0935,-0.0000,-0.0000,1.1154,0.0566,0.0704,0.3965,0.0099,0.0041
85.00,1.0735,-0.0000,-0.0000,1.0950,0.0552,0.0707,0.3760,0.0098,0.0043
85.50,1.0535,-0.0000,-0.0000,1.0741,0.0537,0.0713,0.3551,0.0097,0.0050
86.00,1.0335,-0.0000,-0.0000,1.0542,0.0523,0.0714,0.3351,0.0096,0.0051
86.50,1.0135,-0.0000,-0.0000,1.0330,0.0508,0.0715,0.3077,0.0095,0.0052
87.00,0.9935,-0.0000,-0.0000,1.0131,0.0493,0.0722,0.2840,0.0094,0.0058
87.50,0.9735,-0.0000,-0.0000,0.9955,0.0481,0.0724,0.2663,0.0093,0.0061
88.00,0.9715,-0.0000,-0.0000,0.9916,0.0478,0.0724,0.2624,0.0093,0.0061
88.50,0.9715,-0.0000,-0.0000,0.9916,0.0478,0.0727,0.2624,0.0093,0.0064
89.00,0.9715,-0.0000,-0.0000,0.9916,0.0478,0.0732,0.2624,0.0093,0.0069
89.50,0.9715,-0.0000,-0.0000,0.9916,0.0478,0.0740,0.2624,0.0093,0.0077
90.00,0.9715,-0.0000,-0.0000,0.9916,0.0478,0.0745,0.2624,0.0093,0.0082
90.50,0.9714,0.0007,0.0206,0.9915,0.0478,0.0919,0.2623,0.0093,0.0256
91.00,0.9715,0.0086,0.1978,0.9984,0.0491,0.2626,0.2693,0.0101,0.1963
91.50,0.9716,0.0251,0.4149,1.0132,0.0550,0.4817,0.2844,0.0150,0.4154
92.00,0.9719,0.0377,0.5940,1.0246,0.0623,0.6643,0.2963,0.0216,0.5980
92.50,0.9720,0.0398,0.6554,1.0263,0.0637,0.7345,0.2980,0.0228,0.6682
93.00,0.9720,0.0398,0.6554,1.0263,0.0637,0.7345,0.2981,0.0228,0.6682
93.50,0.9673,0.0362,0.6554,1.0225,0.0603,0.7349,0.2940,0.0197,0.6686
94.00,0.9514,0.0240,0.6554,1.0087,0.0478,0.7359,0.2794,0.0082,0.6696
94.50,0.9356,0.0118,0.6554,0.9930,0.0336,0.7365,0.2628,-0.0050,0.6702
95.00,0.9197,-0.0004,0.6554,0.9775,0.0195,0.7367,0.2464,-0.0180,0.6704
95.50,0.9039,-0.0126,0.6554,0.9645,0.0077,0.7375,0.2327,-0.0289,0.6712
96.00,0.8880,-0.0248,0.6554,0.9483,-0.0070,0.7383,0.1941,-0.0206,0.6616
96.50,0.8721,-0.0369,0.6554,0.9326,-0.0213,0.7389,0.1774,-0.0337,0.6621
97.00,0.8563,-0.0491,0.6554,0.9192,-0.0335,0.7394,0.1631,-0.0448,0.6627
97.50,0.8404,-0.0613,0.6554,0.9038,-0.0476,0.7399,0.1466,-0.0577,0.6631
98.00,0.8246,-0.0735,0.6554,0.8883,-0.0618,0.7407,0.1296,-0.0600,0.6605
98.50,0.8087,-0.0857,0.6554,0.8729,-0.0758,0.7414,0.1132,-0.0728,0.6611
99.00,0.7929,-0.0979,0.6554,0.8573,-0.0901,0.7418,0.0964,-0.0858,0.6615
99.50,0.7770,-0.1101,0.6554,0.8414,-0.1047,0.7426,0.0794,-0.0991,0.6623
100.00,0.7722,-0.1134,0.6764,0.8373,-0.1084,0.7618,0.0750,-0.1025,0.6815
100.50,0.7723,-0.1132,0.7094,0.8374,-0.1083,0.7959,0.0751,-0.1024,0.7156
101.00,0.7722,-0.1132,0.7420,0.8373,-0.1085,0.8289,0.0750,-0.1025,0.7486
101.50,0.7719,-0.1133,0.7755,0.8371,-0.1087,0.8630,0.0747,-0.1028,0.7827
102.00,0.7720,-0.1135,0.8097,0.8369,-0.1089,0.8972,0.0746,-0.1029,0.8170
102.50,0.7720,-0.1138,0.8428,0.8366,-0.1093,0.9313,0.0743,-0.1033,0.8511
103.00,0.7720,-0.1139,0.8753,0.8364,-0.1096,0.9642,0.0740,-0.1036,0.8839
103.50,0.7715,-0.1140,0.9087,0.8361,-0.1100,0.9983,0.0737,-0.1040,0.9180
104.00,0.7706,-0.1140,0.9429,0.8357,-0.1107,1.0331,0.0732,-0.1046,0.9528
104.50,0.7692,-0.1141,0.9780,0.8350,-0.1119,1.0690,0.0724,-0.1057,0.9887
105.00,0.7674,-0.1141,1.0141,0.8342,-0.1135,1.1050,0.0715,-0.1073,1.0247
105.50,0.7651,-0.1142,1.0511,0.8330,-0.1158,1.1424,0.0702,-0.1095,1.0621
106.00,0.7624,-0.1142,1.0891,0.8320,-0.1183,1.1807,0.0683,-0.1116,1.0969
106.50,0.7592,-0.1143,1.1282,0.8312,-0.1203,1.2205,0.0673,-0.1134,1.1367
107.00,0.7555,-0.1143,1.1683,0.8299,-0.1241,1.2617,0.0657,-0.1171,1.1780
107.50,0.7513,-0.1144,1.2096,0.8292,-0.1264,1.3032,0.0649,-0.1193,1.2195
108.00,0.7466,-0.1144,1.2521,0.8281,-0.1308,1.3464,0.0634,-0.1237,1.2626
108.50,0.7414,-0.1144,1.2958,0.8271,-0.1356,1.3905,0.0620,-0.1284,1.3068
109.00,0.7358,-0.1145,1.3408,0.8263,-0.1407,1.4358,0.0608,-0.1334,1.3520
109.50,0.7297,-0.1145,1.3873,0.8257,-0.1465,1.4829,0.0596,-0.1391,1.3992
110.00,0.7230,-0.1145,1.4354,0.8252,-0.1530,1.5318,0.0587,-0.1455,1.4481
110.50,0.7160,-0.1145,1.4851,0.8251,-0.1602,1.5830,0.0580,-0.1527,1.4992
111.00,0.7084,-0.1145,1.5367,0.8254,-0.1683,1.6350,0.0347,-0.1206,1.5372
111.50,0.7004,-0.1145,1.5901,0.8256,-0.1706,1.6892,0.0346,-0.1229,1.5915
112.00,0.6900,-0.0971,1.6928,0.8223,-0.1506,1.7874,0.0333,-0.1027,1.6897
112.50,0.6703,-0.0197,1.7650,0.8005,-0.0737,1.8692,0.0192,-0.0240,1.7715
113.00,0.6468,0.1048,1.7373,0.7622,0.0506,1.8507,-0.0473,0.1034,1.7495
113.50,0.6285,0.2334,1.7195,0.7284,0.1810,1.8239,-0.0865,0.2364,1.7192
114.00,0.6031,0.3604,1.8741,0.6889,0.3050,1.9713,-0.1141,0.3538,1.8701
114.50,0.5652,0.4806,2.0229,0.6269,0.4206,2.1306,-0.1641,0.4851,2.0294
115.00,0.5078,0.5968,2.0473,0.5539,0.5328,2.1574,-0.1734,0.6006,2.0544
115.50,0.4430,0.7016,2.1687,0.4813,0.6323,2.2733,-0.2268,0.7011,2.1665
116.00,0.3640,0.7950,2.3503,0.3948,0.7166,2.4583,-0.2976,0.7880,2.3519
116.50,0.2791,0.8743,2.4205,0.2967,0.7888,2.5372,-0.3895,0.8802,2.4238
117.00,0.2360,0.9126,2.3942,0.2454,0.8245,2.5139,-0.4108,0.9087,2.4005
117.50,0.2316,0.9163,2.3604,0.2391,0.8292,2.4813,-0.4166,0.9140,2.3679
118.00,0.2315,0.9164,2.3264,0.2389,0.8294,2.4478,-0.4168,0.9142,2.3344
118.50,0.2314,0.9166,2.2935,0.2388,0.8295,2.4163,-0.4169,0.9143,2.3028
119.00,0.2316,0.9166,2.2609,0.2387,0.8295,2.3843,-0.4169,0.9144,2.2709
119.50,0.2321,0.9165,2.2274,0.2393,0.8289,2.3518,-0.4164,0.9137,2.2383
120.00,0.2331,0.9165,2.1930,0.2401,0.8281,2.3181,-0.4157,0.9129,2.2047
120.50,0.2338,0.9164,2.1785,0.2405,0.8277,2.3002,-0.4154,0.9124,2.1868
121.00,0.2326,0.9165,2.2133,0.2391,0.8291,2.3358,-0.4166,0.9140,2.2224
121.50,0.2319,0.9166,2.2471,0.2386,0.8296,2.3707,-0.4170,0.9145,2.2573
122.00,0.2316,0.9166,2.2801,0.2385,0.8298,2.4047,-0.4171,0.9147,2.2913
122.50,0.2316,0.9166,2.3127,0.2385,0.8297,2.4383,-0.4171,0.9147,2.3249
123.00,0.2317,0.9163,2.3462,0.2387,0.8296,2.4722,-0.4169,0.9144,2.3588
123.50,0.2319,0.9163,2.3804,0.2390,0.8294,2.5070,-0.4167,0.9143,2.3936
124.00,0.2323,0.9164,2.4135,0.2394,0.8291,2.5416,-0.4163,0.9139,2.4282
124.50,0.2323,0.9163,2.4460,0.2396,0.8289,2.5748,-0.4161,0.9137,2.4614
125.00,0.2324,0.9158,2.4793,0.2399,0.8288,2.6085,-0.4158,0.9135,2.4951
125.50,0.2324,0.9149,2.5136,0.2409,0.8282,2.6428,-0.4149,0.9128,2.5294
126.00,0.2325,0.9136,2.5487,0.2426,0.8273,2.6786,-0.4133,0.9118,2.5652
126.50,0.2325,0.9118,2.5848,0.2441,0.8266,2.7151,-0.4120,0.9109,2.6017
127.00,0.2326,0.9095,2.6218,0.2454,0.8260,2.7523,-0.4106,0.9102,2.6389
127.50,0.2326,0.9067,2.6598,0.2477,0.8251,2.7906,-0.4085,0.9091,2.6772
128.00,0.2327,0.9035,2.6989,0.2506,0.8242,2.8305,-0.4058,0.9078,2.7171
128.50,0.2327,0.8998,2.7390,0.2550,0.8228,2.8711,-0.4015,0.9059,2.7577
129.00,0.2328,0.8956,2.7803,0.2587,0.8219,2.9129,-0.3979,0.9046,2.7994
129.50,0.2328,0.8910,2.8227,0.2638,0.8208,2.9557,-0.3930,0.9029,2.8423
130.00,0.2328,0.8858,2.8664,0.2673,0.8202,3.0002,-0.3896,0.9019,2.8868
130.50,0.2329,0.8802,2.9115,0.2729,0.8196,3.0460,-0.3841,0.9007,2.9326
131.00,0.2329,0.8740,2.9580,0.2781,0.8192,3.0930,-0.3790,0.8997,2.9796
131.50,0.2329,0.8674,3.0060,0.2844,0.8190,3.1413,-0.3728,0.8988,3.0278
132.00,0.2292,0.8602,3.0668,0.2862,0.8190,-3.0837,-0.3943,0.8713,3.0669
132.50,0.1757,0.8481,-3.1165,0.2360,0.8130,-2.9808,-0.4447,0.8720,-3.1134
133.00,0.0627,0.8294,-2.9991,0.1293,0.7892,-2.8602,-0.5383,0.8446,-2.9963
133.50,-0.0651,0.8010,-2.9063,0.0062,0.7485,-2.7692,-0.7195,0.8107,-2.9088
134.00,-0.1898,0.7635,-2.8284,-0.1107,0.6953,-2.6824,-0.8489,0.7643,-2.8220
134.50,-0.3145,0.7279,-2.9113,-0.2294,0.6399,-2.7603,-0.9482,0.7304,-2.9027
135.00,-0.4420,0.7011,-2.9502,-0.3594,0.5931,-2.8079,-1.0791,0.7018,-2.9475
135.50,-0.5691,0.6725,-2.9243,-0.4889,0.5451,-2.7775,-1.2123,0.6701,-2.9171
136.00,-0.6928,0.6502,-2.9783,-0.6140,0.5015,-2.8339,-1.3521,0.6492,-2.9735
136.50,-0.7680,0.6378,-2.9783,-0.6925,0.4765,-2.8331,-1.4164,0.6353,-2.9762
137.00,-0.7839,0.6352,-2.9783,-0.7105,0.4708,-2.8323,-1.4381,0.6329,-2.9702
137.50,-0.7839,0.6352,-2.9783,-0.7105,0.4707,-2.8316,-1.4381,0.6329,-2.9694
138.00,-0.7839,0.6352,-2.9783,-0.7105,0.4707,-2.8311,-1.4381,0.6329,-2.9689
138.50,-0.7839,0.6352,-2.9783,-0.7105,0.4707,-2.8305,-1.4381,0.6328,-2.9683
139.00,-0.7839,0.6352,-2.9783,-0.7105,0.4707,-2.8298,-1.4381,0.6328,-2.9676
139.50,-0.7839,0.6352,-2.9783,-0.7105,0.4707,-2.8285,-1.4381,0.6328,-2.9663
140.00,-0.7839,0.6352,-2.9783,-0.7105,0.4707,-2.8283,-1.4381,0.6328,-2.9662
140.50,-0.7839,0.6316,-2.9394,-0.7141,0.4695,-2.7919,-1.4419,0.6321,-2.9298
141.00,-0.7840,0.6256,-2.8935,-0.7192,0.4675,-2.7451,-1.4471,0.6308,-2.8830
141.50,-0.7840,0.6202,-2.8490,-0.7248,0.4650,-2.6998,-1.4327,0.6278,-2.8447
142.00,-0.7840,0.6152,-2.8058,-0.7300,0.4624,-2.6552,-1.4382,0.6260,-2.8001
142.50,-0.7841,0.6107,-2.7638,-0.7349,0.4597,-2.6128,-1.4435,0.6241,-2.7576
143.00,-0.7841,0.6067,-2.7230,-0.7371,0.4584,-2.5721,-1.4459,0.6230,-2.7170
143.50,-0.7842,0.6032,-2.6833,-0.7408,0.4559,-2.5318,-1.4499,0.6211,-2.6766
144.00,-0.7842,0.6002,-2.6447,-0.7424,0.4548,-2.4926,-1.4516,0.6202,-2.6374
144.50,-0.7843,0.5976,-2.6070,-0.7447,0.4530,-2.4544,-1.4541,0.6188,-2.5992
145.00,-0.7843,0.5956,-2.5704,-0.7462,0.4517,-2.4169,-1.4559,0.6177,-2.5618
145.50,-0.7844,0.5939,-2.5347,-0.7475,0.4505,-2.3808,-1.4572,0.6168,-2.5256
146.00,-0.7844,0.5927,-2.4999,-0.7484,0.4496,-2.3452,-1.4583,0.6160,-2.4901
146.50,-0.7845,0.5920,-2.4661,-0.7490,0.4490,-2.3102,-1.4589,0.6155,-2.4551
147.00,-0.7845,0.5917,-2.4330,-0.7495,0.4484,-2.2767,-1.4595,0.6150,-2.4215
147.50,-0.7845,0.5917,-2.4005,-0.7494,0.4485,-2.2436,-1.4594,0.6151,-2.3884
148.00,-0.7842,0.5918,-2.3670,-0.7493,0.4487,-2.2093,-1.4593,0.6152,-2.3541
148.50,-0.7842,0.5920,-2.3328,-0.7491,0.4490,-2.1746,-1.4591,0.6154,-2.3195
149.00,-0.7843,0.5924,-2.2997,-0.7489,0.4493,-2.1410,-1.4588,0.6158,-2.2858
149.50,-0.7842,0.5925,-2.2672,-0.7487,0.4496,-2.1078,-1.4586,0.6160,-2.2527
150.00,-0.7838,0.5925,-2.2338,-0.7485,0.4499,-2.0743,-1.4584,0.6163,-2.2191
150.50,-0.7829,0.5926,-2.1996,-0.7483,0.4504,-2.0394,-1.4581,0.6167,-2.1842
151.00,-0.7815,0.5926,-2.1645,-0.7479,0.4512,-2.0038,-1.4575,0.6175,-2.1486
151.50,-0.7797,0.5927,-2.1285,-0.7472,0.4528,-1.9670,-1.4566,0.6190,-2.1119
152.00,-0.7775,0.5927,-2.0915,-0.7463,0.4550,-1.9292,-1.4554,0.6210,-2.0740
152.50,-0.7747,0.5928,-2.0535,-0.7455,0.4572,-1.8905,-1.4544,0.6230,-2.0353
153.00,-0.7715,0.5928,-2.0144,-0.7445,0.4606,-1.8503,-1.4528,0.6263,-1.9951
153.50,-0.7678,0.5929,-1.9743,-0.7436,0.4638,-1.8093,-1.4515,0.6293,-1.9541
154.00,-0.7637,0.5929,-1.9331,-0.7426,0.4684,-1.7676,-1.4498,0.6337,-1.9125
154.50,-0.7590,0.5929,-1.8907,-0.7419,0.4721,-1.7249,-1.4486,0.6373,-1.8698
155.00,-0.7539,0.5930,-1.8470,-0.7412,0.4771,-1.6811,-1.4472,0.6422,-1.8259
155.50,-0.7482,0.5930,-1.8020,-0.7407,0.4830,-1.6356,-1.4459,0.6479,-1.7804
156.00,-0.7421,0.5930,-1.7555,-0.7405,0.4886,-1.5888,-1.4448,0.6534,-1.7336
156.50,-0.7355,0.5930,-1.7075,-0.7405,0.4951,-1.5401,-1.4439,0.6598,-1.6850
157.00,-0.7284,0.5931,-1.6578,-0.7409,0.5024,-1.4899,-1.4433,0.6672,-1.6347
157.50,-0.7209,0.5931,-1.6062,-0.7417,0.5102,-1.4375,-1.4180,0.6253,-1.5964
158.00,-0.7129,0.5931,-1.5529,-0.7424,0.5144,-1.3834,-1.4026,0.5990,-1.5510
158.50,-0.7052,0.5931,-1.5006,-0.7404,0.5053,-1.3306,-1.4022,0.5897,-1.4981
159.00,-0.6979,0.5930,-1.4503,-0.7386,0.4985,-1.2796,-1.4015,0.5827,-1.4471
159.50,-0.6912,0.5930,-1.4018,-0.7366,0.4926,-1.2299,-1.4005,0.5766,-1.3974
160.00,-0.6849,0.5930,-1.3548,-0.7345,0.4870,-1.1823,-1.3994,0.5707,-1.3498
160.50,-0.6796,0.5930,-1.3108,-0.7321,0.4816,-1.1392,-1.3979,0.5650,-1.3067
161.00,-0.6742,0.5929,-1.2666,-0.7296,0.4764,-1.0946,-1.3963,0.5594,-1.2621
161.50,-0.6694,0.5929,-1.2237,-0.7275,0.4726,-1.0509,-1.3949,0.5553,-1.2184
162.00,-0.6650,0.5929,-1.1821,-0.7249,0.4681,-1.0084,-1.3930,0.5505,-1.1760
162.50,-0.6612,0.5928,-1.1415,-0.7229,0.4651,-0.9672,-1.3916,0.5472,-1.1347
163.00,-0.6578,0.5928,-1.1021,-0.7206,0.4618,-0.9275,-1.3098,0.5836,-1.0950
163.50,-0.6549,0.5927,-1.0638,-0.7189,0.4597,-0.8887,-1.3086,0.5813,-1.0562
164.00,-0.6525,0.5927,-1.0264,-0.7174,0.4579,-0.8512,-1.3073,0.5792,-1.0187
164.50,-0.6505,0.5926,-0.9900,-0.7160,0.4564,-0.8140,-1.3062,0.5774,-0.9815
165.00,-0.6490,0.5926,-0.9546,-0.7149,0.4553,-0.7776,-1.3054,0.5762,-0.9451
165.50,-0.6479,0.5925,-0.9200,-0.7142,0.4546,-0.7421,-1.3048,0.5754,-0.9097
166.00,-0.6473,0.5925,-0.8864,-0.7137,0.4542,-0.7074,-1.3043,0.5749,-0.8749
166.50,-0.6471,0.5924,-0.8536,-0.7136,0.4541,-0.6736,-1.3042,0.5747,-0.8411
167.00,-0.6472,0.5926,-0.8209,-0.7135,0.4540,-0.6405,-1.3041,0.5747,-0.8080
167.50,-0.6472,0.5928,-0.7871,-0.7138,0.4542,-0.6053,-1.3044,0.5749,-0.7728
168.00,-0.6475,0.5927,-0.7531,-0.7138,0.4542,-0.5702,-1.3045,0.5750,-0.7377
168.50,-0.6478,0.5926,-0.7203,-0.7139,0.4543,-0.5367,-1.3045,0.5750,-0.7042
169.00,-0.6479,0.5928,-0.6876,-0.7139,0.4543,-0.5034,-1.3045,0.5750,-0.6709
169.50,-0.6479,0.5934,-0.6540,-0.7144,0.4545,-0.4690,-1.3050,0.5754,-0.6366
170.00,-0.6480,0.5944,-0.6196,-0.7150,0.4548,-0.4339,-1.3055,0.5757,-0.6014
170.50,-0.6480,0.5959,-0.5842,-0.7164,0.4554,-0.3976,-1.3068,0.5766,-0.5652
171.00,-0.6481,0.5978,-0.5479,-0.7179,0.4560,-0.3604,-1.3081,0.5774,-0.5280
171.50,-0.6481,0.6002,-0.5107,-0.7204,0.4569,-0.3225,-1.3105,0.5787,-0.4900
172.00,-0.6482,0.6030,-0.4724,-0.7237,0.4580,-0.2833,-1.3136,0.5803,-0.4508
172.50,-0.6482,0.6064,-0.4331,-0.7276,0.4590,-0.2441,-1.3173,0.5820,-0.4116
173.00,-0.6483,0.6102,-0.3927,-0.7305,0.4597,-0.2033,-1.3200,0.5831,-0.3708
173.50,-0.6483,0.6145,-0.3511,-0.7342,0.4604,-0.1613,-1.3235,0.5844,-0.3289
174.00,-0.6484,0.6193,-0.3084,-0.7388,0.4610,-0.1184,-1.3280,0.5858,-0.2859
174.50,-0.6393,0.6237,-0.2396,-0.7343,0.4607,-0.0532,-1.3235,0.5847,-0.2207
175.00,-0.5744,0.6345,-0.0631,-0.6753,0.4634,0.1268,-1.2649,0.5776,-0.0408
175.50,-0.4529,0.6375,-0.0275,-0.5533,0.4838,0.1734,-1.0958,0.6257,-0.0168
176.00,-0.3234,0.6281,-0.1690,-0.4225,0.4996,0.0375,-0.9744,0.6265,-0.1527
176.50,-0.1990,0.6071,-0.2217,-0.2949,0.4990,-0.0240,-0.8007,0.6001,-0.2201
177.00,-0.0834,0.5865,-0.0969,-0.1796,0.5010,0.0920,-0.7434,0.5826,-0.1034
177.50,0.0461,0.5751,0.1212,-0.0507,0.5288,0.3174,-0.6163,0.5854,0.1238
178.00,0.1727,0.5884,0.1549,0.0742,0.5746,0.3616,-0.4766,0.5926,0.1662
178.50,0.2972,0.6019,0.0022,0.2023,0.6154,0.2176,-0.3344,0.6000,0.0198
179.00,0.4267,0.6039,-0.1248,0.3343,0.6332,0.0791,-0.2182,0.5962,-0.1215
179.50,0.5556,0.5893,-0.1075,0.4675,0.6432,0.0914,-0.0995,0.5891,-0.1058
180.00,0.6852,0.5809,-0.0657,0.6002,0.6590,0.1394,0.0334,0.5833,-0.0578
180.50,0.8149,0.5717,-0.0563,0.7273,0.6765,0.1462,0.1523,0.5788,-0.0552
181.00,0.9448,0.5674,-0.0393,0.8557,0.6976,0.1690,0.2721,0.5741,-0.0328
181.50,1.0746,0.5602,-0.0453,0.9833,0.7185,0.1628,0.4019,0.5685,-0.0408
182.00,1.2044,0.5498,-0.0878,1.1131,0.7383,0.1262,0.5214,0.5617,-0.0809
182.50,1.3334,0.5304,-0.1529,1.2458,0.7504,0.0578,0.6500,0.5469,-0.1492
183.00,1.4622,0.5142,-0.0754,1.3800,0.7610,0.1296,0.7976,0.5235,-0.0758
183.50,1.5921,0.5074,-0.0142,1.5208,0.7864,0.2022,0.9107,0.5191,-0.0053
184.00,1.7219,0.5004,-0.1353,1.6545,0.8084,0.0905,1.0209,0.5133,-0.1201
184.50,1.8484,0.4842,-0.3111,1.7882,0.8080,-0.0896,1.1481,0.4887,-0.3030
185.00,1.9709,0.4455,-0.3427,1.9137,0.7927,-0.1298,1.2668,0.4595,-0.3438
185.50,2.0938,0.4036,-0.3342,2.0370,0.7782,-0.1182,1.3880,0.4191,-0.3312
186.00,2.2165,0.3656,-0.2397,2.1676,0.7668,-0.0284,1.5032,0.3804,-0.2424
186.50,2.3441,0.3374,-0.1693,2.3059,0.7700,0.0523,1.6421,0.3547,-0.1640
187.00,2.4713,0.3103,-0.2656,2.4382,0.7728,-0.0385,1.7796,0.3291,-0.2560
187.50,2.5949,0.2742,-0.3608,2.5726,0.7607,-0.1387,1.9020,0.2883,-0.3584
188.00,2.7165,0.2298,-0.3338,2.6993,0.7425,-0.1195,2.0278,0.2428,-0.3371
188.50,2.8417,0.1926,-0.2084,2.8263,0.7355,0.0071,2.1527,0.2124,-0.2105
189.00,2.9692,0.1647,-0.2097,2.9678,0.7391,0.0162,2.2892,0.1814,-0.1978
189.50,3.0951,0.1314,-0.2931,3.0959,0.7360,-0.0678,2.3913,0.1512,-0.2866
190.00,3.2190,0.0922,-0.2977,3.2305,0.7245,-0.0775,2.5325,0.1108,-0.2950
190.50,3.3433,0.0533,-0.3156,3.3611,0.7150,-0.0867,2.6580,0.0733,-0.3042
191.00,3.4665,0.0113,-0.3130,3.4967,0.7014,-0.0902,2.7876,0.0309,-0.3113
191.50,3.5904,-0.0278,-0.3101,3.6246,0.6908,-0.0843,2.8963,-0.0071,-0.3062
192.00,3.7146,-0.0650,-0.2724,3.7566,0.6809,-0.0486,3.0267,-0.0460,-0.2696
192.50,3.8400,-0.0993,-0.2826,3.8904,0.6756,-0.0500,3.1624,-0.0802,-0.2732
193.00,3.9643,-0.1377,-0.2842,4.0202,0.6673,-0.0554,3.2709,-0.1167,-0.2834
193.50,4.0893,-0.1734,-0.2948,4.1494,0.6614,-0.0564,3.4155,-0.1517,-0.2831
194.00,4.2126,-0.2161,-0.3319,4.2775,0.6500,-0.1008,3.5379,-0.1913,-0.3323
194.50,4.3359,-0.2563,-0.3236,4.4067,0.6383,-0.0876,3.6547,-0.2324,-0.3170
195.00,4.4587,-0.2994,-0.3236,4.5393,0.6248,-0.0938,3.7770,-0.2755,-0.3253
195.50,4.5823,-0.3389,-0.3141,4.6718,0.6142,-0.0787,3.8997,-0.3163,-0.3067
196.00,4.7053,-0.3831,-0.3421,4.8069,0.6014,-0.1048,4.0423,-0.3589,-0.3363
196.50,4.8270,-0.4313,-0.3761,4.9431,0.5845,-0.1399,4.1448,-0.4067,-0.3714
197.00,4.9475,-0.4810,-0.3870,5.0700,0.5655,-0.1540,4.2701,-0.4543,-0.3855
197.50,5.0681,-0.5286,-0.3755,5.1986,0.5459,-0.1438,4.3832,-0.5029,-0.3718
198.00,5.1883,-0.5804,-0.4165,5.3334,0.5244,-0.1825,4.5072,-0.5544,-0.4105
198.50,5.3065,-0.6371,-0.4446,5.4628,0.4986,-0.2118,4.6299,-0.6086,-0.4433
199.00,5.4218,-0.6996,-0.5271,5.6015,0.4641,-0.2899,4.7545,-0.6742,-0.5180
199.50,5.5311,-0.7712,-0.6228,5.7250,0.4211,-0.3842,4.8589,-0.7438,-0.6179
200.00,5.6333,-0.8516,-0.7130,5.8463,0.3658,-0.4758,4.9603,-0.8257,-0.7108
200.50,5.7278,-0.9416,-0.8174,5.9592,0.3007,-0.5798,5.0613,-0.9114,-0.8135
201.00,5.8110,-1.0363,-0.8718,6.0651,0.2265,-0.6372,5.1411,-1.0018,-0.8722
201.50,5.8591,-1.0954,-0.9050,6.1332,0.1743,-0.6697,5.1952,-1.0784,-0.9047
202.00,5.8687,-1.1081,-0.9390,6.1466,0.1635,-0.7029,5.2052,-1.0823,-0.9344
202.50,5.8673,-1.1081,-0.9740,6.1461,0.1640,-0.7380,5.2048,-1.0818,-0.9695
203.00,5.8656,-1.1080,-1.0100,6.1452,0.1649,-0.7732,5.2042,-1.0807,-1.0047
203.50,5.8634,-1.1080,-1.0469,6.1436,0.1665,-0.8095,5.2030,-1.0787,-1.0410
204.00,5.8607,-1.1079,-1.0848,6.1418,0.1685,-0.8466,5.2017,-1.0764,-1.0781
204.50,5.8575,-1.1079,-1.1237,6.1400,0.1706,-0.8848,5.2005,-1.0739,-1.1164
205.00,5.8539,-1.1078,-1.1637,6.1375,0.1739,-0.9242,5.1987,-1.0702,-1.1557
205.50,5.8497,-1.1078,-1.2049,6.1352,0.1771,-0.9647,5.1972,-1.0665,-1.1962
206.00,5.8451,-1.1078,-1.2472,6.1330,0.1804,-1.0060,5.1959,-1.0628,-1.2375
206.50,5.8400,-1.1077,-1.2908,6.1311,0.1835,-1.0489,5.1948,-1.0594,-1.2804
207.00,5.8344,-1.1077,-1.3357,6.1290,0.1874,-1.0928,5.1936,-1.0550,-1.3243
207.50,5.8283,-1.1077,-1.3820,6.1269,0.1916,-1.1387,5.1925,-1.0505,-1.3702
208.00,5.8218,-1.1077,-1.4299,6.1244,0.1975,-1.1857,5.1914,-1.0442,-1.4172
208.50,5.8147,-1.1076,-1.4794,6.1220,0.2037,-1.2353,5.1905,-1.0376,-1.4668
209.00,5.8072,-1.1076,-1.5308,6.1198,0.2105,-1.2862,5.1899,-1.0305,-1.5177
209.50,5.7993,-1.1076,-1.5841,6.1181,0.2167,-1.3392,5.1897,-1.0241,-1.5707
210.00,5.7889,-1.1252,-1.6889,6.1220,0.1957,-1.4374,5.1886,-1.0454,-1.6689
210.50,5.7681,-1.2018,-1.8451,6.1251,0.1168,-1.6008,5.1736,-1.1228,-1.8323
211.00,5.7344,-1.3223,-1.9139,6.1154,-0.0122,-1.6743,5.0751,-1.2963,-1.9163
211.50,5.6877,-1.4439,-1.9656,6.0985,-0.1506,-1.7207,5.0255,-1.4166,-1.9592
212.00,5.6323,-1.5599,-2.1315,6.0689,-0.2827,-1.8817,4.9759,-1.5281,-2.1237
212.50,5.5591,-1.6638,-2.2864,6.0181,-0.4037,-2.0402,4.8875,-1.6334,-2.2822
213.00,5.4680,-1.7573,-2.4080,5.9528,-0.5164,-2.1595,4.8072,-1.7272,-2.4015
213.50,5.3669,-1.8395,-2.5142,5.8737,-0.6224,-2.2681,4.7050,-1.8073,-2.5101
214.00,5.2596,-1.9127,-2.5626,5.7843,-0.7231,-2.3193,4.5941,-1.8875,-2.5613
214.50,5.1506,-1.9832,-2.5747,5.6943,-0.8192,-2.3286,4.4936,-1.9493,-2.5706
215.00,5.0389,-2.0484,-2.6224,5.5990,-0.9140,-2.3808,4.3684,-2.0185,-2.6228
215.50,4.9354,-2.1112,-2.5866,5.5096,-1.0016,-2.3451,4.2642,-2.0818,-2.5835
216.00,4.8817,-2.1474,-2.5505,5.4626,-1.0510,-2.3085,4.2195,-2.1190,-2.5505
216.50,4.8747,-2.1535,-2.5153,5.4564,-1.0579,-2.2725,4.2156,-2.1242,-2.5145
217.00,4.8746,-2.1544,-2.4811,5.4557,-1.0587,-2.2381,4.2148,-2.1248,-2.4800
217.50,4.8745,-2.1549,-2.4477,5.4552,-1.0594,-2.2040,4.2141,-2.1254,-2.4459
218.00,4.8745,-2.1550,-2.4151,5.4552,-1.0593,-2.1704,4.2141,-2.1253,-2.4124
218.50,4.8748,-2.1549,-2.3821,5.4555,-1.0588,-2.1375,4.2146,-2.1249,-2.3794
219.00,4.8748,-2.1548,-2.3480,5.4556,-1.0586,-2.1030,4.2147,-2.1248,-2.3450
219.50,4.8748,-2.1544,-2.3143,5.4558,-1.0583,-2.0685,4.2150,-2.1245,-2.3105
220.00,4.8747,-2.1542,-2.2817,5.4558,-1.0583,-2.0346,4.2150,-2.1245,-2.2766
220.50,4.8750,-2.1542,-2.2488,5.4559,-1.0580,-2.0009,4.2152,-2.1243,-2.2429
221.00,4.8757,-2.1541,-2.2150,5.4561,-1.0575,-1.9669,4.2155,-2.1238,-2.2089
221.50,4.8769,-2.1541,-2.1803,5.4563,-1.0570,-1.9315,4.2158,-2.1234,-2.1734
222.00,4.8785,-2.1540,-2.1447,5.4569,-1.0554,-1.8949,4.2168,-2.1219,-2.1368
222.50,4.8805,-2.1540,-2.1081,5.4575,-1.0536,-1.8574,4.2178,-2.1203,-2.0994
223.00,4.8830,-2.1539,-2.0706,5.4582,-1.0511,-1.8188,4.2190,-2.1181,-2.0608
223.50,4.8860,-2.1539,-2.0320,5.4589,-1.0482,-1.7800,4.2204,-2.1154,-2.0219
224.00,4.8895,-2.1538,-1.9924,5.4595,-1.0448,-1.7399,4.2218,-2.1123,-1.9819
224.50,4.8935,-2.1538,-1.9516,5.4601,-1.0411,-1.6989,4.2232,-2.1088,-1.9409
225.00,4.8979,-2.1538,-1.9098,5.4606,-1.0358,-1.6565,4.2251,-2.1038,-1.8985
225.50,4.9028,-2.1537,-1.8666,5.4610,-1.0302,-1.6128,4.2268,-2.0985,-1.8548
226.00,4.9082,-2.1537,-1.8222,5.4611,-1.0255,-1.5676,4.2280,-2.0939,-1.8096
226.50,4.9141,-2.1537,-1.7764,5.4610,-1.0194,-1.5214,4.2293,-2.0880,-1.7634
227.00,4.9205,-2.1536,-1.7291,5.4606,-1.0143,-1.4733,4.2302,-2.0829,-1.7153
227.50,4.9274,-2.1536,-1.6802,5.4598,-1.0082,-1.4244,4.2309,-2.0769,-1.6663
228.00,4.9348,-2.1536,-1.6295,5.4585,-1.0006,-1.3733,4.2315,-2.0692,-1.6153
228.50,4.9426,-2.1536,-1.5768,5.4569,-0.9933,-1.3204,4.2316,-2.0617,-1.5624
229.00,4.9505,-2.1536,-1.5237,5.4584,-0.9986,-1.2663,4.2745,-2.1271,-1.5222
229.50,4.9579,-2.1536,-1.4726,5.4609,-1.0059,-1.2143,4.2751,-2.1349,-1.4702
230.00,4.9649,-2.1536,-1.4233,5.4640,-1.0137,-1.1647,4.2761,-2.1432,-1.4207
230.50,4.9714,-2.1537,-1.3756,5.4675,-1.0214,-1.1162,4.2776,-2.1515,-1.3721
231.00,4.9767,-2.1631,-1.3559,5.4731,-1.0322,-1.0903,4.2802,-2.1633,-1.3463
231.50,4.9823,-2.2279,-1.4162,5.4994,-1.0874,-1.1491,4.3227,-2.1932,-1.4120
232.00,4.9853,-2.3486,-1.5089,5.5424,-1.2003,-1.2491,4.3286,-2.3134,-1.5120
232.50,4.9957,-2.4563,-1.4346,5.5782,-1.3031,-1.1821,4.3325,-2.4220,-1.4415
233.00,5.0144,-2.5475,-1.2307,5.6195,-1.3805,-0.9781,4.3590,-2.5073,-1.2410
233.50,5.0556,-2.6666,-1.1553,5.6991,-1.4858,-0.8932,4.4023,-2.6397,-1.1548
234.00,5.1044,-2.7862,-1.1934,5.7793,-1.5881,-0.9287,4.4533,-2.7493,-1.1916
234.50,5.1485,-2.9080,-1.2101,5.8563,-1.6957,-0.9503,4.4900,-2.8731,-1.2167
235.00,5.2005,-3.0277,-1.1358,5.9362,-1.7991,-0.8736,4.5399,-2.9939,-1.1400
235.50,5.2550,-3.1457,-1.1387,6.0209,-1.9002,-0.8766,4.5913,-3.1136,-1.1430
236.00,5.3115,-3.2594,-1.1063,6.1066,-1.9999,-0.8431,4.6516,-3.2323,-1.1095
236.50,5.3494,-3.3270,-1.0680,6.1658,-2.0641,-0.8043,4.6921,-3.2998,-1.0742
237.00,5.3597,-3.3412,-1.0306,6.1801,-2.0785,-0.7664,4.7015,-3.3178,-1.0329
237.50,5.3617,-3.3412,-0.9941,6.1821,-2.0804,-0.7290,4.7029,-3.3201,-0.9954
238.00,5.3633,-3.3413,-0.9585,6.1832,-2.0814,-0.6929,4.7043,-3.3110,-0.9628
238.50,5.3644,-3.3413,-0.9239,6.1844,-2.0824,-0.6581,4.7052,-3.3123,-0.9280
239.00,5.3651,-3.3414,-0.8901,6.1850,-2.0829,-0.6236,4.7056,-3.3129,-0.8935
239.50,5.3653,-3.3415,-0.8573,6.1853,-2.0831,-0.5900,4.7058,-3.3132,-0.8599
240.00,5.3653,-3.3414,-0.8246,6.1852,-2.0831,-0.5569,4.7058,-3.3131,-0.8268
240.50,5.3652,-3.3411,-0.7909,6.1850,-2.0829,-0.5225,4.7056,-3.3129,-0.7923
241.00,5.3649,-3.3412,-0.7569,6.1848,-2.0828,-0.4880,4.7054,-3.3128,-0.7579
241.50,5.3646,-3.3412,-0.7239,6.1844,-2.0826,-0.4546,4.7051,-3.3125,-0.7245
242.00,5.3645,-3.3411,-0.6913,6.1842,-2.0825,-0.4210,4.7049,-3.3123,-0.6909
242.50,5.3645,-3.3406,-0.6578,6.1839,-2.0824,-0.3871,4.7047,-3.3121,-0.6570
243.00,5.3644,-3.3396,-0.6235,6.1825,-2.0819,-0.3524,4.7035,-3.3113,-0.6223
243.50,5.3644,-3.3382,-0.5883,6.1816,-2.0816,-0.3163,4.7027,-3.3107,-0.5862
244.00,5.3643,-3.3363,-0.5521,6.1798,-2.0810,-0.2797,4.7011,-3.3097,-0.5496
244.50,5.3643,-3.3340,-0.5149,6.1769,-2.0802,-0.2420,4.6986,-3.3082,-0.5119
245.00,5.3642,-3.3312,-0.4768,6.1739,-2.0795,-0.2034,4.6958,-3.3067,-0.4733
245.50,5.3642,-3.3279,-0.4376,6.1701,-2.0788,-0.1643,4.6923,-3.3050,-0.4342
246.00,5.3641,-3.3242,-0.3973,6.1670,-2.0784,-0.1238,4.6895,-3.3038,-0.3937
246.50,5.3641,-3.3199,-0.3559,6.1634,-2.0780,-0.0810,4.6861,-3.3024,-0.3509
247.00,5.3641,-3.3152,-0.3133,6.1582,-2.0777,-0.0382,4.6812,-3.3008,-0.3081
247.50,5.3640,-3.3100,-0.2694,6.1531,-2.0776,0.0060,4.6763,-3.2993,-0.2639
248.00,5.3640,-3.3042,-0.2241,6.1472,-2.0778,0.0515,4.6705,-3.2979,-0.2184
248.50,5.3640,-3.2981,-0.1774,6.1407,-2.0783,0.0984,4.6642,-3.2966,-0.1715
249.00,5.3640,-3.2914,-0.1292,6.1348,-2.0790,0.1472,4.6583,-3.2958,-0.1227
249.50,5.3639,-3.2842,-0.0792,6.1292,-2.0800,0.1979,4.6929,-3.2631,-0.0825
250.00,5.3639,-3.2766,-0.0274,6.1224,-2.0816,0.2504,4.6860,-3.2627,-0.0300
250.50,5.3639,-3.2686,0.0261,6.1213,-2.0818,0.3041,4.6848,-3.2626,0.0237
251.00,5.3639,-3.2610,0.0780,6.1286,-2.0793,0.3567,4.6925,-3.2623,0.0764
251.50,5.3640,-3.2538,0.1280,6.1360,-2.0764,0.4072,4.7004,-3.2615,0.1269
252.00,5.3640,-3.2471,0.1763,6.1435,-2.0729,0.4557,4.7086,-3.2602,0.1754
252.50,5.3640,-3.2409,0.2230,6.1491,-2.0700,0.5028,4.7148,-3.2590,0.2224
253.00,5.3640,-3.2352,0.2683,6.1542,-2.0670,0.5487,4.7206,-3.2575,0.2683
253.50,5.3641,-3.2299,0.3122,6.1585,-2.0643,0.5936,4.7254,-3.2561,0.3133
254.00,5.3641,-3.2252,0.3549,6.1624,-2.0616,0.6369,4.7299,-3.2546,0.3566
254.50,5.3641,-3.2209,0.3963,6.1656,-2.0590,0.6791,4.7337,-3.2530,0.3987
255.00,5.3642,-3.2172,0.4366,6.1687,-2.0565,0.7199,4.7374,-3.2514,0.4395
255.50,5.3642,-3.2139,0.4759,6.1716,-2.0538,0.7594,4.7409,-3.2497,0.4790
256.00,5.3643,-3.2111,0.5140,6.1737,-2.0518,0.7982,4.7435,-3.2483,0.5178
256.50,5.3643,-3.2087,0.5512,6.1752,-2.0502,0.8357,4.7047,-3.1859,0.5484
257.00,5.3643,-3.2077,0.5687,6.1757,-2.0496,0.8558,4.7054,-3.1855,0.5685
257.50,5.3643,-3.2077,0.5687,6.1757,-2.0496,0.8564,4.7054,-3.1855,0.5690
258.00,5.3643,-3.2077,0.5687,6.1757,-2.0496,0.8574,4.7054,-3.1855,0.5700
258.50,5.3643,-3.2077,0.5687,6.1757,-2.0496,0.8576,4.7054,-3.1855,0.5703
259.00,5.3643,-3.2077,0.5730,6.1757,-2.0496,0.8607,4.7053,-3.1856,0.5733
259.50,5.3644,-3.2061,0.6087,6.1771,-2.0479,0.8974,4.7072,-3.1843,0.6101
260.00,5.3645,-3.2049,0.6434,6.1776,-2.0473,0.9324,4.7078,-3.1838,0.6451
260.50,5.3645,-3.2042,0.6772,6.1780,-2.0467,0.9671,4.7084,-3.1834,0.6797
261.00,5.3646,-3.2039,0.7102,6.1782,-2.0464,1.0001,4.7087,-3.1832,0.7128
261.50,5.3645,-3.2040,0.7428,6.1782,-2.0464,1.0329,4.7087,-3.1832,0.7455
262.00,5.3642,-3.2040,0.7764,6.1778,-2.0471,1.0665,4.7081,-3.1837,0.7791
262.50,5.3643,-3.2042,0.8105,6.1778,-2.0472,1.1009,4.7080,-3.1838,0.8135
263.00,5.3643,-3.2046,0.8435,6.1774,-2.0479,1.1349,4.7075,-3.1844,0.8476
263.50,5.3643,-3.2047,0.8761,6.1774,-2.0480,1.1680,4.7074,-3.1845,0.8806
264.00,5.3638,-3.2048,0.9095,6.1771,-2.0486,1.2016,4.7070,-3.1850,0.9143
264.50,5.3629,-3.2048,0.9437,6.1768,-2.0494,1.2362,4.7065,-3.1857,0.9489
265.00,5.3615,-3.2049,0.9789,6.1764,-2.0507,1.2721,4.7057,-3.1868,0.9848
265.50,5.3597,-3.2049,1.0150,6.1759,-2.0525,1.3084,4.7047,-3.1883,1.0211
266.00,5.3574,-3.2050,1.0520,6.1755,-2.0540,1.3460,4.7039,-3.1897,1.0586
266.50,5.3607,-3.1893,1.1313,6.1777,-2.0422,1.4199,4.7093,-3.1790,1.1326
267.00,5.3697,-3.1156,1.3099,6.1814,-1.9723,1.5991,4.7328,-3.1130,1.3117
267.50,5.3891,-2.9919,1.3716,6.1719,-1.8453,1.6688,4.7292,-2.9684,1.3744
268.00,5.4201,-2.8655,1.2683,6.1633,-1.7137,1.5738,4.7593,-2.8399,1.2782
268.50,5.4606,-2.7461,1.0753,6.1749,-1.5868,1.3780,4.8073,-2.7221,1.0802
269.00,5.5230,-2.6344,1.0141,6.2050,-1.4622,1.3096,4.8626,-2.6117,1.0118
269.50,5.5867,-2.5298,1.0925,6.2350,-1.3387,1.3814,4.9276,-2.5024,1.0836
270.00,5.6380,-2.4148,1.2962,6.2470,-1.2090,1.5846,4.9771,-2.3883,1.2903
270.50,5.6792,-2.2893,1.4562,6.2357,-1.0794,1.7425,5.0038,-2.2648,1.4482
271.00,5.7089,-2.1638,1.7297,6.1967,-0.9560,2.0182,5.0246,-2.1354,1.7252
271.50,5.6954,-2.0381,1.8534,6.1306,-0.8428,2.1524,5.0216,-2.0179,1.8581
272.00,5.6673,-1.9340,1.8064,6.0700,-0.7495,2.1146,5.0105,-1.9111,1.8168
272.50,5.6480,-1.8262,1.5750,6.0220,-0.6500,1.8898,4.9934,-1.8020,1.5885
273.00,5.6420,-1.6970,1.3921,5.9937,-0.5178,1.6953,4.9957,-1.6774,1.3940
273.50,5.6652,-1.5695,1.3623,5.9796,-0.3846,1.6647,5.0054,-1.5459,1.3669
274.00,5.6911,-1.4422,1.3904,5.9671,-0.2542,1.6893,5.0289,-1.4172,1.3880
274.50,5.7079,-1.3136,1.4720,5.9468,-0.1222,1.7662,5.0468,-1.2882,1.4649
275.00,5.7158,-1.1838,1.6390,5.9103,0.0068,1.9325,5.0396,-1.1558,1.6330
275.50,5.7147,-1.0554,1.8188,5.8517,0.1322,2.1079,5.0310,-1.0236,1.8101
276.00,5.6955,-0.9399,2.0643,5.7800,0.2253,2.3553,5.0149,-0.9228,2.0575
276.50,5.6415,-0.8480,2.2900,5.6952,0.2934,2.5829,4.9638,-0.8273,2.2851
277.00,5.5588,-0.7716,2.5037,5.5942,0.3428,2.7967,4.8957,-0.7503,2.4972
277.50,5.4515,-0.7025,2.7194,5.4655,0.3749,3.0108,4.7760,-0.6816,2.7113
278.00,5.3331,-0.6419,2.9778,5.3305,0.3756,-3.0152,4.6593,-0.6359,2.9684
278.50,5.2036,-0.6023,-3.0814,5.1935,0.3420,-2.7859,4.5313,-0.6014,-3.0859
279.00,5.0745,-0.6052,-2.9993,5.0699,0.2873,-2.6947,4.4080,-0.5882,-2.9960
279.50,4.9458,-0.6233,-3.0022,4.9520,0.2304,-2.6961,4.2849,-0.5975,-2.9999
280.00,4.8165,-0.6352,-3.1218,4.8335,0.1795,-2.8048,4.1503,-0.6107,-3.1079
280.50,4.6871,-0.6377,2.9816,4.7001,0.1477,-2.9907,4.0185,-0.6016,2.9872
281.00,4.5675,-0.6204,2.9862,4.5769,0.1310,-2.9955,3.8956,-0.5951,2.9828
281.50,4.4426,-0.6089,-3.1048,4.4512,0.1026,-2.8084,3.7723,-0.5891,-3.1104
282.00,4.3137,-0.6103,-2.9682,4.3313,0.0492,-2.6602,3.6487,-0.5987,-2.9615
282.50,4.1972,-0.6278,-3.0166,4.2270,-0.0048,-2.6989,3.5332,-0.6098,-3.0072
283.00,4.0723,-0.6367,3.1323,4.1099,-0.0496,-2.8391,3.4056,-0.6138,3.1358
283.50,3.9423,-0.6377,-3.1154,3.9841,-0.0892,-2.8079,3.2799,-0.6111,-3.1127
284.00,3.8124,-0.6424,-3.1233,3.8628,-0.1328,-2.8089,3.1536,-0.6232,-3.1137
284.50,3.6824,-0.6419,-3.1404,3.7278,-0.1771,-2.8286,3.0103,-0.6230,-3.1369
285.00,3.5524,-0.6415,3.1403,3.5936,-0.2204,-2.8304,2.8860,-0.6237,-3.1387
285.50,3.4224,-0.6408,3.1376,3.4668,-0.2610,-2.8323,2.7574,-0.6242,3.1408
286.00,3.2924,-0.6400,3.1363,3.3434,-0.3004,-2.8330,2.6405,-0.6243,-3.1413
286.50,3.1624,-0.6387,3.1337,3.2142,-0.3415,-2.8348,2.5056,-0.6244,3.1401
287.00,3.0324,-0.6375,3.1330,3.0854,-0.3823,-2.8347,2.3813,-0.6245,3.1373
287.50,2.9024,-0.6370,3.1356,2.9576,-0.4229,-2.8323,2.2637,-0.6238,3.1409
288.00,2.7724,-0.6365,3.1369,2.8366,-0.4616,-2.8308,2.1249,-0.6239,3.1407
288.50,2.6424,-0.6360,3.1374,2.7067,-0.5034,-2.8299,1.9811,-0.6239,3.1415
289.00,2.5124,-0.6356,3.1387,2.5782,-0.5449,-2.8278,1.8488,-0.6226,-3.1407
289.50,2.3824,-0.6362,-3.1402,2.4504,-0.5868,-2.8223,1.7030,-0.6227,-3.1364
290.00,2.2524,-0.6362,-3.1411,2.3225,-0.6292,-2.8221,1.5716,-0.6229,-3.1385
290.50,2.1224,-0.6365,-3.1400,2.1969,-0.6708,-2.8206,1.4511,-0.6230,-3.1370
291.00,1.9924,-0.6359,3.1369,2.0725,-0.7121,-2.8247,1.3300,-0.6262,-3.1412
291.50,1.8624,-0.6336,3.1305,1.9484,-0.7520,-2.8316,1.1917,-0.6254,3.1340
292.00,1.7324,-0.6326,3.1325,1.8219,-0.7927,-2.8292,1.0605,-0.6249,3.1357
292.50,1.6024,-0.6317,3.1338,1.6928,-0.8346,-2.8267,0.9363,-0.6250,3.1389
293.00,1.4724,-0.6303,3.1322,1.5682,-0.8750,-2.8282,0.8211,-0.6254,3.1351
293.50,1.3424,-0.6303,3.1403,1.4389,-0.9172,-2.8205,0.6900,-0.6215,-3.1404
294.00,1.2124,-0.6316,-3.1369,1.3112,-0.9604,-2.8129,0.5371,-0.6224,-3.1324
294.50,1.0824,-0.6314,-3.1407,1.1835,-1.0037,-2.8161,0.4305,-0.6227,-3.1348
295.00,0.9524,-0.6306,3.1379,1.0641,-1.0437,-2.8204,0.3306,-0.6242,-3.1404
295.50,0.8225,-0.6293,3.1345,0.9391,-1.0851,-2.8231,0.2068,-0.6257,3.1411
296.00,0.6925,-0.6267,3.1268,0.8122,-1.1263,-2.8309,0.0959,-0.6252,3.1320
296.50,0.5625,-0.6257,3.1308,0.6873,-1.1668,-2.8267,-0.0462,-0.6253,3.1331
297.00,0.4325,-0.6249,3.1355,0.5648,-1.2069,-2.8221,-0.1724,-0.6218,3.1415
297.50,0.3025,-0.6254,3.1402,0.4390,-1.2492,-2.8157,-0.3291,-0.6237,-3.1368
298.00,0.1725,-0.6247,3.1383,0.3177,-1.2900,-2.8170,-0.4535,-0.6232,-3.1381
298.50,0.0425,-0.6236,3.1347,0.1945,-1.3313,-2.8197,-0.5427,-0.6249,-3.1407
299.00,-0.0875,-0.6217,3.1333,0.0689,-1.3727,-2.8221,-0.6963,-0.6220,3.1382
299.50,-0.2175,-0.6224,3.1413,-0.0520,-1.4136,-2.8130,-0.8587,-0.6229,-3.1361
300.00,-0.3475,-0.6217,3.1382,-0.1830,-1.4581,-2.8153,-1.0071,-0.6238,-3.1384
300.50,-0.4775,-0.6204,3.1341,-0.3065,-1.4996,-2.8185,-1.1497,-0.6247,3.1416
301.00,-0.6075,-0.6185,3.1298,-0.4259,-1.5394,-2.8221,-1.2524,-0.6252,3.1371
301.50,-0.7375,-0.6170,3.1311,-0.5493,-1.5802,-2.8219,-1.3759,-0.6202,3.1347
302.00,-0.8675,-0.6190,-3.1343,-0.6716,-1.6223,-2.8023,-1.4856,-0.6208,-3.1289
302.50,-0.9975,-0.6193,-3.1376,-0.7944,-1.6656,-2.8047,-1.6374,-0.6222,-3.1313
303.00,-1.1275,-0.6187,3.1406,-0.9208,-1.7095,-2.8090,-1.7521,-0.6230,-3.1356
303.50,-1.2575,-0.6180,3.1377,-1.0430,-1.7515,-2.8113,-1.8779,-0.6234,-3.1379
304.00,-1.3875,-0.6170,3.1357,-1.1697,-1.7948,-2.8126,-2.0081,-0.6237,-3.1409
304.50,-1.5175,-0.6160,3.1344,-1.2949,-1.8376,-2.8125,-2.1292,-0.6245,3.1406
305.00,-1.6475,-0.6146,3.1322,-1.4140,-1.8782,-2.8139,-2.2685,-0.6246,3.1392
305.50,-1.7775,-0.6132,3.1317,-1.5366,-1.9199,-2.8136,-2.3998,-0.6189,3.1377
306.00,-1.9075,-0.6146,-3.1306,-1.6654,-1.9650,-2.7933,-2.5262,-0.6196,-3.1252
306.50,-2.0375,-0.6156,-3.1344,-1.7933,-2.0116,-2.7953,-2.6423,-0.6222,-3.1272
307.00,-2.1675,-0.6145,3.1397,-1.9219,-2.0572,-2.8047,-2.7888,-0.6234,-3.1366
307.50,-2.2975,-0.6130,3.1340,-2.0474,-2.1008,-2.8099,-2.9216,-0.6238,-3.1382
308.00,-2.4274,-0.6113,3.1307,-2.1700,-2.1428,-2.8132,-3.0512,-0.6239,-3.1415
308.50,-2.5574,-0.6098,3.1303,-2.2939,-2.1850,-2.8129,-3.1621,-0.6240,-3.1413
309.00,-2.6874,-0.6084,3.1306,-2.4179,-2.2273,-2.8127,-3.2631,-0.6240,-3.1410
309.50,-2.8174,-0.6070,3.1309,-2.5385,-2.2685,-2.8115,-3.3706,-0.6241,-3.1398
310.00,-2.9474,-0.6052,3.1289,-2.6614,-2.3106,-2.8128,-3.4905,-0.6243,-3.1411
310.50,-3.0774,-0.6037,3.1293,-2.7887,-2.3540,-2.8118,-3.5950,-0.6244,-3.1402
311.00,-3.2074,-0.6016,3.1273,-2.9134,-2.3966,-2.8135,-3.7068,-0.6245,3.1414
311.50,-3.3374,-0.5999,3.1278,-3.0399,-2.4398,-2.8114,-3.8304,-0.6245,-3.1398
312.00,-3.4674,-0.5976,3.1255,-3.1697,-2.4840,-2.8135,-3.9375,-0.6246,3.1413
312.50,-3.5973,-0.5958,3.1270,-3.2909,-2.5254,-2.8119,-4.0356,-0.6246,-3.1402
313.00,-3.7273,-0.5935,3.1255,-3.4169,-2.5684,-2.8129,-4.1488,-0.6247,-3.1413
313.50,-3.8573,-0.5918,3.1274,-3.5375,-2.6096,-2.8110,-4.2462,-0.6249,-3.1394
314.00,-3.9873,-0.5895,3.1254,-3.6605,-2.6517,-2.8128,-4.3462,-0.6250,-3.1411
314.50,-4.1173,-0.5880,3.1283,-3.7866,-2.6948,-2.8102,-4.4395,-0.6252,-3.1385
315.00,-4.2473,-0.5856,3.1252,-3.9175,-2.7398,-2.8123,-4.5679,-0.6255,-3.1407
315.50,-4.3773,-0.5844,3.1297,-4.0395,-2.7817,-2.8077,-4.6668,-0.6259,-3.1360
316.00,-4.5072,-0.5816,3.1233,-4.1623,-2.8241,-2.8121,-4.8068,-0.6264,-3.1405
316.50,-4.6372,-0.5808,3.1314,-4.2872,-2.8672,-2.8038,-4.9289,-0.6269,-3.1321
317.00,-4.7672,-0.5788,3.1242,-4.4131,-2.9115,-2.8090,-5.0724,-0.6283,-3.1374
317.50,-4.8972,-0.5784,3.1348,-4.5377,-2.9549,-2.7993,-5.1942,-0.6290,-3.1277
318.00,-5.0272,-0.5839,-3.0797,-4.6577,-3.0006,-2.7350,-5.3226,-0.6338,-3.0669
318.50,-5.1566,-0.5975,-3.0407,-4.7791,-3.0570,-2.6914,-5.4657,-0.6476,-3.0232
319.00,-5.2860,-0.6099,-3.0520,-4.9054,-3.1179,-2.7017,-5.5950,-0.6637,-3.0313
319.50,-5.4153,-0.6252,-3.0027,-5.0227,-3.1752,-2.6559,-5.7246,-0.6802,-2.9878
320.00,-5.5428,-0.6497,-2.8834,-5.1380,-3.2438,-2.5379,-5.8497,-0.7074,-2.8697
320.50,-5.6654,-0.6831,-2.7211,-5.2420,-3.3279,-2.3779,-5.9716,-0.7535,-2.7132
321.00,-5.7677,-0.7288,-2.5610,-5.3175,-3.4133,-2.2124,-6.0711,-0.7989,-2.5442
321.50,-5.8150,-0.7634,-2.5122,-5.3548,-3.4665,-2.1597,-6.1134,-0.8275,-2.4950
322.00,-5.8195,-0.7675,-2.4780,-5.3586,-3.4724,-2.1245,-6.1190,-0.8318,-2.4599
322.50,-5.8196,-0.7680,-2.4447,-5.3591,-3.4730,-2.0907,-6.1196,-0.8322,-2.4260
323.00,-5.8196,-0.7680,-2.4122,-5.3591,-3.4730,-2.0575,-6.1196,-0.8322,-2.3929
323.50,-5.8193,-0.7680,-2.3791,-5.3589,-3.4726,-2.0243,-6.1193,-0.8319,-2.3596
324.00,-5.8193,-0.7679,-2.3449,-5.3589,-3.4724,-1.9896,-6.1192,-0.8317,-2.3249
324.50,-5.8193,-0.7675,-2.3114,-5.3586,-3.4718,-1.9558,-6.1187,-0.8312,-2.2911
325.00,-5.8194,-0.7673,-2.2788,-5.3586,-3.4717,-1.9229,-6.1187,-0.8312,-2.2582
325.50,-5.8191,-0.7673,-2.2458,-5.3584,-3.4712,-1.8893,-6.1184,-0.8308,-2.2246
326.00,-5.8183,-0.7672,-2.2119,-5.3582,-3.4705,-1.8548,-6.1179,-0.8302,-2.1901
326.50,-5.8171,-0.7672,-2.1772,-5.3578,-3.4689,-1.8196,-6.1170,-0.8288,-2.1549
327.00,-5.8155,-0.7671,-2.1414,-5.3576,-3.4683,-1.7836,-6.1167,-0.8283,-2.1190
327.50,-5.8134,-0.7671,-2.1048,-5.3570,-3.4650,-1.7466,-6.1150,-0.8254,-2.0819
328.00,-5.8108,-0.7670,-2.0672,-5.3566,-3.4628,-1.7078,-6.1139,-0.8234,-2.0431
328.50,-5.8078,-0.7670,-2.0285,-5.3562,-3.4589,-1.6686,-6.1122,-0.8198,-2.0039
329.00,-5.8043,-0.7669,-1.9888,-5.3559,-3.4553,-1.6284,-6.1107,-0.8165,-1.9637
329.50,-5.8003,-0.7669,-1.9480,-5.3558,-3.4520,-1.5869,-6.1095,-0.8134,-1.9222
330.00,-5.7958,-0.7668,-1.9060,-5.3558,-3.4479,-1.5444,-6.1082,-0.8096,-1.8797
330.50,-5.7918,-0.7728,-1.8467,-5.3557,-3.4486,-1.4874,-6.1083,-0.8103,-1.8228
331.00,-5.7833,-0.8310,-1.6692,-5.3457,-3.5050,-1.3108,-6.1174,-0.8668,-1.6461
331.50,-5.7799,-0.9489,-1.6044,-5.3095,-3.6172,-1.2342,-6.0893,-1.0048,-1.5800
332.00,-5.7886,-1.0786,-1.6765,-5.2682,-3.7460,-1.3023,-6.0940,-1.1500,-1.6516
332.50,-5.8034,-1.2077,-1.6717,-5.2372,-3.8664,-1.3077,-6.1062,-1.2737,-1.6605
333.00,-5.8119,-1.3104,-1.4737,-5.2007,-3.9729,-1.1176,-6.0988,-1.3862,-1.4704
333.50,-5.8073,-1.4216,-1.2386,-5.1369,-4.0689,-0.8787,-6.0922,-1.4882,-1.2280
334.00,-5.7704,-1.5407,-1.0873,-5.0472,-4.1612,-0.7254,-6.0497,-1.6057,-1.0747
334.50,-5.7104,-1.6515,-0.9482,-4.9502,-4.2360,-0.5833,-6.0045,-1.7194,-0.9291
335.00,-5.6308,-1.7528,-0.8435,-4.8364,-4.3021,-0.4752,-5.9299,-1.8202,-0.8244
335.50,-5.5540,-1.8340,-0.7988,-4.7307,-4.3523,-0.4236,-5.8477,-1.9036,-0.7764
336.00,-5.5186,-1.8714,-0.8312,-4.6812,-4.3750,-0.4542,-5.8092,-1.9422,-0.8070
336.50,-5.5165,-1.8737,-0.8637,-4.6780,-4.3766,-0.4859,-5.8068,-1.9448,-0.8387
337.00,-5.5168,-1.8737,-0.8967,-4.6782,-4.3765,-0.5183,-5.8069,-1.9446,-0.8710
337.50,-5.5176,-1.8736,-0.9307,-4.6791,-4.3760,-0.5512,-5.8076,-1.9438,-0.9040
338.00,-5.5188,-1.8736,-0.9655,-4.6805,-4.3751,-0.5853,-5.8085,-1.9425,-0.9381
338.50,-5.5204,-1.8735,-1.0012,-4.6817,-4.3743,-0.6199,-5.8094,-1.9413,-0.9727
339.00,-5.5226,-1.8735,-1.0379,-4.6837,-4.3728,-0.6562,-5.8108,-1.9392,-1.0090
339.50,-5.5251,-1.8734,-1.0755,-4.6856,-4.3712,-0.6929,-5.8120,-1.9371,-1.0457
340.00,-5.5282,-1.8734,-1.1142,-4.6872,-4.3699,-0.7306,-5.8130,-1.9353,-1.0834
340.50,-5.5317,-1.8733,-1.1540,-4.6900,-4.3673,-0.7692,-5.8147,-1.9319,-1.1220
341.00,-5.5357,-1.8733,-1.1948,-4.6918,-4.3654,-0.8097,-5.8158,-1.9295,-1.1625
341.50,-5.5402,-1.8733,-1.2369,-4.6949,-4.3621,-0.8509,-5.8175,-1.9253,-1.2036
342.00,-5.5452,-1.8732,-1.2801,-4.6974,-4.3591,-0.8926,-5.8188,-1.9217,-1.2454
342.50,-5.5507,-1.8732,-1.3247,-4.7008,-4.3546,-0.9366,-5.8205,-1.9163,-1.2894
343.00,-5.5566,-1.8732,-1.3707,-4.7049,-4.3487,-0.9815,-5.8224,-1.9093,-1.3343
343.50,-5.5631,-1.8731,-1.4182,-4.7083,-4.3435,-1.0281,-5.8237,-1.9032,-1.3808
344.00,-5.5700,-1.8731,-1.4673,-4.7117,-4.3375,-1.0761,-5.8248,-1.8964,-1.4288
344.50,-5.5774,-1.8731,-1.5182,-4.7150,-4.3310,-1.1266,-5.8257,-1.8891,-1.4794
345.00,-5.5853,-1.8731,-1.5712,-4.7181,-4.3240,-1.1789,-5.8262,-1.8816,-1.5317
345.50,-5.5931,-1.8731,-1.6240,-4.7159,-4.3298,-1.2316,-5.8261,-1.8877,-1.5844
346.00,-5.6005,-1.8731,-1.6749,-4.7136,-4.3369,-1.2816,-5.8264,-1.8952,-1.6344
346.50,-5.6075,-1.8731,-1.7241,-4.7121,-4.3424,-1.3300,-5.8269,-1.9009,-1.6828
347.00,-5.6139,-1.8732,-1.7715,-4.7109,-4.3480,-1.3768,-5.8277,-1.9066,-1.7296
347.50,-5.6199,-1.8732,-1.8175,-4.7099,-4.3535,-1.4224,-5.8287,-1.9121,-1.7752
348.00,-5.6253,-1.8732,-1.8620,-4.7092,-4.3593,-1.4664,-5.8300,-1.9178,-1.8191
348.50,-5.6303,-1.8733,-1.9053,-4.7088,-4.3643,-1.5090,-5.8313,-1.9226,-1.8618
349.00,-5.6348,-1.8733,-1.9473,-4.7086,-4.3691,-1.5500,-5.8328,-1.9272,-1.9028
349.50,-5.6388,-1.8733,-1.9882,-4.7086,-4.3730,-1.5903,-5.8342,-1.9308,-1.9431
350.00,-5.6423,-1.8734,-2.0279,-4.7087,-4.3762,-1.6297,-5.8353,-1.9338,-1.9825
350.50,-5.6454,-1.8734,-2.0666,-4.7089,-4.3790,-1.6675,-5.8365,-1.9363,-2.0203
351.00,-5.6479,-1.8735,-2.1042,-4.7092,-4.3817,-1.7045,-5.8377,-1.9387,-2.0572
351.50,-5.6501,-1.8735,-2.1409,-4.7095,-4.3835,-1.7402,-5.8386,-1.9404,-2.0930
352.00,-5.6517,-1.8736,-2.1766,-4.7098,-4.3852,-1.7750,-5.8395,-1.9418,-2.1278
352.50,-5.6529,-1.8736,-2.2114,-4.7102,-4.3869,-1.8096,-5.8404,-1.9433,-2.1623
353.00,-5.6618,-1.8841,-2.2718,-4.7133,-4.3983,-1.8655,-5.8473,-1.9529,-2.2183
353.50,-5.7126,-1.9357,-2.4205,-4.7397,-4.4654,-2.0132,-5.9918,-1.9995,-2.3974
354.00,-5.8094,-2.0133,-2.4827,-4.7978,-4.5754,-2.0809,-6.0970,-2.0897,-2.4651
354.50,-5.9106,-2.0950,-2.4263,-4.8628,-4.6958,-2.0285,-6.2020,-2.1673,-2.4127
355.00,-6.0048,-2.1840,-2.3488,-4.9163,-4.8166,-1.9506,-6.2870,-2.2591,-2.3313
355.50,-6.0950,-2.2775,-2.3328,-4.9652,-4.9442,-1.9294,-6.3898,-2.3595,-2.3101
356.00,-6.1787,-2.3639,-2.3549,-5.0112,-5.0642,-1.9494,-6.4671,-2.4438,-2.3336
356.50,-6.2245,-2.4085,-2.3888,-5.0372,-5.1270,-1.9829,-6.5146,-2.4862,-2.3657
357.00,-6.2309,-2.4143,-2.4217,-5.0420,-5.1378,-2.0149,-6.5230,-2.4908,-2.3991
357.50,-6.2308,-2.4141,-2.4544,-5.0420,-5.1377,-2.0470,-6.5229,-2.4907,-2.4312
358.00,-6.2308,-2.4136,-2.4879,-5.0417,-5.1373,-2.0795,-6.5225,-2.4904,-2.4637
358.50,-6.2307,-2.4125,-2.5224,-5.0410,-5.1361,-2.1129,-6.5213,-2.4896,-2.4970
359.00,-6.2307,-2.4111,-2.5578,-5.0404,-5.1352,-2.1478,-6.5204,-2.4889,-2.5320
359.50,-6.2306,-2.4091,-2.5941,-5.0394,-5.1338,-2.1841,-6.5190,-2.4880,-2.5683
360.00,-6.2306,-2.4067,-2.6313,-5.0382,-5.1320,-2.2210,-6.5172,-2.4868,-2.6052
360.50,-6.2305,-2.4039,-2.6696,-5.0360,-5.1293,-2.2585,-6.5141,-2.4851,-2.6427
361.00,-6.2305,-2.4005,-2.7089,-5.0345,-5.1276,-2.2973,-6.5122,-2.4841,-2.6815
361.50,-6.2304,-2.3967,-2.7494,-5.0318,-5.1246,-2.3373,-6.5085,-2.4824,-2.7215
362.00,-6.2304,-2.3924,-2.7909,-5.0282,-5.1210,-2.3783,-6.5039,-2.4804,-2.7625
362.50,-6.2304,-2.3876,-2.8337,-5.0244,-5.1176,-2.4205,-6.4991,-2.4786,-2.8047
363.00,-6.2303,-2.3823,-2.8777,-5.0213,-5.1150,-2.4634,-6.4952,-2.4774,-2.8476
363.50,-6.2303,-2.3766,-2.9231,-5.0167,-5.1114,-2.5078,-6.4896,-2.4758,-2.8920
364.00,-6.2303,-2.3703,-2.9700,-5.0114,-5.1077,-2.5543,-6.4833,-2.4743,-2.9385
364.50,-6.2303,-2.3636,-3.0185,-5.0055,-5.1039,-2.6022,-6.4764,-2.4731,-2.9864
365.00,-6.2303,-2.3563,-3.0687,-4.9982,-5.0998,-2.6516,-6.4681,-2.4720,-3.0358
365.50,-6.2302,-2.3487,-3.1208,-4.9918,-5.0966,-2.7035,-6.4610,-2.4714,-3.0877
366.00,-6.2302,-2.3407,3.1090,-4.9930,-5.0970,-2.7562,-6.4622,-2.4714,-3.1404
366.50,-6.2303,-2.3331,3.0573,-5.0004,-5.0998,-2.8074,-6.4701,-2.4712,3.0916
367.00,-6.2303,-2.3260,3.0075,-5.0056,-5.1015,-2.8568,-6.4756,-2.4708,3.0422
367.50,-6.2303,-2.3194,2.9594,-5.0134,-5.1036,-2.9049,-6.4836,-2.4698,2.9941
368.00,-6.2303,-2.3132,2.9129,-5.0189,-5.1048,-2.9508,-6.4892,-2.4688,2.9482
368.50,-6.2303,-2.3076,2.8678,-5.0251,-5.1058,-2.9956,-6.4953,-2.4675,2.9034
369.00,-6.2304,-2.3024,2.8240,-5.0306,-5.1065,-3.0382,-6.5006,-2.4660,2.8608
369.50,-6.2304,-2.2977,2.7815,-5.0352,-5.1069,-3.0798,-6.5050,-2.4647,2.8192
370.00,-6.2305,-2.2935,2.7402,-5.0392,-5.1071,-3.1204,-6.5088,-2.4634,2.7786
370.50,-6.2305,-2.2898,2.7001,-5.0436,-5.1071,3.1223,-6.5129,-2.4617,2.7381
371.00,-6.2305,-2.2866,2.6610,-5.0459,-5.1070,3.0841,-6.5150,-2.4608,2.6999
371.50,-6.2306,-2.2838,2.6229,-5.0488,-5.1068,3.0467,-6.5176,-2.4595,2.6625
372.00,-6.2306,-2.2815,2.5859,-5.0510,-5.1065,3.0106,-6.5195,-2.4584,2.6264
372.50,-6.2307,-2.2797,2.5498,-5.0530,-5.1062,2.9752,-6.5213,-2.4574,2.5911
373.00,-6.2307,-2.2783,2.5146,-5.0542,-5.1060,2.9409,-6.5224,-2.4567,2.5567
373.50,-6.2308,-2.2774,2.4804,-5.0554,-5.1058,2.9073,-6.5233,-2.4561,2.5231
374.00,-6.2309,-2.2769,2.4470,-5.0553,-5.1058,2.8748,-6.5233,-2.4561,2.4906
374.50,-6.2309,-2.2768,2.4144,-5.0555,-5.1057,2.8434,-6.5234,-2.4560,2.4592
375.00,-6.2313,-2.2769,2.3814,-5.0562,-5.1055,2.8112,-6.5240,-2.4555,2.4270
375.50,-6.2315,-2.2769,2.3472,-5.0563,-5.1054,2.7781,-6.5241,-2.4554,2.3939
376.00,-6.2316,-2.2767,2.3136,-5.0567,-5.1053,2.7455,-6.5244,-2.4551,2.3613
376.50,-6.2316,-2.2766,2.2860,-5.0568,-5.1053,2.7179,-6.5244,-2.4551,2.3337
377.00,-6.2314,-2.2766,2.2531,-5.0564,-5.1055,2.6860,-6.5241,-2.4554,2.3018
377.50,-6.2308,-2.2767,2.2194,-5.0561,-5.1056,2.6531,-6.5239,-2.4556,2.2689
378.00,-6.2297,-2.2767,2.1849,-5.0554,-5.1060,2.6195,-6.5234,-2.4562,2.2353
378.50,-6.2281,-2.2768,2.1494,-5.0540,-5.1068,2.5849,-6.5224,-2.4576,2.2007
379.00,-6.2261,-2.2769,2.1129,-5.0525,-5.1078,2.5495,-6.5214,-2.4590,2.1653
379.50,-6.2237,-2.2769,2.0755,-5.0502,-5.1094,2.5129,-6.5199,-2.4614,2.1287
380.00,-6.2207,-2.2769,2.0371,-5.0482,-5.1109,2.4752,-6.5186,-2.4635,2.0910
380.50,-6.2173,-2.2770,1.9976,-5.0453,-5.1133,2.4369,-6.5168,-2.4668,2.0527
381.00,-6.2134,-2.2770,1.9570,-5.0427,-5.1156,2.3974,-6.5153,-2.4699,2.0132
381.50,-6.2091,-2.2771,1.9153,-5.0394,-5.1188,2.3569,-6.5134,-2.4741,1.9727
382.00,-6.2042,-2.2771,1.8723,-5.0344,-5.1240,2.3151,-6.5107,-2.4809,1.9309
382.50,-6.1988,-2.2771,1.8281,-5.0308,-5.1280,2.2723,-6.5089,-2.4859,1.8881
383.00,-6.1930,-2.2772,1.7825,-5.0287,-5.1306,2.2275,-6.5079,-2.4891,1.8433
383.50,-6.1867,-2.2772,1.7354,-5.0245,-5.1363,2.1807,-6.5062,-2.4959,1.7965
384.00,-6.1771,-2.2492,1.6012,-5.0399,-5.1110,2.0563,-6.5109,-2.4667,1.6721
384.50,-6.1571,-2.1583,1.4449,-5.0735,-5.0267,1.8888,-6.5105,-2.3760,1.5047
385.00,-6.1405,-2.0421,1.4794,-5.1112,-4.9107,1.9153,-6.4437,-2.1144,1.4892
385.50,-6.1327,-1.9384,1.7069,-5.1591,-4.8093,2.1369,-6.4353,-2.0124,1.7143
386.00,-6.1427,-1.8135,1.8821,-5.2404,-4.7073,2.3235,-6.4578,-1.8961,1.9009
386.50,-6.1730,-1.7155,1.8855,-5.3158,-4.6297,2.3358,-6.4751,-1.7945,1.9097
387.00,-6.1972,-1.6281,1.7191,-5.3761,-4.5594,2.1801,-6.4914,-1.7157,1.7505
387.50,-6.2124,-1.5098,1.4398,-5.4273,-4.4554,1.8965,-6.5046,-1.5898,1.4669
388.00,-6.2016,-1.3864,1.3440,-5.4611,-4.3281,1.7911,-6.4924,-1.4702,1.3580
388.50,-6.1828,-1.2992,1.4244,-5.4834,-4.2363,1.8633,-6.4838,-1.3775,1.4338
389.00,-6.1727,-1.2043,1.6975,-5.5218,-4.1486,2.1316,-6.4823,-1.2817,1.7021
389.50,-6.1802,-1.0797,1.9166,-5.6002,-4.0526,2.3607,-6.5137,-1.1620,1.9311
390.00,-6.2217,-0.9596,2.0030,-5.6966,-3.9659,2.4491,-6.5363,-1.0329,2.0161
390.50,-6.2760,-0.8448,2.1204,-5.7978,-3.8908,2.5660,-6.5908,-0.9275,2.1335
391.00,-6.3449,-0.7371,2.2052,-5.9087,-3.8259,2.6544,-6.6595,-0.8221,2.2219
391.50,-6.4245,-0.6346,2.2619,-6.0310,-3.7657,2.7142,-6.7409,-0.7112,2.2799
392.00,-6.5088,-0.5356,2.2754,-6.1539,-3.7119,2.7339,-6.8161,-0.6155,2.2979
392.50,-6.5895,-0.4338,2.2069,-6.2739,-3.6558,2.6654,-6.9026,-0.5139,2.2259
393.00,-6.6650,-0.3284,2.1908,-6.3963,-3.5908,2.6485,-6.9868,-0.4075,2.2108
393.50,-6.7419,-0.2231,2.2148,-6.5167,-3.5271,2.6707,-7.0566,-0.3033,2.2312
394.00,-6.8231,-0.1210,2.2526,-6.6353,-3.4703,2.7115,-7.1410,-0.2060,2.2720
394.50,-6.9058,-0.0206,2.2631,-6.7584,-3.4150,2.7239,-7.2357,-0.1085,2.2810
395.00,-6.9877,0.0802,2.2530,-6.8763,-3.3614,2.7129,-7.2992,-0.0142,2.2717
395.50,-7.0714,0.1799,2.2802,-6.9997,-3.3073,2.7417,-7.3945,0.0873,2.2987
396.00,-7.1565,0.2781,2.2806,-7.1198,-3.2573,2.7455,-7.4856,0.1837,2.3008
396.50,-7.2393,0.3780,2.2436,-7.2432,-3.2035,2.7099,-7.5838,0.2854,2.2653
397.00,-7.3191,0.4805,2.2418,-7.3658,-3.1453,2.7029,-7.6459,0.3905,2.2561
397.50,-7.4045,0.5780,2.3570,-7.4883,-3.0944,2.8149,-7.7478,0.4796,2.3702
398.00,-7.5000,0.6657,2.4272,-7.6140,-3.0583,2.8932,-7.8559,0.5662,2.4485
398.50,-7.5977,0.7517,2.3954,-7.7405,-3.0255,2.8677,-7.9561,0.6500,2.4195
399.00,-7.6808,0.8382,2.2473,-7.8607,-2.9840,2.7266,-8.0365,0.7394,2.2785
399.50,-7.7447,0.9260,2.0113,-7.9520,-2.9315,2.4935,-8.1064,0.8261,2.0419
400.00,-7.7995,1.0321,1.7384,-8.0352,-2.8482,2.2239,-8.1511,0.9373,1.7722
400.50,-7.8381,1.1606,1.4952,-8.1030,-2.7297,1.9732,-8.1741,1.0635,1.5215
401.00,-7.8353,1.2895,1.3939,-8.1476,-2.6065,1.8676,-8.1965,1.1838,1.4160
401.50,-7.8195,1.4138,1.2227,-8.1761,-2.4853,1.7043,-8.1831,1.3052,1.2527
402.00,-7.7805,1.5295,1.0246,-8.1796,-2.3591,1.5028,-8.1413,1.4205,1.0512
402.50,-7.7112,1.6367,0.9319,-8.1622,-2.2218,1.4046,-8.0756,1.5362,0.9530
403.00,-7.6346,1.7414,0.9471,-8.1421,-2.0977,1.4197,-8.0233,1.6391,0.9680
403.50,-7.5602,1.8477,0.9888,-8.1232,-1.9678,1.4588,-7.9499,1.7480,1.0037
404.00,-7.4911,1.9575,1.0086,-8.1113,-1.8384,1.4839,-7.8823,1.8589,1.0287
404.50,-7.4218,2.0673,1.0188,-8.0991,-1.7031,1.4924,-7.8119,1.9752,1.0373
405.00,-7.3533,2.1781,1.0096,-8.0886,-1.5663,1.4856,-7.7424,2.0872,1.0318
405.50,-7.2923,2.2725,1.0113,-8.0776,-1.4500,1.4829,-7.6914,2.1831,1.0277
406.00,-7.2644,2.3163,1.0480,-8.0734,-1.3930,1.5211,-7.6626,2.2324,1.0659
406.50,-7.2633,2.3190,1.0859,-8.0731,-1.3876,1.5596,-7.6600,2.2372,1.1045
407.00,-7.2665,2.3190,1.1248,-8.0731,-1.3899,1.5995,-7.6610,2.2351,1.1444
407.50,-7.2701,2.3189,1.1649,-8.0729,-1.3938,1.6407,-7.6625,2.2315,1.1856
408.00,-7.2743,2.3189,1.2061,-8.0724,-1.3984,1.6829,-7.6641,2.2271,1.2277
408.50,-7.2789,2.3189,1.2484,-8.0716,-1.4040,1.7263,-7.6659,2.2218,1.2711
409.00,-7.2840,2.3188,1.2920,-8.0706,-1.4100,1.7706,-7.6676,2.2160,1.3155
409.50,-7.2896,2.3188,1.3370,-8.0693,-1.4157,1.8165,-7.6689,2.2102,1.3613
410.00,-7.2957,2.3188,1.3833,-8.0678,-1.4209,1.8638,-7.6699,2.2049,1.4087
410.50,-7.3023,2.3187,1.4313,-8.0662,-1.4261,1.9120,-7.6707,2.1995,1.4569
411.00,-7.3094,2.3187,1.4809,-8.0637,-1.4325,1.9621,-7.6713,2.1927,1.5069
411.50,-7.3169,2.3187,1.5323,-8.0603,-1.4402,2.0146,-7.6716,2.1843,1.5594
412.00,-7.3249,2.3187,1.5856,-8.0582,-1.4445,2.0690,-7.6716,2.1795,1.6138
412.50,-7.3326,2.3187,1.6380,-8.0632,-1.4359,2.1225,-7.6723,2.1895,1.6674
413.00,-7.3399,2.3187,1.6884,-8.0676,-1.4291,2.1733,-7.6733,2.1975,1.7181
413.50,-7.3467,2.3188,1.7370,-8.0713,-1.4240,2.2229,-7.6744,2.2037,1.7678
414.00,-7.3530,2.3188,1.7841,-8.0754,-1.4188,2.2707,-7.6758,2.2101,1.8155
414.50,-7.3588,2.3188,1.8296,-8.0792,-1.4145,2.3164,-7.6773,2.2157,1.8613
415.00,-7.3641,2.3188,1.8738,-8.0837,-1.4100,2.3617,-7.6793,2.2217,1.9065
415.50,-7.3690,2.3189,1.9167,-8.0869,-1.4069,2.4060,-7.6808,2.2259,1.9508
416.00,-7.3733,2.3189,1.9584,-8.0903,-1.4039,2.4487,-7.6826,2.2301,1.9935
416.50,-7.3772,2.3190,1.9990,-8.0932,-1.4016,2.4898,-7.6842,2.2334,2.0347
417.00,-7.3806,2.3190,2.0384,-8.0962,-1.3995,2.5299,-7.6859,2.2366,2.0748
417.50,-7.3835,2.3190,2.0768,-8.0985,-1.3979,2.5691,-7.6873,2.2390,2.1140
418.00,-7.3860,2.3191,2.1142,-8.1011,-1.3963,2.6070,-7.6890,2.2417,2.1519
418.50,-7.3880,2.3191,2.1506,-8.1027,-1.3954,2.6446,-7.6900,2.2432,2.1894
419.00,-7.3895,2.3192,2.1861,-8.1043,-1.3945,2.6809,-7.6911,2.2447,2.2258
419.50,-7.3906,2.3193,2.2206,-8.1054,-1.3940,2.7165,-7.6918,2.2456,2.2613
420.00,-7.3924,2.3208,2.2582,-8.1073,-1.3932,2.7530,-7.7864,2.2346,2.2769
420.50,-7.4237,2.3565,2.3109,-8.1526,-1.3764,2.8076,-7.8189,2.2702,2.3315
421.00,-7.4999,2.4335,2.4079,-8.2559,-1.3452,2.9003,-7.8968,2.3351,2.4207
421.50,-7.6031,2.5159,2.5778,-8.3946,-1.3231,3.0712,-8.0096,2.4187,2.5916
422.00,-7.7160,2.5849,2.6507,-8.5324,-1.3206,-3.1306,-8.1207,2.4843,2.6730
422.50,-7.8294,2.6497,2.5840,-8.6637,-1.3197,3.0942,-8.2307,2.5456,2.6098
423.00,-7.9361,2.7233,2.5020,-8.7924,-1.3069,3.0078,-8.3350,2.6166,2.5212
423.50,-8.0413,2.7994,2.5455,-8.9229,-1.2906,3.0479,-8.4427,2.6921,2.5613
424.00,-8.1502,2.8698,2.5672,-9.0534,-1.2810,3.0744,-8.5536,2.7615,2.5879
424.50,-8.2586,2.9428,2.5435,-9.1851,-1.2707,3.0512,-8.6653,2.8319,2.5612
425.00,-8.3655,3.0170,2.5362,-9.3215,-1.2574,3.0432,-8.7796,2.9076,2.5496
425.50,-8.4725,3.0909,2.5365,-9.4511,-1.2448,3.0453,-8.8776,2.9703,2.5553
426.00,-8.5788,3.1658,2.5406,-9.5761,-1.2316,3.0439,-8.9818,3.0506,2.5504
426.50,-8.6894,3.2342,2.6411,-9.7076,-1.2248,-3.1384,-9.1044,3.1189,2.6525
427.00,-8.8043,3.2951,2.6588,-9.8362,-1.2275,-3.1148,-9.2090,3.1773,2.6749
427.50,-8.9189,3.3578,2.6239,-9.9673,-1.2298,3.1349,-9.3255,3.2373,2.6378
428.00,-9.0298,3.4283,2.5552,-10.0985,-1.2253,3.0688,-9.4490,3.3035,2.5718
428.50,-9.1362,3.5050,2.5057,-10.2384,-1.2112,3.0182,-9.5652,3.3826,2.5212
429.00,-9.2402,3.5833,2.4970,-10.3647,-1.1945,3.0086,-9.6585,3.4572,2.5081
429.50,-9.3437,3.6622,2.4858,-10.4970,-1.1762,2.9975,-9.7608,3.5373,2.5022
430.00,-9.4462,3.7425,2.4699,-10.6267,-1.1566,2.9834,-9.8656,3.6135,2.4864
430.50,-9.5473,3.8244,2.4566,-10.7570,-1.1348,2.9689,-9.9698,3.6947,2.4684
431.00,-9.6493,3.9046,2.4996,-10.8905,-1.1136,3.0095,-10.0667,3.7776,2.5089
431.50,-9.7565,3.9777,2.5756,-11.0300,-1.1009,3.0873,-10.1827,3.8560,2.5902
432.00,-9.8659,4.0482,2.5473,-11.1582,-1.0939,3.0639,-10.2921,3.9133,2.5634
432.50,-9.9729,4.1226,2.5320,-11.2829,-1.0828,3.0487,-10.3961,3.9830,2.5468
433.00,-10.0673,4.1940,2.4379,-11.4055,-1.0676,2.9611,-10.4964,4.0650,2.4570
433.50,-10.1304,4.2572,2.2375,-11.4991,-1.0417,2.7639,-10.5659,4.1229,2.2599
434.00,-10.1787,4.3277,1.9990,-11.5760,-1.0004,2.5286,-10.6130,4.1902,2.0268
434.50,-10.2179,4.4350,1.7361,-11.6572,-0.9246,2.2638,-10.6477,4.2920,1.7633
435.00,-10.2443,4.5645,1.5978,-11.7344,-0.8139,2.1169,-10.6686,4.4261,1.6129
435.50,-10.2504,4.6943,1.6490,-11.8048,-0.6994,2.1586,-10.6889,4.5603,1.6546
436.00,-10.2644,4.8232,1.7369,-11.8883,-0.5881,2.2525,-10.7082,4.6880,1.7555
436.50,-10.2877,4.9508,1.7945,-11.9761,-0.4852,2.3075,-10.7363,4.8103,1.8105
437.00,-10.3185,5.0755,1.8116,-12.0642,-0.3928,2.3333,-10.7696,4.9336,1.8363
437.50,-10.3446,5.1689,1.6533,-12.1311,-0.3154,2.1859,-10.7818,5.0334,1.6853
438.00,-10.3630,5.2572,1.3377,-12.1717,-0.2346,1.8729,-10.7956,5.1138,1.3681
438.50,-10.3480,5.3676,1.0797,-12.1905,-0.1237,1.6134,-10.7815,5.2198,1.1129
439.00,-10.2884,5.4683,0.8648,-12.1826,-0.0037,1.3974,-10.7371,5.3212,0.8969
439.50,-10.1962,5.5599,0.7000,-12.1478,0.1278,1.2304,-10.6533,5.4197,0.7299
440.00,-10.0918,5.6402,0.5746,-12.0935,0.2550,1.1040,-10.5447,5.5053,0.6000
440.50,-9.9882,5.7058,0.4936,-12.0302,0.3674,1.0183,-10.4450,5.5731,0.5142
441.00,-9.9314,5.7368,0.4555,-11.9939,0.4238,0.9803,-10.3858,5.6048,0.4798
441.50,-9.9238,5.7413,0.4162,-11.9876,0.4331,0.9413,-10.3858,5.6099,0.4408
442.00,-9.9238,5.7374,0.3753,-11.9899,0.4302,0.9010,-10.3893,5.6085,0.4004
442.50,-9.9239,5.7329,0.3333,-11.9922,0.4275,0.8593,-10.3925,5.6072,0.3588
443.00,-9.9239,5.7279,0.2900,-11.9964,0.4229,0.8174,-10.3984,5.6052,0.3169
443.50,-9.9240,5.7224,0.2454,-12.0001,0.4191,0.7739,-10.4036,5.6036,0.2734
444.00,-9.9240,5.7165,0.1994,-12.0047,0.4148,0.7293,-10.4096,5.6021,0.2288
444.50,-9.9240,5.7100,0.1519,-12.0091,0.4111,0.6826,-10.4153,5.6009,0.1821
445.00,-9.9240,5.7031,0.1027,-12.0145,0.4069,0.6342,-10.4221,5.5998,0.1337
445.50,-9.9240,5.6957,0.0518,-12.0214,0.4021,0.5841,-10.4304,5.5989,0.0836
446.00,-9.9240,5.6878,-0.0012,-12.0278,0.3981,0.5320,-10.4379,5.5985,0.0315
446.50,-9.9240,5.6799,-0.0540,-12.0235,0.4005,0.4798,-10.4330,5.5985,-0.0207
447.00,-9.9240,5.6725,-0.1049,-12.0168,0.4038,0.4304,-10.4255,5.5982,-0.0701
447.50,-9.9240,5.6656,-0.1540,-12.0101,0.4067,0.3820,-10.4183,5.5975,-0.1185
448.00,-9.9240,5.6600,-0.1954,-12.0047,0.4087,0.3397,-10.4126,5.5967,-0.1608
448.50,-9.9240,5.6554,-0.2301,-11.9994,0.4105,0.3057,-10.4070,5.5957,-0.1948
449.00,-9.9239,5.6512,-0.2640,-11.9944,0.4120,0.2722,-10.4020,5.5946,-0.2283
449.50,-9.9239,5.6472,-0.2972,-11.9901,0.4131,0.2399,-10.3976,5.5936,-0.2606
450.00,-9.9239,5.6434,-0.3296,-11.9869,0.4139,0.2079,-10.3944,5.5927,-0.2926
450.50,-9.9239,5.6400,-0.3613,-11.9832,0.4146,0.1770,-10.3908,5.5915,-0.3236
451.00,-9.9238,5.6368,-0.3924,-11.9800,0.4151,0.1462,-10.3878,5.5905,-0.3543
451.50,-9.9238,5.6339,-0.4228,-11.9760,0.4156,0.1166,-10.3841,5.5890,-0.3839
452.00,-9.9238,5.6312,-0.4526,-11.9731,0.4159,0.0873,-10.3814,5.5879,-0.4132
452.50,-9.9237,5.6289,-0.4818,-11.9703,0.4161,0.0584,-10.3788,5.5867,-0.4421
453.00,-9.9237,5.6268,-0.5104,-11.9688,0.4162,0.0305,-10.3774,5.5860,-0.4700
453.50,-9.9237,5.6249,-0.5384,-11.9670,0.4162,0.0029,-10.3759,5.5852,-0.4976
454.00,-9.9236,5.6234,-0.5659,-11.9645,0.4162,-0.0239,-10.3737,5.5840,-0.5245
454.50,-9.9236,5.6220,-0.5929,-11.9630,0.4162,-0.0499,-10.3724,5.5832,-0.5505
455.00,-9.9235,5.6210,-0.6193,-11.9620,0.4161,-0.0757,-10.3716,5.5827,-0.5762
455.50,-9.9235,5.6202,-0.6453,-11.9616,0.4161,-0.1007,-10.3712,5.5825,-0.6013
456.00,-9.9235,5.6196,-0.6707,-11.9608,0.4160,-0.1261,-10.3706,5.5820,-0.6267
456.50,-9.9234,5.6193,-0.6956,-11.9605,0.4159,-0.1505,-10.3703,5.5818,-0.6510
457.00,-9.9234,5.6192,-0.7201,-11.9603,0.4159,-0.1746,-10.3702,5.5817,-0.6751
457.50,-9.9232,5.6193,-0.7446,-11.9603,0.4159,-0.1990,-10.3702,5.5817,-0.6995
458.00,-9.9229,5.6193,-0.7697,-11.9602,0.4159,-0.2235,-10.3701,5.5816,-0.7240
458.50,-9.9228,5.6193,-0.7954,-11.9602,0.4159,-0.2483,-10.3700,5.5816,-0.7489
459.00,-9.9227,5.6191,-0.8207,-11.9599,0.4158,-0.2724,-10.3698,5.5814,-0.7729
459.50,-9.9227,5.6190,-0.8453,-11.9598,0.4158,-0.2961,-10.3697,5.5813,-0.7966
460.00,-9.9227,5.6190,-0.8713,-11.9599,0.4158,-0.3211,-10.3698,5.5814,-0.8216
460.50,-9.9231,5.6191,-0.9046,-11.9603,0.4159,-0.3532,-10.3701,5.5817,-0.8537
461.00,-9.9239,5.6191,-0.9345,-11.9612,0.4163,-0.3839,-10.3708,5.5825,-0.8844
461.50,-9.9232,5.6190,-0.8722,-11.9605,0.4160,-0.3276,-10.3703,5.5819,-0.8281
462.00,-9.9237,5.6193,-0.7455,-11.9615,0.4163,-0.2025,-10.3710,5.5826,-0.7031
462.50,-9.9240,5.6209,-0.6203,-11.9628,0.4165,-0.0771,-10.3721,5.5834,-0.5777
463.00,-9.9242,5.6288,-0.4829,-11.9727,0.4165,0.0601,-10.3807,5.5882,-0.4404
463.50,-9.9244,5.6421,-0.3412,-11.9863,0.4147,0.2052,-10.3935,5.5931,-0.2953
464.00,-9.9244,5.6485,-0.2860,-11.9926,0.4131,0.2679,-10.3998,5.5947,-0.2326
464.50,-9.9244,5.6455,-0.3156,-11.9901,0.4138,0.2402,-10.3973,5.5941,-0.2604
465.00,-9.9244,5.6419,-0.3477,-11.9872,0.4144,0.2090,-10.3945,5.5933,-0.2915
465.50,-9.9243,5.6386,-0.3790,-11.9837,0.4151,0.1791,-10.3910,5.5922,-0.3214
466.00,-9.9243,5.6356,-0.4097,-11.9808,0.4156,0.1490,-10.3883,5.5913,-0.3515
466.50,-9.9243,5.6328,-0.4398,-11.9783,0.4159,0.1198,-10.3859,5.5904,-0.3807
467.00,-9.9243,5.6303,-0.4692,-11.9758,0.4162,0.0907,-10.3836,5.5894,-0.4098
467.50,-9.9242,5.6281,-0.4981,-11.9738,0.4164,0.0629,-10.3817,5.5886,-0.4376
468.00,-9.9242,5.6262,-0.5264,-11.9713,0.4165,0.0357,-10.3795,5.5875,-0.4649
468.50,-9.9241,5.6245,-0.5541,-11.9694,0.4165,0.0089,-10.3778,5.5866,-0.4916
469.00,-9.9241,5.6231,-0.5813,-11.9682,0.4165,-0.0171,-10.3768,5.5860,-0.5176
469.50,-9.9241,5.6219,-0.6079,-11.9668,0.4165,-0.0432,-10.3755,5.5853,-0.5437
470.00,-9.9240,5.6210,-0.6341,-11.9660,0.4164,-0.0686,-10.3749,5.5849,-0.5691
470.50,-9.9240,5.6203,-0.6597,-11.9651,0.4164,-0.0933,-10.3741,5.5844,-0.5938
471.00,-9.9239,5.6199,-0.6849,-11.9644,0.4163,-0.1179,-10.3735,5.5840,-0.6184
471.50,-9.9239,5.6197,-0.7095,-11.9641,0.4163,-0.1420,-10.3733,5.5838,-0.6426
472.00,-9.9238,5.6197,-0.7339,-11.9640,0.4163,-0.1653,-10.3732,5.5838,-0.6658
472.50,-9.9235,5.6198,-0.7587,-11.9640,0.4163,-0.1889,-10.3732,5.5838,-0.6894
473.00,-9.9233,5.6198,-0.7842,-11.9640,0.4163,-0.2138,-10.3732,5.5838,-0.7144
473.50,-9.9232,5.6197,-0.8098,-11.9639,0.4162,-0.2380,-10.3732,5.5837,-0.7385
474.00,-9.9232,5.6195,-0.8347,-11.9640,0.4163,-0.2621,-10.3732,5.5838,-0.7626
474.50,-9.9232,5.6195,-0.8591,-11.9641,0.4163,-0.2854,-10.3733,5.5838,-0.7859
475.00,-9.9234,5.6195,-0.8903,-11.9642,0.4163,-0.3155,-10.3734,5.5839,-0.8160
475.50,-9.9241,5.6196,-0.9241,-11.9652,0.4167,-0.3486,-10.3741,5.5847,-0.8492
476.00,-9.9252,5.6196,-0.9587,-11.9660,0.4170,-0.3825,-10.3746,5.5853,-0.8830
476.50,-9.9268,5.6197,-0.9943,-11.9673,0.4175,-0.4173,-10.3755,5.5865,-0.9178
477.00,-9.9288,5.6197,-1.0308,-11.9690,0.4183,-0.4529,-10.3766,5.5880,-0.9534
477.50,-9.9313,5.6198,-1.0682,-11.9712,0.4195,-0.4899,-10.3780,5.5901,-0.9904
478.00,-9.9342,5.6198,-1.1067,-11.9730,0.4204,-0.5275,-10.3791,5.5918,-1.0281
478.50,-9.9377,5.6199,-1.1463,-11.9755,0.4220,-0.5664,-10.3806,5.5943,-1.0669
479.00,-9.9416,5.6199,-1.1869,-11.9788,0.4241,-0.6062,-10.3824,5.5977,-1.1067
479.50,-9.9460,5.6200,-1.2287,-11.9831,0.4272,-0.6474,-10.3847,5.6026,-1.1479
480.00,-9.9509,5.6200,-1.2717,-11.9879,0.4310,-0.6896,-10.3871,5.6082,-1.1901
480.50,-9.9563,5.6200,-1.3161,-11.9916,0.4342,-0.7329,-10.3888,5.6127,-1.2334
481.00,-9.9621,5.6201,-1.3618,-11.9955,0.4378,-0.7782,-10.3905,5.6178,-1.2787
481.50,-9.9685,5.6201,-1.4089,-11.9998,0.4423,-0.8245,-10.3921,5.6238,-1.3250
482.00,-9.9753,5.6201,-1.4578,-12.0038,0.4468,-0.8727,-10.3935,5.6297,-1.3732
482.50,-9.9826,5.6201,-1.5083,-12.0082,0.4523,-0.9223,-10.3947,5.6366,-1.4229
483.00,-9.9904,5.6201,-1.5608,-12.0135,0.4597,-0.9740,-10.3958,5.6456,-1.4746
483.50,-9.9983,5.6201,-1.6141,-12.0116,0.4567,-1.0268,-10.4541,5.4827,-1.5867
484.00,-10.0037,5.6201,-1.6529,-12.0088,0.4518,-1.0701,-10.4543,5.4771,-1.6300
484.50,-10.0091,5.6201,-1.6905,-12.0065,0.4475,-1.1074,-10.4546,5.4722,-1.6673
485.00,-10.0142,5.6201,-1.7271,-12.0041,0.4425,-1.1432,-10.4553,5.4667,-1.7031
485.50,-10.0191,5.6201,-1.7628,-12.0023,0.4383,-1.1776,-10.4559,5.4622,-1.7375
486.00,-10.0236,5.6200,-1.7976,-12.0003,0.4334,-1.2113,-10.4569,5.4569,-1.7712
486.50,-10.0279,5.6200,-1.8316,-11.9988,0.4292,-1.2449,-10.4579,5.4526,-1.8048
487.00,-10.0320,5.6200,-1.8648,-11.9977,0.4256,-1.2778,-10.4588,5.4490,-1.8377
487.50,-10.0357,5.6200,-1.8973,-11.9967,0.4219,-1.3098,-10.4599,5.4453,-1.8696
488.00,-10.0392,5.6199,-1.9291,-11.9958,0.4184,-1.3411,-10.4610,5.4418,-1.9010
488.50,-10.0424,5.6199,-1.9602,-11.9951,0.4153,-1.3715,-10.4914,5.4787,-1.9349
489.00,-10.0454,5.6199,-1.9907,-11.9945,0.4120,-1.4018,-10.4926,5.4755,-1.9652
489.50,-10.0482,5.6198,-2.0237,-11.9940,0.4092,-1.4326,-10.4938,5.4729,-1.9960
490.00,-10.0513,5.6198,-2.0625,-11.9936,0.4058,-1.4701,-10.4952,5.4699,-2.0334
490.50,-10.0592,5.6045,-2.1388,-11.9927,0.3911,-1.5409,-10.5023,5.4569,-2.1042
491.00,-10.1030,5.5421,-2.2878,-11.9967,0.3173,-1.6915,-10.5451,5.3967,-2.2549
491.50,-10.1889,5.4490,-2.3268,-12.0157,0.1949,-1.7363,-10.6364,5.3135,-2.3067
492.00,-10.2721,5.3556,-2.2424,-12.0325,0.0718,-1.6578,-10.7170,5.2189,-2.2281
492.50,-10.3285,5.2835,-2.0750,-12.0338,-0.0245,-1.4892,-10.7703,5.1386,-2.0574
493.00,-10.3448,5.2612,-2.0103,-12.0305,-0.0535,-1.4195,-10.7932,5.1225,-1.9864
493.50,-10.3426,5.2612,-1.9701,-12.0309,-0.0515,-1.3793,-10.7925,5.1244,-1.9461
494.00,-10.3384,5.2613,-1.9287,-12.0319,-0.0470,-1.3376,-10.7909,5.1287,-1.9044
494.50,-10.3337,5.2613,-1.8861,-12.0330,-0.0430,-1.2944,-10.7896,5.1327,-1.8612
495.00,-10.3285,5.2613,-1.8423,-12.0345,-0.0381,-1.2501,-10.7883,5.1377,-1.8169
495.50,-10.3228,5.2614,-1.7972,-12.0366,-0.0322,-1.2043,-10.7869,5.1437,-1.7711
496.00,-10.3168,5.2577,-1.7402,-12.0376,-0.0296,-1.1496,-10.7863,5.1465,-1.7164
496.50,-10.3040,5.2047,-1.5728,-12.0122,-0.0747,-0.9800,-10.7892,5.0948,-1.5469
497.00,-10.2906,5.0910,-1.5120,-11.9445,-0.1662,-0.9080,-10.7405,4.9513,-1.4818
497.50,-10.2875,4.9611,-1.5658,-11.8646,-0.2734,-0.9629,-10.7311,4.8279,-1.5472
498.00,-10.2833,4.8311,-1.5167,-11.7888,-0.3794,-0.9205,-10.7214,4.6978,-1.5047
498.50,-10.2701,4.7021,-1.3894,-11.7023,-0.4794,-0.7930,-10.7056,4.5668,-1.3736
499.00,-10.2468,4.5752,-1.3296,-11.5981,-0.5771,-0.7287,-10.6782,4.4339,-1.3121
499.50,-10.2129,4.4498,-1.2805,-11.5001,-0.6608,-0.6817,-10.6467,4.3202,-1.2669
500.00,-10.1699,4.3267,-1.1983,-11.3905,-0.7436,-0.5998,-10.6010,4.1907,-1.1850
500.50,-10.1177,4.2075,-1.1176,-11.2725,-0.8183,-0.5197,-10.5464,4.0687,-1.1055
501.00,-10.0563,4.0932,-1.0290,-11.1520,-0.8804,-0.4292,-10.4860,3.9647,-1.0144
501.50,-9.9874,3.9827,-1.0081,-11.0277,-0.9354,-0.4063,-10.4129,3.8449,-0.9915
502.00,-9.9158,3.8735,-0.9876,-10.9120,-0.9835,-0.3833,-10.3469,3.7453,-0.9719
502.50,-9.8476,3.7635,-1.0416,-10.7879,-1.0363,-0.4351,-10.2692,3.6309,-1.0238
503.00,-9.7830,3.6508,-1.0376,-10.6669,-1.0941,-0.4349,-10.2044,3.5173,-1.0253
503.50,-9.7120,3.5402,-0.9928,-10.5402,-1.1499,-0.3900,-10.1327,3.4110,-0.9797
504.00,-9.6377,3.4326,-0.9598,-10.4184,-1.1975,-0.3559,-10.0595,3.3076,-0.9463
504.50,-9.5637,3.3258,-0.9865,-10.2937,-1.2439,-0.3771,-9.9810,3.1930,-0.9654
505.00,-9.4945,3.2163,-1.0064,-10.1739,-1.2939,-0.4014,-9.9083,3.0926,-0.9953
505.50,-9.4244,3.1065,-0.9968,-10.0508,-1.3459,-0.3929,-9.8425,2.9830,-0.9843
506.00,-9.3497,2.9987,-0.9536,-9.9309,-1.3930,-0.3496,-9.7750,2.8782,-0.9418
506.50,-9.2722,2.8938,-0.9343,-9.8051,-1.4366,-0.3265,-9.6851,2.7717,-0.9169
507.00,-9.1954,2.7890,-0.9362,-9.6809,-1.4792,-0.3302,-9.6077,2.6675,-0.9232
507.50,-9.1185,2.6843,-0.9408,-9.5586,-1.5210,-0.3333,-9.5299,2.5685,-0.9246
508.00,-9.0417,2.5793,-0.9371,-9.4353,-1.5637,-0.3297,-9.4512,2.4644,-0.9210
508.50,-8.9647,2.4746,-0.9380,-9.3080,-1.6069,-0.3290,-9.3695,2.3577,-0.9238
509.00,-8.8872,2.3700,-0.9294,-9.1809,-1.6498,-0.3200,-9.2844,2.2506,-0.9113
509.50,-8.8101,2.2656,-0.9384,-9.0476,-1.6944,-0.3285,-9.2071,2.1457,-0.9221
510.00,-8.7326,2.1610,-0.9308,-8.9186,-1.7378,-0.3208,-9.1293,2.0488,-0.9120
510.50,-8.6554,2.0566,-0.9410,-8.7896,-1.7807,-0.3284,-9.0454,1.9414,-0.9208
511.00,-8.5792,1.9513,-0.9415,-8.6586,-1.8260,-0.3306,-8.9658,1.8405,-0.9236
511.50,-8.5025,1.8463,-0.9416,-8.5383,-1.8670,-0.3302,-8.8945,1.7391,-0.9232
512.00,-8.4252,1.7416,-0.9317,-8.4103,-1.9101,-0.3202,-8.8086,1.6315,-0.9132
512.50,-8.3475,1.6373,-0.9336,-8.2810,-1.9527,-0.3203,-8.7307,1.5278,-0.9122
513.00,-8.2710,1.5325,-0.9447,-8.1550,-1.9951,-0.3310,-8.6539,1.4223,-0.9258
513.50,-8.1944,1.4274,-0.9488,-8.0299,-2.0377,-0.3328,-8.5715,1.3227,-0.9265
514.00,-8.1233,1.3194,-1.0067,-7.9076,-2.0843,-0.3929,-8.4997,1.2160,-0.9894
514.50,-8.0532,1.2098,-1.0007,-7.7884,-2.1333,-0.3859,-8.4278,1.1080,-0.9793
515.00,-7.9851,1.0995,-1.0164,-7.6653,-2.1854,-0.4061,-8.3590,0.9963,-1.0020
515.50,-7.9136,0.9902,-0.9827,-7.5414,-2.2361,-0.3718,-8.2862,0.8900,-0.9642
516.00,-7.8381,0.8833,-0.9466,-7.4168,-2.2821,-0.3347,-8.2086,0.7822,-0.9288
516.50,-7.7602,0.7788,-0.9286,-7.2953,-2.3225,-0.3125,-8.1264,0.6807,-0.9066
517.00,-7.6850,0.6733,-0.9624,-7.1721,-2.3647,-0.3475,-8.0401,0.5772,-0.9434
517.50,-7.6080,0.5677,-0.9232,-7.0428,-2.4095,-0.3122,-7.9596,0.4673,-0.9077
518.00,-7.5252,0.4670,-0.8479,-6.9118,-2.4464,-0.2351,-7.8703,0.3732,-0.8293
518.50,-7.4380,0.3706,-0.8364,-6.7890,-2.4739,-0.2169,-7.7846,0.2818,-0.8146
519.00,-7.3534,0.2721,-0.8846,-6.6639,-2.5044,-0.2642,-7.7010,0.1864,-0.8654
519.50,-7.2716,0.1711,-0.8900,-6.5332,-2.5407,-0.2720,-7.6084,0.0823,-0.8717
520.00,-7.1884,0.0710,-0.8602,-6.4078,-2.5743,-0.2437,-7.5202,-0.0160,-0.8437
520.50,-7.1027,-0.0267,-0.8406,-6.2726,-2.6064,-0.2221,-7.4312,-0.1166,-0.8231
521.00,-7.0149,-0.1224,-0.8196,-6.1430,-2.6341,-0.1990,-7.3457,-0.2042,-0.8024
521.50,-6.9261,-0.2174,-0.8185,-6.0104,-2.6606,-0.1964,-7.2556,-0.3044,-0.7999
522.00,-6.8387,-0.3138,-0.8548,-5.8769,-2.6890,-0.2302,-7.1556,-0.4037,-0.8337
522.50,-6.7543,-0.4126,-0.8683,-5.7460,-2.7210,-0.2456,-7.0721,-0.4943,-0.8503
523.00,-6.6700,-0.5116,-0.8571,-5.6161,-2.7534,-0.2356,-6.9866,-0.5948,-0.8402
523.50,-6.5836,-0.6086,-0.8308,-5.4883,-2.7821,-0.2064,-6.8976,-0.6875,-0.8099
524.00,-6.4969,-0.7056,-0.8596,-5.3613,-2.8098,-0.2302,-6.8111,-0.7825,-0.8360
524.50,-6.4156,-0.8066,-0.9310,-5.2337,-2.8435,-0.2967,-6.7202,-0.8827,-0.9070
525.00,-6.3428,-0.9150,-1.0542,-5.1084,-2.8893,-0.4157,-6.6592,-0.9923,-1.0273
525.50,-6.2788,-1.0318,-1.2453,-4.9926,-2.9516,-0.5995,-6.5954,-1.1056,-1.2146
526.00,-6.2230,-1.1553,-1.5118,-4.8956,-3.0374,-0.8636,-6.5521,-1.2314,-1.4822
526.50,-6.1948,-1.2833,-1.7708,-4.8240,-3.1487,-1.1281,-6.5214,-1.3575,-1.7450
527.00,-6.2115,-1.4076,-1.9412,-4.7798,-3.2706,-1.3060,-6.5241,-1.4807,-1.9193
527.50,-6.2578,-1.5273,-2.0053,-4.7500,-3.3969,-1.3700,-6.5569,-1.6035,-1.9823
528.00,-6.3143,-1.6433,-2.0603,-4.7278,-3.5286,-1.4285,-6.6157,-1.7257,-2.0418
528.50,-6.3763,-1.7579,-2.0728,-4.7087,-3.6635,-1.4367,-6.6737,-1.8392,-2.0500
529.00,-6.4432,-1.8705,-2.1125,-4.6940,-3.7941,-1.4755,-6.7348,-1.9526,-2.0924
529.50,-6.5149,-1.9803,-2.1555,-4.6843,-3.9258,-1.5190,-6.8066,-2.0656,-2.1347
530.00,-6.5872,-2.0884,-2.1464,-4.6782,-4.0577,-1.5151,-6.8756,-2.1724,-2.1302
530.50,-6.6526,-2.2004,-2.0625,-4.6643,-4.1965,-1.4288,-6.9438,-2.2936,-2.0435
531.00,-6.7123,-2.3156,-2.0507,-4.6443,-4.3253,-1.4121,-6.9975,-2.4005,-2.0307
531.50,-6.7761,-2.4301,-2.0908,-4.6238,-4.4623,-1.4463,-7.0601,-2.5179,-2.0677
532.00,-6.8461,-2.5412,-2.1446,-4.6110,-4.5908,-1.4994,-7.1296,-2.6258,-2.1233
532.50,-6.9206,-2.6490,-2.1841,-4.6041,-4.7263,-1.5403,-7.1993,-2.7401,-2.1659
533.00,-6.9970,-2.7545,-2.1913,-4.6016,-4.8555,-1.5510,-7.2754,-2.8422,-2.1766
533.50,-7.0695,-2.8617,-2.1599,-4.5961,-4.9892,-1.5149,-7.3494,-2.9537,-2.1394
534.00,-7.1423,-2.9696,-2.1712,-4.5889,-5.1201,-1.5230,-7.4199,-3.0642,-2.1503
534.50,-7.2184,-3.0758,-2.1988,-4.5846,-5.2497,-1.5509,-7.4899,-3.1718,-2.1800
535.00,-7.2964,-3.1802,-2.2160,-4.5833,-5.3803,-1.5693,-7.5639,-3.2783,-2.2001
535.50,-7.3731,-3.2848,-2.1999,-4.5817,-5.5131,-1.5507,-7.6431,-3.3864,-2.1798
536.00,-7.4499,-3.3899,-2.2048,-4.5791,-5.6414,-1.5533,-7.7121,-3.4918,-2.1858
536.50,-7.5282,-3.4939,-2.2223,-4.5780,-5.7744,-1.5693,-7.7878,-3.5997,-2.2029
537.00,-7.6082,-3.5966,-2.2306,-4.5791,-5.9089,-1.5806,-7.8754,-3.7075,-2.2131
537.50,-7.6852,-3.7008,-2.1963,-4.5778,-6.0366,-1.5446,-7.9439,-3.8027,-2.1789
538.00,-7.7609,-3.8064,-2.1908,-4.5739,-6.1689,-1.5381,-8.0191,-3.9116,-2.1724
538.50,-7.8378,-3.9116,-2.2100,-4.5702,-6.3069,-1.5550,-8.0980,-4.0249,-2.1893
539.00,-7.9166,-4.0153,-2.2226,-4.5692,-6.4432,-1.5676,-8.1676,-4.1255,-2.2054
539.50,-7.9938,-4.1196,-2.1792,-4.5672,-6.5681,-1.5281,-8.2403,-4.2271,-2.1659
540.00,-8.0635,-4.2298,-2.0639,-4.5546,-6.7014,-1.4148,-8.3095,-4.3417,-2.0526
540.50,-8.1243,-4.3485,-1.9162,-4.5224,-6.8375,-1.2627,-8.3647,-4.4640,-1.8992
541.00,-8.1713,-4.4722,-1.8494,-4.4776,-6.9627,-1.1930,-8.4130,-4.5876,-1.8308
541.50,-8.2065,-4.5977,-1.8136,-4.4264,-7.0860,-1.1582,-8.4552,-4.7172,-1.7995
542.00,-8.2354,-4.7244,-1.8006,-4.3697,-7.2089,-1.1394,-8.4737,-4.8395,-1.7772
542.50,-8.2719,-4.8499,-1.8783,-4.3169,-7.3337,-1.2135,-8.5057,-4.9650,-1.8513
543.00,-8.3175,-4.9721,-1.9489,-4.2749,-7.4613,-1.2875,-8.5574,-5.0888,-1.9323
543.50,-8.3557,-5.0653,-1.8860,-4.2444,-7.5613,-1.2314,-8.5833,-5.1870,-1.8727
544.00,-8.3852,-5.1343,-1.6424,-4.2112,-7.6335,-0.9964,-8.6094,-5.2549,-1.6412
544.50,-8.4072,-5.1857,-1.3674,-4.1725,-7.6785,-0.7110,-8.6161,-5.3140,-1.3523
545.00,-8.4172,-5.1896,-1.2800,-4.1721,-7.6792,-0.6154,-8.6355,-5.3047,-1.2601
545.50,-8.4154,-5.1896,-1.2367,-4.1711,-7.6800,-0.5709,-8.6352,-5.3060,-1.2156
546.00,-8.4109,-5.1897,-1.1947,-4.1674,-7.6824,-0.5276,-8.6336,-5.3100,-1.1724
546.50,-8.4069,-5.1897,-1.1538,-4.1636,-7.6845,-0.4855,-8.6319,-5.3140,-1.1303
547.00,-8.4033,-5.1897,-1.1141,-4.1616,-7.6855,-0.4448,-8.6309,-5.3161,-1.0896
547.50,-8.4003,-5.1898,-1.0754,-4.1586,-7.6869,-0.4057,-8.6293,-5.3190,-1.0504
548.00,-8.3977,-5.1898,-1.0377,-4.1559,-7.6880,-0.3668,-8.6278,-5.3215,-1.0115
548.50,-8.3956,-5.1899,-1.0010,-4.1535,-7.6889,-0.3292,-8.6264,-5.3236,-0.9740
549.00,-8.3939,-5.1899,-0.9653,-4.1519,-7.6894,-0.2925,-8.6255,-5.3250,-0.9373
549.50,-8.3927,-5.1900,-0.9305,-4.1509,-7.6897,-0.2566,-8.6248,-5.3258,-0.9014
550.00,-8.3920,-5.1900,-0.8966,-4.1507,-7.6897,-0.2217,-8.6247,-5.3260,-0.8665
550.50,-8.3917,-5.1901,-0.8635,-4.1502,-7.6898,-0.1881,-8.6244,-5.3263,-0.8328
551.00,-8.3917,-5.1901,-0.8310,-4.1501,-7.6898,-0.1553,-8.6243,-5.3264,-0.8000
551.50,-8.3918,-5.1898,-0.7975,-4.1502,-7.6898,-0.1210,-8.6244,-5.3263,-0.7657
552.00,-8.3919,-5.1898,-0.7633,-4.1504,-7.6898,-0.0859,-8.6246,-5.3262,-0.7307
552.50,-8.3923,-5.1899,-0.7302,-4.1510,-7.6898,-0.0513,-8.6250,-5.3258,-0.6960
553.00,-8.3924,-5.1898,-0.6977,-4.1509,-7.6898,-0.0184,-8.6249,-5.3259,-0.6632
553.50,-8.3925,-5.1894,-0.6644,-4.1514,-7.6898,0.0149,-8.6253,-5.3256,-0.6299
554.00,-8.3925,-5.1885,-0.6302,-4.1525,-7.6898,0.0502,-8.6262,-5.3250,-0.5946
554.50,-8.3926,-5.1872,-0.5951,-4.1536,-7.6899,0.0858,-8.6271,-5.3243,-0.5590
555.00,-8.3926,-5.1854,-0.5591,-4.1556,-7.6901,0.1226,-8.6289,-5.3233,-0.5222
555.50,-8.3927,-5.1831,-0.5222,-4.1579,-7.6904,0.1602,-8.6308,-5.3222,-0.4845
556.00,-8.3927,-5.1804,-0.4842,-4.1610,-7.6910,0.1990,-8.6337,-5.3208,-0.4458
556.50,-8.3928,-5.1772,-0.4452,-4.1640,-7.6916,0.2395,-8.6365,-5.3195,-0.4053
557.00,-8.3928,-5.1736,-0.4051,-4.1677,-7.6926,0.2806,-8.6401,-5.3181,-0.3642
557.50,-8.3929,-5.1694,-0.3640,-4.1709,-7.6936,0.3227,-8.6433,-5.3169,-0.3221
558.00,-8.3929,-5.1648,-0.3216,-4.1750,-7.6951,0.3660,-8.6474,-5.3156,-0.2788
558.50,-8.3929,-5.1597,-0.2779,-4.1790,-7.6967,0.4104,-8.6515,-5.3145,-0.2343
559.00,-8.3930,-5.1540,-0.2330,-4.1843,-7.6991,0.4555,-8.6572,-5.3133,-0.1893
559.50,-8.3930,-5.1479,-0.1866,-4.1901,-7.7021,0.5027,-8.6637,-5.3122,-0.1421
560.00,-8.3930,-5.1413,-0.1386,-4.1956,-7.7053,0.5514,-8.6699,-5.3114,-0.0933
560.50,-8.3930,-5.1343,-0.0890,-4.2010,-7.7088,0.6014,-8.6764,-5.3110,-0.0434
561.00,-8.3930,-5.1267,-0.0375,-4.2069,-7.7131,0.6529,-8.6836,-5.3109,0.0082
561.50,-8.3930,-5.1188,0.0158,-4.2091,-7.7149,0.7075,-8.6264,-5.2452,0.0348
562.00,-8.3930,-5.1111,0.0681,-4.2040,-7.7102,0.7609,-8.6195,-5.2447,0.0882
562.50,-8.3930,-5.1038,0.1185,-4.1985,-7.7047,0.8122,-8.6118,-5.2439,0.1395
563.00,-8.3930,-5.0970,0.1671,-4.1943,-7.7001,0.8617,-8.6056,-5.2429,0.1890
563.50,-8.3930,-5.0907,0.2141,-4.1904,-7.6952,0.9095,-8.5995,-5.2415,0.2368
564.00,-8.3929,-5.0849,0.2597,-4.1862,-7.6895,0.9557,-8.5927,-5.2397,0.2830
564.50,-8.3929,-5.0798,0.3018,-4.1831,-7.6850,1.0009,-8.5874,-5.2380,0.3282
565.00,-8.3929,-5.0785,0.3210,-4.1826,-7.6841,1.0190,-8.5865,-5.2377,0.3463
565.50,-8.3929,-5.0738,0.3634,-4.1796,-7.6790,1.0626,-8.5810,-5.2356,0.3899
566.00,-8.3928,-5.0697,0.4046,-4.1774,-7.6749,1.1043,-8.5767,-5.2338,0.4317
566.50,-8.3928,-5.0660,0.4447,-4.1758,-7.6717,1.1452,-8.6242,-5.1903,0.4620
567.00,-8.3927,-5.0628,0.4837,-4.1748,-7.6693,1.1851,-8.6220,-5.1891,0.5019
567.50,-8.3927,-5.0601,0.5217,-4.1736,-7.6660,1.2240,-8.6189,-5.1873,0.5408
568.00,-8.3926,-5.0578,0.5586,-4.1724,-7.6628,1.2621,-8.6160,-5.1856,0.5790
568.50,-8.3926,-5.0560,0.5947,-4.1718,-7.6608,1.2986,-8.6143,-5.1844,0.6154
569.00,-8.3925,-5.0547,0.6298,-4.1714,-7.6592,1.3340,-8.6130,-5.1834,0.6508
569.50,-8.3925,-5.0538,0.6639,-4.1712,-7.6581,1.3693,-8.6121,-5.1827,0.6861
570.00,-8.3924,-5.0533,0.6972,-4.1711,-7.6576,1.4036,-8.6117,-5.1824,0.7204
570.50,-8.3924,-5.0533,0.7298,-4.1711,-7.6576,1.4368,-8.6117,-5.1824,0.7536
571.00,-8.3927,-5.0534,0.7629,-4.1711,-7.6579,1.4702,-8.6119,-5.1826,0.7871
571.50,-8.3927,-5.0535,0.7971,-4.1711,-7.6577,1.5047,-8.6118,-5.1825,0.8216
572.00,-8.3927,-5.0539,0.8306,-4.1711,-7.6581,1.5393,-8.6120,-5.1828,0.8562
572.50,-8.3926,-5.0540,0.8631,-4.1711,-7.6584,1.5731,-8.6123,-5.1830,0.8900
573.00,-8.3929,-5.0541,0.8961,-4.1711,-7.6589,1.6075,-8.6125,-5.1834,0.9243
573.50,-8.3937,-5.0541,0.9300,-4.1711,-7.6593,1.6424,-8.6127,-5.1837,0.9592
574.00,-8.3898,-5.0463,0.9853,-4.1719,-7.6520,1.6943,-8.6087,-5.1775,1.0112
574.50,-8.3676,-4.9886,1.1431,-4.1840,-7.5934,1.8514,-8.5812,-5.1244,1.1683
575.00,-8.3282,-4.8759,1.2054,-4.2213,-7.4841,1.9235,-8.5620,-5.0056,1.2264
575.50,-8.2773,-4.7553,1.1675,-4.2651,-7.3596,1.8872,-8.5197,-4.8819,1.1879
576.00,-8.2264,-4.6357,1.1807,-4.3072,-7.2298,1.8977,-8.4742,-4.7557,1.2006
576.50,-8.1828,-4.5142,1.2671,-4.3536,-7.1044,1.9779,-8.4294,-4.6297,1.2773
577.00,-8.1482,-4.3884,1.3450,-4.4121,-6.9866,2.0655,-8.3987,-4.5118,1.3649
577.50,-8.1147,-4.2626,1.2593,-4.4727,-6.8676,1.9891,-8.3682,-4.3818,1.2955
578.00,-8.0723,-4.1428,1.0915,-4.5155,-6.7443,1.8204,-8.3225,-4.2652,1.1137
578.50,-8.0133,-4.0306,0.9945,-4.5412,-6.6192,1.7232,-8.2649,-4.1484,1.0165
579.00,-7.9414,-3.9241,0.9276,-4.5560,-6.4937,1.6545,-8.2043,-4.0436,0.9513
579.50,-7.8611,-3.8217,0.8971,-4.5648,-6.3520,1.6200,-8.1195,-3.9298,0.9133
580.00,-7.7831,-3.7182,0.9516,-4.5741,-6.2247,1.6746,-8.0499,-3.8300,0.9702
580.50,-7.7087,-3.6117,0.9593,-4.5894,-6.0896,1.6847,-7.9741,-3.7204,0.9803
581.00,-7.6322,-3.5060,0.9362,-4.6034,-5.9562,1.6628,-7.9016,-3.6196,0.9564
581.50,-7.5540,-3.4020,0.9312,-4.6142,-5.8286,1.6551,-7.8239,-3.5126,0.9487
582.00,-7.4807,-3.2953,0.9929,-4.6290,-5.6995,1.7166,-7.7544,-3.4048,1.0113
582.50,-7.4093,-3.1864,0.9845,-4.6477,-5.5730,1.7109,-7.6866,-3.2964,1.0057
583.00,-7.3340,-3.0793,0.9468,-4.6634,-5.4480,1.6747,-7.6137,-3.1910,0.9671
583.50,-7.2561,-2.9748,0.9324,-4.6758,-5.3125,1.6585,-7.5309,-3.0730,0.9495
584.00,-7.1816,-2.8688,0.9676,-4.6903,-5.1793,1.6956,-7.4593,-2.9662,0.9856
584.50,-7.1067,-2.7623,0.9531,-4.7063,-5.0452,1.6799,-7.3840,-2.8573,0.9723
585.00,-7.0312,-2.6563,0.9470,-4.7221,-4.9023,1.6757,-7.3100,-2.7485,0.9669
585.50,-6.9533,-2.5518,0.9279,-4.7341,-4.7724,1.6562,-7.2406,-2.6501,0.9475
586.00,-6.8743,-2.4482,0.9080,-4.7450,-4.6365,1.6384,-7.1582,-2.5410,0.9296
586.50,-6.7931,-2.3464,0.8900,-4.7536,-4.4935,1.6195,-7.0794,-2.4360,0.9084
587.00,-6.7111,-2.2455,0.8873,-4.7600,-4.3578,1.6174,-7.0014,-2.3328,0.9063
587.50,-6.6287,-2.1450,0.8848,-4.7657,-4.2293,1.6142,-6.9222,-2.2378,0.9035
588.00,-6.5468,-2.0441,0.8886,-4.7720,-4.0966,1.6192,-6.8361,-2.1330,0.9081
588.50,-6.4647,-1.9432,0.8851,-4.7786,-3.9600,1.6173,-6.7550,-2.0253,0.9062
589.00,-6.3821,-1.8428,0.8790,-4.7845,-3.8300,1.6122,-6.6778,-1.9259,0.8976
589.50,-6.2985,-1.7431,0.8671,-4.7891,-3.7013,1.6010,-6.6040,-1.8296,0.8888
590.00,-6.2160,-1.6430,0.8980,-4.7944,-3.5745,1.6314,-6.5170,-1.7299,0.9162
590.50,-6.1369,-1.5402,0.9199,-4.8043,-3.4448,1.6559,-6.4394,-1.6225,0.9396
591.00,-6.0581,-1.4367,0.9168,-4.8154,-3.3138,1.6529,-6.3653,-1.5165,0.9366
591.50,-5.9774,-1.3344,0.8922,-4.8251,-3.1792,1.6296,-6.2846,-1.4094,0.9121
592.00,-5.8970,-1.2324,0.9346,-4.8341,-3.0446,1.6666,-6.2036,-1.3083,0.9479
592.50,-5.8243,-1.1245,1.0204,-4.8531,-2.9107,1.7548,-6.1266,-1.1922,1.0361
593.00,-5.7584,-1.0126,1.0328,-4.8803,-2.7790,1.7745,-6.0634,-1.0851,1.0561
593.50,-5.6862,-0.9042,0.9131,-4.9021,-2.6433,1.6620,-5.9942,-0.9684,0.9419
594.00,-5.6012,-0.8080,0.7516,-4.9049,-2.5070,1.5040,-5.9110,-0.8727,0.7795
594.50,-5.5001,-0.7286,0.5779,-4.8851,-2.3786,1.3280,-5.8141,-0.7896,0.6018
595.00,-5.3897,-0.6579,0.3518,-4.8378,-2.2453,1.1070,-5.6895,-0.7266,0.3816
595.50,-5.2692,-0.5966,0.0785,-4.7589,-2.1297,0.8351,-5.5738,-0.6761,0.1091
596.00,-5.1397,-0.5690,-0.1436,-4.6536,-2.0382,0.6060,-5.4486,-0.6462,-0.1220
596.50,-5.0117,-0.5858,-0.1863,-4.5402,-1.9658,0.5557,-5.3228,-0.6407,-0.1700
597.00,-4.8837,-0.6075,-0.1409,-4.4264,-1.8939,0.5948,-5.1975,-0.6576,-0.1275
597.50,-4.7542,-0.6207,0.0691,-4.3181,-1.8051,0.8037,-5.0598,-0.6626,0.0806
598.00,-4.6260,-0.6159,0.1591,-4.2357,-1.7080,0.9053,-4.9472,-0.6556,0.1778
598.50,-4.5124,-0.6006,0.0640,-4.1606,-1.6171,0.8203,-4.8282,-0.6477,0.0928
599.00,-4.3850,-0.5941,-0.1555,-4.0615,-1.5320,0.5972,-4.7053,-0.6453,-0.1356
599.50,-4.2607,-0.6110,-0.2078,-3.9549,-1.4663,0.5356,-4.5812,-0.6536,-0.1943
600.00,-4.1436,-0.6299,-0.1046,-3.8517,-1.3991,0.6382,-4.4496,-0.6679,-0.0910
600.50,-4.0140,-0.6395,-0.0642,-3.7458,-1.3157,0.6827,-4.3556,-0.6707,-0.0483
601.00,-3.8843,-0.6445,-0.0481,-3.6448,-1.2320,0.7000,-4.2422,-0.6725,-0.0328
601.50,-3.7544,-0.6489,-0.0236,-3.5412,-1.1440,0.7226,-4.1171,-0.6787,-0.0102
602.00,-3.6244,-0.6497,-0.0147,-3.4420,-1.0544,0.7357,-4.0202,-0.6756,0.0030
602.50,-3.4944,-0.6548,-0.0307,-3.3462,-0.9694,0.7197,-3.9326,-0.6791,-0.0131
603.00,-3.3645,-0.6550,-0.0071,-3.2458,-0.8793,0.7461,-3.8364,-0.6805,0.0081
603.50,-3.2345,-0.6556,-0.0058,-3.1485,-0.7893,0.7480,-3.7013,-0.6810,0.0082
604.00,-3.1045,-0.6540,0.0056,-3.0543,-0.7003,0.7628,-3.6488,-0.6790,0.0178
604.50,-2.9745,-0.6546,0.0002,-2.9523,-0.6039,0.7574,-3.5045,-0.6773,0.0124
605.00,-2.8445,-0.6514,0.0148,-2.8586,-0.5137,0.7746,-3.4226,-0.6756,0.0278
605.50,-2.7145,-0.6524,0.0004,-2.7639,-0.4230,0.7587,-3.2842,-0.6692,0.0120
606.00,-2.5845,-0.6471,0.0388,-2.6653,-0.3266,0.7978,-3.1745,-0.6662,0.0493
606.50,-2.4547,-0.6363,0.0662,-2.5730,-0.2281,0.8283,-3.0184,-0.6576,0.0781
607.00,-2.3249,-0.6321,0.0286,-2.4810,-0.1303,0.7937,-2.8990,-0.6445,0.0418
607.50,-2.1950,-0.6287,0.0312,-2.3880,-0.0368,0.7936,-2.7878,-0.6396,0.0399
608.00,-2.0650,-0.6273,0.0175,-2.2978,0.0541,0.7814,-2.6905,-0.6347,0.0260
608.50,-1.9350,-0.6284,0.0018,-2.2021,0.1475,0.7666,-2.5629,-0.6321,0.0082
609.00,-1.8050,-0.6295,0.0008,-2.1043,0.2410,0.7640,-2.4412,-0.6385,0.0057
609.50,-1.6750,-0.6267,0.0192,-2.0129,0.3318,0.7863,-2.3026,-0.6352,0.0252
610.00,-1.5451,-0.6271,0.0056,-1.9161,0.4276,0.7734,-2.1705,-0.6327,0.0127
610.50,-1.4151,-0.6285,-0.0040,-1.8212,0.5194,0.7643,-2.0460,-0.6314,0.0025
611.00,-1.2851,-0.6298,-0.0070,-1.7254,0.6109,0.7617,-1.9160,-0.6312,-0.0007
611.50,-1.1551,-0.6291,0.0022,-1.6315,0.7008,0.7700,-1.8027,-0.6339,0.0064
612.00,-1.0251,-0.6286,0.0025,-1.5393,0.7907,0.7724,-1.6678,-0.6326,0.0094
612.50,-0.8951,-0.6297,-0.0041,-1.4427,0.8842,0.7665,-1.5483,-0.6317,0.0035
613.00,-0.7651,-0.6309,-0.0075,-1.3498,0.9733,0.7635,-1.4100,-0.6301,-0.0018
613.50,-0.6351,-0.6318,-0.0051,-1.2544,1.0645,0.7653,-1.3039,-0.6321,-0.0025
614.00,-0.5051,-0.6314,-0.0011,-1.1590,1.1569,0.7710,-1.1876,-0.6319,0.0041
614.50,-0.3751,-0.6322,-0.0041,-1.0634,1.2496,0.7692,-1.0493,-0.6312,0.0006
615.00,-0.2451,-0.6331,-0.0059,-0.9696,1.3403,0.7681,-0.9171,-0.6308,-0.0005
615.50,-0.1151,-0.6345,-0.0085,-0.8753,1.4311,0.7660,-0.8060,-0.6307,-0.0033
616.00,0.0149,-0.6355,-0.0079,-0.7825,1.5205,0.7671,-0.6629,-0.6363,-0.0023
616.50,0.1449,-0.6334,0.0120,-0.6928,1.6086,0.7879,-0.5433,-0.6354,0.0174
617.00,0.2749,-0.6340,-0.0017,-0.5993,1.7022,0.7782,-0.3664,-0.6295,0.0053
617.50,0.4049,-0.6367,-0.0118,-0.4985,1.8000,0.7673,-0.2087,-0.6294,-0.0069
618.00,0.5349,-0.6386,-0.0133,-0.4014,1.8935,0.7664,-0.0846,-0.6304,-0.0079
618.50,0.6649,-0.6395,-0.0087,-0.3023,1.9893,0.7704,0.0026,-0.6325,-0.0052
619.00,0.7949,-0.6389,-0.0015,-0.2052,2.0847,0.7799,0.1273,-0.6318,0.0043
619.50,0.9249,-0.6401,-0.0066,-0.1118,2.1768,0.7769,0.2557,-0.6304,0.0012
620.00,1.0549,-0.6420,-0.0108,-0.0141,2.2723,0.7729,0.3767,-0.6302,-0.0053
620.50,1.1849,-0.6433,-0.0103,0.0764,2.3606,0.7743,0.5013,-0.6305,-0.0048
621.00,1.3149,-0.6430,-0.0009,0.1742,2.4570,0.7838,0.6369,-0.6331,0.0047
621.50,1.4449,-0.6431,-0.0013,0.2708,2.5535,0.7852,0.7775,-0.6318,0.0044
622.00,1.5749,-0.6442,-0.0055,0.3617,2.6441,0.7819,0.8999,-0.6310,-0.0007
622.50,1.7049,-0.6453,-0.0071,0.4524,2.7341,0.7813,1.0212,-0.6309,-0.0022
623.00,1.8349,-0.6442,0.0080,0.5440,2.8258,0.7960,1.1538,-0.6351,0.0117
623.50,1.9649,-0.6432,0.0051,0.6372,2.9215,0.7972,1.2869,-0.6303,0.0129
624.00,2.0949,-0.6451,-0.0066,0.7319,3.0168,0.7845,1.4095,-0.6310,-0.0038
624.50,2.2249,-0.6454,-0.0042,0.8257,3.1105,0.7870,1.5347,-0.6315,-0.0013
625.00,2.3549,-0.6453,0.0011,0.9217,3.2071,0.7917,1.6570,-0.6340,0.0021
625.50,2.4848,-0.6439,0.0058,1.0115,3.2991,0.7995,1.7996,-0.6332,0.0123
626.00,2.6148,-0.6446,-0.0007,1.1055,3.3953,0.7944,1.9387,-0.6319,0.0048
626.50,2.7448,-0.6453,-0.0035,1.2055,3.4968,0.7918,2.0840,-0.6315,-0.0001
627.00,2.8748,-0.6458,-0.0036,1.2975,3.5900,0.7921,2.1874,-0.6315,0.0002
627.50,3.0048,-0.6465,-0.0047,1.3859,3.6796,0.7921,2.3092,-0.6313,0.0002
628.00,3.1348,-0.6474,-0.0060,1.4768,3.7717,0.7914,2.4505,-0.6312,-0.0017
628.50,3.2648,-0.6481,-0.0056,1.5761,3.8722,0.7926,2.5792,-0.6312,-0.0012
629.00,3.3948,-0.6489,-0.0059,1.6732,3.9708,0.7929,2.6951,-0.6308,-0.0025
629.50,3.5248,-0.6497,-0.0063,1.7648,4.0638,0.7928,2.8294,-0.6311,-0.0025
630.00,3.6548,-0.6503,-0.0050,1.8596,4.1602,0.7949,2.9566,-0.6315,0.0001
630.50,3.7848,-0.6510,-0.0056,1.9516,4.2539,0.7955,3.0882,-0.6315,0.0007
631.00,3.9148,-0.6519,-0.0061,2.0480,4.3523,0.7962,3.2237,-0.6312,-0.0009
631.50,4.0448,-0.6527,-0.0062,2.1396,4.4461,0.7973,3.3547,-0.6312,-0.0010
632.00,4.1748,-0.6535,-0.0061,2.2335,4.5423,0.7977,3.4889,-0.6311,-0.0018
632.50,4.3048,-0.6543,-0.0060,2.3234,4.6344,0.7982,3.6083,-0.6312,-0.0020
633.00,4.4348,-0.6548,-0.0049,2.4149,4.7284,0.7999,3.7468,-0.6313,-0.0007
633.50,4.5648,-0.6556,-0.0054,2.5063,4.8227,0.8008,3.8826,-0.6312,-0.0010
634.00,4.6948,-0.6563,-0.0055,2.5984,4.9177,0.8015,4.0087,-0.6310,-0.0027
634.50,4.8248,-0.6567,-0.0024,2.6901,5.0125,0.8057,4.1393,-0.6333,0.0004
635.00,4.9548,-0.6557,0.0028,2.7798,5.1068,0.8120,4.2779,-0.6325,0.0051
635.50,5.0848,-0.6573,-0.0081,2.8682,5.1995,0.8031,4.4023,-0.6320,-0.0049
636.00,5.2147,-0.6662,-0.0854,2.9650,5.2936,0.7305,4.5379,-0.6369,-0.0775
636.50,5.3430,-0.6840,-0.2460,3.0672,5.3736,0.5744,4.6710,-0.6587,-0.2336
637.00,5.4630,-0.7111,-0.4716,3.1807,5.4316,0.3508,4.7853,-0.6970,-0.4607
637.50,5.5694,-0.7688,-0.6757,3.2985,5.4618,0.1446,4.8882,-0.7476,-0.6681
638.00,5.6576,-0.8541,-0.8758,3.4241,5.4681,-0.0555,4.9924,-0.8209,-0.8670
638.50,5.7325,-0.9589,-1.0629,3.5556,5.4483,-0.2445,5.0651,-0.9301,-1.0548
639.00,5.7957,-1.0753,-1.1370,3.6850,5.4089,-0.3257,5.1325,-1.0509,-1.1383
639.50,5.8524,-1.1929,-1.1153,3.8128,5.3663,-0.3049,5.1857,-1.1662,-1.1153
640.00,5.9149,-1.3085,-1.0788,3.9423,5.3285,-0.2657,5.2477,-1.2829,-1.0760
640.50,5.9728,-1.4242,-1.1303,4.0690,5.2918,-0.3136,5.3114,-1.3966,-1.1262
641.00,6.0276,-1.5421,-1.1256,4.1931,5.2505,-0.3121,5.3653,-1.5118,-1.1265
641.50,6.0884,-1.6584,-1.0808,4.3233,5.2110,-0.2680,5.4256,-1.6339,-1.0807
642.00,6.1553,-1.7717,-1.0373,4.4523,5.1788,-0.2237,5.4907,-1.7400,-1.0381
642.50,6.2195,-1.8843,-1.0829,4.5840,5.1479,-0.2606,5.5626,-1.8571,-1.0750
643.00,6.2755,-2.0014,-1.1408,4.7126,5.1078,-0.3249,5.6204,-1.9780,-1.1428
643.50,6.3342,-2.1180,-1.0677,4.8375,5.0692,-0.2554,5.6777,-2.0856,-1.0733
644.00,6.4021,-2.2293,-0.9896,4.9676,5.0408,-0.1739,5.7414,-2.1999,-0.9918
644.50,6.4754,-2.3370,-0.9816,5.1050,5.0191,-0.1583,5.8184,-2.3079,-0.9762
645.00,6.5470,-2.4454,-0.9840,5.2351,4.9974,-0.1629,5.8859,-2.4150,-0.9843
645.50,6.6171,-2.5544,-1.0182,5.3622,4.9756,-0.1932,5.9581,-2.5230,-1.0146
646.00,6.6839,-2.6657,-1.0246,5.4919,4.9488,-0.2022,6.0287,-2.6324,-1.0253
646.50,6.7509,-2.7769,-1.0327,5.6206,4.9224,-0.2076,6.0884,-2.7447,-1.0307
647.00,6.8202,-2.8878,-1.0049,5.7541,4.8956,-0.1809,6.1553,-2.8608,-1.0040
647.50,6.8943,-2.9959,-0.9624,5.8860,4.8749,-0.1350,6.2339,-2.9615,-0.9599
648.00,6.9697,-3.1021,-0.9483,6.0198,4.8575,-0.1197,6.3101,-3.0715,-0.9463
648.50,7.0454,-3.2077,-0.9613,6.1512,4.8420,-0.1284,6.3807,-3.1745,-0.9551
649.00,7.1188,-3.3148,-0.9674,6.2769,4.8247,-0.1370,6.4522,-3.2787,-0.9671
649.50,7.1953,-3.4207,-0.9303,6.4109,4.8084,-0.1001,6.5336,-3.3886,-0.9290
650.00,7.2758,-3.5235,-0.8927,6.5386,4.7980,-0.0609,6.6088,-3.4867,-0.8922
650.50,7.3528,-3.6161,-0.8615,6.6664,4.7919,-0.0301,6.6885,-3.5830,-0.8614
651.00,7.3949,-3.6638,-0.8289,6.7386,4.7908,0.0037,6.7328,-3.6296,-0.8276
651.50,7.4006,-3.6698,-0.7953,6.7473,4.7909,0.0382,6.7387,-3.6322,-0.7931
652.00,7.4004,-3.6698,-0.7611,6.7471,4.7908,0.0736,6.7386,-3.6321,-0.7577
652.50,7.4000,-3.6699,-0.7281,6.7467,4.7908,0.1074,6.7383,-3.6319,-0.7239
653.00,7.3999,-3.6698,-0.6955,6.7465,4.7907,0.1415,6.7381,-3.6317,-0.6898
653.50,7.3999,-3.6694,-0.6622,6.7461,4.7907,0.1754,6.7378,-3.6315,-0.6558
654.00,7.3998,-3.6684,-0.6279,6.7453,4.7905,0.2105,6.7371,-3.6310,-0.6208
654.50,7.3998,-3.6671,-0.5928,6.7441,4.7902,0.2463,6.7361,-3.6303,-0.5850
655.00,7.3997,-3.6653,-0.5567,6.7421,4.7897,0.2834,6.7344,-3.6292,-0.5479
655.50,7.3997,-3.6630,-0.5197,6.7393,4.7888,0.3214,6.7318,-3.6277,-0.5099
656.00,7.3996,-3.6602,-0.4817,6.7362,4.7877,0.3603,6.7289,-3.6262,-0.4710
656.50,7.3996,-3.6570,-0.4426,6.7330,4.7864,0.3997,6.7258,-3.6247,-0.4316
657.00,7.3995,-3.6533,-0.4025,6.7301,4.7851,0.4405,6.7229,-3.6234,-0.3907
657.50,7.3995,-3.6491,-0.3612,6.7260,4.7831,0.4825,6.7186,-3.6217,-0.3488
658.00,7.3994,-3.6445,-0.3188,6.7209,4.7803,0.5259,6.7132,-3.6199,-0.3054
658.50,7.3994,-3.6393,-0.2750,6.7157,4.7771,0.5701,6.7072,-3.6182,-0.2611
659.00,7.3994,-3.6337,-0.2300,6.7102,4.7734,0.6164,6.7008,-3.6166,-0.2148
659.50,7.3994,-3.6275,-0.1835,6.7049,4.7694,0.6635,6.6943,-3.6153,-0.1678
660.00,7.3993,-3.6209,-0.1354,6.6989,4.7645,0.7123,6.6867,-3.6142,-0.1189
660.50,7.3993,-3.6138,-0.0857,6.6934,4.7595,0.7626,6.6792,-3.6135,-0.0686
661.00,7.3993,-3.6063,-0.0341,6.6880,4.7541,0.8149,6.6716,-3.6132,-0.0164
661.50,7.3993,-3.5983,0.0193,6.6865,4.7525,0.8688,6.7131,-3.5863,0.0267
662.00,7.3993,-3.5906,0.0715,6.6916,4.7589,0.9227,6.7476,-3.5693,0.0739
662.50,7.3993,-3.5834,0.1217,6.6957,4.7646,0.9734,6.7546,-3.5686,0.1246
663.00,7.3994,-3.5766,0.1702,6.6993,4.7701,1.0232,6.7611,-3.5677,0.1745
663.50,7.3994,-3.5703,0.2172,6.7026,4.7759,1.0715,6.7676,-3.5663,0.2228
664.00,7.3994,-3.5645,0.2626,6.7052,4.7810,1.1174,6.7732,-3.5649,0.2687
664.50,7.3994,-3.5593,0.3067,6.7074,4.7856,1.1625,6.7781,-3.5635,0.3138
665.00,7.3995,-3.5544,0.3495,6.7093,4.7903,1.2063,6.7828,-3.5618,0.3575
665.50,7.3995,-3.5501,0.3911,6.7109,4.7948,1.2493,6.7467,-3.5184,0.3919
666.00,7.3996,-3.5463,0.4315,6.7120,4.7986,1.2907,6.7503,-3.5168,0.4332
666.50,7.3996,-3.5429,0.4709,6.7126,4.8005,1.3311,6.7521,-3.5160,0.4737
667.00,7.3996,-3.5401,0.5092,6.7130,4.8024,1.3709,6.7538,-3.5150,0.5134
667.50,7.3997,-3.5377,0.5465,6.7136,4.8058,1.4094,6.7568,-3.5133,0.5519
668.00,7.3997,-3.5357,0.5828,6.7139,4.8080,1.4471,6.7586,-3.5121,0.5896
668.50,7.3998,-3.5342,0.6182,6.7141,4.8092,1.4825,6.7596,-3.5114,0.6251
669.00,7.3999,-3.5332,0.6527,6.7141,4.8100,1.5185,6.7603,-3.5109,0.6611
669.50,7.3999,-3.5326,0.6863,6.7141,4.8107,1.5531,6.7608,-3.5105,0.6957
670.00,7.4000,-3.5324,0.7190,6.7141,4.8108,1.5872,6.7608,-3.5104,0.7298
670.50,7.3998,-3.5325,0.7518,6.7141,4.8105,1.6209,6.7606,-3.5106,0.7634
671.00,7.3996,-3.5326,0.7857,6.7142,4.8101,1.6559,6.7604,-3.5109,0.7985
671.50,7.3997,-3.5329,0.8186,6.7142,4.8097,1.6886,6.7601,-3.5112,0.8312
672.00,7.3997,-3.5331,0.8514,6.7143,4.8093,1.7229,6.7598,-3.5115,0.8654
672.50,7.3996,-3.5332,0.8841,6.7143,4.8090,1.7567,6.7596,-3.5118,0.8993
673.00,7.3990,-3.5333,0.9177,6.7145,4.8081,1.7910,6.7591,-3.5124,0.9336
673.50,7.3980,-3.5333,0.9521,6.7146,4.8077,1.8265,6.7588,-3.5128,0.9690
674.00,7.3965,-3.5334,0.9875,6.7151,4.8060,1.8629,6.7579,-3.5143,1.0054
674.50,7.3945,-3.5334,1.0238,6.7154,4.8051,1.8999,6.7574,-3.5150,1.0424
675.00,7.3921,-3.5335,1.0611,6.7162,4.8028,1.9380,6.7562,-3.5172,1.0806
675.50,7.3893,-3.5335,1.0994,6.7173,4.8000,1.9771,6.7548,-3.5199,1.1197
676.00,7.3859,-3.5336,1.1388,6.7187,4.7971,2.0177,6.7535,-3.5228,1.1603
676.50,7.3821,-3.5336,1.1792,6.7200,4.7946,2.0595,6.7524,-3.5254,1.2021
677.00,7.3778,-3.5336,1.2208,6.7213,4.7921,2.1021,6.7514,-3.5281,1.2446
677.50,7.3730,-3.5337,1.2636,6.7229,4.7896,2.1460,6.7506,-3.5309,1.2885
678.00,7.3677,-3.5337,1.3076,6.7263,4.7845,2.1908,6.7490,-3.5368,1.3334
678.50,7.3619,-3.5337,1.3531,6.7304,4.7790,2.2371,6.7475,-3.5435,1.3797
679.00,7.3556,-3.5338,1.4000,6.7334,4.7754,2.2850,6.7467,-3.5481,1.4275
679.50,7.3489,-3.5338,1.4485,6.7373,4.7711,2.3340,6.7460,-3.5539,1.4766
680.00,7.3417,-3.5338,1.4987,6.7422,4.7662,2.3850,6.7455,-3.5609,1.5276
680.50,7.3340,-3.5338,1.5508,6.7488,4.7603,2.4374,6.7052,-3.5302,1.5612
681.00,7.3236,-3.5164,1.6571,6.7350,4.7705,2.5391,6.6785,-3.4884,1.6514
681.50,7.3027,-3.4394,1.8179,6.6659,4.8083,2.7094,6.6642,-3.4110,1.8217
682.00,7.2705,-3.3171,1.8476,6.5485,4.8592,2.7415,6.6045,-3.2860,1.8477
682.50,7.2292,-3.1929,1.9073,6.4256,4.9080,2.7988,6.5666,-3.1666,1.9041
683.00,7.1787,-3.0721,1.9916,6.3020,4.9464,2.8837,6.5203,-3.0462,1.9902
683.50,7.1215,-2.9547,2.0172,6.1735,4.9767,2.9175,6.4576,-2.9272,2.0240
684.00,7.0694,-2.8362,1.9879,6.0410,5.0099,2.8841,6.4103,-2.8032,1.9854
684.50,7.0133,-2.7184,2.0125,5.9160,5.0403,2.9127,6.3522,-2.6907,2.0175
685.00,6.9593,-2.6003,2.0046,5.7890,5.0717,2.9002,6.2993,-2.5761,2.0032
685.50,6.9012,-2.4831,2.0213,5.6573,5.1020,2.9214,6.2408,-2.4543,2.0244
686.00,6.8481,-2.3650,1.9969,5.5300,5.1333,2.8927,6.1856,-2.3398,1.9939
686.50,6.7908,-2.2474,2.0223,5.3979,5.1648,2.9188,6.1325,-2.2170,2.0235
687.00,6.7290,-2.1316,2.0643,5.2630,5.1926,2.9617,6.0698,-2.0986,2.0647
687.50,6.6642,-2.0180,2.0802,5.1289,5.2147,2.9836,5.9974,-1.9900,2.0866
688.00,6.6020,-1.9040,2.0855,4.9939,5.2376,2.9830,5.9353,-1.8703,2.0825
688.50,6.5319,-1.7939,2.1757,4.8599,5.2529,3.0734,5.8724,-1.7659,2.1729
689.00,6.4526,-1.6903,2.2656,4.7266,5.2564,-3.1185,5.7957,-1.6652,2.2642
689.50,6.3671,-1.5922,2.2889,4.5980,5.2503,-3.0872,5.7100,-1.5741,2.2932
690.00,6.2887,-1.4967,2.1875,4.4726,5.2476,3.1025,5.6334,-1.4737,2.1962
690.50,6.2323,-1.4163,1.9543,4.3715,5.2618,2.8751,5.5816,-1.3855,1.9679
691.00,6.1848,-1.3084,1.6666,4.2655,5.3060,2.5883,5.5410,-1.2849,1.6812
691.50,6.1547,-1.1861,1.3793,4.1738,5.3835,2.2942,5.5270,-1.1648,1.3870
692.00,6.1696,-1.0609,1.2168,4.0964,5.4873,2.1300,5.5242,-1.0438,1.2228
692.50,6.2099,-0.9429,1.0655,4.0373,5.6008,1.9742,5.5547,-0.9236,1.0696
693.00,6.2731,-0.8317,0.9883,3.9940,5.7152,1.8925,5.6067,-0.8190,0.9888
693.50,6.3465,-0.7251,0.9359,3.9542,5.8464,1.8366,5.6897,-0.6967,0.9364
694.00,6.4253,-0.6213,0.9083,3.9207,5.9752,1.8083,5.7649,-0.5955,0.9090
694.50,6.5064,-0.5194,0.8887,3.8899,6.1064,1.7904,5.8404,-0.4956,0.8919
695.00,6.5880,-0.4184,0.9041,3.8603,6.2400,1.8029,5.9259,-0.3917,0.9027
695.50,6.6676,-0.3157,0.9137,3.8293,6.3668,1.8157,6.0024,-0.2910,0.9164
696.00,6.7485,-0.2139,0.8672,3.7985,6.4959,1.7751,6.0745,-0.1864,0.8732
696.50,6.8349,-0.1167,0.8340,3.7746,6.6275,1.7378,6.1606,-0.0887,0.8350
697.00,6.9220,-0.0203,0.8580,3.7526,6.7575,1.7573,6.2552,0.0090,0.8571
697.50,7.0026,0.0815,0.9346,3.7229,6.8853,1.8381,6.3316,0.1039,0.9387
698.00,7.0797,0.1863,0.9278,3.6883,7.0090,1.8362,6.4096,0.2108,0.9337
698.50,7.1603,0.2890,0.8918,3.6566,7.1340,1.8009,6.4875,0.3133,0.8946
699.00,7.2427,0.3896,0.8840,3.6284,7.2586,1.7925,6.5744,0.4123,0.8848
699.50,7.3242,0.4907,0.8978,3.5976,7.3910,1.8075,6.6635,0.5181,0.9012
700.00,7.4043,0.5929,0.9237,3.5651,7.5222,1.8311,6.7306,0.6146,0.9213
700.50,7.4822,0.6969,0.9105,3.5301,7.6496,1.8266,6.8057,0.7205,0.9168
701.00,7.5615,0.7950,0.8918,3.4996,7.7766,1.8018,6.9073,0.8225,0.8920
701.50,7.6296,0.8882,0.9993,3.4667,7.8947,1.9032,6.9603,0.9211,0.9899
702.00,7.6936,1.0028,1.1909,3.4125,8.0133,2.0982,7.0173,1.0264,1.1871
702.50,7.7486,1.1266,1.3729,3.3326,8.1299,2.2764,7.0641,1.1611,1.3631
703.00,7.7928,1.2558,1.6118,3.2281,8.2265,2.5184,7.1026,1.2867,1.6030
703.50,7.7969,1.3848,1.7458,3.1155,8.2943,2.6645,7.1075,1.4034,1.7468
704.00,7.7744,1.5123,1.7912,3.0001,8.3505,2.7123,7.1118,1.5292,1.7921
704.50,7.7502,1.6398,1.7051,2.8824,8.4077,2.6371,7.0899,1.6575,1.7168
705.00,7.7347,1.7695,1.5268,2.7812,8.4772,2.4531,7.0836,1.7800,1.5294
705.50,7.7389,1.8992,1.4969,2.6774,8.5673,2.4164,7.0833,1.9271,1.4962
706.00,7.7478,2.0251,1.4910,2.5799,8.6527,2.4143,7.0822,2.0464,1.4940
706.50,7.7606,2.1012,1.4425,2.5183,8.7099,2.3654,7.0904,2.1240,1.4452
707.00,7.7687,2.1174,1.3949,2.5024,8.7259,2.3184,7.0935,2.1425,1.3981
707.50,7.7749,2.1174,1.3481,2.4974,8.7315,2.2721,7.0949,2.1498,1.3518
708.00,7.7806,2.1174,1.3029,2.4928,8.7371,2.2277,7.0966,2.1569,1.3074
708.50,7.7859,2.1175,1.2589,2.4896,8.7414,2.1850,7.0981,2.1620,1.2648
709.00,7.7906,2.1175,1.2163,2.4868,8.7455,2.1433,7.0997,2.1667,1.2231
709.50,7.7949,2.1175,1.1748,2.4849,8.7486,2.1028,7.1010,2.1702,1.1825
710.00,7.7987,2.1176,1.1345,2.4826,8.7526,2.0632,7.1028,2.1744,1.1429
710.50,7.8020,2.1176,1.0953,2.4811,8.7555,2.0246,7.1286,2.1589,1.1022
711.00,7.8110,2.1373,1.0078,2.4729,8.7743,1.9421,7.1536,2.1655,1.0183
711.50,7.8582,2.2046,0.8450,2.4514,8.8493,1.7774,7.2005,2.2279,0.8537
712.00,7.9481,2.2969,0.7544,2.4304,8.9820,1.6849,7.2837,2.3245,0.7576
712.50,8.0445,2.3842,0.7396,2.4179,9.1141,1.6643,7.3821,2.4034,0.7405
713.00,8.1378,2.4744,0.7830,2.4020,9.2445,1.7120,7.4666,2.4948,0.7847
713.50,8.2312,2.5651,0.7493,2.3839,9.3784,1.6814,7.5629,2.5796,0.7542
714.00,8.3269,2.6531,0.7432,2.3698,9.5138,1.6737,7.6628,2.6720,0.7452
714.50,8.4223,2.7414,0.7499,2.3552,9.6500,1.6819,7.7630,2.7654,0.7511
715.00,8.5172,2.8302,0.7538,2.3403,9.7811,1.6869,7.8494,2.8455,0.7548
715.50,8.6128,2.9184,0.7338,2.3262,9.9083,1.6682,7.9431,2.9326,0.7374
716.00,8.7095,3.0054,0.7363,2.3141,10.0349,1.6696,8.0437,3.0178,0.7376
716.50,8.8051,3.0934,0.7405,2.2998,10.1677,1.6779,8.1455,3.1086,0.7436
717.00,8.9028,3.1791,0.6930,2.2884,10.2993,1.6315,8.2344,3.1962,0.6938
717.50,9.0054,3.2584,0.6442,2.2847,10.4230,1.5801,8.3317,3.2726,0.6424
718.00,9.1084,3.3380,0.6813,2.2820,10.5560,1.6150,8.4372,3.3538,0.6751
718.50,9.2046,3.4247,0.8098,2.2696,10.6889,1.7373,8.5373,3.4420,0.7996
719.00,9.2838,3.5177,1.0044,2.2383,10.8125,1.9295,8.6182,3.5405,0.9918
719.50,9.3393,3.6025,1.2611,2.1903,10.9040,2.1858,8.6634,3.6235,1.2459
720.00,9.3850,3.7264,1.5268,2.0955,11.0078,2.4504,8.7074,3.7512,1.5092
720.50,9.4078,3.8510,1.7920,1.9868,11.0737,2.7261,8.7207,3.8580,1.7849
721.00,9.3824,3.9762,1.8681,1.8635,11.1203,2.8129,8.7156,3.9952,1.8682
721.50,9.3487,4.0976,1.7768,1.7410,11.1655,2.7312,8.6899,4.1108,1.7760
722.00,9.3235,4.2262,1.5325,1.6246,11.2320,2.4875,8.6767,4.2441,1.5302
722.50,9.3218,4.3554,1.4256,1.5249,11.3203,2.3711,8.6715,4.3765,1.4124
723.00,9.3369,4.4843,1.4853,1.4285,11.4105,2.4292,8.6800,4.5009,1.4741
723.50,9.3434,4.6141,1.5296,1.3291,11.4911,2.4815,8.6882,4.6311,1.5242
724.00,9.3484,4.7440,1.5339,1.2277,11.5703,2.4838,8.6943,4.7634,1.5217
724.50,9.3480,4.8740,1.5581,1.1180,11.6529,2.5089,8.6994,4.8907,1.5467
725.00,9.3460,5.0039,1.5749,1.0085,11.7317,2.5271,8.7014,5.0255,1.5650
725.50,9.3413,5.1320,1.5954,0.8923,11.8112,2.5506,8.6903,5.1563,1.5850
726.00,9.3427,5.2149,1.5446,0.8211,11.8612,2.5000,8.6933,5.2334,1.5365
726.50,9.3494,5.2361,1.4939,0.8005,11.8771,2.4490,8.7017,5.2594,1.4798
727.00,9.3566,5.2361,1.4438,0.7953,11.8816,2.3996,8.7031,5.2662,1.4340
727.50,9.3633,5.2361,1.3955,0.7899,11.8867,2.3518,8.7042,5.2735,1.3862
728.00,9.3695,5.2361,1.3487,0.7854,11.8914,2.3062,8.7056,5.2798,1.3405
728.50,9.3752,5.2362,1.3034,0.7821,11.8953,2.2620,8.7068,5.2848,1.2964
729.00,9.3805,5.2362,1.2595,0.7785,11.8998,2.2193,8.7085,5.2903,1.2537
729.50,9.3852,5.2362,1.2168,0.7751,11.9043,2.1777,8.7103,5.2956,1.2120
730.00,9.3895,5.2363,1.1753,0.7729,11.9077,2.1369,8.7119,5.2995,1.1713
730.50,9.3933,5.2363,1.1350,0.7710,11.9107,2.0977,8.7315,5.2718,1.1299
731.00,9.3966,5.2364,1.0958,0.7691,11.9142,2.0598,8.7444,5.2564,1.0907
731.50,9.3994,5.2364,1.0576,0.7680,11.9164,2.0228,8.7456,5.2586,1.0537
732.00,9.4018,5.2365,1.0204,0.7671,11.9183,1.9867,8.7466,5.2604,1.0176
732.50,9.4037,5.2365,0.9841,0.7666,11.9195,1.9520,8.7473,5.2615,0.9829
733.00,9.4051,5.2366,0.9488,0.7663,11.9202,1.9177,8.7478,5.2622,0.9486
733.50,9.4061,5.2366,0.9145,0.7660,11.9211,1.8847,8.7483,5.2629,0.9156
734.00,9.4067,5.2367,0.8810,0.7660,11.9211,1.8522,8.7484,5.2630,0.8831
734.50,9.4068,5.2367,0.8483,0.7659,11.9214,1.8210,8.7486,5.2632,0.8519
735.00,9.4067,5.2371,0.8154,0.7658,11.9221,1.7894,8.7491,5.2638,0.8203
735.50,9.4067,5.2373,0.7814,0.7657,11.9226,1.7565,8.7494,5.2641,0.7874
736.00,9.4069,5.2374,0.7476,0.7656,11.9227,1.7232,8.7495,5.2642,0.7541
736.50,9.4070,5.2374,0.7150,0.7656,11.9230,1.6914,8.7497,5.2644,0.7223
737.00,9.4070,5.2372,0.6821,0.7656,11.9228,1.6597,8.7495,5.2642,0.6906
737.50,9.4069,5.2366,0.6484,0.7657,11.9223,1.6272,8.7491,5.2639,0.6581
738.00,9.4068,5.2355,0.6138,0.7657,11.9210,1.5937,8.7481,5.2632,0.6246
738.50,9.4068,5.2339,0.5783,0.7657,11.9191,1.5595,8.7465,5.2621,0.5903
739.00,9.4067,5.2319,0.5419,0.7657,11.9170,1.5242,8.7448,5.2609,0.5550
739.50,9.4067,5.2295,0.5045,0.7655,11.9138,1.4879,8.7420,5.2593,0.5188
740.00,9.4066,5.2265,0.4660,0.7651,11.9106,1.4513,8.7392,5.2577,0.4822
740.50,9.4066,5.2231,0.4265,0.7647,11.9075,1.4136,8.7364,5.2563,0.4445
741.00,9.4066,5.2192,0.3859,0.7639,11.9032,1.3744,8.7324,5.2545,0.4053
741.50,9.4065,5.2149,0.3442,0.7630,11.8990,1.3336,8.7284,5.2529,0.3644
742.00,9.4065,5.2100,0.3012,0.7616,11.8937,1.2921,8.7232,5.2510,0.3229
742.50,9.4065,5.2046,0.2570,0.7601,11.8889,1.2492,8.7185,5.2496,0.2801
743.00,9.4064,5.1988,0.2114,0.7577,11.8822,1.2041,8.7115,5.2478,0.2350
743.50,9.4064,5.1925,0.1642,0.7558,11.8776,1.1584,8.7067,5.2467,0.1892
744.00,9.4064,5.1856,0.1155,0.7529,11.8712,1.1109,8.6998,5.2456,0.1418
744.50,9.4064,5.1784,0.0651,0.7493,11.8644,1.0619,8.7366,5.2189,0.0711
745.00,9.4064,5.1706,0.0126,0.7451,11.8572,1.0108,8.7531,5.2015,0.0068
745.50,9.4064,5.1627,-0.0406,0.7464,11.8592,0.9582,8.7555,5.2014,-0.0458
746.00,9.4064,5.1551,-0.0920,0.7504,11.8646,0.9078,8.7622,5.2009,-0.0962
746.50,9.3944,5.1538,-0.1107,0.7441,11.8569,0.8864,8.7523,5.2020,-0.1177
747.00,9.3745,5.1560,-0.1107,0.7324,11.8425,0.8875,8.7338,5.2042,-0.1165
747.50,9.3547,5.1582,-0.1107,0.7196,11.8268,0.8883,8.7137,5.2066,-0.1157
748.00,9.3348,5.1604,-0.1107,0.7060,11.8100,0.8898,8.6824,5.1806,-0.1212
748.50,9.3149,5.1626,-0.1107,0.6934,11.7944,0.8907,8.6626,5.1831,-0.1203
749.00,9.2950,5.1648,-0.1107,0.6800,11.7779,0.8925,8.6415,5.1856,-0.1185
749.50,9.2752,5.1670,-0.1107,0.6685,11.7635,0.8940,8.6232,5.1878,-0.1170
750.00,9.2589,5.1689,-0.1107,0.6581,11.7507,0.8949,8.6169,5.1911,-0.1231
750.50,9.2440,5.1705,-0.1107,0.6474,11.7372,0.8960,8.5998,5.1932,-0.1219
751.00,9.2290,5.1722,-0.1107,0.6383,11.7259,0.8973,8.5854,5.1950,-0.1207
751.50,9.2141,5.1738,-0.1107,0.6290,11.7143,0.8981,8.5707,5.1968,-0.1198
752.00,9.1992,5.1755,-0.1107,0.6203,11.7033,0.8994,8.5567,5.1985,-0.1186
752.50,9.1843,5.1771,-0.1107,0.6097,11.6900,0.9009,8.5399,5.2005,-0.1171
753.00,9.1813,5.1775,-0.1107,0.6066,11.6860,0.9020,8.5351,5.2024,-0.1230
753.50,9.1813,5.1775,-0.1107,0.6066,11.6860,0.9037,8.5351,5.2024,-0.1213
754.00,9.1813,5.1775,-0.1107,0.6066,11.6860,0.9051,8.5351,5.2024,-0.1199
754.50,9.1813,5.1775,-0.1107,0.6066,11.6860,0.9062,8.5351,5.2024,-0.1188
755.00,9.1813,5.1775,-0.1107,0.6066,11.6860,0.9074,8.5351,5.2024,-0.1176
755.50,9.1813,5.1775,-0.1107,0.6066,11.6860,0.9089,8.5351,5.2024,-0.1160
756.00,9.1813,5.1775,-0.1107,0.6066,11.6860,0.9101,8.5351,5.2024,-0.1149
756.50,9.1813,5.1775,-0.1107,0.6066,11.6860,0.9110,8.5351,5.2024,-0.1139
757.00,9.1813,5.1775,-0.1107,0.6066,11.6860,0.9127,8.5351,5.2024,-0.1123
757.50,9.1813,5.1775,-0.1107,0.6066,11.6860,0.9142,8.5351,5.2024,-0.1108
758.00,9.1813,5.1775,-0.1107,0.6066,11.6860,0.9154,8.5351,5.2024,-0.1096
758.50,9.1813,5.1775,-0.1107,0.6066,11.6860,0.9172,8.5351,5.2024,-0.1078
759.00,9.1813,5.1775,-0.1107,0.6066,11.6860,0.9184,8.5351,5.2024,-0.1066
759.50,9.1813,5.1775,-0.1107,0.6066,11.6860,0.9191,8.5351,5.2024,-0.1059
760.00,9.1813,5.1775,-0.1107,0.6066,11.6860,0.9199,8.5351,5.2024,-0.1051
760.50,9.1813,5.1775,-0.1107,0.6066,11.6860,0.9209,8.5351,5.2024,-0.1041
761.00,9.1813,5.1775,-0.1107,0.6066,11.6860,0.9221,8.5351,5.2024,-0.1029
761.50,9.1813,5.1775,-0.1107,0.6066,11.6860,0.9231,8.5351,5.2024,-0.1019
762.00,9.1813,5.1775,-0.1107,0.6066,11.6860,0.9241,8.5351,5.2024,-0.1009
762.50,9.1813,5.1775,-0.1107,0.6066,11.6860,0.9258,8.5351,5.2024,-0.0991
763.00,9.1813,5.1775,-0.1107,0.6066,11.6860,0.9272,8.5351,5.2024,-0.0978
763.50,9.1813,5.1775,-0.1107,0.6066,11.6860,0.9278,8.5351,5.2024,-0.0972
764.00,9.1813,5.1775,-0.1107,0.6066,11.6860,0.9287,8.5351,5.2024,-0.0963
764.50,9.1813,5.1775,-0.1107,0.6066,11.6860,0.9299,8.5351,5.2024,-0.0951
765.00,9.1813,5.1775,-0.1107,0.6066,11.6860,0.9306,8.5351,5.2024,-0.0943
765.50,9.1813,5.1775,-0.1107,0.6066,11.6860,0.9319,8.5351,5.2024,-0.0931
766.00,9.1813,5.1775,-0.1107,0.6066,11.6860,0.9334,8.5351,5.2024,-0.0916
766.50,9.1813,5.1775,-0.1107,0.6066,11.6860,0.9342,8.5351,5.2024,-0.0908
767.00,9.1813,5.1775,-0.1107,0.6066,11.6860,0.9357,8.5351,5.2024,-0.0892
767.50,9.1813,5.1775,-0.1107,0.6066,11.6860,0.9371,8.5351,5.2024,-0.0879
768.00,9.1813,5.1775,-0.1107,0.6066,11.6860,0.9381,8.5351,5.2024,-0.0868
768.50,9.1813,5.1775,-0.1107,0.6066,11.6860,0.9392,8.5351,5.2024,-0.0858
769.00,9.1813,5.1775,-0.1107,0.6066,11.6860,0.9405,8.5351,5.2024,-0.0844
769.50,9.1813,5.1775,-0.1107,0.6066,11.6860,0.9413,8.5351,5.2024,-0.0836
770.00,9.1813,5.1775,-0.1107,0.6066,11.6860,0.9424,8.5351,5.2024,-0.0826
770.50,9.1813,5.1775,-0.1107,0.6066,11.6860,0.9440,8.5351,5.2024,-0.0809
771.00,9.1813,5.1775,-0.1107,0.6066,11.6860,0.9458,8.5351,5.2024,-0.0792
771.50,9.1813,5.1775,-0.1107,0.6066,11.6860,0.9470,8.5351,5.2024,-0.0780
772.00,9.1813,5.1775,-0.1107,0.6066,11.6860,0.9479,8.5351,5.2024,-0.0771
772.50,9.1813,5.1775,-0.1107,0.6066,11.6860,0.9489,8.5351,5.2024,-0.0760
773.00,9.1813,5.1775,-0.1107,0.6066,11.6860,0.9504,8.5351,5.2024,-0.0746
773.50,9.1813,5.1775,-0.1107,0.6066,11.6860,0.9515,8.5351,5.2024,-0.0735
774.00,9.1813,5.1775,-0.1107,0.6066,11.6860,0.9523,8.5351,5.2024,-0.0726
774.50,9.1813,5.1775,-0.1107,0.6066,11.6860,0.9534,8.5351,5.2024,-0.0715
775.00,9.1813,5.1775,-0.1107,0.6066,11.6860,0.9543,8.5351,5.2024,-0.0707
775.50,9.1813,5.1775,-0.1107,0.6066,11.6860,0.9562,8.5351,5.2024,-0.0688
776.00,9.1813,5.1775,-0.1107,0.6066,11.6860,0.9572,8.5351,5.2024,-0.0678
776.50,9.1813,5.1775,-0.1107,0.6066,11.6860,0.9591,8.5351,5.2024,-0.0658
777.00,9.1813,5.1775,-0.1107,0.6066,11.6860,0.9603,8.5351,5.2024,-0.0646
777.50,9.1813,5.1775,-0.1107,0.6066,11.6860,0.9620,8.5351,5.2024,-0.0630
778.00,9.1813,5.1775,-0.1107,0.6066,11.6860,0.9635,8.5351,5.2024,-0.0615
778.50,9.1813,5.1775,-0.1107,0.6066,11.6860,0.9644,8.5351,5.2024,-0.0606
779.00,9.1813,5.1775,-0.1107,0.6066,11.6860,0.9654,8.5351,5.2024,-0.0595
779.50,9.1813,5.1775,-0.1107,0.6066,11.6860,0.9671,8.5351,5.2024,-0.0578
780.00,9.1813,5.1775,-0.1107,0.6066,11.6860,0.9681,8.5351,5.2024,-0.0568
780.50,9.1813,5.1775,-0.1107,0.6066,11.6860,0.9695,8.5351,5.2024,-0.0555
781.00,9.1813,5.1775,-0.1107,0.6066,11.6860,0.9701,8.5351,5.2024,-0.0548
781.50,9.1813,5.1775,-0.1107,0.6066,11.6860,0.9712,8.5351,5.2024,-0.0538
782.00,9.1813,5.1775,-0.1107,0.6066,11.6860,0.9720,8.5351,5.2024,-0.0529
782.50,9.1813,5.1775,-0.1107,0.6066,11.6860,0.9732,8.5351,5.2024,-0.0518
783.00,9.1813,5.1775,-0.1107,0.6066,11.6860,0.9745,8.5351,5.2024,-0.0504
783.50,9.1813,5.1775,-0.1107,0.6066,11.6860,0.9757,8.5351,5.2024,-0.0493
784.00,9.1813,5.1775,-0.1107,0.6066,11.6860,0.9770,8.5351,5.2024,-0.0479
784.50,9.1813,5.1775,-0.1107,0.6066,11.6860,0.9782,8.5351,5.2024,-0.0468
785.00,9.1813,5.1775,-0.1107,0.6066,11.6860,0.9792,8.5351,5.2024,-0.0458
785.50,9.1813,5.1775,-0.1107,0.6066,11.6860,0.9809,8.5351,5.2024,-0.0441
786.00,9.1813,5.1775,-0.1107,0.6066,11.6860,0.9817,8.5351,5.2024,-0.0433
786.50,9.1813,5.1775,-0.1107,0.6066,11.6860,0.9828,8.5351,5.2024,-0.0422
787.00,9.1813,5.1775,-0.1107,0.6066,11.6860,0.9841,8.5351,5.2024,-0.0408
787.50,9.1813,5.1775,-0.1107,0.6066,11.6860,0.9854,8.5351,5.2024,-0.0396
788.00,9.1813,5.1775,-0.1107,0.6066,11.6860,0.9864,8.5351,5.2024,-0.0386
788.50,9.1813,5.1775,-0.1107,0.6066,11.6860,0.9870,8.5351,5.2024,-0.0379
789.00,9.1813,5.1775,-0.1107,0.6066,11.6860,0.9879,8.5351,5.2024,-0.0370
789.50,9.1813,5.1775,-0.1107,0.6066,11.6860,0.9889,8.5351,5.2024,-0.0360
790.00,9.1813,5.1775,-0.1107,0.6066,11.6860,0.9908,8.5351,5.2024,-0.0342
790.50,9.1813,5.1775,-0.1107,0.6066,11.6860,0.9917,8.5351,5.2024,-0.0333
791.00,9.1813,5.1775,-0.1107,0.6066,11.6860,0.9929,8.5351,5.2024,-0.0321
791.50,9.1813,5.1775,-0.1107,0.6066,11.6860,0.9937,8.5351,5.2024,-0.0312
792.00,9.1813,5.1775,-0.1107,0.6066,11.6860,0.9957,8.5351,5.2024,-0.0292
792.50,9.1813,5.1775,-0.1107,0.6066,11.6860,0.9974,8.5351,5.2024,-0.0276
793.00,9.1813,5.1775,-0.1107,0.6066,11.6860,0.9989,8.5351,5.2024,-0.0261
793.50,9.1813,5.1775,-0.1107,0.6066,11.6860,1.0001,8.5351,5.2024,-0.0249
794.00,9.1813,5.1775,-0.1107,0.6066,11.6860,1.0007,8.5351,5.2024,-0.0242
794.50,9.1813,5.1775,-0.1107,0.6066,11.6860,1.0020,8.5351,5.2024,-0.0230
795.00,9.1813,5.1775,-0.1107,0.6066,11.6860,1.0029,8.5351,5.2024,-0.0221
795.50,9.1813,5.1775,-0.1107,0.6066,11.6860,1.0042,8.5351,5.2024,-0.0207
796.00,9.1813,5.1775,-0.1107,0.6066,11.6860,1.0051,8.5351,5.2024,-0.0198
796.50,9.1813,5.1775,-0.1107,0.6066,11.6860,1.0068,8.5351,5.2024,-0.0182
797.00,9.1813,5.1775,-0.1107,0.6066,11.6860,1.0082,8.5351,5.2024,-0.0168
797.50,9.1813,5.1775,-0.1107,0.6066,11.6860,1.0093,8.5351,5.2024,-0.0157
798.00,9.1813,5.1775,-0.1107,0.6066,11.6860,1.0111,8.5351,5.2024,-0.0139
798.50,9.1813,5.1775,-0.1107,0.6066,11.6860,1.0122,8.5351,5.2024,-0.0127
799.00,9.1813,5.1775,-0.1107,0.6066,11.6860,1.0132,8.5351,5.2024,-0.0118
799.50,9.1813,5.1775,-0.1107,0.6066,11.6860,1.0140,8.5351,5.2024,-0.0110
800.00,9.1813,5.1775,-0.1107,0.6066,11.6860,1.0153,8.5351,5.2024,-0.0097
800.50,9.1813,5.1775,-0.1107,0.6066,11.6860,1.0167,8.5351,5.2024,-0.0083
801.00,9.1813,5.1775,-0.1107,0.6066,11.6860,1.0182,8.5351,5.2024,-0.0068
801.50,9.1813,5.1775,-0.1107,0.6066,11.6860,1.0196,8.5351,5.2024,-0.0053
802.00,9.1813,5.1775,-0.1107,0.6066,11.6860,1.0211,8.5351,5.2024,-0.0038
802.50,9.1813,5.1775,-0.1107,0.6066,11.6860,1.0224,8.5351,5.2024,-0.0025
803.00,9.1813,5.1775,-0.1107,0.6066,11.6860,1.0235,8.5351,5.2024,-0.0014
803.50,9.1813,5.1775,-0.1107,0.6066,11.6860,1.0242,8.5351,5.2024,-0.0008
804.00,9.1813,5.1775,-0.1107,0.6066,11.6860,1.0254,8.5351,5.2024,0.0004
804.50,9.1813,5.1775,-0.1107,0.6066,11.6860,1.0266,8.5351,5.2024,0.0016
805.00,9.1813,5.1775,-0.1107,0.6066,11.6860,1.0283,8.5351,5.2024,0.0033
805.50,9.1813,5.1775,-0.1107,0.6066,11.6860,1.0291,8.5351,5.2024,0.0042
806.00,9.1813,5.1775,-0.1107,0.6066,11.6860,1.0310,8.5351,5.2024,0.0060
806.50,9.1813,5.1775,-0.1107,0.6066,11.6860,1.0326,8.5351,5.2024,0.0076
807.00,9.1813,5.1775,-0.1107,0.6066,11.6860,1.0338,8.5351,5.2024,0.0088
807.50,9.1813,5.1775,-0.1107,0.6066,11.6860,1.0347,8.5351,5.2024,0.0097
808.00,9.1813,5.1775,-0.1107,0.6066,11.6860,1.0355,8.5351,5.2024,0.0106
808.50,9.1813,5.1775,-0.1107,0.6066,11.6860,1.0367,8.5351,5.2024,0.0118
809.00,9.1813,5.1775,-0.1107,0.6066,11.6860,1.0383,8.5351,5.2024,0.0133
809.50,9.1813,5.1775,-0.1107,0.6066,11.6860,1.0395,8.5351,5.2024,0.0145
810.00,9.1813,5.1775,-0.1107,0.6066,11.6860,1.0404,8.5351,5.2024,0.0154
810.50,9.1813,5.1775,-0.1107,0.6066,11.6860,1.0411,8.5351,5.2024,0.0162
811.00,9.1813,5.1775,-0.1107,0.6066,11.6860,1.0422,8.5351,5.2024,0.0172
811.50,9.1813,5.1775,-0.1107,0.6066,11.6860,1.0433,8.5351,5.2024,0.0183
812.00,9.1813,5.1775,-0.1107,0.6066,11.6860,1.0446,8.5351,5.2024,0.0196
812.50,9.1813,5.1775,-0.1107,0.6066,11.6860,1.0451,8.5351,5.2024,0.0201
813.00,9.1813,5.1775,-0.1107,0.6066,11.6860,1.0463,8.5351,5.2024,0.0213
813.50,9.1813,5.1775,-0.1107,0.6066,11.6860,1.0479,8.5351,5.2024,0.0230
814.00,9.1813,5.1775,-0.1107,0.6066,11.6860,1.0490,8.5351,5.2024,0.0240
814.50,9.1813,5.1775,-0.1107,0.6066,11.6860,1.0499,8.5351,5.2024,0.0250
815.00,9.1813,5.1775,-0.1107,0.6066,11.6860,1.0516,8.5351,5.2024,0.0266
815.50,9.1813,5.1775,-0.1107,0.6066,11.6860,1.0526,8.5351,5.2024,0.0277
816.00,9.1813,5.1775,-0.1107,0.6066,11.6860,1.0541,8.5351,5.2024,0.0291
816.50,9.1813,5.1775,-0.1107,0.6066,11.6860,1.0550,8.5351,5.2024,0.0300
817.00,9.1813,5.1775,-0.1107,0.6066,11.6860,1.0567,8.5351,5.2024,0.0317
817.50,9.1813,5.1775,-0.1107,0.6066,11.6860,1.0583,8.5351,5.2024,0.0333
818.00,9.1813,5.1775,-0.1107,0.6066,11.6860,1.0589,8.5351,5.2024,0.0339
818.50,9.1813,5.1775,-0.1107,0.6066,11.6860,1.0600,8.5351,5.2024,0.0350
819.00,9.1813,5.1775,-0.1107,0.6066,11.6860,1.0612,8.5351,5.2024,0.0363
819.50,9.1813,5.1775,-0.1107,0.6066,11.6860,1.0632,8.5351,5.2024,0.0382
820.00,9.1813,5.1775,-0.1107,0.6066,11.6860,1.0645,8.5351,5.2024,0.0395
820.50,9.1813,5.1775,-0.1107,0.6066,11.6860,1.0660,8.5351,5.2024,0.0410
821.00,9.1813,5.1775,-0.1107,0.6066,11.6860,1.0669,8.5351,5.2024,0.0419
821.50,9.1813,5.1775,-0.1107,0.6066,11.6860,1.0683,8.5351,5.2024,0.0433
822.00,9.1813,5.1775,-0.1107,0.6066,11.6860,1.0696,8.5351,5.2024,0.0446
822.50,9.1813,5.1775,-0.1107,0.6066,11.6860,1.0710,8.5351,5.2024,0.0460
823.00,9.1813,5.1775,-0.1107,0.6066,11.6860,1.0722,8.5351,5.2024,0.0472
823.50,9.1813,5.1775,-0.1107,0.6066,11.6860,1.0733,8.5351,5.2024,0.0483
824.00,9.1813,5.1775,-0.1107,0.6066,11.6860,1.0745,8.5351,5.2024,0.0495
824.50,9.1813,5.1775,-0.1107,0.6066,11.6860,1.0754,8.5351,5.2024,0.0505
825.00,9.1813,5.1775,-0.1107,0.6066,11.6860,1.0763,8.5351,5.2024,0.0513
825.50,9.1813,5.1775,-0.1107,0.6066,11.6860,1.0783,8.5351,5.2024,0.0533
826.00,9.1813,5.1775,-0.1107,0.6066,11.6860,1.0798,8.5351,5.2024,0.0549
826.50,9.1813,5.1775,-0.1107,0.6066,11.6860,1.0810,8.5351,5.2024,0.0560
827.00,9.1813,5.1775,-0.1107,0.6066,11.6860,1.0817,8.5351,5.2024,0.0568
827.50,9.1813,5.1775,-0.1107,0.6066,11.6860,1.0831,8.5351,5.2024,0.0581
828.00,9.1813,5.1775,-0.1107,0.6066,11.6860,1.0846,8.5351,5.2024,0.0596
828.50,9.1813,5.1775,-0.1107,0.6066,11.6860,1.0860,8.5351,5.2024,0.0610
829.00,9.1813,5.1775,-0.1107,0.6066,11.6860,1.0872,8.5351,5.2024,0.0622
829.50,9.1813,5.1775,-0.1107,0.6066,11.6860,1.0888,8.5351,5.2024,0.0639
830.00,9.1813,5.1775,-0.1107,0.6066,11.6860,1.0901,8.5351,5.2024,0.0651
830.50,9.1813,5.1775,-0.1107,0.6066,11.6860,1.0916,8.5351,5.2024,0.0667
831.00,9.1813,5.1775,-0.1107,0.6066,11.6860,1.0930,8.5351,5.2024,0.0680
831.50,9.1813,5.1775,-0.1107,0.6066,11.6860,1.0938,8.5351,5.2024,0.0688
832.00,9.1813,5.1775,-0.1107,0.6066,11.6860,1.0948,8.5351,5.2024,0.0698
832.50,9.1813,5.1775,-0.1107,0.6066,11.6860,1.0967,8.5351,5.2024,0.0717
833.00,9.1813,5.1775,-0.1107,0.6066,11.6860,1.0982,8.5351,5.2024,0.0732
833.50,9.1813,5.1775,-0.1107,0.6066,11.6860,1.0991,8.5351,5.2024,0.0742
834.00,9.1813,5.1775,-0.1107,0.6066,11.6860,1.1003,8.5351,5.2024,0.0754
834.50,9.1813,5.1775,-0.1107,0.6066,11.6860,1.1014,8.5351,5.2024,0.0764
835.00,9.1813,5.1775,-0.1107,0.6066,11.6860,1.1029,8.5351,5.2024,0.0780
835.50,9.1813,5.1775,-0.1107,0.6066,11.6860,1.1048,8.5351,5.2024,0.0799
836.00,9.1813,5.1775,-0.1107,0.6066,11.6860,1.1060,8.5351,5.2024,0.0810
836.50,9.1813,5.1775,-0.1107,0.6066,11.6860,1.1077,8.5351,5.2024,0.0827
837.00,9.1813,5.1775,-0.1107,0.6066,11.6860,1.1088,8.5351,5.2024,0.0838
837.50,9.1813,5.1775,-0.1107,0.6066,11.6860,1.1101,8.5351,5.2024,0.0851
838.00,9.1813,5.1775,-0.1107,0.6066,11.6860,1.1116,8.5351,5.2024,0.0866
838.50,9.1813,5.1775,-0.1107,0.6066,11.6860,1.1127,8.5351,5.2024,0.0878
839.00,9.1813,5.1775,-0.1107,0.6066,11.6860,1.1134,8.5351,5.2024,0.0885
839.50,9.1813,5.1775,-0.1107,0.6066,11.6860,1.1144,8.5351,5.2024,0.0894
840.00,9.1813,5.1775,-0.1107,0.6066,11.6860,1.1152,8.5351,5.2024,0.0902
840.50,9.1813,5.1775,-0.1107,0.6066,11.6860,1.1161,8.5351,5.2024,0.0911
841.00,9.1813,5.1775,-0.1107,0.6066,11.6860,1.1172,8.5351,5.2024,0.0922
841.50,9.1813,5.1775,-0.1107,0.6066,11.6860,1.1184,8.5351,5.2024,0.0934
842.00,9.1813,5.1775,-0.1107,0.6066,11.6860,1.1196,8.5351,5.2024,0.0947
842.50,9.1813,5.1775,-0.1107,0.6066,11.6860,1.1211,8.5351,5.2024,0.0962
843.00,9.1813,5.1775,-0.1107,0.6066,11.6860,1.1226,8.5351,5.2024,0.0976
843.50,9.1813,5.1775,-0.1107,0.6066,11.6860,1.1241,8.5351,5.2024,0.0992
844.00,9.1813,5.1775,-0.1107,0.6066,11.6860,1.1249,8.5351,5.2024,0.1000
844.50,9.1813,5.1775,-0.1107,0.6066,11.6860,1.1259,8.5351,5.2024,0.1009
845.00,9.1813,5.1775,-0.1107,0.6066,11.6860,1.1266,8.5351,5.2024,0.1017
845.50,9.1813,5.1775,-0.1107,0.6066,11.6860,1.1277,8.5351,5.2024,0.1028
846.00,9.1813,5.1775,-0.1107,0.6066,11.6860,1.1290,8.5351,5.2024,0.1041
846.50,9.1813,5.1775,-0.1107,0.6066,11.6860,1.1311,8.5351,5.2024,0.1061
847.00,9.1813,5.1775,-0.1107,0.6066,11.6860,1.1320,8.5351,5.2024,0.1070
847.50,9.1813,5.1775,-0.1107,0.6066,11.6860,1.1339,8.5351,5.2024,0.1089
848.00,9.1813,5.1775,-0.1107,0.6066,11.6860,1.1348,8.5351,5.2024,0.1099
848.50,9.1813,5.1775,-0.1107,0.6066,11.6860,1.1360,8.5351,5.2024,0.1110
849.00,9.1813,5.1775,-0.1107,0.6066,11.6860,1.1374,8.5351,5.2024,0.1124
849.50,9.1813,5.1775,-0.1107,0.6066,11.6860,1.1389,8.5351,5.2024,0.1139
850.00,9.1813,5.1775,-0.1107,0.6066,11.6860,1.1399,8.5351,5.2024,0.1149
850.50,9.1813,5.1775,-0.1107,0.6066,11.6860,1.1410,8.5351,5.2024,0.1160
851.00,9.1813,5.1775,-0.1107,0.6066,11.6860,1.1425,8.5351,5.2024,0.1175
851.50,9.1813,5.1775,-0.1107,0.6066,11.6860,1.1436,8.5351,5.2024,0.1187
852.00,9.1813,5.1775,-0.1107,0.6066,11.6860,1.1449,8.5351,5.2024,0.1200
852.50,9.1813,5.1775,-0.1107,0.6066,11.6860,1.1459,8.5351,5.2024,0.1209
853.00,9.1813,5.1775,-0.1107,0.6066,11.6860,1.1470,8.5351,5.2024,0.1220
853.50,9.1813,5.1775,-0.1107,0.6066,11.6860,1.1486,8.5351,5.2024,0.1237
854.00,9.1813,5.1775,-0.1107,0.6066,11.6860,1.1498,8.5351,5.2024,0.1249
854.50,9.1813,5.1775,-0.1107,0.6066,11.6860,1.1509,8.5351,5.2024,0.1260
855.00,9.1813,5.1775,-0.1107,0.6066,11.6860,1.1525,8.5351,5.2024,0.1276
855.50,9.1813,5.1775,-0.1107,0.6066,11.6860,1.1544,8.5351,5.2024,0.1295
856.00,9.1813,5.1775,-0.1107,0.6066,11.6860,1.1551,8.5351,5.2024,0.1301
856.50,9.1813,5.1775,-0.1107,0.6066,11.6860,1.1564,8.5351,5.2024,0.1314
857.00,9.1813,5.1775,-0.1107,0.6066,11.6860,1.1579,8.5351,5.2024,0.1329
857.50,9.1813,5.1775,-0.1107,0.6066,11.6860,1.1591,8.5351,5.2024,0.1341
858.00,9.1813,5.1775,-0.1107,0.6066,11.6860,1.1600,8.5351,5.2024,0.1350
858.50,9.1813,5.1775,-0.1107,0.6066,11.6860,1.1613,8.5351,5.2024,0.1364
859.00,9.1813,5.1775,-0.1107,0.6066,11.6860,1.1624,8.5351,5.2024,0.1375
859.50,9.1813,5.1775,-0.1107,0.6066,11.6860,1.1629,8.5351,5.2024,0.1379
860.00,9.1813,5.1775,-0.1107,0.6066,11.6860,1.1639,8.5351,5.2024,0.1389
860.50,9.1813,5.1775,-0.1107,0.6066,11.6860,1.1650,8.5351,5.2024,0.1400
861.00,9.1813,5.1775,-0.1107,0.6066,11.6860,1.1659,8.5351,5.2024,0.1410
861.50,9.1813,5.1775,-0.1107,0.6066,11.6860,1.1671,8.5351,5.2024,0.1422
862.00,9.1813,5.1775,-0.1107,0.6066,11.6860,1.1680,8.5351,5.2024,0.1430
862.50,9.1813,5.1775,-0.1107,0.6066,11.6860,1.1696,8.5351,5.2024,0.1446
863.00,9.1813,5.1775,-0.1107,0.6066,11.6860,1.1711,8.5351,5.2024,0.1461
863.50,9.1813,5.1775,-0.1107,0.6066,11.6860,1.1726,8.5351,5.2024,0.1476
864.00,9.1813,5.1775,-0.1107,0.6066,11.6860,1.1739,8.5351,5.2024,0.1489
864.50,9.1813,5.1775,-0.1107,0.6066,11.6860,1.1749,8.5351,5.2024,0.1499
865.00,9.1813,5.1775,-0.1107,0.6066,11.6860,1.1766,8.5351,5.2024,0.1516
865.50,9.1813,5.1775,-0.1107,0.6066,11.6860,1.1778,8.5351,5.2024,0.1528
866.00,9.1813,5.1775,-0.1107,0.6066,11.6860,1.1798,8.5351,5.2024,0.1548
866.50,9.1813,5.1775,-0.1107,0.6066,11.6860,1.1809,8.5351,5.2024,0.1559
867.00,9.1813,5.1775,-0.1107,0.6066,11.6860,1.1819,8.5351,5.2024,0.1570
867.50,9.1813,5.1775,-0.1107,0.6066,11.6860,1.1829,8.5351,5.2024,0.1579
868.00,9.1813,5.1775,-0.1107,0.6066,11.6860,1.1835,8.5351,5.2024,0.1586
868.50,9.1813,5.1775,-0.1107,0.6066,11.6860,1.1846,8.5351,5.2024,0.1596
869.00,9.1813,5.1775,-0.1107,0.6066,11.6860,1.1865,8.5351,5.2024,0.1615
869.50,9.1813,5.1775,-0.1107,0.6066,11.6860,1.1878,8.5351,5.2024,0.1628
870.00,9.1813,5.1775,-0.1107,0.6066,11.6860,1.1893,8.5351,5.2024,0.1643
870.50,9.1813,5.1775,-0.1107,0.6066,11.6860,1.1904,8.5351,5.2024,0.1655
871.00,9.1813,5.1775,-0.1107,0.6066,11.6860,1.1918,8.5351,5.2024,0.1668
871.50,9.1813,5.1775,-0.1107,0.6066,11.6860,1.1928,8.5351,5.2024,0.1679
872.00,9.1813,5.1775,-0.1107,0.6066,11.6860,1.1939,8.5351,5.2024,0.1690
872.50,9.1813,5.1775,-0.1107,0.6066,11.6860,1.1953,8.5351,5.2024,0.1703
873.00,9.1813,5.1775,-0.1107,0.6066,11.6860,1.1966,8.5351,5.2024,0.1716
873.50,9.1813,5.1775,-0.1107,0.6066,11.6860,1.1974,8.5351,5.2024,0.1724
874.00,9.1813,5.1775,-0.1107,0.6066,11.6860,1.1982,8.5351,5.2024,0.1732
874.50,9.1813,5.1775,-0.1107,0.6066,11.6860,1.1998,8.5351,5.2024,0.1749
875.00,9.1813,5.1775,-0.1107,0.6066,11.6860,1.2013,8.5351,5.2024,0.1764
875.50,9.1813,5.1775,-0.1107,0.6066,11.6860,1.2022,8.5351,5.2024,0.1772
876.00,9.1813,5.1775,-0.1107,0.6066,11.6860,1.2036,8.5351,5.2024,0.1786
876.50,9.1813,5.1775,-0.1107,0.6066,11.6860,1.2046,8.5351,5.2024,0.1796
877.00,9.1813,5.1775,-0.1107,0.6066,11.6860,1.2062,8.5351,5.2024,0.1813
877.50,9.1813,5.1775,-0.1107,0.6066,11.6860,1.2075,8.5351,5.2024,0.1825
878.00,9.1813,5.1775,-0.1107,0.6066,11.6860,1.2088,8.5351,5.2024,0.1838
878.50,9.1813,5.1775,-0.1107,0.6066,11.6860,1.2091,8.5351,5.2024,0.1841
879.00,9.1813,5.1775,-0.1107,0.6066,11.6860,1.2101,8.5351,5.2024,0.1851
879.50,9.1813,5.1775,-0.1107,0.6066,11.6860,1.2113,8.5351,5.2024,0.1863
880.00,9.1813,5.1775,-0.1107,0.6066,11.6860,1.2124,8.5351,5.2024,0.1875
880.50,9.1813,5.1775,-0.1107,0.6066,11.6860,1.2135,8.5351,5.2024,0.1886
881.00,9.1813,5.1775,-0.1107,0.6066,11.6860,1.2147,8.5351,5.2024,0.1897
881.50,9.1813,5.1775,-0.1107,0.6066,11.6860,1.2157,8.5351,5.2024,0.1907
882.00,9.1813,5.1775,-0.1107,0.6066,11.6860,1.2167,8.5351,5.2024,0.1917
882.50,9.1813,5.1775,-0.1107,0.6066,11.6860,1.2180,8.5351,5.2024,0.1930
883.00,9.1813,5.1775,-0.1107,0.6066,11.6860,1.2193,8.5351,5.2024,0.1943
883.50,9.1813,5.1775,-0.1107,0.6066,11.6860,1.2208,8.5351,5.2024,0.1958
884.00,9.1813,5.1775,-0.1107,0.6066,11.6860,1.2220,8.5351,5.2024,0.1970
884.50,9.1813,5.1775,-0.1107,0.6066,11.6860,1.2227,8.5351,5.2024,0.1977
885.00,9.1813,5.1775,-0.1107,0.6066,11.6860,1.2231,8.5351,5.2024,0.1982
885.50,9.1813,5.1775,-0.1107,0.6066,11.6860,1.2245,8.5351,5.2024,0.1995
886.00,9.1813,5.1775,-0.1107,0.6066,11.6860,1.2261,8.5351,5.2024,0.2011
886.50,9.1813,5.1775,-0.1107,0.6066,11.6860,1.2268,8.5351,5.2024,0.2018
887.00,9.1813,5.1775,-0.1107,0.6066,11.6860,1.2275,8.5351,5.2024,0.2025
887.50,9.1813,5.1775,-0.1107,0.6066,11.6860,1.2289,8.5351,5.2024,0.2040
888.00,9.1813,5.1775,-0.1107,0.6066,11.6860,1.2303,8.5351,5.2024,0.2054
888.50,9.1813,5.1775,-0.1107,0.6066,11.6860,1.2317,8.5351,5.2024,0.2067
889.00,9.1813,5.1775,-0.1107,0.6066,11.6860,1.2333,8.5351,5.2024,0.2084
889.50,9.1813,5.1775,-0.1107,0.6066,11.6860,1.2342,8.5351,5.2024,0.2093
890.00,9.1813,5.1775,-0.1107,0.6066,11.6860,1.2359,8.5351,5.2024,0.2109
890.50,9.1813,5.1775,-0.1107,0.6066,11.6860,1.2369,8.5351,5.2024,0.2120
891.00,9.1813,5.1775,-0.1107,0.6066,11.6860,1.2383,8.5351,5.2024,0.2133
891.50,9.1813,5.1775,-0.1107,0.6066,11.6860,1.2390,8.5351,5.2024,0.2140
892.00,9.1813,5.1775,-0.1107,0.6066,11.6860,1.2400,8.5351,5.2024,0.2151
892.50,9.1813,5.1775,-0.1107,0.6066,11.6860,1.2413,8.5351,5.2024,0.2164
893.00,9.1813,5.1775,-0.1107,0.6066,11.6860,1.2421,8.5351,5.2024,0.2171
893.50,9.1813,5.1775,-0.1107,0.6066,11.6860,1.2436,8.5351,5.2024,0.2186
894.00,9.1813,5.1775,-0.1107,0.6066,11.6860,1.2450,8.5351,5.2024,0.2200
894.50,9.1813,5.1775,-0.1107,0.6066,11.6860,1.2466,8.5351,5.2024,0.2216
895.00,9.1813,5.1775,-0.1107,0.6066,11.6860,1.2475,8.5351,5.2024,0.2225
895.50,9.1813,5.1775,-0.1107,0.6066,11.6860,1.2487,8.5351,5.2024,0.2237
896.00,9.1813,5.1775,-0.1107,0.6066,11.6860,1.2498,8.5351,5.2024,0.2248
896.50,9.1813,5.1775,-0.1107,0.6066,11.6860,1.2514,8.5351,5.2024,0.2264
897.00,9.1813,5.1775,-0.1107,0.6066,11.6860,1.2527,8.5351,5.2024,0.2277
897.50,9.1813,5.1775,-0.1107,0.6066,11.6860,1.2539,8.5351,5.2024,0.2289
898.00,9.1813,5.1775,-0.1107,0.6066,11.6860,1.2551,8.5351,5.2024,0.2301
898.50,9.1813,5.1775,-0.1107,0.6066,11.6860,1.2562,8.5351,5.2024,0.2313
899.00,9.1813,5.1775,-0.1107,0.6066,11.6860,1.2575,8.5351,5.2024,0.2326
899.50,9.1813,5.1775,-0.1107,0.6066,11.6860,1.2588,8.5351,5.2024,0.2339
900.00,9.1813,5.1775,-0.1107,0.6066,11.6860,1.2597,8.5351,5.2024,0.2347
900.50,9.1813,5.1775,-0.1107,0.6066,11.6860,1.2607,8.5351,5.2024,0.2357
901.00,9.1813,5.1775,-0.1107,0.6066,11.6860,1.2615,8.5351,5.2024,0.2365
901.50,9.1813,5.1775,-0.1107,0.6066,11.6860,1.2629,8.5351,5.2024,0.2380
902.00,9.1813,5.1775,-0.1107,0.6066,11.6860,1.2639,8.5351,5.2024,0.2390
902.50,9.1813,5.1775,-0.1107,0.6066,11.6860,1.2648,8.5351,5.2024,0.2399
903.00,9.1813,5.1775,-0.1107,0.6066,11.6860,1.2656,8.5351,5.2024,0.2406
903.50,9.1813,5.1775,-0.1107,0.6066,11.6860,1.2669,8.5351,5.2024,0.2419
904.00,9.1813,5.1775,-0.1107,0.6066,11.6860,1.2681,8.5351,5.2024,0.2432
904.50,9.1813,5.1775,-0.1107,0.6066,11.6860,1.2695,8.5351,5.2024,0.2445
905.00,9.1813,5.1775,-0.1107,0.6066,11.6860,1.2710,8.5351,5.2024,0.2460
905.50,9.1813,5.1775,-0.1107,0.6066,11.6860,1.2728,8.5351,5.2024,0.2478
906.00,9.1813,5.1775,-0.1107,0.6066,11.6860,1.2743,8.5351,5.2024,0.2493
906.50,9.1813,5.1775,-0.1107,0.6066,11.6860,1.2753,8.5351,5.2024,0.2504
907.00,9.1813,5.1775,-0.1107,0.6066,11.6860,1.2768,8.5351,5.2024,0.2518
907.50,9.1813,5.1775,-0.1107,0.6066,11.6860,1.2777,8.5351,5.2024,0.2528
908.00,9.1813,5.1775,-0.1107,0.6066,11.6860,1.2787,8.5351,5.2024,0.2537
908.50,9.1813,5.1775,-0.1107,0.6066,11.6860,1.2801,8.5351,5.2024,0.2551
909.00,9.1813,5.1775,-0.1107,0.6066,11.6860,1.2809,8.5351,5.2024,0.2559
909.50,9.1813,5.1775,-0.1107,0.6066,11.6860,1.2823,8.5351,5.2024,0.2573
910.00,9.1813,5.1775,-0.1107,0.6066,11.6860,1.2836,8.5351,5.2024,0.2587
910.50,9.1813,5.1775,-0.1107,0.6066,11.6860,1.2845,8.5351,5.2024,0.2596
911.00,9.1813,5.1775,-0.1107,0.6066,11.6860,1.2851,8.5351,5.2024,0.2601
911.50,9.1813,5.1775,-0.1107,0.6066,11.6860,1.2867,8.5351,5.2024,0.2617
912.00,9.1813,5.1775,-0.1107,0.6066,11.6860,1.2880,8.5351,5.2024,0.2630
912.50,9.1813,5.1775,-0.1107,0.6066,11.6860,1.2895,8.5351,5.2024,0.2646
913.00,9.1813,5.1775,-0.1107,0.6066,11.6860,1.2908,8.5351,5.2024,0.2659
913.50,9.1813,5.1775,-0.1107,0.6066,11.6860,1.2922,8.5351,5.2024,0.2673
914.00,9.1813,5.1775,-0.1107,0.6066,11.6860,1.2934,8.5351,5.2024,0.2685
914.50,9.1813,5.1775,-0.1107,0.6066,11.6860,1.2947,8.5351,5.2024,0.2698
915.00,9.1813,5.1775,-0.1107,0.6066,11.6860,1.2957,8.5351,5.2024,0.2707
915.50,9.1813,5.1775,-0.1107,0.6066,11.6860,1.2968,8.5351,5.2024,0.2718
916.00,9.1813,5.1775,-0.1107,0.6066,11.6860,1.2980,8.5351,5.2024,0.2730
916.50,9.1813,5.1775,-0.1107,0.6066,11.6860,1.2991,8.5351,5.2024,0.2741
917.00,9.1813,5.1775,-0.1107,0.6066,11.6860,1.3002,8.5351,5.2024,0.2753
917.50,9.1813,5.1775,-0.1107,0.6066,11.6860,1.3014,8.5351,5.2024,0.2764
918.00,9.1813,5.1775,-0.1107,0.6066,11.6860,1.3023,8.5351,5.2024,0.2773
918.50,9.1813,5.1775,-0.1107,0.6066,11.6860,1.3034,8.5351,5.2024,0.2785
919.00,9.1813,5.1775,-0.1107,0.6066,11.6860,1.3044,8.5351,5.2024,0.2794
919.50,9.1813,5.1775,-0.1107,0.6066,11.6860,1.3066,8.5351,5.2024,0.2817
920.00,9.1813,5.1775,-0.1107,0.6066,11.6860,1.3079,8.5351,5.2024,0.2829
920.50,9.1813,5.1775,-0.1107,0.6066,11.6860,1.3088,8.5351,5.2024,0.2839
921.00,9.1813,5.1775,-0.1107,0.6066,11.6860,1.3095,8.5351,5.2024,0.2846
921.50,9.1813,5.1775,-0.1107,0.6066,11.6860,1.3111,8.5351,5.2024,0.2861
922.00,9.1813,5.1775,-0.1107,0.6066,11.6860,1.3127,8.5351,5.2024,0.2877
922.50,9.1813,5.1775,-0.1107,0.6066,11.6860,1.3138,8.5351,5.2024,0.2888
923.00,9.1813,5.1775,-0.1107,0.6066,11.6860,1.3143,8.5351,5.2024,0.2894
923.50,9.1813,5.1775,-0.1107,0.6066,11.6860,1.3153,8.5351,5.2024,0.2903
924.00,9.1813,5.1775,-0.1107,0.6066,11.6860,1.3162,8.5351,5.2024,0.2913
924.50,9.1813,5.1775,-0.1107,0.6066,11.6860,1.3172,8.5351,5.2024,0.2923
925.00,9.1813,5.1775,-0.1107,0.6066,11.6860,1.3187,8.5351,5.2024,0.2937
925.50,9.1813,5.1775,-0.1107,0.6066,11.6860,1.3200,8.5351,5.2024,0.2951
926.00,9.1813,5.1775,-0.1107,0.6066,11.6860,1.3211,8.5351,5.2024,0.2961
926.50,9.1813,5.1775,-0.1107,0.6066,11.6860,1.3220,8.5351,5.2024,0.2971
927.00,9.1813,5.1775,-0.1107,0.6066,11.6860,1.3234,8.5351,5.2024,0.2984
927.50,9.1813,5.1775,-0.1107,0.6066,11.6860,1.3240,8.5351,5.2024,0.2991
928.00,9.1813,5.1775,-0.1107,0.6066,11.6860,1.3251,8.5351,5.2024,0.3001
928.50,9.1813,5.1775,-0.1107,0.6066,11.6860,1.3261,8.5351,5.2024,0.3011
929.00,9.1813,5.1775,-0.1107,0.6066,11.6860,1.3270,8.5351,5.2024,0.3021
929.50,9.1813,5.1775,-0.1107,0.6066,11.6860,1.3281,8.5351,5.2024,0.3031
930.00,9.1813,5.1775,-0.1107,0.6066,11.6860,1.3290,8.5351,5.2024,0.3040
930.50,9.1813,5.1775,-0.1107,0.6066,11.6860,1.3297,8.5351,5.2024,0.3048
931.00,9.1813,5.1775,-0.1107,0.6066,11.6860,1.3304,8.5351,5.2024,0.3055
931.50,9.1813,5.1775,-0.1107,0.6066,11.6860,1.3307,8.5351,5.2024,0.3057
932.00,9.1813,5.1775,-0.1107,0.6066,11.6860,1.3321,8.5351,5.2024,0.3071
932.50,9.1813,5.1775,-0.1107,0.6066,11.6860,1.3332,8.5351,5.2024,0.3082
933.00,9.1813,5.1775,-0.1107,0.6066,11.6860,1.3346,8.5351,5.2024,0.3097
933.50,9.1813,5.1775,-0.1107,0.6066,11.6860,1.3353,8.5351,5.2024,0.3104
934.00,9.1813,5.1775,-0.1107,0.6066,11.6860,1.3366,8.5351,5.2024,0.3116
934.50,9.1813,5.1775,-0.1107,0.6066,11.6860,1.3373,8.5351,5.2024,0.3123
935.00,9.1813,5.1775,-0.1107,0.6066,11.6860,1.3382,8.5351,5.2024,0.3132
935.50,9.1813,5.1775,-0.1107,0.6066,11.6860,1.3393,8.5351,5.2024,0.3144
936.00,9.1813,5.1775,-0.1107,0.6066,11.6860,1.3403,8.5351,5.2024,0.3154
936.50,9.1813,5.1775,-0.1107,0.6066,11.6860,1.3408,8.5351,5.2024,0.3158
937.00,9.1813,5.1775,-0.1107,0.6066,11.6860,1.3419,8.5351,5.2024,0.3170
937.50,9.1813,5.1775,-0.1107,0.6066,11.6860,1.3437,8.5351,5.2024,0.3187
938.00,9.1813,5.1775,-0.1107,0.6066,11.6860,1.3447,8.5351,5.2024,0.3197
938.50,9.1813,5.1775,-0.1107,0.6066,11.6860,1.3459,8.5351,5.2024,0.3209
939.00,9.1813,5.1775,-0.1107,0.6066,11.6860,1.3466,8.5351,5.2024,0.3216
939.50,9.1813,5.1775,-0.1107,0.6066,11.6860,1.3475,8.5351,5.2024,0.3226
940.00,9.1813,5.1775,-0.1107,0.6066,11.6860,1.3489,8.5351,5.2024,0.3239
940.50,9.1813,5.1775,-0.1107,0.6066,11.6860,1.3503,8.5351,5.2024,0.3253
941.00,9.1813,5.1775,-0.1107,0.6066,11.6860,1.3515,8.5351,5.2024,0.3265
941.50,9.1813,5.1775,-0.1107,0.6066,11.6860,1.3520,8.5351,5.2024,0.3270
942.00,9.1813,5.1775,-0.1107,0.6066,11.6860,1.3529,8.5351,5.2024,0.3280
942.50,9.1813,5.1775,-0.1107,0.6066,11.6860,1.3538,8.5351,5.2024,0.3288
943.00,9.1813,5.1775,-0.1107,0.6066,11.6860,1.3554,8.5351,5.2024,0.3304
943.50,9.1813,5.1775,-0.1107,0.6066,11.6860,1.3565,8.5351,5.2024,0.3316
944.00,9.1813,5.1775,-0.1107,0.6066,11.6860,1.3579,8.5351,5.2024,0.3329
944.50,9.1813,5.1775,-0.1107,0.6066,11.6860,1.3588,8.5351,5.2024,0.3339
945.00,9.1813,5.1775,-0.1107,0.6066,11.6860,1.3602,8.5351,5.2024,0.3352
945.50,9.1813,5.1775,-0.1107,0.6066,11.6860,1.3613,8.5351,5.2024,0.3363
946.00,9.1813,5.1775,-0.1107,0.6066,11.6860,1.3625,8.5351,5.2024,0.3376
946.50,9.1813,5.1775,-0.1107,0.6066,11.6860,1.3632,8.5351,5.2024,0.3382
947.00,9.1813,5.1775,-0.1107,0.6066,11.6860,1.3645,8.5351,5.2024,0.3395
947.50,9.1813,5.1775,-0.1107,0.6066,11.6860,1.3657,8.5351,5.2024,0.3407
948.00,9.1813,5.1775,-0.1107,0.6066,11.6860,1.3665,8.5351,5.2024,0.3415
948.50,9.1813,5.1775,-0.1107,0.6066,11.6860,1.3672,8.5351,5.2024,0.3422
949.00,9.1813,5.1775,-0.1107,0.6066,11.6860,1.3683,8.5351,5.2024,0.3434
949.50,9.1813,5.1775,-0.1107,0.6066,11.6860,1.3696,8.5351,5.2024,0.3446
950.00,9.1813,5.1775,-0.1107,0.6066,11.6860,1.3703,8.5351,5.2024,0.3453
950.50,9.1813,5.1775,-0.1107,0.6066,11.6860,1.3718,8.5351,5.2024,0.3469
951.00,9.1813,5.1775,-0.1107,0.6066,11.6860,1.3730,8.5351,5.2024,0.3480
951.50,9.1813,5.1775,-0.1107,0.6066,11.6860,1.3740,8.5351,5.2024,0.3490
952.00,9.1813,5.1775,-0.1107,0.6066,11.6860,1.3748,8.5351,5.2024,0.3499
952.50,9.1813,5.1775,-0.1107,0.6066,11.6860,1.3755,8.5351,5.2024,0.3505
953.00,9.1813,5.1775,-0.1107,0.6066,11.6860,1.3762,8.5351,5.2024,0.3513
953.50,9.1813,5.1775,-0.1107,0.6066,11.6860,1.3769,8.5351,5.2024,0.3520
954.00,9.1813,5.1775,-0.1107,0.6066,11.6860,1.3784,8.5351,5.2024,0.3535
954.50,9.1813,5.1775,-0.1107,0.6066,11.6860,1.3789,8.5351,5.2024,0.3540
955.00,9.1813,5.1775,-0.1107,0.6066,11.6860,1.3799,8.5351,5.2024,0.3550
955.50,9.1813,5.1775,-0.1107,0.6066,11.6860,1.3813,8.5351,5.2024,0.3563
956.00,9.1813,5.1775,-0.1107,0.6066,11.6860,1.3826,8.5351,5.2024,0.3576
956.50,9.1813,5.1775,-0.1107,0.6066,11.6860,1.3841,8.5351,5.2024,0.3591
957.00,9.1813,5.1775,-0.1107,0.6066,11.6860,1.3853,8.5351,5.2024,0.3604
957.50,9.1813,5.1775,-0.1107,0.6066,11.6860,1.3869,8.5351,5.2024,0.3619
958.00,9.1813,5.1775,-0.1107,0.6066,11.6860,1.3880,8.5351,5.2024,0.3631
958.50,9.1813,5.1775,-0.1107,0.6066,11.6860,1.3890,8.5351,5.2024,0.3640
959.00,9.1813,5.1775,-0.1107,0.6066,11.6860,1.3896,8.5351,5.2024,0.3647
959.50,9.1813,5.1775,-0.1107,0.6066,11.6860,1.3909,8.5351,5.2024,0.3659
960.00,9.1813,5.1775,-0.1107,0.6066,11.6860,1.3919,8.5351,5.2024,0.3670
960.50,9.1813,5.1775,-0.1107,0.6066,11.6860,1.3933,8.5351,5.2024,0.3683
961.00,9.1813,5.1775,-0.1107,0.6066,11.6860,1.3942,8.5351,5.2024,0.3693
961.50,9.1813,5.1775,-0.1107,0.6066,11.6860,1.3957,8.5351,5.2024,0.3707
962.00,9.1813,5.1775,-0.1107,0.6066,11.6860,1.3964,8.5351,5.2024,0.3714
962.50,9.1813,5.1775,-0.1107,0.6066,11.6860,1.3974,8.5351,5.2024,0.3724
963.00,9.1813,5.1775,-0.1107,0.6066,11.6860,1.3983,8.5351,5.2024,0.3734
963.50,9.1813,5.1775,-0.1107,0.6066,11.6860,1.3990,8.5351,5.2024,0.3741
964.00,9.1813,5.1775,-0.1107,0.6066,11.6860,1.4000,8.5351,5.2024,0.3750
964.50,9.1813,5.1775,-0.1107,0.6066,11.6860,1.4011,8.5351,5.2024,0.3761
965.00,9.1813,5.1775,-0.1107,0.6066,11.6860,1.4018,8.5351,5.2024,0.3768
965.50,9.1813,5.1775,-0.1107,0.6066,11.6860,1.4025,8.5351,5.2024,0.3776
966.00,9.1813,5.1775,-0.1107,0.6066,11.6860,1.4034,8.5351,5.2024,0.3785
966.50,9.1813,5.1775,-0.1107,0.6066,11.6860,1.4047,8.5351,5.2024,0.3798
967.00,9.1813,5.1775,-0.1107,0.6066,11.6860,1.4059,8.5351,5.2024,0.3809
967.50,9.1813,5.1775,-0.1107,0.6066,11.6860,1.4069,8.5351,5.2024,0.3820
968.00,9.1813,5.1775,-0.1107,0.6066,11.6860,1.4080,8.5351,5.2024,0.3830
968.50,9.1813,5.1775,-0.1107,0.6066,11.6860,1.4089,8.5351,5.2024,0.3839
969.00,9.1813,5.1775,-0.1107,0.6066,11.6860,1.4098,8.5351,5.2024,0.3848
969.50,9.1813,5.1775,-0.1107,0.6066,11.6860,1.4110,8.5351,5.2024,0.3860
970.00,9.1813,5.1775,-0.1107,0.6066,11.6860,1.4123,8.5351,5.2024,0.3873
970.50,9.1813,5.1775,-0.1107,0.6066,11.6860,1.4129,8.5351,5.2024,0.3880
971.00,9.1813,5.1775,-0.1107,0.6066,11.6860,1.4142,8.5351,5.2024,0.3892
971.50,9.1813,5.1775,-0.1107,0.6066,11.6860,1.4157,8.5351,5.2024,0.3907
972.00,9.1813,5.1775,-0.1107,0.6066,11.6860,1.4159,8.5351,5.2024,0.3909
972.50,9.1813,5.1775,-0.1107,0.6066,11.6860,1.4166,8.5351,5.2024,0.3917
973.00,9.1813,5.1775,-0.1107,0.6066,11.6860,1.4177,8.5351,5.2024,0.3928
973.50,9.1813,5.1775,-0.1107,0.6066,11.6860,1.4189,8.5351,5.2024,0.3940
974.00,9.1813,5.1775,-0.1107,0.6066,11.6860,1.4202,8.5351,5.2024,0.3952
974.50,9.1813,5.1775,-0.1107,0.6066,11.6860,1.4214,8.5351,5.2024,0.3964
975.00,9.1813,5.1775,-0.1107,0.6066,11.6860,1.4222,8.5351,5.2024,0.3973
975.50,9.1813,5.1775,-0.1107,0.6066,11.6860,1.4234,8.5351,5.2024,0.3984
976.00,9.1813,5.1775,-0.1107,0.6066,11.6860,1.4245,8.5351,5.2024,0.3995
976.50,9.1813,5.1775,-0.1107,0.6066,11.6860,1.4256,8.5351,5.2024,0.4006
977.00,9.1813,5.1775,-0.1107,0.6066,11.6860,1.4260,8.5351,5.2024,0.4010
977.50,9.1813,5.1775,-0.1107,0.6066,11.6860,1.4271,8.5351,5.2024,0.4021
978.00,9.1813,5.1775,-0.1107,0.6066,11.6860,1.4286,8.5351,5.2024,0.4036
978.50,9.1813,5.1775,-0.1107,0.6066,11.6860,1.4297,8.5351,5.2024,0.4047
979.00,9.1813,5.1775,-0.1107,0.6066,11.6860,1.4308,8.5351,5.2024,0.4058
979.50,9.1813,5.1775,-0.1107,0.6066,11.6860,1.4319,8.5351,5.2024,0.4070
980.00,9.1813,5.1775,-0.1107,0.6066,11.6860,1.4334,8.5351,5.2024,0.4085
980.50,9.1813,5.1775,-0.1107,0.6066,11.6860,1.4345,8.5351,5.2024,0.4095
981.00,9.1813,5.1775,-0.1107,0.6066,11.6860,1.4353,8.5351,5.2024,0.4103
981.50,9.1813,5.1775,-0.1107,0.6066,11.6860,1.4369,8.5351,5.2024,0.4120
982.00,9.1813,5.1775,-0.1107,0.6066,11.6860,1.4379,8.5351,5.2024,0.4129
982.50,9.1813,5.1775,-0.1107,0.6066,11.6860,1.4393,8.5351,5.2024,0.4143
983.00,9.1813,5.1775,-0.1107,0.6066,11.6860,1.4402,8.5351,5.2024,0.4153
983.50,9.1813,5.1775,-0.1107,0.6066,11.6860,1.4413,8.5351,5.2024,0.4164
984.00,9.1813,5.1775,-0.1107,0.6066,11.6860,1.4432,8.5351,5.2024,0.4182
984.50,9.1813,5.1775,-0.1107,0.6066,11.6860,1.4443,8.5351,5.2024,0.4194
985.00,9.1813,5.1775,-0.1107,0.6066,11.6860,1.4456,8.5351,5.2024,0.4206
985.50,9.1813,5.1775,-0.1107,0.6066,11.6860,1.4468,8.5351,5.2024,0.4219
986.00,9.1813,5.1775,-0.1107,0.6066,11.6860,1.4476,8.5351,5.2024,0.4226
986.50,9.1813,5.1775,-0.1107,0.6066,11.6860,1.4487,8.5351,5.2024,0.4237
987.00,9.1813,5.1775,-0.1107,0.6066,11.6860,1.4497,8.5351,5.2024,0.4247
987.50,9.1813,5.1775,-0.1107,0.6066,11.6860,1.4512,8.5351,5.2024,0.4262
988.00,9.1813,5.1775,-0.1107,0.6066,11.6860,1.4528,8.5351,5.2024,0.4279
988.50,9.1813,5.1775,-0.1107,0.6066,11.6860,1.4540,8.5351,5.2024,0.4290
