t,gt_x,gt_y,gt_yaw,odom_x,odom_y,odom_yaw,slam_x,slam_y,slam_yaw
53.50,-0.0000,0.0000,0.0000,0.0000,0.0000,0.0335,0.0000,0.0000,0.0335
54.00,-0.0000,0.0000,0.0000,0.0000,0.0000,0.0342,0.0000,0.0000,0.0342
54.50,-0.0000,0.0000,0.0000,0.0000,0.0000,0.0349,0.0000,0.0000,0.0349
55.00,-0.0000,0.0000,0.0000,0.0000,0.0000,0.0351,0.0000,0.0000,0.0351
55.50,-0.0000,0.0000,0.0000,0.0000,0.0000,0.0353,0.0000,0.0000,0.0353
56.00,-0.0000,0.0000,0.0000,0.0000,0.0000,0.0358,0.0000,0.0000,0.0358
56.50,-0.0000,0.0000,0.0000,0.0000,0.0000,0.0364,0.0000,0.0000,0.0364
57.00,-0.0000,0.0000,0.0000,0.0000,0.0000,0.0370,0.0000,0.0000,0.0370
57.50,-0.0000,0.0000,0.0000,0.0000,0.0000,0.0380,0.0000,0.0000,0.0380
58.00,-0.0000,0.0000,0.0000,0.0000,0.0000,0.0384,0.0000,0.0000,0.0384
58.50,-0.0000,0.0000,0.0000,0.0000,0.0000,0.0386,0.0000,0.0000,0.0386
59.00,-0.0000,0.0000,0.0000,0.0000,0.0000,0.0393,0.0000,0.0000,0.0393
59.50,-0.0000,0.0000,0.0000,0.0000,0.0000,0.0401,0.0000,0.0000,0.0401
60.00,-0.0000,0.0000,0.0000,0.0000,0.0000,0.0406,0.0000,0.0000,0.0406
60.50,-0.0000,0.0000,0.0000,0.0000,0.0000,0.0414,0.0000,0.0000,0.0414
61.00,-0.0000,0.0000,0.0000,0.0000,0.0000,0.0423,0.0000,0.0000,0.0423
61.50,-0.0000,0.0000,0.0000,0.0000,0.0000,0.0432,0.0000,0.0000,0.0432
62.00,0.0371,-0.0000,-0.0000,0.0367,0.0016,0.0437,0.0367,0.0016,0.0437
62.50,0.0971,-0.0000,-0.0000,0.0932,0.0041,0.0440,0.0531,-0.0005,0.0091
63.00,0.1571,-0.0000,-0.0000,0.1536,0.0068,0.0450,0.1135,0.0001,0.0101
63.50,0.2171,-0.0000,-0.0000,0.2105,0.0093,0.0459,0.0805,0.0007,0.0110
64.00,0.2771,-0.0000,-0.0000,0.2707,0.0121,0.0467,0.0760,0.0014,0.0118
64.50,0.3371,-0.0000,-0.0000,0.3341,0.0151,0.0470,0.1241,0.0022,0.0121
65.00,0.3971,-0.0000,-0.0000,0.3934,0.0179,0.0481,0.0935,0.0029,0.0132
65.50,0.4571,-0.0000,-0.0000,0.4513,0.0207,0.0479,0.1515,0.0037,0.0130
66.00,0.5171,-0.0000,-0.0000,0.5154,0.0238,0.0481,0.1157,0.0045,0.0132
66.50,0.5771,-0.0000,-0.0000,0.5725,0.0266,0.0491,0.1229,0.0053,0.0142
67.00,0.6371,-0.0000,-0.0000,0.6330,0.0295,0.0495,0.1034,0.0067,0.0111
67.50,0.6971,-0.0000,-0.0000,0.6982,0.0328,0.0500,0.1287,0.0074,0.0116
68.00,0.7571,-0.0000,-0.0000,0.7557,0.0357,0.0508,0.1363,0.0081,0.0124
68.50,0.8171,-0.0000,-0.0000,0.8195,0.0390,0.0517,0.1515,0.0094,0.0105
69.00,0.8771,-0.0000,-0.0000,0.8778,0.0420,0.0520,0.1985,0.0101,0.0101
69.50,0.9371,-0.0000,-0.0000,0.9375,0.0451,0.0523,0.2383,0.0112,0.0070
70.00,0.9971,-0.0000,-0.0000,1.0022,0.0485,0.0530,0.3030,0.0117,0.0077
70.50,1.0571,-0.0000,-0.0000,1.0635,0.0518,0.0535,0.3101,0.0040,0.0081
71.00,1.1171,-0.0000,-0.0000,1.1229,0.0550,0.0537,0.3640,0.0026,0.0083
71.50,1.1771,-0.0000,-0.0000,1.1851,0.0583,0.0543,0.4262,0.0137,0.0054
72.00,1.2200,-0.0000,-0.0000,1.2334,0.0609,0.0550,0.4746,0.0139,0.0061
72.50,1.2200,-0.0000,-0.0000,1.2334,0.0609,0.0552,0.4446,0.0039,0.0064
73.00,1.2200,-0.0000,-0.0000,1.2334,0.0609,0.0557,0.4446,0.0039,0.0069
73.50,1.2200,-0.0000,-0.0000,1.2334,0.0609,0.0557,0.4446,0.0039,0.0069
74.00,1.2200,-0.0000,-0.0000,1.2334,0.0609,0.0564,0.4446,0.0039,0.0075
74.50,1.2200,-0.0000,-0.0000,1.2334,0.0609,0.0568,0.4446,0.0039,0.0079
75.00,1.2200,-0.0000,-0.0000,1.2334,0.0609,0.0566,0.4446,0.0039,0.0077
75.50,1.2200,-0.0000,-0.0000,1.2334,0.0609,0.0569,0.4446,0.0039,0.0081
76.00,1.2200,-0.0000,-0.0000,1.2334,0.0609,0.0571,0.4446,0.0039,0.0082
76.50,1.2200,-0.0000,-0.0000,1.2334,0.0609,0.0575,0.4446,0.0039,0.0087
77.00,1.2200,-0.0000,-0.0000,1.2334,0.0609,0.0583,0.4446,0.0039,0.0095
77.50,1.2200,-0.0000,-0.0000,1.2334,0.0609,0.0593,0.4446,0.0039,0.0105
78.00,1.2200,-0.0000,-0.0000,1.2334,0.0609,0.0601,0.4446,0.0039,0.0113
78.50,1.2200,-0.0000,-0.0000,1.2334,0.0609,0.0606,0.4446,0.0039,0.0117
79.00,1.2200,-0.0000,-0.0000,1.2334,0.0609,0.0605,0.4446,0.0039,0.0117
79.50,1.2200,-0.0000,-0.0000,1.2334,0.0609,0.0608,0.4446,0.0039,0.0119
80.00,1.2200,-0.0000,-0.0000,1.2334,0.0609,0.0620,0.4446,0.0039,0.0131
80.50,1.2200,0.0027,0.0369,1.2353,0.0611,0.0997,0.4465,0.0040,0.0509
81.00,1.2200,0.0102,0.0885,1.2424,0.0620,0.1523,0.4536,0.0046,0.1034
81.50,1.2201,0.0173,0.1381,1.2501,0.0634,0.2022,0.4614,0.0056,0.1533
82.00,1.2201,0.0239,0.1861,1.2566,0.0649,0.2502,0.4679,0.0067,0.2013
82.50,1.2201,0.0300,0.2325,1.2639,0.0669,0.2969,0.4754,0.0084,0.2480
83.00,1.2201,0.0356,0.2775,1.2691,0.0686,0.3418,0.4806,0.0098,0.2929
83.50,1.2202,0.0408,0.3211,1.2749,0.0708,0.3863,0.5025,0.0447,0.3346
84.00,1.2202,0.0454,0.3635,1.2793,0.0727,0.4300,0.5108,0.0541,0.3777
84.50,1.2202,0.0496,0.4047,1.2823,0.0742,0.4722,0.5139,0.0554,0.4199
85.00,1.2203,0.0532,0.4448,1.2857,0.0760,0.5130,0.5174,0.0570,0.4606
85.50,1.2203,0.0561,0.4799,1.2879,0.0773,0.5487,0.5196,0.0582,0.4964
86.00,1.2203,0.0562,0.4801,1.2879,0.0773,0.5481,0.5196,0.0582,0.4957
86.50,1.2171,0.0545,0.4801,1.2849,0.0754,0.5491,0.5165,0.0565,0.4967
87.00,1.1994,0.0453,0.4801,1.2677,0.0650,0.5493,0.4989,0.0469,0.4969
87.50,1.1817,0.0360,0.4801,1.2513,0.0549,0.5499,0.4819,0.0378,0.4976
88.00,1.1640,0.0268,0.4801,1.2363,0.0457,0.5504,0.4665,0.0294,0.4980
88.50,1.1462,0.0176,0.4801,1.2184,0.0347,0.5506,0.4269,0.0213,0.4878
89.00,1.1285,0.0083,0.4801,1.2006,0.0238,0.5510,0.4085,0.0115,0.4882
89.50,1.1107,-0.0009,0.4801,1.1821,0.0124,0.5511,0.3893,0.0014,0.4883
90.00,1.0930,-0.0102,0.4801,1.1655,0.0022,0.5515,0.3721,-0.0078,0.4887
90.50,1.0753,-0.0194,0.4801,1.1479,-0.0086,0.5519,0.3539,-0.0175,0.4891
91.00,1.0575,-0.0286,0.4801,1.1311,-0.0190,0.5524,0.2964,-0.0268,0.4895
91.50,1.0398,-0.0379,0.4801,1.1126,-0.0304,0.5525,0.2773,-0.0370,0.4897
92.00,1.0220,-0.0471,0.4801,1.0947,-0.0414,0.5530,0.2587,-0.0469,0.4902
92.50,1.0043,-0.0563,0.4801,1.0775,-0.0521,0.5540,0.2409,-0.0564,0.4912
93.00,0.9933,-0.0618,0.4878,1.0658,-0.0593,0.5613,0.2988,-0.0529,0.4985
93.50,0.9933,-0.0592,0.5257,1.0687,-0.0574,0.5997,0.3017,-0.0513,0.5369
94.00,0.9934,-0.0570,0.5626,1.0704,-0.0562,0.6373,0.3035,-0.0501,0.5745
94.50,0.9934,-0.0553,0.5985,1.0712,-0.0555,0.6738,0.3044,-0.0495,0.6110
95.00,0.9935,-0.0540,0.6335,1.0722,-0.0548,0.7091,0.3054,-0.0488,0.6463
95.50,0.9935,-0.0531,0.6676,1.0728,-0.0542,0.7434,0.3060,-0.0483,0.6805
96.00,0.9936,-0.0527,0.7008,1.0730,-0.0540,0.7772,0.3063,-0.0481,0.7144
96.50,0.9936,-0.0527,0.7333,1.0730,-0.0540,0.8100,0.3063,-0.0481,0.7472
97.00,0.9933,-0.0528,0.7665,1.0730,-0.0541,0.8438,0.3062,-0.0482,0.7810
97.50,0.9933,-0.0529,0.8007,1.0729,-0.0541,0.8783,0.3062,-0.0482,0.8155
98.00,0.9933,-0.0533,0.8341,1.0726,-0.0545,0.9121,0.3058,-0.0486,0.8493
98.50,0.9934,-0.0534,0.8666,1.0725,-0.0546,0.9456,0.3057,-0.0487,0.8828
99.00,0.9930,-0.0535,0.8997,1.0724,-0.0548,0.9789,0.3056,-0.0488,0.9161
99.50,0.9922,-0.0536,0.9337,1.0720,-0.0554,1.0135,0.3051,-0.0495,0.9506
100.00,0.9910,-0.0536,0.9686,1.0714,-0.0564,1.0487,0.3045,-0.0504,0.9859
100.50,0.9893,-0.0537,1.0044,1.0704,-0.0583,1.0845,0.3034,-0.0522,1.0217
101.00,0.9871,-0.0537,1.0412,1.0693,-0.0603,1.1214,0.3022,-0.0542,1.0586
101.50,0.9845,-0.0538,1.0790,1.0683,-0.0626,1.1596,0.3010,-0.0563,1.0968
102.00,0.9814,-0.0538,1.1178,1.0673,-0.0649,1.1984,0.2999,-0.0586,1.1356
102.50,0.9778,-0.0539,1.1576,1.0661,-0.0683,1.2383,0.2985,-0.0619,1.1755
103.00,0.9738,-0.0539,1.1986,1.0647,-0.0728,1.2803,0.2968,-0.0663,1.2174
103.50,0.9692,-0.0539,1.2407,1.0632,-0.0779,1.3223,0.2950,-0.0713,1.2595
104.00,0.9642,-0.0540,1.2841,1.0620,-0.0834,1.3661,0.2934,-0.0767,1.3032
104.50,0.9587,-0.0540,1.3288,1.0610,-0.0885,1.4117,0.2921,-0.0818,1.3489
105.00,0.9527,-0.0540,1.3749,1.0602,-0.0946,1.4580,0.2909,-0.0878,1.3952
105.50,0.9462,-0.0540,1.4225,1.0597,-0.1004,1.5064,0.2900,-0.0936,1.4436
106.00,0.9392,-0.0541,1.4718,1.0594,-0.1077,1.5561,0.2671,-0.0605,1.4828
106.50,0.9318,-0.0541,1.5229,1.0594,-0.1148,1.6081,0.2667,-0.0676,1.5348
107.00,0.9239,-0.0541,1.5760,1.0599,-0.1223,1.6613,0.2666,-0.0751,1.5880
107.50,0.9160,-0.0541,1.6287,1.0591,-0.1150,1.7143,0.2663,-0.0677,1.6410
108.00,0.9087,-0.0541,1.6794,1.0577,-0.1072,1.7653,0.2655,-0.0599,1.6920
108.50,0.9018,-0.0540,1.7284,1.0561,-0.0997,1.8152,0.2644,-0.0523,1.7419
109.00,0.8954,-0.0540,1.7757,1.0542,-0.0930,1.8630,0.2631,-0.0455,1.7897
109.50,0.8895,-0.0540,1.8215,1.0528,-0.0885,1.9091,0.2619,-0.0409,1.8358
110.00,0.8841,-0.0540,1.8660,1.0505,-0.0825,1.9538,0.2601,-0.0347,1.8805
110.50,0.8745,-0.0290,1.9738,1.0399,-0.0596,2.0543,0.2512,-0.0112,1.9810
111.00,0.8420,0.0510,2.0793,0.9940,0.0154,2.1600,0.1313,0.0572,2.0902
111.50,0.7802,0.1640,2.0573,0.9240,0.1203,2.1351,0.0687,0.1666,2.0618
112.00,0.7250,0.2803,2.0140,0.8516,0.2400,2.0951,-0.0128,0.2914,2.0253
112.50,0.6690,0.3977,2.0202,0.7830,0.3581,2.1052,-0.0851,0.4040,2.0319
113.00,0.6118,0.5147,2.0416,0.7176,0.4679,2.1263,-0.1386,0.5182,2.0501
113.50,0.5465,0.6267,2.1802,0.6427,0.5737,2.2678,-0.1825,0.6288,2.1928
114.00,0.4660,0.7259,2.3414,0.5550,0.6618,2.4297,-0.2495,0.7265,2.3512
114.50,0.3725,0.8159,2.3931,0.4462,0.7493,2.4818,-0.3450,0.8243,2.4033
115.00,0.2813,0.9050,2.3178,0.3506,0.8275,2.4062,-0.3890,0.9022,2.3274
115.50,0.2199,0.9799,2.1224,0.2831,0.9000,2.2107,-0.4364,0.9818,2.1325
116.00,0.1690,1.0634,1.8628,0.2326,0.9881,1.9551,-0.4562,1.0715,1.8748
116.50,0.1265,1.1749,1.5482,0.2044,1.1038,1.6447,-0.5051,1.1789,1.5610
117.00,0.1113,1.3003,1.2880,0.2128,1.2409,1.3837,-0.5298,1.3048,1.2965
117.50,0.1391,1.4208,1.0933,0.2481,1.3629,1.1891,-0.4997,1.4233,1.1018
118.00,0.1988,1.5331,1.0061,0.3022,1.4803,1.1047,-0.4556,1.5273,1.0168
118.50,0.2704,1.6415,0.9729,0.3628,1.5960,1.0736,-0.3850,1.6453,0.9864
119.00,0.3423,1.7494,0.9906,0.4252,1.7126,1.0930,-0.3212,1.7482,0.9995
119.50,0.4139,1.8581,0.9844,0.4857,1.8291,1.0862,-0.2417,1.8565,0.9954
120.00,0.4834,1.9675,1.0377,0.5466,1.9498,1.1424,-0.1703,1.9713,1.0482
120.50,0.5461,2.0810,1.0648,0.5994,2.0721,1.1678,-0.1062,2.0880,1.0736
121.00,0.5963,2.1647,1.0277,0.6383,2.1593,1.1306,-0.0693,2.1712,1.0364
121.50,0.6161,2.1936,0.9913,0.6562,2.1960,1.0947,-0.0380,2.1961,1.0005
122.00,0.6175,2.1937,0.9595,0.6570,2.1976,1.0630,-0.0370,2.1976,0.9688
122.50,0.6175,2.1937,0.9593,0.6570,2.1976,1.0643,-0.0371,2.1976,0.9701
123.00,0.6175,2.1937,0.9593,0.6570,2.1976,1.0647,-0.0371,2.1976,0.9704
123.50,0.6175,2.1937,0.9593,0.6570,2.1976,1.0647,-0.0371,2.1976,0.9705
124.00,0.6175,2.1937,0.9593,0.6570,2.1976,1.0652,-0.0371,2.1976,0.9710
124.50,0.6174,2.1937,0.9669,0.6569,2.1976,1.0724,-0.0371,2.1976,0.9782
125.00,0.6132,2.1936,1.0821,0.6550,2.1936,1.1888,-0.0394,2.1937,1.0946
125.50,0.6007,2.1934,1.2875,0.6512,2.1796,1.3950,-0.0445,2.1802,1.3007
126.00,0.5795,2.1932,1.5250,0.6501,2.1584,1.6344,-0.0476,2.1592,1.5402
126.50,0.5589,2.1933,1.6780,0.6480,2.1694,1.7881,-0.0486,2.1703,1.6939
127.00,0.5578,2.1933,1.6857,0.6476,2.1709,1.7940,-0.0489,2.1719,1.6998
127.50,0.5582,2.1897,1.6857,0.6483,2.1677,1.7942,-0.0485,2.1687,1.7000
128.00,0.5605,2.1698,1.6857,0.6533,2.1458,1.7947,-0.0456,2.1464,1.7004
128.50,0.5628,2.1500,1.6857,0.6577,2.1265,1.7949,-0.0431,2.1267,1.7006
129.00,0.5651,2.1301,1.6857,0.6622,2.1068,1.7954,-0.0920,2.1365,1.6942
129.50,0.5674,2.1102,1.6857,0.6667,2.0871,1.7961,-0.0895,2.1165,1.6949
130.00,0.5697,2.0904,1.6857,0.6705,2.0704,1.7964,-0.0874,2.0995,1.6952
130.50,0.5720,2.0705,1.6857,0.6755,2.0488,1.7966,-0.0846,2.0775,1.6954
131.00,0.5743,2.0506,1.6857,0.6801,2.0285,1.7968,-0.0820,2.0487,1.6956
131.50,0.5766,2.0308,1.6857,0.6845,2.0094,1.7972,-0.0796,2.0273,1.6960
132.00,0.5789,2.0109,1.6857,0.6893,1.9885,1.7969,-0.0769,2.0060,1.6957
132.50,0.5812,1.9910,1.6857,0.6941,1.9677,1.7977,-0.0742,1.9849,1.6965
133.00,0.5835,1.9712,1.6857,0.6989,1.9472,1.7987,-0.0716,1.9640,1.6975
133.50,0.5858,1.9513,1.6857,0.7034,1.9278,1.7987,-0.0691,1.9542,1.6975
134.00,0.5856,1.9428,1.7052,0.7053,1.9195,1.8193,-0.0680,1.9458,1.7181
134.50,0.5793,1.9429,1.7533,0.7038,1.9249,1.8681,-0.0690,1.9514,1.7669
135.00,0.5732,1.9429,1.7998,0.7016,1.9316,1.9148,-0.0705,1.9582,1.8136
135.50,0.5675,1.9429,1.8449,0.6996,1.9366,1.9603,-0.0719,1.9634,1.8591
136.00,0.5623,1.9430,1.8887,0.6973,1.9418,2.0047,-0.0737,1.9688,1.9035
136.50,0.5577,1.9430,1.9312,0.6953,1.9459,2.0475,-0.0752,1.9731,1.9463
137.00,0.5535,1.9430,1.9725,0.6933,1.9496,2.0893,-0.0768,1.9770,1.9881
137.50,0.5498,1.9431,2.0126,0.6915,1.9527,2.1290,-0.0784,1.9803,2.0278
138.00,0.5465,1.9431,2.0517,0.6900,1.9549,2.1686,-0.0796,1.9826,2.0673
138.50,0.5438,1.9432,2.0898,0.6886,1.9570,2.2073,-0.0808,1.9848,2.1061
139.00,0.5415,1.9432,2.1268,0.6873,1.9587,2.2443,-0.0820,1.9867,2.1431
139.50,0.5397,1.9433,2.1629,0.6858,1.9605,2.2805,-0.0832,1.9886,2.1793
140.00,0.5383,1.9433,2.1980,0.6848,1.9616,2.3160,-0.0841,1.9898,2.2148
140.50,0.5374,1.9434,2.2323,0.6841,1.9624,2.3511,-0.0848,1.9906,2.2499
141.00,0.5369,1.9434,2.2656,0.6835,1.9630,2.3847,-0.0853,1.9913,2.2835
141.50,0.5368,1.9435,2.2982,0.6836,1.9629,2.4182,-0.0852,1.9912,2.3169
142.00,0.5369,1.9432,2.3313,0.6836,1.9628,2.4521,-0.0852,1.9911,2.3509
142.50,0.5370,1.9431,2.3654,0.6838,1.9627,2.4864,-0.0850,1.9910,2.3852
143.00,0.5374,1.9432,2.3990,0.6842,1.9624,2.5205,-0.0847,1.9907,2.4193
143.50,0.5375,1.9432,2.4316,0.6843,1.9623,2.5542,-0.0845,1.9905,2.4530
144.00,0.5376,1.9430,2.4645,0.6849,1.9620,2.5871,-0.0840,1.9901,2.4859
144.50,0.5377,1.9422,2.4984,0.6852,1.9618,2.6214,-0.0837,1.9899,2.5201
145.00,0.5377,1.9411,2.5331,0.6864,1.9611,2.6565,-0.0826,1.9891,2.5553
145.50,0.5378,1.9395,2.5687,0.6881,1.9603,2.6921,-0.0810,1.9881,2.5909
146.00,0.5378,1.9374,2.6053,0.6897,1.9595,2.7287,-0.0795,1.9872,2.6275
146.50,0.5379,1.9349,2.6429,0.6929,1.9582,2.7662,-0.0764,1.9855,2.6650
147.00,0.5379,1.9319,2.6815,0.6965,1.9569,2.8045,-0.0730,1.9839,2.7032
147.50,0.5380,1.9284,2.7212,0.6999,1.9557,2.8443,-0.0697,1.9824,2.7431
148.00,0.5380,1.9244,2.7619,0.7037,1.9546,2.8854,-0.0660,1.9809,2.7842
148.50,0.5380,1.9199,2.8038,0.7093,1.9533,2.9282,-0.0606,1.9790,2.8269
149.00,0.5381,1.9150,2.8470,0.7141,1.9524,2.9709,-0.0559,1.9776,2.8697
149.50,0.5381,1.9096,2.8914,0.7209,1.9514,3.0151,-0.0493,1.9759,2.9139
150.00,0.5381,1.9037,2.9373,0.7252,1.9509,3.0607,-0.0450,1.9750,2.9595
150.50,0.5381,1.8973,2.9846,0.7321,1.9505,3.1087,-0.0382,1.9739,3.0075
151.00,0.5382,1.8904,3.0336,0.7393,1.9504,-3.1255,-0.0310,1.9731,3.0565
151.50,0.5382,1.8830,3.0844,0.7469,1.9507,-3.0742,-0.0234,1.9727,3.1077
152.00,0.5382,1.8752,3.1371,0.7548,1.9515,-3.0211,-0.0957,1.8897,-3.1363
152.50,0.5382,1.8673,-3.0930,0.7491,1.9506,-2.9675,-0.1014,1.8895,-3.0827
153.00,0.5382,1.8598,-3.0419,0.7401,1.9488,-2.9163,-0.1106,1.8887,-3.0314
153.50,0.5382,1.8529,-2.9927,0.7331,1.9470,-2.8671,-0.1178,1.8877,-2.9822
154.00,0.5381,1.8483,-2.9591,0.7280,1.9454,-2.8341,-0.1230,1.8868,-2.9492
154.50,0.5381,1.8483,-2.9591,0.7280,1.9454,-2.8340,-0.1230,1.8868,-2.9492
155.00,0.5381,1.8483,-2.9591,0.7280,1.9454,-2.8336,-0.1230,1.8868,-2.9488
155.50,0.5381,1.8456,-2.9266,0.7250,1.9444,-2.8000,-0.1261,1.8861,-2.9152
156.00,0.5381,1.8398,-2.8811,0.7190,1.9421,-2.7541,-0.1323,1.8845,-2.8692
156.50,0.5381,1.8345,-2.8370,0.7132,1.9396,-2.7091,-0.1383,1.8827,-2.8242
157.00,0.5380,1.8296,-2.7941,0.7088,1.9375,-2.6658,-0.1430,1.8811,-2.7810
157.50,0.5380,1.8253,-2.7525,0.7044,1.9351,-2.6239,-0.1476,1.8792,-2.7391
158.00,0.5379,1.8214,-2.7120,0.7013,1.9332,-2.5831,-0.1264,1.8367,-2.7011
158.50,0.5234,1.8148,-2.6360,0.6892,1.9250,-2.5127,-0.1336,1.8203,-2.6314
159.00,0.4597,1.7785,-2.4698,0.6330,1.8759,-2.3453,-0.1953,1.7782,-2.4639
159.50,0.3654,1.6955,-2.3721,0.5474,1.7788,-2.2484,-0.2818,1.6921,-2.3636
160.00,0.2766,1.6011,-2.2732,0.4689,1.6703,-2.1466,-0.3743,1.5934,-2.2617
160.50,0.1959,1.4996,-2.2199,0.4020,1.5608,-2.0944,-0.4613,1.5022,-2.2131
161.00,0.1218,1.3933,-2.1560,0.3398,1.4427,-2.0270,-0.5292,1.3924,-2.1464
161.50,0.0489,1.2853,-2.1862,0.2823,1.3276,-2.0573,-0.5980,1.2851,-2.1760
162.00,-0.0316,1.1828,-2.2851,0.2152,1.2140,-2.1562,-0.6783,1.1784,-2.2755
162.50,-0.1205,1.0875,-2.3539,0.1377,1.1062,-2.2243,-0.7680,1.0825,-2.3464
163.00,-0.2123,0.9955,-2.3375,0.0612,1.0063,-2.2055,-0.8458,0.9924,-2.3305
163.50,-0.3020,0.9015,-2.3388,-0.0177,0.8981,-2.2068,-0.9618,0.8950,-2.3307
164.00,-0.3928,0.8083,-2.3506,-0.0949,0.7949,-2.2190,-1.0500,0.8032,-2.3434
164.50,-0.4830,0.7239,-2.4512,-0.1784,0.6929,-2.3200,-1.1429,0.7097,-2.4421
165.00,-0.5727,0.6598,-2.6717,-0.2610,0.6202,-2.5405,-1.2384,0.6551,-2.6641
165.50,-0.6809,0.6042,-2.9416,-0.3658,0.5669,-2.8103,-1.3558,0.6071,-2.9342
166.00,-0.8094,0.5615,3.0910,-0.5052,0.5378,-3.0621,-1.4933,0.5773,3.0972
166.50,-0.9292,0.5618,3.0066,-0.6269,0.5346,3.1383,-1.6064,0.5595,3.0133
167.00,-1.0157,0.5725,3.1104,-0.7148,0.5323,-3.0420,-1.6958,0.5600,3.1156
167.50,-1.1164,0.5740,-2.9779,-0.8175,0.5096,-2.8450,-1.8005,0.5485,-2.9707
168.00,-1.2435,0.5595,-2.8766,-0.9399,0.4661,-2.7432,-1.9255,0.5387,-2.8689
168.50,-1.3680,0.5268,-2.8479,-1.0615,0.4110,-2.7144,-2.0649,0.5112,-2.8401
169.00,-1.4930,0.4932,-2.8720,-1.1861,0.3565,-2.7401,-2.1753,0.4806,-2.8692
169.50,-1.6185,0.4602,-2.9119,-1.3130,0.3034,-2.7788,-2.2980,0.4464,-2.9045
170.00,-1.7461,0.4353,-2.9601,-1.4330,0.2628,-2.8279,-2.4242,0.4213,-2.9535
170.50,-1.8736,0.4092,-2.9396,-1.5589,0.2197,-2.8083,-2.5626,0.3943,-2.9340
171.00,-2.0002,0.3778,-2.8825,-1.6822,0.1735,-2.7493,-2.6788,0.3639,-2.8750
171.50,-2.1252,0.3407,-2.8620,-1.8029,0.1209,-2.7294,-2.8070,0.3268,-2.8550
172.00,-2.2501,0.3034,-2.8431,-1.9211,0.0689,-2.7127,-2.9246,0.2901,-2.8383
172.50,-2.3735,0.2607,-2.8236,-2.0401,0.0113,-2.6906,-3.0560,0.2478,-2.8162
173.00,-2.4984,0.2260,-2.8872,-2.1561,-0.0398,-2.7562,-3.1875,0.2117,-2.8819
173.50,-2.6235,0.1894,-2.8355,-2.2853,-0.0956,-2.6999,-3.3027,0.1725,-2.8255
174.00,-2.7477,0.1513,-2.8751,-2.4123,-0.1546,-2.7400,-3.4180,0.1299,-2.8657
174.50,-2.8745,0.1224,-2.9504,-2.5258,-0.1963,-2.8148,-3.5539,0.1127,-2.9404
175.00,-3.0021,0.0960,-2.9309,-2.6446,-0.2368,-2.7977,-3.6706,0.0771,-2.9262
175.50,-3.1283,0.0606,-2.8679,-2.7685,-0.2855,-2.7331,-3.8160,0.0450,-2.8588
176.00,-3.2533,0.0245,-2.8879,-2.8932,-0.3398,-2.7528,-3.9347,-0.0031,-2.8784
176.50,-3.3798,-0.0051,-2.9026,-3.0164,-0.3873,-2.7686,-4.0548,-0.0248,-2.8942
177.00,-3.5056,-0.0409,-2.8614,-3.1430,-0.4393,-2.7290,-4.1969,-0.0604,-2.8546
177.50,-3.6293,-0.0848,-2.8055,-3.2666,-0.4982,-2.6714,-4.3268,-0.1136,-2.7971
178.00,-3.7525,-0.1257,-2.8546,-3.3921,-0.5602,-2.7195,-4.4409,-0.1597,-2.8445
178.50,-3.8786,-0.1575,-2.9191,-3.5175,-0.6098,-2.7862,-4.5596,-0.1833,-2.9119
179.00,-4.0044,-0.1915,-2.8365,-3.6408,-0.6605,-2.7000,-4.6864,-0.2181,-2.8256
179.50,-4.1279,-0.2313,-2.8348,-3.7562,-0.7164,-2.6994,-4.8097,-0.2593,-2.8251
180.00,-4.2523,-0.2666,-2.8585,-3.8745,-0.7707,-2.7209,-4.9302,-0.2977,-2.8444
180.50,-4.3781,-0.2975,-2.9063,-3.9937,-0.8199,-2.7697,-5.0682,-0.3324,-2.8989
181.00,-4.5036,-0.3330,-2.8362,-4.1156,-0.8719,-2.6952,-5.1777,-0.3682,-2.8243
181.50,-4.6274,-0.3724,-2.8501,-4.2421,-0.9329,-2.7125,-5.3190,-0.4128,-2.8451
182.00,-4.7522,-0.4084,-2.8522,-4.3527,-0.9826,-2.7142,-5.4352,-0.4474,-2.8433
182.50,-4.8763,-0.4491,-2.8281,-4.4710,-1.0387,-2.6891,-5.5697,-0.4881,-2.8217
183.00,-4.9985,-0.4962,-2.7581,-4.5945,-1.1038,-2.6164,-5.6888,-0.5363,-2.7490
183.50,-5.1186,-0.5468,-2.7477,-4.7048,-1.1690,-2.6059,-5.7886,-0.5863,-2.7385
184.00,-5.2387,-0.5967,-2.7423,-4.8152,-1.2343,-2.6026,-5.9267,-0.6365,-2.7352
184.50,-5.3573,-0.6530,-2.6940,-4.9313,-1.3076,-2.5545,-6.0414,-0.6938,-2.6871
185.00,-5.4721,-0.7176,-2.5964,-5.0373,-1.3843,-2.4544,-6.1567,-0.7557,-2.5870
185.50,-5.5799,-0.7914,-2.4955,-5.1383,-1.4754,-2.3541,-6.2791,-0.8423,-2.4833
186.00,-5.6795,-0.8746,-2.3891,-5.2260,-1.5728,-2.2495,-6.3806,-0.9177,-2.3856
186.50,-5.7546,-0.9519,-2.3009,-5.2910,-1.6620,-2.1604,-6.4554,-0.9969,-2.2930
187.00,-5.7851,-0.9868,-2.2683,-5.3182,-1.7042,-2.1282,-6.4780,-1.0352,-2.2608
187.50,-5.7860,-0.9882,-2.2350,-5.3193,-1.7057,-2.0946,-6.4793,-1.0366,-2.2272
188.00,-5.7851,-0.9882,-2.2009,-5.3190,-1.7052,-2.0597,-6.4790,-1.0361,-2.1923
188.50,-5.7837,-0.9881,-2.1658,-5.3184,-1.7039,-2.0246,-6.4781,-1.0348,-2.1572
189.00,-5.7820,-0.9881,-2.1298,-5.3175,-1.7018,-1.9881,-6.4769,-1.0329,-2.1207
189.50,-5.7797,-0.9880,-2.0928,-5.3165,-1.6995,-1.9504,-6.4757,-1.0307,-2.0830
190.00,-5.7770,-0.9880,-2.0548,-5.3156,-1.6972,-1.9122,-6.4745,-1.0286,-2.0448
190.50,-5.7738,-0.9879,-2.0159,-5.3148,-1.6948,-1.8730,-6.4734,-1.0263,-2.0056
191.00,-5.7701,-0.9879,-1.9758,-5.3140,-1.6918,-1.8322,-6.4722,-1.0235,-1.9648
191.50,-5.7660,-0.9878,-1.9346,-5.3128,-1.6870,-1.7900,-6.4704,-1.0189,-1.9226
192.00,-5.7613,-0.9878,-1.8922,-5.3117,-1.6814,-1.7470,-6.4685,-1.0135,-1.8797
192.50,-5.7562,-0.9878,-1.8486,-5.3108,-1.6759,-1.7028,-6.4669,-1.0081,-1.8354
193.00,-5.7506,-0.9877,-1.8036,-5.3101,-1.6699,-1.6577,-6.4655,-1.0022,-1.7903
193.50,-5.7450,-0.9911,-1.7530,-5.3100,-1.6695,-1.6073,-6.4653,-1.0019,-1.7399
194.00,-5.7509,-1.0427,-1.7367,-5.3111,-1.7214,-1.5880,-6.4732,-1.0532,-1.7207
194.50,-5.7706,-1.1533,-1.7493,-5.3152,-1.8396,-1.6006,-6.4620,-1.2099,-1.7436
195.00,-5.7878,-1.2823,-1.5844,-5.3104,-1.9728,-1.4346,-6.4760,-1.3325,-1.5812
195.50,-5.7963,-1.4077,-1.3068,-5.2747,-2.0964,-1.1545,-6.4688,-1.4600,-1.3011
196.00,-5.7842,-1.5008,-1.0433,-5.2261,-2.1770,-0.8904,-6.4524,-1.5368,-1.0369
196.50,-5.7205,-1.5959,-0.8268,-5.1462,-2.2553,-0.6727,-6.4049,-1.6460,-0.8192
197.00,-5.6262,-1.6841,-0.6876,-5.0335,-2.3319,-0.5340,-6.3144,-1.7380,-0.6840
197.50,-5.5226,-1.7625,-0.6192,-4.9152,-2.3958,-0.4668,-6.2068,-1.8086,-0.6162
198.00,-5.4141,-1.8329,-0.5492,-4.7925,-2.4518,-0.3938,-6.1037,-1.8820,-0.5439
198.50,-5.3023,-1.8980,-0.5304,-4.6703,-2.5005,-0.3742,-5.9900,-1.9483,-0.5243
199.00,-5.1918,-1.9676,-0.5916,-4.5441,-2.5537,-0.4364,-5.8834,-2.0201,-0.5830
199.50,-5.0854,-2.0439,-0.6346,-4.4226,-2.6135,-0.4791,-5.7700,-2.0869,-0.6291
200.00,-4.9806,-2.1207,-0.6080,-4.3018,-2.6757,-0.4523,-5.6616,-2.1663,-0.6059
200.50,-4.8695,-2.1902,-0.4677,-4.1728,-2.7284,-0.3099,-5.5501,-2.2378,-0.4635
201.00,-4.7764,-2.2382,-0.4026,-4.0734,-2.7563,-0.2459,-5.4580,-2.2805,-0.3995
201.50,-4.7392,-2.2560,-0.3619,-4.0308,-2.7663,-0.2037,-5.4276,-2.2974,-0.3538
202.00,-4.7386,-2.2557,-0.3196,-4.0304,-2.7665,-0.1601,-5.4273,-2.2976,-0.3102
202.50,-4.7386,-2.2506,-0.2759,-4.0368,-2.7656,-0.1163,-5.4335,-2.2958,-0.2664
203.00,-4.7386,-2.2449,-0.2308,-4.0429,-2.7651,-0.0710,-5.4395,-2.2943,-0.2211
203.50,-4.7387,-2.2388,-0.1843,-4.0481,-2.7649,-0.0241,-5.4446,-2.2933,-0.1742
204.00,-4.7387,-2.2322,-0.1363,-4.0550,-2.7649,0.0243,-5.4514,-2.2923,-0.1258
204.50,-4.7387,-2.2251,-0.0866,-4.0625,-2.7653,0.0744,-5.4589,-2.2916,-0.0756
205.00,-4.7387,-2.2175,-0.0350,-4.0705,-2.7661,0.1266,-5.4669,-2.2912,-0.0234
205.50,-4.7387,-2.2096,0.0183,-4.0749,-2.7667,0.1798,-5.4713,-2.2911,0.0298
206.00,-4.7387,-2.2019,0.0705,-4.0672,-2.7651,0.2324,-5.4635,-2.2907,0.0824
206.50,-4.7387,-2.1946,0.1208,-4.0610,-2.7635,0.2838,-5.4571,-2.2900,0.1337
207.00,-4.7387,-2.1879,0.1694,-4.0546,-2.7614,0.3330,-5.4504,-2.2890,0.1829
207.50,-4.7387,-2.1816,0.2163,-4.0484,-2.7592,0.3805,-5.4440,-2.2876,0.2305
208.00,-4.7386,-2.1758,0.2618,-4.0425,-2.7566,0.4265,-5.4378,-2.2860,0.2764
208.50,-4.7386,-2.1705,0.3059,-4.0372,-2.7541,0.4715,-5.4322,-2.2843,0.3215
209.00,-4.7386,-2.1657,0.3487,-4.0334,-2.7520,0.5140,-5.4281,-2.2829,0.3639
209.50,-4.7385,-2.1613,0.3904,-4.0301,-2.7501,0.5557,-5.4245,-2.2814,0.4057
210.00,-4.7385,-2.1575,0.4308,-4.0273,-2.7483,0.5968,-5.4215,-2.2800,0.4467
210.50,-4.7384,-2.1541,0.4702,-4.0241,-2.7460,0.6368,-5.4180,-2.2783,0.4867
211.00,-4.7384,-2.1512,0.5085,-4.0216,-2.7441,0.6753,-5.4152,-2.2767,0.5252
211.50,-4.7383,-2.1488,0.5458,-4.0196,-2.7424,0.7129,-5.4130,-2.2754,0.5628
212.00,-4.7383,-2.1469,0.5822,-4.0185,-2.7415,0.7497,-5.4118,-2.2746,0.5997
212.50,-4.7382,-2.1454,0.6176,-4.0172,-2.7402,0.7853,-5.4103,-2.2735,0.6352
213.00,-4.7382,-2.1443,0.6521,-4.0167,-2.7396,0.8199,-5.4097,-2.2731,0.6698
213.50,-4.7381,-2.1437,0.6857,-4.0162,-2.7392,0.8541,-5.4092,-2.2727,0.7041
214.00,-4.7381,-2.1436,0.7184,-4.0162,-2.7391,0.8873,-5.4091,-2.2726,0.7372
214.50,-4.7382,-2.1436,0.7512,-4.0162,-2.7391,0.9204,-5.4091,-2.2727,0.7703
215.00,-4.7384,-2.1437,0.7851,-4.0165,-2.7396,0.9542,-5.4095,-2.2731,0.8041
215.50,-4.7384,-2.1440,0.8190,-4.0167,-2.7398,0.9885,-5.4097,-2.2733,0.8385
216.00,-4.7383,-2.1443,0.8518,-4.0168,-2.7400,1.0217,-5.4099,-2.2734,0.8716
216.50,-4.7385,-2.1443,0.8845,-4.0169,-2.7402,1.0545,-5.4101,-2.2736,0.9045
217.00,-4.7391,-2.1444,0.9181,-4.0173,-2.7409,1.0884,-5.4105,-2.2742,0.9383
217.50,-4.7401,-2.1444,0.9526,-4.0177,-2.7416,1.1236,-5.4110,-2.2749,0.9735
218.00,-4.7416,-2.1445,0.9880,-4.0180,-2.7424,1.1593,-5.4114,-2.2756,1.0092
218.50,-4.7435,-2.1445,1.0243,-4.0188,-2.7442,1.1960,-5.4125,-2.2773,1.0459
219.00,-4.7459,-2.1446,1.0616,-4.0196,-2.7465,1.2337,-5.4136,-2.2794,1.0836
219.50,-4.7488,-2.1446,1.0999,-4.0203,-2.7484,1.2728,-5.4146,-2.2812,1.1227
220.00,-4.7522,-2.1447,1.1393,-4.0212,-2.7518,1.3124,-5.4160,-2.2844,1.1624
220.50,-4.7560,-2.1447,1.1797,-4.0224,-2.7564,1.3534,-5.4178,-2.2888,1.2034
221.00,-4.7603,-2.1448,1.2213,-4.0232,-2.7604,1.3954,-5.4192,-2.2927,1.2454
221.50,-4.7647,-2.1448,1.2628,-4.0237,-2.7639,1.4357,-5.4203,-2.2960,1.2857
222.00,-4.7700,-2.1448,1.3069,-4.0244,-2.7695,1.4802,-5.4218,-2.3015,1.3301
222.50,-4.7758,-2.1449,1.3523,-4.0247,-2.7749,1.5263,-5.4229,-2.3067,1.3762
223.00,-4.7820,-2.1449,1.3991,-4.0248,-2.7795,1.5733,-5.4237,-2.3113,1.4233
223.50,-4.7887,-2.1449,1.4476,-4.0246,-2.7855,1.6228,-5.4244,-2.3172,1.4727
224.00,-4.7960,-2.1449,1.4978,-4.0241,-2.7925,1.6727,-5.4249,-2.3242,1.5227
224.50,-4.8036,-2.1449,1.5499,-4.0231,-2.8004,1.7252,-5.4251,-2.3322,1.5752
225.00,-4.8116,-2.1449,1.6033,-4.0235,-2.7987,1.7793,-5.4252,-2.3305,1.6292
225.50,-4.8192,-2.1449,1.6550,-4.0253,-2.7910,1.8315,-5.4259,-2.3226,1.6814
226.00,-4.8263,-2.1449,1.7048,-4.0271,-2.7850,1.8821,-5.4268,-2.3164,1.7320
226.50,-4.8330,-2.1449,1.7529,-4.0294,-2.7784,1.9311,-5.4280,-2.3095,1.7810
227.00,-4.8391,-2.1449,1.7994,-4.0313,-2.7735,1.9781,-5.4293,-2.3044,1.8280
227.50,-4.8448,-2.1448,1.8445,-4.0338,-2.7682,2.0234,-5.4309,-2.2987,1.8733
228.00,-4.8499,-2.1448,1.8883,-4.0360,-2.7639,2.0671,-5.4324,-2.2941,1.9170
228.50,-4.8546,-2.1448,1.9308,-4.0384,-2.7596,2.1099,-5.4342,-2.2896,1.9599
229.00,-4.8588,-2.1447,1.9721,-4.0411,-2.7554,2.1516,-5.4362,-2.2850,2.0015
229.50,-4.8625,-2.1447,2.0123,-4.0431,-2.7524,2.1916,-5.4378,-2.2817,2.0415
230.00,-4.8658,-2.1446,2.0513,-4.0450,-2.7499,2.2307,-5.4392,-2.2790,2.0806
230.50,-4.8685,-2.1446,2.0894,-4.0473,-2.7470,2.2693,-5.4411,-2.2758,2.1192
231.00,-4.8708,-2.1445,2.1265,-4.0487,-2.7453,2.3069,-5.4423,-2.2739,2.1569
231.50,-4.8726,-2.1445,2.1626,-4.0497,-2.7444,2.3432,-5.4430,-2.2728,2.1932
232.00,-4.8740,-2.1444,2.1977,-4.0507,-2.7433,2.3788,-5.4439,-2.2716,2.2287
232.50,-4.8749,-2.1444,2.2320,-4.0514,-2.7427,2.4129,-5.4445,-2.2709,2.2628
233.00,-4.8754,-2.1443,2.2653,-4.0520,-2.7422,2.4470,-5.4450,-2.2703,2.2969
233.50,-4.8868,-2.1320,2.3316,-4.0652,-2.7319,2.5129,-5.4565,-2.2582,2.3628
234.00,-4.9442,-2.0821,2.5058,-4.1305,-2.6927,2.6897,-5.6179,-2.1324,2.5117
234.50,-5.0505,-2.0194,2.6235,-4.2458,-2.6458,2.8063,-5.7414,-2.0641,2.6249
235.00,-5.1642,-1.9572,2.6236,-4.3707,-2.6038,2.8059,-5.8585,-2.0018,2.6280
235.50,-5.2743,-1.8870,2.5480,-4.4931,-2.5552,2.7288,-5.9684,-1.9323,2.5509
236.00,-5.3816,-1.8133,2.5397,-4.6133,-2.5019,2.7219,-6.0692,-1.8587,2.5404
236.50,-5.4875,-1.7370,2.4929,-4.7369,-2.4439,2.6735,-6.1803,-1.7793,2.4955
237.00,-5.5887,-1.6549,2.4175,-4.8550,-2.3797,2.5991,-6.2852,-1.6952,2.4211
237.50,-5.6743,-1.5670,2.2399,-4.9579,-2.3055,2.4210,-6.3734,-1.6140,2.2437
238.00,-5.7367,-1.4846,2.0018,-5.0253,-2.2323,2.1839,-6.4270,-1.5301,2.0059
238.50,-5.7885,-1.3741,1.7316,-5.0831,-2.1218,1.9181,-6.4744,-1.4112,1.7394
239.00,-5.8262,-1.2499,1.4504,-5.1090,-1.9939,1.6382,-6.4929,-1.2907,1.4559
239.50,-5.8279,-1.1265,1.2048,-5.1028,-1.8620,1.3941,-6.5042,-1.1673,1.2117
240.00,-5.7927,-1.0257,0.9627,-5.0708,-1.7566,1.1513,-6.4752,-1.0751,0.9689
240.50,-5.7137,-0.9274,0.7783,-5.0080,-1.6430,0.9672,-6.4008,-0.9747,0.7849
241.00,-5.6149,-0.8425,0.6455,-4.9233,-1.5375,0.8349,-6.3058,-0.8879,0.6525
241.50,-5.5080,-0.7673,0.5673,-4.8364,-1.4492,0.7586,-6.2118,-0.8170,0.5762
242.00,-5.3950,-0.7011,0.4347,-4.7306,-1.3588,0.6265,-6.0780,-0.7429,0.4428
242.50,-5.2797,-0.6431,0.1703,-4.6145,-1.2949,0.3654,-5.9630,-0.7004,0.1813
243.00,-5.1505,-0.6046,-0.0505,-4.4845,-1.2615,0.1445,-5.8456,-0.6682,-0.0431
243.50,-5.0210,-0.6078,-0.1094,-4.3540,-1.2471,0.0880,-5.7177,-0.6519,-0.0996
244.00,-4.8918,-0.6202,-0.0803,-4.2309,-1.2360,0.1168,-5.5899,-0.6612,-0.0722
244.50,-4.7619,-0.6247,0.0735,-4.1017,-1.2100,0.2748,-5.4482,-0.6600,0.0855
245.00,-4.6324,-0.6168,0.0743,-3.9798,-1.1742,0.2735,-5.3204,-0.6558,0.0824
245.50,-4.5026,-0.6102,0.0463,-3.8517,-1.1402,0.2440,-5.1881,-0.6438,0.0529
246.00,-4.3727,-0.6105,0.0118,-3.7204,-1.1099,0.2103,-5.0703,-0.6389,0.0209
246.50,-4.2427,-0.6113,0.0052,-3.5910,-1.0832,0.2055,-4.9230,-0.6414,0.0144
247.00,-4.1127,-0.6108,0.0034,-3.4626,-1.0564,0.2027,-4.8131,-0.6391,0.0116
247.50,-3.9827,-0.6118,-0.0030,-3.3303,-1.0297,0.1965,-4.6720,-0.6380,0.0054
248.00,-3.8527,-0.6132,-0.0077,-3.2019,-1.0044,0.1924,-4.5477,-0.6374,0.0014
248.50,-3.7227,-0.6135,0.0010,-3.0777,-0.9800,0.2027,-4.4003,-0.6418,0.0116
249.00,-3.5927,-0.6122,0.0050,-2.9480,-0.9530,0.2060,-4.2757,-0.6379,0.0135
249.50,-3.4627,-0.6142,-0.0077,-2.8188,-0.9268,0.1938,-4.1430,-0.6367,-0.0002
250.00,-3.3327,-0.6159,-0.0107,-2.6895,-0.9016,0.1922,-4.0240,-0.6369,-0.0018
250.50,-3.2027,-0.6174,-0.0114,-2.5548,-0.8754,0.1922,-3.8859,-0.6368,-0.0018
251.00,-3.0727,-0.6191,-0.0120,-2.4201,-0.8492,0.1921,-3.7628,-0.6365,-0.0036
251.50,-2.9428,-0.6206,-0.0118,-2.2928,-0.8244,0.1931,-3.6476,-0.6364,-0.0061
252.00,-2.8128,-0.6216,-0.0091,-2.1551,-0.7972,0.1965,-3.5128,-0.6372,-0.0028
252.50,-2.6828,-0.6224,-0.0075,-2.0251,-0.7712,0.1986,-3.3799,-0.6369,-0.0007
253.00,-2.5528,-0.6236,-0.0087,-1.8856,-0.7433,0.1972,-3.2448,-0.6373,-0.0020
253.50,-2.4228,-0.6244,-0.0068,-1.7538,-0.7168,0.1991,-3.1192,-0.6406,-0.0001
254.00,-2.2928,-0.6226,0.0090,-1.6255,-0.6898,0.2162,-2.9776,-0.6392,0.0152
254.50,-2.1628,-0.6229,-0.0035,-1.4974,-0.6621,0.2034,-2.8437,-0.6368,0.0041
255.00,-2.0328,-0.6251,-0.0111,-1.3660,-0.6355,0.1968,-2.7158,-0.6363,-0.0052
255.50,-1.9028,-0.6264,-0.0102,-1.2335,-0.6090,0.1985,-2.5815,-0.6368,-0.0024
256.00,-1.7728,-0.6258,0.0038,-1.1001,-0.5815,0.2130,-2.4584,-0.6411,0.0103
256.50,-1.6428,-0.6246,0.0056,-0.9628,-0.5515,0.2149,-2.3147,-0.6393,0.0122
257.00,-1.5128,-0.6253,-0.0008,-0.8335,-0.5237,0.2089,-2.1822,-0.6381,0.0062
257.50,-1.3828,-0.6264,-0.0053,-0.7007,-0.4958,0.2054,-2.0444,-0.6375,0.0027
258.00,-1.2528,-0.6276,-0.0075,-0.5718,-0.4691,0.2036,-1.9108,-0.6372,-0.0008
258.50,-1.1228,-0.6287,-0.0080,-0.4451,-0.4429,0.2040,-1.8132,-0.6372,-0.0005
259.00,-0.9928,-0.6300,-0.0094,-0.3157,-0.4162,0.2029,-1.6736,-0.6368,-0.0030
259.50,-0.8628,-0.6312,-0.0091,-0.1867,-0.3895,0.2045,-1.5636,-0.6367,-0.0017
260.00,-0.7328,-0.6315,-0.0022,-0.0618,-0.3632,0.2128,-1.4624,-0.6393,0.0077
260.50,-0.6028,-0.6321,-0.0040,0.0651,-0.3359,0.2111,-1.3016,-0.6367,0.0026
261.00,-0.4728,-0.6337,-0.0063,0.2016,-0.3070,0.2104,-1.1715,-0.6395,0.0007
261.50,-0.3428,-0.6329,0.0005,0.3243,-0.2802,0.2172,-1.0361,-0.6387,0.0063
262.00,-0.2128,-0.6333,-0.0019,0.4551,-0.2514,0.2152,-0.8930,-0.6379,0.0060
262.50,-0.0828,-0.6341,-0.0040,0.5781,-0.2247,0.2140,-0.7939,-0.6384,0.0031
263.00,0.0472,-0.6345,-0.0037,0.7038,-0.1973,0.2145,-0.6618,-0.6378,0.0036
263.50,0.1772,-0.6351,-0.0041,0.8268,-0.1704,0.2150,-0.5193,-0.6384,0.0041
264.00,0.3072,-0.6357,-0.0044,0.9530,-0.1428,0.2154,-0.3877,-0.6381,0.0045
264.50,0.4372,-0.6359,-0.0028,1.0813,-0.1146,0.2176,-0.2491,-0.6389,0.0068
265.00,0.5672,-0.6360,-0.0006,1.2114,-0.0858,0.2211,-0.1483,-0.6395,0.0079
265.50,0.6972,-0.6381,-0.0179,1.3442,-0.0568,0.2033,-0.0116,-0.6331,-0.0099
266.00,0.8271,-0.6402,-0.0081,1.4758,-0.0296,0.2143,0.1248,-0.6398,-0.0006
266.50,0.9571,-0.6413,-0.0113,1.6044,-0.0016,0.2112,0.2284,-0.6356,-0.0037
267.00,1.0871,-0.6434,-0.0135,1.7318,0.0256,0.2104,0.3816,-0.6363,-0.0028
267.50,1.2171,-0.6449,-0.0126,1.8636,0.0539,0.2120,0.4917,-0.6362,-0.0047
268.00,1.3471,-0.6463,-0.0111,1.9846,0.0800,0.2139,0.5983,-0.6366,-0.0028
268.50,1.4771,-0.6473,-0.0093,2.1174,0.1090,0.2161,0.7476,-0.6369,-0.0006
269.00,1.6071,-0.6485,-0.0092,2.2531,0.1388,0.2165,0.8771,-0.6369,-0.0002
269.50,1.7371,-0.6496,-0.0088,2.3783,0.1664,0.2176,0.9809,-0.6365,0.0010
270.00,1.8671,-0.6511,-0.0101,2.5090,0.1951,0.2166,1.1358,-0.6376,-0.0001
270.50,1.9971,-0.6511,-0.0040,2.6350,0.2233,0.2233,1.2538,-0.6378,0.0031
271.00,2.1271,-0.6520,-0.0106,2.7653,0.2528,0.2160,1.3909,-0.6343,-0.0024
271.50,2.2571,-0.6544,-0.0143,2.8903,0.2799,0.2134,1.5154,-0.6346,-0.0050
272.00,2.3870,-0.6565,-0.0156,3.0187,0.3077,0.2132,1.6465,-0.6350,-0.0066
272.50,2.5170,-0.6570,-0.0048,3.1536,0.3374,0.2254,1.7750,-0.6398,0.0052
273.00,2.6470,-0.6554,0.0063,3.2864,0.3690,0.2362,1.9215,-0.6380,0.0160
273.50,2.7770,-0.6554,-0.0022,3.4118,0.3988,0.2293,2.0203,-0.6363,0.0091
274.00,2.9070,-0.6557,-0.0029,3.5430,0.4295,0.2285,2.1632,-0.6350,0.0048
274.50,3.0370,-0.6542,0.0065,3.6736,0.4604,0.2385,2.2893,-0.6339,0.0184
275.00,3.1670,-0.6545,-0.0035,3.8013,0.4909,0.2283,2.4206,-0.6320,0.0046
275.50,3.2970,-0.6517,0.0142,3.9296,0.5217,0.2469,2.5525,-0.6304,0.0233
276.00,3.4270,-0.6477,0.0050,4.0637,0.5564,0.2371,2.6891,-0.6263,0.0134
276.50,3.5570,-0.6497,-0.0097,4.1978,0.5869,0.2238,2.8185,-0.6263,0.0002
277.00,3.6870,-0.6483,0.0007,4.3239,0.6169,0.2358,2.9481,-0.6250,0.0086
277.50,3.8170,-0.6435,0.0436,4.4520,0.6500,0.2802,3.0604,-0.6212,0.0531
278.00,3.9468,-0.6349,0.0478,4.5809,0.6891,0.2840,3.2067,-0.6120,0.0568
278.50,4.0767,-0.6318,0.0254,4.7020,0.7233,0.2612,3.3305,-0.6059,0.0341
279.00,4.2066,-0.6292,0.0384,4.8283,0.7570,0.2758,3.4592,-0.6012,0.0452
279.50,4.3365,-0.6231,0.0420,4.9534,0.7933,0.2791,3.5811,-0.5945,0.0485
280.00,4.4664,-0.6233,0.0153,5.0832,0.8288,0.2528,3.7257,-0.5973,0.0200
280.50,4.5964,-0.6199,0.0331,5.2070,0.8614,0.2715,3.8436,-0.5962,0.0408
281.00,4.7263,-0.6175,0.0148,5.3320,0.8956,0.2535,3.9731,-0.5814,0.0228
281.50,4.8563,-0.6221,-0.0266,5.4660,0.9265,0.2102,4.1306,-0.5920,-0.0204
282.00,4.9863,-0.6216,0.0076,5.5911,0.9556,0.2452,4.2391,-0.5919,0.0118
282.50,5.1163,-0.6237,-0.0277,5.7174,0.9859,0.2099,4.3590,-0.5919,-0.0208
283.00,5.2458,-0.6348,-0.1487,5.8515,1.0069,0.0869,4.4981,-0.6024,-0.1409
283.50,5.3726,-0.6547,-0.3014,5.9893,1.0092,-0.0656,4.6290,-0.6311,-0.2962
284.00,5.4930,-0.6883,-0.4668,6.1207,0.9895,-0.2303,4.7524,-0.6625,-0.4574
284.50,5.6023,-0.7463,-0.6563,6.2416,0.9485,-0.4222,4.8412,-0.7174,-0.6529
285.00,5.7009,-0.8307,-0.7704,6.3547,0.8895,-0.5371,4.9379,-0.8006,-0.7677
285.50,5.7920,-0.9235,-0.8088,6.4669,0.8192,-0.5738,5.0311,-0.8847,-0.8010
286.00,5.8798,-1.0189,-0.8408,6.5777,0.7449,-0.6057,5.1342,-0.9840,-0.8328
286.50,5.9390,-1.0869,-0.8734,6.6501,0.6931,-0.6380,5.1912,-1.0588,-0.8651
287.00,5.9564,-1.1083,-0.9066,6.6742,0.6747,-0.6708,5.2105,-1.0822,-0.8980
287.50,5.9555,-1.1083,-0.9408,6.6737,0.6752,-0.7050,5.2102,-1.0816,-0.9321
288.00,5.9542,-1.1082,-0.9759,6.6732,0.6757,-0.7398,5.2098,-1.0810,-0.9669
288.50,5.9524,-1.1082,-1.0119,6.6712,0.6776,-0.7751,5.2083,-1.0787,-1.0022
289.00,5.9501,-1.1081,-1.0488,6.6694,0.6794,-0.8118,5.2070,-1.0765,-1.0389
289.50,5.9474,-1.1081,-1.0868,6.6675,0.6816,-0.8500,5.2055,-1.0740,-1.0771
290.00,5.9442,-1.1080,-1.1258,6.6655,0.6839,-0.8885,5.2041,-1.0713,-1.1156
290.50,5.9405,-1.1080,-1.1659,6.6635,0.6865,-0.9283,5.2028,-1.0682,-1.1555
291.00,5.9364,-1.1080,-1.2071,6.6614,0.6894,-0.9695,5.2014,-1.0650,-1.1966
291.50,5.9318,-1.1079,-1.2495,6.6586,0.6937,-1.0112,5.1996,-1.0601,-1.2383
292.00,5.9266,-1.1079,-1.2931,6.6557,0.6986,-1.0540,5.1979,-1.0547,-1.2811
292.50,5.9210,-1.1079,-1.3381,6.6530,0.7035,-1.0988,5.1964,-1.0493,-1.3259
293.00,5.9149,-1.1078,-1.3845,6.6503,0.7091,-1.1452,5.1950,-1.0433,-1.3723
293.50,5.9083,-1.1078,-1.4324,6.6474,0.7160,-1.1926,5.1937,-1.0359,-1.4198
294.00,5.9012,-1.1078,-1.4821,6.6445,0.7239,-1.2418,5.1927,-1.0276,-1.4690
294.50,5.8937,-1.1078,-1.5336,6.6423,0.7308,-1.2933,5.1921,-1.0203,-1.5204
295.00,5.8857,-1.1078,-1.5869,6.6411,0.7351,-1.3460,5.1919,-1.0159,-1.5732
295.50,5.8780,-1.1078,-1.6392,6.6424,0.7289,-1.3975,5.1917,-1.0222,-1.6247
296.00,5.8708,-1.1078,-1.6896,6.6432,0.7231,-1.4475,5.1913,-1.0281,-1.6746
296.50,5.8640,-1.1078,-1.7382,6.6439,0.7166,-1.4956,5.1904,-1.0346,-1.7227
297.00,5.8577,-1.1078,-1.7852,6.6442,0.7099,-1.5424,5.1893,-1.0412,-1.7696
297.50,5.8511,-1.1134,-1.8455,6.6443,0.6998,-1.5991,5.1871,-1.0510,-1.8262
298.00,5.8347,-1.1686,-1.9379,6.6394,0.6429,-1.6909,5.1695,-1.1053,-1.9180
298.50,5.7936,-1.2760,-1.9826,6.6216,0.5226,-1.7367,5.0359,-1.2488,-1.9744
299.00,5.7485,-1.3917,-1.9090,6.6041,0.4001,-1.6639,4.9900,-1.3638,-1.9015
299.50,5.7117,-1.5127,-1.8456,6.5973,0.2676,-1.6001,4.9623,-1.4810,-1.8377
300.00,5.6859,-1.5874,-1.8863,6.5935,0.1831,-1.6393,4.9387,-1.5622,-1.8769
300.50,5.6771,-1.6038,-1.9194,6.5920,0.1639,-1.6738,4.9227,-1.5804,-1.9115
301.00,5.6807,-1.6038,-1.8799,6.5923,0.1676,-1.6318,4.9239,-1.5769,-1.8694
301.50,5.6860,-1.6038,-1.8359,6.5925,0.1729,-1.5871,4.9253,-1.5718,-1.8247
302.00,5.6917,-1.6037,-1.7905,6.5925,0.1805,-1.5414,4.9270,-1.5645,-1.7790
302.50,5.6980,-1.6037,-1.7437,6.5921,0.1866,-1.4942,4.9282,-1.5584,-1.7319
303.00,5.7047,-1.6037,-1.6952,6.5915,0.1935,-1.4451,4.9291,-1.5516,-1.6827
303.50,5.7119,-1.6037,-1.6451,6.5902,0.2017,-1.3942,4.9298,-1.5433,-1.6318
304.00,5.7180,-1.6037,-1.6039,6.5890,0.2075,-1.3509,4.9301,-1.5374,-1.5885
304.50,5.7180,-1.6037,-1.6039,6.5890,0.2075,-1.3505,4.9301,-1.5374,-1.5882
305.00,5.7180,-1.6037,-1.6039,6.5890,0.2075,-1.3504,4.9301,-1.5374,-1.5880
305.50,5.7180,-1.6037,-1.6039,6.5890,0.2075,-1.3502,4.9301,-1.5374,-1.5878
306.00,5.7180,-1.6037,-1.6039,6.5890,0.2075,-1.3495,4.9301,-1.5374,-1.5871
306.50,5.7184,-1.6037,-1.5927,6.5889,0.2079,-1.3391,4.9301,-1.5370,-1.5767
307.00,5.7253,-1.6037,-1.4315,6.5906,0.2033,-1.1742,4.9306,-1.5418,-1.4118
307.50,5.7410,-1.6038,-1.2063,6.5980,0.1904,-0.9467,4.9347,-1.5562,-1.1843
308.00,5.7566,-1.6040,-1.0163,6.6076,0.1794,-0.7533,4.9414,-1.5691,-0.9910
308.50,5.7601,-1.6042,-0.9358,6.6100,0.1773,-0.6726,4.9434,-1.5717,-0.9102
309.00,5.7601,-1.6042,-0.9349,6.6101,0.1773,-0.6727,4.9434,-1.5717,-0.9103
309.50,5.7580,-1.6013,-0.9349,6.6079,0.1790,-0.6726,4.9417,-1.5695,-0.9102
310.00,5.7461,-1.5852,-0.9349,6.5926,0.1912,-0.6723,4.9297,-1.5540,-0.9099
310.50,5.7342,-1.5691,-0.9349,6.5762,0.2042,-0.6717,4.9169,-1.5375,-0.9093
311.00,5.7224,-1.5530,-0.9349,6.5595,0.2175,-0.6715,4.9037,-1.5207,-0.9091
311.50,5.7105,-1.5369,-0.9349,6.5440,0.2298,-0.6704,4.9589,-1.5033,-0.9222
312.00,5.6986,-1.5208,-0.9349,6.5270,0.2433,-0.6703,4.9614,-1.4855,-0.9253
312.50,5.6867,-1.5047,-0.9349,6.5112,0.2558,-0.6701,4.9493,-1.4695,-0.9252
313.00,5.6749,-1.4886,-0.9349,6.4939,0.2695,-0.6695,4.9360,-1.4518,-0.9246
313.50,5.6630,-1.4725,-0.9349,6.4806,0.2801,-0.6694,4.9258,-1.4382,-0.9244
314.00,5.6511,-1.4565,-0.9349,6.4639,0.2933,-0.6690,4.8930,-1.4313,-0.9240
314.50,5.6397,-1.4411,-0.9349,6.4486,0.3054,-0.6684,4.8812,-1.4157,-0.9235
315.00,5.6308,-1.4290,-0.9349,6.4373,0.3142,-0.6679,4.8725,-1.4042,-0.9229
315.50,5.6219,-1.4169,-0.9349,6.4274,0.3221,-0.6674,4.8649,-1.3942,-0.9224
316.00,5.6130,-1.4049,-0.9349,6.4157,0.3313,-0.6673,4.8559,-1.3823,-0.9224
316.50,5.6076,-1.3974,-0.9273,6.4088,0.3367,-0.6591,4.8506,-1.3753,-0.9141
317.00,5.6082,-1.3974,-0.9018,6.4092,0.3364,-0.6335,4.8509,-1.3757,-0.8886
317.50,5.6085,-1.3975,-0.8769,6.4095,0.3362,-0.6087,4.8511,-1.3759,-0.8638
318.00,5.6086,-1.3975,-0.8524,6.4096,0.3361,-0.5836,4.8512,-1.3761,-0.8387
318.50,5.6086,-1.3974,-0.8279,6.4094,0.3362,-0.5584,4.8511,-1.3759,-0.8135
319.00,5.6085,-1.3972,-0.8028,6.4092,0.3364,-0.5334,4.8509,-1.3757,-0.7885
319.50,5.6085,-1.3972,-0.7772,6.4089,0.3366,-0.5078,4.8507,-1.3755,-0.7628
320.00,5.6082,-1.3972,-0.7518,6.4087,0.3367,-0.4816,4.8505,-1.3753,-0.7366
320.50,5.6079,-1.3972,-0.7272,6.4086,0.3367,-0.4566,4.8505,-1.3753,-0.7116
321.00,5.6079,-1.3972,-0.7028,6.4085,0.3368,-0.4321,4.8503,-1.3752,-0.6872
321.50,5.6078,-1.3970,-0.6780,6.4078,0.3371,-0.4074,4.8498,-1.3747,-0.6625
322.00,5.6078,-1.3965,-0.6527,6.4072,0.3373,-0.3815,4.8492,-1.3743,-0.6366
322.50,5.6078,-1.3958,-0.6270,6.4064,0.3377,-0.3553,4.8495,-1.3643,-0.6189
323.00,5.6077,-1.3948,-0.6007,6.4055,0.3380,-0.3288,4.8490,-1.3615,-0.5943
323.50,5.6077,-1.3935,-0.5739,6.4038,0.3385,-0.3012,4.8475,-1.3606,-0.5667
324.00,5.6076,-1.3920,-0.5466,6.4027,0.3388,-0.2737,4.8465,-1.3600,-0.5392
324.50,5.6076,-1.3903,-0.5187,6.4009,0.3393,-0.2449,4.8449,-1.3590,-0.5104
325.00,5.6076,-1.3883,-0.4902,6.3992,0.3397,-0.2158,4.8433,-1.3582,-0.4814
325.50,5.6075,-1.3860,-0.4612,6.3974,0.3401,-0.1859,4.8417,-1.3574,-0.4515
326.00,5.6075,-1.3837,-0.4347,6.3952,0.3405,-0.1588,4.8397,-1.3564,-0.4243
326.50,5.6075,-1.3837,-0.4346,6.3951,0.3405,-0.1583,4.8396,-1.3564,-0.4238
327.00,5.6075,-1.3837,-0.4346,6.3951,0.3405,-0.1572,4.8396,-1.3564,-0.4227
327.50,5.6075,-1.3837,-0.4346,6.3951,0.3405,-0.1573,4.8396,-1.3564,-0.4229
328.00,5.6075,-1.3837,-0.4346,6.3951,0.3405,-0.1576,4.8396,-1.3564,-0.4231
328.50,5.6075,-1.3833,-0.4282,6.3948,0.3405,-0.1515,4.8393,-1.3563,-0.4170
329.00,5.6074,-1.3767,-0.3311,6.3876,0.3413,-0.0536,4.8326,-1.3537,-0.3191
329.50,5.6073,-1.3612,-0.1616,6.3705,0.3406,0.1166,4.8159,-1.3498,-0.1490
330.00,5.6073,-1.3369,0.0304,6.3529,0.3371,0.3088,4.8386,-1.3237,0.0405
330.50,5.6073,-1.3187,0.1570,6.3710,0.3443,0.4364,4.8674,-1.3158,0.1674
331.00,5.6073,-1.3172,0.1677,6.3728,0.3452,0.4464,4.8693,-1.3154,0.1773
331.50,5.6073,-1.3172,0.1677,6.3728,0.3452,0.4471,4.8693,-1.3154,0.1781
332.00,5.6073,-1.3172,0.1677,6.3728,0.3452,0.4473,4.8693,-1.3154,0.1783
332.50,5.6073,-1.3172,0.1677,6.3728,0.3452,0.4479,4.8693,-1.3154,0.1788
333.00,5.6073,-1.3172,0.1677,6.3728,0.3452,0.4483,4.8693,-1.3154,0.1792
333.50,5.6073,-1.3172,0.1677,6.3728,0.3452,0.4487,4.8693,-1.3154,0.1797
334.00,5.6073,-1.3172,0.1677,6.3728,0.3452,0.4487,4.8693,-1.3154,0.1797
334.50,5.6073,-1.3172,0.1677,6.3728,0.3452,0.4494,4.8693,-1.3154,0.1804
335.00,5.6073,-1.3172,0.1677,6.3728,0.3452,0.4494,4.8693,-1.3154,0.1804
335.50,5.6073,-1.3203,0.1387,6.3706,0.3442,0.4213,4.8670,-1.3157,0.1523
336.00,5.6073,-1.3256,0.1016,6.3657,0.3421,0.3843,4.8617,-1.3165,0.1152
336.50,5.6073,-1.3311,0.0636,6.3608,0.3402,0.3466,4.8564,-1.3170,0.0775
337.00,5.6073,-1.3369,0.0244,6.3556,0.3384,0.3079,4.8510,-1.3173,0.0389
337.50,5.6073,-1.3429,-0.0158,6.3550,0.3382,0.2681,4.8503,-1.3174,-0.0009
338.00,5.6073,-1.3487,-0.0552,6.3602,0.3395,0.2296,4.8557,-1.3175,-0.0395
338.50,5.6073,-1.3543,-0.0935,6.3649,0.3405,0.1919,4.8605,-1.3177,-0.0772
339.00,5.6073,-1.3596,-0.1307,6.3693,0.3413,0.1550,4.8650,-1.3182,-0.1140
339.50,5.6073,-1.3647,-0.1670,6.3750,0.3421,0.1190,4.8707,-1.3189,-0.1500
340.00,5.6073,-1.3694,-0.2025,6.3802,0.3426,0.0839,4.8758,-1.3198,-0.1851
340.50,5.6073,-1.3739,-0.2370,6.3840,0.3429,0.0501,4.8795,-1.3206,-0.2189
341.00,5.6073,-1.3782,-0.2708,6.3885,0.3430,0.0163,4.8839,-1.3216,-0.2528
341.50,5.6074,-1.3821,-0.3038,6.3928,0.3430,-0.0170,4.8880,-1.3227,-0.2861
342.00,5.6074,-1.3858,-0.3361,6.3967,0.3429,-0.0488,4.8918,-1.3239,-0.3179
342.50,5.6074,-1.3892,-0.3677,6.3996,0.3427,-0.0801,4.8946,-1.3249,-0.3492
343.00,5.6075,-1.3923,-0.3986,6.4029,0.3424,-0.1106,4.8976,-1.3260,-0.3797
343.50,5.6075,-1.3952,-0.4289,6.4067,0.3419,-0.1407,4.9012,-1.3275,-0.4097
344.00,5.6075,-1.3978,-0.4586,6.4094,0.3415,-0.1701,4.8545,-1.3668,-0.4496
344.50,5.6076,-1.4001,-0.4876,6.4124,0.3409,-0.1995,4.8572,-1.3681,-0.4790
345.00,5.6076,-1.4021,-0.5161,6.4137,0.3407,-0.2274,4.8584,-1.3687,-0.5069
345.50,5.6076,-1.4039,-0.5441,6.4151,0.3403,-0.2556,4.8596,-1.3695,-0.5351
346.00,5.6077,-1.4054,-0.5714,6.4167,0.3399,-0.2829,4.8611,-1.3703,-0.5624
346.50,5.6077,-1.4067,-0.5983,6.4179,0.3395,-0.3094,4.8621,-1.3710,-0.5889
347.00,5.6077,-1.4077,-0.6246,6.4189,0.3392,-0.3355,4.8630,-1.3716,-0.6150
347.50,5.6078,-1.4085,-0.6504,6.4196,0.3389,-0.3612,4.8636,-1.3720,-0.6407
348.00,5.6078,-1.4090,-0.6758,6.4198,0.3388,-0.3862,4.8638,-1.3722,-0.6657
348.50,5.6130,-1.4136,-0.7138,6.4256,0.3363,-0.4235,4.8687,-1.3762,-0.7030
349.00,5.6547,-1.4546,-0.8493,6.4764,0.3093,-0.5598,4.9100,-1.4162,-0.8392
349.50,5.7271,-1.5498,-0.9494,6.5754,0.2389,-0.6581,4.9758,-1.5210,-0.9411
350.00,5.7997,-1.6570,-0.9785,6.6872,0.1484,-0.6887,5.0598,-1.6291,-0.9717
350.50,5.8724,-1.7650,-0.9704,6.7889,0.0643,-0.6807,5.1221,-1.7382,-0.9636
351.00,5.9487,-1.8711,-0.9370,6.8943,-0.0184,-0.6463,5.2103,-1.8469,-0.9293
351.50,6.0270,-1.9753,-0.9191,7.0034,-0.0997,-0.6300,5.2823,-1.9456,-0.9095
352.00,6.1087,-2.0767,-0.8702,7.1096,-0.1732,-0.5823,5.3657,-2.0458,-0.8624
352.50,6.1942,-2.1746,-0.8395,7.2236,-0.2457,-0.5516,5.4536,-2.1467,-0.8346
353.00,6.2797,-2.2726,-0.8888,7.3378,-0.3182,-0.6004,5.5429,-2.2485,-0.8764
353.50,6.3576,-2.3765,-0.9541,7.4461,-0.3985,-0.6637,5.6154,-2.3450,-0.9432
354.00,6.4308,-2.4835,-0.9771,7.5465,-0.4790,-0.6854,5.6898,-2.4500,-0.9656
354.50,6.5054,-2.5906,-0.9533,7.6525,-0.5638,-0.6593,5.7688,-2.5604,-0.9458
355.00,6.5822,-2.6959,-0.9386,7.7561,-0.6424,-0.6446,5.8462,-2.6650,-0.9345
355.50,6.6609,-2.7999,-0.9136,7.8646,-0.7221,-0.6188,5.9271,-2.7724,-0.9018
356.00,6.7287,-2.8846,-0.8813,7.9630,-0.7900,-0.5859,5.9926,-2.8571,-0.8689
356.50,6.7588,-2.9201,-0.8485,8.0065,-0.8181,-0.5532,6.0270,-2.8859,-0.8390
357.00,6.7600,-2.9213,-0.8156,8.0084,-0.8192,-0.5199,6.0285,-2.8855,-0.8064
357.50,6.7599,-2.9212,-0.7816,8.0083,-0.8192,-0.4856,6.0284,-2.8854,-0.7721
358.00,6.7596,-2.9212,-0.7479,8.0080,-0.8191,-0.4515,6.0282,-2.8853,-0.7379
358.50,6.7593,-2.9213,-0.7152,8.0075,-0.8189,-0.4187,6.0278,-2.8849,-0.7052
359.00,6.7593,-2.9211,-0.6824,8.0073,-0.8188,-0.3855,6.0276,-2.8848,-0.6720
359.50,6.7592,-2.9204,-0.6487,8.0067,-0.8186,-0.3516,6.0271,-2.8844,-0.6381
360.00,6.7592,-2.9193,-0.6141,8.0054,-0.8181,-0.3165,6.0260,-2.8836,-0.6030
360.50,6.7591,-2.9178,-0.5786,8.0038,-0.8176,-0.2806,6.0246,-2.8827,-0.5670
361.00,6.7591,-2.9158,-0.5421,8.0023,-0.8172,-0.2437,6.0232,-2.8819,-0.5302
361.50,6.7590,-2.9133,-0.5047,7.9999,-0.8167,-0.2065,6.0211,-2.8807,-0.4930
362.00,6.7590,-2.9104,-0.4663,7.9973,-0.8162,-0.1676,6.0187,-2.8795,-0.4541
362.50,6.7589,-2.9070,-0.4268,7.9934,-0.8156,-0.1279,6.0152,-2.8778,-0.4144
363.00,6.7589,-2.9031,-0.3862,7.9890,-0.8151,-0.0872,6.0111,-2.8761,-0.3737
363.50,6.7588,-2.8987,-0.3445,7.9838,-0.8148,-0.0448,6.0062,-2.8744,-0.3313
364.00,6.7588,-2.8939,-0.3015,7.9784,-0.8147,-0.0018,6.0011,-2.8727,-0.2882
364.50,6.7588,-2.8885,-0.2573,7.9730,-0.8148,0.0431,5.9959,-2.8713,-0.2434
365.00,6.7587,-2.8827,-0.2117,7.9649,-0.8153,0.0889,5.9880,-2.8695,-0.1976
365.50,6.7587,-2.8763,-0.1646,7.9582,-0.8161,0.1370,5.9813,-2.8683,-0.1495
366.00,6.7587,-2.8695,-0.1159,7.9514,-0.8172,0.1858,5.9744,-2.8674,-0.1007
366.50,6.7587,-2.8623,-0.0654,7.9431,-0.8190,0.2368,5.9659,-2.8668,-0.0497
367.00,6.7587,-2.8545,-0.0130,7.9361,-0.8208,0.2898,6.0188,-2.8252,-0.0037
367.50,6.7587,-2.8465,0.0403,7.9391,-0.8198,0.3432,6.0220,-2.8250,0.0497
368.00,6.7587,-2.8390,0.0917,7.9464,-0.8169,0.3947,6.0299,-2.8244,0.1013
368.50,6.7587,-2.8320,0.1412,7.9524,-0.8142,0.4442,6.0363,-2.8236,0.1507
369.00,6.7587,-2.8254,0.1891,7.9587,-0.8110,0.4924,6.0433,-2.8223,0.1990
369.50,6.7587,-2.8194,0.2354,7.9628,-0.8087,0.5389,6.0479,-2.8213,0.2454
370.00,6.7588,-2.8138,0.2803,7.9671,-0.8060,0.5841,6.0527,-2.8200,0.2907
370.50,6.7588,-2.8087,0.3239,7.9719,-0.8027,0.6284,6.0584,-2.8181,0.3349
371.00,6.7588,-2.8041,0.3662,7.9758,-0.7997,0.6705,6.0629,-2.8165,0.3770
371.50,6.7589,-2.7999,0.4073,7.9786,-0.7974,0.7115,6.0663,-2.8151,0.4180
372.00,6.7589,-2.7963,0.4473,7.9805,-0.7958,0.7517,6.0686,-2.8140,0.4582
372.50,6.7590,-2.7931,0.4863,7.9824,-0.7939,0.7912,6.0709,-2.8128,0.4978
373.00,6.7590,-2.7904,0.5242,7.9846,-0.7916,0.8298,6.0337,-2.7612,0.5364
373.50,6.7591,-2.7882,0.5611,7.9864,-0.7895,0.8669,6.0361,-2.7597,0.5734
374.00,6.7591,-2.7864,0.5970,7.9879,-0.7877,0.9033,6.0380,-2.7585,0.6098
374.50,6.7592,-2.7851,0.6321,7.9889,-0.7864,0.9378,6.0394,-2.7575,0.6443
375.00,6.7592,-2.7843,0.6662,7.9897,-0.7853,0.9721,6.0404,-2.7567,0.6786
375.50,6.7593,-2.7839,0.6994,7.9899,-0.7850,1.0052,6.0407,-2.7564,0.7118
376.00,6.7593,-2.7838,0.7319,7.9899,-0.7849,1.0379,6.0407,-2.7564,0.7444
376.50,6.7591,-2.7839,0.7601,7.9899,-0.7850,1.0664,6.0406,-2.7565,0.7729
377.00,6.7590,-2.7840,0.7942,7.9898,-0.7851,1.1010,6.0406,-2.7566,0.8076
377.50,6.7591,-2.7844,0.8278,7.9894,-0.7860,1.1357,6.0399,-2.7573,0.8423
378.00,6.7591,-2.7845,0.8604,7.9893,-0.7862,1.1686,6.0398,-2.7574,0.8751
378.50,6.7588,-2.7846,0.8934,7.9891,-0.7867,1.2013,6.0394,-2.7579,0.9078
379.00,6.7581,-2.7847,0.9272,7.9888,-0.7877,1.2352,6.0388,-2.7587,0.9418
379.50,6.7569,-2.7847,0.9619,7.9885,-0.7884,1.2699,6.0384,-2.7593,0.9765
380.00,6.7553,-2.7848,0.9975,7.9882,-0.7896,1.3061,6.0377,-2.7603,1.0126
380.50,6.7533,-2.7848,1.0341,7.9876,-0.7919,1.3435,6.0365,-2.7623,1.0501
381.00,6.7507,-2.7849,1.0717,7.9872,-0.7936,1.3806,6.0357,-2.7639,1.0871
381.50,6.7477,-2.7849,1.1103,7.9866,-0.7974,1.4192,6.0339,-2.7674,1.1258
382.00,6.7443,-2.7849,1.1499,7.9861,-0.8010,1.4591,6.0324,-2.7706,1.1656
382.50,6.7403,-2.7850,1.1907,7.9857,-0.8048,1.4996,6.0310,-2.7742,1.2061
383.00,6.7359,-2.7850,1.2326,7.9856,-0.8084,1.5415,6.0298,-2.7776,1.2481
383.50,6.7309,-2.7851,1.2757,7.9855,-0.8135,1.5845,6.0282,-2.7825,1.2910
384.00,6.7255,-2.7851,1.3201,7.9858,-0.8199,1.6292,6.0266,-2.7887,1.3357
384.50,6.7196,-2.7851,1.3660,7.9863,-0.8265,1.6752,6.0252,-2.7951,1.3818
385.00,6.7132,-2.7851,1.4133,7.9870,-0.8323,1.7227,6.0243,-2.8009,1.4293
385.50,6.7063,-2.7852,1.4623,7.9884,-0.8399,1.7716,6.0234,-2.8085,1.4781
386.00,6.6978,-2.7729,1.5401,7.9852,-0.8278,1.8471,5.9625,-2.7360,1.5467
386.50,6.6973,-2.7020,1.5454,7.9668,-0.7651,1.8488,5.9635,-2.6705,1.5483
387.00,6.6954,-2.5786,1.6403,7.9279,-0.6427,1.9426,5.9527,-2.5422,1.6456
387.50,6.6845,-2.4506,1.8336,7.8686,-0.5259,2.1377,5.9404,-2.4132,1.8436
388.00,6.6534,-2.3269,1.9074,7.7925,-0.4188,2.2111,5.9086,-2.2886,1.9176
388.50,6.6078,-2.2045,1.9300,7.7097,-0.3083,2.2319,5.8694,-2.1589,1.9384
389.00,6.5612,-2.0830,1.9167,7.6261,-0.2016,2.2161,5.8221,-2.0426,1.9227
389.50,6.5202,-1.9601,1.9018,7.5505,-0.0987,2.2023,5.7796,-1.9221,1.9123
390.00,6.4729,-1.8381,1.9433,7.4729,0.0028,2.2439,5.7343,-1.8026,1.9539
390.50,6.4175,-1.7195,2.0615,7.3831,0.1046,2.3641,5.6770,-1.6796,2.0706
391.00,6.3529,-1.6077,2.1294,7.2870,0.1914,2.4321,5.6107,-1.5683,2.1421
391.50,6.2874,-1.4963,2.0578,7.1880,0.2806,2.3600,5.5413,-1.4627,2.0701
392.00,6.2300,-1.3901,1.8357,7.1079,0.3771,2.1381,5.5017,-1.3494,1.8447
392.50,6.1804,-1.2776,1.5282,7.0570,0.4862,1.8368,5.4644,-1.2402,1.5433
393.00,6.1696,-1.1520,1.2945,7.0381,0.6166,1.6049,5.4444,-1.1204,1.3062
393.50,6.1986,-1.0296,1.1601,7.0421,0.7445,1.4735,5.4621,-0.9991,1.1696
394.00,6.2485,-0.9140,1.0458,7.0624,0.8675,1.3559,5.5073,-0.8800,1.0520
394.50,6.3154,-0.8035,0.9791,7.0943,0.9972,1.2923,5.5705,-0.7658,0.9884
395.00,6.3907,-0.6973,0.9458,7.1348,1.1272,1.2576,5.6466,-0.6538,0.9531
395.50,6.4661,-0.5915,0.9484,7.1751,1.2545,1.2623,5.7151,-0.5503,0.9578
396.00,6.5403,-0.4915,0.9206,7.2157,1.3765,1.2337,5.7921,-0.4459,0.9274
396.50,6.5850,-0.4352,0.8869,7.2402,1.4432,1.2003,5.8339,-0.3944,0.8941
397.00,6.5935,-0.4252,0.8541,7.2454,1.4562,1.1682,5.8407,-0.3833,0.8619
397.50,6.5934,-0.4249,0.8214,7.2455,1.4566,1.1359,5.8409,-0.3830,0.8296
398.00,6.5933,-0.4246,0.7875,7.2457,1.4569,1.1022,5.8411,-0.3827,0.7959
398.50,6.5935,-0.4245,0.7536,7.2457,1.4571,1.0687,5.8413,-0.3825,0.7625
399.00,6.5937,-0.4244,0.7207,7.2459,1.4575,1.0366,5.8415,-0.3823,0.7304
399.50,6.5936,-0.4246,0.6880,7.2458,1.4573,1.0051,5.8414,-0.3824,0.6989
400.00,6.5936,-0.4251,0.6545,7.2456,1.4569,0.9717,5.8410,-0.3827,0.6655
400.50,6.5935,-0.4262,0.6201,7.2453,1.4565,0.9366,5.8406,-0.3830,0.6304
401.00,6.5935,-0.4276,0.5847,7.2446,1.4557,0.9019,5.8398,-0.3836,0.5957
401.50,6.5934,-0.4295,0.5484,7.2435,1.4544,0.8657,5.8383,-0.3845,0.5595
402.00,6.5934,-0.4319,0.5112,7.2419,1.4525,0.8290,5.8362,-0.3858,0.5228
402.50,6.5933,-0.4348,0.4729,7.2400,1.4505,0.7911,5.8338,-0.3871,0.4849
403.00,6.5933,-0.4381,0.4336,7.2380,1.4485,0.7520,5.8312,-0.3884,0.4458
403.50,6.5932,-0.4419,0.3933,7.2356,1.4464,0.7121,5.8284,-0.3897,0.4059
404.00,6.5932,-0.4462,0.3517,7.2317,1.4432,0.6709,5.8237,-0.3916,0.3646
404.50,6.5932,-0.4510,0.3090,7.2285,1.4408,0.6282,5.8199,-0.3929,0.3220
405.00,6.5931,-0.4563,0.2650,7.2245,1.4380,0.5844,5.8153,-0.3944,0.2781
405.50,6.5931,-0.4620,0.2196,7.2207,1.4356,0.5392,5.8109,-0.3955,0.2329
406.00,6.5931,-0.4683,0.1727,7.2155,1.4327,0.4922,5.8051,-0.3967,0.1860
406.50,6.5931,-0.4750,0.1243,7.2097,1.4297,0.4444,5.7987,-0.3978,0.1381
407.00,6.5930,-0.4822,0.0742,7.2043,1.4273,0.3947,5.7927,-0.3985,0.0884
407.50,6.5930,-0.4899,0.0221,7.1974,1.4246,0.3432,5.7853,-0.3990,0.0370
408.00,6.5930,-0.4978,-0.0313,7.1977,1.4246,0.2902,5.7857,-0.3990,-0.0160
408.50,6.5930,-0.5054,-0.0830,7.2061,1.4269,0.2383,5.7944,-0.3994,-0.0679
409.00,6.5931,-0.5126,-0.1328,7.2122,1.4283,0.1892,5.8006,-0.4000,-0.1171
409.50,6.5931,-0.5192,-0.1810,7.2190,1.4294,0.1409,5.8074,-0.4009,-0.1653
410.00,6.5931,-0.5254,-0.2276,7.2255,1.4302,0.0942,5.8138,-0.4022,-0.2120
410.50,6.5931,-0.5310,-0.2727,7.2317,1.4306,0.0487,5.8199,-0.4036,-0.2576
411.00,6.5932,-0.5362,-0.3165,7.2373,1.4308,0.0053,5.8253,-0.4051,-0.3010
411.50,6.5932,-0.5409,-0.3590,7.2430,1.4307,-0.0368,5.8307,-0.4069,-0.3430
412.00,6.5932,-0.5451,-0.4004,7.2471,1.4305,-0.0773,5.8345,-0.4084,-0.3835
412.50,6.5933,-0.5488,-0.4406,7.2513,1.4300,-0.1172,5.8384,-0.4100,-0.4234
413.00,6.5933,-0.5521,-0.4797,7.2554,1.4295,-0.1559,5.8421,-0.4118,-0.4622
413.50,6.5934,-0.5549,-0.5177,7.2575,1.4291,-0.1939,5.8441,-0.4128,-0.5001
414.00,6.5934,-0.5572,-0.5548,7.2587,1.4289,-0.2297,5.8451,-0.4134,-0.5360
414.50,6.5935,-0.5590,-0.5909,7.2601,1.4285,-0.2661,5.8463,-0.4142,-0.5724
415.00,6.5935,-0.5604,-0.6261,7.2611,1.4282,-0.3014,5.8472,-0.4147,-0.6077
415.50,6.5936,-0.5613,-0.6604,7.2613,1.4281,-0.3355,5.8474,-0.4149,-0.6418
416.00,6.5936,-0.5618,-0.6938,7.2621,1.4279,-0.3685,5.8480,-0.4153,-0.6747
416.50,6.5937,-0.5619,-0.7264,7.2624,1.4278,-0.4009,5.8483,-0.4155,-0.7072
417.00,6.5807,-0.5503,-0.7297,7.2453,1.4350,-0.4031,5.8342,-0.4035,-0.7094
417.50,6.5658,-0.5369,-0.7297,7.2268,1.4429,-0.4024,5.8189,-0.3904,-0.7086
418.00,6.5509,-0.5236,-0.7297,7.2088,1.4506,-0.4024,5.8040,-0.3776,-0.7087
418.50,6.5360,-0.5103,-0.7297,7.1905,1.4584,-0.4027,5.7889,-0.3647,-0.7089
419.00,6.5211,-0.4969,-0.7297,7.1727,1.4660,-0.4027,5.7718,-0.4543,-0.7229
419.50,6.5062,-0.4836,-0.7297,7.1542,1.4738,-0.4029,5.7567,-0.4410,-0.7231
420.00,6.4913,-0.4703,-0.7297,7.1376,1.4809,-0.4027,5.7432,-0.4291,-0.7229
420.50,6.4764,-0.4569,-0.7297,7.1203,1.4882,-0.4025,5.7292,-0.4167,-0.7227
421.00,6.4615,-0.4436,-0.7297,7.1029,1.4957,-0.4018,5.7149,-0.4042,-0.7220
421.50,6.4466,-0.4303,-0.7297,7.0883,1.5019,-0.4011,5.7030,-0.3937,-0.7213
422.00,6.4317,-0.4169,-0.7297,7.0681,1.5104,-0.4005,5.6865,-0.3792,-0.7207
422.50,6.4167,-0.4036,-0.7297,7.0480,1.5189,-0.4000,5.6701,-0.3648,-0.7202
423.00,6.4018,-0.3903,-0.7297,7.0288,1.5271,-0.4000,5.6544,-0.3510,-0.7202
423.50,6.3971,-0.3859,-0.7461,7.0218,1.5300,-0.4171,5.6392,-0.3455,-0.7408
424.00,6.3975,-0.3858,-0.7798,7.0225,1.5297,-0.4502,5.6398,-0.3460,-0.7738
424.50,6.3976,-0.3859,-0.8139,7.0228,1.5295,-0.4841,5.6400,-0.3463,-0.8078
425.00,6.3976,-0.3862,-0.8468,7.0231,1.5294,-0.5168,5.6403,-0.3465,-0.8405
425.50,6.3975,-0.3861,-0.8794,7.0230,1.5294,-0.5491,5.6402,-0.3465,-0.8728
426.00,6.3970,-0.3861,-0.9129,7.0225,1.5297,-0.5828,5.6398,-0.3460,-0.9065
426.50,6.3960,-0.3860,-0.9472,7.0214,1.5305,-0.6163,5.6390,-0.3449,-0.9400
427.00,6.3946,-0.3860,-0.9825,7.0203,1.5313,-0.6511,5.6382,-0.3438,-0.9748
427.50,6.3927,-0.3859,-1.0187,7.0192,1.5322,-0.6868,5.6375,-0.3427,-1.0105
428.00,6.3904,-0.3859,-1.0558,7.0172,1.5339,-0.7235,5.6361,-0.3404,-1.0472
428.50,6.3876,-0.3858,-1.0940,7.0149,1.5359,-0.7617,5.6346,-0.3377,-1.0854
429.00,6.3843,-0.3858,-1.1331,7.0122,1.5387,-0.8009,5.6329,-0.3343,-1.1246
429.50,6.3806,-0.3857,-1.1734,7.0093,1.5417,-0.8412,5.6311,-0.3304,-1.1649
430.00,6.3763,-0.3857,-1.2148,7.0076,1.5437,-0.8823,5.6302,-0.3280,-1.2060
430.50,6.3716,-0.3856,-1.2575,7.0049,1.5471,-0.9245,5.6287,-0.3239,-1.2482
431.00,6.3664,-0.3856,-1.3013,7.0021,1.5510,-0.9681,5.6272,-0.3193,-1.2918
431.50,6.3607,-0.3856,-1.3466,6.9985,1.5566,-1.0133,5.6256,-0.3129,-1.3370
432.00,6.3545,-0.3856,-1.3933,6.9953,1.5619,-1.0594,5.6242,-0.3068,-1.3831
432.50,6.3479,-0.3861,-1.4431,6.9931,1.5661,-1.1072,5.5898,-0.3419,-1.4344
433.00,6.3406,-0.4256,-1.5221,7.0093,1.5292,-1.1858,5.5933,-0.3821,-1.5130
433.50,6.3334,-0.5276,-1.5984,7.0455,1.4302,-1.2603,5.5858,-0.4874,-1.5887
434.00,6.3171,-0.6572,-1.6762,7.0794,1.3051,-1.3412,5.5621,-0.6169,-1.6731
434.50,6.3011,-0.7864,-1.7048,7.1098,1.1717,-1.3665,5.5478,-0.7484,-1.6945
435.00,6.2797,-0.9149,-1.7434,7.1344,1.0402,-1.4068,5.5280,-0.8798,-1.7369
435.50,6.2583,-1.0430,-1.7176,7.1564,0.9117,-1.3762,5.5128,-1.0043,-1.7063
436.00,6.2428,-1.1504,-1.6809,7.1794,0.8018,-1.3410,5.5014,-1.1186,-1.6746
436.50,6.2340,-1.1969,-1.6315,7.1917,0.7532,-1.2919,5.4868,-1.1629,-1.6220
437.00,6.2329,-1.1988,-1.5792,7.1923,0.7509,-1.2394,5.4866,-1.1653,-1.5695
437.50,6.2397,-1.1988,-1.5260,7.1947,0.7446,-1.1863,5.4868,-1.1720,-1.5164
438.00,6.2472,-1.1988,-1.4748,7.1975,0.7380,-1.1355,5.4873,-1.1792,-1.4656
438.50,6.2542,-1.1988,-1.4254,7.1996,0.7338,-1.0857,5.4944,-1.1739,-1.4176
439.00,6.2607,-1.1988,-1.3777,7.2025,0.7285,-1.0373,5.4955,-1.1799,-1.3692
439.50,6.2668,-1.1989,-1.3315,7.2060,0.7229,-0.9912,5.4969,-1.1863,-1.3230
440.00,6.2723,-1.1989,-1.2867,7.2090,0.7185,-0.9458,5.4983,-1.1914,-1.2777
440.50,6.2774,-1.1989,-1.2433,7.2118,0.7147,-0.9019,5.4998,-1.1960,-1.2337
441.00,6.2819,-1.1990,-1.2010,7.2145,0.7115,-0.8595,5.5013,-1.1998,-1.1913
441.50,6.2860,-1.1990,-1.1600,7.2168,0.7089,-0.8181,5.5026,-1.2030,-1.1500
442.00,6.2893,-1.1990,-1.1238,7.2191,0.7065,-0.7828,5.5040,-1.2061,-1.1146
442.50,6.2917,-1.1991,-1.0945,7.2205,0.7051,-0.7538,5.5049,-1.2079,-1.0856
443.00,6.2939,-1.1991,-1.0658,7.2219,0.7039,-0.7253,5.5058,-1.2094,-1.0571
443.50,6.2958,-1.1992,-1.0376,7.2236,0.7024,-0.6972,5.5525,-1.1658,-1.0291
444.00,6.2974,-1.1992,-1.0100,7.2248,0.7014,-0.6691,5.5534,-1.1671,-1.0009
444.50,6.2988,-1.1992,-0.9830,7.2261,0.7004,-0.6416,5.5543,-1.1685,-0.9735
445.00,6.2999,-1.1993,-0.9564,7.2268,0.6999,-0.6149,5.5547,-1.1692,-0.9467
445.50,6.3007,-1.1993,-0.9304,7.2273,0.6996,-0.5885,5.5551,-1.1697,-0.9204
446.00,6.3013,-1.1994,-0.9049,7.2276,0.6993,-0.5631,5.5554,-1.1700,-0.8949
446.50,6.3017,-1.1994,-0.8799,7.2281,0.6991,-0.5376,5.5557,-1.1704,-0.8694
447.00,6.3018,-1.1994,-0.8554,7.2282,0.6990,-0.5133,5.5558,-1.1705,-0.8451
447.50,6.3018,-1.1994,-0.8309,7.2281,0.6991,-0.4886,5.5557,-1.1704,-0.8204
448.00,6.3017,-1.1991,-0.8059,7.2277,0.6993,-0.4632,5.5554,-1.1701,-0.7950
448.50,6.3017,-1.1991,-0.7803,7.2276,0.6993,-0.4369,5.5553,-1.1700,-0.7687
449.00,6.3014,-1.1991,-0.7549,7.2272,0.6995,-0.4119,5.5550,-1.1697,-0.7437
449.50,6.3011,-1.1992,-0.7301,7.2268,0.6996,-0.3867,5.5547,-1.1694,-0.7185
450.00,6.3011,-1.1992,-0.7058,7.2266,0.6997,-0.3619,5.5545,-1.1693,-0.6938
450.50,6.3010,-1.1990,-0.6811,7.2264,0.6998,-0.3370,5.5543,-1.1691,-0.6688
451.00,6.3010,-1.1985,-0.6558,7.2260,0.6999,-0.3111,5.5540,-1.1689,-0.6430
451.50,6.3009,-1.1978,-0.6301,7.2251,0.7002,-0.2855,5.5533,-1.1684,-0.6173
452.00,6.3009,-1.1969,-0.6039,7.2242,0.7005,-0.2584,5.5525,-1.1678,-0.5902
452.50,6.3009,-1.1957,-0.5772,7.2234,0.7007,-0.2317,5.5518,-1.1673,-0.5635
453.00,6.3008,-1.1942,-0.5499,7.2211,0.7012,-0.2047,5.5498,-1.1661,-0.5365
453.50,6.3008,-1.1925,-0.5221,7.2196,0.7015,-0.1765,5.5485,-1.1654,-0.5084
454.00,6.3007,-1.1905,-0.4937,7.2169,0.7019,-0.1478,5.5461,-1.1641,-0.4797
454.50,6.3007,-1.1882,-0.4648,7.2144,0.7022,-0.1185,5.5438,-1.1630,-0.4503
455.00,6.3007,-1.1857,-0.4352,7.2123,0.7025,-0.0888,5.5419,-1.1621,-0.4207
455.50,6.3006,-1.1828,-0.4033,7.2096,0.7027,-0.0563,5.5394,-1.1610,-0.3881
456.00,6.3006,-1.1786,-0.3620,7.2060,0.7028,-0.0154,5.5360,-1.1597,-0.3472
456.50,6.3006,-1.1740,-0.3196,7.2016,0.7028,0.0268,5.5319,-1.1583,-0.3050
457.00,6.3005,-1.1688,-0.2759,7.1964,0.7025,0.0707,5.5269,-1.1568,-0.2611
457.50,6.3005,-1.1632,-0.2309,7.1914,0.7021,0.1151,5.5220,-1.1556,-0.2168
458.00,6.3005,-1.1570,-0.1844,7.1852,0.7012,0.1621,5.5158,-1.1544,-0.1697
458.50,6.3005,-1.1504,-0.1364,7.1791,0.7001,0.2108,5.5097,-1.1535,-0.1211
459.00,6.3004,-1.1433,-0.0867,7.1724,0.6985,0.2605,5.5028,-1.1528,-0.0713
459.50,6.3004,-1.1358,-0.0351,7.1636,0.6959,0.3117,5.5379,-1.1110,-0.0271
460.00,6.3004,-1.1278,0.0183,7.1586,0.6942,0.3654,5.5327,-1.1110,0.0266
460.50,6.3004,-1.1201,0.0705,7.1657,0.6971,0.4179,5.5403,-1.1106,0.0791
461.00,6.3005,-1.1129,0.1208,7.1713,0.6998,0.4684,5.5466,-1.1099,0.1296
461.50,6.3005,-1.1061,0.1693,7.1768,0.7027,0.5170,5.5526,-1.1090,0.1782
462.00,6.3005,-1.1017,0.2092,7.1810,0.7052,0.5570,5.5575,-1.1080,0.2181
462.50,6.3005,-1.0959,0.2549,7.1860,0.7085,0.6034,5.5633,-1.1066,0.2646
463.00,6.3005,-1.0914,0.2916,7.1902,0.7115,0.6404,5.5682,-1.1052,0.3016
463.50,6.3006,-1.0876,0.3241,7.1936,0.7141,0.6734,5.5723,-1.1038,0.3346
464.00,6.3006,-1.0841,0.3560,7.1966,0.7166,0.7057,5.5760,-1.1025,0.3669
464.50,6.3006,-1.0809,0.3871,7.1997,0.7193,0.7372,5.5798,-1.1010,0.3983
465.00,6.3007,-1.0780,0.4177,7.2018,0.7212,0.7677,5.5824,-1.0998,0.4289
465.50,6.3007,-1.0755,0.4445,7.2035,0.7230,0.7955,5.5846,-1.0988,0.4567
466.00,6.3007,-1.0775,0.4197,7.2018,0.7213,0.7702,5.5824,-1.0998,0.4313
466.50,6.3006,-1.0805,0.3892,7.2002,0.7198,0.7394,5.5804,-1.1007,0.4006
467.00,6.3006,-1.0837,0.3581,7.1972,0.7171,0.7079,5.5766,-1.1022,0.3690
467.50,6.3006,-1.0872,0.3263,7.1935,0.7140,0.6762,5.5721,-1.1039,0.3374
468.00,6.3005,-1.0909,0.2938,7.1905,0.7117,0.6436,5.5686,-1.1051,0.3047
468.50,6.3005,-1.0950,0.2605,7.1878,0.7098,0.6104,5.5654,-1.1060,0.2716
469.00,6.3005,-1.1006,0.2153,7.1826,0.7063,0.5644,5.5593,-1.1075,0.2256
469.50,6.3005,-1.1069,0.1683,7.1764,0.7025,0.5180,5.5522,-1.1090,0.1792
470.00,6.3004,-1.1137,0.1197,7.1706,0.6994,0.4695,5.5457,-1.1100,0.1306
470.50,6.3004,-1.1209,0.0694,7.1651,0.6968,0.4197,5.5396,-1.1107,0.0809
471.00,6.3004,-1.1286,0.0172,7.1581,0.6939,0.3680,5.5321,-1.1111,0.0292
471.50,6.3004,-1.1366,-0.0362,7.1608,0.6948,0.3151,5.5349,-1.1112,-0.0238
472.00,6.3004,-1.1441,-0.0877,7.1664,0.6965,0.2636,5.5408,-1.1114,-0.0752
472.50,6.3005,-1.1512,-0.1374,7.1734,0.6982,0.2141,5.5480,-1.1121,-0.1247
473.00,6.3005,-1.1578,-0.1854,7.1791,0.6992,0.1659,5.5537,-1.1130,-0.1729
473.50,6.3005,-1.1639,-0.2318,7.1859,0.7002,0.1194,5.5604,-1.1143,-0.2195
474.00,6.3005,-1.1696,-0.2768,7.1922,0.7009,0.0747,5.5666,-1.1159,-0.2641
474.50,6.3006,-1.1747,-0.3205,7.1971,0.7012,0.0311,5.5713,-1.1172,-0.3077
475.00,6.3006,-1.1794,-0.3629,7.2016,0.7012,-0.0116,5.5756,-1.1187,-0.3504
475.50,6.3006,-1.1835,-0.4041,7.2054,0.7011,-0.0523,5.5791,-1.1200,-0.3911
476.00,6.3007,-1.1866,-0.4374,7.2093,0.7008,-0.0861,5.5827,-1.1216,-0.4249
476.50,6.3007,-1.1891,-0.4669,7.2116,0.7006,-0.1156,5.5848,-1.1226,-0.4544
477.00,6.3007,-1.1913,-0.4958,7.2145,0.7002,-0.1446,5.5874,-1.1239,-0.4834
477.50,6.3008,-1.1933,-0.5241,7.2166,0.6999,-0.1730,5.5893,-1.1249,-0.5118
478.00,6.3008,-1.1950,-0.5519,7.2182,0.6996,-0.2009,5.5907,-1.1257,-0.5397
478.50,6.3009,-1.1965,-0.5791,7.2195,0.6993,-0.2277,5.5918,-1.1264,-0.5665
479.00,6.3009,-1.1977,-0.6058,7.2203,0.6991,-0.2540,5.5925,-1.1269,-0.5928
479.50,6.3009,-1.1986,-0.6320,7.2215,0.6988,-0.2796,5.5935,-1.1276,-0.6184
480.00,6.3010,-1.1993,-0.6577,7.2226,0.6984,-0.3051,5.5552,-1.1671,-0.6509
480.50,6.3010,-1.1997,-0.6829,7.2234,0.6982,-0.3303,5.5559,-1.1676,-0.6761
481.00,6.3011,-1.1999,-0.7075,7.2237,0.6980,-0.3551,5.5562,-1.1679,-0.7009
481.50,6.3011,-1.1999,-0.7319,7.2239,0.6980,-0.3798,5.5563,-1.1680,-0.7256
482.00,6.3013,-1.1999,-0.7492,7.2243,0.6978,-0.3966,5.5566,-1.1683,-0.7424
482.50,6.3013,-1.1999,-0.7492,7.2243,0.6978,-0.3966,5.5566,-1.1683,-0.7424
483.00,6.3013,-1.1999,-0.7492,7.2243,0.6978,-0.3965,5.5566,-1.1683,-0.7423
483.50,6.3013,-1.1999,-0.7492,7.2243,0.6978,-0.3970,5.5566,-1.1683,-0.7428
484.00,6.3014,-1.1999,-0.7518,7.2243,0.6978,-0.3991,5.5567,-1.1683,-0.7449
484.50,6.3016,-1.1998,-0.7770,7.2247,0.6976,-0.4253,5.5570,-1.1686,-0.7711
485.00,6.3017,-1.1999,-0.8027,7.2248,0.6976,-0.4516,5.5571,-1.1687,-0.7974
485.50,6.3018,-1.2001,-0.8278,7.2251,0.6974,-0.4764,5.5573,-1.1689,-0.8222
486.00,6.3018,-1.2002,-0.8522,7.2251,0.6974,-0.5011,5.5573,-1.1689,-0.8469
486.50,6.3017,-1.2001,-0.8767,7.2250,0.6975,-0.5260,5.5572,-1.1688,-0.8718
487.00,6.3014,-1.2001,-0.9017,7.2250,0.6975,-0.5501,5.5572,-1.1688,-0.8959
487.50,6.3008,-1.2001,-0.9271,7.2246,0.6977,-0.5760,5.5569,-1.1685,-0.9218
488.00,6.3000,-1.2000,-0.9531,7.2241,0.6981,-0.6017,5.5565,-1.1679,-0.9475
488.50,6.2989,-1.2000,-0.9795,7.2238,0.6983,-0.6281,5.5563,-1.1677,-0.9739
489.00,6.2976,-1.1999,-1.0065,7.2222,0.6995,-0.6552,5.5552,-1.1660,-1.0010
489.50,6.2960,-1.1999,-1.0341,7.2209,0.7005,-0.6824,5.5544,-1.1646,-1.0282
490.00,6.2941,-1.1999,-1.0621,7.2197,0.7015,-0.7107,5.5536,-1.1633,-1.0565
490.50,6.2920,-1.1998,-1.0908,7.2185,0.7026,-0.7398,5.5528,-1.1618,-1.0856
491.00,6.2896,-1.1998,-1.1200,7.2163,0.7047,-0.7691,5.5514,-1.1591,-1.1149
491.50,6.2869,-1.1998,-1.1508,7.2149,0.7060,-0.7991,5.5506,-1.1574,-1.1449
492.00,6.2830,-1.1997,-1.1916,7.2127,0.7084,-0.8397,5.5493,-1.1543,-1.1855
492.50,6.2785,-1.1997,-1.2335,7.2100,0.7115,-0.8812,5.5478,-1.1505,-1.2270
493.00,6.2736,-1.1996,-1.2767,7.2074,0.7149,-0.9244,5.5465,-1.1465,-1.2703
493.50,6.2681,-1.1996,-1.3211,7.2043,0.7191,-0.9695,5.5451,-1.1415,-1.3153
494.00,6.2622,-1.1996,-1.3670,7.2012,0.7240,-1.0158,5.5438,-1.1359,-1.3616
494.50,6.2531,-1.2322,-1.5117,7.2167,0.6949,-1.1519,5.5485,-1.1684,-1.4977
495.00,6.2334,-1.3276,-1.7243,7.2445,0.6029,-1.3649,5.5434,-1.2645,-1.7107
495.50,6.2090,-1.4467,-1.7493,7.2666,0.4806,-1.3892,5.4689,-1.4170,-1.7403
496.00,6.1947,-1.5112,-1.7023,7.2813,0.4086,-1.3420,5.4538,-1.4897,-1.6947
496.50,6.1897,-1.5205,-1.6531,7.2843,0.3961,-1.2925,5.4466,-1.4969,-1.6453
497.00,6.1938,-1.5205,-1.6014,7.2832,0.3993,-1.2410,5.4464,-1.4835,-1.5920
497.50,6.2018,-1.5205,-1.5480,7.2824,0.4019,-1.1874,5.4464,-1.4808,-1.5384
498.00,6.2094,-1.5205,-1.4959,7.2851,0.3954,-1.1354,5.4468,-1.4878,-1.4864
498.50,6.2166,-1.5205,-1.4458,7.2889,0.3877,-1.0851,5.4477,-1.4963,-1.4362
499.00,6.2246,-1.5290,-1.3740,7.2957,0.3759,-1.0185,5.4500,-1.5097,-1.3696
499.50,6.2422,-1.5906,-1.2271,7.3325,0.3256,-0.8738,5.4673,-1.5697,-1.2248
500.00,6.2815,-1.7035,-1.2241,7.4119,0.2338,-0.8700,5.5418,-1.6676,-1.2158
500.50,6.3215,-1.8269,-1.2520,7.4953,0.1292,-0.9009,5.5848,-1.7943,-1.2449
501.00,6.3681,-1.9406,-1.1282,7.5742,0.0389,-0.7769,5.6267,-1.9059,-1.1206
501.50,6.4267,-2.0514,-0.9559,7.6730,-0.0421,-0.6052,5.6899,-2.0155,-0.9458
502.00,6.5031,-2.1540,-0.9090,7.7807,-0.1118,-0.5592,5.7636,-2.1173,-0.8998
502.50,6.5742,-2.2516,-0.9914,7.8861,-0.1819,-0.6424,5.8350,-2.2187,-0.9813
503.00,6.6363,-2.3644,-1.1666,7.9791,-0.2648,-0.8184,5.8968,-2.3233,-1.1589
503.50,6.6873,-2.4858,-1.2228,8.0632,-0.3617,-0.8735,5.9453,-2.4417,-1.2124
504.00,6.7368,-2.6064,-1.1254,8.1547,-0.4634,-0.7749,5.9995,-2.5700,-1.1153
504.50,6.7962,-2.7191,-0.9889,8.2549,-0.5475,-0.6366,6.0654,-2.6808,-0.9789
505.00,6.8685,-2.8264,-0.9751,8.3601,-0.6227,-0.6239,6.1309,-2.7868,-0.9662
505.50,6.9365,-2.9361,-1.0303,8.4648,-0.7028,-0.6797,6.2021,-2.8917,-1.0220
506.00,6.9872,-3.0187,-1.0121,8.5443,-0.7666,-0.6603,6.2557,-2.9830,-1.0026
506.50,7.0073,-3.0474,-0.9761,8.5720,-0.7876,-0.6240,6.2749,-3.0079,-0.9663
507.00,7.0087,-3.0475,-0.9410,8.5732,-0.7884,-0.5882,6.2757,-3.0091,-0.9305
507.50,7.0096,-3.0476,-0.9068,8.5737,-0.7888,-0.5541,6.2761,-3.0096,-0.8964
508.00,7.0100,-3.0476,-0.8735,8.5740,-0.7890,-0.5201,6.2763,-3.0098,-0.8624
508.50,7.0101,-3.0476,-0.8410,8.5740,-0.7890,-0.4875,6.2763,-3.0099,-0.8298
509.00,7.0100,-3.0474,-0.8079,8.5738,-0.7889,-0.4546,6.2761,-3.0097,-0.7969
509.50,7.0099,-3.0473,-0.7737,8.5737,-0.7889,-0.4200,6.2760,-3.0096,-0.7623
510.00,7.0095,-3.0474,-0.7402,8.5733,-0.7887,-0.3859,6.2758,-3.0094,-0.7282
510.50,7.0094,-3.0474,-0.7076,8.5735,-0.7888,-0.3533,6.2759,-3.0095,-0.6956
511.00,7.0093,-3.0471,-0.6746,8.5729,-0.7886,-0.3196,6.2754,-3.0091,-0.6619
511.50,7.0092,-3.0463,-0.6407,8.5718,-0.7882,-0.2854,6.2745,-3.0084,-0.6277
512.00,7.0092,-3.0451,-0.6059,8.5710,-0.7880,-0.2507,6.2738,-3.0079,-0.5930
512.50,7.0091,-3.0435,-0.5702,8.5693,-0.7876,-0.2141,6.2723,-3.0070,-0.5564
513.00,7.0091,-3.0414,-0.5335,8.5665,-0.7870,-0.1772,6.2699,-3.0055,-0.5195
513.50,7.0090,-3.0388,-0.4959,8.5641,-0.7867,-0.1395,6.2678,-3.0043,-0.4818
514.00,7.0090,-3.0358,-0.4572,8.5611,-0.7863,-0.1005,6.2651,-3.0030,-0.4428
514.50,7.0090,-3.0323,-0.4175,8.5575,-0.7860,-0.0608,6.2618,-3.0015,-0.4031
515.00,7.0089,-3.0283,-0.3767,8.5539,-0.7859,-0.0198,6.2584,-3.0001,-0.3621
515.50,7.0089,-3.0238,-0.3346,8.5495,-0.7858,0.0224,6.2542,-2.9987,-0.3199
516.00,7.0088,-3.0188,-0.2914,8.5444,-0.7861,0.0652,6.2494,-2.9972,-0.2771
516.50,7.0088,-3.0133,-0.2468,8.5395,-0.7865,0.1091,6.2446,-2.9959,-0.2332
517.00,7.0088,-3.0074,-0.2009,8.5339,-0.7872,0.1549,6.2391,-2.9947,-0.1874
517.50,7.0088,-3.0009,-0.1534,8.5279,-0.7883,0.2025,6.2331,-2.9938,-0.1398
518.00,7.0087,-2.9940,-0.1043,8.5208,-0.7899,0.2515,6.2259,-2.9929,-0.0908
518.50,7.0087,-2.9866,-0.0534,8.5138,-0.7919,0.3024,6.2186,-2.9924,-0.0399
519.00,7.0087,-2.9788,-0.0006,8.5060,-0.7946,0.3553,6.2103,-2.9923,0.0130
519.50,7.0087,-2.9709,0.0524,8.5133,-0.7917,0.4083,6.2823,-2.9414,0.0625
520.00,7.0087,-2.9635,0.1033,8.5208,-0.7882,0.4592,6.2905,-2.9407,0.1134
520.50,7.0088,-2.9566,0.1524,8.5260,-0.7854,0.5085,6.2963,-2.9399,0.1627
521.00,7.0088,-2.9501,0.1999,8.5316,-0.7822,0.5560,6.3027,-2.9387,0.2102
521.50,7.0088,-2.9441,0.2459,8.5362,-0.7791,0.6019,6.3081,-2.9374,0.2561
522.00,7.0088,-2.9387,0.2905,8.5401,-0.7763,0.6468,6.3128,-2.9361,0.3010
522.50,7.0089,-2.9337,0.3338,8.5444,-0.7730,0.6901,6.3178,-2.9344,0.3443
523.00,7.0089,-2.9292,0.3758,8.5474,-0.7704,0.7326,6.3216,-2.9329,0.3868
523.50,7.0090,-2.9252,0.4167,8.5503,-0.7677,0.7733,6.2796,-2.8874,0.4275
524.00,7.0090,-2.9216,0.4564,8.5525,-0.7655,0.8132,6.2824,-2.8861,0.4674
524.50,7.0090,-2.9186,0.4951,8.5546,-0.7632,0.8517,6.2851,-2.8847,0.5059
525.00,7.0091,-2.9160,0.5328,8.5566,-0.7608,0.8904,6.2879,-2.8831,0.5446
525.50,7.0091,-2.9166,0.5201,8.5556,-0.7620,0.8780,6.2865,-2.8839,0.5322
526.00,7.0090,-2.9193,0.4821,8.5539,-0.7640,0.8403,6.2842,-2.8852,0.4945
526.50,7.0090,-2.9216,0.4491,8.5521,-0.7659,0.8075,6.2819,-2.8864,0.4617
527.00,7.0090,-2.9252,0.4091,8.5497,-0.7683,0.7675,6.2788,-2.8878,0.4217
527.50,7.0089,-2.9293,0.3680,8.5460,-0.7718,0.7269,6.2741,-2.8898,0.3811
528.00,7.0089,-2.9339,0.3258,8.5427,-0.7746,0.6844,6.2701,-2.8914,0.3386
528.50,7.0088,-2.9390,0.2822,8.5387,-0.7777,0.6412,6.2654,-2.8929,0.2954
529.00,7.0088,-2.9445,0.2374,8.5333,-0.7815,0.5968,6.2590,-2.8947,0.2510
529.50,7.0088,-2.9506,0.1912,8.5281,-0.7849,0.5508,6.2529,-2.8961,0.2050
530.00,7.0088,-2.9571,0.1434,8.5228,-0.7880,0.5033,6.2468,-2.8972,0.1575
530.50,7.0087,-2.9642,0.0939,8.5162,-0.7914,0.4538,6.2395,-2.8982,0.1080
531.00,7.0087,-2.9717,0.0426,8.5097,-0.7944,0.4031,6.2324,-2.8988,0.0573
531.50,7.0087,-2.9796,-0.0106,8.5044,-0.7965,0.3500,6.2704,-2.9339,-0.0010
532.00,7.0087,-2.9874,-0.0631,8.5118,-0.7940,0.2976,6.2782,-2.9341,-0.0534
532.50,7.0088,-2.9947,-0.1137,8.5186,-0.7921,0.2471,6.2852,-2.9347,-0.1039
533.00,7.0088,-3.0015,-0.1624,8.5240,-0.7909,0.1986,6.2907,-2.9354,-0.1525
533.50,7.0088,-3.0079,-0.2096,8.5297,-0.7899,0.1515,6.2964,-2.9364,-0.1995
534.00,7.0088,-3.0137,-0.2553,8.5354,-0.7891,0.1057,6.3020,-2.9376,-0.2454
534.50,7.0089,-3.0191,-0.2996,8.5392,-0.7888,0.0615,6.3058,-2.9386,-0.2895
535.00,7.0089,-3.0240,-0.3426,8.5457,-0.7885,0.0193,6.3119,-2.9406,-0.3317
535.50,7.0089,-3.0284,-0.3844,8.5501,-0.7885,-0.0224,6.3160,-2.9421,-0.3734
536.00,7.0090,-3.0323,-0.4250,8.5540,-0.7887,-0.0629,6.3197,-2.9436,-0.4139
536.50,7.0090,-3.0357,-0.4646,8.5582,-0.7890,-0.1020,6.2835,-2.9954,-0.4530
537.00,7.0091,-3.0387,-0.5031,8.5617,-0.7895,-0.1403,6.2866,-2.9970,-0.4914
537.50,7.0091,-3.0412,-0.5405,8.5638,-0.7898,-0.1774,6.2885,-2.9980,-0.5284
538.00,7.0092,-3.0432,-0.5770,8.5649,-0.7900,-0.2133,6.2894,-2.9986,-0.5644
538.50,7.0092,-3.0447,-0.6125,8.5671,-0.7905,-0.2484,6.2913,-2.9998,-0.5994
539.00,7.0093,-3.0458,-0.6472,8.5680,-0.7908,-0.2829,6.2921,-3.0004,-0.6340
539.50,7.0093,-3.0465,-0.6809,8.5690,-0.7911,-0.3167,6.2929,-3.0010,-0.6677
540.00,7.0094,-3.0468,-0.7138,8.5690,-0.7911,-0.3494,6.2929,-3.0010,-0.7004
540.50,7.0096,-3.0467,-0.7464,8.5693,-0.7912,-0.3819,6.2931,-3.0012,-0.7329
541.00,7.0100,-3.0466,-0.7801,8.5699,-0.7914,-0.4153,6.2937,-3.0017,-0.7663
541.50,7.0112,-3.0480,-0.8176,8.5717,-0.7922,-0.4528,6.2950,-3.0030,-0.8038
542.00,7.0398,-3.0833,-0.9414,8.6108,-0.8145,-0.5777,6.3241,-3.0374,-0.9287
542.50,7.0904,-3.1747,-1.0628,8.6946,-0.8781,-0.6980,6.3712,-3.1357,-1.0525
543.00,7.1528,-3.2886,-1.0489,8.7942,-0.9623,-0.6831,6.4214,-3.2456,-1.0376
543.50,7.2238,-3.3983,-0.9662,8.9005,-1.0411,-0.6001,6.4979,-3.3563,-0.9567
544.00,7.2998,-3.5042,-0.9501,9.0125,-1.1155,-0.5849,6.5748,-3.4653,-0.9405
544.50,7.3752,-3.6101,-0.9505,9.1220,-1.1882,-0.5837,6.6502,-3.5658,-0.9382
545.00,7.4502,-3.7161,-0.9583,9.2304,-1.2602,-0.5904,6.7269,-3.6709,-0.9470
545.50,7.5248,-3.8225,-0.9576,9.3416,-1.3348,-0.5892,6.8053,-3.7794,-0.9490
546.00,7.5984,-3.9293,-0.9807,9.4511,-1.4089,-0.6115,6.8784,-3.8837,-0.9695
546.50,7.6653,-4.0402,-1.0717,9.5547,-1.4888,-0.7025,6.9474,-3.9949,-1.0606
547.00,7.7239,-4.1561,-1.1115,9.6560,-1.5795,-0.7406,7.0105,-4.1153,-1.0986
547.50,7.7775,-4.2739,-1.1845,9.7536,-1.6734,-0.8147,7.0612,-4.2273,-1.1756
548.00,7.8223,-4.3978,-1.3928,9.8361,-1.7790,-1.0260,7.0991,-4.3553,-1.3840
548.50,7.8586,-4.5272,-1.6169,9.8935,-1.9002,-1.2471,7.1288,-4.4790,-1.6044
549.00,7.8657,-4.6558,-1.7930,9.9247,-2.0333,-1.4211,7.1328,-4.6045,-1.7756
549.50,7.8475,-4.7796,-1.9776,9.9332,-2.1598,-1.6079,7.1175,-4.7262,-1.9688
550.00,7.7987,-4.8945,-2.1271,9.9190,-2.2834,-1.7538,7.0804,-4.8468,-2.1118
550.50,7.7268,-4.9994,-2.2821,9.8851,-2.4120,-1.9103,7.0140,-4.9555,-2.2718
551.00,7.6399,-5.0888,-2.4061,9.8375,-2.5233,-2.0339,6.9301,-5.0431,-2.3919
551.50,7.5860,-5.1355,-2.4485,9.8043,-2.5862,-2.0742,6.8772,-5.0905,-2.4357
552.00,7.5760,-5.1434,-2.4818,9.7975,-2.5983,-2.1073,6.8661,-5.0990,-2.4654
552.50,7.5760,-5.1424,-2.5161,9.7980,-2.5976,-2.1415,6.8669,-5.0985,-2.4995
553.00,7.5761,-5.1411,-2.5513,9.7988,-2.5965,-2.1761,6.8680,-5.0978,-2.5341
553.50,7.5761,-5.1392,-2.5875,9.7997,-2.5953,-2.2118,6.8693,-5.0969,-2.5699
554.00,7.5762,-5.1369,-2.6246,9.8015,-2.5930,-2.2483,6.8718,-5.0954,-2.6063
554.50,7.5762,-5.1341,-2.6627,9.8039,-2.5902,-2.2860,6.8749,-5.0936,-2.6440
555.00,7.5763,-5.1309,-2.7018,9.8054,-2.5885,-2.3249,6.8771,-5.0925,-2.6829
555.50,7.5763,-5.1271,-2.7420,9.8078,-2.5860,-2.3646,6.8801,-5.0911,-2.7226
556.00,7.5763,-5.1229,-2.7834,9.8105,-2.5835,-2.4058,6.8836,-5.0897,-2.7639
556.50,7.5764,-5.1182,-2.8259,9.8140,-2.5804,-2.4478,6.8879,-5.0880,-2.8058
557.00,7.5764,-5.1130,-2.8697,9.8182,-2.5771,-2.4913,6.8930,-5.0864,-2.8493
557.50,7.5764,-5.1073,-2.9149,9.8230,-2.5736,-2.5360,6.8987,-5.0848,-2.8941
558.00,7.5765,-5.1027,-2.9500,9.8265,-2.5712,-2.5702,6.9028,-5.0838,-2.9282
558.50,7.5765,-5.0979,-2.9856,9.8318,-2.5680,-2.6053,6.9089,-5.0826,-2.9633
559.00,7.5765,-5.0927,-3.0222,9.8353,-2.5660,-2.6419,6.9129,-5.0819,-2.9999
559.50,7.5765,-5.0873,-3.0598,9.8392,-2.5639,-2.6788,6.9173,-5.0814,-3.0368
560.00,7.5765,-5.0817,-3.0984,9.8437,-2.5618,-2.7166,6.9222,-5.0810,-3.0746
560.50,7.5765,-5.0758,-3.1382,9.8491,-2.5595,-2.7568,6.9281,-5.0807,-3.1148
561.00,7.5765,-5.0698,3.1050,9.8444,-2.5612,-2.7966,6.9231,-5.0807,3.1285
561.50,7.5765,-5.0641,3.0662,9.8379,-2.5634,-2.8356,6.9163,-5.0805,3.0895
562.00,7.5765,-5.0587,3.0284,9.8321,-2.5652,-2.8730,6.9101,-5.0801,3.0522
562.50,7.5765,-5.0535,2.9917,9.8269,-2.5665,-2.9093,6.9049,-5.0795,3.0159
563.00,7.5765,-5.0486,2.9559,9.8221,-2.5675,-2.9455,6.9000,-5.0788,2.9797
563.50,7.5764,-5.0440,2.9209,9.8170,-2.5684,-2.9800,6.8949,-5.0779,2.9452
564.00,7.5764,-5.0396,2.8868,9.8120,-2.5692,-3.0142,6.8899,-5.0768,2.9109
564.50,7.5764,-5.0355,2.8534,9.8075,-2.5697,-3.0473,6.8856,-5.0757,2.8779
565.00,7.5764,-5.0317,2.8208,9.8034,-2.5700,-3.0795,6.8816,-5.0746,2.8457
565.50,7.5763,-5.0282,2.7889,9.7991,-2.5702,-3.1111,6.8775,-5.0732,2.8140
566.00,7.5763,-5.0249,2.7576,9.7953,-2.5702,3.1411,6.8739,-5.0719,2.7831
566.50,7.5763,-5.0219,2.7270,9.7921,-2.5702,3.1115,6.8710,-5.0708,2.7535
567.00,7.5762,-5.0185,2.6882,9.7879,-2.5700,3.0733,6.8671,-5.0691,2.7153
567.50,7.5762,-5.0154,2.6495,9.7846,-2.5697,3.0348,6.8641,-5.0677,2.6768
568.00,7.5761,-5.0128,2.6117,9.7814,-2.5693,2.9981,6.8613,-5.0662,2.6401
568.50,7.5761,-5.0107,2.5749,9.7790,-2.5689,2.9619,6.8591,-5.0650,2.6038
569.00,7.5760,-5.0090,2.5391,9.7776,-2.5687,2.9260,6.8579,-5.0643,2.5680
569.50,7.5760,-5.0077,2.5042,9.7762,-2.5683,2.8918,6.8568,-5.0635,2.5337
570.00,7.5759,-5.0070,2.4703,9.7758,-2.5682,2.8580,6.8564,-5.0632,2.5000
570.50,7.5759,-5.0066,2.4371,9.7752,-2.5680,2.8254,6.8559,-5.0628,2.4674
571.00,7.5758,-5.0066,2.4046,9.7751,-2.5680,2.7932,6.8558,-5.0628,2.4351
571.50,7.5754,-5.0067,2.3785,9.7745,-2.5678,2.7668,6.8553,-5.0623,2.4088
572.00,7.5758,-5.0066,2.4488,9.7748,-2.5679,2.8382,6.8556,-5.0625,2.4802
572.50,7.5761,-5.0106,2.6200,9.7787,-2.5687,3.0106,6.8590,-5.0646,2.6525
573.00,7.5763,-5.0234,2.8005,9.7897,-2.5690,-3.0963,6.8692,-5.0688,2.8289
573.50,7.5764,-5.0438,2.9658,9.8113,-2.5662,-2.9315,6.8904,-5.0738,2.9937
574.00,7.5764,-5.0563,3.0547,9.8240,-2.5629,-2.8433,6.9034,-5.0751,3.0819
574.50,7.5764,-5.0537,3.0292,9.8212,-2.5637,-2.8702,6.9005,-5.0748,3.0549
575.00,7.5764,-5.0485,2.9924,9.8164,-2.5649,-2.9067,6.8955,-5.0743,3.0185
575.50,7.5764,-5.0436,2.9566,9.8129,-2.5657,-2.9426,6.8921,-5.0738,2.9826
576.00,7.5764,-5.0390,2.9216,9.8073,-2.5667,-2.9779,6.8864,-5.0728,2.9473
576.50,7.5764,-5.0346,2.8874,9.8033,-2.5673,-3.0118,6.8825,-5.0720,2.9134
577.00,7.5763,-5.0305,2.8540,9.7989,-2.5678,-3.0453,6.8782,-5.0709,2.8799
577.50,7.5763,-5.0267,2.8214,9.7948,-2.5682,-3.0776,6.8742,-5.0698,2.8476
578.00,7.5763,-5.0232,2.7895,9.7909,-2.5683,-3.1085,6.8705,-5.0686,2.8166
578.50,7.5763,-5.0199,2.7582,9.7876,-2.5684,-3.1400,6.8673,-5.0675,2.7852
579.00,7.5762,-5.0169,2.7276,9.7849,-2.5684,3.1134,6.8649,-5.0665,2.7554
579.50,7.5762,-5.0140,2.6939,9.7821,-2.5682,3.0794,6.8623,-5.0654,2.7214
580.00,7.5761,-5.0108,2.6550,9.7785,-2.5680,3.0408,6.8590,-5.0639,2.6828
580.50,7.5761,-5.0081,2.6171,9.7754,-2.5676,3.0020,6.8563,-5.0625,2.6440
581.00,7.5760,-5.0059,2.5802,9.7729,-2.5672,2.9651,6.8540,-5.0612,2.6071
581.50,7.5760,-5.0041,2.5443,9.7704,-2.5667,2.9293,6.8519,-5.0599,2.5713
582.00,7.5759,-5.0028,2.5092,9.7693,-2.5664,2.8950,6.8509,-5.0593,2.5370
582.50,7.5759,-5.0020,2.4751,9.7688,-2.5663,2.8608,6.8505,-5.0590,2.5028
583.00,7.5758,-5.0016,2.4419,9.7683,-2.5662,2.8281,6.8501,-5.0586,2.4701
583.50,7.5757,-5.0015,2.4094,9.7681,-2.5661,2.7960,6.8582,-4.9607,2.4240
584.00,7.5753,-5.0016,2.3761,9.7674,-2.5658,2.7637,6.8576,-4.9602,2.3917
584.50,7.5752,-5.0016,2.3420,9.7670,-2.5657,2.7298,6.8573,-4.9599,2.3579
585.00,7.5751,-5.0013,2.3085,9.7666,-2.5655,2.6963,6.8570,-4.9596,2.3243
585.50,7.5751,-5.0013,2.2760,9.7664,-2.5654,2.6646,6.8569,-4.9594,2.2927
586.00,7.5754,-5.0014,2.2429,9.7666,-2.5655,2.6325,6.8570,-4.9596,2.2605
586.50,7.5762,-5.0014,2.2090,9.7673,-2.5659,2.5987,6.8575,-4.9602,2.2268
587.00,7.5774,-5.0015,2.1741,9.7681,-2.5664,2.5640,6.8581,-4.9610,2.1920
587.50,7.5789,-5.0015,2.1436,9.7694,-2.5673,2.5345,6.8589,-4.9623,2.1626
588.00,7.5804,-5.0016,2.1162,9.7709,-2.5683,2.5073,6.8599,-4.9638,2.1353
588.50,7.5821,-5.0016,2.0883,9.7721,-2.5692,2.4792,6.8607,-4.9651,2.1072
589.00,7.5842,-5.0016,2.0598,9.7739,-2.5707,2.4508,6.8619,-4.9671,2.0788
589.50,7.5865,-5.0017,2.0308,9.7754,-2.5720,2.4227,6.8628,-4.9688,2.0507
590.00,7.5890,-5.0017,2.0011,9.7779,-2.5743,2.3932,6.8644,-4.9719,2.0213
590.50,7.5919,-5.0017,1.9709,9.7804,-2.5767,2.3629,6.8658,-4.9750,1.9909
591.00,7.5950,-5.0018,1.9400,9.7829,-2.5792,2.3323,6.8672,-4.9783,1.9604
591.50,7.5984,-5.0018,1.9084,9.7851,-2.5816,2.3010,6.8684,-4.9813,1.9290
592.00,7.6020,-5.0018,1.8762,9.7876,-2.5845,2.2690,6.8697,-4.9849,1.8970
592.50,7.6060,-5.0018,1.8432,9.7903,-2.5878,2.2360,6.8710,-4.9890,1.8640
593.00,7.6102,-5.0019,1.8095,9.7934,-2.5918,2.2024,6.8724,-4.9939,1.8304
593.50,7.6147,-5.0019,1.7750,9.7963,-2.5960,2.1681,6.8736,-4.9988,1.7961
594.00,7.6191,-5.0019,1.7407,9.7995,-2.6008,2.1363,6.8748,-5.0044,1.7643
594.50,7.6241,-5.0019,1.7045,9.8025,-2.6057,2.0997,6.9137,-4.9605,1.7173
595.00,7.6294,-5.0019,1.6673,9.8053,-2.6108,2.0629,6.9144,-4.9663,1.6805
595.50,7.6350,-5.0019,1.6291,9.8078,-2.6156,2.0253,6.9149,-4.9716,1.6429
596.00,7.6408,-5.0019,1.5898,9.8108,-2.6220,1.9862,6.9153,-4.9787,1.6038
596.50,7.6468,-5.0019,1.5496,9.8103,-2.6207,1.9457,6.9153,-4.9773,1.5633
597.00,7.6526,-5.0019,1.5104,9.8080,-2.6148,1.9069,6.9155,-4.9710,1.5244
597.50,7.6581,-5.0019,1.4722,9.8067,-2.6106,1.8689,6.9158,-4.9666,1.4865
598.00,7.6634,-5.0019,1.4351,9.8053,-2.6059,1.8319,6.9163,-4.9617,1.4495
598.50,7.6692,-5.0019,1.3921,9.8042,-2.6011,1.7885,6.9170,-4.9569,1.4060
599.00,7.6754,-5.0019,1.3454,9.8029,-2.5947,1.7415,6.9182,-4.9505,1.3590
599.50,7.6811,-5.0018,1.3002,9.8020,-2.5888,1.6968,6.9196,-4.9447,1.3144
600.00,7.6863,-5.0013,1.2550,9.8014,-2.5833,1.6531,6.9211,-4.9394,1.2707
600.50,7.6978,-4.9649,1.1220,9.8007,-2.5428,1.5234,6.9355,-4.9015,1.1410
601.00,7.7400,-4.8762,1.0073,9.8120,-2.4454,1.4108,7.0417,-4.8351,1.0214
601.50,7.8002,-4.7816,1.0225,9.8308,-2.3318,1.4271,7.0821,-4.7372,1.0342
602.00,7.8449,-4.7106,1.1841,9.8376,-2.2501,1.5883,7.1297,-4.6642,1.1954
602.50,7.8810,-4.6237,1.4766,9.8212,-2.1522,1.8777,7.1423,-4.5677,1.4883
603.00,7.9037,-4.4990,1.7543,9.7646,-2.0372,2.1583,7.1637,-4.4500,1.7723
603.50,7.8845,-4.3728,1.8471,9.6865,-1.9327,2.2467,7.1509,-4.3236,1.8601
604.00,7.8470,-4.2485,1.8874,9.6032,-1.8341,2.2883,7.1257,-4.2010,1.9023
604.50,7.8002,-4.1263,1.9553,9.5168,-1.7412,2.3584,7.0806,-4.0823,1.9690
605.00,7.7454,-4.0074,2.0029,9.4187,-1.6494,2.4073,7.0177,-3.9602,2.0133
605.50,7.6931,-3.8886,1.9910,9.3212,-1.5589,2.3942,6.9688,-3.8393,1.9995
606.00,7.6340,-3.7717,2.0583,9.2155,-1.4674,2.4644,6.9063,-3.7179,2.0698
606.50,7.5662,-3.6588,2.1180,9.1107,-1.3884,2.5252,6.8371,-3.6146,2.1270
607.00,7.4965,-3.5485,2.1353,8.9974,-1.3098,2.5438,6.7641,-3.4936,2.1463
607.50,7.4310,-3.4370,2.0838,8.8887,-1.2320,2.4927,6.6980,-3.3896,2.0947
608.00,7.3669,-3.3238,2.0895,8.7799,-1.1498,2.5012,6.6329,-3.2775,2.0997
608.50,7.3034,-3.2104,2.0846,8.6687,-1.0657,2.4965,6.5635,-3.1565,2.0974
609.00,7.2351,-3.0985,2.1267,8.5556,-0.9841,2.5399,6.4967,-3.0503,2.1372
609.50,7.1676,-2.9877,2.1129,8.4472,-0.9087,2.5257,6.4346,-2.9485,2.1219
610.00,7.0996,-2.8765,2.1254,8.3350,-0.8298,2.5385,6.3634,-2.8294,2.1343
610.50,7.0262,-2.7678,2.1793,8.2226,-0.7566,2.5939,6.2918,-2.7214,2.1897
611.00,6.9505,-2.6618,2.1920,8.1090,-0.6885,2.6052,6.2105,-2.6199,2.2028
611.50,6.8780,-2.5544,2.1346,7.9957,-0.6175,2.5476,6.1393,-2.5108,2.1442
612.00,6.8108,-2.4436,2.1183,7.8877,-0.5427,2.5346,6.0695,-2.4028,2.1301
612.50,6.7392,-2.3339,2.1643,7.7816,-0.4723,2.5842,6.0020,-2.2963,2.1773
613.00,6.6638,-2.2273,2.1896,7.6690,-0.4043,2.6089,5.9213,-2.1894,2.1992
613.50,6.5870,-2.1220,2.2087,7.5561,-0.3388,2.6287,5.8480,-2.0843,2.2178
614.00,6.5089,-2.0179,2.2155,7.4425,-0.2755,2.6348,5.7692,-1.9809,2.2239
614.50,6.4323,-1.9131,2.1739,7.3211,-0.2062,2.5943,5.6810,-1.8726,2.1834
615.00,6.3619,-1.8043,2.1423,7.2090,-0.1344,2.5645,5.6181,-1.7660,2.1513
615.50,6.2901,-1.6955,2.1583,7.0965,-0.0624,2.5804,5.5444,-1.6563,2.1648
616.00,6.2150,-1.5884,2.1903,6.9844,0.0054,2.6137,5.4730,-1.5518,2.1982
616.50,6.1387,-1.4830,2.1967,6.8727,0.0696,2.6216,5.3957,-1.4520,2.2060
617.00,6.0626,-1.3777,2.1956,6.7578,0.1353,2.6211,5.3168,-1.3443,2.2056
617.50,5.9873,-1.2720,2.1814,6.6405,0.2032,2.6058,5.2362,-1.2350,2.1891
618.00,5.9124,-1.1656,2.1906,6.5246,0.2714,2.6183,5.1634,-1.1257,2.1987
618.50,5.8333,-1.0616,2.2395,6.4049,0.3366,2.6667,5.0822,-1.0244,2.2471
619.00,5.7492,-0.9623,2.3102,6.2857,0.3932,2.7392,4.9951,-0.9283,2.3196
619.50,5.6581,-0.8704,2.4079,6.1687,0.4372,2.8384,4.9093,-0.8405,2.4165
620.00,5.5567,-0.7879,2.5329,6.0361,0.4702,2.9632,4.7979,-0.7563,2.5401
620.50,5.4468,-0.7141,2.7265,5.9022,0.4827,-3.1263,4.6917,-0.6897,2.7349
621.00,5.3297,-0.6487,2.9938,5.7671,0.4635,-2.8617,4.5634,-0.6391,2.9972
621.50,5.2008,-0.6092,-3.0406,5.6432,0.4103,-2.6142,4.4441,-0.5999,-3.0329
622.00,5.0723,-0.6183,-2.9680,5.5288,0.3360,-2.5427,4.3086,-0.5943,-2.9588
622.50,4.9440,-0.6372,-3.0025,5.4259,0.2677,-2.5806,4.1972,-0.6084,-2.9967
623.00,4.8144,-0.6482,3.0885,5.3017,0.2031,-2.7734,4.0614,-0.6170,3.0994
623.50,4.6855,-0.6451,2.9706,5.1822,0.1664,-2.8905,3.9367,-0.6070,2.9754
624.00,4.5571,-0.6263,3.0313,5.0556,0.1314,-2.8276,3.7982,-0.5997,3.0400
624.50,4.4275,-0.6163,3.0974,4.9318,0.0861,-2.7612,3.6744,-0.5913,3.1047
625.00,4.2975,-0.6149,3.1241,4.8130,0.0368,-2.7351,3.5536,-0.5883,3.1308
625.50,4.1676,-0.6145,3.1324,4.6915,-0.0163,-2.7264,3.4310,-0.5875,3.1413
626.00,4.0376,-0.6134,3.1326,4.5680,-0.0708,-2.7258,3.2926,-0.5876,3.1401
626.50,3.9076,-0.6124,3.1335,4.4505,-0.1227,-2.7248,3.1791,-0.5875,3.1411
627.00,3.7776,-0.6114,3.1335,4.3249,-0.1784,-2.7246,3.0382,-0.5873,-3.1402
627.50,3.6476,-0.6101,3.1323,4.2001,-0.2336,-2.7253,2.9217,-0.5874,-3.1408
628.00,3.5176,-0.6089,3.1330,4.0740,-0.2893,-2.7250,2.7925,-0.5867,-3.1405
628.50,3.3876,-0.6084,3.1355,3.9471,-0.3457,-2.7221,2.6523,-0.5868,-3.1394
629.00,3.2576,-0.6073,3.1341,3.8249,-0.4002,-2.7228,2.5382,-0.5871,-3.1383
629.50,3.1276,-0.6058,3.1314,3.7094,-0.4514,-2.7248,2.4101,-0.5874,-3.1403
630.00,2.9976,-0.6042,3.1306,3.5913,-0.5037,-2.7249,2.2732,-0.5878,3.1393
630.50,2.8676,-0.6031,3.1319,3.4648,-0.5598,-2.7235,2.1309,-0.5874,3.1407
631.00,2.7376,-0.6022,3.1333,3.3401,-0.6154,-2.7218,2.0147,-0.5871,-3.1408
631.50,2.6076,-0.6023,-3.1371,3.2185,-0.6701,-2.7091,1.8749,-0.5828,-3.1298
632.00,2.4776,-0.6043,-3.1327,3.1025,-0.7244,-2.7047,1.7513,-0.5883,-3.1232
632.50,2.3476,-0.6011,3.1276,2.9820,-0.7789,-2.7273,1.6255,-0.5894,3.1363
633.00,2.2176,-0.5992,3.1372,2.8579,-0.8336,-2.7168,1.5006,-0.5856,-3.1365
633.50,2.0876,-0.5994,3.1398,2.7413,-0.8869,-2.7143,1.3696,-0.5867,-3.1351
634.00,1.9577,-0.5982,3.1356,2.6248,-0.9396,-2.7183,1.2363,-0.5873,-3.1402
634.50,1.8277,-0.5970,3.1352,2.4993,-0.9962,-2.7195,1.1034,-0.5845,-3.1403
635.00,1.6977,-0.5981,-3.1389,2.3793,-1.0510,-2.7094,0.9603,-0.5851,-3.1313
635.50,1.5677,-0.5980,3.1415,2.2644,-1.1039,-2.7120,0.8561,-0.5862,-3.1328
636.00,1.4377,-0.5972,3.1384,2.1416,-1.1599,-2.7145,0.7244,-0.5869,-3.1364
636.50,1.3077,-0.5961,3.1348,2.0148,-1.2173,-2.7180,0.5970,-0.5873,-3.1399
637.00,1.1777,-0.5949,3.1336,1.8908,-1.2732,-2.7183,0.4653,-0.5871,-3.1403
637.50,1.0477,-0.5940,3.1343,1.7742,-1.3257,-2.7181,0.3591,-0.5871,-3.1400
638.00,0.9177,-0.5930,3.1338,1.6573,-1.3784,-2.7186,0.2317,-0.5873,-3.1406
638.50,0.7877,-0.5919,3.1337,1.5354,-1.4333,-2.7189,0.1111,-0.5870,-3.1408
639.00,0.6577,-0.5902,3.1293,1.4136,-1.4880,-2.7231,0.0476,-0.5899,3.1385
639.50,0.5277,-0.5867,3.1206,1.2907,-1.5420,-2.7328,-0.0940,-0.5873,3.1280
640.00,0.3977,-0.5863,3.1315,1.1709,-1.5950,-2.7202,-0.2538,-0.5877,3.1406
640.50,0.2677,-0.5849,3.1310,1.0485,-1.6499,-2.7204,-0.4167,-0.5883,3.1395
641.00,0.1377,-0.5828,3.1272,0.9293,-1.7032,-2.7239,-0.5064,-0.5895,3.1357
641.50,0.0077,-0.5813,3.1305,0.8095,-1.7563,-2.7211,-0.6573,-0.5873,3.1384
642.00,-0.1223,-0.5807,3.1338,0.6886,-1.8107,-2.7168,-0.7794,-0.5879,-3.1398
642.50,-0.2522,-0.5787,3.1292,0.5682,-1.8648,-2.7212,-0.9161,-0.5888,3.1397
643.00,-0.3822,-0.5780,3.1356,0.4524,-1.9168,-2.7148,-1.0651,-0.5864,-3.1388
643.50,-0.5122,-0.5775,3.1361,0.3299,-1.9726,-2.7138,-1.2028,-0.5872,-3.1378
644.00,-0.6422,-0.5759,3.1321,0.2106,-2.0269,-2.7174,-1.3218,-0.5858,3.1409
644.50,-0.7722,-0.5758,3.1386,0.0909,-2.0813,-2.7121,-1.4582,-0.5846,-3.1370
645.00,-0.9022,-0.5767,-3.1393,-0.0268,-2.1359,-2.7060,-1.5712,-0.5859,-3.1310
645.50,-1.0322,-0.5759,3.1389,-0.1506,-2.1931,-2.7111,-1.7024,-0.5870,-3.1360
646.00,-1.1622,-0.5748,3.1358,-0.2735,-2.2493,-2.7143,-1.8401,-0.5874,-3.1403
646.50,-1.2922,-0.5738,3.1346,-0.3894,-2.3020,-2.7147,-1.9603,-0.5874,-3.1397
647.00,-1.4222,-0.5727,3.1338,-0.5119,-2.3578,-2.7149,-2.0848,-0.5846,-3.1409
647.50,-1.5522,-0.5737,-3.1380,-0.6314,-2.4128,-2.7036,-2.2235,-0.5851,-3.1299
648.00,-1.6822,-0.5737,-3.1410,-0.7506,-2.4686,-2.7061,-2.3535,-0.5867,-3.1334
648.50,-1.8122,-0.5725,3.1365,-0.8736,-2.5253,-2.7120,-2.4896,-0.5875,-3.1392
649.00,-1.9422,-0.5714,3.1348,-0.9959,-2.5813,-2.7131,-2.6113,-0.5878,-3.1403
649.50,-2.0722,-0.5702,3.1331,-1.1162,-2.6361,-2.7142,-2.7424,-0.5880,3.1406
650.00,-2.2022,-0.5692,3.1336,-1.2385,-2.6918,-2.7141,-2.8637,-0.5879,3.1407
650.50,-2.3322,-0.5683,3.1345,-1.3594,-2.7469,-2.7128,-3.0008,-0.5879,-3.1403
651.00,-2.4622,-0.5673,3.1342,-1.4813,-2.8027,-2.7122,-3.1223,-0.5883,-3.1394
651.50,-2.5922,-0.5660,3.1361,-1.6027,-2.8581,-2.7099,-3.2577,-0.5820,-3.1385
652.00,-2.7222,-0.5690,-3.1280,-1.7243,-2.9161,-2.6897,-3.4064,-0.5872,-3.1205
652.50,-2.8522,-0.5673,3.1362,-1.8404,-2.9709,-2.7098,-3.5412,-0.5885,-3.1396
653.00,-2.9822,-0.5657,3.1326,-1.9621,-3.0266,-2.7130,-3.6637,-0.5885,3.1406
653.50,-3.1122,-0.5644,3.1322,-2.0830,-3.0818,-2.7128,-3.7796,-0.5876,3.1410
654.00,-3.2422,-0.5639,3.1355,-2.2039,-3.1374,-2.7096,-3.9187,-0.5880,-3.1399
654.50,-3.3722,-0.5630,3.1345,-2.3274,-3.1944,-2.7101,-4.0523,-0.5883,-3.1404
655.00,-3.5022,-0.5623,3.1357,-2.4473,-3.2496,-2.7083,-4.1765,-0.5884,-3.1387
655.50,-3.6322,-0.5611,3.1332,-2.5669,-3.3049,-2.7100,-4.3005,-0.5887,-3.1415
656.00,-3.7622,-0.5605,3.1357,-2.6923,-3.3628,-2.7069,-4.4370,-0.5890,-3.1384
656.50,-3.8922,-0.5597,3.1343,-2.8137,-3.4194,-2.7072,-4.5758,-0.5894,-3.1387
657.00,-4.0221,-0.5591,3.1368,-2.9345,-3.4754,-2.7041,-4.7024,-0.5899,-3.1367
657.50,-4.1521,-0.5599,-3.1406,-3.0550,-3.5324,-2.6975,-4.8391,-0.5892,-3.1302
658.00,-4.2821,-0.5599,-3.1410,-3.1675,-3.5858,-2.6981,-4.9591,-0.5907,-3.1308
658.50,-4.4122,-0.5605,3.1406,-3.2899,-3.6443,-2.7001,-5.0977,-0.5925,-3.1321
659.00,-4.5421,-0.5613,-3.1351,-3.4113,-3.7018,-2.6920,-5.2248,-0.5938,-3.1240
659.50,-4.6721,-0.5655,-3.1270,-3.5297,-3.7603,-2.6840,-5.3614,-0.5976,-3.1195
660.00,-4.8021,-0.5660,-3.1296,-3.6452,-3.8161,-2.6858,-5.4863,-0.5993,-3.1202
660.50,-4.9321,-0.5730,-3.1044,-3.7592,-3.8746,-2.6592,-5.6218,-0.6079,-3.0955
661.00,-5.0619,-0.5793,-3.0717,-3.8776,-3.9375,-2.6250,-5.7636,-0.6148,-3.0612
661.50,-5.1908,-0.5945,-2.9471,-3.9917,-4.0111,-2.4998,-5.8881,-0.6370,-2.9406
662.00,-5.3152,-0.6186,-2.7425,-4.0864,-4.0974,-2.2904,-6.0047,-0.6714,-2.7324
662.50,-5.4306,-0.6658,-2.5903,-4.1636,-4.2003,-2.1376,-6.1233,-0.7210,-2.5807
663.00,-5.5366,-0.7358,-2.4497,-4.2241,-4.3108,-1.9949,-6.2240,-0.7843,-2.4404
663.50,-5.6306,-0.8245,-2.3093,-4.2705,-4.4346,-1.8560,-6.3256,-0.8728,-2.3029
664.00,-5.7132,-0.9264,-2.1708,-4.2981,-4.5613,-1.7166,-6.4040,-0.9695,-2.1655
664.50,-5.7855,-1.0362,-2.1101,-4.3131,-4.6942,-1.6592,-6.4810,-1.0835,-2.1070
665.00,-5.8482,-1.1503,-2.0305,-4.3194,-4.8302,-1.5771,-6.5417,-1.2028,-2.0226
665.50,-5.9071,-1.2666,-2.0583,-4.3211,-4.9624,-1.6067,-6.6034,-1.3141,-2.0508
666.00,-5.9714,-1.3806,-2.0870,-4.3272,-5.0878,-1.6332,-6.6626,-1.4239,-2.0804
666.50,-6.0410,-1.4921,-2.1338,-4.3384,-5.2192,-1.6798,-6.7393,-1.5421,-2.1270
667.00,-6.1153,-1.6002,-2.1886,-4.3563,-5.3511,-1.7352,-6.8112,-1.6532,-2.1824
667.50,-6.1921,-1.7055,-2.2028,-4.3783,-5.4772,-1.7484,-6.8856,-1.7519,-2.1974
668.00,-6.2669,-1.8113,-2.1625,-4.4002,-5.6096,-1.7066,-6.9628,-1.8617,-2.1556
668.50,-6.3377,-1.9200,-2.1507,-4.4172,-5.7441,-1.6944,-7.0339,-1.9718,-2.1444
669.00,-6.4120,-2.0276,-2.1886,-4.4361,-5.8785,-1.7321,-7.1086,-2.0836,-2.1811
669.50,-6.4904,-2.1322,-2.2252,-4.4595,-6.0076,-1.7686,-7.1850,-2.1854,-2.2200
670.00,-6.5697,-2.2352,-2.2060,-4.4854,-6.1360,-1.7505,-7.2665,-2.2850,-2.2012
670.50,-6.6421,-2.3433,-2.1206,-4.5023,-6.2646,-1.6623,-7.3332,-2.3933,-2.1130
671.00,-6.7020,-2.4396,-2.1376,-4.5133,-6.3813,-1.6793,-7.3943,-2.4939,-2.1317
671.50,-6.7325,-2.4837,-2.1733,-4.5201,-6.4373,-1.7149,-7.4249,-2.5412,-2.1674
672.00,-6.7358,-2.4868,-2.2082,-4.5210,-6.4427,-1.7495,-7.4280,-2.5458,-2.2019
672.50,-6.7366,-2.4869,-2.2422,-4.5211,-6.4434,-1.7835,-7.4284,-2.5463,-2.2359
673.00,-6.7369,-2.4869,-2.2753,-4.5211,-6.4437,-1.8160,-7.4286,-2.5466,-2.2684
673.50,-6.7369,-2.4871,-2.3078,-4.5211,-6.4436,-1.8479,-7.4285,-2.5465,-2.3003
674.00,-6.7369,-2.4875,-2.3412,-4.5210,-6.4434,-1.8812,-7.4283,-2.5463,-2.3336
674.50,-6.7369,-2.4876,-2.3754,-4.5211,-6.4436,-1.9149,-7.4285,-2.5465,-2.3673
675.00,-6.7372,-2.4877,-2.4087,-4.5212,-6.4438,-1.9483,-7.4287,-2.5467,-2.4008
675.50,-6.7372,-2.4876,-2.4412,-4.5211,-6.4438,-1.9807,-7.4286,-2.5466,-2.4331
676.00,-6.7371,-2.4872,-2.4744,-4.5209,-6.4433,-2.0136,-7.4282,-2.5463,-2.4660
676.50,-6.7370,-2.4864,-2.5085,-4.5207,-6.4428,-2.0475,-7.4278,-2.5460,-2.5000
677.00,-6.7370,-2.4851,-2.5435,-4.5202,-6.4419,-2.0820,-7.4269,-2.5454,-2.5344
677.50,-6.7369,-2.4833,-2.5794,-4.5193,-6.4404,-2.1177,-7.4255,-2.5444,-2.5702
678.00,-6.7369,-2.4811,-2.6163,-4.5181,-6.4385,-2.1542,-7.4236,-2.5432,-2.6067
678.50,-6.7368,-2.4785,-2.6542,-4.5165,-6.4362,-2.1924,-7.4211,-2.5418,-2.6449
679.00,-6.7368,-2.4753,-2.6931,-4.5152,-6.4344,-2.2306,-7.4192,-2.5408,-2.6831
679.50,-6.7367,-2.4717,-2.7330,-4.5128,-6.4315,-2.2705,-7.4157,-2.5392,-2.7230
680.00,-6.7367,-2.4676,-2.7741,-4.5100,-6.4282,-2.3114,-7.4118,-2.5375,-2.7639
680.50,-6.7367,-2.4630,-2.8164,-4.5070,-6.4251,-2.3531,-7.4078,-2.5360,-2.8055
681.00,-6.7366,-2.4579,-2.8600,-4.5030,-6.4212,-2.3963,-7.4024,-2.5343,-2.8487
681.50,-6.7366,-2.4523,-2.9048,-4.4980,-6.4169,-2.4404,-7.3961,-2.5325,-2.8928
682.00,-6.7366,-2.4463,-2.9511,-4.4937,-6.4134,-2.4863,-7.3907,-2.5313,-2.9387
682.50,-6.7366,-2.4397,-2.9989,-4.4890,-6.4099,-2.5338,-7.3848,-2.5302,-2.9863
683.00,-6.7365,-2.4327,-3.0484,-4.4816,-6.4050,-2.5827,-7.3761,-2.5291,-3.0351
683.50,-6.7365,-2.4252,-3.0997,-4.4762,-6.4018,-2.6336,-7.3699,-2.5285,-3.0860
684.00,-6.7365,-2.4173,3.1302,-4.4713,-6.3992,-2.6864,-7.3643,-2.5283,-3.1389
684.50,-6.7365,-2.4095,3.0778,-4.4798,-6.4031,-2.7381,-7.4394,-2.4698,3.0839
685.00,-6.7365,-2.4022,3.0272,-4.4872,-6.4061,-2.7883,-7.4473,-2.4691,3.0337
685.50,-6.7366,-2.3954,2.9785,-4.4945,-6.4085,-2.8372,-7.4549,-2.4681,2.9848
686.00,-6.7366,-2.3890,2.9313,-4.5008,-6.4104,-2.8839,-7.4614,-2.4670,2.9381
686.50,-6.7366,-2.3832,2.8857,-4.5071,-6.4119,-2.9295,-7.4677,-2.4655,2.8925
687.00,-6.7366,-2.3778,2.8414,-4.5121,-6.4129,-2.9738,-7.4727,-2.4641,2.8482
687.50,-6.7367,-2.3729,2.7984,-4.5183,-6.4138,-3.0169,-7.4345,-2.4281,2.8034
688.00,-6.7367,-2.3685,2.7566,-4.5225,-6.4142,-3.0588,-7.4385,-2.4266,2.7614
688.50,-6.7368,-2.3646,2.7160,-4.5272,-6.4145,-3.0991,-7.4428,-2.4247,2.7211
689.00,-6.7368,-2.3612,2.6765,-4.5295,-6.4146,-3.1386,-7.4449,-2.4238,2.6816
689.50,-6.7369,-2.3582,2.6380,-4.5323,-6.4145,3.1065,-7.4474,-2.4225,2.6436
690.00,-6.7369,-2.3558,2.6006,-4.5351,-6.4144,3.0692,-7.4498,-2.4211,2.6062
690.50,-6.7370,-2.3537,2.5641,-4.5381,-6.4141,3.0326,-7.4524,-2.4195,2.5697
691.00,-6.7370,-2.3522,2.5286,-4.5398,-6.4139,2.9974,-7.4538,-2.4186,2.5345
691.50,-6.7371,-2.3511,2.4940,-4.5408,-6.4137,2.9632,-7.4547,-2.4180,2.5003
692.00,-6.7371,-2.3506,2.4701,-4.5416,-6.4136,2.9403,-7.4553,-2.4175,2.4773
692.50,-6.7372,-2.3503,2.4370,-4.5419,-6.4135,2.9076,-7.4555,-2.4173,2.4447
693.00,-6.7373,-2.3503,2.4045,-4.5421,-6.4135,2.8746,-7.4557,-2.4172,2.4117
693.50,-6.7377,-2.3503,2.3711,-4.5425,-6.4133,2.8417,-7.4560,-2.4169,2.3788
694.00,-6.7378,-2.3503,2.3369,-4.5427,-6.4133,2.8079,-7.4561,-2.4168,2.3450
694.50,-6.7379,-2.3500,2.3037,-4.5429,-6.4132,2.7750,-7.4563,-2.4166,2.3121
695.00,-6.7379,-2.3500,2.2711,-4.5429,-6.4132,2.7424,-7.4563,-2.4166,2.2795
695.50,-6.7375,-2.3501,2.2379,-4.5425,-6.4134,2.7090,-7.4560,-2.4169,2.2461
696.00,-6.7366,-2.3502,2.2038,-4.5417,-6.4138,2.6755,-7.4554,-2.4176,2.2126
696.50,-6.7353,-2.3502,2.1688,-4.5409,-6.4142,2.6413,-7.4549,-2.4184,2.1784
697.00,-6.7336,-2.3503,2.1329,-4.5389,-6.4154,2.6049,-7.4536,-2.4203,2.1420
697.50,-6.7314,-2.3503,2.0960,-4.5375,-6.4162,2.5679,-7.4528,-2.4217,2.1050
698.00,-6.7287,-2.3504,2.0581,-4.5343,-6.4183,2.5306,-7.4509,-2.4250,2.0677
698.50,-6.7255,-2.3504,2.0192,-4.5316,-6.4203,2.4923,-7.4493,-2.4280,2.0294
699.00,-6.7219,-2.3505,1.9793,-4.5290,-6.4224,2.4519,-7.4479,-2.4311,1.9889
699.50,-6.7178,-2.3505,1.9382,-4.5261,-6.4249,2.4115,-7.4464,-2.4346,1.9486
700.00,-6.7132,-2.3505,1.8959,-4.5226,-6.4282,2.3687,-7.4448,-2.4391,1.9058
700.50,-6.7081,-2.3506,1.8524,-4.5188,-6.4320,2.3253,-7.4431,-2.4442,1.8624
701.00,-6.7025,-2.3506,1.8075,-4.5149,-6.4363,2.2807,-7.4416,-2.4498,1.8178
701.50,-6.6965,-2.3506,1.7612,-4.5113,-6.4408,2.2343,-7.4403,-2.4554,1.7714
702.00,-6.6899,-2.3506,1.7134,-4.5069,-6.4467,2.1868,-7.4390,-2.4626,1.7239
702.50,-6.6829,-2.3507,1.6639,-4.5029,-6.4526,2.1374,-7.4381,-2.4697,1.6745
703.00,-6.6754,-2.3507,1.6126,-4.4987,-6.4596,2.0862,-7.4374,-2.4778,1.6233
703.50,-6.6674,-2.3491,1.5545,-4.4972,-6.4623,2.0307,-7.3784,-2.4065,1.5625
704.00,-6.6525,-2.3038,1.3893,-4.5147,-6.4181,1.8665,-7.3741,-2.3591,1.3983
704.50,-6.6265,-2.1995,1.2774,-4.5389,-6.3153,1.7529,-7.3255,-2.2465,1.2795
705.00,-6.5881,-2.0757,1.2534,-4.5621,-6.1777,1.7310,-7.2782,-2.1191,1.2576
705.50,-6.5468,-1.9523,1.2460,-4.5830,-6.0474,1.7262,-7.2385,-1.9978,1.2493
706.00,-6.4987,-1.8300,1.1979,-4.5998,-5.9224,1.6774,-7.1986,-1.8841,1.2023
706.50,-6.4446,-1.7101,1.1569,-4.6109,-5.7879,1.6394,-7.1378,-1.7541,1.1642
707.00,-6.3863,-1.5929,1.0908,-4.6154,-5.6584,1.5711,-7.0866,-1.6469,1.0960
707.50,-6.3224,-1.4786,1.0674,-4.6133,-5.5309,1.5473,-7.0261,-1.5290,1.0739
708.00,-6.2644,-1.3638,1.1687,-4.6152,-5.3977,1.6482,-6.9591,-1.4096,1.1743
708.50,-6.2140,-1.2613,1.4322,-4.6372,-5.2855,1.9117,-6.9308,-1.3062,1.4365
709.00,-6.1779,-1.1364,1.7222,-4.7006,-5.1663,2.2020,-6.9086,-1.1814,1.7304
709.50,-6.1855,-1.0106,1.9135,-4.7876,-5.0687,2.3889,-6.9118,-1.0572,1.9155
710.00,-6.2231,-0.8927,2.0998,-4.8888,-4.9899,2.5772,-6.9379,-0.9413,2.1065
710.50,-6.2901,-0.7848,2.2095,-5.0058,-4.9256,2.6869,-6.9962,-0.8309,2.2161
711.00,-6.3703,-0.6825,2.2602,-5.1296,-4.8690,2.7368,-7.0740,-0.7290,2.2669
711.50,-6.4541,-0.5830,2.2765,-5.2543,-4.8170,2.7538,-7.1546,-0.6309,2.2847
712.00,-6.5358,-0.4819,2.2064,-5.3789,-4.7621,2.6816,-7.2286,-0.5283,2.2117
712.50,-6.6095,-0.3752,2.1587,-5.4935,-4.7012,2.6343,-7.3097,-0.4244,2.1653
713.00,-6.6843,-0.2684,2.2163,-5.6120,-4.6385,2.6939,-7.3827,-0.3174,2.2249
713.50,-6.7667,-0.1673,2.2779,-5.7341,-4.5848,2.7555,-7.4632,-0.2191,2.2865
714.00,-6.8508,-0.0682,2.2666,-5.8570,-4.5342,2.7426,-7.5411,-0.1208,2.2736
714.50,-6.9344,0.0314,2.2690,-5.9831,-4.4814,2.7462,-7.6306,-0.0165,2.2772
715.00,-7.0167,0.1319,2.2488,-6.1023,-4.4302,2.7254,-7.7145,0.0782,2.2555
715.50,-7.0981,0.2332,2.2503,-6.2249,-4.3759,2.7264,-7.7962,0.1821,2.2565
716.00,-7.1819,0.3328,2.2846,-6.3424,-4.3268,2.7624,-7.8775,0.2712,2.2937
716.50,-7.2669,0.4312,2.2761,-6.4708,-4.2753,2.7539,-7.9707,0.3752,2.2852
717.00,-7.3502,0.5309,2.2778,-6.5961,-4.2227,2.7539,-8.0470,0.4785,2.2816
717.50,-7.4385,0.6258,2.3552,-6.7164,-4.1792,2.8341,-8.1442,0.5621,2.3653
718.00,-7.5316,0.7163,2.3915,-6.8452,-4.1405,2.8700,-8.2319,0.6646,2.3978
718.50,-7.6259,0.8034,2.3783,-6.9760,-4.1046,2.8569,-8.3340,0.7459,2.3854
719.00,-7.6891,0.8704,2.2408,-7.0660,-4.0728,2.7192,-8.3997,0.8152,2.2469
719.50,-7.7312,0.9355,2.0046,-7.1334,-4.0325,2.4832,-8.4292,0.8720,2.0145
720.00,-7.7639,1.0435,1.7353,-7.2130,-3.9522,2.2185,-8.4641,0.9894,1.7462
720.50,-7.7886,1.1630,1.4218,-7.2700,-3.8454,1.9052,-8.4763,1.1102,1.4295
721.00,-7.7782,1.2892,1.2675,-7.3019,-3.7183,1.7516,-8.4831,1.2278,1.2695
721.50,-7.7393,1.4120,1.1901,-7.3213,-3.5913,1.6763,-8.4451,1.3494,1.1971
722.00,-7.6903,1.5311,1.1271,-7.3315,-3.4568,1.6127,-8.3920,1.4733,1.1335
722.50,-7.6317,1.6471,1.0676,-7.3339,-3.3282,1.5538,-8.3448,1.5886,1.0746
723.00,-7.5647,1.7591,1.0229,-7.3276,-3.1897,1.5105,-8.2753,1.7085,1.0313
723.50,-7.4937,1.8691,0.9933,-7.3173,-3.0552,1.4787,-8.2042,1.8131,0.9995
724.00,-7.4235,1.9782,1.0123,-7.3058,-2.9258,1.4991,-8.1343,1.9227,1.0199
724.50,-7.3545,2.0885,0.9979,-7.2964,-2.7989,1.4813,-8.0773,2.0308,1.0021
725.00,-7.2800,2.1962,0.9577,-7.2815,-2.6644,1.4415,-8.0001,2.1433,0.9623
725.50,-7.2033,2.3017,0.9325,-7.2636,-2.5361,1.4180,-7.9170,2.2489,0.9388
726.00,-7.1350,2.3921,0.9122,-7.2450,-2.4193,1.3993,-7.8551,2.3442,0.9172
726.50,-7.1017,2.4334,0.8787,-7.2341,-2.3614,1.3661,-7.8205,2.3806,0.8834
727.00,-7.0993,2.4363,0.8461,-7.2332,-2.3569,1.3333,-7.8176,2.3841,0.8506
727.50,-7.0993,2.4367,0.8131,-7.2331,-2.3564,1.3006,-7.8174,2.3845,0.8179
728.00,-7.0994,2.4369,0.7790,-7.2331,-2.3561,1.2668,-7.8171,2.3847,0.7841
728.50,-7.0991,2.4369,0.7453,-7.2330,-2.3558,1.2329,-7.8169,2.3849,0.7502
729.00,-7.0990,2.4370,0.7127,-7.2329,-2.3557,1.2003,-7.8168,2.3850,0.7176
729.50,-7.0991,2.4368,0.6798,-7.2331,-2.3559,1.1677,-7.8171,2.3849,0.6850
730.00,-7.0992,2.4361,0.6461,-7.2332,-2.3563,1.1338,-7.8173,2.3846,0.6511
730.50,-7.0992,2.4349,0.6114,-7.2340,-2.3578,1.0996,-7.8187,2.3836,0.6169
731.00,-7.0993,2.4334,0.5758,-7.2347,-2.3591,1.0638,-7.8200,2.3828,0.5811
731.50,-7.0993,2.4313,0.5393,-7.2362,-2.3617,1.0269,-7.8225,2.3812,0.5442
732.00,-7.0994,2.4288,0.5018,-7.2375,-2.3637,0.9896,-7.8246,2.3800,0.5069
732.50,-7.0994,2.4259,0.4633,-7.2395,-2.3667,0.9507,-7.8277,2.3783,0.4680
733.00,-7.0995,2.4224,0.4237,-7.2415,-2.3694,0.9120,-7.8308,2.3769,0.4293
733.50,-7.0995,2.4185,0.3831,-7.2440,-2.3725,0.8711,-7.8344,2.3753,0.3885
734.00,-7.0995,2.4141,0.3413,-7.2472,-2.3761,0.8293,-7.8390,2.3735,0.3466
734.50,-7.0996,2.4092,0.2982,-7.2503,-2.3794,0.7866,-7.8432,2.3721,0.3039
735.00,-7.0996,2.4038,0.2539,-7.2534,-2.3824,0.7426,-7.8473,2.3709,0.2599
735.50,-7.0996,2.3979,0.2081,-7.2583,-2.3866,0.6971,-7.8536,2.3694,0.2145
736.00,-7.0997,2.3916,0.1609,-7.2645,-2.3916,0.6495,-7.8615,2.3678,0.1668
736.50,-7.0997,2.3847,0.1121,-7.2698,-2.3954,0.6007,-7.8679,2.3669,0.1180
737.00,-7.0997,2.3774,0.0615,-7.2766,-2.3999,0.5505,-7.8261,2.3261,0.0678
737.50,-7.0997,2.3696,0.0089,-7.2824,-2.4033,0.4977,-7.8328,2.3258,0.0150
738.00,-7.0997,2.3617,-0.0443,-7.2785,-2.4013,0.4443,-7.8284,2.3258,-0.0384
738.50,-7.0997,2.3542,-0.0955,-7.2722,-2.3985,0.3929,-7.8215,2.3253,-0.0898
739.00,-7.0997,2.3472,-0.1449,-7.2639,-2.3953,0.3440,-7.8127,2.3243,-0.1387
739.50,-7.0996,2.3407,-0.1927,-7.2585,-2.3935,0.2965,-7.8070,2.3234,-0.1862
740.00,-7.0996,2.3346,-0.2389,-7.2528,-2.3918,0.2504,-7.8012,2.3222,-0.2323
740.50,-7.0996,2.3291,-0.2837,-7.2468,-2.3905,0.2057,-7.7953,2.3207,-0.2770
741.00,-7.0995,2.3240,-0.3271,-7.2410,-2.3894,0.1623,-7.7896,2.3189,-0.3204
741.50,-7.0995,2.3194,-0.3694,-7.2370,-2.3888,0.1206,-7.7858,2.3176,-0.3621
742.00,-7.0995,2.3153,-0.4104,-7.2319,-2.3883,0.0787,-7.7810,2.3156,-0.4039
742.50,-7.0994,2.3117,-0.4503,-7.2297,-2.3882,0.0393,-7.7790,2.3147,-0.4434
743.00,-7.0994,2.3086,-0.4892,-7.2270,-2.3881,0.0005,-7.7766,2.3135,-0.4822
743.50,-7.0993,2.3060,-0.5270,-7.2237,-2.3881,-0.0373,-7.8059,2.2639,-0.5228
744.00,-7.0993,2.3038,-0.5639,-7.2217,-2.3883,-0.0741,-7.8117,2.2516,-0.5603
744.50,-7.0992,2.3020,-0.5997,-7.2201,-2.3884,-0.1104,-7.8103,2.2507,-0.5966
745.00,-7.0992,2.3008,-0.6347,-7.2186,-2.3886,-0.1457,-7.8091,2.2498,-0.6319
745.50,-7.0991,2.2999,-0.6687,-7.2176,-2.3888,-0.1799,-7.8083,2.2492,-0.6661
746.00,-7.0991,2.2995,-0.7019,-7.2172,-2.3888,-0.2131,-7.8080,2.2489,-0.6993
746.50,-7.0990,2.2995,-0.7295,-7.2173,-2.3888,-0.2404,-7.8080,2.2490,-0.7266
747.00,-7.0986,2.2996,-0.7626,-7.2167,-2.3890,-0.2732,-7.8075,2.2486,-0.7594
747.50,-7.0984,2.2996,-0.7968,-7.2163,-2.3891,-0.3080,-7.8073,2.2483,-0.7942
748.00,-7.0984,2.2993,-0.8303,-7.2161,-2.3892,-0.3420,-7.8071,2.2481,-0.8281
748.50,-7.0983,2.2993,-0.8629,-7.2160,-2.3892,-0.3745,-7.8071,2.2481,-0.8607
749.00,-7.0986,2.2994,-0.8959,-7.2163,-2.3891,-0.4077,-7.8073,2.2483,-0.8939
749.50,-7.0994,2.2994,-0.9298,-7.2168,-2.3888,-0.4415,-7.8076,2.2487,-0.9277
750.00,-7.1006,2.2995,-0.9646,-7.2183,-2.3881,-0.4760,-7.8086,2.2501,-0.9621
750.50,-7.1022,2.2995,-1.0003,-7.2198,-2.3873,-0.5111,-7.8095,2.2515,-0.9973
751.00,-7.1043,2.2996,-1.0369,-7.2222,-2.3859,-0.5480,-7.8110,2.2539,-1.0342
751.50,-7.1069,2.2996,-1.0746,-7.2241,-2.3847,-0.5859,-7.8121,2.2559,-1.0721
752.00,-7.1099,2.2997,-1.1132,-7.2268,-2.3828,-0.6252,-7.8136,2.2587,-1.1114
752.50,-7.1134,2.2997,-1.1529,-7.2298,-2.3806,-0.6648,-7.8152,2.2621,-1.1510
753.00,-7.1174,2.2997,-1.1938,-7.2333,-2.3777,-0.7054,-7.8170,2.2664,-1.1916
753.50,-7.1219,2.2998,-1.2358,-7.2370,-2.3744,-0.7470,-7.8187,2.2709,-1.2332
754.00,-7.1269,2.2998,-1.2790,-7.2415,-2.3701,-0.7907,-7.8207,2.2768,-1.2769
754.50,-7.1324,2.2999,-1.3236,-7.2449,-2.3665,-0.8353,-7.8220,2.2816,-1.3215
755.00,-7.1383,2.2999,-1.3695,-7.2487,-2.3621,-0.8815,-7.8233,2.2873,-1.3677
755.50,-7.1447,2.2999,-1.4169,-7.2528,-2.3569,-0.9289,-7.8245,2.2938,-1.4151
756.00,-7.1427,2.2999,-1.3914,-7.2517,-2.3583,-0.9022,-7.8242,2.2921,-1.3883
756.50,-7.1365,2.2999,-1.3448,-7.2478,-2.3630,-0.8554,-7.8229,2.2860,-1.3416
757.00,-7.1308,2.2998,-1.2996,-7.2435,-2.3677,-0.8097,-7.8214,2.2799,-1.2959
757.50,-7.1256,2.2998,-1.2558,-7.2398,-2.3715,-0.7660,-7.8198,2.2748,-1.2522
758.00,-7.1209,2.2998,-1.2132,-7.2356,-2.3754,-0.7232,-7.8179,2.2694,-1.2094
758.50,-7.1167,2.2997,-1.1718,-7.2322,-2.3782,-0.6812,-7.8163,2.2654,-1.1674
759.00,-7.1129,2.2997,-1.1316,-7.2288,-2.3809,-0.6409,-7.8145,2.2614,-1.1271
759.50,-7.1097,2.2996,-1.0925,-7.2263,-2.3827,-0.6014,-7.8131,2.2586,-1.0876
760.00,-7.1069,2.2996,-1.0543,-7.2252,-2.3834,-0.5636,-7.8125,2.2574,-1.0498
760.50,-7.1046,2.2995,-1.0172,-7.2236,-2.3844,-0.5262,-7.8115,2.2558,-1.0124
761.00,-7.1027,2.2995,-0.9811,-7.2214,-2.3856,-0.4899,-7.8102,2.2537,-0.9761
761.50,-7.1013,2.2994,-0.9459,-7.2194,-2.3867,-0.4544,-7.8089,2.2519,-0.9406
762.00,-7.1004,2.2994,-0.9116,-7.2185,-2.3871,-0.4196,-7.8083,2.2511,-0.9058
762.50,-7.0998,2.2993,-0.8781,-7.2180,-2.3873,-0.3865,-7.8080,2.2507,-0.8727
763.00,-7.0998,2.2993,-0.8456,-7.2179,-2.3874,-0.3533,-7.8079,2.2506,-0.8395
763.50,-7.0998,2.2995,-0.8126,-7.2182,-2.3872,-0.3206,-7.8081,2.2508,-0.8068
764.00,-7.0999,2.2996,-0.7785,-7.2185,-2.3872,-0.2870,-7.8083,2.2510,-0.7732
764.50,-7.1003,2.2996,-0.7448,-7.2190,-2.3870,-0.2534,-7.8087,2.2514,-0.7396
765.00,-7.1005,2.2995,-0.7122,-7.2191,-2.3870,-0.2203,-7.8088,2.2515,-0.7064
765.50,-7.1005,2.2998,-0.6793,-7.2194,-2.3869,-0.1875,-7.8090,2.2517,-0.6737
766.00,-7.1006,2.3005,-0.6455,-7.2201,-2.3868,-0.1536,-7.8096,2.2521,-0.6397
766.50,-7.1036,2.3033,-0.6213,-7.2235,-2.3863,-0.1299,-7.8124,2.2541,-0.6161
767.00,-7.1198,2.3149,-0.6213,-7.2439,-2.3837,-0.1298,-7.8291,2.2660,-0.6160
767.50,-7.1361,2.3265,-0.6213,-7.2630,-2.3812,-0.1300,-7.8449,2.2771,-0.6161
768.00,-7.1523,2.3382,-0.6213,-7.2823,-2.3786,-0.1304,-7.8608,2.2884,-0.6166
768.50,-7.1686,2.3498,-0.6213,-7.3023,-2.3760,-0.1301,-7.8872,2.3000,-0.6162
769.00,-7.1848,2.3615,-0.6213,-7.3217,-2.3735,-0.1302,-7.9032,2.3113,-0.6164
769.50,-7.2011,2.3731,-0.6213,-7.3417,-2.3709,-0.1300,-7.9196,2.3230,-0.6162
770.00,-7.2174,2.3847,-0.6213,-7.3611,-2.3683,-0.1304,-7.9356,2.3343,-0.6166
770.50,-7.2336,2.3964,-0.6213,-7.3832,-2.3654,-0.1305,-7.9538,2.3472,-0.6167
771.00,-7.2499,2.4080,-0.6213,-7.4039,-2.3627,-0.1307,-7.9709,2.3593,-0.6169
771.50,-7.2662,2.4197,-0.6213,-7.4272,-2.3597,-0.1306,-7.9900,2.3728,-0.6168
772.00,-7.2824,2.4313,-0.6213,-7.4453,-2.3573,-0.1303,-8.0049,2.3834,-0.6165
772.50,-7.2987,2.4430,-0.6213,-7.4656,-2.3546,-0.1305,-8.0216,2.3872,-0.6166
773.00,-7.3088,2.4500,-0.6315,-7.4789,-2.3529,-0.1417,-8.0325,2.3930,-0.6279
773.50,-7.3087,2.4491,-0.6657,-7.4775,-2.3531,-0.1760,-8.0314,2.3922,-0.6622
774.00,-7.3087,2.4487,-0.6989,-7.4772,-2.3531,-0.2092,-8.0312,2.3920,-0.6954
774.50,-7.3086,2.4487,-0.7315,-7.4773,-2.3531,-0.2416,-8.0312,2.3920,-0.7278
775.00,-7.3082,2.4487,-0.7647,-7.4768,-2.3533,-0.2741,-8.0309,2.3917,-0.7603
775.50,-7.3080,2.4487,-0.7988,-7.4766,-2.3533,-0.3087,-8.0307,2.3915,-0.7948
776.00,-7.3080,2.4484,-0.8323,-7.4764,-2.3534,-0.3423,-8.0306,2.3914,-0.8285
776.50,-7.3079,2.4484,-0.8648,-7.4763,-2.3534,-0.3749,-8.0305,2.3913,-0.8611
777.00,-7.3083,2.4485,-0.8979,-7.4769,-2.3532,-0.4074,-8.0309,2.3918,-0.8936
777.50,-7.3091,2.4485,-0.9318,-7.4773,-2.3530,-0.4420,-8.0312,2.3922,-0.9282
778.00,-7.3103,2.4486,-0.9667,-7.4781,-2.3526,-0.4769,-8.0317,2.3929,-0.9631
778.50,-7.3119,2.4486,-1.0024,-7.4793,-2.3519,-0.5127,-8.0325,2.3941,-0.9988
779.00,-7.3141,2.4487,-1.0391,-7.4810,-2.3510,-0.5490,-8.0335,2.3957,-1.0352
779.50,-7.3167,2.4487,-1.0768,-7.4831,-2.3496,-0.5873,-8.0347,2.3978,-1.0734
780.00,-7.3197,2.4488,-1.1156,-7.4856,-2.3479,-0.6260,-8.0361,2.4005,-1.1122
780.50,-7.3233,2.4488,-1.1554,-7.4886,-2.3456,-0.6654,-8.0377,2.4039,-1.1516
781.00,-7.3273,2.4489,-1.1963,-7.4927,-2.3423,-0.7056,-8.0398,2.4088,-1.1918
781.50,-7.3318,2.4489,-1.2383,-7.4970,-2.3385,-0.7473,-8.0418,2.4142,-1.2335
782.00,-7.3368,2.4489,-1.2816,-7.5001,-2.3354,-0.7904,-8.0531,2.3983,-1.2766
782.50,-7.3423,2.4490,-1.3263,-7.5044,-2.3309,-0.8351,-8.0548,2.4044,-1.3213
783.00,-7.3483,2.4490,-1.3723,-7.5080,-2.3268,-0.8806,-8.0560,2.4097,-1.3668
783.50,-7.3548,2.4490,-1.4198,-7.5117,-2.3219,-0.9285,-8.0571,2.4157,-1.4147
784.00,-7.3617,2.4490,-1.4690,-7.5158,-2.3163,-0.9772,-8.0581,2.4226,-1.4634
784.50,-7.3691,2.4490,-1.5200,-7.5193,-2.3108,-1.0282,-8.0586,2.4291,-1.5144
785.00,-7.3770,2.4491,-1.5730,-7.5230,-2.3042,-1.0812,-8.0588,2.4367,-1.5674
785.50,-7.3848,2.4490,-1.6258,-7.5196,-2.3110,-1.1342,-8.0590,2.4290,-1.6204
786.00,-7.3922,2.4490,-1.6767,-7.5161,-2.3190,-1.1849,-8.0596,2.4203,-1.6711
786.50,-7.3991,2.4490,-1.7257,-7.5130,-2.3272,-1.2338,-8.0607,2.4116,-1.7200
787.00,-7.4056,2.4490,-1.7731,-7.5114,-2.3321,-1.2813,-8.0616,2.4066,-1.7674
787.50,-7.4115,2.4490,-1.8190,-7.5097,-2.3383,-1.3269,-8.0630,2.4003,-1.8131
788.00,-7.4170,2.4489,-1.8635,-7.5086,-2.3432,-1.3716,-8.0643,2.3955,-1.8578
788.50,-7.4219,2.4489,-1.9068,-7.5078,-2.3476,-1.4146,-8.0656,2.3912,-1.9008
789.00,-7.4264,2.4489,-1.9487,-7.5074,-2.3507,-1.4569,-8.0667,2.3883,-1.9430
789.50,-7.4304,2.4488,-1.9895,-7.5070,-2.3547,-1.4975,-8.0682,2.3846,-1.9837
790.00,-7.4339,2.4488,-2.0292,-7.5068,-2.3588,-1.5372,-8.0700,2.3808,-2.0234
790.50,-7.4369,2.4487,-2.0679,-7.5067,-2.3620,-1.5757,-8.0714,2.3780,-2.0618
791.00,-7.4395,2.4487,-2.1055,-7.5068,-2.3641,-1.6136,-8.0725,2.3761,-2.0998
791.50,-7.4416,2.4486,-2.1421,-7.5069,-2.3656,-1.6502,-8.0732,2.3749,-2.1364
792.00,-7.4432,2.4486,-2.1778,-7.5071,-2.3677,-1.6862,-8.0744,2.3731,-2.1724
792.50,-7.4444,2.4485,-2.2126,-7.5072,-2.3685,-1.7204,-8.0749,2.3724,-2.2066
793.00,-7.4450,2.4485,-2.2417,-7.5072,-2.3688,-1.7481,-8.0750,2.3722,-2.2343
793.50,-7.4454,2.4484,-2.2745,-7.5073,-2.3691,-1.7824,-8.0752,2.3720,-2.2686
794.00,-7.4454,2.4483,-2.3071,-7.5074,-2.3694,-1.8153,-8.0754,2.3717,-2.3015
794.50,-7.4453,2.4479,-2.3404,-7.5075,-2.3699,-1.8487,-8.0758,2.3713,-2.3349
795.00,-7.4453,2.4478,-2.3746,-7.5075,-2.3700,-1.8827,-8.0758,2.3713,-2.3689
795.50,-7.4456,2.4477,-2.4079,-7.5077,-2.3705,-1.9154,-8.0762,2.3709,-2.4016
796.00,-7.4456,2.4477,-2.4404,-7.5077,-2.3706,-1.9484,-8.0763,2.3708,-2.4346
796.50,-7.4455,2.4481,-2.4736,-7.5075,-2.3701,-1.9821,-8.0759,2.3711,-2.4683
797.00,-7.4455,2.4490,-2.5077,-7.5073,-2.3696,-2.0164,-8.0755,2.3715,-2.5025
797.50,-7.4454,2.4502,-2.5427,-7.5069,-2.3689,-2.0512,-8.0748,2.3720,-2.5374
798.00,-7.4454,2.4520,-2.5786,-7.5063,-2.3678,-2.0875,-8.0738,2.3727,-2.5737
798.50,-7.4453,2.4542,-2.6154,-7.5053,-2.3660,-2.1240,-8.0720,2.3737,-2.6101
799.00,-7.4453,2.4568,-2.6533,-7.5036,-2.3634,-2.1615,-8.0692,2.3753,-2.6477
799.50,-7.4452,2.4600,-2.6921,-7.5016,-2.3605,-2.1999,-8.0662,2.3769,-2.6861
800.00,-7.4452,2.4636,-2.7321,-7.4992,-2.3574,-2.2394,-8.0626,2.3785,-2.7256
800.50,-7.4451,2.4677,-2.7732,-7.4973,-2.3550,-2.2802,-8.0598,2.3797,-2.7664
801.00,-7.4451,2.4723,-2.8154,-7.4943,-2.3516,-2.3226,-8.0555,2.3813,-2.8088
801.50,-7.4451,2.4773,-2.8589,-7.4907,-2.3480,-2.3661,-8.0507,2.3829,-2.8523
802.00,-7.4450,2.4829,-2.9037,-7.4860,-2.3436,-2.4108,-8.0444,2.3846,-2.8970
802.50,-7.4450,2.4890,-2.9500,-7.4801,-2.3385,-2.4563,-8.0369,2.3863,-2.9425
803.00,-7.4450,2.4955,-2.9977,-7.4748,-2.3344,-2.5035,-8.0302,2.3875,-2.9897
803.50,-7.4450,2.5025,-3.0472,-7.4689,-2.3302,-2.5527,-8.0231,2.3884,-3.0389
804.00,-7.4450,2.5100,-3.0984,-7.4633,-2.3267,-2.6044,-8.0165,2.3889,-3.0906
804.50,-7.4450,2.5179,3.1315,-7.4579,-2.3236,-2.6584,-8.0103,2.3890,3.1386
805.00,-7.4450,2.5257,3.0790,-7.4653,-2.3273,-2.7102,-8.0185,2.3893,3.0868
805.50,-7.4450,2.5330,3.0284,-7.4713,-2.3298,-2.7606,-8.0251,2.3898,3.0364
806.00,-7.4450,2.5399,2.9796,-7.4782,-2.3324,-2.8100,-8.0324,2.3908,2.9870
806.50,-7.4450,2.5462,2.9324,-7.4836,-2.3341,-2.8568,-8.0379,2.3918,2.9402
807.00,-7.4451,2.5521,2.8867,-7.4899,-2.3359,-2.9019,-8.0444,2.3932,2.8951
807.50,-7.4451,2.5575,2.8424,-7.4947,-2.3369,-2.9462,-8.0491,2.3945,2.8508
808.00,-7.4483,2.5628,2.7911,-7.5031,-2.3384,-2.9945,-8.0571,2.3971,2.8025
808.50,-7.4959,2.5784,2.6760,-7.5521,-2.3423,-3.1095,-8.1024,2.4166,2.6875
809.00,-7.5948,2.6283,2.6169,-7.6640,-2.3422,3.1140,-8.3216,2.5781,2.6173
809.50,-7.7080,2.6913,2.6654,-7.7923,-2.3402,-3.1191,-8.4333,2.6393,2.6709
810.00,-7.8270,2.7458,2.7845,-7.9292,-2.3524,-2.9972,-8.5598,2.6851,2.7893
810.50,-7.9362,2.7883,2.7663,-8.0444,-2.3695,-3.0157,-8.6592,2.7250,2.7708
811.00,-8.0302,2.8341,2.6047,-8.1540,-2.3754,3.1013,-8.7684,2.7720,2.6047
811.50,-8.1361,2.9018,2.5015,-8.2881,-2.3616,2.9988,-8.8797,2.8581,2.5021
812.00,-8.2406,2.9786,2.5284,-8.4177,-2.3437,3.0267,-8.9751,2.9256,2.5301
812.50,-8.3505,3.0481,2.6272,-8.5435,-2.3356,3.1268,-9.0819,2.9925,2.6302
813.00,-8.4646,3.1106,2.6417,-8.6742,-2.3355,3.1393,-9.1969,3.0547,2.6392
813.50,-8.5770,3.1781,2.5794,-8.8115,-2.3312,3.0758,-9.3153,3.1244,2.5792
814.00,-8.6850,3.2527,2.5279,-8.9500,-2.3183,3.0249,-9.4208,3.1920,2.5317
814.50,-8.7916,3.3270,2.5549,-9.0806,-2.3036,3.0526,-9.5289,3.2668,2.5559
815.00,-8.9006,3.3974,2.5649,-9.2154,-2.2929,3.0612,-9.6323,3.3402,2.5645
815.50,-9.0106,3.4657,2.6010,-9.3475,-2.2841,3.0976,-9.7527,3.4105,2.5982
816.00,-9.1220,3.5331,2.5911,-9.4789,-2.2781,3.0868,-9.8569,3.4789,2.5902
816.50,-9.2315,3.6048,2.5431,-9.6127,-2.2682,3.0386,-9.9612,3.5412,2.5458
817.00,-9.3376,3.6810,2.5124,-9.7485,-2.2519,3.0077,-10.0671,3.6160,2.5162
817.50,-9.4427,3.7573,2.5205,-9.8777,-2.2345,3.0153,-10.1728,3.6922,2.5239
818.00,-9.5486,3.8326,2.5342,-10.0031,-2.2188,3.0272,-10.2757,3.7654,2.5358
818.50,-9.6573,3.9019,2.5959,-10.1319,-2.2076,3.0909,-10.3842,3.8359,2.6008
819.00,-9.7701,3.9645,2.6336,-10.2616,-2.2042,3.1273,-10.4969,3.9001,2.6393
819.50,-9.8822,4.0318,2.5753,-10.3898,-2.1992,3.0660,-10.6078,3.9646,2.5781
820.00,-9.9891,4.1078,2.4887,-10.5211,-2.1843,2.9811,-10.7248,4.0393,2.4932
820.50,-10.0700,4.1798,2.3070,-10.6252,-2.1593,2.7995,-10.7970,4.1103,2.3151
821.00,-10.1358,4.2607,2.0811,-10.7273,-2.1107,2.5748,-10.8650,4.2007,2.0876
821.50,-10.1914,4.3699,1.8466,-10.8255,-2.0303,2.3418,-10.9139,4.3078,1.8574
822.00,-10.2365,4.4972,1.6922,-10.9121,-1.9264,2.1895,-10.9518,4.4300,1.7016
822.50,-10.2546,4.6266,1.6654,-10.9886,-1.8132,2.1647,-10.9862,4.5578,1.6761
823.00,-10.2680,4.7559,1.6777,-11.0616,-1.7055,2.1750,-11.0007,4.6953,1.6801
823.50,-10.2884,4.8847,1.7365,-11.1417,-1.5977,2.2352,-11.0204,4.8181,1.7410
824.00,-10.3131,5.0127,1.7544,-11.2309,-1.4859,2.2535,-11.0457,4.9588,1.7615
824.50,-10.3316,5.1413,1.6415,-11.3092,-1.3806,2.1390,-11.0725,5.0688,1.6546
825.00,-10.3411,5.2711,1.4944,-11.3731,-1.2612,1.9921,-11.0751,5.2041,1.5077
825.50,-10.3365,5.3944,1.4190,-11.4225,-1.1375,1.9179,-11.0712,5.3265,1.4300
826.00,-10.3219,5.4651,1.3730,-11.4464,-1.0673,1.8745,-11.0596,5.3997,1.3830
826.50,-10.3139,5.4779,1.3274,-11.4517,-1.0492,1.8287,-11.0651,5.4081,1.3408
827.00,-10.3084,5.4780,1.2828,-11.4535,-1.0420,1.7839,-11.0633,5.4153,1.2959
827.50,-10.3034,5.4780,1.2394,-11.4547,-1.0364,1.7406,-11.0617,5.4208,1.2527
828.00,-10.2989,5.4780,1.1973,-11.4553,-1.0320,1.6979,-11.0602,5.4250,1.2100
828.50,-10.2948,5.4781,1.1564,-11.4559,-1.0270,1.6563,-11.0584,5.4296,1.1683
829.00,-10.2913,5.4781,1.1166,-11.4562,-1.0228,1.6167,-11.0566,5.4335,1.1288
829.50,-10.2882,5.4782,1.0778,-11.4563,-1.0201,1.5778,-11.0554,5.4360,1.0898
830.00,-10.2856,5.4782,1.0401,-11.4563,-1.0182,1.5402,-11.0345,5.4076,1.0523
830.50,-10.2835,5.4783,1.0033,-11.4562,-1.0161,1.5036,-11.0335,5.4094,1.0157
831.00,-10.2818,5.4783,0.9676,-11.4561,-1.0154,1.4679,-11.0331,5.4100,0.9799
831.50,-10.2805,5.4784,0.9327,-11.4559,-1.0139,1.4332,-11.0323,5.4112,0.9453
832.00,-10.2798,5.4784,0.8987,-11.4558,-1.0131,1.3990,-11.0318,5.4118,0.9111
832.50,-10.2794,5.4785,0.8656,-11.4558,-1.0129,1.3660,-11.0316,5.4120,0.8781
833.00,-10.2794,5.4786,0.8331,-11.4557,-1.0128,1.3333,-11.0316,5.4121,0.8454
833.50,-10.2795,5.4790,0.7997,-11.4557,-1.0126,1.2997,-11.0314,5.4123,0.8118
834.00,-10.2795,5.4791,0.7655,-11.4556,-1.0125,1.2650,-11.0314,5.4123,0.7771
834.50,-10.2792,5.4792,0.7323,-11.4556,-1.0124,1.2318,-11.0313,5.4124,0.7438
835.00,-10.2792,5.4792,0.6998,-11.4557,-1.0126,1.1990,-11.0314,5.4123,0.7111
835.50,-10.2793,5.4788,0.6665,-11.4558,-1.0130,1.1651,-11.0317,5.4120,0.6771
836.00,-10.2793,5.4779,0.6324,-11.4561,-1.0136,1.1310,-11.0322,5.4116,0.6430
836.50,-10.2794,5.4766,0.5974,-11.4566,-1.0146,1.0962,-11.0332,5.4109,0.6083
837.00,-10.2794,5.4748,0.5615,-11.4576,-1.0164,1.0602,-11.0349,5.4098,0.5723
837.50,-10.2795,5.4726,0.5246,-11.4580,-1.0171,1.0229,-11.0355,5.4094,0.5350
838.00,-10.2795,5.4699,0.4867,-11.4598,-1.0200,0.9854,-11.0385,5.4077,0.4975
838.50,-10.2796,5.4668,0.4477,-11.4610,-1.0217,0.9467,-11.0404,5.4067,0.4588
839.00,-10.2796,5.4632,0.4077,-11.4633,-1.0248,0.9066,-11.0439,5.4051,0.4187
839.50,-10.2796,5.4590,0.3666,-11.4654,-1.0274,0.8656,-11.0470,5.4038,0.3776
840.00,-10.2797,5.4544,0.3243,-11.4691,-1.0315,0.8228,-11.0522,5.4019,0.3348
840.50,-10.2797,5.4493,0.2808,-11.4723,-1.0348,0.7784,-11.0566,5.4004,0.2905
841.00,-10.2797,5.4438,0.2359,-11.4774,-1.0396,0.7337,-11.0632,5.3986,0.2458
841.50,-10.2798,5.4377,0.1896,-11.4820,-1.0435,0.6873,-11.0691,5.3973,0.1993
842.00,-10.2798,5.4311,0.1417,-11.4865,-1.0471,0.6395,-11.0749,5.3962,0.1515
842.50,-10.2798,5.4241,0.0922,-11.4933,-1.0519,0.5902,-11.0831,5.3952,0.1022
843.00,-10.2798,5.4166,0.0409,-11.5000,-1.0562,0.5385,-11.0310,5.3546,0.0506
843.50,-10.2798,5.4086,-0.0124,-11.5045,-1.0587,0.4851,-11.0361,5.3544,-0.0029
844.00,-10.2798,5.4009,-0.0648,-11.4970,-1.0550,0.4318,-11.0278,5.3542,-0.0562
844.50,-10.2798,5.3936,-0.1153,-11.4918,-1.0528,0.3811,-11.0222,5.3537,-0.1068
845.00,-10.2798,5.3868,-0.1640,-11.4854,-1.0505,0.3318,-11.0154,5.3528,-0.1561
845.50,-10.2798,5.3804,-0.2112,-11.4801,-1.0488,0.2847,-11.0100,5.3518,-0.2032
846.00,-10.2797,5.3752,-0.2522,-11.4749,-1.0473,0.2425,-11.0047,5.3506,-0.2454
846.50,-10.2797,5.3751,-0.2524,-11.4749,-1.0473,0.2440,-11.0046,5.3506,-0.2439
847.00,-10.2797,5.3751,-0.2524,-11.4749,-1.0473,0.2437,-11.0046,5.3506,-0.2442
847.50,-10.2797,5.3751,-0.2524,-11.4749,-1.0473,0.2440,-11.0046,5.3506,-0.2440
848.00,-10.2797,5.3751,-0.2524,-11.4749,-1.0473,0.2433,-11.0046,5.3506,-0.2446
848.50,-10.2797,5.3715,-0.2922,-11.4713,-1.0465,0.2030,-11.0011,5.3496,-0.2849
849.00,-10.2797,5.3666,-0.3354,-11.4662,-1.0456,0.1595,-10.9962,5.3481,-0.3285
849.50,-10.2796,5.3621,-0.3774,-11.4607,-1.0448,0.1173,-10.9910,5.3462,-0.3706
850.00,-10.2796,5.3581,-0.4182,-11.4567,-1.0444,0.0764,-10.9872,5.3446,-0.4115
850.50,-10.2795,5.3546,-0.4579,-11.4532,-1.0442,0.0365,-10.9840,5.3432,-0.4514
851.00,-10.2795,5.3515,-0.4966,-11.4495,-1.0442,-0.0018,-10.9807,5.3415,-0.4898
851.50,-10.2794,5.3490,-0.5342,-11.4467,-1.0442,-0.0401,-10.9783,5.3401,-0.5281
852.00,-10.2794,5.3469,-0.5709,-11.4451,-1.0443,-0.0769,-11.0173,5.2787,-0.5613
852.50,-10.2793,5.3452,-0.6066,-11.4432,-1.0445,-0.1125,-11.0157,5.2776,-0.5969
853.00,-10.2793,5.3441,-0.6413,-11.4420,-1.0447,-0.1470,-11.0147,5.2769,-0.6314
853.50,-10.2792,5.3433,-0.6752,-11.4412,-1.0448,-0.1814,-11.0140,5.2765,-0.6658
854.00,-10.2792,5.3430,-0.7082,-11.4405,-1.0449,-0.2144,-11.0135,5.2760,-0.6989
854.50,-10.2790,5.3430,-0.7408,-11.4402,-1.0450,-0.2471,-11.0132,5.2758,-0.7315
855.00,-10.2786,5.3431,-0.7743,-11.4400,-1.0450,-0.2805,-11.0131,5.2757,-0.7649
855.50,-10.2785,5.3431,-0.8085,-11.4399,-1.0451,-0.3145,-11.0130,5.2756,-0.7989
856.00,-10.2785,5.3428,-0.8416,-11.4397,-1.0451,-0.3480,-11.0129,5.2754,-0.8325
856.50,-10.2785,5.3428,-0.8741,-11.4399,-1.0451,-0.3807,-11.0130,5.2756,-0.8652
857.00,-10.2790,5.3429,-0.9074,-11.4401,-1.0450,-0.4136,-11.0132,5.2758,-0.8981
857.50,-10.2799,5.3429,-0.9416,-11.4409,-1.0446,-0.4476,-11.0137,5.2765,-0.9320
858.00,-10.2812,5.3430,-0.9767,-11.4416,-1.0442,-0.4831,-11.0142,5.2771,-0.9675
858.50,-10.2827,5.3430,-1.0075,-11.4427,-1.0437,-0.5135,-11.0149,5.2782,-0.9979
859.00,-10.2843,5.3431,-1.0351,-11.4443,-1.0427,-0.5415,-11.0159,5.2797,-1.0260
859.50,-10.2862,5.3431,-1.0632,-11.4458,-1.0418,-0.5699,-11.0167,5.2812,-1.0543
860.00,-10.2883,5.3431,-1.0918,-11.4476,-1.0406,-0.5988,-11.0178,5.2831,-1.0832
860.50,-10.2907,5.3432,-1.1211,-11.4495,-1.0393,-0.6283,-11.0189,5.2852,-1.1127
861.00,-10.2934,5.3432,-1.1509,-11.4525,-1.0370,-0.6580,-11.0205,5.2886,-1.1424
861.50,-10.2969,5.3432,-1.1886,-11.4546,-1.0353,-0.6956,-11.0215,5.2911,-1.1800
862.00,-10.3014,5.3433,-1.2304,-11.4579,-1.0325,-0.7376,-11.0231,5.2951,-1.2221
862.50,-10.3063,5.3433,-1.2735,-11.4617,-1.0289,-0.7809,-11.0248,5.3001,-1.2654
863.00,-10.3117,5.3433,-1.3179,-11.4659,-1.0245,-0.8251,-11.0265,5.3059,-1.3096
863.50,-10.3175,5.3348,-1.3877,-11.4620,-1.0292,-0.8910,-11.0252,5.2999,-1.3755
864.00,-10.3310,5.2707,-1.5909,-11.4266,-1.0842,-1.0939,-11.0195,5.2348,-1.5783
864.50,-10.3495,5.1509,-1.6646,-11.3735,-1.2013,-1.1664,-11.0765,5.0765,-1.6579
865.00,-10.3570,5.0556,-1.5451,-11.3309,-1.2930,-1.0516,-11.0917,4.9854,-1.5465
865.50,-10.3557,4.9512,-1.2784,-11.2672,-1.3752,-0.7824,-11.0753,4.8831,-1.2669
866.00,-10.3236,4.8304,-1.1334,-11.1664,-1.4600,-0.6381,-11.0455,4.7611,-1.1260
866.50,-10.2694,4.7130,-1.1440,-11.0608,-1.5377,-0.6495,-10.9994,4.6426,-1.1318
867.00,-10.2216,4.5915,-1.2978,-10.9649,-1.6213,-0.8062,-10.9529,4.5242,-1.2906
867.50,-10.1851,4.4646,-1.3915,-10.8760,-1.7253,-0.9010,-10.9215,4.3907,-1.3883
868.00,-10.1582,4.3373,-1.3194,-10.7929,-1.8250,-0.8269,-10.8893,4.2676,-1.3113
868.50,-10.1224,4.2138,-1.1776,-10.6950,-1.9183,-0.6866,-10.8502,4.1404,-1.1717
869.00,-10.0734,4.0971,-1.0712,-10.5894,-1.9941,-0.5791,-10.7964,4.0243,-1.0635
869.50,-10.0090,3.9849,-1.0062,-10.4772,-2.0633,-0.5157,-10.7392,3.9209,-1.0018
870.00,-9.9354,3.8773,-0.9448,-10.3590,-2.1254,-0.4534,-10.6639,3.8083,-0.9396
870.50,-9.8561,3.7735,-0.9079,-10.2373,-2.1816,-0.4164,-10.5825,3.7078,-0.9005
871.00,-9.7760,3.6711,-0.9112,-10.1202,-2.2333,-0.4206,-10.5072,3.6088,-0.9086
871.50,-9.6964,3.5684,-0.9079,-9.9979,-2.2881,-0.4171,-10.4248,3.4975,-0.9051
872.00,-9.6161,3.4661,-0.9137,-9.8741,-2.3425,-0.4228,-10.3409,3.3971,-0.9093
872.50,-9.5388,3.3621,-0.9363,-9.7549,-2.3983,-0.4471,-10.2653,3.2953,-0.9333
873.00,-9.4622,3.2572,-0.9539,-9.6423,-2.4527,-0.4642,-10.1884,3.1986,-0.9493
873.50,-9.3919,3.1484,-1.0206,-9.5271,-2.5162,-0.5341,-10.1162,3.0829,-1.0168
874.00,-9.3218,3.0383,-0.9919,-9.4127,-2.5821,-0.5053,-10.0479,2.9754,-0.9880
874.50,-9.2470,2.9307,-0.9528,-9.2912,-2.6464,-0.4663,-9.9743,2.8621,-0.9508
875.00,-9.1681,2.8266,-0.9129,-9.1672,-2.7051,-0.4259,-9.8939,2.7544,-0.9086
875.50,-9.0880,2.7241,-0.9066,-9.0478,-2.7590,-0.4221,-9.8131,2.6612,-0.9048
876.00,-9.0077,2.6218,-0.9045,-8.9298,-2.8118,-0.4201,-9.7342,2.5620,-0.9042
876.50,-8.9281,2.5192,-0.9140,-8.8105,-2.8659,-0.4302,-9.6527,2.4585,-0.9112
877.00,-8.8486,2.4164,-0.9142,-8.6932,-2.9195,-0.4304,-9.5777,2.3568,-0.9131
877.50,-8.7699,2.3130,-0.9211,-8.5701,-2.9768,-0.4371,-9.4898,2.2489,-0.9181
878.00,-8.6915,2.2094,-0.9260,-8.4488,-3.0338,-0.4424,-9.4093,2.1480,-0.9199
878.50,-8.6146,2.1048,-0.9348,-8.3242,-3.0942,-0.4520,-9.3279,2.0369,-0.9312
879.00,-8.5356,2.0010,-0.9111,-8.2102,-3.1481,-0.4272,-9.2636,1.9444,-0.9082
879.50,-8.4564,1.8981,-0.9176,-8.0867,-3.2050,-0.4345,-9.1749,1.8368,-0.9155
880.00,-8.3774,1.7948,-0.9138,-7.9613,-3.2633,-0.4300,-9.0874,1.7277,-0.9060
880.50,-8.3003,1.6906,-0.9512,-7.8407,-3.3213,-0.4711,-9.0202,1.6287,-0.9503
881.00,-8.2237,1.5852,-0.9348,-7.7202,-3.3815,-0.4511,-8.9468,1.5189,-0.9268
881.50,-8.1453,1.4813,-0.9225,-7.6032,-3.4372,-0.4404,-8.8640,1.4215,-0.9179
882.00,-8.0666,1.3778,-0.9203,-7.4799,-3.4950,-0.4400,-8.7719,1.3108,-0.9148
882.50,-7.9858,1.2755,-0.8863,-7.3537,-3.5520,-0.4039,-8.6952,1.2095,-0.8793
883.00,-7.9027,1.1754,-0.8779,-7.2278,-3.6048,-0.3968,-8.6031,1.1047,-0.8705
883.50,-7.8222,1.0738,-0.9230,-7.1052,-3.6590,-0.4426,-8.5255,1.0107,-0.9163
884.00,-7.7463,0.9689,-0.9463,-6.9881,-3.7169,-0.4657,-8.4477,0.9057,-0.9394
884.50,-7.6686,0.8642,-0.9187,-6.8696,-3.7750,-0.4388,-8.3700,0.7999,-0.9125
885.00,-7.5899,0.7692,-0.8135,-6.7517,-3.8246,-0.3352,-8.2944,0.7118,-0.8088
885.50,-7.5117,0.6980,-0.6041,-6.6458,-3.8506,-0.1274,-8.2119,0.6347,-0.5994
886.00,-7.4276,0.6430,-0.3539,-6.5433,-3.8516,0.1219,-8.1238,0.5919,-0.3466
886.50,-7.3143,0.5970,-0.0646,-6.4225,-3.8194,0.4057,-8.0115,0.5508,-0.0627
887.00,-7.1846,0.5758,0.1172,-6.3041,-3.7532,0.5875,-7.8769,0.5462,0.1253
887.50,-7.0557,0.5892,0.1231,-6.1969,-3.6808,0.5913,-7.7570,0.5333,0.1284
888.00,-6.9265,0.6016,0.0928,-6.0876,-3.6089,0.5613,-7.6330,0.5507,0.0992
888.50,-6.7968,0.6053,0.0331,-5.9722,-3.5415,0.4999,-7.4925,0.5589,0.0377
889.00,-6.6668,0.6039,0.0077,-5.8569,-3.4808,0.4725,-7.3716,0.5558,0.0110
889.50,-6.5368,0.6066,0.0167,-5.7364,-3.4179,0.4836,-7.2366,0.5586,0.0228
890.00,-6.4069,0.6067,0.0067,-5.6147,-3.3547,0.4732,-7.1026,0.5611,0.0124
890.50,-6.2769,0.6058,-0.0012,-5.4956,-3.2944,0.4646,-6.9716,0.5622,0.0038
891.00,-6.1469,0.6050,-0.0031,-5.3763,-3.2349,0.4615,-6.8459,0.5605,0.0007
891.50,-6.0169,0.6058,0.0024,-5.2607,-3.1768,0.4669,-6.7169,0.5612,0.0075
892.00,-5.8869,0.6056,-0.0004,-5.1467,-3.1196,0.4636,-6.5880,0.5618,0.0056
892.50,-5.7569,0.6048,-0.0039,-5.0269,-3.0599,0.4605,-6.4644,0.5623,0.0032
893.00,-5.6269,0.6038,-0.0062,-4.9108,-3.0025,0.4576,-6.3298,0.5625,0.0004
893.50,-5.4969,0.6030,-0.0061,-4.7939,-2.9450,0.4574,-6.2112,0.5625,0.0008
894.00,-5.3669,0.6020,-0.0069,-4.6812,-2.8895,0.4564,-6.0843,0.5626,-0.0002
894.50,-5.2369,0.6010,-0.0072,-4.5681,-2.8341,0.4557,-5.9505,0.5626,-0.0002
895.00,-5.1069,0.6000,-0.0074,-4.4461,-2.7743,0.4552,-5.8105,0.5627,-0.0007
895.50,-4.9769,0.5998,0.0118,-4.3261,-2.7151,0.4740,-5.6848,0.5629,0.0182
896.00,-4.8472,0.6069,0.0967,-4.2081,-2.6464,0.5632,-5.5491,0.5726,0.1073
896.50,-4.7177,0.6165,0.0651,-4.0931,-2.5752,0.5301,-5.4177,0.5839,0.0722
897.00,-4.5878,0.6183,0.0181,-3.9815,-2.5147,0.4790,-5.2891,0.5889,0.0231
897.50,-4.4578,0.6223,0.0328,-3.8643,-2.4532,0.4936,-5.1640,0.5887,0.0400
898.00,-4.3281,0.6322,0.0726,-3.7485,-2.3864,0.5366,-5.0203,0.5979,0.0830
898.50,-4.1983,0.6364,0.0389,-3.6357,-2.3216,0.5024,-4.9044,0.6066,0.0479
899.00,-4.0683,0.6351,0.0099,-3.5174,-2.2590,0.4727,-4.7648,0.6110,0.0173
899.50,-3.9384,0.6361,0.0113,-3.4018,-2.2002,0.4738,-4.6400,0.6083,0.0185
900.00,-3.8084,0.6369,0.0071,-3.2871,-2.1416,0.4692,-4.5053,0.6105,0.0147
900.50,-3.6784,0.6360,-0.0010,-3.1665,-2.0811,0.4608,-4.3644,0.6119,0.0055
901.00,-3.5484,0.6351,-0.0045,-3.0438,-2.0205,0.4563,-4.2293,0.6123,0.0009
901.50,-3.4184,0.6343,-0.0055,-2.9194,-1.9595,0.4552,-4.1068,0.6125,0.0016
902.00,-3.2884,0.6333,-0.0068,-2.8013,-1.9018,0.4535,-3.9867,0.6126,-0.0001
902.50,-3.1584,0.6324,-0.0070,-2.6828,-1.8441,0.4531,-3.8569,0.6126,-0.0005
903.00,-3.0284,0.6314,-0.0075,-2.5590,-1.7839,0.4525,-3.7177,0.6128,-0.0011
903.50,-2.8984,0.6303,-0.0077,-2.4402,-1.7262,0.4518,-3.6017,0.6128,-0.0019
904.00,-2.7684,0.6296,-0.0064,-2.3206,-1.6681,0.4524,-3.4622,0.6126,-0.0012
904.50,-2.6384,0.6287,-0.0070,-2.1941,-1.6066,0.4521,-3.3291,0.6128,0.0002
905.00,-2.5084,0.6275,-0.0080,-2.0689,-1.5459,0.4510,-3.2043,0.6129,-0.0013
905.50,-2.3784,0.6265,-0.0082,-1.9523,-1.4895,0.4505,-3.0887,0.6127,-0.0010
906.00,-2.2484,0.6255,-0.0079,-1.8320,-1.4313,0.4506,-2.9624,0.6127,-0.0008
906.50,-2.1184,0.6243,-0.0086,-1.7135,-1.3740,0.4499,-2.8270,0.6129,-0.0006
907.00,-1.9884,0.6240,-0.0025,-1.5956,-1.3170,0.4555,-2.6929,0.6106,0.0050
907.50,-1.8584,0.6241,-0.0011,-1.4777,-1.2589,0.4567,-2.5497,0.6116,0.0070
908.00,-1.7284,0.6231,-0.0050,-1.3606,-1.2017,0.4527,-2.4263,0.6124,0.0030
908.50,-1.5984,0.6219,-0.0075,-1.2423,-1.1444,0.4492,-2.2914,0.6124,0.0004
909.00,-1.4684,0.6209,-0.0078,-1.1229,-1.0869,0.4492,-2.1637,0.6127,-0.0005
909.50,-1.3384,0.6201,-0.0065,-1.0033,-1.0292,0.4501,-2.0386,0.6124,0.0003
910.00,-1.2084,0.6204,-0.0001,-0.8885,-0.9735,0.4564,-1.9091,0.6103,0.0069
910.50,-1.0784,0.6207,0.0008,-0.7633,-0.9119,0.4571,-1.7514,0.6111,0.0100
911.00,-0.9484,0.6196,-0.0045,-0.6460,-0.8546,0.4513,-1.6424,0.6122,0.0029
911.50,-0.8184,0.6188,-0.0054,-0.5293,-0.7982,0.4495,-1.5052,0.6120,0.0011
912.00,-0.6884,0.6185,-0.0034,-0.4149,-0.7429,0.4516,-1.3832,0.6115,0.0043
912.50,-0.5584,0.6179,-0.0044,-0.2934,-0.6840,0.4503,-1.2392,0.6122,0.0019
913.00,-0.4284,0.6172,-0.0048,-0.1778,-0.6282,0.4491,-1.1188,0.6123,0.0013
913.50,-0.2984,0.6164,-0.0060,-0.0579,-0.5704,0.4477,-0.9855,0.6129,0.0005
914.00,-0.1684,0.6149,-0.0102,0.0637,-0.5122,0.4442,-0.8286,0.6146,-0.0009
914.50,-0.0384,0.6146,-0.0001,0.1855,-0.4542,0.4530,-0.7168,0.6096,0.0073
915.00,0.0916,0.6154,0.0025,0.3034,-0.3964,0.4556,-0.5988,0.6108,0.0096
915.50,0.2216,0.6144,-0.0050,0.4251,-0.3371,0.4486,-0.4560,0.6138,0.0033
916.00,0.3516,0.6118,-0.0134,0.5435,-0.2809,0.4398,-0.3261,0.6140,-0.0050
916.50,0.4815,0.6100,-0.0137,0.6624,-0.2250,0.4397,-0.2077,0.6118,-0.0065
917.00,0.6115,0.6101,-0.0040,0.7834,-0.1674,0.4489,-0.0746,0.6121,0.0027
917.50,0.7415,0.6095,-0.0046,0.9022,-0.1104,0.4472,0.0409,0.6115,0.0031
918.00,0.8715,0.6091,-0.0038,1.0205,-0.0536,0.4475,0.1716,0.6115,0.0046
918.50,1.0015,0.6084,-0.0046,1.1435,0.0053,0.4459,0.2742,0.6144,0.0029
919.00,1.1315,0.6060,-0.0145,1.2703,0.0652,0.4360,0.3894,0.6142,-0.0070
919.50,1.2615,0.6042,-0.0140,1.3869,0.1195,0.4367,0.5289,0.6136,-0.0045
920.00,1.3915,0.6026,-0.0130,1.5119,0.1779,0.4373,0.6617,0.6130,-0.0039
920.50,1.5215,0.6023,0.0254,1.6283,0.2332,0.4746,0.7824,0.6138,0.0291
921.00,1.6512,0.6106,0.0816,1.7409,0.2962,0.5333,0.9169,0.6225,0.0899
921.50,1.7809,0.6174,0.0619,1.8583,0.3641,0.5122,1.0521,0.6336,0.0684
922.00,1.9107,0.6209,0.0406,1.9785,0.4300,0.4896,1.1863,0.6378,0.0472
922.50,2.0405,0.6295,0.0749,2.0981,0.4964,0.5277,1.3134,0.6459,0.0847
923.00,2.1702,0.6350,0.0476,2.2105,0.5602,0.4991,1.4364,0.6556,0.0552
923.50,2.3001,0.6351,0.0210,2.3296,0.6226,0.4719,1.5724,0.6520,0.0269
924.00,2.4301,0.6392,0.0289,2.4420,0.6811,0.4813,1.6914,0.6562,0.0375
924.50,2.5600,0.6396,0.0126,2.5588,0.7409,0.4642,1.8249,0.6603,0.0192
925.00,2.6900,0.6389,0.0029,2.6769,0.7991,0.4543,1.9496,0.6587,0.0117
925.50,2.8200,0.6397,0.0040,2.7962,0.8577,0.4564,2.0745,0.6606,0.0126
926.00,2.9500,0.6392,0.0011,2.9183,0.9172,0.4527,2.2043,0.6591,0.0077
926.50,3.0800,0.6404,0.0054,3.0423,0.9780,0.4565,2.3457,0.6604,0.0139
927.00,3.2100,0.6398,-0.0005,3.1621,1.0363,0.4499,2.4547,0.6616,0.0061
927.50,3.3400,0.6391,-0.0038,3.2839,1.0949,0.4459,2.5813,0.6621,0.0033
928.00,3.4700,0.6381,-0.0059,3.4024,1.1513,0.4434,2.7103,0.6626,0.0007
928.50,3.6000,0.6371,-0.0067,3.5206,1.2073,0.4421,2.8380,0.6625,0.0001
929.00,3.7300,0.6362,-0.0069,3.6366,1.2622,0.4415,2.9655,0.6629,-0.0006
929.50,3.8600,0.6351,-0.0078,3.7565,1.3187,0.4396,3.0974,0.6600,-0.0025
930.00,3.9900,0.6362,0.0035,3.8824,1.3787,0.4503,3.2327,0.6603,0.0104
930.50,4.1200,0.6362,0.0012,4.0049,1.4378,0.4468,3.3719,0.6615,0.0071
931.00,4.2500,0.6358,-0.0013,4.1267,1.4958,0.4434,3.4903,0.6617,0.0036
931.50,4.3800,0.6342,-0.0118,4.2463,1.5520,0.4306,3.6153,0.6650,-0.0071
932.00,4.5100,0.6321,-0.0138,4.3662,1.6068,0.4288,3.7535,0.6638,-0.0072
932.50,4.6400,0.6310,-0.0104,4.4868,1.6621,0.4313,3.8881,0.6605,-0.0047
933.00,4.7700,0.6321,0.0021,4.6083,1.7189,0.4432,4.0204,0.6606,0.0081
933.50,4.9000,0.6320,0.0001,4.7318,1.7774,0.4411,4.1466,0.6616,0.0077
934.00,5.0300,0.6312,-0.0039,4.8516,1.8337,0.4363,4.2612,0.6621,0.0021
934.50,5.1600,0.6306,-0.0042,4.9725,1.8900,0.4364,4.3863,0.6621,0.0022
935.00,5.2900,0.6298,-0.0051,5.0975,1.9483,0.4357,4.5230,0.6624,0.0024
935.50,5.4200,0.6287,-0.0075,5.2207,2.0054,0.4327,4.6554,0.6629,0.0003
936.00,5.5500,0.6273,-0.0091,5.3459,2.0631,0.4312,4.7869,0.6628,-0.0021
936.50,5.6800,0.6263,-0.0082,5.4701,2.1203,0.4312,4.9168,0.6630,-0.0021
937.00,5.8100,0.6253,-0.0079,5.5869,2.1740,0.4315,5.0392,0.6627,-0.0006
937.50,5.9400,0.6244,-0.0077,5.7027,2.2273,0.4313,5.1647,0.6626,0.0001
938.00,6.0700,0.6233,-0.0080,5.8192,2.2809,0.4311,5.3110,0.6626,-0.0000
938.50,6.2000,0.6221,-0.0089,5.9395,2.3362,0.4301,5.4274,0.6629,-0.0011
939.00,6.3300,0.6208,-0.0093,6.0602,2.3915,0.4297,5.5579,0.6628,-0.0015
939.50,6.4600,0.6198,-0.0081,6.1774,2.4452,0.4297,5.6942,0.6625,-0.0015
940.00,6.5899,0.6192,-0.0066,6.3003,2.5016,0.4307,5.8291,0.6624,0.0013
940.50,6.7199,0.6180,-0.0079,6.4227,2.5577,0.4292,5.9570,0.6627,-0.0002
941.00,6.8499,0.6168,-0.0087,6.5472,2.6146,0.4279,6.0870,0.6628,-0.0015
941.50,6.9799,0.6156,-0.0096,6.6674,2.6694,0.4269,6.2205,0.6626,-0.0008
942.00,7.1099,0.6133,-0.0066,6.7901,2.7246,0.4267,6.3513,0.6619,-0.0010
942.50,7.2396,0.6181,0.1391,6.9089,2.7874,0.5769,6.4754,0.6698,0.1492
943.00,7.3667,0.6319,0.2758,7.0149,2.8669,0.7105,6.6049,0.6982,0.2828
943.50,7.4876,0.6579,0.4712,7.1032,2.9570,0.9064,6.7226,0.7235,0.4787
944.00,7.5979,0.7169,0.6331,7.1722,3.0634,1.0679,6.8295,0.7736,0.6402
944.50,7.6979,0.7981,0.7451,7.2294,3.1829,1.1814,6.9309,0.8570,0.7503
945.00,7.7751,0.8736,0.7965,7.2694,3.2888,1.2310,7.0116,0.9364,0.8034
945.50,7.8072,0.9069,0.8301,7.2859,3.3379,1.2638,7.0469,0.9742,0.8361
946.00,7.8085,0.9082,0.8627,7.2865,3.3397,1.2960,7.0483,0.9756,0.8684
946.50,7.8082,0.9081,0.8957,7.2864,3.3391,1.3288,7.0479,0.9751,0.9011
947.00,7.8074,0.9081,0.9296,7.2863,3.3383,1.3622,7.0475,0.9745,0.9345
947.50,7.8062,0.9080,0.9644,7.2861,3.3373,1.3967,7.0469,0.9736,0.9690
948.00,7.8046,0.9080,1.0001,7.2858,3.3356,1.4311,7.0459,0.9722,1.0034
948.50,7.8025,0.9079,1.0367,7.2856,3.3340,1.4675,7.0451,0.9707,1.0398
949.00,7.7999,0.9079,1.0743,7.2855,3.3320,1.5045,7.0442,0.9690,1.0768
949.50,7.7969,0.9078,1.1130,7.2854,3.3292,1.5430,7.0428,0.9665,1.1153
950.00,7.7934,0.9078,1.1527,7.2853,3.3242,1.5824,7.0407,0.9620,1.1548
950.50,7.7894,0.9077,1.1935,7.2854,3.3210,1.6230,7.0395,0.9590,1.1953
951.00,7.7849,0.9077,1.2355,7.2858,3.3164,1.6649,7.0379,0.9547,1.2373
951.50,7.7799,0.9077,1.2788,7.2864,3.3111,1.7078,7.0363,0.9496,1.2802
952.00,7.7745,0.9076,1.3233,7.2874,3.3044,1.7518,7.0345,0.9431,1.3241
952.50,7.7685,0.9076,1.3692,7.2888,3.2976,1.7971,7.0329,0.9363,1.3694
953.00,7.7621,0.9076,1.4167,7.2905,3.2908,1.8442,7.0317,0.9294,1.4165
953.50,7.7563,0.9290,1.4812,7.2845,3.3093,1.9084,6.9950,0.9786,1.4877
954.00,7.7566,1.0121,1.5282,7.2558,3.3860,1.9503,6.9921,1.0683,1.5297
954.50,7.7496,1.1398,1.6426,7.1990,3.5064,2.0667,6.9697,1.2114,1.6495
955.00,7.7334,1.2692,1.7062,7.1338,3.6204,2.1286,6.9644,1.3340,1.7114
955.50,7.7084,1.3958,1.9032,7.0593,3.7191,2.3305,6.9263,1.4525,1.9133
956.00,7.6719,1.5106,2.1222,6.9655,3.8002,2.5473,6.8830,1.5664,2.1266
956.50,7.6133,1.5929,2.3434,6.8701,3.8505,2.7691,6.8367,1.6515,2.3519
957.00,7.5243,1.6667,2.5535,6.7606,3.8805,2.9790,6.7486,1.7232,2.5583
957.50,7.4358,1.7307,2.8044,6.6534,3.8858,-3.0544,6.6532,1.7722,2.8109
958.00,7.3193,1.7813,3.0589,6.5258,3.8569,-2.8026,6.5349,1.8179,3.0662
958.50,7.1919,1.7988,-3.1247,6.4089,3.8077,-2.7044,6.4181,1.8403,-3.1146
959.00,7.0953,1.8004,3.0629,6.3117,3.7656,-2.7990,6.3122,1.8504,3.0740
959.50,6.9895,1.8113,2.8906,6.2083,3.7401,-2.9753,6.2173,1.8681,2.8941
960.00,6.8651,1.8387,2.8046,6.0740,3.7231,-3.0585,6.0875,1.8967,2.8144
960.50,6.7643,1.8757,2.7394,5.9666,3.7182,-3.1244,5.9971,1.9254,2.7521
961.00,6.7217,1.8977,2.6996,5.9174,3.7182,3.1182,5.9418,1.9444,2.7080
961.50,6.7199,1.9017,2.6606,5.9116,3.7184,3.0789,5.9366,1.9468,2.6687
962.00,6.7199,1.9044,2.6225,5.9084,3.7186,3.0403,5.9337,1.9483,2.6301
962.50,6.7198,1.9067,2.5855,5.9068,3.7188,3.0031,5.9323,1.9491,2.5929
963.00,6.7198,1.9086,2.5494,5.9052,3.7190,2.9675,5.9309,1.9500,2.5573
963.50,6.7197,1.9099,2.5142,5.9033,3.7193,2.9324,5.9293,1.9511,2.5222
964.00,6.7197,1.9108,2.4800,5.9021,3.7196,2.8974,5.9283,1.9518,2.4872
964.50,6.7196,1.9113,2.4466,5.9018,3.7197,2.8634,5.9281,1.9520,2.4531
965.00,6.7195,1.9114,2.4141,5.9016,3.7197,2.8310,5.9279,1.9521,2.4207
965.50,6.7192,1.9113,2.3810,5.9013,3.7198,2.7972,5.9277,1.9523,2.3870
966.00,6.7190,1.9113,2.3469,5.9011,3.7199,2.7636,5.9275,1.9525,2.3534
966.50,6.7189,1.9116,2.3133,5.9009,3.7200,2.7299,5.9274,1.9526,2.3197
967.00,6.7189,1.9116,2.2807,5.9008,3.7200,2.6971,5.9273,1.9527,2.2869
967.50,6.7191,1.9116,2.2478,5.9008,3.7200,2.6645,5.9273,1.9527,2.2542
968.00,6.7199,1.9115,2.2139,5.9015,3.7197,2.6310,5.9278,1.9521,2.2208
968.50,6.7210,1.9115,2.1792,5.9024,3.7191,2.5963,5.9284,1.9512,2.1861
969.00,6.7226,1.9114,2.1435,5.9035,3.7185,2.5605,5.9291,1.9502,2.1503
969.50,6.7247,1.9114,2.1069,5.9059,3.7168,2.5231,5.9307,1.9478,2.1129
970.00,6.7272,1.9113,2.0694,5.9074,3.7157,2.4856,5.9316,1.9461,2.0754
970.50,6.7303,1.9113,2.0308,5.9091,3.7144,2.4470,5.9326,1.9442,2.0368
971.00,6.7337,1.9112,1.9911,5.9116,3.7122,2.4071,5.9341,1.9412,1.9969
971.50,6.7377,1.9112,1.9504,5.9149,3.7091,2.3656,5.9358,1.9371,1.9554
972.00,6.7422,1.9111,1.9084,5.9185,3.7054,2.3237,5.9377,1.9323,1.9134
972.50,6.7471,1.9111,1.8653,5.9213,3.7023,2.2808,5.9390,1.9283,1.8705
973.00,6.7525,1.9111,1.8208,5.9244,3.6985,2.2363,5.9404,1.9236,1.8261
973.50,6.7584,1.9196,1.7509,5.9206,3.7038,2.1713,5.9390,1.9299,1.7611
974.00,6.7708,1.9838,1.6004,5.8875,3.7627,2.0205,5.9322,1.9971,1.6103
974.50,6.7870,2.1044,1.5040,5.8391,3.8788,1.9218,6.0021,2.1529,1.5116
975.00,6.7941,2.2341,1.5576,5.7910,4.0051,1.9807,6.0184,2.2879,1.5705
975.50,6.7942,2.3641,1.5639,5.7373,4.1232,1.9849,6.0184,2.4076,1.5740
976.00,6.8012,2.4939,1.4545,5.6882,4.2519,1.8748,6.0249,2.5453,1.4646
976.50,6.8173,2.6220,1.3505,5.6558,4.3786,1.7714,6.0458,2.6643,1.3612
977.00,6.8453,2.7481,1.2841,5.6319,4.5109,1.7071,6.0667,2.7952,1.2969
977.50,6.8827,2.8706,1.1784,5.6213,4.6406,1.6000,6.0990,2.9182,1.1891
978.00,6.9306,2.9852,1.1300,5.6220,4.7645,1.5505,6.1490,3.0315,1.1402
978.50,6.9758,3.0989,1.2312,5.6198,4.8904,1.6513,6.1972,3.1479,1.2410
979.00,7.0120,3.2246,1.3934,5.5970,5.0223,1.8147,6.2190,3.2779,1.4044
979.50,7.0361,3.3503,1.3922,5.5641,5.1476,1.8143,6.2407,3.4040,1.4041
980.00,7.0639,3.4744,1.3386,5.5360,5.2819,1.7622,6.2662,3.5304,1.3484
980.50,7.0885,3.6020,1.4544,5.5042,5.4145,1.8810,6.3002,3.6546,1.4673
981.00,7.1032,3.7317,1.5672,5.4553,5.5394,1.9919,6.2957,3.7886,1.5782
981.50,7.1072,3.8617,1.4958,5.4024,5.6645,1.9182,6.3074,3.9245,1.5080
982.00,7.1190,3.9845,1.2655,5.3719,5.7857,1.6852,6.3379,4.0378,1.2785
982.50,7.1526,4.1042,1.1000,5.3687,5.9103,1.5211,6.3643,4.1535,1.1144
983.00,7.2115,4.2175,1.0327,5.3808,6.0439,1.4517,6.4182,4.2795,1.0450
983.50,7.2750,4.3304,1.0988,5.3941,6.1805,1.5185,6.4764,4.3916,1.1118
984.00,7.3298,4.4497,1.2256,5.3922,6.3144,1.6477,6.5258,4.5053,1.2410
984.50,7.3747,4.5727,1.2278,5.3800,6.4516,1.6488,6.5688,4.6361,1.2421
985.00,7.4246,4.6932,1.1527,5.3749,6.5906,1.5720,6.6195,4.7558,1.1687
985.50,7.4780,4.8119,1.1452,5.3746,6.7263,1.5678,6.6722,4.8727,1.1611
986.00,7.5329,4.9300,1.1528,5.3761,6.8606,1.5737,6.7267,4.9935,1.1669
986.50,7.5797,5.0514,1.2690,5.3682,6.9902,1.6923,6.7707,5.1157,1.2856
987.00,7.6171,5.1765,1.3152,5.3491,7.1186,1.7354,6.8043,5.2411,1.3315
987.50,7.6506,5.3023,1.2908,5.3273,7.2524,1.7106,6.8369,5.3727,1.3074
988.00,7.6923,5.4248,1.1509,5.3169,7.3842,1.5685,6.8789,5.4880,1.1653
988.50,7.7456,5.5381,0.9636,5.3299,7.5175,1.3783,6.9430,5.6056,0.9751
989.00,7.8257,5.6387,0.7957,5.3666,7.6474,1.2092,7.0080,5.7107,0.8129
989.50,7.9236,5.7253,0.6518,5.4210,7.7649,1.0650,7.1036,5.7980,0.6688
990.00,8.0288,5.8012,0.5739,5.4913,7.8802,0.9860,7.2130,5.8771,0.5897
990.50,8.1000,5.8467,0.5375,5.5388,7.9491,0.9507,7.2834,5.9223,0.5544
991.00,8.1193,5.8590,0.5005,5.5523,7.9675,0.9143,7.2933,5.9336,0.5215
991.50,8.1193,5.8564,0.4620,5.5512,7.9662,0.8752,7.2918,5.9329,0.4824
992.00,8.1192,5.8530,0.4224,5.5483,7.9630,0.8358,7.2879,5.9310,0.4431
992.50,8.1192,5.8490,0.3817,5.5455,7.9601,0.7953,7.2842,5.9294,0.4026
993.00,8.1192,5.8446,0.3398,5.5422,7.9569,0.7536,7.2799,5.9277,0.3608
993.50,8.1191,5.8397,0.2967,5.5386,7.9537,0.7099,7.2753,5.9261,0.3171
994.00,8.1191,5.8343,0.2523,5.5342,7.9501,0.6654,7.2699,5.9245,0.2726
994.50,8.1191,5.8284,0.2066,5.5300,7.9469,0.6194,7.2648,5.9231,0.2266
995.00,8.1206,5.8221,0.1549,5.5270,7.9449,0.5696,7.2613,5.9224,0.1769
995.50,8.1660,5.8100,-0.0252,5.5673,7.9658,0.3936,7.3066,5.9264,0.0008
996.00,8.2731,5.7889,-0.1282,5.6683,8.0000,0.2915,7.4455,5.8799,-0.1098
996.50,8.4024,5.7763,-0.0413,5.7890,8.0401,0.3799,7.5797,5.8601,-0.0233
997.00,8.5320,5.7728,0.1347,5.9078,8.1015,0.5598,7.7132,5.8700,0.1559
997.50,8.6606,5.7884,0.1305,6.0199,8.1735,0.5542,7.8445,5.8723,0.1475
998.00,8.7864,5.8001,-0.0676,6.1372,8.2340,0.3570,7.9682,5.8813,-0.0462
998.50,8.9105,5.8010,-0.3283,6.2691,8.2639,0.0934,8.0991,5.8670,-0.3134
999.00,9.0271,5.7666,-0.5458,6.3937,8.2621,-0.1236,8.2029,5.8461,-0.5303
999.50,9.1255,5.6983,-0.7511,6.5107,8.2355,-0.3301,8.3096,5.7948,-0.7299
1000.00,9.2039,5.6082,-0.9582,6.6202,8.1845,-0.5373,8.3906,5.7054,-0.9406
1000.50,9.2739,5.4961,-1.1531,6.7299,8.1041,-0.7321,8.4599,5.5884,-1.1353
1001.00,9.3354,5.3730,-1.3830,6.8190,8.0034,-0.9619,8.5104,5.4627,-1.3651
1001.50,9.3775,5.2436,-1.6062,6.8873,7.8780,-1.1849,8.5457,5.3286,-1.5846
1002.00,9.3762,5.1140,-1.6636,6.9329,7.7518,-1.2388,8.5663,5.2129,-1.6421
1002.50,9.3669,4.9845,-1.6188,6.9760,7.6311,-1.1951,8.5606,5.0868,-1.5983
1003.00,9.3655,4.8546,-1.5180,7.0290,7.5183,-1.0936,8.5649,4.9523,-1.4975
1003.50,9.3687,4.7247,-1.5427,7.0902,7.3971,-1.1206,8.5732,4.8167,-1.5203
1004.00,9.3654,4.5947,-1.5746,7.1459,7.2767,-1.1520,8.5697,4.6941,-1.5546
1004.50,9.3666,4.4647,-1.5538,7.2012,7.1546,-1.1306,8.5705,4.5601,-1.5303
1005.00,9.3671,4.3347,-1.5642,7.2588,7.0310,-1.1429,8.5755,4.4320,-1.5426
1005.50,9.3639,4.2047,-1.5826,7.3106,6.9147,-1.1614,8.5781,4.3066,-1.5611
1006.00,9.3604,4.0748,-1.5915,7.3639,6.7902,-1.1700,8.5710,4.1711,-1.5691
1006.50,9.3600,3.9448,-1.5632,7.4174,6.6677,-1.1393,8.5708,4.0375,-1.5391
1007.00,9.3588,3.8148,-1.5975,7.4736,6.5425,-1.1757,8.5836,3.9102,-1.5754
1007.50,9.3487,3.6853,-1.7213,7.5163,6.4193,-1.3017,8.5743,3.7901,-1.6945
1008.00,9.3295,3.5581,-1.8373,7.5444,6.2906,-1.4156,8.5504,3.6588,-1.8069
1008.50,9.2991,3.4352,-1.9566,7.5564,6.1596,-1.5351,8.5216,3.5251,-1.9314
1009.00,9.2522,3.3168,-2.0356,7.5558,6.0244,-1.6144,8.4790,3.4106,-2.0135
1009.50,9.1944,3.2031,-2.1176,7.5445,5.8897,-1.6981,8.4358,3.3010,-2.0874
1010.00,9.1272,3.0924,-2.1065,7.5268,5.7569,-1.6861,8.3687,3.1850,-2.0767
1010.50,9.0656,2.9790,-2.0637,7.5155,5.6296,-1.6416,8.3100,3.0715,-2.0378
1011.00,9.0054,2.8640,-2.0622,7.5076,5.5016,-1.6371,8.2635,2.9563,-2.0320
1011.50,8.9380,2.7515,-2.1313,7.4940,5.3669,-1.7075,8.1891,2.8473,-2.1037
1012.00,8.8679,2.6418,-2.1210,7.4746,5.2316,-1.6974,8.1186,2.7202,-2.0902
1012.50,8.8040,2.5296,-2.0841,7.4605,5.0959,-1.6596,8.0542,2.6099,-2.0593
1013.00,8.7418,2.4158,-2.0782,7.4497,4.9634,-1.6534,8.0045,2.5021,-2.0490
1013.50,8.6735,2.3039,-2.1289,7.4352,4.8322,-1.7056,7.9386,2.3866,-2.1018
1014.00,8.6052,2.1934,-2.1019,7.4180,4.7017,-1.6756,7.8724,2.2729,-2.0719
1014.50,8.5409,2.0806,-2.0967,7.4052,4.5689,-1.6728,7.8098,2.1650,-2.0726
1015.00,8.4721,1.9691,-2.1305,7.3898,4.4361,-1.7059,7.7440,2.0486,-2.1021
1015.50,8.3988,1.8604,-2.1712,7.3681,4.2971,-1.7467,7.6702,1.9289,-2.1430
1016.00,8.3237,1.7538,-2.1844,7.3424,4.1611,-1.7601,7.6020,1.8315,-2.1570
1016.50,8.2481,1.6478,-2.1952,7.3165,4.0282,-1.7709,7.5206,1.7209,-2.1671
1017.00,8.1732,1.5419,-2.1772,7.2906,3.8969,-1.7526,7.4464,1.6094,-2.1517
1017.50,8.1005,1.4345,-2.1641,7.2681,3.7691,-1.7400,7.3937,1.5007,-2.1328
1018.00,8.0258,1.3279,-2.1833,7.2446,3.6446,-1.7609,7.3145,1.3946,-2.1572
1018.50,7.9511,1.2213,-2.1875,7.2195,3.5129,-1.7665,7.2405,1.2828,-2.1627
1019.00,7.8741,1.1161,-2.2057,7.1924,3.3842,-1.7849,7.1660,1.1825,-2.1805
1019.50,7.7949,1.0126,-2.2347,7.1620,3.2537,-1.8154,7.0776,1.0757,-2.2117
1020.00,7.7135,0.9110,-2.2700,7.1283,3.1247,-1.8494,7.0147,0.9679,-2.2429
1020.50,7.6242,0.8159,-2.3948,7.0836,2.9963,-1.9772,6.9341,0.8765,-2.3707
1021.00,7.5221,0.7328,-2.5728,7.0215,2.8793,-2.1551,6.8238,0.7841,-2.5479
1021.50,7.4106,0.6584,-2.8005,6.9358,2.7752,-2.3831,6.7047,0.7209,-2.7759
1022.00,7.2896,0.5958,-3.0748,6.8243,2.6945,-2.6560,6.5808,0.6791,-3.0488
1022.50,7.1600,0.5707,3.0012,6.6942,2.6429,-2.8633,6.4509,0.6306,3.0237
1023.00,7.0327,0.5827,2.8943,6.5643,2.6144,-2.9694,6.3319,0.6264,2.9176
1023.50,6.9085,0.6117,2.9553,6.4354,2.5899,-2.9079,6.2017,0.6517,2.9791
1024.00,6.7825,0.6326,-3.1262,6.3161,2.5488,-2.7054,6.0819,0.6603,-3.0995
1024.50,6.6527,0.6336,-3.0708,6.1967,2.4873,-2.6515,5.9438,0.6570,-3.0512
1025.00,6.5229,0.6271,-3.0940,6.0771,2.4257,-2.6748,5.8220,0.6570,-3.0710
1025.50,6.3931,0.6218,-3.0992,5.9587,2.3670,-2.6815,5.6759,0.6504,-3.0777
1026.00,6.2631,0.6178,-3.1018,5.8411,2.3099,-2.6864,5.5553,0.6434,-3.0792
1026.50,6.1333,0.6118,-3.1009,5.7264,2.2530,-2.6845,5.4376,0.6347,-3.0808
1027.00,6.0033,0.6126,-3.1306,5.6100,2.1976,-2.7141,5.2806,0.6286,-3.1104
1027.50,5.8733,0.6159,3.1317,5.4865,2.1432,-2.7355,5.1638,0.6260,-3.1317
1028.00,5.7433,0.6170,-3.1386,5.3641,2.0905,-2.7218,5.0287,0.6346,-3.1181
1028.50,5.6134,0.6140,-3.1269,5.2447,2.0358,-2.7096,4.8993,0.6302,-3.1094
1029.00,5.4834,0.6140,-3.1383,5.1272,1.9823,-2.7228,4.7641,0.6266,-3.1225
1029.50,5.3534,0.6170,3.1288,5.0003,1.9273,-2.7389,4.6219,0.6255,-3.1351
1030.00,5.2234,0.6193,3.1262,4.8745,1.8740,-2.7409,4.4953,0.6250,-3.1372
1030.50,5.0934,0.6216,3.1255,4.7446,1.8192,-2.7420,4.3543,0.6247,3.1415
1031.00,4.9634,0.6224,3.1302,4.6152,1.7641,-2.7357,4.2756,0.6242,-3.1354
1031.50,4.8334,0.6255,3.1231,4.4944,1.7129,-2.7435,4.1525,0.6242,3.1400
1032.00,4.7034,0.6267,3.1289,4.3718,1.6610,-2.7375,4.0475,0.6241,-3.1372
1032.50,4.5735,0.6289,3.1261,4.2552,1.6114,-2.7402,3.9408,0.6237,-3.1400
1033.00,4.4435,0.6292,3.1348,4.1342,1.5596,-2.7325,3.8030,0.6231,-3.1322
1033.50,4.3135,0.6313,3.1282,4.0096,1.5060,-2.7393,3.6754,0.6222,-3.1391
1034.00,4.1835,0.6307,3.1402,3.8888,1.4538,-2.7267,3.5539,0.6214,-3.1230
1034.50,4.0535,0.6321,3.1285,3.7683,1.4014,-2.7400,3.4124,0.6196,-3.1397
1035.00,3.9235,0.6310,-3.1390,3.6515,1.3511,-2.7247,3.2872,0.6187,-3.1244
1035.50,3.7935,0.6299,-3.1384,3.5281,1.2961,-2.7248,3.1502,0.6164,-3.1210
1036.00,3.6635,0.6240,-3.1092,3.4139,1.2439,-2.6950,3.0366,0.6123,-3.0912
1036.50,3.5336,0.6194,-3.1357,3.2932,1.1863,-2.7217,2.8930,0.5976,-3.1179
1037.00,3.4036,0.6217,3.1319,3.1710,1.1341,-2.7376,2.7701,0.6045,-3.1374
1037.50,3.2752,0.6165,-3.0939,3.0537,1.0792,-2.6810,-1.2823,0.6122,-3.0911
1038.00,3.1914,0.6053,-3.0438,2.9736,1.0372,-2.6306,-1.4549,0.6032,-3.0387
1038.50,3.1690,0.5969,-2.9952,2.9489,1.0229,-2.5834,-1.5667,0.5926,-2.9894
1039.00,3.1690,0.5904,-2.9475,2.9438,1.0195,-2.5357,-1.5911,0.5871,-2.9417
1039.50,3.1690,0.5844,-2.9013,2.9401,1.0169,-2.4900,-1.5956,0.5861,-2.8960
1040.00,3.1690,0.5788,-2.8566,2.9354,1.0131,-2.4456,-1.6014,0.5845,-2.8517
1040.50,3.1689,0.5738,-2.8131,2.9323,1.0105,-2.4020,-1.6052,0.5833,-2.8080
1041.00,3.1689,0.5692,-2.7709,2.9293,1.0076,-2.3600,-1.6092,0.5819,-2.7661
1041.50,3.1689,0.5651,-2.7299,2.9260,1.0043,-2.3189,-1.6135,0.5801,-2.7249
1042.00,3.1688,0.5624,-2.6918,2.9240,1.0021,-2.2791,-1.6162,0.5789,-2.6851
1042.50,3.1688,0.5593,-2.6529,2.9227,1.0004,-2.2402,-1.6181,0.5779,-2.6462
1043.00,3.1687,0.5566,-2.6151,2.9213,0.9986,-2.2018,-1.6201,0.5768,-2.6078
1043.50,3.1687,0.5544,-2.5782,2.9198,0.9965,-2.1648,-1.6223,0.5754,-2.5709
1044.00,3.1686,0.5527,-2.5423,2.9188,0.9949,-2.1291,-1.6238,0.5744,-2.5351
1044.50,3.1686,0.5514,-2.5073,2.9183,0.9942,-2.0940,-1.6245,0.5739,-2.5000
1045.00,3.1685,0.5506,-2.4733,2.9180,0.9937,-2.0604,-1.6723,0.5422,-2.4664
1045.50,3.1685,0.5502,-2.4401,2.9177,0.9931,-2.0272,-1.6728,0.5418,-2.4333
1046.00,3.1684,0.5502,-2.4076,2.9177,0.9930,-1.9952,-1.6728,0.5417,-2.4012
1046.50,3.1687,0.5503,-2.3743,2.9177,0.9932,-1.9621,-1.6728,0.5418,-2.3682
1047.00,3.1688,0.5504,-2.3401,2.9178,0.9934,-1.9279,-1.6726,0.5420,-2.3340
1047.50,3.1687,0.5508,-2.3067,2.9180,0.9939,-1.8946,-1.6722,0.5424,-2.3006
1048.00,3.1687,0.5509,-2.2742,2.9180,0.9940,-1.8621,-1.6721,0.5425,-2.2682
1048.50,3.1691,0.5510,-2.2411,2.9181,0.9942,-1.8288,-1.6720,0.5426,-2.2348
