[INFO] [launch]: All log files can be found below /root/.ros/log/2026-07-05-17-40-02-525602-7ce6a1a5116a-223
[INFO] [launch]: Default logging verbosity is set to INFO
[INFO] [controller_server-1]: process started with pid [498]
[INFO] [planner_server-2]: process started with pid [500]
[INFO] [behavior_server-3]: process started with pid [502]
[INFO] [bt_navigator-4]: process started with pid [504]
[INFO] [waypoint_follower-5]: process started with pid [506]
[INFO] [lifecycle_manager-6]: process started with pid [508]
[planner_server-2] [INFO] [1783273203.193921831] [planner_server]: 
[planner_server-2] 	planner_server lifecycle node launched. 
[planner_server-2] 	Waiting on external lifecycle transitions to activate
[planner_server-2] 	See https://design.ros2.org/articles/node_lifecycle.html for more information.
[controller_server-1] [INFO] [1783273203.197836602] [controller_server]: 
[controller_server-1] 	controller_server lifecycle node launched. 
[controller_server-1] 	Waiting on external lifecycle transitions to activate
[controller_server-1] 	See https://design.ros2.org/articles/node_lifecycle.html for more information.
[waypoint_follower-5] [INFO] [1783273203.197839074] [waypoint_follower]: 
[waypoint_follower-5] 	waypoint_follower lifecycle node launched. 
[waypoint_follower-5] 	Waiting on external lifecycle transitions to activate
[waypoint_follower-5] 	See https://design.ros2.org/articles/node_lifecycle.html for more information.
[lifecycle_manager-6] [INFO] [1783273203.221867433] [lifecycle_manager_navigation]: Creating
[lifecycle_manager-6] [INFO] [1783273203.240583326] [lifecycle_manager_navigation]: [34m[1mCreating and initializing lifecycle service clients[0m[0m
[bt_navigator-4] [INFO] [1783273203.259877778] [bt_navigator]: 
[bt_navigator-4] 	bt_navigator lifecycle node launched. 
[bt_navigator-4] 	Waiting on external lifecycle transitions to activate
[bt_navigator-4] 	See https://design.ros2.org/articles/node_lifecycle.html for more information.
[bt_navigator-4] [INFO] [1783273203.259966078] [bt_navigator]: Creating
[behavior_server-3] [INFO] [1783273203.268607128] [behavior_server]: 
[behavior_server-3] 	behavior_server lifecycle node launched. 
[behavior_server-3] 	Waiting on external lifecycle transitions to activate
[behavior_server-3] 	See https://design.ros2.org/articles/node_lifecycle.html for more information.
[lifecycle_manager-6] [INFO] [1783273203.269599196] [lifecycle_manager_navigation]: [34m[1mStarting managed nodes bringup...[0m[0m
[lifecycle_manager-6] [INFO] [1783273203.269631496] [lifecycle_manager_navigation]: [34m[1mConfiguring controller_server[0m[0m
[waypoint_follower-5] [INFO] [1783273203.300507659] [waypoint_follower]: Creating
[planner_server-2] [INFO] [1783273203.620768106] [planner_server]: Creating
[planner_server-2] [INFO] [1783273203.628137635] [global_costmap.global_costmap]: 
[planner_server-2] 	global_costmap lifecycle node launched. 
[planner_server-2] 	Waiting on external lifecycle transitions to activate
[planner_server-2] 	See https://design.ros2.org/articles/node_lifecycle.html for more information.
[planner_server-2] [INFO] [1783273203.743206912] [global_costmap.global_costmap]: Creating Costmap
[controller_server-1] [INFO] [1783273204.778169917] [controller_server]: Creating controller server
[controller_server-1] [INFO] [1783273204.788366821] [local_costmap.local_costmap]: 
[controller_server-1] 	local_costmap lifecycle node launched. 
[controller_server-1] 	Waiting on external lifecycle transitions to activate
[controller_server-1] 	See https://design.ros2.org/articles/node_lifecycle.html for more information.
[controller_server-1] [INFO] [1783273204.939306580] [local_costmap.local_costmap]: Creating Costmap
[controller_server-1] [INFO] [1783273204.943302764] [controller_server]: Configuring controller interface
[controller_server-1] [INFO] [1783273204.943532220] [controller_server]: getting goal checker plugins..
[controller_server-1] [INFO] [1783273204.943702687] [controller_server]: Controller frequency set to 20.0000Hz
[controller_server-1] [INFO] [1783273204.943724142] [local_costmap.local_costmap]: Configuring
[controller_server-1] [INFO] [1783273204.965096103] [local_costmap.local_costmap]: Using plugin "obstacle_layer"
[controller_server-1] [INFO] [1783273205.034603424] [local_costmap.local_costmap]: Subscribed to Topics: scan camera
[controller_server-1] [INFO] [1783273205.045157071] [local_costmap.local_costmap]: Initialized plugin "obstacle_layer"
[controller_server-1] [INFO] [1783273205.045197306] [local_costmap.local_costmap]: Using plugin "inflation_layer"
[controller_server-1] [INFO] [1783273205.046162053] [local_costmap.local_costmap]: Initialized plugin "inflation_layer"
[controller_server-1] [INFO] [1783273205.120361097] [controller_server]: Created progress_checker : progress_checker of type nav2_controller::PoseProgressChecker
[controller_server-1] [INFO] [1783273205.168268839] [controller_server]: Created goal checker : general_goal_checker of type nav2_controller::SimpleGoalChecker
[controller_server-1] [INFO] [1783273205.168882930] [controller_server]: Controller Server has general_goal_checker  goal checkers available.
[controller_server-1] [INFO] [1783273205.811885228] [controller_server]: Created controller : FollowPath of type nav2_rotation_shim_controller::RotationShimController
[controller_server-1] [INFO] [1783273205.863444009] [controller_server]: Created internal controller for rotation shimming: FollowPath of type nav2_regulated_pure_pursuit_controller::RegulatedPurePursuitController
[controller_server-1] [INFO] [1783273205.868036094] [controller_server]: Controller Server has FollowPath  controllers available.
[lifecycle_manager-6] [INFO] [1783273205.876279348] [lifecycle_manager_navigation]: [34m[1mConfiguring planner_server[0m[0m
[planner_server-2] [INFO] [1783273205.876507400] [planner_server]: Configuring
[planner_server-2] [INFO] [1783273205.876535185] [global_costmap.global_costmap]: Configuring
[planner_server-2] [INFO] [1783273205.897899065] [global_costmap.global_costmap]: Using plugin "static_layer"
[planner_server-2] [INFO] [1783273205.978141433] [global_costmap.global_costmap]: Subscribing to the map topic (/map) with transient local durability
[planner_server-2] [INFO] [1783273205.983663276] [global_costmap.global_costmap]: Subscribing to updates
[planner_server-2] [INFO] [1783273205.993951341] [global_costmap.global_costmap]: Initialized plugin "static_layer"
[planner_server-2] [INFO] [1783273205.994001054] [global_costmap.global_costmap]: Using plugin "obstacle_layer"
[planner_server-2] [INFO] [1783273205.995249881] [global_costmap.global_costmap]: Subscribed to Topics: scan camera
[planner_server-2] [INFO] [1783273206.001100008] [global_costmap.global_costmap]: Initialized plugin "obstacle_layer"
[planner_server-2] [INFO] [1783273206.001137382] [global_costmap.global_costmap]: Using plugin "inflation_layer"
[planner_server-2] [INFO] [1783273206.002226513] [global_costmap.global_costmap]: Initialized plugin "inflation_layer"
[planner_server-2] [INFO] [1783273206.012684361] [global_costmap.global_costmap]: StaticLayer: Resizing costmap to 256 X 277 at 0.050000 m/pix
[planner_server-2] [INFO] [1783273206.064537601] [planner_server]: Created global planner plugin GridBased of type nav2_navfn_planner/NavfnPlanner
[planner_server-2] [INFO] [1783273206.064587442] [planner_server]: Configuring plugin GridBased of type NavfnPlanner
[planner_server-2] [INFO] [1783273206.065410727] [planner_server]: Planner Server has GridBased  planners available.
[lifecycle_manager-6] [INFO] [1783273206.074977714] [lifecycle_manager_navigation]: [34m[1mConfiguring behavior_server[0m[0m
[behavior_server-3] [INFO] [1783273206.075165973] [behavior_server]: Configuring
[behavior_server-3] [INFO] [1783273206.107692852] [behavior_server]: Creating behavior plugin spin of type nav2_behaviors/Spin
[behavior_server-3] [INFO] [1783273206.167736484] [behavior_server]: Configuring spin
[behavior_server-3] [INFO] [1783273206.175322808] [behavior_server]: Creating behavior plugin backup of type nav2_behaviors/BackUp
[behavior_server-3] [INFO] [1783273206.227962104] [behavior_server]: Configuring backup
[behavior_server-3] [INFO] [1783273206.230465313] [behavior_server]: Creating behavior plugin drive_on_heading of type nav2_behaviors/DriveOnHeading
[behavior_server-3] [INFO] [1783273206.282125153] [behavior_server]: Configuring drive_on_heading
[behavior_server-3] [INFO] [1783273206.284619246] [behavior_server]: Creating behavior plugin wait of type nav2_behaviors/Wait
[behavior_server-3] [INFO] [1783273206.348356276] [behavior_server]: Configuring wait
[lifecycle_manager-6] [INFO] [1783273206.352203738] [lifecycle_manager_navigation]: [34m[1mConfiguring bt_navigator[0m[0m
[bt_navigator-4] [INFO] [1783273206.352568674] [bt_navigator]: Configuring
[lifecycle_manager-6] [INFO] [1783273206.838603177] [lifecycle_manager_navigation]: [34m[1mConfiguring waypoint_follower[0m[0m
[waypoint_follower-5] [INFO] [1783273206.838884619] [waypoint_follower]: Configuring
[waypoint_follower-5] [INFO] [1783273206.924585945] [waypoint_follower]: Created waypoint_task_executor : wait_at_waypoint of type nav2_waypoint_follower::WaitAtWaypoint
[waypoint_follower-5] [INFO] [1783273206.924942949] [waypoint_follower]: Waypoint pause duration is set to zero, disabling task executor plugin.
[lifecycle_manager-6] [INFO] [1783273206.925466426] [lifecycle_manager_navigation]: [34m[1mActivating controller_server[0m[0m
[controller_server-1] [INFO] [1783273206.925637274] [controller_server]: Activating
[controller_server-1] [INFO] [1783273206.925667140] [local_costmap.local_costmap]: Activating
[controller_server-1] [INFO] [1783273206.925676968] [local_costmap.local_costmap]: Checking transform
[controller_server-1] [INFO] [1783273206.925788818] [local_costmap.local_costmap]: start
[controller_server-1] [INFO] [1783273207.127074040] [controller_server]: Activating controller: FollowPath of type nav2_rotation_shim_controller::RotationShimController
[controller_server-1] [INFO] [1783273207.127129442] [controller_server]: Activating controller: FollowPath of type regulated_pure_pursuit_controller::RegulatedPurePursuitController
[controller_server-1] [INFO] [1783273207.127148745] [controller_server]: Creating bond (controller_server) to lifecycle manager.
[lifecycle_manager-6] [INFO] [1783273207.244451821] [lifecycle_manager_navigation]: Server controller_server connected with bond.
[lifecycle_manager-6] [INFO] [1783273207.244499979] [lifecycle_manager_navigation]: [34m[1mActivating planner_server[0m[0m
[planner_server-2] [INFO] [1783273207.244745236] [planner_server]: Activating
[planner_server-2] [INFO] [1783273207.244797881] [global_costmap.global_costmap]: Activating
[planner_server-2] [INFO] [1783273207.244815626] [global_costmap.global_costmap]: Checking transform
[planner_server-2] [INFO] [1783273207.245016518] [global_costmap.global_costmap]: start
[planner_server-2] [INFO] [1783273207.496264057] [planner_server]: Activating plugin GridBased of type NavfnPlanner
[planner_server-2] [INFO] [1783273207.496756517] [planner_server]: Creating bond (planner_server) to lifecycle manager.
[lifecycle_manager-6] [INFO] [1783273207.602970267] [lifecycle_manager_navigation]: Server planner_server connected with bond.
[lifecycle_manager-6] [INFO] [1783273207.603019959] [lifecycle_manager_navigation]: [34m[1mActivating behavior_server[0m[0m
[behavior_server-3] [INFO] [1783273207.603212096] [behavior_server]: Activating
[behavior_server-3] [INFO] [1783273207.603231476] [behavior_server]: Activating spin
[behavior_server-3] [INFO] [1783273207.603239471] [behavior_server]: Activating backup
[behavior_server-3] [INFO] [1783273207.603245919] [behavior_server]: Activating drive_on_heading
[behavior_server-3] [INFO] [1783273207.603252061] [behavior_server]: Activating wait
[behavior_server-3] [INFO] [1783273207.603260357] [behavior_server]: Creating bond (behavior_server) to lifecycle manager.
[lifecycle_manager-6] [INFO] [1783273207.711305024] [lifecycle_manager_navigation]: Server behavior_server connected with bond.
[lifecycle_manager-6] [INFO] [1783273207.711358452] [lifecycle_manager_navigation]: [34m[1mActivating bt_navigator[0m[0m
[bt_navigator-4] [INFO] [1783273207.711621687] [bt_navigator]: Activating
[bt_navigator-4] [INFO] [1783273207.735869115] [bt_navigator]: Creating bond (bt_navigator) to lifecycle manager.
[lifecycle_manager-6] [INFO] [1783273207.847521052] [lifecycle_manager_navigation]: Server bt_navigator connected with bond.
[lifecycle_manager-6] [INFO] [1783273207.847565942] [lifecycle_manager_navigation]: [34m[1mActivating waypoint_follower[0m[0m
[waypoint_follower-5] [INFO] [1783273207.847807231] [waypoint_follower]: Activating
[waypoint_follower-5] [INFO] [1783273207.847840373] [waypoint_follower]: Creating bond (waypoint_follower) to lifecycle manager.
[lifecycle_manager-6] [INFO] [1783273207.956054675] [lifecycle_manager_navigation]: Server waypoint_follower connected with bond.
[lifecycle_manager-6] [INFO] [1783273207.956113183] [lifecycle_manager_navigation]: [34m[1mManaged nodes are active[0m[0m
[lifecycle_manager-6] [INFO] [1783273207.956121260] [lifecycle_manager_navigation]: [34m[1mCreating bond timer...[0m[0m
[planner_server-2] [INFO] [1783273229.645135652] [global_costmap.global_costmap]: StaticLayer: Resizing costmap to 256 X 278 at 0.050000 m/pix
[planner_server-2] [INFO] [1783273233.656527802] [global_costmap.global_costmap]: StaticLayer: Resizing costmap to 256 X 279 at 0.050000 m/pix
[planner_server-2] [INFO] [1783273236.656540002] [global_costmap.global_costmap]: StaticLayer: Resizing costmap to 256 X 279 at 0.050000 m/pix
[controller_server-1] [INFO] [1783273250.433118780] [local_costmap.local_costmap]: Received request to clear entirely the local_costmap
[planner_server-2] [INFO] [1783273250.433359246] [global_costmap.global_costmap]: Received request to clear entirely the global_costmap
[planner_server-2] [WARN] [1783273252.105055842] [planner_server]: No planners specified in action call. Server will use only plugin GridBased  in server. This warning will appear once.
[bt_navigator-4] [INFO] [1783273252.150185507] [bt_navigator]: Begin navigating from current location (1.20, -0.00) to (1.37, -0.01)
[controller_server-1] [INFO] [1783273252.170876655] [controller_server]: Received a goal, begin computing control effort.
[controller_server-1] [WARN] [1783273252.170970400] [controller_server]: No goal checker was specified in parameter 'current_goal_checker'. Server will use only plugin loaded general_goal_checker . This warning will appear once.
[controller_server-1] [INFO] [1783273252.171213237] [controller_server]: Reached the goal!
[bt_navigator-4] [INFO] [1783273252.210918026] [bt_navigator]: Goal succeeded
[bt_navigator-4] [INFO] [1783273256.204647993] [bt_navigator]: Begin navigating from current location (1.20, -0.00) to (1.37, -0.01)
[controller_server-1] [INFO] [1783273256.225134182] [controller_server]: Received a goal, begin computing control effort.
[controller_server-1] [INFO] [1783273256.225336814] [controller_server]: Reached the goal!
[bt_navigator-4] [INFO] [1783273256.265205713] [bt_navigator]: Goal succeeded
[bt_navigator-4] [INFO] [1783273260.323418141] [bt_navigator]: Begin navigating from current location (1.20, -0.00) to (-2.55, -4.12)
[controller_server-1] [INFO] [1783273260.344267856] [controller_server]: Received a goal, begin computing control effort.
[controller_server-1] [ERROR] [1783273260.495581732] [transformPoseInTargetFrame]: Extrapolation Error looking up target frame: Lookup would require extrapolation into the future.  Requested time 60.244000 but the latest data is at time 60.222000, when looking up transform from frame [map] to frame [leo1/base_link]
[controller_server-1] 
[controller_server-1] [WARN] [1783273260.496338625] [controller_server]: Control loop missed its desired rate of 20.0000Hz
[controller_server-1] [INFO] [1783273261.411737123] [controller_server]: Passing new path to controller.
[controller_server-1] [ERROR] [1783273261.513187796] [transformPoseInTargetFrame]: Extrapolation Error looking up target frame: Lookup would require extrapolation into the future.  Requested time 61.247000 but the latest data is at time 61.222000, when looking up transform from frame [map] to frame [leo1/base_link]
[controller_server-1] 
[controller_server-1] [WARN] [1783273261.513968647] [controller_server]: Control loop missed its desired rate of 20.0000Hz
[controller_server-1] [INFO] [1783273262.446417268] [controller_server]: Passing new path to controller.
[controller_server-1] [WARN] [1783273262.547721530] [controller_server]: Control loop missed its desired rate of 20.0000Hz
[controller_server-1] [ERROR] [1783273262.721249912] [transformPoseInTargetFrame]: Extrapolation Error looking up target frame: Lookup would require extrapolation into the future.  Requested time 62.435000 but the latest data is at time 62.422000, when looking up transform from frame [map] to frame [leo1/base_link]
[controller_server-1] 
[controller_server-1] [WARN] [1783273262.722516960] [controller_server]: Control loop missed its desired rate of 20.0000Hz
[controller_server-1] [INFO] [1783273263.455984673] [controller_server]: Passing new path to controller.
[controller_server-1] [ERROR] [1783273263.557495732] [transformPoseInTargetFrame]: Extrapolation Error looking up target frame: Lookup would require extrapolation into the future.  Requested time 63.248000 but the latest data is at time 63.222000, when looking up transform from frame [map] to frame [leo1/base_link]
[controller_server-1] 
[controller_server-1] [WARN] [1783273263.558772040] [controller_server]: Control loop missed its desired rate of 20.0000Hz
[controller_server-1] [INFO] [1783273264.479673428] [controller_server]: Passing new path to controller.
[controller_server-1] [ERROR] [1783273264.581033167] [transformPoseInTargetFrame]: Extrapolation Error looking up target frame: Lookup would require extrapolation into the future.  Requested time 64.254000 but the latest data is at time 64.222000, when looking up transform from frame [map] to frame [leo1/base_link]
[controller_server-1] 
[controller_server-1] [WARN] [1783273264.582060107] [controller_server]: Control loop missed its desired rate of 20.0000Hz
[controller_server-1] [INFO] [1783273265.508855586] [controller_server]: Passing new path to controller.
[controller_server-1] [WARN] [1783273265.600204864] [controller_server]: Control loop missed its desired rate of 20.0000Hz
[controller_server-1] [WARN] [1783273265.622136531] [controller_server]: Control loop missed its desired rate of 20.0000Hz
[controller_server-1] [WARN] [1783273265.799928074] [controller_server]: Control loop missed its desired rate of 20.0000Hz
[controller_server-1] [WARN] [1783273265.821934486] [controller_server]: Control loop missed its desired rate of 20.0000Hz
[controller_server-1] [WARN] [1783273266.000003286] [controller_server]: Control loop missed its desired rate of 20.0000Hz
[controller_server-1] [WARN] [1783273266.011810775] [controller_server]: Control loop missed its desired rate of 20.0000Hz
[controller_server-1] [WARN] [1783273266.200067533] [controller_server]: Control loop missed its desired rate of 20.0000Hz
[controller_server-1] [WARN] [1783273266.212389484] [controller_server]: Control loop missed its desired rate of 20.0000Hz
[controller_server-1] [WARN] [1783273266.410162123] [controller_server]: Control loop missed its desired rate of 20.0000Hz
[controller_server-1] [ERROR] [1783273266.583252520] [transformPoseInTargetFrame]: Extrapolation Error looking up target frame: Lookup would require extrapolation into the future.  Requested time 66.230000 but the latest data is at time 66.222000, when looking up transform from frame [map] to frame [leo1/base_link]
[controller_server-1] 
[controller_server-1] [WARN] [1783273266.584018531] [controller_server]: Control loop missed its desired rate of 20.0000Hz
[controller_server-1] [INFO] [1783273266.584039940] [controller_server]: Passing new path to controller.
[controller_server-1] [WARN] [1783273266.811483253] [controller_server]: Control loop missed its desired rate of 20.0000Hz
[controller_server-1] [WARN] [1783273267.014527550] [controller_server]: Control loop missed its desired rate of 20.0000Hz
[controller_server-1] [ERROR] [1783273267.212669720] [transformPoseInTargetFrame]: Extrapolation Error looking up target frame: Lookup would require extrapolation into the future.  Requested time 66.850000 but the latest data is at time 66.822000, when looking up transform from frame [map] to frame [leo1/base_link]
[controller_server-1] 
[controller_server-1] [WARN] [1783273267.213990613] [controller_server]: Control loop missed its desired rate of 20.0000Hz
[controller_server-1] [INFO] [1783273267.573287795] [controller_server]: Passing new path to controller.
[controller_server-1] [ERROR] [1783273267.815194483] [transformPoseInTargetFrame]: Extrapolation Error looking up target frame: Lookup would require extrapolation into the future.  Requested time 67.443000 but the latest data is at time 67.422000, when looking up transform from frame [map] to frame [leo1/base_link]
[controller_server-1] 
[controller_server-1] [WARN] [1783273267.815883357] [controller_server]: Control loop missed its desired rate of 20.0000Hz
[controller_server-1] [INFO] [1783273268.631964846] [controller_server]: Passing new path to controller.
[controller_server-1] [WARN] [1783273268.854302946] [controller_server]: Control loop missed its desired rate of 20.0000Hz
[controller_server-1] [WARN] [1783273268.874672432] [controller_server]: Control loop missed its desired rate of 20.0000Hz
[controller_server-1] [ERROR] [1783273269.067273691] [transformPoseInTargetFrame]: Extrapolation Error looking up target frame: Lookup would require extrapolation into the future.  Requested time 68.679000 but the latest data is at time 68.642000, when looking up transform from frame [map] to frame [leo1/base_link]
[controller_server-1] 
[controller_server-1] [WARN] [1783273269.068426418] [controller_server]: Control loop missed its desired rate of 20.0000Hz
[controller_server-1] [INFO] [1783273269.628685420] [controller_server]: Passing new path to controller.
[controller_server-1] [WARN] [1783273269.859578909] [controller_server]: Control loop missed its desired rate of 20.0000Hz
[controller_server-1] [WARN] [1783273269.879916383] [controller_server]: Control loop missed its desired rate of 20.0000Hz
[controller_server-1] [ERROR] [1783273270.029780929] [transformPoseInTargetFrame]: Extrapolation Error looking up target frame: Lookup would require extrapolation into the future.  Requested time 69.623000 but the latest data is at time 69.622000, when looking up transform from frame [map] to frame [leo1/base_link]
[controller_server-1] 
[controller_server-1] [WARN] [1783273270.030485575] [controller_server]: Control loop missed its desired rate of 20.0000Hz
[controller_server-1] [INFO] [1783273270.693001729] [controller_server]: Passing new path to controller.
[controller_server-1] [ERROR] [1783273270.864823438] [transformPoseInTargetFrame]: Extrapolation Error looking up target frame: Lookup would require extrapolation into the future.  Requested time 70.455000 but the latest data is at time 70.422000, when looking up transform from frame [map] to frame [leo1/base_link]
[controller_server-1] 
[controller_server-1] [WARN] [1783273270.865580494] [controller_server]: Control loop missed its desired rate of 20.0000Hz
[controller_server-1] [INFO] [1783273271.680574640] [controller_server]: Passing new path to controller.
[controller_server-1] [ERROR] [1783273271.881835565] [transformPoseInTargetFrame]: Extrapolation Error looking up target frame: Lookup would require extrapolation into the future.  Requested time 71.455000 but the latest data is at time 71.422000, when looking up transform from frame [map] to frame [leo1/base_link]
[controller_server-1] 
[controller_server-1] [WARN] [1783273271.882627030] [controller_server]: Control loop missed its desired rate of 20.0000Hz
[controller_server-1] [INFO] [1783273272.748412702] [controller_server]: Passing new path to controller.
[controller_server-1] [WARN] [1783273272.920248934] [controller_server]: Control loop missed its desired rate of 20.0000Hz
[controller_server-1] [WARN] [1783273273.113801131] [controller_server]: Control loop missed its desired rate of 20.0000Hz
[controller_server-1] [ERROR] [1783273273.283911466] [transformPoseInTargetFrame]: Extrapolation Error looking up target frame: Lookup would require extrapolation into the future.  Requested time 72.839000 but the latest data is at time 72.822000, when looking up transform from frame [map] to frame [leo1/base_link]
[controller_server-1] 
[controller_server-1] [WARN] [1783273273.284637300] [controller_server]: Control loop missed its desired rate of 20.0000Hz
[controller_server-1] [INFO] [1783273273.743061768] [controller_server]: Passing new path to controller.
[controller_server-1] [ERROR] [1783273273.904715148] [transformPoseInTargetFrame]: Extrapolation Error looking up target frame: Lookup would require extrapolation into the future.  Requested time 73.456000 but the latest data is at time 73.442000, when looking up transform from frame [map] to frame [leo1/base_link]
[controller_server-1] 
[controller_server-1] [WARN] [1783273273.905429977] [controller_server]: Control loop missed its desired rate of 20.0000Hz
[controller_server-1] [INFO] [1783273274.784721215] [controller_server]: Passing new path to controller.
[controller_server-1] [ERROR] [1783273274.886047240] [transformPoseInTargetFrame]: Extrapolation Error looking up target frame: Lookup would require extrapolation into the future.  Requested time 74.423000 but the latest data is at time 74.422000, when looking up transform from frame [map] to frame [leo1/base_link]
[controller_server-1] 
[controller_server-1] [WARN] [1783273274.887069429] [controller_server]: Control loop missed its desired rate of 20.0000Hz
[controller_server-1] [INFO] [1783273275.802351423] [controller_server]: Passing new path to controller.
[controller_server-1] [ERROR] [1783273275.903599376] [transformPoseInTargetFrame]: Extrapolation Error looking up target frame: Lookup would require extrapolation into the future.  Requested time 75.427000 but the latest data is at time 75.422000, when looking up transform from frame [map] to frame [leo1/base_link]
[controller_server-1] 
[controller_server-1] [WARN] [1783273275.904282428] [controller_server]: Control loop missed its desired rate of 20.0000Hz
[controller_server-1] [INFO] [1783273276.837186907] [controller_server]: Passing new path to controller.
[controller_server-1] [WARN] [1783273276.938479517] [controller_server]: Control loop missed its desired rate of 20.0000Hz
[controller_server-1] [WARN] [1783273277.140123563] [controller_server]: Control loop missed its desired rate of 20.0000Hz
[controller_server-1] [WARN] [1783273277.339724291] [controller_server]: Control loop missed its desired rate of 20.0000Hz
[controller_server-1] [WARN] [1783273277.541268192] [controller_server]: Control loop missed its desired rate of 20.0000Hz
[controller_server-1] [ERROR] [1783273277.740971511] [transformPoseInTargetFrame]: Extrapolation Error looking up target frame: Lookup would require extrapolation into the future.  Requested time 77.249000 but the latest data is at time 77.222000, when looking up transform from frame [map] to frame [leo1/base_link]
[controller_server-1] 
[controller_server-1] [WARN] [1783273277.741650782] [controller_server]: Control loop missed its desired rate of 20.0000Hz
[controller_server-1] [INFO] [1783273277.894232146] [controller_server]: Passing new path to controller.
[controller_server-1] [ERROR] [1783273278.143000030] [transformPoseInTargetFrame]: Extrapolation Error looking up target frame: Lookup would require extrapolation into the future.  Requested time 77.647000 but the latest data is at time 77.642000, when looking up transform from frame [map] to frame [leo1/base_link]
[controller_server-1] 
[controller_server-1] [WARN] [1783273278.143875716] [controller_server]: Control loop missed its desired rate of 20.0000Hz
[controller_server-1] [INFO] [1783273278.906833403] [controller_server]: Passing new path to controller.
[controller_server-1] [ERROR] [1783273279.145079017] [transformPoseInTargetFrame]: Extrapolation Error looking up target frame: Lookup would require extrapolation into the future.  Requested time 78.644000 but the latest data is at time 78.642000, when looking up transform from frame [map] to frame [leo1/base_link]
[controller_server-1] 
[controller_server-1] [WARN] [1783273279.145826199] [controller_server]: Control loop missed its desired rate of 20.0000Hz
[controller_server-1] [INFO] [1783273279.960880096] [controller_server]: Passing new path to controller.
[controller_server-1] [WARN] [1783273280.163640054] [controller_server]: Control loop missed its desired rate of 20.0000Hz
[controller_server-1] [ERROR] [1783273280.346974612] [transformPoseInTargetFrame]: Extrapolation Error looking up target frame: Lookup would require extrapolation into the future.  Requested time 79.836000 but the latest data is at time 79.822000, when looking up transform from frame [map] to frame [leo1/base_link]
[controller_server-1] 
[controller_server-1] [WARN] [1783273280.348236365] [controller_server]: Control loop missed its desired rate of 20.0000Hz
[controller_server-1] [INFO] [1783273280.959887856] [controller_server]: Passing new path to controller.
[controller_server-1] [INFO] [1783273281.997804234] [controller_server]: Passing new path to controller.
[controller_server-1] [INFO] [1783273283.048327782] [controller_server]: Passing new path to controller.
[controller_server-1] [ERROR] [1783273283.149640939] [transformPoseInTargetFrame]: Extrapolation Error looking up target frame: Lookup would require extrapolation into the future.  Requested time 82.626000 but the latest data is at time 82.622000, when looking up transform from frame [map] to frame [leo1/base_link]
[controller_server-1] 
[controller_server-1] [WARN] [1783273283.150362815] [controller_server]: Control loop missed its desired rate of 20.0000Hz
[controller_server-1] [INFO] [1783273284.065359717] [controller_server]: Passing new path to controller.
[controller_server-1] [ERROR] [1783273284.166771458] [transformPoseInTargetFrame]: Extrapolation Error looking up target frame: Lookup would require extrapolation into the future.  Requested time 83.637000 but the latest data is at time 83.622000, when looking up transform from frame [map] to frame [leo1/base_link]
[controller_server-1] 
[controller_server-1] [WARN] [1783273284.167501227] [controller_server]: Control loop missed its desired rate of 20.0000Hz
[bt_navigator-4] [INFO] [1783273284.531978485] [bt_navigator]: Received goal preemption request
[bt_navigator-4] [INFO] [1783273284.532509915] [bt_navigator]: Begin navigating from current location (0.76, -0.57) to (-5.50, -4.02)
[controller_server-1] [INFO] [1783273285.100445636] [controller_server]: Passing new path to controller.
[controller_server-1] [WARN] [1783273285.192324081] [controller_server]: Control loop missed its desired rate of 20.0000Hz
[controller_server-1] [INFO] [1783273286.100440068] [controller_server]: Passing new path to controller.
[controller_server-1] [WARN] [1783273286.202449748] [controller_server]: Control loop missed its desired rate of 20.0000Hz
[planner_server-2] [INFO] [1783273286.664701422] [global_costmap.global_costmap]: StaticLayer: Resizing costmap to 256 X 279 at 0.050000 m/pix
[controller_server-1] [INFO] [1783273287.169806270] [controller_server]: Passing new path to controller.
[controller_server-1] [INFO] [1783273288.152545860] [controller_server]: Passing new path to controller.
[controller_server-1] [WARN] [1783273288.234277757] [controller_server]: Control loop missed its desired rate of 20.0000Hz
[controller_server-1] [INFO] [1783273289.202535187] [controller_server]: Passing new path to controller.
[controller_server-1] [INFO] [1783273290.252532533] [controller_server]: Passing new path to controller.
[planner_server-2] [INFO] [1783273290.664678276] [global_costmap.global_costmap]: StaticLayer: Resizing costmap to 261 X 279 at 0.050000 m/pix
[controller_server-1] [INFO] [1783273291.252544690] [controller_server]: Passing new path to controller.
[planner_server-2] [INFO] [1783273291.664687498] [global_costmap.global_costmap]: StaticLayer: Resizing costmap to 271 X 279 at 0.050000 m/pix
[controller_server-1] [INFO] [1783273292.302549263] [controller_server]: Passing new path to controller.
[planner_server-2] [INFO] [1783273292.664674189] [global_costmap.global_costmap]: StaticLayer: Resizing costmap to 278 X 280 at 0.050000 m/pix
[controller_server-1] [INFO] [1783273293.312555076] [controller_server]: Passing new path to controller.
[controller_server-1] [INFO] [1783273294.362552642] [controller_server]: Passing new path to controller.
[controller_server-1] [ERROR] [1783273294.463850921] [transformPoseInTargetFrame]: Extrapolation Error looking up target frame: Lookup would require extrapolation into the future.  Requested time 93.848000 but the latest data is at time 93.822000, when looking up transform from frame [map] to frame [leo1/base_link]
[controller_server-1] 
[controller_server-1] [WARN] [1783273294.464489958] [controller_server]: Control loop missed its desired rate of 20.0000Hz
[controller_server-1] [INFO] [1783273295.379300638] [controller_server]: Passing new path to controller.
[controller_server-1] [WARN] [1783273295.481147483] [controller_server]: Control loop missed its desired rate of 20.0000Hz
[planner_server-2] [INFO] [1783273295.674719940] [global_costmap.global_costmap]: StaticLayer: Resizing costmap to 278 X 280 at 0.050000 m/pix
[controller_server-1] [INFO] [1783273296.414596170] [controller_server]: Passing new path to controller.
[controller_server-1] [WARN] [1783273296.497372696] [controller_server]: Control loop missed its desired rate of 20.0000Hz
[bt_navigator-4] [INFO] [1783273296.601884652] [bt_navigator]: Received goal preemption request
[bt_navigator-4] [INFO] [1783273296.602430530] [bt_navigator]: Begin navigating from current location (-1.89, -1.74) to (4.64, -5.88)
[planner_server-2] [INFO] [1783273296.674700056] [global_costmap.global_costmap]: StaticLayer: Resizing costmap to 278 X 280 at 0.050000 m/pix
[controller_server-1] [INFO] [1783273297.464610752] [controller_server]: Passing new path to controller.
[controller_server-1] [ERROR] [1783273297.665741714] [transformPoseInTargetFrame]: Extrapolation Error looking up target frame: Lookup would require extrapolation into the future.  Requested time 97.036000 but the latest data is at time 97.022000, when looking up transform from frame [map] to frame [leo1/base_link]
[controller_server-1] 
[controller_server-1] [WARN] [1783273297.666417446] [controller_server]: Control loop missed its desired rate of 20.0000Hz
[planner_server-2] [INFO] [1783273297.674712602] [global_costmap.global_costmap]: StaticLayer: Resizing costmap to 279 X 280 at 0.050000 m/pix
[controller_server-1] [INFO] [1783273298.479334652] [controller_server]: Passing new path to controller.
[controller_server-1] [WARN] [1783273298.691450609] [controller_server]: Control loop missed its desired rate of 20.0000Hz
[controller_server-1] [ERROR] [1783273298.867640352] [transformPoseInTargetFrame]: Extrapolation Error looking up target frame: Lookup would require extrapolation into the future.  Requested time 98.230000 but the latest data is at time 98.222000, when looking up transform from frame [map] to frame [leo1/base_link]
[controller_server-1] 
[controller_server-1] [WARN] [1783273298.868310731] [controller_server]: Control loop missed its desired rate of 20.0000Hz
[controller_server-1] [INFO] [1783273299.529779449] [controller_server]: Passing new path to controller.
[controller_server-1] [WARN] [1783273299.701587458] [controller_server]: Control loop missed its desired rate of 20.0000Hz
[controller_server-1] [WARN] [1783273299.919599714] [controller_server]: Control loop missed its desired rate of 20.0000Hz
[controller_server-1] [ERROR] [1783273300.081122648] [transformPoseInTargetFrame]: Extrapolation Error looking up target frame: Lookup would require extrapolation into the future.  Requested time 99.432000 but the latest data is at time 99.422000, when looking up transform from frame [map] to frame [leo1/base_link]
[controller_server-1] 
[controller_server-1] [WARN] [1783273300.081881187] [controller_server]: Control loop missed its desired rate of 20.0000Hz
[controller_server-1] [INFO] [1783273300.519689666] [controller_server]: Passing new path to controller.
[controller_server-1] [WARN] [1783273300.710767365] [controller_server]: Control loop missed its desired rate of 20.0000Hz
[controller_server-1] [WARN] [1783273300.731082761] [controller_server]: Control loop missed its desired rate of 20.0000Hz
[controller_server-1] [WARN] [1783273300.900751073] [controller_server]: Control loop missed its desired rate of 20.0000Hz
[controller_server-1] [WARN] [1783273300.921175260] [controller_server]: Control loop missed its desired rate of 20.0000Hz
[controller_server-1] [WARN] [1783273301.110802604] [controller_server]: Control loop missed its desired rate of 20.0000Hz
[controller_server-1] [WARN] [1783273301.121119078] [controller_server]: Control loop missed its desired rate of 20.0000Hz
[controller_server-1] [WARN] [1783273301.310721807] [controller_server]: Control loop missed its desired rate of 20.0000Hz
[controller_server-1] [WARN] [1783273301.321065900] [controller_server]: Control loop missed its desired rate of 20.0000Hz
[controller_server-1] [WARN] [1783273301.510890936] [controller_server]: Control loop missed its desired rate of 20.0000Hz
[controller_server-1] [WARN] [1783273301.521202057] [controller_server]: Control loop missed its desired rate of 20.0000Hz
[controller_server-1] [INFO] [1783273301.569688555] [controller_server]: Passing new path to controller.
[controller_server-1] [WARN] [1783273301.720957067] [controller_server]: Control loop missed its desired rate of 20.0000Hz
[controller_server-1] [ERROR] [1783273301.892494106] [transformPoseInTargetFrame]: Extrapolation Error looking up target frame: Lookup would require extrapolation into the future.  Requested time 101.232000 but the latest data is at time 101.222000, when looking up transform from frame [map] to frame [leo1/base_link]
[controller_server-1] 
[controller_server-1] [WARN] [1783273301.893192567] [controller_server]: Control loop missed its desired rate of 20.0000Hz
[controller_server-1] [INFO] [1783273302.621045727] [controller_server]: Passing new path to controller.
[controller_server-1] [WARN] [1783273302.722482910] [controller_server]: Control loop missed its desired rate of 20.0000Hz
[controller_server-1] [WARN] [1783273302.924054081] [controller_server]: Control loop missed its desired rate of 20.0000Hz
[controller_server-1] [WARN] [1783273303.123796937] [controller_server]: Control loop missed its desired rate of 20.0000Hz
[controller_server-1] [WARN] [1783273303.325536747] [controller_server]: Control loop missed its desired rate of 20.0000Hz
[controller_server-1] [WARN] [1783273303.524989056] [controller_server]: Control loop missed its desired rate of 20.0000Hz
[controller_server-1] [INFO] [1783273303.645606931] [controller_server]: Passing new path to controller.
[controller_server-1] [WARN] [1783273303.726728287] [controller_server]: Control loop missed its desired rate of 20.0000Hz
[controller_server-1] [WARN] [1783273303.926272959] [controller_server]: Control loop missed its desired rate of 20.0000Hz
[controller_server-1] [WARN] [1783273304.127927379] [controller_server]: Control loop missed its desired rate of 20.0000Hz
[controller_server-1] [WARN] [1783273304.327557641] [controller_server]: Control loop missed its desired rate of 20.0000Hz
[controller_server-1] [WARN] [1783273304.529296061] [controller_server]: Control loop missed its desired rate of 20.0000Hz
[controller_server-1] [ERROR] [1783273304.728811767] [transformPoseInTargetFrame]: Extrapolation Error looking up target frame: Lookup would require extrapolation into the future.  Requested time 104.052000 but the latest data is at time 104.022000, when looking up transform from frame [map] to frame [leo1/base_link]
[controller_server-1] 
[controller_server-1] [WARN] [1783273304.729645170] [controller_server]: Control loop missed its desired rate of 20.0000Hz
[controller_server-1] [INFO] [1783273304.729670819] [controller_server]: Passing new path to controller.
[controller_server-1] [ERROR] [1783273304.901431127] [transformPoseInTargetFrame]: Extrapolation Error looking up target frame: Lookup would require extrapolation into the future.  Requested time 104.225000 but the latest data is at time 104.222000, when looking up transform from frame [map] to frame [leo1/base_link]
[controller_server-1] 
[controller_server-1] [WARN] [1783273304.902680459] [controller_server]: Control loop missed its desired rate of 20.0000Hz
[controller_server-1] [INFO] [1783273305.679747801] [controller_server]: Passing new path to controller.
[controller_server-1] [WARN] [1783273305.740636112] [controller_server]: Control loop missed its desired rate of 20.0000Hz
[controller_server-1] [ERROR] [1783273305.930903250] [transformPoseInTargetFrame]: Extrapolation Error looking up target frame: Lookup would require extrapolation into the future.  Requested time 105.243000 but the latest data is at time 105.222000, when looking up transform from frame [map] to frame [leo1/base_link]
[controller_server-1] 
[controller_server-1] [WARN] [1783273305.931592654] [controller_server]: Control loop missed its desired rate of 20.0000Hz
[controller_server-1] [INFO] [1783273306.693232996] [controller_server]: Passing new path to controller.
[controller_server-1] [ERROR] [1783273306.932742424] [transformPoseInTargetFrame]: Extrapolation Error looking up target frame: Lookup would require extrapolation into the future.  Requested time 106.239000 but the latest data is at time 106.222000, when looking up transform from frame [map] to frame [leo1/base_link]
[controller_server-1] 
[controller_server-1] [WARN] [1783273306.933444268] [controller_server]: Control loop missed its desired rate of 20.0000Hz
[controller_server-1] [INFO] [1783273307.746325729] [controller_server]: Passing new path to controller.
[controller_server-1] [ERROR] [1783273307.928625048] [transformPoseInTargetFrame]: Extrapolation Error looking up target frame: Lookup would require extrapolation into the future.  Requested time 107.226000 but the latest data is at time 107.222000, when looking up transform from frame [map] to frame [leo1/base_link]
[controller_server-1] 
[controller_server-1] [WARN] [1783273307.929709466] [controller_server]: Control loop missed its desired rate of 20.0000Hz
[bt_navigator-4] [INFO] [1783273308.671876105] [bt_navigator]: Received goal preemption request
[bt_navigator-4] [INFO] [1783273308.672385890] [bt_navigator]: Begin navigating from current location (-2.10, -1.86) to (-5.78, 1.22)
[controller_server-1] [INFO] [1783273308.783534662] [controller_server]: Passing new path to controller.
[controller_server-1] [ERROR] [1783273308.934700970] [transformPoseInTargetFrame]: Extrapolation Error looking up target frame: Lookup would require extrapolation into the future.  Requested time 108.226000 but the latest data is at time 108.222000, when looking up transform from frame [map] to frame [leo1/base_link]
[controller_server-1] 
[controller_server-1] [WARN] [1783273308.935981908] [controller_server]: Control loop missed its desired rate of 20.0000Hz
[controller_server-1] [INFO] [1783273309.801149128] [controller_server]: Passing new path to controller.
[controller_server-1] [WARN] [1783273309.962837720] [controller_server]: Control loop missed its desired rate of 20.0000Hz
[controller_server-1] [WARN] [1783273310.167163806] [controller_server]: Control loop missed its desired rate of 20.0000Hz
[controller_server-1] [WARN] [1783273310.377294150] [controller_server]: Control loop missed its desired rate of 20.0000Hz
[controller_server-1] [WARN] [1783273310.399753289] [controller_server]: Control loop missed its desired rate of 20.0000Hz
[controller_server-1] [WARN] [1783273310.577291720] [controller_server]: Control loop missed its desired rate of 20.0000Hz
[controller_server-1] [WARN] [1783273310.777279532] [controller_server]: Control loop missed its desired rate of 20.0000Hz
[controller_server-1] [WARN] [1783273310.799500061] [controller_server]: Control loop missed its desired rate of 20.0000Hz
[controller_server-1] [INFO] [1783273310.836067431] [controller_server]: Passing new path to controller.
[controller_server-1] [WARN] [1783273310.977205992] [controller_server]: Control loop missed its desired rate of 20.0000Hz
[controller_server-1] [WARN] [1783273310.989529246] [controller_server]: Control loop missed its desired rate of 20.0000Hz
[controller_server-1] [WARN] [1783273311.187273947] [controller_server]: Control loop missed its desired rate of 20.0000Hz
[controller_server-1] [ERROR] [1783273311.360566029] [transformPoseInTargetFrame]: Extrapolation Error looking up target frame: Lookup would require extrapolation into the future.  Requested time 110.637000 but the latest data is at time 110.622000, when looking up transform from frame [map] to frame [leo1/base_link]
[controller_server-1] 
[controller_server-1] [WARN] [1783273311.361512669] [controller_server]: Control loop missed its desired rate of 20.0000Hz
[controller_server-1] [INFO] [1783273311.887355757] [controller_server]: Passing new path to controller.
[controller_server-1] [WARN] [1783273311.988755346] [controller_server]: Control loop missed its desired rate of 20.0000Hz
[controller_server-1] [ERROR] [1783273312.162084530] [transformPoseInTargetFrame]: Extrapolation Error looking up target frame: Lookup would require extrapolation into the future.  Requested time 111.433000 but the latest data is at time 111.422000, when looking up transform from frame [map] to frame [leo1/base_link]
[controller_server-1] 
[controller_server-1] [WARN] [1783273312.163371525] [controller_server]: Control loop missed its desired rate of 20.0000Hz
[controller_server-1] [INFO] [1783273312.888870545] [controller_server]: Passing new path to controller.
[controller_server-1] [WARN] [1783273312.990182682] [controller_server]: Control loop missed its desired rate of 20.0000Hz
[controller_server-1] [WARN] [1783273313.193601846] [controller_server]: Control loop missed its desired rate of 20.0000Hz
[controller_server-1] [WARN] [1783273313.391481748] [controller_server]: Control loop missed its desired rate of 20.0000Hz
[controller_server-1] [WARN] [1783273313.595721618] [controller_server]: Control loop missed its desired rate of 20.0000Hz
[controller_server-1] [WARN] [1783273313.792689005] [controller_server]: Control loop missed its desired rate of 20.0000Hz
[controller_server-1] [INFO] [1783273313.915016775] [controller_server]: Passing new path to controller.
[controller_server-1] [WARN] [1783273313.996081397] [controller_server]: Control loop missed its desired rate of 20.0000Hz
[controller_server-1] [WARN] [1783273314.194001850] [controller_server]: Control loop missed its desired rate of 20.0000Hz
[controller_server-1] [WARN] [1783273314.407481945] [controller_server]: Control loop missed its desired rate of 20.0000Hz
[controller_server-1] [WARN] [1783273314.595356575] [controller_server]: Control loop missed its desired rate of 20.0000Hz
[controller_server-1] [WARN] [1783273314.801178094] [controller_server]: Control loop missed its desired rate of 20.0000Hz
[controller_server-1] [ERROR] [1783273314.996619548] [transformPoseInTargetFrame]: Extrapolation Error looking up target frame: Lookup would require extrapolation into the future.  Requested time 114.248000 but the latest data is at time 114.242000, when looking up transform from frame [map] to frame [leo1/base_link]
[controller_server-1] 
[controller_server-1] [WARN] [1783273314.998173333] [controller_server]: Control loop missed its desired rate of 20.0000Hz
[controller_server-1] [INFO] [1783273314.998217186] [controller_server]: Passing new path to controller.
[controller_server-1] [WARN] [1783273315.203654458] [controller_server]: Control loop missed its desired rate of 20.0000Hz
[controller_server-1] [ERROR] [1783273315.399479835] [transformPoseInTargetFrame]: Extrapolation Error looking up target frame: Lookup would require extrapolation into the future.  Requested time 114.646000 but the latest data is at time 114.622000, when looking up transform from frame [map] to frame [leo1/base_link]
[controller_server-1] 
[controller_server-1] [WARN] [1783273315.400188412] [controller_server]: Control loop missed its desired rate of 20.0000Hz
[controller_server-1] [INFO] [1783273316.012079781] [controller_server]: Passing new path to controller.
[controller_server-1] [WARN] [1783273316.213810644] [controller_server]: Control loop missed its desired rate of 20.0000Hz
[controller_server-1] [ERROR] [1783273316.401313681] [transformPoseInTargetFrame]: Extrapolation Error looking up target frame: Lookup would require extrapolation into the future.  Requested time 115.643000 but the latest data is at time 115.622000, when looking up transform from frame [map] to frame [leo1/base_link]
[controller_server-1] 
[controller_server-1] [WARN] [1783273316.402066103] [controller_server]: Control loop missed its desired rate of 20.0000Hz
[controller_server-1] [INFO] [1783273317.015634649] [controller_server]: Passing new path to controller.
[controller_server-1] [WARN] [1783273317.217370852] [controller_server]: Control loop missed its desired rate of 20.0000Hz
[controller_server-1] [ERROR] [1783273317.403191881] [transformPoseInTargetFrame]: Extrapolation Error looking up target frame: Lookup would require extrapolation into the future.  Requested time 116.642000 but the latest data is at time 116.622000, when looking up transform from frame [map] to frame [leo1/base_link]
[controller_server-1] 
[controller_server-1] [WARN] [1783273317.403884650] [controller_server]: Control loop missed its desired rate of 20.0000Hz
[controller_server-1] [INFO] [1783273318.066836202] [controller_server]: Passing new path to controller.
[controller_server-1] [WARN] [1783273318.218279997] [controller_server]: Control loop missed its desired rate of 20.0000Hz
[controller_server-1] [ERROR] [1783273318.405131426] [transformPoseInTargetFrame]: Extrapolation Error looking up target frame: Lookup would require extrapolation into the future.  Requested time 117.637000 but the latest data is at time 117.622000, when looking up transform from frame [map] to frame [leo1/base_link]
[controller_server-1] 
[controller_server-1] [WARN] [1783273318.405916921] [controller_server]: Control loop missed its desired rate of 20.0000Hz
[controller_server-1] [INFO] [1783273319.069023223] [controller_server]: Passing new path to controller.
[controller_server-1] [ERROR] [1783273319.230990669] [transformPoseInTargetFrame]: Extrapolation Error looking up target frame: Lookup would require extrapolation into the future.  Requested time 118.458000 but the latest data is at time 118.422000, when looking up transform from frame [map] to frame [leo1/base_link]
[controller_server-1] 
[controller_server-1] [WARN] [1783273319.231721907] [controller_server]: Control loop missed its desired rate of 20.0000Hz
[controller_server-1] [INFO] [1783273320.105995858] [controller_server]: Passing new path to controller.
[controller_server-1] [ERROR] [1783273320.106229497] [controller_server]: Failed to make progress
[controller_server-1] [WARN] [1783273320.106336393] [controller_server]: [follow_path] [ActionServer] Aborting handle.
[controller_server-1] [INFO] [1783273320.131937012] [local_costmap.local_costmap]: Received request to clear entirely the local_costmap
[controller_server-1] [INFO] [1783273320.132730641] [controller_server]: Received a goal, begin computing control effort.
[controller_server-1] [WARN] [1783273320.243817468] [controller_server]: Control loop missed its desired rate of 20.0000Hz
[controller_server-1] [ERROR] [1783273320.415371675] [transformPoseInTargetFrame]: Extrapolation Error looking up target frame: Lookup would require extrapolation into the future.  Requested time 119.636000 but the latest data is at time 119.622000, when looking up transform from frame [map] to frame [leo1/base_link]
[controller_server-1] 
[controller_server-1] [WARN] [1783273320.417684902] [controller_server]: Control loop missed its desired rate of 20.0000Hz
[controller_server-1] [INFO] [1783273321.143901812] [controller_server]: Passing new path to controller.
[controller_server-1] [WARN] [1783273321.235223349] [controller_server]: Control loop missed its desired rate of 20.0000Hz
[controller_server-1] [WARN] [1783273321.246707402] [controller_server]: Control loop missed its desired rate of 20.0000Hz
[controller_server-1] [WARN] [1783273321.435059754] [controller_server]: Control loop missed its desired rate of 20.0000Hz
[controller_server-1] [WARN] [1783273321.447154204] [controller_server]: Control loop missed its desired rate of 20.0000Hz
[controller_server-1] [WARN] [1783273321.645049121] [controller_server]: Control loop missed its desired rate of 20.0000Hz
[controller_server-1] [WARN] [1783273322.046293112] [controller_server]: Control loop missed its desired rate of 20.0000Hz
[controller_server-1] [INFO] [1783273322.168509676] [controller_server]: Passing new path to controller.
[controller_server-1] [WARN] [1783273322.249650043] [controller_server]: Control loop missed its desired rate of 20.0000Hz
[controller_server-1] [ERROR] [1783273322.447507995] [transformPoseInTargetFrame]: Extrapolation Error looking up target frame: Lookup would require extrapolation into the future.  Requested time 121.658000 but the latest data is at time 121.622000, when looking up transform from frame [map] to frame [leo1/base_link]
[controller_server-1] 
[controller_server-1] [WARN] [1783273322.448393689] [controller_server]: Control loop missed its desired rate of 20.0000Hz
[controller_server-1] [INFO] [1783273323.173004527] [controller_server]: Passing new path to controller.
[controller_server-1] [WARN] [1783273323.265015175] [controller_server]: Control loop missed its desired rate of 20.0000Hz
[controller_server-1] [INFO] [1783273324.208297949] [controller_server]: Passing new path to controller.
[controller_server-1] [WARN] [1783273324.280045403] [controller_server]: Control loop missed its desired rate of 20.0000Hz
[controller_server-1] [INFO] [1783273325.258293101] [controller_server]: Passing new path to controller.
[planner_server-2] [INFO] [1783273325.684529438] [global_costmap.global_costmap]: StaticLayer: Resizing costmap to 279 X 280 at 0.050000 m/pix
[controller_server-1] [INFO] [1783273326.308292919] [controller_server]: Passing new path to controller.
[planner_server-2] [INFO] [1783273326.684511335] [global_costmap.global_costmap]: StaticLayer: Resizing costmap to 279 X 280 at 0.050000 m/pix
[controller_server-1] [INFO] [1783273327.308298940] [controller_server]: Passing new path to controller.
[controller_server-1] [INFO] [1783273328.358322991] [controller_server]: Passing new path to controller.
[bt_navigator-4] [INFO] [1783273328.851681453] [bt_navigator]: Received goal preemption request
[bt_navigator-4] [INFO] [1783273328.852219073] [bt_navigator]: Begin navigating from current location (-3.14, -1.15) to (-5.74, 2.32)
[controller_server-1] [INFO] [1783273329.358306883] [controller_server]: Passing new path to controller.
[controller_server-1] [INFO] [1783273330.408291462] [controller_server]: Passing new path to controller.
[planner_server-2] [INFO] [1783273330.684503846] [global_costmap.global_costmap]: StaticLayer: Resizing costmap to 279 X 280 at 0.050000 m/pix
[controller_server-1] [INFO] [1783273331.458318505] [controller_server]: Passing new path to controller.
[controller_server-1] [ERROR] [1783273331.559829242] [transformPoseInTargetFrame]: Extrapolation Error looking up target frame: Lookup would require extrapolation into the future.  Requested time 130.653000 but the latest data is at time 130.622000, when looking up transform from frame [map] to frame [leo1/base_link]
[controller_server-1] 
[controller_server-1] [WARN] [1783273331.560404542] [controller_server]: Control loop missed its desired rate of 20.0000Hz
[controller_server-1] [INFO] [1783273332.474246573] [controller_server]: Passing new path to controller.
[controller_server-1] [WARN] [1783273332.576493523] [controller_server]: Control loop missed its desired rate of 20.0000Hz
[controller_server-1] [INFO] [1783273333.510505438] [controller_server]: Passing new path to controller.
[controller_server-1] [WARN] [1783273333.582035143] [controller_server]: Control loop missed its desired rate of 20.0000Hz
[controller_server-1] [INFO] [1783273334.510517771] [controller_server]: Passing new path to controller.
[controller_server-1] [WARN] [1783273334.592241542] [controller_server]: Control loop missed its desired rate of 20.0000Hz
[controller_server-1] [INFO] [1783273335.560488105] [controller_server]: Passing new path to controller.
[controller_server-1] [INFO] [1783273336.610492500] [controller_server]: Passing new path to controller.
[controller_server-1] [INFO] [1783273337.610497493] [controller_server]: Passing new path to controller.
[controller_server-1] [INFO] [1783273338.660491860] [controller_server]: Passing new path to controller.
[controller_server-1] [INFO] [1783273339.660483593] [controller_server]: Passing new path to controller.
[controller_server-1] [INFO] [1783273340.710495504] [controller_server]: Passing new path to controller.
[controller_server-1] [ERROR] [1783273340.811775178] [transformPoseInTargetFrame]: Extrapolation Error looking up target frame: Lookup would require extrapolation into the future.  Requested time 139.836000 but the latest data is at time 139.822000, when looking up transform from frame [map] to frame [leo1/base_link]
[controller_server-1] 
[controller_server-1] [WARN] [1783273340.812134108] [controller_server]: Control loop missed its desired rate of 20.0000Hz
[bt_navigator-4] [INFO] [1783273340.981602281] [bt_navigator]: Received goal preemption request
[bt_navigator-4] [INFO] [1783273340.982104214] [bt_navigator]: Begin navigating from current location (-4.99, 1.28) to (4.75, 4.87)
[controller_server-1] [INFO] [1783273341.720916008] [controller_server]: Passing new path to controller.
[controller_server-1] [ERROR] [1783273341.822399714] [transformPoseInTargetFrame]: Extrapolation Error looking up target frame: Lookup would require extrapolation into the future.  Requested time 140.831000 but the latest data is at time 140.822000, when looking up transform from frame [map] to frame [leo1/base_link]
[controller_server-1] 
[controller_server-1] [WARN] [1783273341.823114466] [controller_server]: Control loop missed its desired rate of 20.0000Hz
[controller_server-1] [INFO] [1783273342.762209609] [controller_server]: Passing new path to controller.
[controller_server-1] [WARN] [1783273342.863572570] [controller_server]: Control loop missed its desired rate of 20.0000Hz
[controller_server-1] [ERROR] [1783273343.036833699] [transformPoseInTargetFrame]: Extrapolation Error looking up target frame: Lookup would require extrapolation into the future.  Requested time 142.036000 but the latest data is at time 142.022000, when looking up transform from frame [map] to frame [leo1/base_link]
[controller_server-1] 
[controller_server-1] [WARN] [1783273343.037580837] [controller_server]: Control loop missed its desired rate of 20.0000Hz
[controller_server-1] [INFO] [1783273343.813666090] [controller_server]: Passing new path to controller.
[controller_server-1] [WARN] [1783273343.864536566] [controller_server]: Control loop missed its desired rate of 20.0000Hz
[controller_server-1] [WARN] [1783273344.064797559] [controller_server]: Control loop missed its desired rate of 20.0000Hz
[controller_server-1] [WARN] [1783273344.466116840] [controller_server]: Control loop missed its desired rate of 20.0000Hz
[controller_server-1] [WARN] [1783273344.669227686] [controller_server]: Control loop missed its desired rate of 20.0000Hz
[controller_server-1] [WARN] [1783273344.858100006] [controller_server]: Control loop missed its desired rate of 20.0000Hz
[controller_server-1] [INFO] [1783273344.858153438] [controller_server]: Passing new path to controller.
[controller_server-1] [WARN] [1783273344.878737310] [controller_server]: Control loop missed its desired rate of 20.0000Hz
[controller_server-1] [WARN] [1783273345.068026680] [controller_server]: Control loop missed its desired rate of 20.0000Hz
[controller_server-1] [WARN] [1783273345.269833118] [controller_server]: Control loop missed its desired rate of 20.0000Hz
[controller_server-1] [WARN] [1783273345.469291893] [controller_server]: Control loop missed its desired rate of 20.0000Hz
[controller_server-1] [ERROR] [1783273345.691197485] [transformPoseInTargetFrame]: Extrapolation Error looking up target frame: Lookup would require extrapolation into the future.  Requested time 144.677000 but the latest data is at time 144.622000, when looking up transform from frame [map] to frame [leo1/base_link]
[controller_server-1] 
[controller_server-1] [WARN] [1783273345.691873619] [controller_server]: Control loop missed its desired rate of 20.0000Hz
[controller_server-1] [INFO] [1783273345.869401025] [controller_server]: Passing new path to controller.
[controller_server-1] [WARN] [1783273346.070745187] [controller_server]: Control loop missed its desired rate of 20.0000Hz
[controller_server-1] [WARN] [1783273346.272392661] [controller_server]: Control loop missed its desired rate of 20.0000Hz
[controller_server-1] [WARN] [1783273346.472074983] [controller_server]: Control loop missed its desired rate of 20.0000Hz
[controller_server-1] [WARN] [1783273346.673786833] [controller_server]: Control loop missed its desired rate of 20.0000Hz
[controller_server-1] [WARN] [1783273346.873529560] [controller_server]: Control loop missed its desired rate of 20.0000Hz
[controller_server-1] [INFO] [1783273346.873593870] [controller_server]: Passing new path to controller.
[controller_server-1] [WARN] [1783273347.077318090] [controller_server]: Control loop missed its desired rate of 20.0000Hz
[controller_server-1] [WARN] [1783273347.274754436] [controller_server]: Control loop missed its desired rate of 20.0000Hz
[controller_server-1] [WARN] [1783273347.476491048] [controller_server]: Control loop missed its desired rate of 20.0000Hz
[controller_server-1] [WARN] [1783273347.676033645] [controller_server]: Control loop missed its desired rate of 20.0000Hz
[controller_server-1] [WARN] [1783273347.877883688] [controller_server]: Control loop missed its desired rate of 20.0000Hz
[controller_server-1] [INFO] [1783273347.926122975] [controller_server]: Passing new path to controller.
[controller_server-1] [ERROR] [1783273348.077302105] [transformPoseInTargetFrame]: Extrapolation Error looking up target frame: Lookup would require extrapolation into the future.  Requested time 147.049000 but the latest data is at time 147.042000, when looking up transform from frame [map] to frame [leo1/base_link]
[controller_server-1] 
[controller_server-1] [WARN] [1783273348.077987541] [controller_server]: Control loop missed its desired rate of 20.0000Hz
[controller_server-1] [INFO] [1783273348.941128811] [controller_server]: Passing new path to controller.
[controller_server-1] [ERROR] [1783273349.113085920] [transformPoseInTargetFrame]: Extrapolation Error looking up target frame: Lookup would require extrapolation into the future.  Requested time 148.081000 but the latest data is at time 148.022000, when looking up transform from frame [map] to frame [leo1/base_link]
[controller_server-1] 
[controller_server-1] [WARN] [1783273349.113869135] [controller_server]: Control loop missed its desired rate of 20.0000Hz
[controller_server-1] [INFO] [1783273349.978063544] [controller_server]: Passing new path to controller.
[controller_server-1] [ERROR] [1783273350.079300457] [transformPoseInTargetFrame]: Extrapolation Error looking up target frame: Lookup would require extrapolation into the future.  Requested time 149.040000 but the latest data is at time 149.022000, when looking up transform from frame [map] to frame [leo1/base_link]
[controller_server-1] 
[controller_server-1] [WARN] [1783273350.079973151] [controller_server]: Control loop missed its desired rate of 20.0000Hz
[controller_server-1] [INFO] [1783273350.994550029] [controller_server]: Passing new path to controller.
[controller_server-1] [ERROR] [1783273351.095990612] [transformPoseInTargetFrame]: Extrapolation Error looking up target frame: Lookup would require extrapolation into the future.  Requested time 150.045000 but the latest data is at time 150.022000, when looking up transform from frame [map] to frame [leo1/base_link]
[controller_server-1] 
[controller_server-1] [WARN] [1783273351.096712797] [controller_server]: Control loop missed its desired rate of 20.0000Hz
[controller_server-1] [INFO] [1783273352.030046383] [controller_server]: Passing new path to controller.
[controller_server-1] [WARN] [1783273352.122145396] [controller_server]: Control loop missed its desired rate of 20.0000Hz
[controller_server-1] [INFO] [1783273353.086785402] [controller_server]: Passing new path to controller.
[controller_server-1] [WARN] [1783273353.138396031] [controller_server]: Control loop missed its desired rate of 20.0000Hz
[controller_server-1] [INFO] [1783273354.086794298] [controller_server]: Passing new path to controller.
[controller_server-1] [WARN] [1783273354.168956012] [controller_server]: Control loop missed its desired rate of 20.0000Hz
[controller_server-1] [INFO] [1783273355.136801455] [controller_server]: Passing new path to controller.
[controller_server-1] [INFO] [1783273356.136800299] [controller_server]: Passing new path to controller.
[controller_server-1] [WARN] [1783273356.209178238] [controller_server]: Control loop missed its desired rate of 20.0000Hz
[controller_server-1] [INFO] [1783273357.186786817] [controller_server]: Passing new path to controller.
[controller_server-1] [INFO] [1783273358.236778089] [controller_server]: Passing new path to controller.
[planner_server-2] [INFO] [1783273358.691260458] [global_costmap.global_costmap]: StaticLayer: Resizing costmap to 279 X 280 at 0.050000 m/pix
[controller_server-1] [INFO] [1783273359.236780721] [controller_server]: Passing new path to controller.
[controller_server-1] [INFO] [1783273360.286782717] [controller_server]: Passing new path to controller.
[controller_server-1] [INFO] [1783273361.286791375] [controller_server]: Passing new path to controller.
[controller_server-1] [INFO] [1783273362.336783246] [controller_server]: Passing new path to controller.
[controller_server-1] [ERROR] [1783273362.438132998] [transformPoseInTargetFrame]: Extrapolation Error looking up target frame: Lookup would require extrapolation into the future.  Requested time 161.226000 but the latest data is at time 161.222000, when looking up transform from frame [map] to frame [leo1/base_link]
[controller_server-1] 
[controller_server-1] [WARN] [1783273362.438865627] [controller_server]: Control loop missed its desired rate of 20.0000Hz
[controller_server-1] [INFO] [1783273363.359201139] [controller_server]: Passing new path to controller.
[controller_server-1] [INFO] [1783273364.388972062] [controller_server]: Passing new path to controller.
[controller_server-1] [ERROR] [1783273364.490327692] [transformPoseInTargetFrame]: Extrapolation Error looking up target frame: Lookup would require extrapolation into the future.  Requested time 163.245000 but the latest data is at time 163.222000, when looking up transform from frame [map] to frame [leo1/base_link]
[controller_server-1] 
[controller_server-1] [WARN] [1783273364.491097707] [controller_server]: Control loop missed its desired rate of 20.0000Hz
[controller_server-1] [INFO] [1783273365.408051609] [controller_server]: Passing new path to controller.
[controller_server-1] [ERROR] [1783273365.509426205] [transformPoseInTargetFrame]: Extrapolation Error looking up target frame: Lookup would require extrapolation into the future.  Requested time 164.249000 but the latest data is at time 164.222000, when looking up transform from frame [map] to frame [leo1/base_link]
[controller_server-1] 
[controller_server-1] [WARN] [1783273365.510105173] [controller_server]: Control loop missed its desired rate of 20.0000Hz
[controller_server-1] [ERROR] [1783273366.392176946] [controller_server]: RegulatedPurePursuitController detected collision ahead!
[controller_server-1] [WARN] [1783273366.392276779] [controller_server]: [follow_path] [ActionServer] Aborting handle.
[controller_server-1] [INFO] [1783273366.410400807] [local_costmap.local_costmap]: Received request to clear entirely the local_costmap
[planner_server-2] [INFO] [1783273366.410860996] [global_costmap.global_costmap]: Received request to clear entirely the global_costmap
[controller_server-1] [INFO] [1783273366.519097214] [controller_server]: Received a goal, begin computing control effort.
[controller_server-1] [WARN] [1783273366.600824719] [controller_server]: Control loop missed its desired rate of 20.0000Hz
[controller_server-1] [INFO] [1783273367.569256986] [controller_server]: Passing new path to controller.
[controller_server-1] [INFO] [1783273368.619234682] [controller_server]: Passing new path to controller.
[controller_server-1] [INFO] [1783273369.619236015] [controller_server]: Passing new path to controller.
[controller_server-1] [INFO] [1783273370.669314018] [controller_server]: Passing new path to controller.
[controller_server-1] [ERROR] [1783273370.770657025] [transformPoseInTargetFrame]: Extrapolation Error looking up target frame: Lookup would require extrapolation into the future.  Requested time 169.425000 but the latest data is at time 169.422000, when looking up transform from frame [map] to frame [leo1/base_link]
[controller_server-1] 
[controller_server-1] [WARN] [1783273370.771335603] [controller_server]: Control loop missed its desired rate of 20.0000Hz
[controller_server-1] [INFO] [1783273371.685662471] [controller_server]: Passing new path to controller.
[controller_server-1] [ERROR] [1783273371.787161542] [transformPoseInTargetFrame]: Extrapolation Error looking up target frame: Lookup would require extrapolation into the future.  Requested time 170.428000 but the latest data is at time 170.422000, when looking up transform from frame [map] to frame [leo1/base_link]
[controller_server-1] 
[controller_server-1] [WARN] [1783273371.788431141] [controller_server]: Control loop missed its desired rate of 20.0000Hz
[planner_server-2] [INFO] [1783273372.691248977] [global_costmap.global_costmap]: StaticLayer: Resizing costmap to 279 X 281 at 0.050000 m/pix
[controller_server-1] [INFO] [1783273372.721401401] [controller_server]: Passing new path to controller.
[controller_server-1] [ERROR] [1783273372.822789988] [transformPoseInTargetFrame]: Extrapolation Error looking up target frame: Lookup would require extrapolation into the future.  Requested time 171.453000 but the latest data is at time 171.442000, when looking up transform from frame [map] to frame [leo1/base_link]
[controller_server-1] 
[controller_server-1] [WARN] [1783273372.823955434] [controller_server]: Control loop missed its desired rate of 20.0000Hz
[bt_navigator-4] [INFO] [1783273373.358419547] [bt_navigator]: Received goal preemption request
[bt_navigator-4] [INFO] [1783273373.358902873] [bt_navigator]: Begin navigating from current location (-1.59, 5.11) to (5.39, 2.87)
[controller_server-1] [INFO] [1783273373.744052466] [controller_server]: Passing new path to controller.
[controller_server-1] [WARN] [1783273373.846360891] [controller_server]: Control loop missed its desired rate of 20.0000Hz
[controller_server-1] [INFO] [1783273374.774039097] [controller_server]: Passing new path to controller.
[controller_server-1] [WARN] [1783273374.855670614] [controller_server]: Control loop missed its desired rate of 20.0000Hz
[controller_server-1] [INFO] [1783273375.824056851] [controller_server]: Passing new path to controller.
[controller_server-1] [WARN] [1783273375.875452207] [controller_server]: Control loop missed its desired rate of 20.0000Hz
[controller_server-1] [INFO] [1783273376.824037284] [controller_server]: Passing new path to controller.
[controller_server-1] [WARN] [1783273376.895943187] [controller_server]: Control loop missed its desired rate of 20.0000Hz
[planner_server-2] [INFO] [1783273377.691242230] [global_costmap.global_costmap]: StaticLayer: Resizing costmap to 279 X 280 at 0.050000 m/pix
[controller_server-1] [INFO] [1783273377.874035878] [controller_server]: Passing new path to controller.
[controller_server-1] [INFO] [1783273378.924033133] [controller_server]: Passing new path to controller.
[controller_server-1] [INFO] [1783273379.924060589] [controller_server]: Passing new path to controller.
[controller_server-1] [INFO] [1783273380.974048347] [controller_server]: Passing new path to controller.
[controller_server-1] [INFO] [1783273381.974068302] [controller_server]: Passing new path to controller.
[controller_server-1] [INFO] [1783273383.034683716] [controller_server]: Passing new path to controller.
[controller_server-1] [INFO] [1783273384.034692236] [controller_server]: Passing new path to controller.
[controller_server-1] [INFO] [1783273385.084713063] [controller_server]: Passing new path to controller.
[bt_navigator-4] [INFO] [1783273385.569058380] [bt_navigator]: Received goal preemption request
[bt_navigator-4] [INFO] [1783273385.569541123] [bt_navigator]: Begin navigating from current location (1.48, 4.56) to (5.74, 6.23)
[controller_server-1] [INFO] [1783273386.084678102] [controller_server]: Passing new path to controller.
[planner_server-2] [INFO] [1783273386.701895824] [global_costmap.global_costmap]: StaticLayer: Resizing costmap to 279 X 281 at 0.050000 m/pix
[controller_server-1] [INFO] [1783273387.134675381] [controller_server]: Passing new path to controller.
[controller_server-1] [INFO] [1783273388.134678448] [controller_server]: Passing new path to controller.
[controller_server-1] [INFO] [1783273389.184699012] [controller_server]: Passing new path to controller.
[controller_server-1] [WARN] [1783273389.237816412] [controller_server]: Control loop missed its desired rate of 20.0000Hz
[controller_server-1] [INFO] [1783273390.234693683] [controller_server]: Passing new path to controller.
[planner_server-2] [INFO] [1783273390.701914997] [global_costmap.global_costmap]: StaticLayer: Resizing costmap to 279 X 281 at 0.050000 m/pix
[controller_server-1] [INFO] [1783273391.234706069] [controller_server]: Passing new path to controller.
[controller_server-1] [INFO] [1783273392.284676811] [controller_server]: Passing new path to controller.
[controller_server-1] [ERROR] [1783273392.386163265] [transformPoseInTargetFrame]: Extrapolation Error looking up target frame: Lookup would require extrapolation into the future.  Requested time 190.625000 but the latest data is at time 190.622000, when looking up transform from frame [map] to frame [leo1/base_link]
[controller_server-1] 
[controller_server-1] [WARN] [1783273392.387202004] [controller_server]: Control loop missed its desired rate of 20.0000Hz
[controller_server-1] [INFO] [1783273393.302789056] [controller_server]: Passing new path to controller.
[controller_server-1] [ERROR] [1783273393.404387978] [transformPoseInTargetFrame]: Extrapolation Error looking up target frame: Lookup would require extrapolation into the future.  Requested time 191.627000 but the latest data is at time 191.622000, when looking up transform from frame [map] to frame [leo1/base_link]
[controller_server-1] 
[controller_server-1] [WARN] [1783273393.404894666] [controller_server]: Control loop missed its desired rate of 20.0000Hz
[controller_server-1] [INFO] [1783273394.337284568] [controller_server]: Passing new path to controller.
[controller_server-1] [ERROR] [1783273394.438662776] [transformPoseInTargetFrame]: Extrapolation Error looking up target frame: Lookup would require extrapolation into the future.  Requested time 192.652000 but the latest data is at time 192.642000, when looking up transform from frame [map] to frame [leo1/base_link]
[controller_server-1] 
[controller_server-1] [WARN] [1783273394.439187108] [controller_server]: Control loop missed its desired rate of 20.0000Hz
[planner_server-2] [INFO] [1783273394.701863045] [global_costmap.global_costmap]: StaticLayer: Resizing costmap to 280 X 281 at 0.050000 m/pix
[controller_server-1] [INFO] [1783273395.354138739] [controller_server]: Passing new path to controller.
[controller_server-1] [WARN] [1783273395.456185960] [controller_server]: Control loop missed its desired rate of 20.0000Hz
[planner_server-2] [INFO] [1783273395.701850384] [global_costmap.global_costmap]: StaticLayer: Resizing costmap to 281 X 281 at 0.050000 m/pix
[controller_server-1] [INFO] [1783273396.389314152] [controller_server]: Passing new path to controller.
[controller_server-1] [WARN] [1783273396.481337607] [controller_server]: Control loop missed its desired rate of 20.0000Hz
[planner_server-2] [INFO] [1783273396.701862065] [global_costmap.global_costmap]: StaticLayer: Resizing costmap to 282 X 281 at 0.050000 m/pix
[controller_server-1] [INFO] [1783273397.439304641] [controller_server]: Passing new path to controller.
[bt_navigator-4] [INFO] [1783273397.808985581] [bt_navigator]: Received goal preemption request
[bt_navigator-4] [INFO] [1783273397.809683356] [bt_navigator]: Begin navigating from current location (4.32, 5.03) to (6.29, -0.86)
[controller_server-1] [INFO] [1783273398.439277563] [controller_server]: Passing new path to controller.
[controller_server-1] [WARN] [1783273398.680325074] [controller_server]: Control loop missed its desired rate of 20.0000Hz
[controller_server-1] [WARN] [1783273398.690558162] [controller_server]: Control loop missed its desired rate of 20.0000Hz
[controller_server-1] [WARN] [1783273398.890476245] [controller_server]: Control loop missed its desired rate of 20.0000Hz
[controller_server-1] [ERROR] [1783273399.062203314] [transformPoseInTargetFrame]: Extrapolation Error looking up target frame: Lookup would require extrapolation into the future.  Requested time 197.233000 but the latest data is at time 197.222000, when looking up transform from frame [map] to frame [leo1/base_link]
[controller_server-1] 
[controller_server-1] [WARN] [1783273399.062973586] [controller_server]: Control loop missed its desired rate of 20.0000Hz
[controller_server-1] [INFO] [1783273399.490566073] [controller_server]: Passing new path to controller.
[controller_server-1] [WARN] [1783273399.691690661] [controller_server]: Control loop missed its desired rate of 20.0000Hz
[controller_server-1] [WARN] [1783273399.893403769] [controller_server]: Control loop missed its desired rate of 20.0000Hz
[controller_server-1] [WARN] [1783273400.092989414] [controller_server]: Control loop missed its desired rate of 20.0000Hz
[controller_server-1] [WARN] [1783273400.304690953] [controller_server]: Control loop missed its desired rate of 20.0000Hz
[controller_server-1] [ERROR] [1783273400.494161549] [transformPoseInTargetFrame]: Extrapolation Error looking up target frame: Lookup would require extrapolation into the future.  Requested time 198.650000 but the latest data is at time 198.622000, when looking up transform from frame [map] to frame [leo1/base_link]
[controller_server-1] 
[controller_server-1] [WARN] [1783273400.494832143] [controller_server]: Control loop missed its desired rate of 20.0000Hz
[controller_server-1] [INFO] [1783273400.494857502] [controller_server]: Passing new path to controller.
[controller_server-1] [WARN] [1783273400.696877572] [controller_server]: Control loop missed its desired rate of 20.0000Hz
[controller_server-1] [WARN] [1783273400.896068951] [controller_server]: Control loop missed its desired rate of 20.0000Hz
[controller_server-1] [WARN] [1783273401.107863421] [controller_server]: Control loop missed its desired rate of 20.0000Hz
[controller_server-1] [ERROR] [1783273401.297357607] [transformPoseInTargetFrame]: Extrapolation Error looking up target frame: Lookup would require extrapolation into the future.  Requested time 199.449000 but the latest data is at time 199.422000, when looking up transform from frame [map] to frame [leo1/base_link]
[controller_server-1] 
[controller_server-1] [WARN] [1783273401.298237272] [controller_server]: Control loop missed its desired rate of 20.0000Hz
[controller_server-1] [INFO] [1783273401.552663562] [controller_server]: Passing new path to controller.
[controller_server-1] [WARN] [1783273401.704507593] [controller_server]: Control loop missed its desired rate of 20.0000Hz
[controller_server-1] [ERROR] [1783273401.899474727] [transformPoseInTargetFrame]: Extrapolation Error looking up target frame: Lookup would require extrapolation into the future.  Requested time 200.045000 but the latest data is at time 200.022000, when looking up transform from frame [map] to frame [leo1/base_link]
[controller_server-1] 
[controller_server-1] [WARN] [1783273401.900202975] [controller_server]: Control loop missed its desired rate of 20.0000Hz
[controller_server-1] [INFO] [1783273402.560958602] [controller_server]: Passing new path to controller.
[controller_server-1] [WARN] [1783273402.712464744] [controller_server]: Control loop missed its desired rate of 20.0000Hz
[controller_server-1] [ERROR] [1783273402.901653881] [transformPoseInTargetFrame]: Extrapolation Error looking up target frame: Lookup would require extrapolation into the future.  Requested time 201.041000 but the latest data is at time 201.022000, when looking up transform from frame [map] to frame [leo1/base_link]
[controller_server-1] 
[controller_server-1] [WARN] [1783273402.902387661] [controller_server]: Control loop missed its desired rate of 20.0000Hz
[controller_server-1] [INFO] [1783273403.614350507] [controller_server]: Passing new path to controller.
[controller_server-1] [ERROR] [1783273403.715771304] [transformPoseInTargetFrame]: Extrapolation Error looking up target frame: Lookup would require extrapolation into the future.  Requested time 201.850000 but the latest data is at time 201.822000, when looking up transform from frame [map] to frame [leo1/base_link]
[controller_server-1] 
[controller_server-1] [WARN] [1783273403.716580613] [controller_server]: Control loop missed its desired rate of 20.0000Hz
[controller_server-1] [INFO] [1783273404.652503336] [controller_server]: Passing new path to controller.
[controller_server-1] [WARN] [1783273404.744074303] [controller_server]: Control loop missed its desired rate of 20.0000Hz
[controller_server-1] [WARN] [1783273404.764508992] [controller_server]: Control loop missed its desired rate of 20.0000Hz
[controller_server-1] [ERROR] [1783273404.903633954] [transformPoseInTargetFrame]: Extrapolation Error looking up target frame: Lookup would require extrapolation into the future.  Requested time 203.028000 but the latest data is at time 203.022000, when looking up transform from frame [map] to frame [leo1/base_link]
[controller_server-1] 
[controller_server-1] [WARN] [1783273404.904357667] [controller_server]: Control loop missed its desired rate of 20.0000Hz
[controller_server-1] [INFO] [1783273405.666164721] [controller_server]: Passing new path to controller.
[controller_server-1] [ERROR] [1783273405.955606617] [transformPoseInTargetFrame]: Extrapolation Error looking up target frame: Lookup would require extrapolation into the future.  Requested time 204.072000 but the latest data is at time 204.042000, when looking up transform from frame [map] to frame [leo1/base_link]
[controller_server-1] 
[controller_server-1] [WARN] [1783273405.956539855] [controller_server]: Control loop missed its desired rate of 20.0000Hz
[controller_server-1] [INFO] [1783273406.718655029] [controller_server]: Passing new path to controller.
[controller_server-1] [ERROR] [1783273406.957805106] [transformPoseInTargetFrame]: Extrapolation Error looking up target frame: Lookup would require extrapolation into the future.  Requested time 205.072000 but the latest data is at time 205.042000, when looking up transform from frame [map] to frame [leo1/base_link]
[controller_server-1] 
[controller_server-1] [WARN] [1783273406.958493973] [controller_server]: Control loop missed its desired rate of 20.0000Hz
[controller_server-1] [INFO] [1783273407.722074326] [controller_server]: Passing new path to controller.
[controller_server-1] [ERROR] [1783273407.959730742] [transformPoseInTargetFrame]: Extrapolation Error looking up target frame: Lookup would require extrapolation into the future.  Requested time 206.066000 but the latest data is at time 206.022000, when looking up transform from frame [map] to frame [leo1/base_link]
[controller_server-1] 
[controller_server-1] [WARN] [1783273407.960461486] [controller_server]: Control loop missed its desired rate of 20.0000Hz
[controller_server-1] [INFO] [1783273408.775449950] [controller_server]: Passing new path to controller.
[controller_server-1] [ERROR] [1783273408.957691581] [transformPoseInTargetFrame]: Extrapolation Error looking up target frame: Lookup would require extrapolation into the future.  Requested time 207.051000 but the latest data is at time 207.022000, when looking up transform from frame [map] to frame [leo1/base_link]
[controller_server-1] 
[controller_server-1] [WARN] [1783273408.958761323] [controller_server]: Control loop missed its desired rate of 20.0000Hz
[controller_server-1] [INFO] [1783273409.760552681] [controller_server]: Passing new path to controller.
[bt_navigator-4] [INFO] [1783273409.939113074] [bt_navigator]: Received goal preemption request
[bt_navigator-4] [INFO] [1783273409.939839643] [bt_navigator]: Begin navigating from current location (4.46, 5.04) to (6.04, -1.66)
[controller_server-1] [ERROR] [1783273409.961772612] [transformPoseInTargetFrame]: Extrapolation Error looking up target frame: Lookup would require extrapolation into the future.  Requested time 208.038000 but the latest data is at time 208.022000, when looking up transform from frame [map] to frame [leo1/base_link]
[controller_server-1] 
[controller_server-1] [WARN] [1783273409.962472166] [controller_server]: Control loop missed its desired rate of 20.0000Hz
[controller_server-1] [INFO] [1783273410.826636605] [controller_server]: Passing new path to controller.
[controller_server-1] [ERROR] [1783273410.988283387] [transformPoseInTargetFrame]: Extrapolation Error looking up target frame: Lookup would require extrapolation into the future.  Requested time 209.050000 but the latest data is at time 209.022000, when looking up transform from frame [map] to frame [leo1/base_link]
[controller_server-1] 
[controller_server-1] [WARN] [1783273410.989017653] [controller_server]: Control loop missed its desired rate of 20.0000Hz
[controller_server-1] [INFO] [1783273411.862558387] [controller_server]: Passing new path to controller.
[controller_server-1] [ERROR] [1783273412.013843956] [transformPoseInTargetFrame]: Extrapolation Error looking up target frame: Lookup would require extrapolation into the future.  Requested time 210.061000 but the latest data is at time 210.022000, when looking up transform from frame [map] to frame [leo1/base_link]
[controller_server-1] 
[controller_server-1] [WARN] [1783273412.014643248] [controller_server]: Control loop missed its desired rate of 20.0000Hz
[controller_server-1] [INFO] [1783273412.880498309] [controller_server]: Passing new path to controller.
[controller_server-1] [ERROR] [1783273413.002550418] [transformPoseInTargetFrame]: Extrapolation Error looking up target frame: Lookup would require extrapolation into the future.  Requested time 211.023000 but the latest data is at time 211.022000, when looking up transform from frame [map] to frame [leo1/base_link]
[controller_server-1] 
[controller_server-1] [WARN] [1783273413.003344524] [controller_server]: Control loop missed its desired rate of 20.0000Hz
[controller_server-1] [INFO] [1783273413.874947186] [controller_server]: Passing new path to controller.
[controller_server-1] [ERROR] [1783273414.026204101] [transformPoseInTargetFrame]: Extrapolation Error looking up target frame: Lookup would require extrapolation into the future.  Requested time 212.039000 but the latest data is at time 212.022000, when looking up transform from frame [map] to frame [leo1/base_link]
[controller_server-1] 
[controller_server-1] [WARN] [1783273414.026946561] [controller_server]: Control loop missed its desired rate of 20.0000Hz
[controller_server-1] [INFO] [1783273414.944497550] [controller_server]: Passing new path to controller.
[controller_server-1] [ERROR] [1783273415.045953041] [transformPoseInTargetFrame]: Extrapolation Error looking up target frame: Lookup would require extrapolation into the future.  Requested time 213.051000 but the latest data is at time 213.042000, when looking up transform from frame [map] to frame [leo1/base_link]
[controller_server-1] 
[controller_server-1] [WARN] [1783273415.046752660] [controller_server]: Control loop missed its desired rate of 20.0000Hz
[controller_server-1] [INFO] [1783273415.977037572] [controller_server]: Passing new path to controller.
[controller_server-1] [ERROR] [1783273416.078528197] [transformPoseInTargetFrame]: Extrapolation Error looking up target frame: Lookup would require extrapolation into the future.  Requested time 214.071000 but the latest data is at time 214.042000, when looking up transform from frame [map] to frame [leo1/base_link]
[controller_server-1] 
[controller_server-1] [WARN] [1783273416.079260348] [controller_server]: Control loop missed its desired rate of 20.0000Hz
[controller_server-1] [INFO] [1783273416.997968959] [controller_server]: Passing new path to controller.
[controller_server-1] [WARN] [1783273417.079756452] [controller_server]: Control loop missed its desired rate of 20.0000Hz
[controller_server-1] [INFO] [1783273418.029349649] [controller_server]: Passing new path to controller.
[controller_server-1] [WARN] [1783273418.091319036] [controller_server]: Control loop missed its desired rate of 20.0000Hz
[controller_server-1] [INFO] [1783273419.029360340] [controller_server]: Passing new path to controller.
[controller_server-1] [WARN] [1783273419.121641161] [controller_server]: Control loop missed its desired rate of 20.0000Hz
[controller_server-1] [INFO] [1783273420.079335664] [controller_server]: Passing new path to controller.
[controller_server-1] [INFO] [1783273421.129360151] [controller_server]: Passing new path to controller.
[bt_navigator-4] [INFO] [1783273422.069270633] [bt_navigator]: Received goal preemption request
[bt_navigator-4] [INFO] [1783273422.070125864] [bt_navigator]: Begin navigating from current location (4.54, 4.11) to (6.09, -3.81)
[controller_server-1] [INFO] [1783273422.129349117] [controller_server]: Passing new path to controller.
[controller_server-1] [INFO] [1783273423.179334524] [controller_server]: Passing new path to controller.
[controller_server-1] [INFO] [1783273424.179370144] [controller_server]: Passing new path to controller.
[controller_server-1] [INFO] [1783273425.229336835] [controller_server]: Passing new path to controller.
[controller_server-1] [INFO] [1783273426.279343253] [controller_server]: Passing new path to controller.
[controller_server-1] [WARN] [1783273426.371728976] [controller_server]: Control loop missed its desired rate of 20.0000Hz
[controller_server-1] [INFO] [1783273427.279325008] [controller_server]: Passing new path to controller.
[controller_server-1] [WARN] [1783273427.381361093] [controller_server]: Control loop missed its desired rate of 20.0000Hz
[planner_server-2] [INFO] [1783273427.712080347] [global_costmap.global_costmap]: StaticLayer: Resizing costmap to 283 X 281 at 0.050000 m/pix
[controller_server-1] [INFO] [1783273428.296923625] [controller_server]: Passing new path to controller.
[controller_server-1] [WARN] [1783273428.389024366] [controller_server]: Control loop missed its desired rate of 20.0000Hz
[controller_server-1] [INFO] [1783273429.331446555] [controller_server]: Passing new path to controller.
[controller_server-1] [WARN] [1783273429.392979183] [controller_server]: Control loop missed its desired rate of 20.0000Hz
[controller_server-1] [INFO] [1783273430.381443320] [controller_server]: Passing new path to controller.
[controller_server-1] [INFO] [1783273431.381461825] [controller_server]: Passing new path to controller.
[controller_server-1] [INFO] [1783273432.431445612] [controller_server]: Passing new path to controller.
[controller_server-1] [INFO] [1783273433.431439084] [controller_server]: Passing new path to controller.
[bt_navigator-4] [INFO] [1783273434.139184196] [bt_navigator]: Received goal preemption request
[bt_navigator-4] [INFO] [1783273434.139699010] [bt_navigator]: Begin navigating from current location (5.46, 1.23) to (2.84, -0.71)
[controller_server-1] [INFO] [1783273434.481479007] [controller_server]: Passing new path to controller.
[controller_server-1] [WARN] [1783273434.632620497] [controller_server]: Control loop missed its desired rate of 20.0000Hz
[controller_server-1] [WARN] [1783273434.838459602] [controller_server]: Control loop missed its desired rate of 20.0000Hz
[controller_server-1] [INFO] [1783273435.482703231] [controller_server]: Passing new path to controller.
[controller_server-1] [INFO] [1783273436.532704504] [controller_server]: Passing new path to controller.
[controller_server-1] [ERROR] [1783273436.634037677] [transformPoseInTargetFrame]: Extrapolation Error looking up target frame: Lookup would require extrapolation into the future.  Requested time 234.441000 but the latest data is at time 234.422000, when looking up transform from frame [map] to frame [leo1/base_link]
[controller_server-1] 
[controller_server-1] [WARN] [1783273436.634593444] [controller_server]: Control loop missed its desired rate of 20.0000Hz
[controller_server-1] [INFO] [1783273437.548226255] [controller_server]: Passing new path to controller.
[controller_server-1] [ERROR] [1783273437.649644260] [transformPoseInTargetFrame]: Extrapolation Error looking up target frame: Lookup would require extrapolation into the future.  Requested time 235.446000 but the latest data is at time 235.422000, when looking up transform from frame [map] to frame [leo1/base_link]
[controller_server-1] 
[controller_server-1] [WARN] [1783273437.652128181] [controller_server]: Control loop missed its desired rate of 20.0000Hz
[controller_server-1] [INFO] [1783273438.584681422] [controller_server]: Passing new path to controller.
[controller_server-1] [WARN] [1783273438.676396640] [controller_server]: Control loop missed its desired rate of 20.0000Hz
[controller_server-1] [INFO] [1783273439.634680286] [controller_server]: Passing new path to controller.
[controller_server-1] [WARN] [1783273439.695972899] [controller_server]: Control loop missed its desired rate of 20.0000Hz
[controller_server-1] [INFO] [1783273440.634683092] [controller_server]: Passing new path to controller.
[controller_server-1] [WARN] [1783273440.716307155] [controller_server]: Control loop missed its desired rate of 20.0000Hz
[controller_server-1] [INFO] [1783273441.684670556] [controller_server]: Passing new path to controller.
[controller_server-1] [INFO] [1783273442.734705678] [controller_server]: Passing new path to controller.
[controller_server-1] [INFO] [1783273443.745458577] [controller_server]: Passing new path to controller.
[controller_server-1] [INFO] [1783273444.745463709] [controller_server]: Passing new path to controller.
[controller_server-1] [INFO] [1783273445.795474425] [controller_server]: Passing new path to controller.
[controller_server-1] [INFO] [1783273446.845446419] [controller_server]: Passing new path to controller.
[controller_server-1] [INFO] [1783273447.845446254] [controller_server]: Passing new path to controller.
[controller_server-1] [INFO] [1783273448.895428421] [controller_server]: Passing new path to controller.
[controller_server-1] [INFO] [1783273449.895441548] [controller_server]: Passing new path to controller.
[bt_navigator-4] [INFO] [1783273450.349959353] [bt_navigator]: Received goal preemption request
[bt_navigator-4] [INFO] [1783273450.350514807] [bt_navigator]: Begin navigating from current location (3.08, -0.79) to (2.69, 1.29)
[controller_server-1] [INFO] [1783273450.945458419] [controller_server]: Passing new path to controller.
[controller_server-1] [WARN] [1783273451.047220135] [controller_server]: Control loop missed its desired rate of 20.0000Hz
[controller_server-1] [WARN] [1783273451.271750962] [controller_server]: Control loop missed its desired rate of 20.0000Hz
[controller_server-1] [ERROR] [1783273451.448498532] [transformPoseInTargetFrame]: Extrapolation Error looking up target frame: Lookup would require extrapolation into the future.  Requested time 249.049000 but the latest data is at time 249.022000, when looking up transform from frame [map] to frame [leo1/base_link]
[controller_server-1] 
[controller_server-1] [WARN] [1783273451.449273527] [controller_server]: Control loop missed its desired rate of 20.0000Hz
[controller_server-1] [INFO] [1783273451.958762865] [controller_server]: Passing new path to controller.
[controller_server-1] [WARN] [1783273452.050084943] [controller_server]: Control loop missed its desired rate of 20.0000Hz
[controller_server-1] [ERROR] [1783273452.250481383] [transformPoseInTargetFrame]: Extrapolation Error looking up target frame: Lookup would require extrapolation into the future.  Requested time 249.846000 but the latest data is at time 249.822000, when looking up transform from frame [map] to frame [leo1/base_link]
[controller_server-1] 
[controller_server-1] [WARN] [1783273452.251171530] [controller_server]: Control loop missed its desired rate of 20.0000Hz
[controller_server-1] [INFO] [1783273453.014470185] [controller_server]: Passing new path to controller.
[controller_server-1] [ERROR] [1783273453.252261239] [transformPoseInTargetFrame]: Extrapolation Error looking up target frame: Lookup would require extrapolation into the future.  Requested time 250.836000 but the latest data is at time 250.822000, when looking up transform from frame [map] to frame [leo1/base_link]
[controller_server-1] 
[controller_server-1] [WARN] [1783273453.252886519] [controller_server]: Control loop missed its desired rate of 20.0000Hz
[controller_server-1] [INFO] [1783273454.015646399] [controller_server]: Passing new path to controller.
[controller_server-1] [ERROR] [1783273454.254172110] [transformPoseInTargetFrame]: Extrapolation Error looking up target frame: Lookup would require extrapolation into the future.  Requested time 251.826000 but the latest data is at time 251.822000, when looking up transform from frame [map] to frame [leo1/base_link]
[controller_server-1] 
[controller_server-1] [WARN] [1783273454.254836625] [controller_server]: Control loop missed its desired rate of 20.0000Hz
[controller_server-1] [INFO] [1783273455.067937549] [controller_server]: Passing new path to controller.
[controller_server-1] [WARN] [1783273455.296196177] [controller_server]: Control loop missed its desired rate of 20.0000Hz
[controller_server-1] [WARN] [1783273455.306459127] [controller_server]: Control loop missed its desired rate of 20.0000Hz
[controller_server-1] [WARN] [1783273455.496188640] [controller_server]: Control loop missed its desired rate of 20.0000Hz
[controller_server-1] [WARN] [1783273455.506463692] [controller_server]: Control loop missed its desired rate of 20.0000Hz
[controller_server-1] [WARN] [1783273455.696195166] [controller_server]: Control loop missed its desired rate of 20.0000Hz
[controller_server-1] [WARN] [1783273455.706457181] [controller_server]: Control loop missed its desired rate of 20.0000Hz
[controller_server-1] [ERROR] [1783273455.906589871] [transformPoseInTargetFrame]: Extrapolation Error looking up target frame: Lookup would require extrapolation into the future.  Requested time 253.466000 but the latest data is at time 253.422000, when looking up transform from frame [map] to frame [leo1/base_link]
[controller_server-1] 
[controller_server-1] [WARN] [1783273455.907798751] [controller_server]: Control loop missed its desired rate of 20.0000Hz
[controller_server-1] [INFO] [1783273456.111122457] [controller_server]: Passing new path to controller.
[controller_server-1] [ERROR] [1783273456.282929290] [transformPoseInTargetFrame]: Extrapolation Error looking up target frame: Lookup would require extrapolation into the future.  Requested time 253.839000 but the latest data is at time 253.822000, when looking up transform from frame [map] to frame [leo1/base_link]
[controller_server-1] 
[controller_server-1] [WARN] [1783273456.284097033] [controller_server]: Control loop missed its desired rate of 20.0000Hz
[controller_server-1] [INFO] [1783273457.107874649] [controller_server]: Passing new path to controller.
[controller_server-1] [WARN] [1783273457.309067122] [controller_server]: Control loop missed its desired rate of 20.0000Hz
[controller_server-1] [WARN] [1783273457.510699626] [controller_server]: Control loop missed its desired rate of 20.0000Hz
[controller_server-1] [WARN] [1783273457.710379056] [controller_server]: Control loop missed its desired rate of 20.0000Hz
[controller_server-1] [WARN] [1783273457.912022106] [controller_server]: Control loop missed its desired rate of 20.0000Hz
[controller_server-1] [ERROR] [1783273458.111630389] [transformPoseInTargetFrame]: Extrapolation Error looking up target frame: Lookup would require extrapolation into the future.  Requested time 255.651000 but the latest data is at time 255.642000, when looking up transform from frame [map] to frame [leo1/base_link]
[controller_server-1] 
[controller_server-1] [WARN] [1783273458.112782589] [controller_server]: Control loop missed its desired rate of 20.0000Hz
[controller_server-1] [INFO] [1783273458.163559969] [controller_server]: Passing new path to controller.
[controller_server-1] [WARN] [1783273458.315442969] [controller_server]: Control loop missed its desired rate of 20.0000Hz
[controller_server-1] [ERROR] [1783273458.513886751] [transformPoseInTargetFrame]: Extrapolation Error looking up target frame: Lookup would require extrapolation into the future.  Requested time 256.049000 but the latest data is at time 256.022000, when looking up transform from frame [map] to frame [leo1/base_link]
[controller_server-1] 
[controller_server-1] [WARN] [1783273458.514463339] [controller_server]: Control loop missed its desired rate of 20.0000Hz
[controller_server-1] [INFO] [1783273459.174963340] [controller_server]: Passing new path to controller.
[controller_server-1] [WARN] [1783273459.347070118] [controller_server]: Control loop missed its desired rate of 20.0000Hz
[controller_server-1] [ERROR] [1783273459.515672342] [transformPoseInTargetFrame]: Extrapolation Error looking up target frame: Lookup would require extrapolation into the future.  Requested time 257.039000 but the latest data is at time 257.022000, when looking up transform from frame [map] to frame [leo1/base_link]
[controller_server-1] 
[controller_server-1] [WARN] [1783273459.516325912] [controller_server]: Control loop missed its desired rate of 20.0000Hz
[controller_server-1] [INFO] [1783273460.226876486] [controller_server]: Passing new path to controller.
[controller_server-1] [ERROR] [1783273460.328204968] [transformPoseInTargetFrame]: Extrapolation Error looking up target frame: Lookup would require extrapolation into the future.  Requested time 257.840000 but the latest data is at time 257.822000, when looking up transform from frame [map] to frame [leo1/base_link]
[controller_server-1] 
[controller_server-1] [WARN] [1783273460.328810941] [controller_server]: Control loop missed its desired rate of 20.0000Hz
[controller_server-1] [INFO] [1783273461.266482935] [controller_server]: Passing new path to controller.
[controller_server-1] [WARN] [1783273461.367989291] [controller_server]: Control loop missed its desired rate of 20.0000Hz
[controller_server-1] [ERROR] [1783273461.539530130] [transformPoseInTargetFrame]: Extrapolation Error looking up target frame: Lookup would require extrapolation into the future.  Requested time 259.033000 but the latest data is at time 259.022000, when looking up transform from frame [map] to frame [leo1/base_link]
[controller_server-1] 
[controller_server-1] [WARN] [1783273461.540418811] [controller_server]: Control loop missed its desired rate of 20.0000Hz
[controller_server-1] [INFO] [1783273462.268105523] [controller_server]: Passing new path to controller.
[controller_server-1] [WARN] [1783273462.369641386] [controller_server]: Control loop missed its desired rate of 20.0000Hz
[controller_server-1] [WARN] [1783273462.571378320] [controller_server]: Control loop missed its desired rate of 20.0000Hz
[controller_server-1] [ERROR] [1783273462.770799313] [transformPoseInTargetFrame]: Extrapolation Error looking up target frame: Lookup would require extrapolation into the future.  Requested time 260.246000 but the latest data is at time 260.222000, when looking up transform from frame [map] to frame [leo1/base_link]
[controller_server-1] 
[controller_server-1] [WARN] [1783273462.771399989] [controller_server]: Control loop missed its desired rate of 20.0000Hz
[controller_server-1] [INFO] [1783273463.278164499] [controller_server]: Passing new path to controller.
[controller_server-1] [ERROR] [1783273463.379484475] [transformPoseInTargetFrame]: Extrapolation Error looking up target frame: Lookup would require extrapolation into the future.  Requested time 260.843000 but the latest data is at time 260.822000, when looking up transform from frame [map] to frame [leo1/base_link]
[controller_server-1] 
[controller_server-1] [WARN] [1783273463.380336585] [controller_server]: Control loop missed its desired rate of 20.0000Hz
[controller_server-1] [INFO] [1783273464.321486253] [controller_server]: Passing new path to controller.
[controller_server-1] [WARN] [1783273464.402701318] [controller_server]: Control loop missed its desired rate of 20.0000Hz
[controller_server-1] [ERROR] [1783273464.572619071] [transformPoseInTargetFrame]: Extrapolation Error looking up target frame: Lookup would require extrapolation into the future.  Requested time 262.027000 but the latest data is at time 262.022000, when looking up transform from frame [map] to frame [leo1/base_link]
[controller_server-1] 
[controller_server-1] [WARN] [1783273464.573271232] [controller_server]: Control loop missed its desired rate of 20.0000Hz
[controller_server-1] [INFO] [1783273465.334018181] [controller_server]: Passing new path to controller.
[controller_server-1] [WARN] [1783273465.614422178] [controller_server]: Control loop missed its desired rate of 20.0000Hz
[controller_server-1] [WARN] [1783273465.626054684] [controller_server]: Control loop missed its desired rate of 20.0000Hz
[controller_server-1] [WARN] [1783273465.814475434] [controller_server]: Control loop missed its desired rate of 20.0000Hz
[controller_server-1] [WARN] [1783273465.826943035] [controller_server]: Control loop missed its desired rate of 20.0000Hz
[controller_server-1] [ERROR] [1783273466.024712803] [transformPoseInTargetFrame]: Extrapolation Error looking up target frame: Lookup would require extrapolation into the future.  Requested time 263.463000 but the latest data is at time 263.422000, when looking up transform from frame [map] to frame [leo1/base_link]
[controller_server-1] 
[controller_server-1] [WARN] [1783273466.025424955] [controller_server]: Control loop missed its desired rate of 20.0000Hz
[controller_server-1] [INFO] [1783273466.384484235] [controller_server]: Passing new path to controller.
[controller_server-1] [WARN] [1783273466.626693468] [controller_server]: Control loop missed its desired rate of 20.0000Hz
[controller_server-1] [WARN] [1783273466.832338481] [controller_server]: Control loop missed its desired rate of 20.0000Hz
[controller_server-1] [ERROR] [1783273467.027975509] [transformPoseInTargetFrame]: Extrapolation Error looking up target frame: Lookup would require extrapolation into the future.  Requested time 264.447000 but the latest data is at time 264.422000, when looking up transform from frame [map] to frame [leo1/base_link]
[controller_server-1] 
[controller_server-1] [WARN] [1783273467.028683078] [controller_server]: Control loop missed its desired rate of 20.0000Hz
[controller_server-1] [INFO] [1783273467.436478279] [controller_server]: Passing new path to controller.
[controller_server-1] [WARN] [1783273467.658693310] [controller_server]: Control loop missed its desired rate of 20.0000Hz
[controller_server-1] [WARN] [1783273467.680909474] [controller_server]: Control loop missed its desired rate of 20.0000Hz
[controller_server-1] [ERROR] [1783273467.829913357] [transformPoseInTargetFrame]: Extrapolation Error looking up target frame: Lookup would require extrapolation into the future.  Requested time 265.232000 but the latest data is at time 265.222000, when looking up transform from frame [map] to frame [leo1/base_link]
[controller_server-1] 
[controller_server-1] [WARN] [1783273467.832552259] [controller_server]: Control loop missed its desired rate of 20.0000Hz
[controller_server-1] [INFO] [1783273468.442564706] [controller_server]: Passing new path to controller.
[controller_server-1] [WARN] [1783273468.683944587] [controller_server]: Control loop missed its desired rate of 20.0000Hz
[controller_server-1] [WARN] [1783273468.889376953] [controller_server]: Control loop missed its desired rate of 20.0000Hz
[controller_server-1] [ERROR] [1783273469.045354870] [transformPoseInTargetFrame]: Extrapolation Error looking up target frame: Lookup would require extrapolation into the future.  Requested time 266.426000 but the latest data is at time 266.422000, when looking up transform from frame [map] to frame [leo1/base_link]
[controller_server-1] 
[controller_server-1] [WARN] [1783273469.046400362] [controller_server]: Control loop missed its desired rate of 20.0000Hz
[controller_server-1] [INFO] [1783273469.456615340] [controller_server]: Passing new path to controller.
[controller_server-1] [WARN] [1783273469.677604680] [controller_server]: Control loop missed its desired rate of 20.0000Hz
[controller_server-1] [WARN] [1783273469.887466579] [controller_server]: Control loop missed its desired rate of 20.0000Hz
[controller_server-1] [WARN] [1783273469.909931971] [controller_server]: Control loop missed its desired rate of 20.0000Hz
[controller_server-1] [WARN] [1783273470.087699851] [controller_server]: Control loop missed its desired rate of 20.0000Hz
[controller_server-1] [WARN] [1783273470.109957566] [controller_server]: Control loop missed its desired rate of 20.0000Hz
[controller_server-1] [WARN] [1783273470.287675964] [controller_server]: Control loop missed its desired rate of 20.0000Hz
[controller_server-1] [WARN] [1783273470.300302560] [controller_server]: Control loop missed its desired rate of 20.0000Hz
[controller_server-1] [WARN] [1783273470.487731725] [controller_server]: Control loop missed its desired rate of 20.0000Hz
[controller_server-1] [INFO] [1783273470.487812566] [controller_server]: Passing new path to controller.
[controller_server-1] [WARN] [1783273470.500007551] [controller_server]: Control loop missed its desired rate of 20.0000Hz
[controller_server-1] [WARN] [1783273470.697691543] [controller_server]: Control loop missed its desired rate of 20.0000Hz
[controller_server-1] [ERROR] [1783273470.871129155] [transformPoseInTargetFrame]: Extrapolation Error looking up target frame: Lookup would require extrapolation into the future.  Requested time 268.231000 but the latest data is at time 268.222000, when looking up transform from frame [map] to frame [leo1/base_link]
[controller_server-1] 
[controller_server-1] [WARN] [1783273470.871731660] [controller_server]: Control loop missed its desired rate of 20.0000Hz
[controller_server-1] [INFO] [1783273471.547783559] [controller_server]: Passing new path to controller.
[controller_server-1] [ERROR] [1783273471.698879468] [transformPoseInTargetFrame]: Extrapolation Error looking up target frame: Lookup would require extrapolation into the future.  Requested time 269.047000 but the latest data is at time 269.022000, when looking up transform from frame [map] to frame [leo1/base_link]
[controller_server-1] 
[controller_server-1] [WARN] [1783273471.699464181] [controller_server]: Control loop missed its desired rate of 20.0000Hz
[controller_server-1] [INFO] [1783273472.563646088] [controller_server]: Passing new path to controller.
[controller_server-1] [ERROR] [1783273472.725878939] [transformPoseInTargetFrame]: Extrapolation Error looking up target frame: Lookup would require extrapolation into the future.  Requested time 270.061000 but the latest data is at time 270.022000, when looking up transform from frame [map] to frame [leo1/base_link]
[controller_server-1] 
[controller_server-1] [WARN] [1783273472.726518966] [controller_server]: Control loop missed its desired rate of 20.0000Hz
[controller_server-1] [INFO] [1783273473.607145241] [controller_server]: Passing new path to controller.
[controller_server-1] [ERROR] [1783273473.708799367] [transformPoseInTargetFrame]: Extrapolation Error looking up target frame: Lookup would require extrapolation into the future.  Requested time 271.025000 but the latest data is at time 271.022000, when looking up transform from frame [map] to frame [leo1/base_link]
[controller_server-1] 
[controller_server-1] [WARN] [1783273473.709442616] [controller_server]: Control loop missed its desired rate of 20.0000Hz
[controller_server-1] [INFO] [1783273474.625101690] [controller_server]: Passing new path to controller.
[controller_server-1] [ERROR] [1783273474.726612528] [transformPoseInTargetFrame]: Extrapolation Error looking up target frame: Lookup would require extrapolation into the future.  Requested time 272.033000 but the latest data is at time 272.022000, when looking up transform from frame [map] to frame [leo1/base_link]
[controller_server-1] 
[controller_server-1] [WARN] [1783273474.727746763] [controller_server]: Control loop missed its desired rate of 20.0000Hz
[controller_server-1] [INFO] [1783273475.659525569] [controller_server]: Passing new path to controller.
[controller_server-1] [WARN] [1783273475.760880105] [controller_server]: Control loop missed its desired rate of 20.0000Hz
[controller_server-1] [WARN] [1783273475.962635207] [controller_server]: Control loop missed its desired rate of 20.0000Hz
[controller_server-1] [ERROR] [1783273476.162089221] [transformPoseInTargetFrame]: Extrapolation Error looking up target frame: Lookup would require extrapolation into the future.  Requested time 273.455000 but the latest data is at time 273.442000, when looking up transform from frame [map] to frame [leo1/base_link]
[controller_server-1] 
[controller_server-1] [WARN] [1783273476.162762766] [controller_server]: Control loop missed its desired rate of 20.0000Hz
[controller_server-1] [INFO] [1783273476.670753931] [controller_server]: Passing new path to controller.
[controller_server-1] [INFO] [1783273477.712853521] [controller_server]: Passing new path to controller.
[controller_server-1] [WARN] [1783273477.774938345] [controller_server]: Control loop missed its desired rate of 20.0000Hz
[controller_server-1] [INFO] [1783273478.762852838] [controller_server]: Passing new path to controller.
[controller_server-1] [INFO] [1783273479.762846256] [controller_server]: Passing new path to controller.
[controller_server-1] [INFO] [1783273480.813004745] [controller_server]: Passing new path to controller.
[controller_server-1] [INFO] [1783273481.812848194] [controller_server]: Passing new path to controller.
[controller_server-1] [INFO] [1783273482.862848185] [controller_server]: Passing new path to controller.
[controller_server-1] [INFO] [1783273483.912861873] [controller_server]: Passing new path to controller.
[controller_server-1] [INFO] [1783273484.912872428] [controller_server]: Passing new path to controller.
[controller_server-1] [INFO] [1783273485.962856483] [controller_server]: Passing new path to controller.
[controller_server-1] [ERROR] [1783273486.064451508] [transformPoseInTargetFrame]: Extrapolation Error looking up target frame: Lookup would require extrapolation into the future.  Requested time 283.228000 but the latest data is at time 283.222000, when looking up transform from frame [map] to frame [leo1/base_link]
[controller_server-1] 
[controller_server-1] [WARN] [1783273486.064938188] [controller_server]: Control loop missed its desired rate of 20.0000Hz
[controller_server-1] [INFO] [1783273486.784012710] [local_costmap.local_costmap]: Received request to clear entirely the local_costmap
[planner_server-2] [INFO] [1783273486.784078998] [global_costmap.global_costmap]: Received request to clear entirely the global_costmap
[controller_server-1] [INFO] [1783273486.976138822] [controller_server]: Passing new path to controller.
[controller_server-1] [ERROR] [1783273487.077652489] [transformPoseInTargetFrame]: Extrapolation Error looking up target frame: Lookup would require extrapolation into the future.  Requested time 284.231000 but the latest data is at time 284.222000, when looking up transform from frame [map] to frame [leo1/base_link]
[controller_server-1] 
[controller_server-1] [WARN] [1783273487.078071128] [controller_server]: Control loop missed its desired rate of 20.0000Hz
[controller_server-1] [INFO] [1783273488.015042470] [controller_server]: Passing new path to controller.
[controller_server-1] [WARN] [1783273488.116731455] [controller_server]: Control loop missed its desired rate of 20.0000Hz
[controller_server-1] [INFO] [1783273489.026148623] [controller_server]: Passing new path to controller.
[controller_server-1] [ERROR] [1783273489.127711200] [transformPoseInTargetFrame]: Extrapolation Error looking up target frame: Lookup would require extrapolation into the future.  Requested time 286.260000 but the latest data is at time 286.222000, when looking up transform from frame [map] to frame [leo1/base_link]
[controller_server-1] 
[controller_server-1] [WARN] [1783273489.128161717] [controller_server]: Control loop missed its desired rate of 20.0000Hz
[controller_server-1] [INFO] [1783273490.066842393] [controller_server]: Passing new path to controller.
[controller_server-1] [WARN] [1783273490.138209971] [controller_server]: Control loop missed its desired rate of 20.0000Hz
[controller_server-1] [INFO] [1783273491.116821579] [controller_server]: Passing new path to controller.
[controller_server-1] [WARN] [1783273491.167960453] [controller_server]: Control loop missed its desired rate of 20.0000Hz
[controller_server-1] [INFO] [1783273492.116818092] [controller_server]: Passing new path to controller.
[controller_server-1] [WARN] [1783273492.168025160] [controller_server]: Control loop missed its desired rate of 20.0000Hz
[controller_server-1] [INFO] [1783273493.166814133] [controller_server]: Passing new path to controller.
[controller_server-1] [ERROR] [1783273493.217000738] [controller_server]: RegulatedPurePursuitController detected collision ahead!
[controller_server-1] [WARN] [1783273493.217105878] [controller_server]: [follow_path] [ActionServer] Aborting handle.
[controller_server-1] [INFO] [1783273493.227674946] [local_costmap.local_costmap]: Received request to clear entirely the local_costmap
[controller_server-1] [INFO] [1783273493.228712000] [controller_server]: Received a goal, begin computing control effort.
[controller_server-1] [WARN] [1783273493.439312536] [controller_server]: Control loop missed its desired rate of 20.0000Hz
[controller_server-1] [ERROR] [1783273493.791780034] [controller_server]: RegulatedPurePursuitController detected collision ahead!
[controller_server-1] [WARN] [1783273493.791874780] [controller_server]: [follow_path] [ActionServer] Aborting handle.
[behavior_server-3] [INFO] [1783273493.810066841] [behavior_server]: Running spin
[behavior_server-3] [INFO] [1783273493.810359435] [behavior_server]: Turning 1.57 for spin behavior.
[behavior_server-3] [INFO] [1783273495.510561222] [behavior_server]: spin completed successfully
[controller_server-1] [INFO] [1783273495.558026256] [controller_server]: Received a goal, begin computing control effort.
[controller_server-1] [WARN] [1783273495.618922721] [controller_server]: Control loop missed its desired rate of 20.0000Hz
[controller_server-1] [ERROR] [1783273495.809313241] [transformPoseInTargetFrame]: Extrapolation Error looking up target frame: Lookup would require extrapolation into the future.  Requested time 292.856000 but the latest data is at time 292.822000, when looking up transform from frame [map] to frame [leo1/base_link]
[controller_server-1] 
[controller_server-1] [WARN] [1783273495.809557645] [controller_server]: Control loop missed its desired rate of 20.0000Hz
[controller_server-1] [INFO] [1783273496.616506545] [controller_server]: Passing new path to controller.
[controller_server-1] [WARN] [1783273496.828590648] [controller_server]: Control loop missed its desired rate of 20.0000Hz
[controller_server-1] [ERROR] [1783273497.010752845] [transformPoseInTargetFrame]: Extrapolation Error looking up target frame: Lookup would require extrapolation into the future.  Requested time 294.037000 but the latest data is at time 294.022000, when looking up transform from frame [map] to frame [leo1/base_link]
[controller_server-1] 
[controller_server-1] [WARN] [1783273497.010997528] [controller_server]: Control loop missed its desired rate of 20.0000Hz
[controller_server-1] [INFO] [1783273497.619674678] [controller_server]: Passing new path to controller.
[controller_server-1] [WARN] [1783273497.841981958] [controller_server]: Control loop missed its desired rate of 20.0000Hz
[controller_server-1] [WARN] [1783273497.871133725] [controller_server]: Control loop missed its desired rate of 20.0000Hz
[controller_server-1] [ERROR] [1783273498.022276857] [transformPoseInTargetFrame]: Extrapolation Error looking up target frame: Lookup would require extrapolation into the future.  Requested time 295.023000 but the latest data is at time 295.022000, when looking up transform from frame [map] to frame [leo1/base_link]
[controller_server-1] 
[controller_server-1] [WARN] [1783273498.022543864] [controller_server]: Control loop missed its desired rate of 20.0000Hz
[controller_server-1] [INFO] [1783273498.685126073] [controller_server]: Passing new path to controller.
[controller_server-1] [ERROR] [1783273498.846872102] [transformPoseInTargetFrame]: Extrapolation Error looking up target frame: Lookup would require extrapolation into the future.  Requested time 295.842000 but the latest data is at time 295.822000, when looking up transform from frame [map] to frame [leo1/base_link]
[controller_server-1] 
[controller_server-1] [WARN] [1783273498.847130923] [controller_server]: Control loop missed its desired rate of 20.0000Hz
[controller_server-1] [INFO] [1783273499.722615988] [controller_server]: Passing new path to controller.
[controller_server-1] [ERROR] [1783273499.873783958] [transformPoseInTargetFrame]: Extrapolation Error looking up target frame: Lookup would require extrapolation into the future.  Requested time 296.851000 but the latest data is at time 296.842000, when looking up transform from frame [map] to frame [leo1/base_link]
[controller_server-1] 
[controller_server-1] [WARN] [1783273499.874076248] [controller_server]: Control loop missed its desired rate of 20.0000Hz
[controller_server-1] [INFO] [1783273500.740256592] [controller_server]: Passing new path to controller.
[controller_server-1] [WARN] [1783273500.902233862] [controller_server]: Control loop missed its desired rate of 20.0000Hz
[controller_server-1] [WARN] [1783273500.924811660] [controller_server]: Control loop missed its desired rate of 20.0000Hz
[controller_server-1] [ERROR] [1783273501.075420154] [transformPoseInTargetFrame]: Extrapolation Error looking up target frame: Lookup would require extrapolation into the future.  Requested time 298.030000 but the latest data is at time 298.022000, when looking up transform from frame [map] to frame [leo1/base_link]
[controller_server-1] 
[controller_server-1] [WARN] [1783273501.075853495] [controller_server]: Control loop missed its desired rate of 20.0000Hz
[controller_server-1] [INFO] [1783273501.743923211] [controller_server]: Passing new path to controller.
[controller_server-1] [WARN] [1783273501.916690211] [controller_server]: Control loop missed its desired rate of 20.0000Hz
[controller_server-1] [WARN] [1783273501.926921571] [controller_server]: Control loop missed its desired rate of 20.0000Hz
[controller_server-1] [WARN] [1783273502.117156391] [controller_server]: Control loop missed its desired rate of 20.0000Hz
[controller_server-1] [WARN] [1783273502.127389931] [controller_server]: Control loop missed its desired rate of 20.0000Hz
[controller_server-1] [WARN] [1783273502.317071030] [controller_server]: Control loop missed its desired rate of 20.0000Hz
[controller_server-1] [WARN] [1783273502.327375069] [controller_server]: Control loop missed its desired rate of 20.0000Hz
[controller_server-1] [WARN] [1783273502.528165308] [controller_server]: Control loop missed its desired rate of 20.0000Hz
[controller_server-1] [WARN] [1783273502.729930566] [controller_server]: Control loop missed its desired rate of 20.0000Hz
[controller_server-1] [INFO] [1783273502.778246391] [controller_server]: Passing new path to controller.
[controller_server-1] [WARN] [1783273502.947607076] [controller_server]: Control loop missed its desired rate of 20.0000Hz
[controller_server-1] [ERROR] [1783273503.119129046] [transformPoseInTargetFrame]: Extrapolation Error looking up target frame: Lookup would require extrapolation into the future.  Requested time 300.033000 but the latest data is at time 300.022000, when looking up transform from frame [map] to frame [leo1/base_link]
[controller_server-1] 
[controller_server-1] [WARN] [1783273503.119394925] [controller_server]: Control loop missed its desired rate of 20.0000Hz
[controller_server-1] [INFO] [1783273503.797704524] [controller_server]: Passing new path to controller.
[controller_server-1] [WARN] [1783273503.948892432] [controller_server]: Control loop missed its desired rate of 20.0000Hz
[controller_server-1] [WARN] [1783273504.160655589] [controller_server]: Control loop missed its desired rate of 20.0000Hz
[controller_server-1] [ERROR] [1783273504.350098647] [transformPoseInTargetFrame]: Extrapolation Error looking up target frame: Lookup would require extrapolation into the future.  Requested time 301.243000 but the latest data is at time 301.222000, when looking up transform from frame [map] to frame [leo1/base_link]
[controller_server-1] 
[controller_server-1] [WARN] [1783273504.350433845] [controller_server]: Control loop missed its desired rate of 20.0000Hz
[controller_server-1] [INFO] [1783273504.854029210] [controller_server]: Passing new path to controller.
[controller_server-1] [ERROR] [1783273504.955844051] [transformPoseInTargetFrame]: Extrapolation Error looking up target frame: Lookup would require extrapolation into the future.  Requested time 301.840000 but the latest data is at time 301.822000, when looking up transform from frame [map] to frame [leo1/base_link]
[controller_server-1] 
[controller_server-1] [WARN] [1783273504.956321718] [controller_server]: Control loop missed its desired rate of 20.0000Hz
[controller_server-1] [INFO] [1783273505.900502481] [controller_server]: Passing new path to controller.
[controller_server-1] [WARN] [1783273505.991947492] [controller_server]: Control loop missed its desired rate of 20.0000Hz
[controller_server-1] [WARN] [1783273506.002216012] [controller_server]: Control loop missed its desired rate of 20.0000Hz
[controller_server-1] [WARN] [1783273506.201927728] [controller_server]: Control loop missed its desired rate of 20.0000Hz
[controller_server-1] [ERROR] [1783273506.373674857] [transformPoseInTargetFrame]: Extrapolation Error looking up target frame: Lookup would require extrapolation into the future.  Requested time 303.232000 but the latest data is at time 303.222000, when looking up transform from frame [map] to frame [leo1/base_link]
[controller_server-1] 
[controller_server-1] [WARN] [1783273506.373940741] [controller_server]: Control loop missed its desired rate of 20.0000Hz
[controller_server-1] [INFO] [1783273506.902022190] [controller_server]: Passing new path to controller.
[controller_server-1] [WARN] [1783273507.053597467] [controller_server]: Control loop missed its desired rate of 20.0000Hz
[controller_server-1] [WARN] [1783273507.241230611] [controller_server]: Control loop missed its desired rate of 20.0000Hz
[controller_server-1] [WARN] [1783273507.276518759] [controller_server]: Control loop missed its desired rate of 20.0000Hz
[controller_server-1] [ERROR] [1783273507.404980489] [transformPoseInTargetFrame]: Extrapolation Error looking up target frame: Lookup would require extrapolation into the future.  Requested time 304.234000 but the latest data is at time 304.222000, when looking up transform from frame [map] to frame [leo1/base_link]
[controller_server-1] 
[controller_server-1] [WARN] [1783273507.405411350] [controller_server]: Control loop missed its desired rate of 20.0000Hz
[controller_server-1] [INFO] [1783273507.959237066] [controller_server]: Passing new path to controller.
[controller_server-1] [ERROR] [1783273508.206673208] [transformPoseInTargetFrame]: Extrapolation Error looking up target frame: Lookup would require extrapolation into the future.  Requested time 305.028000 but the latest data is at time 305.022000, when looking up transform from frame [map] to frame [leo1/base_link]
[controller_server-1] 
[controller_server-1] [WARN] [1783273508.207051105] [controller_server]: Control loop missed its desired rate of 20.0000Hz
[controller_server-1] [INFO] [1783273508.963812195] [controller_server]: Passing new path to controller.
[controller_server-1] [ERROR] [1783273509.065469548] [transformPoseInTargetFrame]: Extrapolation Error looking up target frame: Lookup would require extrapolation into the future.  Requested time 305.879000 but the latest data is at time 305.842000, when looking up transform from frame [map] to frame [leo1/base_link]
[controller_server-1] 
[controller_server-1] [WARN] [1783273509.065800851] [controller_server]: Control loop missed its desired rate of 20.0000Hz
[controller_server-1] [INFO] [1783273510.007133274] [controller_server]: Passing new path to controller.
[controller_server-1] [WARN] [1783273510.068519491] [controller_server]: Control loop missed its desired rate of 20.0000Hz
[controller_server-1] [ERROR] [1783273510.258375928] [transformPoseInTargetFrame]: Extrapolation Error looking up target frame: Lookup would require extrapolation into the future.  Requested time 307.054000 but the latest data is at time 307.042000, when looking up transform from frame [map] to frame [leo1/base_link]
[controller_server-1] 
[controller_server-1] [WARN] [1783273510.258670367] [controller_server]: Control loop missed its desired rate of 20.0000Hz
[controller_server-1] [INFO] [1783273511.039002924] [controller_server]: Passing new path to controller.
[controller_server-1] [WARN] [1783273511.110563358] [controller_server]: Control loop missed its desired rate of 20.0000Hz
[controller_server-1] [INFO] [1783273512.058775411] [controller_server]: Passing new path to controller.
[controller_server-1] [WARN] [1783273512.109905535] [controller_server]: Control loop missed its desired rate of 20.0000Hz
[controller_server-1] [ERROR] [1783273512.358908628] [controller_server]: RegulatedPurePursuitController detected collision ahead!
[controller_server-1] [WARN] [1783273512.359094938] [controller_server]: [follow_path] [ActionServer] Aborting handle.
[controller_server-1] [INFO] [1783273512.375843581] [local_costmap.local_costmap]: Received request to clear entirely the local_costmap
[controller_server-1] [INFO] [1783273512.376695386] [controller_server]: Received a goal, begin computing control effort.
[controller_server-1] [WARN] [1783273512.538416773] [controller_server]: Control loop missed its desired rate of 20.0000Hz
[controller_server-1] [INFO] [1783273513.092020965] [controller_server]: Passing new path to controller.
[controller_server-1] [INFO] [1783273514.119190365] [controller_server]: Passing new path to controller.
[controller_server-1] [INFO] [1783273515.138501650] [controller_server]: Passing new path to controller.
[controller_server-1] [INFO] [1783273516.188497513] [controller_server]: Passing new path to controller.
[controller_server-1] [INFO] [1783273517.188493020] [controller_server]: Passing new path to controller.
[controller_server-1] [INFO] [1783273518.238498777] [controller_server]: Passing new path to controller.
[controller_server-1] [INFO] [1783273519.238537378] [controller_server]: Passing new path to controller.
[bt_navigator-4] [INFO] [1783273519.325847129] [bt_navigator]: Received goal preemption request
[bt_navigator-4] [INFO] [1783273519.326629354] [bt_navigator]: Begin navigating from current location (2.85, 1.53) to (5.79, 4.59)
[controller_server-1] [INFO] [1783273520.288495985] [controller_server]: Passing new path to controller.
[controller_server-1] [WARN] [1783273520.439704980] [controller_server]: Control loop missed its desired rate of 20.0000Hz
[controller_server-1] [ERROR] [1783273520.612967464] [transformPoseInTargetFrame]: Extrapolation Error looking up target frame: Lookup would require extrapolation into the future.  Requested time 317.234000 but the latest data is at time 317.222000, when looking up transform from frame [map] to frame [leo1/base_link]
[controller_server-1] 
[controller_server-1] [WARN] [1783273520.614151543] [controller_server]: Control loop missed its desired rate of 20.0000Hz
[controller_server-1] [INFO] [1783273521.339806939] [controller_server]: Passing new path to controller.
[controller_server-1] [ERROR] [1783273521.441496256] [transformPoseInTargetFrame]: Extrapolation Error looking up target frame: Lookup would require extrapolation into the future.  Requested time 318.051000 but the latest data is at time 318.042000, when looking up transform from frame [map] to frame [leo1/base_link]
[controller_server-1] 
[controller_server-1] [WARN] [1783273521.442436218] [controller_server]: Control loop missed its desired rate of 20.0000Hz
[controller_server-1] [INFO] [1783273522.364891369] [controller_server]: Passing new path to controller.
[controller_server-1] [ERROR] [1783273522.466469675] [transformPoseInTargetFrame]: Extrapolation Error looking up target frame: Lookup would require extrapolation into the future.  Requested time 319.064000 but the latest data is at time 319.042000, when looking up transform from frame [map] to frame [leo1/base_link]
[controller_server-1] 
[controller_server-1] [WARN] [1783273522.467416837] [controller_server]: Control loop missed its desired rate of 20.0000Hz
[controller_server-1] [INFO] [1783273523.392516654] [controller_server]: Passing new path to controller.
[controller_server-1] [WARN] [1783273523.494099257] [controller_server]: Control loop missed its desired rate of 20.0000Hz
[controller_server-1] [ERROR] [1783273523.660026775] [transformPoseInTargetFrame]: Extrapolation Error looking up target frame: Lookup would require extrapolation into the future.  Requested time 320.231000 but the latest data is at time 320.222000, when looking up transform from frame [map] to frame [leo1/base_link]
[controller_server-1] 
[controller_server-1] [WARN] [1783273523.661010908] [controller_server]: Control loop missed its desired rate of 20.0000Hz
[controller_server-1] [INFO] [1783273524.394182700] [controller_server]: Passing new path to controller.
[controller_server-1] [ERROR] [1783273524.495880495] [transformPoseInTargetFrame]: Extrapolation Error looking up target frame: Lookup would require extrapolation into the future.  Requested time 321.050000 but the latest data is at time 321.022000, when looking up transform from frame [map] to frame [leo1/base_link]
[controller_server-1] 
[controller_server-1] [WARN] [1783273524.499115237] [controller_server]: Control loop missed its desired rate of 20.0000Hz
[controller_server-1] [INFO] [1783273525.418665386] [controller_server]: Passing new path to controller.
[controller_server-1] [ERROR] [1783273525.520288373] [transformPoseInTargetFrame]: Extrapolation Error looking up target frame: Lookup would require extrapolation into the future.  Requested time 322.057000 but the latest data is at time 322.042000, when looking up transform from frame [map] to frame [leo1/base_link]
[controller_server-1] 
[controller_server-1] [WARN] [1783273525.521364764] [controller_server]: Control loop missed its desired rate of 20.0000Hz
[controller_server-1] [INFO] [1783273526.449202375] [controller_server]: Passing new path to controller.
[controller_server-1] [ERROR] [1783273526.550825821] [transformPoseInTargetFrame]: Extrapolation Error looking up target frame: Lookup would require extrapolation into the future.  Requested time 323.053000 but the latest data is at time 323.042000, when looking up transform from frame [map] to frame [leo1/base_link]
[controller_server-1] 
[controller_server-1] [WARN] [1783273526.551682977] [controller_server]: Control loop missed its desired rate of 20.0000Hz
[controller_server-1] [INFO] [1783273527.473319886] [controller_server]: Passing new path to controller.
[controller_server-1] [ERROR] [1783273527.575018899] [transformPoseInTargetFrame]: Extrapolation Error looking up target frame: Lookup would require extrapolation into the future.  Requested time 324.061000 but the latest data is at time 324.022000, when looking up transform from frame [map] to frame [leo1/base_link]
[controller_server-1] 
[controller_server-1] [WARN] [1783273527.576565974] [controller_server]: Control loop missed its desired rate of 20.0000Hz
[controller_server-1] [INFO] [1783273528.501775031] [controller_server]: Passing new path to controller.
[controller_server-1] [ERROR] [1783273528.603450216] [transformPoseInTargetFrame]: Extrapolation Error looking up target frame: Lookup would require extrapolation into the future.  Requested time 325.063000 but the latest data is at time 325.042000, when looking up transform from frame [map] to frame [leo1/base_link]
[controller_server-1] 
[controller_server-1] [WARN] [1783273528.604968178] [controller_server]: Control loop missed its desired rate of 20.0000Hz
[controller_server-1] [INFO] [1783273529.533364213] [controller_server]: Passing new path to controller.
[controller_server-1] [WARN] [1783273529.624721346] [controller_server]: Control loop missed its desired rate of 20.0000Hz
[controller_server-1] [ERROR] [1783273529.806165055] [transformPoseInTargetFrame]: Extrapolation Error looking up target frame: Lookup would require extrapolation into the future.  Requested time 326.240000 but the latest data is at time 326.222000, when looking up transform from frame [map] to frame [leo1/base_link]
[controller_server-1] 
[controller_server-1] [WARN] [1783273529.806989155] [controller_server]: Control loop missed its desired rate of 20.0000Hz
[controller_server-1] [INFO] [1783273530.583355273] [controller_server]: Passing new path to controller.
[controller_server-1] [ERROR] [1783273530.808149844] [transformPoseInTargetFrame]: Extrapolation Error looking up target frame: Lookup would require extrapolation into the future.  Requested time 327.228000 but the latest data is at time 327.222000, when looking up transform from frame [map] to frame [leo1/base_link]
[controller_server-1] 
[controller_server-1] [WARN] [1783273530.809024624] [controller_server]: Control loop missed its desired rate of 20.0000Hz
[controller_server-1] [INFO] [1783273531.635842275] [controller_server]: Passing new path to controller.
[controller_server-1] [WARN] [1783273531.860444933] [controller_server]: Control loop missed its desired rate of 20.0000Hz
[controller_server-1] [ERROR] [1783273532.045328016] [transformPoseInTargetFrame]: Extrapolation Error looking up target frame: Lookup would require extrapolation into the future.  Requested time 328.449000 but the latest data is at time 328.422000, when looking up transform from frame [map] to frame [leo1/base_link]
[controller_server-1] 
[controller_server-1] [WARN] [1783273532.046188753] [controller_server]: Control loop missed its desired rate of 20.0000Hz
[controller_server-1] [INFO] [1783273532.660537773] [controller_server]: Passing new path to controller.
[controller_server-1] [ERROR] [1783273532.861814562] [transformPoseInTargetFrame]: Extrapolation Error looking up target frame: Lookup would require extrapolation into the future.  Requested time 329.251000 but the latest data is at time 329.222000, when looking up transform from frame [map] to frame [leo1/base_link]
[controller_server-1] 
[controller_server-1] [WARN] [1783273532.862725117] [controller_server]: Control loop missed its desired rate of 20.0000Hz
[controller_server-1] [INFO] [1783273533.695606715] [controller_server]: Passing new path to controller.
[controller_server-1] [ERROR] [1783273533.867449239] [transformPoseInTargetFrame]: Extrapolation Error looking up target frame: Lookup would require extrapolation into the future.  Requested time 330.232000 but the latest data is at time 330.222000, when looking up transform from frame [map] to frame [leo1/base_link]
[controller_server-1] 
[controller_server-1] [WARN] [1783273533.868350553] [controller_server]: Control loop missed its desired rate of 20.0000Hz
[controller_server-1] [INFO] [1783273534.721326879] [controller_server]: Passing new path to controller.
[controller_server-1] [ERROR] [1783273534.872481589] [transformPoseInTargetFrame]: Extrapolation Error looking up target frame: Lookup would require extrapolation into the future.  Requested time 331.227000 but the latest data is at time 331.222000, when looking up transform from frame [map] to frame [leo1/base_link]
[controller_server-1] 
[controller_server-1] [WARN] [1783273534.874128842] [controller_server]: Control loop missed its desired rate of 20.0000Hz
[controller_server-1] [INFO] [1783273535.739401188] [controller_server]: Passing new path to controller.
[controller_server-1] [WARN] [1783273535.911518446] [controller_server]: Control loop missed its desired rate of 20.0000Hz
[controller_server-1] [WARN] [1783273536.115354342] [controller_server]: Control loop missed its desired rate of 20.0000Hz
[controller_server-1] [WARN] [1783273536.125862782] [controller_server]: Control loop missed its desired rate of 20.0000Hz
[controller_server-1] [WARN] [1783273536.315359583] [controller_server]: Control loop missed its desired rate of 20.0000Hz
[controller_server-1] [WARN] [1783273536.325594682] [controller_server]: Control loop missed its desired rate of 20.0000Hz
[controller_server-1] [WARN] [1783273536.515304019] [controller_server]: Control loop missed its desired rate of 20.0000Hz
[controller_server-1] [WARN] [1783273536.526280238] [controller_server]: Control loop missed its desired rate of 20.0000Hz
[controller_server-1] [WARN] [1783273536.725554606] [controller_server]: Control loop missed its desired rate of 20.0000Hz
[controller_server-1] [INFO] [1783273536.785982411] [controller_server]: Passing new path to controller.
[controller_server-1] [WARN] [1783273536.927920607] [controller_server]: Control loop missed its desired rate of 20.0000Hz
[controller_server-1] [WARN] [1783273537.126892773] [controller_server]: Control loop missed its desired rate of 20.0000Hz
[controller_server-1] [WARN] [1783273537.338878453] [controller_server]: Control loop missed its desired rate of 20.0000Hz
[controller_server-1] [WARN] [1783273537.528146374] [controller_server]: Control loop missed its desired rate of 20.0000Hz
[controller_server-1] [WARN] [1783273537.741427716] [controller_server]: Control loop missed its desired rate of 20.0000Hz
[controller_server-1] [INFO] [1783273537.778225681] [controller_server]: Passing new path to controller.
[controller_server-1] [ERROR] [1783273537.929397962] [transformPoseInTargetFrame]: Extrapolation Error looking up target frame: Lookup would require extrapolation into the future.  Requested time 334.243000 but the latest data is at time 334.222000, when looking up transform from frame [map] to frame [leo1/base_link]
[controller_server-1] 
[controller_server-1] [WARN] [1783273537.930943090] [controller_server]: Control loop missed its desired rate of 20.0000Hz
[controller_server-1] [INFO] [1783273538.796896239] [controller_server]: Passing new path to controller.
[controller_server-1] [WARN] [1783273538.958803418] [controller_server]: Control loop missed its desired rate of 20.0000Hz
[controller_server-1] [ERROR] [1783273539.132233556] [transformPoseInTargetFrame]: Extrapolation Error looking up target frame: Lookup would require extrapolation into the future.  Requested time 335.426000 but the latest data is at time 335.422000, when looking up transform from frame [map] to frame [leo1/base_link]
[controller_server-1] 
[controller_server-1] [WARN] [1783273539.133198806] [controller_server]: Control loop missed its desired rate of 20.0000Hz
[controller_server-1] [INFO] [1783273539.847324158] [controller_server]: Passing new path to controller.
[controller_server-1] [ERROR] [1783273539.948873880] [transformPoseInTargetFrame]: Extrapolation Error looking up target frame: Lookup would require extrapolation into the future.  Requested time 336.233000 but the latest data is at time 336.222000, when looking up transform from frame [map] to frame [leo1/base_link]
[controller_server-1] 
[controller_server-1] [WARN] [1783273539.949768145] [controller_server]: Control loop missed its desired rate of 20.0000Hz
[controller_server-1] [INFO] [1783273540.883310751] [controller_server]: Passing new path to controller.
[controller_server-1] [ERROR] [1783273540.985145918] [transformPoseInTargetFrame]: Extrapolation Error looking up target frame: Lookup would require extrapolation into the future.  Requested time 337.253000 but the latest data is at time 337.222000, when looking up transform from frame [map] to frame [leo1/base_link]
[controller_server-1] 
[controller_server-1] [WARN] [1783273540.985993629] [controller_server]: Control loop missed its desired rate of 20.0000Hz
[controller_server-1] [INFO] [1783273541.904852082] [controller_server]: Passing new path to controller.
[controller_server-1] [WARN] [1783273541.996227832] [controller_server]: Control loop missed its desired rate of 20.0000Hz
[controller_server-1] [ERROR] [1783273542.187131225] [transformPoseInTargetFrame]: Extrapolation Error looking up target frame: Lookup would require extrapolation into the future.  Requested time 338.442000 but the latest data is at time 338.422000, when looking up transform from frame [map] to frame [leo1/base_link]
[controller_server-1] 
[controller_server-1] [WARN] [1783273542.187990958] [controller_server]: Control loop missed its desired rate of 20.0000Hz
[controller_server-1] [INFO] [1783273542.955411988] [controller_server]: Passing new path to controller.
[controller_server-1] [ERROR] [1783273543.189148046] [transformPoseInTargetFrame]: Extrapolation Error looking up target frame: Lookup would require extrapolation into the future.  Requested time 339.432000 but the latest data is at time 339.422000, when looking up transform from frame [map] to frame [leo1/base_link]
[controller_server-1] 
[controller_server-1] [WARN] [1783273543.190002319] [controller_server]: Control loop missed its desired rate of 20.0000Hz
[controller_server-1] [INFO] [1783273543.956536143] [controller_server]: Passing new path to controller.
[controller_server-1] [WARN] [1783273544.241565907] [controller_server]: Control loop missed its desired rate of 20.0000Hz
[controller_server-1] [WARN] [1783273544.443325330] [controller_server]: Control loop missed its desired rate of 20.0000Hz
[controller_server-1] [WARN] [1783273544.642821741] [controller_server]: Control loop missed its desired rate of 20.0000Hz
[controller_server-1] [WARN] [1783273544.844660589] [controller_server]: Control loop missed its desired rate of 20.0000Hz
[controller_server-1] [WARN] [1783273545.044106643] [controller_server]: Control loop missed its desired rate of 20.0000Hz
[controller_server-1] [INFO] [1783273545.044142046] [controller_server]: Passing new path to controller.
[controller_server-1] [WARN] [1783273545.276842199] [controller_server]: Control loop missed its desired rate of 20.0000Hz
[controller_server-1] [ERROR] [1783273545.445381069] [transformPoseInTargetFrame]: Extrapolation Error looking up target frame: Lookup would require extrapolation into the future.  Requested time 341.655000 but the latest data is at time 341.642000, when looking up transform from frame [map] to frame [leo1/base_link]
[controller_server-1] 
[controller_server-1] [WARN] [1783273545.446332957] [controller_server]: Control loop missed its desired rate of 20.0000Hz
[controller_server-1] [INFO] [1783273546.008593320] [controller_server]: Passing new path to controller.
[controller_server-1] [WARN] [1783273546.121037358] [controller_server]: Control loop missed its desired rate of 20.0000Hz
[controller_server-1] [WARN] [1783273546.156186924] [controller_server]: Control loop missed its desired rate of 20.0000Hz
[controller_server-1] [ERROR] [1783273546.267800932] [transformPoseInTargetFrame]: Extrapolation Error looking up target frame: Lookup would require extrapolation into the future.  Requested time 342.452000 but the latest data is at time 342.442000, when looking up transform from frame [map] to frame [leo1/base_link]
[controller_server-1] 
[controller_server-1] [WARN] [1783273546.269076101] [controller_server]: Control loop missed its desired rate of 20.0000Hz
[controller_server-1] [INFO] [1783273547.040568483] [controller_server]: Passing new path to controller.
[controller_server-1] [INFO] [1783273548.069180395] [controller_server]: Passing new path to controller.
[controller_server-1] [INFO] [1783273549.119165213] [controller_server]: Passing new path to controller.
[controller_server-1] [INFO] [1783273550.169165201] [controller_server]: Passing new path to controller.
[controller_server-1] [INFO] [1783273551.169147583] [controller_server]: Passing new path to controller.
[controller_server-1] [INFO] [1783273552.219183761] [controller_server]: Passing new path to controller.
[controller_server-1] [ERROR] [1783273552.321021498] [transformPoseInTargetFrame]: Extrapolation Error looking up target frame: Lookup would require extrapolation into the future.  Requested time 348.426000 but the latest data is at time 348.422000, when looking up transform from frame [map] to frame [leo1/base_link]
[controller_server-1] 
[controller_server-1] [WARN] [1783273552.322136302] [controller_server]: Control loop missed its desired rate of 20.0000Hz
[controller_server-1] [INFO] [1783273553.241060013] [controller_server]: Passing new path to controller.
[controller_server-1] [ERROR] [1783273553.342696923] [transformPoseInTargetFrame]: Extrapolation Error looking up target frame: Lookup would require extrapolation into the future.  Requested time 349.437000 but the latest data is at time 349.422000, when looking up transform from frame [map] to frame [leo1/base_link]
[controller_server-1] 
[controller_server-1] [WARN] [1783273553.343534283] [controller_server]: Control loop missed its desired rate of 20.0000Hz
[controller_server-1] [INFO] [1783273554.272227425] [controller_server]: Passing new path to controller.
[controller_server-1] [ERROR] [1783273554.373944770] [transformPoseInTargetFrame]: Extrapolation Error looking up target frame: Lookup would require extrapolation into the future.  Requested time 350.447000 but the latest data is at time 350.442000, when looking up transform from frame [map] to frame [leo1/base_link]
[controller_server-1] 
[controller_server-1] [WARN] [1783273554.374703573] [controller_server]: Control loop missed its desired rate of 20.0000Hz
[controller_server-1] [INFO] [1783273555.292974578] [controller_server]: Passing new path to controller.
[controller_server-1] [ERROR] [1783273555.395001654] [transformPoseInTargetFrame]: Extrapolation Error looking up target frame: Lookup would require extrapolation into the future.  Requested time 351.456000 but the latest data is at time 351.442000, when looking up transform from frame [map] to frame [leo1/base_link]
[controller_server-1] 
[controller_server-1] [WARN] [1783273555.396538833] [controller_server]: Control loop missed its desired rate of 20.0000Hz
[controller_server-1] [INFO] [1783273556.324789999] [controller_server]: Passing new path to controller.
[controller_server-1] [ERROR] [1783273556.426459361] [transformPoseInTargetFrame]: Extrapolation Error looking up target frame: Lookup would require extrapolation into the future.  Requested time 352.475000 but the latest data is at time 352.442000, when looking up transform from frame [map] to frame [leo1/base_link]
[controller_server-1] 
[controller_server-1] [WARN] [1783273556.434662642] [controller_server]: Control loop missed its desired rate of 20.0000Hz
[controller_server-1] [INFO] [1783273557.351866004] [controller_server]: Passing new path to controller.
[controller_server-1] [WARN] [1783273557.444248093] [controller_server]: Control loop missed its desired rate of 20.0000Hz
[controller_server-1] [INFO] [1783273558.384750032] [controller_server]: Passing new path to controller.
[controller_server-1] [WARN] [1783273558.456438994] [controller_server]: Control loop missed its desired rate of 20.0000Hz
[controller_server-1] [INFO] [1783273559.434748111] [controller_server]: Passing new path to controller.
[controller_server-1] [WARN] [1783273559.486218579] [controller_server]: Control loop missed its desired rate of 20.0000Hz
[controller_server-1] [INFO] [1783273560.434759524] [controller_server]: Passing new path to controller.
[controller_server-1] [WARN] [1783273560.486671375] [controller_server]: Control loop missed its desired rate of 20.0000Hz
[controller_server-1] [INFO] [1783273561.484761193] [controller_server]: Passing new path to controller.
[controller_server-1] [INFO] [1783273562.534756640] [controller_server]: Passing new path to controller.
[controller_server-1] [INFO] [1783273563.543347391] [controller_server]: Passing new path to controller.
[controller_server-1] [INFO] [1783273564.593358321] [controller_server]: Passing new path to controller.
[controller_server-1] [INFO] [1783273565.593370100] [controller_server]: Passing new path to controller.
[controller_server-1] [INFO] [1783273566.643350836] [controller_server]: Passing new path to controller.
[controller_server-1] [INFO] [1783273567.643328106] [controller_server]: Passing new path to controller.
[planner_server-2] [INFO] [1783273567.755792111] [global_costmap.global_costmap]: StaticLayer: Resizing costmap to 283 X 281 at 0.050000 m/pix
[bt_navigator-4] [INFO] [1783273568.142951415] [bt_navigator]: Received goal preemption request
[bt_navigator-4] [INFO] [1783273568.143963638] [bt_navigator]: Begin navigating from current location (5.95, 3.41) to (4.64, -5.06)
[controller_server-1] [INFO] [1783273568.693371571] [controller_server]: Passing new path to controller.
[controller_server-1] [ERROR] [1783273568.844582970] [transformPoseInTargetFrame]: Extrapolation Error looking up target frame: Lookup would require extrapolation into the future.  Requested time 364.667000 but the latest data is at time 364.622000, when looking up transform from frame [map] to frame [leo1/base_link]
[controller_server-1] 
[controller_server-1] [WARN] [1783273568.845302997] [controller_server]: Control loop missed its desired rate of 20.0000Hz
[controller_server-1] [INFO] [1783273569.716301293] [controller_server]: Passing new path to controller.
[controller_server-1] [ERROR] [1783273569.818170578] [transformPoseInTargetFrame]: Extrapolation Error looking up target frame: Lookup would require extrapolation into the future.  Requested time 365.627000 but the latest data is at time 365.622000, when looking up transform from frame [map] to frame [leo1/base_link]
[controller_server-1] 
[controller_server-1] [WARN] [1783273569.818923625] [controller_server]: Control loop missed its desired rate of 20.0000Hz
[controller_server-1] [INFO] [1783273570.745384639] [controller_server]: Passing new path to controller.
[controller_server-1] [ERROR] [1783273570.847029423] [transformPoseInTargetFrame]: Extrapolation Error looking up target frame: Lookup would require extrapolation into the future.  Requested time 366.648000 but the latest data is at time 366.622000, when looking up transform from frame [map] to frame [leo1/base_link]
[controller_server-1] 
[controller_server-1] [WARN] [1783273570.847977449] [controller_server]: Control loop missed its desired rate of 20.0000Hz
[controller_server-1] [INFO] [1783273571.767111182] [controller_server]: Passing new path to controller.
[controller_server-1] [ERROR] [1783273571.868691657] [transformPoseInTargetFrame]: Extrapolation Error looking up target frame: Lookup would require extrapolation into the future.  Requested time 367.662000 but the latest data is at time 367.622000, when looking up transform from frame [map] to frame [leo1/base_link]
[controller_server-1] 
[controller_server-1] [WARN] [1783273571.869476755] [controller_server]: Control loop missed its desired rate of 20.0000Hz
[controller_server-1] [INFO] [1783273572.798083186] [controller_server]: Passing new path to controller.
[controller_server-1] [WARN] [1783273572.899796644] [controller_server]: Control loop missed its desired rate of 20.0000Hz
[controller_server-1] [ERROR] [1783273573.075451591] [transformPoseInTargetFrame]: Extrapolation Error looking up target frame: Lookup would require extrapolation into the future.  Requested time 368.852000 but the latest data is at time 368.822000, when looking up transform from frame [map] to frame [leo1/base_link]
[controller_server-1] 
[controller_server-1] [WARN] [1783273573.076272626] [controller_server]: Control loop missed its desired rate of 20.0000Hz
[controller_server-1] [INFO] [1783273573.849935037] [controller_server]: Passing new path to controller.
[controller_server-1] [WARN] [1783273573.911171104] [controller_server]: Control loop missed its desired rate of 20.0000Hz
[controller_server-1] [WARN] [1783273574.101192324] [controller_server]: Control loop missed its desired rate of 20.0000Hz
[controller_server-1] [ERROR] [1783273574.274557376] [transformPoseInTargetFrame]: Extrapolation Error looking up target frame: Lookup would require extrapolation into the future.  Requested time 370.038000 but the latest data is at time 370.022000, when looking up transform from frame [map] to frame [leo1/base_link]
[controller_server-1] 
[controller_server-1] [WARN] [1783273574.275667465] [controller_server]: Control loop missed its desired rate of 20.0000Hz
[controller_server-1] [INFO] [1783273574.851289282] [controller_server]: Passing new path to controller.
[controller_server-1] [WARN] [1783273574.932931434] [controller_server]: Control loop missed its desired rate of 20.0000Hz
[controller_server-1] [WARN] [1783273574.953460034] [controller_server]: Control loop missed its desired rate of 20.0000Hz
[controller_server-1] [ERROR] [1783273575.102506394] [transformPoseInTargetFrame]: Extrapolation Error looking up target frame: Lookup would require extrapolation into the future.  Requested time 370.855000 but the latest data is at time 370.822000, when looking up transform from frame [map] to frame [leo1/base_link]
[controller_server-1] 
[controller_server-1] [WARN] [1783273575.103235466] [controller_server]: Control loop missed its desired rate of 20.0000Hz
[controller_server-1] [INFO] [1783273575.919407607] [controller_server]: Passing new path to controller.
[controller_server-1] [ERROR] [1783273576.091157562] [transformPoseInTargetFrame]: Extrapolation Error looking up target frame: Lookup would require extrapolation into the future.  Requested time 371.833000 but the latest data is at time 371.822000, when looking up transform from frame [map] to frame [leo1/base_link]
[controller_server-1] 
[controller_server-1] [WARN] [1783273576.091901342] [controller_server]: Control loop missed its desired rate of 20.0000Hz
[controller_server-1] [INFO] [1783273576.953325337] [controller_server]: Passing new path to controller.
[controller_server-1] [ERROR] [1783273577.104448995] [transformPoseInTargetFrame]: Extrapolation Error looking up target frame: Lookup would require extrapolation into the future.  Requested time 372.837000 but the latest data is at time 372.822000, when looking up transform from frame [map] to frame [leo1/base_link]
[controller_server-1] 
[controller_server-1] [WARN] [1783273577.105280050] [controller_server]: Control loop missed its desired rate of 20.0000Hz
[controller_server-1] [INFO] [1783273577.971221156] [controller_server]: Passing new path to controller.
[controller_server-1] [WARN] [1783273578.133039253] [controller_server]: Control loop missed its desired rate of 20.0000Hz
[controller_server-1] [ERROR] [1783273578.306528054] [transformPoseInTargetFrame]: Extrapolation Error looking up target frame: Lookup would require extrapolation into the future.  Requested time 374.030000 but the latest data is at time 374.022000, when looking up transform from frame [map] to frame [leo1/base_link]
[controller_server-1] 
[controller_server-1] [WARN] [1783273578.307431733] [controller_server]: Control loop missed its desired rate of 20.0000Hz
[controller_server-1] [INFO] [1783273578.970052016] [controller_server]: Passing new path to controller.
[controller_server-1] [ERROR] [1783273579.142054772] [transformPoseInTargetFrame]: Extrapolation Error looking up target frame: Lookup would require extrapolation into the future.  Requested time 374.856000 but the latest data is at time 374.822000, when looking up transform from frame [map] to frame [leo1/base_link]
[controller_server-1] 
[controller_server-1] [WARN] [1783273579.142820797] [controller_server]: Control loop missed its desired rate of 20.0000Hz
[controller_server-1] [INFO] [1783273580.007509984] [controller_server]: Passing new path to controller.
[controller_server-1] [WARN] [1783273580.148648640] [controller_server]: Control loop missed its desired rate of 20.0000Hz
[controller_server-1] [WARN] [1783273580.158900392] [controller_server]: Control loop missed its desired rate of 20.0000Hz
[controller_server-1] [WARN] [1783273580.358736300] [controller_server]: Control loop missed its desired rate of 20.0000Hz
[controller_server-1] [WARN] [1783273580.560434779] [controller_server]: Control loop missed its desired rate of 20.0000Hz
[controller_server-1] [WARN] [1783273580.760226473] [controller_server]: Control loop missed its desired rate of 20.0000Hz
[controller_server-1] [WARN] [1783273580.961965710] [controller_server]: Control loop missed its desired rate of 20.0000Hz
[controller_server-1] [INFO] [1783273581.060303338] [controller_server]: Passing new path to controller.
[controller_server-1] [WARN] [1783273581.161947519] [controller_server]: Control loop missed its desired rate of 20.0000Hz
[controller_server-1] [WARN] [1783273581.363566758] [controller_server]: Control loop missed its desired rate of 20.0000Hz
[controller_server-1] [ERROR] [1783273581.563260299] [transformPoseInTargetFrame]: Extrapolation Error looking up target frame: Lookup would require extrapolation into the future.  Requested time 377.251000 but the latest data is at time 377.222000, when looking up transform from frame [map] to frame [leo1/base_link]
[controller_server-1] 
[controller_server-1] [WARN] [1783273581.564037355] [controller_server]: Control loop missed its desired rate of 20.0000Hz
[controller_server-1] [INFO] [1783273582.074447939] [controller_server]: Passing new path to controller.
[controller_server-1] [ERROR] [1783273582.176363321] [transformPoseInTargetFrame]: Extrapolation Error looking up target frame: Lookup would require extrapolation into the future.  Requested time 377.857000 but the latest data is at time 377.822000, when looking up transform from frame [map] to frame [leo1/base_link]
[controller_server-1] 
[controller_server-1] [WARN] [1783273582.177095687] [controller_server]: Control loop missed its desired rate of 20.0000Hz
[controller_server-1] [INFO] [1783273583.114127487] [controller_server]: Passing new path to controller.
[controller_server-1] [WARN] [1783273583.205661988] [controller_server]: Control loop missed its desired rate of 20.0000Hz
[controller_server-1] [WARN] [1783273583.215920561] [controller_server]: Control loop missed its desired rate of 20.0000Hz
[controller_server-1] [ERROR] [1783273583.365446788] [transformPoseInTargetFrame]: Extrapolation Error looking up target frame: Lookup would require extrapolation into the future.  Requested time 379.032000 but the latest data is at time 379.022000, when looking up transform from frame [map] to frame [leo1/base_link]
[controller_server-1] 
[controller_server-1] [WARN] [1783273583.366623760] [controller_server]: Control loop missed its desired rate of 20.0000Hz
[controller_server-1] [INFO] [1783273584.130637470] [controller_server]: Passing new path to controller.
[controller_server-1] [WARN] [1783273584.418141851] [controller_server]: Control loop missed its desired rate of 20.0000Hz
[controller_server-1] [ERROR] [1783273584.579774787] [transformPoseInTargetFrame]: Extrapolation Error looking up target frame: Lookup would require extrapolation into the future.  Requested time 380.236000 but the latest data is at time 380.222000, when looking up transform from frame [map] to frame [leo1/base_link]
[controller_server-1] 
[controller_server-1] [WARN] [1783273584.581231308] [controller_server]: Control loop missed its desired rate of 20.0000Hz
[controller_server-1] [INFO] [1783273585.168249566] [controller_server]: Passing new path to controller.
[controller_server-1] [WARN] [1783273585.219506311] [controller_server]: Control loop missed its desired rate of 20.0000Hz
[controller_server-1] [WARN] [1783273585.419643258] [controller_server]: Control loop missed its desired rate of 20.0000Hz
[controller_server-1] [ERROR] [1783273585.581352664] [transformPoseInTargetFrame]: Extrapolation Error looking up target frame: Lookup would require extrapolation into the future.  Requested time 381.232000 but the latest data is at time 381.222000, when looking up transform from frame [map] to frame [leo1/base_link]
[controller_server-1] 
[controller_server-1] [WARN] [1783273585.582676812] [controller_server]: Control loop missed its desired rate of 20.0000Hz
[controller_server-1] [INFO] [1783273586.219746937] [controller_server]: Passing new path to controller.
[controller_server-1] [ERROR] [1783273586.421050257] [transformPoseInTargetFrame]: Extrapolation Error looking up target frame: Lookup would require extrapolation into the future.  Requested time 382.062000 but the latest data is at time 382.022000, when looking up transform from frame [map] to frame [leo1/base_link]
[controller_server-1] 
[controller_server-1] [WARN] [1783273586.421955236] [controller_server]: Control loop missed its desired rate of 20.0000Hz
[controller_server-1] [INFO] [1783273587.238316045] [controller_server]: Passing new path to controller.
[controller_server-1] [ERROR] [1783273587.410411715] [transformPoseInTargetFrame]: Extrapolation Error looking up target frame: Lookup would require extrapolation into the future.  Requested time 383.033000 but the latest data is at time 383.022000, when looking up transform from frame [map] to frame [leo1/base_link]
[controller_server-1] 
[controller_server-1] [WARN] [1783273587.411111991] [controller_server]: Control loop missed its desired rate of 20.0000Hz
[controller_server-1] [INFO] [1783273588.272045871] [controller_server]: Passing new path to controller.
[controller_server-1] [ERROR] [1783273588.423169633] [transformPoseInTargetFrame]: Extrapolation Error looking up target frame: Lookup would require extrapolation into the future.  Requested time 384.033000 but the latest data is at time 384.022000, when looking up transform from frame [map] to frame [leo1/base_link]
[controller_server-1] 
[controller_server-1] [WARN] [1783273588.423880252] [controller_server]: Control loop missed its desired rate of 20.0000Hz
[controller_server-1] [INFO] [1783273589.289232614] [controller_server]: Passing new path to controller.
[controller_server-1] [ERROR] [1783273589.451120475] [transformPoseInTargetFrame]: Extrapolation Error looking up target frame: Lookup would require extrapolation into the future.  Requested time 385.053000 but the latest data is at time 385.042000, when looking up transform from frame [map] to frame [leo1/base_link]
[controller_server-1] 
[controller_server-1] [WARN] [1783273589.451817335] [controller_server]: Control loop missed its desired rate of 20.0000Hz
[controller_server-1] [INFO] [1783273590.323959821] [controller_server]: Passing new path to controller.
[controller_server-1] [WARN] [1783273590.475159021] [controller_server]: Control loop missed its desired rate of 20.0000Hz
[controller_server-1] [ERROR] [1783273590.647773771] [transformPoseInTargetFrame]: Extrapolation Error looking up target frame: Lookup would require extrapolation into the future.  Requested time 386.234000 but the latest data is at time 386.222000, when looking up transform from frame [map] to frame [leo1/base_link]
[controller_server-1] 
[controller_server-1] [WARN] [1783273590.648470388] [controller_server]: Control loop missed its desired rate of 20.0000Hz
[controller_server-1] [INFO] [1783273591.325269700] [controller_server]: Passing new path to controller.
[controller_server-1] [WARN] [1783273591.476580936] [controller_server]: Control loop missed its desired rate of 20.0000Hz
[controller_server-1] [WARN] [1783273591.679608687] [controller_server]: Control loop missed its desired rate of 20.0000Hz
[controller_server-1] [WARN] [1783273591.877847529] [controller_server]: Control loop missed its desired rate of 20.0000Hz
[controller_server-1] [WARN] [1783273592.093546960] [controller_server]: Control loop missed its desired rate of 20.0000Hz
[controller_server-1] [ERROR] [1783273592.279149265] [transformPoseInTargetFrame]: Extrapolation Error looking up target frame: Lookup would require extrapolation into the future.  Requested time 387.848000 but the latest data is at time 387.842000, when looking up transform from frame [map] to frame [leo1/base_link]
[controller_server-1] 
[controller_server-1] [WARN] [1783273592.281921191] [controller_server]: Control loop missed its desired rate of 20.0000Hz
[controller_server-1] [INFO] [1783273592.383492510] [controller_server]: Passing new path to controller.
[controller_server-1] [ERROR] [1783273592.485387212] [transformPoseInTargetFrame]: Extrapolation Error looking up target frame: Lookup would require extrapolation into the future.  Requested time 388.054000 but the latest data is at time 388.042000, when looking up transform from frame [map] to frame [leo1/base_link]
[controller_server-1] 
[controller_server-1] [WARN] [1783273592.486122276] [controller_server]: Control loop missed its desired rate of 20.0000Hz
[controller_server-1] [INFO] [1783273593.392970606] [controller_server]: Passing new path to controller.
[controller_server-1] [ERROR] [1783273593.544206230] [transformPoseInTargetFrame]: Extrapolation Error looking up target frame: Lookup would require extrapolation into the future.  Requested time 389.084000 but the latest data is at time 389.082000, when looking up transform from frame [map] to frame [leo1/base_link]
[controller_server-1] 
[controller_server-1] [WARN] [1783273593.545820717] [controller_server]: Control loop missed its desired rate of 20.0000Hz
[controller_server-1] [INFO] [1783273594.413134413] [controller_server]: Passing new path to controller.
[controller_server-1] [ERROR] [1783273594.514993316] [transformPoseInTargetFrame]: Extrapolation Error looking up target frame: Lookup would require extrapolation into the future.  Requested time 390.052000 but the latest data is at time 390.042000, when looking up transform from frame [map] to frame [leo1/base_link]
[controller_server-1] 
[controller_server-1] [WARN] [1783273594.515714193] [controller_server]: Control loop missed its desired rate of 20.0000Hz
[controller_server-1] [INFO] [1783273595.445903662] [controller_server]: Passing new path to controller.
[controller_server-1] [WARN] [1783273595.548860280] [controller_server]: Control loop missed its desired rate of 20.0000Hz
[controller_server-1] [INFO] [1783273596.465640774] [controller_server]: Passing new path to controller.
[controller_server-1] [INFO] [1783273597.498945901] [controller_server]: Passing new path to controller.
[controller_server-1] [WARN] [1783273597.550510823] [controller_server]: Control loop missed its desired rate of 20.0000Hz
[controller_server-1] [INFO] [1783273598.548945304] [controller_server]: Passing new path to controller.
[controller_server-1] [INFO] [1783273599.598959509] [controller_server]: Passing new path to controller.
[controller_server-1] [INFO] [1783273600.598962272] [controller_server]: Passing new path to controller.
[controller_server-1] [INFO] [1783273601.648964206] [controller_server]: Passing new path to controller.
[controller_server-1] [INFO] [1783273602.648940203] [controller_server]: Passing new path to controller.
[controller_server-1] [INFO] [1783273603.698937711] [controller_server]: Passing new path to controller.
[controller_server-1] [ERROR] [1783273603.800443226] [transformPoseInTargetFrame]: Extrapolation Error looking up target frame: Lookup would require extrapolation into the future.  Requested time 399.234000 but the latest data is at time 399.222000, when looking up transform from frame [map] to frame [leo1/base_link]
[controller_server-1] 
[controller_server-1] [WARN] [1783273603.801160716] [controller_server]: Control loop missed its desired rate of 20.0000Hz
[controller_server-1] [INFO] [1783273604.716101788] [controller_server]: Passing new path to controller.
[controller_server-1] [INFO] [1783273605.745883409] [controller_server]: Passing new path to controller.
[controller_server-1] [WARN] [1783273605.848925609] [controller_server]: Control loop missed its desired rate of 20.0000Hz
[controller_server-1] [INFO] [1783273606.801240084] [controller_server]: Passing new path to controller.
[controller_server-1] [WARN] [1783273606.862867209] [controller_server]: Control loop missed its desired rate of 20.0000Hz
[controller_server-1] [INFO] [1783273607.801241192] [controller_server]: Passing new path to controller.
[controller_server-1] [WARN] [1783273607.883167814] [controller_server]: Control loop missed its desired rate of 20.0000Hz
[controller_server-1] [INFO] [1783273608.851249624] [controller_server]: Passing new path to controller.
[controller_server-1] [INFO] [1783273609.901240763] [controller_server]: Passing new path to controller.
[controller_server-1] [INFO] [1783273610.901245617] [controller_server]: Passing new path to controller.
[controller_server-1] [INFO] [1783273611.951236470] [controller_server]: Passing new path to controller.
[controller_server-1] [INFO] [1783273612.951240823] [controller_server]: Passing new path to controller.
[controller_server-1] [INFO] [1783273614.001261404] [controller_server]: Passing new path to controller.
[controller_server-1] [ERROR] [1783273614.102835420] [transformPoseInTargetFrame]: Extrapolation Error looking up target frame: Lookup would require extrapolation into the future.  Requested time 409.428000 but the latest data is at time 409.422000, when looking up transform from frame [map] to frame [leo1/base_link]
[controller_server-1] 
[controller_server-1] [WARN] [1783273614.103559108] [controller_server]: Control loop missed its desired rate of 20.0000Hz
[controller_server-1] [INFO] [1783273615.018496608] [controller_server]: Passing new path to controller.
[controller_server-1] [ERROR] [1783273615.119977131] [transformPoseInTargetFrame]: Extrapolation Error looking up target frame: Lookup would require extrapolation into the future.  Requested time 410.431000 but the latest data is at time 410.422000, when looking up transform from frame [map] to frame [leo1/base_link]
[controller_server-1] 
[controller_server-1] [WARN] [1783273615.120617561] [controller_server]: Control loop missed its desired rate of 20.0000Hz
[planner_server-2] [INFO] [1783273615.766676658] [global_costmap.global_costmap]: StaticLayer: Resizing costmap to 283 X 282 at 0.050000 m/pix
[controller_server-1] [INFO] [1783273616.053644321] [controller_server]: Passing new path to controller.
[controller_server-1] [WARN] [1783273616.155677641] [controller_server]: Control loop missed its desired rate of 20.0000Hz
[planner_server-2] [INFO] [1783273616.766679645] [global_costmap.global_costmap]: StaticLayer: Resizing costmap to 283 X 282 at 0.050000 m/pix
[controller_server-1] [INFO] [1783273617.071097704] [controller_server]: Passing new path to controller.
[controller_server-1] [WARN] [1783273617.163101465] [controller_server]: Control loop missed its desired rate of 20.0000Hz
[planner_server-2] [INFO] [1783273617.766686486] [global_costmap.global_costmap]: StaticLayer: Resizing costmap to 283 X 283 at 0.050000 m/pix
[controller_server-1] [INFO] [1783273618.105782101] [controller_server]: Passing new path to controller.
[controller_server-1] [WARN] [1783273618.177983254] [controller_server]: Control loop missed its desired rate of 20.0000Hz
[planner_server-2] [INFO] [1783273618.766690160] [global_costmap.global_costmap]: StaticLayer: Resizing costmap to 283 X 283 at 0.050000 m/pix
[controller_server-1] [INFO] [1783273619.155782228] [controller_server]: Passing new path to controller.
[controller_server-1] [WARN] [1783273619.217626203] [controller_server]: Control loop missed its desired rate of 20.0000Hz
[planner_server-2] [INFO] [1783273619.766683522] [global_costmap.global_costmap]: StaticLayer: Resizing costmap to 283 X 283 at 0.050000 m/pix
[controller_server-1] [INFO] [1783273620.155759157] [controller_server]: Passing new path to controller.
[controller_server-1] [WARN] [1783273620.207170203] [controller_server]: Control loop missed its desired rate of 20.0000Hz
[controller_server-1] [INFO] [1783273621.205766337] [controller_server]: Passing new path to controller.
[controller_server-1] [INFO] [1783273622.255759443] [controller_server]: Passing new path to controller.
[controller_server-1] [INFO] [1783273623.263875438] [controller_server]: Passing new path to controller.
[planner_server-2] [INFO] [1783273623.774793490] [global_costmap.global_costmap]: StaticLayer: Resizing costmap to 283 X 283 at 0.050000 m/pix
[controller_server-1] [INFO] [1783273624.313890979] [controller_server]: Passing new path to controller.
[controller_server-1] [INFO] [1783273625.313878508] [controller_server]: Passing new path to controller.
[controller_server-1] [INFO] [1783273626.363882410] [controller_server]: Passing new path to controller.
[controller_server-1] [ERROR] [1783273626.465481649] [transformPoseInTargetFrame]: Extrapolation Error looking up target frame: Lookup would require extrapolation into the future.  Requested time 421.644000 but the latest data is at time 421.622000, when looking up transform from frame [map] to frame [leo1/base_link]
[controller_server-1] 
[controller_server-1] [WARN] [1783273626.466021623] [controller_server]: Control loop missed its desired rate of 20.0000Hz
[controller_server-1] [INFO] [1783273627.377943183] [controller_server]: Passing new path to controller.
[controller_server-1] [ERROR] [1783273627.479475117] [transformPoseInTargetFrame]: Extrapolation Error looking up target frame: Lookup would require extrapolation into the future.  Requested time 422.651000 but the latest data is at time 422.622000, when looking up transform from frame [map] to frame [leo1/base_link]
[controller_server-1] 
[controller_server-1] [WARN] [1783273627.480792020] [controller_server]: Control loop missed its desired rate of 20.0000Hz
[controller_server-1] [INFO] [1783273628.416100420] [controller_server]: Passing new path to controller.
[controller_server-1] [WARN] [1783273628.498378498] [controller_server]: Control loop missed its desired rate of 20.0000Hz
[controller_server-1] [INFO] [1783273629.466120525] [controller_server]: Passing new path to controller.
[controller_server-1] [WARN] [1783273629.517463410] [controller_server]: Control loop missed its desired rate of 20.0000Hz
[controller_server-1] [INFO] [1783273630.466110542] [controller_server]: Passing new path to controller.
[controller_server-1] [WARN] [1783273630.517488718] [controller_server]: Control loop missed its desired rate of 20.0000Hz
[controller_server-1] [INFO] [1783273631.516107454] [controller_server]: Passing new path to controller.
[controller_server-1] [INFO] [1783273632.516101559] [controller_server]: Passing new path to controller.
[controller_server-1] [ERROR] [1783273632.717228523] [transformPoseInTargetFrame]: Extrapolation Error looking up target frame: Lookup would require extrapolation into the future.  Requested time 427.839000 but the latest data is at time 427.822000, when looking up transform from frame [map] to frame [leo1/base_link]
[controller_server-1] 
[controller_server-1] [WARN] [1783273632.717482083] [controller_server]: Control loop missed its desired rate of 20.0000Hz
[bt_navigator-4] [INFO] [1783273632.851966771] [bt_navigator]: Received goal preemption request
[bt_navigator-4] [INFO] [1783273632.852460150] [bt_navigator]: Begin navigating from current location (5.10, -5.43) to (-3.26, -5.85)
[controller_server-1] [INFO] [1783273633.574257203] [controller_server]: Passing new path to controller.
[controller_server-1] [INFO] [1783273634.612574529] [controller_server]: Passing new path to controller.
[controller_server-1] [INFO] [1783273635.617547845] [controller_server]: Passing new path to controller.
[controller_server-1] [INFO] [1783273636.667554005] [controller_server]: Passing new path to controller.
[controller_server-1] [ERROR] [1783273636.769226202] [transformPoseInTargetFrame]: Extrapolation Error looking up target frame: Lookup would require extrapolation into the future.  Requested time 431.845000 but the latest data is at time 431.822000, when looking up transform from frame [map] to frame [leo1/base_link]
[controller_server-1] 
[controller_server-1] [WARN] [1783273636.769942727] [controller_server]: Control loop missed its desired rate of 20.0000Hz
[controller_server-1] [INFO] [1783273637.687233984] [controller_server]: Passing new path to controller.
[controller_server-1] [WARN] [1783273637.789989399] [controller_server]: Control loop missed its desired rate of 20.0000Hz
[controller_server-1] [INFO] [1783273638.720037237] [controller_server]: Passing new path to controller.
[controller_server-1] [WARN] [1783273638.812288551] [controller_server]: Control loop missed its desired rate of 20.0000Hz
[controller_server-1] [INFO] [1783273639.770042290] [controller_server]: Passing new path to controller.
[controller_server-1] [WARN] [1783273639.831936645] [controller_server]: Control loop missed its desired rate of 20.0000Hz
[controller_server-1] [INFO] [1783273640.770042343] [controller_server]: Passing new path to controller.
[controller_server-1] [WARN] [1783273640.852090494] [controller_server]: Control loop missed its desired rate of 20.0000Hz
[controller_server-1] [INFO] [1783273641.820031129] [controller_server]: Passing new path to controller.
[controller_server-1] [INFO] [1783273642.820029235] [controller_server]: Passing new path to controller.
[controller_server-1] [WARN] [1783273642.881840849] [controller_server]: Control loop missed its desired rate of 20.0000Hz
[planner_server-2] [INFO] [1783273643.774805172] [global_costmap.global_costmap]: StaticLayer: Resizing costmap to 283 X 285 at 0.050000 m/pix
[controller_server-1] [INFO] [1783273643.870029840] [controller_server]: Passing new path to controller.
[controller_server-1] [INFO] [1783273644.920021017] [controller_server]: Passing new path to controller.
[controller_server-1] [INFO] [1783273645.920022124] [controller_server]: Passing new path to controller.
[planner_server-2] [INFO] [1783273646.774792785] [global_costmap.global_costmap]: StaticLayer: Resizing costmap to 283 X 285 at 0.050000 m/pix
[controller_server-1] [INFO] [1783273646.970020397] [controller_server]: Passing new path to controller.
[controller_server-1] [INFO] [1783273647.970075523] [controller_server]: Passing new path to controller.
[controller_server-1] [INFO] [1783273649.020029602] [controller_server]: Passing new path to controller.
[controller_server-1] [INFO] [1783273650.070061315] [controller_server]: Passing new path to controller.
[controller_server-1] [ERROR] [1783273650.171858116] [transformPoseInTargetFrame]: Extrapolation Error looking up target frame: Lookup would require extrapolation into the future.  Requested time 445.029000 but the latest data is at time 445.022000, when looking up transform from frame [map] to frame [leo1/base_link]
[controller_server-1] 
[controller_server-1] [WARN] [1783273650.172527031] [controller_server]: Control loop missed its desired rate of 20.0000Hz
[controller_server-1] [INFO] [1783273651.089005232] [controller_server]: Passing new path to controller.
[controller_server-1] [ERROR] [1783273651.190798252] [transformPoseInTargetFrame]: Extrapolation Error looking up target frame: Lookup would require extrapolation into the future.  Requested time 446.025000 but the latest data is at time 446.022000, when looking up transform from frame [map] to frame [leo1/base_link]
[controller_server-1] 
[controller_server-1] [WARN] [1783273651.192066064] [controller_server]: Control loop missed its desired rate of 20.0000Hz
[controller_server-1] [INFO] [1783273652.122636666] [controller_server]: Passing new path to controller.
[controller_server-1] [INFO] [1783273653.131029218] [controller_server]: Passing new path to controller.
[controller_server-1] [INFO] [1783273654.181019394] [controller_server]: Passing new path to controller.
[planner_server-2] [INFO] [1783273654.783221726] [global_costmap.global_costmap]: StaticLayer: Resizing costmap to 284 X 285 at 0.050000 m/pix
[controller_server-1] [INFO] [1783273655.181036028] [controller_server]: Passing new path to controller.
[planner_server-2] [INFO] [1783273655.783213271] [global_costmap.global_costmap]: StaticLayer: Resizing costmap to 284 X 285 at 0.050000 m/pix
[controller_server-1] [INFO] [1783273656.231038125] [controller_server]: Passing new path to controller.
[controller_server-1] [INFO] [1783273657.231049369] [controller_server]: Passing new path to controller.
[planner_server-2] [INFO] [1783273657.783240965] [global_costmap.global_costmap]: StaticLayer: Resizing costmap to 284 X 285 at 0.050000 m/pix
[controller_server-1] [INFO] [1783273658.281028958] [controller_server]: Passing new path to controller.
[planner_server-2] [INFO] [1783273658.783224747] [global_costmap.global_costmap]: StaticLayer: Resizing costmap to 285 X 285 at 0.050000 m/pix
[controller_server-1] [INFO] [1783273659.331027512] [controller_server]: Passing new path to controller.
[controller_server-1] [ERROR] [1783273659.432737199] [transformPoseInTargetFrame]: Extrapolation Error looking up target frame: Lookup would require extrapolation into the future.  Requested time 454.025000 but the latest data is at time 454.022000, when looking up transform from frame [map] to frame [leo1/base_link]
[controller_server-1] 
[controller_server-1] [WARN] [1783273659.433218839] [controller_server]: Control loop missed its desired rate of 20.0000Hz
[planner_server-2] [INFO] [1783273659.783220169] [global_costmap.global_costmap]: StaticLayer: Resizing costmap to 285 X 285 at 0.050000 m/pix
[controller_server-1] [INFO] [1783273660.347749266] [controller_server]: Passing new path to controller.
[controller_server-1] [INFO] [1783273661.370991445] [controller_server]: Passing new path to controller.
[bt_navigator-4] [INFO] [1783273661.420395626] [bt_navigator]: Received goal preemption request
[bt_navigator-4] [INFO] [1783273661.420933329] [bt_navigator]: Begin navigating from current location (-1.15, -5.37) to (-4.39, -5.69)
[controller_server-1] [ERROR] [1783273661.472718861] [transformPoseInTargetFrame]: Extrapolation Error looking up target frame: Lookup would require extrapolation into the future.  Requested time 456.023000 but the latest data is at time 456.022000, when looking up transform from frame [map] to frame [leo1/base_link]
[controller_server-1] 
[controller_server-1] [WARN] [1783273661.473242040] [controller_server]: Control loop missed its desired rate of 20.0000Hz
[planner_server-2] [INFO] [1783273661.783398968] [global_costmap.global_costmap]: StaticLayer: Resizing costmap to 287 X 285 at 0.050000 m/pix
[controller_server-1] [INFO] [1783273662.383317826] [controller_server]: Passing new path to controller.
[controller_server-1] [WARN] [1783273662.524415842] [controller_server]: Control loop missed its desired rate of 20.0000Hz
[controller_server-1] [WARN] [1783273662.538064290] [controller_server]: Control loop missed its desired rate of 20.0000Hz
[controller_server-1] [WARN] [1783273662.734552415] [controller_server]: Control loop missed its desired rate of 20.0000Hz
[planner_server-2] [INFO] [1783273662.783238114] [global_costmap.global_costmap]: StaticLayer: Resizing costmap to 287 X 286 at 0.050000 m/pix
[controller_server-1] [ERROR] [1783273662.907229631] [transformPoseInTargetFrame]: Extrapolation Error looking up target frame: Lookup would require extrapolation into the future.  Requested time 457.434000 but the latest data is at time 457.422000, when looking up transform from frame [map] to frame [leo1/base_link]
[controller_server-1] 
[controller_server-1] [WARN] [1783273662.908058136] [controller_server]: Control loop missed its desired rate of 20.0000Hz
[controller_server-1] [INFO] [1783273663.434639185] [controller_server]: Passing new path to controller.
[controller_server-1] [WARN] [1783273663.536243955] [controller_server]: Control loop missed its desired rate of 20.0000Hz
[controller_server-1] [WARN] [1783273663.738863662] [controller_server]: Control loop missed its desired rate of 20.0000Hz
[controller_server-1] [ERROR] [1783273663.937555431] [transformPoseInTargetFrame]: Extrapolation Error looking up target frame: Lookup would require extrapolation into the future.  Requested time 458.453000 but the latest data is at time 458.422000, when looking up transform from frame [map] to frame [leo1/base_link]
[controller_server-1] 
[controller_server-1] [WARN] [1783273663.938590560] [controller_server]: Control loop missed its desired rate of 20.0000Hz
[controller_server-1] [INFO] [1783273664.449876035] [controller_server]: Passing new path to controller.
[controller_server-1] [WARN] [1783273664.551557775] [controller_server]: Control loop missed its desired rate of 20.0000Hz
[controller_server-1] [ERROR] [1783273664.739830004] [transformPoseInTargetFrame]: Extrapolation Error looking up target frame: Lookup would require extrapolation into the future.  Requested time 459.247000 but the latest data is at time 459.222000, when looking up transform from frame [map] to frame [leo1/base_link]
[controller_server-1] 
[controller_server-1] [WARN] [1783273664.740578759] [controller_server]: Control loop missed its desired rate of 20.0000Hz
[controller_server-1] [INFO] [1783273665.505101885] [controller_server]: Passing new path to controller.
[controller_server-1] [ERROR] [1783273665.741851887] [transformPoseInTargetFrame]: Extrapolation Error looking up target frame: Lookup would require extrapolation into the future.  Requested time 460.245000 but the latest data is at time 460.222000, when looking up transform from frame [map] to frame [leo1/base_link]
[controller_server-1] 
[controller_server-1] [WARN] [1783273665.743382308] [controller_server]: Control loop missed its desired rate of 20.0000Hz
[controller_server-1] [INFO] [1783273666.508953268] [controller_server]: Passing new path to controller.
[controller_server-1] [ERROR] [1783273666.744553874] [transformPoseInTargetFrame]: Extrapolation Error looking up target frame: Lookup would require extrapolation into the future.  Requested time 461.239000 but the latest data is at time 461.222000, when looking up transform from frame [map] to frame [leo1/base_link]
[controller_server-1] 
[controller_server-1] [WARN] [1783273666.745295283] [controller_server]: Control loop missed its desired rate of 20.0000Hz
[controller_server-1] [INFO] [1783273667.561194242] [controller_server]: Passing new path to controller.
[controller_server-1] [WARN] [1783273667.773408719] [controller_server]: Control loop missed its desired rate of 20.0000Hz
[controller_server-1] [ERROR] [1783273667.946941091] [transformPoseInTargetFrame]: Extrapolation Error looking up target frame: Lookup would require extrapolation into the future.  Requested time 462.427000 but the latest data is at time 462.422000, when looking up transform from frame [map] to frame [leo1/base_link]
[controller_server-1] 
[controller_server-1] [WARN] [1783273667.947686397] [controller_server]: Control loop missed its desired rate of 20.0000Hz
[controller_server-1] [INFO] [1783273668.611610614] [controller_server]: Passing new path to controller.
[controller_server-1] [WARN] [1783273668.773494707] [controller_server]: Control loop missed its desired rate of 20.0000Hz
[controller_server-1] [ERROR] [1783273668.959066018] [transformPoseInTargetFrame]: Extrapolation Error looking up target frame: Lookup would require extrapolation into the future.  Requested time 463.424000 but the latest data is at time 463.422000, when looking up transform from frame [map] to frame [leo1/base_link]
[controller_server-1] 
[controller_server-1] [WARN] [1783273668.959892694] [controller_server]: Control loop missed its desired rate of 20.0000Hz
[controller_server-1] [INFO] [1783273669.623813838] [controller_server]: Passing new path to controller.
[controller_server-1] [INFO] [1783273670.652733539] [controller_server]: Passing new path to controller.
[controller_server-1] [INFO] [1783273671.659976611] [controller_server]: Passing new path to controller.
[controller_server-1] [INFO] [1783273672.710004960] [controller_server]: Passing new path to controller.
[planner_server-2] [INFO] [1783273672.783229883] [global_costmap.global_costmap]: StaticLayer: Resizing costmap to 281 X 280 at 0.050000 m/pix
[controller_server-1] [ERROR] [1783273672.811559441] [transformPoseInTargetFrame]: Extrapolation Error looking up target frame: Lookup would require extrapolation into the future.  Requested time 467.226000 but the latest data is at time 467.222000, when looking up transform from frame [map] to frame [leo1/base_link]
[controller_server-1] 
[controller_server-1] [WARN] [1783273672.812212041] [controller_server]: Control loop missed its desired rate of 20.0000Hz
[controller_server-1] [INFO] [1783273673.726677430] [controller_server]: Passing new path to controller.
[controller_server-1] [ERROR] [1783273673.828161773] [transformPoseInTargetFrame]: Extrapolation Error looking up target frame: Lookup would require extrapolation into the future.  Requested time 468.233000 but the latest data is at time 468.222000, when looking up transform from frame [map] to frame [leo1/base_link]
[controller_server-1] 
[controller_server-1] [WARN] [1783273673.828955869] [controller_server]: Control loop missed its desired rate of 20.0000Hz
[controller_server-1] [INFO] [1783273674.762301195] [controller_server]: Passing new path to controller.
[controller_server-1] [WARN] [1783273674.854296342] [controller_server]: Control loop missed its desired rate of 20.0000Hz
[controller_server-1] [INFO] [1783273675.812295342] [controller_server]: Passing new path to controller.
[controller_server-1] [WARN] [1783273675.875396734] [controller_server]: Control loop missed its desired rate of 20.0000Hz
[controller_server-1] [INFO] [1783273676.812294414] [controller_server]: Passing new path to controller.
[controller_server-1] [WARN] [1783273676.884083544] [controller_server]: Control loop missed its desired rate of 20.0000Hz
[controller_server-1] [INFO] [1783273677.862314609] [controller_server]: Passing new path to controller.
[controller_server-1] [INFO] [1783273678.862318105] [controller_server]: Passing new path to controller.
[controller_server-1] [INFO] [1783273679.912307932] [controller_server]: Passing new path to controller.
[controller_server-1] [INFO] [1783273680.962291036] [controller_server]: Passing new path to controller.
[controller_server-1] [INFO] [1783273681.962295285] [controller_server]: Passing new path to controller.
[controller_server-1] [INFO] [1783273683.023594469] [controller_server]: Passing new path to controller.
[controller_server-1] [ERROR] [1783273683.125130427] [transformPoseInTargetFrame]: Extrapolation Error looking up target frame: Lookup would require extrapolation into the future.  Requested time 477.432000 but the latest data is at time 477.422000, when looking up transform from frame [map] to frame [leo1/base_link]
[controller_server-1] 
[controller_server-1] [WARN] [1783273683.127783024] [controller_server]: Control loop missed its desired rate of 20.0000Hz
[controller_server-1] [INFO] [1783273684.037122141] [controller_server]: Passing new path to controller.
[controller_server-1] [ERROR] [1783273684.138699998] [transformPoseInTargetFrame]: Extrapolation Error looking up target frame: Lookup would require extrapolation into the future.  Requested time 478.435000 but the latest data is at time 478.422000, when looking up transform from frame [map] to frame [leo1/base_link]
[controller_server-1] 
[controller_server-1] [WARN] [1783273684.139119857] [controller_server]: Control loop missed its desired rate of 20.0000Hz
[controller_server-1] [INFO] [1783273685.077873836] [controller_server]: Passing new path to controller.
[controller_server-1] [WARN] [1783273685.169612941] [controller_server]: Control loop missed its desired rate of 20.0000Hz
[controller_server-1] [INFO] [1783273686.077851449] [controller_server]: Passing new path to controller.
[controller_server-1] [WARN] [1783273686.179966828] [controller_server]: Control loop missed its desired rate of 20.0000Hz
[controller_server-1] [INFO] [1783273687.139511722] [controller_server]: Passing new path to controller.
[controller_server-1] [INFO] [1783273688.130053197] [controller_server]: Passing new path to controller.
[controller_server-1] [WARN] [1783273688.211739117] [controller_server]: Control loop missed its desired rate of 20.0000Hz
[controller_server-1] [INFO] [1783273689.180061934] [controller_server]: Passing new path to controller.
[controller_server-1] [WARN] [1783273689.242271392] [controller_server]: Control loop missed its desired rate of 20.0000Hz
[bt_navigator-4] [INFO] [1783273689.741625941] [bt_navigator]: Received goal preemption request
[bt_navigator-4] [INFO] [1783273689.742165169] [bt_navigator]: Begin navigating from current location (-4.94, -5.04) to (-3.28, 5.47)
[controller_server-1] [INFO] [1783273690.230048328] [controller_server]: Passing new path to controller.
[controller_server-1] [WARN] [1783273690.431431727] [controller_server]: Control loop missed its desired rate of 20.0000Hz
[controller_server-1] [ERROR] [1783273690.603082422] [transformPoseInTargetFrame]: Extrapolation Error looking up target frame: Lookup would require extrapolation into the future.  Requested time 484.832000 but the latest data is at time 484.822000, when looking up transform from frame [map] to frame [leo1/base_link]
[controller_server-1] 
[controller_server-1] [WARN] [1783273690.603813023] [controller_server]: Control loop missed its desired rate of 20.0000Hz
[controller_server-1] [INFO] [1783273691.231542497] [controller_server]: Passing new path to controller.
[controller_server-1] [ERROR] [1783273691.432723806] [transformPoseInTargetFrame]: Extrapolation Error looking up target frame: Lookup would require extrapolation into the future.  Requested time 485.655000 but the latest data is at time 485.622000, when looking up transform from frame [map] to frame [leo1/base_link]
[controller_server-1] 
[controller_server-1] [WARN] [1783273691.433486217] [controller_server]: Control loop missed its desired rate of 20.0000Hz
[controller_server-1] [INFO] [1783273692.247332178] [controller_server]: Passing new path to controller.
[controller_server-1] [ERROR] [1783273692.419310649] [transformPoseInTargetFrame]: Extrapolation Error looking up target frame: Lookup would require extrapolation into the future.  Requested time 486.634000 but the latest data is at time 486.622000, when looking up transform from frame [map] to frame [leo1/base_link]
[controller_server-1] 
[controller_server-1] [WARN] [1783273692.420616300] [controller_server]: Control loop missed its desired rate of 20.0000Hz
[controller_server-1] [INFO] [1783273693.283573861] [controller_server]: Passing new path to controller.
[controller_server-1] [ERROR] [1783273693.434672412] [transformPoseInTargetFrame]: Extrapolation Error looking up target frame: Lookup would require extrapolation into the future.  Requested time 487.644000 but the latest data is at time 487.622000, when looking up transform from frame [map] to frame [leo1/base_link]
[controller_server-1] 
[controller_server-1] [WARN] [1783273693.435402942] [controller_server]: Control loop missed its desired rate of 20.0000Hz
[controller_server-1] [INFO] [1783273694.351289762] [controller_server]: Passing new path to controller.
[controller_server-1] [WARN] [1783273694.452900601] [controller_server]: Control loop missed its desired rate of 20.0000Hz
[controller_server-1] [ERROR] [1783273694.636684800] [transformPoseInTargetFrame]: Extrapolation Error looking up target frame: Lookup would require extrapolation into the future.  Requested time 488.834000 but the latest data is at time 488.822000, when looking up transform from frame [map] to frame [leo1/base_link]
[controller_server-1] 
[controller_server-1] [WARN] [1783273694.637444056] [controller_server]: Control loop missed its desired rate of 20.0000Hz
[controller_server-1] [INFO] [1783273695.348630005] [controller_server]: Passing new path to controller.
[controller_server-1] [ERROR] [1783273695.450668498] [transformPoseInTargetFrame]: Extrapolation Error looking up target frame: Lookup would require extrapolation into the future.  Requested time 489.643000 but the latest data is at time 489.642000, when looking up transform from frame [map] to frame [leo1/base_link]
[controller_server-1] 
[controller_server-1] [WARN] [1783273695.451373282] [controller_server]: Control loop missed its desired rate of 20.0000Hz
[controller_server-1] [INFO] [1783273696.387527415] [controller_server]: Passing new path to controller.
[controller_server-1] [WARN] [1783273696.469011158] [controller_server]: Control loop missed its desired rate of 20.0000Hz
[controller_server-1] [WARN] [1783273696.489374437] [controller_server]: Control loop missed its desired rate of 20.0000Hz
[controller_server-1] [WARN] [1783273696.678595844] [controller_server]: Control loop missed its desired rate of 20.0000Hz
[controller_server-1] [WARN] [1783273696.689563726] [controller_server]: Control loop missed its desired rate of 20.0000Hz
[controller_server-1] [WARN] [1783273696.878580056] [controller_server]: Control loop missed its desired rate of 20.0000Hz
[controller_server-1] [WARN] [1783273696.889552512] [controller_server]: Control loop missed its desired rate of 20.0000Hz
[controller_server-1] [WARN] [1783273697.078622928] [controller_server]: Control loop missed its desired rate of 20.0000Hz
[controller_server-1] [WARN] [1783273697.089605640] [controller_server]: Control loop missed its desired rate of 20.0000Hz
[controller_server-1] [WARN] [1783273697.278668698] [controller_server]: Control loop missed its desired rate of 20.0000Hz
[controller_server-1] [WARN] [1783273697.289681835] [controller_server]: Control loop missed its desired rate of 20.0000Hz
[controller_server-1] [WARN] [1783273697.478633606] [controller_server]: Control loop missed its desired rate of 20.0000Hz
[controller_server-1] [INFO] [1783273697.478676247] [controller_server]: Passing new path to controller.
[controller_server-1] [WARN] [1783273697.490441203] [controller_server]: Control loop missed its desired rate of 20.0000Hz
[controller_server-1] [WARN] [1783273697.688709201] [controller_server]: Control loop missed its desired rate of 20.0000Hz
[controller_server-1] [ERROR] [1783273697.861067250] [transformPoseInTargetFrame]: Extrapolation Error looking up target frame: Lookup would require extrapolation into the future.  Requested time 492.033000 but the latest data is at time 492.022000, when looking up transform from frame [map] to frame [leo1/base_link]
[controller_server-1] 
[controller_server-1] [WARN] [1783273697.861773403] [controller_server]: Control loop missed its desired rate of 20.0000Hz
[controller_server-1] [INFO] [1783273698.438790097] [controller_server]: Passing new path to controller.
[controller_server-1] [WARN] [1783273698.489827217] [controller_server]: Control loop missed its desired rate of 20.0000Hz
[controller_server-1] [ERROR] [1783273698.689984857] [transformPoseInTargetFrame]: Extrapolation Error looking up target frame: Lookup would require extrapolation into the future.  Requested time 492.851000 but the latest data is at time 492.842000, when looking up transform from frame [map] to frame [leo1/base_link]
[controller_server-1] 
[controller_server-1] [WARN] [1783273698.691413988] [controller_server]: Control loop missed its desired rate of 20.0000Hz
[controller_server-1] [INFO] [1783273699.457749368] [controller_server]: Passing new path to controller.
[controller_server-1] [ERROR] [1783273699.692696781] [transformPoseInTargetFrame]: Extrapolation Error looking up target frame: Lookup would require extrapolation into the future.  Requested time 493.842000 but the latest data is at time 493.822000, when looking up transform from frame [map] to frame [leo1/base_link]
[controller_server-1] 
[controller_server-1] [WARN] [1783273699.693396469] [controller_server]: Control loop missed its desired rate of 20.0000Hz
[controller_server-1] [INFO] [1783273700.507632874] [controller_server]: Passing new path to controller.
[controller_server-1] [WARN] [1783273700.720098884] [controller_server]: Control loop missed its desired rate of 20.0000Hz
[controller_server-1] [WARN] [1783273700.743582990] [controller_server]: Control loop missed its desired rate of 20.0000Hz
[controller_server-1] [ERROR] [1783273700.894534915] [transformPoseInTargetFrame]: Extrapolation Error looking up target frame: Lookup would require extrapolation into the future.  Requested time 495.031000 but the latest data is at time 495.022000, when looking up transform from frame [map] to frame [leo1/base_link]
[controller_server-1] 
[controller_server-1] [WARN] [1783273700.895286966] [controller_server]: Control loop missed its desired rate of 20.0000Hz
[controller_server-1] [INFO] [1783273701.559124488] [controller_server]: Passing new path to controller.
[controller_server-1] [ERROR] [1783273701.731272610] [transformPoseInTargetFrame]: Extrapolation Error looking up target frame: Lookup would require extrapolation into the future.  Requested time 495.857000 but the latest data is at time 495.842000, when looking up transform from frame [map] to frame [leo1/base_link]
[controller_server-1] 
[controller_server-1] [WARN] [1783273701.732027251] [controller_server]: Control loop missed its desired rate of 20.0000Hz
[controller_server-1] [INFO] [1783273702.545400636] [controller_server]: Passing new path to controller.
[controller_server-1] [WARN] [1783273702.746600045] [controller_server]: Control loop missed its desired rate of 20.0000Hz
[controller_server-1] [WARN] [1783273702.950012251] [controller_server]: Control loop missed its desired rate of 20.0000Hz
[controller_server-1] [WARN] [1783273703.147841672] [controller_server]: Control loop missed its desired rate of 20.0000Hz
[controller_server-1] [WARN] [1783273703.351248649] [controller_server]: Control loop missed its desired rate of 20.0000Hz
[controller_server-1] [WARN] [1783273703.549083992] [controller_server]: Control loop missed its desired rate of 20.0000Hz
[controller_server-1] [INFO] [1783273703.610629410] [controller_server]: Passing new path to controller.
[controller_server-1] [WARN] [1783273703.752558000] [controller_server]: Control loop missed its desired rate of 20.0000Hz
[controller_server-1] [WARN] [1783273703.950405929] [controller_server]: Control loop missed its desired rate of 20.0000Hz
[controller_server-1] [WARN] [1783273704.163729782] [controller_server]: Control loop missed its desired rate of 20.0000Hz
[controller_server-1] [WARN] [1783273704.352879955] [controller_server]: Control loop missed its desired rate of 20.0000Hz
[controller_server-1] [WARN] [1783273704.558551966] [controller_server]: Control loop missed its desired rate of 20.0000Hz
[controller_server-1] [INFO] [1783273704.602966612] [controller_server]: Passing new path to controller.
[controller_server-1] [ERROR] [1783273704.754019101] [transformPoseInTargetFrame]: Extrapolation Error looking up target frame: Lookup would require extrapolation into the future.  Requested time 498.849000 but the latest data is at time 498.822000, when looking up transform from frame [map] to frame [leo1/base_link]
[controller_server-1] 
[controller_server-1] [WARN] [1783273704.755240001] [controller_server]: Control loop missed its desired rate of 20.0000Hz
[controller_server-1] [INFO] [1783273705.672967411] [controller_server]: Passing new path to controller.
[controller_server-1] [WARN] [1783273705.774616566] [controller_server]: Control loop missed its desired rate of 20.0000Hz
[controller_server-1] [ERROR] [1783273705.956439216] [transformPoseInTargetFrame]: Extrapolation Error looking up target frame: Lookup would require extrapolation into the future.  Requested time 500.041000 but the latest data is at time 500.022000, when looking up transform from frame [map] to frame [leo1/base_link]
[controller_server-1] 
[controller_server-1] [WARN] [1783273705.957353690] [controller_server]: Control loop missed its desired rate of 20.0000Hz
[controller_server-1] [INFO] [1783273706.670043843] [controller_server]: Passing new path to controller.
[controller_server-1] [ERROR] [1783273706.771490754] [transformPoseInTargetFrame]: Extrapolation Error looking up target frame: Lookup would require extrapolation into the future.  Requested time 500.846000 but the latest data is at time 500.822000, when looking up transform from frame [map] to frame [leo1/base_link]
[controller_server-1] 
[controller_server-1] [WARN] [1783273706.772234659] [controller_server]: Control loop missed its desired rate of 20.0000Hz
[controller_server-1] [INFO] [1783273707.707464493] [controller_server]: Passing new path to controller.
[controller_server-1] [WARN] [1783273707.799094355] [controller_server]: Control loop missed its desired rate of 20.0000Hz
[controller_server-1] [WARN] [1783273707.809437099] [controller_server]: Control loop missed its desired rate of 20.0000Hz
[controller_server-1] [WARN] [1783273707.998589252] [controller_server]: Control loop missed its desired rate of 20.0000Hz
[controller_server-1] [WARN] [1783273708.008879234] [controller_server]: Control loop missed its desired rate of 20.0000Hz
[controller_server-1] [WARN] [1783273708.208666002] [controller_server]: Control loop missed its desired rate of 20.0000Hz
[controller_server-1] [WARN] [1783273708.410454542] [controller_server]: Control loop missed its desired rate of 20.0000Hz
[controller_server-1] [WARN] [1783273708.609940423] [controller_server]: Control loop missed its desired rate of 20.0000Hz
[controller_server-1] [ERROR] [1783273708.781939259] [transformPoseInTargetFrame]: Extrapolation Error looking up target frame: Lookup would require extrapolation into the future.  Requested time 502.833000 but the latest data is at time 502.822000, when looking up transform from frame [map] to frame [leo1/base_link]
[controller_server-1] 
[controller_server-1] [WARN] [1783273708.782676501] [controller_server]: Control loop missed its desired rate of 20.0000Hz
[controller_server-1] [INFO] [1783273708.782695174] [controller_server]: Passing new path to controller.
[controller_server-1] [WARN] [1783273708.813472613] [controller_server]: Control loop missed its desired rate of 20.0000Hz
[controller_server-1] [WARN] [1783273709.011142681] [controller_server]: Control loop missed its desired rate of 20.0000Hz
[controller_server-1] [WARN] [1783273709.223084850] [controller_server]: Control loop missed its desired rate of 20.0000Hz
[controller_server-1] [ERROR] [1783273709.412412267] [transformPoseInTargetFrame]: Extrapolation Error looking up target frame: Lookup would require extrapolation into the future.  Requested time 503.457000 but the latest data is at time 503.422000, when looking up transform from frame [map] to frame [leo1/base_link]
[controller_server-1] 
[controller_server-1] [WARN] [1783273709.413176012] [controller_server]: Control loop missed its desired rate of 20.0000Hz
[controller_server-1] [INFO] [1783273709.768883971] [controller_server]: Passing new path to controller.
[controller_server-1] [WARN] [1783273710.014430237] [controller_server]: Control loop missed its desired rate of 20.0000Hz
[controller_server-1] [WARN] [1783273710.216255332] [controller_server]: Control loop missed its desired rate of 20.0000Hz
[controller_server-1] [ERROR] [1783273710.415695968] [transformPoseInTargetFrame]: Extrapolation Error looking up target frame: Lookup would require extrapolation into the future.  Requested time 504.449000 but the latest data is at time 504.442000, when looking up transform from frame [map] to frame [leo1/base_link]
[controller_server-1] 
[controller_server-1] [WARN] [1783273710.416770111] [controller_server]: Control loop missed its desired rate of 20.0000Hz
[controller_server-1] [INFO] [1783273710.823914240] [controller_server]: Passing new path to controller.
[controller_server-1] [WARN] [1783273711.036677328] [controller_server]: Control loop missed its desired rate of 20.0000Hz
[controller_server-1] [ERROR] [1783273711.218043100] [transformPoseInTargetFrame]: Extrapolation Error looking up target frame: Lookup would require extrapolation into the future.  Requested time 505.238000 but the latest data is at time 505.222000, when looking up transform from frame [map] to frame [leo1/base_link]
[controller_server-1] 
[controller_server-1] [WARN] [1783273711.219357421] [controller_server]: Control loop missed its desired rate of 20.0000Hz
[controller_server-1] [INFO] [1783273711.829110037] [controller_server]: Passing new path to controller.
[controller_server-1] [WARN] [1783273712.041627680] [controller_server]: Control loop missed its desired rate of 20.0000Hz
[controller_server-1] [ERROR] [1783273712.220608956] [transformPoseInTargetFrame]: Extrapolation Error looking up target frame: Lookup would require extrapolation into the future.  Requested time 506.230000 but the latest data is at time 506.222000, when looking up transform from frame [map] to frame [leo1/base_link]
[controller_server-1] 
[controller_server-1] [WARN] [1783273712.221329338] [controller_server]: Control loop missed its desired rate of 20.0000Hz
[controller_server-1] [INFO] [1783273712.882981609] [controller_server]: Passing new path to controller.
[controller_server-1] [WARN] [1783273713.062844977] [controller_server]: Control loop missed its desired rate of 20.0000Hz
[controller_server-1] [ERROR] [1783273713.230364879] [transformPoseInTargetFrame]: Extrapolation Error looking up target frame: Lookup would require extrapolation into the future.  Requested time 507.223000 but the latest data is at time 507.222000, when looking up transform from frame [map] to frame [leo1/base_link]
[controller_server-1] 
[controller_server-1] [WARN] [1783273713.231059847] [controller_server]: Control loop missed its desired rate of 20.0000Hz
[controller_server-1] [INFO] [1783273713.891596058] [controller_server]: Passing new path to controller.
[controller_server-1] [ERROR] [1783273714.053845593] [transformPoseInTargetFrame]: Extrapolation Error looking up target frame: Lookup would require extrapolation into the future.  Requested time 508.039000 but the latest data is at time 508.022000, when looking up transform from frame [map] to frame [leo1/base_link]
[controller_server-1] 
[controller_server-1] [WARN] [1783273714.054534510] [controller_server]: Control loop missed its desired rate of 20.0000Hz
[controller_server-1] [INFO] [1783273714.931145302] [controller_server]: Passing new path to controller.
[controller_server-1] [WARN] [1783273715.072224897] [controller_server]: Control loop missed its desired rate of 20.0000Hz
[controller_server-1] [WARN] [1783273715.082517571] [controller_server]: Control loop missed its desired rate of 20.0000Hz
[controller_server-1] [WARN] [1783273715.272356155] [controller_server]: Control loop missed its desired rate of 20.0000Hz
[controller_server-1] [WARN] [1783273715.282661932] [controller_server]: Control loop missed its desired rate of 20.0000Hz
[controller_server-1] [WARN] [1783273715.472293329] [controller_server]: Control loop missed its desired rate of 20.0000Hz
[controller_server-1] [WARN] [1783273715.482550313] [controller_server]: Control loop missed its desired rate of 20.0000Hz
[controller_server-1] [WARN] [1783273715.672257734] [controller_server]: Control loop missed its desired rate of 20.0000Hz
[controller_server-1] [WARN] [1783273715.682504376] [controller_server]: Control loop missed its desired rate of 20.0000Hz
[controller_server-1] [WARN] [1783273715.882415605] [controller_server]: Control loop missed its desired rate of 20.0000Hz
[controller_server-1] [INFO] [1783273715.932621993] [controller_server]: Passing new path to controller.
[controller_server-1] [WARN] [1783273716.084383171] [controller_server]: Control loop missed its desired rate of 20.0000Hz
[controller_server-1] [WARN] [1783273716.273668362] [controller_server]: Control loop missed its desired rate of 20.0000Hz
[controller_server-1] [WARN] [1783273716.294070116] [controller_server]: Control loop missed its desired rate of 20.0000Hz
[controller_server-1] [WARN] [1783273716.473699296] [controller_server]: Control loop missed its desired rate of 20.0000Hz
[controller_server-1] [WARN] [1783273716.494221353] [controller_server]: Control loop missed its desired rate of 20.0000Hz
[controller_server-1] [WARN] [1783273716.683722281] [controller_server]: Control loop missed its desired rate of 20.0000Hz
[controller_server-1] [INFO] [1783273716.983815091] [controller_server]: Passing new path to controller.
[controller_server-1] [WARN] [1783273717.085406885] [controller_server]: Control loop missed its desired rate of 20.0000Hz
[controller_server-1] [WARN] [1783273717.288366452] [controller_server]: Control loop missed its desired rate of 20.0000Hz
[controller_server-1] [ERROR] [1783273717.486700421] [transformPoseInTargetFrame]: Extrapolation Error looking up target frame: Lookup would require extrapolation into the future.  Requested time 511.454000 but the latest data is at time 511.442000, when looking up transform from frame [map] to frame [leo1/base_link]
[controller_server-1] 
[controller_server-1] [WARN] [1783273717.487395432] [controller_server]: Control loop missed its desired rate of 20.0000Hz
[controller_server-1] [INFO] [1783273717.996025178] [controller_server]: Passing new path to controller.
[controller_server-1] [WARN] [1783273718.097661798] [controller_server]: Control loop missed its desired rate of 20.0000Hz
[controller_server-1] [ERROR] [1783273718.288603510] [transformPoseInTargetFrame]: Extrapolation Error looking up target frame: Lookup would require extrapolation into the future.  Requested time 512.249000 but the latest data is at time 512.242000, when looking up transform from frame [map] to frame [leo1/base_link]
[controller_server-1] 
[controller_server-1] [WARN] [1783273718.289421950] [controller_server]: Control loop missed its desired rate of 20.0000Hz
[controller_server-1] [INFO] [1783273719.053162943] [controller_server]: Passing new path to controller.
[controller_server-1] [ERROR] [1783273719.290686649] [transformPoseInTargetFrame]: Extrapolation Error looking up target frame: Lookup would require extrapolation into the future.  Requested time 513.243000 but the latest data is at time 513.242000, when looking up transform from frame [map] to frame [leo1/base_link]
[controller_server-1] 
[controller_server-1] [WARN] [1783273719.291543619] [controller_server]: Control loop missed its desired rate of 20.0000Hz
[controller_server-1] [INFO] [1783273720.056264554] [controller_server]: Passing new path to controller.
[controller_server-1] [ERROR] [1783273720.292776539] [transformPoseInTargetFrame]: Extrapolation Error looking up target frame: Lookup would require extrapolation into the future.  Requested time 514.243000 but the latest data is at time 514.222000, when looking up transform from frame [map] to frame [leo1/base_link]
[controller_server-1] 
[controller_server-1] [WARN] [1783273720.293529577] [controller_server]: Control loop missed its desired rate of 20.0000Hz
[controller_server-1] [INFO] [1783273721.107620422] [controller_server]: Passing new path to controller.
[controller_server-1] [INFO] [1783273722.135481407] [controller_server]: Passing new path to controller.
[controller_server-1] [INFO] [1783273723.143616125] [controller_server]: Passing new path to controller.
[controller_server-1] [INFO] [1783273724.193610955] [controller_server]: Passing new path to controller.
[controller_server-1] [ERROR] [1783273724.295143702] [transformPoseInTargetFrame]: Extrapolation Error looking up target frame: Lookup would require extrapolation into the future.  Requested time 518.224000 but the latest data is at time 518.222000, when looking up transform from frame [map] to frame [leo1/base_link]
[controller_server-1] 
[controller_server-1] [WARN] [1783273724.295906157] [controller_server]: Control loop missed its desired rate of 20.0000Hz
[controller_server-1] [INFO] [1783273725.212495755] [controller_server]: Passing new path to controller.
[controller_server-1] [ERROR] [1783273725.314031273] [transformPoseInTargetFrame]: Extrapolation Error looking up target frame: Lookup would require extrapolation into the future.  Requested time 519.237000 but the latest data is at time 519.222000, when looking up transform from frame [map] to frame [leo1/base_link]
[controller_server-1] 
[controller_server-1] [WARN] [1783273725.314776802] [controller_server]: Control loop missed its desired rate of 20.0000Hz
[controller_server-1] [INFO] [1783273726.245990121] [controller_server]: Passing new path to controller.
[controller_server-1] [WARN] [1783273726.348230971] [controller_server]: Control loop missed its desired rate of 20.0000Hz
[controller_server-1] [INFO] [1783273727.268053260] [controller_server]: Passing new path to controller.
[controller_server-1] [WARN] [1783273727.350622092] [controller_server]: Control loop missed its desired rate of 20.0000Hz
[controller_server-1] [INFO] [1783273728.298318036] [controller_server]: Passing new path to controller.
[controller_server-1] [WARN] [1783273728.370931451] [controller_server]: Control loop missed its desired rate of 20.0000Hz
[controller_server-1] [INFO] [1783273729.348350651] [controller_server]: Passing new path to controller.
[controller_server-1] [WARN] [1783273729.401366663] [controller_server]: Control loop missed its desired rate of 20.0000Hz
[controller_server-1] [INFO] [1783273730.398310932] [controller_server]: Passing new path to controller.
[controller_server-1] [INFO] [1783273731.398323457] [controller_server]: Passing new path to controller.
[controller_server-1] [INFO] [1783273732.448307036] [controller_server]: Passing new path to controller.
[controller_server-1] [INFO] [1783273733.448317093] [controller_server]: Passing new path to controller.
[controller_server-1] [INFO] [1783273734.498319000] [controller_server]: Passing new path to controller.
[controller_server-1] [INFO] [1783273735.548321644] [controller_server]: Passing new path to controller.
[controller_server-1] [ERROR] [1783273735.649936363] [transformPoseInTargetFrame]: Extrapolation Error looking up target frame: Lookup would require extrapolation into the future.  Requested time 529.440000 but the latest data is at time 529.422000, when looking up transform from frame [map] to frame [leo1/base_link]
[controller_server-1] 
[controller_server-1] [WARN] [1783273735.650634564] [controller_server]: Control loop missed its desired rate of 20.0000Hz
[controller_server-1] [INFO] [1783273736.566040550] [controller_server]: Passing new path to controller.
[controller_server-1] [ERROR] [1783273736.668124843] [transformPoseInTargetFrame]: Extrapolation Error looking up target frame: Lookup would require extrapolation into the future.  Requested time 530.439000 but the latest data is at time 530.422000, when looking up transform from frame [map] to frame [leo1/base_link]
[controller_server-1] 
[controller_server-1] [WARN] [1783273736.668874433] [controller_server]: Control loop missed its desired rate of 20.0000Hz
[controller_server-1] [INFO] [1783273737.600720258] [controller_server]: Passing new path to controller.
[controller_server-1] [WARN] [1783273737.702908932] [controller_server]: Control loop missed its desired rate of 20.0000Hz
[controller_server-1] [INFO] [1783273738.620917099] [controller_server]: Passing new path to controller.
[controller_server-1] [WARN] [1783273738.723482449] [controller_server]: Control loop missed its desired rate of 20.0000Hz
[controller_server-1] [INFO] [1783273739.653022085] [controller_server]: Passing new path to controller.
[controller_server-1] [WARN] [1783273739.755577298] [controller_server]: Control loop missed its desired rate of 20.0000Hz
[controller_server-1] [INFO] [1783273740.671257678] [controller_server]: Passing new path to controller.
[controller_server-1] [WARN] [1783273740.763286574] [controller_server]: Control loop missed its desired rate of 20.0000Hz
[controller_server-1] [INFO] [1783273741.705664493] [controller_server]: Passing new path to controller.
[controller_server-1] [WARN] [1783273741.777551548] [controller_server]: Control loop missed its desired rate of 20.0000Hz
[controller_server-1] [INFO] [1783273742.755654098] [controller_server]: Passing new path to controller.
[controller_server-1] [INFO] [1783273743.763533603] [controller_server]: Passing new path to controller.
[controller_server-1] [INFO] [1783273744.813506756] [controller_server]: Passing new path to controller.
[controller_server-1] [INFO] [1783273745.813513468] [controller_server]: Passing new path to controller.
[controller_server-1] [INFO] [1783273746.863500800] [controller_server]: Passing new path to controller.
[controller_server-1] [INFO] [1783273747.863507128] [controller_server]: Passing new path to controller.
[controller_server-1] [INFO] [1783273748.913514280] [controller_server]: Passing new path to controller.
[controller_server-1] [ERROR] [1783273749.015482241] [transformPoseInTargetFrame]: Extrapolation Error looking up target frame: Lookup would require extrapolation into the future.  Requested time 542.626000 but the latest data is at time 542.622000, when looking up transform from frame [map] to frame [leo1/base_link]
[controller_server-1] 
[controller_server-1] [WARN] [1783273749.016680342] [controller_server]: Control loop missed its desired rate of 20.0000Hz
[controller_server-1] [INFO] [1783273749.932892397] [controller_server]: Passing new path to controller.
[controller_server-1] [ERROR] [1783273750.034567503] [transformPoseInTargetFrame]: Extrapolation Error looking up target frame: Lookup would require extrapolation into the future.  Requested time 543.635000 but the latest data is at time 543.622000, when looking up transform from frame [map] to frame [leo1/base_link]
[controller_server-1] 
[controller_server-1] [WARN] [1783273750.035534822] [controller_server]: Control loop missed its desired rate of 20.0000Hz
[controller_server-1] [INFO] [1783273750.966771872] [controller_server]: Passing new path to controller.
[controller_server-1] [ERROR] [1783273751.068535388] [transformPoseInTargetFrame]: Extrapolation Error looking up target frame: Lookup would require extrapolation into the future.  Requested time 544.660000 but the latest data is at time 544.642000, when looking up transform from frame [map] to frame [leo1/base_link]
[controller_server-1] 
[controller_server-1] [WARN] [1783273751.069518392] [controller_server]: Control loop missed its desired rate of 20.0000Hz
[controller_server-1] [INFO] [1783273751.984987945] [controller_server]: Passing new path to controller.
[controller_server-1] [WARN] [1783273752.077698221] [controller_server]: Control loop missed its desired rate of 20.0000Hz
[controller_server-1] [INFO] [1783273753.019597934] [controller_server]: Passing new path to controller.
[controller_server-1] [WARN] [1783273753.091645757] [controller_server]: Control loop missed its desired rate of 20.0000Hz
[controller_server-1] [INFO] [1783273754.069633019] [controller_server]: Passing new path to controller.
[controller_server-1] [INFO] [1783273755.069614393] [controller_server]: Passing new path to controller.
[controller_server-1] [WARN] [1783273755.121830383] [controller_server]: Control loop missed its desired rate of 20.0000Hz
[controller_server-1] [INFO] [1783273756.119623264] [controller_server]: Passing new path to controller.
[controller_server-1] [INFO] [1783273757.169602045] [controller_server]: Passing new path to controller.
[controller_server-1] [INFO] [1783273758.169598222] [controller_server]: Passing new path to controller.
[controller_server-1] [INFO] [1783273759.219629192] [controller_server]: Passing new path to controller.
[controller_server-1] [INFO] [1783273760.219656418] [controller_server]: Passing new path to controller.
[planner_server-2] [INFO] [1783273760.610212559] [global_costmap.global_costmap]: StaticLayer: Resizing costmap to 281 X 280 at 0.050000 m/pix
[controller_server-1] [INFO] [1783273761.269633768] [controller_server]: Passing new path to controller.
[controller_server-1] [ERROR] [1783273761.371442130] [transformPoseInTargetFrame]: Extrapolation Error looking up target frame: Lookup would require extrapolation into the future.  Requested time 554.847000 but the latest data is at time 554.822000, when looking up transform from frame [map] to frame [leo1/base_link]
[controller_server-1] 
[controller_server-1] [WARN] [1783273761.371926975] [controller_server]: Control loop missed its desired rate of 20.0000Hz
[controller_server-1] [INFO] [1783273762.284052661] [controller_server]: Passing new path to controller.
[controller_server-1] [ERROR] [1783273762.385726521] [transformPoseInTargetFrame]: Extrapolation Error looking up target frame: Lookup would require extrapolation into the future.  Requested time 555.846000 but the latest data is at time 555.822000, when looking up transform from frame [map] to frame [leo1/base_link]
[controller_server-1] 
[controller_server-1] [WARN] [1783273762.386150229] [controller_server]: Control loop missed its desired rate of 20.0000Hz
[controller_server-1] [INFO] [1783273763.322033915] [controller_server]: Passing new path to controller.
[controller_server-1] [WARN] [1783273763.413822171] [controller_server]: Control loop missed its desired rate of 20.0000Hz
[controller_server-1] [INFO] [1783273764.372012283] [controller_server]: Passing new path to controller.
[controller_server-1] [INFO] [1783273765.372026945] [controller_server]: Passing new path to controller.
[controller_server-1] [WARN] [1783273765.423704073] [controller_server]: Control loop missed its desired rate of 20.0000Hz
[controller_server-1] [INFO] [1783273766.422014013] [controller_server]: Passing new path to controller.
[controller_server-1] [INFO] [1783273767.422032198] [controller_server]: Passing new path to controller.
[controller_server-1] [INFO] [1783273768.472009150] [controller_server]: Passing new path to controller.
[controller_server-1] [WARN] [1783273768.663002419] [controller_server]: Control loop missed its desired rate of 20.0000Hz
[controller_server-1] [WARN] [1783273768.673247803] [controller_server]: Control loop missed its desired rate of 20.0000Hz
[controller_server-1] [WARN] [1783273768.863180980] [controller_server]: Control loop missed its desired rate of 20.0000Hz
[controller_server-1] [WARN] [1783273768.873406115] [controller_server]: Control loop missed its desired rate of 20.0000Hz
[controller_server-1] [WARN] [1783273769.073207075] [controller_server]: Control loop missed its desired rate of 20.0000Hz
[controller_server-1] [WARN] [1783273769.295384771] [controller_server]: Control loop missed its desired rate of 20.0000Hz
[controller_server-1] [ERROR] [1783273769.474481867] [transformPoseInTargetFrame]: Extrapolation Error looking up target frame: Lookup would require extrapolation into the future.  Requested time 562.856000 but the latest data is at time 562.822000, when looking up transform from frame [map] to frame [leo1/base_link]
[controller_server-1] 
[controller_server-1] [WARN] [1783273769.474719406] [controller_server]: Control loop missed its desired rate of 20.0000Hz
[controller_server-1] [INFO] [1783273769.524947934] [controller_server]: Passing new path to controller.
[controller_server-1] [WARN] [1783273769.686950478] [controller_server]: Control loop missed its desired rate of 20.0000Hz
[controller_server-1] [ERROR] [1783273769.875945911] [transformPoseInTargetFrame]: Extrapolation Error looking up target frame: Lookup would require extrapolation into the future.  Requested time 563.255000 but the latest data is at time 563.222000, when looking up transform from frame [map] to frame [leo1/base_link]
[controller_server-1] 
[controller_server-1] [WARN] [1783273769.876418802] [controller_server]: Control loop missed its desired rate of 20.0000Hz
[controller_server-1] [INFO] [1783273770.530787957] [controller_server]: Passing new path to controller.
[controller_server-1] [INFO] [1783273771.538554410] [controller_server]: Passing new path to controller.
[controller_server-1] [INFO] [1783273772.598773248] [controller_server]: Passing new path to controller.
[controller_server-1] [INFO] [1783273773.613635968] [controller_server]: Passing new path to controller.
[controller_server-1] [INFO] [1783273774.669739925] [controller_server]: Passing new path to controller.
[controller_server-1] [INFO] [1783273775.675849064] [controller_server]: Passing new path to controller.
[controller_server-1] [INFO] [1783273776.731424457] [controller_server]: Passing new path to controller.
[controller_server-1] [INFO] [1783273777.735111917] [controller_server]: Passing new path to controller.
[controller_server-1] [INFO] [1783273778.785109038] [controller_server]: Passing new path to controller.
[controller_server-1] [INFO] [1783273779.785110976] [controller_server]: Passing new path to controller.
[controller_server-1] [INFO] [1783273780.835113114] [controller_server]: Passing new path to controller.
[controller_server-1] [INFO] [1783273781.885173643] [controller_server]: Passing new path to controller.
[controller_server-1] [INFO] [1783273782.885138663] [controller_server]: Passing new path to controller.
[controller_server-1] [INFO] [1783273783.935114838] [controller_server]: Passing new path to controller.
[controller_server-1] [INFO] [1783273784.935127288] [controller_server]: Passing new path to controller.
[controller_server-1] [INFO] [1783273785.985112991] [controller_server]: Passing new path to controller.
[controller_server-1] [INFO] [1783273787.035130397] [controller_server]: Passing new path to controller.
[controller_server-1] [INFO] [1783273788.035117329] [controller_server]: Passing new path to controller.
[controller_server-1] [ERROR] [1783273788.385169341] [controller_server]: Failed to make progress
[controller_server-1] [WARN] [1783273788.385261941] [controller_server]: [follow_path] [ActionServer] Aborting handle.
[behavior_server-3] [INFO] [1783273788.396326108] [behavior_server]: Running wait
[behavior_server-3] [INFO] [1783273793.496535692] [behavior_server]: wait completed successfully
[controller_server-1] [INFO] [1783273793.546550430] [controller_server]: Received a goal, begin computing control effort.
[controller_server-1] [INFO] [1783273794.596748456] [controller_server]: Passing new path to controller.
[controller_server-1] [INFO] [1783273795.646759360] [controller_server]: Passing new path to controller.
[controller_server-1] [INFO] [1783273796.646744373] [controller_server]: Passing new path to controller.
[controller_server-1] [INFO] [1783273797.696741320] [controller_server]: Passing new path to controller.
[controller_server-1] [INFO] [1783273798.696740934] [controller_server]: Passing new path to controller.
[controller_server-1] [INFO] [1783273799.746746474] [controller_server]: Passing new path to controller.
[controller_server-1] [INFO] [1783273800.796745315] [controller_server]: Passing new path to controller.
[controller_server-1] [INFO] [1783273801.796772798] [controller_server]: Passing new path to controller.
[controller_server-1] [INFO] [1783273802.846778168] [controller_server]: Passing new path to controller.
[controller_server-1] [INFO] [1783273803.854926222] [controller_server]: Passing new path to controller.
[controller_server-1] [INFO] [1783273804.904927232] [controller_server]: Passing new path to controller.
[controller_server-1] [INFO] [1783273805.904947744] [controller_server]: Passing new path to controller.
[controller_server-1] [INFO] [1783273806.954932998] [controller_server]: Passing new path to controller.
[controller_server-1] [INFO] [1783273806.969481462] [local_costmap.local_costmap]: Received request to clear entirely the local_costmap
[planner_server-2] [INFO] [1783273806.969611217] [global_costmap.global_costmap]: Received request to clear entirely the global_costmap
[controller_server-1] [WARN] [1783273807.115274413] [controller_server]: Control loop missed its desired rate of 20.0000Hz
[controller_server-1] [INFO] [1783273807.969986153] [controller_server]: Passing new path to controller.
[controller_server-1] [ERROR] [1783273808.725244211] [controller_server]: Failed to make progress
[controller_server-1] [WARN] [1783273808.725362526] [controller_server]: [follow_path] [ActionServer] Aborting handle.
[controller_server-1] [INFO] [1783273808.744209112] [local_costmap.local_costmap]: Received request to clear entirely the local_costmap
[controller_server-1] [INFO] [1783273808.745406206] [controller_server]: Received a goal, begin computing control effort.
[controller_server-1] [WARN] [1783273808.915716306] [controller_server]: Control loop missed its desired rate of 20.0000Hz
[controller_server-1] [INFO] [1783273809.016305200] [controller_server]: Passing new path to controller.
[controller_server-1] [INFO] [1783273810.023400895] [controller_server]: Passing new path to controller.
[controller_server-1] [INFO] [1783273811.080371631] [controller_server]: Passing new path to controller.
[controller_server-1] [INFO] [1783273812.087096116] [controller_server]: Passing new path to controller.
[controller_server-1] [INFO] [1783273813.143490384] [controller_server]: Passing new path to controller.
[controller_server-1] [INFO] [1783273814.150252335] [controller_server]: Passing new path to controller.
[controller_server-1] [INFO] [1783273815.155465207] [controller_server]: Passing new path to controller.
[controller_server-1] [INFO] [1783273816.212591786] [controller_server]: Passing new path to controller.
[controller_server-1] [INFO] [1783273817.215836480] [controller_server]: Passing new path to controller.
[controller_server-1] [INFO] [1783273818.265788629] [controller_server]: Passing new path to controller.
[controller_server-1] [INFO] [1783273819.315810176] [controller_server]: Passing new path to controller.
[controller_server-1] [INFO] [1783273820.315817661] [controller_server]: Passing new path to controller.
[controller_server-1] [INFO] [1783273821.365797096] [controller_server]: Passing new path to controller.
[controller_server-1] [INFO] [1783273822.365802998] [controller_server]: Passing new path to controller.
[controller_server-1] [INFO] [1783273823.415822520] [controller_server]: Passing new path to controller.
[controller_server-1] [ERROR] [1783273824.115858832] [controller_server]: Failed to make progress
[controller_server-1] [WARN] [1783273824.115948848] [controller_server]: [follow_path] [ActionServer] Aborting handle.
[behavior_server-3] [INFO] [1783273824.134416276] [behavior_server]: Running backup
[behavior_server-3] [INFO] [1783273824.134566543] [behavior_server]: DriveOnHeading: no acceleration or deceleration limits set
[behavior_server-3] [INFO] [1783273830.234775086] [behavior_server]: backup completed successfully
[controller_server-1] [INFO] [1783273830.285448235] [controller_server]: Received a goal, begin computing control effort.
[controller_server-1] [ERROR] [1783273830.386811922] [transformPoseInTargetFrame]: Extrapolation Error looking up target frame: Lookup would require extrapolation into the future.  Requested time 623.071000 but the latest data is at time 623.022000, when looking up transform from frame [map] to frame [leo1/base_link]
[controller_server-1] 
[controller_server-1] [WARN] [1783273830.387176768] [controller_server]: Control loop missed its desired rate of 20.0000Hz
[controller_server-1] [INFO] [1783273831.345743659] [controller_server]: Passing new path to controller.
[controller_server-1] [INFO] [1783273832.353568797] [controller_server]: Passing new path to controller.
[controller_server-1] [INFO] [1783273833.419433498] [controller_server]: Passing new path to controller.
[controller_server-1] [INFO] [1783273834.426135794] [controller_server]: Passing new path to controller.
[controller_server-1] [INFO] [1783273835.483553570] [controller_server]: Passing new path to controller.
[controller_server-1] [INFO] [1783273836.490128821] [controller_server]: Passing new path to controller.
[controller_server-1] [INFO] [1783273837.495396073] [controller_server]: Passing new path to controller.
[controller_server-1] [INFO] [1783273838.545393296] [controller_server]: Passing new path to controller.
[controller_server-1] [INFO] [1783273839.595396178] [controller_server]: Passing new path to controller.
[controller_server-1] [INFO] [1783273840.595395585] [controller_server]: Passing new path to controller.
[controller_server-1] [INFO] [1783273841.645398685] [controller_server]: Passing new path to controller.
[controller_server-1] [INFO] [1783273842.645396342] [controller_server]: Passing new path to controller.
[bt_navigator-4] [ERROR] [1783273843.443491568] [bt_navigator_navigate_to_pose_rclcpp_node]: Failed to get result for follow_path in node halt!
[bt_navigator-4] [INFO] [1783273843.443734780] [bt_navigator]: [navigate_to_pose] [ActionServer] Client requested to cancel the goal. Cancelling.
[bt_navigator-4] [INFO] [1783273843.444580261] [bt_navigator]: Goal canceled
[controller_server-1] [INFO] [1783273843.445393152] [controller_server]: Goal was canceled. Stopping the robot.
[controller_server-1] [INFO] [1783273843.445425175] [controller_server]: [follow_path] [ActionServer] Client requested to cancel the goal. Cancelling.
[bt_navigator-4] [INFO] [1783273850.102278280] [bt_navigator]: Begin navigating from current location (-3.53, 5.76) to (-4.68, 5.38)
[controller_server-1] [INFO] [1783273850.123402525] [controller_server]: Received a goal, begin computing control effort.
[controller_server-1] [WARN] [1783273850.224660948] [controller_server]: Control loop missed its desired rate of 20.0000Hz
[controller_server-1] [ERROR] [1783273850.386353861] [transformPoseInTargetFrame]: Extrapolation Error looking up target frame: Lookup would require extrapolation into the future.  Requested time 642.832000 but the latest data is at time 642.822000, when looking up transform from frame [map] to frame [leo1/base_link]
[controller_server-1] 
[controller_server-1] [WARN] [1783273850.386691723] [controller_server]: Control loop missed its desired rate of 20.0000Hz
[controller_server-1] [INFO] [1783273851.174747576] [controller_server]: Passing new path to controller.
[controller_server-1] [WARN] [1783273851.225861378] [controller_server]: Control loop missed its desired rate of 20.0000Hz
[controller_server-1] [WARN] [1783273851.425922984] [controller_server]: Control loop missed its desired rate of 20.0000Hz
[controller_server-1] [ERROR] [1783273851.597551404] [transformPoseInTargetFrame]: Extrapolation Error looking up target frame: Lookup would require extrapolation into the future.  Requested time 644.031000 but the latest data is at time 644.022000, when looking up transform from frame [map] to frame [leo1/base_link]
[controller_server-1] 
[controller_server-1] [WARN] [1783273851.597872232] [controller_server]: Control loop missed its desired rate of 20.0000Hz
[controller_server-1] [INFO] [1783273852.226100838] [controller_server]: Passing new path to controller.
[controller_server-1] [WARN] [1783273852.427254168] [controller_server]: Control loop missed its desired rate of 20.0000Hz
[controller_server-1] [WARN] [1783273852.639045691] [controller_server]: Control loop missed its desired rate of 20.0000Hz
[controller_server-1] [WARN] [1783273852.828622095] [controller_server]: Control loop missed its desired rate of 20.0000Hz
[controller_server-1] [WARN] [1783273853.040395934] [controller_server]: Control loop missed its desired rate of 20.0000Hz
[controller_server-1] [ERROR] [1783273853.229816135] [transformPoseInTargetFrame]: Extrapolation Error looking up target frame: Lookup would require extrapolation into the future.  Requested time 645.646000 but the latest data is at time 645.622000, when looking up transform from frame [map] to frame [leo1/base_link]
[controller_server-1] 
[controller_server-1] [WARN] [1783273853.230116498] [controller_server]: Control loop missed its desired rate of 20.0000Hz
[controller_server-1] [INFO] [1783273853.230133490] [controller_server]: Passing new path to controller.
[controller_server-1] [WARN] [1783273853.442665804] [controller_server]: Control loop missed its desired rate of 20.0000Hz
[controller_server-1] [ERROR] [1783273853.631316797] [transformPoseInTargetFrame]: Extrapolation Error looking up target frame: Lookup would require extrapolation into the future.  Requested time 646.043000 but the latest data is at time 646.022000, when looking up transform from frame [map] to frame [leo1/base_link]
[controller_server-1] 
[controller_server-1] [WARN] [1783273853.631629636] [controller_server]: Control loop missed its desired rate of 20.0000Hz
[controller_server-1] [INFO] [1783273854.286363578] [controller_server]: Passing new path to controller.
[controller_server-1] [ERROR] [1783273854.458695755] [transformPoseInTargetFrame]: Extrapolation Error looking up target frame: Lookup would require extrapolation into the future.  Requested time 646.861000 but the latest data is at time 646.842000, when looking up transform from frame [map] to frame [leo1/base_link]
[controller_server-1] 
[controller_server-1] [WARN] [1783273854.459236712] [controller_server]: Control loop missed its desired rate of 20.0000Hz
[controller_server-1] [INFO] [1783273855.281715897] [controller_server]: Passing new path to controller.
[controller_server-1] [ERROR] [1783273855.432935519] [transformPoseInTargetFrame]: Extrapolation Error looking up target frame: Lookup would require extrapolation into the future.  Requested time 647.824000 but the latest data is at time 647.822000, when looking up transform from frame [map] to frame [leo1/base_link]
[controller_server-1] 
[controller_server-1] [WARN] [1783273855.433521879] [controller_server]: Control loop missed its desired rate of 20.0000Hz
[controller_server-1] [INFO] [1783273856.341177523] [controller_server]: Passing new path to controller.
[controller_server-1] [ERROR] [1783273856.452960521] [transformPoseInTargetFrame]: Extrapolation Error looking up target frame: Lookup would require extrapolation into the future.  Requested time 648.824000 but the latest data is at time 648.822000, when looking up transform from frame [map] to frame [leo1/base_link]
[controller_server-1] 
[controller_server-1] [WARN] [1783273856.453243420] [controller_server]: Control loop missed its desired rate of 20.0000Hz
[controller_server-1] [INFO] [1783273857.333613756] [controller_server]: Passing new path to controller.
[controller_server-1] [WARN] [1783273857.484724625] [controller_server]: Control loop missed its desired rate of 20.0000Hz
[controller_server-1] [WARN] [1783273857.686350138] [controller_server]: Control loop missed its desired rate of 20.0000Hz
[controller_server-1] [WARN] [1783273857.886081144] [controller_server]: Control loop missed its desired rate of 20.0000Hz
[controller_server-1] [WARN] [1783273858.097872859] [controller_server]: Control loop missed its desired rate of 20.0000Hz
[controller_server-1] [WARN] [1783273858.287401739] [controller_server]: Control loop missed its desired rate of 20.0000Hz
[controller_server-1] [INFO] [1783273858.418300229] [controller_server]: Passing new path to controller.
[controller_server-1] [WARN] [1783273858.499918482] [controller_server]: Control loop missed its desired rate of 20.0000Hz
[controller_server-1] [ERROR] [1783273858.688721066] [transformPoseInTargetFrame]: Extrapolation Error looking up target frame: Lookup would require extrapolation into the future.  Requested time 651.043000 but the latest data is at time 651.022000, when looking up transform from frame [map] to frame [leo1/base_link]
[controller_server-1] 
[controller_server-1] [WARN] [1783273858.689025422] [controller_server]: Control loop missed its desired rate of 20.0000Hz
[controller_server-1] [INFO] [1783273859.395368242] [controller_server]: Passing new path to controller.
[controller_server-1] [ERROR] [1783273859.497598471] [transformPoseInTargetFrame]: Extrapolation Error looking up target frame: Lookup would require extrapolation into the future.  Requested time 651.844000 but the latest data is at time 651.822000, when looking up transform from frame [map] to frame [leo1/base_link]
[controller_server-1] 
[controller_server-1] [WARN] [1783273859.497893747] [controller_server]: Control loop missed its desired rate of 20.0000Hz
[controller_server-1] [INFO] [1783273860.439106319] [controller_server]: Passing new path to controller.
[controller_server-1] [WARN] [1783273860.520798508] [controller_server]: Control loop missed its desired rate of 20.0000Hz
[controller_server-1] [ERROR] [1783273860.690267546] [transformPoseInTargetFrame]: Extrapolation Error looking up target frame: Lookup would require extrapolation into the future.  Requested time 653.028000 but the latest data is at time 653.022000, when looking up transform from frame [map] to frame [leo1/base_link]
[controller_server-1] 
[controller_server-1] [WARN] [1783273860.690806627] [controller_server]: Control loop missed its desired rate of 20.0000Hz
[controller_server-1] [INFO] [1783273861.497213602] [controller_server]: Passing new path to controller.
[controller_server-1] [WARN] [1783273861.729945180] [controller_server]: Control loop missed its desired rate of 20.0000Hz
[controller_server-1] [WARN] [1783273861.751153753] [controller_server]: Control loop missed its desired rate of 20.0000Hz
[controller_server-1] [WARN] [1783273861.921899991] [controller_server]: Control loop missed its desired rate of 20.0000Hz
[controller_server-1] [WARN] [1783273862.132027990] [controller_server]: Control loop missed its desired rate of 20.0000Hz
[controller_server-1] [WARN] [1783273862.153344016] [controller_server]: Control loop missed its desired rate of 20.0000Hz
[controller_server-1] [WARN] [1783273862.332012573] [controller_server]: Control loop missed its desired rate of 20.0000Hz
[controller_server-1] [WARN] [1783273862.343188058] [controller_server]: Control loop missed its desired rate of 20.0000Hz
[controller_server-1] [WARN] [1783273862.531982031] [controller_server]: Control loop missed its desired rate of 20.0000Hz
[controller_server-1] [INFO] [1783273862.532025540] [controller_server]: Passing new path to controller.
[controller_server-1] [WARN] [1783273862.543194462] [controller_server]: Control loop missed its desired rate of 20.0000Hz
[controller_server-1] [WARN] [1783273862.742157274] [controller_server]: Control loop missed its desired rate of 20.0000Hz
[controller_server-1] [ERROR] [1783273862.914723141] [transformPoseInTargetFrame]: Extrapolation Error looking up target frame: Lookup would require extrapolation into the future.  Requested time 655.237000 but the latest data is at time 655.222000, when looking up transform from frame [map] to frame [leo1/base_link]
[controller_server-1] 
[controller_server-1] [WARN] [1783273862.915088008] [controller_server]: Control loop missed its desired rate of 20.0000Hz
[controller_server-1] [INFO] [1783273863.550833451] [controller_server]: Passing new path to controller.
[controller_server-1] [WARN] [1783273863.752017209] [controller_server]: Control loop missed its desired rate of 20.0000Hz
[controller_server-1] [WARN] [1783273863.955623039] [controller_server]: Control loop missed its desired rate of 20.0000Hz
[controller_server-1] [ERROR] [1783273864.153237187] [transformPoseInTargetFrame]: Extrapolation Error looking up target frame: Lookup would require extrapolation into the future.  Requested time 656.454000 but the latest data is at time 656.442000, when looking up transform from frame [map] to frame [leo1/base_link]
[controller_server-1] 
[controller_server-1] [WARN] [1783273864.153559684] [controller_server]: Control loop missed its desired rate of 20.0000Hz
[controller_server-1] [INFO] [1783273864.558054360] [controller_server]: Passing new path to controller.
[controller_server-1] [WARN] [1783273864.770399814] [controller_server]: Control loop missed its desired rate of 20.0000Hz
[controller_server-1] [WARN] [1783273864.954973424] [controller_server]: Control loop missed its desired rate of 20.0000Hz
[controller_server-1] [WARN] [1783273865.159834933] [controller_server]: Control loop missed its desired rate of 20.0000Hz
[controller_server-1] [WARN] [1783273865.356376077] [controller_server]: Control loop missed its desired rate of 20.0000Hz
[controller_server-1] [WARN] [1783273865.570751877] [controller_server]: Control loop missed its desired rate of 20.0000Hz
[controller_server-1] [INFO] [1783273865.606492876] [controller_server]: Passing new path to controller.
[controller_server-1] [ERROR] [1783273865.757851857] [transformPoseInTargetFrame]: Extrapolation Error looking up target frame: Lookup would require extrapolation into the future.  Requested time 658.046000 but the latest data is at time 658.022000, when looking up transform from frame [map] to frame [leo1/base_link]
[controller_server-1] 
[controller_server-1] [WARN] [1783273865.758514039] [controller_server]: Control loop missed its desired rate of 20.0000Hz
[controller_server-1] [INFO] [1783273866.617051398] [controller_server]: Passing new path to controller.
[controller_server-1] [ERROR] [1783273866.768942835] [transformPoseInTargetFrame]: Extrapolation Error looking up target frame: Lookup would require extrapolation into the future.  Requested time 659.053000 but the latest data is at time 659.022000, when looking up transform from frame [map] to frame [leo1/base_link]
[controller_server-1] 
[controller_server-1] [WARN] [1783273866.769452578] [controller_server]: Control loop missed its desired rate of 20.0000Hz
[controller_server-1] [INFO] [1783273867.658626750] [controller_server]: Passing new path to controller.
[controller_server-1] [ERROR] [1783273867.760454529] [transformPoseInTargetFrame]: Extrapolation Error looking up target frame: Lookup would require extrapolation into the future.  Requested time 660.036000 but the latest data is at time 660.022000, when looking up transform from frame [map] to frame [leo1/base_link]
[controller_server-1] 
[controller_server-1] [WARN] [1783273867.760929501] [controller_server]: Control loop missed its desired rate of 20.0000Hz
[controller_server-1] [INFO] [1783273868.671393042] [controller_server]: Passing new path to controller.
[controller_server-1] [ERROR] [1783273868.773085154] [transformPoseInTargetFrame]: Extrapolation Error looking up target frame: Lookup would require extrapolation into the future.  Requested time 661.036000 but the latest data is at time 661.022000, when looking up transform from frame [map] to frame [leo1/base_link]
[controller_server-1] 
[controller_server-1] [WARN] [1783273868.773393862] [controller_server]: Control loop missed its desired rate of 20.0000Hz
[controller_server-1] [INFO] [1783273869.711046775] [controller_server]: Passing new path to controller.
[controller_server-1] [WARN] [1783273869.802859225] [controller_server]: Control loop missed its desired rate of 20.0000Hz
[controller_server-1] [WARN] [1783273869.827260739] [controller_server]: Control loop missed its desired rate of 20.0000Hz
[controller_server-1] [WARN] [1783273870.002287459] [controller_server]: Control loop missed its desired rate of 20.0000Hz
[controller_server-1] [WARN] [1783273870.013676602] [controller_server]: Control loop missed its desired rate of 20.0000Hz
[controller_server-1] [WARN] [1783273870.212269744] [controller_server]: Control loop missed its desired rate of 20.0000Hz
[controller_server-1] [ERROR] [1783273870.384794469] [transformPoseInTargetFrame]: Extrapolation Error looking up target frame: Lookup would require extrapolation into the future.  Requested time 662.635000 but the latest data is at time 662.622000, when looking up transform from frame [map] to frame [leo1/base_link]
[controller_server-1] 
[controller_server-1] [WARN] [1783273870.385106340] [controller_server]: Control loop missed its desired rate of 20.0000Hz
[controller_server-1] [INFO] [1783273870.762353251] [controller_server]: Passing new path to controller.
[controller_server-1] [WARN] [1783273870.823763661] [controller_server]: Control loop missed its desired rate of 20.0000Hz
[controller_server-1] [WARN] [1783273871.013545067] [controller_server]: Control loop missed its desired rate of 20.0000Hz
[controller_server-1] [WARN] [1783273871.226572188] [controller_server]: Control loop missed its desired rate of 20.0000Hz
[controller_server-1] [ERROR] [1783273871.414864487] [transformPoseInTargetFrame]: Extrapolation Error looking up target frame: Lookup would require extrapolation into the future.  Requested time 663.656000 but the latest data is at time 663.622000, when looking up transform from frame [map] to frame [leo1/base_link]
[controller_server-1] 
[controller_server-1] [WARN] [1783273871.415223093] [controller_server]: Control loop missed its desired rate of 20.0000Hz
[controller_server-1] [INFO] [1783273871.768927273] [controller_server]: Passing new path to controller.
[controller_server-1] [WARN] [1783273872.016582580] [controller_server]: Control loop missed its desired rate of 20.0000Hz
[controller_server-1] [WARN] [1783273872.220327272] [controller_server]: Control loop missed its desired rate of 20.0000Hz
[controller_server-1] [WARN] [1783273872.417940711] [controller_server]: Control loop missed its desired rate of 20.0000Hz
[controller_server-1] [WARN] [1783273872.633004632] [controller_server]: Control loop missed its desired rate of 20.0000Hz
[controller_server-1] [ERROR] [1783273872.819270081] [transformPoseInTargetFrame]: Extrapolation Error looking up target frame: Lookup would require extrapolation into the future.  Requested time 665.051000 but the latest data is at time 665.022000, when looking up transform from frame [map] to frame [leo1/base_link]
[controller_server-1] 
[controller_server-1] [WARN] [1783273872.819805969] [controller_server]: Control loop missed its desired rate of 20.0000Hz
[controller_server-1] [INFO] [1783273872.819833483] [controller_server]: Passing new path to controller.
[controller_server-1] [ERROR] [1783273872.994461619] [transformPoseInTargetFrame]: Extrapolation Error looking up target frame: Lookup would require extrapolation into the future.  Requested time 665.224000 but the latest data is at time 665.222000, when looking up transform from frame [map] to frame [leo1/base_link]
[controller_server-1] 
[controller_server-1] [WARN] [1783273872.995025786] [controller_server]: Control loop missed its desired rate of 20.0000Hz
[controller_server-1] [INFO] [1783273873.819884041] [controller_server]: Passing new path to controller.
[controller_server-1] [ERROR] [1783273874.021044080] [transformPoseInTargetFrame]: Extrapolation Error looking up target frame: Lookup would require extrapolation into the future.  Requested time 666.243000 but the latest data is at time 666.222000, when looking up transform from frame [map] to frame [leo1/base_link]
[controller_server-1] 
[controller_server-1] [WARN] [1783273874.021360720] [controller_server]: Control loop missed its desired rate of 20.0000Hz
[controller_server-1] [INFO] [1783273874.878312619] [controller_server]: Passing new path to controller.
[controller_server-1] [WARN] [1783273875.040228975] [controller_server]: Control loop missed its desired rate of 20.0000Hz
[controller_server-1] [ERROR] [1783273875.222528510] [transformPoseInTargetFrame]: Extrapolation Error looking up target frame: Lookup would require extrapolation into the future.  Requested time 667.437000 but the latest data is at time 667.422000, when looking up transform from frame [map] to frame [leo1/base_link]
[controller_server-1] 
[controller_server-1] [WARN] [1783273875.222822013] [controller_server]: Control loop missed its desired rate of 20.0000Hz
[controller_server-1] [INFO] [1783273875.880368702] [controller_server]: Passing new path to controller.
[controller_server-1] [WARN] [1783273876.042272003] [controller_server]: Control loop missed its desired rate of 20.0000Hz
[controller_server-1] [ERROR] [1783273876.224136861] [transformPoseInTargetFrame]: Extrapolation Error looking up target frame: Lookup would require extrapolation into the future.  Requested time 668.435000 but the latest data is at time 668.422000, when looking up transform from frame [map] to frame [leo1/base_link]
[controller_server-1] 
[controller_server-1] [WARN] [1783273876.224422806] [controller_server]: Control loop missed its desired rate of 20.0000Hz
[controller_server-1] [INFO] [1783273876.932234438] [controller_server]: Passing new path to controller.
[controller_server-1] [WARN] [1783273877.074494639] [controller_server]: Control loop missed its desired rate of 20.0000Hz
[controller_server-1] [WARN] [1783273877.275784972] [controller_server]: Control loop missed its desired rate of 20.0000Hz
[controller_server-1] [WARN] [1783273877.477642677] [controller_server]: Control loop missed its desired rate of 20.0000Hz
[controller_server-1] [WARN] [1783273877.677268549] [controller_server]: Control loop missed its desired rate of 20.0000Hz
[controller_server-1] [WARN] [1783273877.878999262] [controller_server]: Control loop missed its desired rate of 20.0000Hz
[controller_server-1] [ERROR] [1783273878.038818081] [transformPoseInTargetFrame]: Extrapolation Error looking up target frame: Lookup would require extrapolation into the future.  Requested time 670.224000 but the latest data is at time 670.222000, when looking up transform from frame [map] to frame [leo1/base_link]
[controller_server-1] 
[controller_server-1] [WARN] [1783273878.039180771] [controller_server]: Control loop missed its desired rate of 20.0000Hz
[controller_server-1] [INFO] [1783273878.039206671] [controller_server]: Passing new path to controller.
[controller_server-1] [WARN] [1783273878.281776001] [controller_server]: Control loop missed its desired rate of 20.0000Hz
[controller_server-1] [WARN] [1783273878.292140951] [controller_server]: Control loop missed its desired rate of 20.0000Hz
[controller_server-1] [ERROR] [1783273878.440387666] [transformPoseInTargetFrame]: Extrapolation Error looking up target frame: Lookup would require extrapolation into the future.  Requested time 670.629000 but the latest data is at time 670.622000, when looking up transform from frame [map] to frame [leo1/base_link]
[controller_server-1] 
[controller_server-1] [WARN] [1783273878.440850672] [controller_server]: Control loop missed its desired rate of 20.0000Hz
[controller_server-1] [INFO] [1783273878.995757183] [controller_server]: Passing new path to controller.
[controller_server-1] [INFO] [1783273880.040930786] [controller_server]: Passing new path to controller.
[controller_server-1] [INFO] [1783273881.040928855] [controller_server]: Passing new path to controller.
[controller_server-1] [WARN] [1783273881.092218501] [controller_server]: Control loop missed its desired rate of 20.0000Hz
[controller_server-1] [INFO] [1783273882.090945376] [controller_server]: Passing new path to controller.
[controller_server-1] [INFO] [1783273883.090932179] [controller_server]: Passing new path to controller.
[controller_server-1] [INFO] [1783273884.140930494] [controller_server]: Passing new path to controller.
[controller_server-1] [INFO] [1783273885.190948670] [controller_server]: Passing new path to controller.
[controller_server-1] [INFO] [1783273886.190935919] [controller_server]: Passing new path to controller.
[controller_server-1] [INFO] [1783273887.240972092] [controller_server]: Passing new path to controller.
[controller_server-1] [INFO] [1783273888.240947795] [controller_server]: Passing new path to controller.
[controller_server-1] [INFO] [1783273889.290951945] [controller_server]: Passing new path to controller.
[controller_server-1] [INFO] [1783273889.591151778] [controller_server]: Reached the goal!
[bt_navigator-4] [INFO] [1783273889.631587088] [bt_navigator]: Goal succeeded
[bt_navigator-4] [INFO] [1783273894.200826698] [bt_navigator]: Begin navigating from current location (-4.52, 5.57) to (-5.13, 2.03)
[controller_server-1] [INFO] [1783273894.221828868] [controller_server]: Received a goal, begin computing control effort.
[controller_server-1] [WARN] [1783273894.413155014] [controller_server]: Control loop missed its desired rate of 20.0000Hz
[controller_server-1] [WARN] [1783273894.425327766] [controller_server]: Control loop missed its desired rate of 20.0000Hz
[controller_server-1] [WARN] [1783273894.613167895] [controller_server]: Control loop missed its desired rate of 20.0000Hz
[controller_server-1] [WARN] [1783273894.627538897] [controller_server]: Control loop missed its desired rate of 20.0000Hz
[controller_server-1] [WARN] [1783273894.823232553] [controller_server]: Control loop missed its desired rate of 20.0000Hz
[controller_server-1] [WARN] [1783273895.224552821] [controller_server]: Control loop missed its desired rate of 20.0000Hz
[controller_server-1] [INFO] [1783273895.286180487] [controller_server]: Passing new path to controller.
[controller_server-1] [WARN] [1783273895.428138182] [controller_server]: Control loop missed its desired rate of 20.0000Hz
[controller_server-1] [ERROR] [1783273895.626015539] [transformPoseInTargetFrame]: Extrapolation Error looking up target frame: Lookup would require extrapolation into the future.  Requested time 687.652000 but the latest data is at time 687.622000, when looking up transform from frame [map] to frame [leo1/base_link]
[controller_server-1] 
[controller_server-1] [WARN] [1783273895.627243107] [controller_server]: Control loop missed its desired rate of 20.0000Hz
[controller_server-1] [INFO] [1783273896.289283411] [controller_server]: Passing new path to controller.
[controller_server-1] [WARN] [1783273896.431235838] [controller_server]: Control loop missed its desired rate of 20.0000Hz
[controller_server-1] [ERROR] [1783273896.628523465] [transformPoseInTargetFrame]: Extrapolation Error looking up target frame: Lookup would require extrapolation into the future.  Requested time 688.647000 but the latest data is at time 688.622000, when looking up transform from frame [map] to frame [leo1/base_link]
[controller_server-1] 
[controller_server-1] [WARN] [1783273896.629176196] [controller_server]: Control loop missed its desired rate of 20.0000Hz
[controller_server-1] [INFO] [1783273897.343076033] [controller_server]: Passing new path to controller.
[controller_server-1] [WARN] [1783273897.444810707] [controller_server]: Control loop missed its desired rate of 20.0000Hz
[controller_server-1] [ERROR] [1783273897.630384384] [transformPoseInTargetFrame]: Extrapolation Error looking up target frame: Lookup would require extrapolation into the future.  Requested time 689.644000 but the latest data is at time 689.622000, when looking up transform from frame [map] to frame [leo1/base_link]
[controller_server-1] 
[controller_server-1] [WARN] [1783273897.630937972] [controller_server]: Control loop missed its desired rate of 20.0000Hz
[controller_server-1] [INFO] [1783273898.342789713] [controller_server]: Passing new path to controller.
[controller_server-1] [WARN] [1783273898.444802832] [controller_server]: Control loop missed its desired rate of 20.0000Hz
[controller_server-1] [ERROR] [1783273898.632133996] [transformPoseInTargetFrame]: Extrapolation Error looking up target frame: Lookup would require extrapolation into the future.  Requested time 690.640000 but the latest data is at time 690.622000, when looking up transform from frame [map] to frame [leo1/base_link]
[controller_server-1] 
[controller_server-1] [WARN] [1783273898.632881568] [controller_server]: Control loop missed its desired rate of 20.0000Hz
[controller_server-1] [INFO] [1783273899.395213591] [controller_server]: Passing new path to controller.
[controller_server-1] [ERROR] [1783273899.634294852] [transformPoseInTargetFrame]: Extrapolation Error looking up target frame: Lookup would require extrapolation into the future.  Requested time 691.633000 but the latest data is at time 691.622000, when looking up transform from frame [map] to frame [leo1/base_link]
[controller_server-1] 
[controller_server-1] [WARN] [1783273899.635006541] [controller_server]: Control loop missed its desired rate of 20.0000Hz
[controller_server-1] [INFO] [1783273900.396745054] [controller_server]: Passing new path to controller.
[controller_server-1] [ERROR] [1783273900.636370252] [transformPoseInTargetFrame]: Extrapolation Error looking up target frame: Lookup would require extrapolation into the future.  Requested time 692.628000 but the latest data is at time 692.622000, when looking up transform from frame [map] to frame [leo1/base_link]
[controller_server-1] 
[controller_server-1] [WARN] [1783273900.637664707] [controller_server]: Control loop missed its desired rate of 20.0000Hz
[controller_server-1] [INFO] [1783273901.451226568] [controller_server]: Passing new path to controller.
[controller_server-1] [INFO] [1783273902.487754233] [controller_server]: Passing new path to controller.
[controller_server-1] [INFO] [1783273903.487752190] [controller_server]: Passing new path to controller.
[controller_server-1] [INFO] [1783273904.537764633] [controller_server]: Passing new path to controller.
[controller_server-1] [INFO] [1783273905.587744196] [controller_server]: Passing new path to controller.
[controller_server-1] [ERROR] [1783273905.689462539] [transformPoseInTargetFrame]: Extrapolation Error looking up target frame: Lookup would require extrapolation into the future.  Requested time 697.636000 but the latest data is at time 697.622000, when looking up transform from frame [map] to frame [leo1/base_link]
[controller_server-1] 
[controller_server-1] [WARN] [1783273905.689938790] [controller_server]: Control loop missed its desired rate of 20.0000Hz
[controller_server-1] [INFO] [1783273906.600460359] [controller_server]: Passing new path to controller.
[controller_server-1] [ERROR] [1783273906.702177293] [transformPoseInTargetFrame]: Extrapolation Error looking up target frame: Lookup would require extrapolation into the future.  Requested time 698.639000 but the latest data is at time 698.622000, when looking up transform from frame [map] to frame [leo1/base_link]
[controller_server-1] 
[controller_server-1] [WARN] [1783273906.702622521] [controller_server]: Control loop missed its desired rate of 20.0000Hz
[controller_server-1] [INFO] [1783273907.640034150] [controller_server]: Passing new path to controller.
[controller_server-1] [WARN] [1783273907.732309805] [controller_server]: Control loop missed its desired rate of 20.0000Hz
[controller_server-1] [INFO] [1783273908.640047701] [controller_server]: Passing new path to controller.
[controller_server-1] [ERROR] [1783273908.741877237] [transformPoseInTargetFrame]: Extrapolation Error looking up target frame: Lookup would require extrapolation into the future.  Requested time 700.654000 but the latest data is at time 700.642000, when looking up transform from frame [map] to frame [leo1/base_link]
[controller_server-1] 
[controller_server-1] [WARN] [1783273908.742322503] [controller_server]: Control loop missed its desired rate of 20.0000Hz
[controller_server-1] [INFO] [1783273909.704136271] [controller_server]: Passing new path to controller.
[controller_server-1] [INFO] [1783273910.692405062] [controller_server]: Passing new path to controller.
[controller_server-1] [WARN] [1783273910.764000795] [controller_server]: Control loop missed its desired rate of 20.0000Hz
[controller_server-1] [INFO] [1783273911.742395042] [controller_server]: Passing new path to controller.
[controller_server-1] [INFO] [1783273912.792443429] [controller_server]: Passing new path to controller.
[controller_server-1] [INFO] [1783273913.792406799] [controller_server]: Passing new path to controller.
[controller_server-1] [INFO] [1783273914.842399084] [controller_server]: Passing new path to controller.
[controller_server-1] [INFO] [1783273915.842407582] [controller_server]: Passing new path to controller.
[controller_server-1] [INFO] [1783273916.892405836] [controller_server]: Passing new path to controller.
[controller_server-1] [INFO] [1783273916.942570466] [controller_server]: Reached the goal!
[bt_navigator-4] [INFO] [1783273916.981425465] [bt_navigator]: Goal succeeded
[bt_navigator-4] [INFO] [1783273922.554651574] [bt_navigator]: Begin navigating from current location (-5.04, 2.25) to (-3.63, 1.68)
[controller_server-1] [INFO] [1783273922.576004758] [controller_server]: Received a goal, begin computing control effort.
[controller_server-1] [ERROR] [1783273922.677148076] [transformPoseInTargetFrame]: Extrapolation Error looking up target frame: Lookup would require extrapolation into the future.  Requested time 714.426000 but the latest data is at time 714.422000, when looking up transform from frame [map] to frame [leo1/base_link]
[controller_server-1] 
[controller_server-1] [WARN] [1783273922.677757180] [controller_server]: Control loop missed its desired rate of 20.0000Hz
[controller_server-1] [INFO] [1783273923.644079624] [controller_server]: Passing new path to controller.
[controller_server-1] [WARN] [1783273923.927268206] [controller_server]: Control loop missed its desired rate of 20.0000Hz
[controller_server-1] [WARN] [1783273923.937530356] [controller_server]: Control loop missed its desired rate of 20.0000Hz
[controller_server-1] [WARN] [1783273924.127318622] [controller_server]: Control loop missed its desired rate of 20.0000Hz
[controller_server-1] [WARN] [1783273924.137553723] [controller_server]: Control loop missed its desired rate of 20.0000Hz
[controller_server-1] [WARN] [1783273924.337419684] [controller_server]: Control loop missed its desired rate of 20.0000Hz
[controller_server-1] [INFO] [1783273924.637487911] [controller_server]: Passing new path to controller.
[controller_server-1] [WARN] [1783273924.739534017] [controller_server]: Control loop missed its desired rate of 20.0000Hz
[controller_server-1] [WARN] [1783273924.941320035] [controller_server]: Control loop missed its desired rate of 20.0000Hz
[controller_server-1] [WARN] [1783273925.140971552] [controller_server]: Control loop missed its desired rate of 20.0000Hz
[controller_server-1] [WARN] [1783273925.353011480] [controller_server]: Control loop missed its desired rate of 20.0000Hz
[controller_server-1] [ERROR] [1783273925.542222639] [transformPoseInTargetFrame]: Extrapolation Error looking up target frame: Lookup would require extrapolation into the future.  Requested time 717.251000 but the latest data is at time 717.242000, when looking up transform from frame [map] to frame [leo1/base_link]
[controller_server-1] 
[controller_server-1] [WARN] [1783273925.542562180] [controller_server]: Control loop missed its desired rate of 20.0000Hz
[controller_server-1] [INFO] [1783273925.693739626] [controller_server]: Passing new path to controller.
[controller_server-1] [ERROR] [1783273925.943836087] [transformPoseInTargetFrame]: Extrapolation Error looking up target frame: Lookup would require extrapolation into the future.  Requested time 717.646000 but the latest data is at time 717.622000, when looking up transform from frame [map] to frame [leo1/base_link]
[controller_server-1] 
[controller_server-1] [WARN] [1783273925.944165053] [controller_server]: Control loop missed its desired rate of 20.0000Hz
[controller_server-1] [INFO] [1783273926.701092105] [controller_server]: Passing new path to controller.
[controller_server-1] [ERROR] [1783273926.945348911] [transformPoseInTargetFrame]: Extrapolation Error looking up target frame: Lookup would require extrapolation into the future.  Requested time 718.638000 but the latest data is at time 718.622000, when looking up transform from frame [map] to frame [leo1/base_link]
[controller_server-1] 
[controller_server-1] [WARN] [1783273926.945706723] [controller_server]: Control loop missed its desired rate of 20.0000Hz
[controller_server-1] [INFO] [1783273927.752991330] [controller_server]: Passing new path to controller.
[controller_server-1] [WARN] [1783273927.965492775] [controller_server]: Control loop missed its desired rate of 20.0000Hz
[controller_server-1] [ERROR] [1783273928.146931455] [transformPoseInTargetFrame]: Extrapolation Error looking up target frame: Lookup would require extrapolation into the future.  Requested time 719.832000 but the latest data is at time 719.822000, when looking up transform from frame [map] to frame [leo1/base_link]
[controller_server-1] 
[controller_server-1] [WARN] [1783273928.147299922] [controller_server]: Control loop missed its desired rate of 20.0000Hz
[controller_server-1] [INFO] [1783273928.804130919] [controller_server]: Passing new path to controller.
[controller_server-1] [WARN] [1783273928.976346563] [controller_server]: Control loop missed its desired rate of 20.0000Hz
[controller_server-1] [ERROR] [1783273929.148449642] [transformPoseInTargetFrame]: Extrapolation Error looking up target frame: Lookup would require extrapolation into the future.  Requested time 720.823000 but the latest data is at time 720.822000, when looking up transform from frame [map] to frame [leo1/base_link]
[controller_server-1] 
[controller_server-1] [WARN] [1783273929.148774238] [controller_server]: Control loop missed its desired rate of 20.0000Hz
[controller_server-1] [INFO] [1783273929.806172704] [controller_server]: Passing new path to controller.
[controller_server-1] [ERROR] [1783273929.968405265] [transformPoseInTargetFrame]: Extrapolation Error looking up target frame: Lookup would require extrapolation into the future.  Requested time 721.632000 but the latest data is at time 721.622000, when looking up transform from frame [map] to frame [leo1/base_link]
[controller_server-1] 
[controller_server-1] [WARN] [1783273929.968849608] [controller_server]: Control loop missed its desired rate of 20.0000Hz
[controller_server-1] [INFO] [1783273930.848871309] [controller_server]: Passing new path to controller.
[controller_server-1] [ERROR] [1783273930.999965675] [transformPoseInTargetFrame]: Extrapolation Error looking up target frame: Lookup would require extrapolation into the future.  Requested time 722.652000 but the latest data is at time 722.622000, when looking up transform from frame [map] to frame [leo1/base_link]
[controller_server-1] 
[controller_server-1] [WARN] [1783273931.000295159] [controller_server]: Control loop missed its desired rate of 20.0000Hz
[controller_server-1] [INFO] [1783273931.859912530] [controller_server]: Passing new path to controller.
[controller_server-1] [ERROR] [1783273932.022133095] [transformPoseInTargetFrame]: Extrapolation Error looking up target frame: Lookup would require extrapolation into the future.  Requested time 723.657000 but the latest data is at time 723.622000, when looking up transform from frame [map] to frame [leo1/base_link]
[controller_server-1] 
[controller_server-1] [WARN] [1783273932.022471134] [controller_server]: Control loop missed its desired rate of 20.0000Hz
[controller_server-1] [INFO] [1783273932.900380487] [controller_server]: Passing new path to controller.
[controller_server-1] [ERROR] [1783273933.012347363] [transformPoseInTargetFrame]: Extrapolation Error looking up target frame: Lookup would require extrapolation into the future.  Requested time 724.629000 but the latest data is at time 724.622000, when looking up transform from frame [map] to frame [leo1/base_link]
[controller_server-1] 
[controller_server-1] [WARN] [1783273933.012733977] [controller_server]: Control loop missed its desired rate of 20.0000Hz
[controller_server-1] [INFO] [1783273933.921019886] [controller_server]: Passing new path to controller.
[controller_server-1] [ERROR] [1783273934.022800274] [transformPoseInTargetFrame]: Extrapolation Error looking up target frame: Lookup would require extrapolation into the future.  Requested time 725.637000 but the latest data is at time 725.622000, when looking up transform from frame [map] to frame [leo1/base_link]
[controller_server-1] 
[controller_server-1] [WARN] [1783273934.023412624] [controller_server]: Control loop missed its desired rate of 20.0000Hz
[controller_server-1] [INFO] [1783273934.962821559] [controller_server]: Passing new path to controller.
[controller_server-1] [WARN] [1783273935.045214791] [controller_server]: Control loop missed its desired rate of 20.0000Hz
[controller_server-1] [INFO] [1783273936.012823040] [controller_server]: Passing new path to controller.
[controller_server-1] [WARN] [1783273936.074350881] [controller_server]: Control loop missed its desired rate of 20.0000Hz
[controller_server-1] [INFO] [1783273937.012847334] [controller_server]: Passing new path to controller.
[controller_server-1] [WARN] [1783273937.084477318] [controller_server]: Control loop missed its desired rate of 20.0000Hz
[controller_server-1] [INFO] [1783273938.062814500] [controller_server]: Passing new path to controller.
[controller_server-1] [INFO] [1783273939.062843274] [controller_server]: Passing new path to controller.
[controller_server-1] [WARN] [1783273939.114455312] [controller_server]: Control loop missed its desired rate of 20.0000Hz
[controller_server-1] [INFO] [1783273940.112818311] [controller_server]: Passing new path to controller.
[controller_server-1] [INFO] [1783273941.112829726] [controller_server]: Passing new path to controller.
[controller_server-1] [INFO] [1783273942.162847884] [controller_server]: Passing new path to controller.
[controller_server-1] [INFO] [1783273943.212827228] [controller_server]: Passing new path to controller.
[controller_server-1] [INFO] [1783273944.212818743] [controller_server]: Passing new path to controller.
[controller_server-1] [INFO] [1783273945.262822014] [controller_server]: Passing new path to controller.
[controller_server-1] [INFO] [1783273946.262835799] [controller_server]: Passing new path to controller.
[controller_server-1] [INFO] [1783273946.413070270] [controller_server]: Reached the goal!
[bt_navigator-4] [INFO] [1783273946.443582839] [bt_navigator]: Goal succeeded
[bt_navigator-4] [INFO] [1783273950.870480074] [bt_navigator]: Begin navigating from current location (-3.82, 1.82) to (-0.28, 1.13)
[controller_server-1] [INFO] [1783273950.891585297] [controller_server]: Received a goal, begin computing control effort.
[controller_server-1] [ERROR] [1783273951.042830214] [transformPoseInTargetFrame]: Extrapolation Error looking up target frame: Lookup would require extrapolation into the future.  Requested time 742.454000 but the latest data is at time 742.422000, when looking up transform from frame [map] to frame [leo1/base_link]
[controller_server-1] 
[controller_server-1] [WARN] [1783273951.043929899] [controller_server]: Control loop missed its desired rate of 20.0000Hz
[controller_server-1] [INFO] [1783273951.965030262] [controller_server]: Passing new path to controller.
[controller_server-1] [WARN] [1783273952.067038643] [controller_server]: Control loop missed its desired rate of 20.0000Hz
[controller_server-1] [INFO] [1783273952.994028857] [controller_server]: Passing new path to controller.
[controller_server-1] [WARN] [1783273953.076499612] [controller_server]: Control loop missed its desired rate of 20.0000Hz
[controller_server-1] [INFO] [1783273954.002720868] [controller_server]: Passing new path to controller.
[controller_server-1] [WARN] [1783273954.105512690] [controller_server]: Control loop missed its desired rate of 20.0000Hz
[controller_server-1] [INFO] [1783273955.028625873] [controller_server]: Passing new path to controller.
[controller_server-1] [WARN] [1783273955.131287662] [controller_server]: Control loop missed its desired rate of 20.0000Hz
[controller_server-1] [INFO] [1783273956.055606899] [controller_server]: Passing new path to controller.
[controller_server-1] [WARN] [1783273956.118293762] [controller_server]: Control loop missed its desired rate of 20.0000Hz
[controller_server-1] [INFO] [1783273957.105600352] [controller_server]: Passing new path to controller.
[controller_server-1] [INFO] [1783273958.105604176] [controller_server]: Passing new path to controller.
[controller_server-1] [INFO] [1783273959.155601448] [controller_server]: Passing new path to controller.
[controller_server-1] [INFO] [1783273960.205612954] [controller_server]: Passing new path to controller.
[controller_server-1] [INFO] [1783273961.205607351] [controller_server]: Passing new path to controller.
[controller_server-1] [INFO] [1783273962.255600651] [controller_server]: Passing new path to controller.
[controller_server-1] [INFO] [1783273963.255621420] [controller_server]: Passing new path to controller.
[controller_server-1] [INFO] [1783273964.305703656] [controller_server]: Passing new path to controller.
[controller_server-1] [ERROR] [1783273964.407443198] [transformPoseInTargetFrame]: Extrapolation Error looking up target frame: Lookup would require extrapolation into the future.  Requested time 755.633000 but the latest data is at time 755.622000, when looking up transform from frame [map] to frame [leo1/base_link]
[controller_server-1] 
[controller_server-1] [WARN] [1783273964.408180009] [controller_server]: Control loop missed its desired rate of 20.0000Hz
[controller_server-1] [INFO] [1783273965.326949057] [controller_server]: Passing new path to controller.
[controller_server-1] [INFO] [1783273966.357708200] [controller_server]: Passing new path to controller.
[controller_server-1] [ERROR] [1783273966.459492730] [transformPoseInTargetFrame]: Extrapolation Error looking up target frame: Lookup would require extrapolation into the future.  Requested time 757.656000 but the latest data is at time 757.642000, when looking up transform from frame [map] to frame [leo1/base_link]
[controller_server-1] 
[controller_server-1] [WARN] [1783273966.460370034] [controller_server]: Control loop missed its desired rate of 20.0000Hz
[controller_server-1] [INFO] [1783273967.373186966] [controller_server]: Passing new path to controller.
[controller_server-1] [WARN] [1783273967.475419396] [controller_server]: Control loop missed its desired rate of 20.0000Hz
[controller_server-1] [INFO] [1783273968.410456503] [controller_server]: Passing new path to controller.
[controller_server-1] [WARN] [1783273968.482297888] [controller_server]: Control loop missed its desired rate of 20.0000Hz
[controller_server-1] [INFO] [1783273969.460478271] [controller_server]: Passing new path to controller.
[controller_server-1] [WARN] [1783273969.512372807] [controller_server]: Control loop missed its desired rate of 20.0000Hz
[controller_server-1] [INFO] [1783273970.510458428] [controller_server]: Passing new path to controller.
[controller_server-1] [INFO] [1783273971.510443801] [controller_server]: Passing new path to controller.
[controller_server-1] [INFO] [1783273972.560449230] [controller_server]: Passing new path to controller.
[controller_server-1] [INFO] [1783273973.560490007] [controller_server]: Passing new path to controller.
[controller_server-1] [INFO] [1783273974.610460188] [controller_server]: Passing new path to controller.
[controller_server-1] [INFO] [1783273975.610457116] [controller_server]: Passing new path to controller.
[controller_server-1] [INFO] [1783273976.660461552] [controller_server]: Passing new path to controller.
[controller_server-1] [INFO] [1783273977.710449528] [controller_server]: Passing new path to controller.
[controller_server-1] [ERROR] [1783273977.812321296] [transformPoseInTargetFrame]: Extrapolation Error looking up target frame: Lookup would require extrapolation into the future.  Requested time 768.830000 but the latest data is at time 768.822000, when looking up transform from frame [map] to frame [leo1/base_link]
[controller_server-1] 
[controller_server-1] [WARN] [1783273977.812694067] [controller_server]: Control loop missed its desired rate of 20.0000Hz
[planner_server-2] [INFO] [1783273978.672013418] [global_costmap.global_costmap]: StaticLayer: Resizing costmap to 281 X 280 at 0.050000 m/pix
[controller_server-1] [INFO] [1783273978.722020799] [controller_server]: Passing new path to controller.
[planner_server-2] [INFO] [1783273979.672011966] [global_costmap.global_costmap]: StaticLayer: Resizing costmap to 281 X 280 at 0.050000 m/pix
[controller_server-1] [INFO] [1783273979.752179195] [controller_server]: Passing new path to controller.
[controller_server-1] [INFO] [1783273980.762803009] [controller_server]: Passing new path to controller.
[planner_server-2] [INFO] [1783273980.872031356] [global_costmap.global_costmap]: StaticLayer: Resizing costmap to 281 X 280 at 0.050000 m/pix
[controller_server-1] [INFO] [1783273981.812781001] [controller_server]: Passing new path to controller.
[planner_server-2] [INFO] [1783273982.672009077] [global_costmap.global_costmap]: StaticLayer: Resizing costmap to 281 X 280 at 0.050000 m/pix
[controller_server-1] [INFO] [1783273982.862779630] [controller_server]: Passing new path to controller.
[controller_server-1] [ERROR] [1783273983.013928260] [transformPoseInTargetFrame]: Extrapolation Error looking up target frame: Lookup would require extrapolation into the future.  Requested time 773.843000 but the latest data is at time 773.822000, when looking up transform from frame [map] to frame [leo1/base_link]
[controller_server-1] 
[controller_server-1] [WARN] [1783273983.014201311] [controller_server]: Control loop missed its desired rate of 20.0000Hz
[planner_server-2] [INFO] [1783273983.681451655] [global_costmap.global_costmap]: StaticLayer: Resizing costmap to 281 X 280 at 0.050000 m/pix
[controller_server-1] [INFO] [1783273983.879620481] [controller_server]: Passing new path to controller.
[controller_server-1] [INFO] [1783273984.886419260] [controller_server]: Passing new path to controller.
[controller_server-1] [INFO] [1783273985.943051941] [controller_server]: Passing new path to controller.
[planner_server-2] [INFO] [1783273986.681547433] [global_costmap.global_costmap]: StaticLayer: Resizing costmap to 281 X 280 at 0.050000 m/pix
[controller_server-1] [INFO] [1783273986.949006349] [controller_server]: Passing new path to controller.
[controller_server-1] [INFO] [1783273988.005797693] [controller_server]: Passing new path to controller.
[controller_server-1] [INFO] [1783273989.012109971] [controller_server]: Passing new path to controller.
[controller_server-1] [INFO] [1783273990.021824591] [controller_server]: Passing new path to controller.
[controller_server-1] [INFO] [1783273991.073742468] [controller_server]: Passing new path to controller.
[controller_server-1] [INFO] [1783273992.123732659] [controller_server]: Passing new path to controller.
[controller_server-1] [INFO] [1783273993.123755288] [controller_server]: Passing new path to controller.
[controller_server-1] [INFO] [1783273994.173736243] [controller_server]: Passing new path to controller.
[controller_server-1] [INFO] [1783273995.173730296] [controller_server]: Passing new path to controller.
[controller_server-1] [INFO] [1783273996.223725997] [controller_server]: Passing new path to controller.
[controller_server-1] [INFO] [1783273997.223729060] [controller_server]: Passing new path to controller.
[controller_server-1] [INFO] [1783273998.273737978] [controller_server]: Passing new path to controller.
[controller_server-1] [INFO] [1783273999.323747740] [controller_server]: Passing new path to controller.
[controller_server-1] [INFO] [1783274000.323741417] [controller_server]: Passing new path to controller.
[controller_server-1] [ERROR] [1783274001.273764589] [controller_server]: Failed to make progress
[controller_server-1] [WARN] [1783274001.273869178] [controller_server]: [follow_path] [ActionServer] Aborting handle.
[controller_server-1] [INFO] [1783274001.288911057] [local_costmap.local_costmap]: Received request to clear entirely the local_costmap
[controller_server-1] [INFO] [1783274001.289909005] [controller_server]: Received a goal, begin computing control effort.
[controller_server-1] [INFO] [1783274001.370051467] [controller_server]: Passing new path to controller.
[controller_server-1] [WARN] [1783274001.370890433] [controller_server]: Control loop missed its desired rate of 20.0000Hz
[controller_server-1] [INFO] [1783274002.390066317] [controller_server]: Passing new path to controller.
[controller_server-1] [INFO] [1783274003.440074892] [controller_server]: Passing new path to controller.
[controller_server-1] [INFO] [1783274004.440047567] [controller_server]: Passing new path to controller.
[controller_server-1] [INFO] [1783274005.490069502] [controller_server]: Passing new path to controller.
[controller_server-1] [INFO] [1783274006.490048123] [controller_server]: Passing new path to controller.
[controller_server-1] [INFO] [1783274007.540068872] [controller_server]: Passing new path to controller.
[controller_server-1] [INFO] [1783274008.590065499] [controller_server]: Passing new path to controller.
[controller_server-1] [INFO] [1783274009.590068635] [controller_server]: Passing new path to controller.
[controller_server-1] [INFO] [1783274010.640073264] [controller_server]: Passing new path to controller.
[controller_server-1] [INFO] [1783274011.640068630] [controller_server]: Passing new path to controller.
[controller_server-1] [INFO] [1783274012.690102088] [controller_server]: Passing new path to controller.
[controller_server-1] [INFO] [1783274013.747495969] [controller_server]: Passing new path to controller.
[controller_server-1] [INFO] [1783274014.747506064] [controller_server]: Passing new path to controller.
[controller_server-1] [INFO] [1783274015.797520192] [controller_server]: Passing new path to controller.
[controller_server-1] [ERROR] [1783274016.497544266] [controller_server]: Failed to make progress
[controller_server-1] [WARN] [1783274016.497632289] [controller_server]: [follow_path] [ActionServer] Aborting handle.
[controller_server-1] [INFO] [1783274016.516420692] [local_costmap.local_costmap]: Received request to clear entirely the local_costmap
[planner_server-2] [INFO] [1783274016.516906621] [global_costmap.global_costmap]: Received request to clear entirely the global_costmap
[controller_server-1] [INFO] [1783274016.716997326] [controller_server]: Received a goal, begin computing control effort.
[controller_server-1] [INFO] [1783274017.466232680] [local_costmap.local_costmap]: Received request to clear entirely the local_costmap
[planner_server-2] [INFO] [1783274017.466365553] [global_costmap.global_costmap]: Received request to clear entirely the global_costmap
[controller_server-1] [WARN] [1783274017.577414402] [controller_server]: Control loop missed its desired rate of 20.0000Hz
[controller_server-1] [INFO] [1783274017.778469339] [controller_server]: Passing new path to controller.
[controller_server-1] [INFO] [1783274018.785426224] [controller_server]: Passing new path to controller.
[controller_server-1] [INFO] [1783274019.841654465] [controller_server]: Passing new path to controller.
[controller_server-1] [INFO] [1783274020.848054746] [controller_server]: Passing new path to controller.
[controller_server-1] [INFO] [1783274021.903460525] [controller_server]: Passing new path to controller.
[controller_server-1] [INFO] [1783274022.909819820] [controller_server]: Passing new path to controller.
[controller_server-1] [INFO] [1783274023.965928622] [controller_server]: Passing new path to controller.
[controller_server-1] [INFO] [1783274024.973013070] [controller_server]: Passing new path to controller.
[controller_server-1] [INFO] [1783274026.027502576] [controller_server]: Passing new path to controller.
[controller_server-1] [INFO] [1783274027.027492251] [controller_server]: Passing new path to controller.
[controller_server-1] [INFO] [1783274028.077493057] [controller_server]: Passing new path to controller.
[controller_server-1] [INFO] [1783274029.077511735] [controller_server]: Passing new path to controller.
[controller_server-1] [INFO] [1783274030.127530948] [controller_server]: Passing new path to controller.
[controller_server-1] [INFO] [1783274031.177517601] [controller_server]: Passing new path to controller.
[controller_server-1] [ERROR] [1783274031.877585253] [controller_server]: Failed to make progress
[controller_server-1] [WARN] [1783274031.877783002] [controller_server]: [follow_path] [ActionServer] Aborting handle.
[controller_server-1] [INFO] [1783274031.896354481] [local_costmap.local_costmap]: Received request to clear entirely the local_costmap
[controller_server-1] [INFO] [1783274031.897235518] [controller_server]: Received a goal, begin computing control effort.
[controller_server-1] [WARN] [1783274031.977509423] [controller_server]: Control loop missed its desired rate of 20.0000Hz
[controller_server-1] [INFO] [1783274032.197350525] [controller_server]: Passing new path to controller.
[controller_server-1] [INFO] [1783274033.197356863] [controller_server]: Passing new path to controller.
[controller_server-1] [INFO] [1783274034.247372997] [controller_server]: Passing new path to controller.
[controller_server-1] [INFO] [1783274035.297365709] [controller_server]: Passing new path to controller.
[controller_server-1] [INFO] [1783274036.297362839] [controller_server]: Passing new path to controller.
[controller_server-1] [INFO] [1783274037.347361937] [controller_server]: Passing new path to controller.
[controller_server-1] [INFO] [1783274038.347356850] [controller_server]: Passing new path to controller.
[controller_server-1] [INFO] [1783274039.397357259] [controller_server]: Passing new path to controller.
[controller_server-1] [INFO] [1783274040.447381684] [controller_server]: Passing new path to controller.
[controller_server-1] [INFO] [1783274041.447368549] [controller_server]: Passing new path to controller.
[controller_server-1] [INFO] [1783274042.497375823] [controller_server]: Passing new path to controller.
[controller_server-1] [INFO] [1783274043.504586114] [controller_server]: Passing new path to controller.
[controller_server-1] [INFO] [1783274044.554623138] [controller_server]: Passing new path to controller.
[controller_server-1] [INFO] [1783274045.554608733] [controller_server]: Passing new path to controller.
[controller_server-1] [INFO] [1783274046.604611594] [controller_server]: Passing new path to controller.
[controller_server-1] [ERROR] [1783274047.104639833] [controller_server]: Failed to make progress
[controller_server-1] [WARN] [1783274047.104737835] [controller_server]: [follow_path] [ActionServer] Aborting handle.
[behavior_server-3] [INFO] [1783274047.123885506] [behavior_server]: Running spin
[behavior_server-3] [INFO] [1783274047.123984727] [behavior_server]: Turning 1.57 for spin behavior.
[behavior_server-3] [INFO] [1783274048.924229415] [behavior_server]: spin completed successfully
[controller_server-1] [INFO] [1783274048.974224827] [controller_server]: Received a goal, begin computing control effort.
[controller_server-1] [INFO] [1783274050.024430319] [controller_server]: Passing new path to controller.
[controller_server-1] [INFO] [1783274051.074424685] [controller_server]: Passing new path to controller.
[controller_server-1] [INFO] [1783274052.074435911] [controller_server]: Passing new path to controller.
[controller_server-1] [INFO] [1783274053.124458945] [controller_server]: Passing new path to controller.
[bt_navigator-4] [ERROR] [1783274053.804383016] [bt_navigator_navigate_to_pose_rclcpp_node]: Failed to get result for follow_path in node halt!
[bt_navigator-4] [INFO] [1783274053.804501946] [bt_navigator]: [navigate_to_pose] [ActionServer] Client requested to cancel the goal. Cancelling.
[bt_navigator-4] [INFO] [1783274053.804977015] [bt_navigator]: Goal canceled
[controller_server-1] [INFO] [1783274053.824460445] [controller_server]: Goal was canceled. Stopping the robot.
[controller_server-1] [INFO] [1783274053.824504297] [controller_server]: [follow_path] [ActionServer] Client requested to cancel the goal. Cancelling.
[bt_navigator-4] [INFO] [1783274060.290147944] [bt_navigator]: Begin navigating from current location (-0.17, 0.93) to (0.02, 2.58)
[controller_server-1] [INFO] [1783274060.311717588] [controller_server]: Received a goal, begin computing control effort.
[controller_server-1] [WARN] [1783274060.392886756] [controller_server]: Control loop missed its desired rate of 20.0000Hz
[controller_server-1] [WARN] [1783274060.417459466] [controller_server]: Control loop missed its desired rate of 20.0000Hz
[controller_server-1] [ERROR] [1783274060.573033638] [transformPoseInTargetFrame]: Extrapolation Error looking up target frame: Lookup would require extrapolation into the future.  Requested time 850.627000 but the latest data is at time 850.622000, when looking up transform from frame [map] to frame [leo1/base_link]
[controller_server-1] 
[controller_server-1] [WARN] [1783274060.573497565] [controller_server]: Control loop missed its desired rate of 20.0000Hz
[controller_server-1] [INFO] [1783274061.382921445] [controller_server]: Passing new path to controller.
[controller_server-1] [ERROR] [1783274061.625080931] [transformPoseInTargetFrame]: Extrapolation Error looking up target frame: Lookup would require extrapolation into the future.  Requested time 851.665000 but the latest data is at time 851.642000, when looking up transform from frame [map] to frame [leo1/base_link]
[controller_server-1] 
[controller_server-1] [WARN] [1783274061.625719266] [controller_server]: Control loop missed its desired rate of 20.0000Hz
[controller_server-1] [INFO] [1783274062.385969474] [controller_server]: Passing new path to controller.
[controller_server-1] [ERROR] [1783274062.627090064] [transformPoseInTargetFrame]: Extrapolation Error looking up target frame: Lookup would require extrapolation into the future.  Requested time 852.653000 but the latest data is at time 852.622000, when looking up transform from frame [map] to frame [leo1/base_link]
[controller_server-1] 
[controller_server-1] [WARN] [1783274062.629452732] [controller_server]: Control loop missed its desired rate of 20.0000Hz
[controller_server-1] [INFO] [1783274063.438276640] [controller_server]: Passing new path to controller.
[controller_server-1] [WARN] [1783274063.661862649] [controller_server]: Control loop missed its desired rate of 20.0000Hz
[controller_server-1] [ERROR] [1783274063.830752180] [transformPoseInTargetFrame]: Extrapolation Error looking up target frame: Lookup would require extrapolation into the future.  Requested time 853.846000 but the latest data is at time 853.822000, when looking up transform from frame [map] to frame [leo1/base_link]
[controller_server-1] 
[controller_server-1] [WARN] [1783274063.833205221] [controller_server]: Control loop missed its desired rate of 20.0000Hz
[controller_server-1] [INFO] [1783274064.439642931] [controller_server]: Passing new path to controller.
[controller_server-1] [WARN] [1783274064.662296463] [controller_server]: Control loop missed its desired rate of 20.0000Hz
[controller_server-1] [WARN] [1783274064.684609971] [controller_server]: Control loop missed its desired rate of 20.0000Hz
[controller_server-1] [ERROR] [1783274064.834364183] [transformPoseInTargetFrame]: Extrapolation Error looking up target frame: Lookup would require extrapolation into the future.  Requested time 854.833000 but the latest data is at time 854.822000, when looking up transform from frame [map] to frame [leo1/base_link]
[controller_server-1] 
[controller_server-1] [WARN] [1783274064.835115338] [controller_server]: Control loop missed its desired rate of 20.0000Hz
[controller_server-1] [INFO] [1783274065.494149482] [controller_server]: Passing new path to controller.
[controller_server-1] [ERROR] [1783274065.666345511] [transformPoseInTargetFrame]: Extrapolation Error looking up target frame: Lookup would require extrapolation into the future.  Requested time 855.651000 but the latest data is at time 855.622000, when looking up transform from frame [map] to frame [leo1/base_link]
[controller_server-1] 
[controller_server-1] [WARN] [1783274065.666803458] [controller_server]: Control loop missed its desired rate of 20.0000Hz
[controller_server-1] [INFO] [1783274066.535201914] [controller_server]: Passing new path to controller.
[controller_server-1] [ERROR] [1783274066.686353217] [transformPoseInTargetFrame]: Extrapolation Error looking up target frame: Lookup would require extrapolation into the future.  Requested time 856.659000 but the latest data is at time 856.622000, when looking up transform from frame [map] to frame [leo1/base_link]
[controller_server-1] 
[controller_server-1] [WARN] [1783274066.687042096] [controller_server]: Control loop missed its desired rate of 20.0000Hz
[controller_server-1] [INFO] [1783274067.545412389] [controller_server]: Passing new path to controller.
[controller_server-1] [WARN] [1783274067.707726912] [controller_server]: Control loop missed its desired rate of 20.0000Hz
[controller_server-1] [ERROR] [1783274067.888318648] [transformPoseInTargetFrame]: Extrapolation Error looking up target frame: Lookup would require extrapolation into the future.  Requested time 857.843000 but the latest data is at time 857.822000, when looking up transform from frame [map] to frame [leo1/base_link]
[controller_server-1] 
[controller_server-1] [WARN] [1783274067.888832209] [controller_server]: Control loop missed its desired rate of 20.0000Hz
[controller_server-1] [INFO] [1783274068.595414436] [controller_server]: Passing new path to controller.
[controller_server-1] [ERROR] [1783274068.697660851] [transformPoseInTargetFrame]: Extrapolation Error looking up target frame: Lookup would require extrapolation into the future.  Requested time 858.639000 but the latest data is at time 858.622000, when looking up transform from frame [map] to frame [leo1/base_link]
[controller_server-1] 
[controller_server-1] [WARN] [1783274068.698392053] [controller_server]: Control loop missed its desired rate of 20.0000Hz
[controller_server-1] [INFO] [1783274069.588915108] [controller_server]: Passing new path to controller.
[controller_server-1] [ERROR] [1783274069.740019540] [transformPoseInTargetFrame]: Extrapolation Error looking up target frame: Lookup would require extrapolation into the future.  Requested time 859.665000 but the latest data is at time 859.662000, when looking up transform from frame [map] to frame [leo1/base_link]
[controller_server-1] 
[controller_server-1] [WARN] [1783274069.740484119] [controller_server]: Control loop missed its desired rate of 20.0000Hz
[controller_server-1] [INFO] [1783274070.652928689] [controller_server]: Passing new path to controller.
[controller_server-1] [ERROR] [1783274070.755012912] [transformPoseInTargetFrame]: Extrapolation Error looking up target frame: Lookup would require extrapolation into the future.  Requested time 860.654000 but the latest data is at time 860.642000, when looking up transform from frame [map] to frame [leo1/base_link]
[controller_server-1] 
[controller_server-1] [WARN] [1783274070.755472919] [controller_server]: Control loop missed its desired rate of 20.0000Hz
[controller_server-1] [INFO] [1783274071.690568012] [controller_server]: Passing new path to controller.
[controller_server-1] [WARN] [1783274071.792667620] [controller_server]: Control loop missed its desired rate of 20.0000Hz
[controller_server-1] [ERROR] [1783274071.965841589] [transformPoseInTargetFrame]: Extrapolation Error looking up target frame: Lookup would require extrapolation into the future.  Requested time 861.852000 but the latest data is at time 861.822000, when looking up transform from frame [map] to frame [leo1/base_link]
[controller_server-1] 
[controller_server-1] [WARN] [1783274071.966232373] [controller_server]: Control loop missed its desired rate of 20.0000Hz
[controller_server-1] [INFO] [1783274072.692752149] [controller_server]: Passing new path to controller.
[controller_server-1] [WARN] [1783274072.794627145] [controller_server]: Control loop missed its desired rate of 20.0000Hz
[controller_server-1] [ERROR] [1783274072.967981487] [transformPoseInTargetFrame]: Extrapolation Error looking up target frame: Lookup would require extrapolation into the future.  Requested time 862.840000 but the latest data is at time 862.822000, when looking up transform from frame [map] to frame [leo1/base_link]
[controller_server-1] 
[controller_server-1] [WARN] [1783274072.968375723] [controller_server]: Control loop missed its desired rate of 20.0000Hz
[controller_server-1] [INFO] [1783274073.702430318] [controller_server]: Passing new path to controller.
[controller_server-1] [WARN] [1783274073.794741329] [controller_server]: Control loop missed its desired rate of 20.0000Hz
[controller_server-1] [INFO] [1783274074.752429620] [controller_server]: Passing new path to controller.
[controller_server-1] [WARN] [1783274074.804016289] [controller_server]: Control loop missed its desired rate of 20.0000Hz
[planner_server-2] [INFO] [1783274075.703842410] [global_costmap.global_costmap]: StaticLayer: Resizing costmap to 281 X 280 at 0.050000 m/pix
[controller_server-1] [INFO] [1783274075.802427381] [controller_server]: Passing new path to controller.
[controller_server-1] [INFO] [1783274076.802429654] [controller_server]: Passing new path to controller.
[controller_server-1] [WARN] [1783274076.874898874] [controller_server]: Control loop missed its desired rate of 20.0000Hz
[controller_server-1] [INFO] [1783274077.852446997] [controller_server]: Passing new path to controller.
[controller_server-1] [INFO] [1783274078.852457507] [controller_server]: Passing new path to controller.
[controller_server-1] [INFO] [1783274079.902438695] [controller_server]: Passing new path to controller.
[controller_server-1] [INFO] [1783274080.952427382] [controller_server]: Passing new path to controller.
[controller_server-1] [INFO] [1783274081.952422959] [controller_server]: Passing new path to controller.
[controller_server-1] [INFO] [1783274083.002432203] [controller_server]: Passing new path to controller.
[planner_server-2] [INFO] [1783274083.703845051] [global_costmap.global_costmap]: StaticLayer: Resizing costmap to 281 X 280 at 0.050000 m/pix
[controller_server-1] [INFO] [1783274084.002438950] [controller_server]: Passing new path to controller.
[controller_server-1] [INFO] [1783274085.052422443] [controller_server]: Passing new path to controller.
[controller_server-1] [INFO] [1783274085.752677635] [controller_server]: Reached the goal!
[bt_navigator-4] [INFO] [1783274085.788432168] [bt_navigator]: Goal succeeded
[bt_navigator-4] [INFO] [1783274088.489041915] [bt_navigator]: Begin navigating from current location (0.23, 2.44) to (-0.78, 3.23)
[controller_server-1] [INFO] [1783274088.510005206] [controller_server]: Received a goal, begin computing control effort.
[controller_server-1] [INFO] [1783274089.560202078] [controller_server]: Passing new path to controller.
[controller_server-1] [INFO] [1783274090.610183080] [controller_server]: Passing new path to controller.
[controller_server-1] [ERROR] [1783274090.712019884] [transformPoseInTargetFrame]: Extrapolation Error looking up target frame: Lookup would require extrapolation into the future.  Requested time 880.248000 but the latest data is at time 880.242000, when looking up transform from frame [map] to frame [leo1/base_link]
[controller_server-1] 
[controller_server-1] [WARN] [1783274090.712263097] [controller_server]: Control loop missed its desired rate of 20.0000Hz
[controller_server-1] [INFO] [1783274091.617952124] [controller_server]: Passing new path to controller.
[controller_server-1] [ERROR] [1783274091.719890315] [transformPoseInTargetFrame]: Extrapolation Error looking up target frame: Lookup would require extrapolation into the future.  Requested time 881.233000 but the latest data is at time 881.222000, when looking up transform from frame [map] to frame [leo1/base_link]
[controller_server-1] 
[controller_server-1] [WARN] [1783274091.720109289] [controller_server]: Control loop missed its desired rate of 20.0000Hz
[controller_server-1] [INFO] [1783274092.662356227] [controller_server]: Passing new path to controller.
[controller_server-1] [INFO] [1783274093.662355029] [controller_server]: Passing new path to controller.
[controller_server-1] [INFO] [1783274094.712346783] [controller_server]: Passing new path to controller.
[controller_server-1] [INFO] [1783274095.712341891] [controller_server]: Passing new path to controller.
[controller_server-1] [INFO] [1783274096.762365072] [controller_server]: Passing new path to controller.
[controller_server-1] [INFO] [1783274097.812342528] [controller_server]: Passing new path to controller.
[controller_server-1] [INFO] [1783274098.812369064] [controller_server]: Passing new path to controller.
[controller_server-1] [INFO] [1783274099.862340746] [controller_server]: Passing new path to controller.
[controller_server-1] [INFO] [1783274100.862339008] [controller_server]: Passing new path to controller.
[controller_server-1] [INFO] [1783274101.912379453] [controller_server]: Passing new path to controller.
[controller_server-1] [INFO] [1783274102.962341529] [controller_server]: Passing new path to controller.
[controller_server-1] [INFO] [1783274103.969914106] [controller_server]: Passing new path to controller.
[controller_server-1] [INFO] [1783274105.019914843] [controller_server]: Passing new path to controller.
[controller_server-1] [INFO] [1783274106.019942205] [controller_server]: Passing new path to controller.
[controller_server-1] [INFO] [1783274107.069947938] [controller_server]: Passing new path to controller.
[controller_server-1] [ERROR] [1783274107.569948796] [controller_server]: Failed to make progress
[controller_server-1] [WARN] [1783274107.570032002] [controller_server]: [follow_path] [ActionServer] Aborting handle.
[controller_server-1] [INFO] [1783274107.586873885] [local_costmap.local_costmap]: Received request to clear entirely the local_costmap
[controller_server-1] [INFO] [1783274107.587890045] [controller_server]: Received a goal, begin computing control effort.
[controller_server-1] [INFO] [1783274108.088032025] [controller_server]: Passing new path to controller.
[controller_server-1] [INFO] [1783274109.138039036] [controller_server]: Passing new path to controller.
[controller_server-1] [INFO] [1783274110.138038904] [controller_server]: Passing new path to controller.
[controller_server-1] [INFO] [1783274111.188020528] [controller_server]: Passing new path to controller.
[controller_server-1] [INFO] [1783274112.188021022] [controller_server]: Passing new path to controller.
[controller_server-1] [INFO] [1783274113.238029323] [controller_server]: Passing new path to controller.
[controller_server-1] [INFO] [1783274114.288025373] [controller_server]: Passing new path to controller.
[controller_server-1] [INFO] [1783274115.288050081] [controller_server]: Passing new path to controller.
[controller_server-1] [INFO] [1783274116.338013865] [controller_server]: Passing new path to controller.
[controller_server-1] [INFO] [1783274117.338017540] [controller_server]: Passing new path to controller.
[controller_server-1] [INFO] [1783274118.388030290] [controller_server]: Passing new path to controller.
[controller_server-1] [INFO] [1783274119.388023824] [controller_server]: Passing new path to controller.
[controller_server-1] [INFO] [1783274120.438023271] [controller_server]: Passing new path to controller.
[controller_server-1] [INFO] [1783274121.488044538] [controller_server]: Passing new path to controller.
[controller_server-1] [INFO] [1783274122.488020557] [controller_server]: Passing new path to controller.
[controller_server-1] [ERROR] [1783274122.788057498] [controller_server]: Failed to make progress
[controller_server-1] [WARN] [1783274122.788210622] [controller_server]: [follow_path] [ActionServer] Aborting handle.
[behavior_server-3] [INFO] [1783274122.807176954] [behavior_server]: Running wait
[controller_server-1] [INFO] [1783274126.842651151] [local_costmap.local_costmap]: Received request to clear entirely the local_costmap
[planner_server-2] [INFO] [1783274126.842768111] [global_costmap.global_costmap]: Received request to clear entirely the global_costmap
[behavior_server-3] [INFO] [1783274127.907394882] [behavior_server]: wait completed successfully
[controller_server-1] [INFO] [1783274127.957570817] [controller_server]: Received a goal, begin computing control effort.
[controller_server-1] [INFO] [1783274129.007739229] [controller_server]: Passing new path to controller.
[controller_server-1] [INFO] [1783274130.057759861] [controller_server]: Passing new path to controller.
[controller_server-1] [INFO] [1783274131.057747712] [controller_server]: Passing new path to controller.
[controller_server-1] [INFO] [1783274132.107780485] [controller_server]: Passing new path to controller.
[controller_server-1] [INFO] [1783274133.107747282] [controller_server]: Passing new path to controller.
[controller_server-1] [INFO] [1783274134.165664357] [controller_server]: Passing new path to controller.
[controller_server-1] [INFO] [1783274135.165670924] [controller_server]: Passing new path to controller.
[controller_server-1] [INFO] [1783274136.215675070] [controller_server]: Passing new path to controller.
[controller_server-1] [INFO] [1783274137.215671848] [controller_server]: Passing new path to controller.
[controller_server-1] [INFO] [1783274138.265686977] [controller_server]: Passing new path to controller.
[controller_server-1] [INFO] [1783274139.315694447] [controller_server]: Passing new path to controller.
[controller_server-1] [INFO] [1783274140.315685924] [controller_server]: Passing new path to controller.
[controller_server-1] [INFO] [1783274141.365678779] [controller_server]: Passing new path to controller.
[controller_server-1] [INFO] [1783274142.365659733] [controller_server]: Passing new path to controller.
[controller_server-1] [ERROR] [1783274143.165705420] [controller_server]: Failed to make progress
[controller_server-1] [WARN] [1783274143.165790787] [controller_server]: [follow_path] [ActionServer] Aborting handle.
[controller_server-1] [INFO] [1783274143.184774722] [local_costmap.local_costmap]: Received request to clear entirely the local_costmap
[controller_server-1] [INFO] [1783274143.185737776] [controller_server]: Received a goal, begin computing control effort.
[controller_server-1] [INFO] [1783274143.435882595] [controller_server]: Passing new path to controller.
[controller_server-1] [INFO] [1783274144.435906013] [controller_server]: Passing new path to controller.
[controller_server-1] [INFO] [1783274145.485919240] [controller_server]: Passing new path to controller.
[controller_server-1] [INFO] [1783274146.485877620] [controller_server]: Passing new path to controller.
[controller_server-1] [INFO] [1783274147.535876365] [controller_server]: Passing new path to controller.
[controller_server-1] [INFO] [1783274148.585874202] [controller_server]: Passing new path to controller.
[controller_server-1] [INFO] [1783274149.585905051] [controller_server]: Passing new path to controller.
[controller_server-1] [INFO] [1783274150.635897829] [controller_server]: Passing new path to controller.
[controller_server-1] [INFO] [1783274151.635886938] [controller_server]: Passing new path to controller.
[controller_server-1] [INFO] [1783274152.685886241] [controller_server]: Passing new path to controller.
[controller_server-1] [INFO] [1783274153.685879234] [controller_server]: Passing new path to controller.
[controller_server-1] [INFO] [1783274154.735867644] [controller_server]: Passing new path to controller.
[controller_server-1] [INFO] [1783274155.735876025] [controller_server]: Passing new path to controller.
[controller_server-1] [INFO] [1783274156.785997976] [controller_server]: Passing new path to controller.
[controller_server-1] [INFO] [1783274157.785874383] [controller_server]: Passing new path to controller.
[controller_server-1] [ERROR] [1783274158.435916423] [controller_server]: Failed to make progress
[controller_server-1] [WARN] [1783274158.436028179] [controller_server]: [follow_path] [ActionServer] Aborting handle.
[behavior_server-3] [INFO] [1783274158.454954261] [behavior_server]: Running backup
[bt_navigator-4] [ERROR] [1783274163.305808206] [bt_navigator_navigate_to_pose_rclcpp_node]: Failed to get result for backup in node halt!
[bt_navigator-4] [INFO] [1783274163.305891639] [bt_navigator]: [navigate_to_pose] [ActionServer] Client requested to cancel the goal. Cancelling.
[bt_navigator-4] [INFO] [1783274163.306212674] [bt_navigator]: Goal canceled
[behavior_server-3] [INFO] [1783274163.365958189] [behavior_server]: Canceling backup
[behavior_server-3] [INFO] [1783274163.366098368] [behavior_server]: [backup] [ActionServer] Client requested to cancel the goal. Cancelling.
[bt_navigator-4] [INFO] [1783274169.475960610] [bt_navigator]: Begin navigating from current location (-0.39, 3.01) to (0.37, 5.37)
[controller_server-1] [INFO] [1783274169.497783715] [controller_server]: Received a goal, begin computing control effort.
[controller_server-1] [ERROR] [1783274169.649534844] [transformPoseInTargetFrame]: Extrapolation Error looking up target frame: Lookup would require extrapolation into the future.  Requested time 958.233000 but the latest data is at time 958.222000, when looking up transform from frame [map] to frame [leo1/base_link]
[controller_server-1] 
[controller_server-1] [WARN] [1783274169.650159246] [controller_server]: Control loop missed its desired rate of 20.0000Hz
[controller_server-1] [INFO] [1783274170.560036990] [controller_server]: Passing new path to controller.
[controller_server-1] [ERROR] [1783274170.661893197] [transformPoseInTargetFrame]: Extrapolation Error looking up target frame: Lookup would require extrapolation into the future.  Requested time 959.236000 but the latest data is at time 959.222000, when looking up transform from frame [map] to frame [leo1/base_link]
[controller_server-1] 
[controller_server-1] [WARN] [1783274170.662332843] [controller_server]: Control loop missed its desired rate of 20.0000Hz
[controller_server-1] [INFO] [1783274171.600244809] [controller_server]: Passing new path to controller.
[controller_server-1] [ERROR] [1783274171.702353831] [transformPoseInTargetFrame]: Extrapolation Error looking up target frame: Lookup would require extrapolation into the future.  Requested time 960.267000 but the latest data is at time 960.222000, when looking up transform from frame [map] to frame [leo1/base_link]
[controller_server-1] 
[controller_server-1] [WARN] [1783274171.702827011] [controller_server]: Control loop missed its desired rate of 20.0000Hz
[controller_server-1] [INFO] [1783274172.615192581] [controller_server]: Passing new path to controller.
[controller_server-1] [WARN] [1783274172.717089016] [controller_server]: Control loop missed its desired rate of 20.0000Hz
[controller_server-1] [ERROR] [1783274172.904103358] [transformPoseInTargetFrame]: Extrapolation Error looking up target frame: Lookup would require extrapolation into the future.  Requested time 961.454000 but the latest data is at time 961.422000, when looking up transform from frame [map] to frame [leo1/base_link]
[controller_server-1] 
[controller_server-1] [WARN] [1783274172.904625395] [controller_server]: Control loop missed its desired rate of 20.0000Hz
[controller_server-1] [INFO] [1783274173.664315291] [controller_server]: Passing new path to controller.
[controller_server-1] [ERROR] [1783274173.905924047] [transformPoseInTargetFrame]: Extrapolation Error looking up target frame: Lookup would require extrapolation into the future.  Requested time 962.440000 but the latest data is at time 962.422000, when looking up transform from frame [map] to frame [leo1/base_link]
[controller_server-1] 
[controller_server-1] [WARN] [1783274173.906362839] [controller_server]: Control loop missed its desired rate of 20.0000Hz
[controller_server-1] [INFO] [1783274174.665272224] [controller_server]: Passing new path to controller.
[controller_server-1] [ERROR] [1783274174.907710744] [transformPoseInTargetFrame]: Extrapolation Error looking up target frame: Lookup would require extrapolation into the future.  Requested time 963.430000 but the latest data is at time 963.422000, when looking up transform from frame [map] to frame [leo1/base_link]
[controller_server-1] 
[controller_server-1] [WARN] [1783274174.908172723] [controller_server]: Control loop missed its desired rate of 20.0000Hz
[controller_server-1] [INFO] [1783274175.718639166] [controller_server]: Passing new path to controller.
[controller_server-1] [WARN] [1783274175.949358366] [controller_server]: Control loop missed its desired rate of 20.0000Hz
[controller_server-1] [WARN] [1783274175.969700924] [controller_server]: Control loop missed its desired rate of 20.0000Hz
[controller_server-1] [WARN] [1783274176.149345483] [controller_server]: Control loop missed its desired rate of 20.0000Hz
[controller_server-1] [WARN] [1783274176.159565466] [controller_server]: Control loop missed its desired rate of 20.0000Hz
[controller_server-1] [WARN] [1783274176.349275104] [controller_server]: Control loop missed its desired rate of 20.0000Hz
[controller_server-1] [WARN] [1783274176.359505796] [controller_server]: Control loop missed its desired rate of 20.0000Hz
[controller_server-1] [WARN] [1783274176.549387495] [controller_server]: Control loop missed its desired rate of 20.0000Hz
[controller_server-1] [WARN] [1783274176.559652585] [controller_server]: Control loop missed its desired rate of 20.0000Hz
[controller_server-1] [WARN] [1783274176.759472788] [controller_server]: Control loop missed its desired rate of 20.0000Hz
[controller_server-1] [INFO] [1783274176.759525292] [controller_server]: Passing new path to controller.
[controller_server-1] [WARN] [1783274177.160788992] [controller_server]: Control loop missed its desired rate of 20.0000Hz
[controller_server-1] [ERROR] [1783274177.332393320] [transformPoseInTargetFrame]: Extrapolation Error looking up target frame: Lookup would require extrapolation into the future.  Requested time 965.831000 but the latest data is at time 965.822000, when looking up transform from frame [map] to frame [leo1/base_link]
[controller_server-1] 
[controller_server-1] [WARN] [1783274177.333027751] [controller_server]: Control loop missed its desired rate of 20.0000Hz
[controller_server-1] [INFO] [1783274177.760870170] [controller_server]: Passing new path to controller.
[controller_server-1] [ERROR] [1783274177.961980181] [transformPoseInTargetFrame]: Extrapolation Error looking up target frame: Lookup would require extrapolation into the future.  Requested time 966.458000 but the latest data is at time 966.442000, when looking up transform from frame [map] to frame [leo1/base_link]
[controller_server-1] 
[controller_server-1] [WARN] [1783274177.962375399] [controller_server]: Control loop missed its desired rate of 20.0000Hz
[controller_server-1] [INFO] [1783274178.770786434] [controller_server]: Passing new path to controller.
[controller_server-1] [WARN] [1783274178.973295011] [controller_server]: Control loop missed its desired rate of 20.0000Hz
[controller_server-1] [ERROR] [1783274179.163573335] [transformPoseInTargetFrame]: Extrapolation Error looking up target frame: Lookup would require extrapolation into the future.  Requested time 967.649000 but the latest data is at time 967.622000, when looking up transform from frame [map] to frame [leo1/base_link]
[controller_server-1] 
[controller_server-1] [WARN] [1783274179.163992452] [controller_server]: Control loop missed its desired rate of 20.0000Hz
[controller_server-1] [INFO] [1783274179.821031442] [controller_server]: Passing new path to controller.
[controller_server-1] [WARN] [1783274179.983124114] [controller_server]: Control loop missed its desired rate of 20.0000Hz
[controller_server-1] [ERROR] [1783274180.165320004] [transformPoseInTargetFrame]: Extrapolation Error looking up target frame: Lookup would require extrapolation into the future.  Requested time 968.639000 but the latest data is at time 968.622000, when looking up transform from frame [map] to frame [leo1/base_link]
[controller_server-1] 
[controller_server-1] [WARN] [1783274180.165744883] [controller_server]: Control loop missed its desired rate of 20.0000Hz
[controller_server-1] [INFO] [1783274180.873216781] [controller_server]: Passing new path to controller.
[controller_server-1] [ERROR] [1783274180.975109146] [transformPoseInTargetFrame]: Extrapolation Error looking up target frame: Lookup would require extrapolation into the future.  Requested time 969.440000 but the latest data is at time 969.422000, when looking up transform from frame [map] to frame [leo1/base_link]
[controller_server-1] 
[controller_server-1] [WARN] [1783274180.975522200] [controller_server]: Control loop missed its desired rate of 20.0000Hz
[controller_server-1] [INFO] [1783274181.865831129] [controller_server]: Passing new path to controller.
[controller_server-1] [INFO] [1783274182.915826737] [controller_server]: Passing new path to controller.
[controller_server-1] [ERROR] [1783274183.017774818] [transformPoseInTargetFrame]: Extrapolation Error looking up target frame: Lookup would require extrapolation into the future.  Requested time 971.452000 but the latest data is at time 971.422000, when looking up transform from frame [map] to frame [leo1/base_link]
[controller_server-1] 
[controller_server-1] [WARN] [1783274183.018317027] [controller_server]: Control loop missed its desired rate of 20.0000Hz
[controller_server-1] [INFO] [1783274183.929833569] [controller_server]: Passing new path to controller.
[controller_server-1] [ERROR] [1783274184.032015796] [transformPoseInTargetFrame]: Extrapolation Error looking up target frame: Lookup would require extrapolation into the future.  Requested time 972.451000 but the latest data is at time 972.422000, when looking up transform from frame [map] to frame [leo1/base_link]
[controller_server-1] 
[controller_server-1] [WARN] [1783274184.032551331] [controller_server]: Control loop missed its desired rate of 20.0000Hz
[controller_server-1] [INFO] [1783274184.968408406] [controller_server]: Passing new path to controller.
[controller_server-1] [WARN] [1783274185.070875501] [controller_server]: Control loop missed its desired rate of 20.0000Hz
[controller_server-1] [INFO] [1783274185.983570737] [controller_server]: Passing new path to controller.
[controller_server-1] [WARN] [1783274186.075750445] [controller_server]: Control loop missed its desired rate of 20.0000Hz
[controller_server-1] [INFO] [1783274187.020964959] [controller_server]: Passing new path to controller.
[controller_server-1] [WARN] [1783274187.072521160] [controller_server]: Control loop missed its desired rate of 20.0000Hz
[controller_server-1] [INFO] [1783274188.070963685] [controller_server]: Passing new path to controller.
[controller_server-1] [INFO] [1783274189.070964796] [controller_server]: Passing new path to controller.
[controller_server-1] [INFO] [1783274190.120966992] [controller_server]: Passing new path to controller.
[controller_server-1] [INFO] [1783274190.821126744] [controller_server]: Reached the goal!
[bt_navigator-4] [INFO] [1783274190.856590416] [bt_navigator]: Goal succeeded
[bt_navigator-4] [INFO] [1783274193.647463099] [bt_navigator]: Begin navigating from current location (0.26, 5.16) to (0.02, 5.43)
[controller_server-1] [INFO] [1783274193.669023362] [controller_server]: Received a goal, begin computing control effort.
[controller_server-1] [INFO] [1783274194.719206370] [controller_server]: Passing new path to controller.
[controller_server-1] [INFO] [1783274195.769173008] [controller_server]: Passing new path to controller.
[controller_server-1] [INFO] [1783274196.769193723] [controller_server]: Passing new path to controller.
[controller_server-1] [INFO] [1783274197.819164079] [controller_server]: Passing new path to controller.
[controller_server-1] [INFO] [1783274198.819170542] [controller_server]: Passing new path to controller.
[controller_server-1] [INFO] [1783274199.869187205] [controller_server]: Passing new path to controller.
[controller_server-1] [INFO] [1783274200.919179544] [controller_server]: Passing new path to controller.
[controller_server-1] [INFO] [1783274201.919189397] [controller_server]: Passing new path to controller.
[controller_server-1] [INFO] [1783274202.969174507] [controller_server]: Passing new path to controller.
[controller_server-1] [INFO] [1783274203.969176158] [controller_server]: Passing new path to controller.
[controller_server-1] [INFO] [1783274205.019177200] [controller_server]: Passing new path to controller.
[controller_server-1] [INFO] [1783274206.069198003] [controller_server]: Passing new path to controller.
[controller_server-1] [INFO] [1783274207.069170293] [controller_server]: Passing new path to controller.
[controller_server-1] [INFO] [1783274207.169320824] [controller_server]: Reached the goal!
[bt_navigator-4] [INFO] [1783274207.208188968] [bt_navigator]: Goal succeeded
[bt_navigator-4] [INFO] [1783274209.797043731] [bt_navigator]: Begin navigating from current location (0.15, 5.25) to (3.42, 4.33)
[controller_server-1] [INFO] [1783274209.818158558] [controller_server]: Received a goal, begin computing control effort.
[controller_server-1] [WARN] [1783274209.909754283] [controller_server]: Control loop missed its desired rate of 20.0000Hz
[controller_server-1] [WARN] [1783274209.930087271] [controller_server]: Control loop missed its desired rate of 20.0000Hz
[controller_server-1] [ERROR] [1783274210.069438228] [transformPoseInTargetFrame]: Extrapolation Error looking up target frame: Lookup would require extrapolation into the future.  Requested time 998.227000 but the latest data is at time 998.222000, when looking up transform from frame [map] to frame [leo1/base_link]
[controller_server-1] 
[controller_server-1] [WARN] [1783274210.070070568] [controller_server]: Control loop missed its desired rate of 20.0000Hz
[controller_server-1] [INFO] [1783274210.881225827] [controller_server]: Passing new path to controller.
[controller_server-1] [WARN] [1783274211.111242458] [controller_server]: Control loop missed its desired rate of 20.0000Hz
[controller_server-1] [WARN] [1783274211.121522086] [controller_server]: Control loop missed its desired rate of 20.0000Hz
[controller_server-1] [WARN] [1783274211.311286455] [controller_server]: Control loop missed its desired rate of 20.0000Hz
[controller_server-1] [WARN] [1783274211.321622089] [controller_server]: Control loop missed its desired rate of 20.0000Hz
[controller_server-1] [WARN] [1783274211.511246025] [controller_server]: Control loop missed its desired rate of 20.0000Hz
[controller_server-1] [WARN] [1783274211.521592659] [controller_server]: Control loop missed its desired rate of 20.0000Hz
[controller_server-1] [WARN] [1783274211.721312897] [controller_server]: Control loop missed its desired rate of 20.0000Hz
[controller_server-1] [ERROR] [1783274211.892993823] [transformPoseInTargetFrame]: Extrapolation Error looking up target frame: Lookup would require extrapolation into the future.  Requested time 1000.032000 but the latest data is at time 1000.022000, when looking up transform from frame [map] to frame [leo1/base_link]
[controller_server-1] 
[controller_server-1] [WARN] [1783274211.893613948] [controller_server]: Control loop missed its desired rate of 20.0000Hz
[controller_server-1] [INFO] [1783274211.893641273] [controller_server]: Passing new path to controller.
[controller_server-1] [WARN] [1783274212.112558773] [controller_server]: Control loop missed its desired rate of 20.0000Hz
[controller_server-1] [WARN] [1783274212.132881679] [controller_server]: Control loop missed its desired rate of 20.0000Hz
[controller_server-1] [WARN] [1783274212.322594158] [controller_server]: Control loop missed its desired rate of 20.0000Hz
[controller_server-1] [WARN] [1783274212.534674177] [controller_server]: Control loop missed its desired rate of 20.0000Hz
[controller_server-1] [ERROR] [1783274212.723840006] [transformPoseInTargetFrame]: Extrapolation Error looking up target frame: Lookup would require extrapolation into the future.  Requested time 1000.854000 but the latest data is at time 1000.822000, when looking up transform from frame [map] to frame [leo1/base_link]
[controller_server-1] 
[controller_server-1] [WARN] [1783274212.724341307] [controller_server]: Control loop missed its desired rate of 20.0000Hz
[controller_server-1] [INFO] [1783274212.926885151] [controller_server]: Passing new path to controller.
[controller_server-1] [WARN] [1783274213.129249876] [controller_server]: Control loop missed its desired rate of 20.0000Hz
[controller_server-1] [ERROR] [1783274213.325556926] [transformPoseInTargetFrame]: Extrapolation Error looking up target frame: Lookup would require extrapolation into the future.  Requested time 1001.449000 but the latest data is at time 1001.442000, when looking up transform from frame [map] to frame [leo1/base_link]
[controller_server-1] 
[controller_server-1] [WARN] [1783274213.326593704] [controller_server]: Control loop missed its desired rate of 20.0000Hz
[controller_server-1] [INFO] [1783274213.985338176] [controller_server]: Passing new path to controller.
[controller_server-1] [WARN] [1783274214.147569249] [controller_server]: Control loop missed its desired rate of 20.0000Hz
[controller_server-1] [ERROR] [1783274214.327799015] [transformPoseInTargetFrame]: Extrapolation Error looking up target frame: Lookup would require extrapolation into the future.  Requested time 1002.443000 but the latest data is at time 1002.422000, when looking up transform from frame [map] to frame [leo1/base_link]
[controller_server-1] 
[controller_server-1] [WARN] [1783274214.328529366] [controller_server]: Control loop missed its desired rate of 20.0000Hz
[controller_server-1] [INFO] [1783274214.985892873] [controller_server]: Passing new path to controller.
[controller_server-1] [ERROR] [1783274215.147961054] [transformPoseInTargetFrame]: Extrapolation Error looking up target frame: Lookup would require extrapolation into the future.  Requested time 1003.256000 but the latest data is at time 1003.222000, when looking up transform from frame [map] to frame [leo1/base_link]
[controller_server-1] 
[controller_server-1] [WARN] [1783274215.148953404] [controller_server]: Control loop missed its desired rate of 20.0000Hz
[controller_server-1] [INFO] [1783274216.028606823] [controller_server]: Passing new path to controller.
[controller_server-1] [ERROR] [1783274216.130527390] [transformPoseInTargetFrame]: Extrapolation Error looking up target frame: Lookup would require extrapolation into the future.  Requested time 1004.230000 but the latest data is at time 1004.222000, when looking up transform from frame [map] to frame [leo1/base_link]
[controller_server-1] 
[controller_server-1] [WARN] [1783274216.131085370] [controller_server]: Control loop missed its desired rate of 20.0000Hz
[controller_server-1] [INFO] [1783274217.042990001] [controller_server]: Passing new path to controller.
[controller_server-1] [ERROR] [1783274217.144925859] [transformPoseInTargetFrame]: Extrapolation Error looking up target frame: Lookup would require extrapolation into the future.  Requested time 1005.234000 but the latest data is at time 1005.222000, when looking up transform from frame [map] to frame [leo1/base_link]
[controller_server-1] 
[controller_server-1] [WARN] [1783274217.145498118] [controller_server]: Control loop missed its desired rate of 20.0000Hz
[controller_server-1] [INFO] [1783274218.081162297] [controller_server]: Passing new path to controller.
[controller_server-1] [WARN] [1783274218.182994477] [controller_server]: Control loop missed its desired rate of 20.0000Hz
[controller_server-1] [WARN] [1783274218.384555936] [controller_server]: Control loop missed its desired rate of 20.0000Hz
[controller_server-1] [WARN] [1783274218.584192897] [controller_server]: Control loop missed its desired rate of 20.0000Hz
[controller_server-1] [WARN] [1783274218.796110805] [controller_server]: Control loop missed its desired rate of 20.0000Hz
[controller_server-1] [WARN] [1783274218.985473541] [controller_server]: Control loop missed its desired rate of 20.0000Hz
[controller_server-1] [INFO] [1783274219.107606690] [controller_server]: Passing new path to controller.
[controller_server-1] [WARN] [1783274219.199409439] [controller_server]: Control loop missed its desired rate of 20.0000Hz
[controller_server-1] [WARN] [1783274219.386690987] [controller_server]: Control loop missed its desired rate of 20.0000Hz
[controller_server-1] [ERROR] [1783274219.608704475] [transformPoseInTargetFrame]: Extrapolation Error looking up target frame: Lookup would require extrapolation into the future.  Requested time 1007.675000 but the latest data is at time 1007.642000, when looking up transform from frame [map] to frame [leo1/base_link]
[controller_server-1] 
[controller_server-1] [WARN] [1783274219.609732869] [controller_server]: Control loop missed its desired rate of 20.0000Hz
[controller_server-1] [INFO] [1783274220.136782960] [controller_server]: Passing new path to controller.
[controller_server-1] [WARN] [1783274220.198382472] [controller_server]: Control loop missed its desired rate of 20.0000Hz
[controller_server-1] [ERROR] [1783274220.387914587] [transformPoseInTargetFrame]: Extrapolation Error looking up target frame: Lookup would require extrapolation into the future.  Requested time 1008.446000 but the latest data is at time 1008.422000, when looking up transform from frame [map] to frame [leo1/base_link]
[controller_server-1] 
[controller_server-1] [WARN] [1783274220.388410959] [controller_server]: Control loop missed its desired rate of 20.0000Hz
[controller_server-1] [INFO] [1783274221.198411602] [controller_server]: Passing new path to controller.
[controller_server-1] [WARN] [1783274221.400976582] [controller_server]: Control loop missed its desired rate of 20.0000Hz
[controller_server-1] [ERROR] [1783274221.589552632] [transformPoseInTargetFrame]: Extrapolation Error looking up target frame: Lookup would require extrapolation into the future.  Requested time 1009.638000 but the latest data is at time 1009.622000, when looking up transform from frame [map] to frame [leo1/base_link]
[controller_server-1] 
[controller_server-1] [WARN] [1783274221.590090291] [controller_server]: Control loop missed its desired rate of 20.0000Hz
[controller_server-1] [INFO] [1783274222.197962042] [controller_server]: Passing new path to controller.
[controller_server-1] [WARN] [1783274222.420553285] [controller_server]: Control loop missed its desired rate of 20.0000Hz
[controller_server-1] [WARN] [1783274222.441592853] [controller_server]: Control loop missed its desired rate of 20.0000Hz
[controller_server-1] [ERROR] [1783274222.591293299] [transformPoseInTargetFrame]: Extrapolation Error looking up target frame: Lookup would require extrapolation into the future.  Requested time 1010.633000 but the latest data is at time 1010.622000, when looking up transform from frame [map] to frame [leo1/base_link]
[controller_server-1] 
[controller_server-1] [WARN] [1783274222.591838207] [controller_server]: Control loop missed its desired rate of 20.0000Hz
[controller_server-1] [INFO] [1783274223.257199738] [controller_server]: Passing new path to controller.
[controller_server-1] [WARN] [1783274223.429537658] [controller_server]: Control loop missed its desired rate of 20.0000Hz
[controller_server-1] [WARN] [1783274223.451944071] [controller_server]: Control loop missed its desired rate of 20.0000Hz
[controller_server-1] [ERROR] [1783274223.600722823] [transformPoseInTargetFrame]: Extrapolation Error looking up target frame: Lookup would require extrapolation into the future.  Requested time 1011.631000 but the latest data is at time 1011.622000, when looking up transform from frame [map] to frame [leo1/base_link]
[controller_server-1] 
[controller_server-1] [WARN] [1783274223.601527338] [controller_server]: Control loop missed its desired rate of 20.0000Hz
[controller_server-1] [INFO] [1783274224.260018538] [controller_server]: Passing new path to controller.
[controller_server-1] [WARN] [1783274224.432446116] [controller_server]: Control loop missed its desired rate of 20.0000Hz
[controller_server-1] [ERROR] [1783274224.603098336] [transformPoseInTargetFrame]: Extrapolation Error looking up target frame: Lookup would require extrapolation into the future.  Requested time 1012.625000 but the latest data is at time 1012.622000, when looking up transform from frame [map] to frame [leo1/base_link]
[controller_server-1] 
[controller_server-1] [WARN] [1783274224.604288843] [controller_server]: Control loop missed its desired rate of 20.0000Hz
[controller_server-1] [INFO] [1783274225.315902413] [controller_server]: Passing new path to controller.
[controller_server-1] [ERROR] [1783274225.417865214] [transformPoseInTargetFrame]: Extrapolation Error looking up target frame: Lookup would require extrapolation into the future.  Requested time 1013.430000 but the latest data is at time 1013.422000, when looking up transform from frame [map] to frame [leo1/base_link]
[controller_server-1] 
[controller_server-1] [WARN] [1783274225.418440297] [controller_server]: Control loop missed its desired rate of 20.0000Hz
[controller_server-1] [INFO] [1783274226.354393296] [controller_server]: Passing new path to controller.
[controller_server-1] [ERROR] [1783274226.456693944] [transformPoseInTargetFrame]: Extrapolation Error looking up target frame: Lookup would require extrapolation into the future.  Requested time 1014.458000 but the latest data is at time 1014.422000, when looking up transform from frame [map] to frame [leo1/base_link]
[controller_server-1] 
[controller_server-1] [WARN] [1783274226.457500212] [controller_server]: Control loop missed its desired rate of 20.0000Hz
[controller_server-1] [INFO] [1783274227.372520346] [controller_server]: Passing new path to controller.
[controller_server-1] [WARN] [1783274227.474508067] [controller_server]: Control loop missed its desired rate of 20.0000Hz
[controller_server-1] [ERROR] [1783274227.658700136] [transformPoseInTargetFrame]: Extrapolation Error looking up target frame: Lookup would require extrapolation into the future.  Requested time 1015.649000 but the latest data is at time 1015.622000, when looking up transform from frame [map] to frame [leo1/base_link]
[controller_server-1] 
[controller_server-1] [WARN] [1783274227.659306756] [controller_server]: Control loop missed its desired rate of 20.0000Hz
[controller_server-1] [INFO] [1783274228.369133547] [controller_server]: Passing new path to controller.
[controller_server-1] [ERROR] [1783274228.471015326] [transformPoseInTargetFrame]: Extrapolation Error looking up target frame: Lookup would require extrapolation into the future.  Requested time 1016.458000 but the latest data is at time 1016.422000, when looking up transform from frame [map] to frame [leo1/base_link]
[controller_server-1] 
[controller_server-1] [WARN] [1783274228.471565304] [controller_server]: Control loop missed its desired rate of 20.0000Hz
[controller_server-1] [INFO] [1783274229.409414948] [controller_server]: Passing new path to controller.
[controller_server-1] [WARN] [1783274229.501687935] [controller_server]: Control loop missed its desired rate of 20.0000Hz
[controller_server-1] [WARN] [1783274229.524142243] [controller_server]: Control loop missed its desired rate of 20.0000Hz
[controller_server-1] [WARN] [1783274229.711156470] [controller_server]: Control loop missed its desired rate of 20.0000Hz
[controller_server-1] [ERROR] [1783274229.877222286] [transformPoseInTargetFrame]: Extrapolation Error looking up target frame: Lookup would require extrapolation into the future.  Requested time 1017.851000 but the latest data is at time 1017.822000, when looking up transform from frame [map] to frame [leo1/base_link]
[controller_server-1] 
[controller_server-1] [WARN] [1783274229.878037685] [controller_server]: Control loop missed its desired rate of 20.0000Hz
[controller_server-1] [INFO] [1783274230.461225295] [controller_server]: Passing new path to controller.
[controller_server-1] [ERROR] [1783274230.662402951] [transformPoseInTargetFrame]: Extrapolation Error looking up target frame: Lookup would require extrapolation into the future.  Requested time 1018.627000 but the latest data is at time 1018.622000, when looking up transform from frame [map] to frame [leo1/base_link]
[controller_server-1] 
[controller_server-1] [WARN] [1783274230.662943564] [controller_server]: Control loop missed its desired rate of 20.0000Hz
[controller_server-1] [INFO] [1783274231.475821894] [controller_server]: Passing new path to controller.
[controller_server-1] [ERROR] [1783274231.714366176] [transformPoseInTargetFrame]: Extrapolation Error looking up target frame: Lookup would require extrapolation into the future.  Requested time 1019.664000 but the latest data is at time 1019.622000, when looking up transform from frame [map] to frame [leo1/base_link]
[controller_server-1] 
[controller_server-1] [WARN] [1783274231.714989972] [controller_server]: Control loop missed its desired rate of 20.0000Hz
[controller_server-1] [INFO] [1783274232.531249263] [controller_server]: Passing new path to controller.
[controller_server-1] [ERROR] [1783274232.703723922] [transformPoseInTargetFrame]: Extrapolation Error looking up target frame: Lookup would require extrapolation into the future.  Requested time 1020.635000 but the latest data is at time 1020.622000, when looking up transform from frame [map] to frame [leo1/base_link]
[controller_server-1] 
[controller_server-1] [WARN] [1783274232.704259239] [controller_server]: Control loop missed its desired rate of 20.0000Hz
[controller_server-1] [INFO] [1783274233.565079208] [controller_server]: Passing new path to controller.
[controller_server-1] [ERROR] [1783274233.716096628] [transformPoseInTargetFrame]: Extrapolation Error looking up target frame: Lookup would require extrapolation into the future.  Requested time 1021.638000 but the latest data is at time 1021.622000, when looking up transform from frame [map] to frame [leo1/base_link]
[controller_server-1] 
[controller_server-1] [WARN] [1783274233.716626494] [controller_server]: Control loop missed its desired rate of 20.0000Hz
[controller_server-1] [INFO] [1783274234.577521621] [controller_server]: Passing new path to controller.
[controller_server-1] [INFO] [1783274235.602663819] [controller_server]: Passing new path to controller.
[controller_server-1] [INFO] [1783274236.616734598] [controller_server]: Passing new path to controller.
[controller_server-1] [INFO] [1783274237.666715686] [controller_server]: Passing new path to controller.
[controller_server-1] [ERROR] [1783274237.768612877] [transformPoseInTargetFrame]: Extrapolation Error looking up target frame: Lookup would require extrapolation into the future.  Requested time 1025.639000 but the latest data is at time 1025.622000, when looking up transform from frame [map] to frame [leo1/base_link]
[controller_server-1] 
[controller_server-1] [WARN] [1783274237.769090572] [controller_server]: Control loop missed its desired rate of 20.0000Hz
[controller_server-1] [INFO] [1783274238.679682304] [controller_server]: Passing new path to controller.
[controller_server-1] [ERROR] [1783274238.781739471] [transformPoseInTargetFrame]: Extrapolation Error looking up target frame: Lookup would require extrapolation into the future.  Requested time 1026.633000 but the latest data is at time 1026.622000, when looking up transform from frame [map] to frame [leo1/base_link]
[controller_server-1] 
[controller_server-1] [WARN] [1783274238.782229786] [controller_server]: Control loop missed its desired rate of 20.0000Hz
[controller_server-1] [INFO] [1783274239.719173392] [controller_server]: Passing new path to controller.
[controller_server-1] [ERROR] [1783274239.821353118] [transformPoseInTargetFrame]: Extrapolation Error looking up target frame: Lookup would require extrapolation into the future.  Requested time 1027.651000 but the latest data is at time 1027.642000, when looking up transform from frame [map] to frame [leo1/base_link]
[controller_server-1] 
[controller_server-1] [WARN] [1783274239.822142664] [controller_server]: Control loop missed its desired rate of 20.0000Hz
[controller_server-1] [INFO] [1783274240.733737205] [controller_server]: Passing new path to controller.
[controller_server-1] [ERROR] [1783274240.836258551] [transformPoseInTargetFrame]: Extrapolation Error looking up target frame: Lookup would require extrapolation into the future.  Requested time 1028.646000 but the latest data is at time 1028.622000, when looking up transform from frame [map] to frame [leo1/base_link]
[controller_server-1] 
[controller_server-1] [WARN] [1783274240.836704936] [controller_server]: Control loop missed its desired rate of 20.0000Hz
[controller_server-1] [INFO] [1783274241.772242286] [controller_server]: Passing new path to controller.
[controller_server-1] [ERROR] [1783274241.875122094] [transformPoseInTargetFrame]: Extrapolation Error looking up target frame: Lookup would require extrapolation into the future.  Requested time 1029.660000 but the latest data is at time 1029.642000, when looking up transform from frame [map] to frame [leo1/base_link]
[controller_server-1] 
[controller_server-1] [WARN] [1783274241.875900168] [controller_server]: Control loop missed its desired rate of 20.0000Hz
[controller_server-1] [INFO] [1783274242.786585071] [controller_server]: Passing new path to controller.
[controller_server-1] [ERROR] [1783274242.888721963] [transformPoseInTargetFrame]: Extrapolation Error looking up target frame: Lookup would require extrapolation into the future.  Requested time 1030.656000 but the latest data is at time 1030.642000, when looking up transform from frame [map] to frame [leo1/base_link]
[controller_server-1] 
[controller_server-1] [WARN] [1783274242.889085237] [controller_server]: Control loop missed its desired rate of 20.0000Hz
[controller_server-1] [INFO] [1783274243.825988077] [controller_server]: Passing new path to controller.
[controller_server-1] [WARN] [1783274243.908832602] [controller_server]: Control loop missed its desired rate of 20.0000Hz
[controller_server-1] [INFO] [1783274244.876007836] [controller_server]: Passing new path to controller.
[controller_server-1] [WARN] [1783274244.927619701] [controller_server]: Control loop missed its desired rate of 20.0000Hz
[controller_server-1] [INFO] [1783274245.875994541] [controller_server]: Passing new path to controller.
[controller_server-1] [WARN] [1783274245.937673068] [controller_server]: Control loop missed its desired rate of 20.0000Hz
[controller_server-1] [INFO] [1783274246.925987352] [controller_server]: Passing new path to controller.
[controller_server-1] [INFO] [1783274247.975972762] [controller_server]: Passing new path to controller.
[controller_server-1] [INFO] [1783274248.976008538] [controller_server]: Passing new path to controller.
[controller_server-1] [INFO] [1783274250.025977325] [controller_server]: Passing new path to controller.
[controller_server-1] [INFO] [1783274251.025975049] [controller_server]: Passing new path to controller.
[controller_server-1] [INFO] [1783274252.075992031] [controller_server]: Passing new path to controller.
[controller_server-1] [INFO] [1783274253.075997772] [controller_server]: Passing new path to controller.
[controller_server-1] [INFO] [1783274254.134128570] [controller_server]: Passing new path to controller.
[controller_server-1] [INFO] [1783274255.134129373] [controller_server]: Passing new path to controller.
[controller_server-1] [INFO] [1783274256.184146267] [controller_server]: Passing new path to controller.
[controller_server-1] [INFO] [1783274257.234134799] [controller_server]: Passing new path to controller.
[controller_server-1] [INFO] [1783274258.234128311] [controller_server]: Passing new path to controller.
[controller_server-1] [INFO] [1783274259.284115854] [controller_server]: Passing new path to controller.
[controller_server-1] [INFO] [1783274260.284123402] [controller_server]: Passing new path to controller.
[controller_server-1] [INFO] [1783274261.334118311] [controller_server]: Passing new path to controller.
[controller_server-1] [INFO] [1783274262.384142030] [controller_server]: Passing new path to controller.
[controller_server-1] [ERROR] [1783274262.534139833] [controller_server]: Failed to make progress
[controller_server-1] [WARN] [1783274262.534218393] [controller_server]: [follow_path] [ActionServer] Aborting handle.
[controller_server-1] [INFO] [1783274262.553075389] [local_costmap.local_costmap]: Received request to clear entirely the local_costmap
[controller_server-1] [INFO] [1783274262.554116594] [controller_server]: Received a goal, begin computing control effort.
[controller_server-1] [WARN] [1783274262.644408203] [controller_server]: Control loop missed its desired rate of 20.0000Hz
[controller_server-1] [INFO] [1783274263.404274029] [controller_server]: Passing new path to controller.
[controller_server-1] [INFO] [1783274264.404302725] [controller_server]: Passing new path to controller.
[controller_server-1] [INFO] [1783274265.454271402] [controller_server]: Passing new path to controller.
[controller_server-1] [INFO] [1783274266.504272620] [controller_server]: Passing new path to controller.
[controller_server-1] [INFO] [1783274267.504258502] [controller_server]: Passing new path to controller.
[controller_server-1] [INFO] [1783274268.554250047] [controller_server]: Passing new path to controller.
[controller_server-1] [INFO] [1783274269.554270498] [controller_server]: Passing new path to controller.
[controller_server-1] [INFO] [1783274270.604251979] [controller_server]: Passing new path to controller.
[controller_server-1] [INFO] [1783274271.654251405] [controller_server]: Passing new path to controller.
[controller_server-1] [INFO] [1783274272.654251338] [controller_server]: Passing new path to controller.
[controller_server-1] [INFO] [1783274273.704264284] [controller_server]: Passing new path to controller.
[controller_server-1] [INFO] [1783274274.704274616] [controller_server]: Passing new path to controller.
[controller_server-1] [INFO] [1783274275.754256800] [controller_server]: Passing new path to controller.
[controller_server-1] [INFO] [1783274276.804260703] [controller_server]: Passing new path to controller.
[controller_server-1] [INFO] [1783274277.804266870] [controller_server]: Passing new path to controller.
[controller_server-1] [ERROR] [1783274277.805426165] [controller_server]: Failed to make progress
[controller_server-1] [WARN] [1783274277.805497429] [controller_server]: [follow_path] [ActionServer] Aborting handle.
[controller_server-1] [INFO] [1783274277.833093618] [local_costmap.local_costmap]: Received request to clear entirely the local_costmap
[planner_server-2] [INFO] [1783274277.833414858] [global_costmap.global_costmap]: Received request to clear entirely the global_costmap
[controller_server-1] [INFO] [1783274277.983760730] [controller_server]: Received a goal, begin computing control effort.
[controller_server-1] [INFO] [1783274279.033928604] [controller_server]: Passing new path to controller.
[controller_server-1] [INFO] [1783274280.083908598] [controller_server]: Passing new path to controller.
[controller_server-1] [INFO] [1783274280.586456792] [local_costmap.local_costmap]: Received request to clear entirely the local_costmap
[planner_server-2] [INFO] [1783274280.586527487] [global_costmap.global_costmap]: Received request to clear entirely the global_costmap
[controller_server-1] [INFO] [1783274281.083908369] [controller_server]: Passing new path to controller.
[controller_server-1] [INFO] [1783274282.133911258] [controller_server]: Passing new path to controller.
[controller_server-1] [INFO] [1783274283.133904449] [controller_server]: Passing new path to controller.
[controller_server-1] [INFO] [1783274284.191197031] [controller_server]: Passing new path to controller.
[controller_server-1] [INFO] [1783274285.241149891] [controller_server]: Passing new path to controller.
[controller_server-1] [INFO] [1783274286.241164822] [controller_server]: Passing new path to controller.
[controller_server-1] [INFO] [1783274287.291140085] [controller_server]: Passing new path to controller.
[controller_server-1] [INFO] [1783274288.291155258] [controller_server]: Passing new path to controller.
[controller_server-1] [INFO] [1783274289.341161654] [controller_server]: Passing new path to controller.
[controller_server-1] [INFO] [1783274290.341178563] [controller_server]: Passing new path to controller.
[controller_server-1] [INFO] [1783274291.391138263] [controller_server]: Passing new path to controller.
[controller_server-1] [INFO] [1783274292.391138072] [controller_server]: Passing new path to controller.
[controller_server-1] [ERROR] [1783274293.191189455] [controller_server]: Failed to make progress
[controller_server-1] [WARN] [1783274293.191295367] [controller_server]: [follow_path] [ActionServer] Aborting handle.
[controller_server-1] [INFO] [1783274293.210390131] [local_costmap.local_costmap]: Received request to clear entirely the local_costmap
[controller_server-1] [INFO] [1783274293.211666811] [controller_server]: Received a goal, begin computing control effort.
[controller_server-1] [INFO] [1783274293.461807614] [controller_server]: Passing new path to controller.
[controller_server-1] [INFO] [1783274294.461808662] [controller_server]: Passing new path to controller.
[controller_server-1] [INFO] [1783274295.511813935] [controller_server]: Passing new path to controller.
[controller_server-1] [INFO] [1783274296.511801246] [controller_server]: Passing new path to controller.
[controller_server-1] [INFO] [1783274297.561823105] [controller_server]: Passing new path to controller.
[controller_server-1] [INFO] [1783274298.611820629] [controller_server]: Passing new path to controller.
[controller_server-1] [INFO] [1783274299.611827275] [controller_server]: Passing new path to controller.
[controller_server-1] [INFO] [1783274300.661874940] [controller_server]: Passing new path to controller.
[controller_server-1] [INFO] [1783274301.661832102] [controller_server]: Passing new path to controller.
[controller_server-1] [INFO] [1783274302.711853318] [controller_server]: Passing new path to controller.
[planner_server-2] [INFO] [1783274303.558981974] [global_costmap.global_costmap]: Message Filter dropping message: frame 'leo1/sensor_lidar_link' at time 1090.300 for reason 'the timestamp on the message is earlier than all the data in the transform cache'
[controller_server-1] [INFO] [1783274303.711846855] [controller_server]: Passing new path to controller.
[controller_server-1] [INFO] [1783274304.761811189] [controller_server]: Passing new path to controller.
[controller_server-1] [INFO] [1783274305.811810301] [controller_server]: Passing new path to controller.
[controller_server-1] [INFO] [1783274306.811810748] [controller_server]: Passing new path to controller.
[controller_server-1] [INFO] [1783274307.861807095] [controller_server]: Passing new path to controller.
[controller_server-1] [ERROR] [1783274308.461867434] [controller_server]: Failed to make progress
[controller_server-1] [WARN] [1783274308.462017059] [controller_server]: [follow_path] [ActionServer] Aborting handle.
[behavior_server-3] [INFO] [1783274308.480438111] [behavior_server]: Running spin
[behavior_server-3] [INFO] [1783274308.480523597] [behavior_server]: Turning 1.57 for spin behavior.
[behavior_server-3] [INFO] [1783274310.280729812] [behavior_server]: spin completed successfully
[controller_server-1] [INFO] [1783274310.331034694] [controller_server]: Received a goal, begin computing control effort.
[controller_server-1] [INFO] [1783274311.381226203] [controller_server]: Passing new path to controller.
[controller_server-1] [INFO] [1783274312.431233738] [controller_server]: Passing new path to controller.
[controller_server-1] [INFO] [1783274313.439197590] [controller_server]: Passing new path to controller.
[controller_server-1] [INFO] [1783274314.489217581] [controller_server]: Passing new path to controller.
[controller_server-1] [INFO] [1783274315.489229343] [controller_server]: Passing new path to controller.
[controller_server-1] [INFO] [1783274316.539206289] [controller_server]: Passing new path to controller.
[controller_server-1] [INFO] [1783274317.039205030] [controller_server]: Goal was canceled. Stopping the robot.
[controller_server-1] [INFO] [1783274317.039246353] [controller_server]: [follow_path] [ActionServer] Client requested to cancel the goal. Cancelling.
[bt_navigator-4] [INFO] [1783274317.039406727] [bt_navigator]: [navigate_to_pose] [ActionServer] Client requested to cancel the goal. Cancelling.
[bt_navigator-4] [INFO] [1783274317.040059417] [bt_navigator]: Goal canceled
[bt_navigator-4] [INFO] [1783274322.947589009] [bt_navigator]: Begin navigating from current location (3.28, 4.17) to (3.77, 4.03)
[controller_server-1] [INFO] [1783274322.968720651] [controller_server]: Received a goal, begin computing control effort.
[controller_server-1] [INFO] [1783274324.018897083] [controller_server]: Passing new path to controller.
[controller_server-1] [INFO] [1783274325.068907809] [controller_server]: Passing new path to controller.
[controller_server-1] [INFO] [1783274326.068915366] [controller_server]: Passing new path to controller.
[controller_server-1] [INFO] [1783274327.118891295] [controller_server]: Passing new path to controller.
[controller_server-1] [INFO] [1783274328.168916857] [controller_server]: Passing new path to controller.
[controller_server-1] [INFO] [1783274329.168902483] [controller_server]: Passing new path to controller.
[controller_server-1] [ERROR] [1783274329.271681046] [transformPoseInTargetFrame]: Extrapolation Error looking up target frame: Lookup would require extrapolation into the future.  Requested time 1116.096000 but the latest data is at time 1116.042000, when looking up transform from frame [map] to frame [leo1/base_link]
[controller_server-1] 
[controller_server-1] [WARN] [1783274329.272046350] [controller_server]: Control loop missed its desired rate of 20.0000Hz
[controller_server-1] [INFO] [1783274330.181015347] [controller_server]: Passing new path to controller.
[controller_server-1] [INFO] [1783274331.238087255] [controller_server]: Passing new path to controller.
[controller_server-1] [INFO] [1783274332.245442832] [controller_server]: Passing new path to controller.
[controller_server-1] [INFO] [1783274333.303395148] [controller_server]: Passing new path to controller.
[controller_server-1] [INFO] [1783274334.310519800] [controller_server]: Passing new path to controller.
[controller_server-1] [INFO] [1783274335.367047980] [controller_server]: Passing new path to controller.
[controller_server-1] [INFO] [1783274336.372130130] [controller_server]: Passing new path to controller.
[controller_server-1] [INFO] [1783274337.422140756] [controller_server]: Passing new path to controller.
[controller_server-1] [INFO] [1783274338.422140095] [controller_server]: Passing new path to controller.
[controller_server-1] [INFO] [1783274339.472123877] [controller_server]: Passing new path to controller.
[controller_server-1] [INFO] [1783274340.472127019] [controller_server]: Passing new path to controller.
[controller_server-1] [INFO] [1783274341.522136491] [controller_server]: Passing new path to controller.
[controller_server-1] [INFO] [1783274342.572133856] [controller_server]: Passing new path to controller.
[controller_server-1] [INFO] [1783274343.581411640] [controller_server]: Passing new path to controller.
[controller_server-1] [INFO] [1783274344.581378887] [controller_server]: Passing new path to controller.
[controller_server-1] [INFO] [1783274345.631369591] [controller_server]: Passing new path to controller.
[controller_server-1] [INFO] [1783274346.681372658] [controller_server]: Passing new path to controller.
[controller_server-1] [INFO] [1783274347.681368280] [controller_server]: Passing new path to controller.
[controller_server-1] [INFO] [1783274348.731371660] [controller_server]: Passing new path to controller.
[controller_server-1] [INFO] [1783274349.731375099] [controller_server]: Passing new path to controller.
[controller_server-1] [INFO] [1783274350.781362774] [controller_server]: Passing new path to controller.
[controller_server-1] [INFO] [1783274351.781376698] [controller_server]: Passing new path to controller.
[controller_server-1] [INFO] [1783274352.831400216] [controller_server]: Passing new path to controller.
[controller_server-1] [INFO] [1783274353.881359814] [controller_server]: Passing new path to controller.
[controller_server-1] [INFO] [1783274354.881365830] [controller_server]: Passing new path to controller.
[controller_server-1] [INFO] [1783274355.931383462] [controller_server]: Passing new path to controller.
[controller_server-1] [INFO] [1783274356.931371734] [controller_server]: Passing new path to controller.
[controller_server-1] [INFO] [1783274357.981372520] [controller_server]: Passing new path to controller.
[controller_server-1] [INFO] [1783274359.031383505] [controller_server]: Passing new path to controller.
[controller_server-1] [ERROR] [1783274359.781687009] [controller_server]: Failed to make progress
[controller_server-1] [WARN] [1783274359.781777732] [controller_server]: [follow_path] [ActionServer] Aborting handle.
[controller_server-1] [INFO] [1783274359.797133152] [local_costmap.local_costmap]: Received request to clear entirely the local_costmap
[controller_server-1] [INFO] [1783274359.798499505] [controller_server]: Received a goal, begin computing control effort.
[controller_server-1] [WARN] [1783274359.868972195] [controller_server]: Control loop missed its desired rate of 20.0000Hz
[controller_server-1] [INFO] [1783274360.048690977] [controller_server]: Passing new path to controller.
[controller_server-1] [INFO] [1783274361.048691050] [controller_server]: Passing new path to controller.
[controller_server-1] [INFO] [1783274362.098682233] [controller_server]: Passing new path to controller.
[controller_server-1] [INFO] [1783274363.098701699] [controller_server]: Passing new path to controller.
[controller_server-1] [INFO] [1783274364.148710385] [controller_server]: Passing new path to controller.
[controller_server-1] [INFO] [1783274365.198708331] [controller_server]: Passing new path to controller.
[controller_server-1] [INFO] [1783274365.480824088] [local_costmap.local_costmap]: Received request to clear entirely the local_costmap
[planner_server-2] [INFO] [1783274365.480933287] [global_costmap.global_costmap]: Received request to clear entirely the global_costmap
[controller_server-1] [WARN] [1783274365.668947372] [controller_server]: Control loop missed its desired rate of 20.0000Hz
[controller_server-1] [INFO] [1783274366.222219570] [controller_server]: Passing new path to controller.
[controller_server-1] [INFO] [1783274367.227486598] [controller_server]: Passing new path to controller.
[controller_server-1] [INFO] [1783274368.283610591] [controller_server]: Passing new path to controller.
[controller_server-1] [INFO] [1783274369.289596030] [controller_server]: Passing new path to controller.
[controller_server-1] [INFO] [1783274370.346558268] [controller_server]: Passing new path to controller.
[controller_server-1] [INFO] [1783274371.352057872] [controller_server]: Passing new path to controller.
[controller_server-1] [INFO] [1783274372.408513496] [controller_server]: Passing new path to controller.
[controller_server-1] [INFO] [1783274373.422023192] [controller_server]: Passing new path to controller.
[controller_server-1] [INFO] [1783274374.426617003] [controller_server]: Passing new path to controller.
[controller_server-1] [ERROR] [1783274375.076659591] [controller_server]: Failed to make progress
[controller_server-1] [WARN] [1783274375.076807230] [controller_server]: [follow_path] [ActionServer] Aborting handle.
[behavior_server-3] [INFO] [1783274375.095065030] [behavior_server]: Running wait
[behavior_server-3] [INFO] [1783274380.195352879] [behavior_server]: wait completed successfully
[controller_server-1] [INFO] [1783274380.245387382] [controller_server]: Received a goal, begin computing control effort.
[controller_server-1] [INFO] [1783274381.295576193] [controller_server]: Passing new path to controller.
[controller_server-1] [INFO] [1783274382.345557779] [controller_server]: Passing new path to controller.
[controller_server-1] [INFO] [1783274383.345543437] [controller_server]: Passing new path to controller.
[controller_server-1] [INFO] [1783274384.395539050] [controller_server]: Passing new path to controller.
[controller_server-1] [INFO] [1783274385.445543216] [controller_server]: Passing new path to controller.
[controller_server-1] [INFO] [1783274386.445546261] [controller_server]: Passing new path to controller.
[controller_server-1] [INFO] [1783274387.495570164] [controller_server]: Passing new path to controller.
[controller_server-1] [INFO] [1783274388.495555802] [controller_server]: Passing new path to controller.
[controller_server-1] [INFO] [1783274389.545547202] [controller_server]: Passing new path to controller.
[controller_server-1] [INFO] [1783274390.545533257] [controller_server]: Passing new path to controller.
[controller_server-1] [INFO] [1783274391.595562200] [controller_server]: Passing new path to controller.
[controller_server-1] [INFO] [1783274392.645558749] [controller_server]: Passing new path to controller.
[controller_server-1] [INFO] [1783274393.645538267] [controller_server]: Passing new path to controller.
[controller_server-1] [INFO] [1783274394.695547224] [controller_server]: Passing new path to controller.
[controller_server-1] [ERROR] [1783274395.395589618] [controller_server]: Failed to make progress
[controller_server-1] [WARN] [1783274395.395680100] [controller_server]: [follow_path] [ActionServer] Aborting handle.
[controller_server-1] [INFO] [1783274395.414740762] [local_costmap.local_costmap]: Received request to clear entirely the local_costmap
[controller_server-1] [INFO] [1783274395.416363915] [controller_server]: Received a goal, begin computing control effort.
[controller_server-1] [WARN] [1783274395.476688999] [controller_server]: Control loop missed its desired rate of 20.0000Hz
[controller_server-1] [INFO] [1783274395.716553867] [controller_server]: Passing new path to controller.
[controller_server-1] [INFO] [1783274396.766551081] [controller_server]: Passing new path to controller.
[controller_server-1] [INFO] [1783274397.766594696] [controller_server]: Passing new path to controller.
[controller_server-1] [INFO] [1783274398.816550847] [controller_server]: Passing new path to controller.
[controller_server-1] [INFO] [1783274399.816572183] [controller_server]: Passing new path to controller.
[controller_server-1] [INFO] [1783274400.866571508] [controller_server]: Passing new path to controller.
[bt_navigator-4] [ERROR] [1783274401.845516352] [bt_navigator_navigate_to_pose_rclcpp_node]: Failed to get result for follow_path in node halt!
[bt_navigator-4] [INFO] [1783274401.845636451] [bt_navigator]: [navigate_to_pose] [ActionServer] Client requested to cancel the goal. Cancelling.
[bt_navigator-4] [INFO] [1783274401.846084823] [bt_navigator]: Goal canceled
[controller_server-1] [INFO] [1783274401.866540661] [controller_server]: Goal was canceled. Stopping the robot.
[controller_server-1] [INFO] [1783274401.866587539] [controller_server]: [follow_path] [ActionServer] Client requested to cancel the goal. Cancelling.
[controller_server-1] [INFO] [1783274403.835328847] [local_costmap.local_costmap]: Received request to clear entirely the local_costmap
[planner_server-2] [INFO] [1783274403.835396845] [global_costmap.global_costmap]: Received request to clear entirely the global_costmap
[bt_navigator-4] [INFO] [1783274407.632144724] [bt_navigator]: Begin navigating from current location (3.53, 4.12) to (5.36, -1.17)
[controller_server-1] [INFO] [1783274407.653553751] [controller_server]: Received a goal, begin computing control effort.
[controller_server-1] [INFO] [1783274408.703736040] [controller_server]: Passing new path to controller.
[controller_server-1] [ERROR] [1783274408.805639824] [transformPoseInTargetFrame]: Extrapolation Error looking up target frame: Lookup would require extrapolation into the future.  Requested time 1194.862000 but the latest data is at time 1194.822000, when looking up transform from frame [map] to frame [leo1/base_link]
[controller_server-1] 
[controller_server-1] [WARN] [1783274408.806529280] [controller_server]: Control loop missed its desired rate of 20.0000Hz
[controller_server-1] [INFO] [1783274409.726734503] [controller_server]: Passing new path to controller.
[controller_server-1] [ERROR] [1783274409.829071768] [transformPoseInTargetFrame]: Extrapolation Error looking up target frame: Lookup would require extrapolation into the future.  Requested time 1195.870000 but the latest data is at time 1195.822000, when looking up transform from frame [map] to frame [leo1/base_link]
[controller_server-1] 
[controller_server-1] [WARN] [1783274409.829954329] [controller_server]: Control loop missed its desired rate of 20.0000Hz
[controller_server-1] [INFO] [1783274410.756646341] [controller_server]: Passing new path to controller.
[controller_server-1] [WARN] [1783274410.849023591] [controller_server]: Control loop missed its desired rate of 20.0000Hz
[controller_server-1] [INFO] [1783274411.806605088] [controller_server]: Passing new path to controller.
[controller_server-1] [INFO] [1783274412.806614080] [controller_server]: Passing new path to controller.
[controller_server-1] [WARN] [1783274412.879157843] [controller_server]: Control loop missed its desired rate of 20.0000Hz
[controller_server-1] [INFO] [1783274413.856654772] [controller_server]: Passing new path to controller.
[controller_server-1] [INFO] [1783274414.906616432] [controller_server]: Passing new path to controller.
[controller_server-1] [INFO] [1783274415.906612069] [controller_server]: Passing new path to controller.
[controller_server-1] [INFO] [1783274416.956615541] [controller_server]: Passing new path to controller.
[controller_server-1] [INFO] [1783274417.956612777] [controller_server]: Passing new path to controller.
[controller_server-1] [INFO] [1783274419.006642452] [controller_server]: Passing new path to controller.
[controller_server-1] [INFO] [1783274420.056609898] [controller_server]: Passing new path to controller.
[controller_server-1] [ERROR] [1783274420.158361921] [transformPoseInTargetFrame]: Extrapolation Error looking up target frame: Lookup would require extrapolation into the future.  Requested time 1206.051000 but the latest data is at time 1206.022000, when looking up transform from frame [map] to frame [leo1/base_link]
[controller_server-1] 
[controller_server-1] [WARN] [1783274420.158866924] [controller_server]: Control loop missed its desired rate of 20.0000Hz
[controller_server-1] [INFO] [1783274421.072318140] [controller_server]: Passing new path to controller.
[controller_server-1] [ERROR] [1783274421.174349993] [transformPoseInTargetFrame]: Extrapolation Error looking up target frame: Lookup would require extrapolation into the future.  Requested time 1207.053000 but the latest data is at time 1207.022000, when looking up transform from frame [map] to frame [leo1/base_link]
[controller_server-1] 
[controller_server-1] [WARN] [1783274421.174828650] [controller_server]: Control loop missed its desired rate of 20.0000Hz
[controller_server-1] [INFO] [1783274422.108940019] [controller_server]: Passing new path to controller.
[controller_server-1] [ERROR] [1783274422.211023133] [transformPoseInTargetFrame]: Extrapolation Error looking up target frame: Lookup would require extrapolation into the future.  Requested time 1208.064000 but the latest data is at time 1208.042000, when looking up transform from frame [map] to frame [leo1/base_link]
[controller_server-1] 
[controller_server-1] [WARN] [1783274422.211598454] [controller_server]: Control loop missed its desired rate of 20.0000Hz
[planner_server-2] [INFO] [1783274422.792744932] [global_costmap.global_costmap]: StaticLayer: Resizing costmap to 281 X 280 at 0.050000 m/pix
[controller_server-1] [INFO] [1783274423.122801866] [controller_server]: Passing new path to controller.
[controller_server-1] [WARN] [1783274423.226983437] [controller_server]: Control loop missed its desired rate of 20.0000Hz
[planner_server-2] [INFO] [1783274423.792791979] [global_costmap.global_costmap]: StaticLayer: Resizing costmap to 281 X 280 at 0.050000 m/pix
[controller_server-1] [INFO] [1783274424.161706954] [controller_server]: Passing new path to controller.
[controller_server-1] [ERROR] [1783274424.263588627] [transformPoseInTargetFrame]: Extrapolation Error looking up target frame: Lookup would require extrapolation into the future.  Requested time 1210.061000 but the latest data is at time 1210.042000, when looking up transform from frame [map] to frame [leo1/base_link]
[controller_server-1] 
[controller_server-1] [WARN] [1783274424.263957863] [controller_server]: Control loop missed its desired rate of 20.0000Hz
[planner_server-2] [INFO] [1783274424.792752885] [global_costmap.global_costmap]: StaticLayer: Resizing costmap to 281 X 280 at 0.050000 m/pix
[controller_server-1] [INFO] [1783274425.172479560] [controller_server]: Passing new path to controller.
[controller_server-1] [ERROR] [1783274425.274213980] [transformPoseInTargetFrame]: Extrapolation Error looking up target frame: Lookup would require extrapolation into the future.  Requested time 1211.051000 but the latest data is at time 1211.022000, when looking up transform from frame [map] to frame [leo1/base_link]
[controller_server-1] 
[controller_server-1] [WARN] [1783274425.274573139] [controller_server]: Control loop missed its desired rate of 20.0000Hz
[planner_server-2] [INFO] [1783274425.792777312] [global_costmap.global_costmap]: StaticLayer: Resizing costmap to 281 X 280 at 0.050000 m/pix
[controller_server-1] [INFO] [1783274426.214035562] [controller_server]: Passing new path to controller.
[controller_server-1] [WARN] [1783274426.306210754] [controller_server]: Control loop missed its desired rate of 20.0000Hz
[controller_server-1] [INFO] [1783274427.214070453] [controller_server]: Passing new path to controller.
[controller_server-1] [ERROR] [1783274427.315802376] [transformPoseInTargetFrame]: Extrapolation Error looking up target frame: Lookup would require extrapolation into the future.  Requested time 1213.049000 but the latest data is at time 1213.022000, when looking up transform from frame [map] to frame [leo1/base_link]
[controller_server-1] 
[controller_server-1] [WARN] [1783274427.316191277] [controller_server]: Control loop missed its desired rate of 20.0000Hz
[controller_server-1] [INFO] [1783274428.277482049] [controller_server]: Passing new path to controller.
[controller_server-1] [INFO] [1783274429.316272577] [controller_server]: Passing new path to controller.
[controller_server-1] [WARN] [1783274429.369316003] [controller_server]: Control loop missed its desired rate of 20.0000Hz
[controller_server-1] [INFO] [1783274430.316278729] [controller_server]: Passing new path to controller.
[controller_server-1] [WARN] [1783274430.397996029] [controller_server]: Control loop missed its desired rate of 20.0000Hz
[controller_server-1] [INFO] [1783274431.366311353] [controller_server]: Passing new path to controller.
[controller_server-1] [INFO] [1783274432.366300360] [controller_server]: Passing new path to controller.
[controller_server-1] [INFO] [1783274433.424110906] [controller_server]: Passing new path to controller.
[controller_server-1] [INFO] [1783274434.424120156] [controller_server]: Passing new path to controller.
[controller_server-1] [INFO] [1783274435.474122845] [controller_server]: Passing new path to controller.
[controller_server-1] [INFO] [1783274436.524107074] [controller_server]: Passing new path to controller.
[controller_server-1] [INFO] [1783274437.524107658] [controller_server]: Passing new path to controller.
[controller_server-1] [INFO] [1783274438.574116922] [controller_server]: Passing new path to controller.
[controller_server-1] [INFO] [1783274439.574116564] [controller_server]: Passing new path to controller.
[controller_server-1] [INFO] [1783274440.624113461] [controller_server]: Passing new path to controller.
[controller_server-1] [INFO] [1783274441.674116268] [controller_server]: Passing new path to controller.
[controller_server-1] [INFO] [1783274442.674133258] [controller_server]: Passing new path to controller.
[controller_server-1] [INFO] [1783274443.724115478] [controller_server]: Passing new path to controller.
[controller_server-1] [INFO] [1783274444.724114040] [controller_server]: Passing new path to controller.
[controller_server-1] [INFO] [1783274445.774106404] [controller_server]: Passing new path to controller.
[controller_server-1] [ERROR] [1783274445.774784526] [controller_server]: Failed to make progress
[controller_server-1] [WARN] [1783274445.774842881] [controller_server]: [follow_path] [ActionServer] Aborting handle.
[controller_server-1] [INFO] [1783274445.800252394] [local_costmap.local_costmap]: Received request to clear entirely the local_costmap
[controller_server-1] [INFO] [1783274445.801196657] [controller_server]: Received a goal, begin computing control effort.
[controller_server-1] [WARN] [1783274445.891487372] [controller_server]: Control loop missed its desired rate of 20.0000Hz
[controller_server-1] [INFO] [1783274446.801319344] [controller_server]: Passing new path to controller.
[controller_server-1] [INFO] [1783274447.851323362] [controller_server]: Passing new path to controller.
[controller_server-1] [INFO] [1783274448.851359908] [controller_server]: Passing new path to controller.
[controller_server-1] [INFO] [1783274449.901362569] [controller_server]: Passing new path to controller.
[controller_server-1] [INFO] [1783274450.901340608] [controller_server]: Passing new path to controller.
[controller_server-1] [INFO] [1783274451.951331342] [controller_server]: Passing new path to controller.
[controller_server-1] [INFO] [1783274453.001323501] [controller_server]: Passing new path to controller.
[controller_server-1] [INFO] [1783274454.001352289] [controller_server]: Passing new path to controller.
[controller_server-1] [INFO] [1783274455.051335713] [controller_server]: Passing new path to controller.
[controller_server-1] [INFO] [1783274456.051336575] [controller_server]: Passing new path to controller.
[controller_server-1] [INFO] [1783274457.101327145] [controller_server]: Passing new path to controller.
[controller_server-1] [INFO] [1783274458.101325930] [controller_server]: Passing new path to controller.
[controller_server-1] [INFO] [1783274459.151321249] [controller_server]: Passing new path to controller.
[controller_server-1] [INFO] [1783274460.201331059] [controller_server]: Passing new path to controller.
[controller_server-1] [ERROR] [1783274461.001379782] [controller_server]: Failed to make progress
[controller_server-1] [WARN] [1783274461.001549254] [controller_server]: [follow_path] [ActionServer] Aborting handle.
[behavior_server-3] [INFO] [1783274461.020538894] [behavior_server]: Running backup
[controller_server-1] [INFO] [1783274466.602033377] [local_costmap.local_costmap]: Received request to clear entirely the local_costmap
[planner_server-2] [INFO] [1783274466.602241432] [global_costmap.global_costmap]: Received request to clear entirely the global_costmap
[behavior_server-3] [INFO] [1783274467.129000398] [behavior_server]: backup completed successfully
[controller_server-1] [INFO] [1783274467.179181345] [controller_server]: Received a goal, begin computing control effort.
[controller_server-1] [INFO] [1783274468.229365276] [controller_server]: Passing new path to controller.
[controller_server-1] [INFO] [1783274469.279360209] [controller_server]: Passing new path to controller.
[controller_server-1] [INFO] [1783274470.279354659] [controller_server]: Passing new path to controller.
[controller_server-1] [INFO] [1783274471.329349545] [controller_server]: Passing new path to controller.
[controller_server-1] [INFO] [1783274472.329336959] [controller_server]: Passing new path to controller.
[controller_server-1] [INFO] [1783274473.379362232] [controller_server]: Passing new path to controller.
[controller_server-1] [INFO] [1783274474.429331843] [controller_server]: Passing new path to controller.
[controller_server-1] [INFO] [1783274475.429329779] [controller_server]: Passing new path to controller.
[controller_server-1] [INFO] [1783274476.479350112] [controller_server]: Passing new path to controller.
[controller_server-1] [INFO] [1783274477.479338629] [controller_server]: Passing new path to controller.
[controller_server-1] [INFO] [1783274478.529341323] [controller_server]: Passing new path to controller.
[controller_server-1] [INFO] [1783274479.579353858] [controller_server]: Passing new path to controller.
[controller_server-1] [INFO] [1783274480.579348756] [controller_server]: Passing new path to controller.
[controller_server-1] [INFO] [1783274481.629342440] [controller_server]: Passing new path to controller.
[controller_server-1] [ERROR] [1783274482.329398396] [controller_server]: Failed to make progress
[controller_server-1] [WARN] [1783274482.329561392] [controller_server]: [follow_path] [ActionServer] Aborting handle.
[controller_server-1] [INFO] [1783274482.348458327] [local_costmap.local_costmap]: Received request to clear entirely the local_costmap
[controller_server-1] [INFO] [1783274482.349520478] [controller_server]: Received a goal, begin computing control effort.
[controller_server-1] [WARN] [1783274482.499809878] [controller_server]: Control loop missed its desired rate of 20.0000Hz
[controller_server-1] [INFO] [1783274482.650493876] [controller_server]: Passing new path to controller.
[controller_server-1] [INFO] [1783274483.706621792] [controller_server]: Passing new path to controller.
[controller_server-1] [INFO] [1783274484.712441767] [controller_server]: Passing new path to controller.
[controller_server-1] [INFO] [1783274485.769499683] [controller_server]: Passing new path to controller.
[controller_server-1] [INFO] [1783274486.775495789] [controller_server]: Passing new path to controller.
[controller_server-1] [INFO] [1783274487.781311454] [controller_server]: Passing new path to controller.
[controller_server-1] [INFO] [1783274488.837620627] [controller_server]: Passing new path to controller.
[controller_server-1] [INFO] [1783274489.847249897] [controller_server]: Passing new path to controller.
[controller_server-1] [INFO] [1783274490.899912687] [controller_server]: Passing new path to controller.
[controller_server-1] [INFO] [1783274491.899929246] [controller_server]: Passing new path to controller.
[controller_server-1] [INFO] [1783274492.949893482] [controller_server]: Passing new path to controller.
[controller_server-1] [INFO] [1783274493.957878580] [controller_server]: Passing new path to controller.
[controller_server-1] [INFO] [1783274495.007933319] [controller_server]: Passing new path to controller.
[controller_server-1] [INFO] [1783274496.057939603] [controller_server]: Passing new path to controller.
[controller_server-1] [INFO] [1783274497.057928784] [controller_server]: Passing new path to controller.
[controller_server-1] [ERROR] [1783274497.657980324] [controller_server]: Failed to make progress
[controller_server-1] [WARN] [1783274497.658103469] [controller_server]: [follow_path] [ActionServer] Aborting handle.
[controller_server-1] [INFO] [1783274497.676468352] [local_costmap.local_costmap]: Received request to clear entirely the local_costmap
[planner_server-2] [INFO] [1783274497.676955258] [global_costmap.global_costmap]: Received request to clear entirely the global_costmap
[controller_server-1] [INFO] [1783274497.847884266] [controller_server]: Received a goal, begin computing control effort.
[controller_server-1] [INFO] [1783274498.898053400] [controller_server]: Passing new path to controller.
[controller_server-1] [INFO] [1783274499.948071956] [controller_server]: Passing new path to controller.
[controller_server-1] [INFO] [1783274500.948063823] [controller_server]: Passing new path to controller.
[controller_server-1] [INFO] [1783274501.998065243] [controller_server]: Passing new path to controller.
[controller_server-1] [INFO] [1783274502.898053271] [controller_server]: Goal was canceled. Stopping the robot.
[controller_server-1] [INFO] [1783274502.898101486] [controller_server]: [follow_path] [ActionServer] Client requested to cancel the goal. Cancelling.
[bt_navigator-4] [INFO] [1783274502.898659108] [bt_navigator]: [navigate_to_pose] [ActionServer] Client requested to cancel the goal. Cancelling.
[bt_navigator-4] [INFO] [1783274502.899222249] [bt_navigator]: Goal canceled
[controller_server-1] [INFO] [1783274504.899275568] [local_costmap.local_costmap]: Received request to clear entirely the local_costmap
[planner_server-2] [INFO] [1783274504.899357041] [global_costmap.global_costmap]: Received request to clear entirely the global_costmap
[bt_navigator-4] [INFO] [1783274508.524965992] [bt_navigator]: Begin navigating from current location (5.50, -0.97) to (4.35, -2.09)
[controller_server-1] [INFO] [1783274508.546147069] [controller_server]: Received a goal, begin computing control effort.
[controller_server-1] [WARN] [1783274508.647486612] [controller_server]: Control loop missed its desired rate of 20.0000Hz
[controller_server-1] [ERROR] [1783274508.819075573] [transformPoseInTargetFrame]: Extrapolation Error looking up target frame: Lookup would require extrapolation into the future.  Requested time 1293.836000 but the latest data is at time 1293.822000, when looking up transform from frame [map] to frame [leo1/base_link]
[controller_server-1] 
[controller_server-1] [WARN] [1783274508.819394455] [controller_server]: Control loop missed its desired rate of 20.0000Hz
[controller_server-1] [INFO] [1783274509.597595239] [controller_server]: Passing new path to controller.
[controller_server-1] [WARN] [1783274509.669372962] [controller_server]: Control loop missed its desired rate of 20.0000Hz
[controller_server-1] [ERROR] [1783274509.848646444] [transformPoseInTargetFrame]: Extrapolation Error looking up target frame: Lookup would require extrapolation into the future.  Requested time 1294.856000 but the latest data is at time 1294.822000, when looking up transform from frame [map] to frame [leo1/base_link]
[controller_server-1] 
[controller_server-1] [WARN] [1783274509.848958883] [controller_server]: Control loop missed its desired rate of 20.0000Hz
[controller_server-1] [INFO] [1783274510.656603000] [controller_server]: Passing new path to controller.
[controller_server-1] [ERROR] [1783274510.828944495] [transformPoseInTargetFrame]: Extrapolation Error looking up target frame: Lookup would require extrapolation into the future.  Requested time 1295.833000 but the latest data is at time 1295.822000, when looking up transform from frame [map] to frame [leo1/base_link]
[controller_server-1] 
[controller_server-1] [WARN] [1783274510.829552869] [controller_server]: Control loop missed its desired rate of 20.0000Hz
[controller_server-1] [INFO] [1783274511.649156625] [controller_server]: Passing new path to controller.
[controller_server-1] [INFO] [1783274512.699037336] [controller_server]: Passing new path to controller.
[controller_server-1] [INFO] [1783274513.699039430] [controller_server]: Passing new path to controller.
[controller_server-1] [INFO] [1783274514.749049300] [controller_server]: Passing new path to controller.
[controller_server-1] [INFO] [1783274515.799055417] [controller_server]: Passing new path to controller.
[controller_server-1] [ERROR] [1783274515.900871055] [transformPoseInTargetFrame]: Extrapolation Error looking up target frame: Lookup would require extrapolation into the future.  Requested time 1300.836000 but the latest data is at time 1300.822000, when looking up transform from frame [map] to frame [leo1/base_link]
[controller_server-1] 
[controller_server-1] [WARN] [1783274515.902842532] [controller_server]: Control loop missed its desired rate of 20.0000Hz
[controller_server-1] [INFO] [1783274516.808349704] [controller_server]: Passing new path to controller.
[controller_server-1] [ERROR] [1783274516.910043758] [transformPoseInTargetFrame]: Extrapolation Error looking up target frame: Lookup would require extrapolation into the future.  Requested time 1301.830000 but the latest data is at time 1301.822000, when looking up transform from frame [map] to frame [leo1/base_link]
[controller_server-1] 
[controller_server-1] [WARN] [1783274516.910280184] [controller_server]: Control loop missed its desired rate of 20.0000Hz
[controller_server-1] [INFO] [1783274517.852926566] [controller_server]: Passing new path to controller.
[controller_server-1] [INFO] [1783274518.852934098] [controller_server]: Passing new path to controller.
[controller_server-1] [INFO] [1783274519.902968159] [controller_server]: Passing new path to controller.
[controller_server-1] [INFO] [1783274520.952950078] [controller_server]: Passing new path to controller.
[controller_server-1] [INFO] [1783274521.952928851] [controller_server]: Passing new path to controller.
[controller_server-1] [INFO] [1783274523.002964733] [controller_server]: Passing new path to controller.
[controller_server-1] [INFO] [1783274524.009901311] [controller_server]: Passing new path to controller.
[controller_server-1] [INFO] [1783274525.059857552] [controller_server]: Passing new path to controller.
[controller_server-1] [INFO] [1783274526.059859741] [controller_server]: Passing new path to controller.
[controller_server-1] [INFO] [1783274527.109872625] [controller_server]: Passing new path to controller.
[controller_server-1] [INFO] [1783274528.159859131] [controller_server]: Passing new path to controller.
[controller_server-1] [INFO] [1783274528.710025188] [controller_server]: Reached the goal!
[bt_navigator-4] [INFO] [1783274528.742559477] [bt_navigator]: Goal succeeded
[bt_navigator-4] [INFO] [1783274532.956425737] [bt_navigator]: Begin navigating from current location (4.47, -1.87) to (5.05, -3.99)
[controller_server-1] [INFO] [1783274532.977686949] [controller_server]: Received a goal, begin computing control effort.
[controller_server-1] [ERROR] [1783274533.078865943] [transformPoseInTargetFrame]: Extrapolation Error looking up target frame: Lookup would require extrapolation into the future.  Requested time 1317.855000 but the latest data is at time 1317.822000, when looking up transform from frame [map] to frame [leo1/base_link]
[controller_server-1] 
[controller_server-1] [WARN] [1783274533.079294768] [controller_server]: Control loop missed its desired rate of 20.0000Hz
[controller_server-1] [INFO] [1783274534.039524887] [controller_server]: Passing new path to controller.
[controller_server-1] [ERROR] [1783274534.280436078] [transformPoseInTargetFrame]: Extrapolation Error looking up target frame: Lookup would require extrapolation into the future.  Requested time 1319.050000 but the latest data is at time 1319.022000, when looking up transform from frame [map] to frame [leo1/base_link]
[controller_server-1] 
[controller_server-1] [WARN] [1783274534.280808790] [controller_server]: Control loop missed its desired rate of 20.0000Hz
[controller_server-1] [INFO] [1783274535.038875061] [controller_server]: Passing new path to controller.
[controller_server-1] [ERROR] [1783274535.282026927] [transformPoseInTargetFrame]: Extrapolation Error looking up target frame: Lookup would require extrapolation into the future.  Requested time 1320.042000 but the latest data is at time 1320.022000, when looking up transform from frame [map] to frame [leo1/base_link]
[controller_server-1] 
[controller_server-1] [WARN] [1783274535.282403169] [controller_server]: Control loop missed its desired rate of 20.0000Hz
[controller_server-1] [INFO] [1783274536.090004440] [controller_server]: Passing new path to controller.
[controller_server-1] [WARN] [1783274536.312522409] [controller_server]: Control loop missed its desired rate of 20.0000Hz
[controller_server-1] [WARN] [1783274536.333777864] [controller_server]: Control loop missed its desired rate of 20.0000Hz
[controller_server-1] [ERROR] [1783274536.483624910] [transformPoseInTargetFrame]: Extrapolation Error looking up target frame: Lookup would require extrapolation into the future.  Requested time 1321.234000 but the latest data is at time 1321.222000, when looking up transform from frame [map] to frame [leo1/base_link]
[controller_server-1] 
[controller_server-1] [WARN] [1783274536.484403664] [controller_server]: Control loop missed its desired rate of 20.0000Hz
[controller_server-1] [INFO] [1783274537.141005707] [controller_server]: Passing new path to controller.
[controller_server-1] [WARN] [1783274537.313261271] [controller_server]: Control loop missed its desired rate of 20.0000Hz
[controller_server-1] [ERROR] [1783274537.485580414] [transformPoseInTargetFrame]: Extrapolation Error looking up target frame: Lookup would require extrapolation into the future.  Requested time 1322.229000 but the latest data is at time 1322.222000, when looking up transform from frame [map] to frame [leo1/base_link]
[controller_server-1] 
[controller_server-1] [WARN] [1783274537.486008289] [controller_server]: Control loop missed its desired rate of 20.0000Hz
[controller_server-1] [INFO] [1783274538.142655449] [controller_server]: Passing new path to controller.
[controller_server-1] [WARN] [1783274538.314927859] [controller_server]: Control loop missed its desired rate of 20.0000Hz
[controller_server-1] [WARN] [1783274538.527129547] [controller_server]: Control loop missed its desired rate of 20.0000Hz
[controller_server-1] [WARN] [1783274538.548443237] [controller_server]: Control loop missed its desired rate of 20.0000Hz
[controller_server-1] [WARN] [1783274538.727328275] [controller_server]: Control loop missed its desired rate of 20.0000Hz
[controller_server-1] [WARN] [1783274538.748484098] [controller_server]: Control loop missed its desired rate of 20.0000Hz
[controller_server-1] [WARN] [1783274538.927277997] [controller_server]: Control loop missed its desired rate of 20.0000Hz
[controller_server-1] [WARN] [1783274538.938296134] [controller_server]: Control loop missed its desired rate of 20.0000Hz
[controller_server-1] [WARN] [1783274539.127190732] [controller_server]: Control loop missed its desired rate of 20.0000Hz
[controller_server-1] [WARN] [1783274539.138393068] [controller_server]: Control loop missed its desired rate of 20.0000Hz
[controller_server-1] [INFO] [1783274539.186125792] [controller_server]: Passing new path to controller.
[controller_server-1] [WARN] [1783274539.327270220] [controller_server]: Control loop missed its desired rate of 20.0000Hz
[controller_server-1] [WARN] [1783274539.338444922] [controller_server]: Control loop missed its desired rate of 20.0000Hz
[controller_server-1] [WARN] [1783274539.527258837] [controller_server]: Control loop missed its desired rate of 20.0000Hz
[controller_server-1] [WARN] [1783274539.539262324] [controller_server]: Control loop missed its desired rate of 20.0000Hz
[controller_server-1] [ERROR] [1783274539.737404893] [transformPoseInTargetFrame]: Extrapolation Error looking up target frame: Lookup would require extrapolation into the future.  Requested time 1324.464000 but the latest data is at time 1324.422000, when looking up transform from frame [map] to frame [leo1/base_link]
[controller_server-1] 
[controller_server-1] [WARN] [1783274539.737820170] [controller_server]: Control loop missed its desired rate of 20.0000Hz
[controller_server-1] [INFO] [1783274540.193905202] [controller_server]: Passing new path to controller.
[controller_server-1] [WARN] [1783274540.539036645] [controller_server]: Control loop missed its desired rate of 20.0000Hz
[controller_server-1] [ERROR] [1783274540.711764056] [transformPoseInTargetFrame]: Extrapolation Error looking up target frame: Lookup would require extrapolation into the future.  Requested time 1325.433000 but the latest data is at time 1325.422000, when looking up transform from frame [map] to frame [leo1/base_link]
[controller_server-1] 
[controller_server-1] [WARN] [1783274540.712507851] [controller_server]: Control loop missed its desired rate of 20.0000Hz
[controller_server-1] [INFO] [1783274541.239130945] [controller_server]: Passing new path to controller.
[controller_server-1] [WARN] [1783274541.341306064] [controller_server]: Control loop missed its desired rate of 20.0000Hz
[controller_server-1] [ERROR] [1783274541.515418028] [transformPoseInTargetFrame]: Extrapolation Error looking up target frame: Lookup would require extrapolation into the future.  Requested time 1326.233000 but the latest data is at time 1326.222000, when looking up transform from frame [map] to frame [leo1/base_link]
[controller_server-1] 
[controller_server-1] [WARN] [1783274541.515829886] [controller_server]: Control loop missed its desired rate of 20.0000Hz
[controller_server-1] [INFO] [1783274542.291384917] [controller_server]: Passing new path to controller.
[controller_server-1] [WARN] [1783274542.342708942] [controller_server]: Control loop missed its desired rate of 20.0000Hz
[controller_server-1] [ERROR] [1783274542.542466321] [transformPoseInTargetFrame]: Extrapolation Error looking up target frame: Lookup would require extrapolation into the future.  Requested time 1327.253000 but the latest data is at time 1327.222000, when looking up transform from frame [map] to frame [leo1/base_link]
[controller_server-1] 
[controller_server-1] [WARN] [1783274542.542906350] [controller_server]: Control loop missed its desired rate of 20.0000Hz
[controller_server-1] [INFO] [1783274543.302171664] [controller_server]: Passing new path to controller.
[controller_server-1] [INFO] [1783274544.343018395] [controller_server]: Passing new path to controller.
[controller_server-1] [INFO] [1783274545.343000303] [controller_server]: Passing new path to controller.
[controller_server-1] [WARN] [1783274545.394531216] [controller_server]: Control loop missed its desired rate of 20.0000Hz
[controller_server-1] [INFO] [1783274546.393002636] [controller_server]: Passing new path to controller.
[controller_server-1] [WARN] [1783274546.444625166] [controller_server]: Control loop missed its desired rate of 20.0000Hz
[controller_server-1] [INFO] [1783274547.443014170] [controller_server]: Passing new path to controller.
[controller_server-1] [INFO] [1783274548.442994927] [controller_server]: Passing new path to controller.
[controller_server-1] [INFO] [1783274549.492988537] [controller_server]: Passing new path to controller.
[controller_server-1] [INFO] [1783274550.492982032] [controller_server]: Passing new path to controller.
[planner_server-2] [INFO] [1783274550.823756203] [global_costmap.global_costmap]: StaticLayer: Resizing costmap to 281 X 281 at 0.050000 m/pix
[controller_server-1] [INFO] [1783274551.543019623] [controller_server]: Passing new path to controller.
[controller_server-1] [INFO] [1783274552.593056547] [controller_server]: Passing new path to controller.
[controller_server-1] [INFO] [1783274553.599566407] [controller_server]: Passing new path to controller.
[controller_server-1] [INFO] [1783274554.649570004] [controller_server]: Passing new path to controller.
[controller_server-1] [INFO] [1783274555.649537422] [controller_server]: Passing new path to controller.
[controller_server-1] [INFO] [1783274556.699573269] [controller_server]: Passing new path to controller.
[controller_server-1] [INFO] [1783274557.699540810] [controller_server]: Passing new path to controller.
[controller_server-1] [INFO] [1783274558.749541897] [controller_server]: Passing new path to controller.
[controller_server-1] [INFO] [1783274559.799541472] [controller_server]: Passing new path to controller.
[controller_server-1] [INFO] [1783274560.799554556] [controller_server]: Passing new path to controller.
[controller_server-1] [INFO] [1783274561.649684690] [controller_server]: Reached the goal!
[bt_navigator-4] [INFO] [1783274561.683854402] [bt_navigator]: Goal succeeded
[bt_navigator-4] [INFO] [1783274565.600239841] [bt_navigator]: Begin navigating from current location (5.09, -3.75) to (4.11, -5.31)
[controller_server-1] [INFO] [1783274565.621429139] [controller_server]: Received a goal, begin computing control effort.
[controller_server-1] [INFO] [1783274566.671708644] [controller_server]: Passing new path to controller.
[controller_server-1] [INFO] [1783274567.721712175] [controller_server]: Passing new path to controller.
[controller_server-1] [ERROR] [1783274567.823416665] [transformPoseInTargetFrame]: Extrapolation Error looking up target frame: Lookup would require extrapolation into the future.  Requested time 1352.226000 but the latest data is at time 1352.222000, when looking up transform from frame [map] to frame [leo1/base_link]
[controller_server-1] 
[controller_server-1] [WARN] [1783274567.823845086] [controller_server]: Control loop missed its desired rate of 20.0000Hz
[controller_server-1] [INFO] [1783274568.732949722] [controller_server]: Passing new path to controller.
[controller_server-1] [ERROR] [1783274568.835120242] [transformPoseInTargetFrame]: Extrapolation Error looking up target frame: Lookup would require extrapolation into the future.  Requested time 1353.227000 but the latest data is at time 1353.222000, when looking up transform from frame [map] to frame [leo1/base_link]
[controller_server-1] 
[controller_server-1] [WARN] [1783274568.835509767] [controller_server]: Control loop missed its desired rate of 20.0000Hz
[controller_server-1] [INFO] [1783274569.773920034] [controller_server]: Passing new path to controller.
[controller_server-1] [ERROR] [1783274569.875754862] [transformPoseInTargetFrame]: Extrapolation Error looking up target frame: Lookup would require extrapolation into the future.  Requested time 1354.254000 but the latest data is at time 1354.222000, when looking up transform from frame [map] to frame [leo1/base_link]
[controller_server-1] 
[controller_server-1] [WARN] [1783274569.876174846] [controller_server]: Control loop missed its desired rate of 20.0000Hz
[controller_server-1] [INFO] [1783274570.785976753] [controller_server]: Passing new path to controller.
[controller_server-1] [ERROR] [1783274570.887693200] [transformPoseInTargetFrame]: Extrapolation Error looking up target frame: Lookup would require extrapolation into the future.  Requested time 1355.255000 but the latest data is at time 1355.222000, when looking up transform from frame [map] to frame [leo1/base_link]
[controller_server-1] 
[controller_server-1] [WARN] [1783274570.888046511] [controller_server]: Control loop missed its desired rate of 20.0000Hz
[controller_server-1] [INFO] [1783274571.826261100] [controller_server]: Passing new path to controller.
[controller_server-1] [WARN] [1783274571.908384882] [controller_server]: Control loop missed its desired rate of 20.0000Hz
[controller_server-1] [INFO] [1783274572.826263619] [controller_server]: Passing new path to controller.
[controller_server-1] [WARN] [1783274572.908265231] [controller_server]: Control loop missed its desired rate of 20.0000Hz
[controller_server-1] [INFO] [1783274573.876257794] [controller_server]: Passing new path to controller.
[controller_server-1] [WARN] [1783274573.927857628] [controller_server]: Control loop missed its desired rate of 20.0000Hz
[controller_server-1] [INFO] [1783274574.926254981] [controller_server]: Passing new path to controller.
[controller_server-1] [INFO] [1783274575.926261154] [controller_server]: Passing new path to controller.
[controller_server-1] [INFO] [1783274576.976302716] [controller_server]: Passing new path to controller.
[controller_server-1] [INFO] [1783274577.976319134] [controller_server]: Passing new path to controller.
[controller_server-1] [INFO] [1783274579.026262230] [controller_server]: Passing new path to controller.
[controller_server-1] [INFO] [1783274580.076489547] [controller_server]: Passing new path to controller.
[controller_server-1] [INFO] [1783274581.076274431] [controller_server]: Passing new path to controller.
[controller_server-1] [INFO] [1783274582.126281639] [controller_server]: Passing new path to controller.
[controller_server-1] [INFO] [1783274583.126261327] [controller_server]: Passing new path to controller.
[controller_server-1] [INFO] [1783274584.183941566] [controller_server]: Passing new path to controller.
[controller_server-1] [INFO] [1783274585.183956894] [controller_server]: Passing new path to controller.
[controller_server-1] [INFO] [1783274586.233973401] [controller_server]: Passing new path to controller.
[controller_server-1] [INFO] [1783274587.233963711] [controller_server]: Passing new path to controller.
[controller_server-1] [INFO] [1783274588.283974815] [controller_server]: Passing new path to controller.
[controller_server-1] [INFO] [1783274589.333953562] [controller_server]: Passing new path to controller.
[controller_server-1] [INFO] [1783274590.333972668] [controller_server]: Passing new path to controller.
[controller_server-1] [INFO] [1783274591.383981150] [controller_server]: Passing new path to controller.
[controller_server-1] [INFO] [1783274592.383965293] [controller_server]: Passing new path to controller.
[controller_server-1] [ERROR] [1783274592.384813497] [controller_server]: Failed to make progress
[controller_server-1] [WARN] [1783274592.384880761] [controller_server]: [follow_path] [ActionServer] Aborting handle.
[controller_server-1] [INFO] [1783274592.408306028] [local_costmap.local_costmap]: Received request to clear entirely the local_costmap
[controller_server-1] [INFO] [1783274592.409595833] [controller_server]: Received a goal, begin computing control effort.
[controller_server-1] [WARN] [1783274592.519930365] [controller_server]: Control loop missed its desired rate of 20.0000Hz
[controller_server-1] [INFO] [1783274593.425249287] [controller_server]: Passing new path to controller.
[controller_server-1] [INFO] [1783274594.481714935] [controller_server]: Passing new path to controller.
[controller_server-1] [INFO] [1783274595.487501656] [controller_server]: Passing new path to controller.
[controller_server-1] [INFO] [1783274596.543723672] [controller_server]: Passing new path to controller.
[controller_server-1] [INFO] [1783274597.550211028] [controller_server]: Passing new path to controller.
[controller_server-1] [INFO] [1783274598.606854801] [controller_server]: Passing new path to controller.
[controller_server-1] [INFO] [1783274599.612381878] [controller_server]: Passing new path to controller.
[controller_server-1] [INFO] [1783274600.669015874] [controller_server]: Passing new path to controller.
[controller_server-1] [INFO] [1783274601.670025588] [controller_server]: Passing new path to controller.
[controller_server-1] [INFO] [1783274602.720017745] [controller_server]: Passing new path to controller.
[controller_server-1] [INFO] [1783274603.720007811] [controller_server]: Passing new path to controller.
[controller_server-1] [INFO] [1783274604.770017295] [controller_server]: Passing new path to controller.
[controller_server-1] [INFO] [1783274605.770018823] [controller_server]: Passing new path to controller.
[controller_server-1] [INFO] [1783274606.820032438] [controller_server]: Passing new path to controller.
[controller_server-1] [ERROR] [1783274607.670059709] [controller_server]: Failed to make progress
[controller_server-1] [WARN] [1783274607.670146170] [controller_server]: [follow_path] [ActionServer] Aborting handle.
[behavior_server-3] [INFO] [1783274607.688633124] [behavior_server]: Running spin
[behavior_server-3] [INFO] [1783274607.688764149] [behavior_server]: Turning 1.57 for spin behavior.
[behavior_server-3] [INFO] [1783274609.288971653] [behavior_server]: spin completed successfully
[controller_server-1] [INFO] [1783274609.338915475] [controller_server]: Received a goal, begin computing control effort.
[controller_server-1] [INFO] [1783274610.389093035] [controller_server]: Passing new path to controller.
[controller_server-1] [INFO] [1783274611.439095218] [controller_server]: Passing new path to controller.
[controller_server-1] [INFO] [1783274611.930367476] [local_costmap.local_costmap]: Received request to clear entirely the local_costmap
[planner_server-2] [INFO] [1783274611.930509656] [global_costmap.global_costmap]: Received request to clear entirely the global_costmap
[controller_server-1] [WARN] [1783274612.129422317] [controller_server]: Control loop missed its desired rate of 20.0000Hz
[controller_server-1] [INFO] [1783274612.430749540] [controller_server]: Passing new path to controller.
[controller_server-1] [INFO] [1783274613.492620160] [controller_server]: Passing new path to controller.
[controller_server-1] [INFO] [1783274614.498489184] [controller_server]: Passing new path to controller.
[controller_server-1] [INFO] [1783274615.555817176] [controller_server]: Passing new path to controller.
[controller_server-1] [INFO] [1783274616.562285857] [controller_server]: Passing new path to controller.
[controller_server-1] [INFO] [1783274617.618188583] [controller_server]: Passing new path to controller.
[controller_server-1] [INFO] [1783274618.322493420] [controller_server]: Reached the goal!
[bt_navigator-4] [INFO] [1783274618.354552244] [bt_navigator]: Goal succeeded
[bt_navigator-4] [INFO] [1783274622.024609331] [bt_navigator]: Begin navigating from current location (4.19, -5.54) to (1.20, -5.30)
[controller_server-1] [INFO] [1783274622.046078592] [controller_server]: Received a goal, begin computing control effort.
[controller_server-1] [ERROR] [1783274622.147356920] [transformPoseInTargetFrame]: Extrapolation Error looking up target frame: Lookup would require extrapolation into the future.  Requested time 1406.036000 but the latest data is at time 1406.022000, when looking up transform from frame [map] to frame [leo1/base_link]
[controller_server-1] 
[controller_server-1] [WARN] [1783274622.148055458] [controller_server]: Control loop missed its desired rate of 20.0000Hz
[controller_server-1] [INFO] [1783274623.113250386] [controller_server]: Passing new path to controller.
[controller_server-1] [ERROR] [1783274623.349295027] [transformPoseInTargetFrame]: Extrapolation Error looking up target frame: Lookup would require extrapolation into the future.  Requested time 1407.226000 but the latest data is at time 1407.222000, when looking up transform from frame [map] to frame [leo1/base_link]
[controller_server-1] 
[controller_server-1] [WARN] [1783274623.349966651] [controller_server]: Control loop missed its desired rate of 20.0000Hz
[controller_server-1] [INFO] [1783274624.110869756] [controller_server]: Passing new path to controller.
[controller_server-1] [WARN] [1783274624.391112125] [controller_server]: Control loop missed its desired rate of 20.0000Hz
[controller_server-1] [WARN] [1783274624.401831404] [controller_server]: Control loop missed its desired rate of 20.0000Hz
[controller_server-1] [WARN] [1783274624.591162905] [controller_server]: Control loop missed its desired rate of 20.0000Hz
[controller_server-1] [WARN] [1783274624.602537345] [controller_server]: Control loop missed its desired rate of 20.0000Hz
[controller_server-1] [WARN] [1783274624.791121100] [controller_server]: Control loop missed its desired rate of 20.0000Hz
[controller_server-1] [WARN] [1783274624.803645245] [controller_server]: Control loop missed its desired rate of 20.0000Hz
[controller_server-1] [WARN] [1783274625.001311665] [controller_server]: Control loop missed its desired rate of 20.0000Hz
[controller_server-1] [WARN] [1783274625.213779541] [controller_server]: Control loop missed its desired rate of 20.0000Hz
[controller_server-1] [INFO] [1783274625.213814061] [controller_server]: Passing new path to controller.
[controller_server-1] [WARN] [1783274625.402698852] [controller_server]: Control loop missed its desired rate of 20.0000Hz
[controller_server-1] [WARN] [1783274625.614962844] [controller_server]: Control loop missed its desired rate of 20.0000Hz
[controller_server-1] [ERROR] [1783274625.803926303] [transformPoseInTargetFrame]: Extrapolation Error looking up target frame: Lookup would require extrapolation into the future.  Requested time 1409.652000 but the latest data is at time 1409.622000, when looking up transform from frame [map] to frame [leo1/base_link]
[controller_server-1] 
[controller_server-1] [WARN] [1783274625.804580714] [controller_server]: Control loop missed its desired rate of 20.0000Hz
[controller_server-1] [INFO] [1783274626.212615333] [controller_server]: Passing new path to controller.
[controller_server-1] [INFO] [1783274627.239159822] [controller_server]: Passing new path to controller.
[controller_server-1] [INFO] [1783274628.254700041] [controller_server]: Passing new path to controller.
[controller_server-1] [INFO] [1783274629.304658355] [controller_server]: Passing new path to controller.
[controller_server-1] [INFO] [1783274630.304666034] [controller_server]: Passing new path to controller.
[controller_server-1] [INFO] [1783274631.354669647] [controller_server]: Passing new path to controller.
[controller_server-1] [INFO] [1783274632.354660240] [controller_server]: Passing new path to controller.
[controller_server-1] [INFO] [1783274633.404675881] [controller_server]: Passing new path to controller.
[controller_server-1] [ERROR] [1783274633.506632407] [transformPoseInTargetFrame]: Extrapolation Error looking up target frame: Lookup would require extrapolation into the future.  Requested time 1417.251000 but the latest data is at time 1417.222000, when looking up transform from frame [map] to frame [leo1/base_link]
[controller_server-1] 
[controller_server-1] [WARN] [1783274633.507470160] [controller_server]: Control loop missed its desired rate of 20.0000Hz
[controller_server-1] [INFO] [1783274634.419814395] [controller_server]: Passing new path to controller.
[controller_server-1] [WARN] [1783274634.522424986] [controller_server]: Control loop missed its desired rate of 20.0000Hz
[controller_server-1] [INFO] [1783274635.457553178] [controller_server]: Passing new path to controller.
[controller_server-1] [WARN] [1783274635.529786598] [controller_server]: Control loop missed its desired rate of 20.0000Hz
[controller_server-1] [INFO] [1783274636.507573736] [controller_server]: Passing new path to controller.
[controller_server-1] [INFO] [1783274637.507559348] [controller_server]: Passing new path to controller.
[controller_server-1] [WARN] [1783274637.559353257] [controller_server]: Control loop missed its desired rate of 20.0000Hz
[controller_server-1] [INFO] [1783274638.557567644] [controller_server]: Passing new path to controller.
[controller_server-1] [INFO] [1783274639.557557201] [controller_server]: Passing new path to controller.
[controller_server-1] [INFO] [1783274640.607544720] [controller_server]: Passing new path to controller.
[controller_server-1] [INFO] [1783274641.657551039] [controller_server]: Passing new path to controller.
[controller_server-1] [INFO] [1783274642.657561797] [controller_server]: Passing new path to controller.
[controller_server-1] [INFO] [1783274643.714543053] [controller_server]: Passing new path to controller.
[controller_server-1] [ERROR] [1783274643.816319377] [transformPoseInTargetFrame]: Extrapolation Error looking up target frame: Lookup would require extrapolation into the future.  Requested time 1427.443000 but the latest data is at time 1427.422000, when looking up transform from frame [map] to frame [leo1/base_link]
[controller_server-1] 
[controller_server-1] [WARN] [1783274643.816561415] [controller_server]: Control loop missed its desired rate of 20.0000Hz
[controller_server-1] [INFO] [1783274644.722047790] [controller_server]: Passing new path to controller.
[controller_server-1] [INFO] [1783274645.778792572] [controller_server]: Passing new path to controller.
[controller_server-1] [INFO] [1783274646.784463823] [controller_server]: Passing new path to controller.
[controller_server-1] [INFO] [1783274647.338295244] [controller_server]: Reached the goal!
[bt_navigator-4] [INFO] [1783274647.372253752] [bt_navigator]: Goal succeeded
[bt_navigator-4] [INFO] [1783274650.457527512] [bt_navigator]: Begin navigating from current location (1.22, -5.06) to (0.95, -5.71)
[controller_server-1] [INFO] [1783274650.478590098] [controller_server]: Received a goal, begin computing control effort.
[controller_server-1] [INFO] [1783274651.528786841] [controller_server]: Passing new path to controller.
[controller_server-1] [INFO] [1783274652.578748775] [controller_server]: Passing new path to controller.
[controller_server-1] [INFO] [1783274653.578770058] [controller_server]: Passing new path to controller.
[controller_server-1] [INFO] [1783274654.628757086] [controller_server]: Passing new path to controller.
[controller_server-1] [INFO] [1783274655.628754396] [controller_server]: Passing new path to controller.
[controller_server-1] [INFO] [1783274656.678785308] [controller_server]: Passing new path to controller.
[controller_server-1] [INFO] [1783274657.728760648] [controller_server]: Passing new path to controller.
[controller_server-1] [INFO] [1783274658.728769958] [controller_server]: Passing new path to controller.
[controller_server-1] [INFO] [1783274659.778783287] [controller_server]: Passing new path to controller.
[controller_server-1] [INFO] [1783274660.778780251] [controller_server]: Passing new path to controller.
[controller_server-1] [INFO] [1783274661.828757424] [controller_server]: Passing new path to controller.
[controller_server-1] [INFO] [1783274662.828747682] [controller_server]: Passing new path to controller.
[controller_server-1] [INFO] [1783274663.878760877] [controller_server]: Passing new path to controller.
[controller_server-1] [INFO] [1783274664.928750608] [controller_server]: Passing new path to controller.
[controller_server-1] [INFO] [1783274665.928745898] [controller_server]: Passing new path to controller.
[controller_server-1] [INFO] [1783274666.978790736] [controller_server]: Passing new path to controller.
[controller_server-1] [ERROR] [1783274667.128810080] [controller_server]: Failed to make progress
[controller_server-1] [WARN] [1783274667.128899510] [controller_server]: [follow_path] [ActionServer] Aborting handle.
[controller_server-1] [INFO] [1783274667.147786211] [local_costmap.local_costmap]: Received request to clear entirely the local_costmap
[controller_server-1] [INFO] [1783274667.148736317] [controller_server]: Received a goal, begin computing control effort.
[controller_server-1] [WARN] [1783274667.339006841] [controller_server]: Control loop missed its desired rate of 20.0000Hz
[controller_server-1] [INFO] [1783274667.992510426] [controller_server]: Passing new path to controller.
[controller_server-1] [INFO] [1783274669.049007233] [controller_server]: Passing new path to controller.
[controller_server-1] [INFO] [1783274670.055356857] [controller_server]: Passing new path to controller.
[controller_server-1] [INFO] [1783274671.061966661] [controller_server]: Passing new path to controller.
[controller_server-1] [INFO] [1783274672.117995739] [controller_server]: Passing new path to controller.
[controller_server-1] [INFO] [1783274673.124181962] [controller_server]: Passing new path to controller.
[controller_server-1] [INFO] [1783274674.188983484] [controller_server]: Passing new path to controller.
[controller_server-1] [INFO] [1783274675.195597539] [controller_server]: Passing new path to controller.
[controller_server-1] [INFO] [1783274676.247479554] [controller_server]: Passing new path to controller.
[controller_server-1] [INFO] [1783274677.247459181] [controller_server]: Passing new path to controller.
[controller_server-1] [INFO] [1783274678.297466024] [controller_server]: Passing new path to controller.
[controller_server-1] [INFO] [1783274679.297452055] [controller_server]: Passing new path to controller.
[controller_server-1] [INFO] [1783274680.347454351] [controller_server]: Passing new path to controller.
[controller_server-1] [INFO] [1783274681.397480242] [controller_server]: Passing new path to controller.
[controller_server-1] [INFO] [1783274682.397488721] [controller_server]: Passing new path to controller.
[controller_server-1] [ERROR] [1783274682.497519926] [controller_server]: Failed to make progress
[controller_server-1] [WARN] [1783274682.497668678] [controller_server]: [follow_path] [ActionServer] Aborting handle.
[behavior_server-3] [INFO] [1783274682.516558046] [behavior_server]: Running wait
[controller_server-1] [INFO] [1783274684.736454859] [local_costmap.local_costmap]: Received request to clear entirely the local_costmap
[planner_server-2] [INFO] [1783274684.736528761] [global_costmap.global_costmap]: Received request to clear entirely the global_costmap
[behavior_server-3] [INFO] [1783274687.616800238] [behavior_server]: wait completed successfully
[controller_server-1] [INFO] [1783274687.666971595] [controller_server]: Received a goal, begin computing control effort.
[controller_server-1] [INFO] [1783274688.717128188] [controller_server]: Passing new path to controller.
[controller_server-1] [INFO] [1783274689.767198180] [controller_server]: Passing new path to controller.
[controller_server-1] [INFO] [1783274690.767292487] [controller_server]: Passing new path to controller.
[controller_server-1] [INFO] [1783274691.817122519] [controller_server]: Passing new path to controller.
[controller_server-1] [INFO] [1783274692.817127724] [controller_server]: Passing new path to controller.
[controller_server-1] [INFO] [1783274693.867129583] [controller_server]: Passing new path to controller.
[controller_server-1] [INFO] [1783274694.917137329] [controller_server]: Passing new path to controller.
[controller_server-1] [INFO] [1783274695.917125248] [controller_server]: Passing new path to controller.
[controller_server-1] [INFO] [1783274696.967121734] [controller_server]: Passing new path to controller.
[controller_server-1] [INFO] [1783274697.967122757] [controller_server]: Passing new path to controller.
[controller_server-1] [INFO] [1783274699.017122737] [controller_server]: Passing new path to controller.
[controller_server-1] [INFO] [1783274700.017164271] [controller_server]: Passing new path to controller.
[controller_server-1] [INFO] [1783274701.067130351] [controller_server]: Passing new path to controller.
[controller_server-1] [INFO] [1783274702.117150526] [controller_server]: Passing new path to controller.
[controller_server-1] [ERROR] [1783274702.867161844] [controller_server]: Failed to make progress
[controller_server-1] [WARN] [1783274702.867247463] [controller_server]: [follow_path] [ActionServer] Aborting handle.
[controller_server-1] [INFO] [1783274702.886149594] [local_costmap.local_costmap]: Received request to clear entirely the local_costmap
[controller_server-1] [INFO] [1783274702.887067113] [controller_server]: Received a goal, begin computing control effort.
[controller_server-1] [WARN] [1783274702.947333768] [controller_server]: Control loop missed its desired rate of 20.0000Hz
[controller_server-1] [INFO] [1783274703.137195000] [controller_server]: Passing new path to controller.
[controller_server-1] [INFO] [1783274704.143406177] [controller_server]: Passing new path to controller.
[controller_server-1] [INFO] [1783274705.193388034] [controller_server]: Passing new path to controller.
[controller_server-1] [INFO] [1783274706.193434483] [controller_server]: Passing new path to controller.
[controller_server-1] [INFO] [1783274707.243389228] [controller_server]: Passing new path to controller.
[controller_server-1] [INFO] [1783274708.293382057] [controller_server]: Passing new path to controller.
[controller_server-1] [INFO] [1783274709.293396842] [controller_server]: Passing new path to controller.
[controller_server-1] [INFO] [1783274710.343388334] [controller_server]: Passing new path to controller.
[controller_server-1] [INFO] [1783274711.343379684] [controller_server]: Passing new path to controller.
[controller_server-1] [INFO] [1783274712.393397412] [controller_server]: Passing new path to controller.
[controller_server-1] [INFO] [1783274713.443376258] [controller_server]: Passing new path to controller.
[controller_server-1] [INFO] [1783274714.443382085] [controller_server]: Passing new path to controller.
[controller_server-1] [INFO] [1783274715.493397124] [controller_server]: Passing new path to controller.
[controller_server-1] [INFO] [1783274716.493398704] [controller_server]: Passing new path to controller.
[controller_server-1] [INFO] [1783274717.543416098] [controller_server]: Passing new path to controller.
[controller_server-1] [ERROR] [1783274718.143434446] [controller_server]: Failed to make progress
[controller_server-1] [WARN] [1783274718.143641906] [controller_server]: [follow_path] [ActionServer] Aborting handle.
[behavior_server-3] [INFO] [1783274718.162528477] [behavior_server]: Running backup
[bt_navigator-4] [ERROR] [1783274721.142676635] [bt_navigator_navigate_to_pose_rclcpp_node]: Failed to get result for backup in node halt!
[bt_navigator-4] [INFO] [1783274721.142759243] [bt_navigator]: [navigate_to_pose] [ActionServer] Client requested to cancel the goal. Cancelling.
[bt_navigator-4] [INFO] [1783274721.143229731] [bt_navigator]: Goal canceled
[behavior_server-3] [INFO] [1783274721.162697973] [behavior_server]: Canceling backup
[behavior_server-3] [INFO] [1783274721.162771787] [behavior_server]: [backup] [ActionServer] Client requested to cancel the goal. Cancelling.
[bt_navigator-4] [INFO] [1783274727.066535782] [bt_navigator]: Begin navigating from current location (1.14, -5.39) to (-0.50, -5.99)
[controller_server-1] [INFO] [1783274727.087859353] [controller_server]: Received a goal, begin computing control effort.
[controller_server-1] [WARN] [1783274727.289379321] [controller_server]: Control loop missed its desired rate of 20.0000Hz
[controller_server-1] [WARN] [1783274727.491717251] [controller_server]: Control loop missed its desired rate of 20.0000Hz
[controller_server-1] [ERROR] [1783274727.690590222] [transformPoseInTargetFrame]: Extrapolation Error looking up target frame: Lookup would require extrapolation into the future.  Requested time 1510.451000 but the latest data is at time 1510.422000, when looking up transform from frame [map] to frame [leo1/base_link]
[controller_server-1] 
[controller_server-1] [WARN] [1783274727.690972110] [controller_server]: Control loop missed its desired rate of 20.0000Hz
[controller_server-1] [INFO] [1783274728.145144559] [controller_server]: Passing new path to controller.
[controller_server-1] [WARN] [1783274728.297397127] [controller_server]: Control loop missed its desired rate of 20.0000Hz
[controller_server-1] [ERROR] [1783274728.492165496] [transformPoseInTargetFrame]: Extrapolation Error looking up target frame: Lookup would require extrapolation into the future.  Requested time 1511.245000 but the latest data is at time 1511.222000, when looking up transform from frame [map] to frame [leo1/base_link]
[controller_server-1] 
[controller_server-1] [WARN] [1783274728.492494420] [controller_server]: Control loop missed its desired rate of 20.0000Hz
[controller_server-1] [INFO] [1783274729.147452714] [controller_server]: Passing new path to controller.
[controller_server-1] [WARN] [1783274729.309504558] [controller_server]: Control loop missed its desired rate of 20.0000Hz
[controller_server-1] [ERROR] [1783274729.493740251] [transformPoseInTargetFrame]: Extrapolation Error looking up target frame: Lookup would require extrapolation into the future.  Requested time 1512.238000 but the latest data is at time 1512.222000, when looking up transform from frame [map] to frame [leo1/base_link]
[controller_server-1] 
[controller_server-1] [WARN] [1783274729.494148889] [controller_server]: Control loop missed its desired rate of 20.0000Hz
[controller_server-1] [INFO] [1783274730.201493408] [controller_server]: Passing new path to controller.
[controller_server-1] [ERROR] [1783274730.303380870] [transformPoseInTargetFrame]: Extrapolation Error looking up target frame: Lookup would require extrapolation into the future.  Requested time 1513.040000 but the latest data is at time 1513.022000, when looking up transform from frame [map] to frame [leo1/base_link]
[controller_server-1] 
[controller_server-1] [WARN] [1783274730.303746430] [controller_server]: Control loop missed its desired rate of 20.0000Hz
[controller_server-1] [INFO] [1783274731.244249749] [controller_server]: Passing new path to controller.
[controller_server-1] [WARN] [1783274731.326081602] [controller_server]: Control loop missed its desired rate of 20.0000Hz
[controller_server-1] [WARN] [1783274731.535257719] [controller_server]: Control loop missed its desired rate of 20.0000Hz
[controller_server-1] [WARN] [1783274731.545491009] [controller_server]: Control loop missed its desired rate of 20.0000Hz
[controller_server-1] [WARN] [1783274731.735356095] [controller_server]: Control loop missed its desired rate of 20.0000Hz
[controller_server-1] [WARN] [1783274731.745763351] [controller_server]: Control loop missed its desired rate of 20.0000Hz
[controller_server-1] [WARN] [1783274731.945563030] [controller_server]: Control loop missed its desired rate of 20.0000Hz
[controller_server-1] [ERROR] [1783274732.117216118] [transformPoseInTargetFrame]: Extrapolation Error looking up target frame: Lookup would require extrapolation into the future.  Requested time 1514.832000 but the latest data is at time 1514.822000, when looking up transform from frame [map] to frame [leo1/base_link]
[controller_server-1] 
[controller_server-1] [WARN] [1783274732.117547845] [controller_server]: Control loop missed its desired rate of 20.0000Hz
[controller_server-1] [INFO] [1783274732.245650166] [controller_server]: Passing new path to controller.
[controller_server-1] [WARN] [1783274732.347578481] [controller_server]: Control loop missed its desired rate of 20.0000Hz
[controller_server-1] [WARN] [1783274732.550296092] [controller_server]: Control loop missed its desired rate of 20.0000Hz
[controller_server-1] [ERROR] [1783274732.748734725] [transformPoseInTargetFrame]: Extrapolation Error looking up target frame: Lookup would require extrapolation into the future.  Requested time 1515.459000 but the latest data is at time 1515.422000, when looking up transform from frame [map] to frame [leo1/base_link]
[controller_server-1] 
[controller_server-1] [WARN] [1783274732.749238854] [controller_server]: Control loop missed its desired rate of 20.0000Hz
[controller_server-1] [INFO] [1783274733.304455656] [controller_server]: Passing new path to controller.
[controller_server-1] [WARN] [1783274733.559365613] [controller_server]: Control loop missed its desired rate of 20.0000Hz
[controller_server-1] [WARN] [1783274733.774090648] [controller_server]: Control loop missed its desired rate of 20.0000Hz
[controller_server-1] [WARN] [1783274733.960645949] [controller_server]: Control loop missed its desired rate of 20.0000Hz
[controller_server-1] [WARN] [1783274734.163008966] [controller_server]: Control loop missed its desired rate of 20.0000Hz
[controller_server-1] [ERROR] [1783274734.361952666] [transformPoseInTargetFrame]: Extrapolation Error looking up target frame: Lookup would require extrapolation into the future.  Requested time 1517.051000 but the latest data is at time 1517.022000, when looking up transform from frame [map] to frame [leo1/base_link]
[controller_server-1] 
[controller_server-1] [WARN] [1783274734.363364276] [controller_server]: Control loop missed its desired rate of 20.0000Hz
[controller_server-1] [INFO] [1783274734.363397583] [controller_server]: Passing new path to controller.
[controller_server-1] [INFO] [1783274735.332698986] [controller_server]: Passing new path to controller.
[controller_server-1] [INFO] [1783274736.363446811] [controller_server]: Passing new path to controller.
[controller_server-1] [INFO] [1783274737.413452021] [controller_server]: Passing new path to controller.
[controller_server-1] [INFO] [1783274738.463453529] [controller_server]: Passing new path to controller.
[controller_server-1] [INFO] [1783274739.463447182] [controller_server]: Passing new path to controller.
[controller_server-1] [INFO] [1783274740.513459678] [controller_server]: Passing new path to controller.
[controller_server-1] [INFO] [1783274741.513440192] [controller_server]: Passing new path to controller.
[controller_server-1] [INFO] [1783274742.563446825] [controller_server]: Passing new path to controller.
[controller_server-1] [INFO] [1783274743.563446985] [controller_server]: Passing new path to controller.
[controller_server-1] [INFO] [1783274744.613466321] [controller_server]: Passing new path to controller.
[controller_server-1] [INFO] [1783274745.663452642] [controller_server]: Passing new path to controller.
[controller_server-1] [INFO] [1783274746.663431666] [controller_server]: Passing new path to controller.
[controller_server-1] [INFO] [1783274747.713443532] [controller_server]: Passing new path to controller.
[controller_server-1] [INFO] [1783274748.613582106] [controller_server]: Reached the goal!
[bt_navigator-4] [INFO] [1783274748.645934509] [bt_navigator]: Goal succeeded
[bt_navigator-4] [INFO] [1783274751.384562733] [bt_navigator]: Begin navigating from current location (-0.29, -5.86) to (-5.29, -3.81)
[controller_server-1] [INFO] [1783274751.405684382] [controller_server]: Received a goal, begin computing control effort.
[controller_server-1] [WARN] [1783274751.607030997] [controller_server]: Control loop missed its desired rate of 20.0000Hz
[controller_server-1] [ERROR] [1783274751.779501394] [transformPoseInTargetFrame]: Extrapolation Error looking up target frame: Lookup would require extrapolation into the future.  Requested time 1534.233000 but the latest data is at time 1534.222000, when looking up transform from frame [map] to frame [leo1/base_link]
[controller_server-1] 
[controller_server-1] [WARN] [1783274751.780239648] [controller_server]: Control loop missed its desired rate of 20.0000Hz
[controller_server-1] [INFO] [1783274752.457127137] [controller_server]: Passing new path to controller.
[controller_server-1] [ERROR] [1783274752.608309454] [transformPoseInTargetFrame]: Extrapolation Error looking up target frame: Lookup would require extrapolation into the future.  Requested time 1535.055000 but the latest data is at time 1535.022000, when looking up transform from frame [map] to frame [leo1/base_link]
[controller_server-1] 
[controller_server-1] [WARN] [1783274752.609456107] [controller_server]: Control loop missed its desired rate of 20.0000Hz
[controller_server-1] [INFO] [1783274753.473870967] [controller_server]: Passing new path to controller.
[controller_server-1] [WARN] [1783274753.626123561] [controller_server]: Control loop missed its desired rate of 20.0000Hz
[controller_server-1] [ERROR] [1783274753.810719305] [transformPoseInTargetFrame]: Extrapolation Error looking up target frame: Lookup would require extrapolation into the future.  Requested time 1536.244000 but the latest data is at time 1536.222000, when looking up transform from frame [map] to frame [leo1/base_link]
[controller_server-1] 
[controller_server-1] [WARN] [1783274753.811496690] [controller_server]: Control loop missed its desired rate of 20.0000Hz
[controller_server-1] [INFO] [1783274754.524923706] [controller_server]: Passing new path to controller.
[controller_server-1] [ERROR] [1783274754.626767990] [transformPoseInTargetFrame]: Extrapolation Error looking up target frame: Lookup would require extrapolation into the future.  Requested time 1537.055000 but the latest data is at time 1537.042000, when looking up transform from frame [map] to frame [leo1/base_link]
[controller_server-1] 
[controller_server-1] [WARN] [1783274754.628333595] [controller_server]: Control loop missed its desired rate of 20.0000Hz
[controller_server-1] [INFO] [1783274755.561573741] [controller_server]: Passing new path to controller.
[controller_server-1] [WARN] [1783274755.653354049] [controller_server]: Control loop missed its desired rate of 20.0000Hz
[controller_server-1] [WARN] [1783274755.673693788] [controller_server]: Control loop missed its desired rate of 20.0000Hz
[controller_server-1] [ERROR] [1783274755.812769601] [transformPoseInTargetFrame]: Extrapolation Error looking up target frame: Lookup would require extrapolation into the future.  Requested time 1538.227000 but the latest data is at time 1538.222000, when looking up transform from frame [map] to frame [leo1/base_link]
[controller_server-1] 
[controller_server-1] [WARN] [1783274755.814116799] [controller_server]: Control loop missed its desired rate of 20.0000Hz
[controller_server-1] [INFO] [1783274756.578023340] [controller_server]: Passing new path to controller.
[controller_server-1] [ERROR] [1783274756.815331852] [transformPoseInTargetFrame]: Extrapolation Error looking up target frame: Lookup would require extrapolation into the future.  Requested time 1539.223000 but the latest data is at time 1539.222000, when looking up transform from frame [map] to frame [leo1/base_link]
[controller_server-1] 
[controller_server-1] [WARN] [1783274756.816209954] [controller_server]: Control loop missed its desired rate of 20.0000Hz
[controller_server-1] [INFO] [1783274757.581149522] [controller_server]: Passing new path to controller.
[controller_server-1] [WARN] [1783274757.672992306] [controller_server]: Control loop missed its desired rate of 20.0000Hz
[controller_server-1] [WARN] [1783274757.857325909] [controller_server]: Control loop missed its desired rate of 20.0000Hz
[controller_server-1] [WARN] [1783274757.877656150] [controller_server]: Control loop missed its desired rate of 20.0000Hz
[controller_server-1] [WARN] [1783274758.057537856] [controller_server]: Control loop missed its desired rate of 20.0000Hz
[controller_server-1] [WARN] [1783274758.077967978] [controller_server]: Control loop missed its desired rate of 20.0000Hz
[controller_server-1] [WARN] [1783274758.257342751] [controller_server]: Control loop missed its desired rate of 20.0000Hz
[controller_server-1] [WARN] [1783274758.267690310] [controller_server]: Control loop missed its desired rate of 20.0000Hz
[controller_server-1] [WARN] [1783274758.457348607] [controller_server]: Control loop missed its desired rate of 20.0000Hz
[controller_server-1] [WARN] [1783274758.467601569] [controller_server]: Control loop missed its desired rate of 20.0000Hz
[controller_server-1] [WARN] [1783274758.667525406] [controller_server]: Control loop missed its desired rate of 20.0000Hz
[controller_server-1] [INFO] [1783274758.667567769] [controller_server]: Passing new path to controller.
[controller_server-1] [ERROR] [1783274758.839720112] [transformPoseInTargetFrame]: Extrapolation Error looking up target frame: Lookup would require extrapolation into the future.  Requested time 1541.236000 but the latest data is at time 1541.222000, when looking up transform from frame [map] to frame [leo1/base_link]
[controller_server-1] 
[controller_server-1] [WARN] [1783274758.840499763] [controller_server]: Control loop missed its desired rate of 20.0000Hz
[controller_server-1] [INFO] [1783274759.667630545] [controller_server]: Passing new path to controller.
[controller_server-1] [ERROR] [1783274759.868788258] [transformPoseInTargetFrame]: Extrapolation Error looking up target frame: Lookup would require extrapolation into the future.  Requested time 1542.258000 but the latest data is at time 1542.222000, when looking up transform from frame [map] to frame [leo1/base_link]
[controller_server-1] 
[controller_server-1] [WARN] [1783274759.869603214] [controller_server]: Control loop missed its desired rate of 20.0000Hz
[controller_server-1] [INFO] [1783274760.685005157] [controller_server]: Passing new path to controller.
[controller_server-1] [INFO] [1783274761.719681980] [controller_server]: Passing new path to controller.
[controller_server-1] [INFO] [1783274762.769692291] [controller_server]: Passing new path to controller.
[controller_server-1] [ERROR] [1783274762.871533959] [transformPoseInTargetFrame]: Extrapolation Error looking up target frame: Lookup would require extrapolation into the future.  Requested time 1545.233000 but the latest data is at time 1545.222000, when looking up transform from frame [map] to frame [leo1/base_link]
[controller_server-1] 
[controller_server-1] [WARN] [1783274762.872265962] [controller_server]: Control loop missed its desired rate of 20.0000Hz
[controller_server-1] [INFO] [1783274763.798826338] [controller_server]: Passing new path to controller.
[controller_server-1] [INFO] [1783274764.830784704] [controller_server]: Passing new path to controller.
[controller_server-1] [ERROR] [1783274764.933056189] [transformPoseInTargetFrame]: Extrapolation Error looking up target frame: Lookup would require extrapolation into the future.  Requested time 1547.252000 but the latest data is at time 1547.242000, when looking up transform from frame [map] to frame [leo1/base_link]
[controller_server-1] 
[controller_server-1] [WARN] [1783274764.933721145] [controller_server]: Control loop missed its desired rate of 20.0000Hz
[controller_server-1] [INFO] [1783274765.848012971] [controller_server]: Passing new path to controller.
[controller_server-1] [ERROR] [1783274765.950222884] [transformPoseInTargetFrame]: Extrapolation Error looking up target frame: Lookup would require extrapolation into the future.  Requested time 1548.257000 but the latest data is at time 1548.242000, when looking up transform from frame [map] to frame [leo1/base_link]
[controller_server-1] 
[controller_server-1] [WARN] [1783274765.951270660] [controller_server]: Control loop missed its desired rate of 20.0000Hz
[controller_server-1] [INFO] [1783274766.883809049] [controller_server]: Passing new path to controller.
[controller_server-1] [WARN] [1783274766.986186693] [controller_server]: Control loop missed its desired rate of 20.0000Hz
[controller_server-1] [INFO] [1783274767.904054956] [controller_server]: Passing new path to controller.
[controller_server-1] [WARN] [1783274767.996350151] [controller_server]: Control loop missed its desired rate of 20.0000Hz
[controller_server-1] [INFO] [1783274768.936269112] [controller_server]: Passing new path to controller.
[controller_server-1] [WARN] [1783274768.998165514] [controller_server]: Control loop missed its desired rate of 20.0000Hz
[controller_server-1] [INFO] [1783274769.936281380] [controller_server]: Passing new path to controller.
[controller_server-1] [WARN] [1783274770.028841872] [controller_server]: Control loop missed its desired rate of 20.0000Hz
[controller_server-1] [INFO] [1783274770.986285799] [controller_server]: Passing new path to controller.
[controller_server-1] [INFO] [1783274772.036265734] [controller_server]: Passing new path to controller.
[controller_server-1] [INFO] [1783274773.036278707] [controller_server]: Passing new path to controller.
[controller_server-1] [INFO] [1783274774.086284303] [controller_server]: Passing new path to controller.
[controller_server-1] [INFO] [1783274775.086270219] [controller_server]: Passing new path to controller.
[controller_server-1] [INFO] [1783274776.136267418] [controller_server]: Passing new path to controller.
[controller_server-1] [INFO] [1783274777.136256540] [controller_server]: Passing new path to controller.
[controller_server-1] [INFO] [1783274778.186267467] [controller_server]: Passing new path to controller.
[controller_server-1] [ERROR] [1783274778.288029692] [transformPoseInTargetFrame]: Extrapolation Error looking up target frame: Lookup would require extrapolation into the future.  Requested time 1560.436000 but the latest data is at time 1560.422000, when looking up transform from frame [map] to frame [leo1/base_link]
[controller_server-1] 
[controller_server-1] [WARN] [1783274778.288593093] [controller_server]: Control loop missed its desired rate of 20.0000Hz
[controller_server-1] [INFO] [1783274779.196674580] [controller_server]: Passing new path to controller.
[controller_server-1] [ERROR] [1783274779.298895461] [transformPoseInTargetFrame]: Extrapolation Error looking up target frame: Lookup would require extrapolation into the future.  Requested time 1561.433000 but the latest data is at time 1561.422000, when looking up transform from frame [map] to frame [leo1/base_link]
[controller_server-1] 
[controller_server-1] [WARN] [1783274779.299432133] [controller_server]: Control loop missed its desired rate of 20.0000Hz
[controller_server-1] [INFO] [1783274780.238716193] [controller_server]: Passing new path to controller.
[controller_server-1] [ERROR] [1783274780.340467895] [transformPoseInTargetFrame]: Extrapolation Error looking up target frame: Lookup would require extrapolation into the future.  Requested time 1562.454000 but the latest data is at time 1562.422000, when looking up transform from frame [map] to frame [leo1/base_link]
[controller_server-1] 
[controller_server-1] [WARN] [1783274780.340827004] [controller_server]: Control loop missed its desired rate of 20.0000Hz
[controller_server-1] [INFO] [1783274781.297528297] [controller_server]: Passing new path to controller.
[controller_server-1] [INFO] [1783274782.290926818] [controller_server]: Passing new path to controller.
[controller_server-1] [INFO] [1783274783.340910713] [controller_server]: Passing new path to controller.
[controller_server-1] [INFO] [1783274784.390940021] [controller_server]: Passing new path to controller.
[controller_server-1] [INFO] [1783274785.241042880] [controller_server]: Reached the goal!
[bt_navigator-4] [INFO] [1783274785.273559309] [bt_navigator]: Goal succeeded
[bt_navigator-4] [INFO] [1783274787.733033869] [bt_navigator]: Begin navigating from current location (-5.05, -3.83) to (-5.29, -2.01)
[controller_server-1] [INFO] [1783274787.754089295] [controller_server]: Received a goal, begin computing control effort.
[controller_server-1] [WARN] [1783274787.825188280] [controller_server]: Control loop missed its desired rate of 20.0000Hz
[controller_server-1] [ERROR] [1783274788.005330389] [transformPoseInTargetFrame]: Extrapolation Error looking up target frame: Lookup would require extrapolation into the future.  Requested time 1570.038000 but the latest data is at time 1570.022000, when looking up transform from frame [map] to frame [leo1/base_link]
[controller_server-1] 
[controller_server-1] [WARN] [1783274788.005937784] [controller_server]: Control loop missed its desired rate of 20.0000Hz
[controller_server-1] [INFO] [1783274788.813626585] [controller_server]: Passing new path to controller.
[controller_server-1] [WARN] [1783274789.036045589] [controller_server]: Control loop missed its desired rate of 20.0000Hz
[controller_server-1] [ERROR] [1783274789.207119895] [transformPoseInTargetFrame]: Extrapolation Error looking up target frame: Lookup would require extrapolation into the future.  Requested time 1571.230000 but the latest data is at time 1571.222000, when looking up transform from frame [map] to frame [leo1/base_link]
[controller_server-1] 
[controller_server-1] [WARN] [1783274789.207515990] [controller_server]: Control loop missed its desired rate of 20.0000Hz
[controller_server-1] [INFO] [1783274789.814754460] [controller_server]: Passing new path to controller.
[controller_server-1] [ERROR] [1783274790.008725436] [transformPoseInTargetFrame]: Extrapolation Error looking up target frame: Lookup would require extrapolation into the future.  Requested time 1572.026000 but the latest data is at time 1572.022000, when looking up transform from frame [map] to frame [leo1/base_link]
[controller_server-1] 
[controller_server-1] [WARN] [1783274790.009219819] [controller_server]: Control loop missed its desired rate of 20.0000Hz
[controller_server-1] [INFO] [1783274790.869330223] [controller_server]: Passing new path to controller.
[controller_server-1] [ERROR] [1783274791.042347346] [transformPoseInTargetFrame]: Extrapolation Error looking up target frame: Lookup would require extrapolation into the future.  Requested time 1573.045000 but the latest data is at time 1573.022000, when looking up transform from frame [map] to frame [leo1/base_link]
[controller_server-1] 
[controller_server-1] [WARN] [1783274791.042722096] [controller_server]: Control loop missed its desired rate of 20.0000Hz
[controller_server-1] [INFO] [1783274791.909303956] [controller_server]: Passing new path to controller.
[controller_server-1] [WARN] [1783274792.060561541] [controller_server]: Control loop missed its desired rate of 20.0000Hz
[controller_server-1] [WARN] [1783274792.263164435] [controller_server]: Control loop missed its desired rate of 20.0000Hz
[controller_server-1] [ERROR] [1783274792.461796970] [transformPoseInTargetFrame]: Extrapolation Error looking up target frame: Lookup would require extrapolation into the future.  Requested time 1574.454000 but the latest data is at time 1574.422000, when looking up transform from frame [map] to frame [leo1/base_link]
[controller_server-1] 
[controller_server-1] [WARN] [1783274792.462180849] [controller_server]: Control loop missed its desired rate of 20.0000Hz
[controller_server-1] [INFO] [1783274792.918656654] [controller_server]: Passing new path to controller.
[controller_server-1] [WARN] [1783274793.080845169] [controller_server]: Control loop missed its desired rate of 20.0000Hz
[controller_server-1] [ERROR] [1783274793.263385986] [transformPoseInTargetFrame]: Extrapolation Error looking up target frame: Lookup would require extrapolation into the future.  Requested time 1575.247000 but the latest data is at time 1575.222000, when looking up transform from frame [map] to frame [leo1/base_link]
[controller_server-1] 
[controller_server-1] [WARN] [1783274793.263927003] [controller_server]: Control loop missed its desired rate of 20.0000Hz
[controller_server-1] [INFO] [1783274793.979851986] [controller_server]: Passing new path to controller.
[controller_server-1] [ERROR] [1783274794.081797368] [transformPoseInTargetFrame]: Extrapolation Error looking up target frame: Lookup would require extrapolation into the future.  Requested time 1576.055000 but the latest data is at time 1576.042000, when looking up transform from frame [map] to frame [leo1/base_link]
[controller_server-1] 
[controller_server-1] [WARN] [1783274794.082165090] [controller_server]: Control loop missed its desired rate of 20.0000Hz
[controller_server-1] [INFO] [1783274794.972658760] [controller_server]: Passing new path to controller.
[controller_server-1] [ERROR] [1783274795.075147699] [transformPoseInTargetFrame]: Extrapolation Error looking up target frame: Lookup would require extrapolation into the future.  Requested time 1577.036000 but the latest data is at time 1577.022000, when looking up transform from frame [map] to frame [leo1/base_link]
[controller_server-1] 
[controller_server-1] [WARN] [1783274795.075521359] [controller_server]: Control loop missed its desired rate of 20.0000Hz
[controller_server-1] [INFO] [1783274796.033698122] [controller_server]: Passing new path to controller.
[controller_server-1] [INFO] [1783274797.025601800] [controller_server]: Passing new path to controller.
[controller_server-1] [WARN] [1783274797.127552006] [controller_server]: Control loop missed its desired rate of 20.0000Hz
[controller_server-1] [INFO] [1783274798.085454870] [controller_server]: Passing new path to controller.
[controller_server-1] [INFO] [1783274799.127653874] [controller_server]: Passing new path to controller.
[controller_server-1] [INFO] [1783274800.127648820] [controller_server]: Passing new path to controller.
[controller_server-1] [WARN] [1783274800.199488054] [controller_server]: Control loop missed its desired rate of 20.0000Hz
[controller_server-1] [INFO] [1783274801.177636651] [controller_server]: Passing new path to controller.
[controller_server-1] [INFO] [1783274802.177634108] [controller_server]: Passing new path to controller.
[controller_server-1] [INFO] [1783274803.227644478] [controller_server]: Passing new path to controller.
[controller_server-1] [INFO] [1783274804.277643209] [controller_server]: Passing new path to controller.
[controller_server-1] [INFO] [1783274805.277657497] [controller_server]: Passing new path to controller.
[controller_server-1] [INFO] [1783274806.327663075] [controller_server]: Passing new path to controller.
[controller_server-1] [INFO] [1783274807.327633240] [controller_server]: Passing new path to controller.
[controller_server-1] [INFO] [1783274808.377640467] [controller_server]: Passing new path to controller.
[controller_server-1] [INFO] [1783274809.427636743] [controller_server]: Passing new path to controller.
[controller_server-1] [INFO] [1783274810.427637803] [controller_server]: Passing new path to controller.
[controller_server-1] [INFO] [1783274810.477781314] [controller_server]: Reached the goal!
[bt_navigator-4] [INFO] [1783274810.512292310] [bt_navigator]: Goal succeeded
[bt_navigator-4] [INFO] [1783274815.842816264] [bt_navigator]: Begin navigating from current location (-5.23, -2.24) to (-3.25, -1.66)
[controller_server-1] [INFO] [1783274815.863794200] [controller_server]: Received a goal, begin computing control effort.
[controller_server-1] [WARN] [1783274815.934717946] [controller_server]: Control loop missed its desired rate of 20.0000Hz
[controller_server-1] [ERROR] [1783274816.115075841] [transformPoseInTargetFrame]: Extrapolation Error looking up target frame: Lookup would require extrapolation into the future.  Requested time 1597.839000 but the latest data is at time 1597.822000, when looking up transform from frame [map] to frame [leo1/base_link]
[controller_server-1] 
[controller_server-1] [WARN] [1783274816.115480879] [controller_server]: Control loop missed its desired rate of 20.0000Hz
[controller_server-1] [INFO] [1783274816.923157513] [controller_server]: Passing new path to controller.
[controller_server-1] [WARN] [1783274817.145625327] [controller_server]: Control loop missed its desired rate of 20.0000Hz
[controller_server-1] [ERROR] [1783274817.316594719] [transformPoseInTargetFrame]: Extrapolation Error looking up target frame: Lookup would require extrapolation into the future.  Requested time 1599.030000 but the latest data is at time 1599.022000, when looking up transform from frame [map] to frame [leo1/base_link]
[controller_server-1] 
[controller_server-1] [WARN] [1783274817.316952142] [controller_server]: Control loop missed its desired rate of 20.0000Hz
[controller_server-1] [INFO] [1783274817.972588749] [controller_server]: Passing new path to controller.
[controller_server-1] [ERROR] [1783274818.134665466] [transformPoseInTargetFrame]: Extrapolation Error looking up target frame: Lookup would require extrapolation into the future.  Requested time 1599.839000 but the latest data is at time 1599.822000, when looking up transform from frame [map] to frame [leo1/base_link]
[controller_server-1] 
[controller_server-1] [WARN] [1783274818.135247909] [controller_server]: Control loop missed its desired rate of 20.0000Hz
[controller_server-1] [INFO] [1783274818.967037436] [controller_server]: Passing new path to controller.
[controller_server-1] [WARN] [1783274819.158054035] [controller_server]: Control loop missed its desired rate of 20.0000Hz
[controller_server-1] [WARN] [1783274819.168440599] [controller_server]: Control loop missed its desired rate of 20.0000Hz
[controller_server-1] [WARN] [1783274819.358245863] [controller_server]: Control loop missed its desired rate of 20.0000Hz
[controller_server-1] [WARN] [1783274819.368607119] [controller_server]: Control loop missed its desired rate of 20.0000Hz
[controller_server-1] [WARN] [1783274819.558097325] [controller_server]: Control loop missed its desired rate of 20.0000Hz
[controller_server-1] [WARN] [1783274819.568357165] [controller_server]: Control loop missed its desired rate of 20.0000Hz
[controller_server-1] [WARN] [1783274819.768327688] [controller_server]: Control loop missed its desired rate of 20.0000Hz
[controller_server-1] [WARN] [1783274819.980284201] [controller_server]: Control loop missed its desired rate of 20.0000Hz
[controller_server-1] [INFO] [1783274820.018411000] [controller_server]: Passing new path to controller.
[controller_server-1] [ERROR] [1783274820.169606725] [transformPoseInTargetFrame]: Extrapolation Error looking up target frame: Lookup would require extrapolation into the future.  Requested time 1601.858000 but the latest data is at time 1601.822000, when looking up transform from frame [map] to frame [leo1/base_link]
[controller_server-1] 
[controller_server-1] [WARN] [1783274820.169998243] [controller_server]: Control loop missed its desired rate of 20.0000Hz
[controller_server-1] [INFO] [1783274821.029117463] [controller_server]: Passing new path to controller.
[controller_server-1] [WARN] [1783274821.181237625] [controller_server]: Control loop missed its desired rate of 20.0000Hz
[controller_server-1] [WARN] [1783274821.371247400] [controller_server]: Control loop missed its desired rate of 20.0000Hz
[controller_server-1] [WARN] [1783274821.572897146] [controller_server]: Control loop missed its desired rate of 20.0000Hz
[controller_server-1] [ERROR] [1783274821.772485033] [transformPoseInTargetFrame]: Extrapolation Error looking up target frame: Lookup would require extrapolation into the future.  Requested time 1603.447000 but the latest data is at time 1603.422000, when looking up transform from frame [map] to frame [leo1/base_link]
[controller_server-1] 
[controller_server-1] [WARN] [1783274821.772863942] [controller_server]: Control loop missed its desired rate of 20.0000Hz
[controller_server-1] [INFO] [1783274822.076643077] [controller_server]: Passing new path to controller.
[controller_server-1] [ERROR] [1783274822.178621160] [transformPoseInTargetFrame]: Extrapolation Error looking up target frame: Lookup would require extrapolation into the future.  Requested time 1603.847000 but the latest data is at time 1603.822000, when looking up transform from frame [map] to frame [leo1/base_link]
[controller_server-1] 
[controller_server-1] [WARN] [1783274822.179146983] [controller_server]: Control loop missed its desired rate of 20.0000Hz
[controller_server-1] [INFO] [1783274823.122944923] [controller_server]: Passing new path to controller.
[controller_server-1] [WARN] [1783274823.204557755] [controller_server]: Control loop missed its desired rate of 20.0000Hz
[controller_server-1] [WARN] [1783274823.225404807] [controller_server]: Control loop missed its desired rate of 20.0000Hz
[controller_server-1] [ERROR] [1783274823.374098621] [transformPoseInTargetFrame]: Extrapolation Error looking up target frame: Lookup would require extrapolation into the future.  Requested time 1605.031000 but the latest data is at time 1605.022000, when looking up transform from frame [map] to frame [leo1/base_link]
[controller_server-1] 
[controller_server-1] [WARN] [1783274823.374488219] [controller_server]: Control loop missed its desired rate of 20.0000Hz
[controller_server-1] [INFO] [1783274824.139117779] [controller_server]: Passing new path to controller.
[controller_server-1] [ERROR] [1783274824.382238813] [transformPoseInTargetFrame]: Extrapolation Error looking up target frame: Lookup would require extrapolation into the future.  Requested time 1606.025000 but the latest data is at time 1606.022000, when looking up transform from frame [map] to frame [leo1/base_link]
[controller_server-1] 
[controller_server-1] [WARN] [1783274824.382615336] [controller_server]: Control loop missed its desired rate of 20.0000Hz
[controller_server-1] [INFO] [1783274825.141624533] [controller_server]: Passing new path to controller.
[controller_server-1] [WARN] [1783274825.243610726] [controller_server]: Control loop missed its desired rate of 20.0000Hz
[controller_server-1] [WARN] [1783274825.433911100] [controller_server]: Control loop missed its desired rate of 20.0000Hz
[controller_server-1] [ERROR] [1783274825.606257542] [transformPoseInTargetFrame]: Extrapolation Error looking up target frame: Lookup would require extrapolation into the future.  Requested time 1607.235000 but the latest data is at time 1607.222000, when looking up transform from frame [map] to frame [leo1/base_link]
[controller_server-1] 
[controller_server-1] [WARN] [1783274825.606699686] [controller_server]: Control loop missed its desired rate of 20.0000Hz
[controller_server-1] [INFO] [1783274826.184014628] [controller_server]: Passing new path to controller.
[controller_server-1] [WARN] [1783274826.245559898] [controller_server]: Control loop missed its desired rate of 20.0000Hz
[controller_server-1] [ERROR] [1783274826.435151278] [transformPoseInTargetFrame]: Extrapolation Error looking up target frame: Lookup would require extrapolation into the future.  Requested time 1608.060000 but the latest data is at time 1608.022000, when looking up transform from frame [map] to frame [leo1/base_link]
[controller_server-1] 
[controller_server-1] [WARN] [1783274826.435536826] [controller_server]: Control loop missed its desired rate of 20.0000Hz
[controller_server-1] [INFO] [1783274827.194075052] [controller_server]: Passing new path to controller.
[controller_server-1] [ERROR] [1783274827.436842786] [transformPoseInTargetFrame]: Extrapolation Error looking up target frame: Lookup would require extrapolation into the future.  Requested time 1609.049000 but the latest data is at time 1609.022000, when looking up transform from frame [map] to frame [leo1/base_link]
[controller_server-1] 
[controller_server-1] [WARN] [1783274827.437606379] [controller_server]: Control loop missed its desired rate of 20.0000Hz
[controller_server-1] [INFO] [1783274828.246041707] [controller_server]: Passing new path to controller.
[controller_server-1] [WARN] [1783274828.468641367] [controller_server]: Control loop missed its desired rate of 20.0000Hz
[controller_server-1] [WARN] [1783274828.490309958] [controller_server]: Control loop missed its desired rate of 20.0000Hz
[controller_server-1] [ERROR] [1783274828.638976317] [transformPoseInTargetFrame]: Extrapolation Error looking up target frame: Lookup would require extrapolation into the future.  Requested time 1610.238000 but the latest data is at time 1610.222000, when looking up transform from frame [map] to frame [leo1/base_link]
[controller_server-1] 
[controller_server-1] [WARN] [1783274828.639760288] [controller_server]: Control loop missed its desired rate of 20.0000Hz
[controller_server-1] [INFO] [1783274829.298178173] [controller_server]: Passing new path to controller.
[controller_server-1] [WARN] [1783274829.470426664] [controller_server]: Control loop missed its desired rate of 20.0000Hz
[controller_server-1] [ERROR] [1783274829.640963209] [transformPoseInTargetFrame]: Extrapolation Error looking up target frame: Lookup would require extrapolation into the future.  Requested time 1611.227000 but the latest data is at time 1611.222000, when looking up transform from frame [map] to frame [leo1/base_link]
[controller_server-1] 
[controller_server-1] [WARN] [1783274829.641362292] [controller_server]: Control loop missed its desired rate of 20.0000Hz
[controller_server-1] [INFO] [1783274830.299919480] [controller_server]: Passing new path to controller.
[controller_server-1] [ERROR] [1783274830.462089483] [transformPoseInTargetFrame]: Extrapolation Error looking up target frame: Lookup would require extrapolation into the future.  Requested time 1612.036000 but the latest data is at time 1612.022000, when looking up transform from frame [map] to frame [leo1/base_link]
[controller_server-1] 
[controller_server-1] [WARN] [1783274830.462466000] [controller_server]: Control loop missed its desired rate of 20.0000Hz
[controller_server-1] [INFO] [1783274831.341490865] [controller_server]: Passing new path to controller.
[controller_server-1] [ERROR] [1783274831.492633392] [transformPoseInTargetFrame]: Extrapolation Error looking up target frame: Lookup would require extrapolation into the future.  Requested time 1613.056000 but the latest data is at time 1613.022000, when looking up transform from frame [map] to frame [leo1/base_link]
[controller_server-1] 
[controller_server-1] [WARN] [1783274831.493003431] [controller_server]: Control loop missed its desired rate of 20.0000Hz
[controller_server-1] [INFO] [1783274832.351338995] [controller_server]: Passing new path to controller.
[controller_server-1] [WARN] [1783274832.503405948] [controller_server]: Control loop missed its desired rate of 20.0000Hz
[controller_server-1] [ERROR] [1783274832.694251493] [transformPoseInTargetFrame]: Extrapolation Error looking up target frame: Lookup would require extrapolation into the future.  Requested time 1614.240000 but the latest data is at time 1614.222000, when looking up transform from frame [map] to frame [leo1/base_link]
[controller_server-1] 
[controller_server-1] [WARN] [1783274832.694618892] [controller_server]: Control loop missed its desired rate of 20.0000Hz
[controller_server-1] [INFO] [1783274833.401360968] [controller_server]: Passing new path to controller.
[controller_server-1] [ERROR] [1783274833.695887278] [transformPoseInTargetFrame]: Extrapolation Error looking up target frame: Lookup would require extrapolation into the future.  Requested time 1615.231000 but the latest data is at time 1615.222000, when looking up transform from frame [map] to frame [leo1/base_link]
[controller_server-1] 
[controller_server-1] [WARN] [1783274833.696403461] [controller_server]: Control loop missed its desired rate of 20.0000Hz
[controller_server-1] [INFO] [1783274834.402825734] [controller_server]: Passing new path to controller.
[controller_server-1] [ERROR] [1783274834.504620709] [transformPoseInTargetFrame]: Extrapolation Error looking up target frame: Lookup would require extrapolation into the future.  Requested time 1616.034000 but the latest data is at time 1616.022000, when looking up transform from frame [map] to frame [leo1/base_link]
[controller_server-1] 
[controller_server-1] [WARN] [1783274834.505272280] [controller_server]: Control loop missed its desired rate of 20.0000Hz
[controller_server-1] [INFO] [1783274835.446483302] [controller_server]: Passing new path to controller.
[controller_server-1] [WARN] [1783274835.548525775] [controller_server]: Control loop missed its desired rate of 20.0000Hz
[controller_server-1] [INFO] [1783274836.506453530] [controller_server]: Passing new path to controller.
[controller_server-1] [INFO] [1783274837.498611097] [controller_server]: Passing new path to controller.
[controller_server-1] [WARN] [1783274837.560665867] [controller_server]: Control loop missed its desired rate of 20.0000Hz
[controller_server-1] [INFO] [1783274838.548643498] [controller_server]: Passing new path to controller.
[controller_server-1] [INFO] [1783274839.598616993] [controller_server]: Passing new path to controller.
[controller_server-1] [INFO] [1783274840.598604616] [controller_server]: Passing new path to controller.
[controller_server-1] [INFO] [1783274841.648614364] [controller_server]: Passing new path to controller.
[controller_server-1] [INFO] [1783274842.648612668] [controller_server]: Passing new path to controller.
[controller_server-1] [INFO] [1783274843.698612461] [controller_server]: Passing new path to controller.
[controller_server-1] [INFO] [1783274844.748629763] [controller_server]: Passing new path to controller.
[controller_server-1] [INFO] [1783274845.748655212] [controller_server]: Passing new path to controller.
[controller_server-1] [INFO] [1783274846.798613584] [controller_server]: Passing new path to controller.
[controller_server-1] [INFO] [1783274847.798644381] [controller_server]: Passing new path to controller.
[controller_server-1] [INFO] [1783274848.848616735] [controller_server]: Passing new path to controller.
[controller_server-1] [INFO] [1783274849.898615427] [controller_server]: Passing new path to controller.
[controller_server-1] [INFO] [1783274849.948749796] [controller_server]: Reached the goal!
[bt_navigator-4] [INFO] [1783274849.980603380] [bt_navigator]: Goal succeeded
[bt_navigator-4] [INFO] [1783274852.417811771] [bt_navigator]: Begin navigating from current location (-3.44, -1.79) to (0.05, -4.61)
[controller_server-1] [INFO] [1783274852.439605542] [controller_server]: Received a goal, begin computing control effort.
[controller_server-1] [ERROR] [1783274852.540855747] [transformPoseInTargetFrame]: Extrapolation Error looking up target frame: Lookup would require extrapolation into the future.  Requested time 1633.850000 but the latest data is at time 1633.822000, when looking up transform from frame [map] to frame [leo1/base_link]
[controller_server-1] 
[controller_server-1] [WARN] [1783274852.541509964] [controller_server]: Control loop missed its desired rate of 20.0000Hz
[controller_server-1] [INFO] [1783274853.513085592] [controller_server]: Passing new path to controller.
[controller_server-1] [ERROR] [1783274853.749444261] [transformPoseInTargetFrame]: Extrapolation Error looking up target frame: Lookup would require extrapolation into the future.  Requested time 1635.044000 but the latest data is at time 1635.022000, when looking up transform from frame [map] to frame [leo1/base_link]
[controller_server-1] 
[controller_server-1] [WARN] [1783274853.750064056] [controller_server]: Control loop missed its desired rate of 20.0000Hz
[controller_server-1] [INFO] [1783274854.510426586] [controller_server]: Passing new path to controller.
[controller_server-1] [ERROR] [1783274854.751314616] [transformPoseInTargetFrame]: Extrapolation Error looking up target frame: Lookup would require extrapolation into the future.  Requested time 1636.035000 but the latest data is at time 1636.022000, when looking up transform from frame [map] to frame [leo1/base_link]
[controller_server-1] 
[controller_server-1] [WARN] [1783274854.751910325] [controller_server]: Control loop missed its desired rate of 20.0000Hz
[controller_server-1] [INFO] [1783274855.564066659] [controller_server]: Passing new path to controller.
[controller_server-1] [ERROR] [1783274855.753237436] [transformPoseInTargetFrame]: Extrapolation Error looking up target frame: Lookup would require extrapolation into the future.  Requested time 1637.028000 but the latest data is at time 1637.022000, when looking up transform from frame [map] to frame [leo1/base_link]
[controller_server-1] 
[controller_server-1] [WARN] [1783274855.754374554] [controller_server]: Control loop missed its desired rate of 20.0000Hz
[controller_server-1] [INFO] [1783274856.566746230] [controller_server]: Passing new path to controller.
[controller_server-1] [WARN] [1783274856.805632059] [controller_server]: Control loop missed its desired rate of 20.0000Hz
[controller_server-1] [ERROR] [1783274856.978362760] [transformPoseInTargetFrame]: Extrapolation Error looking up target frame: Lookup would require extrapolation into the future.  Requested time 1638.240000 but the latest data is at time 1638.222000, when looking up transform from frame [map] to frame [leo1/base_link]
[controller_server-1] 
[controller_server-1] [WARN] [1783274856.979079475] [controller_server]: Control loop missed its desired rate of 20.0000Hz
[controller_server-1] [INFO] [1783274857.605722804] [controller_server]: Passing new path to controller.
[controller_server-1] [WARN] [1783274857.806865008] [controller_server]: Control loop missed its desired rate of 20.0000Hz
[controller_server-1] [ERROR] [1783274857.979845194] [transformPoseInTargetFrame]: Extrapolation Error looking up target frame: Lookup would require extrapolation into the future.  Requested time 1639.234000 but the latest data is at time 1639.222000, when looking up transform from frame [map] to frame [leo1/base_link]
[controller_server-1] 
[controller_server-1] [WARN] [1783274857.980488606] [controller_server]: Control loop missed its desired rate of 20.0000Hz
[controller_server-1] [INFO] [1783274858.656944364] [controller_server]: Passing new path to controller.
[controller_server-1] [WARN] [1783274858.808152763] [controller_server]: Control loop missed its desired rate of 20.0000Hz
[controller_server-1] [WARN] [1783274859.013317153] [controller_server]: Control loop missed its desired rate of 20.0000Hz
[controller_server-1] [ERROR] [1783274859.209466765] [transformPoseInTargetFrame]: Extrapolation Error looking up target frame: Lookup would require extrapolation into the future.  Requested time 1640.456000 but the latest data is at time 1640.422000, when looking up transform from frame [map] to frame [leo1/base_link]
[controller_server-1] 
[controller_server-1] [WARN] [1783274859.210186343] [controller_server]: Control loop missed its desired rate of 20.0000Hz
[controller_server-1] [INFO] [1783274859.669013711] [controller_server]: Passing new path to controller.
[controller_server-1] [WARN] [1783274859.821205556] [controller_server]: Control loop missed its desired rate of 20.0000Hz
[controller_server-1] [ERROR] [1783274860.011444477] [transformPoseInTargetFrame]: Extrapolation Error looking up target frame: Lookup would require extrapolation into the future.  Requested time 1641.254000 but the latest data is at time 1641.242000, when looking up transform from frame [map] to frame [leo1/base_link]
[controller_server-1] 
[controller_server-1] [WARN] [1783274860.012088799] [controller_server]: Control loop missed its desired rate of 20.0000Hz
[controller_server-1] [INFO] [1783274860.725714556] [controller_server]: Passing new path to controller.
[controller_server-1] [WARN] [1783274860.817422505] [controller_server]: Control loop missed its desired rate of 20.0000Hz
[controller_server-1] [ERROR] [1783274861.013362402] [transformPoseInTargetFrame]: Extrapolation Error looking up target frame: Lookup would require extrapolation into the future.  Requested time 1642.252000 but the latest data is at time 1642.222000, when looking up transform from frame [map] to frame [leo1/base_link]
[controller_server-1] 
[controller_server-1] [WARN] [1783274861.014355320] [controller_server]: Control loop missed its desired rate of 20.0000Hz
[controller_server-1] [INFO] [1783274861.726368124] [controller_server]: Passing new path to controller.
[controller_server-1] [WARN] [1783274861.829162381] [controller_server]: Control loop missed its desired rate of 20.0000Hz
[controller_server-1] [INFO] [1783274862.764432466] [controller_server]: Passing new path to controller.
[controller_server-1] [WARN] [1783274862.837167101] [controller_server]: Control loop missed its desired rate of 20.0000Hz
[controller_server-1] [INFO] [1783274863.764452855] [controller_server]: Passing new path to controller.
[controller_server-1] [ERROR] [1783274863.866802313] [transformPoseInTargetFrame]: Extrapolation Error looking up target frame: Lookup would require extrapolation into the future.  Requested time 1645.075000 but the latest data is at time 1645.042000, when looking up transform from frame [map] to frame [leo1/base_link]
[controller_server-1] 
[controller_server-1] [WARN] [1783274863.867413802] [controller_server]: Control loop missed its desired rate of 20.0000Hz
[controller_server-1] [INFO] [1783274864.837121779] [controller_server]: Passing new path to controller.
[controller_server-1] [INFO] [1783274865.817491105] [controller_server]: Passing new path to controller.
[controller_server-1] [WARN] [1783274865.899521967] [controller_server]: Control loop missed its desired rate of 20.0000Hz
[controller_server-1] [INFO] [1783274866.867490023] [controller_server]: Passing new path to controller.
[controller_server-1] [WARN] [1783274866.919229776] [controller_server]: Control loop missed its desired rate of 20.0000Hz
[controller_server-1] [INFO] [1783274867.917512115] [controller_server]: Passing new path to controller.
[controller_server-1] [INFO] [1783274868.917493196] [controller_server]: Passing new path to controller.
[controller_server-1] [INFO] [1783274869.967501376] [controller_server]: Passing new path to controller.
[controller_server-1] [INFO] [1783274870.967494860] [controller_server]: Passing new path to controller.
[controller_server-1] [INFO] [1783274872.017500644] [controller_server]: Passing new path to controller.
[controller_server-1] [INFO] [1783274873.067507468] [controller_server]: Passing new path to controller.
[controller_server-1] [INFO] [1783274874.067500596] [controller_server]: Passing new path to controller.
[controller_server-1] [INFO] [1783274875.117501021] [controller_server]: Passing new path to controller.
[controller_server-1] [INFO] [1783274876.117499139] [controller_server]: Passing new path to controller.
[controller_server-1] [INFO] [1783274877.167511666] [controller_server]: Passing new path to controller.
[controller_server-1] [INFO] [1783274878.217491608] [controller_server]: Passing new path to controller.
[controller_server-1] [INFO] [1783274879.217491664] [controller_server]: Passing new path to controller.
[controller_server-1] [INFO] [1783274879.767645952] [controller_server]: Reached the goal!
[bt_navigator-4] [INFO] [1783274879.805145615] [bt_navigator]: Goal succeeded
[bt_navigator-4] [INFO] [1783274884.774976047] [bt_navigator]: Begin navigating from current location (-0.14, -4.47) to (1.09, -3.26)
[controller_server-1] [INFO] [1783274884.796016047] [controller_server]: Received a goal, begin computing control effort.
[controller_server-1] [ERROR] [1783274884.997379009] [transformPoseInTargetFrame]: Extrapolation Error looking up target frame: Lookup would require extrapolation into the future.  Requested time 1665.851000 but the latest data is at time 1665.842000, when looking up transform from frame [map] to frame [leo1/base_link]
[controller_server-1] 
[controller_server-1] [WARN] [1783274884.997731877] [controller_server]: Control loop missed its desired rate of 20.0000Hz
[controller_server-1] [INFO] [1783274885.857128188] [controller_server]: Passing new path to controller.
[controller_server-1] [ERROR] [1783274886.019408131] [transformPoseInTargetFrame]: Extrapolation Error looking up target frame: Lookup would require extrapolation into the future.  Requested time 1666.862000 but the latest data is at time 1666.842000, when looking up transform from frame [map] to frame [leo1/base_link]
[controller_server-1] 
[controller_server-1] [WARN] [1783274886.019813291] [controller_server]: Control loop missed its desired rate of 20.0000Hz
[controller_server-1] [INFO] [1783274886.897841374] [controller_server]: Passing new path to controller.
[controller_server-1] [ERROR] [1783274886.999855419] [transformPoseInTargetFrame]: Extrapolation Error looking up target frame: Lookup would require extrapolation into the future.  Requested time 1667.829000 but the latest data is at time 1667.822000, when looking up transform from frame [map] to frame [leo1/base_link]
[controller_server-1] 
[controller_server-1] [WARN] [1783274887.000267013] [controller_server]: Control loop missed its desired rate of 20.0000Hz
[controller_server-1] [INFO] [1783274887.909665084] [controller_server]: Passing new path to controller.
[controller_server-1] [ERROR] [1783274888.011585046] [transformPoseInTargetFrame]: Extrapolation Error looking up target frame: Lookup would require extrapolation into the future.  Requested time 1668.830000 but the latest data is at time 1668.822000, when looking up transform from frame [map] to frame [leo1/base_link]
[controller_server-1] 
[controller_server-1] [WARN] [1783274888.012288424] [controller_server]: Control loop missed its desired rate of 20.0000Hz
[controller_server-1] [INFO] [1783274888.950358008] [controller_server]: Passing new path to controller.
[controller_server-1] [ERROR] [1783274889.052223944] [transformPoseInTargetFrame]: Extrapolation Error looking up target frame: Lookup would require extrapolation into the future.  Requested time 1669.861000 but the latest data is at time 1669.822000, when looking up transform from frame [map] to frame [leo1/base_link]
[controller_server-1] 
[controller_server-1] [WARN] [1783274889.054453787] [controller_server]: Control loop missed its desired rate of 20.0000Hz
[controller_server-1] [INFO] [1783274889.963470430] [controller_server]: Passing new path to controller.
[controller_server-1] [ERROR] [1783274890.065561439] [transformPoseInTargetFrame]: Extrapolation Error looking up target frame: Lookup would require extrapolation into the future.  Requested time 1670.861000 but the latest data is at time 1670.842000, when looking up transform from frame [map] to frame [leo1/base_link]
[controller_server-1] 
[controller_server-1] [WARN] [1783274890.066308724] [controller_server]: Control loop missed its desired rate of 20.0000Hz
[controller_server-1] [INFO] [1783274891.004545837] [controller_server]: Passing new path to controller.
[controller_server-1] [WARN] [1783274891.076194461] [controller_server]: Control loop missed its desired rate of 20.0000Hz
[controller_server-1] [WARN] [1783274891.295741671] [controller_server]: Control loop missed its desired rate of 20.0000Hz
[controller_server-1] [WARN] [1783274891.305982400] [controller_server]: Control loop missed its desired rate of 20.0000Hz
[controller_server-1] [ERROR] [1783274891.455662344] [transformPoseInTargetFrame]: Extrapolation Error looking up target frame: Lookup would require extrapolation into the future.  Requested time 1672.237000 but the latest data is at time 1672.222000, when looking up transform from frame [map] to frame [leo1/base_link]
[controller_server-1] 
[controller_server-1] [WARN] [1783274891.456037242] [controller_server]: Control loop missed its desired rate of 20.0000Hz
[controller_server-1] [INFO] [1783274892.012210746] [controller_server]: Passing new path to controller.
[controller_server-1] [ERROR] [1783274892.257339052] [transformPoseInTargetFrame]: Extrapolation Error looking up target frame: Lookup would require extrapolation into the future.  Requested time 1673.029000 but the latest data is at time 1673.022000, when looking up transform from frame [map] to frame [leo1/base_link]
[controller_server-1] 
[controller_server-1] [WARN] [1783274892.257998659] [controller_server]: Control loop missed its desired rate of 20.0000Hz
[controller_server-1] [INFO] [1783274893.067257766] [controller_server]: Passing new path to controller.
[controller_server-1] [INFO] [1783274894.108092384] [controller_server]: Passing new path to controller.
[controller_server-1] [INFO] [1783274895.108111624] [controller_server]: Passing new path to controller.
[controller_server-1] [ERROR] [1783274895.210887422] [transformPoseInTargetFrame]: Extrapolation Error looking up target frame: Lookup would require extrapolation into the future.  Requested time 1675.911000 but the latest data is at time 1675.842000, when looking up transform from frame [map] to frame [leo1/base_link]
[controller_server-1] 
[controller_server-1] [WARN] [1783274895.211575291] [controller_server]: Control loop missed its desired rate of 20.0000Hz
[controller_server-1] [INFO] [1783274896.172335763] [controller_server]: Passing new path to controller.
[controller_server-1] [INFO] [1783274897.161652142] [controller_server]: Passing new path to controller.
[controller_server-1] [WARN] [1783274897.233265536] [controller_server]: Control loop missed its desired rate of 20.0000Hz
[controller_server-1] [INFO] [1783274898.211657780] [controller_server]: Passing new path to controller.
[controller_server-1] [WARN] [1783274898.293279319] [controller_server]: Control loop missed its desired rate of 20.0000Hz
[controller_server-1] [INFO] [1783274899.261675652] [controller_server]: Passing new path to controller.
[controller_server-1] [INFO] [1783274900.261656788] [controller_server]: Passing new path to controller.
[controller_server-1] [INFO] [1783274901.011825397] [controller_server]: Reached the goal!
[bt_navigator-4] [INFO] [1783274901.045712415] [bt_navigator]: Goal succeeded
[bt_navigator-4] [INFO] [1783274905.278386438] [bt_navigator]: Begin navigating from current location (0.91, -3.42) to (2.65, -2.26)
[controller_server-1] [INFO] [1783274905.299584557] [controller_server]: Received a goal, begin computing control effort.
[controller_server-1] [ERROR] [1783274905.400762214] [transformPoseInTargetFrame]: Extrapolation Error looking up target frame: Lookup would require extrapolation into the future.  Requested time 1685.845000 but the latest data is at time 1685.822000, when looking up transform from frame [map] to frame [leo1/base_link]
[controller_server-1] 
[controller_server-1] [WARN] [1783274905.401427061] [controller_server]: Control loop missed its desired rate of 20.0000Hz
[controller_server-1] [INFO] [1783274906.364509995] [controller_server]: Passing new path to controller.
[controller_server-1] [ERROR] [1783274906.602885937] [transformPoseInTargetFrame]: Extrapolation Error looking up target frame: Lookup would require extrapolation into the future.  Requested time 1687.035000 but the latest data is at time 1687.022000, when looking up transform from frame [map] to frame [leo1/base_link]
[controller_server-1] 
[controller_server-1] [WARN] [1783274906.603437159] [controller_server]: Control loop missed its desired rate of 20.0000Hz
[controller_server-1] [INFO] [1783274907.364008099] [controller_server]: Passing new path to controller.
[controller_server-1] [WARN] [1783274907.455962509] [controller_server]: Control loop missed its desired rate of 20.0000Hz
[controller_server-1] [ERROR] [1783274907.615070525] [transformPoseInTargetFrame]: Extrapolation Error looking up target frame: Lookup would require extrapolation into the future.  Requested time 1688.025000 but the latest data is at time 1688.022000, when looking up transform from frame [map] to frame [leo1/base_link]
[controller_server-1] 
[controller_server-1] [WARN] [1783274907.616105279] [controller_server]: Control loop missed its desired rate of 20.0000Hz
[controller_server-1] [INFO] [1783274908.427450302] [controller_server]: Passing new path to controller.
[controller_server-1] [WARN] [1783274908.667318207] [controller_server]: Control loop missed its desired rate of 20.0000Hz
[controller_server-1] [ERROR] [1783274908.830490572] [transformPoseInTargetFrame]: Extrapolation Error looking up target frame: Lookup would require extrapolation into the future.  Requested time 1689.229000 but the latest data is at time 1689.222000, when looking up transform from frame [map] to frame [leo1/base_link]
[controller_server-1] 
[controller_server-1] [WARN] [1783274908.831424161] [controller_server]: Control loop missed its desired rate of 20.0000Hz
[controller_server-1] [INFO] [1783274909.467388758] [controller_server]: Passing new path to controller.
[controller_server-1] [ERROR] [1783274909.668702973] [transformPoseInTargetFrame]: Extrapolation Error looking up target frame: Lookup would require extrapolation into the future.  Requested time 1690.057000 but the latest data is at time 1690.022000, when looking up transform from frame [map] to frame [leo1/base_link]
[controller_server-1] 
[controller_server-1] [WARN] [1783274909.669337565] [controller_server]: Control loop missed its desired rate of 20.0000Hz
[controller_server-1] [INFO] [1783274910.482003597] [controller_server]: Passing new path to controller.
[controller_server-1] [ERROR] [1783274910.654364620] [transformPoseInTargetFrame]: Extrapolation Error looking up target frame: Lookup would require extrapolation into the future.  Requested time 1691.033000 but the latest data is at time 1691.022000, when looking up transform from frame [map] to frame [leo1/base_link]
[controller_server-1] 
[controller_server-1] [WARN] [1783274910.654894835] [controller_server]: Control loop missed its desired rate of 20.0000Hz
[controller_server-1] [INFO] [1783274911.519439677] [controller_server]: Passing new path to controller.
[controller_server-1] [ERROR] [1783274911.670639454] [transformPoseInTargetFrame]: Extrapolation Error looking up target frame: Lookup would require extrapolation into the future.  Requested time 1692.035000 but the latest data is at time 1692.022000, when looking up transform from frame [map] to frame [leo1/base_link]
[controller_server-1] 
[controller_server-1] [WARN] [1783274911.672613068] [controller_server]: Control loop missed its desired rate of 20.0000Hz
[controller_server-1] [INFO] [1783274912.538473330] [controller_server]: Passing new path to controller.
[planner_server-2] [INFO] [1783274912.910582073] [global_costmap.global_costmap]: StaticLayer: Resizing costmap to 281 X 281 at 0.050000 m/pix
[controller_server-1] [INFO] [1783274913.577626289] [controller_server]: Passing new path to controller.
[controller_server-1] [WARN] [1783274913.639998163] [controller_server]: Control loop missed its desired rate of 20.0000Hz
[planner_server-2] [INFO] [1783274913.715467062] [global_costmap.global_costmap]: StaticLayer: Resizing costmap to 281 X 281 at 0.050000 m/pix
[controller_server-1] [INFO] [1783274914.577622611] [controller_server]: Passing new path to controller.
[controller_server-1] [WARN] [1783274914.640261655] [controller_server]: Control loop missed its desired rate of 20.0000Hz
[controller_server-1] [INFO] [1783274915.627630036] [controller_server]: Passing new path to controller.
[controller_server-1] [INFO] [1783274916.627617390] [controller_server]: Passing new path to controller.
[controller_server-1] [ERROR] [1783274916.729680283] [transformPoseInTargetFrame]: Extrapolation Error looking up target frame: Lookup would require extrapolation into the future.  Requested time 1696.885000 but the latest data is at time 1696.862000, when looking up transform from frame [map] to frame [leo1/base_link]
[controller_server-1] 
[controller_server-1] [WARN] [1783274916.730539138] [controller_server]: Control loop missed its desired rate of 20.0000Hz
[controller_server-1] [INFO] [1783274917.689902698] [controller_server]: Passing new path to controller.
[controller_server-1] [INFO] [1783274918.730681404] [controller_server]: Passing new path to controller.
[controller_server-1] [INFO] [1783274919.730652449] [controller_server]: Passing new path to controller.
[controller_server-1] [INFO] [1783274920.780643533] [controller_server]: Passing new path to controller.
[controller_server-1] [INFO] [1783274921.780627631] [controller_server]: Passing new path to controller.
[controller_server-1] [INFO] [1783274922.830632441] [controller_server]: Passing new path to controller.
[controller_server-1] [INFO] [1783274923.880625401] [controller_server]: Passing new path to controller.
[controller_server-1] [INFO] [1783274924.880630973] [controller_server]: Passing new path to controller.
[controller_server-1] [INFO] [1783274925.930627960] [controller_server]: Passing new path to controller.
[controller_server-1] [ERROR] [1783274926.032729077] [transformPoseInTargetFrame]: Extrapolation Error looking up target frame: Lookup would require extrapolation into the future.  Requested time 1706.027000 but the latest data is at time 1706.022000, when looking up transform from frame [map] to frame [leo1/base_link]
[controller_server-1] 
[controller_server-1] [WARN] [1783274926.033144809] [controller_server]: Control loop missed its desired rate of 20.0000Hz
[controller_server-1] [INFO] [1783274926.940601482] [controller_server]: Passing new path to controller.
[controller_server-1] [INFO] [1783274927.998010142] [controller_server]: Passing new path to controller.
[controller_server-1] [INFO] [1783274928.149897386] [controller_server]: Reached the goal!
[bt_navigator-4] [INFO] [1783274928.183936479] [bt_navigator]: Goal succeeded
[bt_navigator-4] [INFO] [1783274933.802187943] [bt_navigator]: Begin navigating from current location (2.74, -2.49) to (0.68, -0.89)
[controller_server-1] [INFO] [1783274933.823662893] [controller_server]: Received a goal, begin computing control effort.
[controller_server-1] [WARN] [1783274933.874601864] [controller_server]: Control loop missed its desired rate of 20.0000Hz
[controller_server-1] [ERROR] [1783274934.025392980] [transformPoseInTargetFrame]: Extrapolation Error looking up target frame: Lookup would require extrapolation into the future.  Requested time 1713.859000 but the latest data is at time 1713.842000, when looking up transform from frame [map] to frame [leo1/base_link]
[controller_server-1] 
[controller_server-1] [WARN] [1783274934.026498775] [controller_server]: Control loop missed its desired rate of 20.0000Hz
[controller_server-1] [INFO] [1783274934.896453941] [controller_server]: Passing new path to controller.
[controller_server-1] [ERROR] [1783274935.058809020] [transformPoseInTargetFrame]: Extrapolation Error looking up target frame: Lookup would require extrapolation into the future.  Requested time 1714.875000 but the latest data is at time 1714.842000, when looking up transform from frame [map] to frame [leo1/base_link]
[controller_server-1] 
[controller_server-1] [WARN] [1783274935.060083740] [controller_server]: Control loop missed its desired rate of 20.0000Hz
[controller_server-1] [INFO] [1783274935.926626777] [controller_server]: Passing new path to controller.
[controller_server-1] [ERROR] [1783274936.077925744] [transformPoseInTargetFrame]: Extrapolation Error looking up target frame: Lookup would require extrapolation into the future.  Requested time 1715.875000 but the latest data is at time 1715.842000, when looking up transform from frame [map] to frame [leo1/base_link]
[controller_server-1] 
[controller_server-1] [WARN] [1783274936.078941110] [controller_server]: Control loop missed its desired rate of 20.0000Hz
[controller_server-1] [INFO] [1783274936.950468158] [controller_server]: Passing new path to controller.
[controller_server-1] [ERROR] [1783274937.052465107] [transformPoseInTargetFrame]: Extrapolation Error looking up target frame: Lookup would require extrapolation into the future.  Requested time 1716.830000 but the latest data is at time 1716.822000, when looking up transform from frame [map] to frame [leo1/base_link]
[controller_server-1] 
[controller_server-1] [WARN] [1783274937.053420707] [controller_server]: Control loop missed its desired rate of 20.0000Hz
[controller_server-1] [INFO] [1783274937.979033045] [controller_server]: Passing new path to controller.
[controller_server-1] [ERROR] [1783274938.081078937] [transformPoseInTargetFrame]: Extrapolation Error looking up target frame: Lookup would require extrapolation into the future.  Requested time 1717.846000 but the latest data is at time 1717.842000, when looking up transform from frame [map] to frame [leo1/base_link]
[controller_server-1] 
[controller_server-1] [WARN] [1783274938.082281925] [controller_server]: Control loop missed its desired rate of 20.0000Hz
[controller_server-1] [INFO] [1783274939.004673602] [controller_server]: Passing new path to controller.
[controller_server-1] [ERROR] [1783274939.107027127] [transformPoseInTargetFrame]: Extrapolation Error looking up target frame: Lookup would require extrapolation into the future.  Requested time 1718.857000 but the latest data is at time 1718.842000, when looking up transform from frame [map] to frame [leo1/base_link]
[controller_server-1] 
[controller_server-1] [WARN] [1783274939.108468476] [controller_server]: Control loop missed its desired rate of 20.0000Hz
[controller_server-1] [INFO] [1783274940.032411174] [controller_server]: Passing new path to controller.
[controller_server-1] [ERROR] [1783274940.134337716] [transformPoseInTargetFrame]: Extrapolation Error looking up target frame: Lookup would require extrapolation into the future.  Requested time 1719.862000 but the latest data is at time 1719.842000, when looking up transform from frame [map] to frame [leo1/base_link]
[controller_server-1] 
[controller_server-1] [WARN] [1783274940.135172658] [controller_server]: Control loop missed its desired rate of 20.0000Hz
[controller_server-1] [INFO] [1783274941.054874165] [controller_server]: Passing new path to controller.
[controller_server-1] [ERROR] [1783274941.157471524] [transformPoseInTargetFrame]: Extrapolation Error looking up target frame: Lookup would require extrapolation into the future.  Requested time 1720.871000 but the latest data is at time 1720.842000, when looking up transform from frame [map] to frame [leo1/base_link]
[controller_server-1] 
[controller_server-1] [WARN] [1783274941.158370398] [controller_server]: Control loop missed its desired rate of 20.0000Hz
[controller_server-1] [INFO] [1783274942.085250439] [controller_server]: Passing new path to controller.
[controller_server-1] [WARN] [1783274942.167088825] [controller_server]: Control loop missed its desired rate of 20.0000Hz
[controller_server-1] [WARN] [1783274942.187463882] [controller_server]: Control loop missed its desired rate of 20.0000Hz
[controller_server-1] [ERROR] [1783274942.336399894] [transformPoseInTargetFrame]: Extrapolation Error looking up target frame: Lookup would require extrapolation into the future.  Requested time 1722.033000 but the latest data is at time 1722.022000, when looking up transform from frame [map] to frame [leo1/base_link]
[controller_server-1] 
[controller_server-1] [WARN] [1783274942.337827161] [controller_server]: Control loop missed its desired rate of 20.0000Hz
[controller_server-1] [INFO] [1783274943.102242985] [controller_server]: Passing new path to controller.
[controller_server-1] [WARN] [1783274943.379241504] [controller_server]: Control loop missed its desired rate of 20.0000Hz
[controller_server-1] [WARN] [1783274943.399646410] [controller_server]: Control loop missed its desired rate of 20.0000Hz
[controller_server-1] [ERROR] [1783274943.593903297] [transformPoseInTargetFrame]: Extrapolation Error looking up target frame: Lookup would require extrapolation into the future.  Requested time 1723.271000 but the latest data is at time 1723.242000, when looking up transform from frame [map] to frame [leo1/base_link]
[controller_server-1] 
[controller_server-1] [WARN] [1783274943.594719982] [controller_server]: Control loop missed its desired rate of 20.0000Hz
[controller_server-1] [INFO] [1783274944.157171406] [controller_server]: Passing new path to controller.
[controller_server-1] [ERROR] [1783274944.396060653] [transformPoseInTargetFrame]: Extrapolation Error looking up target frame: Lookup would require extrapolation into the future.  Requested time 1724.060000 but the latest data is at time 1724.042000, when looking up transform from frame [map] to frame [leo1/base_link]
[controller_server-1] 
[controller_server-1] [WARN] [1783274944.396831752] [controller_server]: Control loop missed its desired rate of 20.0000Hz
[controller_server-1] [INFO] [1783274945.161570680] [controller_server]: Passing new path to controller.
[controller_server-1] [ERROR] [1783274945.398254694] [transformPoseInTargetFrame]: Extrapolation Error looking up target frame: Lookup would require extrapolation into the future.  Requested time 1725.051000 but the latest data is at time 1725.022000, when looking up transform from frame [map] to frame [leo1/base_link]
[controller_server-1] 
[controller_server-1] [WARN] [1783274945.399029298] [controller_server]: Control loop missed its desired rate of 20.0000Hz
[controller_server-1] [INFO] [1783274946.215847843] [controller_server]: Passing new path to controller.
[controller_server-1] [ERROR] [1783274946.388256034] [transformPoseInTargetFrame]: Extrapolation Error looking up target frame: Lookup would require extrapolation into the future.  Requested time 1726.027000 but the latest data is at time 1726.022000, when looking up transform from frame [map] to frame [leo1/base_link]
[controller_server-1] 
[controller_server-1] [WARN] [1783274946.389012764] [controller_server]: Control loop missed its desired rate of 20.0000Hz
[controller_server-1] [INFO] [1783274947.249126167] [controller_server]: Passing new path to controller.
[controller_server-1] [ERROR] [1783274947.400713212] [transformPoseInTargetFrame]: Extrapolation Error looking up target frame: Lookup would require extrapolation into the future.  Requested time 1727.028000 but the latest data is at time 1727.022000, when looking up transform from frame [map] to frame [leo1/base_link]
[controller_server-1] 
[controller_server-1] [WARN] [1783274947.401622673] [controller_server]: Control loop missed its desired rate of 20.0000Hz
[controller_server-1] [INFO] [1783274948.269869753] [controller_server]: Passing new path to controller.
[controller_server-1] [ERROR] [1783274948.432239966] [transformPoseInTargetFrame]: Extrapolation Error looking up target frame: Lookup would require extrapolation into the future.  Requested time 1728.054000 but the latest data is at time 1728.022000, when looking up transform from frame [map] to frame [leo1/base_link]
[controller_server-1] 
[controller_server-1] [WARN] [1783274948.433024888] [controller_server]: Control loop missed its desired rate of 20.0000Hz
[controller_server-1] [INFO] [1783274949.301710576] [controller_server]: Passing new path to controller.
[controller_server-1] [ERROR] [1783274949.452840397] [transformPoseInTargetFrame]: Extrapolation Error looking up target frame: Lookup would require extrapolation into the future.  Requested time 1729.063000 but the latest data is at time 1729.022000, when looking up transform from frame [map] to frame [leo1/base_link]
[controller_server-1] 
[controller_server-1] [WARN] [1783274949.453681068] [controller_server]: Control loop missed its desired rate of 20.0000Hz
[controller_server-1] [INFO] [1783274950.324068447] [controller_server]: Passing new path to controller.
[controller_server-1] [WARN] [1783274950.476695527] [controller_server]: Control loop missed its desired rate of 20.0000Hz
[controller_server-1] [ERROR] [1783274950.655055054] [transformPoseInTargetFrame]: Extrapolation Error looking up target frame: Lookup would require extrapolation into the future.  Requested time 1730.250000 but the latest data is at time 1730.222000, when looking up transform from frame [map] to frame [leo1/base_link]
[controller_server-1] 
[controller_server-1] [WARN] [1783274950.655829572] [controller_server]: Control loop missed its desired rate of 20.0000Hz
[controller_server-1] [INFO] [1783274951.321752192] [controller_server]: Passing new path to controller.
[controller_server-1] [WARN] [1783274951.483988905] [controller_server]: Control loop missed its desired rate of 20.0000Hz
[controller_server-1] [ERROR] [1783274951.657314609] [transformPoseInTargetFrame]: Extrapolation Error looking up target frame: Lookup would require extrapolation into the future.  Requested time 1731.242000 but the latest data is at time 1731.222000, when looking up transform from frame [map] to frame [leo1/base_link]
[controller_server-1] 
[controller_server-1] [WARN] [1783274951.658204535] [controller_server]: Control loop missed its desired rate of 20.0000Hz
[controller_server-1] [INFO] [1783274952.375598979] [controller_server]: Passing new path to controller.
[controller_server-1] [ERROR] [1783274952.477935373] [transformPoseInTargetFrame]: Extrapolation Error looking up target frame: Lookup would require extrapolation into the future.  Requested time 1732.057000 but the latest data is at time 1732.042000, when looking up transform from frame [map] to frame [leo1/base_link]
[controller_server-1] 
[controller_server-1] [WARN] [1783274952.479039413] [controller_server]: Control loop missed its desired rate of 20.0000Hz
[controller_server-1] [INFO] [1783274953.408305643] [controller_server]: Passing new path to controller.
[controller_server-1] [WARN] [1783274953.500446699] [controller_server]: Control loop missed its desired rate of 20.0000Hz
[controller_server-1] [WARN] [1783274953.520828221] [controller_server]: Control loop missed its desired rate of 20.0000Hz
[controller_server-1] [ERROR] [1783274953.709388471] [transformPoseInTargetFrame]: Extrapolation Error looking up target frame: Lookup would require extrapolation into the future.  Requested time 1733.270000 but the latest data is at time 1733.262000, when looking up transform from frame [map] to frame [leo1/base_link]
[controller_server-1] 
[controller_server-1] [WARN] [1783274953.710585076] [controller_server]: Control loop missed its desired rate of 20.0000Hz
[controller_server-1] [INFO] [1783274954.423721658] [controller_server]: Passing new path to controller.
[controller_server-1] [WARN] [1783274954.525771022] [controller_server]: Control loop missed its desired rate of 20.0000Hz
[controller_server-1] [ERROR] [1783274954.711979059] [transformPoseInTargetFrame]: Extrapolation Error looking up target frame: Lookup would require extrapolation into the future.  Requested time 1734.255000 but the latest data is at time 1734.222000, when looking up transform from frame [map] to frame [leo1/base_link]
[controller_server-1] 
[controller_server-1] [WARN] [1783274954.712750603] [controller_server]: Control loop missed its desired rate of 20.0000Hz
[controller_server-1] [INFO] [1783274955.478342035] [controller_server]: Passing new path to controller.
[controller_server-1] [WARN] [1783274955.754037506] [controller_server]: Control loop missed its desired rate of 20.0000Hz
[controller_server-1] [WARN] [1783274955.764304348] [controller_server]: Control loop missed its desired rate of 20.0000Hz
[controller_server-1] [ERROR] [1783274955.914149981] [transformPoseInTargetFrame]: Extrapolation Error looking up target frame: Lookup would require extrapolation into the future.  Requested time 1735.438000 but the latest data is at time 1735.422000, when looking up transform from frame [map] to frame [leo1/base_link]
[controller_server-1] 
[controller_server-1] [WARN] [1783274955.915309437] [controller_server]: Control loop missed its desired rate of 20.0000Hz
[controller_server-1] [INFO] [1783274956.476794212] [controller_server]: Passing new path to controller.
[controller_server-1] [WARN] [1783274956.569084049] [controller_server]: Control loop missed its desired rate of 20.0000Hz
[controller_server-1] [ERROR] [1783274956.716708034] [transformPoseInTargetFrame]: Extrapolation Error looking up target frame: Lookup would require extrapolation into the future.  Requested time 1736.233000 but the latest data is at time 1736.222000, when looking up transform from frame [map] to frame [leo1/base_link]
[controller_server-1] 
[controller_server-1] [WARN] [1783274956.718180127] [controller_server]: Control loop missed its desired rate of 20.0000Hz
[controller_server-1] [INFO] [1783274957.532938027] [controller_server]: Passing new path to controller.
[controller_server-1] [ERROR] [1783274957.769661562] [transformPoseInTargetFrame]: Extrapolation Error looking up target frame: Lookup would require extrapolation into the future.  Requested time 1737.278000 but the latest data is at time 1737.262000, when looking up transform from frame [map] to frame [leo1/base_link]
[controller_server-1] 
[controller_server-1] [WARN] [1783274957.771002870] [controller_server]: Control loop missed its desired rate of 20.0000Hz
[controller_server-1] [INFO] [1783274958.538173782] [controller_server]: Passing new path to controller.
[controller_server-1] [WARN] [1783274958.657421778] [controller_server]: Control loop missed its desired rate of 20.0000Hz
[controller_server-1] [ERROR] [1783274958.774183006] [transformPoseInTargetFrame]: Extrapolation Error looking up target frame: Lookup would require extrapolation into the future.  Requested time 1738.244000 but the latest data is at time 1738.242000, when looking up transform from frame [map] to frame [leo1/base_link]
[controller_server-1] 
[controller_server-1] [WARN] [1783274958.776435980] [controller_server]: Control loop missed its desired rate of 20.0000Hz
[controller_server-1] [INFO] [1783274959.606062335] [controller_server]: Passing new path to controller.
[controller_server-1] [ERROR] [1783274959.719705312] [transformPoseInTargetFrame]: Extrapolation Error looking up target frame: Lookup would require extrapolation into the future.  Requested time 1739.092000 but the latest data is at time 1739.042000, when looking up transform from frame [map] to frame [leo1/base_link]
[controller_server-1] 
[controller_server-1] [WARN] [1783274959.721063400] [controller_server]: Control loop missed its desired rate of 20.0000Hz
[controller_server-1] [INFO] [1783274960.626535670] [controller_server]: Passing new path to controller.
[controller_server-1] [ERROR] [1783274960.808483347] [transformPoseInTargetFrame]: Extrapolation Error looking up target frame: Lookup would require extrapolation into the future.  Requested time 1740.084000 but the latest data is at time 1740.042000, when looking up transform from frame [map] to frame [leo1/base_link]
[controller_server-1] 
[controller_server-1] [WARN] [1783274960.813744220] [controller_server]: Control loop missed its desired rate of 20.0000Hz
[controller_server-1] [INFO] [1783274961.637761142] [controller_server]: Passing new path to controller.
[controller_server-1] [ERROR] [1783274961.865206016] [transformPoseInTargetFrame]: Extrapolation Error looking up target frame: Lookup would require extrapolation into the future.  Requested time 1741.074000 but the latest data is at time 1741.042000, when looking up transform from frame [map] to frame [leo1/base_link]
[controller_server-1] 
[controller_server-1] [WARN] [1783274961.866322047] [controller_server]: Control loop missed its desired rate of 20.0000Hz
[controller_server-1] [INFO] [1783274962.691748385] [controller_server]: Passing new path to controller.
[controller_server-1] [WARN] [1783274962.794551548] [controller_server]: Control loop missed its desired rate of 20.0000Hz
[controller_server-1] [ERROR] [1783274962.919142598] [transformPoseInTargetFrame]: Extrapolation Error looking up target frame: Lookup would require extrapolation into the future.  Requested time 1742.047000 but the latest data is at time 1742.042000, when looking up transform from frame [map] to frame [leo1/base_link]
[controller_server-1] 
[controller_server-1] [WARN] [1783274962.920097942] [controller_server]: Control loop missed its desired rate of 20.0000Hz
[controller_server-1] [INFO] [1783274963.685878446] [controller_server]: Passing new path to controller.
[controller_server-1] [WARN] [1783274963.777911610] [controller_server]: Control loop missed its desired rate of 20.0000Hz
[controller_server-1] [WARN] [1783274963.961514749] [controller_server]: Control loop missed its desired rate of 20.0000Hz
[controller_server-1] [WARN] [1783274963.971934528] [controller_server]: Control loop missed its desired rate of 20.0000Hz
[controller_server-1] [ERROR] [1783274964.171331669] [transformPoseInTargetFrame]: Extrapolation Error looking up target frame: Lookup would require extrapolation into the future.  Requested time 1743.283000 but the latest data is at time 1743.242000, when looking up transform from frame [map] to frame [leo1/base_link]
[controller_server-1] 
[controller_server-1] [WARN] [1783274964.172252874] [controller_server]: Control loop missed its desired rate of 20.0000Hz
[controller_server-1] [INFO] [1783274964.737360958] [controller_server]: Passing new path to controller.
[controller_server-1] [ERROR] [1783274964.973699394] [transformPoseInTargetFrame]: Extrapolation Error looking up target frame: Lookup would require extrapolation into the future.  Requested time 1744.070000 but the latest data is at time 1744.042000, when looking up transform from frame [map] to frame [leo1/base_link]
[controller_server-1] 
[controller_server-1] [WARN] [1783274964.975480330] [controller_server]: Control loop missed its desired rate of 20.0000Hz
[controller_server-1] [INFO] [1783274965.746241368] [controller_server]: Passing new path to controller.
[controller_server-1] [WARN] [1783274965.839151295] [controller_server]: Control loop missed its desired rate of 20.0000Hz
[controller_server-1] [INFO] [1783274966.775598865] [controller_server]: Passing new path to controller.
[controller_server-1] [WARN] [1783274966.879033002] [controller_server]: Control loop missed its desired rate of 20.0000Hz
[controller_server-1] [INFO] [1783274967.804697621] [controller_server]: Passing new path to controller.
[controller_server-1] [WARN] [1783274967.907756891] [controller_server]: Control loop missed its desired rate of 20.0000Hz
[controller_server-1] [INFO] [1783274968.829148330] [controller_server]: Passing new path to controller.
[controller_server-1] [ERROR] [1783274968.931504062] [transformPoseInTargetFrame]: Extrapolation Error looking up target frame: Lookup would require extrapolation into the future.  Requested time 1747.924000 but the latest data is at time 1747.882000, when looking up transform from frame [map] to frame [leo1/base_link]
[controller_server-1] 
[controller_server-1] [WARN] [1783274968.932806846] [controller_server]: Control loop missed its desired rate of 20.0000Hz
[controller_server-1] [INFO] [1783274968.978678550] [local_costmap.local_costmap]: Received request to clear entirely the local_costmap
[planner_server-2] [INFO] [1783274968.978773530] [global_costmap.global_costmap]: Received request to clear entirely the global_costmap
[controller_server-1] [INFO] [1783274969.875109924] [controller_server]: Passing new path to controller.
[controller_server-1] [WARN] [1783274969.969361313] [controller_server]: Control loop missed its desired rate of 20.0000Hz
[controller_server-1] [INFO] [1783274970.932901999] [controller_server]: Passing new path to controller.
[controller_server-1] [INFO] [1783274971.932987637] [controller_server]: Passing new path to controller.
[controller_server-1] [WARN] [1783274972.005850127] [controller_server]: Control loop missed its desired rate of 20.0000Hz
[controller_server-1] [INFO] [1783274972.982892616] [controller_server]: Passing new path to controller.
[controller_server-1] [INFO] [1783274973.989631783] [controller_server]: Passing new path to controller.
[controller_server-1] [INFO] [1783274975.039626658] [controller_server]: Passing new path to controller.
[controller_server-1] [INFO] [1783274976.039621631] [controller_server]: Passing new path to controller.
[controller_server-1] [ERROR] [1783274976.142483991] [transformPoseInTargetFrame]: Extrapolation Error looking up target frame: Lookup would require extrapolation into the future.  Requested time 1754.931000 but the latest data is at time 1754.902000, when looking up transform from frame [map] to frame [leo1/base_link]
[controller_server-1] 
[controller_server-1] [WARN] [1783274976.143583041] [controller_server]: Control loop missed its desired rate of 20.0000Hz
[controller_server-1] [INFO] [1783274977.066190715] [controller_server]: Passing new path to controller.
[controller_server-1] [ERROR] [1783274977.168445744] [transformPoseInTargetFrame]: Extrapolation Error looking up target frame: Lookup would require extrapolation into the future.  Requested time 1755.887000 but the latest data is at time 1755.842000, when looking up transform from frame [map] to frame [leo1/base_link]
[controller_server-1] 
[controller_server-1] [WARN] [1783274977.169593965] [controller_server]: Control loop missed its desired rate of 20.0000Hz
[controller_server-1] [INFO] [1783274978.143703737] [controller_server]: Passing new path to controller.
[controller_server-1] [ERROR] [1783274978.246443233] [transformPoseInTargetFrame]: Extrapolation Error looking up target frame: Lookup would require extrapolation into the future.  Requested time 1756.924000 but the latest data is at time 1756.902000, when looking up transform from frame [map] to frame [leo1/base_link]
[controller_server-1] 
[controller_server-1] [WARN] [1783274978.247659679] [controller_server]: Control loop missed its desired rate of 20.0000Hz
[controller_server-1] [INFO] [1783274979.170152368] [controller_server]: Passing new path to controller.
[controller_server-1] [ERROR] [1783274979.273277381] [transformPoseInTargetFrame]: Extrapolation Error looking up target frame: Lookup would require extrapolation into the future.  Requested time 1757.894000 but the latest data is at time 1757.842000, when looking up transform from frame [map] to frame [leo1/base_link]
[controller_server-1] 
[controller_server-1] [WARN] [1783274979.273821585] [controller_server]: Control loop missed its desired rate of 20.0000Hz
[controller_server-1] [INFO] [1783274980.197760659] [controller_server]: Passing new path to controller.
[controller_server-1] [ERROR] [1783274980.300200753] [transformPoseInTargetFrame]: Extrapolation Error looking up target frame: Lookup would require extrapolation into the future.  Requested time 1758.857000 but the latest data is at time 1758.842000, when looking up transform from frame [map] to frame [leo1/base_link]
[controller_server-1] 
[controller_server-1] [WARN] [1783274980.300746149] [controller_server]: Control loop missed its desired rate of 20.0000Hz
[planner_server-2] [INFO] [1783274980.726986123] [global_costmap.global_costmap]: StaticLayer: Resizing costmap to 281 X 281 at 0.050000 m/pix
[controller_server-1] [INFO] [1783274981.217449192] [controller_server]: Passing new path to controller.
[controller_server-1] [INFO] [1783274982.250839095] [controller_server]: Passing new path to controller.
[controller_server-1] [WARN] [1783274982.303310515] [controller_server]: Control loop missed its desired rate of 20.0000Hz
[controller_server-1] [INFO] [1783274983.250874030] [controller_server]: Passing new path to controller.
[controller_server-1] [ERROR] [1783274983.353728053] [transformPoseInTargetFrame]: Extrapolation Error looking up target frame: Lookup would require extrapolation into the future.  Requested time 1761.645000 but the latest data is at time 1761.642000, when looking up transform from frame [map] to frame [leo1/base_link]
[controller_server-1] 
[controller_server-1] [WARN] [1783274983.354164990] [controller_server]: Control loop missed its desired rate of 20.0000Hz
[controller_server-1] [INFO] [1783274984.320972117] [controller_server]: Passing new path to controller.
[controller_server-1] [WARN] [1783274984.434652925] [controller_server]: Control loop missed its desired rate of 20.0000Hz
[controller_server-1] [INFO] [1783274985.354243252] [controller_server]: Passing new path to controller.
[controller_server-1] [ERROR] [1783274985.480413442] [transformPoseInTargetFrame]: Extrapolation Error looking up target frame: Lookup would require extrapolation into the future.  Requested time 1763.475000 but the latest data is at time 1763.442000, when looking up transform from frame [map] to frame [leo1/base_link]
[controller_server-1] 
[controller_server-1] [WARN] [1783274985.481047989] [controller_server]: Control loop missed its desired rate of 20.0000Hz
[controller_server-1] [INFO] [1783274986.342594105] [controller_server]: Passing new path to controller.
[controller_server-1] [INFO] [1783274987.374663373] [controller_server]: Passing new path to controller.
[controller_server-1] [WARN] [1783274987.436425391] [controller_server]: Control loop missed its desired rate of 20.0000Hz
[controller_server-1] [INFO] [1783274988.431163463] [controller_server]: Passing new path to controller.
[controller_server-1] [WARN] [1783274988.503732681] [controller_server]: Control loop missed its desired rate of 20.0000Hz
[controller_server-1] [INFO] [1783274989.431156726] [controller_server]: Passing new path to controller.
[controller_server-1] [ERROR] [1783274989.533884226] [transformPoseInTargetFrame]: Extrapolation Error looking up target frame: Lookup would require extrapolation into the future.  Requested time 1767.260000 but the latest data is at time 1767.242000, when looking up transform from frame [map] to frame [leo1/base_link]
[controller_server-1] 
[controller_server-1] [WARN] [1783274989.534158244] [controller_server]: Control loop missed its desired rate of 20.0000Hz
[controller_server-1] [INFO] [1783274990.496929874] [controller_server]: Passing new path to controller.
[controller_server-1] [INFO] [1783274991.510662832] [controller_server]: Passing new path to controller.
[controller_server-1] [INFO] [1783274992.518572836] [controller_server]: Passing new path to controller.
[controller_server-1] [INFO] [1783274993.576234623] [controller_server]: Passing new path to controller.
[controller_server-1] [INFO] [1783274994.584260561] [controller_server]: Passing new path to controller.
[controller_server-1] [INFO] [1783274995.634240573] [controller_server]: Passing new path to controller.
[controller_server-1] [INFO] [1783274996.684242579] [controller_server]: Passing new path to controller.
[controller_server-1] [INFO] [1783274997.684247574] [controller_server]: Passing new path to controller.
[controller_server-1] [INFO] [1783274998.734287632] [controller_server]: Passing new path to controller.
[controller_server-1] [INFO] [1783274999.734268455] [controller_server]: Passing new path to controller.
[controller_server-1] [INFO] [1783275000.784286719] [controller_server]: Passing new path to controller.
[controller_server-1] [INFO] [1783275001.834267585] [controller_server]: Passing new path to controller.
[controller_server-1] [INFO] [1783275002.834277964] [controller_server]: Passing new path to controller.
[controller_server-1] [INFO] [1783275003.889739127] [controller_server]: Passing new path to controller.
[controller_server-1] [INFO] [1783275004.889727123] [controller_server]: Passing new path to controller.
[controller_server-1] [ERROR] [1783275005.039841962] [controller_server]: Failed to make progress
[controller_server-1] [WARN] [1783275005.039965041] [controller_server]: [follow_path] [ActionServer] Aborting handle.
[controller_server-1] [INFO] [1783275005.059517177] [local_costmap.local_costmap]: Received request to clear entirely the local_costmap
[controller_server-1] [INFO] [1783275005.060818111] [controller_server]: Received a goal, begin computing control effort.
[controller_server-1] [WARN] [1783275005.221189270] [controller_server]: Control loop missed its desired rate of 20.0000Hz
[controller_server-1] [INFO] [1783275005.925704402] [controller_server]: Passing new path to controller.
[controller_server-1] [INFO] [1783275006.932954972] [controller_server]: Passing new path to controller.
[controller_server-1] [INFO] [1783275007.991273598] [controller_server]: Passing new path to controller.
[controller_server-1] [INFO] [1783275008.998109872] [controller_server]: Passing new path to controller.
[controller_server-1] [INFO] [1783275010.056518883] [controller_server]: Passing new path to controller.
[controller_server-1] [INFO] [1783275011.067211493] [controller_server]: Passing new path to controller.
[controller_server-1] [INFO] [1783275012.071821146] [controller_server]: Passing new path to controller.
[controller_server-1] [INFO] [1783275013.121306699] [controller_server]: Passing new path to controller.
[controller_server-1] [INFO] [1783275014.171299992] [controller_server]: Passing new path to controller.
[controller_server-1] [INFO] [1783275015.171255848] [controller_server]: Passing new path to controller.
[controller_server-1] [INFO] [1783275016.221284709] [controller_server]: Passing new path to controller.
[controller_server-1] [INFO] [1783275017.221318347] [controller_server]: Passing new path to controller.
[controller_server-1] [INFO] [1783275018.271303044] [controller_server]: Passing new path to controller.
[controller_server-1] [INFO] [1783275019.321297192] [controller_server]: Passing new path to controller.
[controller_server-1] [INFO] [1783275020.321276204] [controller_server]: Passing new path to controller.
[controller_server-1] [ERROR] [1783275020.421336308] [controller_server]: Failed to make progress
[controller_server-1] [WARN] [1783275020.421468696] [controller_server]: [follow_path] [ActionServer] Aborting handle.
[controller_server-1] [INFO] [1783275020.439466510] [local_costmap.local_costmap]: Received request to clear entirely the local_costmap
[planner_server-2] [INFO] [1783275020.439917056] [global_costmap.global_costmap]: Received request to clear entirely the global_costmap
[controller_server-1] [INFO] [1783275020.560224737] [controller_server]: Received a goal, begin computing control effort.
[controller_server-1] [WARN] [1783275020.620836069] [controller_server]: Control loop missed its desired rate of 20.0000Hz
[controller_server-1] [INFO] [1783275021.610470151] [controller_server]: Passing new path to controller.
[controller_server-1] [INFO] [1783275022.660480896] [controller_server]: Passing new path to controller.
[controller_server-1] [INFO] [1783275023.660438554] [controller_server]: Passing new path to controller.
[controller_server-1] [INFO] [1783275024.710447932] [controller_server]: Passing new path to controller.
[controller_server-1] [INFO] [1783275025.710420691] [controller_server]: Passing new path to controller.
[controller_server-1] [INFO] [1783275026.760504490] [controller_server]: Goal was canceled. Stopping the robot.
[controller_server-1] [WARN] [1783275026.760568829] [controller_server]: [follow_path] [ActionServer] Aborting handle.
[controller_server-1] [INFO] [1783275026.761389094] [controller_server]: [follow_path] [ActionServer] Client requested to cancel the goal. Cancelling.
[bt_navigator-4] [INFO] [1783275026.761590676] [bt_navigator]: [navigate_to_pose] [ActionServer] Client requested to cancel the goal. Cancelling.
[bt_navigator-4] [INFO] [1783275026.762627155] [bt_navigator]: Goal canceled
[bt_navigator-4] [INFO] [1783275032.509539293] [bt_navigator]: Begin navigating from current location (0.86, -1.07) to (-0.81, 3.21)
[controller_server-1] [INFO] [1783275032.531148501] [controller_server]: Received a goal, begin computing control effort.
[controller_server-1] [WARN] [1783275032.582612923] [controller_server]: Control loop missed its desired rate of 20.0000Hz
[controller_server-1] [INFO] [1783275033.589722881] [controller_server]: Passing new path to controller.
[controller_server-1] [INFO] [1783275034.589724940] [controller_server]: Passing new path to controller.
[controller_server-1] [WARN] [1783275034.673103965] [controller_server]: Control loop missed its desired rate of 20.0000Hz
[controller_server-1] [INFO] [1783275035.639708541] [controller_server]: Passing new path to controller.
[controller_server-1] [WARN] [1783275035.701855895] [controller_server]: Control loop missed its desired rate of 20.0000Hz
[controller_server-1] [INFO] [1783275036.689711595] [controller_server]: Passing new path to controller.
[controller_server-1] [WARN] [1783275036.772133329] [controller_server]: Control loop missed its desired rate of 20.0000Hz
[planner_server-2] [INFO] [1783275036.940763257] [global_costmap.global_costmap]: StaticLayer: Resizing costmap to 281 X 281 at 0.050000 m/pix
[controller_server-1] [INFO] [1783275037.689703292] [controller_server]: Passing new path to controller.
[controller_server-1] [WARN] [1783275037.782489433] [controller_server]: Control loop missed its desired rate of 20.0000Hz
[controller_server-1] [INFO] [1783275038.739710560] [controller_server]: Passing new path to controller.
[controller_server-1] [WARN] [1783275038.792274000] [controller_server]: Control loop missed its desired rate of 20.0000Hz
[controller_server-1] [INFO] [1783275039.739685058] [controller_server]: Passing new path to controller.
[controller_server-1] [INFO] [1783275040.789697986] [controller_server]: Passing new path to controller.
[controller_server-1] [ERROR] [1783275040.891923110] [transformPoseInTargetFrame]: Extrapolation Error looking up target frame: Lookup would require extrapolation into the future.  Requested time 1817.657000 but the latest data is at time 1817.642000, when looking up transform from frame [map] to frame [leo1/base_link]
[controller_server-1] 
[controller_server-1] [WARN] [1783275040.892453844] [controller_server]: Control loop missed its desired rate of 20.0000Hz
[controller_server-1] [INFO] [1783275041.804508001] [controller_server]: Passing new path to controller.
[controller_server-1] [ERROR] [1783275041.906588891] [transformPoseInTargetFrame]: Extrapolation Error looking up target frame: Lookup would require extrapolation into the future.  Requested time 1818.659000 but the latest data is at time 1818.622000, when looking up transform from frame [map] to frame [leo1/base_link]
[controller_server-1] 
[controller_server-1] [WARN] [1783275041.907103800] [controller_server]: Control loop missed its desired rate of 20.0000Hz
[controller_server-1] [INFO] [1783275042.842540685] [controller_server]: Passing new path to controller.
[controller_server-1] [WARN] [1783275042.945033364] [controller_server]: Control loop missed its desired rate of 20.0000Hz
[controller_server-1] [INFO] [1783275043.903464149] [controller_server]: Passing new path to controller.
[controller_server-1] [INFO] [1783275044.895124569] [controller_server]: Passing new path to controller.
[controller_server-1] [ERROR] [1783275045.017593881] [transformPoseInTargetFrame]: Extrapolation Error looking up target frame: Lookup would require extrapolation into the future.  Requested time 1821.656000 but the latest data is at time 1821.642000, when looking up transform from frame [map] to frame [leo1/base_link]
[controller_server-1] 
[controller_server-1] [WARN] [1783275045.018302157] [controller_server]: Control loop missed its desired rate of 20.0000Hz
[planner_server-2] [INFO] [1783275045.740771206] [global_costmap.global_costmap]: StaticLayer: Resizing costmap to 281 X 281 at 0.050000 m/pix
[controller_server-1] [INFO] [1783275045.930014354] [controller_server]: Passing new path to controller.
[controller_server-1] [INFO] [1783275046.968383646] [controller_server]: Passing new path to controller.
[controller_server-1] [INFO] [1783275048.018390995] [controller_server]: Passing new path to controller.
[controller_server-1] [ERROR] [1783275048.120320118] [transformPoseInTargetFrame]: Extrapolation Error looking up target frame: Lookup would require extrapolation into the future.  Requested time 1824.650000 but the latest data is at time 1824.642000, when looking up transform from frame [map] to frame [leo1/base_link]
[controller_server-1] 
[controller_server-1] [WARN] [1783275048.120640286] [controller_server]: Control loop missed its desired rate of 20.0000Hz
[controller_server-1] [INFO] [1783275049.028991042] [controller_server]: Passing new path to controller.
[controller_server-1] [INFO] [1783275050.050014171] [controller_server]: Passing new path to controller.
[controller_server-1] [ERROR] [1783275050.152357586] [transformPoseInTargetFrame]: Extrapolation Error looking up target frame: Lookup would require extrapolation into the future.  Requested time 1826.648000 but the latest data is at time 1826.642000, when looking up transform from frame [map] to frame [leo1/base_link]
[controller_server-1] 
[controller_server-1] [WARN] [1783275050.152594960] [controller_server]: Control loop missed its desired rate of 20.0000Hz
[controller_server-1] [INFO] [1783275051.070755618] [controller_server]: Passing new path to controller.
[controller_server-1] [INFO] [1783275052.120730761] [controller_server]: Passing new path to controller.
[controller_server-1] [INFO] [1783275053.170724011] [controller_server]: Passing new path to controller.
[controller_server-1] [INFO] [1783275054.170724015] [controller_server]: Passing new path to controller.
[controller_server-1] [INFO] [1783275055.220731703] [controller_server]: Passing new path to controller.
[controller_server-1] [INFO] [1783275056.220742013] [controller_server]: Passing new path to controller.
[controller_server-1] [INFO] [1783275057.270735005] [controller_server]: Passing new path to controller.
[controller_server-1] [INFO] [1783275058.320764741] [controller_server]: Passing new path to controller.
[controller_server-1] [INFO] [1783275059.320737935] [controller_server]: Passing new path to controller.
[controller_server-1] [INFO] [1783275060.370879898] [controller_server]: Passing new path to controller.
[controller_server-1] [INFO] [1783275061.370742936] [controller_server]: Passing new path to controller.
[controller_server-1] [INFO] [1783275062.420722997] [controller_server]: Passing new path to controller.
[controller_server-1] [INFO] [1783275063.420725965] [controller_server]: Passing new path to controller.
[controller_server-1] [INFO] [1783275064.476697273] [controller_server]: Passing new path to controller.
[controller_server-1] [INFO] [1783275065.476707690] [controller_server]: Passing new path to controller.
[controller_server-1] [INFO] [1783275066.526691746] [controller_server]: Passing new path to controller.
[controller_server-1] [ERROR] [1783275066.876758165] [controller_server]: Failed to make progress
[controller_server-1] [WARN] [1783275066.876967773] [controller_server]: [follow_path] [ActionServer] Aborting handle.
[controller_server-1] [INFO] [1783275066.894183986] [local_costmap.local_costmap]: Received request to clear entirely the local_costmap
[controller_server-1] [INFO] [1783275066.895855529] [controller_server]: Received a goal, begin computing control effort.
[controller_server-1] [WARN] [1783275067.036411310] [controller_server]: Control loop missed its desired rate of 20.0000Hz
[controller_server-1] [INFO] [1783275067.539722205] [controller_server]: Passing new path to controller.
[controller_server-1] [INFO] [1783275068.597295269] [controller_server]: Passing new path to controller.
[controller_server-1] [INFO] [1783275069.604349223] [controller_server]: Passing new path to controller.
[controller_server-1] [INFO] [1783275070.661752955] [controller_server]: Passing new path to controller.
[controller_server-1] [INFO] [1783275071.668025888] [controller_server]: Passing new path to controller.
[controller_server-1] [INFO] [1783275072.725138512] [controller_server]: Passing new path to controller.
[controller_server-1] [INFO] [1783275073.732909127] [controller_server]: Passing new path to controller.
[controller_server-1] [INFO] [1783275074.786517130] [controller_server]: Passing new path to controller.
[controller_server-1] [INFO] [1783275075.786503724] [controller_server]: Passing new path to controller.
[controller_server-1] [INFO] [1783275076.836512489] [controller_server]: Passing new path to controller.
[controller_server-1] [INFO] [1783275077.836505867] [controller_server]: Passing new path to controller.
[controller_server-1] [INFO] [1783275078.886493809] [controller_server]: Passing new path to controller.
[controller_server-1] [INFO] [1783275079.936508195] [controller_server]: Passing new path to controller.
[controller_server-1] [INFO] [1783275080.936517873] [controller_server]: Passing new path to controller.
[controller_server-1] [INFO] [1783275081.986508027] [controller_server]: Passing new path to controller.
[controller_server-1] [ERROR] [1783275082.286574939] [controller_server]: Failed to make progress
[controller_server-1] [WARN] [1783275082.286698533] [controller_server]: [follow_path] [ActionServer] Aborting handle.
[behavior_server-3] [INFO] [1783275082.304332912] [behavior_server]: Running spin
[behavior_server-3] [INFO] [1783275082.304545100] [behavior_server]: Turning 1.57 for spin behavior.
[controller_server-1] [INFO] [1783275083.954421084] [local_costmap.local_costmap]: Received request to clear entirely the local_costmap
[planner_server-2] [INFO] [1783275083.954495106] [global_costmap.global_costmap]: Received request to clear entirely the global_costmap
[behavior_server-3] [INFO] [1783275084.104767101] [behavior_server]: spin completed successfully
[controller_server-1] [INFO] [1783275084.175583622] [controller_server]: Received a goal, begin computing control effort.
[controller_server-1] [INFO] [1783275085.225798147] [controller_server]: Passing new path to controller.
[controller_server-1] [INFO] [1783275085.925962887] [controller_server]: Reached the goal!
[bt_navigator-4] [INFO] [1783275085.964464374] [bt_navigator]: Goal succeeded
[bt_navigator-4] [INFO] [1783275089.434612301] [bt_navigator]: Begin navigating from current location (-0.68, 3.00) to (-4.71, 3.11)
[controller_server-1] [INFO] [1783275089.456353090] [controller_server]: Received a goal, begin computing control effort.
[controller_server-1] [WARN] [1783275089.547587317] [controller_server]: Control loop missed its desired rate of 20.0000Hz
[controller_server-1] [WARN] [1783275089.557839857] [controller_server]: Control loop missed its desired rate of 20.0000Hz
[controller_server-1] [ERROR] [1783275089.707692393] [transformPoseInTargetFrame]: Extrapolation Error looking up target frame: Lookup would require extrapolation into the future.  Requested time 1865.632000 but the latest data is at time 1865.622000, when looking up transform from frame [map] to frame [leo1/base_link]
[controller_server-1] 
[controller_server-1] [WARN] [1783275089.708803613] [controller_server]: Control loop missed its desired rate of 20.0000Hz
[controller_server-1] [INFO] [1783275090.526441595] [controller_server]: Passing new path to controller.
[controller_server-1] [ERROR] [1783275090.760125409] [transformPoseInTargetFrame]: Extrapolation Error looking up target frame: Lookup would require extrapolation into the future.  Requested time 1866.672000 but the latest data is at time 1866.642000, when looking up transform from frame [map] to frame [leo1/base_link]
[controller_server-1] 
[controller_server-1] [WARN] [1783275090.760963275] [controller_server]: Control loop missed its desired rate of 20.0000Hz
[controller_server-1] [INFO] [1783275091.525737373] [controller_server]: Passing new path to controller.
[controller_server-1] [ERROR] [1783275091.762442428] [transformPoseInTargetFrame]: Extrapolation Error looking up target frame: Lookup would require extrapolation into the future.  Requested time 1867.668000 but the latest data is at time 1867.642000, when looking up transform from frame [map] to frame [leo1/base_link]
[controller_server-1] 
[controller_server-1] [WARN] [1783275091.763223866] [controller_server]: Control loop missed its desired rate of 20.0000Hz
[controller_server-1] [INFO] [1783275092.579535642] [controller_server]: Passing new path to controller.
[controller_server-1] [ERROR] [1783275092.814873058] [transformPoseInTargetFrame]: Extrapolation Error looking up target frame: Lookup would require extrapolation into the future.  Requested time 1868.667000 but the latest data is at time 1868.642000, when looking up transform from frame [map] to frame [leo1/base_link]
[controller_server-1] 
[controller_server-1] [WARN] [1783275092.815813066] [controller_server]: Control loop missed its desired rate of 20.0000Hz
[controller_server-1] [INFO] [1783275093.590801980] [controller_server]: Passing new path to controller.
[controller_server-1] [WARN] [1783275093.683418681] [controller_server]: Control loop missed its desired rate of 20.0000Hz
[controller_server-1] [ERROR] [1783275093.822972283] [transformPoseInTargetFrame]: Extrapolation Error looking up target frame: Lookup would require extrapolation into the future.  Requested time 1869.643000 but the latest data is at time 1869.642000, when looking up transform from frame [map] to frame [leo1/base_link]
[controller_server-1] 
[controller_server-1] [WARN] [1783275093.824557375] [controller_server]: Control loop missed its desired rate of 20.0000Hz
[controller_server-1] [INFO] [1783275094.641887569] [controller_server]: Passing new path to controller.
[controller_server-1] [ERROR] [1783275094.824394773] [transformPoseInTargetFrame]: Extrapolation Error looking up target frame: Lookup would require extrapolation into the future.  Requested time 1870.624000 but the latest data is at time 1870.622000, when looking up transform from frame [map] to frame [leo1/base_link]
[controller_server-1] 
[controller_server-1] [WARN] [1783275094.825306254] [controller_server]: Control loop missed its desired rate of 20.0000Hz
[controller_server-1] [INFO] [1783275095.643981187] [controller_server]: Passing new path to controller.
[controller_server-1] [ERROR] [1783275095.876726388] [transformPoseInTargetFrame]: Extrapolation Error looking up target frame: Lookup would require extrapolation into the future.  Requested time 1871.671000 but the latest data is at time 1871.642000, when looking up transform from frame [map] to frame [leo1/base_link]
[controller_server-1] 
[controller_server-1] [WARN] [1783275095.878041144] [controller_server]: Control loop missed its desired rate of 20.0000Hz
[controller_server-1] [INFO] [1783275096.699688780] [controller_server]: Passing new path to controller.
[controller_server-1] [ERROR] [1783275096.872723020] [transformPoseInTargetFrame]: Extrapolation Error looking up target frame: Lookup would require extrapolation into the future.  Requested time 1872.652000 but the latest data is at time 1872.642000, when looking up transform from frame [map] to frame [leo1/base_link]
[controller_server-1] 
[controller_server-1] [WARN] [1783275096.873550177] [controller_server]: Control loop missed its desired rate of 20.0000Hz
[controller_server-1] [INFO] [1783275097.728151869] [controller_server]: Passing new path to controller.
[controller_server-1] [ERROR] [1783275097.879315338] [transformPoseInTargetFrame]: Extrapolation Error looking up target frame: Lookup would require extrapolation into the future.  Requested time 1873.651000 but the latest data is at time 1873.642000, when looking up transform from frame [map] to frame [leo1/base_link]
[controller_server-1] 
[controller_server-1] [WARN] [1783275097.880132262] [controller_server]: Control loop missed its desired rate of 20.0000Hz
[controller_server-1] [INFO] [1783275098.750610209] [controller_server]: Passing new path to controller.
[controller_server-1] [WARN] [1783275098.904167709] [controller_server]: Control loop missed its desired rate of 20.0000Hz
[controller_server-1] [ERROR] [1783275099.081421670] [transformPoseInTargetFrame]: Extrapolation Error looking up target frame: Lookup would require extrapolation into the future.  Requested time 1874.840000 but the latest data is at time 1874.822000, when looking up transform from frame [map] to frame [leo1/base_link]
[controller_server-1] 
[controller_server-1] [WARN] [1783275099.083453484] [controller_server]: Control loop missed its desired rate of 20.0000Hz
[controller_server-1] [INFO] [1783275099.796573584] [controller_server]: Passing new path to controller.
[controller_server-1] [ERROR] [1783275099.898521723] [transformPoseInTargetFrame]: Extrapolation Error looking up target frame: Lookup would require extrapolation into the future.  Requested time 1875.646000 but the latest data is at time 1875.622000, when looking up transform from frame [map] to frame [leo1/base_link]
[controller_server-1] 
[controller_server-1] [WARN] [1783275099.899415693] [controller_server]: Control loop missed its desired rate of 20.0000Hz
[controller_server-1] [INFO] [1783275100.785022885] [controller_server]: Passing new path to controller.
[controller_server-1] [ERROR] [1783275100.935346734] [transformPoseInTargetFrame]: Extrapolation Error looking up target frame: Lookup would require extrapolation into the future.  Requested time 1876.673000 but the latest data is at time 1876.662000, when looking up transform from frame [map] to frame [leo1/base_link]
[controller_server-1] 
[controller_server-1] [WARN] [1783275100.936439922] [controller_server]: Control loop missed its desired rate of 20.0000Hz
[controller_server-1] [INFO] [1783275101.855657080] [controller_server]: Passing new path to controller.
[controller_server-1] [WARN] [1783275101.937382549] [controller_server]: Control loop missed its desired rate of 20.0000Hz
[controller_server-1] [ERROR] [1783275102.137675583] [transformPoseInTargetFrame]: Extrapolation Error looking up target frame: Lookup would require extrapolation into the future.  Requested time 1877.862000 but the latest data is at time 1877.842000, when looking up transform from frame [map] to frame [leo1/base_link]
[controller_server-1] 
[controller_server-1] [WARN] [1783275102.138730892] [controller_server]: Control loop missed its desired rate of 20.0000Hz
[controller_server-1] [INFO] [1783275102.853491283] [controller_server]: Passing new path to controller.
[controller_server-1] [WARN] [1783275102.955342005] [controller_server]: Control loop missed its desired rate of 20.0000Hz
[controller_server-1] [ERROR] [1783275103.140042314] [transformPoseInTargetFrame]: Extrapolation Error looking up target frame: Lookup would require extrapolation into the future.  Requested time 1878.854000 but the latest data is at time 1878.822000, when looking up transform from frame [map] to frame [leo1/base_link]
[controller_server-1] 
[controller_server-1] [WARN] [1783275103.140809701] [controller_server]: Control loop missed its desired rate of 20.0000Hz
[controller_server-1] [INFO] [1783275103.906452850] [controller_server]: Passing new path to controller.
[controller_server-1] [ERROR] [1783275104.142020310] [transformPoseInTargetFrame]: Extrapolation Error looking up target frame: Lookup would require extrapolation into the future.  Requested time 1879.844000 but the latest data is at time 1879.822000, when looking up transform from frame [map] to frame [leo1/base_link]
[controller_server-1] 
[controller_server-1] [WARN] [1783275104.143336598] [controller_server]: Control loop missed its desired rate of 20.0000Hz
[controller_server-1] [INFO] [1783275104.907296969] [controller_server]: Passing new path to controller.
[controller_server-1] [ERROR] [1783275105.144619290] [transformPoseInTargetFrame]: Extrapolation Error looking up target frame: Lookup would require extrapolation into the future.  Requested time 1880.831000 but the latest data is at time 1880.822000, when looking up transform from frame [map] to frame [leo1/base_link]
[controller_server-1] 
[controller_server-1] [WARN] [1783275105.145420134] [controller_server]: Control loop missed its desired rate of 20.0000Hz
[controller_server-1] [INFO] [1783275105.958955449] [controller_server]: Passing new path to controller.
[controller_server-1] [ERROR] [1783275106.191790579] [transformPoseInTargetFrame]: Extrapolation Error looking up target frame: Lookup would require extrapolation into the future.  Requested time 1881.868000 but the latest data is at time 1881.822000, when looking up transform from frame [map] to frame [leo1/base_link]
[controller_server-1] 
[controller_server-1] [WARN] [1783275106.192529252] [controller_server]: Control loop missed its desired rate of 20.0000Hz
[controller_server-1] [INFO] [1783275106.997805976] [controller_server]: Passing new path to controller.
[controller_server-1] [ERROR] [1783275107.196795880] [transformPoseInTargetFrame]: Extrapolation Error looking up target frame: Lookup would require extrapolation into the future.  Requested time 1882.863000 but the latest data is at time 1882.822000, when looking up transform from frame [map] to frame [leo1/base_link]
[controller_server-1] 
[controller_server-1] [WARN] [1783275107.197875415] [controller_server]: Control loop missed its desired rate of 20.0000Hz
[controller_server-1] [INFO] [1783275108.014438115] [controller_server]: Passing new path to controller.
[controller_server-1] [ERROR] [1783275108.187128392] [transformPoseInTargetFrame]: Extrapolation Error looking up target frame: Lookup would require extrapolation into the future.  Requested time 1883.837000 but the latest data is at time 1883.822000, when looking up transform from frame [map] to frame [leo1/base_link]
[controller_server-1] 
[controller_server-1] [WARN] [1783275108.187874839] [controller_server]: Control loop missed its desired rate of 20.0000Hz
[controller_server-1] [INFO] [1783275109.047958351] [controller_server]: Passing new path to controller.
[controller_server-1] [ERROR] [1783275109.199164368] [transformPoseInTargetFrame]: Extrapolation Error looking up target frame: Lookup would require extrapolation into the future.  Requested time 1884.835000 but the latest data is at time 1884.822000, when looking up transform from frame [map] to frame [leo1/base_link]
[controller_server-1] 
[controller_server-1] [WARN] [1783275109.199969068] [controller_server]: Control loop missed its desired rate of 20.0000Hz
[controller_server-1] [INFO] [1783275110.067662622] [controller_server]: Passing new path to controller.
[controller_server-1] [ERROR] [1783275110.230090493] [transformPoseInTargetFrame]: Extrapolation Error looking up target frame: Lookup would require extrapolation into the future.  Requested time 1885.856000 but the latest data is at time 1885.842000, when looking up transform from frame [map] to frame [leo1/base_link]
[controller_server-1] 
[controller_server-1] [WARN] [1783275110.231592773] [controller_server]: Control loop missed its desired rate of 20.0000Hz
[controller_server-1] [INFO] [1783275111.100067626] [controller_server]: Passing new path to controller.
[controller_server-1] [ERROR] [1783275111.251417763] [transformPoseInTargetFrame]: Extrapolation Error looking up target frame: Lookup would require extrapolation into the future.  Requested time 1886.861000 but the latest data is at time 1886.822000, when looking up transform from frame [map] to frame [leo1/base_link]
[controller_server-1] 
[controller_server-1] [WARN] [1783275111.252263338] [controller_server]: Control loop missed its desired rate of 20.0000Hz
[controller_server-1] [INFO] [1783275112.120967224] [controller_server]: Passing new path to controller.
[controller_server-1] [ERROR] [1783275112.233275524] [transformPoseInTargetFrame]: Extrapolation Error looking up target frame: Lookup would require extrapolation into the future.  Requested time 1887.827000 but the latest data is at time 1887.822000, when looking up transform from frame [map] to frame [leo1/base_link]
[controller_server-1] 
[controller_server-1] [WARN] [1783275112.234081239] [controller_server]: Control loop missed its desired rate of 20.0000Hz
[controller_server-1] [INFO] [1783275113.152360915] [controller_server]: Passing new path to controller.
[controller_server-1] [ERROR] [1783275113.254306355] [transformPoseInTargetFrame]: Extrapolation Error looking up target frame: Lookup would require extrapolation into the future.  Requested time 1888.837000 but the latest data is at time 1888.822000, when looking up transform from frame [map] to frame [leo1/base_link]
[controller_server-1] 
[controller_server-1] [WARN] [1783275113.255167087] [controller_server]: Control loop missed its desired rate of 20.0000Hz
[controller_server-1] [INFO] [1783275114.172599823] [controller_server]: Passing new path to controller.
[controller_server-1] [ERROR] [1783275114.274594823] [transformPoseInTargetFrame]: Extrapolation Error looking up target frame: Lookup would require extrapolation into the future.  Requested time 1889.846000 but the latest data is at time 1889.822000, when looking up transform from frame [map] to frame [leo1/base_link]
[controller_server-1] 
[controller_server-1] [WARN] [1783275114.275327667] [controller_server]: Control loop missed its desired rate of 20.0000Hz
[controller_server-1] [INFO] [1783275115.205262965] [controller_server]: Passing new path to controller.
[controller_server-1] [ERROR] [1783275115.307242976] [transformPoseInTargetFrame]: Extrapolation Error looking up target frame: Lookup would require extrapolation into the future.  Requested time 1890.865000 but the latest data is at time 1890.822000, when looking up transform from frame [map] to frame [leo1/base_link]
[controller_server-1] 
[controller_server-1] [WARN] [1783275115.308083667] [controller_server]: Control loop missed its desired rate of 20.0000Hz
[controller_server-1] [INFO] [1783275116.279809379] [controller_server]: Passing new path to controller.
[controller_server-1] [INFO] [1783275117.308165913] [controller_server]: Passing new path to controller.
[controller_server-1] [WARN] [1783275117.360216132] [controller_server]: Control loop missed its desired rate of 20.0000Hz
[controller_server-1] [INFO] [1783275118.308163515] [controller_server]: Passing new path to controller.
[controller_server-1] [WARN] [1783275118.360636803] [controller_server]: Control loop missed its desired rate of 20.0000Hz
[controller_server-1] [INFO] [1783275119.358167704] [controller_server]: Passing new path to controller.
[controller_server-1] [INFO] [1783275120.358173935] [controller_server]: Passing new path to controller.
[controller_server-1] [INFO] [1783275121.408174340] [controller_server]: Passing new path to controller.
[controller_server-1] [INFO] [1783275122.458185466] [controller_server]: Passing new path to controller.
[controller_server-1] [INFO] [1783275123.458168445] [controller_server]: Passing new path to controller.
[controller_server-1] [INFO] [1783275124.515020447] [controller_server]: Passing new path to controller.
[controller_server-1] [INFO] [1783275125.515017294] [controller_server]: Passing new path to controller.
[controller_server-1] [INFO] [1783275126.565002066] [controller_server]: Passing new path to controller.
[controller_server-1] [INFO] [1783275127.565009936] [controller_server]: Passing new path to controller.
[controller_server-1] [INFO] [1783275128.615050907] [controller_server]: Passing new path to controller.
[controller_server-1] [INFO] [1783275129.665015108] [controller_server]: Passing new path to controller.
[controller_server-1] [ERROR] [1783275129.767281257] [transformPoseInTargetFrame]: Extrapolation Error looking up target frame: Lookup would require extrapolation into the future.  Requested time 1905.046000 but the latest data is at time 1905.042000, when looking up transform from frame [map] to frame [leo1/base_link]
[controller_server-1] 
[controller_server-1] [WARN] [1783275129.767899214] [controller_server]: Control loop missed its desired rate of 20.0000Hz
[controller_server-1] [INFO] [1783275130.682069230] [controller_server]: Passing new path to controller.
[controller_server-1] [ERROR] [1783275130.784394132] [transformPoseInTargetFrame]: Extrapolation Error looking up target frame: Lookup would require extrapolation into the future.  Requested time 1906.047000 but the latest data is at time 1906.042000, when looking up transform from frame [map] to frame [leo1/base_link]
[controller_server-1] 
[controller_server-1] [WARN] [1783275130.785452109] [controller_server]: Control loop missed its desired rate of 20.0000Hz
[controller_server-1] [INFO] [1783275131.717982808] [controller_server]: Passing new path to controller.
[controller_server-1] [ERROR] [1783275131.820011957] [transformPoseInTargetFrame]: Extrapolation Error looking up target frame: Lookup would require extrapolation into the future.  Requested time 1907.071000 but the latest data is at time 1907.042000, when looking up transform from frame [map] to frame [leo1/base_link]
[controller_server-1] 
[controller_server-1] [WARN] [1783275131.820443545] [controller_server]: Control loop missed its desired rate of 20.0000Hz
[controller_server-1] [INFO] [1783275132.732248840] [controller_server]: Passing new path to controller.
[controller_server-1] [ERROR] [1783275132.834178660] [transformPoseInTargetFrame]: Extrapolation Error looking up target frame: Lookup would require extrapolation into the future.  Requested time 1908.075000 but the latest data is at time 1908.042000, when looking up transform from frame [map] to frame [leo1/base_link]
[controller_server-1] 
[controller_server-1] [WARN] [1783275132.834610865] [controller_server]: Control loop missed its desired rate of 20.0000Hz
[controller_server-1] [INFO] [1783275133.770525741] [controller_server]: Passing new path to controller.
[controller_server-1] [WARN] [1783275133.842580036] [controller_server]: Control loop missed its desired rate of 20.0000Hz
[controller_server-1] [INFO] [1783275134.770532614] [controller_server]: Passing new path to controller.
[controller_server-1] [WARN] [1783275134.853006765] [controller_server]: Control loop missed its desired rate of 20.0000Hz
[controller_server-1] [INFO] [1783275135.820541849] [controller_server]: Passing new path to controller.
[controller_server-1] [WARN] [1783275135.882858169] [controller_server]: Control loop missed its desired rate of 20.0000Hz
[controller_server-1] [INFO] [1783275136.870528150] [controller_server]: Passing new path to controller.
[controller_server-1] [INFO] [1783275137.870526978] [controller_server]: Passing new path to controller.
[controller_server-1] [INFO] [1783275138.920519915] [controller_server]: Passing new path to controller.
[controller_server-1] [INFO] [1783275139.920529805] [controller_server]: Passing new path to controller.
[controller_server-1] [INFO] [1783275140.970532198] [controller_server]: Passing new path to controller.
[controller_server-1] [INFO] [1783275142.020534563] [controller_server]: Passing new path to controller.
[controller_server-1] [INFO] [1783275143.020524668] [controller_server]: Passing new path to controller.
[controller_server-1] [INFO] [1783275144.070520405] [controller_server]: Passing new path to controller.
[controller_server-1] [INFO] [1783275145.070509511] [controller_server]: Passing new path to controller.
[controller_server-1] [INFO] [1783275146.120550247] [controller_server]: Passing new path to controller.
[controller_server-1] [INFO] [1783275147.170535816] [controller_server]: Passing new path to controller.
[controller_server-1] [INFO] [1783275148.170534996] [controller_server]: Passing new path to controller.
[controller_server-1] [INFO] [1783275149.220536097] [controller_server]: Passing new path to controller.
[controller_server-1] [INFO] [1783275150.220530098] [controller_server]: Passing new path to controller.
[controller_server-1] [INFO] [1783275151.120676272] [controller_server]: Reached the goal!
[bt_navigator-4] [INFO] [1783275151.157888559] [bt_navigator]: Goal succeeded
[bt_navigator-4] [INFO] [1783275154.151762674] [bt_navigator]: Begin navigating from current location (-4.55, 3.30) to (-4.61, 4.71)
[controller_server-1] [INFO] [1783275154.172769579] [controller_server]: Received a goal, begin computing control effort.
[controller_server-1] [ERROR] [1783275154.284189879] [transformPoseInTargetFrame]: Extrapolation Error looking up target frame: Lookup would require extrapolation into the future.  Requested time 1929.225000 but the latest data is at time 1929.222000, when looking up transform from frame [map] to frame [leo1/base_link]
[controller_server-1] 
[controller_server-1] [WARN] [1783275154.284844241] [controller_server]: Control loop missed its desired rate of 20.0000Hz
[controller_server-1] [INFO] [1783275155.193284388] [controller_server]: Passing new path to controller.
[controller_server-1] [ERROR] [1783275155.295108079] [transformPoseInTargetFrame]: Extrapolation Error looking up target frame: Lookup would require extrapolation into the future.  Requested time 1930.238000 but the latest data is at time 1930.222000, when looking up transform from frame [map] to frame [leo1/base_link]
[controller_server-1] 
[controller_server-1] [WARN] [1783275155.295484284] [controller_server]: Control loop missed its desired rate of 20.0000Hz
[controller_server-1] [INFO] [1783275156.234937599] [controller_server]: Passing new path to controller.
[controller_server-1] [ERROR] [1783275156.336829359] [transformPoseInTargetFrame]: Extrapolation Error looking up target frame: Lookup would require extrapolation into the future.  Requested time 1931.273000 but the latest data is at time 1931.242000, when looking up transform from frame [map] to frame [leo1/base_link]
[controller_server-1] 
[controller_server-1] [WARN] [1783275156.337414933] [controller_server]: Control loop missed its desired rate of 20.0000Hz
[controller_server-1] [INFO] [1783275157.299263599] [controller_server]: Passing new path to controller.
[controller_server-1] [WARN] [1783275157.538707510] [controller_server]: Control loop missed its desired rate of 20.0000Hz
[controller_server-1] [ERROR] [1783275157.711409440] [transformPoseInTargetFrame]: Extrapolation Error looking up target frame: Lookup would require extrapolation into the future.  Requested time 1932.635000 but the latest data is at time 1932.622000, when looking up transform from frame [map] to frame [leo1/base_link]
[controller_server-1] 
[controller_server-1] [WARN] [1783275157.711749387] [controller_server]: Control loop missed its desired rate of 20.0000Hz
[controller_server-1] [INFO] [1783275158.288786182] [controller_server]: Passing new path to controller.
[controller_server-1] [WARN] [1783275158.350409527] [controller_server]: Control loop missed its desired rate of 20.0000Hz
[controller_server-1] [ERROR] [1783275158.539994625] [transformPoseInTargetFrame]: Extrapolation Error looking up target frame: Lookup would require extrapolation into the future.  Requested time 1933.459000 but the latest data is at time 1933.422000, when looking up transform from frame [map] to frame [leo1/base_link]
[controller_server-1] 
[controller_server-1] [WARN] [1783275158.540315904] [controller_server]: Control loop missed its desired rate of 20.0000Hz
[controller_server-1] [INFO] [1783275159.348705881] [controller_server]: Passing new path to controller.
[controller_server-1] [ERROR] [1783275159.520946390] [transformPoseInTargetFrame]: Extrapolation Error looking up target frame: Lookup would require extrapolation into the future.  Requested time 1934.434000 but the latest data is at time 1934.422000, when looking up transform from frame [map] to frame [leo1/base_link]
[controller_server-1] 
[controller_server-1] [WARN] [1783275159.521278441] [controller_server]: Control loop missed its desired rate of 20.0000Hz
[controller_server-1] [INFO] [1783275160.390406142] [controller_server]: Passing new path to controller.
[controller_server-1] [ERROR] [1783275160.541679835] [transformPoseInTargetFrame]: Extrapolation Error looking up target frame: Lookup would require extrapolation into the future.  Requested time 1935.441000 but the latest data is at time 1935.422000, when looking up transform from frame [map] to frame [leo1/base_link]
[controller_server-1] 
[controller_server-1] [WARN] [1783275160.542008168] [controller_server]: Control loop missed its desired rate of 20.0000Hz
[controller_server-1] [INFO] [1783275161.401107030] [controller_server]: Passing new path to controller.
[controller_server-1] [ERROR] [1783275161.563254776] [transformPoseInTargetFrame]: Extrapolation Error looking up target frame: Lookup would require extrapolation into the future.  Requested time 1936.452000 but the latest data is at time 1936.422000, when looking up transform from frame [map] to frame [leo1/base_link]
[controller_server-1] 
[controller_server-1] [WARN] [1783275161.563587272] [controller_server]: Control loop missed its desired rate of 20.0000Hz
[controller_server-1] [INFO] [1783275162.442114784] [controller_server]: Passing new path to controller.
[controller_server-1] [ERROR] [1783275162.544477040] [transformPoseInTargetFrame]: Extrapolation Error looking up target frame: Lookup would require extrapolation into the future.  Requested time 1937.426000 but the latest data is at time 1937.422000, when looking up transform from frame [map] to frame [leo1/base_link]
[controller_server-1] 
[controller_server-1] [WARN] [1783275162.545145139] [controller_server]: Control loop missed its desired rate of 20.0000Hz
[controller_server-1] [INFO] [1783275163.454940036] [controller_server]: Passing new path to controller.
[controller_server-1] [ERROR] [1783275163.556734160] [transformPoseInTargetFrame]: Extrapolation Error looking up target frame: Lookup would require extrapolation into the future.  Requested time 1938.430000 but the latest data is at time 1938.422000, when looking up transform from frame [map] to frame [leo1/base_link]
[controller_server-1] 
[controller_server-1] [WARN] [1783275163.557293354] [controller_server]: Control loop missed its desired rate of 20.0000Hz
[controller_server-1] [INFO] [1783275164.495244437] [controller_server]: Passing new path to controller.
[controller_server-1] [ERROR] [1783275164.597488697] [transformPoseInTargetFrame]: Extrapolation Error looking up target frame: Lookup would require extrapolation into the future.  Requested time 1939.461000 but the latest data is at time 1939.422000, when looking up transform from frame [map] to frame [leo1/base_link]
[controller_server-1] 
[controller_server-1] [WARN] [1783275164.597814232] [controller_server]: Control loop missed its desired rate of 20.0000Hz
[controller_server-1] [INFO] [1783275165.505810540] [controller_server]: Passing new path to controller.
[controller_server-1] [ERROR] [1783275165.607591460] [transformPoseInTargetFrame]: Extrapolation Error looking up target frame: Lookup would require extrapolation into the future.  Requested time 1940.461000 but the latest data is at time 1940.442000, when looking up transform from frame [map] to frame [leo1/base_link]
[controller_server-1] 
[controller_server-1] [WARN] [1783275165.607937269] [controller_server]: Control loop missed its desired rate of 20.0000Hz
[controller_server-1] [INFO] [1783275166.547908674] [controller_server]: Passing new path to controller.
[controller_server-1] [WARN] [1783275166.629550385] [controller_server]: Control loop missed its desired rate of 20.0000Hz
[controller_server-1] [ERROR] [1783275166.799141175] [transformPoseInTargetFrame]: Extrapolation Error looking up target frame: Lookup would require extrapolation into the future.  Requested time 1941.643000 but the latest data is at time 1941.622000, when looking up transform from frame [map] to frame [leo1/base_link]
[controller_server-1] 
[controller_server-1] [WARN] [1783275166.799478854] [controller_server]: Control loop missed its desired rate of 20.0000Hz
[controller_server-1] [INFO] [1783275167.556113516] [controller_server]: Passing new path to controller.
[controller_server-1] [ERROR] [1783275167.800694897] [transformPoseInTargetFrame]: Extrapolation Error looking up target frame: Lookup would require extrapolation into the future.  Requested time 1942.639000 but the latest data is at time 1942.622000, when looking up transform from frame [map] to frame [leo1/base_link]
[controller_server-1] 
[controller_server-1] [WARN] [1783275167.801008497] [controller_server]: Control loop missed its desired rate of 20.0000Hz
[controller_server-1] [INFO] [1783275168.606991736] [controller_server]: Passing new path to controller.
[controller_server-1] [INFO] [1783275169.646434093] [controller_server]: Passing new path to controller.
[controller_server-1] [INFO] [1783275170.651095357] [controller_server]: Passing new path to controller.
[controller_server-1] [INFO] [1783275171.701084265] [controller_server]: Passing new path to controller.
[controller_server-1] [INFO] [1783275172.701091239] [controller_server]: Passing new path to controller.
[controller_server-1] [INFO] [1783275173.751089873] [controller_server]: Passing new path to controller.
[controller_server-1] [INFO] [1783275174.351230879] [controller_server]: Reached the goal!
[bt_navigator-4] [INFO] [1783275174.382500513] [bt_navigator]: Goal succeeded
[bt_navigator-4] [INFO] [1783275178.285530923] [bt_navigator]: Begin navigating from current location (-4.62, 4.48) to (-5.00, 5.21)
[controller_server-1] [INFO] [1783275178.306545094] [controller_server]: Received a goal, begin computing control effort.
[controller_server-1] [WARN] [1783275178.357444305] [controller_server]: Control loop missed its desired rate of 20.0000Hz
[controller_server-1] [INFO] [1783275179.356728993] [controller_server]: Passing new path to controller.
[controller_server-1] [INFO] [1783275180.356752869] [controller_server]: Passing new path to controller.
[controller_server-1] [WARN] [1783275180.408193006] [controller_server]: Control loop missed its desired rate of 20.0000Hz
[controller_server-1] [INFO] [1783275181.406731764] [controller_server]: Passing new path to controller.
[controller_server-1] [INFO] [1783275182.456764098] [controller_server]: Passing new path to controller.
[controller_server-1] [INFO] [1783275183.456717574] [controller_server]: Passing new path to controller.
[controller_server-1] [INFO] [1783275184.512978802] [controller_server]: Passing new path to controller.
[controller_server-1] [INFO] [1783275185.113266811] [controller_server]: Reached the goal!
[bt_navigator-4] [INFO] [1783275185.152483888] [bt_navigator]: Goal succeeded
[bt_navigator-4] [INFO] [1783275186.551652141] [bt_navigator]: Begin navigating from current location (-4.84, 5.04) to (-5.11, 5.26)
[controller_server-1] [INFO] [1783275186.573378788] [controller_server]: Received a goal, begin computing control effort.
[controller_server-1] [INFO] [1783275187.623581802] [controller_server]: Passing new path to controller.
[controller_server-1] [INFO] [1783275188.673587984] [controller_server]: Passing new path to controller.
[controller_server-1] [INFO] [1783275189.673589622] [controller_server]: Passing new path to controller.
[controller_server-1] [INFO] [1783275190.723566836] [controller_server]: Passing new path to controller.
[controller_server-1] [INFO] [1783275191.723620801] [controller_server]: Passing new path to controller.
[controller_server-1] [INFO] [1783275192.773641769] [controller_server]: Passing new path to controller.
[controller_server-1] [INFO] [1783275193.823573412] [controller_server]: Passing new path to controller.
[controller_server-1] [INFO] [1783275194.823590903] [controller_server]: Passing new path to controller.
[controller_server-1] [INFO] [1783275195.873593173] [controller_server]: Passing new path to controller.
[controller_server-1] [INFO] [1783275196.873589950] [controller_server]: Passing new path to controller.
[controller_server-1] [INFO] [1783275197.923583493] [controller_server]: Passing new path to controller.
[controller_server-1] [INFO] [1783275198.973585014] [controller_server]: Passing new path to controller.
[controller_server-1] [INFO] [1783275199.973653855] [controller_server]: Passing new path to controller.
[controller_server-1] [INFO] [1783275201.023586320] [controller_server]: Passing new path to controller.
[controller_server-1] [INFO] [1783275202.023574606] [controller_server]: Passing new path to controller.
[controller_server-1] [INFO] [1783275203.073600292] [controller_server]: Passing new path to controller.
[controller_server-1] [INFO] [1783275204.123584861] [controller_server]: Passing new path to controller.
[controller_server-1] [INFO] [1783275205.123563694] [controller_server]: Passing new path to controller.
[controller_server-1] [INFO] [1783275206.173587157] [controller_server]: Passing new path to controller.
[controller_server-1] [INFO] [1783275207.173617626] [controller_server]: Passing new path to controller.
[controller_server-1] [INFO] [1783275208.223588671] [controller_server]: Passing new path to controller.
[controller_server-1] [INFO] [1783275209.273576211] [controller_server]: Passing new path to controller.
[controller_server-1] [INFO] [1783275210.273625492] [controller_server]: Passing new path to controller.
[controller_server-1] [INFO] [1783275211.323599137] [controller_server]: Passing new path to controller.
[controller_server-1] [INFO] [1783275212.323577298] [controller_server]: Passing new path to controller.
[controller_server-1] [ERROR] [1783275212.423653761] [controller_server]: Failed to make progress
[controller_server-1] [WARN] [1783275212.423780754] [controller_server]: [follow_path] [ActionServer] Aborting handle.
[controller_server-1] [INFO] [1783275212.442062826] [local_costmap.local_costmap]: Received request to clear entirely the local_costmap
[controller_server-1] [INFO] [1783275212.443981496] [controller_server]: Received a goal, begin computing control effort.
[controller_server-1] [INFO] [1783275213.394137448] [controller_server]: Passing new path to controller.
[controller_server-1] [INFO] [1783275214.400483557] [controller_server]: Passing new path to controller.
[controller_server-1] [INFO] [1783275215.450476655] [controller_server]: Passing new path to controller.
[controller_server-1] [INFO] [1783275216.450475062] [controller_server]: Passing new path to controller.
[controller_server-1] [INFO] [1783275217.500475966] [controller_server]: Passing new path to controller.
[controller_server-1] [INFO] [1783275218.500481747] [controller_server]: Passing new path to controller.
[controller_server-1] [INFO] [1783275219.550466723] [controller_server]: Passing new path to controller.
[controller_server-1] [INFO] [1783275220.600471875] [controller_server]: Passing new path to controller.
[controller_server-1] [INFO] [1783275221.600481923] [controller_server]: Passing new path to controller.
[controller_server-1] [INFO] [1783275221.709695607] [local_costmap.local_costmap]: Received request to clear entirely the local_costmap
[planner_server-2] [INFO] [1783275221.709780609] [global_costmap.global_costmap]: Received request to clear entirely the global_costmap
[controller_server-1] [WARN] [1783275221.860707140] [controller_server]: Control loop missed its desired rate of 20.0000Hz
[controller_server-1] [INFO] [1783275222.665279911] [controller_server]: Passing new path to controller.
[controller_server-1] [INFO] [1783275223.671464115] [controller_server]: Passing new path to controller.
[controller_server-1] [INFO] [1783275224.729548719] [controller_server]: Passing new path to controller.
[controller_server-1] [INFO] [1783275225.736053602] [controller_server]: Passing new path to controller.
[controller_server-1] [INFO] [1783275226.742609992] [controller_server]: Passing new path to controller.
[controller_server-1] [ERROR] [1783275227.649031388] [controller_server]: Failed to make progress
[controller_server-1] [WARN] [1783275227.649135676] [controller_server]: [follow_path] [ActionServer] Aborting handle.
[behavior_server-3] [INFO] [1783275227.668466198] [behavior_server]: Running wait
[behavior_server-3] [INFO] [1783275232.768640220] [behavior_server]: wait completed successfully
[controller_server-1] [INFO] [1783275232.819056471] [controller_server]: Received a goal, begin computing control effort.
[controller_server-1] [INFO] [1783275233.869217924] [controller_server]: Passing new path to controller.
[controller_server-1] [INFO] [1783275234.919254982] [controller_server]: Passing new path to controller.
[controller_server-1] [INFO] [1783275235.919231713] [controller_server]: Passing new path to controller.
[controller_server-1] [INFO] [1783275236.969229355] [controller_server]: Passing new path to controller.
[controller_server-1] [INFO] [1783275237.969256417] [controller_server]: Passing new path to controller.
[controller_server-1] [INFO] [1783275239.019238485] [controller_server]: Passing new path to controller.
[controller_server-1] [INFO] [1783275240.069256595] [controller_server]: Passing new path to controller.
[controller_server-1] [INFO] [1783275241.069251801] [controller_server]: Passing new path to controller.
[controller_server-1] [INFO] [1783275242.119235202] [controller_server]: Passing new path to controller.
[controller_server-1] [INFO] [1783275243.119227730] [controller_server]: Passing new path to controller.
[controller_server-1] [INFO] [1783275244.175504884] [controller_server]: Passing new path to controller.
[controller_server-1] [INFO] [1783275245.225505589] [controller_server]: Passing new path to controller.
[controller_server-1] [INFO] [1783275246.225507096] [controller_server]: Passing new path to controller.
[controller_server-1] [INFO] [1783275247.275571089] [controller_server]: Passing new path to controller.
[controller_server-1] [ERROR] [1783275247.975534560] [controller_server]: Failed to make progress
[controller_server-1] [WARN] [1783275247.975633891] [controller_server]: [follow_path] [ActionServer] Aborting handle.
[controller_server-1] [INFO] [1783275247.994539715] [local_costmap.local_costmap]: Received request to clear entirely the local_costmap
[controller_server-1] [INFO] [1783275247.995603308] [controller_server]: Received a goal, begin computing control effort.
[controller_server-1] [WARN] [1783275248.075901732] [controller_server]: Control loop missed its desired rate of 20.0000Hz
[controller_server-1] [INFO] [1783275248.295744445] [controller_server]: Passing new path to controller.
[controller_server-1] [INFO] [1783275249.295757079] [controller_server]: Passing new path to controller.
[controller_server-1] [INFO] [1783275250.345788171] [controller_server]: Passing new path to controller.
[controller_server-1] [INFO] [1783275251.345764595] [controller_server]: Passing new path to controller.
[controller_server-1] [INFO] [1783275252.395751229] [controller_server]: Passing new path to controller.
[controller_server-1] [INFO] [1783275253.395742351] [controller_server]: Passing new path to controller.
[controller_server-1] [INFO] [1783275254.445741949] [controller_server]: Passing new path to controller.
[controller_server-1] [INFO] [1783275255.495760869] [controller_server]: Passing new path to controller.
[controller_server-1] [INFO] [1783275256.495762302] [controller_server]: Passing new path to controller.
[controller_server-1] [INFO] [1783275257.545759216] [controller_server]: Passing new path to controller.
[controller_server-1] [INFO] [1783275258.045756243] [controller_server]: Goal was canceled. Stopping the robot.
[controller_server-1] [INFO] [1783275258.045830622] [controller_server]: [follow_path] [ActionServer] Client requested to cancel the goal. Cancelling.
[bt_navigator-4] [INFO] [1783275258.046070314] [bt_navigator]: [navigate_to_pose] [ActionServer] Client requested to cancel the goal. Cancelling.
[bt_navigator-4] [INFO] [1783275258.046532252] [bt_navigator]: Goal canceled
[bt_navigator-4] [INFO] [1783275263.161826203] [bt_navigator]: Begin navigating from current location (-4.89, 5.15) to (1.94, 3.38)
[controller_server-1] [INFO] [1783275263.183251843] [controller_server]: Received a goal, begin computing control effort.
[controller_server-1] [ERROR] [1783275263.384713399] [transformPoseInTargetFrame]: Extrapolation Error looking up target frame: Lookup would require extrapolation into the future.  Requested time 2037.243000 but the latest data is at time 2037.222000, when looking up transform from frame [map] to frame [leo1/base_link]
[controller_server-1] 
[controller_server-1] [WARN] [1783275263.386120846] [controller_server]: Control loop missed its desired rate of 20.0000Hz
[controller_server-1] [INFO] [1783275264.255415084] [controller_server]: Passing new path to controller.
[controller_server-1] [WARN] [1783275264.427820059] [controller_server]: Control loop missed its desired rate of 20.0000Hz
[controller_server-1] [WARN] [1783275264.438090657] [controller_server]: Control loop missed its desired rate of 20.0000Hz
[controller_server-1] [ERROR] [1783275264.587446332] [transformPoseInTargetFrame]: Extrapolation Error looking up target frame: Lookup would require extrapolation into the future.  Requested time 2038.436000 but the latest data is at time 2038.422000, when looking up transform from frame [map] to frame [leo1/base_link]
[controller_server-1] 
[controller_server-1] [WARN] [1783275264.588293599] [controller_server]: Control loop missed its desired rate of 20.0000Hz
[controller_server-1] [INFO] [1783275265.250756034] [controller_server]: Passing new path to controller.
[controller_server-1] [ERROR] [1783275265.413107547] [transformPoseInTargetFrame]: Extrapolation Error looking up target frame: Lookup would require extrapolation into the future.  Requested time 2039.252000 but the latest data is at time 2039.222000, when looking up transform from frame [map] to frame [leo1/base_link]
[controller_server-1] 
[controller_server-1] [WARN] [1783275265.414494299] [controller_server]: Control loop missed its desired rate of 20.0000Hz
[controller_server-1] [INFO] [1783275266.288389910] [controller_server]: Passing new path to controller.
[controller_server-1] [ERROR] [1783275266.400588392] [transformPoseInTargetFrame]: Extrapolation Error looking up target frame: Lookup would require extrapolation into the future.  Requested time 2040.223000 but the latest data is at time 2040.222000, when looking up transform from frame [map] to frame [leo1/base_link]
[controller_server-1] 
[controller_server-1] [WARN] [1783275266.401295412] [controller_server]: Control loop missed its desired rate of 20.0000Hz
[controller_server-1] [INFO] [1783275267.320573795] [controller_server]: Passing new path to controller.
[controller_server-1] [ERROR] [1783275267.423068124] [transformPoseInTargetFrame]: Extrapolation Error looking up target frame: Lookup would require extrapolation into the future.  Requested time 2041.242000 but the latest data is at time 2041.222000, when looking up transform from frame [map] to frame [leo1/base_link]
[controller_server-1] 
[controller_server-1] [WARN] [1783275267.424458744] [controller_server]: Control loop missed its desired rate of 20.0000Hz
[controller_server-1] [INFO] [1783275268.351392781] [controller_server]: Passing new path to controller.
[controller_server-1] [ERROR] [1783275268.453600186] [transformPoseInTargetFrame]: Extrapolation Error looking up target frame: Lookup would require extrapolation into the future.  Requested time 2042.263000 but the latest data is at time 2042.222000, when looking up transform from frame [map] to frame [leo1/base_link]
[controller_server-1] 
[controller_server-1] [WARN] [1783275268.454847448] [controller_server]: Control loop missed its desired rate of 20.0000Hz
[controller_server-1] [INFO] [1783275269.371736561] [controller_server]: Passing new path to controller.
[controller_server-1] [ERROR] [1783275269.473761115] [transformPoseInTargetFrame]: Extrapolation Error looking up target frame: Lookup would require extrapolation into the future.  Requested time 2043.272000 but the latest data is at time 2043.242000, when looking up transform from frame [map] to frame [leo1/base_link]
[controller_server-1] 
[controller_server-1] [WARN] [1783275269.474587533] [controller_server]: Control loop missed its desired rate of 20.0000Hz
[controller_server-1] [INFO] [1783275270.404932438] [controller_server]: Passing new path to controller.
[controller_server-1] [ERROR] [1783275270.507186591] [transformPoseInTargetFrame]: Extrapolation Error looking up target frame: Lookup would require extrapolation into the future.  Requested time 2044.289000 but the latest data is at time 2044.242000, when looking up transform from frame [map] to frame [leo1/base_link]
[controller_server-1] 
[controller_server-1] [WARN] [1783275270.508203758] [controller_server]: Control loop missed its desired rate of 20.0000Hz
[controller_server-1] [INFO] [1783275271.428163446] [controller_server]: Passing new path to controller.
[controller_server-1] [WARN] [1783275271.510952439] [controller_server]: Control loop missed its desired rate of 20.0000Hz
[controller_server-1] [INFO] [1783275272.458308064] [controller_server]: Passing new path to controller.
[controller_server-1] [WARN] [1783275272.520743036] [controller_server]: Control loop missed its desired rate of 20.0000Hz
[controller_server-1] [INFO] [1783275273.508288356] [controller_server]: Passing new path to controller.
[controller_server-1] [INFO] [1783275274.514754825] [controller_server]: Passing new path to controller.
[controller_server-1] [INFO] [1783275275.564639910] [controller_server]: Passing new path to controller.
[controller_server-1] [INFO] [1783275276.614657199] [controller_server]: Passing new path to controller.
[controller_server-1] [INFO] [1783275277.614664610] [controller_server]: Passing new path to controller.
[controller_server-1] [INFO] [1783275278.664657372] [controller_server]: Passing new path to controller.
[controller_server-1] [INFO] [1783275279.664692149] [controller_server]: Passing new path to controller.
[controller_server-1] [INFO] [1783275280.714672224] [controller_server]: Passing new path to controller.
[controller_server-1] [INFO] [1783275281.764613531] [controller_server]: Passing new path to controller.
[controller_server-1] [ERROR] [1783275281.867100303] [transformPoseInTargetFrame]: Extrapolation Error looking up target frame: Lookup would require extrapolation into the future.  Requested time 2055.444000 but the latest data is at time 2055.442000, when looking up transform from frame [map] to frame [leo1/base_link]
[controller_server-1] 
[controller_server-1] [WARN] [1783275281.868333743] [controller_server]: Control loop missed its desired rate of 20.0000Hz
[controller_server-1] [INFO] [1783275282.782983510] [controller_server]: Passing new path to controller.
[controller_server-1] [ERROR] [1783275282.885478670] [transformPoseInTargetFrame]: Extrapolation Error looking up target frame: Lookup would require extrapolation into the future.  Requested time 2056.452000 but the latest data is at time 2056.442000, when looking up transform from frame [map] to frame [leo1/base_link]
[controller_server-1] 
[controller_server-1] [WARN] [1783275282.886278992] [controller_server]: Control loop missed its desired rate of 20.0000Hz
[controller_server-1] [INFO] [1783275283.818423122] [controller_server]: Passing new path to controller.
[controller_server-1] [ERROR] [1783275283.920600284] [transformPoseInTargetFrame]: Extrapolation Error looking up target frame: Lookup would require extrapolation into the future.  Requested time 2057.477000 but the latest data is at time 2057.422000, when looking up transform from frame [map] to frame [leo1/base_link]
[controller_server-1] 
[controller_server-1] [WARN] [1783275283.922611013] [controller_server]: Control loop missed its desired rate of 20.0000Hz
[controller_server-1] [INFO] [1783275284.838896160] [controller_server]: Passing new path to controller.
[controller_server-1] [ERROR] [1783275284.940906551] [transformPoseInTargetFrame]: Extrapolation Error looking up target frame: Lookup would require extrapolation into the future.  Requested time 2058.478000 but the latest data is at time 2058.442000, when looking up transform from frame [map] to frame [leo1/base_link]
[controller_server-1] 
[controller_server-1] [WARN] [1783275284.942741636] [controller_server]: Control loop missed its desired rate of 20.0000Hz
[controller_server-1] [INFO] [1783275285.872698246] [controller_server]: Passing new path to controller.
[controller_server-1] [WARN] [1783275285.966723771] [controller_server]: Control loop missed its desired rate of 20.0000Hz
[controller_server-1] [INFO] [1783275286.872743911] [controller_server]: Passing new path to controller.
[controller_server-1] [ERROR] [1783275286.974915151] [transformPoseInTargetFrame]: Extrapolation Error looking up target frame: Lookup would require extrapolation into the future.  Requested time 2060.483000 but the latest data is at time 2060.422000, when looking up transform from frame [map] to frame [leo1/base_link]
[controller_server-1] 
[controller_server-1] [WARN] [1783275286.976111733] [controller_server]: Control loop missed its desired rate of 20.0000Hz
[controller_server-1] [INFO] [1783275287.940060524] [controller_server]: Passing new path to controller.
[controller_server-1] [INFO] [1783275288.976195092] [controller_server]: Passing new path to controller.
[controller_server-1] [WARN] [1783275289.029244388] [controller_server]: Control loop missed its desired rate of 20.0000Hz
[controller_server-1] [INFO] [1783275289.976326992] [controller_server]: Passing new path to controller.
[controller_server-1] [WARN] [1783275290.028397879] [controller_server]: Control loop missed its desired rate of 20.0000Hz
[controller_server-1] [INFO] [1783275291.026210321] [controller_server]: Passing new path to controller.
[controller_server-1] [INFO] [1783275292.026199975] [controller_server]: Passing new path to controller.
[controller_server-1] [WARN] [1783275292.098266052] [controller_server]: Control loop missed its desired rate of 20.0000Hz
[controller_server-1] [INFO] [1783275293.076202092] [controller_server]: Passing new path to controller.
[controller_server-1] [WARN] [1783275293.128163734] [controller_server]: Control loop missed its desired rate of 20.0000Hz
[controller_server-1] [INFO] [1783275294.126194354] [controller_server]: Passing new path to controller.
[controller_server-1] [INFO] [1783275295.126228139] [controller_server]: Passing new path to controller.
[controller_server-1] [INFO] [1783275296.176197501] [controller_server]: Passing new path to controller.
[controller_server-1] [INFO] [1783275297.176197397] [controller_server]: Passing new path to controller.
[controller_server-1] [INFO] [1783275298.226187199] [controller_server]: Passing new path to controller.
[controller_server-1] [INFO] [1783275299.276209047] [controller_server]: Passing new path to controller.
[controller_server-1] [INFO] [1783275300.276225431] [controller_server]: Passing new path to controller.
[controller_server-1] [INFO] [1783275301.326223828] [controller_server]: Passing new path to controller.
[controller_server-1] [INFO] [1783275302.326225845] [controller_server]: Passing new path to controller.
[controller_server-1] [INFO] [1783275303.376201351] [controller_server]: Passing new path to controller.
[controller_server-1] [INFO] [1783275304.384653829] [controller_server]: Passing new path to controller.
[controller_server-1] [INFO] [1783275305.434640717] [controller_server]: Passing new path to controller.
[controller_server-1] [INFO] [1783275306.484616852] [controller_server]: Passing new path to controller.
[controller_server-1] [INFO] [1783275307.484607249] [controller_server]: Passing new path to controller.
[controller_server-1] [INFO] [1783275308.534638432] [controller_server]: Passing new path to controller.
[controller_server-1] [INFO] [1783275308.684866537] [controller_server]: Reached the goal!
[bt_navigator-4] [INFO] [1783275308.717463817] [bt_navigator]: Goal succeeded
[bt_navigator-4] [INFO] [1783275311.959965437] [bt_navigator]: Begin navigating from current location (1.78, 3.54) to (5.99, 0.75)
[controller_server-1] [INFO] [1783275311.981357250] [controller_server]: Received a goal, begin computing control effort.
[controller_server-1] [ERROR] [1783275312.082705068] [transformPoseInTargetFrame]: Extrapolation Error looking up target frame: Lookup would require extrapolation into the future.  Requested time 2085.063000 but the latest data is at time 2085.042000, when looking up transform from frame [map] to frame [leo1/base_link]
[controller_server-1] 
[controller_server-1] [WARN] [1783275312.083825208] [controller_server]: Control loop missed its desired rate of 20.0000Hz
[controller_server-1] [INFO] [1783275313.057446448] [controller_server]: Passing new path to controller.
[controller_server-1] [INFO] [1783275314.083907364] [controller_server]: Passing new path to controller.
[controller_server-1] [WARN] [1783275314.136381123] [controller_server]: Control loop missed its desired rate of 20.0000Hz
[controller_server-1] [INFO] [1783275315.083932531] [controller_server]: Passing new path to controller.
[controller_server-1] [WARN] [1783275315.166733062] [controller_server]: Control loop missed its desired rate of 20.0000Hz
[controller_server-1] [INFO] [1783275316.133916700] [controller_server]: Passing new path to controller.
[controller_server-1] [WARN] [1783275316.216931914] [controller_server]: Control loop missed its desired rate of 20.0000Hz
[controller_server-1] [INFO] [1783275317.133936940] [controller_server]: Passing new path to controller.
[controller_server-1] [WARN] [1783275317.217182744] [controller_server]: Control loop missed its desired rate of 20.0000Hz
[controller_server-1] [INFO] [1783275318.183937939] [controller_server]: Passing new path to controller.
[controller_server-1] [WARN] [1783275318.246770595] [controller_server]: Control loop missed its desired rate of 20.0000Hz
[controller_server-1] [INFO] [1783275319.233916435] [controller_server]: Passing new path to controller.
[controller_server-1] [INFO] [1783275320.233952842] [controller_server]: Passing new path to controller.
[controller_server-1] [WARN] [1783275320.297209035] [controller_server]: Control loop missed its desired rate of 20.0000Hz
[controller_server-1] [INFO] [1783275321.283903416] [controller_server]: Passing new path to controller.
[controller_server-1] [INFO] [1783275322.283933628] [controller_server]: Passing new path to controller.
[controller_server-1] [WARN] [1783275322.338440538] [controller_server]: Control loop missed its desired rate of 20.0000Hz
[controller_server-1] [INFO] [1783275323.333965114] [controller_server]: Passing new path to controller.
[controller_server-1] [INFO] [1783275324.383984690] [controller_server]: Passing new path to controller.
[controller_server-1] [INFO] [1783275325.383929890] [controller_server]: Passing new path to controller.
[controller_server-1] [INFO] [1783275326.433908209] [controller_server]: Passing new path to controller.
[controller_server-1] [INFO] [1783275327.433931564] [controller_server]: Passing new path to controller.
[controller_server-1] [INFO] [1783275328.483954357] [controller_server]: Passing new path to controller.
[controller_server-1] [INFO] [1783275329.533914696] [controller_server]: Passing new path to controller.
[controller_server-1] [INFO] [1783275330.533921866] [controller_server]: Passing new path to controller.
[controller_server-1] [WARN] [1783275330.616489397] [controller_server]: Control loop missed its desired rate of 20.0000Hz
[planner_server-2] [INFO] [1783275330.798775756] [global_costmap.global_costmap]: StaticLayer: Resizing costmap to 281 X 281 at 0.050000 m/pix
[controller_server-1] [INFO] [1783275331.583899285] [controller_server]: Passing new path to controller.
[controller_server-1] [WARN] [1783275331.646260961] [controller_server]: Control loop missed its desired rate of 20.0000Hz
[planner_server-2] [INFO] [1783275331.798961205] [global_costmap.global_costmap]: StaticLayer: Resizing costmap to 281 X 281 at 0.050000 m/pix
[controller_server-1] [INFO] [1783275332.583911026] [controller_server]: Passing new path to controller.
[controller_server-1] [WARN] [1783275332.686399726] [controller_server]: Control loop missed its desired rate of 20.0000Hz
[planner_server-2] [INFO] [1783275332.998808299] [global_costmap.global_costmap]: StaticLayer: Resizing costmap to 281 X 281 at 0.050000 m/pix
[controller_server-1] [INFO] [1783275333.609997577] [controller_server]: Passing new path to controller.
[planner_server-2] [INFO] [1783275333.807779154] [global_costmap.global_costmap]: StaticLayer: Resizing costmap to 281 X 281 at 0.050000 m/pix
[controller_server-1] [INFO] [1783275334.638460027] [controller_server]: Passing new path to controller.
[planner_server-2] [INFO] [1783275334.807791906] [global_costmap.global_costmap]: StaticLayer: Resizing costmap to 281 X 281 at 0.050000 m/pix
[controller_server-1] [INFO] [1783275335.695504242] [controller_server]: Passing new path to controller.
[controller_server-1] [INFO] [1783275336.695450951] [controller_server]: Passing new path to controller.
[controller_server-1] [INFO] [1783275337.745482872] [controller_server]: Passing new path to controller.
[controller_server-1] [INFO] [1783275338.795494496] [controller_server]: Passing new path to controller.
[controller_server-1] [INFO] [1783275339.795470234] [controller_server]: Passing new path to controller.
[controller_server-1] [INFO] [1783275340.845469990] [controller_server]: Passing new path to controller.
[controller_server-1] [INFO] [1783275341.845455438] [controller_server]: Passing new path to controller.
[controller_server-1] [INFO] [1783275342.895454185] [controller_server]: Passing new path to controller.
[controller_server-1] [INFO] [1783275343.945448759] [controller_server]: Passing new path to controller.
[controller_server-1] [INFO] [1783275344.945451875] [controller_server]: Passing new path to controller.
[controller_server-1] [INFO] [1783275345.995441349] [controller_server]: Passing new path to controller.
[controller_server-1] [INFO] [1783275346.995462409] [controller_server]: Passing new path to controller.
[controller_server-1] [INFO] [1783275348.045451232] [controller_server]: Passing new path to controller.
[controller_server-1] [INFO] [1783275349.095451415] [controller_server]: Passing new path to controller.
[controller_server-1] [INFO] [1783275350.095483216] [controller_server]: Passing new path to controller.
[controller_server-1] [INFO] [1783275351.145456262] [controller_server]: Passing new path to controller.
[controller_server-1] [INFO] [1783275352.145463398] [controller_server]: Passing new path to controller.
[controller_server-1] [INFO] [1783275353.195450437] [controller_server]: Passing new path to controller.
[controller_server-1] [INFO] [1783275354.245480182] [controller_server]: Passing new path to controller.
[controller_server-1] [INFO] [1783275355.245479347] [controller_server]: Passing new path to controller.
[controller_server-1] [INFO] [1783275356.295476694] [controller_server]: Passing new path to controller.
[controller_server-1] [INFO] [1783275357.295446537] [controller_server]: Passing new path to controller.
[controller_server-1] [ERROR] [1783275358.145494102] [controller_server]: Failed to make progress
[controller_server-1] [WARN] [1783275358.145585101] [controller_server]: [follow_path] [ActionServer] Aborting handle.
[controller_server-1] [INFO] [1783275358.159322139] [local_costmap.local_costmap]: Received request to clear entirely the local_costmap
[controller_server-1] [INFO] [1783275358.160972307] [controller_server]: Received a goal, begin computing control effort.
[controller_server-1] [WARN] [1783275358.291412363] [controller_server]: Control loop missed its desired rate of 20.0000Hz
[controller_server-1] [INFO] [1783275358.341667412] [controller_server]: Passing new path to controller.
[controller_server-1] [INFO] [1783275359.348827290] [controller_server]: Passing new path to controller.
[controller_server-1] [INFO] [1783275360.406263643] [controller_server]: Passing new path to controller.
[controller_server-1] [INFO] [1783275361.413918877] [controller_server]: Passing new path to controller.
[controller_server-1] [INFO] [1783275362.471398817] [controller_server]: Passing new path to controller.
[controller_server-1] [INFO] [1783275363.478916829] [controller_server]: Passing new path to controller.
[controller_server-1] [INFO] [1783275364.492346602] [controller_server]: Passing new path to controller.
[controller_server-1] [INFO] [1783275365.547931168] [controller_server]: Passing new path to controller.
[controller_server-1] [INFO] [1783275366.547876536] [controller_server]: Passing new path to controller.
[controller_server-1] [INFO] [1783275367.597887377] [controller_server]: Passing new path to controller.
[controller_server-1] [INFO] [1783275368.112548021] [local_costmap.local_costmap]: Received request to clear entirely the local_costmap
[planner_server-2] [INFO] [1783275368.112640977] [global_costmap.global_costmap]: Received request to clear entirely the global_costmap
[controller_server-1] [WARN] [1783275368.298284877] [controller_server]: Control loop missed its desired rate of 20.0000Hz
[controller_server-1] [INFO] [1783275368.600210360] [controller_server]: Passing new path to controller.
[controller_server-1] [INFO] [1783275369.656892437] [controller_server]: Passing new path to controller.
[controller_server-1] [INFO] [1783275370.664265502] [controller_server]: Passing new path to controller.
[controller_server-1] [INFO] [1783275371.722457465] [controller_server]: Passing new path to controller.
[controller_server-1] [INFO] [1783275372.728828686] [controller_server]: Passing new path to controller.
[controller_server-1] [ERROR] [1783275373.484084112] [controller_server]: Failed to make progress
[controller_server-1] [WARN] [1783275373.484176161] [controller_server]: [follow_path] [ActionServer] Aborting handle.
[behavior_server-3] [INFO] [1783275373.496058726] [behavior_server]: Running backup
[behavior_server-3] [INFO] [1783275379.696444268] [behavior_server]: backup completed successfully
[controller_server-1] [INFO] [1783275379.746933251] [controller_server]: Received a goal, begin computing control effort.
[controller_server-1] [WARN] [1783275379.808053649] [controller_server]: Control loop missed its desired rate of 20.0000Hz
[controller_server-1] [INFO] [1783275380.797185433] [controller_server]: Passing new path to controller.
[controller_server-1] [INFO] [1783275381.847159241] [controller_server]: Passing new path to controller.
[controller_server-1] [INFO] [1783275382.847190457] [controller_server]: Passing new path to controller.
[controller_server-1] [INFO] [1783275383.897164849] [controller_server]: Passing new path to controller.
[controller_server-1] [INFO] [1783275384.897163885] [controller_server]: Passing new path to controller.
[controller_server-1] [INFO] [1783275385.947150388] [controller_server]: Passing new path to controller.
[controller_server-1] [INFO] [1783275386.947149700] [controller_server]: Passing new path to controller.
[controller_server-1] [INFO] [1783275387.997398681] [controller_server]: Passing new path to controller.
[controller_server-1] [INFO] [1783275389.047139364] [controller_server]: Passing new path to controller.
[controller_server-1] [INFO] [1783275390.047152161] [controller_server]: Passing new path to controller.
[controller_server-1] [INFO] [1783275391.097141405] [controller_server]: Passing new path to controller.
[controller_server-1] [INFO] [1783275392.097145280] [controller_server]: Passing new path to controller.
[controller_server-1] [INFO] [1783275393.147198152] [controller_server]: Passing new path to controller.
[controller_server-1] [INFO] [1783275394.153869859] [controller_server]: Passing new path to controller.
[controller_server-1] [ERROR] [1783275395.003906881] [controller_server]: Failed to make progress
[controller_server-1] [WARN] [1783275395.004011390] [controller_server]: [follow_path] [ActionServer] Aborting handle.
[controller_server-1] [INFO] [1783275395.022384511] [local_costmap.local_costmap]: Received request to clear entirely the local_costmap
[controller_server-1] [INFO] [1783275395.023702915] [controller_server]: Received a goal, begin computing control effort.
[controller_server-1] [WARN] [1783275395.114062831] [controller_server]: Control loop missed its desired rate of 20.0000Hz
[controller_server-1] [INFO] [1783275395.173937346] [controller_server]: Passing new path to controller.
[controller_server-1] [INFO] [1783275396.223901826] [controller_server]: Passing new path to controller.
[controller_server-1] [INFO] [1783275397.273915503] [controller_server]: Passing new path to controller.
[controller_server-1] [INFO] [1783275398.273914484] [controller_server]: Passing new path to controller.
[controller_server-1] [INFO] [1783275399.323906393] [controller_server]: Passing new path to controller.
[controller_server-1] [INFO] [1783275400.323908619] [controller_server]: Passing new path to controller.
[controller_server-1] [INFO] [1783275401.373900508] [controller_server]: Passing new path to controller.
[controller_server-1] [INFO] [1783275402.373900947] [controller_server]: Passing new path to controller.
[controller_server-1] [INFO] [1783275403.423951124] [controller_server]: Passing new path to controller.
[controller_server-1] [INFO] [1783275404.423894488] [controller_server]: Passing new path to controller.
[bt_navigator-4] [ERROR] [1783275404.653815966] [bt_navigator_navigate_to_pose_rclcpp_node]: Failed to get result for follow_path in node halt!
[bt_navigator-4] [INFO] [1783275404.653938505] [bt_navigator]: [navigate_to_pose] [ActionServer] Client requested to cancel the goal. Cancelling.
[bt_navigator-4] [INFO] [1783275404.654530363] [bt_navigator]: Goal canceled
[controller_server-1] [INFO] [1783275404.673921170] [controller_server]: Goal was canceled. Stopping the robot.
[controller_server-1] [INFO] [1783275404.673970641] [controller_server]: [follow_path] [ActionServer] Client requested to cancel the goal. Cancelling.
[bt_navigator-4] [INFO] [1783275410.349143737] [bt_navigator]: Begin navigating from current location (5.88, 0.97) to (5.29, 0.04)
[controller_server-1] [INFO] [1783275410.370855289] [controller_server]: Received a goal, begin computing control effort.
[controller_server-1] [WARN] [1783275410.462482125] [controller_server]: Control loop missed its desired rate of 20.0000Hz
[controller_server-1] [WARN] [1783275410.472931121] [controller_server]: Control loop missed its desired rate of 20.0000Hz
[controller_server-1] [ERROR] [1783275410.622662604] [transformPoseInTargetFrame]: Extrapolation Error looking up target frame: Lookup would require extrapolation into the future.  Requested time 2181.869000 but the latest data is at time 2181.842000, when looking up transform from frame [map] to frame [leo1/base_link]
[controller_server-1] 
[controller_server-1] [WARN] [1783275410.623268232] [controller_server]: Control loop missed its desired rate of 20.0000Hz
[controller_server-1] [INFO] [1783275411.430940727] [controller_server]: Passing new path to controller.
[controller_server-1] [ERROR] [1783275411.605234030] [transformPoseInTargetFrame]: Extrapolation Error looking up target frame: Lookup would require extrapolation into the future.  Requested time 2182.839000 but the latest data is at time 2182.822000, when looking up transform from frame [map] to frame [leo1/base_link]
[controller_server-1] 
[controller_server-1] [WARN] [1783275411.605694718] [controller_server]: Control loop missed its desired rate of 20.0000Hz
[controller_server-1] [INFO] [1783275412.473365484] [controller_server]: Passing new path to controller.
[controller_server-1] [ERROR] [1783275412.624759837] [transformPoseInTargetFrame]: Extrapolation Error looking up target frame: Lookup would require extrapolation into the future.  Requested time 2183.843000 but the latest data is at time 2183.842000, when looking up transform from frame [map] to frame [leo1/base_link]
[controller_server-1] 
[controller_server-1] [WARN] [1783275412.625060709] [controller_server]: Control loop missed its desired rate of 20.0000Hz
[controller_server-1] [INFO] [1783275413.481990447] [controller_server]: Passing new path to controller.
[controller_server-1] [ERROR] [1783275413.644360382] [transformPoseInTargetFrame]: Extrapolation Error looking up target frame: Lookup would require extrapolation into the future.  Requested time 2184.853000 but the latest data is at time 2184.842000, when looking up transform from frame [map] to frame [leo1/base_link]
[controller_server-1] 
[controller_server-1] [WARN] [1783275413.644886209] [controller_server]: Control loop missed its desired rate of 20.0000Hz
[controller_server-1] [INFO] [1783275414.525163968] [controller_server]: Passing new path to controller.
[controller_server-1] [ERROR] [1783275414.637167752] [transformPoseInTargetFrame]: Extrapolation Error looking up target frame: Lookup would require extrapolation into the future.  Requested time 2185.823000 but the latest data is at time 2185.822000, when looking up transform from frame [map] to frame [leo1/base_link]
[controller_server-1] 
[controller_server-1] [WARN] [1783275414.637539824] [controller_server]: Control loop missed its desired rate of 20.0000Hz
[controller_server-1] [INFO] [1783275415.544993658] [controller_server]: Passing new path to controller.
[controller_server-1] [ERROR] [1783275415.707702636] [transformPoseInTargetFrame]: Extrapolation Error looking up target frame: Lookup would require extrapolation into the future.  Requested time 2186.891000 but the latest data is at time 2186.842000, when looking up transform from frame [map] to frame [leo1/base_link]
[controller_server-1] 
[controller_server-1] [WARN] [1783275415.708040584] [controller_server]: Control loop missed its desired rate of 20.0000Hz
[controller_server-1] [INFO] [1783275416.587623468] [controller_server]: Passing new path to controller.
[controller_server-1] [ERROR] [1783275416.689732070] [transformPoseInTargetFrame]: Extrapolation Error looking up target frame: Lookup would require extrapolation into the future.  Requested time 2187.858000 but the latest data is at time 2187.842000, when looking up transform from frame [map] to frame [leo1/base_link]
[controller_server-1] 
[controller_server-1] [WARN] [1783275416.690142821] [controller_server]: Control loop missed its desired rate of 20.0000Hz
[controller_server-1] [INFO] [1783275417.597748627] [controller_server]: Passing new path to controller.
[controller_server-1] [ERROR] [1783275417.700038393] [transformPoseInTargetFrame]: Extrapolation Error looking up target frame: Lookup would require extrapolation into the future.  Requested time 2188.855000 but the latest data is at time 2188.842000, when looking up transform from frame [map] to frame [leo1/base_link]
[controller_server-1] 
[controller_server-1] [WARN] [1783275417.700319407] [controller_server]: Control loop missed its desired rate of 20.0000Hz
[controller_server-1] [INFO] [1783275418.640227817] [controller_server]: Passing new path to controller.
[controller_server-1] [WARN] [1783275418.742380851] [controller_server]: Control loop missed its desired rate of 20.0000Hz
[controller_server-1] [ERROR] [1783275418.915479714] [transformPoseInTargetFrame]: Extrapolation Error looking up target frame: Lookup would require extrapolation into the future.  Requested time 2190.058000 but the latest data is at time 2190.022000, when looking up transform from frame [map] to frame [leo1/base_link]
[controller_server-1] 
[controller_server-1] [WARN] [1783275418.915809395] [controller_server]: Control loop missed its desired rate of 20.0000Hz
[controller_server-1] [INFO] [1783275419.642480600] [controller_server]: Passing new path to controller.
[controller_server-1] [ERROR] [1783275419.744818887] [transformPoseInTargetFrame]: Extrapolation Error looking up target frame: Lookup would require extrapolation into the future.  Requested time 2190.881000 but the latest data is at time 2190.842000, when looking up transform from frame [map] to frame [leo1/base_link]
[controller_server-1] 
[controller_server-1] [WARN] [1783275419.745156964] [controller_server]: Control loop missed its desired rate of 20.0000Hz
[controller_server-1] [INFO] [1783275420.706100940] [controller_server]: Passing new path to controller.
[controller_server-1] [ERROR] [1783275420.946585045] [transformPoseInTargetFrame]: Extrapolation Error looking up target frame: Lookup would require extrapolation into the future.  Requested time 2192.072000 but the latest data is at time 2192.042000, when looking up transform from frame [map] to frame [leo1/base_link]
[controller_server-1] 
[controller_server-1] [WARN] [1783275420.947166059] [controller_server]: Control loop missed its desired rate of 20.0000Hz
[controller_server-1] [INFO] [1783275421.705390926] [controller_server]: Passing new path to controller.
[controller_server-1] [ERROR] [1783275421.948569935] [transformPoseInTargetFrame]: Extrapolation Error looking up target frame: Lookup would require extrapolation into the future.  Requested time 2193.064000 but the latest data is at time 2193.022000, when looking up transform from frame [map] to frame [leo1/base_link]
[controller_server-1] 
[controller_server-1] [WARN] [1783275421.948875098] [controller_server]: Control loop missed its desired rate of 20.0000Hz
[controller_server-1] [INFO] [1783275422.756524355] [controller_server]: Passing new path to controller.
[controller_server-1] [ERROR] [1783275422.939086510] [transformPoseInTargetFrame]: Extrapolation Error looking up target frame: Lookup would require extrapolation into the future.  Requested time 2194.049000 but the latest data is at time 2194.042000, when looking up transform from frame [map] to frame [leo1/base_link]
[controller_server-1] 
[controller_server-1] [WARN] [1783275422.941167216] [controller_server]: Control loop missed its desired rate of 20.0000Hz
[controller_server-1] [INFO] [1783275423.757749858] [controller_server]: Passing new path to controller.
[controller_server-1] [WARN] [1783275423.809117233] [controller_server]: Control loop missed its desired rate of 20.0000Hz
[controller_server-1] [ERROR] [1783275423.958989224] [transformPoseInTargetFrame]: Extrapolation Error looking up target frame: Lookup would require extrapolation into the future.  Requested time 2195.052000 but the latest data is at time 2195.022000, when looking up transform from frame [map] to frame [leo1/base_link]
[controller_server-1] 
[controller_server-1] [WARN] [1783275423.959370298] [controller_server]: Control loop missed its desired rate of 20.0000Hz
[controller_server-1] [INFO] [1783275424.818619543] [controller_server]: Passing new path to controller.
[controller_server-1] [INFO] [1783275425.848119023] [controller_server]: Passing new path to controller.
[controller_server-1] [INFO] [1783275426.859468338] [controller_server]: Passing new path to controller.
[planner_server-2] [INFO] [1783275427.029674016] [global_costmap.global_costmap]: StaticLayer: Resizing costmap to 281 X 281 at 0.050000 m/pix
[controller_server-1] [INFO] [1783275427.909578252] [controller_server]: Passing new path to controller.
[controller_server-1] [WARN] [1783275427.963210433] [controller_server]: Control loop missed its desired rate of 20.0000Hz
[controller_server-1] [INFO] [1783275428.909467926] [controller_server]: Passing new path to controller.
[controller_server-1] [INFO] [1783275429.959483662] [controller_server]: Passing new path to controller.
[controller_server-1] [INFO] [1783275430.959555968] [controller_server]: Passing new path to controller.
[controller_server-1] [INFO] [1783275432.009471193] [controller_server]: Passing new path to controller.
[controller_server-1] [INFO] [1783275433.059472730] [controller_server]: Passing new path to controller.
[controller_server-1] [INFO] [1783275434.059471649] [controller_server]: Passing new path to controller.
[controller_server-1] [INFO] [1783275435.109481751] [controller_server]: Passing new path to controller.
[controller_server-1] [INFO] [1783275436.159457424] [controller_server]: Passing new path to controller.
[controller_server-1] [INFO] [1783275437.159501216] [controller_server]: Passing new path to controller.
[controller_server-1] [INFO] [1783275438.209499710] [controller_server]: Passing new path to controller.
[controller_server-1] [INFO] [1783275439.209463003] [controller_server]: Passing new path to controller.
[controller_server-1] [INFO] [1783275440.259492113] [controller_server]: Passing new path to controller.
[controller_server-1] [INFO] [1783275441.259461316] [controller_server]: Passing new path to controller.
[controller_server-1] [INFO] [1783275442.309496927] [controller_server]: Passing new path to controller.
[controller_server-1] [INFO] [1783275443.359464535] [controller_server]: Passing new path to controller.
[controller_server-1] [INFO] [1783275444.359468046] [controller_server]: Passing new path to controller.
[controller_server-1] [INFO] [1783275445.409457172] [controller_server]: Passing new path to controller.
[controller_server-1] [INFO] [1783275446.409486439] [controller_server]: Passing new path to controller.
[controller_server-1] [INFO] [1783275447.459462227] [controller_server]: Passing new path to controller.
[controller_server-1] [INFO] [1783275448.459520656] [controller_server]: Passing new path to controller.
[controller_server-1] [INFO] [1783275449.509465972] [controller_server]: Passing new path to controller.
[controller_server-1] [INFO] [1783275450.559494569] [controller_server]: Passing new path to controller.
[controller_server-1] [INFO] [1783275451.559452855] [controller_server]: Passing new path to controller.
[controller_server-1] [ERROR] [1783275452.459508430] [controller_server]: Failed to make progress
[controller_server-1] [WARN] [1783275452.459629509] [controller_server]: [follow_path] [ActionServer] Aborting handle.
[controller_server-1] [INFO] [1783275452.478280399] [local_costmap.local_costmap]: Received request to clear entirely the local_costmap
[controller_server-1] [INFO] [1783275452.479856893] [controller_server]: Received a goal, begin computing control effort.
[controller_server-1] [INFO] [1783275452.580121028] [controller_server]: Passing new path to controller.
[controller_server-1] [INFO] [1783275453.638711369] [controller_server]: Passing new path to controller.
[controller_server-1] [INFO] [1783275454.638720521] [controller_server]: Passing new path to controller.
[controller_server-1] [INFO] [1783275455.688713665] [controller_server]: Passing new path to controller.
[controller_server-1] [INFO] [1783275456.738722794] [controller_server]: Passing new path to controller.
[controller_server-1] [INFO] [1783275457.738730292] [controller_server]: Passing new path to controller.
[controller_server-1] [INFO] [1783275458.788720542] [controller_server]: Passing new path to controller.
[controller_server-1] [INFO] [1783275459.788720557] [controller_server]: Passing new path to controller.
[controller_server-1] [INFO] [1783275460.838737369] [controller_server]: Passing new path to controller.
[controller_server-1] [INFO] [1783275461.838728927] [controller_server]: Passing new path to controller.
[controller_server-1] [INFO] [1783275462.888722353] [controller_server]: Passing new path to controller.
[controller_server-1] [INFO] [1783275463.938767499] [controller_server]: Passing new path to controller.
[controller_server-1] [INFO] [1783275464.938740653] [controller_server]: Passing new path to controller.
[controller_server-1] [INFO] [1783275465.967311437] [local_costmap.local_costmap]: Received request to clear entirely the local_costmap
[planner_server-2] [INFO] [1783275465.967414652] [global_costmap.global_costmap]: Received request to clear entirely the global_costmap
[controller_server-1] [INFO] [1783275466.128919238] [controller_server]: Passing new path to controller.
[controller_server-1] [WARN] [1783275466.130293373] [controller_server]: Control loop missed its desired rate of 20.0000Hz
[controller_server-1] [INFO] [1783275467.036849163] [controller_server]: Passing new path to controller.
[controller_server-1] [ERROR] [1783275467.994989022] [controller_server]: Failed to make progress
[controller_server-1] [WARN] [1783275467.995182063] [controller_server]: [follow_path] [ActionServer] Aborting handle.
[controller_server-1] [INFO] [1783275468.007087796] [local_costmap.local_costmap]: Received request to clear entirely the local_costmap
[planner_server-2] [INFO] [1783275468.007624506] [global_costmap.global_costmap]: Received request to clear entirely the global_costmap
[controller_server-1] [INFO] [1783275468.067810455] [controller_server]: Received a goal, begin computing control effort.
[controller_server-1] [WARN] [1783275468.128276620] [controller_server]: Control loop missed its desired rate of 20.0000Hz
[controller_server-1] [INFO] [1783275469.118003428] [controller_server]: Passing new path to controller.
[controller_server-1] [INFO] [1783275470.167984399] [controller_server]: Passing new path to controller.
[controller_server-1] [INFO] [1783275471.168022866] [controller_server]: Passing new path to controller.
[controller_server-1] [INFO] [1783275472.218001282] [controller_server]: Passing new path to controller.
[controller_server-1] [INFO] [1783275473.217996960] [controller_server]: Passing new path to controller.
[controller_server-1] [INFO] [1783275474.268018533] [controller_server]: Passing new path to controller.
[controller_server-1] [INFO] [1783275475.317984098] [controller_server]: Passing new path to controller.
[controller_server-1] [INFO] [1783275476.317977939] [controller_server]: Passing new path to controller.
[controller_server-1] [INFO] [1783275477.367998145] [controller_server]: Passing new path to controller.
[controller_server-1] [INFO] [1783275478.367996602] [controller_server]: Passing new path to controller.
[controller_server-1] [INFO] [1783275479.418150864] [controller_server]: Passing new path to controller.
[controller_server-1] [INFO] [1783275480.467978284] [controller_server]: Passing new path to controller.
[controller_server-1] [INFO] [1783275481.467999863] [controller_server]: Passing new path to controller.
[controller_server-1] [INFO] [1783275482.518283257] [controller_server]: Passing new path to controller.
[controller_server-1] [INFO] [1783275483.518035166] [controller_server]: Passing new path to controller.
[controller_server-1] [ERROR] [1783275483.724282803] [controller_server]: Failed to make progress
[controller_server-1] [WARN] [1783275483.724465645] [controller_server]: [follow_path] [ActionServer] Aborting handle.
[controller_server-1] [INFO] [1783275483.743078042] [local_costmap.local_costmap]: Received request to clear entirely the local_costmap
[controller_server-1] [INFO] [1783275483.745122662] [controller_server]: Received a goal, begin computing control effort.
[controller_server-1] [WARN] [1783275483.939031357] [controller_server]: Control loop missed its desired rate of 20.0000Hz
[controller_server-1] [INFO] [1783275484.543888198] [controller_server]: Passing new path to controller.
[controller_server-1] [INFO] [1783275485.603922271] [controller_server]: Passing new path to controller.
[controller_server-1] [INFO] [1783275486.613775781] [controller_server]: Passing new path to controller.
[controller_server-1] [INFO] [1783275487.672424874] [controller_server]: Passing new path to controller.
[controller_server-1] [INFO] [1783275488.682123616] [controller_server]: Passing new path to controller.
[controller_server-1] [INFO] [1783275489.739314171] [controller_server]: Passing new path to controller.
[controller_server-1] [INFO] [1783275490.739167314] [controller_server]: Passing new path to controller.
[controller_server-1] [INFO] [1783275491.789223585] [controller_server]: Passing new path to controller.
[controller_server-1] [INFO] [1783275492.789133485] [controller_server]: Passing new path to controller.
[controller_server-1] [INFO] [1783275493.839144823] [controller_server]: Passing new path to controller.
[controller_server-1] [INFO] [1783275494.889146973] [controller_server]: Passing new path to controller.
[controller_server-1] [INFO] [1783275495.889140341] [controller_server]: Passing new path to controller.
[controller_server-1] [INFO] [1783275496.939135919] [controller_server]: Passing new path to controller.
[controller_server-1] [INFO] [1783275497.939210664] [controller_server]: Passing new path to controller.
[controller_server-1] [INFO] [1783275498.989139156] [controller_server]: Passing new path to controller.
[controller_server-1] [ERROR] [1783275499.439170164] [controller_server]: Failed to make progress
[controller_server-1] [WARN] [1783275499.439290498] [controller_server]: [follow_path] [ActionServer] Aborting handle.
[behavior_server-3] [INFO] [1783275499.453435369] [behavior_server]: Running spin
[behavior_server-3] [INFO] [1783275499.453532371] [behavior_server]: Turning 1.57 for spin behavior.
[behavior_server-3] [INFO] [1783275501.353823524] [behavior_server]: spin completed successfully
[controller_server-1] [INFO] [1783275501.403994962] [controller_server]: Received a goal, begin computing control effort.
[controller_server-1] [INFO] [1783275502.454256234] [controller_server]: Passing new path to controller.
[controller_server-1] [INFO] [1783275503.154225605] [controller_server]: Goal was canceled. Stopping the robot.
[controller_server-1] [INFO] [1783275503.154318488] [controller_server]: [follow_path] [ActionServer] Client requested to cancel the goal. Cancelling.
[bt_navigator-4] [INFO] [1783275503.154586677] [bt_navigator]: [navigate_to_pose] [ActionServer] Client requested to cancel the goal. Cancelling.
[bt_navigator-4] [INFO] [1783275503.155215861] [bt_navigator]: Goal canceled
[bt_navigator-4] [INFO] [1783275509.021072153] [bt_navigator]: Begin navigating from current location (5.42, 0.25) to (5.59, 0.04)
[controller_server-1] [INFO] [1783275509.042818679] [controller_server]: Received a goal, begin computing control effort.
[controller_server-1] [INFO] [1783275510.093038614] [controller_server]: Passing new path to controller.
[controller_server-1] [INFO] [1783275511.143236855] [controller_server]: Passing new path to controller.
[controller_server-1] [INFO] [1783275512.143002205] [controller_server]: Passing new path to controller.
[controller_server-1] [INFO] [1783275513.193007448] [controller_server]: Passing new path to controller.
[controller_server-1] [INFO] [1783275514.199149494] [controller_server]: Passing new path to controller.
[controller_server-1] [INFO] [1783275515.249164436] [controller_server]: Passing new path to controller.
[controller_server-1] [INFO] [1783275516.249146041] [controller_server]: Passing new path to controller.
[controller_server-1] [INFO] [1783275517.299202810] [controller_server]: Passing new path to controller.
[controller_server-1] [INFO] [1783275518.349177408] [controller_server]: Passing new path to controller.
[controller_server-1] [INFO] [1783275519.349144482] [controller_server]: Passing new path to controller.
[controller_server-1] [INFO] [1783275520.399156088] [controller_server]: Passing new path to controller.
[controller_server-1] [INFO] [1783275521.399141455] [controller_server]: Passing new path to controller.
[controller_server-1] [INFO] [1783275522.449165736] [controller_server]: Passing new path to controller.
[controller_server-1] [INFO] [1783275523.499163999] [controller_server]: Passing new path to controller.
[controller_server-1] [INFO] [1783275524.499164385] [controller_server]: Passing new path to controller.
[controller_server-1] [INFO] [1783275525.549161646] [controller_server]: Passing new path to controller.
[controller_server-1] [INFO] [1783275526.549152558] [controller_server]: Passing new path to controller.
[controller_server-1] [INFO] [1783275527.599156809] [controller_server]: Passing new path to controller.
[controller_server-1] [INFO] [1783275528.649162711] [controller_server]: Passing new path to controller.
[controller_server-1] [INFO] [1783275529.649156738] [controller_server]: Passing new path to controller.
[controller_server-1] [INFO] [1783275530.699124149] [controller_server]: Passing new path to controller.
[controller_server-1] [INFO] [1783275531.699167514] [controller_server]: Passing new path to controller.
[controller_server-1] [INFO] [1783275532.749160661] [controller_server]: Passing new path to controller.
[controller_server-1] [INFO] [1783275533.749161646] [controller_server]: Passing new path to controller.
[controller_server-1] [INFO] [1783275534.799176304] [controller_server]: Passing new path to controller.
[controller_server-1] [INFO] [1783275535.799166027] [controller_server]: Passing new path to controller.
[controller_server-1] [INFO] [1783275536.849154903] [controller_server]: Passing new path to controller.
[controller_server-1] [INFO] [1783275537.899159006] [controller_server]: Passing new path to controller.
[controller_server-1] [INFO] [1783275538.899143306] [controller_server]: Passing new path to controller.
[controller_server-1] [ERROR] [1783275539.849212483] [controller_server]: Failed to make progress
[controller_server-1] [WARN] [1783275539.849359673] [controller_server]: [follow_path] [ActionServer] Aborting handle.
[controller_server-1] [INFO] [1783275539.867555519] [local_costmap.local_costmap]: Received request to clear entirely the local_costmap
[controller_server-1] [INFO] [1783275539.869067412] [controller_server]: Received a goal, begin computing control effort.
[controller_server-1] [INFO] [1783275539.939222612] [controller_server]: Passing new path to controller.
[controller_server-1] [WARN] [1783275539.940437159] [controller_server]: Control loop missed its desired rate of 20.0000Hz
[controller_server-1] [INFO] [1783275540.969235851] [controller_server]: Passing new path to controller.
[controller_server-1] [INFO] [1783275542.019196572] [controller_server]: Passing new path to controller.
[controller_server-1] [INFO] [1783275543.019222870] [controller_server]: Passing new path to controller.
[controller_server-1] [INFO] [1783275544.025623762] [controller_server]: Passing new path to controller.
[controller_server-1] [INFO] [1783275544.142822109] [local_costmap.local_costmap]: Received request to clear entirely the local_costmap
[planner_server-2] [INFO] [1783275544.142935237] [global_costmap.global_costmap]: Received request to clear entirely the global_costmap
[controller_server-1] [WARN] [1783275544.346048291] [controller_server]: Control loop missed its desired rate of 20.0000Hz
[controller_server-1] [INFO] [1783275545.102683287] [controller_server]: Passing new path to controller.
[controller_server-1] [INFO] [1783275546.111084754] [controller_server]: Passing new path to controller.
[controller_server-1] [INFO] [1783275547.119739599] [controller_server]: Passing new path to controller.
[controller_server-1] [INFO] [1783275548.177964736] [controller_server]: Passing new path to controller.
[controller_server-1] [INFO] [1783275549.186780144] [controller_server]: Passing new path to controller.
[controller_server-1] [INFO] [1783275550.245872846] [controller_server]: Passing new path to controller.
[controller_server-1] [INFO] [1783275551.246153015] [controller_server]: Passing new path to controller.
[controller_server-1] [INFO] [1783275552.296156656] [controller_server]: Passing new path to controller.
[controller_server-1] [INFO] [1783275552.361257752] [local_costmap.local_costmap]: Received request to clear entirely the local_costmap
[planner_server-2] [INFO] [1783275552.361467015] [global_costmap.global_costmap]: Received request to clear entirely the global_costmap
[bt_navigator-4] [ERROR] [1783275552.385068655] [bt_navigator_navigate_to_pose_rclcpp_node]: Failed to get result for follow_path in node halt!
[bt_navigator-4] [INFO] [1783275552.385191290] [bt_navigator]: [navigate_to_pose] [ActionServer] Client requested to cancel the goal. Cancelling.
[bt_navigator-4] [INFO] [1783275552.385785139] [bt_navigator]: Goal canceled
[controller_server-1] [INFO] [1783275552.396210793] [controller_server]: Goal was canceled. Stopping the robot.
[controller_server-1] [INFO] [1783275552.396302683] [controller_server]: [follow_path] [ActionServer] Client requested to cancel the goal. Cancelling.
[controller_server-1] [INFO] [1783275556.313542710] [local_costmap.local_costmap]: Received request to clear entirely the local_costmap
[planner_server-2] [INFO] [1783275556.313584729] [global_costmap.global_costmap]: Received request to clear entirely the global_costmap
[bt_navigator-4] [INFO] [1783275558.423104216] [bt_navigator]: Begin navigating from current location (4.79, 0.47) to (5.00, 0.14)
[controller_server-1] [INFO] [1783275558.444620814] [controller_server]: Received a goal, begin computing control effort.
[controller_server-1] [INFO] [1783275559.494864606] [controller_server]: Passing new path to controller.
[controller_server-1] [INFO] [1783275560.544811572] [controller_server]: Passing new path to controller.
[controller_server-1] [INFO] [1783275561.544880083] [controller_server]: Passing new path to controller.
[controller_server-1] [INFO] [1783275562.594847213] [controller_server]: Passing new path to controller.
[controller_server-1] [INFO] [1783275563.594853628] [controller_server]: Passing new path to controller.
[controller_server-1] [INFO] [1783275564.644834714] [controller_server]: Passing new path to controller.
[controller_server-1] [INFO] [1783275565.644835604] [controller_server]: Passing new path to controller.
[controller_server-1] [INFO] [1783275566.694857917] [controller_server]: Passing new path to controller.
[controller_server-1] [INFO] [1783275567.744856903] [controller_server]: Passing new path to controller.
[controller_server-1] [INFO] [1783275568.744882808] [controller_server]: Passing new path to controller.
[controller_server-1] [INFO] [1783275569.794842003] [controller_server]: Passing new path to controller.
[controller_server-1] [INFO] [1783275570.794838374] [controller_server]: Passing new path to controller.
[controller_server-1] [INFO] [1783275571.844816943] [controller_server]: Passing new path to controller.
[controller_server-1] [INFO] [1783275572.894818983] [controller_server]: Passing new path to controller.
[controller_server-1] [INFO] [1783275573.901409447] [controller_server]: Passing new path to controller.
[controller_server-1] [INFO] [1783275574.951459202] [controller_server]: Passing new path to controller.
[controller_server-1] [INFO] [1783275575.951405199] [controller_server]: Passing new path to controller.
[controller_server-1] [INFO] [1783275577.001383519] [controller_server]: Passing new path to controller.
[controller_server-1] [INFO] [1783275578.001399320] [controller_server]: Passing new path to controller.
[controller_server-1] [INFO] [1783275579.051392121] [controller_server]: Passing new path to controller.
[controller_server-1] [INFO] [1783275580.051442456] [controller_server]: Passing new path to controller.
[controller_server-1] [INFO] [1783275581.101392982] [controller_server]: Passing new path to controller.
[controller_server-1] [INFO] [1783275582.151407566] [controller_server]: Passing new path to controller.
[controller_server-1] [INFO] [1783275583.151404116] [controller_server]: Passing new path to controller.
[controller_server-1] [INFO] [1783275584.201386994] [controller_server]: Passing new path to controller.
[controller_server-1] [ERROR] [1783275584.351435819] [controller_server]: Failed to make progress
[controller_server-1] [WARN] [1783275584.351544512] [controller_server]: [follow_path] [ActionServer] Aborting handle.
[controller_server-1] [INFO] [1783275584.370194407] [local_costmap.local_costmap]: Received request to clear entirely the local_costmap
[controller_server-1] [INFO] [1783275584.372125589] [controller_server]: Received a goal, begin computing control effort.
[controller_server-1] [WARN] [1783275584.552676611] [controller_server]: Control loop missed its desired rate of 20.0000Hz
[controller_server-1] [INFO] [1783275585.207031416] [controller_server]: Passing new path to controller.
[controller_server-1] [INFO] [1783275586.266352987] [controller_server]: Passing new path to controller.
[controller_server-1] [INFO] [1783275587.276917905] [controller_server]: Passing new path to controller.
[controller_server-1] [INFO] [1783275588.335265450] [controller_server]: Passing new path to controller.
[controller_server-1] [INFO] [1783275589.347789413] [controller_server]: Passing new path to controller.
[controller_server-1] [INFO] [1783275590.352782226] [controller_server]: Passing new path to controller.
[controller_server-1] [INFO] [1783275591.402785938] [controller_server]: Passing new path to controller.
[controller_server-1] [INFO] [1783275592.452768909] [controller_server]: Passing new path to controller.
[controller_server-1] [INFO] [1783275593.276701761] [local_costmap.local_costmap]: Received request to clear entirely the local_costmap
[planner_server-2] [INFO] [1783275593.276775509] [global_costmap.global_costmap]: Received request to clear entirely the global_costmap
[controller_server-1] [WARN] [1783275593.353041974] [controller_server]: Control loop missed its desired rate of 20.0000Hz
[controller_server-1] [INFO] [1783275593.502764953] [controller_server]: Passing new path to controller.
[controller_server-1] [INFO] [1783275594.552775167] [controller_server]: Passing new path to controller.
[controller_server-1] [INFO] [1783275595.552799073] [controller_server]: Passing new path to controller.
[controller_server-1] [INFO] [1783275596.602773548] [controller_server]: Passing new path to controller.
[controller_server-1] [INFO] [1783275597.652789998] [controller_server]: Passing new path to controller.
[controller_server-1] [INFO] [1783275598.652776168] [controller_server]: Passing new path to controller.
[controller_server-1] [INFO] [1783275599.702818849] [controller_server]: Passing new path to controller.
[controller_server-1] [ERROR] [1783275599.752849925] [controller_server]: Failed to make progress
[controller_server-1] [WARN] [1783275599.753019672] [controller_server]: [follow_path] [ActionServer] Aborting handle.
[behavior_server-3] [INFO] [1783275599.770346184] [behavior_server]: Running wait
[behavior_server-3] [INFO] [1783275604.877124050] [behavior_server]: wait completed successfully
[controller_server-1] [INFO] [1783275604.927705966] [controller_server]: Received a goal, begin computing control effort.
[controller_server-1] [INFO] [1783275605.977908477] [controller_server]: Passing new path to controller.
[controller_server-1] [INFO] [1783275607.027922455] [controller_server]: Passing new path to controller.
[controller_server-1] [INFO] [1783275608.027908707] [controller_server]: Passing new path to controller.
[controller_server-1] [INFO] [1783275609.077931463] [controller_server]: Passing new path to controller.
[controller_server-1] [INFO] [1783275610.077920108] [controller_server]: Passing new path to controller.
[controller_server-1] [INFO] [1783275611.127897480] [controller_server]: Passing new path to controller.
[controller_server-1] [INFO] [1783275612.177904535] [controller_server]: Passing new path to controller.
[controller_server-1] [INFO] [1783275613.177895252] [controller_server]: Passing new path to controller.
[controller_server-1] [INFO] [1783275614.227938632] [controller_server]: Passing new path to controller.
[controller_server-1] [INFO] [1783275615.227909910] [controller_server]: Passing new path to controller.
[controller_server-1] [INFO] [1783275616.277903766] [controller_server]: Passing new path to controller.
[controller_server-1] [INFO] [1783275617.327915275] [controller_server]: Passing new path to controller.
[controller_server-1] [INFO] [1783275618.327958723] [controller_server]: Passing new path to controller.
[controller_server-1] [INFO] [1783275619.377943514] [controller_server]: Passing new path to controller.
[controller_server-1] [ERROR] [1783275620.177986195] [controller_server]: Failed to make progress
[controller_server-1] [WARN] [1783275620.178125951] [controller_server]: [follow_path] [ActionServer] Aborting handle.
[controller_server-1] [INFO] [1783275620.196740266] [local_costmap.local_costmap]: Received request to clear entirely the local_costmap
[controller_server-1] [INFO] [1783275620.198648124] [controller_server]: Received a goal, begin computing control effort.
[controller_server-1] [WARN] [1783275620.359178196] [controller_server]: Control loop missed its desired rate of 20.0000Hz
[controller_server-1] [INFO] [1783275620.409597431] [controller_server]: Passing new path to controller.
[controller_server-1] [INFO] [1783275621.419090804] [controller_server]: Passing new path to controller.
[controller_server-1] [INFO] [1783275622.477115517] [controller_server]: Passing new path to controller.
[controller_server-1] [INFO] [1783275623.485641685] [controller_server]: Passing new path to controller.
[controller_server-1] [INFO] [1783275624.543840184] [controller_server]: Passing new path to controller.
[controller_server-1] [INFO] [1783275625.555431074] [controller_server]: Passing new path to controller.
[controller_server-1] [INFO] [1783275626.559295891] [controller_server]: Passing new path to controller.
[controller_server-1] [INFO] [1783275627.609269096] [controller_server]: Passing new path to controller.
[controller_server-1] [INFO] [1783275628.659251316] [controller_server]: Passing new path to controller.
[controller_server-1] [INFO] [1783275629.659265905] [controller_server]: Passing new path to controller.
[bt_navigator-4] [ERROR] [1783275629.797613484] [bt_navigator_navigate_to_pose_rclcpp_node]: Failed to get result for follow_path in node halt!
[bt_navigator-4] [INFO] [1783275629.797756223] [bt_navigator]: [navigate_to_pose] [ActionServer] Client requested to cancel the goal. Cancelling.
[bt_navigator-4] [INFO] [1783275629.798583336] [bt_navigator]: Goal canceled
[controller_server-1] [INFO] [1783275629.809270471] [controller_server]: Goal was canceled. Stopping the robot.
[controller_server-1] [INFO] [1783275629.809326763] [controller_server]: [follow_path] [ActionServer] Client requested to cancel the goal. Cancelling.
[bt_navigator-4] [INFO] [1783275635.650944550] [bt_navigator]: Begin navigating from current location (4.83, 0.33) to (5.29, 0.04)
[controller_server-1] [INFO] [1783275635.672711173] [controller_server]: Received a goal, begin computing control effort.
[controller_server-1] [ERROR] [1783275635.774252060] [transformPoseInTargetFrame]: Extrapolation Error looking up target frame: Lookup would require extrapolation into the future.  Requested time 2401.854000 but the latest data is at time 2401.842000, when looking up transform from frame [map] to frame [leo1/base_link]
[controller_server-1] 
[controller_server-1] [WARN] [1783275635.774534941] [controller_server]: Control loop missed its desired rate of 20.0000Hz
[controller_server-1] [INFO] [1783275636.733845369] [controller_server]: Passing new path to controller.
[controller_server-1] [WARN] [1783275636.836723281] [controller_server]: Control loop missed its desired rate of 20.0000Hz
[controller_server-1] [ERROR] [1783275636.976091765] [transformPoseInTargetFrame]: Extrapolation Error looking up target frame: Lookup would require extrapolation into the future.  Requested time 2403.044000 but the latest data is at time 2403.042000, when looking up transform from frame [map] to frame [leo1/base_link]
[controller_server-1] 
[controller_server-1] [WARN] [1783275636.976509592] [controller_server]: Control loop missed its desired rate of 20.0000Hz
[controller_server-1] [INFO] [1783275637.734586914] [controller_server]: Passing new path to controller.
[controller_server-1] [ERROR] [1783275637.836878309] [transformPoseInTargetFrame]: Extrapolation Error looking up target frame: Lookup would require extrapolation into the future.  Requested time 2403.899000 but the latest data is at time 2403.842000, when looking up transform from frame [map] to frame [leo1/base_link]
[controller_server-1] 
[controller_server-1] [WARN] [1783275637.837354341] [controller_server]: Control loop missed its desired rate of 20.0000Hz
[controller_server-1] [INFO] [1783275638.776608320] [controller_server]: Passing new path to controller.
[controller_server-1] [WARN] [1783275638.858751476] [controller_server]: Control loop missed its desired rate of 20.0000Hz
[controller_server-1] [INFO] [1783275639.826646963] [controller_server]: Passing new path to controller.
[controller_server-1] [INFO] [1783275640.826621250] [controller_server]: Passing new path to controller.
[controller_server-1] [INFO] [1783275641.876590794] [controller_server]: Passing new path to controller.
[controller_server-1] [INFO] [1783275642.876646384] [controller_server]: Passing new path to controller.
[controller_server-1] [INFO] [1783275643.926629373] [controller_server]: Passing new path to controller.
[controller_server-1] [INFO] [1783275644.976585021] [controller_server]: Passing new path to controller.
[controller_server-1] [INFO] [1783275645.976627326] [controller_server]: Passing new path to controller.
[controller_server-1] [INFO] [1783275647.026543429] [controller_server]: Passing new path to controller.
[controller_server-1] [INFO] [1783275648.026615527] [controller_server]: Passing new path to controller.
[controller_server-1] [INFO] [1783275649.076619915] [controller_server]: Passing new path to controller.
[controller_server-1] [INFO] [1783275650.126650341] [controller_server]: Passing new path to controller.
[controller_server-1] [INFO] [1783275651.126618642] [controller_server]: Passing new path to controller.
[controller_server-1] [INFO] [1783275652.176616989] [controller_server]: Passing new path to controller.
[controller_server-1] [INFO] [1783275653.176639416] [controller_server]: Passing new path to controller.
[controller_server-1] [INFO] [1783275654.226711575] [controller_server]: Passing new path to controller.
[controller_server-1] [INFO] [1783275655.276642992] [controller_server]: Passing new path to controller.
[controller_server-1] [INFO] [1783275656.276619693] [controller_server]: Passing new path to controller.
[controller_server-1] [INFO] [1783275657.326599201] [controller_server]: Passing new path to controller.
[controller_server-1] [INFO] [1783275658.326616271] [controller_server]: Passing new path to controller.
[controller_server-1] [INFO] [1783275659.376632824] [controller_server]: Passing new path to controller.
[controller_server-1] [INFO] [1783275660.376633829] [controller_server]: Passing new path to controller.
[controller_server-1] [INFO] [1783275661.426601093] [controller_server]: Passing new path to controller.
[controller_server-1] [INFO] [1783275662.476605050] [controller_server]: Passing new path to controller.
[controller_server-1] [INFO] [1783275663.476613700] [controller_server]: Passing new path to controller.
[controller_server-1] [ERROR] [1783275664.183129815] [controller_server]: Failed to make progress
[controller_server-1] [WARN] [1783275664.183245178] [controller_server]: [follow_path] [ActionServer] Aborting handle.
[controller_server-1] [INFO] [1783275664.198127051] [local_costmap.local_costmap]: Received request to clear entirely the local_costmap
[controller_server-1] [INFO] [1783275664.199484702] [controller_server]: Received a goal, begin computing control effort.
[controller_server-1] [WARN] [1783275664.369969095] [controller_server]: Control loop missed its desired rate of 20.0000Hz
[controller_server-1] [INFO] [1783275664.521196394] [controller_server]: Passing new path to controller.
[controller_server-1] [INFO] [1783275665.528704377] [controller_server]: Passing new path to controller.
[controller_server-1] [INFO] [1783275666.586330296] [controller_server]: Passing new path to controller.
[controller_server-1] [INFO] [1783275667.594596408] [controller_server]: Passing new path to controller.
[controller_server-1] [INFO] [1783275668.602627807] [controller_server]: Passing new path to controller.
[controller_server-1] [INFO] [1783275669.661531794] [controller_server]: Passing new path to controller.
[controller_server-1] [INFO] [1783275670.670125658] [controller_server]: Passing new path to controller.
[controller_server-1] [INFO] [1783275671.720380716] [controller_server]: Passing new path to controller.
[controller_server-1] [INFO] [1783275672.720078624] [controller_server]: Passing new path to controller.
[controller_server-1] [INFO] [1783275673.770090328] [controller_server]: Passing new path to controller.
[controller_server-1] [INFO] [1783275674.592656558] [local_costmap.local_costmap]: Received request to clear entirely the local_costmap
[planner_server-2] [INFO] [1783275674.597275784] [global_costmap.global_costmap]: Received request to clear entirely the global_costmap
[controller_server-1] [WARN] [1783275674.770486023] [controller_server]: Control loop missed its desired rate of 20.0000Hz
[controller_server-1] [INFO] [1783275674.820878104] [controller_server]: Passing new path to controller.
[controller_server-1] [INFO] [1783275675.828987037] [controller_server]: Passing new path to controller.
[controller_server-1] [INFO] [1783275676.887347718] [controller_server]: Passing new path to controller.
[controller_server-1] [INFO] [1783275677.894914084] [controller_server]: Passing new path to controller.
[controller_server-1] [INFO] [1783275678.902990195] [controller_server]: Passing new path to controller.
[controller_server-1] [ERROR] [1783275679.659592121] [controller_server]: Failed to make progress
[controller_server-1] [WARN] [1783275679.659776232] [controller_server]: [follow_path] [ActionServer] Aborting handle.
[behavior_server-3] [INFO] [1783275679.678456400] [behavior_server]: Running backup
[behavior_server-3] [INFO] [1783275686.078846381] [behavior_server]: backup completed successfully
[controller_server-1] [INFO] [1783275686.129424071] [controller_server]: Received a goal, begin computing control effort.
[controller_server-1] [INFO] [1783275687.179676181] [controller_server]: Passing new path to controller.
[controller_server-1] [INFO] [1783275688.229670311] [controller_server]: Passing new path to controller.
[controller_server-1] [INFO] [1783275689.229671385] [controller_server]: Passing new path to controller.
[controller_server-1] [INFO] [1783275690.229665973] [controller_server]: Passing new path to controller.
[controller_server-1] [INFO] [1783275691.279699501] [controller_server]: Passing new path to controller.
[controller_server-1] [INFO] [1783275692.329699680] [controller_server]: Passing new path to controller.
[controller_server-1] [INFO] [1783275693.329678801] [controller_server]: Passing new path to controller.
[controller_server-1] [INFO] [1783275694.385583671] [controller_server]: Passing new path to controller.
[controller_server-1] [INFO] [1783275695.385543628] [controller_server]: Passing new path to controller.
[controller_server-1] [INFO] [1783275696.435571031] [controller_server]: Passing new path to controller.
[controller_server-1] [INFO] [1783275697.435597063] [controller_server]: Passing new path to controller.
[controller_server-1] [INFO] [1783275698.485574848] [controller_server]: Passing new path to controller.
[controller_server-1] [INFO] [1783275699.535769589] [controller_server]: Passing new path to controller.
[controller_server-1] [INFO] [1783275700.535695731] [controller_server]: Passing new path to controller.
[controller_server-1] [INFO] [1783275701.585586301] [controller_server]: Passing new path to controller.
[controller_server-1] [INFO] [1783275702.585561047] [controller_server]: Passing new path to controller.
[controller_server-1] [INFO] [1783275703.635604951] [controller_server]: Passing new path to controller.
[controller_server-1] [INFO] [1783275704.685599663] [controller_server]: Passing new path to controller.
[controller_server-1] [INFO] [1783275705.685593390] [controller_server]: Passing new path to controller.
[controller_server-1] [INFO] [1783275706.735550024] [controller_server]: Passing new path to controller.
[controller_server-1] [INFO] [1783275707.735558037] [controller_server]: Passing new path to controller.
[controller_server-1] [INFO] [1783275708.785581467] [controller_server]: Passing new path to controller.
[controller_server-1] [INFO] [1783275709.835567896] [controller_server]: Passing new path to controller.
[controller_server-1] [ERROR] [1783275710.585677460] [controller_server]: Failed to make progress
[controller_server-1] [WARN] [1783275710.585819275] [controller_server]: [follow_path] [ActionServer] Aborting handle.
[controller_server-1] [INFO] [1783275710.603981958] [local_costmap.local_costmap]: Received request to clear entirely the local_costmap
[controller_server-1] [INFO] [1783275710.605771330] [controller_server]: Received a goal, begin computing control effort.
[controller_server-1] [WARN] [1783275710.776362093] [controller_server]: Control loop missed its desired rate of 20.0000Hz
[controller_server-1] [INFO] [1783275710.826883305] [controller_server]: Passing new path to controller.
[bt_navigator-4] [ERROR] [1783275711.425262601] [bt_navigator_navigate_to_pose_rclcpp_node]: Failed to get result for follow_path in node halt!
[bt_navigator-4] [INFO] [1783275711.425408322] [bt_navigator]: [navigate_to_pose] [ActionServer] Client requested to cancel the goal. Cancelling.
[bt_navigator-4] [INFO] [1783275711.425979592] [bt_navigator]: Goal canceled
[controller_server-1] [INFO] [1783275711.433166854] [controller_server]: Goal was canceled. Stopping the robot.
[controller_server-1] [INFO] [1783275711.433256552] [controller_server]: [follow_path] [ActionServer] Client requested to cancel the goal. Cancelling.
[bt_navigator-4] [INFO] [1783275717.200125268] [bt_navigator]: Begin navigating from current location (5.10, 0.21) to (5.79, 0.39)
[controller_server-1] [INFO] [1783275717.221905372] [controller_server]: Received a goal, begin computing control effort.
[controller_server-1] [INFO] [1783275718.272172245] [controller_server]: Passing new path to controller.
[controller_server-1] [INFO] [1783275719.322209763] [controller_server]: Passing new path to controller.
[controller_server-1] [INFO] [1783275720.322195561] [controller_server]: Passing new path to controller.
[controller_server-1] [INFO] [1783275721.372165571] [controller_server]: Passing new path to controller.
[controller_server-1] [INFO] [1783275722.372156116] [controller_server]: Passing new path to controller.
[controller_server-1] [INFO] [1783275723.422173900] [controller_server]: Passing new path to controller.
[controller_server-1] [INFO] [1783275724.428219364] [controller_server]: Passing new path to controller.
[controller_server-1] [INFO] [1783275725.478232814] [controller_server]: Passing new path to controller.
[controller_server-1] [INFO] [1783275726.528225065] [controller_server]: Passing new path to controller.
[controller_server-1] [INFO] [1783275727.528208031] [controller_server]: Passing new path to controller.
[controller_server-1] [INFO] [1783275727.978352753] [controller_server]: Reached the goal!
[bt_navigator-4] [INFO] [1783275728.017023191] [bt_navigator]: Goal succeeded
[bt_navigator-4] [INFO] [1783275733.701444580] [bt_navigator]: Begin navigating from current location (5.57, 0.31) to (5.64, 1.04)
[controller_server-1] [INFO] [1783275733.722884351] [controller_server]: Received a goal, begin computing control effort.
[controller_server-1] [ERROR] [1783275733.824283648] [transformPoseInTargetFrame]: Extrapolation Error looking up target frame: Lookup would require extrapolation into the future.  Requested time 2497.866000 but the latest data is at time 2497.842000, when looking up transform from frame [map] to frame [leo1/base_link]
[controller_server-1] 
[controller_server-1] [WARN] [1783275733.824643659] [controller_server]: Control loop missed its desired rate of 20.0000Hz
[controller_server-1] [INFO] [1783275734.784570215] [controller_server]: Passing new path to controller.
[controller_server-1] [ERROR] [1783275734.886764722] [transformPoseInTargetFrame]: Extrapolation Error looking up target frame: Lookup would require extrapolation into the future.  Requested time 2498.878000 but the latest data is at time 2498.842000, when looking up transform from frame [map] to frame [leo1/base_link]
[controller_server-1] 
[controller_server-1] [WARN] [1783275734.887011652] [controller_server]: Control loop missed its desired rate of 20.0000Hz
[planner_server-2] [INFO] [1783275734.894950940] [global_costmap.global_costmap]: StaticLayer: Resizing costmap to 281 X 281 at 0.050000 m/pix
[controller_server-1] [INFO] [1783275735.824756659] [controller_server]: Passing new path to controller.
[controller_server-1] [ERROR] [1783275735.927189757] [transformPoseInTargetFrame]: Extrapolation Error looking up target frame: Lookup would require extrapolation into the future.  Requested time 2499.873000 but the latest data is at time 2499.842000, when looking up transform from frame [map] to frame [leo1/base_link]
[controller_server-1] 
[controller_server-1] [WARN] [1783275735.927600363] [controller_server]: Control loop missed its desired rate of 20.0000Hz
[controller_server-1] [INFO] [1783275736.842149278] [controller_server]: Passing new path to controller.
[planner_server-2] [INFO] [1783275736.894968779] [global_costmap.global_costmap]: StaticLayer: Resizing costmap to 281 X 281 at 0.050000 m/pix
[controller_server-1] [INFO] [1783275737.851546144] [controller_server]: Passing new path to controller.
[controller_server-1] [INFO] [1783275738.910343736] [controller_server]: Passing new path to controller.
[controller_server-1] [INFO] [1783275739.918412746] [controller_server]: Passing new path to controller.
[controller_server-1] [INFO] [1783275740.926538253] [controller_server]: Passing new path to controller.
[planner_server-2] [INFO] [1783275741.895164611] [global_costmap.global_costmap]: StaticLayer: Resizing costmap to 281 X 281 at 0.050000 m/pix
[controller_server-1] [INFO] [1783275741.977706797] [controller_server]: Passing new path to controller.
[controller_server-1] [INFO] [1783275743.027703391] [controller_server]: Passing new path to controller.
[controller_server-1] [INFO] [1783275744.027706767] [controller_server]: Passing new path to controller.
[controller_server-1] [INFO] [1783275745.077717356] [controller_server]: Passing new path to controller.
[controller_server-1] [INFO] [1783275746.077694499] [controller_server]: Passing new path to controller.
[controller_server-1] [INFO] [1783275747.127711721] [controller_server]: Passing new path to controller.
[controller_server-1] [INFO] [1783275748.177671943] [controller_server]: Passing new path to controller.
[controller_server-1] [INFO] [1783275749.177714133] [controller_server]: Passing new path to controller.
[controller_server-1] [INFO] [1783275750.227692304] [controller_server]: Passing new path to controller.
[controller_server-1] [INFO] [1783275751.227712549] [controller_server]: Passing new path to controller.
[controller_server-1] [INFO] [1783275752.277717305] [controller_server]: Passing new path to controller.
[controller_server-1] [ERROR] [1783275752.677754678] [controller_server]: Failed to make progress
[controller_server-1] [WARN] [1783275752.677881361] [controller_server]: [follow_path] [ActionServer] Aborting handle.
[controller_server-1] [INFO] [1783275752.691906440] [local_costmap.local_costmap]: Received request to clear entirely the local_costmap
[controller_server-1] [INFO] [1783275752.693620415] [controller_server]: Received a goal, begin computing control effort.
[controller_server-1] [WARN] [1783275752.784148970] [controller_server]: Control loop missed its desired rate of 20.0000Hz
[controller_server-1] [INFO] [1783275753.293831319] [controller_server]: Passing new path to controller.
[controller_server-1] [INFO] [1783275754.349829442] [controller_server]: Passing new path to controller.
[controller_server-1] [INFO] [1783275755.349826429] [controller_server]: Passing new path to controller.
[controller_server-1] [INFO] [1783275756.399836128] [controller_server]: Passing new path to controller.
[controller_server-1] [INFO] [1783275757.399817498] [controller_server]: Passing new path to controller.
[controller_server-1] [INFO] [1783275758.449812647] [controller_server]: Passing new path to controller.
[controller_server-1] [INFO] [1783275759.499860186] [controller_server]: Passing new path to controller.
[controller_server-1] [INFO] [1783275760.499820741] [controller_server]: Passing new path to controller.
[controller_server-1] [INFO] [1783275761.549805746] [controller_server]: Passing new path to controller.
[controller_server-1] [INFO] [1783275762.549835214] [controller_server]: Passing new path to controller.
[controller_server-1] [INFO] [1783275763.599874907] [controller_server]: Passing new path to controller.
[controller_server-1] [INFO] [1783275764.649854014] [controller_server]: Passing new path to controller.
[controller_server-1] [INFO] [1783275765.649807440] [controller_server]: Passing new path to controller.
[controller_server-1] [INFO] [1783275766.699840796] [controller_server]: Passing new path to controller.
[controller_server-1] [INFO] [1783275767.699869968] [controller_server]: Passing new path to controller.
[controller_server-1] [ERROR] [1783275768.099874488] [controller_server]: Failed to make progress
[controller_server-1] [WARN] [1783275768.099998485] [controller_server]: [follow_path] [ActionServer] Aborting handle.
[controller_server-1] [INFO] [1783275768.117872844] [local_costmap.local_costmap]: Received request to clear entirely the local_costmap
[planner_server-2] [INFO] [1783275768.118408202] [global_costmap.global_costmap]: Received request to clear entirely the global_costmap
[controller_server-1] [INFO] [1783275768.328708214] [controller_server]: Received a goal, begin computing control effort.
[controller_server-1] [INFO] [1783275769.378964153] [controller_server]: Passing new path to controller.
[controller_server-1] [INFO] [1783275770.378929018] [controller_server]: Passing new path to controller.
[controller_server-1] [INFO] [1783275771.428940899] [controller_server]: Passing new path to controller.
[controller_server-1] [INFO] [1783275772.478915624] [controller_server]: Passing new path to controller.
[controller_server-1] [INFO] [1783275772.858331543] [local_costmap.local_costmap]: Received request to clear entirely the local_costmap
[planner_server-2] [INFO] [1783275772.858415862] [global_costmap.global_costmap]: Received request to clear entirely the global_costmap
[controller_server-1] [WARN] [1783275772.989204311] [controller_server]: Control loop missed its desired rate of 20.0000Hz
[controller_server-1] [INFO] [1783275773.493673028] [controller_server]: Passing new path to controller.
[controller_server-1] [INFO] [1783275774.501313621] [controller_server]: Passing new path to controller.
[controller_server-1] [INFO] [1783275775.560448238] [controller_server]: Passing new path to controller.
[controller_server-1] [INFO] [1783275776.569482999] [controller_server]: Passing new path to controller.
[controller_server-1] [INFO] [1783275777.627825269] [controller_server]: Passing new path to controller.
[controller_server-1] [INFO] [1783275778.636071047] [controller_server]: Passing new path to controller.
[controller_server-1] [INFO] [1783275779.639319077] [controller_server]: Passing new path to controller.
[controller_server-1] [INFO] [1783275780.689302379] [controller_server]: Passing new path to controller.
[controller_server-1] [INFO] [1783275781.739323521] [controller_server]: Passing new path to controller.
[controller_server-1] [INFO] [1783275782.739312006] [controller_server]: Passing new path to controller.
[controller_server-1] [ERROR] [1783275783.639642022] [controller_server]: Failed to make progress
[controller_server-1] [WARN] [1783275783.639792559] [controller_server]: [follow_path] [ActionServer] Aborting handle.
[controller_server-1] [INFO] [1783275783.657871534] [local_costmap.local_costmap]: Received request to clear entirely the local_costmap
[controller_server-1] [INFO] [1783275783.660351043] [controller_server]: Received a goal, begin computing control effort.
[controller_server-1] [INFO] [1783275783.790627379] [controller_server]: Passing new path to controller.
[controller_server-1] [WARN] [1783275783.792156573] [controller_server]: Control loop missed its desired rate of 20.0000Hz
[controller_server-1] [INFO] [1783275784.799020054] [controller_server]: Passing new path to controller.
[controller_server-1] [INFO] [1783275785.806720797] [controller_server]: Passing new path to controller.
[controller_server-1] [INFO] [1783275786.865884855] [controller_server]: Passing new path to controller.
[controller_server-1] [INFO] [1783275787.873561133] [controller_server]: Passing new path to controller.
[controller_server-1] [INFO] [1783275788.931806595] [controller_server]: Passing new path to controller.
[controller_server-1] [INFO] [1783275789.939145491] [controller_server]: Passing new path to controller.
[controller_server-1] [INFO] [1783275790.992269426] [controller_server]: Passing new path to controller.
[controller_server-1] [INFO] [1783275791.992242839] [controller_server]: Passing new path to controller.
[controller_server-1] [INFO] [1783275793.042251043] [controller_server]: Passing new path to controller.
[controller_server-1] [INFO] [1783275794.092274111] [controller_server]: Passing new path to controller.
[controller_server-1] [INFO] [1783275795.092267424] [controller_server]: Passing new path to controller.
[controller_server-1] [INFO] [1783275796.142264825] [controller_server]: Passing new path to controller.
[controller_server-1] [INFO] [1783275797.142237987] [controller_server]: Passing new path to controller.
[controller_server-1] [INFO] [1783275798.192279226] [controller_server]: Passing new path to controller.
[controller_server-1] [ERROR] [1783275799.142295465] [controller_server]: Failed to make progress
[controller_server-1] [WARN] [1783275799.142403362] [controller_server]: [follow_path] [ActionServer] Aborting handle.
[behavior_server-3] [INFO] [1783275799.155021867] [behavior_server]: Running spin
[behavior_server-3] [INFO] [1783275799.155171793] [behavior_server]: Turning 1.57 for spin behavior.
[behavior_server-3] [INFO] [1783275800.855479611] [behavior_server]: spin completed successfully
[controller_server-1] [INFO] [1783275800.906168012] [controller_server]: Received a goal, begin computing control effort.
[controller_server-1] [INFO] [1783275801.956370289] [controller_server]: Passing new path to controller.
[controller_server-1] [INFO] [1783275802.956343353] [controller_server]: Passing new path to controller.
[controller_server-1] [INFO] [1783275804.006375185] [controller_server]: Passing new path to controller.
[controller_server-1] [INFO] [1783275805.056364291] [controller_server]: Passing new path to controller.
[controller_server-1] [INFO] [1783275806.056363149] [controller_server]: Passing new path to controller.
[controller_server-1] [INFO] [1783275807.106398420] [controller_server]: Passing new path to controller.
[controller_server-1] [INFO] [1783275808.106400629] [controller_server]: Passing new path to controller.
[controller_server-1] [INFO] [1783275808.356501837] [controller_server]: Reached the goal!
[bt_navigator-4] [INFO] [1783275808.395801559] [bt_navigator]: Goal succeeded
[bt_navigator-4] [INFO] [1783275811.472485337] [bt_navigator]: Begin navigating from current location (5.57, 0.82) to (0.61, 2.60)
[controller_server-1] [INFO] [1783275811.493974785] [controller_server]: Received a goal, begin computing control effort.
[controller_server-1] [WARN] [1783275811.585521232] [controller_server]: Control loop missed its desired rate of 20.0000Hz
[controller_server-1] [WARN] [1783275811.606216376] [controller_server]: Control loop missed its desired rate of 20.0000Hz
[controller_server-1] [ERROR] [1783275811.745780914] [transformPoseInTargetFrame]: Extrapolation Error looking up target frame: Lookup would require extrapolation into the future.  Requested time 2574.064000 but the latest data is at time 2574.042000, when looking up transform from frame [map] to frame [leo1/base_link]
[controller_server-1] 
[controller_server-1] [WARN] [1783275811.746749421] [controller_server]: Control loop missed its desired rate of 20.0000Hz
[controller_server-1] [INFO] [1783275812.566028133] [controller_server]: Passing new path to controller.
[controller_server-1] [ERROR] [1783275812.748339469] [transformPoseInTargetFrame]: Extrapolation Error looking up target frame: Lookup would require extrapolation into the future.  Requested time 2575.047000 but the latest data is at time 2575.042000, when looking up transform from frame [map] to frame [leo1/base_link]
[controller_server-1] 
[controller_server-1] [WARN] [1783275812.749450222] [controller_server]: Control loop missed its desired rate of 20.0000Hz
[controller_server-1] [INFO] [1783275813.571144533] [controller_server]: Passing new path to controller.
[controller_server-1] [ERROR] [1783275813.807493275] [transformPoseInTargetFrame]: Extrapolation Error looking up target frame: Lookup would require extrapolation into the future.  Requested time 2576.082000 but the latest data is at time 2576.042000, when looking up transform from frame [map] to frame [leo1/base_link]
[controller_server-1] 
[controller_server-1] [WARN] [1783275813.808480299] [controller_server]: Control loop missed its desired rate of 20.0000Hz
[controller_server-1] [INFO] [1783275814.631710120] [controller_server]: Passing new path to controller.
[controller_server-1] [ERROR] [1783275814.810176886] [transformPoseInTargetFrame]: Extrapolation Error looking up target frame: Lookup would require extrapolation into the future.  Requested time 2577.064000 but the latest data is at time 2577.042000, when looking up transform from frame [map] to frame [leo1/base_link]
[controller_server-1] 
[controller_server-1] [WARN] [1783275814.811537151] [controller_server]: Control loop missed its desired rate of 20.0000Hz
[controller_server-1] [INFO] [1783275815.637787503] [controller_server]: Passing new path to controller.
[controller_server-1] [WARN] [1783275815.740837876] [controller_server]: Control loop missed its desired rate of 20.0000Hz
[controller_server-1] [ERROR] [1783275815.863050671] [transformPoseInTargetFrame]: Extrapolation Error looking up target frame: Lookup would require extrapolation into the future.  Requested time 2578.050000 but the latest data is at time 2578.042000, when looking up transform from frame [map] to frame [leo1/base_link]
[controller_server-1] 
[controller_server-1] [WARN] [1783275815.864249869] [controller_server]: Control loop missed its desired rate of 20.0000Hz
[controller_server-1] [INFO] [1783275816.687629122] [controller_server]: Passing new path to controller.
[controller_server-1] [ERROR] [1783275816.915747013] [transformPoseInTargetFrame]: Extrapolation Error looking up target frame: Lookup would require extrapolation into the future.  Requested time 2579.079000 but the latest data is at time 2579.042000, when looking up transform from frame [map] to frame [leo1/base_link]
[controller_server-1] 
[controller_server-1] [WARN] [1783275816.916612172] [controller_server]: Control loop missed its desired rate of 20.0000Hz
[controller_server-1] [INFO] [1783275817.687828880] [controller_server]: Passing new path to controller.
[controller_server-1] [WARN] [1783275817.790246878] [controller_server]: Control loop missed its desired rate of 20.0000Hz
[controller_server-1] [ERROR] [1783275817.943139294] [transformPoseInTargetFrame]: Extrapolation Error looking up target frame: Lookup would require extrapolation into the future.  Requested time 2580.055000 but the latest data is at time 2580.042000, when looking up transform from frame [map] to frame [leo1/base_link]
[controller_server-1] 
[controller_server-1] [WARN] [1783275817.944856737] [controller_server]: Control loop missed its desired rate of 20.0000Hz
[controller_server-1] [INFO] [1783275818.744980245] [controller_server]: Passing new path to controller.
[controller_server-1] [WARN] [1783275818.827545629] [controller_server]: Control loop missed its desired rate of 20.0000Hz
[controller_server-1] [WARN] [1783275818.849924282] [controller_server]: Control loop missed its desired rate of 20.0000Hz
[controller_server-1] [ERROR] [1783275818.951415156] [transformPoseInTargetFrame]: Extrapolation Error looking up target frame: Lookup would require extrapolation into the future.  Requested time 2581.047000 but the latest data is at time 2581.042000, when looking up transform from frame [map] to frame [leo1/base_link]
[controller_server-1] 
[controller_server-1] [WARN] [1783275818.952235963] [controller_server]: Control loop missed its desired rate of 20.0000Hz
[controller_server-1] [INFO] [1783275819.773424842] [controller_server]: Passing new path to controller.
[controller_server-1] [ERROR] [1783275820.003693415] [transformPoseInTargetFrame]: Extrapolation Error looking up target frame: Lookup would require extrapolation into the future.  Requested time 2582.085000 but the latest data is at time 2582.042000, when looking up transform from frame [map] to frame [leo1/base_link]
[controller_server-1] 
[controller_server-1] [WARN] [1783275820.004883242] [controller_server]: Control loop missed its desired rate of 20.0000Hz
[controller_server-1] [INFO] [1783275820.777744431] [controller_server]: Passing new path to controller.
[controller_server-1] [WARN] [1783275820.870533768] [controller_server]: Control loop missed its desired rate of 20.0000Hz
[controller_server-1] [ERROR] [1783275821.006364466] [transformPoseInTargetFrame]: Extrapolation Error looking up target frame: Lookup would require extrapolation into the future.  Requested time 2583.054000 but the latest data is at time 2583.042000, when looking up transform from frame [map] to frame [leo1/base_link]
[controller_server-1] 
[controller_server-1] [WARN] [1783275821.007596058] [controller_server]: Control loop missed its desired rate of 20.0000Hz
[controller_server-1] [INFO] [1783275821.831749891] [controller_server]: Passing new path to controller.
[controller_server-1] [ERROR] [1783275822.059109990] [transformPoseInTargetFrame]: Extrapolation Error looking up target frame: Lookup would require extrapolation into the future.  Requested time 2584.092000 but the latest data is at time 2584.042000, when looking up transform from frame [map] to frame [leo1/base_link]
[controller_server-1] 
[controller_server-1] [WARN] [1783275822.060217613] [controller_server]: Control loop missed its desired rate of 20.0000Hz
[controller_server-1] [INFO] [1783275822.833013191] [controller_server]: Passing new path to controller.
[controller_server-1] [WARN] [1783275822.914959803] [controller_server]: Control loop missed its desired rate of 20.0000Hz
[controller_server-1] [ERROR] [1783275823.061823898] [transformPoseInTargetFrame]: Extrapolation Error looking up target frame: Lookup would require extrapolation into the future.  Requested time 2585.073000 but the latest data is at time 2585.042000, when looking up transform from frame [map] to frame [leo1/base_link]
[controller_server-1] 
[controller_server-1] [WARN] [1783275823.063168512] [controller_server]: Control loop missed its desired rate of 20.0000Hz
[controller_server-1] [INFO] [1783275823.887443713] [controller_server]: Passing new path to controller.
[controller_server-1] [ERROR] [1783275824.064800435] [transformPoseInTargetFrame]: Extrapolation Error looking up target frame: Lookup would require extrapolation into the future.  Requested time 2586.044000 but the latest data is at time 2586.042000, when looking up transform from frame [map] to frame [leo1/base_link]
[controller_server-1] 
[controller_server-1] [WARN] [1783275824.066667224] [controller_server]: Control loop missed its desired rate of 20.0000Hz
[controller_server-1] [INFO] [1783275824.891874410] [controller_server]: Passing new path to controller.
[controller_server-1] [ERROR] [1783275825.118166026] [transformPoseInTargetFrame]: Extrapolation Error looking up target frame: Lookup would require extrapolation into the future.  Requested time 2587.084000 but the latest data is at time 2587.042000, when looking up transform from frame [map] to frame [leo1/base_link]
[controller_server-1] 
[controller_server-1] [WARN] [1783275825.119000282] [controller_server]: Control loop missed its desired rate of 20.0000Hz
[controller_server-1] [INFO] [1783275825.940673470] [controller_server]: Passing new path to controller.
[planner_server-2] [INFO] [1783275826.914540246] [global_costmap.global_costmap]: StaticLayer: Resizing costmap to 281 X 281 at 0.050000 m/pix
[controller_server-1] [INFO] [1783275826.969121296] [controller_server]: Passing new path to controller.
[controller_server-1] [INFO] [1783275828.019098438] [controller_server]: Passing new path to controller.
[controller_server-1] [WARN] [1783275828.102154093] [controller_server]: Control loop missed its desired rate of 20.0000Hz
[planner_server-2] [INFO] [1783275828.914551307] [global_costmap.global_costmap]: StaticLayer: Resizing costmap to 281 X 281 at 0.050000 m/pix
[controller_server-1] [INFO] [1783275829.019094846] [controller_server]: Passing new path to controller.
[planner_server-2] [INFO] [1783275829.914527170] [global_costmap.global_costmap]: StaticLayer: Resizing costmap to 281 X 281 at 0.050000 m/pix
[controller_server-1] [INFO] [1783275830.069134288] [controller_server]: Passing new path to controller.
[planner_server-2] [INFO] [1783275830.914567718] [global_costmap.global_costmap]: StaticLayer: Resizing costmap to 281 X 281 at 0.050000 m/pix
[controller_server-1] [INFO] [1783275831.069113267] [controller_server]: Passing new path to controller.
[controller_server-1] [WARN] [1783275831.132746430] [controller_server]: Control loop missed its desired rate of 20.0000Hz
[controller_server-1] [INFO] [1783275832.119115891] [controller_server]: Passing new path to controller.
[controller_server-1] [WARN] [1783275832.181475712] [controller_server]: Control loop missed its desired rate of 20.0000Hz
[controller_server-1] [INFO] [1783275833.169115888] [controller_server]: Passing new path to controller.
[controller_server-1] [WARN] [1783275833.251866409] [controller_server]: Control loop missed its desired rate of 20.0000Hz
[controller_server-1] [INFO] [1783275834.169117038] [controller_server]: Passing new path to controller.
[controller_server-1] [ERROR] [1783275834.271880383] [transformPoseInTargetFrame]: Extrapolation Error looking up target frame: Lookup would require extrapolation into the future.  Requested time 2595.696000 but the latest data is at time 2595.662000, when looking up transform from frame [map] to frame [leo1/base_link]
[controller_server-1] 
[controller_server-1] [WARN] [1783275834.273039303] [controller_server]: Control loop missed its desired rate of 20.0000Hz
[controller_server-1] [INFO] [1783275835.195472432] [controller_server]: Passing new path to controller.
[controller_server-1] [ERROR] [1783275835.309022292] [transformPoseInTargetFrame]: Extrapolation Error looking up target frame: Lookup would require extrapolation into the future.  Requested time 2596.692000 but the latest data is at time 2596.642000, when looking up transform from frame [map] to frame [leo1/base_link]
[controller_server-1] 
[controller_server-1] [WARN] [1783275835.309809405] [controller_server]: Control loop missed its desired rate of 20.0000Hz
[controller_server-1] [INFO] [1783275836.223143547] [controller_server]: Passing new path to controller.
[controller_server-1] [ERROR] [1783275836.325703772] [transformPoseInTargetFrame]: Extrapolation Error looking up target frame: Lookup would require extrapolation into the future.  Requested time 2597.682000 but the latest data is at time 2597.642000, when looking up transform from frame [map] to frame [leo1/base_link]
[controller_server-1] 
[controller_server-1] [WARN] [1783275836.326348147] [controller_server]: Control loop missed its desired rate of 20.0000Hz
[controller_server-1] [INFO] [1783275837.246742365] [controller_server]: Passing new path to controller.
[controller_server-1] [ERROR] [1783275837.349212969] [transformPoseInTargetFrame]: Extrapolation Error looking up target frame: Lookup would require extrapolation into the future.  Requested time 2598.669000 but the latest data is at time 2598.642000, when looking up transform from frame [map] to frame [leo1/base_link]
[controller_server-1] 
[controller_server-1] [WARN] [1783275837.349891380] [controller_server]: Control loop missed its desired rate of 20.0000Hz
[controller_server-1] [INFO] [1783275838.276448216] [controller_server]: Passing new path to controller.
[controller_server-1] [ERROR] [1783275838.379090525] [transformPoseInTargetFrame]: Extrapolation Error looking up target frame: Lookup would require extrapolation into the future.  Requested time 2599.667000 but the latest data is at time 2599.642000, when looking up transform from frame [map] to frame [leo1/base_link]
[controller_server-1] 
[controller_server-1] [WARN] [1783275838.379705876] [controller_server]: Control loop missed its desired rate of 20.0000Hz
[controller_server-1] [INFO] [1783275839.348321783] [controller_server]: Passing new path to controller.
[controller_server-1] [WARN] [1783275839.451579912] [controller_server]: Control loop missed its desired rate of 20.0000Hz
[controller_server-1] [INFO] [1783275840.379806664] [controller_server]: Passing new path to controller.
[controller_server-1] [ERROR] [1783275840.482364823] [transformPoseInTargetFrame]: Extrapolation Error looking up target frame: Lookup would require extrapolation into the future.  Requested time 2601.703000 but the latest data is at time 2601.682000, when looking up transform from frame [map] to frame [leo1/base_link]
[controller_server-1] 
[controller_server-1] [WARN] [1783275840.483216319] [controller_server]: Control loop missed its desired rate of 20.0000Hz
[controller_server-1] [INFO] [1783275841.403857840] [controller_server]: Passing new path to controller.
[controller_server-1] [ERROR] [1783275841.506541571] [transformPoseInTargetFrame]: Extrapolation Error looking up target frame: Lookup would require extrapolation into the future.  Requested time 2602.694000 but the latest data is at time 2602.642000, when looking up transform from frame [map] to frame [leo1/base_link]
[controller_server-1] 
[controller_server-1] [WARN] [1783275841.507083130] [controller_server]: Control loop missed its desired rate of 20.0000Hz
[controller_server-1] [INFO] [1783275842.433381044] [controller_server]: Passing new path to controller.
[controller_server-1] [ERROR] [1783275842.535800071] [transformPoseInTargetFrame]: Extrapolation Error looking up target frame: Lookup would require extrapolation into the future.  Requested time 2603.684000 but the latest data is at time 2603.662000, when looking up transform from frame [map] to frame [leo1/base_link]
[controller_server-1] 
[controller_server-1] [WARN] [1783275842.536758076] [controller_server]: Control loop missed its desired rate of 20.0000Hz
[controller_server-1] [INFO] [1783275843.450754618] [controller_server]: Passing new path to controller.
[controller_server-1] [ERROR] [1783275843.552878934] [transformPoseInTargetFrame]: Extrapolation Error looking up target frame: Lookup would require extrapolation into the future.  Requested time 2604.671000 but the latest data is at time 2604.642000, when looking up transform from frame [map] to frame [leo1/base_link]
[controller_server-1] 
[controller_server-1] [WARN] [1783275843.553553217] [controller_server]: Control loop missed its desired rate of 20.0000Hz
[controller_server-1] [INFO] [1783275844.495153768] [controller_server]: Passing new path to controller.
[controller_server-1] [ERROR] [1783275844.607961625] [transformPoseInTargetFrame]: Extrapolation Error looking up target frame: Lookup would require extrapolation into the future.  Requested time 2605.663000 but the latest data is at time 2605.642000, when looking up transform from frame [map] to frame [leo1/base_link]
[controller_server-1] 
[controller_server-1] [WARN] [1783275844.608811935] [controller_server]: Control loop missed its desired rate of 20.0000Hz
[controller_server-1] [INFO] [1783275845.525313755] [controller_server]: Passing new path to controller.
[controller_server-1] [INFO] [1783275846.558920557] [controller_server]: Passing new path to controller.
[controller_server-1] [INFO] [1783275847.558958549] [controller_server]: Passing new path to controller.
[controller_server-1] [INFO] [1783275848.608937714] [controller_server]: Passing new path to controller.
[controller_server-1] [INFO] [1783275849.608931302] [controller_server]: Passing new path to controller.
[controller_server-1] [WARN] [1783275849.701960929] [controller_server]: Control loop missed its desired rate of 20.0000Hz
[controller_server-1] [INFO] [1783275850.658905059] [controller_server]: Passing new path to controller.
[controller_server-1] [WARN] [1783275850.763103124] [controller_server]: Control loop missed its desired rate of 20.0000Hz
[controller_server-1] [INFO] [1783275851.671051209] [controller_server]: Passing new path to controller.
[controller_server-1] [INFO] [1783275852.730466713] [controller_server]: Passing new path to controller.
[controller_server-1] [INFO] [1783275853.084789615] [controller_server]: Reached the goal!
[bt_navigator-4] [INFO] [1783275853.118113868] [bt_navigator]: Goal succeeded
[bt_navigator-4] [INFO] [1783275856.915312161] [bt_navigator]: Begin navigating from current location (0.82, 2.68) to (2.19, 3.01)
[controller_server-1] [INFO] [1783275856.936561844] [controller_server]: Received a goal, begin computing control effort.
[controller_server-1] [ERROR] [1783275857.088172004] [transformPoseInTargetFrame]: Extrapolation Error looking up target frame: Lookup would require extrapolation into the future.  Requested time 2617.644000 but the latest data is at time 2617.642000, when looking up transform from frame [map] to frame [leo1/base_link]
[controller_server-1] 
[controller_server-1] [WARN] [1783275857.088641578] [controller_server]: Control loop missed its desired rate of 20.0000Hz
[controller_server-1] [INFO] [1783275858.001838400] [controller_server]: Passing new path to controller.
[controller_server-1] [ERROR] [1783275858.174712688] [transformPoseInTargetFrame]: Extrapolation Error looking up target frame: Lookup would require extrapolation into the future.  Requested time 2618.701000 but the latest data is at time 2618.642000, when looking up transform from frame [map] to frame [leo1/base_link]
[controller_server-1] 
[controller_server-1] [WARN] [1783275858.175041563] [controller_server]: Control loop missed its desired rate of 20.0000Hz
[controller_server-1] [INFO] [1783275859.038736201] [controller_server]: Passing new path to controller.
[controller_server-1] [ERROR] [1783275859.141335645] [transformPoseInTargetFrame]: Extrapolation Error looking up target frame: Lookup would require extrapolation into the future.  Requested time 2619.646000 but the latest data is at time 2619.642000, when looking up transform from frame [map] to frame [leo1/base_link]
[controller_server-1] 
[controller_server-1] [WARN] [1783275859.141980045] [controller_server]: Control loop missed its desired rate of 20.0000Hz
[controller_server-1] [INFO] [1783275860.052959975] [controller_server]: Passing new path to controller.
[controller_server-1] [ERROR] [1783275860.155992786] [transformPoseInTargetFrame]: Extrapolation Error looking up target frame: Lookup would require extrapolation into the future.  Requested time 2620.647000 but the latest data is at time 2620.642000, when looking up transform from frame [map] to frame [leo1/base_link]
[controller_server-1] 
[controller_server-1] [WARN] [1783275860.157025495] [controller_server]: Control loop missed its desired rate of 20.0000Hz
[controller_server-1] [INFO] [1783275861.092082417] [controller_server]: Passing new path to controller.
[controller_server-1] [ERROR] [1783275861.194363580] [transformPoseInTargetFrame]: Extrapolation Error looking up target frame: Lookup would require extrapolation into the future.  Requested time 2621.656000 but the latest data is at time 2621.642000, when looking up transform from frame [map] to frame [leo1/base_link]
[controller_server-1] 
[controller_server-1] [WARN] [1783275861.194704560] [controller_server]: Control loop missed its desired rate of 20.0000Hz
[controller_server-1] [INFO] [1783275862.106663043] [controller_server]: Passing new path to controller.
[controller_server-1] [ERROR] [1783275862.209247504] [transformPoseInTargetFrame]: Extrapolation Error looking up target frame: Lookup would require extrapolation into the future.  Requested time 2622.655000 but the latest data is at time 2622.642000, when looking up transform from frame [map] to frame [leo1/base_link]
[controller_server-1] 
[controller_server-1] [WARN] [1783275862.209904834] [controller_server]: Control loop missed its desired rate of 20.0000Hz
[controller_server-1] [INFO] [1783275863.144814044] [controller_server]: Passing new path to controller.
[controller_server-1] [ERROR] [1783275863.247491135] [transformPoseInTargetFrame]: Extrapolation Error looking up target frame: Lookup would require extrapolation into the future.  Requested time 2623.673000 but the latest data is at time 2623.642000, when looking up transform from frame [map] to frame [leo1/base_link]
[controller_server-1] 
[controller_server-1] [WARN] [1783275863.247985235] [controller_server]: Control loop missed its desired rate of 20.0000Hz
[controller_server-1] [INFO] [1783275864.160166740] [controller_server]: Passing new path to controller.
[controller_server-1] [ERROR] [1783275864.262710726] [transformPoseInTargetFrame]: Extrapolation Error looking up target frame: Lookup would require extrapolation into the future.  Requested time 2624.665000 but the latest data is at time 2624.642000, when looking up transform from frame [map] to frame [leo1/base_link]
[controller_server-1] 
[controller_server-1] [WARN] [1783275864.263435540] [controller_server]: Control loop missed its desired rate of 20.0000Hz
[controller_server-1] [INFO] [1783275865.198080917] [controller_server]: Passing new path to controller.
[controller_server-1] [ERROR] [1783275865.300232183] [transformPoseInTargetFrame]: Extrapolation Error looking up target frame: Lookup would require extrapolation into the future.  Requested time 2625.675000 but the latest data is at time 2625.642000, when looking up transform from frame [map] to frame [leo1/base_link]
[controller_server-1] 
[controller_server-1] [WARN] [1783275865.300613234] [controller_server]: Control loop missed its desired rate of 20.0000Hz
[controller_server-1] [INFO] [1783275866.211808242] [controller_server]: Passing new path to controller.
[controller_server-1] [ERROR] [1783275866.313992704] [transformPoseInTargetFrame]: Extrapolation Error looking up target frame: Lookup would require extrapolation into the future.  Requested time 2626.672000 but the latest data is at time 2626.642000, when looking up transform from frame [map] to frame [leo1/base_link]
[controller_server-1] 
[controller_server-1] [WARN] [1783275866.314395468] [controller_server]: Control loop missed its desired rate of 20.0000Hz
[controller_server-1] [INFO] [1783275867.250727344] [controller_server]: Passing new path to controller.
[controller_server-1] [WARN] [1783275867.353019765] [controller_server]: Control loop missed its desired rate of 20.0000Hz
[controller_server-1] [ERROR] [1783275867.525010433] [transformPoseInTargetFrame]: Extrapolation Error looking up target frame: Lookup would require extrapolation into the future.  Requested time 2627.873000 but the latest data is at time 2627.842000, when looking up transform from frame [map] to frame [leo1/base_link]
[controller_server-1] 
[controller_server-1] [WARN] [1783275867.525640687] [controller_server]: Control loop missed its desired rate of 20.0000Hz
[controller_server-1] [INFO] [1783275868.303165082] [controller_server]: Passing new path to controller.
[controller_server-1] [WARN] [1783275868.375395276] [controller_server]: Control loop missed its desired rate of 20.0000Hz
[controller_server-1] [ERROR] [1783275868.554580277] [transformPoseInTargetFrame]: Extrapolation Error looking up target frame: Lookup would require extrapolation into the future.  Requested time 2628.890000 but the latest data is at time 2628.842000, when looking up transform from frame [map] to frame [leo1/base_link]
[controller_server-1] 
[controller_server-1] [WARN] [1783275868.554930199] [controller_server]: Control loop missed its desired rate of 20.0000Hz
[controller_server-1] [INFO] [1783275869.314002531] [controller_server]: Passing new path to controller.
[controller_server-1] [ERROR] [1783275869.556359649] [transformPoseInTargetFrame]: Extrapolation Error looking up target frame: Lookup would require extrapolation into the future.  Requested time 2629.881000 but the latest data is at time 2629.842000, when looking up transform from frame [map] to frame [leo1/base_link]
[controller_server-1] 
[controller_server-1] [WARN] [1783275869.556968935] [controller_server]: Control loop missed its desired rate of 20.0000Hz
[controller_server-1] [INFO] [1783275870.315397462] [controller_server]: Passing new path to controller.
[controller_server-1] [ERROR] [1783275870.558496472] [transformPoseInTargetFrame]: Extrapolation Error looking up target frame: Lookup would require extrapolation into the future.  Requested time 2630.877000 but the latest data is at time 2630.842000, when looking up transform from frame [map] to frame [leo1/base_link]
[controller_server-1] 
[controller_server-1] [WARN] [1783275870.559133244] [controller_server]: Control loop missed its desired rate of 20.0000Hz
[controller_server-1] [INFO] [1783275871.368127812] [controller_server]: Passing new path to controller.
[controller_server-1] [ERROR] [1783275871.560718494] [transformPoseInTargetFrame]: Extrapolation Error looking up target frame: Lookup would require extrapolation into the future.  Requested time 2631.858000 but the latest data is at time 2631.842000, when looking up transform from frame [map] to frame [leo1/base_link]
[controller_server-1] 
[controller_server-1] [WARN] [1783275871.561404520] [controller_server]: Control loop missed its desired rate of 20.0000Hz
[controller_server-1] [INFO] [1783275872.370651425] [controller_server]: Passing new path to controller.
[controller_server-1] [ERROR] [1783275872.562953128] [transformPoseInTargetFrame]: Extrapolation Error looking up target frame: Lookup would require extrapolation into the future.  Requested time 2632.849000 but the latest data is at time 2632.842000, when looking up transform from frame [map] to frame [leo1/base_link]
[controller_server-1] 
[controller_server-1] [WARN] [1783275872.563556918] [controller_server]: Control loop missed its desired rate of 20.0000Hz
[controller_server-1] [INFO] [1783275873.423285786] [controller_server]: Passing new path to controller.
[controller_server-1] [ERROR] [1783275873.596484087] [transformPoseInTargetFrame]: Extrapolation Error looking up target frame: Lookup would require extrapolation into the future.  Requested time 2633.872000 but the latest data is at time 2633.842000, when looking up transform from frame [map] to frame [leo1/base_link]
[controller_server-1] 
[controller_server-1] [WARN] [1783275873.597139059] [controller_server]: Control loop missed its desired rate of 20.0000Hz
[controller_server-1] [INFO] [1783275874.421093910] [controller_server]: Passing new path to controller.
[controller_server-1] [ERROR] [1783275874.622564881] [transformPoseInTargetFrame]: Extrapolation Error looking up target frame: Lookup would require extrapolation into the future.  Requested time 2634.874000 but the latest data is at time 2634.842000, when looking up transform from frame [map] to frame [leo1/base_link]
[controller_server-1] 
[controller_server-1] [WARN] [1783275874.623103569] [controller_server]: Control loop missed its desired rate of 20.0000Hz
[controller_server-1] [INFO] [1783275875.485620714] [controller_server]: Passing new path to controller.
[controller_server-1] [ERROR] [1783275875.658399026] [transformPoseInTargetFrame]: Extrapolation Error looking up target frame: Lookup would require extrapolation into the future.  Requested time 2635.876000 but the latest data is at time 2635.842000, when looking up transform from frame [map] to frame [leo1/base_link]
[controller_server-1] 
[controller_server-1] [WARN] [1783275875.658781980] [controller_server]: Control loop missed its desired rate of 20.0000Hz
[controller_server-1] [INFO] [1783275876.523201512] [controller_server]: Passing new path to controller.
[controller_server-1] [ERROR] [1783275876.675152232] [transformPoseInTargetFrame]: Extrapolation Error looking up target frame: Lookup would require extrapolation into the future.  Requested time 2636.867000 but the latest data is at time 2636.842000, when looking up transform from frame [map] to frame [leo1/base_link]
[controller_server-1] 
[controller_server-1] [WARN] [1783275876.675756908] [controller_server]: Control loop missed its desired rate of 20.0000Hz
[controller_server-1] [INFO] [1783275877.536908350] [controller_server]: Passing new path to controller.
[controller_server-1] [ERROR] [1783275877.720237287] [transformPoseInTargetFrame]: Extrapolation Error looking up target frame: Lookup would require extrapolation into the future.  Requested time 2637.901000 but the latest data is at time 2637.842000, when looking up transform from frame [map] to frame [leo1/base_link]
[controller_server-1] 
[controller_server-1] [WARN] [1783275877.720809800] [controller_server]: Control loop missed its desired rate of 20.0000Hz
[controller_server-1] [INFO] [1783275878.575850852] [controller_server]: Passing new path to controller.
[controller_server-1] [ERROR] [1783275878.727319681] [transformPoseInTargetFrame]: Extrapolation Error looking up target frame: Lookup would require extrapolation into the future.  Requested time 2638.866000 but the latest data is at time 2638.842000, when looking up transform from frame [map] to frame [leo1/base_link]
[controller_server-1] 
[controller_server-1] [WARN] [1783275878.727927193] [controller_server]: Control loop missed its desired rate of 20.0000Hz
[controller_server-1] [INFO] [1783275879.587331702] [controller_server]: Passing new path to controller.
[controller_server-1] [ERROR] [1783275879.750705905] [transformPoseInTargetFrame]: Extrapolation Error looking up target frame: Lookup would require extrapolation into the future.  Requested time 2639.871000 but the latest data is at time 2639.842000, when looking up transform from frame [map] to frame [leo1/base_link]
[controller_server-1] 
[controller_server-1] [WARN] [1783275879.751057621] [controller_server]: Control loop missed its desired rate of 20.0000Hz
[controller_server-1] [INFO] [1783275880.629993735] [controller_server]: Passing new path to controller.
[controller_server-1] [ERROR] [1783275880.789649594] [transformPoseInTargetFrame]: Extrapolation Error looking up target frame: Lookup would require extrapolation into the future.  Requested time 2640.884000 but the latest data is at time 2640.842000, when looking up transform from frame [map] to frame [leo1/base_link]
[controller_server-1] 
[controller_server-1] [WARN] [1783275880.790252019] [controller_server]: Control loop missed its desired rate of 20.0000Hz
[controller_server-1] [INFO] [1783275881.650975576] [controller_server]: Passing new path to controller.
[controller_server-1] [ERROR] [1783275881.823869240] [transformPoseInTargetFrame]: Extrapolation Error looking up target frame: Lookup would require extrapolation into the future.  Requested time 2641.901000 but the latest data is at time 2641.842000, when looking up transform from frame [map] to frame [leo1/base_link]
[controller_server-1] 
[controller_server-1] [WARN] [1783275881.824257131] [controller_server]: Control loop missed its desired rate of 20.0000Hz
[controller_server-1] [INFO] [1783275882.690426967] [controller_server]: Passing new path to controller.
[controller_server-1] [ERROR] [1783275882.792698760] [transformPoseInTargetFrame]: Extrapolation Error looking up target frame: Lookup would require extrapolation into the future.  Requested time 2642.850000 but the latest data is at time 2642.842000, when looking up transform from frame [map] to frame [leo1/base_link]
[controller_server-1] 
[controller_server-1] [WARN] [1783275882.793069082] [controller_server]: Control loop missed its desired rate of 20.0000Hz
[controller_server-1] [INFO] [1783275883.702926701] [controller_server]: Passing new path to controller.
[controller_server-1] [ERROR] [1783275883.805729360] [transformPoseInTargetFrame]: Extrapolation Error looking up target frame: Lookup would require extrapolation into the future.  Requested time 2643.846000 but the latest data is at time 2643.842000, when looking up transform from frame [map] to frame [leo1/base_link]
[controller_server-1] 
[controller_server-1] [WARN] [1783275883.806288341] [controller_server]: Control loop missed its desired rate of 20.0000Hz
[controller_server-1] [INFO] [1783275884.743172743] [controller_server]: Passing new path to controller.
[controller_server-1] [ERROR] [1783275884.845628722] [transformPoseInTargetFrame]: Extrapolation Error looking up target frame: Lookup would require extrapolation into the future.  Requested time 2644.870000 but the latest data is at time 2644.842000, when looking up transform from frame [map] to frame [leo1/base_link]
[controller_server-1] 
[controller_server-1] [WARN] [1783275884.845979416] [controller_server]: Control loop missed its desired rate of 20.0000Hz
[controller_server-1] [INFO] [1783275885.757218322] [controller_server]: Passing new path to controller.
[controller_server-1] [ERROR] [1783275885.860014912] [transformPoseInTargetFrame]: Extrapolation Error looking up target frame: Lookup would require extrapolation into the future.  Requested time 2645.871000 but the latest data is at time 2645.842000, when looking up transform from frame [map] to frame [leo1/base_link]
[controller_server-1] 
[controller_server-1] [WARN] [1783275885.860578213] [controller_server]: Control loop missed its desired rate of 20.0000Hz
[controller_server-1] [INFO] [1783275886.796099857] [controller_server]: Passing new path to controller.
[controller_server-1] [ERROR] [1783275886.909211305] [transformPoseInTargetFrame]: Extrapolation Error looking up target frame: Lookup would require extrapolation into the future.  Requested time 2646.891000 but the latest data is at time 2646.862000, when looking up transform from frame [map] to frame [leo1/base_link]
[controller_server-1] 
[controller_server-1] [WARN] [1783275886.909652648] [controller_server]: Control loop missed its desired rate of 20.0000Hz
[controller_server-1] [INFO] [1783275887.824006836] [controller_server]: Passing new path to controller.
[controller_server-1] [ERROR] [1783275887.926204258] [transformPoseInTargetFrame]: Extrapolation Error looking up target frame: Lookup would require extrapolation into the future.  Requested time 2647.902000 but the latest data is at time 2647.862000, when looking up transform from frame [map] to frame [leo1/base_link]
[controller_server-1] 
[controller_server-1] [WARN] [1783275887.926802810] [controller_server]: Control loop missed its desired rate of 20.0000Hz
[controller_server-1] [INFO] [1783275888.859794541] [controller_server]: Passing new path to controller.
[controller_server-1] [ERROR] [1783275888.962717330] [transformPoseInTargetFrame]: Extrapolation Error looking up target frame: Lookup would require extrapolation into the future.  Requested time 2648.885000 but the latest data is at time 2648.842000, when looking up transform from frame [map] to frame [leo1/base_link]
[controller_server-1] 
[controller_server-1] [WARN] [1783275888.963293541] [controller_server]: Control loop missed its desired rate of 20.0000Hz
[controller_server-1] [INFO] [1783275889.872023436] [controller_server]: Passing new path to controller.
[controller_server-1] [ERROR] [1783275889.974431956] [transformPoseInTargetFrame]: Extrapolation Error looking up target frame: Lookup would require extrapolation into the future.  Requested time 2649.848000 but the latest data is at time 2649.842000, when looking up transform from frame [map] to frame [leo1/base_link]
[controller_server-1] 
[controller_server-1] [WARN] [1783275889.974744822] [controller_server]: Control loop missed its desired rate of 20.0000Hz
[controller_server-1] [INFO] [1783275890.913417034] [controller_server]: Passing new path to controller.
[controller_server-1] [INFO] [1783275891.913444513] [controller_server]: Passing new path to controller.
[controller_server-1] [INFO] [1783275892.963394968] [controller_server]: Passing new path to controller.
[controller_server-1] [INFO] [1783275894.013402754] [controller_server]: Passing new path to controller.
[controller_server-1] [INFO] [1783275895.013405771] [controller_server]: Passing new path to controller.
[controller_server-1] [INFO] [1783275896.063403062] [controller_server]: Passing new path to controller.
[controller_server-1] [INFO] [1783275897.063404530] [controller_server]: Passing new path to controller.
[controller_server-1] [INFO] [1783275898.113387345] [controller_server]: Passing new path to controller.
[controller_server-1] [INFO] [1783275899.163395741] [controller_server]: Passing new path to controller.
[controller_server-1] [INFO] [1783275900.163405385] [controller_server]: Passing new path to controller.
[controller_server-1] [INFO] [1783275901.213387313] [controller_server]: Passing new path to controller.
[controller_server-1] [INFO] [1783275902.213407298] [controller_server]: Passing new path to controller.
[controller_server-1] [INFO] [1783275903.263417134] [controller_server]: Passing new path to controller.
[controller_server-1] [INFO] [1783275904.272092520] [controller_server]: Passing new path to controller.
[controller_server-1] [INFO] [1783275905.322087815] [controller_server]: Passing new path to controller.
[controller_server-1] [INFO] [1783275906.322070882] [controller_server]: Passing new path to controller.
[controller_server-1] [INFO] [1783275907.372085399] [controller_server]: Passing new path to controller.
[controller_server-1] [ERROR] [1783275907.772138260] [controller_server]: Failed to make progress
[controller_server-1] [WARN] [1783275907.772306181] [controller_server]: [follow_path] [ActionServer] Aborting handle.
[controller_server-1] [INFO] [1783275907.791867775] [local_costmap.local_costmap]: Received request to clear entirely the local_costmap
[controller_server-1] [INFO] [1783275907.793971884] [controller_server]: Received a goal, begin computing control effort.
[controller_server-1] [INFO] [1783275908.394245254] [controller_server]: Passing new path to controller.
[controller_server-1] [INFO] [1783275909.444224216] [controller_server]: Passing new path to controller.
[controller_server-1] [INFO] [1783275910.444217745] [controller_server]: Passing new path to controller.
[controller_server-1] [INFO] [1783275911.494245496] [controller_server]: Passing new path to controller.
[controller_server-1] [INFO] [1783275912.494217453] [controller_server]: Passing new path to controller.
[controller_server-1] [INFO] [1783275913.544214632] [controller_server]: Passing new path to controller.
[controller_server-1] [INFO] [1783275914.544201786] [controller_server]: Passing new path to controller.
[controller_server-1] [INFO] [1783275915.594216184] [controller_server]: Passing new path to controller.
[controller_server-1] [INFO] [1783275916.644241569] [controller_server]: Passing new path to controller.
[controller_server-1] [INFO] [1783275917.644225811] [controller_server]: Passing new path to controller.
[controller_server-1] [INFO] [1783275918.694227928] [controller_server]: Passing new path to controller.
[controller_server-1] [INFO] [1783275919.694224553] [controller_server]: Passing new path to controller.
[controller_server-1] [INFO] [1783275920.744210717] [controller_server]: Passing new path to controller.
[controller_server-1] [INFO] [1783275921.794234083] [controller_server]: Passing new path to controller.
[controller_server-1] [INFO] [1783275922.794230579] [controller_server]: Passing new path to controller.
[controller_server-1] [ERROR] [1783275923.144259962] [controller_server]: Failed to make progress
[controller_server-1] [WARN] [1783275923.144368813] [controller_server]: [follow_path] [ActionServer] Aborting handle.
[behavior_server-3] [INFO] [1783275923.162197703] [behavior_server]: Running wait
[behavior_server-3] [INFO] [1783275928.262482090] [behavior_server]: wait completed successfully
[controller_server-1] [INFO] [1783275928.312740302] [controller_server]: Received a goal, begin computing control effort.
[controller_server-1] [INFO] [1783275928.931878766] [local_costmap.local_costmap]: Received request to clear entirely the local_costmap
[planner_server-2] [INFO] [1783275928.931959658] [global_costmap.global_costmap]: Received request to clear entirely the global_costmap
[controller_server-1] [WARN] [1783275929.023324285] [controller_server]: Control loop missed its desired rate of 20.0000Hz
[controller_server-1] [INFO] [1783275929.362961083] [controller_server]: Passing new path to controller.
[controller_server-1] [INFO] [1783275930.412948460] [controller_server]: Passing new path to controller.
[controller_server-1] [INFO] [1783275931.412930951] [controller_server]: Passing new path to controller.
[controller_server-1] [INFO] [1783275932.462959145] [controller_server]: Passing new path to controller.
[controller_server-1] [INFO] [1783275933.462960078] [controller_server]: Passing new path to controller.
[controller_server-1] [INFO] [1783275934.518775949] [controller_server]: Passing new path to controller.
[controller_server-1] [INFO] [1783275935.568803332] [controller_server]: Passing new path to controller.
[controller_server-1] [INFO] [1783275936.568753825] [controller_server]: Passing new path to controller.
[controller_server-1] [INFO] [1783275937.618747780] [controller_server]: Passing new path to controller.
[controller_server-1] [INFO] [1783275938.618749521] [controller_server]: Passing new path to controller.
[controller_server-1] [INFO] [1783275939.668770596] [controller_server]: Passing new path to controller.
[controller_server-1] [INFO] [1783275940.718793125] [controller_server]: Passing new path to controller.
[controller_server-1] [INFO] [1783275941.718790270] [controller_server]: Passing new path to controller.
[controller_server-1] [INFO] [1783275942.768756387] [controller_server]: Passing new path to controller.
[controller_server-1] [ERROR] [1783275943.668791417] [controller_server]: Failed to make progress
[controller_server-1] [WARN] [1783275943.668917383] [controller_server]: [follow_path] [ActionServer] Aborting handle.
[controller_server-1] [INFO] [1783275943.687720192] [local_costmap.local_costmap]: Received request to clear entirely the local_costmap
[controller_server-1] [INFO] [1783275943.689534379] [controller_server]: Received a goal, begin computing control effort.
[controller_server-1] [INFO] [1783275943.829777911] [controller_server]: Passing new path to controller.
[controller_server-1] [WARN] [1783275943.831861250] [controller_server]: Control loop missed its desired rate of 20.0000Hz
[controller_server-1] [INFO] [1783275944.839194574] [controller_server]: Passing new path to controller.
[controller_server-1] [INFO] [1783275945.848506816] [controller_server]: Passing new path to controller.
[controller_server-1] [INFO] [1783275946.856432338] [controller_server]: Passing new path to controller.
[controller_server-1] [INFO] [1783275947.915470511] [controller_server]: Passing new path to controller.
[controller_server-1] [INFO] [1783275948.922956696] [controller_server]: Passing new path to controller.
[controller_server-1] [INFO] [1783275949.981982492] [controller_server]: Passing new path to controller.
[controller_server-1] [INFO] [1783275950.981977903] [controller_server]: Passing new path to controller.
[controller_server-1] [INFO] [1783275952.031949063] [controller_server]: Passing new path to controller.
[controller_server-1] [INFO] [1783275953.032033721] [controller_server]: Passing new path to controller.
[controller_server-1] [INFO] [1783275954.081975620] [controller_server]: Passing new path to controller.
[controller_server-1] [INFO] [1783275955.081952053] [controller_server]: Passing new path to controller.
[controller_server-1] [INFO] [1783275956.131984299] [controller_server]: Passing new path to controller.
[controller_server-1] [INFO] [1783275957.181937203] [controller_server]: Passing new path to controller.
[controller_server-1] [INFO] [1783275958.181976779] [controller_server]: Passing new path to controller.
[controller_server-1] [ERROR] [1783275959.132004497] [controller_server]: Failed to make progress
[controller_server-1] [WARN] [1783275959.132100472] [controller_server]: [follow_path] [ActionServer] Aborting handle.
[behavior_server-3] [INFO] [1783275959.147816065] [behavior_server]: Running backup
[behavior_server-3] [INFO] [1783275965.457485295] [behavior_server]: backup completed successfully
[controller_server-1] [INFO] [1783275965.507667106] [controller_server]: Received a goal, begin computing control effort.
[controller_server-1] [WARN] [1783275965.599238684] [controller_server]: Control loop missed its desired rate of 20.0000Hz
[bt_navigator-4] [ERROR] [1783275965.688214212] [bt_navigator_navigate_to_pose_rclcpp_node]: Failed to get result for follow_path in node halt!
[bt_navigator-4] [INFO] [1783275965.688374280] [bt_navigator]: [navigate_to_pose] [ActionServer] Client requested to cancel the goal. Cancelling.
[bt_navigator-4] [INFO] [1783275965.688996511] [bt_navigator]: Goal canceled
[controller_server-1] [INFO] [1783275965.707894664] [controller_server]: Goal was canceled. Stopping the robot.
[controller_server-1] [INFO] [1783275965.707970428] [controller_server]: [follow_path] [ActionServer] Client requested to cancel the goal. Cancelling.
[bt_navigator-4] [INFO] [1783275971.238835428] [bt_navigator]: Begin navigating from current location (1.75, 2.80) to (0.29, 6.39)
[controller_server-1] [INFO] [1783275971.260053419] [controller_server]: Received a goal, begin computing control effort.
[controller_server-1] [WARN] [1783275971.321038586] [controller_server]: Control loop missed its desired rate of 20.0000Hz
[controller_server-1] [ERROR] [1783275971.461602090] [transformPoseInTargetFrame]: Extrapolation Error looking up target frame: Lookup would require extrapolation into the future.  Requested time 2729.653000 but the latest data is at time 2729.642000, when looking up transform from frame [map] to frame [leo1/base_link]
[controller_server-1] 
[controller_server-1] [WARN] [1783275971.462244837] [controller_server]: Control loop missed its desired rate of 20.0000Hz
[controller_server-1] [INFO] [1783275972.330104125] [controller_server]: Passing new path to controller.
[controller_server-1] [ERROR] [1783275972.492704545] [transformPoseInTargetFrame]: Extrapolation Error looking up target frame: Lookup would require extrapolation into the future.  Requested time 2730.675000 but the latest data is at time 2730.642000, when looking up transform from frame [map] to frame [leo1/base_link]
[controller_server-1] 
[controller_server-1] [WARN] [1783275972.493420917] [controller_server]: Control loop missed its desired rate of 20.0000Hz
[controller_server-1] [INFO] [1783275973.362334959] [controller_server]: Passing new path to controller.
[controller_server-1] [ERROR] [1783275973.513731529] [transformPoseInTargetFrame]: Extrapolation Error looking up target frame: Lookup would require extrapolation into the future.  Requested time 2731.680000 but the latest data is at time 2731.642000, when looking up transform from frame [map] to frame [leo1/base_link]
[controller_server-1] 
[controller_server-1] [WARN] [1783275973.514906701] [controller_server]: Control loop missed its desired rate of 20.0000Hz
[controller_server-1] [INFO] [1783275974.385667075] [controller_server]: Passing new path to controller.
[controller_server-1] [ERROR] [1783275974.548295877] [transformPoseInTargetFrame]: Extrapolation Error looking up target frame: Lookup would require extrapolation into the future.  Requested time 2732.699000 but the latest data is at time 2732.642000, when looking up transform from frame [map] to frame [leo1/base_link]
[controller_server-1] 
[controller_server-1] [WARN] [1783275974.549380018] [controller_server]: Control loop missed its desired rate of 20.0000Hz
[controller_server-1] [INFO] [1783275975.415024250] [controller_server]: Passing new path to controller.
[controller_server-1] [ERROR] [1783275975.517579857] [transformPoseInTargetFrame]: Extrapolation Error looking up target frame: Lookup would require extrapolation into the future.  Requested time 2733.652000 but the latest data is at time 2733.642000, when looking up transform from frame [map] to frame [leo1/base_link]
[controller_server-1] 
[controller_server-1] [WARN] [1783275975.518717799] [controller_server]: Control loop missed its desired rate of 20.0000Hz
[controller_server-1] [INFO] [1783275976.438092187] [controller_server]: Passing new path to controller.
[controller_server-1] [ERROR] [1783275976.540950117] [transformPoseInTargetFrame]: Extrapolation Error looking up target frame: Lookup would require extrapolation into the future.  Requested time 2734.663000 but the latest data is at time 2734.642000, when looking up transform from frame [map] to frame [leo1/base_link]
[controller_server-1] 
[controller_server-1] [WARN] [1783275976.541763867] [controller_server]: Control loop missed its desired rate of 20.0000Hz
[controller_server-1] [INFO] [1783275977.468831457] [controller_server]: Passing new path to controller.
[controller_server-1] [ERROR] [1783275977.571340341] [transformPoseInTargetFrame]: Extrapolation Error looking up target frame: Lookup would require extrapolation into the future.  Requested time 2735.661000 but the latest data is at time 2735.642000, when looking up transform from frame [map] to frame [leo1/base_link]
[controller_server-1] 
[controller_server-1] [WARN] [1783275977.572631002] [controller_server]: Control loop missed its desired rate of 20.0000Hz
[controller_server-1] [INFO] [1783275978.488710029] [controller_server]: Passing new path to controller.
[controller_server-1] [ERROR] [1783275978.591474450] [transformPoseInTargetFrame]: Extrapolation Error looking up target frame: Lookup would require extrapolation into the future.  Requested time 2736.666000 but the latest data is at time 2736.642000, when looking up transform from frame [map] to frame [leo1/base_link]
[controller_server-1] 
[controller_server-1] [WARN] [1783275978.592799695] [controller_server]: Control loop missed its desired rate of 20.0000Hz
[controller_server-1] [INFO] [1783275979.522727282] [controller_server]: Passing new path to controller.
[controller_server-1] [ERROR] [1783275979.624884110] [transformPoseInTargetFrame]: Extrapolation Error looking up target frame: Lookup would require extrapolation into the future.  Requested time 2737.686000 but the latest data is at time 2737.642000, when looking up transform from frame [map] to frame [leo1/base_link]
[controller_server-1] 
[controller_server-1] [WARN] [1783275979.625579759] [controller_server]: Control loop missed its desired rate of 20.0000Hz
[controller_server-1] [INFO] [1783275980.542792872] [controller_server]: Passing new path to controller.
[controller_server-1] [ERROR] [1783275980.645600758] [transformPoseInTargetFrame]: Extrapolation Error looking up target frame: Lookup would require extrapolation into the future.  Requested time 2738.692000 but the latest data is at time 2738.642000, when looking up transform from frame [map] to frame [leo1/base_link]
[controller_server-1] 
[controller_server-1] [WARN] [1783275980.646659433] [controller_server]: Control loop missed its desired rate of 20.0000Hz
[controller_server-1] [INFO] [1783275981.575686821] [controller_server]: Passing new path to controller.
[controller_server-1] [ERROR] [1783275981.678358959] [transformPoseInTargetFrame]: Extrapolation Error looking up target frame: Lookup would require extrapolation into the future.  Requested time 2739.689000 but the latest data is at time 2739.642000, when looking up transform from frame [map] to frame [leo1/base_link]
[controller_server-1] 
[controller_server-1] [WARN] [1783275981.679725573] [controller_server]: Control loop missed its desired rate of 20.0000Hz
[controller_server-1] [INFO] [1783275982.601632630] [controller_server]: Passing new path to controller.
[controller_server-1] [ERROR] [1783275982.704606483] [transformPoseInTargetFrame]: Extrapolation Error looking up target frame: Lookup would require extrapolation into the future.  Requested time 2740.694000 but the latest data is at time 2740.642000, when looking up transform from frame [map] to frame [leo1/base_link]
[controller_server-1] 
[controller_server-1] [WARN] [1783275982.705282451] [controller_server]: Control loop missed its desired rate of 20.0000Hz
[controller_server-1] [INFO] [1783275983.629833423] [controller_server]: Passing new path to controller.
[controller_server-1] [ERROR] [1783275983.732561568] [transformPoseInTargetFrame]: Extrapolation Error looking up target frame: Lookup would require extrapolation into the future.  Requested time 2741.682000 but the latest data is at time 2741.642000, when looking up transform from frame [map] to frame [leo1/base_link]
[controller_server-1] 
[controller_server-1] [WARN] [1783275983.733687370] [controller_server]: Control loop missed its desired rate of 20.0000Hz
[controller_server-1] [INFO] [1783275984.652594526] [controller_server]: Passing new path to controller.
[controller_server-1] [ERROR] [1783275984.755350959] [transformPoseInTargetFrame]: Extrapolation Error looking up target frame: Lookup would require extrapolation into the future.  Requested time 2742.664000 but the latest data is at time 2742.642000, when looking up transform from frame [map] to frame [leo1/base_link]
[controller_server-1] 
[controller_server-1] [WARN] [1783275984.756111085] [controller_server]: Control loop missed its desired rate of 20.0000Hz
[controller_server-1] [INFO] [1783275985.683793362] [controller_server]: Passing new path to controller.
[controller_server-1] [ERROR] [1783275985.786222126] [transformPoseInTargetFrame]: Extrapolation Error looking up target frame: Lookup would require extrapolation into the future.  Requested time 2743.650000 but the latest data is at time 2743.642000, when looking up transform from frame [map] to frame [leo1/base_link]
[controller_server-1] 
[controller_server-1] [WARN] [1783275985.786879944] [controller_server]: Control loop missed its desired rate of 20.0000Hz
[controller_server-1] [INFO] [1783275986.705830662] [controller_server]: Passing new path to controller.
[controller_server-1] [INFO] [1783275987.737013362] [controller_server]: Passing new path to controller.
[controller_server-1] [INFO] [1783275988.787017089] [controller_server]: Passing new path to controller.
[controller_server-1] [INFO] [1783275989.837000894] [controller_server]: Passing new path to controller.
[controller_server-1] [INFO] [1783275990.837011906] [controller_server]: Passing new path to controller.
[controller_server-1] [WARN] [1783275990.891414074] [controller_server]: Control loop missed its desired rate of 20.0000Hz
[controller_server-1] [INFO] [1783275991.886987118] [controller_server]: Passing new path to controller.
[controller_server-1] [INFO] [1783275992.886986305] [controller_server]: Passing new path to controller.
[controller_server-1] [WARN] [1783275992.949041706] [controller_server]: Control loop missed its desired rate of 20.0000Hz
[controller_server-1] [INFO] [1783275993.943275134] [controller_server]: Passing new path to controller.
[controller_server-1] [WARN] [1783275994.015517182] [controller_server]: Control loop missed its desired rate of 20.0000Hz
[controller_server-1] [INFO] [1783275994.943283102] [controller_server]: Passing new path to controller.
[controller_server-1] [ERROR] [1783275995.046316130] [transformPoseInTargetFrame]: Extrapolation Error looking up target frame: Lookup would require extrapolation into the future.  Requested time 2752.501000 but the latest data is at time 2752.442000, when looking up transform from frame [map] to frame [leo1/base_link]
[controller_server-1] 
[controller_server-1] [WARN] [1783275995.046704704] [controller_server]: Control loop missed its desired rate of 20.0000Hz
[controller_server-1] [INFO] [1783275996.008851782] [controller_server]: Passing new path to controller.
[controller_server-1] [WARN] [1783275996.101808121] [controller_server]: Control loop missed its desired rate of 20.0000Hz
[controller_server-1] [INFO] [1783275996.996821771] [controller_server]: Passing new path to controller.
[controller_server-1] [ERROR] [1783275997.099576943] [transformPoseInTargetFrame]: Extrapolation Error looking up target frame: Lookup would require extrapolation into the future.  Requested time 2754.449000 but the latest data is at time 2754.442000, when looking up transform from frame [map] to frame [leo1/base_link]
[controller_server-1] 
[controller_server-1] [WARN] [1783275997.099955694] [controller_server]: Control loop missed its desired rate of 20.0000Hz
[controller_server-1] [INFO] [1783275998.058087346] [controller_server]: Passing new path to controller.
[controller_server-1] [INFO] [1783275999.066574909] [controller_server]: Passing new path to controller.
[controller_server-1] [INFO] [1783276000.125182842] [controller_server]: Passing new path to controller.
[controller_server-1] [INFO] [1783276001.133396545] [controller_server]: Passing new path to controller.
[controller_server-1] [INFO] [1783276002.191874878] [controller_server]: Passing new path to controller.
[controller_server-1] [INFO] [1783276003.200061637] [controller_server]: Passing new path to controller.
[controller_server-1] [INFO] [1783276004.250067347] [controller_server]: Passing new path to controller.
[controller_server-1] [INFO] [1783276005.250087591] [controller_server]: Passing new path to controller.
[controller_server-1] [INFO] [1783276006.300074854] [controller_server]: Passing new path to controller.
[controller_server-1] [INFO] [1783276007.300035283] [controller_server]: Passing new path to controller.
[controller_server-1] [INFO] [1783276008.350052448] [controller_server]: Passing new path to controller.
[controller_server-1] [INFO] [1783276009.350046207] [controller_server]: Passing new path to controller.
[controller_server-1] [INFO] [1783276010.400071917] [controller_server]: Passing new path to controller.
[controller_server-1] [INFO] [1783276011.450039635] [controller_server]: Passing new path to controller.
[controller_server-1] [INFO] [1783276012.450077546] [controller_server]: Passing new path to controller.
[controller_server-1] [INFO] [1783276013.500045709] [controller_server]: Passing new path to controller.
[controller_server-1] [INFO] [1783276014.500073528] [controller_server]: Passing new path to controller.
[controller_server-1] [INFO] [1783276015.550080449] [controller_server]: Passing new path to controller.
[controller_server-1] [INFO] [1783276016.550065529] [controller_server]: Passing new path to controller.
[controller_server-1] [INFO] [1783276017.600085625] [controller_server]: Passing new path to controller.
[controller_server-1] [INFO] [1783276018.650070239] [controller_server]: Passing new path to controller.
[controller_server-1] [INFO] [1783276019.650064172] [controller_server]: Passing new path to controller.
[controller_server-1] [INFO] [1783276020.700070934] [controller_server]: Passing new path to controller.
[controller_server-1] [INFO] [1783276021.700038898] [controller_server]: Passing new path to controller.
[controller_server-1] [INFO] [1783276022.750083388] [controller_server]: Passing new path to controller.
[controller_server-1] [ERROR] [1783276023.100147512] [controller_server]: Failed to make progress
[controller_server-1] [WARN] [1783276023.100344888] [controller_server]: [follow_path] [ActionServer] Aborting handle.
[controller_server-1] [INFO] [1783276023.115483666] [local_costmap.local_costmap]: Received request to clear entirely the local_costmap
[controller_server-1] [INFO] [1783276023.116975492] [controller_server]: Received a goal, begin computing control effort.
[controller_server-1] [WARN] [1783276023.247487466] [controller_server]: Control loop missed its desired rate of 20.0000Hz
[controller_server-1] [INFO] [1783276023.806899043] [controller_server]: Passing new path to controller.
[controller_server-1] [INFO] [1783276024.815559584] [controller_server]: Passing new path to controller.
[controller_server-1] [INFO] [1783276025.823630618] [controller_server]: Passing new path to controller.
[controller_server-1] [INFO] [1783276026.882404375] [controller_server]: Passing new path to controller.
[controller_server-1] [INFO] [1783276027.890873112] [controller_server]: Passing new path to controller.
[controller_server-1] [INFO] [1783276028.950678252] [controller_server]: Passing new path to controller.
[controller_server-1] [INFO] [1783276029.953276238] [controller_server]: Passing new path to controller.
[controller_server-1] [INFO] [1783276031.003291061] [controller_server]: Passing new path to controller.
[controller_server-1] [INFO] [1783276031.278752943] [local_costmap.local_costmap]: Received request to clear entirely the local_costmap
[planner_server-2] [INFO] [1783276031.278789323] [global_costmap.global_costmap]: Received request to clear entirely the global_costmap
[controller_server-1] [WARN] [1783276031.453708353] [controller_server]: Control loop missed its desired rate of 20.0000Hz
[controller_server-1] [INFO] [1783276032.007985354] [controller_server]: Passing new path to controller.
[controller_server-1] [INFO] [1783276033.067074742] [controller_server]: Passing new path to controller.
[controller_server-1] [INFO] [1783276034.074370995] [controller_server]: Passing new path to controller.
[controller_server-1] [INFO] [1783276035.083360478] [controller_server]: Passing new path to controller.
[controller_server-1] [INFO] [1783276036.141787068] [controller_server]: Passing new path to controller.
[controller_server-1] [INFO] [1783276037.150599454] [controller_server]: Passing new path to controller.
[controller_server-1] [INFO] [1783276038.203825242] [controller_server]: Passing new path to controller.
[controller_server-1] [ERROR] [1783276038.553846909] [controller_server]: Failed to make progress
[controller_server-1] [WARN] [1783276038.553948081] [controller_server]: [follow_path] [ActionServer] Aborting handle.
[controller_server-1] [INFO] [1783276038.571224687] [local_costmap.local_costmap]: Received request to clear entirely the local_costmap
[planner_server-2] [INFO] [1783276038.575614973] [global_costmap.global_costmap]: Received request to clear entirely the global_costmap
[controller_server-1] [INFO] [1783276038.792685053] [controller_server]: Received a goal, begin computing control effort.
[controller_server-1] [INFO] [1783276039.842885310] [controller_server]: Passing new path to controller.
[controller_server-1] [INFO] [1783276040.892901407] [controller_server]: Passing new path to controller.
[controller_server-1] [INFO] [1783276041.892914647] [controller_server]: Passing new path to controller.
[controller_server-1] [INFO] [1783276042.942923479] [controller_server]: Passing new path to controller.
[controller_server-1] [INFO] [1783276043.942916576] [controller_server]: Passing new path to controller.
[controller_server-1] [INFO] [1783276044.992914768] [controller_server]: Passing new path to controller.
[controller_server-1] [INFO] [1783276045.992932068] [controller_server]: Passing new path to controller.
[controller_server-1] [INFO] [1783276047.042913422] [controller_server]: Passing new path to controller.
[controller_server-1] [INFO] [1783276048.092915301] [controller_server]: Passing new path to controller.
[controller_server-1] [INFO] [1783276049.092903841] [controller_server]: Passing new path to controller.
[controller_server-1] [INFO] [1783276050.142900722] [controller_server]: Passing new path to controller.
[controller_server-1] [INFO] [1783276051.142920746] [controller_server]: Passing new path to controller.
[controller_server-1] [INFO] [1783276052.192908463] [controller_server]: Passing new path to controller.
[controller_server-1] [INFO] [1783276053.242923876] [controller_server]: Passing new path to controller.
[controller_server-1] [ERROR] [1783276054.048819409] [controller_server]: Failed to make progress
[controller_server-1] [WARN] [1783276054.048937031] [controller_server]: [follow_path] [ActionServer] Aborting handle.
[controller_server-1] [INFO] [1783276054.067078609] [local_costmap.local_costmap]: Received request to clear entirely the local_costmap
[controller_server-1] [INFO] [1783276054.068454256] [controller_server]: Received a goal, begin computing control effort.
[controller_server-1] [INFO] [1783276054.258674228] [controller_server]: Passing new path to controller.
[controller_server-1] [WARN] [1783276054.259624758] [controller_server]: Control loop missed its desired rate of 20.0000Hz
[controller_server-1] [INFO] [1783276055.266909680] [controller_server]: Passing new path to controller.
[controller_server-1] [INFO] [1783276056.324931838] [controller_server]: Passing new path to controller.
[controller_server-1] [INFO] [1783276057.334942703] [controller_server]: Passing new path to controller.
[controller_server-1] [INFO] [1783276058.393361124] [controller_server]: Passing new path to controller.
[controller_server-1] [INFO] [1783276059.401631625] [controller_server]: Passing new path to controller.
[controller_server-1] [INFO] [1783276060.409737750] [controller_server]: Passing new path to controller.
[controller_server-1] [INFO] [1783276061.459711739] [controller_server]: Passing new path to controller.
[controller_server-1] [INFO] [1783276062.509719078] [controller_server]: Passing new path to controller.
[controller_server-1] [INFO] [1783276063.509733628] [controller_server]: Passing new path to controller.
[controller_server-1] [INFO] [1783276064.559751764] [controller_server]: Passing new path to controller.
[controller_server-1] [INFO] [1783276065.559723704] [controller_server]: Passing new path to controller.
[controller_server-1] [INFO] [1783276066.609770669] [controller_server]: Passing new path to controller.
[controller_server-1] [INFO] [1783276067.659735828] [controller_server]: Passing new path to controller.
[controller_server-1] [INFO] [1783276067.959747934] [controller_server]: Goal was canceled. Stopping the robot.
[controller_server-1] [INFO] [1783276067.959800358] [controller_server]: [follow_path] [ActionServer] Client requested to cancel the goal. Cancelling.
[bt_navigator-4] [INFO] [1783276067.959979509] [bt_navigator]: [navigate_to_pose] [ActionServer] Client requested to cancel the goal. Cancelling.
[bt_navigator-4] [INFO] [1783276067.960816172] [bt_navigator]: Goal canceled
[bt_navigator-4] [INFO] [1783276073.568710169] [bt_navigator]: Begin navigating from current location (0.39, 6.16) to (2.19, 3.01)
[controller_server-1] [INFO] [1783276073.590148068] [controller_server]: Received a goal, begin computing control effort.
[controller_server-1] [WARN] [1783276073.651440041] [controller_server]: Control loop missed its desired rate of 20.0000Hz
[controller_server-1] [ERROR] [1783276073.791834616] [transformPoseInTargetFrame]: Extrapolation Error looking up target frame: Lookup would require extrapolation into the future.  Requested time 2829.670000 but the latest data is at time 2829.642000, when looking up transform from frame [map] to frame [leo1/base_link]
[controller_server-1] 
[controller_server-1] [WARN] [1783276073.792957044] [controller_server]: Control loop missed its desired rate of 20.0000Hz
[controller_server-1] [INFO] [1783276074.659043921] [controller_server]: Passing new path to controller.
[controller_server-1] [ERROR] [1783276074.821798000] [transformPoseInTargetFrame]: Extrapolation Error looking up target frame: Lookup would require extrapolation into the future.  Requested time 2830.673000 but the latest data is at time 2830.642000, when looking up transform from frame [map] to frame [leo1/base_link]
[controller_server-1] 
[controller_server-1] [WARN] [1783276074.822429646] [controller_server]: Control loop missed its desired rate of 20.0000Hz
[controller_server-1] [INFO] [1783276075.693080220] [controller_server]: Passing new path to controller.
[controller_server-1] [ERROR] [1783276075.844694413] [transformPoseInTargetFrame]: Extrapolation Error looking up target frame: Lookup would require extrapolation into the future.  Requested time 2831.677000 but the latest data is at time 2831.642000, when looking up transform from frame [map] to frame [leo1/base_link]
[controller_server-1] 
[controller_server-1] [WARN] [1783276075.845959905] [controller_server]: Control loop missed its desired rate of 20.0000Hz
[controller_server-1] [INFO] [1783276076.712557755] [controller_server]: Passing new path to controller.
[controller_server-1] [ERROR] [1783276076.886404408] [transformPoseInTargetFrame]: Extrapolation Error looking up target frame: Lookup would require extrapolation into the future.  Requested time 2832.697000 but the latest data is at time 2832.642000, when looking up transform from frame [map] to frame [leo1/base_link]
[controller_server-1] 
[controller_server-1] [WARN] [1783276076.887079251] [controller_server]: Control loop missed its desired rate of 20.0000Hz
[controller_server-1] [INFO] [1783276077.746069602] [controller_server]: Passing new path to controller.
[controller_server-1] [ERROR] [1783276077.897402335] [transformPoseInTargetFrame]: Extrapolation Error looking up target frame: Lookup would require extrapolation into the future.  Requested time 2833.684000 but the latest data is at time 2833.642000, when looking up transform from frame [map] to frame [leo1/base_link]
[controller_server-1] 
[controller_server-1] [WARN] [1783276077.898535393] [controller_server]: Control loop missed its desired rate of 20.0000Hz
[controller_server-1] [INFO] [1783276078.767665500] [controller_server]: Passing new path to controller.
[controller_server-1] [ERROR] [1783276078.870243483] [transformPoseInTargetFrame]: Extrapolation Error looking up target frame: Lookup would require extrapolation into the future.  Requested time 2834.644000 but the latest data is at time 2834.642000, when looking up transform from frame [map] to frame [leo1/base_link]
[controller_server-1] 
[controller_server-1] [WARN] [1783276078.870857552] [controller_server]: Control loop missed its desired rate of 20.0000Hz
[controller_server-1] [INFO] [1783276079.798604750] [controller_server]: Passing new path to controller.
[controller_server-1] [ERROR] [1783276079.900940969] [transformPoseInTargetFrame]: Extrapolation Error looking up target frame: Lookup would require extrapolation into the future.  Requested time 2835.653000 but the latest data is at time 2835.642000, when looking up transform from frame [map] to frame [leo1/base_link]
[controller_server-1] 
[controller_server-1] [WARN] [1783276079.902102767] [controller_server]: Control loop missed its desired rate of 20.0000Hz
[controller_server-1] [INFO] [1783276080.820989333] [controller_server]: Passing new path to controller.
[controller_server-1] [ERROR] [1783276080.994272611] [transformPoseInTargetFrame]: Extrapolation Error looking up target frame: Lookup would require extrapolation into the future.  Requested time 2836.713000 but the latest data is at time 2836.662000, when looking up transform from frame [map] to frame [leo1/base_link]
[controller_server-1] 
[controller_server-1] [WARN] [1783276080.995462406] [controller_server]: Control loop missed its desired rate of 20.0000Hz
[controller_server-1] [INFO] [1783276081.852841422] [controller_server]: Passing new path to controller.
[controller_server-1] [ERROR] [1783276082.003513058] [transformPoseInTargetFrame]: Extrapolation Error looking up target frame: Lookup would require extrapolation into the future.  Requested time 2837.685000 but the latest data is at time 2837.642000, when looking up transform from frame [map] to frame [leo1/base_link]
[controller_server-1] 
[controller_server-1] [WARN] [1783276082.004581826] [controller_server]: Control loop missed its desired rate of 20.0000Hz
[controller_server-1] [INFO] [1783276082.873708508] [controller_server]: Passing new path to controller.
[controller_server-1] [ERROR] [1783276082.976102650] [transformPoseInTargetFrame]: Extrapolation Error looking up target frame: Lookup would require extrapolation into the future.  Requested time 2838.644000 but the latest data is at time 2838.642000, when looking up transform from frame [map] to frame [leo1/base_link]
[controller_server-1] 
[controller_server-1] [WARN] [1783276082.976713811] [controller_server]: Control loop missed its desired rate of 20.0000Hz
[controller_server-1] [INFO] [1783276083.910303265] [controller_server]: Passing new path to controller.
[controller_server-1] [ERROR] [1783276084.012616252] [transformPoseInTargetFrame]: Extrapolation Error looking up target frame: Lookup would require extrapolation into the future.  Requested time 2839.659000 but the latest data is at time 2839.642000, when looking up transform from frame [map] to frame [leo1/base_link]
[controller_server-1] 
[controller_server-1] [WARN] [1783276084.013703494] [controller_server]: Control loop missed its desired rate of 20.0000Hz
[controller_server-1] [INFO] [1783276084.929964304] [controller_server]: Passing new path to controller.
[controller_server-1] [ERROR] [1783276085.032709962] [transformPoseInTargetFrame]: Extrapolation Error looking up target frame: Lookup would require extrapolation into the future.  Requested time 2840.662000 but the latest data is at time 2840.642000, when looking up transform from frame [map] to frame [leo1/base_link]
[controller_server-1] 
[controller_server-1] [WARN] [1783276085.033752169] [controller_server]: Control loop missed its desired rate of 20.0000Hz
[controller_server-1] [INFO] [1783276085.963813031] [controller_server]: Passing new path to controller.
[controller_server-1] [ERROR] [1783276086.066267348] [transformPoseInTargetFrame]: Extrapolation Error looking up target frame: Lookup would require extrapolation into the future.  Requested time 2841.683000 but the latest data is at time 2841.642000, when looking up transform from frame [map] to frame [leo1/base_link]
[controller_server-1] 
[controller_server-1] [WARN] [1783276086.067448336] [controller_server]: Control loop missed its desired rate of 20.0000Hz
[controller_server-1] [INFO] [1783276086.988437022] [controller_server]: Passing new path to controller.
[controller_server-1] [ERROR] [1783276087.091198692] [transformPoseInTargetFrame]: Extrapolation Error looking up target frame: Lookup would require extrapolation into the future.  Requested time 2842.686000 but the latest data is at time 2842.642000, when looking up transform from frame [map] to frame [leo1/base_link]
[controller_server-1] 
[controller_server-1] [WARN] [1783276087.091923785] [controller_server]: Control loop missed its desired rate of 20.0000Hz
[controller_server-1] [INFO] [1783276088.017558126] [controller_server]: Passing new path to controller.
[controller_server-1] [WARN] [1783276088.120308523] [controller_server]: Control loop missed its desired rate of 20.0000Hz
[controller_server-1] [ERROR] [1783276088.284162645] [transformPoseInTargetFrame]: Extrapolation Error looking up target frame: Lookup would require extrapolation into the future.  Requested time 2843.861000 but the latest data is at time 2843.842000, when looking up transform from frame [map] to frame [leo1/base_link]
[controller_server-1] 
[controller_server-1] [WARN] [1783276088.284724844] [controller_server]: Control loop missed its desired rate of 20.0000Hz
[controller_server-1] [INFO] [1783276089.070433127] [controller_server]: Passing new path to controller.
[controller_server-1] [WARN] [1783276089.142327372] [controller_server]: Control loop missed its desired rate of 20.0000Hz
[controller_server-1] [ERROR] [1783276089.321770333] [transformPoseInTargetFrame]: Extrapolation Error looking up target frame: Lookup would require extrapolation into the future.  Requested time 2844.883000 but the latest data is at time 2844.842000, when looking up transform from frame [map] to frame [leo1/base_link]
[controller_server-1] 
[controller_server-1] [WARN] [1783276089.323156301] [controller_server]: Control loop missed its desired rate of 20.0000Hz
[controller_server-1] [INFO] [1783276090.089082779] [controller_server]: Passing new path to controller.
[controller_server-1] [ERROR] [1783276090.324697872] [transformPoseInTargetFrame]: Extrapolation Error looking up target frame: Lookup would require extrapolation into the future.  Requested time 2845.868000 but the latest data is at time 2845.842000, when looking up transform from frame [map] to frame [leo1/base_link]
[controller_server-1] 
[controller_server-1] [WARN] [1783276090.325713282] [controller_server]: Control loop missed its desired rate of 20.0000Hz
[controller_server-1] [INFO] [1783276091.144610760] [controller_server]: Passing new path to controller.
[controller_server-1] [ERROR] [1783276091.387349990] [transformPoseInTargetFrame]: Extrapolation Error looking up target frame: Lookup would require extrapolation into the future.  Requested time 2846.879000 but the latest data is at time 2846.842000, when looking up transform from frame [map] to frame [leo1/base_link]
[controller_server-1] 
[controller_server-1] [WARN] [1783276091.388031061] [controller_server]: Control loop missed its desired rate of 20.0000Hz
[controller_server-1] [INFO] [1783276092.150713177] [controller_server]: Passing new path to controller.
[controller_server-1] [ERROR] [1783276092.389552006] [transformPoseInTargetFrame]: Extrapolation Error looking up target frame: Lookup would require extrapolation into the future.  Requested time 2847.877000 but the latest data is at time 2847.842000, when looking up transform from frame [map] to frame [leo1/base_link]
[controller_server-1] 
[controller_server-1] [WARN] [1783276092.390138954] [controller_server]: Control loop missed its desired rate of 20.0000Hz
[controller_server-1] [INFO] [1783276093.204926233] [controller_server]: Passing new path to controller.
[controller_server-1] [ERROR] [1783276093.391636782] [transformPoseInTargetFrame]: Extrapolation Error looking up target frame: Lookup would require extrapolation into the future.  Requested time 2848.863000 but the latest data is at time 2848.842000, when looking up transform from frame [map] to frame [leo1/base_link]
[controller_server-1] 
[controller_server-1] [WARN] [1783276093.392228720] [controller_server]: Control loop missed its desired rate of 20.0000Hz
[controller_server-1] [INFO] [1783276094.205808904] [controller_server]: Passing new path to controller.
[controller_server-1] [ERROR] [1783276094.393781915] [transformPoseInTargetFrame]: Extrapolation Error looking up target frame: Lookup would require extrapolation into the future.  Requested time 2849.860000 but the latest data is at time 2849.842000, when looking up transform from frame [map] to frame [leo1/base_link]
[controller_server-1] 
[controller_server-1] [WARN] [1783276094.394718959] [controller_server]: Control loop missed its desired rate of 20.0000Hz
[controller_server-1] [INFO] [1783276095.260009778] [controller_server]: Passing new path to controller.
[controller_server-1] [ERROR] [1783276095.423256134] [transformPoseInTargetFrame]: Extrapolation Error looking up target frame: Lookup would require extrapolation into the future.  Requested time 2850.876000 but the latest data is at time 2850.842000, when looking up transform from frame [map] to frame [leo1/base_link]
[controller_server-1] 
[controller_server-1] [WARN] [1783276095.423871144] [controller_server]: Control loop missed its desired rate of 20.0000Hz
[controller_server-1] [INFO] [1783276096.294798638] [controller_server]: Passing new path to controller.
[controller_server-1] [INFO] [1783276097.294880804] [controller_server]: Passing new path to controller.
[controller_server-1] [INFO] [1783276098.344825141] [controller_server]: Passing new path to controller.
[controller_server-1] [INFO] [1783276099.344856793] [controller_server]: Passing new path to controller.
[controller_server-1] [INFO] [1783276100.394804003] [controller_server]: Passing new path to controller.
[controller_server-1] [INFO] [1783276101.444822683] [controller_server]: Passing new path to controller.
[controller_server-1] [INFO] [1783276102.444846531] [controller_server]: Passing new path to controller.
[controller_server-1] [WARN] [1783276102.517137063] [controller_server]: Control loop missed its desired rate of 20.0000Hz
[controller_server-1] [INFO] [1783276103.494826725] [controller_server]: Passing new path to controller.
[controller_server-1] [WARN] [1783276103.547629480] [controller_server]: Control loop missed its desired rate of 20.0000Hz
[controller_server-1] [INFO] [1783276104.494870013] [controller_server]: Passing new path to controller.
[controller_server-1] [WARN] [1783276104.598362345] [controller_server]: Control loop missed its desired rate of 20.0000Hz
[controller_server-1] [INFO] [1783276105.561330302] [controller_server]: Passing new path to controller.
[controller_server-1] [INFO] [1783276106.548497618] [controller_server]: Passing new path to controller.
[controller_server-1] [ERROR] [1783276106.651234724] [transformPoseInTargetFrame]: Extrapolation Error looking up target frame: Lookup would require extrapolation into the future.  Requested time 2861.691000 but the latest data is at time 2861.642000, when looking up transform from frame [map] to frame [leo1/base_link]
[controller_server-1] 
[controller_server-1] [WARN] [1783276106.651683692] [controller_server]: Control loop missed its desired rate of 20.0000Hz
[controller_server-1] [INFO] [1783276107.613362600] [controller_server]: Passing new path to controller.
[controller_server-1] [ERROR] [1783276107.715488653] [transformPoseInTargetFrame]: Extrapolation Error looking up target frame: Lookup would require extrapolation into the future.  Requested time 2862.701000 but the latest data is at time 2862.642000, when looking up transform from frame [map] to frame [leo1/base_link]
[controller_server-1] 
[controller_server-1] [WARN] [1783276107.715887608] [controller_server]: Control loop missed its desired rate of 20.0000Hz
[controller_server-1] [INFO] [1783276108.651840302] [controller_server]: Passing new path to controller.
[controller_server-1] [ERROR] [1783276108.754413054] [transformPoseInTargetFrame]: Extrapolation Error looking up target frame: Lookup would require extrapolation into the future.  Requested time 2863.699000 but the latest data is at time 2863.642000, when looking up transform from frame [map] to frame [leo1/base_link]
[controller_server-1] 
[controller_server-1] [WARN] [1783276108.754837681] [controller_server]: Control loop missed its desired rate of 20.0000Hz
[controller_server-1] [INFO] [1783276109.664402317] [controller_server]: Passing new path to controller.
[controller_server-1] [INFO] [1783276110.421355827] [controller_server]: Reached the goal!
[bt_navigator-4] [INFO] [1783276110.454931113] [bt_navigator]: Goal succeeded
[bt_navigator-4] [INFO] [1783276114.389743321] [bt_navigator]: Begin navigating from current location (2.05, 3.20) to (3.01, -0.51)
[controller_server-1] [INFO] [1783276114.411458768] [controller_server]: Received a goal, begin computing control effort.
[controller_server-1] [WARN] [1783276114.513051681] [controller_server]: Control loop missed its desired rate of 20.0000Hz
[controller_server-1] [ERROR] [1783276114.686499389] [transformPoseInTargetFrame]: Extrapolation Error looking up target frame: Lookup would require extrapolation into the future.  Requested time 2869.473000 but the latest data is at time 2869.442000, when looking up transform from frame [map] to frame [leo1/base_link]
[controller_server-1] 
[controller_server-1] [WARN] [1783276114.687596146] [controller_server]: Control loop missed its desired rate of 20.0000Hz
[controller_server-1] [INFO] [1783276115.463155253] [controller_server]: Passing new path to controller.
[controller_server-1] [WARN] [1783276115.535665383] [controller_server]: Control loop missed its desired rate of 20.0000Hz
[controller_server-1] [ERROR] [1783276115.714459011] [transformPoseInTargetFrame]: Extrapolation Error looking up target frame: Lookup would require extrapolation into the future.  Requested time 2870.488000 but the latest data is at time 2870.442000, when looking up transform from frame [map] to frame [leo1/base_link]
[controller_server-1] 
[controller_server-1] [WARN] [1783276115.716226759] [controller_server]: Control loop missed its desired rate of 20.0000Hz
[controller_server-1] [INFO] [1783276116.491515996] [controller_server]: Passing new path to controller.
[controller_server-1] [ERROR] [1783276116.717699454] [transformPoseInTargetFrame]: Extrapolation Error looking up target frame: Lookup would require extrapolation into the future.  Requested time 2871.483000 but the latest data is at time 2871.442000, when looking up transform from frame [map] to frame [leo1/base_link]
[controller_server-1] 
[controller_server-1] [WARN] [1783276116.719103629] [controller_server]: Control loop missed its desired rate of 20.0000Hz
[controller_server-1] [INFO] [1783276117.547669491] [controller_server]: Passing new path to controller.
[controller_server-1] [INFO] [1783276118.569220125] [controller_server]: Passing new path to controller.
[controller_server-1] [WARN] [1783276118.622622207] [controller_server]: Control loop missed its desired rate of 20.0000Hz
[controller_server-1] [INFO] [1783276119.569264078] [controller_server]: Passing new path to controller.
[controller_server-1] [WARN] [1783276119.643503664] [controller_server]: Control loop missed its desired rate of 20.0000Hz
[controller_server-1] [INFO] [1783276120.619197462] [controller_server]: Passing new path to controller.
[controller_server-1] [WARN] [1783276120.692667341] [controller_server]: Control loop missed its desired rate of 20.0000Hz
[controller_server-1] [INFO] [1783276121.669241021] [controller_server]: Passing new path to controller.
[controller_server-1] [WARN] [1783276121.752882580] [controller_server]: Control loop missed its desired rate of 20.0000Hz
[controller_server-1] [INFO] [1783276122.669207759] [controller_server]: Passing new path to controller.
[controller_server-1] [ERROR] [1783276122.771366156] [transformPoseInTargetFrame]: Extrapolation Error looking up target frame: Lookup would require extrapolation into the future.  Requested time 2877.302000 but the latest data is at time 2877.242000, when looking up transform from frame [map] to frame [leo1/base_link]
[controller_server-1] 
[controller_server-1] [WARN] [1783276122.772940320] [controller_server]: Control loop missed its desired rate of 20.0000Hz
[controller_server-1] [INFO] [1783276123.703529307] [controller_server]: Passing new path to controller.
[controller_server-1] [ERROR] [1783276123.806229968] [transformPoseInTargetFrame]: Extrapolation Error looking up target frame: Lookup would require extrapolation into the future.  Requested time 2878.280000 but the latest data is at time 2878.242000, when looking up transform from frame [map] to frame [leo1/base_link]
[controller_server-1] 
[controller_server-1] [WARN] [1783276123.808237557] [controller_server]: Control loop missed its desired rate of 20.0000Hz
[controller_server-1] [INFO] [1783276124.723050787] [controller_server]: Passing new path to controller.
[controller_server-1] [ERROR] [1783276124.835944024] [transformPoseInTargetFrame]: Extrapolation Error looking up target frame: Lookup would require extrapolation into the future.  Requested time 2879.274000 but the latest data is at time 2879.242000, when looking up transform from frame [map] to frame [leo1/base_link]
[controller_server-1] 
[controller_server-1] [WARN] [1783276124.837844439] [controller_server]: Control loop missed its desired rate of 20.0000Hz
[controller_server-1] [INFO] [1783276125.761277981] [controller_server]: Passing new path to controller.
[controller_server-1] [ERROR] [1783276125.863869183] [transformPoseInTargetFrame]: Extrapolation Error looking up target frame: Lookup would require extrapolation into the future.  Requested time 2880.276000 but the latest data is at time 2880.242000, when looking up transform from frame [map] to frame [leo1/base_link]
[controller_server-1] 
[controller_server-1] [WARN] [1783276125.867615665] [controller_server]: Control loop missed its desired rate of 20.0000Hz
[controller_server-1] [INFO] [1783276126.787949567] [controller_server]: Passing new path to controller.
[controller_server-1] [ERROR] [1783276126.900456821] [transformPoseInTargetFrame]: Extrapolation Error looking up target frame: Lookup would require extrapolation into the future.  Requested time 2881.265000 but the latest data is at time 2881.242000, when looking up transform from frame [map] to frame [leo1/base_link]
[controller_server-1] 
[controller_server-1] [WARN] [1783276126.901996718] [controller_server]: Control loop missed its desired rate of 20.0000Hz
[controller_server-1] [INFO] [1783276127.830676565] [controller_server]: Passing new path to controller.
[controller_server-1] [ERROR] [1783276127.933136682] [transformPoseInTargetFrame]: Extrapolation Error looking up target frame: Lookup would require extrapolation into the future.  Requested time 2882.274000 but the latest data is at time 2882.242000, when looking up transform from frame [map] to frame [leo1/base_link]
[controller_server-1] 
[controller_server-1] [WARN] [1783276127.934097216] [controller_server]: Control loop missed its desired rate of 20.0000Hz
[controller_server-1] [INFO] [1783276128.852108939] [controller_server]: Passing new path to controller.
[controller_server-1] [ERROR] [1783276128.965003504] [transformPoseInTargetFrame]: Extrapolation Error looking up target frame: Lookup would require extrapolation into the future.  Requested time 2883.254000 but the latest data is at time 2883.242000, when looking up transform from frame [map] to frame [leo1/base_link]
[controller_server-1] 
[controller_server-1] [WARN] [1783276128.966007916] [controller_server]: Control loop missed its desired rate of 20.0000Hz
[controller_server-1] [INFO] [1783276129.888214509] [controller_server]: Passing new path to controller.
[controller_server-1] [INFO] [1783276130.916135684] [controller_server]: Passing new path to controller.
[controller_server-1] [INFO] [1783276131.966098539] [controller_server]: Passing new path to controller.
[controller_server-1] [INFO] [1783276132.966150531] [controller_server]: Passing new path to controller.
[controller_server-1] [WARN] [1783276133.069978348] [controller_server]: Control loop missed its desired rate of 20.0000Hz
[controller_server-1] [INFO] [1783276133.991376099] [controller_server]: Passing new path to controller.
[controller_server-1] [ERROR] [1783276134.094102915] [transformPoseInTargetFrame]: Extrapolation Error looking up target frame: Lookup would require extrapolation into the future.  Requested time 2888.098000 but the latest data is at time 2888.042000, when looking up transform from frame [map] to frame [leo1/base_link]
[controller_server-1] 
[controller_server-1] [WARN] [1783276134.095649375] [controller_server]: Control loop missed its desired rate of 20.0000Hz
[planner_server-2] [INFO] [1783276134.982268803] [global_costmap.global_costmap]: StaticLayer: Resizing costmap to 281 X 281 at 0.050000 m/pix
[controller_server-1] [INFO] [1783276135.020163190] [controller_server]: Passing new path to controller.
[controller_server-1] [ERROR] [1783276135.145270302] [transformPoseInTargetFrame]: Extrapolation Error looking up target frame: Lookup would require extrapolation into the future.  Requested time 2889.055000 but the latest data is at time 2889.042000, when looking up transform from frame [map] to frame [leo1/base_link]
[controller_server-1] 
[controller_server-1] [WARN] [1783276135.146030538] [controller_server]: Control loop missed its desired rate of 20.0000Hz
[planner_server-2] [INFO] [1783276135.982287054] [global_costmap.global_costmap]: StaticLayer: Resizing costmap to 281 X 281 at 0.050000 m/pix
[controller_server-1] [INFO] [1783276136.071459533] [controller_server]: Passing new path to controller.
[planner_server-2] [INFO] [1783276136.982274114] [global_costmap.global_costmap]: StaticLayer: Resizing costmap to 281 X 281 at 0.050000 m/pix
[controller_server-1] [INFO] [1783276137.096178146] [controller_server]: Passing new path to controller.
[planner_server-2] [INFO] [1783276137.982261771] [global_costmap.global_costmap]: StaticLayer: Resizing costmap to 281 X 281 at 0.050000 m/pix
[controller_server-1] [WARN] [1783276138.098276132] [controller_server]: Control loop missed its desired rate of 20.0000Hz
[controller_server-1] [INFO] [1783276138.153124625] [controller_server]: Passing new path to controller.
[planner_server-2] [INFO] [1783276138.982300199] [global_costmap.global_costmap]: StaticLayer: Resizing costmap to 281 X 281 at 0.050000 m/pix
[controller_server-1] [INFO] [1783276139.148383246] [controller_server]: Passing new path to controller.
[planner_server-2] [INFO] [1783276139.982224112] [global_costmap.global_costmap]: StaticLayer: Resizing costmap to 281 X 281 at 0.050000 m/pix
[controller_server-1] [INFO] [1783276140.198381478] [controller_server]: Passing new path to controller.
[controller_server-1] [WARN] [1783276141.203621680] [controller_server]: Control loop missed its desired rate of 20.0000Hz
[controller_server-1] [INFO] [1783276141.203707922] [controller_server]: Passing new path to controller.
[controller_server-1] [ERROR] [1783276141.337577123] [transformPoseInTargetFrame]: Extrapolation Error looking up target frame: Lookup would require extrapolation into the future.  Requested time 2894.648000 but the latest data is at time 2894.642000, when looking up transform from frame [map] to frame [leo1/base_link]
[controller_server-1] 
[controller_server-1] [WARN] [1783276141.338447785] [controller_server]: Control loop missed its desired rate of 20.0000Hz
[planner_server-2] [INFO] [1783276141.782239306] [global_costmap.global_costmap]: StaticLayer: Resizing costmap to 281 X 281 at 0.050000 m/pix
[controller_server-1] [INFO] [1783276142.254744823] [controller_server]: Passing new path to controller.
[controller_server-1] [INFO] [1783276143.288560930] [controller_server]: Passing new path to controller.
[controller_server-1] [INFO] [1783276144.296766164] [controller_server]: Passing new path to controller.
[controller_server-1] [WARN] [1783276144.359054866] [controller_server]: Control loop missed its desired rate of 20.0000Hz
[controller_server-1] [INFO] [1783276145.346773071] [controller_server]: Passing new path to controller.
[controller_server-1] [WARN] [1783276145.399067810] [controller_server]: Control loop missed its desired rate of 20.0000Hz
[controller_server-1] [INFO] [1783276146.346836510] [controller_server]: Passing new path to controller.
[controller_server-1] [WARN] [1783276146.481528737] [controller_server]: Control loop missed its desired rate of 20.0000Hz
[controller_server-1] [INFO] [1783276147.394785821] [controller_server]: Passing new path to controller.
[controller_server-1] [INFO] [1783276148.429523763] [controller_server]: Passing new path to controller.
[controller_server-1] [INFO] [1783276149.431614903] [controller_server]: Passing new path to controller.
[controller_server-1] [WARN] [1783276149.483412455] [controller_server]: Control loop missed its desired rate of 20.0000Hz
[controller_server-1] [INFO] [1783276150.481618770] [controller_server]: Passing new path to controller.
[controller_server-1] [INFO] [1783276151.531631382] [controller_server]: Passing new path to controller.
[controller_server-1] [INFO] [1783276152.531653376] [controller_server]: Passing new path to controller.
[controller_server-1] [INFO] [1783276153.581635155] [controller_server]: Passing new path to controller.
[controller_server-1] [INFO] [1783276153.631868398] [controller_server]: Reached the goal!
[bt_navigator-4] [INFO] [1783276153.668695110] [bt_navigator]: Goal succeeded
[bt_navigator-4] [INFO] [1783276156.186876300] [bt_navigator]: Begin navigating from current location (3.21, -0.63) to (-5.11, -4.72)
[controller_server-1] [INFO] [1783276156.208303355] [controller_server]: Received a goal, begin computing control effort.
[controller_server-1] [WARN] [1783276156.259393948] [controller_server]: Control loop missed its desired rate of 20.0000Hz
[controller_server-1] [ERROR] [1783276156.410035052] [transformPoseInTargetFrame]: Extrapolation Error looking up target frame: Lookup would require extrapolation into the future.  Requested time 2909.073000 but the latest data is at time 2909.042000, when looking up transform from frame [map] to frame [leo1/base_link]
[controller_server-1] 
[controller_server-1] [WARN] [1783276156.411738412] [controller_server]: Control loop missed its desired rate of 20.0000Hz
[controller_server-1] [INFO] [1783276157.285036874] [controller_server]: Passing new path to controller.
[controller_server-1] [ERROR] [1783276157.448089948] [transformPoseInTargetFrame]: Extrapolation Error looking up target frame: Lookup would require extrapolation into the future.  Requested time 2910.098000 but the latest data is at time 2910.042000, when looking up transform from frame [map] to frame [leo1/base_link]
[controller_server-1] 
[controller_server-1] [WARN] [1783276157.450277012] [controller_server]: Control loop missed its desired rate of 20.0000Hz
[controller_server-1] [INFO] [1783276158.311864375] [controller_server]: Passing new path to controller.
[controller_server-1] [ERROR] [1783276158.414539354] [transformPoseInTargetFrame]: Extrapolation Error looking up target frame: Lookup would require extrapolation into the future.  Requested time 2911.048000 but the latest data is at time 2911.042000, when looking up transform from frame [map] to frame [leo1/base_link]
[controller_server-1] 
[controller_server-1] [WARN] [1783276158.415665243] [controller_server]: Control loop missed its desired rate of 20.0000Hz
[controller_server-1] [INFO] [1783276159.341134554] [controller_server]: Passing new path to controller.
[controller_server-1] [ERROR] [1783276159.443546402] [transformPoseInTargetFrame]: Extrapolation Error looking up target frame: Lookup would require extrapolation into the future.  Requested time 2912.059000 but the latest data is at time 2912.042000, when looking up transform from frame [map] to frame [leo1/base_link]
[controller_server-1] 
[controller_server-1] [WARN] [1783276159.444480333] [controller_server]: Control loop missed its desired rate of 20.0000Hz
[controller_server-1] [INFO] [1783276160.365760764] [controller_server]: Passing new path to controller.
[controller_server-1] [ERROR] [1783276160.468052639] [transformPoseInTargetFrame]: Extrapolation Error looking up target frame: Lookup would require extrapolation into the future.  Requested time 2913.073000 but the latest data is at time 2913.042000, when looking up transform from frame [map] to frame [leo1/base_link]
[controller_server-1] 
[controller_server-1] [WARN] [1783276160.469202602] [controller_server]: Control loop missed its desired rate of 20.0000Hz
[controller_server-1] [INFO] [1783276161.394952792] [controller_server]: Passing new path to controller.
[controller_server-1] [ERROR] [1783276161.497302656] [transformPoseInTargetFrame]: Extrapolation Error looking up target frame: Lookup would require extrapolation into the future.  Requested time 2914.076000 but the latest data is at time 2914.042000, when looking up transform from frame [map] to frame [leo1/base_link]
[controller_server-1] 
[controller_server-1] [WARN] [1783276161.498588738] [controller_server]: Control loop missed its desired rate of 20.0000Hz
[controller_server-1] [INFO] [1783276162.419330929] [controller_server]: Passing new path to controller.
[controller_server-1] [ERROR] [1783276162.522304782] [transformPoseInTargetFrame]: Extrapolation Error looking up target frame: Lookup would require extrapolation into the future.  Requested time 2915.084000 but the latest data is at time 2915.042000, when looking up transform from frame [map] to frame [leo1/base_link]
[controller_server-1] 
[controller_server-1] [WARN] [1783276162.523189380] [controller_server]: Control loop missed its desired rate of 20.0000Hz
[controller_server-1] [INFO] [1783276163.448765715] [controller_server]: Passing new path to controller.
[controller_server-1] [ERROR] [1783276163.551309584] [transformPoseInTargetFrame]: Extrapolation Error looking up target frame: Lookup would require extrapolation into the future.  Requested time 2916.098000 but the latest data is at time 2916.042000, when looking up transform from frame [map] to frame [leo1/base_link]
[controller_server-1] 
[controller_server-1] [WARN] [1783276163.552304532] [controller_server]: Control loop missed its desired rate of 20.0000Hz
[controller_server-1] [INFO] [1783276164.473322300] [controller_server]: Passing new path to controller.
[controller_server-1] [WARN] [1783276164.575825202] [controller_server]: Control loop missed its desired rate of 20.0000Hz
[controller_server-1] [ERROR] [1783276164.737923137] [transformPoseInTargetFrame]: Extrapolation Error looking up target frame: Lookup would require extrapolation into the future.  Requested time 2917.259000 but the latest data is at time 2917.242000, when looking up transform from frame [map] to frame [leo1/base_link]
[controller_server-1] 
[controller_server-1] [WARN] [1783276164.738831066] [controller_server]: Control loop missed its desired rate of 20.0000Hz
[controller_server-1] [INFO] [1783276165.525941020] [controller_server]: Passing new path to controller.
[controller_server-1] [WARN] [1783276165.608329787] [controller_server]: Control loop missed its desired rate of 20.0000Hz
[controller_server-1] [ERROR] [1783276165.777351923] [transformPoseInTargetFrame]: Extrapolation Error looking up target frame: Lookup would require extrapolation into the future.  Requested time 2918.267000 but the latest data is at time 2918.242000, when looking up transform from frame [map] to frame [leo1/base_link]
[controller_server-1] 
[controller_server-1] [WARN] [1783276165.779068900] [controller_server]: Control loop missed its desired rate of 20.0000Hz
[controller_server-1] [INFO] [1783276166.549051936] [controller_server]: Passing new path to controller.
[controller_server-1] [WARN] [1783276166.641317738] [controller_server]: Control loop missed its desired rate of 20.0000Hz
[controller_server-1] [ERROR] [1783276166.780611195] [transformPoseInTargetFrame]: Extrapolation Error looking up target frame: Lookup would require extrapolation into the future.  Requested time 2919.254000 but the latest data is at time 2919.242000, when looking up transform from frame [map] to frame [leo1/base_link]
[controller_server-1] 
[controller_server-1] [WARN] [1783276166.781579393] [controller_server]: Control loop missed its desired rate of 20.0000Hz
[controller_server-1] [INFO] [1783276167.553315398] [controller_server]: Passing new path to controller.
[controller_server-1] [WARN] [1783276167.656092414] [controller_server]: Control loop missed its desired rate of 20.0000Hz
[controller_server-1] [ERROR] [1783276167.783253290] [transformPoseInTargetFrame]: Extrapolation Error looking up target frame: Lookup would require extrapolation into the future.  Requested time 2920.246000 but the latest data is at time 2920.242000, when looking up transform from frame [map] to frame [leo1/base_link]
[controller_server-1] 
[controller_server-1] [WARN] [1783276167.784654517] [controller_server]: Control loop missed its desired rate of 20.0000Hz
[controller_server-1] [INFO] [1783276168.606916853] [controller_server]: Passing new path to controller.
[controller_server-1] [WARN] [1783276168.692897755] [controller_server]: Control loop missed its desired rate of 20.0000Hz
[controller_server-1] [ERROR] [1783276168.806619501] [transformPoseInTargetFrame]: Extrapolation Error looking up target frame: Lookup would require extrapolation into the future.  Requested time 2921.244000 but the latest data is at time 2921.242000, when looking up transform from frame [map] to frame [leo1/base_link]
[controller_server-1] 
[controller_server-1] [WARN] [1783276168.807596442] [controller_server]: Control loop missed its desired rate of 20.0000Hz
[controller_server-1] [INFO] [1783276169.628311169] [controller_server]: Passing new path to controller.
[controller_server-1] [ERROR] [1783276169.859143569] [transformPoseInTargetFrame]: Extrapolation Error looking up target frame: Lookup would require extrapolation into the future.  Requested time 2922.286000 but the latest data is at time 2922.242000, when looking up transform from frame [map] to frame [leo1/base_link]
[controller_server-1] 
[controller_server-1] [WARN] [1783276169.860957475] [controller_server]: Control loop missed its desired rate of 20.0000Hz
[controller_server-1] [INFO] [1783276170.632121741] [controller_server]: Passing new path to controller.
[controller_server-1] [ERROR] [1783276170.862442605] [transformPoseInTargetFrame]: Extrapolation Error looking up target frame: Lookup would require extrapolation into the future.  Requested time 2923.275000 but the latest data is at time 2923.242000, when looking up transform from frame [map] to frame [leo1/base_link]
[controller_server-1] 
[controller_server-1] [WARN] [1783276170.864090925] [controller_server]: Control loop missed its desired rate of 20.0000Hz
[controller_server-1] [INFO] [1783276171.688344957] [controller_server]: Passing new path to controller.
[controller_server-1] [ERROR] [1783276171.865652493] [transformPoseInTargetFrame]: Extrapolation Error looking up target frame: Lookup would require extrapolation into the future.  Requested time 2924.245000 but the latest data is at time 2924.242000, when looking up transform from frame [map] to frame [leo1/base_link]
[controller_server-1] 
[controller_server-1] [WARN] [1783276171.866865352] [controller_server]: Control loop missed its desired rate of 20.0000Hz
[controller_server-1] [INFO] [1783276172.689323640] [controller_server]: Passing new path to controller.
[controller_server-1] [INFO] [1783276173.766993911] [controller_server]: Passing new path to controller.
[controller_server-1] [INFO] [1783276174.772315815] [controller_server]: Passing new path to controller.
[controller_server-1] [WARN] [1783276174.825354939] [controller_server]: Control loop missed its desired rate of 20.0000Hz
[controller_server-1] [INFO] [1783276175.822298929] [controller_server]: Passing new path to controller.
[controller_server-1] [INFO] [1783276176.822296273] [controller_server]: Passing new path to controller.
[controller_server-1] [WARN] [1783276176.907465235] [controller_server]: Control loop missed its desired rate of 20.0000Hz
[controller_server-1] [INFO] [1783276177.872286182] [controller_server]: Passing new path to controller.
[controller_server-1] [WARN] [1783276177.965543786] [controller_server]: Control loop missed its desired rate of 20.0000Hz
[controller_server-1] [INFO] [1783276178.872306317] [controller_server]: Passing new path to controller.
[controller_server-1] [WARN] [1783276178.975631793] [controller_server]: Control loop missed its desired rate of 20.0000Hz
[controller_server-1] [INFO] [1783276179.904248688] [controller_server]: Passing new path to controller.
[controller_server-1] [ERROR] [1783276180.006808854] [transformPoseInTargetFrame]: Extrapolation Error looking up target frame: Lookup would require extrapolation into the future.  Requested time 2932.100000 but the latest data is at time 2932.042000, when looking up transform from frame [map] to frame [leo1/base_link]
[controller_server-1] 
[controller_server-1] [WARN] [1783276180.007636953] [controller_server]: Control loop missed its desired rate of 20.0000Hz
[controller_server-1] [INFO] [1783276180.925739913] [controller_server]: Passing new path to controller.
[controller_server-1] [ERROR] [1783276181.028495093] [transformPoseInTargetFrame]: Extrapolation Error looking up target frame: Lookup would require extrapolation into the future.  Requested time 2933.079000 but the latest data is at time 2933.042000, when looking up transform from frame [map] to frame [leo1/base_link]
[controller_server-1] 
[controller_server-1] [WARN] [1783276181.030063352] [controller_server]: Control loop missed its desired rate of 20.0000Hz
[controller_server-1] [INFO] [1783276181.957972364] [controller_server]: Passing new path to controller.
[controller_server-1] [ERROR] [1783276182.060288844] [transformPoseInTargetFrame]: Extrapolation Error looking up target frame: Lookup would require extrapolation into the future.  Requested time 2934.075000 but the latest data is at time 2934.042000, when looking up transform from frame [map] to frame [leo1/base_link]
[controller_server-1] 
[controller_server-1] [WARN] [1783276182.061737443] [controller_server]: Control loop missed its desired rate of 20.0000Hz
[controller_server-1] [INFO] [1783276183.030164320] [controller_server]: Passing new path to controller.
[controller_server-1] [ERROR] [1783276183.132481027] [transformPoseInTargetFrame]: Extrapolation Error looking up target frame: Lookup would require extrapolation into the future.  Requested time 2935.114000 but the latest data is at time 2935.102000, when looking up transform from frame [map] to frame [leo1/base_link]
[controller_server-1] 
[controller_server-1] [WARN] [1783276183.134087985] [controller_server]: Control loop missed its desired rate of 20.0000Hz
[controller_server-1] [INFO] [1783276184.061257522] [controller_server]: Passing new path to controller.
[controller_server-1] [WARN] [1783276184.154638788] [controller_server]: Control loop missed its desired rate of 20.0000Hz
[controller_server-1] [INFO] [1783276185.084217512] [controller_server]: Passing new path to controller.
[controller_server-1] [WARN] [1783276185.178002186] [controller_server]: Control loop missed its desired rate of 20.0000Hz
[controller_server-1] [INFO] [1783276186.084166264] [controller_server]: Passing new path to controller.
[controller_server-1] [WARN] [1783276186.187837442] [controller_server]: Control loop missed its desired rate of 20.0000Hz
[controller_server-1] [INFO] [1783276187.109967312] [controller_server]: Passing new path to controller.
[controller_server-1] [WARN] [1783276187.203513854] [controller_server]: Control loop missed its desired rate of 20.0000Hz
[controller_server-1] [INFO] [1783276188.137931717] [controller_server]: Passing new path to controller.
[controller_server-1] [WARN] [1783276188.221103285] [controller_server]: Control loop missed its desired rate of 20.0000Hz
[controller_server-1] [INFO] [1783276189.187950567] [controller_server]: Passing new path to controller.
[controller_server-1] [WARN] [1783276189.240770812] [controller_server]: Control loop missed its desired rate of 20.0000Hz
[controller_server-1] [INFO] [1783276190.187937219] [controller_server]: Passing new path to controller.
[controller_server-1] [WARN] [1783276190.260532996] [controller_server]: Control loop missed its desired rate of 20.0000Hz
[controller_server-1] [INFO] [1783276191.237953330] [controller_server]: Passing new path to controller.
[controller_server-1] [WARN] [1783276191.301393567] [controller_server]: Control loop missed its desired rate of 20.0000Hz
[controller_server-1] [INFO] [1783276192.287936574] [controller_server]: Passing new path to controller.
[planner_server-2] [INFO] [1783276192.795767762] [global_costmap.global_costmap]: StaticLayer: Resizing costmap to 281 X 281 at 0.050000 m/pix
[controller_server-1] [INFO] [1783276193.287934258] [controller_server]: Passing new path to controller.
[controller_server-1] [INFO] [1783276194.337915003] [controller_server]: Passing new path to controller.
[controller_server-1] [WARN] [1783276194.390329581] [controller_server]: Control loop missed its desired rate of 20.0000Hz
[controller_server-1] [INFO] [1783276195.337943965] [controller_server]: Passing new path to controller.
[controller_server-1] [WARN] [1783276195.431599850] [controller_server]: Control loop missed its desired rate of 20.0000Hz
[controller_server-1] [INFO] [1783276196.387962084] [controller_server]: Passing new path to controller.
[controller_server-1] [WARN] [1783276196.471882831] [controller_server]: Control loop missed its desired rate of 20.0000Hz
[controller_server-1] [INFO] [1783276197.437944075] [controller_server]: Passing new path to controller.
[controller_server-1] [WARN] [1783276197.520696174] [controller_server]: Control loop missed its desired rate of 20.0000Hz
[controller_server-1] [INFO] [1783276198.437950889] [controller_server]: Passing new path to controller.
[controller_server-1] [ERROR] [1783276198.540625288] [transformPoseInTargetFrame]: Extrapolation Error looking up target frame: Lookup would require extrapolation into the future.  Requested time 2950.099000 but the latest data is at time 2950.042000, when looking up transform from frame [map] to frame [leo1/base_link]
[controller_server-1] 
[controller_server-1] [WARN] [1783276198.542196953] [controller_server]: Control loop missed its desired rate of 20.0000Hz
[controller_server-1] [INFO] [1783276199.468964837] [controller_server]: Passing new path to controller.
[controller_server-1] [ERROR] [1783276199.581775477] [transformPoseInTargetFrame]: Extrapolation Error looking up target frame: Lookup would require extrapolation into the future.  Requested time 2951.078000 but the latest data is at time 2951.042000, when looking up transform from frame [map] to frame [leo1/base_link]
[controller_server-1] 
[controller_server-1] [WARN] [1783276199.582734797] [controller_server]: Control loop missed its desired rate of 20.0000Hz
[controller_server-1] [INFO] [1783276200.492312891] [controller_server]: Passing new path to controller.
[controller_server-1] [ERROR] [1783276200.595423099] [transformPoseInTargetFrame]: Extrapolation Error looking up target frame: Lookup would require extrapolation into the future.  Requested time 2952.055000 but the latest data is at time 2952.042000, when looking up transform from frame [map] to frame [leo1/base_link]
[controller_server-1] 
[controller_server-1] [WARN] [1783276200.596255847] [controller_server]: Control loop missed its desired rate of 20.0000Hz
[controller_server-1] [INFO] [1783276201.517295710] [controller_server]: Passing new path to controller.
[controller_server-1] [INFO] [1783276202.546344361] [controller_server]: Passing new path to controller.
[controller_server-1] [INFO] [1783276203.596363411] [controller_server]: Passing new path to controller.
[controller_server-1] [INFO] [1783276204.602209262] [controller_server]: Passing new path to controller.
[controller_server-1] [WARN] [1783276204.675230405] [controller_server]: Control loop missed its desired rate of 20.0000Hz
[controller_server-1] [INFO] [1783276205.652179018] [controller_server]: Passing new path to controller.
[controller_server-1] [WARN] [1783276205.725491864] [controller_server]: Control loop missed its desired rate of 20.0000Hz
[controller_server-1] [INFO] [1783276206.702184973] [controller_server]: Passing new path to controller.
[controller_server-1] [WARN] [1783276206.765128269] [controller_server]: Control loop missed its desired rate of 20.0000Hz
[controller_server-1] [INFO] [1783276207.702197370] [controller_server]: Passing new path to controller.
[controller_server-1] [WARN] [1783276207.805431643] [controller_server]: Control loop missed its desired rate of 20.0000Hz
[controller_server-1] [INFO] [1783276208.719874159] [controller_server]: Passing new path to controller.
[controller_server-1] [WARN] [1783276208.833029579] [controller_server]: Control loop missed its desired rate of 20.0000Hz
[controller_server-1] [INFO] [1783276209.755544558] [controller_server]: Passing new path to controller.
[controller_server-1] [ERROR] [1783276209.858227871] [transformPoseInTargetFrame]: Extrapolation Error looking up target frame: Lookup would require extrapolation into the future.  Requested time 2960.882000 but the latest data is at time 2960.842000, when looking up transform from frame [map] to frame [leo1/base_link]
[controller_server-1] 
[controller_server-1] [WARN] [1783276209.859118340] [controller_server]: Control loop missed its desired rate of 20.0000Hz
[controller_server-1] [INFO] [1783276210.771635779] [controller_server]: Passing new path to controller.
[controller_server-1] [ERROR] [1783276210.894520558] [transformPoseInTargetFrame]: Extrapolation Error looking up target frame: Lookup would require extrapolation into the future.  Requested time 2961.865000 but the latest data is at time 2961.842000, when looking up transform from frame [map] to frame [leo1/base_link]
[controller_server-1] 
[controller_server-1] [WARN] [1783276210.895385800] [controller_server]: Control loop missed its desired rate of 20.0000Hz
[controller_server-1] [INFO] [1783276211.809229299] [controller_server]: Passing new path to controller.
[controller_server-1] [INFO] [1783276212.859242671] [controller_server]: Passing new path to controller.
[controller_server-1] [INFO] [1783276213.909206301] [controller_server]: Passing new path to controller.
[controller_server-1] [ERROR] [1783276214.011443147] [transformPoseInTargetFrame]: Extrapolation Error looking up target frame: Lookup would require extrapolation into the future.  Requested time 2964.846000 but the latest data is at time 2964.842000, when looking up transform from frame [map] to frame [leo1/base_link]
[controller_server-1] 
[controller_server-1] [WARN] [1783276214.011774021] [controller_server]: Control loop missed its desired rate of 20.0000Hz
[controller_server-1] [INFO] [1783276214.920902569] [controller_server]: Passing new path to controller.
[controller_server-1] [INFO] [1783276215.951913466] [controller_server]: Passing new path to controller.
[controller_server-1] [INFO] [1783276216.961905820] [controller_server]: Passing new path to controller.
[controller_server-1] [INFO] [1783276218.011912841] [controller_server]: Passing new path to controller.
[controller_server-1] [INFO] [1783276219.011891959] [controller_server]: Passing new path to controller.
[controller_server-1] [INFO] [1783276220.061877781] [controller_server]: Passing new path to controller.
[controller_server-1] [INFO] [1783276221.111858179] [controller_server]: Passing new path to controller.
[controller_server-1] [INFO] [1783276222.111890020] [controller_server]: Passing new path to controller.
[controller_server-1] [INFO] [1783276223.161874583] [controller_server]: Passing new path to controller.
[controller_server-1] [INFO] [1783276224.161908906] [controller_server]: Passing new path to controller.
[controller_server-1] [INFO] [1783276225.211860895] [controller_server]: Passing new path to controller.
[controller_server-1] [INFO] [1783276226.211882260] [controller_server]: Passing new path to controller.
[controller_server-1] [INFO] [1783276227.261871293] [controller_server]: Passing new path to controller.
[controller_server-1] [INFO] [1783276228.261878862] [controller_server]: Passing new path to controller.
[controller_server-1] [INFO] [1783276229.311857762] [controller_server]: Passing new path to controller.
[controller_server-1] [INFO] [1783276230.361874703] [controller_server]: Passing new path to controller.
[controller_server-1] [INFO] [1783276231.361868007] [controller_server]: Passing new path to controller.
[controller_server-1] [INFO] [1783276232.411859366] [controller_server]: Passing new path to controller.
[controller_server-1] [INFO] [1783276232.612160455] [controller_server]: Reached the goal!
[bt_navigator-4] [INFO] [1783276232.649529585] [bt_navigator]: Goal succeeded
[bt_navigator-4] [INFO] [1783276234.449823178] [bt_navigator]: Begin navigating from current location (-4.88, -4.61) to (-4.91, -5.35)
[controller_server-1] [INFO] [1783276234.471689113] [controller_server]: Received a goal, begin computing control effort.
[controller_server-1] [ERROR] [1783276234.573336624] [transformPoseInTargetFrame]: Extrapolation Error looking up target frame: Lookup would require extrapolation into the future.  Requested time 2985.056000 but the latest data is at time 2985.042000, when looking up transform from frame [map] to frame [leo1/base_link]
[controller_server-1] 
[controller_server-1] [WARN] [1783276234.573952032] [controller_server]: Control loop missed its desired rate of 20.0000Hz
[controller_server-1] [INFO] [1783276235.533934088] [controller_server]: Passing new path to controller.
[controller_server-1] [ERROR] [1783276235.636350865] [transformPoseInTargetFrame]: Extrapolation Error looking up target frame: Lookup would require extrapolation into the future.  Requested time 2986.105000 but the latest data is at time 2986.042000, when looking up transform from frame [map] to frame [leo1/base_link]
[controller_server-1] 
[controller_server-1] [WARN] [1783276235.636674784] [controller_server]: Control loop missed its desired rate of 20.0000Hz
[controller_server-1] [INFO] [1783276236.574062639] [controller_server]: Passing new path to controller.
[controller_server-1] [INFO] [1783276237.574550057] [controller_server]: Passing new path to controller.
[controller_server-1] [INFO] [1783276238.624062306] [controller_server]: Passing new path to controller.
[controller_server-1] [INFO] [1783276239.174298558] [controller_server]: Reached the goal!
[bt_navigator-4] [INFO] [1783276239.210647854] [bt_navigator]: Goal succeeded
[bt_navigator-4] [INFO] [1783276242.656482636] [bt_navigator]: Begin navigating from current location (-4.95, -5.11) to (-3.71, -6.36)
[controller_server-1] [INFO] [1783276242.678192234] [controller_server]: Received a goal, begin computing control effort.
[controller_server-1] [ERROR] [1783276242.779719496] [transformPoseInTargetFrame]: Extrapolation Error looking up target frame: Lookup would require extrapolation into the future.  Requested time 2993.115000 but the latest data is at time 2993.042000, when looking up transform from frame [map] to frame [leo1/base_link]
[controller_server-1] 
[controller_server-1] [WARN] [1783276242.780623548] [controller_server]: Control loop missed its desired rate of 20.0000Hz
[controller_server-1] [INFO] [1783276243.745091004] [controller_server]: Passing new path to controller.
[controller_server-1] [INFO] [1783276244.780717830] [controller_server]: Passing new path to controller.
[controller_server-1] [WARN] [1783276244.842985776] [controller_server]: Control loop missed its desired rate of 20.0000Hz
[controller_server-1] [INFO] [1783276245.780737123] [controller_server]: Passing new path to controller.
[controller_server-1] [ERROR] [1783276245.895524982] [transformPoseInTargetFrame]: Extrapolation Error looking up target frame: Lookup would require extrapolation into the future.  Requested time 2996.138000 but the latest data is at time 2996.042000, when looking up transform from frame [map] to frame [leo1/base_link]
[controller_server-1] 
[controller_server-1] [WARN] [1783276245.896073047] [controller_server]: Control loop missed its desired rate of 20.0000Hz
[controller_server-1] [INFO] [1783276246.805902118] [controller_server]: Passing new path to controller.
[controller_server-1] [ERROR] [1783276246.908309252] [transformPoseInTargetFrame]: Extrapolation Error looking up target frame: Lookup would require extrapolation into the future.  Requested time 2997.126000 but the latest data is at time 2997.062000, when looking up transform from frame [map] to frame [leo1/base_link]
[controller_server-1] 
[controller_server-1] [WARN] [1783276246.908949927] [controller_server]: Control loop missed its desired rate of 20.0000Hz
[controller_server-1] [INFO] [1783276247.846187517] [controller_server]: Passing new path to controller.
[controller_server-1] [WARN] [1783276247.928474879] [controller_server]: Control loop missed its desired rate of 20.0000Hz
[controller_server-1] [INFO] [1783276248.896164044] [controller_server]: Passing new path to controller.
[controller_server-1] [WARN] [1783276248.958191140] [controller_server]: Control loop missed its desired rate of 20.0000Hz
[controller_server-1] [INFO] [1783276249.896158032] [controller_server]: Passing new path to controller.
[controller_server-1] [WARN] [1783276249.958271472] [controller_server]: Control loop missed its desired rate of 20.0000Hz
[controller_server-1] [INFO] [1783276250.946152465] [controller_server]: Passing new path to controller.
[controller_server-1] [INFO] [1783276251.946177502] [controller_server]: Passing new path to controller.
[controller_server-1] [INFO] [1783276252.996180188] [controller_server]: Passing new path to controller.
[controller_server-1] [INFO] [1783276254.046160961] [controller_server]: Passing new path to controller.
[controller_server-1] [INFO] [1783276255.046184054] [controller_server]: Passing new path to controller.
[controller_server-1] [INFO] [1783276256.096207105] [controller_server]: Passing new path to controller.
[controller_server-1] [INFO] [1783276257.096219930] [controller_server]: Passing new path to controller.
[controller_server-1] [INFO] [1783276258.146191675] [controller_server]: Passing new path to controller.
[controller_server-1] [INFO] [1783276259.146165514] [controller_server]: Passing new path to controller.
[controller_server-1] [INFO] [1783276260.196173741] [controller_server]: Passing new path to controller.
[controller_server-1] [INFO] [1783276261.246185644] [controller_server]: Passing new path to controller.
[controller_server-1] [INFO] [1783276262.246165675] [controller_server]: Passing new path to controller.
[controller_server-1] [INFO] [1783276263.296183125] [controller_server]: Passing new path to controller.
[controller_server-1] [INFO] [1783276264.302169072] [controller_server]: Passing new path to controller.
[controller_server-1] [INFO] [1783276265.352178228] [controller_server]: Passing new path to controller.
[controller_server-1] [INFO] [1783276266.352159591] [controller_server]: Passing new path to controller.
[controller_server-1] [INFO] [1783276267.402211867] [controller_server]: Passing new path to controller.
[controller_server-1] [INFO] [1783276268.402170845] [controller_server]: Passing new path to controller.
[controller_server-1] [INFO] [1783276269.452155710] [controller_server]: Passing new path to controller.
[controller_server-1] [INFO] [1783276270.502162151] [controller_server]: Passing new path to controller.
[controller_server-1] [INFO] [1783276271.502157948] [controller_server]: Passing new path to controller.
[controller_server-1] [INFO] [1783276272.552263313] [controller_server]: Passing new path to controller.
[controller_server-1] [INFO] [1783276273.552192128] [controller_server]: Passing new path to controller.
[controller_server-1] [INFO] [1783276274.602199549] [controller_server]: Passing new path to controller.
[controller_server-1] [INFO] [1783276275.602140150] [controller_server]: Passing new path to controller.
[controller_server-1] [INFO] [1783276276.652177789] [controller_server]: Passing new path to controller.
[controller_server-1] [INFO] [1783276277.702192930] [controller_server]: Passing new path to controller.
[controller_server-1] [INFO] [1783276278.702180739] [controller_server]: Passing new path to controller.
[controller_server-1] [ERROR] [1783276279.552678443] [controller_server]: Failed to make progress
[controller_server-1] [WARN] [1783276279.552939085] [controller_server]: [follow_path] [ActionServer] Aborting handle.
[controller_server-1] [INFO] [1783276279.572872669] [local_costmap.local_costmap]: Received request to clear entirely the local_costmap
[controller_server-1] [INFO] [1783276279.574597898] [controller_server]: Received a goal, begin computing control effort.
[controller_server-1] [WARN] [1783276279.705014155] [controller_server]: Control loop missed its desired rate of 20.0000Hz
[controller_server-1] [INFO] [1783276279.755270842] [controller_server]: Passing new path to controller.
[controller_server-1] [INFO] [1783276280.766116544] [controller_server]: Passing new path to controller.
[controller_server-1] [INFO] [1783276281.775266636] [controller_server]: Passing new path to controller.
[controller_server-1] [INFO] [1783276282.835818321] [controller_server]: Passing new path to controller.
[controller_server-1] [INFO] [1783276283.849549064] [controller_server]: Passing new path to controller.
[controller_server-1] [INFO] [1783276284.905128489] [controller_server]: Passing new path to controller.
[controller_server-1] [INFO] [1783276285.905132861] [controller_server]: Passing new path to controller.
[controller_server-1] [INFO] [1783276286.755531932] [local_costmap.local_costmap]: Received request to clear entirely the local_costmap
[planner_server-2] [INFO] [1783276286.755587835] [global_costmap.global_costmap]: Received request to clear entirely the global_costmap
[controller_server-1] [WARN] [1783276286.905414274] [controller_server]: Control loop missed its desired rate of 20.0000Hz
[controller_server-1] [INFO] [1783276286.955728968] [controller_server]: Passing new path to controller.
[controller_server-1] [INFO] [1783276287.965273046] [controller_server]: Passing new path to controller.
[controller_server-1] [INFO] [1783276289.024645990] [controller_server]: Passing new path to controller.
[controller_server-1] [INFO] [1783276290.033261780] [controller_server]: Passing new path to controller.
[controller_server-1] [INFO] [1783276291.094599086] [controller_server]: Passing new path to controller.
[controller_server-1] [INFO] [1783276292.104521165] [controller_server]: Passing new path to controller.
[controller_server-1] [INFO] [1783276293.105539272] [controller_server]: Passing new path to controller.
[controller_server-1] [INFO] [1783276294.163761003] [controller_server]: Passing new path to controller.
[controller_server-1] [ERROR] [1783276295.113810708] [controller_server]: Failed to make progress
[controller_server-1] [WARN] [1783276295.113944041] [controller_server]: [follow_path] [ActionServer] Aborting handle.
[behavior_server-3] [INFO] [1783276295.131453555] [behavior_server]: Running spin
[behavior_server-3] [INFO] [1783276295.132349829] [behavior_server]: Turning 1.57 for spin behavior.
[behavior_server-3] [INFO] [1783276296.832633394] [behavior_server]: spin completed successfully
[controller_server-1] [INFO] [1783276296.882541606] [controller_server]: Received a goal, begin computing control effort.
[controller_server-1] [INFO] [1783276297.932758538] [controller_server]: Passing new path to controller.
[controller_server-1] [INFO] [1783276298.982760191] [controller_server]: Passing new path to controller.
[controller_server-1] [INFO] [1783276299.982791229] [controller_server]: Passing new path to controller.
[controller_server-1] [INFO] [1783276301.032812573] [controller_server]: Passing new path to controller.
[controller_server-1] [INFO] [1783276302.032776688] [controller_server]: Passing new path to controller.
[controller_server-1] [INFO] [1783276303.082791591] [controller_server]: Passing new path to controller.
[controller_server-1] [INFO] [1783276304.132799411] [controller_server]: Passing new path to controller.
[controller_server-1] [INFO] [1783276305.132793901] [controller_server]: Passing new path to controller.
[controller_server-1] [INFO] [1783276306.182858847] [controller_server]: Passing new path to controller.
[controller_server-1] [INFO] [1783276307.182748124] [controller_server]: Passing new path to controller.
[controller_server-1] [INFO] [1783276308.232784061] [controller_server]: Passing new path to controller.
[controller_server-1] [INFO] [1783276309.282794261] [controller_server]: Passing new path to controller.
[controller_server-1] [INFO] [1783276310.282785779] [controller_server]: Passing new path to controller.
[controller_server-1] [INFO] [1783276311.332762094] [controller_server]: Passing new path to controller.
[controller_server-1] [INFO] [1783276312.332780376] [controller_server]: Passing new path to controller.
[controller_server-1] [INFO] [1783276312.482939761] [controller_server]: Reached the goal!
[bt_navigator-4] [INFO] [1783276312.521455574] [bt_navigator]: Goal succeeded
[bt_navigator-4] [INFO] [1783276316.255687919] [bt_navigator]: Begin navigating from current location (-3.93, -6.27) to (-4.66, -1.86)
[controller_server-1] [INFO] [1783276316.277129184] [controller_server]: Received a goal, begin computing control effort.
[controller_server-1] [ERROR] [1783276316.478700379] [transformPoseInTargetFrame]: Extrapolation Error looking up target frame: Lookup would require extrapolation into the future.  Requested time 3065.080000 but the latest data is at time 3065.042000, when looking up transform from frame [map] to frame [leo1/base_link]
[controller_server-1] 
[controller_server-1] [WARN] [1783276316.479600221] [controller_server]: Control loop missed its desired rate of 20.0000Hz
[controller_server-1] [INFO] [1783276317.350902375] [controller_server]: Passing new path to controller.
[controller_server-1] [WARN] [1783276317.503664052] [controller_server]: Control loop missed its desired rate of 20.0000Hz
[controller_server-1] [ERROR] [1783276317.681171906] [transformPoseInTargetFrame]: Extrapolation Error looking up target frame: Lookup would require extrapolation into the future.  Requested time 3066.263000 but the latest data is at time 3066.242000, when looking up transform from frame [map] to frame [leo1/base_link]
[controller_server-1] 
[controller_server-1] [WARN] [1783276317.681944215] [controller_server]: Control loop missed its desired rate of 20.0000Hz
[controller_server-1] [INFO] [1783276318.345604133] [controller_server]: Passing new path to controller.
[controller_server-1] [ERROR] [1783276318.508526514] [transformPoseInTargetFrame]: Extrapolation Error looking up target frame: Lookup would require extrapolation into the future.  Requested time 3067.076000 but the latest data is at time 3067.042000, when looking up transform from frame [map] to frame [leo1/base_link]
[controller_server-1] 
[controller_server-1] [WARN] [1783276318.509299468] [controller_server]: Control loop missed its desired rate of 20.0000Hz
[controller_server-1] [INFO] [1783276319.382073105] [controller_server]: Passing new path to controller.
[controller_server-1] [ERROR] [1783276319.484917307] [transformPoseInTargetFrame]: Extrapolation Error looking up target frame: Lookup would require extrapolation into the future.  Requested time 3068.043000 but the latest data is at time 3068.042000, when looking up transform from frame [map] to frame [leo1/base_link]
[controller_server-1] 
[controller_server-1] [WARN] [1783276319.486368341] [controller_server]: Control loop missed its desired rate of 20.0000Hz
[controller_server-1] [INFO] [1783276320.409114174] [controller_server]: Passing new path to controller.
[controller_server-1] [ERROR] [1783276320.511949703] [transformPoseInTargetFrame]: Extrapolation Error looking up target frame: Lookup would require extrapolation into the future.  Requested time 3069.056000 but the latest data is at time 3069.042000, when looking up transform from frame [map] to frame [leo1/base_link]
[controller_server-1] 
[controller_server-1] [WARN] [1783276320.512743352] [controller_server]: Control loop missed its desired rate of 20.0000Hz
[controller_server-1] [INFO] [1783276321.436456142] [controller_server]: Passing new path to controller.
[controller_server-1] [ERROR] [1783276321.587973493] [transformPoseInTargetFrame]: Extrapolation Error looking up target frame: Lookup would require extrapolation into the future.  Requested time 3070.080000 but the latest data is at time 3070.042000, when looking up transform from frame [map] to frame [leo1/base_link]
[controller_server-1] 
[controller_server-1] [WARN] [1783276321.589254454] [controller_server]: Control loop missed its desired rate of 20.0000Hz
[controller_server-1] [INFO] [1783276322.465306783] [controller_server]: Passing new path to controller.
[controller_server-1] [ERROR] [1783276322.638491973] [transformPoseInTargetFrame]: Extrapolation Error looking up target frame: Lookup would require extrapolation into the future.  Requested time 3071.101000 but the latest data is at time 3071.042000, when looking up transform from frame [map] to frame [leo1/base_link]
[controller_server-1] 
[controller_server-1] [WARN] [1783276322.639980992] [controller_server]: Control loop missed its desired rate of 20.0000Hz
[controller_server-1] [INFO] [1783276323.510907907] [controller_server]: Passing new path to controller.
[controller_server-1] [ERROR] [1783276323.613477088] [transformPoseInTargetFrame]: Extrapolation Error looking up target frame: Lookup would require extrapolation into the future.  Requested time 3072.059000 but the latest data is at time 3072.042000, when looking up transform from frame [map] to frame [leo1/base_link]
[controller_server-1] 
[controller_server-1] [WARN] [1783276323.614458187] [controller_server]: Control loop missed its desired rate of 20.0000Hz
[controller_server-1] [INFO] [1783276324.544870287] [controller_server]: Passing new path to controller.
[controller_server-1] [ERROR] [1783276324.647519768] [transformPoseInTargetFrame]: Extrapolation Error looking up target frame: Lookup would require extrapolation into the future.  Requested time 3073.069000 but the latest data is at time 3073.042000, when looking up transform from frame [map] to frame [leo1/base_link]
[controller_server-1] 
[controller_server-1] [WARN] [1783276324.648486088] [controller_server]: Control loop missed its desired rate of 20.0000Hz
[controller_server-1] [INFO] [1783276325.570957184] [controller_server]: Passing new path to controller.
[controller_server-1] [ERROR] [1783276325.683734010] [transformPoseInTargetFrame]: Extrapolation Error looking up target frame: Lookup would require extrapolation into the future.  Requested time 3074.077000 but the latest data is at time 3074.062000, when looking up transform from frame [map] to frame [leo1/base_link]
[controller_server-1] 
[controller_server-1] [WARN] [1783276325.684573086] [controller_server]: Control loop missed its desired rate of 20.0000Hz
[controller_server-1] [INFO] [1783276326.598599668] [controller_server]: Passing new path to controller.
[controller_server-1] [ERROR] [1783276326.701197137] [transformPoseInTargetFrame]: Extrapolation Error looking up target frame: Lookup would require extrapolation into the future.  Requested time 3075.074000 but the latest data is at time 3075.042000, when looking up transform from frame [map] to frame [leo1/base_link]
[controller_server-1] 
[controller_server-1] [WARN] [1783276326.702678691] [controller_server]: Control loop missed its desired rate of 20.0000Hz
[controller_server-1] [INFO] [1783276327.628590466] [controller_server]: Passing new path to controller.
[controller_server-1] [ERROR] [1783276327.731441555] [transformPoseInTargetFrame]: Extrapolation Error looking up target frame: Lookup would require extrapolation into the future.  Requested time 3076.083000 but the latest data is at time 3076.042000, when looking up transform from frame [map] to frame [leo1/base_link]
[controller_server-1] 
[controller_server-1] [WARN] [1783276327.732506198] [controller_server]: Control loop missed its desired rate of 20.0000Hz
[controller_server-1] [INFO] [1783276328.652783942] [controller_server]: Passing new path to controller.
[controller_server-1] [ERROR] [1783276328.755504356] [transformPoseInTargetFrame]: Extrapolation Error looking up target frame: Lookup would require extrapolation into the future.  Requested time 3077.089000 but the latest data is at time 3077.042000, when looking up transform from frame [map] to frame [leo1/base_link]
[controller_server-1] 
[controller_server-1] [WARN] [1783276328.757088711] [controller_server]: Control loop missed its desired rate of 20.0000Hz
[controller_server-1] [INFO] [1783276329.685304116] [controller_server]: Passing new path to controller.
[controller_server-1] [ERROR] [1783276329.788104407] [transformPoseInTargetFrame]: Extrapolation Error looking up target frame: Lookup would require extrapolation into the future.  Requested time 3078.103000 but the latest data is at time 3078.042000, when looking up transform from frame [map] to frame [leo1/base_link]
[controller_server-1] 
[controller_server-1] [WARN] [1783276329.789611684] [controller_server]: Control loop missed its desired rate of 20.0000Hz
[controller_server-1] [INFO] [1783276330.707207931] [controller_server]: Passing new path to controller.
[controller_server-1] [ERROR] [1783276330.810985481] [transformPoseInTargetFrame]: Extrapolation Error looking up target frame: Lookup would require extrapolation into the future.  Requested time 3079.108000 but the latest data is at time 3079.042000, when looking up transform from frame [map] to frame [leo1/base_link]
[controller_server-1] 
[controller_server-1] [WARN] [1783276330.811855010] [controller_server]: Control loop missed its desired rate of 20.0000Hz
[controller_server-1] [INFO] [1783276331.736627439] [controller_server]: Passing new path to controller.
[controller_server-1] [ERROR] [1783276331.839563994] [transformPoseInTargetFrame]: Extrapolation Error looking up target frame: Lookup would require extrapolation into the future.  Requested time 3080.090000 but the latest data is at time 3080.042000, when looking up transform from frame [map] to frame [leo1/base_link]
[controller_server-1] 
[controller_server-1] [WARN] [1783276331.840470249] [controller_server]: Control loop missed its desired rate of 20.0000Hz
[controller_server-1] [INFO] [1783276332.761973253] [controller_server]: Passing new path to controller.
[controller_server-1] [ERROR] [1783276332.864747033] [transformPoseInTargetFrame]: Extrapolation Error looking up target frame: Lookup would require extrapolation into the future.  Requested time 3081.092000 but the latest data is at time 3081.042000, when looking up transform from frame [map] to frame [leo1/base_link]
[controller_server-1] 
[controller_server-1] [WARN] [1783276332.865554649] [controller_server]: Control loop missed its desired rate of 20.0000Hz
[controller_server-1] [INFO] [1783276333.788495861] [controller_server]: Passing new path to controller.
[controller_server-1] [ERROR] [1783276333.891195283] [transformPoseInTargetFrame]: Extrapolation Error looking up target frame: Lookup would require extrapolation into the future.  Requested time 3082.090000 but the latest data is at time 3082.042000, when looking up transform from frame [map] to frame [leo1/base_link]
[controller_server-1] 
[controller_server-1] [WARN] [1783276333.891911225] [controller_server]: Control loop missed its desired rate of 20.0000Hz
[controller_server-1] [INFO] [1783276334.815648763] [controller_server]: Passing new path to controller.
[controller_server-1] [ERROR] [1783276334.918116346] [transformPoseInTargetFrame]: Extrapolation Error looking up target frame: Lookup would require extrapolation into the future.  Requested time 3083.091000 but the latest data is at time 3083.042000, when looking up transform from frame [map] to frame [leo1/base_link]
[controller_server-1] 
[controller_server-1] [WARN] [1783276334.918825021] [controller_server]: Control loop missed its desired rate of 20.0000Hz
[controller_server-1] [INFO] [1783276335.842642029] [controller_server]: Passing new path to controller.
[controller_server-1] [ERROR] [1783276335.955742951] [transformPoseInTargetFrame]: Extrapolation Error looking up target frame: Lookup would require extrapolation into the future.  Requested time 3084.096000 but the latest data is at time 3084.042000, when looking up transform from frame [map] to frame [leo1/base_link]
[controller_server-1] 
[controller_server-1] [WARN] [1783276335.957071303] [controller_server]: Control loop missed its desired rate of 20.0000Hz
[controller_server-1] [INFO] [1783276336.918913752] [controller_server]: Passing new path to controller.
[controller_server-1] [WARN] [1783276337.002632650] [controller_server]: Control loop missed its desired rate of 20.0000Hz
[controller_server-1] [INFO] [1783276337.918955078] [controller_server]: Passing new path to controller.
[controller_server-1] [ERROR] [1783276338.021599287] [transformPoseInTargetFrame]: Extrapolation Error looking up target frame: Lookup would require extrapolation into the future.  Requested time 3086.097000 but the latest data is at time 3086.042000, when looking up transform from frame [map] to frame [leo1/base_link]
[controller_server-1] 
[controller_server-1] [WARN] [1783276338.022255136] [controller_server]: Control loop missed its desired rate of 20.0000Hz
[controller_server-1] [INFO] [1783276338.938922288] [controller_server]: Passing new path to controller.
[controller_server-1] [ERROR] [1783276339.041206923] [transformPoseInTargetFrame]: Extrapolation Error looking up target frame: Lookup would require extrapolation into the future.  Requested time 3087.083000 but the latest data is at time 3087.042000, when looking up transform from frame [map] to frame [leo1/base_link]
[controller_server-1] 
[controller_server-1] [WARN] [1783276339.041774538] [controller_server]: Control loop missed its desired rate of 20.0000Hz
[controller_server-1] [INFO] [1783276339.972381085] [controller_server]: Passing new path to controller.
[controller_server-1] [ERROR] [1783276340.074890809] [transformPoseInTargetFrame]: Extrapolation Error looking up target frame: Lookup would require extrapolation into the future.  Requested time 3088.057000 but the latest data is at time 3088.042000, when looking up transform from frame [map] to frame [leo1/base_link]
[controller_server-1] 
[controller_server-1] [WARN] [1783276340.075504222] [controller_server]: Control loop missed its desired rate of 20.0000Hz
[controller_server-1] [INFO] [1783276341.042791476] [controller_server]: Passing new path to controller.
[controller_server-1] [ERROR] [1783276341.155532355] [transformPoseInTargetFrame]: Extrapolation Error looking up target frame: Lookup would require extrapolation into the future.  Requested time 3089.090000 but the latest data is at time 3089.042000, when looking up transform from frame [map] to frame [leo1/base_link]
[controller_server-1] 
[controller_server-1] [WARN] [1783276341.156645255] [controller_server]: Control loop missed its desired rate of 20.0000Hz
[controller_server-1] [INFO] [1783276342.025644834] [controller_server]: Passing new path to controller.
[controller_server-1] [INFO] [1783276343.075594200] [controller_server]: Passing new path to controller.
[controller_server-1] [INFO] [1783276344.125619457] [controller_server]: Passing new path to controller.
[controller_server-1] [INFO] [1783276345.125619048] [controller_server]: Passing new path to controller.
[controller_server-1] [INFO] [1783276346.175643296] [controller_server]: Passing new path to controller.
[controller_server-1] [INFO] [1783276347.175617865] [controller_server]: Passing new path to controller.
[controller_server-1] [WARN] [1783276347.258596243] [controller_server]: Control loop missed its desired rate of 20.0000Hz
[controller_server-1] [INFO] [1783276348.225624799] [controller_server]: Passing new path to controller.
[controller_server-1] [WARN] [1783276348.328404023] [controller_server]: Control loop missed its desired rate of 20.0000Hz
[controller_server-1] [INFO] [1783276349.241264042] [controller_server]: Passing new path to controller.
[controller_server-1] [ERROR] [1783276349.343497787] [transformPoseInTargetFrame]: Extrapolation Error looking up target frame: Lookup would require extrapolation into the future.  Requested time 3096.893000 but the latest data is at time 3096.842000, when looking up transform from frame [map] to frame [leo1/base_link]
[controller_server-1] 
[controller_server-1] [WARN] [1783276349.344106543] [controller_server]: Control loop missed its desired rate of 20.0000Hz
[controller_server-1] [INFO] [1783276350.278523206] [controller_server]: Passing new path to controller.
[controller_server-1] [ERROR] [1783276350.381337906] [transformPoseInTargetFrame]: Extrapolation Error looking up target frame: Lookup would require extrapolation into the future.  Requested time 3097.872000 but the latest data is at time 3097.842000, when looking up transform from frame [map] to frame [leo1/base_link]
[controller_server-1] 
[controller_server-1] [WARN] [1783276350.381840865] [controller_server]: Control loop missed its desired rate of 20.0000Hz
[controller_server-1] [INFO] [1783276351.291784755] [controller_server]: Passing new path to controller.
[controller_server-1] [INFO] [1783276352.351566889] [controller_server]: Passing new path to controller.
[controller_server-1] [INFO] [1783276353.360054177] [controller_server]: Passing new path to controller.
[controller_server-1] [INFO] [1783276354.374293505] [controller_server]: Passing new path to controller.
[controller_server-1] [INFO] [1783276355.433443591] [controller_server]: Passing new path to controller.
[controller_server-1] [INFO] [1783276356.437642404] [controller_server]: Passing new path to controller.
[controller_server-1] [INFO] [1783276357.487744421] [controller_server]: Passing new path to controller.
[controller_server-1] [INFO] [1783276358.487632720] [controller_server]: Passing new path to controller.
[controller_server-1] [INFO] [1783276359.537677547] [controller_server]: Passing new path to controller.
[controller_server-1] [INFO] [1783276360.537644859] [controller_server]: Passing new path to controller.
[controller_server-1] [INFO] [1783276361.587655684] [controller_server]: Passing new path to controller.
[controller_server-1] [INFO] [1783276362.587801370] [controller_server]: Passing new path to controller.
[controller_server-1] [INFO] [1783276363.637631822] [controller_server]: Passing new path to controller.
[controller_server-1] [INFO] [1783276364.687622656] [controller_server]: Passing new path to controller.
[controller_server-1] [INFO] [1783276365.687626983] [controller_server]: Passing new path to controller.
[controller_server-1] [INFO] [1783276366.737639350] [controller_server]: Passing new path to controller.
[controller_server-1] [ERROR] [1783276367.187703932] [controller_server]: Failed to make progress
[controller_server-1] [WARN] [1783276367.187917296] [controller_server]: [follow_path] [ActionServer] Aborting handle.
[controller_server-1] [INFO] [1783276367.206637597] [local_costmap.local_costmap]: Received request to clear entirely the local_costmap
[controller_server-1] [INFO] [1783276367.208305610] [controller_server]: Received a goal, begin computing control effort.
[controller_server-1] [WARN] [1783276367.318794130] [controller_server]: Control loop missed its desired rate of 20.0000Hz
[controller_server-1] [INFO] [1783276367.772216376] [controller_server]: Passing new path to controller.
[controller_server-1] [INFO] [1783276368.780592591] [controller_server]: Passing new path to controller.
[controller_server-1] [INFO] [1783276369.839949693] [controller_server]: Passing new path to controller.
[controller_server-1] [INFO] [1783276370.848732009] [controller_server]: Passing new path to controller.
[controller_server-1] [INFO] [1783276371.858372186] [controller_server]: Passing new path to controller.
[controller_server-1] [INFO] [1783276372.918911491] [controller_server]: Passing new path to controller.
[controller_server-1] [INFO] [1783276373.918883071] [controller_server]: Passing new path to controller.
[controller_server-1] [INFO] [1783276374.968894075] [controller_server]: Passing new path to controller.
[controller_server-1] [INFO] [1783276376.018872012] [controller_server]: Passing new path to controller.
[controller_server-1] [INFO] [1783276377.018895916] [controller_server]: Passing new path to controller.
[controller_server-1] [INFO] [1783276378.068904179] [controller_server]: Passing new path to controller.
[controller_server-1] [INFO] [1783276379.068921134] [controller_server]: Passing new path to controller.
[controller_server-1] [INFO] [1783276380.118894232] [controller_server]: Passing new path to controller.
[controller_server-1] [INFO] [1783276381.118946418] [controller_server]: Passing new path to controller.
[controller_server-1] [INFO] [1783276382.168907425] [controller_server]: Passing new path to controller.
[controller_server-1] [ERROR] [1783276382.718985867] [controller_server]: Failed to make progress
[controller_server-1] [WARN] [1783276382.719154255] [controller_server]: [follow_path] [ActionServer] Aborting handle.
[behavior_server-3] [INFO] [1783276382.736736456] [behavior_server]: Running wait
[controller_server-1] [INFO] [1783276385.454269129] [local_costmap.local_costmap]: Received request to clear entirely the local_costmap
[planner_server-2] [INFO] [1783276385.454389862] [global_costmap.global_costmap]: Received request to clear entirely the global_costmap
[behavior_server-3] [INFO] [1783276387.942786808] [behavior_server]: wait completed successfully
[controller_server-1] [INFO] [1783276387.993719257] [controller_server]: Received a goal, begin computing control effort.
[controller_server-1] [INFO] [1783276389.043911612] [controller_server]: Passing new path to controller.
[controller_server-1] [INFO] [1783276390.093889322] [controller_server]: Passing new path to controller.
[controller_server-1] [INFO] [1783276391.093858500] [controller_server]: Passing new path to controller.
[controller_server-1] [INFO] [1783276392.143903477] [controller_server]: Passing new path to controller.
[controller_server-1] [INFO] [1783276393.143893368] [controller_server]: Passing new path to controller.
[controller_server-1] [INFO] [1783276394.193916699] [controller_server]: Passing new path to controller.
[controller_server-1] [INFO] [1783276395.193882385] [controller_server]: Passing new path to controller.
[controller_server-1] [INFO] [1783276396.243912992] [controller_server]: Passing new path to controller.
[controller_server-1] [INFO] [1783276397.243906050] [controller_server]: Passing new path to controller.
[controller_server-1] [INFO] [1783276398.293889948] [controller_server]: Passing new path to controller.
[controller_server-1] [INFO] [1783276399.343903168] [controller_server]: Passing new path to controller.
[controller_server-1] [INFO] [1783276400.343906393] [controller_server]: Passing new path to controller.
[controller_server-1] [INFO] [1783276401.393918717] [controller_server]: Passing new path to controller.
[controller_server-1] [INFO] [1783276402.393953046] [controller_server]: Passing new path to controller.
[controller_server-1] [INFO] [1783276403.443916139] [controller_server]: Passing new path to controller.
[controller_server-1] [ERROR] [1783276403.493973157] [controller_server]: Failed to make progress
[controller_server-1] [WARN] [1783276403.494149519] [controller_server]: [follow_path] [ActionServer] Aborting handle.
[controller_server-1] [INFO] [1783276403.512338701] [local_costmap.local_costmap]: Received request to clear entirely the local_costmap
[controller_server-1] [INFO] [1783276403.514184569] [controller_server]: Received a goal, begin computing control effort.
[controller_server-1] [INFO] [1783276404.464378400] [controller_server]: Passing new path to controller.
[controller_server-1] [INFO] [1783276405.514388848] [controller_server]: Passing new path to controller.
[controller_server-1] [INFO] [1783276406.514392751] [controller_server]: Passing new path to controller.
[controller_server-1] [INFO] [1783276407.564379553] [controller_server]: Passing new path to controller.
[controller_server-1] [INFO] [1783276408.564406451] [controller_server]: Passing new path to controller.
[controller_server-1] [INFO] [1783276409.614384064] [controller_server]: Passing new path to controller.
[controller_server-1] [INFO] [1783276410.664441634] [controller_server]: Passing new path to controller.
[controller_server-1] [INFO] [1783276411.664396406] [controller_server]: Passing new path to controller.
[controller_server-1] [INFO] [1783276412.714410604] [controller_server]: Passing new path to controller.
[controller_server-1] [INFO] [1783276413.714389092] [controller_server]: Passing new path to controller.
[controller_server-1] [INFO] [1783276414.770067303] [controller_server]: Passing new path to controller.
[controller_server-1] [INFO] [1783276415.770064708] [controller_server]: Passing new path to controller.
[controller_server-1] [INFO] [1783276416.820086280] [controller_server]: Passing new path to controller.
[controller_server-1] [INFO] [1783276417.870026773] [controller_server]: Passing new path to controller.
[controller_server-1] [INFO] [1783276418.870074483] [controller_server]: Passing new path to controller.
[controller_server-1] [ERROR] [1783276418.970142019] [controller_server]: Failed to make progress
[controller_server-1] [WARN] [1783276418.970289414] [controller_server]: [follow_path] [ActionServer] Aborting handle.
[behavior_server-3] [INFO] [1783276418.988262335] [behavior_server]: Running backup
[bt_navigator-4] [ERROR] [1783276422.558257695] [bt_navigator_navigate_to_pose_rclcpp_node]: Failed to get result for backup in node halt!
[bt_navigator-4] [INFO] [1783276422.558352408] [bt_navigator]: [navigate_to_pose] [ActionServer] Client requested to cancel the goal. Cancelling.
[bt_navigator-4] [INFO] [1783276422.559088803] [bt_navigator]: Goal canceled
[behavior_server-3] [INFO] [1783276422.588524845] [behavior_server]: Canceling backup
[behavior_server-3] [INFO] [1783276422.588688294] [behavior_server]: [backup] [ActionServer] Client requested to cancel the goal. Cancelling.
[bt_navigator-4] [INFO] [1783276427.578538061] [bt_navigator]: Begin navigating from current location (-4.87, -2.20) to (-5.30, -1.36)
[controller_server-1] [INFO] [1783276427.600465944] [controller_server]: Received a goal, begin computing control effort.
[controller_server-1] [INFO] [1783276428.650877839] [controller_server]: Passing new path to controller.
[controller_server-1] [ERROR] [1783276428.753864946] [transformPoseInTargetFrame]: Extrapolation Error looking up target frame: Lookup would require extrapolation into the future.  Requested time 3174.073000 but the latest data is at time 3174.042000, when looking up transform from frame [map] to frame [leo1/base_link]
[controller_server-1] 
[controller_server-1] [WARN] [1783276428.754569324] [controller_server]: Control loop missed its desired rate of 20.0000Hz
[controller_server-1] [INFO] [1783276429.663944776] [controller_server]: Passing new path to controller.
[controller_server-1] [ERROR] [1783276429.766245998] [transformPoseInTargetFrame]: Extrapolation Error looking up target frame: Lookup would require extrapolation into the future.  Requested time 3175.051000 but the latest data is at time 3175.042000, when looking up transform from frame [map] to frame [leo1/base_link]
[controller_server-1] 
[controller_server-1] [WARN] [1783276429.766803709] [controller_server]: Control loop missed its desired rate of 20.0000Hz
[controller_server-1] [INFO] [1783276430.704701066] [controller_server]: Passing new path to controller.
[controller_server-1] [INFO] [1783276431.759016109] [controller_server]: Passing new path to controller.
[controller_server-1] [INFO] [1783276432.754665325] [controller_server]: Passing new path to controller.
[controller_server-1] [INFO] [1783276433.804693106] [controller_server]: Passing new path to controller.
[controller_server-1] [INFO] [1783276434.854780354] [controller_server]: Passing new path to controller.
[controller_server-1] [INFO] [1783276434.856115918] [controller_server]: Reached the goal!
[bt_navigator-4] [INFO] [1783276434.899462492] [bt_navigator]: Goal succeeded
[bt_navigator-4] [INFO] [1783276439.804196372] [bt_navigator]: Begin navigating from current location (-5.15, -1.55) to (-4.71, 0.94)
[controller_server-1] [INFO] [1783276439.826017474] [controller_server]: Received a goal, begin computing control effort.
[controller_server-1] [WARN] [1783276439.929756772] [controller_server]: Control loop missed its desired rate of 20.0000Hz
[controller_server-1] [INFO] [1783276440.897472762] [controller_server]: Passing new path to controller.
[controller_server-1] [INFO] [1783276441.929868015] [controller_server]: Passing new path to controller.
[controller_server-1] [WARN] [1783276442.022997743] [controller_server]: Control loop missed its desired rate of 20.0000Hz
[controller_server-1] [INFO] [1783276442.929862863] [controller_server]: Passing new path to controller.
[controller_server-1] [ERROR] [1783276443.032343636] [transformPoseInTargetFrame]: Extrapolation Error looking up target frame: Lookup would require extrapolation into the future.  Requested time 3187.871000 but the latest data is at time 3187.842000, when looking up transform from frame [map] to frame [leo1/base_link]
[controller_server-1] 
[controller_server-1] [WARN] [1783276443.033175428] [controller_server]: Control loop missed its desired rate of 20.0000Hz
[controller_server-1] [INFO] [1783276443.956431345] [controller_server]: Passing new path to controller.
[controller_server-1] [ERROR] [1783276444.059491600] [transformPoseInTargetFrame]: Extrapolation Error looking up target frame: Lookup would require extrapolation into the future.  Requested time 3188.854000 but the latest data is at time 3188.842000, when looking up transform from frame [map] to frame [leo1/base_link]
[controller_server-1] 
[controller_server-1] [WARN] [1783276444.060307230] [controller_server]: Control loop missed its desired rate of 20.0000Hz
[controller_server-1] [INFO] [1783276444.991769235] [controller_server]: Passing new path to controller.
[controller_server-1] [ERROR] [1783276445.094079059] [transformPoseInTargetFrame]: Extrapolation Error looking up target frame: Lookup would require extrapolation into the future.  Requested time 3189.862000 but the latest data is at time 3189.842000, when looking up transform from frame [map] to frame [leo1/base_link]
[controller_server-1] 
[controller_server-1] [WARN] [1783276445.094484440] [controller_server]: Control loop missed its desired rate of 20.0000Hz
[controller_server-1] [INFO] [1783276446.007309979] [controller_server]: Passing new path to controller.
[controller_server-1] [ERROR] [1783276446.109967040] [transformPoseInTargetFrame]: Extrapolation Error looking up target frame: Lookup would require extrapolation into the future.  Requested time 3190.852000 but the latest data is at time 3190.842000, when looking up transform from frame [map] to frame [leo1/base_link]
[controller_server-1] 
[controller_server-1] [WARN] [1783276446.110721086] [controller_server]: Control loop missed its desired rate of 20.0000Hz
[controller_server-1] [INFO] [1783276447.044574980] [controller_server]: Passing new path to controller.
[controller_server-1] [ERROR] [1783276447.157070396] [transformPoseInTargetFrame]: Extrapolation Error looking up target frame: Lookup would require extrapolation into the future.  Requested time 3191.845000 but the latest data is at time 3191.842000, when looking up transform from frame [map] to frame [leo1/base_link]
[controller_server-1] 
[controller_server-1] [WARN] [1783276447.157795317] [controller_server]: Control loop missed its desired rate of 20.0000Hz
[controller_server-1] [INFO] [1783276448.070895304] [controller_server]: Passing new path to controller.
[controller_server-1] [INFO] [1783276449.107903731] [controller_server]: Passing new path to controller.
[controller_server-1] [INFO] [1783276450.157900989] [controller_server]: Passing new path to controller.
[controller_server-1] [INFO] [1783276451.157929755] [controller_server]: Passing new path to controller.
[controller_server-1] [WARN] [1783276451.230659291] [controller_server]: Control loop missed its desired rate of 20.0000Hz
[controller_server-1] [INFO] [1783276452.207938399] [controller_server]: Passing new path to controller.
[controller_server-1] [WARN] [1783276452.260315071] [controller_server]: Control loop missed its desired rate of 20.0000Hz
[controller_server-1] [INFO] [1783276453.207892354] [controller_server]: Passing new path to controller.
[controller_server-1] [INFO] [1783276454.257910713] [controller_server]: Passing new path to controller.
[controller_server-1] [INFO] [1783276455.307903252] [controller_server]: Passing new path to controller.
[controller_server-1] [INFO] [1783276456.307904124] [controller_server]: Passing new path to controller.
[controller_server-1] [INFO] [1783276457.357888516] [controller_server]: Passing new path to controller.
[controller_server-1] [INFO] [1783276458.357929753] [controller_server]: Passing new path to controller.
[controller_server-1] [INFO] [1783276459.407889998] [controller_server]: Passing new path to controller.
[controller_server-1] [INFO] [1783276460.458020127] [controller_server]: Passing new path to controller.
[controller_server-1] [INFO] [1783276461.457901559] [controller_server]: Passing new path to controller.
[controller_server-1] [INFO] [1783276462.507908568] [controller_server]: Passing new path to controller.
[controller_server-1] [INFO] [1783276463.507911489] [controller_server]: Passing new path to controller.
[controller_server-1] [INFO] [1783276464.557939413] [controller_server]: Passing new path to controller.
[controller_server-1] [INFO] [1783276465.557939434] [controller_server]: Passing new path to controller.
[controller_server-1] [INFO] [1783276466.607881029] [controller_server]: Passing new path to controller.
[controller_server-1] [INFO] [1783276467.657929954] [controller_server]: Passing new path to controller.
[controller_server-1] [INFO] [1783276468.657908067] [controller_server]: Passing new path to controller.
[controller_server-1] [INFO] [1783276469.707883181] [controller_server]: Passing new path to controller.
[controller_server-1] [INFO] [1783276470.707894381] [controller_server]: Passing new path to controller.
[controller_server-1] [INFO] [1783276471.058205026] [controller_server]: Reached the goal!
[bt_navigator-4] [INFO] [1783276471.093833126] [bt_navigator]: Goal succeeded
[bt_navigator-4] [INFO] [1783276480.061709561] [bt_navigator]: Begin navigating from current location (-4.69, 0.69) to (1.20, -0.00)
[controller_server-1] [INFO] [1783276480.083412333] [controller_server]: Received a goal, begin computing control effort.
[controller_server-1] [WARN] [1783276480.144403589] [controller_server]: Control loop missed its desired rate of 20.0000Hz
[controller_server-1] [ERROR] [1783276480.285074690] [transformPoseInTargetFrame]: Extrapolation Error looking up target frame: Lookup would require extrapolation into the future.  Requested time 3224.248000 but the latest data is at time 3224.242000, when looking up transform from frame [map] to frame [leo1/base_link]
[controller_server-1] 
[controller_server-1] [WARN] [1783276480.286161607] [controller_server]: Control loop missed its desired rate of 20.0000Hz
[controller_server-1] [INFO] [1783276481.159976961] [controller_server]: Passing new path to controller.
[controller_server-1] [ERROR] [1783276481.333239723] [transformPoseInTargetFrame]: Extrapolation Error looking up target frame: Lookup would require extrapolation into the future.  Requested time 3225.278000 but the latest data is at time 3225.242000, when looking up transform from frame [map] to frame [leo1/base_link]
[controller_server-1] 
[controller_server-1] [WARN] [1783276481.334863601] [controller_server]: Control loop missed its desired rate of 20.0000Hz
[controller_server-1] [INFO] [1783276482.186258617] [controller_server]: Passing new path to controller.
[controller_server-1] [ERROR] [1783276482.337703454] [transformPoseInTargetFrame]: Extrapolation Error looking up target frame: Lookup would require extrapolation into the future.  Requested time 3226.265000 but the latest data is at time 3226.242000, when looking up transform from frame [map] to frame [leo1/base_link]
[controller_server-1] 
[controller_server-1] [WARN] [1783276482.338817011] [controller_server]: Control loop missed its desired rate of 20.0000Hz
[controller_server-1] [INFO] [1783276483.212268874] [controller_server]: Passing new path to controller.
[controller_server-1] [ERROR] [1783276483.385355531] [transformPoseInTargetFrame]: Extrapolation Error looking up target frame: Lookup would require extrapolation into the future.  Requested time 3227.295000 but the latest data is at time 3227.242000, when looking up transform from frame [map] to frame [leo1/base_link]
[controller_server-1] 
[controller_server-1] [WARN] [1783276483.387168271] [controller_server]: Control loop missed its desired rate of 20.0000Hz
[controller_server-1] [WARN] [1783276483.389819370] [controller_server]: Control loop missed its desired rate of 20.0000Hz
[controller_server-1] [INFO] [1783276484.238908570] [controller_server]: Passing new path to controller.
[controller_server-1] [ERROR] [1783276484.390337505] [transformPoseInTargetFrame]: Extrapolation Error looking up target frame: Lookup would require extrapolation into the future.  Requested time 3228.283000 but the latest data is at time 3228.242000, when looking up transform from frame [map] to frame [leo1/base_link]
[controller_server-1] 
[controller_server-1] [WARN] [1783276484.391220408] [controller_server]: Control loop missed its desired rate of 20.0000Hz
[controller_server-1] [INFO] [1783276485.264293476] [controller_server]: Passing new path to controller.
[controller_server-1] [ERROR] [1783276485.442693933] [transformPoseInTargetFrame]: Extrapolation Error looking up target frame: Lookup would require extrapolation into the future.  Requested time 3229.297000 but the latest data is at time 3229.242000, when looking up transform from frame [map] to frame [leo1/base_link]
[controller_server-1] 
[controller_server-1] [WARN] [1783276485.444150402] [controller_server]: Control loop missed its desired rate of 20.0000Hz
[controller_server-1] [INFO] [1783276486.264515679] [controller_server]: Passing new path to controller.
[controller_server-1] [ERROR] [1783276486.437692318] [transformPoseInTargetFrame]: Extrapolation Error looking up target frame: Lookup would require extrapolation into the future.  Requested time 3230.275000 but the latest data is at time 3230.242000, when looking up transform from frame [map] to frame [leo1/base_link]
[controller_server-1] 
[controller_server-1] [WARN] [1783276486.439747455] [controller_server]: Control loop missed its desired rate of 20.0000Hz
[controller_server-1] [INFO] [1783276487.294281293] [controller_server]: Passing new path to controller.
[controller_server-1] [ERROR] [1783276487.445682435] [transformPoseInTargetFrame]: Extrapolation Error looking up target frame: Lookup would require extrapolation into the future.  Requested time 3231.257000 but the latest data is at time 3231.242000, when looking up transform from frame [map] to frame [leo1/base_link]
[controller_server-1] 
[controller_server-1] [WARN] [1783276487.447229196] [controller_server]: Control loop missed its desired rate of 20.0000Hz
[controller_server-1] [INFO] [1783276488.370821949] [controller_server]: Passing new path to controller.
[controller_server-1] [ERROR] [1783276488.472948003] [transformPoseInTargetFrame]: Extrapolation Error looking up target frame: Lookup would require extrapolation into the future.  Requested time 3232.261000 but the latest data is at time 3232.242000, when looking up transform from frame [map] to frame [leo1/base_link]
[controller_server-1] 
[controller_server-1] [WARN] [1783276488.473789248] [controller_server]: Control loop missed its desired rate of 20.0000Hz
[controller_server-1] [INFO] [1783276489.397344854] [controller_server]: Passing new path to controller.
[controller_server-1] [ERROR] [1783276489.500238402] [transformPoseInTargetFrame]: Extrapolation Error looking up target frame: Lookup would require extrapolation into the future.  Requested time 3233.263000 but the latest data is at time 3233.242000, when looking up transform from frame [map] to frame [leo1/base_link]
[controller_server-1] 
[controller_server-1] [WARN] [1783276489.501063361] [controller_server]: Control loop missed its desired rate of 20.0000Hz
[controller_server-1] [INFO] [1783276490.427231164] [controller_server]: Passing new path to controller.
[controller_server-1] [ERROR] [1783276490.530000511] [transformPoseInTargetFrame]: Extrapolation Error looking up target frame: Lookup would require extrapolation into the future.  Requested time 3234.273000 but the latest data is at time 3234.242000, when looking up transform from frame [map] to frame [leo1/base_link]
[controller_server-1] 
[controller_server-1] [WARN] [1783276490.530854946] [controller_server]: Control loop missed its desired rate of 20.0000Hz
[controller_server-1] [INFO] [1783276491.451181370] [controller_server]: Passing new path to controller.
[controller_server-1] [ERROR] [1783276491.553800273] [transformPoseInTargetFrame]: Extrapolation Error looking up target frame: Lookup would require extrapolation into the future.  Requested time 3235.260000 but the latest data is at time 3235.242000, when looking up transform from frame [map] to frame [leo1/base_link]
[controller_server-1] 
[controller_server-1] [WARN] [1783276491.554701754] [controller_server]: Control loop missed its desired rate of 20.0000Hz
[controller_server-1] [INFO] [1783276492.481377461] [controller_server]: Passing new path to controller.
[controller_server-1] [ERROR] [1783276492.584647200] [transformPoseInTargetFrame]: Extrapolation Error looking up target frame: Lookup would require extrapolation into the future.  Requested time 3236.269000 but the latest data is at time 3236.242000, when looking up transform from frame [map] to frame [leo1/base_link]
[controller_server-1] 
[controller_server-1] [WARN] [1783276492.585752118] [controller_server]: Control loop missed its desired rate of 20.0000Hz
[controller_server-1] [INFO] [1783276493.504810080] [controller_server]: Passing new path to controller.
[controller_server-1] [ERROR] [1783276493.607400750] [transformPoseInTargetFrame]: Extrapolation Error looking up target frame: Lookup would require extrapolation into the future.  Requested time 3237.276000 but the latest data is at time 3237.242000, when looking up transform from frame [map] to frame [leo1/base_link]
[controller_server-1] 
[controller_server-1] [WARN] [1783276493.608929945] [controller_server]: Control loop missed its desired rate of 20.0000Hz
[controller_server-1] [INFO] [1783276494.535192334] [controller_server]: Passing new path to controller.
[controller_server-1] [ERROR] [1783276494.637460269] [transformPoseInTargetFrame]: Extrapolation Error looking up target frame: Lookup would require extrapolation into the future.  Requested time 3238.286000 but the latest data is at time 3238.242000, when looking up transform from frame [map] to frame [leo1/base_link]
[controller_server-1] 
[controller_server-1] [WARN] [1783276494.640904927] [controller_server]: Control loop missed its desired rate of 20.0000Hz
[controller_server-1] [INFO] [1783276495.559057036] [controller_server]: Passing new path to controller.
[controller_server-1] [ERROR] [1783276495.661916323] [transformPoseInTargetFrame]: Extrapolation Error looking up target frame: Lookup would require extrapolation into the future.  Requested time 3239.301000 but the latest data is at time 3239.242000, when looking up transform from frame [map] to frame [leo1/base_link]
[controller_server-1] 
[controller_server-1] [WARN] [1783276495.663252802] [controller_server]: Control loop missed its desired rate of 20.0000Hz
[controller_server-1] [INFO] [1783276496.585558743] [controller_server]: Passing new path to controller.
[controller_server-1] [WARN] [1783276496.687938481] [controller_server]: Control loop missed its desired rate of 20.0000Hz
[controller_server-1] [ERROR] [1783276496.864868341] [transformPoseInTargetFrame]: Extrapolation Error looking up target frame: Lookup would require extrapolation into the future.  Requested time 3240.482000 but the latest data is at time 3240.442000, when looking up transform from frame [map] to frame [leo1/base_link]
[controller_server-1] 
[controller_server-1] [WARN] [1783276496.866005151] [controller_server]: Control loop missed its desired rate of 20.0000Hz
[controller_server-1] [INFO] [1783276497.635458719] [controller_server]: Passing new path to controller.
[controller_server-1] [WARN] [1783276497.727737665] [controller_server]: Control loop missed its desired rate of 20.0000Hz
[controller_server-1] [ERROR] [1783276497.867718785] [transformPoseInTargetFrame]: Extrapolation Error looking up target frame: Lookup would require extrapolation into the future.  Requested time 3241.462000 but the latest data is at time 3241.442000, when looking up transform from frame [map] to frame [leo1/base_link]
[controller_server-1] 
[controller_server-1] [WARN] [1783276497.869222303] [controller_server]: Control loop missed its desired rate of 20.0000Hz
[controller_server-1] [INFO] [1783276498.638639407] [controller_server]: Passing new path to controller.
[controller_server-1] [WARN] [1783276498.741581422] [controller_server]: Control loop missed its desired rate of 20.0000Hz
[controller_server-1] [ERROR] [1783276498.870695851] [transformPoseInTargetFrame]: Extrapolation Error looking up target frame: Lookup would require extrapolation into the future.  Requested time 3242.458000 but the latest data is at time 3242.442000, when looking up transform from frame [map] to frame [leo1/base_link]
[controller_server-1] 
[controller_server-1] [WARN] [1783276498.871499070] [controller_server]: Control loop missed its desired rate of 20.0000Hz
[controller_server-1] [INFO] [1783276499.693566903] [controller_server]: Passing new path to controller.
[controller_server-1] [WARN] [1783276499.775812912] [controller_server]: Control loop missed its desired rate of 20.0000Hz
[controller_server-1] [ERROR] [1783276499.923093513] [transformPoseInTargetFrame]: Extrapolation Error looking up target frame: Lookup would require extrapolation into the future.  Requested time 3243.478000 but the latest data is at time 3243.442000, when looking up transform from frame [map] to frame [leo1/base_link]
[controller_server-1] 
[controller_server-1] [WARN] [1783276499.923924757] [controller_server]: Control loop missed its desired rate of 20.0000Hz
[controller_server-1] [INFO] [1783276500.693579677] [controller_server]: Passing new path to controller.
[controller_server-1] [WARN] [1783276500.797934690] [controller_server]: Control loop missed its desired rate of 20.0000Hz
[controller_server-1] [INFO] [1783276501.724035670] [controller_server]: Passing new path to controller.
[controller_server-1] [ERROR] [1783276501.826549209] [transformPoseInTargetFrame]: Extrapolation Error looking up target frame: Lookup would require extrapolation into the future.  Requested time 3245.318000 but the latest data is at time 3245.242000, when looking up transform from frame [map] to frame [leo1/base_link]
[controller_server-1] 
[controller_server-1] [WARN] [1783276501.828129886] [controller_server]: Control loop missed its desired rate of 20.0000Hz
[controller_server-1] [INFO] [1783276502.754787565] [controller_server]: Passing new path to controller.
[controller_server-1] [ERROR] [1783276502.857785269] [transformPoseInTargetFrame]: Extrapolation Error looking up target frame: Lookup would require extrapolation into the future.  Requested time 3246.315000 but the latest data is at time 3246.242000, when looking up transform from frame [map] to frame [leo1/base_link]
[controller_server-1] 
[controller_server-1] [WARN] [1783276502.858787263] [controller_server]: Control loop missed its desired rate of 20.0000Hz
[controller_server-1] [INFO] [1783276503.778240969] [controller_server]: Passing new path to controller.
[controller_server-1] [ERROR] [1783276503.891503609] [transformPoseInTargetFrame]: Extrapolation Error looking up target frame: Lookup would require extrapolation into the future.  Requested time 3247.309000 but the latest data is at time 3247.242000, when looking up transform from frame [map] to frame [leo1/base_link]
[controller_server-1] 
[controller_server-1] [WARN] [1783276503.892639785] [controller_server]: Control loop missed its desired rate of 20.0000Hz
[controller_server-1] [INFO] [1783276504.821118249] [controller_server]: Passing new path to controller.
[controller_server-1] [ERROR] [1783276504.923887054] [transformPoseInTargetFrame]: Extrapolation Error looking up target frame: Lookup would require extrapolation into the future.  Requested time 3248.303000 but the latest data is at time 3248.242000, when looking up transform from frame [map] to frame [leo1/base_link]
[controller_server-1] 
[controller_server-1] [WARN] [1783276504.925387127] [controller_server]: Control loop missed its desired rate of 20.0000Hz
[controller_server-1] [INFO] [1783276505.848561907] [controller_server]: Passing new path to controller.
[controller_server-1] [ERROR] [1783276505.961235437] [transformPoseInTargetFrame]: Extrapolation Error looking up target frame: Lookup would require extrapolation into the future.  Requested time 3249.286000 but the latest data is at time 3249.242000, when looking up transform from frame [map] to frame [leo1/base_link]
[controller_server-1] 
[controller_server-1] [WARN] [1783276505.961994150] [controller_server]: Control loop missed its desired rate of 20.0000Hz
[controller_server-1] [INFO] [1783276506.886264939] [controller_server]: Passing new path to controller.
[controller_server-1] [ERROR] [1783276506.998868427] [transformPoseInTargetFrame]: Extrapolation Error looking up target frame: Lookup would require extrapolation into the future.  Requested time 3250.266000 but the latest data is at time 3250.242000, when looking up transform from frame [map] to frame [leo1/base_link]
[controller_server-1] 
[controller_server-1] [WARN] [1783276507.000642769] [controller_server]: Control loop missed its desired rate of 20.0000Hz
[controller_server-1] [INFO] [1783276507.912095174] [controller_server]: Passing new path to controller.
[controller_server-1] [INFO] [1783276508.962112249] [controller_server]: Passing new path to controller.
[controller_server-1] [ERROR] [1783276509.086636861] [transformPoseInTargetFrame]: Extrapolation Error looking up target frame: Lookup would require extrapolation into the future.  Requested time 3252.249000 but the latest data is at time 3252.242000, when looking up transform from frame [map] to frame [leo1/base_link]
[controller_server-1] 
[controller_server-1] [WARN] [1783276509.087469068] [controller_server]: Control loop missed its desired rate of 20.0000Hz
[controller_server-1] [INFO] [1783276509.963806054] [controller_server]: Passing new path to controller.
[controller_server-1] [INFO] [1783276510.987585133] [controller_server]: Passing new path to controller.
[controller_server-1] [WARN] [1783276511.071167979] [controller_server]: Control loop missed its desired rate of 20.0000Hz
[controller_server-1] [INFO] [1783276512.037575673] [controller_server]: Passing new path to controller.
[controller_server-1] [WARN] [1783276512.120535812] [controller_server]: Control loop missed its desired rate of 20.0000Hz
[controller_server-1] [INFO] [1783276513.087617236] [controller_server]: Passing new path to controller.
[controller_server-1] [WARN] [1783276513.191675191] [controller_server]: Control loop missed its desired rate of 20.0000Hz
[controller_server-1] [INFO] [1783276514.113389766] [controller_server]: Passing new path to controller.
[controller_server-1] [ERROR] [1783276514.216069772] [transformPoseInTargetFrame]: Extrapolation Error looking up target frame: Lookup would require extrapolation into the future.  Requested time 3257.095000 but the latest data is at time 3257.042000, when looking up transform from frame [map] to frame [leo1/base_link]
[controller_server-1] 
[controller_server-1] [WARN] [1783276514.217009178] [controller_server]: Control loop missed its desired rate of 20.0000Hz
[controller_server-1] [INFO] [1783276515.141790704] [controller_server]: Passing new path to controller.
[controller_server-1] [ERROR] [1783276515.257442773] [transformPoseInTargetFrame]: Extrapolation Error looking up target frame: Lookup would require extrapolation into the future.  Requested time 3258.072000 but the latest data is at time 3258.042000, when looking up transform from frame [map] to frame [leo1/base_link]
[controller_server-1] 
[controller_server-1] [WARN] [1783276515.258151543] [controller_server]: Control loop missed its desired rate of 20.0000Hz
[controller_server-1] [INFO] [1783276516.175466753] [controller_server]: Passing new path to controller.
[controller_server-1] [ERROR] [1783276516.277840876] [transformPoseInTargetFrame]: Extrapolation Error looking up target frame: Lookup would require extrapolation into the future.  Requested time 3259.047000 but the latest data is at time 3259.042000, when looking up transform from frame [map] to frame [leo1/base_link]
[controller_server-1] 
[controller_server-1] [WARN] [1783276516.278414594] [controller_server]: Control loop missed its desired rate of 20.0000Hz
[controller_server-1] [INFO] [1783276517.208266094] [controller_server]: Passing new path to controller.
[controller_server-1] [INFO] [1783276518.208243597] [controller_server]: Passing new path to controller.
[controller_server-1] [INFO] [1783276519.258257097] [controller_server]: Passing new path to controller.
[controller_server-1] [INFO] [1783276520.258273462] [controller_server]: Passing new path to controller.
[controller_server-1] [WARN] [1783276520.331247877] [controller_server]: Control loop missed its desired rate of 20.0000Hz
[controller_server-1] [INFO] [1783276521.308297148] [controller_server]: Passing new path to controller.
[controller_server-1] [ERROR] [1783276521.420997527] [transformPoseInTargetFrame]: Extrapolation Error looking up target frame: Lookup would require extrapolation into the future.  Requested time 3263.912000 but the latest data is at time 3263.842000, when looking up transform from frame [map] to frame [leo1/base_link]
[controller_server-1] 
[controller_server-1] [WARN] [1783276521.421947049] [controller_server]: Control loop missed its desired rate of 20.0000Hz
[controller_server-1] [INFO] [1783276522.337805228] [controller_server]: Passing new path to controller.
[controller_server-1] [ERROR] [1783276522.440085064] [transformPoseInTargetFrame]: Extrapolation Error looking up target frame: Lookup would require extrapolation into the future.  Requested time 3264.867000 but the latest data is at time 3264.842000, when looking up transform from frame [map] to frame [leo1/base_link]
[controller_server-1] 
[controller_server-1] [WARN] [1783276522.440567737] [controller_server]: Control loop missed its desired rate of 20.0000Hz
[controller_server-1] [INFO] [1783276523.372067285] [controller_server]: Passing new path to controller.
[controller_server-1] [ERROR] [1783276523.474456085] [transformPoseInTargetFrame]: Extrapolation Error looking up target frame: Lookup would require extrapolation into the future.  Requested time 3265.857000 but the latest data is at time 3265.842000, when looking up transform from frame [map] to frame [leo1/base_link]
[controller_server-1] 
[controller_server-1] [WARN] [1783276523.475103850] [controller_server]: Control loop missed its desired rate of 20.0000Hz
[controller_server-1] [INFO] [1783276524.385690911] [controller_server]: Passing new path to controller.
[controller_server-1] [INFO] [1783276525.418676194] [controller_server]: Passing new path to controller.
[controller_server-1] [INFO] [1783276526.425191725] [controller_server]: Passing new path to controller.
[controller_server-1] [WARN] [1783276526.517547959] [controller_server]: Control loop missed its desired rate of 20.0000Hz
[controller_server-1] [INFO] [1783276527.475218827] [controller_server]: Passing new path to controller.
[controller_server-1] [INFO] [1783276528.525202557] [controller_server]: Passing new path to controller.
[controller_server-1] [INFO] [1783276529.525241831] [controller_server]: Passing new path to controller.
[controller_server-1] [INFO] [1783276530.575207452] [controller_server]: Passing new path to controller.
[controller_server-1] [INFO] [1783276531.575211921] [controller_server]: Passing new path to controller.
[controller_server-1] [INFO] [1783276532.625218364] [controller_server]: Passing new path to controller.
[controller_server-1] [INFO] [1783276533.675270153] [controller_server]: Passing new path to controller.
[controller_server-1] [INFO] [1783276534.630827479] [controller_server]: Reached the goal!
[bt_navigator-4] [INFO] [1783276534.664102180] [bt_navigator]: Goal succeeded
[planner_server-2] [INFO] [1783276535.538737450] [global_costmap.global_costmap]: Message Filter dropping message: frame 'leo1/sensor_lidar_link' at time 3277.000 for reason 'the timestamp on the message is earlier than all the data in the transform cache'
[planner_server-2] [INFO] [1783276535.749999617] [global_costmap.global_costmap]: Message Filter dropping message: frame 'leo1/sensor_camera_link' at time 3277.200 for reason 'the timestamp on the message is earlier than all the data in the transform cache'
[planner_server-2] [INFO] [1783276538.220002862] [global_costmap.global_costmap]: Message Filter dropping message: frame 'leo1/sensor_lidar_link' at time 3279.600 for reason 'the timestamp on the message is earlier than all the data in the transform cache'
[planner_server-2] [INFO] [1783276538.424977620] [global_costmap.global_costmap]: Message Filter dropping message: frame 'leo1/sensor_camera_link' at time 3279.800 for reason 'the timestamp on the message is earlier than all the data in the transform cache'
[planner_server-2] [INFO] [1783276540.986227729] [global_costmap.global_costmap]: Message Filter dropping message: frame 'leo1/sensor_lidar_link' at time 3282.200 for reason 'the timestamp on the message is earlier than all the data in the transform cache'
[planner_server-2] [INFO] [1783276541.208208979] [global_costmap.global_costmap]: Message Filter dropping message: frame 'leo1/sensor_camera_link' at time 3282.400 for reason 'the timestamp on the message is earlier than all the data in the transform cache'
[planner_server-2] [INFO] [1783276543.721282466] [global_costmap.global_costmap]: Message Filter dropping message: frame 'leo1/sensor_lidar_link' at time 3284.800 for reason 'the timestamp on the message is earlier than all the data in the transform cache'
[planner_server-2] [INFO] [1783276543.925227601] [global_costmap.global_costmap]: Message Filter dropping message: frame 'leo1/sensor_camera_link' at time 3285.000 for reason 'the timestamp on the message is earlier than all the data in the transform cache'
[planner_server-2] [INFO] [1783276546.388667534] [global_costmap.global_costmap]: Message Filter dropping message: frame 'leo1/sensor_lidar_link' at time 3287.400 for reason 'the timestamp on the message is earlier than all the data in the transform cache'
[planner_server-2] [INFO] [1783276546.597322909] [global_costmap.global_costmap]: Message Filter dropping message: frame 'leo1/sensor_camera_link' at time 3287.600 for reason 'the timestamp on the message is earlier than all the data in the transform cache'
