t,gt_x,gt_y,gt_yaw,odom_x,odom_y,odom_yaw,slam_x,slam_y,slam_yaw
53.00,-0.0000,0.0000,0.0000,0.0000,0.0000,0.0175,,,
53.50,-0.0000,0.0000,0.0000,0.0000,0.0000,0.0179,0.0000,0.0000,0.0179
54.00,-0.0000,0.0000,0.0000,0.0000,0.0000,0.0183,0.0000,0.0000,0.0183
54.50,-0.0000,0.0000,0.0000,0.0000,0.0000,0.0188,0.0000,0.0000,0.0188
55.00,-0.0000,0.0000,0.0000,0.0000,0.0000,0.0193,0.0000,0.0000,0.0193
55.50,-0.0000,0.0000,0.0000,0.0000,0.0000,0.0197,0.0000,0.0000,0.0197
56.00,-0.0000,0.0000,0.0000,0.0000,0.0000,0.0199,0.0000,0.0000,0.0199
56.50,-0.0000,0.0000,0.0000,0.0000,0.0000,0.0206,0.0000,0.0000,0.0206
57.00,-0.0000,0.0000,0.0000,0.0000,0.0000,0.0210,0.0000,0.0000,0.0210
57.50,-0.0000,0.0000,0.0000,0.0000,0.0000,0.0211,0.0000,0.0000,0.0211
58.00,-0.0000,0.0000,0.0000,0.0000,0.0000,0.0209,0.0000,0.0000,0.0209
58.50,-0.0000,0.0000,0.0000,0.0000,0.0000,0.0211,0.0000,0.0000,0.0211
59.00,-0.0000,0.0000,0.0000,0.0000,0.0000,0.0216,0.0000,0.0000,0.0216
59.50,-0.0000,0.0000,0.0000,0.0000,0.0000,0.0218,0.0000,0.0000,0.0218
60.00,-0.0000,0.0000,0.0000,0.0000,0.0000,0.0221,0.0000,0.0000,0.0221
60.50,-0.0000,0.0000,0.0000,0.0000,0.0000,0.0221,0.0000,0.0000,0.0221
61.00,-0.0000,0.0000,0.0000,0.0000,0.0000,0.0225,0.0000,0.0000,0.0225
61.50,-0.0000,0.0000,0.0000,0.0000,0.0000,0.0226,0.0000,0.0000,0.0226
62.00,0.0449,-0.0000,-0.0000,0.0459,0.0010,0.0223,0.0459,0.0010,0.0223
62.50,0.1049,-0.0000,-0.0000,0.1037,0.0023,0.0228,0.1037,0.0023,0.0228
63.00,0.1649,-0.0000,-0.0000,0.1634,0.0037,0.0233,0.0834,-0.0040,0.0059
63.50,0.2249,-0.0000,-0.0000,0.2228,0.0051,0.0237,0.0764,-0.0036,0.0062
64.00,0.2849,-0.0000,-0.0000,0.2829,0.0065,0.0238,0.1229,-0.0033,0.0064
64.50,0.3449,-0.0000,-0.0000,0.3450,0.0080,0.0242,0.1050,-0.0029,0.0068
65.00,0.4049,-0.0000,-0.0000,0.4042,0.0095,0.0244,0.1643,-0.0025,0.0070
65.50,0.4649,-0.0000,-0.0000,0.4647,0.0110,0.0248,0.1448,-0.0020,0.0074
66.00,0.5249,-0.0000,-0.0000,0.5256,0.0125,0.0249,0.1257,-0.0016,0.0074
66.50,0.5849,-0.0000,-0.0000,0.5853,0.0140,0.0249,0.1454,-0.0011,0.0075
67.00,0.6449,-0.0000,-0.0000,0.6483,0.0155,0.0255,0.2084,-0.0006,0.0081
67.50,0.7049,-0.0000,-0.0000,0.7114,0.0172,0.0263,0.2249,0.0003,0.0054
68.00,0.7649,-0.0000,-0.0000,0.7739,0.0188,0.0269,0.2540,0.0007,0.0059
68.50,0.8249,-0.0000,-0.0000,0.8379,0.0206,0.0274,0.3181,0.0011,0.0065
69.00,0.8849,-0.0000,-0.0000,0.9018,0.0223,0.0275,0.3620,0.0019,0.0030
69.50,0.9449,-0.0000,-0.0000,0.9638,0.0240,0.0276,0.3940,0.0021,0.0032
70.00,1.0049,-0.0000,-0.0000,1.0273,0.0258,0.0278,0.4475,0.0023,0.0034
70.50,1.0649,-0.0000,-0.0000,1.0884,0.0275,0.0283,0.4886,0.0025,0.0039
71.00,1.1249,-0.0000,-0.0000,1.1452,0.0291,0.0285,0.5455,0.0027,0.0040
71.50,1.1849,-0.0000,-0.0000,1.2089,0.0310,0.0290,0.5992,0.0035,0.0011
72.00,1.2306,-0.0000,-0.0000,1.2567,0.0323,0.0290,0.6387,0.0035,0.0010
72.50,1.2306,-0.0000,-0.0000,1.2567,0.0323,0.0297,0.6370,0.0035,0.0018
73.00,1.2306,-0.0000,-0.0000,1.2567,0.0323,0.0296,0.6370,0.0035,0.0017
73.50,1.2306,-0.0000,-0.0000,1.2567,0.0323,0.0298,0.6370,0.0035,0.0018
74.00,1.2306,-0.0000,-0.0000,1.2567,0.0323,0.0303,0.6370,0.0035,0.0024
74.50,1.2306,-0.0000,-0.0000,1.2567,0.0323,0.0310,0.6370,0.0035,0.0031
75.00,1.2306,-0.0000,-0.0000,1.2567,0.0323,0.0308,0.6370,0.0035,0.0029
75.50,1.2306,-0.0000,-0.0000,1.2567,0.0323,0.0312,0.6370,0.0035,0.0032
76.00,1.2306,-0.0000,-0.0000,1.2567,0.0323,0.0316,0.6370,0.0035,0.0037
76.50,1.2306,-0.0000,-0.0000,1.2567,0.0323,0.0319,0.6370,0.0035,0.0040
77.00,1.2306,-0.0000,-0.0000,1.2567,0.0323,0.0320,0.6370,0.0035,0.0041
77.50,1.2306,-0.0000,-0.0000,1.2567,0.0323,0.0329,0.6370,0.0035,0.0050
78.00,1.2306,-0.0000,-0.0000,1.2567,0.0323,0.0334,0.6370,0.0035,0.0055
78.50,1.2306,-0.0000,-0.0000,1.2567,0.0323,0.0337,0.6370,0.0035,0.0058
79.00,1.2306,-0.0000,-0.0000,1.2567,0.0323,0.0337,0.6370,0.0035,0.0058
79.50,1.2306,-0.0000,-0.0000,1.2567,0.0323,0.0344,0.6370,0.0035,0.0065
80.00,1.2306,-0.0000,-0.0000,1.2567,0.0323,0.0345,0.6370,0.0035,0.0065
80.50,1.2306,0.0014,0.0258,1.2575,0.0324,0.0563,0.6378,0.0035,0.0284
81.00,1.2306,0.0087,0.0778,1.2645,0.0330,0.1085,0.6448,0.0039,0.0806
81.50,1.2306,0.0158,0.1278,1.2708,0.0338,0.1589,0.6511,0.0046,0.1310
82.00,1.2306,0.0225,0.1761,1.2776,0.0350,0.2073,0.6579,0.0056,0.1794
82.50,1.2307,0.0287,0.2228,1.2841,0.0366,0.2545,0.6646,0.0230,0.2295
83.00,1.2307,0.0345,0.2681,1.2900,0.0382,0.3000,0.6706,0.0278,0.2756
83.50,1.2307,0.0397,0.3120,1.2950,0.0399,0.3438,0.6757,0.0294,0.3193
84.00,1.2308,0.0444,0.3547,1.2998,0.0418,0.3869,0.6805,0.0311,0.3624
84.50,1.2308,0.0487,0.3961,1.3037,0.0434,0.4289,0.6845,0.0327,0.4045
85.00,1.2308,0.0525,0.4365,1.3082,0.0456,0.4695,0.6889,0.0347,0.4451
85.50,1.2309,0.0558,0.4757,1.3111,0.0471,0.5087,0.6919,0.0362,0.4842
86.00,1.2309,0.0586,0.5139,1.3138,0.0487,0.5474,0.6947,0.0377,0.5230
86.50,1.2310,0.0609,0.5510,1.3162,0.0502,0.5848,0.6970,0.0392,0.5603
87.00,1.2310,0.0628,0.5873,1.3177,0.0513,0.6213,0.6987,0.0402,0.5969
87.50,1.2311,0.0643,0.6225,1.3189,0.0521,0.6571,0.6998,0.0410,0.6327
88.00,1.2311,0.0652,0.6569,1.3196,0.0527,0.6919,0.7005,0.0415,0.6675
88.50,1.2312,0.0658,0.6904,1.3201,0.0532,0.7260,0.7011,0.0420,0.7016
89.00,1.2313,0.0659,0.7230,1.3203,0.0533,0.7589,0.7013,0.0422,0.7344
89.50,1.2310,0.0658,0.7559,1.3202,0.0532,0.7920,0.7012,0.0421,0.7676
90.00,1.2309,0.0658,0.7900,1.3199,0.0529,0.8265,0.7009,0.0418,0.8020
90.50,1.2310,0.0654,0.8237,1.3197,0.0526,0.8601,0.7006,0.0415,0.8357
91.00,1.2310,0.0652,0.8564,1.3193,0.0522,0.8923,0.7002,0.0411,0.8679
91.50,1.2308,0.0651,0.8892,1.3191,0.0520,0.9251,0.7001,0.0409,0.9007
92.00,1.2301,0.0651,0.9229,1.3187,0.0514,0.9597,0.6997,0.0403,0.9353
92.50,1.2290,0.0650,0.9575,1.3182,0.0507,0.9942,0.6991,0.0396,0.9698
93.00,1.2275,0.0650,0.9931,1.3176,0.0496,1.0303,0.6984,0.0385,1.0059
93.50,1.2255,0.0649,1.0295,1.3167,0.0482,1.0668,0.6976,0.0371,1.0424
94.00,1.2230,0.0649,1.0670,1.3155,0.0458,1.1048,0.6962,0.0347,1.0803
94.50,1.2201,0.0648,1.1054,1.3140,0.0428,1.1434,0.6947,0.0318,1.1190
95.00,1.2166,0.0648,1.1449,1.3130,0.0405,1.1833,0.6937,0.0295,1.1589
95.50,1.2127,0.0647,1.1855,1.3119,0.0376,1.2248,0.6925,0.0266,1.2004
96.00,1.2083,0.0647,1.2273,1.3105,0.0334,1.2671,0.6910,0.0225,1.2427
96.50,1.2035,0.0646,1.2703,1.3092,0.0288,1.3101,0.6895,0.0179,1.2856
97.00,1.1981,0.0646,1.3145,1.3077,0.0227,1.3549,0.6879,0.0119,1.3305
97.50,1.1923,0.0646,1.3602,1.3066,0.0174,1.4007,0.6867,0.0066,1.3762
98.00,1.1859,0.0646,1.4073,1.3056,0.0107,1.4475,0.6856,-0.0001,1.4230
98.50,1.1791,0.0645,1.4561,1.3050,0.0036,1.4967,0.6847,-0.0072,1.4723
99.00,1.1718,0.0645,1.5066,1.3046,-0.0048,1.5475,0.6841,-0.0156,1.5231
99.50,1.1640,0.0645,1.5590,1.3046,-0.0141,1.6005,0.6410,0.0553,1.5621
100.00,1.1561,0.0645,1.6123,1.3043,-0.0101,1.6540,0.6408,0.0593,1.6156
100.50,1.1530,0.0645,1.6332,1.3039,-0.0065,1.6792,0.6406,0.0630,1.6408
101.00,1.1530,0.0645,1.6332,1.3039,-0.0065,1.6792,0.6406,0.0630,1.6408
101.50,1.1538,0.0513,1.6332,1.3053,-0.0195,1.6796,0.6415,0.0499,1.6412
102.00,1.1551,0.0313,1.6332,1.3076,-0.0404,1.6804,0.6430,0.0289,1.6420
102.50,1.1563,0.0114,1.6332,1.3098,-0.0602,1.6807,0.6106,0.0090,1.6394
103.00,1.1576,-0.0086,1.6332,1.3119,-0.0789,1.6809,0.6050,-0.0097,1.6391
103.50,1.1588,-0.0286,1.6332,1.3143,-0.1002,1.6815,0.6064,-0.0312,1.6396
104.00,1.1601,-0.0485,1.6332,1.3166,-0.1215,1.6819,0.6079,-0.0525,1.6401
104.50,1.1613,-0.0685,1.6332,1.3187,-0.1400,1.6822,0.6092,-0.0711,1.6403
105.00,1.1626,-0.0884,1.6332,1.3208,-0.1584,1.6825,0.6197,-0.0896,1.6371
105.50,1.1638,-0.1084,1.6332,1.3229,-0.1779,1.6823,0.6210,-0.1092,1.6369
106.00,1.1651,-0.1284,1.6332,1.3254,-0.2003,1.6827,0.6225,-0.1317,1.6373
106.50,1.1663,-0.1483,1.6332,1.3278,-0.2211,1.6831,0.6239,-0.1525,1.6377
107.00,1.1676,-0.1683,1.6332,1.3301,-0.2415,1.6828,0.6253,-0.1731,1.6374
107.50,1.1687,-0.1866,1.6332,1.3324,-0.2616,1.6832,0.6167,-0.1833,1.6379
108.00,1.1687,-0.1870,1.6332,1.3325,-0.2626,1.6839,0.6167,-0.1843,1.6385
108.50,1.1687,-0.1870,1.6332,1.3325,-0.2626,1.6837,0.6167,-0.1843,1.6384
109.00,1.1687,-0.1870,1.6332,1.3325,-0.2626,1.6840,0.6167,-0.1843,1.6386
109.50,1.1687,-0.1870,1.6332,1.3325,-0.2626,1.6841,0.6167,-0.1843,1.6387
110.00,1.1687,-0.1870,1.6332,1.3325,-0.2626,1.6846,0.6167,-0.1843,1.6392
110.50,1.1662,-0.1870,1.6976,1.3321,-0.2599,1.7357,0.6165,-0.1815,1.6903
111.00,1.1551,-0.1869,1.9040,1.3289,-0.2478,1.9368,0.6138,-0.1693,1.8914
111.50,1.1390,-0.1866,2.1031,1.3202,-0.2307,2.1366,0.6059,-0.1518,2.0913
112.00,1.1331,-0.1864,2.2580,1.3171,-0.2265,2.2992,0.6030,-0.1474,2.2539
112.50,1.1329,-0.1864,2.2957,1.3169,-0.2263,2.3451,0.6029,-0.1472,2.2998
113.00,1.1329,-0.1864,2.2957,1.3170,-0.2263,2.3451,0.6029,-0.1472,2.2997
113.50,1.1329,-0.1864,2.2957,1.3170,-0.2263,2.3459,0.6029,-0.1472,2.3006
114.00,1.1417,-0.1963,2.2957,1.3251,-0.2347,2.3459,0.6107,-0.1560,2.3005
114.50,1.1550,-0.2113,2.2957,1.3386,-0.2484,2.3458,0.6235,-0.1703,2.3004
115.00,1.1682,-0.2262,2.2957,1.3518,-0.2619,2.3459,0.6361,-0.1844,2.3005
115.50,1.1815,-0.2412,2.2957,1.3657,-0.2761,2.3461,0.6156,-0.2328,2.2979
116.00,1.1948,-0.2562,2.2957,1.3827,-0.2934,2.3466,0.6249,-0.2578,2.2977
116.50,1.2080,-0.2712,2.2957,1.3955,-0.3064,2.3466,0.6370,-0.2715,2.2977
117.00,1.2213,-0.2861,2.2957,1.4107,-0.3219,2.3472,0.6515,-0.2877,2.2984
117.50,1.2345,-0.3011,2.2957,1.4257,-0.3372,2.3481,0.6657,-0.3037,2.2992
118.00,1.2478,-0.3161,2.2957,1.4370,-0.3487,2.3481,0.6870,-0.3152,2.3027
118.50,1.2611,-0.3310,2.2957,1.4512,-0.3631,2.3486,0.7005,-0.3302,2.3032
119.00,1.2743,-0.3460,2.2957,1.4647,-0.3768,2.3490,0.7134,-0.3445,2.3036
119.50,1.2876,-0.3610,2.2957,1.4789,-0.3912,2.3495,0.7270,-0.3596,2.3041
120.00,1.3008,-0.3760,2.2957,1.4941,-0.4066,2.3497,0.7243,-0.3760,2.3015
120.50,1.3053,-0.3810,2.2957,1.4996,-0.4122,2.3498,0.7261,-0.3820,2.3009
121.00,1.3053,-0.3810,2.2957,1.4996,-0.4122,2.3498,0.7261,-0.3820,2.3009
121.50,1.3053,-0.3810,2.2957,1.4996,-0.4122,2.3505,0.7261,-0.3820,2.3016
122.00,1.3053,-0.3810,2.2957,1.4996,-0.4122,2.3507,0.7261,-0.3820,2.3019
122.50,1.3053,-0.3810,2.2957,1.4996,-0.4122,2.3511,0.7261,-0.3820,2.3022
123.00,1.3053,-0.3810,2.2957,1.4996,-0.4122,2.3513,0.7261,-0.3820,2.3024
123.50,1.3053,-0.3810,2.2957,1.4996,-0.4122,2.3517,0.7261,-0.3820,2.3029
124.00,1.3053,-0.3810,2.2957,1.4996,-0.4122,2.3522,0.7261,-0.3820,2.3033
124.50,1.3053,-0.3810,2.2957,1.4996,-0.4122,2.3525,0.7261,-0.3820,2.3036
125.00,1.3053,-0.3810,2.2957,1.4996,-0.4122,2.3529,0.7261,-0.3820,2.3041
125.50,1.3053,-0.3810,2.2798,1.4996,-0.4122,2.3407,0.7261,-0.3819,2.2918
126.00,1.3056,-0.3811,2.2468,1.4996,-0.4122,2.3076,0.7261,-0.3820,2.2587
126.50,1.3063,-0.3811,2.2130,1.5000,-0.4127,2.2740,0.7265,-0.3825,2.2252
127.00,1.3075,-0.3812,2.1782,1.5005,-0.4132,2.2395,0.7269,-0.3831,2.1906
127.50,1.3091,-0.3812,2.1426,1.5013,-0.4143,2.2036,0.7277,-0.3842,2.1547
128.00,1.3112,-0.3813,2.1059,1.5019,-0.4152,2.1678,0.7283,-0.3851,2.1190
128.50,1.3138,-0.3813,2.0683,1.5037,-0.4179,2.1308,0.7299,-0.3879,2.0819
129.00,1.3168,-0.3814,2.0297,1.5054,-0.4207,2.0926,0.7314,-0.3907,2.0437
129.50,1.3203,-0.3814,1.9900,1.5075,-0.4245,2.0538,0.7334,-0.3947,2.0049
130.00,1.3243,-0.3815,1.9492,1.5098,-0.4291,2.0127,0.7354,-0.3994,1.9639
130.50,1.3287,-0.3815,1.9073,1.5116,-0.4331,1.9713,0.7370,-0.4035,1.9224
131.00,1.3337,-0.3815,1.8641,1.5139,-0.4390,1.9281,0.7706,-0.3852,1.8706
131.50,1.3391,-0.3816,1.8196,1.5158,-0.4446,1.8840,0.7787,-0.3858,1.8246
132.00,1.3451,-0.3816,1.7737,1.5178,-0.4511,1.8381,0.7802,-0.3924,1.7788
132.50,1.3515,-0.3816,1.7263,1.5193,-0.4571,1.7911,0.7814,-0.3986,1.7318
133.00,1.3584,-0.3816,1.6773,1.5209,-0.4649,1.7426,0.7825,-0.4064,1.6833
133.50,1.3658,-0.3816,1.6264,1.5218,-0.4714,1.6923,0.7830,-0.4130,1.6330
134.00,1.3736,-0.3816,1.5737,1.5227,-0.4801,1.6403,0.7834,-0.4217,1.5810
134.50,1.3815,-0.3816,1.5206,1.5224,-0.4741,1.5880,0.8177,-0.3707,1.5252
135.00,1.3889,-0.3816,1.4696,1.5225,-0.4679,1.5375,0.8182,-0.3645,1.4747
135.50,1.3959,-0.3816,1.4204,1.5228,-0.4608,1.4883,0.8190,-0.3574,1.4255
136.00,1.4023,-0.3816,1.3729,1.5235,-0.4547,1.4415,0.8200,-0.3513,1.3786
136.50,1.4083,-0.3816,1.3268,1.5242,-0.4499,1.3956,0.8211,-0.3467,1.3328
137.00,1.4138,-0.3815,1.2822,1.5251,-0.4453,1.3507,0.8223,-0.3421,1.2879
137.50,1.4188,-0.3815,1.2388,1.5264,-0.4402,1.3078,0.8238,-0.3371,1.2449
138.00,1.4234,-0.3815,1.1967,1.5273,-0.4371,1.2659,0.8249,-0.3340,1.2031
138.50,1.4274,-0.3814,1.1558,1.5291,-0.4317,1.2252,0.8681,-0.3701,1.1595
139.00,1.4309,-0.3814,1.1160,1.5301,-0.4289,1.1860,0.8777,-0.3758,1.1197
139.50,1.4340,-0.3813,1.0773,1.5312,-0.4264,1.1470,0.8789,-0.3734,1.0807
140.00,1.4366,-0.3813,1.0396,1.5322,-0.4243,1.1094,0.8801,-0.3713,1.0431
140.50,1.4388,-0.3812,1.0028,1.5337,-0.4214,1.0723,0.8818,-0.3686,1.0060
141.00,1.4404,-0.3812,0.9671,1.5343,-0.4203,1.0372,0.8825,-0.3675,0.9708
141.50,1.4416,-0.3811,0.9322,1.5350,-0.4193,1.0026,0.8832,-0.3665,0.9363
142.00,1.4424,-0.3811,0.8983,1.5353,-0.4188,0.9685,0.8836,-0.3660,0.9022
142.50,1.4428,-0.3810,0.8652,1.5355,-0.4185,0.9352,0.8838,-0.3657,0.8689
143.00,1.4427,-0.3809,0.8327,1.5355,-0.4184,0.9029,0.8838,-0.3657,0.8365
143.50,1.4427,-0.3805,0.7992,1.5360,-0.4179,0.8694,0.8843,-0.3652,0.8031
144.00,1.4427,-0.3804,0.7650,1.5361,-0.4177,0.8360,0.8844,-0.3651,0.7697
144.50,1.4430,-0.3803,0.7318,1.5362,-0.4177,0.8032,0.8845,-0.3650,0.7369
145.00,1.4430,-0.3803,0.6993,1.5361,-0.4177,0.7710,0.8844,-0.3650,0.7047
145.50,1.4429,-0.3806,0.6711,1.5360,-0.4179,0.7433,0.8843,-0.3652,0.6769
146.00,1.4429,-0.3814,0.6371,1.5352,-0.4186,0.7090,0.8834,-0.3658,0.6427
146.50,1.4428,-0.3827,0.6022,1.5344,-0.4193,0.6746,0.8826,-0.3665,0.6083
147.00,1.4428,-0.3844,0.5664,1.5334,-0.4200,0.6392,0.8816,-0.3671,0.5729
147.50,1.4427,-0.3865,0.5296,1.5315,-0.4213,0.6023,0.8796,-0.3684,0.5360
148.00,1.4427,-0.3891,0.4918,1.5289,-0.4231,0.5647,0.8768,-0.3699,0.4984
148.50,1.4426,-0.3922,0.4531,1.5264,-0.4246,0.5261,0.8742,-0.3713,0.4598
149.00,1.4426,-0.3958,0.4132,1.5227,-0.4266,0.4869,0.8705,-0.3730,0.4206
149.50,1.4425,-0.3999,0.3722,1.5190,-0.4285,0.4463,0.8666,-0.3747,0.3800
150.00,1.4425,-0.4044,0.3301,1.5152,-0.4303,0.4046,0.8627,-0.3762,0.3383
150.50,1.4425,-0.4094,0.2867,1.5115,-0.4317,0.3615,0.8589,-0.3774,0.2952
151.00,1.4424,-0.4149,0.2420,1.5068,-0.4334,0.3172,0.8541,-0.3787,0.2509
151.50,1.4630,-0.4219,0.1366,1.5269,-0.4280,0.2235,0.8745,-0.3747,0.1572
152.00,1.5458,-0.4381,-0.0418,1.6054,-0.4192,0.0311,0.9534,-0.3711,-0.0352
152.50,1.6721,-0.4475,-0.0339,1.7378,-0.4175,0.0239,1.1257,-0.4379,-0.0494
153.00,1.7874,-0.4470,0.1634,1.8521,-0.4060,0.2095,1.2202,-0.4357,0.1537
153.50,1.9104,-0.4318,0.3302,1.9683,-0.3685,0.3930,1.3545,-0.4131,0.3453
154.00,1.9922,-0.4049,0.3278,2.0516,-0.3322,0.4041,1.4427,-0.3917,0.3483
154.50,2.0823,-0.3878,0.1580,2.1405,-0.3012,0.2464,1.5329,-0.3652,0.1801
155.00,2.2101,-0.3800,-0.0953,2.2765,-0.2863,-0.0192,1.6656,-0.3785,-0.1030
155.50,2.3387,-0.3895,-0.1660,2.4080,-0.2961,-0.1042,1.7758,-0.3930,-0.1781
156.00,2.4676,-0.4060,-0.0517,2.5359,-0.3050,-0.0040,1.9088,-0.4020,-0.0604
156.50,2.5972,-0.4130,0.1340,2.6703,-0.2912,0.1954,2.0436,-0.3865,0.1494
157.00,2.7258,-0.3975,0.1338,2.8007,-0.2626,0.2106,2.1651,-0.3930,0.1507
157.50,2.8553,-0.3862,0.0365,2.9320,-0.2413,0.1091,2.2972,-0.3789,0.0352
158.00,2.9852,-0.3842,0.0022,3.0636,-0.2299,0.0708,2.4393,-0.3775,0.0004
158.50,3.1152,-0.3845,0.0000,3.2052,-0.2203,0.0691,2.5613,-0.3777,0.0028
159.00,3.2452,-0.3860,-0.0072,3.3297,-0.2120,0.0619,2.6660,-0.3777,-0.0050
159.50,3.3752,-0.3863,0.0167,3.4582,-0.2039,0.0807,2.8230,-0.3782,0.0139
160.00,3.5052,-0.3820,0.0228,3.5846,-0.1918,0.0948,2.9516,-0.3746,0.0314
160.50,3.6352,-0.3818,0.0200,3.7207,-0.1808,0.0825,3.0782,-0.3723,0.0191
161.00,3.7651,-0.3766,0.0330,3.8486,-0.1675,0.1059,3.1967,-0.3675,0.0425
161.50,3.8950,-0.3788,-0.0369,3.9715,-0.1577,0.0402,3.3299,-0.3649,-0.0302
162.00,4.0248,-0.3889,-0.0740,4.1099,-0.1565,-0.0083,3.4780,-0.3835,-0.0821
162.50,4.1546,-0.3931,-0.0250,4.2452,-0.1544,0.0433,3.6130,-0.3919,-0.0201
163.00,4.2845,-0.3969,-0.0598,4.3748,-0.1489,0.0176,3.7327,-0.3844,-0.0458
163.50,4.4140,-0.4099,-0.1085,4.5074,-0.1510,-0.0401,3.8731,-0.3968,-0.1117
164.00,4.5435,-0.4187,-0.0173,4.6371,-0.1522,0.0460,4.0040,-0.4064,-0.0174
164.50,4.6735,-0.4191,-0.0008,4.7627,-0.1425,0.0813,4.1198,-0.4045,0.0214
165.00,4.7964,-0.4239,-0.1740,4.8869,-0.1402,-0.0782,4.2539,-0.4181,-0.1590
165.50,4.9201,-0.4413,-0.3810,5.0153,-0.1653,-0.2955,4.3780,-0.4445,-0.3868
166.00,5.0388,-0.4889,-0.4362,5.1347,-0.2074,-0.3620,4.4943,-0.4769,-0.4394
166.50,5.1561,-0.5461,-0.4575,5.2609,-0.2559,-0.3834,4.6163,-0.5353,-0.4538
167.00,5.2733,-0.6011,-0.4396,5.3835,-0.3039,-0.3610,4.7251,-0.5919,-0.4314
167.50,5.3901,-0.6612,-0.4842,5.5097,-0.3536,-0.3982,4.8412,-0.6498,-0.4744
168.00,5.5022,-0.7298,-0.5824,5.6281,-0.4098,-0.4925,4.9619,-0.7142,-0.5768
168.50,5.6062,-0.8075,-0.6998,5.7379,-0.4777,-0.6118,5.0557,-0.7909,-0.6962
169.00,5.7029,-0.8947,-0.7744,5.8459,-0.5598,-0.6877,5.1462,-0.8820,-0.7721
169.50,5.7932,-0.9887,-0.8359,5.9425,-0.6443,-0.7505,5.2551,-0.9764,-0.8285
170.00,5.8762,-1.0888,-0.9209,6.0329,-0.7362,-0.8386,5.3387,-1.0627,-0.9265
170.50,5.9522,-1.1938,-0.9488,6.1208,-0.8383,-0.8729,5.4069,-1.1924,-0.9538
171.00,6.0124,-1.2774,-0.9609,6.1866,-0.9162,-0.8798,5.4756,-1.2658,-0.9536
171.50,6.0357,-1.3110,-0.9962,6.2146,-0.9510,-0.9152,5.5013,-1.3123,-0.9925
172.00,6.0348,-1.3116,-1.0326,6.2142,-0.9505,-0.9515,5.4916,-1.3014,-1.0323
172.50,6.0323,-1.3116,-1.0702,6.2129,-0.9485,-0.9896,5.4904,-1.2993,-1.0704
173.00,6.0293,-1.3115,-1.1087,6.2110,-0.9455,-1.0276,5.4888,-1.2961,-1.1085
173.50,6.0259,-1.3115,-1.1483,6.2091,-0.9421,-1.0674,5.4872,-1.2926,-1.1482
174.00,6.0219,-1.3114,-1.1890,6.2069,-0.9380,-1.1082,5.4854,-1.2883,-1.1891
174.50,6.0175,-1.3114,-1.2309,6.2050,-0.9338,-1.1498,5.4837,-1.2840,-1.2307
175.00,6.0126,-1.3113,-1.2739,6.2032,-0.9295,-1.1928,5.4823,-1.2795,-1.2736
175.50,6.0072,-1.3113,-1.3183,6.2013,-0.9244,-1.2367,5.4808,-1.2743,-1.3176
176.00,6.0048,-1.3113,-1.3313,6.2007,-0.9226,-1.2583,5.4803,-1.2724,-1.3391
176.50,6.0100,-1.3113,-1.2865,6.2025,-0.9280,-1.2121,5.4818,-1.2780,-1.2929
177.00,6.0150,-1.3114,-1.2430,6.2045,-0.9329,-1.1680,5.4834,-1.2831,-1.2488
177.50,6.0196,-1.3114,-1.2008,6.2067,-0.9376,-1.1251,5.4851,-1.2879,-1.2059
178.00,6.0237,-1.3114,-1.1598,6.2090,-0.9424,-1.0837,5.4871,-1.2928,-1.1646
178.50,6.0273,-1.3115,-1.1199,6.2108,-0.9455,-1.0438,5.4886,-1.2961,-1.1246
179.00,6.0304,-1.3115,-1.0810,6.2119,-0.9473,-1.0046,5.4896,-1.2980,-1.0855
179.50,6.0315,-1.3116,-1.0657,6.2124,-0.9481,-0.9862,5.4900,-1.2988,-1.0670
180.00,6.0315,-1.3116,-1.0657,6.2124,-0.9481,-0.9858,5.4900,-1.2988,-1.0667
180.50,6.0315,-1.3116,-1.0657,6.2124,-0.9481,-0.9854,5.4900,-1.2988,-1.0663
181.00,6.0315,-1.3116,-1.0657,6.2124,-0.9481,-0.9853,5.4900,-1.2988,-1.0661
181.50,6.0315,-1.3116,-1.0657,6.2124,-0.9481,-0.9852,5.4900,-1.2988,-1.0661
182.00,6.0335,-1.3116,-1.0178,6.2138,-0.9501,-0.9478,5.4912,-1.3009,-1.0286
182.50,6.0380,-1.3118,-0.8618,6.2161,-0.9529,-0.7963,5.4933,-1.3039,-0.8772
183.00,6.0373,-1.3116,-0.6959,6.2150,-0.9519,-0.6303,5.4923,-1.3029,-0.7111
183.50,6.0370,-1.3062,-0.5201,6.2105,-0.9492,-0.4549,5.4880,-1.2998,-0.5358
184.00,6.0368,-1.2961,-0.3944,6.1991,-0.9447,-0.3158,5.4770,-1.2944,-0.3966
184.50,6.0368,-1.2917,-0.3518,6.1954,-0.9436,-0.2725,5.4734,-1.2930,-0.3534
185.00,6.0368,-1.2870,-0.3091,6.1908,-0.9425,-0.2301,5.4689,-1.2915,-0.3110
185.50,6.0368,-1.2854,-0.2955,6.1888,-0.9420,-0.2117,5.4670,-1.2909,-0.2926
186.00,6.0368,-1.2854,-0.2955,6.1888,-0.9420,-0.2115,5.4670,-1.2909,-0.2923
186.50,6.0241,-1.2815,-0.2955,6.1773,-0.9395,-0.2113,5.4557,-1.2875,-0.2922
187.00,6.0049,-1.2757,-0.2955,6.1572,-0.9352,-0.2114,5.4360,-1.2816,-0.2923
187.50,5.9858,-1.2699,-0.2955,6.1403,-0.9316,-0.2110,5.4494,-1.2566,-0.2919
188.00,5.9667,-1.2640,-0.2955,6.1175,-0.9267,-0.2110,5.4272,-1.2499,-0.2919
188.50,5.9475,-1.2582,-0.2955,6.0982,-0.9226,-0.2108,5.4083,-1.2442,-0.2917
189.00,5.9284,-1.2524,-0.2955,6.0748,-0.9176,-0.2108,5.3853,-1.2373,-0.2917
189.50,5.9093,-1.2466,-0.2955,6.0544,-0.9132,-0.2106,5.3653,-1.2413,-0.2915
190.00,5.8901,-1.2407,-0.2955,6.0340,-0.9088,-0.2101,5.3453,-1.2353,-0.2909
190.50,5.8710,-1.2349,-0.2955,6.0133,-0.9044,-0.2100,5.3251,-1.2292,-0.2909
191.00,5.8519,-1.2291,-0.2955,5.9930,-0.9001,-0.2097,5.3052,-1.2233,-0.2905
191.50,5.8327,-1.2233,-0.2955,5.9749,-0.8963,-0.2090,5.2874,-1.2180,-0.2899
192.00,5.8136,-1.2174,-0.2955,5.9522,-0.8915,-0.2084,5.2654,-1.2006,-0.2928
192.50,5.7951,-1.2118,-0.2955,5.9335,-0.8875,-0.2077,5.2472,-1.1951,-0.2920
193.00,5.7944,-1.2078,-0.2541,5.9286,-0.8866,-0.1699,5.2423,-1.1938,-0.2542
193.50,5.7943,-1.2019,-0.2084,5.9218,-0.8856,-0.1238,5.2356,-1.1922,-0.2082
194.00,5.7943,-1.1956,-0.1612,5.9143,-0.8848,-0.0760,5.2282,-1.1908,-0.1603
194.50,5.7943,-1.1887,-0.1124,5.9070,-0.8844,-0.0275,5.2210,-1.1898,-0.1119
195.00,5.7943,-1.1814,-0.0618,5.8995,-0.8844,0.0233,5.2135,-1.1891,-0.0610
195.50,5.7943,-1.1736,-0.0092,5.8930,-0.8847,0.0763,5.2070,-1.1889,-0.0080
196.00,5.7943,-1.1704,0.0124,5.8928,-0.8847,0.1030,5.2068,-1.1889,0.0186
196.50,5.7943,-1.1704,0.0124,5.8928,-0.8847,0.1031,5.2068,-1.1889,0.0187
197.00,5.7943,-1.1704,0.0124,5.8928,-0.8847,0.1037,5.2068,-1.1889,0.0193
197.50,5.7943,-1.1704,0.0124,5.8928,-0.8847,0.1043,5.2068,-1.1889,0.0200
198.00,5.7943,-1.1704,0.0124,5.8928,-0.8847,0.1046,5.2068,-1.1889,0.0202
198.50,5.7943,-1.1679,0.0791,5.8951,-0.8844,0.1572,5.2091,-1.1887,0.0729
199.00,5.7943,-1.1568,0.2919,5.9057,-0.8814,0.3649,5.2199,-1.1867,0.2805
199.50,5.7945,-1.1396,0.4964,5.9235,-0.8724,0.5697,5.2385,-1.1792,0.4854
200.00,5.7948,-1.1318,0.6500,5.9301,-0.8675,0.7319,5.2454,-1.1749,0.6475
200.50,5.7948,-1.1312,0.6816,5.9304,-0.8672,0.7700,5.2458,-1.1746,0.6857
201.00,5.7948,-1.1312,0.6816,5.9304,-0.8672,0.7699,5.2458,-1.1746,0.6855
201.50,5.7948,-1.1312,0.6816,5.9304,-0.8672,0.7700,5.2458,-1.1746,0.6857
202.00,5.7948,-1.1312,0.6816,5.9304,-0.8672,0.7703,5.2458,-1.1746,0.6859
202.50,5.7948,-1.1312,0.6816,5.9304,-0.8672,0.7705,5.2458,-1.1746,0.6861
203.00,5.7948,-1.1312,0.6816,5.9304,-0.8672,0.7707,5.2458,-1.1746,0.6863
203.50,5.7948,-1.1312,0.6816,5.9304,-0.8672,0.7708,5.2458,-1.1746,0.6864
204.00,5.7948,-1.1312,0.6816,5.9304,-0.8672,0.7706,5.2458,-1.1746,0.6863
204.50,5.7948,-1.1312,0.6816,5.9304,-0.8672,0.7712,5.2458,-1.1746,0.6869
205.00,5.7948,-1.1312,0.6816,5.9304,-0.8672,0.7714,5.2458,-1.1746,0.6871
205.50,5.7948,-1.1311,0.7014,5.9307,-0.8670,0.7893,5.2461,-1.1744,0.7050
206.00,5.7949,-1.1310,0.7339,5.9308,-0.8669,0.8221,5.2461,-1.1743,0.7377
206.50,5.7946,-1.1311,0.7672,5.9307,-0.8670,0.8550,5.2461,-1.1744,0.7707
207.00,5.7946,-1.1312,0.8014,5.9307,-0.8670,0.8891,5.2460,-1.1744,0.8048
207.50,5.7946,-1.1317,0.8347,5.9302,-0.8676,0.9224,5.2455,-1.1750,0.8380
208.00,5.7946,-1.1318,0.8672,5.9302,-0.8676,0.9552,5.2455,-1.1750,0.8708
208.50,5.7943,-1.1318,0.9004,5.9299,-0.8680,0.9885,5.2452,-1.1754,0.9042
209.00,5.7935,-1.1319,0.9344,5.9293,-0.8690,1.0230,5.2445,-1.1763,0.9386
209.50,5.7922,-1.1319,0.9693,5.9286,-0.8701,1.0578,5.2438,-1.1774,0.9734
210.00,5.7905,-1.1320,1.0051,5.9280,-0.8712,1.0938,5.2431,-1.1784,1.0095
210.50,5.7883,-1.1320,1.0419,5.9271,-0.8731,1.1307,5.2420,-1.1802,1.0464
211.00,5.7857,-1.1321,1.0797,5.9261,-0.8754,1.1682,5.2408,-1.1824,1.0838
211.50,5.7826,-1.1321,1.1185,5.9252,-0.8775,1.2068,5.2397,-1.1844,1.1225
212.00,5.7790,-1.1322,1.1584,5.9240,-0.8810,1.2470,5.2382,-1.1878,1.1627
212.50,5.7750,-1.1322,1.1993,5.9225,-0.8858,1.2886,5.2363,-1.1925,1.2042
213.00,5.7704,-1.1322,1.2415,5.9214,-0.8898,1.3305,5.2349,-1.1964,1.2461
213.50,5.7654,-1.1323,1.2849,5.9203,-0.8947,1.3738,5.2334,-1.2012,1.2894
214.00,5.7598,-1.1323,1.3296,5.9191,-0.9013,1.4187,5.2316,-1.2077,1.3344
214.50,5.7538,-1.1323,1.3758,5.9184,-0.9070,1.4653,5.2304,-1.2132,1.3809
215.00,5.7473,-1.1324,1.4234,5.9178,-0.9142,1.5131,5.2292,-1.2203,1.4288
215.50,5.7403,-1.1324,1.4727,5.9175,-0.9216,1.5623,5.2283,-1.2277,1.4780
216.00,5.7329,-1.1324,1.5239,5.9176,-0.9308,1.6136,5.2277,-1.2369,1.5292
216.50,5.7245,-1.1270,1.5937,5.9175,-0.9297,1.6758,5.1876,-1.1258,1.5914
217.00,5.7077,-1.0699,1.7662,5.9056,-0.8728,1.8497,5.1806,-1.0681,1.7654
217.50,5.6798,-0.9582,1.9313,5.8665,-0.7678,2.0131,5.1308,-0.9501,1.9323
218.00,5.6404,-0.8456,2.1464,5.8061,-0.6654,2.2228,5.0956,-0.8433,2.1460
218.50,5.5742,-0.7597,2.3662,5.7310,-0.5864,2.4428,5.0403,-0.7587,2.3690
219.00,5.4883,-0.6864,2.5874,5.6385,-0.5248,2.6640,4.9443,-0.6804,2.5901
219.50,5.3982,-0.6263,2.8473,5.5356,-0.4868,2.9232,4.8413,-0.6267,2.8493
220.00,5.2808,-0.5752,-3.1395,5.4052,-0.4774,-3.0589,4.7246,-0.5874,-3.1299
220.50,5.1516,-0.5632,-2.9686,5.2759,-0.5019,-2.8709,4.6091,-0.5719,-2.9552
221.00,5.0239,-0.5838,-2.9660,5.1483,-0.5400,-2.8548,4.4774,-0.5764,-2.9526
221.50,4.8948,-0.6005,3.1358,5.0183,-0.5692,-3.0233,4.3431,-0.5878,-3.1338
222.00,4.7654,-0.6039,2.9933,4.8831,-0.5727,3.0994,4.2108,-0.5841,2.9860
222.50,4.6368,-0.5873,3.0341,4.7563,-0.5676,3.1305,4.0947,-0.5755,3.0304
223.00,4.5071,-0.5788,3.1053,4.6250,-0.5717,-3.0755,3.9616,-0.5707,3.1132
223.50,4.3772,-0.5749,3.1105,4.4834,-0.5821,-3.0676,3.8316,-0.5663,3.1173
224.00,4.2472,-0.5748,3.1312,4.3503,-0.5930,-3.0486,3.6971,-0.5636,3.1357
224.50,4.1172,-0.5752,3.1387,4.2226,-0.6057,-3.0396,3.5748,-0.5637,-3.1379
225.00,3.9872,-0.5746,3.1375,4.0904,-0.6191,-3.0410,3.4466,-0.5640,-3.1411
225.50,3.8572,-0.5741,3.1377,3.9626,-0.6320,-3.0412,3.3247,-0.5640,-3.1412
226.00,3.7272,-0.5737,3.1379,3.8307,-0.6454,-3.0407,3.1943,-0.5642,-3.1407
226.50,3.5972,-0.5730,3.1370,3.6886,-0.6597,-3.0414,3.0561,-0.5645,3.1400
227.00,3.4672,-0.5724,3.1372,3.5592,-0.6727,-3.0410,2.9459,-0.5646,3.1404
227.50,3.3372,-0.5717,3.1362,3.4234,-0.6864,-3.0417,2.8217,-0.5644,3.1414
228.00,3.2072,-0.5709,3.1359,3.2883,-0.6999,-3.0418,2.6907,-0.5647,3.1396
228.50,3.0772,-0.5701,3.1359,3.1603,-0.7127,-3.0420,2.5555,-0.5651,3.1385
229.00,2.9472,-0.5695,3.1400,3.0238,-0.7263,-3.0422,2.4252,-0.5596,3.1383
229.50,2.8172,-0.5729,-3.1240,2.8918,-0.7413,-3.0185,2.2876,-0.5603,-3.1159
230.00,2.6872,-0.5715,3.1313,2.7616,-0.7563,-3.0435,2.1525,-0.5683,3.1358
230.50,2.5573,-0.5686,3.1338,2.6313,-0.7679,-3.0483,2.0193,-0.5609,3.1340
231.00,2.4299,-0.5718,-3.1291,2.5024,-0.7819,-3.0239,1.8891,-0.5614,-3.1237
231.50,2.3177,-0.5717,-3.1367,2.3943,-0.7944,-3.0315,1.7712,-0.5632,-3.1327
232.00,2.2082,-0.5711,3.1411,2.2884,-0.8057,-3.0371,1.6568,-0.5638,-3.1386
232.50,2.1059,-0.5707,3.1397,2.1911,-0.8159,-3.0381,1.5550,-0.5639,-3.1396
233.00,2.0035,-0.5705,3.1393,2.0856,-0.8268,-3.0380,1.4570,-0.5636,-3.1395
233.50,1.9020,-0.5703,3.1399,1.9852,-0.8373,-3.0378,1.3590,-0.5638,-3.1411
234.00,1.7836,-0.5704,3.1411,1.8644,-0.8499,-3.0364,1.2459,-0.5633,-3.1379
234.50,1.6536,-0.5703,3.1407,1.7339,-0.8637,-3.0362,1.1183,-0.5632,-3.1377
235.00,1.5236,-0.5704,-3.1412,1.6000,-0.8779,-3.0352,1.0067,-0.5660,-3.1384
235.50,1.3936,-0.5684,3.1303,1.4682,-0.8916,-3.0455,0.8620,-0.5659,3.1344
236.00,1.2636,-0.5672,3.1327,1.3420,-0.9037,-3.0441,0.7479,-0.5645,3.1376
236.50,1.1336,-0.5668,3.1360,1.2039,-0.9175,-3.0401,0.5858,-0.5641,3.1416
237.00,1.0036,-0.5669,3.1402,1.0717,-0.9311,-3.0367,0.4774,-0.5625,-3.1396
237.50,0.8736,-0.5668,3.1353,0.9329,-0.9461,-3.0375,0.3435,-0.5672,-3.1382
238.00,0.7436,-0.5630,3.1227,0.7963,-0.9590,-3.0535,0.2151,-0.5647,3.1253
238.50,0.6136,-0.5645,-3.1385,0.6654,-0.9714,-3.0329,0.1646,-0.5634,-3.1335
239.00,0.4836,-0.5635,3.1353,0.5408,-0.9852,-3.0395,0.0543,-0.5642,-3.1384
239.50,0.3536,-0.5617,3.1313,0.4114,-0.9980,-3.0445,-0.1308,-0.5646,3.1363
240.00,0.2236,-0.5616,3.1374,0.2730,-1.0118,-3.0383,-0.2823,-0.5641,3.1410
240.50,0.0936,-0.5615,3.1394,0.1463,-1.0251,-3.0360,-0.3998,-0.5630,-3.1366
241.00,-0.0364,-0.5600,3.1312,0.0193,-1.0385,-3.0410,-0.4762,-0.5699,3.1404
241.50,-0.1542,-0.5525,3.0911,-0.1078,-1.0494,-3.0794,-0.6263,-0.5587,3.0967
242.00,-0.2137,-0.5423,3.0414,-0.1731,-1.0522,-3.1308,-0.6916,-0.5548,3.0419
242.50,-0.2202,-0.5352,2.9926,-0.1856,-1.0521,3.1030,-0.6876,-0.5526,2.9977
243.00,-0.2202,-0.5288,2.9450,-0.1911,-1.0518,3.0558,-0.6931,-0.5517,2.9505
243.50,-0.2202,-0.5228,2.8989,-0.1957,-1.0513,3.0098,-0.6976,-0.5508,2.9045
244.00,-0.2203,-0.5172,2.8543,-0.2009,-1.0505,2.9648,-0.7027,-0.5495,2.8595
244.50,-0.2203,-0.5122,2.8109,-0.2063,-1.0495,2.9214,-0.6941,-0.5219,2.8161
245.00,-0.2203,-0.5077,2.7688,-0.2116,-1.0482,2.8789,-0.6993,-0.5201,2.7736
245.50,-0.2204,-0.5036,2.7278,-0.2159,-1.0469,2.8378,-0.7034,-0.5184,2.7326
246.00,-0.2204,-0.5001,2.6880,-0.2188,-1.0460,2.7980,-0.7062,-0.5171,2.6927
246.50,-0.2205,-0.4970,2.6492,-0.2222,-1.0447,2.7594,-0.7094,-0.5155,2.6541
247.00,-0.2205,-0.4944,2.6115,-0.2238,-1.0440,2.7217,-0.7110,-0.5147,2.6164
247.50,-0.2206,-0.4922,2.5747,-0.2262,-1.0429,2.6844,-0.7132,-0.5133,2.5791
248.00,-0.2206,-0.4905,2.5389,-0.2278,-1.0421,2.6485,-0.7147,-0.5123,2.5432
248.50,-0.2207,-0.4893,2.5040,-0.2294,-1.0412,2.6137,-0.7162,-0.5113,2.5084
249.00,-0.2207,-0.4885,2.4701,-0.2300,-1.0408,2.5797,-0.7168,-0.5108,2.4744
249.50,-0.2208,-0.4881,2.4369,-0.2305,-1.0405,2.5464,-0.7172,-0.5105,2.4411
250.00,-0.2209,-0.4882,2.4044,-0.2306,-1.0405,2.5136,-0.7173,-0.5104,2.4084
250.50,-0.2213,-0.4882,2.3710,-0.2307,-1.0403,2.4805,-0.7175,-0.5103,2.3752
251.00,-0.2214,-0.4882,2.3368,-0.2309,-1.0402,2.4466,-0.7176,-0.5101,2.3413
251.50,-0.2215,-0.4879,2.3036,-0.2312,-1.0399,2.4136,-0.7179,-0.5098,2.3083
252.00,-0.2215,-0.4879,2.2711,-0.2312,-1.0400,2.3815,-0.7179,-0.5099,2.2763
252.50,-0.2211,-0.4880,2.2379,-0.2308,-1.0403,2.3483,-0.7175,-0.5103,2.2430
253.00,-0.2202,-0.4880,2.2038,-0.2305,-1.0407,2.3145,-0.7173,-0.5106,2.2092
253.50,-0.2189,-0.4881,2.1688,-0.2297,-1.0415,2.2800,-0.7166,-0.5116,2.1747
254.00,-0.2172,-0.4881,2.1328,-0.2285,-1.0430,2.2434,-0.7155,-0.5131,2.1381
254.50,-0.2150,-0.4882,2.0959,-0.2268,-1.0452,2.2069,-0.7141,-0.5155,2.1016
255.00,-0.2123,-0.4882,2.0581,-0.2260,-1.0463,2.1689,-0.7134,-0.5167,2.0636
255.50,-0.2091,-0.4883,2.0192,-0.2243,-1.0489,2.1302,-0.7120,-0.5195,2.0249
256.00,-0.2055,-0.4883,1.9792,-0.2225,-1.0520,2.0898,-0.7105,-0.5227,1.9845
256.50,-0.2014,-0.4884,1.9381,-0.2206,-1.0555,2.0488,-0.7089,-0.5264,1.9435
257.00,-0.1968,-0.4884,1.8958,-0.2187,-1.0593,2.0063,-0.7075,-0.5304,1.9010
257.50,-0.1917,-0.4884,1.8523,-0.2169,-1.0634,1.9628,-0.7061,-0.5347,1.8575
258.00,-0.1861,-0.4885,1.8074,-0.2154,-1.0673,1.9182,-0.7050,-0.5387,1.8129
258.50,-0.1801,-0.4885,1.7611,-0.2136,-1.0726,1.8716,-0.7038,-0.5442,1.7663
259.00,-0.1719,-0.4677,1.6532,-0.2182,-1.0544,1.7742,-0.7065,-0.5256,1.6690
259.50,-0.1570,-0.3847,1.5345,-0.2281,-0.9729,1.6426,-0.7078,-0.4435,1.5373
260.00,-0.1454,-0.2571,1.5144,-0.2338,-0.8460,1.6106,-0.5861,-0.2629,1.5054
260.50,-0.1434,-0.1439,1.6754,-0.2448,-0.7327,1.7621,-0.6193,-0.1490,1.6751
261.00,-0.1541,-0.0199,1.7827,-0.2786,-0.6074,1.8861,-0.6281,-0.0239,1.7995
261.50,-0.1719,0.0631,1.7125,-0.3064,-0.5185,1.8291,-0.6442,0.0663,1.7360
262.00,-0.1815,0.1393,1.4769,-0.3176,-0.4429,1.5922,-0.6435,0.1322,1.4835
262.50,-0.1735,0.2593,1.3775,-0.3118,-0.3251,1.4780,-0.6431,0.2477,1.3675
263.00,-0.1452,0.3860,1.3030,-0.2963,-0.1948,1.4092,-0.6128,0.3817,1.3068
263.50,-0.1092,0.5107,1.2828,-0.2744,-0.0757,1.3816,-0.5542,0.5003,1.2850
264.00,-0.0750,0.6358,1.3003,-0.2507,0.0562,1.3972,-0.5455,0.6346,1.3041
264.50,-0.0423,0.7614,1.3108,-0.2298,0.1855,1.4139,-0.5079,0.7513,1.3174
265.00,-0.0033,0.8862,1.2526,-0.2057,0.3192,1.3565,-0.4612,0.8893,1.2582
265.50,0.0365,1.0098,1.2865,-0.1770,0.4509,1.3796,-0.4117,1.0145,1.2848
266.00,0.0697,1.1348,1.3077,-0.1562,0.5769,1.4128,-0.3798,1.1326,1.3238
266.50,0.0947,1.2226,1.3388,-0.1417,0.6709,1.4397,-0.3575,1.2350,1.3461
267.00,0.1048,1.2504,1.3843,-0.1379,0.7032,1.4862,-0.3507,1.2569,1.3925
267.50,0.1042,1.2504,1.4322,-0.1379,0.7024,1.5344,-0.3508,1.2561,1.4408
268.00,0.0973,1.2504,1.4819,-0.1380,0.6955,1.5844,-0.3515,1.2492,1.4907
268.50,0.0898,1.2503,1.5334,-0.1376,0.6882,1.6364,-0.3519,1.2419,1.5428
269.00,0.0818,1.2503,1.5867,-0.1372,0.6835,1.6895,-0.3519,1.2372,1.5959
269.50,0.0741,1.2504,1.6390,-0.1384,0.6916,1.7423,-0.3523,1.2453,1.6486
270.00,0.0668,1.2504,1.6894,-0.1399,0.6991,1.7923,-0.3531,1.2530,1.6987
270.50,0.0600,1.2504,1.7380,-0.1419,0.7070,1.8410,-0.3543,1.2611,1.7473
271.00,0.0537,1.2504,1.7850,-0.1439,0.7138,1.8880,-0.3857,1.2580,1.7943
271.50,0.0479,1.2504,1.8305,-0.1457,0.7189,1.9335,-0.3870,1.2632,1.8398
272.00,0.0426,1.2505,1.8747,-0.1477,0.7238,1.9780,-0.3886,1.2683,1.8843
272.50,0.0378,1.2505,1.9176,-0.1500,0.7289,2.0210,-0.3904,1.2736,1.9273
273.00,0.0334,1.2505,1.9593,-0.1522,0.7332,2.0628,-0.3922,1.2781,1.9692
273.50,0.0295,1.2506,1.9998,-0.1542,0.7368,2.1038,-0.3938,1.2819,2.0101
274.00,0.0262,1.2506,2.0392,-0.1559,0.7396,2.1432,-0.3952,1.2847,2.0495
274.50,0.0232,1.2507,2.0776,-0.1572,0.7415,2.1817,-0.3964,1.2869,2.0881
275.00,0.0208,1.2507,2.1150,-0.1589,0.7438,2.2191,-0.3978,1.2893,2.1255
275.50,0.0188,1.2508,2.1513,-0.1602,0.7455,2.2553,-0.3990,1.2911,2.1616
276.00,0.0173,1.2508,2.1868,-0.1612,0.7467,2.2903,-0.4299,1.2524,2.1967
276.50,0.0163,1.2509,2.2213,-0.1621,0.7476,2.3243,-0.4306,1.2534,2.2306
277.00,0.0156,1.2509,2.2550,-0.1624,0.7480,2.3584,-0.4310,1.2538,2.2647
277.50,0.0154,1.2510,2.2878,-0.1625,0.7481,2.3912,-0.4311,1.2539,2.2975
278.00,0.0155,1.2509,2.3205,-0.1623,0.7479,2.4242,-0.4308,1.2536,2.3305
278.50,0.0156,1.2506,2.3543,-0.1620,0.7477,2.4579,-0.4306,1.2534,2.3643
279.00,0.0158,1.2507,2.3883,-0.1620,0.7476,2.4922,-0.4305,1.2533,2.3985
279.50,0.0162,1.2508,2.4211,-0.1618,0.7475,2.5260,-0.4303,1.2532,2.4324
280.00,0.0162,1.2506,2.4538,-0.1615,0.7473,2.5586,-0.4301,1.2529,2.4650
280.50,0.0163,1.2500,2.4874,-0.1610,0.7470,2.5919,-0.4296,1.2526,2.4983
281.00,0.0163,1.2490,2.5218,-0.1603,0.7466,2.6262,-0.4290,1.2521,2.5325
281.50,0.0164,1.2476,2.5571,-0.1595,0.7461,2.6619,-0.4282,1.2516,2.5682
282.00,0.0164,1.2456,2.5934,-0.1575,0.7451,2.6980,-0.4263,1.2505,2.6044
282.50,0.0165,1.2433,2.6307,-0.1557,0.7443,2.7355,-0.4246,1.2495,2.6419
283.00,0.0165,1.2404,2.6689,-0.1525,0.7430,2.7737,-0.4215,1.2479,2.6800
283.50,0.0166,1.2371,2.7082,-0.1500,0.7421,2.8132,-0.4192,1.2468,2.7195
284.00,0.0166,1.2333,2.7486,-0.1474,0.7413,2.8535,-0.4166,1.2457,2.7598
284.50,0.0166,1.2290,2.7902,-0.1427,0.7400,2.8947,-0.4121,1.2440,2.8011
285.00,0.0167,1.2242,2.8329,-0.1382,0.7389,2.9374,-0.4077,1.2425,2.8437
285.50,0.0167,1.2189,2.8770,-0.1323,0.7379,2.9810,-0.4019,1.2409,2.8873
286.00,0.0167,1.2131,2.9223,-0.1268,0.7371,3.0265,-0.3965,1.2396,2.9328
286.50,0.0168,1.2069,2.9692,-0.1208,0.7365,3.0736,-0.3905,1.2384,2.9799
287.00,0.0168,1.2002,3.0176,-0.1135,0.7362,3.1221,-0.3834,1.2374,3.0284
287.50,0.0168,1.1930,3.0678,-0.1061,0.7362,-3.1112,-0.4260,1.1961,3.0749
288.00,0.0168,1.1853,3.1199,-0.0973,0.7368,-3.0590,-0.4172,1.1957,3.1270
288.50,0.0168,1.1773,-3.1099,-0.0994,0.7364,-3.0057,-0.4194,1.1956,-3.1028
289.00,0.0168,1.1697,-3.0582,-0.1072,0.7351,-2.9535,-0.4272,1.1951,-3.0507
289.50,0.0168,1.1626,-3.0084,-0.1142,0.7336,-2.9037,-0.4344,1.1942,-3.0008
290.00,0.0168,1.1559,-2.9603,-0.1209,0.7318,-2.8557,-0.4412,1.1931,-2.9529
290.50,0.0167,1.1498,-2.9137,-0.1274,0.7297,-2.8089,-0.4479,1.1916,-2.9060
291.00,0.0167,1.1464,-2.8817,-0.1300,0.7288,-2.7776,-0.4506,1.1910,-2.8747
291.50,0.0167,1.1415,-2.8375,-0.1348,0.7268,-2.7316,-0.4556,1.1895,-2.8288
292.00,0.0167,1.1367,-2.7946,-0.1390,0.7249,-2.6888,-0.4599,1.1880,-2.7859
292.50,0.0166,1.1323,-2.7530,-0.1438,0.7225,-2.6477,-0.4649,1.1860,-2.7448
293.00,0.0166,1.1285,-2.7124,-0.1470,0.7206,-2.6071,-0.4683,1.1845,-2.7042
293.50,0.0165,1.1251,-2.6730,-0.1507,0.7184,-2.5674,-0.4722,1.1826,-2.6645
294.00,0.0165,1.1222,-2.6346,-0.1534,0.7165,-2.5286,-0.4750,1.1810,-2.6257
294.50,0.0164,1.1198,-2.5973,-0.1554,0.7151,-2.4909,-0.4772,1.1798,-2.5880
295.00,0.0136,1.1165,-2.5566,-0.1594,0.7119,-2.4507,-0.4314,1.1170,-2.5478
295.50,-0.0296,1.0890,-2.5723,-0.2009,0.6773,-2.4600,-0.4761,1.0866,-2.5571
296.00,-0.1244,1.0290,-2.5599,-0.2937,0.6031,-2.4561,-0.5755,1.0297,-2.5562
296.50,-0.2292,0.9525,-2.4538,-0.3900,0.5158,-2.3495,-0.6513,0.9391,-2.4466
297.00,-0.3277,0.8677,-2.4245,-0.4791,0.4205,-2.3113,-0.7546,0.8552,-2.4084
297.50,-0.4285,0.7855,-2.5197,-0.5723,0.3243,-2.3959,-0.8833,0.7736,-2.5035
298.00,-0.5398,0.7122,-2.6798,-0.6762,0.2432,-2.5620,-0.9721,0.7118,-2.6766
298.50,-0.6583,0.6532,-2.7546,-0.7919,0.1741,-2.6377,-1.1148,0.6472,-2.7465
299.00,-0.7811,0.6047,-2.9392,-0.9131,0.1181,-2.8099,-1.2152,0.6056,-2.9198
299.50,-0.9098,0.5679,3.1251,-1.0540,0.0882,-3.0437,-1.3825,0.5761,3.1191
300.00,-1.0396,0.5674,3.0901,-1.1801,0.0809,-3.0954,-1.4819,0.5647,3.0796
300.50,-1.1694,0.5686,-3.0329,-1.3110,0.0674,-2.9502,-1.6269,0.5565,-3.0409
301.00,-1.2961,0.5594,-2.8249,-1.4332,0.0297,-2.7362,-1.7510,0.5314,-2.8147
301.50,-1.4176,0.5209,-2.7562,-1.5476,-0.0267,-2.6537,-1.8572,0.5037,-2.7392
302.00,-1.5395,0.4763,-2.8456,-1.6651,-0.0852,-2.7295,-1.9966,0.4648,-2.8272
302.50,-1.6665,0.4405,-3.0141,-1.7960,-0.1283,-2.9077,-2.1207,0.4338,-3.0229
303.00,-1.7957,0.4218,-3.0231,-1.9224,-0.1553,-2.9279,-2.2296,0.4122,-3.0291
303.50,-1.9249,0.4079,-3.0403,-2.0449,-0.1820,-2.9426,-2.3641,0.3884,-3.0333
304.00,-2.0538,0.3908,-2.9556,-2.1771,-0.2114,-2.8730,-2.5185,0.3712,-2.9673
304.50,-2.1797,0.3640,-2.8535,-2.3032,-0.2557,-2.7573,-2.6180,0.3396,-2.8341
305.00,-2.3048,0.3305,-2.8889,-2.4250,-0.3034,-2.7930,-2.7563,0.3104,-2.8860
305.50,-2.4313,0.3022,-2.9357,-2.5487,-0.3459,-2.8413,-2.8800,0.2798,-2.9355
306.00,-2.5581,0.2722,-2.8841,-2.6771,-0.3874,-2.8006,-2.9937,0.2517,-2.8855
306.50,-2.6825,0.2336,-2.8316,-2.7979,-0.4362,-2.7354,-3.1267,0.2140,-2.8122
307.00,-2.8062,0.1930,-2.8038,-2.9185,-0.4878,-2.7187,-3.2476,0.1717,-2.8065
307.50,-2.9274,0.1451,-2.7663,-3.0394,-0.5474,-2.6685,-3.3665,0.1231,-2.7523
308.00,-3.0503,0.1029,-2.8835,-3.1626,-0.6044,-2.7757,-3.5020,0.0839,-2.8722
308.50,-3.1776,0.0709,-2.9676,-3.2948,-0.6461,-2.8761,-3.6391,0.0568,-2.9774
309.00,-3.3049,0.0443,-2.8794,-3.4193,-0.6830,-2.8016,-3.7404,0.0241,-2.8830
309.50,-3.4277,0.0083,-2.7623,-3.5372,-0.7345,-2.6737,-3.8588,-0.0171,-2.7470
310.00,-3.5487,-0.0378,-2.8000,-3.6589,-0.7959,-2.6980,-3.9842,-0.0622,-2.7876
310.50,-3.6735,-0.0758,-2.9015,-3.7837,-0.8462,-2.8092,-4.1027,-0.0999,-2.9104
311.00,-3.7994,-0.1091,-2.8556,-3.9110,-0.8909,-2.7731,-4.2258,-0.1308,-2.8610
311.50,-3.9228,-0.1507,-2.8036,-4.0356,-0.9444,-2.7121,-4.3529,-0.1732,-2.7959
312.00,-4.0467,-0.1888,-2.8884,-4.1562,-0.9955,-2.7910,-4.4771,-0.2145,-2.8817
312.50,-4.1734,-0.2178,-2.9323,-4.2781,-1.0357,-2.8452,-4.6122,-0.2432,-2.9359
313.00,-4.2998,-0.2490,-2.8631,-4.4107,-1.0793,-2.7825,-4.7201,-0.2739,-2.8639
313.50,-4.4235,-0.2891,-2.8103,-4.5337,-1.1304,-2.7220,-4.8650,-0.3147,-2.8022
314.00,-4.5474,-0.3271,-2.8635,-4.6583,-1.1827,-2.7751,-4.9831,-0.3578,-2.8647
314.50,-4.6721,-0.3648,-2.8372,-4.7847,-1.2321,-2.7508,-5.1135,-0.3855,-2.8380
315.00,-4.7955,-0.4078,-2.8137,-4.9007,-1.2818,-2.7254,-5.2199,-0.4350,-2.8092
315.50,-4.9180,-0.4529,-2.7817,-5.0173,-1.3344,-2.6950,-5.3439,-0.4777,-2.7787
316.00,-5.0394,-0.5004,-2.7558,-5.1391,-1.3932,-2.6741,-5.4800,-0.5267,-2.7601
316.50,-5.1582,-0.5561,-2.6985,-5.2524,-1.4553,-2.6111,-5.5983,-0.5785,-2.6914
317.00,-5.2764,-0.6088,-2.7302,-5.3715,-1.5234,-2.6412,-5.7221,-0.6376,-2.7314
317.50,-5.3950,-0.6634,-2.7046,-5.4846,-1.5864,-2.6185,-5.8306,-0.6898,-2.7057
318.00,-5.5106,-0.7240,-2.6036,-5.5997,-1.6576,-2.5307,-5.9532,-0.7505,-2.6115
318.50,-5.6112,-0.7947,-2.4070,-5.6937,-1.7370,-2.3366,-6.0420,-0.8212,-2.4064
319.00,-5.6999,-0.8882,-2.2557,-5.7726,-1.8341,-2.1805,-6.1391,-0.9128,-2.2538
319.50,-5.7787,-0.9927,-2.1767,-5.8414,-1.9445,-2.0908,-6.2235,-1.0182,-2.1710
320.00,-5.8486,-1.1020,-2.0968,-5.9048,-2.0630,-2.0133,-6.2882,-1.1311,-2.0907
320.50,-5.9129,-1.2150,-2.1014,-5.9587,-2.1810,-2.0058,-6.3591,-1.2447,-2.0860
321.00,-5.9638,-1.2981,-2.1027,-6.0032,-2.2732,-2.0176,-6.4104,-1.3249,-2.1061
321.50,-5.9823,-1.3280,-2.0653,-6.0181,-2.3055,-1.9800,-6.4283,-1.3540,-2.0673
322.00,-5.9808,-1.3281,-2.0266,-6.0176,-2.3039,-1.9414,-6.4276,-1.3525,-2.0287
322.50,-5.9773,-1.3281,-1.9868,-6.0163,-2.3003,-1.9020,-6.4260,-1.3490,-1.9892
323.00,-5.9732,-1.3280,-1.9459,-6.0149,-2.2959,-1.8608,-6.4242,-1.3447,-1.9480
323.50,-5.9687,-1.3280,-1.9039,-6.0137,-2.2915,-1.8188,-6.4227,-1.3404,-1.9060
324.00,-5.9637,-1.3280,-1.8606,-6.0125,-2.2864,-1.7747,-6.4211,-1.3355,-1.8619
324.50,-5.9583,-1.3279,-1.8160,-6.0116,-2.2815,-1.7302,-6.4197,-1.3306,-1.8174
325.00,-5.9523,-1.3279,-1.7700,-6.0108,-2.2756,-1.6841,-6.4184,-1.3249,-1.7714
325.50,-5.9458,-1.3279,-1.7225,-6.0102,-2.2694,-1.6366,-6.4173,-1.3187,-1.7238
326.00,-5.9389,-1.3279,-1.6733,-6.0100,-2.2624,-1.5879,-6.4164,-1.3118,-1.6752
326.50,-5.9360,-1.3279,-1.6530,-6.0100,-2.2601,-1.5638,-6.4162,-1.3095,-1.6511
327.00,-5.9360,-1.3279,-1.6530,-6.0100,-2.2601,-1.5636,-6.4162,-1.3095,-1.6508
327.50,-5.9349,-1.3146,-1.6530,-6.0101,-2.2466,-1.5630,-6.4151,-1.2960,-1.6502
328.00,-5.9332,-1.2947,-1.6530,-6.0102,-2.2254,-1.5635,-6.4134,-1.2749,-1.6507
328.50,-5.9316,-1.2747,-1.6530,-6.0104,-2.2061,-1.5631,-6.3719,-1.3057,-1.6504
329.00,-5.9300,-1.2548,-1.6530,-6.0105,-2.1863,-1.5630,-6.3703,-1.2859,-1.6502
329.50,-5.9283,-1.2349,-1.6530,-6.0107,-2.1662,-1.5629,-6.3687,-1.2659,-1.6501
330.00,-5.9267,-1.2149,-1.6530,-6.0108,-2.1463,-1.5627,-6.3671,-1.2460,-1.6500
330.50,-5.9250,-1.1950,-1.6530,-6.0110,-2.1266,-1.5629,-6.3656,-1.2264,-1.6502
331.00,-5.9234,-1.1751,-1.6530,-6.0111,-2.1078,-1.5626,-6.3633,-1.2077,-1.6534
331.50,-5.9217,-1.1551,-1.6530,-6.0113,-2.0880,-1.5625,-6.3617,-1.1879,-1.6532
332.00,-5.9201,-1.1352,-1.6530,-6.0115,-2.0670,-1.5621,-6.3600,-1.1670,-1.6528
332.50,-5.9184,-1.1153,-1.6530,-6.0117,-2.0467,-1.5618,-6.3583,-1.1469,-1.6526
333.00,-5.9168,-1.0953,-1.6530,-6.0118,-2.0290,-1.5625,-6.3576,-1.1191,-1.6498
333.50,-5.9152,-1.0754,-1.6530,-6.0120,-2.0089,-1.5625,-6.3560,-1.0991,-1.6498
334.00,-5.9148,-1.0647,-1.6673,-6.0121,-1.9971,-1.5721,-6.3551,-1.0873,-1.6593
334.50,-5.9210,-1.0647,-1.7167,-6.0123,-2.0031,-1.6217,-6.3558,-1.0933,-1.7090
335.00,-5.9275,-1.0647,-1.7644,-6.0127,-2.0084,-1.6687,-6.3567,-1.0985,-1.7560
335.50,-5.9335,-1.0647,-1.8106,-6.0135,-2.0152,-1.7151,-6.3581,-1.1052,-1.8024
336.00,-5.9391,-1.0648,-1.8553,-6.0143,-2.0202,-1.7596,-6.3593,-1.1102,-1.8469
336.50,-5.9441,-1.0648,-1.8988,-6.0154,-2.0255,-1.8026,-6.3609,-1.1153,-1.8899
337.00,-5.9487,-1.0649,-1.9410,-6.0163,-2.0290,-1.8446,-6.3621,-1.1187,-1.9318
337.50,-5.9528,-1.0649,-1.9820,-6.0171,-2.0314,-1.8852,-6.3630,-1.1210,-1.9725
338.00,-5.9564,-1.0649,-2.0219,-6.0182,-2.0347,-1.9256,-6.3644,-1.1242,-2.0128
338.50,-5.9595,-1.0650,-2.0607,-6.0192,-2.0373,-1.9646,-6.3657,-1.1268,-2.0519
339.00,-5.9621,-1.0650,-2.0986,-6.0206,-2.0404,-2.0022,-6.3673,-1.1297,-2.0894
339.50,-5.9643,-1.0651,-2.1354,-6.0218,-2.0429,-2.0385,-6.4075,-1.0927,-2.1328
340.00,-5.9660,-1.0651,-2.1712,-6.0226,-2.0444,-2.0748,-6.4084,-1.0942,-2.1690
340.50,-5.9673,-1.0652,-2.2062,-6.0229,-2.0449,-2.1093,-6.4088,-1.0947,-2.2035
341.00,-5.9681,-1.0652,-2.2402,-6.0231,-2.0453,-2.1444,-6.4091,-1.0950,-2.2386
341.50,-5.9685,-1.0653,-2.2734,-6.0234,-2.0457,-2.1772,-6.4094,-1.0954,-2.2714
342.00,-5.9685,-1.0654,-2.3059,-6.0235,-2.0459,-2.2097,-6.4096,-1.0956,-2.3039
342.50,-5.9684,-1.0658,-2.3392,-6.0239,-2.0465,-2.2426,-6.4100,-1.0961,-2.3368
343.00,-5.9684,-1.0660,-2.3734,-6.0241,-2.0466,-2.2764,-6.4102,-1.0963,-2.3706
343.50,-5.9687,-1.0660,-2.4067,-6.0242,-2.0468,-2.3104,-6.4104,-1.0964,-2.4046
344.00,-5.9687,-1.0660,-2.4392,-6.0243,-2.0468,-2.3430,-6.4104,-1.0965,-2.4372
344.50,-5.9687,-1.0656,-2.4724,-6.0240,-2.0466,-2.3759,-6.4101,-1.0962,-2.4702
345.00,-5.9686,-1.0648,-2.5064,-6.0238,-2.0464,-2.4103,-6.4099,-1.0961,-2.5045
345.50,-5.9685,-1.0635,-2.5414,-6.0224,-2.0452,-2.4450,-6.4084,-1.0950,-2.5392
346.00,-5.9685,-1.0618,-2.5773,-6.0212,-2.0442,-2.4806,-6.4070,-1.0941,-2.5748
346.50,-5.9684,-1.0596,-2.6141,-6.0192,-2.0427,-2.5174,-6.4050,-1.0928,-2.6117
347.00,-5.9684,-1.0570,-2.6519,-6.0169,-2.0411,-2.5554,-6.4025,-1.0915,-2.6496
347.50,-5.9684,-1.0539,-2.6907,-6.0143,-2.0395,-2.5943,-6.3998,-1.0901,-2.6885
348.00,-5.9683,-1.0503,-2.7306,-6.0120,-2.0382,-2.6345,-6.3974,-1.0890,-2.7288
348.50,-5.9683,-1.0462,-2.7717,-6.0087,-2.0364,-2.6752,-6.3939,-1.0875,-2.7694
349.00,-5.9682,-1.0416,-2.8139,-6.0048,-2.0345,-2.7168,-6.3899,-1.0861,-2.8110
349.50,-5.9682,-1.0366,-2.8573,-5.9995,-2.0323,-2.7602,-6.3844,-1.0843,-2.8544
350.00,-5.9682,-1.0310,-2.9021,-5.9936,-2.0300,-2.8050,-6.3782,-1.0826,-2.8992
350.50,-5.9681,-1.0250,-2.9483,-5.9876,-2.0281,-2.8511,-6.3721,-1.0813,-2.9453
351.00,-5.9681,-1.0185,-2.9960,-5.9810,-2.0263,-2.8985,-6.3654,-1.0801,-2.9928
351.50,-5.9681,-1.0115,-3.0454,-5.9749,-2.0249,-2.9486,-6.4007,-1.0461,-3.0428
352.00,-5.9681,-1.0040,-3.0966,-5.9675,-2.0236,-2.9995,-6.4017,-1.0387,-3.0938
352.50,-5.9681,-0.9961,3.1334,-5.9600,-2.0228,-3.0529,-6.3942,-1.0385,3.1360
353.00,-5.9681,-0.9883,3.0808,-5.9685,-2.0233,-3.1052,-6.4026,-1.0383,3.0838
353.50,-5.9681,-0.9810,3.0302,-5.9753,-2.0233,3.1279,-6.4094,-1.0377,3.0337
354.00,-5.9681,-0.9760,2.9935,-5.9807,-2.0232,3.0879,-6.4148,-1.0370,2.9937
354.50,-5.9681,-0.9713,2.9478,-5.9861,-2.0227,3.0445,-6.4202,-1.0361,2.9503
355.00,-5.9682,-0.9653,2.9016,-5.9927,-2.0220,2.9975,-6.4266,-1.0347,2.9033
355.50,-5.9682,-0.9597,2.8568,-5.9999,-2.0208,2.9523,-6.4336,-1.0328,2.8581
356.00,-5.9682,-0.9547,2.8134,-6.0046,-2.0197,2.9084,-6.4382,-1.0314,2.8142
356.50,-5.9683,-0.9501,2.7712,-6.0087,-2.0186,2.8666,-6.4423,-1.0299,2.7723
357.00,-5.9683,-0.9460,2.7302,-6.0120,-2.0177,2.8256,-6.4454,-1.0286,2.7313
357.50,-5.9684,-0.9424,2.6903,-6.0155,-2.0165,2.7857,-6.4488,-1.0270,2.6915
358.00,-5.9684,-0.9393,2.6515,-6.0192,-2.0150,2.7469,-6.4524,-1.0252,2.6526
358.50,-5.9685,-0.9367,2.6137,-6.0217,-2.0139,2.7095,-6.4548,-1.0239,2.6153
359.00,-5.9714,-0.9334,2.5714,-6.0259,-2.0118,2.6689,-6.4087,-0.9615,2.5746
359.50,-6.0142,-0.9055,2.5266,-6.0682,-1.9887,2.6220,-6.4487,-0.9344,2.5278
360.00,-6.1031,-0.8379,2.4254,-6.1633,-1.9297,2.5321,-6.5478,-0.8667,2.4379
360.50,-6.1947,-0.7450,2.2834,-6.2680,-1.8435,2.3827,-6.6424,-0.7715,2.2780
361.00,-6.2774,-0.6448,2.2589,-6.3618,-1.7498,2.3483,-6.7171,-0.6682,2.2506
361.50,-6.3624,-0.5464,2.3073,-6.4564,-1.6579,2.3985,-6.8119,-0.5771,2.3113
362.00,-6.4496,-0.4499,2.3003,-6.5535,-1.5687,2.3930,-6.8879,-0.4851,2.3040
362.50,-6.5363,-0.3530,2.3015,-6.6481,-1.4811,2.3959,-6.9794,-0.3841,2.3051
363.00,-6.6231,-0.2564,2.3209,-6.7457,-1.3907,2.4076,-7.0715,-0.2853,2.3169
363.50,-6.7143,-0.1641,2.3733,-6.8455,-1.3060,2.4644,-7.1551,-0.1917,2.3778
364.00,-6.8074,-0.0733,2.3430,-6.9548,-1.2178,2.4440,-7.2520,-0.0946,2.3532
364.50,-6.8937,0.0242,2.2605,-7.0484,-1.1319,2.3566,-7.3288,-0.0109,2.2574
365.00,-6.9759,0.1249,2.2647,-7.1374,-1.0415,2.3553,-7.4292,0.0963,2.2620
365.50,-7.0599,0.2242,2.2833,-7.2372,-0.9432,2.3731,-7.5058,0.1997,2.2818
366.00,-7.1457,0.3219,2.2924,-7.3303,-0.8547,2.3844,-7.5864,0.2954,2.2945
366.50,-7.2205,0.4068,2.2935,-7.4154,-0.7744,2.3851,-7.6725,0.3828,2.2923
367.00,-7.2556,0.4466,2.2935,-7.4537,-0.7382,2.3849,-7.7086,0.4226,2.2944
367.50,-7.2581,0.4495,2.2935,-7.4569,-0.7352,2.3853,-7.7114,0.4260,2.2954
368.00,-7.2581,0.4495,2.2935,-7.4569,-0.7352,2.3849,-7.7114,0.4260,2.2951
368.50,-7.2581,0.4495,2.2935,-7.4569,-0.7352,2.3844,-7.7114,0.4260,2.2945
369.00,-7.2580,0.4492,2.3362,-7.4567,-0.7354,2.4181,-7.7112,0.4257,2.3282
369.50,-7.2573,0.4487,2.4868,-7.4554,-0.7363,2.5638,-7.7101,0.4247,2.4739
370.00,-7.2570,0.4412,2.6683,-7.4491,-0.7395,2.7444,-7.7041,0.4210,2.6545
370.50,-7.2568,0.4249,2.8762,-7.4336,-0.7442,2.9522,-7.6890,0.4149,2.8623
371.00,-7.2568,0.4071,3.0173,-7.4138,-0.7464,3.1092,-7.6695,0.4110,3.0193
371.50,-7.2568,0.4080,2.9982,-7.4146,-0.7463,3.0974,-7.6703,0.4112,3.0075
372.00,-7.2568,0.4146,2.9504,-7.4220,-0.7458,3.0498,-7.6777,0.4123,2.9600
372.50,-7.2568,0.4206,2.9042,-7.4275,-0.7451,3.0033,-7.6831,0.4134,2.9134
373.00,-7.2569,0.4262,2.8593,-7.4330,-0.7443,2.9581,-7.6885,0.4148,2.8683
373.50,-7.2569,0.4313,2.8158,-7.4372,-0.7434,2.9143,-7.6926,0.4160,2.8244
374.00,-7.2569,0.4359,2.7736,-7.4419,-0.7422,2.8720,-7.6971,0.4177,2.7821
374.50,-7.2570,0.4400,2.7325,-7.4458,-0.7410,2.8309,-7.7010,0.4192,2.7410
375.00,-7.2570,0.4436,2.6925,-7.4492,-0.7399,2.7906,-7.7042,0.4206,2.7007
375.50,-7.2571,0.4467,2.6536,-7.4522,-0.7387,2.7518,-7.7071,0.4221,2.6620
376.00,-7.2571,0.4494,2.6158,-7.4541,-0.7379,2.7147,-7.7089,0.4230,2.6249
376.50,-7.2750,0.4596,2.5338,-7.4728,-0.7285,2.6412,-7.7267,0.4341,2.5514
377.00,-7.3392,0.5101,2.3962,-7.5433,-0.6820,2.4987,-7.7738,0.4849,2.3913
377.50,-7.4313,0.5990,2.3708,-7.6424,-0.6035,2.4626,-7.8838,0.5738,2.3588
378.00,-7.5255,0.6882,2.3952,-7.7512,-0.5186,2.4902,-7.9813,0.6680,2.3974
378.50,-7.6202,0.7758,2.3750,-7.8621,-0.4340,2.4775,-8.0855,0.7544,2.3876
379.00,-7.6966,0.8577,2.2353,-7.9476,-0.3597,2.3481,-8.1542,0.8356,2.2478
379.50,-7.7521,0.9355,1.9982,-8.0047,-0.2871,2.1116,-8.1946,0.9129,2.0014
380.00,-7.7983,1.0508,1.7388,-8.0544,-0.1735,1.8527,-8.2398,1.0294,1.7419
380.50,-7.8332,1.1718,1.4456,-8.0701,-0.0467,1.5474,-8.2533,1.1590,1.4365
381.00,-7.8231,1.2994,1.3384,-8.0581,0.0828,1.4260,-8.2656,1.2762,1.3309
381.50,-7.7961,1.4176,1.3395,-8.0408,0.2037,1.4321,-8.2459,1.3947,1.3492
382.00,-7.7665,1.4918,1.2002,-8.0257,0.2831,1.3039,-8.2244,1.4726,1.2210
382.50,-7.7269,1.5688,0.9876,-7.9936,0.3630,1.0861,-8.1680,1.5502,0.9823
383.00,-7.6540,1.6721,0.9038,-7.9282,0.4727,0.9943,-8.0906,1.6519,0.9032
383.50,-7.5706,1.7722,0.8431,-7.8527,0.5825,0.9397,-8.0153,1.7543,0.8533
384.00,-7.4789,1.8649,0.7464,-7.7673,0.6867,0.8371,-7.9200,1.8513,0.7443
384.50,-7.3818,1.9516,0.7165,-7.6795,0.7808,0.8038,-7.8249,1.9361,0.7209
385.00,-7.2836,2.0368,0.7168,-7.5809,0.8827,0.8007,-7.7264,2.0211,0.7178
385.50,-7.1874,2.1239,0.7556,-7.4909,0.9788,0.8394,-7.6303,2.1075,0.7600
386.00,-7.1060,2.2024,0.7694,-7.4145,1.0659,0.8561,-7.5472,2.1882,0.7767
386.50,-7.0679,2.2392,0.7694,-7.3771,1.1089,0.8556,-7.5068,2.2285,0.7727
387.00,-7.0722,2.2351,0.7694,-7.3803,1.1053,0.8553,-7.5103,2.2251,0.7724
387.50,-7.0866,2.2212,0.7694,-7.3943,1.0892,0.8550,-7.5255,2.2102,0.7721
388.00,-7.1009,2.2073,0.7694,-7.4072,1.0744,0.8548,-7.5396,2.1965,0.7719
388.50,-7.1153,2.1934,0.7694,-7.4205,1.0591,0.8550,-7.5541,2.1824,0.7721
389.00,-7.1297,2.1794,0.7694,-7.4335,1.0442,0.8552,-7.5683,2.1686,0.7723
389.50,-7.1440,2.1655,0.7694,-7.4462,1.0295,0.8549,-7.5822,2.1550,0.7720
390.00,-7.1584,2.1516,0.7694,-7.4598,1.0139,0.8547,-7.5971,2.1406,0.7718
390.50,-7.1728,2.1377,0.7694,-7.4726,0.9992,0.8544,-7.6111,2.1270,0.7716
391.00,-7.1871,2.1238,0.7694,-7.4872,0.9824,0.8541,-7.6270,2.1115,0.7712
391.50,-7.2015,2.1099,0.7694,-7.5013,0.9663,0.8541,-7.6518,2.0960,0.7747
392.00,-7.2159,2.0960,0.7694,-7.5169,0.9484,0.8538,-7.6688,2.0794,0.7745
392.50,-7.2302,2.0820,0.7694,-7.5293,0.9341,0.8541,-7.6823,2.0661,0.7747
393.00,-7.2446,2.0681,0.7694,-7.5420,0.9195,0.8546,-7.6961,2.0526,0.7752
393.50,-7.2523,2.0607,0.7694,-7.5498,0.9106,0.8545,-7.6946,2.0443,0.7751
394.00,-7.2523,2.0607,0.7694,-7.5498,0.9106,0.8540,-7.6946,2.0443,0.7746
394.50,-7.2523,2.0607,0.7694,-7.5498,0.9106,0.8531,-7.6946,2.0443,0.7737
395.00,-7.2523,2.0607,0.7694,-7.5498,0.9106,0.8529,-7.6946,2.0443,0.7735
395.50,-7.2523,2.0606,0.7899,-7.5498,0.9105,0.8704,-7.6946,2.0443,0.7910
396.00,-7.2523,2.0603,0.8237,-7.5502,0.9101,0.9046,-7.6950,2.0439,0.8252
396.50,-7.2522,2.0600,0.8563,-7.5503,0.9100,0.9370,-7.6951,2.0438,0.8576
397.00,-7.2524,2.0600,0.8892,-7.5504,0.9098,0.9690,-7.6952,2.0436,0.8896
397.50,-7.2531,2.0599,0.9229,-7.5507,0.9094,1.0029,-7.6956,2.0432,0.9235
398.00,-7.2542,2.0599,0.9575,-7.5513,0.9083,1.0375,-7.6963,2.0422,0.9581
398.50,-7.2557,2.0598,0.9930,-7.5521,0.9069,1.0728,-7.6972,2.0409,0.9934
399.00,-7.2577,2.0598,1.0295,-7.5532,0.9048,1.1093,-7.6984,2.0389,1.0299
399.50,-7.2602,2.0597,1.0669,-7.5541,0.9030,1.1464,-7.6994,2.0372,1.0670
400.00,-7.2632,2.0597,1.1054,-7.5554,0.9001,1.1841,-7.7010,2.0343,1.1047
400.50,-7.2666,2.0596,1.1449,-7.5566,0.8968,1.2233,-7.7025,2.0311,1.1439
401.00,-7.2705,2.0596,1.1855,-7.5580,0.8928,1.2635,-7.7042,2.0272,1.1841
401.50,-7.2749,2.0595,1.2272,-7.5592,0.8885,1.3049,-7.7057,2.0231,1.2255
402.00,-7.2797,2.0595,1.2702,-7.5606,0.8833,1.3474,-7.7075,2.0180,1.2680
402.50,-7.2851,2.0595,1.3145,-7.5615,0.8786,1.3911,-7.7088,2.0134,1.3117
403.00,-7.2910,2.0594,1.3601,-7.5624,0.8731,1.4361,-7.7101,2.0080,1.3567
403.50,-7.2973,2.0594,1.4073,-7.5630,0.8680,1.4830,-7.7397,2.0326,1.4106
404.00,-7.3041,2.0594,1.4560,-7.5634,0.8609,1.5311,-7.7407,2.0255,1.4587
404.50,-7.3114,2.0594,1.5065,-7.5635,0.8529,1.5817,-7.7413,2.0176,1.5093
405.00,-7.3192,2.0594,1.5590,-7.5633,0.8456,1.6338,-7.7416,2.0103,1.5614
405.50,-7.3271,2.0594,1.6122,-7.5637,0.8499,1.6868,-7.7418,2.0147,1.6144
406.00,-7.3346,2.0594,1.6636,-7.5649,0.8579,1.7381,-7.7423,2.0227,1.6657
406.50,-7.3417,2.0594,1.7131,-7.5662,0.8650,1.7869,-7.7431,2.0298,1.7144
407.00,-7.3482,2.0594,1.7609,-7.5678,0.8715,1.8338,-7.7442,2.0364,1.7614
407.50,-7.3543,2.0595,1.8072,-7.5698,0.8782,1.8802,-7.7457,2.0433,1.8078
408.00,-7.3599,2.0595,1.8521,-7.5717,0.8838,1.9248,-7.7472,2.0491,1.8524
408.50,-7.3649,2.0595,1.8956,-7.5741,0.8900,1.9681,-7.7492,2.0554,1.8957
409.00,-7.3695,2.0596,1.9379,-7.5760,0.8942,2.0112,-7.7507,2.0597,1.9388
409.50,-7.3737,2.0596,1.9790,-7.5775,0.8972,2.0524,-7.7520,2.0628,1.9799
410.00,-7.3773,2.0596,2.0190,-7.5791,0.9002,2.0927,-7.7534,2.0659,2.0202
410.50,-7.3804,2.0597,2.0579,-7.5808,0.9031,2.1310,-7.7549,2.0689,2.0586
411.00,-7.3831,2.0597,2.0958,-7.5822,0.9051,2.1689,-7.7561,2.0710,2.0964
411.50,-7.3853,2.0598,2.1327,-7.5830,0.9063,2.2056,-7.7569,2.0723,2.1332
412.00,-7.3871,2.0598,2.1686,-7.5843,0.9081,2.2410,-7.7581,2.0741,2.1686
412.50,-7.3884,2.0599,2.2036,-7.5856,0.9096,2.2758,-7.7592,2.0757,2.2034
413.00,-7.3945,2.0668,2.2551,-7.5912,0.9158,2.3219,-7.7644,2.0824,2.2495
413.50,-7.4385,2.1131,2.3812,-7.6343,0.9563,2.4500,-7.8837,2.0965,2.3846
414.00,-7.5280,2.1934,2.4453,-7.7247,1.0264,2.5120,-7.9697,2.1718,2.4443
414.50,-7.6311,2.2723,2.5203,-7.8344,1.0988,2.5941,-8.0839,2.2518,2.5287
415.00,-7.7369,2.3479,2.5255,-7.9516,1.1700,2.5968,-8.1866,2.3300,2.5250
415.50,-7.8440,2.4208,2.5436,-8.0629,1.2349,2.6215,-8.2930,2.4026,2.5491
416.00,-7.9506,2.4963,2.5167,-8.1781,1.3026,2.5950,-8.4030,2.4784,2.5191
416.50,-8.0546,2.5753,2.4800,-8.2928,1.3752,2.5574,-8.5019,2.5595,2.4815
417.00,-8.1566,2.6561,2.4710,-8.4004,1.4477,2.5436,-8.6033,2.6321,2.4700
417.50,-8.2585,2.7369,2.4654,-8.5098,1.5219,2.5401,-8.7068,2.7226,2.4677
418.00,-8.3602,2.8177,2.4805,-8.6198,1.5972,2.5501,-8.8111,2.7975,2.4771
418.50,-8.4632,2.8970,2.4788,-8.7298,1.6696,2.5553,-8.9153,2.8762,2.4864
419.00,-8.5647,2.9787,2.4566,-8.8379,1.7435,2.5292,-9.0181,2.9572,2.4568
419.50,-8.6661,3.0597,2.4741,-8.9529,1.8228,2.5477,-9.1169,3.0449,2.4788
420.00,-8.7688,3.1392,2.4838,-9.0610,1.8947,2.5602,-9.2198,3.1241,2.4878
420.50,-8.8696,3.2215,2.4240,-9.1716,1.9712,2.5030,-9.3248,3.1982,2.4306
421.00,-8.9659,3.3091,2.3916,-9.2786,2.0546,2.4648,-9.4169,3.2894,2.3918
421.50,-9.0624,3.3960,2.4325,-9.3852,2.1377,2.5031,-9.5152,3.3803,2.4342
422.00,-9.1624,3.4788,2.4552,-9.4905,2.2133,2.5289,-9.6153,3.4526,2.4605
422.50,-9.2625,3.5620,2.4414,-9.5964,2.2886,2.5157,-9.7157,3.5350,2.4468
423.00,-9.3614,3.6464,2.4324,-9.7042,2.3676,2.5048,-9.8215,3.6210,2.4342
423.50,-9.4596,3.7315,2.4254,-9.8115,2.4478,2.4959,-9.9145,3.7087,2.4288
424.00,-9.5585,3.8159,2.4541,-9.9224,2.5298,2.5197,-10.0193,3.7901,2.4554
424.50,-9.6625,3.8942,2.5492,-10.0308,2.6002,2.6146,-10.1127,3.8658,2.5544
425.00,-9.7732,3.9632,2.6165,-10.1483,2.6621,2.6896,-10.2263,3.9347,2.6294
425.50,-9.8851,4.0301,2.5735,-10.2650,2.7198,2.6567,-10.3395,3.9988,2.5860
426.00,-9.9907,4.1056,2.4557,-10.3809,2.7888,2.5436,-10.4504,4.0756,2.4660
426.50,-10.0698,4.1822,2.2568,-10.4690,2.8606,2.3495,-10.5229,4.1537,2.2684
427.00,-10.1391,4.2824,2.0314,-10.5471,2.9590,2.1202,-10.5927,4.2580,2.0356
427.50,-10.1995,4.4032,1.8636,-10.6064,3.0788,1.9467,-10.6494,4.3727,1.8685
428.00,-10.2396,4.5292,1.7969,-10.6508,3.2107,1.8686,-10.6947,4.5078,1.7980
428.50,-10.2645,4.6569,1.6828,-10.6852,3.3367,1.7706,-10.7220,4.6259,1.7040
429.00,-10.2795,4.7867,1.5406,-10.7000,3.4717,1.6106,-10.7365,4.7613,1.5330
429.50,-10.2783,4.9166,1.5920,-10.7055,3.6058,1.6461,-10.7403,4.8855,1.5917
430.00,-10.2846,5.0455,1.7906,-10.7271,3.7337,1.8460,-10.7540,5.0143,1.8032
430.50,-10.3080,5.1624,1.8580,-10.7650,3.8457,1.9274,-10.7797,5.1274,1.8823
431.00,-10.3282,5.2260,1.8175,-10.7882,3.9108,1.8854,-10.7998,5.1931,1.8305
431.50,-10.3333,5.2353,1.7724,-10.7921,3.9232,1.8394,-10.8032,5.2055,1.7827
432.00,-10.3289,5.2353,1.7250,-10.7909,3.9184,1.7915,-10.8023,5.2007,1.7348
432.50,-10.3220,5.2353,1.6759,-10.7898,3.9125,1.7425,-10.8015,5.1947,1.6858
433.00,-10.3146,5.2353,1.6250,-10.7887,3.9047,1.6925,-10.8008,5.1869,1.6358
433.50,-10.3068,5.2353,1.5722,-10.7879,3.8963,1.6393,-10.8005,5.1784,1.5826
434.00,-10.2989,5.2353,1.5192,-10.7882,3.9029,1.5860,-10.8004,5.1850,1.5293
434.50,-10.2915,5.2353,1.4683,-10.7881,3.9100,1.5348,-10.8000,5.1921,1.4780
435.00,-10.2845,5.2353,1.4191,-10.7877,3.9172,1.4852,-10.7991,5.1993,1.4285
435.50,-10.2781,5.2353,1.3716,-10.7869,3.9247,1.4376,-10.7979,5.2067,1.3808
436.00,-10.2721,5.2353,1.3256,-10.7859,3.9306,1.3918,-10.7546,5.2042,1.3379
436.50,-10.2666,5.2354,1.2810,-10.7848,3.9362,1.3466,-10.7445,5.2080,1.2934
437.00,-10.2616,5.2354,1.2377,-10.7837,3.9407,1.3034,-10.7432,5.2124,1.2501
437.50,-10.2571,5.2355,1.1956,-10.7823,3.9455,1.2612,-10.7415,5.2171,1.2080
438.00,-10.2531,5.2355,1.1547,-10.7811,3.9487,1.2206,-10.7402,5.2203,1.1674
438.50,-10.2496,5.2355,1.1150,-10.7802,3.9512,1.1801,-10.7391,5.2227,1.1269
439.00,-10.2465,5.2356,1.0763,-10.7782,3.9558,1.1414,-10.7369,5.2271,1.0882
439.50,-10.2439,5.2356,1.0386,-10.7763,3.9597,1.1029,-10.7348,5.2309,1.0497
440.00,-10.2421,5.2357,1.0082,-10.7755,3.9613,1.0718,-10.7339,5.2325,1.0186
440.50,-10.2408,5.2357,0.9812,-10.7750,3.9621,1.0448,-10.7334,5.2332,0.9916
441.00,-10.2397,5.2358,0.9547,-10.7742,3.9634,1.0187,-10.7326,5.2345,0.9655
441.50,-10.2389,5.2358,0.9287,-10.7736,3.9645,0.9926,-10.7318,5.2356,0.9394
442.00,-10.2383,5.2358,0.9033,-10.7732,3.9650,0.9672,-10.7315,5.2361,0.9140
442.50,-10.2379,5.2359,0.8783,-10.7729,3.9654,0.9420,-10.7311,5.2365,0.8887
443.00,-10.2378,5.2359,0.8538,-10.7728,3.9655,0.9174,-10.7310,5.2366,0.8642
443.50,-10.2379,5.2361,0.8293,-10.7726,3.9658,0.8928,-10.7308,5.2369,0.8396
444.00,-10.2379,5.2364,0.8043,-10.7724,3.9661,0.8680,-10.7306,5.2371,0.8148
444.50,-10.2379,5.2365,0.7786,-10.7723,3.9662,0.8424,-10.7304,5.2373,0.7892
445.00,-10.2378,5.2366,0.7532,-10.7721,3.9664,0.8168,-10.7303,5.2374,0.7635
445.50,-10.2376,5.2366,0.7285,-10.7720,3.9665,0.7926,-10.7301,5.2375,0.7394
446.00,-10.2376,5.2366,0.7042,-10.7721,3.9664,0.7680,-10.7302,5.2374,0.7148
446.50,-10.2377,5.2364,0.6794,-10.7724,3.9662,0.7433,-10.7305,5.2372,0.6901
447.00,-10.2377,5.2359,0.6542,-10.7728,3.9658,0.7175,-10.7310,5.2368,0.6643
447.50,-10.2377,5.2352,0.6284,-10.7736,3.9651,0.6918,-10.7318,5.2362,0.6386
448.00,-10.2378,5.2342,0.6022,-10.7745,3.9644,0.6655,-10.7328,5.2355,0.6123
448.50,-10.2378,5.2330,0.5754,-10.7751,3.9639,0.6395,-10.7334,5.2351,0.5863
449.00,-10.2379,5.2315,0.5481,-10.7764,3.9629,0.6122,-10.7348,5.2342,0.5589
449.50,-10.2379,5.2298,0.5202,-10.7782,3.9618,0.5844,-10.7366,5.2331,0.5311
450.00,-10.2379,5.2278,0.4918,-10.7802,3.9605,0.5558,-10.7387,5.2319,0.5026
450.50,-10.2380,5.2255,0.4628,-10.7819,3.9594,0.5265,-10.7404,5.2310,0.4733
451.00,-10.2380,5.2229,0.4333,-10.7842,3.9582,0.4966,-10.7428,5.2298,0.4433
451.50,-10.2380,5.2201,0.4031,-10.7866,3.9569,0.4669,-10.7452,5.2287,0.4136
452.00,-10.2381,5.2170,0.3722,-10.7885,3.9560,0.4364,-10.7472,5.2279,0.3832
452.50,-10.2381,5.2137,0.3407,-10.7909,3.9549,0.4046,-10.7496,5.2270,0.3514
453.00,-10.2381,5.2100,0.3075,-10.7946,3.9534,0.3726,-10.7534,5.2256,0.3194
453.50,-10.2381,5.2047,0.2634,-10.8000,3.9514,0.3281,-10.7589,5.2239,0.2749
454.00,-10.2382,5.1990,0.2180,-10.8051,3.9498,0.2830,-10.7641,5.2226,0.2298
454.50,-10.2382,5.1927,0.1711,-10.8105,3.9483,0.2368,-10.7695,5.2214,0.1836
455.00,-10.2382,5.1860,0.1226,-10.8172,3.9469,0.1882,-10.7763,5.2203,0.1350
455.50,-10.2382,5.1787,0.0724,-10.8250,3.9456,0.1377,-10.7841,5.2194,0.0845
456.00,-10.2382,5.1710,0.0203,-10.8340,3.9446,0.0855,-10.7268,5.1525,0.0323
456.50,-10.2382,5.1631,-0.0331,-10.8312,3.9447,0.0326,-10.7104,5.1389,-0.0206
457.00,-10.2382,5.1555,-0.0848,-10.8247,3.9447,-0.0186,-10.7039,5.1386,-0.0718
457.50,-10.2382,5.1484,-0.1345,-10.8173,3.9444,-0.0684,-10.6966,5.1379,-0.1216
458.00,-10.2382,5.1418,-0.1826,-10.8124,3.9439,-0.1168,-10.6916,5.1371,-0.1700
458.50,-10.2382,5.1356,-0.2291,-10.8059,3.9430,-0.1634,-10.6852,5.1359,-0.2167
459.00,-10.2381,5.1310,-0.2655,-10.8020,3.9423,-0.2042,-10.6814,5.1350,-0.2574
459.50,-10.2381,5.1281,-0.2992,-10.7993,3.9417,-0.2334,-10.6788,5.1342,-0.2867
460.00,-10.2381,5.1244,-0.3315,-10.7953,3.9407,-0.2661,-10.6748,5.1330,-0.3194
460.50,-10.2381,5.1210,-0.3632,-10.7919,3.9397,-0.2971,-10.6714,5.1318,-0.3503
461.00,-10.2380,5.1178,-0.3943,-10.7888,3.9387,-0.3283,-10.6684,5.1307,-0.3816
461.50,-10.2380,5.1149,-0.4246,-10.7859,3.9377,-0.3584,-10.6655,5.1295,-0.4117
462.00,-10.2380,5.1123,-0.4544,-10.7839,3.9369,-0.3883,-10.6636,5.1286,-0.4416
462.50,-10.2379,5.1099,-0.4835,-10.7817,3.9360,-0.4169,-10.7014,5.0775,-0.4701
463.00,-10.2379,5.1079,-0.5121,-10.7794,3.9349,-0.4455,-10.6992,5.0764,-0.4987
463.50,-10.2379,5.1060,-0.5401,-10.7780,3.9342,-0.4733,-10.6978,5.0756,-0.5265
464.00,-10.2378,5.1045,-0.5676,-10.7767,3.9335,-0.5003,-10.6966,5.0749,-0.5535
464.50,-10.2378,5.1032,-0.5945,-10.7753,3.9327,-0.5274,-10.6952,5.0740,-0.5806
465.00,-10.2377,5.1021,-0.6209,-10.7747,3.9324,-0.5538,-10.6947,5.0736,-0.6070
465.50,-10.2377,5.1013,-0.6468,-10.7743,3.9321,-0.5797,-10.6942,5.0733,-0.6329
466.00,-10.2377,5.1008,-0.6722,-10.7739,3.9319,-0.6046,-10.6939,5.0730,-0.6579
466.50,-10.2376,5.1005,-0.6971,-10.7735,3.9316,-0.6291,-10.6935,5.0728,-0.6823
467.00,-10.2376,5.1004,-0.7215,-10.7735,3.9316,-0.6537,-10.6935,5.0727,-0.7070
467.50,-10.2374,5.1005,-0.7461,-10.7733,3.9314,-0.6783,-10.6933,5.0726,-0.7315
468.00,-10.2371,5.1005,-0.7712,-10.7731,3.9312,-0.7038,-10.6931,5.0724,-0.7570
468.50,-10.2370,5.1005,-0.7969,-10.7729,3.9311,-0.7291,-10.6929,5.0722,-0.7824
469.00,-10.2369,5.1003,-0.8222,-10.7728,3.9310,-0.7543,-10.6928,5.0721,-0.8075
469.50,-10.2369,5.1002,-0.8468,-10.7726,3.9309,-0.7789,-10.6927,5.0720,-0.8321
470.00,-10.2369,5.1002,-0.8712,-10.7727,3.9309,-0.8038,-10.6927,5.0720,-0.8570
470.50,-10.2372,5.1003,-0.8960,-10.7730,3.9313,-0.8291,-10.6930,5.0724,-0.8823
471.00,-10.2377,5.1003,-0.9213,-10.7734,3.9317,-0.8547,-10.6934,5.0728,-0.9079
471.50,-10.2385,5.1003,-0.9472,-10.7738,3.9322,-0.8809,-10.6938,5.0734,-0.9341
472.00,-10.2395,5.1004,-0.9735,-10.7743,3.9328,-0.9072,-10.6943,5.0740,-0.9605
472.50,-10.2408,5.1004,-1.0004,-10.7754,3.9342,-0.9339,-10.6953,5.0755,-0.9871
473.00,-10.2423,5.1005,-1.0278,-10.7765,3.9358,-0.9616,-10.6963,5.0771,-1.0148
473.50,-10.2441,5.1005,-1.0558,-10.7780,3.9380,-0.9895,-10.6977,5.0794,-1.0427
474.00,-10.2461,5.1005,-1.0843,-10.7789,3.9394,-1.0183,-10.6985,5.0808,-1.0715
474.50,-10.2485,5.1006,-1.1134,-10.7800,3.9412,-1.0476,-10.6995,5.0827,-1.1008
475.00,-10.2511,5.1006,-1.1447,-10.7813,3.9435,-1.0769,-10.7007,5.0851,-1.1301
475.50,-10.2550,5.1006,-1.1853,-10.7837,3.9481,-1.1185,-10.7028,5.0898,-1.1718
476.00,-10.2594,5.1007,-1.2270,-10.7853,3.9517,-1.1603,-10.7042,5.0935,-1.2135
476.50,-10.2643,5.1007,-1.2700,-10.7872,3.9563,-1.2026,-10.7059,5.0981,-1.2559
477.00,-10.2697,5.1008,-1.3143,-10.7889,3.9609,-1.2468,-10.7073,5.1028,-1.3000
477.50,-10.2762,5.0802,-1.4187,-10.7836,3.9420,-1.3401,-10.7031,5.0837,-1.3934
478.00,-10.2922,4.9975,-1.6174,-10.7738,3.8548,-1.5500,-10.6979,4.9961,-1.6032
478.50,-10.3063,4.8754,-1.6385,-10.7753,3.7267,-1.5858,-10.7666,4.8383,-1.6391
479.00,-10.3103,4.7887,-1.4648,-10.7713,3.6352,-1.4260,-10.7678,4.7468,-1.4723
479.50,-10.3023,4.6781,-1.2045,-10.7392,3.5268,-1.1591,-10.7518,4.6472,-1.1914
480.00,-10.2582,4.5601,-1.0985,-10.6804,3.4137,-1.0408,-10.7143,4.5246,-1.0754
480.50,-10.2012,4.4438,-1.1421,-10.6117,3.2955,-1.0721,-10.6513,4.4023,-1.1149
481.00,-10.1525,4.3223,-1.2710,-10.5565,3.1742,-1.2085,-10.6107,4.2792,-1.2652
481.50,-10.1128,4.1978,-1.2595,-10.5111,3.0495,-1.2104,-10.5739,4.1612,-1.2584
482.00,-10.0669,4.0768,-1.1343,-10.4585,2.9318,-1.0847,-10.5171,4.0456,-1.1275
482.50,-10.0117,3.9615,-1.0435,-10.3933,2.8204,-0.9953,-10.4614,3.9318,-1.0381
483.00,-9.9459,3.8521,-0.9549,-10.3184,2.7152,-0.9054,-10.3967,3.8232,-0.9482
483.50,-9.8687,3.7482,-0.9092,-10.2382,2.6191,-0.8543,-10.3207,3.7207,-0.8988
484.00,-9.7879,3.6462,-0.9058,-10.1494,2.5189,-0.8441,-10.2363,3.6167,-0.8938
484.50,-9.7117,3.5409,-0.9894,-10.0631,2.4141,-0.9285,-10.1595,3.5083,-0.9869
485.00,-9.6415,3.4315,-0.9952,-9.9863,2.3084,-0.9405,-10.0891,3.4083,-0.9972
485.50,-9.5679,3.3234,-0.9617,-9.9036,2.1983,-0.9092,-10.0160,3.2934,-0.9601
486.00,-9.4908,3.2180,-0.9328,-9.8206,2.0955,-0.8785,-9.9448,3.1908,-0.9294
486.50,-9.4120,3.1143,-0.9175,-9.7317,1.9903,-0.8622,-9.8585,3.0824,-0.9149
487.00,-9.3333,3.0109,-0.9317,-9.6470,1.8913,-0.8703,-9.7844,2.9892,-0.9230
487.50,-9.2602,2.9039,-0.9951,-9.5656,1.7875,-0.9385,-9.7122,2.8776,-0.9982
488.00,-9.1885,2.7952,-0.9830,-9.4875,1.6817,-0.9273,-9.6407,2.7671,-0.9834
488.50,-9.1152,2.6874,-0.9702,-9.4070,1.5757,-0.9149,-9.5662,2.6628,-0.9693
489.00,-9.0395,2.5810,-0.9468,-9.3251,1.4717,-0.8917,-9.4902,2.5543,-0.9426
489.50,-8.9622,2.4762,-0.9320,-9.2394,1.3675,-0.8755,-9.4144,2.4460,-0.9264
490.00,-8.8836,2.3724,-0.9231,-9.1577,1.2708,-0.8631,-9.3375,2.3555,-0.9175
490.50,-8.8090,2.2664,-0.9877,-9.0738,1.1670,-0.9277,-9.2540,2.2438,-0.9890
491.00,-8.7373,2.1578,-0.9759,-8.9920,1.0568,-0.9191,-9.1837,2.1283,-0.9787
491.50,-8.6623,2.0510,-0.9532,-8.9130,0.9552,-0.8980,-9.1151,2.0323,-0.9516
492.00,-8.5848,1.9460,-0.9273,-8.8255,0.8481,-0.8690,-9.0334,1.9207,-0.9226
492.50,-8.5066,1.8420,-0.9239,-8.7430,0.7506,-0.8671,-8.9562,1.8190,-0.9207
493.00,-8.4272,1.7388,-0.9118,-8.6563,0.6499,-0.8519,-8.8750,1.7138,-0.9054
493.50,-8.3503,1.6348,-0.9474,-8.5715,0.5499,-0.8868,-8.7953,1.6051,-0.9438
494.00,-8.2743,1.5292,-0.9432,-8.4894,0.4486,-0.8861,-8.7192,1.5075,-0.9417
494.50,-8.2002,1.4229,-0.9820,-8.4037,0.3415,-0.9202,-8.6394,1.3936,-0.9773
495.00,-8.1285,1.3145,-0.9781,-8.3226,0.2334,-0.9233,-8.5731,1.2846,-0.9806
495.50,-8.0566,1.2065,-0.9973,-8.2400,0.1248,-0.9355,-8.5026,1.1790,-0.9925
496.00,-7.9858,1.0973,-0.9882,-8.1615,0.0176,-0.9308,-8.4364,1.0719,-0.9882
496.50,-7.9103,0.9904,-0.9381,-8.0813,-0.0852,-0.8817,-8.3620,0.9649,-0.9375
497.00,-7.8309,0.8868,-0.9094,-7.9952,-0.1863,-0.8513,-8.2763,0.8590,-0.9068
497.50,-7.7515,0.7840,-0.9176,-7.9044,-0.2902,-0.8581,-8.1949,0.7503,-0.9140
498.00,-7.6716,0.6812,-0.9025,-7.8184,-0.3888,-0.8431,-8.1134,0.6515,-0.9007
498.50,-7.5919,0.5788,-0.9216,-7.7251,-0.4945,-0.8607,-8.0356,0.5460,-0.9183
499.00,-7.5133,0.4752,-0.9176,-7.6374,-0.5967,-0.8580,-7.9580,0.4441,-0.9161
499.50,-7.4323,0.3733,-0.8674,-7.5493,-0.6956,-0.8126,-7.8775,0.3403,-0.8702
500.00,-7.3453,0.2769,-0.8182,-7.4594,-0.7849,-0.7572,-7.7886,0.2478,-0.8113
500.50,-7.2569,0.1814,-0.8420,-7.3630,-0.8767,-0.7756,-7.7004,0.1497,-0.8367
501.00,-7.1722,0.0829,-0.8765,-7.2697,-0.9719,-0.8121,-7.6120,0.0574,-0.8757
501.50,-7.0894,-0.0174,-0.8674,-7.1803,-1.0675,-0.8111,-7.5290,-0.0487,-0.8734
502.00,-7.0034,-0.1149,-0.8360,-7.0860,-1.1628,-0.7781,-7.4437,-0.1443,-0.8353
502.50,-6.9158,-0.2109,-0.8401,-6.9881,-1.2580,-0.7753,-7.3546,-0.2436,-0.8328
503.00,-6.8305,-0.3090,-0.8615,-6.8951,-1.3523,-0.8038,-7.2702,-0.3401,-0.8643
503.50,-6.7452,-0.4072,-0.8526,-6.8024,-1.4471,-0.7929,-7.1899,-0.4337,-0.8482
504.00,-6.6589,-0.5043,-0.8361,-6.7105,-1.5391,-0.7768,-7.0985,-0.5350,-0.8338
504.50,-6.5717,-0.6007,-0.8424,-6.6121,-1.6356,-0.7805,-7.0012,-0.6379,-0.8369
505.00,-6.4874,-0.6995,-0.8869,-6.5255,-1.7246,-0.8252,-6.9298,-0.7259,-0.8865
505.50,-6.4089,-0.8024,-0.9519,-6.4406,-1.8213,-0.8861,-6.8450,-0.8332,-0.9478
506.00,-6.3388,-0.9120,-1.0758,-6.3624,-1.9278,-1.0030,-6.7734,-0.9441,-1.0681
506.50,-6.2773,-1.0300,-1.3012,-6.3026,-2.0469,-1.2287,-6.7309,-1.0665,-1.3026
507.00,-6.2241,-1.1561,-1.5538,-6.2699,-2.1823,-1.4713,-6.6852,-1.1898,-1.5420
507.50,-6.2030,-1.2803,-1.8156,-6.2759,-2.3047,-1.7499,-6.6680,-1.3056,-1.8255
508.00,-6.2316,-1.4046,-1.8897,-6.3078,-2.4380,-1.8373,-6.6772,-1.4380,-1.8964
508.50,-6.2682,-1.5093,-1.8001,-6.3350,-2.5477,-1.7598,-6.7060,-1.5438,-1.8075
509.00,-6.2960,-1.6285,-1.5379,-6.3438,-2.6733,-1.5014,-6.7224,-1.6634,-1.5369
509.50,-6.3015,-1.7573,-1.3720,-6.3215,-2.8009,-1.3193,-6.7231,-1.7816,-1.3531
510.00,-6.2782,-1.8802,-1.3905,-6.2877,-2.9263,-1.3241,-6.7188,-1.9081,-1.3753
510.50,-6.2603,-2.0083,-1.5517,-6.2650,-3.0563,-1.4873,-6.7047,-2.0389,-1.5489
511.00,-6.2541,-2.0991,-1.6165,-6.2606,-3.1498,-1.5586,-6.7033,-2.1324,-1.6185
511.50,-6.2568,-2.1277,-1.6661,-6.2608,-3.1819,-1.6098,-6.6960,-2.1645,-1.6662
512.00,-6.2637,-2.1277,-1.7155,-6.2612,-3.1890,-1.6592,-6.6967,-2.1715,-1.7156
512.50,-6.2703,-2.1277,-1.7632,-6.2619,-3.1949,-1.7073,-6.7043,-2.1674,-1.7602
513.00,-6.2763,-2.1277,-1.8094,-6.2628,-3.2009,-1.7531,-6.7056,-2.1733,-1.8060
513.50,-6.2819,-2.1278,-1.8542,-6.2639,-3.2063,-1.7977,-6.7070,-2.1787,-1.8506
514.00,-6.2869,-2.1278,-1.8977,-6.2651,-3.2112,-1.8414,-6.7084,-2.1835,-1.8943
514.50,-6.2915,-2.1278,-1.9399,-6.2666,-3.2162,-1.8837,-6.7102,-2.1884,-1.9367
515.00,-6.2956,-2.1279,-1.9810,-6.2681,-3.2206,-1.9247,-6.7119,-2.1927,-1.9777
515.50,-6.3021,-2.1426,-2.0584,-6.2736,-3.2342,-1.9944,-6.7182,-2.2060,-2.0473
516.00,-6.3360,-2.2074,-2.1858,-6.3079,-3.2963,-2.1283,-6.7801,-2.2268,-2.1917
516.50,-6.4095,-2.3094,-2.1924,-6.3779,-3.4044,-2.1446,-6.8487,-2.3397,-2.1973
517.00,-6.4843,-2.4156,-2.1993,-6.4487,-3.5165,-2.1402,-6.9201,-2.4479,-2.1914
517.50,-6.5661,-2.5168,-2.3215,-6.5243,-3.6229,-2.2572,-7.0007,-2.5484,-2.3144
518.00,-6.6597,-2.6077,-2.4003,-6.6151,-3.7224,-2.3470,-7.1070,-2.6378,-2.4077
518.50,-6.7542,-2.6966,-2.3528,-6.7068,-3.8174,-2.3095,-7.1951,-2.7262,-2.3558
519.00,-6.8402,-2.7941,-2.2198,-6.7873,-3.9184,-2.1741,-7.2747,-2.8229,-2.2139
519.50,-6.9169,-2.8998,-2.1843,-6.8586,-4.0295,-2.1274,-7.3579,-2.9315,-2.1736
520.00,-6.9954,-3.0039,-2.2410,-6.9298,-4.1375,-2.1859,-7.4312,-3.0317,-2.2423
520.50,-7.0766,-3.1055,-2.2484,-7.0095,-4.2493,-2.1925,-7.5164,-3.1375,-2.2452
521.00,-7.1601,-3.2054,-2.2939,-7.0877,-4.3548,-2.2353,-7.6033,-3.2388,-2.2891
521.50,-7.2480,-3.3015,-2.3265,-7.1720,-4.4581,-2.2702,-7.6929,-3.3376,-2.3275
522.00,-7.3378,-3.3956,-2.3351,-7.2634,-4.5653,-2.2829,-7.7804,-3.4293,-2.3367
522.50,-7.4255,-3.4911,-2.2899,-7.3442,-4.6632,-2.2372,-7.8586,-3.5221,-2.2847
523.00,-7.5113,-3.5889,-2.2994,-7.4267,-4.7685,-2.2426,-7.9538,-3.6238,-2.2964
523.50,-7.5986,-3.6853,-2.3150,-7.5132,-4.8755,-2.2587,-8.0374,-3.7262,-2.3154
524.00,-7.6878,-3.7801,-2.3385,-7.5994,-4.9780,-2.2838,-8.1274,-3.8154,-2.3405
524.50,-7.7776,-3.8739,-2.3263,-7.6850,-5.0777,-2.2719,-8.2188,-3.9083,-2.3257
525.00,-7.8662,-3.9689,-2.3091,-7.7745,-5.1851,-2.2561,-8.3139,-4.0107,-2.3099
525.50,-7.9523,-4.0662,-2.2788,-7.8559,-5.2876,-2.2277,-8.3907,-4.0987,-2.2815
526.00,-8.0331,-4.1685,-2.1632,-7.9318,-5.3944,-2.1227,-8.4725,-4.2010,-2.1730
526.50,-8.1052,-4.2822,-1.9817,-7.9920,-5.5153,-1.9371,-8.5389,-4.3184,-1.9805
527.00,-8.1617,-4.4041,-1.8721,-8.0338,-5.6482,-1.8228,-8.5961,-4.4396,-1.8696
527.50,-8.2037,-4.5301,-1.7778,-8.0597,-5.7798,-1.7189,-8.6363,-4.5599,-1.7722
528.00,-8.2304,-4.6573,-1.7749,-8.0798,-5.9164,-1.7139,-8.6749,-4.6954,-1.7741
528.50,-8.2545,-4.7849,-1.7621,-8.0974,-6.0471,-1.7005,-8.7006,-4.8147,-1.7613
529.00,-8.2857,-4.9118,-1.8341,-8.1188,-6.1843,-1.7646,-8.7196,-4.9505,-1.8323
529.50,-8.3256,-5.0341,-1.9115,-8.1507,-6.3123,-1.8523,-8.7700,-5.0660,-1.9236
530.00,-8.3590,-5.1192,-1.8322,-8.1753,-6.4030,-1.7851,-8.7923,-5.1542,-1.8459
530.50,-8.3838,-5.2066,-1.5656,-8.1842,-6.4895,-1.5273,-8.8179,-5.2296,-1.5753
531.00,-8.3936,-5.3267,-1.2903,-8.1597,-6.6109,-1.2401,-8.8174,-5.3619,-1.2863
531.50,-8.3703,-5.4239,-1.1874,-8.1179,-6.7117,-1.1263,-8.8010,-5.4542,-1.1836
532.00,-8.3512,-5.4616,-1.1471,-8.0984,-6.7502,-1.0864,-8.7934,-5.4937,-1.1472
532.50,-8.3475,-5.4624,-1.1076,-8.0967,-6.7535,-1.0466,-8.7919,-5.4970,-1.1074
533.00,-8.3445,-5.4624,-1.0690,-8.0951,-6.7562,-1.0083,-8.7904,-5.4999,-1.0691
533.50,-8.3420,-5.4624,-1.0315,-8.0935,-6.7588,-0.9703,-8.7889,-5.5026,-1.0311
534.00,-8.3400,-5.4625,-0.9950,-8.0925,-6.7603,-0.9343,-8.7880,-5.5041,-0.9951
534.50,-8.3384,-5.4625,-0.9595,-8.0915,-6.7616,-0.8985,-8.7871,-5.5054,-0.9593
535.00,-8.3373,-5.4626,-0.9248,-8.0912,-6.7620,-0.8633,-8.7868,-5.5059,-0.9241
535.50,-8.3366,-5.4627,-0.8910,-8.0904,-6.7628,-0.8293,-8.7861,-5.5067,-0.8901
536.00,-8.3363,-5.4627,-0.8581,-8.0902,-6.7630,-0.7964,-8.7860,-5.5070,-0.8572
536.50,-8.3364,-5.4626,-0.8255,-8.0904,-6.7629,-0.7638,-8.7861,-5.5069,-0.8246
537.00,-8.3365,-5.4624,-0.7918,-8.0906,-6.7627,-0.7300,-8.7863,-5.5066,-0.7907
537.50,-8.3367,-5.4624,-0.7578,-8.0908,-6.7625,-0.6959,-8.7865,-5.5064,-0.7567
538.00,-8.3370,-5.4625,-0.7248,-8.0913,-6.7622,-0.6623,-8.7869,-5.5060,-0.7231
538.50,-8.3371,-5.4624,-0.6922,-8.0914,-6.7620,-0.6294,-8.7871,-5.5059,-0.6902
539.00,-8.3372,-5.4619,-0.6588,-8.0918,-6.7618,-0.5957,-8.7874,-5.5056,-0.6565
539.50,-8.3372,-5.4609,-0.6244,-8.0927,-6.7612,-0.5613,-8.7883,-5.5050,-0.6221
540.00,-8.3373,-5.4595,-0.5892,-8.0939,-6.7605,-0.5254,-8.7894,-5.5042,-0.5862
540.50,-8.3373,-5.4576,-0.5530,-8.0952,-6.7597,-0.4897,-8.7907,-5.5034,-0.5505
541.00,-8.3374,-5.4553,-0.5159,-8.0981,-6.7583,-0.4525,-8.7935,-5.5017,-0.5133
541.50,-8.3374,-5.4525,-0.4778,-8.1006,-6.7571,-0.4144,-8.7959,-5.5004,-0.4752
542.00,-8.3375,-5.4493,-0.4386,-8.1032,-6.7560,-0.3752,-8.7985,-5.4992,-0.4360
542.50,-8.3375,-5.4455,-0.3984,-8.1069,-6.7547,-0.3348,-8.8020,-5.4976,-0.3956
543.00,-8.3375,-5.4413,-0.3570,-8.1109,-6.7534,-0.2932,-8.8060,-5.4961,-0.3540
543.50,-8.3376,-5.4366,-0.3144,-8.1152,-6.7522,-0.2505,-8.8102,-5.4946,-0.3113
544.00,-8.3376,-5.4314,-0.2706,-8.1203,-6.7510,-0.2062,-8.8152,-5.4931,-0.2669
544.50,-8.3376,-5.4257,-0.2254,-8.1250,-6.7501,-0.1607,-8.8199,-5.4920,-0.2215
545.00,-8.3377,-5.4195,-0.1787,-8.1312,-6.7493,-0.1138,-8.8261,-5.4907,-0.1746
545.50,-8.3377,-5.4128,-0.1305,-8.1375,-6.7487,-0.0660,-8.8323,-5.4898,-0.1267
546.00,-8.3377,-5.4057,-0.0806,-8.1452,-6.7484,-0.0157,-8.8400,-5.4890,-0.0765
546.50,-8.3377,-5.3981,-0.0288,-8.1544,-6.7485,0.0366,-8.8491,-5.4886,-0.0242
547.00,-8.3377,-5.3901,0.0247,-8.1570,-6.7486,0.0900,-8.7916,-5.4264,0.0188
547.50,-8.3377,-5.3824,0.0766,-8.1498,-6.7477,0.1419,-8.7843,-5.4260,0.0707
548.00,-8.3377,-5.3752,0.1267,-8.1444,-6.7469,0.1923,-8.7789,-5.4255,0.1210
548.50,-8.3377,-5.3685,0.1750,-8.1365,-6.7451,0.2406,-8.7709,-5.4243,0.1694
549.00,-8.3376,-5.3623,0.2218,-8.1323,-6.7440,0.2872,-8.7666,-5.4235,0.2160
549.50,-8.3376,-5.3566,0.2671,-8.1276,-6.7425,0.3327,-8.7619,-5.4223,0.2614
550.00,-8.3376,-5.3513,0.3111,-8.1228,-6.7407,0.3767,-8.7569,-5.4209,0.3055
550.50,-8.3375,-5.3466,0.3537,-8.1177,-6.7386,0.4191,-8.7517,-5.4191,0.3478
551.00,-8.3375,-5.3423,0.3952,-8.1136,-6.7366,0.4608,-8.7475,-5.4175,0.3896
551.50,-8.3375,-5.3385,0.4356,-8.1103,-6.7349,0.5011,-8.7441,-5.4160,0.4299
552.00,-8.3374,-5.3358,0.4671,-8.1085,-6.7339,0.5372,-8.7422,-5.4151,0.4660
552.50,-8.3374,-5.3358,0.4671,-8.1085,-6.7339,0.5361,-8.7422,-5.4151,0.4649
553.00,-8.3374,-5.3358,0.4671,-8.1085,-6.7339,0.5361,-8.7422,-5.4151,0.4648
553.50,-8.3374,-5.3358,0.4671,-8.1085,-6.7339,0.5360,-8.7422,-5.4151,0.4647
554.00,-8.3374,-5.3358,0.4686,-8.1085,-6.7338,0.5358,-8.7421,-5.4151,0.4646
554.50,-8.3374,-5.3333,0.5054,-8.1069,-6.7329,0.5713,-8.7737,-5.3727,0.5000
555.00,-8.3373,-5.3308,0.5428,-8.1047,-6.7314,0.6094,-8.7782,-5.3629,0.5382
555.50,-8.3373,-5.3288,0.5792,-8.1030,-6.7302,0.6457,-8.7764,-5.3618,0.5745
556.00,-8.3372,-5.3273,0.6147,-8.1018,-6.7292,0.6815,-8.7752,-5.3610,0.6102
556.50,-8.3372,-5.3262,0.6493,-8.1012,-6.7287,0.7157,-8.7745,-5.3605,0.6444
557.00,-8.3371,-5.3256,0.6830,-8.1008,-6.7284,0.7494,-8.7741,-5.3602,0.6782
557.50,-8.3371,-5.3254,0.7158,-8.1008,-6.7283,0.7825,-8.7741,-5.3601,0.7113
558.00,-8.3372,-5.3254,0.7485,-8.1009,-6.7284,0.8156,-8.7742,-5.3602,0.7443
558.50,-8.3374,-5.3255,0.7823,-8.1008,-6.7284,0.8502,-8.7741,-5.3602,0.7789
559.00,-8.3374,-5.3258,0.8162,-8.1009,-6.7285,0.8848,-8.7743,-5.3603,0.8135
559.50,-8.3373,-5.3261,0.8491,-8.1012,-6.7289,0.9180,-8.7746,-5.3607,0.8467
560.00,-8.3374,-5.3261,0.8818,-8.1014,-6.7291,0.9509,-8.7747,-5.3608,0.8796
560.50,-8.3380,-5.3262,0.9153,-8.1017,-6.7296,0.9842,-8.7751,-5.3613,0.9129
561.00,-8.3390,-5.3262,0.9497,-8.1023,-6.7305,1.0187,-8.7758,-5.3622,0.9474
561.50,-8.3404,-5.3263,0.9850,-8.1030,-6.7317,1.0545,-8.7766,-5.3633,0.9833
562.00,-8.3423,-5.3263,1.0213,-8.1040,-6.7336,1.0906,-8.7777,-5.3652,1.0193
562.50,-8.3447,-5.3264,1.0585,-8.1050,-6.7356,1.1280,-8.7789,-5.3671,1.0567
563.00,-8.3475,-5.3264,1.0967,-8.1062,-6.7382,1.1663,-8.7802,-5.3696,1.0951
563.50,-8.3509,-5.3265,1.1360,-8.1073,-6.7409,1.2060,-8.7815,-5.3722,1.1347
564.00,-8.3547,-5.3265,1.1763,-8.1083,-6.7436,1.2468,-8.7827,-5.3748,1.1755
564.50,-8.3589,-5.3266,1.2178,-8.1095,-6.7475,1.2886,-8.7842,-5.3787,1.2174
565.00,-8.3617,-5.3067,1.3149,-8.1054,-6.7303,1.3760,-8.7788,-5.3618,1.3047
565.50,-8.3718,-5.2251,1.5483,-8.1001,-6.6497,1.6145,-8.7678,-5.2817,1.5433
566.00,-8.3880,-5.1062,1.6456,-8.1131,-6.5348,1.7286,-8.8233,-5.1364,1.6573
566.50,-8.3916,-5.0336,1.5921,-8.1232,-6.4646,1.6825,-8.8306,-5.0659,1.5938
567.00,-8.3862,-4.9525,1.3845,-8.1256,-6.3843,1.4891,-8.8268,-4.9757,1.3934
567.50,-8.3698,-4.8560,1.1161,-8.1039,-6.2884,1.2158,-8.7973,-4.8923,1.1062
568.00,-8.3134,-4.7445,0.9890,-8.0506,-6.1733,1.0771,-8.7497,-4.7739,0.9739
568.50,-8.2541,-4.6557,1.0019,-7.9973,-6.0764,1.0795,-8.6877,-4.6834,0.9873
569.00,-8.2051,-4.5690,1.1581,-7.9552,-5.9847,1.2245,-8.6462,-4.5967,1.1463
569.50,-8.1656,-4.4475,1.3612,-7.9268,-5.8618,1.4405,-8.6079,-4.4714,1.3727
570.00,-8.1384,-4.3199,1.4098,-7.9155,-5.7330,1.5042,-8.5757,-4.3478,1.4213
570.50,-8.1132,-4.2157,1.2861,-7.9039,-5.6214,1.3925,-8.5545,-4.2474,1.2951
571.00,-8.0781,-4.1124,1.0515,-7.8713,-5.5137,1.1575,-8.5111,-4.1466,1.0488
571.50,-8.0119,-4.0045,0.9263,-7.8116,-5.4021,1.0231,-8.4461,-4.0379,0.9210
572.00,-7.9334,-3.9013,0.9252,-7.7392,-5.2863,1.0156,-8.3718,-3.9303,0.9228
572.50,-7.8565,-3.7968,0.9376,-7.6682,-5.1693,1.0304,-8.2903,-3.8287,0.9399
573.00,-7.7816,-3.6908,0.9888,-7.6007,-5.0539,1.0752,-8.2225,-3.7217,0.9848
573.50,-7.7129,-3.5808,1.0099,-7.5408,-4.9364,1.1064,-8.1467,-3.6100,1.0177
574.00,-7.6404,-3.4717,0.9740,-7.4769,-4.8137,1.0715,-8.0786,-3.4977,0.9758
574.50,-7.5635,-3.3658,0.9343,-7.4130,-4.7023,1.0304,-8.0044,-3.3973,0.9332
575.00,-7.4867,-3.2610,0.9612,-7.3470,-4.5925,1.0488,-7.9278,-3.2946,0.9566
575.50,-7.4156,-3.1527,0.9924,-7.2831,-4.4741,1.0879,-7.8536,-3.1825,0.9984
576.00,-7.3420,-3.0447,0.9635,-7.2202,-4.3573,1.0611,-7.7807,-3.0716,0.9678
576.50,-7.2642,-2.9396,0.9232,-7.1532,-4.2432,1.0198,-7.7058,-2.9701,0.9241
577.00,-7.1850,-2.8364,0.9161,-7.0782,-4.1233,1.0109,-7.6201,-2.8580,0.9169
577.50,-7.1053,-2.7335,0.9091,-7.0080,-4.0123,1.0039,-7.5429,-2.7641,0.9112
578.00,-7.0252,-2.6311,0.9076,-6.9356,-3.8990,1.0028,-7.4592,-2.6582,0.9088
578.50,-6.9448,-2.5288,0.8963,-6.8651,-3.7891,0.9925,-7.3820,-2.5583,0.9005
579.00,-6.8644,-2.4269,0.9214,-6.7929,-3.6783,1.0121,-7.3032,-2.4546,0.9205
579.50,-6.7878,-2.3223,0.9397,-6.7261,-3.5674,1.0350,-7.2247,-2.3504,0.9440
580.00,-6.7096,-2.2181,0.9066,-6.6606,-3.4592,1.0071,-7.1558,-2.2505,0.9120
580.50,-6.6262,-2.1179,0.8592,-6.5869,-3.3497,0.9555,-7.0678,-2.1493,0.8598
581.00,-6.5409,-2.0199,0.8501,-6.5124,-3.2455,0.9435,-6.9780,-2.0490,0.8495
581.50,-6.4557,-1.9217,0.8627,-6.4369,-3.1399,0.9573,-6.8959,-1.9511,0.8657
582.00,-6.3712,-1.8229,0.8586,-6.3590,-3.0287,0.9563,-6.8177,-1.8476,0.8646
582.50,-6.2851,-1.7254,0.8422,-6.2853,-2.9266,0.9375,-6.7242,-1.7595,0.8422
583.00,-6.1998,-1.6274,0.8634,-6.2078,-2.8181,0.9632,-6.6385,-1.6523,0.8704
583.50,-6.1140,-1.5297,0.8379,-6.1322,-2.7125,0.9373,-6.5600,-1.5605,0.8410
584.00,-6.0271,-1.4330,0.8484,-6.0555,-2.6083,0.9416,-6.4691,-1.4630,0.8453
584.50,-5.9437,-1.3335,0.9092,-5.9803,-2.4994,0.9978,-6.3791,-1.3616,0.9015
585.00,-5.8679,-1.2263,1.0305,-5.9153,-2.3838,1.1232,-6.3100,-1.2531,1.0386
585.50,-5.8015,-1.1136,1.0454,-5.8619,-2.2656,1.1503,-6.2445,-1.1395,1.0599
586.00,-5.7308,-1.0036,0.9769,-5.8035,-2.1466,1.0785,-6.1656,-1.0291,0.9741
586.50,-5.6590,-0.8954,0.9935,-5.7405,-2.0282,1.0953,-6.0987,-0.9182,0.9973
587.00,-5.5850,-0.7887,0.9218,-5.6792,-1.9148,1.0343,-6.0249,-0.8141,0.9333
587.50,-5.5235,-0.7189,0.7352,-5.6227,-1.8334,0.8531,-5.9511,-0.7385,0.7429
588.00,-5.4537,-0.6714,0.5108,-5.5609,-1.7763,0.6292,-5.8976,-0.6981,0.5120
588.50,-5.3409,-0.6334,0.3456,-5.4582,-1.7160,0.4512,-5.7802,-0.6505,0.3363
589.00,-5.2177,-0.5949,0.3290,-5.3442,-1.6643,0.4212,-5.6592,-0.6226,0.3142
589.50,-5.0956,-0.5466,0.3808,-5.2223,-1.6062,0.4733,-5.5321,-0.5755,0.3768
590.00,-4.9763,-0.4904,0.4335,-5.1030,-1.5409,0.5287,-5.4108,-0.5197,0.4378
590.50,-4.8586,-0.4367,0.4010,-4.9890,-1.4738,0.5102,-5.2891,-0.4630,0.4123
591.00,-4.7357,-0.3920,0.2426,-4.8637,-1.4150,0.3516,-5.1678,-0.4191,0.2450
591.50,-4.6084,-0.3600,0.1921,-4.7307,-1.3726,0.2870,-5.0346,-0.3918,0.1826
592.00,-4.4821,-0.3297,0.3039,-4.6052,-1.3301,0.3934,-4.9149,-0.3535,0.3044
592.50,-4.3597,-0.2894,0.3580,-4.4839,-1.2737,0.4598,-4.7868,-0.3078,0.3702
593.00,-4.2365,-0.2492,0.2809,-4.3619,-1.2178,0.3838,-4.6573,-0.2721,0.2812
593.50,-4.1112,-0.2146,0.2779,-4.2361,-1.1694,0.3717,-4.5343,-0.2372,0.2717
594.00,-3.9875,-0.1721,0.3455,-4.1117,-1.1157,0.4411,-4.4147,-0.1966,0.3512
594.50,-3.8657,-0.1254,0.3485,-3.9924,-1.0573,0.4543,-4.3005,-0.1489,0.3612
595.00,-3.7414,-0.0869,0.2234,-3.8686,-1.0046,0.3300,-4.1681,-0.1153,0.2239
595.50,-3.6139,-0.0582,0.1972,-3.7396,-0.9649,0.2904,-4.0465,-0.0816,0.1868
596.00,-3.4880,-0.0266,0.3245,-3.6152,-0.9209,0.4138,-3.9201,-0.0522,0.3297
596.50,-3.3667,0.0153,0.3919,-3.5018,-0.8647,0.4886,-3.8024,-0.0057,0.4042
597.00,-3.2481,0.0682,0.4570,-3.3867,-0.7995,0.5497,-3.6741,0.0500,0.4581
597.50,-3.1439,0.1239,0.4967,-3.2835,-0.7322,0.5976,-3.5801,0.1075,0.5080
598.00,-3.0911,0.1526,0.4602,-3.2294,-0.6963,0.5609,-3.5236,0.1320,0.4626
598.50,-3.0852,0.1559,0.4209,-3.2228,-0.6922,0.5209,-3.5166,0.1355,0.4226
599.00,-3.0853,0.1520,0.3802,-3.2274,-0.6947,0.4804,-3.5215,0.1334,0.3821
599.50,-3.0853,0.1475,0.3383,-3.2312,-0.6966,0.4386,-3.5255,0.1319,0.3403
600.00,-3.0854,0.1426,0.2951,-3.2358,-0.6986,0.3961,-3.5302,0.1304,0.2978
600.50,-3.0839,0.1375,0.2467,-3.2388,-0.6998,0.3517,-3.5333,0.1295,0.2534
601.00,-3.0395,0.1284,0.0800,-3.1946,-0.6875,0.1884,-3.4881,0.1374,0.0901
601.50,-2.9323,0.1142,-0.0305,-3.0833,-0.6754,0.0621,-3.3645,0.0991,-0.0423
602.00,-2.8023,0.1139,0.0561,-2.9540,-0.6650,0.1332,-3.2486,0.0946,0.0503
602.50,-2.6740,0.1225,0.2378,-2.8199,-0.6337,0.3199,-3.1088,0.1138,0.2486
603.00,-2.5760,0.1441,0.2679,-2.7174,-0.5961,0.3635,-3.0020,0.1268,0.2841
603.50,-2.4908,0.1602,0.1248,-2.6289,-0.5674,0.2344,-2.9308,0.1478,0.1440
604.00,-2.3670,0.1665,-0.0906,-2.5059,-0.5536,0.0071,-2.8103,0.1412,-0.0982
604.50,-2.2379,0.1567,-0.1195,-2.3742,-0.5573,-0.0364,-2.6776,0.1324,-0.1260
605.00,-2.1083,0.1472,0.0214,-2.2478,-0.5550,0.1026,-2.5610,0.1323,0.0279
605.50,-1.9785,0.1499,0.0674,-2.1135,-0.5357,0.1603,-2.4230,0.1420,0.0838
606.00,-1.8486,0.1535,-0.0005,-1.9821,-0.5184,0.0922,-2.2936,0.1397,0.0018
606.50,-1.7187,0.1565,0.0555,-1.8513,-0.5048,0.1409,-2.1838,0.1405,0.0576
607.00,-1.5889,0.1641,0.0311,-1.7182,-0.4845,0.1327,-2.0470,0.1503,0.0469
607.50,-1.4589,0.1650,0.0062,-1.5925,-0.4716,0.0981,-1.7556,0.1518,0.0028
608.00,-1.3289,0.1691,0.0243,-1.4599,-0.4574,0.1161,-1.6437,0.1536,0.0270
608.50,-1.1990,0.1789,0.0558,-1.3312,-0.4401,0.1504,-1.5199,0.1627,0.0644
609.00,-1.0692,0.1828,0.0195,-1.1987,-0.4210,0.1188,-1.3895,0.1702,0.0258
609.50,-0.9392,0.1858,0.0469,-1.0686,-0.4056,0.1390,-1.2548,0.1732,0.0448
610.00,-0.8093,0.1916,0.0136,-0.9367,-0.3861,0.1238,-1.1365,0.1834,0.0332
610.50,-0.6794,0.1891,-0.0307,-0.7998,-0.3753,0.0620,-0.9664,0.1775,-0.0408
611.00,-0.5494,0.1891,-0.0042,-0.6580,-0.3626,0.0986,-0.8690,0.1774,0.0132
611.50,-0.4194,0.1880,0.0084,-0.5197,-0.3497,0.1038,-0.7353,0.1750,0.0079
612.00,-0.2895,0.1932,0.0341,-0.3870,-0.3318,0.1423,-0.5811,0.1843,0.0559
612.50,-0.1595,0.1922,-0.0131,-0.2545,-0.3175,0.0853,-0.4773,0.1846,-0.0164
613.00,-0.0295,0.1932,-0.0050,-0.1248,-0.3041,0.1012,-0.3425,0.1847,0.0108
613.50,0.1004,0.1906,-0.0043,0.0102,-0.2933,0.0864,-0.2156,0.1830,-0.0051
614.00,0.2304,0.1929,0.0046,0.1397,-0.2788,0.1107,-0.0765,0.1910,0.0262
614.50,0.3603,0.1881,-0.0623,0.2699,-0.2706,0.0314,0.0691,0.1834,-0.0679
615.00,0.4902,0.1845,-0.0216,0.4031,-0.2631,0.0785,0.1828,0.1782,-0.0087
615.50,0.6201,0.1804,-0.0122,0.5342,-0.2537,0.0789,0.3144,0.1762,-0.0170
616.00,0.7501,0.1842,0.0349,0.6658,-0.2385,0.1375,0.4440,0.1806,0.0509
616.50,0.8801,0.1834,-0.0276,0.7954,-0.2253,0.0682,0.5773,0.1835,-0.0283
617.00,1.0100,0.1838,0.0177,0.9270,-0.2134,0.1173,0.7077,0.1819,0.0289
617.50,1.1400,0.1816,-0.0197,1.0623,-0.2005,0.0741,0.8379,0.1834,-0.0201
618.00,1.2700,0.1839,0.0299,1.1894,-0.1875,0.1247,0.9474,0.1831,0.0375
618.50,1.4000,0.1828,-0.0239,1.3176,-0.1748,0.0677,1.0906,0.1855,-0.0288
619.00,1.5299,0.1838,0.0304,1.4510,-0.1627,0.1254,1.2133,0.1873,0.0393
619.50,1.6599,0.1838,-0.0470,1.5847,-0.1489,0.0535,1.3430,0.1901,-0.0373
620.00,1.7897,0.1775,-0.0457,1.7185,-0.1437,0.0442,1.4581,0.1779,-0.0535
620.50,1.9196,0.1769,-0.0148,1.8536,-0.1348,0.0786,1.5831,0.1768,-0.0087
621.00,2.0496,0.1818,0.0232,1.9798,-0.1222,0.1209,1.6685,0.1862,0.0314
621.50,2.1796,0.1798,-0.0601,2.1182,-0.1100,0.0383,1.8200,0.1862,-0.0556
622.00,2.3093,0.1732,-0.0294,2.2451,-0.1055,0.0635,1.9157,0.1796,-0.0313
622.50,2.4393,0.1706,-0.0182,2.3784,-0.0960,0.0735,2.0547,0.1772,-0.0152
623.00,2.5693,0.1749,0.0375,2.5053,-0.0830,0.1336,2.0700,0.1772,0.0437
623.50,2.6992,0.1764,-0.0324,2.6444,-0.0667,0.0709,2.1860,0.1866,-0.0303
624.00,2.8291,0.1712,-0.0321,2.7764,-0.0600,0.0580,2.3102,0.1762,-0.0443
624.50,2.9591,0.1719,0.0010,2.9078,-0.0494,0.0936,2.4409,0.1740,-0.0005
625.00,3.0890,0.1804,0.0570,3.0387,-0.0337,0.1494,2.5653,0.1804,0.0572
625.50,3.2189,0.1853,-0.0082,3.1642,-0.0162,0.0970,2.6962,0.1936,0.0025
626.00,3.3488,0.1821,-0.0289,3.2955,-0.0080,0.0585,2.8272,0.1864,-0.0429
626.50,3.4788,0.1808,-0.0198,3.4342,0.0036,0.0801,2.9585,0.1863,-0.0136
627.00,3.6087,0.1776,0.0024,3.5687,0.0132,0.0882,3.0838,0.1818,-0.0086
627.50,3.7387,0.1799,0.0009,3.7014,0.0280,0.1038,3.2149,0.1872,0.0103
628.00,3.8687,0.1776,-0.0052,3.8339,0.0380,0.0791,3.3419,0.1844,-0.0214
628.50,3.9986,0.1815,0.0285,3.9667,0.0534,0.1277,3.4759,0.1893,0.0363
629.00,4.1286,0.1802,-0.0143,4.0999,0.0659,0.0743,3.6035,0.1882,-0.0284
629.50,4.2586,0.1801,-0.0209,4.2339,0.0779,0.0816,3.7319,0.1888,-0.0082
630.00,4.3885,0.1747,-0.0299,4.3678,0.0850,0.0547,3.8645,0.1840,-0.0444
630.50,4.5185,0.1756,0.0155,4.4997,0.0977,0.1141,4.0001,0.1862,0.0258
631.00,4.6485,0.1731,-0.0193,4.6365,0.1095,0.0686,4.1130,0.1867,-0.0329
631.50,4.7785,0.1735,-0.0057,4.7652,0.1212,0.0944,4.2402,0.1848,0.0045
632.00,4.9084,0.1702,-0.0118,4.9030,0.1309,0.0722,4.3729,0.1826,-0.0244
632.50,5.0384,0.1737,0.0352,5.0325,0.1453,0.1315,4.5017,0.1870,0.0475
633.00,5.1683,0.1732,-0.0474,5.1624,0.1573,0.0447,4.6273,0.1893,-0.0544
633.50,5.2982,0.1692,-0.0297,5.2939,0.1640,0.0631,4.7662,0.1826,-0.0290
634.00,5.4281,0.1656,-0.0099,5.4229,0.1717,0.0736,4.8792,0.1789,-0.0198
634.50,5.5495,0.1704,0.1065,5.5447,0.1861,0.1823,5.0058,0.1811,0.0990
635.00,5.6295,0.1825,0.3561,5.6278,0.2105,0.4246,5.0839,0.1996,0.3510
635.50,5.7291,0.2188,0.5915,5.7216,0.2689,0.6665,5.1875,0.2477,0.5982
636.00,5.8324,0.2947,0.6946,5.8190,0.3562,0.7802,5.2900,0.3116,0.7051
636.50,5.9250,0.3718,0.6815,5.9010,0.4384,0.7722,5.3813,0.3847,0.6853
637.00,5.9761,0.4121,0.6479,5.9503,0.4851,0.7386,5.4360,0.4273,0.6482
637.50,5.9882,0.4203,0.6015,5.9605,0.4940,0.6973,5.4470,0.4353,0.6069
638.00,6.0381,0.4407,0.4431,6.0040,0.5254,0.5443,5.4932,0.4626,0.4539
638.50,6.1468,0.4704,0.3073,6.1065,0.5767,0.4053,5.6012,0.4945,0.3088
639.00,6.2727,0.4976,0.2101,6.2265,0.6192,0.2947,5.7294,0.5158,0.1991
639.50,6.3995,0.5279,0.2434,6.3536,0.6595,0.3293,5.8550,0.5426,0.2482
640.00,6.5264,0.5553,0.1627,6.4808,0.7000,0.2622,5.9835,0.5733,0.1757
640.50,6.6552,0.5738,0.0156,6.6138,0.7244,0.1064,6.1101,0.5828,0.0096
641.00,6.7460,0.5794,-0.0417,6.7117,0.7316,0.0443,6.1992,0.5929,-0.0420
641.50,6.7745,0.5769,-0.0914,6.7427,0.7324,-0.0064,6.2327,0.5907,-0.0915
642.00,6.7745,0.5699,-0.1410,6.7509,0.7322,-0.0564,6.2326,0.5899,-0.1415
642.50,6.7745,0.5634,-0.1888,6.7584,0.7317,-0.1045,6.2383,0.5888,-0.1897
643.00,6.7745,0.5573,-0.2352,6.7640,0.7311,-0.1507,6.2439,0.5876,-0.2359
643.50,6.7746,0.5517,-0.2801,6.7698,0.7301,-0.1951,6.2495,0.5861,-0.2802
644.00,6.7746,0.5466,-0.3237,6.7743,0.7291,-0.2384,6.2540,0.5847,-0.3236
644.50,6.7746,0.5420,-0.3660,6.7788,0.7279,-0.2806,6.2583,0.5832,-0.3658
645.00,6.7747,0.5378,-0.4071,6.7838,0.7264,-0.3213,6.2632,0.5812,-0.4065
645.50,6.7747,0.5342,-0.4471,6.7874,0.7251,-0.3614,6.2667,0.5797,-0.4466
646.00,6.7748,0.5310,-0.4861,6.7903,0.7240,-0.4000,6.2694,0.5783,-0.4852
646.50,6.7748,0.5283,-0.5240,6.7924,0.7230,-0.4370,6.2315,0.5474,-0.5233
647.00,6.7749,0.5261,-0.5609,6.7947,0.7219,-0.4739,6.2338,0.5460,-0.5602
647.50,6.7749,0.5244,-0.5969,6.7961,0.7211,-0.5092,6.2351,0.5452,-0.5955
648.00,6.7750,0.5230,-0.6319,6.7972,0.7205,-0.5436,6.2361,0.5444,-0.6299
648.50,6.7750,0.5222,-0.6660,6.7982,0.7199,-0.5776,6.2371,0.5437,-0.6639
649.00,6.7751,0.5218,-0.6993,6.7985,0.7197,-0.6102,6.2374,0.5435,-0.6966
649.50,6.7752,0.5217,-0.7318,6.7986,0.7196,-0.6426,6.2374,0.5435,-0.7289
650.00,6.7756,0.5218,-0.7650,6.7988,0.7194,-0.6748,6.2377,0.5432,-0.7612
650.50,6.7757,0.5218,-0.7992,6.7990,0.7193,-0.7086,6.2378,0.5431,-0.7949
651.00,6.7758,0.5215,-0.8326,6.7994,0.7190,-0.7418,6.2381,0.5427,-0.8281
651.50,6.7758,0.5215,-0.8651,6.7994,0.7189,-0.7738,6.2382,0.5427,-0.8602
652.00,6.7755,0.5216,-0.8982,6.7989,0.7194,-0.8066,6.2378,0.5432,-0.8929
652.50,6.7747,0.5216,-0.9322,6.7984,0.7199,-0.8399,6.2373,0.5438,-0.9262
653.00,6.7735,0.5217,-0.9670,6.7973,0.7213,-0.8752,6.2363,0.5452,-0.9615
653.50,6.7718,0.5217,-1.0028,6.7964,0.7223,-0.9108,6.2355,0.5463,-0.9971
654.00,6.7697,0.5218,-1.0395,6.7950,0.7242,-0.9471,6.2343,0.5483,-1.0335
654.50,6.7671,0.5218,-1.0772,6.7933,0.7267,-0.9842,6.2328,0.5510,-1.0706
655.00,6.7640,0.5219,-1.1160,6.7917,0.7292,-1.0224,6.2314,0.5536,-1.1087
655.50,6.7605,0.5219,-1.1558,6.7905,0.7314,-1.0617,6.2303,0.5559,-1.1481
656.00,6.7564,0.5219,-1.1967,6.7880,0.7359,-1.1023,6.2283,0.5606,-1.1886
656.50,6.7519,0.5220,-1.2388,6.7861,0.7400,-1.1441,6.2267,0.5649,-1.2304
657.00,6.7469,0.5220,-1.2821,6.7842,0.7444,-1.1869,6.2252,0.5694,-1.2732
657.50,6.7414,0.5220,-1.3267,6.7821,0.7498,-1.2307,6.2236,0.5749,-1.3170
658.00,6.7354,0.5221,-1.3728,6.7803,0.7553,-1.2761,6.2223,0.5806,-1.3625
658.50,6.7290,0.5221,-1.4203,6.7782,0.7628,-1.3234,6.2208,0.5882,-1.4098
659.00,6.7221,0.5206,-1.4738,6.7769,0.7686,-1.3727,6.2200,0.5942,-1.4591
659.50,6.7095,0.4753,-1.6014,6.7822,0.7247,-1.5060,6.1813,0.4930,-1.6022
660.00,6.7058,0.3683,-1.5910,6.7885,0.6154,-1.5012,6.1601,0.3837,-1.5974
660.50,6.7019,0.2383,-1.6421,6.7977,0.4769,-1.5361,6.1495,0.2499,-1.6312
661.00,6.6889,0.1098,-1.7970,6.7924,0.3448,-1.6895,6.1329,0.1206,-1.7974
661.50,6.6613,-0.0154,-1.8641,6.7702,0.2155,-1.7690,6.1066,-0.0058,-1.8769
662.00,6.6219,-0.1396,-1.8934,6.7436,0.0848,-1.7877,6.0729,-0.1299,-1.8840
662.50,6.5771,-0.2620,-1.9104,6.7114,-0.0453,-1.8184,6.0202,-0.2501,-1.9199
663.00,6.5388,-0.3856,-1.8732,6.6825,-0.1743,-1.7703,5.9928,-0.3718,-1.8642
663.50,6.4950,-0.5084,-1.9467,6.6525,-0.3034,-1.8399,5.9378,-0.4979,-1.9455
664.00,6.4420,-0.6279,-1.9998,6.6157,-0.4229,-1.8954,5.8935,-0.6129,-2.0015
664.50,6.3843,-0.7452,-2.0191,6.5701,-0.5502,-1.9223,5.8363,-0.7373,-2.0272
665.00,6.3332,-0.8635,-1.9753,6.5286,-0.6713,-1.8784,5.7828,-0.8464,-1.9787
665.50,6.2901,-0.9849,-1.8706,6.4923,-0.8024,-1.7816,5.7417,-0.9769,-1.8784
666.00,6.2559,-1.1115,-1.7317,6.4746,-0.9312,-1.6344,5.7139,-1.1005,-1.7219
666.50,6.2307,-1.2408,-1.5472,6.4750,-1.0688,-1.4601,5.6918,-1.2315,-1.5497
667.00,6.2245,-1.3697,-1.3836,6.5014,-1.1940,-1.2846,5.6920,-1.3533,-1.3693
667.50,6.2463,-1.4966,-1.3250,6.5423,-1.3179,-1.2276,5.7029,-1.4844,-1.3262
668.00,6.2798,-1.6207,-1.1996,6.5918,-1.4376,-1.1074,5.7381,-1.6083,-1.2054
668.50,6.3257,-1.7393,-1.1140,6.6566,-1.5508,-1.0110,5.7833,-1.7270,-1.1090
669.00,6.3806,-1.8565,-1.1408,6.7255,-1.6628,-1.0364,5.8360,-1.8452,-1.1384
669.50,6.4359,-1.9743,-1.1368,6.7935,-1.7763,-1.0279,5.8875,-1.9651,-1.1334
670.00,6.4868,-2.0932,-1.1614,6.8574,-1.8872,-1.0602,5.9396,-2.0776,-1.1675
670.50,6.5437,-2.2110,-1.1081,6.9282,-2.0061,-1.0037,5.9967,-2.2036,-1.1040
671.00,6.5988,-2.3280,-1.1388,6.9962,-2.1152,-1.0327,6.0497,-2.3130,-1.1382
671.50,6.6557,-2.4454,-1.0929,7.0636,-2.2261,-0.9983,6.1052,-2.4306,-1.1030
672.00,6.7216,-2.5573,-0.9902,7.1372,-2.3274,-0.8906,6.1686,-2.5393,-0.9846
672.50,6.7946,-2.6649,-0.9753,7.2229,-2.4294,-0.8668,6.2496,-2.6501,-0.9700
673.00,6.8629,-2.7753,-1.0693,7.3040,-2.5321,-0.9578,6.3110,-2.7585,-1.0704
673.50,6.9234,-2.8906,-1.0889,7.3765,-2.6411,-0.9890,6.3707,-2.8749,-1.0998
674.00,6.9896,-3.0032,-1.0009,7.4537,-2.7490,-0.9017,6.4407,-2.9899,-1.0003
674.50,7.0628,-3.1112,-0.9724,7.5426,-2.8560,-0.8656,6.5181,-3.1048,-0.9688
675.00,7.1340,-3.2193,-0.9945,7.6262,-2.9560,-0.8857,6.5915,-3.2124,-0.9965
675.50,7.2060,-3.3280,-0.9780,7.7112,-3.0598,-0.8731,6.6641,-3.3153,-0.9775
676.00,7.2767,-3.4365,-1.0076,7.7941,-3.1601,-0.8986,6.7364,-3.4234,-1.0053
676.50,7.3463,-3.5465,-0.9924,7.8745,-3.2617,-0.8890,6.8050,-3.5333,-0.9934
677.00,7.4206,-3.6542,-0.9615,7.9607,-3.3643,-0.8559,6.8701,-3.6344,-0.9597
677.50,7.4970,-3.7599,-0.9392,8.0489,-3.4635,-0.8330,6.9475,-3.7522,-0.9368
678.00,7.5721,-3.8657,-0.9848,8.1385,-3.5634,-0.8688,7.0365,-3.8607,-0.9761
678.50,7.6388,-3.9762,-1.0505,8.2211,-3.6678,-0.9369,7.0974,-3.9550,-1.0483
679.00,7.6979,-4.0904,-1.0935,8.2927,-3.7705,-0.9826,7.1572,-4.0633,-1.0934
679.50,7.7523,-4.2071,-1.1560,8.3620,-3.8787,-1.0363,7.2138,-4.1886,-1.1436
680.00,7.7984,-4.3300,-1.3604,8.4194,-3.9977,-1.2338,7.2587,-4.3127,-1.3509
680.50,7.8349,-4.4590,-1.5517,8.4521,-4.1334,-1.4340,7.2836,-4.4429,-1.5552
681.00,7.8444,-4.5619,-1.6397,8.4608,-4.2390,-1.5299,7.3002,-4.5471,-1.6407
681.50,7.8401,-4.6027,-1.6884,8.4616,-4.2816,-1.5801,7.3053,-4.5895,-1.6839
682.00,7.8334,-4.6035,-1.7368,8.4615,-4.2874,-1.6285,7.3045,-4.5953,-1.7323
682.50,7.8271,-4.6035,-1.7839,8.4610,-4.2942,-1.6752,7.3034,-4.6020,-1.7790
683.00,7.8213,-4.6035,-1.8295,8.4602,-4.3007,-1.7202,7.3019,-4.6084,-1.8240
683.50,7.8159,-4.6036,-1.8737,8.4592,-4.3067,-1.7642,7.3003,-4.6142,-1.8680
684.00,7.8111,-4.6036,-1.9166,8.4579,-4.3127,-1.8067,7.2984,-4.6201,-1.9105
684.50,7.8067,-4.6036,-1.9583,8.4567,-4.3175,-1.8485,7.2967,-4.6248,-1.9523
685.00,7.8029,-4.6037,-1.9988,8.4553,-4.3222,-1.8882,7.2648,-4.5893,-1.9920
685.50,7.7995,-4.6037,-2.0383,8.4540,-4.3259,-1.9268,7.2631,-4.5928,-2.0306
686.00,7.7965,-4.6038,-2.0767,8.4530,-4.3286,-1.9650,7.2618,-4.5953,-2.0688
686.50,7.7942,-4.6038,-2.1126,8.4519,-4.3310,-2.0017,7.2605,-4.5976,-2.1055
687.00,7.7926,-4.6039,-2.1400,8.4513,-4.3322,-2.0279,7.2598,-4.5988,-2.1317
687.50,7.7914,-4.6039,-2.1669,8.4510,-4.3328,-2.0538,7.2595,-4.5993,-2.1576
688.00,7.7903,-4.6039,-2.1933,8.4506,-4.3335,-2.0795,7.2590,-4.6001,-2.1833
688.50,7.7895,-4.6040,-2.2191,8.4503,-4.3342,-2.1050,7.2585,-4.6007,-2.2088
689.00,7.7890,-4.6040,-2.2445,8.4498,-4.3349,-2.1298,7.2581,-4.6013,-2.2336
689.50,7.7887,-4.6041,-2.2694,8.4497,-4.3351,-2.1547,7.2579,-4.6015,-2.2585
690.00,7.7887,-4.6041,-2.2938,8.4496,-4.3352,-2.1789,7.2578,-4.6016,-2.2826
690.50,7.7887,-4.6043,-2.3183,8.4494,-4.3355,-2.2025,7.2576,-4.6018,-2.3063
691.00,7.7888,-4.6046,-2.3436,8.4492,-4.3358,-2.2271,7.2573,-4.6022,-2.3309
691.50,7.7888,-4.6047,-2.3693,8.4491,-4.3359,-2.2522,7.2572,-4.6023,-2.3560
692.00,7.7886,-4.6048,-2.3945,8.4489,-4.3362,-2.2763,7.2569,-4.6025,-2.3801
692.50,7.7884,-4.6048,-2.4190,8.4488,-4.3363,-2.2998,7.2569,-4.6026,-2.4036
693.00,7.7885,-4.6048,-2.4434,8.4489,-4.3362,-2.3239,7.2570,-4.6025,-2.4277
693.50,7.7885,-4.6045,-2.4683,8.4492,-4.3359,-2.3479,7.2573,-4.6022,-2.4517
694.00,7.7886,-4.6039,-2.4937,8.4494,-4.3357,-2.3727,7.2575,-4.6021,-2.4765
694.50,7.7886,-4.6032,-2.5195,8.4498,-4.3352,-2.3985,7.2580,-4.6017,-2.5023
695.00,7.7886,-4.6021,-2.5459,8.4505,-4.3347,-2.4246,7.2587,-4.6012,-2.5284
695.50,7.7887,-4.6008,-2.5728,8.4511,-4.3342,-2.4507,7.2594,-4.6007,-2.5545
696.00,7.7887,-4.5993,-2.6003,8.4522,-4.3333,-2.4774,7.2605,-4.6000,-2.5812
696.50,7.7888,-4.5975,-2.6283,8.4533,-4.3324,-2.5050,7.2618,-4.5992,-2.6088
697.00,7.7888,-4.5954,-2.6568,8.4551,-4.3311,-2.5331,7.2637,-4.5981,-2.6369
697.50,7.7888,-4.5931,-2.6859,8.4575,-4.3295,-2.5621,7.2663,-4.5968,-2.6659
698.00,7.7889,-4.5905,-2.7157,8.4603,-4.3277,-2.5915,7.2692,-4.5953,-2.6953
698.50,7.7889,-4.5876,-2.7460,8.4634,-4.3259,-2.6209,7.2725,-4.5938,-2.7247
699.00,7.7889,-4.5844,-2.7770,8.4663,-4.3243,-2.6516,7.2755,-4.5925,-2.7554
699.50,7.7889,-4.5810,-2.8087,8.4700,-4.3224,-2.6829,7.2794,-4.5910,-2.7867
700.00,7.7890,-4.5773,-2.8410,8.4739,-4.3206,-2.7150,7.2834,-4.5896,-2.8188
700.50,7.7890,-4.5730,-2.8774,8.4780,-4.3188,-2.7502,7.2877,-4.5882,-2.8540
701.00,7.7890,-4.5672,-2.9228,8.4840,-4.3165,-2.7955,7.2940,-4.5865,-2.8993
701.50,7.7890,-4.5634,-2.9552,8.4882,-4.3150,-2.8261,7.2983,-4.5855,-2.9299
702.00,7.7891,-4.5582,-3.0027,8.4946,-4.3131,-2.8737,7.3049,-4.5843,-2.9775
702.50,7.7891,-4.5512,-3.0523,8.5019,-4.3113,-2.9228,7.3123,-4.5833,-3.0266
703.00,7.7891,-4.5436,-3.1038,8.5098,-4.3097,-2.9735,7.2608,-4.5369,-3.0982
703.50,7.7891,-4.5357,3.1261,8.5132,-4.3092,-3.0264,7.2642,-4.5368,3.1320
704.00,7.7891,-4.5279,3.0738,8.5046,-4.3100,-3.0788,7.2555,-4.5364,3.0797
704.50,7.7891,-4.5207,3.0234,8.4975,-4.3103,-3.1290,7.2485,-4.5358,3.0294
705.00,7.7891,-4.5139,2.9748,8.4905,-4.3102,3.1057,7.2416,-4.5349,2.9809
705.50,7.7890,-4.5076,2.9277,8.4840,-4.3098,3.0593,7.2352,-4.5337,2.9346
706.00,7.7890,-4.5018,2.8822,8.4793,-4.3093,3.0139,7.2306,-4.5326,2.8892
706.50,7.7890,-4.4964,2.8380,8.4742,-4.3085,2.9700,7.2256,-4.5313,2.8452
707.00,7.7889,-4.4916,2.7951,8.4688,-4.3075,2.9268,7.2204,-4.5295,2.8020
707.50,7.7889,-4.4880,2.7613,8.4657,-4.3068,2.8920,7.2174,-4.5284,2.7673
708.00,7.7889,-4.4850,2.7306,8.4632,-4.3061,2.8616,7.2150,-4.5275,2.7369
708.50,7.7888,-4.4823,2.7006,8.4602,-4.3052,2.8323,7.2121,-4.5262,2.7075
709.00,7.7888,-4.4798,2.6711,8.4576,-4.3043,2.8033,7.2097,-4.5250,2.6786
709.50,7.7888,-4.4778,2.6449,8.4554,-4.3035,2.7775,7.2076,-4.5239,2.6528
710.00,7.7887,-4.4766,2.6240,8.4542,-4.3030,2.7599,7.2461,-4.4639,2.6316
710.50,7.7887,-4.4755,2.6032,8.4532,-4.3026,2.7430,7.2452,-4.4634,2.6148
711.00,7.7887,-4.4746,2.5829,8.4525,-4.3023,2.7264,7.2445,-4.4630,2.5981
711.50,7.7886,-4.4737,2.5629,8.4521,-4.3021,2.7091,7.2441,-4.4627,2.5809
712.00,7.7886,-4.4730,2.5431,8.4514,-4.3018,2.6929,7.2435,-4.4623,2.5646
712.50,7.7886,-4.4724,2.5237,8.4507,-4.3015,2.6763,7.2429,-4.4619,2.5481
713.00,7.7886,-4.4720,2.5045,8.4500,-4.3011,2.6603,7.2422,-4.4615,2.5321
713.50,7.7885,-4.4716,2.4855,8.4497,-4.3010,2.6448,7.2420,-4.4613,2.5165
714.00,7.7885,-4.4713,2.4668,8.4497,-4.3009,2.6299,7.2419,-4.4612,2.5017
714.50,7.7885,-4.4711,2.4483,8.4496,-4.3009,2.6147,7.2418,-4.4612,2.4865
715.00,7.7884,-4.4711,2.4301,8.4495,-4.3008,2.5991,7.2418,-4.4611,2.4709
715.50,7.7884,-4.4711,2.4121,8.4494,-4.3008,2.5845,7.2417,-4.4611,2.4562
716.00,7.7882,-4.4711,2.3938,8.4492,-4.3006,2.5695,7.2415,-4.4609,2.4412
716.50,7.7880,-4.4711,2.3752,8.4487,-4.3003,2.5544,7.2410,-4.4605,2.4262
717.00,7.7878,-4.4712,2.3563,8.4486,-4.3003,2.5386,7.2410,-4.4605,2.4104
717.50,7.7878,-4.4711,2.3374,8.4486,-4.3003,2.5225,7.2410,-4.4605,2.3943
718.00,7.7878,-4.4710,2.3188,8.4484,-4.3001,2.5076,7.2407,-4.4603,2.3793
718.50,7.7877,-4.4708,2.3006,8.4481,-4.2999,2.4926,7.2405,-4.4600,2.3644
719.00,7.7877,-4.4709,2.2826,8.4480,-4.2998,2.4778,7.2404,-4.4599,2.3496
719.50,7.7878,-4.4709,2.2645,8.4481,-4.2999,2.4627,7.2405,-4.4600,2.3345
720.00,7.7880,-4.4709,2.2464,8.4483,-4.3001,2.4459,7.2407,-4.4602,2.3177
720.50,7.7885,-4.4710,2.2210,8.4487,-4.3004,2.4208,7.2410,-4.4606,2.2925
721.00,7.7893,-4.4710,2.1952,8.4490,-4.3007,2.3958,7.2413,-4.4609,2.2675
721.50,7.7902,-4.4710,2.1715,8.4500,-4.3017,2.3698,7.2422,-4.4620,2.2416
722.00,7.7913,-4.4711,2.1461,8.4507,-4.3023,2.3466,7.2428,-4.4628,2.2184
722.50,7.7927,-4.4711,2.1188,8.4517,-4.3033,2.3198,7.2436,-4.4639,2.1916
723.00,7.7945,-4.4711,2.0910,8.4530,-4.3048,2.2925,7.2447,-4.4655,2.1643
723.50,7.7965,-4.4712,2.0626,8.4541,-4.3061,2.2643,7.2457,-4.4670,2.1361
724.00,7.7988,-4.4712,2.0336,8.4558,-4.3081,2.2360,7.2470,-4.4692,2.1078
724.50,7.8013,-4.4712,2.0040,8.4568,-4.3095,2.2072,7.2479,-4.4706,2.0790
725.00,7.8050,-4.4713,1.9646,8.4589,-4.3125,2.1685,7.2496,-4.4739,2.0403
725.50,7.8093,-4.4713,1.9231,8.4613,-4.3162,2.1273,7.2515,-4.4779,1.9991
726.00,7.8140,-4.4714,1.8804,8.4641,-4.3209,2.0848,7.2537,-4.4829,1.9566
726.50,7.8193,-4.4714,1.8364,8.4670,-4.3263,2.0406,7.2559,-4.4887,1.9124
727.00,7.8248,-4.4631,1.7676,8.4644,-4.3205,1.9789,7.2540,-4.4825,1.8507
727.50,7.8377,-4.3995,1.5543,8.4458,-4.2595,1.7650,7.2433,-4.4197,1.6367
728.00,7.8584,-4.2809,1.4560,8.4301,-4.1338,1.6509,7.3166,-4.2621,1.4488
728.50,7.8683,-4.1949,1.4973,8.4222,-4.0450,1.6903,7.3290,-4.1752,1.4958
729.00,7.8711,-4.1707,1.5482,8.4184,-4.0166,1.7434,7.3319,-4.1468,1.5559
729.50,7.8658,-4.1707,1.6016,8.4180,-4.0148,1.7977,7.3318,-4.1449,1.6101
730.00,7.8582,-4.1707,1.6533,8.4159,-4.0068,1.8494,7.3313,-4.1367,1.6618
730.50,7.8498,-4.1623,1.7270,8.4121,-3.9950,1.9166,7.3191,-4.1343,1.7256
731.00,7.8318,-4.1001,1.8540,8.3839,-3.9328,2.0497,7.3032,-4.0680,1.8587
731.50,7.7988,-3.9856,1.9044,8.3236,-3.8255,2.1070,7.2542,-3.9612,1.9124
732.00,7.7519,-3.8638,1.9605,8.2513,-3.7094,2.1577,7.2076,-3.8415,1.9620
732.50,7.6960,-3.7455,2.0232,8.1738,-3.6025,2.2261,7.1510,-3.7232,2.0351
733.00,7.6345,-3.6295,2.0606,8.0901,-3.4970,2.2600,7.0983,-3.6039,2.0549
733.50,7.5732,-3.5149,2.0426,8.0019,-3.3919,2.2529,7.0286,-3.4927,2.0505
734.00,7.5176,-3.3981,2.0199,7.9254,-3.2936,2.2231,6.9735,-3.3857,2.0155
734.50,7.4578,-3.2815,2.0473,7.8430,-3.1880,2.2489,6.9104,-3.2597,2.0482
735.00,7.3924,-3.1674,2.0917,7.7609,-3.0905,2.2953,6.8493,-3.1577,2.0929
735.50,7.3291,-3.0541,2.0531,7.6767,-2.9948,2.2681,6.7756,-3.0419,2.0640
736.00,7.2743,-2.9367,1.9899,7.5956,-2.8887,2.1933,6.7272,-2.9165,1.9787
736.50,7.2173,-2.8193,2.0669,7.5121,-2.7773,2.2588,6.6699,-2.8043,2.0575
737.00,7.1510,-2.7090,2.1732,7.4198,-2.6786,2.3742,6.5968,-2.6921,2.1823
737.50,7.0776,-2.6021,2.1571,7.3210,-2.5846,2.3688,6.5290,-2.5843,2.1653
738.00,7.0111,-2.4906,2.0694,7.2297,-2.4868,2.2763,6.4634,-2.4733,2.0658
738.50,6.9503,-2.3759,2.0618,7.1463,-2.3869,2.2652,6.4005,-2.3646,2.0605
739.00,6.8848,-2.2622,2.1012,7.0561,-2.2819,2.3017,6.3341,-2.2401,2.0993
739.50,6.8129,-2.1520,2.1549,6.9609,-2.1820,2.3584,6.2581,-2.1299,2.1572
740.00,6.7387,-2.0445,2.1804,6.8639,-2.0881,2.3859,6.1882,-2.0262,2.1830
740.50,6.6637,-1.9383,2.1808,6.7666,-1.9976,2.3892,6.1138,-1.9210,2.1839
741.00,6.5871,-1.8329,2.2304,6.6695,-1.9090,2.4312,6.0414,-1.8183,2.2225
741.50,6.5024,-1.7344,2.3300,6.5647,-1.8271,2.5313,5.9465,-1.7162,2.3330
742.00,6.4102,-1.6430,2.3712,6.4469,-1.7506,2.5837,5.8524,-1.6228,2.3831
742.50,6.3260,-1.5562,2.2866,6.3456,-1.6839,2.5097,5.7759,-1.5437,2.2940
743.00,6.2752,-1.4926,2.0801,6.2826,-1.6294,2.3088,5.7254,-1.4776,2.0861
743.50,6.2345,-1.4128,1.8115,6.2305,-1.5546,2.0416,5.6948,-1.3935,1.8110
744.00,6.2032,-1.2874,1.5407,6.1872,-1.4295,1.7689,5.6689,-1.2663,1.5390
744.50,6.1949,-1.1589,1.3520,6.1759,-1.3003,1.5654,5.6702,-1.1450,1.3374
745.00,6.2168,-1.0336,1.2365,6.1831,-1.1667,1.4562,5.6777,-1.0163,1.2430
745.50,6.2546,-0.9151,1.0674,6.2085,-1.0420,1.2834,5.7242,-0.8997,1.0641
746.00,6.3181,-0.8034,1.0132,6.2510,-0.9157,1.2232,5.7796,-0.7884,1.0083
746.50,6.3901,-0.6941,0.9759,6.3006,-0.7848,1.1875,5.8558,-0.6709,0.9761
747.00,6.4660,-0.5877,0.9330,6.3529,-0.6609,1.1462,5.9168,-0.5683,0.9362
747.50,6.5463,-0.4849,0.9006,6.4118,-0.5379,1.1087,6.0053,-0.4678,0.8953
748.00,6.6247,-0.3818,0.9380,6.4699,-0.4168,1.1443,6.0806,-0.3625,0.9376
748.50,6.7012,-0.2767,0.9321,6.5214,-0.3014,1.1472,6.1561,-0.2641,0.9366
749.00,6.7826,-0.1750,0.8643,6.5819,-0.1784,1.0788,6.2381,-0.1581,0.8627
749.50,6.8684,-0.0773,0.8452,6.6480,-0.0593,1.0539,6.3223,-0.0608,0.8387
750.00,6.9525,0.0216,0.8849,6.7101,0.0549,1.0947,6.4060,0.0371,0.8865
750.50,7.0337,0.1230,0.9056,6.7694,0.1728,1.1134,6.4911,0.1378,0.9029
751.00,7.1100,0.2279,0.9739,6.8237,0.2933,1.1849,6.5642,0.2441,0.9776
751.50,7.1825,0.3357,0.9747,6.8722,0.4151,1.1917,6.6438,0.3537,0.9780
752.00,7.2536,0.4441,0.9997,6.9208,0.5401,1.2173,6.7080,0.4598,1.0047
752.50,7.3271,0.5518,0.9296,6.9679,0.6605,1.1575,6.7830,0.5679,0.9370
753.00,7.4098,0.6521,0.8262,7.0246,0.7729,1.0519,6.8630,0.6607,0.8271
753.50,7.5026,0.7438,0.7388,7.0976,0.8884,0.9590,6.9600,0.7669,0.7342
754.00,7.5984,0.8309,0.7565,7.1737,0.9955,0.9667,7.0582,0.8443,0.7454
754.50,7.6647,0.8999,0.8988,7.2256,1.0790,1.0990,7.1177,0.9136,0.8882
755.00,7.6985,0.9383,1.0693,7.2460,1.1281,1.2802,7.1492,0.9563,1.0798
755.50,7.7027,0.9400,1.1275,7.2478,1.1339,1.3438,7.1509,0.9624,1.1365
756.00,7.6992,0.9400,1.1677,7.2473,1.1313,1.3841,7.1499,0.9599,1.1768
756.50,7.6950,0.9399,1.2089,7.2466,1.1267,1.4263,7.1482,0.9556,1.2189
757.00,7.6904,0.9399,1.2513,7.2460,1.1224,1.4690,7.1468,0.9514,1.2617
757.50,7.6856,0.9413,1.2989,7.2458,1.1198,1.5129,7.1461,0.9489,1.3055
758.00,7.6793,0.9855,1.4301,7.2452,1.1635,1.6470,7.1545,0.9919,1.4397
758.50,7.6827,1.0920,1.4916,7.2329,1.2712,1.7121,7.1430,1.1100,1.4908
759.00,7.6859,1.2218,1.5538,7.2114,1.4002,1.7709,7.1501,1.2406,1.5461
759.50,7.6804,1.3517,1.6325,7.1787,1.5286,1.8592,7.1369,1.3629,1.6414
760.00,7.6657,1.4812,1.7012,7.1383,1.6575,1.9137,7.1250,1.4976,1.6889
760.50,7.6420,1.6086,1.8330,7.0856,1.7793,2.0489,7.1012,1.6196,1.8345
761.00,7.6100,1.7236,1.8903,7.0274,1.8807,2.1188,7.0761,1.7294,1.9080
761.50,7.5841,1.8060,1.7890,6.9859,1.9531,2.0312,7.0490,1.8184,1.8030
762.00,7.5670,1.9029,1.5392,6.9537,2.0445,1.7785,7.0366,1.9142,1.5345
762.50,7.5669,2.0317,1.4340,6.9358,2.1764,1.6579,7.0339,2.0465,1.4249
763.00,7.5807,2.1608,1.5135,6.9216,2.3094,1.7267,7.0399,2.1790,1.5054
763.50,7.5852,2.2908,1.5844,6.8946,2.4375,1.8120,7.0413,2.3080,1.5954
764.00,7.5848,2.4208,1.5775,6.8632,2.5661,1.8060,7.0480,2.4321,1.5812
764.50,7.5807,2.5507,1.6079,6.8312,2.6936,1.8367,7.0460,2.5635,1.6142
765.00,7.5779,2.6807,1.5938,6.7958,2.8242,1.8268,7.0397,2.6987,1.5985
765.50,7.5785,2.8106,1.5777,6.7633,2.9541,1.8090,7.0373,2.8226,1.5773
766.00,7.5788,2.9406,1.5726,6.7314,3.0866,1.8040,7.0366,2.9588,1.5722
766.50,7.5781,3.0706,1.5748,6.6991,3.2222,1.8065,7.0449,3.0882,1.5776
767.00,7.5751,3.2006,1.5854,6.6679,3.3469,1.8227,7.0349,3.2067,1.5979
767.50,7.5793,3.3306,1.5305,6.6381,3.4750,1.7719,7.0339,3.3466,1.5372
768.00,7.5926,3.4601,1.4409,6.6175,3.6068,1.6782,7.0440,3.4713,1.4360
768.50,7.6077,3.5891,1.4950,6.6029,3.7357,1.7169,7.0633,3.5997,1.4845
769.00,7.6136,3.7190,1.5586,6.5771,3.8629,1.7995,7.0765,3.7294,1.5747
769.50,7.6198,3.8489,1.5248,6.5507,3.9894,1.7598,7.0783,3.8585,1.5210
770.00,7.6215,3.9788,1.5466,6.5247,4.1193,1.7807,7.0839,3.9910,1.5454
770.50,7.6214,4.1088,1.5610,6.4947,4.2541,1.7970,7.0862,4.1207,1.5652
771.00,7.6218,4.2388,1.5635,6.4645,4.3838,1.8024,7.0767,4.2522,1.5706
771.50,7.6263,4.3688,1.5432,6.4362,4.5130,1.7759,7.0885,4.3744,1.5378
772.00,7.6245,4.4988,1.5789,6.4066,4.6397,1.8177,7.0899,4.5045,1.5860
772.50,7.6242,4.6288,1.5748,6.3737,4.7704,1.8152,7.0878,4.6392,1.5800
773.00,7.6248,4.7588,1.5699,6.3426,4.8967,1.8104,7.0872,4.7693,1.5751
773.50,7.6254,4.8888,1.5677,6.3127,5.0193,1.8084,7.0868,4.8955,1.5731
774.00,7.6239,5.0188,1.5819,6.2810,5.1490,1.8175,7.0862,5.0290,1.5823
774.50,7.6220,5.1488,1.5685,6.2466,5.2809,1.8180,7.0835,5.1653,1.5862
775.00,7.6281,5.2782,1.4022,6.2226,5.4137,1.6565,7.0899,5.2999,1.4108
775.50,7.6425,5.3937,1.2243,6.2210,5.5351,1.4860,7.1100,5.4079,1.2397
776.00,7.6734,5.4946,0.9773,6.2446,5.6504,1.2396,7.1400,5.5059,0.9840
776.50,7.7437,5.5828,0.7602,6.2920,5.7523,1.0235,7.2002,5.5990,0.7708
777.00,7.8397,5.6550,0.5582,6.3664,5.8516,0.8163,7.2968,5.6685,0.5601
777.50,7.9532,5.7183,0.3429,6.4662,5.9397,0.6073,7.4158,5.7284,0.3546
778.00,8.0776,5.7726,0.0999,6.5835,6.0014,0.3572,7.5348,5.7690,0.1045
778.50,8.2075,5.7978,-0.0598,6.7143,6.0361,0.1847,7.6701,5.8060,-0.0616
779.00,8.3369,5.7932,-0.1372,6.8432,6.0557,0.1083,7.7900,5.8059,-0.1235
779.50,8.4656,5.7773,-0.1096,6.9751,6.0694,0.1208,7.9214,5.7978,-0.1051
780.00,8.5954,5.7679,0.0412,7.1089,6.0962,0.2789,8.0576,5.7930,0.0645
780.50,8.7243,5.7714,0.0287,7.2330,6.1338,0.2825,8.1768,5.7961,0.0548
781.00,8.8419,5.7705,-0.1740,7.3500,6.1583,0.0937,8.2962,5.7922,-0.1416
781.50,8.9585,5.7565,-0.4330,7.4675,6.1537,-0.1696,8.4090,5.7613,-0.4223
782.00,9.0649,5.7070,-0.6493,7.5870,6.1205,-0.3832,8.5263,5.7290,-0.6324
782.50,9.1480,5.6302,-0.8618,7.6893,6.0658,-0.5987,8.6020,5.6608,-0.8514
783.00,9.2098,5.5528,-1.0064,7.7675,6.0034,-0.7513,8.6615,5.5803,-0.9976
783.50,9.2289,5.5237,-1.0333,7.7950,5.9763,-0.7843,8.6910,5.5570,-1.0265
784.00,9.2208,5.5373,-1.0333,7.7824,5.9889,-0.7841,8.6818,5.5723,-1.0263
784.50,9.2106,5.5545,-1.0333,7.7663,6.0050,-0.7834,8.6700,5.5918,-1.0257
785.00,9.2004,5.5717,-1.0333,7.7504,6.0208,-0.7829,8.6584,5.6110,-1.0251
785.50,9.1901,5.5888,-1.0333,7.7360,6.0352,-0.7828,8.6479,5.6284,-1.0250
786.00,9.1799,5.6060,-1.0333,7.7212,6.0500,-0.7824,8.6370,5.6463,-1.0246
786.50,9.1696,5.6232,-1.0333,7.7069,6.0641,-0.7818,8.6266,5.6634,-1.0240
787.00,9.1594,5.6404,-1.0333,7.6925,6.0785,-0.7814,8.6154,5.6704,-1.0201
787.50,9.1492,5.6576,-1.0333,7.6790,6.0918,-0.7812,8.6054,5.6866,-1.0200
788.00,9.1389,5.6747,-1.0333,7.6646,6.1061,-0.7811,8.5948,5.7039,-1.0198
788.50,9.1287,5.6919,-1.0333,7.6505,6.1201,-0.7807,8.5844,5.7208,-1.0195
789.00,9.1184,5.7091,-1.0333,7.6376,6.1329,-0.7808,8.5749,5.7363,-1.0195
789.50,9.1082,5.7263,-1.0333,7.6231,6.1473,-0.7799,8.5642,5.7537,-1.0186
790.00,9.0980,5.7435,-1.0333,7.6092,6.1609,-0.7796,8.5540,5.7702,-1.0184
790.50,9.0877,5.7606,-1.0333,7.5939,6.1761,-0.7798,8.5426,5.7886,-1.0186
791.00,9.0775,5.7778,-1.0333,7.5790,6.1908,-0.7791,8.5316,5.8065,-1.0179
791.50,9.0672,5.7950,-1.0333,7.5660,6.2037,-0.7787,8.5221,5.8220,-1.0175
792.00,9.0570,5.8122,-1.0333,7.5523,6.2172,-0.7788,8.5126,5.8387,-1.0211
792.50,9.0468,5.8294,-1.0333,7.5395,6.2298,-0.7786,8.5032,5.8540,-1.0209
793.00,9.0433,5.8351,-1.0333,7.5343,6.2350,-0.7782,8.4994,5.8604,-1.0204
793.50,9.0433,5.8351,-1.0333,7.5343,6.2350,-0.7770,8.4994,5.8604,-1.0192
794.00,9.0433,5.8351,-1.0333,7.5343,6.2350,-0.7766,8.4994,5.8604,-1.0188
794.50,9.0433,5.8351,-1.0333,7.5343,6.2350,-0.7759,8.4994,5.8604,-1.0181
795.00,9.0496,5.8248,-1.0100,7.5424,6.2271,-0.7564,8.5054,5.8508,-0.9986
795.50,9.0877,5.7659,-0.9742,7.5941,6.1806,-0.7175,8.5444,5.7933,-0.9598
796.00,9.1585,5.6644,-0.9578,7.6915,6.0973,-0.6988,8.6176,5.6892,-0.9440
796.50,9.2304,5.5569,-0.9996,7.7867,6.0153,-0.7364,8.6818,5.5966,-0.9822
797.00,9.2937,5.4453,-1.0805,7.8784,5.9265,-0.8103,8.7494,5.4784,-1.0595
797.50,9.3485,5.3278,-1.2889,7.9568,5.8286,-1.0111,8.8015,5.3643,-1.2639
798.00,9.3937,5.2008,-1.5179,8.0123,5.7098,-1.2488,8.8354,5.2358,-1.5120
798.50,9.4117,5.0709,-1.6560,8.0471,5.5729,-1.3898,8.8611,5.1027,-1.6431
799.00,9.4044,4.9419,-1.7157,8.0664,5.4414,-1.4560,8.8581,4.9823,-1.7052
799.50,9.3896,4.8128,-1.6195,8.0849,5.3100,-1.3748,8.8531,4.8505,-1.6176
800.00,9.3841,4.6831,-1.4476,8.1237,5.1819,-1.1905,8.8592,4.7170,-1.4199
800.50,9.3975,4.5613,-1.4579,8.1716,5.0674,-1.1861,8.8710,4.5948,-1.4307
801.00,9.4051,4.4373,-1.6537,8.2088,4.9505,-1.3762,8.8701,4.4726,-1.6341
801.50,9.3980,4.3089,-1.7638,8.2245,4.8201,-1.5010,8.8621,4.3479,-1.7624
802.00,9.3766,4.1809,-1.6922,8.2364,4.6809,-1.4435,8.8569,4.2105,-1.6875
802.50,9.3644,4.0513,-1.6284,8.2617,4.5428,-1.3624,8.8477,4.0806,-1.5924
803.00,9.3545,3.9216,-1.6351,8.2868,4.4161,-1.3765,8.8336,3.9615,-1.6204
803.50,9.3512,3.7917,-1.5991,8.3163,4.2853,-1.3312,8.8402,3.8275,-1.5682
804.00,9.3423,3.6621,-1.7146,8.3399,4.1677,-1.4386,8.8364,3.7077,-1.6848
804.50,9.3245,3.5352,-1.8583,8.3477,4.0383,-1.5841,8.8115,3.5702,-1.8414
805.00,9.2939,3.4131,-1.9874,8.3382,3.9067,-1.7101,8.7802,3.4454,-1.9645
805.50,9.2417,3.2965,-2.0480,8.3147,3.7795,-1.7796,8.7353,3.3284,-2.0340
806.00,9.1788,3.1816,-2.0743,8.2866,3.6536,-1.8037,8.6762,3.2136,-2.0511
806.50,9.1163,3.0678,-2.0606,8.2534,3.5161,-1.7942,8.6103,3.0884,-2.0417
807.00,9.0545,2.9532,-2.0795,8.2222,3.3783,-1.8077,8.5563,2.9725,-2.0517
807.50,8.9883,2.8407,-2.0929,8.1889,3.2515,-1.8307,8.4932,2.8677,-2.0794
808.00,8.9290,2.7255,-2.0119,8.1600,3.1220,-1.7465,8.4330,2.7496,-1.9876
808.50,8.8723,2.6083,-2.0482,8.1355,2.9846,-1.7696,8.3772,2.6299,-2.0159
809.00,8.8070,2.4968,-2.1707,8.1007,2.8541,-1.8926,8.3122,2.5134,-2.1506
809.50,8.7321,2.3915,-2.2069,8.0559,2.7324,-1.9380,8.2476,2.4173,-2.1924
810.00,8.6584,2.2845,-2.1170,8.0095,2.5998,-1.8560,8.1690,2.3008,-2.0999
810.50,8.5938,2.1708,-2.0559,7.9779,2.4706,-1.7819,8.1171,2.1915,-2.0224
811.00,8.5292,2.0574,-2.1345,7.9467,2.3397,-1.8493,8.0560,2.0733,-2.0968
811.50,8.4550,1.9521,-2.2471,7.9035,2.2186,-1.9699,7.9829,1.9749,-2.2284
812.00,8.3731,1.8513,-2.2392,7.8512,2.0980,-1.9719,7.8947,1.8653,-2.2269
812.50,8.2968,1.7460,-2.1570,7.8042,1.9725,-1.8863,7.8154,1.7544,-2.1309
813.00,8.2265,1.6369,-2.1476,7.7641,1.8433,-1.8676,7.7559,1.6483,-2.1220
813.50,8.1520,1.5293,-2.1933,7.7243,1.7212,-1.9119,7.6970,1.5400,-2.1699
814.00,8.0726,1.4255,-2.2365,7.6752,1.5929,-1.9585,7.6069,1.4283,-2.2164
814.50,7.9925,1.3231,-2.2219,7.6247,1.4698,-1.9512,7.5185,1.3238,-2.2091
815.00,7.9181,1.2166,-2.1432,7.5805,1.3448,-1.8678,7.4514,1.2130,-2.1153
815.50,7.8469,1.1076,-2.1693,7.5409,1.2152,-1.8833,7.3921,1.1066,-2.1401
816.00,7.7679,1.0040,-2.2684,7.4950,1.0939,-1.9835,7.3156,1.0091,-2.2478
816.50,7.6807,0.9071,-2.3470,7.4360,0.9712,-2.0634,7.2181,0.9079,-2.3283
817.00,7.5886,0.8153,-2.3665,7.3706,0.8533,-2.0824,7.1339,0.8115,-2.3438
817.50,7.4945,0.7301,-2.4700,7.3020,0.7405,-2.1750,7.0386,0.7201,-2.4365
818.00,7.4161,0.6728,-2.6952,7.2390,0.6655,-2.3956,6.9691,0.6733,-2.6710
818.50,7.3156,0.6257,-2.9761,7.1445,0.5991,-2.6762,6.8604,0.6261,-2.9573
819.00,7.1877,0.5914,3.0538,7.0115,0.5539,-2.9428,6.7200,0.6082,3.0615
819.50,7.0589,0.5988,2.9831,6.8839,0.5354,-3.0279,6.5957,0.5887,2.9962
820.00,6.9304,0.6162,3.0068,6.7565,0.5195,-3.0036,6.4650,0.6046,3.0245
820.50,6.8011,0.6256,3.0675,6.6252,0.4974,-2.9433,6.3325,0.6082,3.0890
821.00,6.6713,0.6290,3.0997,6.4962,0.4685,-2.9080,6.2003,0.6106,3.1242
821.50,6.5414,0.6263,-3.1312,6.3657,0.4347,-2.8583,6.0755,0.6101,-3.1163
822.00,6.4116,0.6161,-3.0779,6.2411,0.3933,-2.7960,5.9345,0.5919,-3.0504
822.50,6.2816,0.6131,3.1354,6.1191,0.3534,-2.8633,5.8182,0.5828,-3.1306
823.00,6.1517,0.6132,-3.1261,5.9934,0.3182,-2.8495,5.6760,0.5821,-3.1145
823.50,6.0217,0.6101,-3.1245,5.8695,0.2797,-2.8424,5.5498,0.5772,-3.1032
824.00,5.8917,0.6133,3.1332,5.7425,0.2424,-2.8683,5.4307,0.5736,-3.1327
824.50,5.7617,0.6155,3.1289,5.6150,0.2072,-2.8735,5.3084,0.5733,-3.1355
825.00,5.6317,0.6183,3.1227,5.4878,0.1725,-2.8787,5.1599,0.5724,3.1396
825.50,5.5017,0.6197,3.1286,5.3648,0.1391,-2.8729,5.0124,0.5726,-3.1378
826.00,5.3717,0.6219,3.1245,5.2356,0.1035,-2.8763,4.8985,0.5721,-3.1413
826.50,5.2418,0.6241,3.1252,5.1031,0.0676,-2.8755,4.8027,0.5721,-3.1404
827.00,5.1118,0.6265,3.1228,4.9704,0.0314,-2.8774,4.6936,0.5718,3.1409
827.50,4.9818,0.6282,3.1274,4.8411,-0.0037,-2.8735,4.5763,0.5716,3.1412
828.00,4.8518,0.6293,3.1293,4.7112,-0.0400,-2.8690,4.4465,0.5710,-3.1374
828.50,4.7218,0.6300,3.1346,4.5856,-0.0753,-2.8649,4.3310,0.5704,-3.1333
829.00,4.5918,0.6309,3.1282,4.4603,-0.1113,-2.8682,4.1939,0.5689,-3.1366
829.50,4.4618,0.6321,3.1337,4.3302,-0.1475,-2.8652,4.0589,0.5684,-3.1371
830.00,4.3318,0.6307,3.1360,4.1956,-0.1869,-2.8586,3.9187,0.5665,-3.1270
830.50,4.2018,0.6313,-3.1388,4.0662,-0.2241,-2.8546,3.8089,0.5651,-3.1271
831.00,4.0718,0.6277,-3.1356,3.9411,-0.2629,-2.8415,3.6831,0.5617,-3.1099
831.50,3.9419,0.6292,3.1402,3.8174,-0.2987,-2.8592,3.5427,0.5597,-3.1352
832.00,3.8119,0.6229,-3.0863,3.6923,-0.3392,-2.7987,3.3964,0.5553,-3.0677
832.50,3.6821,0.6160,-3.0932,3.5666,-0.3846,-2.8015,3.2715,0.5445,-3.0763
833.00,3.5522,0.6146,-3.1119,3.4466,-0.4252,-2.8264,3.1433,0.5378,-3.1018
833.50,3.4223,0.6092,-3.1070,3.3215,-0.4674,-2.8158,3.0114,0.5315,-3.0877
834.00,3.2923,0.6105,-3.1357,3.1987,-0.5070,-2.8453,2.8925,0.5261,-3.1207
834.50,3.1710,0.6111,-3.1236,3.0767,-0.5435,-2.8415,2.7191,0.6185,-3.1214
835.00,3.0754,0.6040,-2.9536,2.9866,-0.5784,-2.6756,2.6321,0.6058,-2.9546
835.50,2.9569,0.5832,-2.8671,2.8845,-0.6376,-2.5750,2.5241,0.5799,-2.8462
836.00,2.8721,0.5611,-2.9502,2.8101,-0.6828,-2.6448,2.4376,0.5629,-2.9317
836.50,2.8214,0.5489,-3.0288,2.7593,-0.7071,-2.7420,2.3942,0.5527,-3.0385
837.00,2.8179,0.5432,-2.9285,2.7516,-0.7105,-2.6551,2.3858,0.5516,-2.9516
837.50,2.8178,0.5288,-2.7193,2.7414,-0.7175,-2.4474,2.3740,0.5480,-2.7439
838.00,2.8175,0.5162,-2.5315,2.7329,-0.7255,-2.2588,2.3636,0.5428,-2.5552
838.50,2.8177,0.5142,-2.3638,2.7322,-0.7263,-2.0910,2.3626,0.5422,-2.3874
839.00,2.8178,0.5149,-2.2568,2.7326,-0.7254,-1.9711,2.3633,0.5429,-2.2675
839.50,2.8179,0.5149,-2.2484,2.7326,-0.7253,-1.9594,2.3633,0.5430,-2.2558
840.00,2.8179,0.5149,-2.2484,2.7326,-0.7253,-1.9587,2.3633,0.5431,-2.2552
840.50,2.8287,0.5283,-2.2484,2.7390,-0.7097,-1.9579,2.3740,0.5561,-2.2544
841.00,2.8412,0.5439,-2.2484,2.7466,-0.6911,-1.9569,2.3866,0.5717,-2.2534
841.50,2.8538,0.5595,-2.2484,2.7538,-0.6732,-1.9570,2.3989,0.5867,-2.2534
842.00,2.8663,0.5750,-2.2484,2.7622,-0.6526,-1.9565,2.4272,0.5837,-2.2465
842.50,2.8788,0.5906,-2.2484,2.7700,-0.6335,-1.9561,2.4430,0.5957,-2.2447
843.00,2.8914,0.6062,-2.2484,2.7786,-0.6123,-1.9555,2.4573,0.6137,-2.2441
843.50,2.9039,0.6218,-2.2484,2.7858,-0.5944,-1.9543,2.4693,0.6287,-2.2429
844.00,2.9165,0.6374,-2.2484,2.7932,-0.5761,-1.9539,2.4816,0.6442,-2.2425
844.50,2.9266,0.6500,-2.2484,2.7991,-0.5614,-1.9535,2.4896,0.6564,-2.2430
845.00,2.9360,0.6617,-2.2484,2.8051,-0.5464,-1.9532,2.4997,0.6691,-2.2427
845.50,2.9454,0.6734,-2.2484,2.8104,-0.5333,-1.9524,2.5085,0.6801,-2.2419
846.00,2.9548,0.6850,-2.2484,2.8156,-0.5203,-1.9518,2.5171,0.6911,-2.2413
846.50,2.9642,0.6967,-2.2484,2.8207,-0.5074,-1.9515,2.5258,0.7020,-2.2409
847.00,2.9736,0.7084,-2.2484,2.8256,-0.4952,-1.9513,2.5340,0.7123,-2.2407
847.50,2.9805,0.7170,-2.2484,2.8300,-0.4842,-1.9508,2.5456,0.7211,-2.2438
848.00,2.9805,0.7170,-2.2484,2.8300,-0.4842,-1.9506,2.5456,0.7211,-2.2436
848.50,2.9805,0.7170,-2.2484,2.8300,-0.4842,-1.9501,2.5456,0.7211,-2.2431
849.00,2.9805,0.7170,-2.2484,2.8300,-0.4842,-1.9493,2.5456,0.7211,-2.2423
849.50,2.9805,0.7170,-2.2484,2.8300,-0.4842,-1.9488,2.5456,0.7211,-2.2418
850.00,2.9805,0.7170,-2.2484,2.8300,-0.4842,-1.9485,2.5456,0.7211,-2.2415
850.50,2.9803,0.7170,-2.2704,2.8299,-0.4845,-1.9678,2.5454,0.7209,-2.2608
851.00,2.9803,0.7169,-2.2948,2.8300,-0.4844,-1.9916,2.5455,0.7210,-2.2846
851.50,2.9803,0.7167,-2.3194,2.8299,-0.4845,-2.0158,2.5454,0.7209,-2.3088
852.00,2.9804,0.7164,-2.3447,2.8297,-0.4850,-2.0406,2.5450,0.7205,-2.3336
852.50,2.9804,0.7163,-2.3703,2.8296,-0.4852,-2.0661,2.5448,0.7203,-2.3590
853.00,2.9802,0.7163,-2.3955,2.8296,-0.4851,-2.0908,2.5449,0.7204,-2.3838
853.50,2.9800,0.7162,-2.4201,2.8296,-0.4852,-2.1157,2.5448,0.7203,-2.4087
854.00,2.9801,0.7163,-2.4445,2.8296,-0.4852,-2.1397,2.5449,0.7203,-2.4327
854.50,2.9801,0.7166,-2.4694,2.8297,-0.4850,-2.1645,2.5450,0.7205,-2.4575
855.00,2.9802,0.7171,-2.4948,2.8298,-0.4848,-2.1895,2.5452,0.7206,-2.4825
855.50,2.9802,0.7179,-2.5207,2.8302,-0.4844,-2.2151,2.5456,0.7210,-2.5081
856.00,2.9803,0.7190,-2.5471,2.8306,-0.4838,-2.2416,2.5462,0.7213,-2.5346
856.50,2.9803,0.7203,-2.5740,2.8316,-0.4825,-2.2676,2.5476,0.7223,-2.5606
857.00,2.9803,0.7218,-2.6015,2.8329,-0.4811,-2.2947,2.5492,0.7233,-2.5876
857.50,2.9804,0.7237,-2.6295,2.8340,-0.4798,-2.3224,2.5507,0.7242,-2.6154
858.00,2.9781,0.7247,-2.6640,2.8343,-0.4796,-2.3534,2.5510,0.7244,-2.6464
858.50,2.9430,0.7133,-2.7251,2.8077,-0.5043,-2.4150,2.5184,0.7083,-2.7080
859.00,2.8649,0.6894,-2.8051,2.7437,-0.5573,-2.4904,2.4418,0.6761,-2.7834
859.50,2.7499,0.6633,-2.9187,2.6482,-0.6213,-2.6082,2.3192,0.6612,-2.9186
860.00,2.6222,0.6433,-2.9883,2.5363,-0.6817,-2.6806,2.2082,0.6437,-2.9828
860.50,2.4932,0.6325,-3.0576,2.4102,-0.7392,-2.7490,2.0899,0.6273,-3.0537
861.00,2.3675,0.6302,-3.1097,2.2947,-0.7826,-2.8079,1.9962,0.6292,-3.1132
861.50,2.2600,0.6254,-3.0952,2.1936,-0.8182,-2.7901,1.8896,0.6275,-3.0929
862.00,2.1629,0.6176,-3.0687,2.0955,-0.8553,-2.7635,1.7924,0.6195,-3.0628
862.50,2.0800,0.6120,-3.0750,2.0190,-0.8855,-2.7689,1.7129,0.6129,-3.0716
863.00,2.0418,0.6095,-3.0776,1.9804,-0.9006,-2.7682,1.6771,0.6092,-3.0749
863.50,1.9953,0.6119,-3.1181,1.9374,-0.9165,-2.8122,1.6321,0.6068,-3.1162
864.00,1.9349,0.6125,-3.1337,1.8834,-0.9346,-2.8299,1.5743,0.6156,-3.1374
864.50,1.8460,0.6100,-3.1108,1.7982,-0.9628,-2.8069,1.4902,0.6152,-3.1136
865.00,1.7180,0.6046,-3.1111,1.6783,-1.0060,-2.7961,1.3609,0.6046,-3.0967
865.50,1.5880,0.6076,3.1195,1.5498,-1.0479,-2.8526,1.2463,0.6046,3.1230
866.00,1.4580,0.6087,-3.1299,1.4226,-1.0865,-2.8223,1.1218,0.6096,-3.1323
866.50,1.3280,0.6064,-3.1279,1.2924,-1.1306,-2.8167,1.0041,0.6079,-3.1223
867.00,1.1980,0.6071,-3.1392,1.1730,-1.1700,-2.8281,0.8806,0.6062,-3.1359
867.50,1.0680,0.6076,3.1406,1.0481,-1.2101,-2.8315,0.7472,0.6058,-3.1402
868.00,0.9380,0.6047,-3.1243,0.9241,-1.2505,-2.8162,0.6176,0.6050,-3.1242
868.50,0.8080,0.6038,3.1028,0.7960,-1.2931,-2.8560,0.4945,0.6032,3.1234
869.00,0.6789,0.6121,2.9604,0.6743,-1.3199,-2.9953,0.3711,0.6132,2.9689
869.50,0.5535,0.6293,2.7786,0.5470,-1.3279,3.1083,0.2514,0.6416,2.7884
870.00,0.4374,0.6706,2.5788,0.4261,-1.3123,2.9075,0.1489,0.6816,2.5837
870.50,0.3332,0.7436,2.4189,0.3010,-1.2723,2.7479,0.0262,0.7401,2.4228
871.00,0.2398,0.8345,2.3336,0.1808,-1.2143,2.6520,-0.0661,0.8330,2.3284
871.50,0.1508,0.9295,2.3142,0.0645,-1.1511,2.6321,-0.1577,0.9261,2.3183
872.00,0.0643,1.0266,2.2635,-0.0465,-1.0873,2.5910,-0.2399,1.0206,2.2772
872.50,-0.0148,1.1298,2.2013,-0.1612,-1.0099,2.5183,-0.3190,1.1310,2.1990
873.00,-0.0932,1.2338,2.2389,-0.2693,-0.9338,2.5532,-0.3978,1.2322,2.2413
873.50,-0.1753,1.3348,2.2545,-0.3859,-0.8584,2.5733,-0.4880,1.3298,2.2649
874.00,-0.2577,1.4354,2.2732,-0.4952,-0.7885,2.5858,-0.5638,1.4296,2.2745
874.50,-0.3452,1.5312,2.3578,-0.6085,-0.7232,2.6669,-0.6504,1.5168,2.3631
875.00,-0.4418,1.6178,2.4747,-0.7273,-0.6705,2.7838,-0.7519,1.6026,2.4800
875.50,-0.5480,1.6952,2.6363,-0.8556,-0.6315,2.9372,-0.8587,1.6841,2.6369
876.00,-0.6367,1.7548,2.8608,-0.9652,-0.6209,-3.1123,-0.9639,1.7263,2.8759
876.50,-0.6715,1.7749,2.9531,-1.0058,-0.6240,-3.0098,-0.9840,1.7540,2.9714
877.00,-0.6718,1.7752,3.0009,-1.0059,-0.6239,-2.9619,-0.9841,1.7542,3.0193
877.50,-0.6717,1.7685,3.0505,-0.9986,-0.6223,-2.9115,-0.9767,1.7535,3.0696
878.00,-0.6717,1.7610,3.1018,-0.9921,-0.6205,-2.8598,-0.9699,1.7533,3.1214
878.50,-0.6717,1.7531,-3.1280,-0.9876,-0.6191,-2.8063,-0.9652,1.7533,-3.1083
879.00,-0.6717,1.7453,-3.0757,-0.9929,-0.6211,-2.7536,-0.9709,1.7530,-3.0556
879.50,-0.6718,1.7380,-3.0252,-0.9998,-0.6242,-2.7026,-0.9783,1.7521,-3.0046
880.00,-0.6718,1.7312,-2.9765,-1.0054,-0.6269,-2.6538,-0.9845,1.7512,-2.9558
880.50,-0.6718,1.7249,-2.9294,-1.0108,-0.6300,-2.6063,-0.9906,1.7498,-2.9084
881.00,-0.6718,1.7191,-2.8838,-1.0154,-0.6329,-2.5604,-0.9807,1.7063,-2.8764
881.50,-0.6719,1.7141,-2.8429,-1.0203,-0.6362,-2.5186,-0.9863,1.7047,-2.8346
882.00,-0.6719,1.7104,-2.8105,-1.0240,-0.6390,-2.4859,-0.9908,1.7032,-2.8019
882.50,-0.6719,1.7070,-2.7788,-1.0268,-0.6412,-2.4546,-0.9940,1.7020,-2.7706
883.00,-0.6719,1.7038,-2.7477,-1.0294,-0.6434,-2.4231,-0.9972,1.7007,-2.7391
883.50,-0.6720,1.7009,-2.7174,-1.0317,-0.6455,-2.3922,-1.0001,1.6994,-2.7082
884.00,-0.6720,1.6983,-2.6876,-1.0336,-0.6473,-2.3619,-1.0025,1.6983,-2.6779
884.50,-0.6720,1.6959,-2.6584,-1.0354,-0.6491,-2.3321,-1.0048,1.6971,-2.6481
885.00,-0.6721,1.6938,-2.6298,-1.0365,-0.6503,-2.3033,-1.0061,1.6964,-2.6193
885.50,-0.6721,1.6920,-2.6018,-1.0374,-0.6513,-2.2750,-1.0073,1.6956,-2.5910
886.00,-0.6721,1.6904,-2.5744,-1.0381,-0.6521,-2.2471,-1.0082,1.6951,-2.5631
886.50,-0.6722,1.6891,-2.5474,-1.0391,-0.6535,-2.2201,-1.0096,1.6941,-2.5361
887.00,-0.6722,1.6881,-2.5210,-1.0396,-0.6541,-2.1937,-1.0103,1.6937,-2.5097
887.50,-0.6723,1.6873,-2.4951,-1.0399,-0.6546,-2.1676,-1.0107,1.6933,-2.4836
888.00,-0.6723,1.6867,-2.4697,-1.0403,-0.6551,-2.1418,-1.0112,1.6929,-2.4578
888.50,-0.6723,1.6864,-2.4448,-1.0405,-0.6555,-2.1161,-1.0116,1.6926,-2.4321
889.00,-0.6724,1.6864,-2.4204,-1.0405,-0.6555,-2.0917,-1.0116,1.6927,-2.4077
889.50,-0.6723,1.6864,-2.3959,-1.0404,-0.6553,-2.0662,-1.0114,1.6928,-2.3822
890.00,-0.6720,1.6865,-2.3707,-1.0402,-0.6549,-2.0409,-1.0111,1.6931,-2.3568
890.50,-0.6721,1.6865,-2.3450,-1.0402,-0.6549,-2.0149,-1.0111,1.6931,-2.3309
891.00,-0.6721,1.6868,-2.3197,-1.0401,-0.6546,-1.9897,-1.0109,1.6934,-2.3057
891.50,-0.6721,1.6871,-2.2951,-1.0400,-0.6545,-1.9651,-1.0108,1.6935,-2.2811
892.00,-0.6721,1.6871,-2.2707,-1.0399,-0.6542,-1.9404,-1.0106,1.6937,-2.2564
892.50,-0.6718,1.6872,-2.2459,-1.0399,-0.6542,-1.9153,-1.0106,1.6937,-2.2313
893.00,-0.6713,1.6872,-2.2206,-1.0396,-0.6533,-1.8898,-1.0100,1.6944,-2.2058
893.50,-0.6706,1.6872,-2.1947,-1.0395,-0.6529,-1.8635,-1.0097,1.6948,-2.1795
894.00,-0.6692,1.6873,-2.1599,-1.0391,-0.6517,-1.8291,-1.0091,1.6958,-2.1451
894.50,-0.6673,1.6873,-2.1237,-1.0386,-0.6495,-1.7931,-1.0079,1.6978,-2.1091
895.00,-0.6650,1.6874,-2.0866,-1.0379,-0.6459,-1.7558,-1.0061,1.7009,-2.0718
895.50,-0.6622,1.6874,-2.0484,-1.0374,-0.6434,-1.7178,-1.0049,1.7032,-2.0338
896.00,-0.6589,1.6875,-2.0093,-1.0371,-0.6405,-1.6782,-1.0036,1.7058,-1.9942
896.50,-0.6556,1.6875,-1.9711,-1.0368,-0.6377,-1.6404,-1.0025,1.7084,-1.9564
897.00,-0.6514,1.6876,-1.9298,-1.0366,-0.6332,-1.5985,-1.0009,1.7126,-1.9145
897.50,-0.6467,1.6876,-1.8873,-1.0366,-0.6280,-1.5559,-0.9993,1.7175,-1.8719
898.00,-0.6415,1.6876,-1.8435,-1.0368,-0.6229,-1.5121,-0.9979,1.7224,-1.8281
898.50,-0.6358,1.6877,-1.7983,-1.0372,-0.6175,-1.4669,-0.9966,1.7277,-1.7829
899.00,-0.6297,1.6877,-1.7518,-1.0380,-0.6113,-1.4196,-0.9954,1.7339,-1.7356
899.50,-0.6230,1.6877,-1.7036,-1.0392,-0.6040,-1.3713,-0.9943,1.7412,-1.6873
900.00,-0.6159,1.6877,-1.6538,-1.0409,-0.5966,-1.3216,-0.9936,1.7488,-1.6376
900.50,-0.6083,1.6877,-1.6021,-1.0429,-0.5894,-1.2696,-0.9210,1.6814,-1.5943
901.00,-0.6003,1.6877,-1.5487,-1.0439,-0.5862,-1.2159,-0.9209,1.6848,-1.5407
901.50,-0.5927,1.6877,-1.4966,-1.0407,-0.5943,-1.1631,-0.9204,1.6760,-1.4878
902.00,-0.5855,1.6877,-1.4464,-1.0378,-0.6005,-1.1121,-0.9197,1.6693,-1.4369
902.50,-0.5787,1.6877,-1.3980,-1.0352,-0.6055,-1.0636,-0.9188,1.6637,-1.3883
903.00,-0.5739,1.6877,-1.3616,-1.0325,-0.6101,-1.0255,-0.9177,1.6585,-1.3502
903.50,-0.5694,1.6877,-1.3272,-1.0299,-0.6142,-0.9905,-0.9165,1.6538,-1.3152
904.00,-0.5652,1.6876,-1.2936,-1.0276,-0.6177,-0.9566,-0.9154,1.6497,-1.2813
904.50,-0.5613,1.6876,-1.2607,-1.0258,-0.6201,-0.9233,-0.9145,1.6468,-1.2480
905.00,-0.5577,1.6876,-1.2286,-1.0237,-0.6228,-0.8907,-0.9134,1.6436,-1.2154
905.50,-0.5544,1.6876,-1.1971,-1.0219,-0.6249,-0.8586,-0.9124,1.6410,-1.1833
906.00,-0.5513,1.6875,-1.1663,-1.0202,-0.6269,-0.8280,-0.9113,1.6386,-1.1527
906.50,-0.5485,1.6875,-1.1361,-1.0179,-0.6293,-0.7976,-0.9099,1.6356,-1.1223
907.00,-0.5460,1.6875,-1.1066,-1.0159,-0.6313,-0.7677,-0.9087,1.6331,-1.0924
907.50,-0.5437,1.6874,-1.0776,-1.0134,-0.6336,-0.7385,-0.9071,1.6302,-1.0632
908.00,-0.5399,1.6818,-1.0353,-1.0081,-0.6382,-0.7000,-0.8498,1.6686,-1.0317
908.50,-0.5078,1.6306,-0.8783,-0.9614,-0.6715,-0.5459,-0.8164,1.6220,-0.8776
909.00,-0.4256,1.5432,-0.7796,-0.8510,-0.7291,-0.4361,-0.7309,1.5321,-0.7649
909.50,-0.3396,1.4579,-0.8059,-0.7403,-0.7804,-0.4523,-0.6459,1.4481,-0.7888
910.00,-0.2958,1.4083,-0.9062,-0.6816,-0.8121,-0.5566,-0.6037,1.4000,-0.9058
910.50,-0.2903,1.4008,-0.9424,-0.6718,-0.8183,-0.5942,-0.6003,1.3936,-0.9387
911.00,-0.2916,1.4009,-0.9776,-0.6728,-0.8175,-0.6287,-0.6011,1.3946,-0.9732
911.50,-0.2935,1.4009,-1.0136,-0.6741,-0.8166,-0.6645,-0.6019,1.3960,-1.0090
912.00,-0.2957,1.4010,-1.0506,-0.6758,-0.8151,-0.7016,-0.6031,1.3979,-1.0461
912.50,-0.2985,1.4010,-1.0886,-0.6781,-0.8131,-0.7390,-0.6046,1.4006,-1.0835
913.00,-0.3017,1.4011,-1.1277,-0.6799,-0.8114,-0.7774,-0.6057,1.4028,-1.1219
913.50,-0.3054,1.4011,-1.1678,-0.6828,-0.8085,-0.8172,-0.6074,1.4065,-1.1617
914.00,-0.3095,1.4012,-1.2091,-0.6852,-0.8058,-0.8585,-0.6088,1.4099,-1.2030
914.50,-0.3142,1.4012,-1.2515,-0.6878,-0.8027,-0.9006,-0.6101,1.4136,-1.2451
915.00,-0.3185,1.3930,-1.3179,-0.6843,-0.8076,-0.9599,-0.6085,1.4079,-1.3044
915.50,-0.3254,1.3298,-1.4613,-0.6539,-0.8600,-1.1092,-0.5976,1.3483,-1.4537
916.00,-0.3309,1.2097,-1.5795,-0.6028,-0.9776,-1.2228,-0.6218,1.1934,-1.5685
916.50,-0.3453,1.0804,-1.6700,-0.5650,-1.0995,-1.3087,-0.6373,1.0754,-1.6590
917.00,-0.3686,0.9527,-1.8429,-0.5409,-1.2275,-1.4803,-0.6679,0.9463,-1.8323
917.50,-0.4004,0.8327,-2.0354,-0.5399,-1.3571,-1.6630,-0.7302,0.8251,-2.0238
918.00,-0.4395,0.7580,-2.2590,-0.5575,-1.4458,-1.8907,-0.7548,0.7475,-2.2574
918.50,-0.4611,0.7335,-2.3714,-0.5707,-1.4796,-2.0089,-0.7706,0.7232,-2.3763
919.00,-0.4615,0.7334,-2.4061,-0.5708,-1.4802,-2.0440,-0.7685,0.7236,-2.4044
919.50,-0.4614,0.7334,-2.4386,-0.5708,-1.4803,-2.0763,-0.7685,0.7235,-2.4367
920.00,-0.4614,0.7338,-2.4718,-0.5706,-1.4802,-2.1093,-0.7683,0.7236,-2.4697
920.50,-0.4613,0.7346,-2.5058,-0.5701,-1.4793,-2.1431,-0.7675,0.7242,-2.5036
921.00,-0.4613,0.7358,-2.5407,-0.5695,-1.4785,-2.1772,-0.7666,0.7248,-2.5377
921.50,-0.4612,0.7375,-2.5766,-0.5687,-1.4773,-2.2130,-0.7655,0.7255,-2.5735
922.00,-0.4617,0.7394,-2.6148,-0.5678,-1.4763,-2.2498,-0.7643,0.7263,-2.6102
922.50,-0.4966,0.7284,-2.7121,-0.5920,-1.5033,-2.3449,-0.7964,0.7095,-2.7053
923.00,-0.5910,0.7001,-2.8120,-0.6661,-1.5719,-2.4431,-0.8952,0.6812,-2.8049
923.50,-0.7161,0.6727,-2.9317,-0.7703,-1.6499,-2.5630,-1.0200,0.6529,-2.9260
924.00,-0.8444,0.6543,-3.0240,-0.8851,-1.7163,-2.6618,-1.1601,0.6406,-3.0244
924.50,-0.9735,0.6391,-2.9970,-1.0062,-1.7783,-2.6487,-1.2915,0.6257,-3.0061
925.00,-1.1007,0.6153,-2.8709,-1.1184,-1.8474,-2.5241,-1.4192,0.6006,-2.8666
925.50,-1.2245,0.5802,-2.8133,-1.2192,-1.9263,-2.4528,-1.5504,0.5604,-2.7931
926.00,-1.3489,0.5434,-2.9137,-1.3255,-2.0081,-2.5457,-1.6773,0.5236,-2.8970
926.50,-1.4766,0.5163,-2.9624,-1.4406,-2.0789,-2.6105,-1.7877,0.5069,-2.9723
927.00,-1.6033,0.4877,-2.8564,-1.5554,-2.1525,-2.5097,-1.9188,0.4689,-2.8562
927.50,-1.7265,0.4494,-2.8011,-1.6608,-2.2369,-2.4420,-2.0324,0.4251,-2.7817
928.00,-1.8505,0.4111,-2.9043,-1.7672,-2.3207,-2.5337,-2.1698,0.3846,-2.8873
928.50,-1.9784,0.3818,-3.0268,-1.8853,-2.3914,-2.6664,-2.2848,0.3690,-3.0305
929.00,-2.1076,0.3652,-3.0035,-2.0089,-2.4535,-2.6578,-2.4280,0.3414,-3.0067
929.50,-2.2348,0.3425,-2.8757,-2.1158,-2.5193,-2.5236,-2.5480,0.3166,-2.8626
930.00,-2.3601,0.3098,-2.8866,-2.2187,-2.5938,-2.5284,-2.6652,0.2827,-2.8728
930.50,-2.4859,0.2778,-2.8956,-2.3271,-2.6696,-2.5343,-2.8022,0.2507,-2.8833
931.00,-2.6122,0.2473,-2.8914,-2.4345,-2.7422,-2.5401,-2.9217,0.2201,-2.8884
931.50,-2.7370,0.2083,-2.8278,-2.5440,-2.8229,-2.4721,-3.0634,0.1837,-2.8141
932.00,-2.8605,0.1671,-2.8205,-2.6513,-2.9082,-2.4670,-3.1878,0.1344,-2.8102
932.50,-2.9835,0.1241,-2.8188,-2.7511,-2.9899,-2.4583,-3.3048,0.0942,-2.7991
933.00,-3.1073,0.0859,-2.8313,-2.8540,-3.0714,-2.4764,-3.4334,0.0516,-2.8242
933.50,-3.2301,0.0413,-2.7912,-2.9542,-3.1542,-2.4298,-3.5638,0.0082,-2.7733
934.00,-3.3535,0.0012,-2.8694,-3.0586,-3.2397,-2.5037,-3.6778,-0.0377,-2.8538
934.50,-3.4794,-0.0304,-2.9021,-3.1657,-3.3151,-2.5399,-3.8051,-0.0653,-2.8936
935.00,-3.6052,-0.0653,-2.8555,-3.2695,-3.3882,-2.4997,-3.9286,-0.0976,-2.8465
935.50,-3.7288,-0.1090,-2.8046,-3.3784,-3.4748,-2.4419,-4.0660,-0.1490,-2.7827
936.00,-3.8521,-0.1496,-2.8611,-3.4846,-3.5621,-2.4870,-4.1905,-0.1961,-2.8360
936.50,-3.9784,-0.1813,-2.9284,-3.6031,-3.6442,-2.5625,-4.3141,-0.2228,-2.9196
937.00,-4.1053,-0.2105,-2.8963,-3.7125,-3.7155,-2.5397,-4.4266,-0.2544,-2.8851
937.50,-4.2303,-0.2488,-2.8282,-3.8199,-3.7944,-2.4715,-4.5513,-0.2922,-2.8122
938.00,-4.3540,-0.2882,-2.8608,-3.9237,-3.8772,-2.4898,-4.6794,-0.3410,-2.8316
938.50,-4.4805,-0.3186,-2.9377,-4.0350,-3.9532,-2.5760,-4.8149,-0.3715,-2.9290
939.00,-4.6074,-0.3475,-2.8896,-4.1449,-4.0239,-2.5406,-4.9381,-0.3995,-2.8824
939.50,-4.7314,-0.3854,-2.7900,-4.2482,-4.1031,-2.4354,-5.0584,-0.4411,-2.7674
940.00,-4.8534,-0.4291,-2.8145,-4.3476,-4.1892,-2.4466,-5.1786,-0.4904,-2.7849
940.50,-4.9778,-0.4663,-2.8569,-4.4508,-4.2687,-2.5031,-5.3057,-0.5297,-2.8519
941.00,-5.1017,-0.5083,-2.7986,-4.5569,-4.3510,-2.4508,-5.4320,-0.5683,-2.7863
941.50,-5.2220,-0.5595,-2.7139,-4.6543,-4.4393,-2.3626,-5.5511,-0.6230,-2.6934
942.00,-5.3395,-0.6164,-2.6908,-4.7465,-4.5337,-2.3386,-5.6639,-0.6830,-2.6728
942.50,-5.4541,-0.6785,-2.5851,-4.8329,-4.6297,-2.2438,-5.7771,-0.7450,-2.5780
943.00,-5.5593,-0.7517,-2.4514,-4.9050,-4.7357,-2.1050,-5.8733,-0.8221,-2.4328
943.50,-5.6507,-0.8372,-2.2946,-4.9629,-4.8488,-1.9571,-5.9743,-0.9119,-2.2843
944.00,-5.7215,-0.9329,-2.0707,-4.9969,-4.9679,-1.7331,-6.0427,-1.0135,-2.0533
944.50,-5.7833,-1.0502,-1.8463,-5.0025,-5.0991,-1.5062,-6.0842,-1.1312,-1.8264
945.00,-5.8365,-1.1757,-1.5745,-4.9773,-5.2346,-1.2375,-6.1256,-1.2631,-1.5568
945.50,-5.8533,-1.3039,-1.3524,-4.9165,-5.3570,-1.0016,-6.1351,-1.3915,-1.3209
946.00,-5.8270,-1.4299,-1.3157,-4.8392,-5.4688,-0.9505,-6.1327,-1.5135,-1.2846
946.50,-5.8002,-1.5571,-1.4539,-4.7676,-5.5798,-1.0740,-6.1061,-1.6385,-1.4212
947.00,-5.7827,-1.6868,-1.6585,-4.7182,-5.7019,-1.2909,-6.1034,-1.7698,-1.6509
947.50,-5.7920,-1.8160,-1.6813,-4.6844,-5.8351,-1.3275,-6.0986,-1.9064,-1.6782
948.00,-5.8002,-1.9455,-1.6343,-4.6488,-5.9634,-1.2773,-6.1036,-2.0296,-1.6136
948.50,-5.8058,-2.0753,-1.6244,-4.6107,-6.0852,-1.2630,-6.1026,-2.1567,-1.6033
949.00,-5.8133,-2.2051,-1.6240,-4.5718,-6.2088,-1.2643,-6.1053,-2.2842,-1.6062
949.50,-5.8169,-2.3349,-1.5991,-4.5293,-6.3398,-1.2408,-6.1100,-2.4157,-1.5826
950.00,-5.8195,-2.4649,-1.5961,-4.4856,-6.4648,-1.2355,-6.1104,-2.5472,-1.5767
950.50,-5.8229,-2.5949,-1.5966,-4.4428,-6.5879,-1.2349,-6.1089,-2.6776,-1.5782
951.00,-5.8249,-2.7248,-1.5862,-4.4003,-6.7094,-1.2260,-6.1132,-2.8017,-1.5688
951.50,-5.8275,-2.8548,-1.5916,-4.3564,-6.8312,-1.2297,-6.1116,-2.9312,-1.5703
952.00,-5.8310,-2.9848,-1.5934,-4.3157,-6.9472,-1.2333,-6.1119,-3.0541,-1.5783
952.50,-5.8334,-3.1147,-1.5925,-4.2707,-7.0743,-1.2324,-6.1128,-3.1989,-1.5757
953.00,-5.8359,-3.2447,-1.5917,-4.2245,-7.2043,-1.2294,-6.1107,-3.3336,-1.5727
953.50,-5.8393,-3.3747,-1.5942,-4.1810,-7.3275,-1.2328,-6.1113,-3.4566,-1.5780
954.00,-5.8408,-3.5047,-1.5822,-4.1381,-7.4482,-1.2181,-6.1117,-3.5847,-1.5631
954.50,-5.8447,-3.6346,-1.5925,-4.0956,-7.5663,-1.2316,-6.1118,-3.7101,-1.5731
955.00,-5.8424,-3.7646,-1.5349,-4.0493,-7.6885,-1.1724,-6.1093,-3.8450,-1.5155
955.50,-5.8401,-3.8946,-1.5660,-3.9987,-7.8115,-1.2015,-6.1035,-3.9835,-1.5442
956.00,-5.8356,-4.0245,-1.4896,-3.9478,-7.9358,-1.1337,-6.0981,-4.1077,-1.4758
956.50,-5.8240,-4.1538,-1.4830,-3.8885,-8.0547,-1.1106,-6.0790,-4.2396,-1.4481
957.00,-5.8159,-4.2835,-1.4936,-3.8322,-8.1763,-1.1365,-6.0771,-4.3701,-1.4868
957.50,-5.8005,-4.4122,-1.3701,-3.7699,-8.2929,-1.0143,-6.0477,-4.4946,-1.3546
958.00,-5.7758,-4.5354,-1.3276,-3.6990,-8.3990,-0.9618,-6.0221,-4.6148,-1.3045
958.50,-5.7537,-4.6249,-1.3292,-3.6464,-8.4750,-0.9642,-5.9980,-4.7041,-1.3087
959.00,-5.7392,-4.6907,-1.4310,-3.6078,-8.5340,-1.0583,-5.9812,-4.7725,-1.4062
959.50,-5.7324,-4.7230,-1.5755,-3.5933,-8.5644,-1.2042,-5.9869,-4.8059,-1.5591
960.00,-5.7345,-4.7544,-1.6984,-3.5834,-8.5960,-1.3283,-5.9885,-4.8389,-1.6832
960.50,-5.7414,-4.7612,-1.7549,-3.5809,-8.6079,-1.3896,-5.9803,-4.8510,-1.7446
961.00,-5.7476,-4.7613,-1.8014,-3.5801,-8.6127,-1.4362,-5.9812,-4.8557,-1.7911
961.50,-5.7522,-4.7613,-1.8380,-3.5794,-8.6181,-1.4737,-5.9825,-4.8610,-1.8287
962.00,-5.7561,-4.7613,-1.8710,-3.5791,-8.6220,-1.5064,-5.9835,-4.8648,-1.8613
962.50,-5.7598,-4.7613,-1.9034,-3.5789,-8.6257,-1.5388,-6.0059,-4.8480,-1.8868
963.00,-5.7633,-4.7614,-1.9351,-3.5788,-8.6293,-1.5698,-6.0071,-4.8514,-1.9178
963.50,-5.7664,-4.7614,-1.9661,-3.5789,-8.6329,-1.6005,-6.0084,-4.8548,-1.9485
964.00,-5.7693,-4.7614,-1.9964,-3.5790,-8.6353,-1.6304,-6.0093,-4.8569,-1.9783
964.50,-5.7719,-4.7615,-2.0262,-3.5792,-8.6384,-1.6598,-6.0105,-4.8598,-2.0077
965.00,-5.7743,-4.7615,-2.0553,-3.5795,-8.6412,-1.6889,-6.0118,-4.8623,-2.0368
965.50,-5.7757,-4.7615,-2.0781,-3.5797,-8.6426,-1.7114,-6.0124,-4.8636,-2.0594
966.00,-5.7776,-4.7616,-2.1062,-3.5799,-8.6441,-1.7390,-6.0131,-4.8649,-2.0870
966.50,-5.7792,-4.7616,-2.1338,-3.5802,-8.6458,-1.7659,-6.0140,-4.8664,-2.1139
967.00,-5.7805,-4.7616,-2.1608,-3.5805,-8.6472,-1.7931,-6.0148,-4.8677,-2.1411
967.50,-5.7816,-4.7617,-2.1873,-3.5808,-8.6483,-1.8194,-6.0154,-4.8686,-2.1673
968.00,-5.7824,-4.7617,-2.2133,-3.5811,-8.6495,-1.8449,-6.0161,-4.8696,-2.1929
968.50,-5.7830,-4.7618,-2.2388,-3.5813,-8.6502,-1.8700,-6.0165,-4.8702,-2.2179
969.00,-5.7834,-4.7618,-2.2637,-3.5815,-8.6508,-1.8939,-6.0169,-4.8707,-2.2418
969.50,-5.7835,-4.7618,-2.2882,-3.5815,-8.6510,-1.9179,-6.0171,-4.8708,-2.2658
970.00,-5.7834,-4.7620,-2.3127,-3.5816,-8.6511,-1.9419,-6.0171,-4.8709,-2.2899
970.50,-5.7834,-4.7623,-2.3377,-3.5817,-8.6514,-1.9666,-6.0174,-4.8712,-2.3145
971.00,-5.7833,-4.7625,-2.3634,-3.5817,-8.6515,-1.9918,-6.0174,-4.8712,-2.3397
971.50,-5.7835,-4.7625,-2.3888,-3.5819,-8.6518,-2.0164,-6.0176,-4.8714,-2.3644
972.00,-5.7837,-4.7626,-2.4135,-3.5819,-8.6518,-2.0407,-6.0176,-4.8714,-2.3887
972.50,-5.7837,-4.7625,-2.4378,-3.5819,-8.6518,-2.0647,-6.0176,-4.8714,-2.4126
973.00,-5.7836,-4.7623,-2.4626,-3.5817,-8.6515,-2.0889,-6.0174,-4.8712,-2.4369
973.50,-5.7836,-4.7618,-2.4878,-3.5815,-8.6512,-2.1140,-6.0171,-4.8710,-2.4619
974.00,-5.7835,-4.7611,-2.5136,-3.5811,-8.6505,-2.1402,-6.0165,-4.8705,-2.4881
974.50,-5.7835,-4.7601,-2.5399,-3.5806,-8.6497,-2.1651,-6.0157,-4.8699,-2.5130
975.00,-5.7835,-4.7589,-2.5666,-3.5800,-8.6489,-2.1919,-6.0149,-4.8694,-2.5398
975.50,-5.7834,-4.7572,-2.5985,-3.5789,-8.6473,-2.2232,-6.0133,-4.8683,-2.5711
976.00,-5.7834,-4.7548,-2.6359,-3.5771,-8.6451,-2.2604,-6.0109,-4.8668,-2.6083
976.50,-5.7833,-4.7519,-2.6743,-3.5749,-8.6425,-2.2983,-6.0079,-4.8652,-2.6463
977.00,-5.7833,-4.7485,-2.7138,-3.5730,-8.6405,-2.3374,-6.0054,-4.8639,-2.6854
977.50,-5.7832,-4.7446,-2.7543,-3.5699,-8.6374,-2.3782,-6.0014,-4.8620,-2.7262
978.00,-5.7832,-4.7402,-2.7960,-3.5668,-8.6345,-2.4194,-5.9976,-4.8604,-2.7673
978.50,-5.7832,-4.7354,-2.8390,-3.5629,-8.6313,-2.4624,-5.9928,-4.8586,-2.8103
979.00,-5.7831,-4.7300,-2.8832,-3.5586,-8.6280,-2.5062,-5.9876,-4.8570,-2.8541
979.50,-5.7831,-4.7242,-2.9288,-3.5536,-8.6244,-2.5514,-5.9818,-4.8554,-2.8993
980.00,-5.7831,-4.7179,-2.9758,-3.5477,-8.6207,-2.5976,-5.9749,-4.8539,-2.9456
980.50,-5.7831,-4.7111,-3.0245,-3.5417,-8.6172,-2.6457,-5.9681,-4.8527,-2.9936
981.00,-5.7830,-4.7038,-3.0749,-3.5356,-8.6141,-2.6955,-5.9613,-4.8518,-3.0435
981.50,-5.7830,-4.6961,-3.1272,-3.5288,-8.6111,-2.7474,-6.0121,-4.7920,-3.1070
982.00,-5.7830,-4.6891,3.1092,-3.5302,-8.6115,-2.7946,-6.0254,-4.7797,3.1267
982.50,-5.7830,-4.6834,3.0703,-3.5349,-8.6132,-2.8336,-6.0304,-4.7796,3.0877
983.00,-5.7831,-4.6779,3.0324,-3.5411,-8.6150,-2.8708,-6.0368,-4.7791,3.0505
983.50,-5.7831,-4.6727,2.9956,-3.5466,-8.6164,-2.9072,-6.0424,-4.7785,3.0141
984.00,-5.7831,-4.6678,2.9596,-3.5512,-8.6174,-2.9432,-6.0471,-4.7778,2.9780
984.50,-5.7831,-4.6631,2.9246,-3.5556,-8.6182,-2.9783,-6.0514,-4.7770,2.9429
985.00,-5.7831,-4.6587,2.8904,-3.5614,-8.6191,-3.0123,-6.0572,-4.7757,2.9090
985.50,-5.7831,-4.6579,2.8835,-3.5622,-8.6192,-3.0213,-6.0579,-4.7756,2.9000
986.00,-5.7831,-4.6579,2.8835,-3.5622,-8.6192,-3.0205,-6.0579,-4.7756,2.9007
986.50,-5.7831,-4.6579,2.8835,-3.5622,-8.6192,-3.0209,-6.0579,-4.7756,2.9004
987.00,-5.7831,-4.6579,2.8835,-3.5622,-8.6192,-3.0206,-6.0579,-4.7756,2.9006
987.50,-5.7831,-4.6568,2.8703,-3.5630,-8.6193,-3.0307,-6.0587,-4.7754,2.8906
988.00,-5.7832,-4.6528,2.8373,-3.5668,-8.6196,-3.0637,-6.0625,-4.7743,2.8576
988.50,-5.7832,-4.6492,2.8050,-3.5710,-8.6199,-3.0956,-6.0665,-4.7731,2.8256
989.00,-5.7832,-4.6458,2.7735,-3.5744,-8.6200,-3.1265,-6.0697,-4.7720,2.7948
989.50,-5.7832,-4.6426,2.7425,-3.5773,-8.6200,3.1258,-6.0724,-4.7710,2.7639
990.00,-5.7833,-4.6398,2.7123,-3.5803,-8.6199,3.0959,-6.0424,-4.7292,2.7292
990.50,-5.7833,-4.6370,2.6791,-3.5833,-8.6197,3.0636,-6.0383,-4.7196,2.6959
991.00,-5.7834,-4.6340,2.6406,-3.5863,-8.6194,3.0254,-6.0410,-4.7183,2.6577
991.50,-5.7834,-4.6315,2.6030,-3.5881,-8.6192,2.9881,-6.0426,-4.7174,2.6203
992.00,-5.7835,-4.6294,2.5665,-3.5908,-8.6187,2.9513,-6.0450,-4.7160,2.5836
992.50,-5.7835,-4.6279,2.5309,-3.5923,-8.6184,2.9164,-6.0462,-4.7152,2.5486
993.00,-5.7836,-4.6267,2.4962,-3.5936,-8.6181,2.8821,-6.0474,-4.7144,2.5144
993.50,-5.7836,-4.6260,2.4625,-3.5946,-8.6178,2.8484,-6.0482,-4.7138,2.4807
994.00,-5.7837,-4.6258,2.4295,-3.5950,-8.6177,2.8160,-6.0485,-4.7135,2.4482
994.50,-5.7839,-4.6258,2.3969,-3.5952,-8.6176,2.7840,-6.0486,-4.7134,2.4163
995.00,-5.7843,-4.6259,2.3633,-3.5954,-8.6175,2.7503,-6.0488,-4.7132,2.3826
995.50,-5.7843,-4.6258,2.3292,-3.5955,-8.6175,2.7167,-6.0490,-4.7131,2.3490
996.00,-5.7844,-4.6255,2.2962,-3.5959,-8.6173,2.6837,-6.0492,-4.7128,2.3160
996.50,-5.7843,-4.6256,2.2636,-3.5958,-8.6174,2.6513,-6.0491,-4.7129,2.2836
997.00,-5.7838,-4.6256,2.2302,-3.5956,-8.6175,2.6179,-6.0490,-4.7131,2.2502
997.50,-5.7829,-4.6257,2.1959,-3.5951,-8.6177,2.5843,-6.0487,-4.7135,2.2166
998.00,-5.7815,-4.6258,2.1607,-3.5942,-8.6183,2.5498,-6.0480,-4.7144,2.1821
998.50,-5.7796,-4.6258,2.1245,-3.5927,-8.6194,2.5136,-6.0470,-4.7159,2.1459
999.00,-5.7773,-4.6259,2.0874,-3.5906,-8.6210,2.4768,-6.0456,-4.7182,2.1091
999.50,-5.7745,-4.6259,2.0493,-3.5887,-8.6225,2.4396,-6.0444,-4.7203,2.0719
1000.00,-5.7713,-4.6259,2.0102,-3.5865,-8.6245,2.4006,-6.0430,-4.7229,2.0329
1000.50,-5.7675,-4.6260,1.9699,-3.5837,-8.6271,2.3611,-6.0414,-4.7263,1.9933
1001.00,-5.7633,-4.6260,1.9286,-3.5800,-8.6309,2.3203,-6.0393,-4.7313,1.9526
1001.50,-5.7586,-4.6261,1.8860,-3.5758,-8.6356,2.2779,-6.0371,-4.7371,1.9101
1002.00,-5.7537,-4.6246,1.8382,-3.5745,-8.6373,2.2339,-6.0364,-4.7392,1.8661
1002.50,-5.7456,-4.5804,1.6811,-3.5990,-8.6002,2.0799,-6.0460,-4.6958,1.7122
1003.00,-5.7374,-4.4734,1.5886,-3.6473,-8.4985,1.9756,-6.0085,-4.5505,1.5973
1003.50,-5.7429,-4.3435,1.6628,-3.7008,-8.3783,2.0347,-5.9928,-4.4222,1.6685
1004.00,-5.7573,-4.2158,1.8375,-3.7685,-8.2680,2.2149,-6.0194,-4.2951,1.8623
1004.50,-5.7813,-4.1209,1.8652,-3.8313,-8.1894,2.2563,-6.0419,-4.1998,1.8967
1005.00,-5.7983,-4.0414,1.7231,-3.8801,-8.1232,2.1278,-6.0620,-4.1212,1.7531
1005.50,-5.8053,-3.9182,1.5227,-3.9310,-8.0148,1.9148,-6.0635,-4.0020,1.5273
1006.00,-5.7999,-3.7885,1.5087,-3.9692,-7.8974,1.8860,-6.0602,-3.8746,1.5089
1006.50,-5.7974,-3.6586,1.5776,-4.0158,-7.7728,1.9631,-6.0635,-3.7333,1.6024
1007.00,-5.7942,-3.5286,1.5422,-4.0642,-7.6508,1.9292,-6.0660,-3.6091,1.5612
1007.50,-5.7903,-3.3987,1.5464,-4.1100,-7.5275,1.9312,-6.0609,-3.4775,1.5632
1008.00,-5.7889,-3.2687,1.5525,-4.1562,-7.4074,1.9390,-6.0650,-3.3490,1.5711
1008.50,-5.7847,-3.1387,1.5448,-4.2030,-7.2843,1.9303,-6.0624,-3.2175,1.5614
1009.00,-5.7841,-3.0087,1.5581,-4.2504,-7.1612,1.9465,-6.0620,-3.0856,1.5794
1009.50,-5.7811,-2.8788,1.5513,-4.3004,-7.0333,1.9398,-6.0642,-2.9482,1.5689
1010.00,-5.7787,-2.7488,1.5524,-4.3459,-6.9158,1.9423,-6.0638,-2.8321,1.5723
1010.50,-5.7757,-2.6188,1.5500,-4.3955,-6.7877,1.9390,-6.0639,-2.6948,1.5666
1011.00,-5.7746,-2.4888,1.5576,-4.4422,-6.6677,1.9465,-6.0655,-2.5660,1.5759
1011.50,-5.7723,-2.3589,1.5551,-4.4908,-6.5437,1.9448,-6.0620,-2.4346,1.5709
1012.00,-5.7741,-2.2289,1.5747,-4.5394,-6.4233,1.9645,-6.0634,-2.3067,1.5916
1012.50,-5.7709,-2.0989,1.5510,-4.5905,-6.2983,1.9442,-6.0694,-2.1734,1.5685
1013.00,-5.7682,-1.9689,1.5583,-4.6383,-6.1750,1.9476,-6.0661,-2.0429,1.5713
1013.50,-5.7686,-1.8389,1.5680,-4.6879,-6.0529,1.9595,-6.0674,-1.9128,1.5859
1014.00,-5.7732,-1.7089,1.5932,-4.7402,-5.9285,1.9844,-6.0763,-1.7845,1.6109
1014.50,-5.7729,-1.5789,1.5221,-4.7898,-5.8101,1.9202,-6.0812,-1.6561,1.5442
1015.00,-5.7640,-1.4493,1.4860,-4.8330,-5.6769,1.8701,-6.0688,-1.5162,1.4886
1015.50,-5.7591,-1.3226,1.6024,-4.8765,-5.5554,1.9844,-6.0667,-1.3950,1.6182
1016.00,-5.7638,-1.1928,1.6183,-4.9335,-5.4356,2.0161,-6.0787,-1.2682,1.6534
1016.50,-5.7654,-1.0762,1.4422,-4.9780,-5.3250,1.8526,-6.0780,-1.1493,1.4704
1017.00,-5.7599,-0.9918,1.1625,-4.9900,-5.2406,1.5746,-6.0631,-1.0663,1.1797
1017.50,-5.7213,-0.9003,0.9277,-4.9783,-5.1447,1.3385,-6.0255,-0.9822,0.9437
1018.00,-5.6377,-0.8063,0.7378,-4.9365,-5.0210,1.1513,-5.9546,-0.8763,0.7603
1018.50,-5.5448,-0.7402,0.5264,-4.8779,-4.9205,0.9349,-5.8683,-0.8057,0.5432
1019.00,-5.4321,-0.6840,0.3017,-4.7955,-4.8286,0.7119,-5.7489,-0.7562,0.3211
1019.50,-5.3052,-0.6392,0.1270,-4.6842,-4.7507,0.5232,-5.6181,-0.7245,0.1301
1020.00,-5.1762,-0.6207,0.1250,-4.5647,-4.6852,0.5063,-5.4959,-0.6870,0.1306
1020.50,-5.0499,-0.5985,0.2495,-4.4549,-4.6155,0.6341,-5.3730,-0.6598,0.2701
1021.00,-4.9242,-0.5676,0.2404,-4.3516,-4.5374,0.6365,-5.2521,-0.6245,0.2673
1021.50,-4.8055,-0.5415,0.1921,-4.2456,-4.4629,0.5876,-5.1196,-0.5960,0.2088
1022.00,-4.7191,-0.5218,-0.0115,-4.1688,-4.4196,0.3987,-5.0409,-0.5846,0.0253
1022.50,-4.5991,-0.5156,-0.2753,-4.0530,-4.3907,0.1226,-4.9280,-0.5971,-0.2691
1023.00,-4.4903,-0.5433,-0.3567,-3.9403,-4.3831,0.0282,-4.8142,-0.6039,-0.3521
1023.50,-4.4123,-0.5693,-0.2775,-3.8577,-4.3790,0.0952,-4.7354,-0.6217,-0.2755
1024.00,-4.3208,-0.5864,-0.0131,-3.7668,-4.3597,0.3498,-4.6418,-0.6353,-0.0061
1024.50,-4.1957,-0.5919,0.2399,-3.6552,-4.2988,0.6193,-4.5181,-0.6173,0.2695
1025.00,-4.1014,-0.5726,0.3055,-3.5791,-4.2389,0.6985,-4.4234,-0.6061,0.3356
1025.50,-4.0276,-0.5537,0.2045,-3.5184,-4.1908,0.6112,-4.3454,-0.5982,0.2352
1026.00,-3.9126,-0.5447,-0.0292,-3.4137,-4.1353,0.3704,-4.2355,-0.5907,-0.0230
1026.50,-3.7831,-0.5482,-0.1090,-3.2886,-4.0950,0.2748,-4.1015,-0.5955,-0.1107
1027.00,-3.6536,-0.5572,-0.0216,-3.1595,-4.0542,0.3589,-3.9711,-0.5988,-0.0121
1027.50,-3.5237,-0.5569,0.0567,-3.0327,-3.9999,0.4458,-3.8368,-0.5909,0.0783
1028.00,-3.3937,-0.5536,-0.0221,-2.9115,-3.9451,0.3730,-3.7105,-0.5878,-0.0051
1028.50,-3.2638,-0.5572,-0.0230,-2.7877,-3.8996,0.3603,-3.5722,-0.5913,-0.0222
1029.00,-3.1339,-0.5589,-0.0179,-2.6620,-3.8506,0.3723,-3.4285,-0.5927,-0.0023
1029.50,-3.0039,-0.5580,0.0294,-2.5361,-3.8000,0.4116,-3.3062,-0.5892,0.0335
1030.00,-2.8739,-0.5536,0.0041,-2.4148,-3.7453,0.4031,-3.1751,-0.5828,0.0267
1030.50,-2.7440,-0.5563,-0.0185,-2.2914,-3.6976,0.3627,-3.0534,-0.5840,-0.0198
1031.00,-2.6140,-0.5591,-0.0393,-2.1682,-3.6493,0.3547,-2.9162,-0.5853,-0.0239
1031.50,-2.4841,-0.5652,-0.0150,-2.0442,-3.6046,0.3643,-2.7886,-0.5900,-0.0170
1032.00,-2.3542,-0.5628,0.0358,-1.9207,-3.5508,0.4324,-2.6432,-0.5865,0.0604
1032.50,-2.2242,-0.5629,-0.0105,-1.7985,-3.4989,0.3777,-2.5093,-0.5819,-0.0091
1033.00,-2.0942,-0.5637,-0.0226,-1.6798,-3.4506,0.3728,-2.3858,-0.5874,-0.0044
1033.50,-1.9643,-0.5660,0.0120,-1.5570,-3.4028,0.3956,-2.2617,-0.5886,0.0127
1034.00,-1.8344,-0.5608,0.0366,-1.4333,-3.3462,0.4358,-2.1168,-0.5815,0.0603
1034.50,-1.7044,-0.5617,-0.0179,-1.3118,-3.2953,0.3703,-1.9959,-0.5782,-0.0198
1035.00,-1.5744,-0.5613,-0.0083,-1.1916,-3.2461,0.3908,-1.8783,-0.5791,0.0084
1035.50,-1.4445,-0.5672,-0.0540,-1.0696,-3.2011,0.3330,-1.7431,-0.5820,-0.0586
1036.00,-1.3146,-0.5700,-0.0167,-0.9424,-3.1530,0.3797,-1.6247,-0.5869,0.0007
1036.50,-1.1846,-0.5739,-0.0173,-0.8154,-3.1047,0.3680,-1.4964,-0.5872,-0.0228
1037.00,-1.0547,-0.5701,0.0412,-0.6899,-3.0505,0.4365,-1.3599,-0.5821,0.0596
1037.50,-0.9247,-0.5698,-0.0299,-0.5690,-2.9987,0.3624,-1.2254,-0.5791,-0.0251
1038.00,-0.7948,-0.5703,0.0478,-0.4487,-2.9504,0.4291,-1.1231,-0.5821,0.0375
1038.50,-0.6677,-0.5623,0.2807,-0.3405,-2.8870,0.6570,-0.9682,-0.5643,0.2812
1039.00,-0.5471,-0.5324,0.4540,-0.2492,-2.8014,0.8409,-0.8645,-0.5247,0.4708
1039.50,-0.4315,-0.4755,0.4741,-0.1649,-2.7023,0.8710,-0.7512,-0.4799,0.4896
1040.00,-0.3165,-0.4219,0.3438,-0.0775,-2.6075,0.7515,-0.6069,-0.4280,0.3596
1040.50,-0.1908,-0.3773,0.1597,0.0348,-2.5225,0.5568,-0.4795,-0.3934,0.1549
1041.00,-0.0620,-0.3548,0.1414,0.1506,-2.4547,0.5272,-0.3638,-0.3641,0.1358
1041.50,0.0653,-0.3307,0.2774,0.2584,-2.3837,0.6584,-0.2399,-0.3387,0.2759
1042.00,0.1884,-0.2960,0.3607,0.3594,-2.2967,0.7530,-0.1176,-0.2933,0.3744
1042.50,0.2956,-0.2574,0.3253,0.4444,-2.2180,0.7262,0.0102,-0.2610,0.3395
1043.00,0.4190,-0.2165,0.3226,0.5452,-2.1302,0.7173,0.1365,-0.2163,0.3200
1043.50,0.5412,-0.1703,0.3584,0.6429,-2.0421,0.7532,0.2399,-0.1738,0.3636
1044.00,0.6424,-0.1294,0.3728,0.7244,-1.9639,0.7731,0.3392,-0.1323,0.3834
1044.50,0.7185,-0.1002,0.3590,0.7863,-1.9051,0.7524,0.4210,-0.1015,0.3606
1045.00,0.7739,-0.0737,0.4040,0.8307,-1.8619,0.7988,0.4765,-0.0781,0.4045
1045.50,0.8149,-0.0524,0.4363,0.8630,-1.8276,0.8322,0.5092,-0.0594,0.4414
1046.00,0.8443,-0.0379,0.4431,0.8847,-1.8035,0.8410,0.5385,-0.0454,0.4502
1046.50,0.8458,-0.0372,0.4431,0.8859,-1.8022,0.8415,0.5400,-0.0446,0.4507
1047.00,0.8458,-0.0372,0.4431,0.8859,-1.8022,0.8421,0.5400,-0.0446,0.4513
1047.50,0.8458,-0.0372,0.4431,0.8859,-1.8022,0.8427,0.5400,-0.0447,0.4519
1048.00,0.8458,-0.0372,0.4431,0.8859,-1.8022,0.8427,0.5400,-0.0447,0.4519
1048.50,0.8458,-0.0372,0.4431,0.8859,-1.8022,0.8435,0.5400,-0.0447,0.4527
1049.00,0.8458,-0.0372,0.4431,0.8859,-1.8022,0.8440,0.5400,-0.0447,0.4532
