t,gt_x,gt_y,gt_yaw,odom_x,odom_y,odom_yaw,slam_x,slam_y,slam_yaw
53.00,-0.0000,0.0000,0.0000,0.0000,0.0000,-0.0772,,,
53.50,-0.0000,0.0000,0.0000,0.0000,0.0000,-0.0780,0.0000,0.0000,-0.0780
54.00,-0.0000,0.0000,0.0000,0.0000,0.0000,-0.0790,0.0000,0.0000,-0.0790
54.50,-0.0000,0.0000,0.0000,0.0000,0.0000,-0.0801,0.0000,0.0000,-0.0801
55.00,-0.0000,0.0000,0.0000,0.0000,0.0000,-0.0814,0.0000,0.0000,-0.0814
55.50,-0.0000,0.0000,0.0000,0.0000,0.0000,-0.0828,0.0000,0.0000,-0.0828
56.00,-0.0000,0.0000,0.0000,0.0000,0.0000,-0.0838,0.0000,0.0000,-0.0838
56.50,-0.0000,0.0000,0.0000,0.0000,0.0000,-0.0846,0.0000,0.0000,-0.0846
57.00,-0.0000,0.0000,0.0000,0.0000,0.0000,-0.0853,0.0000,0.0000,-0.0853
57.50,-0.0000,0.0000,0.0000,0.0000,0.0000,-0.0864,0.0000,0.0000,-0.0864
58.00,-0.0000,0.0000,0.0000,0.0000,0.0000,-0.0874,0.0000,0.0000,-0.0874
58.50,-0.0000,0.0000,0.0000,0.0000,0.0000,-0.0882,0.0000,0.0000,-0.0882
59.00,-0.0000,0.0000,0.0000,0.0000,0.0000,-0.0895,0.0000,0.0000,-0.0895
59.50,-0.0000,0.0000,0.0000,0.0000,0.0000,-0.0898,0.0000,0.0000,-0.0898
60.00,-0.0000,0.0000,0.0000,0.0000,0.0000,-0.0914,0.0000,0.0000,-0.0914
60.50,-0.0000,0.0000,0.0000,0.0000,0.0000,-0.0930,0.0000,0.0000,-0.0930
61.00,0.0293,-0.0000,-0.0000,0.0272,-0.0025,-0.0936,0.0272,-0.0025,-0.0936
61.50,0.0893,-0.0000,-0.0000,0.0875,-0.0082,-0.0941,0.0871,-0.0017,-0.0463
62.00,0.1493,-0.0000,-0.0000,0.1458,-0.0138,-0.0957,0.1354,-0.0008,-0.0294
62.50,0.2093,-0.0000,-0.0000,0.2078,-0.0197,-0.0966,0.2076,-0.0027,-0.0303
63.00,0.2693,-0.0000,-0.0000,0.2649,-0.0253,-0.0969,0.2550,-0.0044,-0.0306
63.50,0.3293,-0.0000,-0.0000,0.3246,-0.0311,-0.0984,0.3150,-0.0063,-0.0321
64.00,0.3893,-0.0000,-0.0000,0.3880,-0.0374,-0.0998,0.3886,-0.0092,-0.0265
64.50,0.4493,-0.0000,-0.0000,0.4510,-0.0438,-0.1013,0.4519,-0.0109,-0.0280
65.00,0.5093,-0.0000,-0.0000,0.5111,-0.0499,-0.1023,0.5022,-0.0127,-0.0290
65.50,0.5693,-0.0000,-0.0000,0.5727,-0.0563,-0.1038,0.5642,-0.0145,-0.0305
66.00,0.6293,-0.0000,-0.0000,0.6311,-0.0624,-0.1050,0.6229,-0.0168,-0.0283
66.50,0.6893,-0.0000,-0.0000,0.6917,-0.0688,-0.1066,0.6937,-0.0185,-0.0298
67.00,0.7493,-0.0000,-0.0000,0.7516,-0.0753,-0.1079,0.7440,-0.0204,-0.0311
67.50,0.8093,-0.0000,-0.0000,0.8131,-0.0820,-0.1089,0.8058,-0.0223,-0.0322
68.00,0.8693,-0.0000,-0.0000,0.8715,-0.0884,-0.1101,0.8645,-0.0242,-0.0333
68.50,0.9293,-0.0000,-0.0000,0.9304,-0.0949,-0.1110,0.9337,-0.0268,-0.0307
69.00,0.9893,-0.0000,-0.0000,0.9918,-0.1018,-0.1122,0.9955,-0.0287,-0.0320
69.50,1.0493,-0.0000,-0.0000,1.0541,-0.1089,-0.1137,1.0481,-0.0217,-0.0264
70.00,1.1093,-0.0000,-0.0000,1.1188,-0.1163,-0.1148,1.1132,-0.0302,-0.0300
70.50,1.1693,-0.0000,-0.0000,1.1796,-0.1234,-0.1158,1.1645,-0.0259,-0.0250
71.00,1.2224,-0.0000,-0.0000,1.2370,-0.1301,-0.1166,1.2222,-0.0273,-0.0259
71.50,1.2224,-0.0000,-0.0000,1.2370,-0.1301,-0.1173,1.2222,-0.0267,-0.0300
72.00,1.2224,-0.0000,-0.0000,1.2370,-0.1301,-0.1179,1.2222,-0.0267,-0.0307
72.50,1.2224,-0.0000,-0.0000,1.2370,-0.1301,-0.1189,1.2222,-0.0267,-0.0316
73.00,1.2224,-0.0000,-0.0000,1.2370,-0.1301,-0.1201,1.2222,-0.0267,-0.0329
73.50,1.2224,-0.0000,-0.0000,1.2370,-0.1301,-0.1211,1.2222,-0.0267,-0.0339
74.00,1.2224,-0.0000,-0.0000,1.2370,-0.1301,-0.1223,1.2222,-0.0267,-0.0350
74.50,1.2224,-0.0000,-0.0000,1.2370,-0.1301,-0.1235,1.2222,-0.0267,-0.0362
75.00,1.2224,-0.0000,-0.0000,1.2370,-0.1301,-0.1250,1.2222,-0.0267,-0.0377
75.50,1.2224,-0.0000,-0.0000,1.2370,-0.1301,-0.1257,1.2222,-0.0267,-0.0385
76.00,1.2224,-0.0000,-0.0000,1.2370,-0.1301,-0.1263,1.2222,-0.0267,-0.0391
76.50,1.2224,-0.0000,-0.0000,1.2370,-0.1301,-0.1279,1.2222,-0.0267,-0.0407
77.00,1.2224,-0.0000,-0.0000,1.2370,-0.1301,-0.1296,1.2222,-0.0267,-0.0423
77.50,1.2224,-0.0000,-0.0000,1.2370,-0.1301,-0.1308,1.2222,-0.0267,-0.0436
78.00,1.2224,-0.0000,-0.0000,1.2370,-0.1301,-0.1317,1.2222,-0.0267,-0.0444
78.50,1.2224,-0.0000,-0.0000,1.2370,-0.1301,-0.1332,1.2222,-0.0267,-0.0459
79.00,1.2224,-0.0000,-0.0000,1.2370,-0.1301,-0.1339,1.2222,-0.0267,-0.0466
79.50,1.2224,0.0025,0.0338,1.2396,-0.1304,-0.1042,1.2248,-0.0267,-0.0170
80.00,1.2224,0.0100,0.0854,1.2473,-0.1310,-0.0537,1.2325,-0.0267,0.0336
80.50,1.2225,0.0171,0.1351,1.2536,-0.1312,-0.0047,1.2388,-0.0263,0.0826
81.00,1.2225,0.0237,0.1832,1.2608,-0.1310,0.0426,1.2460,-0.0256,0.1299
81.50,1.2225,0.0298,0.2297,1.2690,-0.1305,0.0875,1.2542,-0.0243,0.1748
82.00,1.2225,0.0355,0.2748,1.2752,-0.1298,0.1320,1.2603,-0.0231,0.2193
82.50,1.2226,0.0407,0.3185,1.2805,-0.1290,0.1746,1.2268,0.0129,0.2898
83.00,1.2226,0.0453,0.3610,1.2843,-0.1283,0.2159,1.2305,0.0140,0.3311
83.50,1.2226,0.0495,0.4023,1.2872,-0.1276,0.2564,1.2333,0.0151,0.3716
84.00,1.2227,0.0532,0.4424,1.2905,-0.1267,0.2958,1.2364,0.0163,0.4110
84.50,1.2227,0.0564,0.4815,1.2949,-0.1252,0.3344,1.2406,0.0183,0.4495
85.00,1.2228,0.0592,0.5195,1.2976,-0.1242,0.3715,1.2432,0.0196,0.4867
85.50,1.2228,0.0615,0.5565,1.2998,-0.1233,0.4077,1.2453,0.0207,0.5228
86.00,1.2229,0.0633,0.5926,1.3012,-0.1227,0.4424,1.2466,0.0215,0.5575
86.50,1.2229,0.0647,0.6277,1.3024,-0.1221,0.4764,1.2478,0.0223,0.5916
87.00,1.2230,0.0656,0.6620,1.3031,-0.1218,0.5101,1.2483,0.0227,0.6252
87.50,1.2230,0.0660,0.6953,1.3033,-0.1216,0.5427,1.2486,0.0228,0.6578
88.00,1.2231,0.0661,0.7279,1.3035,-0.1215,0.5735,1.2487,0.0230,0.6886
88.50,1.2228,0.0660,0.7610,1.3033,-0.1216,0.6054,1.2486,0.0228,0.7205
89.00,1.2227,0.0660,0.7951,1.3030,-0.1218,0.6385,1.2483,0.0226,0.7536
89.50,1.2228,0.0656,0.8287,1.3025,-0.1222,0.6710,1.2479,0.0222,0.7862
90.00,1.2229,0.0654,0.8612,1.3024,-0.1223,0.7020,1.2478,0.0220,0.8172
90.50,1.2226,0.0653,0.8942,1.3022,-0.1225,0.7335,1.2475,0.0218,0.8486
91.00,1.2218,0.0653,0.9281,1.3016,-0.1230,0.7668,1.2471,0.0212,0.8819
91.50,1.2207,0.0652,0.9628,1.3005,-0.1241,0.8001,1.2461,0.0200,0.9152
92.00,1.2191,0.0652,0.9985,1.2995,-0.1252,0.8345,1.2452,0.0188,0.9497
92.50,1.2170,0.0651,1.0351,1.2979,-0.1270,0.8702,1.2439,0.0168,0.9854
93.00,1.2144,0.0651,1.0727,1.2962,-0.1292,0.9067,1.2423,0.0145,1.0218
93.50,1.2114,0.0650,1.1113,1.2946,-0.1312,0.9437,1.2411,0.0123,1.0589
94.00,1.2079,0.0650,1.1509,1.2919,-0.1351,0.9821,1.2388,0.0081,1.0973
94.50,1.2039,0.0649,1.1917,1.2890,-0.1397,1.0220,1.2364,0.0032,1.1372
95.00,1.1995,0.0649,1.2337,1.2869,-0.1433,1.0627,1.2348,-0.0006,1.1779
95.50,1.1945,0.0649,1.2768,1.2851,-0.1467,1.1050,1.2333,-0.0042,1.2201
96.00,1.1891,0.0648,1.3213,1.2826,-0.1518,1.1487,1.2315,-0.0095,1.2639
96.50,1.1832,0.0648,1.3672,1.2804,-0.1571,1.1924,1.2299,-0.0150,1.3076
97.00,1.1768,0.0648,1.4145,1.2782,-0.1629,1.2389,1.2284,-0.0211,1.3541
97.50,1.1699,0.0648,1.4635,1.2760,-0.1700,1.2863,1.2270,-0.0283,1.4015
98.00,1.1625,0.0648,1.5143,1.2740,-0.1775,1.3364,1.2259,-0.0361,1.4516
98.50,1.1558,0.0831,1.5659,1.2769,-0.1630,1.3856,1.1729,0.0479,1.5322
99.00,1.1496,0.1619,1.6336,1.2896,-0.0864,1.4402,1.1744,0.1255,1.5868
99.50,1.1330,0.2868,1.7912,1.2958,0.0411,1.5933,1.1425,0.2525,1.7504
100.00,1.1059,0.4122,1.8691,1.2874,0.1640,1.6730,1.1155,0.3798,1.8405
100.50,1.0698,0.5368,1.8539,1.2747,0.2989,1.6576,1.0804,0.5134,1.8251
101.00,1.0291,0.6609,1.8880,1.2612,0.4283,1.6913,1.0483,0.6288,1.8563
101.50,0.9929,0.7853,1.8436,1.2481,0.5625,1.6437,1.0206,0.7590,1.8113
102.00,0.9534,0.9097,1.8910,1.2360,0.6927,1.6898,0.9873,0.8826,1.8599
102.50,0.9161,1.0336,1.8608,1.2217,0.8241,1.6626,0.9411,1.0026,1.8371
103.00,0.8776,1.1579,1.8955,1.2085,0.9593,1.6932,0.9143,1.1334,1.8617
103.50,0.8304,1.2792,1.9808,1.1866,1.0893,1.7790,0.8710,1.2579,1.9500
104.00,0.7739,1.3969,2.0328,1.1554,1.2182,1.8330,0.8187,1.3797,2.0065
104.50,0.7184,1.5140,1.9819,1.1222,1.3477,1.7858,0.7636,1.5015,1.9603
105.00,0.6708,1.6337,1.9438,1.0976,1.4779,1.7446,0.7168,1.6155,1.9191
105.50,0.6377,1.7166,1.9033,1.0830,1.5697,1.7064,0.6860,1.7032,1.8774
106.00,0.6266,1.7413,1.8611,1.0793,1.5995,1.6657,0.6779,1.7321,1.8402
106.50,0.6287,1.7412,1.8166,1.0794,1.5981,1.6195,0.6782,1.7307,1.7940
107.00,0.6347,1.7412,1.7706,1.0795,1.5921,1.5724,0.6793,1.7248,1.7469
107.50,0.6411,1.7412,1.7231,1.0793,1.5858,1.5237,0.6803,1.7187,1.6982
108.00,0.6481,1.7412,1.6739,1.0787,1.5768,1.4739,0.6812,1.7096,1.6484
108.50,0.6555,1.7411,1.6230,1.0777,1.5687,1.4213,0.6816,1.7015,1.5958
109.00,0.6633,1.7411,1.5701,1.0762,1.5606,1.3672,0.6816,1.6933,1.5417
109.50,0.6712,1.7411,1.5172,1.0777,1.5669,1.3131,0.6819,1.6997,1.4876
110.00,0.6786,1.7412,1.4663,1.0798,1.5744,1.2610,0.6827,1.7074,1.4355
110.50,0.6855,1.7412,1.4172,1.0820,1.5806,1.2110,0.6838,1.7140,1.3855
111.00,0.6920,1.7412,1.3697,1.0846,1.5870,1.1622,0.6852,1.7207,1.3367
111.50,0.6979,1.7412,1.3238,1.0873,1.5930,1.1152,0.6869,1.7271,1.2897
112.00,0.7034,1.7413,1.2792,1.0899,1.5980,1.0695,0.6886,1.7325,1.2440
112.50,0.7084,1.7413,1.2360,1.0920,1.6017,1.0245,0.6900,1.7365,1.1990
113.00,0.7128,1.7413,1.1940,1.0947,1.6058,0.9806,0.6919,1.7410,1.1551
113.50,0.7168,1.7414,1.1531,1.0966,1.6086,0.9387,0.7558,1.7330,1.1272
114.00,0.7204,1.7414,1.1134,1.0992,1.6119,0.8979,0.7577,1.7368,1.0864
114.50,0.7234,1.7415,1.0747,1.1014,1.6147,0.8579,0.7594,1.7399,1.0463
115.00,0.7260,1.7415,1.0371,1.1025,1.6160,0.8197,0.7603,1.7414,1.0082
115.50,0.7281,1.7416,1.0004,1.1035,1.6170,0.7817,0.7611,1.7426,0.9701
116.00,0.7297,1.7416,0.9647,1.1050,1.6184,0.7449,0.7622,1.7442,0.9334
116.50,0.7309,1.7417,0.9299,1.1063,1.6195,0.7091,0.7633,1.7456,0.8976
117.00,0.7317,1.7417,0.8960,1.1072,1.6202,0.6739,0.7640,1.7464,0.8623
117.50,0.7320,1.7418,0.8630,1.1073,1.6204,0.6393,0.7642,1.7466,0.8277
118.00,0.7319,1.7419,0.8305,1.1074,1.6204,0.6064,0.7642,1.7467,0.7949
118.50,0.7319,1.7423,0.7970,1.1077,1.6207,0.5714,0.7645,1.7470,0.7598
119.00,0.7319,1.7424,0.7628,1.1078,1.6207,0.5364,0.7645,1.7470,0.7248
119.50,0.7322,1.7425,0.7296,1.1081,1.6209,0.5022,0.7649,1.7473,0.6907
120.00,0.7322,1.7425,0.6971,1.1081,1.6208,0.4688,0.7648,1.7472,0.6573
120.50,0.7338,1.7433,0.6595,1.1085,1.6210,0.4322,0.7651,1.7475,0.6207
121.00,0.7734,1.7656,0.5301,1.1507,1.6374,0.3054,0.8035,1.7715,0.4939
121.50,0.8706,1.8095,0.4421,1.2575,1.6646,0.2141,0.9242,1.7973,0.4200
122.00,0.9907,1.8570,0.3510,1.3873,1.6859,0.1188,1.0369,1.8346,0.3247
122.50,1.1123,1.9039,0.3997,1.5180,1.7027,0.1600,1.1614,1.8678,0.3659
123.00,1.2246,1.9597,0.5789,1.6401,1.7322,0.3345,1.2750,1.9315,0.5439
123.50,1.3280,2.0346,0.7041,1.7635,1.7858,0.4639,1.3846,2.0093,0.6768
124.00,1.4261,2.1199,0.7234,1.8844,1.8482,0.4836,1.4896,2.0859,0.6965
124.50,1.5208,2.2084,0.7783,1.9975,1.9112,0.5371,1.5770,2.1612,0.7499
125.00,1.6129,2.3002,0.7684,2.1082,1.9783,0.5321,1.6709,2.2502,0.7450
125.50,1.7106,2.3865,0.6682,2.2248,2.0400,0.4306,1.7721,2.3349,0.6469
126.00,1.8170,2.4637,0.5390,2.3518,2.0900,0.3053,1.8855,2.4109,0.5216
126.50,1.9298,2.5322,0.3051,2.4815,2.1163,0.0740,1.9992,2.4647,0.2878
127.00,2.0557,2.5884,0.0576,2.6211,2.1097,-0.1771,2.1343,2.5075,0.0393
127.50,2.1855,2.6084,-0.1010,2.7466,2.0754,-0.3419,2.2514,2.5350,-0.1240
128.00,2.3145,2.5972,-0.1187,2.8743,2.0265,-0.3674,2.3894,2.5303,-0.1476
128.50,2.4441,2.5875,0.0477,3.0077,1.9845,-0.2087,2.5187,2.5184,0.0077
129.00,2.5731,2.5907,0.1704,3.1423,1.9667,-0.0774,2.6441,2.5296,0.1425
129.50,2.7015,2.6099,0.1166,3.2752,1.9549,-0.1273,2.7663,2.5298,0.0926
130.00,2.8309,2.6205,0.0763,3.4117,1.9333,-0.1716,2.9042,2.5361,0.0448
130.50,2.9252,2.6323,0.1161,3.5105,1.9172,-0.1372,2.9942,2.5414,0.0827
131.00,2.9569,2.6423,0.1641,3.5472,1.9128,-0.0895,3.0311,2.5545,0.1339
131.50,2.9569,2.6486,0.2112,3.5520,1.9124,-0.0426,3.0358,2.5552,0.1808
132.00,2.9570,2.6544,0.2568,3.5581,1.9123,0.0020,3.0417,2.5564,0.2254
132.50,2.9570,2.6598,0.3011,3.5634,1.9124,0.0449,3.0371,2.5670,0.2718
133.00,2.9570,2.6646,0.3441,3.5697,1.9128,0.0862,3.0431,2.5688,0.3130
133.50,2.9571,2.6690,0.3858,3.5737,1.9132,0.1274,3.0469,2.5701,0.3542
134.00,2.9571,2.6729,0.4264,3.5784,1.9139,0.1670,3.0514,2.5719,0.3938
134.50,2.9572,2.6763,0.4659,3.5822,1.9145,0.2055,3.0549,2.5734,0.4324
135.00,2.9572,2.6793,0.5043,3.5861,1.9154,0.2426,3.0585,2.5751,0.4695
135.50,2.9573,2.6817,0.5418,3.5882,1.9160,0.2793,3.0604,2.5761,0.5061
136.00,2.9573,2.6837,0.5782,3.5905,1.9167,0.3143,3.0625,2.5773,0.5411
136.50,2.9574,2.6853,0.6137,3.5925,1.9174,0.3491,3.0643,2.5784,0.5760
137.00,2.9574,2.6864,0.6483,3.5935,1.9177,0.3824,3.0652,2.5790,0.6093
137.50,2.9575,2.6870,0.6820,3.5943,1.9181,0.4145,3.0659,2.5796,0.6414
138.00,2.9575,2.6873,0.7149,3.5946,1.9182,0.4463,3.0661,2.5797,0.6732
138.50,2.9574,2.6872,0.7475,3.5946,1.9182,0.4779,3.0661,2.5797,0.7047
139.00,2.9572,2.6871,0.7813,3.5943,1.9181,0.5107,3.0659,2.5795,0.7375
139.50,2.9572,2.6869,0.8153,3.5939,1.9178,0.5436,3.0655,2.5792,0.7705
140.00,2.9573,2.6865,0.8482,3.5935,1.9176,0.5753,3.0652,2.5789,0.8021
140.50,2.9572,2.6865,0.8809,3.5935,1.9176,0.6068,3.0652,2.5789,0.8337
141.00,2.9566,2.6864,0.9144,3.5933,1.9174,0.6387,3.0650,2.5787,0.8656
141.50,2.9556,2.6864,0.9487,3.5925,1.9168,0.6715,3.0644,2.5779,0.8983
142.00,2.9542,2.6863,0.9840,3.5911,1.9157,0.7063,3.0633,2.5765,0.9332
142.50,2.9523,2.6863,1.0202,3.5901,1.9148,0.7415,3.0626,2.5754,0.9684
143.00,2.9500,2.6862,1.0574,3.5889,1.9136,0.7779,3.0616,2.5739,1.0048
143.50,2.9471,2.6862,1.0956,3.5869,1.9116,0.8148,3.0602,2.5716,1.0417
144.00,2.9438,2.6861,1.1349,3.5841,1.9085,0.8530,3.0581,2.5680,1.0798
144.50,2.9401,2.6861,1.1752,3.5821,1.9061,0.8918,3.0567,2.5651,1.1186
145.00,2.9358,2.6860,1.2167,3.5790,1.9021,0.9321,3.0545,2.5605,1.1590
145.50,2.9310,2.6860,1.2593,3.5764,1.8985,0.9737,3.0529,2.5565,1.2006
146.00,2.9258,2.6860,1.3033,3.5732,1.8935,1.0168,3.0508,2.5509,1.2436
146.50,2.9201,2.6859,1.3486,3.5709,1.8897,1.0607,3.0495,2.5466,1.2876
147.00,2.9138,2.6859,1.3953,3.5676,1.8834,1.1063,3.0477,2.5397,1.3331
147.50,2.9072,2.6859,1.4436,3.5650,1.8780,1.1533,3.0464,2.5339,1.3801
148.00,2.9000,2.6859,1.4937,3.5626,1.8722,1.2017,3.0454,2.5277,1.4286
148.50,2.8923,2.6859,1.5456,3.5598,1.8644,1.2522,3.0444,2.5195,1.4791
149.00,2.8843,2.6859,1.5991,3.5593,1.8629,1.3043,2.9713,2.5973,1.5660
149.50,2.8767,2.6859,1.6509,3.5608,1.8691,1.3550,2.9712,2.6036,1.6167
150.00,2.8696,2.6859,1.7008,3.5623,1.8768,1.4041,2.9706,2.6114,1.6659
150.50,2.8629,2.6859,1.7491,3.5635,1.8850,1.4515,2.9696,2.6197,1.7132
151.00,2.8567,2.6859,1.7957,3.5639,1.8890,1.4970,2.9690,2.6236,1.7588
151.50,2.8510,2.6860,1.8409,3.5642,1.8945,1.5414,2.9679,2.6290,1.8031
152.00,2.8458,2.6860,1.8848,3.5643,1.9004,1.5841,2.9664,2.6348,1.8459
152.50,2.8411,2.6860,1.9274,3.5641,1.9057,1.6256,2.9648,2.6399,1.8873
153.00,2.8368,2.6861,1.9688,3.5638,1.9100,1.6659,2.9634,2.6439,1.9276
153.50,2.8331,2.6861,2.0091,3.5633,1.9141,1.7055,2.9274,2.6123,1.9748
154.00,2.8298,2.6862,2.0482,3.5627,1.9177,1.7436,2.9123,2.6019,2.0158
154.50,2.8277,2.6862,2.0806,3.5624,1.9198,1.7749,2.9114,2.6037,2.0471
155.00,2.8253,2.6863,2.1179,3.5616,1.9232,1.8111,2.9097,2.6068,2.0833
155.50,2.8234,2.6863,2.1542,3.5610,1.9254,1.8466,2.9086,2.6088,2.1188
156.00,2.8219,2.6864,2.1896,3.5605,1.9272,1.8806,2.9076,2.6104,2.1528
156.50,2.8209,2.6864,2.2241,3.5599,1.9288,1.9143,2.9066,2.6117,2.1866
157.00,2.8203,2.6865,2.2576,3.5596,1.9296,1.9468,2.9061,2.6124,2.2190
157.50,2.8202,2.6865,2.2904,3.5595,1.9299,1.9787,2.9060,2.6127,2.2509
158.00,2.8202,2.6863,2.3232,3.5595,1.9299,2.0101,2.9060,2.6127,2.2823
158.50,2.8203,2.6862,2.3571,3.5597,1.9295,2.0426,2.9062,2.6124,2.3148
159.00,2.8206,2.6862,2.3910,3.5598,1.9293,2.0752,2.9064,2.6122,2.3474
159.50,2.8209,2.6863,2.4237,3.5601,1.9288,2.1067,2.9068,2.6118,2.3789
160.00,2.8209,2.6861,2.4565,3.5601,1.9287,2.1380,2.9069,2.6117,2.4102
160.50,2.8210,2.6855,2.4901,3.5604,1.9283,2.1702,2.9072,2.6114,2.4424
161.00,2.8210,2.6845,2.5246,3.5611,1.9273,2.2038,2.9082,2.6106,2.4760
161.50,2.8211,2.6830,2.5600,3.5619,1.9262,2.2379,2.9093,2.6098,2.5101
162.00,2.8211,2.6810,2.5964,3.5632,1.9246,2.2733,2.9109,2.6086,2.5455
162.50,2.8212,2.6786,2.6337,3.5645,1.9232,2.3089,2.9126,2.6076,2.5811
163.00,2.8212,2.6757,2.6721,3.5670,1.9206,2.3461,2.9157,2.6057,2.6183
163.50,2.8213,2.6723,2.7114,3.5693,1.9183,2.3842,2.9184,2.6042,2.6565
164.00,2.8213,2.6685,2.7519,3.5727,1.9152,2.4235,2.9226,2.6021,2.6958
164.50,2.8214,2.6641,2.7936,3.5758,1.9126,2.4640,2.9263,2.6004,2.7362
165.00,2.8214,2.6593,2.8364,3.5793,1.9099,2.5047,2.9303,2.5988,2.7769
165.50,2.8214,2.6540,2.8805,3.5840,1.9066,2.5476,2.9357,2.5968,2.8198
166.00,2.8215,2.6482,2.9260,3.5881,1.9039,2.5920,2.9405,2.5954,2.8642
166.50,2.8215,2.6419,2.9730,3.5943,1.9003,2.6378,2.9474,2.5936,2.9100
167.00,2.7989,2.6331,3.0896,3.5767,1.9087,2.7375,2.9282,2.5969,3.0097
167.50,2.7136,2.6139,-3.0307,3.4981,1.9328,2.9071,2.8460,2.5990,-3.1038
168.00,2.5898,2.5981,-3.0554,3.3814,1.9599,2.8913,2.6692,2.5263,-3.0768
168.50,2.4678,2.5917,3.1185,3.2680,1.9972,2.7747,2.5470,2.5191,3.0863
169.00,2.3378,2.5917,-3.1337,3.1461,2.0430,2.8028,2.4170,2.5229,3.1169
169.50,2.2079,2.5831,-3.0645,3.0199,2.0826,2.8721,2.2819,2.5221,-3.0955
170.00,2.0787,2.5652,-2.9853,2.8920,2.1142,2.9447,2.1579,2.5127,-3.0192
170.50,1.9514,2.5382,-2.8996,2.7619,2.1336,3.0301,2.0178,2.4850,-2.9355
171.00,1.8274,2.5021,-2.7626,2.6298,2.1409,-3.1205,1.8950,2.4507,-2.7994
171.50,1.7105,2.4545,-2.6294,2.5024,2.1288,-2.9831,1.7878,2.4043,-2.6602
172.00,1.6001,2.3908,-2.5264,2.3712,2.1020,-2.8842,1.6688,2.3471,-2.5596
172.50,1.4976,2.3128,-2.4438,2.2435,2.0615,-2.7993,1.5606,2.2728,-2.4730
173.00,1.4002,2.2268,-2.3949,2.1218,2.0149,-2.7517,1.4701,2.1947,-2.4254
173.50,1.3055,2.1378,-2.3930,2.0007,1.9637,-2.7465,1.3719,2.1074,-2.4202
174.00,1.2095,2.0500,-2.4035,1.8749,1.9124,-2.7592,1.2690,2.0186,-2.4303
174.50,1.1137,1.9623,-2.3919,1.7520,1.8629,-2.7511,1.1687,1.9320,-2.4221
175.00,1.0200,1.8724,-2.3658,1.6313,1.8113,-2.7253,1.0766,1.8490,-2.3946
175.50,0.9273,1.7812,-2.3588,1.5060,1.7554,-2.7204,0.9762,1.7555,-2.3897
176.00,0.8360,1.6887,-2.3487,1.3859,1.7001,-2.7074,0.8846,1.6691,-2.3732
176.50,0.7443,1.5966,-2.3642,1.2651,1.6450,-2.7230,0.7928,1.5774,-2.3906
177.00,0.6484,1.5084,-2.4261,1.1400,1.5942,-2.7885,0.6912,1.4933,-2.4526
177.50,0.5492,1.4245,-2.4465,1.0112,1.5488,-2.8128,0.5884,1.4081,-2.4734
178.00,0.4510,1.3393,-2.4070,0.8838,1.5028,-2.7741,0.4885,1.3316,-2.4347
178.50,0.3556,1.2511,-2.3929,0.7650,1.4557,-2.7585,0.3980,1.2475,-2.4191
179.00,0.2584,1.1646,-2.4354,0.6425,1.4094,-2.8032,0.2979,1.1631,-2.4638
179.50,0.1587,1.0813,-2.4476,0.5163,1.3665,-2.8209,0.1890,1.0806,-2.4780
180.00,0.0606,0.9960,-2.4056,0.3950,1.3236,-2.7797,0.0892,0.9994,-2.4350
180.50,-0.0351,0.9081,-2.3981,0.2644,1.2730,-2.7695,-0.0113,0.9075,-2.4222
181.00,-0.1334,0.8228,-2.4750,0.1368,1.2274,-2.8449,-0.1147,0.8315,-2.4976
181.50,-0.2378,0.7454,-2.5150,0.0143,1.1941,-2.8897,-0.2086,0.7585,-2.5424
182.00,-0.3429,0.6683,-2.4989,-0.1134,1.1609,-2.8763,-0.3218,0.6844,-2.5290
182.50,-0.4457,0.5881,-2.4695,-0.2410,1.1241,-2.8471,-0.4292,0.6022,-2.4981
183.00,-0.5474,0.5070,-2.4674,-0.3711,1.0845,-2.8461,-0.5320,0.5295,-2.4971
183.50,-0.6483,0.4249,-2.4542,-0.4987,1.0447,-2.8348,-0.6383,0.4527,-2.4840
184.00,-0.7485,0.3422,-2.4658,-0.6227,1.0049,-2.8455,-0.7412,0.3670,-2.4930
184.50,-0.8516,0.2638,-2.4995,-0.7478,0.9697,-2.8832,-0.8465,0.2910,-2.5289
185.00,-0.9365,0.1989,-2.4755,-0.8586,0.9397,-2.8602,-0.9401,0.2244,-2.5042
185.50,-0.9711,0.1706,-2.4422,-0.9066,0.9252,-2.8292,-0.9700,0.1941,-2.4732
186.00,-0.9722,0.1697,-2.4097,-0.9079,0.9248,-2.7978,-0.9711,0.1933,-2.4418
186.50,-0.9719,0.1698,-2.3764,-0.9079,0.9248,-2.7657,-0.9711,0.1933,-2.4097
187.00,-0.9719,0.1699,-2.3423,-0.9078,0.9249,-2.7327,-0.9710,0.1934,-2.3767
187.50,-0.9720,0.1703,-2.3088,-0.9073,0.9251,-2.7008,-0.9706,0.1938,-2.3449
188.00,-0.9720,0.1704,-2.2763,-0.9071,0.9252,-2.6695,-0.9705,0.1940,-2.3136
188.50,-0.9716,0.1705,-2.2432,-0.9071,0.9252,-2.6374,-0.9705,0.1940,-2.2814
189.00,-0.9709,0.1705,-2.2093,-0.9065,0.9255,-2.6050,-0.9700,0.1945,-2.2490
189.50,-0.9696,0.1706,-2.1744,-0.9054,0.9263,-2.5710,-0.9692,0.1956,-2.2150
190.00,-0.9680,0.1706,-2.1386,-0.9039,0.9273,-2.5368,-0.9682,0.1970,-2.1808
190.50,-0.9658,0.1707,-2.1019,-0.9022,0.9285,-2.5010,-0.9670,0.1988,-2.1451
191.00,-0.9632,0.1707,-2.0642,-0.8998,0.9303,-2.4646,-0.9655,0.2012,-2.1086
191.50,-0.9601,0.1708,-2.0255,-0.8971,0.9326,-2.4273,-0.9637,0.2044,-2.0713
192.00,-0.9566,0.1708,-1.9857,-0.8950,0.9345,-2.3893,-0.9624,0.2069,-2.0333
192.50,-0.9526,0.1709,-1.9447,-0.8918,0.9376,-2.3500,-0.9604,0.2110,-1.9940
193.00,-0.9480,0.1709,-1.9027,-0.8891,0.9405,-2.3093,-0.9589,0.2146,-1.9533
193.50,-0.9430,0.1710,-1.8593,-0.8853,0.9448,-2.2675,-0.9569,0.2199,-1.9116
194.00,-0.9375,0.1710,-1.8147,-0.8819,0.9491,-2.2240,-0.9552,0.2251,-1.8680
194.50,-0.9315,0.1710,-1.7686,-0.8779,0.9545,-2.1796,-0.9533,0.2317,-1.8236
195.00,-0.9251,0.1710,-1.7211,-0.8743,0.9599,-2.1335,-0.9518,0.2380,-1.7775
195.50,-0.9181,0.1710,-1.6719,-0.8697,0.9675,-2.0858,-0.9502,0.2467,-1.7298
196.00,-0.9107,0.1711,-1.6208,-0.8666,0.9733,-2.0359,-0.9493,0.2532,-1.6799
196.50,-0.9028,0.1711,-1.5678,-0.8631,0.9809,-1.9841,-0.9486,0.2615,-1.6281
197.00,-0.8950,0.1711,-1.5150,-0.8660,0.9736,-1.9320,-0.9043,0.1941,-1.5481
197.50,-0.8876,0.1710,-1.4642,-0.8678,0.9683,-1.8823,-0.9040,0.1885,-1.4984
198.00,-0.8807,0.1710,-1.4152,-0.8698,0.9616,-1.8343,-0.9034,0.1815,-1.4504
198.50,-0.8743,0.1710,-1.3678,-0.8718,0.9535,-1.7878,-0.9022,0.1732,-1.4039
199.00,-0.8683,0.1710,-1.3219,-0.8727,0.9488,-1.7433,-0.9013,0.1686,-1.3594
199.50,-0.8623,0.1672,-1.2675,-0.8736,0.9432,-1.6957,-0.8999,0.1630,-1.3118
200.00,-0.8471,0.1174,-1.1261,-0.8761,0.8952,-1.5607,-0.8843,0.1176,-1.1768
200.50,-0.7999,0.0192,-1.0772,-0.8708,0.7864,-1.5060,-0.8055,0.0437,-1.1029
201.00,-0.7447,-0.0965,-1.1727,-0.8665,0.6538,-1.5985,-0.7495,-0.0721,-1.1954
201.50,-0.6991,-0.2155,-1.2510,-0.8773,0.5210,-1.6859,-0.7117,-0.1984,-1.2828
202.00,-0.6640,-0.3028,-1.1730,-0.8867,0.4237,-1.6171,-0.6823,-0.2877,-1.2105
202.50,-0.6173,-0.3971,-1.0404,-0.8833,0.3232,-1.4797,-0.6397,-0.3745,-1.0713
203.00,-0.5518,-0.5087,-1.0454,-0.8705,0.1985,-1.4803,-0.5743,-0.4839,-1.0711
203.50,-0.4925,-0.6230,-1.1072,-0.8628,0.0696,-1.5462,-0.5116,-0.5992,-1.1353
204.00,-0.4337,-0.7392,-1.0872,-0.8597,-0.0641,-1.5329,-0.4554,-0.7205,-1.1219
204.50,-0.3681,-0.8528,-1.0458,-0.8511,-0.2003,-1.4924,-0.3934,-0.8424,-1.0762
205.00,-0.2988,-0.9641,-1.0035,-0.8382,-0.3364,-1.4531,-0.3322,-0.9619,-1.0351
205.50,-0.2259,-1.0725,-0.9861,-0.8199,-0.4704,-1.4326,-0.2568,-1.0671,-1.0129
206.00,-0.1591,-1.1837,-1.0771,-0.8072,-0.5984,-1.5242,-0.1931,-1.1689,-1.1028
206.50,-0.0998,-1.2995,-1.0976,-0.8044,-0.7266,-1.5525,-0.1382,-1.2907,-1.1294
207.00,-0.0345,-1.4123,-0.9907,-0.7959,-0.8605,-1.4474,-0.0756,-1.4094,-1.0225
207.50,0.0399,-1.5180,-0.9226,-0.7750,-0.9855,-1.3744,-0.0050,-1.5147,-0.9495
208.00,0.1164,-1.6227,-0.9622,-0.7518,-1.1110,-1.4139,0.0679,-1.6154,-0.9908
208.50,0.1880,-1.7305,-0.9954,-0.7336,-1.2399,-1.4478,0.1373,-1.7312,-1.0212
209.00,0.2549,-1.8413,-1.0303,-0.7215,-1.3668,-1.4903,0.2006,-1.8419,-1.0612
209.50,0.3222,-1.9482,-1.0060,-0.7095,-1.4982,-1.4665,0.2661,-1.9563,-1.0364
210.00,0.3624,-2.0128,-1.0396,-0.7021,-1.5785,-1.4993,0.3061,-2.0364,-1.0657
210.50,0.3710,-2.0264,-1.0768,-0.7010,-1.5966,-1.5370,0.3147,-2.0423,-1.1034
211.00,0.3681,-2.0264,-1.1156,-0.7010,-1.5946,-1.5766,0.3139,-2.0405,-1.1430
211.50,0.3646,-2.0263,-1.1554,-0.7009,-1.5904,-1.6180,0.3122,-2.0367,-1.1843
212.00,0.3605,-2.0263,-1.1963,-0.7006,-1.5865,-1.6600,0.3109,-2.0330,-1.2263
212.50,0.3560,-2.0262,-1.2383,-0.7000,-1.5810,-1.7035,0.3091,-2.0278,-1.2699
213.00,0.3510,-2.0262,-1.2816,-0.6990,-1.5751,-1.7480,0.3075,-2.0220,-1.3143
213.50,0.3455,-2.0262,-1.3263,-0.6980,-1.5702,-1.7933,0.3064,-2.0172,-1.3597
214.00,0.3395,-2.0262,-1.3723,-0.6964,-1.5636,-1.8400,0.3051,-2.0105,-1.4063
214.50,0.3334,-2.0261,-1.4173,-0.6947,-1.5580,-1.8888,0.3043,-2.0047,-1.4551
215.00,0.3368,-2.0261,-1.3814,-0.6955,-1.5607,-1.8562,0.3047,-2.0075,-1.4226
215.50,0.3429,-2.0262,-1.3351,-0.6972,-1.5670,-1.8112,0.3058,-2.0139,-1.3775
216.00,0.3485,-2.0262,-1.2902,-0.6986,-1.5734,-1.7675,0.3072,-2.0203,-1.3339
216.50,0.3536,-2.0262,-1.2466,-0.6995,-1.5786,-1.7245,0.3085,-2.0254,-1.2908
217.00,0.3582,-2.0263,-1.2043,-0.7000,-1.5825,-1.6832,0.3097,-2.0291,-1.2496
217.50,0.3623,-2.0263,-1.1632,-0.7004,-1.5869,-1.6431,0.3112,-2.0333,-1.2095
218.00,0.3692,-2.0423,-1.0828,-0.7011,-1.6036,-1.5748,0.3176,-2.0488,-1.1411
218.50,0.4045,-2.1089,-0.9420,-0.6949,-1.6766,-1.4316,0.3509,-2.1136,-0.9735
219.00,0.4809,-2.2098,-0.9113,-0.6742,-1.8018,-1.3985,0.4149,-2.2239,-0.9405
219.50,0.5611,-2.3123,-0.8996,-0.6503,-1.9369,-1.3890,0.4961,-2.3374,-0.9310
220.00,0.6416,-2.4143,-0.9246,-0.6272,-2.0644,-1.4094,0.5730,-2.4317,-0.9479
220.50,0.7166,-2.5200,-0.9624,-0.6106,-2.1891,-1.4558,0.6434,-2.5360,-0.9942
221.00,0.7903,-2.6269,-0.9785,-0.5956,-2.3207,-1.4710,0.7151,-2.6472,-1.0060
221.50,0.8631,-2.7348,-0.9678,-0.5825,-2.4561,-1.4667,0.7876,-2.7724,-1.0016
222.00,0.9413,-2.8395,-0.9064,-0.5643,-2.5916,-1.4071,0.8641,-2.8757,-0.9361
222.50,1.0238,-2.9404,-0.8775,-0.5397,-2.7250,-1.3769,0.9466,-2.9733,-0.9048
223.00,1.1073,-3.0401,-0.8670,-0.5141,-2.8537,-1.3694,1.0180,-3.0691,-0.8974
223.50,1.1926,-3.1382,-0.8422,-0.4871,-2.9780,-1.3445,1.1085,-3.1748,-0.8725
224.00,1.2788,-3.2355,-0.8658,-0.4579,-3.1063,-1.3630,1.1927,-3.2760,-0.8885
224.50,1.3587,-3.3385,-0.9649,-0.4375,-3.2341,-1.4653,1.2695,-3.3800,-0.9933
225.00,1.4304,-3.4471,-0.9972,-0.4272,-3.3630,-1.5034,1.3370,-3.4904,-1.0279
225.50,1.5044,-3.5520,-0.9071,-0.4142,-3.4944,-1.4205,1.4084,-3.6014,-0.9415
226.00,1.5840,-3.6387,-0.7102,-0.3882,-3.6054,-1.2280,1.4825,-3.6881,-0.7490
226.50,1.6843,-3.7147,-0.5021,-0.3326,-3.7249,-1.0242,1.5867,-3.7614,-0.5417
227.00,1.7954,-3.7806,-0.2476,-0.2499,-3.8288,-0.7730,1.7080,-3.8225,-0.2870
227.50,1.9114,-3.8365,0.0657,-0.1388,-3.9103,-0.4626,1.8271,-3.8678,0.0258
228.00,2.0389,-3.8416,0.2677,-0.0176,-3.9544,-0.2543,1.9419,-3.8953,0.2352
228.50,2.1589,-3.8099,0.2930,0.1076,-3.9834,-0.2215,2.0632,-3.8749,0.2705
229.00,2.2534,-3.7813,0.1532,0.2023,-4.0090,-0.3552,2.1615,-3.8500,0.1378
229.50,2.3763,-3.7627,0.0429,0.3165,-4.0608,-0.4747,2.2794,-3.8342,0.0147
230.00,2.5054,-3.7551,-0.0168,0.4364,-4.1265,-0.5342,2.4133,-3.8328,-0.0448
230.50,2.5937,-3.7553,-0.0674,0.5147,-4.1752,-0.5827,2.5053,-3.8393,-0.0898
231.00,2.6198,-3.7615,-0.1163,0.5399,-4.1924,-0.6297,2.5356,-3.8326,-0.1368
231.50,2.6198,-3.7683,-0.1650,0.5459,-4.1970,-0.6798,2.5431,-3.8338,-0.1868
232.00,2.6198,-3.7746,-0.2121,0.5509,-4.2012,-0.7284,2.5495,-3.8351,-0.2355
232.50,2.6198,-3.7805,-0.2577,0.5552,-4.2052,-0.7755,2.5552,-3.8366,-0.2826
233.00,2.6199,-3.7858,-0.3020,0.5592,-4.2092,-0.8208,2.5606,-3.8382,-0.3278
233.50,2.6199,-3.7907,-0.3449,0.5631,-4.2136,-0.8645,2.5661,-3.8403,-0.3716
234.00,2.6199,-3.7950,-0.3866,0.5670,-4.2184,-0.9068,2.5718,-3.8426,-0.4138
234.50,2.6200,-3.7989,-0.4272,0.5696,-4.2218,-0.9489,2.5355,-3.8750,-0.4524
235.00,2.6200,-3.8023,-0.4667,0.5715,-4.2246,-0.9891,2.5385,-3.8766,-0.4927
235.50,2.6201,-3.8053,-0.5051,0.5731,-4.2270,-1.0287,2.5410,-3.8779,-0.5323
236.00,2.6201,-3.8077,-0.5425,0.5742,-4.2290,-1.0677,2.5430,-3.8792,-0.5712
236.50,2.6202,-3.8097,-0.5789,0.5751,-4.2306,-1.1050,2.5445,-3.8802,-0.6086
237.00,2.6202,-3.8113,-0.6144,0.5759,-4.2324,-1.1417,2.5461,-3.8814,-0.6452
237.50,2.6203,-3.8123,-0.6490,0.5763,-4.2332,-1.1772,2.5468,-3.8819,-0.6807
238.00,2.6203,-3.8130,-0.6827,0.5765,-4.2338,-1.2122,2.5473,-3.8823,-0.7157
238.50,2.6204,-3.8132,-0.7155,0.5766,-4.2340,-1.2459,2.5474,-3.8824,-0.7495
239.00,2.6206,-3.8131,-0.7482,0.5767,-4.2342,-1.2796,2.5476,-3.8826,-0.7831
239.50,2.6210,-3.8131,-0.7820,0.5768,-4.2347,-1.3144,2.5480,-3.8830,-0.8180
240.00,2.6211,-3.8132,-0.8160,0.5769,-4.2350,-1.3495,2.5482,-3.8832,-0.8531
240.50,2.6211,-3.8134,-0.8489,0.5769,-4.2351,-1.3838,2.5482,-3.8832,-0.8874
241.00,2.6210,-3.8134,-0.8815,0.5769,-4.2350,-1.4170,2.5482,-3.8832,-0.9206
241.50,2.6204,-3.8133,-0.9150,0.5768,-4.2347,-1.4517,2.5480,-3.8829,-0.9552
242.00,2.6194,-3.8133,-0.9494,0.5767,-4.2337,-1.4872,2.5474,-3.8821,-0.9908
242.50,2.6180,-3.8132,-0.9847,0.5766,-4.2321,-1.5236,2.5466,-3.8807,-1.0272
243.00,2.6161,-3.8132,-1.0210,0.5766,-4.2301,-1.5604,2.5455,-3.8790,-1.0640
243.50,2.6137,-3.8131,-1.0582,0.5766,-4.2287,-1.5990,2.5449,-3.8778,-1.1026
244.00,2.6109,-3.8131,-1.0964,0.5767,-4.2256,-1.6375,2.5435,-3.8750,-1.1411
244.50,2.6076,-3.8130,-1.1357,0.5770,-4.2227,-1.6783,2.5424,-3.8723,-1.1818
245.00,2.6038,-3.8130,-1.1760,0.5775,-4.2186,-1.7201,2.5409,-3.8685,-1.2236
245.50,2.5995,-3.8129,-1.2175,0.5783,-4.2141,-1.7625,2.5394,-3.8641,-1.2661
246.00,2.5948,-3.8129,-1.2602,0.5794,-4.2089,-1.8061,2.5380,-3.8590,-1.3097
246.50,2.5895,-3.8129,-1.3042,0.5808,-4.2036,-1.8511,2.5367,-3.8537,-1.3547
247.00,2.5838,-3.8128,-1.3495,0.5826,-4.1977,-1.8973,2.5355,-3.8477,-1.4008
247.50,2.5775,-3.8128,-1.3963,0.5847,-4.1920,-1.9449,2.5346,-3.8416,-1.4484
248.00,2.5708,-3.8128,-1.4446,0.5871,-4.1862,-1.9943,2.5339,-3.8354,-1.4979
248.50,2.5636,-3.8128,-1.4947,0.5900,-4.1803,-2.0451,2.5336,-3.8289,-1.5486
249.00,2.5560,-3.8128,-1.5467,0.5941,-4.1727,-2.0982,2.4771,-3.8804,-1.5704
249.50,2.5480,-3.8128,-1.6001,0.5946,-4.1717,-2.1525,2.4770,-3.8793,-1.6246
250.00,2.5404,-3.8128,-1.6519,0.5906,-4.1775,-2.2056,2.4765,-3.8863,-1.6778
250.50,2.5333,-3.8128,-1.7018,0.5864,-4.1829,-2.2572,2.4756,-3.8931,-1.7294
251.00,2.5304,-3.8068,-1.7291,0.5875,-4.1817,-2.2889,2.4759,-3.8915,-1.7611
251.50,2.5336,-3.7871,-1.7291,0.6014,-4.1657,-2.2898,2.4799,-3.8707,-1.7619
252.00,2.5367,-3.7673,-1.7291,0.6159,-4.1493,-2.2906,2.4841,-3.8492,-1.7628
252.50,2.5399,-3.7476,-1.7291,0.6302,-4.1329,-2.2921,2.4460,-3.8275,-1.7538
253.00,2.5430,-3.7278,-1.7291,0.6428,-4.1186,-2.2933,2.4495,-3.8087,-1.7549
253.50,2.5462,-3.7081,-1.7291,0.6549,-4.1049,-2.2939,2.4529,-3.7908,-1.7556
254.00,2.5493,-3.6883,-1.7291,0.6681,-4.0900,-2.2954,2.4565,-3.7711,-1.7571
254.50,2.5525,-3.6686,-1.7291,0.6826,-4.0736,-2.2964,2.4606,-3.7497,-1.7581
255.00,2.5556,-3.6488,-1.7291,0.6963,-4.0583,-2.2981,2.4737,-3.7293,-1.7562
255.50,2.5588,-3.6291,-1.7291,0.7087,-4.0443,-2.2987,2.4771,-3.7110,-1.7569
256.00,2.5619,-3.6093,-1.7291,0.7214,-4.0300,-2.3001,2.4807,-3.6922,-1.7583
256.50,2.5651,-3.5896,-1.7291,0.7367,-4.0129,-2.3014,2.4850,-3.6696,-1.7596
257.00,2.5682,-3.5698,-1.7291,0.7493,-3.9989,-2.3021,2.4880,-3.6438,-1.7577
257.50,2.5701,-3.5560,-1.7401,0.7591,-3.9879,-2.3082,2.4905,-3.6265,-1.7629
258.00,2.5648,-3.5560,-1.7870,0.7556,-3.9917,-2.3577,2.4894,-3.6315,-1.8124
258.50,2.5590,-3.5560,-1.8325,0.7514,-3.9957,-2.4045,2.4879,-3.6371,-1.8592
259.00,2.5537,-3.5561,-1.8766,0.7467,-3.9997,-2.4500,2.4860,-3.6430,-1.9047
259.50,2.5492,-3.5561,-1.9172,0.7432,-4.0025,-2.4941,2.4844,-3.6472,-1.9488
260.00,2.5519,-3.5561,-1.8850,0.7448,-4.0012,-2.4653,2.4851,-3.6454,-1.9200
260.50,2.5571,-3.5560,-1.8411,0.7473,-3.9991,-2.4227,2.4862,-3.6422,-1.8774
261.00,2.5628,-3.5560,-1.7959,0.7515,-3.9953,-2.3789,2.4878,-3.6367,-1.8336
261.50,2.5689,-3.5560,-1.7492,0.7564,-3.9904,-2.3331,2.4895,-3.6300,-1.7878
262.00,2.5756,-3.5559,-1.7010,0.7610,-3.9854,-2.2857,2.4908,-3.6234,-1.7404
262.50,2.5828,-3.5559,-1.6511,0.7661,-3.9792,-2.2370,2.4919,-3.6154,-1.6917
263.00,2.5904,-3.5559,-1.5993,0.7705,-3.9733,-2.1864,2.4927,-3.6081,-1.6411
263.50,2.5984,-3.5559,-1.5458,0.7716,-3.9719,-2.1342,2.5100,-3.6362,-1.5749
264.00,2.6060,-3.5559,-1.4939,0.7673,-3.9789,-2.0834,2.5102,-3.6444,-1.5242
264.50,2.6132,-3.5559,-1.4438,0.7638,-3.9856,-2.0349,2.5107,-3.6519,-1.4756
265.00,2.6199,-3.5560,-1.3955,0.7605,-3.9926,-1.9873,2.5116,-3.6596,-1.4280
265.50,2.6261,-3.5560,-1.3487,0.7584,-3.9977,-1.9419,2.5126,-3.6651,-1.3826
266.00,2.6318,-3.5560,-1.3034,0.7564,-4.0030,-1.8978,2.5137,-3.6706,-1.3385
266.50,2.6371,-3.5561,-1.2595,0.7550,-4.0076,-1.8544,2.5150,-3.6753,-1.2952
267.00,2.6418,-3.5561,-1.2168,0.7536,-4.0127,-1.8128,2.5165,-3.6804,-1.2536
267.50,2.6461,-3.5561,-1.1753,0.7527,-4.0166,-1.7727,2.5565,-3.6346,-1.2065
268.00,2.6499,-3.5562,-1.1350,0.7520,-4.0206,-1.7332,2.5580,-3.6384,-1.1669
268.50,2.6532,-3.5562,-1.0958,0.7516,-4.0229,-1.6949,2.5590,-3.6404,-1.1286
269.00,2.6560,-3.5563,-1.0576,0.7513,-4.0259,-1.6577,2.5603,-3.6431,-1.0914
269.50,2.6584,-3.5563,-1.0204,0.7511,-4.0284,-1.6214,2.5615,-3.6454,-1.0551
270.00,2.6603,-3.5564,-0.9841,0.7511,-4.0307,-1.5863,2.5627,-3.6473,-1.0201
270.50,2.6617,-3.5564,-0.9488,0.7511,-4.0320,-1.5521,2.5634,-3.6484,-0.9858
271.00,2.6627,-3.5565,-0.9145,0.7511,-4.0327,-1.5185,2.5638,-3.6490,-0.9523
271.50,2.6633,-3.5565,-0.8810,0.7511,-4.0329,-1.4855,2.5639,-3.6492,-0.9192
272.00,2.6634,-3.5566,-0.8483,0.7511,-4.0330,-1.4542,2.5639,-3.6492,-0.8880
272.50,2.6633,-3.5564,-0.8154,0.7511,-4.0326,-1.4222,2.5637,-3.6490,-0.8559
273.00,2.6632,-3.5562,-0.7814,0.7510,-4.0322,-1.3886,2.5634,-3.6487,-0.8224
273.50,2.6629,-3.5563,-0.7476,0.7509,-4.0319,-1.3563,2.5632,-3.6484,-0.7901
274.00,2.6627,-3.5563,-0.7150,0.7509,-4.0318,-1.3241,2.5631,-3.6483,-0.7579
274.50,2.6626,-3.5561,-0.6821,0.7509,-4.0316,-1.2920,2.5630,-3.6482,-0.7258
275.00,2.6625,-3.5555,-0.6484,0.7508,-4.0314,-1.2593,2.5628,-3.6481,-0.6930
275.50,2.6625,-3.5544,-0.6138,0.7504,-4.0303,-1.2262,2.5619,-3.6473,-0.6600
276.00,2.6624,-3.5528,-0.5783,0.7500,-4.0291,-1.1915,2.5608,-3.6465,-0.6253
276.50,2.6624,-3.5508,-0.5419,0.7489,-4.0265,-1.1559,2.5585,-3.6449,-0.5896
277.00,2.6623,-3.5484,-0.5045,0.7479,-4.0243,-1.1189,2.5565,-3.6436,-0.5527
277.50,2.6623,-3.5458,-0.4710,0.7464,-4.0215,-1.0849,2.5538,-3.6421,-0.5186
278.00,2.6622,-3.5430,-0.4326,0.7454,-4.0196,-1.0487,2.5519,-3.6410,-0.4824
278.50,2.6622,-3.5392,-0.3922,0.7435,-4.0164,-1.0095,2.5486,-3.6394,-0.4432
279.00,2.6622,-3.5349,-0.3506,0.7419,-4.0140,-0.9690,2.5460,-3.6382,-0.4027
279.50,2.6621,-3.5301,-0.3078,0.7389,-4.0098,-0.9270,2.5411,-3.6362,-0.3607
280.00,2.6621,-3.5248,-0.2638,0.7355,-4.0055,-0.8837,2.5360,-3.6344,-0.3174
280.50,2.6640,-3.5193,-0.2131,0.7328,-4.0023,-0.8381,2.5320,-3.6332,-0.2718
281.00,2.7109,-3.5087,-0.0360,0.7658,-4.0335,-0.6743,2.5766,-3.6418,-0.1081
281.50,2.8202,-3.4894,0.0865,0.8584,-4.0957,-0.5440,2.7378,-3.5788,0.0607
282.00,2.9216,-3.4809,0.0199,0.9544,-4.1547,-0.5962,2.8504,-3.5628,0.0084
282.50,3.0177,-3.4812,-0.1284,1.0268,-4.2146,-0.7541,2.9340,-3.5700,-0.1564
283.00,3.1456,-3.4958,-0.0949,1.1199,-4.3025,-0.7300,3.0603,-3.5805,-0.1288
283.50,3.2754,-3.5036,0.0498,1.2241,-4.3820,-0.5835,3.1912,-3.5875,0.0201
284.00,3.4052,-3.4989,0.0191,1.3329,-4.4534,-0.6068,3.3213,-3.5944,-0.0022
284.50,3.5349,-3.5005,-0.1257,1.4339,-4.5353,-0.7528,3.4509,-3.6045,-0.1481
285.00,3.6628,-3.5117,-0.2300,1.5192,-4.6245,-0.8592,3.5718,-3.6294,-0.2546
285.50,3.7883,-3.5391,-0.2795,1.6024,-4.7283,-0.9147,3.6992,-3.6503,-0.3100
286.00,3.9133,-3.5750,-0.2906,1.6855,-4.8355,-0.9237,3.8284,-3.6847,-0.3155
286.50,4.0370,-3.6174,-0.3210,1.7652,-4.9471,-0.9613,3.9494,-3.7333,-0.3532
287.00,4.1618,-3.6528,-0.2369,1.8422,-5.0491,-0.8781,4.0694,-3.7720,-0.2665
287.50,4.2882,-3.6846,-0.2519,1.9225,-5.1455,-0.8910,4.1906,-3.8049,-0.2794
288.00,4.4132,-3.7250,-0.3109,2.0038,-5.2516,-0.9510,4.3281,-3.8448,-0.3394
288.50,4.5360,-3.7710,-0.3428,2.0751,-5.3572,-0.9887,4.4443,-3.9005,-0.3736
289.00,4.6595,-3.8101,-0.3025,2.1468,-5.4602,-0.9478,4.5651,-3.9432,-0.3327
289.50,4.7782,-3.8539,-0.3808,2.2188,-5.5676,-1.0279,4.6887,-3.9892,-0.4083
290.00,4.8480,-3.8869,-0.4221,2.2595,-5.6380,-1.0712,4.7598,-4.0233,-0.4501
290.50,4.8624,-3.8966,-0.4615,2.2693,-5.6565,-1.1125,4.7785,-4.0328,-0.4904
291.00,4.8624,-3.8996,-0.5000,2.2705,-5.6591,-1.1522,4.7810,-4.0341,-0.5301
291.50,4.8625,-3.9021,-0.5376,2.2717,-5.6617,-1.1906,4.7835,-4.0356,-0.5685
292.00,4.8625,-3.9042,-0.5741,2.2724,-5.6634,-1.2283,4.7849,-4.0365,-0.6062
292.50,4.8626,-3.9058,-0.6097,2.2728,-5.6648,-1.2648,4.7861,-4.0374,-0.6427
293.00,4.8626,-3.9069,-0.6444,2.2731,-5.6657,-1.3000,4.7869,-4.0380,-0.6779
293.50,4.8627,-3.9076,-0.6782,2.2734,-5.6666,-1.3345,4.7876,-4.0386,-0.7124
294.00,4.8628,-3.9079,-0.7112,2.2735,-5.6670,-1.3686,4.7880,-4.0388,-0.7465
294.50,4.8629,-3.9078,-0.7438,2.2735,-5.6672,-1.4020,4.7881,-4.0390,-0.7799
295.00,4.8633,-3.9078,-0.7774,2.2735,-5.6675,-1.4363,4.7883,-4.0392,-0.8142
295.50,4.8634,-3.9078,-0.8115,2.2736,-5.6676,-1.4721,4.7884,-4.0393,-0.8500
296.00,4.8635,-3.9081,-0.8445,2.2736,-5.6678,-1.5060,4.7885,-4.0394,-0.8839
296.50,4.8634,-3.9081,-0.8771,2.2736,-5.6676,-1.5395,4.7884,-4.0392,-0.9174
297.00,4.8629,-3.9080,-0.9105,2.2736,-5.6671,-1.5741,4.7881,-4.0389,-0.9520
297.50,4.8620,-3.9080,-0.9448,2.2736,-5.6659,-1.6096,4.7874,-4.0379,-0.9875
298.00,4.8606,-3.9079,-0.9800,2.2737,-5.6646,-1.6457,4.7867,-4.0368,-1.0236
298.50,4.8591,-3.9079,-1.0088,2.2738,-5.6629,-1.6756,4.7859,-4.0353,-1.0535
299.00,4.8575,-3.9078,-1.0364,2.2741,-5.6606,-1.7041,4.7848,-4.0333,-1.0820
299.50,4.8557,-3.9078,-1.0645,2.2744,-5.6587,-1.7337,4.7839,-4.0316,-1.1116
300.00,4.8535,-3.9077,-1.0932,2.2747,-5.6569,-1.7634,4.7831,-4.0300,-1.1413
300.50,4.8511,-3.9077,-1.1224,2.2753,-5.6542,-1.7938,4.7820,-4.0274,-1.1717
301.00,4.8484,-3.9077,-1.1523,2.2759,-5.6515,-1.8246,4.7809,-4.0248,-1.2025
301.50,4.8455,-3.9076,-1.1828,2.2765,-5.6494,-1.8562,4.7802,-4.0228,-1.2341
302.00,4.8423,-3.9076,-1.2140,2.2776,-5.6460,-1.8889,4.7791,-4.0194,-1.2668
302.50,4.8388,-3.9076,-1.2458,2.2788,-5.6425,-1.9213,4.7780,-4.0158,-1.2992
303.00,4.8350,-3.9076,-1.2783,2.2802,-5.6388,-1.9544,4.7770,-4.0120,-1.3323
303.50,4.8310,-3.9075,-1.3116,2.2817,-5.6352,-1.9888,4.7761,-4.0082,-1.3667
304.00,4.8266,-3.9075,-1.3456,2.2832,-5.6321,-2.0240,4.7755,-4.0048,-1.4019
304.50,4.8220,-3.9075,-1.3805,2.2850,-5.6285,-2.0595,4.7749,-4.0008,-1.4374
305.00,4.8172,-3.9075,-1.4162,2.2873,-5.6244,-2.0962,4.7744,-3.9962,-1.4741
305.50,4.8120,-3.9075,-1.4528,2.2900,-5.6200,-2.1337,4.7740,-3.9910,-1.5116
306.00,4.8066,-3.9075,-1.4904,2.2934,-5.6147,-2.1722,4.7737,-3.9847,-1.5501
306.50,4.8010,-3.9075,-1.5291,2.2963,-5.6107,-2.2111,4.7332,-4.0235,-1.5639
307.00,4.7946,-3.9075,-1.5735,2.3000,-5.6060,-2.2549,4.7167,-4.0340,-1.5979
307.50,4.7867,-3.9075,-1.6263,2.2940,-5.6129,-2.3088,4.7162,-4.0430,-1.6518
308.00,4.7794,-3.9075,-1.6771,2.2883,-5.6188,-2.3607,4.7153,-4.0512,-1.7037
308.50,4.7724,-3.9075,-1.7262,2.2839,-5.6230,-2.4106,4.7143,-4.0573,-1.7536
309.00,4.7660,-3.9075,-1.7736,2.2785,-5.6276,-2.4589,4.7129,-4.0642,-1.8019
309.50,4.7601,-3.9075,-1.8195,2.2736,-5.6314,-2.5063,4.7113,-4.0702,-1.8493
310.00,4.7546,-3.9076,-1.8640,2.2702,-5.6338,-2.5514,4.7101,-4.0742,-1.8944
310.50,4.7518,-3.9076,-1.8883,2.2674,-5.6356,-2.5793,4.7090,-4.0773,-1.9223
311.00,4.7518,-3.9076,-1.8883,2.2674,-5.6356,-2.5803,4.7090,-4.0773,-1.9233
311.50,4.7518,-3.9076,-1.8883,2.2674,-5.6356,-2.5813,4.7090,-4.0773,-1.9243
312.00,4.7518,-3.9076,-1.8883,2.2674,-5.6356,-2.5827,4.7090,-4.0773,-1.9257
312.50,4.7516,-3.9076,-1.8938,2.2672,-5.6357,-2.5877,4.7089,-4.0775,-1.9307
313.00,4.7475,-3.9076,-1.9361,2.2639,-5.6377,-2.6323,4.7075,-4.0811,-1.9753
313.50,4.7434,-3.9077,-1.9773,2.2595,-5.6401,-2.6744,4.7054,-4.0857,-2.0174
314.00,4.7397,-3.9077,-2.0173,2.2566,-5.6414,-2.7157,4.6591,-4.0589,-2.0486
314.50,4.7366,-3.9078,-2.0563,2.2536,-5.6428,-2.7558,4.6399,-4.0502,-2.0848
315.00,4.7339,-3.9078,-2.0942,2.2514,-5.6436,-2.7946,4.6387,-4.0522,-2.1237
315.50,4.7316,-3.9079,-2.1311,2.2500,-5.6441,-2.8322,4.6380,-4.0535,-2.1613
316.00,4.7298,-3.9079,-2.1671,2.2483,-5.6446,-2.8687,4.6370,-4.0549,-2.1978
316.50,4.7285,-3.9080,-2.2021,2.2469,-5.6449,-2.9049,4.6361,-4.0561,-2.2340
317.00,4.7277,-3.9080,-2.2334,2.2459,-5.6452,-2.9382,4.6354,-4.0569,-2.2673
317.50,4.7273,-3.9081,-2.2585,2.2454,-5.6453,-2.9647,4.6351,-4.0573,-2.2938
318.00,4.7272,-3.9081,-2.2831,2.2453,-5.6453,-2.9900,4.6350,-4.0573,-2.3191
318.50,4.7272,-3.9082,-2.3074,2.2452,-5.6453,-3.0160,4.6350,-4.0574,-2.3450
319.00,4.7273,-3.9085,-2.3324,2.2453,-5.6453,-3.0423,4.6350,-4.0574,-2.3713
319.50,4.7273,-3.9087,-2.3579,2.2452,-5.6453,-3.0684,4.6350,-4.0574,-2.3975
320.00,4.7272,-3.9088,-2.3834,2.2450,-5.6453,-3.0950,4.6348,-4.0576,-2.4240
320.50,4.7270,-3.9088,-2.4083,2.2448,-5.6453,-3.1206,4.6347,-4.0577,-2.4496
321.00,4.7270,-3.9088,-2.4326,2.2447,-5.6453,3.1377,4.6346,-4.0577,-2.4745
321.50,4.7270,-3.9086,-2.4573,2.2449,-5.6453,3.1122,4.6347,-4.0576,-2.5001
322.00,4.7270,-3.9082,-2.4824,2.2453,-5.6453,3.0856,4.6351,-4.0574,-2.5266
322.50,4.7271,-3.9075,-2.5081,2.2458,-5.6454,3.0586,4.6355,-4.0571,-2.5536
323.00,4.7271,-3.9066,-2.5342,2.2466,-5.6455,3.0316,4.6361,-4.0567,-2.5807
323.50,4.7272,-3.9054,-2.5609,2.2465,-5.6454,3.0044,4.6360,-4.0567,-2.6078
324.00,4.7272,-3.9040,-2.5881,2.2477,-5.6456,2.9764,4.6371,-4.0561,-2.6358
324.50,4.7272,-3.9023,-2.6159,2.2496,-5.6460,2.9476,4.6388,-4.0552,-2.6646
325.00,4.7273,-3.9004,-2.6442,2.2505,-5.6462,2.9181,4.6397,-4.0548,-2.6941
325.50,4.7273,-3.8981,-2.6730,2.2532,-5.6468,2.8874,4.6421,-4.0536,-2.7248
326.00,4.7273,-3.8956,-2.7025,2.2562,-5.6476,2.8568,4.6450,-4.0524,-2.7555
326.50,4.7274,-3.8929,-2.7326,2.2581,-5.6482,2.8256,4.6469,-4.0517,-2.7866
327.00,4.7274,-3.8898,-2.7633,2.2610,-5.6492,2.7943,4.6498,-4.0507,-2.8180
327.50,4.7274,-3.8865,-2.7946,2.2633,-5.6501,2.7620,4.6521,-4.0499,-2.8502
328.00,4.7275,-3.8830,-2.8267,2.2662,-5.6513,2.7289,4.6552,-4.0491,-2.8834
328.50,4.7275,-3.8791,-2.8594,2.2710,-5.6535,2.6948,4.6602,-4.0478,-2.9174
329.00,4.7275,-3.8750,-2.8929,2.2753,-5.6556,2.6600,4.6649,-4.0468,-2.9522
329.50,4.7275,-3.8706,-2.9272,2.2795,-5.6580,2.6244,4.6697,-4.0460,-2.9878
330.00,4.7276,-3.8659,-2.9623,2.2838,-5.6605,2.5877,4.6747,-4.0453,-3.0246
330.50,4.7276,-3.8602,-3.0049,2.2876,-5.6630,2.5453,4.6792,-4.0449,-3.0670
331.00,4.7276,-3.8531,-3.0546,2.2925,-5.6665,2.4948,4.6852,-4.0446,-3.1174
331.50,4.7276,-3.8455,-3.1061,2.2977,-5.6706,2.4423,4.6564,-4.0038,3.1384
332.00,4.7276,-3.8376,3.1237,2.3012,-5.6737,2.3881,4.6464,-3.9875,3.0940
332.50,4.7276,-3.8308,3.0780,2.2962,-5.6687,2.3392,4.6393,-3.9870,3.0450
333.00,4.7276,-3.8252,3.0288,2.2926,-5.6648,2.2910,4.6341,-3.9864,2.9969
333.50,4.7276,-3.8184,2.9799,2.2877,-5.6589,2.2413,4.6265,-3.9851,2.9472
334.00,4.7275,-3.8120,2.9327,2.2837,-5.6536,2.1928,4.6200,-3.9836,2.8987
334.50,4.7275,-3.8061,2.8870,2.2802,-5.6485,2.1460,4.6140,-3.9820,2.8519
335.00,4.7275,-3.8007,2.8427,2.2770,-5.6433,2.1004,4.6082,-3.9801,2.8062
335.50,4.7274,-3.7959,2.7997,2.2746,-5.6391,2.0555,4.6037,-3.9785,2.7614
336.00,4.7274,-3.7914,2.7579,2.2729,-5.6357,2.0122,4.6002,-3.9770,2.7181
336.50,4.7274,-3.7875,2.7172,2.2716,-5.6328,1.9710,4.5973,-3.9756,2.6769
337.00,4.7273,-3.7841,2.6777,2.2704,-5.6297,1.9302,4.5944,-3.9741,2.6360
337.50,4.7273,-3.7811,2.6392,2.2697,-5.6278,1.8904,4.6339,-3.9206,2.6102
338.00,4.7272,-3.7786,2.6017,2.2689,-5.6254,1.8516,4.6318,-3.9193,2.5714
338.50,4.7272,-3.7766,2.5652,2.2682,-5.6225,1.8140,4.6293,-3.9177,2.5338
339.00,4.7271,-3.7750,2.5296,2.2679,-5.6211,1.7769,4.6281,-3.9168,2.4967
339.50,4.7271,-3.7739,2.4950,2.2675,-5.6194,1.7409,4.6267,-3.9158,2.4607
340.00,4.7270,-3.7732,2.4612,2.2674,-5.6184,1.7059,4.6259,-3.9151,2.4257
340.50,4.7269,-3.7730,2.4284,2.2673,-5.6179,1.6713,4.6256,-3.9148,2.3912
341.00,4.7267,-3.7731,2.3957,2.2673,-5.6178,1.6374,4.6255,-3.9147,2.3572
341.50,4.7264,-3.7731,2.3620,2.2673,-5.6171,1.6028,4.6250,-3.9142,2.3226
342.00,4.7263,-3.7730,2.3280,2.2673,-5.6172,1.5680,4.6251,-3.9143,2.2878
342.50,4.7262,-3.7728,2.2950,2.2673,-5.6170,1.5336,4.6250,-3.9141,2.2534
343.00,4.7263,-3.7728,2.2624,2.2673,-5.6171,1.5000,4.6250,-3.9142,2.2198
343.50,4.7269,-3.7729,2.2290,2.2672,-5.6175,1.4657,4.6252,-3.9145,2.1855
344.00,4.7278,-3.7729,2.1946,2.2671,-5.6187,1.4302,4.6259,-3.9155,2.1500
344.50,4.7292,-3.7730,2.1594,2.2668,-5.6201,1.3937,4.6267,-3.9167,2.1135
345.00,4.7311,-3.7730,2.1232,2.2665,-5.6219,1.3565,4.6276,-3.9183,2.0763
345.50,4.7334,-3.7731,2.0861,2.2659,-5.6245,1.3183,4.6289,-3.9207,2.0382
346.00,4.7362,-3.7731,2.0479,2.2654,-5.6262,1.2794,4.6296,-3.9222,1.9992
346.50,4.7395,-3.7732,2.0087,2.2643,-5.6296,1.2388,4.6310,-3.9255,1.9586
347.00,4.7433,-3.7732,1.9685,2.2628,-5.6339,1.1972,4.6327,-3.9298,1.9170
347.50,4.7475,-3.7733,1.9271,2.2611,-5.6380,1.1547,4.6341,-3.9340,1.8745
348.00,4.7500,-3.7397,1.7958,2.2745,-5.6121,1.0324,4.6271,-3.9056,1.7522
348.50,4.7504,-3.6429,1.6804,2.3316,-5.5301,0.9132,4.6471,-3.7918,1.6480
349.00,4.7384,-3.5136,1.6989,2.4159,-5.4231,0.9224,4.6590,-3.6573,1.6632
349.50,4.7161,-3.3858,1.7801,2.4948,-5.3069,1.0093,4.6389,-3.5212,1.7535
350.00,4.6933,-3.2659,1.6903,2.5617,-5.2058,0.9301,4.6192,-3.4043,1.6684
350.50,4.6792,-3.1377,1.4693,2.6475,-5.1135,0.7088,4.6205,-3.2855,1.4460
351.00,4.6889,-3.0109,1.4125,2.7528,-5.0311,0.6429,4.6258,-3.1438,1.3766
351.50,4.7034,-2.8929,1.5416,2.8505,-4.9518,0.7567,4.6432,-3.0296,1.4974
352.00,4.7067,-2.7632,1.6505,2.9380,-4.8563,0.8745,4.6436,-2.9074,1.6187
352.50,4.7003,-2.6334,1.5873,3.0261,-4.7556,0.8113,4.6505,-2.7664,1.5591
353.00,4.6996,-2.5034,1.5793,3.1168,-4.6622,0.7999,4.6537,-2.6463,1.5476
353.50,4.6925,-2.3734,1.6085,3.2110,-4.5628,0.8279,4.6452,-2.5093,1.5756
354.00,4.6907,-2.2435,1.5720,3.3042,-4.4640,0.7916,4.6466,-2.3763,1.5428
354.50,4.6881,-2.1135,1.5951,3.4003,-4.3655,0.8139,4.6498,-2.2459,1.5651
355.00,4.6828,-1.9836,1.5922,3.4929,-4.2655,0.8134,4.6488,-2.1196,1.5621
355.50,4.6792,-1.8536,1.6035,3.5846,-4.1684,0.8237,4.6500,-1.9860,1.5714
356.00,4.6730,-1.7237,1.6013,3.6750,-4.0690,0.8226,4.6487,-1.8617,1.5703
356.50,4.6673,-1.5938,1.6191,3.7657,-3.9708,0.8390,4.6484,-1.7280,1.5867
357.00,4.6559,-1.4641,1.6396,3.8514,-3.8713,0.8651,4.6436,-1.5968,1.6128
357.50,4.6522,-1.3342,1.6049,3.9402,-3.7719,0.8263,4.6366,-1.4674,1.5740
358.00,4.6433,-1.2045,1.6924,4.0268,-3.6727,0.9097,4.6326,-1.3358,1.6574
358.50,4.6252,-1.0761,1.7487,4.1056,-3.5639,0.9654,4.6166,-1.2025,1.7166
359.00,4.6007,-0.9484,1.7494,4.1804,-3.4543,0.9682,4.5968,-1.0812,1.7220
359.50,4.5837,-0.8195,1.6554,4.2568,-3.3535,0.8730,4.5836,-0.9554,1.6277
360.00,4.5703,-0.6967,1.6853,4.3373,-3.2566,0.8985,4.5757,-0.8297,1.6498
360.50,4.5555,-0.6278,1.7332,4.3828,-3.1971,0.9462,4.5616,-0.7551,1.6999
361.00,4.5477,-0.6162,1.7800,4.3923,-3.1836,0.9921,4.5565,-0.7388,1.7468
361.50,4.5418,-0.6162,1.8257,4.3958,-3.1780,1.0365,4.5553,-0.7323,1.7912
362.00,4.5364,-0.6161,1.8700,4.3983,-3.1736,1.0794,4.5541,-0.7274,1.8342
362.50,4.5315,-0.6161,1.9130,4.4009,-3.1684,1.1216,4.5525,-0.7218,1.8763
363.00,4.5271,-0.6161,1.9548,4.4028,-3.1644,1.1629,4.5511,-0.7176,1.9176
363.50,4.5232,-0.6160,1.9955,4.4041,-3.1612,1.2024,4.5499,-0.7144,1.9571
364.00,4.5198,-0.6160,2.0350,4.4055,-3.1574,1.2404,4.5483,-0.7106,1.9951
364.50,4.5168,-0.6159,2.0735,4.4067,-3.1537,1.2780,4.5466,-0.7071,2.0327
365.00,4.5143,-0.6159,2.1110,4.4074,-3.1512,1.3148,4.5454,-0.7048,2.0695
365.50,4.5123,-0.6158,2.1475,4.4080,-3.1489,1.3500,4.5442,-0.7027,2.1047
366.00,4.5107,-0.6158,2.1830,4.4083,-3.1476,1.3845,4.5436,-0.7016,2.1392
366.50,4.5096,-0.6157,2.2176,4.4085,-3.1465,1.4181,4.5429,-0.7006,2.1729
367.00,4.5090,-0.6157,2.2514,4.4086,-3.1457,1.4505,4.5425,-0.7000,2.2052
367.50,4.5087,-0.6156,2.2843,4.4086,-3.1456,1.4826,4.5424,-0.7000,2.2373
368.00,4.5088,-0.6157,2.3169,4.4086,-3.1456,1.5144,4.5424,-0.6999,2.2691
368.50,4.5088,-0.6160,2.3506,4.4086,-3.1455,1.5468,4.5424,-0.6999,2.3016
369.00,4.5091,-0.6159,2.3847,4.4086,-3.1455,1.5804,4.5423,-0.6998,2.3351
369.50,4.5094,-0.6158,2.4176,4.4086,-3.1461,1.6126,4.5427,-0.7003,2.3673
370.00,4.5095,-0.6159,2.4502,4.4086,-3.1461,1.6441,4.5427,-0.7002,2.3989
370.50,4.5095,-0.6165,2.4837,4.4086,-3.1466,1.6768,4.5431,-0.7006,2.4315
371.00,4.5096,-0.6174,2.5180,4.4088,-3.1478,1.7097,4.5441,-0.7014,2.4644
371.50,4.5096,-0.6189,2.5533,4.4090,-3.1490,1.7432,4.5451,-0.7021,2.4979
372.00,4.5097,-0.6207,2.5895,4.4093,-3.1507,1.7783,4.5465,-0.7032,2.5331
372.50,4.5097,-0.6231,2.6266,4.4099,-3.1531,1.8140,4.5485,-0.7045,2.5687
373.00,4.5098,-0.6259,2.6648,4.4106,-3.1559,1.8514,4.5510,-0.7061,2.6061
373.50,4.5098,-0.6292,2.7039,4.4117,-3.1594,1.8897,4.5541,-0.7078,2.6444
374.00,4.5099,-0.6329,2.7442,4.4130,-3.1632,1.9290,4.5577,-0.7097,2.6838
374.50,4.5099,-0.6372,2.7856,4.4143,-3.1665,1.9694,4.5609,-0.7112,2.7241
375.00,4.5100,-0.6419,2.8283,4.4157,-3.1696,2.0109,4.5640,-0.7125,2.7656
375.50,4.5100,-0.6471,2.8721,4.4184,-3.1749,2.0539,4.5696,-0.7146,2.8086
376.00,4.5100,-0.6528,2.9174,4.4214,-3.1804,2.0981,4.5756,-0.7165,2.8528
376.50,4.5100,-0.6590,2.9641,4.4244,-3.1854,2.1435,4.5812,-0.7180,2.8982
377.00,4.5101,-0.6657,3.0123,4.4281,-3.1908,2.1909,4.5876,-0.7195,2.9456
377.50,4.5101,-0.6728,3.0623,4.4324,-3.1965,2.2402,4.5946,-0.7207,2.9949
378.00,4.5101,-0.6805,3.1141,4.4382,-3.2035,2.2909,4.5145,-0.8047,3.0805
378.50,4.5101,-0.6885,-3.1156,4.4386,-3.2040,2.3431,4.5151,-0.8047,3.1328
379.00,4.5101,-0.6961,-3.0637,4.4330,-3.1986,2.3938,4.5073,-0.8049,-3.0997
379.50,4.5101,-0.7033,-3.0137,4.4283,-3.1945,2.4421,4.5011,-0.8053,-3.0515
380.00,4.5100,-0.7100,-2.9654,4.4235,-3.1906,2.4896,4.4950,-0.8060,-3.0040
380.50,4.5100,-0.7156,-2.9187,4.4191,-3.1874,2.5355,4.4896,-0.8069,-2.9581
381.00,4.5099,-0.7255,-2.7666,4.4107,-3.1824,2.6818,4.4801,-0.8093,-2.8117
381.50,4.5097,-0.7397,-2.5728,4.3957,-3.1767,2.8762,4.4656,-0.8160,-2.6174
382.00,4.5095,-0.7436,-2.4027,4.3907,-3.1757,3.0460,4.5105,-0.8677,-2.4406
382.50,4.5091,-0.7436,-2.2913,4.3919,-3.1757,-3.1260,4.5113,-0.8668,-2.3294
383.00,4.4867,-0.7768,-2.1549,4.3562,-3.1786,-2.9920,4.4885,-0.8944,-2.1954
383.50,4.4375,-0.8663,-2.0856,4.2574,-3.1985,-2.9183,4.4333,-0.9887,-2.1182
384.00,4.3702,-0.9783,-2.1319,4.1281,-3.2255,-2.9646,4.3625,-1.0901,-2.1611
384.50,4.2960,-1.0866,-2.1852,3.9938,-3.2461,-3.0165,4.2886,-1.2075,-2.2111
385.00,4.2201,-1.1923,-2.1769,3.8645,-3.2612,-3.0154,4.2102,-1.3098,-2.2136
385.50,4.1493,-1.3008,-2.1461,3.7449,-3.2793,-2.9792,4.1398,-1.4082,-2.1739
386.00,4.0787,-1.4099,-2.1463,3.6186,-3.3000,-2.9797,4.0675,-1.5138,-2.1779
386.50,4.0067,-1.5185,-2.1590,3.4872,-3.3205,-2.9926,3.9807,-1.6253,-2.1873
387.00,3.9344,-1.6265,-2.1425,3.3584,-3.3391,-2.9827,3.9049,-1.7282,-2.1774
387.50,3.8683,-1.7378,-2.1010,3.2346,-3.3630,-2.9351,3.8436,-1.8340,-2.1298
388.00,3.7993,-1.8489,-2.1349,3.1025,-3.3884,-2.9710,3.7732,-1.9469,-2.1657
388.50,3.7260,-1.9574,-2.1745,2.9742,-3.4079,-3.0115,3.6981,-2.0527,-2.2037
389.00,3.6495,-2.0632,-2.1984,2.8400,-3.4228,-3.0392,3.6161,-2.1600,-2.2304
389.50,3.5721,-2.1680,-2.2130,2.7040,-3.4358,-3.0553,3.5316,-2.2674,-2.2430
390.00,3.4938,-2.2717,-2.2123,2.5701,-3.4467,-3.0560,3.4485,-2.3665,-2.2420
390.50,3.4162,-2.3760,-2.2145,2.4387,-3.4582,-3.0588,3.3724,-2.4667,-2.2447
391.00,3.3380,-2.4798,-2.2056,2.3051,-3.4686,-3.0540,3.2880,-2.5638,-2.2365
391.50,3.2624,-2.5853,-2.1955,2.1725,-3.4818,-3.0428,3.2081,-2.6755,-2.2253
392.00,3.1851,-2.6901,-2.2059,2.0400,-3.4937,-3.0544,3.1318,-2.7738,-2.2351
392.50,3.1076,-2.7946,-2.2149,1.9111,-3.5046,-3.0627,3.0517,-2.8797,-2.2434
393.00,3.0268,-2.8970,-2.2602,1.7801,-3.5123,-3.1090,2.9646,-2.9804,-2.2874
393.50,2.9421,-2.9958,-2.2921,1.6434,-3.5142,3.1404,2.8770,-3.0775,-2.3195
394.00,2.8561,-3.0933,-2.2840,1.5145,-3.5137,-3.1382,2.7890,-3.1717,-2.3149
394.50,2.7732,-3.1932,-2.2501,1.3828,-3.5166,-3.1051,2.7016,-3.2702,-2.2817
395.00,2.6923,-3.2948,-2.2454,1.2478,-3.5224,-3.0979,2.6169,-3.3720,-2.2710
395.50,2.6089,-3.3948,-2.2792,1.1117,-3.5256,-3.1335,2.5270,-3.4702,-2.3066
396.00,2.5233,-3.4927,-2.3072,0.9811,-3.5253,3.1228,2.4434,-3.5656,-2.3318
396.50,2.4333,-3.5869,-2.3685,0.8512,-3.5191,3.0603,2.3547,-3.6526,-2.3931
397.00,2.3359,-3.6736,-2.4648,0.7264,-3.5032,2.9625,2.2537,-3.7417,-2.4895
397.50,2.2317,-3.7511,-2.5382,0.5981,-3.4753,2.8889,2.1466,-3.8178,-2.5648
398.00,2.1229,-3.8206,-2.5855,0.4752,-3.4402,2.8413,2.0372,-3.8801,-2.6089
398.50,2.0091,-3.8833,-2.7005,0.3518,-3.3949,2.7259,1.9113,-3.9461,-2.7261
399.00,1.8904,-3.9377,-2.7264,0.2290,-3.3369,2.6952,1.7914,-3.9978,-2.7568
399.50,1.7715,-3.9911,-2.7155,0.1067,-3.2786,2.7054,1.6716,-4.0487,-2.7431
400.00,1.6544,-4.0513,-2.6647,-0.0124,-3.2262,2.7548,1.5580,-4.0970,-2.6937
400.50,1.5391,-4.1117,-2.6614,-0.1380,-3.1756,2.7575,1.4384,-4.1604,-2.6910
401.00,1.4243,-4.1740,-2.6427,-0.2559,-3.1289,2.7749,1.3264,-4.2247,-2.6713
401.50,1.3096,-4.2344,-2.6868,-0.3769,-3.0814,2.7371,1.2001,-4.2828,-2.7091
402.00,1.1907,-4.2864,-2.7442,-0.5049,-3.0200,2.6716,1.0744,-4.3262,-2.7728
402.50,1.0719,-4.3405,-2.6818,-0.6254,-2.9616,2.7292,0.9563,-4.3761,-2.7134
403.00,0.9574,-4.4037,-2.6245,-0.7523,-2.9112,2.7873,0.8396,-4.4371,-2.6537
403.50,0.8441,-4.4669,-2.6592,-0.8716,-2.8666,2.7584,0.7323,-4.4966,-2.6825
404.00,0.7273,-4.5224,-2.7020,-0.9943,-2.8129,2.7124,0.6054,-4.5580,-2.7302
404.50,0.6086,-4.5741,-2.7529,-1.1125,-2.7562,2.6615,0.4943,-4.5982,-2.7777
405.00,0.4882,-4.6236,-2.7396,-1.2340,-2.6923,2.6709,0.3712,-4.6412,-2.7665
405.50,0.3906,-4.6680,-2.7352,-1.3359,-2.6422,2.6805,0.2605,-4.6846,-2.7605
406.00,0.3494,-4.6873,-2.7754,-1.3750,-2.6220,2.6419,0.2317,-4.7050,-2.7990
406.50,0.3481,-4.6877,-2.8174,-1.3764,-2.6213,2.5991,0.2302,-4.7056,-2.8418
407.00,0.3481,-4.6826,-2.8610,-1.3723,-2.6239,2.5546,0.2349,-4.7043,-2.8864
407.50,0.3482,-4.6770,-2.9059,-1.3674,-2.6273,2.5092,0.2407,-4.7029,-2.9317
408.00,0.3482,-4.6709,-2.9522,-1.3620,-2.6315,2.4619,0.2474,-4.7016,-2.9790
408.50,0.3482,-4.6644,-3.0000,-1.3569,-2.6358,2.4133,0.2541,-4.7007,-3.0276
409.00,0.3482,-4.6573,-3.0495,-1.3513,-2.6411,2.3628,0.2617,-4.7000,-3.0781
409.50,0.3482,-4.6498,-3.1009,-1.3452,-2.6474,2.3109,0.2704,-4.6997,-3.1300
410.00,0.3482,-4.6419,3.1290,-1.3415,-2.6517,2.2564,0.2762,-4.6997,3.0986
410.50,0.3482,-4.6341,3.0766,-1.3457,-2.6462,2.2033,0.2692,-4.6992,3.0456
411.00,0.3482,-4.6268,3.0261,-1.3504,-2.6395,2.1511,0.2612,-4.6983,2.9934
411.50,0.3482,-4.6200,2.9774,-1.3534,-2.6347,2.1009,0.2556,-4.6973,2.9431
412.00,0.3482,-4.6137,2.9303,-1.3564,-2.6292,2.0526,0.2494,-4.6959,2.8948
412.50,0.3481,-4.6078,2.8846,-1.3595,-2.6231,2.0062,0.2429,-4.6941,2.8484
413.00,0.3481,-4.6025,2.8404,-1.3621,-2.6170,1.9610,0.2366,-4.6921,2.8032
413.50,0.3481,-4.5976,2.7974,-1.3639,-2.6125,1.9171,0.2320,-4.6904,2.7594
414.00,0.3480,-4.5932,2.7557,-1.3657,-2.6070,1.8745,0.2267,-4.6881,2.7167
414.50,0.3480,-4.5893,2.7151,-1.3667,-2.6037,1.8331,0.2236,-4.6867,2.6754
415.00,0.3462,-4.5857,2.6711,-1.3678,-2.5992,1.7912,0.2143,-4.6108,2.6456
415.50,0.3043,-4.5659,2.6031,-1.3751,-2.5579,1.7216,0.1784,-4.5892,2.5761
416.00,0.2201,-4.5130,2.4648,-1.3843,-2.4607,1.5877,0.1036,-4.5278,2.4456
416.50,0.1272,-4.4243,2.2977,-1.3744,-2.3286,1.4136,0.0101,-4.4395,2.2715
417.00,0.0445,-4.3242,2.2464,-1.3484,-2.1971,1.3562,-0.0722,-4.3337,2.2177
417.50,-0.0394,-4.2249,2.3180,-1.3233,-2.0674,1.4210,-0.1498,-4.2343,2.2842
418.00,-0.1311,-4.1332,2.3740,-1.3081,-1.9314,1.4824,-0.2411,-4.1343,2.3470
418.50,-0.2246,-4.0429,2.3714,-1.2961,-1.7981,1.4785,-0.3247,-4.0487,2.3426
419.00,-0.3157,-3.9497,2.3099,-1.2811,-1.6679,1.4168,-0.4138,-3.9524,2.2833
419.50,-0.4016,-3.8521,2.2869,-1.2584,-1.5389,1.3874,-0.4974,-3.8516,2.2550
420.00,-0.4887,-3.7560,2.3456,-1.2369,-1.4110,1.4403,-0.5808,-3.7524,2.3131
420.50,-0.5841,-3.6684,2.4446,-1.2270,-1.2783,1.5430,-0.6761,-3.6595,2.4158
421.00,-0.6844,-3.5858,2.4395,-1.2243,-1.1487,1.5414,-0.7776,-3.5743,2.4155
421.50,-0.7802,-3.4974,2.3437,-1.2144,-1.0164,1.4425,-0.8671,-3.4859,2.3188
422.00,-0.8691,-3.4022,2.3148,-1.1949,-0.8886,1.4083,-0.9571,-3.3889,2.2853
422.50,-0.9574,-3.3069,2.3244,-1.1737,-0.7579,1.4150,-1.0438,-3.2888,2.2965
423.00,-1.0476,-3.2135,2.3548,-1.1543,-0.6241,1.4432,-1.1346,-3.1958,2.3242
423.50,-1.1400,-3.1222,2.3731,-1.1381,-0.4902,1.4607,-1.2199,-3.0986,2.3431
424.00,-1.2342,-3.0328,2.3925,-1.1250,-0.3581,1.4802,-1.3163,-3.0047,2.3639
424.50,-1.3293,-2.9441,2.3855,-1.1129,-0.2270,1.4730,-1.4068,-2.9120,2.3572
425.00,-1.4240,-2.8552,2.3977,-1.1007,-0.1007,1.4823,-1.4968,-2.8225,2.3664
425.50,-1.5199,-2.7675,2.3969,-1.0893,0.0318,1.4824,-1.5900,-2.7293,2.3700
426.00,-1.6151,-2.6786,2.3658,-1.0765,0.1634,1.4528,-1.6858,-2.6383,2.3401
426.50,-1.7043,-2.5836,2.2976,-1.0543,0.3007,1.3790,-1.7782,-2.5367,2.2684
427.00,-1.7904,-2.4863,2.3045,-1.0284,0.4318,1.3820,-1.8532,-2.4398,2.2739
427.50,-1.8793,-2.3918,2.3403,-1.0054,0.5652,1.4169,-1.9426,-2.3481,2.3097
428.00,-1.9704,-2.2991,2.3575,-0.9865,0.6924,1.4323,-2.0295,-2.2477,2.3282
428.50,-2.0634,-2.2083,2.3768,-0.9691,0.8284,1.4518,-2.1248,-2.1492,2.3464
429.00,-2.1541,-2.1213,2.3771,-0.9537,0.9578,1.4502,-2.2159,-2.0692,2.3490
429.50,-2.2092,-2.0697,2.4101,-0.9446,1.0423,1.4818,-2.2765,-2.0108,2.3799
430.00,-2.2254,-2.0554,2.4343,-0.9428,1.0644,1.5077,-2.2824,-2.0012,2.4075
430.50,-2.2698,-2.0158,2.3922,-0.9375,1.1253,1.4642,-2.3268,-1.9591,2.3641
431.00,-2.3550,-1.9345,2.3718,-0.9225,1.2473,1.4404,-2.4129,-1.8713,2.3437
431.50,-2.4483,-1.8441,2.3760,-0.9049,1.3808,1.4405,-2.4968,-1.7749,2.3438
432.00,-2.5427,-1.7548,2.3864,-0.8888,1.5136,1.4534,-2.5910,-1.6899,2.3602
432.50,-2.6371,-1.6653,2.3781,-0.8728,1.6444,1.4443,-2.6770,-1.5967,2.3511
433.00,-2.7312,-1.5758,2.3890,-0.8561,1.7778,1.4539,-2.7790,-1.5013,2.3607
433.50,-2.8259,-1.4866,2.3847,-0.8403,1.9077,1.4471,-2.8615,-1.4088,2.3539
434.00,-2.9201,-1.3969,2.3615,-0.8236,2.0369,1.4272,-2.9529,-1.3160,2.3375
434.50,-3.0119,-1.3049,2.3724,-0.8037,2.1667,1.4305,-3.0431,-1.2206,2.3399
435.00,-3.1074,-1.2172,2.4162,-0.7894,2.2965,1.4785,-3.1367,-1.1295,2.3888
435.50,-3.2035,-1.1292,2.3677,-0.7748,2.4271,1.4329,-3.2311,-1.0408,2.3442
436.00,-3.2948,-1.0365,2.3359,-0.7544,2.5539,1.3971,-3.3187,-0.9541,2.3074
436.50,-3.3847,-0.9426,2.3383,-0.7316,2.6816,1.3962,-3.4057,-0.8507,2.3074
437.00,-3.4764,-0.8506,2.3745,-0.7103,2.8127,1.4309,-3.4960,-0.7605,2.3447
437.50,-3.5711,-0.7619,2.4056,-0.6940,2.9422,1.4606,-3.5883,-0.6683,2.3769
438.00,-3.6691,-0.6767,2.4474,-0.6819,3.0741,1.5002,-3.6854,-0.5781,2.4209
438.50,-3.7702,-0.5954,2.4727,-0.6745,3.2065,1.5254,-3.7764,-0.4921,2.4427
439.00,-3.8521,-0.5310,2.4661,-0.6701,3.3067,1.5186,-3.8630,-0.4274,2.4394
439.50,-3.9270,-0.4682,2.4243,-0.6629,3.4070,1.4759,-3.9385,-0.3610,2.3967
440.00,-3.9978,-0.4041,2.3843,-0.6516,3.5035,1.4342,-4.0081,-0.2933,2.3584
440.50,-4.0635,-0.3408,2.3611,-0.6383,3.5925,1.4085,-4.0716,-0.2294,2.3293
441.00,-4.1279,-0.2765,2.3454,-0.6230,3.6844,1.3950,-4.1352,-0.1513,2.3183
441.50,-4.1932,-0.2041,2.2476,-0.6019,3.7810,1.2999,-4.1994,-0.0863,2.2242
442.00,-4.2448,-0.1386,2.0817,-0.5708,3.8679,1.1328,-4.2497,0.0012,2.0605
442.50,-4.2772,-0.0908,1.8946,-0.5396,3.9223,0.9458,-4.2749,0.0486,1.8701
443.00,-4.3002,-0.0121,1.6082,-0.4832,3.9824,0.6707,-4.2994,0.1198,1.5934
443.50,-4.3108,0.1116,1.3504,-0.3785,4.0421,0.4026,-4.2835,0.2393,1.3269
444.00,-4.2878,0.2272,1.2861,-0.2633,4.0846,0.3296,-4.2855,0.3569,1.2514
444.50,-4.2640,0.3145,1.3418,-0.1764,4.1165,0.3831,-4.2606,0.4453,1.3109
445.00,-4.2528,0.3478,1.3873,-0.1414,4.1311,0.4273,-4.2514,0.4821,1.3551
445.50,-4.2527,0.3479,1.4353,-0.1408,4.1314,0.4743,-4.2512,0.4827,1.4020
446.00,-4.2595,0.3479,1.4850,-0.1476,4.1277,0.5227,-4.2523,0.4751,1.4504
446.50,-4.2671,0.3479,1.5366,-0.1534,4.1242,0.5725,-4.2530,0.4682,1.5003
447.00,-4.2751,0.3479,1.5900,-0.1567,4.1220,0.6247,-4.2532,0.4643,1.5525
447.50,-4.2828,0.3479,1.6422,-0.1505,4.1267,0.6759,-4.2532,0.4721,1.6036
448.00,-4.2900,0.3479,1.6924,-0.1456,4.1308,0.7245,-4.2536,0.4785,1.6523
448.50,-4.2967,0.3479,1.7409,-0.1404,4.1356,0.7723,-4.2543,0.4855,1.7000
449.00,-4.3030,0.3479,1.7879,-0.1365,4.1395,0.8181,-4.2551,0.4910,1.7459
449.50,-4.3088,0.3480,1.8333,-0.1327,4.1437,0.8626,-4.2562,0.4966,1.7903
450.00,-4.3141,0.3480,1.8774,-0.1287,4.1486,0.9052,-4.3058,0.4931,1.8435
450.50,-4.3189,0.3480,1.9202,-0.1251,4.1534,0.9472,-4.3075,0.4989,1.8854
451.00,-4.3232,0.3481,1.9618,-0.1225,4.1572,0.9873,-4.3090,0.5032,1.9255
451.50,-4.3271,0.3481,2.0023,-0.1199,4.1613,1.0270,-4.3108,0.5077,1.9653
452.00,-4.3304,0.3481,2.0416,-0.1178,4.1649,1.0650,-4.3125,0.5116,2.0033
452.50,-4.3333,0.3482,2.0799,-0.1164,4.1675,1.1025,-4.3137,0.5142,2.0407
453.00,-4.3357,0.3482,2.1172,-0.1153,4.1698,1.1380,-4.3150,0.5165,2.0763
453.50,-4.3376,0.3483,2.1536,-0.1142,4.1723,1.1736,-4.3163,0.5188,2.1118
454.00,-4.3391,0.3483,2.1890,-0.1138,4.1734,1.2079,-4.3169,0.5198,2.1461
454.50,-4.3402,0.3484,2.2235,-0.1134,4.1744,1.2413,-4.3175,0.5207,2.1795
455.00,-4.3408,0.3485,2.2570,-0.1131,4.1753,1.2740,-4.3180,0.5214,2.2122
455.50,-4.3409,0.3485,2.2898,-0.1130,4.1755,1.3057,-4.3182,0.5216,2.2439
456.00,-4.3409,0.3483,2.3226,-0.1131,4.1753,1.3372,-4.3181,0.5215,2.2754
456.50,-4.3408,0.3482,2.3565,-0.1132,4.1750,1.3701,-4.3178,0.5212,2.3083
457.00,-4.3405,0.3482,2.3904,-0.1133,4.1743,1.4029,-4.3174,0.5207,2.3411
457.50,-4.3402,0.3483,2.4231,-0.1134,4.1737,1.4350,-4.3170,0.5203,2.3732
458.00,-4.3402,0.3481,2.4559,-0.1134,4.1735,1.4667,-4.3168,0.5201,2.4049
458.50,-4.3401,0.3475,2.4895,-0.1135,4.1725,1.4989,-4.3161,0.5195,2.4371
459.00,-4.3400,0.3465,2.5240,-0.1135,4.1717,1.5323,-4.3154,0.5190,2.4706
459.50,-4.3400,0.3450,2.5594,-0.1136,4.1699,1.5665,-4.3140,0.5179,2.5047
460.00,-4.3399,0.3430,2.5957,-0.1136,4.1678,1.6015,-4.3123,0.5167,2.5397
460.50,-4.3399,0.3406,2.6330,-0.1134,4.1648,1.6371,-4.3098,0.5150,2.5753
461.00,-4.3398,0.3377,2.6714,-0.1131,4.1611,1.6743,-4.3066,0.5131,2.6126
461.50,-4.3398,0.3344,2.7107,-0.1127,4.1579,1.7120,-4.3038,0.5115,2.6503
462.00,-4.3398,0.3305,2.7512,-0.1123,4.1554,1.7511,-4.3015,0.5103,2.6894
462.50,-4.3397,0.3262,2.7928,-0.1115,4.1514,1.7916,-4.2978,0.5086,2.7298
463.00,-4.3397,0.3214,2.8356,-0.1104,4.1469,1.8329,-4.2935,0.5068,2.7712
463.50,-4.3397,0.3161,2.8797,-0.1088,4.1415,1.8758,-4.2883,0.5049,2.8140
464.00,-4.3396,0.3103,2.9252,-0.1072,4.1368,1.9204,-4.2836,0.5034,2.8586
464.50,-4.3396,0.3040,2.9722,-0.1050,4.1310,1.9655,-4.2776,0.5018,2.9038
465.00,-4.3396,0.2972,3.0207,-0.1016,4.1235,2.0124,-4.2695,0.5001,2.9506
465.50,-4.3396,0.2900,3.0710,-0.0988,4.1178,2.0608,-4.2632,0.4990,2.9991
466.00,-4.3396,0.2823,3.1232,-0.0951,4.1114,2.1113,-4.3349,0.4267,3.0914
466.50,-4.3396,0.2743,-3.1066,-0.0956,4.1120,2.1637,-4.3358,0.4266,-3.1394
467.00,-4.3396,0.2668,-3.0551,-0.1005,4.1189,2.2145,-4.3442,0.4264,-3.0886
467.50,-4.3396,0.2597,-3.0053,-0.1053,4.1250,2.2631,-4.3519,0.4258,-3.0400
468.00,-4.3396,0.2531,-2.9573,-0.1097,4.1300,2.3101,-4.3586,0.4250,-2.9929
468.50,-4.3396,0.2469,-2.9108,-0.1135,4.1340,2.3558,-4.3639,0.4241,-2.9472
469.00,-4.3397,0.2413,-2.8658,-0.1175,4.1379,2.4000,-4.3695,0.4229,-2.9031
469.50,-4.3397,0.2362,-2.8221,-0.1221,4.1419,2.4417,-4.3753,0.4213,-2.8614
470.00,-4.3397,0.2315,-2.7797,-0.1256,4.1447,2.4828,-4.3796,0.4200,-2.8203
470.50,-4.3398,0.2273,-2.7384,-0.1288,4.1471,2.5230,-4.3834,0.4186,-2.7801
471.00,-4.3398,0.2236,-2.6983,-0.1319,4.1492,2.5617,-4.3376,0.3592,-2.7309
471.50,-4.3399,0.2204,-2.6592,-0.1344,4.1508,2.5996,-4.3403,0.3580,-2.6930
472.00,-4.3399,0.2178,-2.6233,-0.1367,4.1521,2.6365,-4.3427,0.3567,-2.6561
472.50,-4.3597,0.2066,-2.5724,-0.1544,4.1615,2.6774,-4.3603,0.3471,-2.6152
473.00,-4.4291,0.1601,-2.4814,-0.2306,4.1945,2.7712,-4.4300,0.3021,-2.5164
473.50,-4.5289,0.0791,-2.4404,-0.3513,4.2383,2.8104,-4.5324,0.2247,-2.4753
474.00,-4.6265,-0.0068,-2.4041,-0.4811,4.2799,2.8462,-4.6381,0.1286,-2.4324
474.50,-4.7212,-0.0955,-2.3740,-0.6109,4.3176,2.8758,-4.7297,0.0466,-2.4038
475.00,-4.8127,-0.1877,-2.3317,-0.7367,4.3490,2.9177,-4.8239,-0.0397,-2.3609
475.50,-4.9025,-0.2816,-2.3500,-0.8680,4.3791,2.8994,-4.9200,-0.1341,-2.3767
476.00,-4.9936,-0.3706,-2.3831,-0.9948,4.4129,2.8635,-5.0162,-0.2233,-2.4151
476.50,-5.0866,-0.4586,-2.3736,-1.1256,4.4507,2.8675,-5.1019,-0.3037,-2.4090
477.00,-5.1730,-0.5495,-2.2562,-1.2564,4.4814,2.9783,-5.1973,-0.3963,-2.2951
477.50,-5.2224,-0.6151,-2.0438,-1.3373,4.4875,-3.1000,-5.2456,-0.4615,-2.0903
478.00,-5.2641,-0.7053,-1.7682,-1.4303,4.4712,-2.8298,-5.2820,-0.5385,-1.8131
478.50,-5.2955,-0.8331,-1.5220,-1.5471,4.4158,-2.5795,-5.3059,-0.6771,-1.5663
479.00,-5.2933,-0.9624,-1.4452,-1.6555,4.3395,-2.4987,-5.3260,-0.7993,-1.4804
479.50,-5.2749,-1.0911,-1.4218,-1.7562,4.2616,-2.4720,-5.3147,-0.9359,-1.4587
480.00,-5.2612,-1.2204,-1.5462,-1.8642,4.1838,-2.5939,-5.3062,-1.0659,-1.5746
480.50,-5.2586,-1.3503,-1.6059,-1.9757,4.1230,-2.6629,-5.3126,-1.1955,-1.6462
481.00,-5.2612,-1.4803,-1.5942,-2.0905,4.0618,-2.6517,-5.3112,-1.3225,-1.6315
481.50,-5.2606,-1.6103,-1.5736,-2.2096,3.9975,-2.6346,-5.3189,-1.4605,-1.6108
482.00,-5.2554,-1.7403,-1.5487,-2.3249,3.9315,-2.6099,-5.3152,-1.5761,-1.5852
482.50,-5.2548,-1.8702,-1.5717,-2.4366,3.8669,-2.6336,-5.3153,-1.7122,-1.6099
483.00,-5.2531,-2.0002,-1.5619,-2.5564,3.8000,-2.6263,-5.3205,-1.8494,-1.5991
483.50,-5.2485,-2.1302,-1.5457,-2.6724,3.7332,-2.6116,-5.3234,-1.9732,-1.5844
484.00,-5.2433,-2.2602,-1.5373,-2.7867,3.6655,-2.6038,-5.3245,-2.1061,-1.5766
484.50,-5.2383,-2.3901,-1.5326,-2.9046,3.5951,-2.6015,-5.3157,-2.2334,-1.5673
485.00,-5.2345,-2.5200,-1.5341,-3.0121,3.5320,-2.6059,-5.3265,-2.3580,-1.5752
485.50,-5.2268,-2.6499,-1.5200,-3.1207,3.4662,-2.5917,-5.3256,-2.4950,-1.5644
486.00,-5.2242,-2.7798,-1.5535,-3.2317,3.4010,-2.6290,-5.3279,-2.6137,-1.5968
486.50,-5.2210,-2.9098,-1.5385,-3.3457,3.3369,-2.6205,-5.3315,-2.7444,-1.5828
487.00,-5.2098,-3.0395,-1.4762,-3.4598,3.2664,-2.5569,-5.3189,-2.8814,-1.5147
487.50,-5.2012,-3.1691,-1.5573,-3.5781,3.1916,-2.6309,-5.3140,-3.0184,-1.5897
488.00,-5.2024,-3.2991,-1.6120,-3.6926,3.1343,-2.6968,-5.3229,-3.1362,-1.6521
488.50,-5.2022,-3.4281,-1.4824,-3.8068,3.0726,-2.5705,-5.3269,-3.2659,-1.5258
489.00,-5.1947,-3.5155,-1.4327,-3.8815,3.0207,-2.5163,-5.3197,-3.3566,-1.4716
489.50,-5.1912,-3.5409,-1.4327,-3.9079,3.0016,-2.5179,-5.3260,-3.3889,-1.4768
490.00,-5.1937,-3.5226,-1.4327,-3.8924,3.0128,-2.5188,-5.3277,-3.3699,-1.4776
490.50,-5.1964,-3.5028,-1.4327,-3.8757,3.0248,-2.5200,-5.3297,-3.3495,-1.4789
491.00,-5.1992,-3.4830,-1.4327,-3.8588,3.0368,-2.5211,-5.3315,-3.3289,-1.4799
491.50,-5.2020,-3.4632,-1.4327,-3.8401,3.0502,-2.5221,-5.3336,-3.3059,-1.4809
492.00,-5.2047,-3.4434,-1.4327,-3.8214,3.0635,-2.5234,-5.3357,-3.2831,-1.4823
492.50,-5.2075,-3.4236,-1.4327,-3.8043,3.0757,-2.5241,-5.3375,-3.2622,-1.4829
493.00,-5.2102,-3.4038,-1.4327,-3.7876,3.0875,-2.5249,-5.3393,-3.2417,-1.4837
493.50,-5.2130,-3.3840,-1.4327,-3.7687,3.1009,-2.5253,-5.3344,-3.2190,-1.4701
494.00,-5.2157,-3.3642,-1.4327,-3.7496,3.1144,-2.5265,-5.3367,-3.1957,-1.4714
494.50,-5.2185,-3.3444,-1.4327,-3.7336,3.1257,-2.5278,-5.3387,-3.1762,-1.4727
495.00,-5.2212,-3.3246,-1.4327,-3.7188,3.1361,-2.5295,-5.3404,-3.1582,-1.4744
495.50,-5.2240,-3.3047,-1.4327,-3.7019,3.1480,-2.5308,-5.3424,-3.1377,-1.4757
496.00,-5.2247,-3.2949,-1.4170,-3.6915,3.1553,-2.5189,-5.3444,-3.1351,-1.4602
496.50,-5.2188,-3.2949,-1.3696,-3.6958,3.1520,-2.4729,-5.3437,-3.1404,-1.4143
497.00,-5.2128,-3.2949,-1.3236,-3.7001,3.1484,-2.4284,-5.3426,-3.1459,-1.3698
497.50,-5.2074,-3.2949,-1.2791,-3.7036,3.1452,-2.3851,-5.3416,-3.1505,-1.3265
498.00,-5.2024,-3.2950,-1.2359,-3.7066,3.1423,-2.3432,-5.3405,-3.1546,-1.2846
498.50,-5.1979,-3.2950,-1.1939,-3.7098,3.1389,-2.3025,-5.3391,-3.1590,-1.2438
499.00,-5.1939,-3.2951,-1.1530,-3.7127,3.1355,-2.2630,-5.3376,-3.1632,-1.2044
499.50,-5.1904,-3.2951,-1.1133,-3.7155,3.1320,-2.2245,-5.3359,-3.1674,-1.1658
500.00,-5.1873,-3.2951,-1.0746,-3.7175,3.1293,-2.1869,-5.3345,-3.1704,-1.1282
500.50,-5.1848,-3.2952,-1.0370,-3.7188,3.1274,-2.1509,-5.3335,-3.1725,-1.0922
501.00,-5.1827,-3.2952,-1.0003,-3.7201,3.1254,-2.1154,-5.3324,-3.1746,-1.0568
501.50,-5.1810,-3.2953,-0.9646,-3.7209,3.1239,-2.0809,-5.3315,-3.1761,-1.0223
502.00,-5.1798,-3.2954,-0.9298,-3.7213,3.1233,-2.0476,-5.3311,-3.1767,-0.9890
502.50,-5.1791,-3.2954,-0.8959,-3.7218,3.1223,-2.0150,-5.3305,-3.1776,-0.9564
503.00,-5.1788,-3.2955,-0.8629,-3.7221,3.1217,-1.9833,-5.3301,-3.1782,-0.9247
503.50,-5.1788,-3.2954,-0.8304,-3.7221,3.1217,-1.9520,-5.3301,-3.1782,-0.8934
504.00,-5.1789,-3.2951,-0.7969,-3.7219,3.1222,-1.9201,-5.3304,-3.1778,-0.8615
504.50,-5.1790,-3.2952,-0.7627,-3.7218,3.1224,-1.8873,-5.3306,-3.1776,-0.8287
505.00,-5.1794,-3.2952,-0.7296,-3.7216,3.1229,-1.8560,-5.3309,-3.1772,-0.7973
505.50,-5.1795,-3.2952,-0.6970,-3.7216,3.1228,-1.8252,-5.3309,-3.1773,-0.7665
506.00,-5.1796,-3.2947,-0.6637,-3.7216,3.1232,-1.7928,-5.3312,-3.1770,-0.7341
506.50,-5.1796,-3.2938,-0.6295,-3.7213,3.1242,-1.7600,-5.3319,-3.1763,-0.7014
507.00,-5.1797,-3.2925,-0.5944,-3.7211,3.1256,-1.7270,-5.3330,-3.1754,-0.6684
507.50,-5.1797,-3.2907,-0.5584,-3.7209,3.1268,-1.6934,-5.3340,-3.1747,-0.6348
508.00,-5.1798,-3.2885,-0.5214,-3.7206,3.1296,-1.6589,-5.3363,-3.1730,-0.6002
508.50,-5.1798,-3.2857,-0.4835,-3.7204,3.1324,-1.6225,-5.3387,-3.1715,-0.5638
509.00,-5.1799,-3.2825,-0.4445,-3.7203,3.1370,-1.5850,-5.3425,-3.1691,-0.5264
509.50,-5.1799,-3.2789,-0.4044,-3.7203,3.1412,-1.5461,-5.3462,-3.1671,-0.4875
510.00,-5.1800,-3.2747,-0.3631,-3.7206,3.1468,-1.5072,-5.3512,-3.1646,-0.4486
510.50,-5.1800,-3.2700,-0.3207,-3.7210,3.1516,-1.4669,-5.3557,-3.1625,-0.4082
511.00,-5.1800,-3.2649,-0.2771,-3.7215,3.1562,-1.4251,-5.3600,-3.1608,-0.3665
511.50,-5.1801,-3.2593,-0.2321,-3.7226,3.1625,-1.3811,-5.3660,-3.1586,-0.3225
512.00,-5.1801,-3.2532,-0.1857,-3.7243,3.1703,-1.3361,-5.3735,-3.1563,-0.2774
512.50,-5.1801,-3.2466,-0.1377,-3.7263,3.1779,-1.2900,-5.3812,-3.1543,-0.2314
513.00,-5.1801,-3.2395,-0.0880,-3.7282,3.1841,-1.2424,-5.3876,-3.1529,-0.1838
513.50,-5.1801,-3.2320,-0.0365,-3.7305,3.1904,-1.1924,-5.3059,-3.0825,-0.0814
514.00,-5.1801,-3.2240,0.0169,-3.7325,3.1951,-1.1403,-5.3109,-3.0822,-0.0293
514.50,-5.1801,-3.2163,0.0691,-3.7286,3.1871,-1.0894,-5.3020,-3.0823,0.0216
515.00,-5.1801,-3.2090,0.1194,-3.7250,3.1806,-1.0404,-5.2946,-3.0819,0.0706
515.50,-5.1801,-3.2022,0.1680,-3.7207,3.1736,-0.9930,-5.2864,-3.0812,0.1180
516.00,-5.1801,-3.1979,0.2022,-3.7181,3.1698,-0.9615,-5.2819,-3.0805,0.1494
516.50,-5.1801,-3.1932,0.2474,-3.7156,3.1665,-0.9185,-5.2778,-3.0798,0.1925
517.00,-5.1800,-3.1877,0.2919,-3.7120,3.1619,-0.8753,-5.2720,-3.0786,0.2357
517.50,-5.1800,-3.1828,0.3351,-3.7086,3.1580,-0.8330,-5.2670,-3.0773,0.2780
518.00,-5.1800,-3.1783,0.3771,-3.7056,3.1548,-0.7923,-5.2628,-3.0760,0.3186
518.50,-5.1799,-3.1743,0.4180,-3.7029,3.1522,-0.7532,-5.2593,-3.0748,0.3578
519.00,-5.1742,-3.1698,0.4718,-3.6969,3.1468,-0.7075,-5.2518,-3.0718,0.4035
519.50,-5.1227,-3.1453,0.5976,-3.6494,3.1116,-0.5832,-5.2380,-2.9879,0.5522
520.00,-5.0260,-3.0780,0.6138,-3.5490,3.0482,-0.5652,-5.1379,-2.9241,0.5772
520.50,-4.9198,-3.0030,0.6175,-3.4460,2.9824,-0.5669,-5.0351,-2.8581,0.5790
521.00,-4.8161,-2.9243,0.6950,-3.3276,2.9118,-0.4937,-4.9217,-2.7796,0.6547
521.50,-4.7193,-2.8378,0.7528,-3.2067,2.8522,-0.4318,-4.8280,-2.6934,0.7141
522.00,-4.6236,-2.7496,0.7173,-3.0885,2.7969,-0.4643,-4.7288,-2.6188,0.6851
522.50,-4.5226,-2.6682,0.6541,-2.9729,2.7331,-0.5350,-4.6235,-2.5391,0.6109
523.00,-4.4182,-2.5914,0.6237,-2.8559,2.6613,-0.5677,-4.5097,-2.4621,0.5851
523.50,-4.3130,-2.5149,0.6330,-2.7429,2.5894,-0.5634,-4.3982,-2.3881,0.5894
524.00,-4.2084,-2.4378,0.6184,-2.6281,2.5174,-0.5756,-4.2957,-2.3197,0.5842
524.50,-4.1015,-2.3639,0.6098,-2.5191,2.4443,-0.5906,-4.1853,-2.2415,0.5657
525.00,-3.9959,-2.2874,0.6303,-2.4071,2.3712,-0.5724,-4.0801,-2.1790,0.5925
525.50,-3.8927,-2.2078,0.6821,-2.2935,2.3014,-0.5228,-3.9740,-2.1022,0.6405
526.00,-3.7929,-2.1243,0.6956,-2.1789,2.2374,-0.5081,-3.8768,-2.0226,0.6613
526.50,-3.6923,-2.0420,0.6868,-2.0709,2.1758,-0.5217,-3.7707,-1.9516,0.6468
527.00,-3.5927,-1.9584,0.6995,-1.9575,2.1122,-0.5081,-3.6677,-1.8696,0.6640
527.50,-3.4932,-1.8747,0.7005,-1.8359,2.0443,-0.5100,-3.5583,-1.7829,0.6603
528.00,-3.3941,-1.7905,0.7038,-1.7181,1.9788,-0.5086,-3.4555,-1.7043,0.6678
528.50,-3.2951,-1.7062,0.7083,-1.6028,1.9146,-0.5073,-3.3554,-1.6249,0.6717
529.00,-3.1970,-1.6210,0.7185,-1.4879,1.8516,-0.4981,-3.2559,-1.5473,0.6835
529.50,-3.0988,-1.5358,0.7115,-1.3748,1.7894,-0.5075,-3.1566,-1.4661,0.6716
530.00,-3.0003,-1.4509,0.7066,-1.2579,1.7243,-0.5139,-3.0516,-1.3832,0.6712
530.50,-2.9010,-1.3671,0.7003,-1.1479,1.6612,-0.5237,-2.9517,-1.3050,0.6623
531.00,-2.8021,-1.2826,0.7177,-1.0312,1.5947,-0.5091,-2.8462,-1.2218,0.6779
531.50,-2.7058,-1.1955,0.7467,-0.9107,1.5302,-0.4784,-2.7412,-1.1343,0.7111
532.00,-2.6106,-1.1070,0.7461,-0.7904,1.4680,-0.4783,-2.6388,-1.0530,0.7113
532.50,-2.5124,-1.0218,0.6785,-0.6656,1.3986,-0.5483,-2.5477,-0.9660,0.6447
533.00,-2.4093,-0.9432,0.6473,-0.5598,1.3302,-0.5862,-2.4450,-0.9031,0.6068
533.50,-2.3078,-0.8616,0.7094,-0.4506,1.2618,-0.5264,-2.3311,-0.8169,0.6666
534.00,-2.2118,-0.7743,0.7629,-0.3357,1.1990,-0.4718,-2.2304,-0.7333,0.7247
534.50,-2.1169,-0.6852,0.7282,-0.2173,1.1376,-0.5021,-2.1298,-0.6455,0.6944
535.00,-2.0165,-0.6028,0.6488,-0.1053,1.0697,-0.5819,-2.0330,-0.5661,0.6146
535.50,-1.9095,-0.5288,0.5673,0.0023,0.9910,-0.6702,-1.9230,-0.5050,0.5298
536.00,-1.8003,-0.4578,0.6024,0.1049,0.9104,-0.6420,-1.8107,-0.4314,0.5590
536.50,-1.6967,-0.3786,0.6840,0.2145,0.8359,-0.5599,-1.7015,-0.3534,0.6436
537.00,-1.6025,-0.2942,0.8071,0.3219,0.7749,-0.4448,-1.6058,-0.2782,0.7611
537.50,-1.5240,-0.2003,1.0138,0.4361,0.7333,-0.2422,-1.5262,-0.1736,0.9648
538.00,-1.4588,-0.1064,1.2733,0.5491,0.7195,0.0132,-1.4656,-0.0858,1.2227
538.50,-1.4032,0.0084,1.5739,0.6715,0.7395,0.3115,-1.4208,0.0355,1.5255
539.00,-1.3889,0.1373,1.7736,0.7906,0.7926,0.5162,-1.3957,0.1485,1.7336
539.50,-1.4121,0.2633,1.8385,0.9038,0.8638,0.5854,-1.3930,0.2794,1.8019
540.00,-1.4415,0.3864,1.7327,1.0157,0.9324,0.4865,-1.4185,0.3983,1.7039
540.50,-1.4621,0.5151,1.5396,1.1324,0.9791,0.2849,-1.4221,0.5311,1.5023
541.00,-1.4600,0.6449,1.5127,1.2562,1.0116,0.2521,-1.4196,0.6613,1.4730
541.50,-1.4561,0.7748,1.5330,1.3784,1.0450,0.2734,-1.4193,0.7876,1.4943
542.00,-1.4552,0.9047,1.5544,1.5094,1.0827,0.2911,-1.4097,0.9235,1.5120
542.50,-1.4551,1.0347,1.5532,1.6382,1.1223,0.2888,-1.4096,1.0481,1.5158
543.00,-1.4471,1.1646,1.5249,1.7699,1.1592,0.2569,-1.3927,1.1845,1.4848
543.50,-1.4466,1.2945,1.6420,1.8933,1.1966,0.3647,-1.3935,1.3033,1.5961
544.00,-1.4557,1.4227,1.8035,2.0104,1.2538,0.5318,-1.4012,1.4327,1.7632
544.50,-1.4859,1.5486,1.8414,2.1217,1.3225,0.5690,-1.4192,1.5605,1.8014
545.00,-1.5157,1.6487,1.8551,2.2141,1.3831,0.5825,-1.4450,1.6579,1.8208
545.50,-1.5372,1.7385,1.7626,2.2993,1.4355,0.4971,-1.4667,1.7584,1.7355
546.00,-1.5509,1.8070,1.5224,2.3632,1.4627,0.2727,-1.4716,1.8249,1.5111
546.50,-1.5555,1.8864,1.2983,2.4400,1.4734,0.0308,-1.4570,1.9009,1.2657
547.00,-1.5349,1.9786,1.2059,2.5326,1.4707,-0.0696,-1.4527,1.9870,1.1758
547.50,-1.4986,2.0688,1.1449,2.6290,1.4615,-0.1302,-1.4137,2.0829,1.1101
548.00,-1.4531,2.1562,1.0763,2.7267,1.4454,-0.2007,-1.3666,2.1727,1.0412
548.50,-1.3874,2.2683,1.0252,2.8598,1.4143,-0.2535,-1.2941,2.2786,0.9918
549.00,-1.3214,2.3799,1.0363,2.9898,1.3815,-0.2418,-1.2213,2.3912,1.0050
549.50,-1.2542,2.4895,1.0126,3.1162,1.3492,-0.2642,-1.1508,2.5010,0.9776
550.00,-1.2062,2.5577,0.9450,3.2005,1.3233,-0.3325,-1.0991,2.5725,0.9094
550.50,-1.1913,2.5767,0.9065,3.2228,1.3152,-0.3713,-1.0834,2.5804,0.8775
551.00,-1.1560,2.6165,0.7776,3.2689,1.2939,-0.4965,-1.0486,2.6174,0.7524
551.50,-1.0774,2.6779,0.5592,3.3551,1.2347,-0.7147,-0.9654,2.6906,0.5307
552.00,-0.9630,2.7316,0.3906,3.4404,1.1449,-0.8906,-0.8529,2.7327,0.3582
552.50,-0.8437,2.7772,0.3653,3.5223,1.0376,-0.9246,-0.7252,2.7765,0.3252
553.00,-0.7235,2.8278,0.4177,3.6062,0.9310,-0.8759,-0.6075,2.8220,0.3799
553.50,-0.6063,2.8877,0.4782,3.6980,0.8273,-0.8168,-0.4876,2.8771,0.4391
554.00,-0.4908,2.9472,0.4527,3.7898,0.7298,-0.8376,-0.3693,2.9441,0.4182
554.50,-0.3723,2.9994,0.4144,3.8749,0.6291,-0.8826,-0.2470,2.9836,0.3757
555.00,-0.2525,3.0486,0.3733,3.9545,0.5295,-0.9231,-0.1278,3.0288,0.3362
555.50,-0.1319,3.0985,0.4079,4.0358,0.4237,-0.8952,-0.0021,3.0734,0.3666
556.00,-0.0129,3.1512,0.4095,4.1200,0.3204,-0.8936,0.1221,3.1219,0.3727
556.50,0.1059,3.2054,0.4280,4.2052,0.2158,-0.8777,0.2376,3.1713,0.3946
557.00,0.2243,3.2589,0.4068,4.2900,0.1135,-0.8987,0.3603,3.2222,0.3710
557.50,0.3441,3.3089,0.4005,4.3676,0.0138,-0.9106,0.4686,3.2667,0.3626
558.00,0.4639,3.3588,0.3737,4.4491,-0.0917,-0.9374,0.5935,3.3135,0.3393
558.50,0.5853,3.4055,0.3811,4.5237,-0.1954,-0.9364,0.7172,3.3548,0.3448
559.00,0.7053,3.4568,0.3939,4.6052,-0.3029,-0.9230,0.8406,3.4024,0.3572
559.50,0.8254,3.5070,0.4033,4.6821,-0.4054,-0.9208,0.9708,3.4467,0.3629
560.00,0.9442,3.5611,0.4138,4.7645,-0.5104,-0.9071,1.0850,3.4956,0.3836
560.50,1.0637,3.6118,0.4069,4.8435,-0.6141,-0.9212,1.2066,3.5427,0.3711
561.00,1.1829,3.6639,0.3997,4.9265,-0.7224,-0.9282,1.3236,3.5924,0.3695
561.50,1.3030,3.7133,0.3981,5.0057,-0.8304,-0.9357,1.4490,3.6393,0.3611
562.00,1.4225,3.7651,0.3946,5.0840,-0.9352,-0.9401,1.5711,3.6863,0.3576
562.50,1.5426,3.8156,0.4030,5.1623,-1.0436,-0.9381,1.6968,3.7321,0.3656
563.00,1.6616,3.8694,0.4130,5.2463,-1.1555,-0.9259,1.8170,3.7833,0.3823
563.50,1.7823,3.9158,0.3534,5.3206,-1.2616,-0.9911,1.9287,3.8275,0.3170
564.00,1.9042,3.9613,0.3597,5.3945,-1.3747,-0.9910,2.0262,3.9061,0.3294
564.50,2.0258,4.0043,0.3114,5.4647,-1.4838,-1.0331,2.1331,3.9615,0.2956
565.00,2.1521,4.0382,0.1632,5.5238,-1.6027,-1.1841,2.2585,3.9903,0.1463
565.50,2.2780,4.0609,0.1650,5.5695,-1.7209,-1.1906,2.3864,4.0070,0.1381
566.00,2.3862,4.0879,0.3147,5.6176,-1.8222,-1.0441,2.4920,4.0332,0.2863
566.50,2.5072,4.1259,0.4272,5.6909,-1.9324,-0.9322,2.6180,4.0823,0.3999
567.00,2.6232,4.1785,0.4976,5.7683,-2.0282,-0.8589,2.7252,4.1248,0.4750
567.50,2.7364,4.2430,0.5305,5.8600,-2.1310,-0.8280,2.8527,4.1865,0.5077
568.00,2.8486,4.3082,0.5074,5.9533,-2.2331,-0.8487,2.9598,4.2524,0.4887
568.50,2.9645,4.3662,0.4516,6.0367,-2.3357,-0.9106,3.0786,4.3038,0.4285
569.00,3.0797,4.4274,0.5359,6.1219,-2.4395,-0.8319,3.1954,4.3629,0.5073
569.50,3.1873,4.4980,0.6634,6.2156,-2.5304,-0.7064,3.3052,4.4342,0.6344
570.00,3.2813,4.5847,0.8431,6.3194,-2.6048,-0.5292,3.3971,4.5140,0.8135
570.50,3.3601,4.6838,1.0135,6.4398,-2.6632,-0.3641,3.4811,4.6181,0.9785
571.00,3.4235,4.7990,1.1845,6.5683,-2.6991,-0.1902,3.5397,4.7247,1.1577
571.50,3.4732,4.9206,1.2030,6.7028,-2.7214,-0.1645,3.5937,4.8468,1.1868
572.00,3.5260,5.0394,1.0880,6.8354,-2.7504,-0.2799,3.6607,4.9700,1.0679
572.50,3.5885,5.1522,1.0329,6.9579,-2.7909,-0.3400,3.7172,5.0734,1.0114
573.00,3.6544,5.2640,1.0602,7.0856,-2.8360,-0.3195,3.7893,5.1952,1.0353
573.50,3.7086,5.3502,1.2340,7.1930,-2.8647,-0.1585,3.8405,5.2940,1.1963
574.00,3.7520,5.4232,1.5337,7.2799,-2.8662,0.1387,3.8707,5.3585,1.4935
574.50,3.7781,5.4539,1.7198,7.3249,-2.8557,0.3322,3.9011,5.3846,1.6940
575.00,3.7824,5.4540,1.7684,7.3216,-2.8571,0.3822,3.9017,5.3810,1.7440
575.50,3.7858,5.4540,1.7327,7.3181,-2.8584,0.3468,3.9023,5.3774,1.7086
576.00,3.7926,5.4539,1.6839,7.3117,-2.8606,0.2971,3.9031,5.3707,1.6589
576.50,3.7999,5.4539,1.6333,7.3051,-2.8625,0.2449,3.9036,5.3638,1.6067
577.00,3.8077,5.4539,1.5808,7.2973,-2.8642,0.1906,3.9037,5.3558,1.5524
577.50,3.8156,5.4539,1.5276,7.3018,-2.8635,0.1356,3.9039,5.3604,1.4975
578.00,3.8231,5.4539,1.4763,7.3094,-2.8627,0.0821,3.9047,5.3680,1.4439
578.50,3.8301,5.4539,1.4269,7.3161,-2.8623,0.0307,3.9057,5.3746,1.3925
579.00,3.8367,5.4540,1.3791,7.3217,-2.8622,-0.0184,3.9068,5.3801,1.3434
579.50,3.8427,5.4540,1.3329,7.3282,-2.8625,-0.0666,3.9084,5.3864,1.2953
580.00,3.8483,5.4540,1.2880,7.3342,-2.8631,-0.1127,3.9102,5.3922,1.2491
580.50,3.8534,5.4541,1.2445,7.3403,-2.8639,-0.1578,3.9123,5.3979,1.2040
581.00,3.8579,5.4541,1.2023,7.3450,-2.8647,-0.2013,3.9141,5.4024,1.1605
581.50,3.8620,5.4541,1.1612,7.3506,-2.8660,-0.2446,3.9996,5.3863,1.1346
582.00,3.8657,5.4542,1.1213,7.3542,-2.8670,-0.2857,4.0012,5.3896,1.0936
582.50,3.8688,5.4542,1.0824,7.3581,-2.8682,-0.3266,4.0032,5.3933,1.0526
583.00,3.8715,5.4543,1.0446,7.3609,-2.8692,-0.3660,4.0047,5.3958,1.0133
583.50,3.8737,5.4543,1.0077,7.3634,-2.8702,-0.4045,4.0062,5.3981,0.9747
584.00,3.8754,5.4544,0.9718,7.3648,-2.8709,-0.4419,4.0071,5.3993,0.9374
584.50,3.8767,5.4544,0.9368,7.3659,-2.8714,-0.4788,4.0078,5.4003,0.9005
585.00,3.8775,5.4545,0.9027,7.3666,-2.8718,-0.5137,4.0083,5.4009,0.8656
585.50,3.8779,5.4545,0.8695,7.3672,-2.8721,-0.5490,4.0088,5.4014,0.8303
586.00,3.8779,5.4546,0.8370,7.3672,-2.8721,-0.5828,4.0087,5.4014,0.7965
586.50,3.8779,5.4551,0.8038,7.3675,-2.8723,-0.6174,4.0090,5.4017,0.7619
587.00,3.8778,5.4552,0.7696,7.3676,-2.8724,-0.6535,4.0091,5.4018,0.7258
587.50,3.8781,5.4553,0.7362,7.3680,-2.8727,-0.6889,4.0095,5.4021,0.6903
588.00,3.8781,5.4553,0.7037,7.3680,-2.8727,-0.7228,4.0095,5.4021,0.6564
588.50,3.8781,5.4549,0.6705,7.3677,-2.8724,-0.7574,4.0091,5.4018,0.6219
589.00,3.8780,5.4541,0.6365,7.3670,-2.8718,-0.7927,4.0084,5.4013,0.5866
589.50,3.8780,5.4528,0.6016,7.3661,-2.8708,-0.8294,4.0072,5.4006,0.5499
590.00,3.8779,5.4511,0.5658,7.3653,-2.8699,-0.8670,4.0062,5.4000,0.5123
590.50,3.8779,5.4490,0.5290,7.3645,-2.8690,-0.9055,4.0051,5.3994,0.4737
591.00,3.8778,5.4464,0.4913,7.3629,-2.8667,-0.9450,4.0027,5.3982,0.4343
591.50,3.8778,5.4433,0.4525,7.3609,-2.8639,-0.9854,3.9995,5.3968,0.3938
592.00,3.8777,5.4397,0.4126,7.3587,-2.8605,-1.0268,3.9957,5.3953,0.3525
592.50,3.8777,5.4356,0.3716,7.3565,-2.8566,-1.0691,3.9915,5.3939,0.3102
593.00,3.8777,5.4311,0.3295,7.3547,-2.8532,-1.1125,3.9878,5.3927,0.2668
593.50,3.8776,5.4260,0.2861,7.3530,-2.8497,-1.1570,3.9840,5.3918,0.2223
594.00,3.8776,5.4205,0.2413,7.3514,-2.8458,-1.2036,3.9799,5.3909,0.1757
594.50,3.8776,5.4145,0.1952,7.3494,-2.8402,-1.2518,3.9740,5.3900,0.1274
595.00,3.8776,5.4080,0.1476,7.3473,-2.8335,-1.3005,3.9671,5.3893,0.0788
595.50,3.8840,5.4007,0.0790,7.3476,-2.8349,-1.3641,3.9684,5.3893,0.0152
596.00,3.9444,5.3856,-0.0530,7.3557,-2.8979,-1.4960,4.0319,5.3853,-0.1168
596.50,4.0619,5.3624,-0.1496,7.3589,-3.0236,-1.5931,4.1955,5.2899,-0.1685
597.00,4.1903,5.3410,-0.1315,7.3544,-3.1549,-1.5851,4.3247,5.2566,-0.1640
597.50,4.3196,5.3277,-0.1122,7.3562,-3.2872,-1.5587,4.4559,5.2388,-0.1341
598.00,4.4480,5.3076,-0.1977,7.3517,-3.4212,-1.6464,4.5878,5.2148,-0.2193
598.50,4.5744,5.2784,-0.2748,7.3371,-3.5557,-1.7223,4.7087,5.1808,-0.2942
599.00,4.6866,5.2440,-0.3120,7.3147,-3.6793,-1.7630,4.8206,5.1510,-0.3339
599.50,4.7407,5.2222,-0.3531,7.3016,-3.7408,-1.8045,4.8767,5.1290,-0.3739
600.00,4.7457,5.2163,-0.3944,7.2991,-3.7507,-1.8474,4.8862,5.1250,-0.4158
600.50,4.7458,5.2125,-0.4347,7.2977,-3.7554,-1.8897,4.8907,5.1229,-0.4581
601.00,4.7458,5.2092,-0.4740,7.2965,-3.7590,-1.9303,4.8941,5.1212,-0.4987
601.50,4.7459,5.2064,-0.5122,7.2951,-3.7626,-1.9699,4.8871,5.1087,-0.5348
602.00,4.7459,5.2040,-0.5495,7.2941,-3.7648,-2.0090,4.8892,5.1075,-0.5739
602.50,4.7460,5.2021,-0.5857,7.2931,-3.7670,-2.0466,4.8912,5.1061,-0.6115
603.00,4.7460,5.2007,-0.6210,7.2927,-3.7678,-2.0832,4.8919,5.1056,-0.6481
603.50,4.7461,5.1997,-0.6554,7.2920,-3.7689,-2.1190,4.8929,5.1048,-0.6839
604.00,4.7461,5.1991,-0.6890,7.2916,-3.7695,-2.1543,4.8935,5.1044,-0.7192
604.50,4.7462,5.1990,-0.7216,7.2915,-3.7697,-2.1892,4.8937,5.1042,-0.7541
605.00,4.7465,5.1990,-0.7545,7.2914,-3.7699,-2.2239,4.8938,5.1041,-0.7888
605.50,4.7468,5.1991,-0.7885,7.2912,-3.7700,-2.2596,4.8939,5.1039,-0.8245
606.00,4.7469,5.1989,-0.8223,7.2911,-3.7702,-2.2959,4.8941,5.1037,-0.8608
606.50,4.7469,5.1987,-0.8550,7.2908,-3.7705,-2.3303,4.8943,5.1034,-0.8952
607.00,4.7467,5.1988,-0.8878,7.2907,-3.7707,-2.3648,4.8945,5.1033,-0.9297
607.50,4.7461,5.1989,-0.9215,7.2910,-3.7703,-2.3996,4.8942,5.1036,-0.9645
608.00,4.7450,5.1989,-0.9560,7.2919,-3.7696,-2.4362,4.8936,5.1046,-1.0011
608.50,4.7435,5.1990,-0.9915,7.2931,-3.7686,-2.4737,4.8928,5.1059,-1.0386
609.00,4.7415,5.1990,-1.0279,7.2946,-3.7674,-2.5117,4.8918,5.1076,-1.0766
609.50,4.7390,5.1991,-1.0653,7.2966,-3.7660,-2.5509,4.8907,5.1098,-1.1158
610.00,4.7361,5.1991,-1.1037,7.3002,-3.7637,-2.5913,4.8889,5.1136,-1.1562
610.50,4.7327,5.1992,-1.1432,7.3030,-3.7621,-2.6321,4.8877,5.1166,-1.1970
611.00,4.7288,5.1992,-1.1838,7.3066,-3.7601,-2.6748,4.8862,5.1205,-1.2397
611.50,4.7244,5.1992,-1.2255,7.3094,-3.7588,-2.7176,4.8853,5.1234,-1.2825
612.00,4.7196,5.1993,-1.2684,7.3141,-3.7568,-2.7620,4.8839,5.1283,-1.3269
612.50,4.7146,5.1973,-1.3179,7.3165,-3.7559,-2.8102,4.8834,5.1309,-1.3751
613.00,4.7056,5.1505,-1.4891,7.2744,-3.7664,-2.9724,4.8881,5.0877,-1.5373
613.50,4.6921,5.0411,-1.5959,7.1658,-3.7768,-3.0894,4.8397,4.9586,-1.6194
614.00,4.6925,4.9112,-1.5057,7.0363,-3.7865,-3.0094,4.8261,4.8188,-1.5394
614.50,4.7024,4.7828,-1.3573,6.9045,-3.8159,-2.8552,4.8319,4.6847,-1.3817
615.00,4.7283,4.6595,-1.3879,6.7828,-3.8520,-2.8776,4.8562,4.5601,-1.4041
615.50,4.7475,4.5388,-1.6059,6.6559,-3.8748,-3.0906,4.8564,4.4416,-1.6136
616.00,4.7502,4.4100,-1.7623,6.5230,-3.8684,3.0248,4.8498,4.3140,-1.7831
616.50,4.7271,4.2824,-1.7341,6.3902,-3.8522,3.0441,4.8409,4.1873,-1.7609
617.00,4.7107,4.1531,-1.5678,6.2515,-3.8483,-3.0779,4.8241,4.0524,-1.5979
617.50,4.7083,4.0235,-1.4680,6.1204,-3.8656,-2.9701,4.8222,3.9222,-1.4887
618.00,4.7216,3.8941,-1.4537,5.9883,-3.8877,-2.9617,4.8247,3.8016,-1.4786
618.50,4.7432,3.7657,-1.3740,5.8574,-3.9168,-2.8841,4.8389,3.6657,-1.3984
619.00,4.7688,3.6383,-1.3973,5.7289,-3.9515,-2.9005,4.8645,3.5411,-1.4148
619.50,4.7876,3.5098,-1.4247,5.6001,-3.9796,-2.9330,4.8818,3.4173,-1.4448
620.00,4.8049,3.3810,-1.4273,5.4672,-4.0066,-2.9390,4.8933,3.2840,-1.4498
620.50,4.8296,3.2535,-1.3197,5.3370,-4.0401,-2.8342,4.9158,3.1557,-1.3450
621.00,4.8629,3.1284,-1.2940,5.2109,-4.0838,-2.8038,4.9488,3.0326,-1.3116
621.50,4.9007,3.0036,-1.2713,5.0895,-4.1269,-2.7857,4.9823,2.9082,-1.2947
622.00,4.9394,2.8794,-1.2773,4.9614,-4.1751,-2.7902,5.0200,2.7767,-1.2958
622.50,4.9811,2.7555,-1.2428,4.8371,-4.2224,-2.7598,5.0574,2.6590,-1.2618
623.00,5.0257,2.6329,-1.2286,4.7166,-4.2724,-2.7475,5.0988,2.5353,-1.2530
623.50,5.0749,2.5117,-1.1618,4.5955,-4.3262,-2.6857,5.1426,2.4003,-1.1863
624.00,5.1305,2.3937,-1.1328,4.4811,-4.3857,-2.6553,5.1938,2.2919,-1.1539
624.50,5.1839,2.2756,-1.1626,4.3634,-4.4469,-2.6819,5.2467,2.1731,-1.1805
625.00,5.2295,2.1531,-1.3246,4.2379,-4.4990,-2.8409,5.2898,2.0386,-1.3370
625.50,5.2664,2.0249,-1.5025,4.1010,-4.5279,-3.0222,5.3162,1.9028,-1.5148
626.00,5.2871,1.8951,-1.6615,3.9716,-4.5327,3.1029,5.3257,1.7834,-1.6753
626.50,5.2891,1.7680,-1.8618,3.8379,-4.5167,2.9076,5.3212,1.6511,-1.8742
627.00,5.2652,1.6593,-2.1167,3.7301,-4.4761,2.6500,5.3032,1.5462,-2.1283
627.50,5.1973,1.5627,-2.3273,3.6334,-4.4097,2.4364,5.2505,1.4540,-2.3418
628.00,5.1089,1.4868,-2.5411,3.5496,-4.3224,2.2211,5.1578,1.3762,-2.5537
628.50,4.9975,1.4233,-2.7552,3.4782,-4.2057,2.0066,5.0467,1.3123,-2.7647
629.00,4.8741,1.3683,-2.9901,3.4366,-4.0783,1.7668,4.9171,1.2781,-3.0045
629.50,4.7446,1.3378,-3.1299,3.4204,-3.9446,1.6182,4.7927,1.2498,3.1301
630.00,4.6147,1.3303,3.0697,3.4211,-3.8121,1.5267,4.6603,1.2315,3.0491
630.50,4.4852,1.3400,3.0634,3.4290,-3.6763,1.5114,4.5351,1.2433,3.0372
631.00,4.3554,1.3433,3.1163,3.4333,-3.5428,1.5612,4.4019,1.2537,3.0905
631.50,4.2254,1.3474,3.0841,3.4350,-3.4070,1.5310,4.2763,1.2606,3.0603
632.00,4.0957,1.3578,3.0715,3.4422,-3.2738,1.5120,4.1435,1.2738,3.0473
632.50,3.9659,1.3616,3.1083,3.4471,-3.1427,1.5501,4.0127,1.2831,3.0864
633.00,3.8366,1.3642,3.1104,3.4491,-3.0133,1.5534,3.8934,1.2797,3.0932
633.50,3.7208,1.3732,2.9874,3.4564,-2.8959,1.4371,3.7763,1.3000,2.9734
634.00,3.6515,1.3879,2.9093,3.4702,-2.8180,1.3584,3.6887,1.3153,2.8877
634.50,3.6283,1.3935,2.9087,3.4768,-2.7876,1.3555,3.6687,1.3238,2.8883
635.00,3.6283,1.3935,2.9087,3.4768,-2.7874,1.3535,3.6685,1.3238,2.8863
635.50,3.6283,1.3935,2.9087,3.4768,-2.7874,1.3516,3.6685,1.3237,2.8844
636.00,3.6283,1.3935,2.9087,3.4768,-2.7874,1.3495,3.6685,1.3237,2.8823
636.50,3.6283,1.3935,2.9087,3.4768,-2.7874,1.3479,3.6685,1.3237,2.8807
637.00,3.6283,1.3934,2.9130,3.4767,-2.7876,1.3496,3.6688,1.3237,2.8825
637.50,3.6284,1.3872,3.0155,3.4757,-2.7935,1.4447,3.6745,1.3224,2.9775
638.00,3.6284,1.3723,-3.0735,3.4751,-2.7979,1.6366,3.6790,1.3217,-3.1137
638.50,3.6283,1.3500,-2.8931,3.4714,-2.7743,1.8166,3.6552,1.3189,-2.9337
639.00,3.6282,1.3340,-2.7530,3.4660,-2.7575,1.9579,3.6574,1.2673,-2.7750
639.50,3.6282,1.3311,-2.7244,3.4645,-2.7542,1.9895,3.6540,1.2658,-2.7434
640.00,3.6282,1.3340,-2.7549,3.4656,-2.7568,1.9566,3.6567,1.2669,-2.7763
640.50,3.6282,1.3372,-2.7861,3.4672,-2.7610,1.9238,3.6609,1.2685,-2.8091
641.00,3.6283,1.3407,-2.8179,3.4685,-2.7645,1.8905,3.6645,1.2696,-2.8425
641.50,3.6283,1.3445,-2.8505,3.4697,-2.7685,1.8560,3.6685,1.2708,-2.8769
642.00,3.6283,1.3485,-2.8838,3.4709,-2.7728,1.8205,3.6727,1.2719,-2.9124
642.50,3.6283,1.3529,-2.9179,3.4723,-2.7790,1.7846,3.6790,1.2732,-2.9483
643.00,3.6284,1.3575,-2.9527,3.4731,-2.7828,1.7478,3.6829,1.2739,-2.9851
643.50,3.6284,1.3624,-2.9885,3.4739,-2.7879,1.7106,3.6879,1.2746,-3.0223
644.00,3.6284,1.3675,-3.0252,3.4744,-2.7916,1.6720,3.6917,1.2750,-3.0609
644.50,3.6284,1.3729,-3.0628,3.4748,-2.7970,1.6325,3.6971,1.2753,-3.1004
645.00,3.6284,1.3786,-3.1015,3.4751,-2.8037,1.5916,3.7038,1.2755,-3.1413
645.50,3.6284,1.3845,-3.1414,3.4751,-2.8099,1.5508,3.7100,1.2753,3.1010
646.00,3.6284,1.3905,3.1019,3.4753,-2.8055,1.5093,3.7055,1.2756,3.0596
646.50,3.6284,1.3962,3.0632,3.4757,-2.7999,1.4688,3.6999,1.2762,3.0191
647.00,3.6284,1.4016,3.0255,3.4764,-2.7942,1.4293,3.6943,1.2770,2.9796
647.50,3.6284,1.4067,2.9888,3.4772,-2.7895,1.3907,3.6897,1.2778,2.9410
648.00,3.6284,1.4116,2.9531,3.4780,-2.7851,1.3525,3.6852,1.2788,2.9028
648.50,3.6283,1.4162,2.9182,3.4791,-2.7809,1.3161,3.6811,1.2799,2.8664
649.00,3.6211,1.4221,2.8644,3.4818,-2.7714,1.2659,3.6716,1.2828,2.8161
649.50,3.5743,1.4371,2.7123,3.4989,-2.7283,1.1164,3.6289,1.3008,2.6667
650.00,3.5152,1.4619,2.6053,3.5289,-2.6757,1.0020,3.5788,1.3959,2.5837
650.50,3.4474,1.5019,2.6063,3.5716,-2.6106,0.9959,3.5035,1.4282,2.5811
651.00,3.3782,1.5385,2.7151,3.6121,-2.5423,1.0979,3.4346,1.4677,2.6831
651.50,3.3084,1.5665,2.8863,3.6405,-2.4731,1.2682,3.3583,1.4963,2.8619
652.00,3.2355,1.5856,3.0531,3.6575,-2.3980,1.4331,3.2801,1.5117,3.0288
652.50,3.1587,1.5955,-3.0946,3.6634,-2.3146,1.5680,3.2066,1.5255,-3.1195
653.00,3.0788,1.5960,-3.0025,3.6596,-2.2277,1.6587,3.1299,1.5300,-3.0253
653.50,2.9962,1.5872,-2.9219,3.6491,-2.1466,1.7387,3.0591,1.5272,-2.9453
654.00,2.9105,1.5691,-2.8454,3.6305,-2.0577,1.8126,2.9606,1.5068,-2.8645
654.50,2.8218,1.5416,-2.7571,3.6027,-1.9623,1.9010,2.8764,1.4849,-2.7830
655.00,2.7450,1.5082,-2.7158,3.5707,-1.8759,1.9426,2.7908,1.4509,-2.7380
655.50,2.7105,1.4897,-2.6862,3.5547,-1.8365,1.9710,2.7517,1.4341,-2.7061
656.00,2.7085,1.4865,-2.6571,3.5524,-1.8312,1.9985,2.7565,1.4317,-2.6786
656.50,2.7085,1.4844,-2.6285,3.5515,-1.8292,2.0255,2.7546,1.4307,-2.6516
657.00,2.7085,1.4826,-2.6005,3.5506,-1.8273,2.0517,2.7527,1.4297,-2.6254
657.50,2.7084,1.4810,-2.5731,3.5496,-1.8255,2.0772,2.7509,1.4286,-2.5998
658.00,2.7084,1.4797,-2.5462,3.5490,-1.8244,2.1021,2.7499,1.4280,-2.5750
658.50,2.7084,1.4787,-2.5198,3.5480,-1.8227,2.1272,2.7482,1.4269,-2.5499
659.00,2.7083,1.4779,-2.4939,3.5475,-1.8220,2.1515,2.7475,1.4264,-2.5256
659.50,2.7083,1.4774,-2.4686,3.5474,-1.8218,2.1756,2.7473,1.4263,-2.5014
660.00,2.7082,1.4771,-2.4437,3.5474,-1.8218,2.1982,2.7473,1.4263,-2.4789
660.50,2.7082,1.4770,-2.4193,3.5474,-1.8217,2.2207,2.7472,1.4262,-2.4564
661.00,2.7083,1.4771,-2.3947,3.5475,-1.8220,2.2440,2.7475,1.4264,-2.4331
661.50,2.7085,1.4771,-2.3695,3.5478,-1.8223,2.2672,2.7478,1.4267,-2.4098
662.00,2.7085,1.4772,-2.3438,3.5479,-1.8224,2.2912,2.7479,1.4268,-2.3859
662.50,2.7085,1.4775,-2.3186,3.5479,-1.8224,2.3153,2.7479,1.4268,-2.3618
663.00,2.7084,1.4777,-2.2940,3.5479,-1.8224,2.3379,2.7479,1.4268,-2.3391
663.50,2.7085,1.4778,-2.2696,3.5480,-1.8225,2.3603,2.7479,1.4269,-2.3168
664.00,2.7088,1.4778,-2.2448,3.5481,-1.8226,2.3830,2.7481,1.4271,-2.2940
664.50,2.7093,1.4779,-2.2194,3.5484,-1.8229,2.4065,2.7483,1.4273,-2.2706
665.00,2.7101,1.4779,-2.1935,3.5490,-1.8234,2.4302,2.7488,1.4279,-2.2469
665.50,2.7111,1.4780,-2.1672,3.5498,-1.8240,2.4547,2.7495,1.4287,-2.2224
666.00,2.7124,1.4780,-2.1403,3.5510,-1.8250,2.4802,2.7504,1.4300,-2.1969
666.50,2.7139,1.4780,-2.1129,3.5520,-1.8258,2.5057,2.7511,1.4310,-2.1714
667.00,2.7157,1.4781,-2.0849,3.5538,-1.8271,2.5321,2.7524,1.4329,-2.1449
667.50,2.7178,1.4781,-2.0564,3.5556,-1.8283,2.5589,2.7535,1.4347,-2.1182
668.00,2.7201,1.4781,-2.0272,3.5567,-1.8290,2.5866,2.7542,1.4358,-2.0905
668.50,2.7227,1.4782,-1.9975,3.5588,-1.8303,2.6144,2.7554,1.4380,-2.0627
669.00,2.7256,1.4782,-1.9672,3.5616,-1.8318,2.6427,2.7568,1.4408,-2.0343
669.50,2.7287,1.4782,-1.9362,3.5635,-1.8329,2.6720,2.7578,1.4428,-2.0051
670.00,2.7322,1.4783,-1.9046,3.5668,-1.8344,2.7018,2.7593,1.4461,-1.9752
670.50,2.7359,1.4783,-1.8723,3.5705,-1.8361,2.7323,2.7608,1.4499,-1.9448
671.00,2.7398,1.4783,-1.8392,3.5743,-1.8377,2.7636,2.7623,1.4538,-1.9135
671.50,2.7441,1.4783,-1.8054,3.5783,-1.8392,2.7951,2.7636,1.4578,-1.8820
672.00,2.7486,1.4784,-1.7708,3.5827,-1.8407,2.8283,2.7650,1.4622,-1.8487
672.50,2.7534,1.4784,-1.7353,3.5869,-1.8420,2.8615,2.7661,1.4665,-1.8156
673.00,2.7584,1.4784,-1.6989,3.5922,-1.8435,2.8961,2.7674,1.4719,-1.7810
673.50,2.7638,1.4784,-1.6616,3.5989,-1.8450,2.9311,2.7687,1.4786,-1.7459
674.00,2.7694,1.4784,-1.6232,3.6039,-1.8460,2.9673,2.8051,1.4426,-1.6695
674.50,2.7752,1.4784,-1.5837,3.6105,-1.8470,3.0046,2.8187,1.4318,-1.6166
675.00,2.7812,1.4784,-1.5436,3.6103,-1.8470,3.0433,2.8187,1.4315,-1.5779
675.50,2.7854,1.4784,-1.5104,3.6059,-1.8467,3.0756,2.8188,1.4272,-1.5457
676.00,2.7910,1.4784,-1.4722,3.6003,-1.8464,3.1124,2.8190,1.4215,-1.5088
676.50,2.7962,1.4784,-1.4351,3.5953,-1.8463,-3.1355,2.8194,1.4165,-1.4735
677.00,2.8012,1.4784,-1.3989,3.5891,-1.8465,-3.1009,2.8201,1.4104,-1.4390
677.50,2.8060,1.4784,-1.3636,3.5844,-1.8468,-3.0670,2.8208,1.4057,-1.4050
678.00,2.8104,1.4783,-1.3292,3.5800,-1.8472,-3.0339,2.8216,1.4014,-1.3720
678.50,2.8146,1.4783,-1.2955,3.5751,-1.8478,-3.0020,2.8227,1.3965,-1.3401
679.00,2.8185,1.4783,-1.2626,3.5702,-1.8485,-2.9710,2.8239,1.3918,-1.3091
679.50,2.8222,1.4783,-1.2304,3.5659,-1.8493,-2.9409,2.8251,1.3875,-1.2789
680.00,2.8255,1.4782,-1.1989,3.5622,-1.8501,-2.9111,2.8262,1.3840,-1.2491
680.50,2.8286,1.4782,-1.1681,3.5590,-1.8509,-2.8823,2.8273,1.3808,-1.2203
681.00,2.8315,1.4782,-1.1379,3.5560,-1.8518,-2.8538,2.8284,1.3779,-1.1919
681.50,2.8340,1.4781,-1.1083,3.5535,-1.8525,-2.8260,2.8849,1.4237,-1.1397
682.00,2.8363,1.4781,-1.0793,3.5511,-1.8534,-2.7984,2.8860,1.4215,-1.1120
682.50,2.8383,1.4781,-1.0509,3.5494,-1.8540,-2.7718,2.8869,1.4198,-1.0854
683.00,2.8400,1.4780,-1.0230,3.5477,-1.8547,-2.7455,2.8877,1.4182,-1.0591
683.50,2.8415,1.4780,-0.9957,3.5458,-1.8555,-2.7197,2.8888,1.4164,-1.0333
684.00,2.8428,1.4780,-0.9689,3.5450,-1.8559,-2.6947,2.8892,1.4156,-1.0083
684.50,2.8437,1.4779,-0.9426,3.5443,-1.8562,-2.6698,2.8897,1.4150,-0.9834
685.00,2.8445,1.4779,-0.9169,3.5436,-1.8566,-2.6456,2.8901,1.4143,-0.9592
685.50,2.8449,1.4778,-0.8916,3.5429,-1.8570,-2.6224,2.8906,1.4137,-0.9361
686.00,2.8452,1.4778,-0.8669,3.5425,-1.8572,-2.5994,2.8908,1.4133,-0.9130
686.50,2.8452,1.4778,-0.8425,3.5424,-1.8573,-2.5772,2.8909,1.4132,-0.8908
687.00,2.8451,1.4779,-0.8178,3.5427,-1.8571,-2.5543,2.8907,1.4135,-0.8679
687.50,2.8451,1.4781,-0.7925,3.5430,-1.8568,-2.5307,2.8904,1.4138,-0.8443
688.00,2.8450,1.4781,-0.7668,3.5432,-1.8568,-2.5067,2.8903,1.4139,-0.8204
688.50,2.8446,1.4780,-0.7417,3.5433,-1.8566,-2.4837,2.8901,1.4141,-0.7973
689.00,2.8445,1.4780,-0.7173,3.5436,-1.8564,-2.4606,2.8899,1.4143,-0.7742
689.50,2.8444,1.4781,-0.6928,3.5436,-1.8564,-2.4380,2.8899,1.4143,-0.7516
690.00,2.8444,1.4784,-0.6678,3.5442,-1.8559,-2.4152,2.8893,1.4148,-0.7288
690.50,2.8444,1.4788,-0.6511,3.5443,-1.8558,-2.3970,2.8892,1.4149,-0.7106
691.00,2.8444,1.4788,-0.6511,3.5443,-1.8558,-2.3997,2.8892,1.4149,-0.7133
691.50,2.8444,1.4788,-0.6511,3.5443,-1.8558,-2.4018,2.8892,1.4149,-0.7154
692.00,2.8444,1.4788,-0.6511,3.5443,-1.8558,-2.4042,2.8892,1.4149,-0.7178
692.50,2.8444,1.4788,-0.6511,3.5443,-1.8558,-2.4062,2.8892,1.4149,-0.7198
693.00,2.8444,1.4788,-0.6511,3.5443,-1.8558,-2.4076,2.8892,1.4149,-0.7212
693.50,2.8444,1.4788,-0.6511,3.5443,-1.8558,-2.4097,2.8892,1.4149,-0.7233
694.00,2.8444,1.4788,-0.6511,3.5443,-1.8558,-2.4111,2.8892,1.4149,-0.7247
694.50,2.8444,1.4788,-0.6511,3.5443,-1.8558,-2.4129,2.8892,1.4149,-0.7265
695.00,2.8444,1.4788,-0.6511,3.5443,-1.8558,-2.4152,2.8892,1.4149,-0.7288
695.50,2.8444,1.4788,-0.6511,3.5443,-1.8558,-2.4173,2.8892,1.4149,-0.7310
696.00,2.8444,1.4788,-0.6511,3.5443,-1.8558,-2.4191,2.8892,1.4149,-0.7327
696.50,2.8444,1.4788,-0.6511,3.5443,-1.8558,-2.4208,2.8892,1.4149,-0.7344
697.00,2.8444,1.4788,-0.6511,3.5443,-1.8558,-2.4228,2.8892,1.4149,-0.7364
697.50,2.8444,1.4788,-0.6511,3.5443,-1.8558,-2.4241,2.8892,1.4149,-0.7377
698.00,2.8444,1.4788,-0.6511,3.5443,-1.8558,-2.4258,2.8892,1.4149,-0.7394
698.50,2.8444,1.4788,-0.6511,3.5443,-1.8558,-2.4272,2.8892,1.4149,-0.7409
699.00,2.8444,1.4788,-0.6511,3.5443,-1.8558,-2.4287,2.8892,1.4149,-0.7423
699.50,2.8444,1.4788,-0.6511,3.5443,-1.8558,-2.4304,2.8892,1.4149,-0.7440
700.00,2.8444,1.4788,-0.6511,3.5443,-1.8558,-2.4319,2.8892,1.4149,-0.7455
700.50,2.8444,1.4788,-0.6511,3.5443,-1.8558,-2.4337,2.8892,1.4149,-0.7473
701.00,2.8444,1.4788,-0.6511,3.5443,-1.8558,-2.4354,2.8892,1.4149,-0.7491
701.50,2.8444,1.4788,-0.6511,3.5443,-1.8558,-2.4377,2.8892,1.4149,-0.7513
702.00,2.8444,1.4788,-0.6511,3.5443,-1.8558,-2.4398,2.8892,1.4149,-0.7535
702.50,2.8444,1.4788,-0.6511,3.5443,-1.8558,-2.4418,2.8892,1.4149,-0.7554
703.00,2.8444,1.4788,-0.6511,3.5443,-1.8558,-2.4437,2.8892,1.4149,-0.7573
703.50,2.8444,1.4788,-0.6511,3.5443,-1.8558,-2.4456,2.8892,1.4149,-0.7592
704.00,2.8444,1.4788,-0.6511,3.5443,-1.8558,-2.4480,2.8892,1.4149,-0.7616
704.50,2.8444,1.4788,-0.6511,3.5443,-1.8558,-2.4496,2.8892,1.4149,-0.7632
705.00,2.8444,1.4788,-0.6511,3.5443,-1.8558,-2.4511,2.8892,1.4149,-0.7647
705.50,2.8444,1.4788,-0.6511,3.5443,-1.8558,-2.4532,2.8892,1.4149,-0.7669
706.00,2.8444,1.4788,-0.6511,3.5443,-1.8558,-2.4554,2.8892,1.4149,-0.7690
706.50,2.8444,1.4788,-0.6511,3.5443,-1.8558,-2.4575,2.8892,1.4149,-0.7711
707.00,2.8444,1.4788,-0.6511,3.5443,-1.8558,-2.4586,2.8892,1.4149,-0.7722
707.50,2.8444,1.4788,-0.6511,3.5443,-1.8558,-2.4602,2.8892,1.4149,-0.7738
708.00,2.8444,1.4788,-0.6511,3.5443,-1.8558,-2.4621,2.8892,1.4149,-0.7757
708.50,2.8444,1.4788,-0.6511,3.5443,-1.8558,-2.4634,2.8892,1.4149,-0.7771
709.00,2.8444,1.4788,-0.6511,3.5443,-1.8558,-2.4651,2.8892,1.4149,-0.7787
709.50,2.8444,1.4788,-0.6511,3.5443,-1.8558,-2.4667,2.8892,1.4149,-0.7803
710.00,2.8444,1.4788,-0.6511,3.5443,-1.8558,-2.4683,2.8892,1.4149,-0.7819
710.50,2.8444,1.4788,-0.6511,3.5443,-1.8558,-2.4697,2.8892,1.4149,-0.7834
711.00,2.8444,1.4788,-0.6511,3.5443,-1.8558,-2.4713,2.8892,1.4149,-0.7849
711.50,2.8444,1.4788,-0.6511,3.5443,-1.8558,-2.4728,2.8892,1.4149,-0.7865
712.00,2.8444,1.4788,-0.6511,3.5443,-1.8558,-2.4746,2.8892,1.4149,-0.7882
712.50,2.8444,1.4788,-0.6511,3.5443,-1.8558,-2.4766,2.8892,1.4149,-0.7902
713.00,2.8444,1.4788,-0.6511,3.5443,-1.8558,-2.4783,2.8892,1.4149,-0.7919
713.50,2.8444,1.4788,-0.6511,3.5443,-1.8558,-2.4803,2.8892,1.4149,-0.7939
714.00,2.8444,1.4788,-0.6511,3.5443,-1.8558,-2.4822,2.8892,1.4149,-0.7958
714.50,2.8444,1.4788,-0.6511,3.5443,-1.8558,-2.4837,2.8892,1.4149,-0.7973
715.00,2.8444,1.4788,-0.6511,3.5443,-1.8558,-2.4854,2.8892,1.4149,-0.7990
715.50,2.8444,1.4788,-0.6511,3.5443,-1.8558,-2.4876,2.8892,1.4149,-0.8012
716.00,2.8444,1.4788,-0.6511,3.5443,-1.8558,-2.4892,2.8892,1.4149,-0.8028
716.50,2.8444,1.4788,-0.6511,3.5443,-1.8558,-2.4905,2.8892,1.4149,-0.8041
717.00,2.8444,1.4788,-0.6511,3.5443,-1.8558,-2.4923,2.8892,1.4149,-0.8059
717.50,2.8444,1.4788,-0.6511,3.5443,-1.8558,-2.4940,2.8892,1.4149,-0.8076
718.00,2.8444,1.4788,-0.6511,3.5443,-1.8558,-2.4957,2.8892,1.4149,-0.8093
718.50,2.8444,1.4788,-0.6511,3.5443,-1.8558,-2.4974,2.8892,1.4149,-0.8110
719.00,2.8444,1.4788,-0.6511,3.5443,-1.8558,-2.4989,2.8892,1.4149,-0.8125
719.50,2.8444,1.4788,-0.6511,3.5443,-1.8558,-2.5001,2.8892,1.4149,-0.8137
720.00,2.8444,1.4788,-0.6511,3.5443,-1.8558,-2.5018,2.8892,1.4149,-0.8154
720.50,2.8444,1.4788,-0.6511,3.5443,-1.8558,-2.5038,2.8892,1.4149,-0.8174
721.00,2.8444,1.4788,-0.6511,3.5443,-1.8558,-2.5058,2.8892,1.4149,-0.8194
721.50,2.8444,1.4788,-0.6511,3.5443,-1.8558,-2.5073,2.8892,1.4149,-0.8209
722.00,2.8444,1.4788,-0.6511,3.5443,-1.8558,-2.5093,2.8892,1.4149,-0.8229
722.50,2.8444,1.4788,-0.6511,3.5443,-1.8558,-2.5113,2.8892,1.4149,-0.8249
723.00,2.8444,1.4788,-0.6511,3.5443,-1.8558,-2.5130,2.8892,1.4149,-0.8266
723.50,2.8444,1.4788,-0.6511,3.5443,-1.8558,-2.5146,2.8892,1.4149,-0.8282
724.00,2.8444,1.4788,-0.6511,3.5443,-1.8558,-2.5159,2.8892,1.4149,-0.8295
724.50,2.8444,1.4788,-0.6511,3.5443,-1.8558,-2.5172,2.8892,1.4149,-0.8308
725.00,2.8444,1.4788,-0.6511,3.5443,-1.8558,-2.5189,2.8892,1.4149,-0.8325
725.50,2.8444,1.4788,-0.6511,3.5443,-1.8558,-2.5208,2.8892,1.4149,-0.8344
726.00,2.8444,1.4788,-0.6511,3.5443,-1.8558,-2.5230,2.8892,1.4149,-0.8366
726.50,2.8444,1.4788,-0.6511,3.5443,-1.8558,-2.5238,2.8892,1.4149,-0.8374
727.00,2.8444,1.4788,-0.6511,3.5443,-1.8558,-2.5251,2.8892,1.4149,-0.8387
727.50,2.8444,1.4788,-0.6511,3.5443,-1.8558,-2.5265,2.8892,1.4149,-0.8401
728.00,2.8444,1.4788,-0.6511,3.5443,-1.8558,-2.5276,2.8892,1.4149,-0.8413
728.50,2.8444,1.4788,-0.6511,3.5443,-1.8558,-2.5293,2.8892,1.4149,-0.8429
729.00,2.8444,1.4788,-0.6511,3.5443,-1.8558,-2.5308,2.8892,1.4149,-0.8444
729.50,2.8444,1.4788,-0.6511,3.5443,-1.8558,-2.5324,2.8892,1.4149,-0.8460
730.00,2.8444,1.4788,-0.6511,3.5443,-1.8558,-2.5343,2.8892,1.4149,-0.8479
730.50,2.8444,1.4788,-0.6511,3.5443,-1.8558,-2.5358,2.8892,1.4149,-0.8494
731.00,2.8444,1.4788,-0.6511,3.5443,-1.8558,-2.5373,2.8892,1.4149,-0.8509
731.50,2.8444,1.4788,-0.6511,3.5443,-1.8558,-2.5390,2.8892,1.4149,-0.8526
732.00,2.8444,1.4788,-0.6511,3.5443,-1.8558,-2.5403,2.8892,1.4149,-0.8539
732.50,2.8444,1.4788,-0.6511,3.5443,-1.8558,-2.5417,2.8892,1.4149,-0.8553
733.00,2.8444,1.4788,-0.6511,3.5443,-1.8558,-2.5432,2.8892,1.4149,-0.8569
733.50,2.8444,1.4788,-0.6511,3.5443,-1.8558,-2.5452,2.8892,1.4149,-0.8589
734.00,2.8444,1.4788,-0.6511,3.5443,-1.8558,-2.5472,2.8892,1.4149,-0.8609
734.50,2.8444,1.4788,-0.6511,3.5443,-1.8558,-2.5486,2.8892,1.4149,-0.8622
735.00,2.8444,1.4788,-0.6511,3.5443,-1.8558,-2.5500,2.8892,1.4149,-0.8636
735.50,2.8444,1.4788,-0.6511,3.5443,-1.8558,-2.5516,2.8892,1.4149,-0.8653
736.00,2.8444,1.4788,-0.6511,3.5443,-1.8558,-2.5531,2.8892,1.4149,-0.8668
736.50,2.8444,1.4788,-0.6511,3.5443,-1.8558,-2.5549,2.8892,1.4149,-0.8685
737.00,2.8444,1.4788,-0.6511,3.5443,-1.8558,-2.5566,2.8892,1.4149,-0.8703
737.50,2.8444,1.4788,-0.6511,3.5443,-1.8558,-2.5587,2.8892,1.4149,-0.8723
738.00,2.8444,1.4788,-0.6511,3.5443,-1.8558,-2.5602,2.8892,1.4149,-0.8738
738.50,2.8444,1.4788,-0.6511,3.5443,-1.8558,-2.5624,2.8892,1.4149,-0.8760
739.00,2.8444,1.4788,-0.6511,3.5443,-1.8558,-2.5648,2.8892,1.4149,-0.8784
739.50,2.8444,1.4788,-0.6511,3.5443,-1.8558,-2.5662,2.8892,1.4149,-0.8798
740.00,2.8444,1.4788,-0.6511,3.5443,-1.8558,-2.5682,2.8892,1.4149,-0.8818
740.50,2.8444,1.4788,-0.6511,3.5443,-1.8558,-2.5695,2.8892,1.4149,-0.8831
741.00,2.8444,1.4788,-0.6511,3.5443,-1.8558,-2.5708,2.8892,1.4149,-0.8844
741.50,2.8444,1.4788,-0.6511,3.5443,-1.8558,-2.5725,2.8892,1.4149,-0.8861
742.00,2.8444,1.4788,-0.6511,3.5443,-1.8558,-2.5737,2.8892,1.4149,-0.8873
742.50,2.8444,1.4788,-0.6511,3.5443,-1.8558,-2.5754,2.8892,1.4149,-0.8890
743.00,2.8444,1.4788,-0.6511,3.5443,-1.8558,-2.5774,2.8892,1.4149,-0.8910
743.50,2.8444,1.4788,-0.6511,3.5443,-1.8558,-2.5785,2.8892,1.4149,-0.8921
744.00,2.8444,1.4788,-0.6511,3.5443,-1.8558,-2.5801,2.8892,1.4149,-0.8937
744.50,2.8444,1.4788,-0.6511,3.5443,-1.8558,-2.5820,2.8892,1.4149,-0.8957
745.00,2.8444,1.4788,-0.6511,3.5443,-1.8558,-2.5838,2.8892,1.4149,-0.8974
745.50,2.8444,1.4788,-0.6511,3.5443,-1.8558,-2.5856,2.8892,1.4149,-0.8993
746.00,2.8444,1.4788,-0.6511,3.5443,-1.8558,-2.5873,2.8892,1.4149,-0.9009
746.50,2.8444,1.4788,-0.6511,3.5443,-1.8558,-2.5888,2.8892,1.4149,-0.9024
747.00,2.8444,1.4788,-0.6511,3.5443,-1.8558,-2.5915,2.8892,1.4149,-0.9051
747.50,2.8444,1.4788,-0.6511,3.5443,-1.8558,-2.5937,2.8892,1.4149,-0.9074
748.00,2.8444,1.4788,-0.6511,3.5443,-1.8558,-2.5949,2.8892,1.4149,-0.9086
748.50,2.8444,1.4788,-0.6511,3.5443,-1.8558,-2.5970,2.8892,1.4149,-0.9106
749.00,2.8444,1.4788,-0.6511,3.5443,-1.8558,-2.5983,2.8892,1.4149,-0.9120
749.50,2.8444,1.4788,-0.6511,3.5443,-1.8558,-2.6000,2.8892,1.4149,-0.9136
750.00,2.8444,1.4788,-0.6511,3.5443,-1.8558,-2.6016,2.8892,1.4149,-0.9152
750.50,2.8444,1.4788,-0.6511,3.5443,-1.8558,-2.6029,2.8892,1.4149,-0.9166
751.00,2.8444,1.4788,-0.6511,3.5443,-1.8558,-2.6046,2.8892,1.4149,-0.9182
751.50,2.8444,1.4788,-0.6511,3.5443,-1.8558,-2.6066,2.8892,1.4149,-0.9202
752.00,2.8444,1.4788,-0.6511,3.5443,-1.8558,-2.6081,2.8892,1.4149,-0.9217
752.50,2.8444,1.4788,-0.6511,3.5443,-1.8558,-2.6099,2.8892,1.4149,-0.9235
753.00,2.8444,1.4788,-0.6511,3.5443,-1.8558,-2.6112,2.8892,1.4149,-0.9248
753.50,2.8444,1.4788,-0.6511,3.5443,-1.8558,-2.6132,2.8892,1.4149,-0.9268
754.00,2.8444,1.4788,-0.6511,3.5443,-1.8558,-2.6145,2.8892,1.4149,-0.9281
754.50,2.8444,1.4788,-0.6511,3.5443,-1.8558,-2.6165,2.8892,1.4149,-0.9302
755.00,2.8444,1.4788,-0.6511,3.5443,-1.8558,-2.6179,2.8892,1.4149,-0.9316
755.50,2.8444,1.4788,-0.6511,3.5443,-1.8558,-2.6197,2.8892,1.4149,-0.9333
756.00,2.8444,1.4788,-0.6511,3.5443,-1.8558,-2.6212,2.8892,1.4149,-0.9349
756.50,2.8444,1.4788,-0.6511,3.5443,-1.8558,-2.6236,2.8892,1.4149,-0.9372
757.00,2.8444,1.4788,-0.6511,3.5443,-1.8558,-2.6252,2.8892,1.4149,-0.9389
757.50,2.8444,1.4788,-0.6511,3.5443,-1.8558,-2.6268,2.8892,1.4149,-0.9404
758.00,2.8444,1.4788,-0.6511,3.5443,-1.8558,-2.6281,2.8892,1.4149,-0.9418
758.50,2.8444,1.4788,-0.6511,3.5443,-1.8558,-2.6302,2.8892,1.4149,-0.9438
759.00,2.8444,1.4788,-0.6511,3.5443,-1.8558,-2.6318,2.8892,1.4149,-0.9454
759.50,2.8444,1.4788,-0.6511,3.5443,-1.8558,-2.6339,2.8892,1.4149,-0.9475
760.00,2.8444,1.4788,-0.6511,3.5443,-1.8558,-2.6357,2.8892,1.4149,-0.9493
760.50,2.8444,1.4788,-0.6511,3.5443,-1.8558,-2.6374,2.8892,1.4149,-0.9510
761.00,2.8444,1.4788,-0.6511,3.5443,-1.8558,-2.6393,2.8892,1.4149,-0.9529
761.50,2.8444,1.4788,-0.6511,3.5443,-1.8558,-2.6407,2.8892,1.4149,-0.9543
762.00,2.8444,1.4788,-0.6511,3.5443,-1.8558,-2.6423,2.8892,1.4149,-0.9560
762.50,2.8444,1.4788,-0.6511,3.5443,-1.8558,-2.6445,2.8892,1.4149,-0.9581
763.00,2.8444,1.4788,-0.6511,3.5443,-1.8558,-2.6459,2.8892,1.4149,-0.9596
763.50,2.8444,1.4788,-0.6511,3.5443,-1.8558,-2.6477,2.8892,1.4149,-0.9613
764.00,2.8444,1.4788,-0.6511,3.5443,-1.8558,-2.6496,2.8892,1.4149,-0.9632
764.50,2.8444,1.4788,-0.6511,3.5443,-1.8558,-2.6516,2.8892,1.4149,-0.9652
765.00,2.8444,1.4788,-0.6511,3.5443,-1.8558,-2.6537,2.8892,1.4149,-0.9673
765.50,2.8444,1.4788,-0.6511,3.5443,-1.8558,-2.6552,2.8892,1.4149,-0.9688
766.00,2.8444,1.4788,-0.6511,3.5443,-1.8558,-2.6571,2.8892,1.4149,-0.9708
766.50,2.8444,1.4788,-0.6511,3.5443,-1.8558,-2.6591,2.8892,1.4149,-0.9727
767.00,2.8444,1.4788,-0.6511,3.5443,-1.8558,-2.6606,2.8892,1.4149,-0.9743
767.50,2.8444,1.4788,-0.6511,3.5443,-1.8558,-2.6630,2.8892,1.4149,-0.9766
768.00,2.8444,1.4788,-0.6511,3.5443,-1.8558,-2.6647,2.8892,1.4149,-0.9783
768.50,2.8444,1.4788,-0.6511,3.5443,-1.8558,-2.6663,2.8892,1.4149,-0.9799
769.00,2.8444,1.4788,-0.6511,3.5443,-1.8558,-2.6680,2.8892,1.4149,-0.9816
769.50,2.8444,1.4788,-0.6511,3.5443,-1.8558,-2.6699,2.8892,1.4149,-0.9835
770.00,2.8444,1.4788,-0.6511,3.5443,-1.8558,-2.6716,2.8892,1.4149,-0.9852
770.50,2.8444,1.4788,-0.6511,3.5443,-1.8558,-2.6736,2.8892,1.4149,-0.9872
771.00,2.8444,1.4788,-0.6511,3.5443,-1.8558,-2.6756,2.8892,1.4149,-0.9892
771.50,2.8444,1.4788,-0.6511,3.5443,-1.8558,-2.6774,2.8892,1.4149,-0.9910
772.00,2.8444,1.4788,-0.6511,3.5443,-1.8558,-2.6791,2.8892,1.4149,-0.9927
772.50,2.8444,1.4788,-0.6511,3.5443,-1.8558,-2.6809,2.8892,1.4149,-0.9945
773.00,2.8444,1.4788,-0.6511,3.5443,-1.8558,-2.6827,2.8892,1.4149,-0.9964
773.50,2.8444,1.4788,-0.6511,3.5443,-1.8558,-2.6842,2.8892,1.4149,-0.9978
774.00,2.8444,1.4788,-0.6511,3.5443,-1.8558,-2.6861,2.8892,1.4149,-0.9997
774.50,2.8444,1.4788,-0.6511,3.5443,-1.8558,-2.6883,2.8892,1.4149,-1.0019
775.00,2.8444,1.4788,-0.6511,3.5443,-1.8558,-2.6898,2.8892,1.4149,-1.0034
775.50,2.8444,1.4788,-0.6511,3.5443,-1.8558,-2.6917,2.8892,1.4149,-1.0053
776.00,2.8444,1.4788,-0.6511,3.5443,-1.8558,-2.6932,2.8892,1.4149,-1.0068
776.50,2.8444,1.4788,-0.6511,3.5443,-1.8558,-2.6948,2.8892,1.4149,-1.0084
777.00,2.8444,1.4788,-0.6511,3.5443,-1.8558,-2.6968,2.8892,1.4149,-1.0104
777.50,2.8444,1.4788,-0.6511,3.5443,-1.8558,-2.6987,2.8892,1.4149,-1.0123
778.00,2.8444,1.4788,-0.6511,3.5443,-1.8558,-2.7003,2.8892,1.4149,-1.0139
778.50,2.8444,1.4788,-0.6511,3.5443,-1.8558,-2.7020,2.8892,1.4149,-1.0157
779.00,2.8444,1.4788,-0.6511,3.5443,-1.8558,-2.7035,2.8892,1.4149,-1.0171
779.50,2.8444,1.4788,-0.6511,3.5443,-1.8558,-2.7051,2.8892,1.4149,-1.0187
780.00,2.8444,1.4788,-0.6511,3.5443,-1.8558,-2.7067,2.8892,1.4149,-1.0203
780.50,2.8444,1.4788,-0.6511,3.5443,-1.8558,-2.7085,2.8892,1.4149,-1.0222
781.00,2.8444,1.4788,-0.6511,3.5443,-1.8558,-2.7100,2.8892,1.4149,-1.0236
781.50,2.8444,1.4788,-0.6511,3.5443,-1.8558,-2.7120,2.8892,1.4149,-1.0256
782.00,2.8444,1.4788,-0.6511,3.5443,-1.8558,-2.7136,2.8892,1.4149,-1.0272
782.50,2.8444,1.4788,-0.6511,3.5443,-1.8558,-2.7153,2.8892,1.4149,-1.0289
783.00,2.8444,1.4788,-0.6511,3.5443,-1.8558,-2.7168,2.8892,1.4149,-1.0305
783.50,2.8444,1.4788,-0.6511,3.5443,-1.8558,-2.7189,2.8892,1.4149,-1.0325
784.00,2.8444,1.4788,-0.6511,3.5443,-1.8558,-2.7208,2.8892,1.4149,-1.0345
784.50,2.8444,1.4788,-0.6511,3.5443,-1.8558,-2.7227,2.8892,1.4149,-1.0363
785.00,2.8444,1.4788,-0.6511,3.5443,-1.8558,-2.7254,2.8892,1.4149,-1.0390
785.50,2.8444,1.4788,-0.6511,3.5443,-1.8558,-2.7273,2.8892,1.4149,-1.0410
786.00,2.8444,1.4788,-0.6511,3.5443,-1.8558,-2.7292,2.8892,1.4149,-1.0428
786.50,2.8444,1.4788,-0.6511,3.5443,-1.8558,-2.7306,2.8892,1.4149,-1.0442
787.00,2.8444,1.4788,-0.6511,3.5443,-1.8558,-2.7320,2.8892,1.4149,-1.0456
787.50,2.8444,1.4788,-0.6511,3.5443,-1.8558,-2.7339,2.8892,1.4149,-1.0475
788.00,2.8444,1.4788,-0.6511,3.5443,-1.8558,-2.7356,2.8892,1.4149,-1.0493
788.50,2.8444,1.4788,-0.6511,3.5443,-1.8558,-2.7373,2.8892,1.4149,-1.0509
789.00,2.8444,1.4788,-0.6511,3.5443,-1.8558,-2.7390,2.8892,1.4149,-1.0527
789.50,2.8444,1.4788,-0.6511,3.5443,-1.8558,-2.7408,2.8892,1.4149,-1.0545
790.00,2.8444,1.4788,-0.6511,3.5443,-1.8558,-2.7426,2.8892,1.4149,-1.0562
790.50,2.8444,1.4788,-0.6511,3.5443,-1.8558,-2.7444,2.8892,1.4149,-1.0580
791.00,2.8444,1.4788,-0.6511,3.5443,-1.8558,-2.7459,2.8892,1.4149,-1.0595
791.50,2.8444,1.4788,-0.6511,3.5443,-1.8558,-2.7472,2.8892,1.4149,-1.0608
792.00,2.8444,1.4788,-0.6511,3.5443,-1.8558,-2.7489,2.8892,1.4149,-1.0625
792.50,2.8444,1.4788,-0.6511,3.5443,-1.8558,-2.7502,2.8892,1.4149,-1.0638
793.00,2.8444,1.4788,-0.6511,3.5443,-1.8558,-2.7519,2.8892,1.4149,-1.0655
793.50,2.8444,1.4788,-0.6511,3.5443,-1.8558,-2.7532,2.8892,1.4149,-1.0669
794.00,2.8444,1.4788,-0.6511,3.5443,-1.8558,-2.7552,2.8892,1.4149,-1.0689
794.50,2.8444,1.4788,-0.6511,3.5443,-1.8558,-2.7574,2.8892,1.4149,-1.0710
795.00,2.8444,1.4788,-0.6511,3.5443,-1.8558,-2.7597,2.8892,1.4149,-1.0733
795.50,2.8444,1.4788,-0.6511,3.5443,-1.8558,-2.7611,2.8892,1.4149,-1.0747
796.00,2.8444,1.4788,-0.6511,3.5443,-1.8558,-2.7628,2.8892,1.4149,-1.0764
796.50,2.8444,1.4788,-0.6511,3.5443,-1.8558,-2.7645,2.8892,1.4149,-1.0782
797.00,2.8444,1.4788,-0.6511,3.5443,-1.8558,-2.7662,2.8892,1.4149,-1.0799
797.50,2.8444,1.4788,-0.6511,3.5443,-1.8558,-2.7675,2.8892,1.4149,-1.0811
798.00,2.8444,1.4788,-0.6511,3.5443,-1.8558,-2.7684,2.8892,1.4149,-1.0820
798.50,2.8444,1.4788,-0.6511,3.5443,-1.8558,-2.7699,2.8892,1.4149,-1.0836
799.00,2.8444,1.4788,-0.6511,3.5443,-1.8558,-2.7715,2.8892,1.4149,-1.0851
799.50,2.8444,1.4788,-0.6511,3.5443,-1.8558,-2.7731,2.8892,1.4149,-1.0867
800.00,2.8444,1.4788,-0.6511,3.5443,-1.8558,-2.7744,2.8892,1.4149,-1.0880
800.50,2.8444,1.4788,-0.6511,3.5443,-1.8558,-2.7766,2.8892,1.4149,-1.0902
801.00,2.8444,1.4788,-0.6511,3.5443,-1.8558,-2.7785,2.8892,1.4149,-1.0921
801.50,2.8444,1.4788,-0.6511,3.5443,-1.8558,-2.7801,2.8892,1.4149,-1.0937
802.00,2.8444,1.4788,-0.6511,3.5443,-1.8558,-2.7818,2.8892,1.4149,-1.0954
802.50,2.8444,1.4788,-0.6511,3.5443,-1.8558,-2.7839,2.8892,1.4149,-1.0975
803.00,2.8444,1.4788,-0.6511,3.5443,-1.8558,-2.7858,2.8892,1.4149,-1.0995
803.50,2.8444,1.4788,-0.6511,3.5443,-1.8558,-2.7879,2.8892,1.4149,-1.1016
804.00,2.8444,1.4788,-0.6511,3.5443,-1.8558,-2.7904,2.8892,1.4149,-1.1040
804.50,2.8444,1.4788,-0.6511,3.5443,-1.8558,-2.7912,2.8892,1.4149,-1.1049
805.00,2.8444,1.4788,-0.6511,3.5443,-1.8558,-2.7935,2.8892,1.4149,-1.1072
805.50,2.8444,1.4788,-0.6511,3.5443,-1.8558,-2.7954,2.8892,1.4149,-1.1090
806.00,2.8444,1.4788,-0.6511,3.5443,-1.8558,-2.7974,2.8892,1.4149,-1.1110
806.50,2.8444,1.4788,-0.6511,3.5443,-1.8558,-2.7991,2.8892,1.4149,-1.1127
