[INFO] [launch]: All log files can be found below /root/.ros/log/2026-07-05-21-59-13-173496-1e64d198c5f6-224
[INFO] [launch]: Default logging verbosity is set to INFO
[INFO] [controller_server-1]: process started with pid [499]
[INFO] [planner_server-2]: process started with pid [501]
[INFO] [behavior_server-3]: process started with pid [503]
[INFO] [bt_navigator-4]: process started with pid [505]
[INFO] [waypoint_follower-5]: process started with pid [507]
[INFO] [lifecycle_manager-6]: process started with pid [509]
[planner_server-2] [INFO] [1783288753.752305167] [planner_server]: 
[planner_server-2] 	planner_server lifecycle node launched. 
[planner_server-2] 	Waiting on external lifecycle transitions to activate
[planner_server-2] 	See https://design.ros2.org/articles/node_lifecycle.html for more information.
[waypoint_follower-5] [INFO] [1783288753.758600155] [waypoint_follower]: 
[waypoint_follower-5] 	waypoint_follower lifecycle node launched. 
[waypoint_follower-5] 	Waiting on external lifecycle transitions to activate
[waypoint_follower-5] 	See https://design.ros2.org/articles/node_lifecycle.html for more information.
[controller_server-1] [INFO] [1783288753.768123984] [controller_server]: 
[controller_server-1] 	controller_server lifecycle node launched. 
[controller_server-1] 	Waiting on external lifecycle transitions to activate
[controller_server-1] 	See https://design.ros2.org/articles/node_lifecycle.html for more information.
[lifecycle_manager-6] [INFO] [1783288753.772319597] [lifecycle_manager_navigation]: Creating
[lifecycle_manager-6] [INFO] [1783288753.787059528] [lifecycle_manager_navigation]: [34m[1mCreating and initializing lifecycle service clients[0m[0m
[bt_navigator-4] [INFO] [1783288753.801312031] [bt_navigator]: 
[bt_navigator-4] 	bt_navigator lifecycle node launched. 
[bt_navigator-4] 	Waiting on external lifecycle transitions to activate
[bt_navigator-4] 	See https://design.ros2.org/articles/node_lifecycle.html for more information.
[bt_navigator-4] [INFO] [1783288753.801380822] [bt_navigator]: Creating
[behavior_server-3] [INFO] [1783288753.809995702] [behavior_server]: 
[behavior_server-3] 	behavior_server lifecycle node launched. 
[behavior_server-3] 	Waiting on external lifecycle transitions to activate
[behavior_server-3] 	See https://design.ros2.org/articles/node_lifecycle.html for more information.
[lifecycle_manager-6] [INFO] [1783288753.810039581] [lifecycle_manager_navigation]: [34m[1mStarting managed nodes bringup...[0m[0m
[lifecycle_manager-6] [INFO] [1783288753.810090712] [lifecycle_manager_navigation]: [34m[1mConfiguring controller_server[0m[0m
[waypoint_follower-5] [INFO] [1783288753.856517635] [waypoint_follower]: Creating
[planner_server-2] [INFO] [1783288754.097503890] [planner_server]: Creating
[planner_server-2] [INFO] [1783288754.104622137] [global_costmap.global_costmap]: 
[planner_server-2] 	global_costmap lifecycle node launched. 
[planner_server-2] 	Waiting on external lifecycle transitions to activate
[planner_server-2] 	See https://design.ros2.org/articles/node_lifecycle.html for more information.
[planner_server-2] [INFO] [1783288754.189971798] [global_costmap.global_costmap]: Creating Costmap
[controller_server-1] [INFO] [1783288755.028492117] [controller_server]: Creating controller server
[controller_server-1] [INFO] [1783288755.037523067] [local_costmap.local_costmap]: 
[controller_server-1] 	local_costmap lifecycle node launched. 
[controller_server-1] 	Waiting on external lifecycle transitions to activate
[controller_server-1] 	See https://design.ros2.org/articles/node_lifecycle.html for more information.
[controller_server-1] [INFO] [1783288755.136962849] [local_costmap.local_costmap]: Creating Costmap
[controller_server-1] [INFO] [1783288755.139805361] [controller_server]: Configuring controller interface
[controller_server-1] [INFO] [1783288755.139952380] [controller_server]: getting goal checker plugins..
[controller_server-1] [INFO] [1783288755.140062144] [controller_server]: Controller frequency set to 20.0000Hz
[controller_server-1] [INFO] [1783288755.140077171] [local_costmap.local_costmap]: Configuring
[controller_server-1] [INFO] [1783288755.155449930] [local_costmap.local_costmap]: Using plugin "obstacle_layer"
[controller_server-1] [INFO] [1783288755.204624767] [local_costmap.local_costmap]: Subscribed to Topics: scan camera
[controller_server-1] [INFO] [1783288755.212150354] [local_costmap.local_costmap]: Initialized plugin "obstacle_layer"
[controller_server-1] [INFO] [1783288755.212181296] [local_costmap.local_costmap]: Using plugin "inflation_layer"
[controller_server-1] [INFO] [1783288755.212866417] [local_costmap.local_costmap]: Initialized plugin "inflation_layer"
[controller_server-1] [INFO] [1783288755.263927437] [controller_server]: Created progress_checker : progress_checker of type nav2_controller::PoseProgressChecker
[controller_server-1] [INFO] [1783288755.299943573] [controller_server]: Created goal checker : general_goal_checker of type nav2_controller::SimpleGoalChecker
[controller_server-1] [INFO] [1783288755.300387210] [controller_server]: Controller Server has general_goal_checker  goal checkers available.
[controller_server-1] [INFO] [1783288755.765044602] [controller_server]: Created controller : FollowPath of type nav2_rotation_shim_controller::RotationShimController
[controller_server-1] [INFO] [1783288755.801413636] [controller_server]: Created internal controller for rotation shimming: FollowPath of type nav2_regulated_pure_pursuit_controller::RegulatedPurePursuitController
[controller_server-1] [INFO] [1783288755.804860057] [controller_server]: Controller Server has FollowPath  controllers available.
[lifecycle_manager-6] [INFO] [1783288755.810861518] [lifecycle_manager_navigation]: [34m[1mConfiguring planner_server[0m[0m
[planner_server-2] [INFO] [1783288755.811010017] [planner_server]: Configuring
[planner_server-2] [INFO] [1783288755.811029664] [global_costmap.global_costmap]: Configuring
[planner_server-2] [INFO] [1783288755.826333440] [global_costmap.global_costmap]: Using plugin "static_layer"
[planner_server-2] [INFO] [1783288755.883300537] [global_costmap.global_costmap]: Subscribing to the map topic (/map) with transient local durability
[planner_server-2] [INFO] [1783288755.887373685] [global_costmap.global_costmap]: Subscribing to updates
[planner_server-2] [INFO] [1783288755.894638642] [global_costmap.global_costmap]: Initialized plugin "static_layer"
[planner_server-2] [INFO] [1783288755.894670067] [global_costmap.global_costmap]: Using plugin "obstacle_layer"
[planner_server-2] [INFO] [1783288755.895459936] [global_costmap.global_costmap]: Subscribed to Topics: scan camera
[planner_server-2] [INFO] [1783288755.899972056] [global_costmap.global_costmap]: Initialized plugin "obstacle_layer"
[planner_server-2] [INFO] [1783288755.900001067] [global_costmap.global_costmap]: Using plugin "inflation_layer"
[planner_server-2] [INFO] [1783288755.900789531] [global_costmap.global_costmap]: Initialized plugin "inflation_layer"
[planner_server-2] [INFO] [1783288755.907260567] [global_costmap.global_costmap]: StaticLayer: Resizing costmap to 476 X 206 at 0.050000 m/pix
[planner_server-2] [INFO] [1783288755.945929087] [planner_server]: Created global planner plugin GridBased of type nav2_navfn_planner/NavfnPlanner
[planner_server-2] [INFO] [1783288755.945967305] [planner_server]: Configuring plugin GridBased of type NavfnPlanner
[planner_server-2] [INFO] [1783288755.946556684] [planner_server]: Planner Server has GridBased  planners available.
[lifecycle_manager-6] [INFO] [1783288755.953107353] [lifecycle_manager_navigation]: [34m[1mConfiguring behavior_server[0m[0m
[behavior_server-3] [INFO] [1783288755.953265867] [behavior_server]: Configuring
[behavior_server-3] [INFO] [1783288755.976161880] [behavior_server]: Creating behavior plugin spin of type nav2_behaviors/Spin
[behavior_server-3] [INFO] [1783288756.010818419] [behavior_server]: Configuring spin
[behavior_server-3] [INFO] [1783288756.016165087] [behavior_server]: Creating behavior plugin backup of type nav2_behaviors/BackUp
[behavior_server-3] [INFO] [1783288756.059199597] [behavior_server]: Configuring backup
[behavior_server-3] [INFO] [1783288756.060996124] [behavior_server]: Creating behavior plugin drive_on_heading of type nav2_behaviors/DriveOnHeading
[behavior_server-3] [INFO] [1783288756.096591316] [behavior_server]: Configuring drive_on_heading
[behavior_server-3] [INFO] [1783288756.098414337] [behavior_server]: Creating behavior plugin wait of type nav2_behaviors/Wait
[behavior_server-3] [INFO] [1783288756.134348829] [behavior_server]: Configuring wait
[lifecycle_manager-6] [INFO] [1783288756.136228317] [lifecycle_manager_navigation]: [34m[1mConfiguring bt_navigator[0m[0m
[bt_navigator-4] [INFO] [1783288756.136387811] [bt_navigator]: Configuring
[lifecycle_manager-6] [INFO] [1783288756.434106649] [lifecycle_manager_navigation]: [34m[1mConfiguring waypoint_follower[0m[0m
[waypoint_follower-5] [INFO] [1783288756.434357405] [waypoint_follower]: Configuring
[waypoint_follower-5] [INFO] [1783288756.499376607] [waypoint_follower]: Created waypoint_task_executor : wait_at_waypoint of type nav2_waypoint_follower::WaitAtWaypoint
[waypoint_follower-5] [INFO] [1783288756.499656364] [waypoint_follower]: Waypoint pause duration is set to zero, disabling task executor plugin.
[lifecycle_manager-6] [INFO] [1783288756.499925326] [lifecycle_manager_navigation]: [34m[1mActivating controller_server[0m[0m
[controller_server-1] [INFO] [1783288756.500106322] [controller_server]: Activating
[controller_server-1] [INFO] [1783288756.500146939] [local_costmap.local_costmap]: Activating
[controller_server-1] [INFO] [1783288756.500161815] [local_costmap.local_costmap]: Checking transform
[controller_server-1] [INFO] [1783288756.500319897] [local_costmap.local_costmap]: start
[controller_server-1] [INFO] [1783288756.701078813] [controller_server]: Activating controller: FollowPath of type nav2_rotation_shim_controller::RotationShimController
[controller_server-1] [INFO] [1783288756.701113463] [controller_server]: Activating controller: FollowPath of type regulated_pure_pursuit_controller::RegulatedPurePursuitController
[controller_server-1] [INFO] [1783288756.701128565] [controller_server]: Creating bond (controller_server) to lifecycle manager.
[lifecycle_manager-6] [INFO] [1783288756.810426118] [lifecycle_manager_navigation]: Server controller_server connected with bond.
[lifecycle_manager-6] [INFO] [1783288756.810463160] [lifecycle_manager_navigation]: [34m[1mActivating planner_server[0m[0m
[planner_server-2] [INFO] [1783288756.810601394] [planner_server]: Activating
[planner_server-2] [INFO] [1783288756.810625984] [global_costmap.global_costmap]: Activating
[planner_server-2] [INFO] [1783288756.810632356] [global_costmap.global_costmap]: Checking transform
[planner_server-2] [INFO] [1783288756.810719694] [global_costmap.global_costmap]: start
[planner_server-2] [INFO] [1783288757.061473601] [planner_server]: Activating plugin GridBased of type NavfnPlanner
[planner_server-2] [INFO] [1783288757.061848217] [planner_server]: Creating bond (planner_server) to lifecycle manager.
[lifecycle_manager-6] [INFO] [1783288757.168699349] [lifecycle_manager_navigation]: Server planner_server connected with bond.
[lifecycle_manager-6] [INFO] [1783288757.168739529] [lifecycle_manager_navigation]: [34m[1mActivating behavior_server[0m[0m
[behavior_server-3] [INFO] [1783288757.168933468] [behavior_server]: Activating
[behavior_server-3] [INFO] [1783288757.168963911] [behavior_server]: Activating spin
[behavior_server-3] [INFO] [1783288757.168979429] [behavior_server]: Activating backup
[behavior_server-3] [INFO] [1783288757.168990883] [behavior_server]: Activating drive_on_heading
[behavior_server-3] [INFO] [1783288757.169002058] [behavior_server]: Activating wait
[behavior_server-3] [INFO] [1783288757.169016680] [behavior_server]: Creating bond (behavior_server) to lifecycle manager.
[lifecycle_manager-6] [INFO] [1783288757.274802109] [lifecycle_manager_navigation]: Server behavior_server connected with bond.
[lifecycle_manager-6] [INFO] [1783288757.274899320] [lifecycle_manager_navigation]: [34m[1mActivating bt_navigator[0m[0m
[bt_navigator-4] [INFO] [1783288757.275086467] [bt_navigator]: Activating
[bt_navigator-4] [INFO] [1783288757.296140830] [bt_navigator]: Creating bond (bt_navigator) to lifecycle manager.
[lifecycle_manager-6] [INFO] [1783288757.403257455] [lifecycle_manager_navigation]: Server bt_navigator connected with bond.
[lifecycle_manager-6] [INFO] [1783288757.403293254] [lifecycle_manager_navigation]: [34m[1mActivating waypoint_follower[0m[0m
[waypoint_follower-5] [INFO] [1783288757.403453418] [waypoint_follower]: Activating
[waypoint_follower-5] [INFO] [1783288757.403482252] [waypoint_follower]: Creating bond (waypoint_follower) to lifecycle manager.
[lifecycle_manager-6] [INFO] [1783288757.508764951] [lifecycle_manager_navigation]: Server waypoint_follower connected with bond.
[lifecycle_manager-6] [INFO] [1783288757.508802519] [lifecycle_manager_navigation]: [34m[1mManaged nodes are active[0m[0m
[lifecycle_manager-6] [INFO] [1783288757.508809206] [lifecycle_manager_navigation]: [34m[1mCreating bond timer...[0m[0m
[planner_server-2] [INFO] [1783288778.213337338] [global_costmap.global_costmap]: StaticLayer: Resizing costmap to 477 X 206 at 0.050000 m/pix
[planner_server-2] [INFO] [1783288779.213343670] [global_costmap.global_costmap]: StaticLayer: Resizing costmap to 477 X 209 at 0.050000 m/pix
[planner_server-2] [INFO] [1783288781.213342125] [global_costmap.global_costmap]: StaticLayer: Resizing costmap to 477 X 212 at 0.050000 m/pix
[planner_server-2] [INFO] [1783288783.213352727] [global_costmap.global_costmap]: StaticLayer: Resizing costmap to 477 X 212 at 0.050000 m/pix
[planner_server-2] [INFO] [1783288784.213356363] [global_costmap.global_costmap]: StaticLayer: Resizing costmap to 477 X 214 at 0.050000 m/pix
[planner_server-2] [INFO] [1783288786.213341693] [global_costmap.global_costmap]: StaticLayer: Resizing costmap to 478 X 216 at 0.050000 m/pix
[controller_server-1] [INFO] [1783288797.657695806] [local_costmap.local_costmap]: Received request to clear entirely the local_costmap
[planner_server-2] [INFO] [1783288797.657726127] [global_costmap.global_costmap]: Received request to clear entirely the global_costmap
[controller_server-1] [INFO] [1783288799.702363322] [local_costmap.local_costmap]: Received request to clear entirely the local_costmap
[planner_server-2] [INFO] [1783288799.702498666] [global_costmap.global_costmap]: Received request to clear entirely the global_costmap
[planner_server-2] [WARN] [1783288801.857338890] [planner_server]: No planners specified in action call. Server will use only plugin GridBased  in server. This warning will appear once.
[bt_navigator-4] [INFO] [1783288801.902114628] [bt_navigator]: Begin navigating from current location (1.16, 0.00) to (-1.59, 4.68)
[controller_server-1] [INFO] [1783288801.912939802] [controller_server]: Received a goal, begin computing control effort.
[controller_server-1] [WARN] [1783288801.913037904] [controller_server]: No goal checker was specified in parameter 'current_goal_checker'. Server will use only plugin loaded general_goal_checker . This warning will appear once.
[controller_server-1] [WARN] [1783288802.014366836] [controller_server]: Control loop missed its desired rate of 20.0000Hz
[controller_server-1] [WARN] [1783288802.215874290] [controller_server]: Control loop missed its desired rate of 20.0000Hz
[controller_server-1] [ERROR] [1783288802.415642507] [transformPoseInTargetFrame]: Extrapolation Error looking up target frame: Lookup would require extrapolation into the future.  Requested time 52.628000 but the latest data is at time 52.620000, when looking up transform from frame [map] to frame [leo1/base_link]
[controller_server-1] 
[controller_server-1] [WARN] [1783288802.416527056] [controller_server]: Control loop missed its desired rate of 20.0000Hz
[controller_server-1] [INFO] [1783288802.975327055] [controller_server]: Passing new path to controller.
[controller_server-1] [ERROR] [1783288803.217583217] [transformPoseInTargetFrame]: Extrapolation Error looking up target frame: Lookup would require extrapolation into the future.  Requested time 53.430000 but the latest data is at time 53.420000, when looking up transform from frame [map] to frame [leo1/base_link]
[controller_server-1] 
[controller_server-1] [WARN] [1783288803.218326593] [controller_server]: Control loop missed its desired rate of 20.0000Hz
[controller_server-1] [INFO] [1783288803.979548921] [controller_server]: Passing new path to controller.
[controller_server-1] [ERROR] [1783288804.219429270] [transformPoseInTargetFrame]: Extrapolation Error looking up target frame: Lookup would require extrapolation into the future.  Requested time 54.427000 but the latest data is at time 54.420000, when looking up transform from frame [map] to frame [leo1/base_link]
[controller_server-1] 
[controller_server-1] [WARN] [1783288804.220093808] [controller_server]: Control loop missed its desired rate of 20.0000Hz
[controller_server-1] [INFO] [1783288805.031748351] [controller_server]: Passing new path to controller.
[controller_server-1] [WARN] [1783288805.233368918] [controller_server]: Control loop missed its desired rate of 20.0000Hz
[controller_server-1] [ERROR] [1783288805.431416174] [transformPoseInTargetFrame]: Extrapolation Error looking up target frame: Lookup would require extrapolation into the future.  Requested time 55.621000 but the latest data is at time 55.620000, when looking up transform from frame [map] to frame [leo1/base_link]
[controller_server-1] 
[controller_server-1] [WARN] [1783288805.432073378] [controller_server]: Control loop missed its desired rate of 20.0000Hz
[controller_server-1] [INFO] [1783288806.041220104] [controller_server]: Passing new path to controller.
[controller_server-1] [WARN] [1783288806.248561577] [controller_server]: Control loop missed its desired rate of 20.0000Hz
[controller_server-1] [ERROR] [1783288806.438845077] [transformPoseInTargetFrame]: Extrapolation Error looking up target frame: Lookup would require extrapolation into the future.  Requested time 56.622000 but the latest data is at time 56.620000, when looking up transform from frame [map] to frame [leo1/base_link]
[controller_server-1] 
[controller_server-1] [WARN] [1783288806.439491496] [controller_server]: Control loop missed its desired rate of 20.0000Hz
[controller_server-1] [INFO] [1783288807.099484925] [controller_server]: Passing new path to controller.
[planner_server-2] [INFO] [1783288807.219019352] [global_costmap.global_costmap]: StaticLayer: Resizing costmap to 478 X 219 at 0.050000 m/pix
[controller_server-1] [WARN] [1783288807.251031234] [controller_server]: Control loop missed its desired rate of 20.0000Hz
[controller_server-1] [WARN] [1783288807.450386637] [controller_server]: Control loop missed its desired rate of 20.0000Hz
[controller_server-1] [WARN] [1783288807.660428721] [controller_server]: Control loop missed its desired rate of 20.0000Hz
[controller_server-1] [WARN] [1783288807.860390235] [controller_server]: Control loop missed its desired rate of 20.0000Hz
[controller_server-1] [WARN] [1783288808.060338440] [controller_server]: Control loop missed its desired rate of 20.0000Hz
[controller_server-1] [INFO] [1783288808.089579572] [controller_server]: Passing new path to controller.
[controller_server-1] [WARN] [1783288808.260388533] [controller_server]: Control loop missed its desired rate of 20.0000Hz
[controller_server-1] [WARN] [1783288808.460365434] [controller_server]: Control loop missed its desired rate of 20.0000Hz
[controller_server-1] [WARN] [1783288808.660441874] [controller_server]: Control loop missed its desired rate of 20.0000Hz
[controller_server-1] [WARN] [1783288808.860375316] [controller_server]: Control loop missed its desired rate of 20.0000Hz
[controller_server-1] [WARN] [1783288809.070393976] [controller_server]: Control loop missed its desired rate of 20.0000Hz
[controller_server-1] [INFO] [1783288809.139580259] [controller_server]: Passing new path to controller.
[controller_server-1] [WARN] [1783288809.270474390] [controller_server]: Control loop missed its desired rate of 20.0000Hz
[controller_server-1] [WARN] [1783288809.470454950] [controller_server]: Control loop missed its desired rate of 20.0000Hz
[controller_server-1] [WARN] [1783288809.670479692] [controller_server]: Control loop missed its desired rate of 20.0000Hz
[controller_server-1] [WARN] [1783288809.880602200] [controller_server]: Control loop missed its desired rate of 20.0000Hz
[controller_server-1] [WARN] [1783288809.900913912] [controller_server]: Control loop missed its desired rate of 20.0000Hz
[controller_server-1] [WARN] [1783288810.080565248] [controller_server]: Control loop missed its desired rate of 20.0000Hz
[controller_server-1] [WARN] [1783288810.100867696] [controller_server]: Control loop missed its desired rate of 20.0000Hz
[controller_server-1] [INFO] [1783288810.189605715] [controller_server]: Passing new path to controller.
[controller_server-1] [WARN] [1783288810.280859898] [controller_server]: Control loop missed its desired rate of 20.0000Hz
[controller_server-1] [WARN] [1783288810.291082309] [controller_server]: Control loop missed its desired rate of 20.0000Hz
[controller_server-1] [WARN] [1783288810.480559716] [controller_server]: Control loop missed its desired rate of 20.0000Hz
[controller_server-1] [WARN] [1783288810.490777459] [controller_server]: Control loop missed its desired rate of 20.0000Hz
[controller_server-1] [WARN] [1783288810.680602418] [controller_server]: Control loop missed its desired rate of 20.0000Hz
[controller_server-1] [WARN] [1783288810.690829943] [controller_server]: Control loop missed its desired rate of 20.0000Hz
[controller_server-1] [WARN] [1783288810.880627261] [controller_server]: Control loop missed its desired rate of 20.0000Hz
[controller_server-1] [WARN] [1783288810.890876613] [controller_server]: Control loop missed its desired rate of 20.0000Hz
[controller_server-1] [WARN] [1783288811.080589991] [controller_server]: Control loop missed its desired rate of 20.0000Hz
[controller_server-1] [WARN] [1783288811.100938841] [controller_server]: Control loop missed its desired rate of 20.0000Hz
[controller_server-1] [INFO] [1783288811.189575275] [controller_server]: Passing new path to controller.
[controller_server-1] [WARN] [1783288811.290938449] [controller_server]: Control loop missed its desired rate of 20.0000Hz
[controller_server-1] [WARN] [1783288811.502815848] [controller_server]: Control loop missed its desired rate of 20.0000Hz
[controller_server-1] [WARN] [1783288811.692221351] [controller_server]: Control loop missed its desired rate of 20.0000Hz
[controller_server-1] [WARN] [1783288811.893738102] [controller_server]: Control loop missed its desired rate of 20.0000Hz
[controller_server-1] [WARN] [1783288812.093595078] [controller_server]: Control loop missed its desired rate of 20.0000Hz
[controller_server-1] [INFO] [1783288812.214180943] [controller_server]: Passing new path to controller.
[controller_server-1] [WARN] [1783288812.295207750] [controller_server]: Control loop missed its desired rate of 20.0000Hz
[controller_server-1] [WARN] [1783288812.494770824] [controller_server]: Control loop missed its desired rate of 20.0000Hz
[controller_server-1] [WARN] [1783288812.706363564] [controller_server]: Control loop missed its desired rate of 20.0000Hz
[controller_server-1] [WARN] [1783288812.896100696] [controller_server]: Control loop missed its desired rate of 20.0000Hz
[controller_server-1] [WARN] [1783288813.097687751] [controller_server]: Control loop missed its desired rate of 20.0000Hz
[controller_server-1] [ERROR] [1783288813.297328444] [transformPoseInTargetFrame]: Extrapolation Error looking up target frame: Lookup would require extrapolation into the future.  Requested time 63.424000 but the latest data is at time 63.420000, when looking up transform from frame [map] to frame [leo1/base_link]
[controller_server-1] 
[controller_server-1] [WARN] [1783288813.298027912] [controller_server]: Control loop missed its desired rate of 20.0000Hz
[controller_server-1] [INFO] [1783288813.298044219] [controller_server]: Passing new path to controller.
[controller_server-1] [WARN] [1783288813.509906263] [controller_server]: Control loop missed its desired rate of 20.0000Hz
[controller_server-1] [ERROR] [1783288813.699182029] [transformPoseInTargetFrame]: Extrapolation Error looking up target frame: Lookup would require extrapolation into the future.  Requested time 63.824000 but the latest data is at time 63.820000, when looking up transform from frame [map] to frame [leo1/base_link]
[controller_server-1] 
[controller_server-1] [WARN] [1783288813.699982949] [controller_server]: Control loop missed its desired rate of 20.0000Hz
[controller_server-1] [INFO] [1783288814.309068146] [controller_server]: Passing new path to controller.
[controller_server-1] [WARN] [1783288814.511453877] [controller_server]: Control loop missed its desired rate of 20.0000Hz
[controller_server-1] [WARN] [1783288814.720853999] [controller_server]: Control loop missed its desired rate of 20.0000Hz
[controller_server-1] [WARN] [1783288814.920869774] [controller_server]: Control loop missed its desired rate of 20.0000Hz
[controller_server-1] [WARN] [1783288815.120844060] [controller_server]: Control loop missed its desired rate of 20.0000Hz
[controller_server-1] [WARN] [1783288815.330974140] [controller_server]: Control loop missed its desired rate of 20.0000Hz
[controller_server-1] [INFO] [1783288815.331016883] [controller_server]: Passing new path to controller.
[controller_server-1] [WARN] [1783288815.531073686] [controller_server]: Control loop missed its desired rate of 20.0000Hz
[controller_server-1] [WARN] [1783288815.555436636] [controller_server]: Control loop missed its desired rate of 20.0000Hz
[controller_server-1] [WARN] [1783288815.730991193] [controller_server]: Control loop missed its desired rate of 20.0000Hz
[controller_server-1] [WARN] [1783288815.931017639] [controller_server]: Control loop missed its desired rate of 20.0000Hz
[controller_server-1] [WARN] [1783288816.130971774] [controller_server]: Control loop missed its desired rate of 20.0000Hz
[controller_server-1] [WARN] [1783288816.341076828] [controller_server]: Control loop missed its desired rate of 20.0000Hz
[controller_server-1] [INFO] [1783288816.341117390] [controller_server]: Passing new path to controller.
[controller_server-1] [WARN] [1783288816.352239756] [controller_server]: Control loop missed its desired rate of 20.0000Hz
[controller_server-1] [WARN] [1783288816.541052534] [controller_server]: Control loop missed its desired rate of 20.0000Hz
[controller_server-1] [WARN] [1783288816.552298607] [controller_server]: Control loop missed its desired rate of 20.0000Hz
[controller_server-1] [WARN] [1783288816.741050816] [controller_server]: Control loop missed its desired rate of 20.0000Hz
[controller_server-1] [WARN] [1783288816.752928160] [controller_server]: Control loop missed its desired rate of 20.0000Hz
[controller_server-1] [WARN] [1783288816.941082163] [controller_server]: Control loop missed its desired rate of 20.0000Hz
[controller_server-1] [WARN] [1783288816.953069127] [controller_server]: Control loop missed its desired rate of 20.0000Hz
[controller_server-1] [WARN] [1783288817.141063509] [controller_server]: Control loop missed its desired rate of 20.0000Hz
[controller_server-1] [WARN] [1783288817.162445085] [controller_server]: Control loop missed its desired rate of 20.0000Hz
[controller_server-1] [WARN] [1783288817.351170457] [controller_server]: Control loop missed its desired rate of 20.0000Hz
[controller_server-1] [INFO] [1783288817.412517682] [controller_server]: Passing new path to controller.
[controller_server-1] [WARN] [1783288817.752347039] [controller_server]: Control loop missed its desired rate of 20.0000Hz
[controller_server-1] [WARN] [1783288817.954781121] [controller_server]: Control loop missed its desired rate of 20.0000Hz
[controller_server-1] [WARN] [1783288818.153560971] [controller_server]: Control loop missed its desired rate of 20.0000Hz
[controller_server-1] [WARN] [1783288818.356058201] [controller_server]: Control loop missed its desired rate of 20.0000Hz
[controller_server-1] [INFO] [1783288818.403643617] [controller_server]: Passing new path to controller.
[controller_server-1] [WARN] [1783288818.554938368] [controller_server]: Control loop missed its desired rate of 20.0000Hz
[controller_server-1] [WARN] [1783288818.758240411] [controller_server]: Control loop missed its desired rate of 20.0000Hz
[controller_server-1] [ERROR] [1783288818.956135897] [transformPoseInTargetFrame]: Extrapolation Error looking up target frame: Lookup would require extrapolation into the future.  Requested time 69.024000 but the latest data is at time 69.020000, when looking up transform from frame [map] to frame [leo1/base_link]
[controller_server-1] 
[controller_server-1] [WARN] [1783288818.957389798] [controller_server]: Control loop missed its desired rate of 20.0000Hz
[controller_server-1] [INFO] [1783288819.467899714] [controller_server]: Passing new path to controller.
[controller_server-1] [WARN] [1783288819.569148935] [controller_server]: Control loop missed its desired rate of 20.0000Hz
[controller_server-1] [WARN] [1783288819.778281682] [controller_server]: Control loop missed its desired rate of 20.0000Hz
[controller_server-1] [WARN] [1783288819.978407219] [controller_server]: Control loop missed its desired rate of 20.0000Hz
[controller_server-1] [WARN] [1783288820.178318110] [controller_server]: Control loop missed its desired rate of 20.0000Hz
[controller_server-1] [WARN] [1783288820.378326233] [controller_server]: Control loop missed its desired rate of 20.0000Hz
[controller_server-1] [INFO] [1783288820.457470472] [controller_server]: Passing new path to controller.
[controller_server-1] [WARN] [1783288820.578278906] [controller_server]: Control loop missed its desired rate of 20.0000Hz
[controller_server-1] [WARN] [1783288820.788361692] [controller_server]: Control loop missed its desired rate of 20.0000Hz
[controller_server-1] [WARN] [1783288820.809722254] [controller_server]: Control loop missed its desired rate of 20.0000Hz
[controller_server-1] [WARN] [1783288820.978326721] [controller_server]: Control loop missed its desired rate of 20.0000Hz
[controller_server-1] [WARN] [1783288821.198631273] [controller_server]: Control loop missed its desired rate of 20.0000Hz
[controller_server-1] [WARN] [1783288821.210511963] [controller_server]: Control loop missed its desired rate of 20.0000Hz
[controller_server-1] [ERROR] [1783288821.408694164] [transformPoseInTargetFrame]: Extrapolation Error looking up target frame: Lookup would require extrapolation into the future.  Requested time 71.457000 but the latest data is at time 71.420000, when looking up transform from frame [map] to frame [leo1/base_link]
[controller_server-1] 
[controller_server-1] [WARN] [1783288821.409511564] [controller_server]: Control loop missed its desired rate of 20.0000Hz
[controller_server-1] [INFO] [1783288821.512694830] [controller_server]: Passing new path to controller.
[controller_server-1] [WARN] [1783288821.790640080] [controller_server]: Control loop missed its desired rate of 20.0000Hz
[controller_server-1] [WARN] [1783288821.990730077] [controller_server]: Control loop missed its desired rate of 20.0000Hz
[controller_server-1] [WARN] [1783288822.190672941] [controller_server]: Control loop missed its desired rate of 20.0000Hz
[controller_server-1] [WARN] [1783288822.390859284] [controller_server]: Control loop missed its desired rate of 20.0000Hz
[controller_server-1] [INFO] [1783288822.509585992] [controller_server]: Passing new path to controller.
[controller_server-1] [WARN] [1783288822.590716413] [controller_server]: Control loop missed its desired rate of 20.0000Hz
[controller_server-1] [WARN] [1783288822.800747800] [controller_server]: Control loop missed its desired rate of 20.0000Hz
[controller_server-1] [WARN] [1783288822.810987300] [controller_server]: Control loop missed its desired rate of 20.0000Hz
[controller_server-1] [WARN] [1783288823.000772957] [controller_server]: Control loop missed its desired rate of 20.0000Hz
[controller_server-1] [WARN] [1783288823.011040209] [controller_server]: Control loop missed its desired rate of 20.0000Hz
[controller_server-1] [WARN] [1783288823.201538253] [controller_server]: Control loop missed its desired rate of 20.0000Hz
[controller_server-1] [WARN] [1783288823.211770026] [controller_server]: Control loop missed its desired rate of 20.0000Hz
[controller_server-1] [WARN] [1783288823.410874305] [controller_server]: Control loop missed its desired rate of 20.0000Hz
[controller_server-1] [WARN] [1783288823.612493955] [controller_server]: Control loop missed its desired rate of 20.0000Hz
[controller_server-1] [INFO] [1783288823.612533467] [controller_server]: Passing new path to controller.
[controller_server-1] [WARN] [1783288823.812053466] [controller_server]: Control loop missed its desired rate of 20.0000Hz
[controller_server-1] [WARN] [1783288824.013441722] [controller_server]: Control loop missed its desired rate of 20.0000Hz
[controller_server-1] [WARN] [1783288824.213264841] [controller_server]: Control loop missed its desired rate of 20.0000Hz
[controller_server-1] [WARN] [1783288824.414852445] [controller_server]: Control loop missed its desired rate of 20.0000Hz
[controller_server-1] [ERROR] [1783288824.614370451] [transformPoseInTargetFrame]: Extrapolation Error looking up target frame: Lookup would require extrapolation into the future.  Requested time 74.629000 but the latest data is at time 74.620000, when looking up transform from frame [map] to frame [leo1/base_link]
[controller_server-1] 
[controller_server-1] [WARN] [1783288824.615048789] [controller_server]: Control loop missed its desired rate of 20.0000Hz
[controller_server-1] [INFO] [1783288824.615069124] [controller_server]: Passing new path to controller.
[controller_server-1] [WARN] [1783288824.816625617] [controller_server]: Control loop missed its desired rate of 20.0000Hz
[controller_server-1] [ERROR] [1783288825.016156302] [transformPoseInTargetFrame]: Extrapolation Error looking up target frame: Lookup would require extrapolation into the future.  Requested time 75.026000 but the latest data is at time 75.020000, when looking up transform from frame [map] to frame [leo1/base_link]
[controller_server-1] 
[controller_server-1] [WARN] [1783288825.016960878] [controller_server]: Control loop missed its desired rate of 20.0000Hz
[planner_server-2] [INFO] [1783288825.219016752] [global_costmap.global_costmap]: StaticLayer: Resizing costmap to 478 X 223 at 0.050000 m/pix
[controller_server-1] [INFO] [1783288825.626502196] [controller_server]: Passing new path to controller.
[controller_server-1] [INFO] [1783288826.653620169] [controller_server]: Passing new path to controller.
[controller_server-1] [INFO] [1783288827.667045352] [controller_server]: Passing new path to controller.
[planner_server-2] [INFO] [1783288828.219002183] [global_costmap.global_costmap]: StaticLayer: Resizing costmap to 478 X 224 at 0.050000 m/pix
[controller_server-1] [INFO] [1783288828.717031382] [controller_server]: Passing new path to controller.
[planner_server-2] [INFO] [1783288829.219042033] [global_costmap.global_costmap]: StaticLayer: Resizing costmap to 478 X 224 at 0.050000 m/pix
[controller_server-1] [INFO] [1783288829.767041305] [controller_server]: Passing new path to controller.
[controller_server-1] [WARN] [1783288829.869391190] [controller_server]: Control loop missed its desired rate of 20.0000Hz
[bt_navigator-4] [INFO] [1783288830.048067075] [bt_navigator]: Received goal preemption request
[bt_navigator-4] [INFO] [1783288830.048578639] [bt_navigator]: Begin navigating from current location (0.40, 0.52) to (-0.79, 6.51)
[controller_server-1] [INFO] [1783288830.782132577] [controller_server]: Passing new path to controller.
[controller_server-1] [WARN] [1783288830.883951203] [controller_server]: Control loop missed its desired rate of 20.0000Hz
[planner_server-2] [INFO] [1783288831.219038254] [global_costmap.global_costmap]: StaticLayer: Resizing costmap to 478 X 224 at 0.050000 m/pix
[controller_server-1] [INFO] [1783288831.819466867] [controller_server]: Passing new path to controller.
[controller_server-1] [WARN] [1783288831.880876082] [controller_server]: Control loop missed its desired rate of 20.0000Hz
[planner_server-2] [INFO] [1783288832.219032542] [global_costmap.global_costmap]: StaticLayer: Resizing costmap to 478 X 230 at 0.050000 m/pix
[controller_server-1] [INFO] [1783288832.819466994] [controller_server]: Passing new path to controller.
[controller_server-1] [WARN] [1783288832.890870481] [controller_server]: Control loop missed its desired rate of 20.0000Hz
[planner_server-2] [INFO] [1783288833.219001175] [global_costmap.global_costmap]: StaticLayer: Resizing costmap to 478 X 233 at 0.050000 m/pix
[controller_server-1] [INFO] [1783288833.869463297] [controller_server]: Passing new path to controller.
[planner_server-2] [INFO] [1783288834.219009418] [global_costmap.global_costmap]: StaticLayer: Resizing costmap to 478 X 239 at 0.050000 m/pix
[controller_server-1] [INFO] [1783288834.869472806] [controller_server]: Passing new path to controller.
[planner_server-2] [INFO] [1783288835.219009379] [global_costmap.global_costmap]: StaticLayer: Resizing costmap to 478 X 242 at 0.050000 m/pix
[controller_server-1] [INFO] [1783288835.919472956] [controller_server]: Passing new path to controller.
[controller_server-1] [INFO] [1783288836.921974455] [controller_server]: Passing new path to controller.
[controller_server-1] [INFO] [1783288837.971978646] [controller_server]: Passing new path to controller.
[controller_server-1] [INFO] [1783288839.021977858] [controller_server]: Passing new path to controller.
[controller_server-1] [WARN] [1783288839.103456411] [controller_server]: Control loop missed its desired rate of 20.0000Hz
[controller_server-1] [INFO] [1783288840.021976514] [controller_server]: Passing new path to controller.
[controller_server-1] [WARN] [1783288840.113512495] [controller_server]: Control loop missed its desired rate of 20.0000Hz
[controller_server-1] [INFO] [1783288841.071976660] [controller_server]: Passing new path to controller.
[controller_server-1] [INFO] [1783288842.071980627] [controller_server]: Passing new path to controller.
[bt_navigator-4] [INFO] [1783288842.080510123] [bt_navigator]: Received goal preemption request
[bt_navigator-4] [INFO] [1783288842.080914449] [bt_navigator]: Begin navigating from current location (-0.03, 3.23) to (9.50, -2.33)
[controller_server-1] [WARN] [1783288842.123100388] [controller_server]: Control loop missed its desired rate of 20.0000Hz
[controller_server-1] [INFO] [1783288843.121977262] [controller_server]: Passing new path to controller.
[controller_server-1] [WARN] [1783288843.323067149] [controller_server]: Control loop missed its desired rate of 20.0000Hz
[controller_server-1] [WARN] [1783288843.527723084] [controller_server]: Control loop missed its desired rate of 20.0000Hz
[controller_server-1] [WARN] [1783288843.724275106] [controller_server]: Control loop missed its desired rate of 20.0000Hz
[controller_server-1] [WARN] [1783288843.927255984] [controller_server]: Control loop missed its desired rate of 20.0000Hz
[controller_server-1] [WARN] [1783288844.125502039] [controller_server]: Control loop missed its desired rate of 20.0000Hz
[controller_server-1] [INFO] [1783288844.187287237] [controller_server]: Passing new path to controller.
[controller_server-1] [WARN] [1783288844.328623596] [controller_server]: Control loop missed its desired rate of 20.0000Hz
[controller_server-1] [WARN] [1783288844.526853694] [controller_server]: Control loop missed its desired rate of 20.0000Hz
[controller_server-1] [WARN] [1783288844.729969527] [controller_server]: Control loop missed its desired rate of 20.0000Hz
[controller_server-1] [WARN] [1783288844.928119313] [controller_server]: Control loop missed its desired rate of 20.0000Hz
[controller_server-1] [WARN] [1783288845.132476131] [controller_server]: Control loop missed its desired rate of 20.0000Hz
[controller_server-1] [INFO] [1783288845.178194135] [controller_server]: Passing new path to controller.
[controller_server-1] [WARN] [1783288845.329351035] [controller_server]: Control loop missed its desired rate of 20.0000Hz
[controller_server-1] [WARN] [1783288845.532866387] [controller_server]: Control loop missed its desired rate of 20.0000Hz
[controller_server-1] [WARN] [1783288845.730521514] [controller_server]: Control loop missed its desired rate of 20.0000Hz
[controller_server-1] [WARN] [1783288845.936035380] [controller_server]: Control loop missed its desired rate of 20.0000Hz
[controller_server-1] [ERROR] [1783288846.131682105] [transformPoseInTargetFrame]: Extrapolation Error looking up target frame: Lookup would require extrapolation into the future.  Requested time 96.024000 but the latest data is at time 96.020000, when looking up transform from frame [map] to frame [leo1/base_link]
[controller_server-1] 
[controller_server-1] [WARN] [1783288846.132466942] [controller_server]: Control loop missed its desired rate of 20.0000Hz
[controller_server-1] [INFO] [1783288846.235644811] [controller_server]: Passing new path to controller.
[controller_server-1] [WARN] [1783288846.336950141] [controller_server]: Control loop missed its desired rate of 20.0000Hz
[controller_server-1] [ERROR] [1783288846.533599295] [transformPoseInTargetFrame]: Extrapolation Error looking up target frame: Lookup would require extrapolation into the future.  Requested time 96.426000 but the latest data is at time 96.420000, when looking up transform from frame [map] to frame [leo1/base_link]
[controller_server-1] 
[controller_server-1] [WARN] [1783288846.534409177] [controller_server]: Control loop missed its desired rate of 20.0000Hz
[controller_server-1] [INFO] [1783288847.248305872] [controller_server]: Passing new path to controller.
[controller_server-1] [WARN] [1783288847.339606936] [controller_server]: Control loop missed its desired rate of 20.0000Hz
[controller_server-1] [WARN] [1783288847.545205250] [controller_server]: Control loop missed its desired rate of 20.0000Hz
[controller_server-1] [WARN] [1783288847.755305798] [controller_server]: Control loop missed its desired rate of 20.0000Hz
[controller_server-1] [WARN] [1783288847.945361401] [controller_server]: Control loop missed its desired rate of 20.0000Hz
[controller_server-1] [WARN] [1783288848.155323155] [controller_server]: Control loop missed its desired rate of 20.0000Hz
[controller_server-1] [INFO] [1783288848.284482373] [controller_server]: Passing new path to controller.
[controller_server-1] [WARN] [1783288848.355438886] [controller_server]: Control loop missed its desired rate of 20.0000Hz
[controller_server-1] [WARN] [1783288848.555326052] [controller_server]: Control loop missed its desired rate of 20.0000Hz
[controller_server-1] [WARN] [1783288848.755294871] [controller_server]: Control loop missed its desired rate of 20.0000Hz
[controller_server-1] [WARN] [1783288848.955261296] [controller_server]: Control loop missed its desired rate of 20.0000Hz
[controller_server-1] [WARN] [1783288849.155289180] [controller_server]: Control loop missed its desired rate of 20.0000Hz
[controller_server-1] [INFO] [1783288849.284491171] [controller_server]: Passing new path to controller.
[controller_server-1] [WARN] [1783288849.355470591] [controller_server]: Control loop missed its desired rate of 20.0000Hz
[controller_server-1] [WARN] [1783288849.565381628] [controller_server]: Control loop missed its desired rate of 20.0000Hz
[controller_server-1] [WARN] [1783288849.765354698] [controller_server]: Control loop missed its desired rate of 20.0000Hz
[controller_server-1] [WARN] [1783288849.965476749] [controller_server]: Control loop missed its desired rate of 20.0000Hz
[controller_server-1] [WARN] [1783288850.165357391] [controller_server]: Control loop missed its desired rate of 20.0000Hz
[controller_server-1] [WARN] [1783288850.365398364] [controller_server]: Control loop missed its desired rate of 20.0000Hz
[controller_server-1] [INFO] [1783288850.365439141] [controller_server]: Passing new path to controller.
[controller_server-1] [WARN] [1783288850.585919464] [controller_server]: Control loop missed its desired rate of 20.0000Hz
[controller_server-1] [WARN] [1783288850.967047524] [controller_server]: Control loop missed its desired rate of 20.0000Hz
[controller_server-1] [WARN] [1783288851.167036167] [controller_server]: Control loop missed its desired rate of 20.0000Hz
[controller_server-1] [WARN] [1783288851.387406055] [controller_server]: Control loop missed its desired rate of 20.0000Hz
[controller_server-1] [INFO] [1783288851.387462139] [controller_server]: Passing new path to controller.
[controller_server-1] [WARN] [1783288851.778534028] [controller_server]: Control loop missed its desired rate of 20.0000Hz
[controller_server-1] [WARN] [1783288851.790178375] [controller_server]: Control loop missed its desired rate of 20.0000Hz
[controller_server-1] [WARN] [1783288851.978581459] [controller_server]: Control loop missed its desired rate of 20.0000Hz
[controller_server-1] [WARN] [1783288851.990051742] [controller_server]: Control loop missed its desired rate of 20.0000Hz
[controller_server-1] [WARN] [1783288852.178631530] [controller_server]: Control loop missed its desired rate of 20.0000Hz
[controller_server-1] [WARN] [1783288852.190242120] [controller_server]: Control loop missed its desired rate of 20.0000Hz
[controller_server-1] [WARN] [1783288852.378460734] [controller_server]: Control loop missed its desired rate of 20.0000Hz
[controller_server-1] [INFO] [1783288852.378500187] [controller_server]: Passing new path to controller.
[controller_server-1] [WARN] [1783288852.390058964] [controller_server]: Control loop missed its desired rate of 20.0000Hz
[controller_server-1] [WARN] [1783288852.578442672] [controller_server]: Control loop missed its desired rate of 20.0000Hz
[controller_server-1] [WARN] [1783288852.590056208] [controller_server]: Control loop missed its desired rate of 20.0000Hz
[controller_server-1] [WARN] [1783288852.778617067] [controller_server]: Control loop missed its desired rate of 20.0000Hz
[controller_server-1] [WARN] [1783288852.790109301] [controller_server]: Control loop missed its desired rate of 20.0000Hz
[controller_server-1] [WARN] [1783288852.978523800] [controller_server]: Control loop missed its desired rate of 20.0000Hz
[controller_server-1] [WARN] [1783288852.990538869] [controller_server]: Control loop missed its desired rate of 20.0000Hz
[controller_server-1] [WARN] [1783288853.178568495] [controller_server]: Control loop missed its desired rate of 20.0000Hz
[controller_server-1] [WARN] [1783288853.192983823] [controller_server]: Control loop missed its desired rate of 20.0000Hz
[controller_server-1] [WARN] [1783288853.378610406] [controller_server]: Control loop missed its desired rate of 20.0000Hz
[controller_server-1] [WARN] [1783288853.390312700] [controller_server]: Control loop missed its desired rate of 20.0000Hz
[controller_server-1] [INFO] [1783288853.437489741] [controller_server]: Passing new path to controller.
[controller_server-1] [WARN] [1783288853.588688972] [controller_server]: Control loop missed its desired rate of 20.0000Hz
[controller_server-1] [WARN] [1783288853.989911719] [controller_server]: Control loop missed its desired rate of 20.0000Hz
[controller_server-1] [WARN] [1783288854.193526488] [controller_server]: Control loop missed its desired rate of 20.0000Hz
[controller_server-1] [WARN] [1783288854.391208886] [controller_server]: Control loop missed its desired rate of 20.0000Hz
[controller_server-1] [INFO] [1783288854.453472338] [controller_server]: Passing new path to controller.
[controller_server-1] [WARN] [1783288854.604921601] [controller_server]: Control loop missed its desired rate of 20.0000Hz
[controller_server-1] [ERROR] [1783288854.792290591] [transformPoseInTargetFrame]: Extrapolation Error looking up target frame: Lookup would require extrapolation into the future.  Requested time 104.632000 but the latest data is at time 104.620000, when looking up transform from frame [map] to frame [leo1/base_link]
[controller_server-1] 
[controller_server-1] [WARN] [1783288854.794632009] [controller_server]: Control loop missed its desired rate of 20.0000Hz
[controller_server-1] [INFO] [1783288855.506936335] [controller_server]: Passing new path to controller.
[controller_server-1] [WARN] [1783288855.598297108] [controller_server]: Control loop missed its desired rate of 20.0000Hz
[controller_server-1] [ERROR] [1783288855.795750735] [transformPoseInTargetFrame]: Extrapolation Error looking up target frame: Lookup would require extrapolation into the future.  Requested time 105.629000 but the latest data is at time 105.620000, when looking up transform from frame [map] to frame [leo1/base_link]
[controller_server-1] 
[controller_server-1] [WARN] [1783288855.796545360] [controller_server]: Control loop missed its desired rate of 20.0000Hz
[controller_server-1] [INFO] [1783288856.508957801] [controller_server]: Passing new path to controller.
[controller_server-1] [WARN] [1783288856.610227396] [controller_server]: Control loop missed its desired rate of 20.0000Hz
[controller_server-1] [ERROR] [1783288856.797622411] [transformPoseInTargetFrame]: Extrapolation Error looking up target frame: Lookup would require extrapolation into the future.  Requested time 106.625000 but the latest data is at time 106.620000, when looking up transform from frame [map] to frame [leo1/base_link]
[controller_server-1] 
[controller_server-1] [WARN] [1783288856.798419507] [controller_server]: Control loop missed its desired rate of 20.0000Hz
[controller_server-1] [INFO] [1783288857.563519455] [controller_server]: Passing new path to controller.
[controller_server-1] [WARN] [1783288857.809238876] [controller_server]: Control loop missed its desired rate of 20.0000Hz
[controller_server-1] [WARN] [1783288858.009209837] [controller_server]: Control loop missed its desired rate of 20.0000Hz
[controller_server-1] [WARN] [1783288858.219308441] [controller_server]: Control loop missed its desired rate of 20.0000Hz
[controller_server-1] [WARN] [1783288858.419270496] [controller_server]: Control loop missed its desired rate of 20.0000Hz
[controller_server-1] [WARN] [1783288858.619301909] [controller_server]: Control loop missed its desired rate of 20.0000Hz
[controller_server-1] [INFO] [1783288858.619340406] [controller_server]: Passing new path to controller.
[controller_server-1] [WARN] [1783288858.819284206] [controller_server]: Control loop missed its desired rate of 20.0000Hz
[controller_server-1] [WARN] [1783288859.019297666] [controller_server]: Control loop missed its desired rate of 20.0000Hz
[controller_server-1] [WARN] [1783288859.219323616] [controller_server]: Control loop missed its desired rate of 20.0000Hz
[controller_server-1] [WARN] [1783288859.419305757] [controller_server]: Control loop missed its desired rate of 20.0000Hz
[controller_server-1] [WARN] [1783288859.629422583] [controller_server]: Control loop missed its desired rate of 20.0000Hz
[controller_server-1] [INFO] [1783288859.629461150] [controller_server]: Passing new path to controller.
[controller_server-1] [WARN] [1783288859.649894690] [controller_server]: Control loop missed its desired rate of 20.0000Hz
[controller_server-1] [WARN] [1783288859.829432327] [controller_server]: Control loop missed its desired rate of 20.0000Hz
[controller_server-1] [WARN] [1783288860.029518944] [controller_server]: Control loop missed its desired rate of 20.0000Hz
[controller_server-1] [WARN] [1783288860.229372343] [controller_server]: Control loop missed its desired rate of 20.0000Hz
[controller_server-1] [WARN] [1783288860.429377523] [controller_server]: Control loop missed its desired rate of 20.0000Hz
[controller_server-1] [WARN] [1783288860.629483221] [controller_server]: Control loop missed its desired rate of 20.0000Hz
[controller_server-1] [INFO] [1783288860.629526285] [controller_server]: Passing new path to controller.
[controller_server-1] [WARN] [1783288860.829571956] [controller_server]: Control loop missed its desired rate of 20.0000Hz
[controller_server-1] [WARN] [1783288861.029491347] [controller_server]: Control loop missed its desired rate of 20.0000Hz
[controller_server-1] [WARN] [1783288861.239533222] [controller_server]: Control loop missed its desired rate of 20.0000Hz
[controller_server-1] [WARN] [1783288861.249751233] [controller_server]: Control loop missed its desired rate of 20.0000Hz
[controller_server-1] [ERROR] [1783288861.449734836] [transformPoseInTargetFrame]: Extrapolation Error looking up target frame: Lookup would require extrapolation into the future.  Requested time 111.248000 but the latest data is at time 111.220000, when looking up transform from frame [map] to frame [leo1/base_link]
[controller_server-1] 
[controller_server-1] [WARN] [1783288861.450978434] [controller_server]: Control loop missed its desired rate of 20.0000Hz
[controller_server-1] [INFO] [1783288861.654308795] [controller_server]: Passing new path to controller.
[controller_server-1] [WARN] [1783288862.042079315] [controller_server]: Control loop missed its desired rate of 20.0000Hz
[controller_server-1] [WARN] [1783288862.052284646] [controller_server]: Control loop missed its desired rate of 20.0000Hz
[controller_server-1] [WARN] [1783288862.241948761] [controller_server]: Control loop missed its desired rate of 20.0000Hz
[controller_server-1] [WARN] [1783288862.252237161] [controller_server]: Control loop missed its desired rate of 20.0000Hz
[controller_server-1] [WARN] [1783288862.442053019] [controller_server]: Control loop missed its desired rate of 20.0000Hz
[controller_server-1] [WARN] [1783288862.452376746] [controller_server]: Control loop missed its desired rate of 20.0000Hz
[controller_server-1] [WARN] [1783288862.642060320] [controller_server]: Control loop missed its desired rate of 20.0000Hz
[controller_server-1] [WARN] [1783288862.652292005] [controller_server]: Control loop missed its desired rate of 20.0000Hz
[controller_server-1] [INFO] [1783288862.701051907] [controller_server]: Passing new path to controller.
[controller_server-1] [WARN] [1783288862.842048940] [controller_server]: Control loop missed its desired rate of 20.0000Hz
[controller_server-1] [WARN] [1783288862.852320733] [controller_server]: Control loop missed its desired rate of 20.0000Hz
[controller_server-1] [WARN] [1783288863.042174124] [controller_server]: Control loop missed its desired rate of 20.0000Hz
[controller_server-1] [WARN] [1783288863.052488554] [controller_server]: Control loop missed its desired rate of 20.0000Hz
[controller_server-1] [WARN] [1783288863.242066381] [controller_server]: Control loop missed its desired rate of 20.0000Hz
[controller_server-1] [WARN] [1783288863.262416804] [controller_server]: Control loop missed its desired rate of 20.0000Hz
[controller_server-1] [WARN] [1783288863.452293982] [controller_server]: Control loop missed its desired rate of 20.0000Hz
[controller_server-1] [WARN] [1783288863.654055231] [controller_server]: Control loop missed its desired rate of 20.0000Hz
[controller_server-1] [INFO] [1783288863.702347377] [controller_server]: Passing new path to controller.
[controller_server-1] [WARN] [1783288863.853433894] [controller_server]: Control loop missed its desired rate of 20.0000Hz
[controller_server-1] [WARN] [1783288864.054876659] [controller_server]: Control loop missed its desired rate of 20.0000Hz
[controller_server-1] [WARN] [1783288864.254534994] [controller_server]: Control loop missed its desired rate of 20.0000Hz
[controller_server-1] [WARN] [1783288864.456249078] [controller_server]: Control loop missed its desired rate of 20.0000Hz
[controller_server-1] [WARN] [1783288864.655730517] [controller_server]: Control loop missed its desired rate of 20.0000Hz
[controller_server-1] [INFO] [1783288864.776300100] [controller_server]: Passing new path to controller.
[controller_server-1] [WARN] [1783288864.857417882] [controller_server]: Control loop missed its desired rate of 20.0000Hz
[controller_server-1] [WARN] [1783288865.056863428] [controller_server]: Control loop missed its desired rate of 20.0000Hz
[controller_server-1] [WARN] [1783288865.258473383] [controller_server]: Control loop missed its desired rate of 20.0000Hz
[controller_server-1] [WARN] [1783288865.458067080] [controller_server]: Control loop missed its desired rate of 20.0000Hz
[controller_server-1] [WARN] [1783288865.659590234] [controller_server]: Control loop missed its desired rate of 20.0000Hz
[controller_server-1] [WARN] [1783288865.859288240] [controller_server]: Control loop missed its desired rate of 20.0000Hz
[controller_server-1] [INFO] [1783288865.859328343] [controller_server]: Passing new path to controller.
[controller_server-1] [WARN] [1783288866.060994913] [controller_server]: Control loop missed its desired rate of 20.0000Hz
[controller_server-1] [WARN] [1783288866.263450392] [controller_server]: Control loop missed its desired rate of 20.0000Hz
[controller_server-1] [WARN] [1783288866.465010994] [controller_server]: Control loop missed its desired rate of 20.0000Hz
[controller_server-1] [ERROR] [1783288866.664596132] [transformPoseInTargetFrame]: Extrapolation Error looking up target frame: Lookup would require extrapolation into the future.  Requested time 116.428000 but the latest data is at time 116.420000, when looking up transform from frame [map] to frame [leo1/base_link]
[controller_server-1] 
[controller_server-1] [WARN] [1783288866.665452343] [controller_server]: Control loop missed its desired rate of 20.0000Hz
[controller_server-1] [INFO] [1783288866.818673310] [controller_server]: Passing new path to controller.
[controller_server-1] [ERROR] [1783288867.066613692] [transformPoseInTargetFrame]: Extrapolation Error looking up target frame: Lookup would require extrapolation into the future.  Requested time 116.829000 but the latest data is at time 116.820000, when looking up transform from frame [map] to frame [leo1/base_link]
[controller_server-1] 
[controller_server-1] [WARN] [1783288867.067864328] [controller_server]: Control loop missed its desired rate of 20.0000Hz
[controller_server-1] [INFO] [1783288867.830729201] [controller_server]: Passing new path to controller.
[controller_server-1] [WARN] [1783288868.069305432] [controller_server]: Control loop missed its desired rate of 20.0000Hz
[controller_server-1] [WARN] [1783288868.280991567] [controller_server]: Control loop missed its desired rate of 20.0000Hz
[controller_server-1] [WARN] [1783288868.470524960] [controller_server]: Control loop missed its desired rate of 20.0000Hz
[controller_server-1] [WARN] [1783288868.682140091] [controller_server]: Control loop missed its desired rate of 20.0000Hz
[controller_server-1] [ERROR] [1783288868.871619788] [transformPoseInTargetFrame]: Extrapolation Error looking up target frame: Lookup would require extrapolation into the future.  Requested time 118.625000 but the latest data is at time 118.620000, when looking up transform from frame [map] to frame [leo1/base_link]
[controller_server-1] 
[controller_server-1] [WARN] [1783288868.872347002] [controller_server]: Control loop missed its desired rate of 20.0000Hz
[controller_server-1] [INFO] [1783288868.872362971] [controller_server]: Passing new path to controller.
[controller_server-1] [WARN] [1783288869.084088308] [controller_server]: Control loop missed its desired rate of 20.0000Hz
[controller_server-1] [ERROR] [1783288869.273485698] [transformPoseInTargetFrame]: Extrapolation Error looking up target frame: Lookup would require extrapolation into the future.  Requested time 119.022000 but the latest data is at time 119.020000, when looking up transform from frame [map] to frame [leo1/base_link]
[controller_server-1] 
[controller_server-1] [WARN] [1783288869.274488861] [controller_server]: Control loop missed its desired rate of 20.0000Hz
[controller_server-1] [INFO] [1783288869.885852450] [controller_server]: Passing new path to controller.
[controller_server-1] [WARN] [1783288870.087429252] [controller_server]: Control loop missed its desired rate of 20.0000Hz
[controller_server-1] [WARN] [1783288870.285929863] [controller_server]: Control loop missed its desired rate of 20.0000Hz
[controller_server-1] [WARN] [1783288870.487389243] [controller_server]: Control loop missed its desired rate of 20.0000Hz
[controller_server-1] [ERROR] [1783288870.687078079] [transformPoseInTargetFrame]: Extrapolation Error looking up target frame: Lookup would require extrapolation into the future.  Requested time 120.428000 but the latest data is at time 120.420000, when looking up transform from frame [map] to frame [leo1/base_link]
[controller_server-1] 
[controller_server-1] [WARN] [1783288870.688566659] [controller_server]: Control loop missed its desired rate of 20.0000Hz
[controller_server-1] [INFO] [1783288870.942951168] [controller_server]: Passing new path to controller.
[controller_server-1] [WARN] [1783288871.094492318] [controller_server]: Control loop missed its desired rate of 20.0000Hz
[controller_server-1] [ERROR] [1783288871.289723303] [transformPoseInTargetFrame]: Extrapolation Error looking up target frame: Lookup would require extrapolation into the future.  Requested time 121.024000 but the latest data is at time 121.020000, when looking up transform from frame [map] to frame [leo1/base_link]
[controller_server-1] 
[controller_server-1] [WARN] [1783288871.290528677] [controller_server]: Control loop missed its desired rate of 20.0000Hz
[controller_server-1] [INFO] [1783288871.952889947] [controller_server]: Passing new path to controller.
[controller_server-1] [WARN] [1783288872.104497816] [controller_server]: Control loop missed its desired rate of 20.0000Hz
[controller_server-1] [WARN] [1783288872.311384902] [controller_server]: Control loop missed its desired rate of 20.0000Hz
[controller_server-1] [WARN] [1783288872.511417287] [controller_server]: Control loop missed its desired rate of 20.0000Hz
[controller_server-1] [WARN] [1783288872.721491867] [controller_server]: Control loop missed its desired rate of 20.0000Hz
[controller_server-1] [WARN] [1783288872.743164276] [controller_server]: Control loop missed its desired rate of 20.0000Hz
[controller_server-1] [WARN] [1783288872.921647621] [controller_server]: Control loop missed its desired rate of 20.0000Hz
[controller_server-1] [WARN] [1783288872.943126909] [controller_server]: Control loop missed its desired rate of 20.0000Hz
[controller_server-1] [INFO] [1783288872.990608895] [controller_server]: Passing new path to controller.
[controller_server-1] [WARN] [1783288873.121502262] [controller_server]: Control loop missed its desired rate of 20.0000Hz
[controller_server-1] [INFO] [1783288874.040610082] [controller_server]: Passing new path to controller.
[controller_server-1] [WARN] [1783288874.122369667] [controller_server]: Control loop missed its desired rate of 20.0000Hz
[controller_server-1] [INFO] [1783288875.040626900] [controller_server]: Passing new path to controller.
[controller_server-1] [WARN] [1783288875.132672949] [controller_server]: Control loop missed its desired rate of 20.0000Hz
[controller_server-1] [INFO] [1783288876.090613968] [controller_server]: Passing new path to controller.
[controller_server-1] [WARN] [1783288876.142157299] [controller_server]: Control loop missed its desired rate of 20.0000Hz
[controller_server-1] [INFO] [1783288877.090622160] [controller_server]: Passing new path to controller.
[controller_server-1] [WARN] [1783288877.152073662] [controller_server]: Control loop missed its desired rate of 20.0000Hz
[controller_server-1] [INFO] [1783288878.140610149] [controller_server]: Passing new path to controller.
[controller_server-1] [INFO] [1783288879.190620838] [controller_server]: Passing new path to controller.
[controller_server-1] [INFO] [1783288880.190612543] [controller_server]: Passing new path to controller.
[controller_server-1] [INFO] [1783288881.240611326] [controller_server]: Passing new path to controller.
[planner_server-2] [INFO] [1783288882.224467743] [global_costmap.global_costmap]: StaticLayer: Resizing costmap to 478 X 242 at 0.050000 m/pix
[controller_server-1] [INFO] [1783288882.240599179] [controller_server]: Passing new path to controller.
[controller_server-1] [INFO] [1783288883.290611573] [controller_server]: Passing new path to controller.
[controller_server-1] [WARN] [1783288883.392482083] [controller_server]: Control loop missed its desired rate of 20.0000Hz
[controller_server-1] [INFO] [1783288884.308503622] [controller_server]: Passing new path to controller.
[controller_server-1] [WARN] [1783288884.410492523] [controller_server]: Control loop missed its desired rate of 20.0000Hz
[controller_server-1] [INFO] [1783288885.342571003] [controller_server]: Passing new path to controller.
[controller_server-1] [WARN] [1783288885.404567862] [controller_server]: Control loop missed its desired rate of 20.0000Hz
[bt_navigator-4] [INFO] [1783288886.363464023] [bt_navigator]: Received goal preemption request
[bt_navigator-4] [INFO] [1783288886.363868227] [bt_navigator]: Begin navigating from current location (0.35, 0.55) to (-9.05, -2.50)
[controller_server-1] [INFO] [1783288886.392578923] [controller_server]: Passing new path to controller.
[controller_server-1] [INFO] [1783288887.392568361] [controller_server]: Passing new path to controller.
[controller_server-1] [WARN] [1783288887.623463227] [controller_server]: Control loop missed its desired rate of 20.0000Hz
[controller_server-1] [WARN] [1783288887.823411113] [controller_server]: Control loop missed its desired rate of 20.0000Hz
[controller_server-1] [WARN] [1783288888.023430667] [controller_server]: Control loop missed its desired rate of 20.0000Hz
[controller_server-1] [WARN] [1783288888.223445892] [controller_server]: Control loop missed its desired rate of 20.0000Hz
[controller_server-1] [WARN] [1783288888.423387013] [controller_server]: Control loop missed its desired rate of 20.0000Hz
[controller_server-1] [INFO] [1783288888.423424520] [controller_server]: Passing new path to controller.
[controller_server-1] [WARN] [1783288888.623429295] [controller_server]: Control loop missed its desired rate of 20.0000Hz
[controller_server-1] [WARN] [1783288888.823490178] [controller_server]: Control loop missed its desired rate of 20.0000Hz
[controller_server-1] [WARN] [1783288889.023489347] [controller_server]: Control loop missed its desired rate of 20.0000Hz
[controller_server-1] [WARN] [1783288889.043816044] [controller_server]: Control loop missed its desired rate of 20.0000Hz
[controller_server-1] [WARN] [1783288889.223487321] [controller_server]: Control loop missed its desired rate of 20.0000Hz
[controller_server-1] [WARN] [1783288889.243818322] [controller_server]: Control loop missed its desired rate of 20.0000Hz
[controller_server-1] [WARN] [1783288889.423525696] [controller_server]: Control loop missed its desired rate of 20.0000Hz
[controller_server-1] [WARN] [1783288889.443905330] [controller_server]: Control loop missed its desired rate of 20.0000Hz
[controller_server-1] [INFO] [1783288889.492587528] [controller_server]: Passing new path to controller.
[controller_server-1] [WARN] [1783288889.633562130] [controller_server]: Control loop missed its desired rate of 20.0000Hz
[controller_server-1] [WARN] [1783288889.643804483] [controller_server]: Control loop missed its desired rate of 20.0000Hz
[controller_server-1] [WARN] [1783288889.833556271] [controller_server]: Control loop missed its desired rate of 20.0000Hz
[controller_server-1] [WARN] [1783288889.843787156] [controller_server]: Control loop missed its desired rate of 20.0000Hz
[controller_server-1] [WARN] [1783288890.033497264] [controller_server]: Control loop missed its desired rate of 20.0000Hz
[controller_server-1] [WARN] [1783288890.043706338] [controller_server]: Control loop missed its desired rate of 20.0000Hz
[controller_server-1] [WARN] [1783288890.233544626] [controller_server]: Control loop missed its desired rate of 20.0000Hz
[controller_server-1] [WARN] [1783288890.243767276] [controller_server]: Control loop missed its desired rate of 20.0000Hz
[controller_server-1] [WARN] [1783288890.433544242] [controller_server]: Control loop missed its desired rate of 20.0000Hz
[controller_server-1] [WARN] [1783288890.443776321] [controller_server]: Control loop missed its desired rate of 20.0000Hz
[controller_server-1] [INFO] [1783288890.492556588] [controller_server]: Passing new path to controller.
[controller_server-1] [WARN] [1783288890.633557445] [controller_server]: Control loop missed its desired rate of 20.0000Hz
[controller_server-1] [WARN] [1783288890.643783883] [controller_server]: Control loop missed its desired rate of 20.0000Hz
[controller_server-1] [WARN] [1783288890.833687079] [controller_server]: Control loop missed its desired rate of 20.0000Hz
[controller_server-1] [WARN] [1783288890.843903301] [controller_server]: Control loop missed its desired rate of 20.0000Hz
[controller_server-1] [WARN] [1783288891.033528410] [controller_server]: Control loop missed its desired rate of 20.0000Hz
[controller_server-1] [WARN] [1783288891.043744534] [controller_server]: Control loop missed its desired rate of 20.0000Hz
[controller_server-1] [WARN] [1783288891.233625340] [controller_server]: Control loop missed its desired rate of 20.0000Hz
[controller_server-1] [WARN] [1783288891.243847396] [controller_server]: Control loop missed its desired rate of 20.0000Hz
[controller_server-1] [ERROR] [1783288891.443780361] [transformPoseInTargetFrame]: Extrapolation Error looking up target frame: Lookup would require extrapolation into the future.  Requested time 141.043000 but the latest data is at time 141.020000, when looking up transform from frame [map] to frame [leo1/base_link]
[controller_server-1] 
[controller_server-1] [WARN] [1783288891.444533741] [controller_server]: Control loop missed its desired rate of 20.0000Hz
[controller_server-1] [INFO] [1783288891.545949249] [controller_server]: Passing new path to controller.
[controller_server-1] [WARN] [1783288891.835632607] [controller_server]: Control loop missed its desired rate of 20.0000Hz
[controller_server-1] [WARN] [1783288891.845857265] [controller_server]: Control loop missed its desired rate of 20.0000Hz
[controller_server-1] [WARN] [1783288892.035637578] [controller_server]: Control loop missed its desired rate of 20.0000Hz
[controller_server-1] [WARN] [1783288892.045948504] [controller_server]: Control loop missed its desired rate of 20.0000Hz
[controller_server-1] [WARN] [1783288892.235621765] [controller_server]: Control loop missed its desired rate of 20.0000Hz
[controller_server-1] [WARN] [1783288892.245830585] [controller_server]: Control loop missed its desired rate of 20.0000Hz
[controller_server-1] [WARN] [1783288892.445705533] [controller_server]: Control loop missed its desired rate of 20.0000Hz
[controller_server-1] [INFO] [1783288892.556200317] [controller_server]: Passing new path to controller.
[controller_server-1] [WARN] [1783288892.846895969] [controller_server]: Control loop missed its desired rate of 20.0000Hz
[controller_server-1] [WARN] [1783288893.048342864] [controller_server]: Control loop missed its desired rate of 20.0000Hz
[controller_server-1] [WARN] [1783288893.257759020] [controller_server]: Control loop missed its desired rate of 20.0000Hz
[controller_server-1] [ERROR] [1783288893.448059137] [transformPoseInTargetFrame]: Extrapolation Error looking up target frame: Lookup would require extrapolation into the future.  Requested time 143.032000 but the latest data is at time 143.020000, when looking up transform from frame [map] to frame [leo1/base_link]
[controller_server-1] 
[controller_server-1] [WARN] [1783288893.448700689] [controller_server]: Control loop missed its desired rate of 20.0000Hz
[controller_server-1] [INFO] [1783288893.600809073] [controller_server]: Passing new path to controller.
[controller_server-1] [WARN] [1783288893.859515970] [controller_server]: Control loop missed its desired rate of 20.0000Hz
[controller_server-1] [ERROR] [1783288894.049816453] [transformPoseInTargetFrame]: Extrapolation Error looking up target frame: Lookup would require extrapolation into the future.  Requested time 143.628000 but the latest data is at time 143.620000, when looking up transform from frame [map] to frame [leo1/base_link]
[controller_server-1] 
[controller_server-1] [WARN] [1783288894.050509656] [controller_server]: Control loop missed its desired rate of 20.0000Hz
[controller_server-1] [INFO] [1783288894.608904877] [controller_server]: Passing new path to controller.
[controller_server-1] [ERROR] [1783288894.851644641] [transformPoseInTargetFrame]: Extrapolation Error looking up target frame: Lookup would require extrapolation into the future.  Requested time 144.424000 but the latest data is at time 144.420000, when looking up transform from frame [map] to frame [leo1/base_link]
[controller_server-1] 
[controller_server-1] [WARN] [1783288894.852278230] [controller_server]: Control loop missed its desired rate of 20.0000Hz
[controller_server-1] [INFO] [1783288895.664377834] [controller_server]: Passing new path to controller.
[controller_server-1] [WARN] [1783288895.866040236] [controller_server]: Control loop missed its desired rate of 20.0000Hz
[controller_server-1] [WARN] [1783288896.073185811] [controller_server]: Control loop missed its desired rate of 20.0000Hz
[controller_server-1] [WARN] [1783288896.275673986] [controller_server]: Control loop missed its desired rate of 20.0000Hz
[controller_server-1] [WARN] [1783288896.475456991] [controller_server]: Control loop missed its desired rate of 20.0000Hz
[controller_server-1] [WARN] [1783288896.675438076] [controller_server]: Control loop missed its desired rate of 20.0000Hz
[controller_server-1] [INFO] [1783288896.675478223] [controller_server]: Passing new path to controller.
[controller_server-1] [WARN] [1783288896.875425220] [controller_server]: Control loop missed its desired rate of 20.0000Hz
[controller_server-1] [WARN] [1783288897.075589627] [controller_server]: Control loop missed its desired rate of 20.0000Hz
[controller_server-1] [WARN] [1783288897.275494012] [controller_server]: Control loop missed its desired rate of 20.0000Hz
[controller_server-1] [WARN] [1783288897.485624791] [controller_server]: Control loop missed its desired rate of 20.0000Hz
[controller_server-1] [WARN] [1783288897.685564626] [controller_server]: Control loop missed its desired rate of 20.0000Hz
[controller_server-1] [INFO] [1783288897.685603032] [controller_server]: Passing new path to controller.
[controller_server-1] [WARN] [1783288897.885589617] [controller_server]: Control loop missed its desired rate of 20.0000Hz
[controller_server-1] [WARN] [1783288898.085552260] [controller_server]: Control loop missed its desired rate of 20.0000Hz
[controller_server-1] [WARN] [1783288898.285633980] [controller_server]: Control loop missed its desired rate of 20.0000Hz
[controller_server-1] [WARN] [1783288898.495590999] [controller_server]: Control loop missed its desired rate of 20.0000Hz
[controller_server-1] [WARN] [1783288898.505809011] [controller_server]: Control loop missed its desired rate of 20.0000Hz
[controller_server-1] [WARN] [1783288898.695585812] [controller_server]: Control loop missed its desired rate of 20.0000Hz
[controller_server-1] [WARN] [1783288898.705826678] [controller_server]: Control loop missed its desired rate of 20.0000Hz
[controller_server-1] [INFO] [1783288898.754664823] [controller_server]: Passing new path to controller.
[controller_server-1] [WARN] [1783288898.895746143] [controller_server]: Control loop missed its desired rate of 20.0000Hz
[controller_server-1] [WARN] [1783288898.906053742] [controller_server]: Control loop missed its desired rate of 20.0000Hz
[controller_server-1] [WARN] [1783288899.095731199] [controller_server]: Control loop missed its desired rate of 20.0000Hz
[controller_server-1] [WARN] [1783288899.106044211] [controller_server]: Control loop missed its desired rate of 20.0000Hz
[controller_server-1] [WARN] [1783288899.295619830] [controller_server]: Control loop missed its desired rate of 20.0000Hz
[controller_server-1] [WARN] [1783288899.305846172] [controller_server]: Control loop missed its desired rate of 20.0000Hz
[controller_server-1] [WARN] [1783288899.495727385] [controller_server]: Control loop missed its desired rate of 20.0000Hz
[controller_server-1] [WARN] [1783288899.506018708] [controller_server]: Control loop missed its desired rate of 20.0000Hz
[controller_server-1] [WARN] [1783288899.695856992] [controller_server]: Control loop missed its desired rate of 20.0000Hz
[controller_server-1] [WARN] [1783288899.706135592] [controller_server]: Control loop missed its desired rate of 20.0000Hz
[controller_server-1] [INFO] [1783288899.754659230] [controller_server]: Passing new path to controller.
[controller_server-1] [WARN] [1783288899.895665936] [controller_server]: Control loop missed its desired rate of 20.0000Hz
[controller_server-1] [WARN] [1783288899.916003288] [controller_server]: Control loop missed its desired rate of 20.0000Hz
[controller_server-1] [WARN] [1783288900.105916203] [controller_server]: Control loop missed its desired rate of 20.0000Hz
[controller_server-1] [WARN] [1783288900.307487696] [controller_server]: Control loop missed its desired rate of 20.0000Hz
[controller_server-1] [WARN] [1783288900.507120226] [controller_server]: Control loop missed its desired rate of 20.0000Hz
[controller_server-1] [WARN] [1783288900.708615147] [controller_server]: Control loop missed its desired rate of 20.0000Hz
[controller_server-1] [INFO] [1783288900.807198007] [controller_server]: Passing new path to controller.
[controller_server-1] [WARN] [1783288900.908527670] [controller_server]: Control loop missed its desired rate of 20.0000Hz
[controller_server-1] [WARN] [1783288901.110133066] [controller_server]: Control loop missed its desired rate of 20.0000Hz
[controller_server-1] [WARN] [1783288901.309692414] [controller_server]: Control loop missed its desired rate of 20.0000Hz
[controller_server-1] [WARN] [1783288901.531708242] [controller_server]: Control loop missed its desired rate of 20.0000Hz
[controller_server-1] [WARN] [1783288901.710890688] [controller_server]: Control loop missed its desired rate of 20.0000Hz
[controller_server-1] [INFO] [1783288901.831646032] [controller_server]: Passing new path to controller.
[controller_server-1] [WARN] [1783288901.922880912] [controller_server]: Control loop missed its desired rate of 20.0000Hz
[controller_server-1] [ERROR] [1783288902.112082906] [transformPoseInTargetFrame]: Extrapolation Error looking up target frame: Lookup would require extrapolation into the future.  Requested time 151.627000 but the latest data is at time 151.620000, when looking up transform from frame [map] to frame [leo1/base_link]
[controller_server-1] 
[controller_server-1] [WARN] [1783288902.113518357] [controller_server]: Control loop missed its desired rate of 20.0000Hz
[controller_server-1] [INFO] [1783288902.876670707] [controller_server]: Passing new path to controller.
[controller_server-1] [WARN] [1783288903.124840086] [controller_server]: Control loop missed its desired rate of 20.0000Hz
[controller_server-1] [WARN] [1783288903.327128547] [controller_server]: Control loop missed its desired rate of 20.0000Hz
[controller_server-1] [ERROR] [1783288903.525971653] [transformPoseInTargetFrame]: Extrapolation Error looking up target frame: Lookup would require extrapolation into the future.  Requested time 153.027000 but the latest data is at time 153.020000, when looking up transform from frame [map] to frame [leo1/base_link]
[controller_server-1] 
[controller_server-1] [WARN] [1783288903.526628426] [controller_server]: Control loop missed its desired rate of 20.0000Hz
[controller_server-1] [INFO] [1783288903.882340150] [controller_server]: Passing new path to controller.
[controller_server-1] [ERROR] [1783288904.127684110] [transformPoseInTargetFrame]: Extrapolation Error looking up target frame: Lookup would require extrapolation into the future.  Requested time 153.625000 but the latest data is at time 153.620000, when looking up transform from frame [map] to frame [leo1/base_link]
[controller_server-1] 
[controller_server-1] [WARN] [1783288904.128336031] [controller_server]: Control loop missed its desired rate of 20.0000Hz
[controller_server-1] [INFO] [1783288904.890878493] [controller_server]: Passing new path to controller.
[controller_server-1] [WARN] [1783288905.149184532] [controller_server]: Control loop missed its desired rate of 20.0000Hz
[controller_server-1] [WARN] [1783288905.349223762] [controller_server]: Control loop missed its desired rate of 20.0000Hz
[controller_server-1] [WARN] [1783288905.549316687] [controller_server]: Control loop missed its desired rate of 20.0000Hz
[controller_server-1] [WARN] [1783288905.759353267] [controller_server]: Control loop missed its desired rate of 20.0000Hz
[controller_server-1] [WARN] [1783288905.959321593] [controller_server]: Control loop missed its desired rate of 20.0000Hz
[controller_server-1] [INFO] [1783288905.959364704] [controller_server]: Passing new path to controller.
[controller_server-1] [WARN] [1783288906.159234642] [controller_server]: Control loop missed its desired rate of 20.0000Hz
[controller_server-1] [WARN] [1783288906.359329927] [controller_server]: Control loop missed its desired rate of 20.0000Hz
[controller_server-1] [WARN] [1783288906.559406888] [controller_server]: Control loop missed its desired rate of 20.0000Hz
[controller_server-1] [WARN] [1783288906.580376926] [controller_server]: Control loop missed its desired rate of 20.0000Hz
[controller_server-1] [WARN] [1783288906.769385688] [controller_server]: Control loop missed its desired rate of 20.0000Hz
[controller_server-1] [WARN] [1783288906.780289978] [controller_server]: Control loop missed its desired rate of 20.0000Hz
[controller_server-1] [WARN] [1783288906.969334967] [controller_server]: Control loop missed its desired rate of 20.0000Hz
[controller_server-1] [INFO] [1783288906.969376695] [controller_server]: Passing new path to controller.
[controller_server-1] [WARN] [1783288906.980781850] [controller_server]: Control loop missed its desired rate of 20.0000Hz
[controller_server-1] [WARN] [1783288907.169436869] [controller_server]: Control loop missed its desired rate of 20.0000Hz
[controller_server-1] [WARN] [1783288907.180321721] [controller_server]: Control loop missed its desired rate of 20.0000Hz
[controller_server-1] [WARN] [1783288907.369611403] [controller_server]: Control loop missed its desired rate of 20.0000Hz
[controller_server-1] [WARN] [1783288907.380955686] [controller_server]: Control loop missed its desired rate of 20.0000Hz
[controller_server-1] [WARN] [1783288907.579556136] [controller_server]: Control loop missed its desired rate of 20.0000Hz
[controller_server-1] [WARN] [1783288907.781740963] [controller_server]: Control loop missed its desired rate of 20.0000Hz
[controller_server-1] [WARN] [1783288907.980772361] [controller_server]: Control loop missed its desired rate of 20.0000Hz
[controller_server-1] [INFO] [1783288907.980822832] [controller_server]: Passing new path to controller.
[controller_server-1] [WARN] [1783288908.182924529] [controller_server]: Control loop missed its desired rate of 20.0000Hz
[controller_server-1] [WARN] [1783288908.381974303] [controller_server]: Control loop missed its desired rate of 20.0000Hz
[controller_server-1] [WARN] [1783288908.584158449] [controller_server]: Control loop missed its desired rate of 20.0000Hz
[controller_server-1] [ERROR] [1783288908.783324729] [transformPoseInTargetFrame]: Extrapolation Error looking up target frame: Lookup would require extrapolation into the future.  Requested time 158.230000 but the latest data is at time 158.220000, when looking up transform from frame [map] to frame [leo1/base_link]
[controller_server-1] 
[controller_server-1] [WARN] [1783288908.784013155] [controller_server]: Control loop missed its desired rate of 20.0000Hz
[controller_server-1] [INFO] [1783288909.039483823] [controller_server]: Passing new path to controller.
[controller_server-1] [WARN] [1783288909.190959639] [controller_server]: Control loop missed its desired rate of 20.0000Hz
[controller_server-1] [ERROR] [1783288909.385085890] [transformPoseInTargetFrame]: Extrapolation Error looking up target frame: Lookup would require extrapolation into the future.  Requested time 158.825000 but the latest data is at time 158.820000, when looking up transform from frame [map] to frame [leo1/base_link]
[controller_server-1] 
[controller_server-1] [WARN] [1783288909.385734127] [controller_server]: Control loop missed its desired rate of 20.0000Hz
[controller_server-1] [INFO] [1783288910.047287113] [controller_server]: Passing new path to controller.
[controller_server-1] [WARN] [1783288910.198863215] [controller_server]: Control loop missed its desired rate of 20.0000Hz
[controller_server-1] [WARN] [1783288910.406601554] [controller_server]: Control loop missed its desired rate of 20.0000Hz
[controller_server-1] [WARN] [1783288910.606589960] [controller_server]: Control loop missed its desired rate of 20.0000Hz
[controller_server-1] [WARN] [1783288910.816767673] [controller_server]: Control loop missed its desired rate of 20.0000Hz
[controller_server-1] [WARN] [1783288910.837124180] [controller_server]: Control loop missed its desired rate of 20.0000Hz
[controller_server-1] [WARN] [1783288911.006644135] [controller_server]: Control loop missed its desired rate of 20.0000Hz
[controller_server-1] [INFO] [1783288911.085815173] [controller_server]: Passing new path to controller.
[controller_server-1] [WARN] [1783288911.206623446] [controller_server]: Control loop missed its desired rate of 20.0000Hz
[controller_server-1] [WARN] [1783288911.426929139] [controller_server]: Control loop missed its desired rate of 20.0000Hz
[controller_server-1] [WARN] [1783288911.447425121] [controller_server]: Control loop missed its desired rate of 20.0000Hz
[controller_server-1] [WARN] [1783288911.616742612] [controller_server]: Control loop missed its desired rate of 20.0000Hz
[controller_server-1] [WARN] [1783288911.816759010] [controller_server]: Control loop missed its desired rate of 20.0000Hz
[controller_server-1] [WARN] [1783288912.016724677] [controller_server]: Control loop missed its desired rate of 20.0000Hz
[controller_server-1] [INFO] [1783288912.135820819] [controller_server]: Passing new path to controller.
[controller_server-1] [WARN] [1783288912.227027312] [controller_server]: Control loop missed its desired rate of 20.0000Hz
[controller_server-1] [WARN] [1783288912.247486606] [controller_server]: Control loop missed its desired rate of 20.0000Hz
[controller_server-1] [WARN] [1783288912.416738103] [controller_server]: Control loop missed its desired rate of 20.0000Hz
[controller_server-1] [WARN] [1783288912.437084649] [controller_server]: Control loop missed its desired rate of 20.0000Hz
[controller_server-1] [WARN] [1783288912.626918516] [controller_server]: Control loop missed its desired rate of 20.0000Hz
[controller_server-1] [WARN] [1783288912.637151586] [controller_server]: Control loop missed its desired rate of 20.0000Hz
[controller_server-1] [WARN] [1783288912.826776280] [controller_server]: Control loop missed its desired rate of 20.0000Hz
[controller_server-1] [WARN] [1783288912.837120348] [controller_server]: Control loop missed its desired rate of 20.0000Hz
[controller_server-1] [WARN] [1783288913.026820142] [controller_server]: Control loop missed its desired rate of 20.0000Hz
[controller_server-1] [WARN] [1783288913.037033130] [controller_server]: Control loop missed its desired rate of 20.0000Hz
[controller_server-1] [INFO] [1783288913.135811396] [controller_server]: Passing new path to controller.
[controller_server-1] [WARN] [1783288913.226969490] [controller_server]: Control loop missed its desired rate of 20.0000Hz
[controller_server-1] [WARN] [1783288913.237186035] [controller_server]: Control loop missed its desired rate of 20.0000Hz
[controller_server-1] [WARN] [1783288913.426860222] [controller_server]: Control loop missed its desired rate of 20.0000Hz
[controller_server-1] [WARN] [1783288913.437128522] [controller_server]: Control loop missed its desired rate of 20.0000Hz
[controller_server-1] [WARN] [1783288913.626892036] [controller_server]: Control loop missed its desired rate of 20.0000Hz
[controller_server-1] [WARN] [1783288913.637184891] [controller_server]: Control loop missed its desired rate of 20.0000Hz
[controller_server-1] [WARN] [1783288913.826930342] [controller_server]: Control loop missed its desired rate of 20.0000Hz
[controller_server-1] [WARN] [1783288913.847399614] [controller_server]: Control loop missed its desired rate of 20.0000Hz
[controller_server-1] [WARN] [1783288914.036884302] [controller_server]: Control loop missed its desired rate of 20.0000Hz
[controller_server-1] [INFO] [1783288914.157697211] [controller_server]: Passing new path to controller.
[controller_server-1] [WARN] [1783288914.238825292] [controller_server]: Control loop missed its desired rate of 20.0000Hz
[controller_server-1] [WARN] [1783288914.438099476] [controller_server]: Control loop missed its desired rate of 20.0000Hz
[controller_server-1] [WARN] [1783288914.639550252] [controller_server]: Control loop missed its desired rate of 20.0000Hz
[controller_server-1] [WARN] [1783288914.839351589] [controller_server]: Control loop missed its desired rate of 20.0000Hz
[controller_server-1] [WARN] [1783288915.040884657] [controller_server]: Control loop missed its desired rate of 20.0000Hz
[controller_server-1] [WARN] [1783288915.240733259] [controller_server]: Control loop missed its desired rate of 20.0000Hz
[controller_server-1] [INFO] [1783288915.240830365] [controller_server]: Passing new path to controller.
[controller_server-1] [WARN] [1783288915.442530225] [controller_server]: Control loop missed its desired rate of 20.0000Hz
[controller_server-1] [ERROR] [1783288915.641918656] [transformPoseInTargetFrame]: Extrapolation Error looking up target frame: Lookup would require extrapolation into the future.  Requested time 165.026000 but the latest data is at time 165.020000, when looking up transform from frame [map] to frame [leo1/base_link]
[controller_server-1] 
[controller_server-1] [WARN] [1783288915.642567420] [controller_server]: Control loop missed its desired rate of 20.0000Hz
[controller_server-1] [INFO] [1783288916.251106320] [controller_server]: Passing new path to controller.
[controller_server-1] [INFO] [1783288917.275379484] [controller_server]: Passing new path to controller.
[controller_server-1] [INFO] [1783288918.292645852] [controller_server]: Passing new path to controller.
[controller_server-1] [INFO] [1783288919.342656545] [controller_server]: Passing new path to controller.
[controller_server-1] [INFO] [1783288920.342648035] [controller_server]: Passing new path to controller.
[controller_server-1] [INFO] [1783288921.392667359] [controller_server]: Passing new path to controller.
[controller_server-1] [ERROR] [1783288921.494229475] [transformPoseInTargetFrame]: Extrapolation Error looking up target frame: Lookup would require extrapolation into the future.  Requested time 170.835000 but the latest data is at time 170.820000, when looking up transform from frame [map] to frame [leo1/base_link]
[controller_server-1] 
[controller_server-1] [WARN] [1783288921.495586644] [controller_server]: Control loop missed its desired rate of 20.0000Hz
[controller_server-1] [INFO] [1783288922.407766905] [controller_server]: Passing new path to controller.
[controller_server-1] [WARN] [1783288922.510036683] [controller_server]: Control loop missed its desired rate of 20.0000Hz
[controller_server-1] [INFO] [1783288923.445676026] [controller_server]: Passing new path to controller.
[controller_server-1] [WARN] [1783288923.507238788] [controller_server]: Control loop missed its desired rate of 20.0000Hz
[controller_server-1] [INFO] [1783288924.495669091] [controller_server]: Passing new path to controller.
[controller_server-1] [INFO] [1783288925.495686698] [controller_server]: Passing new path to controller.
[controller_server-1] [INFO] [1783288926.548938493] [controller_server]: Passing new path to controller.
[bt_navigator-4] [INFO] [1783288926.668999567] [bt_navigator]: Received goal preemption request
[bt_navigator-4] [INFO] [1783288926.669337552] [bt_navigator]: Begin navigating from current location (-1.86, 0.30) to (-9.85, -2.60)
[planner_server-2] [INFO] [1783288927.230024850] [global_costmap.global_costmap]: StaticLayer: Resizing costmap to 478 X 242 at 0.050000 m/pix
[controller_server-1] [INFO] [1783288927.548943201] [controller_server]: Passing new path to controller.
[controller_server-1] [INFO] [1783288928.598931006] [controller_server]: Passing new path to controller.
[planner_server-2] [INFO] [1783288929.230041277] [global_costmap.global_costmap]: StaticLayer: Resizing costmap to 478 X 244 at 0.050000 m/pix
[controller_server-1] [INFO] [1783288929.648949514] [controller_server]: Passing new path to controller.
[controller_server-1] [WARN] [1783288929.740876930] [controller_server]: Control loop missed its desired rate of 20.0000Hz
[planner_server-2] [INFO] [1783288930.230022025] [global_costmap.global_costmap]: StaticLayer: Resizing costmap to 478 X 252 at 0.050000 m/pix
[controller_server-1] [INFO] [1783288930.648938406] [controller_server]: Passing new path to controller.
[controller_server-1] [WARN] [1783288930.751572784] [controller_server]: Control loop missed its desired rate of 20.0000Hz
[planner_server-2] [INFO] [1783288931.230031352] [global_costmap.global_costmap]: StaticLayer: Resizing costmap to 478 X 254 at 0.050000 m/pix
[controller_server-1] [INFO] [1783288931.667418066] [controller_server]: Passing new path to controller.
[controller_server-1] [WARN] [1783288931.759290845] [controller_server]: Control loop missed its desired rate of 20.0000Hz
[planner_server-2] [INFO] [1783288932.230009695] [global_costmap.global_costmap]: StaticLayer: Resizing costmap to 478 X 264 at 0.050000 m/pix
[controller_server-1] [INFO] [1783288932.701656847] [controller_server]: Passing new path to controller.
[controller_server-1] [WARN] [1783288932.773496676] [controller_server]: Control loop missed its desired rate of 20.0000Hz
[planner_server-2] [INFO] [1783288933.230033208] [global_costmap.global_costmap]: StaticLayer: Resizing costmap to 478 X 274 at 0.050000 m/pix
[controller_server-1] [INFO] [1783288933.751663571] [controller_server]: Passing new path to controller.
[planner_server-2] [INFO] [1783288934.230020489] [global_costmap.global_costmap]: StaticLayer: Resizing costmap to 478 X 288 at 0.050000 m/pix
[controller_server-1] [INFO] [1783288934.751651972] [controller_server]: Passing new path to controller.
[controller_server-1] [WARN] [1783288934.803353287] [controller_server]: Control loop missed its desired rate of 20.0000Hz
[planner_server-2] [INFO] [1783288935.230025237] [global_costmap.global_costmap]: StaticLayer: Resizing costmap to 478 X 302 at 0.050000 m/pix
[controller_server-1] [INFO] [1783288935.801647350] [controller_server]: Passing new path to controller.
[planner_server-2] [INFO] [1783288936.230019221] [global_costmap.global_costmap]: StaticLayer: Resizing costmap to 478 X 317 at 0.050000 m/pix
[controller_server-1] [INFO] [1783288936.851660210] [controller_server]: Passing new path to controller.
[planner_server-2] [INFO] [1783288937.230022460] [global_costmap.global_costmap]: StaticLayer: Resizing costmap to 478 X 317 at 0.050000 m/pix
[controller_server-1] [INFO] [1783288937.851650516] [controller_server]: Passing new path to controller.
[planner_server-2] [INFO] [1783288938.230056462] [global_costmap.global_costmap]: StaticLayer: Resizing costmap to 478 X 318 at 0.050000 m/pix
[bt_navigator-4] [INFO] [1783288938.849317763] [bt_navigator]: Received goal preemption request
[bt_navigator-4] [INFO] [1783288938.849735306] [bt_navigator]: Begin navigating from current location (-4.98, -0.20) to (-9.51, -4.48)
[controller_server-1] [INFO] [1783288938.901646436] [controller_server]: Passing new path to controller.
[planner_server-2] [INFO] [1783288939.230042488] [global_costmap.global_costmap]: StaticLayer: Resizing costmap to 478 X 318 at 0.050000 m/pix
[controller_server-1] [INFO] [1783288939.901642269] [controller_server]: Passing new path to controller.
[planner_server-2] [INFO] [1783288940.230025264] [global_costmap.global_costmap]: StaticLayer: Resizing costmap to 478 X 318 at 0.050000 m/pix
[controller_server-1] [INFO] [1783288940.951679881] [controller_server]: Passing new path to controller.
[controller_server-1] [ERROR] [1783288941.053141704] [transformPoseInTargetFrame]: Extrapolation Error looking up target frame: Lookup would require extrapolation into the future.  Requested time 190.234000 but the latest data is at time 190.220000, when looking up transform from frame [map] to frame [leo1/base_link]
[controller_server-1] 
[controller_server-1] [WARN] [1783288941.053803353] [controller_server]: Control loop missed its desired rate of 20.0000Hz
[planner_server-2] [INFO] [1783288941.230027560] [global_costmap.global_costmap]: StaticLayer: Resizing costmap to 478 X 318 at 0.050000 m/pix
[controller_server-1] [INFO] [1783288941.967960151] [controller_server]: Passing new path to controller.
[controller_server-1] [WARN] [1783288942.060298483] [controller_server]: Control loop missed its desired rate of 20.0000Hz
[controller_server-1] [INFO] [1783288943.003891343] [controller_server]: Passing new path to controller.
[controller_server-1] [WARN] [1783288943.065611668] [controller_server]: Control loop missed its desired rate of 20.0000Hz
[controller_server-1] [INFO] [1783288944.053913629] [controller_server]: Passing new path to controller.
[planner_server-2] [INFO] [1783288944.230055699] [global_costmap.global_costmap]: StaticLayer: Resizing costmap to 478 X 318 at 0.050000 m/pix
[controller_server-1] [INFO] [1783288945.053899706] [controller_server]: Passing new path to controller.
[controller_server-1] [INFO] [1783288946.103877367] [controller_server]: Passing new path to controller.
[controller_server-1] [INFO] [1783288947.153884007] [controller_server]: Passing new path to controller.
[controller_server-1] [INFO] [1783288948.153888727] [controller_server]: Passing new path to controller.
[controller_server-1] [INFO] [1783288949.203903583] [controller_server]: Passing new path to controller.
[controller_server-1] [WARN] [1783288949.285297054] [controller_server]: Control loop missed its desired rate of 20.0000Hz
[controller_server-1] [INFO] [1783288950.203883037] [controller_server]: Passing new path to controller.
[controller_server-1] [WARN] [1783288950.285531811] [controller_server]: Control loop missed its desired rate of 20.0000Hz
[bt_navigator-4] [INFO] [1783288950.839076871] [bt_navigator]: Received goal preemption request
[bt_navigator-4] [INFO] [1783288950.839538442] [bt_navigator]: Begin navigating from current location (-6.88, -2.29) to (-10.53, 4.51)
[controller_server-1] [INFO] [1783288951.253878683] [controller_server]: Passing new path to controller.
[controller_server-1] [ERROR] [1783288951.505108578] [transformPoseInTargetFrame]: Extrapolation Error looking up target frame: Lookup would require extrapolation into the future.  Requested time 200.648000 but the latest data is at time 200.620000, when looking up transform from frame [map] to frame [leo1/base_link]
[controller_server-1] 
[controller_server-1] [WARN] [1783288951.505962654] [controller_server]: Control loop missed its desired rate of 20.0000Hz
[controller_server-1] [INFO] [1783288952.269528617] [controller_server]: Passing new path to controller.
[controller_server-1] [WARN] [1783288952.497070332] [controller_server]: Control loop missed its desired rate of 20.0000Hz
[controller_server-1] [WARN] [1783288952.507298511] [controller_server]: Control loop missed its desired rate of 20.0000Hz
[controller_server-1] [WARN] [1783288952.697022169] [controller_server]: Control loop missed its desired rate of 20.0000Hz
[controller_server-1] [WARN] [1783288952.707255450] [controller_server]: Control loop missed its desired rate of 20.0000Hz
[controller_server-1] [WARN] [1783288952.886937698] [controller_server]: Control loop missed its desired rate of 20.0000Hz
[controller_server-1] [WARN] [1783288952.907289888] [controller_server]: Control loop missed its desired rate of 20.0000Hz
[controller_server-1] [WARN] [1783288953.097168577] [controller_server]: Control loop missed its desired rate of 20.0000Hz
[controller_server-1] [WARN] [1783288953.107363465] [controller_server]: Control loop missed its desired rate of 20.0000Hz
[controller_server-1] [WARN] [1783288953.286909545] [controller_server]: Control loop missed its desired rate of 20.0000Hz
[controller_server-1] [WARN] [1783288953.307259567] [controller_server]: Control loop missed its desired rate of 20.0000Hz
[controller_server-1] [INFO] [1783288953.307295970] [controller_server]: Passing new path to controller.
[controller_server-1] [WARN] [1783288953.497113757] [controller_server]: Control loop missed its desired rate of 20.0000Hz
[controller_server-1] [WARN] [1783288953.507341865] [controller_server]: Control loop missed its desired rate of 20.0000Hz
[controller_server-1] [WARN] [1783288953.697108533] [controller_server]: Control loop missed its desired rate of 20.0000Hz
[controller_server-1] [WARN] [1783288953.707334639] [controller_server]: Control loop missed its desired rate of 20.0000Hz
[controller_server-1] [WARN] [1783288953.897039423] [controller_server]: Control loop missed its desired rate of 20.0000Hz
[controller_server-1] [WARN] [1783288953.907258496] [controller_server]: Control loop missed its desired rate of 20.0000Hz
[controller_server-1] [WARN] [1783288954.097023847] [controller_server]: Control loop missed its desired rate of 20.0000Hz
[controller_server-1] [WARN] [1783288954.107249024] [controller_server]: Control loop missed its desired rate of 20.0000Hz
[controller_server-1] [WARN] [1783288954.296967703] [controller_server]: Control loop missed its desired rate of 20.0000Hz
[controller_server-1] [WARN] [1783288954.307203289] [controller_server]: Control loop missed its desired rate of 20.0000Hz
[controller_server-1] [INFO] [1783288954.356035766] [controller_server]: Passing new path to controller.
[controller_server-1] [WARN] [1783288954.497061323] [controller_server]: Control loop missed its desired rate of 20.0000Hz
[controller_server-1] [WARN] [1783288954.507292618] [controller_server]: Control loop missed its desired rate of 20.0000Hz
[controller_server-1] [WARN] [1783288954.686879884] [controller_server]: Control loop missed its desired rate of 20.0000Hz
[controller_server-1] [WARN] [1783288954.707219580] [controller_server]: Control loop missed its desired rate of 20.0000Hz
[controller_server-1] [WARN] [1783288954.896976351] [controller_server]: Control loop missed its desired rate of 20.0000Hz
[controller_server-1] [WARN] [1783288954.907202886] [controller_server]: Control loop missed its desired rate of 20.0000Hz
[controller_server-1] [WARN] [1783288955.086991817] [controller_server]: Control loop missed its desired rate of 20.0000Hz
[controller_server-1] [WARN] [1783288955.107366112] [controller_server]: Control loop missed its desired rate of 20.0000Hz
[controller_server-1] [WARN] [1783288955.297068604] [controller_server]: Control loop missed its desired rate of 20.0000Hz
[controller_server-1] [WARN] [1783288955.307298256] [controller_server]: Control loop missed its desired rate of 20.0000Hz
[controller_server-1] [INFO] [1783288955.356048560] [controller_server]: Passing new path to controller.
[controller_server-1] [WARN] [1783288955.497051971] [controller_server]: Control loop missed its desired rate of 20.0000Hz
[controller_server-1] [WARN] [1783288955.507277912] [controller_server]: Control loop missed its desired rate of 20.0000Hz
[controller_server-1] [WARN] [1783288955.697039211] [controller_server]: Control loop missed its desired rate of 20.0000Hz
[controller_server-1] [WARN] [1783288955.707264442] [controller_server]: Control loop missed its desired rate of 20.0000Hz
[controller_server-1] [WARN] [1783288955.887002775] [controller_server]: Control loop missed its desired rate of 20.0000Hz
[controller_server-1] [WARN] [1783288955.907322529] [controller_server]: Control loop missed its desired rate of 20.0000Hz
[controller_server-1] [WARN] [1783288956.100029143] [controller_server]: Control loop missed its desired rate of 20.0000Hz
[controller_server-1] [WARN] [1783288956.110348396] [controller_server]: Control loop missed its desired rate of 20.0000Hz
[controller_server-1] [WARN] [1783288956.300054378] [controller_server]: Control loop missed its desired rate of 20.0000Hz
[controller_server-1] [WARN] [1783288956.310366969] [controller_server]: Control loop missed its desired rate of 20.0000Hz
[controller_server-1] [INFO] [1783288956.409090598] [controller_server]: Passing new path to controller.
[controller_server-1] [WARN] [1783288956.500431454] [controller_server]: Control loop missed its desired rate of 20.0000Hz
[controller_server-1] [WARN] [1783288956.510707512] [controller_server]: Control loop missed its desired rate of 20.0000Hz
[controller_server-1] [WARN] [1783288956.699978309] [controller_server]: Control loop missed its desired rate of 20.0000Hz
[controller_server-1] [WARN] [1783288956.710191304] [controller_server]: Control loop missed its desired rate of 20.0000Hz
[controller_server-1] [WARN] [1783288956.900083983] [controller_server]: Control loop missed its desired rate of 20.0000Hz
[controller_server-1] [WARN] [1783288956.910308809] [controller_server]: Control loop missed its desired rate of 20.0000Hz
[controller_server-1] [WARN] [1783288957.100113002] [controller_server]: Control loop missed its desired rate of 20.0000Hz
[controller_server-1] [WARN] [1783288957.120579927] [controller_server]: Control loop missed its desired rate of 20.0000Hz
[controller_server-1] [WARN] [1783288957.300283211] [controller_server]: Control loop missed its desired rate of 20.0000Hz
[controller_server-1] [WARN] [1783288957.320647630] [controller_server]: Control loop missed its desired rate of 20.0000Hz
[controller_server-1] [INFO] [1783288957.409083922] [controller_server]: Passing new path to controller.
[controller_server-1] [WARN] [1783288957.500654851] [controller_server]: Control loop missed its desired rate of 20.0000Hz
[controller_server-1] [WARN] [1783288957.521014651] [controller_server]: Control loop missed its desired rate of 20.0000Hz
[controller_server-1] [WARN] [1783288957.710279125] [controller_server]: Control loop missed its desired rate of 20.0000Hz
[controller_server-1] [WARN] [1783288958.111436785] [controller_server]: Control loop missed its desired rate of 20.0000Hz
[controller_server-1] [WARN] [1783288958.312945163] [controller_server]: Control loop missed its desired rate of 20.0000Hz
[controller_server-1] [WARN] [1783288958.502560115] [controller_server]: Control loop missed its desired rate of 20.0000Hz
[controller_server-1] [INFO] [1783288958.502609233] [controller_server]: Passing new path to controller.
[controller_server-1] [WARN] [1783288958.523201917] [controller_server]: Control loop missed its desired rate of 20.0000Hz
[controller_server-1] [WARN] [1783288958.712673306] [controller_server]: Control loop missed its desired rate of 20.0000Hz
[controller_server-1] [WARN] [1783288958.914295300] [controller_server]: Control loop missed its desired rate of 20.0000Hz
[controller_server-1] [WARN] [1783288959.113823433] [controller_server]: Control loop missed its desired rate of 20.0000Hz
[controller_server-1] [WARN] [1783288959.315339132] [controller_server]: Control loop missed its desired rate of 20.0000Hz
[controller_server-1] [WARN] [1783288959.515036696] [controller_server]: Control loop missed its desired rate of 20.0000Hz
[controller_server-1] [INFO] [1783288959.515075969] [controller_server]: Passing new path to controller.
[controller_server-1] [WARN] [1783288959.716882627] [controller_server]: Control loop missed its desired rate of 20.0000Hz
[controller_server-1] [WARN] [1783288959.916168487] [controller_server]: Control loop missed its desired rate of 20.0000Hz
[controller_server-1] [WARN] [1783288960.117739737] [controller_server]: Control loop missed its desired rate of 20.0000Hz
[controller_server-1] [WARN] [1783288960.317525656] [controller_server]: Control loop missed its desired rate of 20.0000Hz
[controller_server-1] [WARN] [1783288960.519051546] [controller_server]: Control loop missed its desired rate of 20.0000Hz
[controller_server-1] [INFO] [1783288960.519090722] [controller_server]: Passing new path to controller.
[controller_server-1] [WARN] [1783288960.718772121] [controller_server]: Control loop missed its desired rate of 20.0000Hz
[controller_server-1] [WARN] [1783288960.920356769] [controller_server]: Control loop missed its desired rate of 20.0000Hz
[controller_server-1] [WARN] [1783288961.120062238] [controller_server]: Control loop missed its desired rate of 20.0000Hz
[controller_server-1] [WARN] [1783288961.331674896] [controller_server]: Control loop missed its desired rate of 20.0000Hz
[controller_server-1] [ERROR] [1783288961.521509578] [transformPoseInTargetFrame]: Extrapolation Error looking up target frame: Lookup would require extrapolation into the future.  Requested time 210.626000 but the latest data is at time 210.620000, when looking up transform from frame [map] to frame [leo1/base_link]
[controller_server-1] 
[controller_server-1] [WARN] [1783288961.522490558] [controller_server]: Control loop missed its desired rate of 20.0000Hz
[controller_server-1] [INFO] [1783288961.573715557] [controller_server]: Passing new path to controller.
[controller_server-1] [WARN] [1783288961.725262463] [controller_server]: Control loop missed its desired rate of 20.0000Hz
[controller_server-1] [ERROR] [1783288961.923538880] [transformPoseInTargetFrame]: Extrapolation Error looking up target frame: Lookup would require extrapolation into the future.  Requested time 211.026000 but the latest data is at time 211.020000, when looking up transform from frame [map] to frame [leo1/base_link]
[controller_server-1] 
[controller_server-1] [WARN] [1783288961.924299033] [controller_server]: Control loop missed its desired rate of 20.0000Hz
[controller_server-1] [INFO] [1783288962.588951082] [controller_server]: Passing new path to controller.
[controller_server-1] [WARN] [1783288962.740557201] [controller_server]: Control loop missed its desired rate of 20.0000Hz
[controller_server-1] [ERROR] [1783288962.925426945] [transformPoseInTargetFrame]: Extrapolation Error looking up target frame: Lookup would require extrapolation into the future.  Requested time 212.025000 but the latest data is at time 212.020000, when looking up transform from frame [map] to frame [leo1/base_link]
[controller_server-1] 
[controller_server-1] [WARN] [1783288962.926279392] [controller_server]: Control loop missed its desired rate of 20.0000Hz
[controller_server-1] [INFO] [1783288963.588531502] [controller_server]: Passing new path to controller.
[controller_server-1] [WARN] [1783288963.740185006] [controller_server]: Control loop missed its desired rate of 20.0000Hz
[controller_server-1] [WARN] [1783288963.937082742] [controller_server]: Control loop missed its desired rate of 20.0000Hz
[controller_server-1] [WARN] [1783288964.147225846] [controller_server]: Control loop missed its desired rate of 20.0000Hz
[controller_server-1] [WARN] [1783288964.347299528] [controller_server]: Control loop missed its desired rate of 20.0000Hz
[controller_server-1] [WARN] [1783288964.547186371] [controller_server]: Control loop missed its desired rate of 20.0000Hz
[controller_server-1] [INFO] [1783288964.626364062] [controller_server]: Passing new path to controller.
[controller_server-1] [WARN] [1783288964.747167191] [controller_server]: Control loop missed its desired rate of 20.0000Hz
[controller_server-1] [WARN] [1783288964.947187669] [controller_server]: Control loop missed its desired rate of 20.0000Hz
[controller_server-1] [WARN] [1783288965.157336969] [controller_server]: Control loop missed its desired rate of 20.0000Hz
[controller_server-1] [WARN] [1783288965.357256498] [controller_server]: Control loop missed its desired rate of 20.0000Hz
[controller_server-1] [WARN] [1783288965.557239933] [controller_server]: Control loop missed its desired rate of 20.0000Hz
[controller_server-1] [INFO] [1783288965.676364073] [controller_server]: Passing new path to controller.
[controller_server-1] [WARN] [1783288965.757668009] [controller_server]: Control loop missed its desired rate of 20.0000Hz
[controller_server-1] [WARN] [1783288965.957259590] [controller_server]: Control loop missed its desired rate of 20.0000Hz
[controller_server-1] [WARN] [1783288966.157327060] [controller_server]: Control loop missed its desired rate of 20.0000Hz
[controller_server-1] [WARN] [1783288966.367353926] [controller_server]: Control loop missed its desired rate of 20.0000Hz
[controller_server-1] [WARN] [1783288966.378580617] [controller_server]: Control loop missed its desired rate of 20.0000Hz
[controller_server-1] [WARN] [1783288966.567378481] [controller_server]: Control loop missed its desired rate of 20.0000Hz
[controller_server-1] [WARN] [1783288966.578634576] [controller_server]: Control loop missed its desired rate of 20.0000Hz
[controller_server-1] [INFO] [1783288966.676351601] [controller_server]: Passing new path to controller.
[controller_server-1] [WARN] [1783288966.767856521] [controller_server]: Control loop missed its desired rate of 20.0000Hz
[controller_server-1] [WARN] [1783288966.779340154] [controller_server]: Control loop missed its desired rate of 20.0000Hz
[controller_server-1] [WARN] [1783288966.967499015] [controller_server]: Control loop missed its desired rate of 20.0000Hz
[controller_server-1] [WARN] [1783288966.980869707] [controller_server]: Control loop missed its desired rate of 20.0000Hz
[controller_server-1] [WARN] [1783288967.167421550] [controller_server]: Control loop missed its desired rate of 20.0000Hz
[controller_server-1] [WARN] [1783288967.180305382] [controller_server]: Control loop missed its desired rate of 20.0000Hz
[controller_server-1] [WARN] [1783288967.367386075] [controller_server]: Control loop missed its desired rate of 20.0000Hz
[controller_server-1] [WARN] [1783288967.379224160] [controller_server]: Control loop missed its desired rate of 20.0000Hz
[controller_server-1] [WARN] [1783288967.577502318] [controller_server]: Control loop missed its desired rate of 20.0000Hz
[controller_server-1] [WARN] [1783288967.780043795] [controller_server]: Control loop missed its desired rate of 20.0000Hz
[controller_server-1] [INFO] [1783288967.780084237] [controller_server]: Passing new path to controller.
[controller_server-1] [WARN] [1783288967.978691600] [controller_server]: Control loop missed its desired rate of 20.0000Hz
[controller_server-1] [WARN] [1783288968.181283254] [controller_server]: Control loop missed its desired rate of 20.0000Hz
[controller_server-1] [WARN] [1783288968.379960315] [controller_server]: Control loop missed its desired rate of 20.0000Hz
[controller_server-1] [WARN] [1783288968.582472380] [controller_server]: Control loop missed its desired rate of 20.0000Hz
[controller_server-1] [WARN] [1783288968.781166224] [controller_server]: Control loop missed its desired rate of 20.0000Hz
[controller_server-1] [INFO] [1783288968.781213519] [controller_server]: Passing new path to controller.
[controller_server-1] [WARN] [1783288968.994641897] [controller_server]: Control loop missed its desired rate of 20.0000Hz
[controller_server-1] [ERROR] [1783288969.182415883] [transformPoseInTargetFrame]: Extrapolation Error looking up target frame: Lookup would require extrapolation into the future.  Requested time 218.228000 but the latest data is at time 218.220000, when looking up transform from frame [map] to frame [leo1/base_link]
[controller_server-1] 
[controller_server-1] [WARN] [1783288969.183268349] [controller_server]: Control loop missed its desired rate of 20.0000Hz
[controller_server-1] [INFO] [1783288969.796014779] [controller_server]: Passing new path to controller.
[controller_server-1] [WARN] [1783288969.997958933] [controller_server]: Control loop missed its desired rate of 20.0000Hz
[controller_server-1] [ERROR] [1783288970.184413889] [transformPoseInTargetFrame]: Extrapolation Error looking up target frame: Lookup would require extrapolation into the future.  Requested time 219.223000 but the latest data is at time 219.220000, when looking up transform from frame [map] to frame [leo1/base_link]
[controller_server-1] 
[controller_server-1] [WARN] [1783288970.185240685] [controller_server]: Control loop missed its desired rate of 20.0000Hz
[controller_server-1] [INFO] [1783288970.799278035] [controller_server]: Passing new path to controller.
[controller_server-1] [WARN] [1783288971.001216484] [controller_server]: Control loop missed its desired rate of 20.0000Hz
[controller_server-1] [WARN] [1783288971.206164186] [controller_server]: Control loop missed its desired rate of 20.0000Hz
[controller_server-1] [WARN] [1783288971.406200323] [controller_server]: Control loop missed its desired rate of 20.0000Hz
[controller_server-1] [WARN] [1783288971.626347045] [controller_server]: Control loop missed its desired rate of 20.0000Hz
[controller_server-1] [WARN] [1783288971.636572642] [controller_server]: Control loop missed its desired rate of 20.0000Hz
[controller_server-1] [WARN] [1783288971.806267113] [controller_server]: Control loop missed its desired rate of 20.0000Hz
[controller_server-1] [INFO] [1783288971.835326708] [controller_server]: Passing new path to controller.
[controller_server-1] [WARN] [1783288972.006129512] [controller_server]: Control loop missed its desired rate of 20.0000Hz
[controller_server-1] [WARN] [1783288972.216217961] [controller_server]: Control loop missed its desired rate of 20.0000Hz
[controller_server-1] [WARN] [1783288972.416140252] [controller_server]: Control loop missed its desired rate of 20.0000Hz
[controller_server-1] [WARN] [1783288972.636608252] [controller_server]: Control loop missed its desired rate of 20.0000Hz
[controller_server-1] [INFO] [1783288972.886683845] [controller_server]: Passing new path to controller.
[controller_server-1] [WARN] [1783288973.027617333] [controller_server]: Control loop missed its desired rate of 20.0000Hz
[controller_server-1] [WARN] [1783288973.037845703] [controller_server]: Control loop missed its desired rate of 20.0000Hz
[controller_server-1] [WARN] [1783288973.237813275] [controller_server]: Control loop missed its desired rate of 20.0000Hz
[controller_server-1] [WARN] [1783288973.628858949] [controller_server]: Control loop missed its desired rate of 20.0000Hz
[controller_server-1] [WARN] [1783288973.639125746] [controller_server]: Control loop missed its desired rate of 20.0000Hz
[controller_server-1] [WARN] [1783288973.828944083] [controller_server]: Control loop missed its desired rate of 20.0000Hz
[controller_server-1] [WARN] [1783288973.839192008] [controller_server]: Control loop missed its desired rate of 20.0000Hz
[controller_server-1] [INFO] [1783288973.887892455] [controller_server]: Passing new path to controller.
[controller_server-1] [WARN] [1783288974.038995664] [controller_server]: Control loop missed its desired rate of 20.0000Hz
[controller_server-1] [WARN] [1783288974.240590256] [controller_server]: Control loop missed its desired rate of 20.0000Hz
[controller_server-1] [WARN] [1783288974.440168816] [controller_server]: Control loop missed its desired rate of 20.0000Hz
[controller_server-1] [WARN] [1783288974.641697931] [controller_server]: Control loop missed its desired rate of 20.0000Hz
[controller_server-1] [WARN] [1783288974.841333170] [controller_server]: Control loop missed its desired rate of 20.0000Hz
[controller_server-1] [INFO] [1783288974.961976876] [controller_server]: Passing new path to controller.
[controller_server-1] [WARN] [1783288975.043080703] [controller_server]: Control loop missed its desired rate of 20.0000Hz
[controller_server-1] [WARN] [1783288975.242597428] [controller_server]: Control loop missed its desired rate of 20.0000Hz
[controller_server-1] [WARN] [1783288975.444045924] [controller_server]: Control loop missed its desired rate of 20.0000Hz
[controller_server-1] [ERROR] [1783288975.643739952] [transformPoseInTargetFrame]: Extrapolation Error looking up target frame: Lookup would require extrapolation into the future.  Requested time 224.630000 but the latest data is at time 224.620000, when looking up transform from frame [map] to frame [leo1/base_link]
[controller_server-1] 
[controller_server-1] [WARN] [1783288975.644582309] [controller_server]: Control loop missed its desired rate of 20.0000Hz
[controller_server-1] [INFO] [1783288975.949898040] [controller_server]: Passing new path to controller.
[controller_server-1] [WARN] [1783288976.051313407] [controller_server]: Control loop missed its desired rate of 20.0000Hz
[controller_server-1] [ERROR] [1783288976.245706891] [transformPoseInTargetFrame]: Extrapolation Error looking up target frame: Lookup would require extrapolation into the future.  Requested time 225.222000 but the latest data is at time 225.220000, when looking up transform from frame [map] to frame [leo1/base_link]
[controller_server-1] 
[controller_server-1] [WARN] [1783288976.246482899] [controller_server]: Control loop missed its desired rate of 20.0000Hz
[controller_server-1] [INFO] [1783288977.011412756] [controller_server]: Passing new path to controller.
[controller_server-1] [WARN] [1783288977.267394110] [controller_server]: Control loop missed its desired rate of 20.0000Hz
[controller_server-1] [WARN] [1783288977.467356741] [controller_server]: Control loop missed its desired rate of 20.0000Hz
[controller_server-1] [WARN] [1783288977.667362596] [controller_server]: Control loop missed its desired rate of 20.0000Hz
[controller_server-1] [WARN] [1783288977.877584475] [controller_server]: Control loop missed its desired rate of 20.0000Hz
[controller_server-1] [WARN] [1783288978.077604469] [controller_server]: Control loop missed its desired rate of 20.0000Hz
[controller_server-1] [INFO] [1783288978.077655291] [controller_server]: Passing new path to controller.
[controller_server-1] [WARN] [1783288978.287595743] [controller_server]: Control loop missed its desired rate of 20.0000Hz
[controller_server-1] [WARN] [1783288978.307898273] [controller_server]: Control loop missed its desired rate of 20.0000Hz
[controller_server-1] [WARN] [1783288978.477573712] [controller_server]: Control loop missed its desired rate of 20.0000Hz
[controller_server-1] [WARN] [1783288978.687603616] [controller_server]: Control loop missed its desired rate of 20.0000Hz
[controller_server-1] [WARN] [1783288978.887612312] [controller_server]: Control loop missed its desired rate of 20.0000Hz
[controller_server-1] [WARN] [1783288978.897828016] [controller_server]: Control loop missed its desired rate of 20.0000Hz
[controller_server-1] [WARN] [1783288979.087679297] [controller_server]: Control loop missed its desired rate of 20.0000Hz
[controller_server-1] [INFO] [1783288979.087755819] [controller_server]: Passing new path to controller.
[controller_server-1] [WARN] [1783288979.098253094] [controller_server]: Control loop missed its desired rate of 20.0000Hz
[controller_server-1] [WARN] [1783288979.287607773] [controller_server]: Control loop missed its desired rate of 20.0000Hz
[controller_server-1] [WARN] [1783288979.297863230] [controller_server]: Control loop missed its desired rate of 20.0000Hz
[controller_server-1] [WARN] [1783288979.487578898] [controller_server]: Control loop missed its desired rate of 20.0000Hz
[controller_server-1] [WARN] [1783288979.497792528] [controller_server]: Control loop missed its desired rate of 20.0000Hz
[controller_server-1] [WARN] [1783288979.687716167] [controller_server]: Control loop missed its desired rate of 20.0000Hz
[controller_server-1] [WARN] [1783288979.708068199] [controller_server]: Control loop missed its desired rate of 20.0000Hz
[controller_server-1] [WARN] [1783288979.887698063] [controller_server]: Control loop missed its desired rate of 20.0000Hz
[controller_server-1] [WARN] [1783288979.908045027] [controller_server]: Control loop missed its desired rate of 20.0000Hz
[controller_server-1] [WARN] [1783288980.097655754] [controller_server]: Control loop missed its desired rate of 20.0000Hz
[controller_server-1] [INFO] [1783288980.097695732] [controller_server]: Passing new path to controller.
[controller_server-1] [WARN] [1783288980.309603140] [controller_server]: Control loop missed its desired rate of 20.0000Hz
[controller_server-1] [WARN] [1783288980.498943027] [controller_server]: Control loop missed its desired rate of 20.0000Hz
[controller_server-1] [WARN] [1783288980.700515448] [controller_server]: Control loop missed its desired rate of 20.0000Hz
[controller_server-1] [WARN] [1783288980.900220554] [controller_server]: Control loop missed its desired rate of 20.0000Hz
[controller_server-1] [WARN] [1783288981.111789459] [controller_server]: Control loop missed its desired rate of 20.0000Hz
[controller_server-1] [INFO] [1783288981.111829775] [controller_server]: Passing new path to controller.
[controller_server-1] [ERROR] [1783288981.301428061] [transformPoseInTargetFrame]: Extrapolation Error looking up target frame: Lookup would require extrapolation into the future.  Requested time 230.228000 but the latest data is at time 230.220000, when looking up transform from frame [map] to frame [leo1/base_link]
[controller_server-1] 
[controller_server-1] [WARN] [1783288981.302440853] [controller_server]: Control loop missed its desired rate of 20.0000Hz
[controller_server-1] [INFO] [1783288982.167852862] [controller_server]: Passing new path to controller.
[controller_server-1] [INFO] [1783288983.152553260] [controller_server]: Passing new path to controller.
[controller_server-1] [INFO] [1783288984.202534934] [controller_server]: Passing new path to controller.
[controller_server-1] [INFO] [1783288985.252522570] [controller_server]: Passing new path to controller.
[controller_server-1] [WARN] [1783288985.344411367] [controller_server]: Control loop missed its desired rate of 20.0000Hz
[planner_server-2] [INFO] [1783288986.239045591] [global_costmap.global_costmap]: StaticLayer: Resizing costmap to 478 X 318 at 0.050000 m/pix
[controller_server-1] [INFO] [1783288986.258541898] [controller_server]: Passing new path to controller.
[controller_server-1] [WARN] [1783288986.360700309] [controller_server]: Control loop missed its desired rate of 20.0000Hz
[planner_server-2] [INFO] [1783288987.239074513] [global_costmap.global_costmap]: StaticLayer: Resizing costmap to 479 X 318 at 0.050000 m/pix
[controller_server-1] [INFO] [1783288987.276237576] [controller_server]: Passing new path to controller.
[controller_server-1] [WARN] [1783288987.368119472] [controller_server]: Control loop missed its desired rate of 20.0000Hz
[controller_server-1] [INFO] [1783288988.310780607] [controller_server]: Passing new path to controller.
[controller_server-1] [WARN] [1783288988.372413198] [controller_server]: Control loop missed its desired rate of 20.0000Hz
[controller_server-1] [INFO] [1783288989.360779126] [controller_server]: Passing new path to controller.
[planner_server-2] [INFO] [1783288990.239046790] [global_costmap.global_costmap]: StaticLayer: Resizing costmap to 479 X 318 at 0.050000 m/pix
[controller_server-1] [INFO] [1783288990.360778773] [controller_server]: Passing new path to controller.
[bt_navigator-4] [INFO] [1783288991.138099274] [bt_navigator]: Received goal preemption request
[bt_navigator-4] [INFO] [1783288991.138575423] [bt_navigator]: Begin navigating from current location (-6.09, -0.86) to (-10.99, 2.26)
[controller_server-1] [INFO] [1783288991.410781463] [controller_server]: Passing new path to controller.
[planner_server-2] [INFO] [1783288992.239059052] [global_costmap.global_costmap]: StaticLayer: Resizing costmap to 479 X 318 at 0.050000 m/pix
[controller_server-1] [INFO] [1783288992.460780061] [controller_server]: Passing new path to controller.
[controller_server-1] [INFO] [1783288993.460783596] [controller_server]: Passing new path to controller.
[controller_server-1] [INFO] [1783288994.510796312] [controller_server]: Passing new path to controller.
[controller_server-1] [ERROR] [1783288994.612331522] [transformPoseInTargetFrame]: Extrapolation Error looking up target frame: Lookup would require extrapolation into the future.  Requested time 243.429000 but the latest data is at time 243.420000, when looking up transform from frame [map] to frame [leo1/base_link]
[controller_server-1] 
[controller_server-1] [WARN] [1783288994.613088164] [controller_server]: Control loop missed its desired rate of 20.0000Hz
[planner_server-2] [INFO] [1783288995.239049133] [global_costmap.global_costmap]: StaticLayer: Resizing costmap to 479 X 318 at 0.050000 m/pix
[controller_server-1] [INFO] [1783288995.527798972] [controller_server]: Passing new path to controller.
[controller_server-1] [WARN] [1783288995.629695935] [controller_server]: Control loop missed its desired rate of 20.0000Hz
[controller_server-1] [INFO] [1783288996.563171650] [controller_server]: Passing new path to controller.
[controller_server-1] [WARN] [1783288996.625325713] [controller_server]: Control loop missed its desired rate of 20.0000Hz
[controller_server-1] [INFO] [1783288997.613219155] [controller_server]: Passing new path to controller.
[planner_server-2] [INFO] [1783288998.239050316] [global_costmap.global_costmap]: StaticLayer: Resizing costmap to 479 X 318 at 0.050000 m/pix
[controller_server-1] [INFO] [1783288998.613160244] [controller_server]: Passing new path to controller.
[planner_server-2] [INFO] [1783288999.239093536] [global_costmap.global_costmap]: StaticLayer: Resizing costmap to 479 X 318 at 0.050000 m/pix
[controller_server-1] [INFO] [1783288999.663173594] [controller_server]: Passing new path to controller.
[controller_server-1] [INFO] [1783289000.663171611] [controller_server]: Passing new path to controller.
[planner_server-2] [INFO] [1783289001.239052979] [global_costmap.global_costmap]: StaticLayer: Resizing costmap to 479 X 318 at 0.050000 m/pix
[controller_server-1] [INFO] [1783289001.713168327] [controller_server]: Passing new path to controller.
[controller_server-1] [INFO] [1783289002.763161800] [controller_server]: Passing new path to controller.
[controller_server-1] [WARN] [1783289002.864913344] [controller_server]: Control loop missed its desired rate of 20.0000Hz
[planner_server-2] [ERROR] [1783289003.157324817] [planner_server]: Failed to create a plan from potential when a legal potential was found. This shouldn't happen.
[planner_server-2] [WARN] [1783289003.157427055] [planner_server]: GridBased: failed to create plan with tolerance 0.50.
[planner_server-2] [WARN] [1783289003.157439979] [planner_server]: Planning algorithm  failed to generate a valid path to (-5.03, 6.16)
[planner_server-2] [WARN] [1783289003.157446850] [planner_server]: [compute_path_to_pose] [ActionServer] Aborting handle.
[controller_server-1] [INFO] [1783289003.774153599] [controller_server]: Passing new path to controller.
[controller_server-1] [WARN] [1783289003.876141736] [controller_server]: Control loop missed its desired rate of 20.0000Hz
[planner_server-2] [INFO] [1783289004.239047722] [global_costmap.global_costmap]: StaticLayer: Resizing costmap to 479 X 318 at 0.050000 m/pix
[controller_server-1] [INFO] [1783289004.814987578] [controller_server]: Passing new path to controller.
[controller_server-1] [WARN] [1783289004.886496130] [controller_server]: Control loop missed its desired rate of 20.0000Hz
[controller_server-1] [INFO] [1783289005.814994548] [controller_server]: Passing new path to controller.
[controller_server-1] [WARN] [1783289005.886360236] [controller_server]: Control loop missed its desired rate of 20.0000Hz
[controller_server-1] [INFO] [1783289006.865023068] [controller_server]: Passing new path to controller.
[bt_navigator-4] [INFO] [1783289007.238105477] [bt_navigator]: Received goal preemption request
[bt_navigator-4] [INFO] [1783289007.238556187] [bt_navigator]: Begin navigating from current location (-8.67, 1.88) to (-10.88, 6.31)
[controller_server-1] [INFO] [1783289007.914986536] [controller_server]: Passing new path to controller.
[controller_server-1] [WARN] [1783289008.095967009] [controller_server]: Control loop missed its desired rate of 20.0000Hz
[controller_server-1] [WARN] [1783289008.295865906] [controller_server]: Control loop missed its desired rate of 20.0000Hz
[controller_server-1] [WARN] [1783289008.316212880] [controller_server]: Control loop missed its desired rate of 20.0000Hz
[controller_server-1] [WARN] [1783289008.506049353] [controller_server]: Control loop missed its desired rate of 20.0000Hz
[controller_server-1] [WARN] [1783289008.516258486] [controller_server]: Control loop missed its desired rate of 20.0000Hz
[controller_server-1] [WARN] [1783289008.705970364] [controller_server]: Control loop missed its desired rate of 20.0000Hz
[controller_server-1] [WARN] [1783289008.716189192] [controller_server]: Control loop missed its desired rate of 20.0000Hz
[controller_server-1] [WARN] [1783289008.906075365] [controller_server]: Control loop missed its desired rate of 20.0000Hz
[controller_server-1] [INFO] [1783289008.906149565] [controller_server]: Passing new path to controller.
[controller_server-1] [WARN] [1783289008.916764528] [controller_server]: Control loop missed its desired rate of 20.0000Hz
[controller_server-1] [WARN] [1783289009.106065963] [controller_server]: Control loop missed its desired rate of 20.0000Hz
[controller_server-1] [WARN] [1783289009.126441987] [controller_server]: Control loop missed its desired rate of 20.0000Hz
[controller_server-1] [WARN] [1783289009.316052838] [controller_server]: Control loop missed its desired rate of 20.0000Hz
[controller_server-1] [INFO] [1783289009.936248655] [controller_server]: Passing new path to controller.
[controller_server-1] [INFO] [1783289010.960434285] [controller_server]: Passing new path to controller.
[controller_server-1] [INFO] [1783289012.016135207] [controller_server]: Passing new path to controller.
[controller_server-1] [WARN] [1783289012.118103706] [controller_server]: Control loop missed its desired rate of 20.0000Hz
[controller_server-1] [INFO] [1783289013.031150517] [controller_server]: Passing new path to controller.
[controller_server-1] [WARN] [1783289013.133080849] [controller_server]: Control loop missed its desired rate of 20.0000Hz
[controller_server-1] [INFO] [1783289014.068181847] [controller_server]: Passing new path to controller.
[controller_server-1] [WARN] [1783289014.139806933] [controller_server]: Control loop missed its desired rate of 20.0000Hz
[controller_server-1] [INFO] [1783289015.118195088] [controller_server]: Passing new path to controller.
[controller_server-1] [INFO] [1783289016.121125645] [controller_server]: Passing new path to controller.
[controller_server-1] [INFO] [1783289017.171116312] [controller_server]: Passing new path to controller.
[controller_server-1] [INFO] [1783289018.221087172] [controller_server]: Passing new path to controller.
[controller_server-1] [INFO] [1783289019.221105921] [controller_server]: Passing new path to controller.
[bt_navigator-4] [INFO] [1783289019.340957936] [bt_navigator]: Received goal preemption request
[bt_navigator-4] [INFO] [1783289019.341331538] [bt_navigator]: Begin navigating from current location (-10.02, 3.68) to (-10.08, 6.71)
[controller_server-1] [INFO] [1783289020.271121681] [controller_server]: Passing new path to controller.
[controller_server-1] [WARN] [1783289020.372893798] [controller_server]: Control loop missed its desired rate of 20.0000Hz
[controller_server-1] [INFO] [1783289021.284852975] [controller_server]: Passing new path to controller.
[controller_server-1] [WARN] [1783289021.386650308] [controller_server]: Control loop missed its desired rate of 20.0000Hz
[controller_server-1] [INFO] [1783289022.322979692] [controller_server]: Passing new path to controller.
[controller_server-1] [WARN] [1783289022.415132897] [controller_server]: Control loop missed its desired rate of 20.0000Hz
[controller_server-1] [INFO] [1783289023.322968408] [controller_server]: Passing new path to controller.
[controller_server-1] [WARN] [1783289023.404714284] [controller_server]: Control loop missed its desired rate of 20.0000Hz
[controller_server-1] [INFO] [1783289024.372986929] [controller_server]: Passing new path to controller.
[planner_server-2] [INFO] [1783289025.241970319] [global_costmap.global_costmap]: StaticLayer: Resizing costmap to 479 X 319 at 0.050000 m/pix
[controller_server-1] [INFO] [1783289025.423000621] [controller_server]: Passing new path to controller.
[controller_server-1] [INFO] [1783289026.422968264] [controller_server]: Passing new path to controller.
[controller_server-1] [INFO] [1783289027.472974519] [controller_server]: Passing new path to controller.
[controller_server-1] [INFO] [1783289028.472965601] [controller_server]: Passing new path to controller.
[controller_server-1] [INFO] [1783289029.522977586] [controller_server]: Passing new path to controller.
[controller_server-1] [INFO] [1783289030.572981881] [controller_server]: Passing new path to controller.
[bt_navigator-4] [INFO] [1783289031.390972096] [bt_navigator]: Received goal preemption request
[bt_navigator-4] [INFO] [1783289031.391456784] [bt_navigator]: Begin navigating from current location (-10.24, 6.43) to (-8.18, 5.16)
[controller_server-1] [INFO] [1783289031.573021344] [controller_server]: Passing new path to controller.
[controller_server-1] [WARN] [1783289031.674882294] [controller_server]: Control loop missed its desired rate of 20.0000Hz
[controller_server-1] [WARN] [1783289032.055861544] [controller_server]: Control loop missed its desired rate of 20.0000Hz
[controller_server-1] [WARN] [1783289032.265944556] [controller_server]: Control loop missed its desired rate of 20.0000Hz
[controller_server-1] [WARN] [1783289032.276162382] [controller_server]: Control loop missed its desired rate of 20.0000Hz
[controller_server-1] [WARN] [1783289032.465896838] [controller_server]: Control loop missed its desired rate of 20.0000Hz
[controller_server-1] [WARN] [1783289032.476128051] [controller_server]: Control loop missed its desired rate of 20.0000Hz
[controller_server-1] [ERROR] [1783289032.676153285] [transformPoseInTargetFrame]: Extrapolation Error looking up target frame: Lookup would require extrapolation into the future.  Requested time 281.245000 but the latest data is at time 281.220000, when looking up transform from frame [map] to frame [leo1/base_link]
[controller_server-1] 
[controller_server-1] [WARN] [1783289032.676682181] [controller_server]: Control loop missed its desired rate of 20.0000Hz
[controller_server-1] [INFO] [1783289032.676702155] [controller_server]: Passing new path to controller.
[controller_server-1] [WARN] [1783289033.067738095] [controller_server]: Control loop missed its desired rate of 20.0000Hz
[controller_server-1] [WARN] [1783289033.077949783] [controller_server]: Control loop missed its desired rate of 20.0000Hz
[controller_server-1] [WARN] [1783289033.267771527] [controller_server]: Control loop missed its desired rate of 20.0000Hz
[controller_server-1] [WARN] [1783289033.277991249] [controller_server]: Control loop missed its desired rate of 20.0000Hz
[controller_server-1] [WARN] [1783289033.467730222] [controller_server]: Control loop missed its desired rate of 20.0000Hz
[controller_server-1] [WARN] [1783289033.488060202] [controller_server]: Control loop missed its desired rate of 20.0000Hz
[controller_server-1] [WARN] [1783289033.677949977] [controller_server]: Control loop missed its desired rate of 20.0000Hz
[controller_server-1] [INFO] [1783289033.677992121] [controller_server]: Passing new path to controller.
[controller_server-1] [WARN] [1783289033.879818911] [controller_server]: Control loop missed its desired rate of 20.0000Hz
[controller_server-1] [WARN] [1783289034.079130084] [controller_server]: Control loop missed its desired rate of 20.0000Hz
[controller_server-1] [WARN] [1783289034.280795924] [controller_server]: Control loop missed its desired rate of 20.0000Hz
[controller_server-1] [WARN] [1783289034.480330666] [controller_server]: Control loop missed its desired rate of 20.0000Hz
[controller_server-1] [WARN] [1783289034.682069110] [controller_server]: Control loop missed its desired rate of 20.0000Hz
[controller_server-1] [INFO] [1783289034.682158011] [controller_server]: Passing new path to controller.
[controller_server-1] [WARN] [1783289034.881490207] [controller_server]: Control loop missed its desired rate of 20.0000Hz
[controller_server-1] [WARN] [1783289035.082964213] [controller_server]: Control loop missed its desired rate of 20.0000Hz
[controller_server-1] [WARN] [1783289035.282610173] [controller_server]: Control loop missed its desired rate of 20.0000Hz
[controller_server-1] [WARN] [1783289035.484092150] [controller_server]: Control loop missed its desired rate of 20.0000Hz
[controller_server-1] [ERROR] [1783289035.683708730] [transformPoseInTargetFrame]: Extrapolation Error looking up target frame: Lookup would require extrapolation into the future.  Requested time 284.226000 but the latest data is at time 284.220000, when looking up transform from frame [map] to frame [leo1/base_link]
[controller_server-1] 
[controller_server-1] [WARN] [1783289035.684169074] [controller_server]: Control loop missed its desired rate of 20.0000Hz
[controller_server-1] [INFO] [1783289035.684183995] [controller_server]: Passing new path to controller.
[controller_server-1] [WARN] [1783289035.895944551] [controller_server]: Control loop missed its desired rate of 20.0000Hz
[controller_server-1] [ERROR] [1783289036.085276280] [transformPoseInTargetFrame]: Extrapolation Error looking up target frame: Lookup would require extrapolation into the future.  Requested time 284.625000 but the latest data is at time 284.620000, when looking up transform from frame [map] to frame [leo1/base_link]
[controller_server-1] 
[controller_server-1] [WARN] [1783289036.085761466] [controller_server]: Control loop missed its desired rate of 20.0000Hz
[controller_server-1] [INFO] [1783289036.742453441] [controller_server]: Passing new path to controller.
[controller_server-1] [WARN] [1783289036.893929194] [controller_server]: Control loop missed its desired rate of 20.0000Hz
[controller_server-1] [WARN] [1783289037.096604458] [controller_server]: Control loop missed its desired rate of 20.0000Hz
[controller_server-1] [ERROR] [1783289037.286870702] [transformPoseInTargetFrame]: Extrapolation Error looking up target frame: Lookup would require extrapolation into the future.  Requested time 285.821000 but the latest data is at time 285.820000, when looking up transform from frame [map] to frame [leo1/base_link]
[controller_server-1] 
[controller_server-1] [WARN] [1783289037.287785261] [controller_server]: Control loop missed its desired rate of 20.0000Hz
[controller_server-1] [INFO] [1783289037.742537298] [controller_server]: Passing new path to controller.
[controller_server-1] [INFO] [1783289038.814343732] [controller_server]: Passing new path to controller.
[controller_server-1] [WARN] [1783289038.906225229] [controller_server]: Control loop missed its desired rate of 20.0000Hz
[controller_server-1] [INFO] [1783289039.837862437] [controller_server]: Passing new path to controller.
[controller_server-1] [WARN] [1783289039.909197039] [controller_server]: Control loop missed its desired rate of 20.0000Hz
[controller_server-1] [INFO] [1783289040.837867300] [controller_server]: Passing new path to controller.
[controller_server-1] [WARN] [1783289040.919446289] [controller_server]: Control loop missed its desired rate of 20.0000Hz
[controller_server-1] [INFO] [1783289041.887866507] [controller_server]: Passing new path to controller.
[controller_server-1] [INFO] [1783289042.937865378] [controller_server]: Passing new path to controller.
[controller_server-1] [INFO] [1783289043.937896696] [controller_server]: Passing new path to controller.
[controller_server-1] [INFO] [1783289044.987866196] [controller_server]: Passing new path to controller.
[controller_server-1] [INFO] [1783289045.987867337] [controller_server]: Passing new path to controller.
[controller_server-1] [INFO] [1783289047.040875990] [controller_server]: Passing new path to controller.
[bt_navigator-4] [INFO] [1783289047.503969667] [bt_navigator]: Received goal preemption request
[bt_navigator-4] [INFO] [1783289047.504435061] [bt_navigator]: Begin navigating from current location (-8.02, 5.99) to (-8.43, -6.44)
[controller_server-1] [INFO] [1783289048.040869474] [controller_server]: Passing new path to controller.
[controller_server-1] [INFO] [1783289049.090883941] [controller_server]: Passing new path to controller.
[controller_server-1] [WARN] [1783289049.182949874] [controller_server]: Control loop missed its desired rate of 20.0000Hz
[controller_server-1] [INFO] [1783289050.090873434] [controller_server]: Passing new path to controller.
[controller_server-1] [WARN] [1783289050.182826726] [controller_server]: Control loop missed its desired rate of 20.0000Hz
[controller_server-1] [INFO] [1783289051.140876817] [controller_server]: Passing new path to controller.
[controller_server-1] [INFO] [1783289052.190872033] [controller_server]: Passing new path to controller.
[controller_server-1] [INFO] [1783289053.190873407] [controller_server]: Passing new path to controller.
[controller_server-1] [INFO] [1783289054.240896336] [controller_server]: Passing new path to controller.
[controller_server-1] [INFO] [1783289055.240870246] [controller_server]: Passing new path to controller.
[controller_server-1] [INFO] [1783289056.290875420] [controller_server]: Passing new path to controller.
[controller_server-1] [INFO] [1783289057.290872941] [controller_server]: Passing new path to controller.
[controller_server-1] [INFO] [1783289058.340878226] [controller_server]: Passing new path to controller.
[controller_server-1] [WARN] [1783289058.432862233] [controller_server]: Control loop missed its desired rate of 20.0000Hz
[controller_server-1] [INFO] [1783289059.390898522] [controller_server]: Passing new path to controller.
[controller_server-1] [WARN] [1783289059.452766138] [controller_server]: Control loop missed its desired rate of 20.0000Hz
[controller_server-1] [INFO] [1783289060.390867882] [controller_server]: Passing new path to controller.
[controller_server-1] [WARN] [1783289060.452695457] [controller_server]: Control loop missed its desired rate of 20.0000Hz
[controller_server-1] [INFO] [1783289061.440890531] [controller_server]: Passing new path to controller.
[controller_server-1] [INFO] [1783289062.440853194] [controller_server]: Passing new path to controller.
[controller_server-1] [INFO] [1783289063.490872621] [controller_server]: Passing new path to controller.
[planner_server-2] [INFO] [1783289064.244995171] [global_costmap.global_costmap]: StaticLayer: Resizing costmap to 480 X 319 at 0.050000 m/pix
[controller_server-1] [INFO] [1783289064.540866081] [controller_server]: Passing new path to controller.
[controller_server-1] [INFO] [1783289065.540861358] [controller_server]: Passing new path to controller.
[controller_server-1] [INFO] [1783289066.590894832] [controller_server]: Passing new path to controller.
[planner_server-2] [INFO] [1783289067.244984129] [global_costmap.global_costmap]: StaticLayer: Resizing costmap to 480 X 319 at 0.050000 m/pix
[controller_server-1] [INFO] [1783289067.590874036] [controller_server]: Passing new path to controller.
[controller_server-1] [INFO] [1783289068.640870892] [controller_server]: Passing new path to controller.
[controller_server-1] [WARN] [1783289068.722702624] [controller_server]: Control loop missed its desired rate of 20.0000Hz
[planner_server-2] [INFO] [1783289069.244975414] [global_costmap.global_costmap]: StaticLayer: Resizing costmap to 480 X 319 at 0.050000 m/pix
[controller_server-1] [INFO] [1783289069.690906116] [controller_server]: Passing new path to controller.
[controller_server-1] [WARN] [1783289069.744005838] [controller_server]: Control loop missed its desired rate of 20.0000Hz
[controller_server-1] [INFO] [1783289070.690866484] [controller_server]: Passing new path to controller.
[controller_server-1] [WARN] [1783289070.742563155] [controller_server]: Control loop missed its desired rate of 20.0000Hz
[controller_server-1] [INFO] [1783289071.740867095] [controller_server]: Passing new path to controller.
[controller_server-1] [INFO] [1783289072.740880348] [controller_server]: Passing new path to controller.
[controller_server-1] [INFO] [1783289073.790882531] [controller_server]: Passing new path to controller.
[controller_server-1] [INFO] [1783289074.840876296] [controller_server]: Passing new path to controller.
[controller_server-1] [INFO] [1783289075.840873580] [controller_server]: Passing new path to controller.
[controller_server-1] [INFO] [1783289076.893467712] [controller_server]: Passing new path to controller.
[controller_server-1] [WARN] [1783289076.995371125] [controller_server]: Control loop missed its desired rate of 20.0000Hz
[controller_server-1] [INFO] [1783289077.910419969] [controller_server]: Passing new path to controller.
[controller_server-1] [WARN] [1783289078.002327319] [controller_server]: Control loop missed its desired rate of 20.0000Hz
[controller_server-1] [INFO] [1783289078.945454071] [controller_server]: Passing new path to controller.
[controller_server-1] [WARN] [1783289079.007034739] [controller_server]: Control loop missed its desired rate of 20.0000Hz
[controller_server-1] [INFO] [1783289079.945462645] [controller_server]: Passing new path to controller.
[controller_server-1] [WARN] [1783289080.017271080] [controller_server]: Control loop missed its desired rate of 20.0000Hz
[controller_server-1] [INFO] [1783289080.995457449] [controller_server]: Passing new path to controller.
[controller_server-1] [INFO] [1783289082.045443027] [controller_server]: Passing new path to controller.
[controller_server-1] [INFO] [1783289083.045463000] [controller_server]: Passing new path to controller.
[controller_server-1] [INFO] [1783289084.095452888] [controller_server]: Passing new path to controller.
[controller_server-1] [INFO] [1783289085.095452783] [controller_server]: Passing new path to controller.
[controller_server-1] [INFO] [1783289086.145463870] [controller_server]: Passing new path to controller.
[controller_server-1] [WARN] [1783289086.237232760] [controller_server]: Control loop missed its desired rate of 20.0000Hz
[controller_server-1] [INFO] [1783289087.195478529] [controller_server]: Passing new path to controller.
[controller_server-1] [WARN] [1783289087.247670230] [controller_server]: Control loop missed its desired rate of 20.0000Hz
[controller_server-1] [INFO] [1783289088.195452508] [controller_server]: Passing new path to controller.
[controller_server-1] [WARN] [1783289088.256821739] [controller_server]: Control loop missed its desired rate of 20.0000Hz
[controller_server-1] [INFO] [1783289089.245473657] [controller_server]: Passing new path to controller.
[controller_server-1] [INFO] [1783289090.245457105] [controller_server]: Passing new path to controller.
[controller_server-1] [INFO] [1783289091.295455485] [controller_server]: Passing new path to controller.
[controller_server-1] [INFO] [1783289092.345452905] [controller_server]: Passing new path to controller.
[controller_server-1] [INFO] [1783289093.345452418] [controller_server]: Passing new path to controller.
[controller_server-1] [INFO] [1783289094.395455465] [controller_server]: Passing new path to controller.
[controller_server-1] [WARN] [1783289094.476997240] [controller_server]: Control loop missed its desired rate of 20.0000Hz
[controller_server-1] [INFO] [1783289095.395465653] [controller_server]: Passing new path to controller.
[controller_server-1] [WARN] [1783289095.487232563] [controller_server]: Control loop missed its desired rate of 20.0000Hz
[bt_navigator-4] [INFO] [1783289095.826647351] [bt_navigator]: Received goal preemption request
[bt_navigator-4] [INFO] [1783289095.827108348] [bt_navigator]: Begin navigating from current location (-8.35, -4.40) to (-7.49, -6.94)
[controller_server-1] [INFO] [1783289096.445410280] [controller_server]: Passing new path to controller.
[controller_server-1] [WARN] [1783289096.496634428] [controller_server]: Control loop missed its desired rate of 20.0000Hz
[controller_server-1] [INFO] [1783289097.495458569] [controller_server]: Passing new path to controller.
[controller_server-1] [INFO] [1783289098.495445997] [controller_server]: Passing new path to controller.
[controller_server-1] [INFO] [1783289099.545475195] [controller_server]: Passing new path to controller.
[controller_server-1] [INFO] [1783289100.545457988] [controller_server]: Passing new path to controller.
[controller_server-1] [INFO] [1783289101.595457107] [controller_server]: Passing new path to controller.
[controller_server-1] [INFO] [1783289102.645459385] [controller_server]: Passing new path to controller.
[controller_server-1] [WARN] [1783289102.727113823] [controller_server]: Control loop missed its desired rate of 20.0000Hz
[controller_server-1] [INFO] [1783289103.645464642] [controller_server]: Passing new path to controller.
[controller_server-1] [WARN] [1783289103.737160196] [controller_server]: Control loop missed its desired rate of 20.0000Hz
[controller_server-1] [INFO] [1783289104.695448032] [controller_server]: Passing new path to controller.
[controller_server-1] [WARN] [1783289104.746524401] [controller_server]: Control loop missed its desired rate of 20.0000Hz
[controller_server-1] [INFO] [1783289105.695451225] [controller_server]: Passing new path to controller.
[controller_server-1] [INFO] [1783289106.750954208] [controller_server]: Passing new path to controller.
[controller_server-1] [INFO] [1783289107.750963583] [controller_server]: Passing new path to controller.
[bt_navigator-4] [INFO] [1783289107.902074786] [bt_navigator]: Received goal preemption request
[bt_navigator-4] [INFO] [1783289107.902526098] [bt_navigator]: Begin navigating from current location (-7.62, -6.74) to (-6.09, -5.29)
[controller_server-1] [INFO] [1783289108.001082376] [controller_server]: Reached the goal!
[bt_navigator-4] [INFO] [1783289108.032426287] [bt_navigator]: Goal succeeded
[bt_navigator-4] [INFO] [1783289111.978251837] [bt_navigator]: Begin navigating from current location (-7.62, -6.74) to (9.41, -2.49)
[controller_server-1] [INFO] [1783289111.999664082] [controller_server]: Received a goal, begin computing control effort.
[controller_server-1] [WARN] [1783289112.201052525] [controller_server]: Control loop missed its desired rate of 20.0000Hz
[controller_server-1] [WARN] [1783289112.602351794] [controller_server]: Control loop missed its desired rate of 20.0000Hz
[controller_server-1] [WARN] [1783289113.003692885] [controller_server]: Control loop missed its desired rate of 20.0000Hz
[controller_server-1] [INFO] [1783289113.064720098] [controller_server]: Passing new path to controller.
[controller_server-1] [WARN] [1783289113.206505582] [controller_server]: Control loop missed its desired rate of 20.0000Hz
[controller_server-1] [WARN] [1783289113.394918934] [controller_server]: Control loop missed its desired rate of 20.0000Hz
[controller_server-1] [WARN] [1783289113.406449590] [controller_server]: Control loop missed its desired rate of 20.0000Hz
[controller_server-1] [WARN] [1783289113.594938547] [controller_server]: Control loop missed its desired rate of 20.0000Hz
[controller_server-1] [WARN] [1783289113.609463160] [controller_server]: Control loop missed its desired rate of 20.0000Hz
[controller_server-1] [WARN] [1783289113.804912330] [controller_server]: Control loop missed its desired rate of 20.0000Hz
[controller_server-1] [WARN] [1783289114.027757428] [controller_server]: Control loop missed its desired rate of 20.0000Hz
[controller_server-1] [INFO] [1783289114.104995062] [controller_server]: Passing new path to controller.
[controller_server-1] [WARN] [1783289114.206611098] [controller_server]: Control loop missed its desired rate of 20.0000Hz
[controller_server-1] [WARN] [1783289114.409032007] [controller_server]: Control loop missed its desired rate of 20.0000Hz
[controller_server-1] [WARN] [1783289114.607930580] [controller_server]: Control loop missed its desired rate of 20.0000Hz
[controller_server-1] [WARN] [1783289114.811911960] [controller_server]: Control loop missed its desired rate of 20.0000Hz
[controller_server-1] [WARN] [1783289115.009212301] [controller_server]: Control loop missed its desired rate of 20.0000Hz
[controller_server-1] [INFO] [1783289115.132366738] [controller_server]: Passing new path to controller.
[controller_server-1] [WARN] [1783289115.213662488] [controller_server]: Control loop missed its desired rate of 20.0000Hz
[controller_server-1] [ERROR] [1783289115.410358547] [transformPoseInTargetFrame]: Extrapolation Error looking up target frame: Lookup would require extrapolation into the future.  Requested time 363.428000 but the latest data is at time 363.420000, when looking up transform from frame [map] to frame [leo1/base_link]
[controller_server-1] 
[controller_server-1] [WARN] [1783289115.411913481] [controller_server]: Control loop missed its desired rate of 20.0000Hz
[controller_server-1] [INFO] [1783289116.124705125] [controller_server]: Passing new path to controller.
[controller_server-1] [WARN] [1783289116.226278889] [controller_server]: Control loop missed its desired rate of 20.0000Hz
[controller_server-1] [ERROR] [1783289116.423157669] [transformPoseInTargetFrame]: Extrapolation Error looking up target frame: Lookup would require extrapolation into the future.  Requested time 364.423000 but the latest data is at time 364.420000, when looking up transform from frame [map] to frame [leo1/base_link]
[controller_server-1] 
[controller_server-1] [WARN] [1783289116.424694504] [controller_server]: Control loop missed its desired rate of 20.0000Hz
[controller_server-1] [INFO] [1783289117.187640164] [controller_server]: Passing new path to controller.
[controller_server-1] [WARN] [1783289117.436156661] [controller_server]: Control loop missed its desired rate of 20.0000Hz
[controller_server-1] [WARN] [1783289117.640163549] [controller_server]: Control loop missed its desired rate of 20.0000Hz
[controller_server-1] [WARN] [1783289117.837343724] [controller_server]: Control loop missed its desired rate of 20.0000Hz
[controller_server-1] [WARN] [1783289118.040014071] [controller_server]: Control loop missed its desired rate of 20.0000Hz
[controller_server-1] [ERROR] [1783289118.238679333] [transformPoseInTargetFrame]: Extrapolation Error looking up target frame: Lookup would require extrapolation into the future.  Requested time 366.234000 but the latest data is at time 366.220000, when looking up transform from frame [map] to frame [leo1/base_link]
[controller_server-1] 
[controller_server-1] [WARN] [1783289118.239535816] [controller_server]: Control loop missed its desired rate of 20.0000Hz
[controller_server-1] [INFO] [1783289118.239557161] [controller_server]: Passing new path to controller.
[controller_server-1] [WARN] [1783289118.442728396] [controller_server]: Control loop missed its desired rate of 20.0000Hz
[controller_server-1] [WARN] [1783289118.640786988] [controller_server]: Control loop missed its desired rate of 20.0000Hz
[controller_server-1] [WARN] [1783289118.843233020] [controller_server]: Control loop missed its desired rate of 20.0000Hz
[controller_server-1] [WARN] [1783289119.041917931] [controller_server]: Control loop missed its desired rate of 20.0000Hz
[controller_server-1] [WARN] [1783289119.245148427] [controller_server]: Control loop missed its desired rate of 20.0000Hz
[controller_server-1] [INFO] [1783289119.245190311] [controller_server]: Passing new path to controller.
[controller_server-1] [WARN] [1783289119.443209856] [controller_server]: Control loop missed its desired rate of 20.0000Hz
[controller_server-1] [WARN] [1783289119.646139051] [controller_server]: Control loop missed its desired rate of 20.0000Hz
[controller_server-1] [ERROR] [1783289119.844795561] [transformPoseInTargetFrame]: Extrapolation Error looking up target frame: Lookup would require extrapolation into the future.  Requested time 367.831000 but the latest data is at time 367.820000, when looking up transform from frame [map] to frame [leo1/base_link]
[controller_server-1] 
[controller_server-1] [WARN] [1783289119.845654339] [controller_server]: Control loop missed its desired rate of 20.0000Hz
[controller_server-1] [INFO] [1783289120.252502317] [controller_server]: Passing new path to controller.
[controller_server-1] [INFO] [1783289121.278853540] [controller_server]: Passing new path to controller.
[controller_server-1] [INFO] [1783289122.345728538] [controller_server]: Passing new path to controller.
[controller_server-1] [ERROR] [1783289122.447168262] [transformPoseInTargetFrame]: Extrapolation Error looking up target frame: Lookup would require extrapolation into the future.  Requested time 370.422000 but the latest data is at time 370.420000, when looking up transform from frame [map] to frame [leo1/base_link]
[controller_server-1] 
[controller_server-1] [WARN] [1783289122.447940567] [controller_server]: Control loop missed its desired rate of 20.0000Hz
[controller_server-1] [INFO] [1783289123.363354702] [controller_server]: Passing new path to controller.
[controller_server-1] [WARN] [1783289123.465459708] [controller_server]: Control loop missed its desired rate of 20.0000Hz
[planner_server-2] [INFO] [1783289124.253101187] [global_costmap.global_costmap]: StaticLayer: Resizing costmap to 480 X 319 at 0.050000 m/pix
[controller_server-1] [INFO] [1783289124.398041177] [controller_server]: Passing new path to controller.
[controller_server-1] [WARN] [1783289124.470929925] [controller_server]: Control loop missed its desired rate of 20.0000Hz
[controller_server-1] [INFO] [1783289125.398017041] [controller_server]: Passing new path to controller.
[controller_server-1] [WARN] [1783289125.469707972] [controller_server]: Control loop missed its desired rate of 20.0000Hz
[planner_server-2] [INFO] [1783289126.253076383] [global_costmap.global_costmap]: StaticLayer: Resizing costmap to 480 X 319 at 0.050000 m/pix
[controller_server-1] [INFO] [1783289126.448029502] [controller_server]: Passing new path to controller.
[planner_server-2] [INFO] [1783289127.253068826] [global_costmap.global_costmap]: StaticLayer: Resizing costmap to 480 X 319 at 0.050000 m/pix
[controller_server-1] [INFO] [1783289127.498024809] [controller_server]: Passing new path to controller.
[planner_server-2] [INFO] [1783289128.253072060] [global_costmap.global_costmap]: StaticLayer: Resizing costmap to 480 X 319 at 0.050000 m/pix
[controller_server-1] [INFO] [1783289128.498009233] [controller_server]: Passing new path to controller.
[planner_server-2] [INFO] [1783289129.253099493] [global_costmap.global_costmap]: StaticLayer: Resizing costmap to 480 X 319 at 0.050000 m/pix
[controller_server-1] [INFO] [1783289129.548034866] [controller_server]: Passing new path to controller.
[planner_server-2] [INFO] [1783289130.253080532] [global_costmap.global_costmap]: StaticLayer: Resizing costmap to 480 X 320 at 0.050000 m/pix
[controller_server-1] [INFO] [1783289130.548015202] [controller_server]: Passing new path to controller.
[controller_server-1] [INFO] [1783289131.598047151] [controller_server]: Passing new path to controller.
[controller_server-1] [ERROR] [1783289131.699727368] [transformPoseInTargetFrame]: Extrapolation Error looking up target frame: Lookup would require extrapolation into the future.  Requested time 379.640000 but the latest data is at time 379.620000, when looking up transform from frame [map] to frame [leo1/base_link]
[controller_server-1] 
[controller_server-1] [WARN] [1783289131.700645941] [controller_server]: Control loop missed its desired rate of 20.0000Hz
[controller_server-1] [INFO] [1783289132.618939477] [controller_server]: Passing new path to controller.
[controller_server-1] [WARN] [1783289132.701038540] [controller_server]: Control loop missed its desired rate of 20.0000Hz
[controller_server-1] [INFO] [1783289133.650723583] [controller_server]: Passing new path to controller.
[controller_server-1] [WARN] [1783289133.712516471] [controller_server]: Control loop missed its desired rate of 20.0000Hz
[planner_server-2] [INFO] [1783289134.253076839] [global_costmap.global_costmap]: StaticLayer: Resizing costmap to 480 X 320 at 0.050000 m/pix
[controller_server-1] [INFO] [1783289134.700726409] [controller_server]: Passing new path to controller.
[planner_server-2] [INFO] [1783289135.253080641] [global_costmap.global_costmap]: StaticLayer: Resizing costmap to 480 X 320 at 0.050000 m/pix
[controller_server-1] [INFO] [1783289135.700746222] [controller_server]: Passing new path to controller.
[controller_server-1] [INFO] [1783289136.752496246] [controller_server]: Passing new path to controller.
[controller_server-1] [INFO] [1783289137.752507292] [controller_server]: Passing new path to controller.
[controller_server-1] [INFO] [1783289138.802510243] [controller_server]: Passing new path to controller.
[controller_server-1] [INFO] [1783289139.802503363] [controller_server]: Passing new path to controller.
[controller_server-1] [INFO] [1783289140.852532686] [controller_server]: Passing new path to controller.
[controller_server-1] [WARN] [1783289140.955060143] [controller_server]: Control loop missed its desired rate of 20.0000Hz
[controller_server-1] [INFO] [1783289141.874860186] [controller_server]: Passing new path to controller.
[controller_server-1] [WARN] [1783289141.966993663] [controller_server]: Control loop missed its desired rate of 20.0000Hz
[controller_server-1] [INFO] [1783289142.905136014] [controller_server]: Passing new path to controller.
[controller_server-1] [WARN] [1783289142.977192499] [controller_server]: Control loop missed its desired rate of 20.0000Hz
[controller_server-1] [INFO] [1783289143.955206609] [controller_server]: Passing new path to controller.
[controller_server-1] [INFO] [1783289144.955145820] [controller_server]: Passing new path to controller.
[controller_server-1] [INFO] [1783289146.005150455] [controller_server]: Passing new path to controller.
[controller_server-1] [INFO] [1783289147.055142696] [controller_server]: Passing new path to controller.
[controller_server-1] [INFO] [1783289148.055138221] [controller_server]: Passing new path to controller.
[controller_server-1] [INFO] [1783289149.105175578] [controller_server]: Passing new path to controller.
[controller_server-1] [ERROR] [1783289149.206772671] [transformPoseInTargetFrame]: Extrapolation Error looking up target frame: Lookup would require extrapolation into the future.  Requested time 397.021000 but the latest data is at time 397.020000, when looking up transform from frame [map] to frame [leo1/base_link]
[controller_server-1] 
[controller_server-1] [WARN] [1783289149.208769532] [controller_server]: Control loop missed its desired rate of 20.0000Hz
[controller_server-1] [INFO] [1783289150.122721399] [controller_server]: Passing new path to controller.
[controller_server-1] [ERROR] [1783289150.224191002] [transformPoseInTargetFrame]: Extrapolation Error looking up target frame: Lookup would require extrapolation into the future.  Requested time 398.030000 but the latest data is at time 398.020000, when looking up transform from frame [map] to frame [leo1/base_link]
[controller_server-1] 
[controller_server-1] [WARN] [1783289150.226939150] [controller_server]: Control loop missed its desired rate of 20.0000Hz
[controller_server-1] [INFO] [1783289151.158853993] [controller_server]: Passing new path to controller.
[controller_server-1] [WARN] [1783289151.250861881] [controller_server]: Control loop missed its desired rate of 20.0000Hz
[planner_server-2] [INFO] [1783289151.254859033] [global_costmap.global_costmap]: StaticLayer: Resizing costmap to 479 X 319 at 0.050000 m/pix
[controller_server-1] [INFO] [1783289152.208847944] [controller_server]: Passing new path to controller.
[controller_server-1] [WARN] [1783289152.260367870] [controller_server]: Control loop missed its desired rate of 20.0000Hz
[controller_server-1] [INFO] [1783289153.208851394] [controller_server]: Passing new path to controller.
[controller_server-1] [WARN] [1783289153.281470686] [controller_server]: Control loop missed its desired rate of 20.0000Hz
[controller_server-1] [INFO] [1783289154.258868084] [controller_server]: Passing new path to controller.
[controller_server-1] [INFO] [1783289155.258849788] [controller_server]: Passing new path to controller.
[planner_server-2] [INFO] [1783289156.254868744] [global_costmap.global_costmap]: StaticLayer: Resizing costmap to 479 X 319 at 0.050000 m/pix
[controller_server-1] [INFO] [1783289156.308856200] [controller_server]: Passing new path to controller.
[planner_server-2] [INFO] [1783289157.254857671] [global_costmap.global_costmap]: StaticLayer: Resizing costmap to 479 X 319 at 0.050000 m/pix
[controller_server-1] [INFO] [1783289157.358876585] [controller_server]: Passing new path to controller.
[planner_server-2] [INFO] [1783289158.254897493] [global_costmap.global_costmap]: StaticLayer: Resizing costmap to 479 X 319 at 0.050000 m/pix
[controller_server-1] [INFO] [1783289158.358851573] [controller_server]: Passing new path to controller.
[planner_server-2] [INFO] [1783289159.254891972] [global_costmap.global_costmap]: StaticLayer: Resizing costmap to 479 X 320 at 0.050000 m/pix
[controller_server-1] [INFO] [1783289159.408853841] [controller_server]: Passing new path to controller.
[planner_server-2] [INFO] [1783289160.254882165] [global_costmap.global_costmap]: StaticLayer: Resizing costmap to 479 X 320 at 0.050000 m/pix
[controller_server-1] [INFO] [1783289160.408849097] [controller_server]: Passing new path to controller.
[planner_server-2] [INFO] [1783289161.254899736] [global_costmap.global_costmap]: StaticLayer: Resizing costmap to 479 X 320 at 0.050000 m/pix
[controller_server-1] [INFO] [1783289161.458854947] [controller_server]: Passing new path to controller.
[controller_server-1] [INFO] [1783289162.508870098] [controller_server]: Passing new path to controller.
[controller_server-1] [WARN] [1783289162.580621535] [controller_server]: Control loop missed its desired rate of 20.0000Hz
[controller_server-1] [INFO] [1783289163.508856051] [controller_server]: Passing new path to controller.
[controller_server-1] [WARN] [1783289163.590869242] [controller_server]: Control loop missed its desired rate of 20.0000Hz
[controller_server-1] [INFO] [1783289164.558848844] [controller_server]: Passing new path to controller.
[controller_server-1] [INFO] [1783289165.558845590] [controller_server]: Passing new path to controller.
[controller_server-1] [INFO] [1783289166.612151632] [controller_server]: Passing new path to controller.
[controller_server-1] [INFO] [1783289167.612166060] [controller_server]: Passing new path to controller.
[controller_server-1] [INFO] [1783289168.662142832] [controller_server]: Passing new path to controller.
[controller_server-1] [INFO] [1783289169.712146779] [controller_server]: Passing new path to controller.
[controller_server-1] [INFO] [1783289170.712136660] [controller_server]: Passing new path to controller.
[controller_server-1] [INFO] [1783289171.762151065] [controller_server]: Passing new path to controller.
[controller_server-1] [WARN] [1783289171.864987699] [controller_server]: Control loop missed its desired rate of 20.0000Hz
[controller_server-1] [INFO] [1783289172.779975172] [controller_server]: Passing new path to controller.
[controller_server-1] [INFO] [1783289173.815067486] [controller_server]: Passing new path to controller.
[controller_server-1] [WARN] [1783289173.876861463] [controller_server]: Control loop missed its desired rate of 20.0000Hz
[controller_server-1] [INFO] [1783289174.815074384] [controller_server]: Passing new path to controller.
[controller_server-1] [WARN] [1783289174.876849572] [controller_server]: Control loop missed its desired rate of 20.0000Hz
[controller_server-1] [INFO] [1783289175.865075307] [controller_server]: Passing new path to controller.
[controller_server-1] [INFO] [1783289176.915078428] [controller_server]: Passing new path to controller.
[controller_server-1] [INFO] [1783289177.915065180] [controller_server]: Passing new path to controller.
[controller_server-1] [INFO] [1783289178.965066593] [controller_server]: Passing new path to controller.
[controller_server-1] [INFO] [1783289179.965073929] [controller_server]: Passing new path to controller.
[controller_server-1] [INFO] [1783289181.015082570] [controller_server]: Passing new path to controller.
[controller_server-1] [WARN] [1783289181.117530256] [controller_server]: Control loop missed its desired rate of 20.0000Hz
[controller_server-1] [INFO] [1783289182.032244367] [controller_server]: Passing new path to controller.
[controller_server-1] [WARN] [1783289182.134429209] [controller_server]: Control loop missed its desired rate of 20.0000Hz
[controller_server-1] [INFO] [1783289183.067591213] [controller_server]: Passing new path to controller.
[controller_server-1] [WARN] [1783289183.129225411] [controller_server]: Control loop missed its desired rate of 20.0000Hz
[controller_server-1] [INFO] [1783289184.117617882] [controller_server]: Passing new path to controller.
[controller_server-1] [INFO] [1783289185.117605275] [controller_server]: Passing new path to controller.
[controller_server-1] [INFO] [1783289186.167613927] [controller_server]: Passing new path to controller.
[controller_server-1] [INFO] [1783289187.217608508] [controller_server]: Passing new path to controller.
[controller_server-1] [INFO] [1783289188.217612033] [controller_server]: Passing new path to controller.
[planner_server-2] [INFO] [1783289188.258175497] [global_costmap.global_costmap]: StaticLayer: Resizing costmap to 479 X 320 at 0.050000 m/pix
[controller_server-1] [INFO] [1783289189.267613652] [controller_server]: Passing new path to controller.
[controller_server-1] [ERROR] [1783289189.369084907] [transformPoseInTargetFrame]: Extrapolation Error looking up target frame: Lookup would require extrapolation into the future.  Requested time 436.821000 but the latest data is at time 436.820000, when looking up transform from frame [map] to frame [leo1/base_link]
[controller_server-1] 
[controller_server-1] [WARN] [1783289189.369733905] [controller_server]: Control loop missed its desired rate of 20.0000Hz
[planner_server-2] [INFO] [1783289190.258142907] [global_costmap.global_costmap]: StaticLayer: Resizing costmap to 479 X 320 at 0.050000 m/pix
[controller_server-1] [INFO] [1783289190.284926687] [controller_server]: Passing new path to controller.
[controller_server-1] [WARN] [1783289190.387029879] [controller_server]: Control loop missed its desired rate of 20.0000Hz
[controller_server-1] [INFO] [1783289191.319824756] [controller_server]: Passing new path to controller.
[controller_server-1] [WARN] [1783289191.411981189] [controller_server]: Control loop missed its desired rate of 20.0000Hz
[controller_server-1] [INFO] [1783289192.369830298] [controller_server]: Passing new path to controller.
[controller_server-1] [WARN] [1783289192.442292382] [controller_server]: Control loop missed its desired rate of 20.0000Hz
[controller_server-1] [INFO] [1783289193.369808671] [controller_server]: Passing new path to controller.
[controller_server-1] [WARN] [1783289193.441493348] [controller_server]: Control loop missed its desired rate of 20.0000Hz
[controller_server-1] [INFO] [1783289194.419813133] [controller_server]: Passing new path to controller.
[controller_server-1] [INFO] [1783289195.419818840] [controller_server]: Passing new path to controller.
[planner_server-2] [INFO] [1783289196.261386475] [global_costmap.global_costmap]: StaticLayer: Resizing costmap to 480 X 320 at 0.050000 m/pix
[controller_server-1] [INFO] [1783289196.473046042] [controller_server]: Passing new path to controller.
[bt_navigator-4] [INFO] [1783289196.676711815] [bt_navigator]: Received goal preemption request
[bt_navigator-4] [INFO] [1783289196.677178093] [bt_navigator]: Begin navigating from current location (5.58, -0.56) to (10.05, -5.82)
[controller_server-1] [INFO] [1783289197.473052136] [controller_server]: Passing new path to controller.
[controller_server-1] [INFO] [1783289198.523036234] [controller_server]: Passing new path to controller.
[planner_server-2] [INFO] [1783289199.261407199] [global_costmap.global_costmap]: StaticLayer: Resizing costmap to 480 X 322 at 0.050000 m/pix
[controller_server-1] [INFO] [1783289199.573062061] [controller_server]: Passing new path to controller.
[controller_server-1] [WARN] [1783289199.675154986] [controller_server]: Control loop missed its desired rate of 20.0000Hz
[controller_server-1] [INFO] [1783289200.589577438] [controller_server]: Passing new path to controller.
[controller_server-1] [WARN] [1783289200.691781454] [controller_server]: Control loop missed its desired rate of 20.0000Hz
[controller_server-1] [INFO] [1783289201.625243653] [controller_server]: Passing new path to controller.
[controller_server-1] [WARN] [1783289201.717665914] [controller_server]: Control loop missed its desired rate of 20.0000Hz
[controller_server-1] [INFO] [1783289202.625255608] [controller_server]: Passing new path to controller.
[controller_server-1] [WARN] [1783289202.707435877] [controller_server]: Control loop missed its desired rate of 20.0000Hz
[controller_server-1] [INFO] [1783289203.675245305] [controller_server]: Passing new path to controller.
[controller_server-1] [INFO] [1783289204.725232309] [controller_server]: Passing new path to controller.
[controller_server-1] [INFO] [1783289205.725234428] [controller_server]: Passing new path to controller.
[controller_server-1] [INFO] [1783289206.775237484] [controller_server]: Passing new path to controller.
[controller_server-1] [INFO] [1783289207.775246550] [controller_server]: Passing new path to controller.
[bt_navigator-4] [INFO] [1783289208.676724570] [bt_navigator]: Received goal preemption request
[bt_navigator-4] [INFO] [1783289208.677170380] [bt_navigator]: Begin navigating from current location (7.27, -2.89) to (10.45, 5.53)
[controller_server-1] [INFO] [1783289208.825236126] [controller_server]: Passing new path to controller.
[controller_server-1] [WARN] [1783289208.926900820] [controller_server]: Control loop missed its desired rate of 20.0000Hz
[controller_server-1] [WARN] [1783289209.128520875] [controller_server]: Control loop missed its desired rate of 20.0000Hz
[controller_server-1] [WARN] [1783289209.328149465] [controller_server]: Control loop missed its desired rate of 20.0000Hz
[controller_server-1] [WARN] [1783289209.529633382] [controller_server]: Control loop missed its desired rate of 20.0000Hz
[controller_server-1] [WARN] [1783289209.729413488] [controller_server]: Control loop missed its desired rate of 20.0000Hz
[planner_server-2] [ERROR] [1783289209.808288365] [planner_server]: Failed to create a plan from potential when a legal potential was found. This shouldn't happen.
[planner_server-2] [WARN] [1783289209.808358420] [planner_server]: GridBased: failed to create plan with tolerance 0.50.
[planner_server-2] [WARN] [1783289209.808367063] [planner_server]: Planning algorithm GridBased failed to generate a valid path to (10.45, 5.53)
[planner_server-2] [WARN] [1783289209.808374044] [planner_server]: [compute_path_to_pose] [ActionServer] Aborting handle.
[planner_server-2] [INFO] [1783289209.826831442] [global_costmap.global_costmap]: Received request to clear entirely the global_costmap
[planner_server-2] [ERROR] [1783289209.869079430] [planner_server]: Failed to create a plan from potential when a legal potential was found. This shouldn't happen.
[planner_server-2] [WARN] [1783289209.869150178] [planner_server]: GridBased: failed to create plan with tolerance 0.50.
[planner_server-2] [WARN] [1783289209.869159348] [planner_server]: Planning algorithm GridBased failed to generate a valid path to (10.45, 5.53)
[planner_server-2] [WARN] [1783289209.869167612] [planner_server]: [compute_path_to_pose] [ActionServer] Aborting handle.
[bt_navigator-4] [ERROR] [1783289209.907319651] [bt_navigator_navigate_to_pose_rclcpp_node]: Failed to get result for follow_path in node halt!
[controller_server-1] [INFO] [1783289209.907461510] [local_costmap.local_costmap]: Received request to clear entirely the local_costmap
[bt_navigator-4] [WARN] [1783289209.912728336] [BehaviorTreeEngine]: Behavior Tree tick rate 100.00 was exceeded!
[bt_navigator-4] [WARN] [1783289209.928196998] [bt_navigator_navigate_to_pose_rclcpp_node]: Node timed out while executing service call to local_costmap/clear_entirely_local_costmap.
[behavior_server-3] [INFO] [1783289209.928617110] [behavior_server]: Running spin
[behavior_server-3] [INFO] [1783289209.928743397] [behavior_server]: Turning 1.57 for spin behavior.
[controller_server-1] [WARN] [1783289209.930929825] [controller_server]: Control loop missed its desired rate of 20.0000Hz
[controller_server-1] [INFO] [1783289209.930963817] [controller_server]: Goal was canceled. Stopping the robot.
[controller_server-1] [INFO] [1783289209.930970004] [controller_server]: [follow_path] [ActionServer] Client requested to cancel the goal. Cancelling.
[behavior_server-3] [INFO] [1783289211.629023942] [behavior_server]: spin completed successfully
[planner_server-2] [ERROR] [1783289211.655172387] [planner_server]: Failed to create a plan from potential when a legal potential was found. This shouldn't happen.
[planner_server-2] [WARN] [1783289211.655266698] [planner_server]: GridBased: failed to create plan with tolerance 0.50.
[planner_server-2] [WARN] [1783289211.655278916] [planner_server]: Planning algorithm GridBased failed to generate a valid path to (10.45, 5.53)
[planner_server-2] [WARN] [1783289211.655288973] [planner_server]: [compute_path_to_pose] [ActionServer] Aborting handle.
[planner_server-2] [INFO] [1783289211.672989792] [global_costmap.global_costmap]: Received request to clear entirely the global_costmap
[planner_server-2] [ERROR] [1783289211.865737357] [planner_server]: Failed to create a plan from potential when a legal potential was found. This shouldn't happen.
[planner_server-2] [WARN] [1783289211.865807553] [planner_server]: GridBased: failed to create plan with tolerance 0.50.
[planner_server-2] [WARN] [1783289211.865817272] [planner_server]: Planning algorithm GridBased failed to generate a valid path to (10.45, 5.53)
[planner_server-2] [WARN] [1783289211.865825595] [planner_server]: [compute_path_to_pose] [ActionServer] Aborting handle.
[behavior_server-3] [INFO] [1783289211.883097622] [behavior_server]: Running wait
[behavior_server-3] [INFO] [1783289216.983301514] [behavior_server]: wait completed successfully
[planner_server-2] [ERROR] [1783289217.014421800] [planner_server]: Failed to create a plan from potential when a legal potential was found. This shouldn't happen.
[planner_server-2] [WARN] [1783289217.014486668] [planner_server]: GridBased: failed to create plan with tolerance 0.50.
[planner_server-2] [WARN] [1783289217.014495695] [planner_server]: Planning algorithm GridBased failed to generate a valid path to (10.45, 5.53)
[planner_server-2] [WARN] [1783289217.014502539] [planner_server]: [compute_path_to_pose] [ActionServer] Aborting handle.
[planner_server-2] [INFO] [1783289217.032877440] [global_costmap.global_costmap]: Received request to clear entirely the global_costmap
[planner_server-2] [ERROR] [1783289217.064796943] [planner_server]: Failed to create a plan from potential when a legal potential was found. This shouldn't happen.
[planner_server-2] [WARN] [1783289217.064862915] [planner_server]: GridBased: failed to create plan with tolerance 0.50.
[planner_server-2] [WARN] [1783289217.064871201] [planner_server]: Planning algorithm GridBased failed to generate a valid path to (10.45, 5.53)
[planner_server-2] [WARN] [1783289217.064879274] [planner_server]: [compute_path_to_pose] [ActionServer] Aborting handle.
[behavior_server-3] [INFO] [1783289217.083132681] [behavior_server]: Running backup
[behavior_server-3] [INFO] [1783289217.083238263] [behavior_server]: DriveOnHeading: no acceleration or deceleration limits set
[behavior_server-3] [INFO] [1783289223.283345315] [behavior_server]: backup completed successfully
[controller_server-1] [INFO] [1783289223.333992877] [controller_server]: Received a goal, begin computing control effort.
[controller_server-1] [ERROR] [1783289223.435050197] [transformPoseInTargetFrame]: Extrapolation Error looking up target frame: Lookup would require extrapolation into the future.  Requested time 470.621000 but the latest data is at time 470.620000, when looking up transform from frame [map] to frame [leo1/base_link]
[controller_server-1] 
[controller_server-1] [WARN] [1783289223.435835123] [controller_server]: Control loop missed its desired rate of 20.0000Hz
[controller_server-1] [INFO] [1783289224.404525730] [controller_server]: Passing new path to controller.
[controller_server-1] [INFO] [1783289225.435914020] [controller_server]: Passing new path to controller.
[controller_server-1] [INFO] [1783289226.438580353] [controller_server]: Passing new path to controller.
[controller_server-1] [WARN] [1783289226.490512608] [controller_server]: Control loop missed its desired rate of 20.0000Hz
[controller_server-1] [INFO] [1783289227.488570250] [controller_server]: Passing new path to controller.
[controller_server-1] [INFO] [1783289228.488584273] [controller_server]: Passing new path to controller.
[controller_server-1] [INFO] [1783289229.538566404] [controller_server]: Passing new path to controller.
[planner_server-2] [ERROR] [1783289230.517306089] [planner_server]: Failed to create a plan from potential when a legal potential was found. This shouldn't happen.
[planner_server-2] [WARN] [1783289230.517376583] [planner_server]: GridBased: failed to create plan with tolerance 0.50.
[planner_server-2] [WARN] [1783289230.517386089] [planner_server]: Planning algorithm GridBased failed to generate a valid path to (10.45, 5.53)
[planner_server-2] [WARN] [1783289230.517394326] [planner_server]: [compute_path_to_pose] [ActionServer] Aborting handle.
[planner_server-2] [INFO] [1783289230.535554368] [global_costmap.global_costmap]: Received request to clear entirely the global_costmap
[controller_server-1] [INFO] [1783289230.738569121] [controller_server]: Passing new path to controller.
[controller_server-1] [INFO] [1783289231.738624415] [controller_server]: Passing new path to controller.
[controller_server-1] [INFO] [1783289232.788571722] [controller_server]: Passing new path to controller.
[controller_server-1] [INFO] [1783289233.788568208] [controller_server]: Passing new path to controller.
[controller_server-1] [INFO] [1783289234.838578803] [controller_server]: Passing new path to controller.
[controller_server-1] [ERROR] [1783289234.940032508] [transformPoseInTargetFrame]: Extrapolation Error looking up target frame: Lookup would require extrapolation into the future.  Requested time 482.022000 but the latest data is at time 482.020000, when looking up transform from frame [map] to frame [leo1/base_link]
[controller_server-1] 
[controller_server-1] [WARN] [1783289234.940736846] [controller_server]: Control loop missed its desired rate of 20.0000Hz
[controller_server-1] [INFO] [1783289235.855383675] [controller_server]: Passing new path to controller.
[controller_server-1] [INFO] [1783289236.890828607] [controller_server]: Passing new path to controller.
[bt_navigator-4] [INFO] [1783289236.915471674] [bt_navigator]: Received goal preemption request
[bt_navigator-4] [INFO] [1783289236.915914930] [bt_navigator]: Begin navigating from current location (6.00, -0.82) to (6.95, -6.62)
[controller_server-1] [WARN] [1783289236.973049237] [controller_server]: Control loop missed its desired rate of 20.0000Hz
[controller_server-1] [INFO] [1783289237.940823455] [controller_server]: Passing new path to controller.
[controller_server-1] [WARN] [1783289238.181873093] [controller_server]: Control loop missed its desired rate of 20.0000Hz
[controller_server-1] [WARN] [1783289238.195390340] [controller_server]: Control loop missed its desired rate of 20.0000Hz
[controller_server-1] [WARN] [1783289238.381923745] [controller_server]: Control loop missed its desired rate of 20.0000Hz
[controller_server-1] [WARN] [1783289238.394748859] [controller_server]: Control loop missed its desired rate of 20.0000Hz
[controller_server-1] [WARN] [1783289238.581973441] [controller_server]: Control loop missed its desired rate of 20.0000Hz
[controller_server-1] [WARN] [1783289238.605133652] [controller_server]: Control loop missed its desired rate of 20.0000Hz
[controller_server-1] [WARN] [1783289238.791894953] [controller_server]: Control loop missed its desired rate of 20.0000Hz
[controller_server-1] [WARN] [1783289238.994668087] [controller_server]: Control loop missed its desired rate of 20.0000Hz
[controller_server-1] [INFO] [1783289238.994757402] [controller_server]: Passing new path to controller.
[controller_server-1] [WARN] [1783289239.193088399] [controller_server]: Control loop missed its desired rate of 20.0000Hz
[controller_server-1] [WARN] [1783289239.397190635] [controller_server]: Control loop missed its desired rate of 20.0000Hz
[controller_server-1] [WARN] [1783289239.594313365] [controller_server]: Control loop missed its desired rate of 20.0000Hz
[controller_server-1] [WARN] [1783289239.798985970] [controller_server]: Control loop missed its desired rate of 20.0000Hz
[controller_server-1] [WARN] [1783289239.995524858] [controller_server]: Control loop missed its desired rate of 20.0000Hz
[controller_server-1] [INFO] [1783289239.995574531] [controller_server]: Passing new path to controller.
[controller_server-1] [WARN] [1783289240.219323152] [controller_server]: Control loop missed its desired rate of 20.0000Hz
[controller_server-1] [WARN] [1783289240.416505065] [controller_server]: Control loop missed its desired rate of 20.0000Hz
[controller_server-1] [ERROR] [1783289240.596679378] [transformPoseInTargetFrame]: Extrapolation Error looking up target frame: Lookup would require extrapolation into the future.  Requested time 487.627000 but the latest data is at time 487.620000, when looking up transform from frame [map] to frame [leo1/base_link]
[controller_server-1] 
[controller_server-1] [WARN] [1783289240.597355528] [controller_server]: Control loop missed its desired rate of 20.0000Hz
[controller_server-1] [INFO] [1783289241.006092502] [controller_server]: Passing new path to controller.
[controller_server-1] [WARN] [1783289241.208221659] [controller_server]: Control loop missed its desired rate of 20.0000Hz
[controller_server-1] [ERROR] [1783289241.398506858] [transformPoseInTargetFrame]: Extrapolation Error looking up target frame: Lookup would require extrapolation into the future.  Requested time 488.425000 but the latest data is at time 488.420000, when looking up transform from frame [map] to frame [leo1/base_link]
[controller_server-1] 
[controller_server-1] [WARN] [1783289241.399156267] [controller_server]: Control loop missed its desired rate of 20.0000Hz
[controller_server-1] [INFO] [1783289242.061015261] [controller_server]: Passing new path to controller.
[controller_server-1] [WARN] [1783289242.212620120] [controller_server]: Control loop missed its desired rate of 20.0000Hz
[controller_server-1] [WARN] [1783289242.409969084] [controller_server]: Control loop missed its desired rate of 20.0000Hz
[controller_server-1] [WARN] [1783289242.620028152] [controller_server]: Control loop missed its desired rate of 20.0000Hz
[controller_server-1] [WARN] [1783289242.820005697] [controller_server]: Control loop missed its desired rate of 20.0000Hz
[controller_server-1] [WARN] [1783289243.020002378] [controller_server]: Control loop missed its desired rate of 20.0000Hz
[controller_server-1] [INFO] [1783289243.099238567] [controller_server]: Passing new path to controller.
[controller_server-1] [WARN] [1783289243.220058791] [controller_server]: Control loop missed its desired rate of 20.0000Hz
[controller_server-1] [WARN] [1783289243.420043812] [controller_server]: Control loop missed its desired rate of 20.0000Hz
[controller_server-1] [WARN] [1783289243.620071117] [controller_server]: Control loop missed its desired rate of 20.0000Hz
[controller_server-1] [WARN] [1783289243.820104443] [controller_server]: Control loop missed its desired rate of 20.0000Hz
[controller_server-1] [WARN] [1783289244.030251928] [controller_server]: Control loop missed its desired rate of 20.0000Hz
[controller_server-1] [WARN] [1783289244.051757919] [controller_server]: Control loop missed its desired rate of 20.0000Hz
[controller_server-1] [INFO] [1783289244.099232943] [controller_server]: Passing new path to controller.
[controller_server-1] [WARN] [1783289244.230151878] [controller_server]: Control loop missed its desired rate of 20.0000Hz
[controller_server-1] [WARN] [1783289244.251643900] [controller_server]: Control loop missed its desired rate of 20.0000Hz
[controller_server-1] [WARN] [1783289244.420111814] [controller_server]: Control loop missed its desired rate of 20.0000Hz
[controller_server-1] [WARN] [1783289244.630169483] [controller_server]: Control loop missed its desired rate of 20.0000Hz
[controller_server-1] [WARN] [1783289244.830118057] [controller_server]: Control loop missed its desired rate of 20.0000Hz
[controller_server-1] [WARN] [1783289245.030179631] [controller_server]: Control loop missed its desired rate of 20.0000Hz
[controller_server-1] [INFO] [1783289245.149284858] [controller_server]: Passing new path to controller.
[controller_server-1] [WARN] [1783289245.230691264] [controller_server]: Control loop missed its desired rate of 20.0000Hz
[controller_server-1] [WARN] [1783289245.430143358] [controller_server]: Control loop missed its desired rate of 20.0000Hz
[controller_server-1] [WARN] [1783289245.630203879] [controller_server]: Control loop missed its desired rate of 20.0000Hz
[controller_server-1] [WARN] [1783289245.840211809] [controller_server]: Control loop missed its desired rate of 20.0000Hz
[controller_server-1] [WARN] [1783289246.040366590] [controller_server]: Control loop missed its desired rate of 20.0000Hz
[controller_server-1] [WARN] [1783289246.051843436] [controller_server]: Control loop missed its desired rate of 20.0000Hz
[controller_server-1] [INFO] [1783289246.149244314] [controller_server]: Passing new path to controller.
[controller_server-1] [WARN] [1783289246.240757559] [controller_server]: Control loop missed its desired rate of 20.0000Hz
[controller_server-1] [WARN] [1783289246.252536416] [controller_server]: Control loop missed its desired rate of 20.0000Hz
[controller_server-1] [WARN] [1783289246.430257584] [controller_server]: Control loop missed its desired rate of 20.0000Hz
[controller_server-1] [WARN] [1783289246.453954121] [controller_server]: Control loop missed its desired rate of 20.0000Hz
[controller_server-1] [WARN] [1783289246.640240203] [controller_server]: Control loop missed its desired rate of 20.0000Hz
[controller_server-1] [WARN] [1783289246.651838559] [controller_server]: Control loop missed its desired rate of 20.0000Hz
[controller_server-1] [WARN] [1783289246.840333003] [controller_server]: Control loop missed its desired rate of 20.0000Hz
[controller_server-1] [WARN] [1783289246.852032999] [controller_server]: Control loop missed its desired rate of 20.0000Hz
[controller_server-1] [WARN] [1783289247.040220841] [controller_server]: Control loop missed its desired rate of 20.0000Hz
[controller_server-1] [WARN] [1783289247.053212293] [controller_server]: Control loop missed its desired rate of 20.0000Hz
[controller_server-1] [WARN] [1783289247.250345558] [controller_server]: Control loop missed its desired rate of 20.0000Hz
[controller_server-1] [INFO] [1783289247.250382746] [controller_server]: Passing new path to controller.
[controller_server-1] [WARN] [1783289247.641595535] [controller_server]: Control loop missed its desired rate of 20.0000Hz
[controller_server-1] [WARN] [1783289247.653759390] [controller_server]: Control loop missed its desired rate of 20.0000Hz
[controller_server-1] [WARN] [1783289247.841439114] [controller_server]: Control loop missed its desired rate of 20.0000Hz
[controller_server-1] [WARN] [1783289247.864180290] [controller_server]: Control loop missed its desired rate of 20.0000Hz
[controller_server-1] [WARN] [1783289248.051495133] [controller_server]: Control loop missed its desired rate of 20.0000Hz
[controller_server-1] [WARN] [1783289248.254382393] [controller_server]: Control loop missed its desired rate of 20.0000Hz
[controller_server-1] [INFO] [1783289248.254423452] [controller_server]: Passing new path to controller.
[controller_server-1] [WARN] [1783289248.452679732] [controller_server]: Control loop missed its desired rate of 20.0000Hz
[controller_server-1] [WARN] [1783289248.655534774] [controller_server]: Control loop missed its desired rate of 20.0000Hz
[controller_server-1] [WARN] [1783289248.853890742] [controller_server]: Control loop missed its desired rate of 20.0000Hz
[controller_server-1] [WARN] [1783289249.056652560] [controller_server]: Control loop missed its desired rate of 20.0000Hz
[controller_server-1] [ERROR] [1783289249.256034931] [transformPoseInTargetFrame]: Extrapolation Error looking up target frame: Lookup would require extrapolation into the future.  Requested time 496.227000 but the latest data is at time 496.220000, when looking up transform from frame [map] to frame [leo1/base_link]
[controller_server-1] 
[controller_server-1] [WARN] [1783289249.256931394] [controller_server]: Control loop missed its desired rate of 20.0000Hz
[controller_server-1] [INFO] [1783289249.256953768] [controller_server]: Passing new path to controller.
[controller_server-1] [WARN] [1783289249.458867477] [controller_server]: Control loop missed its desired rate of 20.0000Hz
[controller_server-1] [WARN] [1783289249.658076660] [controller_server]: Control loop missed its desired rate of 20.0000Hz
[controller_server-1] [WARN] [1783289249.859677699] [controller_server]: Control loop missed its desired rate of 20.0000Hz
[controller_server-1] [WARN] [1783289250.069399223] [controller_server]: Control loop missed its desired rate of 20.0000Hz
[controller_server-1] [WARN] [1783289250.270919511] [controller_server]: Control loop missed its desired rate of 20.0000Hz
[controller_server-1] [INFO] [1783289250.270962345] [controller_server]: Passing new path to controller.
[controller_server-1] [WARN] [1783289250.470549466] [controller_server]: Control loop missed its desired rate of 20.0000Hz
[controller_server-1] [WARN] [1783289250.672061568] [controller_server]: Control loop missed its desired rate of 20.0000Hz
[controller_server-1] [WARN] [1783289250.871756765] [controller_server]: Control loop missed its desired rate of 20.0000Hz
[controller_server-1] [WARN] [1783289251.073338324] [controller_server]: Control loop missed its desired rate of 20.0000Hz
[controller_server-1] [WARN] [1783289251.273059771] [controller_server]: Control loop missed its desired rate of 20.0000Hz
[controller_server-1] [INFO] [1783289251.333446088] [controller_server]: Passing new path to controller.
[controller_server-1] [WARN] [1783289251.474988105] [controller_server]: Control loop missed its desired rate of 20.0000Hz
[controller_server-1] [ERROR] [1783289251.674292261] [transformPoseInTargetFrame]: Extrapolation Error looking up target frame: Lookup would require extrapolation into the future.  Requested time 498.629000 but the latest data is at time 498.620000, when looking up transform from frame [map] to frame [leo1/base_link]
[controller_server-1] 
[controller_server-1] [WARN] [1783289251.675426585] [controller_server]: Control loop missed its desired rate of 20.0000Hz
[controller_server-1] [INFO] [1783289252.335555705] [controller_server]: Passing new path to controller.
[controller_server-1] [WARN] [1783289252.487115683] [controller_server]: Control loop missed its desired rate of 20.0000Hz
[controller_server-1] [ERROR] [1783289252.676805145] [transformPoseInTargetFrame]: Extrapolation Error looking up target frame: Lookup would require extrapolation into the future.  Requested time 499.623000 but the latest data is at time 499.620000, when looking up transform from frame [map] to frame [leo1/base_link]
[controller_server-1] 
[controller_server-1] [WARN] [1783289252.677468519] [controller_server]: Control loop missed its desired rate of 20.0000Hz
[controller_server-1] [INFO] [1783289253.387497739] [controller_server]: Passing new path to controller.
[controller_server-1] [WARN] [1783289253.489016481] [controller_server]: Control loop missed its desired rate of 20.0000Hz
[controller_server-1] [WARN] [1783289253.698402813] [controller_server]: Control loop missed its desired rate of 20.0000Hz
[controller_server-1] [WARN] [1783289253.898382413] [controller_server]: Control loop missed its desired rate of 20.0000Hz
[controller_server-1] [WARN] [1783289254.098392041] [controller_server]: Control loop missed its desired rate of 20.0000Hz
[controller_server-1] [WARN] [1783289254.308439722] [controller_server]: Control loop missed its desired rate of 20.0000Hz
[controller_server-1] [INFO] [1783289254.427552048] [controller_server]: Passing new path to controller.
[controller_server-1] [WARN] [1783289254.508794763] [controller_server]: Control loop missed its desired rate of 20.0000Hz
[controller_server-1] [WARN] [1783289254.708498896] [controller_server]: Control loop missed its desired rate of 20.0000Hz
[controller_server-1] [WARN] [1783289254.908592979] [controller_server]: Control loop missed its desired rate of 20.0000Hz
[controller_server-1] [WARN] [1783289255.118556672] [controller_server]: Control loop missed its desired rate of 20.0000Hz
[controller_server-1] [WARN] [1783289255.128781946] [controller_server]: Control loop missed its desired rate of 20.0000Hz
[controller_server-1] [WARN] [1783289255.318572897] [controller_server]: Control loop missed its desired rate of 20.0000Hz
[controller_server-1] [WARN] [1783289255.328811364] [controller_server]: Control loop missed its desired rate of 20.0000Hz
[controller_server-1] [INFO] [1783289255.427578474] [controller_server]: Passing new path to controller.
[controller_server-1] [WARN] [1783289255.519363929] [controller_server]: Control loop missed its desired rate of 20.0000Hz
[controller_server-1] [WARN] [1783289255.529642597] [controller_server]: Control loop missed its desired rate of 20.0000Hz
[controller_server-1] [WARN] [1783289255.718559598] [controller_server]: Control loop missed its desired rate of 20.0000Hz
[controller_server-1] [WARN] [1783289255.728783984] [controller_server]: Control loop missed its desired rate of 20.0000Hz
[controller_server-1] [WARN] [1783289255.918555752] [controller_server]: Control loop missed its desired rate of 20.0000Hz
[controller_server-1] [WARN] [1783289255.928799256] [controller_server]: Control loop missed its desired rate of 20.0000Hz
[controller_server-1] [WARN] [1783289256.128640698] [controller_server]: Control loop missed its desired rate of 20.0000Hz
[controller_server-1] [WARN] [1783289256.332268691] [controller_server]: Control loop missed its desired rate of 20.0000Hz
[controller_server-1] [WARN] [1783289256.531979084] [controller_server]: Control loop missed its desired rate of 20.0000Hz
[controller_server-1] [INFO] [1783289256.532018347] [controller_server]: Passing new path to controller.
[controller_server-1] [WARN] [1783289256.733828064] [controller_server]: Control loop missed its desired rate of 20.0000Hz
[controller_server-1] [WARN] [1783289256.933127057] [controller_server]: Control loop missed its desired rate of 20.0000Hz
[controller_server-1] [WARN] [1783289257.144735048] [controller_server]: Control loop missed its desired rate of 20.0000Hz
[controller_server-1] [ERROR] [1783289257.334282571] [transformPoseInTargetFrame]: Extrapolation Error looking up target frame: Lookup would require extrapolation into the future.  Requested time 504.229000 but the latest data is at time 504.220000, when looking up transform from frame [map] to frame [leo1/base_link]
[controller_server-1] 
[controller_server-1] [WARN] [1783289257.334995962] [controller_server]: Control loop missed its desired rate of 20.0000Hz
[controller_server-1] [INFO] [1783289257.487247588] [controller_server]: Passing new path to controller.
[controller_server-1] [WARN] [1783289257.736380024] [controller_server]: Control loop missed its desired rate of 20.0000Hz
[controller_server-1] [WARN] [1783289257.948039844] [controller_server]: Control loop missed its desired rate of 20.0000Hz
[controller_server-1] [ERROR] [1783289258.138836285] [transformPoseInTargetFrame]: Extrapolation Error looking up target frame: Lookup would require extrapolation into the future.  Requested time 505.030000 but the latest data is at time 505.020000, when looking up transform from frame [map] to frame [leo1/base_link]
[controller_server-1] 
[controller_server-1] [WARN] [1783289258.139503176] [controller_server]: Control loop missed its desired rate of 20.0000Hz
[controller_server-1] [INFO] [1783289258.545101315] [controller_server]: Passing new path to controller.
[controller_server-1] [WARN] [1783289258.757603524] [controller_server]: Control loop missed its desired rate of 20.0000Hz
[controller_server-1] [ERROR] [1783289258.950775846] [transformPoseInTargetFrame]: Extrapolation Error looking up target frame: Lookup would require extrapolation into the future.  Requested time 505.825000 but the latest data is at time 505.820000, when looking up transform from frame [map] to frame [leo1/base_link]
[controller_server-1] 
[controller_server-1] [WARN] [1783289258.951460593] [controller_server]: Control loop missed its desired rate of 20.0000Hz
[controller_server-1] [INFO] [1783289259.560715787] [controller_server]: Passing new path to controller.
[controller_server-1] [WARN] [1783289259.763065629] [controller_server]: Control loop missed its desired rate of 20.0000Hz
[controller_server-1] [ERROR] [1783289259.952598474] [transformPoseInTargetFrame]: Extrapolation Error looking up target frame: Lookup would require extrapolation into the future.  Requested time 506.827000 but the latest data is at time 506.820000, when looking up transform from frame [map] to frame [leo1/base_link]
[controller_server-1] 
[controller_server-1] [WARN] [1783289259.953248833] [controller_server]: Control loop missed its desired rate of 20.0000Hz
[controller_server-1] [INFO] [1783289260.566985656] [controller_server]: Passing new path to controller.
[controller_server-1] [WARN] [1783289260.768965091] [controller_server]: Control loop missed its desired rate of 20.0000Hz
[controller_server-1] [WARN] [1783289260.964545004] [controller_server]: Control loop missed its desired rate of 20.0000Hz
[controller_server-1] [WARN] [1783289261.177986622] [controller_server]: Control loop missed its desired rate of 20.0000Hz
[controller_server-1] [WARN] [1783289261.365798966] [controller_server]: Control loop missed its desired rate of 20.0000Hz
[controller_server-1] [WARN] [1783289261.579028929] [controller_server]: Control loop missed its desired rate of 20.0000Hz
[controller_server-1] [INFO] [1783289261.615876227] [controller_server]: Passing new path to controller.
[controller_server-1] [ERROR] [1783289261.777355524] [transformPoseInTargetFrame]: Extrapolation Error looking up target frame: Lookup would require extrapolation into the future.  Requested time 508.625000 but the latest data is at time 508.620000, when looking up transform from frame [map] to frame [leo1/base_link]
[controller_server-1] 
[controller_server-1] [WARN] [1783289261.778084341] [controller_server]: Control loop missed its desired rate of 20.0000Hz
[controller_server-1] [INFO] [1783289262.643035039] [controller_server]: Passing new path to controller.
[controller_server-1] [WARN] [1783289262.784609649] [controller_server]: Control loop missed its desired rate of 20.0000Hz
[controller_server-1] [ERROR] [1783289262.979209233] [transformPoseInTargetFrame]: Extrapolation Error looking up target frame: Lookup would require extrapolation into the future.  Requested time 509.829000 but the latest data is at time 509.820000, when looking up transform from frame [map] to frame [leo1/base_link]
[controller_server-1] 
[controller_server-1] [WARN] [1783289262.980046044] [controller_server]: Control loop missed its desired rate of 20.0000Hz
[controller_server-1] [INFO] [1783289263.691735200] [controller_server]: Passing new path to controller.
[controller_server-1] [WARN] [1783289263.793335903] [controller_server]: Control loop missed its desired rate of 20.0000Hz
[controller_server-1] [ERROR] [1783289263.981198968] [transformPoseInTargetFrame]: Extrapolation Error looking up target frame: Lookup would require extrapolation into the future.  Requested time 510.823000 but the latest data is at time 510.820000, when looking up transform from frame [map] to frame [leo1/base_link]
[controller_server-1] 
[controller_server-1] [WARN] [1783289263.981888985] [controller_server]: Control loop missed its desired rate of 20.0000Hz
[controller_server-1] [INFO] [1783289264.695367505] [controller_server]: Passing new path to controller.
[controller_server-1] [WARN] [1783289264.796964310] [controller_server]: Control loop missed its desired rate of 20.0000Hz
[controller_server-1] [WARN] [1783289265.002897864] [controller_server]: Control loop missed its desired rate of 20.0000Hz
[controller_server-1] [WARN] [1783289265.202804774] [controller_server]: Control loop missed its desired rate of 20.0000Hz
[controller_server-1] [WARN] [1783289265.402722328] [controller_server]: Control loop missed its desired rate of 20.0000Hz
[controller_server-1] [WARN] [1783289265.602740831] [controller_server]: Control loop missed its desired rate of 20.0000Hz
[controller_server-1] [INFO] [1783289265.731970461] [controller_server]: Passing new path to controller.
[controller_server-1] [WARN] [1783289265.803232308] [controller_server]: Control loop missed its desired rate of 20.0000Hz
[controller_server-1] [WARN] [1783289266.002746327] [controller_server]: Control loop missed its desired rate of 20.0000Hz
[controller_server-1] [WARN] [1783289266.212910715] [controller_server]: Control loop missed its desired rate of 20.0000Hz
[controller_server-1] [WARN] [1783289266.402710660] [controller_server]: Control loop missed its desired rate of 20.0000Hz
[controller_server-1] [WARN] [1783289266.613478244] [controller_server]: Control loop missed its desired rate of 20.0000Hz
[controller_server-1] [INFO] [1783289266.781964341] [controller_server]: Passing new path to controller.
[controller_server-1] [INFO] [1783289267.781966045] [controller_server]: Passing new path to controller.
[controller_server-1] [INFO] [1783289268.831975219] [controller_server]: Passing new path to controller.
[controller_server-1] [INFO] [1783289269.831963917] [controller_server]: Passing new path to controller.
[controller_server-1] [INFO] [1783289270.881958536] [controller_server]: Passing new path to controller.
[controller_server-1] [INFO] [1783289271.932010775] [controller_server]: Passing new path to controller.
[controller_server-1] [ERROR] [1783289272.033465959] [transformPoseInTargetFrame]: Extrapolation Error looking up target frame: Lookup would require extrapolation into the future.  Requested time 518.827000 but the latest data is at time 518.820000, when looking up transform from frame [map] to frame [leo1/base_link]
[controller_server-1] 
[controller_server-1] [WARN] [1783289272.034353315] [controller_server]: Control loop missed its desired rate of 20.0000Hz
[controller_server-1] [INFO] [1783289272.951440642] [controller_server]: Passing new path to controller.
[controller_server-1] [WARN] [1783289273.043365137] [controller_server]: Control loop missed its desired rate of 20.0000Hz
[controller_server-1] [INFO] [1783289273.984452559] [controller_server]: Passing new path to controller.
[controller_server-1] [WARN] [1783289274.066677996] [controller_server]: Control loop missed its desired rate of 20.0000Hz
[controller_server-1] [INFO] [1783289274.984429397] [controller_server]: Passing new path to controller.
[controller_server-1] [WARN] [1783289275.056098162] [controller_server]: Control loop missed its desired rate of 20.0000Hz
[controller_server-1] [INFO] [1783289276.034443035] [controller_server]: Passing new path to controller.
[controller_server-1] [INFO] [1783289277.084435386] [controller_server]: Passing new path to controller.
[controller_server-1] [INFO] [1783289278.084430363] [controller_server]: Passing new path to controller.
[controller_server-1] [INFO] [1783289279.134452390] [controller_server]: Passing new path to controller.
[controller_server-1] [INFO] [1783289280.134431561] [controller_server]: Passing new path to controller.
[controller_server-1] [INFO] [1783289281.184450517] [controller_server]: Passing new path to controller.
[bt_navigator-4] [INFO] [1783289281.267738736] [bt_navigator]: Received goal preemption request
[bt_navigator-4] [INFO] [1783289281.268168707] [bt_navigator]: Begin navigating from current location (5.92, -3.80) to (7.45, -5.22)
[controller_server-1] [ERROR] [1783289281.286049490] [transformPoseInTargetFrame]: Extrapolation Error looking up target frame: Lookup would require extrapolation into the future.  Requested time 528.030000 but the latest data is at time 528.020000, when looking up transform from frame [map] to frame [leo1/base_link]
[controller_server-1] 
[controller_server-1] [WARN] [1783289281.286505406] [controller_server]: Control loop missed its desired rate of 20.0000Hz
[controller_server-1] [INFO] [1783289282.196780333] [controller_server]: Passing new path to controller.
[controller_server-1] [WARN] [1783289282.298774415] [controller_server]: Control loop missed its desired rate of 20.0000Hz
[controller_server-1] [INFO] [1783289283.236581060] [controller_server]: Passing new path to controller.
[controller_server-1] [WARN] [1783289283.308321040] [controller_server]: Control loop missed its desired rate of 20.0000Hz
[controller_server-1] [INFO] [1783289284.286576157] [controller_server]: Passing new path to controller.
[controller_server-1] [INFO] [1783289285.286610423] [controller_server]: Passing new path to controller.
[controller_server-1] [INFO] [1783289286.340007660] [controller_server]: Passing new path to controller.
[controller_server-1] [INFO] [1783289287.340200382] [controller_server]: Passing new path to controller.
[controller_server-1] [INFO] [1783289288.389996783] [controller_server]: Passing new path to controller.
[controller_server-1] [INFO] [1783289289.440018966] [controller_server]: Passing new path to controller.
[controller_server-1] [WARN] [1783289289.541755188] [controller_server]: Control loop missed its desired rate of 20.0000Hz
[controller_server-1] [INFO] [1783289290.447017503] [controller_server]: Passing new path to controller.
[controller_server-1] [INFO] [1783289291.491845814] [controller_server]: Passing new path to controller.
[controller_server-1] [INFO] [1783289292.491830620] [controller_server]: Passing new path to controller.
[bt_navigator-4] [INFO] [1783289293.301100063] [bt_navigator]: Received goal preemption request
[bt_navigator-4] [INFO] [1783289293.301745479] [bt_navigator]: Begin navigating from current location (7.31, -5.42) to (10.60, 1.73)
[controller_server-1] [INFO] [1783289293.541853718] [controller_server]: Passing new path to controller.
[controller_server-1] [WARN] [1783289293.762739352] [controller_server]: Control loop missed its desired rate of 20.0000Hz
[controller_server-1] [WARN] [1783289293.962720258] [controller_server]: Control loop missed its desired rate of 20.0000Hz
[controller_server-1] [WARN] [1783289294.162710445] [controller_server]: Control loop missed its desired rate of 20.0000Hz
[controller_server-1] [WARN] [1783289294.362691480] [controller_server]: Control loop missed its desired rate of 20.0000Hz
[controller_server-1] [WARN] [1783289294.583225983] [controller_server]: Control loop missed its desired rate of 20.0000Hz
[controller_server-1] [INFO] [1783289294.583298119] [controller_server]: Passing new path to controller.
[controller_server-1] [WARN] [1783289294.596219595] [controller_server]: Control loop missed its desired rate of 20.0000Hz
[controller_server-1] [WARN] [1783289294.772772415] [controller_server]: Control loop missed its desired rate of 20.0000Hz
[controller_server-1] [WARN] [1783289294.794329421] [controller_server]: Control loop missed its desired rate of 20.0000Hz
[controller_server-1] [WARN] [1783289294.962766526] [controller_server]: Control loop missed its desired rate of 20.0000Hz
[controller_server-1] [WARN] [1783289295.172843144] [controller_server]: Control loop missed its desired rate of 20.0000Hz
[controller_server-1] [WARN] [1783289295.372902310] [controller_server]: Control loop missed its desired rate of 20.0000Hz
[controller_server-1] [WARN] [1783289295.572698100] [controller_server]: Control loop missed its desired rate of 20.0000Hz
[controller_server-1] [INFO] [1783289295.572736867] [controller_server]: Passing new path to controller.
[controller_server-1] [WARN] [1783289295.772720482] [controller_server]: Control loop missed its desired rate of 20.0000Hz
[controller_server-1] [WARN] [1783289295.972739146] [controller_server]: Control loop missed its desired rate of 20.0000Hz
[controller_server-1] [WARN] [1783289296.172964929] [controller_server]: Control loop missed its desired rate of 20.0000Hz
[controller_server-1] [WARN] [1783289296.372767789] [controller_server]: Control loop missed its desired rate of 20.0000Hz
[controller_server-1] [WARN] [1783289296.572794701] [controller_server]: Control loop missed its desired rate of 20.0000Hz
[controller_server-1] [INFO] [1783289296.641824954] [controller_server]: Passing new path to controller.
[controller_server-1] [WARN] [1783289296.772758918] [controller_server]: Control loop missed its desired rate of 20.0000Hz
[controller_server-1] [WARN] [1783289296.972789237] [controller_server]: Control loop missed its desired rate of 20.0000Hz
[controller_server-1] [WARN] [1783289297.182823683] [controller_server]: Control loop missed its desired rate of 20.0000Hz
[controller_server-1] [WARN] [1783289297.194332928] [controller_server]: Control loop missed its desired rate of 20.0000Hz
[controller_server-1] [WARN] [1783289297.382865214] [controller_server]: Control loop missed its desired rate of 20.0000Hz
[controller_server-1] [WARN] [1783289297.394700410] [controller_server]: Control loop missed its desired rate of 20.0000Hz
[controller_server-1] [WARN] [1783289297.582850350] [controller_server]: Control loop missed its desired rate of 20.0000Hz
[controller_server-1] [WARN] [1783289297.594372595] [controller_server]: Control loop missed its desired rate of 20.0000Hz
[controller_server-1] [INFO] [1783289297.641827001] [controller_server]: Passing new path to controller.
[controller_server-1] [WARN] [1783289297.782838478] [controller_server]: Control loop missed its desired rate of 20.0000Hz
[controller_server-1] [WARN] [1783289297.794445656] [controller_server]: Control loop missed its desired rate of 20.0000Hz
[controller_server-1] [WARN] [1783289297.982829285] [controller_server]: Control loop missed its desired rate of 20.0000Hz
[controller_server-1] [WARN] [1783289297.994374351] [controller_server]: Control loop missed its desired rate of 20.0000Hz
[controller_server-1] [WARN] [1783289298.192918146] [controller_server]: Control loop missed its desired rate of 20.0000Hz
[controller_server-1] [WARN] [1783289298.395858814] [controller_server]: Control loop missed its desired rate of 20.0000Hz
[controller_server-1] [WARN] [1783289298.594096857] [controller_server]: Control loop missed its desired rate of 20.0000Hz
[controller_server-1] [INFO] [1783289298.716114474] [controller_server]: Passing new path to controller.
[controller_server-1] [WARN] [1783289298.995364456] [controller_server]: Control loop missed its desired rate of 20.0000Hz
[controller_server-1] [WARN] [1783289299.198238974] [controller_server]: Control loop missed its desired rate of 20.0000Hz
[controller_server-1] [WARN] [1783289299.396694216] [controller_server]: Control loop missed its desired rate of 20.0000Hz
[controller_server-1] [INFO] [1783289299.696806155] [controller_server]: Passing new path to controller.
[controller_server-1] [WARN] [1783289299.798484201] [controller_server]: Control loop missed its desired rate of 20.0000Hz
[controller_server-1] [WARN] [1783289300.001315020] [controller_server]: Control loop missed its desired rate of 20.0000Hz
[controller_server-1] [WARN] [1783289300.199795025] [controller_server]: Control loop missed its desired rate of 20.0000Hz
[controller_server-1] [WARN] [1783289300.413227974] [controller_server]: Control loop missed its desired rate of 20.0000Hz
[controller_server-1] [WARN] [1783289300.620707777] [controller_server]: Control loop missed its desired rate of 20.0000Hz
[controller_server-1] [WARN] [1783289300.801010802] [controller_server]: Control loop missed its desired rate of 20.0000Hz
[controller_server-1] [INFO] [1783289300.801049014] [controller_server]: Passing new path to controller.
[controller_server-1] [WARN] [1783289301.003725884] [controller_server]: Control loop missed its desired rate of 20.0000Hz
[controller_server-1] [WARN] [1783289301.202237675] [controller_server]: Control loop missed its desired rate of 20.0000Hz
[controller_server-1] [WARN] [1783289301.406676319] [controller_server]: Control loop missed its desired rate of 20.0000Hz
[controller_server-1] [WARN] [1783289301.603402784] [controller_server]: Control loop missed its desired rate of 20.0000Hz
[controller_server-1] [ERROR] [1783289301.826667916] [transformPoseInTargetFrame]: Extrapolation Error looking up target frame: Lookup would require extrapolation into the future.  Requested time 548.455000 but the latest data is at time 548.420000, when looking up transform from frame [map] to frame [leo1/base_link]
[controller_server-1] 
[controller_server-1] [WARN] [1783289301.827518397] [controller_server]: Control loop missed its desired rate of 20.0000Hz
[controller_server-1] [INFO] [1783289301.827537897] [controller_server]: Passing new path to controller.
[controller_server-1] [WARN] [1783289302.004597690] [controller_server]: Control loop missed its desired rate of 20.0000Hz
[controller_server-1] [WARN] [1783289302.227867437] [controller_server]: Control loop missed its desired rate of 20.0000Hz
[controller_server-1] [ERROR] [1783289302.405827082] [transformPoseInTargetFrame]: Extrapolation Error looking up target frame: Lookup would require extrapolation into the future.  Requested time 549.031000 but the latest data is at time 549.020000, when looking up transform from frame [map] to frame [leo1/base_link]
[controller_server-1] 
[controller_server-1] [WARN] [1783289302.406932394] [controller_server]: Control loop missed its desired rate of 20.0000Hz
[controller_server-1] [INFO] [1783289302.815366574] [controller_server]: Passing new path to controller.
[controller_server-1] [WARN] [1783289303.007280756] [controller_server]: Control loop missed its desired rate of 20.0000Hz
[controller_server-1] [ERROR] [1783289303.208093060] [transformPoseInTargetFrame]: Extrapolation Error looking up target frame: Lookup would require extrapolation into the future.  Requested time 549.829000 but the latest data is at time 549.820000, when looking up transform from frame [map] to frame [leo1/base_link]
[controller_server-1] 
[controller_server-1] [WARN] [1783289303.208868302] [controller_server]: Control loop missed its desired rate of 20.0000Hz
[controller_server-1] [INFO] [1783289303.820188355] [controller_server]: Passing new path to controller.
[controller_server-1] [WARN] [1783289304.022385989] [controller_server]: Control loop missed its desired rate of 20.0000Hz
[controller_server-1] [ERROR] [1783289304.210027201] [transformPoseInTargetFrame]: Extrapolation Error looking up target frame: Lookup would require extrapolation into the future.  Requested time 550.827000 but the latest data is at time 550.820000, when looking up transform from frame [map] to frame [leo1/base_link]
[controller_server-1] 
[controller_server-1] [WARN] [1783289304.210782471] [controller_server]: Control loop missed its desired rate of 20.0000Hz
[controller_server-1] [INFO] [1783289304.873925350] [controller_server]: Passing new path to controller.
[controller_server-1] [WARN] [1783289305.025774243] [controller_server]: Control loop missed its desired rate of 20.0000Hz
[controller_server-1] [ERROR] [1783289305.211929757] [transformPoseInTargetFrame]: Extrapolation Error looking up target frame: Lookup would require extrapolation into the future.  Requested time 551.821000 but the latest data is at time 551.820000, when looking up transform from frame [map] to frame [leo1/base_link]
[controller_server-1] 
[controller_server-1] [WARN] [1783289305.212847125] [controller_server]: Control loop missed its desired rate of 20.0000Hz
[controller_server-1] [INFO] [1783289305.876534871] [controller_server]: Passing new path to controller.
[controller_server-1] [WARN] [1783289306.028318173] [controller_server]: Control loop missed its desired rate of 20.0000Hz
[controller_server-1] [WARN] [1783289306.233846695] [controller_server]: Control loop missed its desired rate of 20.0000Hz
[controller_server-1] [WARN] [1783289306.443837021] [controller_server]: Control loop missed its desired rate of 20.0000Hz
[controller_server-1] [WARN] [1783289306.464150273] [controller_server]: Control loop missed its desired rate of 20.0000Hz
[controller_server-1] [WARN] [1783289306.633819247] [controller_server]: Control loop missed its desired rate of 20.0000Hz
[controller_server-1] [WARN] [1783289306.843774635] [controller_server]: Control loop missed its desired rate of 20.0000Hz
[controller_server-1] [INFO] [1783289306.912929910] [controller_server]: Passing new path to controller.
[controller_server-1] [WARN] [1783289307.043754323] [controller_server]: Control loop missed its desired rate of 20.0000Hz
[controller_server-1] [WARN] [1783289307.243953586] [controller_server]: Control loop missed its desired rate of 20.0000Hz
[controller_server-1] [WARN] [1783289307.443785693] [controller_server]: Control loop missed its desired rate of 20.0000Hz
[controller_server-1] [WARN] [1783289307.643897114] [controller_server]: Control loop missed its desired rate of 20.0000Hz
[controller_server-1] [WARN] [1783289307.843857380] [controller_server]: Control loop missed its desired rate of 20.0000Hz
[controller_server-1] [INFO] [1783289307.962930612] [controller_server]: Passing new path to controller.
[controller_server-1] [WARN] [1783289308.054287585] [controller_server]: Control loop missed its desired rate of 20.0000Hz
[controller_server-1] [WARN] [1783289308.074642839] [controller_server]: Control loop missed its desired rate of 20.0000Hz
[controller_server-1] [WARN] [1783289308.253962395] [controller_server]: Control loop missed its desired rate of 20.0000Hz
[controller_server-1] [WARN] [1783289308.274283695] [controller_server]: Control loop missed its desired rate of 20.0000Hz
[controller_server-1] [WARN] [1783289308.453864384] [controller_server]: Control loop missed its desired rate of 20.0000Hz
[controller_server-1] [WARN] [1783289308.464078841] [controller_server]: Control loop missed its desired rate of 20.0000Hz
[controller_server-1] [WARN] [1783289308.653998703] [controller_server]: Control loop missed its desired rate of 20.0000Hz
[controller_server-1] [WARN] [1783289308.664296593] [controller_server]: Control loop missed its desired rate of 20.0000Hz
[controller_server-1] [WARN] [1783289308.854010969] [controller_server]: Control loop missed its desired rate of 20.0000Hz
[controller_server-1] [WARN] [1783289308.864224922] [controller_server]: Control loop missed its desired rate of 20.0000Hz
[controller_server-1] [INFO] [1783289308.962930971] [controller_server]: Passing new path to controller.
[controller_server-1] [WARN] [1783289309.054570183] [controller_server]: Control loop missed its desired rate of 20.0000Hz
[controller_server-1] [WARN] [1783289309.064831393] [controller_server]: Control loop missed its desired rate of 20.0000Hz
[controller_server-1] [WARN] [1783289309.264100981] [controller_server]: Control loop missed its desired rate of 20.0000Hz
[controller_server-1] [WARN] [1783289309.465621732] [controller_server]: Control loop missed its desired rate of 20.0000Hz
[controller_server-1] [WARN] [1783289309.665379541] [controller_server]: Control loop missed its desired rate of 20.0000Hz
[controller_server-1] [WARN] [1783289309.866878101] [controller_server]: Control loop missed its desired rate of 20.0000Hz
[controller_server-1] [WARN] [1783289310.066688815] [controller_server]: Control loop missed its desired rate of 20.0000Hz
[controller_server-1] [INFO] [1783289310.066761755] [controller_server]: Passing new path to controller.
[controller_server-1] [WARN] [1783289310.279162448] [controller_server]: Control loop missed its desired rate of 20.0000Hz
[controller_server-1] [ERROR] [1783289310.467869391] [transformPoseInTargetFrame]: Extrapolation Error looking up target frame: Lookup would require extrapolation into the future.  Requested time 557.027000 but the latest data is at time 557.020000, when looking up transform from frame [map] to frame [leo1/base_link]
[controller_server-1] 
[controller_server-1] [WARN] [1783289310.468617907] [controller_server]: Control loop missed its desired rate of 20.0000Hz
[controller_server-1] [INFO] [1783289311.027820814] [controller_server]: Passing new path to controller.
[controller_server-1] [WARN] [1783289311.289508160] [controller_server]: Control loop missed its desired rate of 20.0000Hz
[controller_server-1] [WARN] [1783289311.489457003] [controller_server]: Control loop missed its desired rate of 20.0000Hz
[controller_server-1] [WARN] [1783289311.689467797] [controller_server]: Control loop missed its desired rate of 20.0000Hz
[controller_server-1] [WARN] [1783289311.909783019] [controller_server]: Control loop missed its desired rate of 20.0000Hz
[controller_server-1] [WARN] [1783289311.920004257] [controller_server]: Control loop missed its desired rate of 20.0000Hz
[controller_server-1] [WARN] [1783289312.099651252] [controller_server]: Control loop missed its desired rate of 20.0000Hz
[controller_server-1] [INFO] [1783289312.099740112] [controller_server]: Passing new path to controller.
[controller_server-1] [WARN] [1783289312.299621022] [controller_server]: Control loop missed its desired rate of 20.0000Hz
[controller_server-1] [WARN] [1783289312.509731543] [controller_server]: Control loop missed its desired rate of 20.0000Hz
[controller_server-1] [WARN] [1783289312.530052189] [controller_server]: Control loop missed its desired rate of 20.0000Hz
[controller_server-1] [WARN] [1783289312.699694430] [controller_server]: Control loop missed its desired rate of 20.0000Hz
[controller_server-1] [WARN] [1783289312.909738796] [controller_server]: Control loop missed its desired rate of 20.0000Hz
[controller_server-1] [WARN] [1783289312.930153602] [controller_server]: Control loop missed its desired rate of 20.0000Hz
[controller_server-1] [WARN] [1783289313.109692115] [controller_server]: Control loop missed its desired rate of 20.0000Hz
[controller_server-1] [INFO] [1783289313.109732337] [controller_server]: Passing new path to controller.
[controller_server-1] [WARN] [1783289313.130427065] [controller_server]: Control loop missed its desired rate of 20.0000Hz
[controller_server-1] [WARN] [1783289313.309709869] [controller_server]: Control loop missed its desired rate of 20.0000Hz
[controller_server-1] [WARN] [1783289313.319954726] [controller_server]: Control loop missed its desired rate of 20.0000Hz
[controller_server-1] [WARN] [1783289313.509713923] [controller_server]: Control loop missed its desired rate of 20.0000Hz
[controller_server-1] [WARN] [1783289313.519942927] [controller_server]: Control loop missed its desired rate of 20.0000Hz
[controller_server-1] [WARN] [1783289313.709789679] [controller_server]: Control loop missed its desired rate of 20.0000Hz
[controller_server-1] [WARN] [1783289313.720034611] [controller_server]: Control loop missed its desired rate of 20.0000Hz
[controller_server-1] [WARN] [1783289313.919737063] [controller_server]: Control loop missed its desired rate of 20.0000Hz
[controller_server-1] [WARN] [1783289314.121306111] [controller_server]: Control loop missed its desired rate of 20.0000Hz
[controller_server-1] [INFO] [1783289314.121348527] [controller_server]: Passing new path to controller.
[controller_server-1] [WARN] [1783289314.321075176] [controller_server]: Control loop missed its desired rate of 20.0000Hz
[controller_server-1] [WARN] [1783289314.522830745] [controller_server]: Control loop missed its desired rate of 20.0000Hz
[controller_server-1] [WARN] [1783289314.722281297] [controller_server]: Control loop missed its desired rate of 20.0000Hz
[controller_server-1] [WARN] [1783289314.923887841] [controller_server]: Control loop missed its desired rate of 20.0000Hz
[controller_server-1] [ERROR] [1783289315.123498110] [transformPoseInTargetFrame]: Extrapolation Error looking up target frame: Lookup would require extrapolation into the future.  Requested time 561.627000 but the latest data is at time 561.620000, when looking up transform from frame [map] to frame [leo1/base_link]
[controller_server-1] 
[controller_server-1] [WARN] [1783289315.124229011] [controller_server]: Control loop missed its desired rate of 20.0000Hz
[controller_server-1] [INFO] [1783289315.174993467] [controller_server]: Passing new path to controller.
[controller_server-1] [WARN] [1783289315.336800050] [controller_server]: Control loop missed its desired rate of 20.0000Hz
[controller_server-1] [WARN] [1783289315.525418956] [controller_server]: Control loop missed its desired rate of 20.0000Hz
[controller_server-1] [WARN] [1783289315.736987241] [controller_server]: Control loop missed its desired rate of 20.0000Hz
[controller_server-1] [ERROR] [1783289315.926495169] [transformPoseInTargetFrame]: Extrapolation Error looking up target frame: Lookup would require extrapolation into the future.  Requested time 562.427000 but the latest data is at time 562.420000, when looking up transform from frame [map] to frame [leo1/base_link]
[controller_server-1] 
[controller_server-1] [WARN] [1783289315.927232371] [controller_server]: Control loop missed its desired rate of 20.0000Hz
[controller_server-1] [INFO] [1783289316.184985905] [controller_server]: Passing new path to controller.
[controller_server-1] [WARN] [1783289316.346724702] [controller_server]: Control loop missed its desired rate of 20.0000Hz
[controller_server-1] [ERROR] [1783289316.531349568] [transformPoseInTargetFrame]: Extrapolation Error looking up target frame: Lookup would require extrapolation into the future.  Requested time 563.021000 but the latest data is at time 563.020000, when looking up transform from frame [map] to frame [leo1/base_link]
[controller_server-1] 
[controller_server-1] [WARN] [1783289316.532151099] [controller_server]: Control loop missed its desired rate of 20.0000Hz
[controller_server-1] [INFO] [1783289317.245539683] [controller_server]: Passing new path to controller.
[controller_server-1] [ERROR] [1783289317.347109840] [transformPoseInTargetFrame]: Extrapolation Error looking up target frame: Lookup would require extrapolation into the future.  Requested time 563.833000 but the latest data is at time 563.820000, when looking up transform from frame [map] to frame [leo1/base_link]
[controller_server-1] 
[controller_server-1] [WARN] [1783289317.348183701] [controller_server]: Control loop missed its desired rate of 20.0000Hz
[controller_server-1] [INFO] [1783289318.282241944] [controller_server]: Passing new path to controller.
[controller_server-1] [WARN] [1783289318.353763347] [controller_server]: Control loop missed its desired rate of 20.0000Hz
[controller_server-1] [WARN] [1783289318.553187551] [controller_server]: Control loop missed its desired rate of 20.0000Hz
[controller_server-1] [WARN] [1783289318.753156383] [controller_server]: Control loop missed its desired rate of 20.0000Hz
[controller_server-1] [WARN] [1783289318.953077212] [controller_server]: Control loop missed its desired rate of 20.0000Hz
[controller_server-1] [WARN] [1783289319.153065876] [controller_server]: Control loop missed its desired rate of 20.0000Hz
[controller_server-1] [INFO] [1783289319.282236618] [controller_server]: Passing new path to controller.
[controller_server-1] [WARN] [1783289319.363732711] [controller_server]: Control loop missed its desired rate of 20.0000Hz
[controller_server-1] [WARN] [1783289319.563253466] [controller_server]: Control loop missed its desired rate of 20.0000Hz
[controller_server-1] [WARN] [1783289319.763152528] [controller_server]: Control loop missed its desired rate of 20.0000Hz
[controller_server-1] [WARN] [1783289319.963226445] [controller_server]: Control loop missed its desired rate of 20.0000Hz
[controller_server-1] [INFO] [1783289320.332249590] [controller_server]: Passing new path to controller.
[controller_server-1] [INFO] [1783289321.332230671] [controller_server]: Passing new path to controller.
[controller_server-1] [WARN] [1783289321.387316600] [controller_server]: Control loop missed its desired rate of 20.0000Hz
[controller_server-1] [INFO] [1783289322.382240403] [controller_server]: Passing new path to controller.
[controller_server-1] [INFO] [1783289323.432238502] [controller_server]: Passing new path to controller.
[controller_server-1] [INFO] [1783289324.432229761] [controller_server]: Passing new path to controller.
[controller_server-1] [INFO] [1783289325.482240719] [controller_server]: Passing new path to controller.
[controller_server-1] [ERROR] [1783289325.583755998] [transformPoseInTargetFrame]: Extrapolation Error looking up target frame: Lookup would require extrapolation into the future.  Requested time 572.029000 but the latest data is at time 572.020000, when looking up transform from frame [map] to frame [leo1/base_link]
[controller_server-1] 
[controller_server-1] [WARN] [1783289325.584600231] [controller_server]: Control loop missed its desired rate of 20.0000Hz
[controller_server-1] [INFO] [1783289326.500776426] [controller_server]: Passing new path to controller.
[controller_server-1] [WARN] [1783289326.593017653] [controller_server]: Control loop missed its desired rate of 20.0000Hz
[controller_server-1] [INFO] [1783289327.534675126] [controller_server]: Passing new path to controller.
[controller_server-1] [WARN] [1783289327.596401329] [controller_server]: Control loop missed its desired rate of 20.0000Hz
[controller_server-1] [INFO] [1783289328.534733951] [controller_server]: Passing new path to controller.
[controller_server-1] [WARN] [1783289328.606869124] [controller_server]: Control loop missed its desired rate of 20.0000Hz
[controller_server-1] [INFO] [1783289329.514993684] [local_costmap.local_costmap]: Received request to clear entirely the local_costmap
[planner_server-2] [INFO] [1783289329.515101820] [global_costmap.global_costmap]: Received request to clear entirely the global_costmap
[controller_server-1] [INFO] [1783289329.734677633] [controller_server]: Passing new path to controller.
[controller_server-1] [WARN] [1783289329.816679763] [controller_server]: Control loop missed its desired rate of 20.0000Hz
[controller_server-1] [INFO] [1783289330.734672317] [controller_server]: Passing new path to controller.
[controller_server-1] [WARN] [1783289330.816974016] [controller_server]: Control loop missed its desired rate of 20.0000Hz
[controller_server-1] [INFO] [1783289331.784680484] [controller_server]: Passing new path to controller.
[controller_server-1] [WARN] [1783289331.856751599] [controller_server]: Control loop missed its desired rate of 20.0000Hz
[controller_server-1] [INFO] [1783289332.784674341] [controller_server]: Passing new path to controller.
[controller_server-1] [WARN] [1783289332.836471363] [controller_server]: Control loop missed its desired rate of 20.0000Hz
[controller_server-1] [INFO] [1783289333.834681039] [controller_server]: Passing new path to controller.
[controller_server-1] [INFO] [1783289334.884685601] [controller_server]: Passing new path to controller.
[controller_server-1] [INFO] [1783289335.884704857] [controller_server]: Passing new path to controller.
[controller_server-1] [INFO] [1783289336.934691155] [controller_server]: Passing new path to controller.
[controller_server-1] [INFO] [1783289337.934699158] [controller_server]: Passing new path to controller.
[controller_server-1] [INFO] [1783289338.984693146] [controller_server]: Passing new path to controller.
[controller_server-1] [WARN] [1783289339.087693405] [controller_server]: Control loop missed its desired rate of 20.0000Hz
[controller_server-1] [INFO] [1783289340.001711106] [controller_server]: Passing new path to controller.
[controller_server-1] [WARN] [1783289340.094265563] [controller_server]: Control loop missed its desired rate of 20.0000Hz
[controller_server-1] [INFO] [1783289341.037776516] [controller_server]: Passing new path to controller.
[controller_server-1] [WARN] [1783289341.110223515] [controller_server]: Control loop missed its desired rate of 20.0000Hz
[controller_server-1] [INFO] [1783289342.087809426] [controller_server]: Passing new path to controller.
[controller_server-1] [INFO] [1783289343.087804393] [controller_server]: Passing new path to controller.
[controller_server-1] [INFO] [1783289344.137786611] [controller_server]: Passing new path to controller.
[controller_server-1] [INFO] [1783289345.137773727] [controller_server]: Passing new path to controller.
[planner_server-2] [INFO] [1783289345.272256446] [global_costmap.global_costmap]: StaticLayer: Resizing costmap to 480 X 322 at 0.050000 m/pix
[controller_server-1] [INFO] [1783289346.190972957] [controller_server]: Passing new path to controller.
[controller_server-1] [INFO] [1783289347.240985505] [controller_server]: Passing new path to controller.
[controller_server-1] [INFO] [1783289348.240981753] [controller_server]: Passing new path to controller.
[controller_server-1] [INFO] [1783289349.290974350] [controller_server]: Passing new path to controller.
[controller_server-1] [WARN] [1783289349.383834892] [controller_server]: Control loop missed its desired rate of 20.0000Hz
[controller_server-1] [INFO] [1783289350.290989859] [controller_server]: Passing new path to controller.
[controller_server-1] [WARN] [1783289350.394750048] [controller_server]: Control loop missed its desired rate of 20.0000Hz
[controller_server-1] [INFO] [1783289351.359370684] [controller_server]: Passing new path to controller.
[controller_server-1] [INFO] [1783289352.394855107] [controller_server]: Passing new path to controller.
[controller_server-1] [INFO] [1783289353.394833592] [controller_server]: Passing new path to controller.
[bt_navigator-4] [INFO] [1783289353.746893783] [bt_navigator]: Received goal preemption request
[bt_navigator-4] [INFO] [1783289353.747361566] [bt_navigator]: Begin navigating from current location (7.24, 0.43) to (7.64, 2.93)
[controller_server-1] [INFO] [1783289354.444833497] [controller_server]: Passing new path to controller.
[controller_server-1] [INFO] [1783289355.444827139] [controller_server]: Passing new path to controller.
[controller_server-1] [INFO] [1783289356.494825910] [controller_server]: Passing new path to controller.
[controller_server-1] [INFO] [1783289357.544828826] [controller_server]: Passing new path to controller.
[controller_server-1] [WARN] [1783289357.636595673] [controller_server]: Control loop missed its desired rate of 20.0000Hz
[controller_server-1] [INFO] [1783289358.544849242] [controller_server]: Passing new path to controller.
[controller_server-1] [WARN] [1783289358.636438573] [controller_server]: Control loop missed its desired rate of 20.0000Hz
[controller_server-1] [INFO] [1783289359.594830667] [controller_server]: Passing new path to controller.
[controller_server-1] [WARN] [1783289359.646066764] [controller_server]: Control loop missed its desired rate of 20.0000Hz
[controller_server-1] [INFO] [1783289360.594827687] [controller_server]: Passing new path to controller.
[controller_server-1] [WARN] [1783289360.686864275] [controller_server]: Control loop missed its desired rate of 20.0000Hz
[controller_server-1] [INFO] [1783289361.644831270] [controller_server]: Passing new path to controller.
[controller_server-1] [INFO] [1783289362.694836586] [controller_server]: Passing new path to controller.
[controller_server-1] [INFO] [1783289363.694827833] [controller_server]: Passing new path to controller.
[controller_server-1] [INFO] [1783289364.744832339] [controller_server]: Passing new path to controller.
[controller_server-1] [INFO] [1783289365.744832486] [controller_server]: Passing new path to controller.
[bt_navigator-4] [INFO] [1783289365.816963049] [bt_navigator]: Received goal preemption request
[bt_navigator-4] [INFO] [1783289365.817336457] [bt_navigator]: Begin navigating from current location (7.75, 2.72) to (9.99, 6.63)
[controller_server-1] [INFO] [1783289366.794845996] [controller_server]: Passing new path to controller.
[controller_server-1] [WARN] [1783289366.876575492] [controller_server]: Control loop missed its desired rate of 20.0000Hz
[controller_server-1] [WARN] [1783289366.896925196] [controller_server]: Control loop missed its desired rate of 20.0000Hz
[controller_server-1] [WARN] [1783289367.085835690] [controller_server]: Control loop missed its desired rate of 20.0000Hz
[controller_server-1] [WARN] [1783289367.096052056] [controller_server]: Control loop missed its desired rate of 20.0000Hz
[controller_server-1] [WARN] [1783289367.285881443] [controller_server]: Control loop missed its desired rate of 20.0000Hz
[controller_server-1] [WARN] [1783289367.296108463] [controller_server]: Control loop missed its desired rate of 20.0000Hz
[controller_server-1] [WARN] [1783289367.485816062] [controller_server]: Control loop missed its desired rate of 20.0000Hz
[controller_server-1] [WARN] [1783289367.496053750] [controller_server]: Control loop missed its desired rate of 20.0000Hz
[controller_server-1] [WARN] [1783289367.685805637] [controller_server]: Control loop missed its desired rate of 20.0000Hz
[controller_server-1] [WARN] [1783289367.696054964] [controller_server]: Control loop missed its desired rate of 20.0000Hz
[controller_server-1] [WARN] [1783289367.885813439] [controller_server]: Control loop missed its desired rate of 20.0000Hz
[controller_server-1] [INFO] [1783289367.885852967] [controller_server]: Passing new path to controller.
[controller_server-1] [WARN] [1783289367.896437653] [controller_server]: Control loop missed its desired rate of 20.0000Hz
[controller_server-1] [WARN] [1783289368.085832855] [controller_server]: Control loop missed its desired rate of 20.0000Hz
[controller_server-1] [WARN] [1783289368.096083930] [controller_server]: Control loop missed its desired rate of 20.0000Hz
[controller_server-1] [WARN] [1783289368.285865873] [controller_server]: Control loop missed its desired rate of 20.0000Hz
[controller_server-1] [WARN] [1783289368.296124282] [controller_server]: Control loop missed its desired rate of 20.0000Hz
[controller_server-1] [WARN] [1783289368.485806238] [controller_server]: Control loop missed its desired rate of 20.0000Hz
[controller_server-1] [WARN] [1783289368.506107967] [controller_server]: Control loop missed its desired rate of 20.0000Hz
[controller_server-1] [WARN] [1783289368.685938229] [controller_server]: Control loop missed its desired rate of 20.0000Hz
[controller_server-1] [WARN] [1783289368.706330628] [controller_server]: Control loop missed its desired rate of 20.0000Hz
[controller_server-1] [WARN] [1783289368.896003298] [controller_server]: Control loop missed its desired rate of 20.0000Hz
[controller_server-1] [INFO] [1783289368.896086617] [controller_server]: Passing new path to controller.
[controller_server-1] [WARN] [1783289369.097982843] [controller_server]: Control loop missed its desired rate of 20.0000Hz
[controller_server-1] [WARN] [1783289369.297162953] [controller_server]: Control loop missed its desired rate of 20.0000Hz
[controller_server-1] [WARN] [1783289369.498812981] [controller_server]: Control loop missed its desired rate of 20.0000Hz
[controller_server-1] [WARN] [1783289369.698472429] [controller_server]: Control loop missed its desired rate of 20.0000Hz
[controller_server-1] [WARN] [1783289369.900016231] [controller_server]: Control loop missed its desired rate of 20.0000Hz
[controller_server-1] [INFO] [1783289369.900061713] [controller_server]: Passing new path to controller.
[controller_server-1] [WARN] [1783289370.099757664] [controller_server]: Control loop missed its desired rate of 20.0000Hz
[controller_server-1] [WARN] [1783289370.311356441] [controller_server]: Control loop missed its desired rate of 20.0000Hz
[controller_server-1] [ERROR] [1783289370.500901751] [transformPoseInTargetFrame]: Extrapolation Error looking up target frame: Lookup would require extrapolation into the future.  Requested time 616.625000 but the latest data is at time 616.620000, when looking up transform from frame [map] to frame [leo1/base_link]
[controller_server-1] 
[controller_server-1] [WARN] [1783289370.501540145] [controller_server]: Control loop missed its desired rate of 20.0000Hz
[controller_server-1] [INFO] [1783289370.908136006] [controller_server]: Passing new path to controller.
[controller_server-1] [WARN] [1783289371.110216642] [controller_server]: Control loop missed its desired rate of 20.0000Hz
[controller_server-1] [ERROR] [1783289371.302682031] [transformPoseInTargetFrame]: Extrapolation Error looking up target frame: Lookup would require extrapolation into the future.  Requested time 617.422000 but the latest data is at time 617.420000, when looking up transform from frame [map] to frame [leo1/base_link]
[controller_server-1] 
[controller_server-1] [WARN] [1783289371.303858427] [controller_server]: Control loop missed its desired rate of 20.0000Hz
[controller_server-1] [INFO] [1783289371.966081293] [controller_server]: Passing new path to controller.
[controller_server-1] [INFO] [1783289372.992672900] [controller_server]: Passing new path to controller.
[controller_server-1] [INFO] [1783289374.003937129] [controller_server]: Passing new path to controller.
[controller_server-1] [INFO] [1783289375.053941278] [controller_server]: Passing new path to controller.
[controller_server-1] [WARN] [1783289375.145885705] [controller_server]: Control loop missed its desired rate of 20.0000Hz
[controller_server-1] [INFO] [1783289376.053938684] [controller_server]: Passing new path to controller.
[controller_server-1] [WARN] [1783289376.155976562] [controller_server]: Control loop missed its desired rate of 20.0000Hz
[controller_server-1] [INFO] [1783289377.069204981] [controller_server]: Passing new path to controller.
[controller_server-1] [INFO] [1783289378.107026009] [controller_server]: Passing new path to controller.
[controller_server-1] [WARN] [1783289378.168665662] [controller_server]: Control loop missed its desired rate of 20.0000Hz
[controller_server-1] [INFO] [1783289379.157033989] [controller_server]: Passing new path to controller.
[controller_server-1] [INFO] [1783289380.157034920] [controller_server]: Passing new path to controller.
[controller_server-1] [INFO] [1783289381.207024329] [controller_server]: Passing new path to controller.
[bt_navigator-4] [INFO] [1783289381.967864608] [bt_navigator]: Received goal preemption request
[bt_navigator-4] [INFO] [1783289381.968295156] [bt_navigator]: Begin navigating from current location (9.37, 3.67) to (8.44, 6.98)
[controller_server-1] [INFO] [1783289382.257024328] [controller_server]: Passing new path to controller.
[controller_server-1] [INFO] [1783289383.257022014] [controller_server]: Passing new path to controller.
[controller_server-1] [INFO] [1783289384.307033399] [controller_server]: Passing new path to controller.
[controller_server-1] [WARN] [1783289384.388686938] [controller_server]: Control loop missed its desired rate of 20.0000Hz
[controller_server-1] [INFO] [1783289385.307047960] [controller_server]: Passing new path to controller.
[controller_server-1] [WARN] [1783289385.399217896] [controller_server]: Control loop missed its desired rate of 20.0000Hz
[controller_server-1] [INFO] [1783289386.357045791] [controller_server]: Passing new path to controller.
[controller_server-1] [INFO] [1783289387.407034497] [controller_server]: Passing new path to controller.
[controller_server-1] [INFO] [1783289388.407059362] [controller_server]: Passing new path to controller.
[controller_server-1] [INFO] [1783289389.457032221] [controller_server]: Passing new path to controller.
[controller_server-1] [INFO] [1783289390.457033087] [controller_server]: Passing new path to controller.
[controller_server-1] [INFO] [1783289391.507042505] [controller_server]: Passing new path to controller.
[controller_server-1] [INFO] [1783289392.557037169] [controller_server]: Passing new path to controller.
[controller_server-1] [WARN] [1783289392.638597150] [controller_server]: Control loop missed its desired rate of 20.0000Hz
[controller_server-1] [INFO] [1783289393.557046555] [controller_server]: Passing new path to controller.
[controller_server-1] [WARN] [1783289393.648605240] [controller_server]: Control loop missed its desired rate of 20.0000Hz
[controller_server-1] [INFO] [1783289394.607024248] [controller_server]: Passing new path to controller.
[controller_server-1] [INFO] [1783289395.607034891] [controller_server]: Passing new path to controller.
[controller_server-1] [INFO] [1783289396.657052363] [controller_server]: Passing new path to controller.
[controller_server-1] [INFO] [1783289397.707029583] [controller_server]: Passing new path to controller.
[controller_server-1] [INFO] [1783289398.407159920] [controller_server]: Reached the goal!
[bt_navigator-4] [INFO] [1783289398.438184801] [bt_navigator]: Goal succeeded
[bt_navigator-4] [INFO] [1783289410.133893204] [bt_navigator]: Begin navigating from current location (8.63, 6.82) to (1.16, 0.00)
[controller_server-1] [INFO] [1783289410.155731099] [controller_server]: Received a goal, begin computing control effort.
[controller_server-1] [WARN] [1783289410.376664823] [controller_server]: Control loop missed its desired rate of 20.0000Hz
[controller_server-1] [WARN] [1783289410.576648580] [controller_server]: Control loop missed its desired rate of 20.0000Hz
[controller_server-1] [WARN] [1783289410.776745356] [controller_server]: Control loop missed its desired rate of 20.0000Hz
[controller_server-1] [WARN] [1783289410.976683115] [controller_server]: Control loop missed its desired rate of 20.0000Hz
[controller_server-1] [WARN] [1783289411.186836111] [controller_server]: Control loop missed its desired rate of 20.0000Hz
[controller_server-1] [INFO] [1783289411.186880275] [controller_server]: Passing new path to controller.
[controller_server-1] [WARN] [1783289411.208017015] [controller_server]: Control loop missed its desired rate of 20.0000Hz
[controller_server-1] [WARN] [1783289411.376721374] [controller_server]: Control loop missed its desired rate of 20.0000Hz
[controller_server-1] [WARN] [1783289411.586797539] [controller_server]: Control loop missed its desired rate of 20.0000Hz
[controller_server-1] [WARN] [1783289411.797097699] [controller_server]: Control loop missed its desired rate of 20.0000Hz
[controller_server-1] [WARN] [1783289411.818495776] [controller_server]: Control loop missed its desired rate of 20.0000Hz
[controller_server-1] [WARN] [1783289411.996977994] [controller_server]: Control loop missed its desired rate of 20.0000Hz
[controller_server-1] [WARN] [1783289412.017961958] [controller_server]: Control loop missed its desired rate of 20.0000Hz
[controller_server-1] [WARN] [1783289412.187008212] [controller_server]: Control loop missed its desired rate of 20.0000Hz
[controller_server-1] [INFO] [1783289412.255919827] [controller_server]: Passing new path to controller.
[controller_server-1] [WARN] [1783289412.386777560] [controller_server]: Control loop missed its desired rate of 20.0000Hz
[controller_server-1] [WARN] [1783289412.586768052] [controller_server]: Control loop missed its desired rate of 20.0000Hz
[controller_server-1] [WARN] [1783289412.786764574] [controller_server]: Control loop missed its desired rate of 20.0000Hz
[controller_server-1] [WARN] [1783289412.996941242] [controller_server]: Control loop missed its desired rate of 20.0000Hz
[controller_server-1] [WARN] [1783289413.008006036] [controller_server]: Control loop missed its desired rate of 20.0000Hz
[controller_server-1] [WARN] [1783289413.207130156] [controller_server]: Control loop missed its desired rate of 20.0000Hz
[controller_server-1] [INFO] [1783289413.279911529] [controller_server]: Passing new path to controller.
[controller_server-1] [WARN] [1783289413.598170503] [controller_server]: Control loop missed its desired rate of 20.0000Hz
[controller_server-1] [WARN] [1783289413.609181304] [controller_server]: Control loop missed its desired rate of 20.0000Hz
[controller_server-1] [WARN] [1783289413.808534048] [controller_server]: Control loop missed its desired rate of 20.0000Hz
[controller_server-1] [WARN] [1783289414.199694595] [controller_server]: Control loop missed its desired rate of 20.0000Hz
[controller_server-1] [WARN] [1783289414.224378705] [controller_server]: Control loop missed its desired rate of 20.0000Hz
[controller_server-1] [INFO] [1783289414.308622714] [controller_server]: Passing new path to controller.
[controller_server-1] [WARN] [1783289414.400141489] [controller_server]: Control loop missed its desired rate of 20.0000Hz
[controller_server-1] [WARN] [1783289414.411219295] [controller_server]: Control loop missed its desired rate of 20.0000Hz
[controller_server-1] [WARN] [1783289414.599644848] [controller_server]: Control loop missed its desired rate of 20.0000Hz
[controller_server-1] [WARN] [1783289414.610963842] [controller_server]: Control loop missed its desired rate of 20.0000Hz
[controller_server-1] [WARN] [1783289414.799687225] [controller_server]: Control loop missed its desired rate of 20.0000Hz
[controller_server-1] [WARN] [1783289414.812210070] [controller_server]: Control loop missed its desired rate of 20.0000Hz
[controller_server-1] [WARN] [1783289414.999698988] [controller_server]: Control loop missed its desired rate of 20.0000Hz
[controller_server-1] [WARN] [1783289415.012091533] [controller_server]: Control loop missed its desired rate of 20.0000Hz
[controller_server-1] [WARN] [1783289415.209848638] [controller_server]: Control loop missed its desired rate of 20.0000Hz
[controller_server-1] [INFO] [1783289415.321244121] [controller_server]: Passing new path to controller.
[controller_server-1] [WARN] [1783289415.412727949] [controller_server]: Control loop missed its desired rate of 20.0000Hz
[controller_server-1] [WARN] [1783289415.611025047] [controller_server]: Control loop missed its desired rate of 20.0000Hz
[controller_server-1] [WARN] [1783289415.813373945] [controller_server]: Control loop missed its desired rate of 20.0000Hz
[controller_server-1] [WARN] [1783289416.012258243] [controller_server]: Control loop missed its desired rate of 20.0000Hz
[controller_server-1] [WARN] [1783289416.227641107] [controller_server]: Control loop missed its desired rate of 20.0000Hz
[controller_server-1] [INFO] [1783289416.362345903] [controller_server]: Passing new path to controller.
[controller_server-1] [WARN] [1783289416.423527662] [controller_server]: Control loop missed its desired rate of 20.0000Hz
[controller_server-1] [ERROR] [1783289416.613440659] [transformPoseInTargetFrame]: Extrapolation Error looking up target frame: Lookup would require extrapolation into the future.  Requested time 662.434000 but the latest data is at time 662.420000, when looking up transform from frame [map] to frame [leo1/base_link]
[controller_server-1] 
[controller_server-1] [WARN] [1783289416.614204967] [controller_server]: Control loop missed its desired rate of 20.0000Hz
[controller_server-1] [INFO] [1783289417.378910315] [controller_server]: Passing new path to controller.
[controller_server-1] [WARN] [1783289417.615449843] [controller_server]: Control loop missed its desired rate of 20.0000Hz
[controller_server-1] [WARN] [1783289417.820528995] [controller_server]: Control loop missed its desired rate of 20.0000Hz
[controller_server-1] [WARN] [1783289418.016647652] [controller_server]: Control loop missed its desired rate of 20.0000Hz
[controller_server-1] [WARN] [1783289418.230760013] [controller_server]: Control loop missed its desired rate of 20.0000Hz
[controller_server-1] [ERROR] [1783289418.417774795] [transformPoseInTargetFrame]: Extrapolation Error looking up target frame: Lookup would require extrapolation into the future.  Requested time 664.227000 but the latest data is at time 664.220000, when looking up transform from frame [map] to frame [leo1/base_link]
[controller_server-1] 
[controller_server-1] [WARN] [1783289418.418521555] [controller_server]: Control loop missed its desired rate of 20.0000Hz
[controller_server-1] [INFO] [1783289418.418539417] [controller_server]: Passing new path to controller.
[controller_server-1] [WARN] [1783289418.621222547] [controller_server]: Control loop missed its desired rate of 20.0000Hz
[controller_server-1] [WARN] [1783289418.819805910] [controller_server]: Control loop missed its desired rate of 20.0000Hz
[controller_server-1] [WARN] [1783289419.022487831] [controller_server]: Control loop missed its desired rate of 20.0000Hz
[controller_server-1] [ERROR] [1783289419.221048185] [transformPoseInTargetFrame]: Extrapolation Error looking up target frame: Lookup would require extrapolation into the future.  Requested time 665.025000 but the latest data is at time 665.020000, when looking up transform from frame [map] to frame [leo1/base_link]
[controller_server-1] 
[controller_server-1] [WARN] [1783289419.221787616] [controller_server]: Control loop missed its desired rate of 20.0000Hz
[controller_server-1] [INFO] [1783289419.425984441] [controller_server]: Passing new path to controller.
[controller_server-1] [WARN] [1783289419.638541924] [controller_server]: Control loop missed its desired rate of 20.0000Hz
[controller_server-1] [ERROR] [1783289419.822931471] [transformPoseInTargetFrame]: Extrapolation Error looking up target frame: Lookup would require extrapolation into the future.  Requested time 665.621000 but the latest data is at time 665.620000, when looking up transform from frame [map] to frame [leo1/base_link]
[controller_server-1] 
[controller_server-1] [WARN] [1783289419.823686479] [controller_server]: Control loop missed its desired rate of 20.0000Hz
[controller_server-1] [INFO] [1783289420.487311434] [controller_server]: Passing new path to controller.
[controller_server-1] [WARN] [1783289420.639112245] [controller_server]: Control loop missed its desired rate of 20.0000Hz
[controller_server-1] [WARN] [1783289420.875978637] [controller_server]: Control loop missed its desired rate of 20.0000Hz
[controller_server-1] [WARN] [1783289421.047605683] [controller_server]: Control loop missed its desired rate of 20.0000Hz
[controller_server-1] [WARN] [1783289421.256917027] [controller_server]: Control loop missed its desired rate of 20.0000Hz
[controller_server-1] [WARN] [1783289421.277232215] [controller_server]: Control loop missed its desired rate of 20.0000Hz
[controller_server-1] [WARN] [1783289421.446950242] [controller_server]: Control loop missed its desired rate of 20.0000Hz
[controller_server-1] [INFO] [1783289421.526048445] [controller_server]: Passing new path to controller.
[controller_server-1] [WARN] [1783289421.646902366] [controller_server]: Control loop missed its desired rate of 20.0000Hz
[controller_server-1] [WARN] [1783289421.877351838] [controller_server]: Control loop missed its desired rate of 20.0000Hz
[controller_server-1] [WARN] [1783289422.048886510] [controller_server]: Control loop missed its desired rate of 20.0000Hz
[controller_server-1] [WARN] [1783289422.268463958] [controller_server]: Control loop missed its desired rate of 20.0000Hz
[controller_server-1] [WARN] [1783289422.278706886] [controller_server]: Control loop missed its desired rate of 20.0000Hz
[controller_server-1] [WARN] [1783289422.458336904] [controller_server]: Control loop missed its desired rate of 20.0000Hz
[controller_server-1] [INFO] [1783289422.527433122] [controller_server]: Passing new path to controller.
[controller_server-1] [WARN] [1783289422.658372488] [controller_server]: Control loop missed its desired rate of 20.0000Hz
[controller_server-1] [WARN] [1783289422.858396741] [controller_server]: Control loop missed its desired rate of 20.0000Hz
[controller_server-1] [WARN] [1783289423.058346959] [controller_server]: Control loop missed its desired rate of 20.0000Hz
[controller_server-1] [INFO] [1783289423.577449869] [controller_server]: Passing new path to controller.
[controller_server-1] [WARN] [1783289423.659676703] [controller_server]: Control loop missed its desired rate of 20.0000Hz
[controller_server-1] [INFO] [1783289424.577458197] [controller_server]: Passing new path to controller.
[controller_server-1] [WARN] [1783289424.669697072] [controller_server]: Control loop missed its desired rate of 20.0000Hz
[controller_server-1] [INFO] [1783289425.627437142] [controller_server]: Passing new path to controller.
[controller_server-1] [INFO] [1783289426.677428050] [controller_server]: Passing new path to controller.
[controller_server-1] [INFO] [1783289427.677437361] [controller_server]: Passing new path to controller.
[controller_server-1] [INFO] [1783289428.727428598] [controller_server]: Passing new path to controller.
[controller_server-1] [INFO] [1783289429.727429065] [controller_server]: Passing new path to controller.
[controller_server-1] [INFO] [1783289430.777451996] [controller_server]: Passing new path to controller.
[controller_server-1] [INFO] [1783289431.827474898] [controller_server]: Passing new path to controller.
[controller_server-1] [ERROR] [1783289431.929876278] [transformPoseInTargetFrame]: Extrapolation Error looking up target frame: Lookup would require extrapolation into the future.  Requested time 677.662000 but the latest data is at time 677.640000, when looking up transform from frame [map] to frame [leo1/base_link]
[controller_server-1] 
[controller_server-1] [WARN] [1783289431.930757225] [controller_server]: Control loop missed its desired rate of 20.0000Hz
[controller_server-1] [INFO] [1783289432.847111815] [controller_server]: Passing new path to controller.
[controller_server-1] [INFO] [1783289433.880838943] [controller_server]: Passing new path to controller.
[controller_server-1] [WARN] [1783289433.932713571] [controller_server]: Control loop missed its desired rate of 20.0000Hz
[controller_server-1] [INFO] [1783289434.880845750] [controller_server]: Passing new path to controller.
[controller_server-1] [WARN] [1783289434.933107722] [controller_server]: Control loop missed its desired rate of 20.0000Hz
[controller_server-1] [INFO] [1783289435.930836161] [controller_server]: Passing new path to controller.
[controller_server-1] [INFO] [1783289436.933220452] [controller_server]: Passing new path to controller.
[controller_server-1] [INFO] [1783289437.983214036] [controller_server]: Passing new path to controller.
[controller_server-1] [INFO] [1783289439.033203977] [controller_server]: Passing new path to controller.
[controller_server-1] [INFO] [1783289440.033202502] [controller_server]: Passing new path to controller.
[controller_server-1] [INFO] [1783289441.083207257] [controller_server]: Passing new path to controller.
[controller_server-1] [WARN] [1783289441.186090594] [controller_server]: Control loop missed its desired rate of 20.0000Hz
[controller_server-1] [INFO] [1783289442.107113475] [controller_server]: Passing new path to controller.
[controller_server-1] [WARN] [1783289442.209918269] [controller_server]: Control loop missed its desired rate of 20.0000Hz
[controller_server-1] [INFO] [1783289443.136174658] [controller_server]: Passing new path to controller.
[controller_server-1] [WARN] [1783289443.218496236] [controller_server]: Control loop missed its desired rate of 20.0000Hz
[controller_server-1] [INFO] [1783289444.186176185] [controller_server]: Passing new path to controller.
[controller_server-1] [INFO] [1783289445.186187504] [controller_server]: Passing new path to controller.
[controller_server-1] [INFO] [1783289446.236168565] [controller_server]: Passing new path to controller.
[controller_server-1] [INFO] [1783289447.236181960] [controller_server]: Passing new path to controller.
[controller_server-1] [INFO] [1783289448.286174194] [controller_server]: Passing new path to controller.
[controller_server-1] [INFO] [1783289449.336168968] [controller_server]: Passing new path to controller.
[controller_server-1] [ERROR] [1783289449.437851877] [transformPoseInTargetFrame]: Extrapolation Error looking up target frame: Lookup would require extrapolation into the future.  Requested time 695.024000 but the latest data is at time 695.020000, when looking up transform from frame [map] to frame [leo1/base_link]
[controller_server-1] 
[controller_server-1] [WARN] [1783289449.438854581] [controller_server]: Control loop missed its desired rate of 20.0000Hz
[controller_server-1] [INFO] [1783289450.354971976] [controller_server]: Passing new path to controller.
[controller_server-1] [WARN] [1783289450.447125434] [controller_server]: Control loop missed its desired rate of 20.0000Hz
[planner_server-2] [INFO] [1783289451.284075530] [global_costmap.global_costmap]: StaticLayer: Resizing costmap to 481 X 322 at 0.050000 m/pix
[controller_server-1] [INFO] [1783289451.388934999] [controller_server]: Passing new path to controller.
[controller_server-1] [WARN] [1783289451.470899457] [controller_server]: Control loop missed its desired rate of 20.0000Hz
[planner_server-2] [INFO] [1783289452.284077932] [global_costmap.global_costmap]: StaticLayer: Resizing costmap to 481 X 322 at 0.050000 m/pix
[controller_server-1] [INFO] [1783289452.388940898] [controller_server]: Passing new path to controller.
[controller_server-1] [ERROR] [1783289452.490999258] [transformPoseInTargetFrame]: Extrapolation Error looking up target frame: Lookup would require extrapolation into the future.  Requested time 698.053000 but the latest data is at time 698.040000, when looking up transform from frame [map] to frame [leo1/base_link]
[controller_server-1] 
[controller_server-1] [WARN] [1783289452.491697473] [controller_server]: Control loop missed its desired rate of 20.0000Hz
[planner_server-2] [INFO] [1783289453.284095943] [global_costmap.global_costmap]: StaticLayer: Resizing costmap to 480 X 322 at 0.050000 m/pix
[controller_server-1] [INFO] [1783289453.456054309] [controller_server]: Passing new path to controller.
[controller_server-1] [INFO] [1783289454.441773744] [controller_server]: Passing new path to controller.
[controller_server-1] [WARN] [1783289454.493744034] [controller_server]: Control loop missed its desired rate of 20.0000Hz
[controller_server-1] [INFO] [1783289455.491782381] [controller_server]: Passing new path to controller.
[controller_server-1] [INFO] [1783289456.541797208] [controller_server]: Passing new path to controller.
[controller_server-1] [INFO] [1783289457.541779527] [controller_server]: Passing new path to controller.
[controller_server-1] [INFO] [1783289458.591780115] [controller_server]: Passing new path to controller.
[controller_server-1] [INFO] [1783289459.591771872] [controller_server]: Passing new path to controller.
[controller_server-1] [INFO] [1783289460.641782368] [controller_server]: Passing new path to controller.
[controller_server-1] [WARN] [1783289460.743917000] [controller_server]: Control loop missed its desired rate of 20.0000Hz
[controller_server-1] [INFO] [1783289461.658586076] [controller_server]: Passing new path to controller.
[controller_server-1] [ERROR] [1783289461.760287102] [transformPoseInTargetFrame]: Extrapolation Error looking up target frame: Lookup would require extrapolation into the future.  Requested time 707.235000 but the latest data is at time 707.220000, when looking up transform from frame [map] to frame [leo1/base_link]
[controller_server-1] 
[controller_server-1] [WARN] [1783289461.761167172] [controller_server]: Control loop missed its desired rate of 20.0000Hz
[planner_server-2] [INFO] [1783289462.284077170] [global_costmap.global_costmap]: StaticLayer: Resizing costmap to 480 X 322 at 0.050000 m/pix
[controller_server-1] [INFO] [1783289462.694012980] [controller_server]: Passing new path to controller.
[controller_server-1] [WARN] [1783289462.776134858] [controller_server]: Control loop missed its desired rate of 20.0000Hz
[planner_server-2] [INFO] [1783289463.284105579] [global_costmap.global_costmap]: StaticLayer: Resizing costmap to 480 X 322 at 0.050000 m/pix
[controller_server-1] [INFO] [1783289463.744001447] [controller_server]: Passing new path to controller.
[planner_server-2] [INFO] [1783289464.284080232] [global_costmap.global_costmap]: StaticLayer: Resizing costmap to 480 X 323 at 0.050000 m/pix
[controller_server-1] [INFO] [1783289464.744012168] [controller_server]: Passing new path to controller.
[controller_server-1] [WARN] [1783289464.795735894] [controller_server]: Control loop missed its desired rate of 20.0000Hz
[planner_server-2] [INFO] [1783289465.284081817] [global_costmap.global_costmap]: StaticLayer: Resizing costmap to 480 X 323 at 0.050000 m/pix
[controller_server-1] [INFO] [1783289465.793991127] [controller_server]: Passing new path to controller.
[planner_server-2] [INFO] [1783289466.289640565] [global_costmap.global_costmap]: StaticLayer: Resizing costmap to 480 X 323 at 0.050000 m/pix
[controller_server-1] [INFO] [1783289466.799571124] [controller_server]: Passing new path to controller.
[planner_server-2] [INFO] [1783289467.289663871] [global_costmap.global_costmap]: StaticLayer: Resizing costmap to 480 X 323 at 0.050000 m/pix
[controller_server-1] [INFO] [1783289467.849579851] [controller_server]: Passing new path to controller.
[planner_server-2] [INFO] [1783289468.289656417] [global_costmap.global_costmap]: StaticLayer: Resizing costmap to 480 X 323 at 0.050000 m/pix
[controller_server-1] [INFO] [1783289468.899581661] [controller_server]: Passing new path to controller.
[planner_server-2] [INFO] [1783289469.289667675] [global_costmap.global_costmap]: StaticLayer: Resizing costmap to 480 X 323 at 0.050000 m/pix
[controller_server-1] [INFO] [1783289469.899582630] [controller_server]: Passing new path to controller.
[controller_server-1] [INFO] [1783289470.949572372] [controller_server]: Passing new path to controller.
[planner_server-2] [INFO] [1783289471.289642071] [global_costmap.global_costmap]: StaticLayer: Resizing costmap to 480 X 323 at 0.050000 m/pix
[controller_server-1] [INFO] [1783289471.949574946] [controller_server]: Passing new path to controller.
[planner_server-2] [INFO] [1783289472.289680670] [global_costmap.global_costmap]: StaticLayer: Resizing costmap to 480 X 323 at 0.050000 m/pix
[controller_server-1] [INFO] [1783289472.999577682] [controller_server]: Passing new path to controller.
[controller_server-1] [ERROR] [1783289473.101245658] [transformPoseInTargetFrame]: Extrapolation Error looking up target frame: Lookup would require extrapolation into the future.  Requested time 718.429000 but the latest data is at time 718.420000, when looking up transform from frame [map] to frame [leo1/base_link]
[controller_server-1] 
[controller_server-1] [WARN] [1783289473.101594138] [controller_server]: Control loop missed its desired rate of 20.0000Hz
[controller_server-1] [INFO] [1783289474.008837107] [controller_server]: Passing new path to controller.
[controller_server-1] [WARN] [1783289474.110651771] [controller_server]: Control loop missed its desired rate of 20.0000Hz
[controller_server-1] [INFO] [1783289475.051683057] [controller_server]: Passing new path to controller.
[controller_server-1] [WARN] [1783289475.123347980] [controller_server]: Control loop missed its desired rate of 20.0000Hz
[controller_server-1] [INFO] [1783289476.101681576] [controller_server]: Passing new path to controller.
[controller_server-1] [INFO] [1783289477.101685541] [controller_server]: Passing new path to controller.
[controller_server-1] [INFO] [1783289478.151678730] [controller_server]: Passing new path to controller.
[controller_server-1] [INFO] [1783289479.201668030] [controller_server]: Passing new path to controller.
[controller_server-1] [INFO] [1783289480.201678087] [controller_server]: Passing new path to controller.
[controller_server-1] [INFO] [1783289481.251671447] [controller_server]: Passing new path to controller.
[controller_server-1] [INFO] [1783289482.001791240] [controller_server]: Reached the goal!
[bt_navigator-4] [INFO] [1783289482.032401229] [bt_navigator]: Goal succeeded
[planner_server-2] [INFO] [1783289482.893889146] [global_costmap.global_costmap]: Message Filter dropping message: frame 'leo1/sensor_lidar_link' at time 727.800 for reason 'the timestamp on the message is earlier than all the data in the transform cache'
[planner_server-2] [INFO] [1783289483.086411346] [global_costmap.global_costmap]: Message Filter dropping message: frame 'leo1/sensor_camera_link' at time 728.000 for reason 'the timestamp on the message is earlier than all the data in the transform cache'
[planner_server-2] [INFO] [1783289485.516285694] [global_costmap.global_costmap]: Message Filter dropping message: frame 'leo1/sensor_lidar_link' at time 730.400 for reason 'the timestamp on the message is earlier than all the data in the transform cache'
[planner_server-2] [INFO] [1783289485.711004817] [global_costmap.global_costmap]: Message Filter dropping message: frame 'leo1/sensor_camera_link' at time 730.600 for reason 'the timestamp on the message is earlier than all the data in the transform cache'
[planner_server-2] [INFO] [1783289488.137519725] [global_costmap.global_costmap]: Message Filter dropping message: frame 'leo1/sensor_lidar_link' at time 733.000 for reason 'the timestamp on the message is earlier than all the data in the transform cache'
[planner_server-2] [INFO] [1783289488.336835843] [global_costmap.global_costmap]: Message Filter dropping message: frame 'leo1/sensor_camera_link' at time 733.200 for reason 'the timestamp on the message is earlier than all the data in the transform cache'
