t,gt_x,gt_y,gt_yaw,odom_x,odom_y,odom_yaw,slam_x,slam_y,slam_yaw
64.50,-0.0000,0.0000,0.0000,0.0000,0.0000,-0.1016,,,
65.00,-0.0000,0.0000,0.0000,0.0000,0.0000,-0.1026,0.0000,0.0000,-0.1026
65.50,-0.0000,0.0000,0.0000,0.0000,0.0000,-0.1042,0.0000,0.0000,-0.1042
66.00,-0.0000,0.0000,0.0000,0.0000,0.0000,-0.1054,0.0000,0.0000,-0.1054
66.50,-0.0000,0.0000,0.0000,0.0000,0.0000,-0.1071,0.0000,0.0000,-0.1071
67.00,-0.0000,0.0000,0.0000,0.0000,0.0000,-0.1083,0.0000,0.0000,-0.1083
67.50,-0.0000,0.0000,0.0000,0.0000,0.0000,-0.1093,0.0000,0.0000,-0.1093
68.00,-0.0000,0.0000,0.0000,0.0000,0.0000,-0.1103,0.0000,0.0000,-0.1103
68.50,-0.0000,0.0000,0.0000,0.0000,0.0000,-0.1115,0.0000,0.0000,-0.1115
69.00,-0.0000,0.0000,0.0000,0.0000,0.0000,-0.1126,0.0000,0.0000,-0.1126
69.50,-0.0000,0.0000,0.0000,0.0000,0.0000,-0.1137,0.0000,0.0000,-0.1137
70.00,-0.0000,0.0000,0.0000,0.0000,0.0000,-0.1152,0.0000,0.0000,-0.1152
70.50,-0.0000,0.0000,0.0000,0.0000,0.0000,-0.1161,0.0000,0.0000,-0.1161
71.00,-0.0000,0.0000,0.0000,0.0000,0.0000,-0.1169,0.0000,0.0000,-0.1169
71.50,-0.0000,0.0000,0.0000,0.0000,0.0000,-0.1176,0.0000,0.0000,-0.1176
72.00,-0.0000,0.0000,0.0000,0.0000,0.0000,-0.1185,0.0000,0.0000,-0.1185
72.50,-0.0000,0.0000,0.0000,0.0000,0.0000,-0.1193,0.0000,0.0000,-0.1193
73.00,0.0046,-0.0000,-0.0000,0.0031,-0.0004,-0.1206,0.0031,-0.0004,-0.1206
73.50,0.0646,-0.0000,-0.0000,0.0638,-0.0078,-0.1216,0.0638,-0.0078,-0.1216
74.00,0.1246,-0.0000,-0.0000,0.1260,-0.0154,-0.1225,0.0851,0.0023,-0.0248
74.50,0.1846,-0.0000,-0.0000,0.1839,-0.0225,-0.1237,0.0934,0.0008,-0.0260
75.00,0.2446,-0.0000,-0.0000,0.2456,-0.0303,-0.1253,0.0816,-0.0013,-0.0241
75.50,0.3046,-0.0000,-0.0000,0.3033,-0.0376,-0.1259,0.1337,-0.0027,-0.0247
76.00,0.3646,-0.0000,-0.0000,0.3627,-0.0451,-0.1269,0.1736,-0.0042,-0.0257
76.50,0.4246,-0.0000,-0.0000,0.4264,-0.0533,-0.1285,0.2378,-0.0059,-0.0273
77.00,0.4846,-0.0000,-0.0000,0.4880,-0.0613,-0.1300,0.2398,-0.0076,-0.0288
77.50,0.5446,-0.0000,-0.0000,0.5495,-0.0693,-0.1309,0.2619,-0.0094,-0.0297
78.00,0.6046,-0.0000,-0.0000,0.6076,-0.0770,-0.1320,0.2904,-0.0012,-0.0308
78.50,0.6646,-0.0000,-0.0000,0.6654,-0.0847,-0.1333,0.3487,-0.0030,-0.0321
79.00,0.7246,-0.0000,-0.0000,0.7268,-0.0930,-0.1341,0.3807,-0.0054,-0.0294
79.50,0.7846,-0.0000,-0.0000,0.7873,-0.1012,-0.1353,0.4317,-0.0073,-0.0306
80.00,0.8446,-0.0000,-0.0000,0.8493,-0.1097,-0.1362,0.4943,-0.0092,-0.0315
80.50,0.9046,-0.0000,-0.0000,0.9056,-0.1174,-0.1369,0.5310,-0.0115,-0.0287
81.00,0.9646,-0.0000,-0.0000,0.9660,-0.1258,-0.1384,0.5920,-0.0133,-0.0302
81.50,1.0246,-0.0000,-0.0000,1.0266,-0.1342,-0.1397,0.6531,-0.0152,-0.0315
82.00,1.0846,-0.0000,-0.0000,1.0902,-0.1432,-0.1408,0.7073,-0.0177,-0.0291
82.50,1.1446,-0.0000,-0.0000,1.1535,-0.1522,-0.1416,0.7612,-0.0196,-0.0299
83.00,1.2046,-0.0000,-0.0000,1.2126,-0.1606,-0.1426,0.8108,-0.0214,-0.0310
83.50,1.2252,-0.0000,-0.0000,1.2360,-0.1640,-0.1436,0.8245,-0.0221,-0.0319
84.00,1.2252,-0.0000,-0.0000,1.2360,-0.1640,-0.1443,0.8245,-0.0221,-0.0326
84.50,1.2252,-0.0000,-0.0000,1.2360,-0.1640,-0.1450,0.8245,-0.0221,-0.0334
85.00,1.2252,-0.0000,-0.0000,1.2360,-0.1640,-0.1461,0.8245,-0.0221,-0.0344
85.50,1.2252,-0.0000,-0.0000,1.2360,-0.1640,-0.1471,0.8245,-0.0221,-0.0354
86.00,1.2252,-0.0000,-0.0000,1.2360,-0.1640,-0.1486,0.8245,-0.0221,-0.0369
86.50,1.2252,-0.0000,-0.0000,1.2360,-0.1640,-0.1492,0.8245,-0.0221,-0.0375
87.00,1.2252,-0.0000,-0.0000,1.2360,-0.1640,-0.1502,0.8245,-0.0221,-0.0385
87.50,1.2252,-0.0000,-0.0000,1.2360,-0.1640,-0.1511,0.8245,-0.0221,-0.0394
88.00,1.2252,-0.0000,-0.0000,1.2360,-0.1640,-0.1530,0.8245,-0.0221,-0.0413
88.50,1.2252,-0.0000,-0.0000,1.2360,-0.1640,-0.1540,0.8245,-0.0221,-0.0424
89.00,1.2252,-0.0000,-0.0000,1.2360,-0.1640,-0.1547,0.8245,-0.0221,-0.0430
89.50,1.2252,-0.0000,-0.0000,1.2360,-0.1640,-0.1563,0.8245,-0.0221,-0.0446
90.00,1.2252,-0.0000,-0.0000,1.2360,-0.1640,-0.1575,0.8245,-0.0221,-0.0458
90.50,1.2252,-0.0000,-0.0000,1.2360,-0.1640,-0.1587,0.8245,-0.0221,-0.0470
91.00,1.2252,-0.0000,-0.0000,1.2360,-0.1640,-0.1599,0.8245,-0.0221,-0.0482
91.50,1.2252,-0.0000,-0.0000,1.2360,-0.1640,-0.1612,0.8245,-0.0221,-0.0495
92.00,1.2252,-0.0000,-0.0000,1.2360,-0.1640,-0.1622,0.8245,-0.0221,-0.0505
92.50,1.2252,-0.0000,-0.0000,1.2360,-0.1640,-0.1630,0.8245,-0.0221,-0.0513
93.00,1.2214,-0.0000,-0.0000,1.2337,-0.1636,-0.1640,0.8222,-0.0220,-0.0524
93.50,1.2014,-0.0000,-0.0000,1.2152,-0.1605,-0.1656,0.8034,-0.0210,-0.0539
94.00,1.1814,-0.0000,-0.0000,1.1933,-0.1569,-0.1665,0.7813,-0.0198,-0.0548
94.50,1.1614,-0.0000,-0.0000,1.1721,-0.1533,-0.1677,0.7598,-0.0186,-0.0560
95.00,1.1414,-0.0000,-0.0000,1.1550,-0.1504,-0.1685,0.7425,-0.0176,-0.0568
95.50,1.1214,-0.0000,-0.0000,1.1372,-0.1474,-0.1696,0.7245,-0.0166,-0.0579
96.00,1.1014,-0.0000,-0.0000,1.1189,-0.1442,-0.1706,0.7256,-0.0215,-0.0310
96.50,1.0814,-0.0000,-0.0000,1.0959,-0.1402,-0.1723,0.7023,-0.0208,-0.0327
97.00,1.0614,-0.0000,-0.0000,1.0735,-0.1363,-0.1733,0.6797,-0.0200,-0.0337
97.50,1.0414,-0.0000,-0.0000,1.0525,-0.1326,-0.1745,0.6583,-0.0193,-0.0349
98.00,1.0214,-0.0000,-0.0000,1.0328,-0.1292,-0.1755,0.6383,-0.0186,-0.0359
98.50,1.0014,-0.0000,-0.0000,1.0141,-0.1258,-0.1777,0.6193,-0.0194,-0.0311
99.00,0.9814,-0.0000,-0.0000,0.9948,-0.1224,-0.1783,0.5997,-0.0188,-0.0317
99.50,0.9692,-0.0000,-0.0000,0.9817,-0.1200,-0.1800,0.5863,-0.0184,-0.0335
100.00,0.9692,-0.0000,-0.0000,0.9817,-0.1200,-0.1814,0.5863,-0.0184,-0.0348
100.50,0.9692,-0.0000,-0.0000,0.9817,-0.1200,-0.1824,0.5863,-0.0184,-0.0358
101.00,0.9692,-0.0000,-0.0000,0.9817,-0.1200,-0.1836,0.5863,-0.0184,-0.0370
101.50,0.9692,-0.0000,-0.0000,0.9817,-0.1200,-0.1856,0.5863,-0.0184,-0.0391
102.00,0.9692,0.0004,0.0122,0.9814,-0.1199,-0.1763,0.5861,-0.0184,-0.0297
102.50,0.9692,0.0072,0.1719,0.9884,-0.1206,-0.0192,0.5931,-0.0180,0.1274
103.00,0.9694,0.0228,0.3926,1.0031,-0.1190,0.2027,0.6074,-0.0143,0.3493
103.50,0.9696,0.0369,0.5793,1.0162,-0.1152,0.3909,0.6198,-0.0086,0.5375
104.00,0.9697,0.0397,0.6565,1.0192,-0.1138,0.4681,0.6225,-0.0068,0.6147
104.50,0.9697,0.0397,0.6572,1.0192,-0.1138,0.4660,0.6226,-0.0067,0.6126
105.00,0.9668,0.0374,0.6572,1.0160,-0.1153,0.4648,0.6197,-0.0088,0.6114
105.50,0.9509,0.0252,0.6572,0.9979,-0.1244,0.4637,0.6031,-0.0204,0.6103
106.00,0.9351,0.0130,0.6572,0.9784,-0.1341,0.4625,0.5852,-0.0328,0.6091
106.50,0.9192,0.0007,0.6572,0.9585,-0.1441,0.4608,0.5669,-0.0456,0.6074
107.00,0.9034,-0.0115,0.6572,0.9410,-0.1527,0.4596,0.5535,-0.0304,0.6271
107.50,0.8876,-0.0237,0.6572,0.9211,-0.1626,0.4585,0.5355,-0.0434,0.6260
108.00,0.8717,-0.0359,0.6572,0.9057,-0.1702,0.4575,0.5216,-0.0535,0.6250
108.50,0.8559,-0.0481,0.6572,0.8864,-0.1796,0.4555,0.5042,-0.0660,0.6230
109.00,0.8401,-0.0603,0.6572,0.8679,-0.1887,0.4542,0.4874,-0.0780,0.6217
109.50,0.8242,-0.0726,0.6572,0.8505,-0.1972,0.4534,0.4326,-0.0806,0.6279
110.00,0.8084,-0.0848,0.6572,0.8308,-0.2068,0.4522,0.4148,-0.0935,0.6267
110.50,0.7926,-0.0970,0.6572,0.8122,-0.2158,0.4517,0.3981,-0.1055,0.6262
111.00,0.7767,-0.1092,0.6572,0.7919,-0.2256,0.4505,0.3798,-0.1188,0.6250
111.50,0.7734,-0.1117,0.6614,0.7875,-0.2277,0.4527,0.3767,-0.1227,0.6342
112.00,0.7735,-0.1113,0.6948,0.7880,-0.2275,0.4857,0.3772,-0.1224,0.6671
112.50,0.7735,-0.1112,0.7273,0.7882,-0.2274,0.5166,0.3773,-0.1223,0.6981
113.00,0.7733,-0.1112,0.7562,0.7880,-0.2275,0.5447,0.3771,-0.1225,0.7262
113.50,0.7733,-0.1112,0.7562,0.7880,-0.2275,0.5426,0.3771,-0.1225,0.7241
114.00,0.7733,-0.1112,0.7562,0.7880,-0.2275,0.5417,0.3771,-0.1225,0.7232
114.50,0.7733,-0.1112,0.7562,0.7880,-0.2275,0.5406,0.3771,-0.1225,0.7221
115.00,0.7733,-0.1112,0.7562,0.7880,-0.2275,0.5402,0.3771,-0.1225,0.7217
115.50,0.7733,-0.1112,0.7562,0.7880,-0.2275,0.5389,0.3771,-0.1225,0.7204
116.00,0.7733,-0.1112,0.7562,0.7880,-0.2275,0.5380,0.3771,-0.1225,0.7195
116.50,0.7732,-0.1113,0.7603,0.7879,-0.2275,0.5398,0.3771,-0.1225,0.7213
117.00,0.7732,-0.1113,0.7944,0.7878,-0.2276,0.5736,0.3770,-0.1226,0.7551
117.50,0.7732,-0.1117,0.8280,0.7875,-0.2278,0.6062,0.3767,-0.1228,0.7877
118.00,0.7733,-0.1119,0.8606,0.7874,-0.2279,0.6380,0.3766,-0.1230,0.8195
118.50,0.7730,-0.1120,0.8936,0.7873,-0.2280,0.6696,0.3765,-0.1230,0.8511
119.00,0.7723,-0.1120,0.9274,0.7867,-0.2284,0.7024,0.3760,-0.1236,0.8839
119.50,0.7711,-0.1121,0.9621,0.7862,-0.2289,0.7364,0.3756,-0.1242,0.9179
120.00,0.7695,-0.1121,0.9978,0.7851,-0.2299,0.7714,0.3747,-0.1253,0.9528
120.50,0.7674,-0.1122,1.0344,0.7842,-0.2308,0.8069,0.3740,-0.1264,0.9884
121.00,0.7649,-0.1122,1.0719,0.7828,-0.2324,0.8434,0.3729,-0.1282,1.0249
121.50,0.7619,-0.1123,1.1105,0.7802,-0.2354,0.8812,0.3709,-0.1316,1.0627
122.00,0.7584,-0.1123,1.1502,0.7778,-0.2384,0.9199,0.3691,-0.1350,1.1014
122.50,0.7545,-0.1124,1.1909,0.7755,-0.2416,0.9591,0.3674,-0.1385,1.1406
123.00,0.7500,-0.1124,1.2328,0.7735,-0.2445,1.0001,0.3660,-0.1418,1.1816
123.50,0.7451,-0.1124,1.2760,0.7708,-0.2489,1.0420,0.3641,-0.1466,1.2235
124.00,0.7403,-0.1125,1.3148,0.7686,-0.2529,1.0808,0.3626,-0.1509,1.2622
124.50,0.7403,-0.1125,1.3148,0.7686,-0.2529,1.0775,0.3626,-0.1509,1.2590
125.00,0.7403,-0.1125,1.3148,0.7686,-0.2529,1.0763,0.3626,-0.1509,1.2578
125.50,0.7403,-0.1125,1.3148,0.7686,-0.2529,1.0746,0.3626,-0.1509,1.2561
126.00,0.7403,-0.1125,1.3148,0.7686,-0.2529,1.0738,0.3626,-0.1509,1.2553
126.50,0.7400,-0.1125,1.3252,0.7685,-0.2531,1.0809,0.3626,-0.1511,1.2624
127.00,0.7332,-0.1126,1.4775,0.7666,-0.2573,1.2312,0.3614,-0.1556,1.4127
127.50,0.7180,-0.1125,1.7338,0.7666,-0.2529,1.4883,0.3607,-0.1512,1.6698
128.00,0.6969,-0.1124,1.9408,0.7661,-0.2311,1.6970,0.3562,-0.1300,1.8784
128.50,0.6900,-0.1123,2.0124,0.7649,-0.2240,1.7662,0.3538,-0.1232,1.9476
129.00,0.6868,-0.1123,2.0515,0.7642,-0.2210,1.8042,0.3526,-0.1203,1.9857
129.50,0.6840,-0.1122,2.0896,0.7635,-0.2181,1.8417,0.3513,-0.1176,2.0232
130.00,0.6817,-0.1122,2.1266,0.7628,-0.2158,1.8776,0.3502,-0.1155,2.0591
130.50,0.6799,-0.1121,2.1627,0.7621,-0.2139,1.9128,0.3492,-0.1137,2.0943
131.00,0.6785,-0.1121,2.1979,0.7618,-0.2129,1.9473,0.3487,-0.1128,2.1287
131.50,0.6776,-0.1120,2.2321,0.7613,-0.2119,1.9809,0.3481,-0.1119,2.1624
132.00,0.6771,-0.1120,2.2655,0.7611,-0.2112,2.0130,0.3477,-0.1113,2.1945
132.50,0.6770,-0.1119,2.2981,0.7610,-0.2111,2.0440,0.3476,-0.1112,2.2255
133.00,0.6771,-0.1122,2.3311,0.7611,-0.2114,2.0756,0.3478,-0.1114,2.2571
133.50,0.6772,-0.1123,2.3652,0.7613,-0.2116,2.1089,0.3480,-0.1116,2.2903
134.00,0.6776,-0.1122,2.3988,0.7615,-0.2120,2.1417,0.3483,-0.1119,2.3232
134.50,0.6778,-0.1122,2.4314,0.7615,-0.2120,2.1726,0.3483,-0.1119,2.3541
135.00,0.6778,-0.1124,2.4644,0.7617,-0.2123,2.2045,0.3485,-0.1122,2.3859
135.50,0.6779,-0.1132,2.4982,0.7622,-0.2129,2.2374,0.3491,-0.1127,2.4189
136.00,0.6779,-0.1143,2.5329,0.7629,-0.2138,2.2707,0.3500,-0.1135,2.4522
136.50,0.6780,-0.1159,2.5686,0.7644,-0.2155,2.3057,0.3517,-0.1148,2.4871
137.00,0.6780,-0.1180,2.6052,0.7653,-0.2164,2.3411,0.3528,-0.1156,2.5225
137.50,0.6781,-0.1205,2.6427,0.7670,-0.2181,2.3771,0.3547,-0.1169,2.5586
138.00,0.6781,-0.1235,2.6813,0.7686,-0.2196,2.4144,0.3566,-0.1181,2.5959
138.50,0.6782,-0.1270,2.7210,0.7724,-0.2228,2.4530,0.3609,-0.1207,2.6345
139.00,0.6782,-0.1310,2.7617,0.7759,-0.2256,2.4927,0.3649,-0.1227,2.6741
139.50,0.6783,-0.1354,2.8036,0.7790,-0.2278,2.5335,0.3683,-0.1244,2.7149
140.00,0.6783,-0.1404,2.8468,0.7834,-0.2307,2.5751,0.3731,-0.1264,2.7565
140.50,0.6783,-0.1458,2.8912,0.7879,-0.2334,2.6187,0.3781,-0.1283,2.8002
141.00,0.6783,-0.1517,2.9371,0.7914,-0.2354,2.6630,0.3819,-0.1296,2.8445
141.50,0.6723,-0.1582,3.0016,0.7876,-0.2336,2.7261,0.3778,-0.1285,2.9076
142.00,0.6173,-0.1723,-3.1047,0.7313,-0.2154,2.9073,0.3192,-0.1207,3.0888
142.50,0.5891,-0.1800,-3.0632,0.6992,-0.2088,2.9489,0.2070,-0.1804,-3.0900
143.00,0.5872,-0.1804,-3.0578,0.6972,-0.2083,2.9529,0.2249,-0.1911,-3.0895
143.50,0.5404,-0.1882,-3.0181,0.6528,-0.2011,2.9951,0.1801,-0.1947,-3.0473
144.00,0.4325,-0.1996,-3.0344,0.5414,-0.1839,2.9779,0.0679,-0.2043,-3.0610
144.50,0.3030,-0.2057,-3.0741,0.4106,-0.1596,2.9362,-0.0540,-0.2121,-3.1026
145.00,0.1732,-0.2102,-3.0850,0.2759,-0.1297,2.9244,-0.2030,-0.2057,-3.1145
145.50,0.0435,-0.2215,-3.0650,0.1506,-0.1037,2.9450,-0.3389,-0.2067,-3.0921
146.00,-0.0862,-0.2279,-3.1003,0.0183,-0.0760,2.9083,-0.4348,-0.2220,-3.1271
146.50,-0.2162,-0.2277,-3.1316,-0.1146,-0.0407,2.8727,-0.5845,-0.2109,3.1234
147.00,-0.3461,-0.2346,-3.0933,-0.2325,-0.0111,2.9125,-0.6870,-0.2099,-3.1194
147.50,-0.4759,-0.2411,-3.0987,-0.3613,0.0187,2.9070,-0.8328,-0.2196,-3.1237
148.00,-0.6059,-0.2413,-3.1293,-0.4888,0.0520,2.8729,-0.9491,-0.2192,3.1259
148.50,-0.7359,-0.2438,-3.1241,-0.6113,0.0856,2.8769,-1.1061,-0.2174,3.1300
149.00,-0.8658,-0.2479,-3.1160,-0.7326,0.1180,2.8838,-1.2216,-0.2162,3.1403
149.50,-0.9958,-0.2517,-3.1140,-0.8622,0.1521,2.8845,-1.3656,-0.2161,3.1410
150.00,-1.1257,-0.2555,-3.1132,-0.9955,0.1871,2.8843,-1.4934,-0.2159,-3.1388
150.50,-1.2557,-0.2587,-3.1153,-1.1214,0.2204,2.8812,-1.5737,-0.2161,3.1412
151.00,-1.3857,-0.2621,-3.1158,-1.2524,0.2554,2.8797,-1.7092,-0.2158,-3.1400
151.50,-1.5156,-0.2654,-3.1159,-1.3846,0.2909,2.8788,-1.8176,-0.2160,-3.1409
152.00,-1.6456,-0.2690,-3.1143,-1.5103,0.3247,2.8788,-1.9363,-0.2160,-3.1409
152.50,-1.7755,-0.2728,-3.1133,-1.6377,0.3589,2.8789,-2.0582,-0.2162,-3.1408
153.00,-1.9055,-0.2767,-3.1121,-1.7644,0.3931,2.8788,-2.1695,-0.2162,-3.1409
153.50,-2.0354,-0.2808,-3.1115,-1.8894,0.4266,2.8786,-2.2889,-0.2164,-3.1411
154.00,-2.1653,-0.2849,-3.1102,-2.0159,0.4607,2.8788,-2.3999,-0.2164,-3.1409
154.50,-2.2953,-0.2892,-3.1097,-2.1499,0.4967,2.8781,-2.5386,-0.2166,-3.1416
155.00,-2.4252,-0.2936,-3.1083,-2.2815,0.5322,2.8787,-2.6350,-0.2166,-3.1410
155.50,-2.5551,-0.2982,-3.1074,-2.4125,0.5674,2.8783,-2.7606,-0.2167,-3.1414
156.00,-2.6851,-0.3029,-3.1057,-2.5393,0.6017,2.8785,-2.8619,-0.2166,-3.1412
156.50,-2.8150,-0.3080,-3.1044,-2.6684,0.6363,2.8788,-2.9771,-0.2168,-3.1409
157.00,-2.9449,-0.3131,-3.1026,-2.8019,0.6722,2.8795,-3.0939,-0.2169,-3.1402
157.50,-3.0748,-0.3188,-3.1007,-2.9279,0.7058,2.8805,-3.2042,-0.2173,-3.1392
158.00,-3.2047,-0.3239,-3.1008,-3.0544,0.7398,2.8790,-3.3253,-0.2171,-3.1372
158.50,-3.3345,-0.3296,-3.1005,-3.1803,0.7735,2.8788,-3.4455,-0.2178,-3.1374
159.00,-3.4644,-0.3345,-3.1014,-3.3064,0.8078,2.8761,-3.5663,-0.2176,-3.1366
159.50,-3.5943,-0.3411,-3.0953,-3.4381,0.8432,2.8822,-3.6942,-0.2187,-3.1305
160.00,-3.7242,-0.3467,-3.0965,-3.5628,0.8768,2.8782,-3.8217,-0.2196,-3.1345
160.50,-3.8540,-0.3556,-3.0795,-3.6903,0.9104,2.8921,-3.9536,-0.2210,-3.1176
161.00,-3.9835,-0.3704,-3.0378,-3.8191,0.9397,2.9354,-4.0955,-0.2276,-3.0739
161.50,-4.1127,-0.3859,-3.0288,-3.9488,0.9663,2.9433,-4.2191,-0.2370,-3.0653
162.00,-4.2421,-0.3959,-3.0612,-4.0782,0.9945,2.9093,-4.3398,-0.2546,-3.0965
162.50,-4.3719,-0.4002,-3.0964,-4.2063,1.0281,2.8672,-4.4738,-0.2473,-3.1386
163.00,-4.5018,-0.4058,-3.0924,-4.3265,1.0622,2.8699,-4.5872,-0.2471,-3.1324
163.50,-4.6314,-0.4192,-3.0288,-4.4509,1.0933,2.9329,-4.7253,-0.2516,-3.0659
164.00,-4.7597,-0.4417,-2.9176,-4.5810,1.1146,3.0417,-4.8661,-0.2675,-2.9536
164.50,-4.8845,-0.4733,-2.8200,-4.7132,1.1202,3.1379,-4.9845,-0.3094,-2.8539
165.00,-5.0076,-0.5139,-2.8127,-4.8441,1.1201,-3.1399,-5.1098,-0.3373,-2.8520
165.50,-5.1299,-0.5619,-2.7717,-4.9763,1.1174,-3.1000,-5.2360,-0.3770,-2.8056
166.00,-5.2506,-0.6119,-2.7542,-5.1004,1.1110,-3.0841,-5.3427,-0.4195,-2.7927
166.50,-5.3700,-0.6662,-2.7122,-5.2374,1.1006,-3.0439,-5.4795,-0.4788,-2.7490
167.00,-5.4855,-0.7283,-2.6015,-5.3735,1.0806,-2.9349,-5.6053,-0.5376,-2.6400
167.50,-5.5913,-0.8011,-2.4366,-5.5058,1.0415,-2.7686,-5.7087,-0.6052,-2.4731
168.00,-5.6732,-0.8823,-2.2508,-5.6111,0.9906,-2.5858,-5.7761,-0.6830,-2.2874
168.50,-5.7436,-0.9826,-2.0355,-5.7121,0.9135,-2.3726,-5.8603,-0.7860,-2.0672
169.00,-5.8063,-1.0857,-1.7575,-5.7897,0.8151,-2.0966,-5.9148,-0.8947,-1.7918
169.50,-5.8541,-1.2032,-1.4460,-5.8366,0.6942,-1.7847,-5.9536,-1.0125,-1.4758
170.00,-5.8509,-1.3294,-1.2408,-5.8504,0.5674,-1.5841,-5.9767,-1.1274,-1.2752
170.50,-5.8186,-1.4298,-1.1532,-5.8458,0.4638,-1.4940,-5.9523,-1.2248,-1.1851
171.00,-5.7912,-1.4976,-1.2197,-5.8417,0.3895,-1.5618,-5.9358,-1.3043,-1.2530
171.50,-5.7738,-1.5943,-1.4432,-5.8519,0.2949,-1.7908,-5.9172,-1.3977,-1.4785
172.00,-5.7660,-1.7240,-1.5916,-5.8909,0.1713,-1.9414,-5.9265,-1.5274,-1.6255
172.50,-5.7684,-1.8318,-1.6380,-5.9346,0.0652,-1.9895,-5.9254,-1.6417,-1.6701
173.00,-5.7768,-1.8771,-1.6870,-5.9569,0.0179,-2.0411,-5.9317,-1.6837,-1.7218
173.50,-5.7836,-1.8790,-1.7355,-5.9606,0.0109,-2.0917,-5.9331,-1.6915,-1.7724
174.00,-5.7899,-1.8790,-1.7826,-5.9641,0.0050,-2.1393,-5.9345,-1.6982,-1.8200
174.50,-5.7957,-1.8791,-1.8282,-5.9682,-0.0011,-2.1861,-5.9365,-1.7053,-1.8668
175.00,-5.8011,-1.8791,-1.8725,-5.9718,-0.0061,-2.2313,-5.9384,-1.7111,-1.9120
175.50,-5.8060,-1.8791,-1.9154,-5.9749,-0.0099,-2.2755,-5.9401,-1.7158,-1.9562
176.00,-5.8103,-1.8792,-1.9572,-5.9773,-0.0126,-2.3182,-5.9415,-1.7191,-1.9989
176.50,-5.8142,-1.8792,-1.9977,-5.9800,-0.0154,-2.3601,-5.9432,-1.7226,-2.0408
177.00,-5.8176,-1.8793,-2.0372,-5.9823,-0.0176,-2.4013,-5.9665,-1.6845,-2.0715
177.50,-5.8206,-1.8793,-2.0757,-5.9845,-0.0195,-2.4411,-5.9680,-1.6870,-2.1113
178.00,-5.8230,-1.8794,-2.1131,-5.9863,-0.0210,-2.4795,-5.9693,-1.6890,-2.1497
178.50,-5.8250,-1.8794,-2.1495,-5.9874,-0.0218,-2.5175,-5.9700,-1.6901,-2.1877
179.00,-5.8266,-1.8795,-2.1850,-5.9890,-0.0229,-2.5544,-5.9711,-1.6917,-2.2246
179.50,-5.8276,-1.8795,-2.2196,-5.9898,-0.0235,-2.5909,-5.9717,-1.6924,-2.2611
180.00,-5.8283,-1.8796,-2.2533,-5.9903,-0.0238,-2.6260,-5.9721,-1.6928,-2.2962
180.50,-5.8285,-1.8796,-2.2861,-5.9905,-0.0239,-2.6598,-5.9722,-1.6930,-2.3300
181.00,-5.8285,-1.8799,-2.3188,-5.9909,-0.0241,-2.6941,-5.9726,-1.6934,-2.3643
181.50,-5.8284,-1.8802,-2.3526,-5.9913,-0.0243,-2.7281,-5.9729,-1.6937,-2.3983
182.00,-5.8285,-1.8803,-2.3866,-5.9916,-0.0244,-2.7635,-5.9731,-1.6939,-2.4337
182.50,-5.8287,-1.8803,-2.4195,-5.9917,-0.0244,-2.7979,-5.9732,-1.6939,-2.4681
183.00,-5.8287,-1.8802,-2.4521,-5.9915,-0.0244,-2.8313,-5.9731,-1.6938,-2.5015
183.50,-5.8286,-1.8797,-2.4856,-5.9911,-0.0242,-2.8665,-5.9727,-1.6936,-2.5366
184.00,-5.8286,-1.8787,-2.5200,-5.9901,-0.0240,-2.9026,-5.9719,-1.6930,-2.5728
184.50,-5.8285,-1.8772,-2.5553,-5.9891,-0.0237,-2.9387,-5.9709,-1.6925,-2.6089
185.00,-5.8285,-1.8753,-2.5915,-5.9872,-0.0234,-2.9759,-5.9693,-1.6915,-2.6461
185.50,-5.8284,-1.8730,-2.6287,-5.9842,-0.0230,-3.0151,-5.9666,-1.6901,-2.6853
186.00,-5.8284,-1.8701,-2.6670,-5.9807,-0.0226,-3.0543,-5.9635,-1.6887,-2.7245
186.50,-5.8283,-1.8668,-2.7062,-5.9774,-0.0223,-3.0949,-5.9604,-1.6874,-2.7651
187.00,-5.8283,-1.8630,-2.7465,-5.9728,-0.0222,-3.1363,-5.9560,-1.6857,-2.8065
187.50,-5.8282,-1.8588,-2.7880,-5.9697,-0.0223,3.1039,-5.9531,-1.6848,-2.8495
188.00,-5.8282,-1.8540,-2.8307,-5.9641,-0.0226,3.0601,-5.9477,-1.6833,-2.8932
188.50,-5.8282,-1.8488,-2.8747,-5.9590,-0.0231,3.0149,-5.9427,-1.6822,-2.9384
189.00,-5.8282,-1.8430,-2.9200,-5.9529,-0.0241,2.9686,-5.9366,-1.6810,-2.9848
189.50,-5.8281,-1.8368,-2.9668,-5.9454,-0.0255,2.9206,-5.9291,-1.6800,-3.0328
190.00,-5.8281,-1.8301,-3.0151,-5.9392,-0.0271,2.8711,-5.9226,-1.6795,-3.0823
190.50,-5.8281,-1.8229,-3.0652,-5.9317,-0.0294,2.8203,-5.9666,-1.6393,-3.1034
191.00,-5.8281,-1.8153,-3.1171,-5.9239,-0.0322,2.7670,-5.9669,-1.6319,3.1317
191.50,-5.8281,-1.8073,3.1126,-5.9238,-0.0321,2.7123,-5.9669,-1.6318,3.0770
192.00,-5.8281,-1.7997,3.0608,-5.9310,-0.0286,2.6582,-5.9749,-1.6311,3.0229
192.50,-5.8281,-1.7925,3.0109,-5.9368,-0.0254,2.6069,-5.9814,-1.6301,2.9716
193.00,-5.8281,-1.7859,2.9627,-5.9432,-0.0213,2.5574,-5.9889,-1.6286,2.9221
193.50,-5.8282,-1.7797,2.9160,-5.9487,-0.0175,2.5092,-5.9954,-1.6271,2.8739
194.00,-5.8282,-1.7740,2.8708,-5.9530,-0.0143,2.4630,-6.0005,-1.6255,2.8277
194.50,-5.8282,-1.7689,2.8280,-5.9568,-0.0110,2.4177,-6.0053,-1.6239,2.7825
195.00,-5.8283,-1.7644,2.7854,-5.9602,-0.0079,2.3735,-6.0095,-1.6222,2.7382
195.50,-5.8283,-1.7602,2.7439,-5.9622,-0.0059,2.3306,-6.0121,-1.6210,2.6953
196.00,-5.8283,-1.7564,2.7037,-5.9659,-0.0018,2.2894,-6.0170,-1.6185,2.6541
196.50,-5.8284,-1.7531,2.6645,-5.9684,0.0012,2.2494,-6.0204,-1.6166,2.6141
197.00,-5.8284,-1.7503,2.6263,-5.9705,0.0039,2.2103,-6.0048,-1.5608,2.5928
197.50,-5.8285,-1.7480,2.5892,-5.9722,0.0063,2.1721,-6.0038,-1.5497,2.5577
198.00,-5.8285,-1.7461,2.5530,-5.9729,0.0073,2.1347,-6.0047,-1.5490,2.5204
198.50,-5.8286,-1.7447,2.5178,-5.9735,0.0083,2.0982,-6.0057,-1.5483,2.4839
199.00,-5.8286,-1.7437,2.4834,-5.9738,0.0088,2.0621,-6.0062,-1.5479,2.4478
199.50,-5.8287,-1.7432,2.4500,-5.9740,0.0093,2.0277,-6.0065,-1.5476,2.4133
200.00,-5.8288,-1.7431,2.4174,-5.9741,0.0095,1.9937,-6.0067,-1.5475,2.3793
200.50,-5.8291,-1.7432,2.3844,-5.9742,0.0097,1.9597,-6.0069,-1.5473,2.3453
201.00,-5.8293,-1.7432,2.3504,-5.9742,0.0097,1.9246,-6.0069,-1.5473,2.3102
201.50,-5.8294,-1.7430,2.3167,-5.9743,0.0099,1.8896,-6.0070,-1.5471,2.2752
202.00,-5.8295,-1.7429,2.2840,-5.9742,0.0097,1.8552,-6.0069,-1.5472,2.2409
202.50,-5.8292,-1.7429,2.2512,-5.9742,0.0094,1.8212,-6.0067,-1.5475,2.2068
203.00,-5.8285,-1.7430,2.2174,-5.9740,0.0088,1.7861,-6.0063,-1.5480,2.1717
203.50,-5.8275,-1.7432,2.1872,-5.9738,0.0078,1.7538,-6.0058,-1.5489,2.1394
204.00,-5.8172,-1.7577,2.1872,-5.9703,-0.0109,1.7536,-5.9955,-1.5649,2.1393
204.50,-5.8056,-1.7741,2.1872,-5.9671,-0.0284,1.7524,-5.9859,-1.5799,2.1381
205.00,-5.7941,-1.7904,2.1872,-5.9632,-0.0498,1.7514,-5.9743,-1.5983,2.1370
205.50,-5.7825,-1.8067,2.1872,-5.9593,-0.0713,1.7499,-5.9586,-1.6141,2.1565
206.00,-5.7709,-1.8230,2.1872,-5.9553,-0.0931,1.7486,-5.9464,-1.6326,2.1552
206.50,-5.7594,-1.8393,2.1872,-5.9517,-0.1136,1.7475,-5.9349,-1.6500,2.1541
207.00,-5.7478,-1.8557,2.1872,-5.9482,-0.1330,1.7463,-5.9240,-1.6665,2.1529
207.50,-5.7363,-1.8720,2.1872,-5.9444,-0.1546,1.7450,-5.8914,-1.6744,2.1551
208.00,-5.7247,-1.8883,2.1872,-5.9410,-0.1738,1.7436,-5.8806,-1.6906,2.1537
208.50,-5.7131,-1.9046,2.1872,-5.9376,-0.1935,1.7421,-5.8697,-1.7073,2.1522
209.00,-5.7016,-1.9209,2.1872,-5.9345,-0.2115,1.7405,-5.8596,-1.7226,2.1506
209.50,-5.6900,-1.9372,2.1872,-5.9306,-0.2346,1.7395,-5.8468,-1.7422,2.1496
210.00,-5.6819,-1.9487,2.1872,-5.9283,-0.2480,1.7383,-5.8387,-1.7532,2.1519
210.50,-5.6819,-1.9487,2.1872,-5.9283,-0.2480,1.7370,-5.8387,-1.7532,2.1506
211.00,-5.6819,-1.9487,2.1872,-5.9283,-0.2480,1.7361,-5.8387,-1.7532,2.1497
211.50,-5.6819,-1.9487,2.1872,-5.9283,-0.2480,1.7346,-5.8387,-1.7532,2.1482
212.00,-5.6819,-1.9487,2.1872,-5.9283,-0.2480,1.7332,-5.8387,-1.7532,2.1468
212.50,-5.6820,-1.9487,2.1953,-5.9283,-0.2480,1.7385,-5.8387,-1.7531,2.1520
213.00,-5.6831,-1.9485,2.3022,-5.9285,-0.2472,1.8443,-5.8392,-1.7525,2.2579
213.50,-5.6823,-1.9490,2.4687,-5.9279,-0.2489,2.0104,-5.8380,-1.7538,2.4239
214.00,-5.6821,-1.9556,2.6476,-5.9247,-0.2541,2.1882,-5.8330,-1.7573,2.6018
214.50,-5.6819,-1.9703,2.8248,-5.9146,-0.2656,2.3659,-5.8191,-1.7638,2.7795
215.00,-5.6818,-1.9758,2.8718,-5.9095,-0.2704,2.4109,-5.8313,-1.7827,2.8419
215.50,-5.6818,-1.9758,2.8718,-5.9095,-0.2704,2.4094,-5.8313,-1.7827,2.8404
216.00,-5.6818,-1.9758,2.8718,-5.9095,-0.2704,2.4085,-5.8313,-1.7827,2.8395
216.50,-5.6818,-1.9756,2.8664,-5.9094,-0.2705,2.4036,-5.8312,-1.7828,2.8347
217.00,-5.6819,-1.9711,2.8226,-5.9129,-0.2671,2.3576,-5.8358,-1.7812,2.7886
217.50,-5.6819,-1.9664,2.7802,-5.9165,-0.2634,2.3137,-5.8406,-1.7793,2.7447
218.00,-5.6820,-1.9622,2.7389,-5.9194,-0.2601,2.2711,-5.8447,-1.7775,2.7022
218.50,-5.6820,-1.9585,2.6988,-5.9221,-0.2568,2.2293,-5.8484,-1.7756,2.6603
219.00,-5.6820,-1.9553,2.6597,-5.9240,-0.2541,2.1894,-5.8514,-1.7741,2.6204
219.50,-5.6821,-1.9525,2.6217,-5.9260,-0.2512,2.1503,-5.8544,-1.7723,2.5813
220.00,-5.6821,-1.9503,2.5847,-5.9274,-0.2490,2.1124,-5.8566,-1.7708,2.5435
220.50,-5.6822,-1.9485,2.5486,-5.9283,-0.2476,2.0752,-5.8579,-1.7698,2.5062
221.00,-5.6822,-1.9471,2.5135,-5.9291,-0.2459,2.0394,-5.8594,-1.7687,2.4704
221.50,-5.6823,-1.9462,2.4793,-5.9296,-0.2449,2.0033,-5.8603,-1.7680,2.4343
222.00,-5.6824,-1.9457,2.4459,-5.9298,-0.2445,1.9691,-5.8606,-1.7678,2.4002
222.50,-5.6824,-1.9457,2.4134,-5.9298,-0.2445,1.9354,-5.8606,-1.7677,2.3664
223.00,-5.6828,-1.9457,2.3803,-5.9300,-0.2439,1.9012,-5.8611,-1.7672,2.3322
223.50,-5.6830,-1.9458,2.3461,-5.9301,-0.2437,1.8659,-5.8612,-1.7671,2.2969
224.00,-5.6831,-1.9455,2.3126,-5.9302,-0.2433,1.8312,-5.8615,-1.7668,2.2622
224.50,-5.6831,-1.9454,2.2800,-5.9302,-0.2433,1.7973,-5.8615,-1.7668,2.2283
225.00,-5.6828,-1.9455,2.2470,-5.9301,-0.2436,1.7629,-5.8613,-1.7670,2.1939
225.50,-5.6918,-1.9313,2.1763,-5.9327,-0.2270,1.6925,-5.8705,-1.7530,2.1235
226.00,-5.7187,-1.8631,1.9786,-5.9338,-0.1600,1.4902,-5.8776,-1.6813,1.9386
226.50,-5.7457,-1.7435,1.8470,-5.9147,-0.0413,1.3544,-5.9033,-1.5474,1.8069
227.00,-5.7779,-1.6205,1.8256,-5.8860,0.0841,1.3351,-5.9205,-1.4204,1.7941
227.50,-5.8045,-1.4931,1.6607,-5.8451,0.2153,1.1685,-5.9420,-1.2846,1.6274
228.00,-5.8197,-1.3632,1.5043,-5.7808,0.3339,1.0034,-5.9362,-1.1598,1.4693
228.50,-5.8149,-1.2339,1.4105,-5.7040,0.4453,0.9111,-5.9377,-1.0343,1.3770
229.00,-5.8007,-1.1074,1.2637,-5.6182,0.5414,0.7649,-5.9141,-0.9014,1.2308
229.50,-5.7767,-1.0047,1.0326,-5.5301,0.6101,0.5287,-5.8950,-0.8003,0.9946
230.00,-5.7096,-0.9073,0.8335,-5.4211,0.6589,0.3272,-5.8304,-0.7081,0.8001
230.50,-5.6159,-0.8164,0.6966,-5.2972,0.6923,0.1889,-5.7410,-0.6219,0.6618
231.00,-5.5109,-0.7362,0.5644,-5.1564,0.7096,0.0562,-5.6155,-0.5430,0.5308
231.50,-5.3978,-0.6651,0.3671,-5.0228,0.7056,-0.1398,-5.4957,-0.4855,0.3348
232.00,-5.2748,-0.6036,0.1157,-4.8875,0.6690,-0.3936,-5.3705,-0.4375,0.0793
232.50,-5.1449,-0.5766,-0.0386,-4.7615,0.6035,-0.5497,-5.2490,-0.4126,-0.0768
233.00,-5.0154,-0.5756,-0.1210,-4.6507,0.5287,-0.6357,-5.1181,-0.4068,-0.1593
233.50,-4.8862,-0.5888,-0.0559,-4.5407,0.4497,-0.5743,-4.9900,-0.4165,-0.0944
234.00,-4.7565,-0.5937,0.1210,-4.4237,0.3887,-0.3943,-4.8612,-0.4168,0.0888
234.50,-4.6278,-0.5800,0.1358,-4.2995,0.3394,-0.3810,-4.7309,-0.4126,0.0989
235.00,-4.4986,-0.5697,0.0897,-4.1742,0.2858,-0.4315,-4.6091,-0.4071,0.0483
235.50,-4.3691,-0.5602,0.0816,-4.0472,0.2262,-0.4406,-4.4576,-0.4069,0.0463
236.00,-4.2395,-0.5522,0.0676,-3.9290,0.1696,-0.4560,-4.3434,-0.4056,0.0309
236.50,-4.1097,-0.5442,0.0646,-3.8051,0.1084,-0.4595,-4.2154,-0.4025,0.0291
237.00,-3.9800,-0.5360,0.0655,-3.6877,0.0500,-0.4593,-4.0857,-0.4036,0.0307
237.50,-3.8503,-0.5285,0.0596,-3.5710,-0.0082,-0.4659,-3.9646,-0.3956,0.0244
238.00,-3.7204,-0.5256,0.0281,-3.4531,-0.0700,-0.4996,-3.8284,-0.3950,-0.0077
238.50,-3.5904,-0.5220,0.0335,-3.3405,-0.1318,-0.4970,-3.7058,-0.4040,-0.0049
239.00,-3.4606,-0.5124,0.0620,-3.2234,-0.1926,-0.4680,-3.5802,-0.3938,0.0241
239.50,-3.3308,-0.5072,0.0309,-3.1071,-0.2532,-0.5018,-3.4542,-0.3951,-0.0045
240.00,-3.2008,-0.5041,0.0308,-2.9899,-0.3181,-0.5030,-3.3241,-0.4005,-0.0057
240.50,-3.0709,-0.4977,0.0401,-2.8742,-0.3803,-0.4937,-3.2051,-0.3961,0.0037
241.00,-2.9410,-0.4956,0.0238,-2.7557,-0.4454,-0.5107,-3.0580,-0.4009,-0.0101
241.50,-2.8111,-0.4888,0.0495,-2.6384,-0.5096,-0.4849,-2.9712,-0.4026,0.0142
242.00,-2.6813,-0.4805,0.0526,-2.5152,-0.5739,-0.4819,-2.8480,-0.3946,0.0222
242.50,-2.5513,-0.4786,0.0207,-2.4022,-0.6360,-0.5170,-2.7670,-0.3949,-0.0127
243.00,-2.4214,-0.4753,0.0245,-2.2830,-0.7037,-0.5139,-2.6145,-0.3961,-0.0081
243.50,-2.2914,-0.4712,0.0284,-2.1689,-0.7679,-0.5115,-2.5372,-0.3995,-0.0037
244.00,-2.1615,-0.4653,0.0359,-2.0576,-0.8293,-0.5027,-2.4427,-0.3936,0.0066
244.50,-2.0315,-0.4635,0.0205,-1.9352,-0.8993,-0.5220,-2.3177,-0.3971,-0.0125
245.00,-1.9016,-0.4583,0.0318,-1.8201,-0.9646,-0.5115,-2.2065,-0.3979,-0.0002
245.50,-1.7716,-0.4535,0.0346,-1.7032,-1.0300,-0.5098,-2.0936,-0.3988,0.0050
246.00,-1.6417,-0.4507,0.0163,-1.5860,-1.0963,-0.5293,-1.9943,-0.3926,-0.0113
246.50,-1.5117,-0.4504,0.0100,-1.4687,-1.1660,-0.5372,-1.8377,-0.3949,-0.0207
247.00,-1.3817,-0.4466,0.0212,-1.3547,-1.2330,-0.5269,-1.7256,-0.3967,-0.0072
247.50,-1.2518,-0.4428,0.0258,-1.2382,-1.3004,-0.5228,-1.5884,-0.3973,-0.0011
248.00,-1.1218,-0.4392,0.0267,-1.1220,-1.3674,-0.5232,-1.4815,-0.3974,-0.0014
248.50,-0.9919,-0.4355,0.0279,-1.0083,-1.4329,-0.5230,-1.3647,-0.3976,-0.0012
249.00,-0.8619,-0.4315,0.0297,-0.8963,-1.4975,-0.5221,-1.2495,-0.3979,0.0014
249.50,-0.7320,-0.4277,0.0293,-0.7799,-1.5645,-0.5235,-1.1127,-0.3974,-0.0000
250.00,-0.6020,-0.4240,0.0288,-0.6628,-1.6323,-0.5255,-0.9730,-0.3975,0.0017
250.50,-0.4721,-0.4211,0.0241,-0.5497,-1.6982,-0.5320,-0.8657,-0.3975,-0.0045
251.00,-0.3421,-0.4177,0.0256,-0.4352,-1.7655,-0.5316,-0.7062,-0.3971,-0.0022
251.50,-0.2122,-0.4143,0.0260,-0.3214,-1.8325,-0.5321,-0.5810,-0.3974,-0.0028
252.00,-0.0822,-0.4110,0.0253,-0.2089,-1.8988,-0.5338,-0.4566,-0.3973,-0.0055
252.50,0.0477,-0.4069,0.0286,-0.0933,-1.9667,-0.5316,-0.3262,-0.3975,0.0000
253.00,0.1777,-0.4033,0.0282,0.0273,-2.0378,-0.5333,-0.2086,-0.3976,-0.0017
253.50,0.3076,-0.3995,0.0288,0.1404,-2.1046,-0.5335,-0.1007,-0.3979,-0.0018
254.00,0.4376,-0.3946,0.0349,0.2504,-2.1693,-0.5290,0.0576,-0.4002,0.0027
254.50,0.5675,-0.3896,0.0318,0.3652,-2.2362,-0.5332,0.2236,-0.3958,0.0002
255.00,0.6974,-0.3873,0.0245,0.4823,-2.3064,-0.5422,0.3295,-0.3970,-0.0056
255.50,0.8274,-0.3835,0.0269,0.5995,-2.3768,-0.5404,0.4458,-0.3977,-0.0017
256.00,0.9574,-0.3797,0.0283,0.7140,-2.4455,-0.5405,0.5730,-0.3977,-0.0010
256.50,1.0873,-0.3760,0.0283,0.8228,-2.5110,-0.5418,0.6915,-0.3979,-0.0006
257.00,1.2172,-0.3721,0.0295,0.9387,-2.5808,-0.5413,0.8182,-0.3980,-0.0001
257.50,1.3472,-0.3685,0.0286,1.0540,-2.6501,-0.5433,0.9490,-0.3978,-0.0021
258.00,1.4772,-0.3662,0.0184,1.1682,-2.7196,-0.5550,1.0632,-0.3941,-0.0137
258.50,1.6071,-0.3645,0.0160,1.2797,-2.7892,-0.5588,1.2169,-0.3963,-0.0141
259.00,1.7371,-0.3609,0.0240,1.3920,-2.8590,-0.5516,1.3276,-0.3976,-0.0068
259.50,1.8671,-0.3571,0.0263,1.5078,-2.9301,-0.5509,1.4838,-0.3984,-0.0044
260.00,1.9970,-0.3531,0.0306,1.6204,-2.9992,-0.5471,1.5948,-0.3991,0.0009
260.50,2.1270,-0.3492,0.0296,1.7343,-3.0686,-0.5494,1.7355,-0.3992,-0.0011
261.00,2.2569,-0.3455,0.0304,1.8497,-3.1395,-0.5499,1.8539,-0.3994,-0.0002
261.50,2.3868,-0.3416,0.0294,1.9625,-3.2087,-0.5516,1.9676,-0.3993,-0.0034
262.00,2.5168,-0.3377,0.0313,2.0739,-3.2774,-0.5510,2.0929,-0.3996,-0.0028
262.50,2.6467,-0.3337,0.0303,2.1798,-3.3424,-0.5526,2.2286,-0.4003,-0.0009
263.00,2.7767,-0.3307,0.0274,2.2864,-3.4088,-0.5558,2.3542,-0.4009,-0.0041
263.50,2.9066,-0.3274,0.0248,2.3982,-3.4782,-0.5593,2.4957,-0.4014,-0.0076
264.00,3.0366,-0.3257,0.0243,2.5077,-3.5476,-0.5614,2.6255,-0.4032,-0.0097
264.50,3.1665,-0.3211,0.0290,2.6190,-3.6168,-0.5574,2.7665,-0.4041,-0.0022
265.00,3.2965,-0.3207,0.0197,2.7275,-3.6859,-0.5674,2.8766,-0.4056,-0.0122
265.50,3.4265,-0.3164,0.0243,2.8458,-3.7600,-0.5619,3.0247,-0.4062,-0.0067
266.00,3.5564,-0.3193,-0.0062,2.9536,-3.8307,-0.5957,3.1351,-0.4095,-0.0405
266.50,3.6864,-0.3153,0.0330,3.0649,-3.9022,-0.5530,3.2758,-0.4116,0.0022
267.00,3.8164,-0.3153,0.0016,3.1758,-3.9731,-0.5880,3.3990,-0.4134,-0.0328
267.50,3.9463,-0.3108,0.0396,3.2899,-4.0457,-0.5474,3.5327,-0.4151,0.0078
268.00,4.0763,-0.3103,-0.0112,3.4047,-4.1189,-0.5977,3.6674,-0.4168,-0.0425
268.50,4.2057,-0.3186,-0.1778,3.5098,-4.2029,-0.7691,3.7924,-0.4328,-0.2139
269.00,4.3319,-0.3379,-0.2904,3.5953,-4.2965,-0.8846,3.9044,-0.4591,-0.3259
269.50,4.4563,-0.3734,-0.2715,3.6775,-4.3969,-0.8647,4.0372,-0.4895,-0.3026
270.00,4.5816,-0.4084,-0.2961,3.7616,-4.4959,-0.8915,4.1511,-0.5284,-0.3293
270.50,4.7056,-0.4475,-0.2867,3.8422,-4.5974,-0.8858,4.2935,-0.5713,-0.3237
271.00,4.8306,-0.4834,-0.2874,3.9269,-4.6993,-0.8870,4.4108,-0.6124,-0.3208
271.50,4.9556,-0.5179,-0.2538,4.0143,-4.8041,-0.8514,4.5593,-0.6542,-0.2822
272.00,5.0812,-0.5531,-0.2857,4.0971,-4.9009,-0.8866,4.6528,-0.6909,-0.3209
272.50,5.2059,-0.5891,-0.2719,4.1838,-5.0068,-0.8712,4.7911,-0.7340,-0.3020
273.00,5.3303,-0.6277,-0.3494,4.2677,-5.1116,-0.9492,4.9268,-0.7771,-0.3800
273.50,5.4483,-0.6752,-0.5128,4.3352,-5.2247,-1.1163,5.0360,-0.8364,-0.5437
274.00,5.5569,-0.7397,-0.6509,4.3820,-5.3399,-1.2549,5.1277,-0.8978,-0.6823
274.50,5.6557,-0.8237,-0.7725,4.4134,-5.4612,-1.3802,5.2396,-0.9831,-0.8041
275.00,5.7434,-0.9202,-0.8958,4.4310,-5.5943,-1.5051,5.3100,-1.0849,-0.9319
275.50,5.8217,-1.0244,-0.9467,4.4351,-5.7229,-1.5590,5.3900,-1.1910,-0.9794
276.00,5.8991,-1.1293,-0.9273,4.4378,-5.8538,-1.5389,5.4636,-1.2992,-0.9563
276.50,5.9793,-1.2321,-0.8945,4.4441,-5.9889,-1.5069,5.5532,-1.4086,-0.9237
277.00,6.0616,-1.3330,-0.8795,4.4535,-6.1237,-1.4921,5.6336,-1.5060,-0.9095
277.50,6.1359,-1.4227,-0.8707,4.4629,-6.2439,-1.4847,5.6993,-1.5911,-0.9016
278.00,6.1739,-1.4667,-0.8381,4.4689,-6.3050,-1.4532,5.7375,-1.6492,-0.8666
278.50,6.1776,-1.4706,-0.8049,4.4697,-6.3113,-1.4210,5.7416,-1.6540,-0.8344
279.00,6.1775,-1.4705,-0.7707,4.4696,-6.3112,-1.3877,5.7415,-1.6539,-0.8011
279.50,6.1771,-1.4706,-0.7373,4.4695,-6.3109,-1.3549,5.7412,-1.6537,-0.7683
280.00,6.1770,-1.4706,-0.7048,4.4695,-6.3107,-1.3229,5.7411,-1.6536,-0.7363
280.50,6.1769,-1.4703,-0.6717,4.4694,-6.3103,-1.2914,5.7408,-1.6533,-0.7048
281.00,6.1769,-1.4695,-0.6377,4.4691,-6.3095,-1.2585,5.7401,-1.6528,-0.6719
281.50,6.1768,-1.4683,-0.6028,4.4685,-6.3078,-1.2247,5.7387,-1.6517,-0.6381
282.00,6.1768,-1.4666,-0.5670,4.4679,-6.3061,-1.1906,5.7373,-1.6506,-0.6040
282.50,6.1767,-1.4644,-0.5303,4.4673,-6.3047,-1.1546,5.7360,-1.6498,-0.5680
283.00,6.1767,-1.4618,-0.4925,4.4667,-6.3034,-1.1182,5.7347,-1.6490,-0.5316
283.50,6.1766,-1.4587,-0.4538,4.4651,-6.3002,-1.0807,5.7316,-1.6473,-0.4941
284.00,6.1766,-1.4552,-0.4139,4.4632,-6.2968,-1.0418,5.7281,-1.6455,-0.4552
284.50,6.1765,-1.4511,-0.3730,4.4608,-6.2929,-1.0019,5.7240,-1.6436,-0.4153
285.00,6.1765,-1.4466,-0.3309,4.4590,-6.2902,-0.9611,5.7210,-1.6423,-0.3745
285.50,6.1765,-1.4416,-0.2875,4.4557,-6.2858,-0.9189,5.7159,-1.6404,-0.3323
286.00,6.1764,-1.4361,-0.2428,4.4514,-6.2804,-0.8753,5.7093,-1.6383,-0.2887
286.50,6.1764,-1.4301,-0.1968,4.4469,-6.2752,-0.8308,5.7027,-1.6365,-0.2442
287.00,6.1764,-1.4236,-0.1492,4.4426,-6.2706,-0.7838,5.6965,-1.6351,-0.1972
287.50,6.1764,-1.4166,-0.0999,4.4368,-6.2652,-0.7353,5.7280,-1.5973,-0.1312
288.00,6.1764,-1.4092,-0.0489,4.4301,-6.2593,-0.6854,5.7191,-1.5963,-0.0813
288.50,6.1764,-1.4013,0.0042,4.4241,-6.2547,-0.6329,5.7115,-1.5959,-0.0288
289.00,6.1764,-1.3934,0.0569,4.4313,-6.2597,-0.5818,5.7203,-1.5960,0.0222
289.50,6.1764,-1.3861,0.1077,4.4378,-6.2638,-0.5314,5.7280,-1.5956,0.0726
290.00,6.1764,-1.3792,0.1567,4.4440,-6.2672,-0.4836,5.7350,-1.5949,0.1204
290.50,6.1764,-1.3728,0.2041,4.4495,-6.2699,-0.4380,5.7411,-1.5941,0.1660
291.00,6.1764,-1.3669,0.2499,4.4547,-6.2722,-0.3932,5.7467,-1.5930,0.2109
291.50,6.1765,-1.3614,0.2944,4.4595,-6.2741,-0.3496,5.7517,-1.5918,0.2545
292.00,6.1765,-1.3565,0.3375,4.4637,-6.2756,-0.3072,5.7560,-1.5906,0.2969
292.50,6.1766,-1.3520,0.3795,4.4677,-6.2768,-0.2663,5.7600,-1.5893,0.3377
293.00,6.1766,-1.3481,0.4202,4.4709,-6.2776,-0.2260,5.7631,-1.5882,0.3781
293.50,6.1766,-1.3446,0.4599,4.4735,-6.2781,-0.1870,5.7655,-1.5871,0.4171
294.00,6.1767,-1.3416,0.4985,4.4771,-6.2787,-0.1492,5.7688,-1.5856,0.4548
294.50,6.1767,-1.3390,0.5361,4.4793,-6.2790,-0.1124,5.7708,-1.5846,0.4916
295.00,6.1768,-1.3369,0.5727,4.4808,-6.2792,-0.0769,5.7721,-1.5838,0.5272
295.50,6.1768,-1.3353,0.6083,4.4830,-6.2793,-0.0423,5.7740,-1.5827,0.5618
296.00,6.1769,-1.3342,0.6431,4.4840,-6.2793,-0.0090,5.7748,-1.5822,0.5951
296.50,6.1769,-1.3334,0.6769,4.4848,-6.2793,0.0240,5.7755,-1.5817,0.6281
297.00,6.1770,-1.3332,0.7099,4.4854,-6.2793,0.0560,5.7759,-1.5814,0.6601
297.50,6.1769,-1.3332,0.7425,4.4854,-6.2793,0.0870,5.7759,-1.5814,0.6911
298.00,6.1767,-1.3333,0.7760,4.4852,-6.2793,0.1195,5.7758,-1.5815,0.7236
298.50,6.1767,-1.3335,0.8094,4.4852,-6.2793,0.1527,5.7758,-1.5815,0.7567
299.00,6.1768,-1.3339,0.8425,4.4845,-6.2794,0.1844,5.7753,-1.5820,0.7885
299.50,6.1767,-1.3339,0.8751,4.4845,-6.2794,0.2154,5.7753,-1.5820,0.8195
300.00,6.1762,-1.3340,0.9084,4.4842,-6.2795,0.2481,5.7751,-1.5822,0.8522
300.50,6.1753,-1.3340,0.9426,4.4830,-6.2798,0.2810,5.7743,-1.5832,0.8851
301.00,6.1740,-1.3341,0.9778,4.4812,-6.2804,0.3153,5.7731,-1.5847,0.9193
301.50,6.1722,-1.3341,1.0138,4.4794,-6.2810,0.3501,5.7720,-1.5862,0.9541
302.00,6.1699,-1.3342,1.0508,4.4766,-6.2821,0.3854,5.7703,-1.5887,0.9895
302.50,6.1671,-1.3342,1.0889,4.4745,-6.2830,0.4232,5.7691,-1.5906,1.0272
303.00,6.1639,-1.3343,1.1279,4.4724,-6.2840,0.4612,5.7679,-1.5927,1.0653
303.50,6.1602,-1.3343,1.1680,4.4684,-6.2861,0.5002,5.7658,-1.5966,1.1043
304.00,6.1563,-1.3338,1.2106,4.4649,-6.2881,0.5406,5.7641,-1.6002,1.1447
304.50,6.1541,-1.2954,1.3594,4.4963,-6.2658,0.6907,5.7773,-1.5641,1.2948
305.00,6.1424,-1.1969,1.5731,4.5615,-6.1968,0.9064,5.7353,-1.3716,1.5454
305.50,6.1340,-1.1252,1.6070,4.6057,-6.1364,0.9385,5.7142,-1.2966,1.5740
306.00,6.1371,-1.1122,1.5547,4.6149,-6.1242,0.8834,5.7144,-1.2814,1.5189
306.50,6.1448,-1.1122,1.5024,4.6205,-6.1177,0.8308,5.7151,-1.2728,1.4663
307.00,6.1521,-1.1122,1.4520,4.6263,-6.1117,0.7793,5.7161,-1.2646,1.4148
307.50,6.1589,-1.1121,1.4034,4.6307,-6.1075,0.7299,5.7172,-1.2586,1.3653
308.00,6.1652,-1.1121,1.3564,4.6357,-6.1033,0.6818,5.7307,-1.2726,1.3277
308.50,6.1736,-1.0954,1.2659,4.6505,-6.0924,0.5903,5.7359,-1.2550,1.2362
309.00,6.1958,-1.0228,1.1370,4.7167,-6.0552,0.4590,5.7753,-1.1942,1.1079
309.50,6.2493,-0.9093,1.0886,4.8362,-6.0002,0.4112,5.8288,-1.0796,1.0606
310.00,6.3143,-0.7965,1.0137,4.9572,-5.9529,0.3339,5.8966,-0.9688,0.9834
310.50,6.3884,-0.6884,0.9484,5.0898,-5.9117,0.2677,5.9720,-0.8641,0.9172
311.00,6.4681,-0.5847,0.9011,5.2218,-5.8789,0.2196,6.0586,-0.7648,0.8708
311.50,6.5507,-0.4841,0.8527,5.3497,-5.8526,0.1703,6.1415,-0.6703,0.8202
312.00,6.6384,-0.3880,0.8221,5.4848,-5.8325,0.1389,6.2393,-0.5681,0.7901
312.50,6.7177,-0.3019,0.8178,5.6026,-5.8158,0.1344,6.3108,-0.4920,0.7874
313.00,6.7582,-0.2595,0.7839,5.6638,-5.8084,0.0986,6.3552,-0.4497,0.7515
313.50,6.7624,-0.2555,0.7500,5.6729,-5.8076,0.0643,6.3619,-0.4434,0.7172
314.00,6.7626,-0.2554,0.7173,5.6730,-5.8075,0.0302,6.3620,-0.4434,0.6831
314.50,6.7625,-0.2556,0.6845,5.6727,-5.8075,-0.0034,6.3617,-0.4435,0.6495
315.00,6.7624,-0.2562,0.6509,5.6723,-5.8075,-0.0383,6.3614,-0.4438,0.6146
315.50,6.7624,-0.2573,0.6164,5.6718,-5.8074,-0.0733,6.3609,-0.4440,0.5796
316.00,6.7623,-0.2588,0.5809,5.6699,-5.8073,-0.1093,6.3594,-0.4450,0.5436
316.50,6.7623,-0.2608,0.5445,5.6680,-5.8070,-0.1467,6.3577,-0.4460,0.5062
317.00,6.7622,-0.2632,0.5072,5.6652,-5.8065,-0.1853,6.3552,-0.4473,0.4676
317.50,6.7622,-0.2661,0.4688,5.6620,-5.8059,-0.2243,6.3522,-0.4487,0.4286
318.00,6.7621,-0.2695,0.4294,5.6583,-5.8050,-0.2650,6.3488,-0.4502,0.3879
318.50,6.7621,-0.2734,0.3889,5.6543,-5.8038,-0.3072,6.3448,-0.4517,0.3457
319.00,6.7621,-0.2777,0.3472,5.6505,-5.8025,-0.3498,6.3410,-0.4530,0.3031
319.50,6.7620,-0.2825,0.3044,5.6463,-5.8008,-0.3933,6.3367,-0.4543,0.2597
320.00,6.7620,-0.2879,0.2602,5.6411,-5.7986,-0.4385,6.3312,-0.4556,0.2144
320.50,6.7620,-0.2937,0.2147,5.6361,-5.7961,-0.4848,6.3258,-0.4567,0.1681
321.00,6.7619,-0.3000,0.1677,5.6306,-5.7930,-0.5323,6.3195,-0.4576,0.1206
321.50,6.7619,-0.3067,0.1191,5.6244,-5.7892,-0.5818,6.3122,-0.4583,0.0711
322.00,6.7619,-0.3140,0.0688,5.6177,-5.7845,-0.6336,6.3041,-0.4587,0.0193
322.50,6.7619,-0.3217,0.0165,5.6121,-5.7802,-0.6869,6.2970,-0.4586,-0.0339
323.00,6.7619,-0.3297,-0.0369,5.6138,-5.7818,-0.7414,6.3594,-0.5079,-0.0675
323.50,6.7619,-0.3372,-0.0884,5.6194,-5.7871,-0.7935,6.3670,-0.5086,-0.1196
324.00,6.7619,-0.3443,-0.1380,5.6250,-5.7932,-0.8439,6.3753,-0.5098,-0.1701
324.50,6.7620,-0.3509,-0.1860,5.6293,-5.7982,-0.8933,6.3817,-0.5111,-0.2194
325.00,6.7620,-0.3570,-0.2324,5.6338,-5.8041,-0.9408,6.3889,-0.5128,-0.2669
325.50,6.7620,-0.3626,-0.2774,5.6372,-5.8090,-0.9873,6.3946,-0.5146,-0.3135
326.00,6.7620,-0.3678,-0.3211,5.6398,-5.8131,-1.0324,6.3992,-0.5162,-0.3586
326.50,6.7621,-0.3724,-0.3635,5.6421,-5.8173,-1.0758,6.4036,-0.5179,-0.4019
327.00,6.7621,-0.3766,-0.4047,5.6443,-5.8215,-1.1180,6.3672,-0.5618,-0.4337
327.50,6.7622,-0.3802,-0.4448,5.6455,-5.8241,-1.1590,6.3698,-0.5630,-0.4747
328.00,6.7622,-0.3834,-0.4838,5.6466,-5.8268,-1.1994,6.3723,-0.5644,-0.5151
328.50,6.7623,-0.3861,-0.5217,5.6477,-5.8296,-1.2388,6.3749,-0.5659,-0.5544
329.00,6.7623,-0.3884,-0.5587,5.6486,-5.8325,-1.2769,6.3775,-0.5676,-0.5926
329.50,6.7624,-0.3902,-0.5947,5.6490,-5.8340,-1.3144,6.3787,-0.5685,-0.6301
330.00,6.7624,-0.3915,-0.6298,5.6494,-5.8356,-1.3514,6.3801,-0.5694,-0.6671
330.50,6.7625,-0.3924,-0.6640,5.6496,-5.8363,-1.3863,6.3806,-0.5699,-0.7020
331.00,6.7625,-0.3929,-0.6973,5.6497,-5.8367,-1.4206,6.3810,-0.5702,-0.7363
331.50,6.7626,-0.3929,-0.7298,5.6497,-5.8369,-1.4540,6.3811,-0.5703,-0.7697
332.00,6.7630,-0.3928,-0.7630,5.6497,-5.8374,-1.4884,6.3814,-0.5707,-0.8041
332.50,6.7632,-0.3928,-0.7971,5.6498,-5.8377,-1.5235,6.3817,-0.5709,-0.8392
333.00,6.7632,-0.3931,-0.8257,5.6498,-5.8378,-1.5524,6.3817,-0.5710,-0.8681
333.50,6.7633,-0.3931,-0.8583,5.6498,-5.8377,-1.5861,6.3817,-0.5709,-0.9017
334.00,6.7630,-0.3931,-0.8912,5.6498,-5.8375,-1.6203,6.3815,-0.5707,-0.9360
334.50,6.7623,-0.3930,-0.9249,5.6498,-5.8371,-1.6552,6.3813,-0.5704,-0.9709
335.00,6.7612,-0.3930,-0.9596,5.6499,-5.8360,-1.6911,6.3807,-0.5694,-1.0068
335.50,6.7596,-0.3929,-0.9952,5.6501,-5.8349,-1.7283,6.3801,-0.5685,-1.0440
336.00,6.7576,-0.3929,-1.0317,5.6503,-5.8336,-1.7661,6.3794,-0.5673,-1.0818
336.50,6.7551,-0.3928,-1.0692,5.6510,-5.8303,-1.8042,6.3780,-0.5644,-1.1199
337.00,6.7521,-0.3928,-1.1077,5.6519,-5.8268,-1.8439,6.3764,-0.5611,-1.1596
337.50,6.7487,-0.3927,-1.1473,5.6533,-5.8222,-1.8847,6.3746,-0.5566,-1.2004
338.00,6.7448,-0.3927,-1.1880,5.6546,-5.8185,-1.9265,6.3733,-0.5529,-1.2422
338.50,6.7403,-0.3927,-1.2298,5.6564,-5.8139,-1.9697,6.3718,-0.5483,-1.2854
339.00,6.7354,-0.3926,-1.2728,5.6587,-5.8089,-2.0141,6.3703,-0.5429,-1.3297
339.50,6.7300,-0.3926,-1.3172,5.6611,-5.8040,-2.0594,6.3692,-0.5376,-1.3751
340.00,6.7242,-0.3926,-1.3629,5.6644,-5.7983,-2.1065,6.3680,-0.5311,-1.4221
340.50,6.7178,-0.3925,-1.4102,5.6679,-5.7926,-2.1554,6.3672,-0.5245,-1.4711
341.00,6.7109,-0.3925,-1.4590,5.6728,-5.7856,-2.2051,6.3666,-0.5160,-1.5208
341.50,6.7036,-0.3925,-1.5096,5.6779,-5.7790,-2.2570,6.3099,-0.5780,-1.5412
342.00,6.6958,-0.3925,-1.5622,5.6833,-5.7727,-2.3103,6.3099,-0.5697,-1.5946
342.50,6.6879,-0.3925,-1.6154,5.6811,-5.7751,-2.3652,6.3097,-0.5729,-1.6495
343.00,6.6804,-0.3925,-1.6666,5.6751,-5.7806,-2.4169,6.3088,-0.5810,-1.7012
343.50,6.6734,-0.3925,-1.7160,5.6696,-5.7852,-2.4676,6.3077,-0.5881,-1.7519
344.00,6.6669,-0.3926,-1.7637,5.6641,-5.7894,-2.5168,6.3063,-0.5948,-1.8011
344.50,6.6609,-0.3926,-1.8099,5.6588,-5.7931,-2.5640,6.3047,-0.6012,-1.8483
345.00,6.6553,-0.3926,-1.8547,5.6538,-5.7962,-2.6100,6.3030,-0.6067,-1.8943
345.50,6.6503,-0.3926,-1.8982,5.6486,-5.7991,-2.6546,6.3010,-0.6123,-1.9388
346.00,6.6457,-0.3927,-1.9404,5.6431,-5.8019,-2.6979,6.2986,-0.6180,-1.9821
346.50,6.6416,-0.3927,-1.9814,5.6394,-5.8036,-2.7404,6.2969,-0.6218,-2.0247
347.00,6.6366,-0.4011,-2.0425,5.6286,-5.8077,-2.8020,6.2915,-0.6320,-2.0863
347.50,6.6126,-0.4507,-2.1815,5.5779,-5.8210,-2.9462,6.1957,-0.6345,-2.2182
348.00,6.5986,-0.4688,-2.2077,5.5504,-5.8259,-2.9739,6.1836,-0.6560,-2.2407
348.50,6.5998,-0.4687,-2.1728,5.5516,-5.8257,-2.9384,6.1843,-0.6550,-2.2052
349.00,6.6015,-0.4686,-2.1370,5.5529,-5.8254,-2.9038,6.1851,-0.6539,-2.1707
349.50,6.6037,-0.4686,-2.1002,5.5550,-5.8248,-2.8679,6.1863,-0.6521,-2.1347
350.00,6.6063,-0.4685,-2.0624,5.5578,-5.8240,-2.8315,6.1878,-0.6496,-2.0983
350.50,6.6094,-0.4685,-2.0237,5.5610,-5.8229,-2.7942,6.1895,-0.6466,-2.0610
351.00,6.6130,-0.4685,-1.9838,5.5648,-5.8214,-2.7553,6.1913,-0.6431,-2.0221
351.50,6.6170,-0.4684,-1.9428,5.5686,-5.8198,-2.7152,6.1930,-0.6393,-1.9820
352.00,6.6216,-0.4684,-1.9007,5.5725,-5.8179,-2.6741,6.1946,-0.6353,-1.9409
352.50,6.6266,-0.4683,-1.8573,5.5773,-5.8153,-2.6319,6.1965,-0.6301,-1.8988
353.00,6.6321,-0.4683,-1.8126,5.5821,-5.8125,-2.5886,6.1982,-0.6249,-1.8554
353.50,6.6381,-0.4683,-1.7665,5.5858,-5.8102,-2.5437,6.1994,-0.6207,-1.8105
354.00,6.6446,-0.4683,-1.7189,5.5905,-5.8068,-2.4976,6.2006,-0.6150,-1.7644
354.50,6.6516,-0.4682,-1.6696,5.5947,-5.8035,-2.4494,6.2015,-0.6098,-1.7162
355.00,6.6590,-0.4682,-1.6185,5.6003,-5.7987,-2.4000,6.2024,-0.6024,-1.6668
355.50,6.6670,-0.4682,-1.5654,5.6055,-5.7936,-2.3480,6.2029,-0.5951,-1.6148
356.00,6.6748,-0.4682,-1.5127,5.6005,-5.7990,-2.2969,6.2028,-0.6025,-1.5637
356.50,6.6821,-0.4683,-1.4619,5.5957,-5.8047,-2.2472,6.2030,-0.6099,-1.5140
357.00,6.6890,-0.4683,-1.4130,5.5921,-5.8094,-2.1986,6.2035,-0.6159,-1.4654
357.50,6.6954,-0.4683,-1.3657,5.5883,-5.8149,-2.1527,6.2044,-0.6225,-1.4195
358.00,6.7013,-0.4683,-1.3198,5.5851,-5.8200,-2.1076,6.2054,-0.6284,-1.3744
358.50,6.7067,-0.4684,-1.2754,5.5815,-5.8262,-2.0640,6.2069,-0.6354,-1.3308
359.00,6.7117,-0.4684,-1.2323,5.5791,-5.8309,-2.0221,6.2083,-0.6405,-1.2889
359.50,6.7161,-0.4684,-1.1904,5.5771,-5.8354,-1.9806,6.2097,-0.6452,-1.2474
360.00,6.7201,-0.4685,-1.1496,5.5757,-5.8388,-1.9409,6.2110,-0.6487,-1.2078
360.50,6.7235,-0.4685,-1.1100,5.5744,-5.8423,-1.9023,6.2124,-0.6522,-1.1691
361.00,6.7265,-0.4686,-1.0714,5.5732,-5.8458,-1.8651,6.2139,-0.6555,-1.1319
361.50,6.7291,-0.4686,-1.0339,5.5724,-5.8489,-1.8285,6.2153,-0.6584,-1.0954
362.00,6.7311,-0.4687,-0.9973,5.5718,-5.8513,-1.7937,6.2165,-0.6606,-1.0605
362.50,6.7327,-0.4687,-0.9617,5.5714,-5.8530,-1.7590,6.2173,-0.6621,-1.0258
363.00,6.7339,-0.4688,-0.9269,5.5712,-5.8539,-1.7248,6.2178,-0.6629,-0.9916
363.50,6.7346,-0.4688,-0.8931,5.5712,-5.8543,-1.6923,6.2180,-0.6632,-0.9591
364.00,6.7349,-0.4689,-0.8602,5.5712,-5.8546,-1.6606,6.2182,-0.6635,-0.9274
364.50,6.7348,-0.4688,-0.8276,5.5712,-5.8546,-1.6290,6.2182,-0.6634,-0.8959
365.00,6.7348,-0.4685,-0.7940,5.5712,-5.8541,-1.5962,6.2179,-0.6631,-0.8630
365.50,6.7346,-0.4686,-0.7599,5.5712,-5.8540,-1.5636,6.2178,-0.6630,-0.8305
366.00,6.7342,-0.4686,-0.7268,5.5712,-5.8535,-1.5315,6.2175,-0.6626,-0.7983
366.50,6.7341,-0.4686,-0.6943,5.5712,-5.8533,-1.5003,6.2173,-0.6625,-0.7671
367.00,6.7341,-0.4681,-0.6609,5.5711,-5.8528,-1.4678,6.2170,-0.6621,-0.7346
367.50,6.7340,-0.4672,-0.6266,5.5710,-5.8521,-1.4343,6.2165,-0.6617,-0.7011
368.00,6.7340,-0.4658,-0.5914,5.5708,-5.8508,-1.4006,6.2154,-0.6608,-0.6674
368.50,6.7339,-0.4641,-0.5562,5.5705,-5.8493,-1.3655,6.2142,-0.6599,-0.6323
369.00,6.7339,-0.4618,-0.5191,5.5699,-5.8465,-1.3288,6.2119,-0.6583,-0.5956
369.50,6.7338,-0.4591,-0.4811,5.5692,-5.8438,-1.2918,6.2095,-0.6568,-0.5586
370.00,6.7338,-0.4558,-0.4420,5.5683,-5.8410,-1.2543,6.2070,-0.6553,-0.5211
370.50,6.7337,-0.4521,-0.4019,5.5671,-5.8375,-1.2143,6.2038,-0.6535,-0.4811
371.00,6.7337,-0.4479,-0.3606,5.5657,-5.8339,-1.1747,6.2003,-0.6517,-0.4416
371.50,6.7336,-0.4433,-0.3181,5.5636,-5.8292,-1.1336,6.1956,-0.6496,-0.4004
372.00,6.7336,-0.4381,-0.2744,5.5615,-5.8248,-1.0911,6.1911,-0.6478,-0.3579
372.50,6.7336,-0.4324,-0.2293,5.5584,-5.8193,-1.0473,6.1851,-0.6457,-0.3142
373.00,6.7336,-0.4263,-0.1828,5.5546,-5.8131,-1.0016,6.1781,-0.6437,-0.2684
373.50,6.7335,-0.4197,-0.1347,5.5506,-5.8070,-0.9542,6.1711,-0.6419,-0.2210
374.00,6.7335,-0.4126,-0.0849,5.5463,-5.8014,-0.9054,6.1642,-0.6405,-0.1722
374.50,6.7335,-0.4050,-0.0333,5.5407,-5.7946,-0.8549,6.3177,-0.6014,-0.0624
375.00,6.7335,-0.3970,0.0201,5.5391,-5.7927,-0.8025,6.3153,-0.6012,-0.0100
375.50,6.7335,-0.3893,0.0722,5.5445,-5.7980,-0.7511,6.3228,-0.6011,0.0414
376.00,6.7335,-0.3821,0.1225,5.5493,-5.8023,-0.7017,6.3292,-0.6007,0.0908
376.50,6.7336,-0.3754,0.1710,5.5544,-5.8064,-0.6548,6.3357,-0.5999,0.1378
377.00,6.7336,-0.3691,0.2179,5.5603,-5.8107,-0.6082,6.3429,-0.5988,0.1844
377.50,6.7336,-0.3633,0.2633,5.5648,-5.8137,-0.5637,6.3482,-0.5977,0.2289
378.00,6.7336,-0.3580,0.3074,5.5686,-5.8160,-0.5203,6.3525,-0.5966,0.2722
378.50,6.7337,-0.3532,0.3501,5.5731,-5.8184,-0.4786,6.3574,-0.5951,0.3140
379.00,6.7337,-0.3489,0.3917,5.5758,-5.8198,-0.4386,6.3603,-0.5941,0.3539
379.50,6.7338,-0.3451,0.4322,5.5792,-5.8213,-0.3999,6.3637,-0.5928,0.3926
380.00,6.7338,-0.3417,0.4715,5.5822,-5.8225,-0.3615,6.3667,-0.5915,0.4311
380.50,6.7338,-0.3389,0.5098,5.5854,-5.8236,-0.3239,6.3398,-0.5405,0.4776
381.00,6.7339,-0.3365,0.5471,5.5870,-5.8241,-0.2876,6.3359,-0.5309,0.5154
381.50,6.7339,-0.3345,0.5834,5.5893,-5.8248,-0.2525,6.3380,-0.5297,0.5505
382.00,6.7340,-0.3331,0.6188,5.5909,-5.8252,-0.2183,6.3394,-0.5288,0.5846
382.50,6.7341,-0.3320,0.6532,5.5924,-5.8255,-0.1852,6.3406,-0.5280,0.6178
383.00,6.7341,-0.3314,0.6868,5.5928,-5.8255,-0.1525,6.3409,-0.5277,0.6505
383.50,6.7506,-0.3163,0.7641,5.6139,-5.8280,-0.0801,6.3574,-0.5143,0.7229
384.00,6.8062,-0.2535,0.9045,5.7002,-5.8279,0.0620,6.4065,-0.4447,0.8754
384.50,6.8812,-0.1503,0.9494,5.8309,-5.8157,0.1074,6.4796,-0.3398,0.9206
385.00,6.9582,-0.0451,0.9289,5.9646,-5.8023,0.0846,6.5623,-0.2434,0.8964
385.50,7.0365,0.0588,0.9213,6.1007,-5.7911,0.0779,6.6483,-0.1371,0.8931
386.00,7.1177,0.1607,0.8836,6.2341,-5.7837,0.0388,6.7240,-0.0393,0.8523
386.50,7.2018,0.2599,0.8603,6.3688,-5.7807,0.0108,6.8147,0.0608,0.8258
387.00,7.2797,0.3550,0.9312,6.4927,-5.7764,0.0801,6.8958,0.1538,0.8988
387.50,7.3482,0.4642,1.1119,6.6250,-5.7539,0.2617,6.9753,0.2656,1.0821
388.00,7.4053,0.5824,1.2014,6.7548,-5.7116,0.3508,7.0188,0.3795,1.1695
388.50,7.4425,0.6663,1.1406,6.8462,-5.6797,0.2875,7.0580,0.4580,1.1062
389.00,7.4814,0.7325,0.9688,6.9225,-5.6637,0.1118,7.0993,0.5243,0.9375
389.50,7.5582,0.8277,0.7967,7.0436,-5.6620,-0.0626,7.1902,0.6144,0.7631
390.00,7.6509,0.9161,0.7488,7.1786,-5.6750,-0.1124,7.2827,0.7048,0.7133
390.50,7.7108,0.9733,0.7812,7.2631,-5.6837,-0.0806,7.3452,0.7508,0.7486
391.00,7.7264,0.9888,0.8152,7.2860,-5.6853,-0.0477,7.3514,0.7670,0.7780
391.50,7.7265,0.9885,0.8481,7.2857,-5.6853,-0.0155,7.3512,0.7668,0.8102
392.00,7.7264,0.9884,0.8808,7.2856,-5.6853,0.0162,7.3512,0.7667,0.8419
392.50,7.7258,0.9884,0.9142,7.2849,-5.6853,0.0488,7.3507,0.7661,0.8744
393.00,7.7248,0.9883,0.9486,7.2838,-5.6854,0.0819,7.3500,0.7653,0.9075
393.50,7.7234,0.9883,0.9839,7.2822,-5.6856,0.1158,7.3491,0.7640,0.9415
394.00,7.7215,0.9882,1.0201,7.2805,-5.6858,0.1509,7.3481,0.7626,0.9766
394.50,7.7192,0.9882,1.0573,7.2778,-5.6863,0.1868,7.3466,0.7603,1.0125
395.00,7.7163,0.9881,1.0955,7.2745,-5.6869,0.2238,7.3449,0.7575,1.0494
395.50,7.7130,0.9881,1.1347,7.2715,-5.6877,0.2614,7.3433,0.7547,1.0871
396.00,7.7093,0.9880,1.1751,7.2680,-5.6887,0.3010,7.3417,0.7514,1.1267
396.50,7.7050,0.9880,1.2165,7.2634,-5.6903,0.3406,7.3397,0.7470,1.1663
397.00,7.7002,0.9880,1.2592,7.2573,-5.6925,0.3827,7.3373,0.7410,1.2083
397.50,7.6950,0.9879,1.3031,7.2518,-5.6949,0.4256,7.3353,0.7354,1.2513
398.00,7.6893,0.9879,1.3484,7.2467,-5.6973,0.4697,7.3336,0.7299,1.2954
398.50,7.6813,1.0154,1.4597,7.2691,-5.6841,0.5820,7.3390,0.7554,1.4077
399.00,7.6780,1.1060,1.5266,7.3427,-5.6312,0.6465,7.3359,0.8792,1.4900
399.50,7.6746,1.2354,1.5754,7.4451,-5.5494,0.6962,7.3293,1.0244,1.5399
400.00,7.6637,1.3651,1.6839,7.5408,-5.4619,0.8030,7.3177,1.1556,1.6496
400.50,7.6441,1.4921,1.8934,7.6203,-5.3620,1.0133,7.2855,1.2814,1.8564
401.00,7.6091,1.6100,2.1005,7.6773,-5.2474,1.2194,7.2476,1.4000,2.0626
401.50,7.5406,1.7156,2.2740,7.7094,-5.1270,1.3924,7.1979,1.5128,2.2385
402.00,7.4521,1.8071,2.3999,7.7246,-4.9941,1.5180,7.1101,1.6039,2.3646
402.50,7.3902,1.8620,2.4159,7.7277,-4.9101,1.5322,7.0592,1.6618,2.3788
403.00,7.3738,1.8765,2.3829,7.7287,-4.8856,1.4980,7.0416,1.6789,2.3446
403.50,7.3736,1.8764,2.3488,7.7288,-4.8855,1.4625,7.0415,1.6790,2.3091
404.00,7.3735,1.8767,2.3151,7.7288,-4.8856,1.4285,7.0416,1.6789,2.2751
404.50,7.3734,1.8768,2.2825,7.7288,-4.8857,1.3949,7.0416,1.6789,2.2415
405.00,7.3737,1.8767,2.2496,7.7287,-4.8862,1.3614,7.0419,1.6785,2.2080
405.50,7.3744,1.8767,2.2158,7.7285,-4.8866,1.3266,7.0422,1.6781,2.1732
406.00,7.3755,1.8766,2.1811,7.7281,-4.8881,1.2913,7.0430,1.6768,2.1379
406.50,7.3771,1.8766,2.1455,7.7278,-4.8892,1.2542,7.0436,1.6758,2.1008
407.00,7.3792,1.8765,2.1090,7.7272,-4.8910,1.2169,7.0446,1.6741,2.0635
407.50,7.3817,1.8765,2.0715,7.7261,-4.8938,1.1787,7.0459,1.6715,2.0253
408.00,7.3847,1.8764,2.0329,7.7251,-4.8960,1.1392,7.0470,1.6693,1.9858
408.50,7.3881,1.8764,1.9933,7.7237,-4.8990,1.0986,7.0482,1.6662,1.9453
409.00,7.3921,1.8763,1.9526,7.7219,-4.9022,1.0573,7.0495,1.6628,1.9039
409.50,7.3965,1.8763,1.9108,7.7194,-4.9065,1.0144,7.0510,1.6580,1.8610
410.00,7.4014,1.8763,1.8677,7.7170,-4.9102,0.9704,7.0522,1.6538,1.8170
410.50,7.4068,1.8762,1.8233,7.7145,-4.9136,0.9252,7.0532,1.6496,1.7718
411.00,7.4127,1.8762,1.7775,7.7105,-4.9188,0.8778,7.0543,1.6432,1.7244
411.50,7.4191,1.8762,1.7302,7.7052,-4.9248,0.8294,7.0553,1.6353,1.6760
412.00,7.4260,1.8762,1.6814,7.6994,-4.9308,0.7795,7.1003,1.6674,1.6471
412.50,7.4333,1.8762,1.6307,7.6935,-4.9364,0.7280,7.1007,1.6593,1.5955
413.00,7.4411,1.8761,1.5781,7.6876,-4.9413,0.6748,7.1007,1.6516,1.5423
413.50,7.4490,1.8762,1.5249,7.6923,-4.9378,0.6207,7.1011,1.6575,1.4883
414.00,7.4565,1.8762,1.4738,7.6993,-4.9331,0.5686,7.1020,1.6659,1.4362
414.50,7.4635,1.8762,1.4244,7.7050,-4.9297,0.5183,7.1030,1.6724,1.3859
415.00,7.4700,1.8762,1.3767,7.7104,-4.9267,0.4694,7.1043,1.6784,1.3370
415.50,7.4760,1.8762,1.3305,7.7152,-4.9244,0.4218,7.1057,1.6836,1.2893
416.00,7.4815,1.8763,1.2858,7.7202,-4.9223,0.3760,7.1073,1.6888,1.2436
416.50,7.4866,1.8763,1.2424,7.7246,-4.9207,0.3311,7.1089,1.6931,1.1987
417.00,7.4911,1.8763,1.2002,7.7292,-4.9193,0.2879,7.1108,1.6976,1.1555
417.50,7.4952,1.8764,1.1592,7.7322,-4.9184,0.2459,7.1121,1.7005,1.1134
418.00,7.4988,1.8764,1.1193,7.7358,-4.9176,0.2050,7.1138,1.7037,1.0725
418.50,7.5019,1.8765,1.0804,7.7394,-4.9169,0.1649,7.1156,1.7069,1.0324
419.00,7.5046,1.8765,1.0426,7.7414,-4.9166,0.1255,7.1167,1.7086,0.9931
419.50,7.5067,1.8766,1.0058,7.7435,-4.9164,0.0877,7.1178,1.7104,0.9553
420.00,7.5084,1.8766,0.9700,7.7451,-4.9163,0.0508,7.1188,1.7117,0.9184
420.50,7.5219,1.8948,0.8891,7.7672,-4.9161,-0.0311,7.1688,1.6933,0.8483
421.00,7.5788,1.9575,0.7951,7.8531,-4.9240,-0.1291,7.2445,1.7480,0.7554
421.50,7.6684,2.0492,0.8220,7.9796,-4.9399,-0.1008,7.3387,1.8356,0.7877
422.00,7.7563,2.1451,0.8123,8.1116,-4.9527,-0.1107,7.4316,1.9303,0.7743
422.50,7.8491,2.2365,0.7492,8.2462,-4.9725,-0.1754,7.5326,2.0214,0.7155
423.00,7.9471,2.3221,0.6984,8.3764,-4.9997,-0.2280,7.6354,2.1058,0.6605
423.50,8.0469,2.4054,0.6989,8.5050,-5.0300,-0.2286,7.7316,2.1764,0.6605
424.00,8.1433,2.4921,0.7709,8.6331,-5.0556,-0.1569,7.8306,2.2597,0.7316
424.50,8.2343,2.5847,0.8139,8.7636,-5.0733,-0.1158,7.9283,2.3498,0.7762
425.00,8.3232,2.6796,0.8010,8.8987,-5.0887,-0.1287,8.0337,2.4450,0.7668
425.50,8.4187,2.7684,0.7005,9.0285,-5.1125,-0.2326,8.1247,2.5318,0.6599
426.00,8.5191,2.8508,0.6913,9.1582,-5.1449,-0.2425,8.2301,2.6120,0.6564
426.50,8.6175,2.9358,0.7369,9.2895,-5.1746,-0.1968,8.3354,2.6959,0.7017
427.00,8.7135,3.0235,0.7255,9.4210,-5.2003,-0.2083,8.4374,2.7829,0.6872
427.50,8.8126,3.1074,0.6841,9.5544,-5.2317,-0.2505,8.5368,2.8574,0.6450
428.00,8.9157,3.1860,0.6186,9.6826,-5.2687,-0.3182,8.6341,2.9347,0.5738
428.50,9.0232,3.2586,0.5968,9.8121,-5.3143,-0.3425,8.7519,3.0026,0.5560
429.00,9.1272,3.3361,0.7017,9.9401,-5.3542,-0.2383,8.8628,3.0780,0.6607
429.50,9.2121,3.4224,0.8957,10.0685,-5.3729,-0.0441,8.9474,3.1583,0.8554
430.00,9.2861,3.5183,1.1184,10.1908,-5.3665,0.1759,9.0186,3.2563,1.0784
430.50,9.3410,3.6166,1.3875,10.3046,-5.3303,0.4452,9.0689,3.3498,1.3442
431.00,9.3806,3.7459,1.5999,10.4207,-5.2600,0.6564,9.1076,3.4727,1.5589
431.50,9.3825,3.8753,1.6911,10.5176,-5.1756,0.7471,9.1296,3.6011,1.6465
432.00,9.3716,4.0047,1.6231,10.6209,-5.0856,0.6753,9.1247,3.7380,1.5777
432.50,9.3690,4.1347,1.5931,10.7247,-5.0053,0.6460,9.1260,3.8592,1.5484
433.00,9.3662,4.2646,1.5940,10.8277,-4.9279,0.6462,9.1293,3.9880,1.5522
433.50,9.3608,4.3946,1.6204,10.9344,-4.8461,0.6714,9.1326,4.1225,1.5768
434.00,9.3567,4.5245,1.5886,11.0374,-4.7666,0.6359,9.1321,4.2525,1.5419
434.50,9.3567,4.6545,1.5757,11.1382,-4.6927,0.6232,9.1362,4.3775,1.5292
435.00,9.3636,4.7844,1.5378,11.2466,-4.6177,0.5827,9.1444,4.5091,1.4922
435.50,9.3682,4.9143,1.5509,11.3592,-4.5438,0.5945,9.1652,4.6433,1.5040
436.00,9.3641,5.0443,1.6032,11.4639,-4.4678,0.6475,9.1692,4.7726,1.5534
436.50,9.3536,5.1740,1.6797,11.5678,-4.3847,0.7237,9.1601,4.9057,1.6356
437.00,9.3342,5.3000,1.8189,11.6588,-4.2934,0.8642,9.1422,5.0336,1.7736
437.50,9.3096,5.3796,1.8793,11.7148,-4.2234,0.9222,9.1211,5.1208,1.8282
438.00,9.2986,5.3999,1.9218,11.7306,-4.2021,0.9639,9.1147,5.1365,1.8734
438.50,9.2943,5.3999,1.9633,11.7333,-4.1981,1.0044,9.1132,5.1411,1.9138
439.00,9.2905,5.4000,2.0037,11.7354,-4.1947,1.0438,9.1118,5.1449,1.9532
439.50,9.2872,5.4000,2.0430,11.7372,-4.1916,1.0821,9.1105,5.1481,1.9915
440.00,9.2843,5.4001,2.0813,11.7383,-4.1894,1.1193,9.1094,5.1504,2.0287
440.50,9.2819,5.4001,2.1186,11.7394,-4.1871,1.1557,9.1083,5.1527,2.0651
441.00,9.2800,5.4002,2.1549,11.7400,-4.1858,1.1909,9.1076,5.1539,2.1003
441.50,9.2785,5.4002,2.1902,11.7407,-4.1839,1.2252,9.1065,5.1556,2.1346
442.00,9.2775,5.4003,2.2247,11.7412,-4.1825,1.2581,9.1057,5.1569,2.1675
442.50,9.2769,5.4003,2.2582,11.7413,-4.1820,1.2905,9.1054,5.1573,2.2000
443.00,9.2768,5.4004,2.2909,11.7413,-4.1819,1.3219,9.1054,5.1574,2.2313
443.50,9.2768,5.4002,2.3238,11.7413,-4.1820,1.3534,9.1054,5.1573,2.2628
444.00,9.2769,5.4000,2.3577,11.7413,-4.1824,1.3858,9.1057,5.1570,2.2953
444.50,9.2772,5.4001,2.3913,11.7412,-4.1825,1.4184,9.1057,5.1569,2.3278
445.00,9.2775,5.4001,2.4160,11.7412,-4.1828,1.4416,9.1060,5.1567,2.3510
445.50,9.2775,5.4001,2.4404,11.7412,-4.1829,1.4646,9.1060,5.1567,2.3741
446.00,9.2775,5.3998,2.4652,11.7411,-4.1832,1.4886,9.1063,5.1564,2.3981
446.50,9.2776,5.3993,2.4905,11.7411,-4.1837,1.5122,9.1066,5.1561,2.4216
447.00,9.2776,5.3986,2.5163,11.7411,-4.1843,1.5367,9.1071,5.1557,2.4461
447.50,9.2777,5.3976,2.5426,11.7411,-4.1856,1.5614,9.1081,5.1549,2.4708
448.00,9.2777,5.3963,2.5694,11.7411,-4.1869,1.5869,9.1091,5.1541,2.4964
448.50,9.2777,5.3948,2.5968,11.7411,-4.1881,1.6134,9.1101,5.1534,2.5228
449.00,9.2778,5.3930,2.6247,11.7412,-4.1904,1.6401,9.1120,5.1520,2.5496
449.50,9.2778,5.3910,2.6532,11.7414,-4.1925,1.6673,9.1137,5.1509,2.5767
450.00,9.2779,5.3887,2.6823,11.7418,-4.1960,1.6951,9.1168,5.1490,2.6046
450.50,9.2779,5.3861,2.7119,11.7422,-4.1995,1.7237,9.1198,5.1473,2.6331
451.00,9.2779,5.3833,2.7422,11.7428,-4.2030,1.7527,9.1229,5.1456,2.6621
451.50,9.2779,5.3801,2.7731,11.7435,-4.2066,1.7826,9.1262,5.1440,2.6920
452.00,9.2780,5.3768,2.8047,11.7443,-4.2098,1.8127,9.1292,5.1426,2.7221
452.50,9.2780,5.3731,2.8369,11.7457,-4.2151,1.8442,9.1342,5.1404,2.7536
453.00,9.2780,5.3691,2.8699,11.7467,-4.2185,1.8755,9.1375,5.1391,2.7850
453.50,9.2781,5.3649,2.9036,11.7478,-4.2217,1.9083,9.1407,5.1380,2.8177
454.00,9.2781,5.3604,2.9382,11.7494,-4.2262,1.9414,9.1452,5.1366,2.8508
454.50,9.2781,5.3557,2.9736,11.7519,-4.2323,1.9761,9.1516,5.1347,2.8855
455.00,9.2781,5.3504,3.0126,11.7538,-4.2365,2.0141,9.1561,5.1337,2.9236
455.50,9.2781,5.3433,3.0626,11.7571,-4.2431,2.0630,9.1633,5.1323,2.9724
456.00,9.2781,5.3356,3.1145,11.7618,-4.2512,2.1137,9.1039,5.0796,3.0650
456.50,9.2781,5.3276,-3.1153,11.7620,-4.2519,2.1659,9.1045,5.0794,3.1172
457.00,9.2781,5.3200,-3.0634,11.7578,-4.2459,2.2168,9.0972,5.0795,-3.1150
457.50,9.2788,5.3138,-3.0195,11.7544,-4.2416,2.2617,9.0917,5.0792,-3.0702
458.00,9.2978,5.3161,-3.0195,11.7678,-4.2578,2.2589,9.1127,5.0806,-3.0730
458.50,9.3176,5.3186,-3.0195,11.7817,-4.2748,2.2581,9.1346,5.0821,-3.0738
459.00,9.3375,5.3210,-3.0195,11.7931,-4.2887,2.2566,9.1526,5.0591,-3.0694
459.50,9.3573,5.3234,-3.0195,11.8068,-4.3055,2.2556,9.1741,5.0564,-3.0693
460.00,9.3772,5.3259,-3.0195,11.8213,-4.3233,2.2538,9.1970,5.0580,-3.0711
460.50,9.3970,5.3283,-3.0195,11.8339,-4.3387,2.2527,9.2168,5.0594,-3.0721
461.00,9.4169,5.3307,-3.0195,11.8454,-4.3530,2.2515,9.2352,5.0607,-3.0734
461.50,9.4367,5.3332,-3.0195,11.8595,-4.3703,2.2498,9.2473,5.0537,-3.0682
462.00,9.4566,5.3356,-3.0195,11.8724,-4.3864,2.2485,9.2679,5.0552,-3.0694
462.50,9.4764,5.3380,-3.0195,11.8847,-4.4016,2.2474,9.2874,5.0566,-3.0705
463.00,9.4963,5.3405,-3.0195,11.8983,-4.4187,2.2464,9.3092,5.0581,-3.0715
463.50,9.5161,5.3429,-3.0195,11.9111,-4.4346,2.2452,9.3295,5.0687,-3.0697
464.00,9.5284,5.3438,-3.0043,11.9181,-4.4434,2.2600,9.3407,5.0711,-3.0544
464.50,9.5284,5.3378,-2.9563,11.9143,-4.4390,2.3061,9.3349,5.0705,-3.0083
465.00,9.5283,5.3317,-2.9099,11.9102,-4.4346,2.3512,9.3290,5.0695,-2.9633
465.50,9.5283,5.3261,-2.8649,11.9062,-4.4308,2.3943,9.3235,5.0684,-2.9201
466.00,9.5283,5.3209,-2.8212,11.9022,-4.4272,2.4370,9.3184,5.0671,-2.8774
466.50,9.5282,5.3163,-2.7788,11.8997,-4.4252,2.4781,9.3153,5.0663,-2.8363
467.00,9.5282,5.3121,-2.7376,11.8961,-4.4225,2.5184,9.3110,5.0648,-2.7960
467.50,9.5282,5.3084,-2.6975,11.8933,-4.4206,2.5572,9.3079,5.0636,-2.7572
468.00,9.5281,5.3052,-2.6584,11.8910,-4.4191,2.5953,9.3054,5.0625,-2.7191
468.50,9.5281,5.3025,-2.6205,11.8887,-4.4177,2.6326,9.3029,5.0614,-2.6818
469.00,9.5280,5.3003,-2.5835,11.8865,-4.4166,2.6683,9.3007,5.0603,-2.6461
469.50,9.5280,5.2985,-2.5474,11.8842,-4.4154,2.7023,9.2985,5.0590,-2.6122
470.00,9.5279,5.2971,-2.5123,11.8824,-4.4146,2.7360,9.2967,5.0580,-2.5784
470.50,9.5279,5.2962,-2.4781,11.8814,-4.4142,2.7691,9.2959,5.0574,-2.5453
471.00,9.5278,5.2958,-2.4448,11.8813,-4.4142,2.8010,9.2958,5.0573,-2.5134
471.50,9.5278,5.2957,-2.4123,11.8812,-4.4141,2.8326,9.2957,5.0573,-2.4818
472.00,9.5281,5.2958,-2.3792,11.8816,-4.4143,2.8645,9.2960,5.0575,-2.4499
472.50,9.5281,5.2959,-2.3450,11.8818,-4.4143,2.8973,9.2962,5.0576,-2.4171
473.00,9.5280,5.2963,-2.3115,11.8823,-4.4144,2.9298,9.2966,5.0580,-2.3846
473.50,9.5280,5.2964,-2.2789,11.8825,-4.4145,2.9607,9.2967,5.0582,-2.3537
474.00,9.5283,5.2965,-2.2459,11.8826,-4.4145,2.9923,9.2967,5.0582,-2.3221
474.50,9.5291,5.2965,-2.2120,11.8834,-4.4146,3.0254,9.2973,5.0588,-2.2891
475.00,9.5302,5.2966,-2.1772,11.8846,-4.4147,3.0588,9.2981,5.0597,-2.2556
475.50,9.5319,5.2966,-2.1415,11.8868,-4.4149,3.0932,9.2994,5.0614,-2.2212
476.00,9.5340,5.2967,-2.1049,11.8887,-4.4149,3.1285,9.3006,5.0630,-2.1859
476.50,9.5365,5.2967,-2.0673,11.8920,-4.4149,-3.1182,9.3025,5.0658,-2.1494
477.00,9.5396,5.2968,-2.0286,11.8953,-4.4148,-3.0805,9.3042,5.0685,-2.1117
477.50,9.5431,5.2968,-1.9889,11.8981,-4.4145,-3.0421,9.3056,5.0710,-2.0733
478.00,9.5471,5.2969,-1.9481,11.9012,-4.4141,-3.0026,9.3070,5.0738,-2.0338
478.50,9.5516,5.2969,-1.9061,11.9055,-4.4135,-2.9620,9.3089,5.0776,-1.9933
479.00,9.5565,5.2970,-1.8628,11.9096,-4.4127,-2.9204,9.3106,5.0815,-1.9517
479.50,9.5620,5.2970,-1.8183,11.9138,-4.4116,-2.8781,9.3121,5.0856,-1.9093
480.00,9.5679,5.2970,-1.7724,11.9197,-4.4099,-2.8333,9.3140,5.0914,-1.8645
480.50,9.5744,5.2970,-1.7249,11.9258,-4.4078,-2.7864,9.3157,5.0977,-1.8176
481.00,9.5823,5.2842,-1.6377,11.9147,-4.4126,-2.7001,9.3134,5.0858,-1.7313
481.50,9.5998,5.2125,-1.4300,11.8541,-4.4505,-2.4879,9.3103,5.0144,-1.5191
482.00,9.6255,5.0921,-1.3802,11.7580,-4.5304,-2.4394,9.4181,4.8098,-1.4253
482.50,9.6433,5.0064,-1.4319,11.6851,-4.5891,-2.4952,9.4298,4.7169,-1.4846
483.00,9.6502,4.8945,-1.6130,11.5889,-4.6493,-2.6815,9.4395,4.6134,-1.6674
483.50,9.6461,4.7654,-1.7284,11.4658,-4.7003,-2.7996,9.4266,4.4920,-1.7750
484.00,9.6287,4.6369,-1.6955,11.3438,-4.7448,-2.7673,9.4027,4.3547,-1.7427
484.50,9.6094,4.5080,-1.7265,11.2268,-4.7893,-2.8023,9.3883,4.2316,-1.7777
485.00,9.5849,4.3799,-1.7486,11.1049,-4.8305,-2.8273,9.3503,4.1061,-1.8027
485.50,9.5588,4.2521,-1.7805,10.9799,-4.8700,-2.8601,9.3224,3.9743,-1.8233
486.00,9.5311,4.1251,-1.7725,10.8591,-4.9044,-2.8516,9.2904,3.8479,-1.8163
486.50,9.5017,3.9981,-1.8071,10.7276,-4.9414,-2.8886,9.2496,3.7158,-1.8526
487.00,9.4726,3.8715,-1.7934,10.6028,-4.9742,-2.8759,9.2188,3.5973,-1.8350
487.50,9.4396,3.7454,-1.8510,10.4749,-5.0060,-2.9341,9.1815,3.4709,-1.8912
488.00,9.3978,3.6225,-1.9609,10.3486,-5.0256,-3.0462,9.1387,3.3523,-2.0015
488.50,9.3467,3.5046,-2.0437,10.2215,-5.0320,-3.1316,9.0804,3.2349,-2.0852
489.00,9.2877,3.3895,-2.0433,10.0889,-5.0318,-3.1326,9.0136,3.1205,-2.0829
489.50,9.2297,3.2733,-2.0426,9.9496,-5.0339,-3.1326,8.9465,2.9944,-2.0862
490.00,9.1693,3.1580,-2.0468,9.8154,-5.0339,-3.1382,8.8862,2.8929,-2.0892
490.50,9.1102,3.0422,-2.0550,9.6815,-5.0348,3.1370,8.8258,2.7774,-2.0940
491.00,9.0440,2.9289,-2.1072,9.5481,-5.0302,3.0804,8.7552,2.6644,-2.1504
491.50,8.9733,2.8186,-2.1532,9.4112,-5.0190,3.0336,8.6748,2.5610,-2.1948
492.00,8.9020,2.7100,-2.1321,9.2785,-5.0048,3.0542,8.6067,2.4528,-2.1677
492.50,8.8353,2.5989,-2.1133,9.1533,-4.9957,3.0734,8.5340,2.3478,-2.1497
493.00,8.7675,2.4878,-2.1184,9.0155,-4.9857,3.0672,8.4542,2.2329,-2.1556
493.50,8.6973,2.3774,-2.1443,8.8810,-4.9743,3.0408,8.3849,2.1224,-2.1814
494.00,8.6241,2.2694,-2.1628,8.7510,-4.9590,3.0190,8.3122,2.0221,-2.1997
494.50,8.5553,2.1600,-2.1227,8.6162,-4.9454,3.0600,8.2302,1.9111,-2.1588
495.00,8.4884,2.0489,-2.1086,8.4817,-4.9349,3.0713,8.1613,1.8026,-2.1474
495.50,8.4204,1.9375,-2.1240,8.3502,-4.9249,3.0544,8.0924,1.6964,-2.1591
496.00,8.3498,1.8278,-2.1394,8.2209,-4.9117,3.0366,8.0188,1.5893,-2.1769
496.50,8.2792,1.7184,-2.1495,8.0889,-4.8974,3.0239,7.9330,1.4803,-2.1896
497.00,8.2074,1.6098,-2.1521,7.9542,-4.8810,3.0196,7.8722,1.3738,-2.1890
497.50,8.1406,1.4988,-2.0718,7.8236,-4.8698,3.1012,7.7957,1.2704,-2.1071
498.00,8.0806,1.3837,-2.0576,7.6922,-4.8665,3.1143,7.7298,1.1507,-2.0937
498.50,8.0144,1.2705,-2.1091,7.5602,-4.8591,3.0610,7.6589,1.0385,-2.1437
499.00,7.9430,1.1604,-2.1541,7.4290,-4.8454,3.0123,7.5843,0.9296,-2.1907
499.50,7.8729,1.0514,-2.1319,7.2975,-4.8293,3.0342,7.5079,0.8261,-2.1671
500.00,7.8048,0.9409,-2.1339,7.1655,-4.8159,3.0321,7.4391,0.7174,-2.1696
500.50,7.7303,0.8330,-2.1900,7.0326,-4.7971,2.9719,7.3638,0.6094,-2.2253
501.00,7.6518,0.7285,-2.2235,6.9016,-4.7721,2.9362,7.2708,0.5052,-2.2578
501.50,7.5738,0.6248,-2.2131,6.7687,-4.7454,2.9468,7.2046,0.4044,-2.2435
502.00,7.4938,0.5219,-2.2450,6.6352,-4.7166,2.9120,7.1090,0.3055,-2.2786
502.50,7.4136,0.4198,-2.2298,6.5087,-4.6880,2.9279,7.0329,0.2062,-2.2595
503.00,7.3324,0.3180,-2.2559,6.3807,-4.6586,2.8997,6.9505,0.1115,-2.2878
503.50,7.2492,0.2179,-2.2702,6.2487,-4.6249,2.8844,6.8592,0.0075,-2.3029
504.00,7.1652,0.1187,-2.2745,6.1143,-4.5891,2.8795,6.7680,-0.0929,-2.3057
504.50,7.0791,0.0210,-2.3254,5.9823,-4.5507,2.8264,6.6868,-0.1793,-2.3575
505.00,6.9889,-0.0727,-2.3415,5.8629,-4.5100,2.8085,6.5988,-0.2702,-2.3732
505.50,6.9005,-0.1677,-2.2730,5.7420,-4.4714,2.8759,6.5047,-0.3605,-2.3051
506.00,6.8206,-0.2700,-2.2072,5.6157,-4.4420,2.9402,6.4183,-0.4631,-2.2384
506.50,6.7438,-0.3748,-2.2226,5.4881,-4.4162,2.9241,6.3419,-0.5687,-2.2533
507.00,6.6603,-0.4745,-2.3133,5.3641,-4.3825,2.8304,6.2562,-0.6610,-2.3460
507.50,6.5710,-0.5691,-2.3229,5.2387,-4.3401,2.8178,6.1568,-0.7538,-2.3550
508.00,6.4859,-0.6672,-2.2395,5.1146,-4.3037,2.8998,6.0724,-0.8487,-2.2695
508.50,6.4085,-0.7712,-2.2051,4.9893,-4.2762,2.9343,5.9889,-0.9491,-2.2350
509.00,6.3317,-0.8760,-2.1800,4.8538,-4.2478,2.9555,5.9026,-1.0578,-2.2121
509.50,6.2618,-0.9828,-2.0161,4.7300,-4.2330,3.1175,5.8442,-1.1572,-2.0483
510.00,6.2000,-1.0965,-1.7466,4.6024,-4.2465,-2.8981,5.7852,-1.2779,-1.7789
510.50,6.1561,-1.2192,-1.4568,4.4720,-4.3011,-2.6074,5.7510,-1.4106,-1.4865
511.00,6.1648,-1.3471,-1.3531,4.3647,-4.3741,-2.5047,5.7336,-1.5189,-1.3814
511.50,6.1895,-1.4745,-1.4173,4.2558,-4.4513,-2.5701,5.7500,-1.6505,-1.4466
512.00,6.2056,-1.6040,-1.6246,4.1348,-4.5131,-2.7822,5.7532,-1.7865,-1.6587
512.50,6.2025,-1.7270,-1.6859,4.0205,-4.5505,-2.8455,5.7532,-1.8957,-1.7185
513.00,6.1944,-1.7975,-1.6376,3.9542,-4.5722,-2.7962,5.7482,-1.9749,-1.6675
513.50,6.1934,-1.8098,-1.5860,3.9430,-4.5763,-2.7453,5.7368,-1.9867,-1.6148
514.00,6.2001,-1.8098,-1.5327,3.9397,-4.5778,-2.6931,5.7368,-1.9904,-1.5626
514.50,6.2077,-1.8098,-1.4812,3.9321,-4.5817,-2.6431,5.7371,-1.9989,-1.5126
515.00,6.2147,-1.8098,-1.4316,3.9250,-4.5857,-2.5951,5.7377,-2.0071,-1.4646
515.50,6.2213,-1.8098,-1.3837,3.9202,-4.5888,-2.5486,5.7384,-2.0128,-1.4181
516.00,6.2274,-1.8099,-1.3373,3.9154,-4.5922,-2.5036,5.7394,-2.0185,-1.3731
516.50,6.2335,-1.8133,-1.2836,3.9095,-4.5968,-2.4517,5.7411,-2.0259,-1.3213
517.00,6.2491,-1.8633,-1.1928,3.8708,-4.6328,-2.3578,5.7962,-2.0463,-1.2204
517.50,6.2861,-1.9691,-1.2368,3.7877,-4.7129,-2.4057,5.8381,-2.1453,-1.2699
518.00,6.3280,-2.0879,-1.2125,3.6916,-4.7998,-2.3831,5.8745,-2.2748,-1.2439
518.50,6.3781,-2.1868,-1.0507,3.6135,-4.8855,-2.2201,5.9097,-2.3715,-1.0809
519.00,6.4439,-2.2953,-0.9627,3.5395,-4.9945,-2.1329,5.9835,-2.4843,-0.9920
519.50,6.5172,-2.4024,-0.9766,3.4706,-5.1021,-2.1483,6.0444,-2.5873,-1.0071
520.00,6.5874,-2.5112,-1.0013,3.3982,-5.2095,-2.1749,6.1116,-2.6981,-1.0304
520.50,6.6588,-2.6203,-0.9867,3.3249,-5.3169,-2.1610,6.1791,-2.8092,-1.0165
521.00,6.7286,-2.7294,-1.0122,3.2501,-5.4260,-2.1887,6.2476,-2.9223,-1.0442
521.50,6.7983,-2.8395,-1.0026,3.1748,-5.5325,-2.1799,6.3160,-3.0351,-1.0320
522.00,6.8681,-2.9492,-1.0041,3.1014,-5.6374,-2.1828,6.3789,-3.1452,-1.0367
522.50,6.9413,-3.0577,-0.9690,3.0276,-5.7462,-2.1486,6.4469,-3.2520,-0.9977
523.00,7.0179,-3.1636,-0.9379,2.9613,-5.8514,-2.1186,6.5202,-3.3553,-0.9672
523.50,7.0962,-3.2678,-0.9201,2.8939,-5.9639,-2.1022,6.5952,-3.4627,-0.9493
524.00,7.1742,-3.3715,-0.9407,2.8219,-6.0850,-2.1246,6.6814,-3.5831,-0.9714
524.50,7.2504,-3.4768,-0.9378,2.7514,-6.1981,-2.1229,6.7553,-3.6887,-0.9697
525.00,7.3287,-3.5809,-0.9174,2.6809,-6.3145,-2.1041,6.8231,-3.7904,-0.9474
525.50,7.4091,-3.6834,-0.8991,2.6144,-6.4294,-2.0871,6.9015,-3.8975,-0.9269
526.00,7.4892,-3.7855,-0.9172,2.5506,-6.5404,-2.1067,6.9778,-4.0003,-0.9465
526.50,7.5668,-3.8895,-0.9358,2.4814,-6.6543,-2.1264,7.0546,-4.1092,-0.9628
527.00,7.6411,-3.9955,-0.9861,2.4109,-6.7634,-2.1780,7.1269,-4.2072,-1.0144
527.50,7.7073,-4.1063,-1.0666,2.3332,-6.8670,-2.2592,7.1909,-4.3198,-1.0926
528.00,7.7645,-4.2241,-1.1989,2.2366,-6.9686,-2.3958,7.2463,-4.4486,-1.2287
528.50,7.8126,-4.3469,-1.2933,2.1323,-7.0578,-2.4900,7.2872,-4.5797,-1.3194
529.00,7.8522,-4.4746,-1.5214,2.0166,-7.1283,-2.7209,7.3067,-4.6937,-1.5468
529.50,7.8735,-4.6042,-1.7214,1.8959,-7.1681,-2.9227,7.3250,-4.8205,-1.7451
530.00,7.8671,-4.7302,-1.9195,1.7678,-7.1846,-3.1224,7.3130,-4.9452,-1.9483
530.50,7.8288,-4.8467,-2.1280,1.6442,-7.1741,2.9507,7.2837,-5.0652,-2.1509
531.00,7.7562,-4.9486,-2.3081,1.5204,-7.1372,2.7677,7.2142,-5.1659,-2.3344
531.50,7.6641,-5.0410,-2.3953,1.3967,-7.0824,2.6796,7.1262,-5.2592,-2.4161
532.00,7.5707,-5.1218,-2.4579,1.2871,-7.0229,2.6152,7.0298,-5.3383,-2.4799
532.50,7.5156,-5.1654,-2.4914,1.2227,-6.9841,2.5807,6.9696,-5.3834,-2.5110
533.00,7.5058,-5.1723,-2.5258,1.2108,-6.9765,2.5449,6.9581,-5.3916,-2.5467
533.50,7.5059,-5.1708,-2.5613,1.2126,-6.9779,2.5078,6.9600,-5.3904,-2.5839
534.00,7.5060,-5.1688,-2.5977,1.2145,-6.9794,2.4700,6.9622,-5.3892,-2.6216
534.50,7.5060,-5.1664,-2.6350,1.2169,-6.9814,2.4312,6.9650,-5.3877,-2.6604
535.00,7.5060,-5.1634,-2.6734,1.2195,-6.9838,2.3913,6.9681,-5.3862,-2.7003
535.50,7.5061,-5.1601,-2.7129,1.2226,-6.9868,2.3510,6.9720,-5.3844,-2.7407
536.00,7.5061,-5.1562,-2.7534,1.2255,-6.9898,2.3089,6.9759,-5.3829,-2.7827
536.50,7.5062,-5.1518,-2.7951,1.2284,-6.9932,2.2655,6.9801,-5.3814,-2.8261
537.00,7.5062,-5.1470,-2.8379,1.2318,-6.9974,2.2212,6.9853,-5.3799,-2.8705
537.50,7.5062,-5.1417,-2.8821,1.2356,-7.0027,2.1756,6.9917,-5.3782,-2.9160
538.00,7.5063,-5.1362,-2.9251,1.2392,-7.0081,2.1313,6.9980,-5.3769,-2.9603
538.50,7.5063,-5.1315,-2.9601,1.2414,-7.0118,2.0948,7.0023,-5.3762,-2.9968
539.00,7.5063,-5.1266,-2.9961,1.2437,-7.0159,2.0573,7.0069,-5.3756,-3.0343
539.50,7.5063,-5.1214,-3.0329,1.2458,-7.0201,2.0190,7.0116,-5.3752,-3.0727
540.00,7.5063,-5.1159,-3.0708,1.2480,-7.0249,1.9796,7.0169,-5.3749,-3.1120
540.50,7.5063,-5.1102,-3.1097,1.2499,-7.0295,1.9390,7.0219,-5.3749,3.1305
541.00,7.5063,-5.1042,3.1334,1.2511,-7.0326,1.8970,7.0252,-5.3750,3.0886
541.50,7.5063,-5.0983,3.0937,1.2495,-7.0277,1.8557,7.0200,-5.3746,3.0472
542.00,7.5063,-5.0927,3.0552,1.2478,-7.0215,1.8158,7.0136,-5.3739,3.0074
542.50,7.5063,-5.0873,3.0178,1.2466,-7.0163,1.7759,7.0084,-5.3730,2.9675
543.00,7.5063,-5.0822,2.9813,1.2456,-7.0108,1.7376,7.0029,-5.3720,2.9292
543.50,7.5063,-5.0774,2.9457,1.2449,-7.0063,1.7006,6.9984,-5.3709,2.8921
544.00,7.5063,-5.0729,2.9110,1.2444,-7.0021,1.6643,6.9943,-5.3698,2.8558
544.50,7.5062,-5.0686,2.8771,1.2441,-6.9970,1.6286,6.9895,-5.3683,2.8202
545.00,7.5062,-5.0646,2.8439,1.2439,-6.9922,1.5942,6.9850,-5.3667,2.7858
545.50,7.5062,-5.0609,2.8115,1.2438,-6.9888,1.5604,6.9818,-5.3655,2.7519
546.00,7.5062,-5.0574,2.7798,1.2439,-6.9859,1.5268,6.9791,-5.3643,2.7183
546.50,7.5061,-5.0542,2.7488,1.2441,-6.9823,1.4939,6.9759,-5.3628,2.6855
547.00,7.5061,-5.0513,2.7184,1.2445,-6.9781,1.4617,6.9721,-5.3609,2.6533
547.50,7.5061,-5.0487,2.6886,1.2448,-6.9758,1.4301,6.9701,-5.3598,2.6216
548.00,7.5060,-5.0463,2.6594,1.2452,-6.9733,1.3989,6.9679,-5.3585,2.5904
548.50,7.5060,-5.0442,2.6308,1.2456,-6.9711,1.3685,6.9660,-5.3573,2.5601
549.00,7.5060,-5.0424,2.6027,1.2461,-6.9686,1.3389,6.9639,-5.3558,2.5305
549.50,7.5059,-5.0408,2.5753,1.2465,-6.9670,1.3099,6.9626,-5.3549,2.5014
550.00,7.5059,-5.0395,2.5483,1.2469,-6.9658,1.2812,6.9615,-5.3541,2.4728
550.50,7.5058,-5.0384,2.5219,1.2472,-6.9647,1.2532,6.9606,-5.3534,2.4447
551.00,7.5058,-5.0376,2.4960,1.2475,-6.9639,1.2255,6.9600,-5.3528,2.4170
551.50,7.5058,-5.0371,2.4706,1.2476,-6.9635,1.1986,6.9597,-5.3526,2.3901
552.00,7.5057,-5.0368,2.4456,1.2477,-6.9635,1.1720,6.9597,-5.3525,2.3635
552.50,7.5057,-5.0367,2.4238,1.2477,-6.9634,1.1481,6.9596,-5.3525,2.3397
553.00,7.5055,-5.0367,2.4004,1.2478,-6.9633,1.1228,6.9595,-5.3523,2.3144
553.50,7.5052,-5.0368,2.3753,1.2479,-6.9629,1.0960,6.9592,-5.3521,2.2875
554.00,7.5051,-5.0368,2.3497,1.2481,-6.9627,1.0693,6.9591,-5.3518,2.2608
554.50,7.5050,-5.0367,2.3243,1.2480,-6.9627,1.0422,6.9591,-5.3519,2.2337
555.00,7.5050,-5.0365,2.2996,1.2482,-6.9625,1.0158,6.9589,-5.3517,2.2074
555.50,7.5050,-5.0365,2.2752,1.2482,-6.9625,0.9897,6.9589,-5.3517,2.1812
556.00,7.5052,-5.0365,2.2505,1.2479,-6.9628,0.9640,6.9592,-5.3520,2.1555
556.50,7.5057,-5.0366,2.2253,1.2477,-6.9631,0.9369,6.9594,-5.3523,2.1284
557.00,7.5064,-5.0366,2.1995,1.2475,-6.9634,0.9090,6.9596,-5.3527,2.1005
557.50,7.5074,-5.0367,2.1733,1.2473,-6.9637,0.8811,6.9597,-5.3530,2.0727
558.00,7.5086,-5.0367,2.1465,1.2467,-6.9644,0.8529,6.9601,-5.3537,2.0444
558.50,7.5101,-5.0367,2.1192,1.2449,-6.9663,0.8242,6.9613,-5.3561,2.0157
559.00,7.5118,-5.0368,2.0914,1.2435,-6.9678,0.7941,6.9622,-5.3580,1.9857
559.50,7.5138,-5.0368,2.0630,1.2420,-6.9693,0.7641,6.9630,-5.3600,1.9557
560.00,7.5161,-5.0368,2.0340,1.2401,-6.9711,0.7335,6.9639,-5.3624,1.9251
560.50,7.5186,-5.0369,2.0044,1.2378,-6.9731,0.7025,6.9650,-5.3653,1.8941
561.00,7.5214,-5.0369,1.9742,1.2359,-6.9747,0.6699,6.9657,-5.3676,1.8615
561.50,7.5245,-5.0369,1.9434,1.2332,-6.9768,0.6377,6.9666,-5.3709,1.8292
562.00,7.5279,-5.0370,1.9119,1.2301,-6.9790,0.6042,6.9676,-5.3746,1.7958
562.50,7.5315,-5.0370,1.8797,1.2257,-6.9819,0.5705,6.9687,-5.3798,1.7621
563.00,7.5354,-5.0370,1.8468,1.2221,-6.9841,0.5361,6.9694,-5.3839,1.7276
563.50,7.5396,-5.0370,1.8132,1.2174,-6.9868,0.5008,6.9701,-5.3893,1.6923
564.00,7.5441,-5.0371,1.7788,1.2131,-6.9891,0.4648,6.9706,-5.3941,1.6563
564.50,7.5488,-5.0371,1.7435,1.2091,-6.9910,0.4278,6.9710,-5.3986,1.6193
565.00,7.5538,-5.0371,1.7073,1.2034,-6.9935,0.3905,6.9711,-5.4047,1.5821
565.50,7.5591,-5.0371,1.6702,1.1987,-6.9953,0.3523,6.9711,-5.4097,1.5439
566.00,7.5646,-5.0371,1.6321,1.1923,-6.9975,0.3124,7.0193,-5.2812,1.5929
566.50,7.5704,-5.0371,1.5929,1.1858,-6.9994,0.2711,7.0222,-5.2632,1.5673
567.00,7.5764,-5.0371,1.5527,1.1842,-6.9999,0.2291,7.0222,-5.2648,1.5254
567.50,7.5822,-5.0371,1.5133,1.1910,-6.9984,0.1877,7.0226,-5.2579,1.4839
568.00,7.5878,-5.0371,1.4751,1.1978,-6.9973,0.1477,7.0234,-5.2511,1.4440
568.50,7.5931,-5.0371,1.4379,1.2026,-6.9967,0.1093,7.0241,-5.2462,1.4055
569.00,7.5981,-5.0371,1.4016,1.2080,-6.9962,0.0716,7.0251,-5.2409,1.3679
569.50,7.6029,-5.0371,1.3663,1.2122,-6.9959,0.0348,7.0260,-5.2368,1.3310
570.00,7.6074,-5.0370,1.3318,1.2169,-6.9959,-0.0019,7.0272,-5.2322,1.2944
570.50,7.6116,-5.0370,1.2980,1.2211,-6.9959,-0.0376,7.0284,-5.2283,1.2586
571.00,7.6162,-5.0370,1.2583,1.2263,-6.9962,-0.0794,7.0301,-5.2233,1.2169
571.50,7.6209,-5.0369,1.2157,1.2309,-6.9967,-0.1238,7.0318,-5.2190,1.1724
572.00,7.6257,-5.0336,1.1658,1.2362,-6.9974,-0.1748,7.0339,-5.2141,1.1215
572.50,7.6416,-4.9866,1.0085,1.2813,-7.0093,-0.3380,7.1111,-5.2056,0.9826
573.00,7.6754,-4.9379,0.9013,1.3381,-7.0332,-0.4495,7.1388,-5.1567,0.8747
573.50,7.6793,-4.9332,0.8950,1.3443,-7.0362,-0.4564,7.1437,-5.1520,0.8713
574.00,7.6793,-4.9332,0.8950,1.3443,-7.0362,-0.4577,7.1437,-5.1520,0.8700
574.50,7.6793,-4.9332,0.8950,1.3443,-7.0362,-0.4594,7.1437,-5.1520,0.8683
575.00,7.6897,-4.9192,0.9310,1.3574,-7.0424,-0.4270,7.1529,-5.1407,0.9007
575.50,7.7253,-4.8533,1.0766,1.4273,-7.0679,-0.2806,7.1945,-5.0790,1.0471
576.00,7.7731,-4.7391,1.1771,1.5440,-7.0957,-0.1841,7.2496,-4.9626,1.1505
576.50,7.8143,-4.6158,1.3313,1.6760,-7.1098,-0.0327,7.2842,-4.8377,1.3054
577.00,7.8468,-4.4874,1.5634,1.8144,-7.1001,0.1991,7.3070,-4.7009,1.5408
577.50,7.8587,-4.3580,1.7268,1.9375,-7.0633,0.3594,7.3146,-4.5825,1.6993
578.00,7.8446,-4.2310,1.8290,2.0557,-7.0115,0.4613,7.3066,-4.4556,1.8011
578.50,7.8158,-4.1069,1.9348,2.1731,-6.9463,0.5652,7.2854,-4.3263,1.9068
579.00,7.7725,-3.9886,2.0491,2.2778,-6.8701,0.6799,7.2511,-4.2031,2.0233
579.50,7.7121,-3.8738,2.0631,2.3810,-6.7856,0.6904,7.2013,-4.0890,2.0321
580.00,7.6460,-3.7608,2.1127,2.4844,-6.6963,0.7387,7.1378,-3.9725,2.0838
580.50,7.5815,-3.6486,2.0794,2.5841,-6.6077,0.7041,7.0738,-3.8654,2.0509
581.00,7.5198,-3.5346,2.0671,2.6831,-6.5252,0.6905,7.0157,-3.7547,2.0391
581.50,7.4606,-3.4193,2.0522,2.7895,-6.4407,0.6710,6.9566,-3.6224,2.0178
582.00,7.3946,-3.3060,2.1144,2.8897,-6.3561,0.7342,6.9006,-3.5136,2.0880
582.50,7.3254,-3.1953,2.1315,2.9875,-6.2665,0.7494,6.8310,-3.4004,2.1015
583.00,7.2543,-3.0859,2.1509,3.0849,-6.1745,0.7674,6.7655,-3.2883,2.1218
583.50,7.1864,-2.9755,2.0837,3.1830,-6.0844,0.6961,6.7014,-3.1762,2.0505
584.00,7.1251,-2.8610,2.0643,3.2816,-6.0053,0.6750,6.6451,-3.0627,2.0329
584.50,7.0576,-2.7490,2.1497,3.3821,-5.9183,0.7600,6.5843,-2.9459,2.1191
585.00,6.9817,-2.6425,2.2048,3.4795,-5.8198,0.8158,6.5067,-2.8331,2.1761
585.50,6.9062,-2.5371,2.1819,3.5694,-5.7262,0.7901,6.4370,-2.7318,2.1492
586.00,6.8330,-2.4301,2.1656,3.6605,-5.6357,0.7744,6.3613,-2.6236,2.1376
586.50,6.7632,-2.3211,2.1362,3.7547,-5.5472,0.7385,6.2983,-2.5131,2.1005
587.00,6.6900,-2.2126,2.1771,3.8534,-5.4538,0.7794,6.2306,-2.3972,2.1460
587.50,6.6154,-2.1061,2.1674,3.9454,-5.3622,0.7685,6.1564,-2.2916,2.1363
588.00,6.5442,-1.9977,2.1546,4.0386,-5.2743,0.7533,6.0891,-2.1825,2.1234
588.50,6.4734,-1.8889,2.1460,4.1336,-5.1861,0.7430,6.0247,-2.0716,2.1131
589.00,6.3994,-1.7809,2.1829,4.2260,-5.0985,0.7784,5.9548,-1.9636,2.1509
589.50,6.3220,-1.6758,2.2122,4.3157,-5.0072,0.8056,5.8807,-1.8539,2.1793
590.00,6.2426,-1.5724,2.2313,4.4069,-4.9103,0.8230,5.7934,-1.7455,2.2024
590.50,6.1632,-1.4697,2.2225,4.4942,-4.8165,0.8122,5.7255,-1.6453,2.1904
591.00,6.0843,-1.3664,2.2247,4.5898,-4.7158,0.8128,5.6417,-1.5321,2.1934
591.50,6.0043,-1.2636,2.2396,4.6812,-4.6182,0.8267,5.5655,-1.4308,2.2084
592.00,5.9235,-1.1617,2.2451,4.7722,-4.5195,0.8293,5.4915,-1.3227,2.2134
592.50,5.8409,-1.0611,2.2660,4.8615,-4.4201,0.8488,5.4088,-1.2224,2.2329
593.00,5.7567,-0.9620,2.2884,4.9473,-4.3209,0.8694,5.3328,-1.1196,2.2558
593.50,5.6687,-0.8667,2.3452,5.0275,-4.2210,0.9251,5.2426,-1.0252,2.3127
594.00,5.5748,-0.7774,2.4382,5.1000,-4.1168,1.0153,5.1535,-0.9350,2.4052
594.50,5.4709,-0.6974,2.5725,5.1673,-3.9922,1.1487,5.0500,-0.8464,2.5421
595.00,5.3575,-0.6275,2.6760,5.2158,-3.8647,1.2526,4.9351,-0.7763,2.6443
595.50,5.2405,-0.5708,2.7178,5.2561,-3.7370,1.2902,4.8233,-0.7138,2.6835
596.00,5.1188,-0.5228,2.8665,5.2844,-3.6063,1.4391,4.7058,-0.6627,2.8369
596.50,4.9926,-0.4870,2.9082,5.2972,-3.4753,1.4823,4.5857,-0.6298,2.8801
597.00,4.8685,-0.4514,2.7842,5.3149,-3.3491,1.3561,4.4651,-0.5859,2.7521
597.50,4.7522,-0.4049,2.5938,5.3532,-3.2311,1.1625,4.3466,-0.5274,2.5612
598.00,4.6522,-0.3403,2.5349,5.4054,-3.1224,1.1017,4.2482,-0.4669,2.5030
598.50,4.5672,-0.2854,2.6107,5.4515,-3.0253,1.1756,4.1532,-0.4051,2.5777
599.00,4.4590,-0.2400,2.8184,5.4852,-2.9154,1.3843,4.0614,-0.3605,2.7881
599.50,4.3329,-0.2039,2.9574,5.5001,-2.7779,1.5227,3.9166,-0.3237,2.9265
600.00,4.2298,-0.1817,2.9279,5.5056,-2.6657,1.4908,3.8209,-0.2997,2.8946
600.50,4.1458,-0.1545,2.7406,5.5202,-2.5780,1.2980,3.7368,-0.2703,2.7053
601.00,4.0420,-0.1089,2.6142,5.5586,-2.4713,1.1697,3.6439,-0.2151,2.5806
601.50,3.9540,-0.0570,2.6332,5.5978,-2.3794,1.1865,3.5578,-0.1664,2.5990
602.00,3.8562,-0.0129,2.8007,5.6316,-2.2737,1.3542,3.4449,-0.1113,2.7683
602.50,3.7304,0.0216,2.9740,5.6479,-2.1386,1.5285,3.3169,-0.0796,2.9429
603.00,3.6147,0.0429,2.9811,5.6510,-2.0160,1.5332,3.2083,-0.0527,2.9475
603.50,3.5279,0.0659,2.8176,5.6605,-1.9288,1.3669,3.1236,-0.0297,2.7812
604.00,3.4176,0.1043,2.6856,5.6924,-1.8198,1.2310,3.0275,0.0189,2.6506
604.50,3.3013,0.1610,2.6835,5.7366,-1.6970,1.2284,2.9028,0.0812,2.6497
605.00,3.1834,0.2148,2.7562,5.7791,-1.5694,1.2967,2.7928,0.1367,2.7215
605.50,3.0612,0.2599,2.8086,5.8112,-1.4366,1.3489,2.6563,0.1878,2.7790
606.00,2.9382,0.3010,2.8359,5.8407,-1.3046,1.3741,2.5397,0.2358,2.8058
606.50,2.8144,0.3414,2.7983,5.8677,-1.1757,1.3355,2.4158,0.2702,2.7672
607.00,2.7198,0.3806,2.7589,5.8958,-1.0739,1.2908,2.3239,0.3124,2.7261
607.50,2.6830,0.3972,2.8000,5.9067,-1.0337,1.3326,2.2988,0.3287,2.7679
608.00,2.6659,0.3976,2.8773,5.9101,-1.0160,1.4106,2.2818,0.3345,2.8458
608.50,2.5899,0.4126,2.8945,5.9212,-0.9376,1.4257,2.1975,0.3564,2.8627
609.00,2.4690,0.4425,2.7686,5.9473,-0.8086,1.2977,2.0813,0.3894,2.7357
609.50,2.3519,0.4882,2.6423,5.9917,-0.6877,1.1658,1.9718,0.4398,2.6075
610.00,2.2378,0.5494,2.6641,6.0446,-0.5651,1.1850,1.8714,0.5009,2.6300
610.50,2.1292,0.6040,2.8402,6.0833,-0.4469,1.3595,1.7507,0.5515,2.8093
611.00,2.0088,0.6499,3.1107,6.0920,-0.3239,1.6303,1.6311,0.5835,3.0801
611.50,1.8790,0.6618,-3.0585,6.0747,-0.1902,1.7437,1.5032,0.6141,-3.0885
612.00,1.7498,0.6483,-2.9897,6.0496,-0.0633,1.8093,1.3779,0.6115,-3.0208
612.50,1.6219,0.6264,-2.9614,6.0155,0.0620,1.8378,1.2546,0.5926,-2.9898
613.00,1.4932,0.6095,-3.0662,5.9851,0.1920,1.7350,1.1116,0.5776,-3.0914
613.50,1.3634,0.6015,3.0467,5.9767,0.3202,1.5588,0.9909,0.5836,3.0121
614.00,1.2341,0.6116,3.0576,5.9792,0.4530,1.5691,0.8618,0.5906,3.0292
614.50,1.1044,0.6159,3.1161,5.9756,0.5898,1.6259,0.7298,0.5992,3.0873
615.00,0.9744,0.6121,-3.1321,5.9666,0.7168,1.6588,0.6074,0.6041,3.1214
615.50,0.8444,0.6075,-3.1387,5.9540,0.8471,1.6517,0.4847,0.5985,3.1166
616.00,0.7149,0.6125,2.9671,5.9535,0.9784,1.4680,0.3452,0.6119,2.9341
616.50,0.5897,0.6271,2.7704,5.9786,1.1048,1.2712,0.2406,0.6406,2.7422
617.00,0.4737,0.6699,2.5896,6.0288,1.2253,1.0868,0.1380,0.6830,2.5605
617.50,0.3750,0.7369,2.4117,6.0933,1.3278,0.9064,0.0361,0.7445,2.3791
618.00,0.3058,0.8114,2.1944,6.1648,1.4016,0.6872,-0.0355,0.8163,2.1661
618.50,0.2471,0.9080,1.9483,6.2609,1.4629,0.4405,-0.0878,0.9127,1.9202
619.00,0.1972,1.0307,1.7133,6.3827,1.5034,0.2032,-0.1057,1.0358,1.6865
619.50,0.1636,1.1603,1.5394,6.5196,1.5207,0.0296,-0.1233,1.1696,1.5122
620.00,0.1458,1.2820,1.2778,6.6445,1.5098,-0.2358,-0.1231,1.2930,1.2500
620.50,0.1550,1.3576,1.0180,6.7166,1.4825,-0.4988,-0.1291,1.3623,0.9940
621.00,0.2086,1.4324,0.7963,6.7917,1.4292,-0.7218,-0.0798,1.4329,0.7745
621.50,0.3050,1.5162,0.6278,6.8778,1.3385,-0.8947,0.0071,1.5120,0.6016
622.00,0.4136,1.5913,0.5315,6.9548,1.2321,-0.9927,0.1191,1.5907,0.5071
622.50,0.4967,1.6400,0.4905,7.0044,1.1521,-1.0349,0.2024,1.6345,0.4649
623.00,0.5263,1.6567,0.4524,7.0216,1.1221,-1.0751,0.2338,1.6591,0.4283
623.50,0.5263,1.6548,0.4125,7.0209,1.1236,-1.1160,0.2323,1.6585,0.3873
624.00,0.5263,1.6508,0.3716,7.0191,1.1277,-1.1590,0.2281,1.6570,0.3443
624.50,0.5262,1.6462,0.3294,7.0175,1.1317,-1.2031,0.2239,1.6556,0.3002
625.00,0.5262,1.6412,0.2860,7.0158,1.1364,-1.2486,0.2192,1.6543,0.2547
625.50,0.5262,1.6356,0.2413,7.0137,1.1432,-1.2943,0.2123,1.6526,0.2090
626.00,0.5261,1.6296,0.1951,7.0121,1.1495,-1.3421,0.2058,1.6514,0.1612
626.50,0.5261,1.6231,0.1475,7.0104,1.1575,-1.3914,0.1977,1.6503,0.1119
627.00,0.5261,1.6166,0.1010,7.0094,1.1643,-1.4389,0.1909,1.6497,0.0645
627.50,0.5261,1.6110,0.0629,7.0088,1.1693,-1.4791,0.1859,1.6495,0.0243
628.00,0.5261,1.6052,0.0238,7.0084,1.1753,-1.5200,0.1999,1.6073,-0.0063
628.50,0.5261,1.5992,-0.0164,7.0083,1.1764,-1.5619,0.1988,1.6073,-0.0482
629.00,0.5261,1.5934,-0.0558,7.0083,1.1701,-1.6030,0.2051,1.6069,-0.0892
629.50,0.5261,1.5878,-0.0941,7.0080,1.1656,-1.6434,0.2096,1.6064,-0.1296
630.00,0.5261,1.5848,-0.1155,7.0078,1.1628,-1.6654,0.2124,1.6060,-0.1516
630.50,0.5261,1.5848,-0.1155,7.0078,1.1628,-1.6673,0.2124,1.6060,-0.1535
631.00,0.5261,1.5848,-0.1155,7.0078,1.1628,-1.6689,0.2124,1.6060,-0.1551
631.50,0.5261,1.5848,-0.1155,7.0078,1.1628,-1.6709,0.2124,1.6060,-0.1571
632.00,0.5261,1.5848,-0.1155,7.0078,1.1628,-1.6724,0.2124,1.6060,-0.1586
632.50,0.5261,1.5848,-0.1155,7.0078,1.1628,-1.6746,0.2124,1.6060,-0.1608
633.00,0.5261,1.5848,-0.1155,7.0078,1.1628,-1.6761,0.2124,1.6060,-0.1624
633.50,0.5261,1.5848,-0.1155,7.0078,1.1628,-1.6777,0.2124,1.6060,-0.1639
634.00,0.5261,1.5848,-0.1155,7.0078,1.1628,-1.6794,0.2124,1.6060,-0.1656
634.50,0.5261,1.5848,-0.1155,7.0078,1.1628,-1.6812,0.2124,1.6060,-0.1674
635.00,0.5261,1.5848,-0.1155,7.0078,1.1628,-1.6833,0.2124,1.6060,-0.1695
635.50,0.5261,1.5848,-0.1155,7.0078,1.1628,-1.6851,0.2124,1.6060,-0.1713
636.00,0.5261,1.5848,-0.1155,7.0078,1.1628,-1.6868,0.2124,1.6060,-0.1730
636.50,0.5261,1.5848,-0.1155,7.0078,1.1628,-1.6884,0.2124,1.6060,-0.1746
637.00,0.5261,1.5848,-0.1155,7.0078,1.1628,-1.6899,0.2124,1.6060,-0.1761
637.50,0.5261,1.5848,-0.1155,7.0078,1.1628,-1.6913,0.2124,1.6060,-0.1775
638.00,0.5261,1.5848,-0.1155,7.0078,1.1628,-1.6931,0.2124,1.6060,-0.1793
638.50,0.5261,1.5848,-0.1155,7.0078,1.1628,-1.6951,0.2124,1.6060,-0.1813
639.00,0.5261,1.5848,-0.1155,7.0078,1.1628,-1.6971,0.2124,1.6060,-0.1833
639.50,0.5261,1.5848,-0.1155,7.0078,1.1628,-1.6992,0.2124,1.6060,-0.1854
640.00,0.5261,1.5848,-0.1155,7.0078,1.1628,-1.7011,0.2124,1.6060,-0.1873
640.50,0.5261,1.5848,-0.1155,7.0078,1.1628,-1.7029,0.2124,1.6060,-0.1891
641.00,0.5261,1.5848,-0.1155,7.0078,1.1628,-1.7039,0.2124,1.6060,-0.1901
641.50,0.5261,1.5848,-0.1155,7.0078,1.1628,-1.7060,0.2124,1.6060,-0.1922
642.00,0.5261,1.5848,-0.1155,7.0078,1.1628,-1.7081,0.2124,1.6060,-0.1944
642.50,0.5261,1.5848,-0.1155,7.0078,1.1628,-1.7103,0.2124,1.6060,-0.1965
643.00,0.5261,1.5848,-0.1155,7.0078,1.1628,-1.7124,0.2124,1.6060,-0.1986
643.50,0.5261,1.5848,-0.1155,7.0078,1.1628,-1.7136,0.2124,1.6060,-0.1998
644.00,0.5261,1.5848,-0.1155,7.0078,1.1628,-1.7156,0.2124,1.6060,-0.2018
644.50,0.5261,1.5848,-0.1155,7.0078,1.1628,-1.7176,0.2124,1.6060,-0.2038
645.00,0.5261,1.5848,-0.1155,7.0078,1.1628,-1.7197,0.2124,1.6060,-0.2059
645.50,0.5261,1.5848,-0.1155,7.0078,1.1628,-1.7207,0.2124,1.6060,-0.2069
646.00,0.5261,1.5848,-0.1155,7.0078,1.1628,-1.7222,0.2124,1.6060,-0.2084
646.50,0.5261,1.5848,-0.1155,7.0078,1.1628,-1.7237,0.2124,1.6060,-0.2100
647.00,0.5261,1.5848,-0.1155,7.0078,1.1628,-1.7255,0.2124,1.6060,-0.2117
647.50,0.5261,1.5848,-0.1155,7.0078,1.1628,-1.7279,0.2124,1.6060,-0.2141
648.00,0.5261,1.5848,-0.1155,7.0078,1.1628,-1.7300,0.2124,1.6060,-0.2162
648.50,0.5261,1.5848,-0.1155,7.0078,1.1628,-1.7310,0.2124,1.6060,-0.2172
649.00,0.5261,1.5848,-0.1155,7.0078,1.1628,-1.7325,0.2124,1.6060,-0.2187
649.50,0.5261,1.5848,-0.1155,7.0078,1.1628,-1.7343,0.2124,1.6060,-0.2205
650.00,0.5261,1.5848,-0.1155,7.0078,1.1628,-1.7361,0.2124,1.6060,-0.2223
650.50,0.5261,1.5848,-0.1155,7.0078,1.1628,-1.7381,0.2124,1.6060,-0.2243
651.00,0.5261,1.5848,-0.1155,7.0078,1.1628,-1.7400,0.2124,1.6060,-0.2263
651.50,0.5261,1.5848,-0.1155,7.0078,1.1628,-1.7416,0.2124,1.6060,-0.2278
652.00,0.5261,1.5848,-0.1155,7.0078,1.1628,-1.7435,0.2124,1.6060,-0.2297
652.50,0.5261,1.5848,-0.1155,7.0078,1.1628,-1.7453,0.2124,1.6060,-0.2315
653.00,0.5261,1.5848,-0.1155,7.0078,1.1628,-1.7469,0.2124,1.6060,-0.2331
653.50,0.5261,1.5848,-0.1155,7.0078,1.1628,-1.7486,0.2124,1.6060,-0.2349
654.00,0.5261,1.5848,-0.1155,7.0078,1.1628,-1.7504,0.2124,1.6060,-0.2366
654.50,0.5261,1.5848,-0.1155,7.0078,1.1628,-1.7525,0.2124,1.6060,-0.2387
655.00,0.5261,1.5848,-0.1155,7.0078,1.1628,-1.7545,0.2124,1.6060,-0.2407
655.50,0.5261,1.5848,-0.1155,7.0078,1.1628,-1.7558,0.2124,1.6060,-0.2420
656.00,0.5261,1.5848,-0.1155,7.0078,1.1628,-1.7575,0.2124,1.6060,-0.2437
656.50,0.5261,1.5848,-0.1155,7.0078,1.1628,-1.7591,0.2124,1.6060,-0.2453
657.00,0.5261,1.5848,-0.1155,7.0078,1.1628,-1.7609,0.2124,1.6060,-0.2472
657.50,0.5261,1.5848,-0.1155,7.0078,1.1628,-1.7630,0.2124,1.6060,-0.2492
658.00,0.5261,1.5848,-0.1155,7.0078,1.1628,-1.7650,0.2124,1.6060,-0.2512
658.50,0.5261,1.5848,-0.1155,7.0078,1.1628,-1.7660,0.2124,1.6060,-0.2522
659.00,0.5261,1.5848,-0.1155,7.0078,1.1628,-1.7680,0.2124,1.6060,-0.2542
659.50,0.5261,1.5848,-0.1155,7.0078,1.1628,-1.7693,0.2124,1.6060,-0.2555
660.00,0.5261,1.5848,-0.1155,7.0078,1.1628,-1.7718,0.2124,1.6060,-0.2580
660.50,0.5261,1.5848,-0.1155,7.0078,1.1628,-1.7730,0.2124,1.6060,-0.2593
661.00,0.5261,1.5848,-0.1155,7.0078,1.1628,-1.7746,0.2124,1.6060,-0.2608
661.50,0.5261,1.5848,-0.1155,7.0078,1.1628,-1.7766,0.2124,1.6060,-0.2629
662.00,0.5261,1.5848,-0.1155,7.0078,1.1628,-1.7781,0.2124,1.6060,-0.2644
662.50,0.5261,1.5848,-0.1155,7.0078,1.1628,-1.7796,0.2124,1.6060,-0.2658
663.00,0.5261,1.5848,-0.1155,7.0078,1.1628,-1.7816,0.2124,1.6060,-0.2678
663.50,0.5261,1.5848,-0.1155,7.0078,1.1628,-1.7834,0.2124,1.6060,-0.2696
664.00,0.5261,1.5848,-0.1155,7.0078,1.1628,-1.7853,0.2124,1.6060,-0.2715
664.50,0.5261,1.5848,-0.1155,7.0078,1.1628,-1.7879,0.2124,1.6060,-0.2741
665.00,0.5261,1.5848,-0.1155,7.0078,1.1628,-1.7895,0.2124,1.6060,-0.2757
665.50,0.5261,1.5848,-0.1155,7.0078,1.1628,-1.7915,0.2124,1.6060,-0.2777
666.00,0.5261,1.5848,-0.1155,7.0078,1.1628,-1.7927,0.2124,1.6060,-0.2789
666.50,0.5261,1.5848,-0.1155,7.0078,1.1628,-1.7947,0.2124,1.6060,-0.2809
667.00,0.5261,1.5848,-0.1155,7.0078,1.1628,-1.7963,0.2124,1.6060,-0.2825
667.50,0.5261,1.5848,-0.1155,7.0078,1.1628,-1.7979,0.2124,1.6060,-0.2842
668.00,0.5261,1.5848,-0.1155,7.0078,1.1628,-1.7994,0.2124,1.6060,-0.2856
668.50,0.5261,1.5848,-0.1155,7.0078,1.1628,-1.8011,0.2124,1.6060,-0.2873
669.00,0.5261,1.5848,-0.1155,7.0078,1.1628,-1.8030,0.2124,1.6060,-0.2892
669.50,0.5261,1.5848,-0.1155,7.0078,1.1628,-1.8046,0.2124,1.6060,-0.2908
670.00,0.5261,1.5848,-0.1155,7.0078,1.1628,-1.8065,0.2124,1.6060,-0.2927
670.50,0.5261,1.5848,-0.1155,7.0078,1.1628,-1.8084,0.2124,1.6060,-0.2946
671.00,0.5261,1.5848,-0.1155,7.0078,1.1628,-1.8101,0.2124,1.6060,-0.2963
671.50,0.5261,1.5848,-0.1155,7.0078,1.1628,-1.8121,0.2124,1.6060,-0.2983
672.00,0.5261,1.5848,-0.1155,7.0078,1.1628,-1.8135,0.2124,1.6060,-0.2997
672.50,0.5261,1.5848,-0.1155,7.0078,1.1628,-1.8158,0.2124,1.6060,-0.3020
673.00,0.5261,1.5848,-0.1155,7.0078,1.1628,-1.8176,0.2124,1.6060,-0.3038
673.50,0.5261,1.5848,-0.1155,7.0078,1.1628,-1.8198,0.2124,1.6060,-0.3060
674.00,0.5261,1.5848,-0.1155,7.0078,1.1628,-1.8222,0.2124,1.6060,-0.3084
674.50,0.5261,1.5848,-0.1155,7.0078,1.1628,-1.8241,0.2124,1.6060,-0.3103
675.00,0.5261,1.5848,-0.1155,7.0078,1.1628,-1.8254,0.2124,1.6060,-0.3116
675.50,0.5261,1.5848,-0.1155,7.0078,1.1628,-1.8267,0.2124,1.6060,-0.3129
676.00,0.5261,1.5848,-0.1155,7.0078,1.1628,-1.8284,0.2124,1.6060,-0.3146
676.50,0.5261,1.5848,-0.1155,7.0078,1.1628,-1.8301,0.2124,1.6060,-0.3163
677.00,0.5261,1.5848,-0.1155,7.0078,1.1628,-1.8316,0.2124,1.6060,-0.3178
677.50,0.5261,1.5848,-0.1155,7.0078,1.1628,-1.8326,0.2124,1.6060,-0.3188
678.00,0.5261,1.5848,-0.1155,7.0078,1.1628,-1.8346,0.2124,1.6060,-0.3208
678.50,0.5261,1.5848,-0.1155,7.0078,1.1628,-1.8365,0.2124,1.6060,-0.3227
679.00,0.5261,1.5848,-0.1155,7.0078,1.1628,-1.8382,0.2124,1.6060,-0.3244
679.50,0.5261,1.5848,-0.1155,7.0078,1.1628,-1.8404,0.2124,1.6060,-0.3266
680.00,0.5261,1.5848,-0.1155,7.0078,1.1628,-1.8422,0.2124,1.6060,-0.3284
680.50,0.5261,1.5848,-0.1155,7.0078,1.1628,-1.8443,0.2124,1.6060,-0.3305
681.00,0.5261,1.5848,-0.1155,7.0078,1.1628,-1.8459,0.2124,1.6060,-0.3321
681.50,0.5261,1.5848,-0.1155,7.0078,1.1628,-1.8475,0.2124,1.6060,-0.3337
682.00,0.5261,1.5848,-0.1155,7.0078,1.1628,-1.8492,0.2124,1.6060,-0.3354
682.50,0.5261,1.5848,-0.1155,7.0078,1.1628,-1.8512,0.2124,1.6060,-0.3374
683.00,0.5261,1.5848,-0.1155,7.0078,1.1628,-1.8527,0.2124,1.6060,-0.3390
683.50,0.5261,1.5848,-0.1155,7.0078,1.1628,-1.8541,0.2124,1.6060,-0.3403
684.00,0.5261,1.5848,-0.1155,7.0078,1.1628,-1.8561,0.2124,1.6060,-0.3423
684.50,0.5261,1.5848,-0.1155,7.0078,1.1628,-1.8573,0.2124,1.6060,-0.3435
685.00,0.5261,1.5848,-0.1155,7.0078,1.1628,-1.8593,0.2124,1.6060,-0.3455
685.50,0.5261,1.5848,-0.1155,7.0078,1.1628,-1.8610,0.2124,1.6060,-0.3472
686.00,0.5261,1.5848,-0.1155,7.0078,1.1628,-1.8627,0.2124,1.6060,-0.3489
686.50,0.5261,1.5848,-0.1155,7.0078,1.1628,-1.8648,0.2124,1.6060,-0.3510
687.00,0.5261,1.5848,-0.1155,7.0078,1.1628,-1.8668,0.2124,1.6060,-0.3531
687.50,0.5261,1.5848,-0.1155,7.0078,1.1628,-1.8686,0.2124,1.6060,-0.3548
688.00,0.5261,1.5848,-0.1155,7.0078,1.1628,-1.8701,0.2124,1.6060,-0.3564
688.50,0.5261,1.5848,-0.1155,7.0078,1.1628,-1.8721,0.2124,1.6060,-0.3583
689.00,0.5261,1.5848,-0.1155,7.0078,1.1628,-1.8736,0.2124,1.6060,-0.3598
689.50,0.5261,1.5848,-0.1155,7.0078,1.1628,-1.8758,0.2124,1.6060,-0.3620
690.00,0.5261,1.5848,-0.1155,7.0078,1.1628,-1.8776,0.2124,1.6060,-0.3638
690.50,0.5261,1.5848,-0.1155,7.0078,1.1628,-1.8799,0.2124,1.6060,-0.3661
691.00,0.5261,1.5848,-0.1155,7.0078,1.1628,-1.8820,0.2124,1.6060,-0.3682
691.50,0.5261,1.5848,-0.1155,7.0078,1.1628,-1.8838,0.2124,1.6060,-0.3700
692.00,0.5261,1.5848,-0.1155,7.0078,1.1628,-1.8864,0.2124,1.6060,-0.3726
692.50,0.5261,1.5848,-0.1155,7.0078,1.1628,-1.8882,0.2124,1.6060,-0.3744
693.00,0.5261,1.5848,-0.1155,7.0078,1.1628,-1.8900,0.2124,1.6060,-0.3762
693.50,0.5261,1.5848,-0.1155,7.0078,1.1628,-1.8916,0.2124,1.6060,-0.3778
694.00,0.5261,1.5848,-0.1155,7.0078,1.1628,-1.8930,0.2124,1.6060,-0.3792
694.50,0.5261,1.5848,-0.1155,7.0078,1.1628,-1.8955,0.2124,1.6060,-0.3817
695.00,0.5261,1.5848,-0.1155,7.0078,1.1628,-1.8973,0.2124,1.6060,-0.3835
695.50,0.5261,1.5848,-0.1155,7.0078,1.1628,-1.8994,0.2124,1.6060,-0.3856
696.00,0.5261,1.5848,-0.1155,7.0078,1.1628,-1.9008,0.2124,1.6060,-0.3870
696.50,0.5261,1.5848,-0.1155,7.0078,1.1628,-1.9029,0.2124,1.6060,-0.3891
697.00,0.5261,1.5848,-0.1155,7.0078,1.1628,-1.9048,0.2124,1.6060,-0.3911
697.50,0.5261,1.5848,-0.1155,7.0078,1.1628,-1.9063,0.2124,1.6060,-0.3925
698.00,0.5261,1.5848,-0.1155,7.0078,1.1628,-1.9077,0.2124,1.6060,-0.3939
698.50,0.5261,1.5848,-0.1155,7.0078,1.1628,-1.9094,0.2124,1.6060,-0.3956
699.00,0.5261,1.5848,-0.1155,7.0078,1.1628,-1.9107,0.2124,1.6060,-0.3969
699.50,0.5261,1.5848,-0.1155,7.0078,1.1628,-1.9124,0.2124,1.6060,-0.3986
700.00,0.5261,1.5848,-0.1155,7.0078,1.1628,-1.9138,0.2124,1.6060,-0.4000
700.50,0.5261,1.5848,-0.1155,7.0078,1.1628,-1.9160,0.2124,1.6060,-0.4022
701.00,0.5261,1.5848,-0.1155,7.0078,1.1628,-1.9177,0.2124,1.6060,-0.4039
701.50,0.5261,1.5848,-0.1155,7.0078,1.1628,-1.9199,0.2124,1.6060,-0.4061
702.00,0.5261,1.5848,-0.1155,7.0078,1.1628,-1.9218,0.2124,1.6060,-0.4080
702.50,0.5261,1.5848,-0.1155,7.0078,1.1628,-1.9241,0.2124,1.6060,-0.4103
703.00,0.5261,1.5848,-0.1155,7.0078,1.1628,-1.9257,0.2124,1.6060,-0.4119
703.50,0.5261,1.5848,-0.1155,7.0078,1.1628,-1.9279,0.2124,1.6060,-0.4141
704.00,0.5261,1.5848,-0.1155,7.0078,1.1628,-1.9301,0.2124,1.6060,-0.4164
704.50,0.5261,1.5848,-0.1155,7.0078,1.1628,-1.9316,0.2124,1.6060,-0.4178
705.00,0.5261,1.5848,-0.1155,7.0078,1.1628,-1.9331,0.2124,1.6060,-0.4193
705.50,0.5261,1.5848,-0.1155,7.0078,1.1628,-1.9352,0.2124,1.6060,-0.4214
706.00,0.5261,1.5848,-0.1155,7.0078,1.1628,-1.9376,0.2124,1.6060,-0.4238
706.50,0.5261,1.5848,-0.1155,7.0078,1.1628,-1.9394,0.2124,1.6060,-0.4256
707.00,0.5261,1.5848,-0.1155,7.0078,1.1628,-1.9406,0.2124,1.6060,-0.4268
707.50,0.5261,1.5848,-0.1155,7.0078,1.1628,-1.9423,0.2124,1.6060,-0.4285
708.00,0.5261,1.5848,-0.1155,7.0078,1.1628,-1.9441,0.2124,1.6060,-0.4303
708.50,0.5261,1.5848,-0.1155,7.0078,1.1628,-1.9457,0.2124,1.6060,-0.4319
709.00,0.5261,1.5848,-0.1155,7.0078,1.1628,-1.9473,0.2124,1.6060,-0.4335
709.50,0.5261,1.5848,-0.1155,7.0078,1.1628,-1.9491,0.2124,1.6060,-0.4353
710.00,0.5261,1.5848,-0.1155,7.0078,1.1628,-1.9501,0.2124,1.6060,-0.4364
710.50,0.5261,1.5848,-0.1155,7.0078,1.1628,-1.9518,0.2124,1.6060,-0.4380
711.00,0.5261,1.5848,-0.1155,7.0078,1.1628,-1.9535,0.2124,1.6060,-0.4397
711.50,0.5261,1.5848,-0.1155,7.0078,1.1628,-1.9550,0.2124,1.6060,-0.4413
712.00,0.5261,1.5848,-0.1155,7.0078,1.1628,-1.9565,0.2124,1.6060,-0.4427
712.50,0.5261,1.5848,-0.1155,7.0078,1.1628,-1.9584,0.2124,1.6060,-0.4447
713.00,0.5261,1.5848,-0.1155,7.0078,1.1628,-1.9604,0.2124,1.6060,-0.4466
713.50,0.5261,1.5848,-0.1155,7.0078,1.1628,-1.9622,0.2124,1.6060,-0.4485
714.00,0.5261,1.5848,-0.1155,7.0078,1.1628,-1.9640,0.2124,1.6060,-0.4502
714.50,0.5261,1.5848,-0.1155,7.0078,1.1628,-1.9660,0.2124,1.6060,-0.4522
715.00,0.5261,1.5848,-0.1155,7.0078,1.1628,-1.9675,0.2124,1.6060,-0.4538
715.50,0.5261,1.5848,-0.1155,7.0078,1.1628,-1.9693,0.2124,1.6060,-0.4555
716.00,0.5261,1.5848,-0.1155,7.0078,1.1628,-1.9711,0.2124,1.6060,-0.4573
716.50,0.5261,1.5848,-0.1155,7.0078,1.1628,-1.9724,0.2124,1.6060,-0.4586
717.00,0.5261,1.5848,-0.1155,7.0078,1.1628,-1.9745,0.2124,1.6060,-0.4607
717.50,0.5261,1.5848,-0.1155,7.0078,1.1628,-1.9757,0.2124,1.6060,-0.4619
718.00,0.5261,1.5848,-0.1155,7.0078,1.1628,-1.9776,0.2124,1.6060,-0.4638
718.50,0.5261,1.5848,-0.1155,7.0078,1.1628,-1.9794,0.2124,1.6060,-0.4656
719.00,0.5261,1.5848,-0.1155,7.0078,1.1628,-1.9809,0.2124,1.6060,-0.4671
719.50,0.5261,1.5848,-0.1155,7.0078,1.1628,-1.9822,0.2124,1.6060,-0.4684
720.00,0.5261,1.5848,-0.1155,7.0078,1.1628,-1.9840,0.2124,1.6060,-0.4702
720.50,0.5261,1.5848,-0.1155,7.0078,1.1628,-1.9857,0.2124,1.6060,-0.4719
721.00,0.5261,1.5848,-0.1155,7.0078,1.1628,-1.9876,0.2124,1.6060,-0.4738
721.50,0.5261,1.5848,-0.1155,7.0078,1.1628,-1.9896,0.2124,1.6060,-0.4758
722.00,0.5261,1.5848,-0.1155,7.0078,1.1628,-1.9913,0.2124,1.6060,-0.4775
722.50,0.5261,1.5848,-0.1155,7.0078,1.1628,-1.9932,0.2124,1.6060,-0.4794
723.00,0.5261,1.5848,-0.1155,7.0078,1.1628,-1.9954,0.2124,1.6060,-0.4816
723.50,0.5261,1.5848,-0.1155,7.0078,1.1628,-1.9966,0.2124,1.6060,-0.4828
724.00,0.5261,1.5848,-0.1155,7.0078,1.1628,-1.9981,0.2124,1.6060,-0.4843
724.50,0.5261,1.5848,-0.1155,7.0078,1.1628,-1.9995,0.2124,1.6060,-0.4857
725.00,0.5261,1.5848,-0.1155,7.0078,1.1628,-2.0009,0.2124,1.6060,-0.4871
725.50,0.5261,1.5848,-0.1155,7.0078,1.1628,-2.0031,0.2124,1.6060,-0.4893
726.00,0.5261,1.5848,-0.1155,7.0078,1.1628,-2.0047,0.2124,1.6060,-0.4909
726.50,0.5261,1.5848,-0.1155,7.0078,1.1628,-2.0059,0.2124,1.6060,-0.4921
727.00,0.5261,1.5848,-0.1155,7.0078,1.1628,-2.0073,0.2124,1.6060,-0.4935
727.50,0.5261,1.5848,-0.1155,7.0078,1.1628,-2.0085,0.2124,1.6060,-0.4947
728.00,0.5261,1.5848,-0.1155,7.0078,1.1628,-2.0096,0.2124,1.6060,-0.4958
728.50,0.5261,1.5848,-0.1155,7.0078,1.1628,-2.0116,0.2124,1.6060,-0.4978
729.00,0.5261,1.5848,-0.1155,7.0078,1.1628,-2.0130,0.2124,1.6060,-0.4992
729.50,0.5261,1.5848,-0.1155,7.0078,1.1628,-2.0144,0.2124,1.6060,-0.5006
730.00,0.5261,1.5848,-0.1155,7.0078,1.1628,-2.0160,0.2124,1.6060,-0.5022
730.50,0.5261,1.5848,-0.1155,7.0078,1.1628,-2.0175,0.2124,1.6060,-0.5037
731.00,0.5261,1.5848,-0.1155,7.0078,1.1628,-2.0191,0.2124,1.6060,-0.5053
731.50,0.5261,1.5848,-0.1155,7.0078,1.1628,-2.0206,0.2124,1.6060,-0.5068
732.00,0.5261,1.5848,-0.1155,7.0078,1.1628,-2.0223,0.2124,1.6060,-0.5086
732.50,0.5261,1.5848,-0.1155,7.0078,1.1628,-2.0239,0.2124,1.6060,-0.5102
733.00,0.5261,1.5848,-0.1155,7.0078,1.1628,-2.0252,0.2124,1.6060,-0.5114
733.50,0.5261,1.5848,-0.1155,7.0078,1.1628,-2.0275,0.2124,1.6060,-0.5137
734.00,0.5261,1.5848,-0.1155,7.0078,1.1628,-2.0293,0.2124,1.6060,-0.5155
734.50,0.5261,1.5848,-0.1155,7.0078,1.1628,-2.0304,0.2124,1.6060,-0.5166
735.00,0.5261,1.5848,-0.1155,7.0078,1.1628,-2.0321,0.2124,1.6060,-0.5183
735.50,0.5261,1.5848,-0.1155,7.0078,1.1628,-2.0338,0.2124,1.6060,-0.5200
736.00,0.5261,1.5848,-0.1155,7.0078,1.1628,-2.0353,0.2124,1.6060,-0.5216
736.50,0.5261,1.5848,-0.1155,7.0078,1.1628,-2.0370,0.2124,1.6060,-0.5232
737.00,0.5261,1.5848,-0.1155,7.0078,1.1628,-2.0389,0.2124,1.6060,-0.5251
737.50,0.5261,1.5848,-0.1155,7.0078,1.1628,-2.0408,0.2124,1.6060,-0.5270
738.00,0.5261,1.5848,-0.1155,7.0078,1.1628,-2.0425,0.2124,1.6060,-0.5287
738.50,0.5261,1.5848,-0.1155,7.0078,1.1628,-2.0448,0.2124,1.6060,-0.5310
739.00,0.5261,1.5848,-0.1155,7.0078,1.1628,-2.0466,0.2124,1.6060,-0.5328
739.50,0.5261,1.5848,-0.1155,7.0078,1.1628,-2.0486,0.2124,1.6060,-0.5348
740.00,0.5261,1.5848,-0.1155,7.0078,1.1628,-2.0502,0.2124,1.6060,-0.5364
740.50,0.5261,1.5848,-0.1155,7.0078,1.1628,-2.0516,0.2124,1.6060,-0.5378
741.00,0.5261,1.5848,-0.1155,7.0078,1.1628,-2.0530,0.2124,1.6060,-0.5392
741.50,0.5261,1.5848,-0.1155,7.0078,1.1628,-2.0544,0.2124,1.6060,-0.5406
742.00,0.5261,1.5848,-0.1155,7.0078,1.1628,-2.0557,0.2124,1.6060,-0.5420
742.50,0.5261,1.5848,-0.1155,7.0078,1.1628,-2.0577,0.2124,1.6060,-0.5439
743.00,0.5261,1.5848,-0.1155,7.0078,1.1628,-2.0589,0.2124,1.6060,-0.5451
743.50,0.5261,1.5848,-0.1155,7.0078,1.1628,-2.0607,0.2124,1.6060,-0.5469
744.00,0.5261,1.5848,-0.1155,7.0078,1.1628,-2.0625,0.2124,1.6060,-0.5487
744.50,0.5261,1.5848,-0.1155,7.0078,1.1628,-2.0640,0.2124,1.6060,-0.5502
745.00,0.5261,1.5848,-0.1155,7.0078,1.1628,-2.0660,0.2124,1.6060,-0.5522
745.50,0.5261,1.5848,-0.1155,7.0078,1.1628,-2.0676,0.2124,1.6060,-0.5538
746.00,0.5261,1.5848,-0.1155,7.0078,1.1628,-2.0694,0.2124,1.6060,-0.5556
746.50,0.5261,1.5848,-0.1155,7.0078,1.1628,-2.0709,0.2124,1.6060,-0.5571
747.00,0.5261,1.5848,-0.1155,7.0078,1.1628,-2.0734,0.2124,1.6060,-0.5596
747.50,0.5261,1.5848,-0.1155,7.0078,1.1628,-2.0757,0.2124,1.6060,-0.5619
748.00,0.5261,1.5848,-0.1155,7.0078,1.1628,-2.0772,0.2124,1.6060,-0.5634
748.50,0.5261,1.5848,-0.1155,7.0078,1.1628,-2.0793,0.2124,1.6060,-0.5655
749.00,0.5261,1.5848,-0.1155,7.0078,1.1628,-2.0804,0.2124,1.6060,-0.5666
749.50,0.5261,1.5848,-0.1155,7.0078,1.1628,-2.0821,0.2124,1.6060,-0.5683
750.00,0.5261,1.5848,-0.1155,7.0078,1.1628,-2.0834,0.2124,1.6060,-0.5696
750.50,0.5261,1.5848,-0.1155,7.0078,1.1628,-2.0849,0.2124,1.6060,-0.5711
751.00,0.5261,1.5848,-0.1155,7.0078,1.1628,-2.0868,0.2124,1.6060,-0.5730
751.50,0.5261,1.5848,-0.1155,7.0078,1.1628,-2.0886,0.2124,1.6060,-0.5748
752.00,0.5261,1.5848,-0.1155,7.0078,1.1628,-2.0903,0.2124,1.6060,-0.5765
752.50,0.5261,1.5848,-0.1155,7.0078,1.1628,-2.0919,0.2124,1.6060,-0.5781
753.00,0.5261,1.5848,-0.1155,7.0078,1.1628,-2.0933,0.2124,1.6060,-0.5795
753.50,0.5261,1.5848,-0.1155,7.0078,1.1628,-2.0951,0.2124,1.6060,-0.5813
754.00,0.5261,1.5848,-0.1155,7.0078,1.1628,-2.0969,0.2124,1.6060,-0.5831
754.50,0.5261,1.5848,-0.1155,7.0078,1.1628,-2.0985,0.2124,1.6060,-0.5847
755.00,0.5261,1.5848,-0.1155,7.0078,1.1628,-2.1000,0.2124,1.6060,-0.5862
755.50,0.5261,1.5848,-0.1155,7.0078,1.1628,-2.1017,0.2124,1.6060,-0.5879
756.00,0.5261,1.5848,-0.1155,7.0078,1.1628,-2.1033,0.2124,1.6060,-0.5895
756.50,0.5261,1.5848,-0.1155,7.0078,1.1628,-2.1056,0.2124,1.6060,-0.5918
757.00,0.5261,1.5848,-0.1155,7.0078,1.1628,-2.1076,0.2124,1.6060,-0.5938
757.50,0.5261,1.5848,-0.1155,7.0078,1.1628,-2.1090,0.2124,1.6060,-0.5952
758.00,0.5261,1.5848,-0.1155,7.0078,1.1628,-2.1103,0.2124,1.6060,-0.5965
758.50,0.5261,1.5848,-0.1155,7.0078,1.1628,-2.1124,0.2124,1.6060,-0.5986
759.00,0.5261,1.5848,-0.1155,7.0078,1.1628,-2.1139,0.2124,1.6060,-0.6001
759.50,0.5261,1.5848,-0.1155,7.0078,1.1628,-2.1159,0.2124,1.6060,-0.6022
760.00,0.5261,1.5848,-0.1155,7.0078,1.1628,-2.1179,0.2124,1.6060,-0.6041
760.50,0.5261,1.5848,-0.1155,7.0078,1.1628,-2.1194,0.2124,1.6060,-0.6056
761.00,0.5261,1.5848,-0.1155,7.0078,1.1628,-2.1215,0.2124,1.6060,-0.6077
761.50,0.5261,1.5848,-0.1155,7.0078,1.1628,-2.1225,0.2124,1.6060,-0.6087
762.00,0.5261,1.5848,-0.1155,7.0078,1.1628,-2.1245,0.2124,1.6060,-0.6107
762.50,0.5261,1.5848,-0.1155,7.0078,1.1628,-2.1269,0.2124,1.6060,-0.6131
763.00,0.5261,1.5848,-0.1155,7.0078,1.1628,-2.1280,0.2124,1.6060,-0.6142
763.50,0.5261,1.5848,-0.1155,7.0078,1.1628,-2.1300,0.2124,1.6060,-0.6162
764.00,0.5261,1.5848,-0.1155,7.0078,1.1628,-2.1318,0.2124,1.6060,-0.6180
764.50,0.5261,1.5848,-0.1155,7.0078,1.1628,-2.1337,0.2124,1.6060,-0.6199
765.00,0.5261,1.5848,-0.1155,7.0078,1.1628,-2.1356,0.2124,1.6060,-0.6218
765.50,0.5261,1.5848,-0.1155,7.0078,1.1628,-2.1372,0.2124,1.6060,-0.6234
766.00,0.5261,1.5848,-0.1155,7.0078,1.1628,-2.1396,0.2124,1.6060,-0.6258
766.50,0.5261,1.5848,-0.1155,7.0078,1.1628,-2.1414,0.2124,1.6060,-0.6276
767.00,0.5261,1.5848,-0.1155,7.0078,1.1628,-2.1431,0.2124,1.6060,-0.6293
767.50,0.5261,1.5848,-0.1155,7.0078,1.1628,-2.1449,0.2124,1.6060,-0.6312
768.00,0.5261,1.5848,-0.1155,7.0078,1.1628,-2.1467,0.2124,1.6060,-0.6329
768.50,0.5261,1.5848,-0.1155,7.0078,1.1628,-2.1484,0.2124,1.6060,-0.6347
769.00,0.5261,1.5848,-0.1155,7.0078,1.1628,-2.1503,0.2124,1.6060,-0.6365
769.50,0.5261,1.5848,-0.1155,7.0078,1.1628,-2.1522,0.2124,1.6060,-0.6384
770.00,0.5261,1.5848,-0.1155,7.0078,1.1628,-2.1537,0.2124,1.6060,-0.6399
770.50,0.5261,1.5848,-0.1155,7.0078,1.1628,-2.1556,0.2124,1.6060,-0.6418
771.00,0.5261,1.5848,-0.1155,7.0078,1.1628,-2.1578,0.2124,1.6060,-0.6440
771.50,0.5261,1.5848,-0.1155,7.0078,1.1628,-2.1595,0.2124,1.6060,-0.6457
772.00,0.5261,1.5848,-0.1155,7.0078,1.1628,-2.1612,0.2124,1.6060,-0.6474
772.50,0.5261,1.5848,-0.1155,7.0078,1.1628,-2.1631,0.2124,1.6060,-0.6493
773.00,0.5261,1.5848,-0.1155,7.0078,1.1628,-2.1648,0.2124,1.6060,-0.6510
773.50,0.5261,1.5848,-0.1155,7.0078,1.1628,-2.1662,0.2124,1.6060,-0.6524
774.00,0.5261,1.5848,-0.1155,7.0078,1.1628,-2.1679,0.2124,1.6060,-0.6541
774.50,0.5261,1.5848,-0.1155,7.0078,1.1628,-2.1704,0.2124,1.6060,-0.6566
775.00,0.5261,1.5848,-0.1155,7.0078,1.1628,-2.1719,0.2124,1.6060,-0.6581
775.50,0.5261,1.5848,-0.1155,7.0078,1.1628,-2.1736,0.2124,1.6060,-0.6598
776.00,0.5261,1.5848,-0.1155,7.0078,1.1628,-2.1754,0.2124,1.6060,-0.6616
776.50,0.5261,1.5848,-0.1155,7.0078,1.1628,-2.1770,0.2124,1.6060,-0.6632
777.00,0.5261,1.5848,-0.1155,7.0078,1.1628,-2.1787,0.2124,1.6060,-0.6649
777.50,0.5261,1.5848,-0.1155,7.0078,1.1628,-2.1810,0.2124,1.6060,-0.6672
778.00,0.5261,1.5848,-0.1155,7.0078,1.1628,-2.1823,0.2124,1.6060,-0.6685
778.50,0.5261,1.5848,-0.1155,7.0078,1.1628,-2.1841,0.2124,1.6060,-0.6703
779.00,0.5261,1.5848,-0.1155,7.0078,1.1628,-2.1857,0.2124,1.6060,-0.6719
779.50,0.5261,1.5848,-0.1155,7.0078,1.1628,-2.1871,0.2124,1.6060,-0.6733
780.00,0.5261,1.5848,-0.1155,7.0078,1.1628,-2.1890,0.2124,1.6060,-0.6752
780.50,0.5261,1.5848,-0.1155,7.0078,1.1628,-2.1906,0.2124,1.6060,-0.6768
781.00,0.5261,1.5848,-0.1155,7.0078,1.1628,-2.1919,0.2124,1.6060,-0.6781
781.50,0.5261,1.5848,-0.1155,7.0078,1.1628,-2.1939,0.2124,1.6060,-0.6802
782.00,0.5261,1.5848,-0.1155,7.0078,1.1628,-2.1960,0.2124,1.6060,-0.6822
782.50,0.5261,1.5848,-0.1155,7.0078,1.1628,-2.1974,0.2124,1.6060,-0.6836
783.00,0.5261,1.5848,-0.1155,7.0078,1.1628,-2.1994,0.2124,1.6060,-0.6856
783.50,0.5261,1.5848,-0.1155,7.0078,1.1628,-2.2011,0.2124,1.6060,-0.6873
784.00,0.5261,1.5848,-0.1155,7.0078,1.1628,-2.2029,0.2124,1.6060,-0.6891
784.50,0.5261,1.5848,-0.1155,7.0078,1.1628,-2.2051,0.2124,1.6060,-0.6913
785.00,0.5261,1.5848,-0.1155,7.0078,1.1628,-2.2077,0.2124,1.6060,-0.6939
785.50,0.5261,1.5848,-0.1155,7.0078,1.1628,-2.2095,0.2124,1.6060,-0.6957
786.00,0.5261,1.5848,-0.1155,7.0078,1.1628,-2.2114,0.2124,1.6060,-0.6976
786.50,0.5261,1.5848,-0.1155,7.0078,1.1628,-2.2127,0.2124,1.6060,-0.6990
787.00,0.5261,1.5848,-0.1155,7.0078,1.1628,-2.2141,0.2124,1.6060,-0.7003
787.50,0.5261,1.5848,-0.1155,7.0078,1.1628,-2.2159,0.2124,1.6060,-0.7021
788.00,0.5261,1.5848,-0.1155,7.0078,1.1628,-2.2177,0.2124,1.6060,-0.7039
788.50,0.5261,1.5848,-0.1155,7.0078,1.1628,-2.2196,0.2124,1.6060,-0.7058
789.00,0.5261,1.5848,-0.1155,7.0078,1.1628,-2.2210,0.2124,1.6060,-0.7072
789.50,0.5261,1.5848,-0.1155,7.0078,1.1628,-2.2228,0.2124,1.6060,-0.7090
790.00,0.5261,1.5848,-0.1155,7.0078,1.1628,-2.2246,0.2124,1.6060,-0.7108
790.50,0.5261,1.5848,-0.1155,7.0078,1.1628,-2.2264,0.2124,1.6060,-0.7126
791.00,0.5261,1.5848,-0.1155,7.0078,1.1628,-2.2278,0.2124,1.6060,-0.7141
791.50,0.5261,1.5848,-0.1155,7.0078,1.1628,-2.2293,0.2124,1.6060,-0.7155
792.00,0.5261,1.5848,-0.1155,7.0078,1.1628,-2.2310,0.2124,1.6060,-0.7172
792.50,0.5261,1.5848,-0.1155,7.0078,1.1628,-2.2323,0.2124,1.6060,-0.7185
793.00,0.5261,1.5848,-0.1155,7.0078,1.1628,-2.2338,0.2124,1.6060,-0.7200
793.50,0.5261,1.5848,-0.1155,7.0078,1.1628,-2.2356,0.2124,1.6060,-0.7218
794.00,0.5261,1.5848,-0.1155,7.0078,1.1628,-2.2377,0.2124,1.6060,-0.7239
794.50,0.5261,1.5848,-0.1155,7.0078,1.1628,-2.2396,0.2124,1.6060,-0.7258
795.00,0.5261,1.5848,-0.1155,7.0078,1.1628,-2.2419,0.2124,1.6060,-0.7281
795.50,0.5261,1.5848,-0.1155,7.0078,1.1628,-2.2433,0.2124,1.6060,-0.7296
796.00,0.5261,1.5848,-0.1155,7.0078,1.1628,-2.2450,0.2124,1.6060,-0.7312
796.50,0.5261,1.5848,-0.1155,7.0078,1.1628,-2.2465,0.2124,1.6060,-0.7327
797.00,0.5261,1.5848,-0.1155,7.0078,1.1628,-2.2479,0.2124,1.6060,-0.7341
797.50,0.5261,1.5848,-0.1155,7.0078,1.1628,-2.2493,0.2124,1.6060,-0.7355
798.00,0.5261,1.5848,-0.1155,7.0078,1.1628,-2.2503,0.2124,1.6060,-0.7365
798.50,0.5261,1.5848,-0.1155,7.0078,1.1628,-2.2519,0.2124,1.6060,-0.7381
799.00,0.5261,1.5848,-0.1155,7.0078,1.1628,-2.2538,0.2124,1.6060,-0.7400
799.50,0.5261,1.5848,-0.1155,7.0078,1.1628,-2.2553,0.2124,1.6060,-0.7415
800.00,0.5261,1.5848,-0.1155,7.0078,1.1628,-2.2569,0.2124,1.6060,-0.7431
800.50,0.5261,1.5848,-0.1155,7.0078,1.1628,-2.2590,0.2124,1.6060,-0.7452
801.00,0.5261,1.5848,-0.1155,7.0078,1.1628,-2.2605,0.2124,1.6060,-0.7467
801.50,0.5261,1.5848,-0.1155,7.0078,1.1628,-2.2623,0.2124,1.6060,-0.7485
802.00,0.5261,1.5848,-0.1155,7.0078,1.1628,-2.2642,0.2124,1.6060,-0.7504
802.50,0.5261,1.5848,-0.1155,7.0078,1.1628,-2.2660,0.2124,1.6060,-0.7523
803.00,0.5261,1.5848,-0.1155,7.0078,1.1628,-2.2676,0.2124,1.6060,-0.7538
803.50,0.5261,1.5848,-0.1155,7.0078,1.1628,-2.2703,0.2124,1.6060,-0.7565
804.00,0.5261,1.5848,-0.1155,7.0078,1.1628,-2.2722,0.2124,1.6060,-0.7584
804.50,0.5261,1.5848,-0.1155,7.0078,1.1628,-2.2736,0.2124,1.6060,-0.7598
805.00,0.5261,1.5848,-0.1155,7.0078,1.1628,-2.2757,0.2124,1.6060,-0.7619
805.50,0.5261,1.5848,-0.1155,7.0078,1.1628,-2.2776,0.2124,1.6060,-0.7639
806.00,0.5261,1.5848,-0.1155,7.0078,1.1628,-2.2795,0.2124,1.6060,-0.7657
806.50,0.5261,1.5848,-0.1155,7.0078,1.1628,-2.2811,0.2124,1.6060,-0.7673
807.00,0.5261,1.5848,-0.1155,7.0078,1.1628,-2.2827,0.2124,1.6060,-0.7689
807.50,0.5261,1.5848,-0.1155,7.0078,1.1628,-2.2845,0.2124,1.6060,-0.7707
808.00,0.5261,1.5848,-0.1155,7.0078,1.1628,-2.2866,0.2124,1.6060,-0.7729
808.50,0.5261,1.5848,-0.1155,7.0078,1.1628,-2.2882,0.2124,1.6060,-0.7744
809.00,0.5261,1.5848,-0.1155,7.0078,1.1628,-2.2896,0.2124,1.6060,-0.7759
809.50,0.5261,1.5848,-0.1155,7.0078,1.1628,-2.2913,0.2124,1.6060,-0.7775
810.00,0.5261,1.5848,-0.1155,7.0078,1.1628,-2.2924,0.2124,1.6060,-0.7786
810.50,0.5261,1.5848,-0.1155,7.0078,1.1628,-2.2940,0.2124,1.6060,-0.7802
811.00,0.5261,1.5848,-0.1155,7.0078,1.1628,-2.2958,0.2124,1.6060,-0.7820
811.50,0.5261,1.5848,-0.1155,7.0078,1.1628,-2.2977,0.2124,1.6060,-0.7839
812.00,0.5261,1.5848,-0.1155,7.0078,1.1628,-2.2997,0.2124,1.6060,-0.7859
812.50,0.5261,1.5848,-0.1155,7.0078,1.1628,-2.3012,0.2124,1.6060,-0.7874
813.00,0.5261,1.5848,-0.1155,7.0078,1.1628,-2.3025,0.2124,1.6060,-0.7887
813.50,0.5261,1.5848,-0.1155,7.0078,1.1628,-2.3048,0.2124,1.6060,-0.7910
814.00,0.5261,1.5848,-0.1155,7.0078,1.1628,-2.3064,0.2124,1.6060,-0.7926
814.50,0.5261,1.5848,-0.1155,7.0078,1.1628,-2.3080,0.2124,1.6060,-0.7942
815.00,0.5261,1.5848,-0.1155,7.0078,1.1628,-2.3093,0.2124,1.6060,-0.7956
815.50,0.5261,1.5848,-0.1155,7.0078,1.1628,-2.3112,0.2124,1.6060,-0.7974
816.00,0.5261,1.5848,-0.1155,7.0078,1.1628,-2.3134,0.2124,1.6060,-0.7996
816.50,0.5261,1.5848,-0.1155,7.0078,1.1628,-2.3148,0.2124,1.6060,-0.8010
817.00,0.5261,1.5848,-0.1155,7.0078,1.1628,-2.3159,0.2124,1.6060,-0.8021
817.50,0.5261,1.5848,-0.1155,7.0078,1.1628,-2.3171,0.2124,1.6060,-0.8033
818.00,0.5261,1.5848,-0.1155,7.0078,1.1628,-2.3191,0.2124,1.6060,-0.8053
818.50,0.5261,1.5848,-0.1155,7.0078,1.1628,-2.3202,0.2124,1.6060,-0.8064
819.00,0.5261,1.5848,-0.1155,7.0078,1.1628,-2.3222,0.2124,1.6060,-0.8084
819.50,0.5261,1.5848,-0.1155,7.0078,1.1628,-2.3237,0.2124,1.6060,-0.8099
