t,gt_x,gt_y,gt_yaw,odom_x,odom_y,odom_yaw,slam_x,slam_y,slam_yaw
54.00,-0.0000,0.0000,0.0000,0.0000,0.0000,0.0740,,,
54.50,-0.0000,0.0000,0.0000,0.0000,0.0000,0.0751,0.0000,0.0000,0.0751
55.00,-0.0000,0.0000,0.0000,0.0000,0.0000,0.0761,0.0000,0.0000,0.0761
55.50,-0.0000,0.0000,0.0000,0.0000,0.0000,0.0770,0.0000,0.0000,0.0770
56.00,-0.0000,0.0000,0.0000,0.0000,0.0000,0.0780,0.0000,0.0000,0.0780
56.50,-0.0000,0.0000,0.0000,0.0000,0.0000,0.0792,0.0000,0.0000,0.0792
57.00,-0.0000,0.0000,0.0000,0.0000,0.0000,0.0801,0.0000,0.0000,0.0801
57.50,-0.0000,0.0000,0.0000,0.0000,0.0000,0.0811,0.0000,0.0000,0.0811
58.00,-0.0000,0.0000,0.0000,0.0000,0.0000,0.0823,0.0000,0.0000,0.0823
58.50,-0.0000,0.0000,0.0000,0.0000,0.0000,0.0834,0.0000,0.0000,0.0834
59.00,-0.0000,0.0000,0.0000,0.0000,0.0000,0.0847,0.0000,0.0000,0.0847
59.50,-0.0000,0.0000,0.0000,0.0000,0.0000,0.0858,0.0000,0.0000,0.0858
60.00,-0.0000,0.0000,0.0000,0.0000,0.0000,0.0869,0.0000,0.0000,0.0869
60.50,-0.0000,0.0000,0.0000,0.0000,0.0000,0.0882,0.0000,0.0000,0.0882
61.00,-0.0000,0.0000,0.0000,0.0000,0.0000,0.0890,0.0000,0.0000,0.0890
61.50,-0.0000,0.0000,0.0000,0.0000,0.0000,0.0910,0.0000,0.0000,0.0910
62.00,-0.0000,0.0000,0.0000,0.0000,0.0000,0.0919,0.0000,0.0000,0.0919
62.50,-0.0000,0.0000,0.0000,0.0000,0.0000,0.0924,0.0000,0.0000,0.0924
63.00,0.0417,-0.0000,-0.0000,0.0380,0.0035,0.0935,0.0380,0.0035,0.0935
63.50,0.1017,-0.0000,-0.0000,0.0992,0.0093,0.0945,0.0586,0.0006,0.0212
64.00,0.1617,-0.0000,-0.0000,0.1622,0.0153,0.0959,0.0718,0.0020,0.0226
64.50,0.2217,-0.0000,-0.0000,0.2216,0.0211,0.0967,0.0914,0.0034,0.0234
65.00,0.2817,-0.0000,-0.0000,0.2801,0.0267,0.0973,0.1068,0.0047,0.0240
65.50,0.3417,-0.0000,-0.0000,0.3432,0.0329,0.0981,0.1436,0.0063,0.0248
66.00,0.4017,-0.0000,-0.0000,0.4040,0.0389,0.0990,0.1248,0.0078,0.0257
66.50,0.4617,-0.0000,-0.0000,0.4638,0.0449,0.1003,0.1448,-0.0006,0.0270
67.00,0.5217,-0.0000,-0.0000,0.5302,0.0516,0.1013,0.1619,0.0016,0.0258
67.50,0.5817,-0.0000,-0.0000,0.5921,0.0580,0.1021,0.1537,0.0034,0.0253
68.00,0.6417,-0.0000,-0.0000,0.6564,0.0646,0.1032,0.1784,0.0050,0.0264
68.50,0.7017,-0.0000,-0.0000,0.7147,0.0706,0.1041,0.1969,0.0066,0.0274
69.00,0.7617,-0.0000,-0.0000,0.7769,0.0771,0.1051,0.2470,0.0087,0.0261
69.50,0.8217,-0.0000,-0.0000,0.8419,0.0840,0.1064,0.2748,0.0111,0.0227
70.00,0.8817,-0.0000,-0.0000,0.8985,0.0901,0.1073,0.3016,0.0124,0.0235
70.50,0.9417,-0.0000,-0.0000,0.9562,0.0964,0.1086,0.3596,0.0138,0.0249
71.00,1.0017,-0.0000,-0.0000,1.0137,0.1026,0.1090,0.3975,0.0157,0.0217
71.50,1.0617,-0.0000,-0.0000,1.0730,0.1092,0.1102,0.4471,0.0170,0.0230
72.00,1.1217,-0.0000,-0.0000,1.1337,0.1159,0.1110,0.5082,0.0185,0.0238
72.50,1.1817,-0.0000,-0.0000,1.1952,0.1228,0.1122,0.5600,0.0204,0.0214
73.00,1.2258,-0.0000,-0.0000,1.2394,0.1278,0.1125,0.5921,0.0214,0.0218
73.50,1.2258,-0.0000,-0.0000,1.2394,0.1278,0.1134,0.5845,0.0214,0.0227
74.00,1.2258,-0.0000,-0.0000,1.2394,0.1278,0.1146,0.5845,0.0214,0.0238
74.50,1.2258,-0.0000,-0.0000,1.2394,0.1278,0.1156,0.5845,0.0214,0.0248
75.00,1.2258,-0.0000,-0.0000,1.2394,0.1278,0.1166,0.5845,0.0214,0.0259
75.50,1.2258,-0.0000,-0.0000,1.2394,0.1278,0.1174,0.5845,0.0214,0.0267
76.00,1.2258,-0.0000,-0.0000,1.2394,0.1278,0.1189,0.5845,0.0214,0.0281
76.50,1.2258,-0.0000,-0.0000,1.2394,0.1278,0.1205,0.5845,0.0214,0.0298
77.00,1.2258,-0.0000,-0.0000,1.2394,0.1278,0.1218,0.5845,0.0214,0.0310
77.50,1.2258,-0.0000,-0.0000,1.2394,0.1278,0.1230,0.5845,0.0214,0.0323
78.00,1.2258,-0.0000,-0.0000,1.2394,0.1278,0.1239,0.5845,0.0214,0.0331
78.50,1.2258,-0.0000,-0.0000,1.2394,0.1278,0.1251,0.5845,0.0214,0.0344
79.00,1.2258,-0.0000,-0.0000,1.2394,0.1278,0.1267,0.5845,0.0214,0.0360
79.50,1.2258,-0.0000,-0.0000,1.2394,0.1278,0.1279,0.5845,0.0214,0.0371
80.00,1.2258,-0.0000,-0.0000,1.2394,0.1278,0.1292,0.5845,0.0214,0.0384
80.50,1.2258,-0.0000,-0.0000,1.2394,0.1278,0.1302,0.5845,0.0214,0.0395
81.00,1.2258,-0.0000,-0.0000,1.2394,0.1278,0.1317,0.5845,0.0214,0.0409
81.50,1.2258,-0.0000,-0.0000,1.2394,0.1278,0.1320,0.5845,0.0214,0.0413
82.00,1.2258,-0.0000,-0.0000,1.2394,0.1278,0.1336,0.5845,0.0214,0.0428
82.50,1.2115,-0.0000,-0.0000,1.2297,0.1265,0.1346,0.5747,0.0210,0.0439
83.00,1.1715,-0.0000,-0.0000,1.1915,0.1213,0.1359,0.5362,0.0193,0.0451
83.50,1.1315,-0.0000,-0.0000,1.1518,0.1158,0.1368,0.4961,0.0174,0.0461
84.00,1.0915,-0.0000,-0.0000,1.1133,0.1105,0.1376,0.4697,0.0190,0.0318
84.50,1.0515,-0.0000,-0.0000,1.0770,0.1055,0.1390,0.4405,0.0202,0.0239
85.00,1.0115,-0.0000,-0.0000,1.0389,0.1001,0.1403,0.4020,0.0192,0.0251
85.50,0.9715,-0.0000,-0.0000,0.9987,0.0944,0.1414,0.3614,0.0090,0.0228
86.00,0.9458,-0.0000,-0.0000,0.9711,0.0905,0.1421,0.3336,0.0084,0.0234
86.50,0.9458,-0.0000,-0.0000,0.9709,0.0905,0.1430,0.3334,0.0084,0.0244
87.00,0.9458,-0.0000,-0.0000,0.9709,0.0905,0.1438,0.3334,0.0084,0.0251
87.50,0.9458,-0.0000,-0.0000,0.9709,0.0905,0.1452,0.3334,0.0084,0.0266
88.00,0.9458,-0.0000,-0.0000,0.9709,0.0905,0.1467,0.3334,0.0084,0.0280
88.50,0.9458,-0.0000,-0.0000,0.9709,0.0905,0.1480,0.3334,0.0084,0.0293
89.00,0.9458,0.0017,0.0453,0.9721,0.0907,0.1847,0.3346,0.0085,0.0661
89.50,0.9458,0.0115,0.2484,0.9806,0.0931,0.3820,0.3433,0.0099,0.2633
90.00,0.9460,0.0289,0.4586,0.9939,0.1003,0.5949,0.3574,0.0155,0.4763
90.50,0.9462,0.0385,0.6132,1.0023,0.1070,0.7578,0.3665,0.0211,0.6392
91.00,0.9463,0.0394,0.6424,1.0028,0.1074,0.7953,0.3670,0.0214,0.6766
91.50,0.9463,0.0394,0.6424,1.0028,0.1074,0.7966,0.3670,0.0214,0.6779
92.00,0.9348,0.0308,0.6424,0.9937,0.0982,0.7974,0.3570,0.0134,0.6788
92.50,0.9027,0.0069,0.6424,0.9647,0.0685,0.7988,0.3247,-0.0127,0.6802
93.00,0.8707,-0.0171,0.6424,0.9353,0.0382,0.7996,0.3293,-0.0061,0.6634
93.50,0.8387,-0.0411,0.6424,0.9051,0.0071,0.8003,0.2828,-0.0328,0.6642
94.00,0.8067,-0.0650,0.6424,0.8786,-0.0202,0.8010,0.2453,-0.0563,0.6649
94.50,0.7746,-0.0890,0.6424,0.8500,-0.0497,0.8020,0.2129,-0.0816,0.6658
95.00,0.7427,-0.1129,0.6424,0.8208,-0.0799,0.8034,0.1799,-0.0976,0.6673
95.50,0.7349,-0.1184,0.6675,0.8122,-0.0889,0.8275,0.1701,-0.1054,0.6914
96.00,0.7350,-0.1180,0.7007,0.8125,-0.0886,0.8617,0.1705,-0.1050,0.7256
96.50,0.7350,-0.1179,0.7332,0.8125,-0.0885,0.8950,0.1705,-0.1050,0.7589
97.00,0.7347,-0.1180,0.7664,0.8126,-0.0885,0.9293,0.1705,-0.1050,0.7932
97.50,0.7347,-0.1181,0.8006,0.8125,-0.0886,0.9649,0.1704,-0.1051,0.8288
98.00,0.7347,-0.1185,0.8340,0.8121,-0.0892,0.9994,0.1700,-0.1056,0.8633
98.50,0.7347,-0.1187,0.8665,0.8120,-0.0893,1.0332,0.1699,-0.1057,0.8971
99.00,0.7344,-0.1187,0.8997,0.8119,-0.0895,1.0674,0.1698,-0.1059,0.9313
99.50,0.7336,-0.1188,0.9336,0.8114,-0.0903,1.1030,0.1692,-0.1067,0.9669
100.00,0.7323,-0.1188,0.9685,0.8112,-0.0908,1.1389,0.1689,-0.1071,1.0028
100.50,0.7306,-0.1189,1.0043,0.8107,-0.0920,1.1756,0.1682,-0.1082,1.0394
101.00,0.7285,-0.1189,1.0411,0.8100,-0.0938,1.2135,0.1673,-0.1099,1.0774
101.50,0.7259,-0.1190,1.0789,0.8091,-0.0963,1.2522,0.1661,-0.1122,1.1161
102.00,0.7228,-0.1190,1.1176,0.8083,-0.0990,1.2922,0.1649,-0.1148,1.1560
102.50,0.7192,-0.1191,1.1575,0.8072,-0.1032,1.3331,0.1632,-0.1188,1.1970
103.00,0.7152,-0.1191,1.1984,0.8064,-0.1066,1.3746,0.1620,-0.1221,1.2385
103.50,0.7106,-0.1192,1.2406,0.8056,-0.1111,1.4171,0.1606,-0.1264,1.2810
104.00,0.7056,-0.1192,1.2840,0.8049,-0.1161,1.4606,0.1592,-0.1313,1.3245
104.50,0.7001,-0.1192,1.3287,0.8044,-0.1227,1.5060,0.1578,-0.1377,1.3699
105.00,0.6941,-0.1192,1.3748,0.8042,-0.1276,1.5531,0.1300,-0.1236,1.4062
105.50,0.6876,-0.1193,1.4224,0.8042,-0.1342,1.6017,0.1125,-0.1184,1.4481
106.00,0.6806,-0.1193,1.4717,0.8046,-0.1413,1.6517,0.1118,-0.1255,1.4981
106.50,0.6732,-0.1184,1.5252,0.8052,-0.1471,1.7037,0.1115,-0.1314,1.5501
107.00,0.6594,-0.0764,1.6522,0.7972,-0.1089,1.8351,0.1094,-0.0924,1.6815
107.50,0.6367,0.0271,1.7415,0.7658,-0.0113,1.9262,0.1049,0.0212,1.7661
108.00,0.6044,0.1529,1.9180,0.7095,0.1116,2.0995,0.0461,0.1590,1.9320
108.50,0.5602,0.2723,2.0129,0.6396,0.2150,2.2080,-0.0198,0.2724,2.0396
109.00,0.5074,0.3906,1.9556,0.5640,0.3195,2.1631,-0.0832,0.3980,1.9921
109.50,0.4634,0.5140,1.8410,0.4978,0.4333,2.0422,-0.1039,0.5144,1.8655
110.00,0.4263,0.6391,1.8779,0.4402,0.5461,2.0682,-0.1411,0.6324,1.8902
110.50,0.3810,0.7602,1.9907,0.3739,0.6520,2.1859,-0.1844,0.7514,2.0153
111.00,0.3287,0.8787,1.9819,0.2957,0.7607,2.1882,-0.2388,0.8765,2.0154
111.50,0.2819,0.9995,1.9384,0.2230,0.8703,2.1383,-0.2777,0.9917,1.9568
112.00,0.2334,1.1202,1.9406,0.1512,0.9797,2.1492,-0.3332,1.1119,1.9695
112.50,0.1984,1.2087,1.8995,0.0991,1.0625,2.1086,-0.3598,1.2026,1.9253
113.00,0.1857,1.2387,1.8573,0.0794,1.0967,2.0662,-0.3795,1.2334,1.8808
113.50,0.1868,1.2386,1.8126,0.0794,1.0965,2.0227,-0.3836,1.2294,1.8360
114.00,0.1929,1.2386,1.7665,0.0814,1.0921,1.9778,-0.3824,1.2247,1.7911
114.50,0.1993,1.2386,1.7189,0.0840,1.0856,1.9312,-0.3811,1.2178,1.7445
115.00,0.2063,1.2386,1.6696,0.0867,1.0780,1.8835,-0.3799,1.2099,1.6968
115.50,0.2138,1.2386,1.6185,0.0886,1.0716,1.8331,-0.3792,1.2032,1.6464
116.00,0.2217,1.2394,1.5628,0.0901,1.0650,1.7807,-0.3789,1.1964,1.5940
116.50,0.2362,1.2814,1.4223,0.0846,1.1074,1.6433,-0.3765,1.2392,1.4566
117.00,0.2620,1.3838,1.3323,0.0820,1.2121,1.5527,-0.3292,1.3612,1.3616
117.50,0.2946,1.5024,1.2975,0.0883,1.3415,1.5121,-0.2799,1.4984,1.3149
118.00,0.3131,1.5685,1.2975,0.0929,1.4192,1.5128,-0.2698,1.5737,1.3191
118.50,0.3161,1.5793,1.2975,0.0937,1.4323,1.5135,-0.2671,1.5766,1.3164
119.00,0.3161,1.5793,1.2975,0.0937,1.4323,1.5143,-0.2671,1.5766,1.3171
119.50,0.3161,1.5793,1.2975,0.0937,1.4323,1.5150,-0.2672,1.5766,1.3178
120.00,0.3161,1.5793,1.2975,0.0937,1.4323,1.5157,-0.2672,1.5766,1.3185
120.50,0.3161,1.5793,1.2975,0.0937,1.4323,1.5164,-0.2672,1.5766,1.3192
121.00,0.3161,1.5793,1.2975,0.0937,1.4323,1.5174,-0.2672,1.5766,1.3202
121.50,0.3185,1.5794,1.2692,0.0938,1.4345,1.4940,-0.2666,1.5787,1.2968
122.00,0.3233,1.5794,1.2263,0.0943,1.4394,1.4523,-0.2652,1.5834,1.2552
122.50,0.3277,1.5794,1.1846,0.0951,1.4449,1.4116,-0.2633,1.5887,1.2144
123.00,0.3316,1.5795,1.1440,0.0958,1.4490,1.3716,-0.2618,1.5925,1.1744
123.50,0.3350,1.5795,1.1045,0.0965,1.4521,1.3330,-0.2606,1.5954,1.1358
124.00,0.3379,1.5796,1.0661,0.0973,1.4551,1.2955,-0.2592,1.5982,1.0983
124.50,0.3404,1.5796,1.0286,0.0980,1.4576,1.2594,-0.2579,1.6005,1.0622
125.00,0.3424,1.5797,0.9922,0.0989,1.4602,1.2238,-0.2566,1.6029,1.0266
125.50,0.3439,1.5797,0.9567,0.0997,1.4624,1.1892,-0.2553,1.6049,0.9920
126.00,0.3450,1.5798,0.9221,0.1002,1.4636,1.1556,-0.2546,1.6060,0.9584
126.50,0.3457,1.5798,0.8884,0.1006,1.4643,1.1225,-0.2541,1.6066,0.9253
127.00,0.3459,1.5799,0.8556,0.1008,1.4647,1.0906,-0.2539,1.6069,0.8934
127.50,0.3458,1.5801,0.8229,0.1009,1.4648,1.0588,-0.2538,1.6071,0.8616
128.00,0.3458,1.5805,0.7891,0.1012,1.4654,1.0253,-0.2533,1.6076,0.8281
128.50,0.3459,1.5805,0.7551,0.1013,1.4657,0.9919,-0.2531,1.6078,0.7947
129.00,0.3461,1.5806,0.7222,0.1014,1.4657,0.9595,-0.2150,1.5798,0.7484
129.50,0.3461,1.5805,0.6896,0.1013,1.4656,0.9279,-0.2152,1.5797,0.7168
130.00,0.3460,1.5799,0.6561,0.1009,1.4651,0.8954,-0.2157,1.5793,0.6842
130.50,0.3460,1.5789,0.6217,0.1003,1.4644,0.8621,-0.2164,1.5787,0.6510
131.00,0.3459,1.5775,0.5864,0.0989,1.4627,0.8281,-0.2181,1.5774,0.6170
131.50,0.3459,1.5756,0.5502,0.0973,1.4611,0.7928,-0.2200,1.5762,0.5817
132.00,0.3458,1.5732,0.5130,0.0965,1.4603,0.7573,-0.2209,1.5756,0.5462
132.50,0.3458,1.5704,0.4748,0.0948,1.4588,0.7203,-0.2229,1.5744,0.5091
133.00,0.3457,1.5671,0.4355,0.0933,1.4575,0.6825,-0.2246,1.5735,0.4714
133.50,0.3457,1.5633,0.3952,0.0901,1.4550,0.6435,-0.2283,1.5717,0.4323
134.00,0.3456,1.5590,0.3537,0.0862,1.4522,0.6033,-0.2327,1.5698,0.3921
134.50,0.3456,1.5543,0.3110,0.0821,1.4495,0.5618,-0.2373,1.5680,0.3507
135.00,0.3456,1.5490,0.2671,0.0778,1.4469,0.5185,-0.2421,1.5664,0.3074
135.50,0.3455,1.5447,0.2325,0.0740,1.4449,0.4839,-0.2462,1.5652,0.2728
136.00,0.3455,1.5402,0.1979,0.0701,1.4429,0.4500,-0.2504,1.5640,0.2389
136.50,0.3455,1.5354,0.1623,0.0665,1.4412,0.4158,-0.2543,1.5632,0.2046
137.00,0.3455,1.5303,0.1259,0.0623,1.4395,0.3806,-0.2468,1.5402,0.1565
137.50,0.3455,1.5249,0.0885,0.0575,1.4376,0.3444,-0.2446,1.5258,0.1123
138.00,0.3455,1.5192,0.0483,0.0522,1.4358,0.3070,-0.2502,1.5253,0.0749
138.50,0.3455,1.5114,-0.0048,0.0449,1.4338,0.2551,-0.2577,1.5249,0.0230
139.00,0.3455,1.5035,-0.0575,0.0538,1.4358,0.2035,-0.2487,1.5249,-0.0286
139.50,0.3455,1.4962,-0.1083,0.0603,1.4370,0.1535,-0.2420,1.5246,-0.0786
140.00,0.3455,1.4893,-0.1572,0.0671,1.4379,0.1060,-0.2352,1.5239,-0.1261
140.50,0.3455,1.4829,-0.2046,0.0721,1.4383,0.0596,-0.2302,1.5231,-0.1725
141.00,0.3456,1.4770,-0.2504,0.0782,1.4386,0.0152,-0.2242,1.5220,-0.2169
141.50,0.3456,1.4731,-0.2881,0.0824,1.4386,-0.0218,-0.2201,1.5210,-0.2539
142.00,0.3456,1.4681,-0.3315,0.0878,1.4383,-0.0640,-0.2150,1.5195,-0.2961
142.50,0.3457,1.4636,-0.3736,0.0930,1.4379,-0.1048,-0.2099,1.5179,-0.3369
143.00,0.3457,1.4595,-0.4145,0.0972,1.4374,-0.1449,-0.2060,1.5164,-0.3770
143.50,0.3457,1.4560,-0.4543,0.1010,1.4368,-0.1832,-0.2025,1.5149,-0.4153
144.00,0.3458,1.4529,-0.4931,0.1047,1.4360,-0.2209,-0.1990,1.5134,-0.4530
144.50,0.3458,1.4503,-0.5308,0.1073,1.4354,-0.2577,-0.1967,1.5121,-0.4898
145.00,0.3459,1.4481,-0.5675,0.1092,1.4348,-0.2938,-0.1949,1.5112,-0.5259
145.50,0.3459,1.4464,-0.6033,0.1109,1.4343,-0.3284,-0.2120,1.4526,-0.5744
146.00,0.3460,1.4452,-0.6382,0.1121,1.4339,-0.3628,-0.2110,1.4520,-0.6088
146.50,0.3461,1.4444,-0.6721,0.1132,1.4334,-0.3957,-0.2100,1.4513,-0.6418
147.00,0.3461,1.4441,-0.7052,0.1136,1.4332,-0.4275,-0.2096,1.4509,-0.6736
147.50,0.3462,1.4441,-0.7377,0.1138,1.4332,-0.4593,-0.2095,1.4509,-0.7054
148.00,0.3467,1.4442,-0.7712,0.1139,1.4331,-0.4917,-0.2094,1.4507,-0.7377
148.50,0.3468,1.4441,-0.8054,0.1142,1.4329,-0.5246,-0.2092,1.4506,-0.7707
149.00,0.3468,1.4439,-0.8386,0.1143,1.4328,-0.5570,-0.2090,1.4504,-0.8031
149.50,0.3468,1.4439,-0.8711,0.1143,1.4329,-0.5887,-0.2091,1.4505,-0.8348
150.00,0.3464,1.4439,-0.9043,0.1140,1.4330,-0.6211,-0.2093,1.4507,-0.8672
150.50,0.3456,1.4440,-0.9366,0.1135,1.4334,-0.6531,-0.2097,1.4512,-0.8991
151.00,0.3447,1.4440,-0.9627,0.1129,1.4339,-0.6782,-0.2102,1.4518,-0.9242
151.50,0.3435,1.4441,-0.9893,0.1117,1.4349,-0.7040,-0.2111,1.4531,-0.9500
152.00,0.3421,1.4441,-1.0165,0.1103,1.4362,-0.7299,-0.2122,1.4546,-0.9759
152.50,0.3404,1.4441,-1.0443,0.1090,1.4373,-0.7559,-0.2131,1.4561,-1.0020
153.00,0.3384,1.4442,-1.0725,0.1080,1.4383,-0.7834,-0.2139,1.4573,-1.0294
153.50,0.3362,1.4442,-1.1014,0.1066,1.4397,-0.8109,-0.2148,1.4589,-1.0569
154.00,0.3337,1.4442,-1.1308,0.1053,1.4411,-0.8395,-0.2157,1.4606,-1.0856
154.50,0.3310,1.4443,-1.1609,0.1031,1.4436,-0.8684,-0.2173,1.4636,-1.1145
155.00,0.3280,1.4443,-1.1916,0.1004,1.4469,-0.8979,-0.2191,1.4675,-1.1439
155.50,0.3247,1.4443,-1.2229,0.0986,1.4493,-0.9280,-0.2203,1.4702,-1.1740
156.00,0.3211,1.4444,-1.2549,0.0968,1.4518,-0.9586,-0.2215,1.4731,-1.2047
156.50,0.3172,1.4444,-1.2877,0.0945,1.4551,-0.9900,-0.2228,1.4768,-1.2360
157.00,0.3131,1.4444,-1.3212,0.0924,1.4584,-1.0227,-0.2241,1.4806,-1.2687
157.50,0.3087,1.4444,-1.3554,0.0898,1.4628,-1.0559,-0.2255,1.4854,-1.3020
158.00,0.3038,1.4445,-1.3931,0.0875,1.4669,-1.0918,-0.2267,1.4900,-1.3378
158.50,0.2972,1.4445,-1.4414,0.0843,1.4735,-1.1390,-0.2282,1.4972,-1.3850
159.00,0.2898,1.4402,-1.5040,0.0841,1.4738,-1.1956,-0.2722,1.4486,-1.4731
159.50,0.2747,1.3859,-1.7162,0.0989,1.4208,-1.4021,-0.2725,1.3936,-1.6796
160.00,0.2488,1.2744,-1.8485,0.1082,1.3039,-1.5474,-0.3152,1.2686,-1.8283
160.50,0.2201,1.1696,-1.8093,0.1104,1.1945,-1.5190,-0.3287,1.1716,-1.7982
161.00,0.1993,1.0975,-1.5968,0.1214,1.1105,-1.3139,-0.3553,1.0829,-1.5896
161.50,0.1858,1.0696,-1.4445,0.1329,1.0769,-1.1504,-0.3561,1.0538,-1.4230
162.00,0.1826,1.0695,-1.3951,0.1319,1.0791,-1.0979,-0.3568,1.0602,-1.3719
162.50,0.1875,1.0695,-1.3484,0.1338,1.0755,-1.0499,-0.3559,1.0561,-1.3238
163.00,0.1932,1.0695,-1.3031,0.1369,1.0702,-1.0035,-0.3543,1.0502,-1.2774
163.50,0.1985,1.0694,-1.2592,0.1403,1.0651,-0.9587,-0.3524,1.0444,-1.2326
164.00,0.2032,1.0694,-1.2165,0.1436,1.0607,-0.9150,-0.3505,1.0392,-1.1890
164.50,0.2085,1.0633,-1.1596,0.1488,1.0541,-0.8602,-0.3472,1.0315,-1.1342
165.00,0.2292,1.0095,-1.0340,0.1867,1.0164,-0.7303,-0.3202,1.0056,-1.0138
165.50,0.2911,0.9091,-0.9842,0.2742,0.9428,-0.6782,-0.2666,0.9105,-0.9635
166.00,0.3683,0.8051,-0.8673,0.3761,0.8681,-0.5679,-0.1744,0.8069,-0.8528
166.50,0.4536,0.7206,-0.6698,0.4852,0.8116,-0.3719,-0.0738,0.7232,-0.6555
167.00,0.5366,0.6560,-0.4319,0.5860,0.7847,-0.1357,-0.0090,0.6691,-0.4210
167.50,0.6412,0.6020,-0.1547,0.6990,0.7852,0.1433,0.1027,0.6226,-0.1402
168.00,0.7685,0.5641,0.1089,0.8276,0.8222,0.4162,0.2096,0.6009,0.1281
168.50,0.8897,0.5724,0.1908,0.9388,0.8803,0.5130,0.3311,0.5921,0.2190
169.00,0.9572,0.5854,0.1908,1.0003,0.9150,0.5137,0.3952,0.6029,0.2127
169.50,0.9682,0.5875,0.1908,1.0118,0.9216,0.5151,0.4082,0.6058,0.2141
170.00,0.9682,0.5875,0.1908,1.0118,0.9216,0.5162,0.4082,0.6057,0.2152
170.50,0.9682,0.5875,0.1908,1.0118,0.9215,0.5168,0.4082,0.6057,0.2158
171.00,0.9682,0.5889,0.2199,1.0128,0.9221,0.5383,0.4093,0.6059,0.2372
171.50,0.9683,0.5981,0.3905,1.0195,0.9269,0.7021,0.4171,0.6085,0.4011
172.00,0.9685,0.6115,0.5823,1.0303,0.9378,0.8967,0.4306,0.6158,0.5957
172.50,0.9686,0.6148,0.7494,1.0326,0.9409,1.0670,0.4338,0.6181,0.7660
173.00,0.9685,0.6142,0.8362,1.0321,0.9397,1.1651,0.4329,0.6171,0.8641
173.50,0.9684,0.6144,0.8160,1.0322,0.9400,1.1500,0.4331,0.6173,0.8489
174.00,0.9684,0.6147,0.7820,1.0322,0.9401,1.1168,0.4332,0.6174,0.8158
174.50,0.9686,0.6148,0.7482,1.0323,0.9401,1.0837,0.4332,0.6174,0.7827
175.00,0.9687,0.6148,0.7155,1.0322,0.9401,1.0522,0.4332,0.6174,0.7512
175.50,0.9687,0.6146,0.6827,1.0321,0.9398,1.0202,0.4330,0.6172,0.7192
176.00,0.9686,0.6140,0.6490,1.0316,0.9390,0.9875,0.4322,0.6166,0.6865
176.50,0.9686,0.6129,0.6144,1.0310,0.9382,0.9537,0.4315,0.6160,0.6527
177.00,0.9685,0.6114,0.5789,1.0300,0.9369,0.9192,0.4301,0.6150,0.6182
177.50,0.9685,0.6094,0.5425,1.0288,0.9354,0.8843,0.4285,0.6139,0.5833
178.00,0.9684,0.6069,0.5051,1.0277,0.9341,0.8479,0.4271,0.6130,0.5469
178.50,0.9684,0.6040,0.4667,1.0260,0.9322,0.8105,0.4249,0.6117,0.5095
179.00,0.9683,0.6006,0.4272,1.0233,0.9294,0.7717,0.4214,0.6098,0.4707
179.50,0.9683,0.5967,0.3866,1.0200,0.9264,0.7320,0.4175,0.6079,0.4310
180.00,0.9682,0.5923,0.3449,1.0165,0.9233,0.6910,0.4131,0.6060,0.3900
180.50,0.9682,0.5875,0.3020,1.0129,0.9205,0.6493,0.4089,0.6044,0.3483
181.00,0.9682,0.5821,0.2577,1.0092,0.9178,0.6058,0.4046,0.6029,0.3048
181.50,0.9681,0.5763,0.2121,1.0039,0.9143,0.5609,0.3985,0.6011,0.2599
182.00,0.9681,0.5700,0.1650,0.9992,0.9115,0.5148,0.3931,0.5998,0.2138
182.50,0.9749,0.5628,0.0964,1.0008,0.9122,0.4515,0.3949,0.6001,0.1505
183.00,1.0357,0.5474,-0.0898,1.0617,0.9342,0.2643,0.4595,0.6030,-0.0367
183.50,1.1536,0.5278,-0.1232,1.1743,0.9602,0.2183,0.5903,0.5501,-0.1074
184.00,1.2831,0.5180,0.0290,1.3007,0.9952,0.3639,0.7264,0.5388,0.0437
184.50,1.4126,0.5209,0.1138,1.4223,1.0507,0.4650,0.8493,0.5517,0.1415
185.00,1.5383,0.5312,0.0069,1.5425,1.1069,0.3729,0.9780,0.5578,0.0439
185.50,1.6667,0.5328,-0.2211,1.6705,1.1404,0.1411,1.0914,0.5497,-0.1959
186.00,1.7633,0.5151,-0.2895,1.7788,1.1501,0.0613,1.2003,0.5435,-0.2728
186.50,1.7994,0.5030,-0.3081,1.8222,1.1526,0.0466,1.2098,0.5377,-0.2841
187.00,1.7997,0.4982,-0.3508,1.8279,1.1529,0.0046,1.2153,0.5361,-0.3261
187.50,1.7998,0.4939,-0.3924,1.8332,1.1528,-0.0362,1.2203,0.5343,-0.3668
188.00,1.7998,0.4901,-0.4328,1.8378,1.1526,-0.0756,1.2246,0.5326,-0.4063
188.50,1.7999,0.4868,-0.4721,1.8425,1.1522,-0.1138,1.2288,0.5307,-0.4445
189.00,1.7999,0.4839,-0.5104,1.8453,1.1518,-0.1510,1.2242,0.5209,-0.4869
189.50,1.8000,0.4815,-0.5477,1.8473,1.1515,-0.1878,1.2260,0.5199,-0.5238
190.00,1.8000,0.4796,-0.5840,1.8493,1.1511,-0.2232,1.2278,0.5189,-0.5591
190.50,1.8001,0.4781,-0.6193,1.8507,1.1507,-0.2574,1.2289,0.5181,-0.5933
191.00,1.8001,0.4771,-0.6538,1.8517,1.1505,-0.2908,1.2298,0.5175,-0.6267
191.50,1.8002,0.4765,-0.6874,1.8522,1.1503,-0.3236,1.2302,0.5172,-0.6595
192.00,1.8002,0.4763,-0.7201,1.8525,1.1502,-0.3551,1.2304,0.5170,-0.6910
192.50,1.8005,0.4764,-0.7529,1.8527,1.1501,-0.3867,1.2306,0.5169,-0.7226
193.00,1.8008,0.4765,-0.7868,1.8531,1.1500,-0.4198,1.2309,0.5166,-0.7558
193.50,1.8009,0.4763,-0.8207,1.8533,1.1499,-0.4531,1.2311,0.5165,-0.7890
194.00,1.8009,0.4761,-0.8389,1.8533,1.1499,-0.4741,1.2311,0.5165,-0.8100
194.50,1.7993,0.4779,-0.8389,1.8517,1.1507,-0.4729,1.2298,0.5177,-0.8088
195.00,1.7753,0.5046,-0.8389,1.8219,1.1659,-0.4723,1.2067,0.5419,-0.8082
195.50,1.7486,0.5344,-0.8389,1.7853,1.1846,-0.4714,1.1783,0.5716,-0.8074
196.00,1.7218,0.5642,-0.8389,1.7501,1.2025,-0.4707,1.1602,0.5920,-0.8171
196.50,1.6951,0.5939,-0.8389,1.7140,1.2208,-0.4695,1.1325,0.6215,-0.8159
197.00,1.6684,0.6237,-0.8389,1.6761,1.2401,-0.4685,1.0833,0.6525,-0.8149
197.50,1.6445,0.6503,-0.8389,1.6396,1.2585,-0.4678,1.0448,0.6781,-0.8142
198.00,1.6280,0.6686,-0.8423,1.6142,1.2714,-0.4689,1.0253,0.6988,-0.8153
198.50,1.6276,0.6691,-0.8667,1.6135,1.2717,-0.4925,1.0247,0.6994,-0.8389
199.00,1.6274,0.6691,-0.8914,1.6131,1.2719,-0.5163,1.0245,0.6997,-0.8626
199.50,1.6269,0.6692,-0.9167,1.6128,1.2721,-0.5413,1.0242,0.7000,-0.8877
200.00,1.6262,0.6692,-0.9424,1.6125,1.2722,-0.5661,1.0240,0.7002,-0.9125
200.50,1.6252,0.6693,-0.9687,1.6113,1.2730,-0.5912,1.0232,0.7013,-0.9376
201.00,1.6240,0.6693,-0.9955,1.6102,1.2738,-0.6174,1.0224,0.7024,-0.9638
201.50,1.6225,0.6693,-1.0228,1.6091,1.2746,-0.6442,1.0216,0.7036,-0.9906
202.00,1.6207,0.6694,-1.0506,1.6076,1.2757,-0.6709,1.0206,0.7052,-1.0173
202.50,1.6187,0.6694,-1.0790,1.6059,1.2772,-0.6986,1.0194,0.7071,-1.0450
203.00,1.6164,0.6695,-1.1080,1.6047,1.2782,-0.7265,1.0187,0.7085,-1.0729
203.50,1.6139,0.6695,-1.1376,1.6031,1.2797,-0.7552,1.0177,0.7104,-1.1016
204.00,1.6111,0.6695,-1.1678,1.6008,1.2819,-0.7838,1.0162,0.7133,-1.1302
204.50,1.6078,0.6695,-1.2025,1.5989,1.2838,-0.8200,1.0151,0.7157,-1.1664
205.00,1.6032,0.6696,-1.2448,1.5962,1.2868,-0.8612,1.0136,0.7194,-1.2076
205.50,1.5982,0.6696,-1.2883,1.5920,1.2919,-0.9034,1.0114,0.7257,-1.2498
206.00,1.5926,0.6697,-1.3331,1.5894,1.2953,-0.9474,1.0101,0.7298,-1.2938
206.50,1.5865,0.6697,-1.3793,1.5867,1.2993,-0.9927,1.0089,0.7345,-1.3391
207.00,1.5800,0.6697,-1.4271,1.5832,1.3050,-1.0391,1.0039,0.7016,-1.4012
207.50,1.5730,0.6697,-1.4766,1.5789,1.3126,-1.0880,1.0026,0.7103,-1.4501
208.00,1.5655,0.6697,-1.5279,1.5765,1.3175,-1.1388,1.0021,0.7157,-1.5009
208.50,1.5576,0.6697,-1.5811,1.5741,1.3230,-1.1910,1.0018,0.7217,-1.5531
209.00,1.5498,0.6697,-1.6336,1.5772,1.3148,-1.2428,1.0018,0.7129,-1.6049
209.50,1.5425,0.6697,-1.6841,1.5794,1.3076,-1.2925,1.0013,0.7054,-1.6546
210.00,1.5356,0.6697,-1.7329,1.5811,1.3010,-1.3402,1.0006,0.6986,-1.7023
210.50,1.5293,0.6697,-1.7801,1.5825,1.2946,-1.3869,0.9996,0.6922,-1.7490
211.00,1.5234,0.6696,-1.8258,1.5834,1.2891,-1.4309,0.9985,0.6868,-1.7930
211.50,1.5180,0.6696,-1.8701,1.5839,1.2845,-1.4741,0.9974,0.6822,-1.8362
212.00,1.5132,0.6696,-1.9132,1.5843,1.2800,-1.5161,0.9961,0.6779,-1.8782
212.50,1.5088,0.6695,-1.9549,1.5844,1.2759,-1.5569,0.9948,0.6740,-1.9190
213.00,1.5053,0.6695,-1.9902,1.5844,1.2719,-1.5926,0.9933,0.6702,-1.9547
213.50,1.5027,0.6695,-2.0200,1.5843,1.2683,-1.6218,0.9920,0.6670,-1.9839
214.00,1.5003,0.6694,-2.0493,1.5842,1.2662,-1.6503,0.9911,0.6650,-2.0124
214.50,1.4981,0.6694,-2.0780,1.5840,1.2648,-1.6778,0.9905,0.6638,-2.0399
215.00,1.4963,0.6694,-2.1061,1.5838,1.2627,-1.7047,0.9895,0.6619,-2.0668
215.50,1.4947,0.6693,-2.1336,1.5836,1.2612,-1.7319,0.9887,0.6606,-2.0940
216.00,1.4933,0.6693,-2.1606,1.5833,1.2596,-1.7580,0.9879,0.6591,-2.1201
216.50,1.4922,0.6692,-2.1871,1.5830,1.2582,-1.7835,0.9872,0.6580,-2.1456
217.00,1.4914,0.6692,-2.2131,1.5828,1.2573,-1.8090,0.9867,0.6572,-2.1711
217.50,1.4908,0.6692,-2.2386,1.5825,1.2563,-1.8328,0.9860,0.6563,-2.1949
218.00,1.4905,0.6691,-2.2599,1.5825,1.2561,-1.8528,0.9859,0.6562,-2.2149
218.50,1.4904,0.6691,-2.2844,1.5825,1.2561,-1.8767,0.9859,0.6561,-2.2387
219.00,1.4904,0.6690,-2.3088,1.5824,1.2559,-1.9000,0.9858,0.6560,-2.2621
219.50,1.4904,0.6686,-2.3338,1.5824,1.2558,-1.9241,0.9857,0.6559,-2.2862
220.00,1.4905,0.6685,-2.3594,1.5824,1.2559,-1.9488,0.9858,0.6560,-2.3109
220.50,1.4904,0.6684,-2.3848,1.5824,1.2558,-1.9733,0.9857,0.6559,-2.3354
221.00,1.4901,0.6684,-2.4096,1.5823,1.2555,-1.9977,0.9855,0.6557,-2.3598
221.50,1.4902,0.6684,-2.4340,1.5823,1.2555,-2.0216,0.9855,0.6557,-2.3837
222.00,1.4902,0.6686,-2.4587,1.5823,1.2557,-2.0461,0.9857,0.6558,-2.4082
222.50,1.4902,0.6690,-2.4838,1.5825,1.2560,-2.0706,0.9860,0.6561,-2.4327
223.00,1.4903,0.6697,-2.5095,1.5829,1.2567,-2.0948,0.9865,0.6566,-2.4569
223.50,1.4903,0.6706,-2.5357,1.5834,1.2575,-2.1202,0.9873,0.6572,-2.4823
224.00,1.4904,0.6718,-2.5624,1.5841,1.2586,-2.1459,0.9883,0.6580,-2.5080
224.50,1.4904,0.6733,-2.5896,1.5848,1.2596,-2.1723,0.9893,0.6587,-2.5344
225.00,1.4904,0.6750,-2.6174,1.5860,1.2614,-2.1985,0.9911,0.6599,-2.5606
225.50,1.4905,0.6769,-2.6457,1.5873,1.2632,-2.2254,0.9930,0.6611,-2.5875
226.00,1.4905,0.6792,-2.6746,1.5894,1.2658,-2.2534,0.9959,0.6628,-2.6155
226.50,1.4905,0.6817,-2.7041,1.5912,1.2679,-2.2822,0.9983,0.6642,-2.6443
227.00,1.4875,0.6835,-2.7422,1.5914,1.2682,-2.3159,0.9986,0.6643,-2.6780
227.50,1.4430,0.6796,-2.8678,1.5610,1.2391,-2.4328,0.9598,0.6479,-2.7949
228.00,1.3311,0.6664,-2.9569,1.4735,1.1727,-2.5306,0.7665,0.6841,-2.9380
228.50,1.2039,0.6386,-2.8817,1.3651,1.0942,-2.4653,0.6478,0.6598,-2.8658
229.00,1.0836,0.6032,-2.8385,1.2718,1.0131,-2.4093,0.5153,0.6211,-2.8109
229.50,0.9987,0.5746,-2.9632,1.2006,0.9538,-2.5209,0.4266,0.5943,-2.9231
230.00,0.8989,0.5545,3.0261,1.1115,0.9074,-2.8127,0.3355,0.5857,3.0601
230.50,0.7762,0.5595,2.8756,0.9816,0.8765,-2.9767,0.2081,0.5895,2.8938
231.00,0.6868,0.5814,2.8992,0.8896,0.8618,-2.9638,0.1326,0.5934,2.9125
231.50,0.5821,0.5951,3.1071,0.7906,0.8357,-2.7691,0.0387,0.6046,3.1130
232.00,0.4542,0.5989,-2.9435,0.6781,0.7731,-2.5212,-0.1025,0.5881,-2.9182
232.50,0.3537,0.5816,-2.9002,0.5911,0.7056,-2.4638,-0.2058,0.5743,-2.8678
233.00,0.2630,0.5677,-3.0323,0.5175,0.6518,-2.5822,-0.2944,0.5581,-2.9931
233.50,0.1361,0.5634,3.0652,0.4004,0.5948,-2.7777,-0.4190,0.5614,3.0864
234.00,0.0066,0.5715,3.0745,0.2736,0.5490,-2.7767,-0.5472,0.5653,3.0932
234.50,-0.1233,0.5747,3.1393,0.1552,0.4978,-2.7061,-0.6428,0.5640,-3.1182
235.00,-0.2532,0.5686,-3.0790,0.0354,0.4373,-2.6396,-0.8011,0.5513,-3.0587
235.50,-0.3830,0.5617,-3.0898,-0.0845,0.3721,-2.6510,-0.9356,0.5431,-3.0683
236.00,-0.5124,0.5492,-2.9946,-0.1980,0.3059,-2.5614,-1.0526,0.5290,-2.9787
236.50,-0.6405,0.5288,-2.9784,-0.3099,0.2279,-2.5307,-1.1891,0.5047,-2.9463
237.00,-0.7696,0.5140,-3.0551,-0.4153,0.1608,-2.6106,-1.3096,0.4890,-3.0337
237.50,-0.8987,0.4988,-2.9680,-0.5280,0.0912,-2.5347,-1.4257,0.4733,-2.9562
238.00,-1.0253,0.4745,-2.8665,-0.6318,0.0100,-2.4267,-1.5573,0.4418,-2.8433
238.50,-1.1281,0.4453,-2.8542,-0.7137,-0.0648,-2.4006,-1.6787,0.4162,-2.8220
239.00,-1.2498,0.4247,-3.0115,-0.8091,-0.1419,-2.5476,-1.7671,0.3844,-2.9747
239.50,-1.3795,0.4130,3.1233,-0.9273,-0.2066,-2.7092,-1.9214,0.3847,-3.1376
240.00,-1.5044,0.4129,-3.1144,-1.0458,-0.2613,-2.6760,-2.0419,0.3748,-3.0988
240.50,-1.6287,0.4053,-2.9825,-1.1543,-0.3260,-2.5403,-2.1674,0.3606,-2.9582
241.00,-1.7558,0.3883,-2.8832,-1.2598,-0.4064,-2.4397,-2.2827,0.3396,-2.8646
241.50,-1.8801,0.3568,-2.8282,-1.3548,-0.4938,-2.3739,-2.3891,0.3092,-2.7988
242.00,-2.0051,0.3221,-2.9093,-1.4513,-0.5815,-2.4524,-2.5253,0.2685,-2.8829
242.50,-2.1320,0.2943,-2.9253,-1.5540,-0.6635,-2.4728,-2.6505,0.2369,-2.9047
243.00,-2.2583,0.2606,-2.8607,-1.6599,-0.7504,-2.4147,-2.7832,0.2063,-2.8444
243.50,-2.3823,0.2209,-2.8423,-1.7523,-0.8374,-2.3832,-2.8933,0.1618,-2.8116
244.00,-2.5084,0.1886,-2.9690,-1.8550,-0.9248,-2.5071,-3.0328,0.1244,-2.9398
244.50,-2.6370,0.1664,-2.9922,-1.9673,-1.0020,-2.5436,-3.1771,0.1014,-2.9789
245.00,-2.7645,0.1411,-2.9029,-2.0722,-1.0803,-2.4558,-3.2853,0.0753,-2.8820
245.50,-2.8898,0.1070,-2.8594,-2.1716,-1.1670,-2.4036,-3.4115,0.0372,-2.8320
246.00,-3.0151,0.0724,-2.8650,-2.2726,-1.2571,-2.4107,-3.5345,-0.0033,-2.8448
246.50,-3.1397,0.0338,-2.8570,-2.3672,-1.3444,-2.3942,-3.6632,-0.0428,-2.8296
247.00,-3.2652,0.0008,-2.8812,-2.4652,-1.4313,-2.4235,-3.7849,-0.0805,-2.8624
247.50,-3.3901,-0.0366,-2.8554,-2.5633,-1.5202,-2.3920,-3.9153,-0.1191,-2.8274
248.00,-3.5157,-0.0681,-2.8985,-2.6688,-1.6137,-2.4362,-4.0402,-0.1599,-2.8773
248.50,-3.6415,-0.1027,-2.8718,-2.7646,-1.6972,-2.4081,-4.1625,-0.1845,-2.8505
249.00,-3.7671,-0.1344,-2.8898,-2.8663,-1.7871,-2.4276,-4.2928,-0.2262,-2.8699
249.50,-3.8924,-0.1707,-2.8467,-2.9674,-1.8774,-2.3851,-4.4229,-0.2604,-2.8239
250.00,-4.0174,-0.2052,-2.8928,-3.0682,-1.9703,-2.4276,-4.5435,-0.3021,-2.8673
250.50,-4.1433,-0.2385,-2.8660,-3.1661,-2.0551,-2.4063,-4.6482,-0.3370,-2.8486
251.00,-4.2688,-0.2715,-2.9092,-3.2665,-2.1447,-2.4420,-4.7935,-0.3750,-2.8830
251.50,-4.3953,-0.3016,-2.8920,-3.3672,-2.2285,-2.4303,-4.9241,-0.4078,-2.8727
252.00,-4.5215,-0.3316,-2.9121,-3.4717,-2.3173,-2.4513,-5.0389,-0.4438,-2.8945
252.50,-4.6472,-0.3664,-2.8347,-3.5708,-2.4033,-2.3780,-5.1629,-0.4788,-2.8203
253.00,-4.7702,-0.4103,-2.7943,-3.6652,-2.4984,-2.3331,-5.2887,-0.5247,-2.7776
253.50,-4.8915,-0.4613,-2.7548,-3.7573,-2.5990,-2.2898,-5.4051,-0.5758,-2.7321
254.00,-5.0128,-0.5068,-2.8180,-3.8481,-2.6998,-2.3453,-5.5202,-0.6282,-2.7911
254.50,-5.1370,-0.5453,-2.8385,-3.9415,-2.7899,-2.3777,-5.6533,-0.6693,-2.8270
255.00,-5.2599,-0.5904,-2.7742,-4.0300,-2.8797,-2.3143,-5.7659,-0.7116,-2.7601
255.50,-5.3792,-0.6447,-2.6824,-4.1199,-2.9856,-2.2237,-5.8789,-0.7683,-2.6695
256.00,-5.4932,-0.7081,-2.5852,-4.1980,-3.0980,-2.1253,-6.0054,-0.8361,-2.5711
256.50,-5.6003,-0.7807,-2.4956,-4.2628,-3.2147,-2.0336,-6.1166,-0.9135,-2.4794
257.00,-5.6811,-0.8491,-2.3341,-4.3059,-3.3155,-1.8802,-6.1892,-0.9818,-2.3252
257.50,-5.7274,-0.9081,-2.1116,-4.3217,-3.3927,-1.6574,-6.2368,-1.0382,-2.0998
258.00,-5.7648,-0.9911,-1.8499,-4.3182,-3.4832,-1.3970,-6.2620,-1.1218,-1.8429
258.50,-5.7924,-1.1166,-1.6024,-4.2801,-3.6042,-1.1485,-6.2999,-1.2573,-1.5909
259.00,-5.8048,-1.2459,-1.4050,-4.2140,-3.7151,-0.9372,-6.2879,-1.3858,-1.3796
259.50,-5.7849,-1.3737,-1.3984,-4.1304,-3.8228,-0.9165,-6.2830,-1.5140,-1.3693
260.00,-5.7682,-1.5029,-1.5785,-4.0557,-3.9352,-1.0833,-6.2646,-1.6376,-1.5396
260.50,-5.7646,-1.6321,-1.7325,-4.0069,-4.0539,-1.2516,-6.2731,-1.7655,-1.7114
261.00,-5.7834,-1.7567,-1.6990,-3.9674,-4.1746,-1.2296,-6.2814,-1.8912,-1.6859
261.50,-5.7951,-1.8863,-1.4945,-3.9148,-4.2903,-1.0264,-6.2853,-2.0182,-1.4792
262.00,-5.7913,-2.0048,-1.3971,-3.8451,-4.3905,-0.9171,-6.2762,-2.1388,-1.3699
262.50,-5.7763,-2.0663,-1.3512,-3.8006,-4.4461,-0.8688,-6.2705,-2.2082,-1.3216
263.00,-5.7692,-2.0740,-1.3060,-3.7919,-4.4561,-0.8226,-6.2660,-2.2208,-1.2824
263.50,-5.7639,-2.0740,-1.2620,-3.7879,-4.4604,-0.7770,-6.2643,-2.2264,-1.2368
264.00,-5.7591,-2.0741,-1.2193,-3.7844,-4.4636,-0.7331,-6.2520,-2.2206,-1.1964
264.50,-5.7548,-2.0741,-1.1777,-3.7810,-4.4666,-0.6902,-6.2503,-2.2249,-1.1535
265.00,-5.7510,-2.0742,-1.1373,-3.7779,-4.4691,-0.6497,-6.2486,-2.2285,-1.1130
265.50,-5.7477,-2.0742,-1.0980,-3.7764,-4.4702,-0.6097,-6.2478,-2.2301,-1.0730
266.00,-5.7448,-2.0743,-1.0598,-3.7743,-4.4716,-0.5700,-6.2466,-2.2323,-1.0333
266.50,-5.7424,-2.0743,-1.0225,-3.7716,-4.4733,-0.5322,-6.2448,-2.2351,-0.9955
267.00,-5.7405,-2.0744,-0.9862,-3.7698,-4.4744,-0.4944,-6.2437,-2.2368,-0.9577
267.50,-5.7390,-2.0744,-0.9509,-3.7686,-4.4750,-0.4581,-6.2429,-2.2379,-0.9214
268.00,-5.7380,-2.0745,-0.9164,-3.7678,-4.4753,-0.4228,-6.2424,-2.2386,-0.8861
268.50,-5.7374,-2.0745,-0.8829,-3.7674,-4.4755,-0.3880,-6.2421,-2.2389,-0.8513
269.00,-5.7373,-2.0746,-0.8502,-3.7672,-4.4756,-0.3545,-6.2420,-2.2390,-0.8178
269.50,-5.7374,-2.0744,-0.8174,-3.7673,-4.4756,-0.3208,-6.2420,-2.2390,-0.7841
270.00,-5.7374,-2.0742,-0.7834,-3.7674,-4.4755,-0.2858,-6.2421,-2.2389,-0.7491
270.50,-5.7378,-2.0743,-0.7496,-3.7676,-4.4755,-0.2507,-6.2422,-2.2388,-0.7140
271.00,-5.7380,-2.0743,-0.7168,-3.7682,-4.4753,-0.2161,-6.2427,-2.2384,-0.6794
271.50,-5.7381,-2.0741,-0.6841,-3.7684,-4.4753,-0.1830,-6.2429,-2.2383,-0.6463
272.00,-5.7381,-2.0735,-0.6504,-3.7693,-4.4751,-0.1483,-6.2436,-2.2377,-0.6116
272.50,-5.7382,-2.0725,-0.6159,-3.7704,-4.4750,-0.1129,-6.2446,-2.2371,-0.5762
273.00,-5.7382,-2.0709,-0.5804,-3.7720,-4.4748,-0.0767,-6.2459,-2.2362,-0.5400
273.50,-5.7383,-2.0690,-0.5440,-3.7740,-4.4747,-0.0396,-6.2477,-2.2352,-0.5029
274.00,-5.7383,-2.0665,-0.5067,-3.7767,-4.4747,-0.0012,-6.2500,-2.2340,-0.4645
274.50,-5.7384,-2.0636,-0.4683,-3.7783,-4.4747,0.0385,-6.2514,-2.2333,-0.4248
275.00,-5.7384,-2.0602,-0.4289,-3.7822,-4.4749,0.0783,-6.2551,-2.2318,-0.3850
275.50,-5.7385,-2.0564,-0.3883,-3.7859,-4.4753,0.1197,-6.2586,-2.2304,-0.3436
276.00,-5.7385,-2.0520,-0.3467,-3.7898,-4.4759,0.1622,-6.2623,-2.2292,-0.3011
276.50,-5.7385,-2.0472,-0.3038,-3.7951,-4.4769,0.2054,-6.2675,-2.2277,-0.2579
277.00,-5.7386,-2.0418,-0.2596,-3.8005,-4.4781,0.2504,-6.2729,-2.2264,-0.2129
277.50,-5.7386,-2.0360,-0.2141,-3.8065,-4.4798,0.2972,-6.2790,-2.2252,-0.1661
278.00,-5.7386,-2.0297,-0.1670,-3.8136,-4.4822,0.3448,-6.2864,-2.2242,-0.1185
278.50,-5.7386,-2.0229,-0.1184,-3.8189,-4.4842,0.3942,-6.2920,-2.2236,-0.0691
279.00,-5.7387,-2.0157,-0.0681,-3.8264,-4.4875,0.4455,-6.3003,-2.2233,-0.0178
279.50,-5.7387,-2.0080,-0.0158,-3.8345,-4.4916,0.4987,-6.2391,-2.1575,0.0075
280.00,-5.7387,-2.0000,0.0376,-3.8328,-4.4905,0.5532,-6.2371,-2.1573,0.0620
280.50,-5.7387,-1.9925,0.0891,-3.8272,-4.4869,0.6056,-6.2304,-2.1567,0.1144
281.00,-5.7386,-1.9854,0.1387,-3.8205,-4.4820,0.6561,-6.2223,-2.1555,0.1649
281.50,-5.7386,-1.9788,0.1866,-3.8151,-4.4776,0.7051,-6.2154,-2.1543,0.2139
282.00,-5.7386,-1.9727,0.2330,-3.8091,-4.4722,0.7527,-6.2075,-2.1524,0.2615
282.50,-5.7386,-1.9671,0.2780,-3.8054,-4.4687,0.7989,-6.2027,-2.1509,0.3077
283.00,-5.7386,-1.9657,0.2895,-3.8041,-4.4673,0.8133,-6.2008,-2.1503,0.3220
283.50,-5.7386,-1.9657,0.2895,-3.8041,-4.4673,0.8143,-6.2008,-2.1503,0.3231
284.00,-5.7386,-1.9657,0.2895,-3.8041,-4.4673,0.8153,-6.2008,-2.1503,0.3241
284.50,-5.7386,-1.9657,0.2895,-3.8041,-4.4673,0.8167,-6.2008,-2.1503,0.3255
285.00,-5.7385,-1.9634,0.3175,-3.8029,-4.4659,0.8416,-6.1991,-2.1497,0.3504
285.50,-5.7385,-1.9587,0.3600,-3.7995,-4.4619,0.8852,-6.1942,-2.1478,0.3940
286.00,-5.7385,-1.9545,0.4013,-3.7972,-4.4590,0.9273,-6.1908,-2.1463,0.4361
286.50,-5.7384,-1.9508,0.4414,-3.7951,-4.4562,0.9683,-6.1876,-2.1448,0.4771
287.00,-5.7384,-1.9476,0.4805,-3.7934,-4.4535,1.0081,-6.2230,-2.1046,0.5083
287.50,-5.7383,-1.9448,0.5186,-3.7917,-4.4508,1.0467,-6.2434,-2.0792,0.5415
288.00,-5.7383,-1.9425,0.5556,-3.7906,-4.4487,1.0850,-6.2414,-2.0780,0.5798
288.50,-5.7382,-1.9407,0.5917,-3.7897,-4.4470,1.1219,-6.2398,-2.0769,0.6167
289.00,-5.7382,-1.9393,0.6269,-3.7894,-4.4464,1.1580,-6.2392,-2.0765,0.6528
289.50,-5.7381,-1.9384,0.6611,-3.7891,-4.4456,1.1930,-6.2386,-2.0760,0.6879
290.00,-5.7381,-1.9379,0.6945,-3.7889,-4.4451,1.2276,-6.2382,-2.0756,0.7224
290.50,-5.7380,-1.9378,0.7271,-3.7888,-4.4450,1.2611,-6.2381,-2.0755,0.7559
291.00,-5.7383,-1.9379,0.7601,-3.7889,-4.4453,1.2954,-6.2383,-2.0757,0.7902
291.50,-5.7384,-1.9380,0.7943,-3.7890,-4.4455,1.3310,-6.2384,-2.0759,0.8258
292.00,-5.7383,-1.9384,0.8279,-3.7890,-4.4456,1.3660,-6.2385,-2.0760,0.8608
292.50,-5.7383,-1.9385,0.8604,-3.7891,-4.4460,1.3995,-6.2388,-2.0763,0.8943
293.00,-5.7385,-1.9386,0.8934,-3.7891,-4.4462,1.4331,-6.2389,-2.0765,0.9279
293.50,-5.7392,-1.9386,0.9272,-3.7892,-4.4471,1.4681,-6.2394,-2.0772,0.9629
294.00,-5.7404,-1.9387,0.9619,-3.7893,-4.4485,1.5032,-6.2402,-2.0784,0.9981
294.50,-5.7420,-1.9387,0.9976,-3.7894,-4.4505,1.5403,-6.2413,-2.0801,1.0351
295.00,-5.7441,-1.9388,1.0342,-3.7895,-4.4528,1.5781,-6.2424,-2.0821,1.0729
295.50,-5.7466,-1.9388,1.0717,-3.7894,-4.4549,1.6167,-6.2434,-2.0839,1.1115
296.00,-5.7496,-1.9389,1.1103,-3.7892,-4.4575,1.6563,-6.2445,-2.0863,1.1512
296.50,-5.7531,-1.9389,1.1500,-3.7889,-4.4609,1.6970,-6.2458,-2.0894,1.1918
297.00,-5.7571,-1.9390,1.1907,-3.7882,-4.4653,1.7384,-6.2474,-2.0936,1.2332
297.50,-5.7615,-1.9390,1.2326,-3.7873,-4.4699,1.7811,-6.2488,-2.0981,1.2760
298.00,-5.7664,-1.9391,1.2758,-3.7860,-4.4756,1.8251,-6.2504,-2.1037,1.3199
298.50,-5.7719,-1.9391,1.3202,-3.7849,-4.4796,1.8702,-6.2513,-2.1077,1.3650
299.00,-5.7778,-1.9391,1.3660,-3.7829,-4.4855,1.9172,-6.2525,-2.1139,1.4120
299.50,-5.7842,-1.9391,1.4134,-3.7803,-4.4923,1.9652,-6.2535,-2.1210,1.4600
300.00,-5.7911,-1.9392,1.4623,-3.7776,-4.4982,2.0153,-6.2540,-2.1276,1.5101
300.50,-5.7984,-1.9392,1.5131,-3.7736,-4.5061,2.0668,-6.2802,-2.0859,1.5337
301.00,-5.8062,-1.9391,1.5658,-3.7696,-4.5132,2.1203,-6.2803,-2.0940,1.5872
301.50,-5.8194,-1.9038,1.7239,-3.7892,-4.4860,2.2702,-6.2834,-2.0606,1.7371
302.00,-5.8435,-1.8089,1.9103,-3.8582,-4.4207,2.4678,-6.3344,-1.9632,1.9347
302.50,-5.8859,-1.6874,1.9312,-3.9667,-4.3392,2.5011,-6.3921,-1.8343,1.9624
303.00,-5.9273,-1.5646,1.8991,-4.0701,-4.2579,2.4624,-6.4298,-1.7117,1.9153
303.50,-5.9747,-1.4431,1.9658,-4.1768,-4.1773,2.5299,-6.4787,-1.5872,1.9898
304.00,-6.0283,-1.3237,1.9880,-4.2842,-4.1041,2.5532,-6.5233,-1.4793,2.0096
304.50,-6.0855,-1.2062,2.0299,-4.3994,-4.0307,2.5969,-6.5938,-1.3568,2.0555
305.00,-6.1422,-1.0893,2.0265,-4.5153,-3.9597,2.5911,-6.6471,-1.2365,2.0440
305.50,-6.2051,-0.9742,2.0834,-4.6393,-3.8880,2.6469,-6.7154,-1.1207,2.1055
306.00,-6.2736,-0.8623,2.1201,-4.7550,-3.8289,2.6861,-6.7748,-1.0159,2.1408
306.50,-6.3430,-0.7567,2.1633,-4.8662,-3.7774,2.7296,-6.8434,-0.9095,2.1826
307.00,-6.3871,-0.6951,2.1984,-4.9378,-3.7474,2.7663,-6.9090,-0.8466,2.2199
307.50,-6.3971,-0.6827,2.2327,-4.9552,-3.7408,2.8019,-6.9205,-0.8320,2.2548
308.00,-6.3976,-0.6826,2.2660,-4.9556,-3.7406,2.8363,-6.9207,-0.8317,2.2893
308.50,-6.3976,-0.6826,2.2986,-4.9558,-3.7405,2.8698,-6.9208,-0.8315,2.3228
309.00,-6.3976,-0.6828,2.3317,-4.9553,-3.7406,2.9041,-6.9205,-0.8318,2.3571
309.50,-6.3975,-0.6829,2.3658,-4.9552,-3.7407,2.9391,-6.9204,-0.8319,2.3920
310.00,-6.3971,-0.6829,2.3994,-4.9552,-3.7406,2.9739,-6.9204,-0.8319,2.4269
310.50,-6.3969,-0.6828,2.4319,-4.9551,-3.7407,3.0073,-6.9203,-0.8319,2.4603
311.00,-6.3968,-0.6831,2.4649,-4.9550,-3.7407,3.0407,-6.9202,-0.8320,2.4937
311.50,-6.3968,-0.6838,2.4988,-4.9542,-3.7407,3.0759,-6.9196,-0.8324,2.5289
312.00,-6.3967,-0.6850,2.5335,-4.9529,-3.7408,3.1113,-6.9185,-0.8332,2.5643
312.50,-6.3967,-0.6866,2.5691,-4.9516,-3.7408,-3.1354,-6.9174,-0.8338,2.6007
313.00,-6.3966,-0.6887,2.6058,-4.9501,-3.7407,-3.0988,-6.9161,-0.8346,2.6374
313.50,-6.3966,-0.6912,2.6433,-4.9482,-3.7406,-3.0601,-6.9144,-0.8355,2.6761
314.00,-6.3965,-0.6942,2.6819,-4.9455,-3.7404,-3.0201,-6.9120,-0.8367,2.7161
314.50,-6.3965,-0.6977,2.7216,-4.9407,-3.7397,-2.9794,-6.9075,-0.8386,2.7567
315.00,-6.3965,-0.7017,2.7624,-4.9361,-3.7388,-2.9379,-6.9032,-0.8402,2.7983
315.50,-6.3964,-0.7062,2.8043,-4.9312,-3.7377,-2.8947,-6.8984,-0.8418,2.8414
316.00,-6.3964,-0.7111,2.8475,-4.9264,-3.7364,-2.8509,-6.8936,-0.8432,2.8853
316.50,-6.3964,-0.7165,2.8920,-4.9222,-3.7350,-2.8054,-6.8893,-0.8442,2.9307
317.00,-6.3963,-0.7225,2.9378,-4.9167,-3.7330,-2.7583,-6.8835,-0.8453,2.9779
317.50,-6.3963,-0.7289,2.9852,-4.9106,-3.7304,-2.7102,-6.8770,-0.8463,3.0260
318.00,-6.3963,-0.7358,3.0342,-4.9049,-3.7276,-2.6600,-6.9063,-0.8812,3.0552
318.50,-6.3963,-0.7431,3.0850,-4.8978,-3.7236,-2.6084,-6.8982,-0.8817,3.1068
319.00,-6.3963,-0.7510,3.1377,-4.8921,-3.7201,-2.5545,-6.8914,-0.8817,-3.1225
319.50,-6.3963,-0.7580,-3.0979,-4.8973,-3.7237,-2.5053,-6.8978,-0.8820,-3.0733
320.00,-6.3963,-0.7640,-3.0550,-4.9019,-3.7273,-2.4628,-6.9036,-0.8825,-3.0308
320.50,-6.3963,-0.7711,-3.0053,-4.9070,-3.7316,-2.4122,-6.9102,-0.8835,-2.9802
321.00,-6.3963,-0.7777,-2.9573,-4.9118,-3.7361,-2.3633,-6.9166,-0.8846,-2.9313
321.50,-6.3963,-0.7838,-2.9108,-4.9166,-3.7410,-2.3158,-6.9233,-0.8863,-2.8838
322.00,-6.3964,-0.7895,-2.8658,-4.9205,-3.7455,-2.2700,-6.9291,-0.8879,-2.8380
322.50,-6.3964,-0.7946,-2.8221,-4.9236,-3.7494,-2.2254,-6.9338,-0.8895,-2.7934
323.00,-6.3964,-0.7993,-2.7796,-4.9270,-3.7539,-2.1819,-6.9391,-0.8915,-2.7499
323.50,-6.3965,-0.8034,-2.7384,-4.9288,-3.7566,-2.1399,-6.9420,-0.8928,-2.7079
324.00,-6.3965,-0.8071,-2.6983,-4.9309,-3.7601,-2.0988,-6.9457,-0.8946,-2.6668
324.50,-6.3966,-0.8104,-2.6592,-4.9323,-3.7626,-2.0586,-6.9483,-0.8960,-2.6266
325.00,-6.3966,-0.8131,-2.6212,-4.9336,-3.7652,-2.0191,-6.9507,-0.8974,-2.5871
325.50,-6.3967,-0.8154,-2.5842,-4.9347,-3.7674,-1.9812,-6.9528,-0.8988,-2.5492
326.00,-6.3967,-0.8172,-2.5482,-4.9352,-3.7687,-1.9448,-6.9125,-0.9718,-2.5268
326.50,-6.3968,-0.8185,-2.5130,-4.9356,-3.7698,-1.9083,-6.9134,-0.9724,-2.4903
327.00,-6.3968,-0.8192,-2.4892,-4.9358,-3.7704,-1.8829,-6.9139,-0.9728,-2.4649
327.50,-6.3969,-0.8197,-2.4556,-4.9359,-3.7707,-1.8479,-6.9141,-0.9730,-2.4299
328.00,-6.3969,-0.8199,-2.4228,-4.9360,-3.7711,-1.8142,-6.9145,-0.9733,-2.3962
328.50,-6.3968,-0.8198,-2.3901,-4.9360,-3.7709,-1.7808,-6.9143,-0.9731,-2.3627
329.00,-6.3966,-0.8198,-2.3562,-4.9359,-3.7707,-1.7460,-6.9142,-0.9730,-2.3280
329.50,-6.3966,-0.8195,-2.3223,-4.9359,-3.7705,-1.7107,-6.9140,-0.9729,-2.2926
330.00,-6.3967,-0.8192,-2.2895,-4.9358,-3.7696,-1.6773,-6.9134,-0.9722,-2.2592
330.50,-6.3965,-0.8191,-2.2568,-4.9358,-3.7693,-1.6436,-6.9133,-0.9720,-2.2255
331.00,-6.3959,-0.8191,-2.2232,-4.9357,-3.7690,-1.6093,-6.9130,-0.9717,-2.1913
331.50,-6.3949,-0.8190,-2.1887,-4.9357,-3.7676,-1.5738,-6.9123,-0.9706,-2.1558
332.00,-6.3934,-0.8190,-2.1533,-4.9357,-3.7664,-1.5378,-6.9117,-0.9696,-2.1198
332.50,-6.3914,-0.8189,-2.1169,-4.9358,-3.7647,-1.5007,-6.9108,-0.9680,-2.0826
333.00,-6.3890,-0.8189,-2.0796,-4.9360,-3.7623,-1.4623,-6.9096,-0.9659,-2.0442
333.50,-6.3861,-0.8188,-2.0413,-4.9363,-3.7602,-1.4231,-6.9087,-0.9640,-2.0051
334.00,-6.3828,-0.8188,-2.0020,-4.9369,-3.7567,-1.3829,-6.9073,-0.9608,-1.9648
334.50,-6.3789,-0.8187,-1.9615,-4.9376,-3.7534,-1.3418,-6.9060,-0.9577,-1.9237
335.00,-6.3746,-0.8187,-1.9199,-4.9387,-3.7489,-1.2995,-6.9045,-0.9532,-1.8814
335.50,-6.3698,-0.8187,-1.8771,-4.9399,-3.7452,-1.2557,-6.9034,-0.9496,-1.8376
336.00,-6.3645,-0.8186,-1.8330,-4.9414,-3.7409,-1.2110,-6.9023,-0.9451,-1.7929
336.50,-6.3587,-0.8186,-1.7875,-4.9438,-3.7349,-1.1645,-6.9011,-0.9388,-1.7464
337.00,-6.3525,-0.8186,-1.7406,-4.9463,-3.7294,-1.1163,-6.9001,-0.9328,-1.6983
337.50,-6.3457,-0.8186,-1.6921,-4.9496,-3.7230,-1.0671,-6.8994,-0.9257,-1.6491
338.00,-6.3401,-0.8185,-1.6522,-4.9528,-3.7176,-1.0262,-6.8547,-0.9598,-1.6291
338.50,-6.3335,-0.8185,-1.6055,-4.9563,-3.7120,-0.9783,-6.8545,-0.9532,-1.5812
339.00,-6.3248,-0.8253,-1.5315,-4.9548,-3.7140,-0.9082,-6.8543,-0.9557,-1.5111
339.50,-6.3073,-0.8851,-1.3251,-4.9144,-3.7556,-0.7026,-6.8447,-1.0128,-1.3055
340.00,-6.2764,-0.9980,-1.2242,-4.8177,-3.8261,-0.5873,-6.7843,-1.1456,-1.1972
340.50,-6.2351,-1.1069,-1.2838,-4.7137,-3.8967,-0.6364,-6.7494,-1.2631,-1.2497
341.00,-6.2012,-1.1899,-1.5291,-4.6436,-3.9597,-0.8677,-6.7281,-1.3447,-1.4845
341.50,-6.1797,-1.2955,-1.8292,-4.5852,-4.0563,-1.1762,-6.7134,-1.4471,-1.8001
342.00,-6.1854,-1.3528,-1.9506,-4.5667,-4.1121,-1.3097,-6.7014,-1.4993,-1.9314
342.50,-6.1871,-1.3591,-1.9301,-4.5648,-4.1197,-1.2950,-6.6969,-1.5103,-1.9153
343.00,-6.1824,-1.3591,-1.8876,-4.5661,-4.1153,-1.2515,-6.6954,-1.5060,-1.8718
343.50,-6.1772,-1.3590,-1.8438,-4.5677,-4.1109,-1.2071,-6.6941,-1.5015,-1.8275
344.00,-6.1715,-1.3590,-1.7987,-4.5700,-4.1052,-1.1610,-6.6926,-1.4955,-1.7813
344.50,-6.1654,-1.3590,-1.7521,-4.5726,-4.0994,-1.1139,-6.6915,-1.4893,-1.7342
345.00,-6.1587,-1.3589,-1.7040,-4.5762,-4.0926,-1.0653,-6.6904,-1.4817,-1.6856
345.50,-6.1516,-1.3589,-1.6541,-4.5806,-4.0850,-1.0143,-6.6896,-1.4729,-1.6347
346.00,-6.1440,-1.3589,-1.6024,-4.5849,-4.0785,-0.9618,-6.6893,-1.4651,-1.5822
346.50,-6.1361,-1.3589,-1.5490,-4.5866,-4.0761,-0.9070,-6.6893,-1.4622,-1.5273
347.00,-6.1306,-1.3589,-1.5018,-4.5822,-4.0815,-0.8615,-6.6888,-1.4691,-1.4819
347.50,-6.1213,-1.3590,-1.3322,-4.5749,-4.0887,-0.7023,-6.6871,-1.4793,-1.3226
348.00,-6.1039,-1.3591,-1.1207,-4.5595,-4.0989,-0.4878,-6.6805,-1.4964,-1.1081
348.50,-6.0932,-1.3594,-0.9445,-4.5482,-4.1037,-0.3054,-6.6741,-1.5069,-0.9257
349.00,-6.0918,-1.3595,-0.8774,-4.5463,-4.1043,-0.2300,-6.6728,-1.5085,-0.8503
349.50,-6.0917,-1.3595,-0.8449,-4.5462,-4.1043,-0.1961,-6.6728,-1.5086,-0.8165
350.00,-6.0918,-1.3593,-0.8119,-4.5465,-4.1042,-0.1627,-6.6730,-1.5084,-0.7830
350.50,-6.0918,-1.3592,-0.7778,-4.5466,-4.1042,-0.1276,-6.6731,-1.5083,-0.7479
351.00,-6.0922,-1.3593,-0.7441,-4.5468,-4.1042,-0.0929,-6.6732,-1.5082,-0.7133
351.50,-6.0924,-1.3593,-0.7115,-4.5470,-4.1042,-0.0589,-6.6734,-1.5080,-0.6792
352.00,-6.0925,-1.3590,-0.6786,-4.5475,-4.1042,-0.0248,-6.6738,-1.5077,-0.6452
352.50,-6.0925,-1.3583,-0.6448,-4.5480,-4.1042,0.0099,-6.6742,-1.5074,-0.6104
353.00,-6.0926,-1.3572,-0.6101,-4.5493,-4.1042,0.0454,-6.6753,-1.5067,-0.5749
353.50,-6.0926,-1.3556,-0.5745,-4.5520,-4.1044,0.0820,-6.6775,-1.5053,-0.5383
354.00,-6.0927,-1.3536,-0.5380,-4.5541,-4.1046,0.1199,-6.6794,-1.5042,-0.5004
354.50,-6.0927,-1.3510,-0.5004,-4.5564,-4.1049,0.1585,-6.6815,-1.5031,-0.4619
355.00,-6.0928,-1.3481,-0.4619,-4.5588,-4.1054,0.1975,-6.6837,-1.5021,-0.4229
355.50,-6.0928,-1.3446,-0.4223,-4.5624,-4.1061,0.2382,-6.6870,-1.5007,-0.3821
356.00,-6.0929,-1.3407,-0.3816,-4.5666,-4.1072,0.2793,-6.6911,-1.4991,-0.3410
356.50,-6.0929,-1.3362,-0.3397,-4.5702,-4.1084,0.3220,-6.6947,-1.4979,-0.2983
357.00,-6.0930,-1.3313,-0.2966,-4.5742,-4.1098,0.3656,-6.6988,-1.4968,-0.2547
357.50,-6.0930,-1.3259,-0.2522,-4.5788,-4.1117,0.4107,-6.7036,-1.4956,-0.2097
358.00,-6.0930,-1.3200,-0.2064,-4.5838,-4.1139,0.4576,-6.7089,-1.4946,-0.1628
358.50,-6.0930,-1.3136,-0.1592,-4.5894,-4.1169,0.5052,-6.7152,-1.4937,-0.1151
359.00,-6.0930,-1.3068,-0.1103,-4.5946,-4.1199,0.5549,-6.7212,-1.4932,-0.0655
359.50,-6.0931,-1.2994,-0.0596,-4.6000,-4.1235,0.6063,-6.7277,-1.4929,-0.0141
360.00,-6.0931,-1.2916,-0.0070,-4.6043,-4.1266,0.6597,-6.6528,-1.4656,0.0263
360.50,-6.0931,-1.2837,0.0462,-4.6008,-4.1237,0.7137,-6.5984,-1.4485,0.0724
361.00,-6.0931,-1.2762,0.0974,-4.5953,-4.1187,0.7664,-6.5911,-1.4477,0.1251
361.50,-6.0930,-1.2692,0.1467,-4.5910,-4.1143,0.8163,-6.5850,-1.4468,0.1750
362.00,-6.0930,-1.2627,0.1944,-4.5870,-4.1098,0.8654,-6.5791,-1.4456,0.2241
362.50,-6.0930,-1.2567,0.2405,-4.5822,-4.1040,0.9121,-6.5718,-1.4438,0.2708
363.00,-6.0930,-1.2512,0.2853,-4.5790,-4.0996,0.9580,-6.5666,-1.4422,0.3167
363.50,-6.0929,-1.2461,0.3287,-4.5761,-4.0953,1.0022,-6.5618,-1.4405,0.3609
364.00,-6.0929,-1.2416,0.3709,-4.5730,-4.0902,1.0454,-6.5562,-1.4383,0.4041
364.50,-6.0891,-1.2368,0.4210,-4.5692,-4.0833,1.0944,-6.5898,-1.3932,0.4426
365.00,-6.0400,-1.2163,0.4884,-4.5474,-4.0365,1.1647,-6.5440,-1.3692,0.5130
365.50,-5.9405,-1.1622,0.5431,-4.5065,-3.9321,1.2241,-6.4583,-1.3069,0.5689
366.00,-5.8318,-1.0912,0.6347,-4.4681,-3.8127,1.3098,-6.3551,-1.2395,0.6546
366.50,-5.7320,-1.0091,0.7452,-4.4424,-3.6866,1.4269,-6.2580,-1.1550,0.7695
367.00,-5.6391,-0.9186,0.8031,-4.4273,-3.5577,1.4855,-6.1588,-1.0616,0.8215
367.50,-5.5512,-0.8232,0.8341,-4.4193,-3.4219,1.5240,-6.0643,-0.9598,0.8618
368.00,-5.4721,-0.7411,0.7410,-4.4103,-3.3007,1.4406,-5.9956,-0.8692,0.7714
368.50,-5.4162,-0.6954,0.5385,-4.3945,-3.2286,1.2427,-5.9425,-0.8291,0.5724
369.00,-5.3960,-0.6733,0.3994,-4.3810,-3.1958,1.0941,-5.8990,-0.8110,0.4191
369.50,-5.3961,-0.6720,0.3552,-4.3801,-3.1938,1.0496,-5.8970,-0.8101,0.3745
370.00,-5.3961,-0.6767,0.3126,-4.3825,-3.1978,1.0082,-5.9014,-0.8117,0.3332
370.50,-5.3961,-0.6819,0.2687,-4.3855,-3.2022,0.9650,-5.9065,-0.8133,0.2899
371.00,-5.3673,-0.6886,0.1437,-4.3685,-3.1805,0.8493,-5.8796,-0.8069,0.1743
371.50,-5.2752,-0.6962,0.0379,-4.3037,-3.1163,0.7358,-5.7968,-0.8070,0.0585
372.00,-5.1456,-0.6905,0.0812,-4.2017,-3.0240,0.7691,-5.6604,-0.8091,0.0947
372.50,-5.0165,-0.6752,0.1412,-4.1084,-2.9266,0.8355,-5.5247,-0.7978,0.1634
373.00,-4.8889,-0.6605,0.0671,-4.0199,-2.8315,0.7765,-5.4143,-0.7781,0.1009
373.50,-4.7591,-0.6547,-0.0919,-3.9164,-2.7465,0.6118,-5.2819,-0.7760,-0.0719
374.00,-4.6297,-0.6645,-0.0794,-3.8092,-2.6730,0.6145,-5.1537,-0.7771,-0.0647
374.50,-4.4999,-0.6680,0.0175,-3.7057,-2.5927,0.7112,-5.0228,-0.7800,0.0379
375.00,-4.3702,-0.6624,0.1109,-3.6074,-2.4994,0.8070,-4.8857,-0.7687,0.1345
375.50,-4.2408,-0.6509,0.0419,-3.5125,-2.4026,0.7529,-4.7610,-0.7516,0.0761
376.00,-4.1110,-0.6486,-0.0747,-3.4046,-2.3151,0.6272,-4.6291,-0.7550,-0.0565
376.50,-3.9814,-0.6577,-0.0690,-3.2970,-2.2379,0.6328,-4.5035,-0.7572,-0.0510
377.00,-3.8515,-0.6594,0.0188,-3.1932,-2.1567,0.7176,-4.3824,-0.7598,0.0339
377.50,-3.7216,-0.6558,0.0076,-3.0938,-2.0669,0.7223,-4.2509,-0.7481,0.0385
378.00,-3.5918,-0.6601,-0.0815,-2.9881,-1.9836,0.6271,-4.1127,-0.7502,-0.0619
378.50,-3.4620,-0.6665,0.0140,-2.8870,-1.9066,0.7089,-3.9905,-0.7557,0.0234
379.00,-3.3327,-0.6634,0.1472,-2.7978,-1.8162,0.8535,-3.8712,-0.7375,0.1698
379.50,-3.2196,-0.6480,0.0990,-2.7232,-1.7309,0.8191,-3.7431,-0.7287,0.1301
380.00,-3.0950,-0.6412,-0.0827,-2.6259,-1.6444,0.6346,-3.6154,-0.7235,-0.0589
380.50,-2.9658,-0.6501,-0.1035,-2.5206,-1.5719,0.6009,-3.5018,-0.7304,-0.0915
381.00,-2.8360,-0.6576,0.0042,-2.4171,-1.4924,0.7135,-3.3580,-0.7310,0.0263
381.50,-2.7060,-0.6582,0.0003,-2.3149,-1.4032,0.7133,-3.2284,-0.7264,0.0226
382.00,-2.5760,-0.6548,0.0134,-2.2189,-1.3181,0.7332,-3.1159,-0.7219,0.0407
382.50,-2.4460,-0.6587,-0.0422,-2.1189,-1.2334,0.6762,-2.9669,-0.7203,-0.0215
383.00,-2.3161,-0.6596,0.0012,-2.0188,-1.1504,0.7183,-2.8369,-0.7211,0.0224
383.50,-2.1861,-0.6527,0.0491,-1.9198,-1.0603,0.7671,-2.6969,-0.7155,0.0712
384.00,-2.0563,-0.6445,0.0343,-1.8266,-0.9677,0.7666,-2.5731,-0.6999,0.0678
384.50,-1.9265,-0.6452,-0.0874,-1.7264,-0.8832,0.6414,-2.4398,-0.6996,-0.0633
385.00,-1.8095,-0.6546,-0.0841,-1.6265,-0.8090,0.6426,-2.3217,-0.7051,-0.0598
385.50,-1.7534,-0.6593,-0.0841,-1.5777,-0.7724,0.6434,-2.2688,-0.7070,-0.0587
386.00,-1.7476,-0.6597,-0.0816,-1.5721,-0.7682,0.6443,-2.2618,-0.7074,-0.0577
386.50,-1.7060,-0.6534,0.0148,-1.5403,-0.7417,0.7386,-2.2204,-0.7077,0.0365
387.00,-1.6015,-0.6486,0.0224,-1.4643,-0.6700,0.7527,-2.1193,-0.6941,0.0485
387.50,-1.4716,-0.6455,0.0208,-1.3690,-0.5806,0.7516,-1.9792,-0.6860,0.0478
388.00,-1.3416,-0.6432,0.0233,-1.2697,-0.4888,0.7523,-1.8465,-0.6798,0.0439
388.50,-1.2116,-0.6425,-0.0196,-1.1725,-0.3991,0.7166,-1.7191,-0.6748,0.0093
389.00,-1.0816,-0.6450,-0.0063,-1.0711,-0.3116,0.7266,-1.5852,-0.6741,0.0144
389.50,-0.9516,-0.6452,-0.0259,-0.9757,-0.2255,0.7152,-1.4803,-0.6712,0.0026
390.00,-0.8217,-0.6513,-0.0370,-0.8744,-0.1403,0.7001,-1.3472,-0.6758,-0.0147
390.50,-0.6918,-0.6536,-0.0240,-0.7724,-0.0522,0.7170,-1.2123,-0.6781,0.0027
391.00,-0.5618,-0.6565,-0.0163,-0.6697,0.0373,0.7239,-1.0888,-0.6779,0.0066
391.50,-0.4504,-0.6517,0.0840,-0.5839,0.1176,0.8151,-0.9851,-0.6738,0.0973
392.00,-0.3744,-0.6395,0.3375,-0.5410,0.1749,1.0633,-0.8976,-0.6571,0.3490
392.50,-0.2773,-0.6060,0.5496,-0.5026,0.2704,1.2864,-0.8082,-0.6102,0.5728
393.00,-0.1768,-0.5404,0.6104,-0.4735,0.3909,1.3591,-0.6895,-0.5569,0.6400
393.50,-0.0775,-0.4762,0.5373,-0.4447,0.5129,1.2962,-0.6160,-0.4862,0.5700
394.00,0.0387,-0.4172,0.3995,-0.3979,0.6420,1.1531,-0.4819,-0.4274,0.4235
394.50,0.1595,-0.3682,0.3478,-0.3430,0.7585,1.1041,-0.3781,-0.3776,0.3775
395.00,0.2829,-0.3276,0.3135,-0.2800,0.8746,1.0627,-0.2431,-0.3324,0.3318
395.50,0.4058,-0.2836,0.3372,-0.2168,0.9934,1.0922,-0.1033,-0.2844,0.3630
396.00,0.5300,-0.2463,0.2498,-0.1531,1.1063,1.0076,0.0097,-0.2430,0.2758
396.50,0.6543,-0.2159,0.2283,-0.0803,1.2179,0.9842,0.0927,-0.2122,0.2506
397.00,0.7600,-0.1921,0.0731,-0.0157,1.3053,0.8425,0.2159,-0.1908,0.1132
397.50,0.8858,-0.1784,-0.1850,0.0811,1.3870,0.5776,0.3385,-0.1870,-0.1586
398.00,1.0063,-0.1972,-0.2636,0.1885,1.4486,0.4865,0.4604,-0.1893,-0.2462
398.50,1.1127,-0.2215,-0.1708,0.2890,1.5051,0.5685,0.5681,-0.2047,-0.1596
399.00,1.2382,-0.2370,0.0788,0.3921,1.5889,0.8179,0.6964,-0.2111,0.0934
399.50,1.3623,-0.2333,0.1862,0.4757,1.6922,0.9403,0.8159,-0.1985,0.2135
400.00,1.4652,-0.2174,0.1121,0.5403,1.7781,0.8797,0.9257,-0.1872,0.1493
400.50,1.5839,-0.2104,-0.1316,0.6250,1.8595,0.6394,1.0311,-0.1924,-0.0991
401.00,1.7067,-0.2210,-0.2467,0.7304,1.9262,0.5116,1.1505,-0.1978,-0.2281
401.50,1.8087,-0.2447,-0.1881,0.8218,1.9786,0.5596,1.2500,-0.2171,-0.1766
402.00,1.9360,-0.2590,-0.0542,0.9248,2.0548,0.7007,1.3711,-0.2244,-0.0320
402.50,2.0659,-0.2643,-0.0342,1.0273,2.1440,0.7253,1.5168,-0.2264,-0.0098
403.00,2.1958,-0.2671,-0.0273,1.1286,2.2347,0.7336,1.6374,-0.2255,-0.0049
403.50,2.3258,-0.2711,-0.0288,1.2274,2.3236,0.7321,1.7392,-0.2262,-0.0083
404.00,2.4557,-0.2741,-0.0256,1.3223,2.4094,0.7367,1.8678,-0.2275,-0.0024
404.50,2.5857,-0.2776,-0.0257,1.4190,2.4971,0.7361,2.0066,-0.2283,-0.0052
405.00,2.7157,-0.2795,-0.0194,1.5163,2.5861,0.7441,2.1345,-0.2287,0.0033
405.50,2.8456,-0.2836,-0.0273,1.6142,2.6758,0.7372,2.2716,-0.2287,-0.0054
406.00,2.9756,-0.2861,-0.0221,1.7088,2.7620,0.7419,2.3903,-0.2294,-0.0007
406.50,3.1055,-0.2907,-0.0310,1.8096,2.8539,0.7349,2.5305,-0.2300,-0.0077
407.00,3.2355,-0.2928,-0.0210,1.9025,2.9385,0.7437,2.6641,-0.2308,-0.0007
407.50,3.3655,-0.2978,-0.0329,1.9995,3.0271,0.7334,2.8117,-0.2313,-0.0109
408.00,3.4954,-0.3008,-0.0243,2.0991,3.1172,0.7408,2.9398,-0.2325,-0.0035
408.50,3.6253,-0.3076,-0.0440,2.1978,3.2063,0.7242,3.0627,-0.2335,-0.0223
409.00,3.7552,-0.3125,-0.0226,2.2892,3.2873,0.7418,3.1848,-0.2362,-0.0060
409.50,3.8852,-0.3164,-0.0354,2.3887,3.3786,0.7335,3.3199,-0.2371,-0.0108
410.00,4.0151,-0.3214,-0.0219,2.4880,3.4674,0.7430,3.4431,-0.2387,-0.0048
410.50,4.1450,-0.3260,-0.0420,2.5852,3.5564,0.7270,3.5649,-0.2396,-0.0173
411.00,4.2749,-0.3332,-0.0316,2.6819,3.6409,0.7303,3.6932,-0.2428,-0.0175
411.50,4.4048,-0.3377,-0.0529,2.7814,3.7307,0.7173,3.8349,-0.2449,-0.0270
412.00,4.5343,-0.3509,-0.1228,2.8799,3.8107,0.6480,3.9539,-0.2524,-0.0998
412.50,4.6625,-0.3733,-0.2354,2.9887,3.8863,0.5444,4.0926,-0.2710,-0.2035
413.00,4.7860,-0.4048,-0.3732,3.1093,3.9472,0.4021,4.2149,-0.3178,-0.3527
413.50,4.9066,-0.4512,-0.3711,3.2279,3.9954,0.3949,4.3442,-0.3542,-0.3564
414.00,5.0283,-0.4958,-0.3630,3.3475,4.0475,0.4102,4.4672,-0.3880,-0.3377
414.50,5.1487,-0.5465,-0.3957,3.4682,4.0966,0.3734,4.5990,-0.4341,-0.3744
415.00,5.2689,-0.5962,-0.3961,3.5895,4.1448,0.3759,4.7107,-0.4813,-0.3719
415.50,5.3879,-0.6520,-0.4401,3.7140,4.1916,0.3356,4.8400,-0.5317,-0.4158
416.00,5.5025,-0.7159,-0.5466,3.8400,4.2290,0.2322,4.9614,-0.5904,-0.5191
416.50,5.6038,-0.7864,-0.6791,3.9652,4.2514,0.1050,5.0606,-0.6593,-0.6498
417.00,5.6608,-0.8401,-0.8613,4.0450,4.2534,-0.0746,5.1177,-0.7125,-0.8308
417.50,5.7054,-0.9035,-1.0918,4.1219,4.2397,-0.3018,5.1646,-0.7750,-1.0601
418.00,5.7412,-0.9952,-1.3657,4.2043,4.2013,-0.5730,5.1942,-0.8595,-1.3326
418.50,5.7679,-1.1230,-1.6232,4.3064,4.1148,-0.8383,5.2124,-0.9963,-1.5979
419.00,5.7665,-1.2521,-1.7129,4.3931,4.0042,-0.9412,5.2292,-1.1224,-1.6995
419.50,5.7527,-1.3812,-1.6333,4.4774,3.8942,-0.8663,5.2244,-1.2601,-1.6176
420.00,5.7444,-1.5111,-1.6350,4.5597,3.8004,-0.8591,5.2203,-1.3749,-1.6069
420.50,5.7388,-1.6409,-1.5924,4.6473,3.7008,-0.8195,5.2132,-1.5075,-1.5743
421.00,5.7361,-1.7708,-1.5919,4.7363,3.6061,-0.8187,5.2171,-1.6374,-1.5735
421.50,5.7385,-1.9007,-1.5259,4.8270,3.5129,-0.7566,5.2156,-1.7674,-1.5136
422.00,5.7485,-1.9943,-1.4698,4.9053,3.4434,-0.6956,5.2284,-1.8717,-1.4504
422.50,5.7580,-2.0255,-1.4213,4.9350,3.4196,-0.6446,5.2337,-1.8994,-1.3994
423.00,5.7644,-2.0256,-1.3737,4.9404,3.4157,-0.5964,5.2356,-1.9059,-1.3547
423.50,5.7704,-2.0256,-1.3277,4.9458,3.4122,-0.5494,5.2371,-1.9121,-1.3077
424.00,5.7759,-2.0256,-1.2830,4.9501,3.4096,-0.5030,5.2385,-1.9169,-1.2613
424.50,5.7809,-2.0256,-1.2397,4.9539,3.4076,-0.4587,5.2399,-1.9210,-1.2169
425.00,5.7855,-2.0257,-1.1975,4.9585,3.4054,-0.4153,5.2417,-1.9257,-1.1736
425.50,5.7895,-2.0257,-1.1566,4.9609,3.4044,-0.3740,5.2427,-1.9281,-1.1323
426.00,5.7931,-2.0258,-1.1168,4.9646,3.4030,-0.3336,5.2445,-1.9317,-1.0919
426.50,5.7962,-2.0258,-1.0780,4.9679,3.4020,-0.2935,5.2462,-1.9347,-1.0518
427.00,5.7988,-2.0259,-1.0403,4.9701,3.4014,-0.2550,5.2473,-1.9367,-1.0133
427.50,5.8009,-2.0259,-1.0035,4.9723,3.4008,-0.2173,5.2485,-1.9386,-0.9756
428.00,5.8026,-2.0260,-0.9677,4.9737,3.4006,-0.1805,5.2494,-1.9397,-0.9388
428.50,5.8038,-2.0260,-0.9329,4.9747,3.4004,-0.1448,5.2500,-1.9406,-0.9030
429.00,5.8046,-2.0261,-0.8989,4.9752,3.4003,-0.1099,5.2719,-1.8997,-0.8787
429.50,5.8050,-2.0261,-0.8658,4.9756,3.4003,-0.0760,5.2722,-1.9000,-0.8447
430.00,5.8049,-2.0261,-0.8333,4.9757,3.4003,-0.0422,5.2723,-1.9000,-0.8110
430.50,5.8049,-2.0258,-0.7999,4.9755,3.4003,-0.0081,5.2722,-1.8999,-0.7768
431.00,5.8047,-2.0258,-0.7657,4.9754,3.4003,0.0273,5.2721,-1.8998,-0.7415
431.50,5.8043,-2.0259,-0.7324,4.9747,3.4002,0.0616,5.2715,-1.8994,-0.7072
432.00,5.8042,-2.0259,-0.6999,4.9746,3.4002,0.0951,5.2715,-1.8993,-0.6736
432.50,5.8042,-2.0255,-0.6667,4.9740,3.4002,0.1290,5.2710,-1.8990,-0.6398
433.00,5.8041,-2.0246,-0.6326,4.9733,3.4001,0.1641,5.2704,-1.8985,-0.6046
433.50,5.8041,-2.0233,-0.5976,4.9723,3.3999,0.2000,5.2696,-1.8980,-0.5687
434.00,5.8040,-2.0216,-0.5617,4.9710,3.3996,0.2364,5.2685,-1.8973,-0.5324
434.50,5.8040,-2.0193,-0.5248,4.9691,3.3991,0.2741,5.2668,-1.8963,-0.4946
435.00,5.8039,-2.0167,-0.4869,4.9663,3.3982,0.3129,5.2641,-1.8950,-0.4559
435.50,5.8039,-2.0135,-0.4480,4.9639,3.3974,0.3531,5.2618,-1.8939,-0.4156
436.00,5.8038,-2.0099,-0.4080,4.9603,3.3960,0.3940,5.2583,-1.8924,-0.3748
436.50,5.8038,-2.0057,-0.3669,4.9571,3.3946,0.4364,5.2550,-1.8912,-0.3324
437.00,5.8037,-2.0011,-0.3246,4.9531,3.3926,0.4794,5.2507,-1.8899,-0.2893
437.50,5.8037,-1.9961,-0.2810,4.9488,3.3903,0.5236,5.2460,-1.8886,-0.2451
438.00,5.8037,-1.9905,-0.2361,4.9436,3.3871,0.5695,5.2401,-1.8872,-0.1992
438.50,5.8037,-1.9844,-0.1898,4.9386,3.3838,0.6168,5.2342,-1.8861,-0.1520
439.00,5.8036,-1.9779,-0.1420,4.9334,3.3799,0.6653,5.2277,-1.8853,-0.1034
439.50,5.8036,-1.9708,-0.0925,4.9277,3.3752,0.7154,5.2808,-1.8504,-0.0743
440.00,5.8036,-1.9633,-0.0412,4.9215,3.3695,0.7677,5.2725,-1.8500,-0.0220
440.50,5.8036,-1.9554,0.0121,4.9169,3.3649,0.8227,5.2660,-1.8500,0.0330
441.00,5.8036,-1.9476,0.0646,4.9226,3.3714,0.8763,5.2746,-1.8495,0.0866
441.50,5.8036,-1.9403,0.1151,4.9279,3.3781,0.9278,5.2831,-1.8485,0.1381
442.00,5.8036,-1.9335,0.1638,4.9325,3.3844,0.9776,5.2908,-1.8473,0.1879
442.50,5.8037,-1.9275,0.2081,4.9362,3.3903,1.0257,5.2976,-1.8458,0.2360
443.00,5.8037,-1.9230,0.2497,4.9386,3.3945,1.0661,5.3023,-1.8446,0.2764
443.50,5.8037,-1.9176,0.2942,4.9409,3.3989,1.1114,5.3071,-1.8431,0.3217
444.00,5.8038,-1.9127,0.3373,4.9428,3.4030,1.1554,5.3113,-1.8416,0.3657
444.50,5.8038,-1.9082,0.3793,4.9440,3.4059,1.1986,5.3142,-1.8404,0.4089
445.00,5.8038,-1.9042,0.4200,4.9452,3.4090,1.2405,5.3172,-1.8390,0.4508
445.50,5.8039,-1.9007,0.4597,4.9464,3.4129,1.2816,5.3209,-1.8371,0.4919
446.00,5.8039,-1.8977,0.4983,4.9473,3.4161,1.3212,5.3237,-1.8355,0.5315
446.50,5.8040,-1.8952,0.5359,4.9478,3.4181,1.3598,5.3255,-1.8345,0.5701
447.00,5.8040,-1.8931,0.5725,4.9480,3.4194,1.3977,5.3266,-1.8337,0.6080
447.50,5.8041,-1.8915,0.6082,4.9483,3.4212,1.4345,5.3280,-1.8327,0.6448
448.00,5.8041,-1.8903,0.6429,4.9485,3.4229,1.4703,5.3295,-1.8316,0.6806
448.50,5.8042,-1.8896,0.6767,4.9486,3.4241,1.5047,5.2877,-1.7576,0.6941
449.00,5.8042,-1.8893,0.7097,4.9487,3.4245,1.5388,5.2881,-1.7573,0.7282
449.50,5.8042,-1.8894,0.7423,4.9487,3.4245,1.5727,5.2881,-1.7573,0.7621
450.00,5.8039,-1.8894,0.7759,4.9487,3.4240,1.6072,5.2877,-1.7576,0.7965
450.50,5.8039,-1.8896,0.8100,4.9487,3.4238,1.6425,5.2876,-1.7578,0.8318
451.00,5.8165,-1.8758,0.8802,4.9469,3.4405,1.7055,5.2985,-1.7450,0.8949
451.50,5.8561,-1.8103,1.0654,4.9307,3.5131,1.8841,5.3337,-1.6832,1.0735
452.00,5.8930,-1.6937,1.2687,4.8778,3.6287,2.0971,5.3711,-1.5653,1.2864
452.50,5.9225,-1.5681,1.3275,4.8039,3.7424,2.1694,5.3886,-1.4333,1.3552
453.00,5.9591,-1.4432,1.2219,4.7312,3.8567,2.0761,5.4250,-1.3118,1.2528
453.50,6.0056,-1.3262,1.0316,4.6808,3.9728,1.8844,5.4719,-1.1959,1.0563
454.00,6.0737,-1.2176,0.9685,4.6473,4.0952,1.8116,5.5390,-1.0884,0.9800
454.50,6.1442,-1.1089,1.0274,4.6133,4.2229,1.8644,5.6009,-0.9775,1.0398
455.00,6.2064,-0.9954,1.0799,4.5692,4.3512,1.9254,5.6650,-0.8578,1.1021
455.50,6.2713,-0.8816,1.0461,4.5236,4.4789,1.8948,5.7276,-0.7476,1.0702
456.00,6.3409,-0.7703,1.0068,4.4823,4.6099,1.8550,5.7978,-0.6355,1.0265
456.50,6.4135,-0.6625,0.9688,4.4452,4.7446,1.8183,5.8700,-0.5188,0.9902
457.00,6.4653,-0.5910,0.9339,4.4232,4.8372,1.7846,5.9193,-0.4489,0.9566
457.50,6.4840,-0.5674,0.8999,4.4161,4.8722,1.7516,5.9404,-0.4245,0.9217
458.00,6.4844,-0.5673,0.8667,4.4160,4.8726,1.7187,5.9406,-0.4241,0.8889
458.50,6.4844,-0.5672,0.8342,4.4159,4.8728,1.6874,5.9407,-0.4240,0.8576
459.00,6.4843,-0.5668,0.8008,4.4158,4.8734,1.6552,5.9411,-0.4236,0.8254
459.50,6.4843,-0.5666,0.7667,4.4158,4.8735,1.6224,5.9412,-0.4234,0.7926
460.00,6.4846,-0.5666,0.7334,4.4158,4.8739,1.5895,5.9414,-0.4232,0.7597
460.50,6.4846,-0.5666,0.7009,4.4158,4.8737,1.5576,5.9413,-0.4233,0.7278
461.00,6.4846,-0.5670,0.6677,4.4158,4.8735,1.5255,5.9411,-0.4234,0.6956
461.50,6.4845,-0.5678,0.6336,4.4157,4.8731,1.4922,5.9408,-0.4237,0.6624
462.00,6.4998,-0.5569,0.6380,4.4170,4.8882,1.4911,5.9528,-0.4144,0.6613
462.50,6.5606,-0.5060,0.7633,4.4190,4.9635,1.6089,5.9987,-0.3690,0.7720
463.00,6.6457,-0.4120,0.8977,4.4033,5.0944,1.7539,6.0905,-0.2697,0.9177
463.50,6.7237,-0.3082,0.9397,4.3756,5.2220,1.8008,6.1675,-0.1684,0.9622
464.00,6.8000,-0.2030,0.9420,4.3450,5.3502,1.8039,6.2402,-0.0625,0.9619
464.50,6.8768,-0.0980,0.9368,4.3148,5.4779,1.8000,6.3156,0.0450,0.9580
465.00,6.9544,0.0064,0.9443,4.2851,5.6075,1.8039,6.3904,0.1508,0.9608
465.50,7.0284,0.1129,0.9616,4.2515,5.7378,1.8273,6.4657,0.2607,0.9870
466.00,7.1045,0.2188,0.9434,4.2182,5.8700,1.8101,6.5360,0.3693,0.9659
466.50,7.1833,0.3229,0.9114,4.1891,5.9974,1.7789,6.6075,0.4658,0.9316
467.00,7.2644,0.4247,0.8993,4.1637,6.1245,1.7637,6.6922,0.5752,0.9164
467.50,7.3422,0.5284,0.9399,4.1338,6.2612,1.8060,6.7789,0.6915,0.9657
468.00,7.4197,0.6330,0.9193,4.1027,6.3921,1.7922,6.8393,0.7922,0.9449
468.50,7.5027,0.7332,0.8285,4.0797,6.5162,1.7037,6.9230,0.8918,0.8530
469.00,7.5927,0.8274,0.8046,4.0655,6.6478,1.6713,7.0125,0.9893,0.8205
469.50,7.6793,0.9241,0.9097,4.0473,6.7810,1.7672,7.1007,1.0907,0.9199
470.00,7.7554,1.0320,1.0902,4.0101,6.9091,1.9491,7.1619,1.1996,1.1018
470.50,7.8183,1.1515,1.2304,3.9470,7.0357,2.1009,7.2251,1.3245,1.2536
471.00,7.8630,1.2744,1.2186,3.8820,7.1433,2.1013,7.2721,1.4386,1.2462
471.50,7.9138,1.3938,1.1099,3.8254,7.2529,1.9925,7.3276,1.5593,1.1347
472.00,7.9730,1.5042,1.0391,3.7755,7.3758,1.9177,7.3816,1.6775,1.0578
472.50,8.0116,1.5689,1.0582,3.7483,7.4517,1.9320,7.4177,1.7475,1.0743
473.00,8.0202,1.5823,1.0962,3.7416,7.4689,1.9715,7.4275,1.7633,1.1207
473.50,8.0172,1.5823,1.1354,3.7425,7.4669,2.0115,7.4266,1.7613,1.1608
474.00,8.0134,1.5822,1.1758,3.7437,7.4644,2.0529,7.4255,1.7587,1.2021
474.50,8.0091,1.5822,1.2172,3.7454,7.4616,2.0958,7.4245,1.7556,1.2450
475.00,8.0043,1.5821,1.2599,3.7482,7.4569,2.1389,7.4228,1.7504,1.2882
475.50,7.9991,1.5821,1.3039,3.7508,7.4531,2.1837,7.4216,1.7459,1.3329
476.00,7.9934,1.5822,1.3489,3.7539,7.4489,2.2298,7.4205,1.7408,1.3790
476.50,8.0007,1.6170,1.2979,3.7354,7.4735,2.1904,7.4269,1.7710,1.3396
477.00,8.0237,1.7097,1.1741,3.6874,7.5519,2.0652,7.4524,1.8792,1.2005
477.50,8.0709,1.8268,1.0681,3.6324,7.6680,1.9594,7.4951,1.9963,1.0947
478.00,8.1331,1.9378,0.9670,3.5864,7.7959,1.8599,7.5325,2.1143,0.9917
478.50,8.2087,2.0426,0.9278,3.5543,7.9195,1.8119,7.5961,2.2087,0.9437
479.00,8.2831,2.1491,1.0204,3.5196,8.0447,1.8958,7.6695,2.3222,1.0298
479.50,8.3485,2.2636,1.1189,3.4689,8.1693,2.0046,7.7313,2.4453,1.1398
480.00,8.4074,2.3801,1.0889,3.4129,8.2909,1.9823,7.7908,2.5609,1.1133
480.50,8.4733,2.4937,1.0421,3.3618,8.4171,1.9353,7.8500,2.6777,1.0601
481.00,8.5435,2.6044,0.9991,3.3165,8.5445,1.8926,7.9251,2.7903,1.0196
481.50,8.6148,2.7133,1.0008,3.2728,8.6795,1.8909,7.9938,2.9045,1.0122
482.00,8.6834,2.8233,1.0126,3.2304,8.8037,1.9051,8.0627,3.0062,1.0334
482.50,8.7540,2.9328,0.9941,3.1881,8.9290,1.8880,8.1216,3.1191,1.0127
483.00,8.8266,3.0411,0.9735,3.1463,9.0605,1.8705,8.1958,3.2355,0.9918
483.50,8.9045,3.1459,0.8885,3.1117,9.1873,1.7913,8.2711,3.3332,0.9091
484.00,8.9921,3.2423,0.7820,3.0905,9.3181,1.6803,8.3587,3.4326,0.7981
484.50,9.0874,3.3311,0.7257,3.0800,9.4475,1.6233,8.4514,3.5235,0.7342
485.00,9.1842,3.4177,0.7536,3.0730,9.5770,1.6432,8.5479,3.6102,0.7610
485.50,9.2661,3.5038,0.9065,3.0575,9.6980,1.7883,8.6314,3.6990,0.9062
486.00,9.3201,3.5760,1.1455,3.0261,9.7901,2.0260,8.6832,3.7811,1.1542
486.50,9.3648,3.6751,1.4222,2.9623,9.8856,2.3038,8.7150,3.8816,1.4286
487.00,9.3947,3.8047,1.6138,2.8622,9.9747,2.5071,8.7391,3.9956,1.6284
487.50,9.3928,3.9343,1.6738,2.7545,10.0480,2.5760,8.7465,4.1254,1.6903
488.00,9.3838,4.0639,1.5787,2.6425,10.1227,2.4963,8.7428,4.2593,1.6037
488.50,9.3850,4.1937,1.4879,2.5378,10.2127,2.3911,8.7471,4.3972,1.4936
489.00,9.3925,4.3234,1.5130,2.4352,10.3056,2.4173,8.7461,4.5253,1.5247
489.50,9.3974,4.4532,1.5281,2.3326,10.3952,2.4330,8.7515,4.6513,1.5403
490.00,9.3988,4.5832,1.5499,2.2271,10.4842,2.4545,8.7543,4.7793,1.5583
490.50,9.3955,4.7131,1.5760,2.1263,10.5643,2.4848,8.7535,4.9081,1.5865
491.00,9.3958,4.8432,1.5667,2.0177,10.6484,2.4770,8.7515,5.0454,1.5774
491.50,9.3932,4.9708,1.5948,1.9105,10.7303,2.5070,8.7450,5.1703,1.6074
492.00,9.3903,5.0523,1.6104,1.8416,10.7813,2.5183,8.7455,5.2560,1.6152
492.50,9.3832,5.0725,1.6611,1.8216,10.7952,2.5715,8.7447,5.2804,1.6719
493.00,9.3761,5.0725,1.7106,1.8154,10.7990,2.6218,8.7438,5.2875,1.7221
493.50,9.3696,5.0725,1.7585,1.8106,10.8016,2.6712,8.7429,5.2929,1.7715
494.00,9.3635,5.0725,1.8049,1.8053,10.8042,2.7182,8.7202,5.2784,1.8116
494.50,9.3579,5.0725,1.8499,1.7999,10.8065,2.7643,8.7187,5.2840,1.8577
495.00,9.3527,5.0726,1.8935,1.7952,10.8082,2.8087,8.7172,5.2889,1.9021
495.50,9.3481,5.0726,1.9358,1.7904,10.8098,2.8516,8.7155,5.2936,1.9450
496.00,9.3440,5.0727,1.9770,1.7867,10.8108,2.8936,8.7140,5.2971,1.9870
496.50,9.3407,5.0727,2.0128,1.7834,10.8116,2.9305,8.7126,5.3002,2.0239
497.00,9.3382,5.0727,2.0423,1.7809,10.8121,2.9611,8.7114,5.3025,2.0545
497.50,9.3360,5.0728,2.0711,1.7788,10.8125,2.9907,8.7104,5.3044,2.0841
498.00,9.3341,5.0728,2.0993,1.7768,10.8127,3.0198,8.7094,5.3061,2.1132
498.50,9.3324,5.0728,2.1270,1.7757,10.8128,3.0485,8.7088,5.3071,2.1419
499.00,9.3310,5.0729,2.1541,1.7742,10.8130,3.0763,8.7080,5.3083,2.1697
499.50,9.3299,5.0729,2.1808,1.7729,10.8130,3.1043,8.7072,5.3094,2.1977
500.00,9.3290,5.0730,2.2069,1.7723,10.8130,3.1314,8.7069,5.3098,2.2248
500.50,9.3283,5.0730,2.2325,1.7715,10.8130,-3.1254,8.7063,5.3105,2.2512
501.00,9.3279,5.0730,2.2576,1.7708,10.8130,-3.0989,8.7059,5.3111,2.2777
501.50,9.3278,5.0731,2.2822,1.7705,10.8130,-3.0737,8.7057,5.3112,2.3029
502.00,9.3278,5.0731,2.3065,1.7706,10.8130,-3.0489,8.7058,5.3112,2.3277
502.50,9.3278,5.0728,2.3315,1.7711,10.8131,-3.0228,8.7062,5.3108,2.3538
503.00,9.3279,5.0727,2.3570,1.7712,10.8131,-2.9967,8.7062,5.3108,2.3799
503.50,9.3281,5.0728,2.3825,1.7712,10.8131,-2.9702,8.7062,5.3108,2.4064
504.00,9.3284,5.0728,2.4074,1.7715,10.8131,-2.9439,8.7064,5.3106,2.4327
504.50,9.3285,5.0729,2.4317,1.7717,10.8132,-2.9186,8.7066,5.3104,2.4579
505.00,9.3285,5.0727,2.4564,1.7722,10.8133,-2.8936,8.7070,5.3101,2.4830
505.50,9.3286,5.0723,2.4815,1.7724,10.8134,-2.8675,8.7072,5.3100,2.5091
506.00,9.3286,5.0716,2.5071,1.7727,10.8135,-2.8403,8.7075,5.3098,2.5363
506.50,9.3287,5.0707,2.5333,1.7733,10.8137,-2.8126,8.7080,5.3094,2.5639
507.00,9.3287,5.0695,2.5599,1.7742,10.8140,-2.7854,8.7087,5.3089,2.5912
507.50,9.3287,5.0681,2.5871,1.7756,10.8145,-2.7573,8.7100,5.3082,2.6193
508.00,9.3288,5.0664,2.6148,1.7770,10.8151,-2.7286,8.7114,5.3074,2.6480
508.50,9.3288,5.0645,2.6431,1.7785,10.8158,-2.6993,8.7129,5.3067,2.6773
509.00,9.3288,5.0622,2.6720,1.7806,10.8168,-2.6699,8.7149,5.3057,2.7067
509.50,9.3289,5.0598,2.7014,1.7826,10.8179,-2.6397,8.7170,5.3047,2.7369
510.00,9.3289,5.0570,2.7315,1.7854,10.8194,-2.6089,8.7199,5.3035,2.7676
510.50,9.3289,5.0540,2.7621,1.7878,10.8209,-2.5772,8.7227,5.3025,2.7994
511.00,9.3290,5.0500,2.8009,1.7909,10.8230,-2.5362,8.7261,5.3013,2.8404
511.50,9.3290,5.0451,2.8439,1.7948,10.8258,-2.4927,8.7307,5.3000,2.8839
512.00,9.3290,5.0397,2.8883,1.7991,10.8293,-2.4474,8.7362,5.2987,2.9291
512.50,9.3291,5.0339,2.9340,1.8042,10.8336,-2.4002,8.7427,5.2975,2.9764
513.00,9.3291,5.0275,2.9813,1.8086,10.8379,-2.3521,8.7488,5.2966,3.0245
513.50,9.3291,5.0206,3.0301,1.8130,10.8425,-2.3023,8.7552,5.2960,3.0743
514.00,9.3291,5.0133,3.0808,1.8176,10.8479,-2.2510,8.7622,5.2957,3.1256
514.50,9.3291,5.0055,3.1333,1.8226,10.8545,-2.1979,8.6902,5.2178,3.1403
515.00,9.3291,4.9976,-3.0967,1.8198,10.8503,-2.1437,8.6852,5.2176,-3.0887
515.50,9.3291,4.9901,-3.0455,1.8161,10.8441,-2.0915,8.6779,5.2170,-3.0365
516.00,9.3291,4.9831,-2.9961,1.8132,10.8389,-2.0413,8.6721,5.2162,-2.9864
516.50,9.3291,4.9766,-2.9484,1.8099,10.8321,-1.9924,8.6646,5.2149,-2.9374
517.00,9.3291,4.9706,-2.9022,1.8079,10.8272,-1.9452,8.6594,5.2137,-2.8903
517.50,9.3290,4.9650,-2.8574,1.8058,10.8217,-1.8993,8.6538,5.2121,-2.8443
518.00,9.3290,4.9626,-2.8373,1.8051,10.8193,-1.8756,8.6514,5.2113,-2.8206
518.50,9.3290,4.9600,-2.8055,1.8046,10.8178,-1.8454,8.6499,5.2108,-2.7904
519.00,9.3289,4.9558,-2.7663,1.8031,10.8119,-1.8022,8.6443,5.2086,-2.7472
519.50,9.3289,4.9528,-2.7355,1.8024,10.8087,-1.7704,8.6412,5.2073,-2.7154
520.00,9.3289,4.9500,-2.7054,1.8015,10.8042,-1.7396,8.6371,5.2054,-2.6846
520.50,9.3289,4.9475,-2.6758,1.8012,10.8020,-1.7092,8.6763,5.1519,-2.6682
521.00,9.3288,4.9452,-2.6469,1.8009,10.7992,-1.6797,8.6738,5.1506,-2.6387
521.50,9.3288,4.9432,-2.6186,1.8007,10.7970,-1.6507,8.6719,5.1495,-2.6096
522.00,9.3287,4.9415,-2.5908,1.8005,10.7952,-1.6221,8.6703,5.1485,-2.5810
522.50,9.3287,4.9401,-2.5635,1.8005,10.7936,-1.5941,8.6690,5.1476,-2.5530
523.00,9.3287,4.9389,-2.5368,1.8005,10.7919,-1.5663,8.6676,5.1467,-2.5252
523.50,9.3286,4.9379,-2.5106,1.8005,10.7907,-1.5391,8.6666,5.1460,-2.4981
524.00,9.3286,4.9372,-2.4849,1.8005,10.7894,-1.5126,8.6656,5.1452,-2.4716
524.50,9.3285,4.9368,-2.4597,1.8006,10.7886,-1.4866,8.6649,5.1447,-2.4455
525.00,9.3285,4.9366,-2.4350,1.8006,10.7884,-1.4614,8.6648,5.1446,-2.4204
525.50,9.3285,4.9366,-2.4106,1.8006,10.7882,-1.4365,8.6647,5.1444,-2.3954
526.00,9.3287,4.9366,-2.3859,1.8006,10.7884,-1.4107,8.6648,5.1445,-2.3697
526.50,9.3288,4.9367,-2.3604,1.8006,10.7884,-1.3843,8.6648,5.1446,-2.3432
527.00,9.3288,4.9368,-2.3348,1.8006,10.7884,-1.3581,8.6648,5.1446,-2.3171
527.50,9.3287,4.9372,-2.3098,1.8005,10.7888,-1.3326,8.6651,5.1449,-2.2916
528.00,9.3287,4.9373,-2.2854,1.8005,10.7889,-1.3070,8.6651,5.1449,-2.2660
528.50,9.3288,4.9373,-2.2609,1.8004,10.7890,-1.2812,8.6652,5.1451,-2.2401
529.00,9.3292,4.9374,-2.2358,1.8003,10.7894,-1.2556,8.6655,5.1453,-2.2146
529.50,9.3298,4.9374,-2.2103,1.8002,10.7896,-1.2291,8.6656,5.1456,-2.1880
530.00,9.3307,4.9374,-2.1843,1.8001,10.7901,-1.2022,8.6659,5.1460,-2.1612
530.50,9.3318,4.9375,-2.1577,1.7997,10.7910,-1.1747,8.6664,5.1467,-2.1337
531.00,9.3332,4.9375,-2.1306,1.7993,10.7919,-1.1468,8.6670,5.1477,-2.1058
531.50,9.3348,4.9376,-2.1030,1.7990,10.7926,-1.1184,8.6673,5.1483,-2.0774
532.00,9.3367,4.9376,-2.0749,1.7983,10.7941,-1.0895,8.6681,5.1497,-2.0484
532.50,9.3389,4.9376,-2.0461,1.7974,10.7956,-1.0596,8.6689,5.1513,-2.0185
533.00,9.3413,4.9377,-2.0168,1.7958,10.7984,-1.0297,8.6702,5.1542,-1.9886
533.50,9.3444,4.9377,-1.9814,1.7942,10.8010,-0.9944,8.6715,5.1571,-1.9534
534.00,9.3485,4.9377,-1.9404,1.7918,10.8045,-0.9526,8.6730,5.1611,-1.9116
534.50,9.3531,4.9378,-1.8982,1.7884,10.8091,-0.9095,8.6747,5.1664,-1.8684
535.00,9.3582,4.9378,-1.8547,1.7847,10.8136,-0.8651,8.6763,5.1720,-1.8240
535.50,9.3637,4.9378,-1.8099,1.7812,10.8176,-0.8190,8.6775,5.1772,-1.7780
536.00,9.3696,4.9313,-1.7453,1.7818,10.8171,-0.7579,8.6775,5.1765,-1.7169
536.50,9.3830,4.8708,-1.5477,1.8278,10.7819,-0.5614,8.6751,5.1185,-1.5204
537.00,9.4015,4.7525,-1.4756,1.9329,10.7243,-0.4737,8.7513,4.9597,-1.4606
537.50,9.4091,4.6407,-1.5961,2.0344,10.6682,-0.5805,8.7609,4.8440,-1.5731
538.00,9.4072,4.5147,-1.8247,2.1321,10.5862,-0.8138,8.7524,4.7176,-1.8146
538.50,9.3823,4.4076,-1.8927,2.2049,10.5009,-0.8932,8.7329,4.6104,-1.8870
539.00,9.3608,4.3187,-1.7978,2.2638,10.4319,-0.8077,8.7172,4.5334,-1.8015
539.50,9.3490,4.1910,-1.5812,2.3634,10.3483,-0.5881,8.7014,4.3945,-1.5772
540.00,9.3486,4.0612,-1.5170,2.4777,10.2807,-0.5074,8.7080,4.2618,-1.5013
540.50,9.3502,3.9312,-1.5788,2.5938,10.2117,-0.5695,8.7083,4.1303,-1.5664
541.00,9.3435,3.8012,-1.6094,2.7042,10.1393,-0.5985,8.7073,4.0004,-1.5958
541.50,9.3284,3.6716,-1.6866,2.8092,10.0629,-0.6735,8.6945,3.8766,-1.6708
542.00,9.3041,3.5434,-1.7842,2.9124,9.9729,-0.7710,8.6688,3.7410,-1.7666
542.50,9.2707,3.4173,-1.8688,3.0044,9.8771,-0.8518,8.6383,3.6117,-1.8475
543.00,9.2284,3.2956,-1.9889,3.0889,9.7679,-0.9716,8.5927,3.4836,-1.9689
543.50,9.1765,3.1790,-2.0660,3.1575,9.6580,-1.0491,8.5467,3.3789,-2.0454
544.00,9.1144,3.0665,-2.1253,3.2220,9.5376,-1.1094,8.4897,3.2551,-2.1050
544.50,9.0466,2.9559,-2.1020,3.2804,9.4195,-1.0929,8.4225,3.1518,-2.0903
545.00,8.9832,2.8430,-2.0822,3.3445,9.3008,-1.0683,8.3623,3.0334,-2.0621
545.50,8.9245,2.7279,-2.0256,3.4095,9.1901,-1.0081,8.3050,2.9185,-2.0055
546.00,8.8648,2.6116,-2.0527,3.4783,9.0797,-1.0292,8.2449,2.8014,-2.0301
546.50,8.8002,2.4974,-2.0867,3.5463,8.9630,-1.0610,8.1833,2.6812,-2.0653
547.00,8.7319,2.3855,-2.1205,3.6075,8.8488,-1.0963,8.1193,2.5788,-2.1041
547.50,8.6669,2.2734,-2.0666,3.6702,8.7312,-1.0470,8.0522,2.4597,-2.0524
548.00,8.6065,2.1584,-2.0641,3.7365,8.6207,-1.0365,8.0079,2.3527,-2.0391
548.50,8.5411,2.0448,-2.0957,3.8058,8.4999,-1.0651,7.9363,2.2254,-2.0718
549.00,8.4714,1.9336,-2.1349,3.8673,8.3837,-1.1040,7.8728,2.1208,-2.1135
549.50,8.4025,1.8235,-2.1070,3.9264,8.2663,-1.0831,7.8018,2.0093,-2.0922
550.00,8.3392,1.7106,-2.0839,3.9892,8.1542,-1.0508,7.7422,1.8949,-2.0586
550.50,8.2727,1.5979,-2.1105,4.0547,8.0377,-1.0730,7.6789,1.7770,-2.0878
551.00,8.2014,1.4878,-2.1504,4.1175,7.9164,-1.1128,7.6091,1.6618,-2.1294
551.50,8.1299,1.3792,-2.1379,4.1758,7.7968,-1.1045,7.5415,1.5581,-2.1206
552.00,8.0611,1.2691,-2.1334,4.2368,7.6788,-1.0922,7.4758,1.4438,-2.1088
552.50,7.9876,1.1609,-2.1870,4.2944,7.5614,-1.1450,7.4112,1.3374,-2.1644
553.00,7.9105,1.0557,-2.2053,4.3462,7.4431,-1.1652,7.3332,1.2313,-2.1853
553.50,7.8336,0.9509,-2.2021,4.3972,7.3244,-1.1621,7.2595,1.1258,-2.1821
554.00,7.7569,0.8460,-2.2052,4.4505,7.2016,-1.1630,7.1828,1.0161,-2.1813
554.50,7.6783,0.7420,-2.2281,4.5046,7.0737,-1.1830,7.1044,0.9090,-2.2058
555.00,7.5976,0.6398,-2.2433,4.5526,6.9528,-1.1991,7.0262,0.8089,-2.2227
555.50,7.5151,0.5391,-2.2802,4.5980,6.8325,-1.2324,6.9467,0.7075,-2.2552
556.00,7.4292,0.4415,-2.3003,4.6397,6.7078,-1.2563,6.8694,0.6070,-2.2798
556.50,7.3423,0.3449,-2.2884,4.6775,6.5899,-1.2509,6.7839,0.5133,-2.2744
557.00,7.2608,0.2441,-2.2274,4.7242,6.4641,-1.1848,6.6904,0.3982,-2.2037
557.50,7.1812,0.1412,-2.2465,4.7726,6.3457,-1.1971,6.6211,0.2971,-2.2221
558.00,7.0974,0.0415,-2.2797,4.8189,6.2196,-1.2332,6.5310,0.1947,-2.2614
558.50,7.0125,-0.0569,-2.2821,4.8632,6.0921,-1.2366,6.4538,0.0923,-2.2624
559.00,6.9277,-0.1555,-2.2803,4.9077,5.9651,-1.2325,6.3734,-0.0089,-2.2583
559.50,6.8426,-0.2538,-2.2825,4.9508,5.8407,-1.2357,6.2962,-0.1002,-2.2615
560.00,6.7582,-0.3526,-2.2759,4.9953,5.7154,-1.2258,6.2078,-0.2064,-2.2551
560.50,6.6736,-0.4513,-2.2856,5.0399,5.5906,-1.2322,6.1224,-0.3090,-2.2627
561.00,6.5876,-0.5489,-2.2948,5.0816,5.4692,-1.2425,6.0403,-0.4058,-2.2765
561.50,6.5018,-0.6465,-2.2916,5.1249,5.3437,-1.2361,5.9614,-0.5076,-2.2701
562.00,6.4157,-0.7439,-2.2880,5.1702,5.2114,-1.2371,5.8663,-0.6078,-2.2723
562.50,6.3341,-0.8445,-2.1801,5.2179,5.0891,-1.1383,5.7918,-0.7100,-2.1706
563.00,6.2622,-0.9570,-1.9845,5.2883,4.9681,-0.9405,5.7339,-0.8244,-1.9687
563.50,6.2017,-1.0774,-1.8055,5.3793,4.8629,-0.7648,5.6769,-0.9503,-1.7987
564.00,6.1508,-1.1866,-1.4904,5.4780,4.7927,-0.4515,5.6473,-1.0579,-1.4831
564.50,6.1462,-1.3130,-1.2690,5.5973,4.7519,-0.2189,5.6337,-1.1711,-1.2506
565.00,6.1800,-1.4347,-1.1566,5.7250,4.7311,-0.1042,5.6562,-1.2914,-1.1415
565.50,6.2313,-1.5517,-1.0941,5.8457,4.7233,-0.0353,5.7009,-1.3993,-1.0739
566.00,6.2885,-1.6677,-1.1229,5.9739,4.7182,-0.0614,5.7619,-1.5221,-1.1040
566.50,6.3457,-1.7848,-1.1141,6.1056,4.7100,-0.0548,5.8210,-1.6401,-1.0970
567.00,6.3999,-1.9023,-1.1493,6.2390,4.7013,-0.0872,5.8780,-1.7598,-1.1269
567.50,6.4558,-2.0204,-1.1178,6.3753,4.6904,-0.0602,5.9359,-1.8773,-1.1023
568.00,6.5125,-2.1373,-1.1398,6.5034,4.6833,-0.0738,5.9899,-1.9913,-1.1124
568.50,6.5646,-2.2560,-1.1460,6.6411,4.6713,-0.0869,6.0505,-2.1162,-1.1308
569.00,6.6242,-2.3732,-1.0992,6.7687,4.6630,-0.0372,6.1053,-2.2185,-1.0798
569.50,6.6881,-2.4880,-1.0627,6.8970,4.6604,0.0010,6.1777,-2.3306,-1.0429
570.00,6.7503,-2.6018,-1.0810,7.0263,4.6605,-0.0142,6.2430,-2.4522,-1.0603
570.50,6.8133,-2.7162,-1.0616,7.1553,4.6592,0.0034,6.3105,-2.5648,-1.0440
571.00,6.8781,-2.8293,-1.0527,7.2910,4.6610,0.0169,6.3745,-2.6813,-1.0309
571.50,6.9450,-2.9415,-1.0311,7.4259,4.6648,0.0405,6.4352,-2.7863,-1.0086
572.00,7.0140,-3.0521,-1.0168,7.5589,4.6722,0.0606,6.5135,-2.8981,-0.9903
572.50,7.0796,-3.1637,-1.0383,7.6931,4.6781,0.0376,6.5842,-3.0065,-1.0185
573.00,7.1493,-3.2746,-0.9991,7.8279,4.6853,0.0761,6.6568,-3.1142,-0.9800
573.50,7.2222,-3.3830,-0.9764,7.9616,4.6975,0.1014,6.7289,-3.2207,-0.9547
574.00,7.2980,-3.4894,-0.9389,8.0922,4.7129,0.1391,6.8023,-3.3241,-0.9181
574.50,7.3764,-3.5935,-0.9229,8.2255,4.7331,0.1578,6.8861,-3.4266,-0.9018
575.00,7.4548,-3.6972,-0.9268,8.3547,4.7537,0.1565,6.9666,-3.5292,-0.9014
575.50,7.5315,-3.8018,-0.9470,8.4787,4.7720,0.1381,7.0398,-3.6280,-0.9232
576.00,7.6054,-3.9083,-0.9888,8.6142,4.7891,0.1015,7.1308,-3.7380,-0.9598
576.50,7.6715,-4.0197,-1.0587,8.7415,4.7968,0.0282,7.1898,-3.8352,-1.0366
577.00,7.7291,-4.1346,-1.1146,8.8742,4.7972,-0.0237,7.2581,-3.9550,-1.0851
577.50,7.7784,-4.2546,-1.2708,9.0058,4.7865,-0.1700,7.3092,-4.0712,-1.2349
578.00,7.8191,-4.3817,-1.4611,9.1345,4.7517,-0.3629,7.3474,-4.2006,-1.4312
578.50,7.8452,-4.5115,-1.6142,9.2532,4.6953,-0.5188,7.3686,-4.3318,-1.5836
579.00,7.8497,-4.6405,-1.7785,9.3588,4.6257,-0.6770,7.3788,-4.4578,-1.7439
579.50,7.8329,-4.7653,-1.9399,9.4531,4.5377,-0.8331,7.3669,-4.5828,-1.8979
580.00,7.7911,-4.8800,-2.1471,9.5269,4.4376,-1.0410,7.3354,-4.6960,-2.1093
580.50,7.7165,-4.9835,-2.2977,9.5828,4.3235,-1.1912,7.2724,-4.8098,-2.2630
581.00,7.6244,-5.0747,-2.4228,9.6243,4.1962,-1.3192,7.1805,-4.9072,-2.3910
581.50,7.5573,-5.1307,-2.4681,9.6451,4.1044,-1.3677,7.1196,-4.9692,-2.4360
582.00,7.5374,-5.1461,-2.5019,9.6505,4.0762,-1.4001,7.0975,-4.9775,-2.4685
582.50,7.5374,-5.1449,-2.5367,9.6505,4.0771,-1.4338,7.0983,-4.9770,-2.5021
583.00,7.5375,-5.1433,-2.5724,9.6503,4.0785,-1.4686,7.0995,-4.9762,-2.5369
583.50,7.5375,-5.1411,-2.6091,9.6502,4.0804,-1.5042,7.1010,-4.9752,-2.5726
584.00,7.5376,-5.1386,-2.6468,9.6501,4.0832,-1.5409,7.1034,-4.9737,-2.6092
584.50,7.5376,-5.1355,-2.6855,9.6501,4.0860,-1.5786,7.1059,-4.9723,-2.6469
585.00,7.5377,-5.1320,-2.7253,9.6502,4.0900,-1.6174,7.1095,-4.9705,-2.6857
585.50,7.5377,-5.1280,-2.7662,9.6504,4.0938,-1.6576,7.1129,-4.9689,-2.7259
586.00,7.5377,-5.1235,-2.8082,9.6510,4.0988,-1.6987,7.1175,-4.9670,-2.7670
586.50,7.5378,-5.1185,-2.8515,9.6517,4.1036,-1.7408,7.1220,-4.9653,-2.8091
587.00,7.5378,-5.1136,-2.8913,9.6526,4.1087,-1.7807,7.1270,-4.9637,-2.8490
587.50,7.5378,-5.1092,-2.9256,9.6537,4.1131,-1.8141,7.1313,-4.9625,-2.8824
588.00,7.5378,-5.1045,-2.9607,9.6551,4.1184,-1.8481,7.1367,-4.9612,-2.9164
588.50,7.5379,-5.0996,-2.9966,9.6559,4.1211,-1.8826,7.1395,-4.9606,-2.9509
589.00,7.5379,-5.0944,-3.0335,9.6578,4.1267,-1.9187,7.1452,-4.9595,-2.9871
589.50,7.5379,-5.0889,-3.0714,9.6598,4.1318,-1.9564,7.1507,-4.9588,-3.0248
590.00,7.5379,-5.0832,-3.1104,9.6621,4.1372,-1.9951,7.1565,-4.9582,-3.0634
590.50,7.5379,-5.0772,3.1327,9.6637,4.1407,-2.0347,7.1604,-4.9580,-3.1030
591.00,7.5379,-5.0713,3.0931,9.6613,4.1362,-2.0730,7.1552,-4.9581,-3.1413
591.50,7.5379,-5.0657,3.0546,9.6584,4.1310,-2.1101,7.1493,-4.9579,3.1047
592.00,7.5379,-5.0603,3.0172,9.6549,4.1255,-2.1468,7.1428,-4.9576,3.0681
592.50,7.5379,-5.0552,2.9807,9.6515,4.1203,-2.1825,7.1366,-4.9570,3.0323
593.00,7.5378,-5.0504,2.9452,9.6489,4.1168,-2.2175,7.1323,-4.9565,2.9974
593.50,7.5378,-5.0458,2.9105,9.6455,4.1124,-2.2512,7.1268,-4.9556,2.9637
594.00,7.5378,-5.0416,2.8766,9.6425,4.1089,-2.2843,7.1222,-4.9547,2.9306
594.50,7.5378,-5.0376,2.8434,9.6398,4.1059,-2.3167,7.1184,-4.9538,2.8982
595.00,7.5377,-5.0339,2.8110,9.6370,4.1029,-2.3484,7.1144,-4.9528,2.8665
595.50,7.5377,-5.0304,2.7793,9.6341,4.1001,-2.3792,7.1105,-4.9516,2.8356
596.00,7.5377,-5.0272,2.7483,9.6318,4.0979,-2.4092,7.1075,-4.9506,2.8057
596.50,7.5377,-5.0243,2.7179,9.6294,4.0958,-2.4395,7.1045,-4.9495,2.7754
597.00,7.5376,-5.0217,2.6881,9.6279,4.0946,-2.4685,7.1028,-4.9488,2.7464
597.50,7.5376,-5.0193,2.6589,9.6261,4.0932,-2.4969,7.1006,-4.9479,2.7180
598.00,7.5376,-5.0172,2.6303,9.6237,4.0914,-2.5243,7.0979,-4.9466,2.6905
598.50,7.5375,-5.0154,2.6023,9.6222,4.0904,-2.5515,7.0963,-4.9458,2.6633
599.00,7.5375,-5.0138,2.5748,9.6215,4.0899,-2.5782,7.0955,-4.9454,2.6367
599.50,7.5374,-5.0125,2.5479,9.6203,4.0892,-2.6043,7.0944,-4.9448,2.6105
600.00,7.5374,-5.0115,2.5215,9.6193,4.0886,-2.6297,7.0934,-4.9441,2.5852
600.50,7.5374,-5.0107,2.4956,9.6185,4.0882,-2.6550,7.0926,-4.9436,2.5598
601.00,7.5373,-5.0101,2.4702,9.6180,4.0879,-2.6791,7.0921,-4.9433,2.5357
601.50,7.5373,-5.0098,2.4408,9.6177,4.0878,-2.7066,7.0919,-4.9431,2.5082
602.00,7.5372,-5.0098,2.4083,9.6176,4.0877,-2.7387,7.0917,-4.9431,2.4762
602.50,7.5368,-5.0099,2.3750,9.6172,4.0876,-2.7712,7.0914,-4.9428,2.4437
603.00,7.5366,-5.0099,2.3408,9.6169,4.0875,-2.8044,7.0912,-4.9426,2.4104
603.50,7.5366,-5.0096,2.3136,9.6167,4.0874,-2.8324,7.0910,-4.9424,2.3824
604.00,7.5365,-5.0095,2.2891,9.6167,4.0874,-2.8560,7.0910,-4.9425,2.3589
604.50,7.5366,-5.0096,2.2646,9.6169,4.0874,-2.8801,7.0911,-4.9426,2.3348
605.00,7.5369,-5.0096,2.2397,9.6177,4.0876,-2.9036,7.0917,-4.9432,2.3113
605.50,7.5375,-5.0097,2.2142,9.6179,4.0877,-2.9287,7.0919,-4.9434,2.2862
606.00,7.5383,-5.0097,2.1882,9.6190,4.0879,-2.9536,7.0926,-4.9442,2.2613
606.50,7.5394,-5.0097,2.1618,9.6207,4.0882,-2.9789,7.0936,-4.9455,2.2360
607.00,7.5408,-5.0098,2.1348,9.6219,4.0884,-3.0053,7.0944,-4.9465,2.2096
607.50,7.5424,-5.0098,2.1072,9.6233,4.0886,-3.0324,7.0952,-4.9477,2.1825
608.00,7.5442,-5.0099,2.0792,9.6251,4.0887,-3.0598,7.0962,-4.9491,2.1551
608.50,7.5463,-5.0099,2.0505,9.6260,4.0888,-3.0878,7.0967,-4.9499,2.1271
609.00,7.5487,-5.0099,2.0213,9.6281,4.0889,-3.1160,7.0978,-4.9518,2.0988
609.50,7.5514,-5.0100,1.9914,9.6311,4.0889,3.1382,7.0993,-4.9544,2.0698
610.00,7.5543,-5.0100,1.9610,9.6348,4.0888,3.1092,7.1010,-4.9576,2.0409
610.50,7.5575,-5.0100,1.9299,9.6379,4.0887,3.0791,7.1024,-4.9604,2.0107
611.00,7.5610,-5.0100,1.8981,9.6406,4.0885,3.0481,7.1035,-4.9629,1.9798
611.50,7.5647,-5.0101,1.8656,9.6447,4.0880,3.0167,7.1051,-4.9667,1.9484
612.00,7.5688,-5.0101,1.8324,9.6483,4.0875,2.9844,7.1064,-4.9701,1.9161
612.50,7.5731,-5.0101,1.7984,9.6523,4.0868,2.9505,7.1077,-4.9739,1.8822
613.00,7.5776,-5.0101,1.7636,9.6573,4.0858,2.9166,7.1091,-4.9788,1.8483
613.50,7.5825,-5.0102,1.7280,9.6617,4.0847,2.8815,7.1103,-4.9831,1.8132
614.00,7.5876,-5.0102,1.6914,9.6673,4.0831,2.8463,7.1116,-4.9888,1.7780
614.50,7.5930,-5.0102,1.6539,9.6708,4.0820,2.8098,7.1123,-4.9924,1.7415
615.00,7.5986,-5.0102,1.6153,9.6762,4.0800,2.7721,7.1132,-4.9982,1.7038
615.50,7.6045,-5.0102,1.5756,9.6826,4.0773,2.7334,7.1517,-4.8564,1.6057
616.00,7.6105,-5.0102,1.5356,9.6788,4.0791,2.6941,7.1517,-4.8522,1.5664
616.50,7.6162,-5.0102,1.4967,9.6740,4.0815,2.6555,7.1518,-4.8468,1.5278
617.00,7.6217,-5.0102,1.4589,9.6687,4.0845,2.6185,7.1522,-4.8407,1.4908
617.50,7.6269,-5.0102,1.4221,9.6635,4.0876,2.5827,7.1528,-4.8347,1.4551
618.00,7.6318,-5.0101,1.3863,9.6595,4.0902,2.5481,7.1534,-4.8300,1.4204
618.50,7.6364,-5.0101,1.3513,9.6561,4.0926,2.5133,7.1541,-4.8258,1.3857
619.00,7.6415,-5.0101,1.3101,9.6511,4.0964,2.4726,7.1554,-4.8198,1.3450
619.50,7.6468,-5.0101,1.2660,9.6475,4.0993,2.4295,7.1565,-4.8153,1.3018
620.00,7.6517,-5.0100,1.2231,9.6452,4.1014,2.3875,7.1574,-4.8123,1.2598
620.50,7.6610,-4.9830,1.1117,9.6264,4.1211,2.2854,7.1671,-4.7869,1.1578
621.00,7.6999,-4.9040,0.9684,9.5738,4.1937,2.1364,7.2595,-4.7380,1.0018
621.50,7.7741,-4.7983,0.9607,9.5046,4.3077,2.1195,7.3240,-4.6313,0.9835
622.00,7.8353,-4.7108,1.0897,9.4449,4.3968,2.2392,7.3799,-4.5359,1.1081
622.50,7.8721,-4.6648,1.2697,9.4029,4.4415,2.4263,7.4090,-4.4891,1.2973
623.00,7.8784,-4.6620,1.3286,9.3964,4.4468,2.4911,7.4150,-4.4810,1.3635
623.50,7.8743,-4.6620,1.3747,9.3998,4.4445,2.5381,7.4144,-4.4850,1.4105
624.00,7.8673,-4.6521,1.4509,9.3948,4.4475,2.6085,7.4150,-4.4793,1.4808
624.50,7.8519,-4.5850,1.6159,9.3304,4.4774,2.7803,7.4033,-4.4082,1.6457
625.00,7.8424,-4.4631,1.6251,9.2166,4.5178,2.8001,7.3752,-4.2980,1.6599
625.50,7.8357,-4.3333,1.6439,9.0996,4.5596,2.8123,7.3695,-4.1743,1.6619
626.00,7.8203,-4.2048,1.8202,8.9715,4.5934,2.9791,7.3455,-4.0338,1.8316
626.50,7.7912,-4.0819,1.9557,8.8405,4.6038,3.1261,7.3105,-3.9101,1.9845
627.00,7.7411,-3.9622,1.9977,8.7079,4.6033,-3.1167,7.2651,-3.7954,2.0152
627.50,7.6816,-3.8461,2.0684,8.5825,4.5953,-3.0405,7.2066,-3.6843,2.0915
628.00,7.6172,-3.7324,2.0890,8.4519,4.5808,-3.0201,7.1400,-3.5710,2.1108
628.50,7.5492,-3.6205,2.1157,8.3221,4.5627,-2.9887,7.0629,-3.4562,2.1392
629.00,7.4836,-3.5086,2.1024,8.1892,4.5435,-3.0033,6.9960,-3.3440,2.1222
629.50,7.4146,-3.3975,2.1344,8.0596,4.5236,-2.9720,6.9264,-3.2393,2.1524
630.00,7.3417,-3.2888,2.1653,7.9279,4.4984,-2.9386,6.8499,-3.1293,2.1858
630.50,7.2675,-3.1817,2.1769,7.7986,4.4707,-2.9239,6.7726,-3.0253,2.1994
631.00,7.1973,-3.0731,2.1251,7.6641,4.4441,-2.9743,6.6945,-2.9126,2.1490
631.50,7.1293,-2.9623,2.1259,7.5306,4.4222,-2.9768,6.6300,-2.8050,2.1430
632.00,7.0578,-2.8528,2.1558,7.3974,4.3983,-2.9483,6.5556,-2.6952,2.1750
632.50,6.9839,-2.7453,2.1743,7.2672,4.3712,-2.9270,6.4787,-2.5967,2.1951
633.00,6.9138,-2.6366,2.1265,7.1375,4.3457,-2.9718,6.4069,-2.4879,2.1514
633.50,6.8455,-2.5260,2.1293,7.0102,4.3244,-2.9713,6.3395,-2.3797,2.1473
634.00,6.7731,-2.4169,2.1635,6.8764,4.2990,-2.9361,6.2632,-2.2669,2.1825
634.50,6.6977,-2.3101,2.1916,6.7453,4.2697,-2.9072,6.1874,-2.1646,2.2114
635.00,6.6222,-2.2043,2.1897,6.6155,4.2385,-2.9066,6.1073,-2.0578,2.2109
635.50,6.5469,-2.0984,2.1881,6.4835,4.2069,-2.9073,6.0294,-1.9537,2.2090
636.00,6.4749,-1.9908,2.1448,6.3567,4.1791,-2.9502,5.9639,-1.8512,2.1637
636.50,6.4038,-1.8818,2.1503,6.2303,4.1545,-2.9452,5.8879,-1.7476,2.1699
637.00,6.3327,-1.7729,2.1543,6.1047,4.1296,-2.9424,5.8202,-1.6421,2.1704
637.50,6.2583,-1.6655,2.1796,5.9762,4.1016,-2.9150,5.7374,-1.5346,2.1989
638.00,6.1831,-1.5592,2.1901,5.8421,4.0700,-2.9038,5.6558,-1.4236,2.2094
638.50,6.1068,-1.4537,2.1969,5.7122,4.0376,-2.8955,5.5793,-1.3267,2.2172
639.00,6.0329,-1.3473,2.1665,5.5845,4.0072,-2.9236,5.5015,-1.2209,2.1892
639.50,5.9586,-1.2402,2.1860,5.4504,3.9768,-2.9072,5.4242,-1.1092,2.2021
640.00,5.8797,-1.1360,2.2391,5.3247,3.9433,-2.8522,5.3435,-1.0113,2.2588
640.50,5.7974,-1.0351,2.2668,5.1944,3.9024,-2.8224,5.2558,-0.9072,2.2875
641.00,5.7123,-0.9368,2.3114,5.0672,3.8582,-2.7792,5.1689,-0.8171,2.3295
641.50,5.6219,-0.8441,2.3912,4.9451,3.8075,-2.7027,5.0824,-0.7265,2.4060
642.00,5.5217,-0.7604,2.5226,4.8249,3.7413,-2.5731,4.9708,-0.6401,2.5361
642.50,5.4144,-0.6856,2.7300,4.7212,3.6619,-2.3727,4.8615,-0.5760,2.7368
643.00,5.3188,-0.6274,2.9889,4.6534,3.5767,-2.1075,4.7683,-0.5324,3.0053
643.50,5.1900,-0.5992,3.1127,4.5937,3.4552,-1.9700,4.6415,-0.5013,3.1387
644.00,5.0609,-0.5925,3.0468,4.5429,3.3388,-2.0217,4.5170,-0.4850,3.0793
644.50,4.9432,-0.5782,2.8203,4.4824,3.2386,-2.2404,4.4015,-0.4652,2.8535
645.00,4.8308,-0.5446,2.6519,4.3988,3.1518,-2.4203,4.2838,-0.4338,2.6714
645.50,4.7479,-0.4995,2.6350,4.3223,3.0878,-2.4469,4.1920,-0.3901,2.6474
646.00,4.6620,-0.4617,2.7640,4.2545,3.0255,-2.3274,4.1061,-0.3593,2.7731
646.50,4.5384,-0.4337,2.9424,4.1787,2.9266,-2.1405,3.9933,-0.3315,2.9634
647.00,4.4105,-0.4118,2.9596,4.1089,2.8103,-2.1095,3.8562,-0.3199,2.9881
647.50,4.2843,-0.3823,2.8148,4.0335,2.6985,-2.2456,3.7278,-0.2889,2.8460
648.00,4.1636,-0.3407,2.7323,3.9502,2.6061,-2.3393,3.6170,-0.2510,2.7489
648.50,4.0433,-0.2926,2.8029,3.8627,2.5124,-2.2771,3.4847,-0.2084,2.8146
649.00,3.9194,-0.2530,2.8460,3.7793,2.4070,-2.2264,3.3499,-0.1725,2.8673
649.50,3.7946,-0.2174,2.8591,3.7020,2.3042,-2.2118,3.2319,-0.1389,2.8817
650.00,3.6716,-0.1755,2.8078,3.6209,2.1997,-2.2599,3.1047,-0.1028,2.8314
650.50,3.5874,-0.1441,2.8492,3.5566,2.1215,-2.2284,3.0247,-0.0718,2.8616
651.00,3.5251,-0.1252,2.9695,3.5204,2.0696,-2.1139,2.9603,-0.0571,2.9778
651.50,3.4165,-0.1168,-3.0641,3.4792,1.9740,-1.8614,2.8507,-0.0542,-3.0494
652.00,3.2876,-0.1246,-2.9841,3.4489,1.8465,-1.7687,2.7200,-0.0676,-2.9563
652.50,3.1586,-0.1405,-3.0905,3.4176,1.7105,-1.8629,2.5909,-0.0797,-3.0577
653.00,3.0288,-0.1473,3.0639,3.3710,1.5895,-1.9972,2.4804,-0.0780,3.0876
653.50,2.8992,-0.1391,3.0843,3.3139,1.4659,-1.9837,2.3426,-0.0798,3.1010
654.00,2.7694,-0.1303,3.0515,3.2606,1.3447,-2.0096,2.1935,-0.0772,3.0786
654.50,2.6399,-0.1197,3.0949,3.2043,1.2249,-1.9796,2.0748,-0.0688,3.1062
655.00,2.5100,-0.1179,3.1400,3.1576,1.1031,-1.9221,1.9551,-0.0695,-3.1142
655.50,2.3800,-0.1157,3.1302,3.1099,0.9797,-1.9358,1.8138,-0.0706,-3.1331
656.00,2.2500,-0.1130,3.1059,3.0631,0.8575,-1.9551,1.6900,-0.0717,3.1317
656.50,2.1201,-0.1068,3.1211,3.0133,0.7384,-1.9501,1.5697,-0.0690,3.1349
657.00,1.9901,-0.1055,3.1132,2.9677,0.6184,-1.9468,1.4482,-0.0693,-3.1380
657.50,1.8603,-0.0997,3.1133,2.9163,0.4951,-1.9577,1.3211,-0.0670,3.1308
658.00,1.7303,-0.0988,3.1202,2.8697,0.3733,-1.9403,1.1870,-0.0681,-3.1314
658.50,1.6004,-0.0931,3.1068,2.8180,0.2486,-1.9643,1.0551,-0.0657,3.1216
659.00,1.4704,-0.0917,3.1189,2.7703,0.1252,-1.9414,0.9335,-0.0659,-3.1326
659.50,1.3405,-0.0860,3.1158,2.7184,-0.0011,-1.9563,0.7889,-0.0647,3.1300
660.00,1.2105,-0.0867,-3.1343,2.6718,-0.1280,-1.9118,0.6618,-0.0673,-3.1036
660.50,1.0806,-0.0823,3.1034,2.6241,-0.2494,-1.9634,0.5394,-0.0685,3.1230
661.00,0.9506,-0.0810,3.1254,2.5765,-0.3719,-1.9350,0.4066,-0.0690,-3.1318
661.50,0.8207,-0.0750,3.1049,2.5270,-0.4932,-1.9636,0.2792,-0.0675,3.1220
662.00,0.6979,-0.0745,3.1379,2.4817,-0.6112,-1.9261,0.1686,-0.0703,-3.1194
662.50,0.6292,-0.0743,3.1379,2.4543,-0.6852,-1.9256,0.0902,-0.0708,-3.1217
663.00,0.6230,-0.0742,3.1379,2.4502,-0.6962,-1.9243,0.0918,-0.0711,-3.1197
663.50,0.6612,-0.0744,3.1379,2.4639,-0.6590,-1.9234,0.1313,-0.0702,-3.1189
664.00,0.7012,-0.0745,3.1379,2.4784,-0.6196,-1.9223,0.1733,-0.0692,-3.1178
664.50,0.7412,-0.0747,3.1379,2.4934,-0.5785,-1.9219,0.2171,-0.0682,-3.1174
665.00,0.7812,-0.0748,3.1379,2.5072,-0.5409,-1.9213,0.2601,-0.0690,-3.1202
665.50,0.8212,-0.0750,3.1379,2.5213,-0.5022,-1.9205,0.3013,-0.0681,-3.1194
666.00,0.8612,-0.0751,3.1379,2.5363,-0.4610,-1.9202,0.3451,-0.0671,-3.1192
666.50,0.9011,-0.0753,3.1379,2.5501,-0.4232,-1.9194,0.3673,-0.0663,-3.1204
667.00,0.9050,-0.0765,-3.1316,2.5526,-0.4164,-1.9031,0.3745,-0.0662,-3.1042
667.50,0.8462,-0.0770,-3.1326,2.5338,-0.4712,-1.9025,0.3167,-0.0685,-3.1035
668.00,0.7314,-0.0777,-3.1353,2.4968,-0.5776,-1.9058,0.2041,-0.0725,-3.1068
668.50,0.6502,-0.0782,-3.1353,2.4692,-0.6571,-1.9052,0.1360,-0.0767,-3.1118
669.00,0.6303,-0.0783,-3.1353,2.4621,-0.6775,-1.9043,0.1288,-0.0759,-3.1116
669.50,0.6303,-0.0783,-3.1353,2.4621,-0.6775,-1.9039,0.1288,-0.0759,-3.1112
670.00,0.6303,-0.0783,-3.1353,2.4621,-0.6775,-1.9034,0.1288,-0.0759,-3.1107
670.50,0.6303,-0.0783,-3.1353,2.4621,-0.6775,-1.9027,0.1288,-0.0759,-3.1100
671.00,0.6303,-0.0783,-3.1353,2.4621,-0.6775,-1.9019,0.1288,-0.0759,-3.1092
671.50,0.6303,-0.0791,-3.1130,2.4621,-0.6778,-1.8847,0.1286,-0.0759,-3.0921
672.00,0.6303,-0.0871,-2.9337,2.4602,-0.6854,-1.7146,0.1208,-0.0769,-2.9220
672.50,0.6301,-0.1037,-2.7180,2.4597,-0.7035,-1.4965,0.0723,-0.0827,-2.7046
673.00,0.6299,-0.1158,-2.5404,2.4616,-0.7155,-1.3137,0.0617,-0.0888,-2.5217
673.50,0.6298,-0.1177,-2.4804,2.4623,-0.7178,-1.2433,0.0599,-0.0902,-2.4513
674.00,0.6298,-0.1170,-2.5112,2.4621,-0.7172,-1.2715,0.0603,-0.0899,-2.4796
674.50,0.6299,-0.1156,-2.5463,2.4618,-0.7160,-1.3064,0.0613,-0.0891,-2.5145
675.00,0.6299,-0.1139,-2.5823,2.4613,-0.7142,-1.3410,0.0628,-0.0880,-2.5491
675.50,0.6300,-0.1116,-2.6192,2.4608,-0.7115,-1.3773,0.0651,-0.0866,-2.5854
676.00,0.6300,-0.1089,-2.6572,2.4603,-0.7088,-1.4147,0.0675,-0.0851,-2.6227
676.50,0.6301,-0.1057,-2.6962,2.4598,-0.7055,-1.4530,0.0704,-0.0836,-2.6610
677.00,0.6301,-0.1020,-2.7362,2.4594,-0.7008,-1.4922,0.0746,-0.0815,-2.7002
677.50,0.6301,-0.0979,-2.7774,2.4592,-0.6981,-1.5334,0.0771,-0.0803,-2.7415
678.00,0.6302,-0.0933,-2.8198,2.4591,-0.6931,-1.5749,0.0817,-0.0785,-2.7830
678.50,0.6302,-0.0881,-2.8634,2.4592,-0.6879,-1.6173,0.0867,-0.0768,-2.8253
679.00,0.6302,-0.0825,-2.9084,2.4597,-0.6820,-1.6614,0.0923,-0.0750,-2.8695
679.50,0.6303,-0.0780,-2.9432,2.4603,-0.6762,-1.6996,0.0980,-0.0736,-2.9076
680.00,0.6303,-0.0780,-2.9432,2.4603,-0.6762,-1.6989,0.0980,-0.0736,-2.9070
680.50,0.6303,-0.0780,-2.9432,2.4603,-0.6762,-1.6983,0.0980,-0.0736,-2.9063
681.00,0.6406,-0.0759,-2.9432,2.4615,-0.6664,-1.6977,0.1076,-0.0712,-2.9057
681.50,0.6796,-0.0680,-2.9432,2.4666,-0.6266,-1.6972,0.1466,-0.0619,-2.9053
682.00,0.7189,-0.0602,-2.9432,2.4716,-0.5874,-1.6964,0.1977,-0.0554,-2.9205
682.50,0.7581,-0.0523,-2.9432,2.4765,-0.5483,-1.6961,0.2362,-0.0468,-2.9202
683.00,0.7973,-0.0444,-2.9432,2.4814,-0.5097,-1.6954,0.2919,-0.0377,-2.9208
683.50,0.8365,-0.0365,-2.9432,2.4861,-0.4715,-1.6949,0.3294,-0.0293,-2.9203
684.00,0.8757,-0.0286,-2.9432,2.4912,-0.4305,-1.6946,0.3698,-0.0202,-2.9200
684.50,0.8971,-0.0211,-2.9811,2.4947,-0.4031,-1.7263,0.3524,-0.0127,-2.9518
685.00,0.8575,-0.0085,-3.1066,2.4842,-0.4459,-1.8591,0.3086,-0.0173,-3.0846
685.50,0.7552,-0.0077,-3.1297,2.4553,-0.5375,-1.8862,0.2126,-0.0211,-3.1117
686.00,0.6552,-0.0087,-3.1305,2.4207,-0.6425,-1.8882,0.1222,-0.0031,-3.1088
686.50,0.6178,-0.0091,-3.1305,2.4078,-0.6816,-1.8874,0.1123,-0.0040,-3.1059
687.00,0.6175,-0.0091,-3.1305,2.4075,-0.6826,-1.8870,0.1113,-0.0040,-3.1055
687.50,0.6175,-0.0091,-3.1305,2.4075,-0.6826,-1.8867,0.1113,-0.0040,-3.1052
688.00,0.6175,-0.0091,-3.1305,2.4075,-0.6826,-1.8862,0.1113,-0.0040,-3.1047
688.50,0.6175,-0.0091,-3.1305,2.4075,-0.6826,-1.8852,0.1113,-0.0040,-3.1037
689.00,0.6175,-0.0091,-3.1305,2.4075,-0.6826,-1.8843,0.1113,-0.0040,-3.1028
689.50,0.6175,-0.0091,-3.1305,2.4075,-0.6826,-1.8839,0.1113,-0.0040,-3.1024
690.00,0.6175,-0.0091,-3.1305,2.4075,-0.6826,-1.8835,0.1113,-0.0040,-3.1020
690.50,0.6175,-0.0091,-3.1305,2.4075,-0.6826,-1.8823,0.1113,-0.0040,-3.1008
691.00,0.6175,-0.0091,-3.1305,2.4075,-0.6826,-1.8814,0.1113,-0.0040,-3.0999
691.50,0.6175,-0.0091,-3.1305,2.4075,-0.6826,-1.8807,0.1113,-0.0040,-3.0992
692.00,0.6175,-0.0091,-3.1305,2.4075,-0.6826,-1.8796,0.1113,-0.0040,-3.0981
692.50,0.6175,-0.0091,-3.1305,2.4075,-0.6826,-1.8788,0.1113,-0.0040,-3.0973
693.00,0.6175,-0.0091,-3.1305,2.4075,-0.6826,-1.8778,0.1113,-0.0040,-3.0963
693.50,0.6175,-0.0091,-3.1305,2.4075,-0.6826,-1.8773,0.1113,-0.0040,-3.0958
694.00,0.6175,-0.0091,-3.1305,2.4075,-0.6826,-1.8763,0.1113,-0.0040,-3.0948
694.50,0.6175,-0.0104,-3.0976,2.4072,-0.6833,-1.8512,0.1105,-0.0041,-3.0697
695.00,0.6175,-0.0195,-2.9063,2.4052,-0.6936,-1.6670,0.1002,-0.0057,-2.8855
695.50,0.6173,-0.0367,-2.6944,2.4055,-0.7130,-1.4523,0.0692,-0.0239,-2.6778
696.00,0.6171,-0.0471,-2.5317,2.4078,-0.7248,-1.2815,0.0589,-0.0301,-2.5070
696.50,0.6170,-0.0482,-2.4989,2.4081,-0.7257,-1.2379,0.0581,-0.0307,-2.4634
697.00,0.6171,-0.0471,-2.5337,2.4078,-0.7246,-1.2721,0.0590,-0.0300,-2.4976
697.50,0.6171,-0.0455,-2.5693,2.4073,-0.7229,-1.3073,0.0604,-0.0290,-2.5327
698.00,0.6172,-0.0434,-2.6059,2.4066,-0.7204,-1.3438,0.0627,-0.0275,-2.5692
698.50,0.6172,-0.0408,-2.6435,2.4060,-0.7174,-1.3807,0.0653,-0.0259,-2.6062
699.00,0.6173,-0.0378,-2.6821,2.4054,-0.7138,-1.4188,0.0684,-0.0241,-2.6443
699.50,0.6173,-0.0343,-2.7218,2.4049,-0.7104,-1.4576,0.0715,-0.0225,-2.6831
700.00,0.6173,-0.0304,-2.7626,2.4046,-0.7066,-1.4978,0.0749,-0.0209,-2.7232
700.50,0.6174,-0.0259,-2.8045,2.4044,-0.7035,-1.5381,0.0778,-0.0197,-2.7636
701.00,0.6174,-0.0210,-2.8477,2.4044,-0.7005,-1.5809,0.0806,-0.0186,-2.8064
701.50,0.6174,-0.0155,-2.8922,2.4045,-0.6949,-1.6245,0.0859,-0.0169,-2.8500
702.00,0.6175,-0.0117,-2.9222,2.4049,-0.6904,-1.6566,0.0902,-0.0157,-2.8821
702.50,0.6184,-0.0114,-2.9222,2.4049,-0.6897,-1.6557,0.0909,-0.0155,-2.8812
703.00,0.6510,-0.0042,-2.9222,2.4075,-0.6592,-1.6551,0.1204,-0.0076,-2.8806
703.50,0.6901,0.0045,-2.9222,2.4107,-0.6217,-1.6544,0.1569,0.0021,-2.8799
704.00,0.7291,0.0132,-2.9222,2.4142,-0.5796,-1.6536,0.2182,0.0196,-2.8965
704.50,0.7681,0.0219,-2.9222,2.4174,-0.5401,-1.6530,0.2567,0.0292,-2.8959
705.00,0.8072,0.0306,-2.9222,2.4205,-0.5022,-1.6518,0.3026,0.0387,-2.8982
705.50,0.8462,0.0393,-2.9222,2.4238,-0.4610,-1.6504,0.3427,0.0486,-2.8968
706.00,0.8810,0.0474,-2.9282,2.4269,-0.4229,-1.6529,0.3614,0.0578,-2.9022
706.50,0.8668,0.0592,-3.0672,2.4247,-0.4342,-1.7793,0.3499,0.0563,-3.0285
707.00,0.7895,0.0815,3.0282,2.3999,-0.5064,-1.9776,0.2736,0.0570,3.0564
707.50,0.6885,0.0976,3.0074,2.3570,-0.6002,-2.0044,0.1487,0.0977,3.0261
708.00,0.6464,0.1033,3.0074,2.3368,-0.6433,-2.0036,0.1267,0.1123,3.0314
708.50,0.6454,0.1035,3.0074,2.3360,-0.6450,-2.0026,0.1248,0.1125,3.0325
709.00,0.6454,0.1035,3.0074,2.3360,-0.6450,-2.0023,0.1248,0.1125,3.0328
709.50,0.6454,0.1035,3.0074,2.3360,-0.6450,-2.0017,0.1248,0.1125,3.0333
710.00,0.6454,0.1035,3.0074,2.3360,-0.6450,-2.0010,0.1248,0.1125,3.0340
710.50,0.6454,0.1035,3.0074,2.3360,-0.6450,-2.0000,0.1248,0.1125,3.0350
711.00,0.6454,0.1011,3.0638,2.3366,-0.6437,-1.9543,0.1262,0.1124,3.0807
711.50,0.6454,0.0904,-2.9918,2.3361,-0.6473,-1.7332,0.1226,0.1117,-2.9814
712.00,0.6453,0.0712,-2.7680,2.3353,-0.6652,-1.5067,0.1144,0.0896,-2.7514
712.50,0.6451,0.0587,-2.6225,2.3370,-0.6776,-1.3492,0.1033,0.0840,-2.5939
713.00,0.6451,0.0581,-2.6181,2.3372,-0.6785,-1.3350,0.1025,0.0835,-2.5797
713.50,0.6451,0.0608,-2.6560,2.3367,-0.6762,-1.3723,0.1045,0.0847,-2.6170
714.00,0.6452,0.0640,-2.6950,2.3361,-0.6729,-1.4101,0.1074,0.0863,-2.6548
714.50,0.6452,0.0676,-2.7350,2.3355,-0.6685,-1.4493,0.1114,0.0883,-2.6939
715.00,0.6453,0.0718,-2.7762,2.3351,-0.6648,-1.4889,0.1148,0.0899,-2.7336
715.50,0.6453,0.0764,-2.8185,2.3348,-0.6603,-1.5306,0.1190,0.0916,-2.7753
716.00,0.6453,0.0815,-2.8621,2.3347,-0.6543,-1.5726,0.1246,0.0936,-2.8173
716.50,0.6454,0.0851,-2.8915,2.3348,-0.6509,-1.6035,0.1278,0.0946,-2.8482
717.00,0.6454,0.0851,-2.8915,2.3348,-0.6509,-1.6024,0.1278,0.0946,-2.8471
717.50,0.6454,0.0851,-2.8915,2.3348,-0.6509,-1.6017,0.1278,0.0946,-2.8464
718.00,0.6454,0.0851,-2.8915,2.3348,-0.6509,-1.6004,0.1278,0.0946,-2.8450
718.50,0.6454,0.0851,-2.8915,2.3348,-0.6509,-1.6000,0.1278,0.0946,-2.8446
719.00,0.6454,0.0851,-2.8915,2.3348,-0.6509,-1.5994,0.1278,0.0946,-2.8441
719.50,0.6454,0.0851,-2.8915,2.3348,-0.6509,-1.5983,0.1278,0.0946,-2.8430
720.00,0.6454,0.0851,-2.8915,2.3348,-0.6509,-1.5983,0.1278,0.0946,-2.8430
720.50,0.6454,0.0851,-2.8915,2.3348,-0.6509,-1.5969,0.1278,0.0946,-2.8416
721.00,0.6454,0.0851,-2.8915,2.3348,-0.6509,-1.5958,0.1278,0.0946,-2.8405
721.50,0.6464,0.0854,-2.8915,2.3348,-0.6505,-1.5950,0.1282,0.0948,-2.8397
722.00,0.6787,0.0937,-2.8915,2.3356,-0.6181,-1.5945,0.1592,0.1044,-2.8392
722.50,0.7175,0.1036,-2.8915,2.3364,-0.5811,-1.5939,0.1945,0.1154,-2.8386
723.00,0.7562,0.1135,-2.8915,2.3374,-0.5401,-1.5930,0.2330,0.1206,-2.8683
723.50,0.7950,0.1234,-2.8915,2.3383,-0.4989,-1.5922,0.2728,0.1317,-2.8676
724.00,0.8337,0.1333,-2.8915,2.3391,-0.4574,-1.5916,0.3038,0.1430,-2.8670
724.50,0.8725,0.1432,-2.8915,2.3400,-0.4160,-1.5912,0.3437,0.1542,-2.8666
725.00,0.9069,0.1520,-2.8940,2.3407,-0.3791,-1.5903,0.3762,0.1639,-2.8678
725.50,0.8928,0.1611,-3.0111,2.3396,-0.3901,-1.6963,0.3653,0.1618,-2.9738
726.00,0.8157,0.1804,3.0559,2.3202,-0.4650,-1.9191,0.2880,0.1588,3.0866
726.50,0.6903,0.2014,3.0190,2.2722,-0.5824,-1.9680,0.1624,0.2017,3.0349
727.00,0.5973,0.2125,3.0209,2.2349,-0.6719,-1.9624,0.0597,0.2173,3.0454
727.50,0.5663,0.2163,3.0209,2.2215,-0.7040,-1.9614,0.0280,0.2205,3.0436
728.00,0.5663,0.2163,3.0209,2.2214,-0.7043,-1.9610,0.0278,0.2205,3.0440
728.50,0.5663,0.2163,3.0209,2.2214,-0.7043,-1.9601,0.0278,0.2205,3.0449
729.00,0.5663,0.2163,3.0209,2.2214,-0.7043,-1.9592,0.0278,0.2205,3.0458
729.50,0.5663,0.2163,3.0209,2.2214,-0.7043,-1.9587,0.0278,0.2205,3.0463
730.00,0.5663,0.2160,3.0279,2.2214,-0.7042,-1.9541,0.0278,0.2204,3.0509
730.50,0.5664,0.2098,-3.1037,2.2228,-0.7002,-1.8157,0.0321,0.2203,-3.0939
731.00,0.5663,0.1950,-2.8636,2.2212,-0.7140,-1.5727,0.0184,0.2178,-2.8509
731.50,0.5661,0.1762,-2.6646,2.2231,-0.7335,-1.3687,0.0002,0.2104,-2.6469
732.00,0.5660,0.1711,-2.5908,2.2244,-0.7387,-1.2830,-0.0043,0.2077,-2.5612
732.50,0.5660,0.1728,-2.6220,2.2239,-0.7371,-1.3105,-0.0029,0.2086,-2.5887
733.00,0.5661,0.1756,-2.6600,2.2231,-0.7339,-1.3478,-0.0001,0.2102,-2.6260
733.50,0.5661,0.1788,-2.6991,2.2223,-0.7297,-1.3864,0.0037,0.2123,-2.6646
734.00,0.5661,0.1825,-2.7392,2.2215,-0.7251,-1.4258,0.0079,0.2144,-2.7040
734.50,0.5662,0.1867,-2.7805,2.2209,-0.7205,-1.4664,0.0121,0.2162,-2.7446
735.00,0.5662,0.1914,-2.8230,2.2205,-0.7153,-1.5075,0.0170,0.2181,-2.7856
735.50,0.5663,0.1965,-2.8667,2.2203,-0.7101,-1.5505,0.0219,0.2199,-2.8286
736.00,0.5663,0.2022,-2.9118,2.2203,-0.7030,-1.5945,0.0286,0.2219,-2.8727
736.50,0.5663,0.2062,-2.9423,2.2205,-0.6990,-1.6272,0.0326,0.2229,-2.9054
737.00,0.5686,0.2066,-2.9423,2.2205,-0.6971,-1.6263,0.0344,0.2233,-2.9045
737.50,0.6039,0.2137,-2.9423,2.2226,-0.6590,-1.6253,0.0714,0.2323,-2.9034
738.00,0.6431,0.2217,-2.9423,2.2249,-0.6170,-1.6249,0.1213,0.2303,-2.9184
738.50,0.6823,0.2296,-2.9423,2.2272,-0.5751,-1.6240,0.1622,0.2396,-2.9175
739.00,0.7215,0.2375,-2.9423,2.2294,-0.5328,-1.6228,0.1994,0.2478,-2.9170
739.50,0.7607,0.2454,-2.9423,2.2314,-0.4946,-1.6216,0.2367,0.2563,-2.9158
740.00,0.7999,0.2534,-2.9423,2.2334,-0.4547,-1.6207,0.2678,0.2634,-2.9177
740.50,0.8253,0.2599,-2.9611,2.2347,-0.4288,-1.6341,0.2932,0.2692,-2.9312
741.00,0.7922,0.2728,-3.1314,2.2295,-0.4618,-1.7977,0.2600,0.2652,-3.0947
741.50,0.7010,0.2905,3.0554,2.2006,-0.5551,-1.9083,0.1623,0.2678,3.0779
742.00,0.6400,0.2957,3.0554,2.1777,-0.6199,-1.9069,0.1082,0.3001,3.0799
742.50,0.6328,0.2964,3.0554,2.1740,-0.6302,-1.9062,0.0972,0.3008,3.0806
743.00,0.6328,0.2964,3.0554,2.1740,-0.6302,-1.9058,0.0972,0.3008,3.0811
743.50,0.6328,0.2964,3.0554,2.1740,-0.6302,-1.9046,0.0972,0.3008,3.0822
744.00,0.6328,0.2964,3.0554,2.1740,-0.6302,-1.9041,0.0972,0.3008,3.0827
744.50,0.6328,0.2964,3.0554,2.1740,-0.6302,-1.9031,0.0972,0.3008,3.0837
745.00,0.6328,0.2958,3.0689,2.1741,-0.6300,-1.8943,0.0975,0.3008,3.0925
745.50,0.6328,0.2885,-3.0428,2.1744,-0.6298,-1.7356,0.0978,0.3006,-3.0319
746.00,0.6327,0.2726,-2.8116,2.1737,-0.6445,-1.5014,0.0834,0.2972,-2.7978
746.50,0.6325,0.2558,-2.6231,2.1767,-0.6623,-1.3057,0.0945,0.2688,-2.6020
747.00,0.6324,0.2522,-2.5623,2.1781,-0.6668,-1.2330,0.0906,0.2663,-2.5293
747.50,0.6325,0.2538,-2.5957,2.1776,-0.6653,-1.2636,0.0920,0.2672,-2.5600
748.00,0.6325,0.2562,-2.6330,2.1768,-0.6626,-1.3004,0.0943,0.2687,-2.5967
748.50,0.6326,0.2591,-2.6713,2.1761,-0.6599,-1.3377,0.0967,0.2700,-2.6341
749.00,0.6326,0.2625,-2.7107,2.1752,-0.6559,-1.3762,0.1003,0.2720,-2.6725
749.50,0.6327,0.2663,-2.7512,2.1747,-0.6530,-1.4155,0.1030,0.2733,-2.7118
750.00,0.6327,0.2706,-2.7928,2.1740,-0.6483,-1.4561,0.1073,0.2752,-2.7525
750.50,0.6327,0.2755,-2.8356,2.1736,-0.6436,-1.4978,0.1117,0.2769,-2.7941
751.00,0.6328,0.2808,-2.8797,2.1734,-0.6392,-1.5408,0.1159,0.2783,-2.8372
751.50,0.6328,0.2866,-2.9252,2.1734,-0.6342,-1.5848,0.1207,0.2796,-2.8811
752.00,0.6328,0.2875,-2.9323,2.1734,-0.6323,-1.5956,0.1226,0.2801,-2.8920
752.50,0.6328,0.2875,-2.9323,2.1734,-0.6323,-1.5951,0.1226,0.2801,-2.8914
753.00,0.6328,0.2875,-2.9323,2.1734,-0.6323,-1.5947,0.1226,0.2801,-2.8911
753.50,0.6328,0.2875,-2.9323,2.1734,-0.6323,-1.5943,0.1226,0.2801,-2.8906
754.00,0.6328,0.2875,-2.9323,2.1734,-0.6323,-1.5938,0.1226,0.2801,-2.8902
754.50,0.6328,0.2875,-2.9323,2.1734,-0.6323,-1.5936,0.1226,0.2801,-2.8899
755.00,0.6328,0.2875,-2.9323,2.1734,-0.6323,-1.5925,0.1226,0.2801,-2.8889
755.50,0.6328,0.2875,-2.9323,2.1734,-0.6323,-1.5914,0.1226,0.2801,-2.8877
756.00,0.6328,0.2875,-2.9323,2.1734,-0.6323,-1.5913,0.1226,0.2801,-2.8876
756.50,0.6328,0.2875,-2.9323,2.1734,-0.6323,-1.5903,0.1226,0.2801,-2.8866
757.00,0.6328,0.2875,-2.9323,2.1734,-0.6323,-1.5889,0.1226,0.2801,-2.8852
757.50,0.6431,0.2897,-2.9323,2.1736,-0.6225,-1.5880,0.1320,0.2826,-2.8843
758.00,0.6821,0.2980,-2.9323,2.1743,-0.5828,-1.5874,0.1704,0.2927,-2.8837
758.50,0.7212,0.3063,-2.9323,2.1750,-0.5366,-1.5869,0.1986,0.3174,-2.9084
759.00,0.7604,0.3146,-2.9323,2.1756,-0.4985,-1.5865,0.2346,0.3268,-2.9087
759.50,0.7995,0.3229,-2.9323,2.1763,-0.4554,-1.5857,0.2766,0.3368,-2.9078
760.00,0.8386,0.3312,-2.9323,2.1768,-0.4163,-1.5846,0.2922,0.3415,-2.9095
760.50,0.8778,0.3395,-2.9323,2.1774,-0.3779,-1.5840,0.3295,0.3503,-2.9090
761.00,0.8880,0.3465,-2.9840,2.1775,-0.3654,-1.6260,0.3417,0.3533,-2.9509
761.50,0.8361,0.3624,3.0778,2.1687,-0.4164,-1.8435,0.2901,0.3493,3.1148
762.00,0.7243,0.3883,2.9691,2.1288,-0.5254,-1.9657,0.1747,0.3615,2.9925
762.50,0.6003,0.4072,3.0177,2.0805,-0.6455,-1.9185,0.0674,0.4111,3.0425
763.00,0.5260,0.4165,3.0199,2.0528,-0.7228,-1.9128,-0.0087,0.4186,3.0462
763.50,0.5108,0.4183,3.0199,2.0468,-0.7396,-1.9116,-0.0285,0.4196,3.0431
764.00,0.5108,0.4183,3.0199,2.0468,-0.7396,-1.9112,-0.0285,0.4196,3.0435
764.50,0.5108,0.4183,3.0199,2.0468,-0.7396,-1.9105,-0.0285,0.4196,3.0443
765.00,0.5108,0.4183,3.0199,2.0468,-0.7396,-1.9100,-0.0285,0.4196,3.0448
765.50,0.5108,0.4183,3.0199,2.0468,-0.7396,-1.9090,-0.0285,0.4196,3.0457
766.00,0.5109,0.4166,3.0628,2.0473,-0.7381,-1.8746,-0.0269,0.4195,3.0802
766.50,0.5109,0.4070,-3.0039,2.0478,-0.7378,-1.6655,-0.0265,0.4191,-2.9940
767.00,0.5107,0.3887,-2.7784,2.0483,-0.7563,-1.4374,-0.0443,0.4142,-2.7658
767.50,0.5105,0.3748,-2.6178,2.0517,-0.7725,-1.2661,-0.0586,0.3852,-2.5939
768.00,0.5105,0.3732,-2.5978,2.0523,-0.7741,-1.2349,-0.0600,0.3842,-2.5627
768.50,0.5106,0.3757,-2.6352,2.0514,-0.7714,-1.2710,-0.0576,0.3857,-2.5988
769.00,0.5106,0.3786,-2.6736,2.0506,-0.7684,-1.3086,-0.0549,0.3872,-2.6363
769.50,0.5107,0.3820,-2.7130,2.0497,-0.7647,-1.3474,-0.0516,0.3890,-2.6751
770.00,0.5107,0.3858,-2.7535,2.0488,-0.7605,-1.3874,-0.0476,0.3909,-2.7152
770.50,0.5107,0.3902,-2.7952,2.0479,-0.7555,-1.4282,-0.0430,0.3929,-2.7559
771.00,0.5108,0.3950,-2.8381,2.0474,-0.7513,-1.4699,-0.0391,0.3944,-2.7976
771.50,0.5108,0.4003,-2.8820,2.0470,-0.7461,-1.5129,-0.0342,0.3961,-2.8407
772.00,0.5108,0.4007,-2.8850,2.0470,-0.7453,-1.5178,-0.0333,0.3963,-2.8455
772.50,0.5108,0.4007,-2.8850,2.0470,-0.7453,-1.5171,-0.0333,0.3963,-2.8449
773.00,0.5108,0.4007,-2.8850,2.0470,-0.7453,-1.5171,-0.0333,0.3963,-2.8449
773.50,0.5210,0.4034,-2.8850,2.0465,-0.7367,-1.5168,-0.0252,0.3988,-2.8445
774.00,0.5595,0.4135,-2.8850,2.0441,-0.6927,-1.5157,0.0170,0.4118,-2.8435
774.50,0.5982,0.4236,-2.8850,2.0418,-0.6512,-1.5144,0.0477,0.4297,-2.8603
775.00,0.6369,0.4338,-2.8850,2.0395,-0.6116,-1.5138,0.0958,0.4403,-2.8611
775.50,0.6756,0.4439,-2.8850,2.0372,-0.5701,-1.5138,0.1357,0.4518,-2.8611
776.00,0.7143,0.4541,-2.8850,2.0350,-0.5322,-1.5137,0.1738,0.4621,-2.8614
776.50,0.7529,0.4642,-2.8850,2.0325,-0.4896,-1.5128,0.2158,0.4738,-2.8608
777.00,0.7570,0.4714,-2.9492,2.0318,-0.4804,-1.5674,0.2246,0.4765,-2.9154
777.50,0.6988,0.4874,3.1394,2.0254,-0.5369,-1.7647,0.1681,0.4703,-3.1127
778.00,0.5817,0.4995,3.0952,1.9976,-0.6512,-1.8209,0.0426,0.5001,3.1122
778.50,0.4773,0.5035,3.1045,1.9712,-0.7568,-1.8105,-0.0661,0.5034,3.1289
779.00,0.3604,0.5009,-3.1159,1.9470,-0.8755,-1.7418,-0.1974,0.4998,-3.0900
779.50,0.2559,0.5026,3.0732,1.9246,-0.9853,-1.8305,-0.2949,0.4976,3.1035
780.00,0.1544,0.5123,3.0415,1.8938,-1.0883,-1.8723,-0.3884,0.5065,3.0561
780.50,0.0388,0.5166,-3.0955,1.8644,-1.2043,-1.7340,-0.5156,0.5106,-3.0860
781.00,-0.0903,0.5095,-3.0052,1.8520,-1.3328,-1.6283,-0.6131,0.4919,-2.9747
781.50,-0.2057,0.4974,-3.1019,1.8421,-1.4490,-1.7118,-0.7442,0.4828,-3.0652
782.00,-0.3348,0.4941,2.9554,1.8099,-1.5716,-1.9409,-0.8710,0.4873,2.9848
782.50,-0.4527,0.5132,2.8924,1.7629,-1.6771,-2.0164,-0.9803,0.4926,2.9107
783.00,-0.5618,0.5354,2.9952,1.7169,-1.7829,-1.9218,-1.1033,0.5155,3.0089
783.50,-0.6912,0.5479,3.0960,1.6775,-1.9135,-1.8149,-1.2366,0.5257,3.1172
784.00,-0.8212,0.5517,3.1220,1.6465,-2.0489,-1.7863,-1.3688,0.5236,-3.1368
784.50,-0.9511,0.5555,3.1167,1.6179,-2.1778,-1.7911,-1.4931,0.5230,3.1394
785.00,-1.0811,0.5588,3.1165,1.5878,-2.3121,-1.7907,-1.6240,0.5233,3.1397
785.50,-1.2111,0.5621,3.1163,1.5597,-2.4383,-1.7899,-1.7465,0.5235,3.1406
786.00,-1.3410,0.5652,3.1200,1.5308,-2.5688,-1.7852,-1.8629,0.5267,-3.1392
786.50,-1.4710,0.5664,3.1266,1.5030,-2.6997,-1.7767,-2.0064,0.5255,-3.1330
787.00,-1.6010,0.5692,3.1227,1.4766,-2.8260,-1.7791,-2.1254,0.5244,-3.1353
787.50,-1.7309,0.5725,3.1186,1.4490,-2.9553,-1.7821,-2.2551,0.5235,-3.1407
788.00,-1.8609,0.5760,3.1164,1.4190,-3.0944,-1.7839,-2.3940,0.5233,3.1407
788.50,-1.9909,0.5776,3.1270,1.3908,-3.2282,-1.7720,-2.5298,0.5259,-3.1341
789.00,-2.1209,0.5795,3.1265,1.3657,-3.3520,-1.7713,-2.6486,0.5249,-3.1333
789.50,-2.2508,0.5825,3.1218,1.3382,-3.4855,-1.7752,-2.7999,0.5241,-3.1373
790.00,-2.3808,0.5856,3.1195,1.3093,-3.6246,-1.7771,-2.9243,0.5236,-3.1403
790.50,-2.5108,0.5887,3.1189,1.2812,-3.7588,-1.7762,-3.0397,0.5237,-3.1405
791.00,-2.6407,0.5913,3.1204,1.2524,-3.8975,-1.7740,-3.1738,0.5236,-3.1396
791.50,-2.7707,0.5944,3.1192,1.2257,-4.0268,-1.7746,-3.3030,0.5234,-3.1413
792.00,-2.9007,0.5970,3.1205,1.1995,-4.1540,-1.7724,-3.4246,0.5234,-3.1398
792.50,-3.0307,0.6000,3.1195,1.1724,-4.2873,-1.7715,-3.5576,0.5235,-3.1405
793.00,-3.1606,0.6023,3.1223,1.1454,-4.4207,-1.7681,-3.6866,0.5237,-3.1383
793.50,-3.2906,0.6050,3.1215,1.1193,-4.5516,-1.7672,-3.8128,0.5240,-3.1386
794.00,-3.4206,0.6066,3.1267,1.0942,-4.6794,-1.7615,-3.9439,0.5240,-3.1364
794.50,-3.5506,0.6089,3.1246,1.0690,-4.8104,-1.7620,-4.0807,0.5235,-3.1380
795.00,-3.6805,0.6106,3.1270,1.0443,-4.9389,-1.7590,-4.2024,0.5232,-3.1351
795.50,-3.8105,0.6143,3.1084,1.0188,-5.0711,-1.7735,-4.3404,0.5165,3.1337
796.00,-3.9404,0.6206,3.1012,0.9913,-5.1999,-1.7811,-4.4738,0.5206,3.1211
796.50,-4.0704,0.6212,3.1252,0.9657,-5.3255,-1.7580,-4.6059,0.5236,-3.1398
797.00,-4.2003,0.6202,3.1390,0.9427,-5.4529,-1.7430,-4.7281,0.5223,-3.1225
797.50,-4.3303,0.6226,3.1153,0.9196,-5.5829,-1.7634,-4.8732,0.5170,3.1379
798.00,-4.4603,0.6268,3.1141,0.8934,-5.7145,-1.7646,-5.0047,0.5180,3.1350
798.50,-4.5902,0.6290,3.1198,0.8692,-5.8412,-1.7578,-5.1317,0.5182,3.1410
799.00,-4.7202,0.6275,-3.1413,0.8460,-5.9702,-1.7355,-5.2590,0.5156,-3.1214
799.50,-4.8502,0.6260,3.1314,0.8252,-6.1011,-1.7393,-5.3968,0.5110,-3.1264
800.00,-4.9802,0.6304,3.1191,0.8002,-6.2368,-1.7549,-5.5284,0.5079,3.1378
800.50,-5.1102,0.6270,-3.1031,0.7789,-6.3689,-1.6937,-5.6531,0.5051,-3.0842
801.00,-5.2400,0.6205,-3.0989,0.7638,-6.5020,-1.6855,-5.7865,0.4957,-3.0768
801.50,-5.3700,0.6188,-3.1119,0.7469,-6.6367,-1.7017,-5.9154,0.4883,-3.0940
802.00,-5.4999,0.6148,-3.1144,0.7306,-6.7644,-1.7016,-6.0430,0.4818,-3.0913
802.50,-5.6299,0.6163,-3.1375,0.7113,-6.8989,-1.7246,-6.1769,0.4777,-3.1151
803.00,-5.7599,0.6173,3.1401,0.6913,-7.0248,-1.7297,-6.3017,0.4770,-3.1220
803.50,-5.8899,0.6175,3.1388,0.6702,-7.1580,-1.7289,-6.4377,0.4765,-3.1221
804.00,-6.0199,0.6202,3.1278,0.6478,-7.2936,-1.7392,-6.5611,0.4760,-3.1347
804.50,-6.1499,0.6216,3.1306,0.6255,-7.4257,-1.7356,-6.6975,0.4758,-3.1314
805.00,-6.2799,0.6225,3.1342,0.6041,-7.5556,-1.7314,-6.8108,0.4767,-3.1289
805.50,-6.4098,0.6242,3.1302,0.5820,-7.6911,-1.7339,-6.9482,0.4752,-3.1315
806.00,-6.5398,0.6276,3.1211,0.5597,-7.8230,-1.7429,-7.0768,0.4744,3.1401
806.50,-6.6698,0.6296,3.1240,0.5380,-7.9495,-1.7391,-7.2029,0.4765,-3.1401
807.00,-6.7998,0.6318,3.1234,0.5158,-8.0827,-1.7381,-7.3393,0.4737,-3.1392
807.50,-6.9298,0.6345,3.1221,0.4931,-8.2161,-1.7384,-7.4733,0.4733,-3.1406
808.00,-7.0597,0.6376,3.1199,0.4705,-8.3486,-1.7397,-7.5976,0.4732,3.1401
808.50,-7.1897,0.6413,3.0886,0.4490,-8.4731,-1.7622,-7.7240,0.4733,3.1141
809.00,-7.3190,0.6531,2.9753,0.4177,-8.6001,-1.8717,-7.8606,0.4835,3.0046
809.50,-7.4441,0.6735,2.7633,0.3664,-8.7220,-2.0796,-7.9832,0.5134,2.7897
810.00,-7.5611,0.7182,2.6280,0.2948,-8.8304,-2.2196,-8.1012,0.5515,2.6519
810.50,-7.6690,0.7835,2.4666,0.2082,-8.9283,-2.3794,-8.2116,0.6076,2.4934
811.00,-7.7662,0.8698,2.3628,0.1091,-9.0128,-2.4853,-8.3108,0.6919,2.3840
811.50,-7.8553,0.9647,2.2966,-0.0002,-9.0905,-2.5541,-8.4045,0.7878,2.3188
812.00,-7.9165,1.0357,2.2638,-0.0851,-9.1451,-2.5865,-8.4623,0.8627,2.2828
812.50,-7.9360,1.0600,2.2305,-0.1151,-9.1631,-2.6193,-8.4947,0.8794,2.2501
813.00,-7.9351,1.0599,2.1962,-0.1143,-9.1628,-2.6529,-8.4943,0.8787,2.2164
813.50,-7.9337,1.0598,2.1610,-0.1120,-9.1616,-2.6872,-8.4928,0.8766,2.1822
814.00,-7.9319,1.0598,2.1249,-0.1097,-9.1606,-2.7222,-8.4914,0.8745,2.1472
814.50,-7.9296,1.0597,2.0878,-0.1077,-9.1597,-2.7585,-8.4903,0.8726,2.1109
815.00,-7.9268,1.0597,2.0497,-0.1047,-9.1586,-2.7954,-8.4887,0.8699,2.0739
815.50,-7.9235,1.0597,2.0106,-0.1011,-9.1574,-2.8332,-8.4869,0.8665,2.0362
816.00,-7.9198,1.0596,1.9703,-0.0971,-9.1562,-2.8725,-8.4851,0.8627,1.9969
816.50,-7.9156,1.0596,1.9290,-0.0923,-9.1550,-2.9125,-8.4832,0.8582,1.9569
817.00,-7.9109,1.0595,1.8864,-0.0871,-9.1539,-2.9541,-8.4812,0.8532,1.9152
817.50,-7.9057,1.0595,1.8426,-0.0820,-9.1530,-2.9971,-8.4796,0.8483,1.8722
818.00,-7.9000,1.0595,1.7975,-0.0764,-9.1523,-3.0411,-8.4780,0.8429,1.8282
818.50,-7.8938,1.0594,1.7508,-0.0706,-9.1518,-3.0870,-8.4766,0.8372,1.7823
819.00,-7.8872,1.0594,1.7027,-0.0645,-9.1516,-3.1341,-8.4755,0.8313,1.7352
819.50,-7.8801,1.0594,1.6528,-0.0570,-9.1517,3.1003,-8.4744,0.8238,1.6864
820.00,-7.8725,1.0594,1.6011,-0.0495,-9.1522,3.0499,-8.4738,0.8164,1.6361
820.50,-7.8645,1.0594,1.5476,-0.0473,-9.1524,2.9978,-8.4736,0.8141,1.5839
821.00,-7.8568,1.0594,1.4956,-0.0555,-9.1510,2.9470,-8.4735,0.8225,1.5332
821.50,-7.8496,1.0594,1.4455,-0.0624,-9.1495,2.8977,-8.4730,0.8296,1.4839
822.00,-7.8419,1.0662,1.3783,-0.0743,-9.1462,2.8360,-8.4716,0.8418,1.4221
822.50,-7.8253,1.1247,1.2270,-0.1265,-9.1245,2.6824,-8.4584,0.8968,1.2686
823.00,-7.7864,1.2346,1.1892,-0.2289,-9.0699,2.6363,-8.3423,1.0570,1.2015
823.50,-7.7434,1.3567,1.2787,-0.3459,-9.0097,2.7209,-8.3045,1.1809,1.2883
824.00,-7.7102,1.4720,1.2947,-0.4636,-8.9606,2.7477,-8.2656,1.2942,1.3200
824.50,-7.6880,1.5320,1.2517,-0.5289,-8.9321,2.7046,-8.2476,1.3632,1.2699
825.00,-7.6812,1.5395,1.2095,-0.5415,-8.9260,2.6631,-8.2433,1.3764,1.2283
825.50,-7.6770,1.5396,1.1682,-0.5443,-8.9245,2.6227,-8.2422,1.3794,1.1880
826.00,-7.6742,1.5396,1.1388,-0.5467,-8.9231,2.5898,-8.2411,1.3820,1.1550
826.50,-7.6773,1.5396,1.1773,-0.5437,-8.9249,2.6276,-8.2425,1.3788,1.1929
827.00,-7.6816,1.5395,1.2189,-0.5402,-8.9268,2.6704,-8.2439,1.3751,1.2356
827.50,-7.6864,1.5395,1.2616,-0.5368,-8.9285,2.7142,-8.2451,1.3714,1.2795
828.00,-7.6910,1.5435,1.3166,-0.5368,-8.9285,2.7656,-8.2451,1.3715,1.3309
828.50,-7.7005,1.5971,1.4870,-0.5859,-8.9142,2.9332,-8.2376,1.4220,1.4985
829.00,-7.7059,1.7116,1.5488,-0.6944,-8.8972,3.0104,-8.2620,1.5318,1.5735
829.50,-7.6977,1.8414,1.4625,-0.8235,-8.8756,2.9267,-8.2624,1.6626,1.4814
830.00,-7.6855,1.9706,1.4788,-0.9538,-8.8468,2.9377,-8.2499,1.7955,1.4924
830.50,-7.6815,2.1003,1.5192,-1.0819,-8.8230,2.9797,-8.2424,1.9256,1.5345
831.00,-7.6802,2.2302,1.5437,-1.2072,-8.8044,3.0059,-8.2496,2.0522,1.5606
831.50,-7.6730,2.3600,1.5160,-1.3388,-8.7848,2.9793,-8.2468,2.1852,1.5306
832.00,-7.6686,2.4899,1.5317,-1.4703,-8.7639,2.9940,-8.2421,2.3183,1.5453
832.50,-7.6667,2.6198,1.5459,-1.6037,-8.7453,3.0101,-8.2398,2.4529,1.5614
833.00,-7.6651,2.7498,1.5535,-1.7369,-8.7283,3.0195,-8.2392,2.5773,1.5708
833.50,-7.6629,2.8798,1.5540,-1.8708,-8.7119,3.0201,-8.2394,2.7022,1.5679
834.00,-7.6616,3.0098,1.5583,-2.0017,-8.6962,3.0250,-8.2393,2.8340,1.5727
834.50,-7.6596,3.1397,1.5558,-2.1311,-8.6810,3.0231,-8.2395,2.9643,1.5709
835.00,-7.6580,3.2697,1.5576,-2.2644,-8.6653,3.0257,-8.2397,3.0984,1.5735
835.50,-7.6556,3.3997,1.5545,-2.3874,-8.6507,3.0228,-8.2398,3.2124,1.5705
836.00,-7.6543,3.5297,1.5589,-2.5199,-8.6352,3.0275,-8.2400,3.3557,1.5753
836.50,-7.6518,3.6597,1.5543,-2.6521,-8.6199,3.0252,-8.2408,3.4888,1.5708
837.00,-7.6513,3.7897,1.5623,-2.7895,-8.6043,3.0336,-8.2411,3.6171,1.5779
837.50,-7.6488,3.9197,1.5555,-2.9230,-8.5896,3.0286,-8.2420,3.7514,1.5694
838.00,-7.6493,4.0497,1.5677,-3.0564,-8.5752,3.0404,-8.2423,3.8756,1.5846
838.50,-7.6478,4.1797,1.5574,-3.1908,-8.5616,3.0322,-8.2442,4.0106,1.5730
839.00,-7.6485,4.3096,1.5723,-3.3250,-8.5472,3.0442,-8.2446,4.1356,1.5837
839.50,-7.6492,4.4396,1.5658,-3.4582,-8.5348,3.0415,-8.2470,4.2694,1.5823
840.00,-7.6511,4.5696,1.5865,-3.5841,-8.5227,3.0579,-8.2491,4.3959,1.5952
840.50,-7.6567,4.6996,1.5968,-3.7147,-8.5136,3.0724,-8.2540,4.5267,1.6132
841.00,-7.6628,4.8295,1.6312,-3.8474,-8.5057,3.1052,-8.2611,4.6533,1.6425
841.50,-7.6739,4.9591,1.6368,-3.9764,-8.5037,3.1238,-8.2831,4.7879,1.6611
842.00,-7.6817,5.0889,1.6563,-4.0985,-8.5004,3.1326,-8.2836,4.9095,1.6594
842.50,-7.6983,5.2174,1.7813,-4.2268,-8.5071,-3.0212,-8.3125,5.0365,1.7923
843.00,-7.7241,5.3435,1.8627,-4.3574,-8.5274,-2.9430,-8.3362,5.1744,1.8671
843.50,-7.7618,5.4662,1.9283,-4.4875,-8.5602,-2.8675,-8.3715,5.3007,1.9425
844.00,-7.8119,5.5869,1.9840,-4.6169,-8.5992,-2.8163,-8.4230,5.4194,1.9903
844.50,-7.8711,5.7034,2.0885,-4.7440,-8.6488,-2.7131,-8.4843,5.5375,2.0935
845.00,-7.9394,5.8126,2.1999,-4.8567,-8.7081,-2.5994,-8.5537,5.6442,2.2106
845.50,-8.0189,5.9142,2.2885,-4.9632,-8.7789,-2.5088,-8.6246,5.7434,2.2977
846.00,-8.1084,6.0079,2.3705,-5.0681,-8.8632,-2.4220,-8.7284,5.8399,2.3832
846.50,-8.1890,6.0840,2.4054,-5.1492,-8.9372,-2.3840,-8.8000,5.9133,2.4156
847.00,-8.2264,6.1171,2.4380,-5.1913,-8.9782,-2.3510,-8.8446,5.9517,2.4485
847.50,-8.2284,6.1186,2.4711,-5.1940,-8.9809,-2.3171,-8.8475,5.9542,2.4825
848.00,-8.2284,6.1178,2.5051,-5.1933,-8.9801,-2.2822,-8.8466,5.9536,2.5173
848.50,-8.2283,6.1165,2.5401,-5.1926,-8.9791,-2.2463,-8.8456,5.9529,2.5533
849.00,-8.2283,6.1148,2.5759,-5.1915,-8.9777,-2.2097,-8.8440,5.9519,2.5898
849.50,-8.2282,6.1127,2.6127,-5.1897,-8.9751,-2.1719,-8.8413,5.9504,2.6277
850.00,-8.2282,6.1100,2.6504,-5.1881,-8.9726,-2.1334,-8.8387,5.9490,2.6662
850.50,-8.2281,6.1069,2.6892,-5.1871,-8.9710,-2.0934,-8.8370,5.9481,2.7062
851.00,-8.2281,6.1033,2.7291,-5.1853,-8.9678,-2.0526,-8.8337,5.9467,2.7470
851.50,-8.2280,6.0993,2.7701,-5.1833,-8.9637,-2.0106,-8.8294,5.9450,2.7889
852.00,-8.2280,6.0947,2.8123,-5.1808,-8.9581,-1.9671,-8.8236,5.9430,2.8325
852.50,-8.2280,6.0897,2.8557,-5.1791,-8.9537,-1.9228,-8.8191,5.9417,2.8767
853.00,-8.2279,6.0842,2.9004,-5.1774,-8.9488,-1.8766,-8.8141,5.9404,2.9229
853.50,-8.2279,6.0782,2.9465,-5.1756,-8.9427,-1.8296,-8.8078,5.9392,2.9700
854.00,-8.2279,6.0717,2.9942,-5.1739,-8.9355,-1.7811,-8.8005,5.9381,3.0184
854.50,-8.2279,6.0647,3.0435,-5.1728,-8.9297,-1.7310,-8.7946,5.9375,3.0685
855.00,-8.2279,6.0572,3.0946,-5.1717,-8.9217,-1.6785,-8.7866,5.9371,3.1210
855.50,-8.2279,6.0493,-3.1355,-5.1710,-8.9123,-1.6249,-8.7771,5.9372,-3.1086
856.00,-8.2279,6.0415,-3.0828,-5.1712,-8.9216,-1.5708,-8.7864,5.9366,-3.0544
856.50,-8.2279,6.0341,-3.0321,-5.1710,-8.9280,-1.5187,-8.7928,5.9359,-3.0024
857.00,-8.2279,6.0273,-2.9832,-5.1705,-8.9357,-1.4692,-8.8004,5.9347,-2.9528
857.50,-8.2279,6.0209,-2.9359,-5.1694,-8.9441,-1.4209,-8.8087,5.9329,-2.9045
858.00,-8.2280,6.0150,-2.8900,-5.1684,-8.9501,-1.3745,-8.8146,5.9313,-2.8581
858.50,-8.2280,6.0096,-2.8456,-5.1674,-8.9546,-1.3289,-8.8190,5.9299,-2.8125
859.00,-8.2280,6.0046,-2.8025,-5.1661,-8.9593,-1.2853,-8.8236,5.9282,-2.7689
859.50,-8.2281,6.0002,-2.7606,-5.1647,-8.9638,-1.2428,-8.8279,5.9265,-2.7265
860.00,-8.2281,5.9962,-2.7199,-5.1629,-8.9687,-1.2014,-8.8326,5.9243,-2.6850
860.50,-8.2281,5.9928,-2.6803,-5.1614,-8.9725,-1.1609,-8.8362,5.9224,-2.6446
861.00,-8.2282,5.9898,-2.6419,-5.1600,-8.9755,-1.1209,-8.8391,5.9208,-2.6046
861.50,-8.2282,5.9879,-2.6137,-5.1587,-8.9781,-1.0917,-8.8416,5.9192,-2.5753
862.00,-8.2283,5.9862,-2.5859,-5.1581,-8.9792,-1.0634,-8.8426,5.9186,-2.5470
862.50,-8.2283,5.9848,-2.5588,-5.1574,-8.9805,-1.0351,-8.8439,5.9177,-2.5187
863.00,-8.2283,5.9836,-2.5322,-5.1565,-8.9819,-1.0076,-8.8452,5.9167,-2.4912
863.50,-8.2284,5.9827,-2.5060,-5.1559,-8.9829,-0.9805,-8.8461,5.9160,-2.4641
864.00,-8.2284,5.9821,-2.4804,-5.1556,-8.9833,-0.9544,-8.8465,5.9157,-2.4380
864.50,-8.2285,5.9816,-2.4535,-5.1553,-8.9837,-0.9270,-8.8469,5.9153,-2.4106
865.00,-8.2285,5.9815,-2.4208,-5.1550,-8.9841,-0.8933,-8.8472,5.9150,-2.3769
865.50,-8.2283,5.9816,-2.3880,-5.1552,-8.9839,-0.8598,-8.8470,5.9152,-2.3435
866.00,-8.2282,5.9816,-2.3540,-5.1551,-8.9839,-0.8250,-8.8471,5.9152,-2.3087
866.50,-8.2282,5.9820,-2.3202,-5.1552,-8.9838,-0.7904,-8.8470,5.9153,-2.2740
867.00,-8.2283,5.9822,-2.2920,-5.1555,-8.9835,-0.7591,-8.8467,5.9156,-2.2427
867.50,-8.2283,5.9822,-2.2920,-5.1555,-8.9835,-0.7584,-8.8467,5.9156,-2.2420
868.00,-8.2283,5.9822,-2.2920,-5.1555,-8.9835,-0.7577,-8.8467,5.9156,-2.2413
868.50,-8.2283,5.9822,-2.2920,-5.1555,-8.9835,-0.7564,-8.8467,5.9156,-2.2401
869.00,-8.2283,5.9822,-2.2920,-5.1555,-8.9835,-0.7554,-8.8467,5.9156,-2.2390
869.50,-8.2283,5.9822,-2.2920,-5.1555,-8.9835,-0.7550,-8.8467,5.9156,-2.2386
870.00,-8.2283,5.9822,-2.2920,-5.1555,-8.9835,-0.7541,-8.8467,5.9156,-2.2377
870.50,-8.2283,5.9822,-2.3031,-5.1555,-8.9835,-0.7621,-8.8467,5.9156,-2.2457
871.00,-8.2282,5.9817,-2.3363,-5.1551,-8.9840,-0.7944,-8.8471,5.9151,-2.2780
871.50,-8.2282,5.9816,-2.3705,-5.1550,-8.9841,-0.8275,-8.8472,5.9150,-2.3111
872.00,-8.2285,5.9815,-2.4039,-5.1548,-8.9843,-0.8608,-8.8474,5.9148,-2.3444
872.50,-8.2285,5.9815,-2.4365,-5.1548,-8.9842,-0.8917,-8.8474,5.9149,-2.3753
873.00,-8.2284,5.9818,-2.4677,-5.1549,-8.9842,-0.9225,-8.8473,5.9149,-2.4061
873.50,-8.2284,5.9824,-2.4930,-5.1550,-8.9841,-0.9472,-8.8472,5.9150,-2.4309
874.00,-8.2284,5.9831,-2.5189,-5.1555,-8.9833,-0.9723,-8.8465,5.9156,-2.4559
874.50,-8.2283,5.9842,-2.5453,-5.1563,-8.9821,-0.9983,-8.8454,5.9165,-2.4819
875.00,-8.2283,5.9854,-2.5722,-5.1573,-8.9805,-1.0249,-8.8439,5.9176,-2.5085
875.50,-8.2282,5.9870,-2.5996,-5.1579,-8.9794,-1.0515,-8.8429,5.9184,-2.5351
876.00,-8.2282,5.9888,-2.6276,-5.1589,-8.9776,-1.0780,-8.8411,5.9195,-2.5616
876.50,-8.2282,5.9909,-2.6574,-5.1598,-8.9760,-1.1055,-8.8396,5.9205,-2.5892
877.00,-8.2281,5.9941,-2.6964,-5.1614,-8.9727,-1.1435,-8.8365,5.9224,-2.6271
877.50,-8.2281,5.9978,-2.7365,-5.1629,-8.9691,-1.1830,-8.8330,5.9242,-2.6666
878.00,-8.2280,6.0019,-2.7777,-5.1647,-8.9645,-1.2232,-8.8286,5.9264,-2.7068
878.50,-8.2280,6.0066,-2.8201,-5.1660,-8.9606,-1.2646,-8.8248,5.9281,-2.7482
879.00,-8.2280,6.0117,-2.8637,-5.1679,-8.9542,-1.3071,-8.8186,5.9305,-2.7907
879.50,-8.2279,6.0173,-2.9087,-5.1692,-8.9489,-1.3513,-8.8134,5.9322,-2.8349
880.00,-8.2569,6.0252,-3.0395,-5.1651,-8.9749,-1.4697,-8.8390,5.9259,-2.9533
880.50,-8.3492,6.0416,3.0965,-5.1649,-9.0701,-1.6298,-8.9564,5.8830,3.1308
881.00,-8.4785,6.0550,3.0116,-5.1767,-9.2014,-1.7108,-9.0947,5.8771,3.0259
881.50,-8.6072,6.0733,3.0157,-5.1977,-9.3313,-1.7200,-9.2151,5.9049,3.0167
882.00,-8.7367,6.0839,-3.0695,-5.2078,-9.4649,-1.5349,-9.3488,5.9121,-3.0757
882.50,-8.8643,6.0818,-2.8664,-5.1875,-9.6001,-1.3239,-9.4832,5.8983,-2.8564
883.00,-8.9869,6.0504,-2.7656,-5.1471,-9.7245,-1.2117,-9.6022,5.8730,-2.7511
883.50,-9.1085,6.0056,-2.8104,-5.1015,-9.8492,-1.2497,-9.7191,5.8331,-2.7948
884.00,-9.2322,5.9687,-2.8500,-5.0628,-9.9737,-1.2913,-9.8427,5.7915,-2.8391
884.50,-9.3563,5.9285,-2.8090,-5.0248,-10.1021,-1.2569,-9.9701,5.7603,-2.8069
885.00,-9.4773,5.8796,-2.7454,-4.9787,-10.2251,-1.1841,-10.0921,5.7119,-2.7306
885.50,-9.5982,5.8339,-2.7892,-4.9301,-10.3513,-1.2277,-10.2170,5.6598,-2.7846
886.00,-9.7199,5.7875,-2.7716,-4.8860,-10.4731,-1.2139,-10.3282,5.6140,-2.7709
886.50,-9.8399,5.7338,-2.7080,-4.8363,-10.5972,-1.1523,-10.4514,5.5624,-2.7058
887.00,-9.9551,5.6710,-2.6195,-4.7789,-10.7113,-1.0587,-10.5646,5.5031,-2.6135
887.50,-10.0665,5.6024,-2.5631,-4.7079,-10.8322,-1.0054,-10.6840,5.4295,-2.5693
888.00,-10.1652,5.5270,-2.3922,-4.6373,-10.9282,-0.8404,-10.7695,5.3584,-2.4008
888.50,-10.2437,5.4392,-2.1774,-4.5512,-11.0060,-0.6262,-10.8464,5.2716,-2.1831
889.00,-10.3121,5.3387,-1.9374,-4.4501,-11.0634,-0.3833,-10.9123,5.1696,-1.9437
889.50,-10.3718,5.2392,-1.6440,-4.3292,-11.0957,-0.0943,-10.9594,5.0581,-1.6595
890.00,-10.4064,5.1290,-1.3311,-4.2109,-11.0872,0.2259,-10.9840,4.9600,-1.3380
890.50,-10.3825,5.0061,-1.1770,-4.0869,-11.0461,0.3939,-10.9878,4.8463,-1.1757
891.00,-10.3332,4.8867,-1.1713,-3.9661,-10.9937,0.4092,-10.9487,4.7157,-1.1652
891.50,-10.2951,4.7941,-1.1853,-3.8705,-10.9535,0.3911,-10.9087,4.6300,-1.1868
892.00,-10.2810,4.7594,-1.1853,-3.8341,-10.9384,0.3916,-10.8943,4.5933,-1.1827
892.50,-10.2809,4.7592,-1.1853,-3.8333,-10.9381,0.3924,-10.8941,4.5926,-1.1819
893.00,-10.2809,4.7592,-1.1853,-3.8333,-10.9382,0.3932,-10.8941,4.5926,-1.1812
893.50,-10.2809,4.7592,-1.1853,-3.8333,-10.9382,0.3944,-10.8941,4.5926,-1.1799
894.00,-10.2771,4.7591,-1.1134,-3.8304,-10.9368,0.4555,-10.8928,4.5896,-1.1188
894.50,-10.2678,4.7589,-0.9381,-3.8241,-10.9331,0.6291,-10.8890,4.5834,-0.9452
895.00,-10.2666,4.7591,-0.7709,-3.8228,-10.9320,0.7970,-10.8774,4.5924,-0.7809
895.50,-10.2673,4.7608,-0.6124,-3.8241,-10.9336,0.9588,-10.8790,4.5937,-0.6191
896.00,-10.2674,4.7640,-0.5475,-3.8259,-10.9366,1.0349,-10.8819,4.5956,-0.5430
896.50,-10.2674,4.7640,-0.5475,-3.8259,-10.9365,1.0354,-10.8819,4.5955,-0.5425
897.00,-10.2675,4.7641,-0.5475,-3.8259,-10.9365,1.0357,-10.8819,4.5955,-0.5421
897.50,-10.2933,4.7798,-0.5475,-3.8417,-10.9630,1.0362,-10.9083,4.6115,-0.5416
898.00,-10.3275,4.8006,-0.5475,-3.8624,-10.9980,1.0372,-10.9423,4.6338,-0.5477
898.50,-10.3616,4.8214,-0.5475,-3.8829,-11.0327,1.0376,-10.9767,4.6548,-0.5472
899.00,-10.3958,4.8423,-0.5475,-3.9034,-11.0675,1.0390,-11.0112,4.6758,-0.5458
899.50,-10.4300,4.8631,-0.5475,-3.9243,-11.1032,1.0398,-11.0466,4.6972,-0.5450
900.00,-10.4641,4.8839,-0.5475,-3.9447,-11.1379,1.0407,-11.0810,4.7081,-0.5442
900.50,-10.4922,4.9010,-0.5475,-3.9616,-11.1668,1.0411,-11.1097,4.7254,-0.5437
901.00,-10.4929,4.9014,-0.5475,-3.9626,-11.1685,1.0420,-11.1114,4.7264,-0.5429
901.50,-10.4929,4.9014,-0.5475,-3.9626,-11.1685,1.0424,-11.1114,4.7264,-0.5425
902.00,-10.4929,4.9014,-0.5475,-3.9626,-11.1685,1.0432,-11.1114,4.7264,-0.5416
902.50,-10.4929,4.9014,-0.5475,-3.9626,-11.1685,1.0436,-11.1114,4.7264,-0.5412
903.00,-10.4929,4.9014,-0.5472,-3.9626,-11.1685,1.0444,-11.1114,4.7264,-0.5404
903.50,-10.4930,4.9049,-0.4652,-3.9641,-11.1713,1.1161,-11.1141,4.7280,-0.4687
904.00,-10.4932,4.9167,-0.2617,-3.9686,-11.1832,1.3157,-11.1260,4.7326,-0.2692
904.50,-10.4933,4.9371,-0.0186,-3.9714,-11.2044,1.5568,-11.1271,4.7457,-0.0280
905.00,-10.4932,4.9585,0.1495,-3.9731,-11.1898,1.7378,-11.1125,4.7472,0.1530
905.50,-10.4932,4.9586,0.1390,-3.9734,-11.1889,1.7365,-11.1116,4.7475,0.1516
906.00,-10.4933,4.9516,0.0894,-3.9722,-11.1974,1.6881,-11.1201,4.7464,0.1032
906.50,-10.4933,4.9441,0.0379,-3.9715,-11.2051,1.6373,-11.1278,4.7458,0.0525
907.00,-10.4933,4.9361,-0.0154,-3.9712,-11.2085,1.5843,-11.1312,4.7456,-0.0006
907.50,-10.4933,4.9284,-0.0677,-3.9711,-11.1993,1.5322,-11.1221,4.7454,-0.0527
908.00,-10.4932,4.9211,-0.1181,-3.9706,-11.1902,1.4823,-11.1130,4.7447,-0.1026
908.50,-10.4932,4.9143,-0.1667,-3.9698,-11.1838,1.4342,-11.1065,4.7439,-0.1507
909.00,-10.4932,4.9080,-0.2138,-3.9686,-11.1762,1.3882,-11.0990,4.7425,-0.1967
909.50,-10.4932,4.9022,-0.2593,-3.9677,-11.1716,1.3429,-11.0944,4.7416,-0.2420
910.00,-10.4931,4.8969,-0.3035,-3.9667,-11.1678,1.2994,-11.0906,4.7405,-0.2855
910.50,-10.4931,4.8920,-0.3464,-3.9656,-11.1641,1.2570,-11.0869,4.7394,-0.3278
911.00,-10.4931,4.8877,-0.3881,-3.9645,-11.1609,1.2162,-11.0837,4.7382,-0.3686
911.50,-10.4930,4.8838,-0.4286,-3.9632,-11.1577,1.1763,-11.0805,4.7369,-0.4085
912.00,-10.4930,4.8804,-0.4681,-3.9618,-11.1544,1.1368,-11.0773,4.7354,-0.4480
912.50,-10.4929,4.8775,-0.5064,-3.9600,-11.1507,1.0990,-11.0736,4.7336,-0.4859
913.00,-10.4929,4.8751,-0.5438,-3.9588,-11.1485,1.0622,-11.0714,4.7324,-0.5226
913.50,-10.4928,4.8731,-0.5802,-3.9578,-11.1466,1.0262,-11.0696,4.7313,-0.5587
914.00,-10.4928,4.8716,-0.6157,-3.9568,-11.1450,0.9916,-11.0680,4.7302,-0.5932
914.50,-10.4927,4.8705,-0.6502,-3.9562,-11.1443,0.9577,-11.0672,4.7297,-0.6272
915.00,-10.4927,4.8699,-0.6839,-3.9556,-11.1435,0.9244,-11.0664,4.7291,-0.6604
915.50,-10.4926,4.8697,-0.7167,-3.9554,-11.1432,0.8919,-11.0662,4.7289,-0.6930
916.00,-10.4924,4.8697,-0.7494,-3.9553,-11.1430,0.8600,-11.0660,4.7287,-0.7248
916.50,-10.4920,4.8698,-0.7832,-3.9549,-11.1426,0.8268,-11.0656,4.7284,-0.7580
917.00,-10.4920,4.8696,-0.8172,-3.9548,-11.1425,0.7934,-11.0655,4.7283,-0.7914
917.50,-10.4919,4.8694,-0.8500,-3.9545,-11.1421,0.7615,-11.0651,4.7279,-0.8233
918.00,-10.4920,4.8695,-0.8827,-3.9546,-11.1423,0.7295,-11.0653,4.7281,-0.8553
918.50,-10.4926,4.8696,-0.9162,-3.9554,-11.1429,0.6963,-11.0659,4.7288,-0.8885
919.00,-10.4936,4.8696,-0.9507,-3.9560,-11.1434,0.6628,-11.0664,4.7294,-0.9221
919.50,-10.4951,4.8697,-0.9860,-3.9574,-11.1445,0.6284,-11.0674,4.7309,-0.9564
920.00,-10.4969,4.8696,-1.0225,-3.9586,-11.1453,0.5929,-11.0683,4.7321,-0.9920
920.50,-10.4871,4.8380,-1.1430,-3.9336,-11.1303,0.4837,-11.0536,4.7069,-1.1012
921.00,-10.4780,4.7547,-1.3611,-3.8566,-11.1007,0.2630,-11.0724,4.6014,-1.3532
921.50,-10.4758,4.7082,-1.4408,-3.8044,-11.0898,0.1710,-11.0838,4.5390,-1.4487
922.00,-10.4695,4.6925,-1.3596,-3.7868,-11.0860,0.2455,-11.0821,4.5211,-1.3672
922.50,-10.4522,4.6230,-1.1740,-3.7201,-11.0615,0.4368,-11.0604,4.4534,-1.1759
923.00,-10.4056,4.5103,-1.0910,-3.6157,-11.0058,0.5259,-11.0191,4.3468,-1.0868
923.50,-10.3440,4.3977,-1.0010,-3.5072,-10.9366,0.6160,-10.9546,4.2354,-1.0016
924.00,-10.2730,4.2898,-0.9763,-3.3989,-10.8558,0.6503,-10.8885,4.1237,-0.9729
924.50,-10.2001,4.1820,-0.9716,-3.2994,-10.7805,0.6513,-10.8183,4.0206,-0.9754
925.00,-10.1256,4.0752,-0.9631,-3.1925,-10.6977,0.6619,-10.7416,3.9092,-0.9648
925.50,-10.0510,3.9685,-0.9560,-3.0825,-10.6120,0.6667,-10.6623,3.7944,-0.9565
926.00,-9.9745,3.8631,-0.9420,-2.9763,-10.5266,0.6831,-10.5924,3.6941,-0.9436
926.50,-9.8982,3.7579,-0.9448,-2.8765,-10.4453,0.6810,-10.5170,3.5961,-0.9439
927.00,-9.8210,3.6530,-0.9315,-2.7737,-10.3610,0.6959,-10.4425,3.4882,-0.9343
927.50,-9.7430,3.5489,-0.9281,-2.6782,-10.2806,0.7004,-10.3645,3.3876,-0.9289
928.00,-9.6645,3.4451,-0.9231,-2.5794,-10.1966,0.7084,-10.2863,3.2842,-0.9245
928.50,-9.5896,3.3394,-0.9843,-2.4778,-10.1139,0.6490,-10.2100,3.1777,-0.9838
929.00,-9.5187,3.2306,-0.9895,-2.3731,-10.0357,0.6422,-10.1385,3.0683,-0.9942
929.50,-9.4453,3.1226,-0.9648,-2.2634,-9.9523,0.6653,-10.0684,2.9597,-0.9731
930.00,-9.3677,3.0173,-0.9248,-2.1644,-9.8712,0.7077,-9.9881,2.8592,-0.9286
930.50,-9.2902,2.9131,-0.9336,-2.0624,-9.7846,0.6988,-9.9086,2.7416,-0.9340
931.00,-9.2112,2.8095,-0.9096,-1.9615,-9.6981,0.7208,-9.8387,2.6454,-0.9155
931.50,-9.1322,2.7063,-0.9453,-1.8594,-9.6088,0.6949,-9.7562,2.5377,-0.9414
932.00,-9.0583,2.5996,-0.9642,-1.7648,-9.5334,0.6684,-9.6870,2.4385,-0.9714
932.50,-8.9803,2.4950,-0.9003,-1.6637,-9.4489,0.7321,-9.6062,2.3279,-0.9042
933.00,-8.8973,2.3946,-0.8731,-1.5663,-9.3578,0.7649,-9.5215,2.2286,-0.8736
933.50,-8.8153,2.2940,-0.8983,-1.4732,-9.2702,0.7412,-9.4440,2.1300,-0.9021
934.00,-8.7339,2.1925,-0.8933,-1.3752,-9.1804,0.7453,-9.3613,2.0259,-0.9015
934.50,-8.6545,2.0898,-0.9424,-1.2769,-9.0923,0.6994,-9.2810,1.9211,-0.9439
935.00,-8.5798,1.9837,-0.9536,-1.1714,-9.0060,0.6851,-9.2024,1.8097,-0.9617
935.50,-8.5014,1.8794,-0.8996,-1.0702,-8.9197,0.7383,-9.1244,1.7121,-0.9063
936.00,-8.4191,1.7786,-0.8821,-0.9759,-8.8315,0.7594,-9.0430,1.6118,-0.8874
936.50,-8.3379,1.6774,-0.9109,-0.8828,-8.7443,0.7345,-8.9632,1.5123,-0.9136
937.00,-8.2600,1.5737,-0.9300,-0.7823,-8.6561,0.7130,-8.8828,1.4017,-0.9373
937.50,-8.1842,1.4686,-0.9679,-0.6790,-8.5684,0.6801,-8.8037,1.2955,-0.9667
938.00,-8.1128,1.3604,-0.9849,-0.5730,-8.4858,0.6602,-8.7294,1.1836,-0.9901
938.50,-8.0424,1.2514,-1.0016,-0.4695,-8.4068,0.6416,-8.6686,1.0742,-1.0122
939.00,-7.9701,1.1426,-0.9761,-0.3619,-8.3251,0.6650,-8.5962,0.9602,-0.9852
939.50,-7.8939,1.0362,-0.9397,-0.2555,-8.2385,0.7023,-8.5184,0.8572,-0.9480
940.00,-7.8165,0.9317,-0.9357,-0.1531,-8.1503,0.7116,-8.4384,0.7483,-0.9422
940.50,-7.7385,0.8275,-0.9082,-0.0524,-8.0630,0.7343,-8.3757,0.6471,-0.9194
941.00,-7.6558,0.7268,-0.8730,0.0417,-7.9737,0.7745,-8.2945,0.5496,-0.8792
941.50,-7.5711,0.6281,-0.8410,0.1367,-7.8790,0.8048,-8.2116,0.4473,-0.8525
942.00,-7.4821,0.5338,-0.7923,0.2258,-7.7818,0.8562,-8.1227,0.3499,-0.7975
942.50,-7.3914,0.4404,-0.8214,0.3117,-7.6829,0.8334,-8.0213,0.2560,-0.8204
943.00,-7.3043,0.3437,-0.8412,0.4034,-7.5856,0.8080,-7.9419,0.1567,-0.8493
943.50,-7.2163,0.2485,-0.8001,0.4925,-7.4898,0.8468,-7.8742,0.0696,-0.8105
944.00,-7.1243,0.1567,-0.7766,0.5777,-7.3896,0.8742,-7.7818,-0.0239,-0.7795
944.50,-7.0323,0.0647,-0.8127,0.6602,-7.2922,0.8464,-7.6714,-0.1203,-0.8109
945.00,-6.9468,-0.0334,-0.8801,0.7479,-7.2006,0.7775,-7.5778,-0.2194,-0.8798
945.50,-6.8646,-0.1340,-0.8742,0.8413,-7.1101,0.7775,-7.5156,-0.3101,-0.8867
946.00,-6.7788,-0.2317,-0.8297,0.9334,-7.0149,0.8237,-7.4194,-0.4207,-0.8370
946.50,-6.6893,-0.3256,-0.7877,1.0208,-6.9171,0.8668,-7.3236,-0.5085,-0.7940
947.00,-6.5979,-0.4181,-0.8052,1.1073,-6.8151,0.8539,-7.2360,-0.6118,-0.8069
947.50,-6.5085,-0.5128,-0.8346,1.1947,-6.7164,0.8284,-7.1417,-0.7039,-0.8372
948.00,-6.4245,-0.6089,-0.8631,1.2862,-6.6202,0.8001,-6.7420,-0.8028,-0.8276
948.50,-6.3727,-0.6714,-0.8961,1.3490,-6.5573,0.7680,-6.6892,-0.8641,-0.8603
949.00,-6.3605,-0.6872,-0.9299,1.3665,-6.5408,0.7349,-6.6758,-0.8822,-0.8951
949.50,-6.3617,-0.6871,-0.9647,1.3655,-6.5416,0.7012,-6.6765,-0.8812,-0.9289
950.00,-6.3634,-0.6871,-1.0004,1.3641,-6.5427,0.6656,-6.6776,-0.8797,-0.9644
950.50,-6.3655,-0.6870,-1.0370,1.3625,-6.5439,0.6298,-6.6787,-0.8780,-1.0002
951.00,-6.3680,-0.6870,-1.0747,1.3606,-6.5452,0.5925,-6.6798,-0.8761,-1.0376
951.50,-6.3642,-0.7083,-1.1698,1.3736,-6.5373,0.5068,-6.6727,-0.8895,-1.1232
952.00,-6.3595,-0.7903,-1.3639,1.4495,-6.5053,0.3113,-6.6512,-0.9770,-1.3234
952.50,-6.3463,-0.9173,-1.4198,1.5840,-6.4690,0.2423,-6.6459,-1.1102,-1.3935
953.00,-6.3213,-1.0424,-1.3020,1.7105,-6.4325,0.3503,-6.6251,-1.2329,-1.2809
953.50,-6.2859,-1.1650,-1.2014,1.8287,-6.3799,0.4643,-6.5789,-1.3539,-1.1652
954.00,-6.2498,-1.2537,-1.2592,1.9142,-6.3378,0.4171,-6.5578,-1.4419,-1.2124
954.50,-6.2230,-1.3241,-1.5013,1.9925,-6.3116,0.1892,-6.5312,-1.5213,-1.4473
955.00,-6.2065,-1.4337,-1.8095,2.0978,-6.3097,-0.1229,-6.5220,-1.6208,-1.7646
955.50,-6.2275,-1.5560,-2.0081,2.2290,-6.3398,-0.3283,-6.5344,-1.7464,-1.9700
956.00,-6.2809,-1.6705,-2.1141,2.3425,-6.3858,-0.4402,-6.5679,-1.8525,-2.0785
956.50,-6.3493,-1.7797,-2.1704,2.4623,-6.4471,-0.5011,-6.6316,-1.9679,-2.1382
957.00,-6.4218,-1.8873,-2.1508,2.5778,-6.5101,-0.4841,-6.6927,-2.0789,-2.1188
957.50,-6.4931,-1.9961,-2.1532,2.6974,-6.5729,-0.4840,-6.7664,-2.1941,-2.1175
958.00,-6.5617,-2.1060,-2.0865,2.8106,-6.6300,-0.4264,-6.8271,-2.2965,-2.0622
958.50,-6.6215,-2.2217,-2.0219,2.9317,-6.6783,-0.3499,-6.8838,-2.4191,-1.9806
959.00,-6.6822,-2.3372,-2.0990,3.0610,-6.7286,-0.4164,-6.9352,-2.5454,-2.0551
959.50,-6.7527,-2.4446,-2.2252,3.1771,-6.7901,-0.5481,-7.0082,-2.6472,-2.1915
960.00,-6.8326,-2.5469,-2.2252,3.2942,-6.8639,-0.5570,-7.0873,-2.7584,-2.1974
960.50,-6.9075,-2.6538,-2.1118,3.4056,-6.9262,-0.4448,-7.1506,-2.8585,-2.0824
961.00,-6.9727,-2.7677,-2.0531,3.5292,-6.9790,-0.3781,-7.2105,-2.9781,-2.0145
961.50,-7.0373,-2.8816,-2.1049,3.6508,-7.0298,-0.4241,-7.2759,-3.0961,-2.0640
962.00,-7.1103,-2.9912,-2.1727,3.7714,-7.0891,-0.4911,-7.3494,-3.2125,-2.1369
962.50,-7.1870,-3.0970,-2.2058,3.8914,-7.1560,-0.5228,-7.4180,-3.3212,-2.1709
963.00,-7.2655,-3.2008,-2.2093,4.0090,-7.2257,-0.5324,-7.4966,-3.4231,-2.1805
963.50,-7.3413,-3.3061,-2.1956,4.1238,-7.2912,-0.5132,-7.5656,-3.5278,-2.1561
964.00,-7.4188,-3.4110,-2.2132,4.2431,-7.3596,-0.5295,-7.6423,-3.6390,-2.1775
964.50,-7.4975,-3.5146,-2.2229,4.3575,-7.4275,-0.5392,-7.7132,-3.7408,-2.1907
965.00,-7.5768,-3.6176,-2.2167,4.4676,-7.4942,-0.5361,-7.7925,-3.8455,-2.1894
965.50,-7.6537,-3.7222,-2.2068,4.5820,-7.5602,-0.5200,-7.8680,-3.9539,-2.1699
966.00,-7.7330,-3.8254,-2.2586,4.7047,-7.6330,-0.5656,-7.9398,-4.0607,-2.2225
966.50,-7.8190,-3.9231,-2.3155,4.8145,-7.7087,-0.6274,-8.0247,-4.1636,-2.2842
967.00,-7.9081,-4.0179,-2.3250,4.9192,-7.7863,-0.6392,-8.1110,-4.2613,-2.2960
967.50,-7.9936,-4.1156,-2.2252,5.0284,-7.8615,-0.5484,-8.1954,-4.3634,-2.2039
968.00,-8.0702,-4.2251,-2.0398,5.1491,-7.9210,-0.3607,-8.2652,-4.4786,-2.0153
968.50,-8.1326,-4.3444,-1.9266,5.2813,-7.9609,-0.2389,-8.3221,-4.5970,-1.8922
969.00,-8.1804,-4.4677,-1.8506,5.4084,-7.9868,-0.1590,-8.3715,-4.7118,-1.8227
969.50,-8.2169,-4.5942,-1.7703,5.5457,-8.0018,-0.0699,-8.3994,-4.8570,-1.7337
970.00,-8.2453,-4.7213,-1.7913,5.6720,-8.0120,-0.0898,-8.4311,-4.9720,-1.7605
970.50,-8.2777,-4.8477,-1.8258,5.8006,-8.0249,-0.1196,-8.4567,-5.0986,-1.7904
971.00,-8.3134,-4.9709,-1.8410,5.9293,-8.0420,-0.1377,-8.4867,-5.2349,-1.8084
971.50,-8.3387,-5.0493,-1.8740,6.0146,-8.0544,-0.1661,-8.5078,-5.3085,-1.8369
972.00,-8.3492,-5.0686,-1.9165,6.0386,-8.0588,-0.2086,-8.5235,-5.3322,-1.8863
972.50,-8.3535,-5.0686,-1.9582,6.0424,-8.0596,-0.2499,-8.5247,-5.3359,-1.9276
973.00,-8.3574,-5.0686,-1.9987,6.0463,-8.0607,-0.2899,-8.5262,-5.3396,-1.9677
973.50,-8.3608,-5.0687,-2.0382,6.0490,-8.0615,-0.3290,-8.5273,-5.3423,-2.0067
974.00,-8.3637,-5.0687,-2.0766,6.0524,-8.0627,-0.3669,-8.5289,-5.3455,-2.0447
974.50,-8.3662,-5.0688,-2.1140,6.0551,-8.0638,-0.4032,-8.5303,-5.3481,-2.0809
975.00,-8.3681,-5.0688,-2.1501,6.0573,-8.0648,-0.4390,-8.5315,-5.3502,-2.1167
975.50,-8.3672,-5.0688,-2.1280,6.0565,-8.0644,-0.4213,-8.5310,-5.3494,-2.0991
976.00,-8.3649,-5.0687,-2.0910,6.0535,-8.0631,-0.3835,-8.5294,-5.3466,-2.0612
976.50,-8.3621,-5.0687,-2.0530,6.0518,-8.0625,-0.3451,-8.5286,-5.3449,-2.0228
977.00,-8.3589,-5.0687,-2.0139,6.0491,-8.0616,-0.3054,-8.5274,-5.3424,-1.9832
977.50,-8.3552,-5.0686,-1.9738,6.0447,-8.0603,-0.2651,-8.5256,-5.3381,-1.9429
978.00,-8.3511,-5.0686,-1.9325,6.0399,-8.0591,-0.2231,-8.5240,-5.3335,-1.9008
978.50,-8.3513,-5.0686,-1.9417,6.0393,-8.0590,-0.2262,-8.5238,-5.3329,-1.9039
979.00,-8.3554,-5.0686,-1.9827,6.0437,-8.0601,-0.2666,-8.5253,-5.3372,-1.9443
979.50,-8.3590,-5.0687,-2.0226,6.0486,-8.0615,-0.3056,-8.5273,-5.3419,-1.9833
980.00,-8.3621,-5.0687,-2.0614,6.0513,-8.0624,-0.3438,-8.5285,-5.3445,-2.0215
980.50,-8.3629,-5.0687,-2.0683,6.0531,-8.0630,-0.3550,-8.5293,-5.3461,-2.0327
981.00,-8.3599,-5.0687,-2.0297,6.0498,-8.0619,-0.3158,-8.5278,-5.3430,-1.9935
981.50,-8.3564,-5.0686,-1.9900,6.0470,-8.0610,-0.2751,-8.5267,-5.3403,-1.9528
982.00,-8.3524,-5.0686,-1.9492,6.0414,-8.0596,-0.2332,-8.5246,-5.3349,-1.9110
982.50,-8.3510,-5.0686,-1.9416,6.0392,-8.0591,-0.2196,-8.5239,-5.3328,-1.8973
983.00,-8.3551,-5.0686,-1.9827,6.0433,-8.0601,-0.2605,-8.5253,-5.3367,-1.9383
983.50,-8.3586,-5.0687,-2.0225,6.0474,-8.0613,-0.2995,-8.5269,-5.3407,-1.9773
984.00,-8.3618,-5.0687,-2.0614,6.0497,-8.0620,-0.3379,-8.5279,-5.3429,-2.0156
984.50,-8.3635,-5.0687,-2.0831,6.0523,-8.0630,-0.3634,-8.5292,-5.3454,-2.0411
985.00,-8.3608,-5.0687,-2.0452,6.0502,-8.0622,-0.3247,-8.5282,-5.3434,-2.0025
985.50,-8.3575,-5.0686,-2.0060,6.0473,-8.0613,-0.2851,-8.5269,-5.3406,-1.9629
986.00,-8.3537,-5.0686,-1.9656,6.0435,-8.0603,-0.2442,-8.5255,-5.3369,-1.9219
986.50,-8.3494,-5.0686,-1.9241,6.0380,-8.0590,-0.2018,-8.5237,-5.3316,-1.8795
987.00,-8.3447,-5.0685,-1.8814,6.0340,-8.0583,-0.1586,-8.5225,-5.3277,-1.8363
987.50,-8.3394,-5.0685,-1.8375,6.0289,-8.0576,-0.1144,-8.5213,-5.3227,-1.7922
988.00,-8.3337,-5.0685,-1.7921,6.0217,-8.0569,-0.0690,-8.5199,-5.3156,-1.7467
988.50,-8.3275,-5.0684,-1.7454,6.0145,-8.0566,-0.0215,-8.5188,-5.3085,-1.6992
989.00,-8.3208,-5.0684,-1.6970,6.0089,-8.0566,0.0274,-8.5182,-5.3029,-1.6503
989.50,-8.3136,-5.0684,-1.6469,6.0017,-8.0569,0.0779,-8.5177,-5.2958,-1.5999
990.00,-8.3059,-5.0684,-1.5949,5.9941,-8.0577,0.1309,-8.5177,-5.2881,-1.5469
990.50,-8.2984,-5.0694,-1.5447,5.9930,-8.0578,0.1849,-8.4967,-5.3120,-1.5080
991.00,-8.2980,-5.1116,-1.5457,6.0298,-8.0513,0.1817,-8.4812,-5.3642,-1.5205
991.50,-8.2884,-5.2150,-1.3939,6.1239,-8.0280,0.3247,-8.4609,-5.4605,-1.3740
992.00,-8.2684,-5.3396,-1.1792,6.2383,-7.9752,0.5472,-8.4193,-5.5907,-1.1514
992.50,-8.2288,-5.4410,-0.9724,6.3262,-7.9101,0.7511,-8.3858,-5.6962,-0.9511
993.00,-8.1700,-5.5143,-0.7534,6.3887,-7.8381,0.9717,-8.3260,-5.7674,-0.7340
993.50,-8.0951,-5.5673,-0.5308,6.4326,-7.7560,1.1949,-8.2605,-5.8218,-0.5108
994.00,-7.9789,-5.6115,-0.3237,6.4656,-7.6364,1.4073,-8.1364,-5.8703,-0.2983
994.50,-7.8533,-5.6464,-0.2210,6.4782,-7.5035,1.5231,-8.0101,-5.8904,-0.1861
995.00,-7.7270,-5.6778,-0.2852,6.4862,-7.3691,1.4720,-7.8842,-5.9164,-0.2442
995.50,-7.6047,-5.7179,-0.3870,6.5072,-7.2397,1.3652,-7.7654,-5.9555,-0.3566
996.00,-7.4850,-5.7665,-0.3863,6.5361,-7.1104,1.3568,-7.6397,-6.0040,-0.3620
996.50,-7.3621,-5.8097,-0.2712,6.5575,-6.9789,1.4724,-7.5152,-6.0384,-0.2437
997.00,-7.2365,-5.8452,-0.2783,6.5689,-6.8413,1.4781,-7.3844,-6.0755,-0.2415
997.50,-7.1129,-5.8866,-0.3338,6.5861,-6.7102,1.4175,-7.2672,-6.1116,-0.3091
998.00,-6.9894,-5.9260,-0.3031,6.6046,-6.5764,1.4470,-7.1480,-6.1405,-0.2796
998.50,-6.8649,-5.9613,-0.2840,6.6193,-6.4460,1.4688,-7.0175,-6.1750,-0.2565
999.00,-6.7409,-6.0015,-0.3125,6.6352,-6.3159,1.4372,-6.8952,-6.2105,-0.2929
999.50,-6.6168,-6.0401,-0.3158,6.6518,-6.1816,1.4404,-6.7652,-6.2483,-0.2849
1000.00,-6.4940,-6.0797,-0.2804,6.6691,-6.0504,1.4650,-6.6483,-6.2856,-0.2629
1000.50,-6.3963,-6.1118,-0.0644,6.6724,-5.9396,1.6679,-6.5394,-6.3062,-0.0587
1001.00,-6.3293,-6.1367,0.2396,6.6543,-5.8670,1.9806,-6.4749,-6.3100,0.2575
1001.50,-6.3139,-6.1468,0.3628,6.6461,-5.8503,2.1174,-6.4571,-6.3250,0.3978
1002.00,-6.3138,-6.1466,0.4041,6.6464,-5.8505,2.1589,-6.4573,-6.3253,0.4393
1002.50,-6.3138,-6.1430,0.4442,6.6438,-5.8467,2.1991,-6.4532,-6.3233,0.4795
1003.00,-6.3138,-6.1398,0.4832,6.6419,-5.8441,2.2394,-6.4504,-6.3218,0.5198
1003.50,-6.3137,-6.1370,0.5212,6.6405,-5.8424,2.2781,-6.4498,-6.3383,0.5446
1004.00,-6.3101,-6.1333,0.5669,6.6377,-5.8392,2.3212,-6.4462,-6.3361,0.5876
1004.50,-6.2659,-6.1039,0.6724,6.5991,-5.8025,2.4291,-6.4037,-6.3038,0.6955
1005.00,-6.1791,-6.0316,0.7186,6.5132,-5.7317,2.4743,-6.3299,-6.2306,0.7407
1005.50,-6.0863,-5.9414,0.8345,6.4016,-5.6530,2.5883,-6.2340,-6.1433,0.8547
1006.00,-6.0043,-5.8389,0.9967,6.2802,-5.5899,2.7498,-6.1623,-6.0337,1.0163
1006.50,-5.9323,-5.7253,1.1504,6.1503,-5.5463,2.9011,-6.0882,-5.9225,1.1675
1007.00,-5.8733,-5.6028,1.3025,6.0066,-5.5233,3.0585,-6.0420,-5.7908,1.3271
1007.50,-5.8366,-5.4764,1.3775,5.8700,-5.5170,3.1339,-5.9945,-5.6706,1.3968
1008.00,-5.8100,-5.3486,1.3669,5.7415,-5.5173,3.1322,-5.9734,-5.5438,1.3952
1008.50,-5.7777,-5.2227,1.2687,5.6014,-5.5098,3.0335,-5.9495,-5.4102,1.2964
1009.00,-5.7396,-5.0988,1.2894,5.4688,-5.4943,3.0432,-5.9026,-5.2919,1.3027
1009.50,-5.7090,-4.9717,1.4812,5.3316,-5.4912,-3.0588,-5.8860,-5.1574,1.4908
1010.00,-5.6912,-4.8418,1.6413,5.1999,-5.5151,-2.8855,-5.8787,-5.0338,1.6668
1010.50,-5.6984,-4.7122,1.6319,5.0704,-5.5513,-2.8804,-5.8742,-4.9002,1.6657
1011.00,-5.7007,-4.5823,1.5275,4.9377,-5.5786,-2.9882,-5.8795,-4.7686,1.5523
1011.50,-5.6953,-4.4525,1.5212,4.8077,-5.5973,-2.9978,-5.8758,-4.6436,1.5414
1012.00,-5.6932,-4.3226,1.5410,4.6766,-5.6176,-2.9774,-5.8795,-4.5109,1.5665
1012.50,-5.6869,-4.1927,1.5098,4.5393,-5.6394,-3.0044,-5.8818,-4.3819,1.5382
1013.00,-5.6796,-4.0629,1.5355,4.4019,-5.6584,-2.9828,-5.8709,-4.2495,1.5584
1013.50,-5.6776,-3.9330,1.5479,4.2708,-5.6808,-2.9664,-5.8768,-4.1203,1.5762
1014.00,-5.6738,-3.8030,1.5589,4.1433,-5.7026,-2.9608,-5.8673,-3.9910,1.5748
1014.50,-5.6743,-3.6730,1.5567,4.0168,-5.7274,-2.9569,-5.8694,-3.8621,1.5822
1015.00,-5.6733,-3.5430,1.5598,3.8903,-5.7511,-2.9511,-5.8746,-3.7334,1.5880
1015.50,-5.6710,-3.4130,1.5549,3.7628,-5.7746,-2.9591,-5.8721,-3.6038,1.5800
1016.00,-5.6710,-3.2830,1.5650,3.6325,-5.7993,-2.9488,-5.8741,-3.4712,1.5868
1016.50,-5.6680,-3.1531,1.5248,3.5013,-5.8237,-2.9863,-5.8847,-3.3377,1.5528
1017.00,-5.6620,-3.0232,1.5377,3.3603,-5.8449,-2.9821,-5.8712,-3.2051,1.5535
1017.50,-5.6635,-2.8932,1.5764,3.2240,-5.8715,-2.9334,-5.8831,-3.0763,1.6057
1018.00,-5.6597,-2.7633,1.5414,3.0884,-5.8966,-2.9724,-5.8849,-2.9484,1.5610
1018.50,-5.6565,-2.6333,1.5361,2.9566,-5.9199,-2.9752,-5.8841,-2.8246,1.5604
1019.00,-5.6533,-2.5034,1.5519,2.8278,-5.9414,-2.9648,-5.8824,-2.6941,1.5730
1019.50,-5.6553,-2.3734,1.5667,2.7039,-5.9659,-2.9415,-5.8849,-2.5678,1.5976
1020.00,-5.6543,-2.2434,1.5752,2.5688,-5.9921,-2.9414,-5.8879,-2.4302,1.5907
1020.50,-5.6605,-2.1135,1.6115,2.4419,-6.0217,-2.8962,-5.8940,-2.3001,1.6395
1021.00,-5.6616,-1.9835,1.5866,2.3169,-6.0501,-2.9303,-5.9103,-2.1721,1.6018
1021.50,-5.6695,-1.8537,1.6640,2.1903,-6.0822,-2.8521,-5.9186,-2.0417,1.6871
1022.00,-5.6867,-1.7246,1.7220,2.0683,-6.1210,-2.8004,-5.9361,-1.9149,1.7366
1022.50,-5.7130,-1.5974,1.8124,1.9432,-6.1735,-2.7003,-5.9653,-1.7824,1.8423
1023.00,-5.7466,-1.4716,1.8271,1.8253,-6.2312,-2.6809,-6.0085,-1.6564,1.8569
1023.50,-5.7739,-1.3445,1.7200,1.7002,-6.2868,-2.7855,-6.0358,-1.5338,1.7466
1024.00,-5.7924,-1.2151,1.5442,1.5743,-6.3249,-2.9491,-6.0607,-1.4031,1.5830
1024.50,-5.7994,-1.0863,1.3477,1.4440,-6.3367,3.1342,-6.0492,-1.2729,1.3796
1025.00,-5.7872,-0.9760,1.1209,1.3293,-6.3256,2.9136,-6.0436,-1.1621,1.1569
1025.50,-5.7420,-0.8862,0.8876,1.2333,-6.2904,2.6780,-6.0152,-1.0743,0.9200
1026.00,-5.6539,-0.7961,0.6973,1.1302,-6.2259,2.4858,-5.9326,-0.9850,0.7278
1026.50,-5.5488,-0.7166,0.5100,1.0256,-6.1295,2.3001,-5.8184,-0.8902,0.5420
1027.00,-5.4590,-0.6559,0.2475,0.9620,-6.0395,2.0422,-5.7280,-0.8547,0.2877
1027.50,-5.3361,-0.6103,-0.0085,0.9163,-5.9074,1.7782,-5.6098,-0.8080,0.0223
1028.00,-5.2487,-0.6034,-0.0875,0.9022,-5.8112,1.6851,-5.5228,-0.7822,-0.0686
1028.50,-5.2217,-0.6045,-0.0379,0.8988,-5.7843,1.7317,-5.4956,-0.7702,-0.0194
1029.00,-5.1752,-0.5961,0.1411,0.8878,-5.7416,1.9017,-5.4517,-0.7670,0.1507
1029.50,-5.0711,-0.5763,0.3913,0.8389,-5.6454,2.1604,-5.3582,-0.7361,0.4094
1030.00,-4.9541,-0.5283,0.4843,0.7605,-5.5431,2.2655,-5.2438,-0.6870,0.5123
1030.50,-4.8382,-0.4705,0.4295,0.6756,-5.4393,2.2221,-5.1163,-0.6323,0.4676
1031.00,-4.7209,-0.4210,0.2313,0.6086,-5.3340,2.0276,-5.0107,-0.5855,0.2661
1031.50,-4.5926,-0.3859,0.1098,0.5560,-5.2019,1.8944,-4.8811,-0.5493,0.1329
1032.00,-4.4636,-0.3687,0.1680,0.5137,-5.0794,1.9407,-4.7609,-0.5212,0.1820
1032.50,-4.3382,-0.3432,0.3653,0.4576,-4.9650,2.1383,-4.6198,-0.4882,0.3873
1033.00,-4.2198,-0.2988,0.4600,0.3863,-4.8673,2.2454,-4.5149,-0.4450,0.4887
1033.50,-4.1025,-0.2438,0.4044,0.3050,-4.7635,2.2012,-4.3942,-0.3841,0.4410
1034.00,-3.9799,-0.1976,0.2819,0.2362,-4.6541,2.0721,-4.2815,-0.3370,0.3049
1034.50,-3.8547,-0.1602,0.2897,0.1758,-4.5406,2.0712,-4.1506,-0.3004,0.3097
1035.00,-3.7306,-0.1208,0.2899,0.1101,-4.4250,2.0827,-4.0246,-0.2581,0.3247
1035.50,-3.6044,-0.0897,0.2021,0.0481,-4.3011,1.9903,-3.8814,-0.2201,0.2253
1036.00,-3.4772,-0.0629,0.2042,-0.0080,-4.1762,1.9936,-3.7860,-0.1897,0.2342
1036.50,-3.3499,-0.0353,0.2255,-0.0596,-4.0608,2.0067,-3.6549,-0.1604,0.2452
1037.00,-3.2243,0.0006,0.2805,-0.1194,-3.9439,2.0692,-3.5487,-0.1242,0.3112
1037.50,-3.0983,0.0320,0.1913,-0.1806,-3.8234,1.9872,-3.4129,-0.0861,0.2246
1038.00,-2.9702,0.0552,0.1714,-0.2291,-3.7043,1.9542,-3.2729,-0.0615,0.1913
1038.50,-2.8437,0.0833,0.3101,-0.2870,-3.5807,2.0884,-3.1404,-0.0286,0.3303
1039.00,-2.7285,0.1209,0.3811,-0.3533,-3.4773,2.1719,-3.0265,0.0173,0.4139
1039.50,-2.6641,0.1474,0.3450,-0.3950,-3.4149,2.1369,-2.9638,0.0369,0.3741
1040.00,-2.6449,0.1533,0.2853,-0.4068,-3.3957,2.0820,-2.9464,0.0446,0.3205
1040.50,-2.5806,0.1469,0.0668,-0.4310,-3.3405,1.8759,-2.8876,0.0580,0.1144
1041.00,-2.4595,0.1306,-0.1635,-0.4507,-3.2196,1.6312,-2.8590,0.0631,-0.1368
1041.50,-2.3466,0.1081,-0.1987,-0.4535,-3.1027,1.5835,-2.7731,0.0362,-0.1792
1042.00,-2.2538,0.0941,-0.0657,-0.4593,-3.0099,1.7100,-2.6967,0.0285,-0.0466
1042.50,-2.1271,0.0900,-0.0128,-0.4835,-2.8832,1.7768,-2.5787,0.0254,0.0211
1043.00,-1.9972,0.0907,0.0277,-0.5111,-2.7546,1.8114,-2.4600,0.0284,0.0524
1043.50,-1.8672,0.0925,-0.0093,-0.5420,-2.6266,1.7793,-2.3238,0.0348,0.0212
1044.00,-1.7372,0.0935,0.0165,-0.5701,-2.4960,1.8026,-2.2019,0.0380,0.0421
1044.50,-1.6072,0.0919,-0.0474,-0.5984,-2.3664,1.7420,-2.0640,0.0437,-0.0169
1045.00,-1.4774,0.0865,-0.0147,-0.6202,-2.2376,1.7649,-1.9486,0.0390,0.0016
1045.50,-1.3474,0.0851,-0.0288,-0.6472,-2.1089,1.7599,-1.8138,0.0406,0.0031
1046.00,-1.2174,0.0822,-0.0024,-0.6709,-1.9833,1.7772,-1.6976,0.0394,0.0161
1046.50,-1.0874,0.0808,-0.0403,-0.6968,-1.8598,1.7491,-1.5625,0.0389,-0.0086
1047.00,-0.9576,0.0755,-0.0208,-0.7192,-1.7300,1.7585,-1.4352,0.0373,-0.0035
1047.50,-0.8275,0.0750,-0.0217,-0.7458,-1.6033,1.7701,-1.3107,0.0391,0.0116
1048.00,-0.6976,0.0698,-0.0222,-0.7687,-1.4760,1.7557,-1.1723,0.0381,-0.0077
1048.50,-0.5676,0.0699,-0.0099,-0.7957,-1.3503,1.7811,-1.0433,0.0393,0.0232
1049.00,-0.4377,0.0664,-0.0116,-0.8210,-1.2187,1.7681,-0.8978,0.0406,0.0042
1049.50,-0.3077,0.0666,-0.0193,-0.8480,-1.0943,1.7730,-0.7807,0.0424,0.0132
1050.00,-0.1778,0.0601,-0.0480,-0.8704,-0.9645,1.7335,-0.6450,0.0408,-0.0328
1050.50,-0.0479,0.0569,-0.0371,-0.8936,-0.8402,1.7525,-0.5201,0.0391,-0.0089
1051.00,0.0820,0.0510,-0.0229,-0.9171,-0.7040,1.7579,-0.3842,0.0363,-0.0070
1051.50,0.1883,0.0526,0.1402,-0.9427,-0.6004,1.9128,-0.2843,0.0412,0.1515
1052.00,0.2712,0.0621,0.4149,-0.9818,-0.5253,2.1872,-0.1812,0.0658,0.4268
1052.50,0.3773,0.1099,0.6250,-1.0611,-0.4378,2.4072,-0.0771,0.1096,0.6465
1053.00,0.4733,0.1847,0.6951,-1.1558,-0.3606,2.4877,0.0121,0.1785,0.7229
1053.50,0.5366,0.2363,0.6681,-1.2218,-0.3096,2.4650,0.0813,0.2348,0.6961
1054.00,0.5540,0.2497,0.6342,-1.2426,-0.2926,2.4319,0.0948,0.2475,0.6586
1054.50,0.5539,0.2484,0.5993,-1.2415,-0.2936,2.3981,0.0932,0.2436,0.6245
1055.00,0.5698,0.2551,0.5219,-1.2528,-0.2823,2.3294,0.1065,0.2524,0.5558
1055.50,0.6372,0.2718,0.2941,-1.2946,-0.2279,2.1133,0.1682,0.2824,0.3397
1056.00,0.7493,0.2801,0.0058,-1.3370,-0.1242,1.8241,0.2770,0.2883,0.0397
1056.50,0.8787,0.2786,-0.1441,-1.3571,0.0032,1.6593,0.3994,0.2730,-0.1259
1057.00,1.0074,0.2625,-0.1040,-1.3681,0.1316,1.6856,0.5271,0.2736,-0.0912
1057.50,1.1371,0.2537,0.0911,-1.3935,0.2568,1.8808,0.6550,0.2719,0.1075
1058.00,1.2660,0.2628,0.1467,-1.4413,0.3844,1.9512,0.7934,0.2778,0.1765
1058.50,1.3907,0.2762,0.0660,-1.4849,0.5055,1.8681,0.9131,0.2909,0.0864
1059.00,1.4658,0.2847,0.0988,-1.5092,0.5837,1.8975,1.0024,0.2997,0.1160
1059.50,1.4872,0.2917,0.1347,-1.5180,0.6082,1.9401,1.0201,0.3026,0.1615
1060.00,1.5463,0.2897,0.0207,-1.5364,0.6628,1.8386,1.0774,0.3094,0.0600
1060.50,1.6591,0.2774,-0.1617,-1.5541,0.7744,1.6461,1.1832,0.2998,-0.1427
1061.00,1.7331,0.2631,-0.1662,-1.5587,0.8589,1.6324,1.2619,0.2858,-0.1508
1061.50,1.7505,0.2575,-0.1125,-1.5603,0.8793,1.6858,1.2778,0.2825,-0.0953
1062.00,1.7989,0.2606,-0.0271,-1.5686,0.9252,1.7811,1.3312,0.2808,0.0007
1062.50,1.9088,0.2583,-0.0254,-1.5919,1.0314,1.7862,1.4194,0.2824,-0.0026
1063.00,2.0388,0.2536,-0.0303,-1.6202,1.1630,1.7791,1.5621,0.2815,-0.0117
1063.50,2.1687,0.2552,0.0326,-1.6506,1.2895,1.8422,1.6804,0.2832,0.0541
1064.00,2.2987,0.2559,-0.0331,-1.6842,1.4179,1.7835,1.8181,0.2937,-0.0052
1064.50,2.4286,0.2513,-0.0198,-1.7099,1.5455,1.7864,1.9419,0.2917,-0.0067
1065.00,2.5586,0.2482,-0.0413,-1.7395,1.6773,1.7715,2.0747,0.2913,-0.0164
1065.50,2.6885,0.2453,-0.0000,-1.7649,1.7967,1.8086,2.1868,0.2906,0.0146
1066.00,2.8185,0.2431,-0.0410,-1.7960,1.9282,1.7730,2.3359,0.2919,-0.0175
1066.50,2.9484,0.2395,0.0028,-1.8230,2.0568,1.8079,2.4633,0.2900,0.0165
1067.00,3.0784,0.2425,0.0106,-1.8564,2.1817,1.8289,2.5803,0.2954,0.0392
1067.50,3.2083,0.2386,-0.0516,-1.8842,2.3094,1.7584,2.7061,0.2951,-0.0368
1068.00,3.3146,0.2364,0.0684,-1.9082,2.4161,1.8732,2.8195,0.2943,0.0834
1068.50,3.3875,0.2418,0.3183,-1.9378,2.4844,2.1161,2.9044,0.3054,0.3232
1069.00,3.4844,0.2710,0.5213,-2.0045,2.5684,2.3310,2.9883,0.3419,0.5405
1069.50,3.5941,0.3362,0.5701,-2.0973,2.6586,2.3912,3.0902,0.3970,0.5961
1070.00,3.6901,0.3939,0.4804,-2.1808,2.7405,2.3116,3.1855,0.4567,0.5124
1070.50,3.8083,0.4413,0.2862,-2.2590,2.8443,2.1162,3.3063,0.5034,0.3099
1071.00,3.9345,0.4777,0.2160,-2.3234,2.9642,2.0342,3.4323,0.5380,0.2280
1071.50,4.0605,0.5102,0.2993,-2.3868,3.0829,2.1128,3.5649,0.5759,0.3124
1072.00,4.1665,0.5451,0.2994,-2.4495,3.1829,2.1245,3.6590,0.6142,0.3276
1072.50,4.2393,0.5701,0.1254,-2.4871,3.2530,1.9650,3.7456,0.6346,0.1623
1073.00,4.3439,0.5860,-0.1439,-2.5125,3.3575,1.6880,3.8343,0.6383,-0.1224
1073.50,4.4609,0.5737,-0.2236,-2.5196,3.4787,1.5950,3.9526,0.6334,-0.2117
1074.00,4.5478,0.5570,-0.1286,-2.5241,3.5651,1.6803,4.0413,0.6315,-0.1203
1074.50,4.6735,0.5501,0.1092,-2.5529,3.6903,1.9231,4.1545,0.6317,0.1246
1075.00,4.8018,0.5609,0.1911,-2.6055,3.8103,2.0186,4.2920,0.6477,0.2159
1075.50,4.9298,0.5808,0.1473,-2.6608,3.9304,1.9787,4.4105,0.6640,0.1704
1076.00,5.0589,0.5923,0.0928,-2.7113,4.0584,1.9193,4.5527,0.6787,0.1092
1076.50,5.1882,0.6077,0.1141,-2.7560,4.1768,1.9423,4.6579,0.6885,0.1340
1077.00,5.3176,0.6183,0.0676,-2.8018,4.2982,1.9059,4.8033,0.7044,0.0969
1077.50,5.4475,0.6201,0.0109,-2.8374,4.4148,1.8413,4.9284,0.7116,0.0267
1078.00,5.5774,0.6221,0.0233,-2.8727,4.5429,1.8482,5.0639,0.7126,0.0378
1078.50,5.7073,0.6296,0.0484,-2.9138,4.6743,1.8838,5.1962,0.7214,0.0748
1079.00,5.8372,0.6297,0.0124,-2.9501,4.7926,1.8487,5.3127,0.7291,0.0332
1079.50,5.9672,0.6267,-0.0084,-2.9852,4.9214,1.8269,5.4628,0.7241,0.0107
1080.00,6.0972,0.6287,0.0133,-3.0199,5.0503,1.8475,5.5850,0.7265,0.0312
1080.50,6.2272,0.6281,-0.0002,-3.0564,5.1799,1.8374,5.7062,0.7305,0.0233
1081.00,6.3572,0.6249,-0.0144,-3.0895,5.3051,1.8223,5.8372,0.7326,0.0060
1081.50,6.4872,0.6221,-0.0182,-3.1231,5.4374,1.8187,5.9697,0.7331,0.0018
1082.00,6.6172,0.6203,-0.0135,-3.1548,5.5624,1.8225,6.0898,0.7312,0.0048
1082.50,6.7472,0.6187,-0.0137,-3.1895,5.6960,1.8242,6.2305,0.7323,0.0065
1083.00,6.8772,0.6159,-0.0182,-3.2226,5.8249,1.8208,6.3540,0.7330,0.0025
1083.50,7.0071,0.6113,-0.0315,-3.2561,5.9580,1.8088,6.4827,0.7329,-0.0102
1084.00,7.1371,0.6109,0.0514,-3.2886,6.0815,1.8820,6.6068,0.7316,0.0620
1084.50,7.2660,0.6196,0.2103,-3.3388,6.2078,2.0354,6.7397,0.7482,0.2199
1085.00,7.3814,0.6372,0.4587,-3.4043,6.3084,2.2824,6.8540,0.7745,0.4681
1085.50,7.4882,0.6935,0.6504,-3.4982,6.3958,2.4843,6.9574,0.8339,0.6711
1086.00,7.5870,0.7765,0.7703,-3.6016,6.4672,2.6016,7.0510,0.9037,0.7825
1086.50,7.6725,0.8731,0.9519,-3.7281,6.5287,2.7813,7.1393,1.0092,0.9637
1087.00,7.7467,0.9779,1.1887,-3.8546,6.5617,3.0153,7.1977,1.1214,1.1997
1087.50,7.8120,1.0907,1.4823,-3.9853,6.5605,-2.9768,7.2467,1.2342,1.4904
1088.00,7.8435,1.2186,1.7354,-4.1174,6.5193,-2.7132,7.2749,1.3652,1.7545
1088.50,7.8304,1.3378,1.8473,-4.2335,6.4562,-2.5889,7.2685,1.4831,1.8753
1089.00,7.8091,1.4259,1.7921,-4.3100,6.4094,-2.6306,7.2595,1.5630,1.8248
1089.50,7.7974,1.5365,1.6378,-4.4105,6.3638,-2.7858,7.2409,1.6705,1.6651
1090.00,7.7953,1.6664,1.5749,-4.5346,6.3236,-2.8553,7.2405,1.8009,1.5936
1090.50,7.7948,1.7964,1.5679,-4.6581,6.2868,-2.8580,7.2354,1.9298,1.5928
1091.00,7.7963,1.9264,1.5654,-4.7934,6.2483,-2.8623,7.2328,2.0735,1.5850
1091.50,7.7974,2.0564,1.5520,-4.9200,6.2118,-2.8721,7.2339,2.1915,1.5752
1092.00,7.7985,2.1864,1.5633,-5.0432,6.1777,-2.8659,7.2352,2.3211,1.5806
1092.50,7.7952,2.3164,1.5811,-5.1778,6.1364,-2.8387,7.2326,2.4632,1.6109
1093.00,7.7985,2.4464,1.5526,-5.3078,6.0981,-2.8690,7.2255,2.5902,1.5776
1093.50,7.7986,2.5764,1.5654,-5.4376,6.0602,-2.8527,7.2250,2.7207,1.5916
1094.00,7.7976,2.7064,1.5816,-5.5639,6.0222,-2.8397,7.2153,2.8428,1.6018
1094.50,7.7886,2.8362,1.6469,-5.6910,5.9784,-2.7717,7.2128,2.9769,1.6725
1095.00,7.7824,2.9660,1.5874,-5.8160,5.9319,-2.8260,7.1980,3.1097,1.6170
1095.50,7.7790,3.0959,1.6321,-5.9365,5.8926,-2.7949,7.1907,3.2294,1.6446
1096.00,7.7667,3.2246,1.7754,-6.0495,5.8419,-2.6492,7.1727,3.3519,1.7955
1096.50,7.7449,3.3503,1.8879,-6.1623,5.7729,-2.5325,7.1410,3.4861,1.9140
1097.00,7.7054,3.4732,1.8930,-6.2701,5.6943,-2.5148,7.1104,3.6077,1.9259
1097.50,7.6704,3.5984,1.7842,-6.3796,5.6230,-2.6213,7.0764,3.7260,1.8121
1098.00,7.6433,3.7257,1.7698,-6.4978,5.5576,-2.6394,7.0454,3.8550,1.7935
1098.50,7.6236,3.8540,1.6799,-6.6158,5.4979,-2.7217,7.0165,3.9840,1.7103
1099.00,7.6129,3.9837,1.5852,-6.7324,5.4532,-2.8201,7.0056,4.1083,1.6084
1099.50,7.6113,4.1137,1.5618,-6.8598,5.4130,-2.8470,7.0029,4.2419,1.5850
1100.00,7.6089,4.2437,1.5855,-6.9861,5.3726,-2.8217,6.9990,4.3745,1.6103
1100.50,7.6100,4.3737,1.5703,-7.1138,5.3311,-2.8359,6.9944,4.4987,1.5960
1101.00,7.6134,4.5037,1.5552,-7.2451,5.2907,-2.8505,6.9920,4.6361,1.5815
1101.50,7.6161,4.6337,1.5537,-7.3767,5.2516,-2.8517,6.9908,4.7633,1.5803
1102.00,7.6163,4.7535,1.5488,-7.4904,5.2166,-2.8505,6.9888,4.8823,1.5815
1102.50,7.6228,4.8162,1.4980,-7.5568,5.1983,-2.9027,6.9891,4.9512,1.5258
1103.00,7.6300,4.8240,1.4483,-7.5722,5.1948,-2.9522,6.9901,4.9669,1.4763
1103.50,7.6367,4.8240,1.3999,-7.5788,5.1936,-2.9997,6.9908,4.9736,1.4288
1104.00,7.6430,4.8241,1.3530,-7.5859,5.1928,-3.0462,6.9920,4.9806,1.3822
1104.50,7.6488,4.8241,1.3075,-7.5910,5.1924,-3.0909,7.0130,4.9656,1.3376
1105.00,7.6541,4.8241,1.2635,-7.5965,5.1922,-3.1343,7.0144,4.9710,1.2942
1105.50,7.6589,4.8242,1.2207,-7.6018,5.1923,3.1067,7.0159,4.9761,1.2519
1106.00,7.6632,4.8242,1.1791,-7.6062,5.1925,3.0660,7.0173,4.9802,1.2112
1106.50,7.6661,4.8242,1.1481,-7.6091,5.1927,3.0342,7.0184,4.9829,1.1795
1107.00,7.6688,4.8243,1.1183,-7.6114,5.1930,3.0051,7.0193,4.9850,1.1504
1107.50,7.6712,4.8243,1.0891,-7.6133,5.1933,2.9763,7.0201,4.9868,1.1216
1108.00,7.6733,4.8243,1.0605,-7.6157,5.1937,2.9488,7.0212,4.9890,1.0941
1108.50,7.6789,4.8336,1.0062,-7.6249,5.1957,2.8991,7.0257,4.9972,1.0444
1109.00,7.6922,4.8492,0.9313,-7.6449,5.2015,2.8248,7.0545,4.9969,0.9636
1109.50,7.7070,4.8673,0.8779,-7.6671,5.2096,2.7679,7.0794,5.0048,0.9027
1110.00,7.7079,4.8684,0.8758,-7.6691,5.2104,2.7653,7.0807,5.0065,0.9002
1110.50,7.7079,4.8684,0.8758,-7.6692,5.2104,2.7661,7.0807,5.0065,0.9010
1111.00,7.7145,4.8761,0.8558,-7.6779,5.2139,2.7504,7.0866,5.0139,0.8852
1111.50,7.7165,4.8785,0.8426,-7.6825,5.2158,2.7341,7.0898,5.0177,0.8690
1112.00,7.6976,4.8573,0.8426,-7.6562,5.2045,2.7346,7.0713,4.9958,0.8695
1112.50,7.6776,4.8349,0.8426,-7.6274,5.1921,2.7353,7.0511,4.9718,0.8702
1113.00,7.6577,4.8125,0.8426,-7.5985,5.1797,2.7359,7.0308,4.9478,0.8707
1113.50,7.6377,4.7901,0.8426,-7.5698,5.1673,2.7366,7.0104,4.9242,0.8693
1114.00,7.6136,4.7631,0.8426,-7.5378,5.1536,2.7374,6.9876,4.8979,0.8688
1114.50,7.5870,4.7332,0.8426,-7.5030,5.1388,2.7381,6.9632,4.8690,0.8695
1115.00,7.5604,4.7034,0.8426,-7.4643,5.1223,2.7391,6.9361,4.8368,0.8705
1115.50,7.5408,4.6813,0.8565,-7.4363,5.1104,2.7506,6.9159,4.8140,0.8785
1116.00,7.5575,4.7027,0.9051,-7.4571,5.1180,2.8028,6.9294,4.8316,0.9306
1116.50,7.6094,4.7662,0.8499,-7.5328,5.1458,2.7560,6.9784,4.8957,0.8838
1117.00,7.6521,4.8123,0.7881,-7.5936,5.1729,2.6900,7.0220,4.9459,0.8144
1117.50,7.6633,4.8236,0.7863,-7.6111,5.1815,2.6875,7.0355,4.9600,0.8119
1118.00,7.6633,4.8236,0.7863,-7.6111,5.1815,2.6883,7.0354,4.9600,0.8127
1118.50,7.6633,4.8236,0.7863,-7.6111,5.1815,2.6889,7.0354,4.9600,0.8133
1119.00,7.6633,4.8236,0.7863,-7.6111,5.1815,2.6897,7.0354,4.9600,0.8141
1119.50,7.6633,4.8236,0.7863,-7.6111,5.1815,2.6901,7.0354,4.9600,0.8144
1120.00,7.6633,4.8236,0.7863,-7.6111,5.1815,2.6911,7.0354,4.9600,0.8154
1120.50,7.6634,4.8236,0.7932,-7.6111,5.1815,2.6957,7.0355,4.9600,0.8200
1121.00,7.6634,4.8230,0.8750,-7.6105,5.1812,2.7721,7.0350,4.9595,0.8965
1121.50,7.6594,4.8228,1.0046,-7.6063,5.1800,2.9018,7.0326,4.9559,1.0262
1122.00,7.6493,4.8226,1.1584,-7.5963,5.1783,3.0546,7.0280,4.9468,1.1790
1122.50,7.6329,4.8224,1.3713,-7.5806,5.1785,-3.0130,7.0235,4.9318,1.3945
1123.00,7.6176,4.8224,1.4855,-7.5646,5.1818,-2.8845,7.0217,4.9155,1.5230
1123.50,7.6203,4.8224,1.4502,-7.5670,5.1812,-2.9141,7.0219,4.9180,1.4934
1124.00,7.6271,4.8224,1.4016,-7.5742,5.1797,-2.9623,7.0226,4.9253,1.4453
1124.50,7.6333,4.8225,1.3547,-7.5807,5.1786,-3.0086,7.0236,4.9319,1.3989
1125.00,7.6391,4.8225,1.3092,-7.5861,5.1780,-3.0536,7.0246,4.9372,1.3539
1125.50,7.6444,4.8225,1.2651,-7.5919,5.1776,-3.0965,7.0260,4.9428,1.3110
1126.00,7.6493,4.8225,1.2222,-7.5976,5.1775,-3.1387,7.0276,4.9483,1.2688
1126.50,7.6539,4.8246,1.1755,-7.6026,5.1776,3.1003,7.0291,4.9531,1.2246
1127.00,7.6652,4.8456,1.0833,-7.6241,5.1795,3.0095,7.0374,4.9730,1.1338
1127.50,7.6798,4.8626,1.0090,-7.6472,5.1834,2.9357,7.0481,4.9939,1.0600
1128.00,7.6934,4.8782,0.9377,-7.6680,5.1885,2.8652,7.0660,5.0140,0.9687
1128.50,7.7063,4.8930,0.8702,-7.6859,5.1942,2.7981,7.0771,5.0291,0.9015
1129.00,7.7188,4.9075,0.8011,-7.7031,5.2010,2.7303,7.0891,5.0432,0.8337
1129.50,7.7273,4.9158,0.7428,-7.7156,5.2069,2.6681,7.0987,5.0532,0.7715
1130.00,7.7273,4.9158,0.7408,-7.7156,5.2069,2.6655,7.0987,5.0532,0.7689
1130.50,7.7273,4.9158,0.7408,-7.7156,5.2069,2.6664,7.0987,5.0532,0.7698
1131.00,7.7273,4.9158,0.7408,-7.7156,5.2069,2.6667,7.0986,5.0532,0.7702
1131.50,7.7273,4.9158,0.7408,-7.7156,5.2069,2.6678,7.0986,5.0532,0.7713
1132.00,7.7273,4.9158,0.7408,-7.7156,5.2069,2.6685,7.0986,5.0532,0.7719
1132.50,7.7273,4.9158,0.7408,-7.7156,5.2069,2.6689,7.0986,5.0532,0.7723
1133.00,7.7273,4.9158,0.7408,-7.7156,5.2069,2.6700,7.0986,5.0532,0.7734
1133.50,7.7273,4.9158,0.7408,-7.7156,5.2069,2.6709,7.0986,5.0532,0.7744
1134.00,7.7273,4.9158,0.7408,-7.7156,5.2069,2.6712,7.0986,5.0532,0.7746
1134.50,7.7273,4.9158,0.7408,-7.7156,5.2069,2.6723,7.0986,5.0532,0.7757
1135.00,7.7273,4.9158,0.7408,-7.7156,5.2069,2.6733,7.0986,5.0532,0.7767
1135.50,7.7273,4.9158,0.7408,-7.7156,5.2069,2.6744,7.0986,5.0532,0.7778
1136.00,7.7273,4.9158,0.7408,-7.7156,5.2069,2.6750,7.0986,5.0532,0.7784
1136.50,7.7273,4.9158,0.7408,-7.7156,5.2069,2.6762,7.0986,5.0532,0.7796
1137.00,7.7273,4.9158,0.7408,-7.7156,5.2069,2.6774,7.0986,5.0532,0.7808
1137.50,7.7273,4.9158,0.7408,-7.7156,5.2069,2.6779,7.0986,5.0532,0.7813
1138.00,7.7273,4.9158,0.7408,-7.7156,5.2069,2.6783,7.0986,5.0532,0.7817
1138.50,7.7273,4.9158,0.7408,-7.7156,5.2069,2.6791,7.0986,5.0532,0.7825
1139.00,7.7273,4.9158,0.7408,-7.7156,5.2069,2.6797,7.0986,5.0532,0.7831
1139.50,7.7273,4.9158,0.7408,-7.7156,5.2069,2.6806,7.0986,5.0532,0.7841
1140.00,7.7273,4.9158,0.7408,-7.7156,5.2069,2.6814,7.0986,5.0532,0.7848
1140.50,7.7273,4.9158,0.7408,-7.7156,5.2069,2.6820,7.0986,5.0532,0.7854
1141.00,7.7273,4.9158,0.7408,-7.7156,5.2069,2.6833,7.0986,5.0532,0.7867
1141.50,7.7273,4.9158,0.7408,-7.7156,5.2069,2.6837,7.0986,5.0532,0.7872
1142.00,7.7273,4.9158,0.7408,-7.7156,5.2069,2.6843,7.0986,5.0532,0.7877
1142.50,7.7273,4.9158,0.7408,-7.7156,5.2069,2.6849,7.0986,5.0532,0.7883
1143.00,7.7273,4.9158,0.7408,-7.7156,5.2069,2.6855,7.0986,5.0532,0.7889
1143.50,7.7273,4.9158,0.7408,-7.7156,5.2069,2.6862,7.0986,5.0532,0.7896
1144.00,7.7273,4.9158,0.7408,-7.7156,5.2069,2.6875,7.0986,5.0532,0.7909
1144.50,7.7273,4.9158,0.7408,-7.7156,5.2069,2.6886,7.0986,5.0532,0.7920
1145.00,7.7273,4.9158,0.7408,-7.7156,5.2069,2.6894,7.0986,5.0532,0.7928
1145.50,7.7273,4.9158,0.7408,-7.7156,5.2069,2.6907,7.0986,5.0532,0.7941
1146.00,7.7273,4.9158,0.7408,-7.7156,5.2069,2.6916,7.0986,5.0532,0.7950
1146.50,7.7273,4.9158,0.7408,-7.7156,5.2069,2.6919,7.0986,5.0532,0.7954
1147.00,7.7273,4.9158,0.7408,-7.7156,5.2069,2.6931,7.0986,5.0532,0.7965
1147.50,7.7273,4.9158,0.7408,-7.7156,5.2069,2.6939,7.0986,5.0532,0.7974
1148.00,7.7273,4.9158,0.7408,-7.7156,5.2069,2.6945,7.0986,5.0532,0.7979
1148.50,7.7273,4.9158,0.7408,-7.7156,5.2069,2.6957,7.0986,5.0532,0.7991
1149.00,7.7273,4.9158,0.7408,-7.7156,5.2069,2.6965,7.0986,5.0532,0.7999
1149.50,7.7273,4.9158,0.7408,-7.7156,5.2069,2.6973,7.0986,5.0532,0.8008
1150.00,7.7273,4.9158,0.7408,-7.7156,5.2069,2.6982,7.0986,5.0532,0.8016
1150.50,7.7273,4.9158,0.7408,-7.7156,5.2069,2.6989,7.0986,5.0532,0.8023
1151.00,7.7273,4.9158,0.7408,-7.7156,5.2069,2.6997,7.0986,5.0532,0.8031
1151.50,7.7273,4.9158,0.7408,-7.7156,5.2069,2.7005,7.0986,5.0532,0.8040
1152.00,7.7273,4.9158,0.7408,-7.7156,5.2069,2.7016,7.0986,5.0532,0.8050
1152.50,7.7273,4.9158,0.7408,-7.7156,5.2069,2.7020,7.0986,5.0532,0.8054
1153.00,7.7273,4.9158,0.7408,-7.7156,5.2069,2.7033,7.0986,5.0532,0.8067
1153.50,7.7273,4.9158,0.7408,-7.7156,5.2069,2.7036,7.0986,5.0532,0.8070
1154.00,7.7273,4.9158,0.7408,-7.7156,5.2069,2.7041,7.0986,5.0532,0.8076
1154.50,7.7273,4.9158,0.7408,-7.7156,5.2069,2.7048,7.0986,5.0532,0.8082
1155.00,7.7273,4.9158,0.7408,-7.7156,5.2069,2.7052,7.0986,5.0532,0.8086
1155.50,7.7273,4.9158,0.7408,-7.7156,5.2069,2.7058,7.0986,5.0532,0.8093
1156.00,7.7273,4.9158,0.7408,-7.7156,5.2069,2.7067,7.0986,5.0532,0.8101
1156.50,7.7273,4.9158,0.7408,-7.7156,5.2069,2.7070,7.0986,5.0532,0.8105
1157.00,7.7273,4.9158,0.7408,-7.7156,5.2069,2.7080,7.0986,5.0532,0.8114
1157.50,7.7273,4.9158,0.7408,-7.7156,5.2069,2.7086,7.0986,5.0532,0.8121
1158.00,7.7273,4.9158,0.7408,-7.7156,5.2069,2.7089,7.0986,5.0532,0.8123
1158.50,7.7273,4.9158,0.7408,-7.7156,5.2069,2.7098,7.0986,5.0532,0.8132
1159.00,7.7273,4.9158,0.7408,-7.7156,5.2069,2.7103,7.0986,5.0532,0.8137
1159.50,7.7273,4.9158,0.7408,-7.7156,5.2069,2.7113,7.0986,5.0532,0.8147
1160.00,7.7273,4.9158,0.7408,-7.7156,5.2069,2.7121,7.0986,5.0532,0.8155
1160.50,7.7273,4.9158,0.7408,-7.7156,5.2069,2.7128,7.0986,5.0532,0.8162
1161.00,7.7273,4.9158,0.7408,-7.7156,5.2069,2.7135,7.0986,5.0532,0.8169
1161.50,7.7273,4.9158,0.7408,-7.7156,5.2069,2.7147,7.0986,5.0532,0.8181
1162.00,7.7273,4.9158,0.7408,-7.7156,5.2069,2.7153,7.0986,5.0532,0.8187
1162.50,7.7273,4.9158,0.7408,-7.7156,5.2069,2.7159,7.0986,5.0532,0.8193
1163.00,7.7273,4.9158,0.7408,-7.7156,5.2069,2.7164,7.0986,5.0532,0.8198
1163.50,7.7273,4.9158,0.7408,-7.7156,5.2069,2.7175,7.0986,5.0532,0.8209
1164.00,7.7273,4.9158,0.7408,-7.7156,5.2069,2.7178,7.0986,5.0532,0.8212
1164.50,7.7273,4.9158,0.7408,-7.7156,5.2069,2.7186,7.0986,5.0532,0.8220
1165.00,7.7273,4.9158,0.7408,-7.7156,5.2069,2.7196,7.0986,5.0532,0.8230
1165.50,7.7273,4.9158,0.7408,-7.7156,5.2069,2.7199,7.0986,5.0532,0.8233
1166.00,7.7273,4.9158,0.7408,-7.7156,5.2069,2.7202,7.0986,5.0532,0.8236
1166.50,7.7273,4.9158,0.7408,-7.7156,5.2069,2.7208,7.0986,5.0532,0.8242
1167.00,7.7273,4.9158,0.7408,-7.7156,5.2069,2.7218,7.0986,5.0532,0.8252
1167.50,7.7273,4.9158,0.7408,-7.7156,5.2069,2.7224,7.0986,5.0532,0.8258
1168.00,7.7273,4.9158,0.7408,-7.7156,5.2069,2.7234,7.0986,5.0532,0.8268
1168.50,7.7273,4.9158,0.7408,-7.7156,5.2069,2.7247,7.0986,5.0532,0.8281
1169.00,7.7273,4.9158,0.7408,-7.7156,5.2069,2.7254,7.0986,5.0532,0.8288
1169.50,7.7273,4.9158,0.7408,-7.7156,5.2069,2.7260,7.0986,5.0532,0.8294
1170.00,7.7273,4.9158,0.7408,-7.7156,5.2069,2.7262,7.0986,5.0532,0.8296
1170.50,7.7273,4.9158,0.7408,-7.7156,5.2069,2.7272,7.0986,5.0532,0.8306
1171.00,7.7273,4.9158,0.7408,-7.7156,5.2069,2.7272,7.0986,5.0532,0.8306
1171.50,7.7273,4.9158,0.7408,-7.7156,5.2069,2.7279,7.0986,5.0532,0.8313
1172.00,7.7273,4.9158,0.7408,-7.7156,5.2069,2.7286,7.0986,5.0532,0.8320
1172.50,7.7273,4.9158,0.7408,-7.7156,5.2069,2.7291,7.0986,5.0532,0.8325
1173.00,7.7273,4.9158,0.7408,-7.7156,5.2069,2.7297,7.0986,5.0532,0.8331
1173.50,7.7273,4.9158,0.7408,-7.7156,5.2069,2.7308,7.0986,5.0532,0.8342
1174.00,7.7273,4.9158,0.7408,-7.7156,5.2069,2.7316,7.0986,5.0532,0.8350
1174.50,7.7273,4.9158,0.7408,-7.7156,5.2069,2.7317,7.0986,5.0532,0.8351
1175.00,7.7273,4.9158,0.7408,-7.7156,5.2069,2.7329,7.0986,5.0532,0.8363
1175.50,7.7273,4.9158,0.7408,-7.7156,5.2069,2.7337,7.0986,5.0532,0.8371
1176.00,7.7273,4.9158,0.7408,-7.7156,5.2069,2.7345,7.0986,5.0532,0.8379
1176.50,7.7273,4.9158,0.7408,-7.7156,5.2069,2.7352,7.0986,5.0532,0.8387
1177.00,7.7273,4.9158,0.7408,-7.7156,5.2069,2.7357,7.0986,5.0532,0.8391
1177.50,7.7273,4.9158,0.7397,-7.7156,5.2069,2.7363,7.0986,5.0532,0.8397
1178.00,7.7273,4.9158,0.7397,-7.7156,5.2069,2.7371,7.0986,5.0532,0.8405
1178.50,7.7273,4.9158,0.7397,-7.7156,5.2069,2.7380,7.0986,5.0532,0.8415
1179.00,7.7273,4.9158,0.7397,-7.7156,5.2069,2.7384,7.0986,5.0532,0.8418
1179.50,7.7273,4.9158,0.7397,-7.7156,5.2069,2.7393,7.0986,5.0532,0.8427
1180.00,7.7273,4.9158,0.7397,-7.7156,5.2069,2.7399,7.0986,5.0532,0.8433
1180.50,7.7273,4.9158,0.7397,-7.7156,5.2069,2.7405,7.0986,5.0532,0.8439
1181.00,7.7273,4.9158,0.7397,-7.7156,5.2069,2.7412,7.0986,5.0532,0.8446
1181.50,7.7273,4.9158,0.7397,-7.7156,5.2069,2.7417,7.0986,5.0532,0.8451
1182.00,7.7273,4.9158,0.7397,-7.7156,5.2069,2.7419,7.0986,5.0532,0.8453
1182.50,7.7273,4.9158,0.7397,-7.7156,5.2069,2.7424,7.0986,5.0532,0.8458
1183.00,7.7274,4.9158,0.7386,-7.7156,5.2069,2.7432,7.0986,5.0532,0.8466
1183.50,7.7274,4.9158,0.7386,-7.7156,5.2069,2.7445,7.0986,5.0532,0.8479
1184.00,7.7274,4.9158,0.7386,-7.7156,5.2069,2.7451,7.0986,5.0532,0.8485
1184.50,7.7274,4.9158,0.7386,-7.7156,5.2069,2.7454,7.0986,5.0532,0.8488
1185.00,7.7274,4.9158,0.7386,-7.7156,5.2069,2.7459,7.0986,5.0532,0.8493
1185.50,7.7274,4.9158,0.7386,-7.7156,5.2069,2.7468,7.0986,5.0532,0.8502
1186.00,7.7274,4.9158,0.7386,-7.7156,5.2069,2.7472,7.0986,5.0532,0.8506
1186.50,7.7274,4.9158,0.7386,-7.7156,5.2069,2.7478,7.0986,5.0532,0.8512
1187.00,7.7274,4.9158,0.7386,-7.7156,5.2069,2.7483,7.0986,5.0532,0.8517
1187.50,7.7274,4.9158,0.7386,-7.7156,5.2069,2.7490,7.0986,5.0532,0.8524
1188.00,7.7274,4.9158,0.7386,-7.7156,5.2069,2.7493,7.0986,5.0532,0.8527
1188.50,7.7274,4.9158,0.7386,-7.7156,5.2069,2.7504,7.0986,5.0532,0.8538
1189.00,7.7274,4.9158,0.7386,-7.7156,5.2069,2.7513,7.0986,5.0532,0.8547
1189.50,7.7274,4.9158,0.7386,-7.7156,5.2069,2.7515,7.0986,5.0532,0.8550
1190.00,7.7274,4.9158,0.7386,-7.7156,5.2069,2.7520,7.0986,5.0532,0.8554
1190.50,7.7274,4.9158,0.7386,-7.7156,5.2069,2.7536,7.0986,5.0532,0.8571
1191.00,7.7274,4.9158,0.7386,-7.7156,5.2069,2.7544,7.0986,5.0532,0.8578
1191.50,7.7274,4.9158,0.7386,-7.7156,5.2069,2.7552,7.0986,5.0532,0.8586
1192.00,7.7274,4.9158,0.7386,-7.7156,5.2069,2.7554,7.0986,5.0532,0.8588
1192.50,7.7274,4.9158,0.7386,-7.7156,5.2069,2.7558,7.0986,5.0532,0.8592
1193.00,7.7274,4.9158,0.7386,-7.7156,5.2069,2.7565,7.0986,5.0532,0.8599
1193.50,7.7274,4.9158,0.7386,-7.7156,5.2069,2.7569,7.0986,5.0532,0.8603
1194.00,7.7274,4.9158,0.7386,-7.7156,5.2069,2.7574,7.0986,5.0532,0.8609
1194.50,7.7274,4.9158,0.7386,-7.7156,5.2069,2.7583,7.0986,5.0532,0.8617
1195.00,7.7274,4.9158,0.7386,-7.7156,5.2069,2.7585,7.0986,5.0532,0.8619
1195.50,7.7274,4.9158,0.7386,-7.7156,5.2069,2.7598,7.0986,5.0532,0.8632
1196.00,7.7274,4.9158,0.7386,-7.7156,5.2069,2.7604,7.0986,5.0532,0.8638
1196.50,7.7274,4.9158,0.7386,-7.7156,5.2069,2.7614,7.0986,5.0532,0.8648
1197.00,7.7274,4.9158,0.7386,-7.7156,5.2069,2.7618,7.0986,5.0532,0.8652
1197.50,7.7274,4.9158,0.7386,-7.7156,5.2069,2.7626,7.0986,5.0532,0.8660
1198.00,7.7274,4.9158,0.7386,-7.7156,5.2069,2.7634,7.0986,5.0532,0.8668
1198.50,7.7274,4.9158,0.7386,-7.7156,5.2069,2.7635,7.0986,5.0532,0.8669
1199.00,7.7274,4.9158,0.7386,-7.7156,5.2069,2.7645,7.0986,5.0532,0.8680
1199.50,7.7274,4.9158,0.7386,-7.7156,5.2069,2.7652,7.0986,5.0532,0.8686
1200.00,7.7274,4.9158,0.7386,-7.7156,5.2069,2.7653,7.0986,5.0532,0.8687
1200.50,7.7274,4.9158,0.7386,-7.7156,5.2069,2.7660,7.0986,5.0532,0.8694
1201.00,7.7274,4.9158,0.7386,-7.7156,5.2069,2.7671,7.0986,5.0532,0.8705
1201.50,7.7274,4.9158,0.7386,-7.7156,5.2069,2.7677,7.0986,5.0532,0.8712
1202.00,7.7274,4.9158,0.7386,-7.7156,5.2069,2.7684,7.0986,5.0532,0.8718
1202.50,7.7274,4.9158,0.7386,-7.7156,5.2069,2.7686,7.0986,5.0532,0.8721
1203.00,7.7274,4.9158,0.7386,-7.7156,5.2069,2.7693,7.0986,5.0532,0.8727
1203.50,7.7274,4.9158,0.7386,-7.7156,5.2069,2.7698,7.0986,5.0532,0.8732
1204.00,7.7274,4.9158,0.7386,-7.7156,5.2069,2.7701,7.0986,5.0532,0.8735
1204.50,7.7274,4.9158,0.7386,-7.7156,5.2069,2.7700,7.0986,5.0532,0.8734
1205.00,7.7274,4.9158,0.7386,-7.7156,5.2069,2.7709,7.0986,5.0532,0.8743
1205.50,7.7274,4.9158,0.7386,-7.7156,5.2069,2.7718,7.0986,5.0532,0.8752
1206.00,7.7274,4.9158,0.7386,-7.7156,5.2069,2.7728,7.0986,5.0532,0.8762
1206.50,7.7274,4.9158,0.7386,-7.7156,5.2069,2.7736,7.0986,5.0532,0.8770
1207.00,7.7274,4.9158,0.7386,-7.7156,5.2069,2.7737,7.0986,5.0532,0.8771
1207.50,7.7274,4.9158,0.7386,-7.7156,5.2069,2.7744,7.0986,5.0532,0.8778
1208.00,7.7274,4.9158,0.7386,-7.7156,5.2069,2.7743,7.0986,5.0532,0.8777
1208.50,7.7274,4.9158,0.7386,-7.7156,5.2069,2.7749,7.0986,5.0532,0.8784
1209.00,7.7274,4.9158,0.7386,-7.7156,5.2069,2.7761,7.0986,5.0532,0.8795
1209.50,7.7274,4.9158,0.7386,-7.7156,5.2069,2.7768,7.0986,5.0532,0.8803
1210.00,7.7274,4.9158,0.7386,-7.7156,5.2069,2.7769,7.0986,5.0532,0.8803
1210.50,7.7274,4.9158,0.7386,-7.7156,5.2069,2.7774,7.0986,5.0532,0.8808
1211.00,7.7274,4.9158,0.7386,-7.7156,5.2069,2.7782,7.0986,5.0532,0.8816
1211.50,7.7274,4.9158,0.7386,-7.7156,5.2069,2.7794,7.0986,5.0532,0.8828
1212.00,7.7274,4.9158,0.7386,-7.7156,5.2069,2.7800,7.0986,5.0532,0.8834
1212.50,7.7274,4.9158,0.7386,-7.7156,5.2069,2.7806,7.0986,5.0532,0.8840
1213.00,7.7274,4.9158,0.7386,-7.7156,5.2069,2.7813,7.0986,5.0532,0.8848
1213.50,7.7274,4.9158,0.7386,-7.7156,5.2069,2.7822,7.0986,5.0532,0.8856
1214.00,7.7274,4.9158,0.7384,-7.7156,5.2069,2.7830,7.0986,5.0532,0.8864
1214.50,7.7274,4.9158,0.7378,-7.7156,5.2069,2.7822,7.0986,5.0532,0.8857
1215.00,7.7274,4.9158,0.7378,-7.7156,5.2069,2.7835,7.0986,5.0532,0.8869
1215.50,7.7274,4.9158,0.7378,-7.7156,5.2069,2.7839,7.0986,5.0532,0.8873
1216.00,7.7274,4.9158,0.7378,-7.7156,5.2069,2.7844,7.0986,5.0532,0.8878
1216.50,7.7274,4.9158,0.7378,-7.7156,5.2069,2.7850,7.0986,5.0532,0.8884
1217.00,7.7274,4.9158,0.7378,-7.7156,5.2069,2.7855,7.0986,5.0532,0.8889
1217.50,7.7274,4.9158,0.7378,-7.7156,5.2069,2.7864,7.0986,5.0532,0.8898
1218.00,7.7274,4.9158,0.7378,-7.7156,5.2069,2.7870,7.0986,5.0532,0.8905
1218.50,7.7274,4.9158,0.7378,-7.7156,5.2069,2.7872,7.0986,5.0532,0.8906
1219.00,7.7274,4.9158,0.7378,-7.7156,5.2069,2.7874,7.0986,5.0532,0.8908
1219.50,7.7274,4.9158,0.7378,-7.7156,5.2069,2.7886,7.0986,5.0532,0.8920
1220.00,7.7274,4.9158,0.7378,-7.7156,5.2069,2.7897,7.0986,5.0532,0.8931
1220.50,7.7274,4.9158,0.7378,-7.7156,5.2069,2.7901,7.0986,5.0532,0.8936
1221.00,7.7274,4.9158,0.7378,-7.7156,5.2069,2.7906,7.0986,5.0532,0.8940
1221.50,7.7274,4.9158,0.7378,-7.7156,5.2069,2.7910,7.0986,5.0532,0.8944
1222.00,7.7274,4.9158,0.7378,-7.7156,5.2069,2.7914,7.0986,5.0532,0.8948
1222.50,7.7274,4.9158,0.7378,-7.7156,5.2069,2.7918,7.0986,5.0532,0.8952
1223.00,7.7274,4.9158,0.7378,-7.7156,5.2069,2.7929,7.0986,5.0532,0.8963
1223.50,7.7274,4.9158,0.7378,-7.7156,5.2069,2.7937,7.0986,5.0532,0.8971
1224.00,7.7274,4.9158,0.7378,-7.7156,5.2069,2.7947,7.0986,5.0532,0.8981
1224.50,7.7274,4.9158,0.7378,-7.7156,5.2069,2.7953,7.0986,5.0532,0.8987
1225.00,7.7274,4.9158,0.7378,-7.7156,5.2069,2.7958,7.0986,5.0532,0.8992
1225.50,7.7274,4.9158,0.7378,-7.7156,5.2069,2.7969,7.0986,5.0532,0.9003
1226.00,7.7274,4.9158,0.7378,-7.7156,5.2069,2.7975,7.0986,5.0532,0.9009
1226.50,7.7274,4.9158,0.7378,-7.7156,5.2069,2.7982,7.0986,5.0532,0.9016
1227.00,7.7274,4.9158,0.7378,-7.7156,5.2069,2.7989,7.0986,5.0532,0.9023
1227.50,7.7274,4.9158,0.7378,-7.7156,5.2069,2.7999,7.0986,5.0532,0.9033
1228.00,7.7274,4.9158,0.7378,-7.7156,5.2069,2.8003,7.0986,5.0532,0.9037
1228.50,7.7274,4.9158,0.7378,-7.7156,5.2069,2.8008,7.0986,5.0532,0.9042
1229.00,7.7274,4.9158,0.7378,-7.7156,5.2069,2.8010,7.0986,5.0532,0.9044
1229.50,7.7274,4.9158,0.7378,-7.7156,5.2069,2.8018,7.0986,5.0532,0.9052
1230.00,7.7274,4.9158,0.7378,-7.7156,5.2069,2.8026,7.0986,5.0532,0.9060
1230.50,7.7274,4.9158,0.7378,-7.7156,5.2069,2.8032,7.0986,5.0532,0.9066
1231.00,7.7274,4.9158,0.7378,-7.7156,5.2069,2.8036,7.0986,5.0532,0.9070
1231.50,7.7274,4.9158,0.7378,-7.7156,5.2069,2.8041,7.0986,5.0532,0.9075
1232.00,7.7274,4.9158,0.7378,-7.7156,5.2069,2.8051,7.0986,5.0532,0.9085
1232.50,7.7274,4.9158,0.7378,-7.7156,5.2069,2.8054,7.0986,5.0532,0.9088
1233.00,7.7274,4.9158,0.7378,-7.7156,5.2069,2.8057,7.0986,5.0532,0.9091
1233.50,7.7274,4.9158,0.7378,-7.7156,5.2069,2.8072,7.0986,5.0532,0.9106
1234.00,7.7274,4.9158,0.7378,-7.7156,5.2069,2.8079,7.0986,5.0532,0.9114
1234.50,7.7274,4.9158,0.7378,-7.7156,5.2069,2.8086,7.0986,5.0532,0.9120
1235.00,7.7274,4.9158,0.7378,-7.7156,5.2069,2.8094,7.0986,5.0532,0.9129
1235.50,7.7274,4.9158,0.7378,-7.7156,5.2069,2.8096,7.0986,5.0532,0.9130
1236.00,7.7274,4.9158,0.7378,-7.7156,5.2069,2.8099,7.0986,5.0532,0.9133
1236.50,7.7274,4.9158,0.7378,-7.7156,5.2069,2.8105,7.0986,5.0532,0.9140
1237.00,7.7274,4.9158,0.7378,-7.7156,5.2069,2.8116,7.0986,5.0532,0.9150
1237.50,7.7274,4.9158,0.7378,-7.7156,5.2069,2.8123,7.0986,5.0532,0.9157
1238.00,7.7274,4.9158,0.7378,-7.7156,5.2069,2.8132,7.0986,5.0532,0.9166
1238.50,7.7274,4.9158,0.7378,-7.7156,5.2069,2.8134,7.0986,5.0532,0.9168
1239.00,7.7274,4.9158,0.7378,-7.7156,5.2069,2.8146,7.0986,5.0532,0.9180
1239.50,7.7274,4.9158,0.7378,-7.7156,5.2069,2.8149,7.0986,5.0532,0.9183
1240.00,7.7274,4.9158,0.7378,-7.7156,5.2069,2.8154,7.0986,5.0532,0.9188
1240.50,7.7274,4.9158,0.7378,-7.7156,5.2069,2.8155,7.0986,5.0532,0.9189
1241.00,7.7274,4.9158,0.7378,-7.7156,5.2069,2.8166,7.0986,5.0532,0.9200
1241.50,7.7274,4.9158,0.7378,-7.7156,5.2069,2.8172,7.0986,5.0532,0.9207
1242.00,7.7274,4.9158,0.7378,-7.7156,5.2069,2.8178,7.0986,5.0532,0.9212
1242.50,7.7274,4.9158,0.7378,-7.7156,5.2069,2.8189,7.0986,5.0532,0.9223
1243.00,7.7274,4.9158,0.7378,-7.7156,5.2069,2.8197,7.0986,5.0532,0.9231
1243.50,7.7274,4.9158,0.7378,-7.7156,5.2069,2.8203,7.0986,5.0532,0.9237
1244.00,7.7274,4.9158,0.7378,-7.7156,5.2069,2.8210,7.0986,5.0532,0.9244
1244.50,7.7274,4.9158,0.7378,-7.7156,5.2069,2.8219,7.0986,5.0532,0.9253
1245.00,7.7274,4.9158,0.7378,-7.7156,5.2069,2.8226,7.0986,5.0532,0.9260
1245.50,7.7274,4.9158,0.7378,-7.7156,5.2069,2.8226,7.0986,5.0532,0.9260
1246.00,7.7274,4.9158,0.7378,-7.7156,5.2069,2.8229,7.0986,5.0532,0.9263
1246.50,7.7274,4.9158,0.7378,-7.7156,5.2069,2.8238,7.0986,5.0532,0.9272
1247.00,7.7274,4.9158,0.7378,-7.7156,5.2069,2.8242,7.0986,5.0532,0.9277
1247.50,7.7274,4.9158,0.7378,-7.7156,5.2069,2.8248,7.0986,5.0532,0.9282
1248.00,7.7274,4.9158,0.7378,-7.7156,5.2069,2.8250,7.0986,5.0532,0.9284
1248.50,7.7274,4.9158,0.7378,-7.7156,5.2069,2.8256,7.0986,5.0532,0.9291
1249.00,7.7274,4.9158,0.7378,-7.7156,5.2069,2.8258,7.0986,5.0532,0.9293
1249.50,7.7274,4.9158,0.7378,-7.7156,5.2069,2.8265,7.0986,5.0532,0.9299
1250.00,7.7274,4.9158,0.7378,-7.7156,5.2069,2.8270,7.0986,5.0532,0.9304
1250.50,7.7274,4.9158,0.7378,-7.7156,5.2069,2.8274,7.0986,5.0532,0.9308
1251.00,7.7274,4.9158,0.7378,-7.7156,5.2069,2.8282,7.0986,5.0532,0.9316
1251.50,7.7274,4.9158,0.7378,-7.7156,5.2069,2.8285,7.0986,5.0532,0.9319
1252.00,7.7274,4.9158,0.7378,-7.7156,5.2069,2.8290,7.0986,5.0532,0.9324
1252.50,7.7274,4.9158,0.7378,-7.7156,5.2069,2.8292,7.0986,5.0532,0.9326
1253.00,7.7274,4.9158,0.7378,-7.7156,5.2069,2.8298,7.0986,5.0532,0.9332
1253.50,7.7274,4.9158,0.7378,-7.7156,5.2069,2.8303,7.0986,5.0532,0.9337
1254.00,7.7274,4.9158,0.7378,-7.7156,5.2069,2.8310,7.0986,5.0532,0.9344
1254.50,7.7274,4.9158,0.7378,-7.7156,5.2069,2.8316,7.0986,5.0532,0.9350
1255.00,7.7274,4.9158,0.7378,-7.7156,5.2069,2.8320,7.0986,5.0532,0.9354
1255.50,7.7274,4.9158,0.7378,-7.7156,5.2069,2.8332,7.0986,5.0532,0.9366
1256.00,7.7274,4.9158,0.7378,-7.7156,5.2069,2.8337,7.0986,5.0532,0.9372
1256.50,7.7274,4.9158,0.7378,-7.7156,5.2069,2.8342,7.0986,5.0532,0.9376
1257.00,7.7274,4.9158,0.7378,-7.7156,5.2069,2.8341,7.0986,5.0532,0.9375
1257.50,7.7274,4.9158,0.7378,-7.7156,5.2069,2.8349,7.0986,5.0532,0.9383
1258.00,7.7274,4.9158,0.7378,-7.7156,5.2069,2.8353,7.0986,5.0532,0.9387
1258.50,7.7274,4.9158,0.7378,-7.7156,5.2069,2.8353,7.0986,5.0532,0.9387
1259.00,7.7274,4.9158,0.7378,-7.7156,5.2069,2.8356,7.0986,5.0532,0.9390
1259.50,7.7274,4.9158,0.7378,-7.7156,5.2069,2.8359,7.0986,5.0532,0.9394
1260.00,7.7274,4.9158,0.7378,-7.7156,5.2069,2.8365,7.0986,5.0532,0.9399
1260.50,7.7274,4.9158,0.7378,-7.7156,5.2069,2.8367,7.0986,5.0532,0.9401
1261.00,7.7274,4.9158,0.7378,-7.7156,5.2069,2.8372,7.0986,5.0532,0.9406
1261.50,7.7274,4.9158,0.7378,-7.7156,5.2069,2.8375,7.0986,5.0532,0.9409
1262.00,7.7274,4.9158,0.7378,-7.7156,5.2069,2.8379,7.0986,5.0532,0.9413
1262.50,7.7274,4.9158,0.7378,-7.7156,5.2069,2.8381,7.0986,5.0532,0.9415
1263.00,7.7274,4.9158,0.7378,-7.7156,5.2069,2.8381,7.0986,5.0532,0.9415
1263.50,7.7274,4.9158,0.7371,-7.7156,5.2068,2.8368,7.0986,5.0532,0.9402
1264.00,7.7274,4.9158,0.7371,-7.7156,5.2068,2.8372,7.0986,5.0532,0.9406
1264.50,7.7274,4.9158,0.7364,-7.7156,5.2069,2.8354,7.0986,5.0532,0.9388
1265.00,7.7274,4.9158,0.7364,-7.7156,5.2069,2.8357,7.0986,5.0532,0.9391
1265.50,7.7274,4.9158,0.7364,-7.7156,5.2069,2.8363,7.0986,5.0532,0.9398
1266.00,7.7274,4.9158,0.7364,-7.7156,5.2069,2.8371,7.0986,5.0532,0.9405
1266.50,7.7274,4.9158,0.7364,-7.7156,5.2069,2.8378,7.0986,5.0532,0.9412
1267.00,7.7274,4.9158,0.7364,-7.7156,5.2069,2.8381,7.0986,5.0532,0.9415
1267.50,7.7274,4.9158,0.7364,-7.7156,5.2069,2.8388,7.0986,5.0532,0.9422
1268.00,7.7274,4.9158,0.7364,-7.7156,5.2069,2.8395,7.0986,5.0532,0.9429
1268.50,7.7274,4.9158,0.7364,-7.7156,5.2069,2.8400,7.0986,5.0532,0.9434
1269.00,7.7274,4.9158,0.7364,-7.7156,5.2069,2.8403,7.0986,5.0532,0.9437
1269.50,7.7274,4.9158,0.7364,-7.7156,5.2069,2.8410,7.0986,5.0532,0.9444
1270.00,7.7274,4.9158,0.7364,-7.7156,5.2069,2.8417,7.0986,5.0532,0.9451
1270.50,7.7274,4.9158,0.7364,-7.7156,5.2069,2.8419,7.0986,5.0532,0.9453
1271.00,7.7274,4.9158,0.7364,-7.7156,5.2069,2.8422,7.0986,5.0532,0.9456
1271.50,7.7274,4.9158,0.7364,-7.7156,5.2069,2.8421,7.0986,5.0532,0.9455
1272.00,7.7274,4.9158,0.7364,-7.7156,5.2069,2.8430,7.0986,5.0532,0.9464
1272.50,7.7274,4.9158,0.7364,-7.7156,5.2069,2.8436,7.0986,5.0532,0.9470
1273.00,7.7274,4.9158,0.7364,-7.7156,5.2069,2.8431,7.0986,5.0532,0.9465
1273.50,7.7274,4.9158,0.7364,-7.7156,5.2069,2.8440,7.0986,5.0532,0.9474
1274.00,7.7274,4.9158,0.7364,-7.7156,5.2069,2.8449,7.0986,5.0532,0.9483
1274.50,7.7274,4.9158,0.7364,-7.7156,5.2069,2.8457,7.0986,5.0532,0.9491
1275.00,7.7274,4.9158,0.7364,-7.7156,5.2069,2.8462,7.0986,5.0532,0.9496
1275.50,7.7274,4.9158,0.7364,-7.7156,5.2069,2.8469,7.0986,5.0532,0.9503
1276.00,7.7274,4.9158,0.7364,-7.7156,5.2069,2.8469,7.0986,5.0532,0.9503
1276.50,7.7274,4.9158,0.7364,-7.7156,5.2069,2.8475,7.0986,5.0532,0.9509
1277.00,7.7274,4.9158,0.7364,-7.7156,5.2069,2.8480,7.0986,5.0532,0.9514
1277.50,7.7274,4.9158,0.7364,-7.7156,5.2069,2.8490,7.0986,5.0532,0.9524
1278.00,7.7274,4.9158,0.7364,-7.7156,5.2069,2.8500,7.0986,5.0532,0.9534
1278.50,7.7274,4.9158,0.7364,-7.7156,5.2069,2.8506,7.0986,5.0532,0.9540
1279.00,7.7274,4.9158,0.7364,-7.7156,5.2069,2.8515,7.0986,5.0532,0.9549
1279.50,7.7274,4.9158,0.7364,-7.7156,5.2069,2.8522,7.0986,5.0532,0.9556
1280.00,7.7274,4.9158,0.7364,-7.7156,5.2069,2.8527,7.0986,5.0532,0.9561
1280.50,7.7274,4.9158,0.7364,-7.7156,5.2069,2.8534,7.0986,5.0532,0.9568
1281.00,7.7274,4.9158,0.7364,-7.7156,5.2069,2.8537,7.0986,5.0532,0.9572
1281.50,7.7274,4.9158,0.7364,-7.7156,5.2069,2.8553,7.0986,5.0532,0.9587
1282.00,7.7274,4.9158,0.7364,-7.7156,5.2069,2.8563,7.0986,5.0532,0.9598
1282.50,7.7274,4.9158,0.7364,-7.7156,5.2069,2.8571,7.0986,5.0532,0.9605
1283.00,7.7274,4.9158,0.7364,-7.7156,5.2069,2.8578,7.0986,5.0532,0.9613
1283.50,7.7274,4.9158,0.7364,-7.7156,5.2069,2.8589,7.0986,5.0532,0.9623
1284.00,7.7274,4.9158,0.7364,-7.7156,5.2069,2.8592,7.0986,5.0532,0.9626
1284.50,7.7274,4.9158,0.7364,-7.7156,5.2069,2.8599,7.0986,5.0532,0.9633
1285.00,7.7274,4.9158,0.7364,-7.7156,5.2069,2.8607,7.0986,5.0532,0.9641
1285.50,7.7274,4.9158,0.7364,-7.7156,5.2069,2.8610,7.0986,5.0532,0.9644
1286.00,7.7274,4.9158,0.7364,-7.7156,5.2069,2.8618,7.0986,5.0532,0.9652
1286.50,7.7274,4.9158,0.7364,-7.7156,5.2069,2.8628,7.0986,5.0532,0.9662
1287.00,7.7274,4.9158,0.7364,-7.7156,5.2069,2.8641,7.0986,5.0532,0.9675
1287.50,7.7274,4.9158,0.7364,-7.7156,5.2069,2.8649,7.0986,5.0532,0.9683
1288.00,7.7274,4.9158,0.7364,-7.7156,5.2069,2.8653,7.0986,5.0532,0.9687
1288.50,7.7274,4.9158,0.7364,-7.7156,5.2069,2.8656,7.0986,5.0532,0.9690
1289.00,7.7274,4.9158,0.7364,-7.7156,5.2069,2.8660,7.0986,5.0532,0.9694
1289.50,7.7274,4.9158,0.7364,-7.7156,5.2069,2.8668,7.0986,5.0532,0.9702
1290.00,7.7274,4.9158,0.7364,-7.7156,5.2069,2.8668,7.0986,5.0532,0.9702
1290.50,7.7274,4.9158,0.7364,-7.7156,5.2069,2.8673,7.0986,5.0532,0.9707
1291.00,7.7274,4.9158,0.7364,-7.7156,5.2069,2.8676,7.0986,5.0532,0.9710
1291.50,7.7274,4.9158,0.7364,-7.7156,5.2069,2.8679,7.0986,5.0532,0.9713
1292.00,7.7274,4.9158,0.7364,-7.7156,5.2069,2.8685,7.0986,5.0532,0.9719
1292.50,7.7274,4.9158,0.7364,-7.7156,5.2069,2.8693,7.0986,5.0532,0.9727
1293.00,7.7274,4.9158,0.7364,-7.7156,5.2069,2.8698,7.0986,5.0532,0.9732
1293.50,7.7274,4.9158,0.7364,-7.7156,5.2069,2.8702,7.0986,5.0532,0.9736
1294.00,7.7274,4.9158,0.7364,-7.7156,5.2069,2.8710,7.0986,5.0532,0.9744
1294.50,7.7274,4.9158,0.7364,-7.7156,5.2069,2.8722,7.0986,5.0532,0.9756
1295.00,7.7274,4.9158,0.7364,-7.7156,5.2069,2.8729,7.0986,5.0532,0.9763
1295.50,7.7274,4.9158,0.7364,-7.7156,5.2069,2.8738,7.0986,5.0532,0.9772
1296.00,7.7274,4.9158,0.7364,-7.7156,5.2069,2.8742,7.0986,5.0532,0.9776
1296.50,7.7274,4.9158,0.7364,-7.7156,5.2069,2.8743,7.0986,5.0532,0.9777
1297.00,7.7274,4.9158,0.7364,-7.7156,5.2069,2.8756,7.0986,5.0532,0.9790
1297.50,7.7274,4.9158,0.7364,-7.7156,5.2069,2.8761,7.0986,5.0532,0.9795
1298.00,7.7274,4.9158,0.7364,-7.7156,5.2069,2.8767,7.0986,5.0532,0.9801
1298.50,7.7274,4.9158,0.7364,-7.7156,5.2069,2.8771,7.0986,5.0532,0.9805
1299.00,7.7274,4.9158,0.7364,-7.7156,5.2069,2.8773,7.0986,5.0532,0.9807
1299.50,7.7274,4.9158,0.7364,-7.7156,5.2069,2.8783,7.0986,5.0532,0.9818
1300.00,7.7274,4.9158,0.7364,-7.7156,5.2069,2.8795,7.0986,5.0532,0.9829
1300.50,7.7274,4.9158,0.7364,-7.7156,5.2069,2.8805,7.0986,5.0532,0.9839
1301.00,7.7274,4.9158,0.7364,-7.7156,5.2069,2.8810,7.0986,5.0532,0.9844
1301.50,7.7274,4.9158,0.7364,-7.7156,5.2069,2.8815,7.0986,5.0532,0.9849
1302.00,7.7274,4.9158,0.7364,-7.7156,5.2069,2.8822,7.0986,5.0532,0.9856
1302.50,7.7274,4.9158,0.7364,-7.7156,5.2069,2.8826,7.0986,5.0532,0.9860
1303.00,7.7274,4.9158,0.7364,-7.7156,5.2069,2.8833,7.0986,5.0532,0.9867
1303.50,7.7274,4.9158,0.7364,-7.7156,5.2069,2.8835,7.0986,5.0532,0.9869
1304.00,7.7274,4.9158,0.7364,-7.7156,5.2069,2.8840,7.0986,5.0532,0.9874
1304.50,7.7274,4.9158,0.7364,-7.7156,5.2069,2.8842,7.0986,5.0532,0.9876
1305.00,7.7274,4.9158,0.7364,-7.7156,5.2069,2.8843,7.0986,5.0532,0.9877
1305.50,7.7274,4.9158,0.7364,-7.7156,5.2069,2.8843,7.0986,5.0532,0.9877
1306.00,7.7274,4.9158,0.7364,-7.7156,5.2069,2.8848,7.0986,5.0532,0.9882
1306.50,7.7274,4.9158,0.7364,-7.7156,5.2069,2.8848,7.0986,5.0532,0.9883
1307.00,7.7274,4.9158,0.7364,-7.7156,5.2069,2.8852,7.0986,5.0532,0.9886
1307.50,7.7274,4.9158,0.7364,-7.7156,5.2069,2.8855,7.0986,5.0532,0.9889
1308.00,7.7274,4.9158,0.7364,-7.7156,5.2069,2.8861,7.0986,5.0532,0.9895
1308.50,7.7274,4.9158,0.7364,-7.7156,5.2069,2.8866,7.0986,5.0532,0.9900
1309.00,7.7274,4.9158,0.7364,-7.7156,5.2069,2.8871,7.0986,5.0532,0.9905
1309.50,7.7274,4.9158,0.7364,-7.7156,5.2069,2.8873,7.0986,5.0532,0.9908
1310.00,7.7274,4.9158,0.7364,-7.7156,5.2069,2.8878,7.0986,5.0532,0.9912
1310.50,7.7274,4.9158,0.7364,-7.7156,5.2069,2.8886,7.0986,5.0532,0.9920
1311.00,7.7274,4.9158,0.7364,-7.7156,5.2069,2.8893,7.0986,5.0532,0.9927
1311.50,7.7274,4.9158,0.7364,-7.7156,5.2069,2.8897,7.0986,5.0532,0.9932
1312.00,7.7274,4.9158,0.7364,-7.7156,5.2069,2.8898,7.0986,5.0532,0.9932
1312.50,7.7274,4.9158,0.7364,-7.7156,5.2069,2.8899,7.0986,5.0532,0.9933
1313.00,7.7274,4.9158,0.7364,-7.7156,5.2069,2.8908,7.0986,5.0532,0.9943
1313.50,7.7274,4.9158,0.7364,-7.7156,5.2069,2.8913,7.0986,5.0532,0.9948
1314.00,7.7274,4.9158,0.7364,-7.7156,5.2069,2.8914,7.0986,5.0532,0.9948
1314.50,7.7274,4.9158,0.7364,-7.7156,5.2069,2.8919,7.0986,5.0532,0.9954
1315.00,7.7274,4.9158,0.7364,-7.7156,5.2069,2.8931,7.0986,5.0532,0.9965
1315.50,7.7274,4.9158,0.7364,-7.7156,5.2069,2.8935,7.0986,5.0532,0.9969
1316.00,7.7274,4.9158,0.7364,-7.7156,5.2069,2.8942,7.0986,5.0532,0.9976
1316.50,7.7274,4.9158,0.7364,-7.7156,5.2069,2.8953,7.0986,5.0532,0.9987
1317.00,7.7274,4.9158,0.7364,-7.7156,5.2069,2.8960,7.0986,5.0532,0.9994
1317.50,7.7274,4.9158,0.7364,-7.7156,5.2069,2.8962,7.0986,5.0532,0.9996
1318.00,7.7274,4.9158,0.7364,-7.7156,5.2069,2.8962,7.0986,5.0532,0.9997
1318.50,7.7274,4.9158,0.7364,-7.7156,5.2069,2.8970,7.0986,5.0532,1.0004
1319.00,7.7274,4.9158,0.7364,-7.7156,5.2069,2.8974,7.0986,5.0532,1.0008
1319.50,7.7274,4.9158,0.7364,-7.7156,5.2069,2.8980,7.0986,5.0532,1.0014
1320.00,7.7274,4.9158,0.7364,-7.7156,5.2069,2.8987,7.0986,5.0532,1.0021
1320.50,7.7274,4.9158,0.7364,-7.7156,5.2069,2.8994,7.0986,5.0532,1.0028
1321.00,7.7274,4.9158,0.7364,-7.7156,5.2069,2.8995,7.0986,5.0532,1.0029
1321.50,7.7274,4.9158,0.7364,-7.7156,5.2069,2.9002,7.0986,5.0532,1.0036
1322.00,7.7274,4.9158,0.7364,-7.7156,5.2069,2.9008,7.0986,5.0532,1.0042
1322.50,7.7274,4.9158,0.7364,-7.7156,5.2069,2.9019,7.0986,5.0532,1.0053
1323.00,7.7274,4.9158,0.7364,-7.7156,5.2069,2.9024,7.0986,5.0532,1.0058
1323.50,7.7274,4.9158,0.7364,-7.7156,5.2069,2.9025,7.0986,5.0532,1.0059
1324.00,7.7274,4.9158,0.7364,-7.7156,5.2069,2.9029,7.0986,5.0532,1.0063
1324.50,7.7274,4.9158,0.7364,-7.7156,5.2069,2.9038,7.0986,5.0532,1.0072
1325.00,7.7274,4.9158,0.7364,-7.7156,5.2069,2.9044,7.0986,5.0532,1.0078
1325.50,7.7274,4.9158,0.7364,-7.7156,5.2069,2.9049,7.0986,5.0532,1.0083
1326.00,7.7274,4.9158,0.7364,-7.7156,5.2069,2.9055,7.0986,5.0532,1.0089
1326.50,7.7274,4.9158,0.7364,-7.7156,5.2069,2.9063,7.0986,5.0532,1.0097
1327.00,7.7274,4.9158,0.7364,-7.7156,5.2069,2.9065,7.0986,5.0532,1.0099
1327.50,7.7274,4.9158,0.7364,-7.7156,5.2069,2.9069,7.0986,5.0532,1.0103
1328.00,7.7274,4.9158,0.7364,-7.7156,5.2069,2.9079,7.0986,5.0532,1.0113
1328.50,7.7274,4.9158,0.7364,-7.7156,5.2069,2.9079,7.0986,5.0532,1.0113
1329.00,7.7274,4.9158,0.7364,-7.7156,5.2069,2.9085,7.0986,5.0532,1.0119
1329.50,7.7274,4.9158,0.7364,-7.7156,5.2069,2.9089,7.0986,5.0532,1.0123
1330.00,7.7274,4.9158,0.7364,-7.7156,5.2069,2.9095,7.0986,5.0532,1.0129
1330.50,7.7274,4.9158,0.7364,-7.7156,5.2069,2.9101,7.0986,5.0532,1.0135
1331.00,7.7274,4.9158,0.7364,-7.7156,5.2069,2.9107,7.0986,5.0532,1.0141
1331.50,7.7274,4.9158,0.7364,-7.7156,5.2069,2.9112,7.0986,5.0532,1.0146
1332.00,7.7274,4.9158,0.7364,-7.7156,5.2069,2.9122,7.0986,5.0532,1.0156
1332.50,7.7274,4.9158,0.7364,-7.7156,5.2069,2.9132,7.0986,5.0532,1.0166
1333.00,7.7274,4.9158,0.7364,-7.7156,5.2069,2.9140,7.0986,5.0532,1.0174
1333.50,7.7274,4.9158,0.7364,-7.7156,5.2069,2.9146,7.0986,5.0532,1.0180
1334.00,7.7274,4.9158,0.7364,-7.7156,5.2069,2.9153,7.0986,5.0532,1.0187
1334.50,7.7274,4.9158,0.7364,-7.7156,5.2069,2.9158,7.0986,5.0532,1.0192
1335.00,7.7274,4.9158,0.7364,-7.7156,5.2069,2.9167,7.0986,5.0532,1.0201
1335.50,7.7274,4.9158,0.7364,-7.7156,5.2069,2.9172,7.0986,5.0532,1.0206
1336.00,7.7274,4.9158,0.7364,-7.7156,5.2069,2.9183,7.0986,5.0532,1.0217
1336.50,7.7274,4.9158,0.7364,-7.7156,5.2069,2.9191,7.0986,5.0532,1.0225
1337.00,7.7274,4.9158,0.7364,-7.7156,5.2069,2.9195,7.0986,5.0532,1.0229
1337.50,7.7274,4.9158,0.7364,-7.7156,5.2069,2.9200,7.0986,5.0532,1.0234
1338.00,7.7274,4.9158,0.7364,-7.7156,5.2069,2.9203,7.0986,5.0532,1.0237
1338.50,7.7274,4.9158,0.7364,-7.7156,5.2069,2.9205,7.0986,5.0532,1.0239
1339.00,7.7274,4.9158,0.7364,-7.7156,5.2069,2.9212,7.0986,5.0532,1.0246
1339.50,7.7274,4.9158,0.7364,-7.7156,5.2069,2.9221,7.0986,5.0532,1.0255
1340.00,7.7274,4.9158,0.7364,-7.7156,5.2069,2.9229,7.0986,5.0532,1.0263
1340.50,7.7274,4.9158,0.7364,-7.7156,5.2069,2.9231,7.0986,5.0532,1.0265
1341.00,7.7274,4.9158,0.7364,-7.7156,5.2069,2.9241,7.0986,5.0532,1.0275
1341.50,7.7274,4.9158,0.7364,-7.7156,5.2069,2.9244,7.0986,5.0532,1.0278
1342.00,7.7274,4.9158,0.7364,-7.7156,5.2069,2.9255,7.0986,5.0532,1.0289
1342.50,7.7274,4.9158,0.7364,-7.7156,5.2069,2.9266,7.0986,5.0532,1.0300
1343.00,7.7274,4.9158,0.7364,-7.7156,5.2069,2.9274,7.0986,5.0532,1.0308
1343.50,7.7274,4.9158,0.7364,-7.7156,5.2069,2.9278,7.0986,5.0532,1.0312
1344.00,7.7274,4.9158,0.7364,-7.7156,5.2069,2.9289,7.0986,5.0532,1.0323
1344.50,7.7274,4.9158,0.7364,-7.7156,5.2069,2.9294,7.0986,5.0532,1.0328
1345.00,7.7274,4.9158,0.7364,-7.7156,5.2069,2.9296,7.0986,5.0532,1.0330
1345.50,7.7274,4.9158,0.7364,-7.7156,5.2069,2.9301,7.0986,5.0532,1.0335
1346.00,7.7274,4.9158,0.7364,-7.7156,5.2069,2.9306,7.0986,5.0532,1.0340
1346.50,7.7274,4.9158,0.7364,-7.7156,5.2069,2.9314,7.0986,5.0532,1.0348
1347.00,7.7274,4.9158,0.7364,-7.7156,5.2069,2.9323,7.0986,5.0532,1.0358
1347.50,7.7274,4.9158,0.7364,-7.7156,5.2069,2.9328,7.0986,5.0532,1.0362
1348.00,7.7274,4.9158,0.7364,-7.7156,5.2069,2.9329,7.0986,5.0532,1.0363
1348.50,7.7274,4.9158,0.7364,-7.7156,5.2069,2.9335,7.0986,5.0532,1.0369
1349.00,7.7274,4.9158,0.7364,-7.7156,5.2069,2.9346,7.0986,5.0532,1.0380
1349.50,7.7274,4.9158,0.7364,-7.7156,5.2069,2.9356,7.0986,5.0532,1.0390
1350.00,7.7274,4.9158,0.7364,-7.7156,5.2069,2.9360,7.0986,5.0532,1.0394
1350.50,7.7274,4.9158,0.7364,-7.7156,5.2069,2.9370,7.0986,5.0532,1.0404
1351.00,7.7274,4.9158,0.7364,-7.7156,5.2069,2.9379,7.0986,5.0532,1.0413
1351.50,7.7274,4.9158,0.7364,-7.7156,5.2069,2.9389,7.0986,5.0532,1.0423
1352.00,7.7274,4.9158,0.7364,-7.7156,5.2069,2.9392,7.0986,5.0532,1.0426
1352.50,7.7274,4.9158,0.7364,-7.7156,5.2069,2.9397,7.0986,5.0532,1.0431
1353.00,7.7274,4.9158,0.7364,-7.7156,5.2069,2.9405,7.0986,5.0532,1.0439
1353.50,7.7274,4.9158,0.7364,-7.7156,5.2069,2.9404,7.0986,5.0532,1.0439
1354.00,7.7274,4.9158,0.7364,-7.7156,5.2069,2.9411,7.0986,5.0532,1.0445
1354.50,7.7274,4.9158,0.7364,-7.7156,5.2069,2.9415,7.0986,5.0532,1.0449
1355.00,7.7274,4.9158,0.7364,-7.7156,5.2069,2.9419,7.0986,5.0532,1.0453
1355.50,7.7274,4.9158,0.7364,-7.7156,5.2069,2.9424,7.0986,5.0532,1.0458
1356.00,7.7274,4.9158,0.7364,-7.7156,5.2069,2.9435,7.0986,5.0532,1.0469
1356.50,7.7274,4.9158,0.7364,-7.7156,5.2069,2.9441,7.0986,5.0532,1.0475
1357.00,7.7274,4.9158,0.7364,-7.7156,5.2069,2.9455,7.0986,5.0532,1.0489
1357.50,7.7274,4.9158,0.7364,-7.7156,5.2069,2.9464,7.0986,5.0532,1.0498
1358.00,7.7274,4.9158,0.7364,-7.7156,5.2069,2.9466,7.0986,5.0532,1.0500
1358.50,7.7274,4.9158,0.7364,-7.7156,5.2069,2.9470,7.0986,5.0532,1.0504
1359.00,7.7274,4.9158,0.7364,-7.7156,5.2069,2.9479,7.0986,5.0532,1.0513
1359.50,7.7274,4.9158,0.7364,-7.7156,5.2069,2.9489,7.0986,5.0532,1.0523
1360.00,7.7274,4.9158,0.7364,-7.7156,5.2069,2.9493,7.0986,5.0532,1.0527
1360.50,7.7274,4.9158,0.7364,-7.7156,5.2069,2.9504,7.0986,5.0532,1.0538
1361.00,7.7274,4.9158,0.7364,-7.7156,5.2069,2.9516,7.0986,5.0532,1.0550
1361.50,7.7274,4.9158,0.7364,-7.7156,5.2069,2.9528,7.0986,5.0532,1.0562
1362.00,7.7274,4.9158,0.7364,-7.7156,5.2069,2.9532,7.0986,5.0532,1.0567
1362.50,7.7274,4.9158,0.7364,-7.7156,5.2069,2.9544,7.0986,5.0532,1.0578
1363.00,7.7274,4.9158,0.7364,-7.7156,5.2069,2.9543,7.0986,5.0532,1.0578
1363.50,7.7274,4.9158,0.7364,-7.7156,5.2069,2.9557,7.0986,5.0532,1.0591
1364.00,7.7274,4.9158,0.7364,-7.7156,5.2069,2.9561,7.0986,5.0532,1.0596
1364.50,7.7274,4.9158,0.7364,-7.7156,5.2069,2.9571,7.0986,5.0532,1.0605
1365.00,7.7274,4.9158,0.7364,-7.7156,5.2069,2.9581,7.0986,5.0532,1.0616
1365.50,7.7274,4.9158,0.7364,-7.7156,5.2069,2.9588,7.0986,5.0532,1.0622
1366.00,7.7274,4.9158,0.7364,-7.7156,5.2069,2.9593,7.0986,5.0532,1.0627
1366.50,7.7274,4.9158,0.7364,-7.7156,5.2069,2.9603,7.0986,5.0532,1.0637
1367.00,7.7274,4.9158,0.7364,-7.7156,5.2069,2.9611,7.0986,5.0532,1.0645
1367.50,7.7274,4.9158,0.7364,-7.7156,5.2069,2.9613,7.0986,5.0532,1.0647
1368.00,7.7274,4.9158,0.7364,-7.7156,5.2069,2.9619,7.0986,5.0532,1.0654
1368.50,7.7274,4.9158,0.7362,-7.7156,5.2069,2.9630,7.0986,5.0532,1.0664
1369.00,7.7274,4.9158,0.7357,-7.7156,5.2069,2.9616,7.0986,5.0532,1.0650
1369.50,7.7274,4.9158,0.7357,-7.7156,5.2069,2.9622,7.0986,5.0532,1.0657
1370.00,7.7274,4.9158,0.7357,-7.7156,5.2069,2.9627,7.0986,5.0532,1.0661
1370.50,7.7274,4.9158,0.7357,-7.7156,5.2069,2.9631,7.0986,5.0532,1.0665
1371.00,7.7274,4.9158,0.7357,-7.7156,5.2069,2.9638,7.0986,5.0532,1.0672
1371.50,7.7274,4.9158,0.7357,-7.7156,5.2069,2.9643,7.0986,5.0532,1.0677
1372.00,7.7274,4.9158,0.7357,-7.7156,5.2069,2.9659,7.0986,5.0532,1.0693
1372.50,7.7274,4.9158,0.7357,-7.7156,5.2069,2.9665,7.0986,5.0532,1.0699
1373.00,7.7274,4.9158,0.7357,-7.7156,5.2069,2.9675,7.0986,5.0532,1.0709
1373.50,7.7274,4.9158,0.7357,-7.7156,5.2069,2.9683,7.0986,5.0532,1.0717
1374.00,7.7274,4.9158,0.7357,-7.7156,5.2069,2.9694,7.0986,5.0532,1.0729
1374.50,7.7274,4.9158,0.7357,-7.7156,5.2069,2.9703,7.0986,5.0532,1.0737
1375.00,7.7274,4.9158,0.7357,-7.7156,5.2069,2.9703,7.0986,5.0532,1.0737
1375.50,7.7274,4.9158,0.7357,-7.7156,5.2069,2.9710,7.0986,5.0532,1.0744
1376.00,7.7274,4.9158,0.7357,-7.7156,5.2069,2.9724,7.0986,5.0532,1.0758
1376.50,7.7274,4.9158,0.7357,-7.7156,5.2069,2.9727,7.0986,5.0532,1.0761
1377.00,7.7274,4.9158,0.7357,-7.7156,5.2069,2.9733,7.0986,5.0532,1.0767
1377.50,7.7274,4.9158,0.7357,-7.7156,5.2069,2.9739,7.0986,5.0532,1.0773
1378.00,7.7274,4.9158,0.7357,-7.7156,5.2069,2.9746,7.0986,5.0532,1.0780
1378.50,7.7274,4.9158,0.7357,-7.7156,5.2069,2.9754,7.0986,5.0532,1.0788
1379.00,7.7274,4.9158,0.7357,-7.7156,5.2069,2.9764,7.0986,5.0532,1.0798
1379.50,7.7274,4.9158,0.7357,-7.7156,5.2069,2.9766,7.0986,5.0532,1.0800
1380.00,7.7274,4.9158,0.7357,-7.7156,5.2069,2.9773,7.0986,5.0532,1.0807
1380.50,7.7274,4.9158,0.7357,-7.7156,5.2069,2.9781,7.0986,5.0532,1.0815
1381.00,7.7274,4.9158,0.7357,-7.7156,5.2069,2.9785,7.0986,5.0532,1.0819
1381.50,7.7274,4.9158,0.7357,-7.7156,5.2069,2.9799,7.0986,5.0532,1.0833
1382.00,7.7274,4.9158,0.7357,-7.7156,5.2069,2.9805,7.0986,5.0532,1.0839
1382.50,7.7274,4.9158,0.7357,-7.7156,5.2069,2.9806,7.0986,5.0532,1.0840
1383.00,7.7274,4.9158,0.7357,-7.7156,5.2069,2.9811,7.0986,5.0532,1.0845
1383.50,7.7274,4.9158,0.7357,-7.7156,5.2069,2.9821,7.0986,5.0532,1.0855
1384.00,7.7274,4.9158,0.7357,-7.7156,5.2069,2.9830,7.0986,5.0532,1.0864
1384.50,7.7274,4.9158,0.7357,-7.7156,5.2069,2.9833,7.0986,5.0532,1.0867
1385.00,7.7274,4.9158,0.7357,-7.7156,5.2069,2.9844,7.0986,5.0532,1.0878
1385.50,7.7274,4.9158,0.7357,-7.7156,5.2069,2.9852,7.0986,5.0532,1.0886
1386.00,7.7274,4.9158,0.7357,-7.7156,5.2069,2.9862,7.0986,5.0532,1.0896
1386.50,7.7274,4.9158,0.7357,-7.7156,5.2069,2.9869,7.0986,5.0532,1.0903
1387.00,7.7274,4.9158,0.7357,-7.7156,5.2069,2.9874,7.0986,5.0532,1.0908
1387.50,7.7274,4.9158,0.7357,-7.7156,5.2069,2.9882,7.0986,5.0532,1.0916
1388.00,7.7274,4.9158,0.7357,-7.7156,5.2069,2.9887,7.0986,5.0532,1.0921
1388.50,7.7274,4.9158,0.7357,-7.7156,5.2069,2.9892,7.0986,5.0532,1.0927
1389.00,7.7274,4.9158,0.7357,-7.7156,5.2069,2.9899,7.0986,5.0532,1.0933
1389.50,7.7274,4.9158,0.7357,-7.7156,5.2069,2.9906,7.0986,5.0532,1.0940
1390.00,7.7274,4.9158,0.7357,-7.7156,5.2069,2.9910,7.0986,5.0532,1.0944
1390.50,7.7274,4.9158,0.7357,-7.7156,5.2069,2.9916,7.0986,5.0532,1.0950
1391.00,7.7274,4.9158,0.7357,-7.7156,5.2069,2.9923,7.0986,5.0532,1.0957
1391.50,7.7274,4.9158,0.7357,-7.7156,5.2069,2.9931,7.0986,5.0532,1.0965
1392.00,7.7274,4.9158,0.7357,-7.7156,5.2069,2.9937,7.0986,5.0532,1.0971
1392.50,7.7274,4.9158,0.7357,-7.7156,5.2069,2.9942,7.0986,5.0532,1.0976
1393.00,7.7274,4.9158,0.7357,-7.7156,5.2069,2.9950,7.0986,5.0532,1.0984
1393.50,7.7274,4.9158,0.7357,-7.7156,5.2069,2.9951,7.0986,5.0532,1.0986
1394.00,7.7274,4.9158,0.7357,-7.7156,5.2069,2.9961,7.0986,5.0532,1.0995
1394.50,7.7274,4.9158,0.7357,-7.7156,5.2069,2.9966,7.0986,5.0532,1.1000
1395.00,7.7274,4.9158,0.7357,-7.7156,5.2069,2.9972,7.0986,5.0532,1.1006
1395.50,7.7274,4.9158,0.7357,-7.7156,5.2069,2.9979,7.0986,5.0532,1.1013
1396.00,7.7274,4.9158,0.7357,-7.7156,5.2069,2.9986,7.0986,5.0532,1.1020
1396.50,7.7274,4.9158,0.7357,-7.7156,5.2069,2.9993,7.0986,5.0532,1.1027
1397.00,7.7274,4.9158,0.7357,-7.7156,5.2069,2.9999,7.0986,5.0532,1.1033
1397.50,7.7274,4.9158,0.7357,-7.7156,5.2069,3.0005,7.0986,5.0532,1.1039
1398.00,7.7274,4.9158,0.7357,-7.7156,5.2069,3.0007,7.0986,5.0532,1.1041
1398.50,7.7274,4.9158,0.7357,-7.7156,5.2069,3.0014,7.0986,5.0532,1.1048
1399.00,7.7274,4.9158,0.7357,-7.7156,5.2069,3.0023,7.0986,5.0532,1.1057
1399.50,7.7274,4.9158,0.7357,-7.7156,5.2069,3.0028,7.0986,5.0532,1.1062
1400.00,7.7274,4.9158,0.7357,-7.7156,5.2069,3.0040,7.0986,5.0532,1.1074
1400.50,7.7274,4.9158,0.7357,-7.7156,5.2069,3.0045,7.0986,5.0532,1.1079
1401.00,7.7274,4.9158,0.7357,-7.7156,5.2069,3.0048,7.0986,5.0532,1.1082
1401.50,7.7274,4.9158,0.7357,-7.7156,5.2069,3.0057,7.0986,5.0532,1.1092
1402.00,7.7274,4.9158,0.7357,-7.7156,5.2069,3.0063,7.0986,5.0532,1.1097
1402.50,7.7274,4.9158,0.7357,-7.7156,5.2069,3.0069,7.0986,5.0532,1.1103
1403.00,7.7274,4.9158,0.7357,-7.7156,5.2069,3.0072,7.0986,5.0532,1.1106
1403.50,7.7274,4.9158,0.7357,-7.7156,5.2069,3.0082,7.0986,5.0532,1.1116
1404.00,7.7274,4.9158,0.7357,-7.7156,5.2069,3.0084,7.0986,5.0532,1.1118
1404.50,7.7274,4.9158,0.7357,-7.7156,5.2069,3.0085,7.0986,5.0532,1.1119
1405.00,7.7274,4.9158,0.7357,-7.7156,5.2069,3.0094,7.0986,5.0532,1.1128
1405.50,7.7274,4.9158,0.7357,-7.7156,5.2069,3.0093,7.0986,5.0532,1.1127
1406.00,7.7274,4.9158,0.7357,-7.7156,5.2069,3.0096,7.0986,5.0532,1.1130
1406.50,7.7274,4.9158,0.7357,-7.7156,5.2069,3.0099,7.0986,5.0532,1.1133
1407.00,7.7274,4.9158,0.7357,-7.7156,5.2069,3.0108,7.0986,5.0532,1.1142
1407.50,7.7274,4.9158,0.7357,-7.7156,5.2069,3.0110,7.0986,5.0532,1.1144
1408.00,7.7274,4.9158,0.7357,-7.7156,5.2069,3.0120,7.0986,5.0532,1.1154
1408.50,7.7274,4.9158,0.7357,-7.7156,5.2069,3.0125,7.0986,5.0532,1.1160
1409.00,7.7274,4.9158,0.7357,-7.7156,5.2069,3.0131,7.0986,5.0532,1.1165
1409.50,7.7274,4.9158,0.7357,-7.7156,5.2069,3.0137,7.0986,5.0532,1.1171
1410.00,7.7274,4.9158,0.7357,-7.7156,5.2069,3.0142,7.0986,5.0532,1.1176
1410.50,7.7274,4.9158,0.7357,-7.7156,5.2069,3.0151,7.0986,5.0532,1.1186
1411.00,7.7274,4.9158,0.7357,-7.7156,5.2069,3.0164,7.0986,5.0532,1.1198
1411.50,7.7274,4.9158,0.7357,-7.7156,5.2069,3.0168,7.0986,5.0532,1.1202
1412.00,7.7274,4.9158,0.7357,-7.7156,5.2069,3.0176,7.0986,5.0532,1.1210
1412.50,7.7274,4.9158,0.7357,-7.7156,5.2069,3.0182,7.0986,5.0532,1.1216
1413.00,7.7274,4.9158,0.7357,-7.7156,5.2069,3.0187,7.0986,5.0532,1.1221
1413.50,7.7274,4.9158,0.7357,-7.7156,5.2069,3.0195,7.0986,5.0532,1.1229
1414.00,7.7274,4.9158,0.7357,-7.7156,5.2069,3.0200,7.0986,5.0532,1.1234
1414.50,7.7274,4.9158,0.7357,-7.7156,5.2069,3.0212,7.0986,5.0532,1.1246
1415.00,7.7274,4.9158,0.7357,-7.7156,5.2069,3.0215,7.0986,5.0532,1.1249
1415.50,7.7274,4.9158,0.7357,-7.7156,5.2069,3.0220,7.0986,5.0532,1.1255
1416.00,7.7274,4.9158,0.7357,-7.7156,5.2069,3.0232,7.0986,5.0532,1.1266
1416.50,7.7274,4.9158,0.7357,-7.7156,5.2069,3.0242,7.0986,5.0532,1.1276
1417.00,7.7274,4.9158,0.7357,-7.7156,5.2069,3.0255,7.0986,5.0532,1.1290
1417.50,7.7274,4.9158,0.7357,-7.7156,5.2069,3.0263,7.0986,5.0532,1.1298
1418.00,7.7274,4.9158,0.7357,-7.7156,5.2069,3.0273,7.0986,5.0532,1.1307
1418.50,7.7274,4.9158,0.7357,-7.7156,5.2069,3.0274,7.0986,5.0532,1.1308
1419.00,7.7274,4.9158,0.7357,-7.7156,5.2069,3.0276,7.0986,5.0532,1.1311
1419.50,7.7274,4.9158,0.7357,-7.7156,5.2069,3.0284,7.0986,5.0532,1.1319
1420.00,7.7274,4.9158,0.7357,-7.7156,5.2069,3.0293,7.0986,5.0532,1.1327
1420.50,7.7274,4.9158,0.7357,-7.7156,5.2069,3.0304,7.0986,5.0532,1.1338
1421.00,7.7274,4.9158,0.7357,-7.7156,5.2069,3.0307,7.0986,5.0532,1.1341
1421.50,7.7274,4.9158,0.7357,-7.7156,5.2069,3.0313,7.0986,5.0532,1.1347
1422.00,7.7274,4.9158,0.7357,-7.7156,5.2069,3.0321,7.0986,5.0532,1.1355
1422.50,7.7274,4.9158,0.7357,-7.7156,5.2069,3.0329,7.0986,5.0532,1.1363
1423.00,7.7274,4.9158,0.7357,-7.7156,5.2069,3.0336,7.0986,5.0532,1.1370
1423.50,7.7274,4.9158,0.7357,-7.7156,5.2069,3.0341,7.0986,5.0532,1.1375
1424.00,7.7274,4.9158,0.7357,-7.7156,5.2069,3.0352,7.0986,5.0532,1.1386
1424.50,7.7274,4.9158,0.7357,-7.7156,5.2069,3.0363,7.0986,5.0532,1.1397
1425.00,7.7274,4.9158,0.7357,-7.7156,5.2069,3.0367,7.0986,5.0532,1.1401
1425.50,7.7274,4.9158,0.7357,-7.7156,5.2069,3.0373,7.0986,5.0532,1.1407
1426.00,7.7274,4.9158,0.7357,-7.7156,5.2069,3.0382,7.0986,5.0532,1.1416
1426.50,7.7274,4.9158,0.7357,-7.7156,5.2069,3.0387,7.0986,5.0532,1.1421
1427.00,7.7274,4.9158,0.7357,-7.7156,5.2069,3.0394,7.0986,5.0532,1.1429
1427.50,7.7274,4.9158,0.7342,-7.7156,5.2069,3.0407,7.0986,5.0532,1.1441
1428.00,7.7274,4.9158,0.7102,-7.7157,5.2069,3.0188,7.0987,5.0533,1.1222
1428.50,7.7273,4.9157,0.6856,-7.7156,5.2068,2.9953,7.0986,5.0531,1.0988
1429.00,7.7273,4.9153,0.6604,-7.7148,5.2067,2.9711,7.0983,5.0525,1.0745
1429.50,7.7273,4.9146,0.6348,-7.7138,5.2065,2.9461,7.0978,5.0516,1.0495
1430.00,7.7272,4.9137,0.6087,-7.7130,5.2064,2.9209,7.0973,5.0509,1.0243
1430.50,7.7272,4.9125,0.5820,-7.7119,5.2061,2.8949,7.0967,5.0499,0.9983
1431.00,7.7271,4.9111,0.5549,-7.7101,5.2056,2.8683,7.0957,5.0484,0.9717
1431.50,7.7271,4.9094,0.5271,-7.7088,5.2052,2.8414,7.0949,5.0473,0.9448
1432.00,7.7271,4.9091,0.5228,-7.7086,5.2052,2.8353,7.0948,5.0471,0.9387
1432.50,7.7271,4.9091,0.5228,-7.7086,5.2052,2.8362,7.0948,5.0471,0.9396
1433.00,7.7271,4.9091,0.5228,-7.7086,5.2052,2.8373,7.0948,5.0471,0.9407
1433.50,7.7271,4.9091,0.5228,-7.7086,5.2052,2.8383,7.0948,5.0471,0.9417
1434.00,7.7271,4.9091,0.5228,-7.7086,5.2052,2.8390,7.0948,5.0471,0.9424
1434.50,7.7271,4.9091,0.5228,-7.7086,5.2052,2.8399,7.0948,5.0471,0.9433
1435.00,7.7271,4.9091,0.5228,-7.7086,5.2052,2.8401,7.0948,5.0471,0.9435
1435.50,7.7271,4.9091,0.5228,-7.7086,5.2052,2.8406,7.0948,5.0471,0.9440
1436.00,7.7271,4.9091,0.5228,-7.7086,5.2052,2.8415,7.0948,5.0471,0.9449
1436.50,7.7271,4.9091,0.5228,-7.7086,5.2052,2.8424,7.0948,5.0471,0.9458
1437.00,7.7271,4.9091,0.5228,-7.7086,5.2052,2.8428,7.0948,5.0471,0.9462
1437.50,7.7271,4.9091,0.5228,-7.7086,5.2052,2.8438,7.0948,5.0471,0.9472
1438.00,7.7271,4.9091,0.5228,-7.7086,5.2052,2.8455,7.0948,5.0471,0.9490
1438.50,7.7271,4.9091,0.5228,-7.7086,5.2052,2.8464,7.0948,5.0471,0.9498
1439.00,7.7271,4.9091,0.5228,-7.7086,5.2052,2.8471,7.0948,5.0471,0.9505
1439.50,7.7271,4.9091,0.5228,-7.7086,5.2052,2.8480,7.0948,5.0471,0.9514
1440.00,7.7271,4.9091,0.5228,-7.7086,5.2052,2.8481,7.0948,5.0471,0.9515
1440.50,7.7271,4.9091,0.5228,-7.7086,5.2052,2.8487,7.0948,5.0471,0.9521
1441.00,7.7271,4.9091,0.5228,-7.7086,5.2052,2.8492,7.0948,5.0471,0.9527
1441.50,7.7271,4.9091,0.5228,-7.7086,5.2052,2.8502,7.0948,5.0471,0.9536
1442.00,7.7271,4.9091,0.5228,-7.7086,5.2052,2.8511,7.0948,5.0471,0.9545
1442.50,7.7271,4.9091,0.5228,-7.7086,5.2052,2.8517,7.0948,5.0471,0.9551
1443.00,7.7271,4.9091,0.5228,-7.7086,5.2052,2.8529,7.0948,5.0471,0.9564
1443.50,7.7271,4.9091,0.5228,-7.7086,5.2052,2.8535,7.0948,5.0471,0.9569
1444.00,7.7271,4.9091,0.5228,-7.7086,5.2052,2.8540,7.0948,5.0471,0.9574
1444.50,7.7271,4.9091,0.5228,-7.7086,5.2052,2.8549,7.0948,5.0471,0.9583
1445.00,7.7271,4.9091,0.5228,-7.7086,5.2052,2.8563,7.0948,5.0471,0.9597
1445.50,7.7271,4.9091,0.5228,-7.7086,5.2052,2.8572,7.0948,5.0471,0.9606
1446.00,7.7271,4.9091,0.5228,-7.7086,5.2052,2.8576,7.0948,5.0471,0.9610
1446.50,7.7271,4.9091,0.5228,-7.7086,5.2052,2.8583,7.0948,5.0471,0.9617
1447.00,7.7271,4.9091,0.5228,-7.7086,5.2052,2.8592,7.0948,5.0471,0.9626
1447.50,7.7271,4.9091,0.5228,-7.7086,5.2052,2.8602,7.0948,5.0471,0.9636
1448.00,7.7271,4.9091,0.5228,-7.7086,5.2052,2.8614,7.0948,5.0471,0.9648
1448.50,7.7271,4.9084,0.5103,-7.7080,5.2050,2.8517,7.0944,5.0466,0.9551
1449.00,7.7270,4.9063,0.4817,-7.7060,5.2044,2.8233,7.0932,5.0449,0.9267
1449.50,7.7270,4.9039,0.4525,-7.7036,5.2035,2.7949,7.0916,5.0429,0.8983
1450.00,7.7270,4.9013,0.4227,-7.7008,5.2025,2.7657,7.0898,5.0406,0.8691
1450.50,7.7270,4.8991,0.3998,-7.6984,5.2015,2.7405,7.0881,5.0386,0.8439
1451.00,7.7270,4.8991,0.3998,-7.6984,5.2015,2.7412,7.0881,5.0386,0.8446
1451.50,7.7270,4.8991,0.3998,-7.6984,5.2015,2.7420,7.0881,5.0386,0.8454
1452.00,7.7270,4.8991,0.3998,-7.6984,5.2015,2.7428,7.0881,5.0386,0.8462
1452.50,7.7270,4.8991,0.3998,-7.6984,5.2015,2.7437,7.0881,5.0386,0.8471
1453.00,7.7270,4.8991,0.3998,-7.6984,5.2015,2.7445,7.0881,5.0386,0.8479
1453.50,7.7270,4.8991,0.3998,-7.6984,5.2015,2.7452,7.0881,5.0386,0.8486
1454.00,7.7270,4.8991,0.3998,-7.6984,5.2015,2.7459,7.0881,5.0386,0.8493
1454.50,7.7270,4.8991,0.3998,-7.6984,5.2015,2.7469,7.0881,5.0386,0.8503
1455.00,7.7270,4.8991,0.3998,-7.6984,5.2015,2.7478,7.0881,5.0386,0.8512
1455.50,7.7270,4.8991,0.3998,-7.6984,5.2015,2.7486,7.0881,5.0386,0.8520
1456.00,7.7270,4.8991,0.3998,-7.6984,5.2015,2.7494,7.0881,5.0386,0.8528
1456.50,7.7270,4.8991,0.3998,-7.6984,5.2015,2.7503,7.0881,5.0386,0.8537
1457.00,7.7270,4.8991,0.3998,-7.6984,5.2015,2.7508,7.0881,5.0386,0.8542
1457.50,7.7270,4.8991,0.3998,-7.6984,5.2015,2.7512,7.0881,5.0386,0.8546
1458.00,7.7270,4.8991,0.3998,-7.6984,5.2015,2.7524,7.0881,5.0386,0.8558
1458.50,7.7270,4.8991,0.3998,-7.6984,5.2015,2.7534,7.0881,5.0386,0.8568
1459.00,7.7270,4.8991,0.3998,-7.6984,5.2015,2.7546,7.0881,5.0386,0.8580
1459.50,7.7270,4.8991,0.3998,-7.6984,5.2015,2.7558,7.0881,5.0386,0.8592
1460.00,7.7270,4.8991,0.3998,-7.6984,5.2015,2.7563,7.0881,5.0386,0.8597
1460.50,7.7270,4.8991,0.3998,-7.6984,5.2015,2.7572,7.0881,5.0386,0.8606
1461.00,7.7270,4.8991,0.3998,-7.6984,5.2015,2.7583,7.0881,5.0386,0.8617
1461.50,7.7270,4.8991,0.3998,-7.6984,5.2015,2.7593,7.0881,5.0386,0.8627
1462.00,7.7270,4.8991,0.3998,-7.6984,5.2015,2.7601,7.0881,5.0386,0.8635
1462.50,7.7270,4.8991,0.3998,-7.6984,5.2015,2.7612,7.0881,5.0386,0.8646
1463.00,7.7270,4.8991,0.3998,-7.6984,5.2015,2.7626,7.0881,5.0386,0.8660
1463.50,7.7270,4.8991,0.3998,-7.6984,5.2015,2.7632,7.0881,5.0386,0.8666
1464.00,7.7270,4.8991,0.3998,-7.6984,5.2015,2.7638,7.0881,5.0386,0.8672
1464.50,7.7270,4.8991,0.3998,-7.6984,5.2015,2.7649,7.0881,5.0386,0.8683
1465.00,7.7270,4.8991,0.3998,-7.6984,5.2015,2.7655,7.0881,5.0386,0.8689
1465.50,7.7270,4.8991,0.3998,-7.6984,5.2015,2.7666,7.0881,5.0386,0.8700
1466.00,7.7270,4.8991,0.3998,-7.6984,5.2015,2.7676,7.0881,5.0386,0.8710
1466.50,7.7270,4.8991,0.3998,-7.6984,5.2015,2.7687,7.0881,5.0386,0.8722
1467.00,7.7270,4.8991,0.3998,-7.6984,5.2015,2.7699,7.0881,5.0386,0.8733
1467.50,7.7270,4.8991,0.3998,-7.6984,5.2015,2.7709,7.0881,5.0386,0.8743
1468.00,7.7270,4.8991,0.3998,-7.6984,5.2015,2.7719,7.0881,5.0386,0.8753
1468.50,7.7270,4.8991,0.3998,-7.6984,5.2015,2.7725,7.0881,5.0386,0.8759
1469.00,7.7270,4.8991,0.3998,-7.6984,5.2015,2.7731,7.0881,5.0386,0.8765
1469.50,7.7270,4.8991,0.3984,-7.6984,5.2015,2.7735,7.0880,5.0386,0.8769
1470.00,7.7270,4.8991,0.3984,-7.6984,5.2015,2.7746,7.0880,5.0386,0.8780
1470.50,7.7270,4.8991,0.3984,-7.6984,5.2015,2.7752,7.0880,5.0386,0.8786
1471.00,7.7270,4.8991,0.3984,-7.6984,5.2015,2.7761,7.0880,5.0386,0.8795
1471.50,7.7270,4.8991,0.3984,-7.6984,5.2015,2.7773,7.0880,5.0386,0.8807
1472.00,7.7270,4.8991,0.3984,-7.6984,5.2015,2.7787,7.0880,5.0386,0.8821
1472.50,7.7270,4.8991,0.3984,-7.6984,5.2015,2.7793,7.0880,5.0386,0.8827
1473.00,7.7270,4.8991,0.3984,-7.6984,5.2015,2.7801,7.0880,5.0386,0.8835
1473.50,7.7270,4.8991,0.3984,-7.6984,5.2015,2.7809,7.0880,5.0386,0.8843
1474.00,7.7270,4.8991,0.3984,-7.6984,5.2015,2.7815,7.0880,5.0386,0.8849
1474.50,7.7270,4.8991,0.3984,-7.6984,5.2015,2.7827,7.0880,5.0386,0.8861
1475.00,7.7270,4.8991,0.3984,-7.6984,5.2015,2.7839,7.0880,5.0386,0.8873
1475.50,7.7270,4.8991,0.3984,-7.6984,5.2015,2.7850,7.0880,5.0386,0.8884
1476.00,7.7270,4.8991,0.3984,-7.6984,5.2015,2.7864,7.0880,5.0386,0.8898
1476.50,7.7270,4.8991,0.3984,-7.6984,5.2015,2.7874,7.0880,5.0386,0.8908
1477.00,7.7270,4.8991,0.3984,-7.6984,5.2015,2.7884,7.0880,5.0386,0.8918
1477.50,7.7270,4.8991,0.3984,-7.6984,5.2015,2.7896,7.0880,5.0386,0.8930
1478.00,7.7270,4.8991,0.3984,-7.6984,5.2015,2.7904,7.0880,5.0386,0.8938
1478.50,7.7270,4.8991,0.3984,-7.6984,5.2015,2.7917,7.0880,5.0386,0.8951
1479.00,7.7270,4.8991,0.3984,-7.6984,5.2015,2.7922,7.0880,5.0386,0.8956
1479.50,7.7270,4.8991,0.3984,-7.6984,5.2015,2.7935,7.0880,5.0386,0.8969
1480.00,7.7270,4.8991,0.3984,-7.6984,5.2015,2.7947,7.0880,5.0386,0.8981
1480.50,7.7270,4.8991,0.3984,-7.6984,5.2015,2.7953,7.0880,5.0386,0.8987
1481.00,7.7270,4.8991,0.3984,-7.6984,5.2015,2.7963,7.0880,5.0386,0.8997
1481.50,7.7270,4.8991,0.3984,-7.6984,5.2015,2.7978,7.0880,5.0386,0.9012
1482.00,7.7270,4.8991,0.3984,-7.6984,5.2015,2.7985,7.0880,5.0386,0.9019
1482.50,7.7270,4.8991,0.3984,-7.6984,5.2015,2.7997,7.0880,5.0386,0.9031
1483.00,7.7270,4.8991,0.3984,-7.6984,5.2015,2.8002,7.0880,5.0386,0.9037
1483.50,7.7270,4.8991,0.3984,-7.6984,5.2015,2.8011,7.0880,5.0386,0.9045
1484.00,7.7270,4.8991,0.3984,-7.6984,5.2015,2.8026,7.0880,5.0386,0.9060
1484.50,7.7270,4.8991,0.3984,-7.6984,5.2015,2.8036,7.0880,5.0386,0.9070
1485.00,7.7270,4.8991,0.3984,-7.6984,5.2015,2.8045,7.0880,5.0386,0.9079
1485.50,7.7270,4.8991,0.3984,-7.6984,5.2015,2.8048,7.0880,5.0386,0.9082
1486.00,7.7270,4.8991,0.3984,-7.6984,5.2015,2.8054,7.0880,5.0386,0.9088
1486.50,7.7270,4.8991,0.3984,-7.6984,5.2015,2.8065,7.0880,5.0386,0.9099
1487.00,7.7270,4.8991,0.3984,-7.6984,5.2015,2.8074,7.0880,5.0386,0.9108
1487.50,7.7270,4.8991,0.3984,-7.6984,5.2015,2.8083,7.0880,5.0386,0.9117
1488.00,7.7270,4.8990,0.3971,-7.6983,5.2015,2.8089,7.0880,5.0385,0.9124
1488.50,7.7270,4.8990,0.3971,-7.6983,5.2015,2.8101,7.0880,5.0385,0.9135
1489.00,7.7270,4.8990,0.3971,-7.6983,5.2015,2.8115,7.0880,5.0385,0.9149
1489.50,7.7270,4.8990,0.3971,-7.6983,5.2015,2.8127,7.0880,5.0385,0.9161
1490.00,7.7270,4.8990,0.3971,-7.6983,5.2015,2.8137,7.0880,5.0385,0.9171
1490.50,7.7270,4.8990,0.3971,-7.6983,5.2015,2.8147,7.0880,5.0385,0.9181
1491.00,7.7270,4.8990,0.3971,-7.6983,5.2015,2.8159,7.0880,5.0385,0.9193
1491.50,7.7270,4.8990,0.3971,-7.6983,5.2015,2.8168,7.0880,5.0385,0.9202
1492.00,7.7270,4.8990,0.3971,-7.6983,5.2015,2.8176,7.0880,5.0385,0.9211
1492.50,7.7270,4.8990,0.3971,-7.6983,5.2015,2.8186,7.0880,5.0385,0.9221
1493.00,7.7270,4.8990,0.3971,-7.6983,5.2015,2.8199,7.0880,5.0385,0.9233
1493.50,7.7270,4.8990,0.3971,-7.6983,5.2015,2.8206,7.0880,5.0385,0.9240
1494.00,7.7270,4.8990,0.3971,-7.6983,5.2015,2.8218,7.0880,5.0385,0.9252
1494.50,7.7270,4.8990,0.3971,-7.6983,5.2015,2.8227,7.0880,5.0385,0.9261
1495.00,7.7270,4.8990,0.3971,-7.6983,5.2015,2.8242,7.0880,5.0385,0.9276
1495.50,7.7270,4.8990,0.3971,-7.6983,5.2015,2.8256,7.0880,5.0385,0.9291
1496.00,7.7270,4.8990,0.3971,-7.6983,5.2015,2.8268,7.0880,5.0385,0.9302
1496.50,7.7270,4.8990,0.3971,-7.6983,5.2015,2.8274,7.0880,5.0385,0.9308
1497.00,7.7270,4.8990,0.3971,-7.6983,5.2015,2.8278,7.0880,5.0385,0.9312
1497.50,7.7270,4.8990,0.3971,-7.6983,5.2015,2.8286,7.0880,5.0385,0.9320
1498.00,7.7270,4.8990,0.3971,-7.6983,5.2015,2.8292,7.0880,5.0385,0.9326
1498.50,7.7270,4.8990,0.3971,-7.6983,5.2015,2.8305,7.0880,5.0385,0.9339
1499.00,7.7270,4.8990,0.3971,-7.6983,5.2015,2.8312,7.0880,5.0385,0.9346
1499.50,7.7270,4.8990,0.3971,-7.6983,5.2015,2.8322,7.0880,5.0385,0.9356
1500.00,7.7270,4.8990,0.3971,-7.6983,5.2015,2.8331,7.0880,5.0385,0.9365
1500.50,7.7270,4.8990,0.3971,-7.6983,5.2015,2.8342,7.0880,5.0385,0.9376
1501.00,7.7270,4.8990,0.3971,-7.6983,5.2015,2.8353,7.0880,5.0385,0.9388
1501.50,7.7270,4.8990,0.3971,-7.6983,5.2015,2.8363,7.0880,5.0385,0.9397
1502.00,7.7270,4.8990,0.3971,-7.6983,5.2015,2.8367,7.0880,5.0385,0.9401
1502.50,7.7270,4.8990,0.3971,-7.6983,5.2015,2.8382,7.0880,5.0385,0.9416
1503.00,7.7270,4.8990,0.3971,-7.6983,5.2015,2.8392,7.0880,5.0385,0.9426
1503.50,7.7270,4.8990,0.3971,-7.6983,5.2015,2.8401,7.0880,5.0385,0.9435
1504.00,7.7270,4.8990,0.3971,-7.6983,5.2015,2.8406,7.0880,5.0385,0.9440
1504.50,7.7270,4.8990,0.3971,-7.6983,5.2015,2.8410,7.0880,5.0385,0.9444
1505.00,7.7270,4.8990,0.3971,-7.6983,5.2015,2.8419,7.0880,5.0385,0.9454
1505.50,7.7270,4.8990,0.3971,-7.6983,5.2015,2.8431,7.0880,5.0385,0.9465
1506.00,7.7270,4.8990,0.3971,-7.6983,5.2015,2.8443,7.0880,5.0385,0.9477
1506.50,7.7270,4.8990,0.3971,-7.6983,5.2015,2.8459,7.0880,5.0385,0.9493
1507.00,7.7270,4.8990,0.3971,-7.6983,5.2015,2.8469,7.0880,5.0385,0.9503
1507.50,7.7270,4.8990,0.3971,-7.6983,5.2015,2.8474,7.0880,5.0385,0.9508
1508.00,7.7270,4.8990,0.3971,-7.6983,5.2015,2.8481,7.0880,5.0385,0.9516
1508.50,7.7270,4.8990,0.3971,-7.6983,5.2015,2.8486,7.0880,5.0385,0.9520
1509.00,7.7270,4.8990,0.3971,-7.6983,5.2015,2.8499,7.0880,5.0385,0.9533
1509.50,7.7270,4.8990,0.3971,-7.6983,5.2015,2.8512,7.0880,5.0385,0.9546
1510.00,7.7270,4.8990,0.3971,-7.6983,5.2015,2.8521,7.0880,5.0385,0.9556
1510.50,7.7270,4.8990,0.3971,-7.6983,5.2015,2.8529,7.0880,5.0385,0.9563
1511.00,7.7270,4.8990,0.3971,-7.6983,5.2015,2.8534,7.0880,5.0385,0.9568
1511.50,7.7270,4.8990,0.3971,-7.6983,5.2015,2.8545,7.0880,5.0385,0.9579
1512.00,7.7270,4.8990,0.3971,-7.6983,5.2015,2.8552,7.0880,5.0385,0.9586
1512.50,7.7270,4.8990,0.3971,-7.6983,5.2015,2.8560,7.0880,5.0385,0.9594
1513.00,7.7270,4.8990,0.3971,-7.6983,5.2015,2.8569,7.0880,5.0385,0.9603
1513.50,7.7269,4.8979,0.3834,-7.6975,5.2012,2.8472,7.0875,5.0379,0.9506
1514.00,7.7269,4.8946,0.3522,-7.6937,5.2000,2.8166,7.0851,5.0346,0.9200
1514.50,7.7269,4.8923,0.3312,-7.6905,5.1989,2.7947,7.0831,5.0319,0.8981
1515.00,7.7269,4.8923,0.3312,-7.6905,5.1989,2.7958,7.0831,5.0319,0.8992
1515.50,7.7269,4.8923,0.3312,-7.6905,5.1989,2.7966,7.0831,5.0319,0.9000
1516.00,7.7269,4.8923,0.3312,-7.6905,5.1989,2.7974,7.0831,5.0319,0.9008
1516.50,7.7269,4.8923,0.3312,-7.6905,5.1989,2.7987,7.0831,5.0319,0.9021
1517.00,7.7269,4.8923,0.3312,-7.6905,5.1989,2.7996,7.0831,5.0319,0.9030
1517.50,7.7269,4.8923,0.3312,-7.6905,5.1989,2.8012,7.0831,5.0319,0.9046
1518.00,7.7269,4.8923,0.3312,-7.6905,5.1989,2.8027,7.0831,5.0319,0.9061
1518.50,7.7269,4.8923,0.3312,-7.6905,5.1989,2.8043,7.0831,5.0319,0.9077
1519.00,7.7269,4.8923,0.3312,-7.6905,5.1989,2.8050,7.0831,5.0319,0.9084
1519.50,7.7269,4.8923,0.3312,-7.6905,5.1989,2.8064,7.0831,5.0319,0.9098
1520.00,7.7269,4.8923,0.3312,-7.6905,5.1989,2.8076,7.0831,5.0319,0.9111
1520.50,7.7269,4.8923,0.3312,-7.6905,5.1989,2.8086,7.0831,5.0319,0.9120
1521.00,7.7269,4.8923,0.3312,-7.6905,5.1989,2.8096,7.0831,5.0319,0.9130
1521.50,7.7269,4.8923,0.3312,-7.6905,5.1989,2.8103,7.0831,5.0319,0.9138
1522.00,7.7269,4.8923,0.3312,-7.6905,5.1989,2.8110,7.0831,5.0319,0.9144
1522.50,7.7269,4.8923,0.3312,-7.6905,5.1989,2.8123,7.0831,5.0319,0.9157
1523.00,7.7269,4.8923,0.3312,-7.6905,5.1989,2.8134,7.0831,5.0319,0.9168
1523.50,7.7269,4.8923,0.3312,-7.6905,5.1989,2.8147,7.0831,5.0319,0.9182
1524.00,7.7269,4.8923,0.3312,-7.6905,5.1989,2.8155,7.0831,5.0319,0.9189
1524.50,7.7269,4.8923,0.3312,-7.6905,5.1989,2.8164,7.0831,5.0319,0.9198
1525.00,7.7269,4.8923,0.3312,-7.6905,5.1989,2.8172,7.0831,5.0319,0.9206
1525.50,7.7269,4.8923,0.3312,-7.6905,5.1989,2.8183,7.0831,5.0319,0.9217
1526.00,7.7269,4.8923,0.3312,-7.6905,5.1989,2.8194,7.0831,5.0319,0.9228
1526.50,7.7269,4.8923,0.3312,-7.6905,5.1989,2.8205,7.0831,5.0319,0.9239
1527.00,7.7269,4.8923,0.3312,-7.6905,5.1989,2.8213,7.0831,5.0319,0.9247
1527.50,7.7269,4.8923,0.3312,-7.6905,5.1989,2.8220,7.0831,5.0319,0.9254
1528.00,7.7269,4.8923,0.3312,-7.6905,5.1989,2.8230,7.0831,5.0319,0.9264
1528.50,7.7269,4.8923,0.3312,-7.6905,5.1989,2.8238,7.0831,5.0319,0.9272
1529.00,7.7269,4.8923,0.3312,-7.6905,5.1989,2.8253,7.0831,5.0319,0.9287
1529.50,7.7269,4.8923,0.3312,-7.6905,5.1989,2.8264,7.0831,5.0319,0.9298
1530.00,7.7269,4.8923,0.3312,-7.6905,5.1989,2.8271,7.0831,5.0319,0.9305
1530.50,7.7269,4.8923,0.3312,-7.6905,5.1989,2.8277,7.0831,5.0319,0.9311
1531.00,7.7269,4.8923,0.3312,-7.6905,5.1989,2.8286,7.0831,5.0319,0.9320
1531.50,7.7269,4.8923,0.3312,-7.6905,5.1989,2.8293,7.0831,5.0319,0.9327
1532.00,7.7269,4.8923,0.3312,-7.6905,5.1989,2.8300,7.0831,5.0319,0.9335
1532.50,7.7269,4.8923,0.3312,-7.6905,5.1989,2.8310,7.0831,5.0319,0.9344
1533.00,7.7269,4.8923,0.3312,-7.6905,5.1989,2.8319,7.0831,5.0319,0.9353
1533.50,7.7269,4.8923,0.3312,-7.6905,5.1989,2.8326,7.0831,5.0319,0.9361
1534.00,7.7269,4.8923,0.3312,-7.6905,5.1989,2.8341,7.0831,5.0319,0.9375
1534.50,7.7269,4.8923,0.3312,-7.6905,5.1989,2.8357,7.0831,5.0319,0.9391
1535.00,7.7269,4.8923,0.3312,-7.6905,5.1989,2.8363,7.0831,5.0319,0.9397
1535.50,7.7269,4.8923,0.3312,-7.6905,5.1989,2.8371,7.0831,5.0319,0.9405
1536.00,7.7269,4.8923,0.3312,-7.6905,5.1989,2.8376,7.0831,5.0319,0.9410
1536.50,7.7269,4.8923,0.3312,-7.6905,5.1989,2.8382,7.0831,5.0319,0.9416
1537.00,7.7269,4.8923,0.3312,-7.6905,5.1989,2.8389,7.0831,5.0319,0.9423
1537.50,7.7269,4.8923,0.3312,-7.6905,5.1989,2.8399,7.0831,5.0319,0.9433
1538.00,7.7269,4.8923,0.3312,-7.6905,5.1989,2.8409,7.0831,5.0319,0.9443
1538.50,7.7269,4.8923,0.3312,-7.6905,5.1989,2.8415,7.0831,5.0319,0.9449
1539.00,7.7269,4.8923,0.3312,-7.6905,5.1989,2.8423,7.0831,5.0319,0.9457
1539.50,7.7269,4.8923,0.3312,-7.6905,5.1989,2.8434,7.0831,5.0319,0.9468
1540.00,7.7269,4.8923,0.3312,-7.6905,5.1989,2.8440,7.0831,5.0319,0.9474
1540.50,7.7269,4.8923,0.3312,-7.6905,5.1989,2.8448,7.0831,5.0319,0.9482
1541.00,7.7269,4.8923,0.3312,-7.6905,5.1989,2.8461,7.0831,5.0319,0.9495
1541.50,7.7269,4.8923,0.3312,-7.6905,5.1989,2.8465,7.0831,5.0319,0.9499
1542.00,7.7269,4.8923,0.3312,-7.6905,5.1989,2.8479,7.0831,5.0319,0.9513
1542.50,7.7269,4.8923,0.3312,-7.6905,5.1989,2.8485,7.0831,5.0319,0.9519
1543.00,7.7269,4.8923,0.3312,-7.6905,5.1989,2.8490,7.0831,5.0319,0.9524
1543.50,7.7269,4.8923,0.3312,-7.6905,5.1989,2.8499,7.0831,5.0319,0.9534
1544.00,7.7269,4.8923,0.3312,-7.6905,5.1989,2.8511,7.0831,5.0319,0.9545
1544.50,7.7269,4.8923,0.3312,-7.6905,5.1989,2.8524,7.0831,5.0319,0.9558
1545.00,7.7269,4.8923,0.3312,-7.6905,5.1989,2.8529,7.0831,5.0319,0.9563
1545.50,7.7269,4.8923,0.3312,-7.6905,5.1989,2.8536,7.0831,5.0319,0.9570
1546.00,7.7269,4.8923,0.3312,-7.6905,5.1989,2.8548,7.0831,5.0319,0.9582
1546.50,7.7269,4.8923,0.3312,-7.6905,5.1989,2.8554,7.0831,5.0319,0.9588
1547.00,7.7269,4.8923,0.3312,-7.6905,5.1989,2.8562,7.0831,5.0319,0.9597
1547.50,7.7269,4.8923,0.3312,-7.6905,5.1989,2.8571,7.0831,5.0319,0.9605
1548.00,7.7269,4.8923,0.3312,-7.6905,5.1989,2.8579,7.0831,5.0319,0.9613
1548.50,7.7269,4.8923,0.3312,-7.6905,5.1989,2.8589,7.0831,5.0319,0.9624
1549.00,7.7269,4.8923,0.3312,-7.6905,5.1989,2.8599,7.0831,5.0319,0.9633
1549.50,7.7269,4.8923,0.3312,-7.6905,5.1989,2.8606,7.0831,5.0319,0.9640
1550.00,7.7269,4.8923,0.3312,-7.6905,5.1989,2.8611,7.0831,5.0319,0.9645
1550.50,7.7269,4.8923,0.3312,-7.6905,5.1989,2.8618,7.0831,5.0319,0.9652
1551.00,7.7269,4.8923,0.3312,-7.6905,5.1989,2.8626,7.0831,5.0319,0.9660
1551.50,7.7269,4.8923,0.3312,-7.6905,5.1989,2.8637,7.0831,5.0319,0.9671
1552.00,7.7269,4.8923,0.3312,-7.6905,5.1989,2.8647,7.0831,5.0319,0.9681
1552.50,7.7269,4.8923,0.3312,-7.6905,5.1989,2.8654,7.0831,5.0319,0.9688
1553.00,7.7269,4.8923,0.3312,-7.6905,5.1989,2.8663,7.0831,5.0319,0.9697
1553.50,7.7269,4.8923,0.3312,-7.6905,5.1989,2.8669,7.0831,5.0319,0.9703
1554.00,7.7269,4.8923,0.3312,-7.6905,5.1989,2.8679,7.0831,5.0319,0.9713
1554.50,7.7269,4.8923,0.3312,-7.6905,5.1989,2.8689,7.0831,5.0319,0.9723
1555.00,7.7269,4.8923,0.3312,-7.6905,5.1989,2.8695,7.0831,5.0319,0.9729
1555.50,7.7269,4.8923,0.3312,-7.6905,5.1989,2.8703,7.0831,5.0319,0.9737
1556.00,7.7269,4.8923,0.3312,-7.6905,5.1989,2.8715,7.0831,5.0319,0.9749
1556.50,7.7269,4.8923,0.3312,-7.6905,5.1989,2.8727,7.0831,5.0319,0.9761
1557.00,7.7269,4.8923,0.3312,-7.6905,5.1989,2.8726,7.0831,5.0319,0.9760
1557.50,7.7269,4.8923,0.3312,-7.6905,5.1989,2.8729,7.0831,5.0319,0.9763
1558.00,7.7269,4.8923,0.3312,-7.6905,5.1989,2.8738,7.0831,5.0319,0.9772
1558.50,7.7269,4.8923,0.3312,-7.6905,5.1989,2.8749,7.0831,5.0319,0.9783
1559.00,7.7269,4.8923,0.3312,-7.6905,5.1989,2.8761,7.0831,5.0319,0.9795
1559.50,7.7269,4.8923,0.3312,-7.6905,5.1989,2.8773,7.0831,5.0319,0.9807
1560.00,7.7269,4.8923,0.3312,-7.6905,5.1989,2.8779,7.0831,5.0319,0.9814
1560.50,7.7269,4.8923,0.3312,-7.6905,5.1989,2.8784,7.0831,5.0319,0.9818
1561.00,7.7269,4.8923,0.3312,-7.6905,5.1989,2.8794,7.0831,5.0319,0.9828
1561.50,7.7269,4.8923,0.3312,-7.6905,5.1989,2.8806,7.0831,5.0319,0.9841
1562.00,7.7269,4.8923,0.3312,-7.6905,5.1989,2.8817,7.0831,5.0319,0.9851
1562.50,7.7269,4.8923,0.3312,-7.6905,5.1989,2.8822,7.0831,5.0319,0.9856
1563.00,7.7269,4.8923,0.3312,-7.6905,5.1989,2.8828,7.0831,5.0319,0.9862
1563.50,7.7269,4.8923,0.3312,-7.6905,5.1989,2.8837,7.0831,5.0319,0.9871
1564.00,7.7269,4.8923,0.3312,-7.6905,5.1989,2.8846,7.0831,5.0319,0.9880
1564.50,7.7269,4.8923,0.3312,-7.6905,5.1989,2.8857,7.0831,5.0319,0.9891
1565.00,7.7269,4.8923,0.3312,-7.6905,5.1989,2.8866,7.0831,5.0319,0.9901
1565.50,7.7269,4.8923,0.3312,-7.6905,5.1989,2.8871,7.0831,5.0319,0.9905
1566.00,7.7269,4.8923,0.3312,-7.6905,5.1989,2.8875,7.0831,5.0319,0.9910
1566.50,7.7269,4.8923,0.3312,-7.6905,5.1989,2.8884,7.0831,5.0319,0.9919
1567.00,7.7269,4.8923,0.3312,-7.6905,5.1989,2.8896,7.0831,5.0319,0.9931
1567.50,7.7269,4.8923,0.3312,-7.6905,5.1989,2.8904,7.0831,5.0319,0.9938
1568.00,7.7269,4.8904,0.3105,-7.6884,5.1983,2.8727,7.0818,5.0301,0.9761
1568.50,7.7269,4.8865,0.2776,-7.6841,5.1971,2.8406,7.0793,5.0265,0.9440
1569.00,7.7268,4.8823,0.2440,-7.6798,5.1957,2.8076,7.0766,5.0229,0.9110
1569.50,7.7268,4.8779,0.2096,-7.6758,5.1942,2.7740,7.0739,5.0195,0.8775
1570.00,7.7268,4.8732,0.1744,-7.6715,5.1925,2.7400,7.0709,5.0160,0.8434
1570.50,7.7268,4.8682,0.1383,-7.6676,5.1907,2.7049,7.0680,5.0128,0.8083
1571.00,7.7268,4.8621,0.0944,-7.6623,5.1882,2.6633,7.0639,5.0087,0.7667
1571.50,7.7268,4.8546,0.0432,-7.6559,5.1846,2.6130,7.0584,5.0037,0.7164
1572.00,7.7268,4.8467,-0.0101,-7.6505,5.1813,2.5602,7.0535,4.9997,0.6636
1572.50,7.7268,4.8389,-0.0626,-7.6565,5.1854,2.5085,7.0594,5.0040,0.6119
1573.00,7.7268,4.8316,-0.1132,-7.6616,5.1894,2.4584,7.0648,5.0076,0.5618
1573.50,7.7268,4.8261,-0.1521,-7.6655,5.1927,2.4202,7.0691,5.0102,0.5236
1574.00,7.7268,4.8212,-0.1879,-7.6678,5.1948,2.3849,7.0719,5.0118,0.4883
1574.50,7.7268,4.8166,-0.2228,-7.6716,5.1985,2.3512,7.0766,5.0142,0.4546
1575.00,7.7268,4.8123,-0.2569,-7.6752,5.2022,2.3173,7.0812,5.0164,0.4208
1575.50,7.7269,4.8082,-0.2902,-7.6781,5.2054,2.2849,7.0853,5.0181,0.3883
1576.00,7.7269,4.8044,-0.3228,-7.6799,5.2076,2.2531,7.0879,5.0192,0.3565
1576.50,7.7269,4.8009,-0.3546,-7.6825,5.2108,2.2225,7.0918,5.0205,0.3259
1577.00,7.7269,4.7977,-0.3858,-7.6841,5.2131,2.1914,7.0944,5.0214,0.2948
1577.50,7.7369,4.7931,-0.4301,-7.6895,5.2209,2.1522,7.1036,5.0240,0.2556
1578.00,7.7423,4.7877,-0.4788,-7.6937,5.2278,2.0973,7.1114,5.0258,0.2007
1578.50,7.7423,4.7877,-0.4788,-7.6938,5.2278,2.0987,7.1115,5.0258,0.2021
1579.00,7.7423,4.7877,-0.4788,-7.6938,5.2278,2.0993,7.1115,5.0258,0.2027
1579.50,7.7353,4.7914,-0.4788,-7.6906,5.2223,2.0996,7.1052,5.0245,0.2030
1580.00,7.7088,4.8051,-0.4788,-7.6750,5.1957,2.1001,7.0751,5.0183,0.2035
1580.50,7.6821,4.8190,-0.4788,-7.6619,5.1733,2.1009,7.0497,5.0130,0.2043
1581.00,7.6555,4.8328,-0.4788,-7.6469,5.1478,2.1011,7.0090,5.0273,-0.1619
1581.50,7.6216,4.8504,-0.4788,-7.6282,5.1159,2.1019,6.9725,5.0332,-0.1612
1582.00,7.5861,4.8688,-0.4788,-7.6058,5.0777,2.1021,6.9505,5.0090,-0.4506
1582.50,7.5506,4.8872,-0.4788,-7.5841,5.0408,2.1022,6.9119,5.0277,-0.4505
1583.00,7.5151,4.9057,-0.4788,-7.5640,5.0067,2.1032,6.8867,5.0356,-0.4530
1583.50,7.5076,4.9120,-0.4309,-7.5570,4.9946,2.1426,6.8741,5.0418,-0.4136
1584.00,7.5512,4.9098,-0.2788,-7.5848,5.0303,2.3103,6.9170,5.0274,-0.2459
1584.50,7.5976,4.8988,-0.1194,-7.6159,5.0600,2.4631,6.9696,5.0310,-0.1001
1585.00,7.6331,4.8962,0.0358,-7.6466,5.0810,2.6207,7.0068,5.0301,0.0575
1585.50,7.6669,4.9027,0.1641,-7.6768,5.0957,2.7513,7.0401,5.0343,0.1881
1586.00,7.6958,4.9179,0.2614,-7.7103,5.1076,2.8519,7.0746,5.0433,0.2852
1586.50,7.7150,4.9302,0.3166,-7.7343,5.1140,2.9102,7.0882,5.0609,0.3436
1587.00,7.7194,4.9320,0.3193,-7.7406,5.1154,2.9151,7.0943,5.0632,0.3485
1587.50,7.7194,4.9320,0.3193,-7.7406,5.1154,2.9153,7.0943,5.0632,0.3487
1588.00,7.7194,4.9320,0.3193,-7.7406,5.1154,2.9160,7.0943,5.0632,0.3493
1588.50,7.7194,4.9320,0.3193,-7.7406,5.1154,2.9166,7.0943,5.0632,0.3499
1589.00,7.7194,4.9320,0.3193,-7.7406,5.1154,2.9180,7.0943,5.0632,0.3513
1589.50,7.7194,4.9320,0.3193,-7.7406,5.1154,2.9186,7.0943,5.0632,0.3519
1590.00,7.7194,4.9320,0.3193,-7.7406,5.1154,2.9197,7.0943,5.0632,0.3531
1590.50,7.7194,4.9320,0.3193,-7.7406,5.1154,2.9202,7.0943,5.0632,0.3535
1591.00,7.7194,4.9320,0.3193,-7.7406,5.1154,2.9209,7.0943,5.0632,0.3543
