t,gt_x,gt_y,gt_yaw,odom_x,odom_y,odom_yaw,slam_x,slam_y,slam_yaw
54.00,-0.0000,0.0000,0.0000,0.0000,0.0000,-0.0140,0.0000,0.0000,-0.0140
54.50,-0.0000,0.0000,0.0000,0.0000,0.0000,-0.0146,0.0000,0.0000,-0.0146
55.00,-0.0000,0.0000,0.0000,0.0000,0.0000,-0.0145,0.0000,0.0000,-0.0145
55.50,-0.0000,0.0000,0.0000,0.0000,0.0000,-0.0149,0.0000,0.0000,-0.0149
56.00,-0.0000,0.0000,0.0000,0.0000,0.0000,-0.0147,0.0000,0.0000,-0.0147
56.50,-0.0000,0.0000,0.0000,0.0000,0.0000,-0.0152,0.0000,0.0000,-0.0152
57.00,-0.0000,0.0000,0.0000,0.0000,0.0000,-0.0156,0.0000,0.0000,-0.0156
57.50,-0.0000,0.0000,0.0000,0.0000,0.0000,-0.0156,0.0000,0.0000,-0.0156
58.00,-0.0000,0.0000,0.0000,0.0000,0.0000,-0.0159,0.0000,0.0000,-0.0159
58.50,-0.0000,0.0000,0.0000,0.0000,0.0000,-0.0158,0.0000,0.0000,-0.0158
59.00,-0.0000,0.0000,0.0000,0.0000,0.0000,-0.0160,0.0000,0.0000,-0.0160
59.50,-0.0000,0.0000,0.0000,0.0000,0.0000,-0.0164,0.0000,0.0000,-0.0164
60.00,-0.0000,0.0000,0.0000,0.0000,0.0000,-0.0162,0.0000,0.0000,-0.0162
60.50,-0.0000,0.0000,0.0000,0.0000,0.0000,-0.0162,0.0000,0.0000,-0.0162
61.00,-0.0000,0.0000,0.0000,0.0000,0.0000,-0.0170,0.0000,0.0000,-0.0170
61.50,-0.0000,0.0000,0.0000,0.0000,0.0000,-0.0172,0.0000,0.0000,-0.0172
62.00,-0.0000,0.0000,0.0000,0.0000,0.0000,-0.0171,0.0000,0.0000,-0.0171
62.50,0.0453,-0.0000,-0.0000,0.0466,-0.0008,-0.0173,0.0466,-0.0008,-0.0173
63.00,0.1053,-0.0000,-0.0000,0.1051,-0.0018,-0.0178,0.1051,-0.0018,-0.0178
63.50,0.1653,-0.0000,-0.0000,0.1684,-0.0030,-0.0183,0.0884,-0.0047,-0.0043
64.00,0.2253,-0.0000,-0.0000,0.2314,-0.0041,-0.0182,0.0785,-0.0050,-0.0043
64.50,0.2853,-0.0000,-0.0000,0.2913,-0.0052,-0.0184,0.1213,-0.0053,-0.0044
65.00,0.3453,-0.0000,-0.0000,0.3544,-0.0064,-0.0187,0.1044,-0.0055,-0.0047
65.50,0.4053,-0.0000,-0.0000,0.4086,-0.0074,-0.0190,0.1087,-0.0058,-0.0050
66.00,0.4653,-0.0000,-0.0000,0.4761,-0.0087,-0.0190,0.1113,-0.0061,-0.0050
66.50,0.5253,-0.0000,-0.0000,0.5418,-0.0100,-0.0194,0.1218,-0.0065,-0.0054
67.00,0.5853,-0.0000,-0.0000,0.6020,-0.0111,-0.0195,0.1321,-0.0068,-0.0056
67.50,0.6453,-0.0000,-0.0000,0.6652,-0.0124,-0.0198,0.1953,-0.0072,-0.0058
68.00,0.7053,-0.0000,-0.0000,0.7256,-0.0136,-0.0202,0.2156,0.0024,-0.0063
68.50,0.7653,-0.0000,-0.0000,0.7867,-0.0148,-0.0206,0.2568,0.0020,-0.0066
69.00,0.8253,-0.0000,-0.0000,0.8440,-0.0160,-0.0212,0.3141,0.0016,-0.0072
69.50,0.8853,-0.0000,-0.0000,0.9068,-0.0174,-0.0213,0.3569,0.0012,-0.0074
70.00,0.9453,-0.0000,-0.0000,0.9696,-0.0187,-0.0215,0.4035,0.0007,-0.0076
70.50,1.0053,-0.0000,-0.0000,1.0315,-0.0201,-0.0223,0.4616,0.0002,-0.0083
71.00,1.0653,-0.0000,-0.0000,1.0923,-0.0215,-0.0229,0.5025,-0.0003,-0.0089
71.50,1.1253,-0.0000,-0.0000,1.1536,-0.0229,-0.0235,0.5638,-0.0009,-0.0095
72.00,1.1853,-0.0000,-0.0000,1.2172,-0.0244,-0.0236,0.5912,-0.0015,-0.0096
72.50,1.2293,-0.0000,-0.0000,1.2593,-0.0254,-0.0244,0.6295,-0.0019,-0.0104
73.00,1.2293,-0.0000,-0.0000,1.2593,-0.0254,-0.0249,0.6295,-0.0019,-0.0109
73.50,1.2293,-0.0000,-0.0000,1.2593,-0.0254,-0.0255,0.6295,-0.0019,-0.0115
74.00,1.2293,-0.0000,-0.0000,1.2593,-0.0254,-0.0256,0.6295,-0.0019,-0.0117
74.50,1.2293,-0.0000,-0.0000,1.2593,-0.0254,-0.0258,0.6295,-0.0019,-0.0118
75.00,1.2293,-0.0000,-0.0000,1.2593,-0.0254,-0.0266,0.6295,-0.0019,-0.0126
75.50,1.2293,-0.0000,-0.0000,1.2593,-0.0254,-0.0272,0.6295,-0.0019,-0.0132
76.00,1.2293,-0.0000,-0.0000,1.2593,-0.0254,-0.0274,0.6295,-0.0019,-0.0134
76.50,1.2293,-0.0000,-0.0000,1.2593,-0.0254,-0.0275,0.6295,-0.0019,-0.0135
77.00,1.2293,-0.0000,-0.0000,1.2593,-0.0254,-0.0275,0.6295,-0.0019,-0.0135
77.50,1.2293,-0.0000,-0.0000,1.2593,-0.0254,-0.0277,0.6295,-0.0019,-0.0137
78.00,1.2293,-0.0000,-0.0000,1.2593,-0.0254,-0.0285,0.6295,-0.0019,-0.0145
78.50,1.2293,-0.0000,-0.0000,1.2593,-0.0254,-0.0287,0.6295,-0.0019,-0.0147
79.00,1.2293,-0.0000,-0.0000,1.2593,-0.0254,-0.0288,0.6295,-0.0019,-0.0148
79.50,1.2293,-0.0000,-0.0000,1.2593,-0.0254,-0.0295,0.6295,-0.0019,-0.0155
80.00,1.2293,-0.0000,-0.0000,1.2593,-0.0254,-0.0299,0.6295,-0.0019,-0.0160
80.50,1.2293,-0.0000,-0.0000,1.2593,-0.0254,-0.0303,0.6295,-0.0019,-0.0164
81.00,1.2293,-0.0000,-0.0000,1.2593,-0.0254,-0.0310,0.6295,-0.0019,-0.0170
81.50,1.2293,-0.0000,-0.0000,1.2593,-0.0254,-0.0308,0.6295,-0.0019,-0.0168
82.00,1.2238,-0.0000,-0.0000,1.2533,-0.0252,-0.0302,0.6235,-0.0018,-0.0162
82.50,1.2038,-0.0000,-0.0000,1.2325,-0.0246,-0.0309,0.6027,-0.0015,-0.0169
83.00,1.1838,-0.0000,-0.0000,1.2121,-0.0239,-0.0314,0.5823,-0.0011,-0.0174
83.50,1.1638,-0.0000,-0.0000,1.1920,-0.0233,-0.0321,0.5622,-0.0008,-0.0181
84.00,1.1438,-0.0000,-0.0000,1.1712,-0.0226,-0.0326,0.5414,-0.0004,-0.0186
84.50,1.1238,-0.0000,-0.0000,1.1530,-0.0220,-0.0331,0.5232,-0.0000,-0.0191
85.00,1.1038,-0.0000,-0.0000,1.1344,-0.0214,-0.0337,0.5045,0.0003,-0.0198
85.50,1.0838,-0.0000,-0.0000,1.1130,-0.0207,-0.0338,0.4831,0.0008,-0.0198
86.00,1.0638,-0.0000,-0.0000,1.0901,-0.0199,-0.0347,0.4602,0.0012,-0.0207
86.50,1.0438,-0.0000,-0.0000,1.0683,-0.0191,-0.0348,0.4384,-0.0006,-0.0104
87.00,1.0238,-0.0000,-0.0000,1.0475,-0.0184,-0.0357,0.4176,-0.0004,-0.0113
87.50,1.0038,-0.0000,-0.0000,1.0273,-0.0177,-0.0357,0.3974,-0.0002,-0.0113
88.00,0.9838,-0.0000,-0.0000,1.0072,-0.0169,-0.0359,0.3773,0.0001,-0.0115
88.50,0.9773,-0.0000,-0.0000,0.9996,-0.0167,-0.0359,0.3697,0.0001,-0.0115
89.00,0.9773,-0.0000,-0.0000,0.9996,-0.0167,-0.0362,0.3697,0.0001,-0.0118
89.50,0.9773,-0.0000,-0.0000,0.9996,-0.0167,-0.0363,0.3697,0.0001,-0.0119
90.00,0.9773,-0.0000,-0.0000,0.9996,-0.0167,-0.0372,0.3697,0.0001,-0.0127
90.50,0.9773,-0.0000,-0.0000,0.9996,-0.0167,-0.0374,0.3697,0.0001,-0.0129
91.00,0.9773,0.0006,0.0188,0.9996,-0.0167,-0.0193,0.3697,0.0001,0.0051
91.50,0.9773,0.0083,0.1924,1.0071,-0.0161,0.1579,0.3771,0.0008,0.1824
92.00,0.9775,0.0247,0.4102,1.0240,-0.0112,0.3758,0.3939,0.0062,0.4002
92.50,0.9777,0.0375,0.5895,1.0343,-0.0060,0.5545,0.4041,0.0117,0.5790
93.00,0.9778,0.0397,0.6499,1.0355,-0.0052,0.6132,0.4053,0.0124,0.6377
93.50,0.9778,0.0397,0.6499,1.0355,-0.0053,0.6124,0.4053,0.0124,0.6368
94.00,0.9734,0.0364,0.6499,1.0310,-0.0084,0.6117,0.4008,0.0092,0.6361
94.50,0.9575,0.0243,0.6499,1.0144,-0.0200,0.6110,0.3845,-0.0028,0.6354
95.00,0.9416,0.0122,0.6499,0.9972,-0.0321,0.6111,0.3676,-0.0153,0.6355
95.50,0.9256,0.0001,0.6499,0.9813,-0.0432,0.6105,0.3529,0.0019,0.6419
96.00,0.9097,-0.0120,0.6499,0.9639,-0.0554,0.6102,0.3359,-0.0108,0.6416
96.50,0.8938,-0.0241,0.6499,0.9465,-0.0676,0.6094,0.3189,-0.0235,0.6408
97.00,0.8779,-0.0362,0.6499,0.9301,-0.0790,0.6084,0.3029,-0.0354,0.6398
97.50,0.8619,-0.0483,0.6499,0.9132,-0.0908,0.6075,0.3275,-0.0487,0.6446
98.00,0.8460,-0.0604,0.6499,0.8962,-0.1026,0.6074,0.3207,-0.0613,0.6458
98.50,0.8301,-0.0725,0.6499,0.8805,-0.1134,0.6066,0.3055,-0.0728,0.6450
99.00,0.8142,-0.0846,0.6499,0.8641,-0.1248,0.6064,0.2895,-0.0848,0.6448
99.50,0.7983,-0.0967,0.6499,0.8480,-0.1360,0.6060,0.2738,-0.0966,0.6444
100.00,0.7823,-0.1088,0.6499,0.8319,-0.1471,0.6058,0.2581,-0.1084,0.6442
100.50,0.7739,-0.1152,0.6499,0.8238,-0.1527,0.6053,0.2503,-0.1143,0.6437
101.00,0.7739,-0.1157,0.6292,0.8234,-0.1530,0.5844,0.2499,-0.1146,0.6228
101.50,0.7739,-0.1171,0.5941,0.8225,-0.1536,0.5490,0.2490,-0.1152,0.5874
102.00,0.7738,-0.1189,0.5581,0.8205,-0.1548,0.5117,0.2471,-0.1164,0.5501
102.50,0.7738,-0.1211,0.5211,0.8182,-0.1560,0.4739,0.2448,-0.1178,0.5123
103.00,0.7737,-0.1239,0.4831,0.8159,-0.1572,0.4356,0.2425,-0.1190,0.4740
103.50,0.7737,-0.1271,0.4441,0.8129,-0.1585,0.3962,0.2396,-0.1204,0.4345
104.00,0.7736,-0.1308,0.4040,0.8093,-0.1599,0.3553,0.2360,-0.1220,0.3937
104.50,0.7736,-0.1349,0.3627,0.8054,-0.1613,0.3135,0.2322,-0.1235,0.3519
105.00,0.7735,-0.1396,0.3203,0.8009,-0.1626,0.2709,0.2080,-0.1357,0.3128
105.50,0.7735,-0.1447,0.2766,0.7970,-0.1636,0.2272,0.2041,-0.1369,0.2691
106.00,0.8057,-0.1513,0.1412,0.8277,-0.1587,0.0974,0.2347,-0.1306,0.1393
106.50,0.9015,-0.1618,0.0195,0.9215,-0.1570,-0.0249,0.3525,-0.1485,0.0113
107.00,1.0313,-0.1594,0.0354,1.0467,-0.1599,-0.0056,0.4634,-0.1626,0.0293
107.50,1.1613,-0.1589,-0.0275,1.1801,-0.1643,-0.0727,0.5869,-0.1623,-0.0378
108.00,1.2912,-0.1636,-0.0331,1.3163,-0.1754,-0.0783,0.7353,-0.1690,-0.0406
108.50,1.4212,-0.1636,-0.0128,1.4466,-0.1843,-0.0577,0.8540,-0.1726,-0.0228
109.00,1.5512,-0.1621,0.0011,1.5756,-0.1907,-0.0442,0.9749,-0.1666,-0.0064
109.50,1.6812,-0.1643,-0.0183,1.7090,-0.1979,-0.0659,1.1117,-0.1719,-0.0275
110.00,1.8112,-0.1634,-0.0026,1.8392,-0.2054,-0.0499,1.2501,-0.1744,-0.0115
110.50,1.9412,-0.1630,0.0009,1.9713,-0.2118,-0.0482,1.3743,-0.1758,-0.0063
111.00,2.0712,-0.1618,0.0058,2.0995,-0.2175,-0.0429,1.5027,-0.1719,-0.0025
111.50,2.2006,-0.1650,-0.0200,2.2346,-0.2245,-0.0665,1.6218,-0.1723,-0.0281
112.00,2.2910,-0.1741,-0.0704,2.3259,-0.2325,-0.1156,1.7233,-0.1767,-0.0773
112.50,2.3190,-0.1824,-0.1196,2.3568,-0.2366,-0.1641,1.7444,-0.1896,-0.1257
113.00,2.3190,-0.1892,-0.1682,2.3634,-0.2378,-0.2132,1.7511,-0.1905,-0.1748
113.50,2.3190,-0.1955,-0.2152,2.3706,-0.2395,-0.2604,1.7583,-0.1920,-0.2220
114.00,2.3190,-0.2013,-0.2607,2.3768,-0.2413,-0.3067,1.7646,-0.1935,-0.2683
114.50,2.3191,-0.2066,-0.3048,2.3822,-0.2431,-0.3514,1.7700,-0.1951,-0.3130
115.00,2.3191,-0.2114,-0.3477,2.3873,-0.2451,-0.3941,1.7752,-0.1969,-0.3557
115.50,2.3191,-0.2158,-0.3893,2.3905,-0.2465,-0.4362,1.7785,-0.1982,-0.3979
116.00,2.3192,-0.2196,-0.4298,2.3942,-0.2483,-0.4776,1.7522,-0.2298,-0.4393
116.50,2.3192,-0.2230,-0.4692,2.3974,-0.2500,-0.5176,1.7555,-0.2314,-0.4792
117.00,2.3192,-0.2236,-0.4716,2.3984,-0.2507,-0.5207,1.7565,-0.2320,-0.4823
117.50,2.3192,-0.2203,-0.4322,2.3944,-0.2484,-0.4813,1.7524,-0.2299,-0.4429
118.00,2.3191,-0.2164,-0.3918,2.3907,-0.2466,-0.4410,1.7486,-0.2282,-0.4027
118.50,2.3191,-0.2121,-0.3502,2.3858,-0.2444,-0.3998,1.7436,-0.2262,-0.3615
119.00,2.3191,-0.2073,-0.3075,2.3811,-0.2425,-0.3576,1.7389,-0.2245,-0.3193
119.50,2.3308,-0.2028,-0.2311,2.3894,-0.2451,-0.2871,1.7473,-0.2268,-0.2487
120.00,2.4008,-0.1924,-0.0619,2.4595,-0.2585,-0.1194,1.8178,-0.2375,-0.0810
120.50,2.5244,-0.1913,-0.0348,2.5827,-0.2701,-0.0938,1.9693,-0.2071,-0.0415
121.00,2.6540,-0.2014,-0.1150,2.7139,-0.2885,-0.1769,2.0833,-0.2171,-0.1210
121.50,2.7834,-0.2126,-0.0297,2.8493,-0.3089,-0.0907,2.2276,-0.2298,-0.0383
122.00,2.9130,-0.2147,0.1256,2.9812,-0.3095,0.0641,2.3513,-0.2235,0.1165
122.50,3.0419,-0.2002,0.1028,3.1051,-0.3012,0.0394,2.4846,-0.2189,0.0952
123.00,3.1718,-0.1918,-0.0456,3.2393,-0.3061,-0.1156,2.6189,-0.2162,-0.0598
123.50,3.3013,-0.1952,-0.1087,3.3701,-0.3258,-0.1799,2.7405,-0.2190,-0.1177
124.00,3.4305,-0.2084,-0.0983,3.4993,-0.3494,-0.1708,2.8810,-0.2248,-0.1080
124.50,3.5603,-0.2147,-0.0056,3.6351,-0.3659,-0.0749,3.0075,-0.2327,-0.0121
125.00,3.6903,-0.2158,-0.0047,3.7646,-0.3754,-0.0741,3.1274,-0.2341,-0.0112
125.50,3.8203,-0.2170,-0.0167,3.8993,-0.3854,-0.0860,3.2663,-0.2353,-0.0267
126.00,3.9502,-0.2269,-0.0667,4.0286,-0.3995,-0.1352,3.4023,-0.2417,-0.0759
126.50,4.0794,-0.2458,-0.1630,4.1571,-0.4226,-0.2329,3.5239,-0.2653,-0.1735
127.00,4.2066,-0.2739,-0.2373,4.2813,-0.4575,-0.3084,3.6581,-0.2943,-0.2525
127.50,4.3323,-0.3113,-0.2847,4.4066,-0.5000,-0.3546,3.7837,-0.3298,-0.2952
128.00,4.4560,-0.3568,-0.3409,4.5369,-0.5525,-0.4114,3.9286,-0.3848,-0.3486
128.50,4.5788,-0.3992,-0.3017,4.6635,-0.6066,-0.3703,4.0384,-0.4308,-0.3110
129.00,4.7038,-0.4345,-0.2775,4.7867,-0.6512,-0.3469,4.1641,-0.4680,-0.2875
129.50,4.8291,-0.4682,-0.2548,4.9166,-0.6966,-0.3216,4.2803,-0.5053,-0.2651
130.00,4.9546,-0.5043,-0.2811,5.0410,-0.7394,-0.3478,4.4031,-0.5410,-0.2920
130.50,5.0795,-0.5411,-0.2869,5.1641,-0.7843,-0.3529,4.5305,-0.5787,-0.3005
131.00,5.2034,-0.5840,-0.3282,5.2888,-0.8328,-0.3922,4.6756,-0.6210,-0.3363
131.50,5.3250,-0.6350,-0.3996,5.4171,-0.8907,-0.4617,4.7768,-0.6717,-0.4101
132.00,5.4422,-0.6950,-0.5032,5.5345,-0.9562,-0.5640,4.9074,-0.7313,-0.5081
132.50,5.5513,-0.7641,-0.6607,5.6394,-1.0332,-0.7239,4.9982,-0.8040,-0.6751
133.00,5.6485,-0.8501,-0.7969,5.7304,-1.1259,-0.8595,5.1218,-0.8903,-0.8107
133.50,5.7319,-0.9480,-0.9464,5.8098,-1.2326,-1.0124,5.1881,-0.9932,-0.9600
134.00,5.8058,-1.0578,-1.0495,5.8731,-1.3486,-1.1159,5.2653,-1.1059,-1.0601
134.50,5.8698,-1.1711,-1.0576,5.9311,-1.4697,-1.1249,5.3381,-1.2235,-1.0726
135.00,5.9348,-1.2839,-1.0502,5.9850,-1.5811,-1.1200,5.3994,-1.3221,-1.0642
135.50,5.9998,-1.3965,-1.0492,6.0445,-1.7033,-1.1211,5.4653,-1.4510,-1.0625
136.00,6.0686,-1.5081,-1.0103,6.1032,-1.8197,-1.0811,5.5308,-1.5536,-1.0253
136.50,6.1337,-1.6068,-0.9793,6.1584,-1.9202,-1.0499,5.5914,-1.6611,-0.9905
137.00,6.1686,-1.6553,-0.9441,6.1897,-1.9730,-1.0151,5.6361,-1.7117,-0.9593
137.50,6.1732,-1.6604,-0.9098,6.1933,-1.9786,-0.9816,5.6399,-1.7171,-0.9257
138.00,6.1737,-1.6604,-0.8764,6.1934,-1.9789,-0.9490,5.6401,-1.7174,-0.8932
138.50,6.1738,-1.6605,-0.8439,6.1933,-1.9789,-0.9166,5.6400,-1.7173,-0.8608
139.00,6.1737,-1.6602,-0.8108,6.1933,-1.9788,-0.8846,5.6400,-1.7173,-0.8288
139.50,6.1736,-1.6601,-0.7767,6.1930,-1.9785,-0.8508,5.6397,-1.7170,-0.7949
140.00,6.1732,-1.6602,-0.7431,6.1928,-1.9782,-0.8175,5.6394,-1.7167,-0.7617
140.50,6.1731,-1.6602,-0.7105,6.1926,-1.9781,-0.7851,5.6393,-1.7166,-0.7293
141.00,6.1730,-1.6600,-0.6776,6.1923,-1.9778,-0.7524,5.6390,-1.7163,-0.6965
141.50,6.1730,-1.6592,-0.6438,6.1916,-1.9772,-0.7187,5.6382,-1.7157,-0.6628
142.00,6.1729,-1.6581,-0.6090,6.1903,-1.9761,-0.6851,5.6369,-1.7147,-0.6292
142.50,6.1728,-1.6565,-0.5734,6.1892,-1.9752,-0.6500,5.6357,-1.7139,-0.5941
143.00,6.1728,-1.6544,-0.5368,6.1878,-1.9742,-0.6139,5.6342,-1.7130,-0.5581
143.50,6.1727,-1.6519,-0.4993,6.1852,-1.9725,-0.5770,5.6316,-1.7114,-0.5212
144.00,6.1727,-1.6489,-0.4607,6.1830,-1.9710,-0.5385,5.6293,-1.7101,-0.4826
144.50,6.1727,-1.6454,-0.4211,6.1799,-1.9693,-0.4989,5.6261,-1.7085,-0.4431
145.00,6.1726,-1.6415,-0.3803,6.1755,-1.9670,-0.4586,5.6215,-1.7065,-0.4028
145.50,6.1726,-1.6370,-0.3384,6.1708,-1.9648,-0.4173,5.6168,-1.7046,-0.3615
146.00,6.1725,-1.6321,-0.2953,6.1661,-1.9629,-0.3747,5.6120,-1.7029,-0.3189
146.50,6.1725,-1.6267,-0.2508,6.1620,-1.9613,-0.3313,5.6078,-1.7016,-0.2754
147.00,6.1725,-1.6207,-0.2050,6.1561,-1.9595,-0.2862,5.6018,-1.7000,-0.2303
147.50,6.1725,-1.6143,-0.1577,6.1499,-1.9578,-0.2398,5.5955,-1.6987,-0.1840
148.00,6.1724,-1.6075,-0.1087,6.1427,-1.9562,-0.1909,5.5882,-1.6975,-0.1351
148.50,6.1724,-1.6001,-0.0580,6.1347,-1.9548,-0.1401,5.5801,-1.6966,-0.0843
149.00,6.1724,-1.5923,-0.0053,6.1267,-1.9539,-0.0882,5.5721,-1.6961,-0.0324
149.50,6.1724,-1.5844,0.0478,6.1331,-1.9543,-0.0360,5.6383,-1.6489,0.0338
150.00,6.1724,-1.5769,0.0989,6.1419,-1.9544,0.0142,5.6471,-1.6484,0.0840
150.50,6.1725,-1.5700,0.1482,6.1495,-1.9541,0.0631,5.6547,-1.6475,0.1329
151.00,6.1725,-1.5635,0.1958,6.1556,-1.9535,0.1108,5.6607,-1.6466,0.1806
151.50,6.1725,-1.5575,0.2419,6.1616,-1.9527,0.1567,5.6667,-1.6453,0.2265
152.00,6.1725,-1.5520,0.2866,6.1672,-1.9517,0.2009,5.6723,-1.6439,0.2707
152.50,6.1726,-1.5469,0.3300,6.1707,-1.9509,0.2440,5.6757,-1.6429,0.3138
153.00,6.1726,-1.5424,0.3722,6.1744,-1.9499,0.2849,5.6793,-1.6416,0.3547
153.50,6.1726,-1.5383,0.4131,6.1801,-1.9481,0.3248,5.6451,-1.5901,0.3981
154.00,6.1727,-1.5347,0.4530,6.1840,-1.9467,0.3642,5.6489,-1.5884,0.4375
154.50,6.1727,-1.5317,0.4918,6.1867,-1.9457,0.4024,5.6515,-1.5872,0.4757
155.00,6.1728,-1.5290,0.5295,6.1888,-1.9447,0.4397,5.6535,-1.5861,0.5130
155.50,6.1728,-1.5269,0.5663,6.1907,-1.9438,0.4753,5.6553,-1.5850,0.5486
156.00,6.1729,-1.5252,0.6021,6.1925,-1.9428,0.5105,5.6570,-1.5839,0.5838
156.50,6.1729,-1.5239,0.6370,6.1938,-1.9421,0.5449,5.6583,-1.5831,0.6182
157.00,6.1730,-1.5232,0.6695,6.1944,-1.9417,0.5786,5.6589,-1.5826,0.6519
157.50,6.1730,-1.5228,0.7026,6.1948,-1.9414,0.6112,5.6592,-1.5824,0.6844
158.00,6.1731,-1.5228,0.7351,6.1948,-1.9414,0.6429,5.6592,-1.5824,0.7162
158.50,6.1727,-1.5229,0.7685,6.1945,-1.9417,0.6760,5.6590,-1.5826,0.7493
159.00,6.1727,-1.5230,0.8027,6.1942,-1.9419,0.7100,5.6587,-1.5829,0.7833
159.50,6.1728,-1.5234,0.8360,6.1939,-1.9422,0.7430,5.6584,-1.5832,0.8163
160.00,6.1728,-1.5236,0.8685,6.1937,-1.9423,0.7749,5.6583,-1.5833,0.8482
160.50,6.1724,-1.5236,0.9017,6.1934,-1.9427,0.8074,5.6579,-1.5837,0.8807
161.00,6.1716,-1.5237,0.9357,6.1930,-1.9431,0.8409,5.6576,-1.5841,0.9142
161.50,6.1703,-1.5237,0.9707,6.1920,-1.9442,0.8743,5.6567,-1.5853,0.9476
162.00,6.1686,-1.5238,1.0065,6.1914,-1.9450,0.9091,5.6561,-1.5861,0.9824
162.50,6.1664,-1.5238,1.0434,6.1903,-1.9465,0.9454,5.6551,-1.5877,1.0187
163.00,6.1638,-1.5239,1.0812,6.1889,-1.9485,0.9824,5.6539,-1.5898,1.0557
163.50,6.1607,-1.5239,1.1200,6.1873,-1.9510,1.0205,5.6525,-1.5924,1.0938
164.00,6.1571,-1.5240,1.1599,6.1854,-1.9543,1.0601,5.6508,-1.5959,1.1334
164.50,6.1530,-1.5240,1.2009,6.1838,-1.9573,1.1003,5.6494,-1.5990,1.1736
165.00,6.1484,-1.5240,1.2432,6.1821,-1.9607,1.1416,5.6480,-1.6025,1.2149
165.50,6.1434,-1.5241,1.2866,6.1799,-1.9658,1.1845,5.6462,-1.6077,1.2578
166.00,6.1378,-1.5241,1.3314,6.1780,-1.9708,1.2286,5.6446,-1.6129,1.3019
166.50,6.1318,-1.5241,1.3776,6.1759,-1.9769,1.2751,5.6430,-1.6191,1.3484
167.00,6.1253,-1.5241,1.4253,6.1744,-1.9825,1.3211,5.6419,-1.6248,1.3944
167.50,6.1183,-1.5242,1.4747,6.1730,-1.9883,1.3703,5.6410,-1.6307,1.4436
168.00,6.1108,-1.5242,1.5259,6.1718,-1.9953,1.4207,5.6402,-1.6378,1.4940
168.50,6.1029,-1.5242,1.5791,6.1709,-2.0025,1.4736,5.5635,-1.5852,1.5643
169.00,6.0951,-1.5242,1.6317,6.1714,-1.9948,1.5253,5.5633,-1.5776,1.6160
169.50,6.0877,-1.5242,1.6823,6.1715,-1.9882,1.5756,5.5628,-1.5709,1.6663
170.00,6.0809,-1.5241,1.7311,6.1713,-1.9812,1.6238,5.5620,-1.5640,1.7145
170.50,6.0745,-1.5241,1.7784,6.1708,-1.9742,1.6706,5.5608,-1.5571,1.7613
171.00,6.0686,-1.5241,1.8241,6.1699,-1.9670,1.7161,5.5593,-1.5500,1.8068
171.50,6.0632,-1.5241,1.8685,6.1690,-1.9617,1.7597,5.5579,-1.5448,1.8505
172.00,6.0575,-1.5188,1.9249,6.1673,-1.9538,1.8112,5.5555,-1.5370,1.9019
172.50,6.0402,-1.4662,2.0607,6.1500,-1.9007,1.9448,5.4950,-1.5252,2.0460
173.00,5.9851,-1.3642,2.0793,6.1048,-1.7917,1.9625,5.4492,-1.4212,2.0672
173.50,5.9276,-1.2483,2.0042,6.0597,-1.6684,1.8845,5.3834,-1.3014,1.9892
174.00,5.8710,-1.1309,2.0499,6.0170,-1.5417,1.9310,5.3356,-1.1818,2.0357
174.50,5.8052,-1.0204,2.2131,5.9622,-1.4240,2.0969,5.2688,-1.0705,2.2016
175.00,5.7218,-0.9223,2.3468,5.8907,-1.3184,2.2300,5.1963,-0.9731,2.3312
175.50,5.6258,-0.8352,2.4602,5.8046,-1.2204,2.3425,5.0890,-0.8843,2.4466
176.00,5.5210,-0.7577,2.5690,5.7093,-1.1315,2.4516,4.9902,-0.8009,2.5546
176.50,5.4078,-0.6889,2.7514,5.6012,-1.0556,2.6334,4.8673,-0.7369,2.7367
177.00,5.2877,-0.6284,3.0131,5.4757,-1.0043,2.8927,4.7330,-0.6889,2.9974
177.50,5.1643,-0.5895,-2.9814,5.3453,-0.9915,-3.1021,4.6117,-0.6531,-2.9914
178.00,5.0377,-0.6047,-2.8786,5.2181,-1.0042,-3.0010,4.4958,-0.6470,-2.8893
178.50,4.9115,-0.6349,-2.9486,5.0841,-1.0203,-3.0726,4.3628,-0.6718,-2.9595
179.00,4.7825,-0.6564,-3.1002,4.9465,-1.0188,3.0544,4.2293,-0.6867,-3.1153
179.50,4.6526,-0.6673,3.1015,4.8025,-0.9999,2.9712,4.0922,-0.6922,3.0863
180.00,4.5227,-0.6649,3.1144,4.6745,-0.9783,2.9850,3.9688,-0.6932,3.1019
180.50,4.3927,-0.6592,3.1004,4.5388,-0.9561,2.9682,3.8338,-0.6868,3.0886
181.00,4.2628,-0.6581,3.1388,4.4080,-0.9358,3.0090,3.7076,-0.6822,3.1295
181.50,4.1328,-0.6578,3.1263,4.2738,-0.9179,2.9961,3.5854,-0.6806,3.1165
182.00,4.0028,-0.6587,-3.1271,4.1393,-0.8997,3.0263,3.4445,-0.6788,-3.1374
182.50,3.8728,-0.6593,3.1352,4.0070,-0.8838,3.0046,3.3289,-0.6785,3.1258
183.00,3.7428,-0.6599,-3.1297,3.8704,-0.8660,3.0237,3.1679,-0.6822,-3.1400
183.50,3.6128,-0.6572,3.1184,3.7428,-0.8489,2.9880,3.0621,-0.6807,3.1096
184.00,3.4829,-0.6535,-3.1398,3.6109,-0.8285,3.0143,2.9310,-0.6710,3.1338
184.50,3.3529,-0.6581,-3.1045,3.4840,-0.8162,3.0522,2.8002,-0.6738,-3.1118
185.00,3.2230,-0.6620,-3.1083,3.3515,-0.8032,3.0488,2.6552,-0.6770,-3.1183
185.50,3.0930,-0.6634,-3.1386,3.2127,-0.7891,3.0195,2.5240,-0.6791,3.1373
186.00,2.9631,-0.6617,-3.1340,3.0751,-0.7709,3.0249,2.3897,-0.6776,3.1375
186.50,2.8331,-0.6658,-3.1241,2.9442,-0.7573,3.0354,2.2617,-0.6786,-3.1326
187.00,2.7031,-0.6622,3.0900,2.8126,-0.7390,2.9658,2.1389,-0.6757,3.0792
187.50,2.5733,-0.6560,3.1228,2.6868,-0.7170,3.0015,2.0020,-0.6682,3.1153
188.00,2.4433,-0.6573,-3.1323,2.5515,-0.7017,3.0307,1.8693,-0.6687,-3.1414
188.50,2.3133,-0.6580,-3.1215,2.4297,-0.6874,3.0421,1.7511,-0.6679,-3.1286
189.00,2.1833,-0.6591,3.1190,2.2930,-0.6725,2.9970,1.6036,-0.6685,3.1093
189.50,2.0535,-0.6528,3.0945,2.1608,-0.6495,2.9710,1.4856,-0.6606,3.0833
190.00,1.9236,-0.6527,-3.0962,2.0238,-0.6334,3.0645,1.3465,-0.6599,-3.1065
190.50,1.7937,-0.6587,-3.0879,1.8940,-0.6230,3.0714,1.2191,-0.6642,-3.0960
191.00,1.6638,-0.6630,-3.1290,1.7660,-0.6126,3.0294,1.1036,-0.6686,-3.1346
191.50,1.5340,-0.6583,3.0671,1.6424,-0.5913,2.9385,0.9771,-0.6622,3.0578
192.00,1.4042,-0.6529,3.1302,1.5146,-0.5688,3.0033,0.8339,-0.6552,3.1208
192.50,1.2742,-0.6529,-3.1130,1.3822,-0.5513,3.0412,0.7227,-0.6562,-3.1227
193.00,1.1445,-0.6608,-3.0615,1.2448,-0.5431,3.0942,0.5915,-0.6652,-3.0680
193.50,1.0147,-0.6659,3.1352,1.1173,-0.5314,3.0033,0.4520,-0.6686,3.1257
194.00,0.8847,-0.6671,-3.1314,0.9904,-0.5150,3.0235,0.3289,-0.6678,-3.1369
194.50,0.7547,-0.6632,3.0824,0.8609,-0.4947,2.9491,0.2407,-0.6596,3.0735
195.00,0.6249,-0.6586,-3.1400,0.7310,-0.4718,3.0118,0.0869,-0.6568,3.1346
195.50,0.4949,-0.6592,3.1215,0.6007,-0.4553,2.9881,0.0169,-0.6558,3.1139
196.00,0.3667,-0.6519,3.0570,0.4734,-0.4301,2.9244,-0.1753,-0.6515,3.0523
196.50,0.2830,-0.6384,3.0087,0.3857,-0.4087,2.8766,-0.2688,-0.6406,3.0046
197.00,0.2608,-0.6295,2.9613,0.3598,-0.4012,2.8291,-0.2689,-0.6309,2.9571
197.50,0.2607,-0.6233,2.9147,0.3539,-0.3992,2.7823,-0.2750,-0.6297,2.9103
198.00,0.2607,-0.6176,2.8696,0.3488,-0.3972,2.7369,-0.2803,-0.6284,2.8649
198.50,0.2607,-0.6125,2.8258,0.3432,-0.3947,2.6930,-0.2862,-0.6266,2.8209
199.00,0.2606,-0.6077,2.7832,0.3382,-0.3922,2.6494,-0.2915,-0.6247,2.7774
199.50,0.2606,-0.6035,2.7419,0.3345,-0.3901,2.6074,-0.2954,-0.6231,2.7354
200.00,0.2606,-0.5998,2.7017,0.3301,-0.3874,2.5662,-0.3002,-0.6210,2.6942
200.50,0.2605,-0.5965,2.6625,0.3270,-0.3853,2.5267,-0.3035,-0.6193,2.6547
201.00,0.2605,-0.5938,2.6244,0.3248,-0.3837,2.4879,-0.2847,-0.5917,2.6159
201.50,0.2604,-0.5915,2.5873,0.3230,-0.3822,2.4498,-0.2867,-0.5905,2.5777
202.00,0.2604,-0.5896,2.5512,0.3219,-0.3813,2.4130,-0.2879,-0.5898,2.5410
202.50,0.2603,-0.5882,2.5160,0.3210,-0.3804,2.3776,-0.2890,-0.5890,2.5056
203.00,0.2603,-0.5873,2.4817,0.3200,-0.3795,2.3426,-0.2901,-0.5882,2.4705
203.50,0.2602,-0.5868,2.4483,0.3197,-0.3792,2.3086,-0.2904,-0.5879,2.4366
204.00,0.2601,-0.5867,2.4157,0.3196,-0.3791,2.2758,-0.2905,-0.5878,2.4037
204.50,0.2598,-0.5868,2.3827,0.3191,-0.3785,2.2427,-0.2911,-0.5873,2.3707
205.00,0.2595,-0.5868,2.3486,0.3190,-0.3784,2.2078,-0.2911,-0.5872,2.3358
205.50,0.2595,-0.5865,2.3150,0.3189,-0.3781,2.1734,-0.2913,-0.5870,2.3014
206.00,0.2594,-0.5865,2.2824,0.3188,-0.3780,2.1403,-0.2914,-0.5869,2.2683
206.50,0.2597,-0.5865,2.2495,0.3189,-0.3781,2.1067,-0.2913,-0.5870,2.2347
207.00,0.2604,-0.5866,2.2157,0.3192,-0.3787,2.0726,-0.2909,-0.5875,2.2006
207.50,0.2615,-0.5866,2.1810,0.3194,-0.3792,2.0368,-0.2906,-0.5880,2.1648
208.00,0.2631,-0.5867,2.1454,0.3201,-0.3805,2.0005,-0.2898,-0.5892,2.1284
208.50,0.2652,-0.5867,2.1088,0.3208,-0.3823,1.9636,-0.2888,-0.5909,2.0916
209.00,0.2677,-0.5868,2.0713,0.3215,-0.3840,1.9260,-0.2880,-0.5924,2.0540
209.50,0.2707,-0.5868,2.0328,0.3226,-0.3870,1.8869,-0.2865,-0.5953,2.0149
210.00,0.2741,-0.5869,1.9932,0.3235,-0.3901,1.8465,-0.2852,-0.5983,1.9745
210.50,0.2781,-0.5869,1.9525,0.3245,-0.3939,1.8051,-0.2837,-0.6019,1.9331
211.00,0.2825,-0.5869,1.9106,0.3254,-0.3982,1.7627,-0.2822,-0.6061,1.8907
211.50,0.2872,-0.5864,1.8661,0.3261,-0.4022,1.7192,-0.2810,-0.6100,1.8472
212.00,0.2934,-0.5482,1.7181,0.3232,-0.3628,1.5737,-0.2890,-0.5712,1.7016
212.50,0.3008,-0.4464,1.6099,0.3300,-0.2614,1.4664,-0.2538,-0.4489,1.6000
213.00,0.2955,-0.3165,1.6509,0.3424,-0.1372,1.5069,-0.2410,-0.3192,1.6436
213.50,0.2808,-0.1883,1.8017,0.3409,-0.0045,1.6585,-0.2516,-0.1847,1.7952
214.00,0.2535,-0.0669,1.8854,0.3227,0.1220,1.7445,-0.2856,-0.0623,1.8795
214.50,0.2281,0.0076,1.8480,0.3100,0.1996,1.7095,-0.3240,0.0131,1.8444
215.00,0.2204,0.0260,1.8000,0.3073,0.2206,1.6658,-0.3230,0.0292,1.7990
215.50,0.2240,0.0711,1.6816,0.3063,0.2654,1.5470,-0.3200,0.0740,1.6767
216.00,0.2157,0.1784,1.6647,0.3101,0.3787,1.5319,-0.3160,0.1846,1.6581
216.50,0.2017,0.3041,1.6803,0.3139,0.5067,1.5480,-0.3414,0.3023,1.6743
217.00,0.1932,0.3812,1.6803,0.3157,0.5851,1.5477,-0.3545,0.3799,1.6740
217.50,0.1913,0.3984,1.6803,0.3162,0.6049,1.5474,-0.3410,0.4034,1.6747
218.00,0.1913,0.3984,1.6803,0.3162,0.6049,1.5471,-0.3410,0.4034,1.6745
218.50,0.1913,0.4000,1.6757,0.3162,0.6063,1.5428,-0.3411,0.4048,1.6702
219.00,0.1963,0.4457,1.6041,0.3193,0.6491,1.4712,-0.3435,0.4477,1.5986
219.50,0.1959,0.5533,1.5872,0.3317,0.7613,1.4534,-0.3442,0.5570,1.5785
220.00,0.1940,0.6833,1.5857,0.3472,0.8907,1.4506,-0.3506,0.6840,1.5779
220.50,0.1971,0.8133,1.5306,0.3665,1.0242,1.3941,-0.3319,0.8181,1.5250
221.00,0.2016,0.9432,1.5621,0.3893,1.1556,1.4277,-0.2975,0.9439,1.5568
221.50,0.1968,1.0730,1.6395,0.4012,1.2809,1.5106,-0.2881,1.0695,1.6352
222.00,0.1918,1.2029,1.5507,0.4131,1.4141,1.4191,-0.3045,1.2031,1.5430
222.50,0.1951,1.3302,1.3066,0.4471,1.5379,1.1711,-0.2876,1.3301,1.2979
223.00,0.2212,1.4519,1.1259,0.5072,1.6496,0.9879,-0.2601,1.4584,1.1153
223.50,0.2757,1.5655,1.0046,0.5851,1.7531,0.8659,-0.2157,1.5708,0.9955
224.00,0.3477,1.6714,0.9184,0.6766,1.8497,0.7775,-0.1374,1.6785,0.9083
224.50,0.4274,1.7742,0.9065,0.7726,1.9430,0.7657,-0.0625,1.7836,0.8966
225.00,0.5095,1.8753,0.8652,0.8679,2.0320,0.7226,0.0187,1.8839,0.8570
225.50,0.5953,1.9730,0.8412,0.9712,2.1204,0.6982,0.1093,1.9854,0.8326
226.00,0.6813,2.0704,0.8663,1.0731,2.2068,0.7228,0.1987,2.0747,0.8571
226.50,0.7621,2.1717,0.9146,1.1726,2.2995,0.7713,0.2768,2.1799,0.9057
227.00,0.8301,2.2620,0.9447,1.2570,2.3833,0.7998,0.3473,2.2743,0.9342
227.50,0.8610,2.3051,0.9798,1.2946,2.4231,0.8346,0.3792,2.3087,0.9690
228.00,0.8625,2.3082,1.0158,1.2974,2.4262,0.8701,0.3816,2.3122,1.0045
228.50,0.8602,2.3081,1.0529,1.2956,2.4239,0.9068,0.3801,2.3096,1.0412
229.00,0.8574,2.3081,1.0910,1.2941,2.4219,0.9441,0.3789,2.3075,1.0784
229.50,0.8542,2.3080,1.1301,1.2920,2.4189,0.9821,0.3772,2.3042,1.1164
230.00,0.8505,2.3080,1.1703,1.2904,2.4163,1.0220,0.3759,2.3014,1.1564
230.50,0.8463,2.3079,1.2116,1.2881,2.4124,1.0625,0.3742,2.2973,1.1969
231.00,0.8416,2.3079,1.2541,1.2858,2.4080,1.1044,0.3725,2.2926,1.2387
231.50,0.8364,2.3079,1.2979,1.2832,2.4026,1.1478,0.3706,2.2869,1.2822
232.00,0.8307,2.3078,1.3430,1.2808,2.3969,1.1919,0.3690,2.2809,1.3263
232.50,0.8246,2.3078,1.3896,1.2784,2.3906,1.2376,0.3675,2.2744,1.3720
233.00,0.8179,2.3078,1.4377,1.2766,2.3849,1.2849,0.3665,2.2685,1.4193
233.50,0.8108,2.3078,1.4875,1.2749,2.3784,1.3338,0.3656,2.2618,1.4682
234.00,0.8032,2.3078,1.5392,1.2732,2.3707,1.3856,0.3650,2.2540,1.5200
234.50,0.7952,2.3078,1.5926,1.2731,2.3707,1.4385,0.3649,2.2540,1.5729
235.00,0.7876,2.3078,1.6447,1.2739,2.3777,1.4894,0.3648,2.2610,1.6237
235.50,0.7804,2.3078,1.6949,1.2743,2.3850,1.5392,0.3642,2.2683,1.6736
236.00,0.7736,2.3078,1.7433,1.2743,2.3921,1.5869,0.3633,2.2753,1.7213
236.50,0.7674,2.3078,1.7902,1.2741,2.3976,1.6334,0.3623,2.2807,1.7678
237.00,0.7616,2.3079,1.8355,1.2737,2.4025,1.6783,0.3612,2.2855,1.8126
237.50,0.7563,2.3079,1.8796,1.2731,2.4069,1.7213,0.3601,2.2898,1.8556
238.00,0.7516,2.3079,1.9223,1.2720,2.4134,1.7632,0.3581,2.2961,1.8976
238.50,0.7473,2.3080,1.9639,1.2711,2.4176,1.8038,0.3567,2.3001,1.9381
239.00,0.7435,2.3080,2.0043,1.2702,2.4210,1.8434,0.3553,2.3034,1.9778
239.50,0.7401,2.3081,2.0436,1.2692,2.4244,1.8818,0.3539,2.3066,2.0162
240.00,0.7373,2.3081,2.0818,1.2683,2.4271,1.9195,0.3526,2.3091,2.0539
240.50,0.7349,2.3082,2.1191,1.2675,2.4292,1.9569,0.3515,2.3111,2.0913
241.00,0.7330,2.3082,2.1554,1.2669,2.4305,1.9922,0.3508,2.3124,2.1266
241.50,0.7315,2.3083,2.1907,1.2664,2.4317,2.0269,0.3501,2.3134,2.1613
242.00,0.7305,2.3083,2.2251,1.2658,2.4328,2.0599,0.3493,2.3145,2.1943
242.50,0.7299,2.3084,2.2587,1.2657,2.4330,2.0927,0.3492,2.3146,2.2270
243.00,0.7298,2.3084,2.2914,1.2655,2.4333,2.1248,0.3490,2.3149,2.2592
243.50,0.7298,2.3082,2.3242,1.2657,2.4330,2.1570,0.3493,2.3146,2.2914
244.00,0.7299,2.3081,2.3582,1.2658,2.4328,2.1902,0.3494,2.3145,2.3245
244.50,0.7302,2.3081,2.3920,1.2660,2.4325,2.2236,0.3496,2.3143,2.3579
245.00,0.7305,2.3082,2.4247,1.2663,2.4321,2.2558,0.3500,2.3139,2.3902
245.50,0.7305,2.3080,2.4575,1.2665,2.4319,2.2877,0.3502,2.3137,2.4221
246.00,0.7306,2.3074,2.4912,1.2668,2.4317,2.3204,0.3505,2.3135,2.4547
246.50,0.7306,2.3063,2.5257,1.2676,2.4308,2.3545,0.3514,2.3127,2.4888
247.00,0.7307,2.3048,2.5611,1.2685,2.4300,2.3893,0.3524,2.3120,2.5236
247.50,0.7307,2.3037,2.5863,1.2696,2.4289,2.4147,0.3537,2.3111,2.5490
248.00,0.7308,2.3014,2.6234,1.2712,2.4276,2.4506,0.3554,2.3100,2.5850
248.50,0.7308,2.2986,2.6614,1.2733,2.4259,2.4878,0.3578,2.3086,2.6222
249.00,0.7309,2.2954,2.7005,1.2761,2.4238,2.5261,0.3608,2.3069,2.6605
249.50,0.7309,2.2916,2.7407,1.2788,2.4220,2.5658,0.3637,2.3055,2.7001
250.00,0.7310,2.2874,2.7820,1.2819,2.4201,2.6064,0.3670,2.3040,2.7407
250.50,0.7310,2.2828,2.8245,1.2858,2.4179,2.6482,0.3712,2.3024,2.7826
251.00,0.7310,2.2776,2.8683,1.2906,2.4154,2.6908,0.3762,2.3006,2.8252
251.50,0.7311,2.2719,2.9134,1.2946,2.4136,2.7356,0.3805,2.2993,2.8699
252.00,0.7311,2.2658,2.9600,1.3010,2.4110,2.7817,0.3871,2.2976,2.9161
252.50,0.7311,2.2591,3.0081,1.3073,2.4088,2.8297,0.3937,2.2962,2.9641
253.00,0.7311,2.2520,3.0579,1.3142,2.4067,2.8789,0.4008,2.2951,3.0133
253.50,0.7311,2.2444,3.1096,1.3217,2.4049,2.9295,0.2492,2.2608,3.0953
254.00,0.7311,2.2364,-3.1202,1.3226,2.4046,2.9824,0.2502,2.2607,-3.1350
254.50,0.7311,2.2288,-3.0681,1.3142,2.4058,3.0341,0.2417,2.2604,-3.0833
255.00,0.7311,2.2216,-3.0179,1.3072,2.4064,3.0837,0.2346,2.2599,-3.0337
255.50,0.7311,2.2148,-2.9695,1.3002,2.4066,3.1319,0.2277,2.2589,-2.9855
256.00,0.7311,2.2086,-2.9226,1.2925,2.4065,-3.1047,0.2201,2.2576,-2.9389
256.50,0.7310,2.2028,-2.8772,1.2867,2.4062,-3.0593,0.2145,2.2563,-2.8935
257.00,0.7310,2.1975,-2.8332,1.2804,2.4055,-3.0162,0.2084,2.2546,-2.8504
257.50,0.7310,2.1927,-2.7904,1.2761,2.4049,-2.9736,0.2042,2.2532,-2.8078
258.00,0.7309,2.1884,-2.7489,1.2715,2.4040,-2.9328,0.1999,2.2516,-2.7670
258.50,0.7309,2.1846,-2.7085,1.2679,2.4032,-2.8931,0.1965,2.2502,-2.7273
259.00,0.7308,2.1813,-2.6692,1.2650,2.4024,-2.8548,0.2332,2.1902,-2.6821
259.50,0.7308,2.1784,-2.6309,1.2613,2.4012,-2.8175,0.2297,2.1884,-2.6448
260.00,0.7214,2.1724,-2.5704,1.2508,2.3974,-2.7628,0.2200,2.1828,-2.5901
260.50,0.6717,2.1376,-2.4055,1.1950,2.3696,-2.5991,0.1699,2.1458,-2.4263
261.00,0.6038,2.0605,-2.2137,1.1099,2.3049,-2.4071,0.1069,2.0682,-2.2239
261.50,0.5330,1.9528,-2.1349,1.0124,2.2078,-2.3292,0.0384,1.9551,-2.1425
262.00,0.4612,1.8440,-2.1809,0.9202,2.1139,-2.3788,-0.0349,1.8559,-2.1921
262.50,0.3828,1.7392,-2.2264,0.8203,2.0225,-2.4230,-0.1061,1.7475,-2.2363
263.00,0.3010,1.6378,-2.2570,0.7211,1.9392,-2.4547,-0.1980,1.6472,-2.2680
263.50,0.2201,1.5363,-2.2369,0.6177,1.8521,-2.4342,-0.2739,1.5428,-2.2440
264.00,0.1395,1.4344,-2.2392,0.5144,1.7643,-2.4371,-0.3589,1.4472,-2.2469
264.50,0.0601,1.3316,-2.2250,0.4123,1.6758,-2.4228,-0.4425,1.3410,-2.2361
265.00,-0.0187,1.2284,-2.2161,0.3168,1.5921,-2.4127,-0.5109,1.2412,-2.2225
265.50,-0.0988,1.1257,-2.2595,0.2112,1.5009,-2.4576,-0.5982,1.1274,-2.2657
266.00,-0.1842,1.0274,-2.3038,0.1065,1.4198,-2.5004,-0.6854,1.0333,-2.3102
266.50,-0.2717,0.9312,-2.3187,-0.0031,1.3390,-2.5155,-0.7861,0.9315,-2.3271
267.00,-0.3633,0.8385,-2.3860,-0.1154,1.2634,-2.5855,-0.8654,0.8427,-2.3959
267.50,-0.4617,0.7531,-2.4913,-0.2304,1.1985,-2.6913,-0.9684,0.7602,-2.4987
268.00,-0.5701,0.6770,-2.6701,-0.3587,1.1486,-2.8702,-1.0727,0.6819,-2.6754
268.50,-0.6857,0.6091,-2.9223,-0.4917,1.1283,-3.1218,-1.1916,0.6367,-2.9269
269.00,-0.8142,0.5598,3.1070,-0.6277,1.1424,2.9121,-1.3292,0.6079,3.1052
269.50,-0.9429,0.5505,2.9218,-0.7465,1.1821,2.7290,-1.4455,0.5841,2.9186
270.00,-1.0671,0.5763,2.8731,-0.8633,1.2378,2.6824,-1.5626,0.5886,2.8685
270.50,-1.1590,0.6032,2.9875,-0.9517,1.2778,2.7930,-1.6551,0.6094,2.9757
271.00,-1.2656,0.6215,-3.0055,-1.0582,1.3009,3.0788,-1.7575,0.6238,-3.0126
271.50,-1.3919,0.6133,-2.8371,-1.1939,1.2967,-3.0370,-1.9042,0.6119,-2.8439
272.00,-1.5144,0.5760,-2.7536,-1.3230,1.2783,-2.9512,-2.0094,0.5910,-2.7581
272.50,-1.6320,0.5286,-2.7527,-1.4518,1.2519,-2.9508,-2.1506,0.5403,-2.7612
273.00,-1.7550,0.4865,-2.9109,-1.5865,1.2350,-3.1132,-2.2698,0.5084,-2.9201
273.50,-1.8833,0.4549,-3.0401,-1.7215,1.2411,3.0414,-2.4035,0.4783,-3.0486
274.00,-2.0103,0.4391,-2.9895,-1.8535,1.2529,3.0902,-2.5253,0.4644,-3.0034
274.50,-2.1351,0.4150,-2.9189,-1.9817,1.2530,-3.1195,-2.6492,0.4384,-2.9293
275.00,-2.2614,0.3832,-2.8573,-2.1153,1.2479,-3.0584,-2.7814,0.4101,-2.8653
275.50,-2.3846,0.3426,-2.8030,-2.2418,1.2323,-3.0034,-2.8824,0.3682,-2.8124
276.00,-2.5085,0.3047,-2.8694,-2.3714,1.2187,-3.0730,-3.0270,0.3320,-2.8834
276.50,-2.6339,0.2706,-2.8703,-2.4976,1.2102,-3.0692,-3.1394,0.2899,-2.8761
277.00,-2.7592,0.2360,-2.8582,-2.6281,1.2012,-3.0584,-3.2658,0.2661,-2.8652
277.50,-2.8829,0.1948,-2.8203,-2.7550,1.1867,-3.0194,-3.3857,0.2276,-2.8298
278.00,-3.0073,0.1590,-2.8677,-2.8907,1.1739,-3.0689,-3.5285,0.1896,-2.8758
278.50,-3.1326,0.1248,-2.8973,-3.0229,1.1648,-3.0997,-3.6365,0.1555,-2.9072
279.00,-3.2590,0.0950,-2.8908,-3.1530,1.1607,-3.0940,-3.7735,0.1266,-2.9009
279.50,-3.3832,0.0567,-2.8095,-3.2844,1.1477,-3.0097,-3.8919,0.0887,-2.8172
280.00,-3.5066,0.0171,-2.8325,-3.4096,1.1327,-3.0337,-4.0000,0.0500,-2.8406
280.50,-3.6307,-0.0205,-2.8713,-3.5431,1.1193,-3.0711,-4.1265,0.0110,-2.8815
281.00,-3.7572,-0.0503,-2.9196,-3.6760,1.1151,-3.1227,-4.2682,-0.0080,-2.9296
281.50,-3.8829,-0.0846,-2.8483,-3.8177,1.1070,-3.0483,-4.3957,-0.0450,-2.8552
282.00,-4.0063,-0.1281,-2.7906,-3.9519,1.0910,-2.9915,-4.5143,-0.0847,-2.8019
282.50,-4.1272,-0.1787,-2.7535,-4.0825,1.0679,-2.9520,-4.6282,-0.1322,-2.7618
283.00,-4.2491,-0.2228,-2.8434,-4.2093,1.0484,-3.0458,-4.7589,-0.1852,-2.8562
283.50,-4.3743,-0.2577,-2.8829,-4.3349,1.0393,-3.0836,-4.8706,-0.2180,-2.8940
284.00,-4.4994,-0.2944,-2.8359,-4.4686,1.0295,-3.0355,-4.9900,-0.2528,-2.8459
284.50,-4.6222,-0.3396,-2.7871,-4.5984,1.0119,-2.9879,-5.1242,-0.2943,-2.7948
285.00,-4.7442,-0.3850,-2.7819,-4.7280,0.9923,-2.9845,-5.2377,-0.3385,-2.7914
285.50,-4.8654,-0.4334,-2.7676,-4.8564,0.9707,-2.9705,-5.3758,-0.3843,-2.7774
286.00,-4.9878,-0.4753,-2.8344,-4.9894,0.9521,-3.0402,-5.4966,-0.4280,-2.8436
286.50,-5.1117,-0.5151,-2.8196,-5.1267,0.9380,-3.0226,-5.6185,-0.4685,-2.8267
287.00,-5.2340,-0.5640,-2.7636,-5.2562,0.9194,-2.9670,-5.7418,-0.5123,-2.7739
287.50,-5.3529,-0.6217,-2.6891,-5.3881,0.8909,-2.8920,-5.8738,-0.5739,-2.6989
288.00,-5.4673,-0.6884,-2.5894,-5.5210,0.8508,-2.7933,-5.9787,-0.6402,-2.5967
288.50,-5.5743,-0.7642,-2.4921,-5.6467,0.7978,-2.6972,-6.1016,-0.7167,-2.5006
289.00,-5.6721,-0.8493,-2.3558,-5.7562,0.7368,-2.5601,-6.1971,-0.7979,-2.3635
289.50,-5.7588,-0.9455,-2.2579,-5.8643,0.6573,-2.4626,-6.2777,-0.8968,-2.2625
290.00,-5.8401,-1.0468,-2.2452,-5.9708,0.5700,-2.4511,-6.3652,-1.0032,-2.2475
290.50,-5.9214,-1.1483,-2.2474,-6.0677,0.4900,-2.4532,-6.4439,-1.1012,-2.2496
291.00,-6.0004,-1.2512,-2.1960,-6.1690,0.4031,-2.4012,-6.5254,-1.2068,-2.2011
291.50,-6.0753,-1.3573,-2.1921,-6.2677,0.3115,-2.3973,-6.5961,-1.3160,-2.1944
292.00,-6.1312,-1.4361,-2.1670,-6.3413,0.2426,-2.3718,-6.6526,-1.3882,-2.1682
292.50,-6.1508,-1.4644,-2.1312,-6.3687,0.2154,-2.3369,-6.6735,-1.4207,-2.1368
293.00,-6.1493,-1.4645,-2.0943,-6.3678,0.2164,-2.3010,-6.6728,-1.4195,-2.1009
293.50,-6.1466,-1.4644,-2.0564,-6.3660,0.2186,-2.2632,-6.6714,-1.4170,-2.0631
294.00,-6.1435,-1.4644,-2.0175,-6.3637,0.2214,-2.2247,-6.6698,-1.4138,-2.0246
294.50,-6.1398,-1.4643,-1.9774,-6.3619,0.2240,-2.1854,-6.6685,-1.4109,-1.9853
295.00,-6.1357,-1.4643,-1.9363,-6.3596,0.2274,-2.1453,-6.6669,-1.4071,-1.9452
295.50,-6.1311,-1.4642,-1.8939,-6.3566,0.2323,-2.1033,-6.6649,-1.4017,-1.9032
296.00,-6.1260,-1.4642,-1.8504,-6.3538,0.2371,-2.0603,-6.6633,-1.3964,-1.8602
296.50,-6.1204,-1.4642,-1.8054,-6.3517,0.2415,-2.0165,-6.6620,-1.3917,-1.8164
297.00,-6.1189,-1.4642,-1.8025,-6.3506,0.2439,-2.0147,-6.6614,-1.3891,-1.8146
297.50,-6.1244,-1.4642,-1.8475,-6.3531,0.2389,-2.0600,-6.6629,-1.3945,-1.8599
298.00,-6.1295,-1.4642,-1.8912,-6.3557,0.2342,-2.1041,-6.6645,-1.3996,-1.9040
298.50,-6.1342,-1.4643,-1.9336,-6.3579,0.2308,-2.1463,-6.6659,-1.4035,-1.9462
299.00,-6.1383,-1.4643,-1.9749,-6.3598,0.2279,-2.1874,-6.6673,-1.4067,-1.9873
299.50,-6.1420,-1.4644,-2.0150,-6.3624,0.2244,-2.2280,-6.6691,-1.4106,-2.0279
300.00,-6.1452,-1.4644,-2.0540,-6.3643,0.2220,-2.2673,-6.6705,-1.4134,-2.0672
300.50,-6.1480,-1.4645,-2.0920,-6.3659,0.2202,-2.3056,-6.6717,-1.4154,-2.1055
301.00,-6.1502,-1.4645,-2.1289,-6.3672,0.2188,-2.3429,-6.6727,-1.4171,-2.1428
301.50,-6.1520,-1.4646,-2.1650,-6.3691,0.2169,-2.3796,-6.6742,-1.4192,-2.1795
302.00,-6.1534,-1.4646,-2.2001,-6.3706,0.2155,-2.4152,-6.6754,-1.4210,-2.2151
302.50,-6.1542,-1.4647,-2.2343,-6.3711,0.2151,-2.4496,-6.6758,-1.4215,-2.2495
303.00,-6.1547,-1.4647,-2.2676,-6.3713,0.2149,-2.4835,-6.6759,-1.4216,-2.2834
303.50,-6.1548,-1.4648,-2.3001,-6.3714,0.2149,-2.5172,-6.6760,-1.4217,-2.3171
304.00,-6.1547,-1.4652,-2.3333,-6.3716,0.2147,-2.5507,-6.6762,-1.4220,-2.3506
304.50,-6.1547,-1.4654,-2.3674,-6.3717,0.2147,-2.5851,-6.6763,-1.4220,-2.3850
305.00,-6.1549,-1.4654,-2.4009,-6.3719,0.2145,-2.6196,-6.6765,-1.4222,-2.4195
305.50,-6.1550,-1.4655,-2.4335,-6.3719,0.2145,-2.6526,-6.6765,-1.4222,-2.4525
306.00,-6.1549,-1.4652,-2.4665,-6.3715,0.2147,-2.6859,-6.6761,-1.4219,-2.4858
306.50,-6.1549,-1.4644,-2.5004,-6.3708,0.2151,-2.7207,-6.6755,-1.4214,-2.5206
307.00,-6.1548,-1.4632,-2.5352,-6.3696,0.2156,-2.7551,-6.6744,-1.4207,-2.5550
307.50,-6.1548,-1.4616,-2.5709,-6.3677,0.2163,-2.7913,-6.6727,-1.4196,-2.5912
308.00,-6.1547,-1.4595,-2.6075,-6.3653,0.2172,-2.8283,-6.6705,-1.4183,-2.6282
308.50,-6.1547,-1.4569,-2.6451,-6.3627,0.2179,-2.8667,-6.6681,-1.4170,-2.6666
309.00,-6.1546,-1.4539,-2.6838,-6.3605,0.2185,-2.9054,-6.6661,-1.4160,-2.7053
309.50,-6.1546,-1.4504,-2.7235,-6.3573,0.2192,-2.9453,-6.6631,-1.4147,-2.7452
310.00,-6.1545,-1.4464,-2.7643,-6.3524,0.2201,-2.9865,-6.6584,-1.4128,-2.7864
310.50,-6.1545,-1.4419,-2.8063,-6.3467,0.2208,-3.0294,-6.6530,-1.4110,-2.8293
311.00,-6.1545,-1.4369,-2.8496,-6.3420,0.2213,-3.0729,-6.6485,-1.4096,-2.8728
311.50,-6.1544,-1.4315,-2.8941,-6.3363,0.2216,-3.1180,-6.6429,-1.4082,-2.9179
312.00,-6.1544,-1.4268,-2.9300,-6.3312,0.2216,3.1278,-6.6380,-1.4072,-2.9553
312.50,-6.1545,-1.4317,-2.8347,-6.3362,0.2214,-3.0586,-6.6428,-1.4084,-2.8585
313.00,-6.1546,-1.4450,-2.6372,-6.3489,0.2189,-2.8582,-6.6548,-1.4133,-2.6581
313.50,-6.1549,-1.4528,-2.4595,-6.3556,0.2165,-2.6798,-6.6609,-1.4170,-2.4797
314.00,-6.1547,-1.4524,-2.3096,-6.3548,0.2170,-2.5314,-6.6602,-1.4163,-2.3313
314.50,-6.1547,-1.4522,-2.2685,-6.3546,0.2172,-2.4912,-6.6600,-1.4161,-2.2911
315.00,-6.1547,-1.4523,-2.3003,-6.3547,0.2171,-2.5242,-6.6601,-1.4162,-2.3241
315.50,-6.1547,-1.4527,-2.3334,-6.3549,0.2170,-2.5577,-6.6603,-1.4164,-2.3576
316.00,-6.1546,-1.4529,-2.3676,-6.3552,0.2168,-2.5919,-6.6606,-1.4167,-2.3919
316.50,-6.1549,-1.4529,-2.4011,-6.3556,0.2165,-2.6259,-6.6609,-1.4170,-2.4259
317.00,-6.1549,-1.4530,-2.4336,-6.3557,0.2165,-2.6585,-6.6609,-1.4170,-2.4584
317.50,-6.1549,-1.4527,-2.4667,-6.3553,0.2167,-2.6922,-6.6606,-1.4167,-2.4921
318.00,-6.1548,-1.4519,-2.5005,-6.3550,0.2168,-2.7270,-6.6603,-1.4165,-2.5269
318.50,-6.1548,-1.4507,-2.5353,-6.3539,0.2173,-2.7621,-6.6594,-1.4159,-2.5620
319.00,-6.1547,-1.4491,-2.5710,-6.3522,0.2179,-2.7980,-6.6578,-1.4149,-2.5979
319.50,-6.1547,-1.4470,-2.6077,-6.3502,0.2186,-2.8352,-6.6560,-1.4139,-2.6351
320.00,-6.1546,-1.4444,-2.6453,-6.3471,0.2195,-2.8728,-6.6532,-1.4124,-2.6727
320.50,-6.1546,-1.4414,-2.6840,-6.3442,0.2203,-2.9115,-6.6504,-1.4110,-2.7114
321.00,-6.1545,-1.4379,-2.7237,-6.3403,0.2211,-2.9521,-6.6467,-1.4094,-2.7520
321.50,-6.1545,-1.4339,-2.7645,-6.3355,0.2219,-2.9938,-6.6423,-1.4077,-2.7937
322.00,-6.1545,-1.4294,-2.8065,-6.3297,0.2227,-3.0361,-6.6367,-1.4058,-2.8360
322.50,-6.1544,-1.4244,-2.8498,-6.3242,0.2232,-3.0796,-6.6314,-1.4042,-2.8795
323.00,-6.1544,-1.4190,-2.8943,-6.3189,0.2234,-3.1248,-6.6675,-1.3781,-2.9003
323.50,-6.1544,-1.4130,-2.9403,-6.3133,0.2233,3.1119,-6.6621,-1.3769,-2.9467
324.00,-6.1543,-1.4066,-2.9877,-6.3073,0.2230,3.0633,-6.6562,-1.3759,-2.9953
324.50,-6.1543,-1.3997,-3.0368,-6.2999,0.2223,3.0135,-6.6488,-1.3750,-3.0451
325.00,-6.1543,-1.3923,-3.0877,-6.2918,0.2210,2.9623,-6.6406,-1.3744,-3.0964
325.50,-6.1543,-1.3844,-3.1405,-6.2842,0.2194,2.9087,-6.6329,-1.3743,3.1332
326.00,-6.1543,-1.3765,3.0897,-6.2906,0.2211,2.8554,-6.6395,-1.3740,3.0800
326.50,-6.1543,-1.3691,3.0388,-6.2986,0.2237,2.8033,-6.6479,-1.3733,3.0278
327.00,-6.1543,-1.3622,2.9896,-6.3055,0.2263,2.7529,-6.6551,-1.3723,2.9774
327.50,-6.1544,-1.3557,2.9421,-6.3118,0.2291,2.7050,-6.6619,-1.3710,2.9295
328.00,-6.1544,-1.3498,2.8961,-6.3182,0.2322,2.6579,-6.6689,-1.3694,2.8824
328.50,-6.1544,-1.3443,2.8515,-6.3223,0.2345,2.6126,-6.6734,-1.3680,2.8372
329.00,-6.1545,-1.3393,2.8082,-6.3268,0.2373,2.5684,-6.6784,-1.3663,2.7930
329.50,-6.1545,-1.3348,2.7662,-6.3304,0.2397,2.5263,-6.6824,-1.3648,2.7508
330.00,-6.1545,-1.3308,2.7253,-6.3337,0.2421,2.4847,-6.6861,-1.3632,2.7092
330.50,-6.1546,-1.3272,2.6855,-6.3368,0.2446,2.4441,-6.6897,-1.3614,2.6686
331.00,-6.1546,-1.3242,2.6468,-6.3387,0.2463,2.4046,-6.6920,-1.3602,2.6291
331.50,-6.1547,-1.3216,2.6091,-6.3406,0.2481,2.3662,-6.6942,-1.3589,2.5908
332.00,-6.1547,-1.3195,2.5724,-6.3416,0.2490,2.3291,-6.6954,-1.3582,2.5537
332.50,-6.1548,-1.3178,2.5367,-6.3426,0.2502,2.2931,-6.6967,-1.3573,2.5176
333.00,-6.1548,-1.3166,2.5019,-6.3435,0.2512,2.2571,-6.6978,-1.3565,2.4817
333.50,-6.1549,-1.3158,2.4679,-6.3439,0.2517,2.2224,-6.6983,-1.3561,2.4469
334.00,-6.1549,-1.3155,2.4349,-6.3441,0.2520,2.1889,-6.6985,-1.3558,2.4134
334.50,-6.1550,-1.3155,2.4072,-6.3442,0.2521,2.1609,-6.6986,-1.3558,2.3854
335.00,-6.1555,-1.3156,2.3739,-6.3443,0.2523,2.1268,-6.6988,-1.3556,2.3513
335.50,-6.1556,-1.3156,2.3397,-6.3444,0.2524,2.0919,-6.6989,-1.3555,2.3164
336.00,-6.1557,-1.3153,2.3064,-6.3445,0.2526,2.0579,-6.6990,-1.3554,2.2824
336.50,-6.1557,-1.3153,2.2739,-6.3445,0.2526,2.0252,-6.6990,-1.3554,2.2497
337.00,-6.1553,-1.3153,2.2407,-6.3443,0.2522,1.9912,-6.6987,-1.3557,2.2157
337.50,-6.1545,-1.3154,2.2067,-6.3440,0.2515,1.9568,-6.6983,-1.3563,2.1813
338.00,-6.1532,-1.3155,2.1718,-6.3435,0.2502,1.9207,-6.6975,-1.3575,2.1452
338.50,-6.1515,-1.3155,2.1359,-6.3426,0.2476,1.8844,-6.6961,-1.3598,2.1089
339.00,-6.1493,-1.3156,2.0991,-6.3417,0.2447,1.8467,-6.6946,-1.3624,2.0712
339.50,-6.1467,-1.3156,2.0613,-6.3410,0.2420,1.8080,-6.6933,-1.3649,2.0325
340.00,-6.1436,-1.3157,2.0225,-6.3402,0.2385,1.7684,-6.6917,-1.3682,1.9929
340.50,-6.1400,-1.3157,1.9826,-6.3396,0.2349,1.7277,-6.6903,-1.3715,1.9523
341.00,-6.1407,-1.2847,1.8575,-6.3425,0.2660,1.6074,-6.7001,-1.3419,1.8320
341.50,-6.1367,-1.1905,1.6792,-6.3354,0.3629,1.4284,-6.6823,-1.1449,1.6774
342.00,-6.1435,-1.0786,1.6716,-6.3174,0.4732,1.4182,-6.6558,-1.0336,1.6637
342.50,-6.1593,-0.9947,1.8409,-6.3095,0.5630,1.5829,-6.6758,-0.9446,1.8319
343.00,-6.1859,-0.9040,2.0987,-6.3241,0.6633,1.8407,-6.7142,-0.8609,2.0931
343.50,-6.2537,-0.7996,2.2654,-6.3707,0.7863,2.0067,-6.7699,-0.7534,2.2627
344.00,-6.3395,-0.7021,2.3014,-6.4294,0.9040,2.0408,-6.8645,-0.6543,2.2967
344.50,-6.4234,-0.6030,2.2426,-6.4887,1.0304,1.9792,-6.9496,-0.5425,2.2369
345.00,-6.5030,-0.5005,2.2286,-6.5409,1.1536,1.9660,-7.0215,-0.4482,2.2236
345.50,-6.5840,-0.3985,2.2617,-6.5948,1.2787,1.9991,-7.0954,-0.3466,2.2550
346.00,-6.6687,-0.2997,2.2922,-6.6515,1.3979,2.0284,-7.1832,-0.2456,2.2878
346.50,-6.7406,-0.2191,2.3150,-6.7031,1.5010,2.0504,-7.2580,-0.1576,2.3081
347.00,-6.7725,-0.1855,2.3487,-6.7250,1.5419,2.0838,-7.2897,-0.1291,2.3433
347.50,-6.7736,-0.1841,2.3828,-6.7261,1.5438,2.1172,-7.2912,-0.1276,2.3767
348.00,-6.7732,-0.1840,2.4158,-6.7258,1.5434,2.1493,-7.2908,-0.1279,2.4087
348.50,-6.7732,-0.1841,2.4484,-6.7257,1.5434,2.1807,-7.2908,-0.1279,2.4402
349.00,-6.7731,-0.1846,2.4818,-6.7256,1.5432,2.2134,-7.2906,-0.1280,2.4728
349.50,-6.7730,-0.1856,2.5161,-6.7248,1.5422,2.2469,-7.2896,-0.1288,2.5063
350.00,-6.7730,-0.1870,2.5513,-6.7239,1.5411,2.2809,-7.2884,-0.1296,2.5403
350.50,-6.7729,-0.1888,2.5875,-6.7222,1.5392,2.3162,-7.2863,-0.1310,2.5756
351.00,-6.7729,-0.1911,2.6245,-6.7211,1.5381,2.3523,-7.2849,-0.1318,2.6117
351.50,-6.7728,-0.1939,2.6626,-6.7188,1.5358,2.3895,-7.2821,-0.1334,2.6489
352.00,-6.7728,-0.1972,2.7018,-6.7164,1.5337,2.4282,-7.2792,-0.1349,2.6877
352.50,-6.7728,-0.2009,2.7420,-6.7133,1.5311,2.4678,-7.2756,-0.1366,2.7272
353.00,-6.7727,-0.2051,2.7833,-6.7097,1.5283,2.5083,-7.2714,-0.1383,2.7677
353.50,-6.7727,-0.2098,2.8259,-6.7053,1.5252,2.5499,-7.2663,-0.1402,2.8093
354.00,-6.7726,-0.2150,2.8697,-6.7009,1.5224,2.5932,-7.2614,-0.1418,2.8526
354.50,-6.7726,-0.2207,2.9149,-6.6959,1.5195,2.6379,-7.2558,-0.1433,2.8973
355.00,-6.7726,-0.2268,2.9615,-6.6903,1.5166,2.6835,-7.2496,-0.1447,2.9430
355.50,-6.7726,-0.2335,3.0096,-6.6845,1.5139,2.7314,-7.2433,-0.1458,2.9908
356.00,-6.7726,-0.2406,3.0595,-6.6774,1.5110,2.7804,-7.2358,-0.1468,3.0398
356.50,-6.7726,-0.2482,3.1112,-6.6704,1.5085,2.8313,-7.2283,-0.1474,3.0907
357.00,-6.7725,-0.2562,-3.1185,-6.6689,1.5081,2.8838,-7.2268,-0.1474,-3.1400
357.50,-6.7726,-0.2639,-3.0665,-6.6770,1.5100,2.9350,-7.2351,-0.1477,-3.0888
358.00,-6.7726,-0.2711,-3.0164,-6.6844,1.5114,2.9844,-7.2426,-0.1482,-3.0394
358.50,-6.7726,-0.2778,-2.9680,-6.6916,1.5123,3.0323,-7.2498,-0.1491,-2.9914
359.00,-6.7726,-0.2840,-2.9212,-6.6980,1.5129,3.0787,-7.2561,-0.1502,-2.9451
359.50,-6.7726,-0.2898,-2.8758,-6.7048,1.5132,3.1231,-7.2628,-0.1517,-2.9006
360.00,-6.7727,-0.2950,-2.8318,-6.7099,1.5132,-3.1168,-7.2677,-0.1530,-2.8574
360.50,-6.7727,-0.2998,-2.7891,-6.7147,1.5130,-3.0751,-7.2723,-0.1544,-2.8157
361.00,-6.7728,-0.3041,-2.7476,-6.7181,1.5127,-3.0342,-7.2755,-0.1556,-2.7748
361.50,-6.7728,-0.3079,-2.7072,-6.7226,1.5121,-2.9943,-7.2797,-0.1573,-2.7349
362.00,-6.7728,-0.3112,-2.6679,-6.7260,1.5115,-2.9555,-7.2828,-0.1587,-2.6961
362.50,-6.7729,-0.3141,-2.6297,-6.7290,1.5109,-2.9182,-7.2856,-0.1601,-2.6588
363.00,-6.7729,-0.3164,-2.5925,-6.7317,1.5102,-2.8820,-7.2880,-0.1614,-2.6225
363.50,-6.7730,-0.3183,-2.5562,-6.7339,1.5096,-2.8457,-7.2900,-0.1626,-2.5863
364.00,-6.7730,-0.3198,-2.5209,-6.7356,1.5091,-2.8110,-7.2915,-0.1636,-2.5515
364.50,-6.7731,-0.3208,-2.4865,-6.7365,1.5087,-2.7773,-7.2923,-0.1641,-2.5179
365.00,-6.7731,-0.3214,-2.4529,-6.7370,1.5085,-2.7442,-7.2927,-0.1644,-2.4847
365.50,-6.7732,-0.3215,-2.4203,-6.7372,1.5085,-2.7125,-7.2929,-0.1646,-2.4531
366.00,-6.7730,-0.3214,-2.3874,-6.7368,1.5087,-2.6807,-7.2925,-0.1643,-2.4213
366.50,-6.7728,-0.3214,-2.3534,-6.7365,1.5088,-2.6470,-7.2923,-0.1641,-2.3875
367.00,-6.7729,-0.3213,-2.3398,-6.7365,1.5088,-2.6340,-7.2923,-0.1640,-2.3746
367.50,-6.7729,-0.3209,-2.3065,-6.7361,1.5091,-2.6015,-7.2919,-0.1637,-2.3421
368.00,-6.7729,-0.3208,-2.2740,-6.7359,1.5091,-2.5690,-7.2918,-0.1636,-2.3096
368.50,-6.7726,-0.3207,-2.2408,-6.7352,1.5096,-2.5368,-7.2912,-0.1629,-2.2774
369.00,-6.7718,-0.3207,-2.2068,-6.7345,1.5101,-2.5039,-7.2907,-0.1622,-2.2445
369.50,-6.7705,-0.3206,-2.1719,-6.7336,1.5108,-2.4694,-7.2900,-0.1614,-2.2100
370.00,-6.7688,-0.3205,-2.1360,-6.7327,1.5115,-2.4346,-7.2894,-0.1605,-2.1752
370.50,-6.7666,-0.3205,-2.0992,-6.7317,1.5124,-2.3983,-7.2886,-0.1593,-2.1389
371.00,-6.7640,-0.3204,-2.0614,-6.7296,1.5145,-2.3613,-7.2871,-0.1568,-2.1019
371.50,-6.7609,-0.3204,-2.0226,-6.7275,1.5166,-2.3237,-7.2856,-0.1542,-2.0643
372.00,-6.7573,-0.3204,-1.9828,-6.7252,1.5192,-2.2848,-7.2840,-0.1511,-2.0254
372.50,-6.7532,-0.3203,-1.9418,-6.7229,1.5219,-2.2452,-7.2825,-0.1479,-1.9858
373.00,-6.7487,-0.3203,-1.8996,-6.7202,1.5255,-2.2037,-7.2808,-0.1437,-1.9443
373.50,-6.7436,-0.3202,-1.8562,-6.7166,1.5306,-2.1614,-7.2786,-0.1379,-1.9020
374.00,-6.7381,-0.3202,-1.8114,-6.7130,1.5361,-2.1176,-7.2766,-0.1317,-1.8581
374.50,-6.7321,-0.3202,-1.7653,-6.7104,1.5407,-2.0723,-7.2752,-0.1265,-1.8129
375.00,-6.7256,-0.3202,-1.7176,-6.7074,1.5465,-2.0257,-7.2738,-0.1202,-1.7663
375.50,-6.7186,-0.3201,-1.6683,-6.7042,1.5532,-1.9773,-7.2725,-0.1128,-1.7179
376.00,-6.7111,-0.3201,-1.6171,-6.7014,1.5604,-1.9265,-7.2716,-0.1052,-1.6671
376.50,-6.7032,-0.3201,-1.5640,-6.6991,1.5670,-1.8745,-7.2251,-0.2575,-1.5697
377.00,-6.6954,-0.3201,-1.5113,-6.7015,1.5583,-1.8224,-7.2249,-0.2665,-1.5176
377.50,-6.6881,-0.3202,-1.4606,-6.7032,1.5512,-1.7726,-7.2243,-0.2739,-1.4678
378.00,-6.6812,-0.3202,-1.4117,-6.7046,1.5432,-1.7248,-7.2233,-0.2819,-1.4200
378.50,-6.6748,-0.3202,-1.3645,-6.7055,1.5362,-1.6778,-7.2221,-0.2888,-1.3730
379.00,-6.6689,-0.3202,-1.3187,-6.7061,1.5294,-1.6329,-7.2206,-0.2955,-1.3281
379.50,-6.6635,-0.3203,-1.2743,-6.7064,1.5233,-1.5895,-7.2190,-0.3014,-1.2847
380.00,-6.6586,-0.3203,-1.2312,-6.7064,1.5186,-1.5475,-7.2176,-0.3059,-1.2427
380.50,-6.6542,-0.3203,-1.1893,-6.7062,1.5142,-1.5064,-7.2161,-0.3100,-1.2016
381.00,-6.6491,-0.3258,-1.1629,-6.7054,1.5049,-1.4807,-7.1527,-0.2746,-1.1706
381.50,-6.6356,-0.3633,-1.2066,-6.7027,1.4643,-1.5245,-7.1377,-0.3124,-1.2144
382.00,-6.6336,-0.3672,-1.2485,-6.7025,1.4601,-1.5670,-7.1363,-0.3163,-1.2570
382.50,-6.6386,-0.3672,-1.2921,-6.7024,1.4657,-1.6114,-7.1378,-0.3110,-1.3013
383.00,-6.6442,-0.3671,-1.3370,-6.7019,1.4721,-1.6568,-7.1394,-0.3047,-1.3467
383.50,-6.6503,-0.3671,-1.3834,-6.7012,1.4785,-1.7038,-7.1407,-0.2984,-1.3937
384.00,-6.6569,-0.3671,-1.4313,-6.7004,1.4841,-1.7523,-7.1416,-0.2928,-1.4423
384.50,-6.6639,-0.3671,-1.4809,-6.6989,1.4909,-1.8028,-7.1423,-0.2859,-1.4928
385.00,-6.6715,-0.3671,-1.5323,-6.6969,1.4984,-1.8554,-7.1427,-0.2782,-1.5454
385.50,-6.6794,-0.3671,-1.5857,-6.6953,1.5035,-1.9099,-7.1427,-0.2728,-1.5999
386.00,-6.6871,-0.3671,-1.6380,-6.6982,1.4961,-1.9630,-7.1431,-0.2807,-1.6529
386.50,-6.6944,-0.3671,-1.6884,-6.7009,1.4900,-2.0142,-7.1438,-0.2874,-1.7042
387.00,-6.6993,-0.3671,-1.7246,-6.7034,1.4849,-2.0480,-7.1447,-0.2929,-1.7380
387.50,-6.7040,-0.3671,-1.7703,-6.7060,1.4802,-2.0956,-7.1458,-0.2983,-1.7855
388.00,-6.7099,-0.3671,-1.8163,-6.7083,1.4764,-2.1425,-7.1468,-0.3026,-1.8325
388.50,-6.7154,-0.3672,-1.8609,-6.7115,1.4718,-2.1878,-7.1484,-0.3079,-1.8778
389.00,-6.7204,-0.3672,-1.9042,-6.7134,1.4692,-2.2316,-7.1494,-0.3110,-1.9216
389.50,-6.7249,-0.3672,-1.9462,-6.7160,1.4660,-2.2745,-7.1509,-0.3149,-1.9645
390.00,-6.7289,-0.3673,-1.9871,-6.7188,1.4628,-2.3163,-7.1526,-0.3188,-2.0062
390.50,-6.7325,-0.3673,-2.0269,-6.7209,1.4606,-2.3564,-7.1540,-0.3215,-2.0463
391.00,-6.7355,-0.3674,-2.0656,-6.7229,1.4587,-2.3960,-7.1552,-0.3239,-2.0860
391.50,-6.7381,-0.3674,-2.1033,-6.7240,1.4577,-2.4345,-7.1560,-0.3252,-2.1245
392.00,-6.7402,-0.3675,-2.1400,-6.7261,1.4560,-2.4715,-7.1575,-0.3275,-2.1615
392.50,-6.7419,-0.3675,-2.1757,-6.7271,1.4552,-2.5085,-7.1582,-0.3285,-2.1985
393.00,-6.7431,-0.3676,-2.2105,-6.7279,1.4546,-2.5442,-7.1588,-0.3293,-2.2342
393.50,-6.7439,-0.3676,-2.2444,-6.7287,1.4541,-2.5788,-7.1594,-0.3300,-2.2687
394.00,-6.7442,-0.3677,-2.2775,-6.7289,1.4540,-2.6125,-7.1596,-0.3302,-2.3025
394.50,-6.7442,-0.3678,-2.3100,-6.7290,1.4539,-2.6454,-7.1596,-0.3303,-2.3353
395.00,-6.7441,-0.3683,-2.3435,-6.7295,1.4536,-2.6798,-7.1601,-0.3307,-2.3698
395.50,-6.7441,-0.3684,-2.3777,-6.7297,1.4536,-2.7142,-7.1602,-0.3308,-2.4042
396.00,-6.7444,-0.3684,-2.4109,-6.7298,1.4535,-2.7481,-7.1603,-0.3309,-2.4381
396.50,-6.7444,-0.3684,-2.4434,-6.7299,1.4535,-2.7811,-7.1604,-0.3310,-2.4711
397.00,-6.7443,-0.3679,-2.4767,-6.7298,1.4535,-2.8147,-7.1603,-0.3310,-2.5047
397.50,-6.7443,-0.3671,-2.5108,-6.7294,1.4536,-2.8497,-7.1599,-0.3307,-2.5397
398.00,-6.7442,-0.3657,-2.5459,-6.7282,1.4540,-2.8854,-7.1589,-0.3300,-2.5754
398.50,-6.7442,-0.3640,-2.5819,-6.7265,1.4544,-2.9226,-7.1574,-0.3291,-2.6126
399.00,-6.7441,-0.3617,-2.6188,-6.7236,1.4550,-2.9602,-7.1548,-0.3276,-2.6501
399.50,-6.7441,-0.3590,-2.6567,-6.7207,1.4555,-2.9993,-7.1522,-0.3263,-2.6893
400.00,-6.7440,-0.3558,-2.6957,-6.7168,1.4559,-3.0389,-7.1486,-0.3246,-2.7289
400.50,-6.7440,-0.3522,-2.7358,-6.7129,1.4563,-3.0793,-7.1450,-0.3231,-2.7693
401.00,-6.7439,-0.3480,-2.7769,-6.7085,1.4565,-3.1209,-7.1408,-0.3216,-2.8109
401.50,-6.7439,-0.3434,-2.8193,-6.7030,1.4565,3.1190,-7.1357,-0.3199,-2.8542
402.00,-6.7439,-0.3383,-2.8629,-6.6978,1.4563,3.0748,-7.1307,-0.3186,-2.8983
402.50,-6.7438,-0.3327,-2.9079,-6.6928,1.4558,3.0286,-7.1257,-0.3174,-2.9446
403.00,-6.7438,-0.3266,-2.9542,-6.6876,1.4551,2.9815,-7.1205,-0.3165,-2.9917
403.50,-6.7438,-0.3200,-3.0021,-6.6810,1.4538,2.9334,-7.1138,-0.3157,-3.0398
404.00,-6.7438,-0.3130,-3.0517,-6.6748,1.4524,2.8839,-7.1076,-0.3152,-3.0893
404.50,-6.7438,-0.3054,-3.1032,-6.6676,1.4503,2.8313,-7.1000,-0.3150,3.1413
405.00,-6.7438,-0.2975,3.1267,-6.6631,1.4488,2.7775,-7.0953,-0.3151,3.0875
405.50,-6.7438,-0.2897,3.0743,-6.6693,1.4513,2.7242,-7.2616,-0.2434,3.0674
406.00,-6.7438,-0.2825,3.0239,-6.6760,1.4545,2.6728,-7.2690,-0.2427,3.0160
406.50,-6.7438,-0.2757,2.9753,-6.6838,1.4587,2.6238,-7.2778,-0.2414,2.9669
407.00,-6.7438,-0.2696,2.9299,-6.6889,1.4618,2.5759,-7.2836,-0.2402,2.9191
407.50,-6.7268,-0.2731,2.9284,-6.6758,1.4535,2.5754,-7.2685,-0.2436,2.9186
408.00,-6.7072,-0.2773,2.9284,-6.6596,1.4431,2.5743,-7.2497,-0.2479,2.9175
408.50,-6.6877,-0.2815,2.9284,-6.6439,1.4331,2.5737,-7.2316,-0.2520,2.9169
409.00,-6.6681,-0.2858,2.9284,-6.6283,1.4231,2.5738,-7.2135,-0.2562,2.9170
409.50,-6.6486,-0.2900,2.9284,-6.6088,1.4107,2.5733,-7.1505,-0.2357,2.9217
410.00,-6.6290,-0.2942,2.9284,-6.5940,1.4013,2.5727,-7.1334,-0.2396,2.9212
410.50,-6.6095,-0.2985,2.9284,-6.5765,1.3901,2.5720,-7.1131,-0.2441,2.9204
411.00,-6.5899,-0.3027,2.9284,-6.5596,1.3792,2.5719,-7.0935,-0.2485,2.9203
411.50,-6.5704,-0.3069,2.9284,-6.5411,1.3674,2.5714,-7.0721,-0.2533,2.9198
412.00,-6.5508,-0.3112,2.9284,-6.5227,1.3556,2.5709,-7.0707,-0.2582,2.9194
412.50,-6.5313,-0.3154,2.9284,-6.5053,1.3444,2.5705,-7.0506,-0.2627,2.9189
413.00,-6.5117,-0.3196,2.9284,-6.4870,1.3326,2.5695,-7.0293,-0.2676,2.9179
413.50,-6.4939,-0.3235,2.9284,-6.4705,1.3220,2.5693,-7.0102,-0.2719,2.9177
414.00,-6.4935,-0.3277,2.9703,-6.4665,1.3196,2.6103,-7.0057,-0.2728,2.9588
414.50,-6.4935,-0.3345,3.0188,-6.4616,1.3168,2.6587,-7.0041,-0.2727,3.0123
415.00,-6.4935,-0.3417,3.0690,-6.4550,1.3136,2.7086,-6.9967,-0.2734,3.0623
415.50,-6.4935,-0.3494,3.1211,-6.4485,1.3108,2.7601,-6.9896,-0.2738,3.1137
416.00,-6.4935,-0.3573,-3.1087,-6.4497,1.3111,2.8128,-6.9908,-0.2739,-3.1168
416.50,-6.4935,-0.3649,-3.0570,-6.4577,1.3136,2.8636,-6.9992,-0.2743,-3.0660
417.00,-6.4935,-0.3720,-3.0073,-6.4644,1.3154,2.9129,-7.0061,-0.2750,-3.0167
417.50,-6.4935,-0.3787,-2.9592,-6.4706,1.3166,2.9612,-7.0124,-0.2760,-2.9683
418.00,-6.4936,-0.3848,-2.9126,-6.4766,1.3176,3.0077,-7.0184,-0.2772,-2.9219
418.50,-6.4936,-0.3905,-2.8675,-6.4813,1.3181,3.0519,-7.0229,-0.2783,-2.8776
419.00,-6.4936,-0.3956,-2.8238,-6.4871,1.3185,3.0947,-7.0285,-0.2799,-2.8348
419.50,-6.4937,-0.4003,-2.7813,-6.4920,1.3187,3.1373,-7.0332,-0.2815,-2.7922
420.00,-6.4937,-0.4045,-2.7400,-6.4974,1.3186,-3.1051,-7.0383,-0.2834,-2.7515
420.50,-6.4938,-0.4082,-2.6998,-6.5011,1.3184,-3.0657,-7.0417,-0.2849,-2.7120
421.00,-6.4938,-0.4115,-2.6608,-6.5034,1.3182,-3.0274,-7.0437,-0.2859,-2.6737
421.50,-6.4939,-0.4142,-2.6227,-6.5060,1.3178,-2.9903,-7.0460,-0.2871,-2.6367
422.00,-6.4939,-0.4165,-2.5857,-6.5084,1.3174,-2.9537,-7.0481,-0.2883,-2.6001
422.50,-6.4940,-0.4183,-2.5496,-6.5102,1.3170,-2.9178,-7.0497,-0.2893,-2.5641
423.00,-6.4940,-0.4197,-2.5144,-6.5115,1.3167,-2.8835,-7.0193,-0.3505,-2.5228
423.50,-6.4941,-0.4206,-2.4802,-6.5123,1.3165,-2.8494,-7.0126,-0.3651,-2.4870
424.00,-6.4941,-0.4211,-2.4468,-6.5127,1.3164,-2.8164,-7.0129,-0.3654,-2.4540
424.50,-6.4942,-0.4212,-2.4142,-6.5127,1.3164,-2.7849,-7.0129,-0.3654,-2.4226
425.00,-6.4939,-0.4211,-2.3812,-6.5124,1.3165,-2.7521,-7.0127,-0.3652,-2.3897
425.50,-6.4938,-0.4210,-2.3471,-6.5123,1.3166,-2.7185,-7.0126,-0.3651,-2.3562
426.00,-6.4939,-0.4206,-2.3135,-6.5121,1.3166,-2.6856,-7.0125,-0.3650,-2.3233
426.50,-6.4939,-0.4204,-2.2809,-6.5120,1.3167,-2.6537,-7.0124,-0.3649,-2.2913
427.00,-6.4936,-0.4204,-2.2479,-6.5119,1.3168,-2.6212,-7.0123,-0.3647,-2.2588
427.50,-6.4929,-0.4203,-2.2141,-6.5110,1.3173,-2.5889,-7.0116,-0.3639,-2.2265
428.00,-6.4918,-0.4203,-2.1794,-6.5101,1.3178,-2.5553,-7.0110,-0.3631,-2.1929
428.50,-6.4902,-0.4202,-2.1437,-6.5092,1.3185,-2.5204,-7.0104,-0.3622,-2.1580
429.00,-6.4881,-0.4202,-2.1071,-6.5073,1.3199,-2.4846,-7.0091,-0.3602,-2.1222
429.50,-6.4855,-0.4201,-2.0696,-6.5058,1.3210,-2.4480,-7.0081,-0.3586,-2.0856
430.00,-6.4825,-0.4201,-2.0310,-6.5029,1.3236,-2.4095,-7.0063,-0.3552,-2.0471
430.50,-6.4791,-0.4200,-1.9913,-6.4999,1.3264,-2.3708,-7.0045,-0.3515,-2.0084
431.00,-6.4751,-0.4200,-1.9506,-6.4972,1.3291,-2.3303,-7.0029,-0.3480,-1.9679
431.50,-6.4706,-0.4200,-1.9086,-6.4943,1.3322,-2.2885,-7.0014,-0.3441,-1.9261
432.00,-6.4657,-0.4199,-1.8655,-6.4915,1.3356,-2.2459,-6.9999,-0.3399,-1.8835
432.50,-6.4603,-0.4199,-1.8210,-6.4884,1.3397,-2.2019,-6.9984,-0.3350,-1.8395
433.00,-6.4544,-0.4199,-1.7752,-6.4845,1.3452,-2.1571,-6.9968,-0.3284,-1.7947
433.50,-6.4479,-0.4198,-1.7278,-6.4813,1.3504,-2.1102,-6.9955,-0.3225,-1.7478
434.00,-6.4451,-0.4198,-1.6937,-6.4795,1.3534,-2.0776,-6.9678,-0.3585,-1.7012
434.50,-6.4379,-0.4198,-1.6435,-6.4755,1.3612,-2.0280,-6.9669,-0.3498,-1.6516
435.00,-6.4302,-0.4198,-1.5914,-6.4719,1.3688,-1.9764,-6.9664,-0.3414,-1.6001
435.50,-6.4216,-0.4254,-1.5209,-6.4732,1.3652,-1.9113,-6.9663,-0.3452,-1.5349
436.00,-6.4044,-0.4829,-1.3690,-6.4876,1.3094,-1.7610,-6.9591,-0.4024,-1.3847
436.50,-6.3759,-0.5966,-1.3209,-6.5067,1.1908,-1.7155,-6.8942,-0.5398,-1.3287
437.00,-6.3458,-0.7229,-1.3329,-6.5267,1.0658,-1.7290,-6.8658,-0.6632,-1.3387
437.50,-6.3090,-0.8485,-1.2743,-6.5449,0.9319,-1.6707,-6.8414,-0.7940,-1.2839
438.00,-6.2685,-0.9723,-1.2743,-6.5574,0.7896,-1.6711,-6.7851,-0.9209,-1.2822
438.50,-6.2366,-1.0987,-1.4471,-6.5805,0.6547,-1.8453,-6.7610,-1.0482,-1.4550
439.00,-6.2142,-1.2273,-1.7015,-6.6329,0.5346,-2.1036,-6.7548,-1.1828,-1.7098
439.50,-6.2273,-1.3552,-1.7755,-6.7018,0.4293,-2.1772,-6.7538,-1.2973,-1.7817
440.00,-6.2486,-1.4831,-1.6697,-6.7721,0.3190,-2.0708,-6.7723,-1.4319,-1.6752
440.50,-6.2615,-1.6124,-1.4229,-6.8200,0.1970,-1.8228,-6.7738,-1.5665,-1.4308
441.00,-6.2470,-1.7396,-1.3346,-6.8458,0.0685,-1.7355,-6.7639,-1.6894,-1.3382
441.50,-6.2208,-1.8666,-1.4053,-6.8705,-0.0599,-1.8080,-6.7440,-1.8219,-1.4107
442.00,-6.2035,-1.9961,-1.5780,-6.9120,-0.1829,-1.9854,-6.7394,-1.9462,-1.5832
442.50,-6.2030,-2.1260,-1.6101,-6.9672,-0.3015,-2.0144,-6.7295,-2.0814,-1.6119
443.00,-6.2109,-2.2558,-1.6210,-7.0278,-0.4231,-2.0269,-6.7455,-2.2171,-1.6241
443.50,-6.2116,-2.3856,-1.4796,-7.0784,-0.5466,-1.8818,-6.7369,-2.3447,-1.4810
444.00,-6.2006,-2.5148,-1.4644,-7.1173,-0.6766,-1.8682,-6.7288,-2.4735,-1.4646
444.50,-6.1925,-2.6445,-1.5301,-7.1621,-0.8030,-1.9371,-6.7152,-2.5981,-1.5364
445.00,-6.1819,-2.7742,-1.4610,-7.2073,-0.9307,-1.8657,-6.7113,-2.7334,-1.4650
445.50,-6.1621,-2.9027,-1.3976,-7.2416,-1.0604,-1.7995,-6.6936,-2.8554,-1.3988
446.00,-6.1432,-3.0313,-1.4731,-7.2733,-1.1825,-1.8771,-6.6694,-2.9800,-1.4781
446.50,-6.1331,-3.1610,-1.5129,-7.3176,-1.3075,-1.9179,-6.6574,-3.1173,-1.5189
447.00,-6.1205,-3.2906,-1.4522,-7.3579,-1.4265,-1.8582,-6.6584,-3.2426,-1.4591
447.50,-6.0990,-3.4187,-1.3765,-7.3894,-1.5563,-1.7819,-6.6284,-3.3740,-1.3811
448.00,-6.0774,-3.5468,-1.4463,-7.4203,-1.6856,-1.8523,-6.6009,-3.5052,-1.4516
448.50,-6.0641,-3.6762,-1.4766,-7.4625,-1.8165,-1.8838,-6.5884,-3.6421,-1.4830
449.00,-6.0460,-3.8050,-1.3844,-7.4978,-1.9427,-1.7877,-6.5767,-3.7621,-1.3852
449.50,-6.0187,-3.9314,-1.2878,-7.5202,-2.0740,-1.6924,-6.5461,-3.8917,-1.2899
450.00,-5.9824,-4.0555,-1.2715,-7.5342,-2.2078,-1.6776,-6.5063,-4.0202,-1.2785
450.50,-5.9404,-4.1793,-1.2407,-7.5468,-2.3395,-1.6463,-6.4767,-4.1365,-1.2438
451.00,-5.8922,-4.3015,-1.2035,-7.5540,-2.4646,-1.6094,-6.4344,-4.2544,-1.2069
451.50,-5.8409,-4.4221,-1.1780,-7.5571,-2.5994,-1.5843,-6.3747,-4.3798,-1.1783
452.00,-5.7940,-4.5261,-1.1458,-7.5573,-2.7178,-1.5532,-6.3183,-4.4886,-1.1472
452.50,-5.7684,-4.5738,-1.1064,-7.5553,-2.7759,-1.5142,-6.2935,-4.5412,-1.1081
453.00,-5.7639,-4.5772,-1.0680,-7.5548,-2.7836,-1.4761,-6.2900,-4.5382,-1.0701
453.50,-5.7614,-4.5773,-1.0305,-7.5546,-2.7853,-1.4393,-6.2892,-4.5396,-1.0333
454.00,-5.7594,-4.5773,-0.9940,-7.5545,-2.7867,-1.4037,-6.2884,-4.5409,-0.9977
454.50,-5.7578,-4.5774,-0.9585,-7.5543,-2.7878,-1.3682,-6.2879,-4.5418,-0.9622
455.00,-5.7567,-4.5774,-0.9238,-7.5539,-2.7895,-1.3343,-6.2869,-4.5432,-0.9283
455.50,-5.7560,-4.5775,-0.8901,-7.5537,-2.7903,-1.3014,-6.2864,-4.5439,-0.8954
456.00,-5.7559,-4.5775,-0.8750,-7.5537,-2.7905,-1.2865,-6.2862,-4.5440,-0.8805
456.50,-5.7563,-4.5775,-0.9083,-7.5537,-2.7902,-1.3209,-6.2864,-4.5438,-0.9149
457.00,-5.7572,-4.5774,-0.9425,-7.5539,-2.7895,-1.3553,-6.2869,-4.5432,-0.9493
457.50,-5.7586,-4.5774,-0.9776,-7.5541,-2.7888,-1.3909,-6.2873,-4.5426,-0.9849
458.00,-5.7604,-4.5773,-1.0137,-7.5544,-2.7865,-1.4278,-6.2885,-4.5407,-1.0218
458.50,-5.7627,-4.5772,-1.0507,-7.5548,-2.7838,-1.4655,-6.2899,-4.5383,-1.0595
459.00,-5.7654,-4.5772,-1.0887,-7.5550,-2.7811,-1.5048,-6.2912,-4.5359,-1.0987
459.50,-5.7686,-4.5772,-1.1278,-7.5551,-2.7788,-1.5448,-6.2922,-4.5339,-1.1388
460.00,-5.7683,-4.5925,-1.2041,-7.5554,-2.7925,-1.6198,-6.2870,-4.5465,-1.2138
460.50,-5.7531,-4.6658,-1.2865,-7.5625,-2.8672,-1.7036,-6.2750,-4.6183,-1.2906
461.00,-5.7282,-4.7881,-1.3857,-7.5849,-2.9950,-1.8023,-6.2442,-4.7444,-1.3893
461.50,-5.7111,-4.9174,-1.5471,-7.6274,-3.1237,-1.9665,-6.2513,-4.8794,-1.5500
462.00,-5.7049,-5.0473,-1.6453,-7.6824,-3.2428,-2.0648,-6.2335,-5.0006,-1.6483
462.50,-5.7090,-5.1763,-1.7449,-7.7497,-3.3540,-2.1651,-6.2500,-5.1295,-1.7486
463.00,-5.7288,-5.3035,-1.8172,-7.8261,-3.4601,-2.2390,-6.2568,-5.2575,-1.8226
463.50,-5.7588,-5.4283,-1.9061,-7.9155,-3.5650,-2.3275,-6.2960,-5.3897,-1.9111
464.00,-5.7990,-5.5490,-1.9963,-8.0113,-3.6576,-2.4196,-6.3345,-5.5031,-1.9961
464.50,-5.8529,-5.6661,-2.0484,-8.1194,-3.7485,-2.4711,-6.3877,-5.6303,-2.0511
465.00,-5.9162,-5.7780,-2.1721,-8.2255,-3.8233,-2.5970,-6.4343,-5.7318,-2.1701
465.50,-5.9924,-5.8818,-2.2439,-8.3408,-3.8861,-2.6691,-6.5227,-5.8371,-2.2492
466.00,-6.0754,-5.9820,-2.2929,-8.4620,-3.9452,-2.7190,-6.5915,-5.9403,-2.2892
466.50,-6.1449,-6.0578,-2.3361,-8.5579,-3.9856,-2.7627,-6.6599,-6.0169,-2.3322
467.00,-6.1731,-6.0866,-2.3703,-8.5992,-4.0013,-2.7979,-6.6905,-6.0488,-2.3710
467.50,-6.1738,-6.0871,-2.4037,-8.6000,-4.0017,-2.8320,-6.6911,-6.0494,-2.4051
468.00,-6.1739,-6.0872,-2.4362,-8.5999,-4.0017,-2.8652,-6.6910,-6.0494,-2.4382
468.50,-6.1738,-6.0868,-2.4693,-8.5997,-4.0016,-2.8990,-6.6909,-6.0493,-2.4721
469.00,-6.1738,-6.0860,-2.5033,-8.5989,-4.0015,-2.9338,-6.6902,-6.0488,-2.5068
469.50,-6.1737,-6.0848,-2.5381,-8.5979,-4.0013,-2.9692,-6.6894,-6.0482,-2.5422
470.00,-6.1736,-6.0831,-2.5739,-8.5962,-4.0010,-3.0052,-6.6879,-6.0473,-2.5783
470.50,-6.1736,-6.0810,-2.6106,-8.5946,-4.0008,-3.0430,-6.6865,-6.0465,-2.6160
471.00,-6.1735,-6.0784,-2.6484,-8.5926,-4.0007,-3.0817,-6.6848,-6.0455,-2.6547
471.50,-6.1735,-6.0753,-2.6871,-8.5895,-4.0006,-3.1212,-6.6820,-6.0441,-2.6942
472.00,-6.1735,-6.0718,-2.7269,-8.5859,-4.0006,3.1217,-6.6788,-6.0426,-2.7345
472.50,-6.1734,-6.0677,-2.7678,-8.5813,-4.0008,3.0805,-6.6745,-6.0409,-2.7757
473.00,-6.1734,-6.0632,-2.8099,-8.5773,-4.0011,3.0376,-6.6707,-6.0395,-2.8186
473.50,-6.1733,-6.0582,-2.8533,-8.5720,-4.0017,2.9935,-6.6656,-6.0379,-2.8627
474.00,-6.1733,-6.0527,-2.8979,-8.5665,-4.0027,2.9483,-6.6602,-6.0365,-2.9079
474.50,-6.1733,-6.0467,-2.9440,-8.5629,-4.0035,2.9019,-6.6566,-6.0357,-2.9544
475.00,-6.1733,-6.0402,-2.9915,-8.5577,-4.0049,2.8532,-6.6513,-6.0348,-3.0031
475.50,-6.1732,-6.0333,-3.0408,-8.5523,-4.0066,2.8034,-6.6457,-6.0342,-3.0529
476.00,-6.1732,-6.0259,-3.0918,-8.5444,-4.0096,2.7516,-6.6372,-6.0337,-3.1046
476.50,-6.1732,-6.0180,3.1384,-8.5354,-4.0136,2.6988,-6.6875,-5.9806,3.1397
477.00,-6.1732,-6.0101,3.0856,-8.5415,-4.0105,2.6456,-6.6943,-5.9804,3.0865
477.50,-6.1732,-6.0028,3.0348,-8.5487,-4.0064,2.5937,-6.7026,-5.9798,3.0346
478.00,-6.1733,-5.9959,2.9858,-8.5544,-4.0027,2.5438,-6.7093,-5.9789,2.9847
478.50,-6.1733,-5.9900,2.9428,-8.5612,-3.9979,2.5009,-6.7175,-5.9774,2.9418
479.00,-6.1733,-5.9855,2.9081,-8.5642,-3.9955,2.4657,-6.7213,-5.9765,2.9066
479.50,-6.1733,-5.9812,2.8743,-8.5671,-3.9931,2.4309,-6.7250,-5.9756,2.8718
480.00,-6.1734,-5.9773,2.8412,-8.5700,-3.9906,2.3966,-6.7286,-5.9745,2.8375
480.50,-6.1734,-5.9736,2.8088,-8.5729,-3.9878,2.3636,-6.7324,-5.9733,2.8045
481.00,-6.1734,-5.9701,2.7772,-8.5753,-3.9853,2.3311,-6.7357,-5.9721,2.7720
481.50,-6.1734,-5.9670,2.7462,-8.5780,-3.9824,2.2988,-6.7394,-5.9706,2.7397
482.00,-6.1735,-5.9641,2.7158,-8.5804,-3.9796,2.2680,-6.7427,-5.9691,2.7089
482.50,-6.1735,-5.9615,2.6861,-8.5821,-3.9775,2.2378,-6.6943,-5.9260,2.6892
483.00,-6.1735,-5.9591,2.6570,-8.5838,-3.9754,2.2081,-6.6967,-5.9248,2.6595
483.50,-6.1736,-5.9571,2.6284,-8.5848,-3.9739,2.1792,-6.6984,-5.9239,2.6306
484.00,-6.1736,-5.9552,2.6004,-8.5864,-3.9715,2.1502,-6.7008,-5.9225,2.6016
484.50,-6.1736,-5.9537,2.5730,-8.5871,-3.9705,2.1220,-6.7018,-5.9219,2.5734
485.00,-6.1737,-5.9522,2.5410,-8.5877,-3.9694,2.0892,-6.7029,-5.9211,2.5406
485.50,-6.1737,-5.9510,2.5060,-8.5882,-3.9685,2.0533,-6.7037,-5.9206,2.5047
486.00,-6.1738,-5.9501,2.4720,-8.5887,-3.9676,2.0186,-6.7045,-5.9200,2.4700
486.50,-6.1739,-5.9498,2.4388,-8.5887,-3.9675,1.9849,-6.7046,-5.9199,2.4363
487.00,-6.1739,-5.9497,2.4195,-8.5887,-3.9674,1.9640,-6.7047,-5.9198,2.4154
487.50,-6.1739,-5.9497,2.4195,-8.5887,-3.9674,1.9633,-6.7047,-5.9198,2.4147
488.00,-6.1739,-5.9497,2.4195,-8.5887,-3.9674,1.9626,-6.7047,-5.9198,2.4140
488.50,-6.1739,-5.9497,2.4195,-8.5887,-3.9674,1.9617,-6.7047,-5.9198,2.4131
489.00,-6.1739,-5.9497,2.4129,-8.5887,-3.9675,1.9554,-6.7047,-5.9199,2.4068
489.50,-6.1743,-5.9498,2.3798,-8.5888,-3.9672,1.9212,-6.7048,-5.9197,2.3726
490.00,-6.1745,-5.9499,2.3457,-8.5889,-3.9669,1.8871,-6.7051,-5.9195,2.3384
490.50,-6.1746,-5.9496,2.3121,-8.5890,-3.9666,1.8529,-6.7053,-5.9192,2.3043
491.00,-6.1746,-5.9495,2.2796,-8.5891,-3.9664,1.8199,-6.7054,-5.9191,2.2712
491.50,-6.1743,-5.9496,2.2466,-8.5891,-3.9664,1.7864,-6.7054,-5.9191,2.2378
492.00,-6.1736,-5.9496,2.2127,-8.5890,-3.9670,1.7525,-6.7051,-5.9195,2.2038
492.50,-6.1724,-5.9497,2.1779,-8.5887,-3.9687,1.7166,-6.7041,-5.9209,2.1680
493.00,-6.1708,-5.9497,2.1423,-8.5884,-3.9706,1.6806,-6.7030,-5.9226,2.1319
493.50,-6.1687,-5.9498,2.1056,-8.5881,-3.9741,1.6430,-6.7012,-5.9256,2.0943
494.00,-6.1661,-5.9498,2.0680,-8.5880,-3.9766,1.6047,-6.7000,-5.9278,2.0560
494.50,-6.1631,-5.9499,2.0294,-8.5880,-3.9795,1.5655,-6.6987,-5.9303,2.0169
495.00,-6.1596,-5.9499,1.9897,-8.5880,-3.9832,1.5251,-6.6972,-5.9337,1.9765
495.50,-6.1556,-5.9500,1.9489,-8.5883,-3.9873,1.4843,-6.6956,-5.9375,1.9357
496.00,-6.1511,-5.9500,1.9069,-8.5888,-3.9921,1.4416,-6.6940,-5.9421,1.8930
496.50,-6.1462,-5.9500,1.8637,-8.5896,-3.9971,1.3976,-6.6925,-5.9469,1.8490
497.00,-6.1407,-5.9501,1.8192,-8.5907,-4.0027,1.3528,-6.6910,-5.9525,1.8042
497.50,-6.1348,-5.9501,1.7733,-8.5920,-4.0083,1.3060,-6.6898,-5.9580,1.7574
498.00,-6.1284,-5.9501,1.7259,-8.5936,-4.0136,1.2580,-6.6889,-5.9635,1.7094
498.50,-6.1215,-5.9501,1.6769,-8.5963,-4.0211,1.2087,-6.6880,-5.9714,1.6601
499.00,-6.1141,-5.9501,1.6260,-8.5992,-4.0283,1.1570,-6.6432,-5.9187,1.6293
499.50,-6.1062,-5.9502,1.5732,-8.6035,-4.0376,1.1039,-6.6428,-5.9290,1.5762
500.00,-6.0997,-5.9502,1.5293,-8.6012,-4.0333,1.0590,-6.6428,-5.9241,1.5313
500.50,-6.0940,-5.9501,1.4906,-8.5981,-4.0280,1.0196,-6.6424,-5.9180,1.4919
501.00,-6.0886,-5.9501,1.4530,-8.5955,-4.0239,0.9810,-6.6419,-5.9131,1.4533
501.50,-6.0835,-5.9501,1.4164,-8.5919,-4.0187,0.9440,-6.6411,-5.9069,1.4163
502.00,-6.0786,-5.9501,1.3807,-8.5889,-4.0147,0.9076,-6.6402,-5.9019,1.3800
502.50,-6.0740,-5.9501,1.3458,-8.5858,-4.0109,0.8719,-6.6392,-5.8971,1.3442
503.00,-6.0685,-5.9501,1.3009,-8.5823,-4.0069,0.8255,-6.6379,-5.8920,1.2978
503.50,-6.0632,-5.9500,1.2570,-8.5789,-4.0033,0.7811,-6.6365,-5.8873,1.2535
504.00,-6.0585,-5.9500,1.2144,-8.5740,-3.9987,0.7375,-6.6342,-5.8809,1.2098
504.50,-6.0543,-5.9499,1.1730,-8.5711,-3.9962,0.6953,-6.6328,-5.8774,1.1676
505.00,-6.0486,-5.9388,1.1043,-8.5599,-3.9875,0.6304,-6.6268,-5.8645,1.1027
505.50,-6.0203,-5.8789,0.9206,-8.5047,-3.9547,0.4450,-6.5421,-5.8404,0.9208
506.00,-5.9454,-5.7913,0.8050,-8.3940,-3.9107,0.3292,-6.4619,-5.7406,0.8050
506.50,-5.8982,-5.7429,0.8079,-8.3288,-3.8892,0.3331,-6.4158,-5.7016,0.8089
507.00,-5.8908,-5.7354,0.8411,-8.3173,-3.8852,0.3654,-6.4073,-5.6928,0.8412
507.50,-5.8909,-5.7355,0.8736,-8.3175,-3.8852,0.3970,-6.4075,-5.6929,0.8728
508.00,-5.8913,-5.7356,0.9070,-8.3182,-3.8856,0.4300,-6.4080,-5.6935,0.9058
508.50,-5.8922,-5.7356,0.9411,-8.3189,-3.8859,0.4636,-6.4085,-5.6942,0.9394
509.00,-5.8936,-5.7357,0.9762,-8.3205,-3.8868,0.4977,-6.4095,-5.6957,0.9735
509.50,-5.8953,-5.7357,1.0122,-8.3224,-3.8878,0.5331,-6.4107,-5.6974,1.0089
510.00,-5.8976,-5.7358,1.0492,-8.3244,-3.8891,0.5693,-6.4119,-5.6995,1.0451
510.50,-5.9003,-5.7358,1.0872,-8.3262,-3.8903,0.6063,-6.4130,-5.7014,1.0821
511.00,-5.9035,-5.7359,1.1262,-8.3292,-3.8924,0.6447,-6.4146,-5.7046,1.1205
511.50,-5.9072,-5.7359,1.1663,-8.3318,-3.8944,0.6836,-6.4160,-5.7076,1.1594
512.00,-5.9068,-5.7050,1.2912,-8.3081,-3.8726,0.8009,-6.4050,-5.6774,1.2767
512.50,-5.9125,-5.6108,1.4788,-8.2455,-3.7919,0.9870,-6.4150,-5.5575,1.4768
513.00,-5.9095,-5.5066,1.4998,-8.1902,-3.7034,1.0081,-6.4278,-5.4634,1.5014
513.50,-5.8976,-5.4465,1.3685,-8.1549,-3.6530,0.8860,-6.4206,-5.4024,1.3793
514.00,-5.8740,-5.3443,1.1745,-8.0786,-3.5793,0.6843,-6.3845,-5.3011,1.1733
514.50,-5.8244,-5.2264,1.1167,-7.9718,-3.4985,0.6270,-6.3396,-5.1795,1.1141
515.00,-5.7656,-5.1101,1.1085,-7.8642,-3.4219,0.6186,-6.2933,-5.0618,1.1058
515.50,-5.7130,-4.9951,1.2302,-7.7650,-3.3440,0.7372,-6.2376,-4.9465,1.2244
516.00,-5.6678,-4.8922,1.5166,-7.6912,-3.2573,1.0228,-6.2079,-4.8411,1.5135
516.50,-5.6458,-4.7642,1.7486,-7.6369,-3.1361,1.2550,-6.1949,-4.7130,1.7492
517.00,-5.6666,-4.6371,1.7881,-7.5998,-3.0091,1.2927,-6.2008,-4.5883,1.7851
517.50,-5.6887,-4.5089,1.6562,-7.5559,-2.8824,1.1573,-6.2167,-4.4604,1.6532
518.00,-5.7015,-4.3790,1.5348,-7.4927,-2.7601,1.0359,-6.2226,-4.3310,1.5318
518.50,-5.6983,-4.2492,1.5361,-7.4251,-2.6468,1.0386,-6.2221,-4.2012,1.5345
519.00,-5.6992,-4.1192,1.5615,-7.3620,-2.5344,1.0662,-6.2249,-4.0761,1.5593
519.50,-5.6942,-3.9893,1.5339,-7.2947,-2.4190,1.0380,-6.2202,-3.9435,1.5304
520.00,-5.6945,-3.8593,1.5721,-7.2315,-2.3048,1.0792,-6.2227,-3.8131,1.5715
520.50,-5.6916,-3.7293,1.5516,-7.1634,-2.1832,1.0563,-6.2189,-3.6798,1.5469
521.00,-5.6950,-3.5993,1.6032,-7.1003,-2.0625,1.1113,-6.2202,-3.5468,1.6031
521.50,-5.6942,-3.4693,1.5540,-7.0391,-1.9473,1.0584,-6.2238,-3.4264,1.5502
522.00,-5.6961,-3.3394,1.6169,-6.9799,-1.8360,1.1221,-6.2231,-3.3003,1.6129
522.50,-5.7070,-3.2103,1.7365,-6.9312,-1.7148,1.2427,-6.2371,-3.1667,1.7345
523.00,-5.7279,-3.0823,1.7464,-6.8887,-1.5867,1.2506,-6.2601,-3.0337,1.7435
523.50,-5.7448,-2.9535,1.6395,-6.8406,-1.4619,1.1417,-6.2727,-2.9110,1.6358
524.00,-5.7543,-2.8237,1.6402,-6.7840,-1.3411,1.1442,-6.2774,-2.7776,1.6365
524.50,-5.7602,-2.6939,1.6108,-6.7272,-1.2214,1.1091,-6.2907,-2.6452,1.6043
525.00,-5.7696,-2.5642,1.6796,-6.6692,-1.0963,1.1803,-6.2901,-2.5107,1.6755
525.50,-5.7882,-2.4354,1.7250,-6.6200,-0.9675,1.2218,-6.3168,-2.3841,1.7183
526.00,-5.8149,-2.3074,1.7725,-6.5759,-0.8384,1.2722,-6.3363,-2.2558,1.7700
526.50,-5.8399,-2.1798,1.7278,-6.5353,-0.7106,1.2258,-6.3675,-2.1340,1.7234
527.00,-5.8554,-2.0506,1.6471,-6.4812,-0.5820,1.1442,-6.3778,-1.9975,1.6435
527.50,-5.8696,-1.9213,1.7213,-6.4287,-0.4572,1.2190,-6.3929,-1.8696,1.7160
528.00,-5.8928,-1.7943,1.8478,-6.3897,-0.3265,1.3459,-6.4221,-1.7446,1.8430
528.50,-5.9279,-1.6704,1.8834,-6.3644,-0.1983,1.3820,-6.4515,-1.6228,1.8802
529.00,-5.9654,-1.5461,1.8729,-6.3373,-0.0681,1.3717,-6.4895,-1.4990,1.8710
529.50,-6.0108,-1.4229,1.9252,-6.3121,0.0716,1.4247,-6.5314,-1.3637,1.9206
530.00,-6.0647,-1.3025,1.9858,-6.2966,0.2077,1.4838,-6.5805,-1.2490,1.9794
530.50,-6.1173,-1.1836,1.9641,-6.2852,0.3397,1.4611,-6.6436,-1.1317,1.9581
531.00,-6.1636,-1.0625,1.9436,-6.2675,0.4739,1.4403,-6.6862,-1.0051,1.9359
531.50,-6.2170,-0.9438,2.0496,-6.2567,0.6033,1.5489,-6.7360,-0.8960,2.0442
532.00,-6.2796,-0.8308,2.1125,-6.2586,0.7389,1.6103,-6.8040,-0.7777,2.1065
532.50,-6.3502,-0.7206,2.1495,-6.2666,0.8780,1.6466,-6.8733,-0.6633,2.1445
533.00,-6.4259,-0.6134,2.1997,-6.2799,1.0117,1.6977,-6.9433,-0.5525,2.1939
533.50,-6.5067,-0.5108,2.2665,-6.3004,1.1408,1.7641,-7.0177,-0.4593,2.2602
534.00,-6.5925,-0.4131,2.3106,-6.3300,1.2752,1.8069,-7.1070,-0.3552,2.3042
534.50,-6.6794,-0.3163,2.2744,-6.3595,1.4030,1.7690,-7.1953,-0.2569,2.2663
535.00,-6.7598,-0.2149,2.2219,-6.3827,1.5373,1.7177,-7.2823,-0.1554,2.2152
535.50,-6.8370,-0.1106,2.2075,-6.4003,1.6668,1.7025,-7.3477,-0.0505,2.2010
536.00,-6.9162,-0.0070,2.2308,-6.4187,1.7931,1.7256,-7.4299,0.0509,2.2237
536.50,-6.9970,0.0951,2.2577,-6.4408,1.9272,1.7528,-7.5185,0.1552,2.2513
537.00,-7.0812,0.1943,2.2897,-6.4658,2.0525,1.7850,-7.5929,0.2518,2.2837
537.50,-7.1676,0.2914,2.2984,-6.4943,2.1792,1.7925,-7.6714,0.3492,2.2910
538.00,-7.2532,0.3893,2.2809,-6.5233,2.3133,1.7740,-7.7697,0.4531,2.2760
538.50,-7.3372,0.4884,2.2586,-6.5489,2.4422,1.7517,-7.8494,0.5490,2.2536
539.00,-7.4189,0.5894,2.2630,-6.5714,2.5707,1.7564,-7.9308,0.6508,2.2578
539.50,-7.5048,0.6869,2.3286,-6.5990,2.6979,1.8209,-8.0165,0.7489,2.3194
540.00,-7.5990,0.7756,2.4414,-6.6378,2.8200,1.9343,-8.1067,0.8297,2.4391
540.50,-7.6936,0.8533,2.4481,-6.6823,2.9331,1.9396,-8.2025,0.9150,2.4416
541.00,-7.7462,0.8982,2.4154,-6.7087,3.0043,1.9072,-8.2597,0.9649,2.4127
541.50,-7.7551,0.9058,2.3824,-6.7126,3.0154,1.8738,-8.2688,0.9723,2.3758
542.00,-7.7553,0.9058,2.3483,-6.7126,3.0156,1.8393,-8.2690,0.9725,2.3413
542.50,-7.7554,0.9061,2.3146,-6.7127,3.0158,1.8052,-8.2691,0.9726,2.3072
543.00,-7.7554,0.9061,2.2820,-6.7128,3.0161,1.7719,-8.2693,0.9728,2.2739
543.50,-7.7552,0.9061,2.2491,-6.7127,3.0158,1.7388,-8.2691,0.9726,2.2408
544.00,-7.7545,0.9060,2.2153,-6.7126,3.0148,1.7040,-8.2686,0.9718,2.2060
544.50,-7.7533,0.9060,2.1806,-6.7125,3.0136,1.6692,-8.2678,0.9708,2.1712
545.00,-7.7517,0.9059,2.1450,-6.7122,3.0110,1.6333,-8.2664,0.9686,2.1353
545.50,-7.7497,0.9059,2.1084,-6.7122,3.0090,1.5968,-8.2654,0.9669,2.0987
546.00,-7.7471,0.9058,2.0709,-6.7121,3.0068,1.5582,-8.2643,0.9650,2.0601
546.50,-7.7442,0.9058,2.0323,-6.7123,3.0036,1.5194,-8.2628,0.9621,2.0214
547.00,-7.7407,0.9057,1.9927,-6.7125,3.0001,1.4790,-8.2614,0.9590,1.9809
547.50,-7.7367,0.9057,1.9520,-6.7130,2.9958,1.4381,-8.2598,0.9550,1.9401
548.00,-7.7323,0.9057,1.9101,-6.7136,2.9916,1.3960,-8.2583,0.9510,1.8980
548.50,-7.7274,0.9056,1.8670,-6.7149,2.9855,1.3525,-8.2564,0.9451,1.8545
549.00,-7.7225,0.9175,1.7895,-6.7123,2.9946,1.2790,-8.2586,0.9542,1.7810
549.50,-7.7212,0.9876,1.6967,-6.6873,3.0623,1.1861,-8.2692,1.0256,1.6881
550.00,-7.7375,1.1101,1.6993,-6.6402,3.1812,1.1878,-8.2449,1.1826,1.6933
550.50,-7.7481,1.2396,1.5769,-6.5838,3.3014,1.0641,-8.2537,1.3051,1.5731
551.00,-7.7501,1.3689,1.3764,-6.5066,3.4140,0.8579,-8.2489,1.4329,1.3697
551.50,-7.7364,1.4929,1.1582,-6.4131,3.5017,0.6346,-8.2323,1.5532,1.1436
552.00,-7.6917,1.5963,0.9984,-6.3111,3.5645,0.4748,-8.1834,1.6578,0.9936
552.50,-7.6566,1.6451,0.9499,-6.2557,3.5911,0.4272,-8.1584,1.7083,0.9460
553.00,-7.6520,1.6502,0.9155,-6.2491,3.5941,0.3923,-8.1541,1.7141,0.9118
553.50,-7.6514,1.6503,0.8820,-6.2485,3.5944,0.3581,-8.1537,1.7147,0.8776
554.00,-7.6513,1.6503,0.8493,-6.2484,3.5945,0.3246,-8.1537,1.7148,0.8440
554.50,-7.6513,1.6507,0.8164,-6.2481,3.5946,0.2915,-8.1535,1.7150,0.8109
555.00,-7.6514,1.6509,0.7824,-6.2478,3.5947,0.2572,-8.1532,1.7153,0.7766
555.50,-7.6512,1.6510,0.7486,-6.2474,3.5948,0.2230,-8.1530,1.7156,0.7424
556.00,-7.6510,1.6510,0.7275,-6.2472,3.5949,0.2019,-8.1528,1.7157,0.7213
556.50,-7.6513,1.6510,0.7599,-6.2476,3.5948,0.2348,-8.1531,1.7154,0.7542
557.00,-7.6514,1.6509,0.7940,-6.2477,3.5948,0.2688,-8.1532,1.7154,0.7882
557.50,-7.6513,1.6505,0.8276,-6.2479,3.5947,0.3017,-8.1533,1.7152,0.8212
558.00,-7.6513,1.6503,0.8602,-6.2481,3.5946,0.3337,-8.1535,1.7150,0.8532
558.50,-7.6515,1.6503,0.8932,-6.2483,3.5946,0.3663,-8.1536,1.7149,0.8857
559.00,-7.6523,1.6502,0.9270,-6.2492,3.5942,0.3995,-8.1542,1.7141,0.9189
559.50,-7.6534,1.6502,0.9617,-6.2505,3.5936,0.4336,-8.1550,1.7130,0.9530
560.00,-7.6550,1.6501,0.9973,-6.2516,3.5931,0.4686,-8.1557,1.7119,0.9880
560.50,-7.6571,1.6500,1.0339,-6.2533,3.5922,0.5047,-8.1568,1.7103,1.0242
561.00,-7.6596,1.6500,1.0715,-6.2546,3.5914,0.5421,-8.1575,1.7090,1.0615
561.50,-7.6626,1.6500,1.1101,-6.2570,3.5900,0.5806,-8.1589,1.7066,1.1000
562.00,-7.6661,1.6499,1.1497,-6.2601,3.5878,0.6202,-8.1605,1.7032,1.1397
562.50,-7.6700,1.6499,1.1904,-6.2638,3.5851,0.6602,-8.1623,1.6989,1.1796
563.00,-7.6745,1.6498,1.2323,-6.2666,3.5828,0.7016,-8.1636,1.6956,1.2210
563.50,-7.6794,1.6498,1.2755,-6.2710,3.5789,0.7441,-8.1656,1.6900,1.2636
564.00,-7.6843,1.6552,1.3347,-6.2710,3.5791,0.7992,-8.1656,1.6901,1.3187
564.50,-7.6949,1.7125,1.5046,-6.2318,3.6275,0.9661,-8.1557,1.7516,1.4855
565.00,-7.7002,1.8295,1.5548,-6.1698,3.7254,1.0150,-8.1894,1.8972,1.5484
565.50,-7.6979,1.9595,1.5706,-6.1012,3.8348,1.0296,-8.1960,2.0163,1.5664
566.00,-7.7015,2.0894,1.5898,-6.0335,3.9506,1.0476,-8.1970,2.1504,1.5845
566.50,-7.7030,2.2194,1.5847,-5.9660,4.0670,1.0423,-8.1988,2.2850,1.5792
567.00,-7.7035,2.3494,1.5788,-5.9016,4.1765,1.0363,-8.1994,2.4101,1.5731
567.50,-7.7042,2.4794,1.5775,-5.8353,4.2881,1.0339,-8.1992,2.5418,1.5743
568.00,-7.7047,2.6094,1.5761,-5.7682,4.4006,1.0321,-8.1998,2.6728,1.5690
568.50,-7.7057,2.7394,1.5772,-5.7008,4.5134,1.0320,-8.1994,2.8042,1.5724
569.00,-7.7067,2.8694,1.5781,-5.6324,4.6278,1.0322,-8.1994,2.9375,1.5725
569.50,-7.7075,2.9994,1.5774,-5.5643,4.7416,1.0315,-8.1992,3.0701,1.5753
570.00,-7.7081,3.1294,1.5763,-5.5004,4.8480,1.0295,-8.1997,3.1842,1.5699
570.50,-7.7089,3.2594,1.5764,-5.4325,4.9611,1.0292,-8.1998,3.3261,1.5696
571.00,-7.7097,3.3894,1.5769,-5.3655,5.0725,1.0293,-8.1994,3.4561,1.5731
571.50,-7.7112,3.5106,1.5963,-5.3013,5.1795,1.0457,-8.1997,3.5809,1.5896
572.00,-7.7186,3.5759,1.6471,-5.2698,5.2368,1.0960,-8.2023,3.6463,1.6398
572.50,-7.7259,3.5851,1.6967,-5.2639,5.2487,1.1456,-8.2034,3.6595,1.6894
573.00,-7.7326,3.5852,1.7451,-5.2610,5.2554,1.1932,-8.2045,3.6667,1.7370
573.50,-7.7388,3.5852,1.7918,-5.2591,5.2604,1.2401,-8.2054,3.6719,1.7839
574.00,-7.7445,3.5852,1.8372,-5.2572,5.2665,1.2852,-8.2069,3.6782,1.8290
574.50,-7.7498,3.5852,1.8812,-5.2555,5.2726,1.3295,-8.2086,3.6843,1.8734
575.00,-7.7546,3.5853,1.9239,-5.2542,5.2781,1.3720,-8.2104,3.6897,1.9158
575.50,-7.7588,3.5853,1.9654,-5.2535,5.2821,1.4125,-8.2362,3.6611,1.9564
576.00,-7.7626,3.5854,2.0057,-5.2531,5.2850,1.4525,-8.2430,3.6561,1.9963
576.50,-7.7659,3.5854,2.0450,-5.2528,5.2876,1.4914,-8.2441,3.6585,2.0352
577.00,-7.7688,3.5855,2.0832,-5.2526,5.2905,1.5297,-8.2455,3.6611,2.0735
577.50,-7.7712,3.5855,2.1204,-5.2526,5.2924,1.5658,-8.2464,3.6628,2.1097
578.00,-7.7731,3.5856,2.1567,-5.2526,5.2943,1.6012,-8.2474,3.6644,2.1451
578.50,-7.7745,3.5856,2.1920,-5.2527,5.2962,1.6369,-8.2485,3.6660,2.1808
579.00,-7.7755,3.5857,2.2264,-5.2528,5.2973,1.6710,-8.2491,3.6668,2.2149
579.50,-7.7761,3.5857,2.2599,-5.2528,5.2977,1.7040,-8.2494,3.6672,2.2479
580.00,-7.7762,3.5858,2.2926,-5.2529,5.2979,1.7360,-8.2495,3.6673,2.2799
580.50,-7.7761,3.5856,2.3254,-5.2528,5.2978,1.7678,-8.2494,3.6672,2.3116
581.00,-7.7761,3.5854,2.3594,-5.2528,5.2976,1.8011,-8.2493,3.6671,2.3449
581.50,-7.7757,3.5855,2.3932,-5.2527,5.2972,1.8342,-8.2490,3.6668,2.3781
582.00,-7.7755,3.5855,2.4259,-5.2527,5.2970,1.8667,-8.2489,3.6667,2.4105
582.50,-7.7754,3.5853,2.4587,-5.2526,5.2969,1.8993,-8.2487,3.6666,2.4431
583.00,-7.7754,3.5847,2.4924,-5.2524,5.2964,1.9328,-8.2483,3.6662,2.4767
583.50,-7.7753,3.5836,2.5270,-5.2521,5.2957,1.9669,-8.2477,3.6658,2.5107
584.00,-7.7753,3.5821,2.5625,-5.2516,5.2945,2.0016,-8.2467,3.6650,2.5455
584.50,-7.7752,3.5801,2.5989,-5.2509,5.2929,2.0379,-8.2452,3.6641,2.5818
585.00,-7.7752,3.5776,2.6363,-5.2493,5.2900,2.0751,-8.2424,3.6624,2.6189
585.50,-7.7751,3.5747,2.6747,-5.2477,5.2872,2.1128,-8.2395,3.6608,2.6566
586.00,-7.7751,3.5713,2.7142,-5.2456,5.2839,2.1516,-8.2360,3.6590,2.6955
586.50,-7.7750,3.5674,2.7547,-5.2438,5.2812,2.1916,-8.2331,3.6577,2.7355
587.00,-7.7750,3.5630,2.7965,-5.2412,5.2777,2.2330,-8.2291,3.6561,2.7768
587.50,-7.7749,3.5582,2.8394,-5.2380,5.2738,2.2751,-8.2243,3.6543,2.8189
588.00,-7.7749,3.5528,2.8836,-5.2342,5.2695,2.3189,-8.2188,3.6526,2.8628
588.50,-7.8010,3.5461,3.0039,-5.2514,5.2861,2.4299,-8.2421,3.6579,2.9737
589.00,-7.8905,3.5309,-3.1259,-5.3260,5.3391,2.5856,-8.3334,3.6647,3.1295
589.50,-8.0116,3.5268,-3.1411,-5.4274,5.4012,2.5741,-8.5021,3.5964,-3.1408
590.00,-8.1127,3.5312,2.9493,-5.5094,5.4639,2.3835,-8.6049,3.6042,2.9448
590.50,-8.2363,3.5511,2.7662,-5.5924,5.5611,2.1975,-8.7269,3.6324,2.7588
591.00,-8.3503,3.5956,2.6892,-5.6606,5.6645,2.1203,-8.8395,3.6742,2.6844
591.50,-8.4479,3.6403,2.7485,-5.7215,5.7607,2.1797,-8.9425,3.7226,2.7410
592.00,-8.5661,3.6758,2.9598,-5.7991,5.8524,2.3885,-9.0551,3.7489,2.9499
592.50,-8.6954,3.7010,3.1100,-5.9064,5.9372,2.5376,-9.1929,3.7638,3.1024
593.00,-8.8081,3.7071,3.0731,-6.0010,6.0027,2.5031,-9.2978,3.7789,3.0749
593.50,-8.9233,3.7201,2.8615,-6.0888,6.0809,2.2896,-9.4139,3.7969,2.8579
594.00,-9.0419,3.7507,2.6609,-6.1600,6.1826,2.0870,-9.5286,3.8340,2.6518
594.50,-9.1550,3.8112,2.6118,-6.2204,6.2982,2.0383,-9.6414,3.8896,2.6066
595.00,-9.2692,3.8725,2.7056,-6.2817,6.4096,2.1329,-9.7529,3.9408,2.7047
595.50,-9.3904,3.9248,2.8350,-6.3622,6.5196,2.2619,-9.8854,3.9947,2.8298
596.00,-9.5163,3.9670,2.9379,-6.4565,6.6209,2.3670,-10.0093,4.0394,2.9353
596.50,-9.6440,3.9934,2.9674,-6.5514,6.7108,2.3956,-10.1295,4.0727,2.9674
597.00,-9.7712,4.0211,2.8671,-6.6472,6.8062,2.2927,-10.2699,4.1025,2.8575
597.50,-9.8937,4.0576,2.7299,-6.7294,6.9125,2.1561,-10.3862,4.1386,2.7279
598.00,-10.0083,4.1075,2.5651,-6.7928,7.0272,1.9907,-10.5015,4.1909,2.5624
598.50,-10.0871,4.1679,2.3541,-6.8273,7.1281,1.7827,-10.5854,4.2468,2.3517
599.00,-10.1414,4.2335,2.1332,-6.8373,7.2187,1.5614,-10.6326,4.3177,2.1297
599.50,-10.1865,4.3227,1.8750,-6.8241,7.3152,1.3035,-10.6833,4.4063,1.8753
600.00,-10.2229,4.4426,1.6022,-6.7750,7.4276,1.0305,-10.7007,4.5254,1.6016
600.50,-10.2348,4.5724,1.4848,-6.6961,7.5398,0.9132,-10.7170,4.6544,1.4815
601.00,-10.2272,4.6803,1.5621,-6.6320,7.6260,0.9871,-10.7194,4.7614,1.5554
601.50,-10.2285,4.7989,1.7879,-6.5771,7.7348,1.2117,-10.7314,4.8827,1.7834
602.00,-10.2525,4.9240,1.8787,-6.5386,7.8575,1.3009,-10.7475,5.0065,1.8768
602.50,-10.2899,5.0482,1.8484,-6.5032,7.9814,1.2711,-10.7829,5.1198,1.8533
603.00,-10.3198,5.1720,1.6599,-6.4541,8.1062,1.0838,-10.8107,5.2610,1.6626
603.50,-10.3434,5.2497,1.3718,-6.4057,8.1739,0.7957,-10.8179,5.3341,1.3710
604.00,-10.3522,5.2667,1.2683,-6.3899,8.1887,0.6943,-10.8233,5.3553,1.2660
604.50,-10.3511,5.2667,1.2254,-6.3893,8.1894,0.6504,-10.8231,5.3561,1.2222
605.00,-10.3467,5.2667,1.1837,-6.3856,8.1921,0.6084,-10.8215,5.3604,1.1802
605.50,-10.3429,5.2668,1.1431,-6.3833,8.1937,0.5673,-10.8204,5.3631,1.1391
606.00,-10.3373,5.2778,1.0758,-6.3723,8.2003,0.5035,-10.8147,5.3745,1.0753
606.50,-10.3109,5.3275,0.9126,-6.3170,8.2250,0.3394,-10.7916,5.4152,0.9111
607.00,-10.2988,5.3417,0.8436,-6.2984,8.2308,0.2709,-10.7891,5.4202,0.8426
607.50,-10.2989,5.3420,0.8105,-6.2980,8.2310,0.2375,-10.7889,5.4205,0.8093
608.00,-10.2989,5.3422,0.7764,-6.2978,8.2310,0.2030,-10.7887,5.4207,0.7748
608.50,-10.2987,5.3423,0.7428,-6.2976,8.2311,0.1685,-10.7886,5.4209,0.7402
609.00,-10.2986,5.3424,0.7102,-6.2975,8.2311,0.1349,-10.7885,5.4209,0.7067
609.50,-10.2986,5.3421,0.6773,-6.2978,8.2311,0.1018,-10.7888,5.4207,0.6736
610.00,-10.2987,5.3414,0.6434,-6.2987,8.2310,0.0683,-10.7895,5.4202,0.6401
610.50,-10.2988,5.3402,0.6087,-6.2997,8.2309,0.0337,-10.7903,5.4196,0.6055
611.00,-10.2988,5.3388,0.5765,-6.3012,8.2309,0.0019,-10.7915,5.4188,0.5737
611.50,-10.2988,5.3373,0.5492,-6.3023,8.2309,-0.0257,-10.7925,5.4182,0.5461
612.00,-10.2989,5.3355,0.5214,-6.3034,8.2310,-0.0538,-10.7934,5.4176,0.5180
612.50,-10.2989,5.3335,0.4930,-6.3057,8.2311,-0.0821,-10.7954,5.4165,0.4897
613.00,-10.2990,5.3313,0.4631,-6.3072,8.2313,-0.1118,-10.7968,5.4158,0.4600
613.50,-10.2990,5.3278,0.4235,-6.3107,8.2318,-0.1523,-10.8000,5.4143,0.4195
614.00,-10.2990,5.3239,0.3828,-6.3143,8.2324,-0.1928,-10.8033,5.4129,0.3790
614.50,-10.2991,5.3195,0.3410,-6.3188,8.2334,-0.2348,-10.8076,5.4113,0.3370
615.00,-10.2991,5.3146,0.2980,-6.3232,8.2345,-0.2784,-10.8119,5.4099,0.2933
615.50,-10.2991,5.3092,0.2536,-6.3302,8.2367,-0.3227,-10.8191,5.4079,0.2491
616.00,-10.2992,5.3033,0.2079,-6.3364,8.2389,-0.3693,-10.8255,5.4064,0.2025
616.50,-10.2992,5.2969,0.1606,-6.3417,8.2411,-0.4169,-10.8311,5.4054,0.1549
617.00,-10.2992,5.2901,0.1118,-6.3481,8.2441,-0.4665,-10.8381,5.4045,0.1053
617.50,-10.2992,5.2828,0.0612,-6.3543,8.2474,-0.5175,-10.8451,5.4039,0.0543
618.00,-10.2992,5.2750,0.0086,-6.3593,8.2505,-0.5702,-10.8510,5.4038,0.0016
618.50,-10.2992,5.2670,-0.0446,-6.3551,8.2475,-0.6240,-10.7858,5.3529,-0.0487
619.00,-10.2992,5.2596,-0.0958,-6.3487,8.2428,-0.6760,-10.7779,5.3523,-0.1007
619.50,-10.2992,5.2526,-0.1452,-6.3441,8.2388,-0.7253,-10.7719,5.3516,-0.1500
620.00,-10.2992,5.2460,-0.1929,-6.3396,8.2347,-0.7732,-10.7659,5.3505,-0.1979
620.50,-10.2992,5.2400,-0.2391,-6.3354,8.2304,-0.8203,-10.7600,5.3492,-0.2450
621.00,-10.2991,5.2345,-0.2839,-6.3312,8.2256,-0.8665,-10.7538,5.3475,-0.2912
621.50,-10.2991,5.2294,-0.3274,-6.3289,8.2228,-0.9104,-10.7505,5.3464,-0.3351
622.00,-10.2991,5.2248,-0.3696,-6.3261,8.2191,-0.9525,-10.7461,5.3448,-0.3773
622.50,-10.2990,5.2207,-0.4106,-6.3240,8.2160,-0.9935,-10.7833,5.3014,-0.4078
623.00,-10.2990,5.2171,-0.4506,-6.3218,8.2125,-1.0329,-10.7795,5.2997,-0.4471
623.50,-10.2989,5.2140,-0.4894,-6.3202,8.2097,-1.0723,-10.7766,5.2983,-0.4866
624.00,-10.2989,5.2114,-0.5272,-6.3191,8.2076,-1.1104,-10.7746,5.2971,-0.5246
624.50,-10.2988,5.2092,-0.5641,-6.3178,8.2049,-1.1481,-10.7721,5.2956,-0.5624
625.00,-10.2988,5.2074,-0.5999,-6.3172,8.2035,-1.1847,-10.7708,5.2948,-0.5990
625.50,-10.2987,5.2062,-0.6349,-6.3169,8.2026,-1.2200,-10.7700,5.2942,-0.6343
626.00,-10.2987,5.2054,-0.6681,-6.3166,8.2018,-1.2547,-10.7693,5.2937,-0.6690
626.50,-10.2986,5.2050,-0.6947,-6.3166,8.2017,-1.2812,-10.7692,5.2936,-0.6955
627.00,-10.2986,5.2050,-0.7119,-6.3165,8.2016,-1.2987,-10.7692,5.2936,-0.7129
627.50,-10.2985,5.2050,-0.7362,-6.3165,8.2017,-1.3245,-10.7692,5.2936,-0.7387
628.00,-10.2982,5.2050,-0.7611,-6.3165,8.2014,-1.3499,-10.7690,5.2934,-0.7642
628.50,-10.2980,5.2051,-0.7867,-6.3165,8.2014,-1.3760,-10.7690,5.2935,-0.7903
629.00,-10.2979,5.2050,-0.8122,-6.3165,8.2013,-1.4019,-10.7689,5.2933,-0.8162
629.50,-10.2979,5.2047,-0.8370,-6.3164,8.2012,-1.4273,-10.7688,5.2933,-0.8416
630.00,-10.2979,5.2047,-0.8614,-6.3164,8.2012,-1.4526,-10.7688,5.2933,-0.8668
630.50,-10.2980,5.2048,-0.8860,-6.3164,8.2011,-1.4772,-10.7688,5.2932,-0.8915
631.00,-10.2985,5.2048,-0.9112,-6.3165,8.2015,-1.5031,-10.7690,5.2935,-0.9173
631.50,-10.2991,5.2049,-0.9368,-6.3165,8.2020,-1.5289,-10.7693,5.2939,-0.9431
632.00,-10.3000,5.2049,-0.9629,-6.3165,8.2029,-1.5552,-10.7699,5.2946,-0.9694
632.50,-10.3012,5.2049,-0.9896,-6.3165,8.2038,-1.5824,-10.7703,5.2954,-0.9966
633.00,-10.3031,5.2050,-1.0258,-6.3165,8.2058,-1.6196,-10.7714,5.2971,-1.0339
633.50,-10.3056,5.2050,-1.0631,-6.3163,8.2083,-1.6575,-10.7727,5.2993,-1.0717
634.00,-10.3085,5.2051,-1.1015,-6.3160,8.2108,-1.6961,-10.7738,5.3015,-1.1104
634.50,-10.3118,5.2051,-1.1409,-6.3156,8.2140,-1.7356,-10.7752,5.3044,-1.1499
635.00,-10.3157,5.2052,-1.1813,-6.3148,8.2182,-1.7764,-10.7768,5.3084,-1.1907
635.50,-10.3200,5.2052,-1.2230,-6.3136,8.2232,-1.8184,-10.7787,5.3132,-1.2327
636.00,-10.3248,5.2053,-1.2658,-6.3122,8.2285,-1.8616,-10.7804,5.3184,-1.2759
636.50,-10.3295,5.1893,-1.3546,-6.3171,8.2143,-1.9454,-10.7767,5.3038,-1.3597
637.00,-10.3422,5.1128,-1.5680,-6.3550,8.1428,-2.1552,-10.7687,5.2233,-1.5694
637.50,-10.3569,4.9956,-1.6342,-6.4235,8.0491,-2.2213,-10.8433,5.0873,-1.6390
638.00,-10.3592,4.9303,-1.5845,-6.4636,7.9944,-2.1724,-10.8571,5.0096,-1.5867
638.50,-10.3536,4.9027,-1.4949,-6.4769,7.9734,-2.0900,-10.8565,4.9847,-1.5043
639.00,-10.3374,4.8228,-1.2583,-6.5092,7.8973,-1.8575,-10.8266,4.9033,-1.2632
639.50,-10.3012,4.7055,-1.1019,-6.5341,7.7739,-1.7024,-10.7907,4.7872,-1.1020
640.00,-10.2429,4.5908,-1.0989,-6.5507,7.6368,-1.7003,-10.7305,4.6648,-1.1006
640.50,-10.1898,4.4796,-1.2474,-6.5730,7.5203,-1.8463,-10.6937,4.5656,-1.2396
641.00,-10.1468,4.3534,-1.4016,-6.6218,7.3920,-2.0011,-10.6561,4.4230,-1.4014
641.50,-10.1231,4.2256,-1.3858,-6.6768,7.2737,-1.9843,-10.6199,4.2997,-1.3899
642.00,-10.0945,4.1262,-1.2060,-6.7115,7.1760,-1.8068,-10.5895,4.2036,-1.2123
642.50,-10.0501,4.0181,-0.9837,-6.7255,7.0596,-1.5847,-10.5318,4.0996,-0.9850
643.00,-9.9752,3.9140,-0.8936,-6.7204,6.9248,-1.4956,-10.4661,3.9867,-0.8941
643.50,-9.8947,3.8121,-0.9310,-6.7116,6.7946,-1.5352,-10.3863,3.8943,-0.9355
644.00,-9.8207,3.7057,-0.9743,-6.7105,6.6600,-1.5796,-10.3143,3.7790,-0.9782
644.50,-9.7459,3.5989,-0.9521,-6.7102,6.5271,-1.5561,-10.2402,3.6749,-0.9564
645.00,-9.6735,3.4916,-0.9959,-6.7111,6.3902,-1.6034,-10.1606,3.5586,-1.0013
645.50,-9.6017,3.3828,-0.9802,-6.7144,6.2639,-1.5854,-10.0952,3.4612,-0.9845
646.00,-9.5288,3.2749,-0.9711,-6.7164,6.1311,-1.5781,-10.0219,3.3505,-0.9758
646.50,-9.4525,3.1688,-0.9397,-6.7152,5.9961,-1.5463,-9.9442,3.2400,-0.9455
647.00,-9.3749,3.0642,-0.9273,-6.7115,5.8663,-1.5349,-9.8678,3.1350,-0.9309
647.50,-9.2955,2.9609,-0.9097,-6.7052,5.7260,-1.5166,-9.7850,3.0272,-0.9158
648.00,-9.2180,2.8568,-0.9623,-6.7007,5.5925,-1.5721,-9.7159,2.9298,-0.9691
648.50,-9.1458,2.7490,-0.9775,-6.7029,5.4551,-1.5876,-9.6416,2.8155,-0.9850
649.00,-9.0688,2.6437,-0.8977,-6.7006,5.3176,-1.5066,-9.5616,2.7075,-0.9040
649.50,-8.9847,2.5443,-0.8582,-6.6891,5.1894,-1.4674,-9.4853,2.6185,-0.8648
650.00,-8.8999,2.4458,-0.8631,-6.6760,5.0607,-1.4729,-9.3936,2.5154,-0.8685
650.50,-8.8162,2.3464,-0.8781,-6.6636,4.9239,-1.4888,-9.3085,2.4127,-0.8827
651.00,-8.7343,2.2456,-0.8918,-6.6540,4.7922,-1.5027,-9.2355,2.3144,-0.9001
651.50,-8.6522,2.1448,-0.8866,-6.6445,4.6609,-1.4977,-9.1482,2.2158,-0.8934
652.00,-8.5727,2.0424,-0.9278,-6.6373,4.5263,-1.5399,-9.0659,2.1090,-0.9338
652.50,-8.4947,1.9383,-0.9211,-6.6334,4.3950,-1.5327,-8.9918,2.0066,-0.9283
653.00,-8.4156,1.8350,-0.9124,-6.6280,4.2638,-1.5243,-8.9227,1.9018,-0.9200
653.50,-8.3343,1.7333,-0.8907,-6.6202,4.1328,-1.5036,-8.8392,1.8015,-0.8966
654.00,-8.2533,1.6318,-0.9053,-6.6119,3.9999,-1.5183,-8.7568,1.6986,-0.9114
654.50,-8.1743,1.5288,-0.9193,-6.6061,3.8650,-1.5326,-8.6731,1.5933,-0.9245
655.00,-8.0961,1.4251,-0.9364,-6.6014,3.7304,-1.5498,-8.5969,1.4852,-0.9417
655.50,-8.0194,1.3202,-0.9367,-6.5988,3.5907,-1.5491,-8.5197,1.3720,-0.9428
656.00,-7.9412,1.2161,-0.9332,-6.5951,3.4643,-1.5459,-8.4468,1.2799,-0.9367
656.50,-7.8686,1.1094,-1.0027,-6.5959,3.3271,-1.6167,-8.3714,1.1672,-1.0103
657.00,-7.8023,0.9985,-1.0337,-6.6042,3.1956,-1.6483,-8.3069,1.0645,-1.0437
657.50,-7.7320,0.8885,-0.9651,-6.6110,3.0629,-1.5782,-8.2426,0.9514,-0.9700
658.00,-7.6533,0.7864,-0.8505,-6.6059,2.9347,-1.4654,-8.1651,0.8491,-0.8573
658.50,-7.5711,0.7077,-0.6459,-6.5824,2.8188,-1.2616,-8.0742,0.7675,-0.6534
659.00,-7.4836,0.6419,-0.4034,-6.5378,2.7191,-1.0204,-7.9935,0.7110,-0.4105
659.50,-7.3729,0.5862,-0.1236,-6.4584,2.6220,-0.7459,-7.8778,0.6606,-0.1334
660.00,-7.2445,0.5510,0.1288,-6.3523,2.5473,-0.4918,-7.7514,0.6409,0.1233
660.50,-7.1165,0.5641,0.1971,-6.2345,2.4909,-0.4253,-7.6199,0.6328,0.1898
661.00,-6.9890,0.5844,0.1277,-6.1093,2.4300,-0.4974,-7.4860,0.6450,0.1203
661.50,-6.8596,0.5961,-0.0809,-6.0028,2.3576,-0.7099,-7.3623,0.6476,-0.0896
662.00,-6.7313,0.5891,-0.1523,-5.9078,2.2677,-0.7806,-7.2367,0.6447,-0.1620
662.50,-6.6045,0.5749,-0.0378,-5.8085,2.1768,-0.6680,-7.1076,0.6303,-0.0468
663.00,-6.4751,0.5700,0.1642,-5.7008,2.1097,-0.4626,-6.9890,0.6407,0.1595
663.50,-6.3534,0.5883,0.1857,-5.5886,2.0569,-0.4397,-6.8603,0.6456,0.1815
664.00,-6.2363,0.6042,0.0434,-5.4811,1.9978,-0.5848,-6.7318,0.6577,0.0364
664.50,-6.1063,0.6091,0.0015,-5.3680,1.9170,-0.6262,-6.6045,0.6581,-0.0085
665.00,-5.9764,0.6133,0.0290,-5.2568,1.8405,-0.5980,-6.4681,0.6653,0.0197
665.50,-5.8464,0.6141,0.0152,-5.1523,1.7682,-0.6123,-6.3494,0.6667,0.0081
666.00,-5.7164,0.6150,0.0119,-5.0436,1.6913,-0.6172,-6.2199,0.6649,0.0032
666.50,-5.5864,0.6179,0.0174,-4.9351,1.6149,-0.6120,-6.0912,0.6658,0.0101
667.00,-5.4564,0.6193,0.0131,-4.8230,1.5358,-0.6171,-5.9582,0.6668,0.0050
667.50,-5.3265,0.6201,0.0091,-4.7124,1.4570,-0.6218,-5.8278,0.6672,0.0020
668.00,-5.1965,0.6204,0.0051,-4.6054,1.3800,-0.6258,-5.7065,0.6674,-0.0019
668.50,-5.0665,0.6214,0.0064,-4.4991,1.3032,-0.6249,-5.5796,0.6673,-0.0010
669.00,-4.9365,0.6218,0.0045,-4.3911,1.2251,-0.6277,-5.4517,0.6672,-0.0035
669.50,-4.8065,0.6231,0.0080,-4.2847,1.1481,-0.6252,-5.3159,0.6670,-0.0001
670.00,-4.6765,0.6238,0.0062,-4.1764,1.0698,-0.6278,-5.1850,0.6671,-0.0027
670.50,-4.5465,0.6253,0.0098,-4.0696,0.9925,-0.6245,-5.0569,0.6670,0.0020
671.00,-4.4165,0.6261,0.0074,-3.9642,0.9163,-0.6278,-4.9347,0.6673,-0.0021
671.50,-4.2865,0.6271,0.0078,-3.8616,0.8418,-0.6284,-4.8095,0.6670,-0.0010
672.00,-4.1565,0.6274,0.0043,-3.7550,0.7639,-0.6335,-4.6770,0.6666,-0.0044
672.50,-4.0265,0.6289,0.0089,-3.6440,0.6827,-0.6302,-4.5388,0.6661,0.0004
673.00,-3.8965,0.6292,0.0047,-3.5375,0.6047,-0.6350,-4.4191,0.6658,-0.0058
673.50,-3.7665,0.6306,0.0104,-3.4267,0.5232,-0.6305,-4.2744,0.6648,0.0000
674.00,-3.6365,0.6312,0.0059,-3.3250,0.4487,-0.6361,-4.1491,0.6690,-0.0052
674.50,-3.5065,0.6293,-0.0085,-3.2172,0.3677,-0.6488,-4.0157,0.6673,-0.0193
675.00,-3.3765,0.6279,-0.0106,-3.1112,0.2873,-0.6508,-3.8884,0.6648,-0.0216
675.50,-3.2465,0.6259,-0.0025,-3.0038,0.2053,-0.6419,-3.7495,0.6616,-0.0110
676.00,-3.1165,0.6295,0.0213,-2.8966,0.1281,-0.6162,-3.6166,0.6581,0.0130
676.50,-2.9866,0.6337,0.0305,-2.7892,0.0524,-0.6066,-3.5165,0.6600,0.0226
677.00,-2.8566,0.6361,0.0139,-2.6841,-0.0210,-0.6232,-3.3598,0.6667,0.0059
677.50,-2.7266,0.6327,-0.0133,-2.5823,-0.0975,-0.6509,-3.2392,0.6651,-0.0235
678.00,-2.5966,0.6352,0.0116,-2.4758,-0.1765,-0.6258,-3.0996,0.6575,0.0033
678.50,-2.4666,0.6374,-0.0035,-2.3690,-0.2534,-0.6411,-2.9708,0.6622,-0.0105
679.00,-2.3370,0.6311,-0.1129,-2.2648,-0.3415,-0.7535,-2.8371,0.6523,-0.1208
679.50,-2.2077,0.6190,-0.0681,-2.1699,-0.4289,-0.7073,-2.7222,0.6380,-0.0764
680.00,-2.0778,0.6153,0.0043,-2.0642,-0.5103,-0.6327,-2.5758,0.6392,-0.0018
680.50,-1.9478,0.6107,-0.0430,-1.9555,-0.5941,-0.6815,-2.4601,0.6356,-0.0498
681.00,-1.8180,0.6018,-0.0565,-1.8531,-0.6794,-0.6942,-2.3190,0.6176,-0.0659
681.50,-1.6881,0.6015,0.0152,-1.7468,-0.7620,-0.6229,-2.1940,0.6214,0.0054
682.00,-1.5581,0.6031,-0.0040,-1.6382,-0.8403,-0.6442,-2.0715,0.6185,-0.0107
682.50,-1.4281,0.6035,0.0026,-1.5314,-0.9201,-0.6356,-1.9343,0.6173,-0.0021
683.00,-1.2981,0.6049,0.0069,-1.4261,-0.9974,-0.6318,-1.8040,0.6176,-0.0001
683.50,-1.1681,0.6060,0.0059,-1.3193,-1.0755,-0.6314,-1.6659,0.6228,0.0003
684.00,-1.0381,0.6064,0.0053,-1.2059,-1.1597,-0.6341,-1.5383,0.6165,-0.0024
684.50,-0.9081,0.6089,0.0128,-1.1005,-1.2364,-0.6274,-1.4241,0.6167,0.0056
685.00,-0.7781,0.6093,0.0038,-0.9915,-1.3161,-0.6360,-1.2806,0.6146,-0.0017
685.50,-0.6481,0.6117,0.0145,-0.8828,-1.3954,-0.6264,-1.1422,0.6192,0.0079
686.00,-0.5181,0.6121,0.0057,-0.7754,-1.4743,-0.6373,-1.0218,0.6175,-0.0022
686.50,-0.3881,0.6134,0.0080,-0.6709,-1.5515,-0.6345,-0.8874,0.6192,0.0015
687.00,-0.2581,0.6151,0.0145,-0.5651,-1.6296,-0.6298,-0.7480,0.6183,0.0053
687.50,-0.1281,0.6161,0.0070,-0.4588,-1.7073,-0.6361,-0.6153,0.6241,0.0025
688.00,0.0018,0.6143,-0.0075,-0.3565,-1.7853,-0.6544,-0.5080,0.6183,-0.0151
688.50,0.1318,0.6161,0.0055,-0.2489,-1.8668,-0.6418,-0.3767,0.6168,-0.0039
689.00,0.2618,0.6167,0.0039,-0.1433,-1.9455,-0.6429,-0.2604,0.6188,-0.0029
689.50,0.3918,0.6170,0.0035,-0.0393,-2.0236,-0.6439,-0.1150,0.6181,-0.0039
690.00,0.5218,0.6191,0.0125,0.0698,-2.1050,-0.6359,0.0136,0.6153,0.0050
690.50,0.6518,0.6210,0.0116,0.1752,-2.1828,-0.6363,0.1378,0.6196,0.0063
691.00,0.7818,0.6200,-0.0017,0.2803,-2.2621,-0.6502,0.2542,0.6192,-0.0076
691.50,0.9118,0.6197,-0.0025,0.3875,-2.3437,-0.6518,0.3835,0.6187,-0.0092
692.00,1.0418,0.6202,0.0022,0.4928,-2.4238,-0.6470,0.4985,0.6180,-0.0044
692.50,1.1718,0.6211,0.0047,0.5962,-2.5017,-0.6456,0.6330,0.6176,-0.0030
693.00,1.3018,0.6220,0.0062,0.7001,-2.5798,-0.6436,0.7592,0.6175,0.0002
693.50,1.4318,0.6226,0.0052,0.8091,-2.6616,-0.6448,0.8915,0.6177,-0.0031
694.00,1.5618,0.6236,0.0075,0.9161,-2.7421,-0.6431,0.9946,0.6172,-0.0002
694.50,1.6918,0.6247,0.0075,1.0293,-2.8268,-0.6434,1.1427,0.6173,0.0007
695.00,1.8218,0.6254,0.0071,1.1343,-2.9058,-0.6446,1.2567,0.6170,-0.0016
695.50,1.9518,0.6268,0.0089,1.2427,-2.9870,-0.6434,1.4001,0.6167,-0.0002
696.00,2.0818,0.6278,0.0088,1.3547,-3.0711,-0.6431,1.5236,0.6165,0.0002
696.50,2.2118,0.6289,0.0081,1.4596,-3.1498,-0.6442,1.6513,0.6161,-0.0001
697.00,2.3418,0.6298,0.0088,1.5665,-3.2302,-0.6429,1.7775,0.6153,0.0024
697.50,2.4718,0.6313,0.0098,1.6798,-3.3148,-0.6420,1.9169,0.6157,0.0021
698.00,2.6018,0.6314,0.0052,1.7845,-3.3936,-0.6467,2.0476,0.6154,-0.0026
698.50,2.7318,0.6328,0.0078,1.8855,-3.4695,-0.6439,2.1725,0.6155,-0.0007
699.00,2.8618,0.6325,0.0032,1.9892,-3.5479,-0.6475,2.2998,0.6148,-0.0034
699.50,2.9918,0.6341,0.0072,2.0888,-3.6226,-0.6426,2.4431,0.6177,-0.0007
700.00,3.1218,0.6311,-0.0159,2.1941,-3.7031,-0.6680,2.5793,0.6169,-0.0263
700.50,3.2518,0.6316,-0.0030,2.2958,-3.7820,-0.6528,2.7009,0.6147,-0.0122
701.00,3.3818,0.6299,-0.0097,2.4020,-3.8637,-0.6614,2.8339,0.6125,-0.0185
701.50,3.5118,0.6326,0.0150,2.5093,-3.9445,-0.6346,2.9642,0.6120,0.0079
702.00,3.6417,0.6321,0.0017,2.6126,-4.0215,-0.6502,3.0906,0.6123,-0.0096
702.50,3.7717,0.6347,0.0157,2.7209,-4.1019,-0.6332,3.2367,0.6126,0.0074
703.00,3.9017,0.6327,-0.0048,2.8260,-4.1804,-0.6537,3.3666,0.6127,-0.0155
703.50,4.0317,0.6343,0.0100,2.9249,-4.2550,-0.6382,3.4979,0.6117,-0.0011
704.00,4.1617,0.6319,-0.0101,3.0278,-4.3326,-0.6584,3.6142,0.6111,-0.0202
704.50,4.2917,0.6322,0.0005,3.1329,-4.4127,-0.6460,3.7538,0.6093,-0.0077
705.00,4.4217,0.6278,-0.0282,3.2354,-4.4923,-0.6754,3.8870,0.6001,-0.0395
705.50,4.5517,0.6260,0.0293,3.3428,-4.5756,-0.6162,4.0269,0.5969,0.0186
706.00,4.6815,0.6308,0.0326,3.4548,-4.6528,-0.6128,4.1486,0.6013,0.0220
706.50,4.8115,0.6285,-0.0659,3.5594,-4.7342,-0.7149,4.2836,0.5977,-0.0801
707.00,4.9411,0.6207,-0.0569,3.6596,-4.8217,-0.7055,4.4085,0.5868,-0.0696
707.50,5.0710,0.6159,-0.0455,3.7587,-4.9041,-0.6943,4.5373,0.5794,-0.0584
708.00,5.2009,0.6131,-0.0269,3.8633,-4.9901,-0.6766,4.6723,0.5725,-0.0407
708.50,5.3309,0.6143,-0.0070,3.9675,-5.0716,-0.6573,4.8220,0.5721,-0.0202
709.00,5.4609,0.6141,-0.0046,4.0680,-5.1490,-0.6568,4.9291,0.5725,-0.0174
709.50,5.5909,0.6132,-0.0045,4.1704,-5.2282,-0.6568,5.0686,0.5699,-0.0150
710.00,5.7209,0.6146,0.0048,4.2752,-5.3083,-0.6483,5.1919,0.5685,-0.0077
710.50,5.8509,0.6166,0.0109,4.3822,-5.3889,-0.6431,5.3360,0.5701,0.0015
711.00,5.9809,0.6166,-0.0001,4.4880,-5.4688,-0.6540,5.4688,0.5705,-0.0100
711.50,6.1021,0.6152,-0.0223,4.5863,-5.5448,-0.6736,5.5784,0.5687,-0.0307
712.00,6.1675,0.6082,-0.0728,4.6374,-5.5872,-0.7209,5.6431,0.5628,-0.0820
712.50,6.1769,0.6009,-0.1224,4.6488,-5.5976,-0.7701,5.6566,0.5614,-0.1318
713.00,6.1769,0.5942,-0.1709,4.6537,-5.6024,-0.8191,5.6558,0.5477,-0.1832
713.50,6.1769,0.5879,-0.2178,4.6579,-5.6071,-0.8659,5.6619,0.5465,-0.2299
714.00,6.1769,0.5821,-0.2632,4.6614,-5.6114,-0.9120,5.6674,0.5451,-0.2760
714.50,6.1770,0.5768,-0.3073,4.6654,-5.6168,-0.9567,5.6738,0.5432,-0.3208
715.00,6.1770,0.5720,-0.3501,4.6683,-5.6210,-1.0000,5.6786,0.5415,-0.3641
715.50,6.1770,0.5677,-0.3916,4.6709,-5.6251,-1.0423,5.6831,0.5397,-0.4064
716.00,6.1771,0.5639,-0.4321,4.6724,-5.6280,-1.0830,5.6861,0.5384,-0.4471
716.50,6.1771,0.5606,-0.4714,4.6740,-5.6310,-1.1224,5.6892,0.5368,-0.4864
717.00,6.1772,0.5577,-0.5097,4.6751,-5.6333,-1.1609,5.6914,0.5356,-0.5250
717.50,6.1772,0.5553,-0.5470,4.6758,-5.6352,-1.1987,5.6931,0.5346,-0.5627
718.00,6.1773,0.5533,-0.5833,4.6765,-5.6370,-1.2353,5.6627,0.5088,-0.5966
718.50,6.1773,0.5519,-0.6187,4.6769,-5.6383,-1.2712,5.6564,0.5021,-0.6318
719.00,6.1774,0.5508,-0.6532,4.6774,-5.6399,-1.3065,5.6577,0.5012,-0.6670
719.50,6.1774,0.5502,-0.6867,4.6776,-5.6405,-1.3405,5.6582,0.5007,-0.7010
720.00,6.1775,0.5501,-0.7195,4.6776,-5.6407,-1.3730,5.6583,0.5006,-0.7336
720.50,6.1778,0.5501,-0.7523,4.6776,-5.6406,-1.4062,5.6582,0.5007,-0.7668
721.00,6.1781,0.5502,-0.7862,4.6777,-5.6411,-1.4409,5.6586,0.5004,-0.8014
721.50,6.1782,0.5500,-0.8201,4.6777,-5.6411,-1.4747,5.6586,0.5003,-0.8353
722.00,6.1782,0.5498,-0.8528,4.6777,-5.6414,-1.5077,5.6588,0.5001,-0.8682
722.50,6.1780,0.5499,-0.8856,4.6777,-5.6414,-1.5406,5.6588,0.5002,-0.9012
723.00,6.1774,0.5500,-0.9192,4.6777,-5.6411,-1.5748,5.6586,0.5004,-0.9353
723.50,6.1764,0.5500,-0.9537,4.6777,-5.6399,-1.6094,5.6579,0.5013,-0.9700
724.00,6.1749,0.5501,-0.9891,4.6778,-5.6387,-1.6455,5.6572,0.5024,-1.0061
724.50,6.1729,0.5501,-1.0255,4.6779,-5.6377,-1.6829,5.6567,0.5032,-1.0435
725.00,6.1705,0.5502,-1.0628,4.6782,-5.6351,-1.7203,5.6554,0.5055,-1.0809
725.50,6.1676,0.5502,-1.1011,4.6786,-5.6327,-1.7591,5.6544,0.5076,-1.1197
726.00,6.1642,0.5503,-1.1405,4.6793,-5.6295,-1.7991,5.6530,0.5107,-1.1597
726.50,6.1604,0.5503,-1.1810,4.6804,-5.6252,-1.8394,5.6513,0.5148,-1.2000
727.00,6.1561,0.5503,-1.2226,4.6817,-5.6206,-1.8818,5.6496,0.5192,-1.2424
727.50,6.1512,0.5504,-1.2655,4.6829,-5.6171,-1.9250,5.6485,0.5227,-1.2856
728.00,6.1459,0.5504,-1.3096,4.6851,-5.6117,-1.9695,5.6470,0.5284,-1.3301
728.50,6.1387,0.5181,-1.4481,4.6709,-5.6400,-2.1008,5.6525,0.4972,-1.4614
729.00,6.1232,0.4223,-1.5967,4.6158,-5.7167,-2.2512,5.6541,0.4027,-1.6117
729.50,6.1198,0.2924,-1.5532,4.5325,-5.8206,-2.2067,5.5899,0.2396,-1.5666
730.00,6.1257,0.1634,-1.3619,4.4624,-5.9366,-2.0126,5.6062,0.1110,-1.3728
730.50,6.1490,0.0425,-1.3030,4.4144,-6.0495,-1.9553,5.6225,-0.0075,-1.3139
731.00,6.1739,-0.0463,-1.3814,4.3763,-6.1358,-2.0336,5.6370,-0.1001,-1.3920
731.50,6.1836,-0.0800,-1.3618,4.3584,-6.1716,-2.0142,5.6517,-0.1362,-1.3749
732.00,6.1895,-0.0802,-1.3161,4.3559,-6.1772,-1.9688,5.6531,-0.1423,-1.3296
732.50,6.1948,-0.0802,-1.2718,4.3538,-6.1824,-1.9247,5.6545,-0.1476,-1.2854
733.00,6.1997,-0.0802,-1.2288,4.3521,-6.1873,-1.8822,5.6560,-0.1526,-1.2430
733.50,6.2041,-0.0803,-1.1869,4.3509,-6.1914,-1.8406,5.6575,-0.1566,-1.2014
734.00,6.2081,-0.0803,-1.1463,4.3498,-6.1956,-1.8005,5.6591,-0.1606,-1.1613
734.50,6.2115,-0.0804,-1.1068,4.3489,-6.1995,-1.7612,5.6608,-0.1643,-1.1219
735.00,6.2145,-0.0804,-1.0683,4.3484,-6.2026,-1.7228,5.6622,-0.1671,-1.0835
735.50,6.2170,-0.0804,-1.0308,4.3481,-6.2047,-1.6857,5.6632,-0.1689,-1.0465
736.00,6.2190,-0.0805,-0.9943,4.3478,-6.2074,-1.6499,5.6646,-0.1712,-1.0107
736.50,6.2205,-0.0806,-0.9587,4.3477,-6.2092,-1.6149,5.6656,-0.1728,-0.9757
737.00,6.2217,-0.0806,-0.9241,4.3477,-6.2100,-1.5806,5.6853,-0.1339,-0.9368
737.50,6.2223,-0.0807,-0.8903,4.3477,-6.2104,-1.5472,5.6855,-0.1342,-0.9033
738.00,6.2226,-0.0807,-0.8575,4.3477,-6.2105,-1.5150,5.6856,-0.1343,-0.8711
738.50,6.2225,-0.0806,-0.8248,4.3477,-6.2104,-1.4826,5.6855,-0.1342,-0.8388
739.00,6.2225,-0.0804,-0.7911,4.3477,-6.2101,-1.4489,5.6853,-0.1340,-0.8050
739.50,6.2222,-0.0804,-0.7571,4.3476,-6.2098,-1.4154,5.6851,-0.1338,-0.7715
740.00,6.2219,-0.0805,-0.7241,4.3475,-6.2093,-1.3829,5.6847,-0.1334,-0.7390
740.50,6.2218,-0.0804,-0.6915,4.3475,-6.2090,-1.3510,5.6845,-0.1333,-0.7072
741.00,6.2217,-0.0799,-0.6581,4.3473,-6.2085,-1.3178,5.6841,-0.1329,-0.6739
741.50,6.2217,-0.0789,-0.6237,4.3471,-6.2076,-1.2844,5.6834,-0.1324,-0.6405
742.00,6.2216,-0.0775,-0.5885,4.3466,-6.2061,-1.2494,5.6820,-0.1314,-0.6055
742.50,6.2216,-0.0756,-0.5523,4.3458,-6.2039,-1.2143,5.6801,-0.1301,-0.5704
743.00,6.2215,-0.0733,-0.5152,4.3448,-6.2012,-1.1774,5.6777,-0.1286,-0.5335
743.50,6.2215,-0.0705,-0.4770,4.3437,-6.1988,-1.1398,5.6754,-0.1273,-0.4959
744.00,6.2214,-0.0672,-0.4378,4.3422,-6.1955,-1.1008,5.6722,-0.1257,-0.4569
744.50,6.2214,-0.0634,-0.3975,4.3407,-6.1929,-1.0606,5.6694,-0.1244,-0.4167
745.00,6.2214,-0.0592,-0.3561,4.3386,-6.1891,-1.0200,5.6654,-0.1227,-0.3761
745.50,6.2213,-0.0545,-0.3135,4.3358,-6.1848,-0.9780,5.6606,-0.1209,-0.3341
746.00,6.2213,-0.0492,-0.2697,4.3320,-6.1794,-0.9346,5.6544,-0.1189,-0.2907
746.50,6.2213,-0.0435,-0.2244,4.3288,-6.1753,-0.8895,5.6493,-0.1175,-0.2457
747.00,6.2212,-0.0374,-0.1777,4.3256,-6.1716,-0.8427,5.6445,-0.1164,-0.1988
747.50,6.2212,-0.0307,-0.1295,4.3206,-6.1662,-0.7945,5.6720,-0.0926,-0.1422
748.00,6.2212,-0.0235,-0.0795,4.3161,-6.1619,-0.7444,5.6738,-0.0865,-0.0901
748.50,6.2212,-0.0159,-0.0277,4.3114,-6.1577,-0.6924,5.6676,-0.0861,-0.0381
749.00,6.2212,-0.0079,0.0257,4.3100,-6.1565,-0.6389,5.6657,-0.0861,0.0154
749.50,6.2212,-0.0003,0.0777,4.3166,-6.1612,-0.5877,5.6739,-0.0857,0.0666
750.00,6.2212,0.0069,0.1277,4.3237,-6.1657,-0.5380,5.6822,-0.0849,0.1164
750.50,6.2212,0.0136,0.1760,4.3297,-6.1691,-0.4898,5.6890,-0.0840,0.1646
751.00,6.2213,0.0198,0.2227,4.3363,-6.1724,-0.4439,5.6963,-0.0826,0.2104
751.50,6.2213,0.0261,0.2836,4.3427,-6.1752,-0.3834,5.7031,-0.0810,0.2709
752.00,6.2214,0.0394,0.4598,4.3551,-6.1789,-0.2053,5.7152,-0.0763,0.4491
752.50,6.2217,0.0498,0.6430,4.3666,-6.1804,-0.0216,5.7252,-0.0705,0.6328
753.00,6.2215,0.0506,0.8058,4.3675,-6.1805,0.1407,5.7259,-0.0700,0.7951
753.50,6.2215,0.0500,0.8795,4.3668,-6.1806,0.2132,5.7254,-0.0705,0.8675
754.00,6.2216,0.0501,0.8548,4.3669,-6.1806,0.1874,5.7255,-0.0705,0.8418
754.50,6.2215,0.0503,0.8221,4.3672,-6.1805,0.1547,5.7257,-0.0702,0.8091
755.00,6.2215,0.0507,0.7883,4.3677,-6.1804,0.1203,5.7261,-0.0699,0.7746
755.50,6.2216,0.0507,0.7543,4.3679,-6.1804,0.0860,5.7263,-0.0697,0.7404
756.00,6.2218,0.0508,0.7214,4.3681,-6.1804,0.0527,5.6911,-0.0001,0.7105
756.50,6.2218,0.0507,0.6888,4.3678,-6.1804,0.0194,5.6910,-0.0003,0.6772
757.00,6.2435,0.0652,0.5988,4.3935,-6.1811,-0.0704,5.7117,0.0148,0.5875
757.50,6.3206,0.1057,0.5028,4.4752,-6.1919,-0.1650,5.7851,0.0537,0.4919
758.00,6.4357,0.1613,0.4468,4.6053,-6.2176,-0.2207,5.9089,0.1124,0.4341
758.50,6.5520,0.2209,0.4947,4.7362,-6.2447,-0.1707,6.0242,0.1673,0.4837
759.00,6.6649,0.2878,0.5386,4.8634,-6.2635,-0.1284,6.1353,0.2315,0.5276
759.50,6.7757,0.3571,0.5630,4.9953,-6.2790,-0.1040,6.2543,0.3008,0.5527
760.00,6.8855,0.4268,0.5460,5.1264,-6.2926,-0.1215,6.3591,0.3677,0.5349
760.50,6.9984,0.4901,0.5064,5.2655,-6.3135,-0.1626,6.4844,0.4356,0.4941
761.00,7.1133,0.5485,0.4587,5.3958,-6.3377,-0.2095,6.5958,0.4924,0.4489
761.50,7.2313,0.5995,0.4150,5.5208,-6.3678,-0.2546,6.7083,0.5397,0.4021
762.00,7.3491,0.6563,0.4822,5.6540,-6.3991,-0.1875,6.8348,0.5962,0.4692
762.50,7.4593,0.7224,0.6387,5.7808,-6.4133,-0.0290,6.9420,0.6624,0.6277
763.00,7.5581,0.8051,0.7743,5.9119,-6.4093,0.1028,7.0514,0.7457,0.7595
763.50,7.6447,0.9022,0.9288,6.0421,-6.3859,0.2576,7.1322,0.8337,0.9143
764.00,7.7209,1.0106,1.0486,6.1680,-6.3454,0.3752,7.2069,0.9446,1.0325
764.50,7.7866,1.1257,1.1217,6.2942,-6.2902,0.4446,7.2733,1.0635,1.1048
765.00,7.8425,1.2432,1.1301,6.4158,-6.2315,0.4517,7.3333,1.1843,1.1154
765.50,7.9014,1.3602,1.1042,6.5421,-6.1719,0.4242,7.3961,1.2991,1.0879
766.00,7.9589,1.4706,1.0947,6.6623,-6.1188,0.4130,7.4482,1.4049,1.0760
766.50,7.9925,1.5348,1.1332,6.7309,-6.0874,0.4521,7.4834,1.4717,1.1186
767.00,7.9996,1.5466,1.1731,6.7460,-6.0798,0.4920,7.4907,1.4869,1.1592
767.50,7.9960,1.5466,1.2146,6.7431,-6.0815,0.5331,7.4894,1.4837,1.2003
768.00,7.9913,1.5465,1.2572,6.7392,-6.0840,0.5757,7.4879,1.4794,1.2429
768.50,7.9860,1.5465,1.3010,6.7346,-6.0872,0.6195,7.4862,1.4740,1.2867
769.00,7.9803,1.5465,1.3463,6.7300,-6.0906,0.6641,7.4847,1.4684,1.3313
769.50,7.9741,1.5464,1.3929,6.7247,-6.0950,0.7107,7.4833,1.4618,1.3778
770.00,7.9675,1.5464,1.4412,6.7196,-6.0996,0.7586,7.4821,1.4550,1.4258
770.50,7.9603,1.5464,1.4911,6.7140,-6.1052,0.8086,7.4812,1.4472,1.4758
771.00,7.9535,1.5464,1.5375,6.7103,-6.1092,0.8551,7.4808,1.4417,1.5222
771.50,7.9577,1.5464,1.4947,6.7137,-6.1056,0.8098,7.4812,1.4466,1.4770
772.00,7.9648,1.5464,1.4446,6.7192,-6.1000,0.7589,7.4821,1.4545,1.4260
772.50,7.9716,1.5464,1.3963,6.7244,-6.0953,0.7104,7.4833,1.4614,1.3776
773.00,7.9778,1.5465,1.3495,6.7288,-6.0917,0.6630,7.4845,1.4669,1.3302
773.50,7.9869,1.5670,1.2490,6.7476,-6.0784,0.5678,7.4910,1.4889,1.2350
774.00,8.0114,1.6437,1.1203,6.8197,-6.0402,0.4390,7.5240,1.5636,1.1062
774.50,8.0678,1.7579,1.0925,6.9332,-5.9897,0.4102,7.5616,1.6937,1.0739
775.00,8.1320,1.8719,1.0464,7.0557,-5.9399,0.3634,7.6294,1.8083,1.0305
775.50,8.1961,1.9847,1.0816,7.1791,-5.8924,0.3971,7.6948,1.9122,1.0608
776.00,8.2526,2.1014,1.1235,7.2966,-5.8385,0.4399,7.7644,2.0368,1.1106
776.50,8.3142,2.2169,1.0528,7.4220,-5.7842,0.3662,7.8190,2.1472,1.0369
777.00,8.3839,2.3281,1.0033,7.5374,-5.7435,0.3161,7.8842,2.2508,0.9868
777.50,8.4536,2.4377,1.0275,7.6602,-5.7032,0.3395,7.9654,2.3587,1.0101
778.00,8.5153,2.5521,1.1151,7.7849,-5.6519,0.4293,8.0312,2.4864,1.0999
778.50,8.5737,2.6687,1.0918,7.9083,-5.5962,0.4045,8.0832,2.5968,1.0751
779.00,8.6404,2.7820,1.0268,8.0329,-5.5478,0.3378,8.1608,2.7040,1.0084
779.50,8.7087,2.8928,1.0250,8.1569,-5.5050,0.3380,8.2210,2.8229,1.0052
780.00,8.7778,3.0034,1.0057,8.2830,-5.4619,0.3172,8.3035,2.9247,0.9879
780.50,8.8496,3.1123,0.9603,8.4020,-5.4245,0.2729,8.3734,3.0279,0.9436
781.00,8.9303,3.2131,0.8026,8.5364,-5.3966,0.1134,8.4614,3.1434,0.7840
781.50,9.0276,3.2985,0.6360,8.6635,-5.3933,-0.0539,8.5592,3.2147,0.6203
782.00,9.1350,3.3739,0.5808,8.7972,-5.4053,-0.1090,8.6711,3.2888,0.5617
782.50,9.2221,3.4356,0.6565,8.9098,-5.4150,-0.0325,8.7656,3.3506,0.6417
783.00,9.2761,3.4847,0.8462,8.9821,-5.4114,0.1587,8.8099,3.3986,0.8329
783.50,9.3192,3.5382,1.0535,9.0533,-5.3927,0.3652,8.8535,3.4580,1.0358
784.00,9.3344,3.5513,1.1557,9.0726,-5.3845,0.4662,8.8630,3.4667,1.1333
784.50,9.3330,3.5513,1.1966,9.0705,-5.3858,0.5066,8.8622,3.4644,1.1737
785.00,9.3285,3.5512,1.2387,9.0669,-5.3879,0.5482,8.8607,3.4605,1.2153
785.50,9.3237,3.5517,1.2834,9.0630,-5.3904,0.5913,8.8592,3.4561,1.2584
786.00,9.3172,3.5899,1.4300,9.0933,-5.3667,0.7324,8.8683,3.4936,1.3996
786.50,9.3078,3.6917,1.5460,9.1653,-5.2919,0.8477,8.8690,3.6066,1.5218
787.00,9.3142,3.8216,1.4873,9.2584,-5.1903,0.7850,8.8587,3.7440,1.4702
787.50,9.3279,3.9508,1.4675,9.3518,-5.1011,0.7644,8.8750,3.8622,1.4525
788.00,9.3352,4.0805,1.5441,9.4419,-5.0072,0.8431,8.8851,4.0000,1.5312
788.50,9.3350,4.2105,1.5646,9.5321,-4.9029,0.8644,8.8882,4.1299,1.5455
789.00,9.3391,4.3405,1.5459,9.6194,-4.8036,0.8427,8.8939,4.2520,1.5308
789.50,9.3381,4.4705,1.5677,9.7101,-4.7001,0.8634,8.8982,4.3895,1.5480
790.00,9.3346,4.6005,1.5849,9.7951,-4.5989,0.8800,8.9001,4.5117,1.5646
790.50,9.3323,4.7305,1.5749,9.8786,-4.4977,0.8684,8.8912,4.6428,1.5565
791.00,9.3350,4.8605,1.5559,9.9628,-4.4009,0.8507,8.9023,4.7711,1.5331
791.50,9.3324,4.9898,1.6060,10.0470,-4.3011,0.9036,8.8968,4.9016,1.5882
792.00,9.3225,5.0801,1.6564,10.1033,-4.2266,0.9528,8.8932,4.9950,1.6374
792.50,9.3138,5.1079,1.7054,10.1228,-4.1982,1.0018,8.8904,5.0293,1.6864
793.00,9.3072,5.1080,1.7535,10.1264,-4.1923,1.0497,8.8894,5.0362,1.7343
793.50,9.3010,5.1080,1.8000,10.1292,-4.1871,1.0963,8.8884,5.0419,1.7809
794.00,9.2956,5.1080,1.8431,10.1321,-4.1813,1.1392,8.8669,5.0282,1.8238
794.50,9.2917,5.1080,1.8761,10.1337,-4.1778,1.1720,8.8659,5.0320,1.8566
795.00,9.2880,5.1081,1.9083,10.1354,-4.1736,1.2040,8.8646,5.0363,1.8886
795.50,9.2846,5.1081,1.9399,10.1365,-4.1705,1.2352,8.8635,5.0395,1.9198
796.00,9.2815,5.1081,1.9708,10.1374,-4.1679,1.2658,8.8625,5.0420,1.9504
796.50,9.2787,5.1081,2.0010,10.1380,-4.1658,1.2957,8.8617,5.0440,1.9803
797.00,9.2761,5.1082,2.0307,10.1386,-4.1635,1.3255,8.8607,5.0462,2.0101
797.50,9.2738,5.1082,2.0597,10.1391,-4.1614,1.3543,8.8598,5.0481,2.0389
798.00,9.2718,5.1083,2.0882,10.1396,-4.1591,1.3828,8.8587,5.0502,2.0674
798.50,9.2700,5.1083,2.1161,10.1398,-4.1579,1.4106,8.8581,5.0512,2.0952
799.00,9.2685,5.1083,2.1435,10.1402,-4.1552,1.4375,8.8567,5.0536,2.1221
799.50,9.2672,5.1084,2.1703,10.1404,-4.1539,1.4638,8.8560,5.0547,2.1484
800.00,9.2662,5.1084,2.1966,10.1405,-4.1530,1.4900,8.8555,5.0554,2.1746
800.50,9.2655,5.1084,2.2224,10.1405,-4.1523,1.5149,8.8551,5.0560,2.1995
801.00,9.2650,5.1085,2.2477,10.1405,-4.1516,1.5398,8.8547,5.0566,2.2244
801.50,9.2647,5.1085,2.2725,10.1406,-4.1515,1.5640,8.8546,5.0567,2.2486
802.00,9.2647,5.1086,2.2969,10.1406,-4.1514,1.5881,8.8545,5.0568,2.2727
802.50,9.2647,5.1084,2.3215,10.1406,-4.1515,1.6126,8.8546,5.0566,2.2972
803.00,9.2648,5.1082,2.3468,10.1406,-4.1518,1.6378,8.8548,5.0564,2.3224
803.50,9.2649,5.1082,2.3725,10.1406,-4.1519,1.6630,8.8549,5.0564,2.3476
804.00,9.2652,5.1083,2.3976,10.1406,-4.1525,1.6884,8.8553,5.0559,2.3730
804.50,9.2654,5.1083,2.4221,10.1407,-4.1530,1.7127,8.8556,5.0556,2.3973
805.00,9.2654,5.1082,2.4466,10.1407,-4.1529,1.7367,8.8556,5.0557,2.4213
805.50,9.2655,5.1079,2.4715,10.1407,-4.1530,1.7613,8.8557,5.0556,2.4459
806.00,9.2655,5.1074,2.4969,10.1409,-4.1539,1.7867,8.8564,5.0550,2.4713
806.50,9.2656,5.1065,2.5229,10.1410,-4.1545,1.8121,8.8569,5.0547,2.4967
807.00,9.2656,5.1055,2.5493,10.1413,-4.1557,1.8383,8.8579,5.0539,2.5229
807.50,9.2656,5.1042,2.5763,10.1417,-4.1570,1.8644,8.8590,5.0531,2.5490
808.00,9.2657,5.1026,2.6038,10.1423,-4.1589,1.8916,8.8607,5.0520,2.5762
808.50,9.2657,5.1007,2.6319,10.1429,-4.1604,1.9185,8.8620,5.0512,2.6031
809.00,9.2658,5.0986,2.6605,10.1438,-4.1629,1.9467,8.8643,5.0499,2.6313
809.50,9.2658,5.0962,2.6897,10.1444,-4.1644,1.9757,8.8658,5.0491,2.6603
810.00,9.2658,5.0936,2.7195,10.1455,-4.1669,2.0055,8.8681,5.0479,2.6901
810.50,9.2659,5.0907,2.7499,10.1468,-4.1695,2.0353,8.8708,5.0467,2.7199
811.00,9.2659,5.0875,2.7810,10.1482,-4.1722,2.0665,8.8736,5.0455,2.7511
811.50,9.2659,5.0840,2.8127,10.1502,-4.1757,2.0975,8.8774,5.0440,2.7821
812.00,9.2659,5.0803,2.8452,10.1520,-4.1788,2.1295,8.8807,5.0428,2.8141
812.50,9.2660,5.0763,2.8783,10.1549,-4.1833,2.1627,8.8858,5.0412,2.8473
813.00,9.2660,5.0720,2.9123,10.1574,-4.1868,2.1964,8.8899,5.0400,2.8810
813.50,9.2660,5.0674,2.9470,10.1598,-4.1900,2.2312,8.8939,5.0390,2.9158
814.00,9.2660,5.0626,2.9826,10.1624,-4.1932,2.2658,8.8979,5.0382,2.9504
814.50,9.2660,5.0589,3.0135,10.1651,-4.1964,2.2962,8.9020,5.0374,2.9808
815.00,9.2660,5.0535,3.0520,10.1690,-4.2006,2.3329,8.9077,5.0366,3.0175
815.50,9.2661,5.0460,3.1035,10.1748,-4.2064,2.3848,8.9159,5.0358,3.0694
816.00,9.2661,5.0381,-3.1264,10.1783,-4.2096,2.4372,8.8408,4.9677,3.1323
816.50,9.2661,5.0304,-3.0740,10.1711,-4.2038,2.4888,8.8315,4.9676,-3.0993
817.00,9.2660,5.0236,-3.0273,10.1657,-4.1998,2.5358,8.8248,4.9671,-3.0523
817.50,9.2660,5.0184,-2.9906,10.1607,-4.1965,2.5723,8.8188,4.9665,-3.0158
818.00,9.2660,5.0136,-2.9548,10.1563,-4.1938,2.6081,8.8138,4.9658,-2.9800
818.50,9.2660,5.0089,-2.9199,10.1527,-4.1917,2.6428,8.8096,4.9650,-2.9453
819.00,9.2660,5.0046,-2.8857,10.1482,-4.1894,2.6764,8.8047,4.9640,-2.9117
819.50,9.2659,5.0005,-2.8524,10.1446,-4.1877,2.7098,8.8008,4.9630,-2.8783
820.00,9.2659,4.9967,-2.8198,10.1407,-4.1859,2.7422,8.7967,4.9618,-2.8459
820.50,9.2659,4.9932,-2.7879,10.1365,-4.1842,2.7736,8.7924,4.9604,-2.8145
821.00,9.2659,4.9899,-2.7567,10.1328,-4.1829,2.8040,8.7887,4.9591,-2.7841
821.50,9.2658,4.9870,-2.7261,10.1300,-4.1819,2.8347,8.8257,4.9087,-2.7499
822.00,9.2658,4.9843,-2.6962,10.1274,-4.1811,2.8637,8.8232,4.9076,-2.7209
822.50,9.2658,4.9818,-2.6668,10.1244,-4.1803,2.8929,8.8204,4.9063,-2.6917
823.00,9.2657,4.9797,-2.6381,10.1217,-4.1797,2.9215,8.8179,4.9051,-2.6632
823.50,9.2657,4.9778,-2.6099,10.1195,-4.1792,2.9488,8.8159,4.9040,-2.6359
824.00,9.2657,4.9761,-2.5823,10.1183,-4.1790,2.9757,8.8148,4.9034,-2.6090
824.50,9.2656,4.9747,-2.5552,10.1172,-4.1788,3.0018,8.8139,4.9028,-2.5828
825.00,9.2656,4.9736,-2.5286,10.1163,-4.1787,3.0283,8.8131,4.9023,-2.5563
825.50,9.2655,4.9727,-2.5026,10.1151,-4.1786,3.0547,8.8122,4.9017,-2.5299
826.00,9.2655,4.9721,-2.4770,10.1149,-4.1786,3.0793,8.8120,4.9015,-2.5053
826.50,9.2655,4.9717,-2.4520,10.1148,-4.1786,3.1040,8.8119,4.9015,-2.4806
827.00,9.2654,4.9716,-2.4274,10.1149,-4.1786,3.1287,8.8120,4.9015,-2.4559
827.50,9.2654,4.9717,-2.4030,10.1150,-4.1786,-3.1302,8.8120,4.9016,-2.4317
828.00,9.2657,4.9717,-2.3781,10.1155,-4.1785,-3.1054,8.8124,4.9019,-2.4068
828.50,9.2658,4.9718,-2.3525,10.1156,-4.1785,-3.0803,8.8125,4.9020,-2.3817
829.00,9.2657,4.9720,-2.3270,10.1160,-4.1785,-3.0549,8.8128,4.9023,-2.3564
829.50,9.2657,4.9723,-2.3022,10.1163,-4.1785,-3.0307,8.8130,4.9025,-2.3322
830.00,9.2656,4.9724,-2.2779,10.1162,-4.1785,-3.0067,8.8130,4.9024,-2.3081
830.50,9.2658,4.9724,-2.2532,10.1166,-4.1784,-2.9823,8.8132,4.9027,-2.2838
831.00,9.2663,4.9724,-2.2280,10.1170,-4.1784,-2.9571,8.8135,4.9031,-2.2585
831.50,9.2670,4.9725,-2.2023,10.1180,-4.1782,-2.9315,8.8141,4.9038,-2.2329
832.00,9.2679,4.9725,-2.1761,10.1188,-4.1780,-2.9060,8.8146,4.9044,-2.2074
832.50,9.2691,4.9726,-2.1494,10.1203,-4.1776,-2.8799,8.8155,4.9057,-2.1813
833.00,9.2706,4.9726,-2.1222,10.1211,-4.1774,-2.8531,8.8160,4.9064,-2.1546
833.50,9.2723,4.9726,-2.0944,10.1229,-4.1768,-2.8259,8.8170,4.9080,-2.1273
834.00,9.2743,4.9727,-2.0660,10.1249,-4.1761,-2.7976,8.8181,4.9098,-2.0991
834.50,9.2754,4.9727,-2.0516,10.1260,-4.1757,-2.7836,8.8187,4.9108,-2.0851
835.00,9.2754,4.9727,-2.0516,10.1260,-4.1757,-2.7835,8.8187,4.9108,-2.0850
835.50,9.2754,4.9727,-2.0516,10.1260,-4.1757,-2.7832,8.8187,4.9108,-2.0847
836.00,9.2738,4.9727,-2.0746,10.1253,-4.1760,-2.8065,8.8183,4.9102,-2.1079
836.50,9.2719,4.9726,-2.1027,10.1235,-4.1766,-2.8347,8.8173,4.9086,-2.1361
837.00,9.2703,4.9726,-2.1304,10.1220,-4.1770,-2.8626,8.8164,4.9073,-2.1640
837.50,9.2689,4.9726,-2.1574,10.1212,-4.1772,-2.8901,8.8160,4.9066,-2.1915
838.00,9.2678,4.9725,-2.1840,10.1203,-4.1775,-2.9174,8.8154,4.9058,-2.2188
838.50,9.2669,4.9725,-2.2100,10.1191,-4.1777,-2.9434,8.8147,4.9049,-2.2449
839.00,9.2663,4.9724,-2.2356,10.1187,-4.1778,-2.9693,8.8144,4.9046,-2.2708
839.50,9.2659,4.9724,-2.2606,10.1187,-4.1778,-2.9953,8.8144,4.9046,-2.2967
840.00,9.2658,4.9723,-2.2852,10.1186,-4.1778,-3.0200,8.8143,4.9044,-2.3214
840.50,9.2658,4.9722,-2.3096,10.1185,-4.1778,-3.0445,8.8143,4.9044,-2.3459
841.00,9.2659,4.9719,-2.3346,10.1179,-4.1779,-3.0695,8.8139,4.9040,-2.3709
841.50,9.2659,4.9717,-2.3602,10.1177,-4.1779,-3.0953,8.8137,4.9039,-2.3967
842.00,9.2658,4.9717,-2.3856,10.1175,-4.1779,-3.1217,8.8135,4.9037,-2.4232
842.50,9.2656,4.9716,-2.4104,10.1171,-4.1779,3.1361,8.8132,4.9034,-2.4485
843.00,9.2656,4.9716,-2.4347,10.1171,-4.1779,3.1119,8.8132,4.9034,-2.4727
843.50,9.2656,4.9718,-2.4594,10.1173,-4.1779,3.0868,8.8134,4.9036,-2.4978
844.00,9.2657,4.9723,-2.4846,10.1174,-4.1779,3.0617,8.8135,4.9036,-2.5230
844.50,9.2657,4.9730,-2.5103,10.1180,-4.1780,3.0360,8.8140,4.9040,-2.5486
845.00,9.2657,4.9739,-2.5365,10.1191,-4.1781,3.0097,8.8149,4.9046,-2.5750
845.50,9.2658,4.9751,-2.5632,10.1205,-4.1783,2.9825,8.8161,4.9053,-2.6021
846.00,9.2658,4.9766,-2.5905,10.1221,-4.1786,2.9551,8.8175,4.9062,-2.6295
846.50,9.2659,4.9783,-2.6183,10.1238,-4.1789,2.9270,8.8191,4.9070,-2.6576
847.00,9.2659,4.9803,-2.6466,10.1255,-4.1793,2.8981,8.8206,4.9078,-2.6865
847.50,9.2659,4.9825,-2.6755,10.1275,-4.1799,2.8688,8.8225,4.9087,-2.7158
848.00,9.2660,4.9850,-2.7051,10.1298,-4.1805,2.8389,8.8247,4.9096,-2.7458
848.50,9.2660,4.9878,-2.7352,10.1321,-4.1813,2.8088,8.8269,4.9105,-2.7759
849.00,9.2660,4.9909,-2.7659,10.1363,-4.1828,2.7777,8.8311,4.9120,-2.8069
849.50,9.2661,4.9942,-2.7974,10.1394,-4.1840,2.7451,8.8342,4.9131,-2.8396
850.00,9.2661,4.9978,-2.8295,10.1431,-4.1856,2.7126,8.8381,4.9142,-2.8720
850.50,9.2661,5.0017,-2.8623,10.1462,-4.1872,2.6797,8.8415,4.9151,-2.9049
851.00,9.2661,5.0058,-2.8958,10.1502,-4.1892,2.6459,8.8459,4.9161,-2.9388
851.50,9.2662,5.0103,-2.9302,10.1539,-4.1913,2.6114,8.8500,4.9169,-2.9732
852.00,9.2662,5.0150,-2.9654,10.1580,-4.1938,2.5759,8.8548,4.9176,-3.0087
852.50,9.2662,5.0199,-3.0015,10.1620,-4.1964,2.5392,8.8595,4.9181,-3.0454
853.00,9.2662,5.0252,-3.0385,10.1658,-4.1992,2.5019,8.8642,4.9185,-3.0827
853.50,9.2662,5.0322,-3.0880,10.1721,-4.2041,2.4526,8.8722,4.9188,-3.1321
854.00,9.2662,5.0401,-3.1409,10.1799,-4.2108,2.3995,8.8425,4.9437,3.1225
854.50,9.2662,5.0479,3.0894,10.1762,-4.2073,2.3464,8.8374,4.9439,3.0694
855.00,9.2662,5.0550,3.0407,10.1711,-4.2018,2.2981,8.8299,4.9447,3.0211
855.50,9.2662,5.0603,3.0036,10.1680,-4.1982,2.2606,8.8252,4.9453,2.9836
856.00,9.2662,5.0629,2.9781,10.1664,-4.1962,2.2364,8.8227,4.9457,2.9594
856.50,9.2662,5.0677,2.9426,10.1633,-4.1921,2.2015,8.8176,4.9468,2.9245
857.00,9.2661,5.0723,2.9080,10.1602,-4.1877,2.1667,8.8124,4.9480,2.8897
857.50,9.2661,5.0765,2.8741,10.1578,-4.1842,2.1329,8.8083,4.9491,2.8559
858.00,9.2661,5.0805,2.8410,10.1565,-4.1820,2.0997,8.8059,4.9499,2.8227
858.50,9.2661,5.0842,2.8087,10.1543,-4.1780,2.0672,8.8015,4.9514,2.7902
859.00,9.2660,5.0876,2.7770,10.1530,-4.1755,2.0350,8.7989,4.9524,2.7579
859.50,9.2660,5.0908,2.7460,10.1515,-4.1724,2.0038,8.7957,4.9537,2.7268
860.00,9.2660,5.0936,2.7157,10.1501,-4.1693,1.9731,8.7926,4.9552,2.6961
860.50,9.2659,5.0963,2.6860,10.1491,-4.1669,1.9434,8.7903,4.9563,2.6664
861.00,9.2659,5.0986,2.6568,10.1482,-4.1646,1.9142,8.8281,5.0075,2.6372
861.50,9.2659,5.1007,2.6283,10.1474,-4.1621,1.8855,8.8259,5.0088,2.6085
862.00,9.2658,5.1025,2.6003,10.1468,-4.1601,1.8578,8.8241,5.0098,2.5808
862.50,9.2658,5.1040,2.5728,10.1465,-4.1591,1.8297,8.8232,5.0104,2.5527
863.00,9.2658,5.1053,2.5459,10.1461,-4.1574,1.8030,8.8218,5.0114,2.5260
863.50,9.2657,5.1064,2.5196,10.1458,-4.1562,1.7770,8.8208,5.0121,2.5000
864.00,9.2657,5.1071,2.4937,10.1457,-4.1555,1.7504,8.8202,5.0125,2.4734
864.50,9.2656,5.1077,2.4683,10.1456,-4.1553,1.7253,8.8200,5.0127,2.4483
865.00,9.2656,5.1080,2.4434,10.1456,-4.1550,1.7003,8.8198,5.0129,2.4233
865.50,9.2656,5.1080,2.4190,10.1456,-4.1550,1.6751,8.8198,5.0129,2.3981
866.00,9.2653,5.1080,2.3945,10.1456,-4.1548,1.6497,8.8196,5.0131,2.3727
866.50,9.2650,5.1079,2.3693,10.1456,-4.1547,1.6236,8.8196,5.0131,2.3466
867.00,9.2649,5.1079,2.3436,10.1456,-4.1547,1.5979,8.8196,5.0131,2.3209
867.50,9.2649,5.1081,2.3184,10.1456,-4.1545,1.5726,8.8195,5.0132,2.2955
868.00,9.2648,5.1083,2.2938,10.1456,-4.1543,1.5480,8.8193,5.0134,2.2709
868.50,9.2649,5.1082,2.2694,10.1456,-4.1543,1.5229,8.8193,5.0134,2.2459
869.00,9.2652,5.1082,2.2445,10.1456,-4.1545,1.4976,8.8195,5.0132,2.2206
869.50,9.2657,5.1081,2.2192,10.1455,-4.1554,1.4721,8.8200,5.0125,2.1950
870.00,9.2665,5.1081,2.1933,10.1454,-4.1561,1.4461,8.8204,5.0119,2.1691
870.50,9.2675,5.1081,2.1669,10.1452,-4.1573,1.4191,8.8211,5.0109,2.1421
871.00,9.2688,5.1080,2.1400,10.1450,-4.1588,1.3920,8.8219,5.0096,2.1150
871.50,9.2703,5.1080,2.1126,10.1448,-4.1598,1.3642,8.8224,5.0087,2.0872
872.00,9.2722,5.1079,2.0846,10.1444,-4.1614,1.3362,8.8231,5.0074,2.0592
872.50,9.2742,5.1079,2.0561,10.1440,-4.1630,1.3073,8.8239,5.0058,2.0302
873.00,9.2766,5.1079,2.0270,10.1434,-4.1652,1.2778,8.8249,5.0038,2.0008
873.50,9.2792,5.1078,1.9973,10.1427,-4.1675,1.2480,8.8259,5.0016,1.9709
874.00,9.2820,5.1078,1.9669,10.1417,-4.1702,1.2181,8.8270,4.9989,1.9411
874.50,9.2852,5.1078,1.9359,10.1405,-4.1732,1.1872,8.8281,4.9959,1.9102
875.00,9.2886,5.1078,1.9043,10.1389,-4.1772,1.1552,8.8295,4.9918,1.8782
875.50,9.2923,5.1077,1.8720,10.1373,-4.1805,1.1222,8.8305,4.9883,1.8452
876.00,9.2946,5.1077,1.8523,10.1359,-4.1835,1.1015,8.8314,4.9851,1.8245
876.50,9.2974,5.1077,1.8256,10.1346,-4.1860,1.0749,8.8320,4.9824,1.7979
877.00,9.3030,5.1082,1.7786,10.1323,-4.1899,1.0286,8.8329,4.9780,1.7516
877.50,9.3128,5.1470,1.6150,10.1541,-4.1593,0.8723,8.8291,5.0153,1.5953
878.00,9.3332,5.2486,1.4164,10.2298,-4.0885,0.6715,8.8872,5.1509,1.3917
878.50,9.3546,5.3553,1.4052,10.3231,-4.0173,0.6604,8.9317,5.2735,1.3799
879.00,9.3656,5.4014,1.4527,10.3594,-3.9882,0.7068,8.9406,5.3092,1.4298
879.50,9.3679,5.4034,1.5027,10.3619,-3.9861,0.7571,8.9418,5.3123,1.4836
880.00,9.3618,5.4034,1.5550,10.3568,-3.9912,0.8087,8.9414,5.3052,1.5352
880.50,9.3538,5.4034,1.6084,10.3593,-3.9883,0.8622,8.9413,5.3089,1.5887
881.00,9.3463,5.4034,1.6598,10.3645,-3.9820,0.9140,8.9409,5.3171,1.6405
881.50,9.3392,5.4034,1.7095,10.3684,-3.9766,0.9641,8.9403,5.3238,1.6906
882.00,9.3396,5.3920,1.7191,10.3646,-3.9821,0.9739,8.9412,5.3171,1.7004
882.50,9.3425,5.3722,1.7191,10.3537,-3.9983,0.9735,8.9437,5.2978,1.7000
883.00,9.3455,5.3524,1.7191,10.3428,-4.0142,0.9734,8.9462,5.2786,1.6999
883.50,9.3484,5.3326,1.7191,10.3317,-4.0305,0.9731,8.9487,5.2591,1.6996
884.00,9.3514,5.3129,1.7191,10.3202,-4.0474,0.9728,8.9206,5.2287,1.6957
884.50,9.3543,5.2931,1.7191,10.3099,-4.0625,0.9727,8.9228,5.2106,1.6957
885.00,9.3573,5.2733,1.7191,10.2969,-4.0816,0.9720,8.9257,5.1877,1.6950
885.50,9.3602,5.2535,1.7191,10.2863,-4.0972,0.9718,8.9280,5.1690,1.6948
886.00,9.3632,5.2337,1.7191,10.2759,-4.1125,0.9712,8.9311,5.1407,1.6977
886.50,9.3662,5.2140,1.7191,10.2653,-4.1278,0.9714,8.9334,5.1222,1.6979
887.00,9.3691,5.1942,1.7191,10.2535,-4.1452,0.9708,8.9361,5.1014,1.6973
887.50,9.3721,5.1744,1.7191,10.2423,-4.1615,0.9702,8.9386,5.0818,1.6967
888.00,9.3750,5.1546,1.7191,10.2315,-4.1772,0.9703,8.9410,5.0628,1.6967
888.50,9.3772,5.1402,1.7191,10.2223,-4.1907,0.9703,8.9438,5.0467,1.7003
889.00,9.3772,5.1402,1.7191,10.2223,-4.1907,0.9694,8.9438,5.0467,1.6994
889.50,9.3772,5.1402,1.7191,10.2223,-4.1907,0.9694,8.9438,5.0467,1.6994
890.00,9.3772,5.1402,1.7191,10.2223,-4.1907,0.9694,8.9438,5.0467,1.6994
890.50,9.3772,5.1402,1.7191,10.2223,-4.1907,0.9698,8.9438,5.0467,1.6998
891.00,9.3772,5.1402,1.7191,10.2223,-4.1907,0.9695,8.9438,5.0467,1.6995
891.50,9.3729,5.1403,1.8127,10.2246,-4.1870,1.0638,8.9430,5.0510,1.7938
892.00,9.3598,5.1404,2.0170,10.2303,-4.1734,1.2700,8.9382,5.0650,2.0000
892.50,9.3494,5.1406,2.1802,10.2324,-4.1644,1.4358,8.9338,5.0731,2.1658
893.00,9.3472,5.1408,2.2923,10.2326,-4.1626,1.5470,8.9327,5.0745,2.2770
893.50,9.3473,5.1406,2.3298,10.2326,-4.1631,1.5829,8.9330,5.0742,2.3128
894.00,9.3473,5.1406,2.3298,10.2326,-4.1631,1.5826,8.9330,5.0742,2.3126
894.50,9.3473,5.1406,2.3298,10.2326,-4.1631,1.5824,8.9330,5.0742,2.3124
895.00,9.3563,5.1311,2.3298,10.2327,-4.1762,1.5821,8.9418,5.0645,2.3121
895.50,9.3666,5.1202,2.3298,10.2329,-4.1931,1.5819,8.9533,5.0520,2.3118
896.00,9.3796,5.1065,2.3298,10.2331,-4.2101,1.5814,8.9647,5.0395,2.3114
896.50,9.3934,5.0920,2.3298,10.2334,-4.2322,1.5814,8.9797,5.0232,2.3113
897.00,9.4072,5.0775,2.3298,10.2336,-4.2525,1.5817,8.9728,4.9877,2.3082
897.50,9.4209,5.0629,2.3298,10.2338,-4.2753,1.5815,8.9881,4.9708,2.3080
898.00,9.4347,5.0484,2.3298,10.2341,-4.2965,1.5818,9.0024,4.9551,2.3083
898.50,9.4485,5.0339,2.3298,10.2343,-4.3182,1.5824,9.0170,4.9390,2.3089
899.00,9.4622,5.0194,2.3298,10.2346,-4.3407,1.5823,9.0315,4.9219,2.3053
899.50,9.4760,5.0049,2.3298,10.2348,-4.3591,1.5820,9.0439,4.9082,2.3050
900.00,9.4897,4.9904,2.3298,10.2350,-4.3771,1.5822,9.0559,4.8948,2.3052
900.50,9.5035,4.9759,2.3298,10.2352,-4.3991,1.5822,9.0707,4.8785,2.3052
901.00,9.5173,4.9614,2.3298,10.2354,-4.4190,1.5816,9.0840,4.8638,2.3046
901.50,9.5190,4.9595,2.3298,10.2355,-4.4209,1.5815,9.0858,4.8628,2.3080
902.00,9.5190,4.9595,2.3298,10.2355,-4.4209,1.5808,9.0858,4.8628,2.3073
902.50,9.5190,4.9595,2.3298,10.2355,-4.4209,1.5808,9.0858,4.8628,2.3072
903.00,9.5190,4.9595,2.3298,10.2355,-4.4209,1.5808,9.0858,4.8628,2.3073
903.50,9.5190,4.9595,2.3298,10.2355,-4.4209,1.5813,9.0858,4.8628,2.3078
904.00,9.5190,4.9595,2.3298,10.2355,-4.4209,1.5813,9.0858,4.8628,2.3078
904.50,9.5190,4.9595,2.3298,10.2355,-4.4209,1.5811,9.0858,4.8628,2.3075
905.00,9.5190,4.9595,2.3298,10.2355,-4.4209,1.5811,9.0858,4.8628,2.3076
905.50,9.5190,4.9595,2.3298,10.2355,-4.4209,1.5807,9.0858,4.8628,2.3072
906.00,9.5191,4.9594,2.3571,10.2355,-4.4210,1.6072,9.0858,4.8628,2.3337
906.50,9.5194,4.9595,2.3910,10.2355,-4.4214,1.6409,9.0861,4.8625,2.3674
907.00,9.5196,4.9596,2.4237,10.2355,-4.4218,1.6735,9.0865,4.8622,2.4000
907.50,9.5197,4.9594,2.4565,10.2355,-4.4219,1.7055,9.0865,4.8621,2.4320
908.00,9.5198,4.9588,2.4901,10.2356,-4.4221,1.7393,9.0867,4.8620,2.4658
908.50,9.5198,4.9577,2.5246,10.2358,-4.4232,1.7740,9.0876,4.8613,2.5005
909.00,9.5199,4.9562,2.5600,10.2360,-4.4241,1.8089,9.0883,4.8608,2.5354
909.50,9.5199,4.9543,2.5964,10.2366,-4.4264,1.8451,9.0903,4.8594,2.5715
910.00,9.5200,4.9518,2.6337,10.2376,-4.4296,1.8822,9.0932,4.8577,2.6087
910.50,9.5200,4.9489,2.6721,10.2386,-4.4327,1.9203,9.0960,4.8561,2.6467
911.00,9.5201,4.9456,2.7115,10.2399,-4.4360,1.9596,9.0991,4.8545,2.6861
911.50,9.5201,4.9417,2.7520,10.2413,-4.4393,2.0000,9.1024,4.8529,2.7265
912.00,9.5201,4.9374,2.7936,10.2432,-4.4433,2.0414,9.1065,4.8512,2.7679
912.50,9.5202,4.9326,2.8364,10.2455,-4.4475,2.0837,9.1109,4.8496,2.8102
913.00,9.5202,4.9273,2.8806,10.2486,-4.4527,2.1276,9.1167,4.8477,2.8541
913.50,9.5202,4.9215,2.9261,10.2518,-4.4576,2.1730,9.1224,4.8462,2.8994
914.00,9.5203,4.9152,2.9731,10.2559,-4.4634,2.2199,9.0895,4.8254,2.9499
914.50,9.5203,4.9084,3.0216,10.2602,-4.4688,2.2688,9.0963,4.8242,2.9988
915.00,9.5203,4.9012,3.0719,10.2654,-4.4747,2.3192,9.1041,4.8232,3.0492
915.50,9.5203,4.8934,3.1242,10.2705,-4.4799,2.3714,9.1114,4.8228,3.1013
916.00,9.5203,4.8855,-3.1057,10.2699,-4.4794,2.4245,9.1106,4.8227,-3.1287
916.50,9.5203,4.8779,-3.0541,10.2637,-4.4743,2.4765,9.1025,4.8224,-3.0767
917.00,9.5203,4.8708,-3.0044,10.2580,-4.4701,2.5261,9.0955,4.8217,-3.0271
917.50,9.5203,4.8642,-2.9564,10.2518,-4.4659,2.5739,9.0881,4.8207,-2.9793
918.00,9.5202,4.8581,-2.9100,10.2462,-4.4625,2.6201,9.0816,4.8195,-2.9331
918.50,9.5202,4.8525,-2.8650,10.2415,-4.4600,2.6650,9.0765,4.8183,-2.8882
919.00,9.5202,4.8474,-2.8213,10.2382,-4.4583,2.7080,9.0729,4.8173,-2.8453
919.50,9.5201,4.8427,-2.7789,10.2332,-4.4562,2.7497,9.0677,4.8156,-2.8035
920.00,9.5201,4.8385,-2.7376,10.2297,-4.4548,2.7909,9.0643,4.8143,-2.7624
920.50,9.5200,4.8348,-2.6975,10.2266,-4.4537,2.8310,9.0612,4.8130,-2.7222
921.00,9.5200,4.8316,-2.6585,10.2245,-4.4531,2.8697,9.0592,4.8121,-2.6835
921.50,9.5199,4.8289,-2.6205,10.2217,-4.4524,2.9071,9.0566,4.8107,-2.6461
922.00,9.5199,4.8267,-2.5835,10.2202,-4.4521,2.9437,9.0553,4.8100,-2.6095
922.50,9.5198,4.8249,-2.5475,10.2185,-4.4517,2.9796,9.0538,4.8091,-2.5736
923.00,9.5198,4.8235,-2.5124,10.2172,-4.4515,3.0143,9.0527,4.8083,-2.5389
923.50,9.5197,4.8226,-2.4782,10.2159,-4.4514,3.0483,9.0516,4.8076,-2.5049
924.00,9.5197,4.8222,-2.4449,10.2152,-4.4513,3.0818,9.0511,4.8072,-2.4715
924.50,9.5196,4.8221,-2.4124,10.2151,-4.4513,3.1144,9.0510,4.8071,-2.4388
925.00,9.5199,4.8222,-2.3792,10.2157,-4.4513,-3.1356,9.0515,4.8075,-2.4056
925.50,9.5200,4.8223,-2.3451,10.2159,-4.4513,-3.1018,9.0516,4.8076,-2.3718
926.00,9.5199,4.8226,-2.3164,10.2163,-4.4513,-3.0733,9.0519,4.8079,-2.3433
926.50,9.5199,4.8228,-2.2838,10.2163,-4.4513,-3.0408,9.0519,4.8080,-2.3108
927.00,9.5201,4.8229,-2.2509,10.2165,-4.4513,-3.0084,9.0521,4.8081,-2.2784
927.50,9.5208,4.8229,-2.2171,10.2172,-4.4512,-2.9750,9.0525,4.8086,-2.2450
928.00,9.5219,4.8230,-2.1825,10.2182,-4.4510,-2.9408,9.0531,4.8094,-2.2108
928.50,9.5235,4.8230,-2.1469,10.2203,-4.4505,-2.9049,9.0544,4.8112,-2.1749
929.00,9.5255,4.8231,-2.1104,10.2231,-4.4498,-2.8687,9.0559,4.8135,-2.1388
929.50,9.5280,4.8231,-2.0729,10.2254,-4.4491,-2.8315,9.0572,4.8156,-2.1015
930.00,9.5310,4.8232,-2.0345,10.2278,-4.4483,-2.7927,9.0585,4.8179,-2.0628
930.50,9.5344,4.8232,-1.9949,10.2316,-4.4468,-2.7527,9.0603,4.8215,-2.0228
931.00,9.5383,4.8233,-1.9542,10.2356,-4.4451,-2.7123,9.0622,4.8255,-1.9823
931.50,9.5427,4.8233,-1.9124,10.2394,-4.4433,-2.6709,9.0637,4.8293,-1.9409
932.00,9.5476,4.8233,-1.8694,10.2435,-4.4411,-2.6279,9.0653,4.8336,-1.8979
932.50,9.5524,4.8150,-1.8021,10.2406,-4.4430,-2.5653,9.0644,4.8303,-1.8353
933.00,9.5636,4.7514,-1.6235,10.1887,-4.4843,-2.3894,9.0534,4.7649,-1.6595
933.50,9.5683,4.6306,-1.5864,10.1020,-4.5709,-2.3536,9.1235,4.5328,-1.6062
934.00,9.5607,4.5010,-1.7135,10.0008,-4.6615,-2.4855,9.1123,4.4076,-1.7346
934.50,9.5434,4.3730,-1.7668,9.8931,-4.7393,-2.5393,9.0865,4.2772,-1.7849
935.00,9.5217,4.2451,-1.7201,9.7918,-4.8120,-2.4897,9.0721,4.1549,-1.7371
935.50,9.5010,4.1166,-1.7413,9.6859,-4.8920,-2.5128,9.0498,4.0241,-1.7619
936.00,9.4791,3.9885,-1.7441,9.5821,-4.9682,-2.5119,9.0259,3.8976,-1.7610
936.50,9.4499,3.8612,-1.8137,9.4732,-5.0422,-2.5829,8.9965,3.7680,-1.8292
937.00,9.4153,3.7355,-1.8347,9.3554,-5.1138,-2.6011,8.9547,3.6362,-1.8473
937.50,9.3753,3.6108,-1.8910,9.2357,-5.1815,-2.6578,8.9150,3.5149,-1.9083
938.00,9.3324,3.4878,-1.9020,9.1187,-5.2421,-2.6677,8.8706,3.4009,-1.9168
938.50,9.2844,3.3658,-1.9602,8.9980,-5.3004,-2.7265,8.8220,3.2759,-1.9756
939.00,9.2289,3.2468,-2.0049,8.8748,-5.3510,-2.7719,8.7619,3.1550,-2.0210
939.50,9.1665,3.1304,-2.0621,8.7477,-5.3960,-2.8316,8.6997,3.0456,-2.0793
940.00,9.1029,3.0164,-2.0771,8.6195,-5.4358,-2.8447,8.6300,2.9292,-2.0903
940.50,9.0371,2.9034,-2.1006,8.4899,-5.4740,-2.8681,8.5632,2.8183,-2.1155
941.00,8.9712,2.7913,-2.0881,8.3592,-5.5103,-2.8552,8.4927,2.7041,-2.1025
941.50,8.9094,2.6776,-2.0698,8.2337,-5.5487,-2.8371,8.4265,2.5982,-2.0844
942.00,8.8482,2.5632,-2.0604,8.1103,-5.5881,-2.8260,8.3646,2.4850,-2.0769
942.50,8.7835,2.4493,-2.0939,7.9874,-5.6265,-2.8594,8.3015,2.3738,-2.1085
943.00,8.7155,2.3377,-2.1066,7.8573,-5.6620,-2.8730,8.2214,2.2591,-2.1238
943.50,8.6526,2.2247,-2.0791,7.7327,-5.6988,-2.8451,8.1552,2.1473,-2.0977
944.00,8.5862,2.1121,-2.1273,7.6022,-5.7363,-2.8941,8.0904,2.0311,-2.1450
944.50,8.5119,2.0040,-2.1852,7.4716,-5.7650,-2.9507,8.0144,1.9246,-2.2016
945.00,8.4363,1.8981,-2.1760,7.3432,-5.7891,-2.9434,7.9324,1.8237,-2.1942
945.50,8.3671,1.7891,-2.1240,7.2149,-5.8189,-2.8920,7.8618,1.7153,-2.1411
946.00,8.2985,1.6786,-2.1285,7.0827,-5.8524,-2.8970,7.7924,1.6009,-2.1434
946.50,8.2266,1.5693,-2.1599,6.9565,-5.8818,-2.9298,7.7206,1.4976,-2.1763
947.00,8.1525,1.4619,-2.1816,6.8211,-5.9096,-2.9513,7.6450,1.3867,-2.1978
947.50,8.0763,1.3561,-2.1991,6.6916,-5.9333,-2.9687,7.5744,1.2886,-2.2143
948.00,7.9994,1.2512,-2.1965,6.5602,-5.9559,-2.9661,7.4991,1.1821,-2.2099
948.50,7.9260,1.1446,-2.1655,6.4301,-5.9813,-2.9358,7.4174,1.0743,-2.1814
949.00,7.8531,1.0368,-2.1758,6.3001,-6.0082,-2.9480,7.3466,0.9656,-2.1904
949.50,7.7755,0.9316,-2.2160,6.1668,-6.0313,-2.9877,7.2512,0.8673,-2.2298
950.00,7.6978,0.8275,-2.2078,6.0342,-6.0522,-2.9817,7.1760,0.7608,-2.2238
950.50,7.6212,0.7225,-2.2066,5.8995,-6.0748,-2.9804,7.0994,0.6516,-2.2225
951.00,7.5412,0.6194,-2.2543,5.7674,-6.0937,-3.0274,7.0231,0.5570,-2.2678
951.50,7.4550,0.5218,-2.3390,5.6340,-6.1033,-3.1127,6.9284,0.4581,-2.3531
952.00,7.3632,0.4297,-2.3540,5.5037,-6.1051,-3.1268,6.8391,0.3672,-2.3666
952.50,7.2743,0.3353,-2.2941,5.3757,-6.1109,-3.0671,6.7516,0.2730,-2.3087
953.00,7.1900,0.2365,-2.2644,5.2418,-6.1230,-3.0378,6.6604,0.1707,-2.2767
953.50,7.1057,0.1375,-2.2918,5.1079,-6.1353,-3.0677,6.5767,0.0726,-2.3036
954.00,7.0184,0.0410,-2.3139,4.9717,-6.1434,-3.0897,6.4840,-0.0248,-2.3251
954.50,6.9329,-0.0566,-2.2560,4.8368,-6.1539,-3.0315,6.4018,-0.1206,-2.2687
955.00,6.8520,-0.1582,-2.2429,4.7036,-6.1700,-3.0181,6.3141,-0.2219,-2.2543
955.50,6.7691,-0.2587,-2.2768,4.5698,-6.1843,-3.0529,6.2338,-0.3184,-2.2883
956.00,6.6832,-0.3563,-2.3070,4.4375,-6.1941,-3.0832,6.1486,-0.4167,-2.3195
956.50,6.5963,-0.4530,-2.2985,4.3004,-6.2029,-3.0719,6.0604,-0.5132,-2.3091
957.00,6.5096,-0.5499,-2.3051,4.1647,-6.2121,-3.0784,5.9698,-0.6090,-2.3173
957.50,6.4226,-0.6465,-2.3017,4.0333,-6.2205,-3.0755,5.8897,-0.6995,-2.3134
958.00,6.3360,-0.7434,-2.3044,3.8979,-6.2295,-3.0788,5.7966,-0.7997,-2.3166
958.50,6.2499,-0.8407,-2.2707,3.7650,-6.2391,-3.0462,5.7125,-0.8984,-2.2840
959.00,6.1681,-0.9414,-2.2436,3.6334,-6.2536,-3.0210,5.6319,-0.9983,-2.2575
959.50,6.0868,-1.0430,-2.2500,3.5028,-6.2691,-3.0280,5.5484,-1.0992,-2.2623
960.00,6.0040,-1.1433,-2.2688,3.3728,-6.2826,-3.0471,5.4646,-1.1964,-2.2813
960.50,5.9208,-1.2431,-2.2449,3.2404,-6.2955,-3.0233,5.3751,-1.2974,-2.2564
961.00,5.8425,-1.3464,-2.2113,3.1047,-6.3144,-2.9907,5.2986,-1.3978,-2.2249
961.50,5.7749,-1.4371,-2.1989,2.9918,-6.3315,-2.9800,5.2298,-1.4883,-2.2125
962.00,5.7466,-1.4761,-2.1639,2.9434,-6.3400,-2.9453,5.2048,-1.5235,-2.1760
962.50,5.7464,-1.4777,-2.1278,2.9426,-6.3401,-2.9098,5.2043,-1.5241,-2.1406
963.00,5.7487,-1.4776,-2.0908,2.9456,-6.3393,-2.8730,5.2059,-1.5214,-2.1038
963.50,5.7514,-1.4776,-2.0528,2.9481,-6.3386,-2.8356,5.2071,-1.5192,-2.0664
964.00,5.7546,-1.4775,-2.0138,2.9513,-6.3375,-2.7971,5.2087,-1.5162,-2.0278
964.50,5.7583,-1.4775,-1.9736,2.9545,-6.3362,-2.7571,5.2102,-1.5130,-1.9879
965.00,5.7625,-1.4774,-1.9324,2.9587,-6.3344,-2.7156,5.2119,-1.5088,-1.9464
965.50,5.7672,-1.4774,-1.8899,2.9628,-6.3325,-2.6732,5.2135,-1.5046,-1.9040
966.00,5.7723,-1.4774,-1.8462,2.9675,-6.3299,-2.6293,5.2151,-1.4994,-1.8601
966.50,5.7780,-1.4773,-1.8012,2.9732,-6.3266,-2.5846,5.2169,-1.4931,-1.8154
967.00,5.7841,-1.4773,-1.7547,2.9785,-6.3231,-2.5386,5.2182,-1.4869,-1.7694
967.50,5.7907,-1.4773,-1.7067,2.9845,-6.3188,-2.4910,5.2195,-1.4796,-1.7218
968.00,5.7978,-1.4773,-1.6569,2.9904,-6.3141,-2.4418,5.2484,-1.5120,-1.6691
968.50,5.8054,-1.4773,-1.6053,2.9969,-6.3083,-2.3898,5.2490,-1.5033,-1.6171
969.00,5.8133,-1.4773,-1.5519,2.9993,-6.3060,-2.3365,5.2491,-1.5000,-1.5638
969.50,5.8210,-1.4773,-1.4998,2.9938,-6.3121,-2.2850,5.2495,-1.5082,-1.5123
970.00,5.8283,-1.4773,-1.4495,2.9898,-6.3169,-2.2351,5.2500,-1.5144,-1.4624
970.50,5.8350,-1.4773,-1.4010,2.9850,-6.3234,-2.1859,5.2510,-1.5224,-1.4132
971.00,5.8413,-1.4773,-1.3540,2.9809,-6.3295,-2.1392,5.2524,-1.5297,-1.3665
971.50,5.8471,-1.4774,-1.3086,2.9785,-6.3335,-2.0942,5.2534,-1.5342,-1.3215
972.00,5.8524,-1.4774,-1.2645,2.9760,-6.3381,-2.0501,5.2548,-1.5392,-1.2774
972.50,5.8573,-1.4779,-1.2205,2.9739,-6.3422,-2.0075,5.2562,-1.5436,-1.2348
973.00,5.8687,-1.5134,-1.0923,2.9597,-6.3781,-1.8855,5.2712,-1.5793,-1.1128
973.50,5.9146,-1.6009,-0.9902,2.9347,-6.4740,-1.7856,5.3796,-1.6456,-1.0059
974.00,5.9870,-1.7090,-0.9748,2.9077,-6.6021,-1.7719,5.4445,-1.7555,-0.9870
974.50,6.0615,-1.8160,-0.9587,2.8821,-6.7337,-1.7549,5.5229,-1.8666,-0.9717
975.00,6.1336,-1.9236,-0.9965,2.8545,-6.8685,-1.7944,5.5947,-1.9771,-1.0112
975.50,6.2043,-2.0328,-0.9918,2.8262,-6.9940,-1.7877,5.6632,-2.0849,-1.0062
976.00,6.2785,-2.1405,-0.9583,2.7987,-7.1282,-1.7549,5.7382,-2.1996,-0.9735
976.50,6.3553,-2.2459,-0.9366,2.7762,-7.2575,-1.7344,5.8117,-2.3018,-0.9512
977.00,6.4309,-2.3513,-0.9673,2.7531,-7.3908,-1.7655,5.8847,-2.4125,-0.9803
977.50,6.5039,-2.4588,-0.9720,2.7258,-7.5260,-1.7681,5.9608,-2.5229,-0.9850
978.00,6.5786,-2.5656,-0.9542,2.7012,-7.6542,-1.7513,6.0275,-2.6269,-0.9695
978.50,6.6562,-2.6705,-0.9271,2.6797,-7.7834,-1.7242,6.1033,-2.7284,-0.9410
979.00,6.7334,-2.7749,-0.9564,2.6574,-7.9214,-1.7556,6.1861,-2.8421,-0.9707
979.50,6.8063,-2.8822,-0.9739,2.6307,-8.0553,-1.7707,6.2575,-2.9505,-0.9858
980.00,6.8809,-2.9891,-0.9573,2.6048,-8.1884,-1.7527,6.3316,-3.0526,-0.9695
980.50,6.9571,-3.0948,-0.9392,2.5818,-8.3192,-1.7338,6.3997,-3.1614,-0.9506
981.00,7.0358,-3.1987,-0.9152,2.5621,-8.4510,-1.7097,6.4829,-3.2686,-0.9273
981.50,7.1160,-3.3012,-0.9017,2.5451,-8.5780,-1.6966,6.5602,-3.3661,-0.9143
982.00,7.1961,-3.4035,-0.9263,2.5278,-8.7093,-1.7222,6.6459,-3.4715,-0.9399
982.50,7.2717,-3.5089,-0.9504,2.5056,-8.8390,-1.7439,6.7174,-3.5792,-0.9616
983.00,7.3496,-3.6136,-0.9188,2.4846,-8.9691,-1.7130,6.7886,-3.6863,-0.9314
983.50,7.4310,-3.7155,-0.8858,2.4686,-9.0976,-1.6806,6.8777,-3.7887,-0.8983
984.00,7.5129,-3.8164,-0.8895,2.4534,-9.2317,-1.6835,6.9513,-3.8947,-0.8977
984.50,7.5928,-3.9185,-0.9298,2.4371,-9.3586,-1.7262,7.0295,-3.9860,-0.9404
985.00,7.6647,-4.0255,-1.0159,2.4115,-9.4888,-1.8143,7.1030,-4.0983,-1.0263
985.50,7.7275,-4.1385,-1.1014,2.3767,-9.6094,-1.8977,7.1641,-4.2161,-1.1119
986.00,7.7814,-4.2587,-1.2875,2.3241,-9.7298,-2.0842,7.2120,-4.3384,-1.2949
986.50,7.8265,-4.3864,-1.5071,2.2456,-9.8402,-2.3018,7.2447,-4.4619,-1.5125
987.00,7.8475,-4.5162,-1.6641,2.1479,-9.9340,-2.4599,7.2707,-4.5972,-1.6741
987.50,7.8411,-4.6450,-1.7567,2.0415,-10.0135,-2.5516,7.2736,-4.7187,-1.7658
988.00,7.8233,-4.7703,-1.9254,1.9227,-10.0798,-2.7232,7.2439,-4.8495,-1.9317
988.50,7.7836,-4.8889,-2.0764,1.8066,-10.1226,-2.8747,7.2052,-4.9623,-2.0889
989.00,7.7196,-4.9972,-2.2369,1.6786,-10.1474,-3.0334,7.1424,-5.0705,-2.2476
989.50,7.6327,-5.0939,-2.3887,1.5446,-10.1523,3.0977,7.0614,-5.1690,-2.3997
990.00,7.5318,-5.1776,-2.5374,1.4079,-10.1365,2.9500,6.9634,-5.2545,-2.5404
990.50,7.4195,-5.2519,-2.6975,1.2767,-10.1001,2.7901,6.8458,-5.3229,-2.7073
991.00,7.2990,-5.3129,-2.8233,1.1507,-10.0454,2.6650,6.7281,-5.3738,-2.8311
991.50,7.2061,-5.3473,-2.8919,1.0587,-9.9933,2.5988,6.6263,-5.4124,-2.8986
992.00,7.1729,-5.3589,-2.9363,1.0293,-9.9749,2.5572,6.6006,-5.4202,-2.9402
992.50,7.1352,-5.3577,-3.0576,1.0010,-9.9538,2.4399,6.5676,-5.4253,-3.0575
993.00,7.0343,-5.3554,-3.1104,0.9238,-9.8843,2.3921,6.4639,-5.4315,-3.1123
993.50,6.9043,-5.3539,3.0896,0.8307,-9.7911,2.3088,6.3321,-5.4209,3.0848
994.00,6.7753,-5.3435,2.9382,0.7474,-9.6868,2.1565,6.1997,-5.4048,2.9318
994.50,6.6512,-5.3234,2.7429,0.6864,-9.5731,1.9604,6.0865,-5.3762,2.7357
995.00,6.5367,-5.2766,2.5518,0.6512,-9.4569,1.7677,5.9701,-5.3277,2.5465
995.50,6.4347,-5.1992,2.3910,0.6360,-9.3290,1.6076,5.8594,-5.2574,2.3864
996.00,6.3461,-5.1033,2.2391,0.6409,-9.1899,1.4569,5.7652,-5.1649,2.2358
996.50,6.2687,-4.9952,2.0733,0.6684,-9.0555,1.2892,5.6922,-5.0499,2.0681
997.00,6.2029,-4.8773,1.9308,0.7155,-8.9265,1.1466,5.6331,-4.9351,1.9261
997.50,6.1517,-4.7535,1.8105,0.7765,-8.8076,1.0258,5.5850,-4.8156,1.8075
998.00,6.1094,-4.6253,1.6315,0.8583,-8.6949,0.8466,5.5518,-4.6800,1.6289
998.50,6.0879,-4.4956,1.4566,0.9574,-8.6016,0.6723,5.5460,-4.5440,1.4477
999.00,6.1007,-4.3667,1.4550,1.0628,-8.5198,0.6723,5.5237,-4.4317,1.4512
999.50,6.1097,-4.2371,1.5600,1.1627,-8.4337,0.7760,5.5346,-4.3003,1.5548
1000.00,6.1096,-4.1078,1.7418,1.2501,-8.3290,0.9605,5.5228,-4.1643,1.7323
1000.50,6.0892,-3.9801,1.7497,1.3241,-8.2196,0.9667,5.5095,-4.0344,1.7456
1001.00,6.0720,-3.8512,1.6360,1.4056,-8.1151,0.8516,5.5045,-3.9027,1.6361
1001.50,6.0652,-3.7214,1.6033,1.4946,-8.0157,0.8202,5.4968,-3.7795,1.5956
1002.00,6.0642,-3.5914,1.5874,1.5849,-7.9210,0.8062,5.4955,-3.6487,1.5885
1002.50,6.0612,-3.4614,1.5832,1.6799,-7.8215,0.8009,5.4925,-3.5111,1.5797
1003.00,6.0615,-3.3314,1.5761,1.7729,-7.7268,0.7955,5.4924,-3.3884,1.5779
1003.50,6.0577,-3.2014,1.5828,1.8612,-7.6351,0.8015,5.4901,-3.2610,1.5803
1004.00,6.0579,-3.0714,1.5762,1.9519,-7.5430,0.7959,5.4901,-3.1218,1.5782
1004.50,6.0517,-2.9415,1.6021,2.0427,-7.4469,0.8240,5.4867,-2.9896,1.6029
1005.00,6.0518,-2.8115,1.5687,2.1352,-7.3515,0.7888,5.4855,-2.8668,1.5677
1005.50,6.0471,-2.6815,1.6068,2.2263,-7.2564,0.8285,5.4837,-2.7350,1.6073
1006.00,6.0467,-2.5515,1.5682,2.3186,-7.1593,0.7862,5.4810,-2.6011,1.5650
1006.50,6.0454,-2.4215,1.6037,2.4101,-7.0658,0.8223,5.4803,-2.4703,1.6011
1007.00,6.0349,-2.2922,1.7279,2.4908,-6.9665,0.9505,5.4582,-2.3530,1.7329
1007.50,6.0135,-2.1641,1.7469,2.5674,-6.8566,0.9695,5.4448,-2.2111,1.7490
1008.00,5.9955,-2.0355,1.6674,2.6434,-6.7535,0.8849,5.4266,-2.0842,1.6673
1008.50,5.9831,-1.9060,1.6805,2.7286,-6.6505,0.8980,5.4064,-1.9511,1.6804
1009.00,5.9631,-1.7773,1.7345,2.8094,-6.5431,0.9529,5.3960,-1.8261,1.7352
1009.50,5.9361,-1.6497,1.7756,2.8844,-6.4309,0.9943,5.3682,-1.6955,1.7766
1010.00,5.9092,-1.5223,1.7837,2.9585,-6.3177,1.0011,5.3529,-1.5630,1.7834
1010.50,5.8739,-1.3964,1.8517,3.0249,-6.2052,1.0700,5.3207,-1.4464,1.8524
1011.00,5.8389,-1.2713,1.8212,3.0898,-6.0881,1.0365,5.2741,-1.3177,1.8188
1011.50,5.8058,-1.1455,1.8573,3.1568,-5.9735,1.0740,5.2485,-1.1973,1.8570
1012.00,5.7637,-1.0238,2.0125,3.2079,-5.8599,1.2326,5.1966,-1.0726,2.0149
1012.50,5.7092,-0.9111,2.1797,3.2425,-5.7298,1.3995,5.1372,-0.9560,2.1784
1013.00,5.6320,-0.8158,2.3752,3.2529,-5.6050,1.5953,5.0692,-0.8597,2.3776
1013.50,5.5333,-0.7362,2.5607,3.2379,-5.4759,1.7798,4.9655,-0.7869,2.5593
1014.00,5.4245,-0.6648,2.7922,3.1964,-5.3483,2.0107,4.8581,-0.7174,2.7895
1014.50,5.3048,-0.6033,3.0688,3.1215,-5.2326,2.2859,4.7336,-0.6775,3.0683
1015.00,5.1752,-0.5788,-3.0174,3.0231,-5.1419,2.4836,4.6099,-0.6525,-3.0173
1015.50,5.0467,-0.5931,-2.9710,2.9165,-5.0639,2.5277,4.4775,-0.6437,-2.9675
1016.00,4.9180,-0.6108,-3.0714,2.8143,-4.9863,2.4261,4.3522,-0.6594,-3.0678
1016.50,4.7883,-0.6197,3.0120,2.7238,-4.8887,2.2250,4.2273,-0.6629,3.0143
1017.00,4.6619,-0.6048,3.0069,2.6423,-4.7792,2.2196,4.0840,-0.6541,3.0026
1017.50,4.5364,-0.5933,-3.0999,2.5601,-4.6865,2.3961,3.9803,-0.6482,-3.1012
1018.00,4.4072,-0.5961,-3.0036,2.4517,-4.5975,2.4910,3.8390,-0.6519,-3.0029
1018.50,4.2780,-0.6098,-3.0958,2.3486,-4.5140,2.3976,3.7189,-0.6661,-3.0928
1019.00,4.1484,-0.6148,2.9869,2.2615,-4.4146,2.1934,3.5771,-0.6584,2.9862
1019.50,4.0329,-0.5992,2.9554,2.1977,-4.3203,2.1609,3.4750,-0.6478,2.9537
1020.00,3.9151,-0.5849,3.0759,2.1247,-4.2240,2.2832,3.3452,-0.6422,3.0760
1020.50,3.7852,-0.5800,3.1127,2.0341,-4.1239,2.3168,3.2142,-0.6361,3.1159
1021.00,3.6553,-0.5793,3.1266,1.9447,-4.0284,2.3313,3.0896,-0.6335,3.1304
1021.50,3.5253,-0.5790,3.1338,1.8485,-3.9281,2.3375,2.9525,-0.6325,3.1373
1022.00,3.3953,-0.5780,3.1235,1.7536,-3.8294,2.3232,2.8236,-0.6314,3.1265
1022.50,3.2653,-0.5782,3.1394,1.6652,-3.7364,2.3409,2.7054,-0.6305,-3.1390
1023.00,3.1353,-0.5789,-3.1415,1.5718,-3.6405,2.3439,2.5715,-0.6411,-3.1360
1023.50,3.0053,-0.5743,3.1071,1.4762,-3.5383,2.3087,2.4397,-0.6389,3.1120
1024.00,2.8754,-0.5711,3.1140,1.3869,-3.4405,2.3165,2.3091,-0.6353,3.1197
1024.50,2.7454,-0.5713,-3.1406,1.2984,-3.3469,2.3479,2.1884,-0.6340,-3.1320
1025.00,2.6154,-0.5687,3.1279,1.2042,-3.2494,2.3310,2.0529,-0.6340,3.1343
1025.50,2.4854,-0.5670,3.1287,1.1067,-3.1469,2.3322,1.9233,-0.6330,3.1355
1026.00,2.3555,-0.5661,3.1321,1.0207,-3.0569,2.3356,1.8088,-0.6325,3.1389
1026.50,2.2255,-0.5653,3.1340,0.9229,-2.9553,2.3375,1.6678,-0.6323,3.1407
1027.00,2.0955,-0.5645,3.1348,0.8335,-2.8625,2.3379,1.5690,-0.6322,3.1411
1027.50,1.9655,-0.5637,3.1354,0.7403,-2.7658,2.3384,1.4447,-0.6322,-3.1416
1028.00,1.8355,-0.5629,3.1355,0.6482,-2.6705,2.3387,1.3932,-0.5860,3.1310
1028.50,1.7055,-0.5653,-3.0761,0.5541,-2.5769,2.4111,1.2322,-0.5767,-3.0841
1029.00,1.5772,-0.5767,-2.9146,0.4488,-2.4977,2.5740,1.0933,-0.5953,-2.9205
1029.50,1.4626,-0.6026,-2.9284,0.3490,-2.4348,2.5599,0.9730,-0.6093,-2.9331
1030.00,1.3478,-0.6219,-3.1287,0.2546,-2.3607,2.3598,0.8465,-0.6242,-3.1368
1030.50,1.2188,-0.6287,2.9619,0.1701,-2.2557,2.1648,0.7136,-0.6123,2.9514
1031.00,1.0991,-0.6089,2.9586,0.1029,-2.1535,2.1610,0.6057,-0.6158,2.9476
1031.50,0.9766,-0.5938,-3.1401,0.0276,-2.0573,2.3440,0.4906,-0.6011,3.1324
1032.00,0.8475,-0.5906,-2.9607,-0.0710,-1.9750,2.5244,0.3530,-0.6098,-2.9699
1032.50,0.7290,-0.6107,-2.9693,-0.1707,-1.9056,2.5135,0.2462,-0.6190,-2.9776
1033.00,0.6086,-0.6251,3.1172,-0.2633,-1.8259,2.3140,0.1503,-0.6229,3.1084
1033.50,0.4798,-0.6267,2.9440,-0.3407,-1.7224,2.1396,0.0242,-0.6134,2.9324
1034.00,0.3752,-0.6075,2.9556,-0.3998,-1.6283,2.1498,-0.1100,-0.6018,2.9447
1034.50,0.2616,-0.5962,3.0878,-0.4691,-1.5374,2.2840,-0.2223,-0.5939,3.0782
1035.00,0.1316,-0.5946,3.1275,-0.5574,-1.4396,2.3230,-0.3351,-0.5933,3.1202
1035.50,0.0016,-0.5929,3.1226,-0.6503,-1.3407,2.3171,-0.4787,-0.5925,3.1148
1036.00,-0.1283,-0.5917,3.1310,-0.7378,-1.2465,2.3257,-0.6029,-0.5880,3.1234
1036.50,-0.2583,-0.5928,3.1404,-0.8307,-1.1491,2.3367,-0.7311,-0.5901,3.1358
1037.00,-0.3883,-0.5909,3.1326,-0.9219,-1.0530,2.3278,-0.8684,-0.5890,3.1257
1037.50,-0.5183,-0.5911,3.1394,-1.0218,-0.9480,2.3354,-1.0088,-0.5873,3.1331
1038.00,-0.6483,-0.5921,-3.1366,-1.1148,-0.8516,2.3418,-1.1252,-0.5851,3.1396
1038.50,-0.7783,-0.5942,-3.1305,-1.2048,-0.7597,2.3479,-1.2532,-0.5855,-3.1376
1039.00,-0.9083,-0.5952,-3.1328,-1.2966,-0.6662,2.3455,-1.3834,-0.5857,-3.1388
1039.50,-1.0383,-0.5961,-3.1337,-1.3875,-0.5732,2.3436,-1.5012,-0.5860,3.1413
1040.00,-1.1683,-0.5973,-3.1328,-1.4768,-0.4816,2.3442,-1.6274,-0.5859,-3.1401
1040.50,-1.2983,-0.5973,3.1405,-1.5725,-0.3832,2.3347,-1.7670,-0.5893,3.1336
1041.00,-1.4283,-0.5963,3.1373,-1.6622,-0.2890,2.3318,-1.8990,-0.5881,3.1295
1041.50,-1.5583,-0.5980,-3.1325,-1.7586,-0.1886,2.3439,-2.0217,-0.5842,-3.1404
1042.00,-1.6883,-0.6009,-3.1257,-1.8513,-0.0945,2.3509,-2.1560,-0.5880,-3.1323
1042.50,-1.8183,-0.5999,3.1396,-1.9483,0.0051,2.3325,-2.2884,-0.5885,3.1326
1043.00,-1.9483,-0.5996,3.1405,-2.0395,0.1009,2.3327,-2.4148,-0.5873,3.1316
1043.50,-2.0783,-0.6008,-3.1365,-2.1316,0.1968,2.3386,-2.5378,-0.5863,3.1410
1044.00,-2.2083,-0.6015,-3.1366,-2.2233,0.2918,2.3386,-2.6690,-0.5864,3.1410
1044.50,-2.3383,-0.6029,-3.1298,-2.3097,0.3811,2.3458,-2.7788,-0.5863,-3.1338
1045.00,-2.4683,-0.6029,-3.1373,-2.4043,0.4785,2.3376,-2.9234,-0.5867,3.1411
1045.50,-2.5983,-0.6031,-3.1368,-2.4970,0.5750,2.3363,-3.0530,-0.5804,3.1386
1046.00,-2.7282,-0.6065,-3.1202,-2.5885,0.6675,2.3553,-3.1825,-0.5847,-3.1256
1046.50,-2.8582,-0.6066,-3.1330,-2.6808,0.7612,2.3421,-3.3076,-0.5861,-3.1379
1047.00,-2.9882,-0.6069,-3.1357,-2.7727,0.8561,2.3386,-3.4332,-0.5860,3.1415
1047.50,-3.1182,-0.6080,-3.1331,-2.8615,0.9481,2.3396,-3.5601,-0.5830,-3.1407
1048.00,-3.2482,-0.6113,-3.1229,-2.9575,1.0459,2.3502,-3.6957,-0.5840,-3.1291
1048.50,-3.3782,-0.6126,-3.1288,-3.0448,1.1346,2.3444,-3.8051,-0.5848,-3.1335
1049.00,-3.5082,-0.6137,-3.1313,-3.1340,1.2263,2.3418,-3.9318,-0.5851,-3.1362
1049.50,-3.6382,-0.6148,-3.1322,-3.2284,1.3235,2.3405,-4.0515,-0.5855,-3.1386
1050.00,-3.7682,-0.6158,-3.1353,-3.3181,1.4163,2.3354,-4.1737,-0.5915,-3.1401
1050.50,-3.8982,-0.6126,3.1270,-3.4081,1.5123,2.3125,-4.3055,-0.5901,3.1201
1051.00,-4.0282,-0.6129,-3.1295,-3.4970,1.6078,2.3399,-4.4492,-0.5828,-3.1345
1051.50,-4.1581,-0.6162,-3.1229,-3.5905,1.7030,2.3468,-4.5773,-0.5846,-3.1264
1052.00,-4.2881,-0.6162,-3.1339,-3.6832,1.7985,2.3358,-4.7136,-0.5859,-3.1375
1052.50,-4.4181,-0.6164,-3.1375,-3.7738,1.8933,2.3318,-4.8291,-0.5860,-3.1414
1053.00,-4.5481,-0.6171,-3.1364,-3.8660,1.9900,2.3324,-4.9523,-0.5859,3.1411
1053.50,-4.6781,-0.6182,-3.1345,-3.9610,2.0894,2.3342,-5.0694,-0.5852,-3.1396
1054.00,-4.8081,-0.6196,-3.1327,-4.0498,2.1820,2.3368,-5.1943,-0.5853,-3.1364
1054.50,-4.9381,-0.6204,-3.1345,-4.1399,2.2758,2.3351,-5.3156,-0.5869,-3.1406
1055.00,-5.0681,-0.6215,-3.1324,-4.2334,2.3733,2.3361,-5.4450,-0.5873,-3.1398
1055.50,-5.1980,-0.6287,-3.0650,-4.3290,2.4685,2.4008,-5.5806,-0.5858,-3.0745
1056.00,-5.3264,-0.6449,-2.9053,-4.4291,2.5472,2.5585,-5.7036,-0.6113,-2.9158
1056.50,-5.4493,-0.6702,-2.7111,-4.5421,2.6080,2.7519,-5.8286,-0.6463,-2.7194
1057.00,-5.5552,-0.7195,-2.4908,-4.6555,2.6407,2.9727,-5.9284,-0.6912,-2.4974
1057.50,-5.6287,-0.7866,-2.2750,-4.7534,2.6477,-3.0933,-6.0091,-0.7469,-2.2818
1058.00,-5.6861,-0.8731,-2.0439,-4.8544,2.6323,-2.8651,-6.0679,-0.8307,-2.0531
1058.50,-5.7344,-0.9871,-1.7872,-4.9683,2.5834,-2.6100,-6.1057,-0.9469,-1.7959
1059.00,-5.7693,-1.1159,-1.6294,-5.0767,2.5063,-2.4533,-6.1361,-1.0782,-1.6356
1059.50,-5.7787,-1.2440,-1.6550,-5.1785,2.4224,-2.4785,-6.1575,-1.2074,-1.6599
1060.00,-5.7938,-1.3657,-1.8369,-5.2840,2.3530,-2.6648,-6.1822,-1.3254,-1.8448
1060.50,-5.8257,-1.4892,-1.9127,-5.3997,2.3001,-2.7399,-6.2160,-1.4452,-1.9204
1061.00,-5.8710,-1.6114,-1.9231,-5.5154,2.2519,-2.7523,-6.2543,-1.5626,-1.9328
1061.50,-5.9107,-1.7348,-1.8467,-5.6396,2.1958,-2.6750,-6.3024,-1.6991,-1.8529
1062.00,-5.9463,-1.8600,-1.8656,-5.7570,2.1367,-2.6968,-6.3315,-1.8218,-1.8734
1062.50,-5.9906,-1.9833,-1.9183,-5.8745,2.0843,-2.7488,-6.3731,-1.9436,-1.9254
1063.00,-6.0429,-2.1044,-1.9673,-5.9953,2.0378,-2.7994,-6.4255,-2.0591,-1.9751
1063.50,-6.0910,-2.2248,-1.9170,-6.1211,1.9911,-2.7485,-6.4859,-2.1832,-1.9234
1064.00,-6.1302,-2.3496,-1.8078,-6.2350,1.9353,-2.6391,-6.5149,-2.3046,-1.8154
1064.50,-6.1633,-2.4756,-1.8567,-6.3516,1.8730,-2.6901,-6.5558,-2.4325,-1.8632
1065.00,-6.2048,-2.5985,-1.9494,-6.4698,1.8223,-2.7827,-6.5985,-2.5538,-1.9541
1065.50,-6.2542,-2.7185,-1.9689,-6.5833,1.7816,-2.8015,-6.6476,-2.6649,-1.9746
1066.00,-6.3073,-2.8380,-1.9933,-6.7030,1.7404,-2.8263,-6.6983,-2.7910,-1.9994
1066.50,-6.3622,-2.9560,-1.9967,-6.8305,1.7001,-2.8306,-6.7598,-2.9119,-2.0037
1067.00,-6.4165,-3.0744,-2.0077,-6.9565,1.6598,-2.8437,-6.8118,-3.0317,-2.0142
1067.50,-6.4714,-3.1921,-1.9952,-7.0838,1.6209,-2.8312,-6.8716,-3.1498,-2.0017
1068.00,-6.5262,-3.3104,-2.0176,-7.2108,1.5809,-2.8561,-6.9256,-3.2704,-2.0249
1068.50,-6.5886,-3.4262,-2.0662,-7.3353,1.5478,-2.9045,-6.9830,-3.3793,-2.0715
1069.00,-6.6554,-3.5393,-2.1053,-7.4720,1.5176,-2.9442,-7.0527,-3.5008,-2.1112
1069.50,-6.7218,-3.6510,-2.0873,-7.5993,1.4922,-2.9253,-7.1227,-3.6019,-2.0932
1070.00,-6.7826,-3.7653,-2.0630,-7.7275,1.4614,-2.9018,-7.1799,-3.7204,-2.0697
1070.50,-6.8492,-3.8783,-2.1225,-7.8553,1.4338,-2.9625,-7.2458,-3.8333,-2.1287
1071.00,-6.9159,-3.9774,-2.1674,-7.9767,1.4149,-3.0068,-7.3185,-3.9359,-2.1721
1071.50,-6.9651,-4.0497,-2.1645,-8.0673,1.4027,-3.0030,-7.3683,-4.0059,-2.1691
1072.00,-7.0027,-4.1046,-2.1740,-8.1339,1.3936,-3.0130,-7.4038,-4.0567,-2.1800
1072.50,-7.0310,-4.1446,-2.1858,-8.1835,1.3874,-3.0245,-7.4326,-4.0975,-2.1915
1073.00,-7.0475,-4.1674,-2.1922,-8.2111,1.3843,-3.0301,-7.4489,-4.1200,-2.1971
1073.50,-7.0587,-4.1828,-2.1971,-8.2287,1.3823,-3.0362,-7.4593,-4.1343,-2.2032
1074.00,-7.0605,-4.1853,-2.1971,-8.2321,1.3820,-3.0359,-7.4613,-4.1371,-2.2029
1074.50,-7.0605,-4.1853,-2.1971,-8.2321,1.3820,-3.0363,-7.4613,-4.1371,-2.2033
1075.00,-7.0605,-4.1853,-2.1971,-8.2321,1.3820,-3.0360,-7.4613,-4.1371,-2.2030
1075.50,-7.0605,-4.1853,-2.1971,-8.2321,1.3820,-3.0358,-7.4613,-4.1371,-2.2028
1076.00,-7.0605,-4.1853,-2.1971,-8.2321,1.3820,-3.0363,-7.4613,-4.1371,-2.2033
1076.50,-7.0605,-4.1853,-2.1971,-8.2321,1.3820,-3.0362,-7.4613,-4.1371,-2.2032
1077.00,-7.0605,-4.1853,-2.1971,-8.2321,1.3820,-3.0362,-7.4613,-4.1371,-2.2032
1077.50,-7.0605,-4.1853,-2.1971,-8.2321,1.3820,-3.0360,-7.4613,-4.1371,-2.2030
1078.00,-7.0605,-4.1853,-2.1971,-8.2321,1.3820,-3.0367,-7.4613,-4.1371,-2.2037
1078.50,-7.0605,-4.1853,-2.1971,-8.2321,1.3820,-3.0370,-7.4613,-4.1371,-2.2040
1079.00,-7.0605,-4.1853,-2.1971,-8.2321,1.3820,-3.0373,-7.4613,-4.1371,-2.2043
1079.50,-7.0605,-4.1853,-2.1971,-8.2321,1.3820,-3.0376,-7.4613,-4.1371,-2.2046
1080.00,-7.0605,-4.1853,-2.1971,-8.2321,1.3820,-3.0374,-7.4613,-4.1371,-2.2044
1080.50,-7.0605,-4.1853,-2.1971,-8.2321,1.3820,-3.0371,-7.4613,-4.1371,-2.2041
1081.00,-7.0605,-4.1853,-2.1971,-8.2321,1.3820,-3.0377,-7.4613,-4.1371,-2.2047
1081.50,-7.0605,-4.1853,-2.1971,-8.2321,1.3820,-3.0385,-7.4613,-4.1371,-2.2055
1082.00,-7.0605,-4.1853,-2.1971,-8.2321,1.3820,-3.0385,-7.4613,-4.1371,-2.2056
1082.50,-7.0605,-4.1853,-2.1971,-8.2321,1.3820,-3.0388,-7.4613,-4.1371,-2.2058
1083.00,-7.0605,-4.1853,-2.1971,-8.2321,1.3820,-3.0396,-7.4613,-4.1371,-2.2066
1083.50,-7.0605,-4.1853,-2.1971,-8.2321,1.3820,-3.0402,-7.4613,-4.1371,-2.2072
1084.00,-7.0605,-4.1853,-2.1971,-8.2321,1.3820,-3.0399,-7.4613,-4.1371,-2.2069
1084.50,-7.0605,-4.1853,-2.1971,-8.2321,1.3820,-3.0406,-7.4613,-4.1371,-2.2076
1085.00,-7.0605,-4.1853,-2.1971,-8.2321,1.3820,-3.0407,-7.4613,-4.1371,-2.2078
1085.50,-7.0605,-4.1853,-2.1971,-8.2321,1.3820,-3.0412,-7.4613,-4.1371,-2.2082
1086.00,-7.0605,-4.1853,-2.1971,-8.2321,1.3820,-3.0412,-7.4613,-4.1371,-2.2082
1086.50,-7.0605,-4.1853,-2.1971,-8.2321,1.3820,-3.0412,-7.4613,-4.1371,-2.2082
1087.00,-7.0605,-4.1853,-2.1971,-8.2321,1.3820,-3.0414,-7.4613,-4.1371,-2.2084
1087.50,-7.0605,-4.1853,-2.1971,-8.2321,1.3820,-3.0414,-7.4613,-4.1371,-2.2084
1088.00,-7.0605,-4.1853,-2.1971,-8.2321,1.3820,-3.0421,-7.4613,-4.1371,-2.2091
1088.50,-7.0605,-4.1853,-2.1971,-8.2321,1.3820,-3.0422,-7.4613,-4.1371,-2.2092
1089.00,-7.0605,-4.1853,-2.1971,-8.2321,1.3820,-3.0425,-7.4613,-4.1371,-2.2095
1089.50,-7.0605,-4.1853,-2.1971,-8.2321,1.3820,-3.0425,-7.4613,-4.1371,-2.2095
1090.00,-7.0605,-4.1853,-2.1971,-8.2321,1.3820,-3.0434,-7.4613,-4.1371,-2.2104
1090.50,-7.0605,-4.1853,-2.1971,-8.2321,1.3820,-3.0436,-7.4613,-4.1371,-2.2106
1091.00,-7.0605,-4.1853,-2.1971,-8.2321,1.3820,-3.0439,-7.4613,-4.1371,-2.2109
1091.50,-7.0605,-4.1853,-2.1971,-8.2321,1.3820,-3.0441,-7.4613,-4.1371,-2.2111
1092.00,-7.0605,-4.1853,-2.1971,-8.2321,1.3820,-3.0445,-7.4613,-4.1371,-2.2115
1092.50,-7.0605,-4.1853,-2.1971,-8.2321,1.3820,-3.0448,-7.4613,-4.1371,-2.2118
1093.00,-7.0605,-4.1853,-2.1971,-8.2321,1.3820,-3.0454,-7.4613,-4.1371,-2.2124
1093.50,-7.0605,-4.1853,-2.1971,-8.2321,1.3820,-3.0451,-7.4613,-4.1371,-2.2121
1094.00,-7.0605,-4.1853,-2.1971,-8.2321,1.3820,-3.0457,-7.4613,-4.1371,-2.2127
1094.50,-7.0605,-4.1853,-2.1971,-8.2321,1.3820,-3.0458,-7.4613,-4.1371,-2.2129
1095.00,-7.0605,-4.1853,-2.1971,-8.2321,1.3820,-3.0467,-7.4613,-4.1371,-2.2137
1095.50,-7.0605,-4.1853,-2.1971,-8.2321,1.3820,-3.0473,-7.4613,-4.1371,-2.2143
1096.00,-7.0605,-4.1853,-2.1971,-8.2321,1.3820,-3.0476,-7.4613,-4.1371,-2.2147
1096.50,-7.0605,-4.1853,-2.1971,-8.2321,1.3820,-3.0476,-7.4613,-4.1371,-2.2146
1097.00,-7.0605,-4.1853,-2.1971,-8.2321,1.3820,-3.0477,-7.4613,-4.1371,-2.2147
1097.50,-7.0605,-4.1853,-2.1971,-8.2321,1.3820,-3.0478,-7.4613,-4.1371,-2.2148
1098.00,-7.0605,-4.1853,-2.1971,-8.2321,1.3820,-3.0485,-7.4613,-4.1371,-2.2155
1098.50,-7.0605,-4.1853,-2.1971,-8.2321,1.3820,-3.0483,-7.4613,-4.1371,-2.2153
1099.00,-7.0605,-4.1853,-2.1971,-8.2321,1.3820,-3.0490,-7.4613,-4.1371,-2.2160
1099.50,-7.0605,-4.1853,-2.1971,-8.2321,1.3820,-3.0495,-7.4613,-4.1371,-2.2165
1100.00,-7.0605,-4.1853,-2.1971,-8.2321,1.3820,-3.0495,-7.4613,-4.1371,-2.2165
1100.50,-7.0605,-4.1853,-2.1971,-8.2321,1.3820,-3.0499,-7.4613,-4.1371,-2.2169
1101.00,-7.0605,-4.1853,-2.1971,-8.2321,1.3820,-3.0504,-7.4613,-4.1371,-2.2174
1101.50,-7.0605,-4.1853,-2.1971,-8.2321,1.3820,-3.0501,-7.4613,-4.1371,-2.2171
1102.00,-7.0605,-4.1853,-2.1971,-8.2321,1.3820,-3.0508,-7.4613,-4.1371,-2.2178
1102.50,-7.0605,-4.1853,-2.1971,-8.2321,1.3820,-3.0512,-7.4613,-4.1371,-2.2182
1103.00,-7.0605,-4.1853,-2.1971,-8.2321,1.3820,-3.0508,-7.4613,-4.1371,-2.2178
1103.50,-7.0605,-4.1853,-2.1971,-8.2321,1.3820,-3.0513,-7.4613,-4.1371,-2.2183
1104.00,-7.0605,-4.1853,-2.1971,-8.2321,1.3820,-3.0517,-7.4613,-4.1371,-2.2187
1104.50,-7.0605,-4.1853,-2.1971,-8.2321,1.3820,-3.0519,-7.4613,-4.1371,-2.2189
1105.00,-7.0605,-4.1853,-2.1971,-8.2321,1.3820,-3.0520,-7.4613,-4.1371,-2.2190
1105.50,-7.0605,-4.1853,-2.1971,-8.2321,1.3820,-3.0520,-7.4613,-4.1371,-2.2191
1106.00,-7.0605,-4.1853,-2.1971,-8.2321,1.3820,-3.0517,-7.4613,-4.1371,-2.2187
1106.50,-7.0605,-4.1853,-2.1971,-8.2321,1.3820,-3.0521,-7.4613,-4.1371,-2.2192
1107.00,-7.0605,-4.1853,-2.1971,-8.2321,1.3820,-3.0520,-7.4613,-4.1371,-2.2190
1107.50,-7.0605,-4.1853,-2.1971,-8.2321,1.3820,-3.0527,-7.4613,-4.1371,-2.2197
1108.00,-7.0605,-4.1853,-2.1971,-8.2321,1.3820,-3.0528,-7.4613,-4.1371,-2.2198
1108.50,-7.0605,-4.1853,-2.1971,-8.2321,1.3820,-3.0528,-7.4613,-4.1371,-2.2199
1109.00,-7.0605,-4.1853,-2.1971,-8.2321,1.3820,-3.0531,-7.4613,-4.1371,-2.2202
1109.50,-7.0605,-4.1853,-2.1971,-8.2321,1.3820,-3.0532,-7.4613,-4.1371,-2.2202
1110.00,-7.0605,-4.1853,-2.1971,-8.2321,1.3820,-3.0536,-7.4613,-4.1371,-2.2206
1110.50,-7.0605,-4.1853,-2.1971,-8.2321,1.3820,-3.0543,-7.4613,-4.1371,-2.2213
1111.00,-7.0605,-4.1853,-2.1971,-8.2321,1.3820,-3.0547,-7.4613,-4.1371,-2.2217
1111.50,-7.0605,-4.1853,-2.1971,-8.2321,1.3820,-3.0548,-7.4613,-4.1371,-2.2218
1112.00,-7.0605,-4.1853,-2.1971,-8.2321,1.3820,-3.0551,-7.4613,-4.1371,-2.2221
1112.50,-7.0605,-4.1853,-2.1971,-8.2321,1.3820,-3.0559,-7.4613,-4.1371,-2.2230
1113.00,-7.0605,-4.1853,-2.1971,-8.2321,1.3820,-3.0562,-7.4613,-4.1371,-2.2233
1113.50,-7.0605,-4.1853,-2.1971,-8.2321,1.3820,-3.0566,-7.4613,-4.1371,-2.2236
1114.00,-7.0605,-4.1853,-2.1971,-8.2321,1.3820,-3.0565,-7.4613,-4.1371,-2.2235
1114.50,-7.0605,-4.1853,-2.1971,-8.2321,1.3820,-3.0566,-7.4613,-4.1371,-2.2236
1115.00,-7.0605,-4.1853,-2.1971,-8.2321,1.3820,-3.0567,-7.4613,-4.1371,-2.2237
1115.50,-7.0605,-4.1853,-2.1971,-8.2321,1.3820,-3.0573,-7.4613,-4.1371,-2.2243
1116.00,-7.0605,-4.1853,-2.1971,-8.2321,1.3820,-3.0569,-7.4613,-4.1371,-2.2239
1116.50,-7.0605,-4.1853,-2.1971,-8.2321,1.3820,-3.0571,-7.4613,-4.1371,-2.2242
1117.00,-7.0605,-4.1853,-2.1971,-8.2321,1.3820,-3.0567,-7.4613,-4.1371,-2.2237
1117.50,-7.0605,-4.1853,-2.1971,-8.2321,1.3820,-3.0568,-7.4613,-4.1371,-2.2238
1118.00,-7.0605,-4.1853,-2.1971,-8.2321,1.3820,-3.0570,-7.4613,-4.1371,-2.2240
1118.50,-7.0605,-4.1853,-2.1971,-8.2321,1.3820,-3.0576,-7.4613,-4.1371,-2.2246
1119.00,-7.0605,-4.1853,-2.1971,-8.2321,1.3820,-3.0576,-7.4613,-4.1371,-2.2246
1119.50,-7.0605,-4.1853,-2.1971,-8.2321,1.3820,-3.0577,-7.4613,-4.1371,-2.2247
1120.00,-7.0605,-4.1853,-2.1971,-8.2321,1.3820,-3.0577,-7.4613,-4.1371,-2.2247
1120.50,-7.0605,-4.1853,-2.1971,-8.2321,1.3820,-3.0577,-7.4613,-4.1371,-2.2247
1121.00,-7.0605,-4.1853,-2.1971,-8.2321,1.3820,-3.0575,-7.4613,-4.1371,-2.2245
1121.50,-7.0605,-4.1853,-2.1971,-8.2321,1.3820,-3.0579,-7.4613,-4.1371,-2.2249
1122.00,-7.0605,-4.1853,-2.1971,-8.2321,1.3820,-3.0582,-7.4613,-4.1371,-2.2252
1122.50,-7.0605,-4.1853,-2.1971,-8.2321,1.3820,-3.0586,-7.4613,-4.1371,-2.2256
1123.00,-7.0605,-4.1853,-2.1971,-8.2321,1.3820,-3.0583,-7.4613,-4.1371,-2.2253
1123.50,-7.0605,-4.1853,-2.1971,-8.2321,1.3820,-3.0586,-7.4613,-4.1371,-2.2256
1124.00,-7.0605,-4.1853,-2.1971,-8.2321,1.3820,-3.0583,-7.4613,-4.1371,-2.2253
1124.50,-7.0605,-4.1853,-2.1971,-8.2321,1.3820,-3.0581,-7.4613,-4.1371,-2.2251
1125.00,-7.0605,-4.1853,-2.1971,-8.2321,1.3820,-3.0580,-7.4613,-4.1371,-2.2250
1125.50,-7.0605,-4.1853,-2.1971,-8.2321,1.3820,-3.0587,-7.4613,-4.1371,-2.2257
1126.00,-7.0605,-4.1853,-2.1971,-8.2321,1.3820,-3.0584,-7.4613,-4.1371,-2.2254
1126.50,-7.0605,-4.1853,-2.1971,-8.2321,1.3820,-3.0587,-7.4613,-4.1371,-2.2257
1127.00,-7.0605,-4.1853,-2.1971,-8.2321,1.3820,-3.0586,-7.4613,-4.1371,-2.2256
1127.50,-7.0605,-4.1853,-2.1971,-8.2321,1.3820,-3.0586,-7.4613,-4.1371,-2.2256
1128.00,-7.0605,-4.1853,-2.1971,-8.2321,1.3820,-3.0588,-7.4613,-4.1371,-2.2258
1128.50,-7.0605,-4.1853,-2.1971,-8.2321,1.3820,-3.0591,-7.4613,-4.1371,-2.2261
1129.00,-7.0605,-4.1853,-2.1971,-8.2321,1.3820,-3.0602,-7.4613,-4.1371,-2.2272
1129.50,-7.0605,-4.1853,-2.1971,-8.2321,1.3820,-3.0603,-7.4613,-4.1371,-2.2273
1130.00,-7.0605,-4.1853,-2.1971,-8.2321,1.3820,-3.0608,-7.4613,-4.1371,-2.2279
1130.50,-7.0605,-4.1853,-2.1971,-8.2321,1.3820,-3.0614,-7.4613,-4.1371,-2.2284
1131.00,-7.0605,-4.1853,-2.1971,-8.2321,1.3820,-3.0614,-7.4613,-4.1371,-2.2284
1131.50,-7.0605,-4.1853,-2.1971,-8.2321,1.3820,-3.0616,-7.4613,-4.1371,-2.2286
1132.00,-7.0605,-4.1853,-2.1971,-8.2321,1.3820,-3.0617,-7.4613,-4.1371,-2.2287
1132.50,-7.0605,-4.1853,-2.1971,-8.2321,1.3820,-3.0622,-7.4613,-4.1371,-2.2293
1133.00,-7.0605,-4.1853,-2.1971,-8.2321,1.3820,-3.0620,-7.4613,-4.1371,-2.2290
1133.50,-7.0605,-4.1853,-2.1971,-8.2321,1.3820,-3.0620,-7.4613,-4.1371,-2.2290
1134.00,-7.0605,-4.1853,-2.1971,-8.2321,1.3820,-3.0625,-7.4613,-4.1371,-2.2295
1134.50,-7.0605,-4.1853,-2.1971,-8.2321,1.3820,-3.0621,-7.4613,-4.1371,-2.2291
1135.00,-7.0605,-4.1853,-2.1971,-8.2321,1.3820,-3.0625,-7.4613,-4.1371,-2.2296
1135.50,-7.0605,-4.1853,-2.1971,-8.2321,1.3820,-3.0625,-7.4613,-4.1371,-2.2295
1136.00,-7.0605,-4.1853,-2.1971,-8.2321,1.3820,-3.0629,-7.4613,-4.1371,-2.2299
1136.50,-7.0605,-4.1853,-2.1971,-8.2321,1.3820,-3.0630,-7.4613,-4.1371,-2.2300
1137.00,-7.0605,-4.1853,-2.1971,-8.2321,1.3820,-3.0622,-7.4613,-4.1371,-2.2292
1137.50,-7.0605,-4.1853,-2.1971,-8.2321,1.3820,-3.0626,-7.4613,-4.1371,-2.2296
1138.00,-7.0605,-4.1853,-2.1971,-8.2321,1.3820,-3.0629,-7.4613,-4.1371,-2.2299
1138.50,-7.0605,-4.1853,-2.1971,-8.2321,1.3820,-3.0628,-7.4613,-4.1371,-2.2299
1139.00,-7.0605,-4.1853,-2.1971,-8.2321,1.3820,-3.0633,-7.4613,-4.1371,-2.2303
1139.50,-7.0605,-4.1853,-2.1971,-8.2321,1.3820,-3.0636,-7.4613,-4.1371,-2.2307
1140.00,-7.0605,-4.1853,-2.1971,-8.2321,1.3820,-3.0645,-7.4613,-4.1371,-2.2315
1140.50,-7.0605,-4.1853,-2.1971,-8.2321,1.3820,-3.0645,-7.4613,-4.1371,-2.2315
1141.00,-7.0605,-4.1853,-2.1971,-8.2321,1.3820,-3.0644,-7.4613,-4.1371,-2.2314
1141.50,-7.0605,-4.1853,-2.1971,-8.2321,1.3820,-3.0652,-7.4613,-4.1371,-2.2322
1142.00,-7.0605,-4.1853,-2.1971,-8.2321,1.3820,-3.0653,-7.4613,-4.1371,-2.2323
1142.50,-7.0605,-4.1853,-2.1971,-8.2321,1.3820,-3.0656,-7.4613,-4.1371,-2.2326
1143.00,-7.0605,-4.1853,-2.1971,-8.2321,1.3820,-3.0661,-7.4613,-4.1371,-2.2331
1143.50,-7.0605,-4.1853,-2.1971,-8.2321,1.3820,-3.0661,-7.4613,-4.1371,-2.2331
1144.00,-7.0605,-4.1853,-2.1971,-8.2321,1.3820,-3.0672,-7.4613,-4.1371,-2.2342
1144.50,-7.0605,-4.1853,-2.1971,-8.2321,1.3820,-3.0676,-7.4613,-4.1371,-2.2347
1145.00,-7.0605,-4.1853,-2.1971,-8.2321,1.3820,-3.0681,-7.4613,-4.1371,-2.2351
1145.50,-7.0605,-4.1853,-2.1971,-8.2321,1.3820,-3.0680,-7.4613,-4.1371,-2.2350
1146.00,-7.0605,-4.1853,-2.1971,-8.2321,1.3820,-3.0683,-7.4613,-4.1371,-2.2354
1146.50,-7.0605,-4.1853,-2.1971,-8.2321,1.3820,-3.0688,-7.4613,-4.1371,-2.2358
1147.00,-7.0605,-4.1853,-2.1971,-8.2321,1.3820,-3.0688,-7.4613,-4.1371,-2.2358
1147.50,-7.0605,-4.1853,-2.1971,-8.2321,1.3820,-3.0692,-7.4613,-4.1371,-2.2362
1148.00,-7.0605,-4.1853,-2.1971,-8.2321,1.3820,-3.0692,-7.4613,-4.1371,-2.2362
1148.50,-7.0605,-4.1853,-2.1971,-8.2321,1.3820,-3.0692,-7.4613,-4.1371,-2.2363
1149.00,-7.0605,-4.1853,-2.1971,-8.2321,1.3820,-3.0697,-7.4613,-4.1371,-2.2367
1149.50,-7.0605,-4.1853,-2.1971,-8.2321,1.3820,-3.0706,-7.4613,-4.1371,-2.2376
1150.00,-7.0605,-4.1853,-2.1971,-8.2321,1.3820,-3.0707,-7.4613,-4.1371,-2.2377
1150.50,-7.0605,-4.1853,-2.1971,-8.2321,1.3820,-3.0706,-7.4613,-4.1371,-2.2376
1151.00,-7.0605,-4.1853,-2.1971,-8.2321,1.3820,-3.0704,-7.4613,-4.1371,-2.2374
1151.50,-7.0605,-4.1853,-2.1971,-8.2321,1.3820,-3.0709,-7.4613,-4.1371,-2.2379
1152.00,-7.0605,-4.1853,-2.1971,-8.2321,1.3820,-3.0712,-7.4613,-4.1371,-2.2383
1152.50,-7.0605,-4.1853,-2.1971,-8.2321,1.3820,-3.0712,-7.4613,-4.1371,-2.2382
1153.00,-7.0605,-4.1853,-2.1971,-8.2321,1.3820,-3.0715,-7.4613,-4.1371,-2.2385
1153.50,-7.0605,-4.1853,-2.1971,-8.2321,1.3820,-3.0721,-7.4613,-4.1371,-2.2391
1154.00,-7.0605,-4.1853,-2.1971,-8.2321,1.3820,-3.0722,-7.4613,-4.1371,-2.2392
1154.50,-7.0605,-4.1853,-2.1971,-8.2321,1.3820,-3.0728,-7.4613,-4.1371,-2.2399
1155.00,-7.0605,-4.1853,-2.1971,-8.2321,1.3820,-3.0731,-7.4613,-4.1371,-2.2401
1155.50,-7.0605,-4.1853,-2.1971,-8.2321,1.3820,-3.0735,-7.4613,-4.1371,-2.2405
1156.00,-7.0605,-4.1853,-2.1971,-8.2321,1.3820,-3.0741,-7.4613,-4.1371,-2.2411
1156.50,-7.0605,-4.1853,-2.1971,-8.2321,1.3820,-3.0745,-7.4613,-4.1371,-2.2415
1157.00,-7.0605,-4.1853,-2.1971,-8.2321,1.3820,-3.0748,-7.4613,-4.1371,-2.2418
1157.50,-7.0605,-4.1853,-2.1971,-8.2321,1.3820,-3.0753,-7.4613,-4.1371,-2.2423
1158.00,-7.0605,-4.1853,-2.1971,-8.2321,1.3820,-3.0751,-7.4613,-4.1371,-2.2421
1158.50,-7.0605,-4.1853,-2.1971,-8.2321,1.3820,-3.0754,-7.4613,-4.1371,-2.2424
1159.00,-7.0605,-4.1853,-2.1971,-8.2321,1.3820,-3.0757,-7.4613,-4.1371,-2.2427
1159.50,-7.0605,-4.1853,-2.1971,-8.2321,1.3820,-3.0765,-7.4613,-4.1371,-2.2436
1160.00,-7.0605,-4.1853,-2.1971,-8.2321,1.3820,-3.0770,-7.4613,-4.1371,-2.2440
1160.50,-7.0605,-4.1853,-2.1971,-8.2321,1.3820,-3.0778,-7.4613,-4.1371,-2.2448
1161.00,-7.0605,-4.1853,-2.1971,-8.2321,1.3820,-3.0783,-7.4613,-4.1371,-2.2453
1161.50,-7.0605,-4.1853,-2.1971,-8.2321,1.3820,-3.0785,-7.4613,-4.1371,-2.2455
1162.00,-7.0605,-4.1853,-2.1971,-8.2321,1.3820,-3.0786,-7.4613,-4.1371,-2.2457
1162.50,-7.0605,-4.1853,-2.1971,-8.2321,1.3820,-3.0792,-7.4613,-4.1371,-2.2462
1163.00,-7.0605,-4.1853,-2.1971,-8.2321,1.3820,-3.0796,-7.4613,-4.1371,-2.2466
1163.50,-7.0605,-4.1853,-2.1971,-8.2321,1.3820,-3.0801,-7.4613,-4.1371,-2.2471
1164.00,-7.0605,-4.1853,-2.1971,-8.2321,1.3820,-3.0805,-7.4613,-4.1371,-2.2475
1164.50,-7.0605,-4.1853,-2.1971,-8.2321,1.3820,-3.0806,-7.4613,-4.1371,-2.2476
1165.00,-7.0605,-4.1853,-2.1971,-8.2321,1.3820,-3.0810,-7.4613,-4.1371,-2.2480
1165.50,-7.0605,-4.1853,-2.1971,-8.2321,1.3820,-3.0815,-7.4613,-4.1371,-2.2485
1166.00,-7.0605,-4.1853,-2.1971,-8.2321,1.3820,-3.0821,-7.4613,-4.1371,-2.2491
1166.50,-7.0605,-4.1853,-2.1971,-8.2321,1.3820,-3.0823,-7.4613,-4.1371,-2.2493
1167.00,-7.0605,-4.1853,-2.1971,-8.2321,1.3820,-3.0832,-7.4613,-4.1371,-2.2502
1167.50,-7.0605,-4.1853,-2.1971,-8.2321,1.3820,-3.0829,-7.4613,-4.1371,-2.2499
1168.00,-7.0605,-4.1853,-2.1971,-8.2321,1.3820,-3.0835,-7.4613,-4.1371,-2.2505
1168.50,-7.0605,-4.1853,-2.1971,-8.2321,1.3820,-3.0840,-7.4613,-4.1371,-2.2510
1169.00,-7.0605,-4.1853,-2.1971,-8.2321,1.3820,-3.0845,-7.4613,-4.1371,-2.2515
1169.50,-7.0605,-4.1853,-2.1971,-8.2321,1.3820,-3.0847,-7.4613,-4.1371,-2.2517
1170.00,-7.0605,-4.1853,-2.1971,-8.2321,1.3820,-3.0848,-7.4613,-4.1371,-2.2518
1170.50,-7.0605,-4.1853,-2.1971,-8.2321,1.3820,-3.0848,-7.4613,-4.1371,-2.2518
1171.00,-7.0605,-4.1853,-2.1971,-8.2321,1.3820,-3.0851,-7.4613,-4.1371,-2.2521
1171.50,-7.0605,-4.1853,-2.1971,-8.2321,1.3820,-3.0852,-7.4613,-4.1371,-2.2523
1172.00,-7.0605,-4.1853,-2.1971,-8.2321,1.3820,-3.0860,-7.4613,-4.1371,-2.2530
1172.50,-7.0605,-4.1853,-2.1971,-8.2321,1.3820,-3.0858,-7.4613,-4.1371,-2.2528
1173.00,-7.0605,-4.1853,-2.1971,-8.2321,1.3820,-3.0861,-7.4613,-4.1371,-2.2531
1173.50,-7.0605,-4.1853,-2.1971,-8.2321,1.3820,-3.0860,-7.4613,-4.1371,-2.2530
1174.00,-7.0605,-4.1853,-2.1971,-8.2321,1.3820,-3.0856,-7.4613,-4.1371,-2.2526
1174.50,-7.0605,-4.1853,-2.1971,-8.2321,1.3820,-3.0860,-7.4613,-4.1371,-2.2530
1175.00,-7.0605,-4.1853,-2.1971,-8.2321,1.3820,-3.0860,-7.4613,-4.1371,-2.2530
1175.50,-7.0605,-4.1853,-2.1971,-8.2321,1.3820,-3.0862,-7.4613,-4.1371,-2.2532
1176.00,-7.0605,-4.1853,-2.1971,-8.2321,1.3820,-3.0864,-7.4613,-4.1371,-2.2534
1176.50,-7.0605,-4.1853,-2.1971,-8.2321,1.3820,-3.0871,-7.4613,-4.1371,-2.2542
1177.00,-7.0605,-4.1853,-2.1971,-8.2321,1.3820,-3.0877,-7.4613,-4.1371,-2.2547
1177.50,-7.0605,-4.1853,-2.1971,-8.2321,1.3820,-3.0881,-7.4613,-4.1371,-2.2552
1178.00,-7.0605,-4.1853,-2.1971,-8.2321,1.3820,-3.0886,-7.4613,-4.1371,-2.2556
1178.50,-7.0605,-4.1853,-2.1971,-8.2321,1.3820,-3.0890,-7.4613,-4.1371,-2.2560
1179.00,-7.0605,-4.1853,-2.1971,-8.2321,1.3820,-3.0894,-7.4613,-4.1371,-2.2564
1179.50,-7.0605,-4.1853,-2.1971,-8.2321,1.3820,-3.0896,-7.4613,-4.1371,-2.2567
1180.00,-7.0605,-4.1853,-2.1971,-8.2321,1.3820,-3.0901,-7.4613,-4.1371,-2.2571
1180.50,-7.0605,-4.1853,-2.1971,-8.2321,1.3820,-3.0903,-7.4613,-4.1371,-2.2573
1181.00,-7.0605,-4.1853,-2.1971,-8.2321,1.3820,-3.0900,-7.4613,-4.1371,-2.2570
1181.50,-7.0605,-4.1853,-2.1971,-8.2321,1.3820,-3.0903,-7.4613,-4.1371,-2.2573
1182.00,-7.0605,-4.1853,-2.1971,-8.2321,1.3820,-3.0911,-7.4613,-4.1371,-2.2581
1182.50,-7.0605,-4.1853,-2.1971,-8.2321,1.3820,-3.0918,-7.4613,-4.1371,-2.2588
1183.00,-7.0605,-4.1853,-2.1971,-8.2321,1.3820,-3.0928,-7.4613,-4.1371,-2.2598
1183.50,-7.0605,-4.1853,-2.1971,-8.2321,1.3820,-3.0929,-7.4613,-4.1371,-2.2599
1184.00,-7.0605,-4.1853,-2.1971,-8.2321,1.3820,-3.0930,-7.4613,-4.1371,-2.2601
1184.50,-7.0605,-4.1853,-2.1971,-8.2321,1.3820,-3.0935,-7.4613,-4.1371,-2.2605
1185.00,-7.0605,-4.1853,-2.1971,-8.2321,1.3820,-3.0937,-7.4613,-4.1371,-2.2608
1185.50,-7.0605,-4.1853,-2.1971,-8.2321,1.3820,-3.0937,-7.4613,-4.1371,-2.2607
1186.00,-7.0605,-4.1853,-2.1971,-8.2321,1.3820,-3.0950,-7.4613,-4.1371,-2.2621
1186.50,-7.0605,-4.1853,-2.1971,-8.2321,1.3820,-3.0948,-7.4613,-4.1371,-2.2618
1187.00,-7.0605,-4.1853,-2.1971,-8.2321,1.3820,-3.0955,-7.4613,-4.1371,-2.2625
1187.50,-7.0605,-4.1853,-2.1971,-8.2321,1.3820,-3.0954,-7.4613,-4.1371,-2.2624
1188.00,-7.0605,-4.1853,-2.1971,-8.2321,1.3820,-3.0958,-7.4613,-4.1371,-2.2628
1188.50,-7.0605,-4.1853,-2.1971,-8.2321,1.3820,-3.0956,-7.4613,-4.1371,-2.2626
1189.00,-7.0605,-4.1853,-2.1971,-8.2321,1.3820,-3.0957,-7.4613,-4.1371,-2.2627
1189.50,-7.0605,-4.1853,-2.1971,-8.2321,1.3820,-3.0963,-7.4613,-4.1371,-2.2633
1190.00,-7.0605,-4.1853,-2.1971,-8.2321,1.3820,-3.0963,-7.4613,-4.1371,-2.2633
1190.50,-7.0605,-4.1853,-2.1971,-8.2321,1.3820,-3.0967,-7.4613,-4.1371,-2.2637
1191.00,-7.0605,-4.1853,-2.1971,-8.2321,1.3820,-3.0974,-7.4613,-4.1371,-2.2644
1191.50,-7.0605,-4.1853,-2.1971,-8.2321,1.3820,-3.0975,-7.4613,-4.1371,-2.2645
1192.00,-7.0605,-4.1853,-2.1971,-8.2321,1.3820,-3.0977,-7.4613,-4.1371,-2.2647
1192.50,-7.0605,-4.1853,-2.1971,-8.2321,1.3820,-3.0986,-7.4613,-4.1371,-2.2656
1193.00,-7.0605,-4.1853,-2.1971,-8.2321,1.3820,-3.0988,-7.4613,-4.1371,-2.2658
1193.50,-7.0605,-4.1853,-2.1971,-8.2321,1.3820,-3.0995,-7.4613,-4.1371,-2.2665
1194.00,-7.0605,-4.1853,-2.1971,-8.2321,1.3820,-3.0994,-7.4613,-4.1371,-2.2664
1194.50,-7.0605,-4.1853,-2.1971,-8.2321,1.3820,-3.0993,-7.4613,-4.1371,-2.2663
1195.00,-7.0605,-4.1853,-2.1971,-8.2321,1.3820,-3.0999,-7.4613,-4.1371,-2.2669
1195.50,-7.0605,-4.1853,-2.1971,-8.2321,1.3820,-3.0999,-7.4613,-4.1371,-2.2669
1196.00,-7.0605,-4.1853,-2.1971,-8.2321,1.3820,-3.1004,-7.4613,-4.1371,-2.2674
1196.50,-7.0605,-4.1853,-2.1971,-8.2321,1.3820,-3.1009,-7.4613,-4.1371,-2.2679
1197.00,-7.0605,-4.1853,-2.1971,-8.2321,1.3820,-3.1005,-7.4613,-4.1371,-2.2675
1197.50,-7.0605,-4.1853,-2.1971,-8.2321,1.3820,-3.1007,-7.4613,-4.1371,-2.2677
1198.00,-7.0605,-4.1853,-2.1971,-8.2321,1.3820,-3.1007,-7.4613,-4.1371,-2.2677
1198.50,-7.0605,-4.1853,-2.1971,-8.2321,1.3820,-3.1014,-7.4613,-4.1371,-2.2684
1199.00,-7.0605,-4.1853,-2.1971,-8.2321,1.3820,-3.1012,-7.4613,-4.1371,-2.2682
1199.50,-7.0605,-4.1853,-2.1971,-8.2321,1.3820,-3.1018,-7.4613,-4.1371,-2.2688
1200.00,-7.0605,-4.1853,-2.1971,-8.2321,1.3820,-3.1016,-7.4613,-4.1371,-2.2686
1200.50,-7.0605,-4.1853,-2.1971,-8.2321,1.3820,-3.1020,-7.4613,-4.1371,-2.2690
1201.00,-7.0605,-4.1853,-2.1971,-8.2321,1.3820,-3.1021,-7.4613,-4.1371,-2.2691
1201.50,-7.0605,-4.1853,-2.1971,-8.2321,1.3820,-3.1021,-7.4613,-4.1371,-2.2691
1202.00,-7.0605,-4.1853,-2.1971,-8.2321,1.3820,-3.1024,-7.4613,-4.1371,-2.2694
1202.50,-7.0605,-4.1853,-2.1971,-8.2321,1.3820,-3.1027,-7.4613,-4.1371,-2.2697
1203.00,-7.0605,-4.1853,-2.1971,-8.2321,1.3820,-3.1031,-7.4613,-4.1371,-2.2701
1203.50,-7.0605,-4.1853,-2.1971,-8.2321,1.3820,-3.1029,-7.4613,-4.1371,-2.2699
1204.00,-7.0605,-4.1853,-2.1971,-8.2321,1.3820,-3.1039,-7.4613,-4.1371,-2.2709
1204.50,-7.0605,-4.1853,-2.1971,-8.2321,1.3820,-3.1040,-7.4613,-4.1371,-2.2710
1205.00,-7.0605,-4.1853,-2.1971,-8.2321,1.3820,-3.1039,-7.4613,-4.1371,-2.2709
1205.50,-7.0605,-4.1853,-2.1971,-8.2321,1.3820,-3.1038,-7.4613,-4.1371,-2.2708
1206.00,-7.0605,-4.1853,-2.1971,-8.2321,1.3820,-3.1040,-7.4613,-4.1371,-2.2710
1206.50,-7.0605,-4.1853,-2.1971,-8.2321,1.3820,-3.1043,-7.4613,-4.1371,-2.2713
1207.00,-7.0605,-4.1853,-2.1971,-8.2321,1.3820,-3.1047,-7.4613,-4.1371,-2.2717
1207.50,-7.0605,-4.1853,-2.1971,-8.2321,1.3820,-3.1043,-7.4613,-4.1371,-2.2713
1208.00,-7.0605,-4.1853,-2.1971,-8.2321,1.3820,-3.1042,-7.4613,-4.1371,-2.2712
1208.50,-7.0605,-4.1853,-2.1971,-8.2321,1.3820,-3.1046,-7.4613,-4.1371,-2.2716
1209.00,-7.0605,-4.1853,-2.1971,-8.2321,1.3820,-3.1046,-7.4613,-4.1371,-2.2716
1209.50,-7.0605,-4.1853,-2.1971,-8.2321,1.3820,-3.1047,-7.4613,-4.1371,-2.2717
1210.00,-7.0605,-4.1853,-2.1971,-8.2321,1.3820,-3.1055,-7.4613,-4.1371,-2.2725
1210.50,-7.0605,-4.1853,-2.1971,-8.2321,1.3820,-3.1062,-7.4613,-4.1371,-2.2732
1211.00,-7.0605,-4.1853,-2.1971,-8.2321,1.3820,-3.1064,-7.4613,-4.1371,-2.2734
1211.50,-7.0605,-4.1853,-2.1971,-8.2321,1.3820,-3.1064,-7.4613,-4.1371,-2.2734
1212.00,-7.0605,-4.1853,-2.1971,-8.2321,1.3820,-3.1066,-7.4613,-4.1371,-2.2736
1212.50,-7.0605,-4.1853,-2.1971,-8.2321,1.3820,-3.1074,-7.4613,-4.1371,-2.2744
1213.00,-7.0605,-4.1853,-2.1971,-8.2321,1.3820,-3.1076,-7.4613,-4.1371,-2.2746
1213.50,-7.0605,-4.1853,-2.1971,-8.2321,1.3820,-3.1082,-7.4613,-4.1371,-2.2752
1214.00,-7.0605,-4.1853,-2.1971,-8.2321,1.3820,-3.1081,-7.4613,-4.1371,-2.2751
1214.50,-7.0605,-4.1853,-2.1971,-8.2321,1.3820,-3.1089,-7.4613,-4.1371,-2.2759
1215.00,-7.0605,-4.1853,-2.1971,-8.2321,1.3820,-3.1096,-7.4613,-4.1371,-2.2767
1215.50,-7.0605,-4.1853,-2.1971,-8.2321,1.3820,-3.1101,-7.4613,-4.1371,-2.2771
1216.00,-7.0605,-4.1853,-2.1971,-8.2321,1.3820,-3.1107,-7.4613,-4.1371,-2.2777
1216.50,-7.0605,-4.1853,-2.1971,-8.2321,1.3820,-3.1111,-7.4613,-4.1371,-2.2781
1217.00,-7.0605,-4.1853,-2.1971,-8.2321,1.3820,-3.1115,-7.4613,-4.1371,-2.2785
1217.50,-7.0605,-4.1853,-2.1971,-8.2321,1.3820,-3.1116,-7.4613,-4.1371,-2.2786
1218.00,-7.0605,-4.1853,-2.1971,-8.2321,1.3820,-3.1122,-7.4613,-4.1371,-2.2792
1218.50,-7.0605,-4.1853,-2.1971,-8.2321,1.3820,-3.1120,-7.4613,-4.1371,-2.2790
1219.00,-7.0605,-4.1853,-2.1971,-8.2321,1.3820,-3.1126,-7.4613,-4.1371,-2.2796
1219.50,-7.0605,-4.1853,-2.1971,-8.2321,1.3820,-3.1130,-7.4613,-4.1371,-2.2800
1220.00,-7.0605,-4.1853,-2.1971,-8.2321,1.3820,-3.1134,-7.4613,-4.1371,-2.2804
1220.50,-7.0605,-4.1853,-2.1971,-8.2321,1.3820,-3.1136,-7.4613,-4.1371,-2.2806
1221.00,-7.0605,-4.1853,-2.1971,-8.2321,1.3820,-3.1140,-7.4613,-4.1371,-2.2810
1221.50,-7.0605,-4.1853,-2.1971,-8.2321,1.3820,-3.1141,-7.4613,-4.1371,-2.2811
1222.00,-7.0605,-4.1853,-2.1971,-8.2321,1.3820,-3.1145,-7.4613,-4.1371,-2.2815
1222.50,-7.0605,-4.1853,-2.1971,-8.2321,1.3820,-3.1153,-7.4613,-4.1371,-2.2823
1223.00,-7.0605,-4.1853,-2.1971,-8.2321,1.3820,-3.1156,-7.4613,-4.1371,-2.2826
1223.50,-7.0605,-4.1853,-2.1971,-8.2321,1.3820,-3.1163,-7.4613,-4.1371,-2.2833
1224.00,-7.0605,-4.1853,-2.1971,-8.2321,1.3820,-3.1167,-7.4613,-4.1371,-2.2838
1224.50,-7.0605,-4.1853,-2.1971,-8.2321,1.3820,-3.1164,-7.4613,-4.1371,-2.2834
1225.00,-7.0605,-4.1853,-2.1971,-8.2321,1.3820,-3.1166,-7.4613,-4.1371,-2.2836
1225.50,-7.0605,-4.1853,-2.1971,-8.2321,1.3820,-3.1171,-7.4613,-4.1371,-2.2841
1226.00,-7.0605,-4.1853,-2.1971,-8.2321,1.3820,-3.1177,-7.4613,-4.1371,-2.2847
1226.50,-7.0605,-4.1853,-2.1971,-8.2321,1.3820,-3.1183,-7.4613,-4.1371,-2.2853
1227.00,-7.0605,-4.1853,-2.1971,-8.2321,1.3820,-3.1186,-7.4613,-4.1371,-2.2857
1227.50,-7.0605,-4.1853,-2.1971,-8.2321,1.3820,-3.1192,-7.4613,-4.1371,-2.2862
1228.00,-7.0605,-4.1853,-2.1971,-8.2321,1.3820,-3.1197,-7.4613,-4.1371,-2.2867
1228.50,-7.0605,-4.1853,-2.1971,-8.2321,1.3820,-3.1199,-7.4613,-4.1371,-2.2870
1229.00,-7.0605,-4.1853,-2.1971,-8.2321,1.3820,-3.1201,-7.4613,-4.1371,-2.2871
1229.50,-7.0605,-4.1853,-2.1971,-8.2321,1.3820,-3.1207,-7.4613,-4.1371,-2.2877
1230.00,-7.0605,-4.1853,-2.1971,-8.2321,1.3820,-3.1213,-7.4613,-4.1371,-2.2883
1230.50,-7.0605,-4.1853,-2.1971,-8.2321,1.3820,-3.1213,-7.4613,-4.1371,-2.2884
1231.00,-7.0605,-4.1853,-2.1971,-8.2321,1.3820,-3.1217,-7.4613,-4.1371,-2.2887
1231.50,-7.0605,-4.1853,-2.1971,-8.2321,1.3820,-3.1223,-7.4613,-4.1371,-2.2893
1232.00,-7.0605,-4.1853,-2.1971,-8.2321,1.3820,-3.1224,-7.4613,-4.1371,-2.2894
1232.50,-7.0605,-4.1853,-2.1971,-8.2321,1.3820,-3.1223,-7.4613,-4.1371,-2.2893
1233.00,-7.0605,-4.1853,-2.1971,-8.2321,1.3820,-3.1230,-7.4613,-4.1371,-2.2900
1233.50,-7.0605,-4.1853,-2.1971,-8.2321,1.3820,-3.1234,-7.4613,-4.1371,-2.2904
1234.00,-7.0605,-4.1853,-2.1971,-8.2321,1.3820,-3.1240,-7.4613,-4.1371,-2.2911
1234.50,-7.0605,-4.1853,-2.1971,-8.2321,1.3820,-3.1248,-7.4613,-4.1371,-2.2918
1235.00,-7.0605,-4.1853,-2.1971,-8.2321,1.3820,-3.1250,-7.4613,-4.1371,-2.2921
1235.50,-7.0605,-4.1853,-2.1971,-8.2321,1.3820,-3.1253,-7.4613,-4.1371,-2.2923
1236.00,-7.0605,-4.1853,-2.1971,-8.2321,1.3820,-3.1262,-7.4613,-4.1371,-2.2932
1236.50,-7.0605,-4.1853,-2.1971,-8.2321,1.3820,-3.1265,-7.4613,-4.1371,-2.2935
1237.00,-7.0605,-4.1853,-2.1971,-8.2321,1.3820,-3.1268,-7.4613,-4.1371,-2.2938
1237.50,-7.0605,-4.1853,-2.1971,-8.2321,1.3820,-3.1270,-7.4613,-4.1371,-2.2940
1238.00,-7.0605,-4.1853,-2.1971,-8.2321,1.3820,-3.1269,-7.4613,-4.1371,-2.2939
1238.50,-7.0605,-4.1853,-2.1971,-8.2321,1.3820,-3.1271,-7.4613,-4.1371,-2.2941
1239.00,-7.0605,-4.1853,-2.1971,-8.2321,1.3820,-3.1274,-7.4613,-4.1371,-2.2944
1239.50,-7.0605,-4.1853,-2.1971,-8.2321,1.3820,-3.1278,-7.4613,-4.1371,-2.2948
1240.00,-7.0605,-4.1853,-2.1971,-8.2321,1.3820,-3.1279,-7.4613,-4.1371,-2.2949
1240.50,-7.0605,-4.1853,-2.1971,-8.2321,1.3820,-3.1286,-7.4613,-4.1371,-2.2956
1241.00,-7.0605,-4.1853,-2.1971,-8.2321,1.3820,-3.1288,-7.4613,-4.1371,-2.2958
1241.50,-7.0605,-4.1853,-2.1971,-8.2321,1.3820,-3.1292,-7.4613,-4.1371,-2.2962
1242.00,-7.0605,-4.1853,-2.1971,-8.2321,1.3820,-3.1297,-7.4613,-4.1371,-2.2967
1242.50,-7.0605,-4.1853,-2.1971,-8.2321,1.3820,-3.1301,-7.4613,-4.1371,-2.2971
1243.00,-7.0605,-4.1853,-2.1971,-8.2321,1.3820,-3.1305,-7.4613,-4.1371,-2.2975
1243.50,-7.0605,-4.1853,-2.1971,-8.2321,1.3820,-3.1308,-7.4613,-4.1371,-2.2978
1244.00,-7.0605,-4.1853,-2.1971,-8.2321,1.3820,-3.1310,-7.4613,-4.1371,-2.2980
1244.50,-7.0605,-4.1853,-2.1971,-8.2321,1.3820,-3.1315,-7.4613,-4.1371,-2.2985
1245.00,-7.0605,-4.1853,-2.1971,-8.2321,1.3820,-3.1313,-7.4613,-4.1371,-2.2983
1245.50,-7.0605,-4.1853,-2.1971,-8.2321,1.3820,-3.1313,-7.4613,-4.1371,-2.2983
1246.00,-7.0605,-4.1853,-2.1971,-8.2321,1.3820,-3.1315,-7.4613,-4.1371,-2.2985
1246.50,-7.0605,-4.1853,-2.1971,-8.2321,1.3820,-3.1323,-7.4613,-4.1371,-2.2993
1247.00,-7.0605,-4.1853,-2.1971,-8.2321,1.3820,-3.1327,-7.4613,-4.1371,-2.2997
1247.50,-7.0605,-4.1853,-2.1971,-8.2321,1.3820,-3.1331,-7.4613,-4.1371,-2.3001
1248.00,-7.0605,-4.1853,-2.1971,-8.2321,1.3820,-3.1336,-7.4613,-4.1371,-2.3006
1248.50,-7.0605,-4.1853,-2.1971,-8.2321,1.3820,-3.1346,-7.4613,-4.1371,-2.3016
1249.00,-7.0605,-4.1853,-2.1971,-8.2321,1.3820,-3.1347,-7.4613,-4.1371,-2.3017
1249.50,-7.0605,-4.1853,-2.1971,-8.2321,1.3820,-3.1353,-7.4613,-4.1371,-2.3023
1250.00,-7.0605,-4.1853,-2.1971,-8.2321,1.3820,-3.1353,-7.4613,-4.1371,-2.3023
1250.50,-7.0605,-4.1853,-2.1971,-8.2321,1.3820,-3.1359,-7.4613,-4.1371,-2.3029
1251.00,-7.0605,-4.1853,-2.1971,-8.2321,1.3820,-3.1366,-7.4613,-4.1371,-2.3036
1251.50,-7.0605,-4.1853,-2.1971,-8.2321,1.3820,-3.1367,-7.4613,-4.1371,-2.3037
1252.00,-7.0605,-4.1853,-2.1971,-8.2321,1.3820,-3.1368,-7.4613,-4.1371,-2.3038
1252.50,-7.0605,-4.1853,-2.1971,-8.2321,1.3820,-3.1373,-7.4613,-4.1371,-2.3043
1253.00,-7.0605,-4.1853,-2.1971,-8.2321,1.3820,-3.1372,-7.4613,-4.1371,-2.3042
1253.50,-7.0605,-4.1853,-2.1971,-8.2321,1.3820,-3.1377,-7.4613,-4.1371,-2.3047
1254.00,-7.0605,-4.1853,-2.1971,-8.2321,1.3820,-3.1383,-7.4613,-4.1371,-2.3053
1254.50,-7.0605,-4.1853,-2.1971,-8.2321,1.3820,-3.1388,-7.4613,-4.1371,-2.3059
1255.00,-7.0605,-4.1853,-2.1971,-8.2321,1.3820,-3.1396,-7.4613,-4.1371,-2.3066
1255.50,-7.0605,-4.1853,-2.1971,-8.2321,1.3820,-3.1403,-7.4613,-4.1371,-2.3073
1256.00,-7.0605,-4.1853,-2.1971,-8.2321,1.3820,-3.1410,-7.4613,-4.1371,-2.3080
1256.50,-7.0605,-4.1853,-2.1971,-8.2321,1.3820,3.1415,-7.4613,-4.1371,-2.3087
1257.00,-7.0605,-4.1853,-2.1971,-8.2321,1.3820,3.1412,-7.4613,-4.1371,-2.3090
1257.50,-7.0605,-4.1853,-2.1971,-8.2321,1.3820,3.1407,-7.4613,-4.1371,-2.3095
1258.00,-7.0605,-4.1853,-2.1971,-8.2321,1.3820,3.1402,-7.4613,-4.1371,-2.3100
1258.50,-7.0605,-4.1853,-2.1971,-8.2321,1.3820,3.1402,-7.4613,-4.1371,-2.3100
1259.00,-7.0605,-4.1853,-2.1971,-8.2321,1.3820,3.1396,-7.4613,-4.1371,-2.3106
1259.50,-7.0605,-4.1853,-2.1971,-8.2321,1.3820,3.1388,-7.4613,-4.1371,-2.3114
1260.00,-7.0605,-4.1853,-2.1971,-8.2321,1.3820,3.1377,-7.4613,-4.1371,-2.3125
1260.50,-7.0605,-4.1853,-2.1971,-8.2321,1.3820,3.1373,-7.4613,-4.1371,-2.3129
1261.00,-7.0605,-4.1853,-2.1971,-8.2321,1.3820,3.1365,-7.4613,-4.1371,-2.3137
1261.50,-7.0605,-4.1853,-2.1971,-8.2321,1.3820,3.1358,-7.4613,-4.1371,-2.3144
1262.00,-7.0605,-4.1853,-2.1971,-8.2321,1.3820,3.1358,-7.4613,-4.1371,-2.3144
1262.50,-7.0605,-4.1853,-2.1971,-8.2321,1.3820,3.1359,-7.4613,-4.1371,-2.3143
1263.00,-7.0605,-4.1853,-2.1971,-8.2321,1.3820,3.1354,-7.4613,-4.1371,-2.3148
1263.50,-7.0605,-4.1853,-2.1971,-8.2321,1.3820,3.1345,-7.4613,-4.1371,-2.3157
1264.00,-7.0605,-4.1853,-2.1971,-8.2321,1.3820,3.1343,-7.4613,-4.1371,-2.3159
1264.50,-7.0605,-4.1853,-2.1971,-8.2321,1.3820,3.1334,-7.4613,-4.1371,-2.3168
1265.00,-7.0605,-4.1853,-2.1971,-8.2321,1.3820,3.1335,-7.4613,-4.1371,-2.3167
1265.50,-7.0605,-4.1853,-2.1971,-8.2321,1.3820,3.1333,-7.4613,-4.1371,-2.3169
1266.00,-7.0605,-4.1853,-2.1971,-8.2321,1.3820,3.1329,-7.4613,-4.1371,-2.3173
1266.50,-7.0605,-4.1853,-2.1971,-8.2321,1.3820,3.1326,-7.4613,-4.1371,-2.3176
1267.00,-7.0605,-4.1853,-2.1971,-8.2321,1.3820,3.1318,-7.4613,-4.1371,-2.3183
1267.50,-7.0605,-4.1853,-2.1971,-8.2321,1.3820,3.1320,-7.4613,-4.1371,-2.3182
1268.00,-7.0605,-4.1853,-2.1971,-8.2321,1.3820,3.1322,-7.4613,-4.1371,-2.3180
1268.50,-7.0605,-4.1853,-2.1971,-8.2321,1.3820,3.1319,-7.4613,-4.1371,-2.3183
1269.00,-7.0605,-4.1853,-2.1971,-8.2321,1.3820,3.1319,-7.4613,-4.1371,-2.3183
1269.50,-7.0605,-4.1853,-2.1971,-8.2321,1.3820,3.1314,-7.4613,-4.1371,-2.3188
1270.00,-7.0605,-4.1853,-2.1971,-8.2321,1.3820,3.1306,-7.4613,-4.1371,-2.3196
1270.50,-7.0605,-4.1853,-2.1971,-8.2321,1.3820,3.1305,-7.4613,-4.1371,-2.3197
1271.00,-7.0605,-4.1853,-2.1971,-8.2321,1.3820,3.1298,-7.4613,-4.1371,-2.3204
1271.50,-7.0605,-4.1853,-2.1971,-8.2321,1.3820,3.1299,-7.4613,-4.1371,-2.3203
1272.00,-7.0605,-4.1853,-2.1971,-8.2321,1.3820,3.1287,-7.4613,-4.1371,-2.3215
1272.50,-7.0605,-4.1853,-2.1971,-8.2321,1.3820,3.1282,-7.4613,-4.1371,-2.3220
1273.00,-7.0605,-4.1853,-2.1971,-8.2321,1.3820,3.1276,-7.4613,-4.1371,-2.3226
1273.50,-7.0605,-4.1853,-2.1971,-8.2321,1.3820,3.1273,-7.4613,-4.1371,-2.3229
1274.00,-7.0605,-4.1853,-2.1971,-8.2321,1.3820,3.1269,-7.4613,-4.1371,-2.3233
1274.50,-7.0605,-4.1853,-2.1971,-8.2321,1.3820,3.1272,-7.4613,-4.1371,-2.3230
1275.00,-7.0605,-4.1853,-2.1971,-8.2321,1.3820,3.1267,-7.4613,-4.1371,-2.3235
1275.50,-7.0605,-4.1853,-2.1971,-8.2321,1.3820,3.1266,-7.4613,-4.1371,-2.3236
1276.00,-7.0605,-4.1853,-2.1971,-8.2321,1.3820,3.1264,-7.4613,-4.1371,-2.3238
1276.50,-7.0605,-4.1853,-2.1971,-8.2321,1.3820,3.1263,-7.4613,-4.1371,-2.3239
1277.00,-7.0605,-4.1853,-2.1971,-8.2321,1.3820,3.1261,-7.4613,-4.1371,-2.3241
1277.50,-7.0605,-4.1853,-2.1971,-8.2321,1.3820,3.1264,-7.4613,-4.1371,-2.3238
1278.00,-7.0605,-4.1853,-2.1971,-8.2321,1.3820,3.1258,-7.4613,-4.1371,-2.3244
1278.50,-7.0605,-4.1853,-2.1971,-8.2321,1.3820,3.1254,-7.4613,-4.1371,-2.3248
1279.00,-7.0605,-4.1853,-2.1971,-8.2321,1.3820,3.1248,-7.4613,-4.1371,-2.3254
1279.50,-7.0605,-4.1853,-2.1971,-8.2321,1.3820,3.1237,-7.4613,-4.1371,-2.3265
1280.00,-7.0605,-4.1853,-2.1971,-8.2321,1.3820,3.1237,-7.4613,-4.1371,-2.3265
1280.50,-7.0605,-4.1853,-2.1971,-8.2321,1.3820,3.1234,-7.4613,-4.1371,-2.3268
1281.00,-7.0605,-4.1853,-2.1971,-8.2321,1.3820,3.1227,-7.4613,-4.1371,-2.3275
1281.50,-7.0605,-4.1853,-2.1971,-8.2321,1.3820,3.1226,-7.4613,-4.1371,-2.3276
1282.00,-7.0605,-4.1853,-2.1971,-8.2321,1.3820,3.1224,-7.4613,-4.1371,-2.3278
1282.50,-7.0605,-4.1853,-2.1971,-8.2321,1.3820,3.1224,-7.4613,-4.1371,-2.3278
1283.00,-7.0605,-4.1853,-2.1971,-8.2321,1.3820,3.1218,-7.4613,-4.1371,-2.3284
1283.50,-7.0605,-4.1853,-2.1971,-8.2321,1.3820,3.1210,-7.4613,-4.1371,-2.3292
1284.00,-7.0605,-4.1853,-2.1971,-8.2321,1.3820,3.1208,-7.4613,-4.1371,-2.3294
1284.50,-7.0605,-4.1853,-2.1971,-8.2321,1.3820,3.1203,-7.4613,-4.1371,-2.3299
1285.00,-7.0605,-4.1853,-2.1971,-8.2321,1.3820,3.1201,-7.4613,-4.1371,-2.3301
1285.50,-7.0605,-4.1853,-2.1971,-8.2321,1.3820,3.1198,-7.4613,-4.1371,-2.3304
1286.00,-7.0605,-4.1853,-2.1971,-8.2321,1.3820,3.1192,-7.4613,-4.1371,-2.3310
1286.50,-7.0605,-4.1853,-2.1971,-8.2321,1.3820,3.1191,-7.4613,-4.1371,-2.3311
1287.00,-7.0605,-4.1853,-2.1971,-8.2321,1.3820,3.1187,-7.4613,-4.1371,-2.3314
1287.50,-7.0605,-4.1853,-2.1971,-8.2321,1.3820,3.1186,-7.4613,-4.1371,-2.3316
1288.00,-7.0605,-4.1853,-2.1971,-8.2321,1.3820,3.1181,-7.4613,-4.1371,-2.3321
1288.50,-7.0605,-4.1853,-2.1971,-8.2321,1.3820,3.1174,-7.4613,-4.1371,-2.3328
1289.00,-7.0605,-4.1853,-2.1971,-8.2321,1.3820,3.1173,-7.4613,-4.1371,-2.3328
1289.50,-7.0605,-4.1853,-2.1971,-8.2321,1.3820,3.1170,-7.4613,-4.1371,-2.3332
1290.00,-7.0605,-4.1853,-2.1971,-8.2321,1.3820,3.1170,-7.4613,-4.1371,-2.3332
1290.50,-7.0605,-4.1853,-2.1971,-8.2321,1.3820,3.1160,-7.4613,-4.1371,-2.3342
1291.00,-7.0605,-4.1853,-2.1971,-8.2321,1.3820,3.1156,-7.4613,-4.1371,-2.3346
1291.50,-7.0605,-4.1853,-2.1971,-8.2321,1.3820,3.1155,-7.4613,-4.1371,-2.3347
1292.00,-7.0605,-4.1853,-2.1971,-8.2321,1.3820,3.1154,-7.4613,-4.1371,-2.3348
1292.50,-7.0605,-4.1853,-2.1971,-8.2321,1.3820,3.1149,-7.4613,-4.1371,-2.3353
1293.00,-7.0605,-4.1853,-2.1971,-8.2321,1.3820,3.1149,-7.4613,-4.1371,-2.3353
1293.50,-7.0605,-4.1853,-2.1971,-8.2321,1.3820,3.1148,-7.4613,-4.1371,-2.3354
1294.00,-7.0605,-4.1853,-2.1971,-8.2321,1.3820,3.1137,-7.4613,-4.1371,-2.3365
1294.50,-7.0605,-4.1853,-2.1971,-8.2321,1.3820,3.1141,-7.4613,-4.1371,-2.3361
1295.00,-7.0605,-4.1853,-2.1971,-8.2321,1.3820,3.1139,-7.4613,-4.1371,-2.3363
1295.50,-7.0605,-4.1853,-2.1971,-8.2321,1.3820,3.1137,-7.4613,-4.1371,-2.3365
1296.00,-7.0605,-4.1853,-2.1971,-8.2321,1.3820,3.1134,-7.4613,-4.1371,-2.3368
1296.50,-7.0605,-4.1853,-2.1971,-8.2321,1.3820,3.1131,-7.4613,-4.1371,-2.3371
1297.00,-7.0605,-4.1853,-2.1971,-8.2321,1.3820,3.1131,-7.4613,-4.1371,-2.3371
1297.50,-7.0605,-4.1853,-2.1971,-8.2321,1.3820,3.1122,-7.4613,-4.1371,-2.3380
1298.00,-7.0605,-4.1853,-2.1971,-8.2321,1.3820,3.1121,-7.4613,-4.1371,-2.3381
1298.50,-7.0605,-4.1853,-2.1971,-8.2321,1.3820,3.1117,-7.4613,-4.1371,-2.3385
1299.00,-7.0605,-4.1853,-2.1971,-8.2321,1.3820,3.1113,-7.4613,-4.1371,-2.3389
1299.50,-7.0605,-4.1853,-2.1971,-8.2321,1.3820,3.1114,-7.4613,-4.1371,-2.3388
1300.00,-7.0605,-4.1853,-2.1971,-8.2321,1.3820,3.1108,-7.4613,-4.1371,-2.3394
1300.50,-7.0605,-4.1853,-2.1971,-8.2321,1.3820,3.1102,-7.4613,-4.1371,-2.3400
1301.00,-7.0605,-4.1853,-2.1971,-8.2321,1.3820,3.1096,-7.4613,-4.1371,-2.3406
1301.50,-7.0605,-4.1853,-2.1971,-8.2321,1.3820,3.1092,-7.4613,-4.1371,-2.3410
1302.00,-7.0605,-4.1853,-2.1971,-8.2321,1.3820,3.1086,-7.4613,-4.1371,-2.3416
1302.50,-7.0605,-4.1853,-2.1971,-8.2321,1.3820,3.1084,-7.4613,-4.1371,-2.3418
1303.00,-7.0605,-4.1853,-2.1960,-8.2321,1.3820,3.1082,-7.4613,-4.1371,-2.3420
1303.50,-7.0605,-4.1853,-2.1960,-8.2321,1.3820,3.1079,-7.4613,-4.1371,-2.3423
1304.00,-7.0605,-4.1853,-2.1960,-8.2321,1.3820,3.1076,-7.4613,-4.1371,-2.3426
1304.50,-7.0605,-4.1853,-2.1960,-8.2321,1.3820,3.1069,-7.4613,-4.1371,-2.3433
1305.00,-7.0605,-4.1853,-2.1960,-8.2321,1.3820,3.1065,-7.4613,-4.1371,-2.3436
1305.50,-7.0605,-4.1853,-2.1960,-8.2321,1.3820,3.1066,-7.4613,-4.1371,-2.3436
1306.00,-7.0605,-4.1853,-2.1960,-8.2321,1.3820,3.1063,-7.4613,-4.1371,-2.3439
1306.50,-7.0605,-4.1853,-2.1960,-8.2321,1.3820,3.1059,-7.4613,-4.1371,-2.3443
1307.00,-7.0605,-4.1853,-2.1960,-8.2321,1.3820,3.1061,-7.4613,-4.1371,-2.3441
1307.50,-7.0605,-4.1853,-2.1960,-8.2321,1.3820,3.1053,-7.4613,-4.1371,-2.3449
1308.00,-7.0605,-4.1853,-2.1960,-8.2321,1.3820,3.1044,-7.4613,-4.1371,-2.3458
1308.50,-7.0605,-4.1853,-2.1960,-8.2321,1.3820,3.1042,-7.4613,-4.1371,-2.3460
1309.00,-7.0605,-4.1853,-2.1960,-8.2321,1.3820,3.1036,-7.4613,-4.1371,-2.3466
1309.50,-7.0605,-4.1853,-2.1960,-8.2321,1.3820,3.1032,-7.4613,-4.1371,-2.3470
1310.00,-7.0605,-4.1853,-2.1960,-8.2321,1.3820,3.1028,-7.4613,-4.1371,-2.3474
1310.50,-7.0605,-4.1853,-2.1960,-8.2321,1.3820,3.1027,-7.4613,-4.1371,-2.3475
1311.00,-7.0605,-4.1853,-2.1960,-8.2321,1.3820,3.1022,-7.4613,-4.1371,-2.3480
1311.50,-7.0605,-4.1853,-2.1960,-8.2321,1.3820,3.1020,-7.4613,-4.1371,-2.3482
1312.00,-7.0605,-4.1853,-2.1960,-8.2321,1.3820,3.1017,-7.4613,-4.1371,-2.3485
1312.50,-7.0605,-4.1853,-2.1960,-8.2321,1.3820,3.1011,-7.4613,-4.1371,-2.3491
1313.00,-7.0605,-4.1853,-2.1960,-8.2321,1.3820,3.1011,-7.4613,-4.1371,-2.3491
1313.50,-7.0605,-4.1853,-2.1960,-8.2321,1.3820,3.1009,-7.4613,-4.1371,-2.3493
1314.00,-7.0605,-4.1853,-2.1960,-8.2321,1.3820,3.1006,-7.4613,-4.1371,-2.3496
1314.50,-7.0605,-4.1853,-2.1960,-8.2321,1.3820,3.1005,-7.4613,-4.1371,-2.3497
1315.00,-7.0605,-4.1853,-2.1960,-8.2321,1.3820,3.1000,-7.4613,-4.1371,-2.3502
1315.50,-7.0605,-4.1853,-2.1960,-8.2321,1.3820,3.0997,-7.4613,-4.1371,-2.3505
1316.00,-7.0605,-4.1853,-2.1960,-8.2321,1.3820,3.0997,-7.4613,-4.1371,-2.3505
1316.50,-7.0605,-4.1853,-2.1960,-8.2321,1.3820,3.0996,-7.4613,-4.1371,-2.3506
1317.00,-7.0605,-4.1853,-2.1960,-8.2321,1.3820,3.0990,-7.4613,-4.1371,-2.3512
1317.50,-7.0605,-4.1853,-2.1960,-8.2321,1.3820,3.0989,-7.4613,-4.1371,-2.3513
1318.00,-7.0605,-4.1853,-2.1960,-8.2321,1.3820,3.0982,-7.4613,-4.1371,-2.3520
1318.50,-7.0605,-4.1853,-2.1960,-8.2321,1.3820,3.0977,-7.4613,-4.1371,-2.3525
1319.00,-7.0605,-4.1853,-2.1960,-8.2321,1.3820,3.0975,-7.4613,-4.1371,-2.3527
1319.50,-7.0605,-4.1853,-2.1960,-8.2321,1.3820,3.0968,-7.4613,-4.1371,-2.3534
1320.00,-7.0605,-4.1853,-2.1960,-8.2321,1.3820,3.0970,-7.4613,-4.1371,-2.3532
1320.50,-7.0605,-4.1853,-2.1960,-8.2321,1.3820,3.0969,-7.4613,-4.1371,-2.3533
1321.00,-7.0605,-4.1853,-2.1960,-8.2321,1.3820,3.0964,-7.4613,-4.1371,-2.3538
1321.50,-7.0605,-4.1853,-2.1960,-8.2321,1.3820,3.0958,-7.4613,-4.1371,-2.3544
1322.00,-7.0605,-4.1853,-2.1960,-8.2321,1.3820,3.0954,-7.4613,-4.1371,-2.3548
1322.50,-7.0605,-4.1853,-2.1960,-8.2321,1.3820,3.0950,-7.4613,-4.1371,-2.3552
1323.00,-7.0605,-4.1853,-2.1960,-8.2321,1.3820,3.0946,-7.4613,-4.1371,-2.3555
1323.50,-7.0605,-4.1853,-2.1960,-8.2321,1.3820,3.0940,-7.4613,-4.1371,-2.3562
1324.00,-7.0605,-4.1853,-2.1960,-8.2321,1.3820,3.0935,-7.4613,-4.1371,-2.3567
1324.50,-7.0605,-4.1853,-2.1960,-8.2321,1.3820,3.0924,-7.4613,-4.1371,-2.3578
1325.00,-7.0605,-4.1853,-2.1960,-8.2321,1.3820,3.0917,-7.4613,-4.1371,-2.3585
1325.50,-7.0605,-4.1853,-2.1960,-8.2321,1.3820,3.0907,-7.4613,-4.1371,-2.3595
1326.00,-7.0605,-4.1853,-2.1960,-8.2321,1.3820,3.0909,-7.4613,-4.1371,-2.3593
1326.50,-7.0605,-4.1853,-2.1960,-8.2321,1.3820,3.0906,-7.4613,-4.1371,-2.3596
1327.00,-7.0605,-4.1853,-2.1960,-8.2321,1.3820,3.0903,-7.4613,-4.1371,-2.3599
1327.50,-7.0605,-4.1853,-2.1960,-8.2321,1.3820,3.0903,-7.4613,-4.1371,-2.3599
1328.00,-7.0605,-4.1853,-2.1960,-8.2321,1.3820,3.0901,-7.4613,-4.1371,-2.3601
1328.50,-7.0605,-4.1853,-2.1960,-8.2321,1.3820,3.0900,-7.4613,-4.1371,-2.3602
1329.00,-7.0605,-4.1853,-2.1960,-8.2321,1.3820,3.0896,-7.4613,-4.1371,-2.3606
1329.50,-7.0605,-4.1853,-2.1960,-8.2321,1.3820,3.0897,-7.4613,-4.1371,-2.3605
1330.00,-7.0605,-4.1853,-2.1960,-8.2321,1.3820,3.0894,-7.4613,-4.1371,-2.3607
1330.50,-7.0605,-4.1853,-2.1960,-8.2321,1.3820,3.0886,-7.4613,-4.1371,-2.3616
1331.00,-7.0605,-4.1853,-2.1960,-8.2321,1.3820,3.0880,-7.4613,-4.1371,-2.3622
1331.50,-7.0605,-4.1853,-2.1960,-8.2321,1.3820,3.0872,-7.4613,-4.1371,-2.3630
1332.00,-7.0605,-4.1853,-2.1960,-8.2321,1.3820,3.0870,-7.4613,-4.1371,-2.3632
1332.50,-7.0605,-4.1853,-2.1960,-8.2321,1.3820,3.0866,-7.4613,-4.1371,-2.3636
1333.00,-7.0605,-4.1853,-2.1960,-8.2321,1.3820,3.0858,-7.4613,-4.1371,-2.3644
1333.50,-7.0605,-4.1853,-2.1960,-8.2321,1.3820,3.0852,-7.4613,-4.1371,-2.3650
1334.00,-7.0605,-4.1853,-2.1960,-8.2321,1.3820,3.0843,-7.4613,-4.1371,-2.3659
1334.50,-7.0605,-4.1853,-2.1960,-8.2321,1.3820,3.0841,-7.4613,-4.1371,-2.3661
1335.00,-7.0605,-4.1853,-2.1960,-8.2321,1.3820,3.0839,-7.4613,-4.1371,-2.3663
1335.50,-7.0605,-4.1853,-2.1960,-8.2321,1.3820,3.0834,-7.4613,-4.1371,-2.3668
1336.00,-7.0605,-4.1853,-2.1960,-8.2321,1.3820,3.0830,-7.4613,-4.1371,-2.3672
1336.50,-7.0605,-4.1853,-2.1960,-8.2321,1.3820,3.0824,-7.4613,-4.1371,-2.3678
1337.00,-7.0605,-4.1853,-2.1960,-8.2321,1.3820,3.0825,-7.4613,-4.1371,-2.3677
1337.50,-7.0605,-4.1853,-2.1960,-8.2321,1.3820,3.0825,-7.4613,-4.1371,-2.3677
1338.00,-7.0605,-4.1853,-2.1960,-8.2321,1.3820,3.0830,-7.4613,-4.1371,-2.3672
1338.50,-7.0605,-4.1853,-2.1960,-8.2321,1.3820,3.0832,-7.4613,-4.1371,-2.3670
1339.00,-7.0605,-4.1853,-2.1960,-8.2321,1.3820,3.0821,-7.4613,-4.1371,-2.3681
1339.50,-7.0605,-4.1853,-2.1960,-8.2321,1.3820,3.0816,-7.4613,-4.1371,-2.3686
1340.00,-7.0605,-4.1853,-2.1960,-8.2321,1.3820,3.0810,-7.4613,-4.1371,-2.3692
1340.50,-7.0605,-4.1853,-2.1960,-8.2321,1.3820,3.0806,-7.4613,-4.1371,-2.3696
1341.00,-7.0605,-4.1853,-2.1960,-8.2321,1.3820,3.0802,-7.4613,-4.1371,-2.3700
1341.50,-7.0605,-4.1853,-2.1960,-8.2321,1.3820,3.0799,-7.4613,-4.1371,-2.3703
1342.00,-7.0605,-4.1853,-2.1960,-8.2321,1.3820,3.0794,-7.4613,-4.1371,-2.3708
1342.50,-7.0605,-4.1853,-2.1960,-8.2321,1.3820,3.0793,-7.4613,-4.1371,-2.3709
1343.00,-7.0605,-4.1853,-2.1960,-8.2321,1.3820,3.0790,-7.4613,-4.1371,-2.3712
1343.50,-7.0605,-4.1853,-2.1960,-8.2321,1.3820,3.0784,-7.4613,-4.1371,-2.3718
1344.00,-7.0605,-4.1853,-2.1960,-8.2321,1.3820,3.0778,-7.4613,-4.1371,-2.3724
1344.50,-7.0605,-4.1853,-2.1960,-8.2321,1.3820,3.0772,-7.4613,-4.1371,-2.3730
1345.00,-7.0605,-4.1853,-2.1960,-8.2321,1.3820,3.0763,-7.4613,-4.1371,-2.3739
1345.50,-7.0605,-4.1853,-2.1960,-8.2321,1.3820,3.0756,-7.4613,-4.1371,-2.3746
1346.00,-7.0605,-4.1853,-2.1960,-8.2321,1.3820,3.0750,-7.4613,-4.1371,-2.3752
1346.50,-7.0605,-4.1853,-2.1960,-8.2321,1.3820,3.0743,-7.4613,-4.1371,-2.3759
1347.00,-7.0605,-4.1853,-2.1960,-8.2321,1.3820,3.0740,-7.4613,-4.1371,-2.3762
1347.50,-7.0605,-4.1853,-2.1960,-8.2321,1.3820,3.0735,-7.4613,-4.1371,-2.3767
1348.00,-7.0605,-4.1853,-2.1960,-8.2321,1.3820,3.0735,-7.4613,-4.1371,-2.3767
1348.50,-7.0605,-4.1853,-2.1960,-8.2321,1.3820,3.0730,-7.4613,-4.1371,-2.3772
1349.00,-7.0605,-4.1853,-2.1960,-8.2321,1.3820,3.0722,-7.4613,-4.1371,-2.3780
1349.50,-7.0605,-4.1853,-2.1960,-8.2321,1.3820,3.0722,-7.4613,-4.1371,-2.3780
1350.00,-7.0605,-4.1853,-2.1960,-8.2321,1.3820,3.0717,-7.4613,-4.1371,-2.3785
1350.50,-7.0605,-4.1853,-2.1960,-8.2321,1.3820,3.0710,-7.4613,-4.1371,-2.3792
1351.00,-7.0605,-4.1853,-2.1960,-8.2321,1.3820,3.0707,-7.4613,-4.1371,-2.3794
1351.50,-7.0605,-4.1853,-2.1960,-8.2321,1.3820,3.0710,-7.4613,-4.1371,-2.3792
1352.00,-7.0605,-4.1853,-2.1960,-8.2321,1.3820,3.0708,-7.4613,-4.1371,-2.3794
1352.50,-7.0605,-4.1853,-2.1960,-8.2321,1.3820,3.0707,-7.4613,-4.1371,-2.3795
1353.00,-7.0605,-4.1853,-2.1960,-8.2321,1.3820,3.0705,-7.4613,-4.1371,-2.3797
1353.50,-7.0605,-4.1853,-2.1960,-8.2321,1.3820,3.0698,-7.4613,-4.1371,-2.3804
1354.00,-7.0605,-4.1853,-2.1960,-8.2321,1.3820,3.0696,-7.4613,-4.1371,-2.3806
1354.50,-7.0605,-4.1853,-2.1960,-8.2321,1.3820,3.0688,-7.4613,-4.1371,-2.3814
1355.00,-7.0605,-4.1853,-2.1960,-8.2321,1.3820,3.0683,-7.4613,-4.1371,-2.3819
1355.50,-7.0605,-4.1853,-2.1960,-8.2321,1.3820,3.0678,-7.4613,-4.1371,-2.3824
1356.00,-7.0605,-4.1853,-2.1960,-8.2321,1.3820,3.0674,-7.4613,-4.1371,-2.3828
1356.50,-7.0605,-4.1853,-2.1960,-8.2321,1.3820,3.0672,-7.4613,-4.1371,-2.3830
1357.00,-7.0605,-4.1853,-2.1960,-8.2321,1.3820,3.0665,-7.4613,-4.1371,-2.3837
1357.50,-7.0605,-4.1853,-2.1960,-8.2321,1.3820,3.0667,-7.4613,-4.1371,-2.3835
1358.00,-7.0605,-4.1853,-2.1960,-8.2321,1.3820,3.0667,-7.4613,-4.1371,-2.3835
1358.50,-7.0605,-4.1853,-2.1960,-8.2321,1.3820,3.0668,-7.4613,-4.1371,-2.3834
1359.00,-7.0605,-4.1853,-2.1960,-8.2321,1.3820,3.0664,-7.4613,-4.1371,-2.3838
1359.50,-7.0605,-4.1853,-2.1960,-8.2321,1.3820,3.0662,-7.4613,-4.1371,-2.3840
1360.00,-7.0605,-4.1853,-2.1960,-8.2321,1.3820,3.0656,-7.4613,-4.1371,-2.3845
1360.50,-7.0605,-4.1853,-2.1960,-8.2321,1.3820,3.0652,-7.4613,-4.1371,-2.3849
1361.00,-7.0605,-4.1853,-2.1960,-8.2321,1.3820,3.0648,-7.4613,-4.1371,-2.3854
1361.50,-7.0605,-4.1853,-2.1960,-8.2321,1.3820,3.0635,-7.4613,-4.1371,-2.3867
1362.00,-7.0605,-4.1853,-2.1960,-8.2321,1.3820,3.0627,-7.4613,-4.1371,-2.3875
1362.50,-7.0605,-4.1853,-2.1960,-8.2321,1.3820,3.0619,-7.4613,-4.1371,-2.3883
1363.00,-7.0605,-4.1853,-2.1960,-8.2321,1.3820,3.0614,-7.4613,-4.1371,-2.3887
1363.50,-7.0605,-4.1853,-2.1960,-8.2321,1.3820,3.0614,-7.4613,-4.1371,-2.3887
1364.00,-7.0605,-4.1853,-2.1960,-8.2321,1.3820,3.0611,-7.4613,-4.1371,-2.3890
1364.50,-7.0605,-4.1853,-2.1960,-8.2321,1.3820,3.0609,-7.4613,-4.1371,-2.3893
1365.00,-7.0605,-4.1853,-2.1960,-8.2321,1.3820,3.0609,-7.4613,-4.1371,-2.3893
1365.50,-7.0605,-4.1853,-2.1960,-8.2321,1.3820,3.0604,-7.4613,-4.1371,-2.3898
1366.00,-7.0605,-4.1853,-2.1960,-8.2321,1.3820,3.0601,-7.4613,-4.1371,-2.3901
1366.50,-7.0605,-4.1853,-2.1960,-8.2321,1.3820,3.0599,-7.4613,-4.1371,-2.3903
1367.00,-7.0605,-4.1853,-2.1960,-8.2321,1.3820,3.0600,-7.4613,-4.1371,-2.3901
1367.50,-7.0605,-4.1853,-2.1960,-8.2321,1.3820,3.0606,-7.4613,-4.1371,-2.3896
1368.00,-7.0605,-4.1853,-2.1960,-8.2321,1.3820,3.0606,-7.4613,-4.1371,-2.3896
1368.50,-7.0605,-4.1853,-2.1960,-8.2321,1.3820,3.0603,-7.4613,-4.1371,-2.3899
1369.00,-7.0605,-4.1853,-2.1960,-8.2321,1.3820,3.0597,-7.4613,-4.1371,-2.3905
1369.50,-7.0605,-4.1853,-2.1960,-8.2321,1.3820,3.0601,-7.4613,-4.1371,-2.3901
1370.00,-7.0605,-4.1853,-2.1960,-8.2321,1.3820,3.0598,-7.4613,-4.1371,-2.3904
1370.50,-7.0605,-4.1853,-2.1960,-8.2321,1.3820,3.0598,-7.4613,-4.1371,-2.3904
1371.00,-7.0605,-4.1853,-2.1960,-8.2321,1.3820,3.0590,-7.4613,-4.1371,-2.3912
1371.50,-7.0605,-4.1853,-2.1960,-8.2321,1.3820,3.0594,-7.4613,-4.1371,-2.3908
1372.00,-7.0605,-4.1853,-2.1960,-8.2321,1.3820,3.0588,-7.4613,-4.1371,-2.3914
1372.50,-7.0605,-4.1853,-2.1960,-8.2321,1.3820,3.0583,-7.4613,-4.1371,-2.3919
1373.00,-7.0605,-4.1853,-2.1960,-8.2321,1.3820,3.0580,-7.4613,-4.1371,-2.3922
1373.50,-7.0605,-4.1853,-2.1960,-8.2321,1.3820,3.0579,-7.4613,-4.1371,-2.3923
1374.00,-7.0605,-4.1853,-2.1960,-8.2321,1.3820,3.0578,-7.4613,-4.1371,-2.3924
1374.50,-7.0605,-4.1853,-2.1960,-8.2321,1.3820,3.0576,-7.4613,-4.1371,-2.3926
1375.00,-7.0605,-4.1853,-2.1960,-8.2321,1.3820,3.0574,-7.4613,-4.1371,-2.3928
1375.50,-7.0605,-4.1853,-2.1960,-8.2321,1.3820,3.0576,-7.4613,-4.1371,-2.3926
1376.00,-7.0605,-4.1853,-2.1960,-8.2321,1.3820,3.0577,-7.4613,-4.1371,-2.3925
1376.50,-7.0605,-4.1853,-2.1960,-8.2321,1.3820,3.0573,-7.4613,-4.1371,-2.3929
1377.00,-7.0605,-4.1853,-2.1960,-8.2321,1.3820,3.0567,-7.4613,-4.1371,-2.3935
1377.50,-7.0605,-4.1853,-2.1960,-8.2321,1.3820,3.0564,-7.4613,-4.1371,-2.3938
1378.00,-7.0605,-4.1853,-2.1960,-8.2321,1.3820,3.0564,-7.4613,-4.1371,-2.3938
1378.50,-7.0605,-4.1853,-2.1960,-8.2321,1.3820,3.0565,-7.4613,-4.1371,-2.3937
1379.00,-7.0605,-4.1853,-2.1960,-8.2321,1.3820,3.0568,-7.4613,-4.1371,-2.3934
1379.50,-7.0605,-4.1853,-2.1960,-8.2321,1.3820,3.0567,-7.4613,-4.1371,-2.3935
1380.00,-7.0605,-4.1853,-2.1960,-8.2321,1.3820,3.0565,-7.4613,-4.1371,-2.3937
1380.50,-7.0605,-4.1853,-2.1960,-8.2321,1.3820,3.0568,-7.4613,-4.1371,-2.3934
1381.00,-7.0605,-4.1853,-2.1960,-8.2321,1.3820,3.0561,-7.4613,-4.1371,-2.3941
1381.50,-7.0605,-4.1853,-2.1960,-8.2321,1.3820,3.0557,-7.4613,-4.1371,-2.3945
1382.00,-7.0605,-4.1853,-2.1960,-8.2321,1.3820,3.0555,-7.4613,-4.1371,-2.3947
1382.50,-7.0605,-4.1853,-2.1960,-8.2321,1.3820,3.0547,-7.4613,-4.1371,-2.3955
1383.00,-7.0605,-4.1853,-2.1960,-8.2321,1.3820,3.0549,-7.4613,-4.1371,-2.3953
1383.50,-7.0605,-4.1853,-2.1960,-8.2321,1.3820,3.0540,-7.4613,-4.1371,-2.3962
1384.00,-7.0605,-4.1853,-2.1960,-8.2321,1.3820,3.0541,-7.4613,-4.1371,-2.3961
1384.50,-7.0605,-4.1853,-2.1960,-8.2321,1.3820,3.0534,-7.4613,-4.1371,-2.3968
1385.00,-7.0605,-4.1853,-2.1949,-8.2321,1.3820,3.0527,-7.4613,-4.1371,-2.3975
1385.50,-7.0605,-4.1853,-2.1949,-8.2321,1.3820,3.0525,-7.4613,-4.1371,-2.3977
1386.00,-7.0605,-4.1853,-2.1949,-8.2321,1.3820,3.0523,-7.4613,-4.1371,-2.3979
1386.50,-7.0605,-4.1853,-2.1949,-8.2321,1.3820,3.0518,-7.4613,-4.1371,-2.3983
1387.00,-7.0605,-4.1853,-2.1949,-8.2321,1.3820,3.0520,-7.4613,-4.1371,-2.3982
1387.50,-7.0605,-4.1853,-2.1949,-8.2321,1.3820,3.0522,-7.4613,-4.1371,-2.3980
1388.00,-7.0605,-4.1853,-2.1949,-8.2321,1.3820,3.0516,-7.4613,-4.1371,-2.3986
1388.50,-7.0605,-4.1853,-2.1949,-8.2321,1.3820,3.0513,-7.4613,-4.1371,-2.3989
1389.00,-7.0605,-4.1853,-2.1949,-8.2321,1.3820,3.0506,-7.4613,-4.1371,-2.3996
1389.50,-7.0605,-4.1853,-2.1949,-8.2321,1.3820,3.0504,-7.4613,-4.1371,-2.3998
1390.00,-7.0605,-4.1853,-2.1949,-8.2321,1.3820,3.0499,-7.4613,-4.1371,-2.4003
1390.50,-7.0605,-4.1853,-2.1949,-8.2321,1.3820,3.0495,-7.4613,-4.1371,-2.4007
1391.00,-7.0605,-4.1853,-2.1949,-8.2321,1.3820,3.0490,-7.4613,-4.1371,-2.4012
1391.50,-7.0605,-4.1853,-2.1949,-8.2321,1.3820,3.0491,-7.4613,-4.1371,-2.4011
1392.00,-7.0605,-4.1853,-2.1949,-8.2321,1.3820,3.0486,-7.4613,-4.1371,-2.4016
1392.50,-7.0605,-4.1853,-2.1949,-8.2321,1.3820,3.0490,-7.4613,-4.1371,-2.4012
1393.00,-7.0605,-4.1853,-2.1949,-8.2321,1.3820,3.0487,-7.4613,-4.1371,-2.4015
1393.50,-7.0605,-4.1853,-2.1949,-8.2321,1.3820,3.0485,-7.4613,-4.1371,-2.4017
1394.00,-7.0605,-4.1853,-2.1949,-8.2321,1.3820,3.0481,-7.4613,-4.1371,-2.4021
1394.50,-7.0605,-4.1853,-2.1949,-8.2321,1.3820,3.0479,-7.4613,-4.1371,-2.4023
1395.00,-7.0605,-4.1853,-2.1949,-8.2321,1.3820,3.0476,-7.4613,-4.1371,-2.4026
1395.50,-7.0605,-4.1853,-2.1949,-8.2321,1.3820,3.0473,-7.4613,-4.1371,-2.4029
1396.00,-7.0605,-4.1853,-2.1949,-8.2321,1.3820,3.0471,-7.4613,-4.1371,-2.4031
1396.50,-7.0605,-4.1853,-2.1949,-8.2321,1.3820,3.0474,-7.4613,-4.1371,-2.4028
1397.00,-7.0605,-4.1853,-2.1949,-8.2321,1.3820,3.0468,-7.4613,-4.1371,-2.4033
1397.50,-7.0605,-4.1853,-2.1949,-8.2321,1.3820,3.0468,-7.4613,-4.1371,-2.4034
1398.00,-7.0605,-4.1853,-2.1949,-8.2321,1.3820,3.0467,-7.4613,-4.1371,-2.4035
1398.50,-7.0605,-4.1853,-2.1949,-8.2321,1.3820,3.0467,-7.4613,-4.1371,-2.4035
1399.00,-7.0605,-4.1853,-2.1949,-8.2321,1.3820,3.0460,-7.4613,-4.1371,-2.4042
1399.50,-7.0605,-4.1853,-2.1949,-8.2321,1.3820,3.0453,-7.4613,-4.1371,-2.4049
1400.00,-7.0605,-4.1853,-2.1949,-8.2321,1.3820,3.0443,-7.4613,-4.1371,-2.4059
1400.50,-7.0605,-4.1853,-2.1949,-8.2321,1.3820,3.0438,-7.4613,-4.1371,-2.4063
1401.00,-7.0605,-4.1853,-2.1949,-8.2321,1.3820,3.0439,-7.4613,-4.1371,-2.4063
1401.50,-7.0605,-4.1853,-2.1949,-8.2321,1.3820,3.0433,-7.4613,-4.1371,-2.4069
1402.00,-7.0605,-4.1853,-2.1949,-8.2321,1.3820,3.0429,-7.4613,-4.1371,-2.4073
1402.50,-7.0605,-4.1853,-2.1949,-8.2321,1.3820,3.0428,-7.4613,-4.1371,-2.4074
1403.00,-7.0605,-4.1853,-2.1949,-8.2321,1.3820,3.0427,-7.4613,-4.1371,-2.4075
1403.50,-7.0605,-4.1853,-2.1949,-8.2321,1.3820,3.0431,-7.4613,-4.1371,-2.4071
1404.00,-7.0605,-4.1853,-2.1949,-8.2321,1.3820,3.0426,-7.4613,-4.1371,-2.4076
1404.50,-7.0605,-4.1853,-2.1949,-8.2321,1.3820,3.0420,-7.4613,-4.1371,-2.4082
1405.00,-7.0605,-4.1853,-2.1949,-8.2321,1.3820,3.0418,-7.4613,-4.1371,-2.4084
1405.50,-7.0605,-4.1853,-2.1949,-8.2321,1.3820,3.0423,-7.4613,-4.1371,-2.4079
1406.00,-7.0605,-4.1853,-2.1949,-8.2321,1.3820,3.0424,-7.4613,-4.1371,-2.4078
1406.50,-7.0605,-4.1853,-2.1949,-8.2321,1.3820,3.0415,-7.4613,-4.1371,-2.4087
1407.00,-7.0605,-4.1853,-2.1949,-8.2321,1.3820,3.0409,-7.4613,-4.1371,-2.4093
1407.50,-7.0605,-4.1853,-2.1949,-8.2321,1.3820,3.0405,-7.4613,-4.1371,-2.4097
1408.00,-7.0605,-4.1853,-2.1949,-8.2321,1.3820,3.0408,-7.4613,-4.1371,-2.4094
1408.50,-7.0605,-4.1853,-2.1949,-8.2321,1.3820,3.0407,-7.4613,-4.1371,-2.4095
1409.00,-7.0605,-4.1853,-2.1949,-8.2321,1.3820,3.0404,-7.4613,-4.1371,-2.4098
1409.50,-7.0605,-4.1853,-2.1949,-8.2321,1.3820,3.0403,-7.4613,-4.1371,-2.4099
1410.00,-7.0605,-4.1853,-2.1949,-8.2321,1.3820,3.0401,-7.4613,-4.1371,-2.4101
1410.50,-7.0605,-4.1853,-2.1949,-8.2321,1.3820,3.0398,-7.4613,-4.1371,-2.4104
1411.00,-7.0605,-4.1853,-2.1949,-8.2321,1.3820,3.0399,-7.4613,-4.1371,-2.4103
1411.50,-7.0605,-4.1853,-2.1949,-8.2321,1.3820,3.0398,-7.4613,-4.1371,-2.4104
1412.00,-7.0605,-4.1853,-2.1949,-8.2321,1.3820,3.0390,-7.4613,-4.1371,-2.4112
1412.50,-7.0605,-4.1853,-2.1949,-8.2321,1.3820,3.0395,-7.4613,-4.1371,-2.4107
1413.00,-7.0605,-4.1853,-2.1949,-8.2321,1.3820,3.0387,-7.4613,-4.1371,-2.4115
1413.50,-7.0605,-4.1853,-2.1949,-8.2321,1.3820,3.0386,-7.4613,-4.1371,-2.4116
1414.00,-7.0605,-4.1853,-2.1949,-8.2321,1.3820,3.0386,-7.4613,-4.1371,-2.4116
1414.50,-7.0605,-4.1853,-2.1949,-8.2321,1.3820,3.0384,-7.4613,-4.1371,-2.4118
1415.00,-7.0605,-4.1853,-2.1949,-8.2321,1.3820,3.0387,-7.4613,-4.1371,-2.4115
1415.50,-7.0605,-4.1853,-2.1949,-8.2321,1.3820,3.0381,-7.4613,-4.1371,-2.4121
1416.00,-7.0605,-4.1853,-2.1949,-8.2321,1.3820,3.0373,-7.4613,-4.1371,-2.4129
1416.50,-7.0605,-4.1853,-2.1949,-8.2321,1.3820,3.0371,-7.4613,-4.1371,-2.4131
1417.00,-7.0605,-4.1853,-2.1949,-8.2321,1.3820,3.0371,-7.4613,-4.1371,-2.4131
1417.50,-7.0605,-4.1853,-2.1949,-8.2321,1.3820,3.0368,-7.4613,-4.1371,-2.4134
1418.00,-7.0605,-4.1853,-2.1949,-8.2321,1.3820,3.0371,-7.4613,-4.1371,-2.4131
1418.50,-7.0605,-4.1853,-2.1949,-8.2321,1.3820,3.0374,-7.4613,-4.1371,-2.4128
1419.00,-7.0605,-4.1853,-2.1949,-8.2321,1.3820,3.0372,-7.4613,-4.1371,-2.4130
1419.50,-7.0605,-4.1853,-2.1949,-8.2321,1.3820,3.0368,-7.4613,-4.1371,-2.4134
1420.00,-7.0605,-4.1853,-2.1949,-8.2321,1.3820,3.0365,-7.4613,-4.1371,-2.4137
1420.50,-7.0605,-4.1853,-2.1949,-8.2321,1.3820,3.0360,-7.4613,-4.1371,-2.4142
1421.00,-7.0605,-4.1853,-2.1949,-8.2321,1.3820,3.0363,-7.4613,-4.1371,-2.4139
1421.50,-7.0605,-4.1853,-2.1949,-8.2321,1.3820,3.0363,-7.4613,-4.1371,-2.4139
1422.00,-7.0605,-4.1853,-2.1949,-8.2321,1.3820,3.0360,-7.4613,-4.1371,-2.4142
1422.50,-7.0605,-4.1853,-2.1949,-8.2321,1.3820,3.0362,-7.4613,-4.1371,-2.4140
1423.00,-7.0605,-4.1853,-2.1949,-8.2321,1.3820,3.0360,-7.4613,-4.1371,-2.4142
1423.50,-7.0605,-4.1853,-2.1949,-8.2321,1.3820,3.0359,-7.4613,-4.1371,-2.4143
1424.00,-7.0605,-4.1853,-2.1949,-8.2321,1.3820,3.0354,-7.4613,-4.1371,-2.4148
1424.50,-7.0605,-4.1853,-2.1949,-8.2321,1.3820,3.0354,-7.4613,-4.1371,-2.4148
1425.00,-7.0605,-4.1853,-2.1949,-8.2321,1.3820,3.0349,-7.4613,-4.1371,-2.4153
1425.50,-7.0605,-4.1853,-2.1949,-8.2321,1.3820,3.0346,-7.4613,-4.1371,-2.4156
1426.00,-7.0605,-4.1853,-2.1949,-8.2321,1.3820,3.0350,-7.4613,-4.1371,-2.4152
1426.50,-7.0605,-4.1853,-2.1949,-8.2321,1.3820,3.0349,-7.4613,-4.1371,-2.4153
1427.00,-7.0605,-4.1853,-2.1949,-8.2321,1.3820,3.0339,-7.4613,-4.1371,-2.4163
1427.50,-7.0605,-4.1853,-2.1949,-8.2321,1.3820,3.0335,-7.4613,-4.1371,-2.4167
1428.00,-7.0605,-4.1853,-2.1949,-8.2321,1.3820,3.0331,-7.4613,-4.1371,-2.4170
1428.50,-7.0605,-4.1853,-2.1949,-8.2321,1.3820,3.0333,-7.4613,-4.1371,-2.4169
1429.00,-7.0605,-4.1853,-2.1949,-8.2321,1.3820,3.0332,-7.4613,-4.1371,-2.4170
1429.50,-7.0605,-4.1853,-2.1949,-8.2321,1.3820,3.0328,-7.4613,-4.1371,-2.4174
1430.00,-7.0605,-4.1853,-2.1949,-8.2321,1.3820,3.0320,-7.4613,-4.1371,-2.4182
1430.50,-7.0605,-4.1853,-2.1949,-8.2321,1.3820,3.0319,-7.4613,-4.1371,-2.4183
1431.00,-7.0605,-4.1853,-2.1949,-8.2321,1.3820,3.0323,-7.4613,-4.1371,-2.4179
1431.50,-7.0605,-4.1853,-2.1949,-8.2321,1.3820,3.0322,-7.4613,-4.1371,-2.4180
1432.00,-7.0605,-4.1853,-2.1949,-8.2321,1.3820,3.0317,-7.4613,-4.1371,-2.4185
1432.50,-7.0605,-4.1853,-2.1949,-8.2321,1.3820,3.0313,-7.4613,-4.1371,-2.4189
1433.00,-7.0605,-4.1853,-2.1949,-8.2321,1.3820,3.0308,-7.4613,-4.1371,-2.4194
1433.50,-7.0605,-4.1853,-2.1949,-8.2321,1.3820,3.0303,-7.4613,-4.1371,-2.4199
1434.00,-7.0605,-4.1853,-2.1949,-8.2321,1.3820,3.0300,-7.4613,-4.1371,-2.4202
1434.50,-7.0605,-4.1853,-2.1949,-8.2321,1.3820,3.0300,-7.4613,-4.1371,-2.4202
1435.00,-7.0605,-4.1853,-2.1949,-8.2321,1.3820,3.0290,-7.4613,-4.1371,-2.4212
1435.50,-7.0605,-4.1853,-2.1949,-8.2321,1.3820,3.0289,-7.4613,-4.1371,-2.4213
1436.00,-7.0605,-4.1853,-2.1949,-8.2321,1.3820,3.0284,-7.4613,-4.1371,-2.4218
1436.50,-7.0605,-4.1853,-2.1949,-8.2321,1.3820,3.0278,-7.4613,-4.1371,-2.4224
1437.00,-7.0605,-4.1853,-2.1949,-8.2321,1.3820,3.0277,-7.4613,-4.1371,-2.4224
1437.50,-7.0605,-4.1853,-2.1949,-8.2321,1.3820,3.0276,-7.4613,-4.1371,-2.4226
1438.00,-7.0605,-4.1853,-2.1949,-8.2321,1.3820,3.0272,-7.4613,-4.1371,-2.4230
1438.50,-7.0605,-4.1853,-2.1949,-8.2321,1.3820,3.0271,-7.4613,-4.1371,-2.4231
1439.00,-7.0605,-4.1853,-2.1949,-8.2321,1.3820,3.0267,-7.4613,-4.1371,-2.4235
1439.50,-7.0605,-4.1853,-2.1949,-8.2321,1.3820,3.0263,-7.4613,-4.1371,-2.4239
1440.00,-7.0605,-4.1853,-2.1949,-8.2321,1.3820,3.0262,-7.4613,-4.1371,-2.4240
1440.50,-7.0605,-4.1853,-2.1949,-8.2321,1.3820,3.0259,-7.4613,-4.1371,-2.4243
1441.00,-7.0605,-4.1853,-2.1949,-8.2321,1.3820,3.0258,-7.4613,-4.1371,-2.4244
1441.50,-7.0605,-4.1853,-2.1949,-8.2321,1.3820,3.0259,-7.4613,-4.1371,-2.4242
1442.00,-7.0605,-4.1853,-2.1949,-8.2321,1.3820,3.0256,-7.4613,-4.1371,-2.4246
1442.50,-7.0605,-4.1853,-2.1949,-8.2321,1.3820,3.0252,-7.4613,-4.1371,-2.4250
1443.00,-7.0605,-4.1853,-2.1949,-8.2321,1.3820,3.0249,-7.4613,-4.1371,-2.4253
1443.50,-7.0605,-4.1853,-2.1949,-8.2321,1.3820,3.0249,-7.4613,-4.1371,-2.4253
1444.00,-7.0605,-4.1853,-2.1949,-8.2321,1.3820,3.0250,-7.4613,-4.1371,-2.4252
1444.50,-7.0605,-4.1853,-2.1949,-8.2321,1.3820,3.0246,-7.4613,-4.1371,-2.4256
1445.00,-7.0605,-4.1853,-2.1949,-8.2321,1.3820,3.0245,-7.4613,-4.1371,-2.4257
1445.50,-7.0605,-4.1853,-2.1949,-8.2321,1.3820,3.0244,-7.4613,-4.1371,-2.4257
1446.00,-7.0605,-4.1853,-2.1949,-8.2321,1.3820,3.0239,-7.4613,-4.1371,-2.4263
1446.50,-7.0605,-4.1853,-2.1949,-8.2321,1.3820,3.0234,-7.4613,-4.1371,-2.4268
1447.00,-7.0605,-4.1853,-2.1949,-8.2321,1.3820,3.0229,-7.4613,-4.1371,-2.4273
1447.50,-7.0605,-4.1853,-2.1949,-8.2321,1.3820,3.0218,-7.4613,-4.1371,-2.4283
1448.00,-7.0605,-4.1853,-2.1949,-8.2321,1.3820,3.0216,-7.4613,-4.1371,-2.4286
1448.50,-7.0605,-4.1853,-2.1949,-8.2321,1.3820,3.0215,-7.4613,-4.1371,-2.4287
1449.00,-7.0605,-4.1853,-2.1949,-8.2321,1.3820,3.0205,-7.4613,-4.1371,-2.4297
1449.50,-7.0605,-4.1853,-2.1949,-8.2321,1.3820,3.0208,-7.4613,-4.1371,-2.4294
1450.00,-7.0605,-4.1853,-2.1949,-8.2321,1.3820,3.0208,-7.4613,-4.1371,-2.4294
1450.50,-7.0605,-4.1853,-2.1949,-8.2321,1.3820,3.0201,-7.4613,-4.1371,-2.4301
1451.00,-7.0605,-4.1853,-2.1949,-8.2321,1.3820,3.0206,-7.4613,-4.1371,-2.4296
1451.50,-7.0605,-4.1853,-2.1949,-8.2321,1.3820,3.0203,-7.4613,-4.1371,-2.4299
1452.00,-7.0605,-4.1853,-2.1949,-8.2321,1.3820,3.0202,-7.4613,-4.1371,-2.4300
1452.50,-7.0605,-4.1853,-2.1949,-8.2321,1.3820,3.0205,-7.4613,-4.1371,-2.4297
1453.00,-7.0605,-4.1853,-2.1949,-8.2321,1.3820,3.0200,-7.4613,-4.1371,-2.4302
1453.50,-7.0605,-4.1853,-2.1949,-8.2321,1.3820,3.0198,-7.4613,-4.1371,-2.4304
1454.00,-7.0605,-4.1853,-2.1949,-8.2321,1.3820,3.0196,-7.4613,-4.1371,-2.4306
1454.50,-7.0605,-4.1853,-2.1949,-8.2321,1.3820,3.0185,-7.4613,-4.1371,-2.4317
1455.00,-7.0605,-4.1853,-2.1949,-8.2321,1.3820,3.0183,-7.4613,-4.1371,-2.4318
1455.50,-7.0605,-4.1853,-2.1949,-8.2321,1.3820,3.0183,-7.4613,-4.1371,-2.4319
1456.00,-7.0605,-4.1853,-2.1949,-8.2321,1.3820,3.0182,-7.4613,-4.1371,-2.4320
1456.50,-7.0605,-4.1853,-2.1949,-8.2321,1.3820,3.0187,-7.4613,-4.1371,-2.4315
1457.00,-7.0605,-4.1853,-2.1949,-8.2321,1.3820,3.0186,-7.4613,-4.1371,-2.4316
1457.50,-7.0605,-4.1853,-2.1949,-8.2321,1.3820,3.0182,-7.4613,-4.1371,-2.4320
1458.00,-7.0605,-4.1853,-2.1949,-8.2321,1.3820,3.0176,-7.4613,-4.1371,-2.4326
1458.50,-7.0605,-4.1853,-2.1949,-8.2321,1.3820,3.0168,-7.4613,-4.1371,-2.4334
1459.00,-7.0605,-4.1853,-2.1949,-8.2321,1.3820,3.0169,-7.4613,-4.1371,-2.4333
1459.50,-7.0605,-4.1853,-2.1949,-8.2321,1.3820,3.0158,-7.4613,-4.1371,-2.4344
1460.00,-7.0605,-4.1853,-2.1949,-8.2321,1.3820,3.0158,-7.4613,-4.1371,-2.4344
1460.50,-7.0605,-4.1853,-2.1949,-8.2321,1.3820,3.0156,-7.4613,-4.1371,-2.4346
1461.00,-7.0605,-4.1853,-2.1949,-8.2321,1.3820,3.0157,-7.4613,-4.1371,-2.4345
1461.50,-7.0605,-4.1853,-2.1949,-8.2321,1.3820,3.0153,-7.4613,-4.1371,-2.4349
1462.00,-7.0605,-4.1853,-2.1949,-8.2321,1.3820,3.0154,-7.4613,-4.1371,-2.4348
1462.50,-7.0605,-4.1853,-2.1949,-8.2321,1.3820,3.0154,-7.4613,-4.1371,-2.4348
1463.00,-7.0605,-4.1853,-2.1949,-8.2321,1.3820,3.0147,-7.4613,-4.1371,-2.4355
1463.50,-7.0605,-4.1853,-2.1949,-8.2321,1.3820,3.0143,-7.4613,-4.1371,-2.4359
1464.00,-7.0605,-4.1853,-2.1949,-8.2321,1.3820,3.0139,-7.4613,-4.1371,-2.4363
1464.50,-7.0605,-4.1853,-2.1949,-8.2321,1.3820,3.0139,-7.4613,-4.1371,-2.4363
1465.00,-7.0605,-4.1853,-2.1949,-8.2321,1.3820,3.0133,-7.4613,-4.1371,-2.4369
1465.50,-7.0605,-4.1853,-2.1949,-8.2321,1.3820,3.0131,-7.4613,-4.1371,-2.4371
1466.00,-7.0605,-4.1853,-2.1949,-8.2321,1.3820,3.0132,-7.4613,-4.1371,-2.4370
1466.50,-7.0605,-4.1853,-2.1949,-8.2321,1.3820,3.0134,-7.4613,-4.1371,-2.4368
1467.00,-7.0605,-4.1853,-2.1949,-8.2321,1.3820,3.0135,-7.4613,-4.1371,-2.4367
1467.50,-7.0605,-4.1853,-2.1949,-8.2321,1.3820,3.0134,-7.4613,-4.1371,-2.4368
1468.00,-7.0605,-4.1853,-2.1949,-8.2321,1.3820,3.0133,-7.4613,-4.1371,-2.4369
1468.50,-7.0605,-4.1853,-2.1949,-8.2321,1.3820,3.0131,-7.4613,-4.1371,-2.4371
1469.00,-7.0605,-4.1853,-2.1949,-8.2321,1.3820,3.0125,-7.4613,-4.1371,-2.4377
1469.50,-7.0605,-4.1853,-2.1949,-8.2321,1.3820,3.0124,-7.4613,-4.1371,-2.4378
1470.00,-7.0605,-4.1853,-2.1949,-8.2321,1.3820,3.0117,-7.4613,-4.1371,-2.4385
1470.50,-7.0605,-4.1853,-2.1949,-8.2321,1.3820,3.0120,-7.4613,-4.1371,-2.4382
1471.00,-7.0605,-4.1853,-2.1949,-8.2321,1.3820,3.0120,-7.4613,-4.1371,-2.4382
1471.50,-7.0605,-4.1853,-2.1949,-8.2321,1.3820,3.0121,-7.4613,-4.1371,-2.4381
1472.00,-7.0605,-4.1853,-2.1949,-8.2321,1.3820,3.0115,-7.4613,-4.1371,-2.4387
1472.50,-7.0605,-4.1853,-2.1949,-8.2321,1.3820,3.0114,-7.4613,-4.1371,-2.4388
1473.00,-7.0605,-4.1853,-2.1949,-8.2321,1.3820,3.0109,-7.4613,-4.1371,-2.4393
1473.50,-7.0605,-4.1853,-2.1949,-8.2321,1.3820,3.0110,-7.4613,-4.1371,-2.4392
1474.00,-7.0605,-4.1853,-2.1949,-8.2321,1.3820,3.0108,-7.4613,-4.1371,-2.4394
1474.50,-7.0605,-4.1853,-2.1949,-8.2321,1.3820,3.0107,-7.4613,-4.1371,-2.4395
1475.00,-7.0605,-4.1853,-2.1949,-8.2321,1.3820,3.0103,-7.4613,-4.1371,-2.4399
1475.50,-7.0605,-4.1853,-2.1949,-8.2321,1.3820,3.0100,-7.4613,-4.1371,-2.4402
1476.00,-7.0605,-4.1853,-2.1949,-8.2321,1.3820,3.0094,-7.4613,-4.1371,-2.4408
1476.50,-7.0605,-4.1853,-2.1949,-8.2321,1.3820,3.0093,-7.4613,-4.1371,-2.4409
1477.00,-7.0605,-4.1853,-2.1949,-8.2321,1.3820,3.0089,-7.4613,-4.1371,-2.4413
1477.50,-7.0605,-4.1853,-2.1949,-8.2321,1.3820,3.0088,-7.4613,-4.1371,-2.4414
1478.00,-7.0605,-4.1853,-2.1949,-8.2321,1.3820,3.0091,-7.4613,-4.1371,-2.4411
1478.50,-7.0605,-4.1853,-2.1949,-8.2321,1.3820,3.0091,-7.4613,-4.1371,-2.4411
1479.00,-7.0605,-4.1853,-2.1949,-8.2321,1.3820,3.0085,-7.4613,-4.1371,-2.4417
1479.50,-7.0605,-4.1853,-2.1949,-8.2321,1.3820,3.0085,-7.4613,-4.1371,-2.4417
1480.00,-7.0605,-4.1853,-2.1949,-8.2321,1.3820,3.0082,-7.4613,-4.1371,-2.4420
1480.50,-7.0605,-4.1853,-2.1949,-8.2321,1.3820,3.0075,-7.4613,-4.1371,-2.4427
1481.00,-7.0605,-4.1853,-2.1949,-8.2321,1.3820,3.0063,-7.4613,-4.1371,-2.4439
1481.50,-7.0605,-4.1853,-2.1949,-8.2321,1.3820,3.0056,-7.4613,-4.1371,-2.4446
1482.00,-7.0605,-4.1853,-2.1949,-8.2321,1.3820,3.0060,-7.4613,-4.1371,-2.4442
1482.50,-7.0605,-4.1853,-2.1949,-8.2321,1.3820,3.0054,-7.4613,-4.1371,-2.4448
1483.00,-7.0605,-4.1853,-2.1949,-8.2321,1.3820,3.0054,-7.4613,-4.1371,-2.4448
1483.50,-7.0605,-4.1853,-2.1949,-8.2321,1.3820,3.0053,-7.4613,-4.1371,-2.4449
1484.00,-7.0605,-4.1853,-2.1949,-8.2321,1.3820,3.0059,-7.4613,-4.1371,-2.4443
1484.50,-7.0605,-4.1853,-2.1949,-8.2321,1.3820,3.0052,-7.4613,-4.1371,-2.4450
1485.00,-7.0605,-4.1853,-2.1949,-8.2321,1.3820,3.0048,-7.4613,-4.1371,-2.4454
1485.50,-7.0605,-4.1853,-2.1949,-8.2321,1.3820,3.0045,-7.4613,-4.1371,-2.4457
1486.00,-7.0605,-4.1853,-2.1949,-8.2321,1.3820,3.0044,-7.4613,-4.1371,-2.4458
1486.50,-7.0605,-4.1853,-2.1949,-8.2321,1.3820,3.0042,-7.4613,-4.1371,-2.4460
1487.00,-7.0605,-4.1853,-2.1949,-8.2321,1.3820,3.0040,-7.4613,-4.1371,-2.4462
1487.50,-7.0605,-4.1853,-2.1949,-8.2321,1.3820,3.0039,-7.4613,-4.1371,-2.4463
1488.00,-7.0605,-4.1853,-2.1949,-8.2321,1.3820,3.0034,-7.4613,-4.1371,-2.4468
1488.50,-7.0605,-4.1853,-2.1949,-8.2321,1.3820,3.0030,-7.4613,-4.1371,-2.4472
1489.00,-7.0605,-4.1853,-2.1949,-8.2321,1.3820,3.0032,-7.4613,-4.1371,-2.4470
1489.50,-7.0605,-4.1853,-2.1949,-8.2321,1.3820,3.0031,-7.4613,-4.1371,-2.4471
1490.00,-7.0605,-4.1853,-2.1949,-8.2321,1.3820,3.0024,-7.4613,-4.1371,-2.4477
1490.50,-7.0605,-4.1853,-2.1949,-8.2321,1.3820,3.0020,-7.4613,-4.1371,-2.4482
1491.00,-7.0605,-4.1853,-2.1949,-8.2321,1.3820,3.0013,-7.4613,-4.1371,-2.4489
1491.50,-7.0605,-4.1853,-2.1949,-8.2321,1.3820,3.0014,-7.4613,-4.1371,-2.4488
1492.00,-7.0605,-4.1853,-2.1949,-8.2321,1.3820,3.0010,-7.4613,-4.1371,-2.4492
1492.50,-7.0605,-4.1853,-2.1949,-8.2321,1.3820,3.0011,-7.4613,-4.1371,-2.4491
1493.00,-7.0605,-4.1853,-2.1949,-8.2321,1.3820,3.0017,-7.4613,-4.1371,-2.4485
1493.50,-7.0605,-4.1853,-2.1949,-8.2321,1.3820,3.0022,-7.4613,-4.1371,-2.4480
1494.00,-7.0605,-4.1853,-2.1949,-8.2321,1.3820,3.0015,-7.4613,-4.1371,-2.4487
1494.50,-7.0604,-4.1853,-2.1941,-8.2320,1.3820,3.0027,-7.4612,-4.1370,-2.4475
1495.00,-7.0604,-4.1853,-2.1941,-8.2320,1.3820,3.0027,-7.4612,-4.1370,-2.4475
1495.50,-7.0604,-4.1853,-2.1941,-8.2320,1.3820,3.0029,-7.4612,-4.1370,-2.4473
1496.00,-7.0604,-4.1853,-2.1941,-8.2320,1.3820,3.0031,-7.4612,-4.1370,-2.4471
1496.50,-7.0604,-4.1853,-2.1941,-8.2320,1.3820,3.0028,-7.4612,-4.1370,-2.4474
1497.00,-7.0604,-4.1853,-2.1941,-8.2320,1.3820,3.0023,-7.4612,-4.1370,-2.4479
1497.50,-7.0604,-4.1853,-2.1941,-8.2320,1.3820,3.0025,-7.4612,-4.1370,-2.4477
1498.00,-7.0604,-4.1853,-2.1941,-8.2320,1.3820,3.0024,-7.4612,-4.1370,-2.4478
1498.50,-7.0604,-4.1853,-2.1941,-8.2320,1.3820,3.0018,-7.4612,-4.1370,-2.4484
1499.00,-7.0604,-4.1853,-2.1941,-8.2320,1.3820,3.0021,-7.4612,-4.1370,-2.4481
1499.50,-7.0604,-4.1853,-2.1941,-8.2320,1.3820,3.0018,-7.4612,-4.1370,-2.4484
1500.00,-7.0604,-4.1853,-2.1941,-8.2320,1.3820,3.0010,-7.4612,-4.1370,-2.4492
1500.50,-7.0604,-4.1853,-2.1941,-8.2320,1.3820,3.0003,-7.4612,-4.1370,-2.4499
1501.00,-7.0604,-4.1853,-2.1941,-8.2320,1.3820,3.0000,-7.4612,-4.1370,-2.4502
1501.50,-7.0604,-4.1853,-2.1941,-8.2320,1.3820,2.9999,-7.4612,-4.1370,-2.4503
1502.00,-7.0604,-4.1853,-2.1941,-8.2320,1.3820,3.0000,-7.4612,-4.1370,-2.4502
1502.50,-7.0604,-4.1853,-2.1941,-8.2320,1.3820,2.9992,-7.4612,-4.1370,-2.4510
1503.00,-7.0604,-4.1853,-2.1941,-8.2320,1.3820,2.9991,-7.4612,-4.1370,-2.4511
1503.50,-7.0604,-4.1853,-2.1941,-8.2320,1.3820,2.9988,-7.4612,-4.1370,-2.4514
1504.00,-7.0604,-4.1853,-2.1941,-8.2320,1.3820,2.9991,-7.4612,-4.1370,-2.4511
1504.50,-7.0604,-4.1853,-2.1941,-8.2320,1.3820,2.9990,-7.4612,-4.1370,-2.4512
1505.00,-7.0604,-4.1853,-2.1941,-8.2320,1.3820,2.9987,-7.4612,-4.1370,-2.4515
1505.50,-7.0604,-4.1853,-2.1941,-8.2320,1.3820,2.9984,-7.4612,-4.1370,-2.4518
1506.00,-7.0604,-4.1853,-2.1941,-8.2320,1.3820,2.9985,-7.4612,-4.1370,-2.4517
1506.50,-7.0604,-4.1853,-2.1941,-8.2320,1.3820,2.9982,-7.4612,-4.1370,-2.4519
1507.00,-7.0604,-4.1853,-2.1941,-8.2320,1.3820,2.9982,-7.4612,-4.1370,-2.4520
1507.50,-7.0604,-4.1853,-2.1941,-8.2320,1.3820,2.9984,-7.4612,-4.1370,-2.4518
1508.00,-7.0604,-4.1853,-2.1941,-8.2320,1.3820,2.9985,-7.4612,-4.1370,-2.4517
1508.50,-7.0604,-4.1853,-2.1941,-8.2320,1.3820,2.9983,-7.4612,-4.1370,-2.4519
1509.00,-7.0604,-4.1853,-2.1941,-8.2320,1.3820,2.9986,-7.4612,-4.1370,-2.4516
1509.50,-7.0604,-4.1853,-2.1941,-8.2320,1.3820,2.9981,-7.4612,-4.1370,-2.4521
1510.00,-7.0604,-4.1853,-2.1941,-8.2320,1.3820,2.9981,-7.4612,-4.1370,-2.4521
1510.50,-7.0604,-4.1853,-2.1941,-8.2320,1.3820,2.9973,-7.4612,-4.1370,-2.4529
1511.00,-7.0604,-4.1853,-2.1941,-8.2320,1.3820,2.9974,-7.4612,-4.1370,-2.4528
1511.50,-7.0604,-4.1853,-2.1941,-8.2320,1.3820,2.9974,-7.4612,-4.1370,-2.4527
1512.00,-7.0604,-4.1853,-2.1941,-8.2320,1.3820,2.9976,-7.4612,-4.1370,-2.4526
1512.50,-7.0604,-4.1853,-2.1941,-8.2320,1.3820,2.9978,-7.4612,-4.1370,-2.4524
1513.00,-7.0604,-4.1853,-2.1941,-8.2320,1.3820,2.9976,-7.4612,-4.1370,-2.4526
1513.50,-7.0604,-4.1853,-2.1941,-8.2320,1.3820,2.9981,-7.4612,-4.1370,-2.4521
1514.00,-7.0604,-4.1853,-2.1941,-8.2320,1.3820,2.9983,-7.4612,-4.1370,-2.4519
1514.50,-7.0604,-4.1853,-2.1941,-8.2320,1.3820,2.9984,-7.4612,-4.1370,-2.4518
1515.00,-7.0604,-4.1853,-2.1941,-8.2320,1.3820,2.9982,-7.4612,-4.1370,-2.4520
1515.50,-7.0604,-4.1853,-2.1941,-8.2320,1.3820,2.9982,-7.4612,-4.1370,-2.4520
1516.00,-7.0604,-4.1853,-2.1941,-8.2320,1.3820,2.9981,-7.4612,-4.1370,-2.4521
1516.50,-7.0604,-4.1853,-2.1941,-8.2320,1.3820,2.9980,-7.4612,-4.1370,-2.4522
1517.00,-7.0604,-4.1853,-2.1941,-8.2320,1.3820,2.9977,-7.4612,-4.1370,-2.4525
1517.50,-7.0604,-4.1853,-2.1941,-8.2320,1.3820,2.9976,-7.4612,-4.1370,-2.4526
1518.00,-7.0604,-4.1853,-2.1941,-8.2320,1.3820,2.9973,-7.4612,-4.1370,-2.4529
1518.50,-7.0604,-4.1853,-2.1941,-8.2320,1.3820,2.9969,-7.4612,-4.1370,-2.4532
1519.00,-7.0604,-4.1853,-2.1941,-8.2320,1.3820,2.9965,-7.4612,-4.1370,-2.4537
1519.50,-7.0604,-4.1853,-2.1941,-8.2320,1.3820,2.9961,-7.4612,-4.1370,-2.4541
1520.00,-7.0604,-4.1853,-2.1941,-8.2320,1.3820,2.9960,-7.4612,-4.1370,-2.4542
1520.50,-7.0604,-4.1853,-2.1941,-8.2320,1.3820,2.9960,-7.4612,-4.1370,-2.4542
1521.00,-7.0604,-4.1853,-2.1941,-8.2320,1.3820,2.9956,-7.4612,-4.1370,-2.4546
1521.50,-7.0604,-4.1853,-2.1941,-8.2320,1.3820,2.9956,-7.4612,-4.1370,-2.4546
1522.00,-7.0604,-4.1853,-2.1941,-8.2320,1.3820,2.9955,-7.4612,-4.1370,-2.4547
1522.50,-7.0604,-4.1853,-2.1941,-8.2320,1.3820,2.9950,-7.4612,-4.1370,-2.4552
1523.00,-7.0604,-4.1853,-2.1941,-8.2320,1.3820,2.9947,-7.4612,-4.1370,-2.4555
1523.50,-7.0604,-4.1853,-2.1941,-8.2320,1.3820,2.9946,-7.4612,-4.1370,-2.4556
1524.00,-7.0604,-4.1853,-2.1941,-8.2320,1.3820,2.9942,-7.4612,-4.1370,-2.4560
1524.50,-7.0604,-4.1853,-2.1941,-8.2320,1.3820,2.9938,-7.4612,-4.1370,-2.4564
1525.00,-7.0604,-4.1853,-2.1941,-8.2320,1.3820,2.9936,-7.4612,-4.1370,-2.4566
1525.50,-7.0604,-4.1853,-2.1941,-8.2320,1.3820,2.9937,-7.4612,-4.1370,-2.4565
1526.00,-7.0604,-4.1853,-2.1941,-8.2320,1.3820,2.9932,-7.4612,-4.1370,-2.4570
1526.50,-7.0604,-4.1853,-2.1941,-8.2320,1.3820,2.9933,-7.4612,-4.1370,-2.4569
1527.00,-7.0604,-4.1853,-2.1941,-8.2320,1.3820,2.9931,-7.4612,-4.1370,-2.4571
1527.50,-7.0604,-4.1853,-2.1941,-8.2320,1.3820,2.9935,-7.4612,-4.1370,-2.4567
1528.00,-7.0604,-4.1853,-2.1941,-8.2320,1.3820,2.9931,-7.4612,-4.1370,-2.4571
1528.50,-7.0604,-4.1853,-2.1941,-8.2320,1.3820,2.9928,-7.4612,-4.1370,-2.4574
1529.00,-7.0604,-4.1853,-2.1941,-8.2320,1.3820,2.9930,-7.4612,-4.1370,-2.4572
1529.50,-7.0604,-4.1853,-2.1941,-8.2320,1.3820,2.9929,-7.4612,-4.1370,-2.4573
1530.00,-7.0604,-4.1853,-2.1941,-8.2320,1.3820,2.9927,-7.4612,-4.1370,-2.4575
1530.50,-7.0604,-4.1853,-2.1941,-8.2320,1.3820,2.9922,-7.4612,-4.1370,-2.4580
1531.00,-7.0604,-4.1853,-2.1941,-8.2320,1.3820,2.9925,-7.4612,-4.1370,-2.4577
1531.50,-7.0604,-4.1853,-2.1941,-8.2320,1.3820,2.9917,-7.4612,-4.1370,-2.4585
1532.00,-7.0604,-4.1853,-2.1941,-8.2320,1.3820,2.9917,-7.4612,-4.1370,-2.4585
1532.50,-7.0604,-4.1853,-2.1941,-8.2320,1.3820,2.9907,-7.4612,-4.1370,-2.4595
1533.00,-7.0604,-4.1853,-2.1941,-8.2320,1.3820,2.9904,-7.4612,-4.1370,-2.4598
1533.50,-7.0604,-4.1853,-2.1941,-8.2320,1.3820,2.9909,-7.4612,-4.1370,-2.4593
1534.00,-7.0604,-4.1853,-2.1941,-8.2320,1.3820,2.9909,-7.4612,-4.1370,-2.4593
1534.50,-7.0604,-4.1853,-2.1941,-8.2320,1.3820,2.9908,-7.4612,-4.1370,-2.4594
1535.00,-7.0604,-4.1853,-2.1941,-8.2320,1.3820,2.9910,-7.4612,-4.1370,-2.4592
1535.50,-7.0604,-4.1853,-2.1941,-8.2320,1.3820,2.9909,-7.4612,-4.1370,-2.4593
1536.00,-7.0604,-4.1853,-2.1941,-8.2320,1.3820,2.9903,-7.4612,-4.1370,-2.4599
1536.50,-7.0604,-4.1853,-2.1941,-8.2320,1.3820,2.9901,-7.4612,-4.1370,-2.4601
1537.00,-7.0604,-4.1853,-2.1941,-8.2320,1.3820,2.9897,-7.4612,-4.1370,-2.4605
1537.50,-7.0604,-4.1853,-2.1941,-8.2320,1.3820,2.9896,-7.4612,-4.1370,-2.4606
1538.00,-7.0604,-4.1853,-2.1941,-8.2320,1.3820,2.9888,-7.4612,-4.1370,-2.4614
1538.50,-7.0604,-4.1853,-2.1941,-8.2320,1.3820,2.9893,-7.4612,-4.1370,-2.4609
1539.00,-7.0604,-4.1853,-2.1941,-8.2320,1.3820,2.9889,-7.4612,-4.1370,-2.4613
1539.50,-7.0604,-4.1853,-2.1941,-8.2320,1.3820,2.9883,-7.4612,-4.1370,-2.4619
1540.00,-7.0604,-4.1853,-2.1941,-8.2320,1.3820,2.9882,-7.4612,-4.1370,-2.4620
1540.50,-7.0604,-4.1853,-2.1941,-8.2320,1.3820,2.9878,-7.4612,-4.1370,-2.4624
1541.00,-7.0604,-4.1853,-2.1941,-8.2320,1.3820,2.9878,-7.4612,-4.1370,-2.4624
1541.50,-7.0604,-4.1853,-2.1941,-8.2320,1.3820,2.9877,-7.4612,-4.1370,-2.4625
1542.00,-7.0604,-4.1853,-2.1941,-8.2320,1.3820,2.9877,-7.4612,-4.1370,-2.4624
1542.50,-7.0604,-4.1853,-2.1941,-8.2320,1.3820,2.9878,-7.4612,-4.1370,-2.4624
1543.00,-7.0604,-4.1853,-2.1941,-8.2320,1.3820,2.9879,-7.4612,-4.1370,-2.4623
1543.50,-7.0604,-4.1853,-2.1941,-8.2320,1.3820,2.9879,-7.4612,-4.1370,-2.4623
1544.00,-7.0604,-4.1853,-2.1941,-8.2320,1.3820,2.9870,-7.4612,-4.1370,-2.4632
1544.50,-7.0604,-4.1853,-2.1941,-8.2320,1.3820,2.9870,-7.4612,-4.1370,-2.4632
1545.00,-7.0604,-4.1853,-2.1941,-8.2320,1.3820,2.9870,-7.4612,-4.1370,-2.4632
1545.50,-7.0604,-4.1853,-2.1941,-8.2320,1.3820,2.9865,-7.4612,-4.1370,-2.4637
1546.00,-7.0604,-4.1853,-2.1941,-8.2320,1.3820,2.9857,-7.4612,-4.1370,-2.4645
1546.50,-7.0604,-4.1853,-2.1941,-8.2320,1.3820,2.9846,-7.4612,-4.1370,-2.4656
1547.00,-7.0604,-4.1853,-2.1941,-8.2320,1.3820,2.9844,-7.4612,-4.1370,-2.4658
1547.50,-7.0604,-4.1853,-2.1941,-8.2320,1.3820,2.9852,-7.4612,-4.1370,-2.4650
1548.00,-7.0604,-4.1853,-2.1941,-8.2320,1.3820,2.9845,-7.4612,-4.1370,-2.4657
1548.50,-7.0604,-4.1853,-2.1941,-8.2320,1.3820,2.9844,-7.4612,-4.1370,-2.4658
1549.00,-7.0604,-4.1853,-2.1941,-8.2320,1.3820,2.9838,-7.4612,-4.1370,-2.4664
1549.50,-7.0604,-4.1853,-2.1941,-8.2320,1.3820,2.9838,-7.4612,-4.1370,-2.4664
1550.00,-7.0604,-4.1853,-2.1941,-8.2320,1.3820,2.9834,-7.4612,-4.1370,-2.4668
1550.50,-7.0604,-4.1853,-2.1941,-8.2320,1.3820,2.9835,-7.4612,-4.1370,-2.4667
1551.00,-7.0604,-4.1853,-2.1941,-8.2320,1.3820,2.9833,-7.4612,-4.1370,-2.4669
1551.50,-7.0604,-4.1853,-2.1941,-8.2320,1.3820,2.9833,-7.4612,-4.1370,-2.4669
1552.00,-7.0604,-4.1853,-2.1941,-8.2320,1.3820,2.9829,-7.4612,-4.1370,-2.4673
1552.50,-7.0604,-4.1853,-2.1941,-8.2320,1.3820,2.9824,-7.4612,-4.1370,-2.4678
1553.00,-7.0604,-4.1853,-2.1941,-8.2320,1.3820,2.9816,-7.4612,-4.1370,-2.4686
1553.50,-7.0604,-4.1853,-2.1941,-8.2320,1.3820,2.9816,-7.4612,-4.1370,-2.4686
1554.00,-7.0604,-4.1853,-2.1941,-8.2320,1.3820,2.9817,-7.4612,-4.1370,-2.4685
1554.50,-7.0604,-4.1853,-2.1941,-8.2320,1.3820,2.9816,-7.4612,-4.1370,-2.4686
1555.00,-7.0604,-4.1853,-2.1941,-8.2320,1.3820,2.9811,-7.4612,-4.1370,-2.4691
1555.50,-7.0604,-4.1853,-2.1941,-8.2320,1.3820,2.9810,-7.4612,-4.1370,-2.4692
1556.00,-7.0604,-4.1853,-2.1941,-8.2320,1.3820,2.9806,-7.4612,-4.1370,-2.4696
1556.50,-7.0604,-4.1853,-2.1941,-8.2320,1.3820,2.9797,-7.4612,-4.1370,-2.4705
1557.00,-7.0604,-4.1853,-2.1941,-8.2320,1.3820,2.9790,-7.4612,-4.1370,-2.4712
1557.50,-7.0604,-4.1853,-2.1941,-8.2320,1.3820,2.9787,-7.4612,-4.1370,-2.4715
1558.00,-7.0604,-4.1853,-2.1941,-8.2320,1.3820,2.9785,-7.4612,-4.1370,-2.4717
1558.50,-7.0604,-4.1853,-2.1941,-8.2320,1.3820,2.9789,-7.4612,-4.1370,-2.4712
1559.00,-7.0604,-4.1853,-2.1941,-8.2320,1.3820,2.9790,-7.4612,-4.1370,-2.4712
1559.50,-7.0604,-4.1853,-2.1941,-8.2320,1.3820,2.9788,-7.4612,-4.1370,-2.4714
1560.00,-7.0604,-4.1853,-2.1941,-8.2320,1.3820,2.9789,-7.4612,-4.1370,-2.4713
1560.50,-7.0604,-4.1853,-2.1941,-8.2320,1.3820,2.9786,-7.4612,-4.1370,-2.4716
1561.00,-7.0604,-4.1853,-2.1941,-8.2320,1.3820,2.9784,-7.4612,-4.1370,-2.4718
1561.50,-7.0604,-4.1853,-2.1941,-8.2320,1.3820,2.9786,-7.4612,-4.1370,-2.4716
1562.00,-7.0604,-4.1853,-2.1941,-8.2320,1.3820,2.9788,-7.4612,-4.1370,-2.4714
1562.50,-7.0604,-4.1853,-2.1941,-8.2320,1.3820,2.9785,-7.4612,-4.1370,-2.4716
1563.00,-7.0604,-4.1853,-2.1941,-8.2320,1.3820,2.9785,-7.4612,-4.1370,-2.4717
1563.50,-7.0604,-4.1853,-2.1941,-8.2320,1.3820,2.9779,-7.4612,-4.1370,-2.4723
1564.00,-7.0604,-4.1853,-2.1941,-8.2320,1.3820,2.9777,-7.4612,-4.1370,-2.4725
1564.50,-7.0604,-4.1853,-2.1941,-8.2320,1.3820,2.9773,-7.4612,-4.1370,-2.4729
1565.00,-7.0604,-4.1853,-2.1941,-8.2320,1.3820,2.9770,-7.4612,-4.1370,-2.4732
1565.50,-7.0604,-4.1853,-2.1941,-8.2320,1.3820,2.9766,-7.4612,-4.1370,-2.4736
1566.00,-7.0604,-4.1853,-2.1941,-8.2320,1.3820,2.9766,-7.4612,-4.1370,-2.4736
1566.50,-7.0604,-4.1853,-2.1941,-8.2320,1.3820,2.9763,-7.4612,-4.1370,-2.4739
1567.00,-7.0604,-4.1853,-2.1941,-8.2320,1.3820,2.9760,-7.4612,-4.1370,-2.4742
1567.50,-7.0604,-4.1853,-2.1941,-8.2320,1.3820,2.9761,-7.4612,-4.1370,-2.4741
1568.00,-7.0604,-4.1853,-2.1941,-8.2320,1.3820,2.9754,-7.4612,-4.1370,-2.4748
1568.50,-7.0604,-4.1853,-2.1941,-8.2320,1.3820,2.9760,-7.4612,-4.1370,-2.4742
1569.00,-7.0604,-4.1853,-2.1941,-8.2320,1.3820,2.9759,-7.4612,-4.1370,-2.4743
1569.50,-7.0604,-4.1853,-2.1941,-8.2320,1.3820,2.9759,-7.4612,-4.1370,-2.4743
1570.00,-7.0604,-4.1853,-2.1941,-8.2320,1.3820,2.9756,-7.4612,-4.1370,-2.4746
1570.50,-7.0604,-4.1853,-2.1941,-8.2320,1.3820,2.9749,-7.4612,-4.1370,-2.4753
1571.00,-7.0604,-4.1853,-2.1941,-8.2320,1.3820,2.9747,-7.4612,-4.1370,-2.4755
1571.50,-7.0604,-4.1853,-2.1941,-8.2320,1.3820,2.9745,-7.4612,-4.1370,-2.4757
1572.00,-7.0604,-4.1853,-2.1941,-8.2320,1.3820,2.9737,-7.4612,-4.1370,-2.4765
1572.50,-7.0604,-4.1853,-2.1941,-8.2320,1.3820,2.9732,-7.4612,-4.1370,-2.4769
1573.00,-7.0604,-4.1853,-2.1941,-8.2320,1.3820,2.9728,-7.4612,-4.1370,-2.4774
1573.50,-7.0604,-4.1853,-2.1941,-8.2320,1.3820,2.9723,-7.4612,-4.1370,-2.4778
1574.00,-7.0604,-4.1853,-2.1941,-8.2320,1.3820,2.9721,-7.4612,-4.1370,-2.4781
1574.50,-7.0604,-4.1853,-2.1941,-8.2320,1.3820,2.9717,-7.4612,-4.1370,-2.4785
1575.00,-7.0604,-4.1853,-2.1941,-8.2320,1.3820,2.9716,-7.4612,-4.1370,-2.4786
1575.50,-7.0604,-4.1853,-2.1941,-8.2320,1.3820,2.9708,-7.4612,-4.1370,-2.4794
1576.00,-7.0604,-4.1853,-2.1941,-8.2320,1.3820,2.9706,-7.4612,-4.1370,-2.4796
1576.50,-7.0604,-4.1853,-2.1941,-8.2320,1.3820,2.9703,-7.4612,-4.1370,-2.4799
1577.00,-7.0604,-4.1853,-2.1941,-8.2320,1.3820,2.9698,-7.4612,-4.1370,-2.4804
1577.50,-7.0604,-4.1853,-2.1941,-8.2320,1.3820,2.9695,-7.4612,-4.1370,-2.4806
1578.00,-7.0604,-4.1853,-2.1941,-8.2320,1.3820,2.9697,-7.4612,-4.1370,-2.4805
1578.50,-7.0604,-4.1853,-2.1941,-8.2320,1.3820,2.9691,-7.4612,-4.1370,-2.4811
1579.00,-7.0604,-4.1853,-2.1941,-8.2320,1.3820,2.9688,-7.4612,-4.1370,-2.4814
1579.50,-7.0604,-4.1853,-2.1941,-8.2320,1.3820,2.9685,-7.4612,-4.1370,-2.4817
1580.00,-7.0604,-4.1853,-2.1941,-8.2320,1.3820,2.9683,-7.4612,-4.1370,-2.4819
1580.50,-7.0604,-4.1853,-2.1941,-8.2320,1.3820,2.9685,-7.4612,-4.1370,-2.4817
1581.00,-7.0604,-4.1853,-2.1941,-8.2320,1.3820,2.9684,-7.4612,-4.1370,-2.4818
1581.50,-7.0604,-4.1853,-2.1941,-8.2320,1.3820,2.9675,-7.4612,-4.1370,-2.4827
1582.00,-7.0604,-4.1853,-2.1941,-8.2320,1.3820,2.9671,-7.4612,-4.1370,-2.4831
1582.50,-7.0604,-4.1853,-2.1941,-8.2320,1.3820,2.9664,-7.4612,-4.1370,-2.4838
1583.00,-7.0604,-4.1853,-2.1941,-8.2320,1.3820,2.9663,-7.4612,-4.1370,-2.4839
1583.50,-7.0604,-4.1853,-2.1941,-8.2320,1.3820,2.9665,-7.4612,-4.1370,-2.4837
1584.00,-7.0604,-4.1853,-2.1941,-8.2320,1.3820,2.9661,-7.4612,-4.1370,-2.4841
1584.50,-7.0604,-4.1853,-2.1941,-8.2320,1.3820,2.9653,-7.4612,-4.1370,-2.4849
1585.00,-7.0604,-4.1853,-2.1941,-8.2320,1.3820,2.9646,-7.4612,-4.1370,-2.4856
1585.50,-7.0604,-4.1853,-2.1941,-8.2320,1.3820,2.9637,-7.4612,-4.1370,-2.4865
1586.00,-7.0604,-4.1853,-2.1941,-8.2320,1.3820,2.9633,-7.4612,-4.1370,-2.4869
1586.50,-7.0604,-4.1853,-2.1941,-8.2320,1.3820,2.9629,-7.4612,-4.1370,-2.4873
1587.00,-7.0604,-4.1853,-2.1941,-8.2320,1.3820,2.9620,-7.4612,-4.1370,-2.4882
1587.50,-7.0604,-4.1853,-2.1941,-8.2320,1.3820,2.9620,-7.4612,-4.1370,-2.4881
1588.00,-7.0604,-4.1853,-2.1941,-8.2320,1.3820,2.9614,-7.4612,-4.1370,-2.4888
1588.50,-7.0604,-4.1853,-2.1941,-8.2320,1.3820,2.9611,-7.4612,-4.1370,-2.4891
1589.00,-7.0604,-4.1853,-2.1941,-8.2320,1.3820,2.9614,-7.4612,-4.1370,-2.4888
1589.50,-7.0604,-4.1853,-2.1941,-8.2320,1.3820,2.9609,-7.4612,-4.1370,-2.4893
1590.00,-7.0604,-4.1853,-2.1941,-8.2320,1.3820,2.9606,-7.4612,-4.1370,-2.4896
1590.50,-7.0604,-4.1853,-2.1941,-8.2320,1.3820,2.9598,-7.4612,-4.1370,-2.4904
1591.00,-7.0604,-4.1853,-2.1941,-8.2320,1.3820,2.9600,-7.4612,-4.1370,-2.4902
1591.50,-7.0604,-4.1853,-2.1941,-8.2320,1.3820,2.9598,-7.4612,-4.1370,-2.4904
1592.00,-7.0604,-4.1853,-2.1941,-8.2320,1.3820,2.9595,-7.4612,-4.1370,-2.4907
1592.50,-7.0604,-4.1853,-2.1941,-8.2320,1.3820,2.9590,-7.4612,-4.1370,-2.4912
1593.00,-7.0604,-4.1853,-2.1941,-8.2320,1.3820,2.9583,-7.4612,-4.1370,-2.4919
1593.50,-7.0604,-4.1853,-2.1941,-8.2320,1.3820,2.9581,-7.4612,-4.1370,-2.4921
1594.00,-7.0604,-4.1853,-2.1941,-8.2320,1.3820,2.9578,-7.4612,-4.1370,-2.4924
1594.50,-7.0604,-4.1853,-2.1941,-8.2320,1.3820,2.9576,-7.4612,-4.1370,-2.4926
1595.00,-7.0604,-4.1853,-2.1941,-8.2320,1.3820,2.9572,-7.4612,-4.1370,-2.4930
1595.50,-7.0604,-4.1853,-2.1941,-8.2320,1.3820,2.9569,-7.4612,-4.1370,-2.4933
1596.00,-7.0604,-4.1853,-2.1941,-8.2320,1.3820,2.9569,-7.4612,-4.1370,-2.4933
1596.50,-7.0604,-4.1853,-2.1941,-8.2320,1.3820,2.9561,-7.4612,-4.1370,-2.4941
1597.00,-7.0604,-4.1853,-2.1941,-8.2320,1.3820,2.9558,-7.4612,-4.1370,-2.4944
1597.50,-7.0604,-4.1853,-2.1941,-8.2320,1.3820,2.9553,-7.4612,-4.1370,-2.4949
1598.00,-7.0604,-4.1853,-2.1941,-8.2320,1.3820,2.9547,-7.4612,-4.1370,-2.4955
1598.50,-7.0604,-4.1853,-2.1941,-8.2320,1.3820,2.9543,-7.4612,-4.1370,-2.4959
1599.00,-7.0604,-4.1853,-2.1941,-8.2320,1.3820,2.9536,-7.4612,-4.1370,-2.4966
1599.50,-7.0604,-4.1853,-2.1941,-8.2320,1.3820,2.9531,-7.4612,-4.1370,-2.4971
1600.00,-7.0604,-4.1853,-2.1941,-8.2320,1.3820,2.9526,-7.4612,-4.1370,-2.4976
1600.50,-7.0604,-4.1853,-2.1941,-8.2320,1.3820,2.9527,-7.4612,-4.1370,-2.4975
1601.00,-7.0604,-4.1853,-2.1941,-8.2320,1.3820,2.9522,-7.4612,-4.1370,-2.4980
1601.50,-7.0604,-4.1853,-2.1941,-8.2320,1.3820,2.9520,-7.4612,-4.1370,-2.4982
1602.00,-7.0604,-4.1853,-2.1941,-8.2320,1.3820,2.9513,-7.4612,-4.1370,-2.4989
1602.50,-7.0604,-4.1853,-2.1941,-8.2320,1.3820,2.9508,-7.4612,-4.1370,-2.4994
1603.00,-7.0604,-4.1853,-2.1941,-8.2320,1.3820,2.9503,-7.4612,-4.1370,-2.4999
1603.50,-7.0604,-4.1853,-2.1941,-8.2320,1.3820,2.9499,-7.4612,-4.1370,-2.5003
1604.00,-7.0604,-4.1853,-2.1941,-8.2320,1.3820,2.9492,-7.4612,-4.1370,-2.5010
1604.50,-7.0604,-4.1853,-2.1941,-8.2320,1.3820,2.9496,-7.4612,-4.1370,-2.5006
1605.00,-7.0604,-4.1853,-2.1941,-8.2320,1.3820,2.9489,-7.4612,-4.1370,-2.5013
1605.50,-7.0604,-4.1853,-2.1941,-8.2320,1.3820,2.9490,-7.4612,-4.1370,-2.5012
1606.00,-7.0604,-4.1853,-2.1941,-8.2320,1.3820,2.9487,-7.4612,-4.1370,-2.5015
1606.50,-7.0604,-4.1853,-2.1941,-8.2320,1.3820,2.9479,-7.4612,-4.1370,-2.5023
1607.00,-7.0604,-4.1853,-2.1941,-8.2320,1.3820,2.9472,-7.4612,-4.1370,-2.5030
1607.50,-7.0604,-4.1853,-2.1941,-8.2320,1.3820,2.9470,-7.4612,-4.1370,-2.5032
1608.00,-7.0604,-4.1853,-2.1941,-8.2320,1.3820,2.9469,-7.4612,-4.1370,-2.5033
1608.50,-7.0604,-4.1853,-2.1941,-8.2320,1.3820,2.9466,-7.4612,-4.1370,-2.5036
1609.00,-7.0604,-4.1853,-2.1941,-8.2320,1.3820,2.9463,-7.4612,-4.1370,-2.5039
1609.50,-7.0604,-4.1853,-2.1941,-8.2320,1.3820,2.9456,-7.4612,-4.1370,-2.5046
1610.00,-7.0604,-4.1853,-2.1941,-8.2320,1.3820,2.9455,-7.4612,-4.1370,-2.5047
1610.50,-7.0604,-4.1853,-2.1941,-8.2320,1.3820,2.9446,-7.4612,-4.1370,-2.5056
1611.00,-7.0604,-4.1853,-2.1941,-8.2320,1.3820,2.9439,-7.4612,-4.1370,-2.5063
1611.50,-7.0604,-4.1853,-2.1941,-8.2320,1.3820,2.9439,-7.4612,-4.1370,-2.5063
1612.00,-7.0604,-4.1853,-2.1941,-8.2320,1.3820,2.9427,-7.4612,-4.1370,-2.5075
1612.50,-7.0604,-4.1853,-2.1941,-8.2320,1.3820,2.9422,-7.4612,-4.1370,-2.5080
1613.00,-7.0604,-4.1853,-2.1941,-8.2320,1.3820,2.9424,-7.4612,-4.1370,-2.5078
1613.50,-7.0604,-4.1853,-2.1941,-8.2320,1.3820,2.9424,-7.4612,-4.1370,-2.5078
1614.00,-7.0604,-4.1853,-2.1941,-8.2320,1.3820,2.9419,-7.4612,-4.1370,-2.5083
1614.50,-7.0604,-4.1853,-2.1941,-8.2320,1.3820,2.9411,-7.4612,-4.1370,-2.5091
1615.00,-7.0604,-4.1853,-2.1941,-8.2320,1.3820,2.9414,-7.4612,-4.1370,-2.5088
1615.50,-7.0604,-4.1853,-2.1941,-8.2320,1.3820,2.9412,-7.4612,-4.1370,-2.5090
1616.00,-7.0604,-4.1853,-2.1941,-8.2320,1.3820,2.9401,-7.4612,-4.1370,-2.5101
1616.50,-7.0604,-4.1853,-2.1941,-8.2320,1.3820,2.9392,-7.4612,-4.1370,-2.5109
1617.00,-7.0604,-4.1853,-2.1941,-8.2320,1.3820,2.9386,-7.4612,-4.1370,-2.5116
1617.50,-7.0604,-4.1853,-2.1941,-8.2320,1.3820,2.9382,-7.4612,-4.1370,-2.5120
1618.00,-7.0604,-4.1853,-2.1941,-8.2320,1.3820,2.9377,-7.4612,-4.1370,-2.5125
1618.50,-7.0604,-4.1853,-2.1941,-8.2320,1.3820,2.9376,-7.4612,-4.1370,-2.5126
1619.00,-7.0604,-4.1853,-2.1941,-8.2320,1.3820,2.9374,-7.4612,-4.1370,-2.5128
1619.50,-7.0604,-4.1853,-2.1941,-8.2320,1.3820,2.9370,-7.4612,-4.1370,-2.5132
1620.00,-7.0604,-4.1853,-2.1941,-8.2320,1.3820,2.9364,-7.4612,-4.1370,-2.5138
1620.50,-7.0604,-4.1853,-2.1941,-8.2320,1.3820,2.9357,-7.4612,-4.1370,-2.5145
1621.00,-7.0604,-4.1853,-2.1941,-8.2320,1.3820,2.9354,-7.4612,-4.1370,-2.5148
1621.50,-7.0604,-4.1853,-2.1941,-8.2320,1.3820,2.9355,-7.4612,-4.1370,-2.5147
1622.00,-7.0604,-4.1853,-2.1941,-8.2320,1.3820,2.9353,-7.4612,-4.1370,-2.5149
1622.50,-7.0604,-4.1853,-2.1941,-8.2320,1.3820,2.9341,-7.4612,-4.1370,-2.5161
1623.00,-7.0604,-4.1853,-2.1941,-8.2320,1.3820,2.9340,-7.4612,-4.1370,-2.5162
1623.50,-7.0604,-4.1853,-2.1941,-8.2320,1.3820,2.9340,-7.4612,-4.1370,-2.5162
1624.00,-7.0604,-4.1853,-2.1941,-8.2320,1.3820,2.9336,-7.4612,-4.1370,-2.5166
1624.50,-7.0604,-4.1853,-2.1941,-8.2320,1.3820,2.9330,-7.4612,-4.1370,-2.5172
1625.00,-7.0604,-4.1853,-2.1941,-8.2320,1.3820,2.9326,-7.4612,-4.1370,-2.5176
1625.50,-7.0604,-4.1853,-2.1941,-8.2320,1.3820,2.9330,-7.4612,-4.1370,-2.5172
1626.00,-7.0604,-4.1853,-2.1941,-8.2320,1.3820,2.9324,-7.4612,-4.1370,-2.5178
1626.50,-7.0604,-4.1853,-2.1941,-8.2320,1.3820,2.9319,-7.4612,-4.1370,-2.5183
1627.00,-7.0604,-4.1853,-2.1941,-8.2320,1.3820,2.9320,-7.4612,-4.1370,-2.5182
1627.50,-7.0604,-4.1853,-2.1941,-8.2320,1.3820,2.9316,-7.4612,-4.1370,-2.5186
1628.00,-7.0604,-4.1853,-2.1941,-8.2320,1.3820,2.9307,-7.4612,-4.1370,-2.5195
1628.50,-7.0604,-4.1853,-2.1941,-8.2320,1.3820,2.9302,-7.4612,-4.1370,-2.5200
1629.00,-7.0604,-4.1853,-2.1941,-8.2320,1.3820,2.9296,-7.4612,-4.1370,-2.5206
1629.50,-7.0604,-4.1853,-2.1941,-8.2320,1.3820,2.9290,-7.4612,-4.1370,-2.5212
1630.00,-7.0604,-4.1853,-2.1941,-8.2320,1.3820,2.9284,-7.4612,-4.1370,-2.5218
1630.50,-7.0604,-4.1853,-2.1941,-8.2320,1.3820,2.9275,-7.4612,-4.1370,-2.5227
1631.00,-7.0604,-4.1853,-2.1941,-8.2320,1.3820,2.9276,-7.4612,-4.1370,-2.5226
1631.50,-7.0604,-4.1853,-2.1929,-8.2320,1.3820,2.9271,-7.4612,-4.1370,-2.5231
1632.00,-7.0604,-4.1853,-2.1929,-8.2320,1.3820,2.9267,-7.4612,-4.1370,-2.5235
1632.50,-7.0604,-4.1853,-2.1929,-8.2320,1.3820,2.9258,-7.4612,-4.1370,-2.5244
1633.00,-7.0604,-4.1853,-2.1929,-8.2320,1.3820,2.9253,-7.4612,-4.1370,-2.5249
1633.50,-7.0604,-4.1853,-2.1929,-8.2320,1.3820,2.9249,-7.4612,-4.1370,-2.5253
1634.00,-7.0604,-4.1853,-2.1929,-8.2320,1.3820,2.9240,-7.4612,-4.1370,-2.5262
1634.50,-7.0604,-4.1853,-2.1929,-8.2320,1.3820,2.9236,-7.4612,-4.1370,-2.5266
1635.00,-7.0604,-4.1853,-2.1929,-8.2320,1.3820,2.9232,-7.4612,-4.1370,-2.5270
1635.50,-7.0604,-4.1853,-2.1929,-8.2320,1.3820,2.9236,-7.4612,-4.1370,-2.5266
1636.00,-7.0604,-4.1853,-2.1929,-8.2320,1.3820,2.9234,-7.4612,-4.1370,-2.5268
1636.50,-7.0604,-4.1853,-2.1929,-8.2320,1.3820,2.9225,-7.4612,-4.1370,-2.5276
1637.00,-7.0604,-4.1853,-2.1929,-8.2320,1.3820,2.9223,-7.4612,-4.1370,-2.5279
1637.50,-7.0604,-4.1853,-2.1929,-8.2320,1.3820,2.9216,-7.4612,-4.1370,-2.5286
1638.00,-7.0604,-4.1853,-2.1929,-8.2320,1.3820,2.9217,-7.4612,-4.1370,-2.5285
1638.50,-7.0604,-4.1853,-2.1929,-8.2320,1.3820,2.9214,-7.4612,-4.1370,-2.5288
1639.00,-7.0604,-4.1853,-2.1929,-8.2320,1.3820,2.9212,-7.4612,-4.1370,-2.5290
1639.50,-7.0604,-4.1853,-2.1929,-8.2320,1.3820,2.9207,-7.4612,-4.1370,-2.5295
1640.00,-7.0604,-4.1853,-2.1929,-8.2320,1.3820,2.9210,-7.4612,-4.1370,-2.5292
1640.50,-7.0604,-4.1853,-2.1929,-8.2320,1.3820,2.9203,-7.4612,-4.1370,-2.5299
1641.00,-7.0604,-4.1853,-2.1929,-8.2320,1.3820,2.9197,-7.4612,-4.1370,-2.5305
1641.50,-7.0604,-4.1853,-2.1929,-8.2320,1.3820,2.9199,-7.4612,-4.1370,-2.5303
1642.00,-7.0604,-4.1853,-2.1929,-8.2320,1.3820,2.9196,-7.4612,-4.1370,-2.5306
1642.50,-7.0604,-4.1853,-2.1929,-8.2320,1.3820,2.9199,-7.4612,-4.1370,-2.5303
1643.00,-7.0604,-4.1853,-2.1929,-8.2320,1.3820,2.9187,-7.4612,-4.1370,-2.5315
1643.50,-7.0604,-4.1853,-2.1929,-8.2320,1.3820,2.9178,-7.4612,-4.1370,-2.5324
1644.00,-7.0604,-4.1853,-2.1929,-8.2320,1.3820,2.9182,-7.4612,-4.1370,-2.5320
1644.50,-7.0604,-4.1853,-2.1929,-8.2320,1.3820,2.9173,-7.4612,-4.1370,-2.5329
1645.00,-7.0604,-4.1853,-2.1929,-8.2320,1.3820,2.9172,-7.4612,-4.1370,-2.5330
1645.50,-7.0604,-4.1853,-2.1929,-8.2320,1.3820,2.9163,-7.4612,-4.1370,-2.5339
1646.00,-7.0604,-4.1853,-2.1929,-8.2320,1.3820,2.9158,-7.4612,-4.1370,-2.5344
1646.50,-7.0604,-4.1853,-2.1929,-8.2320,1.3820,2.9156,-7.4612,-4.1370,-2.5346
1647.00,-7.0604,-4.1853,-2.1929,-8.2320,1.3820,2.9151,-7.4612,-4.1370,-2.5351
1647.50,-7.0604,-4.1853,-2.1929,-8.2320,1.3820,2.9149,-7.4612,-4.1370,-2.5353
1648.00,-7.0604,-4.1853,-2.1929,-8.2320,1.3820,2.9150,-7.4612,-4.1370,-2.5352
1648.50,-7.0604,-4.1853,-2.1929,-8.2320,1.3820,2.9146,-7.4612,-4.1370,-2.5356
1649.00,-7.0604,-4.1853,-2.1929,-8.2320,1.3820,2.9144,-7.4612,-4.1370,-2.5358
1649.50,-7.0604,-4.1853,-2.1929,-8.2320,1.3820,2.9144,-7.4612,-4.1370,-2.5358
1650.00,-7.0604,-4.1853,-2.1929,-8.2320,1.3820,2.9138,-7.4612,-4.1370,-2.5364
1650.50,-7.0604,-4.1853,-2.1929,-8.2320,1.3820,2.9135,-7.4612,-4.1370,-2.5367
1651.00,-7.0604,-4.1853,-2.1929,-8.2320,1.3820,2.9130,-7.4612,-4.1370,-2.5372
1651.50,-7.0604,-4.1853,-2.1929,-8.2320,1.3820,2.9122,-7.4612,-4.1370,-2.5380
1652.00,-7.0604,-4.1853,-2.1929,-8.2320,1.3820,2.9120,-7.4612,-4.1370,-2.5382
1652.50,-7.0604,-4.1853,-2.1929,-8.2320,1.3820,2.9113,-7.4612,-4.1370,-2.5389
1653.00,-7.0604,-4.1853,-2.1929,-8.2320,1.3820,2.9105,-7.4612,-4.1370,-2.5397
1653.50,-7.0604,-4.1853,-2.1929,-8.2320,1.3820,2.9105,-7.4612,-4.1370,-2.5397
1654.00,-7.0604,-4.1853,-2.1929,-8.2320,1.3820,2.9099,-7.4612,-4.1370,-2.5403
1654.50,-7.0604,-4.1853,-2.1929,-8.2320,1.3820,2.9095,-7.4612,-4.1370,-2.5407
1655.00,-7.0604,-4.1853,-2.1929,-8.2320,1.3820,2.9090,-7.4612,-4.1370,-2.5412
1655.50,-7.0604,-4.1853,-2.1929,-8.2320,1.3820,2.9085,-7.4612,-4.1370,-2.5417
1656.00,-7.0604,-4.1853,-2.1929,-8.2320,1.3820,2.9077,-7.4612,-4.1370,-2.5425
1656.50,-7.0604,-4.1853,-2.1929,-8.2320,1.3820,2.9064,-7.4612,-4.1370,-2.5438
1657.00,-7.0604,-4.1853,-2.1929,-8.2320,1.3820,2.9063,-7.4612,-4.1370,-2.5439
1657.50,-7.0604,-4.1853,-2.1929,-8.2320,1.3820,2.9054,-7.4612,-4.1370,-2.5448
1658.00,-7.0604,-4.1853,-2.1929,-8.2320,1.3820,2.9049,-7.4612,-4.1370,-2.5453
1658.50,-7.0604,-4.1853,-2.1929,-8.2320,1.3820,2.9046,-7.4612,-4.1370,-2.5456
1659.00,-7.0604,-4.1853,-2.1929,-8.2320,1.3820,2.9040,-7.4612,-4.1370,-2.5462
1659.50,-7.0604,-4.1853,-2.1929,-8.2320,1.3820,2.9037,-7.4612,-4.1370,-2.5465
1660.00,-7.0604,-4.1853,-2.1929,-8.2320,1.3820,2.9034,-7.4612,-4.1370,-2.5468
1660.50,-7.0604,-4.1853,-2.1929,-8.2320,1.3820,2.9032,-7.4612,-4.1370,-2.5470
1661.00,-7.0604,-4.1853,-2.1929,-8.2320,1.3820,2.9030,-7.4612,-4.1370,-2.5472
1661.50,-7.0604,-4.1853,-2.1929,-8.2320,1.3820,2.9022,-7.4612,-4.1370,-2.5480
1662.00,-7.0604,-4.1853,-2.1929,-8.2320,1.3820,2.9013,-7.4612,-4.1370,-2.5489
1662.50,-7.0604,-4.1853,-2.1929,-8.2320,1.3820,2.9004,-7.4612,-4.1370,-2.5498
1663.00,-7.0604,-4.1853,-2.1929,-8.2320,1.3820,2.8997,-7.4612,-4.1370,-2.5505
1663.50,-7.0604,-4.1853,-2.1929,-8.2320,1.3820,2.8992,-7.4612,-4.1370,-2.5510
1664.00,-7.0604,-4.1853,-2.1929,-8.2320,1.3820,2.8985,-7.4612,-4.1370,-2.5517
1664.50,-7.0604,-4.1853,-2.1929,-8.2320,1.3820,2.8986,-7.4612,-4.1370,-2.5516
1665.00,-7.0604,-4.1853,-2.1929,-8.2320,1.3820,2.8987,-7.4612,-4.1370,-2.5515
1665.50,-7.0604,-4.1853,-2.1929,-8.2320,1.3820,2.8986,-7.4612,-4.1370,-2.5516
1666.00,-7.0604,-4.1853,-2.1929,-8.2320,1.3820,2.8982,-7.4612,-4.1370,-2.5520
1666.50,-7.0604,-4.1853,-2.1929,-8.2320,1.3820,2.8976,-7.4612,-4.1370,-2.5526
1667.00,-7.0604,-4.1853,-2.1929,-8.2320,1.3820,2.8974,-7.4612,-4.1370,-2.5528
1667.50,-7.0604,-4.1853,-2.1929,-8.2320,1.3820,2.8967,-7.4612,-4.1370,-2.5535
1668.00,-7.0604,-4.1853,-2.1929,-8.2320,1.3820,2.8958,-7.4612,-4.1370,-2.5544
1668.50,-7.0604,-4.1853,-2.1929,-8.2320,1.3820,2.8950,-7.4612,-4.1370,-2.5552
1669.00,-7.0604,-4.1853,-2.1929,-8.2320,1.3820,2.8949,-7.4612,-4.1370,-2.5553
1669.50,-7.0604,-4.1853,-2.1929,-8.2320,1.3820,2.8945,-7.4612,-4.1370,-2.5557
1670.00,-7.0604,-4.1853,-2.1929,-8.2320,1.3820,2.8936,-7.4612,-4.1370,-2.5566
1670.50,-7.0604,-4.1853,-2.1929,-8.2320,1.3820,2.8930,-7.4612,-4.1370,-2.5572
1671.00,-7.0604,-4.1853,-2.1929,-8.2320,1.3820,2.8923,-7.4612,-4.1370,-2.5579
1671.50,-7.0604,-4.1853,-2.1929,-8.2320,1.3820,2.8921,-7.4612,-4.1370,-2.5581
1672.00,-7.0604,-4.1853,-2.1929,-8.2320,1.3820,2.8918,-7.4612,-4.1370,-2.5584
1672.50,-7.0604,-4.1853,-2.1929,-8.2320,1.3820,2.8916,-7.4612,-4.1370,-2.5586
1673.00,-7.0604,-4.1853,-2.1929,-8.2320,1.3820,2.8915,-7.4612,-4.1370,-2.5587
1673.50,-7.0604,-4.1853,-2.1929,-8.2320,1.3820,2.8909,-7.4612,-4.1370,-2.5593
1674.00,-7.0604,-4.1853,-2.1929,-8.2320,1.3820,2.8901,-7.4612,-4.1370,-2.5601
1674.50,-7.0604,-4.1853,-2.1929,-8.2320,1.3820,2.8906,-7.4612,-4.1370,-2.5596
1675.00,-7.0604,-4.1853,-2.1929,-8.2320,1.3820,2.8904,-7.4612,-4.1370,-2.5598
1675.50,-7.0604,-4.1853,-2.1929,-8.2320,1.3820,2.8901,-7.4612,-4.1370,-2.5601
1676.00,-7.0604,-4.1853,-2.1929,-8.2320,1.3820,2.8893,-7.4612,-4.1370,-2.5609
1676.50,-7.0604,-4.1853,-2.1929,-8.2320,1.3820,2.8884,-7.4612,-4.1370,-2.5618
1677.00,-7.0604,-4.1853,-2.1929,-8.2320,1.3820,2.8881,-7.4612,-4.1370,-2.5621
1677.50,-7.0604,-4.1853,-2.1929,-8.2320,1.3820,2.8870,-7.4612,-4.1370,-2.5632
1678.00,-7.0604,-4.1853,-2.1929,-8.2320,1.3820,2.8870,-7.4612,-4.1370,-2.5632
1678.50,-7.0604,-4.1853,-2.1929,-8.2320,1.3820,2.8859,-7.4612,-4.1370,-2.5643
1679.00,-7.0604,-4.1853,-2.1929,-8.2320,1.3820,2.8853,-7.4612,-4.1370,-2.5649
1679.50,-7.0604,-4.1853,-2.1929,-8.2320,1.3820,2.8841,-7.4612,-4.1370,-2.5661
1680.00,-7.0604,-4.1853,-2.1929,-8.2320,1.3820,2.8838,-7.4612,-4.1370,-2.5664
1680.50,-7.0604,-4.1853,-2.1929,-8.2320,1.3820,2.8832,-7.4612,-4.1370,-2.5670
1681.00,-7.0604,-4.1853,-2.1929,-8.2320,1.3820,2.8839,-7.4612,-4.1370,-2.5663
1681.50,-7.0604,-4.1853,-2.1929,-8.2320,1.3820,2.8835,-7.4612,-4.1370,-2.5666
1682.00,-7.0604,-4.1853,-2.1929,-8.2320,1.3820,2.8825,-7.4612,-4.1370,-2.5677
1682.50,-7.0604,-4.1853,-2.1929,-8.2320,1.3820,2.8823,-7.4612,-4.1370,-2.5679
1683.00,-7.0604,-4.1853,-2.1929,-8.2320,1.3820,2.8812,-7.4612,-4.1370,-2.5690
1683.50,-7.0604,-4.1853,-2.1929,-8.2320,1.3820,2.8804,-7.4612,-4.1370,-2.5698
1684.00,-7.0604,-4.1853,-2.1929,-8.2320,1.3820,2.8797,-7.4612,-4.1370,-2.5704
1684.50,-7.0604,-4.1853,-2.1929,-8.2320,1.3820,2.8790,-7.4612,-4.1370,-2.5712
1685.00,-7.0604,-4.1853,-2.1929,-8.2320,1.3820,2.8783,-7.4612,-4.1370,-2.5719
1685.50,-7.0604,-4.1853,-2.1929,-8.2320,1.3820,2.8783,-7.4612,-4.1370,-2.5719
1686.00,-7.0604,-4.1853,-2.1929,-8.2320,1.3820,2.8777,-7.4612,-4.1370,-2.5725
1686.50,-7.0604,-4.1853,-2.1929,-8.2320,1.3820,2.8774,-7.4612,-4.1370,-2.5728
1687.00,-7.0604,-4.1853,-2.1929,-8.2320,1.3820,2.8772,-7.4612,-4.1370,-2.5730
1687.50,-7.0604,-4.1853,-2.1929,-8.2320,1.3820,2.8769,-7.4612,-4.1370,-2.5732
1688.00,-7.0604,-4.1853,-2.1929,-8.2320,1.3820,2.8766,-7.4612,-4.1370,-2.5736
1688.50,-7.0604,-4.1853,-2.1929,-8.2320,1.3820,2.8760,-7.4612,-4.1370,-2.5742
1689.00,-7.0604,-4.1853,-2.1929,-8.2320,1.3820,2.8758,-7.4612,-4.1370,-2.5744
1689.50,-7.0604,-4.1853,-2.1929,-8.2320,1.3820,2.8753,-7.4612,-4.1370,-2.5749
1690.00,-7.0604,-4.1853,-2.1929,-8.2320,1.3820,2.8749,-7.4612,-4.1370,-2.5753
1690.50,-7.0604,-4.1853,-2.1929,-8.2320,1.3820,2.8739,-7.4612,-4.1370,-2.5763
1691.00,-7.0604,-4.1853,-2.1929,-8.2320,1.3820,2.8737,-7.4612,-4.1370,-2.5765
1691.50,-7.0604,-4.1853,-2.1929,-8.2320,1.3820,2.8730,-7.4612,-4.1370,-2.5772
1692.00,-7.0604,-4.1853,-2.1929,-8.2320,1.3820,2.8722,-7.4612,-4.1370,-2.5780
1692.50,-7.0604,-4.1853,-2.1929,-8.2320,1.3820,2.8717,-7.4612,-4.1370,-2.5785
1693.00,-7.0604,-4.1853,-2.1929,-8.2320,1.3820,2.8712,-7.4612,-4.1370,-2.5790
1693.50,-7.0604,-4.1853,-2.1929,-8.2320,1.3820,2.8703,-7.4612,-4.1370,-2.5798
1694.00,-7.0604,-4.1853,-2.1929,-8.2320,1.3820,2.8698,-7.4612,-4.1370,-2.5804
1694.50,-7.0604,-4.1853,-2.1929,-8.2320,1.3820,2.8692,-7.4612,-4.1370,-2.5810
1695.00,-7.0604,-4.1853,-2.1929,-8.2320,1.3820,2.8684,-7.4612,-4.1370,-2.5818
1695.50,-7.0604,-4.1853,-2.1929,-8.2320,1.3820,2.8684,-7.4612,-4.1370,-2.5818
1696.00,-7.0604,-4.1853,-2.1929,-8.2320,1.3820,2.8678,-7.4612,-4.1370,-2.5824
1696.50,-7.0604,-4.1853,-2.1929,-8.2320,1.3820,2.8676,-7.4612,-4.1370,-2.5826
1697.00,-7.0604,-4.1853,-2.1929,-8.2320,1.3820,2.8663,-7.4612,-4.1370,-2.5839
1697.50,-7.0604,-4.1853,-2.1929,-8.2320,1.3820,2.8657,-7.4612,-4.1370,-2.5845
1698.00,-7.0604,-4.1853,-2.1929,-8.2320,1.3820,2.8656,-7.4612,-4.1370,-2.5846
1698.50,-7.0604,-4.1853,-2.1929,-8.2320,1.3820,2.8651,-7.4612,-4.1370,-2.5851
1699.00,-7.0604,-4.1853,-2.1929,-8.2320,1.3820,2.8647,-7.4612,-4.1370,-2.5855
1699.50,-7.0604,-4.1853,-2.1929,-8.2320,1.3820,2.8638,-7.4612,-4.1370,-2.5864
1700.00,-7.0604,-4.1853,-2.1929,-8.2320,1.3820,2.8629,-7.4612,-4.1370,-2.5873
1700.50,-7.0604,-4.1853,-2.1929,-8.2320,1.3820,2.8624,-7.4612,-4.1370,-2.5878
1701.00,-7.0604,-4.1853,-2.1929,-8.2320,1.3820,2.8613,-7.4612,-4.1370,-2.5889
1701.50,-7.0604,-4.1853,-2.1929,-8.2320,1.3820,2.8613,-7.4612,-4.1370,-2.5889
1702.00,-7.0604,-4.1853,-2.1929,-8.2320,1.3820,2.8609,-7.4612,-4.1370,-2.5893
1702.50,-7.0604,-4.1853,-2.1929,-8.2320,1.3820,2.8612,-7.4612,-4.1370,-2.5890
1703.00,-7.0604,-4.1853,-2.1929,-8.2320,1.3820,2.8610,-7.4612,-4.1370,-2.5892
1703.50,-7.0604,-4.1853,-2.1929,-8.2320,1.3820,2.8611,-7.4612,-4.1370,-2.5891
1704.00,-7.0604,-4.1853,-2.1929,-8.2320,1.3820,2.8608,-7.4612,-4.1370,-2.5894
1704.50,-7.0604,-4.1853,-2.1929,-8.2320,1.3820,2.8607,-7.4612,-4.1370,-2.5895
1705.00,-7.0604,-4.1853,-2.1929,-8.2320,1.3820,2.8602,-7.4612,-4.1370,-2.5900
1705.50,-7.0604,-4.1853,-2.1929,-8.2320,1.3820,2.8597,-7.4612,-4.1370,-2.5905
1706.00,-7.0604,-4.1853,-2.1929,-8.2320,1.3820,2.8593,-7.4612,-4.1370,-2.5909
1706.50,-7.0604,-4.1853,-2.1929,-8.2320,1.3820,2.8587,-7.4612,-4.1370,-2.5915
1707.00,-7.0604,-4.1853,-2.1929,-8.2320,1.3820,2.8585,-7.4612,-4.1370,-2.5917
1707.50,-7.0604,-4.1853,-2.1929,-8.2320,1.3820,2.8582,-7.4612,-4.1370,-2.5920
1708.00,-7.0604,-4.1853,-2.1929,-8.2320,1.3820,2.8576,-7.4612,-4.1370,-2.5926
1708.50,-7.0604,-4.1853,-2.1929,-8.2320,1.3820,2.8568,-7.4612,-4.1370,-2.5934
1709.00,-7.0604,-4.1853,-2.1929,-8.2320,1.3820,2.8558,-7.4612,-4.1370,-2.5944
1709.50,-7.0604,-4.1853,-2.1929,-8.2320,1.3820,2.8547,-7.4612,-4.1370,-2.5955
1710.00,-7.0604,-4.1853,-2.1929,-8.2320,1.3820,2.8541,-7.4612,-4.1370,-2.5961
1710.50,-7.0604,-4.1853,-2.1929,-8.2320,1.3820,2.8539,-7.4612,-4.1370,-2.5963
1711.00,-7.0604,-4.1853,-2.1929,-8.2320,1.3820,2.8538,-7.4612,-4.1370,-2.5964
1711.50,-7.0604,-4.1853,-2.1929,-8.2320,1.3820,2.8531,-7.4612,-4.1370,-2.5971
1712.00,-7.0604,-4.1853,-2.1929,-8.2320,1.3820,2.8525,-7.4612,-4.1370,-2.5977
1712.50,-7.0604,-4.1853,-2.1929,-8.2320,1.3820,2.8521,-7.4612,-4.1370,-2.5981
1713.00,-7.0604,-4.1853,-2.1929,-8.2320,1.3820,2.8523,-7.4612,-4.1370,-2.5979
1713.50,-7.0604,-4.1853,-2.1929,-8.2320,1.3820,2.8521,-7.4612,-4.1370,-2.5981
1714.00,-7.0604,-4.1853,-2.1929,-8.2320,1.3820,2.8515,-7.4612,-4.1370,-2.5987
1714.50,-7.0604,-4.1853,-2.1929,-8.2320,1.3820,2.8511,-7.4612,-4.1370,-2.5991
1715.00,-7.0604,-4.1853,-2.1929,-8.2320,1.3820,2.8507,-7.4612,-4.1370,-2.5995
1715.50,-7.0604,-4.1853,-2.1929,-8.2320,1.3820,2.8502,-7.4612,-4.1370,-2.6000
1716.00,-7.0604,-4.1853,-2.1929,-8.2320,1.3820,2.8491,-7.4612,-4.1370,-2.6011
1716.50,-7.0604,-4.1853,-2.1929,-8.2320,1.3820,2.8483,-7.4612,-4.1370,-2.6019
1717.00,-7.0604,-4.1853,-2.1929,-8.2320,1.3820,2.8477,-7.4612,-4.1370,-2.6025
1717.50,-7.0604,-4.1853,-2.1929,-8.2320,1.3820,2.8472,-7.4612,-4.1370,-2.6030
1718.00,-7.0604,-4.1853,-2.1929,-8.2320,1.3820,2.8468,-7.4612,-4.1370,-2.6034
1718.50,-7.0604,-4.1853,-2.1929,-8.2320,1.3820,2.8462,-7.4612,-4.1370,-2.6040
1719.00,-7.0604,-4.1853,-2.1929,-8.2320,1.3820,2.8457,-7.4612,-4.1370,-2.6045
1719.50,-7.0604,-4.1853,-2.1929,-8.2320,1.3820,2.8454,-7.4612,-4.1370,-2.6047
1720.00,-7.0604,-4.1853,-2.1929,-8.2320,1.3820,2.8448,-7.4612,-4.1370,-2.6054
1720.50,-7.0604,-4.1853,-2.1929,-8.2320,1.3820,2.8446,-7.4612,-4.1370,-2.6056
1721.00,-7.0604,-4.1853,-2.1929,-8.2320,1.3820,2.8441,-7.4612,-4.1370,-2.6061
1721.50,-7.0604,-4.1853,-2.1929,-8.2320,1.3820,2.8430,-7.4612,-4.1370,-2.6071
1722.00,-7.0604,-4.1853,-2.1929,-8.2320,1.3820,2.8423,-7.4612,-4.1370,-2.6079
1722.50,-7.0604,-4.1853,-2.1929,-8.2320,1.3820,2.8416,-7.4612,-4.1370,-2.6086
1723.00,-7.0604,-4.1853,-2.1929,-8.2320,1.3820,2.8416,-7.4612,-4.1370,-2.6086
1723.50,-7.0604,-4.1853,-2.1929,-8.2320,1.3820,2.8412,-7.4612,-4.1370,-2.6090
1724.00,-7.0604,-4.1853,-2.1929,-8.2320,1.3820,2.8408,-7.4612,-4.1370,-2.6094
1724.50,-7.0604,-4.1853,-2.1929,-8.2320,1.3820,2.8406,-7.4612,-4.1370,-2.6096
1725.00,-7.0604,-4.1853,-2.1922,-8.2319,1.3819,2.8425,-7.4611,-4.1370,-2.6077
1725.50,-7.0604,-4.1853,-2.1922,-8.2319,1.3819,2.8420,-7.4611,-4.1370,-2.6082
1726.00,-7.0604,-4.1853,-2.1922,-8.2319,1.3819,2.8413,-7.4611,-4.1370,-2.6089
1726.50,-7.0604,-4.1853,-2.1922,-8.2319,1.3819,2.8409,-7.4611,-4.1370,-2.6093
1727.00,-7.0604,-4.1853,-2.1922,-8.2319,1.3819,2.8401,-7.4611,-4.1370,-2.6101
1727.50,-7.0604,-4.1853,-2.1922,-8.2319,1.3819,2.8399,-7.4611,-4.1370,-2.6103
1728.00,-7.0604,-4.1853,-2.1922,-8.2319,1.3819,2.8395,-7.4611,-4.1370,-2.6107
1728.50,-7.0604,-4.1853,-2.1922,-8.2319,1.3819,2.8390,-7.4611,-4.1370,-2.6112
1729.00,-7.0604,-4.1853,-2.1922,-8.2319,1.3819,2.8379,-7.4611,-4.1370,-2.6123
1729.50,-7.0604,-4.1853,-2.1922,-8.2319,1.3819,2.8371,-7.4611,-4.1370,-2.6131
1730.00,-7.0604,-4.1853,-2.1922,-8.2319,1.3819,2.8363,-7.4611,-4.1370,-2.6139
1730.50,-7.0604,-4.1853,-2.1922,-8.2319,1.3819,2.8360,-7.4611,-4.1370,-2.6142
1731.00,-7.0604,-4.1853,-2.1922,-8.2319,1.3819,2.8353,-7.4611,-4.1370,-2.6149
1731.50,-7.0604,-4.1853,-2.1922,-8.2319,1.3819,2.8349,-7.4611,-4.1370,-2.6153
1732.00,-7.0604,-4.1853,-2.1922,-8.2319,1.3819,2.8344,-7.4611,-4.1370,-2.6158
1732.50,-7.0604,-4.1853,-2.1922,-8.2319,1.3819,2.8334,-7.4611,-4.1370,-2.6168
1733.00,-7.0604,-4.1853,-2.1922,-8.2319,1.3819,2.8330,-7.4611,-4.1370,-2.6172
1733.50,-7.0604,-4.1853,-2.1922,-8.2319,1.3819,2.8321,-7.4611,-4.1370,-2.6181
1734.00,-7.0604,-4.1853,-2.1922,-8.2319,1.3819,2.8318,-7.4611,-4.1370,-2.6184
1734.50,-7.0604,-4.1853,-2.1922,-8.2319,1.3819,2.8316,-7.4611,-4.1370,-2.6186
1735.00,-7.0604,-4.1853,-2.1922,-8.2319,1.3819,2.8308,-7.4611,-4.1370,-2.6194
1735.50,-7.0604,-4.1853,-2.1922,-8.2319,1.3819,2.8302,-7.4611,-4.1370,-2.6200
1736.00,-7.0604,-4.1853,-2.1922,-8.2319,1.3819,2.8295,-7.4611,-4.1370,-2.6207
1736.50,-7.0604,-4.1853,-2.1922,-8.2319,1.3819,2.8289,-7.4611,-4.1370,-2.6213
1737.00,-7.0604,-4.1853,-2.1922,-8.2319,1.3819,2.8287,-7.4611,-4.1370,-2.6215
1737.50,-7.0604,-4.1853,-2.1922,-8.2319,1.3819,2.8285,-7.4611,-4.1370,-2.6217
1738.00,-7.0604,-4.1853,-2.1922,-8.2319,1.3819,2.8281,-7.4611,-4.1370,-2.6221
1738.50,-7.0604,-4.1853,-2.1922,-8.2319,1.3819,2.8275,-7.4611,-4.1370,-2.6227
1739.00,-7.0604,-4.1853,-2.1922,-8.2319,1.3819,2.8270,-7.4611,-4.1370,-2.6232
1739.50,-7.0604,-4.1853,-2.1922,-8.2319,1.3819,2.8269,-7.4611,-4.1370,-2.6233
1740.00,-7.0604,-4.1853,-2.1922,-8.2319,1.3819,2.8261,-7.4611,-4.1370,-2.6241
1740.50,-7.0604,-4.1853,-2.1922,-8.2319,1.3819,2.8255,-7.4611,-4.1370,-2.6247
1741.00,-7.0604,-4.1853,-2.1922,-8.2319,1.3819,2.8252,-7.4611,-4.1370,-2.6250
1741.50,-7.0604,-4.1853,-2.1922,-8.2319,1.3819,2.8240,-7.4611,-4.1370,-2.6262
1742.00,-7.0604,-4.1853,-2.1922,-8.2319,1.3819,2.8234,-7.4611,-4.1370,-2.6267
1742.50,-7.0604,-4.1853,-2.1922,-8.2319,1.3819,2.8232,-7.4611,-4.1370,-2.6270
1743.00,-7.0604,-4.1853,-2.1922,-8.2319,1.3819,2.8224,-7.4611,-4.1370,-2.6278
1743.50,-7.0604,-4.1853,-2.1922,-8.2319,1.3819,2.8215,-7.4611,-4.1370,-2.6287
1744.00,-7.0604,-4.1853,-2.1922,-8.2319,1.3819,2.8215,-7.4611,-4.1370,-2.6287
1744.50,-7.0604,-4.1853,-2.1922,-8.2319,1.3819,2.8207,-7.4611,-4.1370,-2.6295
1745.00,-7.0604,-4.1853,-2.1922,-8.2319,1.3819,2.8202,-7.4611,-4.1370,-2.6300
1745.50,-7.0604,-4.1853,-2.1922,-8.2319,1.3819,2.8195,-7.4611,-4.1370,-2.6307
1746.00,-7.0604,-4.1853,-2.1922,-8.2319,1.3819,2.8191,-7.4611,-4.1370,-2.6311
1746.50,-7.0604,-4.1853,-2.1922,-8.2319,1.3819,2.8180,-7.4611,-4.1370,-2.6322
1747.00,-7.0604,-4.1853,-2.1922,-8.2319,1.3819,2.8172,-7.4611,-4.1370,-2.6330
1747.50,-7.0604,-4.1853,-2.1922,-8.2319,1.3819,2.8163,-7.4611,-4.1370,-2.6339
1748.00,-7.0604,-4.1853,-2.1922,-8.2319,1.3819,2.8159,-7.4611,-4.1370,-2.6343
1748.50,-7.0604,-4.1853,-2.1922,-8.2319,1.3819,2.8151,-7.4611,-4.1370,-2.6351
1749.00,-7.0604,-4.1853,-2.1922,-8.2319,1.3819,2.8142,-7.4611,-4.1370,-2.6360
1749.50,-7.0604,-4.1853,-2.1922,-8.2319,1.3819,2.8140,-7.4611,-4.1370,-2.6362
1750.00,-7.0604,-4.1853,-2.1922,-8.2319,1.3819,2.8134,-7.4611,-4.1370,-2.6368
1750.50,-7.0604,-4.1853,-2.1922,-8.2319,1.3819,2.8128,-7.4611,-4.1370,-2.6374
1751.00,-7.0604,-4.1853,-2.1922,-8.2319,1.3819,2.8116,-7.4611,-4.1370,-2.6386
1751.50,-7.0604,-4.1853,-2.1922,-8.2319,1.3819,2.8107,-7.4611,-4.1370,-2.6395
1752.00,-7.0604,-4.1853,-2.1922,-8.2319,1.3819,2.8097,-7.4611,-4.1370,-2.6405
1752.50,-7.0604,-4.1853,-2.1922,-8.2319,1.3819,2.8086,-7.4611,-4.1370,-2.6416
1753.00,-7.0604,-4.1853,-2.1922,-8.2319,1.3819,2.8075,-7.4611,-4.1370,-2.6427
1753.50,-7.0604,-4.1853,-2.1922,-8.2319,1.3819,2.8068,-7.4611,-4.1370,-2.6434
1754.00,-7.0604,-4.1853,-2.1922,-8.2319,1.3819,2.8067,-7.4611,-4.1370,-2.6435
1754.50,-7.0604,-4.1853,-2.1922,-8.2319,1.3819,2.8058,-7.4611,-4.1370,-2.6444
1755.00,-7.0604,-4.1853,-2.1922,-8.2319,1.3819,2.8051,-7.4611,-4.1370,-2.6451
1755.50,-7.0604,-4.1853,-2.1922,-8.2319,1.3819,2.8042,-7.4611,-4.1370,-2.6460
1756.00,-7.0604,-4.1853,-2.1922,-8.2319,1.3819,2.8035,-7.4611,-4.1370,-2.6467
1756.50,-7.0604,-4.1853,-2.1922,-8.2319,1.3819,2.8032,-7.4611,-4.1370,-2.6470
1757.00,-7.0604,-4.1853,-2.1922,-8.2319,1.3819,2.8023,-7.4611,-4.1370,-2.6479
1757.50,-7.0604,-4.1853,-2.1922,-8.2319,1.3819,2.8019,-7.4611,-4.1370,-2.6483
1758.00,-7.0604,-4.1853,-2.1922,-8.2319,1.3819,2.8014,-7.4611,-4.1370,-2.6488
1758.50,-7.0604,-4.1853,-2.1922,-8.2319,1.3819,2.8007,-7.4611,-4.1370,-2.6495
1759.00,-7.0604,-4.1853,-2.1922,-8.2319,1.3819,2.7997,-7.4611,-4.1370,-2.6505
1759.50,-7.0604,-4.1853,-2.1922,-8.2319,1.3819,2.7990,-7.4611,-4.1370,-2.6512
1760.00,-7.0604,-4.1853,-2.1922,-8.2319,1.3819,2.7984,-7.4611,-4.1370,-2.6518
1760.50,-7.0604,-4.1853,-2.1922,-8.2319,1.3819,2.7977,-7.4611,-4.1370,-2.6525
1761.00,-7.0604,-4.1853,-2.1922,-8.2319,1.3819,2.7976,-7.4611,-4.1370,-2.6526
1761.50,-7.0604,-4.1853,-2.1922,-8.2319,1.3819,2.7968,-7.4611,-4.1370,-2.6534
1762.00,-7.0604,-4.1853,-2.1922,-8.2319,1.3819,2.7962,-7.4611,-4.1370,-2.6540
1762.50,-7.0604,-4.1853,-2.1922,-8.2319,1.3819,2.7956,-7.4611,-4.1370,-2.6545
1763.00,-7.0604,-4.1853,-2.1922,-8.2319,1.3819,2.7953,-7.4611,-4.1370,-2.6548
1763.50,-7.0604,-4.1853,-2.1922,-8.2319,1.3819,2.7943,-7.4611,-4.1370,-2.6559
1764.00,-7.0604,-4.1853,-2.1922,-8.2319,1.3819,2.7943,-7.4611,-4.1370,-2.6559
1764.50,-7.0604,-4.1853,-2.1922,-8.2319,1.3819,2.7935,-7.4611,-4.1370,-2.6567
1765.00,-7.0604,-4.1853,-2.1922,-8.2319,1.3819,2.7932,-7.4611,-4.1370,-2.6570
1765.50,-7.0604,-4.1853,-2.1922,-8.2319,1.3819,2.7924,-7.4611,-4.1370,-2.6578
1766.00,-7.0604,-4.1853,-2.1922,-8.2319,1.3819,2.7921,-7.4611,-4.1370,-2.6581
1766.50,-7.0604,-4.1853,-2.1922,-8.2319,1.3819,2.7919,-7.4611,-4.1370,-2.6583
1767.00,-7.0604,-4.1853,-2.1922,-8.2319,1.3819,2.7911,-7.4611,-4.1370,-2.6591
1767.50,-7.0604,-4.1853,-2.1922,-8.2319,1.3819,2.7907,-7.4611,-4.1370,-2.6595
1768.00,-7.0604,-4.1853,-2.1922,-8.2319,1.3819,2.7896,-7.4611,-4.1370,-2.6606
1768.50,-7.0604,-4.1853,-2.1922,-8.2319,1.3819,2.7890,-7.4611,-4.1370,-2.6612
1769.00,-7.0604,-4.1853,-2.1922,-8.2319,1.3819,2.7887,-7.4611,-4.1370,-2.6615
1769.50,-7.0604,-4.1853,-2.1922,-8.2319,1.3819,2.7880,-7.4611,-4.1370,-2.6622
1770.00,-7.0604,-4.1853,-2.1922,-8.2319,1.3819,2.7878,-7.4611,-4.1370,-2.6624
1770.50,-7.0604,-4.1853,-2.1922,-8.2319,1.3819,2.7871,-7.4611,-4.1370,-2.6630
1771.00,-7.0604,-4.1853,-2.1922,-8.2319,1.3819,2.7866,-7.4611,-4.1370,-2.6636
1771.50,-7.0604,-4.1853,-2.1922,-8.2319,1.3819,2.7861,-7.4611,-4.1370,-2.6641
1772.00,-7.0604,-4.1853,-2.1922,-8.2319,1.3819,2.7852,-7.4611,-4.1370,-2.6650
1772.50,-7.0604,-4.1853,-2.1922,-8.2319,1.3819,2.7849,-7.4611,-4.1370,-2.6653
1773.00,-7.0604,-4.1853,-2.1922,-8.2319,1.3819,2.7843,-7.4611,-4.1370,-2.6659
1773.50,-7.0604,-4.1853,-2.1922,-8.2319,1.3819,2.7835,-7.4611,-4.1370,-2.6667
1774.00,-7.0604,-4.1853,-2.1922,-8.2319,1.3819,2.7824,-7.4611,-4.1370,-2.6678
1774.50,-7.0604,-4.1853,-2.1922,-8.2319,1.3819,2.7815,-7.4611,-4.1370,-2.6687
1775.00,-7.0604,-4.1853,-2.1922,-8.2319,1.3819,2.7805,-7.4611,-4.1370,-2.6697
1775.50,-7.0604,-4.1853,-2.1922,-8.2319,1.3819,2.7793,-7.4611,-4.1370,-2.6709
1776.00,-7.0604,-4.1853,-2.1922,-8.2319,1.3819,2.7785,-7.4611,-4.1370,-2.6717
1776.50,-7.0604,-4.1853,-2.1922,-8.2319,1.3819,2.7776,-7.4611,-4.1370,-2.6726
1777.00,-7.0604,-4.1853,-2.1922,-8.2319,1.3819,2.7764,-7.4611,-4.1370,-2.6738
1777.50,-7.0604,-4.1853,-2.1922,-8.2319,1.3819,2.7760,-7.4611,-4.1370,-2.6742
1778.00,-7.0604,-4.1853,-2.1922,-8.2319,1.3819,2.7753,-7.4611,-4.1370,-2.6749
1778.50,-7.0604,-4.1853,-2.1922,-8.2319,1.3819,2.7751,-7.4611,-4.1370,-2.6751
1779.00,-7.0604,-4.1853,-2.1922,-8.2319,1.3819,2.7746,-7.4611,-4.1370,-2.6756
1779.50,-7.0604,-4.1853,-2.1922,-8.2319,1.3819,2.7739,-7.4611,-4.1370,-2.6763
1780.00,-7.0604,-4.1853,-2.1922,-8.2319,1.3819,2.7735,-7.4611,-4.1370,-2.6767
1780.50,-7.0604,-4.1853,-2.1922,-8.2319,1.3819,2.7727,-7.4611,-4.1370,-2.6775
1781.00,-7.0604,-4.1853,-2.1922,-8.2319,1.3819,2.7719,-7.4611,-4.1370,-2.6783
1781.50,-7.0604,-4.1853,-2.1922,-8.2319,1.3819,2.7710,-7.4611,-4.1370,-2.6792
1782.00,-7.0604,-4.1853,-2.1922,-8.2319,1.3819,2.7707,-7.4611,-4.1370,-2.6795
1782.50,-7.0604,-4.1853,-2.1922,-8.2319,1.3819,2.7695,-7.4611,-4.1370,-2.6807
1783.00,-7.0604,-4.1853,-2.1922,-8.2319,1.3819,2.7692,-7.4611,-4.1370,-2.6810
1783.50,-7.0604,-4.1853,-2.1922,-8.2319,1.3819,2.7685,-7.4611,-4.1370,-2.6817
1784.00,-7.0604,-4.1853,-2.1922,-8.2319,1.3819,2.7678,-7.4611,-4.1370,-2.6824
1784.50,-7.0604,-4.1853,-2.1922,-8.2319,1.3819,2.7672,-7.4611,-4.1370,-2.6830
1785.00,-7.0604,-4.1853,-2.1922,-8.2319,1.3819,2.7661,-7.4611,-4.1370,-2.6841
1785.50,-7.0604,-4.1853,-2.1922,-8.2319,1.3819,2.7652,-7.4611,-4.1370,-2.6850
1786.00,-7.0604,-4.1853,-2.1922,-8.2319,1.3819,2.7647,-7.4611,-4.1370,-2.6855
1786.50,-7.0604,-4.1853,-2.1922,-8.2319,1.3819,2.7639,-7.4611,-4.1370,-2.6863
1787.00,-7.0604,-4.1853,-2.1922,-8.2319,1.3819,2.7636,-7.4611,-4.1370,-2.6866
1787.50,-7.0604,-4.1853,-2.1922,-8.2319,1.3819,2.7634,-7.4611,-4.1370,-2.6867
1788.00,-7.0604,-4.1853,-2.1922,-8.2319,1.3819,2.7627,-7.4611,-4.1370,-2.6875
1788.50,-7.0604,-4.1853,-2.1922,-8.2319,1.3819,2.7621,-7.4611,-4.1370,-2.6881
1789.00,-7.0604,-4.1853,-2.1922,-8.2319,1.3819,2.7613,-7.4611,-4.1370,-2.6889
1789.50,-7.0604,-4.1853,-2.1922,-8.2319,1.3819,2.7606,-7.4611,-4.1370,-2.6896
1790.00,-7.0604,-4.1853,-2.1922,-8.2319,1.3819,2.7598,-7.4611,-4.1370,-2.6904
1790.50,-7.0604,-4.1853,-2.1922,-8.2319,1.3819,2.7592,-7.4611,-4.1370,-2.6910
1791.00,-7.0604,-4.1853,-2.1922,-8.2319,1.3819,2.7580,-7.4611,-4.1370,-2.6922
1791.50,-7.0604,-4.1853,-2.1922,-8.2319,1.3819,2.7573,-7.4611,-4.1370,-2.6929
1792.00,-7.0604,-4.1853,-2.1922,-8.2319,1.3819,2.7570,-7.4611,-4.1370,-2.6932
1792.50,-7.0604,-4.1853,-2.1922,-8.2319,1.3819,2.7560,-7.4611,-4.1370,-2.6942
1793.00,-7.0604,-4.1853,-2.1922,-8.2319,1.3819,2.7555,-7.4611,-4.1370,-2.6947
1793.50,-7.0604,-4.1853,-2.1922,-8.2319,1.3819,2.7544,-7.4611,-4.1370,-2.6958
1794.00,-7.0604,-4.1853,-2.1922,-8.2319,1.3819,2.7538,-7.4611,-4.1370,-2.6964
1794.50,-7.0604,-4.1853,-2.1922,-8.2319,1.3819,2.7533,-7.4611,-4.1370,-2.6969
1795.00,-7.0604,-4.1853,-2.1922,-8.2319,1.3819,2.7523,-7.4611,-4.1370,-2.6979
1795.50,-7.0604,-4.1853,-2.1922,-8.2319,1.3819,2.7511,-7.4611,-4.1370,-2.6991
1796.00,-7.0604,-4.1853,-2.1922,-8.2319,1.3819,2.7505,-7.4611,-4.1370,-2.6997
1796.50,-7.0604,-4.1853,-2.1922,-8.2319,1.3819,2.7498,-7.4611,-4.1370,-2.7004
1797.00,-7.0604,-4.1853,-2.1922,-8.2319,1.3819,2.7491,-7.4611,-4.1370,-2.7011
1797.50,-7.0604,-4.1853,-2.1922,-8.2319,1.3819,2.7483,-7.4611,-4.1370,-2.7019
1798.00,-7.0604,-4.1853,-2.1922,-8.2319,1.3819,2.7478,-7.4611,-4.1370,-2.7024
1798.50,-7.0604,-4.1853,-2.1922,-8.2319,1.3819,2.7471,-7.4611,-4.1370,-2.7031
1799.00,-7.0604,-4.1853,-2.1922,-8.2319,1.3819,2.7464,-7.4611,-4.1370,-2.7038
1799.50,-7.0604,-4.1853,-2.1922,-8.2319,1.3819,2.7457,-7.4611,-4.1370,-2.7045
1800.00,-7.0604,-4.1853,-2.1922,-8.2319,1.3819,2.7453,-7.4611,-4.1370,-2.7049
1800.50,-7.0604,-4.1853,-2.1922,-8.2319,1.3819,2.7441,-7.4611,-4.1370,-2.7061
1801.00,-7.0604,-4.1853,-2.1922,-8.2319,1.3819,2.7434,-7.4611,-4.1370,-2.7068
1801.50,-7.0604,-4.1853,-2.1922,-8.2319,1.3819,2.7425,-7.4611,-4.1370,-2.7077
1802.00,-7.0604,-4.1853,-2.1922,-8.2319,1.3819,2.7416,-7.4611,-4.1370,-2.7085
1802.50,-7.0604,-4.1853,-2.1922,-8.2319,1.3819,2.7409,-7.4611,-4.1370,-2.7093
1803.00,-7.0604,-4.1853,-2.1922,-8.2319,1.3819,2.7398,-7.4611,-4.1370,-2.7104
1803.50,-7.0604,-4.1853,-2.1922,-8.2319,1.3819,2.7395,-7.4611,-4.1370,-2.7107
1804.00,-7.0604,-4.1853,-2.1922,-8.2319,1.3819,2.7387,-7.4611,-4.1370,-2.7115
1804.50,-7.0604,-4.1853,-2.1922,-8.2319,1.3819,2.7386,-7.4611,-4.1370,-2.7116
1805.00,-7.0604,-4.1853,-2.1922,-8.2319,1.3819,2.7382,-7.4611,-4.1370,-2.7120
1805.50,-7.0604,-4.1853,-2.1922,-8.2319,1.3819,2.7378,-7.4611,-4.1370,-2.7124
1806.00,-7.0604,-4.1853,-2.1922,-8.2319,1.3819,2.7370,-7.4611,-4.1370,-2.7132
1806.50,-7.0604,-4.1853,-2.1922,-8.2319,1.3819,2.7369,-7.4611,-4.1370,-2.7133
1807.00,-7.0604,-4.1853,-2.1922,-8.2319,1.3819,2.7361,-7.4611,-4.1370,-2.7141
1807.50,-7.0604,-4.1853,-2.1922,-8.2319,1.3819,2.7357,-7.4611,-4.1370,-2.7145
1808.00,-7.0604,-4.1853,-2.1922,-8.2319,1.3819,2.7347,-7.4611,-4.1370,-2.7155
1808.50,-7.0604,-4.1853,-2.1922,-8.2319,1.3819,2.7344,-7.4611,-4.1370,-2.7158
1809.00,-7.0604,-4.1853,-2.1922,-8.2319,1.3819,2.7338,-7.4611,-4.1370,-2.7164
1809.50,-7.0604,-4.1853,-2.1922,-8.2319,1.3819,2.7327,-7.4611,-4.1370,-2.7175
1810.00,-7.0604,-4.1853,-2.1922,-8.2319,1.3819,2.7318,-7.4611,-4.1370,-2.7184
1810.50,-7.0604,-4.1853,-2.1922,-8.2319,1.3819,2.7314,-7.4611,-4.1370,-2.7188
1811.00,-7.0604,-4.1853,-2.1922,-8.2319,1.3819,2.7307,-7.4611,-4.1370,-2.7195
1811.50,-7.0604,-4.1853,-2.1922,-8.2319,1.3819,2.7299,-7.4611,-4.1370,-2.7203
1812.00,-7.0604,-4.1853,-2.1922,-8.2319,1.3819,2.7293,-7.4611,-4.1370,-2.7209
1812.50,-7.0604,-4.1853,-2.1922,-8.2319,1.3819,2.7285,-7.4611,-4.1370,-2.7217
1813.00,-7.0604,-4.1853,-2.1922,-8.2319,1.3819,2.7284,-7.4611,-4.1370,-2.7218
1813.50,-7.0604,-4.1853,-2.1922,-8.2319,1.3819,2.7278,-7.4611,-4.1370,-2.7224
1814.00,-7.0604,-4.1853,-2.1922,-8.2319,1.3819,2.7272,-7.4611,-4.1370,-2.7230
1814.50,-7.0604,-4.1853,-2.1922,-8.2319,1.3819,2.7270,-7.4611,-4.1370,-2.7232
1815.00,-7.0604,-4.1853,-2.1922,-8.2319,1.3819,2.7269,-7.4611,-4.1370,-2.7233
1815.50,-7.0604,-4.1853,-2.1922,-8.2319,1.3819,2.7261,-7.4611,-4.1370,-2.7241
1816.00,-7.0604,-4.1853,-2.1922,-8.2319,1.3819,2.7259,-7.4611,-4.1370,-2.7243
1816.50,-7.0604,-4.1853,-2.1922,-8.2319,1.3819,2.7247,-7.4611,-4.1370,-2.7255
1817.00,-7.0604,-4.1853,-2.1922,-8.2319,1.3819,2.7244,-7.4611,-4.1370,-2.7258
1817.50,-7.0604,-4.1853,-2.1922,-8.2319,1.3819,2.7245,-7.4611,-4.1370,-2.7257
1818.00,-7.0604,-4.1853,-2.1922,-8.2319,1.3819,2.7243,-7.4611,-4.1370,-2.7259
1818.50,-7.0604,-4.1853,-2.1922,-8.2319,1.3819,2.7243,-7.4611,-4.1370,-2.7259
1819.00,-7.0604,-4.1853,-2.1922,-8.2319,1.3819,2.7238,-7.4611,-4.1370,-2.7264
1819.50,-7.0604,-4.1853,-2.1922,-8.2319,1.3819,2.7229,-7.4611,-4.1370,-2.7272
1820.00,-7.0604,-4.1853,-2.1922,-8.2319,1.3819,2.7231,-7.4611,-4.1370,-2.7271
1820.50,-7.0604,-4.1853,-2.1922,-8.2319,1.3819,2.7220,-7.4611,-4.1370,-2.7281
1821.00,-7.0604,-4.1853,-2.1914,-8.2318,1.3819,2.7238,-7.4611,-4.1370,-2.7264
1821.50,-7.0604,-4.1853,-2.1914,-8.2318,1.3819,2.7234,-7.4611,-4.1370,-2.7268
1822.00,-7.0604,-4.1853,-2.1914,-8.2318,1.3819,2.7229,-7.4611,-4.1370,-2.7273
1822.50,-7.0604,-4.1853,-2.1914,-8.2318,1.3819,2.7224,-7.4611,-4.1370,-2.7278
1823.00,-7.0604,-4.1853,-2.1914,-8.2318,1.3819,2.7216,-7.4611,-4.1370,-2.7286
1823.50,-7.0604,-4.1853,-2.1914,-8.2318,1.3819,2.7212,-7.4611,-4.1370,-2.7290
1824.00,-7.0604,-4.1853,-2.1914,-8.2318,1.3819,2.7205,-7.4611,-4.1370,-2.7297
1824.50,-7.0604,-4.1853,-2.1914,-8.2318,1.3819,2.7203,-7.4611,-4.1370,-2.7299
1825.00,-7.0604,-4.1853,-2.1914,-8.2318,1.3819,2.7199,-7.4611,-4.1370,-2.7303
1825.50,-7.0604,-4.1853,-2.1914,-8.2318,1.3819,2.7188,-7.4611,-4.1370,-2.7314
1826.00,-7.0604,-4.1853,-2.1914,-8.2318,1.3819,2.7181,-7.4611,-4.1370,-2.7321
1826.50,-7.0604,-4.1853,-2.1914,-8.2318,1.3819,2.7177,-7.4611,-4.1370,-2.7325
1827.00,-7.0604,-4.1853,-2.1914,-8.2318,1.3819,2.7174,-7.4611,-4.1370,-2.7328
1827.50,-7.0604,-4.1853,-2.1914,-8.2318,1.3819,2.7166,-7.4611,-4.1370,-2.7336
1828.00,-7.0604,-4.1853,-2.1914,-8.2318,1.3819,2.7163,-7.4611,-4.1370,-2.7339
1828.50,-7.0604,-4.1853,-2.1914,-8.2318,1.3819,2.7156,-7.4611,-4.1370,-2.7346
1829.00,-7.0604,-4.1853,-2.1914,-8.2318,1.3819,2.7148,-7.4611,-4.1370,-2.7354
1829.50,-7.0604,-4.1853,-2.1914,-8.2318,1.3819,2.7151,-7.4611,-4.1370,-2.7351
1830.00,-7.0604,-4.1853,-2.1914,-8.2318,1.3819,2.7150,-7.4611,-4.1370,-2.7352
1830.50,-7.0604,-4.1853,-2.1914,-8.2318,1.3819,2.7145,-7.4611,-4.1370,-2.7357
1831.00,-7.0604,-4.1853,-2.1914,-8.2318,1.3819,2.7136,-7.4611,-4.1370,-2.7365
1831.50,-7.0604,-4.1853,-2.1914,-8.2318,1.3819,2.7137,-7.4611,-4.1370,-2.7364
1832.00,-7.0604,-4.1853,-2.1914,-8.2318,1.3819,2.7136,-7.4611,-4.1370,-2.7366
1832.50,-7.0604,-4.1853,-2.1914,-8.2318,1.3819,2.7130,-7.4611,-4.1370,-2.7372
1833.00,-7.0604,-4.1853,-2.1914,-8.2318,1.3819,2.7117,-7.4611,-4.1370,-2.7385
1833.50,-7.0604,-4.1853,-2.1914,-8.2318,1.3819,2.7111,-7.4611,-4.1370,-2.7391
1834.00,-7.0604,-4.1853,-2.1914,-8.2318,1.3819,2.7100,-7.4611,-4.1370,-2.7402
1834.50,-7.0604,-4.1853,-2.1914,-8.2318,1.3819,2.7097,-7.4611,-4.1370,-2.7405
1835.00,-7.0604,-4.1853,-2.1914,-8.2318,1.3819,2.7093,-7.4611,-4.1370,-2.7409
1835.50,-7.0604,-4.1853,-2.1914,-8.2318,1.3819,2.7082,-7.4611,-4.1370,-2.7420
1836.00,-7.0604,-4.1853,-2.1914,-8.2318,1.3819,2.7079,-7.4611,-4.1370,-2.7423
1836.50,-7.0604,-4.1853,-2.1914,-8.2318,1.3819,2.7072,-7.4611,-4.1370,-2.7430
1837.00,-7.0604,-4.1853,-2.1914,-8.2318,1.3819,2.7066,-7.4611,-4.1370,-2.7436
1837.50,-7.0604,-4.1853,-2.1914,-8.2318,1.3819,2.7063,-7.4611,-4.1370,-2.7439
1838.00,-7.0604,-4.1853,-2.1914,-8.2318,1.3819,2.7055,-7.4611,-4.1370,-2.7447
1838.50,-7.0604,-4.1853,-2.1914,-8.2318,1.3819,2.7051,-7.4611,-4.1370,-2.7451
1839.00,-7.0604,-4.1853,-2.1914,-8.2318,1.3819,2.7037,-7.4611,-4.1370,-2.7465
1839.50,-7.0604,-4.1853,-2.1914,-8.2318,1.3819,2.7026,-7.4611,-4.1370,-2.7476
1840.00,-7.0604,-4.1853,-2.1914,-8.2318,1.3819,2.7021,-7.4611,-4.1370,-2.7481
1840.50,-7.0604,-4.1853,-2.1914,-8.2318,1.3819,2.7012,-7.4611,-4.1370,-2.7489
1841.00,-7.0604,-4.1853,-2.1914,-8.2318,1.3819,2.7011,-7.4611,-4.1370,-2.7490
1841.50,-7.0604,-4.1853,-2.1914,-8.2318,1.3819,2.7005,-7.4611,-4.1370,-2.7497
1842.00,-7.0604,-4.1853,-2.1914,-8.2318,1.3819,2.7002,-7.4611,-4.1370,-2.7500
1842.50,-7.0604,-4.1853,-2.1914,-8.2318,1.3819,2.6993,-7.4611,-4.1370,-2.7509
1843.00,-7.0604,-4.1853,-2.1914,-8.2318,1.3819,2.6986,-7.4611,-4.1370,-2.7516
1843.50,-7.0604,-4.1853,-2.1914,-8.2318,1.3819,2.6981,-7.4611,-4.1370,-2.7521
1844.00,-7.0604,-4.1853,-2.1914,-8.2318,1.3819,2.6977,-7.4611,-4.1370,-2.7524
1844.50,-7.0604,-4.1853,-2.1914,-8.2318,1.3819,2.6976,-7.4611,-4.1370,-2.7526
1845.00,-7.0604,-4.1853,-2.1914,-8.2318,1.3819,2.6969,-7.4611,-4.1370,-2.7533
1845.50,-7.0604,-4.1853,-2.1914,-8.2318,1.3819,2.6960,-7.4611,-4.1370,-2.7542
1846.00,-7.0604,-4.1853,-2.1914,-8.2318,1.3819,2.6958,-7.4611,-4.1370,-2.7544
1846.50,-7.0604,-4.1853,-2.1914,-8.2318,1.3819,2.6954,-7.4611,-4.1370,-2.7548
1847.00,-7.0604,-4.1853,-2.1914,-8.2318,1.3819,2.6947,-7.4611,-4.1370,-2.7555
1847.50,-7.0604,-4.1853,-2.1914,-8.2318,1.3819,2.6944,-7.4611,-4.1370,-2.7558
1848.00,-7.0604,-4.1853,-2.1914,-8.2318,1.3819,2.6939,-7.4611,-4.1370,-2.7563
1848.50,-7.0604,-4.1853,-2.1914,-8.2318,1.3819,2.6934,-7.4611,-4.1370,-2.7568
1849.00,-7.0604,-4.1853,-2.1914,-8.2318,1.3819,2.6925,-7.4611,-4.1370,-2.7577
1849.50,-7.0604,-4.1853,-2.1914,-8.2318,1.3819,2.6916,-7.4611,-4.1370,-2.7586
1850.00,-7.0604,-4.1853,-2.1914,-8.2318,1.3819,2.6909,-7.4611,-4.1370,-2.7592
1850.50,-7.0604,-4.1853,-2.1914,-8.2318,1.3819,2.6907,-7.4611,-4.1370,-2.7595
1851.00,-7.0604,-4.1853,-2.1914,-8.2318,1.3819,2.6901,-7.4611,-4.1370,-2.7601
1851.50,-7.0604,-4.1853,-2.1914,-8.2318,1.3819,2.6901,-7.4611,-4.1370,-2.7601
1852.00,-7.0604,-4.1853,-2.1914,-8.2318,1.3819,2.6897,-7.4611,-4.1370,-2.7605
1852.50,-7.0604,-4.1853,-2.1914,-8.2318,1.3819,2.6888,-7.4611,-4.1370,-2.7613
1853.00,-7.0604,-4.1853,-2.1914,-8.2318,1.3819,2.6879,-7.4611,-4.1370,-2.7622
1853.50,-7.0604,-4.1853,-2.1914,-8.2318,1.3819,2.6872,-7.4611,-4.1370,-2.7630
1854.00,-7.0604,-4.1853,-2.1914,-8.2318,1.3819,2.6866,-7.4611,-4.1370,-2.7636
1854.50,-7.0604,-4.1853,-2.1914,-8.2318,1.3819,2.6857,-7.4611,-4.1370,-2.7645
1855.00,-7.0604,-4.1853,-2.1914,-8.2318,1.3819,2.6847,-7.4611,-4.1370,-2.7655
1855.50,-7.0604,-4.1853,-2.1914,-8.2318,1.3819,2.6840,-7.4611,-4.1370,-2.7662
1856.00,-7.0604,-4.1853,-2.1914,-8.2318,1.3819,2.6837,-7.4611,-4.1370,-2.7665
1856.50,-7.0604,-4.1853,-2.1914,-8.2318,1.3819,2.6833,-7.4611,-4.1370,-2.7669
1857.00,-7.0604,-4.1853,-2.1914,-8.2318,1.3819,2.6822,-7.4611,-4.1370,-2.7680
1857.50,-7.0604,-4.1853,-2.1914,-8.2318,1.3819,2.6816,-7.4611,-4.1370,-2.7686
1858.00,-7.0604,-4.1853,-2.1914,-8.2318,1.3819,2.6817,-7.4611,-4.1370,-2.7685
1858.50,-7.0604,-4.1853,-2.1914,-8.2318,1.3819,2.6806,-7.4611,-4.1370,-2.7696
1859.00,-7.0604,-4.1853,-2.1914,-8.2318,1.3819,2.6798,-7.4611,-4.1370,-2.7704
1859.50,-7.0604,-4.1853,-2.1914,-8.2318,1.3819,2.6794,-7.4611,-4.1370,-2.7708
1860.00,-7.0604,-4.1853,-2.1914,-8.2318,1.3819,2.6791,-7.4611,-4.1370,-2.7711
1860.50,-7.0604,-4.1853,-2.1914,-8.2318,1.3819,2.6791,-7.4611,-4.1370,-2.7711
1861.00,-7.0604,-4.1853,-2.1914,-8.2318,1.3819,2.6786,-7.4611,-4.1370,-2.7716
1861.50,-7.0604,-4.1853,-2.1914,-8.2318,1.3819,2.6776,-7.4611,-4.1370,-2.7725
1862.00,-7.0604,-4.1853,-2.1914,-8.2318,1.3819,2.6774,-7.4611,-4.1370,-2.7728
1862.50,-7.0604,-4.1853,-2.1914,-8.2318,1.3819,2.6769,-7.4611,-4.1370,-2.7733
1863.00,-7.0604,-4.1853,-2.1914,-8.2318,1.3819,2.6756,-7.4611,-4.1370,-2.7746
1863.50,-7.0604,-4.1853,-2.1914,-8.2318,1.3819,2.6750,-7.4611,-4.1370,-2.7752
1864.00,-7.0604,-4.1853,-2.1914,-8.2318,1.3819,2.6748,-7.4611,-4.1370,-2.7754
1864.50,-7.0604,-4.1853,-2.1914,-8.2318,1.3819,2.6740,-7.4611,-4.1370,-2.7762
1865.00,-7.0604,-4.1853,-2.1914,-8.2318,1.3819,2.6736,-7.4611,-4.1370,-2.7766
1865.50,-7.0604,-4.1853,-2.1914,-8.2318,1.3819,2.6732,-7.4611,-4.1370,-2.7770
1866.00,-7.0604,-4.1853,-2.1914,-8.2318,1.3819,2.6726,-7.4611,-4.1370,-2.7776
1866.50,-7.0604,-4.1853,-2.1914,-8.2318,1.3819,2.6714,-7.4611,-4.1370,-2.7788
1867.00,-7.0604,-4.1853,-2.1914,-8.2318,1.3819,2.6712,-7.4611,-4.1370,-2.7790
1867.50,-7.0604,-4.1853,-2.1914,-8.2318,1.3819,2.6701,-7.4611,-4.1370,-2.7801
1868.00,-7.0604,-4.1853,-2.1914,-8.2318,1.3819,2.6697,-7.4611,-4.1370,-2.7805
1868.50,-7.0604,-4.1853,-2.1914,-8.2318,1.3819,2.6687,-7.4611,-4.1370,-2.7815
1869.00,-7.0604,-4.1853,-2.1914,-8.2318,1.3819,2.6682,-7.4611,-4.1370,-2.7820
1869.50,-7.0604,-4.1853,-2.1914,-8.2318,1.3819,2.6680,-7.4611,-4.1370,-2.7822
1870.00,-7.0604,-4.1853,-2.1914,-8.2318,1.3819,2.6674,-7.4611,-4.1370,-2.7828
1870.50,-7.0604,-4.1853,-2.1914,-8.2318,1.3819,2.6675,-7.4611,-4.1370,-2.7827
1871.00,-7.0604,-4.1853,-2.1914,-8.2318,1.3819,2.6670,-7.4611,-4.1370,-2.7832
1871.50,-7.0604,-4.1853,-2.1914,-8.2318,1.3819,2.6656,-7.4611,-4.1370,-2.7846
1872.00,-7.0604,-4.1853,-2.1914,-8.2318,1.3819,2.6647,-7.4611,-4.1370,-2.7855
1872.50,-7.0604,-4.1853,-2.1914,-8.2318,1.3819,2.6650,-7.4611,-4.1370,-2.7852
1873.00,-7.0604,-4.1853,-2.1914,-8.2318,1.3819,2.6652,-7.4611,-4.1370,-2.7850
1873.50,-7.0604,-4.1853,-2.1914,-8.2318,1.3819,2.6652,-7.4611,-4.1370,-2.7850
1874.00,-7.0604,-4.1853,-2.1914,-8.2318,1.3819,2.6649,-7.4611,-4.1370,-2.7852
1874.50,-7.0604,-4.1853,-2.1914,-8.2318,1.3819,2.6645,-7.4611,-4.1370,-2.7857
1875.00,-7.0604,-4.1853,-2.1914,-8.2318,1.3819,2.6637,-7.4611,-4.1370,-2.7865
1875.50,-7.0604,-4.1853,-2.1914,-8.2318,1.3819,2.6635,-7.4611,-4.1370,-2.7867
1876.00,-7.0604,-4.1853,-2.1914,-8.2318,1.3819,2.6628,-7.4611,-4.1370,-2.7874
1876.50,-7.0604,-4.1853,-2.1914,-8.2318,1.3819,2.6625,-7.4611,-4.1370,-2.7877
1877.00,-7.0604,-4.1853,-2.1914,-8.2318,1.3819,2.6621,-7.4611,-4.1370,-2.7881
1877.50,-7.0604,-4.1853,-2.1914,-8.2318,1.3819,2.6617,-7.4611,-4.1370,-2.7885
1878.00,-7.0604,-4.1853,-2.1914,-8.2318,1.3819,2.6610,-7.4611,-4.1370,-2.7892
1878.50,-7.0604,-4.1853,-2.1914,-8.2318,1.3819,2.6600,-7.4611,-4.1370,-2.7902
1879.00,-7.0604,-4.1853,-2.1914,-8.2318,1.3819,2.6594,-7.4611,-4.1370,-2.7908
1879.50,-7.0604,-4.1853,-2.1914,-8.2318,1.3819,2.6588,-7.4611,-4.1370,-2.7914
1880.00,-7.0604,-4.1853,-2.1914,-8.2318,1.3819,2.6584,-7.4611,-4.1370,-2.7918
1880.50,-7.0604,-4.1853,-2.1914,-8.2318,1.3819,2.6572,-7.4611,-4.1370,-2.7930
1881.00,-7.0604,-4.1853,-2.1914,-8.2318,1.3819,2.6567,-7.4611,-4.1370,-2.7934
1881.50,-7.0604,-4.1853,-2.1914,-8.2318,1.3819,2.6559,-7.4611,-4.1370,-2.7943
1882.00,-7.0604,-4.1853,-2.1914,-8.2318,1.3819,2.6555,-7.4611,-4.1370,-2.7947
1882.50,-7.0604,-4.1853,-2.1914,-8.2318,1.3819,2.6552,-7.4611,-4.1370,-2.7950
1883.00,-7.0604,-4.1853,-2.1914,-8.2318,1.3819,2.6542,-7.4611,-4.1370,-2.7960
1883.50,-7.0604,-4.1853,-2.1914,-8.2318,1.3819,2.6537,-7.4611,-4.1370,-2.7965
1884.00,-7.0604,-4.1853,-2.1914,-8.2318,1.3819,2.6532,-7.4611,-4.1370,-2.7970
1884.50,-7.0604,-4.1853,-2.1914,-8.2318,1.3819,2.6526,-7.4611,-4.1370,-2.7976
1885.00,-7.0603,-4.1853,-2.1902,-8.2318,1.3819,2.6521,-7.4611,-4.1370,-2.7981
1885.50,-7.0603,-4.1853,-2.1902,-8.2318,1.3819,2.6518,-7.4611,-4.1370,-2.7984
1886.00,-7.0603,-4.1853,-2.1902,-8.2318,1.3819,2.6511,-7.4611,-4.1370,-2.7991
1886.50,-7.0603,-4.1853,-2.1902,-8.2318,1.3819,2.6509,-7.4611,-4.1370,-2.7993
1887.00,-7.0603,-4.1853,-2.1902,-8.2318,1.3819,2.6508,-7.4611,-4.1370,-2.7994
1887.50,-7.0603,-4.1853,-2.1902,-8.2318,1.3819,2.6504,-7.4611,-4.1370,-2.7998
1888.00,-7.0603,-4.1853,-2.1902,-8.2318,1.3819,2.6497,-7.4611,-4.1370,-2.8005
1888.50,-7.0603,-4.1853,-2.1902,-8.2318,1.3819,2.6490,-7.4611,-4.1370,-2.8012
1889.00,-7.0603,-4.1853,-2.1902,-8.2318,1.3819,2.6488,-7.4611,-4.1370,-2.8014
1889.50,-7.0603,-4.1853,-2.1902,-8.2318,1.3819,2.6484,-7.4611,-4.1370,-2.8018
1890.00,-7.0603,-4.1853,-2.1902,-8.2318,1.3819,2.6479,-7.4611,-4.1370,-2.8023
1890.50,-7.0603,-4.1853,-2.1902,-8.2318,1.3819,2.6483,-7.4611,-4.1370,-2.8019
1891.00,-7.0603,-4.1853,-2.1902,-8.2318,1.3819,2.6479,-7.4611,-4.1370,-2.8023
1891.50,-7.0603,-4.1853,-2.1902,-8.2318,1.3819,2.6472,-7.4611,-4.1370,-2.8030
1892.00,-7.0603,-4.1853,-2.1902,-8.2318,1.3819,2.6469,-7.4611,-4.1370,-2.8033
