t,gt_x,gt_y,gt_yaw,odom_x,odom_y,odom_yaw,slam_x,slam_y,slam_yaw
53.50,-0.0000,0.0000,0.0000,0.0000,0.0000,-0.0134,0.0000,0.0000,-0.0134
54.00,-0.0000,0.0000,0.0000,0.0000,0.0000,-0.0140,0.0000,0.0000,-0.0140
54.50,-0.0000,0.0000,0.0000,0.0000,0.0000,-0.0147,0.0000,0.0000,-0.0147
55.00,-0.0000,0.0000,0.0000,0.0000,0.0000,-0.0146,0.0000,0.0000,-0.0146
55.50,-0.0000,0.0000,0.0000,0.0000,0.0000,-0.0150,0.0000,0.0000,-0.0150
56.00,-0.0000,0.0000,0.0000,0.0000,0.0000,-0.0148,0.0000,0.0000,-0.0148
56.50,-0.0000,0.0000,0.0000,0.0000,0.0000,-0.0153,0.0000,0.0000,-0.0153
57.00,-0.0000,0.0000,0.0000,0.0000,0.0000,-0.0156,0.0000,0.0000,-0.0156
57.50,-0.0000,0.0000,0.0000,0.0000,0.0000,-0.0157,0.0000,0.0000,-0.0157
58.00,-0.0000,0.0000,0.0000,0.0000,0.0000,-0.0159,0.0000,0.0000,-0.0159
58.50,-0.0000,0.0000,0.0000,0.0000,0.0000,-0.0158,0.0000,0.0000,-0.0158
59.00,-0.0000,0.0000,0.0000,0.0000,0.0000,-0.0161,0.0000,0.0000,-0.0161
59.50,-0.0000,0.0000,0.0000,0.0000,0.0000,-0.0165,0.0000,0.0000,-0.0165
60.00,-0.0000,0.0000,0.0000,0.0000,0.0000,-0.0162,0.0000,0.0000,-0.0162
60.50,-0.0000,0.0000,0.0000,0.0000,0.0000,-0.0163,0.0000,0.0000,-0.0163
61.00,-0.0000,0.0000,0.0000,0.0000,0.0000,-0.0171,0.0000,0.0000,-0.0171
61.50,-0.0000,0.0000,0.0000,0.0000,0.0000,-0.0173,0.0000,0.0000,-0.0173
62.00,0.0161,-0.0000,-0.0000,0.0149,-0.0003,-0.0172,0.0149,-0.0003,-0.0172
62.50,0.0761,-0.0000,-0.0000,0.0777,-0.0013,-0.0174,0.0777,-0.0013,-0.0174
63.00,0.1361,-0.0000,-0.0000,0.1374,-0.0024,-0.0179,0.0974,-0.0040,-0.0039
63.50,0.1961,-0.0000,-0.0000,0.2038,-0.0036,-0.0183,0.0838,-0.0043,-0.0044
64.00,0.2561,-0.0000,-0.0000,0.2615,-0.0047,-0.0183,0.1015,-0.0046,-0.0043
64.50,0.3161,-0.0000,-0.0000,0.3233,-0.0058,-0.0185,0.1633,-0.0048,-0.0045
65.00,0.3761,-0.0000,-0.0000,0.3821,-0.0069,-0.0188,0.1686,-0.0051,-0.0048
65.50,0.4361,-0.0000,-0.0000,0.4428,-0.0080,-0.0191,0.2229,-0.0054,-0.0051
66.00,0.4961,-0.0000,-0.0000,0.5088,-0.0093,-0.0190,0.1888,-0.0058,-0.0051
66.50,0.5561,-0.0000,-0.0000,0.5728,-0.0105,-0.0195,0.2128,-0.0061,-0.0055
67.00,0.6161,-0.0000,-0.0000,0.6348,-0.0118,-0.0196,0.2349,-0.0065,-0.0056
67.50,0.6761,-0.0000,-0.0000,0.6963,-0.0130,-0.0199,0.2880,-0.0068,-0.0059
68.00,0.7361,-0.0000,-0.0000,0.7563,-0.0142,-0.0203,0.3464,-0.0072,-0.0063
68.50,0.7961,-0.0000,-0.0000,0.8145,-0.0154,-0.0207,0.3846,-0.0076,-0.0067
69.00,0.8561,-0.0000,-0.0000,0.8746,-0.0166,-0.0213,0.4447,-0.0080,-0.0073
69.50,0.9161,-0.0000,-0.0000,0.9378,-0.0180,-0.0214,0.4879,-0.0085,-0.0074
70.00,0.9761,-0.0000,-0.0000,0.9983,-0.0193,-0.0216,0.5085,-0.0089,-0.0077
70.50,1.0361,-0.0000,-0.0000,1.0604,-0.0207,-0.0224,0.5705,-0.0094,-0.0084
71.00,1.0961,-0.0000,-0.0000,1.1211,-0.0220,-0.0230,0.6313,-0.0099,-0.0090
71.50,1.1561,-0.0000,-0.0000,1.1853,-0.0235,-0.0236,0.6755,-0.0105,-0.0096
72.00,1.2161,-0.0000,-0.0000,1.2454,-0.0249,-0.0237,0.7155,-0.0111,-0.0097
72.50,1.2228,-0.0000,-0.0000,1.2523,-0.0251,-0.0245,0.7225,-0.0112,-0.0105
73.00,1.2228,-0.0000,-0.0000,1.2523,-0.0251,-0.0250,0.7225,-0.0112,-0.0110
73.50,1.2228,-0.0000,-0.0000,1.2523,-0.0251,-0.0256,0.7225,-0.0112,-0.0116
74.00,1.2228,-0.0000,-0.0000,1.2523,-0.0251,-0.0257,0.7225,-0.0112,-0.0118
74.50,1.2228,-0.0000,-0.0000,1.2523,-0.0251,-0.0259,0.7225,-0.0112,-0.0119
75.00,1.2228,-0.0000,-0.0000,1.2523,-0.0251,-0.0266,0.7225,-0.0112,-0.0127
75.50,1.2228,-0.0000,-0.0000,1.2523,-0.0251,-0.0273,0.7225,-0.0112,-0.0133
76.00,1.2228,-0.0000,-0.0000,1.2523,-0.0251,-0.0275,0.7225,-0.0112,-0.0135
76.50,1.2228,-0.0000,-0.0000,1.2523,-0.0251,-0.0276,0.7225,-0.0112,-0.0136
77.00,1.2228,-0.0000,-0.0000,1.2523,-0.0251,-0.0275,0.7225,-0.0112,-0.0136
77.50,1.2228,-0.0000,-0.0000,1.2523,-0.0251,-0.0277,0.7225,-0.0112,-0.0138
78.00,1.2228,-0.0000,-0.0000,1.2523,-0.0251,-0.0286,0.7225,-0.0112,-0.0146
78.50,1.2228,-0.0000,-0.0000,1.2523,-0.0251,-0.0288,0.7225,-0.0112,-0.0148
79.00,1.2228,-0.0000,-0.0000,1.2523,-0.0251,-0.0289,0.7225,-0.0112,-0.0149
79.50,1.2228,-0.0000,-0.0000,1.2523,-0.0251,-0.0296,0.7225,-0.0112,-0.0156
80.00,1.2228,-0.0000,-0.0000,1.2523,-0.0251,-0.0300,0.7225,-0.0112,-0.0160
80.50,1.2228,0.0001,0.0052,1.2523,-0.0251,-0.0304,0.7225,-0.0112,-0.0165
81.00,1.2228,0.0057,0.0574,1.2569,-0.0251,0.0217,0.7271,-0.0111,0.0357
81.50,1.2228,0.0130,0.1081,1.2639,-0.0248,0.0727,0.7341,-0.0107,0.0866
82.00,1.2228,0.0199,0.1571,1.2719,-0.0240,0.1223,0.7420,-0.0098,0.1362
82.50,1.2229,0.0263,0.2044,1.2777,-0.0231,0.1690,0.7479,-0.0089,0.1829
83.00,1.2229,0.0322,0.2503,1.2844,-0.0218,0.2143,0.7546,-0.0075,0.2283
83.50,1.2229,0.0377,0.2947,1.2903,-0.0204,0.2581,0.7604,-0.0059,0.2721
84.00,1.2229,0.0426,0.3379,1.2959,-0.0188,0.3008,0.7468,0.0331,0.3287
84.50,1.2230,0.0471,0.3798,1.2986,-0.0179,0.3422,0.7495,0.0340,0.3702
85.00,1.2230,0.0510,0.4206,1.3020,-0.0167,0.3823,0.7528,0.0354,0.4103
85.50,1.2231,0.0545,0.4602,1.3049,-0.0154,0.4220,0.7557,0.0367,0.4499
86.00,1.2231,0.0575,0.4988,1.3080,-0.0139,0.4597,0.7588,0.0383,0.4876
86.50,1.2232,0.0601,0.5364,1.3102,-0.0128,0.4972,0.7609,0.0395,0.5251
87.00,1.2232,0.0621,0.5730,1.3116,-0.0120,0.5328,0.7623,0.0403,0.5608
87.50,1.2233,0.0637,0.6086,1.3129,-0.0113,0.5685,0.7635,0.0411,0.5964
88.00,1.2233,0.0649,0.6434,1.3139,-0.0106,0.6031,0.7645,0.0418,0.6310
88.50,1.2234,0.0656,0.6772,1.3143,-0.0102,0.6369,0.7650,0.0422,0.6648
89.00,1.2234,0.0659,0.7102,1.3144,-0.0102,0.6696,0.7650,0.0422,0.6976
89.50,1.2234,0.0659,0.7427,1.3143,-0.0103,0.7021,0.7649,0.0421,0.7300
90.00,1.2231,0.0658,0.7763,1.3143,-0.0103,0.7348,0.7649,0.0421,0.7627
90.50,1.2231,0.0656,0.8104,1.3140,-0.0106,0.7687,0.7646,0.0418,0.7966
91.00,1.2232,0.0652,0.8435,1.3138,-0.0108,0.8012,0.7644,0.0416,0.8291
91.50,1.2231,0.0651,0.8761,1.3137,-0.0109,0.8337,0.7643,0.0415,0.8616
92.00,1.2227,0.0651,0.9094,1.3132,-0.0114,0.8662,0.7639,0.0410,0.8941
92.50,1.2217,0.0650,0.9437,1.3127,-0.0120,0.8997,0.7634,0.0403,0.9276
93.00,1.2204,0.0650,0.9788,1.3119,-0.0130,0.9337,0.7626,0.0393,0.9617
93.50,1.2185,0.0649,1.0149,1.3110,-0.0143,0.9695,0.7618,0.0380,0.9974
94.00,1.2162,0.0649,1.0520,1.3098,-0.0161,1.0058,0.7606,0.0362,1.0337
94.50,1.2135,0.0648,1.0900,1.3086,-0.0182,1.0432,0.7594,0.0340,1.0711
95.00,1.2103,0.0648,1.1291,1.3071,-0.0208,1.0823,0.7581,0.0314,1.1102
95.50,1.2065,0.0647,1.1693,1.3055,-0.0240,1.1219,0.7565,0.0282,1.1498
96.00,1.2024,0.0647,1.2106,1.3041,-0.0270,1.1628,0.7552,0.0251,1.1907
96.50,1.1977,0.0647,1.2530,1.3019,-0.0324,1.2045,0.7532,0.0197,1.2324
97.00,1.1925,0.0646,1.2968,1.3000,-0.0378,1.2472,0.7514,0.0142,1.2751
97.50,1.1868,0.0646,1.3419,1.2984,-0.0429,1.2914,0.7499,0.0090,1.3194
98.00,1.1807,0.0646,1.3884,1.2967,-0.0492,1.3378,0.7485,0.0028,1.3657
98.50,1.1741,0.0645,1.4365,1.2954,-0.0554,1.3851,0.7473,-0.0035,1.4130
99.00,1.1670,0.0645,1.4863,1.2942,-0.0631,1.4346,0.7463,-0.0112,1.4625
99.50,1.1594,0.0645,1.5380,1.2933,-0.0707,1.4859,0.6899,0.0397,1.5284
100.00,1.1514,0.0645,1.5914,1.2932,-0.0714,1.5391,0.6791,0.0501,1.5845
100.50,1.1445,0.0645,1.6384,1.2933,-0.0651,1.5907,0.6789,0.0565,1.6361
101.00,1.1390,0.0645,1.6861,1.2931,-0.0604,1.6330,0.6785,0.0612,1.6783
101.50,1.1322,0.0646,1.7348,1.2925,-0.0545,1.6815,0.6777,0.0671,1.7268
102.00,1.1259,0.0646,1.7819,1.2917,-0.0485,1.7272,0.6766,0.0730,1.7726
102.50,1.1200,0.0646,1.8276,1.2905,-0.0418,1.7721,0.6751,0.0796,1.8175
103.00,1.1147,0.0646,1.8718,1.2894,-0.0369,1.8161,0.6738,0.0845,1.8615
103.50,1.1098,0.0647,1.9148,1.2881,-0.0322,1.8586,0.6723,0.0891,1.9040
104.00,1.1054,0.0647,1.9566,1.2868,-0.0280,1.8996,0.6708,0.0932,1.9450
104.50,1.1015,0.0648,1.9972,1.2857,-0.0249,1.9396,0.6695,0.0962,1.9850
105.00,1.0981,0.0648,2.0367,1.2843,-0.0216,1.9790,0.6680,0.0995,2.0243
105.50,1.0949,0.0661,2.0781,1.2831,-0.0189,2.0174,0.6272,0.0525,2.0662
106.00,1.0728,0.1055,2.1126,1.2624,0.0218,2.0572,0.6046,0.0921,2.1060
106.50,1.0165,0.1959,2.1725,1.2104,0.1152,2.1094,0.5478,0.1827,2.1547
107.00,0.9384,0.2979,2.2995,1.1372,0.2213,2.2405,0.4577,0.2860,2.2982
107.50,0.8492,0.3921,2.3499,1.0540,0.3202,2.2937,0.3616,0.3795,2.3426
108.00,0.7574,0.4841,2.3652,0.9638,0.4213,2.3089,0.2860,0.4755,2.3484
108.50,0.6629,0.5729,2.4308,0.8689,0.5211,2.3671,0.1876,0.5719,2.4160
109.00,0.5607,0.6534,2.5160,0.7702,0.6088,2.4534,0.1142,0.6497,2.5096
109.50,0.4531,0.7256,2.5601,0.6620,0.6922,2.5042,0.0175,0.7216,2.5583
110.00,0.3558,0.7940,2.4871,0.5689,0.7637,2.4408,-0.0616,0.7866,2.4850
110.50,0.2850,0.8580,2.2993,0.4980,0.8336,2.2575,-0.1312,0.8619,2.2941
111.00,0.2331,0.9285,2.0723,0.4493,0.9084,2.0316,-0.1658,0.9345,2.0682
111.50,0.1904,1.0335,1.8120,0.4108,1.0195,1.7724,-0.1916,1.0369,1.8108
112.00,0.1554,1.1449,1.5082,0.4056,1.1300,1.4599,-0.2046,1.1395,1.4965
112.50,0.1540,1.2734,1.3629,0.4319,1.2578,1.2993,-0.2223,1.2681,1.3429
113.00,0.1775,1.3990,1.2389,0.4718,1.3798,1.1884,-0.1987,1.4016,1.2425
113.50,0.2176,1.5191,1.1416,0.5267,1.4939,1.0773,-0.1588,1.5186,1.1245
114.00,0.2691,1.6380,1.1958,0.5859,1.6066,1.1196,-0.1225,1.6336,1.1801
114.50,0.3119,1.7607,1.2563,0.6380,1.7276,1.1881,-0.0788,1.7572,1.2562
115.00,0.3552,1.8840,1.2286,0.6883,1.8505,1.1674,-0.0290,1.8834,1.2255
115.50,0.4066,2.0049,1.1659,0.7449,1.9710,1.1019,0.0214,2.0072,1.1525
116.00,0.4568,2.1124,1.1509,0.8035,2.0817,1.0779,0.0746,2.1122,1.1349
116.50,0.4825,2.1670,1.1911,0.8323,2.1375,1.1192,0.1012,2.1675,1.1826
117.00,0.4863,2.1730,1.2327,0.8357,2.1447,1.1606,0.1043,2.1748,1.2251
117.50,0.4848,2.1730,1.2498,0.8350,2.1429,1.1810,0.1037,2.1730,1.2455
118.00,0.4848,2.1730,1.2498,0.8350,2.1429,1.1808,0.1037,2.1730,1.2454
118.50,0.4812,2.1622,1.2498,0.8305,2.1320,1.1805,0.1000,2.1619,1.2450
119.00,0.4749,2.1432,1.2498,0.8227,2.1129,1.1799,0.0933,2.1423,1.2445
119.50,0.4686,2.1243,1.2498,0.8143,2.0925,1.1795,0.0863,2.1214,1.2441
120.00,0.4623,2.1053,1.2498,0.8071,2.0753,1.1798,0.0803,2.1038,1.2443
120.50,0.4559,2.0863,1.2498,0.7994,2.0566,1.1787,0.0731,2.0849,1.2398
121.00,0.4496,2.0673,1.2498,0.7910,2.0363,1.1778,0.0659,2.0641,1.2389
121.50,0.4433,2.0483,1.2498,0.7840,2.0194,1.1774,0.0599,2.0468,1.2384
122.00,0.4370,2.0294,1.2498,0.7763,2.0008,1.1764,0.0534,2.0278,1.2375
122.50,0.4307,2.0104,1.2498,0.7685,1.9822,1.1757,0.0468,2.0087,1.2368
123.00,0.4244,1.9914,1.2498,0.7608,1.9635,1.1749,0.0416,1.9891,1.2430
123.50,0.4181,1.9724,1.2498,0.7525,1.9439,1.1745,0.0348,1.9689,1.2426
124.00,0.4118,1.9535,1.2498,0.7459,1.9280,1.1743,0.0292,1.9527,1.2424
124.50,0.4055,1.9345,1.2498,0.7374,1.9076,1.1736,0.0221,1.9317,1.2417
125.00,0.4013,1.9301,1.2794,0.7343,1.9003,1.1997,0.0196,1.9243,1.2678
125.50,0.3959,1.9301,1.3239,0.7328,1.8960,1.2437,0.0090,1.9197,1.3152
126.00,0.3899,1.9300,1.3699,0.7311,1.8909,1.2892,0.0077,1.9144,1.3608
126.50,0.3835,1.9300,1.4173,0.7296,1.8852,1.3358,0.0066,1.9086,1.4073
127.00,0.3766,1.9300,1.4664,0.7281,1.8784,1.3844,0.0056,1.9017,1.4559
127.50,0.3729,1.9300,1.4921,0.7274,1.8742,1.4142,0.0052,1.8975,1.4858
128.00,0.3729,1.9300,1.4921,0.7274,1.8742,1.4137,0.0052,1.8975,1.4852
128.50,0.3729,1.9300,1.4921,0.7274,1.8742,1.4129,0.0052,1.8975,1.4844
129.00,0.3729,1.9300,1.4921,0.7274,1.8742,1.4128,0.0052,1.8975,1.4843
129.50,0.3717,1.9300,1.5124,0.7273,1.8733,1.4287,0.0051,1.8966,1.5002
130.00,0.3645,1.9300,1.5650,0.7264,1.8655,1.4810,0.0048,1.8888,1.5525
130.50,0.3566,1.9300,1.6182,0.7267,1.8713,1.5335,0.0047,1.8945,1.6051
131.00,0.3479,1.9300,1.6977,0.7268,1.8818,1.6059,0.0040,1.9050,1.6774
131.50,0.3316,1.9301,1.9012,0.7246,1.8980,1.8036,0.0007,1.9211,1.8752
132.00,0.3140,1.9303,2.1007,0.7190,1.9144,2.0029,-0.0061,1.9370,2.0744
132.50,0.3080,1.9305,2.2553,0.7162,1.9199,2.1631,-0.0093,1.9422,2.2346
133.00,0.3078,1.9306,2.3037,0.7159,1.9202,2.2154,-0.0095,1.9425,2.2869
133.50,0.3079,1.9303,2.3369,0.7162,1.9199,2.2483,-0.0093,1.9422,2.3198
134.00,0.3080,1.9303,2.3711,0.7163,1.9198,2.2824,-0.0091,1.9421,2.3539
134.50,0.3084,1.9303,2.4045,0.7169,1.9190,2.3152,-0.0085,1.9415,2.3868
135.00,0.3085,1.9303,2.4370,0.7170,1.9190,2.3471,-0.0084,1.9415,2.4187
135.50,0.3085,1.9302,2.4538,0.7171,1.9189,2.3661,-0.0083,1.9414,2.4377
136.00,0.3086,1.9300,2.4702,0.7174,1.9186,2.3791,-0.0080,1.9411,2.4507
136.50,0.3086,1.9292,2.5042,0.7184,1.9177,2.4129,-0.0069,1.9402,2.4844
137.00,0.3087,1.9280,2.5391,0.7193,1.9169,2.4473,-0.0060,1.9395,2.5189
137.50,0.3087,1.9263,2.5749,0.7208,1.9157,2.4824,-0.0043,1.9384,2.5539
138.00,0.3088,1.9241,2.6116,0.7234,1.9137,2.5182,-0.0016,1.9366,2.5898
138.50,0.3088,1.9215,2.6494,0.7263,1.9118,2.5558,0.0014,1.9349,2.6274
139.00,0.3089,1.9184,2.6881,0.7283,1.9105,2.5935,0.0035,1.9337,2.6651
139.50,0.3089,1.9149,2.7280,0.7326,1.9079,2.6331,0.0080,1.9315,2.7046
140.00,0.3196,1.9090,2.7441,0.7419,1.9029,2.6520,0.0176,1.9272,2.7236
140.50,0.3380,1.9012,2.7441,0.7587,1.8940,2.6519,0.0350,1.9195,2.7234
141.00,0.3564,1.8935,2.7441,0.7776,1.8839,2.6517,0.0545,1.9108,2.7232
141.50,0.3749,1.8857,2.7441,0.7963,1.8740,2.6516,-0.0049,1.8850,2.7371
142.00,0.3933,1.8780,2.7441,0.8155,1.8637,2.6505,0.0151,1.8764,2.7360
142.50,0.4118,1.8702,2.7441,0.8336,1.8540,2.6500,0.0341,1.8683,2.7355
143.00,0.4302,1.8625,2.7441,0.8529,1.8437,2.6494,0.0542,1.8596,2.7349
143.50,0.4486,1.8548,2.7441,0.8715,1.8337,2.6488,0.0651,1.8513,2.7343
144.00,0.4671,1.8470,2.7441,0.8881,1.8248,2.6488,0.0808,1.8439,2.7343
144.50,0.4855,1.8393,2.7441,0.9057,1.8154,2.6487,0.0991,1.8359,2.7342
145.00,0.5040,1.8315,2.7441,0.9260,1.8044,2.6483,0.1203,1.8268,2.7338
145.50,0.5224,1.8238,2.7441,0.9438,1.7949,2.6477,0.1389,1.8188,2.7332
146.00,0.5404,1.8163,2.7441,0.9591,1.7866,2.6472,0.1551,1.8126,2.7362
146.50,0.5414,1.8158,2.7441,0.9606,1.7858,2.6463,0.1567,1.8119,2.7353
147.00,0.5414,1.8158,2.7441,0.9606,1.7858,2.6456,0.1567,1.8119,2.7346
147.50,0.5414,1.8158,2.7441,0.9606,1.7858,2.6447,0.1567,1.8119,2.7337
148.00,0.5414,1.8158,2.7441,0.9606,1.7858,2.6446,0.1567,1.8119,2.7336
148.50,0.5414,1.8158,2.7441,0.9606,1.7858,2.6447,0.1567,1.8119,2.7337
149.00,0.5414,1.8158,2.7441,0.9606,1.7858,2.6440,0.1567,1.8119,2.7330
149.50,0.5414,1.8158,2.7441,0.9606,1.7858,2.6431,0.1567,1.8119,2.7321
150.00,0.5414,1.8158,2.7441,0.9606,1.7858,2.6422,0.1567,1.8119,2.7312
150.50,0.5414,1.8157,2.7480,0.9606,1.7858,2.6417,0.1567,1.8119,2.7307
151.00,0.5414,1.8118,2.7891,0.9649,1.7836,2.6832,0.1612,1.8101,2.7722
151.50,0.5415,1.8071,2.8319,0.9698,1.7813,2.7256,0.1663,1.8082,2.8146
152.00,0.5415,1.8018,2.8758,0.9749,1.7792,2.7690,0.1715,1.8065,2.8580
152.50,0.5415,1.7960,2.9212,0.9805,1.7771,2.8141,0.1773,1.8050,2.9031
153.00,0.5416,1.7898,2.9680,0.9853,1.7756,2.8596,0.1822,1.8039,2.9486
153.50,0.5416,1.7831,3.0164,0.9932,1.7735,2.9069,0.1506,1.7846,3.0064
154.00,0.5416,1.7759,3.0665,1.0005,1.7719,2.9565,0.1581,1.7838,3.0559
154.50,0.5416,1.7682,3.1185,1.0082,1.7707,3.0078,0.1658,1.7834,3.1073
155.00,0.5416,1.7603,-3.1112,1.0081,1.7706,3.0608,0.1658,1.7833,-3.1229
155.50,0.5416,1.7526,-3.0595,0.9998,1.7711,3.1114,0.1574,1.7829,-3.0723
156.00,0.5416,1.7455,-3.0096,0.9918,1.7711,-3.1225,0.1494,1.7822,-3.0231
156.50,0.5416,1.7389,-2.9614,0.9842,1.7708,-3.0748,0.1419,1.7811,-2.9753
157.00,0.5415,1.7327,-2.9148,0.9776,1.7702,-3.0285,0.1355,1.7798,-2.9291
157.50,0.5415,1.7270,-2.8697,0.9727,1.7695,-2.9840,0.1306,1.7787,-2.8845
158.00,0.5415,1.7218,-2.8258,0.9672,1.7686,-2.9408,0.1253,1.7772,-2.8414
158.50,0.5414,1.7171,-2.7833,0.9631,1.7676,-2.8985,0.1213,1.7758,-2.7990
159.00,0.5414,1.7129,-2.7419,0.9600,1.7668,-2.8573,0.1182,1.7747,-2.7578
159.50,0.5414,1.7092,-2.7017,0.9552,1.7653,-2.8175,0.1137,1.7727,-2.7180
160.00,0.5413,1.7059,-2.6626,0.9516,1.7640,-2.7789,0.1102,1.7711,-2.6795
160.50,0.5413,1.7031,-2.6245,0.9489,1.7629,-2.7415,0.1077,1.7698,-2.6420
161.00,0.5412,1.7008,-2.5874,0.9468,1.7620,-2.7049,0.1056,1.7686,-2.6054
161.50,0.5399,1.6983,-2.5482,0.9448,1.7610,-2.6702,0.1037,1.7674,-2.5707
162.00,0.5035,1.6724,-2.4710,0.9054,1.7384,-2.5888,0.0856,1.6729,-2.4754
162.50,0.4189,1.6066,-2.5023,0.8089,1.6794,-2.6126,0.0168,1.6028,-2.5062
163.00,0.3208,1.5360,-2.5100,0.7045,1.6208,-2.6305,-0.0905,1.5329,-2.5311
163.50,0.2684,1.4958,-2.4758,0.6426,1.5850,-2.5968,-0.1491,1.4921,-2.4869
164.00,0.2609,1.4894,-2.4425,0.6339,1.5796,-2.5638,-0.1572,1.4858,-2.4538
164.50,0.2609,1.4894,-2.4100,0.6339,1.5796,-2.5321,-0.1572,1.4858,-2.4222
165.00,0.2612,1.4895,-2.3768,0.6341,1.5798,-2.4998,-0.1570,1.4860,-2.3899
165.50,0.2612,1.4896,-2.3426,0.6344,1.5800,-2.4662,-0.1567,1.4863,-2.3562
166.00,0.2612,1.4900,-2.3092,0.6346,1.5802,-2.4333,-0.1566,1.4864,-2.3234
166.50,0.2611,1.4901,-2.2766,0.6348,1.5803,-2.4005,-0.1564,1.4866,-2.2906
167.00,0.2615,1.4902,-2.2436,0.6350,1.5806,-2.3691,-0.1562,1.4869,-2.2592
167.50,0.2623,1.4902,-2.2096,0.6357,1.5813,-2.3353,-0.1555,1.4877,-2.2254
168.00,0.2635,1.4903,-2.1748,0.6361,1.5817,-2.3012,-0.1552,1.4881,-2.1913
168.50,0.2652,1.4904,-2.1390,0.6371,1.5828,-2.2658,-0.1544,1.4893,-2.1559
169.00,0.2673,1.4904,-2.1023,0.6380,1.5840,-2.2301,-0.1536,1.4906,-2.1201
169.50,0.2699,1.4905,-2.0646,0.6394,1.5859,-2.1927,-0.1524,1.4926,-2.0828
170.00,0.2729,1.4905,-2.0259,0.6415,1.5890,-2.1547,-0.1506,1.4960,-2.0448
170.50,0.2765,1.4905,-1.9861,0.6429,1.5911,-2.1154,-0.1495,1.4982,-2.0055
171.00,0.2805,1.4906,-1.9452,0.6452,1.5951,-2.0748,-0.1476,1.5025,-1.9649
171.50,0.2842,1.4875,-1.8947,0.6450,1.5947,-2.0295,-0.1478,1.5020,-1.9196
172.00,0.2891,1.4379,-1.7136,0.6271,1.5491,-1.8569,-0.1606,1.4547,-1.7469
172.50,0.3045,1.3264,-1.5306,0.6078,1.4381,-1.6578,-0.0903,1.3227,-1.5235
173.00,0.3119,1.2357,-1.5308,0.6014,1.3424,-1.6491,-0.0442,1.2339,-1.5287
173.50,0.3087,1.1641,-1.6668,0.5914,1.2652,-1.7722,-0.0488,1.1556,-1.6605
174.00,0.2950,1.0498,-1.8451,0.5550,1.1517,-1.9633,-0.0891,1.0486,-1.8674
174.50,0.2709,0.9643,-1.8534,0.5181,1.0679,-1.9836,-0.1037,0.9624,-1.8720
175.00,0.2599,0.9370,-1.8095,0.5064,1.0403,-1.9388,-0.1263,0.9345,-1.8166
175.50,0.2611,0.9370,-1.7633,0.5068,1.0414,-1.8932,-0.1261,0.9356,-1.7710
176.00,0.2676,0.9370,-1.7156,0.5089,1.0484,-1.8456,-0.1248,0.9428,-1.7235
176.50,0.2746,0.9370,-1.6661,0.5103,1.0540,-1.7966,-0.1241,0.9486,-1.6744
177.00,0.2820,0.9370,-1.6149,0.5117,1.0609,-1.7460,-0.1235,0.9556,-1.6239
177.50,0.2900,0.9370,-1.5617,0.5125,1.0662,-1.6937,-0.1234,0.9609,-1.5715
178.00,0.2978,0.9370,-1.5092,0.5118,1.0589,-1.6415,-0.1232,0.9536,-1.5194
178.50,0.3051,0.9370,-1.4586,0.5114,1.0507,-1.5915,-0.1226,0.9454,-1.4694
179.00,0.3119,0.9370,-1.4097,0.5114,1.0440,-1.5431,-0.1217,0.9388,-1.4209
179.50,0.3183,0.9370,-1.3625,0.5117,1.0375,-1.4964,-0.1207,0.9324,-1.3742
180.00,0.3242,0.9369,-1.3168,0.5125,1.0306,-1.4513,-0.1191,0.9256,-1.3291
180.50,0.3296,0.9369,-1.2724,0.5131,1.0263,-1.4074,-0.1180,0.9214,-1.2852
181.00,0.3345,0.9369,-1.2294,0.5138,1.0220,-1.3647,-0.1167,0.9172,-1.2426
181.50,0.3389,0.9368,-1.1876,0.5148,1.0180,-1.3238,-0.1153,0.9134,-1.2016
182.00,0.3428,0.9368,-1.1469,0.5159,1.0137,-1.2844,-0.1136,0.9093,-1.1623
182.50,0.3462,0.9368,-1.1073,0.5167,1.0112,-1.2459,-0.1125,0.9069,-1.1237
183.00,0.3492,0.9367,-1.0688,0.5179,1.0080,-1.2078,-0.1110,0.9038,-1.0856
183.50,0.3537,0.9317,-1.0433,0.5200,1.0027,-1.1777,-0.1082,0.8988,-1.0556
184.00,0.3830,0.8818,-1.0168,0.5416,0.9508,-1.1595,0.0010,0.8797,-1.0304
184.50,0.4449,0.7843,-0.9908,0.5913,0.8439,-1.1289,0.0712,0.7815,-0.9916
185.00,0.5054,0.7005,-0.9094,0.6405,0.7473,-1.0507,0.1148,0.6927,-0.9143
185.50,0.5310,0.6693,-0.8698,0.6652,0.7062,-1.0087,0.1371,0.6617,-0.8749
186.00,0.5314,0.6688,-0.8373,0.6657,0.7053,-0.9768,0.1378,0.6609,-0.8430
186.50,0.5314,0.6691,-0.8040,0.6656,0.7055,-0.9445,0.1376,0.6611,-0.8107
187.00,0.5312,0.6691,-0.7698,0.6655,0.7055,-0.9107,0.1375,0.6611,-0.7769
187.50,0.5308,0.6691,-0.7365,0.6654,0.7056,-0.8777,0.1374,0.6612,-0.7439
188.00,0.5307,0.6691,-0.7039,0.6653,0.7058,-0.8459,0.1372,0.6613,-0.7121
188.50,0.5306,0.6694,-0.6708,0.6651,0.7059,-0.8133,0.1371,0.6615,-0.6795
189.00,0.5306,0.6702,-0.6368,0.6647,0.7064,-0.7804,0.1366,0.6618,-0.6466
189.50,0.5305,0.6715,-0.6019,0.6638,0.7073,-0.7463,0.1355,0.6626,-0.6125
190.00,0.5305,0.6732,-0.5661,0.6624,0.7084,-0.7114,0.1341,0.6636,-0.5777
190.50,0.5304,0.6753,-0.5293,0.6603,0.7102,-0.6749,0.1317,0.6651,-0.5411
191.00,0.5304,0.6779,-0.4916,0.6578,0.7121,-0.6376,0.1290,0.6666,-0.5038
191.50,0.5303,0.6810,-0.4528,0.6559,0.7135,-0.5994,0.1269,0.6677,-0.4656
192.00,0.5317,0.6840,-0.4092,0.6551,0.7140,-0.5601,0.1261,0.6681,-0.4263
192.50,0.5741,0.6828,-0.2569,0.6928,0.6939,-0.4146,0.1661,0.6532,-0.2809
193.00,0.6797,0.6852,-0.1030,0.7938,0.6606,-0.2502,0.2655,0.6676,-0.1025
193.50,0.8077,0.6747,-0.1188,0.9198,0.6303,-0.2519,0.4095,0.6733,-0.1128
194.00,0.9227,0.6545,-0.2180,1.0313,0.5943,-0.3606,0.5157,0.6493,-0.2321
194.50,1.0494,0.6249,-0.2396,1.1536,0.5474,-0.3796,0.6382,0.6190,-0.2429
195.00,1.1751,0.5897,-0.2616,1.2748,0.4959,-0.4109,0.7629,0.5850,-0.2788
195.50,1.3019,0.5621,-0.1651,1.4019,0.4468,-0.3147,0.8852,0.5533,-0.1695
196.00,1.4302,0.5401,-0.1905,1.5278,0.4068,-0.3259,0.9873,0.5321,-0.1869
196.50,1.5444,0.5111,-0.2891,1.6418,0.3613,-0.4343,1.1064,0.4987,-0.3075
197.00,1.6012,0.4939,-0.2912,1.6967,0.3356,-0.4379,1.1744,0.4784,-0.3006
197.50,1.6074,0.4920,-0.2912,1.7030,0.3326,-0.4381,1.1787,0.4753,-0.2973
198.00,1.6074,0.4920,-0.2912,1.7030,0.3326,-0.4383,1.1787,0.4753,-0.2975
198.50,1.6155,0.4911,-0.2693,1.7089,0.3300,-0.4227,1.1848,0.4735,-0.2819
199.00,1.6782,0.4860,-0.1941,1.7659,0.3079,-0.3383,1.2444,0.4596,-0.1975
199.50,1.7959,0.4620,-0.2478,1.8807,0.2660,-0.3829,1.3439,0.4445,-0.2473
200.00,1.9207,0.4281,-0.2971,2.0004,0.2121,-0.4461,1.4673,0.4075,-0.3146
200.50,2.0463,0.3953,-0.1853,2.1246,0.1578,-0.3483,1.6046,0.3746,-0.2058
201.00,2.1753,0.3725,-0.0756,2.2567,0.1209,-0.2204,1.6990,0.3619,-0.0718
201.50,2.3047,0.3591,-0.1503,2.3846,0.0902,-0.2812,1.8291,0.3418,-0.1509
202.00,2.4307,0.3373,-0.3397,2.5020,0.0445,-0.4740,1.9818,0.3131,-0.3560
202.50,2.5515,0.2952,-0.3927,2.6147,-0.0196,-0.5400,2.1008,0.2718,-0.4097
203.00,2.6715,0.2439,-0.4073,2.7288,-0.0878,-0.5475,2.2313,0.2290,-0.4097
203.50,2.7748,0.1959,-0.4165,2.8269,-0.1501,-0.5670,2.3288,0.1711,-0.4333
204.00,2.8246,0.1648,-0.2754,2.8781,-0.1798,-0.4367,2.3827,0.1570,-0.2924
204.50,2.8283,0.1412,-0.0350,2.9021,-0.1882,-0.1956,2.4074,0.1310,-0.0444
205.00,2.8283,0.1260,0.2105,2.8956,-0.1883,0.0527,2.4010,0.1298,0.2039
205.50,2.8284,0.1198,0.3154,2.8887,-0.1893,0.1707,2.3944,0.1278,0.3220
206.00,2.8284,0.1198,0.3169,2.8886,-0.1894,0.1724,2.3942,0.1277,0.3236
206.50,2.8284,0.1198,0.3169,2.8886,-0.1894,0.1717,2.3942,0.1277,0.3229
207.00,2.8176,0.1162,0.3169,2.8781,-0.1912,0.1713,2.3841,0.1243,0.3226
207.50,2.7986,0.1100,0.3169,2.8575,-0.1948,0.1702,2.3643,0.1177,0.3215
208.00,2.7796,0.1037,0.3169,2.8366,-0.1983,0.1695,2.3442,0.1110,0.3207
208.50,2.7606,0.0975,0.3169,2.8165,-0.2018,0.1692,2.3041,0.0768,0.3099
209.00,2.7416,0.0913,0.3169,2.7979,-0.2050,0.1690,2.2861,0.0711,0.3098
209.50,2.7226,0.0850,0.3169,2.7767,-0.2086,0.1684,2.2657,0.0645,0.3092
210.00,2.7036,0.0788,0.3169,2.7581,-0.2117,0.1677,2.2477,0.0588,0.3084
210.50,2.6846,0.0726,0.3169,2.7369,-0.2153,0.1669,2.2272,0.0523,0.3077
211.00,2.6656,0.0663,0.3169,2.7166,-0.2187,0.1664,2.2178,0.0453,0.3106
211.50,2.6466,0.0601,0.3169,2.6975,-0.2219,0.1659,2.1994,0.0394,0.3102
212.00,2.6276,0.0539,0.3169,2.6770,-0.2253,0.1650,2.1796,0.0330,0.3093
212.50,2.6085,0.0476,0.3169,2.6588,-0.2284,0.1643,2.1620,0.0274,0.3086
213.00,2.5895,0.0414,0.3169,2.6398,-0.2315,0.1633,2.1439,0.0209,0.3110
213.50,2.5961,0.0411,0.2855,2.6433,-0.2310,0.1398,2.1473,0.0218,0.2876
214.00,2.6636,0.0377,0.1054,2.7092,-0.2279,-0.0389,2.2120,0.0347,0.1089
214.50,2.7865,0.0273,-0.0081,2.8373,-0.2429,-0.1684,2.3339,0.0190,-0.0282
215.00,2.9164,0.0294,0.0616,2.9595,-0.2617,-0.1053,2.4644,0.0060,0.0529
215.50,3.0461,0.0377,0.0517,3.0892,-0.2733,-0.0999,2.5858,0.0155,0.0559
216.00,3.1759,0.0390,-0.1368,3.2207,-0.2964,-0.2755,2.7276,0.0141,-0.1313
216.50,3.3009,0.0274,-0.3493,3.3418,-0.3468,-0.4998,2.8444,-0.0100,-0.3637
217.00,3.4212,-0.0156,-0.4137,3.4525,-0.4134,-0.5705,2.9528,-0.0402,-0.4228
217.50,3.5241,-0.0633,-0.4409,3.5457,-0.4760,-0.6008,3.0673,-0.0887,-0.4496
218.00,3.5720,-0.0859,-0.4409,3.5957,-0.5104,-0.6011,3.1284,-0.1156,-0.4463
218.50,3.5754,-0.0875,-0.4409,3.5987,-0.5124,-0.6016,3.1217,-0.1071,-0.4468
219.00,3.5754,-0.0875,-0.4409,3.5987,-0.5124,-0.6015,3.1217,-0.1071,-0.4468
219.50,3.5864,-0.0910,-0.4122,3.6085,-0.5190,-0.5815,3.1324,-0.1121,-0.4267
220.00,3.6524,-0.0990,-0.2431,3.6656,-0.5504,-0.4177,3.1937,-0.1343,-0.2629
220.50,3.7741,-0.1036,-0.1199,3.7823,-0.5910,-0.2800,3.3348,-0.1365,-0.1148
221.00,3.8869,-0.1162,-0.0780,3.8959,-0.6224,-0.2456,3.4322,-0.1376,-0.0938
221.50,3.9405,-0.1230,0.1334,3.9513,-0.6323,-0.0414,3.4883,-0.1405,0.1203
222.00,3.9447,-0.1228,0.3592,3.9570,-0.6323,0.1844,3.5011,-0.1463,0.3548
222.50,3.9448,-0.1149,0.5291,3.9647,-0.6302,0.3616,3.5083,-0.1429,0.5320
223.00,3.9449,-0.1127,0.5669,3.9658,-0.6298,0.4061,3.5093,-0.1423,0.5765
223.50,3.9449,-0.1127,0.5669,3.9658,-0.6298,0.4053,3.5093,-0.1424,0.5758
224.00,3.9449,-0.1127,0.5669,3.9658,-0.6298,0.4046,3.5093,-0.1424,0.5750
224.50,3.9449,-0.1127,0.5669,3.9658,-0.6298,0.4037,3.5093,-0.1424,0.5742
225.00,3.9449,-0.1127,0.5669,3.9658,-0.6298,0.4029,3.5093,-0.1424,0.5734
225.50,3.9449,-0.1129,0.5597,3.9657,-0.6299,0.3991,3.5093,-0.1425,0.5695
226.00,3.9448,-0.1151,0.5227,3.9636,-0.6307,0.3603,3.5073,-0.1437,0.5308
226.50,3.9448,-0.1179,0.4848,3.9609,-0.6317,0.3215,3.5048,-0.1450,0.4920
227.00,3.9447,-0.1210,0.4458,3.9573,-0.6328,0.2815,3.5014,-0.1468,0.4519
227.50,3.9447,-0.1247,0.4057,3.9532,-0.6339,0.2411,3.4976,-0.1486,0.4116
228.00,3.9447,-0.1288,0.3646,3.9492,-0.6348,0.1993,3.4938,-0.1501,0.3698
228.50,3.9446,-0.1335,0.3222,3.9458,-0.6354,0.1567,3.4905,-0.1513,0.3271
229.00,3.9446,-0.1386,0.2786,3.9397,-0.6363,0.1123,3.4847,-0.1532,0.2827
229.50,3.9446,-0.1442,0.2336,3.9326,-0.6369,0.0663,3.4778,-0.1550,0.2367
230.00,3.9445,-0.1503,0.1873,3.9260,-0.6371,0.0197,3.4713,-0.1564,0.1901
230.50,3.9445,-0.1569,0.1393,3.9192,-0.6371,-0.0290,3.4646,-0.1575,0.1414
231.00,3.9445,-0.1639,0.0897,3.9115,-0.6367,-0.0792,3.4570,-0.1584,0.0912
231.50,3.9445,-0.1715,0.0383,3.9042,-0.6360,-0.1309,3.4497,-0.1589,0.0395
232.00,3.9445,-0.1794,-0.0150,3.9001,-0.6354,-0.1853,3.4816,-0.1962,-0.0222
232.50,3.9657,-0.1903,-0.1088,3.9227,-0.6407,-0.2789,3.5115,-0.2049,-0.1172
233.00,4.0475,-0.2113,-0.2184,4.0015,-0.6676,-0.3854,3.5805,-0.2320,-0.2223
233.50,4.1713,-0.2428,-0.2673,4.1250,-0.7238,-0.4453,3.7105,-0.2703,-0.2795
234.00,4.2968,-0.2764,-0.2589,4.2432,-0.7800,-0.4353,3.8446,-0.3066,-0.2614
234.50,4.4217,-0.3149,-0.3072,4.3581,-0.8364,-0.4816,3.9576,-0.3417,-0.3112
235.00,4.5448,-0.3593,-0.3328,4.4735,-0.9003,-0.5179,4.0821,-0.3854,-0.3475
235.50,4.6692,-0.3961,-0.2462,4.5875,-0.9597,-0.4327,4.2043,-0.4269,-0.2529
236.00,4.7956,-0.4268,-0.2481,4.7061,-1.0121,-0.4223,4.3404,-0.4554,-0.2414
236.50,4.9195,-0.4647,-0.3707,4.8230,-1.0728,-0.5461,4.4564,-0.4946,-0.3815
237.00,5.0395,-0.5121,-0.3961,4.9357,-1.1456,-0.5835,4.5693,-0.5570,-0.4131
237.50,5.1611,-0.5565,-0.3338,5.0502,-1.2157,-0.5160,4.7036,-0.5893,-0.3293
238.00,5.2830,-0.6028,-0.4060,5.1664,-1.2845,-0.5766,4.8309,-0.6428,-0.4027
238.50,5.3982,-0.6579,-0.5551,5.2696,-1.3631,-0.7283,4.9461,-0.7019,-0.5614
239.00,5.5046,-0.7282,-0.6571,5.3608,-1.4544,-0.8377,5.0413,-0.7668,-0.6708
239.50,5.6066,-0.8089,-0.6886,5.4443,-1.5492,-0.8662,5.1486,-0.8475,-0.6870
240.00,5.7041,-0.8954,-0.7814,5.5240,-1.6506,-0.9550,5.2457,-0.9322,-0.7845
240.50,5.7911,-0.9924,-0.8903,5.5958,-1.7663,-1.0677,5.3377,-1.0423,-0.8979
241.00,5.8696,-1.0959,-0.9335,5.6555,-1.8839,-1.1221,5.4146,-1.1400,-0.9482
241.50,5.9424,-1.1930,-0.9339,5.7067,-1.9888,-1.1175,5.4924,-1.2350,-0.9332
242.00,5.9809,-1.2463,-0.9685,5.7366,-2.0529,-1.1545,5.5342,-1.2936,-0.9765
242.50,5.9859,-1.2541,-1.0041,5.7408,-2.0626,-1.1911,5.5402,-1.3008,-1.0137
243.00,5.9838,-1.2541,-1.0409,5.7400,-2.0605,-1.2284,5.5391,-1.2988,-1.0510
243.50,5.9811,-1.2540,-1.0786,5.7392,-2.0579,-1.2667,5.5378,-1.2965,-1.0893
244.00,5.9780,-1.2540,-1.1174,5.7384,-2.0550,-1.3063,5.5365,-1.2937,-1.1289
244.50,5.9745,-1.2539,-1.1572,5.7374,-2.0512,-1.3465,5.5349,-1.2902,-1.1691
245.00,5.9704,-1.2539,-1.1982,5.7365,-2.0468,-1.3879,5.5332,-1.2859,-1.2105
245.50,5.9659,-1.2539,-1.2403,5.7360,-2.0433,-1.4309,5.5320,-1.2826,-1.2535
246.00,5.9609,-1.2538,-1.2837,5.7352,-2.0373,-1.4753,5.5303,-1.2769,-1.2978
246.50,5.9554,-1.2538,-1.3284,5.7349,-2.0325,-1.5203,5.5291,-1.2722,-1.3429
247.00,5.9530,-1.2538,-1.3466,5.7348,-2.0302,-1.5427,5.5286,-1.2699,-1.3653
247.50,5.9530,-1.2538,-1.3466,5.7348,-2.0302,-1.5436,5.5286,-1.2699,-1.3662
248.00,5.9505,-1.2427,-1.3466,5.7345,-2.0176,-1.5446,5.5260,-1.2576,-1.3672
248.50,5.9460,-1.2232,-1.3466,5.7339,-1.9974,-1.5455,5.5219,-1.2378,-1.3681
249.00,5.9416,-1.2037,-1.3466,5.7334,-1.9774,-1.5463,5.5179,-1.2182,-1.3689
249.50,5.9371,-1.1842,-1.3466,5.7329,-1.9556,-1.5468,5.4898,-1.2276,-1.3519
250.00,5.9327,-1.1647,-1.3466,5.7324,-1.9345,-1.5475,5.4852,-1.2070,-1.3526
250.50,5.9283,-1.1452,-1.3466,5.7320,-1.9176,-1.5481,5.4815,-1.1905,-1.3533
251.00,5.9238,-1.1257,-1.3466,5.7316,-1.8996,-1.5492,5.4777,-1.1730,-1.3544
251.50,5.9194,-1.1062,-1.3466,5.7312,-1.8796,-1.5496,5.4734,-1.1534,-1.3547
252.00,5.9149,-1.0867,-1.3466,5.7308,-1.8604,-1.5500,5.4693,-1.1346,-1.3551
252.50,5.9105,-1.0672,-1.3466,5.7303,-1.8385,-1.5500,5.4646,-1.1133,-1.3551
253.00,5.9060,-1.0477,-1.3466,5.7299,-1.8181,-1.5506,5.4602,-1.0933,-1.3558
253.50,5.9016,-1.0282,-1.3466,5.7295,-1.7973,-1.5517,5.4558,-1.0730,-1.3568
254.00,5.8971,-1.0087,-1.3466,5.7291,-1.7767,-1.5522,5.4500,-1.0532,-1.3504
254.50,5.8960,-1.0002,-1.3249,5.7290,-1.7678,-1.5344,5.4480,-1.0445,-1.3326
255.00,5.9013,-1.0003,-1.2804,5.7292,-1.7719,-1.4904,5.4491,-1.0485,-1.2886
255.50,5.9063,-1.0003,-1.2371,5.7298,-1.7773,-1.4474,5.4507,-1.0536,-1.2455
256.00,5.9081,-1.0003,-1.2202,5.7302,-1.7805,-1.4276,5.4518,-1.0567,-1.2257
256.50,5.9081,-1.0003,-1.2202,5.7302,-1.7805,-1.4276,5.4518,-1.0567,-1.2258
257.00,5.9081,-1.0003,-1.2202,5.7302,-1.7805,-1.4285,5.4518,-1.0567,-1.2267
257.50,5.9081,-1.0003,-1.2202,5.7302,-1.7805,-1.4287,5.4518,-1.0567,-1.2269
258.00,5.9081,-1.0003,-1.2202,5.7302,-1.7805,-1.4295,5.4518,-1.0567,-1.2276
258.50,5.9103,-1.0004,-1.1788,5.7305,-1.7822,-1.3983,5.4524,-1.0584,-1.1964
259.00,5.9203,-1.0005,-1.0121,5.7330,-1.7922,-1.2383,5.4569,-1.0676,-1.0364
259.50,5.9248,-1.0008,-0.8410,5.7349,-1.7966,-1.0678,5.4596,-1.0715,-0.8660
260.00,5.9241,-1.0003,-0.6746,5.7341,-1.7953,-0.9021,5.4585,-1.0704,-0.7003
260.50,5.9239,-0.9958,-0.5515,5.7300,-1.7909,-0.7697,5.4537,-1.0670,-0.5679
261.00,5.9238,-0.9933,-0.5119,5.7283,-1.7893,-0.7292,5.4517,-1.0657,-0.5273
261.50,5.9238,-0.9905,-0.4736,5.7260,-1.7873,-0.6913,5.4490,-1.0642,-0.4895
262.00,5.9238,-0.9889,-0.4538,5.7250,-1.7866,-0.6684,5.4479,-1.0637,-0.4665
262.50,5.9237,-0.9872,-0.4301,5.7232,-1.7851,-0.6479,5.4458,-1.0626,-0.4461
263.00,5.9237,-0.9834,-0.3896,5.7197,-1.7826,-0.6085,5.4419,-1.0608,-0.4067
263.50,5.9236,-0.9790,-0.3480,5.7158,-1.7800,-0.5672,5.4376,-1.0591,-0.3654
264.00,5.9236,-0.9742,-0.3051,5.7114,-1.7773,-0.5248,5.4327,-1.0573,-0.3229
264.50,5.9236,-0.9689,-0.2610,5.7066,-1.7746,-0.4805,5.4274,-1.0557,-0.2787
265.00,5.9236,-0.9631,-0.2155,5.7014,-1.7721,-0.4354,5.4219,-1.0543,-0.2336
265.50,5.9235,-0.9568,-0.1685,5.6953,-1.7694,-0.3889,5.4153,-1.0528,-0.1871
266.00,5.9235,-0.9500,-0.1200,5.6885,-1.7668,-0.3408,5.4582,-1.0036,-0.1272
266.50,5.9122,-0.9460,-0.0998,5.6767,-1.7629,-0.3176,5.4553,-0.9931,-0.1018
267.00,5.8923,-0.9440,-0.0998,5.6549,-1.7557,-0.3180,5.4325,-0.9908,-0.1022
267.50,5.8724,-0.9420,-0.0998,5.6372,-1.7498,-0.3183,5.4224,-0.9883,-0.1054
268.00,5.8525,-0.9400,-0.0998,5.6169,-1.7432,-0.3190,5.4028,-0.9859,-0.1067
268.50,5.8326,-0.9381,-0.0998,5.5972,-1.7367,-0.3199,5.3822,-0.9837,-0.1076
269.00,5.8127,-0.9361,-0.0998,5.5772,-1.7300,-0.3206,5.3613,-0.9814,-0.1083
269.50,5.7928,-0.9341,-0.0998,5.5577,-1.7235,-0.3219,5.3408,-0.9792,-0.1096
270.00,5.7729,-0.9321,-0.0998,5.5379,-1.7169,-0.3220,5.3299,-0.9777,-0.1062
270.50,5.7530,-0.9301,-0.0998,5.5194,-1.7107,-0.3228,5.3105,-0.9756,-0.1070
271.00,5.7331,-0.9281,-0.0998,5.5012,-1.7047,-0.3227,5.2915,-0.9735,-0.1069
271.50,5.7132,-0.9261,-0.0998,5.4827,-1.6985,-0.3231,5.2721,-0.9714,-0.1073
272.00,5.6933,-0.9241,-0.0998,5.4660,-1.6929,-0.3235,5.2546,-0.9696,-0.1077
272.50,5.6734,-0.9221,-0.0998,5.4462,-1.6862,-0.3237,5.2238,-0.9681,-0.1044
273.00,5.6689,-0.9217,-0.0998,5.4423,-1.6849,-0.3241,5.2196,-0.9677,-0.1048
273.50,5.6689,-0.9217,-0.0998,5.4423,-1.6849,-0.3241,5.2196,-0.9677,-0.1048
274.00,5.6689,-0.9217,-0.0998,5.4423,-1.6849,-0.3253,5.2196,-0.9677,-0.1060
274.50,5.6689,-0.9217,-0.0998,5.4423,-1.6849,-0.3260,5.2196,-0.9677,-0.1067
275.00,5.6689,-0.9217,-0.0998,5.4423,-1.6849,-0.3269,5.2196,-0.9677,-0.1076
275.50,5.6689,-0.9218,-0.1046,5.4425,-1.6850,-0.3275,5.2199,-0.9677,-0.1082
276.00,5.6689,-0.9262,-0.1440,5.4465,-1.6865,-0.3691,5.2241,-0.9683,-0.1498
276.50,5.6689,-0.9311,-0.1800,5.4507,-1.6882,-0.4049,5.2285,-0.9690,-0.1856
277.00,5.6689,-0.9358,-0.2151,5.4553,-1.6902,-0.4403,5.2335,-0.9700,-0.2210
277.50,5.6690,-0.9402,-0.2493,5.4589,-1.6920,-0.4751,5.2374,-0.9710,-0.2558
278.00,5.6690,-0.9443,-0.2828,5.4628,-1.6941,-0.5092,5.2416,-0.9722,-0.2899
278.50,5.6690,-0.9482,-0.3156,5.4662,-1.6961,-0.5428,5.2454,-0.9733,-0.3235
279.00,5.6690,-0.9518,-0.3476,5.4695,-1.6981,-0.5760,5.2491,-0.9746,-0.3567
279.50,5.6691,-0.9551,-0.3789,5.4729,-1.7004,-0.6077,5.2528,-0.9761,-0.3885
280.00,5.6691,-0.9581,-0.4096,5.4755,-1.7022,-0.6388,5.2558,-0.9774,-0.4195
280.50,5.6691,-0.9608,-0.4397,5.4776,-1.7039,-0.6691,5.2582,-0.9785,-0.4498
281.00,5.6692,-0.9633,-0.4691,5.4798,-1.7057,-0.6996,5.2608,-0.9798,-0.4803
281.50,5.6692,-0.9655,-0.4980,5.4813,-1.7069,-0.7289,5.2625,-0.9807,-0.5096
282.00,5.6692,-0.9675,-0.5263,5.4829,-1.7084,-0.7573,5.2644,-0.9818,-0.5380
282.50,5.6693,-0.9692,-0.5540,5.4842,-1.7096,-0.7848,5.2659,-0.9827,-0.5656
283.00,5.6693,-0.9707,-0.5827,5.4854,-1.7109,-0.8129,5.2673,-0.9836,-0.5937
283.50,5.6694,-0.9721,-0.6175,5.4865,-1.7121,-0.8493,5.2687,-0.9846,-0.6300
284.00,5.6694,-0.9731,-0.6520,5.4867,-1.7123,-0.8849,5.2689,-0.9847,-0.6657
284.50,5.6695,-0.9737,-0.6856,5.4871,-1.7128,-0.9190,5.2695,-0.9852,-0.6998
285.00,5.6695,-0.9739,-0.7184,5.4873,-1.7131,-0.9530,5.2697,-0.9854,-0.7337
285.50,5.6698,-0.9739,-0.7511,5.4873,-1.7131,-0.9866,5.2697,-0.9854,-0.7673
286.00,5.6701,-0.9738,-0.7850,5.4876,-1.7135,-1.0206,5.2701,-0.9857,-0.8013
286.50,5.6702,-0.9740,-0.8189,5.4876,-1.7136,-1.0547,5.2701,-0.9858,-0.8354
287.00,5.6703,-0.9741,-0.8517,5.4878,-1.7139,-1.0885,5.2704,-0.9861,-0.8692
287.50,5.6701,-0.9741,-0.8844,5.4877,-1.7138,-1.1217,5.2703,-0.9860,-0.9024
288.00,5.6695,-0.9740,-0.9180,5.4874,-1.7132,-1.1557,5.2698,-0.9854,-0.9364
288.50,5.6685,-0.9740,-0.9525,5.4869,-1.7120,-1.1904,5.2691,-0.9844,-0.9711
289.00,5.6670,-0.9739,-0.9879,5.4867,-1.7113,-1.2262,5.2687,-0.9838,-1.0069
289.50,5.6650,-0.9739,-1.0242,5.4862,-1.7098,-1.2630,5.2679,-0.9824,-1.0437
290.00,5.6626,-0.9738,-1.0615,5.4856,-1.7079,-1.3006,5.2669,-0.9807,-1.0813
290.50,5.6598,-0.9738,-1.0998,5.4848,-1.7049,-1.3388,5.2655,-0.9779,-1.1195
291.00,5.6564,-0.9737,-1.1392,5.4843,-1.7023,-1.3794,5.2644,-0.9755,-1.1601
291.50,5.6526,-0.9737,-1.1796,5.4838,-1.6995,-1.4201,5.2633,-0.9729,-1.2008
292.00,5.6483,-0.9737,-1.2212,5.4833,-1.6958,-1.4619,5.2620,-0.9694,-1.2426
292.50,5.6451,-0.9892,-1.3066,5.4840,-1.7079,-1.5395,5.2654,-0.9810,-1.3202
293.00,5.6452,-1.0644,-1.4215,5.4807,-1.7846,-1.6663,5.2788,-1.0566,-1.4470
293.50,5.6628,-1.1870,-1.3954,5.4672,-1.9111,-1.6549,5.2116,-1.2333,-1.4112
294.00,5.6897,-1.2972,-1.2981,5.4641,-2.0288,-1.5484,5.2360,-1.3384,-1.2912
294.50,5.7112,-1.3728,-1.3191,5.4658,-2.1136,-1.5676,5.2604,-1.4196,-1.3204
295.00,5.7227,-1.4063,-1.3633,5.4653,-2.1474,-1.6145,5.2686,-1.4440,-1.3713
295.50,5.7227,-1.4065,-1.4104,5.4653,-2.1481,-1.6620,5.2686,-1.4431,-1.4183
296.00,5.7160,-1.4065,-1.4593,5.4662,-2.1411,-1.7114,5.2678,-1.4361,-1.4677
296.50,5.7056,-1.4393,-1.5658,5.4590,-2.1757,-1.8193,5.2692,-1.4713,-1.5755
297.00,5.7025,-1.5348,-1.5755,5.4327,-2.2714,-1.8395,5.2559,-1.5806,-1.5888
297.50,5.7081,-1.6646,-1.5340,5.3998,-2.4033,-1.7937,5.2565,-1.7065,-1.5361
298.00,5.7116,-1.7945,-1.5384,5.3691,-2.5360,-1.8015,5.2609,-1.8427,-1.5473
298.50,5.7139,-1.9245,-1.5563,5.3394,-2.6635,-1.8124,5.2642,-1.9635,-1.5583
299.00,5.7146,-2.0544,-1.5416,5.3069,-2.7914,-1.8091,5.2646,-2.0954,-1.5554
299.50,5.7223,-2.1843,-1.5214,5.2796,-2.9201,-1.7744,5.2699,-2.2169,-1.5132
300.00,5.7230,-2.3142,-1.5927,5.2462,-3.0508,-1.8560,5.2724,-2.3533,-1.6118
300.50,5.7218,-2.4442,-1.5823,5.2098,-3.1799,-1.8438,5.2670,-2.4857,-1.5826
301.00,5.7244,-2.5742,-1.5106,5.1779,-3.3039,-1.7823,5.2681,-2.6137,-1.5263
301.50,5.7358,-2.6912,-1.4336,5.1585,-3.4190,-1.7000,5.2778,-2.7283,-1.4353
302.00,5.7502,-2.7501,-1.3864,5.1519,-3.4791,-1.6524,5.2881,-2.7921,-1.3947
302.50,5.7572,-2.7564,-1.3402,5.1511,-3.4904,-1.6062,5.2902,-2.8032,-1.3485
303.00,5.7628,-2.7564,-1.2952,5.1510,-3.4947,-1.5616,5.2912,-2.8074,-1.3040
303.50,5.7680,-2.7565,-1.2514,5.1511,-3.4999,-1.5191,5.2926,-2.8124,-1.2614
304.00,5.7726,-2.7565,-1.2090,5.1514,-3.5046,-1.4770,5.2941,-2.8169,-1.2193
304.50,5.7768,-2.7565,-1.1677,5.1519,-3.5084,-1.4359,5.2955,-2.8204,-1.1783
305.00,5.7805,-2.7566,-1.1276,5.1524,-3.5119,-1.3968,5.2969,-2.8236,-1.1391
305.50,5.7837,-2.7566,-1.0886,5.1530,-3.5149,-1.3581,5.2982,-2.8264,-1.1004
306.00,5.7864,-2.7567,-1.0506,5.1537,-3.5181,-1.3204,5.2998,-2.8293,-1.0627
306.50,5.7880,-2.7567,-1.0264,5.1541,-3.5195,-1.2912,5.3005,-2.8306,-1.0335
307.00,5.7858,-2.7567,-1.0627,5.1534,-3.5171,-1.3266,5.2993,-2.8284,-1.0690
307.50,5.7830,-2.7566,-1.1010,5.1529,-3.5148,-1.3655,5.2981,-2.8263,-1.1078
308.00,5.7796,-2.7566,-1.1404,5.1521,-3.5108,-1.4053,5.2964,-2.8227,-1.1476
308.50,5.7757,-2.7565,-1.1809,5.1515,-3.5066,-1.4465,5.2948,-2.8188,-1.1888
309.00,5.7714,-2.7565,-1.2225,5.1511,-3.5027,-1.4881,5.2934,-2.8151,-1.2305
309.50,5.7670,-2.7579,-1.2693,5.1509,-3.5000,-1.5312,5.2925,-2.8125,-1.2735
310.00,5.7608,-2.8018,-1.4301,5.1494,-3.5397,-1.6894,5.3011,-2.8513,-1.4317
310.50,5.7526,-2.9087,-1.5403,5.1287,-3.6436,-1.8156,5.3082,-2.9513,-1.5649
311.00,5.7598,-3.0385,-1.4676,5.0990,-3.7713,-1.7544,5.3013,-3.0824,-1.4844
311.50,5.7760,-3.1666,-1.3457,5.0835,-3.9006,-1.6263,5.3187,-3.2111,-1.3476
312.00,5.8035,-3.2933,-1.3696,5.0773,-4.0303,-1.6361,5.3394,-3.3372,-1.3668
312.50,5.8245,-3.4221,-1.5335,5.0593,-4.1574,-1.8029,5.3565,-3.4643,-1.5452
313.00,5.8310,-3.5506,-1.5630,5.0245,-4.2835,-1.8481,5.3620,-3.5951,-1.5816
313.50,5.8372,-3.6564,-1.4020,5.0008,-4.3888,-1.7007,5.3681,-3.7028,-1.4290
314.00,5.8565,-3.7784,-1.2664,4.9959,-4.5146,-1.5489,5.3984,-3.8250,-1.2657
314.50,5.8933,-3.9025,-1.2981,4.9991,-4.6479,-1.5701,5.4280,-3.9518,-1.3019
315.00,5.9225,-4.0293,-1.4299,4.9919,-4.7838,-1.7006,5.4479,-4.0846,-1.4418
315.50,5.9404,-4.1587,-1.4907,4.9690,-4.9105,-1.7772,5.4575,-4.2029,-1.5161
316.00,5.9556,-4.2675,-1.3700,4.9482,-5.0303,-1.6687,5.4872,-4.3156,-1.3907
316.50,5.9799,-4.3674,-1.1273,4.9507,-5.1339,-1.4254,5.5073,-4.4130,-1.1398
317.00,6.0349,-4.4800,-0.9931,4.9788,-5.2564,-1.2800,5.5610,-4.5238,-0.9974
317.50,6.1059,-4.5881,-0.9999,5.0171,-5.3794,-1.2765,5.6212,-4.6391,-1.0049
318.00,6.1706,-4.7012,-1.1472,5.0499,-5.5133,-1.4154,5.6894,-4.7589,-1.1537
318.50,6.2253,-4.8234,-1.2877,5.0597,-5.6546,-1.5707,5.7356,-4.8826,-1.3130
319.00,6.2596,-4.9326,-1.2721,5.0583,-5.7757,-1.5677,5.7741,-4.9905,-1.2972
319.50,6.2964,-5.0012,-1.1025,5.0639,-5.8579,-1.4099,5.8006,-5.0684,-1.1313
320.00,6.3457,-5.0741,-0.8894,5.0882,-5.9442,-1.1904,5.8564,-5.1350,-0.8978
320.50,6.4328,-5.1670,-0.7378,5.1413,-6.0532,-1.0370,5.9393,-5.2236,-0.7549
321.00,6.5250,-5.2426,-0.5859,5.2061,-6.1475,-0.8832,6.0295,-5.3062,-0.6011
321.50,6.5756,-5.2770,-0.5268,5.2461,-6.1929,-0.8200,6.0789,-5.3386,-0.5379
322.00,6.5811,-5.2803,-0.4891,5.2500,-6.1970,-0.7825,6.0945,-5.3404,-0.5074
322.50,6.5810,-5.2772,-0.4502,5.2473,-6.1945,-0.7440,6.0912,-5.3387,-0.4689
323.00,6.5810,-5.2736,-0.4103,5.2447,-6.1923,-0.7048,6.0881,-5.3373,-0.4296
323.50,6.5809,-5.2695,-0.3693,5.2407,-6.1890,-0.6643,6.0833,-5.3352,-0.3892
324.00,6.5809,-5.2649,-0.3270,5.2371,-6.1864,-0.6233,6.0792,-5.3337,-0.3481
324.50,6.5809,-5.2598,-0.2836,5.2328,-6.1834,-0.5806,6.0742,-5.3320,-0.3055
325.00,6.5808,-5.2543,-0.2388,5.2283,-6.1806,-0.5362,6.0692,-5.3305,-0.2611
325.50,6.5808,-5.2482,-0.1925,5.2235,-6.1779,-0.4908,6.0638,-5.3292,-0.2157
326.00,6.5808,-5.2417,-0.1448,5.2170,-6.1746,-0.4433,6.0566,-5.3278,-0.1682
326.50,6.5808,-5.2347,-0.0954,5.2108,-6.1718,-0.3951,6.0499,-5.3268,-0.1200
327.00,6.5808,-5.2272,-0.0442,5.2025,-6.1686,-0.3452,6.0410,-5.3260,-0.0700
327.50,6.5808,-5.2196,0.0068,5.1960,-6.1664,-0.2922,6.0842,-5.2971,-0.0101
328.00,6.5808,-5.2137,0.0465,5.2015,-6.1680,-0.2543,6.0899,-5.2970,0.0278
328.50,6.5808,-5.2081,0.0851,5.2076,-6.1695,-0.2164,6.0961,-5.2967,0.0657
329.00,6.5808,-5.2027,0.1225,5.2132,-6.1706,-0.1797,6.1018,-5.2963,0.1024
329.50,6.5808,-5.1976,0.1591,5.2184,-6.1714,-0.1433,6.1070,-5.2956,0.1388
330.00,6.5808,-5.1928,0.1947,5.2221,-6.1719,-0.1084,6.1107,-5.2951,0.1737
330.50,6.5808,-5.1882,0.2294,5.2279,-6.1724,-0.0744,6.1164,-5.2940,0.2077
331.00,6.5809,-5.1839,0.2634,5.2324,-6.1727,-0.0412,6.1208,-5.2930,0.2409
331.50,6.5809,-5.1799,0.2965,5.2363,-6.1728,-0.0087,6.1246,-5.2920,0.2734
332.00,6.5809,-5.1762,0.3290,5.2397,-6.1728,0.0234,6.1279,-5.2910,0.3055
332.50,6.5809,-5.1727,0.3607,5.2432,-6.1726,0.0548,6.1311,-5.2899,0.3369
333.00,6.5810,-5.1695,0.3918,5.2465,-6.1724,0.0848,6.1343,-5.2888,0.3669
333.50,6.5810,-5.1666,0.4222,5.2490,-6.1722,0.1144,6.0971,-5.2291,0.4035
334.00,6.5810,-5.1640,0.4520,5.2510,-6.1719,0.1438,6.0990,-5.2283,0.4329
334.50,6.5811,-5.1616,0.4812,5.2530,-6.1716,0.1726,6.1008,-5.2274,0.4617
335.00,6.5811,-5.1595,0.5098,5.2554,-6.1711,0.2005,6.1029,-5.2263,0.4896
335.50,6.5811,-5.1577,0.5379,5.2572,-6.1708,0.2278,6.1046,-5.2254,0.5169
336.00,6.5812,-5.1561,0.5654,5.2583,-6.1705,0.2548,6.1056,-5.2249,0.5438
336.50,6.5812,-5.1547,0.5924,5.2589,-6.1703,0.2815,6.1061,-5.2245,0.5706
337.00,6.5813,-5.1537,0.6188,5.2591,-6.1703,0.3071,6.1063,-5.2244,0.5961
337.50,6.5813,-5.1529,0.6447,5.2601,-6.1699,0.3327,6.1071,-5.2238,0.6218
338.00,6.5813,-5.1523,0.6702,5.2607,-6.1697,0.3569,6.1076,-5.2235,0.6460
338.50,6.5814,-5.1520,0.6960,5.2609,-6.1696,0.3813,6.1078,-5.2233,0.6704
339.00,6.5814,-5.1519,0.7285,5.2610,-6.1696,0.4133,6.1079,-5.2233,0.7024
339.50,6.5811,-5.1520,0.7616,5.2607,-6.1698,0.4455,6.1076,-5.2235,0.7346
340.00,6.5811,-5.1521,0.7958,5.2607,-6.1697,0.4789,6.1076,-5.2235,0.7680
340.50,6.5811,-5.1525,0.8293,5.2600,-6.1701,0.5117,6.1071,-5.2240,0.8007
341.00,6.5812,-5.1526,0.8619,5.2600,-6.1701,0.5435,6.1071,-5.2240,0.8326
341.50,6.5809,-5.1527,0.8915,5.2597,-6.1703,0.5760,6.1069,-5.2242,0.8651
342.00,6.5803,-5.1528,0.9236,5.2591,-6.1707,0.6043,6.1064,-5.2248,0.8934
342.50,6.5792,-5.1528,0.9582,5.2579,-6.1716,0.6384,6.1055,-5.2260,0.9275
343.00,6.5776,-5.1529,0.9937,5.2566,-6.1726,0.6730,6.1045,-5.2274,0.9621
343.50,6.5756,-5.1529,1.0302,5.2556,-6.1734,0.7087,6.1038,-5.2284,0.9978
344.00,6.5732,-5.1530,1.0677,5.2536,-6.1752,0.7447,6.1024,-5.2307,1.0338
344.50,6.5702,-5.1530,1.1062,5.2516,-6.1770,0.7826,6.1011,-5.2330,1.0717
345.00,6.5668,-5.1530,1.1457,5.2489,-6.1799,0.8215,6.0993,-5.2365,1.1105
345.50,6.5629,-5.1531,1.1863,5.2463,-6.1828,0.8614,6.0976,-5.2401,1.1505
346.00,6.5585,-5.1531,1.2281,5.2433,-6.1864,0.9016,6.0958,-5.2443,1.1907
346.50,6.5536,-5.1532,1.2711,5.2399,-6.1910,0.9443,6.0937,-5.2497,1.2334
347.00,6.5482,-5.1532,1.3154,5.2363,-6.1962,0.9884,6.0918,-5.2557,1.2775
347.50,6.5423,-5.1532,1.3611,5.2329,-6.2016,1.0333,6.0901,-5.2619,1.3224
348.00,6.5376,-5.1532,1.3967,5.2302,-6.2062,1.0693,6.0889,-5.2671,1.3584
348.50,6.5326,-5.1533,1.4329,5.2283,-6.2099,1.1043,6.0881,-5.2712,1.3934
349.00,6.5273,-5.1533,1.4699,5.2261,-6.2145,1.1406,6.0873,-5.2762,1.4297
349.50,6.5218,-5.1533,1.5080,5.2240,-6.2194,1.1779,6.0416,-5.2222,1.4914
350.00,6.5160,-5.1533,1.5472,5.2224,-6.2235,1.2159,6.0414,-5.2266,1.5294
350.50,6.5100,-5.1533,1.5874,5.2218,-6.2250,1.2552,6.0413,-5.2283,1.5687
351.00,6.5042,-5.1533,1.6268,5.2235,-6.2194,1.2937,6.0412,-5.2224,1.6072
351.50,6.4986,-5.1533,1.6651,5.2247,-6.2148,1.3311,6.0409,-5.2177,1.6446
352.00,6.4933,-5.1533,1.7023,5.2258,-6.2101,1.3680,6.0405,-5.2128,1.6816
352.50,6.4882,-5.1532,1.7386,5.2267,-6.2050,1.4037,6.0398,-5.2077,1.7172
353.00,6.4835,-5.1532,1.7740,5.2275,-6.1998,1.4383,6.0389,-5.2025,1.7518
353.50,6.4790,-5.1532,1.8085,5.2281,-6.1947,1.4719,6.0379,-5.1975,1.7854
354.00,6.4748,-5.1532,1.8423,5.2286,-6.1891,1.5052,6.0367,-5.1920,1.8187
354.50,6.4708,-5.1532,1.8753,5.2288,-6.1852,1.5378,6.0356,-5.1882,1.8513
355.00,6.4671,-5.1531,1.9075,5.2288,-6.1808,1.5691,6.0344,-5.1841,1.8827
355.50,6.4630,-5.1531,1.9471,5.2288,-6.1774,1.6072,6.0332,-5.1808,1.9207
356.00,6.4590,-5.1531,1.9879,5.2286,-6.1736,1.6472,6.0319,-5.1773,1.9607
356.50,6.4555,-5.1530,2.0277,5.2282,-6.1693,1.6862,6.0301,-5.1733,1.9997
357.00,6.4524,-5.1530,2.0663,5.2278,-6.1666,1.7240,5.9718,-5.2121,2.0463
357.50,6.4428,-5.1347,2.1340,5.2242,-6.1477,1.7886,5.9514,-5.2032,2.1126
358.00,6.3982,-5.0665,2.2102,5.2043,-6.0714,1.8605,5.9003,-5.1285,2.1874
358.50,6.3175,-4.9685,2.3088,5.1615,-5.9527,1.9661,5.8305,-5.0363,2.3000
359.00,6.2321,-4.8750,2.2909,5.1099,-5.8313,1.9577,5.7412,-4.9308,2.2817
359.50,6.1816,-4.8140,2.1825,5.0833,-5.7566,1.8464,5.6921,-4.8687,2.1669
360.00,6.1708,-4.7995,2.1400,5.0783,-5.7380,1.8003,5.6906,-4.8532,2.1138
360.50,6.1643,-4.7810,2.0549,5.0748,-5.7194,1.7244,5.6815,-4.8366,2.0379
361.00,6.1518,-4.7111,1.8171,5.0717,-5.6511,1.4930,5.6582,-4.7721,1.8135
361.50,6.1483,-4.5925,1.5251,5.0994,-5.5331,1.1902,5.6668,-4.6519,1.5003
362.00,6.1551,-4.4636,1.3940,5.1602,-5.4126,1.0439,5.6847,-4.5108,1.3706
362.50,6.1740,-4.3477,1.4473,5.2201,-5.3089,1.0822,5.6988,-4.3985,1.4254
363.00,6.1845,-4.2262,1.6848,5.2650,-5.1984,1.3137,5.7051,-4.2796,1.6691
363.50,6.1772,-4.1014,1.8322,5.2867,-5.0682,1.4760,5.6980,-4.1462,1.8308
364.00,6.1528,-4.0067,1.8049,5.2960,-4.9641,1.4613,5.6763,-4.0508,1.8080
364.50,6.1369,-3.8902,1.6286,5.3198,-4.8427,1.2819,5.6660,-3.9347,1.6122
365.00,6.1316,-3.7602,1.5689,5.3620,-4.7232,1.2051,5.6681,-3.8079,1.5448
365.50,6.1285,-3.6302,1.5905,5.4059,-4.6011,1.2311,5.6638,-3.6781,1.5842
366.00,6.1298,-3.5002,1.5733,5.4511,-4.4776,1.2110,5.6632,-3.5466,1.5612
366.50,6.1277,-3.3703,1.5836,5.4996,-4.3477,1.2201,5.6690,-3.4078,1.5751
367.00,6.1241,-3.2403,1.5887,5.5445,-4.2223,1.2283,5.6600,-3.2834,1.5828
367.50,6.1248,-3.1103,1.5753,5.5934,-4.0912,1.2095,5.6664,-3.1518,1.5638
368.00,6.1211,-2.9803,1.5883,5.6378,-3.9702,1.2249,5.6635,-3.0245,1.5835
368.50,6.1207,-2.8503,1.5789,5.6849,-3.8423,1.2134,5.6630,-2.8924,1.5708
369.00,6.1208,-2.7203,1.5722,5.7317,-3.7176,1.2063,5.6602,-2.7619,1.5649
369.50,6.1211,-2.5903,1.5828,5.7784,-3.5964,1.2135,5.6648,-2.6382,1.5715
370.00,6.1193,-2.4603,1.5824,5.8230,-3.4760,1.2141,5.6644,-2.5098,1.5756
370.50,6.1188,-2.3303,1.5781,5.8705,-3.3498,1.2085,5.6642,-2.3750,1.5700
371.00,6.1172,-2.2003,1.5823,5.9139,-3.2351,1.2105,5.6743,-2.2523,1.5738
371.50,6.1113,-2.0704,1.6099,5.9589,-3.1111,1.2382,5.6642,-2.1106,1.6014
372.00,6.1095,-1.9404,1.5516,6.0057,-2.9803,1.1911,5.6545,-1.9818,1.5543
372.50,6.1166,-1.8109,1.4473,6.0625,-2.8612,1.0743,5.6705,-1.8560,1.4320
373.00,6.1295,-1.6817,1.4793,6.1256,-2.7423,1.1052,5.6844,-1.7273,1.4737
373.50,6.1454,-1.5526,1.4207,6.1868,-2.6265,1.0484,5.6943,-1.5967,1.4139
374.00,6.1654,-1.4242,1.4261,6.2552,-2.5105,1.0446,5.7173,-1.4649,1.4148
374.50,6.1799,-1.2952,1.4428,6.3189,-2.3959,1.0698,5.7280,-1.3433,1.4452
375.00,6.2024,-1.1673,1.3326,6.3874,-2.2829,0.9673,5.7478,-1.2145,1.3323
375.50,6.2340,-1.0428,1.2347,6.4699,-2.1770,0.8604,5.7872,-1.0863,1.2249
376.00,6.2747,-0.9222,1.1303,6.5584,-2.0829,0.7605,5.8323,-0.9669,1.1272
376.50,6.3277,-0.8083,0.9954,6.6582,-1.9988,0.6295,5.8838,-0.8524,0.9945
377.00,6.4019,-0.7045,0.8615,6.7686,-1.9302,0.4889,5.9604,-0.7486,0.8504
377.50,6.4899,-0.6084,0.8009,6.8875,-1.8724,0.4241,6.0391,-0.6528,0.7937
378.00,6.5832,-0.5177,0.7502,7.0099,-1.8215,0.3682,6.1403,-0.5645,0.7379
378.50,6.6774,-0.4283,0.7754,7.1331,-1.7730,0.3910,6.2318,-0.4734,0.7694
379.00,6.7699,-0.3369,0.7792,7.2574,-1.7210,0.3969,6.3188,-0.3787,0.7741
379.50,6.8624,-0.2456,0.7864,7.3826,-1.6688,0.4006,6.4132,-0.2883,0.7778
380.00,6.9511,-0.1510,0.8690,7.5012,-1.6145,0.4761,6.5003,-0.1944,0.8603
380.50,7.0324,-0.0498,0.8988,7.6160,-1.5511,0.5150,6.5865,-0.0947,0.8997
381.00,7.0999,0.0372,0.9474,7.7122,-1.4960,0.5507,6.6433,-0.0118,0.9314
381.50,7.1563,0.1383,1.1279,7.8107,-1.4247,0.7261,6.7026,0.0903,1.1173
382.00,7.2040,0.2598,1.2745,7.9013,-1.3288,0.8846,6.7550,0.2136,1.2752
382.50,7.2428,0.3815,1.2656,7.9810,-1.2285,0.8877,6.7813,0.3370,1.2666
383.00,7.2867,0.4838,1.1037,8.0561,-1.1474,0.7358,6.8406,0.4401,1.1077
383.50,7.3470,0.5913,0.9068,8.1567,-1.0734,0.5327,6.8901,0.5356,0.8937
384.00,7.4340,0.6878,0.7556,8.2719,-1.0167,0.3794,6.9749,0.6393,0.7444
384.50,7.5337,0.7717,0.6586,8.3933,-0.9763,0.2730,7.0872,0.7203,0.6415
385.00,7.6344,0.8499,0.6834,8.5253,-0.9398,0.2865,7.1843,0.8014,0.6654
385.50,7.6973,0.9063,0.8095,8.6067,-0.9117,0.4126,7.2400,0.8569,0.8020
386.00,7.7128,0.9229,0.8625,8.6318,-0.9001,0.4695,7.2583,0.8776,0.8571
386.50,7.7125,0.9229,0.8955,8.6312,-0.9004,0.5016,7.2576,0.8773,0.8876
387.00,7.7117,0.9228,0.9294,8.6311,-0.9005,0.5351,7.2575,0.8771,0.9210
387.50,7.7105,0.9228,0.9641,8.6297,-0.9014,0.5695,7.2566,0.8758,0.9554
388.00,7.7089,0.9227,0.9998,8.6287,-0.9020,0.6043,7.2559,0.8748,0.9902
388.50,7.7068,0.9226,1.0365,8.6270,-0.9033,0.6402,7.2548,0.8730,1.0261
389.00,7.7042,0.9226,1.0741,8.6256,-0.9044,0.6773,7.2539,0.8715,1.0633
389.50,7.7012,0.9226,1.1128,8.6225,-0.9070,0.7151,7.2520,0.8679,1.1010
390.00,7.6977,0.9225,1.1525,8.6205,-0.9088,0.7540,7.2508,0.8654,1.1399
390.50,7.6937,0.9225,1.1933,8.6176,-0.9116,0.7945,7.2492,0.8618,1.1804
391.00,7.6892,0.9224,1.2353,8.6137,-0.9158,0.8355,7.2471,0.8564,1.2214
391.50,7.6864,0.9479,1.3341,8.6291,-0.8970,0.9295,7.2543,0.8796,1.3155
392.00,7.6942,1.0354,1.4069,8.6788,-0.8231,1.0078,7.2726,0.9668,1.3937
392.50,7.7033,1.1635,1.4913,8.7422,-0.7124,1.0941,7.2521,1.1215,1.4893
393.00,7.7031,1.2933,1.5888,8.7970,-0.5972,1.1789,7.2465,1.2405,1.5683
393.50,7.6944,1.4210,1.8248,8.8342,-0.4714,1.4075,7.2257,1.3709,1.8104
394.00,7.6702,1.5405,2.0536,8.8405,-0.3463,1.6360,7.2011,1.4884,2.0429
394.50,7.6105,1.6455,2.2578,8.8186,-0.2206,1.8418,7.1497,1.5953,2.2481
395.00,7.5215,1.7389,2.4025,8.7729,-0.0946,1.9930,7.0592,1.6927,2.3964
395.50,7.4231,1.8238,2.4411,8.7121,0.0307,2.0374,6.9638,1.7753,2.4343
396.00,7.3243,1.9082,2.4270,8.6534,0.1485,2.0237,6.8740,1.8595,2.4167
396.50,7.2517,1.9726,2.3960,8.6128,0.2339,1.9945,6.8037,1.9229,2.3874
397.00,7.2264,1.9961,2.3623,8.5983,0.2669,1.9604,6.7777,1.9478,2.3534
397.50,7.2262,1.9963,2.3282,8.5981,0.2673,1.9254,6.7774,1.9481,2.3184
398.00,7.2261,1.9965,2.2953,8.5980,0.2677,1.8918,6.7771,1.9484,2.2847
398.50,7.2262,1.9965,2.2627,8.5981,0.2675,1.8580,6.7773,1.9482,2.2509
399.00,7.2268,1.9964,2.2292,8.5982,0.2668,1.8239,6.7777,1.9477,2.2169
399.50,7.2277,1.9964,2.1949,8.5985,0.2655,1.7884,6.7785,1.9466,2.1813
400.00,7.2291,1.9963,2.1596,8.5988,0.2642,1.7525,6.7792,1.9455,2.1454
400.50,7.2310,1.9963,2.1235,8.5991,0.2623,1.7160,6.7802,1.9439,2.1089
401.00,7.2333,1.9962,2.0863,8.5994,0.2599,1.6784,6.7814,1.9418,2.0714
401.50,7.2361,1.9962,2.0482,8.5996,0.2572,1.6393,6.7827,1.9394,2.0322
402.00,7.2394,1.9961,2.0090,8.5998,0.2536,1.5996,6.7842,1.9361,1.9926
402.50,7.2432,1.9961,1.9688,8.5999,0.2500,1.5581,6.7856,1.9328,1.9510
403.00,7.2474,1.9961,1.9274,8.5997,0.2450,1.5159,6.7874,1.9281,1.9088
403.50,7.2521,1.9960,1.8848,8.5994,0.2406,1.4732,6.7888,1.9239,1.8661
404.00,7.2573,1.9960,1.8409,8.5989,0.2369,1.4294,6.7898,1.9203,1.8223
404.50,7.2630,1.9960,1.7957,8.5979,0.2310,1.3830,6.7911,1.9145,1.7759
405.00,7.2692,1.9959,1.7490,8.5968,0.2260,1.3359,6.7920,1.9095,1.7288
405.50,7.2783,2.0223,1.6214,8.6044,0.2509,1.2200,6.7895,1.9353,1.6129
406.00,7.2976,2.1115,1.4619,8.6487,0.3407,1.0430,6.7961,2.0353,1.4359
406.50,7.3121,2.2398,1.4943,8.7201,0.4616,1.0602,6.8573,2.1958,1.4718
407.00,7.3171,2.3696,1.6649,8.7758,0.5833,1.2339,6.8604,2.3177,1.6617
407.50,7.3065,2.4988,1.6804,8.8176,0.7140,1.2642,6.8531,2.4539,1.6826
408.00,7.2972,2.6150,1.5043,8.8590,0.8209,1.0994,6.8566,2.5582,1.5063
408.50,7.2999,2.7410,1.2718,8.9333,0.9292,0.8568,6.8713,2.6969,1.2532
409.00,7.3363,2.8634,1.2087,9.0239,1.0242,0.7808,6.8909,2.8093,1.1900
409.50,7.3775,2.9863,1.2980,9.1109,1.1153,0.8648,6.9335,2.9271,1.2857
410.00,7.4105,3.1123,1.3222,9.1953,1.2205,0.9023,6.9675,3.0577,1.3237
410.50,7.4485,3.2365,1.2105,9.2835,1.3220,0.7907,7.0058,3.1864,1.2011
411.00,7.4949,3.3573,1.1967,9.3783,1.4132,0.7644,7.0571,3.2976,1.1812
411.50,7.5366,3.4802,1.3401,9.4665,1.5072,0.8977,7.0899,3.4190,1.3220
412.00,7.5709,3.5837,1.6427,9.5233,1.6009,1.1967,7.1037,3.5275,1.6315
412.50,7.5744,3.7087,1.8399,9.5564,1.7254,1.4086,7.1189,3.6456,1.8410
413.00,7.5511,3.7987,1.8577,9.5694,1.8226,1.4380,7.1084,3.7457,1.8570
413.50,7.5347,3.8740,1.7023,9.5833,1.8947,1.2964,7.1028,3.8086,1.7103
414.00,7.5275,3.9891,1.4114,9.6316,2.0004,0.9968,7.1028,3.9343,1.3908
414.50,7.5420,4.1155,1.2902,9.7067,2.0989,0.8616,7.1159,4.0539,1.2719
415.00,7.5755,4.2407,1.3327,9.7940,2.2014,0.8932,7.1458,4.1825,1.3170
415.50,7.6006,4.3684,1.4296,9.8747,2.3134,0.9964,7.1636,4.3176,1.4277
416.00,7.6165,4.4975,1.4793,9.9424,2.4230,1.0392,7.1808,4.4356,1.4699
416.50,7.6239,4.6272,1.5221,10.0047,2.5378,1.0903,7.1884,4.5658,1.5251
417.00,7.6279,4.7571,1.5557,10.0637,2.6530,1.1206,7.1929,4.6951,1.5449
417.50,7.6283,4.8871,1.5598,10.1187,2.7697,1.1296,7.1954,4.8242,1.5609
418.00,7.6362,5.0170,1.5087,10.1780,2.8893,1.0779,7.1988,4.9575,1.4993
418.50,7.6460,5.1467,1.4789,10.2431,3.0086,1.0537,7.2101,5.0930,1.4850
419.00,7.6629,5.2757,1.4347,10.3160,3.1262,0.9961,7.2273,5.2202,1.4199
419.50,7.6782,5.4047,1.4404,10.3850,3.2375,1.0147,7.2454,5.3498,1.4530
420.00,7.6999,5.5166,1.2881,10.4502,3.3303,0.8641,7.2640,5.4616,1.2855
420.50,7.7290,5.5820,1.1209,10.5024,3.3831,0.7041,7.2895,5.5312,1.1215
421.00,7.7620,5.6307,0.9218,10.5520,3.4177,0.4967,7.3302,5.5734,0.9106
421.50,7.7668,5.6358,0.8545,10.5588,3.4213,0.4219,7.3360,5.5787,0.8428
422.00,7.7667,5.6361,0.8218,10.5589,3.4214,0.3888,7.3361,5.5788,0.8096
422.50,7.7667,5.6364,0.7880,10.5593,3.4216,0.3549,7.3363,5.5792,0.7757
423.00,7.7668,5.6365,0.7540,10.5594,3.4217,0.3199,7.3364,5.5793,0.7408
423.50,7.7670,5.6365,0.7211,10.5594,3.4217,0.2869,7.3364,5.5793,0.7078
424.00,7.7670,5.6364,0.6884,10.5594,3.4217,0.2539,7.3364,5.5793,0.6747
424.50,7.7669,5.6358,0.6549,10.5587,3.4215,0.2193,7.3358,5.5789,0.6401
425.00,7.7669,5.6348,0.6205,10.5582,3.4214,0.1847,7.3354,5.5786,0.6055
425.50,7.7668,5.6334,0.5852,10.5570,3.4213,0.1488,7.3344,5.5779,0.5696
426.00,7.7668,5.6314,0.5489,10.5554,3.4210,0.1118,7.3330,5.5771,0.5327
426.50,7.7667,5.6291,0.5117,10.5532,3.4208,0.0740,7.3311,5.5760,0.4949
427.00,7.7904,5.6344,0.4164,10.5780,3.4216,-0.0172,7.3534,5.5868,0.4036
427.50,7.8738,5.6551,0.3125,10.6615,3.4151,-0.1248,7.4328,5.6037,0.3065
428.00,7.9982,5.6815,0.2234,10.7962,3.3925,-0.2126,7.5747,5.6394,0.2222
428.50,8.1263,5.6995,0.1200,10.9218,3.3575,-0.3222,7.6934,5.6419,0.1155
429.00,8.2556,5.7119,0.0979,11.0414,3.3151,-0.3468,7.8197,5.6525,0.0950
429.50,8.3852,5.7183,0.0275,11.1657,3.2664,-0.4150,7.9530,5.6637,0.0273
430.00,8.5152,5.7186,0.0073,11.2871,3.2091,-0.4482,8.0872,5.6619,-0.0029
430.50,8.6451,5.7249,0.0563,11.4082,3.1555,-0.3920,8.2111,5.6669,0.0637
431.00,8.7750,5.7268,-0.0390,11.5266,3.1019,-0.4778,8.3393,5.6797,-0.0255
431.50,8.9037,5.7202,-0.2350,11.6370,3.0316,-0.6712,8.4692,5.6653,-0.2324
432.00,9.0254,5.6997,-0.4573,11.7270,2.9430,-0.8918,8.5884,5.6333,-0.4535
432.50,9.1278,5.6472,-0.6773,11.7920,2.8427,-1.1116,8.6898,5.5987,-0.6762
433.00,9.2061,5.5702,-0.8927,11.8320,2.7337,-1.3272,8.7720,5.5181,-0.8889
433.50,9.2764,5.4646,-1.0970,11.8501,2.6033,-1.5335,8.8433,5.4092,-1.0929
434.00,9.3385,5.3480,-1.3424,11.8399,2.4715,-1.7785,8.8906,5.2941,-1.3403
434.50,9.3856,5.2198,-1.5806,11.7917,2.3313,-2.0272,8.9327,5.1650,-1.5825
435.00,9.3933,5.0902,-1.6993,11.7235,2.2138,-2.1568,8.9443,5.0411,-1.7046
435.50,9.3783,4.9614,-1.6793,11.6488,2.1032,-2.1506,8.9445,4.9174,-1.6855
436.00,9.3694,4.8316,-1.5597,11.5823,1.9863,-2.0238,8.9366,4.7849,-1.5436
436.50,9.3682,4.7016,-1.6100,11.5238,1.8668,-2.0604,8.9406,4.6519,-1.5936
437.00,9.3589,4.5722,-1.6880,11.4577,1.7582,-2.1523,8.9213,4.5252,-1.6965
437.50,9.3487,4.4427,-1.5968,11.3875,1.6441,-2.0684,8.9169,4.3921,-1.5928
438.00,9.3462,4.3127,-1.5801,11.3272,1.5260,-2.0418,8.9172,4.2595,-1.5616
438.50,9.3414,4.1827,-1.5962,11.2659,1.4095,-2.0615,8.9167,4.1279,-1.5883
439.00,9.3403,4.0527,-1.5858,11.2022,1.2888,-2.0515,8.9152,3.9915,-1.5783
439.50,9.3389,3.9228,-1.5850,11.1411,1.1712,-2.0501,8.9145,3.8689,-1.5729
440.00,9.3309,3.7928,-1.6320,11.0762,1.0509,-2.0927,8.9121,3.7422,-1.6161
440.50,9.3138,3.6635,-1.6983,11.0056,0.9382,-2.1627,8.9008,3.6097,-1.6865
441.00,9.2877,3.5353,-1.7918,10.9254,0.8282,-2.2520,8.8702,3.4752,-1.7789
441.50,9.2524,3.4101,-1.8952,10.8371,0.7296,-2.3549,8.8367,3.3572,-1.8812
442.00,9.2081,3.2892,-1.9955,10.7403,0.6423,-2.4577,8.7905,3.2353,-1.9845
442.50,9.1542,3.1727,-2.0561,10.6340,0.5619,-2.5230,8.7323,3.1153,-2.0463
443.00,9.0905,3.0587,-2.0963,10.5234,0.4856,-2.5598,8.6791,2.9967,-2.0797
443.50,9.0202,2.9479,-2.1366,10.4101,0.4155,-2.6085,8.6109,2.8924,-2.1289
444.00,8.9542,2.8364,-2.0559,10.2982,0.3460,-2.5379,8.5433,2.7793,-2.0507
444.50,8.8973,2.7186,-1.9812,10.1925,0.2646,-2.4517,8.4880,2.6580,-1.9570
445.00,8.8417,2.6006,-2.0534,10.0887,0.1823,-2.5136,8.4365,2.5360,-2.0299
445.50,8.7764,2.4907,-2.2119,9.9799,0.1156,-2.6760,8.3721,2.4360,-2.2022
446.00,8.7007,2.3947,-2.2571,9.8655,0.0632,-2.7318,8.2940,2.3373,-2.2551
446.50,8.6397,2.3151,-2.1761,9.7736,0.0205,-2.6610,8.2315,2.2575,-2.1739
447.00,8.5789,2.2080,-2.0827,9.6702,-0.0413,-2.5579,8.1783,2.1552,-2.0568
447.50,8.5135,2.0952,-2.1117,9.5571,-0.1150,-2.5844,8.1151,2.0259,-2.0937
448.00,8.4467,1.9837,-2.1114,9.4471,-0.1837,-2.5832,8.0500,1.9138,-2.0926
448.50,8.3773,1.8729,-2.1336,9.3368,-0.2512,-2.6061,7.9846,1.8021,-2.1189
449.00,8.3107,1.7621,-2.0965,9.2229,-0.3202,-2.5735,7.9157,1.6982,-2.0794
449.50,8.2456,1.6495,-2.1038,9.1131,-0.3912,-2.5768,7.8530,1.5751,-2.0856
450.00,8.1758,1.5387,-2.1411,8.9948,-0.4636,-2.6123,7.7929,1.4639,-2.1217
450.50,8.1016,1.4309,-2.1856,8.8746,-0.5305,-2.6554,7.7186,1.3564,-2.1712
451.00,8.0271,1.3245,-2.1561,8.7557,-0.5929,-2.6387,7.6318,1.2479,-2.1480
451.50,7.9604,1.2132,-2.0861,8.6419,-0.6626,-2.5595,7.5742,1.1414,-2.0614
452.00,7.8975,1.0996,-2.0819,8.5294,-0.7374,-2.5541,7.5112,1.0234,-2.0600
452.50,7.8285,0.9880,-2.1407,8.4190,-0.8071,-2.6131,7.4476,0.9194,-2.1254
453.00,7.7560,0.8794,-2.1704,8.3041,-0.8723,-2.6411,7.3764,0.8082,-2.1504
453.50,7.6793,0.7736,-2.2185,8.1800,-0.9369,-2.6889,7.3073,0.7012,-2.1988
454.00,7.5971,0.6722,-2.2718,8.0542,-0.9936,-2.7453,7.2233,0.5934,-2.2582
454.50,7.5113,0.5743,-2.3140,7.9282,-1.0435,-2.7874,7.1368,0.4987,-2.2968
455.00,7.4230,0.4790,-2.3012,7.8031,-1.0887,-2.7850,7.0562,0.4015,-2.2944
455.50,7.3400,0.3793,-2.2425,7.6864,-1.1369,-2.7203,6.9671,0.3044,-2.2192
456.00,7.2695,0.2907,-2.2549,7.5789,-1.1851,-2.7306,6.9046,0.2104,-2.2330
456.50,7.2352,0.2500,-2.2878,7.5262,-1.2073,-2.7638,6.8696,0.1651,-2.2732
457.00,7.2328,0.2469,-2.3205,7.5220,-1.2089,-2.7968,6.8666,0.1617,-2.3061
457.50,7.2328,0.2465,-2.3544,7.5215,-1.2091,-2.8311,6.8663,0.1613,-2.3404
458.00,7.2327,0.2465,-2.3883,7.5213,-1.2092,-2.8659,6.8662,0.1612,-2.3752
458.50,7.2325,0.2464,-2.4212,7.5211,-1.2093,-2.8995,6.8660,0.1610,-2.4088
459.00,7.2325,0.2465,-2.4538,7.5212,-1.2092,-2.9334,6.8661,0.1611,-2.4427
459.50,7.2326,0.2471,-2.4874,7.5219,-1.2091,-2.9679,6.8666,0.1615,-2.4772
460.00,7.2326,0.2481,-2.5218,7.5234,-1.2089,-3.0023,6.8679,0.1624,-2.5117
460.50,7.2327,0.2496,-2.5572,7.5249,-1.2087,-3.0379,6.8691,0.1633,-2.5473
461.00,7.2327,0.2515,-2.5935,7.5266,-1.2086,-3.0752,6.8706,0.1642,-2.5845
461.50,7.2328,0.2539,-2.6307,7.5294,-1.2084,-3.1127,6.8730,0.1657,-2.6221
462.00,7.2328,0.2568,-2.6690,7.5337,-1.2084,3.1316,6.8767,0.1677,-2.6610
462.50,7.2329,0.2601,-2.7083,7.5374,-1.2085,3.0916,6.8801,0.1694,-2.7010
463.00,7.2329,0.2639,-2.7487,7.5406,-1.2088,3.0508,6.8830,0.1707,-2.7418
463.50,7.2330,0.2682,-2.7902,7.5446,-1.2092,3.0082,6.8867,0.1721,-2.7844
464.00,7.2330,0.2730,-2.8330,7.5502,-1.2101,2.9644,6.8920,0.1740,-2.8281
464.50,7.2330,0.2783,-2.8770,7.5555,-1.2111,2.9195,6.8972,0.1755,-2.8730
465.00,7.2331,0.2840,-2.9224,7.5616,-1.2127,2.8735,6.9033,0.1771,-2.9191
465.50,7.2124,0.2916,-3.0296,7.5419,-1.2061,2.7774,6.8828,0.1736,-3.0152
466.00,7.1327,0.3088,3.0465,7.4724,-1.1696,2.5672,6.7791,0.2150,3.0579
466.50,7.0368,0.3349,2.7914,7.3973,-1.1068,2.3174,6.6585,0.2534,2.8116
467.00,6.9229,0.3774,2.5937,7.3235,-1.0061,2.1078,6.5557,0.3068,2.5984
467.50,6.8472,0.4277,2.5405,7.2763,-0.9186,2.0427,6.4835,0.3429,2.5473
468.00,6.8239,0.4439,2.5743,7.2623,-0.8915,2.0753,6.4587,0.3608,2.5869
468.50,6.8239,0.4420,2.6110,7.2631,-0.8929,2.1113,6.4601,0.3599,2.6228
469.00,6.8240,0.4394,2.6488,7.2645,-0.8952,2.1481,6.4624,0.3586,2.6597
469.50,6.8240,0.4363,2.6875,7.2665,-0.8982,2.1863,6.4657,0.3570,2.6979
470.00,6.8241,0.4328,2.7273,7.2695,-0.9023,2.2258,6.4703,0.3549,2.7374
470.50,6.8241,0.4287,2.7683,7.2725,-0.9060,2.2657,6.4747,0.3531,2.7773
471.00,6.8241,0.4242,2.8104,7.2759,-0.9099,2.3067,6.4797,0.3513,2.8183
471.50,6.8242,0.4192,2.8537,7.2795,-0.9138,2.3493,6.4846,0.3498,2.8609
472.00,6.8242,0.4137,2.8984,7.2840,-0.9182,2.3934,6.4907,0.3482,2.9050
472.50,6.8037,0.4167,2.8869,7.2720,-0.9072,2.3927,6.4749,0.3519,2.9043
473.00,6.7253,0.4340,2.7466,7.2169,-0.8483,2.2525,6.3643,0.3590,2.7612
473.50,6.6252,0.4760,2.6502,7.1531,-0.7598,2.1460,6.2476,0.3920,2.6536
474.00,6.5767,0.5026,2.6716,7.1221,-0.7118,2.1623,6.1992,0.4199,2.6773
474.50,6.5531,0.5100,2.7497,7.1059,-0.6893,2.2322,6.1745,0.4225,2.7542
475.00,6.4729,0.5143,2.9898,7.0443,-0.6262,2.4644,6.0903,0.4381,3.0004
475.50,6.3451,0.5087,-3.0617,6.9328,-0.5589,2.7135,5.9802,0.4191,-3.0302
476.00,6.2193,0.4949,-3.0226,6.8144,-0.5105,2.7659,5.8436,0.3996,-2.9883
476.50,6.1145,0.4857,-3.1313,6.7196,-0.4676,2.6557,5.7305,0.3874,-3.1218
477.00,5.9847,0.4858,3.1262,6.6006,-0.4009,2.6211,5.5841,0.3892,3.1345
477.50,5.8547,0.4860,3.1335,6.4852,-0.3355,2.6287,5.4614,0.3894,-3.1394
478.00,5.7247,0.4873,3.1326,6.3706,-0.2708,2.6269,5.3346,0.3889,3.1391
478.50,5.5947,0.4879,3.1354,6.2584,-0.2074,2.6286,5.2409,0.3892,3.1402
479.00,5.4647,0.4885,3.1359,6.1421,-0.1421,2.6297,5.0875,0.3893,-3.1384
479.50,5.3347,0.4928,3.1138,6.0294,-0.0767,2.6021,4.9572,0.3903,3.1137
480.00,5.2047,0.4915,-3.1359,5.9159,-0.0117,2.6379,4.8464,0.3919,-3.1267
480.50,5.0748,0.4940,3.1144,5.8016,0.0529,2.6043,4.7252,0.3911,3.1194
481.00,4.9448,0.4936,-3.1356,5.6889,0.1179,2.6378,4.5919,0.3929,-3.1274
481.50,4.8148,0.4959,3.1207,5.5746,0.1824,2.6089,4.4739,0.3916,3.1205
482.00,4.6848,0.4940,-3.1327,5.4592,0.2481,2.6417,4.3212,0.3933,-3.1200
482.50,4.5548,0.4969,3.1000,5.3500,0.3104,2.5935,4.1955,0.3927,3.1121
483.00,4.4249,0.5005,-3.1376,5.2329,0.3810,2.6296,4.0588,0.3970,-3.1326
483.50,4.2949,0.4992,3.1369,5.1139,0.4457,2.6297,3.9534,0.3936,-3.1349
484.00,4.1649,0.4981,-3.1314,4.9970,0.5115,2.6395,3.7993,0.3929,-3.1287
484.50,4.0349,0.5000,3.1144,4.8842,0.5744,2.6087,3.6702,0.3917,3.1237
485.00,3.9050,0.5034,-3.1404,4.7671,0.6443,2.6250,3.5607,0.3954,-3.1401
485.50,3.7750,0.5005,-3.1314,4.6526,0.7066,2.6443,3.4236,0.3929,-3.1168
486.00,3.6450,0.4988,-3.1283,4.5327,0.7728,2.6404,3.3019,0.3906,-3.1248
486.50,3.5150,0.4994,3.1234,4.4228,0.8336,2.6165,3.1610,0.3889,3.1351
487.00,3.3850,0.5015,3.1345,4.3065,0.9027,2.6161,3.0258,0.3917,3.1370
487.50,3.2557,0.5013,3.1302,4.1950,0.9664,2.6123,2.9257,0.4936,3.1271
488.00,3.1276,0.4987,-3.1222,4.0785,1.0323,2.6455,2.7954,0.4893,-3.1246
488.50,2.9976,0.4996,-3.1415,3.9618,1.0966,2.6259,2.6655,0.4875,3.1355
489.00,2.8676,0.5056,3.0918,3.8469,1.1649,2.5758,2.5415,0.4972,3.0805
489.50,2.7378,0.5100,3.1127,3.7360,1.2348,2.5943,2.4073,0.5069,3.1082
490.00,2.6078,0.5118,-3.1414,3.6224,1.3031,2.6205,2.2845,0.5060,3.1339
490.50,2.4778,0.5093,-3.1357,3.5066,1.3675,2.6349,2.1580,0.5053,-3.1343
491.00,2.3478,0.5099,-3.1390,3.3910,1.4341,2.6226,2.0179,0.5062,3.1296
491.50,2.2178,0.5069,-3.1349,3.2753,1.4985,2.6344,1.8829,0.5027,-3.1331
492.00,2.0879,0.5114,3.1112,3.1620,1.5656,2.5879,1.7593,0.5050,3.0978
492.50,1.9579,0.5101,-3.1203,3.0449,1.6336,2.6438,1.6269,0.5083,-3.1202
493.00,1.8279,0.5091,-3.1325,2.9302,1.6973,2.6290,1.5004,0.5066,-3.1385
493.50,1.6979,0.5061,-3.1287,2.8188,1.7592,2.6375,1.3695,0.5058,-3.1300
494.00,1.5679,0.5083,3.1241,2.7097,1.8226,2.6011,1.2424,0.5024,3.1139
494.50,1.4379,0.5069,3.1413,2.5980,1.8881,2.6219,1.1179,0.5047,3.1382
495.00,1.3079,0.5100,3.1254,2.4859,1.9544,2.6002,0.9868,0.5035,3.1142
495.50,1.1779,0.5092,3.1361,2.3707,2.0216,2.6188,0.8363,0.5057,3.1386
496.00,1.0480,0.5143,3.1131,2.2569,2.0906,2.5857,0.7056,0.5090,3.0985
496.50,0.9180,0.5120,-3.1089,2.1392,2.1581,2.6538,0.5825,0.5112,-3.1049
497.00,0.7880,0.5115,3.1342,2.0269,2.2203,2.6092,0.4589,0.5085,3.1266
497.50,0.6581,0.5081,-3.1143,1.9091,2.2869,2.6472,0.3226,0.5092,-3.1133
498.00,0.5281,0.5087,3.1263,1.7886,2.3552,2.5999,0.2061,0.5080,3.1191
498.50,0.3981,0.5061,-3.1173,1.6775,2.4191,2.6429,0.0521,0.5070,-3.1156
499.00,0.2681,0.5069,3.1016,1.5634,2.4849,2.5777,-0.0594,0.5062,3.0963
499.50,0.1382,0.5102,-3.1320,1.4530,2.5538,2.6193,-0.1965,0.5114,3.1388
500.00,0.0082,0.5074,-3.1213,1.3356,2.6182,2.6349,-0.3249,0.5067,-3.1210
500.50,-0.1218,0.5068,-3.1317,1.2193,2.6832,2.6256,-0.4420,0.5044,-3.1397
501.00,-0.2518,0.5094,3.1195,1.1068,2.7489,2.5889,-0.5807,0.5077,3.1085
501.50,-0.3817,0.5083,-3.1229,0.9960,2.8145,2.6313,-0.6897,0.5093,-3.1269
502.00,-0.5117,0.5039,-3.1114,0.8781,2.8795,2.6398,-0.8352,0.5093,-3.1194
502.50,-0.6416,0.4973,-3.0985,0.7569,2.9440,2.6572,-0.9746,0.5035,-3.1005
503.00,-0.7715,0.4972,-3.1290,0.6456,3.0045,2.6263,-1.1057,0.4981,-3.1335
503.50,-0.9015,0.4984,-3.1394,0.5350,3.0686,2.6120,-1.2277,0.5081,3.1366
504.00,-1.0315,0.4931,-3.0993,0.4147,3.1361,2.6509,-1.3657,0.4982,-3.1048
504.50,-1.1614,0.4906,-3.1413,0.3024,3.1975,2.6127,-1.4936,0.4928,3.1372
505.00,-1.2914,0.4941,3.1281,0.1871,3.2677,2.5923,-1.6269,0.5059,3.1163
505.50,-1.4213,0.4899,-3.1016,0.0718,3.3334,2.6491,-1.7512,0.5056,-3.1026
506.00,-1.5513,0.4874,-3.1362,-0.0506,3.4005,2.6147,-1.8991,0.4924,3.1398
506.50,-1.6812,0.4853,-3.0814,-0.1679,3.4682,2.6537,-2.0061,0.5009,-3.1014
507.00,-1.8094,0.4742,-2.8726,-0.2927,3.5206,2.8577,-2.1470,0.4746,-2.8776
507.50,-1.9318,0.4441,-2.7482,-0.4189,3.5473,2.9925,-2.2620,0.4419,-2.7417
508.00,-2.0484,0.3984,-2.7817,-0.5444,3.5661,2.9702,-2.3786,0.4020,-2.7745
508.50,-2.1730,0.3614,-2.9367,-0.6696,3.5971,2.8127,-2.4816,0.3736,-2.9460
509.00,-2.3009,0.3349,-2.9642,-0.7946,3.6445,2.7701,-2.6153,0.3448,-2.9792
509.50,-2.4283,0.3075,-2.9296,-0.9241,3.6906,2.8092,-2.7487,0.3177,-2.9285
510.00,-2.5551,0.2771,-2.8947,-1.0517,3.7334,2.8381,-2.8885,0.2883,-2.9036
510.50,-2.6797,0.2384,-2.8314,-1.1835,3.7686,2.9092,-3.0113,0.2508,-2.8285
511.00,-2.8045,0.2033,-2.9046,-1.3059,3.8010,2.8375,-3.1240,0.2141,-2.9136
511.50,-2.9310,0.1728,-2.8842,-1.4318,3.8419,2.8437,-3.2518,0.1861,-2.9010
512.00,-3.0549,0.1342,-2.7903,-1.5567,3.8733,2.9408,-3.3738,0.1499,-2.7945
512.50,-3.1758,0.0867,-2.7510,-1.6827,3.8955,2.9861,-3.4943,0.1029,-2.7516
513.00,-3.2975,0.0422,-2.8493,-1.8107,3.9195,2.8982,-3.6158,0.0563,-2.8494
513.50,-3.4238,0.0073,-2.9341,-1.9391,3.9599,2.7978,-3.7569,0.0256,-2.9538
514.00,-3.5502,-0.0236,-2.8512,-2.0669,4.0024,2.8691,-3.8872,-0.0099,-2.8662
514.50,-3.6725,-0.0638,-2.7593,-2.1936,4.0299,2.9716,-4.0012,-0.0438,-2.7591
515.00,-3.7938,-0.1095,-2.8152,-2.3244,4.0538,2.9270,-4.1164,-0.0928,-2.8136
515.50,-3.9196,-0.1468,-2.9688,-2.4552,4.0931,2.7683,-4.2568,-0.1172,-2.9834
516.00,-4.0482,-0.1706,-2.9907,-2.5785,4.1458,2.7322,-4.3884,-0.1434,-3.0101
516.50,-4.1754,-0.1961,-2.8696,-2.7013,4.1914,2.8537,-4.5087,-0.1764,-2.8735
517.00,-4.3000,-0.2306,-2.8625,-2.8264,4.2258,2.8703,-4.6231,-0.2135,-2.8569
517.50,-4.4251,-0.2659,-2.8558,-2.9587,4.2639,2.8724,-4.7555,-0.2411,-2.8653
518.00,-4.5500,-0.3019,-2.8534,-3.0890,4.3004,2.8719,-4.8757,-0.2778,-2.8652
518.50,-4.6734,-0.3455,-2.7893,-3.2215,4.3331,2.9372,-5.0060,-0.3182,-2.7935
519.00,-4.7954,-0.3905,-2.7911,-3.3502,4.3593,2.9371,-5.1191,-0.3642,-2.8000
519.50,-4.9170,-0.4389,-2.7586,-3.4839,4.3859,2.9667,-5.2471,-0.4109,-2.7710
520.00,-5.0375,-0.4875,-2.7612,-3.6158,4.4088,2.9660,-5.3632,-0.4601,-2.7712
520.50,-5.1579,-0.5385,-2.7414,-3.7443,4.4307,2.9824,-5.4829,-0.5079,-2.7518
521.00,-5.2763,-0.5959,-2.6840,-3.8812,4.4493,3.0371,-5.6025,-0.5634,-2.6971
521.50,-5.3906,-0.6621,-2.6064,-4.0103,4.4579,3.1133,-5.7340,-0.6235,-2.6209
522.00,-5.4987,-0.7366,-2.4989,-4.1451,4.4548,-3.0642,-5.8459,-0.6961,-2.5088
522.50,-5.5968,-0.8214,-2.3469,-4.2731,4.4365,-2.9176,-5.9466,-0.7792,-2.3652
523.00,-5.6820,-0.9190,-2.2394,-4.4020,4.3981,-2.8025,-6.0276,-0.8795,-2.2460
523.50,-5.7600,-1.0225,-2.2104,-4.5233,4.3524,-2.7708,-6.0946,-0.9827,-2.2184
524.00,-5.8344,-1.1286,-2.1549,-4.6373,4.3056,-2.7189,-6.1676,-1.0836,-2.1635
524.50,-5.9043,-1.2377,-2.1413,-4.7513,4.2527,-2.7021,-6.2362,-1.1872,-2.1496
525.00,-5.9731,-1.3476,-2.1138,-4.8752,4.1940,-2.6812,-6.3213,-1.3020,-2.1263
525.50,-6.0380,-1.4598,-2.1065,-4.9927,4.1332,-2.6639,-6.3789,-1.4156,-2.1080
526.00,-6.0963,-1.5523,-2.1275,-5.0971,4.0820,-2.6942,-6.4505,-1.5142,-2.1417
526.50,-6.1217,-1.5925,-2.0908,-5.1412,4.0600,-2.6566,-6.4574,-1.5456,-2.0971
527.00,-6.1220,-1.5942,-2.0529,-5.1433,4.0589,-2.6191,-6.4586,-1.5476,-2.0596
527.50,-6.1188,-1.5941,-2.0138,-5.1401,4.0609,-2.5803,-6.4569,-1.5443,-2.0208
528.00,-6.1151,-1.5941,-1.9737,-5.1367,4.0631,-2.5407,-6.4552,-1.5405,-1.9813
528.50,-6.1109,-1.5941,-1.9324,-5.1334,4.0655,-2.4997,-6.4537,-1.5367,-1.9403
529.00,-6.1063,-1.5940,-1.8900,-5.1294,4.0687,-2.4577,-6.4520,-1.5319,-1.8982
529.50,-6.1011,-1.5940,-1.8463,-5.1248,4.0725,-2.4144,-6.4502,-1.5263,-1.8549
530.00,-6.0955,-1.5940,-1.8012,-5.1206,4.0765,-2.3697,-6.4487,-1.5207,-1.8103
530.50,-6.0894,-1.5939,-1.7548,-5.1174,4.0797,-2.3241,-6.4477,-1.5162,-1.7646
531.00,-6.0857,-1.5939,-1.7319,-5.1149,4.0825,-2.2941,-6.4470,-1.5126,-1.7346
531.50,-6.0911,-1.5939,-1.7789,-5.1179,4.0793,-2.3424,-6.4478,-1.5168,-1.7830
532.00,-6.0970,-1.5940,-1.8246,-5.1216,4.0756,-2.3885,-6.4491,-1.5220,-1.8290
532.50,-6.1024,-1.5940,-1.8690,-5.1262,4.0715,-2.4332,-6.4508,-1.5279,-1.8738
533.00,-6.1073,-1.5940,-1.9120,-5.1297,4.0686,-2.4768,-6.4522,-1.5322,-1.9174
533.50,-6.1117,-1.5941,-1.9538,-5.1331,4.0661,-2.5193,-6.4537,-1.5361,-1.9599
534.00,-6.1156,-1.5941,-1.9945,-5.1370,4.0634,-2.5606,-6.4556,-1.5405,-2.0011
534.50,-6.1191,-1.5942,-2.0341,-5.1407,4.0610,-2.6005,-6.4575,-1.5445,-2.0411
535.00,-6.1220,-1.5942,-2.0726,-5.1437,4.0593,-2.6395,-6.4591,-1.5475,-2.0800
535.50,-6.1245,-1.5943,-2.1101,-5.1456,4.0583,-2.6777,-6.4602,-1.5494,-2.1182
536.00,-6.1266,-1.5943,-2.1466,-5.1467,4.0578,-2.7147,-6.4608,-1.5504,-2.1552
536.50,-6.1281,-1.5944,-2.1822,-5.1478,4.0573,-2.7506,-6.4616,-1.5514,-2.1912
537.00,-6.1293,-1.5944,-2.2168,-5.1495,4.0566,-2.7847,-6.4626,-1.5528,-2.2252
537.50,-6.1299,-1.5945,-2.2506,-5.1501,4.0564,-2.8189,-6.4630,-1.5533,-2.2594
538.00,-6.1302,-1.5945,-2.2835,-5.1502,4.0564,-2.8523,-6.4631,-1.5534,-2.2928
538.50,-6.1301,-1.5947,-2.3161,-5.1505,4.0563,-2.8850,-6.4633,-1.5536,-2.3255
539.00,-6.1301,-1.5951,-2.3498,-5.1506,4.0563,-2.9189,-6.4634,-1.5537,-2.3595
539.50,-6.1302,-1.5952,-2.3839,-5.1509,4.0562,-2.9532,-6.4636,-1.5539,-2.3938
540.00,-6.1304,-1.5953,-2.4168,-5.1512,4.0562,-2.9870,-6.4638,-1.5542,-2.4276
540.50,-6.1304,-1.5952,-2.4494,-5.1514,4.0561,-3.0196,-6.4640,-1.5543,-2.4602
541.00,-6.1303,-1.5946,-2.4829,-5.1507,4.0562,-3.0529,-6.4634,-1.5538,-2.4935
541.50,-6.1303,-1.5937,-2.5172,-5.1499,4.0563,-3.0877,-6.4628,-1.5534,-2.5282
542.00,-6.1302,-1.5923,-2.5524,-5.1487,4.0563,-3.1232,-6.4618,-1.5527,-2.5638
542.50,-6.1302,-1.5904,-2.5886,-5.1465,4.0563,3.1234,-6.4599,-1.5515,-2.6003
543.00,-6.1301,-1.5881,-2.6257,-5.1445,4.0562,3.0856,-6.4582,-1.5505,-2.6382
543.50,-6.1301,-1.5853,-2.6638,-5.1424,4.0561,3.0472,-6.4563,-1.5495,-2.6765
544.00,-6.1300,-1.5820,-2.7030,-5.1395,4.0558,3.0071,-6.4537,-1.5483,-2.7167
544.50,-6.1300,-1.5783,-2.7432,-5.1358,4.0552,2.9667,-6.4503,-1.5468,-2.7570
545.00,-6.1299,-1.5740,-2.7846,-5.1320,4.0544,2.9251,-6.4466,-1.5454,-2.7987
545.50,-6.1299,-1.5693,-2.8272,-5.1284,4.0535,2.8825,-6.4431,-1.5443,-2.8412
546.00,-6.1299,-1.5641,-2.8711,-5.1231,4.0520,2.8376,-6.4378,-1.5428,-2.8862
546.50,-6.1298,-1.5586,-2.9148,-5.1183,4.0504,2.7922,-6.4328,-1.5416,-2.9315
547.00,-6.1298,-1.5584,-2.9168,-5.1179,4.0502,2.7879,-6.4325,-1.5415,-2.9359
547.50,-6.1298,-1.5584,-2.9168,-5.1179,4.0502,2.7877,-6.4325,-1.5415,-2.9360
548.00,-6.1298,-1.5584,-2.9168,-5.1179,4.0502,2.7874,-6.4325,-1.5415,-2.9363
548.50,-6.1298,-1.5584,-2.9168,-5.1179,4.0502,2.7870,-6.4325,-1.5415,-2.9367
549.00,-6.1298,-1.5550,-2.9535,-5.1146,4.0490,2.7530,-6.4290,-1.5408,-2.9707
549.50,-6.1298,-1.5484,-3.0014,-5.1094,4.0467,2.7052,-6.4234,-1.5400,-3.0185
550.00,-6.1298,-1.5414,-3.0510,-5.1030,4.0435,2.6554,-6.4163,-1.5393,-3.0684
550.50,-6.1298,-1.5338,-3.1024,-5.0974,4.0404,2.6036,-6.4098,-1.5390,-3.1202
551.00,-6.1298,-1.5259,3.1275,-5.0944,4.0386,2.5503,-6.4664,-1.4875,3.1167
551.50,-6.1298,-1.5182,3.0751,-5.1017,4.0437,2.4969,-6.4753,-1.4870,3.0634
552.00,-6.1298,-1.5109,3.0247,-5.1075,4.0484,2.4458,-6.4827,-1.4863,3.0123
552.50,-6.1298,-1.5041,2.9760,-5.1131,4.0532,2.3966,-6.4900,-1.4851,2.9630
553.00,-6.1298,-1.4978,2.9289,-5.1186,4.0586,2.3490,-6.4976,-1.4836,2.9155
553.50,-6.1299,-1.4919,2.8833,-5.1220,4.0622,2.3027,-6.5023,-1.4823,2.8692
554.00,-6.1299,-1.4866,2.8391,-5.1255,4.0663,2.2577,-6.5076,-1.4808,2.8241
554.50,-6.1299,-1.4817,2.7962,-5.1290,4.0707,2.2144,-6.5128,-1.4789,2.7808
555.00,-6.1300,-1.4774,2.7545,-5.1318,4.0746,2.1723,-6.5173,-1.4771,2.7388
555.50,-6.1300,-1.4735,2.7139,-5.1332,4.0768,2.1314,-6.4792,-1.4248,2.7048
556.00,-6.1301,-1.4701,2.6745,-5.1352,4.0800,2.0923,-6.4826,-1.4231,2.6657
556.50,-6.1301,-1.4672,2.6361,-5.1366,4.0826,2.0533,-6.4851,-1.4217,2.6267
557.00,-6.1302,-1.4647,2.5987,-5.1378,4.0849,2.0158,-6.4874,-1.4204,2.5892
557.50,-6.1302,-1.4627,2.5622,-5.1385,4.0866,1.9787,-6.4889,-1.4194,2.5521
558.00,-6.1303,-1.4612,2.5268,-5.1390,4.0877,1.9426,-6.4899,-1.4187,2.5160
558.50,-6.1303,-1.4601,2.4922,-5.1394,4.0888,1.9076,-6.4909,-1.4180,2.4810
559.00,-6.1304,-1.4595,2.4585,-5.1397,4.0897,1.8734,-6.4916,-1.4175,2.4468
559.50,-6.1304,-1.4593,2.4257,-5.1397,4.0899,1.8399,-6.4917,-1.4173,2.4133
560.00,-6.1307,-1.4593,2.3930,-5.1398,4.0899,1.8066,-6.4918,-1.4173,2.3801
560.50,-6.1310,-1.4594,2.3592,-5.1398,4.0902,1.7724,-6.4920,-1.4171,2.3459
561.00,-6.1311,-1.4592,2.3252,-5.1398,4.0904,1.7383,-6.4921,-1.4170,2.3117
561.50,-6.1311,-1.4590,2.2924,-5.1399,4.0907,1.7053,-6.4923,-1.4167,2.2787
562.00,-6.1310,-1.4591,2.2597,-5.1399,4.0904,1.6727,-6.4921,-1.4169,2.2461
562.50,-6.1305,-1.4591,2.2262,-5.1398,4.0900,1.6385,-6.4919,-1.4172,2.2119
563.00,-6.1295,-1.4592,2.1918,-5.1398,4.0894,1.6035,-6.4915,-1.4178,2.1769
563.50,-6.1280,-1.4592,2.1564,-5.1398,4.0881,1.5677,-6.4908,-1.4188,2.1411
564.00,-6.1261,-1.4593,2.1202,-5.1398,4.0863,1.5310,-6.4899,-1.4203,2.1045
564.50,-6.1237,-1.4593,2.0830,-5.1400,4.0835,1.4933,-6.4885,-1.4229,2.0667
565.00,-6.1209,-1.4594,2.0447,-5.1403,4.0806,1.4547,-6.4872,-1.4254,2.0281
565.50,-6.1202,-1.4518,1.9854,-5.1395,4.0860,1.4008,-6.4894,-1.4204,1.9742
566.00,-6.1227,-1.3916,1.7912,-5.1232,4.1453,1.2101,-6.5079,-1.3618,1.7835
566.50,-6.1195,-1.2741,1.6465,-5.0707,4.2530,1.0513,-6.4649,-1.2228,1.6271
567.00,-6.1267,-1.1872,1.6665,-5.0256,4.3307,1.0655,-6.4655,-1.1330,1.6493
567.50,-6.1411,-1.1219,1.7729,-4.9954,4.3910,1.1620,-6.4728,-1.0660,1.7529
568.00,-6.1652,-1.0295,2.0176,-4.9665,4.4849,1.4009,-6.5001,-0.9719,2.0022
568.50,-6.2195,-0.9225,2.2129,-4.9586,4.6132,1.6039,-6.5557,-0.8716,2.2122
569.00,-6.3004,-0.8216,2.2729,-4.9687,4.7433,1.6728,-6.6306,-0.7710,2.2712
569.50,-6.3822,-0.7209,2.2276,-4.9800,4.8744,1.6293,-6.7126,-0.6694,2.2202
570.00,-6.4604,-0.6172,2.2222,-4.9859,5.0054,1.6177,-6.7994,-0.5674,2.2098
570.50,-6.5396,-0.5140,2.2233,-4.9928,5.1417,1.6180,-6.8717,-0.4587,2.2141
571.00,-6.6194,-0.4113,2.2351,-4.9999,5.2756,1.6292,-6.9549,-0.3602,2.2253
571.50,-6.7003,-0.3094,2.2365,-5.0084,5.4049,1.6358,-7.0403,-0.2585,2.2337
572.00,-6.7766,-0.2043,2.1610,-5.0123,5.5385,1.5580,-7.1054,-0.1552,2.1477
572.50,-6.8490,-0.0962,2.1771,-5.0102,5.6697,1.5653,-7.1765,-0.0449,2.1579
573.00,-6.9277,0.0083,2.2327,-5.0135,5.8045,1.6231,-7.2544,0.0608,2.2245
573.50,-7.0095,0.1097,2.2577,-5.0221,5.9325,1.6527,-7.3326,0.1572,2.2523
574.00,-7.0901,0.2113,2.2328,-5.0313,6.0665,1.6267,-7.4152,0.2625,2.2225
574.50,-7.1698,0.3140,2.2347,-5.0381,6.1948,1.6242,-7.4848,0.3616,2.2238
575.00,-7.2530,0.4140,2.2933,-5.0488,6.3271,1.6836,-7.5781,0.4648,2.2866
575.50,-7.3405,0.5099,2.3258,-5.0656,6.4570,1.7179,-7.6555,0.5623,2.3210
576.00,-7.4289,0.6055,2.3077,-5.0848,6.5926,1.7013,-7.7586,0.6628,2.3009
576.50,-7.5168,0.7011,2.3245,-5.1027,6.7253,1.7158,-7.8482,0.7624,2.3154
577.00,-7.6059,0.7955,2.3130,-5.1234,6.8620,1.7124,-7.9426,0.8533,2.3126
577.50,-7.6845,0.8887,2.1807,-5.1354,6.9888,1.5893,-8.0147,0.9506,2.1784
578.00,-7.7419,0.9762,1.9359,-5.1252,7.0912,1.3436,-8.0636,1.0409,1.9258
578.50,-7.7909,1.0798,1.6431,-5.0836,7.2022,1.0505,-8.0998,1.1566,1.6326
579.00,-7.8153,1.2065,1.4284,-5.0038,7.3076,0.8191,-8.1271,1.2701,1.4100
579.50,-7.7986,1.3347,1.4093,-4.9123,7.3997,0.7854,-8.1252,1.3961,1.3850
580.00,-7.7833,1.4613,1.5788,-4.8261,7.4969,0.9399,-8.1077,1.5246,1.5593
580.50,-7.7798,1.5902,1.7748,-4.7619,7.6101,1.1493,-8.1103,1.6539,1.7803
581.00,-7.7992,1.6850,1.8273,-4.7246,7.7004,1.2051,-8.1347,1.7487,1.8187
581.50,-7.8132,1.7185,1.8712,-4.7112,7.7370,1.2488,-8.1355,1.7862,1.8588
582.00,-7.8181,1.7187,1.9141,-4.7097,7.7417,1.2915,-8.1369,1.7909,1.9016
582.50,-7.8225,1.7188,1.9559,-4.7086,7.7459,1.3331,-8.1384,1.7950,1.9432
583.00,-7.8264,1.7188,1.9965,-4.7079,7.7488,1.3736,-8.1489,1.7880,1.9872
583.50,-7.8298,1.7189,2.0360,-4.7072,7.7526,1.4127,-8.1505,1.7915,2.0262
584.00,-7.8327,1.7189,2.0745,-4.7067,7.7562,1.4504,-8.1521,1.7948,2.0640
584.50,-7.8352,1.7190,2.1119,-4.7064,7.7587,1.4878,-8.1533,1.7969,2.1014
585.00,-7.8372,1.7190,2.1484,-4.7063,7.7607,1.5240,-8.1544,1.7987,2.1376
585.50,-7.8388,1.7191,2.1839,-4.7062,7.7627,1.5589,-8.1555,1.8003,2.1725
586.00,-7.8399,1.7191,2.2185,-4.7062,7.7640,1.5929,-8.1562,1.8014,2.2065
586.50,-7.8405,1.7192,2.2523,-4.7063,7.7644,1.6261,-8.1565,1.8017,2.2397
587.00,-7.8408,1.7192,2.2851,-4.7063,7.7648,1.6587,-8.1567,1.8020,2.2722
587.50,-7.8407,1.7191,2.3178,-4.7063,7.7647,1.6905,-8.1566,1.8019,2.3040
588.00,-7.8407,1.7189,2.3515,-4.7062,7.7641,1.7238,-8.1563,1.8015,2.3374
588.50,-7.8404,1.7189,2.3855,-4.7062,7.7642,1.7575,-8.1563,1.8016,2.3711
589.00,-7.8401,1.7190,2.4185,-4.7062,7.7640,1.7910,-8.1562,1.8015,2.4046
589.50,-7.8400,1.7189,2.4511,-4.7061,7.7639,1.8229,-8.1561,1.8014,2.4364
590.00,-7.8399,1.7184,2.4846,-4.7061,7.7637,1.8560,-8.1559,1.8013,2.4695
590.50,-7.8399,1.7174,2.5189,-4.7058,7.7626,1.8901,-8.1550,1.8006,2.5036
591.00,-7.8398,1.7159,2.5542,-4.7052,7.7612,1.9248,-8.1538,1.7997,2.5383
591.50,-7.8398,1.7141,2.5904,-4.7046,7.7594,1.9602,-8.1522,1.7986,2.5737
592.00,-7.8397,1.7117,2.6276,-4.7040,7.7582,1.9965,-8.1511,1.7979,2.6101
592.50,-7.8397,1.7089,2.6658,-4.7028,7.7556,2.0344,-8.1485,1.7965,2.6480
593.00,-7.8396,1.7056,2.7050,-4.7013,7.7528,2.0729,-8.1458,1.7951,2.6865
593.50,-7.8396,1.7018,2.7453,-4.6994,7.7495,2.1125,-8.1423,1.7935,2.7261
594.00,-7.8396,1.6976,2.7867,-4.6972,7.7459,2.1535,-8.1384,1.7918,2.7670
594.50,-7.8395,1.6928,2.8294,-4.6943,7.7418,2.1958,-8.1337,1.7901,2.8094
595.00,-7.8395,1.6876,2.8733,-4.6914,7.7379,2.2396,-8.1291,1.7886,2.8531
595.50,-7.8395,1.6819,2.9186,-4.6870,7.7325,2.2847,-8.1223,1.7868,2.8982
596.00,-7.8394,1.6757,2.9653,-4.6831,7.7283,2.3304,-8.1168,1.7855,2.9440
596.50,-7.8394,1.6690,3.0136,-4.6790,7.7241,2.3780,-8.1110,1.7845,2.9915
597.00,-7.8394,1.6618,3.0636,-4.6747,7.7202,2.4272,-8.1052,1.7838,3.0407
597.50,-7.8394,1.6542,3.1155,-4.6687,7.7153,2.4783,-8.1478,1.7352,3.1036
598.00,-7.8394,1.6462,-3.1143,-4.6674,7.7143,2.5311,-8.1557,1.7260,-3.1246
598.50,-7.8394,1.6386,-3.0624,-4.6747,7.7191,2.5828,-8.1643,1.7256,-3.0729
599.00,-7.8394,1.6314,-3.0124,-4.6809,7.7228,2.6323,-8.1716,1.7249,-3.0233
599.50,-7.8394,1.6247,-2.9642,-4.6879,7.7264,2.6802,-8.1794,1.7238,-2.9755
600.00,-7.8395,1.6185,-2.9175,-4.6940,7.7293,2.7264,-8.1860,1.7225,-2.9293
600.50,-7.8395,1.6128,-2.8722,-4.6991,7.7314,2.7710,-8.1914,1.7212,-2.8847
601.00,-7.8395,1.6076,-2.8283,-4.7034,7.7330,2.8137,-8.1958,1.7200,-2.8420
601.50,-7.8396,1.6030,-2.7870,-4.7069,7.7341,2.8554,-8.1993,1.7188,-2.8003
602.00,-7.8396,1.5990,-2.7462,-4.7108,7.7352,2.8931,-8.2031,1.7174,-2.7626
602.50,-7.8396,1.5952,-2.7058,-4.7140,7.7359,2.9326,-8.2060,1.7162,-2.7231
603.00,-7.8397,1.5919,-2.6666,-4.7170,7.7365,2.9710,-8.1696,1.6568,-2.6742
603.50,-7.8397,1.5891,-2.6284,-4.7201,7.7370,3.0089,-8.1725,1.6553,-2.6363
604.00,-7.8398,1.5867,-2.5912,-4.7231,7.7373,3.0460,-8.1751,1.6538,-2.5993
604.50,-7.8398,1.5849,-2.5550,-4.7244,7.7374,3.0813,-8.1762,1.6531,-2.5639
605.00,-7.8399,1.5834,-2.5197,-4.7262,7.7375,3.1164,-8.1777,1.6520,-2.5288
605.50,-7.8399,1.5824,-2.4853,-4.7270,7.7375,-3.1329,-8.1784,1.6516,-2.4950
606.00,-7.8400,1.5819,-2.4518,-4.7275,7.7375,-3.0998,-8.1787,1.6513,-2.4618
606.50,-7.8401,1.5817,-2.4191,-4.7276,7.7375,-3.0678,-8.1788,1.6512,-2.4298
607.00,-7.8398,1.5818,-2.3862,-4.7273,7.7375,-3.0356,-8.1786,1.6515,-2.3976
607.50,-7.8397,1.5819,-2.3522,-4.7271,7.7376,-3.0019,-8.1784,1.6516,-2.3639
608.00,-7.8398,1.5822,-2.3185,-4.7266,7.7377,-2.9684,-8.1781,1.6520,-2.3305
608.50,-7.8398,1.5825,-2.2858,-4.7264,7.7377,-2.9367,-8.1779,1.6521,-2.2987
609.00,-7.8396,1.5825,-2.2530,-4.7261,7.7378,-2.9049,-8.1777,1.6523,-2.2669
609.50,-7.8390,1.5826,-2.2193,-4.7253,7.7380,-2.8713,-8.1772,1.6530,-2.2333
610.00,-7.8379,1.5826,-2.1847,-4.7245,7.7382,-2.8365,-8.1767,1.6536,-2.1985
610.50,-7.8363,1.5827,-2.1492,-4.7235,7.7385,-2.8009,-8.1761,1.6545,-2.1629
611.00,-7.8343,1.5827,-2.1127,-4.7226,7.7389,-2.7646,-8.1756,1.6553,-2.1266
611.50,-7.8319,1.5828,-2.0753,-4.7203,7.7398,-2.7275,-8.1743,1.6575,-2.0895
612.00,-7.8289,1.5828,-2.0369,-4.7175,7.7411,-2.6894,-8.1728,1.6601,-2.0514
612.50,-7.8255,1.5829,-1.9974,-4.7148,7.7425,-2.6499,-8.1715,1.6628,-2.0119
613.00,-7.8216,1.5829,-1.9568,-4.7114,7.7444,-2.6101,-8.1699,1.6664,-1.9721
613.50,-7.8172,1.5830,-1.9150,-4.7081,7.7464,-2.5689,-8.1685,1.6700,-1.9309
614.00,-7.8124,1.5830,-1.8721,-4.7050,7.7485,-2.5258,-8.1672,1.6736,-1.8878
614.50,-7.8070,1.5830,-1.8278,-4.7009,7.7516,-2.4818,-8.1657,1.6785,-1.8438
615.00,-7.8012,1.5831,-1.7822,-4.6965,7.7551,-2.4367,-8.1643,1.6839,-1.7988
615.50,-7.7948,1.5831,-1.7351,-4.6925,7.7587,-2.3896,-8.1632,1.6892,-1.7516
616.00,-7.7967,1.5831,-1.7594,-4.6944,7.7569,-2.4070,-8.1637,1.6866,-1.7690
616.50,-7.8028,1.5830,-1.8057,-4.6984,7.7536,-2.4537,-8.1649,1.6816,-1.8158
617.00,-7.8084,1.5830,-1.8506,-4.7031,7.7498,-2.4995,-8.1665,1.6757,-1.8616
617.50,-7.8135,1.5830,-1.8942,-4.7072,7.7469,-2.5436,-8.1680,1.6709,-1.9056
618.00,-7.8181,1.5829,-1.9366,-4.7121,7.7437,-2.5861,-8.1700,1.6654,-1.9481
618.50,-7.8222,1.5829,-1.9777,-4.7165,7.7411,-2.6278,-8.1720,1.6607,-1.9898
619.00,-7.8259,1.5829,-2.0177,-4.7200,7.7392,-2.6686,-8.1737,1.6571,-2.0306
619.50,-7.8291,1.5828,-2.0567,-4.7228,7.7378,-2.7074,-8.1751,1.6544,-2.0694
620.00,-7.8318,1.5828,-2.0946,-4.7257,7.7366,-2.7454,-8.1767,1.6516,-2.1075
620.50,-7.8340,1.5827,-2.1315,-4.7264,7.7363,-2.7833,-8.1771,1.6509,-2.1453
621.00,-7.8357,1.5827,-2.1675,-4.7282,7.7356,-2.8206,-8.1782,1.6494,-2.1827
621.50,-7.8371,1.5826,-2.2025,-4.7293,7.7353,-2.8561,-8.1788,1.6484,-2.2181
622.00,-7.8368,1.5826,-2.1811,-4.7292,7.7353,-2.8445,-8.1788,1.6486,-2.2065
622.50,-7.8309,1.5829,-2.0277,-4.7229,7.7378,-2.6976,-8.1752,1.6543,-2.0596
623.00,-7.8164,1.5830,-1.8173,-4.7089,7.7462,-2.4873,-8.1690,1.6694,-1.8493
623.50,-7.7932,1.5831,-1.5759,-4.6920,7.7628,-2.2452,-8.1652,1.6927,-1.6072
624.00,-7.7750,1.5831,-1.4473,-4.7004,7.7506,-2.1024,-8.1648,1.6779,-1.4644
624.50,-7.7683,1.5831,-1.3989,-4.7044,7.7435,-2.0558,-8.1637,1.6698,-1.4179
625.00,-7.7621,1.5831,-1.3520,-4.7075,7.7372,-2.0096,-8.1625,1.6629,-1.3716
625.50,-7.7563,1.5830,-1.3066,-4.7097,7.7323,-1.9645,-8.1613,1.6577,-1.3266
626.00,-7.7510,1.5830,-1.2626,-4.7116,7.7274,-1.9211,-8.1599,1.6526,-1.2831
626.50,-7.7462,1.5830,-1.2198,-4.7130,7.7234,-1.8785,-8.1586,1.6486,-1.2405
627.00,-7.7419,1.5829,-1.1782,-4.7142,7.7194,-1.8372,-8.1572,1.6447,-1.1993
627.50,-7.7381,1.5829,-1.1378,-4.7152,7.7154,-1.7976,-8.1556,1.6408,-1.1596
628.00,-7.7348,1.5828,-1.0985,-4.7158,7.7124,-1.7588,-8.1544,1.6380,-1.1208
628.50,-7.7319,1.5828,-1.0602,-4.7164,7.7090,-1.7210,-8.1528,1.6350,-1.0831
629.00,-7.7295,1.5827,-1.0230,-4.7166,7.7074,-1.6841,-8.1520,1.6335,-1.0462
629.50,-7.7276,1.5827,-0.9867,-4.7168,7.7052,-1.6484,-8.1509,1.6317,-1.0104
630.00,-7.7261,1.5826,-0.9513,-4.7170,7.7030,-1.6139,-8.1497,1.6298,-0.9759
630.50,-7.7251,1.5826,-0.9169,-4.7170,7.7016,-1.5795,-8.1489,1.6287,-0.9415
631.00,-7.7245,1.5825,-0.8833,-4.7170,7.7010,-1.5466,-8.1485,1.6282,-0.9086
631.50,-7.7244,1.5825,-0.8506,-4.7170,7.7011,-1.5141,-8.1486,1.6283,-0.8761
632.00,-7.7244,1.5827,-0.8178,-4.7170,7.7011,-1.4814,-8.1486,1.6283,-0.8434
632.50,-7.7245,1.5828,-0.7839,-4.7170,7.7015,-1.4481,-8.1489,1.6286,-0.8101
633.00,-7.7248,1.5828,-0.7500,-4.7171,7.7019,-1.4147,-8.1492,1.6289,-0.7767
633.50,-7.7251,1.5827,-0.7173,-4.7171,7.7020,-1.3825,-8.1492,1.6289,-0.7445
634.00,-7.7251,1.5829,-0.6845,-4.7172,7.7022,-1.3501,-8.1494,1.6291,-0.7121
634.50,-7.7252,1.5835,-0.6509,-4.7173,7.7030,-1.3166,-8.1500,1.6296,-0.6786
635.00,-7.7252,1.5846,-0.6163,-4.7177,7.7043,-1.2824,-8.1511,1.6304,-0.6444
635.50,-7.7253,1.5861,-0.5809,-4.7181,7.7056,-1.2474,-8.1521,1.6312,-0.6094
636.00,-7.7253,1.5881,-0.5445,-4.7185,7.7066,-1.2114,-8.1530,1.6318,-0.5734
636.50,-7.7254,1.5905,-0.5072,-4.7194,7.7088,-1.1743,-8.1551,1.6331,-0.5363
637.00,-7.7254,1.5934,-0.4688,-4.7205,7.7114,-1.1352,-8.1576,1.6345,-0.4973
637.50,-7.7255,1.5968,-0.4294,-4.7220,7.7144,-1.0967,-8.1605,1.6360,-0.4588
638.00,-7.7255,1.6006,-0.3889,-4.7233,7.7168,-1.0571,-8.1630,1.6372,-0.4191
638.50,-7.7256,1.6050,-0.3472,-4.7259,7.7213,-1.0161,-8.1678,1.6392,-0.3781
639.00,-7.7256,1.6098,-0.3043,-4.7285,7.7253,-0.9733,-8.1723,1.6409,-0.3353
639.50,-7.7256,1.6151,-0.2602,-4.7321,7.7304,-0.9298,-8.1782,1.6428,-0.2919
640.00,-7.7257,1.6209,-0.2147,-4.7352,7.7343,-0.8840,-8.1830,1.6441,-0.2461
640.50,-7.7257,1.6272,-0.1677,-4.7389,7.7386,-0.8373,-8.1885,1.6454,-0.1993
641.00,-7.7257,1.6340,-0.1191,-4.7442,7.7442,-0.7890,-8.1961,1.6467,-0.1511
641.50,-7.7257,1.6413,-0.0687,-4.7496,7.7494,-0.7393,-8.2035,1.6477,-0.1013
642.00,-7.7257,1.6490,-0.0165,-4.7556,7.7546,-0.6874,-8.2115,1.6483,-0.0494
642.50,-7.7257,1.6570,0.0369,-4.7536,7.7532,-0.6346,-8.0392,1.7135,0.0278
643.00,-7.7257,1.6645,0.0884,-4.7464,7.7482,-0.5834,-8.0304,1.7140,0.0790
643.50,-7.7257,1.6716,0.1381,-4.7410,7.7448,-0.5342,-8.0241,1.7147,0.1282
644.00,-7.7257,1.6764,0.1784,-4.7366,7.7423,-0.4939,-8.0191,1.7154,0.1685
644.50,-7.7257,1.6823,0.2251,-4.7311,7.7395,-0.4466,-8.0130,1.7166,0.2158
645.00,-7.7256,1.6880,0.2703,-4.7261,7.7373,-0.4018,-8.0077,1.7179,0.2606
645.50,-7.7256,1.6933,0.3142,-4.7205,7.7350,-0.3580,-8.0020,1.7195,0.3045
646.00,-7.7256,1.6980,0.3568,-4.7176,7.7340,-0.3153,-7.9991,1.7205,0.3471
646.50,-7.7255,1.7022,0.3982,-4.7136,7.7328,-0.2741,-8.0372,1.7556,0.3883
647.00,-7.7255,1.7060,0.4384,-4.7102,7.7319,-0.2339,-8.0419,1.7634,0.4285
647.50,-7.7254,1.7092,0.4776,-4.7073,7.7313,-0.1952,-8.0392,1.7647,0.4672
648.00,-7.7254,1.7120,0.5157,-4.7043,7.7307,-0.1570,-8.0365,1.7661,0.5055
648.50,-7.7253,1.7144,0.5529,-4.7019,7.7304,-0.1195,-8.0344,1.7673,0.5429
649.00,-7.7253,1.7162,0.5890,-4.7003,7.7302,-0.0844,-8.0331,1.7682,0.5780
649.50,-7.7252,1.7176,0.6243,-4.6985,7.7301,-0.0491,-8.0316,1.7692,0.6133
650.00,-7.7252,1.7186,0.6586,-4.6981,7.7301,-0.0153,-8.0312,1.7695,0.6471
650.50,-7.7251,1.7191,0.6920,-4.6975,7.7301,0.0179,-8.0308,1.7698,0.6803
651.00,-7.7251,1.7192,0.7246,-4.6974,7.7301,0.0504,-8.0306,1.7699,0.7128
651.50,-7.7253,1.7191,0.7576,-4.6978,7.7301,0.0832,-8.0310,1.7696,0.7456
652.00,-7.7254,1.7191,0.7917,-4.6982,7.7300,0.1176,-8.0312,1.7694,0.7800
652.50,-7.7254,1.7187,0.8254,-4.6986,7.7300,0.1511,-8.0316,1.7690,0.8135
653.00,-7.7253,1.7185,0.8580,-4.6990,7.7299,0.1835,-8.0318,1.7687,0.8459
653.50,-7.7256,1.7184,0.8909,-4.6992,7.7299,0.2158,-8.0319,1.7686,0.8782
654.00,-7.7262,1.7184,0.9246,-4.7000,7.7297,0.2488,-8.0325,1.7680,0.9112
654.50,-7.7274,1.7183,0.9593,-4.7013,7.7293,0.2831,-8.0333,1.7668,0.9455
655.00,-7.7289,1.7183,0.9948,-4.7027,7.7289,0.3186,-8.0341,1.7657,0.9810
655.50,-7.7310,1.7182,1.0313,-4.7046,7.7282,0.3547,-8.0352,1.7639,1.0171
656.00,-7.7335,1.7182,1.0688,-4.7067,7.7274,0.3922,-8.0364,1.7620,1.0546
656.50,-7.7364,1.7181,1.1073,-4.7091,7.7263,0.4302,-8.0376,1.7597,1.0926
657.00,-7.7399,1.7181,1.1469,-4.7115,7.7252,0.4691,-8.0388,1.7573,1.1315
657.50,-7.7438,1.7180,1.1876,-4.7147,7.7235,0.5094,-8.0403,1.7540,1.1718
658.00,-7.7482,1.7180,1.2294,-4.7184,7.7213,0.5509,-8.0418,1.7500,1.2133
658.50,-7.7531,1.7180,1.2724,-4.7234,7.7180,0.5931,-8.0438,1.7444,1.2555
659.00,-7.7585,1.7179,1.3168,-4.7276,7.7151,0.6369,-8.0453,1.7395,1.2993
659.50,-7.7644,1.7179,1.3625,-4.7318,7.7118,0.6820,-8.0466,1.7343,1.3444
660.00,-7.7707,1.7179,1.4097,-4.7372,7.7072,0.7289,-8.0480,1.7274,1.3913
660.50,-7.7776,1.7179,1.4585,-4.7416,7.7031,0.7772,-8.0490,1.7214,1.4396
661.00,-7.7849,1.7179,1.5091,-4.7473,7.6973,0.8272,-8.0498,1.7133,1.4896
661.50,-7.7927,1.7178,1.5617,-4.7517,7.6923,0.8784,-8.1188,1.7765,1.5477
662.00,-7.8006,1.7178,1.6149,-4.7487,7.6961,0.9311,-8.1188,1.7814,1.6005
662.50,-7.8081,1.7179,1.6661,-4.7437,7.7031,0.9821,-8.1193,1.7900,1.6514
663.00,-7.8151,1.7179,1.7155,-4.7402,7.7087,1.0312,-8.1199,1.7966,1.7006
663.50,-7.8216,1.7179,1.7633,-4.7366,7.7150,1.0787,-8.1211,1.8037,1.7480
664.00,-7.8266,1.7179,1.8009,-4.7341,7.7200,1.1200,-8.1222,1.8092,1.7894
664.50,-7.8302,1.7179,1.8409,-4.7321,7.7242,1.1541,-8.1232,1.8138,1.8235
665.00,-7.8354,1.7180,1.8848,-4.7299,7.7296,1.1976,-8.1248,1.8194,1.8670
665.50,-7.8401,1.7180,1.9274,-4.7282,7.7342,1.2398,-8.1263,1.8240,1.9092
666.00,-7.8444,1.7180,1.9688,-4.7264,7.7398,1.2807,-8.1284,1.8295,1.9501
666.50,-7.8481,1.7181,2.0091,-4.7255,7.7429,1.3207,-8.1678,1.7833,2.0006
667.00,-7.8602,1.7418,2.0389,-4.7196,7.7680,1.3518,-8.1790,1.8064,2.0317
667.50,-7.8996,1.8189,2.0995,-4.7026,7.8520,1.4053,-8.2186,1.8825,2.0852
668.00,-7.9589,1.9114,2.2773,-4.6929,7.9597,1.5792,-8.2781,1.9726,2.2660
668.50,-8.0500,2.0018,2.4315,-4.7056,8.0919,1.7401,-8.3716,2.0668,2.4304
669.00,-8.1508,2.0836,2.4663,-4.7322,8.2240,1.7837,-8.4667,2.1512,2.4641
669.50,-8.2499,2.1682,2.3774,-4.7562,8.3525,1.7040,-8.5668,2.2354,2.3734
670.00,-8.3368,2.2656,2.2163,-4.7630,8.4824,1.5386,-8.6529,2.3326,2.2015
670.50,-8.4130,2.3723,2.1579,-4.7525,8.6213,1.4696,-8.7298,2.4489,2.1390
671.00,-8.4883,2.4788,2.2265,-4.7419,8.7530,1.5313,-8.8023,2.5493,2.2135
671.50,-8.5716,2.5788,2.2873,-4.7416,8.8837,1.5980,-8.8844,2.6509,2.2848
672.00,-8.6565,2.6773,2.2763,-4.7445,9.0151,1.5849,-8.9699,2.7507,2.2642
672.50,-8.7411,2.7760,2.2950,-4.7468,9.1529,1.5987,-9.0582,2.8567,2.2786
673.00,-8.8294,2.8711,2.3321,-4.7537,9.2854,1.6415,-9.1464,2.9457,2.3278
673.50,-8.9181,2.9664,2.3027,-4.7621,9.4208,1.6164,-9.2291,3.0448,2.2962
674.00,-9.0032,3.0646,2.2747,-4.7652,9.5514,1.5819,-9.3136,3.1404,2.2615
674.50,-9.0872,3.1639,2.2755,-4.7665,9.6847,1.5800,-9.3982,3.2427,2.2616
675.00,-9.1745,3.2597,2.3485,-4.7716,9.8180,1.6516,-9.4854,3.3353,2.3426
675.50,-9.2672,3.3508,2.3628,-4.7846,9.9489,1.6732,-9.5690,3.4361,2.3618
676.00,-9.3562,3.4460,2.2784,-4.7939,10.0873,1.5902,-9.6647,3.5349,2.2659
676.50,-9.4382,3.5466,2.2483,-4.7933,10.2162,1.5523,-9.7445,3.6277,2.2304
677.00,-9.5225,3.6454,2.3190,-4.7940,10.3492,1.6186,-9.8279,3.7312,2.3066
677.50,-9.6138,3.7376,2.3698,-4.8046,10.4806,1.6750,-9.9194,3.8261,2.3670
678.00,-9.7064,3.8290,2.3529,-4.8175,10.6122,1.6587,-10.0139,3.9171,2.3409
678.50,-9.7985,3.9204,2.3900,-4.8298,10.7451,1.6870,-10.1072,4.0041,2.3686
679.00,-9.8949,4.0074,2.4152,-4.8480,10.8760,1.7177,-10.2037,4.1026,2.4068
679.50,-9.9923,4.0935,2.4194,-4.8677,11.0076,1.7226,-10.3025,4.1833,2.4112
680.00,-10.0810,4.1766,2.3253,-4.8828,11.1312,1.6381,-10.3930,4.2689,2.3237
680.50,-10.1350,4.2426,2.1188,-4.8808,11.2180,1.4361,-10.4464,4.3373,2.1212
681.00,-10.1771,4.3380,1.8899,-4.8533,11.3199,1.1978,-10.4801,4.4328,1.8689
681.50,-10.2095,4.4639,1.7517,-4.7960,11.4406,1.0581,-10.5198,4.5633,1.7397
682.00,-10.2322,4.5929,1.6439,-4.7212,11.5547,0.9380,-10.5337,4.6891,1.6266
682.50,-10.2452,4.7223,1.7134,-4.6477,11.6581,0.9936,-10.5521,4.8157,1.6891
683.00,-10.2673,4.8500,1.7791,-4.5799,11.7756,1.0753,-10.5750,4.9492,1.7849
683.50,-10.2961,4.9770,1.8110,-4.5182,11.8900,1.0982,-10.6029,5.0662,1.7973
684.00,-10.3277,5.0985,1.7924,-4.4613,12.0042,1.0924,-10.6314,5.1901,1.7949
684.50,-10.3515,5.1947,1.5879,-4.4070,12.0922,0.8999,-10.6486,5.2923,1.5990
685.00,-10.3635,5.3057,1.2938,-4.3247,12.1665,0.5994,-10.6443,5.4017,1.2845
685.50,-10.3348,5.4271,1.1340,-4.2157,12.2276,0.4332,-10.6283,5.5179,1.1218
686.00,-10.2861,5.5271,1.0246,-4.1114,12.2686,0.3189,-10.5838,5.6160,1.0110
686.50,-10.2558,5.5725,0.9878,-4.0535,12.2867,0.2818,-10.5597,5.6663,0.9843
687.00,-10.2522,5.5758,0.9524,-4.0473,12.2884,0.2463,-10.5560,5.6716,0.9489
687.50,-10.2511,5.5758,0.9179,-4.0456,12.2889,0.2109,-10.5551,5.6730,0.9134
688.00,-10.2505,5.5759,0.8844,-4.0452,12.2890,0.1768,-10.5548,5.6734,0.8794
688.50,-10.2504,5.5759,0.8516,-4.0453,12.2890,0.1436,-10.5549,5.6733,0.8462
689.00,-10.2504,5.5762,0.8189,-4.0450,12.2890,0.1105,-10.5547,5.6735,0.8130
689.50,-10.2505,5.5765,0.7849,-4.0447,12.2891,0.0761,-10.5545,5.6738,0.7786
690.00,-10.2503,5.5766,0.7511,-4.0444,12.2891,0.0417,-10.5543,5.6740,0.7443
690.50,-10.2501,5.5766,0.7183,-4.0442,12.2891,0.0077,-10.5541,5.6741,0.7103
691.00,-10.2502,5.5765,0.6855,-4.0442,12.2891,-0.0252,-10.5542,5.6741,0.6773
691.50,-10.2502,5.5759,0.6519,-4.0449,12.2891,-0.0599,-10.5547,5.6737,0.6427
692.00,-10.2503,5.5748,0.6174,-4.0466,12.2893,-0.0947,-10.5561,5.6727,0.6078
692.50,-10.2503,5.5733,0.5820,-4.0490,12.2896,-0.1312,-10.5581,5.6714,0.5713
693.00,-10.2504,5.5714,0.5457,-4.0507,12.2898,-0.1673,-10.5596,5.6704,0.5352
693.50,-10.2504,5.5690,0.5084,-4.0532,12.2903,-0.2048,-10.5618,5.6692,0.4978
694.00,-10.2505,5.5661,0.4700,-4.0566,12.2911,-0.2433,-10.5649,5.6676,0.4592
694.50,-10.2505,5.5627,0.4306,-4.0601,12.2920,-0.2831,-10.5682,5.6660,0.4195
695.00,-10.2506,5.5589,0.3902,-4.0643,12.2933,-0.3239,-10.5722,5.6644,0.3787
695.50,-10.2506,5.5545,0.3486,-4.0675,12.2945,-0.3662,-10.5754,5.6632,0.3363
696.00,-10.2507,5.5497,0.3057,-4.0718,12.2962,-0.4090,-10.5798,5.6617,0.2935
696.50,-10.2507,5.5444,0.2616,-4.0768,12.2985,-0.4539,-10.5851,5.6602,0.2487
697.00,-10.2507,5.5386,0.2161,-4.0826,12.3015,-0.4996,-10.5914,5.6588,0.2030
697.50,-10.2507,5.5323,0.1692,-4.0880,12.3046,-0.5471,-10.5976,5.6577,0.1555
698.00,-10.2508,5.5256,0.1206,-4.0932,12.3080,-0.5966,-10.5634,5.6147,0.1165
698.50,-10.2508,5.5183,0.0703,-4.0984,12.3117,-0.6469,-10.5697,5.6142,0.0661
699.00,-10.2508,5.5106,0.0181,-4.1045,12.3165,-0.6992,-10.5775,5.6138,0.0138
699.50,-10.2508,5.5027,-0.0352,-4.1028,12.3150,-0.7523,-10.5752,5.6138,-0.0393
700.00,-10.2508,5.4951,-0.0868,-4.0971,12.3094,-0.8048,-10.5673,5.6133,-0.0918
700.50,-10.2508,5.4880,-0.1365,-4.0923,12.3041,-0.8547,-10.5602,5.6124,-0.1417
701.00,-10.2507,5.4814,-0.1845,-4.0876,12.2985,-0.9027,-10.5530,5.6112,-0.1897
701.50,-10.2507,5.4753,-0.2310,-4.0838,12.2935,-0.9501,-10.5468,5.6099,-0.2371
702.00,-10.2507,5.4696,-0.2760,-4.0804,12.2885,-0.9959,-10.5410,5.6084,-0.2829
702.50,-10.2506,5.4645,-0.3197,-4.0772,12.2833,-1.0400,-10.5352,5.6066,-0.3270
703.00,-10.2506,5.4598,-0.3622,-4.0744,12.2783,-1.0824,-10.5298,5.6046,-0.3693
703.50,-10.2506,5.4557,-0.4034,-4.0725,12.2747,-1.1245,-10.5260,5.6031,-0.4115
704.00,-10.2505,5.4520,-0.4435,-4.0711,12.2716,-1.1649,-10.5229,5.6016,-0.4519
704.50,-10.2505,5.4488,-0.4826,-4.0696,12.2678,-1.2048,-10.5193,5.5998,-0.4918
705.00,-10.2504,5.4460,-0.5206,-4.0688,12.2657,-1.2432,-10.5173,5.5987,-0.5302
705.50,-10.2504,5.4438,-0.5576,-4.0682,12.2638,-1.2806,-10.5564,5.5365,-0.5606
706.00,-10.2503,5.4420,-0.5936,-4.0677,12.2621,-1.3164,-10.5549,5.5355,-0.5964
706.50,-10.2503,5.4406,-0.6287,-4.0672,12.2597,-1.3521,-10.5528,5.5341,-0.6321
707.00,-10.2502,5.4397,-0.6629,-4.0669,12.2586,-1.3862,-10.5520,5.5334,-0.6662
707.50,-10.2502,5.4392,-0.6963,-4.0668,12.2581,-1.4199,-10.5515,5.5331,-0.6999
708.00,-10.2501,5.4392,-0.7240,-4.0668,12.2578,-1.4480,-10.5513,5.5329,-0.7280
708.50,-10.2498,5.4392,-0.7569,-4.0668,12.2575,-1.4812,-10.5511,5.5327,-0.7612
709.00,-10.2495,5.4393,-0.7910,-4.0667,12.2572,-1.5156,-10.5509,5.5325,-0.7956
709.50,-10.2495,5.4390,-0.8247,-4.0667,12.2570,-1.5494,-10.5507,5.5323,-0.8294
710.00,-10.2494,5.4389,-0.8573,-4.0667,12.2567,-1.5828,-10.5506,5.5321,-0.8628
710.50,-10.2496,5.4390,-0.8902,-4.0667,12.2572,-1.6167,-10.5509,5.5325,-0.8967
711.00,-10.2503,5.4391,-0.9239,-4.0667,12.2579,-1.6511,-10.5513,5.5331,-0.9311
711.50,-10.2514,5.4391,-0.9586,-4.0666,12.2587,-1.6861,-10.5517,5.5337,-0.9661
712.00,-10.2530,5.4392,-0.9941,-4.0664,12.2602,-1.7218,-10.5526,5.5350,-1.0018
712.50,-10.2550,5.4392,-1.0306,-4.0661,12.2622,-1.7587,-10.5536,5.5367,-1.0387
713.00,-10.2575,5.4393,-1.0681,-4.0655,12.2648,-1.7966,-10.5549,5.5390,-1.0767
713.50,-10.2605,5.4393,-1.1065,-4.0647,12.2679,-1.8349,-10.5564,5.5419,-1.1149
714.00,-10.2639,5.4393,-1.1461,-4.0638,12.2712,-1.8751,-10.5579,5.5450,-1.1551
714.50,-10.2678,5.4394,-1.1867,-4.0627,12.2746,-1.9163,-10.5592,5.5482,-1.1964
715.00,-10.2722,5.4394,-1.2285,-4.0613,12.2780,-1.9586,-10.5605,5.5517,-1.2386
715.50,-10.2771,5.4395,-1.2715,-4.0591,12.2831,-2.0023,-10.5622,5.5570,-1.2823
716.00,-10.2764,5.4395,-1.2620,-4.0592,12.2830,-1.9982,-10.5622,5.5568,-1.2782
716.50,-10.2718,5.4394,-1.2197,-4.0609,12.2789,-1.9571,-10.5608,5.5527,-1.2371
717.00,-10.2675,5.4394,-1.1781,-4.0624,12.2751,-1.9158,-10.5594,5.5489,-1.1958
717.50,-10.2637,5.4393,-1.1377,-4.0632,12.2725,-1.8758,-10.5583,5.5463,-1.1558
718.00,-10.2603,5.4393,-1.0984,-4.0646,12.2680,-1.8368,-10.5564,5.5421,-1.1168
718.50,-10.2575,5.4392,-1.0601,-4.0653,12.2651,-1.7989,-10.5550,5.5394,-1.0789
719.00,-10.2551,5.4392,-1.0229,-4.0657,12.2632,-1.7624,-10.5541,5.5377,-1.0424
719.50,-10.2531,5.4391,-0.9866,-4.0661,12.2613,-1.7265,-10.5530,5.5360,-1.0065
720.00,-10.2517,5.4391,-0.9512,-4.0663,12.2596,-1.6909,-10.5521,5.5346,-0.9709
720.50,-10.2507,5.4390,-0.9168,-4.0664,12.2585,-1.6569,-10.5515,5.5337,-0.9369
721.00,-10.2501,5.4390,-0.8832,-4.0665,12.2579,-1.6241,-10.5511,5.5332,-0.9041
721.50,-10.2499,5.4389,-0.8505,-4.0665,12.2579,-1.5913,-10.5511,5.5332,-0.8714
722.00,-10.2500,5.4391,-0.8177,-4.0665,12.2579,-1.5587,-10.5511,5.5332,-0.8388
722.50,-10.2501,5.4393,-0.7837,-4.0665,12.2583,-1.5251,-10.5514,5.5335,-0.8051
723.00,-10.2504,5.4392,-0.7499,-4.0665,12.2586,-1.4917,-10.5516,5.5337,-0.7717
723.50,-10.2506,5.4392,-0.7172,-4.0665,12.2585,-1.4592,-10.5515,5.5336,-0.7392
724.00,-10.2507,5.4394,-0.6844,-4.0665,12.2588,-1.4271,-10.5518,5.5339,-0.7071
724.50,-10.2508,5.4400,-0.6507,-4.0666,12.2593,-1.3945,-10.5522,5.5341,-0.6746
725.00,-10.2508,5.4410,-0.6162,-4.0668,12.2600,-1.3601,-10.5528,5.5346,-0.6401
725.50,-10.2509,5.4425,-0.5808,-4.0670,12.2613,-1.3251,-10.5538,5.5354,-0.6051
726.00,-10.2509,5.4445,-0.5444,-4.0677,12.2639,-1.2894,-10.5560,5.5368,-0.5694
726.50,-10.2510,5.4470,-0.5070,-4.0685,12.2664,-1.2519,-10.5583,5.5382,-0.5320
727.00,-10.2510,5.4499,-0.4687,-4.0693,12.2687,-1.2144,-10.5604,5.5394,-0.4944
727.50,-10.2511,5.4532,-0.4292,-4.0706,12.2719,-1.1753,-10.5635,5.5410,-0.4554
728.00,-10.2543,5.4575,-0.3968,-4.0723,12.2758,-1.1391,-10.5673,5.5428,-0.4191
728.50,-10.2727,5.4652,-0.3968,-4.0817,12.2963,-1.1407,-10.5879,5.5520,-0.4207
729.00,-10.2911,5.4730,-0.3968,-4.0898,12.3139,-1.1407,-10.6056,5.5599,-0.4207
729.50,-10.3096,5.4807,-0.3968,-4.0977,12.3313,-1.1415,-10.6149,5.5634,-0.4005
730.00,-10.3280,5.4884,-0.3968,-4.1059,12.3491,-1.1417,-10.6330,5.5710,-0.4007
730.50,-10.3464,5.4961,-0.3968,-4.1140,12.3668,-1.1423,-10.6509,5.5786,-0.4013
731.00,-10.3649,5.5039,-0.3968,-4.1219,12.3840,-1.1424,-10.6683,5.5860,-0.4014
731.50,-10.3833,5.5116,-0.3968,-4.1300,12.4019,-1.1427,-10.6864,5.6021,-0.4018
732.00,-10.4018,5.5193,-0.3968,-4.1383,12.4200,-1.1431,-10.7047,5.6115,-0.4022
732.50,-10.4202,5.5271,-0.3968,-4.1466,12.4383,-1.1433,-10.7232,5.6194,-0.4024
733.00,-10.4387,5.5348,-0.3968,-4.1550,12.4567,-1.1439,-10.7418,5.6273,-0.4030
733.50,-10.4571,5.5425,-0.3968,-4.1633,12.4749,-1.1441,-10.7602,5.6351,-0.4032
734.00,-10.4756,5.5503,-0.3968,-4.1723,12.4948,-1.1447,-10.7803,5.6437,-0.4038
734.50,-10.4873,5.5555,-0.3891,-4.1783,12.5080,-1.1411,-10.7937,5.6494,-0.4002
735.00,-10.4874,5.5597,-0.3474,-4.1803,12.5120,-1.0983,-10.7978,5.6510,-0.3574
735.50,-10.4874,5.5646,-0.3045,-4.1831,12.5173,-1.0560,-10.8034,5.6530,-0.3150
736.00,-10.4875,5.5699,-0.2604,-4.1863,12.5227,-1.0125,-10.8015,5.6538,-0.2657
736.50,-10.4875,5.5757,-0.2149,-4.1896,12.5277,-0.9676,-10.8056,5.6549,-0.2197
737.00,-10.4875,5.5820,-0.1679,-4.1932,12.5327,-0.9210,-10.8117,5.6562,-0.1731
737.50,-10.4716,5.5900,-0.0762,-4.1838,12.5216,-0.8343,-10.7973,5.6544,-0.0864
738.00,-10.3950,5.6018,0.0199,-4.1253,12.4649,-0.7309,-10.7159,5.6526,0.0170
738.50,-10.2693,5.6167,0.0851,-4.0246,12.3817,-0.6590,-10.5654,5.7003,0.0854
739.00,-10.1396,5.6246,0.0575,-3.9219,12.2998,-0.6881,-10.4445,5.7121,0.0499
739.50,-10.0102,5.6361,0.1523,-3.8160,12.2170,-0.6090,-10.3104,5.7199,0.1354
740.00,-9.8839,5.6571,0.2940,-3.7025,12.1512,-0.4553,-10.1925,5.7497,0.2996
740.50,-9.7595,5.6932,0.2707,-3.5839,12.0942,-0.4669,-10.0573,5.7788,0.2740
741.00,-9.6326,5.7226,0.1649,-3.4691,12.0277,-0.5805,-9.9381,5.8084,0.1476
741.50,-9.5045,5.7464,0.2063,-3.3594,11.9561,-0.5505,-9.8083,5.8267,0.1939
742.00,-9.3782,5.7773,0.2456,-3.2429,11.8904,-0.4983,-9.6782,5.8674,0.2502
742.50,-9.2512,5.8035,0.1961,-3.1270,11.8225,-0.5556,-9.5573,5.8870,0.1853
743.00,-9.1237,5.8287,0.1807,-3.0123,11.7520,-0.5688,-9.4296,5.9119,0.1776
743.50,-8.9960,5.8548,0.2128,-2.8997,11.6808,-0.5446,-9.2993,5.9353,0.2051
744.00,-8.8697,5.8876,0.2436,-2.7814,11.6135,-0.5042,-9.1753,5.9664,0.2524
744.50,-8.7424,5.9131,0.1691,-2.6713,11.5473,-0.5833,-9.0516,5.9947,0.1629
745.00,-8.6145,5.9372,0.2032,-2.5562,11.4718,-0.5601,-8.9157,6.0162,0.1983
745.50,-8.4885,5.9702,0.2726,-2.4446,11.4088,-0.4803,-8.8012,6.0466,0.2833
746.00,-8.3716,6.0014,0.1829,-2.3329,11.3473,-0.5598,-8.6781,6.0798,0.1899
746.50,-8.2865,6.0255,-0.1002,-2.2607,11.2891,-0.8355,-8.5943,6.0877,-0.0946
747.00,-8.1881,6.0333,-0.3935,-2.2043,11.2033,-1.1300,-8.4963,6.0832,-0.3978
747.50,-8.0911,5.9954,-0.6375,-2.1703,11.1008,-1.3749,-8.4025,6.0695,-0.6392
748.00,-8.0150,5.9278,-0.8538,-2.1607,10.9981,-1.5918,-8.3265,6.0082,-0.8561
748.50,-7.9493,5.8321,-1.0723,-2.1759,10.8845,-1.8122,-8.2615,5.9154,-1.0765
749.00,-7.8924,5.7145,-1.2933,-2.2204,10.7597,-2.0371,-8.2108,5.7929,-1.2979
749.50,-7.8504,5.5872,-1.4259,-2.2876,10.6499,-2.1843,-8.1767,5.6665,-1.4451
750.00,-7.8292,5.4586,-1.4029,-2.3647,10.5404,-2.1678,-8.1403,5.5434,-1.4112
750.50,-7.8001,5.3311,-1.3412,-2.4358,10.4296,-2.1067,-8.1161,5.4140,-1.3431
751.00,-7.7623,5.2055,-1.2826,-2.5033,10.3072,-2.0434,-8.0702,5.2789,-1.2798
751.50,-7.7287,5.0802,-1.3502,-2.5653,10.1906,-2.0995,-8.0338,5.1621,-1.3423
752.00,-7.7040,4.9518,-1.4950,-2.6438,10.0768,-2.2477,-8.0222,5.0256,-1.4969
752.50,-7.6889,4.8218,-1.6033,-2.7308,9.9807,-2.3568,-8.0105,4.9060,-1.6037
753.00,-7.6907,4.6921,-1.6452,-2.8295,9.8889,-2.4111,-7.9995,4.7714,-1.6579
753.50,-7.6950,4.5623,-1.5465,-2.9208,9.8007,-2.3153,-8.0062,4.6447,-1.5517
754.00,-7.6909,4.4324,-1.5281,-3.0098,9.6998,-2.2899,-8.0005,4.5104,-1.5228
754.50,-7.6908,4.3025,-1.5559,-3.0962,9.6041,-2.3192,-7.9960,4.3815,-1.5591
755.00,-7.6911,4.1725,-1.5656,-3.1854,9.5093,-2.3309,-8.0055,4.2513,-1.5673
755.50,-7.6866,4.0425,-1.5296,-3.2734,9.4137,-2.2954,-8.0033,4.1214,-1.5283
756.00,-7.6843,3.9126,-1.5615,-3.3623,9.3147,-2.3210,-7.9965,3.9885,-1.5562
756.50,-7.6860,3.7826,-1.5681,-3.4523,9.2221,-2.3388,-7.9993,3.8678,-1.5728
757.00,-7.6829,3.6526,-1.5550,-3.5452,9.1235,-2.3229,-7.9986,3.7239,-1.5488
757.50,-7.6830,3.5226,-1.5654,-3.6340,9.0295,-2.3336,-7.9959,3.6047,-1.5665
758.00,-7.6837,3.3926,-1.5719,-3.7276,8.9322,-2.3404,-7.9962,3.4697,-1.5698
758.50,-7.6832,3.2626,-1.5686,-3.8172,8.8396,-2.3374,-7.9961,3.3408,-1.5668
759.00,-7.6843,3.1326,-1.5755,-3.9124,8.7413,-2.3441,-7.9959,3.2039,-1.5735
759.50,-7.6845,3.0026,-1.5731,-4.0060,8.6453,-2.3417,-7.9962,3.0799,-1.5711
760.00,-7.6860,2.8726,-1.5790,-4.0958,8.5532,-2.3478,-7.9966,2.9513,-1.5772
760.50,-7.6861,2.7426,-1.5729,-4.1922,8.4551,-2.3433,-7.9978,2.8137,-1.5698
761.00,-7.6880,2.6126,-1.5818,-4.2839,8.3615,-2.3520,-7.9980,2.6927,-1.5780
761.50,-7.6881,2.4826,-1.5711,-4.3792,8.2654,-2.3426,-7.9991,2.5573,-1.5685
762.00,-7.6900,2.3526,-1.5817,-4.4754,8.1672,-2.3522,-7.9992,2.4198,-1.5781
762.50,-7.6931,2.2227,-1.5828,-4.5671,8.0761,-2.3569,-8.0013,2.3007,-1.5834
763.00,-7.6949,2.0927,-1.5892,-4.6586,7.9844,-2.3609,-8.0024,2.1711,-1.5868
763.50,-7.6998,1.9627,-1.5895,-4.7546,7.8913,-2.3674,-8.0058,2.0374,-1.5968
764.00,-7.7005,1.8327,-1.5805,-4.8483,7.7982,-2.3566,-8.0102,1.9053,-1.5796
764.50,-7.7063,1.7028,-1.6294,-4.9463,7.7041,-2.4008,-8.0121,1.7779,-1.6262
765.00,-7.7212,1.5733,-1.6972,-5.0504,7.6148,-2.4695,-8.0242,1.6430,-1.6954
765.50,-7.7452,1.4452,-1.7683,-5.1619,7.5327,-2.5445,-8.0665,1.5063,-1.7739
766.00,-7.7667,1.3172,-1.6962,-5.2645,7.4601,-2.4801,-8.1006,1.3930,-1.6990
766.50,-7.7795,1.1875,-1.5081,-5.3641,7.3692,-2.2986,-8.0982,1.2584,-1.5116
767.00,-7.7785,1.0588,-1.3770,-5.4474,7.2607,-2.1619,-8.0899,1.1229,-1.3739
767.50,-7.7597,0.9334,-1.2218,-5.5111,7.1513,-2.0159,-8.0777,1.0104,-1.2290
768.00,-7.7206,0.8153,-1.0591,-5.5569,7.0283,-1.8504,-8.0415,0.8827,-1.0594
768.50,-7.6561,0.7065,-0.9386,-5.5848,6.9001,-1.7230,-7.9894,0.7815,-0.9379
769.00,-7.5765,0.6040,-0.8814,-5.6012,6.7677,-1.6648,-7.8990,0.6761,-0.8802
769.50,-7.4930,0.5042,-0.8680,-5.6134,6.6294,-1.6490,-7.8200,0.5697,-0.8680
770.00,-7.4112,0.4033,-0.9259,-5.6261,6.4977,-1.7023,-7.7561,0.4773,-0.9247
770.50,-7.3349,0.2982,-0.9386,-5.6471,6.3592,-1.7247,-7.6543,0.3636,-0.9476
771.00,-7.2543,0.1956,-0.8788,-5.6640,6.2262,-1.6661,-7.5935,0.2667,-0.8815
771.50,-7.1687,0.0977,-0.8361,-5.6733,6.0946,-1.6198,-7.4971,0.1670,-0.8353
772.00,-7.0833,-0.0003,-0.8933,-5.6818,5.9622,-1.6690,-7.4178,0.0675,-0.8874
772.50,-7.0057,-0.1044,-0.9561,-5.7004,5.8289,-1.7364,-7.3286,-0.0400,-0.9623
773.00,-6.9322,-0.2114,-0.9652,-5.7242,5.6978,-1.7514,-7.2641,-0.1406,-0.9703
773.50,-6.8549,-0.3167,-0.9138,-5.7452,5.5703,-1.7067,-7.1993,-0.2459,-0.9221
774.00,-6.7733,-0.4182,-0.8930,-5.7607,5.4338,-1.6789,-7.1038,-0.3634,-0.8909
774.50,-6.6904,-0.5185,-0.8661,-5.7740,5.2999,-1.6542,-7.0185,-0.4491,-0.8667
775.00,-6.6053,-0.6169,-0.8560,-5.7834,5.1726,-1.6418,-6.9250,-0.5440,-0.8538
775.50,-6.5216,-0.7162,-0.8817,-5.7940,5.0452,-1.6659,-6.8520,-0.6412,-0.8814
776.00,-6.4413,-0.8181,-0.9304,-5.8088,4.9154,-1.7149,-6.7758,-0.7710,-0.9364
776.50,-6.3664,-0.9236,-0.9753,-5.8291,4.7901,-1.7546,-6.6976,-0.8746,-0.9796
777.00,-6.3070,-1.0157,-1.0456,-5.8531,4.6854,-1.8311,-6.6471,-0.9705,-1.0631
777.50,-6.2828,-1.0568,-1.0828,-5.8662,4.6389,-1.8692,-6.6179,-1.0115,-1.0915
778.00,-6.2826,-1.0586,-1.1215,-5.8667,4.6371,-1.9082,-6.6170,-1.0133,-1.1306
778.50,-6.2863,-1.0586,-1.1614,-5.8654,4.6406,-1.9485,-6.6185,-1.0098,-1.1709
779.00,-6.2904,-1.0585,-1.2025,-5.8632,4.6458,-1.9900,-6.6206,-1.0045,-1.2123
779.50,-6.2949,-1.0585,-1.2448,-5.8614,4.6497,-2.0323,-6.6220,-1.0005,-1.2546
780.00,-6.3000,-1.0584,-1.2883,-5.8585,4.6552,-2.0760,-6.6238,-0.9945,-1.2983
780.50,-6.3056,-1.0584,-1.3331,-5.8558,4.6598,-2.1208,-6.6251,-0.9894,-1.3432
781.00,-6.3119,-1.0702,-1.4129,-5.8614,4.6515,-2.1921,-6.6234,-0.9992,-1.4145
781.50,-6.3234,-1.1405,-1.5425,-5.9065,4.5980,-2.3283,-6.6180,-1.0689,-1.5507
782.00,-6.3327,-1.2640,-1.5957,-5.9974,4.5098,-2.3949,-6.6711,-1.2179,-1.6155
782.50,-6.3348,-1.3935,-1.6104,-6.0911,4.4213,-2.3962,-6.6703,-1.3469,-1.6081
783.00,-6.3438,-1.4840,-1.7657,-6.1639,4.3623,-2.5549,-6.6784,-1.4398,-1.7756
783.50,-6.3546,-1.5118,-1.8256,-6.1921,4.3448,-2.6205,-6.6961,-1.4721,-1.8411
784.00,-6.3600,-1.5118,-1.8699,-6.1974,4.3418,-2.6647,-6.6989,-1.4692,-1.8795
784.50,-6.3649,-1.5118,-1.9129,-6.2009,4.3400,-2.7079,-6.7003,-1.4713,-1.9215
785.00,-6.3693,-1.5119,-1.9547,-6.2057,4.3379,-2.7501,-6.7022,-1.4762,-1.9638
785.50,-6.3732,-1.5119,-1.9953,-6.2090,4.3366,-2.7910,-6.7036,-1.4794,-2.0046
786.00,-6.3767,-1.5120,-2.0349,-6.2124,4.3354,-2.8306,-6.7052,-1.4827,-2.0443
786.50,-6.3796,-1.5120,-2.0734,-6.2159,4.3344,-2.8693,-6.7069,-1.4859,-2.0829
787.00,-6.3821,-1.5121,-2.1109,-6.2177,4.3339,-2.9068,-6.7078,-1.4875,-2.1205
787.50,-6.3842,-1.5121,-2.1474,-6.2200,4.3334,-2.9434,-6.7091,-1.4895,-2.1570
788.00,-6.3857,-1.5122,-2.1829,-6.2218,4.3330,-2.9792,-6.7101,-1.4910,-2.1928
788.50,-6.3868,-1.5122,-2.2175,-6.2227,4.3329,-3.0141,-6.7106,-1.4917,-2.2277
789.00,-6.3875,-1.5123,-2.2513,-6.2234,4.3328,-3.0481,-6.7111,-1.4923,-2.2618
789.50,-6.3877,-1.5123,-2.2842,-6.2237,4.3328,-3.0815,-6.7113,-1.4925,-2.2951
790.00,-6.3877,-1.5125,-2.3168,-6.2236,4.3328,-3.1144,-6.7113,-1.4924,-2.3280
790.50,-6.3876,-1.5129,-2.3505,-6.2241,4.3328,3.1352,-6.7116,-1.4928,-2.3617
791.00,-6.3877,-1.5130,-2.3846,-6.2244,4.3328,3.1010,-6.7118,-1.4930,-2.3958
791.50,-6.3880,-1.5131,-2.4175,-6.2247,4.3328,3.0676,-6.7120,-1.4932,-2.4292
792.00,-6.3879,-1.5130,-2.4501,-6.2245,4.3328,3.0350,-6.7119,-1.4931,-2.4619
792.50,-6.3879,-1.5124,-2.4836,-6.2241,4.3328,3.0007,-6.7116,-1.4928,-2.4961
793.00,-6.3878,-1.5115,-2.5179,-6.2233,4.3326,2.9661,-6.7109,-1.4923,-2.5307
793.50,-6.3878,-1.5100,-2.5532,-6.2220,4.3324,2.9310,-6.7098,-1.4916,-2.5658
794.00,-6.3877,-1.5082,-2.5893,-6.2208,4.3321,2.8953,-6.7088,-1.4910,-2.6016
794.50,-6.3877,-1.5058,-2.6265,-6.2183,4.3314,2.8580,-6.7065,-1.4897,-2.6388
795.00,-6.3876,-1.5034,-2.6598,-6.2160,4.3307,2.8239,-6.7044,-1.4885,-2.6729
795.50,-6.3876,-1.5010,-2.6890,-6.2133,4.3298,2.7944,-6.7018,-1.4873,-2.7025
796.00,-6.3876,-1.4984,-2.7188,-6.2108,4.3288,2.7643,-6.6994,-1.4862,-2.7325
796.50,-6.3875,-1.4955,-2.7492,-6.2077,4.3276,2.7336,-6.6963,-1.4849,-2.7633
797.00,-6.3875,-1.4923,-2.7803,-6.2053,4.3265,2.7026,-6.6939,-1.4840,-2.7942
797.50,-6.3875,-1.4889,-2.8120,-6.2022,4.3250,2.6707,-6.6906,-1.4829,-2.8262
798.00,-6.3874,-1.4851,-2.8444,-6.1992,4.3233,2.6382,-6.6873,-1.4819,-2.8586
798.50,-6.3874,-1.4811,-2.8776,-6.1958,4.3214,2.6049,-6.6836,-1.4808,-2.8919
799.00,-6.3874,-1.4768,-2.9115,-6.1910,4.3185,2.5706,-6.6781,-1.4795,-2.9262
799.50,-6.3874,-1.4723,-2.9462,-6.1868,4.3156,2.5353,-6.6731,-1.4785,-2.9615
800.00,-6.3874,-1.4675,-2.9818,-6.1833,4.3131,2.4997,-6.6689,-1.4778,-2.9971
800.50,-6.3873,-1.4624,-3.0183,-6.1791,4.3099,2.4623,-6.6636,-1.4772,-3.0346
801.00,-6.3873,-1.4570,-3.0558,-6.1745,4.3060,2.4244,-6.6576,-1.4766,-3.0724
801.50,-6.3873,-1.4514,-3.0943,-6.1704,4.3023,2.3853,-6.6521,-1.4763,-3.1115
802.00,-6.3873,-1.4455,-3.1339,-6.1664,4.2984,2.3454,-6.7110,-1.4047,3.1388
802.50,-6.3873,-1.4395,3.1092,-6.1691,4.3013,2.3052,-6.7149,-1.4046,3.0985
803.00,-6.3873,-1.4338,3.0703,-6.1730,4.3058,2.2662,-6.7208,-1.4043,3.0595
803.50,-6.3873,-1.4299,3.0380,-6.1756,4.3090,2.2334,-6.7249,-1.4039,3.0267
804.00,-6.3874,-1.4247,3.0010,-6.1785,4.3129,2.1966,-6.7297,-1.4032,2.9900
804.50,-6.3874,-1.4197,2.9650,-6.1811,4.3165,2.1603,-6.7341,-1.4025,2.9537
805.00,-6.3874,-1.4150,2.9298,-6.1838,4.3208,2.1247,-6.7391,-1.4014,2.9181
805.50,-6.3874,-1.4106,2.8954,-6.1866,4.3255,2.0900,-6.7444,-1.4001,2.8834
806.00,-6.3874,-1.4064,2.8619,-6.1890,4.3297,2.0564,-6.7491,-1.3988,2.8497
806.50,-6.3875,-1.4025,2.8291,-6.1907,4.3332,2.0231,-6.7528,-1.3977,2.8164
807.00,-6.3875,-1.3989,2.7970,-6.1920,4.3360,1.9907,-6.7557,-1.3966,2.7841
807.50,-6.3875,-1.3956,2.7656,-6.1934,4.3393,1.9585,-6.7591,-1.3953,2.7518
808.00,-6.3875,-1.3926,2.7348,-6.1944,4.3417,1.9274,-6.7614,-1.3943,2.7207
808.50,-6.3876,-1.3898,2.7047,-6.1955,4.3450,1.8961,-6.7383,-1.3416,2.6965
809.00,-6.3876,-1.3873,2.6752,-6.1964,4.3477,1.8662,-6.7409,-1.3404,2.6666
809.50,-6.3876,-1.3850,2.6463,-6.1967,4.3488,1.8370,-6.7419,-1.3398,2.6374
810.00,-6.3877,-1.3830,2.6179,-6.1972,4.3507,1.8087,-6.7437,-1.3389,2.6090
810.50,-6.3877,-1.3813,2.5901,-6.1976,4.3522,1.7803,-6.7450,-1.3380,2.5806
811.00,-6.3878,-1.3799,2.5629,-6.1979,4.3539,1.7532,-6.7464,-1.3371,2.5535
811.50,-6.3878,-1.3787,2.5362,-6.1981,4.3553,1.7258,-6.7475,-1.3363,2.5261
812.00,-6.3878,-1.3777,2.5100,-6.1983,4.3565,1.6991,-6.7486,-1.3356,2.4995
812.50,-6.3879,-1.3770,2.4843,-6.1984,4.3575,1.6734,-6.7494,-1.3350,2.4738
813.00,-6.3879,-1.3766,2.4591,-6.1985,4.3581,1.6480,-6.7498,-1.3346,2.4483
813.50,-6.3880,-1.3764,2.4344,-6.1985,4.3584,1.6234,-6.7500,-1.3345,2.4237
814.00,-6.3880,-1.3764,2.4101,-6.1985,4.3583,1.5981,-6.7500,-1.3345,2.3984
814.50,-6.3883,-1.3765,2.3853,-6.1985,4.3586,1.5728,-6.7502,-1.3343,2.3731
815.00,-6.3886,-1.3765,2.3598,-6.1985,4.3590,1.5467,-6.7505,-1.3340,2.3470
815.50,-6.3886,-1.3764,2.3342,-6.1985,4.3591,1.5210,-6.7506,-1.3339,2.3213
816.00,-6.3887,-1.3762,2.3092,-6.1985,4.3594,1.4952,-6.7508,-1.3337,2.2955
816.50,-6.3887,-1.3762,2.2849,-6.1985,4.3595,1.4700,-6.7508,-1.3337,2.2703
817.00,-6.3886,-1.3762,2.2603,-6.1985,4.3594,1.4450,-6.7508,-1.3337,2.2453
817.50,-6.3882,-1.3763,2.2352,-6.1985,4.3591,1.4197,-6.7506,-1.3340,2.2200
818.00,-6.3879,-1.3763,2.2232,-6.1986,4.3585,1.4057,-6.7502,-1.3344,2.2060
818.50,-6.3879,-1.3763,2.2232,-6.1986,4.3585,1.4054,-6.7502,-1.3344,2.2057
819.00,-6.3879,-1.3763,2.2232,-6.1986,4.3585,1.4049,-6.7502,-1.3344,2.2052
819.50,-6.3879,-1.3763,2.2232,-6.1986,4.3585,1.4049,-6.7502,-1.3344,2.2052
820.00,-6.3879,-1.3763,2.2232,-6.1986,4.3585,1.4047,-6.7502,-1.3344,2.2050
820.50,-6.3879,-1.3763,2.2232,-6.1986,4.3585,1.4042,-6.7502,-1.3344,2.2045
821.00,-6.3880,-1.3763,2.2257,-6.1986,4.3585,1.4034,-6.7502,-1.3344,2.2037
821.50,-6.3885,-1.3762,2.2939,-6.1985,4.3592,1.4640,-6.7506,-1.3339,2.2643
822.00,-6.3878,-1.3764,2.4185,-6.1986,4.3582,1.5874,-6.7500,-1.3346,2.3878
822.50,-6.3875,-1.3791,2.5454,-6.1983,4.3556,1.7136,-6.7479,-1.3363,2.5139
823.00,-6.3874,-1.3881,2.6853,-6.1962,4.3458,1.8530,-6.7394,-1.3415,2.6534
823.50,-6.3872,-1.4022,2.8260,-6.1911,4.3321,1.9983,-6.7260,-1.3474,2.7986
824.00,-6.3872,-1.4078,2.8720,-6.1883,4.3266,2.0536,-6.7202,-1.3492,2.8539
824.50,-6.3872,-1.4043,2.8405,-6.1901,4.3301,2.0215,-6.7238,-1.3481,2.8219
825.00,-6.3872,-1.4006,2.8081,-6.1915,4.3331,1.9891,-6.7271,-1.3470,2.7894
825.50,-6.3873,-1.3972,2.7765,-6.1930,4.3366,1.9578,-6.7306,-1.3456,2.7581
826.00,-6.3873,-1.3941,2.7455,-6.1943,4.3400,1.9259,-6.7339,-1.3442,2.7262
826.50,-6.3873,-1.3912,2.7152,-6.1952,4.3424,1.8952,-6.7362,-1.3432,2.6955
827.00,-6.3874,-1.3886,2.6854,-6.1959,4.3447,1.8655,-6.7384,-1.3421,2.6658
827.50,-6.3874,-1.3862,2.6563,-6.1968,4.3478,1.8363,-6.7413,-1.3405,2.6366
828.00,-6.3874,-1.3842,2.6278,-6.1975,4.3506,1.8076,-6.7437,-1.3392,2.6079
828.50,-6.3875,-1.3824,2.5998,-6.1979,4.3523,1.7791,-6.7452,-1.3382,2.5794
829.00,-6.3875,-1.3808,2.5724,-6.1981,4.3534,1.7516,-6.7462,-1.3376,2.5519
829.50,-6.3875,-1.3795,2.5455,-6.1984,4.3548,1.7240,-6.7474,-1.3368,2.5243
830.00,-6.3876,-1.3785,2.5191,-6.1985,4.3556,1.6974,-6.7480,-1.3364,2.4977
830.50,-6.3876,-1.3777,2.4932,-6.1986,4.3564,1.6712,-6.7487,-1.3358,2.4715
831.00,-6.3877,-1.3772,2.4679,-6.1986,4.3572,1.6459,-6.7493,-1.3353,2.4462
831.50,-6.3877,-1.3769,2.4430,-6.1986,4.3574,1.6209,-6.7494,-1.3352,2.4213
832.00,-6.3878,-1.3769,2.4186,-6.1986,4.3574,1.5958,-6.7494,-1.3352,2.3962
832.50,-6.3880,-1.3769,2.3940,-6.1986,4.3576,1.5707,-6.7496,-1.3351,2.3710
833.00,-6.3883,-1.3770,2.3688,-6.1987,4.3577,1.5450,-6.7497,-1.3350,2.3453
833.50,-6.3884,-1.3770,2.3431,-6.1986,4.3580,1.5188,-6.7499,-1.3348,2.3191
834.00,-6.3884,-1.3767,2.3179,-6.1986,4.3584,1.4935,-6.7501,-1.3345,2.2938
834.50,-6.3885,-1.3766,2.2933,-6.1986,4.3584,1.4690,-6.7501,-1.3345,2.2693
835.00,-6.3884,-1.3767,2.2689,-6.1986,4.3584,1.4447,-6.7501,-1.3345,2.2450
835.50,-6.3881,-1.3767,2.2441,-6.1987,4.3580,1.4201,-6.7499,-1.3348,2.2205
836.00,-6.3877,-1.3767,2.2229,-6.1988,4.3573,1.3943,-6.7494,-1.3354,2.1946
836.50,-6.3877,-1.3767,2.2210,-6.1988,4.3573,1.3956,-6.7494,-1.3354,2.1959
837.00,-6.3877,-1.3767,2.2210,-6.1988,4.3573,1.3952,-6.7494,-1.3354,2.1956
837.50,-6.3877,-1.3767,2.2210,-6.1988,4.3573,1.3948,-6.7494,-1.3354,2.1952
838.00,-6.3877,-1.3767,2.2210,-6.1988,4.3573,1.3941,-6.7494,-1.3354,2.1944
838.50,-6.3877,-1.3767,2.2210,-6.1988,4.3573,1.3941,-6.7494,-1.3354,2.1944
839.00,-6.3877,-1.3767,2.2210,-6.1988,4.3573,1.3938,-6.7494,-1.3354,2.1941
839.50,-6.3877,-1.3767,2.2210,-6.1988,4.3573,1.3928,-6.7494,-1.3354,2.1932
840.00,-6.3877,-1.3767,2.2210,-6.1988,4.3573,1.3927,-6.7494,-1.3354,2.1931
840.50,-6.3877,-1.3767,2.2210,-6.1988,4.3573,1.3926,-6.7494,-1.3354,2.1929
841.00,-6.3877,-1.3767,2.2210,-6.1988,4.3573,1.3926,-6.7494,-1.3354,2.1929
841.50,-6.3877,-1.3767,2.2210,-6.1988,4.3573,1.3924,-6.7494,-1.3354,2.1927
842.00,-6.3817,-1.3846,2.2210,-6.2008,4.3464,1.3914,-6.7430,-1.3444,2.1917
842.50,-6.3726,-1.3966,2.2210,-6.2037,4.3300,1.3909,-6.7333,-1.3579,2.1912
843.00,-6.3635,-1.4085,2.2210,-6.2065,4.3147,1.3910,-6.7243,-1.3706,2.1913
843.50,-6.3544,-1.4204,2.2210,-6.2094,4.2991,1.3906,-6.7150,-1.3835,2.1909
844.00,-6.3454,-1.4324,2.2210,-6.2117,4.2860,1.3906,-6.6930,-1.3864,2.2119
844.50,-6.3354,-1.4455,2.2210,-6.2147,4.2696,1.3907,-6.6831,-1.3997,2.2119
845.00,-6.3233,-1.4614,2.2210,-6.2183,4.2501,1.3905,-6.6712,-1.4156,2.2117
845.50,-6.3111,-1.4774,2.2210,-6.2216,4.2321,1.3901,-6.6602,-1.4303,2.2113
846.00,-6.2990,-1.4933,2.2210,-6.2249,4.2138,1.3899,-6.6491,-1.4452,2.2111
846.50,-6.2869,-1.5092,2.2210,-6.2286,4.1935,1.3895,-6.6282,-1.4616,2.2123
847.00,-6.2748,-1.5251,2.2210,-6.2326,4.1720,1.3890,-6.6134,-1.4791,2.2120
847.50,-6.2627,-1.5410,2.2210,-6.2366,4.1502,1.3886,-6.6002,-1.4969,2.2116
848.00,-6.2506,-1.5570,2.2210,-6.2400,4.1317,1.3882,-6.5890,-1.5119,2.2112
848.50,-6.2385,-1.5729,2.2210,-6.2440,4.1101,1.3882,-6.5758,-1.5296,2.2112
849.00,-6.2340,-1.5782,2.2042,-6.2453,4.1030,1.3741,-6.5761,-1.5351,2.1971
849.50,-6.2328,-1.5783,2.1692,-6.2456,4.1019,1.3379,-6.5754,-1.5360,2.1609
850.00,-6.2310,-1.5783,2.1333,-6.2460,4.1000,1.3017,-6.5744,-1.5376,2.1247
850.50,-6.2288,-1.5784,2.0964,-6.2466,4.0980,1.2648,-6.5733,-1.5395,2.0878
851.00,-6.2261,-1.5784,2.0586,-6.2474,4.0957,1.2266,-6.5721,-1.5416,2.0496
851.50,-6.2230,-1.5785,2.0197,-6.2487,4.0923,1.1876,-6.5705,-1.5448,2.0106
852.00,-6.2194,-1.5785,1.9797,-6.2504,4.0883,1.1473,-6.5687,-1.5488,1.9703
852.50,-6.2153,-1.5786,1.9386,-6.2522,4.0845,1.1056,-6.5671,-1.5528,1.9286
853.00,-6.2107,-1.5786,1.8963,-6.2548,4.0796,1.0631,-6.5653,-1.5579,1.8861
853.50,-6.2056,-1.5786,1.8528,-6.2569,4.0759,1.0191,-6.5641,-1.5620,1.8421
854.00,-6.2000,-1.5787,1.8080,-6.2604,4.0706,0.9741,-6.5625,-1.5682,1.7971
854.50,-6.1940,-1.5787,1.7617,-6.2639,4.0656,0.9277,-6.5409,-1.5441,1.7525
855.00,-6.1874,-1.5787,1.7139,-6.2677,4.0608,0.8797,-6.5400,-1.5502,1.7044
855.50,-6.1804,-1.5787,1.6645,-6.2723,4.0556,0.8298,-6.5392,-1.5570,1.6545
856.00,-6.1729,-1.5787,1.6132,-6.2789,4.0487,0.7788,-6.5386,-1.5666,1.6036
856.50,-6.1650,-1.5787,1.5599,-6.2820,4.0457,0.7262,-6.5386,-1.5708,1.5509
857.00,-6.1572,-1.5787,1.5074,-6.2763,4.0504,0.6735,-6.5382,-1.5635,1.4983
857.50,-6.1499,-1.5787,1.4569,-6.2707,4.0547,0.6230,-6.5376,-1.5565,1.4477
858.00,-6.1431,-1.5787,1.4081,-6.2639,4.0594,0.5741,-6.5363,-1.5483,1.3989
858.50,-6.1367,-1.5787,1.3610,-6.2588,4.0625,0.5267,-6.5352,-1.5424,1.3515
859.00,-6.1309,-1.5787,1.3153,-6.2543,4.0650,0.4805,-6.5339,-1.5375,1.3052
859.50,-6.1255,-1.5786,1.2710,-6.2487,4.0677,0.4360,-6.5322,-1.5315,1.2607
860.00,-6.1206,-1.5786,1.2280,-6.2432,4.0702,0.3926,-6.5302,-1.5258,1.2174
860.50,-6.1160,-1.5772,1.1827,-6.2380,4.0722,0.3509,-6.5282,-1.5206,1.1756
861.00,-6.1029,-1.5367,1.0503,-6.1994,4.0834,0.2211,-6.5102,-1.4846,1.0458
861.50,-6.0491,-1.4475,0.9211,-6.0981,4.0988,0.0857,-6.3933,-1.4095,0.9035
862.00,-5.9692,-1.3463,0.8965,-5.9658,4.1065,0.0507,-6.3069,-1.3024,0.8789
862.50,-5.8920,-1.2436,0.9396,-5.8326,4.1167,0.0976,-6.2293,-1.1958,0.9358
863.00,-5.8165,-1.1382,0.9594,-5.6937,4.1310,0.1170,-6.1511,-1.0886,0.9504
863.50,-5.7426,-1.0314,0.9620,-5.5553,4.1480,0.1246,-6.0771,-0.9831,0.9581
864.00,-5.6657,-0.9260,0.9299,-5.4270,4.1616,0.0901,-6.0061,-0.8859,0.9174
864.50,-5.5858,-0.8233,0.8754,-5.3037,4.1706,0.0425,-5.9243,-0.7895,0.8742
865.00,-5.5047,-0.7384,0.7047,-5.1796,4.1677,-0.1205,-5.8355,-0.6918,0.7042
865.50,-5.4266,-0.6761,0.4747,-5.0773,4.1441,-0.3519,-5.7554,-0.6403,0.4650
866.00,-5.3269,-0.6281,0.2067,-4.9822,4.0937,-0.6256,-5.6580,-0.5955,0.1931
866.50,-5.1979,-0.5891,-0.0337,-4.8755,3.9960,-0.8688,-5.5181,-0.5708,-0.0449
867.00,-5.0688,-0.5849,-0.1622,-4.8012,3.8915,-1.0143,-5.4080,-0.5677,-0.1870
867.50,-4.9403,-0.6034,-0.1054,-4.7328,3.7830,-0.9723,-5.2724,-0.5667,-0.1258
868.00,-4.8105,-0.6138,0.0850,-4.6448,3.6769,-0.7814,-5.1366,-0.5691,0.0757
868.50,-4.6816,-0.6057,0.1451,-4.5462,3.5887,-0.7055,-5.0051,-0.5638,0.1489
