t,gt_x,gt_y,gt_yaw,odom_x,odom_y,odom_yaw,slam_x,slam_y,slam_yaw
53.00,-0.0000,0.0000,0.0000,0.0000,0.0000,-0.0136,,,
53.50,-0.0000,0.0000,0.0000,0.0000,0.0000,-0.0135,0.0000,0.0000,-0.0135
54.00,-0.0000,0.0000,0.0000,0.0000,0.0000,-0.0140,0.0000,0.0000,-0.0140
54.50,-0.0000,0.0000,0.0000,0.0000,0.0000,-0.0147,0.0000,0.0000,-0.0147
55.00,-0.0000,0.0000,0.0000,0.0000,0.0000,-0.0146,0.0000,0.0000,-0.0146
55.50,-0.0000,0.0000,0.0000,0.0000,0.0000,-0.0150,0.0000,0.0000,-0.0150
56.00,-0.0000,0.0000,0.0000,0.0000,0.0000,-0.0148,0.0000,0.0000,-0.0148
56.50,-0.0000,0.0000,0.0000,0.0000,0.0000,-0.0153,0.0000,0.0000,-0.0153
57.00,-0.0000,0.0000,0.0000,0.0000,0.0000,-0.0157,0.0000,0.0000,-0.0157
57.50,-0.0000,0.0000,0.0000,0.0000,0.0000,-0.0156,0.0000,0.0000,-0.0156
58.00,-0.0000,0.0000,0.0000,0.0000,0.0000,-0.0159,0.0000,0.0000,-0.0159
58.50,-0.0000,0.0000,0.0000,0.0000,0.0000,-0.0159,0.0000,0.0000,-0.0159
59.00,-0.0000,0.0000,0.0000,0.0000,0.0000,-0.0161,0.0000,0.0000,-0.0161
59.50,-0.0000,0.0000,0.0000,0.0000,0.0000,-0.0165,0.0000,0.0000,-0.0165
60.00,-0.0000,0.0000,0.0000,0.0000,0.0000,-0.0163,0.0000,0.0000,-0.0163
60.50,-0.0000,0.0000,0.0000,0.0000,0.0000,-0.0163,0.0000,0.0000,-0.0163
61.00,0.0377,-0.0000,-0.0000,0.0352,-0.0006,-0.0171,0.0352,-0.0006,-0.0171
61.50,0.0977,-0.0000,-0.0000,0.0946,-0.0016,-0.0173,0.0945,-0.0033,-0.0068
62.00,0.1577,-0.0000,-0.0000,0.1585,-0.0027,-0.0172,0.1585,-0.0037,-0.0068
62.50,0.2177,-0.0000,-0.0000,0.2225,-0.0038,-0.0174,0.2225,0.0058,-0.0070
63.00,0.2777,-0.0000,-0.0000,0.2800,-0.0048,-0.0178,0.2800,0.0059,-0.0109
63.50,0.3377,-0.0000,-0.0000,0.3444,-0.0060,-0.0184,0.3444,-0.0059,-0.0044
64.00,0.3977,-0.0000,-0.0000,0.3995,-0.0070,-0.0183,0.3895,-0.0056,-0.0079
64.50,0.4577,-0.0000,-0.0000,0.4658,-0.0082,-0.0185,0.4559,-0.0062,-0.0080
65.00,0.5177,-0.0000,-0.0000,0.5324,-0.0095,-0.0187,0.5324,-0.0067,-0.0083
65.50,0.5777,-0.0000,-0.0000,0.5929,-0.0106,-0.0191,0.5829,-0.0079,-0.0051
66.00,0.6377,-0.0000,-0.0000,0.6570,-0.0118,-0.0191,0.6470,-0.0083,-0.0051
66.50,0.6977,-0.0000,-0.0000,0.7166,-0.0130,-0.0195,0.7067,-0.0081,-0.0090
67.00,0.7577,-0.0000,-0.0000,0.7790,-0.0142,-0.0197,0.7691,-0.0087,-0.0092
67.50,0.8177,-0.0000,-0.0000,0.8354,-0.0153,-0.0199,0.8154,0.0004,-0.0059
68.00,0.8777,-0.0000,-0.0000,0.8973,-0.0166,-0.0203,0.8774,-0.0100,-0.0063
68.50,0.9377,-0.0000,-0.0000,0.9591,-0.0179,-0.0207,0.9392,-0.0104,-0.0067
69.00,0.9977,-0.0000,-0.0000,1.0210,-0.0192,-0.0213,1.0011,-0.0104,-0.0108
69.50,1.0577,-0.0000,-0.0000,1.0828,-0.0205,-0.0214,1.0629,-0.0117,-0.0075
70.00,1.1177,-0.0000,-0.0000,1.1419,-0.0218,-0.0216,1.1220,-0.0121,-0.0077
70.50,1.1777,-0.0000,-0.0000,1.2077,-0.0232,-0.0224,1.1879,-0.0126,-0.0084
71.00,1.2246,-0.0000,-0.0000,1.2535,-0.0242,-0.0229,1.2337,-0.0130,-0.0090
71.50,1.2246,-0.0000,-0.0000,1.2535,-0.0242,-0.0236,1.2337,-0.0130,-0.0096
72.00,1.2246,-0.0000,-0.0000,1.2535,-0.0242,-0.0237,1.2337,-0.0130,-0.0097
72.50,1.2246,-0.0000,-0.0000,1.2535,-0.0242,-0.0245,1.2337,-0.0130,-0.0105
73.00,1.2246,-0.0000,-0.0000,1.2535,-0.0242,-0.0250,1.2337,-0.0130,-0.0110
73.50,1.2246,-0.0000,-0.0000,1.2535,-0.0242,-0.0256,1.2337,-0.0130,-0.0116
74.00,1.2246,-0.0000,-0.0000,1.2535,-0.0242,-0.0257,1.2337,-0.0130,-0.0118
74.50,1.2246,-0.0000,-0.0000,1.2535,-0.0242,-0.0259,1.2337,-0.0130,-0.0119
75.00,1.2246,-0.0000,-0.0000,1.2535,-0.0242,-0.0266,1.2337,-0.0130,-0.0127
75.50,1.2246,-0.0000,-0.0000,1.2535,-0.0242,-0.0273,1.2337,-0.0130,-0.0133
76.00,1.2246,-0.0000,-0.0000,1.2535,-0.0242,-0.0275,1.2337,-0.0130,-0.0136
76.50,1.2246,-0.0000,-0.0000,1.2535,-0.0242,-0.0276,1.2337,-0.0130,-0.0136
77.00,1.2246,-0.0000,-0.0000,1.2535,-0.0242,-0.0275,1.2337,-0.0130,-0.0136
77.50,1.2246,-0.0000,-0.0000,1.2535,-0.0242,-0.0277,1.2337,-0.0130,-0.0138
78.00,1.2246,-0.0000,-0.0000,1.2535,-0.0242,-0.0286,1.2337,-0.0130,-0.0146
78.50,1.2246,-0.0000,-0.0000,1.2535,-0.0242,-0.0288,1.2337,-0.0130,-0.0148
79.00,1.2246,-0.0000,-0.0000,1.2535,-0.0242,-0.0289,1.2337,-0.0130,-0.0149
79.50,1.2246,0.0024,0.0330,1.2546,-0.0242,0.0003,1.2348,-0.0130,0.0143
80.00,1.2246,0.0099,0.0846,1.2625,-0.0240,0.0516,1.2426,-0.0127,0.0656
80.50,1.2246,0.0170,0.1344,1.2701,-0.0234,0.1011,1.2502,-0.0120,0.1150
81.00,1.2246,0.0236,0.1825,1.2765,-0.0227,0.1487,1.2566,-0.0111,0.1626
81.50,1.2247,0.0298,0.2290,1.2827,-0.0216,0.1955,1.2332,0.0080,0.2199
82.00,1.2247,0.0354,0.2741,1.2892,-0.0202,0.2412,1.2396,0.0096,0.2656
82.50,1.2247,0.0406,0.3179,1.2955,-0.0185,0.2843,1.2459,0.0114,0.3088
83.00,1.2248,0.0453,0.3603,1.2995,-0.0172,0.3264,1.2498,0.0128,0.3508
83.50,1.2248,0.0495,0.4016,1.3024,-0.0161,0.3671,1.2528,0.0139,0.3916
84.00,1.2248,0.0532,0.4418,1.3056,-0.0149,0.4069,1.2559,0.0153,0.4313
84.50,1.2249,0.0564,0.4809,1.3081,-0.0137,0.4454,1.2583,0.0165,0.4699
85.00,1.2249,0.0592,0.5189,1.3106,-0.0125,0.4829,1.2609,0.0178,0.5074
85.50,1.2250,0.0614,0.5560,1.3130,-0.0112,0.5199,1.2632,0.0192,0.5443
86.00,1.2250,0.0633,0.5921,1.3140,-0.0106,0.5552,1.2643,0.0198,0.5797
86.50,1.2251,0.0646,0.6272,1.3150,-0.0099,0.5902,1.2652,0.0205,0.6147
87.00,1.2252,0.0656,0.6615,1.3159,-0.0093,0.6237,1.2661,0.0211,0.6481
87.50,1.2252,0.0661,0.6948,1.3161,-0.0092,0.6570,1.2663,0.0213,0.6814
88.00,1.2252,0.0661,0.7274,1.3161,-0.0092,0.6895,1.2663,0.0213,0.7139
88.50,1.2250,0.0661,0.7605,1.3159,-0.0093,0.7225,1.2661,0.0211,0.7469
89.00,1.2249,0.0660,0.7946,1.3158,-0.0094,0.7563,1.2660,0.0210,0.7807
89.50,1.2250,0.0656,0.8282,1.3156,-0.0096,0.7899,1.2658,0.0208,0.8143
90.00,1.2250,0.0654,0.8607,1.3155,-0.0098,0.8216,1.2657,0.0206,0.8461
90.50,1.2247,0.0653,0.8937,1.3153,-0.0100,0.8543,1.2654,0.0204,0.8787
91.00,1.2240,0.0653,0.9275,1.3146,-0.0108,0.8875,1.2648,0.0196,0.9119
91.50,1.2229,0.0652,0.9623,1.3141,-0.0115,0.9221,1.2643,0.0189,0.9465
92.00,1.2212,0.0652,0.9979,1.3131,-0.0128,0.9569,1.2634,0.0176,0.9813
92.50,1.2192,0.0651,1.0345,1.3121,-0.0143,0.9926,1.2624,0.0160,1.0170
93.00,1.2166,0.0651,1.0721,1.3110,-0.0161,1.0291,1.2613,0.0142,1.0535
93.50,1.2136,0.0650,1.1107,1.3094,-0.0188,1.0673,1.2598,0.0115,1.0917
94.00,1.2101,0.0650,1.1503,1.3080,-0.0214,1.1062,1.2585,0.0088,1.1306
94.50,1.2062,0.0649,1.1911,1.3063,-0.0251,1.1462,1.2569,0.0051,1.1706
95.00,1.2017,0.0649,1.2330,1.3045,-0.0292,1.1881,1.2552,0.0009,1.2126
95.50,1.1968,0.0649,1.2762,1.3025,-0.0347,1.2306,1.2533,-0.0046,1.2551
96.00,1.1914,0.0648,1.3206,1.3006,-0.0402,1.2747,1.2516,-0.0102,1.2991
96.50,1.1854,0.0648,1.3665,1.2991,-0.0456,1.3196,1.2502,-0.0156,1.3441
97.00,1.1790,0.0648,1.4138,1.2976,-0.0522,1.3659,1.2488,-0.0223,1.3904
97.50,1.1721,0.0648,1.4628,1.2964,-0.0586,1.4139,1.2478,-0.0287,1.4384
98.00,1.1648,0.0648,1.5135,1.2954,-0.0664,1.4644,1.2470,-0.0365,1.4889
98.50,1.1586,0.0824,1.5607,1.2963,-0.0528,1.5129,1.1702,0.0569,1.5513
99.00,1.1622,0.1604,1.5423,1.3023,0.0262,1.4893,1.1732,0.1361,1.5277
99.50,1.1587,0.2676,1.6537,1.3067,0.1328,1.5898,1.1640,0.2527,1.6352
100.00,1.1461,0.3837,1.8466,1.2931,0.2454,1.7870,1.1456,0.3645,1.8359
100.50,1.1124,0.5074,1.9047,1.2615,0.3661,1.8469,1.1182,0.4835,1.8958
101.00,1.0655,0.6288,1.9671,1.2211,0.4941,1.9094,1.0716,0.6131,1.9582
101.50,1.0176,0.7493,1.9213,1.1769,0.6233,1.8664,1.0210,0.7363,1.9152
102.00,0.9781,0.8724,1.8810,1.1420,0.7496,1.8212,0.9800,0.8608,1.8736
102.50,0.9355,0.9959,1.9092,1.1090,0.8758,1.8443,0.9408,0.9852,1.9001
103.00,0.8850,1.1173,1.9545,1.0704,1.0016,1.8923,0.8952,1.0986,1.9481
103.50,0.8404,1.2390,1.8869,1.0313,1.1276,1.8277,0.8489,1.2221,1.8800
104.00,0.8011,1.3630,1.8845,0.9997,1.2558,1.8175,0.8108,1.3486,1.8721
104.50,0.7537,1.4854,1.9532,0.9642,1.3814,1.8830,0.7689,1.4721,1.9423
105.00,0.6977,1.6044,2.0139,0.9179,1.5104,1.9433,0.7148,1.5916,2.0004
105.50,0.6412,1.7119,2.0452,0.8699,1.6243,1.9819,0.6505,1.6991,2.0412
106.00,0.6113,1.7696,2.0073,0.8438,1.6863,1.9465,0.6208,1.7594,2.0058
106.50,0.6067,1.7775,1.9675,0.8398,1.6968,1.9075,0.6155,1.7693,1.9633
107.00,0.6108,1.7775,1.9261,0.8408,1.6937,1.8659,0.6167,1.7663,1.9217
107.50,0.6155,1.7775,1.8834,0.8419,1.6894,1.8229,0.6181,1.7621,1.8787
108.00,0.6207,1.7774,1.8395,0.8430,1.6847,1.7787,0.6195,1.7575,1.8346
108.50,0.6264,1.7774,1.7943,0.8440,1.6795,1.7339,0.6207,1.7524,1.7898
109.00,0.6326,1.7774,1.7476,0.8449,1.6729,1.6869,0.6220,1.7458,1.7427
109.50,0.6393,1.7773,1.6993,0.8456,1.6654,1.6377,0.6231,1.7384,1.6935
110.00,0.6465,1.7773,1.6493,0.8459,1.6595,1.5873,0.6237,1.7324,1.6432
110.50,0.6541,1.7773,1.5974,0.8458,1.6506,1.5347,0.6241,1.7236,1.5906
111.00,0.6621,1.7773,1.5440,0.8457,1.6484,1.4809,0.6649,1.7714,1.5402
111.50,0.6697,1.7773,1.4921,0.8465,1.6552,1.4288,0.6653,1.7783,1.4881
112.00,0.6769,1.7773,1.4421,0.8476,1.6617,1.3778,0.6659,1.7848,1.4371
112.50,0.6836,1.7774,1.3938,0.8489,1.6675,1.3288,0.6669,1.7906,1.3881
113.00,0.6898,1.7774,1.3471,0.8504,1.6732,1.2816,0.6681,1.7964,1.3409
113.50,0.6955,1.7774,1.3018,0.8521,1.6785,1.2361,0.6695,1.8018,1.2954
114.00,0.7007,1.7775,1.2579,0.8541,1.6839,1.1913,0.6712,1.8073,1.2506
114.50,0.7055,1.7775,1.2153,0.8561,1.6884,1.1481,0.6728,1.8119,1.2075
115.00,0.7097,1.7775,1.1739,0.8581,1.6927,1.1068,0.6746,1.8163,1.1661
115.50,0.7135,1.7776,1.1336,0.8598,1.6959,1.0659,0.7161,1.7697,1.1253
116.00,0.7168,1.7776,1.0944,0.8609,1.6978,1.0258,0.7171,1.7716,1.0851
116.50,0.7196,1.7777,1.0562,0.8627,1.7008,0.9871,0.7188,1.7747,1.0464
117.00,0.7219,1.7777,1.0191,0.8641,1.7027,0.9493,0.7200,1.7767,1.0086
117.50,0.7238,1.7778,0.9829,0.8653,1.7043,0.9131,0.7211,1.7784,0.9724
118.00,0.7252,1.7778,0.9476,0.8664,1.7057,0.8776,0.7221,1.7799,0.9370
118.50,0.7262,1.7779,0.9133,0.8666,1.7060,0.8429,0.7223,1.7801,0.9022
119.00,0.7267,1.7779,0.8798,0.8672,1.7066,0.8088,0.7228,1.7807,0.8682
119.50,0.7268,1.7780,0.8472,0.8673,1.7067,0.7757,0.7229,1.7809,0.8350
120.00,0.7268,1.7783,0.8142,0.8674,1.7068,0.7431,0.7231,1.7810,0.8024
120.50,0.7267,1.7786,0.7802,0.8676,1.7070,0.7081,0.7232,1.7812,0.7674
121.00,0.7339,1.7852,0.7275,0.8738,1.7120,0.6581,0.7291,1.7866,0.7174
121.50,0.7861,1.8221,0.5753,0.9283,1.7479,0.5071,0.7883,1.8123,0.5709
122.00,0.8916,1.8756,0.4685,1.0402,1.8015,0.3995,0.9004,1.8754,0.4693
122.50,1.0087,1.9302,0.4524,1.1606,1.8491,0.3758,1.0170,1.9114,0.4421
123.00,1.1232,1.9931,0.5276,1.2830,1.9029,0.4526,1.1294,1.9730,0.5211
123.50,1.2361,2.0568,0.4838,1.4034,1.9604,0.4146,1.2420,2.0486,0.4844
124.00,1.3539,2.1117,0.3983,1.5262,2.0074,0.3255,1.3611,2.0940,0.3940
124.50,1.4739,2.1623,0.4170,1.6550,2.0500,0.3370,1.4868,2.1454,0.4068
125.00,1.5668,2.2118,0.5399,1.7594,2.0926,0.4634,1.5779,2.1952,0.5332
125.50,1.6128,2.2434,0.5839,1.8113,2.1204,0.5110,1.6177,2.2265,0.5808
126.00,1.6213,2.2486,0.5533,1.8220,2.1264,0.4806,1.6280,2.2332,0.5504
126.50,1.6212,2.2469,0.5256,1.8206,2.1257,0.4521,1.6266,2.2324,0.5219
127.00,1.6212,2.2450,0.4973,1.8188,2.1249,0.4233,1.6249,2.2315,0.4931
127.50,1.6211,2.2427,0.4684,1.8166,2.1239,0.3940,1.6228,2.2304,0.4638
128.00,1.6211,2.2402,0.4390,1.8141,2.1229,0.3640,1.6203,2.2292,0.4338
128.50,1.6211,2.2375,0.4089,1.8108,2.1217,0.3332,1.6171,2.2277,0.4030
129.00,1.6211,2.2344,0.3782,1.8081,2.1208,0.3023,1.6145,2.2267,0.3721
129.50,1.6210,2.2311,0.3468,1.8036,2.1195,0.2703,1.6101,2.2250,0.3401
130.00,1.6210,2.2276,0.3148,1.7991,2.1183,0.2380,1.6057,2.2236,0.3078
130.50,1.6210,2.2237,0.2820,1.7952,2.1174,0.2046,1.6019,2.2224,0.2744
131.00,1.6209,2.2196,0.2485,1.7908,2.1166,0.1709,1.5976,2.2213,0.2407
131.50,1.6209,2.2152,0.2142,1.7850,2.1157,0.1362,1.5918,2.2200,0.2060
132.00,1.6209,2.2105,0.1791,1.7794,2.1150,0.1005,1.5862,2.2189,0.1703
132.50,1.6209,2.2101,0.1765,1.7790,2.1150,0.0929,1.5859,2.2189,0.1627
133.00,1.6209,2.2101,0.1765,1.7790,2.1150,0.0923,1.5859,2.2189,0.1621
133.50,1.6209,2.2101,0.1765,1.7790,2.1150,0.0919,1.5859,2.2189,0.1617
134.00,1.6209,2.2101,0.1765,1.7790,2.1150,0.0918,1.5859,2.2189,0.1616
134.50,1.6209,2.2101,0.1765,1.7790,2.1150,0.0913,1.5859,2.2189,0.1611
135.00,1.6209,2.2101,0.1765,1.7790,2.1150,0.0907,1.5859,2.2189,0.1605
135.50,1.6209,2.2101,0.1765,1.7790,2.1150,0.0899,1.5859,2.2189,0.1597
136.00,1.6209,2.2101,0.1765,1.7790,2.1150,0.0896,1.5859,2.2189,0.1594
136.50,1.6209,2.2101,0.1765,1.7790,2.1150,0.0893,1.5859,2.2189,0.1591
137.00,1.6209,2.2101,0.1765,1.7790,2.1150,0.0889,1.5859,2.2189,0.1587
137.50,1.6209,2.2101,0.1765,1.7790,2.1150,0.0882,1.5859,2.2189,0.1580
138.00,1.6209,2.2101,0.1765,1.7790,2.1150,0.0873,1.5859,2.2189,0.1571
138.50,1.6209,2.2101,0.1765,1.7790,2.1150,0.0871,1.5859,2.2189,0.1569
139.00,1.6209,2.2101,0.1765,1.7790,2.1150,0.0862,1.5859,2.2189,0.1560
139.50,1.6209,2.2101,0.1765,1.7790,2.1150,0.0859,1.5859,2.2189,0.1557
140.00,1.6209,2.2101,0.1765,1.7790,2.1150,0.0855,1.5859,2.2189,0.1553
140.50,1.6209,2.2101,0.1765,1.7790,2.1150,0.0853,1.5859,2.2189,0.1551
141.00,1.6209,2.2101,0.1765,1.7790,2.1150,0.0851,1.5859,2.2189,0.1549
141.50,1.6209,2.2101,0.1765,1.7790,2.1150,0.0850,1.5859,2.2189,0.1548
142.00,1.6209,2.2101,0.1765,1.7790,2.1150,0.0840,1.5859,2.2189,0.1538
142.50,1.6209,2.2101,0.1765,1.7790,2.1150,0.0834,1.5859,2.2189,0.1532
143.00,1.6209,2.2101,0.1765,1.7790,2.1150,0.0829,1.5859,2.2189,0.1527
143.50,1.6209,2.2101,0.1765,1.7790,2.1150,0.0823,1.5859,2.2189,0.1521
144.00,1.6209,2.2101,0.1765,1.7790,2.1150,0.0822,1.5859,2.2189,0.1520
144.50,1.6209,2.2101,0.1765,1.7790,2.1150,0.0822,1.5859,2.2189,0.1520
145.00,1.6209,2.2101,0.1765,1.7790,2.1150,0.0818,1.5859,2.2189,0.1516
145.50,1.6209,2.2101,0.1765,1.7790,2.1150,0.0812,1.5859,2.2189,0.1510
146.00,1.6209,2.2101,0.1765,1.7790,2.1150,0.0807,1.5859,2.2189,0.1505
146.50,1.6209,2.2101,0.1765,1.7790,2.1150,0.0797,1.5859,2.2189,0.1495
147.00,1.6209,2.2101,0.1765,1.7790,2.1150,0.0791,1.5859,2.2189,0.1489
147.50,1.6209,2.2101,0.1765,1.7790,2.1150,0.0781,1.5859,2.2189,0.1479
148.00,1.6209,2.2101,0.1765,1.7790,2.1150,0.0781,1.5859,2.2189,0.1479
148.50,1.6209,2.2101,0.1765,1.7790,2.1150,0.0782,1.5859,2.2189,0.1480
149.00,1.6209,2.2101,0.1765,1.7790,2.1150,0.0774,1.5859,2.2189,0.1472
149.50,1.6209,2.2101,0.1765,1.7790,2.1150,0.0766,1.5859,2.2189,0.1464
150.00,1.6209,2.2101,0.1765,1.7790,2.1150,0.0756,1.5859,2.2189,0.1454
150.50,1.6209,2.2101,0.1765,1.7790,2.1150,0.0751,1.5859,2.2189,0.1449
151.00,1.6209,2.2101,0.1765,1.7790,2.1150,0.0752,1.5859,2.2189,0.1450
151.50,1.6209,2.2101,0.1765,1.7790,2.1150,0.0749,1.5859,2.2189,0.1447
152.00,1.6209,2.2101,0.1765,1.7790,2.1150,0.0744,1.5859,2.2189,0.1442
152.50,1.6209,2.2101,0.1765,1.7790,2.1150,0.0741,1.5859,2.2189,0.1439
153.00,1.6209,2.2101,0.1765,1.7790,2.1150,0.0728,1.5859,2.2189,0.1426
153.50,1.6209,2.2101,0.1765,1.7790,2.1150,0.0718,1.5859,2.2189,0.1416
154.00,1.6209,2.2101,0.1765,1.7790,2.1150,0.0713,1.5859,2.2189,0.1411
154.50,1.6209,2.2101,0.1765,1.7790,2.1150,0.0707,1.5859,2.2189,0.1405
155.00,1.6209,2.2101,0.1765,1.7790,2.1150,0.0702,1.5859,2.2189,0.1400
155.50,1.6209,2.2101,0.1765,1.7790,2.1150,0.0690,1.5859,2.2189,0.1388
156.00,1.6209,2.2101,0.1765,1.7790,2.1150,0.0683,1.5859,2.2189,0.1381
156.50,1.6209,2.2101,0.1765,1.7790,2.1150,0.0678,1.5859,2.2189,0.1376
157.00,1.6209,2.2101,0.1765,1.7790,2.1150,0.0674,1.5859,2.2189,0.1372
157.50,1.6209,2.2101,0.1765,1.7790,2.1150,0.0669,1.5859,2.2189,0.1367
158.00,1.6209,2.2101,0.1765,1.7790,2.1150,0.0662,1.5859,2.2189,0.1360
158.50,1.6209,2.2101,0.1765,1.7790,2.1150,0.0659,1.5859,2.2189,0.1357
159.00,1.6209,2.2101,0.1765,1.7790,2.1150,0.0658,1.5859,2.2189,0.1356
159.50,1.6209,2.2101,0.1765,1.7790,2.1150,0.0653,1.5859,2.2189,0.1351
160.00,1.6209,2.2101,0.1765,1.7790,2.1150,0.0647,1.5859,2.2189,0.1345
160.50,1.6209,2.2101,0.1765,1.7790,2.1150,0.0641,1.5859,2.2189,0.1339
161.00,1.6209,2.2101,0.1765,1.7790,2.1150,0.0636,1.5859,2.2189,0.1334
161.50,1.6209,2.2101,0.1765,1.7790,2.1150,0.0622,1.5859,2.2189,0.1320
162.00,1.6209,2.2101,0.1765,1.7790,2.1150,0.0611,1.5859,2.2189,0.1309
162.50,1.6209,2.2101,0.1765,1.7790,2.1150,0.0605,1.5859,2.2189,0.1303
163.00,1.6209,2.2101,0.1765,1.7790,2.1150,0.0597,1.5859,2.2189,0.1295
163.50,1.6209,2.2101,0.1765,1.7790,2.1150,0.0590,1.5859,2.2189,0.1288
164.00,1.6209,2.2101,0.1765,1.7790,2.1150,0.0588,1.5859,2.2189,0.1286
164.50,1.6209,2.2101,0.1765,1.7790,2.1150,0.0579,1.5859,2.2189,0.1277
165.00,1.6209,2.2101,0.1765,1.7790,2.1150,0.0570,1.5859,2.2189,0.1268
165.50,1.6209,2.2101,0.1765,1.7790,2.1150,0.0565,1.5859,2.2189,0.1263
166.00,1.6209,2.2101,0.1765,1.7790,2.1150,0.0559,1.5859,2.2189,0.1257
166.50,1.6209,2.2101,0.1765,1.7790,2.1150,0.0562,1.5859,2.2189,0.1260
167.00,1.6209,2.2101,0.1765,1.7790,2.1150,0.0546,1.5859,2.2189,0.1244
167.50,1.6209,2.2101,0.1765,1.7790,2.1150,0.0543,1.5859,2.2189,0.1241
168.00,1.6209,2.2101,0.1765,1.7790,2.1150,0.0537,1.5859,2.2189,0.1235
168.50,1.6209,2.2101,0.1765,1.7790,2.1150,0.0533,1.5859,2.2189,0.1231
169.00,1.6209,2.2101,0.1765,1.7790,2.1150,0.0524,1.5859,2.2189,0.1222
169.50,1.6209,2.2101,0.1765,1.7790,2.1150,0.0520,1.5859,2.2189,0.1218
170.00,1.6209,2.2101,0.1765,1.7790,2.1150,0.0513,1.5859,2.2189,0.1211
170.50,1.6209,2.2101,0.1765,1.7790,2.1150,0.0508,1.5859,2.2189,0.1206
171.00,1.6209,2.2101,0.1765,1.7790,2.1150,0.0505,1.5859,2.2189,0.1203
171.50,1.6209,2.2101,0.1765,1.7790,2.1150,0.0498,1.5859,2.2189,0.1196
172.00,1.6209,2.2101,0.1765,1.7790,2.1150,0.0493,1.5859,2.2189,0.1191
172.50,1.6209,2.2101,0.1765,1.7790,2.1150,0.0491,1.5859,2.2189,0.1189
173.00,1.6209,2.2101,0.1765,1.7790,2.1150,0.0491,1.5859,2.2189,0.1189
173.50,1.6209,2.2101,0.1765,1.7790,2.1150,0.0484,1.5859,2.2189,0.1182
174.00,1.6209,2.2101,0.1765,1.7790,2.1150,0.0479,1.5859,2.2189,0.1177
174.50,1.6209,2.2101,0.1765,1.7790,2.1150,0.0469,1.5859,2.2189,0.1167
175.00,1.6209,2.2101,0.1765,1.7790,2.1150,0.0466,1.5859,2.2189,0.1164
175.50,1.6209,2.2101,0.1765,1.7790,2.1150,0.0461,1.5859,2.2189,0.1159
176.00,1.6209,2.2101,0.1765,1.7790,2.1150,0.0459,1.5859,2.2189,0.1157
176.50,1.6209,2.2101,0.1765,1.7790,2.1150,0.0456,1.5859,2.2189,0.1154
177.00,1.6209,2.2101,0.1765,1.7790,2.1150,0.0450,1.5859,2.2189,0.1148
177.50,1.6209,2.2101,0.1765,1.7790,2.1150,0.0441,1.5859,2.2189,0.1139
178.00,1.6209,2.2101,0.1765,1.7790,2.1150,0.0437,1.5859,2.2189,0.1135
178.50,1.6209,2.2101,0.1765,1.7790,2.1150,0.0430,1.5859,2.2189,0.1128
179.00,1.6209,2.2101,0.1765,1.7790,2.1150,0.0425,1.5859,2.2189,0.1123
179.50,1.6209,2.2101,0.1765,1.7790,2.1150,0.0421,1.5859,2.2189,0.1119
180.00,1.6209,2.2101,0.1765,1.7790,2.1150,0.0414,1.5859,2.2189,0.1112
180.50,1.6209,2.2101,0.1765,1.7790,2.1150,0.0409,1.5859,2.2189,0.1107
181.00,1.6209,2.2101,0.1765,1.7790,2.1150,0.0405,1.5859,2.2189,0.1103
181.50,1.6209,2.2101,0.1765,1.7790,2.1150,0.0396,1.5859,2.2189,0.1094
182.00,1.6209,2.2101,0.1765,1.7790,2.1150,0.0383,1.5859,2.2189,0.1081
182.50,1.6209,2.2101,0.1765,1.7790,2.1150,0.0373,1.5859,2.2189,0.1071
183.00,1.6209,2.2101,0.1765,1.7790,2.1150,0.0368,1.5859,2.2189,0.1066
183.50,1.6209,2.2101,0.1765,1.7790,2.1150,0.0363,1.5859,2.2189,0.1061
184.00,1.6209,2.2101,0.1765,1.7790,2.1150,0.0361,1.5859,2.2189,0.1059
184.50,1.6209,2.2101,0.1765,1.7790,2.1150,0.0358,1.5859,2.2189,0.1056
185.00,1.6209,2.2101,0.1765,1.7790,2.1150,0.0348,1.5859,2.2189,0.1046
185.50,1.6209,2.2101,0.1765,1.7790,2.1150,0.0348,1.5859,2.2189,0.1046
186.00,1.6209,2.2101,0.1765,1.7790,2.1150,0.0342,1.5859,2.2189,0.1040
186.50,1.6209,2.2101,0.1765,1.7790,2.1150,0.0333,1.5859,2.2189,0.1031
187.00,1.6209,2.2101,0.1765,1.7790,2.1150,0.0329,1.5859,2.2189,0.1027
187.50,1.6209,2.2101,0.1765,1.7790,2.1150,0.0325,1.5859,2.2189,0.1023
188.00,1.6209,2.2101,0.1765,1.7790,2.1150,0.0317,1.5859,2.2189,0.1015
188.50,1.6209,2.2101,0.1765,1.7790,2.1150,0.0312,1.5859,2.2189,0.1010
189.00,1.6209,2.2101,0.1765,1.7790,2.1150,0.0302,1.5859,2.2189,0.1000
189.50,1.6209,2.2101,0.1765,1.7790,2.1150,0.0294,1.5859,2.2189,0.0992
190.00,1.6209,2.2101,0.1765,1.7790,2.1150,0.0285,1.5859,2.2189,0.0983
190.50,1.6209,2.2101,0.1765,1.7790,2.1150,0.0282,1.5859,2.2189,0.0980
191.00,1.6209,2.2101,0.1765,1.7790,2.1150,0.0278,1.5859,2.2189,0.0976
191.50,1.6209,2.2101,0.1765,1.7790,2.1150,0.0272,1.5859,2.2189,0.0970
192.00,1.6209,2.2101,0.1765,1.7790,2.1150,0.0267,1.5859,2.2189,0.0965
192.50,1.6209,2.2101,0.1765,1.7790,2.1150,0.0261,1.5859,2.2189,0.0959
193.00,1.6209,2.2101,0.1765,1.7790,2.1150,0.0247,1.5859,2.2189,0.0945
193.50,1.6209,2.2101,0.1765,1.7790,2.1150,0.0246,1.5859,2.2189,0.0944
194.00,1.6209,2.2101,0.1765,1.7790,2.1150,0.0243,1.5859,2.2189,0.0941
194.50,1.6209,2.2101,0.1765,1.7790,2.1150,0.0242,1.5859,2.2189,0.0940
195.00,1.6209,2.2101,0.1765,1.7790,2.1150,0.0239,1.5859,2.2189,0.0937
195.50,1.6209,2.2101,0.1765,1.7790,2.1150,0.0237,1.5859,2.2189,0.0935
196.00,1.6209,2.2101,0.1765,1.7790,2.1150,0.0234,1.5859,2.2189,0.0932
196.50,1.6209,2.2101,0.1765,1.7790,2.1150,0.0226,1.5859,2.2189,0.0924
197.00,1.6209,2.2101,0.1765,1.7790,2.1150,0.0221,1.5859,2.2189,0.0919
197.50,1.6209,2.2101,0.1765,1.7790,2.1150,0.0219,1.5859,2.2189,0.0917
198.00,1.6209,2.2101,0.1765,1.7790,2.1150,0.0217,1.5859,2.2189,0.0915
198.50,1.6209,2.2101,0.1765,1.7790,2.1150,0.0216,1.5859,2.2189,0.0914
199.00,1.6209,2.2101,0.1765,1.7790,2.1150,0.0207,1.5859,2.2189,0.0905
199.50,1.6209,2.2101,0.1765,1.7790,2.1150,0.0201,1.5859,2.2189,0.0899
200.00,1.6209,2.2101,0.1765,1.7790,2.1150,0.0191,1.5859,2.2189,0.0889
200.50,1.6209,2.2101,0.1765,1.7790,2.1150,0.0187,1.5859,2.2189,0.0885
201.00,1.6209,2.2101,0.1765,1.7790,2.1150,0.0180,1.5859,2.2189,0.0878
201.50,1.6209,2.2101,0.1765,1.7790,2.1150,0.0170,1.5859,2.2189,0.0868
202.00,1.6209,2.2101,0.1765,1.7790,2.1150,0.0164,1.5859,2.2189,0.0862
202.50,1.6209,2.2101,0.1765,1.7790,2.1150,0.0162,1.5859,2.2189,0.0860
203.00,1.6209,2.2101,0.1765,1.7790,2.1150,0.0155,1.5859,2.2189,0.0853
203.50,1.6209,2.2101,0.1765,1.7790,2.1150,0.0149,1.5859,2.2189,0.0847
204.00,1.6209,2.2101,0.1765,1.7790,2.1150,0.0147,1.5859,2.2189,0.0845
204.50,1.6209,2.2101,0.1765,1.7790,2.1150,0.0146,1.5859,2.2189,0.0844
205.00,1.6209,2.2101,0.1765,1.7790,2.1150,0.0138,1.5859,2.2189,0.0836
205.50,1.6209,2.2101,0.1765,1.7790,2.1150,0.0131,1.5859,2.2189,0.0829
206.00,1.6209,2.2101,0.1765,1.7790,2.1150,0.0126,1.5859,2.2189,0.0824
206.50,1.6209,2.2101,0.1765,1.7790,2.1150,0.0119,1.5859,2.2189,0.0817
207.00,1.6209,2.2101,0.1765,1.7790,2.1150,0.0116,1.5859,2.2189,0.0814
207.50,1.6209,2.2101,0.1765,1.7790,2.1150,0.0104,1.5859,2.2189,0.0802
208.00,1.6209,2.2101,0.1765,1.7790,2.1150,0.0096,1.5859,2.2189,0.0794
208.50,1.6209,2.2101,0.1765,1.7790,2.1150,0.0093,1.5859,2.2189,0.0791
209.00,1.6209,2.2101,0.1765,1.7790,2.1150,0.0092,1.5859,2.2189,0.0790
209.50,1.6209,2.2101,0.1765,1.7790,2.1150,0.0086,1.5859,2.2189,0.0784
210.00,1.6209,2.2101,0.1765,1.7790,2.1150,0.0078,1.5859,2.2189,0.0776
210.50,1.6209,2.2101,0.1765,1.7790,2.1150,0.0071,1.5859,2.2189,0.0769
211.00,1.6209,2.2101,0.1765,1.7790,2.1150,0.0066,1.5859,2.2189,0.0764
211.50,1.6209,2.2101,0.1765,1.7790,2.1150,0.0061,1.5859,2.2189,0.0759
212.00,1.6209,2.2101,0.1765,1.7790,2.1150,0.0052,1.5859,2.2189,0.0750
212.50,1.6209,2.2101,0.1765,1.7790,2.1150,0.0045,1.5859,2.2189,0.0743
213.00,1.6209,2.2101,0.1765,1.7790,2.1150,0.0035,1.5859,2.2189,0.0733
213.50,1.6209,2.2101,0.1765,1.7790,2.1150,0.0028,1.5859,2.2189,0.0726
214.00,1.6209,2.2101,0.1765,1.7790,2.1150,0.0023,1.5859,2.2189,0.0721
214.50,1.6209,2.2101,0.1765,1.7790,2.1150,0.0019,1.5859,2.2189,0.0717
215.00,1.6209,2.2101,0.1765,1.7790,2.1150,0.0014,1.5859,2.2189,0.0712
215.50,1.6209,2.2101,0.1765,1.7790,2.1150,0.0009,1.5859,2.2189,0.0707
216.00,1.6209,2.2101,0.1765,1.7790,2.1150,0.0002,1.5859,2.2189,0.0700
216.50,1.6209,2.2101,0.1765,1.7790,2.1150,-0.0001,1.5859,2.2189,0.0697
217.00,1.6209,2.2101,0.1765,1.7790,2.1150,-0.0004,1.5859,2.2189,0.0694
217.50,1.6209,2.2101,0.1765,1.7790,2.1150,-0.0008,1.5859,2.2189,0.0690
218.00,1.6209,2.2101,0.1765,1.7790,2.1150,-0.0011,1.5859,2.2189,0.0687
218.50,1.6209,2.2101,0.1765,1.7790,2.1150,-0.0015,1.5859,2.2189,0.0683
219.00,1.6209,2.2101,0.1765,1.7790,2.1150,-0.0015,1.5859,2.2189,0.0683
219.50,1.6209,2.2101,0.1765,1.7790,2.1150,-0.0024,1.5859,2.2189,0.0674
220.00,1.6209,2.2101,0.1765,1.7790,2.1150,-0.0035,1.5859,2.2189,0.0663
220.50,1.6209,2.2101,0.1765,1.7790,2.1150,-0.0046,1.5859,2.2189,0.0652
221.00,1.6209,2.2101,0.1765,1.7790,2.1150,-0.0050,1.5859,2.2189,0.0648
221.50,1.6209,2.2101,0.1765,1.7790,2.1150,-0.0055,1.5859,2.2189,0.0643
222.00,1.6209,2.2101,0.1765,1.7790,2.1150,-0.0064,1.5859,2.2189,0.0634
222.50,1.6209,2.2101,0.1765,1.7790,2.1150,-0.0068,1.5859,2.2189,0.0630
223.00,1.6209,2.2101,0.1765,1.7790,2.1150,-0.0074,1.5859,2.2189,0.0624
223.50,1.6209,2.2101,0.1765,1.7790,2.1150,-0.0082,1.5859,2.2189,0.0616
224.00,1.6209,2.2101,0.1765,1.7790,2.1150,-0.0089,1.5859,2.2189,0.0609
224.50,1.6209,2.2101,0.1765,1.7790,2.1150,-0.0098,1.5859,2.2189,0.0600
225.00,1.6209,2.2101,0.1765,1.7790,2.1150,-0.0106,1.5859,2.2189,0.0592
225.50,1.6209,2.2101,0.1765,1.7790,2.1150,-0.0111,1.5859,2.2189,0.0587
226.00,1.6209,2.2101,0.1765,1.7790,2.1150,-0.0118,1.5859,2.2189,0.0580
226.50,1.6209,2.2101,0.1765,1.7790,2.1150,-0.0126,1.5859,2.2189,0.0572
227.00,1.6209,2.2101,0.1765,1.7790,2.1150,-0.0137,1.5859,2.2189,0.0561
227.50,1.6209,2.2101,0.1765,1.7790,2.1150,-0.0141,1.5859,2.2189,0.0557
228.00,1.6209,2.2101,0.1765,1.7790,2.1150,-0.0147,1.5859,2.2189,0.0551
228.50,1.6209,2.2101,0.1765,1.7790,2.1150,-0.0150,1.5859,2.2189,0.0548
229.00,1.6209,2.2101,0.1765,1.7790,2.1150,-0.0158,1.5859,2.2189,0.0540
229.50,1.6209,2.2101,0.1765,1.7790,2.1150,-0.0169,1.5859,2.2189,0.0529
230.00,1.6209,2.2101,0.1765,1.7790,2.1150,-0.0171,1.5859,2.2189,0.0527
230.50,1.6209,2.2101,0.1765,1.7790,2.1150,-0.0179,1.5859,2.2189,0.0519
231.00,1.6209,2.2101,0.1765,1.7790,2.1150,-0.0186,1.5859,2.2189,0.0512
231.50,1.6209,2.2101,0.1765,1.7790,2.1150,-0.0189,1.5859,2.2189,0.0509
232.00,1.6209,2.2101,0.1765,1.7790,2.1150,-0.0199,1.5859,2.2189,0.0499
232.50,1.6209,2.2101,0.1765,1.7790,2.1150,-0.0207,1.5859,2.2189,0.0491
233.00,1.6209,2.2101,0.1765,1.7790,2.1150,-0.0215,1.5859,2.2189,0.0483
233.50,1.6209,2.2101,0.1765,1.7790,2.1150,-0.0224,1.5859,2.2189,0.0474
234.00,1.6209,2.2101,0.1765,1.7790,2.1150,-0.0223,1.5859,2.2189,0.0475
234.50,1.6209,2.2101,0.1765,1.7790,2.1150,-0.0228,1.5859,2.2189,0.0470
235.00,1.6209,2.2101,0.1765,1.7790,2.1150,-0.0240,1.5859,2.2189,0.0458
235.50,1.6209,2.2101,0.1765,1.7790,2.1150,-0.0244,1.5859,2.2189,0.0454
236.00,1.6209,2.2101,0.1765,1.7790,2.1150,-0.0251,1.5859,2.2189,0.0447
236.50,1.6209,2.2101,0.1765,1.7790,2.1150,-0.0255,1.5859,2.2189,0.0443
237.00,1.6209,2.2101,0.1765,1.7790,2.1150,-0.0261,1.5859,2.2189,0.0437
237.50,1.6209,2.2101,0.1765,1.7790,2.1150,-0.0271,1.5859,2.2189,0.0427
238.00,1.6209,2.2101,0.1765,1.7790,2.1150,-0.0280,1.5859,2.2189,0.0418
238.50,1.6209,2.2101,0.1765,1.7790,2.1150,-0.0290,1.5859,2.2189,0.0408
239.00,1.6209,2.2101,0.1765,1.7790,2.1150,-0.0297,1.5859,2.2189,0.0401
239.50,1.6209,2.2101,0.1765,1.7790,2.1150,-0.0306,1.5859,2.2189,0.0392
240.00,1.6209,2.2101,0.1765,1.7790,2.1150,-0.0313,1.5859,2.2189,0.0385
240.50,1.6209,2.2101,0.1765,1.7790,2.1150,-0.0312,1.5859,2.2189,0.0386
241.00,1.6209,2.2101,0.1765,1.7790,2.1150,-0.0321,1.5859,2.2189,0.0377
241.50,1.6209,2.2101,0.1765,1.7790,2.1150,-0.0328,1.5859,2.2189,0.0370
242.00,1.6209,2.2101,0.1765,1.7790,2.1150,-0.0342,1.5859,2.2189,0.0356
242.50,1.6209,2.2101,0.1765,1.7790,2.1150,-0.0351,1.5859,2.2189,0.0347
243.00,1.6209,2.2101,0.1765,1.7790,2.1150,-0.0356,1.5859,2.2189,0.0342
243.50,1.6209,2.2101,0.1765,1.7790,2.1150,-0.0362,1.5859,2.2189,0.0336
244.00,1.6209,2.2101,0.1765,1.7790,2.1150,-0.0370,1.5859,2.2189,0.0328
244.50,1.6209,2.2101,0.1765,1.7790,2.1150,-0.0375,1.5859,2.2189,0.0323
245.00,1.6209,2.2101,0.1765,1.7790,2.1150,-0.0380,1.5859,2.2189,0.0318
245.50,1.6209,2.2101,0.1765,1.7790,2.1150,-0.0388,1.5859,2.2189,0.0310
246.00,1.6209,2.2101,0.1765,1.7790,2.1150,-0.0398,1.5859,2.2189,0.0300
246.50,1.6209,2.2101,0.1765,1.7790,2.1150,-0.0402,1.5859,2.2189,0.0296
247.00,1.6209,2.2101,0.1765,1.7790,2.1150,-0.0409,1.5859,2.2189,0.0289
247.50,1.6209,2.2101,0.1765,1.7790,2.1150,-0.0418,1.5859,2.2189,0.0280
248.00,1.6209,2.2101,0.1765,1.7790,2.1150,-0.0428,1.5859,2.2189,0.0270
248.50,1.6209,2.2101,0.1765,1.7790,2.1150,-0.0437,1.5859,2.2189,0.0261
249.00,1.6209,2.2101,0.1765,1.7790,2.1150,-0.0444,1.5859,2.2189,0.0254
249.50,1.6209,2.2101,0.1765,1.7790,2.1150,-0.0450,1.5859,2.2189,0.0248
250.00,1.6209,2.2101,0.1765,1.7790,2.1150,-0.0457,1.5859,2.2189,0.0241
250.50,1.6209,2.2101,0.1765,1.7790,2.1150,-0.0463,1.5859,2.2189,0.0235
251.00,1.6209,2.2101,0.1765,1.7790,2.1150,-0.0474,1.5859,2.2189,0.0224
251.50,1.6209,2.2101,0.1765,1.7790,2.1150,-0.0478,1.5859,2.2189,0.0220
252.00,1.6209,2.2101,0.1765,1.7790,2.1150,-0.0481,1.5859,2.2189,0.0217
252.50,1.6209,2.2101,0.1765,1.7790,2.1150,-0.0482,1.5859,2.2189,0.0216
253.00,1.6209,2.2101,0.1765,1.7790,2.1150,-0.0488,1.5859,2.2189,0.0210
253.50,1.6209,2.2101,0.1765,1.7790,2.1150,-0.0498,1.5859,2.2189,0.0200
254.00,1.6209,2.2101,0.1765,1.7790,2.1150,-0.0504,1.5859,2.2189,0.0194
254.50,1.6209,2.2101,0.1765,1.7790,2.1150,-0.0508,1.5859,2.2189,0.0190
255.00,1.6209,2.2101,0.1765,1.7790,2.1150,-0.0514,1.5859,2.2189,0.0184
255.50,1.6209,2.2101,0.1765,1.7790,2.1150,-0.0516,1.5859,2.2189,0.0182
256.00,1.6209,2.2101,0.1765,1.7790,2.1150,-0.0520,1.5859,2.2189,0.0178
256.50,1.6209,2.2101,0.1765,1.7790,2.1150,-0.0520,1.5859,2.2189,0.0178
257.00,1.6209,2.2101,0.1765,1.7790,2.1150,-0.0529,1.5859,2.2189,0.0169
257.50,1.6209,2.2101,0.1765,1.7790,2.1150,-0.0532,1.5859,2.2189,0.0166
258.00,1.6209,2.2101,0.1765,1.7790,2.1150,-0.0539,1.5859,2.2189,0.0159
258.50,1.6209,2.2101,0.1765,1.7790,2.1150,-0.0547,1.5859,2.2189,0.0151
259.00,1.6209,2.2101,0.1765,1.7790,2.1150,-0.0557,1.5859,2.2189,0.0141
259.50,1.6209,2.2101,0.1765,1.7790,2.1150,-0.0567,1.5859,2.2189,0.0131
260.00,1.6209,2.2101,0.1765,1.7790,2.1150,-0.0571,1.5859,2.2189,0.0127
260.50,1.6209,2.2101,0.1765,1.7790,2.1150,-0.0577,1.5859,2.2189,0.0121
261.00,1.6209,2.2101,0.1765,1.7790,2.1150,-0.0580,1.5859,2.2189,0.0118
261.50,1.6209,2.2101,0.1765,1.7790,2.1150,-0.0584,1.5859,2.2189,0.0114
262.00,1.6209,2.2101,0.1765,1.7790,2.1150,-0.0589,1.5859,2.2189,0.0109
262.50,1.6209,2.2101,0.1765,1.7790,2.1150,-0.0593,1.5859,2.2189,0.0105
263.00,1.6209,2.2101,0.1765,1.7790,2.1150,-0.0603,1.5859,2.2189,0.0095
263.50,1.6209,2.2101,0.1765,1.7790,2.1150,-0.0606,1.5859,2.2189,0.0092
264.00,1.6209,2.2101,0.1765,1.7790,2.1150,-0.0610,1.5859,2.2189,0.0088
264.50,1.6209,2.2101,0.1765,1.7790,2.1150,-0.0609,1.5859,2.2189,0.0089
265.00,1.6209,2.2101,0.1765,1.7790,2.1150,-0.0612,1.5859,2.2189,0.0086
265.50,1.6209,2.2101,0.1765,1.7790,2.1150,-0.0617,1.5859,2.2189,0.0081
266.00,1.6209,2.2101,0.1765,1.7790,2.1150,-0.0621,1.5859,2.2189,0.0077
266.50,1.6209,2.2101,0.1765,1.7790,2.1150,-0.0626,1.5859,2.2189,0.0072
267.00,1.6209,2.2101,0.1765,1.7790,2.1150,-0.0631,1.5859,2.2189,0.0067
267.50,1.6209,2.2101,0.1765,1.7790,2.1150,-0.0633,1.5859,2.2189,0.0065
268.00,1.6209,2.2101,0.1765,1.7790,2.1150,-0.0640,1.5859,2.2189,0.0058
268.50,1.6209,2.2101,0.1765,1.7790,2.1150,-0.0649,1.5859,2.2189,0.0049
269.00,1.6209,2.2101,0.1765,1.7790,2.1150,-0.0656,1.5859,2.2189,0.0042
269.50,1.6209,2.2101,0.1765,1.7790,2.1150,-0.0668,1.5859,2.2189,0.0030
270.00,1.6209,2.2101,0.1765,1.7790,2.1150,-0.0671,1.5859,2.2189,0.0027
270.50,1.6209,2.2101,0.1765,1.7790,2.1150,-0.0678,1.5859,2.2189,0.0020
271.00,1.6209,2.2101,0.1765,1.7790,2.1150,-0.0677,1.5859,2.2189,0.0021
271.50,1.6209,2.2101,0.1765,1.7790,2.1150,-0.0681,1.5859,2.2189,0.0017
272.00,1.6209,2.2101,0.1765,1.7790,2.1150,-0.0685,1.5859,2.2189,0.0013
272.50,1.6209,2.2101,0.1765,1.7790,2.1150,-0.0687,1.5859,2.2189,0.0011
273.00,1.6209,2.2101,0.1765,1.7790,2.1150,-0.0690,1.5859,2.2189,0.0008
273.50,1.6209,2.2101,0.1765,1.7790,2.1150,-0.0691,1.5859,2.2189,0.0007
274.00,1.6209,2.2101,0.1765,1.7790,2.1150,-0.0703,1.5859,2.2189,-0.0005
274.50,1.6209,2.2101,0.1765,1.7790,2.1150,-0.0709,1.5859,2.2189,-0.0011
275.00,1.6209,2.2101,0.1765,1.7790,2.1150,-0.0719,1.5859,2.2189,-0.0021
275.50,1.6209,2.2101,0.1765,1.7790,2.1150,-0.0725,1.5859,2.2189,-0.0027
276.00,1.6209,2.2101,0.1765,1.7790,2.1150,-0.0728,1.5859,2.2189,-0.0030
276.50,1.6209,2.2101,0.1765,1.7790,2.1150,-0.0727,1.5859,2.2189,-0.0029
277.00,1.6209,2.2101,0.1765,1.7790,2.1150,-0.0729,1.5859,2.2189,-0.0031
277.50,1.6209,2.2101,0.1765,1.7790,2.1150,-0.0734,1.5859,2.2189,-0.0036
278.00,1.6209,2.2101,0.1765,1.7790,2.1150,-0.0740,1.5859,2.2189,-0.0042
278.50,1.6209,2.2101,0.1765,1.7790,2.1150,-0.0748,1.5859,2.2189,-0.0050
279.00,1.6209,2.2101,0.1765,1.7790,2.1150,-0.0760,1.5859,2.2189,-0.0062
279.50,1.6209,2.2101,0.1765,1.7790,2.1150,-0.0764,1.5859,2.2189,-0.0066
280.00,1.6209,2.2101,0.1765,1.7790,2.1150,-0.0767,1.5859,2.2189,-0.0069
280.50,1.6209,2.2101,0.1765,1.7790,2.1150,-0.0770,1.5859,2.2189,-0.0072
281.00,1.6209,2.2101,0.1765,1.7790,2.1150,-0.0780,1.5859,2.2189,-0.0082
281.50,1.6209,2.2101,0.1765,1.7790,2.1150,-0.0783,1.5859,2.2189,-0.0085
282.00,1.6209,2.2101,0.1765,1.7790,2.1150,-0.0785,1.5859,2.2189,-0.0087
282.50,1.6209,2.2101,0.1765,1.7790,2.1150,-0.0784,1.5859,2.2189,-0.0086
283.00,1.6209,2.2101,0.1765,1.7790,2.1150,-0.0792,1.5859,2.2189,-0.0094
283.50,1.6209,2.2101,0.1765,1.7790,2.1150,-0.0797,1.5859,2.2189,-0.0099
284.00,1.6209,2.2101,0.1765,1.7790,2.1150,-0.0809,1.5859,2.2189,-0.0111
284.50,1.6209,2.2101,0.1765,1.7790,2.1150,-0.0814,1.5859,2.2189,-0.0116
285.00,1.6209,2.2101,0.1765,1.7790,2.1150,-0.0825,1.5859,2.2189,-0.0127
285.50,1.6209,2.2101,0.1765,1.7790,2.1150,-0.0834,1.5859,2.2189,-0.0136
286.00,1.6209,2.2101,0.1765,1.7790,2.1150,-0.0836,1.5859,2.2189,-0.0138
286.50,1.6209,2.2101,0.1765,1.7790,2.1150,-0.0837,1.5859,2.2189,-0.0139
287.00,1.6209,2.2101,0.1765,1.7790,2.1150,-0.0847,1.5859,2.2189,-0.0149
287.50,1.6209,2.2101,0.1765,1.7790,2.1150,-0.0852,1.5859,2.2189,-0.0154
288.00,1.6209,2.2101,0.1765,1.7790,2.1150,-0.0856,1.5859,2.2189,-0.0158
288.50,1.6209,2.2101,0.1765,1.7790,2.1150,-0.0859,1.5859,2.2189,-0.0161
289.00,1.6209,2.2101,0.1765,1.7790,2.1150,-0.0863,1.5859,2.2189,-0.0165
289.50,1.6209,2.2101,0.1765,1.7790,2.1150,-0.0868,1.5859,2.2189,-0.0170
290.00,1.6209,2.2101,0.1765,1.7790,2.1150,-0.0871,1.5859,2.2189,-0.0173
290.50,1.6209,2.2101,0.1765,1.7790,2.1150,-0.0870,1.5859,2.2189,-0.0172
291.00,1.6209,2.2101,0.1765,1.7790,2.1150,-0.0882,1.5859,2.2189,-0.0184
291.50,1.6209,2.2101,0.1765,1.7790,2.1150,-0.0886,1.5859,2.2189,-0.0188
292.00,1.6209,2.2101,0.1765,1.7790,2.1150,-0.0888,1.5859,2.2189,-0.0190
292.50,1.6209,2.2101,0.1765,1.7790,2.1150,-0.0898,1.5859,2.2189,-0.0200
293.00,1.6209,2.2101,0.1765,1.7790,2.1150,-0.0908,1.5859,2.2189,-0.0210
293.50,1.6209,2.2101,0.1765,1.7790,2.1150,-0.0910,1.5859,2.2189,-0.0212
294.00,1.6209,2.2101,0.1765,1.7790,2.1150,-0.0914,1.5859,2.2189,-0.0216
294.50,1.6209,2.2101,0.1765,1.7790,2.1150,-0.0921,1.5859,2.2189,-0.0223
295.00,1.6209,2.2101,0.1765,1.7790,2.1150,-0.0931,1.5859,2.2189,-0.0233
295.50,1.6209,2.2101,0.1765,1.7790,2.1150,-0.0935,1.5859,2.2189,-0.0237
296.00,1.6209,2.2101,0.1765,1.7790,2.1150,-0.0940,1.5859,2.2189,-0.0242
296.50,1.6209,2.2101,0.1765,1.7790,2.1150,-0.0950,1.5859,2.2189,-0.0252
297.00,1.6209,2.2101,0.1765,1.7790,2.1150,-0.0963,1.5859,2.2189,-0.0265
297.50,1.6209,2.2101,0.1765,1.7790,2.1150,-0.0965,1.5859,2.2189,-0.0267
298.00,1.6209,2.2101,0.1765,1.7790,2.1150,-0.0969,1.5859,2.2189,-0.0271
298.50,1.6209,2.2101,0.1765,1.7790,2.1150,-0.0967,1.5859,2.2189,-0.0269
299.00,1.6209,2.2101,0.1765,1.7790,2.1150,-0.0965,1.5859,2.2189,-0.0267
299.50,1.6209,2.2101,0.1765,1.7790,2.1150,-0.0970,1.5859,2.2189,-0.0272
300.00,1.6209,2.2101,0.1765,1.7790,2.1150,-0.0972,1.5859,2.2189,-0.0274
300.50,1.6209,2.2101,0.1765,1.7790,2.1150,-0.0976,1.5859,2.2189,-0.0278
301.00,1.6209,2.2101,0.1765,1.7790,2.1150,-0.0979,1.5859,2.2189,-0.0281
301.50,1.6209,2.2101,0.1765,1.7790,2.1150,-0.0984,1.5859,2.2189,-0.0286
302.00,1.6209,2.2101,0.1765,1.7790,2.1150,-0.0990,1.5859,2.2189,-0.0292
302.50,1.6209,2.2101,0.1765,1.7790,2.1150,-0.0992,1.5859,2.2189,-0.0294
303.00,1.6209,2.2101,0.1765,1.7790,2.1150,-0.0997,1.5859,2.2189,-0.0299
303.50,1.6209,2.2101,0.1765,1.7790,2.1150,-0.1009,1.5859,2.2189,-0.0311
304.00,1.6209,2.2101,0.1765,1.7790,2.1150,-0.1013,1.5859,2.2189,-0.0315
304.50,1.6209,2.2101,0.1765,1.7790,2.1150,-0.1015,1.5859,2.2189,-0.0317
305.00,1.6209,2.2101,0.1765,1.7790,2.1150,-0.1024,1.5859,2.2189,-0.0326
305.50,1.6209,2.2101,0.1765,1.7790,2.1150,-0.1029,1.5859,2.2189,-0.0331
306.00,1.6209,2.2101,0.1765,1.7790,2.1150,-0.1032,1.5859,2.2189,-0.0334
306.50,1.6209,2.2101,0.1765,1.7790,2.1150,-0.1041,1.5859,2.2189,-0.0343
307.00,1.6209,2.2101,0.1765,1.7790,2.1150,-0.1038,1.5859,2.2189,-0.0340
307.50,1.6209,2.2101,0.1765,1.7790,2.1150,-0.1043,1.5859,2.2189,-0.0345
308.00,1.6209,2.2101,0.1765,1.7790,2.1150,-0.1047,1.5859,2.2189,-0.0349
308.50,1.6209,2.2101,0.1765,1.7790,2.1150,-0.1054,1.5859,2.2189,-0.0356
309.00,1.6209,2.2101,0.1765,1.7790,2.1150,-0.1055,1.5859,2.2189,-0.0357
309.50,1.6209,2.2101,0.1765,1.7790,2.1150,-0.1058,1.5859,2.2189,-0.0360
310.00,1.6209,2.2101,0.1765,1.7790,2.1150,-0.1062,1.5859,2.2189,-0.0364
310.50,1.6209,2.2101,0.1765,1.7790,2.1150,-0.1070,1.5859,2.2189,-0.0372
311.00,1.6209,2.2101,0.1765,1.7790,2.1150,-0.1074,1.5859,2.2189,-0.0376
311.50,1.6209,2.2101,0.1765,1.7790,2.1150,-0.1079,1.5859,2.2189,-0.0381
312.00,1.6209,2.2101,0.1765,1.7790,2.1150,-0.1080,1.5859,2.2189,-0.0382
312.50,1.6209,2.2101,0.1765,1.7790,2.1150,-0.1083,1.5859,2.2189,-0.0385
313.00,1.6209,2.2101,0.1765,1.7790,2.1150,-0.1080,1.5859,2.2189,-0.0382
313.50,1.6209,2.2101,0.1765,1.7790,2.1150,-0.1078,1.5859,2.2189,-0.0380
314.00,1.6209,2.2101,0.1765,1.7790,2.1150,-0.1088,1.5859,2.2189,-0.0390
314.50,1.6209,2.2101,0.1765,1.7790,2.1150,-0.1091,1.5859,2.2189,-0.0393
315.00,1.6209,2.2101,0.1765,1.7790,2.1150,-0.1094,1.5859,2.2189,-0.0396
315.50,1.6209,2.2101,0.1765,1.7790,2.1150,-0.1097,1.5859,2.2189,-0.0399
316.00,1.6209,2.2101,0.1765,1.7790,2.1150,-0.1098,1.5859,2.2189,-0.0400
316.50,1.6209,2.2101,0.1765,1.7790,2.1150,-0.1103,1.5859,2.2189,-0.0405
317.00,1.6209,2.2101,0.1765,1.7790,2.1150,-0.1104,1.5859,2.2189,-0.0406
317.50,1.6209,2.2101,0.1765,1.7790,2.1150,-0.1110,1.5859,2.2189,-0.0412
318.00,1.6209,2.2101,0.1765,1.7790,2.1150,-0.1120,1.5859,2.2189,-0.0422
318.50,1.6209,2.2101,0.1765,1.7790,2.1150,-0.1123,1.5859,2.2189,-0.0425
319.00,1.6209,2.2101,0.1765,1.7790,2.1150,-0.1125,1.5859,2.2189,-0.0427
319.50,1.6209,2.2101,0.1765,1.7790,2.1150,-0.1131,1.5859,2.2189,-0.0433
320.00,1.6209,2.2101,0.1765,1.7790,2.1150,-0.1131,1.5859,2.2189,-0.0433
320.50,1.6209,2.2101,0.1765,1.7790,2.1150,-0.1132,1.5859,2.2189,-0.0434
321.00,1.6209,2.2101,0.1765,1.7790,2.1150,-0.1139,1.5859,2.2189,-0.0441
321.50,1.6209,2.2101,0.1765,1.7790,2.1150,-0.1149,1.5859,2.2189,-0.0451
322.00,1.6209,2.2101,0.1765,1.7790,2.1150,-0.1153,1.5859,2.2189,-0.0455
322.50,1.6209,2.2101,0.1765,1.7790,2.1150,-0.1155,1.5859,2.2189,-0.0457
323.00,1.6209,2.2101,0.1765,1.7790,2.1150,-0.1162,1.5859,2.2189,-0.0464
323.50,1.6209,2.2101,0.1765,1.7790,2.1150,-0.1168,1.5859,2.2189,-0.0470
324.00,1.6209,2.2101,0.1765,1.7790,2.1150,-0.1179,1.5859,2.2189,-0.0481
324.50,1.6209,2.2101,0.1765,1.7790,2.1150,-0.1187,1.5859,2.2189,-0.0489
325.00,1.6209,2.2101,0.1765,1.7790,2.1150,-0.1191,1.5859,2.2189,-0.0493
325.50,1.6209,2.2101,0.1765,1.7790,2.1150,-0.1199,1.5859,2.2189,-0.0501
326.00,1.6209,2.2101,0.1765,1.7790,2.1150,-0.1201,1.5859,2.2189,-0.0503
326.50,1.6209,2.2101,0.1765,1.7790,2.1150,-0.1212,1.5859,2.2189,-0.0514
327.00,1.6209,2.2101,0.1765,1.7790,2.1150,-0.1225,1.5859,2.2189,-0.0527
327.50,1.6209,2.2101,0.1765,1.7790,2.1150,-0.1228,1.5859,2.2189,-0.0530
328.00,1.6209,2.2101,0.1765,1.7790,2.1150,-0.1239,1.5859,2.2189,-0.0541
328.50,1.6209,2.2101,0.1765,1.7790,2.1150,-0.1245,1.5859,2.2189,-0.0547
329.00,1.6209,2.2101,0.1765,1.7790,2.1150,-0.1254,1.5859,2.2189,-0.0556
329.50,1.6209,2.2101,0.1765,1.7790,2.1150,-0.1255,1.5859,2.2189,-0.0557
330.00,1.6209,2.2101,0.1765,1.7790,2.1150,-0.1262,1.5859,2.2189,-0.0564
330.50,1.6209,2.2101,0.1765,1.7790,2.1150,-0.1270,1.5859,2.2189,-0.0572
331.00,1.6209,2.2101,0.1765,1.7790,2.1150,-0.1277,1.5859,2.2189,-0.0579
331.50,1.6209,2.2101,0.1765,1.7790,2.1150,-0.1284,1.5859,2.2189,-0.0586
332.00,1.6209,2.2101,0.1765,1.7790,2.1150,-0.1288,1.5859,2.2189,-0.0590
332.50,1.6209,2.2101,0.1765,1.7790,2.1150,-0.1291,1.5859,2.2189,-0.0593
333.00,1.6209,2.2101,0.1765,1.7790,2.1150,-0.1302,1.5859,2.2189,-0.0604
333.50,1.6209,2.2101,0.1765,1.7790,2.1150,-0.1311,1.5859,2.2189,-0.0613
334.00,1.6209,2.2101,0.1765,1.7790,2.1150,-0.1315,1.5859,2.2189,-0.0617
334.50,1.6209,2.2101,0.1765,1.7790,2.1150,-0.1319,1.5859,2.2189,-0.0621
335.00,1.6209,2.2101,0.1765,1.7790,2.1150,-0.1326,1.5859,2.2189,-0.0628
335.50,1.6209,2.2101,0.1765,1.7790,2.1150,-0.1334,1.5859,2.2189,-0.0636
336.00,1.6209,2.2101,0.1765,1.7790,2.1150,-0.1340,1.5859,2.2189,-0.0642
336.50,1.6209,2.2101,0.1765,1.7790,2.1150,-0.1342,1.5859,2.2189,-0.0644
337.00,1.6209,2.2101,0.1765,1.7790,2.1150,-0.1351,1.5859,2.2189,-0.0653
337.50,1.6209,2.2101,0.1765,1.7790,2.1150,-0.1354,1.5859,2.2189,-0.0656
338.00,1.6209,2.2101,0.1765,1.7790,2.1150,-0.1366,1.5859,2.2189,-0.0668
338.50,1.6209,2.2101,0.1765,1.7790,2.1150,-0.1372,1.5859,2.2189,-0.0674
339.00,1.6209,2.2101,0.1765,1.7790,2.1150,-0.1381,1.5859,2.2189,-0.0683
339.50,1.6209,2.2101,0.1765,1.7790,2.1150,-0.1390,1.5859,2.2189,-0.0692
340.00,1.6209,2.2101,0.1765,1.7790,2.1150,-0.1398,1.5859,2.2189,-0.0700
340.50,1.6209,2.2101,0.1765,1.7790,2.1150,-0.1406,1.5859,2.2189,-0.0708
341.00,1.6209,2.2101,0.1765,1.7790,2.1150,-0.1413,1.5859,2.2189,-0.0715
341.50,1.6209,2.2101,0.1765,1.7790,2.1150,-0.1417,1.5859,2.2189,-0.0719
342.00,1.6209,2.2101,0.1765,1.7790,2.1150,-0.1421,1.5859,2.2189,-0.0723
342.50,1.6209,2.2101,0.1765,1.7790,2.1150,-0.1427,1.5859,2.2189,-0.0729
343.00,1.6209,2.2101,0.1765,1.7790,2.1150,-0.1436,1.5859,2.2189,-0.0738
343.50,1.6209,2.2101,0.1765,1.7790,2.1150,-0.1444,1.5859,2.2189,-0.0746
344.00,1.6209,2.2101,0.1765,1.7790,2.1150,-0.1457,1.5859,2.2189,-0.0759
344.50,1.6209,2.2101,0.1765,1.7790,2.1150,-0.1463,1.5859,2.2189,-0.0765
345.00,1.6209,2.2101,0.1765,1.7790,2.1150,-0.1470,1.5859,2.2189,-0.0772
345.50,1.6209,2.2101,0.1765,1.7790,2.1150,-0.1477,1.5859,2.2189,-0.0779
346.00,1.6209,2.2101,0.1765,1.7790,2.1150,-0.1492,1.5859,2.2189,-0.0794
346.50,1.6209,2.2101,0.1765,1.7790,2.1150,-0.1495,1.5859,2.2189,-0.0797
347.00,1.6209,2.2101,0.1765,1.7790,2.1150,-0.1497,1.5859,2.2189,-0.0799
347.50,1.6209,2.2101,0.1765,1.7790,2.1150,-0.1504,1.5859,2.2189,-0.0806
348.00,1.6209,2.2101,0.1765,1.7790,2.1150,-0.1513,1.5859,2.2189,-0.0815
348.50,1.6209,2.2101,0.1765,1.7790,2.1150,-0.1524,1.5859,2.2189,-0.0826
349.00,1.6209,2.2101,0.1765,1.7790,2.1150,-0.1532,1.5859,2.2189,-0.0834
349.50,1.6209,2.2101,0.1765,1.7790,2.1150,-0.1540,1.5859,2.2189,-0.0842
350.00,1.6209,2.2101,0.1765,1.7790,2.1150,-0.1551,1.5859,2.2189,-0.0853
350.50,1.6209,2.2101,0.1765,1.7790,2.1150,-0.1560,1.5859,2.2189,-0.0862
351.00,1.6209,2.2101,0.1765,1.7790,2.1150,-0.1570,1.5859,2.2189,-0.0872
351.50,1.6209,2.2101,0.1765,1.7790,2.1150,-0.1578,1.5859,2.2189,-0.0880
352.00,1.6209,2.2101,0.1765,1.7790,2.1150,-0.1582,1.5859,2.2189,-0.0884
352.50,1.6209,2.2101,0.1765,1.7790,2.1150,-0.1589,1.5859,2.2189,-0.0891
353.00,1.6209,2.2101,0.1765,1.7790,2.1150,-0.1597,1.5859,2.2189,-0.0899
353.50,1.6209,2.2101,0.1765,1.7790,2.1150,-0.1606,1.5859,2.2189,-0.0908
354.00,1.6209,2.2101,0.1765,1.7790,2.1150,-0.1611,1.5859,2.2189,-0.0913
354.50,1.6209,2.2101,0.1765,1.7790,2.1150,-0.1615,1.5859,2.2189,-0.0917
355.00,1.6209,2.2101,0.1765,1.7790,2.1150,-0.1624,1.5859,2.2189,-0.0926
355.50,1.6209,2.2101,0.1765,1.7790,2.1150,-0.1627,1.5859,2.2189,-0.0929
356.00,1.6209,2.2101,0.1765,1.7790,2.1150,-0.1636,1.5859,2.2189,-0.0938
356.50,1.6209,2.2101,0.1765,1.7790,2.1150,-0.1644,1.5859,2.2189,-0.0946
357.00,1.6209,2.2101,0.1765,1.7790,2.1150,-0.1652,1.5859,2.2189,-0.0954
357.50,1.6209,2.2101,0.1765,1.7790,2.1150,-0.1661,1.5859,2.2189,-0.0963
358.00,1.6209,2.2101,0.1765,1.7790,2.1150,-0.1669,1.5859,2.2189,-0.0971
358.50,1.6209,2.2101,0.1765,1.7790,2.1150,-0.1674,1.5859,2.2189,-0.0976
359.00,1.6209,2.2101,0.1765,1.7790,2.1150,-0.1679,1.5859,2.2189,-0.0981
359.50,1.6209,2.2101,0.1765,1.7790,2.1150,-0.1688,1.5859,2.2189,-0.0990
360.00,1.6209,2.2101,0.1765,1.7790,2.1150,-0.1696,1.5859,2.2189,-0.0998
360.50,1.6209,2.2101,0.1765,1.7790,2.1150,-0.1706,1.5859,2.2189,-0.1008
361.00,1.6209,2.2101,0.1765,1.7790,2.1150,-0.1713,1.5859,2.2189,-0.1015
361.50,1.6209,2.2101,0.1765,1.7790,2.1150,-0.1718,1.5859,2.2189,-0.1020
362.00,1.6209,2.2101,0.1765,1.7790,2.1150,-0.1723,1.5859,2.2189,-0.1025
362.50,1.6209,2.2101,0.1765,1.7790,2.1150,-0.1732,1.5859,2.2189,-0.1034
363.00,1.6209,2.2101,0.1765,1.7790,2.1150,-0.1742,1.5859,2.2189,-0.1044
363.50,1.6209,2.2101,0.1765,1.7790,2.1150,-0.1743,1.5859,2.2189,-0.1045
364.00,1.6209,2.2101,0.1765,1.7790,2.1150,-0.1749,1.5859,2.2189,-0.1051
364.50,1.6209,2.2101,0.1765,1.7790,2.1150,-0.1757,1.5859,2.2189,-0.1059
365.00,1.6209,2.2101,0.1765,1.7790,2.1150,-0.1761,1.5859,2.2189,-0.1063
365.50,1.6209,2.2101,0.1765,1.7790,2.1150,-0.1770,1.5859,2.2189,-0.1072
366.00,1.6209,2.2101,0.1765,1.7790,2.1150,-0.1781,1.5859,2.2189,-0.1083
366.50,1.6209,2.2101,0.1765,1.7790,2.1150,-0.1783,1.5859,2.2189,-0.1085
367.00,1.6209,2.2101,0.1765,1.7790,2.1150,-0.1791,1.5859,2.2189,-0.1093
367.50,1.6209,2.2101,0.1765,1.7790,2.1150,-0.1799,1.5859,2.2189,-0.1101
368.00,1.6209,2.2101,0.1765,1.7790,2.1150,-0.1800,1.5859,2.2189,-0.1102
368.50,1.6209,2.2101,0.1765,1.7790,2.1150,-0.1809,1.5859,2.2189,-0.1111
369.00,1.6209,2.2101,0.1765,1.7790,2.1150,-0.1819,1.5859,2.2189,-0.1121
369.50,1.6209,2.2101,0.1765,1.7790,2.1150,-0.1824,1.5859,2.2189,-0.1126
370.00,1.6209,2.2101,0.1765,1.7790,2.1150,-0.1834,1.5859,2.2189,-0.1136
370.50,1.6209,2.2101,0.1765,1.7790,2.1150,-0.1839,1.5859,2.2189,-0.1141
371.00,1.6209,2.2101,0.1765,1.7790,2.1150,-0.1846,1.5859,2.2189,-0.1148
371.50,1.6209,2.2101,0.1765,1.7790,2.1150,-0.1858,1.5859,2.2189,-0.1160
372.00,1.6209,2.2101,0.1765,1.7790,2.1150,-0.1867,1.5859,2.2189,-0.1169
372.50,1.6209,2.2101,0.1765,1.7790,2.1150,-0.1882,1.5859,2.2189,-0.1184
373.00,1.6209,2.2101,0.1765,1.7790,2.1150,-0.1888,1.5859,2.2189,-0.1190
373.50,1.6209,2.2101,0.1765,1.7790,2.1150,-0.1899,1.5859,2.2189,-0.1201
374.00,1.6209,2.2101,0.1765,1.7790,2.1150,-0.1908,1.5859,2.2189,-0.1210
374.50,1.6209,2.2101,0.1765,1.7790,2.1150,-0.1916,1.5859,2.2189,-0.1218
375.00,1.6209,2.2101,0.1765,1.7790,2.1150,-0.1927,1.5859,2.2189,-0.1229
375.50,1.6209,2.2101,0.1765,1.7790,2.1150,-0.1936,1.5859,2.2189,-0.1238
376.00,1.6209,2.2101,0.1765,1.7790,2.1150,-0.1939,1.5859,2.2189,-0.1241
376.50,1.6209,2.2101,0.1765,1.7790,2.1150,-0.1950,1.5859,2.2189,-0.1252
377.00,1.6209,2.2101,0.1765,1.7790,2.1150,-0.1956,1.5859,2.2189,-0.1258
377.50,1.6209,2.2101,0.1765,1.7790,2.1150,-0.1965,1.5859,2.2189,-0.1267
378.00,1.6209,2.2101,0.1765,1.7790,2.1150,-0.1976,1.5859,2.2189,-0.1278
378.50,1.6209,2.2101,0.1765,1.7790,2.1150,-0.1980,1.5859,2.2189,-0.1282
379.00,1.6209,2.2101,0.1765,1.7790,2.1150,-0.1989,1.5859,2.2189,-0.1291
379.50,1.6209,2.2101,0.1765,1.7790,2.1150,-0.1998,1.5859,2.2189,-0.1300
380.00,1.6209,2.2101,0.1765,1.7790,2.1150,-0.2010,1.5859,2.2189,-0.1312
380.50,1.6209,2.2101,0.1765,1.7790,2.1150,-0.2018,1.5859,2.2189,-0.1320
381.00,1.6209,2.2101,0.1765,1.7790,2.1150,-0.2028,1.5859,2.2189,-0.1330
381.50,1.6209,2.2101,0.1765,1.7790,2.1150,-0.2036,1.5859,2.2189,-0.1338
382.00,1.6209,2.2101,0.1765,1.7790,2.1150,-0.2051,1.5859,2.2189,-0.1353
382.50,1.6209,2.2101,0.1765,1.7790,2.1150,-0.2059,1.5859,2.2189,-0.1361
383.00,1.6209,2.2101,0.1765,1.7790,2.1150,-0.2064,1.5859,2.2189,-0.1366
383.50,1.6209,2.2101,0.1765,1.7790,2.1150,-0.2070,1.5859,2.2189,-0.1372
384.00,1.6209,2.2101,0.1765,1.7790,2.1150,-0.2077,1.5859,2.2189,-0.1379
384.50,1.6209,2.2101,0.1765,1.7790,2.1150,-0.2087,1.5859,2.2189,-0.1389
385.00,1.6209,2.2101,0.1765,1.7790,2.1150,-0.2098,1.5859,2.2189,-0.1400
385.50,1.6209,2.2101,0.1765,1.7790,2.1150,-0.2110,1.5859,2.2189,-0.1412
386.00,1.6209,2.2101,0.1765,1.7790,2.1150,-0.2117,1.5859,2.2189,-0.1419
386.50,1.6209,2.2101,0.1765,1.7790,2.1150,-0.2125,1.5859,2.2189,-0.1427
387.00,1.6209,2.2101,0.1765,1.7790,2.1150,-0.2129,1.5859,2.2189,-0.1431
387.50,1.6209,2.2101,0.1765,1.7790,2.1150,-0.2133,1.5859,2.2189,-0.1435
388.00,1.6209,2.2101,0.1765,1.7790,2.1150,-0.2141,1.5859,2.2189,-0.1443
388.50,1.6209,2.2101,0.1765,1.7790,2.1150,-0.2148,1.5859,2.2189,-0.1450
389.00,1.6209,2.2101,0.1765,1.7790,2.1150,-0.2153,1.5859,2.2189,-0.1455
389.50,1.6209,2.2101,0.1765,1.7790,2.1150,-0.2162,1.5859,2.2189,-0.1464
390.00,1.6209,2.2101,0.1765,1.7790,2.1150,-0.2170,1.5859,2.2189,-0.1472
390.50,1.6209,2.2101,0.1765,1.7790,2.1150,-0.2173,1.5859,2.2189,-0.1475
391.00,1.6209,2.2101,0.1765,1.7790,2.1150,-0.2182,1.5859,2.2189,-0.1484
391.50,1.6209,2.2101,0.1765,1.7790,2.1150,-0.2190,1.5859,2.2189,-0.1492
392.00,1.6209,2.2101,0.1765,1.7790,2.1150,-0.2193,1.5859,2.2189,-0.1495
392.50,1.6209,2.2101,0.1765,1.7790,2.1150,-0.2205,1.5859,2.2189,-0.1507
393.00,1.6209,2.2101,0.1765,1.7790,2.1150,-0.2214,1.5859,2.2189,-0.1516
393.50,1.6209,2.2101,0.1765,1.7790,2.1150,-0.2221,1.5859,2.2189,-0.1523
394.00,1.6209,2.2101,0.1765,1.7790,2.1150,-0.2227,1.5859,2.2189,-0.1529
394.50,1.6209,2.2101,0.1765,1.7790,2.1150,-0.2231,1.5859,2.2189,-0.1533
395.00,1.6209,2.2101,0.1765,1.7790,2.1150,-0.2240,1.5859,2.2189,-0.1542
395.50,1.6209,2.2101,0.1765,1.7790,2.1150,-0.2243,1.5859,2.2189,-0.1545
396.00,1.6209,2.2101,0.1765,1.7790,2.1150,-0.2250,1.5859,2.2189,-0.1552
396.50,1.6209,2.2101,0.1765,1.7790,2.1150,-0.2254,1.5859,2.2189,-0.1556
397.00,1.6209,2.2101,0.1765,1.7790,2.1150,-0.2258,1.5859,2.2189,-0.1560
397.50,1.6209,2.2101,0.1765,1.7790,2.1150,-0.2267,1.5859,2.2189,-0.1569
398.00,1.6209,2.2101,0.1765,1.7790,2.1150,-0.2273,1.5859,2.2189,-0.1575
398.50,1.6209,2.2101,0.1765,1.7790,2.1150,-0.2285,1.5859,2.2189,-0.1587
399.00,1.6209,2.2101,0.1765,1.7790,2.1150,-0.2292,1.5859,2.2189,-0.1594
399.50,1.6209,2.2101,0.1765,1.7790,2.1150,-0.2304,1.5859,2.2189,-0.1606
400.00,1.6209,2.2101,0.1765,1.7790,2.1150,-0.2311,1.5859,2.2189,-0.1613
400.50,1.6209,2.2101,0.1765,1.7790,2.1150,-0.2315,1.5859,2.2189,-0.1617
401.00,1.6209,2.2101,0.1765,1.7790,2.1150,-0.2319,1.5859,2.2189,-0.1621
401.50,1.6209,2.2101,0.1765,1.7790,2.1150,-0.2329,1.5859,2.2189,-0.1631
402.00,1.6209,2.2101,0.1765,1.7790,2.1150,-0.2334,1.5859,2.2189,-0.1636
402.50,1.6209,2.2101,0.1765,1.7790,2.1150,-0.2347,1.5859,2.2189,-0.1649
403.00,1.6209,2.2101,0.1765,1.7790,2.1150,-0.2355,1.5859,2.2189,-0.1657
403.50,1.6209,2.2101,0.1765,1.7790,2.1150,-0.2357,1.5859,2.2189,-0.1659
404.00,1.6209,2.2101,0.1765,1.7790,2.1150,-0.2357,1.5859,2.2189,-0.1659
404.50,1.6209,2.2101,0.1765,1.7790,2.1150,-0.2368,1.5859,2.2189,-0.1670
405.00,1.6209,2.2101,0.1765,1.7790,2.1150,-0.2373,1.5859,2.2189,-0.1675
405.50,1.6209,2.2101,0.1765,1.7790,2.1150,-0.2382,1.5859,2.2189,-0.1684
406.00,1.6209,2.2101,0.1765,1.7790,2.1150,-0.2391,1.5859,2.2189,-0.1693
406.50,1.6209,2.2101,0.1765,1.7790,2.1150,-0.2396,1.5859,2.2189,-0.1698
407.00,1.6209,2.2101,0.1765,1.7790,2.1150,-0.2404,1.5859,2.2189,-0.1706
407.50,1.6209,2.2101,0.1765,1.7790,2.1150,-0.2405,1.5859,2.2189,-0.1707
408.00,1.6209,2.2101,0.1765,1.7790,2.1150,-0.2415,1.5859,2.2189,-0.1717
408.50,1.6209,2.2101,0.1765,1.7790,2.1150,-0.2421,1.5859,2.2189,-0.1723
409.00,1.6209,2.2101,0.1765,1.7790,2.1150,-0.2421,1.5859,2.2189,-0.1723
409.50,1.6209,2.2101,0.1765,1.7790,2.1150,-0.2426,1.5859,2.2189,-0.1728
410.00,1.6209,2.2101,0.1765,1.7790,2.1150,-0.2432,1.5859,2.2189,-0.1734
410.50,1.6209,2.2101,0.1765,1.7790,2.1150,-0.2439,1.5859,2.2189,-0.1741
411.00,1.6209,2.2101,0.1765,1.7790,2.1150,-0.2440,1.5859,2.2189,-0.1742
411.50,1.6209,2.2101,0.1765,1.7790,2.1150,-0.2445,1.5859,2.2189,-0.1747
412.00,1.6209,2.2101,0.1765,1.7790,2.1150,-0.2449,1.5859,2.2189,-0.1751
412.50,1.6209,2.2101,0.1765,1.7790,2.1150,-0.2455,1.5859,2.2189,-0.1757
413.00,1.6209,2.2101,0.1765,1.7790,2.1150,-0.2464,1.5859,2.2189,-0.1766
413.50,1.6209,2.2101,0.1765,1.7790,2.1150,-0.2466,1.5859,2.2189,-0.1768
414.00,1.6209,2.2101,0.1765,1.7790,2.1150,-0.2475,1.5859,2.2189,-0.1777
414.50,1.6209,2.2101,0.1765,1.7790,2.1150,-0.2477,1.5859,2.2189,-0.1779
415.00,1.6209,2.2101,0.1765,1.7790,2.1150,-0.2478,1.5859,2.2189,-0.1780
415.50,1.6209,2.2101,0.1765,1.7790,2.1150,-0.2485,1.5859,2.2189,-0.1787
416.00,1.6209,2.2101,0.1765,1.7790,2.1150,-0.2492,1.5859,2.2189,-0.1794
416.50,1.6209,2.2101,0.1765,1.7790,2.1150,-0.2501,1.5859,2.2189,-0.1803
417.00,1.6209,2.2101,0.1765,1.7790,2.1150,-0.2506,1.5859,2.2189,-0.1808
417.50,1.6209,2.2101,0.1765,1.7790,2.1150,-0.2504,1.5859,2.2189,-0.1806
418.00,1.6209,2.2101,0.1765,1.7790,2.1150,-0.2505,1.5859,2.2189,-0.1807
418.50,1.6209,2.2101,0.1765,1.7790,2.1150,-0.2514,1.5859,2.2189,-0.1816
419.00,1.6209,2.2101,0.1765,1.7790,2.1150,-0.2523,1.5859,2.2189,-0.1825
419.50,1.6209,2.2101,0.1765,1.7790,2.1150,-0.2523,1.5859,2.2189,-0.1825
420.00,1.6209,2.2101,0.1765,1.7790,2.1150,-0.2528,1.5859,2.2189,-0.1830
420.50,1.6209,2.2101,0.1765,1.7790,2.1150,-0.2536,1.5859,2.2189,-0.1838
421.00,1.6209,2.2101,0.1765,1.7790,2.1150,-0.2544,1.5859,2.2189,-0.1846
421.50,1.6209,2.2101,0.1765,1.7790,2.1150,-0.2554,1.5859,2.2189,-0.1856
422.00,1.6209,2.2101,0.1765,1.7790,2.1150,-0.2559,1.5859,2.2189,-0.1861
422.50,1.6209,2.2101,0.1765,1.7790,2.1150,-0.2561,1.5859,2.2189,-0.1863
423.00,1.6209,2.2101,0.1765,1.7790,2.1150,-0.2569,1.5859,2.2189,-0.1871
423.50,1.6209,2.2101,0.1765,1.7790,2.1150,-0.2571,1.5859,2.2189,-0.1873
424.00,1.6209,2.2101,0.1765,1.7790,2.1150,-0.2575,1.5859,2.2189,-0.1877
424.50,1.6209,2.2101,0.1765,1.7790,2.1150,-0.2586,1.5859,2.2189,-0.1888
425.00,1.6209,2.2101,0.1765,1.7790,2.1150,-0.2588,1.5859,2.2189,-0.1890
425.50,1.6209,2.2101,0.1765,1.7790,2.1150,-0.2593,1.5859,2.2189,-0.1895
426.00,1.6209,2.2101,0.1765,1.7790,2.1150,-0.2600,1.5859,2.2189,-0.1902
426.50,1.6209,2.2101,0.1765,1.7790,2.1150,-0.2606,1.5859,2.2189,-0.1908
427.00,1.6209,2.2101,0.1765,1.7790,2.1150,-0.2611,1.5859,2.2189,-0.1913
427.50,1.6209,2.2101,0.1765,1.7790,2.1150,-0.2625,1.5859,2.2189,-0.1927
428.00,1.6209,2.2101,0.1765,1.7790,2.1150,-0.2637,1.5859,2.2189,-0.1939
428.50,1.6209,2.2101,0.1765,1.7790,2.1150,-0.2645,1.5859,2.2189,-0.1947
429.00,1.6209,2.2101,0.1765,1.7790,2.1150,-0.2653,1.5859,2.2189,-0.1955
429.50,1.6209,2.2101,0.1765,1.7790,2.1150,-0.2662,1.5859,2.2189,-0.1964
430.00,1.6209,2.2101,0.1765,1.7790,2.1150,-0.2662,1.5859,2.2189,-0.1964
430.50,1.6209,2.2101,0.1765,1.7790,2.1150,-0.2672,1.5859,2.2189,-0.1974
431.00,1.6209,2.2101,0.1765,1.7790,2.1150,-0.2674,1.5859,2.2189,-0.1976
431.50,1.6209,2.2101,0.1765,1.7790,2.1150,-0.2676,1.5859,2.2189,-0.1978
432.00,1.6209,2.2101,0.1765,1.7790,2.1150,-0.2681,1.5859,2.2189,-0.1983
432.50,1.6209,2.2101,0.1765,1.7790,2.1150,-0.2685,1.5859,2.2189,-0.1987
433.00,1.6209,2.2101,0.1765,1.7790,2.1150,-0.2694,1.5859,2.2189,-0.1996
433.50,1.6209,2.2101,0.1765,1.7790,2.1150,-0.2698,1.5859,2.2189,-0.2000
434.00,1.6209,2.2101,0.1765,1.7790,2.1150,-0.2702,1.5859,2.2189,-0.2004
434.50,1.6209,2.2101,0.1765,1.7790,2.1150,-0.2707,1.5859,2.2189,-0.2009
435.00,1.6209,2.2101,0.1765,1.7790,2.1150,-0.2712,1.5859,2.2189,-0.2014
435.50,1.6209,2.2101,0.1765,1.7790,2.1150,-0.2721,1.5859,2.2189,-0.2023
436.00,1.6209,2.2101,0.1765,1.7790,2.1150,-0.2726,1.5859,2.2189,-0.2028
436.50,1.6209,2.2101,0.1765,1.7790,2.1150,-0.2730,1.5859,2.2189,-0.2032
437.00,1.6209,2.2101,0.1765,1.7790,2.1150,-0.2733,1.5859,2.2189,-0.2035
437.50,1.6209,2.2101,0.1765,1.7790,2.1150,-0.2741,1.5859,2.2189,-0.2043
438.00,1.6209,2.2101,0.1765,1.7790,2.1150,-0.2749,1.5859,2.2189,-0.2051
438.50,1.6209,2.2101,0.1765,1.7790,2.1150,-0.2754,1.5859,2.2189,-0.2056
439.00,1.6209,2.2101,0.1765,1.7790,2.1150,-0.2761,1.5859,2.2189,-0.2063
439.50,1.6209,2.2101,0.1765,1.7790,2.1150,-0.2768,1.5859,2.2189,-0.2070
440.00,1.6209,2.2101,0.1765,1.7790,2.1150,-0.2773,1.5859,2.2189,-0.2075
440.50,1.6209,2.2101,0.1765,1.7790,2.1150,-0.2786,1.5859,2.2189,-0.2088
441.00,1.6209,2.2101,0.1765,1.7790,2.1150,-0.2786,1.5859,2.2189,-0.2088
441.50,1.6209,2.2101,0.1765,1.7790,2.1150,-0.2791,1.5859,2.2189,-0.2093
442.00,1.6209,2.2101,0.1765,1.7790,2.1150,-0.2804,1.5859,2.2189,-0.2106
442.50,1.6209,2.2101,0.1765,1.7790,2.1150,-0.2816,1.5859,2.2189,-0.2118
443.00,1.6209,2.2101,0.1765,1.7790,2.1150,-0.2815,1.5859,2.2189,-0.2117
443.50,1.6209,2.2101,0.1765,1.7790,2.1150,-0.2822,1.5859,2.2189,-0.2124
444.00,1.6209,2.2101,0.1765,1.7790,2.1150,-0.2826,1.5859,2.2189,-0.2128
444.50,1.6209,2.2101,0.1765,1.7790,2.1150,-0.2835,1.5859,2.2189,-0.2137
445.00,1.6209,2.2101,0.1765,1.7790,2.1150,-0.2845,1.5859,2.2189,-0.2147
445.50,1.6209,2.2101,0.1765,1.7790,2.1150,-0.2848,1.5859,2.2189,-0.2150
446.00,1.6209,2.2101,0.1765,1.7790,2.1150,-0.2854,1.5859,2.2189,-0.2156
446.50,1.6209,2.2101,0.1765,1.7790,2.1150,-0.2866,1.5859,2.2189,-0.2168
447.00,1.6209,2.2101,0.1765,1.7790,2.1150,-0.2877,1.5859,2.2189,-0.2179
447.50,1.6209,2.2101,0.1765,1.7790,2.1150,-0.2882,1.5859,2.2189,-0.2184
448.00,1.6209,2.2101,0.1765,1.7790,2.1150,-0.2886,1.5859,2.2189,-0.2188
448.50,1.6209,2.2101,0.1765,1.7790,2.1150,-0.2893,1.5859,2.2189,-0.2195
449.00,1.6209,2.2101,0.1765,1.7790,2.1150,-0.2901,1.5859,2.2189,-0.2203
449.50,1.6209,2.2101,0.1765,1.7790,2.1150,-0.2912,1.5859,2.2189,-0.2214
450.00,1.6209,2.2101,0.1765,1.7790,2.1150,-0.2912,1.5859,2.2189,-0.2214
450.50,1.6209,2.2101,0.1765,1.7790,2.1150,-0.2914,1.5859,2.2189,-0.2216
451.00,1.6209,2.2101,0.1765,1.7790,2.1150,-0.2917,1.5859,2.2189,-0.2219
451.50,1.6209,2.2101,0.1765,1.7790,2.1150,-0.2925,1.5859,2.2189,-0.2227
452.00,1.6209,2.2101,0.1765,1.7790,2.1150,-0.2934,1.5859,2.2189,-0.2236
452.50,1.6209,2.2101,0.1765,1.7790,2.1150,-0.2939,1.5859,2.2189,-0.2241
453.00,1.6209,2.2101,0.1765,1.7790,2.1150,-0.2944,1.5859,2.2189,-0.2246
453.50,1.6209,2.2101,0.1765,1.7790,2.1150,-0.2951,1.5859,2.2189,-0.2253
454.00,1.6209,2.2101,0.1765,1.7790,2.1150,-0.2959,1.5859,2.2189,-0.2261
454.50,1.6209,2.2101,0.1765,1.7790,2.1150,-0.2960,1.5859,2.2189,-0.2262
455.00,1.6209,2.2101,0.1765,1.7790,2.1150,-0.2968,1.5859,2.2189,-0.2270
455.50,1.6209,2.2101,0.1765,1.7790,2.1150,-0.2976,1.5859,2.2189,-0.2278
456.00,1.6209,2.2101,0.1765,1.7790,2.1150,-0.2988,1.5859,2.2189,-0.2290
456.50,1.6209,2.2101,0.1765,1.7790,2.1150,-0.2993,1.5859,2.2189,-0.2295
457.00,1.6209,2.2101,0.1765,1.7790,2.1150,-0.2995,1.5859,2.2189,-0.2297
457.50,1.6209,2.2101,0.1765,1.7790,2.1150,-0.2999,1.5859,2.2189,-0.2301
458.00,1.6209,2.2101,0.1765,1.7790,2.1150,-0.3008,1.5859,2.2189,-0.2310
458.50,1.6209,2.2101,0.1765,1.7790,2.1150,-0.3015,1.5859,2.2189,-0.2317
459.00,1.6209,2.2101,0.1765,1.7790,2.1150,-0.3027,1.5859,2.2189,-0.2329
459.50,1.6209,2.2101,0.1765,1.7790,2.1150,-0.3037,1.5859,2.2189,-0.2339
460.00,1.6209,2.2101,0.1765,1.7790,2.1150,-0.3038,1.5859,2.2189,-0.2340
460.50,1.6209,2.2101,0.1765,1.7790,2.1150,-0.3041,1.5859,2.2189,-0.2343
461.00,1.6209,2.2101,0.1765,1.7790,2.1150,-0.3050,1.5859,2.2189,-0.2352
461.50,1.6209,2.2101,0.1765,1.7790,2.1150,-0.3053,1.5859,2.2189,-0.2355
462.00,1.6209,2.2101,0.1765,1.7790,2.1150,-0.3060,1.5859,2.2189,-0.2362
462.50,1.6209,2.2101,0.1765,1.7790,2.1150,-0.3067,1.5859,2.2189,-0.2369
463.00,1.6209,2.2101,0.1765,1.7790,2.1150,-0.3071,1.5859,2.2189,-0.2373
463.50,1.6209,2.2101,0.1765,1.7790,2.1150,-0.3082,1.5859,2.2189,-0.2384
464.00,1.6209,2.2101,0.1765,1.7790,2.1150,-0.3092,1.5859,2.2189,-0.2394
464.50,1.6209,2.2101,0.1765,1.7790,2.1150,-0.3101,1.5859,2.2189,-0.2403
465.00,1.6209,2.2101,0.1765,1.7790,2.1150,-0.3108,1.5859,2.2189,-0.2410
465.50,1.6209,2.2101,0.1765,1.7790,2.1150,-0.3111,1.5859,2.2189,-0.2413
466.00,1.6209,2.2101,0.1765,1.7790,2.1150,-0.3123,1.5859,2.2189,-0.2425
466.50,1.6209,2.2101,0.1765,1.7790,2.1150,-0.3128,1.5859,2.2189,-0.2430
467.00,1.6209,2.2101,0.1765,1.7790,2.1150,-0.3138,1.5859,2.2189,-0.2440
467.50,1.6209,2.2101,0.1765,1.7790,2.1150,-0.3145,1.5859,2.2189,-0.2447
468.00,1.6209,2.2101,0.1765,1.7790,2.1150,-0.3151,1.5859,2.2189,-0.2453
468.50,1.6209,2.2101,0.1765,1.7790,2.1150,-0.3159,1.5859,2.2189,-0.2461
469.00,1.6209,2.2101,0.1765,1.7790,2.1150,-0.3167,1.5859,2.2189,-0.2469
469.50,1.6209,2.2101,0.1765,1.7790,2.1150,-0.3172,1.5859,2.2189,-0.2474
470.00,1.6209,2.2101,0.1765,1.7790,2.1150,-0.3176,1.5859,2.2189,-0.2478
470.50,1.6209,2.2101,0.1765,1.7790,2.1150,-0.3186,1.5859,2.2189,-0.2488
471.00,1.6209,2.2101,0.1765,1.7790,2.1150,-0.3196,1.5859,2.2189,-0.2498
471.50,1.6209,2.2101,0.1765,1.7790,2.1150,-0.3204,1.5859,2.2189,-0.2506
472.00,1.6209,2.2101,0.1765,1.7790,2.1150,-0.3209,1.5859,2.2189,-0.2511
472.50,1.6209,2.2101,0.1765,1.7790,2.1150,-0.3212,1.5859,2.2189,-0.2514
473.00,1.6209,2.2101,0.1765,1.7790,2.1150,-0.3220,1.5859,2.2189,-0.2522
473.50,1.6209,2.2101,0.1765,1.7790,2.1150,-0.3228,1.5859,2.2189,-0.2530
474.00,1.6209,2.2101,0.1765,1.7790,2.1150,-0.3234,1.5859,2.2189,-0.2536
474.50,1.6209,2.2101,0.1765,1.7790,2.1150,-0.3238,1.5859,2.2189,-0.2540
475.00,1.6209,2.2101,0.1765,1.7790,2.1150,-0.3250,1.5859,2.2189,-0.2552
475.50,1.6209,2.2101,0.1765,1.7790,2.1150,-0.3255,1.5859,2.2189,-0.2557
476.00,1.6209,2.2101,0.1765,1.7790,2.1150,-0.3263,1.5859,2.2189,-0.2565
476.50,1.6209,2.2101,0.1765,1.7790,2.1150,-0.3261,1.5859,2.2189,-0.2563
477.00,1.6209,2.2101,0.1765,1.7790,2.1150,-0.3266,1.5859,2.2189,-0.2568
477.50,1.6209,2.2101,0.1765,1.7790,2.1150,-0.3275,1.5859,2.2189,-0.2577
478.00,1.6209,2.2101,0.1765,1.7790,2.1150,-0.3284,1.5859,2.2189,-0.2586
478.50,1.6209,2.2101,0.1765,1.7790,2.1150,-0.3291,1.5859,2.2189,-0.2593
479.00,1.6209,2.2101,0.1765,1.7790,2.1150,-0.3296,1.5859,2.2189,-0.2598
479.50,1.6209,2.2101,0.1765,1.7790,2.1150,-0.3306,1.5859,2.2189,-0.2608
480.00,1.6209,2.2101,0.1765,1.7790,2.1150,-0.3318,1.5859,2.2189,-0.2620
480.50,1.6209,2.2101,0.1765,1.7790,2.1150,-0.3324,1.5859,2.2189,-0.2626
481.00,1.6209,2.2101,0.1765,1.7790,2.1150,-0.3333,1.5859,2.2189,-0.2635
481.50,1.6209,2.2101,0.1765,1.7790,2.1150,-0.3345,1.5859,2.2189,-0.2647
482.00,1.6209,2.2101,0.1765,1.7790,2.1150,-0.3349,1.5859,2.2189,-0.2651
482.50,1.6209,2.2101,0.1765,1.7790,2.1150,-0.3353,1.5859,2.2189,-0.2655
483.00,1.6209,2.2101,0.1765,1.7790,2.1150,-0.3360,1.5859,2.2189,-0.2662
483.50,1.6209,2.2101,0.1765,1.7790,2.1150,-0.3363,1.5859,2.2189,-0.2665
484.00,1.6209,2.2101,0.1765,1.7790,2.1150,-0.3372,1.5859,2.2189,-0.2674
484.50,1.6209,2.2101,0.1765,1.7790,2.1150,-0.3380,1.5859,2.2189,-0.2682
485.00,1.6209,2.2101,0.1765,1.7790,2.1150,-0.3382,1.5859,2.2189,-0.2684
485.50,1.6209,2.2101,0.1765,1.7790,2.1150,-0.3392,1.5859,2.2189,-0.2694
486.00,1.6209,2.2101,0.1765,1.7790,2.1150,-0.3398,1.5859,2.2189,-0.2700
486.50,1.6209,2.2101,0.1765,1.7790,2.1150,-0.3403,1.5859,2.2189,-0.2705
487.00,1.6209,2.2101,0.1765,1.7790,2.1150,-0.3415,1.5859,2.2189,-0.2717
487.50,1.6209,2.2101,0.1765,1.7790,2.1150,-0.3422,1.5859,2.2189,-0.2724
488.00,1.6209,2.2101,0.1765,1.7790,2.1150,-0.3429,1.5859,2.2189,-0.2731
488.50,1.6209,2.2101,0.1765,1.7790,2.1150,-0.3438,1.5859,2.2189,-0.2740
489.00,1.6209,2.2101,0.1765,1.7790,2.1150,-0.3442,1.5859,2.2189,-0.2744
489.50,1.6209,2.2101,0.1765,1.7790,2.1150,-0.3449,1.5859,2.2189,-0.2751
490.00,1.6209,2.2101,0.1765,1.7790,2.1150,-0.3450,1.5859,2.2189,-0.2752
490.50,1.6209,2.2101,0.1765,1.7790,2.1150,-0.3455,1.5859,2.2189,-0.2757
491.00,1.6209,2.2101,0.1765,1.7790,2.1150,-0.3461,1.5859,2.2189,-0.2763
491.50,1.6209,2.2101,0.1765,1.7790,2.1150,-0.3465,1.5859,2.2189,-0.2767
492.00,1.6209,2.2101,0.1765,1.7790,2.1150,-0.3467,1.5859,2.2189,-0.2769
492.50,1.6209,2.2101,0.1765,1.7790,2.1150,-0.3477,1.5859,2.2189,-0.2779
493.00,1.6209,2.2101,0.1765,1.7790,2.1150,-0.3481,1.5859,2.2189,-0.2783
493.50,1.6209,2.2101,0.1765,1.7790,2.1150,-0.3491,1.5859,2.2189,-0.2793
494.00,1.6209,2.2101,0.1765,1.7790,2.1150,-0.3498,1.5859,2.2189,-0.2800
494.50,1.6209,2.2101,0.1765,1.7790,2.1150,-0.3504,1.5859,2.2189,-0.2806
495.00,1.6209,2.2101,0.1765,1.7790,2.1150,-0.3511,1.5859,2.2189,-0.2813
495.50,1.6209,2.2101,0.1765,1.7790,2.1150,-0.3511,1.5859,2.2189,-0.2813
496.00,1.6209,2.2101,0.1765,1.7790,2.1150,-0.3518,1.5859,2.2189,-0.2820
496.50,1.6209,2.2101,0.1765,1.7790,2.1150,-0.3527,1.5859,2.2189,-0.2829
497.00,1.6209,2.2101,0.1765,1.7790,2.1150,-0.3530,1.5859,2.2189,-0.2832
497.50,1.6209,2.2101,0.1765,1.7790,2.1150,-0.3539,1.5859,2.2189,-0.2841
498.00,1.6209,2.2101,0.1765,1.7790,2.1150,-0.3545,1.5859,2.2189,-0.2847
498.50,1.6209,2.2101,0.1765,1.7790,2.1150,-0.3548,1.5859,2.2189,-0.2850
499.00,1.6209,2.2101,0.1765,1.7790,2.1150,-0.3557,1.5859,2.2189,-0.2859
499.50,1.6209,2.2101,0.1765,1.7790,2.1150,-0.3561,1.5859,2.2189,-0.2863
500.00,1.6209,2.2101,0.1765,1.7790,2.1150,-0.3563,1.5859,2.2189,-0.2865
500.50,1.6209,2.2101,0.1765,1.7790,2.1150,-0.3570,1.5859,2.2189,-0.2872
501.00,1.6209,2.2101,0.1765,1.7790,2.1150,-0.3579,1.5859,2.2189,-0.2881
501.50,1.6209,2.2101,0.1765,1.7790,2.1150,-0.3583,1.5859,2.2189,-0.2885
502.00,1.6209,2.2101,0.1765,1.7790,2.1150,-0.3589,1.5859,2.2189,-0.2891
502.50,1.6209,2.2101,0.1765,1.7790,2.1150,-0.3598,1.5859,2.2189,-0.2900
503.00,1.6209,2.2101,0.1765,1.7790,2.1150,-0.3604,1.5859,2.2189,-0.2906
503.50,1.6209,2.2101,0.1765,1.7790,2.1150,-0.3609,1.5859,2.2189,-0.2911
504.00,1.6209,2.2101,0.1765,1.7790,2.1150,-0.3619,1.5859,2.2189,-0.2921
504.50,1.6209,2.2101,0.1765,1.7790,2.1150,-0.3627,1.5859,2.2189,-0.2929
505.00,1.6209,2.2101,0.1765,1.7790,2.1150,-0.3631,1.5859,2.2189,-0.2933
505.50,1.6209,2.2101,0.1765,1.7790,2.1150,-0.3635,1.5859,2.2189,-0.2937
506.00,1.6209,2.2101,0.1765,1.7790,2.1150,-0.3647,1.5859,2.2189,-0.2949
506.50,1.6209,2.2101,0.1765,1.7790,2.1150,-0.3653,1.5859,2.2189,-0.2955
507.00,1.6209,2.2101,0.1765,1.7790,2.1150,-0.3661,1.5859,2.2189,-0.2963
507.50,1.6209,2.2101,0.1765,1.7790,2.1150,-0.3671,1.5859,2.2189,-0.2973
508.00,1.6209,2.2101,0.1765,1.7790,2.1150,-0.3674,1.5859,2.2189,-0.2976
508.50,1.6209,2.2101,0.1765,1.7790,2.1150,-0.3679,1.5859,2.2189,-0.2981
509.00,1.6209,2.2101,0.1765,1.7790,2.1150,-0.3688,1.5859,2.2189,-0.2990
509.50,1.6209,2.2101,0.1765,1.7790,2.1150,-0.3695,1.5859,2.2189,-0.2997
510.00,1.6209,2.2101,0.1765,1.7790,2.1150,-0.3703,1.5859,2.2189,-0.3005
510.50,1.6209,2.2101,0.1765,1.7790,2.1150,-0.3711,1.5859,2.2189,-0.3013
511.00,1.6209,2.2101,0.1765,1.7790,2.1150,-0.3717,1.5859,2.2189,-0.3019
511.50,1.6209,2.2101,0.1765,1.7790,2.1150,-0.3729,1.5859,2.2189,-0.3031
512.00,1.6209,2.2101,0.1765,1.7790,2.1150,-0.3732,1.5859,2.2189,-0.3034
512.50,1.6209,2.2101,0.1765,1.7790,2.1150,-0.3739,1.5859,2.2189,-0.3041
513.00,1.6209,2.2101,0.1765,1.7790,2.1150,-0.3742,1.5859,2.2189,-0.3044
513.50,1.6209,2.2101,0.1765,1.7790,2.1150,-0.3743,1.5859,2.2189,-0.3045
514.00,1.6209,2.2101,0.1765,1.7790,2.1150,-0.3748,1.5859,2.2189,-0.3050
514.50,1.6209,2.2101,0.1765,1.7790,2.1150,-0.3755,1.5859,2.2189,-0.3057
515.00,1.6209,2.2101,0.1765,1.7790,2.1150,-0.3759,1.5859,2.2189,-0.3061
515.50,1.6209,2.2101,0.1765,1.7790,2.1150,-0.3764,1.5859,2.2189,-0.3066
516.00,1.6209,2.2101,0.1765,1.7790,2.1150,-0.3769,1.5859,2.2189,-0.3071
516.50,1.6209,2.2101,0.1765,1.7790,2.1150,-0.3777,1.5859,2.2189,-0.3079
517.00,1.6209,2.2101,0.1765,1.7790,2.1150,-0.3784,1.5859,2.2189,-0.3086
517.50,1.6209,2.2101,0.1765,1.7790,2.1150,-0.3793,1.5859,2.2189,-0.3095
518.00,1.6209,2.2101,0.1765,1.7790,2.1150,-0.3798,1.5859,2.2189,-0.3100
518.50,1.6209,2.2101,0.1765,1.7790,2.1150,-0.3799,1.5859,2.2189,-0.3101
519.00,1.6209,2.2101,0.1765,1.7790,2.1150,-0.3806,1.5859,2.2189,-0.3108
519.50,1.6209,2.2101,0.1765,1.7790,2.1150,-0.3815,1.5859,2.2189,-0.3117
520.00,1.6209,2.2101,0.1765,1.7790,2.1150,-0.3820,1.5859,2.2189,-0.3122
520.50,1.6209,2.2101,0.1765,1.7790,2.1150,-0.3830,1.5859,2.2189,-0.3132
521.00,1.6209,2.2101,0.1765,1.7790,2.1150,-0.3828,1.5859,2.2189,-0.3130
521.50,1.6209,2.2101,0.1765,1.7790,2.1150,-0.3838,1.5859,2.2189,-0.3140
522.00,1.6209,2.2101,0.1765,1.7790,2.1150,-0.3840,1.5859,2.2189,-0.3142
522.50,1.6209,2.2101,0.1765,1.7790,2.1150,-0.3844,1.5859,2.2189,-0.3146
523.00,1.6209,2.2101,0.1765,1.7790,2.1150,-0.3855,1.5859,2.2189,-0.3157
523.50,1.6209,2.2101,0.1765,1.7790,2.1150,-0.3862,1.5859,2.2189,-0.3164
524.00,1.6209,2.2101,0.1765,1.7790,2.1150,-0.3868,1.5859,2.2189,-0.3170
524.50,1.6209,2.2101,0.1765,1.7790,2.1150,-0.3877,1.5859,2.2189,-0.3179
525.00,1.6209,2.2101,0.1765,1.7790,2.1150,-0.3879,1.5859,2.2189,-0.3181
525.50,1.6209,2.2101,0.1765,1.7790,2.1150,-0.3881,1.5859,2.2189,-0.3183
526.00,1.6209,2.2101,0.1765,1.7790,2.1150,-0.3887,1.5859,2.2189,-0.3189
526.50,1.6209,2.2101,0.1765,1.7790,2.1150,-0.3892,1.5859,2.2189,-0.3194
527.00,1.6209,2.2101,0.1765,1.7790,2.1150,-0.3897,1.5859,2.2189,-0.3199
527.50,1.6209,2.2101,0.1765,1.7790,2.1150,-0.3899,1.5859,2.2189,-0.3201
528.00,1.6209,2.2101,0.1765,1.7790,2.1150,-0.3904,1.5859,2.2189,-0.3206
528.50,1.6209,2.2101,0.1765,1.7790,2.1150,-0.3907,1.5859,2.2189,-0.3209
529.00,1.6209,2.2101,0.1765,1.7790,2.1150,-0.3911,1.5859,2.2189,-0.3213
529.50,1.6209,2.2101,0.1765,1.7790,2.1150,-0.3915,1.5859,2.2189,-0.3217
530.00,1.6209,2.2101,0.1765,1.7790,2.1150,-0.3919,1.5859,2.2189,-0.3221
530.50,1.6209,2.2101,0.1765,1.7790,2.1150,-0.3926,1.5859,2.2189,-0.3228
531.00,1.6209,2.2101,0.1765,1.7790,2.1150,-0.3934,1.5859,2.2189,-0.3236
531.50,1.6209,2.2101,0.1765,1.7790,2.1150,-0.3936,1.5859,2.2189,-0.3238
532.00,1.6209,2.2101,0.1765,1.7790,2.1150,-0.3939,1.5859,2.2189,-0.3241
532.50,1.6209,2.2101,0.1765,1.7790,2.1150,-0.3944,1.5859,2.2189,-0.3246
533.00,1.6209,2.2101,0.1765,1.7790,2.1150,-0.3948,1.5859,2.2189,-0.3250
533.50,1.6209,2.2101,0.1765,1.7790,2.1150,-0.3954,1.5859,2.2189,-0.3256
534.00,1.6209,2.2101,0.1765,1.7790,2.1150,-0.3960,1.5859,2.2189,-0.3262
534.50,1.6209,2.2101,0.1765,1.7790,2.1150,-0.3964,1.5859,2.2189,-0.3266
535.00,1.6209,2.2101,0.1765,1.7790,2.1150,-0.3968,1.5859,2.2189,-0.3270
535.50,1.6209,2.2101,0.1765,1.7790,2.1150,-0.3975,1.5859,2.2189,-0.3277
536.00,1.6209,2.2101,0.1765,1.7790,2.1150,-0.3979,1.5859,2.2189,-0.3281
536.50,1.6209,2.2101,0.1765,1.7790,2.1150,-0.3983,1.5859,2.2189,-0.3285
537.00,1.6209,2.2101,0.1765,1.7790,2.1150,-0.3977,1.5859,2.2189,-0.3279
537.50,1.6209,2.2101,0.1765,1.7790,2.1150,-0.3980,1.5859,2.2189,-0.3282
538.00,1.6209,2.2101,0.1765,1.7790,2.1150,-0.3986,1.5859,2.2189,-0.3288
538.50,1.6209,2.2101,0.1765,1.7790,2.1150,-0.3987,1.5859,2.2189,-0.3289
539.00,1.6209,2.2101,0.1765,1.7790,2.1150,-0.3990,1.5859,2.2189,-0.3292
539.50,1.6209,2.2101,0.1765,1.7790,2.1150,-0.3992,1.5859,2.2189,-0.3294
540.00,1.6209,2.2101,0.1765,1.7790,2.1150,-0.4000,1.5859,2.2189,-0.3302
540.50,1.6209,2.2101,0.1765,1.7790,2.1150,-0.4001,1.5859,2.2189,-0.3303
541.00,1.6209,2.2101,0.1765,1.7790,2.1150,-0.3999,1.5859,2.2189,-0.3301
541.50,1.6209,2.2101,0.1765,1.7790,2.1150,-0.4003,1.5859,2.2189,-0.3305
542.00,1.6209,2.2101,0.1765,1.7790,2.1150,-0.4007,1.5859,2.2189,-0.3309
542.50,1.6209,2.2101,0.1765,1.7790,2.1150,-0.4011,1.5859,2.2189,-0.3313
543.00,1.6209,2.2101,0.1765,1.7790,2.1150,-0.4018,1.5859,2.2189,-0.3320
543.50,1.6209,2.2101,0.1765,1.7790,2.1150,-0.4021,1.5859,2.2189,-0.3323
544.00,1.6209,2.2101,0.1765,1.7790,2.1150,-0.4030,1.5859,2.2189,-0.3332
544.50,1.6209,2.2101,0.1765,1.7790,2.1150,-0.4032,1.5859,2.2189,-0.3334
545.00,1.6209,2.2101,0.1765,1.7790,2.1150,-0.4035,1.5859,2.2189,-0.3337
545.50,1.6209,2.2101,0.1765,1.7790,2.1150,-0.4035,1.5859,2.2189,-0.3337
546.00,1.6209,2.2101,0.1765,1.7790,2.1150,-0.4045,1.5859,2.2189,-0.3347
546.50,1.6209,2.2101,0.1765,1.7790,2.1150,-0.4048,1.5859,2.2189,-0.3350
547.00,1.6209,2.2101,0.1765,1.7790,2.1150,-0.4056,1.5859,2.2189,-0.3358
547.50,1.6209,2.2101,0.1765,1.7790,2.1150,-0.4058,1.5859,2.2189,-0.3360
548.00,1.6209,2.2101,0.1765,1.7790,2.1150,-0.4061,1.5859,2.2189,-0.3363
548.50,1.6209,2.2101,0.1765,1.7790,2.1150,-0.4065,1.5859,2.2189,-0.3367
549.00,1.6209,2.2101,0.1765,1.7790,2.1150,-0.4068,1.5859,2.2189,-0.3370
549.50,1.6209,2.2101,0.1765,1.7790,2.1150,-0.4067,1.5859,2.2189,-0.3369
550.00,1.6209,2.2101,0.1765,1.7790,2.1150,-0.4071,1.5859,2.2189,-0.3373
550.50,1.6209,2.2101,0.1765,1.7790,2.1150,-0.4075,1.5859,2.2189,-0.3377
551.00,1.6209,2.2101,0.1765,1.7790,2.1150,-0.4075,1.5859,2.2189,-0.3377
551.50,1.6209,2.2101,0.1765,1.7790,2.1150,-0.4084,1.5859,2.2189,-0.3386
552.00,1.6209,2.2101,0.1765,1.7790,2.1150,-0.4090,1.5859,2.2189,-0.3392
552.50,1.6209,2.2101,0.1765,1.7790,2.1150,-0.4095,1.5859,2.2189,-0.3397
553.00,1.6209,2.2101,0.1765,1.7790,2.1150,-0.4100,1.5859,2.2189,-0.3402
553.50,1.6209,2.2101,0.1765,1.7790,2.1150,-0.4107,1.5859,2.2189,-0.3409
554.00,1.6209,2.2101,0.1765,1.7790,2.1150,-0.4115,1.5859,2.2189,-0.3417
554.50,1.6209,2.2101,0.1765,1.7790,2.1150,-0.4119,1.5859,2.2189,-0.3421
555.00,1.6209,2.2101,0.1765,1.7790,2.1150,-0.4122,1.5859,2.2189,-0.3424
555.50,1.6209,2.2101,0.1765,1.7790,2.1150,-0.4125,1.5859,2.2189,-0.3427
556.00,1.6209,2.2101,0.1765,1.7790,2.1150,-0.4122,1.5859,2.2189,-0.3424
556.50,1.6209,2.2101,0.1765,1.7790,2.1150,-0.4127,1.5859,2.2189,-0.3429
557.00,1.6209,2.2101,0.1765,1.7790,2.1150,-0.4128,1.5859,2.2189,-0.3430
557.50,1.6209,2.2101,0.1765,1.7790,2.1150,-0.4135,1.5859,2.2189,-0.3437
558.00,1.6209,2.2101,0.1765,1.7790,2.1150,-0.4140,1.5859,2.2189,-0.3442
558.50,1.6209,2.2101,0.1765,1.7790,2.1150,-0.4145,1.5859,2.2189,-0.3447
559.00,1.6209,2.2101,0.1765,1.7790,2.1150,-0.4150,1.5859,2.2189,-0.3452
559.50,1.6209,2.2101,0.1765,1.7790,2.1150,-0.4156,1.5859,2.2189,-0.3458
560.00,1.6209,2.2101,0.1765,1.7790,2.1150,-0.4162,1.5859,2.2189,-0.3464
560.50,1.6209,2.2101,0.1765,1.7790,2.1150,-0.4167,1.5859,2.2189,-0.3469
561.00,1.6209,2.2101,0.1765,1.7790,2.1150,-0.4169,1.5859,2.2189,-0.3471
561.50,1.6209,2.2101,0.1765,1.7790,2.1150,-0.4169,1.5859,2.2189,-0.3471
562.00,1.6209,2.2101,0.1765,1.7790,2.1150,-0.4169,1.5859,2.2189,-0.3471
562.50,1.6209,2.2101,0.1765,1.7790,2.1150,-0.4176,1.5859,2.2189,-0.3478
563.00,1.6209,2.2101,0.1765,1.7790,2.1150,-0.4182,1.5859,2.2189,-0.3484
563.50,1.6209,2.2101,0.1765,1.7790,2.1150,-0.4187,1.5859,2.2189,-0.3489
564.00,1.6209,2.2101,0.1765,1.7790,2.1150,-0.4191,1.5859,2.2189,-0.3493
564.50,1.6209,2.2101,0.1765,1.7790,2.1150,-0.4197,1.5859,2.2189,-0.3499
565.00,1.6209,2.2101,0.1765,1.7790,2.1150,-0.4200,1.5859,2.2189,-0.3502
565.50,1.6209,2.2101,0.1765,1.7790,2.1150,-0.4205,1.5859,2.2189,-0.3507
566.00,1.6209,2.2101,0.1765,1.7790,2.1150,-0.4213,1.5859,2.2189,-0.3515
566.50,1.6209,2.2101,0.1765,1.7790,2.1150,-0.4211,1.5859,2.2189,-0.3513
567.00,1.6209,2.2101,0.1765,1.7790,2.1150,-0.4215,1.5859,2.2189,-0.3517
567.50,1.6209,2.2101,0.1765,1.7790,2.1150,-0.4226,1.5859,2.2189,-0.3528
568.00,1.6209,2.2101,0.1765,1.7790,2.1150,-0.4230,1.5859,2.2189,-0.3532
568.50,1.6209,2.2101,0.1765,1.7790,2.1150,-0.4241,1.5859,2.2189,-0.3543
569.00,1.6209,2.2101,0.1765,1.7790,2.1150,-0.4249,1.5859,2.2189,-0.3551
569.50,1.6209,2.2101,0.1765,1.7790,2.1150,-0.4248,1.5859,2.2189,-0.3550
570.00,1.6209,2.2101,0.1765,1.7790,2.1150,-0.4258,1.5859,2.2189,-0.3560
570.50,1.6209,2.2101,0.1765,1.7790,2.1150,-0.4260,1.5859,2.2189,-0.3562
571.00,1.6209,2.2101,0.1765,1.7790,2.1150,-0.4265,1.5859,2.2189,-0.3567
571.50,1.6209,2.2101,0.1765,1.7790,2.1150,-0.4270,1.5859,2.2189,-0.3572
572.00,1.6209,2.2101,0.1765,1.7790,2.1150,-0.4274,1.5859,2.2189,-0.3576
572.50,1.6209,2.2101,0.1765,1.7790,2.1150,-0.4280,1.5859,2.2189,-0.3582
573.00,1.6209,2.2101,0.1765,1.7790,2.1150,-0.4287,1.5859,2.2189,-0.3589
573.50,1.6209,2.2101,0.1765,1.7790,2.1150,-0.4287,1.5859,2.2189,-0.3589
574.00,1.6209,2.2101,0.1765,1.7790,2.1150,-0.4289,1.5859,2.2189,-0.3591
574.50,1.6209,2.2101,0.1765,1.7790,2.1150,-0.4286,1.5859,2.2189,-0.3588
575.00,1.6209,2.2101,0.1765,1.7790,2.1150,-0.4289,1.5859,2.2189,-0.3591
575.50,1.6209,2.2101,0.1765,1.7790,2.1150,-0.4298,1.5859,2.2189,-0.3600
576.00,1.6209,2.2101,0.1765,1.7790,2.1150,-0.4303,1.5859,2.2189,-0.3605
576.50,1.6209,2.2101,0.1765,1.7790,2.1150,-0.4306,1.5859,2.2189,-0.3608
577.00,1.6209,2.2101,0.1765,1.7790,2.1150,-0.4306,1.5859,2.2189,-0.3608
577.50,1.6209,2.2101,0.1765,1.7790,2.1150,-0.4317,1.5859,2.2189,-0.3619
578.00,1.6209,2.2101,0.1765,1.7790,2.1150,-0.4325,1.5859,2.2189,-0.3627
578.50,1.6209,2.2101,0.1765,1.7790,2.1150,-0.4322,1.5859,2.2189,-0.3624
579.00,1.6209,2.2101,0.1765,1.7790,2.1150,-0.4326,1.5859,2.2189,-0.3628
579.50,1.6209,2.2101,0.1765,1.7790,2.1150,-0.4331,1.5859,2.2189,-0.3633
580.00,1.6209,2.2101,0.1765,1.7790,2.1150,-0.4337,1.5859,2.2189,-0.3639
580.50,1.6209,2.2101,0.1765,1.7790,2.1150,-0.4348,1.5859,2.2189,-0.3650
581.00,1.6209,2.2101,0.1765,1.7790,2.1150,-0.4355,1.5859,2.2189,-0.3657
581.50,1.6209,2.2101,0.1765,1.7790,2.1150,-0.4362,1.5859,2.2189,-0.3664
582.00,1.6209,2.2101,0.1765,1.7790,2.1150,-0.4364,1.5859,2.2189,-0.3666
582.50,1.6209,2.2101,0.1765,1.7790,2.1150,-0.4367,1.5859,2.2189,-0.3669
583.00,1.6209,2.2101,0.1765,1.7790,2.1150,-0.4367,1.5859,2.2189,-0.3669
583.50,1.6209,2.2101,0.1765,1.7790,2.1150,-0.4372,1.5859,2.2189,-0.3674
584.00,1.6209,2.2101,0.1765,1.7790,2.1150,-0.4379,1.5859,2.2189,-0.3681
584.50,1.6209,2.2101,0.1765,1.7790,2.1150,-0.4381,1.5859,2.2189,-0.3683
585.00,1.6209,2.2101,0.1765,1.7790,2.1150,-0.4384,1.5859,2.2189,-0.3686
585.50,1.6209,2.2101,0.1765,1.7790,2.1150,-0.4390,1.5859,2.2189,-0.3692
586.00,1.6209,2.2101,0.1765,1.7790,2.1150,-0.4396,1.5859,2.2189,-0.3698
586.50,1.6209,2.2101,0.1765,1.7790,2.1150,-0.4401,1.5859,2.2189,-0.3703
587.00,1.6209,2.2101,0.1765,1.7790,2.1150,-0.4405,1.5859,2.2189,-0.3707
587.50,1.6209,2.2101,0.1765,1.7790,2.1150,-0.4412,1.5859,2.2189,-0.3714
588.00,1.6209,2.2101,0.1765,1.7790,2.1150,-0.4416,1.5859,2.2189,-0.3718
588.50,1.6209,2.2101,0.1765,1.7790,2.1150,-0.4420,1.5859,2.2189,-0.3722
589.00,1.6209,2.2101,0.1765,1.7790,2.1150,-0.4415,1.5859,2.2189,-0.3717
589.50,1.6209,2.2101,0.1765,1.7790,2.1150,-0.4421,1.5859,2.2189,-0.3723
590.00,1.6209,2.2101,0.1765,1.7790,2.1150,-0.4426,1.5859,2.2189,-0.3728
590.50,1.6209,2.2101,0.1765,1.7790,2.1150,-0.4428,1.5859,2.2189,-0.3730
591.00,1.6209,2.2101,0.1765,1.7790,2.1150,-0.4434,1.5859,2.2189,-0.3736
591.50,1.6209,2.2101,0.1765,1.7790,2.1150,-0.4441,1.5859,2.2189,-0.3743
592.00,1.6209,2.2101,0.1765,1.7790,2.1150,-0.4450,1.5859,2.2189,-0.3752
592.50,1.6209,2.2101,0.1765,1.7790,2.1150,-0.4452,1.5859,2.2189,-0.3754
593.00,1.6209,2.2101,0.1765,1.7790,2.1150,-0.4459,1.5859,2.2189,-0.3761
593.50,1.6209,2.2101,0.1765,1.7790,2.1150,-0.4465,1.5859,2.2189,-0.3767
594.00,1.6209,2.2101,0.1765,1.7790,2.1150,-0.4470,1.5859,2.2189,-0.3772
594.50,1.6209,2.2101,0.1765,1.7790,2.1150,-0.4473,1.5859,2.2189,-0.3775
595.00,1.6209,2.2101,0.1765,1.7790,2.1150,-0.4475,1.5859,2.2189,-0.3777
595.50,1.6209,2.2101,0.1765,1.7790,2.1150,-0.4476,1.5859,2.2189,-0.3778
596.00,1.6209,2.2101,0.1765,1.7790,2.1150,-0.4485,1.5859,2.2189,-0.3787
596.50,1.6209,2.2101,0.1765,1.7790,2.1150,-0.4493,1.5859,2.2189,-0.3795
597.00,1.6209,2.2101,0.1765,1.7790,2.1150,-0.4500,1.5859,2.2189,-0.3802
597.50,1.6209,2.2101,0.1765,1.7790,2.1150,-0.4508,1.5859,2.2189,-0.3810
598.00,1.6209,2.2101,0.1765,1.7790,2.1150,-0.4515,1.5859,2.2189,-0.3817
598.50,1.6209,2.2101,0.1765,1.7790,2.1150,-0.4517,1.5859,2.2189,-0.3819
599.00,1.6209,2.2101,0.1765,1.7790,2.1150,-0.4521,1.5859,2.2189,-0.3823
599.50,1.6209,2.2101,0.1765,1.7790,2.1150,-0.4525,1.5859,2.2189,-0.3827
600.00,1.6209,2.2101,0.1765,1.7790,2.1150,-0.4531,1.5859,2.2189,-0.3833
600.50,1.6209,2.2101,0.1765,1.7790,2.1150,-0.4538,1.5859,2.2189,-0.3840
601.00,1.6209,2.2101,0.1765,1.7790,2.1150,-0.4550,1.5859,2.2189,-0.3852
601.50,1.6209,2.2101,0.1765,1.7790,2.1150,-0.4559,1.5859,2.2189,-0.3861
602.00,1.6209,2.2101,0.1765,1.7790,2.1150,-0.4566,1.5859,2.2189,-0.3868
602.50,1.6209,2.2101,0.1765,1.7790,2.1150,-0.4575,1.5859,2.2189,-0.3877
603.00,1.6209,2.2101,0.1765,1.7790,2.1150,-0.4583,1.5859,2.2189,-0.3885
603.50,1.6209,2.2101,0.1765,1.7790,2.1150,-0.4586,1.5859,2.2189,-0.3888
604.00,1.6209,2.2101,0.1765,1.7790,2.1150,-0.4588,1.5859,2.2189,-0.3890
604.50,1.6209,2.2101,0.1765,1.7790,2.1150,-0.4596,1.5859,2.2189,-0.3898
605.00,1.6209,2.2101,0.1765,1.7790,2.1150,-0.4599,1.5859,2.2189,-0.3901
605.50,1.6209,2.2101,0.1765,1.7790,2.1150,-0.4604,1.5859,2.2189,-0.3906
606.00,1.6209,2.2101,0.1765,1.7790,2.1150,-0.4608,1.5859,2.2189,-0.3910
606.50,1.6209,2.2101,0.1765,1.7790,2.1150,-0.4614,1.5859,2.2189,-0.3916
607.00,1.6209,2.2101,0.1765,1.7790,2.1150,-0.4621,1.5859,2.2189,-0.3923
607.50,1.6209,2.2101,0.1765,1.7790,2.1150,-0.4624,1.5859,2.2189,-0.3926
608.00,1.6209,2.2101,0.1765,1.7790,2.1150,-0.4627,1.5859,2.2189,-0.3929
608.50,1.6209,2.2101,0.1765,1.7790,2.1150,-0.4636,1.5859,2.2189,-0.3938
609.00,1.6209,2.2101,0.1765,1.7790,2.1150,-0.4646,1.5859,2.2189,-0.3948
609.50,1.6209,2.2101,0.1765,1.7790,2.1150,-0.4648,1.5859,2.2189,-0.3950
610.00,1.6209,2.2101,0.1765,1.7790,2.1150,-0.4645,1.5859,2.2189,-0.3947
610.50,1.6209,2.2101,0.1765,1.7790,2.1150,-0.4645,1.5859,2.2189,-0.3947
611.00,1.6209,2.2101,0.1765,1.7790,2.1150,-0.4646,1.5859,2.2189,-0.3948
611.50,1.6209,2.2101,0.1765,1.7790,2.1150,-0.4648,1.5859,2.2189,-0.3950
612.00,1.6209,2.2101,0.1765,1.7790,2.1150,-0.4652,1.5859,2.2189,-0.3954
612.50,1.6209,2.2101,0.1765,1.7790,2.1150,-0.4651,1.5859,2.2189,-0.3953
613.00,1.6209,2.2101,0.1765,1.7790,2.1150,-0.4659,1.5859,2.2189,-0.3961
613.50,1.6209,2.2101,0.1765,1.7790,2.1150,-0.4664,1.5859,2.2189,-0.3966
614.00,1.6209,2.2101,0.1765,1.7790,2.1150,-0.4663,1.5859,2.2189,-0.3965
614.50,1.6209,2.2101,0.1765,1.7790,2.1150,-0.4665,1.5859,2.2189,-0.3967
615.00,1.6209,2.2101,0.1765,1.7790,2.1150,-0.4671,1.5859,2.2189,-0.3973
615.50,1.6209,2.2101,0.1765,1.7790,2.1150,-0.4670,1.5859,2.2189,-0.3972
616.00,1.6209,2.2101,0.1765,1.7790,2.1150,-0.4679,1.5859,2.2189,-0.3981
616.50,1.6209,2.2101,0.1765,1.7790,2.1150,-0.4682,1.5859,2.2189,-0.3984
617.00,1.6209,2.2101,0.1765,1.7790,2.1150,-0.4691,1.5859,2.2189,-0.3993
617.50,1.6209,2.2101,0.1765,1.7790,2.1150,-0.4695,1.5859,2.2189,-0.3997
618.00,1.6209,2.2101,0.1765,1.7790,2.1150,-0.4697,1.5859,2.2189,-0.3999
618.50,1.6209,2.2101,0.1765,1.7790,2.1150,-0.4702,1.5859,2.2189,-0.4004
619.00,1.6209,2.2101,0.1765,1.7790,2.1150,-0.4709,1.5859,2.2189,-0.4011
619.50,1.6209,2.2101,0.1765,1.7790,2.1150,-0.4708,1.5859,2.2189,-0.4010
620.00,1.6209,2.2101,0.1765,1.7790,2.1150,-0.4710,1.5859,2.2189,-0.4012
620.50,1.6209,2.2101,0.1765,1.7790,2.1150,-0.4718,1.5859,2.2189,-0.4020
621.00,1.6209,2.2101,0.1765,1.7790,2.1150,-0.4732,1.5859,2.2189,-0.4034
621.50,1.6209,2.2101,0.1765,1.7790,2.1150,-0.4736,1.5859,2.2189,-0.4038
622.00,1.6209,2.2101,0.1765,1.7790,2.1150,-0.4735,1.5859,2.2189,-0.4037
622.50,1.6209,2.2101,0.1765,1.7790,2.1150,-0.4735,1.5859,2.2189,-0.4037
623.00,1.6209,2.2101,0.1765,1.7790,2.1150,-0.4729,1.5859,2.2189,-0.4031
623.50,1.6209,2.2101,0.1765,1.7790,2.1150,-0.4734,1.5859,2.2189,-0.4036
624.00,1.6209,2.2101,0.1765,1.7790,2.1150,-0.4737,1.5859,2.2189,-0.4039
624.50,1.6209,2.2101,0.1765,1.7790,2.1150,-0.4745,1.5859,2.2189,-0.4047
625.00,1.6209,2.2101,0.1765,1.7790,2.1150,-0.4752,1.5859,2.2189,-0.4054
625.50,1.6209,2.2101,0.1765,1.7790,2.1150,-0.4757,1.5859,2.2189,-0.4059
626.00,1.6209,2.2101,0.1765,1.7790,2.1150,-0.4762,1.5859,2.2189,-0.4064
626.50,1.6209,2.2101,0.1765,1.7790,2.1150,-0.4764,1.5859,2.2189,-0.4066
627.00,1.6209,2.2101,0.1765,1.7790,2.1150,-0.4768,1.5859,2.2189,-0.4070
627.50,1.6209,2.2101,0.1765,1.7790,2.1150,-0.4775,1.5859,2.2189,-0.4077
628.00,1.6209,2.2101,0.1765,1.7790,2.1150,-0.4781,1.5859,2.2189,-0.4083
628.50,1.6209,2.2101,0.1765,1.7790,2.1150,-0.4786,1.5859,2.2189,-0.4088
629.00,1.6209,2.2101,0.1765,1.7790,2.1150,-0.4790,1.5859,2.2189,-0.4092
629.50,1.6209,2.2101,0.1765,1.7790,2.1150,-0.4796,1.5859,2.2189,-0.4098
630.00,1.6209,2.2101,0.1765,1.7790,2.1150,-0.4804,1.5859,2.2189,-0.4106
630.50,1.6209,2.2101,0.1765,1.7790,2.1150,-0.4805,1.5859,2.2189,-0.4107
631.00,1.6209,2.2101,0.1765,1.7790,2.1150,-0.4812,1.5859,2.2189,-0.4114
631.50,1.6209,2.2101,0.1765,1.7790,2.1150,-0.4814,1.5859,2.2189,-0.4116
632.00,1.6209,2.2101,0.1765,1.7790,2.1150,-0.4815,1.5859,2.2189,-0.4117
632.50,1.6209,2.2101,0.1765,1.7790,2.1150,-0.4821,1.5859,2.2189,-0.4123
633.00,1.6209,2.2101,0.1765,1.7790,2.1150,-0.4826,1.5859,2.2189,-0.4128
633.50,1.6209,2.2101,0.1765,1.7790,2.1150,-0.4831,1.5859,2.2189,-0.4133
634.00,1.6209,2.2101,0.1765,1.7790,2.1150,-0.4834,1.5859,2.2189,-0.4136
634.50,1.6209,2.2101,0.1765,1.7790,2.1150,-0.4836,1.5859,2.2189,-0.4138
635.00,1.6209,2.2101,0.1765,1.7790,2.1150,-0.4839,1.5859,2.2189,-0.4141
635.50,1.6209,2.2101,0.1765,1.7790,2.1150,-0.4843,1.5859,2.2189,-0.4145
636.00,1.6209,2.2101,0.1765,1.7790,2.1150,-0.4847,1.5859,2.2189,-0.4149
636.50,1.6209,2.2101,0.1765,1.7790,2.1150,-0.4849,1.5859,2.2189,-0.4151
637.00,1.6209,2.2101,0.1765,1.7790,2.1150,-0.4843,1.5859,2.2189,-0.4145
637.50,1.6209,2.2101,0.1765,1.7790,2.1150,-0.4850,1.5859,2.2189,-0.4152
638.00,1.6209,2.2101,0.1765,1.7790,2.1150,-0.4859,1.5859,2.2189,-0.4161
638.50,1.6209,2.2101,0.1765,1.7790,2.1150,-0.4866,1.5859,2.2189,-0.4168
639.00,1.6209,2.2101,0.1765,1.7790,2.1150,-0.4867,1.5859,2.2189,-0.4169
639.50,1.6209,2.2101,0.1765,1.7790,2.1150,-0.4873,1.5859,2.2189,-0.4175
640.00,1.6209,2.2101,0.1765,1.7790,2.1150,-0.4870,1.5859,2.2189,-0.4172
640.50,1.6209,2.2101,0.1765,1.7790,2.1150,-0.4872,1.5859,2.2189,-0.4174
641.00,1.6209,2.2101,0.1765,1.7790,2.1150,-0.4875,1.5859,2.2189,-0.4177
641.50,1.6209,2.2101,0.1765,1.7790,2.1150,-0.4881,1.5859,2.2189,-0.4183
642.00,1.6209,2.2101,0.1765,1.7790,2.1150,-0.4885,1.5859,2.2189,-0.4187
642.50,1.6209,2.2101,0.1765,1.7790,2.1150,-0.4890,1.5859,2.2189,-0.4192
643.00,1.6209,2.2101,0.1765,1.7790,2.1150,-0.4894,1.5859,2.2189,-0.4196
643.50,1.6209,2.2101,0.1765,1.7790,2.1150,-0.4899,1.5859,2.2189,-0.4201
644.00,1.6209,2.2101,0.1765,1.7790,2.1150,-0.4895,1.5859,2.2189,-0.4197
644.50,1.6209,2.2101,0.1765,1.7790,2.1150,-0.4899,1.5859,2.2189,-0.4201
645.00,1.6209,2.2101,0.1765,1.7790,2.1150,-0.4903,1.5859,2.2189,-0.4205
645.50,1.6209,2.2101,0.1765,1.7790,2.1150,-0.4904,1.5859,2.2189,-0.4206
646.00,1.6209,2.2101,0.1765,1.7790,2.1150,-0.4903,1.5859,2.2189,-0.4205
646.50,1.6209,2.2101,0.1765,1.7790,2.1150,-0.4906,1.5859,2.2189,-0.4208
647.00,1.6209,2.2101,0.1765,1.7790,2.1150,-0.4906,1.5859,2.2189,-0.4208
647.50,1.6209,2.2101,0.1765,1.7790,2.1150,-0.4911,1.5859,2.2189,-0.4213
648.00,1.6209,2.2101,0.1765,1.7790,2.1150,-0.4910,1.5859,2.2189,-0.4212
648.50,1.6209,2.2101,0.1765,1.7790,2.1150,-0.4907,1.5859,2.2189,-0.4209
649.00,1.6209,2.2101,0.1765,1.7790,2.1150,-0.4918,1.5859,2.2189,-0.4220
649.50,1.6209,2.2101,0.1765,1.7790,2.1150,-0.4918,1.5859,2.2189,-0.4220
650.00,1.6209,2.2101,0.1765,1.7790,2.1150,-0.4922,1.5859,2.2189,-0.4224
650.50,1.6209,2.2101,0.1765,1.7790,2.1150,-0.4925,1.5859,2.2189,-0.4227
651.00,1.6209,2.2101,0.1765,1.7790,2.1150,-0.4926,1.5859,2.2189,-0.4228
651.50,1.6209,2.2101,0.1765,1.7790,2.1150,-0.4928,1.5859,2.2189,-0.4230
652.00,1.6209,2.2101,0.1765,1.7790,2.1150,-0.4925,1.5859,2.2189,-0.4227
652.50,1.6209,2.2101,0.1765,1.7790,2.1150,-0.4927,1.5859,2.2189,-0.4229
653.00,1.6209,2.2101,0.1765,1.7790,2.1150,-0.4930,1.5859,2.2189,-0.4232
653.50,1.6209,2.2101,0.1765,1.7790,2.1150,-0.4935,1.5859,2.2189,-0.4237
654.00,1.6209,2.2101,0.1765,1.7790,2.1150,-0.4942,1.5859,2.2189,-0.4244
654.50,1.6209,2.2101,0.1765,1.7790,2.1150,-0.4945,1.5859,2.2189,-0.4247
655.00,1.6209,2.2101,0.1765,1.7790,2.1150,-0.4946,1.5859,2.2189,-0.4248
655.50,1.6209,2.2101,0.1765,1.7790,2.1150,-0.4949,1.5859,2.2189,-0.4251
656.00,1.6209,2.2101,0.1765,1.7790,2.1150,-0.4950,1.5859,2.2189,-0.4252
656.50,1.6209,2.2101,0.1765,1.7790,2.1150,-0.4954,1.5859,2.2189,-0.4256
657.00,1.6209,2.2101,0.1765,1.7790,2.1150,-0.4960,1.5859,2.2189,-0.4262
657.50,1.6209,2.2101,0.1765,1.7790,2.1150,-0.4965,1.5859,2.2189,-0.4267
658.00,1.6209,2.2101,0.1765,1.7790,2.1150,-0.4968,1.5859,2.2189,-0.4270
658.50,1.6209,2.2101,0.1765,1.7790,2.1150,-0.4975,1.5859,2.2189,-0.4277
659.00,1.6209,2.2101,0.1765,1.7790,2.1150,-0.4980,1.5859,2.2189,-0.4282
659.50,1.6209,2.2101,0.1765,1.7790,2.1150,-0.4986,1.5859,2.2189,-0.4288
660.00,1.6209,2.2101,0.1765,1.7790,2.1150,-0.4989,1.5859,2.2189,-0.4291
660.50,1.6209,2.2101,0.1765,1.7790,2.1150,-0.4994,1.5859,2.2189,-0.4296
661.00,1.6209,2.2101,0.1765,1.7790,2.1150,-0.5000,1.5859,2.2189,-0.4302
661.50,1.6209,2.2101,0.1765,1.7790,2.1150,-0.5013,1.5859,2.2189,-0.4315
662.00,1.6209,2.2101,0.1765,1.7790,2.1150,-0.5018,1.5859,2.2189,-0.4320
662.50,1.6209,2.2101,0.1765,1.7790,2.1150,-0.5021,1.5859,2.2189,-0.4323
663.00,1.6209,2.2101,0.1765,1.7790,2.1150,-0.5024,1.5859,2.2189,-0.4326
663.50,1.6209,2.2101,0.1765,1.7790,2.1150,-0.5028,1.5859,2.2189,-0.4330
664.00,1.6209,2.2101,0.1765,1.7790,2.1150,-0.5034,1.5859,2.2189,-0.4336
664.50,1.6209,2.2101,0.1765,1.7790,2.1150,-0.5040,1.5859,2.2189,-0.4342
665.00,1.6209,2.2101,0.1765,1.7790,2.1150,-0.5043,1.5859,2.2189,-0.4345
665.50,1.6209,2.2101,0.1765,1.7790,2.1150,-0.5047,1.5859,2.2189,-0.4349
666.00,1.6209,2.2101,0.1765,1.7790,2.1150,-0.5053,1.5859,2.2189,-0.4355
666.50,1.6209,2.2101,0.1765,1.7790,2.1150,-0.5056,1.5859,2.2189,-0.4358
667.00,1.6209,2.2101,0.1765,1.7790,2.1150,-0.5061,1.5859,2.2189,-0.4363
667.50,1.6209,2.2101,0.1765,1.7790,2.1150,-0.5068,1.5859,2.2189,-0.4370
668.00,1.6209,2.2101,0.1765,1.7790,2.1150,-0.5069,1.5859,2.2189,-0.4371
668.50,1.6209,2.2101,0.1765,1.7790,2.1150,-0.5071,1.5859,2.2189,-0.4373
669.00,1.6209,2.2101,0.1765,1.7790,2.1150,-0.5079,1.5859,2.2189,-0.4381
669.50,1.6209,2.2101,0.1765,1.7790,2.1150,-0.5086,1.5859,2.2189,-0.4388
670.00,1.6209,2.2101,0.1765,1.7790,2.1150,-0.5093,1.5859,2.2189,-0.4395
670.50,1.6209,2.2101,0.1765,1.7790,2.1150,-0.5094,1.5859,2.2189,-0.4396
671.00,1.6209,2.2101,0.1765,1.7790,2.1150,-0.5099,1.5859,2.2189,-0.4401
671.50,1.6209,2.2101,0.1765,1.7790,2.1150,-0.5109,1.5859,2.2189,-0.4411
672.00,1.6209,2.2101,0.1765,1.7790,2.1150,-0.5123,1.5859,2.2189,-0.4425
672.50,1.6209,2.2101,0.1765,1.7790,2.1150,-0.5128,1.5859,2.2189,-0.4430
673.00,1.6209,2.2101,0.1765,1.7790,2.1150,-0.5131,1.5859,2.2189,-0.4433
673.50,1.6209,2.2101,0.1765,1.7790,2.1150,-0.5135,1.5859,2.2189,-0.4437
674.00,1.6209,2.2101,0.1765,1.7790,2.1150,-0.5139,1.5859,2.2189,-0.4441
674.50,1.6209,2.2101,0.1765,1.7790,2.1150,-0.5138,1.5859,2.2189,-0.4440
675.00,1.6209,2.2101,0.1765,1.7790,2.1150,-0.5142,1.5859,2.2189,-0.4444
675.50,1.6209,2.2101,0.1765,1.7790,2.1150,-0.5148,1.5859,2.2189,-0.4450
676.00,1.6209,2.2101,0.1765,1.7790,2.1150,-0.5146,1.5859,2.2189,-0.4448
676.50,1.6209,2.2101,0.1765,1.7790,2.1150,-0.5153,1.5859,2.2189,-0.4455
677.00,1.6209,2.2101,0.1765,1.7790,2.1150,-0.5156,1.5859,2.2189,-0.4458
677.50,1.6209,2.2101,0.1765,1.7790,2.1150,-0.5161,1.5859,2.2189,-0.4463
678.00,1.6209,2.2101,0.1765,1.7790,2.1150,-0.5162,1.5859,2.2189,-0.4464
678.50,1.6209,2.2101,0.1765,1.7790,2.1150,-0.5170,1.5859,2.2189,-0.4472
679.00,1.6209,2.2101,0.1765,1.7790,2.1150,-0.5179,1.5859,2.2189,-0.4481
679.50,1.6209,2.2101,0.1765,1.7790,2.1150,-0.5189,1.5859,2.2189,-0.4491
680.00,1.6209,2.2101,0.1765,1.7790,2.1150,-0.5191,1.5859,2.2189,-0.4493
680.50,1.6209,2.2101,0.1765,1.7790,2.1150,-0.5193,1.5859,2.2189,-0.4495
681.00,1.6209,2.2101,0.1765,1.7790,2.1150,-0.5201,1.5859,2.2189,-0.4503
681.50,1.6209,2.2101,0.1765,1.7790,2.1150,-0.5207,1.5859,2.2189,-0.4509
682.00,1.6209,2.2101,0.1765,1.7790,2.1150,-0.5210,1.5859,2.2189,-0.4512
682.50,1.6209,2.2101,0.1765,1.7790,2.1150,-0.5211,1.5859,2.2189,-0.4513
683.00,1.6209,2.2101,0.1765,1.7790,2.1150,-0.5215,1.5859,2.2189,-0.4517
683.50,1.6209,2.2101,0.1765,1.7790,2.1150,-0.5219,1.5859,2.2189,-0.4521
684.00,1.6209,2.2101,0.1765,1.7790,2.1150,-0.5224,1.5859,2.2189,-0.4526
684.50,1.6209,2.2101,0.1765,1.7790,2.1150,-0.5231,1.5859,2.2189,-0.4533
685.00,1.6209,2.2101,0.1765,1.7790,2.1150,-0.5227,1.5859,2.2189,-0.4529
685.50,1.6209,2.2101,0.1765,1.7790,2.1150,-0.5235,1.5859,2.2189,-0.4537
686.00,1.6209,2.2101,0.1765,1.7790,2.1150,-0.5241,1.5859,2.2189,-0.4543
686.50,1.6209,2.2101,0.1765,1.7790,2.1150,-0.5243,1.5859,2.2189,-0.4545
687.00,1.6209,2.2101,0.1765,1.7790,2.1150,-0.5243,1.5859,2.2189,-0.4545
687.50,1.6209,2.2101,0.1765,1.7790,2.1150,-0.5253,1.5859,2.2189,-0.4555
688.00,1.6209,2.2101,0.1765,1.7790,2.1150,-0.5258,1.5859,2.2189,-0.4560
688.50,1.6209,2.2101,0.1765,1.7790,2.1150,-0.5262,1.5859,2.2189,-0.4564
689.00,1.6209,2.2101,0.1765,1.7790,2.1150,-0.5266,1.5859,2.2189,-0.4568
689.50,1.6209,2.2101,0.1765,1.7790,2.1150,-0.5271,1.5859,2.2189,-0.4573
690.00,1.6209,2.2101,0.1765,1.7790,2.1150,-0.5275,1.5859,2.2189,-0.4577
690.50,1.6209,2.2101,0.1765,1.7790,2.1150,-0.5288,1.5859,2.2189,-0.4590
691.00,1.6209,2.2101,0.1765,1.7790,2.1150,-0.5290,1.5859,2.2189,-0.4592
691.50,1.6209,2.2101,0.1765,1.7790,2.1150,-0.5300,1.5859,2.2189,-0.4602
692.00,1.6209,2.2101,0.1765,1.7790,2.1150,-0.5305,1.5859,2.2189,-0.4607
692.50,1.6209,2.2101,0.1765,1.7790,2.1150,-0.5315,1.5859,2.2189,-0.4617
693.00,1.6209,2.2101,0.1765,1.7790,2.1150,-0.5313,1.5859,2.2189,-0.4615
693.50,1.6209,2.2101,0.1765,1.7790,2.1150,-0.5314,1.5859,2.2189,-0.4616
694.00,1.6209,2.2101,0.1765,1.7790,2.1150,-0.5317,1.5859,2.2189,-0.4619
694.50,1.6209,2.2101,0.1765,1.7790,2.1150,-0.5321,1.5859,2.2189,-0.4623
695.00,1.6209,2.2101,0.1765,1.7790,2.1150,-0.5324,1.5859,2.2189,-0.4626
695.50,1.6209,2.2101,0.1765,1.7790,2.1150,-0.5331,1.5859,2.2189,-0.4633
696.00,1.6209,2.2101,0.1765,1.7790,2.1150,-0.5332,1.5859,2.2189,-0.4634
696.50,1.6209,2.2101,0.1765,1.7790,2.1150,-0.5339,1.5859,2.2189,-0.4641
697.00,1.6209,2.2101,0.1765,1.7790,2.1150,-0.5342,1.5859,2.2189,-0.4644
697.50,1.6209,2.2101,0.1765,1.7790,2.1150,-0.5347,1.5859,2.2189,-0.4649
698.00,1.6209,2.2101,0.1765,1.7790,2.1150,-0.5357,1.5859,2.2189,-0.4659
698.50,1.6209,2.2101,0.1765,1.7790,2.1150,-0.5358,1.5859,2.2189,-0.4660
699.00,1.6209,2.2101,0.1765,1.7790,2.1150,-0.5360,1.5859,2.2189,-0.4662
699.50,1.6209,2.2101,0.1765,1.7790,2.1150,-0.5357,1.5859,2.2189,-0.4659
700.00,1.6209,2.2101,0.1765,1.7790,2.1150,-0.5365,1.5859,2.2189,-0.4667
700.50,1.6209,2.2101,0.1765,1.7790,2.1150,-0.5366,1.5859,2.2189,-0.4668
701.00,1.6209,2.2101,0.1765,1.7790,2.1150,-0.5367,1.5859,2.2189,-0.4669
701.50,1.6209,2.2101,0.1765,1.7790,2.1150,-0.5376,1.5859,2.2189,-0.4678
702.00,1.6209,2.2101,0.1765,1.7790,2.1150,-0.5383,1.5859,2.2189,-0.4685
702.50,1.6209,2.2101,0.1765,1.7790,2.1150,-0.5386,1.5859,2.2189,-0.4688
703.00,1.6209,2.2101,0.1765,1.7790,2.1150,-0.5386,1.5859,2.2189,-0.4688
703.50,1.6209,2.2101,0.1765,1.7790,2.1150,-0.5394,1.5859,2.2189,-0.4696
704.00,1.6209,2.2101,0.1765,1.7790,2.1150,-0.5397,1.5859,2.2189,-0.4699
704.50,1.6209,2.2101,0.1765,1.7790,2.1150,-0.5405,1.5859,2.2189,-0.4707
705.00,1.6209,2.2101,0.1765,1.7790,2.1150,-0.5409,1.5859,2.2189,-0.4711
705.50,1.6209,2.2101,0.1765,1.7790,2.1150,-0.5412,1.5859,2.2189,-0.4714
706.00,1.6209,2.2101,0.1765,1.7790,2.1150,-0.5410,1.5859,2.2189,-0.4712
706.50,1.6209,2.2101,0.1765,1.7790,2.1150,-0.5416,1.5859,2.2189,-0.4718
707.00,1.6209,2.2101,0.1765,1.7790,2.1150,-0.5415,1.5859,2.2189,-0.4717
707.50,1.6209,2.2101,0.1765,1.7790,2.1150,-0.5419,1.5859,2.2189,-0.4721
708.00,1.6209,2.2101,0.1765,1.7790,2.1150,-0.5423,1.5859,2.2189,-0.4725
708.50,1.6209,2.2101,0.1765,1.7790,2.1150,-0.5426,1.5859,2.2189,-0.4728
709.00,1.6209,2.2101,0.1765,1.7790,2.1150,-0.5429,1.5859,2.2189,-0.4731
709.50,1.6209,2.2101,0.1765,1.7790,2.1150,-0.5429,1.5859,2.2189,-0.4731
710.00,1.6209,2.2101,0.1765,1.7790,2.1150,-0.5437,1.5859,2.2189,-0.4739
710.50,1.6209,2.2101,0.1765,1.7790,2.1150,-0.5448,1.5859,2.2189,-0.4750
711.00,1.6209,2.2101,0.1765,1.7790,2.1150,-0.5454,1.5859,2.2189,-0.4756
711.50,1.6209,2.2101,0.1765,1.7790,2.1150,-0.5458,1.5859,2.2189,-0.4760
712.00,1.6209,2.2101,0.1765,1.7790,2.1150,-0.5460,1.5859,2.2189,-0.4762
712.50,1.6209,2.2101,0.1765,1.7790,2.1150,-0.5464,1.5859,2.2189,-0.4766
713.00,1.6209,2.2101,0.1765,1.7790,2.1150,-0.5469,1.5859,2.2189,-0.4771
713.50,1.6209,2.2101,0.1765,1.7790,2.1150,-0.5468,1.5859,2.2189,-0.4770
714.00,1.6209,2.2101,0.1765,1.7790,2.1150,-0.5474,1.5859,2.2189,-0.4776
714.50,1.6209,2.2101,0.1765,1.7790,2.1150,-0.5480,1.5859,2.2189,-0.4782
715.00,1.6209,2.2101,0.1765,1.7790,2.1150,-0.5485,1.5859,2.2189,-0.4787
715.50,1.6209,2.2101,0.1765,1.7790,2.1150,-0.5492,1.5859,2.2189,-0.4794
716.00,1.6209,2.2101,0.1765,1.7790,2.1150,-0.5494,1.5859,2.2189,-0.4796
716.50,1.6209,2.2101,0.1765,1.7790,2.1150,-0.5494,1.5859,2.2189,-0.4796
717.00,1.6209,2.2101,0.1765,1.7790,2.1150,-0.5497,1.5859,2.2189,-0.4799
717.50,1.6209,2.2101,0.1765,1.7790,2.1150,-0.5501,1.5859,2.2189,-0.4803
718.00,1.6209,2.2101,0.1765,1.7790,2.1150,-0.5504,1.5859,2.2189,-0.4806
718.50,1.6209,2.2101,0.1765,1.7790,2.1150,-0.5509,1.5859,2.2189,-0.4811
719.00,1.6209,2.2101,0.1765,1.7790,2.1150,-0.5516,1.5859,2.2189,-0.4818
719.50,1.6209,2.2101,0.1765,1.7790,2.1150,-0.5521,1.5859,2.2189,-0.4823
720.00,1.6209,2.2101,0.1765,1.7790,2.1150,-0.5519,1.5859,2.2189,-0.4821
720.50,1.6209,2.2101,0.1765,1.7790,2.1150,-0.5523,1.5859,2.2189,-0.4825
721.00,1.6209,2.2101,0.1765,1.7790,2.1150,-0.5531,1.5859,2.2189,-0.4833
721.50,1.6209,2.2101,0.1765,1.7790,2.1150,-0.5531,1.5859,2.2189,-0.4833
722.00,1.6209,2.2101,0.1765,1.7790,2.1150,-0.5532,1.5859,2.2189,-0.4834
722.50,1.6209,2.2101,0.1765,1.7790,2.1150,-0.5535,1.5859,2.2189,-0.4837
723.00,1.6209,2.2101,0.1765,1.7790,2.1150,-0.5540,1.5859,2.2189,-0.4842
723.50,1.6209,2.2101,0.1765,1.7790,2.1150,-0.5542,1.5859,2.2189,-0.4844
724.00,1.6209,2.2101,0.1765,1.7790,2.1150,-0.5548,1.5859,2.2189,-0.4850
724.50,1.6209,2.2101,0.1765,1.7790,2.1150,-0.5559,1.5859,2.2189,-0.4861
725.00,1.6209,2.2101,0.1765,1.7790,2.1150,-0.5560,1.5859,2.2189,-0.4862
725.50,1.6209,2.2101,0.1765,1.7790,2.1150,-0.5564,1.5859,2.2189,-0.4866
726.00,1.6209,2.2101,0.1765,1.7790,2.1150,-0.5571,1.5859,2.2189,-0.4873
726.50,1.6209,2.2101,0.1765,1.7790,2.1150,-0.5570,1.5859,2.2189,-0.4872
727.00,1.6209,2.2101,0.1765,1.7790,2.1150,-0.5577,1.5859,2.2189,-0.4879
727.50,1.6209,2.2101,0.1765,1.7790,2.1150,-0.5581,1.5859,2.2189,-0.4883
728.00,1.6209,2.2101,0.1765,1.7790,2.1150,-0.5585,1.5859,2.2189,-0.4887
728.50,1.6209,2.2101,0.1765,1.7790,2.1150,-0.5588,1.5859,2.2189,-0.4890
729.00,1.6209,2.2101,0.1765,1.7790,2.1150,-0.5589,1.5859,2.2189,-0.4891
729.50,1.6209,2.2101,0.1765,1.7790,2.1150,-0.5596,1.5859,2.2189,-0.4898
730.00,1.6209,2.2101,0.1765,1.7790,2.1150,-0.5598,1.5859,2.2189,-0.4900
730.50,1.6209,2.2101,0.1765,1.7790,2.1150,-0.5604,1.5859,2.2189,-0.4906
731.00,1.6209,2.2101,0.1765,1.7790,2.1150,-0.5605,1.5859,2.2189,-0.4907
731.50,1.6209,2.2101,0.1765,1.7790,2.1150,-0.5609,1.5859,2.2189,-0.4911
732.00,1.6209,2.2101,0.1765,1.7790,2.1150,-0.5613,1.5859,2.2189,-0.4915
732.50,1.6209,2.2101,0.1765,1.7790,2.1150,-0.5615,1.5859,2.2189,-0.4917
733.00,1.6209,2.2101,0.1765,1.7790,2.1150,-0.5620,1.5859,2.2189,-0.4922
733.50,1.6209,2.2101,0.1765,1.7790,2.1150,-0.5623,1.5859,2.2189,-0.4925
734.00,1.6209,2.2101,0.1765,1.7790,2.1150,-0.5629,1.5859,2.2189,-0.4931
734.50,1.6209,2.2101,0.1765,1.7790,2.1150,-0.5631,1.5859,2.2189,-0.4933
735.00,1.6209,2.2101,0.1765,1.7790,2.1150,-0.5633,1.5859,2.2189,-0.4935
735.50,1.6209,2.2101,0.1765,1.7790,2.1150,-0.5637,1.5859,2.2189,-0.4939
736.00,1.6209,2.2101,0.1765,1.7790,2.1150,-0.5643,1.5859,2.2189,-0.4945
736.50,1.6209,2.2101,0.1765,1.7790,2.1150,-0.5649,1.5859,2.2189,-0.4951
737.00,1.6209,2.2101,0.1765,1.7790,2.1150,-0.5653,1.5859,2.2189,-0.4955
737.50,1.6209,2.2101,0.1765,1.7790,2.1150,-0.5656,1.5859,2.2189,-0.4958
738.00,1.6209,2.2101,0.1765,1.7790,2.1150,-0.5663,1.5859,2.2189,-0.4965
738.50,1.6209,2.2101,0.1765,1.7790,2.1150,-0.5666,1.5859,2.2189,-0.4968
739.00,1.6209,2.2101,0.1765,1.7790,2.1150,-0.5666,1.5859,2.2189,-0.4968
739.50,1.6209,2.2101,0.1765,1.7790,2.1150,-0.5671,1.5859,2.2189,-0.4973
740.00,1.6209,2.2101,0.1765,1.7790,2.1150,-0.5676,1.5859,2.2189,-0.4978
740.50,1.6209,2.2101,0.1765,1.7790,2.1150,-0.5683,1.5859,2.2189,-0.4985
741.00,1.6209,2.2101,0.1765,1.7790,2.1150,-0.5685,1.5859,2.2189,-0.4987
741.50,1.6209,2.2101,0.1765,1.7790,2.1150,-0.5694,1.5859,2.2189,-0.4996
742.00,1.6209,2.2101,0.1765,1.7790,2.1150,-0.5696,1.5859,2.2189,-0.4998
742.50,1.6209,2.2101,0.1765,1.7790,2.1150,-0.5707,1.5859,2.2189,-0.5009
743.00,1.6209,2.2101,0.1765,1.7790,2.1150,-0.5709,1.5859,2.2189,-0.5011
743.50,1.6209,2.2101,0.1765,1.7790,2.1150,-0.5714,1.5859,2.2189,-0.5016
744.00,1.6209,2.2101,0.1765,1.7790,2.1150,-0.5717,1.5859,2.2189,-0.5019
744.50,1.6209,2.2101,0.1765,1.7790,2.1150,-0.5717,1.5859,2.2189,-0.5019
745.00,1.6209,2.2101,0.1765,1.7790,2.1150,-0.5725,1.5859,2.2189,-0.5027
745.50,1.6209,2.2101,0.1765,1.7790,2.1150,-0.5730,1.5859,2.2189,-0.5032
746.00,1.6209,2.2101,0.1765,1.7790,2.1150,-0.5735,1.5859,2.2189,-0.5037
746.50,1.6209,2.2101,0.1765,1.7790,2.1150,-0.5737,1.5859,2.2189,-0.5039
747.00,1.6209,2.2101,0.1765,1.7790,2.1150,-0.5735,1.5859,2.2189,-0.5037
747.50,1.6209,2.2101,0.1765,1.7790,2.1150,-0.5735,1.5859,2.2189,-0.5037
748.00,1.6209,2.2101,0.1765,1.7790,2.1150,-0.5734,1.5859,2.2189,-0.5036
748.50,1.6209,2.2101,0.1765,1.7790,2.1150,-0.5731,1.5859,2.2189,-0.5033
749.00,1.6209,2.2101,0.1765,1.7790,2.1150,-0.5731,1.5859,2.2189,-0.5033
749.50,1.6209,2.2101,0.1765,1.7790,2.1150,-0.5738,1.5859,2.2189,-0.5040
750.00,1.6209,2.2101,0.1765,1.7790,2.1150,-0.5741,1.5859,2.2189,-0.5043
750.50,1.6209,2.2101,0.1765,1.7790,2.1150,-0.5743,1.5859,2.2189,-0.5045
751.00,1.6209,2.2101,0.1765,1.7790,2.1150,-0.5752,1.5859,2.2189,-0.5054
751.50,1.6209,2.2101,0.1765,1.7790,2.1150,-0.5755,1.5859,2.2189,-0.5057
752.00,1.6209,2.2101,0.1765,1.7790,2.1150,-0.5765,1.5859,2.2189,-0.5067
752.50,1.6209,2.2101,0.1765,1.7790,2.1150,-0.5765,1.5859,2.2189,-0.5067
753.00,1.6209,2.2101,0.1765,1.7790,2.1150,-0.5769,1.5859,2.2189,-0.5071
753.50,1.6209,2.2101,0.1765,1.7790,2.1150,-0.5776,1.5859,2.2189,-0.5078
754.00,1.6209,2.2101,0.1765,1.7790,2.1150,-0.5779,1.5859,2.2189,-0.5081
754.50,1.6209,2.2101,0.1765,1.7790,2.1150,-0.5779,1.5859,2.2189,-0.5081
755.00,1.6209,2.2101,0.1765,1.7790,2.1150,-0.5786,1.5859,2.2189,-0.5088
755.50,1.6209,2.2101,0.1765,1.7790,2.1150,-0.5788,1.5859,2.2189,-0.5090
756.00,1.6209,2.2101,0.1765,1.7790,2.1150,-0.5792,1.5859,2.2189,-0.5094
756.50,1.6209,2.2101,0.1765,1.7790,2.1150,-0.5800,1.5859,2.2189,-0.5102
757.00,1.6209,2.2101,0.1765,1.7790,2.1150,-0.5802,1.5859,2.2189,-0.5104
757.50,1.6209,2.2101,0.1765,1.7790,2.1150,-0.5806,1.5859,2.2189,-0.5108
758.00,1.6209,2.2101,0.1765,1.7790,2.1150,-0.5810,1.5859,2.2189,-0.5112
758.50,1.6209,2.2101,0.1765,1.7790,2.1150,-0.5811,1.5859,2.2189,-0.5113
759.00,1.6209,2.2101,0.1765,1.7790,2.1150,-0.5813,1.5859,2.2189,-0.5115
759.50,1.6209,2.2101,0.1765,1.7790,2.1150,-0.5813,1.5859,2.2189,-0.5115
760.00,1.6209,2.2101,0.1765,1.7790,2.1150,-0.5818,1.5859,2.2189,-0.5120
760.50,1.6209,2.2101,0.1765,1.7790,2.1150,-0.5821,1.5859,2.2189,-0.5123
761.00,1.6209,2.2101,0.1765,1.7790,2.1150,-0.5828,1.5859,2.2189,-0.5130
761.50,1.6209,2.2101,0.1765,1.7790,2.1150,-0.5830,1.5859,2.2189,-0.5132
762.00,1.6209,2.2101,0.1765,1.7790,2.1150,-0.5834,1.5859,2.2189,-0.5136
762.50,1.6209,2.2101,0.1765,1.7790,2.1150,-0.5836,1.5859,2.2189,-0.5138
763.00,1.6209,2.2101,0.1765,1.7790,2.1150,-0.5848,1.5859,2.2189,-0.5150
763.50,1.6209,2.2101,0.1765,1.7790,2.1150,-0.5852,1.5859,2.2189,-0.5154
764.00,1.6209,2.2101,0.1765,1.7790,2.1150,-0.5852,1.5859,2.2189,-0.5154
764.50,1.6209,2.2101,0.1765,1.7790,2.1150,-0.5855,1.5859,2.2189,-0.5157
765.00,1.6209,2.2101,0.1765,1.7790,2.1150,-0.5862,1.5859,2.2189,-0.5164
765.50,1.6209,2.2101,0.1765,1.7790,2.1150,-0.5867,1.5859,2.2189,-0.5169
766.00,1.6209,2.2101,0.1765,1.7790,2.1150,-0.5873,1.5859,2.2189,-0.5175
766.50,1.6209,2.2101,0.1765,1.7790,2.1150,-0.5878,1.5859,2.2189,-0.5180
767.00,1.6209,2.2101,0.1765,1.7790,2.1150,-0.5881,1.5859,2.2189,-0.5183
767.50,1.6209,2.2101,0.1765,1.7790,2.1150,-0.5884,1.5859,2.2189,-0.5186
768.00,1.6209,2.2101,0.1765,1.7790,2.1150,-0.5884,1.5859,2.2189,-0.5186
768.50,1.6209,2.2101,0.1765,1.7790,2.1150,-0.5884,1.5859,2.2189,-0.5186
769.00,1.6209,2.2101,0.1765,1.7790,2.1150,-0.5890,1.5859,2.2189,-0.5192
769.50,1.6209,2.2101,0.1765,1.7790,2.1150,-0.5891,1.5859,2.2189,-0.5193
770.00,1.6209,2.2101,0.1765,1.7790,2.1150,-0.5893,1.5859,2.2189,-0.5195
770.50,1.6209,2.2101,0.1765,1.7790,2.1150,-0.5893,1.5859,2.2189,-0.5195
771.00,1.6209,2.2101,0.1765,1.7790,2.1150,-0.5898,1.5859,2.2189,-0.5200
771.50,1.6209,2.2101,0.1765,1.7790,2.1150,-0.5901,1.5859,2.2189,-0.5203
772.00,1.6209,2.2101,0.1765,1.7790,2.1150,-0.5909,1.5859,2.2189,-0.5211
772.50,1.6209,2.2101,0.1765,1.7790,2.1150,-0.5909,1.5859,2.2189,-0.5211
773.00,1.6209,2.2101,0.1765,1.7790,2.1150,-0.5915,1.5859,2.2189,-0.5217
773.50,1.6209,2.2101,0.1765,1.7790,2.1150,-0.5917,1.5859,2.2189,-0.5219
774.00,1.6209,2.2101,0.1765,1.7790,2.1150,-0.5920,1.5859,2.2189,-0.5222
774.50,1.6209,2.2101,0.1765,1.7790,2.1150,-0.5925,1.5859,2.2189,-0.5227
775.00,1.6209,2.2101,0.1765,1.7790,2.1150,-0.5922,1.5859,2.2189,-0.5224
775.50,1.6209,2.2101,0.1765,1.7790,2.1150,-0.5930,1.5859,2.2189,-0.5232
776.00,1.6209,2.2101,0.1765,1.7790,2.1150,-0.5938,1.5859,2.2189,-0.5240
776.50,1.6209,2.2101,0.1765,1.7790,2.1150,-0.5940,1.5859,2.2189,-0.5242
777.00,1.6209,2.2101,0.1765,1.7790,2.1150,-0.5947,1.5859,2.2189,-0.5249
777.50,1.6209,2.2101,0.1765,1.7790,2.1150,-0.5949,1.5859,2.2189,-0.5251
778.00,1.6209,2.2101,0.1765,1.7790,2.1150,-0.5951,1.5859,2.2189,-0.5253
778.50,1.6209,2.2101,0.1765,1.7790,2.1150,-0.5954,1.5859,2.2189,-0.5256
779.00,1.6209,2.2101,0.1765,1.7790,2.1150,-0.5958,1.5859,2.2189,-0.5260
779.50,1.6209,2.2101,0.1765,1.7790,2.1150,-0.5959,1.5859,2.2189,-0.5261
780.00,1.6209,2.2101,0.1765,1.7790,2.1150,-0.5961,1.5859,2.2189,-0.5263
780.50,1.6209,2.2101,0.1765,1.7790,2.1150,-0.5963,1.5859,2.2189,-0.5265
781.00,1.6209,2.2101,0.1765,1.7790,2.1150,-0.5965,1.5859,2.2189,-0.5267
781.50,1.6209,2.2101,0.1765,1.7790,2.1150,-0.5964,1.5859,2.2189,-0.5266
782.00,1.6209,2.2101,0.1765,1.7790,2.1150,-0.5968,1.5859,2.2189,-0.5270
782.50,1.6209,2.2101,0.1765,1.7790,2.1150,-0.5971,1.5859,2.2189,-0.5273
783.00,1.6209,2.2101,0.1765,1.7790,2.1150,-0.5975,1.5859,2.2189,-0.5277
783.50,1.6209,2.2101,0.1765,1.7790,2.1150,-0.5982,1.5859,2.2189,-0.5284
784.00,1.6209,2.2101,0.1765,1.7790,2.1150,-0.5981,1.5859,2.2189,-0.5283
784.50,1.6209,2.2101,0.1765,1.7790,2.1150,-0.5982,1.5859,2.2189,-0.5284
785.00,1.6209,2.2101,0.1765,1.7790,2.1150,-0.5986,1.5859,2.2189,-0.5288
785.50,1.6209,2.2101,0.1765,1.7790,2.1150,-0.5988,1.5859,2.2189,-0.5290
786.00,1.6209,2.2101,0.1765,1.7790,2.1150,-0.5989,1.5859,2.2189,-0.5291
786.50,1.6209,2.2101,0.1765,1.7790,2.1150,-0.5990,1.5859,2.2189,-0.5292
787.00,1.6209,2.2101,0.1765,1.7790,2.1150,-0.5990,1.5859,2.2189,-0.5292
787.50,1.6209,2.2101,0.1765,1.7790,2.1150,-0.5991,1.5859,2.2189,-0.5293
788.00,1.6209,2.2101,0.1765,1.7790,2.1150,-0.5994,1.5859,2.2189,-0.5296
788.50,1.6209,2.2101,0.1765,1.7790,2.1150,-0.5995,1.5859,2.2189,-0.5297
789.00,1.6209,2.2101,0.1765,1.7790,2.1150,-0.5999,1.5859,2.2189,-0.5301
789.50,1.6209,2.2101,0.1765,1.7790,2.1150,-0.6003,1.5859,2.2189,-0.5305
790.00,1.6209,2.2101,0.1765,1.7790,2.1150,-0.6006,1.5859,2.2189,-0.5308
790.50,1.6209,2.2101,0.1765,1.7790,2.1150,-0.6006,1.5859,2.2189,-0.5308
791.00,1.6209,2.2101,0.1765,1.7790,2.1150,-0.6006,1.5859,2.2189,-0.5308
791.50,1.6209,2.2101,0.1765,1.7790,2.1150,-0.6011,1.5859,2.2189,-0.5313
792.00,1.6209,2.2101,0.1765,1.7790,2.1150,-0.6011,1.5859,2.2189,-0.5313
792.50,1.6209,2.2101,0.1765,1.7790,2.1150,-0.6019,1.5859,2.2189,-0.5321
793.00,1.6209,2.2101,0.1765,1.7790,2.1150,-0.6022,1.5859,2.2189,-0.5324
793.50,1.6209,2.2101,0.1765,1.7790,2.1150,-0.6021,1.5859,2.2189,-0.5323
794.00,1.6209,2.2101,0.1765,1.7790,2.1150,-0.6017,1.5859,2.2189,-0.5319
794.50,1.6209,2.2101,0.1765,1.7790,2.1150,-0.6018,1.5859,2.2189,-0.5320
795.00,1.6209,2.2101,0.1765,1.7790,2.1150,-0.6021,1.5859,2.2189,-0.5323
795.50,1.6209,2.2101,0.1765,1.7790,2.1150,-0.6025,1.5859,2.2189,-0.5327
796.00,1.6209,2.2101,0.1765,1.7790,2.1150,-0.6028,1.5859,2.2189,-0.5330
796.50,1.6209,2.2101,0.1765,1.7790,2.1150,-0.6031,1.5859,2.2189,-0.5333
797.00,1.6209,2.2101,0.1765,1.7790,2.1150,-0.6030,1.5859,2.2189,-0.5332
797.50,1.6209,2.2101,0.1765,1.7790,2.1150,-0.6032,1.5859,2.2189,-0.5334
798.00,1.6209,2.2101,0.1765,1.7790,2.1150,-0.6032,1.5859,2.2189,-0.5334
798.50,1.6209,2.2101,0.1765,1.7790,2.1150,-0.6034,1.5859,2.2189,-0.5336
799.00,1.6209,2.2101,0.1765,1.7790,2.1150,-0.6038,1.5859,2.2189,-0.5340
799.50,1.6209,2.2101,0.1765,1.7790,2.1150,-0.6044,1.5859,2.2189,-0.5346
800.00,1.6209,2.2101,0.1765,1.7790,2.1150,-0.6045,1.5859,2.2189,-0.5347
800.50,1.6209,2.2101,0.1765,1.7790,2.1150,-0.6054,1.5859,2.2189,-0.5356
801.00,1.6209,2.2101,0.1765,1.7790,2.1150,-0.6058,1.5859,2.2189,-0.5360
801.50,1.6209,2.2101,0.1765,1.7790,2.1150,-0.6064,1.5859,2.2189,-0.5366
802.00,1.6209,2.2101,0.1765,1.7790,2.1150,-0.6066,1.5859,2.2189,-0.5368
802.50,1.6209,2.2101,0.1765,1.7790,2.1150,-0.6068,1.5859,2.2189,-0.5370
803.00,1.6209,2.2101,0.1765,1.7790,2.1150,-0.6069,1.5859,2.2189,-0.5371
803.50,1.6209,2.2101,0.1765,1.7790,2.1150,-0.6074,1.5859,2.2189,-0.5376
804.00,1.6209,2.2101,0.1765,1.7790,2.1150,-0.6072,1.5859,2.2189,-0.5374
804.50,1.6209,2.2101,0.1765,1.7790,2.1150,-0.6074,1.5859,2.2189,-0.5376
805.00,1.6209,2.2101,0.1765,1.7790,2.1150,-0.6078,1.5859,2.2189,-0.5380
805.50,1.6209,2.2101,0.1765,1.7790,2.1150,-0.6081,1.5859,2.2189,-0.5383
806.00,1.6209,2.2101,0.1765,1.7790,2.1150,-0.6082,1.5859,2.2189,-0.5384
806.50,1.6209,2.2101,0.1765,1.7790,2.1150,-0.6087,1.5859,2.2189,-0.5389
807.00,1.6209,2.2101,0.1765,1.7790,2.1150,-0.6089,1.5859,2.2189,-0.5391
