t,gt_x,gt_y,gt_yaw,odom_x,odom_y,odom_yaw,slam_x,slam_y,slam_yaw
53.00,-0.0000,0.0000,0.0000,0.0000,0.0000,-0.0805,,,
53.50,-0.0000,0.0000,0.0000,0.0000,0.0000,-0.0821,0.0000,0.0000,-0.0821
54.00,-0.0000,0.0000,0.0000,0.0000,0.0000,-0.0834,0.0000,0.0000,-0.0834
54.50,-0.0000,0.0000,0.0000,0.0000,0.0000,-0.0843,0.0000,0.0000,-0.0843
55.00,-0.0000,0.0000,0.0000,0.0000,0.0000,-0.0856,0.0000,0.0000,-0.0856
55.50,-0.0000,0.0000,0.0000,0.0000,0.0000,-0.0871,0.0000,0.0000,-0.0871
56.00,-0.0000,0.0000,0.0000,0.0000,0.0000,-0.0880,0.0000,0.0000,-0.0880
56.50,-0.0000,0.0000,0.0000,0.0000,0.0000,-0.0889,0.0000,0.0000,-0.0889
57.00,-0.0000,0.0000,0.0000,0.0000,0.0000,-0.0903,0.0000,0.0000,-0.0903
57.50,-0.0000,0.0000,0.0000,0.0000,0.0000,-0.0914,0.0000,0.0000,-0.0914
58.00,-0.0000,0.0000,0.0000,0.0000,0.0000,-0.0925,0.0000,0.0000,-0.0925
58.50,-0.0000,0.0000,0.0000,0.0000,0.0000,-0.0933,0.0000,0.0000,-0.0933
59.00,-0.0000,0.0000,0.0000,0.0000,0.0000,-0.0946,0.0000,0.0000,-0.0946
59.50,-0.0000,0.0000,0.0000,0.0000,0.0000,-0.0954,0.0000,0.0000,-0.0954
60.00,-0.0000,0.0000,0.0000,0.0000,0.0000,-0.0958,0.0000,0.0000,-0.0958
60.50,-0.0000,0.0000,0.0000,0.0000,0.0000,-0.0972,0.0000,0.0000,-0.0972
61.00,-0.0000,0.0000,0.0000,0.0000,0.0000,-0.0977,0.0000,0.0000,-0.0977
61.50,0.0001,-0.0000,-0.0000,0.0000,0.0000,-0.0990,0.0000,0.0000,-0.0990
62.00,0.0598,-0.0000,-0.0000,0.0521,-0.0052,-0.0998,0.0521,-0.0052,-0.0998
62.50,0.1198,-0.0000,-0.0000,0.1123,-0.0113,-0.1010,0.0917,-0.0020,-0.0207
63.00,0.1798,-0.0000,-0.0000,0.1700,-0.0172,-0.1020,0.1049,-0.0036,-0.0197
63.50,0.2398,-0.0000,-0.0000,0.2311,-0.0234,-0.1026,0.1310,-0.0050,-0.0189
64.00,0.2998,-0.0000,-0.0000,0.2948,-0.0300,-0.1039,0.1151,-0.0062,-0.0202
64.50,0.3598,-0.0000,-0.0000,0.3535,-0.0362,-0.1051,0.1341,-0.0074,-0.0213
65.00,0.4198,-0.0000,-0.0000,0.4173,-0.0429,-0.1059,0.1702,-0.0032,-0.0221
65.50,0.4798,-0.0000,-0.0000,0.4794,-0.0496,-0.1077,0.2106,-0.0002,-0.0239
66.00,0.5398,-0.0000,-0.0000,0.5400,-0.0562,-0.1091,0.2316,-0.0022,-0.0218
66.50,0.5998,-0.0000,-0.0000,0.6022,-0.0630,-0.1102,0.2642,-0.0036,-0.0229
67.00,0.6598,-0.0000,-0.0000,0.6646,-0.0699,-0.1113,0.3101,-0.0051,-0.0241
67.50,0.7198,-0.0000,-0.0000,0.7261,-0.0769,-0.1126,0.3588,-0.0066,-0.0253
68.00,0.7798,-0.0000,-0.0000,0.7850,-0.0835,-0.1137,0.3880,-0.0082,-0.0265
68.50,0.8398,-0.0000,-0.0000,0.8455,-0.0905,-0.1150,0.4490,-0.0098,-0.0277
69.00,0.8998,-0.0000,-0.0000,0.9065,-0.0976,-0.1159,0.4791,-0.0120,-0.0252
69.50,0.9598,-0.0000,-0.0000,0.9696,-0.1050,-0.1174,0.5338,-0.0136,-0.0267
70.00,1.0198,-0.0000,-0.0000,1.0281,-0.1119,-0.1186,0.5727,-0.0152,-0.0279
70.50,1.0798,-0.0000,-0.0000,1.0884,-0.1191,-0.1200,0.6334,-0.0170,-0.0292
71.00,1.1398,-0.0000,-0.0000,1.1497,-0.1265,-0.1207,0.6951,-0.0192,-0.0264
71.50,1.1998,-0.0000,-0.0000,1.2090,-0.1337,-0.1216,0.7448,-0.0108,-0.0274
72.00,1.2248,-0.0000,-0.0000,1.2430,-0.1379,-0.1224,0.7790,-0.0118,-0.0282
72.50,1.2248,-0.0000,-0.0000,1.2430,-0.1379,-0.1239,0.7790,-0.0118,-0.0297
73.00,1.2248,-0.0000,-0.0000,1.2430,-0.1379,-0.1253,0.7790,-0.0117,-0.0311
73.50,1.2248,-0.0000,-0.0000,1.2430,-0.1379,-0.1265,0.7790,-0.0117,-0.0322
74.00,1.2248,-0.0000,-0.0000,1.2430,-0.1379,-0.1276,0.7790,-0.0117,-0.0333
74.50,1.2248,-0.0000,-0.0000,1.2430,-0.1379,-0.1292,0.7790,-0.0117,-0.0350
75.00,1.2248,-0.0000,-0.0000,1.2430,-0.1379,-0.1301,0.7790,-0.0117,-0.0358
75.50,1.2248,-0.0000,-0.0000,1.2430,-0.1379,-0.1309,0.7790,-0.0117,-0.0367
76.00,1.2248,-0.0000,-0.0000,1.2430,-0.1379,-0.1318,0.7790,-0.0117,-0.0376
76.50,1.2248,-0.0000,-0.0000,1.2430,-0.1379,-0.1322,0.7790,-0.0117,-0.0379
77.00,1.2248,-0.0000,-0.0000,1.2430,-0.1379,-0.1333,0.7790,-0.0117,-0.0391
77.50,1.2248,-0.0000,-0.0000,1.2430,-0.1379,-0.1346,0.7790,-0.0117,-0.0404
78.00,1.2248,-0.0000,-0.0000,1.2430,-0.1379,-0.1355,0.7790,-0.0117,-0.0412
78.50,1.2248,-0.0000,-0.0000,1.2430,-0.1379,-0.1367,0.7790,-0.0117,-0.0425
79.00,1.2248,-0.0000,-0.0000,1.2430,-0.1379,-0.1384,0.7790,-0.0117,-0.0442
79.50,1.2248,-0.0000,-0.0000,1.2430,-0.1379,-0.1399,0.7790,-0.0117,-0.0457
80.00,1.2248,0.0000,0.0009,1.2430,-0.1379,-0.1411,0.7790,-0.0117,-0.0469
80.50,1.2248,0.0048,0.0499,1.2467,-0.1383,-0.0958,0.7828,-0.0118,-0.0016
81.00,1.2248,0.0122,0.1009,1.2548,-0.1389,-0.0464,0.7909,-0.0117,0.0479
81.50,1.2249,0.0192,0.1501,1.2616,-0.1391,0.0021,0.7977,-0.0112,0.0964
82.00,1.2249,0.0257,0.1977,1.2689,-0.1389,0.0482,0.8454,-0.0049,0.1668
82.50,1.2249,0.0317,0.2438,1.2751,-0.1384,0.0927,0.8515,-0.0038,0.2114
83.00,1.2249,0.0371,0.2884,1.2809,-0.1378,0.1360,0.8572,-0.0024,0.2546
83.50,1.2250,0.0422,0.3318,1.2844,-0.1372,0.1781,0.8606,-0.0015,0.2967
84.00,1.2250,0.0467,0.3739,1.2885,-0.1364,0.2191,0.8646,-0.0002,0.3377
84.50,1.2251,0.0507,0.4148,1.2928,-0.1354,0.2591,0.8688,0.0014,0.3778
85.00,1.2251,0.0543,0.4546,1.2959,-0.1345,0.2979,0.8717,0.0026,0.4165
85.50,1.2251,0.0573,0.4933,1.2988,-0.1335,0.3355,0.8745,0.0039,0.4541
86.00,1.2252,0.0600,0.5310,1.3017,-0.1325,0.3723,0.8772,0.0053,0.4910
86.50,1.2252,0.0621,0.5678,1.3034,-0.1318,0.4078,0.8788,0.0062,0.5265
87.00,1.2253,0.0638,0.6036,1.3046,-0.1312,0.4426,0.8800,0.0069,0.5612
87.50,1.2254,0.0650,0.6384,1.3059,-0.1306,0.4765,0.8227,0.0453,0.6091
88.00,1.2254,0.0658,0.6724,1.3067,-0.1302,0.5100,0.8234,0.0458,0.6426
88.50,1.2254,0.0660,0.6911,1.3071,-0.1300,0.5305,0.8237,0.0461,0.6631
89.00,1.2254,0.0660,0.6911,1.3071,-0.1300,0.5297,0.8237,0.0461,0.6623
89.50,1.2144,0.0569,0.6911,1.2986,-0.1349,0.5286,0.8160,0.0401,0.6612
90.00,1.1836,0.0314,0.6911,1.2618,-0.1563,0.5269,0.7824,0.0140,0.6596
90.50,1.1527,0.0059,0.6911,1.2289,-0.1755,0.5263,0.7434,-0.0107,0.6659
91.00,1.1219,-0.0196,0.6911,1.1915,-0.1972,0.5253,0.7094,-0.0374,0.6649
91.50,1.0911,-0.0451,0.6911,1.1557,-0.2179,0.5243,0.6867,-0.0629,0.6639
92.00,1.0603,-0.0706,0.6911,1.1210,-0.2380,0.5229,0.6386,-0.0823,0.6644
92.50,1.0297,-0.0959,0.6911,1.0861,-0.2581,0.5214,0.5940,-0.1030,0.6645
93.00,1.0220,-0.1023,0.6911,1.0731,-0.2655,0.5204,0.5822,-0.1123,0.6635
93.50,1.0220,-0.1023,0.6911,1.0731,-0.2655,0.5186,0.5822,-0.1123,0.6617
94.00,1.0220,-0.1023,0.6911,1.0731,-0.2655,0.5175,0.5822,-0.1123,0.6605
94.50,1.0220,-0.1023,0.6911,1.0731,-0.2655,0.5170,0.5822,-0.1123,0.6601
95.00,1.0220,-0.1023,0.6911,1.0731,-0.2655,0.5162,0.5822,-0.1123,0.6593
95.50,1.0221,-0.1022,0.7195,1.0732,-0.2655,0.5371,0.5822,-0.1122,0.6802
96.00,1.0219,-0.1029,0.8590,1.0730,-0.2656,0.6684,0.5821,-0.1124,0.8114
96.50,1.0173,-0.1032,1.0325,1.0700,-0.2685,0.8389,0.5795,-0.1156,0.9820
97.00,1.0040,-0.1034,1.2299,1.0613,-0.2802,1.0332,0.5726,-0.1285,1.1763
97.50,0.9891,-0.1035,1.3576,1.0548,-0.2934,1.1721,0.5508,-0.1335,1.3292
98.00,0.9871,-0.1035,1.3846,1.0538,-0.2959,1.1981,0.5502,-0.1362,1.3551
98.50,0.9807,-0.1035,1.4326,1.0519,-0.3011,1.2445,0.5492,-0.1416,1.4015
99.00,0.9736,-0.1036,1.4822,1.0497,-0.3081,1.2927,0.5480,-0.1488,1.4498
99.50,0.9661,-0.1036,1.5337,1.0472,-0.3176,1.3425,0.5471,-0.1587,1.4995
100.00,0.9581,-0.1036,1.5871,1.0460,-0.3235,1.3941,0.5468,-0.1647,1.5511
100.50,0.9504,-0.1036,1.6393,1.0471,-0.3162,1.4453,0.5281,-0.1073,1.6094
101.00,0.9431,-0.1035,1.6897,1.0477,-0.3099,1.4945,0.5277,-0.1010,1.6585
101.50,0.9363,-0.1035,1.7383,1.0481,-0.3029,1.5414,0.5269,-0.0940,1.7055
102.00,0.9300,-0.1035,1.7853,1.0481,-0.2965,1.5875,0.5259,-0.0877,1.7516
102.50,0.9242,-0.1035,1.8308,1.0478,-0.2890,1.6323,0.5244,-0.0803,1.7963
103.00,0.9160,-0.0862,1.9203,1.0460,-0.2710,1.7140,0.5196,-0.0629,1.8780
103.50,0.8911,-0.0138,2.0460,1.0302,-0.2014,1.8476,0.4740,-0.0365,2.0221
104.00,0.8332,0.0987,2.0489,0.9940,-0.0792,1.8570,0.4169,0.0876,2.0280
104.50,0.7785,0.2158,1.9940,0.9595,0.0515,1.7995,0.3607,0.2004,1.9705
105.00,0.7220,0.3336,2.0327,0.9283,0.1801,1.8307,0.2983,0.3219,2.0052
105.50,0.6577,0.4483,2.0835,0.8907,0.3075,1.8808,0.2535,0.4309,2.0553
106.00,0.5878,0.5592,2.1649,0.8445,0.4371,1.9582,0.1937,0.5505,2.1362
106.50,0.5083,0.6621,2.2941,0.7821,0.5670,2.0866,0.1214,0.6562,2.2630
107.00,0.4185,0.7556,2.3652,0.7113,0.6806,2.1628,0.0625,0.7498,2.3391
107.50,0.3264,0.8476,2.3272,0.6354,0.7943,2.1343,-0.0325,0.8449,2.3132
108.00,0.2531,0.9331,2.1646,0.5779,0.8982,1.9816,-0.0808,0.9324,2.1631
108.50,0.2038,1.0048,1.9126,0.5525,0.9813,1.7331,-0.1079,1.0000,1.9146
109.00,0.1638,1.1177,1.6287,0.5511,1.0955,1.4470,-0.1368,1.1182,1.6283
109.50,0.1415,1.2473,1.4174,0.5834,1.2259,1.2245,-0.1672,1.2467,1.4077
110.00,0.1587,1.3749,1.3640,0.6356,1.3519,1.1556,-0.1545,1.3746,1.3439
110.50,0.1868,1.5010,1.3479,0.6903,1.4753,1.1406,-0.1284,1.5017,1.3273
111.00,0.2077,1.5870,1.3856,0.7302,1.5635,1.1737,-0.1052,1.5857,1.3639
111.50,0.2164,1.6124,1.4326,0.7430,1.5953,1.2209,-0.0986,1.6194,1.4111
112.00,0.2154,1.6124,1.4823,0.7431,1.5955,1.2700,-0.0985,1.6196,1.4602
112.50,0.2081,1.6124,1.5338,0.7414,1.5895,1.3204,-0.0991,1.6133,1.5106
113.00,0.2001,1.6124,1.5871,0.7402,1.5844,1.3724,-0.0993,1.6081,1.5626
113.50,0.1924,1.6124,1.6394,0.7413,1.5907,1.4234,-0.0994,1.6145,1.6137
114.00,0.1851,1.6124,1.6897,0.7422,1.5977,1.4729,-0.0999,1.6215,1.6631
114.50,0.1783,1.6124,1.7383,0.7427,1.6037,1.5206,-0.1006,1.6276,1.7108
115.00,0.1720,1.6124,1.7854,0.7429,1.6111,1.5673,-0.1017,1.6348,1.7575
115.50,0.1662,1.6125,1.8309,0.7428,1.6170,1.6120,-0.1030,1.6407,1.8022
116.00,0.1609,1.6125,1.8751,0.7424,1.6230,1.6542,-0.1044,1.6465,1.8444
116.50,0.1561,1.6125,1.9179,0.7418,1.6286,1.6957,-0.1648,1.6223,1.8929
117.00,0.1517,1.6126,1.9596,0.7412,1.6331,1.7365,-0.1663,1.6266,1.9336
117.50,0.1479,1.6126,2.0001,0.7404,1.6374,1.7755,-0.1679,1.6306,1.9726
118.00,0.1445,1.6127,2.0395,0.7396,1.6410,1.8140,-0.1694,1.6339,2.0111
118.50,0.1416,1.6127,2.0779,0.7391,1.6429,1.8517,-0.1703,1.6357,2.0489
119.00,0.1391,1.6128,2.1152,0.7383,1.6455,1.8876,-0.1716,1.6381,2.0848
119.50,0.1372,1.6128,2.1516,0.7373,1.6482,1.9232,-0.1730,1.6406,2.1204
120.00,0.1357,1.6129,2.1871,0.7367,1.6500,1.9575,-0.1740,1.6422,2.1546
120.50,0.1346,1.6129,2.2216,0.7361,1.6514,1.9912,-0.1749,1.6434,2.1884
121.00,0.1340,1.6130,2.2552,0.7359,1.6518,2.0241,-0.1752,1.6438,2.2213
121.50,0.1338,1.6130,2.2880,0.7357,1.6521,2.0554,-0.1754,1.6441,2.2526
122.00,0.1338,1.6129,2.3207,0.7358,1.6519,2.0867,-0.1752,1.6439,2.2839
122.50,0.1339,1.6127,2.3546,0.7359,1.6518,2.1185,-0.1752,1.6439,2.3157
123.00,0.1342,1.6127,2.3885,0.7361,1.6514,2.1518,-0.1748,1.6435,2.3490
123.50,0.1345,1.6128,2.4214,0.7365,1.6509,2.1831,-0.1744,1.6431,2.3803
124.00,0.1346,1.6126,2.4541,0.7366,1.6508,2.2146,-0.1743,1.6430,2.4118
124.50,0.1346,1.6121,2.4876,0.7368,1.6505,2.2469,-0.1740,1.6427,2.4440
125.00,0.1347,1.6110,2.5221,0.7375,1.6496,2.2798,-0.1731,1.6420,2.4770
125.50,0.1347,1.6096,2.5574,0.7386,1.6484,2.3140,-0.1718,1.6410,2.5112
126.00,0.1348,1.6076,2.5937,0.7403,1.6467,2.3492,-0.1698,1.6396,2.5464
126.50,0.1348,1.6053,2.6310,0.7418,1.6451,2.3851,-0.1680,1.6385,2.5823
127.00,0.1349,1.6024,2.6692,0.7443,1.6428,2.4222,-0.1651,1.6367,2.6194
127.50,0.1349,1.5991,2.7086,0.7465,1.6410,2.4600,-0.1627,1.6353,2.6572
128.00,0.1350,1.5952,2.7490,0.7495,1.6387,2.4994,-0.1592,1.6336,2.6966
128.50,0.1350,1.5909,2.7905,0.7527,1.6364,2.5394,-0.1556,1.6320,2.7366
129.00,0.1350,1.5862,2.8333,0.7552,1.6348,2.5812,-0.1529,1.6309,2.7783
129.50,0.1351,1.5809,2.8773,0.7596,1.6321,2.6235,-0.1480,1.6292,2.8207
130.00,0.1351,1.5751,2.9227,0.7643,1.6296,2.6675,-0.1429,1.6276,2.8647
130.50,0.1351,1.5689,2.9696,0.7710,1.6263,2.7131,-0.1357,1.6257,2.9103
131.00,0.1351,1.5621,3.0180,0.7767,1.6239,2.7605,-0.1297,1.6244,2.9577
131.50,0.1352,1.5549,3.0682,0.7847,1.6209,2.8091,-0.1212,1.6231,3.0062
132.00,0.1352,1.5472,3.1203,0.7915,1.6187,2.8603,-0.1528,1.5878,3.0790
132.50,0.1352,1.5393,-3.1095,0.7911,1.6187,2.9127,-0.1838,1.5600,-3.1349
133.00,0.1352,1.5317,-3.0578,0.7838,1.6202,2.9631,-0.1912,1.5598,-3.0845
133.50,0.1351,1.5246,-3.0080,0.7754,1.6215,3.0122,-0.1997,1.5591,-3.0354
134.00,0.1351,1.5179,-2.9599,0.7694,1.6222,3.0594,-0.2057,1.5583,-2.9882
134.50,0.1351,1.5118,-2.9133,0.7625,1.6226,3.1047,-0.2125,1.5571,-2.9429
135.00,0.1351,1.5061,-2.8682,0.7571,1.6227,-3.1343,-0.2178,1.5559,-2.8987
135.50,0.1350,1.5017,-2.8308,0.7518,1.6225,-3.0942,-0.2229,1.5545,-2.8586
136.00,0.1350,1.4986,-2.7951,0.7496,1.6224,-3.0638,-0.2250,1.5538,-2.8282
136.50,0.1350,1.4943,-2.7534,0.7454,1.6220,-3.0240,-0.2290,1.5525,-2.7884
137.00,0.1349,1.4904,-2.7129,0.7412,1.6214,-2.9843,-0.2111,1.5188,-2.7409
137.50,0.1349,1.4870,-2.6735,0.7366,1.6206,-2.9459,-0.1983,1.4916,-2.6964
138.00,0.1348,1.4841,-2.6351,0.7338,1.6200,-2.9085,-0.2008,1.4903,-2.6590
138.50,0.1348,1.4816,-2.5977,0.7317,1.6194,-2.8724,-0.2027,1.4892,-2.6229
139.00,0.1347,1.4797,-2.5613,0.7300,1.6189,-2.8371,-0.2042,1.4884,-2.5876
139.50,0.1347,1.4782,-2.5259,0.7286,1.6185,-2.8030,-0.2054,1.4876,-2.5535
140.00,0.1346,1.4771,-2.4913,0.7275,1.6181,-2.7695,-0.2064,1.4869,-2.5199
140.50,0.1346,1.4765,-2.4577,0.7271,1.6179,-2.7372,-0.2067,1.4866,-2.4877
141.00,0.1345,1.4763,-2.4249,0.7269,1.6178,-2.7049,-0.2070,1.4865,-2.4554
141.50,0.1347,1.4763,-2.3922,0.7269,1.6178,-2.6731,-0.2070,1.4865,-2.4235
142.00,0.1349,1.4764,-2.3583,0.7270,1.6179,-2.6405,-0.2068,1.4866,-2.3910
142.50,0.1185,1.4592,-2.2770,0.7086,1.6068,-2.5691,-0.2219,1.4713,-2.3195
143.00,0.0729,1.3893,-2.1187,0.6471,1.5591,-2.4103,-0.2512,1.4112,-2.1468
143.50,0.0132,1.2771,-2.0696,0.5516,1.4661,-2.3510,-0.3090,1.2864,-2.0910
144.00,-0.0535,1.1650,-2.1546,0.4519,1.3706,-2.4285,-0.3862,1.1783,-2.1705
144.50,-0.1293,1.0593,-2.2241,0.3556,1.2942,-2.5029,-0.4550,1.0804,-2.2360
145.00,-0.2133,0.9599,-2.3329,0.2462,1.2208,-2.6104,-0.5411,0.9807,-2.3469
145.50,-0.3081,0.8704,-2.4407,0.1263,1.1582,-2.7196,-0.6190,0.8874,-2.4544
146.00,-0.4114,0.7905,-2.5560,-0.0003,1.1084,-2.8313,-0.7328,0.8048,-2.5660
146.50,-0.5244,0.7197,-2.6985,-0.1334,1.0761,-2.9750,-0.8574,0.7472,-2.7062
147.00,-0.6460,0.6579,-2.8880,-0.2700,1.0647,3.1244,-0.9772,0.6966,-2.8935
147.50,-0.7743,0.6091,-3.0989,-0.4049,1.0809,2.9117,-1.1062,0.6528,-3.1034
148.00,-0.9042,0.5977,3.0945,-0.5245,1.1175,2.8037,-1.2368,0.6342,3.0718
148.50,-1.0341,0.6027,3.1003,-0.6524,1.1615,2.8107,-1.3562,0.6286,3.0824
149.00,-1.1640,0.6033,-3.0798,-0.7763,1.2004,2.8982,-1.4848,0.6329,-3.1149
149.50,-1.2930,0.5941,-2.9843,-0.9177,1.2258,3.0057,-1.6389,0.6193,-3.0094
150.00,-1.4215,0.5767,-3.0105,-1.0531,1.2448,2.9835,-1.7547,0.6120,-3.0315
150.50,-1.5506,0.5621,-3.0200,-1.1897,1.2680,2.9694,-1.8625,0.5983,-3.0421
151.00,-1.6691,0.5457,-3.0094,-1.3147,1.2890,2.9794,-1.9785,0.5850,-3.0321
151.50,-1.7518,0.5350,-3.0113,-1.3984,1.3029,2.9750,-2.0717,0.5759,-3.0366
152.00,-1.8747,0.5158,-2.9622,-1.5199,1.3214,3.0170,-2.2050,0.5614,-2.9911
152.50,-2.0010,0.4874,-2.8569,-1.6503,1.3302,3.1268,-2.3129,0.5345,-2.8813
153.00,-2.1257,0.4513,-2.8536,-1.7848,1.3315,3.1306,-2.4626,0.4991,-2.8809
153.50,-2.2495,0.4090,-2.8139,-1.9176,1.3304,-3.1127,-2.5603,0.4626,-2.8375
154.00,-2.3723,0.3655,-2.8145,-2.0553,1.3252,-3.1073,-2.7058,0.4202,-2.8322
154.50,-2.4974,0.3295,-2.9373,-2.1856,1.3273,3.0552,-2.8374,0.3868,-2.9529
155.00,-2.6253,0.3033,-2.9562,-2.3194,1.3430,3.0204,-2.9560,0.3659,-2.9841
155.50,-2.7417,0.2739,-2.8606,-2.4469,1.3527,3.1177,-3.0857,0.3405,-2.8834
156.00,-2.8017,0.2557,-2.8559,-2.5162,1.3539,3.1243,-3.1625,0.3217,-2.8837
156.50,-2.8018,0.2557,-2.8559,-2.5249,1.3540,3.1228,-3.1711,0.3200,-2.8818
157.00,-2.7642,0.2667,-2.8559,-2.4870,1.3533,3.1208,-3.1344,0.3298,-2.8838
157.50,-2.7258,0.2780,-2.8559,-2.4455,1.3524,3.1198,-3.0944,0.3403,-2.8847
158.00,-2.6874,0.2893,-2.8559,-2.4036,1.3514,3.1182,-3.0343,0.3526,-2.8794
158.50,-2.6490,0.3006,-2.8559,-2.3620,1.3504,3.1167,-2.9940,0.3633,-2.8809
159.00,-2.6107,0.3118,-2.8559,-2.3202,1.3494,3.1158,-2.9536,0.3741,-2.8818
159.50,-2.5723,0.3231,-2.8559,-2.2785,1.3483,3.1147,-2.9078,0.3796,-2.8809
160.00,-2.5339,0.3344,-2.8559,-2.2373,1.3471,3.1129,-2.8637,0.3862,-2.8812
160.50,-2.4955,0.3457,-2.8559,-2.1981,1.3460,3.1117,-2.8258,0.3963,-2.8824
161.00,-2.4572,0.3569,-2.8559,-2.1605,1.3448,3.1104,-2.7896,0.4067,-2.8802
161.50,-2.4188,0.3682,-2.8559,-2.1194,1.3435,3.1093,-2.7499,0.4173,-2.8813
162.00,-2.3904,0.3765,-2.8559,-2.0875,1.3425,3.1085,-2.6993,0.4262,-2.8786
162.50,-2.3999,0.3758,-2.8824,-2.0937,1.3428,3.0881,-2.7052,0.4247,-2.8991
163.00,-2.4658,0.3743,-2.9796,-2.1578,1.3505,2.9835,-2.7688,0.4134,-3.0036
163.50,-2.5856,0.3533,-2.9251,-2.2821,1.3694,3.0243,-2.9132,0.4155,-2.9594
164.00,-2.7095,0.3228,-2.7421,-2.4101,1.3742,-3.0785,-3.0569,0.3821,-2.7789
164.50,-2.8262,0.2736,-2.6533,-2.5347,1.3584,-2.9781,-3.1312,0.3401,-2.6805
165.00,-2.9319,0.2180,-2.6565,-2.6614,1.3376,-2.9817,-3.2563,0.2832,-2.6822
165.50,-2.9873,0.1879,-2.6401,-2.7244,1.3273,-2.9702,-3.3236,0.2551,-2.6672
166.00,-2.9944,0.1815,-2.6027,-2.7361,1.3252,-2.9338,-3.3342,0.2495,-2.6308
166.50,-2.9944,0.1795,-2.5661,-2.7381,1.3248,-2.8986,-3.3359,0.2485,-2.5956
167.00,-2.9945,0.1779,-2.5306,-2.7399,1.3243,-2.8641,-3.3375,0.2476,-2.5611
167.50,-2.9945,0.1768,-2.4959,-2.7416,1.3238,-2.8305,-3.3390,0.2466,-2.5275
168.00,-2.9946,0.1761,-2.4621,-2.7421,1.3237,-2.7979,-3.3394,0.2463,-2.4948
168.50,-2.9947,0.1758,-2.4292,-2.7421,1.3236,-2.7660,-3.3395,0.2463,-2.4630
169.00,-2.9946,0.1759,-2.3966,-2.7423,1.3236,-2.7349,-3.3396,0.2462,-2.4318
169.50,-2.9943,0.1760,-2.3629,-2.7419,1.3237,-2.7029,-3.3393,0.2464,-2.3998
170.00,-2.9944,0.1762,-2.3289,-2.7418,1.3238,-2.6694,-3.3392,0.2466,-2.3664
170.50,-2.9944,0.1765,-2.2978,-2.7412,1.3241,-2.6375,-3.3387,0.2470,-2.3345
171.00,-2.9944,0.1763,-2.3227,-2.7416,1.3239,-2.6599,-3.3390,0.2467,-2.3569
171.50,-2.9943,0.1760,-2.3566,-2.7418,1.3238,-2.6951,-3.3392,0.2466,-2.3921
172.00,-2.9945,0.1759,-2.3905,-2.7419,1.3237,-2.7301,-3.3393,0.2464,-2.4271
172.50,-2.9947,0.1758,-2.4232,-2.7422,1.3236,-2.7638,-3.3395,0.2463,-2.4608
173.00,-2.9946,0.1760,-2.4560,-2.7422,1.3236,-2.7974,-3.3395,0.2462,-2.4943
173.50,-2.9946,0.1766,-2.4896,-2.7418,1.3238,-2.8324,-3.3392,0.2465,-2.5294
174.00,-2.9945,0.1777,-2.5241,-2.7408,1.3241,-2.8681,-3.3383,0.2471,-2.5651
174.50,-2.9944,0.1792,-2.5595,-2.7401,1.3243,-2.9049,-3.3377,0.2475,-2.6018
175.00,-2.9944,0.1811,-2.5958,-2.7384,1.3246,-2.9424,-3.3362,0.2483,-2.6393
175.50,-2.9943,0.1835,-2.6332,-2.7359,1.3251,-2.9808,-3.3340,0.2495,-2.6778
176.00,-2.9943,0.1864,-2.6715,-2.7339,1.3254,-3.0203,-3.3322,0.2504,-2.7172
176.50,-3.0072,0.1858,-2.7450,-2.7429,1.3246,-3.0877,-3.3405,0.2470,-2.7847
177.00,-3.0771,0.1843,-2.9529,-2.8041,1.3280,2.9899,-3.3999,0.2319,-2.9902
177.50,-3.2011,0.1856,-3.0683,-2.9233,1.3558,2.8595,-3.5229,0.2448,-3.0892
178.00,-3.3264,0.1739,-3.0002,-3.0454,1.3899,2.9127,-3.6394,0.2567,-3.0360
178.50,-3.4398,0.1536,-2.7817,-3.1641,1.4057,3.1256,-3.7766,0.2326,-2.8231
179.00,-3.5557,0.1120,-2.5990,-3.2877,1.3952,-2.9667,-3.8899,0.1877,-2.6323
179.50,-3.6649,0.0438,-2.5579,-3.4161,1.3676,-2.9149,-4.0122,0.1338,-2.5804
180.00,-3.7733,-0.0235,-2.6539,-3.5432,1.3422,-3.0009,-4.1040,0.0683,-2.6665
180.50,-3.8929,-0.0818,-2.8226,-3.6837,1.3349,3.1073,-4.2376,0.0152,-2.8414
181.00,-4.0177,-0.1249,-2.8907,-3.8190,1.3450,3.0334,-4.3612,-0.0244,-2.9084
181.50,-4.1438,-0.1584,-2.8787,-3.9552,1.3611,3.0344,-4.4716,-0.0549,-2.9073
182.00,-4.2683,-0.1983,-2.8309,-4.0832,1.3714,3.0850,-4.6057,-0.0880,-2.8567
182.50,-4.3917,-0.2409,-2.8085,-4.2196,1.3783,3.1038,-4.7265,-0.1371,-2.8345
183.00,-4.5142,-0.2855,-2.8012,-4.3542,1.3823,3.1147,-4.8546,-0.1788,-2.8235
183.50,-4.6380,-0.3235,-2.8491,-4.4863,1.3897,3.0610,-4.9713,-0.2167,-2.8773
184.00,-4.7615,-0.3658,-2.7986,-4.6267,1.3980,3.1102,-5.1263,-0.2562,-2.8246
184.50,-4.8838,-0.4101,-2.7923,-4.7602,1.4021,3.1140,-5.2232,-0.2980,-2.8208
185.00,-5.0052,-0.4599,-2.7514,-4.8943,1.4037,-3.1312,-5.3598,-0.3419,-2.7773
185.50,-5.1240,-0.5181,-2.6912,-5.0293,1.3988,-3.0736,-5.4649,-0.3931,-2.7182
186.00,-5.2400,-0.5786,-2.6638,-5.1609,1.3872,-3.0406,-5.5886,-0.4599,-2.6887
186.50,-5.3566,-0.6350,-2.6934,-5.2910,1.3763,-3.0744,-5.7125,-0.5150,-2.7224
187.00,-5.4718,-0.6963,-2.6013,-5.4239,1.3636,-2.9947,-5.8429,-0.5626,-2.6393
187.50,-5.5777,-0.7683,-2.4484,-5.5421,1.3369,-2.8418,-5.9444,-0.6289,-2.4864
188.00,-5.6698,-0.8582,-2.2762,-5.6648,1.2884,-2.6701,-6.0526,-0.7270,-2.3147
188.50,-5.7502,-0.9618,-2.1782,-5.7778,1.2217,-2.5630,-6.1150,-0.8291,-2.2076
189.00,-5.8240,-1.0688,-2.1727,-5.8942,1.1447,-2.5565,-6.2073,-0.9417,-2.2011
189.50,-5.8989,-1.1756,-2.1885,-6.0030,1.0734,-2.5715,-6.2846,-1.0364,-2.2126
190.00,-5.9743,-1.2812,-2.1939,-6.1156,1.0018,-2.5792,-6.3548,-1.1530,-2.2203
190.50,-6.0288,-1.3579,-2.1659,-6.2009,0.9472,-2.5562,-6.4056,-1.2241,-2.1974
191.00,-6.0470,-1.3842,-2.1300,-6.2323,0.9258,-2.5211,-6.4274,-1.2551,-2.1622
191.50,-6.0453,-1.3841,-2.0931,-6.2320,0.9261,-2.4853,-6.4272,-1.2547,-2.1264
192.00,-6.0426,-1.3841,-2.0551,-6.2299,0.9279,-2.4484,-6.4259,-1.2524,-2.0895
192.50,-6.0394,-1.3840,-2.0161,-6.2275,0.9299,-2.4108,-6.4244,-1.2496,-2.0519
193.00,-6.0357,-1.3840,-1.9761,-6.2255,0.9319,-2.3719,-6.4232,-1.2471,-2.0130
193.50,-6.0316,-1.3839,-1.9349,-6.2219,0.9355,-2.3318,-6.4211,-1.2424,-1.9729
194.00,-6.0270,-1.3839,-1.8925,-6.2184,0.9393,-2.2905,-6.4192,-1.2376,-1.9316
194.50,-6.0218,-1.3839,-1.8489,-6.2149,0.9436,-2.2472,-6.4173,-1.2324,-1.8883
195.00,-6.0162,-1.3838,-1.8039,-6.2105,0.9491,-2.2031,-6.4152,-1.2256,-1.8442
195.50,-6.0101,-1.3838,-1.7575,-6.2068,0.9545,-2.1579,-6.4136,-1.2193,-1.7991
196.00,-6.0035,-1.3838,-1.7096,-6.2031,0.9604,-2.1108,-6.4122,-1.2125,-1.7519
196.50,-5.9965,-1.3838,-1.6600,-6.1996,0.9666,-2.0628,-6.3940,-1.2449,-1.6900
197.00,-5.9889,-1.3838,-1.6085,-6.1962,0.9733,-2.0126,-6.3933,-1.2375,-1.6397
197.50,-5.9810,-1.3838,-1.5551,-6.1939,0.9783,-1.9602,-6.3930,-1.2319,-1.5874
198.00,-5.9732,-1.3838,-1.5028,-6.1963,0.9721,-1.9087,-6.3929,-1.2387,-1.5359
198.50,-5.9660,-1.3838,-1.4525,-6.1987,0.9647,-1.8593,-6.3924,-1.2464,-1.4865
199.00,-5.9592,-1.3838,-1.4038,-6.2005,0.9580,-1.8122,-6.3917,-1.2532,-1.4393
199.50,-5.9529,-1.3838,-1.3568,-6.2015,0.9533,-1.7665,-6.3910,-1.2580,-1.3937
200.00,-5.9471,-1.3838,-1.3113,-6.2025,0.9477,-1.7222,-6.3898,-1.2636,-1.3493
200.50,-5.9417,-1.3839,-1.2671,-6.2034,0.9416,-1.6793,-6.3884,-1.2696,-1.3065
201.00,-5.9369,-1.3839,-1.2242,-6.2038,0.9364,-1.6375,-6.3869,-1.2746,-1.2647
201.50,-5.9326,-1.3840,-1.1825,-6.2040,0.9321,-1.5970,-6.3856,-1.2786,-1.2241
202.00,-5.9287,-1.3840,-1.1420,-6.2041,0.9275,-1.5570,-6.3839,-1.2830,-1.1842
202.50,-5.9253,-1.3840,-1.1026,-6.2039,0.9234,-1.5187,-6.3823,-1.2867,-1.1459
203.00,-5.9224,-1.3841,-1.0642,-6.2037,0.9200,-1.4814,-6.3808,-1.2898,-1.1086
203.50,-5.9200,-1.3841,-1.0268,-6.2033,0.9166,-1.4450,-6.3792,-1.2928,-1.0722
204.00,-5.9180,-1.3842,-0.9904,-6.2032,0.9154,-1.4094,-6.3786,-1.2939,-1.0366
204.50,-5.9165,-1.3842,-0.9550,-6.2029,0.9141,-1.3749,-6.3462,-1.2737,-0.9922
205.00,-5.9154,-1.3843,-0.9204,-6.2026,0.9126,-1.3415,-6.3200,-1.2581,-0.9512
205.50,-5.9148,-1.3843,-0.8868,-6.2024,0.9120,-1.3092,-6.3197,-1.2586,-0.9189
206.00,-5.9146,-1.3844,-0.8540,-6.2024,0.9117,-1.2776,-6.3195,-1.2589,-0.8873
206.50,-5.9146,-1.3843,-0.8213,-6.2024,0.9119,-1.2462,-6.3196,-1.2588,-0.8559
207.00,-5.9147,-1.3840,-0.7874,-6.2025,0.9123,-1.2141,-6.3198,-1.2585,-0.8239
207.50,-5.9150,-1.3841,-0.7535,-6.2026,0.9125,-1.1816,-6.3200,-1.2583,-0.7913
208.00,-5.9153,-1.3842,-0.7206,-6.2028,0.9129,-1.1497,-6.3204,-1.2579,-0.7594
208.50,-5.9153,-1.3840,-0.6879,-6.2030,0.9132,-1.1184,-6.3206,-1.2577,-0.7281
209.00,-5.9154,-1.3835,-0.6544,-6.2030,0.9134,-1.0860,-6.3207,-1.2576,-0.6957
209.50,-5.9155,-1.3824,-0.6200,-6.2033,0.9138,-1.0523,-6.3211,-1.2573,-0.6620
210.00,-5.9155,-1.3810,-0.5846,-6.2038,0.9147,-1.0177,-6.3219,-1.2567,-0.6274
210.50,-5.9156,-1.3791,-0.5483,-6.2046,0.9159,-0.9823,-6.3231,-1.2559,-0.5920
211.00,-5.9156,-1.3767,-0.5111,-6.2057,0.9175,-0.9463,-6.3248,-1.2548,-0.5560
211.50,-5.9156,-1.3746,-0.4787,-6.2068,0.9190,-0.9151,-6.3263,-1.2538,-0.5248
212.00,-5.9157,-1.3714,-0.4395,-6.2088,0.9215,-0.8776,-6.3291,-1.2523,-0.4873
212.50,-5.9157,-1.3676,-0.3993,-6.2107,0.9237,-0.8388,-6.3317,-1.2510,-0.4485
213.00,-5.9158,-1.3634,-0.3580,-6.2138,0.9270,-0.7986,-6.3358,-1.2491,-0.4083
213.50,-5.9158,-1.3587,-0.3154,-6.2177,0.9308,-0.7573,-6.3409,-1.2470,-0.3670
214.00,-5.9158,-1.3535,-0.2716,-6.2215,0.9343,-0.7144,-6.3457,-1.2453,-0.3241
214.50,-5.9159,-1.3478,-0.2264,-6.2253,0.9374,-0.6706,-6.3504,-1.2438,-0.2803
215.00,-5.9159,-1.3417,-0.1798,-6.2309,0.9417,-0.6252,-6.3573,-1.2420,-0.2349
215.50,-5.9159,-1.3350,-0.1316,-6.2351,0.9446,-0.5783,-6.3623,-1.2409,-0.1880
216.00,-5.9159,-1.3279,-0.0817,-6.2412,0.9484,-0.5295,-6.3102,-1.2054,-0.1113
216.50,-5.9159,-1.3203,-0.0300,-6.2469,0.9515,-0.4793,-6.3167,-1.2048,-0.0611
217.00,-5.9159,-1.3123,0.0234,-6.2497,0.9530,-0.4273,-6.3199,-1.2046,-0.0091
217.50,-5.9159,-1.3046,0.0755,-6.2429,0.9501,-0.3761,-6.3125,-1.2045,0.0421
218.00,-5.9159,-1.2974,0.1256,-6.2356,0.9474,-0.3273,-6.3048,-1.2040,0.0909
218.50,-5.9159,-1.2907,0.1739,-6.2302,0.9457,-0.2807,-6.2991,-1.2034,0.1375
219.00,-5.9159,-1.2845,0.2208,-6.2230,0.9438,-0.2346,-6.2917,-1.2022,0.1836
219.50,-5.9159,-1.2787,0.2661,-6.2167,0.9425,-0.1900,-6.2854,-1.2008,0.2282
220.00,-5.9158,-1.2735,0.3101,-6.2100,0.9413,-0.1469,-6.2789,-1.1992,0.2713
220.50,-5.9158,-1.2687,0.3528,-6.2054,0.9407,-0.1056,-6.2744,-1.1979,0.3127
221.00,-5.9157,-1.2644,0.3943,-6.2024,0.9404,-0.0654,-6.2716,-1.1969,0.3528
221.50,-5.9157,-1.2606,0.4347,-6.1988,0.9403,-0.0266,-6.2682,-1.1956,0.3916
222.00,-5.9157,-1.2573,0.4739,-6.1943,0.9402,0.0116,-6.2640,-1.1938,0.4299
222.50,-5.9156,-1.2545,0.5122,-6.1910,0.9403,0.0489,-6.2611,-1.1923,0.4671
223.00,-5.9156,-1.2521,0.5494,-6.1891,0.9405,0.0850,-6.2979,-1.1245,0.5207
223.50,-5.9155,-1.2502,0.5856,-6.1871,0.9407,0.1206,-6.2962,-1.1235,0.5563
224.00,-5.9155,-1.2488,0.6210,-6.1856,0.9409,0.1553,-6.2949,-1.1227,0.5910
224.50,-5.9154,-1.2477,0.6554,-6.1844,0.9411,0.1881,-6.2939,-1.1220,0.6238
225.00,-5.9153,-1.2472,0.6889,-6.1837,0.9412,0.2206,-6.2933,-1.1216,0.6563
225.50,-5.9134,-1.2454,0.7265,-6.1825,0.9415,0.2544,-6.2924,-1.1208,0.6900
226.00,-5.8797,-1.2115,0.8496,-6.1449,0.9535,0.3693,-6.2634,-1.0940,0.8050
226.50,-5.8151,-1.1246,0.9706,-6.0498,0.9975,0.4923,-6.2052,-1.0145,0.9349
227.00,-5.7461,-1.0155,1.0078,-5.9349,1.0635,0.5338,-6.1296,-0.9002,0.9800
227.50,-5.6754,-0.9061,0.9715,-5.8264,1.1271,0.5051,-6.0591,-0.7916,0.9513
228.00,-5.5988,-0.8054,0.8554,-5.7044,1.1875,0.3950,-5.9850,-0.6903,0.8431
228.50,-5.5153,-0.7254,0.6516,-5.5883,1.2235,0.1944,-5.8860,-0.6118,0.6406
229.00,-5.4233,-0.6593,0.4104,-5.4746,1.2327,-0.0439,-5.7970,-0.5495,0.4057
229.50,-5.3131,-0.6015,0.1307,-5.3549,1.2115,-0.3236,-5.6883,-0.5078,0.1295
230.00,-5.1836,-0.5674,-0.0887,-5.2348,1.1542,-0.5533,-5.5676,-0.4747,-0.1002
230.50,-5.0547,-0.5758,-0.1399,-5.1293,1.0820,-0.6217,-5.4398,-0.4633,-0.1669
231.00,-4.9254,-0.5880,-0.0039,-5.0171,1.0084,-0.5016,-5.3000,-0.4777,-0.0432
231.50,-4.7957,-0.5887,0.1025,-4.8940,0.9526,-0.3796,-5.1697,-0.4740,0.0753
232.00,-4.6663,-0.5781,0.0861,-4.7738,0.9038,-0.3944,-5.0431,-0.4705,0.0625
232.50,-4.5367,-0.5730,0.0565,-4.6542,0.8520,-0.4252,-4.9056,-0.4641,0.0332
233.00,-4.4069,-0.5661,0.0633,-4.5362,0.7977,-0.4240,-4.7808,-0.4705,0.0388
233.50,-4.2771,-0.5593,0.0448,-4.4161,0.7434,-0.4385,-4.6490,-0.4601,0.0239
234.00,-4.1472,-0.5582,0.0225,-4.2985,0.6860,-0.4647,-4.5204,-0.4591,-0.0010
234.50,-4.0172,-0.5551,0.0282,-4.1808,0.6268,-0.4608,-4.3871,-0.4628,0.0033
235.00,-3.8873,-0.5503,0.0327,-4.0630,0.5688,-0.4564,-4.2699,-0.4616,0.0060
235.50,-3.7573,-0.5465,0.0303,-3.9481,0.5123,-0.4597,-4.1442,-0.4612,0.0062
236.00,-3.6274,-0.5431,0.0279,-3.8358,0.4564,-0.4636,-4.0065,-0.4607,0.0023
236.50,-3.4974,-0.5396,0.0274,-3.7163,0.3966,-0.4647,-3.8708,-0.4606,0.0030
237.00,-3.3675,-0.5363,0.0265,-3.5958,0.3359,-0.4668,-3.7489,-0.4608,0.0018
237.50,-3.2375,-0.5328,0.0267,-3.4773,0.2761,-0.4674,-3.6357,-0.4608,0.0020
238.00,-3.1076,-0.5291,0.0276,-3.3547,0.2142,-0.4683,-3.5110,-0.4606,0.0011
238.50,-2.9776,-0.5253,0.0286,-3.2343,0.1532,-0.4686,-3.3948,-0.4607,0.0008
239.00,-2.8477,-0.5215,0.0287,-3.1181,0.0944,-0.4692,-3.2659,-0.4607,0.0037
239.50,-2.7177,-0.5184,0.0249,-3.0008,0.0347,-0.4729,-3.1219,-0.4554,0.0017
240.00,-2.5877,-0.5183,0.0085,-2.8821,-0.0278,-0.4917,-2.9878,-0.4567,-0.0161
240.50,-2.4578,-0.5164,0.0126,-2.7638,-0.0910,-0.4891,-2.8667,-0.4580,-0.0110
241.00,-2.3278,-0.5140,0.0162,-2.6431,-0.1551,-0.4868,-2.7198,-0.4591,-0.0069
241.50,-2.1978,-0.5113,0.0188,-2.5267,-0.2166,-0.4848,-2.5937,-0.4594,-0.0050
242.00,-2.0678,-0.5082,0.0219,-2.4077,-0.2792,-0.4834,-2.4558,-0.4601,-0.0025
242.50,-1.9378,-0.5049,0.0239,-2.2863,-0.3428,-0.4823,-2.3237,-0.4603,0.0011
243.00,-1.8079,-0.5019,0.0236,-2.1667,-0.4056,-0.4844,-2.1859,-0.4600,-0.0004
243.50,-1.6779,-0.4993,0.0212,-2.0474,-0.4686,-0.4878,-2.0731,-0.4592,-0.0032
244.00,-1.5479,-0.4967,0.0207,-1.9257,-0.5333,-0.4898,-1.9359,-0.4601,-0.0008
244.50,-1.4180,-0.4940,0.0207,-1.8170,-0.5914,-0.4907,-1.8214,-0.4601,-0.0009
245.00,-1.2880,-0.4910,0.0221,-1.7021,-0.6528,-0.4912,-1.6979,-0.4603,-0.0015
245.50,-1.1580,-0.4876,0.0246,-1.5817,-0.7172,-0.4903,-1.5483,-0.4608,0.0012
246.00,-1.0281,-0.4840,0.0266,-1.4616,-0.7813,-0.4903,-1.4336,-0.4589,0.0029
246.50,-0.8981,-0.4826,0.0133,-1.3441,-0.8450,-0.5044,-1.3249,-0.4574,-0.0112
247.00,-0.7681,-0.4810,0.0115,-1.2225,-0.9122,-0.5071,-1.1699,-0.4562,-0.0120
247.50,-0.6381,-0.4799,0.0111,-1.1058,-0.9775,-0.5110,-1.0375,-0.4612,-0.0131
248.00,-0.5081,-0.4757,0.0238,-0.9874,-1.0425,-0.4974,-0.9146,-0.4589,0.0019
248.50,-0.3782,-0.4741,0.0170,-0.8775,-1.1029,-0.5071,-0.7764,-0.4588,-0.0069
249.00,-0.2482,-0.4713,0.0200,-0.7617,-1.1673,-0.5058,-0.6637,-0.4598,-0.0047
249.50,-0.1182,-0.4686,0.0192,-0.6522,-1.2278,-0.5063,-0.5332,-0.4564,-0.0035
250.00,0.0118,-0.4682,0.0097,-0.5373,-1.2925,-0.5182,-0.3845,-0.4574,-0.0147
250.50,0.1418,-0.4659,0.0153,-0.4315,-1.3527,-0.5151,-0.2699,-0.4627,-0.0087
251.00,0.2717,-0.4602,0.0340,-0.3149,-1.4175,-0.4985,-0.1067,-0.4613,0.0085
251.50,0.4016,-0.4572,0.0234,-0.1984,-1.4812,-0.5077,0.0535,-0.4603,0.0021
252.00,0.5316,-0.4558,0.0149,-0.0818,-1.5468,-0.5172,0.1729,-0.4560,-0.0080
252.50,0.6616,-0.4556,0.0082,0.0329,-1.6130,-0.5273,0.2720,-0.4636,-0.0174
253.00,0.7916,-0.4499,0.0414,0.1535,-1.6811,-0.4969,0.3902,-0.4620,0.0137
253.50,0.9215,-0.4459,0.0235,0.2739,-1.7466,-0.5118,0.5246,-0.4587,0.0003
254.00,1.0515,-0.4439,0.0200,0.3861,-1.8106,-0.5200,0.6410,-0.4602,-0.0078
254.50,1.1814,-0.4395,0.0288,0.5018,-1.8764,-0.5127,0.7710,-0.4623,0.0030
255.00,1.3114,-0.4347,0.0332,0.6133,-1.9389,-0.5098,0.9007,-0.4624,0.0068
255.50,1.4413,-0.4307,0.0313,0.7292,-2.0037,-0.5114,1.0182,-0.4553,0.0060
256.00,1.5713,-0.4309,0.0055,0.8472,-2.0719,-0.5388,1.1429,-0.4564,-0.0214
256.50,1.7013,-0.4286,0.0137,0.9669,-2.1433,-0.5337,1.2785,-0.4590,-0.0146
257.00,1.8312,-0.4251,0.0214,1.0801,-2.2096,-0.5265,1.4088,-0.4606,-0.0064
257.50,1.9508,-0.4222,0.0228,1.1924,-2.2747,-0.5254,1.5360,-0.4613,-0.0045
258.00,2.0134,-0.4208,0.0228,1.2535,-2.3102,-0.5263,1.5767,-0.4617,-0.0055
258.50,2.0214,-0.4206,0.0228,1.2624,-2.3153,-0.5283,1.5869,-0.4618,-0.0074
259.00,2.0214,-0.4206,0.0228,1.2624,-2.3153,-0.5295,1.5869,-0.4618,-0.0086
259.50,2.0214,-0.4206,0.0228,1.2624,-2.3153,-0.5310,1.5869,-0.4618,-0.0102
260.00,2.0213,-0.4195,0.0551,1.2627,-2.3155,-0.5093,1.5872,-0.4618,0.0116
260.50,2.0214,-0.4107,0.2443,1.2690,-2.3183,-0.3306,1.5941,-0.4612,0.1903
261.00,2.0216,-0.3938,0.4551,1.2852,-2.3220,-0.1182,1.6100,-0.4562,0.4027
261.50,2.0218,-0.3834,0.6291,1.2970,-2.3224,0.0615,1.6204,-0.4507,0.5824
262.00,2.0219,-0.3822,0.6859,1.2984,-2.3222,0.1282,1.6216,-0.4499,0.6491
262.50,2.0219,-0.3827,0.6552,1.2983,-2.3223,0.0979,1.6215,-0.4500,0.6188
263.00,2.0218,-0.3837,0.6208,1.2976,-2.3223,0.0629,1.6210,-0.4503,0.5838
263.50,2.0218,-0.3851,0.5855,1.2962,-2.3224,0.0266,1.6198,-0.4511,0.5475
264.00,2.0217,-0.3870,0.5492,1.2941,-2.3224,-0.0102,1.6179,-0.4522,0.5106
264.50,2.0217,-0.3894,0.5120,1.2919,-2.3223,-0.0482,1.6160,-0.4532,0.4727
265.00,2.0216,-0.3922,0.4738,1.2885,-2.3221,-0.0882,1.6129,-0.4547,0.4326
265.50,2.0216,-0.3956,0.4345,1.2846,-2.3217,-0.1286,1.6093,-0.4563,0.3923
266.00,2.0215,-0.3994,0.3941,1.2813,-2.3212,-0.1701,1.6062,-0.4575,0.3508
266.50,2.0215,-0.4036,0.3526,1.2762,-2.3202,-0.2129,1.6013,-0.4592,0.3080
267.00,2.0214,-0.4084,0.3099,1.2715,-2.3191,-0.2568,1.5967,-0.4605,0.2641
267.50,2.0281,-0.4130,0.2476,1.2729,-2.3195,-0.3151,1.5981,-0.4602,0.2058
268.00,2.0881,-0.4232,0.0730,1.3234,-2.3416,-0.4906,1.6530,-0.4543,0.0303
268.50,2.2066,-0.4278,0.0172,1.4249,-2.4023,-0.5606,1.7823,-0.4687,-0.0066
269.00,2.3365,-0.4213,0.0480,1.5366,-2.4703,-0.5316,1.8995,-0.4676,0.0207
269.50,2.4663,-0.4127,0.0605,1.6470,-2.5344,-0.5193,2.0512,-0.4692,0.0349
270.00,2.5961,-0.4078,0.0449,1.7610,-2.6004,-0.5351,2.1717,-0.4653,0.0207
270.50,2.7260,-0.4040,0.0352,1.8753,-2.6689,-0.5462,2.3006,-0.4633,0.0096
271.00,2.8560,-0.4021,0.0224,1.9897,-2.7395,-0.5605,2.4394,-0.4629,-0.0047
271.50,2.9859,-0.3978,0.0297,2.1016,-2.8096,-0.5563,2.5758,-0.4634,-0.0006
272.00,3.1159,-0.3955,0.0214,2.2178,-2.8824,-0.5653,2.6885,-0.4641,-0.0060
272.50,3.2458,-0.3916,0.0276,2.3325,-2.9550,-0.5620,2.8342,-0.4647,-0.0027
273.00,3.3758,-0.3909,0.0130,2.4449,-3.0266,-0.5768,2.9575,-0.4662,-0.0140
273.50,3.5058,-0.3873,0.0284,2.5551,-3.0978,-0.5650,3.0943,-0.4679,-0.0003
274.00,3.6358,-0.3871,0.0083,2.6642,-3.1680,-0.5845,3.2084,-0.4688,-0.0183
274.50,3.7657,-0.3851,0.0251,2.7766,-3.2424,-0.5712,3.3532,-0.4715,-0.0030
275.00,3.8957,-0.3852,-0.0018,2.8848,-3.3129,-0.5950,3.4723,-0.4727,-0.0253
275.50,4.0257,-0.3861,0.0227,3.0027,-3.3937,-0.5805,3.6208,-0.4772,-0.0108
276.00,4.1556,-0.3821,0.0174,3.1164,-3.4662,-0.5755,3.7500,-0.4772,-0.0023
276.50,4.2856,-0.3839,-0.0040,3.2277,-3.5422,-0.6050,3.8735,-0.4810,-0.0333
277.00,4.4156,-0.3852,-0.0352,3.3427,-3.6218,-0.6260,4.0045,-0.4856,-0.0528
277.50,4.5450,-0.3952,-0.1770,3.4474,-3.7074,-0.7639,4.1389,-0.5007,-0.1923
278.00,4.6710,-0.4159,-0.2968,3.5376,-3.8075,-0.8965,4.2688,-0.5363,-0.3233
278.50,4.7942,-0.4528,-0.3369,3.6158,-3.9113,-0.9453,4.3853,-0.5612,-0.3686
279.00,4.9173,-0.4933,-0.3256,3.6968,-4.0213,-0.9318,4.5085,-0.6096,-0.3516
279.50,5.0403,-0.5361,-0.3195,3.7737,-4.1265,-0.9355,4.6361,-0.6556,-0.3553
280.00,5.1644,-0.5743,-0.3052,3.8573,-4.2349,-0.9123,4.7499,-0.7003,-0.3320
280.50,5.2873,-0.6205,-0.3616,3.9376,-4.3444,-0.9669,4.8815,-0.7478,-0.3867
281.00,5.4069,-0.6750,-0.4638,4.0088,-4.4564,-1.0624,4.9981,-0.8023,-0.4822
281.50,5.5187,-0.7383,-0.6111,4.0656,-4.5778,-1.2120,5.1022,-0.8726,-0.6333
282.00,5.6195,-0.8184,-0.7667,4.1021,-4.7050,-1.3695,5.2220,-0.9595,-0.7857
282.50,5.7053,-0.9159,-0.9407,4.1173,-4.8337,-1.5444,5.3003,-1.0528,-0.9591
283.00,5.7798,-1.0249,-1.0317,4.1127,-4.9665,-1.6479,5.3654,-1.1716,-1.0642
283.50,5.8485,-1.1359,-0.9989,4.1033,-5.0960,-1.6219,5.4232,-1.2749,-1.0347
284.00,5.9187,-1.2453,-1.0060,4.0966,-5.2349,-1.6269,5.5004,-1.3942,-1.0398
284.50,5.9872,-1.3555,-1.0150,4.0883,-5.3685,-1.6376,5.5675,-1.5000,-1.0504
285.00,6.0577,-1.4654,-0.9921,4.0801,-5.4985,-1.6203,5.6323,-1.6129,-1.0297
285.50,6.1326,-1.5718,-0.9386,4.0765,-5.6279,-1.5686,5.6968,-1.7225,-0.9759
286.00,6.1864,-1.6417,-0.9038,4.0782,-5.7215,-1.5342,5.7548,-1.7993,-0.9400
286.50,6.2028,-1.6617,-0.8705,4.0798,-5.7547,-1.5024,5.7747,-1.8259,-0.9082
287.00,6.2028,-1.6617,-0.8380,4.0797,-5.7548,-1.4717,5.7748,-1.8260,-0.8775
287.50,6.2027,-1.6614,-0.8047,4.0797,-5.7545,-1.4395,5.7745,-1.8257,-0.8453
288.00,6.2026,-1.6614,-0.7705,4.0796,-5.7543,-1.4070,5.7744,-1.8257,-0.8129
288.50,6.2022,-1.6615,-0.7371,4.0795,-5.7536,-1.3747,5.7739,-1.8251,-0.7805
289.00,6.2021,-1.6615,-0.7046,4.0794,-5.7534,-1.3440,5.7737,-1.8250,-0.7498
289.50,6.2020,-1.6611,-0.6715,4.0794,-5.7533,-1.3127,5.7737,-1.8250,-0.7186
290.00,6.2019,-1.6603,-0.6375,4.0792,-5.7525,-1.2803,5.7730,-1.8244,-0.6861
290.50,6.2019,-1.6591,-0.6026,4.0790,-5.7518,-1.2470,5.7724,-1.8239,-0.6528
291.00,6.2018,-1.6574,-0.5668,4.0784,-5.7502,-1.2131,5.7710,-1.8229,-0.6189
291.50,6.2018,-1.6553,-0.5301,4.0775,-5.7478,-1.1778,5.7689,-1.8215,-0.5836
292.00,6.2017,-1.6526,-0.4923,4.0763,-5.7450,-1.1418,5.7664,-1.8199,-0.5477
292.50,6.2017,-1.6496,-0.4536,4.0751,-5.7427,-1.1047,5.7642,-1.8186,-0.5106
293.00,6.2017,-1.6460,-0.4137,4.0735,-5.7397,-1.0667,5.7611,-1.8169,-0.4725
293.50,6.2016,-1.6419,-0.3728,4.0710,-5.7352,-1.0275,5.7565,-1.8147,-0.4334
294.00,6.2016,-1.6374,-0.3307,4.0688,-5.7319,-0.9872,5.7528,-1.8131,-0.3930
294.50,6.2015,-1.6324,-0.2873,4.0654,-5.7270,-0.9454,5.7473,-1.8109,-0.3512
295.00,6.2015,-1.6269,-0.2426,4.0621,-5.7225,-0.9026,5.7420,-1.8091,-0.3085
295.50,6.2015,-1.6209,-0.1965,4.0582,-5.7178,-0.8582,5.7362,-1.8074,-0.2640
296.00,6.2015,-1.6144,-0.1489,4.0544,-5.7136,-0.8125,5.7306,-1.8060,-0.2183
296.50,6.2014,-1.6074,-0.0997,4.0500,-5.7092,-0.7654,5.7246,-1.8048,-0.1712
297.00,6.2014,-1.6000,-0.0486,4.0435,-5.7032,-0.7165,5.7159,-1.8035,-0.1224
297.50,6.2014,-1.5921,0.0045,4.0357,-5.6968,-0.6654,5.7058,-1.8026,-0.0713
298.00,6.2014,-1.5843,0.0572,4.0423,-5.7018,-0.6140,5.7836,-1.7504,0.0185
298.50,6.2014,-1.5769,0.1079,4.0489,-5.7062,-0.5646,5.7916,-1.7500,0.0680
299.00,6.2015,-1.5700,0.1569,4.0564,-5.7107,-0.5169,5.8003,-1.7492,0.1156
299.50,6.2015,-1.5636,0.2043,4.0629,-5.7142,-0.4712,5.8076,-1.7482,0.1613
300.00,6.2015,-1.5577,0.2501,4.0696,-5.7174,-0.4267,5.8149,-1.7469,0.2058
300.50,6.2015,-1.5523,0.2946,4.0737,-5.7192,-0.3836,5.8192,-1.7459,0.2490
301.00,6.2016,-1.5473,0.3377,4.0784,-5.7210,-0.3417,5.8019,-1.7285,0.2947
301.50,6.2016,-1.5429,0.3797,4.0829,-5.7224,-0.3010,5.7889,-1.7144,0.3386
302.00,6.2017,-1.5389,0.4204,4.0865,-5.7235,-0.2615,5.7924,-1.7131,0.3781
302.50,6.2017,-1.5354,0.4601,4.0903,-5.7244,-0.2229,5.7961,-1.7115,0.4166
303.00,6.2018,-1.5324,0.4987,4.0934,-5.7251,-0.1857,5.7989,-1.7102,0.4539
303.50,6.2018,-1.5299,0.5363,4.0967,-5.7256,-0.1499,5.8019,-1.7087,0.4897
304.00,6.2019,-1.5278,0.5729,4.0983,-5.7258,-0.1148,5.8033,-1.7079,0.5247
304.50,6.2019,-1.5262,0.6085,4.1006,-5.7261,-0.0805,5.8053,-1.7067,0.5591
305.00,6.2020,-1.5250,0.6432,4.1022,-5.7262,-0.0475,5.8067,-1.7058,0.5920
305.50,6.2020,-1.5243,0.6771,4.1034,-5.7262,-0.0149,5.8076,-1.7051,0.6247
306.00,6.2021,-1.5240,0.7100,4.1041,-5.7262,0.0164,5.8082,-1.7048,0.6560
306.50,6.2020,-1.5240,0.7377,4.1041,-5.7262,0.0429,5.8082,-1.7048,0.6825
307.00,6.2017,-1.5241,0.7711,4.1041,-5.7262,0.0745,5.8082,-1.7048,0.7141
307.50,6.2018,-1.5243,0.8053,4.1038,-5.7262,0.1074,5.8079,-1.7049,0.7470
308.00,6.2018,-1.5247,0.8385,4.1033,-5.7263,0.1391,5.8076,-1.7053,0.7787
308.50,6.2018,-1.5248,0.8710,4.1032,-5.7263,0.1701,5.8076,-1.7053,0.8096
309.00,6.2014,-1.5248,0.9042,4.1031,-5.7263,0.2013,5.8075,-1.7054,0.8409
309.50,6.2005,-1.5249,0.9384,4.1019,-5.7266,0.2346,5.8066,-1.7064,0.8741
310.00,6.1992,-1.5249,0.9734,4.1001,-5.7271,0.2675,5.8055,-1.7078,0.9070
310.50,6.1975,-1.5250,1.0093,4.0979,-5.7277,0.3011,5.8041,-1.7096,0.9406
311.00,6.1953,-1.5250,1.0462,4.0949,-5.7287,0.3363,5.8023,-1.7122,0.9759
311.50,6.1926,-1.5251,1.0841,4.0931,-5.7294,0.3727,5.8012,-1.7138,1.0122
312.00,6.1894,-1.5251,1.1230,4.0897,-5.7307,0.4100,5.7994,-1.7169,1.0496
312.50,6.1858,-1.5252,1.1630,4.0862,-5.7323,0.4483,5.7975,-1.7203,1.0878
313.00,6.1817,-1.5252,1.2041,4.0826,-5.7342,0.4883,5.7957,-1.7240,1.1279
313.50,6.1771,-1.5252,1.2464,4.0787,-5.7364,0.5294,5.7938,-1.7280,1.1689
314.00,6.1720,-1.5253,1.2900,4.0730,-5.7399,0.5711,5.7913,-1.7343,1.2107
314.50,6.1664,-1.5253,1.3349,4.0685,-5.7429,0.6140,5.7896,-1.7393,1.2535
315.00,6.1605,-1.5245,1.3833,4.0640,-5.7462,0.6590,5.7879,-1.7447,1.2986
315.50,6.1497,-1.4832,1.5519,4.0923,-5.7206,0.8171,5.7954,-1.7073,1.4566
316.00,6.1292,-1.3791,1.6817,4.1549,-5.6404,0.9621,5.7577,-1.5724,1.6251
316.50,6.1171,-1.2667,1.6435,4.2251,-5.5404,0.9277,5.7052,-1.4237,1.6091
317.00,6.1125,-1.2136,1.5932,4.2611,-5.4943,0.8736,5.7045,-1.3752,1.5585
317.50,6.1155,-1.2054,1.5275,4.2673,-5.4872,0.8106,5.7048,-1.3658,1.4956
318.00,6.1288,-1.1518,1.3222,4.3057,-5.4543,0.6135,5.7143,-1.3160,1.3020
318.50,6.1568,-1.0464,1.0748,4.4031,-5.4043,0.3556,5.7584,-1.2156,1.0510
319.00,6.2193,-0.9361,0.9727,4.5244,-5.3686,0.2391,5.8134,-1.1106,0.9399
319.50,6.2927,-0.8289,0.9708,4.6524,-5.3382,0.2310,5.8872,-1.0048,0.9334
320.00,6.3630,-0.7201,1.0046,4.7807,-5.3057,0.2646,5.9591,-0.8928,0.9704
320.50,6.4360,-0.6115,0.9641,4.9164,-5.2710,0.2269,6.0400,-0.7785,0.9345
321.00,6.5158,-0.5083,0.8640,5.0530,-5.2456,0.1278,6.1229,-0.6804,0.8364
321.50,6.6026,-0.4114,0.8275,5.1852,-5.2325,0.0834,6.2047,-0.5903,0.7963
322.00,6.6891,-0.3145,0.8656,5.3157,-5.2199,0.1168,6.2990,-0.4955,0.8306
322.50,6.7712,-0.2141,0.9022,5.4453,-5.2024,0.1525,6.3779,-0.3976,0.8671
323.00,6.8517,-0.1120,0.8878,5.5773,-5.1816,0.1430,6.4794,-0.2954,0.8583
323.50,6.9350,-0.0120,0.8646,5.7104,-5.1640,0.1181,6.5511,-0.2007,0.8344
324.00,7.0193,0.0869,0.8868,5.8474,-5.1484,0.1279,6.6438,-0.0991,0.8479
324.50,7.0970,0.1908,0.9584,5.9793,-5.1263,0.2023,6.7171,0.0042,0.9273
325.00,7.1717,0.2972,0.9357,6.1046,-5.1001,0.1886,6.8008,0.0971,0.9100
325.50,7.2539,0.3980,0.8448,6.2327,-5.0820,0.0926,6.8808,0.1950,0.8159
326.00,7.3248,0.4765,0.8435,6.3456,-5.0730,0.0835,6.9650,0.2766,0.8068
326.50,7.3536,0.5095,0.8761,6.4012,-5.0677,0.1145,6.9980,0.3171,0.8413
327.00,7.3540,0.5105,0.9095,6.4031,-5.0675,0.1466,6.9992,0.3184,0.8734
327.50,7.3531,0.5104,0.9437,6.4027,-5.0676,0.1789,6.9990,0.3181,0.9057
328.00,7.3517,0.5104,0.9789,6.4016,-5.0678,0.2128,6.9983,0.3172,0.9395
328.50,7.3499,0.5103,1.0149,6.3997,-5.0683,0.2471,6.9972,0.3156,0.9739
329.00,7.3476,0.5103,1.0520,6.3973,-5.0689,0.2828,6.9959,0.3135,1.0096
329.50,7.3449,0.5102,1.0900,6.3959,-5.0694,0.3194,6.9951,0.3123,1.0462
330.00,7.3416,0.5102,1.1291,6.3927,-5.0705,0.3574,6.9935,0.3093,1.0842
330.50,7.3379,0.5101,1.1693,6.3897,-5.0717,0.3957,6.9920,0.3064,1.1225
331.00,7.3359,0.5101,1.1852,6.3878,-5.0725,0.4167,6.9911,0.3045,1.1435
331.50,7.3396,0.5102,1.1446,6.3906,-5.0713,0.3748,6.9925,0.3073,1.1016
332.00,7.3447,0.5192,1.0822,6.3993,-5.0683,0.3162,6.9969,0.3153,1.0430
332.50,7.3739,0.5763,0.9686,6.4589,-5.0533,0.1980,7.0315,0.3662,0.9247
333.00,7.4453,0.6739,0.8833,6.5742,-5.0352,0.1129,7.0926,0.4655,0.8606
333.50,7.5346,0.7689,0.7463,6.7054,-5.0296,-0.0280,7.1794,0.5588,0.7197
334.00,7.6272,0.8501,0.7142,6.8301,-5.0370,-0.0723,7.2718,0.6380,0.6809
334.50,7.6829,0.9009,0.7770,6.9173,-5.0414,-0.0126,7.3472,0.6943,0.7422
335.00,7.6942,0.9120,0.8111,6.9377,-5.0415,0.0202,7.3578,0.7081,0.7749
335.50,7.6943,0.9116,0.8442,6.9373,-5.0415,0.0517,7.3575,0.7078,0.8065
336.00,7.6942,0.9115,0.8767,6.9372,-5.0416,0.0829,7.3574,0.7078,0.8376
336.50,7.6937,0.9115,0.9101,6.9365,-5.0416,0.1147,7.3570,0.7073,0.8694
337.00,7.6928,0.9114,0.9444,6.9355,-5.0418,0.1470,7.3563,0.7064,0.9017
337.50,7.6914,0.9113,0.9796,6.9344,-5.0420,0.1811,7.3557,0.7056,0.9358
338.00,7.6896,0.9113,1.0157,6.9329,-5.0423,0.2156,7.3548,0.7043,0.9703
338.50,7.6873,0.9112,1.0527,6.9305,-5.0429,0.2507,7.3534,0.7022,1.0054
339.00,7.6845,0.9112,1.0908,6.9282,-5.0435,0.2869,7.3522,0.7002,1.0417
339.50,7.6812,0.9112,1.1299,6.9250,-5.0445,0.3247,7.3505,0.6973,1.0794
340.00,7.6775,0.9111,1.1701,6.9213,-5.0458,0.3631,7.3487,0.6938,1.1178
340.50,7.6741,0.9133,1.2172,6.9180,-5.0471,0.4060,7.3473,0.6906,1.1607
341.00,7.6725,0.9594,1.3571,6.9552,-5.0278,0.5414,7.3611,0.7301,1.2962
341.50,7.6766,1.0677,1.4586,7.0403,-4.9695,0.6454,7.3652,0.8504,1.4175
342.00,7.6819,1.1972,1.5103,7.1453,-4.8858,0.6993,7.3622,0.9936,1.4749
342.50,7.6794,1.3271,1.5927,7.2416,-4.7993,0.7754,7.3648,1.1127,1.5526
343.00,7.6678,1.4564,1.7419,7.3323,-4.6975,0.9225,7.3436,1.2389,1.6982
343.50,7.6473,1.5825,1.9021,7.4045,-4.5855,1.0820,7.3221,1.3694,1.8541
344.00,7.6106,1.7012,2.0719,7.4540,-4.4689,1.2542,7.2905,1.4874,2.0264
344.50,7.5480,1.8109,2.2008,7.4850,-4.3494,1.3827,7.2439,1.6002,2.1584
345.00,7.4693,1.9136,2.2410,7.5052,-4.2188,1.4324,7.1623,1.7119,2.2080
345.50,7.3920,2.0166,2.1893,7.5270,-4.0850,1.3798,7.0898,1.8127,2.1574
346.00,7.3417,2.0888,2.1542,7.5469,-3.9891,1.3429,7.0412,1.8951,2.1220
346.50,7.3272,2.1103,2.1183,7.5551,-3.9556,1.3049,7.0240,1.9250,2.0876
347.00,7.3293,2.1103,2.0810,7.5546,-3.9575,1.2664,7.0249,1.9232,2.0491
347.50,7.3322,2.1102,2.0427,7.5538,-3.9597,1.2271,7.0259,1.9211,2.0097
348.00,7.3355,2.1102,2.0034,7.5528,-3.9623,1.1863,7.0270,1.9186,1.9689
348.50,7.3394,2.1101,1.9630,7.5512,-3.9661,1.1441,7.0285,1.9147,1.9267
349.00,7.3437,2.1101,1.9214,7.5488,-3.9709,1.1012,7.0303,1.9097,1.8839
349.50,7.3485,2.1100,1.8786,7.5470,-3.9744,1.0573,7.0314,1.9059,1.8399
350.00,7.3537,2.1100,1.8346,7.5445,-3.9785,1.0117,7.0326,1.9012,1.7943
350.50,7.3595,2.1100,1.7892,7.5414,-3.9832,0.9645,7.0337,1.8957,1.7472
351.00,7.3658,2.1100,1.7423,7.5373,-3.9889,0.9159,7.0348,1.8888,1.6986
351.50,7.3725,2.1099,1.6938,7.5333,-3.9939,0.8659,7.0354,1.8824,1.6486
352.00,7.3797,2.1099,1.6436,7.5284,-3.9993,0.8142,7.0358,1.8751,1.5969
352.50,7.3874,2.1099,1.5915,7.5224,-4.0053,0.7607,7.0358,1.8667,1.5433
353.00,7.3954,2.1099,1.5381,7.5229,-4.0051,0.7058,7.0360,1.8671,1.4884
353.50,7.4030,2.1099,1.4865,7.5274,-4.0014,0.6526,7.0366,1.8730,1.4352
354.00,7.4101,2.1099,1.4367,7.5330,-3.9974,0.6005,7.0377,1.8797,1.3831
354.50,7.4167,2.1100,1.3886,7.5382,-3.9939,0.5502,7.0390,1.8859,1.3328
355.00,7.4228,2.1100,1.3420,7.5438,-3.9906,0.5021,7.0406,1.8922,1.2848
355.50,7.4285,2.1100,1.2969,7.5478,-3.9886,0.4554,7.0420,1.8964,1.2380
356.00,7.4337,2.1101,1.2532,7.5519,-3.9867,0.4102,7.0436,1.9007,1.1929
356.50,7.4384,2.1101,1.2107,7.5563,-3.9848,0.3663,7.0454,1.9051,1.1489
357.00,7.4426,2.1101,1.1694,7.5601,-3.9835,0.3234,7.0472,1.9087,1.1060
357.50,7.4463,2.1102,1.1292,7.5630,-3.9826,0.2806,7.0486,1.9114,1.0632
358.00,7.4495,2.1102,1.0901,7.5661,-3.9818,0.2403,7.0502,1.9141,1.0229
358.50,7.4523,2.1103,1.0521,7.5697,-3.9810,0.2001,7.0522,1.9172,0.9827
359.00,7.4546,2.1103,1.0150,7.5714,-3.9807,0.1608,7.0531,1.9187,0.9434
359.50,7.4564,2.1104,0.9789,7.5726,-3.9805,0.1232,7.0539,1.9196,0.9058
360.00,7.4578,2.1104,0.9438,7.5740,-3.9803,0.0866,7.0548,1.9208,0.8692
360.50,7.4587,2.1105,0.9095,7.5753,-3.9802,0.0505,7.0556,1.9217,0.8332
361.00,7.4592,2.1105,0.8761,7.5757,-3.9802,0.0160,7.0559,1.9220,0.7986
361.50,7.4662,2.1184,0.8230,7.5827,-3.9803,-0.0329,7.0609,1.9269,0.7497
362.00,7.5155,2.1636,0.6707,7.6451,-3.9872,-0.1837,7.1947,1.9611,0.6443
362.50,7.6130,2.2307,0.5848,7.7636,-4.0167,-0.2818,7.3170,2.0279,0.5532
363.00,7.6997,2.2899,0.6255,7.8646,-4.0454,-0.2498,7.3962,2.0733,0.5886
363.50,7.8017,2.3660,0.6529,7.9845,-4.0737,-0.2208,7.4974,2.1435,0.6176
364.00,7.9045,2.4459,0.6621,8.1150,-4.1022,-0.2120,7.6103,2.2260,0.6280
364.50,8.0065,2.5266,0.6718,8.2416,-4.1287,-0.2038,7.7103,2.2978,0.6381
365.00,8.1076,2.6087,0.6899,8.3696,-4.1542,-0.1885,7.8146,2.3762,0.6535
365.50,8.2078,2.6914,0.6880,8.4986,-4.1787,-0.1899,7.9187,2.4564,0.6555
366.00,8.3083,2.7738,0.6814,8.6264,-4.2035,-0.1951,8.0164,2.5399,0.6504
366.50,8.4100,2.8546,0.6725,8.7579,-4.2311,-0.2094,8.1199,2.6155,0.6360
367.00,8.5118,2.9356,0.6725,8.8831,-4.2578,-0.2105,8.2230,2.6916,0.6350
367.50,8.6143,3.0151,0.6548,9.0083,-4.2860,-0.2309,8.3271,2.7666,0.6145
368.00,8.7182,3.0930,0.6178,9.1373,-4.3174,-0.2648,8.4462,2.8421,0.5842
368.50,8.8263,3.1632,0.5559,9.2638,-4.3560,-0.3292,8.5490,2.9113,0.5232
369.00,8.9377,3.2292,0.5411,9.3839,-4.3992,-0.3524,8.6609,2.9727,0.5052
369.50,9.0464,3.3013,0.6383,9.5090,-4.4406,-0.2629,8.7741,3.0401,0.5948
370.00,9.1464,3.3834,0.7589,9.6388,-4.4689,-0.1494,8.8805,3.1142,0.7067
370.50,9.2319,3.4787,0.9265,9.7661,-4.4771,0.0219,8.9703,3.2103,0.8830
371.00,9.3083,3.5856,1.1054,9.9009,-4.4648,0.1886,9.0487,3.3152,1.0428
371.50,9.3754,3.6945,1.3773,10.0251,-4.4240,0.4565,9.0994,3.4310,1.3141
372.00,9.4233,3.8228,1.6484,10.1415,-4.3465,0.7258,9.1531,3.5497,1.5889
372.50,9.4231,3.9509,1.8016,10.2332,-4.2475,0.8938,9.1712,3.6736,1.7515
373.00,9.3954,4.0774,1.7752,10.3184,-4.1399,0.8801,9.1655,3.7985,1.7393
373.50,9.3745,4.2062,1.5992,10.4113,-4.0435,0.7061,9.1530,3.9317,1.5638
374.00,9.3687,4.3361,1.5353,10.5148,-3.9638,0.6297,9.1510,4.0523,1.4979
374.50,9.3720,4.4661,1.5481,10.6220,-3.8860,0.6372,9.1606,4.1844,1.5019
375.00,9.3674,4.5961,1.5846,10.7264,-3.8059,0.6722,9.1674,4.3158,1.5368
375.50,9.3625,4.7190,1.5889,10.8295,-3.7221,0.6806,9.1604,4.4486,1.5453
376.00,9.3648,4.7882,1.5371,10.8910,-3.6746,0.6263,9.1641,4.5162,1.4910
376.50,9.3718,4.7997,1.4863,10.9062,-3.6640,0.5728,9.1670,4.5346,1.4444
377.00,9.3789,4.7997,1.4365,10.9148,-3.6587,0.5213,9.1685,4.5446,1.3930
377.50,9.3855,4.7997,1.3884,10.9203,-3.6557,0.4718,9.1804,4.5306,1.3469
378.00,9.3917,4.7997,1.3419,10.9262,-3.6528,0.4225,9.1820,4.5370,1.2976
378.50,9.3973,4.7998,1.2968,10.9307,-3.6509,0.3753,9.1834,4.5417,1.2504
379.00,9.4025,4.7998,1.2530,10.9361,-3.6489,0.3295,9.1853,4.5471,1.2046
379.50,9.4072,4.7998,1.2105,10.9400,-3.6476,0.2851,9.1869,4.5509,1.1602
380.00,9.4114,4.7999,1.1692,10.9438,-3.6466,0.2421,9.1885,4.5545,1.1172
380.50,9.4151,4.7999,1.1291,10.9477,-3.6457,0.2000,9.1904,4.5581,1.0752
381.00,9.4183,4.8000,1.0900,10.9513,-3.6451,0.1594,9.1922,4.5612,1.0345
381.50,9.4211,4.8000,1.0519,10.9540,-3.6447,0.1198,9.1936,4.5636,0.9949
382.00,9.4234,4.8001,1.0149,10.9569,-3.6444,0.0810,9.1952,4.5660,0.9561
382.50,9.4252,4.8001,0.9788,10.9586,-3.6443,0.0432,9.2291,4.5254,0.9358
383.00,9.4266,4.8002,0.9437,10.9599,-3.6442,0.0064,9.2299,4.5264,0.8990
383.50,9.4275,4.8002,0.9094,10.9604,-3.6442,-0.0293,9.2302,4.5269,0.8633
384.00,9.4280,4.8003,0.8760,10.9611,-3.6443,-0.0641,9.2306,4.5273,0.8285
384.50,9.4280,4.8004,0.8435,10.9613,-3.6443,-0.0982,9.2308,4.5275,0.7944
385.00,9.4280,4.8007,0.8104,10.9615,-3.6443,-0.1324,9.2309,4.5277,0.7602
385.50,9.4279,4.8009,0.7763,10.9617,-3.6443,-0.1680,9.2311,4.5278,0.7245
386.00,9.4282,4.8010,0.7427,10.9619,-3.6444,-0.2040,9.2312,4.5279,0.6886
386.50,9.4283,4.8010,0.7101,10.9619,-3.6444,-0.2384,9.2312,4.5279,0.6542
387.00,9.4282,4.8008,0.6772,10.9617,-3.6443,-0.2733,9.2311,4.5278,0.6193
387.50,9.4281,4.8000,0.6433,10.9611,-3.6441,-0.3089,9.2306,4.5274,0.5836
388.00,9.4281,4.7989,0.6086,10.9597,-3.6437,-0.3452,9.2293,4.5267,0.5474
388.50,9.4280,4.7973,0.5730,10.9580,-3.6430,-0.3820,9.2277,4.5257,0.5106
389.00,9.4280,4.7952,0.5364,10.9557,-3.6420,-0.4197,9.2255,4.5245,0.4728
389.50,9.4279,4.7927,0.4988,10.9529,-3.6408,-0.4591,9.2228,4.5232,0.4335
390.00,9.4279,4.7897,0.4602,10.9501,-3.6393,-0.4993,9.2199,4.5219,0.3933
390.50,9.4279,4.7862,0.4206,10.9467,-3.6374,-0.5406,9.2162,4.5205,0.3519
391.00,9.4278,4.7822,0.3798,10.9430,-3.6350,-0.5831,9.2121,4.5191,0.3094
391.50,9.4278,4.7778,0.3379,10.9393,-3.6325,-0.6268,9.2078,4.5178,0.2658
392.00,9.4277,4.7728,0.2947,10.9357,-3.6298,-0.6718,9.2035,4.5167,0.2208
392.50,9.4277,4.7674,0.2503,10.9314,-3.6262,-0.7178,9.1979,4.5156,0.1748
393.00,9.4277,4.7615,0.2044,10.9268,-3.6220,-0.7650,9.1918,4.5146,0.1275
393.50,9.4277,4.7551,0.1571,10.9222,-3.6174,-0.8143,9.1853,4.5139,0.0783
394.00,9.4276,4.7482,0.1081,10.9171,-3.6117,-0.8645,9.2183,4.4757,0.0664
394.50,9.4276,4.7408,0.0574,10.9125,-3.6060,-0.9172,9.2110,4.4754,0.0138
395.00,9.4276,4.7330,0.0046,10.9080,-3.5999,-0.9708,9.2034,4.4754,-0.0399
395.50,9.4276,4.7251,-0.0484,10.9105,-3.6038,-1.0256,9.2080,4.4751,-0.0946
396.00,9.4276,4.7177,-0.0995,10.9149,-3.6115,-1.0787,9.2169,4.4740,-0.1477
396.50,9.4277,4.7130,-0.1414,10.9169,-3.6153,-1.1224,9.2211,4.4733,-0.1914
397.00,9.4277,4.7065,-0.1892,10.9197,-3.6215,-1.1724,9.2278,4.4719,-0.2414
397.50,9.4277,4.7004,-0.2356,10.9220,-3.6274,-1.2205,9.2339,4.4702,-0.2896
398.00,9.4277,4.6948,-0.2805,10.9241,-3.6336,-1.2673,9.2401,4.4683,-0.3364
398.50,9.4278,4.6897,-0.3240,10.9256,-3.6387,-1.3124,9.2451,4.4664,-0.3814
399.00,9.4278,4.6851,-0.3663,10.9266,-3.6428,-1.3565,9.2489,4.4647,-0.4255
399.50,9.4278,4.6810,-0.4075,10.9273,-3.6462,-1.3993,9.2521,4.4632,-0.4683
400.00,9.4279,4.6773,-0.4475,10.9277,-3.6494,-1.4412,9.2549,4.4617,-0.5102
400.50,9.4279,4.6742,-0.4864,10.9280,-3.6517,-1.4818,9.2570,4.4605,-0.5509
401.00,9.4280,4.6715,-0.5243,10.9282,-3.6541,-1.5217,9.2590,4.4593,-0.5908
401.50,9.4280,4.6693,-0.5612,10.9283,-3.6568,-1.5608,9.2612,4.4577,-0.6299
402.00,9.4281,4.6675,-0.5972,10.9283,-3.6584,-1.5984,9.2624,4.4568,-0.6675
402.50,9.4281,4.6662,-0.6322,10.9282,-3.6596,-1.6357,9.2634,4.4560,-0.7047
403.00,9.4282,4.6653,-0.6663,10.9282,-3.6599,-1.6715,9.2636,4.4558,-0.7406
403.50,9.4282,4.6649,-0.6995,10.9281,-3.6603,-1.7070,9.2294,4.3902,-0.7411
404.00,9.4283,4.6649,-0.7321,10.9281,-3.6605,-1.7416,9.2295,4.3901,-0.7758
404.50,9.4287,4.6649,-0.7653,10.9280,-3.6611,-1.7769,9.2299,4.3896,-0.8110
405.00,9.4289,4.6650,-0.7995,10.9279,-3.6614,-1.8128,9.2301,4.3894,-0.8469
405.50,9.4290,4.6647,-0.8329,10.9278,-3.6618,-1.8482,9.2304,4.3891,-0.8823
406.00,9.4290,4.6647,-0.8654,10.9278,-3.6618,-1.8822,9.2304,4.3891,-0.9163
406.50,9.4286,4.6647,-0.8985,10.9278,-3.6618,-1.9175,9.2304,4.3891,-0.9516
407.00,9.4279,4.6648,-0.9325,10.9280,-3.6613,-1.9533,9.2301,4.3895,-0.9875
407.50,9.4266,4.6648,-0.9673,10.9285,-3.6600,-1.9895,9.2294,4.3907,-1.0237
408.00,9.4250,4.6649,-1.0031,10.9294,-3.6582,-2.0271,9.2283,4.3925,-1.0612
408.50,9.4228,4.6649,-1.0398,10.9299,-3.6572,-2.0652,9.2278,4.3935,-1.0994
409.00,9.4202,4.6650,-1.0776,10.9310,-3.6554,-2.1047,9.2269,4.3954,-1.1388
409.50,9.4171,4.6650,-1.1163,10.9320,-3.6538,-2.1449,9.2262,4.3971,-1.1790
410.00,9.4136,4.6651,-1.1561,10.9338,-3.6511,-2.1862,9.2250,4.4001,-1.2203
410.50,9.4095,4.6651,-1.1970,10.9357,-3.6485,-2.2281,9.2239,4.4032,-1.2623
411.00,9.4050,4.6651,-1.2391,10.9379,-3.6457,-2.2717,9.2229,4.4066,-1.3058
411.50,9.4000,4.6652,-1.2824,10.9412,-3.6419,-2.3170,9.2217,4.4115,-1.3511
412.00,9.3945,4.6422,-1.3919,10.9269,-3.6558,-2.4179,9.2249,4.3918,-1.4520
412.50,9.3831,4.5566,-1.5409,10.8606,-3.7037,-2.5807,9.2266,4.3100,-1.6148
413.00,9.3864,4.4280,-1.5050,10.7459,-3.7749,-2.5622,9.1688,4.1550,-1.5614
413.50,9.3996,4.2992,-1.3999,10.6426,-3.8520,-2.4483,9.1825,4.0365,-1.4460
414.00,9.4184,4.1707,-1.4701,10.5402,-3.9347,-2.5052,9.1924,3.9056,-1.5010
414.50,9.4289,4.0410,-1.6826,10.4249,-4.0033,-2.7212,9.1886,3.7714,-1.7189
415.00,9.4175,3.9125,-1.7424,10.2940,-4.0539,-2.7978,9.1796,3.6440,-1.7796
415.50,9.3940,3.7845,-1.7600,10.1647,-4.1002,-2.8105,9.1514,3.5097,-1.7978
416.00,9.3617,3.6577,-1.8320,10.0383,-4.1393,-2.8824,9.1223,3.3917,-1.8659
416.50,9.3201,3.5333,-1.8960,9.9028,-4.1703,-2.9497,9.0677,3.2648,-1.9324
417.00,9.2709,3.4112,-1.9434,9.7743,-4.1920,-3.0013,9.0234,3.1538,-1.9814
417.50,9.2239,3.2900,-1.9468,9.6393,-4.2113,-3.0017,8.9604,3.0287,-1.9787
418.00,9.1702,3.1708,-2.0197,9.5039,-4.2260,-3.0740,8.9080,2.9181,-2.0505
418.50,9.1080,3.0552,-2.0706,9.3640,-4.2311,-3.1283,8.8373,2.7949,-2.1022
419.00,9.0415,2.9424,-2.1026,9.2272,-4.2297,3.1153,8.7662,2.6834,-2.1398
419.50,8.9794,2.8288,-2.0269,9.0937,-4.2290,-3.1024,8.7017,2.5811,-2.0708
420.00,8.9255,2.7104,-1.9898,8.9601,-4.2389,-3.0545,8.6462,2.4636,-2.0212
420.50,8.8671,2.5937,-2.0789,8.8282,-4.2457,3.1413,8.5812,2.3509,-2.1103
421.00,8.7997,2.4820,-2.1290,8.6980,-4.2416,3.0841,8.5172,2.2418,-2.1605
421.50,8.7316,2.3715,-2.1187,8.5594,-4.2336,3.0915,8.4413,2.1304,-2.1496
422.00,8.6615,2.2612,-2.1447,8.4301,-4.2259,3.0656,8.3814,2.0326,-2.1738
422.50,8.5917,2.1517,-2.1136,8.3007,-4.2158,3.0843,8.2976,1.9259,-2.1550
423.00,8.5283,2.0387,-2.0806,8.1609,-4.2119,3.1250,8.2242,1.8029,-2.1144
423.50,8.4606,1.9266,-2.1251,8.0258,-4.2072,3.0798,8.1567,1.6993,-2.1561
424.00,8.3886,1.8172,-2.1606,7.8921,-4.1966,3.0420,8.0794,1.5890,-2.1939
424.50,8.3170,1.7089,-2.1310,7.7623,-4.1834,3.0613,8.0071,1.4875,-2.1711
425.00,8.2508,1.5976,-2.1081,7.6248,-4.1752,3.0890,7.9409,1.3725,-2.1417
425.50,8.1818,1.4866,-2.1344,7.4859,-4.1664,3.0628,7.8642,1.2618,-2.1679
426.00,8.1105,1.3774,-2.1494,7.3533,-4.1543,3.0434,7.7865,1.1613,-2.1838
426.50,8.0377,1.2691,-2.1727,7.2204,-4.1403,3.0205,7.7187,1.0569,-2.2050
427.00,7.9626,1.1626,-2.1898,7.0851,-4.1223,3.0014,7.6311,0.9480,-2.2223
427.50,7.8867,1.0570,-2.1926,6.9567,-4.1034,2.9946,7.5518,0.8453,-2.2273
428.00,7.8112,0.9512,-2.1918,6.8283,-4.0845,2.9948,7.4749,0.7472,-2.2230
428.50,7.7365,0.8451,-2.1738,6.7002,-4.0657,3.0082,7.3963,0.6433,-2.2079
429.00,7.6613,0.7385,-2.1938,6.5705,-4.0475,2.9899,7.3216,0.5430,-2.2244
429.50,7.5834,0.6339,-2.2151,6.4307,-4.0240,2.9664,7.2396,0.4319,-2.2462
430.00,7.5035,0.5310,-2.2429,6.3001,-3.9990,2.9383,7.1571,0.3392,-2.2743
430.50,7.4216,0.4300,-2.2450,6.1775,-3.9722,2.9266,7.0747,0.2446,-2.2826
431.00,7.3431,0.3269,-2.2126,6.0500,-3.9469,2.9606,6.9862,0.1394,-2.2468
431.50,7.2637,0.2236,-2.2452,5.9149,-3.9210,2.9299,6.8985,0.0327,-2.2751
432.00,7.1806,0.1234,-2.2762,5.7822,-3.8900,2.8953,6.8161,-0.0597,-2.3075
432.50,7.0954,0.0251,-2.2933,5.6570,-3.8572,2.8762,6.7295,-0.1544,-2.3237
433.00,7.0084,-0.0715,-2.3081,5.5276,-3.8202,2.8560,6.6324,-0.2482,-2.3403
433.50,6.9215,-0.1681,-2.2964,5.3975,-3.7827,2.8639,6.5503,-0.3457,-2.3301
434.00,6.8375,-0.2671,-2.2558,5.2751,-3.7504,2.9047,6.4618,-0.4375,-2.2869
434.50,6.7552,-0.3678,-2.2614,5.1468,-3.7196,2.9001,6.3713,-0.5373,-2.2951
435.00,6.6718,-0.4676,-2.2737,5.0164,-3.6867,2.8869,6.2832,-0.6374,-2.3048
435.50,6.5870,-0.5662,-2.2908,4.8931,-3.6535,2.8698,6.2053,-0.7316,-2.3219
436.00,6.5009,-0.6636,-2.2877,4.7668,-3.6175,2.8672,6.1080,-0.8239,-2.3222
436.50,6.4180,-0.7634,-2.2396,4.6377,-3.5838,2.9099,6.0231,-0.9230,-2.2783
437.00,6.3415,-0.8696,-2.1046,4.5015,-3.5588,3.0343,5.9383,-1.0325,-2.1504
437.50,6.2736,-0.9862,-1.8983,4.3657,-3.5564,-3.0502,5.8797,-1.1467,-1.9517
438.00,6.2189,-1.1126,-1.6854,4.2272,-3.5835,-2.8396,5.8308,-1.2722,-1.7377
438.50,6.1833,-1.2400,-1.4064,4.1012,-3.6419,-2.5619,5.8017,-1.4070,-1.4565
439.00,6.1964,-1.3660,-1.2650,3.9975,-3.7231,-2.4094,5.7843,-1.5193,-1.3074
439.50,6.2316,-1.4877,-1.1536,3.9056,-3.8140,-2.3021,5.8134,-1.6398,-1.1982
440.00,6.2840,-1.6053,-1.1304,3.8226,-3.9119,-2.2679,5.8577,-1.7560,-1.1625
440.50,6.3357,-1.7240,-1.1576,3.7345,-4.0122,-2.3016,5.9087,-1.8806,-1.1962
441.00,6.3847,-1.8438,-1.1919,3.6448,-4.1100,-2.3364,5.9474,-2.0046,-1.2292
441.50,6.4359,-1.9640,-1.1602,3.5499,-4.2103,-2.3118,5.9998,-2.1346,-1.1994
442.00,6.4889,-2.0828,-1.1602,3.4626,-4.3077,-2.3091,6.0427,-2.2417,-1.1967
442.50,6.5440,-2.2015,-1.1328,3.3724,-4.4082,-2.2873,6.0988,-2.3670,-1.1731
443.00,6.5990,-2.3192,-1.1472,3.2860,-4.5083,-2.2978,6.1463,-2.4883,-1.1836
443.50,6.6551,-2.4370,-1.1074,3.1994,-4.6071,-2.2668,6.1965,-2.6098,-1.1474
444.00,6.7172,-2.5520,-1.0830,3.1135,-4.7150,-2.2352,6.2560,-2.7242,-1.1141
444.50,6.7757,-2.6677,-1.0964,3.0350,-4.8120,-2.2560,6.3092,-2.8370,-1.1366
445.00,6.8404,-2.7822,-1.0528,2.9518,-4.9173,-2.2164,6.3731,-2.9579,-1.0918
445.50,6.9084,-2.8942,-1.0229,2.8708,-5.0283,-2.1869,6.4383,-3.0788,-1.0622
446.00,6.9779,-3.0044,-1.0194,2.7961,-5.1365,-2.1780,6.4946,-3.1833,-1.0481
446.50,7.0428,-3.1165,-1.0472,2.7223,-5.2375,-2.2117,6.5645,-3.2932,-1.0836
447.00,7.1092,-3.2287,-1.0180,2.6453,-5.3413,-2.1905,6.6204,-3.4121,-1.0571
447.50,7.1834,-3.3370,-0.9559,2.5697,-5.4548,-2.1268,6.6965,-3.5290,-0.9917
448.00,7.2598,-3.4425,-0.9486,2.5030,-5.5647,-2.1167,6.7680,-3.6310,-0.9816
448.50,7.3350,-3.5485,-0.9517,2.4333,-5.6777,-2.1245,6.8408,-3.7420,-0.9859
449.00,7.4113,-3.6539,-0.9427,2.3659,-5.7880,-2.1165,6.9123,-3.8496,-0.9762
449.50,7.4878,-3.7590,-0.9417,2.2970,-5.9018,-2.1160,6.9870,-3.9598,-0.9757
450.00,7.5633,-3.8645,-0.9556,2.2255,-6.0183,-2.1297,7.0632,-4.0732,-0.9894
450.50,7.6353,-3.9718,-0.9933,2.1535,-6.1298,-2.1657,7.1343,-4.1753,-1.0219
451.00,7.7021,-4.0822,-1.0325,2.0793,-6.2339,-2.2082,7.1880,-4.2862,-1.0609
451.50,7.7629,-4.1960,-1.1263,2.0005,-6.3340,-2.2921,7.2568,-4.3992,-1.1448
452.00,7.8150,-4.3179,-1.3295,1.9040,-6.4248,-2.4926,7.2996,-4.5245,-1.3453
452.50,7.8580,-4.4465,-1.5450,1.7862,-6.4952,-2.7116,7.3213,-4.6609,-1.5643
453.00,7.8750,-4.5760,-1.7187,1.6516,-6.5419,-2.8951,7.3327,-4.7929,-1.7443
453.50,7.8670,-4.7028,-1.8856,1.5208,-6.5654,-3.0592,7.3322,-4.9119,-1.9068
454.00,7.8334,-4.8221,-2.0649,1.3994,-6.5646,3.0389,7.3006,-5.0224,-2.0900
454.50,7.7722,-4.9330,-2.1846,1.2706,-6.5439,2.9200,7.2391,-5.1417,-2.1984
455.00,7.6921,-5.0339,-2.3326,1.1475,-6.5064,2.7669,7.1755,-5.2394,-2.3515
455.50,7.5973,-5.1233,-2.4285,1.0244,-6.4506,2.6646,7.0709,-5.3302,-2.4483
456.00,7.4954,-5.2038,-2.5579,0.9089,-6.3834,2.5398,6.9689,-5.4010,-2.5821
456.50,7.4201,-5.2539,-2.6465,0.8353,-6.3263,2.4400,6.8864,-5.4548,-2.6679
457.00,7.3974,-5.2673,-2.6846,0.8096,-6.3039,2.3993,6.8561,-5.4702,-2.7121
457.50,7.3974,-5.2648,-2.7243,0.8105,-6.3049,2.3580,6.8574,-5.4698,-2.7534
458.00,7.3974,-5.2608,-2.7652,0.8141,-6.3087,2.3158,6.8623,-5.4680,-2.7956
458.50,7.3975,-5.2563,-2.8072,0.8172,-6.3123,2.2720,6.8668,-5.4665,-2.8394
459.00,7.3975,-5.2514,-2.8504,0.8211,-6.3172,2.2271,6.8728,-5.4648,-2.8843
459.50,7.3975,-5.2459,-2.8950,0.8241,-6.3212,2.1810,6.8777,-5.4636,-2.9304
460.00,7.3976,-5.2399,-2.9410,0.8281,-6.3273,2.1331,6.8849,-5.4623,-2.9784
460.50,7.3976,-5.2335,-2.9884,0.8308,-6.3318,2.0838,6.8900,-5.4615,-3.0276
461.00,7.3976,-5.2266,-3.0375,0.8338,-6.3375,2.0331,6.8965,-5.4610,-3.0783
461.50,7.3976,-5.2192,-3.0884,0.8364,-6.3431,1.9806,6.9026,-5.4608,-3.1309
462.00,7.3976,-5.2127,-3.1318,0.8387,-6.3486,1.9339,6.9086,-5.4608,3.1056
462.50,7.3976,-5.2067,3.1113,0.8383,-6.3476,1.8922,6.8577,-5.4259,3.0884
463.00,7.3976,-5.2010,3.0723,0.8368,-6.3425,1.8512,6.8524,-5.4255,3.0474
463.50,7.3976,-5.1955,3.0344,0.8354,-6.3373,1.8116,6.8470,-5.4249,3.0078
464.00,7.3976,-5.1903,2.9975,0.8341,-6.3318,1.7731,6.8414,-5.4240,2.9693
464.50,7.3976,-5.1853,2.9615,0.8332,-6.3270,1.7354,6.8366,-5.4231,2.9316
465.00,7.3976,-5.1807,2.9264,0.8326,-6.3226,1.6984,6.8323,-5.4221,2.8946
465.50,7.3975,-5.1763,2.8921,0.8320,-6.3174,1.6623,6.8272,-5.4207,2.8585
466.00,7.3975,-5.1722,2.8586,0.8317,-6.3135,1.6270,6.8235,-5.4196,2.8232
466.50,7.3975,-5.1683,2.8259,0.8316,-6.3099,1.5920,6.8201,-5.4184,2.7882
467.00,7.3975,-5.1647,2.7939,0.8315,-6.3057,1.5582,6.8162,-5.4169,2.7544
467.50,7.3974,-5.1614,2.7625,0.8317,-6.3011,1.5257,6.8632,-5.3719,2.7394
468.00,7.3974,-5.1584,2.7318,0.8318,-6.2985,1.4935,6.8609,-5.3709,2.7071
468.50,7.3974,-5.1556,2.7018,0.8320,-6.2963,1.4614,6.8589,-5.3699,2.6751
469.00,7.3973,-5.1532,2.6723,0.8324,-6.2937,1.4305,6.8566,-5.3687,2.6441
469.50,7.3973,-5.1509,2.6435,0.8328,-6.2911,1.3994,6.8543,-5.3674,2.6130
470.00,7.3973,-5.1490,2.6152,0.8333,-6.2882,1.3694,6.8517,-5.3659,2.5830
470.50,7.3972,-5.1473,2.5874,0.8337,-6.2866,1.3407,6.8503,-5.3650,2.5543
471.00,7.3972,-5.1459,2.5603,0.8338,-6.2859,1.3112,6.8498,-5.3646,2.5249
471.50,7.3972,-5.1447,2.5336,0.8341,-6.2849,1.2827,6.8489,-5.3640,2.4964
472.00,7.3971,-5.1438,2.5075,0.8345,-6.2837,1.2553,6.8479,-5.3632,2.4689
472.50,7.3971,-5.1431,2.4818,0.8346,-6.2835,1.2282,6.8477,-5.3630,2.4418
473.00,7.3970,-5.1427,2.4567,0.8347,-6.2832,1.2008,6.8475,-5.3629,2.4144
473.50,7.3970,-5.1425,2.4320,0.8346,-6.2834,1.1744,6.8476,-5.3630,2.3880
474.00,7.3969,-5.1425,2.4077,0.8346,-6.2834,1.1483,6.8477,-5.3630,2.3619
474.50,7.3966,-5.1426,2.3828,0.8348,-6.2830,1.1220,6.8474,-5.3627,2.3357
475.00,7.3964,-5.1426,2.3573,0.8349,-6.2827,1.0947,6.8472,-5.3625,2.3083
475.50,7.3963,-5.1426,2.3318,0.8350,-6.2825,1.0669,6.8470,-5.3623,2.2805
476.00,7.3963,-5.1423,2.3011,0.8352,-6.2823,1.0352,6.8468,-5.3620,2.2489
476.50,7.3963,-5.1423,2.2685,0.8352,-6.2822,1.0009,6.8468,-5.3620,2.2146
477.00,7.3967,-5.1424,2.2391,0.8349,-6.2826,0.9682,6.8470,-5.3624,2.1819
477.50,7.3974,-5.1424,2.2063,0.8344,-6.2834,0.9357,6.8476,-5.3632,2.1494
478.00,7.3987,-5.1425,2.1713,0.8335,-6.2846,0.8995,6.8484,-5.3645,2.1131
478.50,7.4004,-5.1425,2.1355,0.8322,-6.2861,0.8619,6.8494,-5.3662,2.0755
479.00,7.4026,-5.1426,2.0987,0.8308,-6.2877,0.8236,6.8504,-5.3680,2.0372
479.50,7.4052,-5.1426,2.0609,0.8291,-6.2895,0.7845,6.8514,-5.3703,1.9981
480.00,7.4083,-5.1427,2.0220,0.8271,-6.2914,0.7440,6.8525,-5.3729,1.9576
480.50,7.4119,-5.1427,1.9821,0.8236,-6.2945,0.7025,6.8542,-5.3772,1.9161
481.00,7.4160,-5.1428,1.9411,0.8204,-6.2971,0.6592,6.8555,-5.3810,1.8728
481.50,7.4206,-5.1428,1.8989,0.8161,-6.3002,0.6158,6.8570,-5.3862,1.8295
482.00,7.4256,-5.1428,1.8560,0.8130,-6.3023,0.5708,6.8579,-5.3898,1.7845
482.50,7.4297,-5.1429,1.8226,0.8096,-6.3045,0.5364,6.8587,-5.3938,1.7500
483.00,7.4341,-5.1429,1.7884,0.8051,-6.3070,0.5007,6.8595,-5.3989,1.7143
483.50,7.4387,-5.1429,1.7533,0.8002,-6.3096,0.4644,6.8602,-5.4043,1.6780
484.00,7.4436,-5.1429,1.7174,0.7966,-6.3113,0.4268,6.8606,-5.4084,1.6404
484.50,7.4488,-5.1429,1.6806,0.7929,-6.3130,0.3883,6.8608,-5.4124,1.6020
485.00,7.4543,-5.1429,1.6427,0.7882,-6.3148,0.3485,6.8609,-5.4175,1.5622
485.50,7.4600,-5.1429,1.6038,0.7831,-6.3165,0.3083,6.9121,-5.3526,1.5778
486.00,7.4660,-5.1429,1.5638,0.7778,-6.3181,0.2666,6.9120,-5.3582,1.5361
486.50,7.4719,-5.1429,1.5241,0.7831,-6.3168,0.2257,6.9124,-5.3527,1.4952
487.00,7.4775,-5.1429,1.4856,0.7888,-6.3156,0.1854,6.9129,-5.3469,1.4549
487.50,7.4829,-5.1429,1.4481,0.7925,-6.3150,0.1459,6.9134,-5.3432,1.4154
488.00,7.4880,-5.1429,1.4116,0.7973,-6.3143,0.1073,6.9143,-5.3384,1.3768
488.50,7.4928,-5.1429,1.3760,0.8023,-6.3139,0.0697,6.9153,-5.3335,1.3392
489.00,7.4974,-5.1429,1.3412,0.8072,-6.3136,0.0332,6.9165,-5.3288,1.3026
489.50,7.5017,-5.1429,1.3073,0.8122,-6.3135,-0.0029,6.9179,-5.3239,1.2666
490.00,7.5057,-5.1428,1.2741,0.8168,-6.3136,-0.0377,6.9194,-5.3196,1.2318
490.50,7.5094,-5.1428,1.2417,0.8208,-6.3138,-0.0713,6.9207,-5.3159,1.1982
491.00,7.5129,-5.1428,1.2099,0.8245,-6.3142,-0.1048,6.9221,-5.3124,1.1647
491.50,7.5161,-5.1427,1.1789,0.8278,-6.3146,-0.1379,6.9235,-5.3094,1.1316
492.00,7.5190,-5.1427,1.1480,0.8312,-6.3151,-0.1701,6.9250,-5.3063,1.0994
492.50,7.5224,-5.1427,1.1084,0.8346,-6.3157,-0.2116,6.9816,-5.3557,1.0858
493.00,7.5315,-5.1219,1.0173,0.8527,-6.3205,-0.2963,6.9910,-5.3396,1.0011
493.50,7.5787,-5.0536,0.8359,0.9225,-6.3496,-0.4801,7.0380,-5.2746,0.8173
494.00,7.6702,-4.9627,0.7489,1.0363,-6.4176,-0.5794,7.1287,-5.1792,0.7215
494.50,7.7464,-4.8907,0.7884,1.1285,-6.4779,-0.5525,7.2072,-5.1066,0.7519
495.00,7.7960,-4.8353,0.9522,1.1980,-6.5152,-0.4008,7.2671,-5.0550,0.9052
495.50,7.8318,-4.7925,1.1537,1.2588,-6.5339,-0.1943,7.3058,-5.0058,1.1136
496.00,7.8406,-4.7894,1.2323,1.2705,-6.5358,-0.1089,7.3007,-5.0051,1.1990
496.50,7.8379,-4.7895,1.2754,1.2685,-6.5357,-0.0679,7.3000,-5.0070,1.2399
497.00,7.8327,-4.7887,1.3219,1.2630,-6.5354,-0.0253,7.2984,-5.0122,1.2825
497.50,7.8242,-4.7477,1.4720,1.2981,-6.5337,0.1180,7.3058,-4.9778,1.4259
498.00,7.8158,-4.6434,1.5595,1.3997,-6.5151,0.2172,7.2994,-4.8649,1.5268
498.50,7.8197,-4.5134,1.5293,1.5290,-6.4873,0.1899,7.3001,-4.7428,1.4978
499.00,7.8226,-4.3835,1.6032,1.6584,-6.4609,0.2454,7.3157,-4.6109,1.5585
499.50,7.8164,-4.2544,1.7428,1.7808,-6.4198,0.3912,7.2949,-4.4821,1.7043
500.00,7.7971,-4.1272,1.8327,1.8994,-6.3661,0.4729,7.2883,-4.3541,1.7860
500.50,7.7661,-4.0046,1.9729,2.0071,-6.3002,0.6179,7.2619,-4.2334,1.9328
501.00,7.7178,-3.8876,2.0715,2.1059,-6.2230,0.7142,7.2175,-4.1129,2.0273
501.50,7.6553,-3.7762,2.1450,2.1999,-6.1343,0.7917,7.1613,-3.9990,2.1065
502.00,7.5864,-3.6665,2.1039,2.2908,-6.0430,0.7597,7.0992,-3.8879,2.0763
502.50,7.5251,-3.5525,2.0556,2.3878,-5.9574,0.6999,7.0414,-3.7721,2.0235
503.00,7.4618,-3.4381,2.0843,2.4916,-5.8689,0.7213,6.9807,-3.6465,2.0443
503.50,7.3922,-3.3265,2.1296,2.5847,-5.7828,0.7694,6.9185,-3.5387,2.0971
504.00,7.3264,-3.2149,2.0697,2.6807,-5.6926,0.7173,6.8469,-3.4238,2.0438
504.50,7.2678,-3.0992,2.0401,2.7848,-5.6075,0.6740,6.7927,-3.3056,2.0016
505.00,7.2032,-2.9856,2.1255,2.8865,-5.5203,0.7545,6.7313,-3.1861,2.0856
505.50,7.1299,-2.8775,2.1838,2.9804,-5.4257,0.8175,6.6684,-3.0825,2.1463
506.00,7.0569,-2.7702,2.1372,3.0694,-5.3325,0.7762,6.6020,-2.9737,2.1062
506.50,6.9907,-2.6589,2.1025,3.1705,-5.2384,0.7346,6.5323,-2.8527,2.0715
507.00,6.9259,-2.5464,2.1009,3.2667,-5.1534,0.7246,6.4776,-2.7424,2.0592
507.50,6.8551,-2.4359,2.1523,3.3646,-5.0625,0.7732,6.4064,-2.6257,2.1148
508.00,6.7789,-2.3292,2.2023,3.4606,-4.9638,0.8245,6.3312,-2.5135,2.1673
508.50,6.7008,-2.2249,2.2149,3.5467,-4.8689,0.8392,6.2615,-2.4149,2.1808
509.00,6.6250,-2.1200,2.1839,3.6355,-4.7724,0.8082,6.1877,-2.3066,2.1498
509.50,6.5510,-2.0132,2.1773,3.7263,-4.6789,0.7966,6.1143,-2.1970,2.1417
510.00,6.4748,-1.9073,2.2071,3.8157,-4.5859,0.8213,6.0476,-2.0890,2.1668
510.50,6.3953,-1.8038,2.2344,3.9022,-4.4902,0.8485,5.9684,-1.9815,2.1980
511.00,6.3157,-1.7012,2.2105,3.9951,-4.3847,0.8311,5.8825,-1.8676,2.1818
511.50,6.2409,-1.5954,2.1802,4.0846,-4.2912,0.7945,5.8169,-1.7699,2.1453
512.00,6.1660,-1.4889,2.1913,4.1741,-4.2003,0.8004,5.7511,-1.6627,2.1546
512.50,6.0882,-1.3841,2.2172,4.2659,-4.1033,0.8246,5.6728,-1.5490,2.1824
513.00,6.0099,-1.2805,2.2107,4.3574,-4.0039,0.8203,5.5978,-1.4454,2.1791
513.50,5.9318,-1.1763,2.2243,4.4454,-3.9100,0.8272,5.5253,-1.3378,2.1896
514.00,5.8511,-1.0740,2.2524,4.5288,-3.8173,0.8546,5.4486,-1.2370,2.2170
514.50,5.7680,-0.9739,2.2804,4.6147,-3.7168,0.8774,5.3683,-1.1320,2.2433
515.00,5.6808,-0.8777,2.3293,4.6956,-3.6146,0.9246,5.2789,-1.0319,2.2916
515.50,5.5880,-0.7874,2.4344,4.7720,-3.5049,1.0202,5.1912,-0.9349,2.3904
516.00,5.4852,-0.7082,2.6097,4.8312,-3.3904,1.1865,5.0927,-0.8540,2.5585
516.50,5.3683,-0.6408,2.7803,4.8705,-3.2589,1.3641,4.9693,-0.7845,2.7387
517.00,5.2451,-0.5924,2.8507,4.8930,-3.1250,1.4382,4.8525,-0.7314,2.8133
517.50,5.1204,-0.5541,2.8436,4.9092,-2.9953,1.4387,4.7331,-0.6843,2.8145
518.00,4.9972,-0.5100,2.8004,4.9301,-2.8650,1.3888,4.6193,-0.6361,2.7656
518.50,4.8740,-0.4696,2.8224,4.9514,-2.7400,1.4123,4.4900,-0.5907,2.7943
519.00,4.7514,-0.4247,2.7909,4.9737,-2.6152,1.3765,4.3760,-0.5453,2.7567
519.50,4.6290,-0.3811,2.7853,4.9987,-2.4831,1.3763,4.2418,-0.4937,2.7583
520.00,4.5119,-0.3325,2.7529,5.0273,-2.3550,1.3344,4.1260,-0.4412,2.7173
520.50,4.4029,-0.2949,2.8553,5.0504,-2.2450,1.4223,4.0219,-0.3976,2.8104
521.00,4.2753,-0.2665,3.0440,5.0570,-2.1127,1.6150,3.8908,-0.3670,3.0056
521.50,4.1457,-0.2524,3.0693,5.0469,-1.9831,1.6544,3.7595,-0.3537,3.0443
522.00,4.0177,-0.2378,2.9374,5.0430,-1.8441,1.5229,3.6291,-0.3271,2.9138
522.50,3.8912,-0.2112,2.8930,5.0534,-1.7177,1.4713,3.5075,-0.2940,2.8681
523.00,3.7662,-0.1738,2.8229,5.0700,-1.5885,1.4019,3.3755,-0.2654,2.7970
523.50,3.6430,-0.1321,2.8370,5.0929,-1.4642,1.4005,3.2737,-0.2212,2.7973
524.00,3.5171,-0.0987,2.9471,5.1081,-1.3349,1.5076,3.1459,-0.1837,2.9114
524.50,3.3888,-0.0747,2.9799,5.1117,-1.2017,1.5532,3.0018,-0.1581,2.9536
525.00,3.2616,-0.0478,2.8868,5.1196,-1.0697,1.4596,2.8760,-0.1179,2.8617
525.50,3.1361,-0.0149,2.9017,5.1363,-0.9366,1.4593,2.7511,-0.0837,2.8683
526.00,3.0090,0.0118,2.9369,5.1462,-0.8085,1.5056,2.6190,-0.0583,2.9146
526.50,2.8996,0.0432,2.8073,5.1589,-0.6908,1.3861,2.5111,-0.0269,2.7951
527.00,2.7904,0.0860,2.5923,5.1943,-0.5742,1.1647,2.4155,0.0270,2.5755
527.50,2.6839,0.1555,2.5029,5.2535,-0.4567,1.0619,2.3014,0.0944,2.4779
528.00,2.5864,0.2270,2.5457,5.3113,-0.3521,1.0924,2.2091,0.1680,2.5102
528.50,2.5181,0.2727,2.6072,5.3495,-0.2717,1.1582,2.1414,0.2180,2.5771
529.00,2.5011,0.2838,2.6446,5.3595,-0.2483,1.1937,2.1119,0.2313,2.6115
529.50,2.5011,0.2812,2.6833,5.3589,-0.2499,1.2306,2.1133,0.2305,2.6483
530.00,2.5011,0.2777,2.7230,5.3580,-0.2528,1.2688,2.1161,0.2291,2.6865
530.50,2.5012,0.2737,2.7638,5.3568,-0.2571,1.3081,2.1201,0.2272,2.7259
531.00,2.5012,0.2692,2.8057,5.3559,-0.2607,1.3482,2.1236,0.2258,2.7660
531.50,2.5013,0.2642,2.8490,5.3550,-0.2651,1.3891,2.1277,0.2242,2.8068
532.00,2.5013,0.2588,2.8935,5.3538,-0.2722,1.4317,2.1346,0.2220,2.8495
532.50,2.5013,0.2528,2.9394,5.3531,-0.2777,1.4753,2.1399,0.2205,2.8931
533.00,2.5013,0.2464,2.9868,5.3526,-0.2858,1.5212,2.1479,0.2187,2.9389
533.50,2.4725,0.2366,3.1236,5.3523,-0.2646,1.6436,2.1268,0.2217,3.0614
534.00,2.3806,0.2162,-3.0066,5.3363,-0.1767,1.8119,2.0376,0.2192,-3.0535
534.50,2.2559,0.1986,-3.0424,5.3044,-0.0499,1.7892,1.8614,0.1509,-3.0623
535.00,2.1454,0.1897,3.0120,5.2901,0.0650,1.5705,1.7538,0.1526,3.0022
535.50,2.0262,0.1966,2.8170,5.3037,0.1812,1.3584,1.6513,0.1725,2.7959
536.00,1.9508,0.2207,2.7945,5.3251,0.2672,1.3203,1.5533,0.1860,2.7650
536.50,1.8756,0.2386,2.9340,5.3401,0.3399,1.4453,1.4817,0.2055,2.8910
537.00,1.7524,0.2465,-3.1002,5.3392,0.4613,1.6984,1.3687,0.2140,-3.1394
537.50,1.6230,0.2416,-3.0250,5.3136,0.5958,1.7885,1.2303,0.2107,-3.0525
538.00,1.4935,0.2317,-3.1169,5.2881,0.7315,1.7033,1.1035,0.2026,-3.1365
538.50,1.3636,0.2314,3.1009,5.2773,0.8583,1.6257,0.9709,0.2096,3.0737
539.00,1.2336,0.2314,-3.1183,5.2662,0.9916,1.6886,0.8448,0.2153,3.1401
539.50,1.1036,0.2318,3.1210,5.2529,1.1215,1.6442,0.7146,0.2142,3.0934
540.00,0.9737,0.2309,-3.0936,5.2406,1.2541,1.7055,0.5959,0.2190,-3.1224
540.50,0.8438,0.2255,-3.1033,5.2215,1.3896,1.6974,0.4588,0.2162,-3.1305
541.00,0.7140,0.2173,-3.0804,5.2028,1.5211,1.7222,0.3421,0.2106,-3.0996
541.50,0.5841,0.2153,3.1199,5.1877,1.6505,1.6393,0.2401,0.2108,3.0989
542.00,0.4541,0.2168,-3.1159,5.1781,1.7877,1.6731,0.0945,0.2174,3.1371
542.50,0.3243,0.2120,-3.1023,5.1613,1.9223,1.6932,-0.0229,0.2151,-3.1268
543.00,0.1944,0.2059,-3.1043,5.1449,2.0509,1.6934,-0.1596,0.2102,-3.1222
543.50,0.0644,0.2078,3.1187,5.1321,2.1867,1.6304,-0.2971,0.2126,3.0965
544.00,-0.0656,0.2084,-3.1111,5.1228,2.3227,1.6734,-0.4374,0.2185,-3.1402
544.50,-0.1955,0.2047,-3.1293,5.1083,2.4540,1.6618,-0.5482,0.2170,3.1314
545.00,-0.3254,0.2005,-3.0866,5.0955,2.5844,1.6965,-0.6892,0.2189,-3.1136
545.50,-0.4553,0.1944,-3.1297,5.0787,2.7201,1.6635,-0.8123,0.2120,3.1366
546.00,-0.5853,0.1950,-3.1370,5.0699,2.8543,1.6396,-0.9393,0.2145,3.1155
546.50,-0.7152,0.1930,3.1391,5.0586,2.9879,1.6428,-1.0845,0.2155,3.1176
547.00,-0.8449,0.1989,2.9875,5.0561,3.1143,1.5026,-1.2047,0.2250,2.9818
547.50,-0.9712,0.2159,2.8422,5.0759,3.2386,1.3442,-1.3250,0.2502,2.8280
548.00,-1.0727,0.2469,2.8364,5.1034,3.3474,1.3258,-1.4294,0.2773,2.8108
548.50,-1.1605,0.2690,3.0002,5.1189,3.4290,1.4736,-1.5091,0.2967,2.9586
549.00,-1.2839,0.2815,-3.0538,5.1150,3.5497,1.7105,-1.6354,0.3031,-3.0865
549.50,-1.4130,0.2727,-3.0155,5.0909,3.6831,1.7628,-1.7571,0.3004,-3.0348
550.00,-1.5425,0.2625,-3.1162,5.0710,3.8163,1.6646,-1.8819,0.2993,-3.1345
550.50,-1.6724,0.2614,3.0839,5.0642,3.9500,1.5767,-2.0173,0.3042,3.0655
551.00,-1.8021,0.2687,3.0768,5.0661,4.0836,1.5568,-2.1474,0.3151,3.0491
551.50,-1.9320,0.2709,-3.0952,5.0606,4.2202,1.6696,-2.2756,0.3172,-3.1189
552.00,-2.0618,0.2638,-3.0848,5.0462,4.3543,1.6822,-2.4111,0.3130,-3.1098
552.50,-2.1917,0.2598,-3.1250,5.0327,4.4858,1.6478,-2.5325,0.3103,-3.1412
553.00,-2.3216,0.2640,3.1066,5.0275,4.6186,1.5851,-2.6523,0.3156,3.0805
553.50,-2.4516,0.2635,-3.1099,5.0214,4.7525,1.6526,-2.7859,0.3197,-3.1317
554.00,-2.5816,0.2616,-3.1280,5.0121,4.8855,1.6294,-2.9156,0.3198,3.1236
554.50,-2.7114,0.2542,-3.0667,5.0002,5.0139,1.6934,-3.0418,0.3179,-3.0897
555.00,-2.8412,0.2493,-3.1239,4.9868,5.1484,1.6356,-3.1822,0.3142,3.1357
555.50,-2.9711,0.2444,-3.1012,4.9771,5.2796,1.6577,-3.3083,0.3142,-3.1220
556.00,-3.1011,0.2440,3.1350,4.9692,5.4111,1.6062,-3.4350,0.3151,3.1097
556.50,-3.2311,0.2401,-3.1043,4.9616,5.5416,1.6510,-3.5602,0.3165,-3.1286
557.00,-3.3610,0.2402,3.1286,4.9544,5.6672,1.5972,-3.6882,0.3176,3.1019
557.50,-3.4910,0.2376,-3.1000,4.9483,5.8024,1.6479,-3.8187,0.3208,-3.1265
558.00,-3.6209,0.2355,-3.1404,4.9400,5.9314,1.6076,-3.9551,0.3202,3.1164
558.50,-3.7509,0.2319,-3.0802,4.9329,6.0674,1.6611,-4.0911,0.3200,-3.1075
559.00,-3.8807,0.2252,-3.1136,4.9210,6.1988,1.6344,-4.2201,0.3156,-3.1342
559.50,-4.0106,0.2200,-3.0986,4.9127,6.3305,1.6445,-4.3375,0.3149,-3.1223
560.00,-4.1405,0.2197,3.1207,4.9060,6.4653,1.5808,-4.4693,0.3153,3.0970
560.50,-4.2705,0.2215,-3.1158,4.9047,6.5995,1.6126,-4.6010,0.3217,3.1346
561.00,-4.4003,0.2156,-3.0903,4.8951,6.7325,1.6458,-4.7388,0.3151,-3.1154
561.50,-4.5301,0.2075,-3.0850,4.8846,6.8679,1.6505,-4.8632,0.3130,-3.1072
562.00,-4.6601,0.2058,3.1268,4.8776,7.0072,1.5807,-5.0048,0.3126,3.1073
562.50,-4.7900,0.2077,-3.1287,4.8775,7.1350,1.5940,-5.1224,0.3182,3.1212
563.00,-4.9200,0.2042,-3.1249,4.8719,7.2639,1.6068,-5.2529,0.3149,3.1364
563.50,-5.0499,0.2011,-3.0927,4.8671,7.4016,1.6297,-5.3855,0.3159,-3.1251
564.00,-5.1798,0.1950,-3.1264,4.8591,7.5299,1.6067,-5.5177,0.3100,3.1386
564.50,-5.2862,0.1967,2.9830,4.8621,7.6459,1.4391,-5.6307,0.3176,2.9721
565.00,-5.3702,0.2063,2.7081,4.8837,7.7238,1.1622,-5.7131,0.3427,2.7010
565.50,-5.4773,0.2580,2.5199,4.9412,7.8235,0.9597,-5.8157,0.3806,2.5032
566.00,-5.5804,0.3359,2.4743,5.0222,7.9308,0.9016,-5.9222,0.4593,2.4474
566.50,-5.6644,0.4005,2.5072,5.0970,8.0274,0.9311,-6.0151,0.5319,2.4769
567.00,-5.7001,0.4267,2.5420,5.1297,8.0722,0.9643,-6.0405,0.5561,2.5136
567.50,-5.7169,0.4348,2.6188,5.1387,8.0863,1.0306,-6.0544,0.5655,2.5800
568.00,-5.7889,0.4577,2.7597,5.1706,8.1515,1.1752,-6.1212,0.5991,2.7280
568.50,-5.9080,0.4971,2.8093,5.2142,8.2661,1.2295,-6.2294,0.6317,2.7812
569.00,-6.0317,0.5349,2.8668,5.2553,8.3879,1.2781,-6.3672,0.6717,2.8321
569.50,-6.1589,0.5640,3.0241,5.2844,8.5162,1.4313,-6.4864,0.7030,2.9864
570.00,-6.2886,0.5830,3.1261,5.2949,8.6457,1.5382,-6.6194,0.7222,3.0934
570.50,-6.4042,0.5875,-3.1021,5.2956,8.7738,1.5927,-6.7330,0.7251,-3.1330
571.00,-6.4607,0.5847,-3.0519,5.2927,8.8386,1.6426,-6.7990,0.7285,-3.0809
571.50,-6.4659,0.5778,-3.0027,5.2916,8.8515,1.6908,-6.8119,0.7318,-3.0337
572.00,-6.4659,0.5713,-2.9547,5.2907,8.8584,1.7373,-6.8188,0.7310,-2.9872
572.50,-6.4659,0.5652,-2.9083,5.2894,8.8651,1.7821,-6.8025,0.7173,-2.9389
573.00,-6.4660,0.5596,-2.8634,5.2880,8.8710,1.8252,-6.8084,0.7159,-2.8959
573.50,-6.4660,0.5544,-2.8197,5.2865,8.8766,1.8675,-6.8141,0.7144,-2.8535
574.00,-6.4660,0.5498,-2.7774,5.2847,8.8822,1.9081,-6.8196,0.7127,-2.8130
574.50,-6.4661,0.5456,-2.7362,5.2829,8.8870,1.9475,-6.8245,0.7109,-2.7735
575.00,-6.4661,0.5420,-2.6961,5.2816,8.8902,1.9866,-6.8276,0.7096,-2.7345
575.50,-6.4662,0.5388,-2.6571,5.2807,8.8922,2.0243,-6.8296,0.7087,-2.6968
576.00,-6.4662,0.5361,-2.6192,5.2793,8.8948,2.0614,-6.8323,0.7074,-2.6597
576.50,-6.4663,0.5338,-2.5822,5.2780,8.8972,2.0973,-6.8347,0.7061,-2.6238
577.00,-6.4663,0.5321,-2.5462,5.2769,8.8990,2.1317,-6.8366,0.7050,-2.5894
577.50,-6.4664,0.5307,-2.5112,5.2764,8.8998,2.1654,-6.8373,0.7045,-2.5556
578.00,-6.4664,0.5298,-2.4770,5.2757,8.9008,2.1982,-6.8221,0.6899,-2.5138
578.50,-6.4665,0.5294,-2.4437,5.2754,8.9011,2.2302,-6.8092,0.6785,-2.4746
579.00,-6.4665,0.5294,-2.4112,5.2753,8.9013,2.2612,-6.8093,0.6783,-2.4436
579.50,-6.4662,0.5294,-2.3780,5.2756,8.9010,2.2932,-6.8091,0.6786,-2.4116
580.00,-6.4662,0.5295,-2.3438,5.2756,8.9010,2.3255,-6.8090,0.6786,-2.3793
580.50,-6.4662,0.5299,-2.3104,5.2758,8.9008,2.3585,-6.8089,0.6788,-2.3463
581.00,-6.4663,0.5301,-2.2778,5.2760,8.9005,2.3892,-6.8086,0.6790,-2.3155
581.50,-6.4659,0.5301,-2.2448,5.2763,8.9003,2.4204,-6.8084,0.6793,-2.2844
582.00,-6.4652,0.5302,-2.2109,5.2766,8.9001,2.4531,-6.8081,0.6796,-2.2517
582.50,-6.4640,0.5302,-2.1760,5.2781,8.8989,2.4867,-6.8069,0.6811,-2.2181
583.00,-6.4623,0.5303,-2.1403,5.2796,8.8977,2.5205,-6.8058,0.6827,-2.1843
583.50,-6.4602,0.5303,-2.1036,5.2817,8.8963,2.5557,-6.8044,0.6847,-2.1490
584.00,-6.4576,0.5304,-2.0660,5.2836,8.8951,2.5915,-6.8032,0.6866,-2.1133
584.50,-6.4546,0.5304,-2.0273,5.2857,8.8938,2.6285,-6.8019,0.6888,-2.0763
585.00,-6.4510,0.5305,-1.9875,5.2892,8.8920,2.6665,-6.8001,0.6922,-2.0383
585.50,-6.4470,0.5305,-1.9467,5.2930,8.8901,2.7058,-6.7983,0.6961,-1.9990
586.00,-6.4425,0.5306,-1.9046,5.2988,8.8875,2.7462,-6.7958,0.7019,-1.9586
586.50,-6.4376,0.5306,-1.8614,5.3030,8.8859,2.7874,-6.7941,0.7061,-1.9174
587.00,-6.4321,0.5306,-1.8168,5.3076,8.8843,2.8304,-6.7926,0.7108,-1.8744
587.50,-6.4261,0.5307,-1.7708,5.3128,8.8827,2.8745,-6.7911,0.7159,-1.8303
588.00,-6.4197,0.5304,-1.7227,5.3198,8.8810,2.9200,-6.7894,0.7230,-1.7847
588.50,-6.4114,0.4949,-1.6262,5.2893,8.8859,3.0175,-6.7664,0.6472,-1.6559
589.00,-6.4104,0.3966,-1.5909,5.1981,8.8954,3.0549,-6.7581,0.5557,-1.6196
589.50,-6.4153,0.2666,-1.6176,5.0692,8.9073,3.0300,-6.7651,0.4264,-1.6457
590.00,-6.4178,0.1367,-1.5884,4.9405,8.9206,3.0542,-6.7738,0.2940,-1.6157
590.50,-6.4163,0.0067,-1.5710,4.8071,8.9307,3.0715,-6.7745,0.1603,-1.5984
591.00,-6.4113,-0.1232,-1.5217,4.6757,8.9367,3.1224,-6.7768,0.0337,-1.5463
591.50,-6.4075,-0.2531,-1.5356,4.5418,8.9411,3.1022,-6.7735,-0.1019,-1.5677
592.00,-6.3977,-0.3828,-1.4918,4.4097,8.9426,-3.1350,-6.7686,-0.2290,-1.5188
592.50,-6.3873,-0.5124,-1.4711,4.2769,8.9420,-3.1221,-6.7555,-0.3628,-1.5013
593.00,-6.3684,-0.6412,-1.3975,4.1414,8.9346,-3.0491,-6.7440,-0.4933,-1.4264
593.50,-6.3402,-0.7684,-1.3243,4.0129,8.9182,-2.9766,-6.7128,-0.6165,-1.3540
594.00,-6.3055,-0.8940,-1.3068,3.8796,8.8941,-2.9542,-6.6903,-0.7463,-1.3323
594.50,-6.2768,-1.0206,-1.3967,3.7520,8.8738,-3.0373,-6.6624,-0.8681,-1.4146
595.00,-6.2571,-1.1496,-1.5339,3.6215,8.8680,3.1081,-6.6487,-0.9980,-1.5508
595.50,-6.2496,-1.2796,-1.6150,3.4948,8.8783,3.0215,-6.6387,-1.1292,-1.6345
596.00,-6.2531,-1.4085,-1.7957,3.3652,8.9040,2.8439,-6.6495,-1.2599,-1.8103
596.50,-6.2736,-1.5326,-1.9460,3.2455,8.9514,2.6870,-6.6805,-1.3820,-1.9602
597.00,-6.3169,-1.6500,-2.0849,3.1379,9.0133,2.5447,-6.7154,-1.4960,-2.1015
597.50,-6.3818,-1.7603,-2.1522,3.0364,9.0898,2.4637,-6.7838,-1.6085,-2.1783
598.00,-6.4509,-1.8698,-2.1289,2.9294,9.1743,2.4853,-6.8546,-1.7211,-2.1559
598.50,-6.5170,-1.9810,-2.0979,2.8304,9.2489,2.5142,-6.9140,-1.8193,-2.1242
599.00,-6.5835,-2.0930,-2.1090,2.7252,9.3260,2.5035,-6.9829,-1.9399,-2.1367
599.50,-6.6539,-2.2031,-2.1692,2.6191,9.4079,2.4472,-7.0628,-2.0517,-2.1913
600.00,-6.7302,-2.3091,-2.1989,2.5189,9.4951,2.4112,-7.1375,-2.1525,-2.2237
600.50,-6.7940,-2.3941,-2.2285,2.4326,9.5742,2.3822,-7.2096,-2.2448,-2.2528
601.00,-6.8218,-2.4286,-2.2620,2.3981,9.6079,2.3467,-7.2362,-2.2719,-2.2883
601.50,-6.8228,-2.4297,-2.2946,2.3962,9.6098,2.3120,-7.2379,-2.2740,-2.3229
602.00,-6.8227,-2.4300,-2.3276,2.3959,9.6101,2.2774,-7.2382,-2.2743,-2.3576
602.50,-6.8227,-2.4303,-2.3616,2.3957,9.6102,2.2418,-7.2383,-2.2745,-2.3932
603.00,-6.8229,-2.4303,-2.3953,2.3957,9.6103,2.2067,-7.2384,-2.2745,-2.4283
603.50,-6.8230,-2.4304,-2.4280,2.3954,9.6106,2.1728,-7.2387,-2.2748,-2.4622
604.00,-6.8230,-2.4301,-2.4608,2.3956,9.6103,2.1386,-7.2384,-2.2746,-2.4964
604.50,-6.8229,-2.4295,-2.4946,2.3959,9.6098,2.1040,-7.2379,-2.2743,-2.5309
605.00,-6.8229,-2.4284,-2.5292,2.3963,9.6091,2.0670,-7.2373,-2.2738,-2.5680
605.50,-6.8228,-2.4268,-2.5648,2.3970,9.6077,2.0295,-7.2359,-2.2730,-2.6055
606.00,-6.8227,-2.4248,-2.6012,2.3983,9.6050,1.9913,-7.2333,-2.2715,-2.6437
606.50,-6.8227,-2.4223,-2.6387,2.3992,9.6028,1.9520,-7.2312,-2.2704,-2.6830
607.00,-6.8227,-2.4193,-2.6772,2.4004,9.5995,1.9118,-7.2280,-2.2689,-2.7232
607.50,-6.8226,-2.4159,-2.7167,2.4014,9.5965,1.8700,-7.2251,-2.2677,-2.7650
608.00,-6.8226,-2.4120,-2.7574,2.4027,9.5920,1.8277,-7.2207,-2.2661,-2.8073
608.50,-6.8225,-2.4076,-2.7991,2.4041,9.5865,1.7846,-7.2153,-2.2643,-2.8504
609.00,-6.8225,-2.4027,-2.8422,2.4050,9.5817,1.7401,-7.2106,-2.2630,-2.8949
609.50,-6.8225,-2.3973,-2.8865,2.4058,9.5761,1.6943,-7.2051,-2.2618,-2.9407
610.00,-6.8224,-2.3915,-2.9322,2.4064,9.5702,1.6467,-7.1992,-2.2607,-2.9882
610.50,-6.8224,-2.3851,-2.9793,2.4068,9.5626,1.5984,-7.1917,-2.2597,-3.0366
611.00,-6.8224,-2.3783,-3.0281,2.4068,9.5548,1.5482,-7.2306,-2.2317,-3.0519
611.50,-6.8224,-2.3710,-3.0787,2.4065,9.5485,1.4964,-7.2243,-2.2313,-3.1037
612.00,-6.8224,-2.3632,-3.1312,2.4058,9.5407,1.4423,-7.2165,-2.2312,3.1255
612.50,-6.8224,-2.3553,3.0988,2.4060,9.5417,1.3872,-7.2175,-2.2311,3.0703
613.00,-6.8224,-2.3478,3.0475,2.4078,9.5501,1.3342,-7.2260,-2.2303,3.0173
613.50,-6.8224,-2.3408,2.9980,2.4093,9.5558,1.2831,-7.2319,-2.2294,2.9662
614.00,-6.8224,-2.3342,2.9503,2.4112,9.5617,1.2336,-7.2380,-2.2281,2.9167
614.50,-6.8224,-2.3282,2.9040,2.4135,9.5679,1.1858,-7.2444,-2.2265,2.8689
615.00,-6.8225,-2.3226,2.8592,2.4159,9.5734,1.1386,-7.2502,-2.2248,2.8217
615.50,-6.8225,-2.3175,2.8157,2.4185,9.5787,1.0938,-7.2557,-2.2228,2.7770
616.00,-6.8225,-2.3129,2.7734,2.4207,9.5828,1.0500,-7.2600,-2.2211,2.7331
616.50,-6.8226,-2.3088,2.7323,2.4229,9.5865,1.0070,-7.2639,-2.2193,2.6901
617.00,-6.8226,-2.3052,2.6924,2.4253,9.5900,0.9656,-7.2677,-2.2174,2.6487
617.50,-6.8227,-2.3021,2.6535,2.4266,9.5919,0.9253,-7.2697,-2.2162,2.6084
618.00,-6.8227,-2.2994,2.6156,2.4285,9.5943,0.8855,-7.2723,-2.2146,2.5686
618.50,-6.8228,-2.2972,2.5788,2.4301,9.5962,0.8466,-7.2744,-2.2132,2.5297
619.00,-6.8228,-2.2955,2.5429,2.4313,9.5975,0.8098,-7.2759,-2.2122,2.4929
619.50,-6.8229,-2.2942,2.5079,2.4326,9.5988,0.7725,-7.2773,-2.2110,2.4557
620.00,-6.8229,-2.2933,2.4738,2.4337,9.5999,0.7367,-7.2785,-2.2100,2.4198
620.50,-6.8228,-2.2931,2.4425,2.4339,9.6001,0.7014,-7.2787,-2.2099,2.3845
621.00,-6.7998,-2.3125,2.4418,2.4130,9.5824,0.6975,-7.2588,-2.2287,2.3806
621.50,-6.7692,-2.3382,2.4418,2.3795,9.5544,0.6956,-7.2272,-2.2589,2.3788
622.00,-6.7386,-2.3640,2.4418,2.3483,9.5284,0.6935,-7.1740,-2.2443,2.3971
622.50,-6.7080,-2.3898,2.4418,2.3200,9.5050,0.6916,-7.1251,-2.2355,2.4114
623.00,-6.6774,-2.4155,2.4418,2.2887,9.4791,0.6899,-7.0945,-2.2675,2.4132
623.50,-6.6468,-2.4413,2.4418,2.2599,9.4554,0.6882,-7.0668,-2.2924,2.4115
624.00,-6.6181,-2.4654,2.4399,2.2275,9.4288,0.6864,-7.0350,-2.3197,2.4135
624.50,-6.6150,-2.4682,2.4081,2.2224,9.4246,0.6540,-7.0296,-2.3236,2.3842
625.00,-6.6154,-2.4683,2.3749,2.2226,9.4248,0.6193,-7.0298,-2.3234,2.3495
625.50,-6.6155,-2.4683,2.3407,2.2230,9.4250,0.5832,-7.0301,-2.3231,2.3135
626.00,-6.6156,-2.4680,2.3073,2.2232,9.4252,0.5481,-7.0303,-2.3228,2.2783
626.50,-6.6156,-2.4680,2.2748,2.2232,9.4252,0.5138,-7.0303,-2.3229,2.2440
627.00,-6.6153,-2.4680,2.2417,2.2226,9.4248,0.4788,-7.0298,-2.3234,2.2090
627.50,-6.6145,-2.4681,2.2077,2.2218,9.4244,0.4434,-7.0293,-2.3241,2.1736
628.00,-6.6132,-2.4681,2.1728,2.2203,9.4238,0.4064,-7.0284,-2.3255,2.1367
628.50,-6.6115,-2.4682,2.1369,2.2187,9.4231,0.3691,-7.0275,-2.3270,2.0994
629.00,-6.6094,-2.4682,2.1002,2.2171,9.4225,0.3305,-7.0267,-2.3285,2.0608
629.50,-6.6067,-2.4683,2.0624,2.2150,9.4218,0.2916,-7.0257,-2.3305,2.0219
630.00,-6.6036,-2.4683,2.0236,2.2124,9.4211,0.2514,-7.0246,-2.3329,1.9817
630.50,-6.6032,-2.4683,2.0241,2.2109,9.4208,0.2434,-7.0240,-2.3343,1.9737
631.00,-6.6063,-2.4683,2.0629,2.2130,9.4213,0.2810,-7.0249,-2.3323,2.0112
631.50,-6.6089,-2.4682,2.1006,2.2157,9.4221,0.3169,-7.0261,-2.3298,2.0472
632.00,-6.6111,-2.4682,2.1374,2.2184,9.4231,0.3518,-7.0274,-2.3273,2.0820
632.50,-6.6128,-2.4681,2.1732,2.2205,9.4239,0.3857,-7.0286,-2.3253,2.1160
633.00,-6.6140,-2.4681,2.2081,2.2215,9.4243,0.4193,-7.0291,-2.3244,2.1495
633.50,-6.6148,-2.4680,2.2421,2.2221,9.4246,0.4514,-7.0295,-2.3239,2.1816
634.00,-6.6152,-2.4680,2.2752,2.2221,9.4246,0.4830,-7.0295,-2.3239,2.2133
634.50,-6.6151,-2.4680,2.3077,2.2221,9.4246,0.5143,-7.0295,-2.3239,2.2445
635.00,-6.6151,-2.4683,2.3411,2.2217,9.4243,0.5461,-7.0292,-2.3242,2.2763
635.50,-6.6149,-2.4683,2.3753,2.2214,9.4242,0.5785,-7.0290,-2.3244,2.3087
636.00,-6.6145,-2.4682,2.4086,2.2206,9.4236,0.6099,-7.0283,-2.3252,2.3401
636.50,-6.6144,-2.4682,2.4411,2.2205,9.4235,0.6404,-7.0282,-2.3253,2.3706
637.00,-6.6144,-2.4686,2.4743,2.2203,9.4233,0.6721,-7.0280,-2.3255,2.4023
637.50,-6.6143,-2.4695,2.5084,2.2196,9.4228,0.7045,-7.0274,-2.3260,2.4347
638.00,-6.6143,-2.4707,2.5434,2.2182,9.4216,0.7377,-7.0259,-2.3272,2.4679
638.50,-6.6142,-2.4725,2.5793,2.2171,9.4205,0.7718,-7.0247,-2.3282,2.5020
639.00,-6.6142,-2.4747,2.6162,2.2157,9.4191,0.8065,-7.0231,-2.3293,2.5368
639.50,-6.6141,-2.4774,2.6540,2.2130,9.4163,0.8426,-7.0198,-2.3315,2.5728
640.00,-6.6141,-2.4805,2.6929,2.2111,9.4140,0.8802,-7.0173,-2.3331,2.6104
640.50,-6.6140,-2.4841,2.7329,2.2085,9.4107,0.9185,-7.0294,-2.3345,2.7028
641.00,-6.6140,-2.4883,2.7740,2.2064,9.4078,0.9586,-7.0261,-2.3360,2.7429
641.50,-6.6139,-2.4928,2.8163,2.2038,9.4039,0.9992,-7.0218,-2.3377,2.7835
642.00,-6.6139,-2.4979,2.8598,2.2008,9.3992,1.0415,-7.0165,-2.3395,2.8258
642.50,-6.6139,-2.5035,2.9046,2.1984,9.3948,1.0840,-7.0117,-2.3410,2.8683
643.00,-6.6139,-2.5096,2.9509,2.1956,9.3892,1.1286,-7.0057,-2.3425,2.9129
643.50,-6.6138,-2.5161,2.9987,2.1927,9.3827,1.1744,-6.9987,-2.3440,2.9587
644.00,-6.6138,-2.5230,3.0473,2.1896,9.3749,1.2222,-6.9904,-2.3453,3.0066
644.50,-6.6138,-2.5258,3.0831,2.1885,9.3717,1.2551,-7.0268,-2.3736,3.0499
645.00,-6.6138,-2.5335,3.1358,2.1861,9.3636,1.3054,-7.0183,-2.3742,3.1002
645.50,-6.6138,-2.5414,-3.0943,2.1873,9.3684,1.3573,-7.0233,-2.3741,-3.1311
646.00,-6.6138,-2.5489,-3.0432,2.1890,9.3776,1.4071,-7.0327,-2.3745,-3.0813
646.50,-6.6138,-2.5558,-2.9939,2.1901,9.3852,1.4549,-7.0403,-2.3751,-3.0335
647.00,-6.6139,-2.5623,-2.9462,2.1907,9.3921,1.5013,-7.0472,-2.3761,-2.9871
647.50,-6.6139,-2.5684,-2.9001,2.1910,9.3977,1.5464,-7.0527,-2.3770,-2.9420
648.00,-6.6139,-2.5739,-2.8554,2.1910,9.4026,1.5898,-7.0574,-2.3781,-2.8986
648.50,-6.6139,-2.5789,-2.8120,2.1908,9.4086,1.6315,-7.0633,-2.3797,-2.8569
649.00,-6.6140,-2.5835,-2.7698,2.1902,9.4149,1.6724,-7.0692,-2.3815,-2.8160
649.50,-6.6140,-2.5875,-2.7288,2.1897,9.4189,1.7122,-7.0731,-2.3829,-2.7762
650.00,-6.6141,-2.5911,-2.6890,2.1893,9.4217,1.7501,-7.0370,-2.4408,-2.7208
650.50,-6.6397,-2.6018,-2.5986,2.1842,9.4440,1.8367,-7.0574,-2.4511,-2.6342
651.00,-6.7162,-2.6495,-2.5009,2.1579,9.5250,1.9300,-7.1275,-2.4958,-2.5400
651.50,-6.8132,-2.7334,-2.3416,2.1025,9.6444,2.0864,-7.2384,-2.5779,-2.3793
652.00,-6.8982,-2.8311,-2.2445,2.0281,9.7591,2.1920,-7.3177,-2.6683,-2.2754
652.50,-6.9795,-2.9326,-2.2695,1.9536,9.8627,2.1757,-7.4002,-2.7656,-2.2900
653.00,-7.0663,-3.0296,-2.3214,1.8842,9.9713,2.1142,-7.4906,-2.8595,-2.3532
653.50,-7.1537,-3.1256,-2.2886,1.8155,10.0823,2.1435,-7.5819,-2.9528,-2.3170
654.00,-7.2379,-3.2246,-2.2706,1.7401,10.1963,2.1634,-7.6781,-3.0591,-2.2971
654.50,-7.3230,-3.3229,-2.2958,1.6669,10.3081,2.1354,-7.7581,-3.1478,-2.3251
655.00,-7.4091,-3.4203,-2.2884,1.5984,10.4163,2.1380,-7.8460,-3.2310,-2.3190
655.50,-7.4913,-3.5205,-2.2370,1.5229,10.5287,2.1890,-7.9301,-3.3425,-2.2680
656.00,-7.5728,-3.6220,-2.2687,1.4426,10.6429,2.1622,-8.0159,-3.4490,-2.2948
656.50,-7.6584,-3.7200,-2.3009,1.3726,10.7526,2.1232,-8.1046,-3.5399,-2.3303
657.00,-7.7457,-3.8165,-2.3173,1.3051,10.8632,2.1080,-8.1944,-3.6377,-2.3420
657.50,-7.8343,-3.9115,-2.3123,1.2380,10.9779,2.1046,-8.2879,-3.7221,-2.3450
658.00,-7.9200,-4.0091,-2.2658,1.1667,11.0931,2.1482,-8.3806,-3.8209,-2.2983
658.50,-7.9991,-4.1117,-2.1819,1.0900,11.2030,2.2240,-8.4628,-3.9237,-2.2242
659.00,-8.0698,-4.2232,-2.0301,0.9991,11.3059,2.3721,-8.5381,-4.0283,-2.0726
659.50,-8.1298,-4.3435,-1.8987,0.8944,11.3934,2.5094,-8.5946,-4.1525,-1.9338
660.00,-8.1740,-4.4678,-1.8330,0.7920,11.4634,2.5740,-8.6451,-4.2597,-1.8673
660.50,-8.2080,-4.5940,-1.8072,0.6749,11.5348,2.6051,-8.6882,-4.4016,-1.8327
661.00,-8.2381,-4.7203,-1.8005,0.5649,11.6011,2.6059,-8.7170,-4.5154,-1.8284
661.50,-8.2711,-4.8464,-1.8400,0.4563,11.6675,2.5665,-8.7511,-4.6480,-1.8643
662.00,-8.3023,-4.9723,-1.7841,0.3438,11.7387,2.6104,-8.7980,-4.7660,-1.8204
662.50,-8.3249,-5.1004,-1.5746,0.2254,11.7963,2.8072,-8.8105,-4.8956,-1.6201
663.00,-8.3372,-5.2293,-1.3486,0.0939,11.8262,3.0355,-8.8122,-5.0302,-1.3918
663.50,-8.3174,-5.3533,-1.1867,-0.0359,11.8290,-3.0852,-8.8039,-5.1555,-1.2293
664.00,-8.2727,-5.4687,-0.9999,-0.1580,11.8107,-2.8977,-8.7669,-5.2677,-1.0348
664.50,-8.2002,-5.5741,-0.9116,-0.2857,11.7711,-2.7997,-8.7024,-5.3787,-0.9384
665.00,-8.1192,-5.6761,-0.8820,-0.4093,11.7258,-2.7741,-8.6334,-5.4841,-0.9147
665.50,-8.0439,-5.7638,-0.8432,-0.5218,11.6799,-2.7359,-8.5519,-5.5788,-0.8730
666.00,-8.0059,-5.8053,-0.8100,-0.5795,11.6541,-2.7048,-8.5065,-5.6270,-0.8400
666.50,-8.0024,-5.8089,-0.7759,-0.5868,11.6507,-2.6724,-8.5013,-5.6331,-0.8061
667.00,-8.0028,-5.8090,-0.7423,-0.5864,11.6509,-2.6404,-8.5016,-5.6328,-0.7740
667.50,-8.0030,-5.8091,-0.7097,-0.5861,11.6511,-2.6092,-8.5019,-5.6326,-0.7429
668.00,-8.0030,-5.8088,-0.6768,-0.5860,11.6512,-2.5778,-8.5021,-5.6325,-0.7115
668.50,-8.0031,-5.8080,-0.6429,-0.5853,11.6517,-2.5456,-8.5027,-5.6319,-0.6793
669.00,-8.0032,-5.8069,-0.6082,-0.5846,11.6522,-2.5123,-8.5033,-5.6315,-0.6460
669.50,-8.0032,-5.8053,-0.5725,-0.5839,11.6527,-2.4786,-8.5040,-5.6309,-0.6122
670.00,-8.0033,-5.8032,-0.5359,-0.5829,11.6535,-2.4436,-8.5051,-5.6302,-0.5772
670.50,-8.0033,-5.8006,-0.4983,-0.5808,11.6554,-2.4081,-8.5075,-5.6287,-0.5417
671.00,-8.0034,-5.7976,-0.4597,-0.5795,11.6566,-2.3711,-8.5090,-5.6278,-0.5048
671.50,-8.0034,-5.7941,-0.4201,-0.5777,11.6584,-2.3325,-8.5113,-5.6266,-0.4662
672.00,-8.0034,-5.7902,-0.3793,-0.5745,11.6618,-2.2934,-8.5156,-5.6246,-0.4270
672.50,-8.0035,-5.7857,-0.3374,-0.5716,11.6653,-2.2530,-8.5196,-5.6228,-0.3867
673.00,-8.0035,-5.7808,-0.2942,-0.5692,11.6684,-2.2115,-8.5233,-5.6214,-0.3452
673.50,-8.0035,-5.7753,-0.2497,-0.5654,11.6737,-2.1690,-8.5296,-5.6193,-0.3026
674.00,-8.0036,-5.7694,-0.2039,-0.5617,11.6794,-2.1248,-8.5361,-5.6174,-0.2585
674.50,-8.0036,-5.7630,-0.1565,-0.5586,11.6845,-2.0789,-8.5419,-5.6160,-0.2125
675.00,-8.0036,-5.7561,-0.1075,-0.5557,11.6901,-2.0313,-8.5480,-5.6148,-0.1650
675.50,-8.0036,-5.7487,-0.0567,-0.5523,11.6974,-1.9822,-8.5561,-5.6137,-0.1158
676.00,-8.0036,-5.7409,-0.0040,-0.5492,11.7049,-1.9316,-8.5641,-5.6129,-0.0653
676.50,-8.0036,-5.7330,0.0491,-0.5513,11.6988,-1.8802,-8.5576,-5.6132,-0.0139
677.00,-8.0036,-5.7256,0.1001,-0.5531,11.6928,-1.8302,-8.5514,-5.6131,0.0361
677.50,-8.0036,-5.7186,0.1494,-0.5546,11.6865,-1.7824,-8.5449,-5.6127,0.0839
678.00,-8.0036,-5.7121,0.1970,-0.5558,11.6802,-1.7358,-8.5385,-5.6120,0.1305
678.50,-8.0036,-5.7061,0.2430,-0.5566,11.6744,-1.6916,-8.5327,-5.6111,0.1747
679.00,-8.0035,-5.7006,0.2877,-0.5572,11.6687,-1.6487,-8.5271,-5.6100,0.2176
679.50,-8.0035,-5.6956,0.3311,-0.5575,11.6638,-1.6066,-8.5223,-5.6088,0.2597
680.00,-8.0034,-5.6911,0.3732,-0.5575,11.6590,-1.5661,-8.5178,-5.6075,0.3002
680.50,-8.0034,-5.6870,0.4141,-0.5574,11.6544,-1.5271,-8.5134,-5.6061,0.3393
681.00,-8.0034,-5.6835,0.4539,-0.5572,11.6509,-1.4886,-8.5101,-5.6049,0.3777
681.50,-8.0033,-5.6804,0.4927,-0.5569,11.6477,-1.4513,-8.5071,-5.6036,0.4151
682.00,-8.0033,-5.6778,0.5304,-0.5565,11.6448,-1.4146,-8.5045,-5.6024,0.4517
682.50,-8.0032,-5.6756,0.5672,-0.5561,11.6424,-1.3795,-8.5023,-5.6013,0.4868
683.00,-8.0032,-5.6740,0.6030,-0.5556,11.6399,-1.3452,-8.5000,-5.6001,0.5211
683.50,-8.0031,-5.6727,0.6378,-0.5552,11.6382,-1.3121,-8.4985,-5.5992,0.5542
684.00,-8.0031,-5.6719,0.6718,-0.5551,11.6378,-1.2794,-8.4982,-5.5990,0.5870
684.50,-8.0030,-5.6716,0.7049,-0.5549,11.6375,-1.2481,-8.4979,-5.5988,0.6182
685.00,-8.0030,-5.6716,0.7374,-0.5549,11.6375,-1.2175,-8.4979,-5.5988,0.6488
685.50,-8.0033,-5.6717,0.7702,-0.5551,11.6379,-1.1858,-8.4983,-5.5991,0.6806
686.00,-8.0033,-5.6717,0.7727,-0.5551,11.6379,-1.1829,-8.4983,-5.5991,0.6835
686.50,-8.0033,-5.6717,0.7727,-0.5551,11.6379,-1.1845,-8.4983,-5.5991,0.6819
687.00,-8.0033,-5.6717,0.7727,-0.5551,11.6379,-1.1858,-8.4983,-5.5991,0.6805
687.50,-8.0033,-5.6717,0.7727,-0.5551,11.6379,-1.1873,-8.4983,-5.5991,0.6790
688.00,-8.0033,-5.6718,0.7982,-0.5551,11.6379,-1.1658,-8.4983,-5.5991,0.7005
688.50,-8.0032,-5.6722,0.8317,-0.5553,11.6383,-1.1343,-8.4986,-5.5993,0.7320
689.00,-8.0032,-5.6723,0.8642,-0.5554,11.6386,-1.1032,-8.4989,-5.5996,0.7632
689.50,-8.0035,-5.6724,0.8973,-0.5556,11.6390,-1.0722,-8.4991,-5.5999,0.7941
690.00,-8.0043,-5.6724,0.9312,-0.5559,11.6395,-1.0403,-8.4996,-5.6003,0.8261
690.50,-8.0055,-5.6725,0.9660,-0.5566,11.6406,-1.0072,-8.5005,-5.6013,0.8592
691.00,-8.0072,-5.6725,1.0018,-0.5577,11.6424,-0.9731,-8.5018,-5.6029,0.8932
691.50,-8.0093,-5.6726,1.0385,-0.5590,11.6441,-0.9379,-8.5031,-5.6046,0.9284
692.00,-8.0119,-5.6726,1.0761,-0.5606,11.6462,-0.9018,-8.5046,-5.6067,0.9646
692.50,-8.0149,-5.6727,1.1148,-0.5626,11.6487,-0.8645,-8.5064,-5.6094,1.0018
693.00,-8.0185,-5.6727,1.1546,-0.5650,11.6513,-0.8267,-8.5083,-5.6124,1.0396
693.50,-8.0225,-5.6728,1.1955,-0.5682,11.6547,-0.7880,-8.5105,-5.6165,1.0784
694.00,-8.0270,-5.6728,1.2375,-0.5712,11.6576,-0.7479,-8.5124,-5.6202,1.1185
694.50,-8.0320,-5.6728,1.2808,-0.5741,11.6602,-0.7060,-8.5141,-5.6237,1.1603
695.00,-8.0375,-5.6729,1.3254,-0.5777,11.6631,-0.6631,-8.5158,-5.6280,1.2033
695.50,-8.0434,-5.6729,1.3714,-0.5822,11.6664,-0.6193,-8.5177,-5.6333,1.2470
696.00,-8.0499,-5.6729,1.4189,-0.5878,11.6703,-0.5735,-8.5197,-5.6397,1.2928
696.50,-8.0568,-5.6729,1.4681,-0.5932,11.6736,-0.5257,-8.5214,-5.6459,1.3407
697.00,-8.0643,-5.6729,1.5191,-0.5986,11.6766,-0.4764,-8.5226,-5.6519,1.3900
697.50,-8.0721,-5.6729,1.5720,-0.6057,11.6800,-0.4252,-8.5732,-5.5022,1.5423
698.00,-8.0800,-5.6729,1.6249,-0.5980,11.6768,-0.3737,-8.5731,-5.4938,1.5938
698.50,-8.0874,-5.6729,1.6757,-0.5901,11.6739,-0.3241,-8.5735,-5.4854,1.6435
699.00,-8.0943,-5.6729,1.7248,-0.5825,11.6715,-0.2766,-8.5743,-5.4774,1.6910
699.50,-8.1007,-5.6729,1.7723,-0.5758,11.6698,-0.2304,-8.5753,-5.4706,1.7371
700.00,-8.1067,-5.6729,1.8182,-0.5689,11.6683,-0.1860,-8.5766,-5.4636,1.7815
700.50,-8.1121,-5.6728,1.8627,-0.5643,11.6676,-0.1433,-8.5777,-5.4592,1.8242
701.00,-8.1200,-5.6558,1.9502,-0.5493,11.6660,-0.0637,-8.5820,-5.4447,1.9038
701.50,-8.1457,-5.5854,2.1277,-0.4734,11.6686,0.1165,-8.6525,-5.4054,2.0945
702.00,-8.2135,-5.4818,2.1841,-0.3457,11.6892,0.1827,-8.7122,-5.2963,2.1572
702.50,-8.2877,-5.3758,2.1764,-0.2122,11.7136,0.1772,-8.7868,-5.1930,2.1553
703.00,-8.3423,-5.2961,2.0636,-0.1131,11.7279,0.0738,-8.8295,-5.1078,2.0483
703.50,-8.3743,-5.2506,1.9325,-0.0522,11.7282,-0.0697,-8.8585,-5.0615,1.9118
704.00,-8.3766,-5.2479,1.8889,-0.0460,11.7278,-0.1165,-8.8650,-5.0556,1.8650
704.50,-8.3716,-5.2479,1.8452,-0.0494,11.7283,-0.1613,-8.8641,-5.0589,1.8202
705.00,-8.3659,-5.2479,1.8001,-0.0555,11.7295,-0.2080,-8.8627,-5.0650,1.7735
705.50,-8.3598,-5.2479,1.7536,-0.0615,11.7309,-0.2566,-8.8616,-5.0710,1.7249
706.00,-8.3531,-5.2438,1.6936,-0.0641,11.7316,-0.3131,-8.8613,-5.0737,1.6684
706.50,-8.3391,-5.1894,1.5236,-0.0167,11.7116,-0.4824,-8.8618,-5.0222,1.4991
707.00,-8.3190,-5.0756,1.4543,0.0785,11.6540,-0.5698,-8.8145,-4.8920,1.4260
707.50,-8.3089,-4.9461,1.5070,0.1944,11.5839,-0.5157,-8.7996,-4.7675,1.4833
708.00,-8.2958,-4.8165,1.4664,0.3117,11.5152,-0.5506,-8.7857,-4.6319,1.4458
708.50,-8.2739,-4.6883,1.3387,0.4181,11.4408,-0.6782,-8.7616,-4.5095,1.3207
709.00,-8.2426,-4.5631,1.2776,0.5225,11.3486,-0.7499,-8.7213,-4.3766,1.2528
709.50,-8.2029,-4.4393,1.2596,0.6132,11.2606,-0.7767,-8.6842,-4.2672,1.2240
710.00,-8.1657,-4.3149,1.2675,0.7106,11.1682,-0.7609,-8.6404,-4.1303,1.2450
710.50,-8.1212,-4.1923,1.2111,0.8006,11.0762,-0.8248,-8.5948,-4.0181,1.1829
711.00,-8.0708,-4.0713,1.1672,0.8872,10.9800,-0.8653,-8.5441,-3.8990,1.1441
711.50,-8.0129,-3.9533,1.1207,0.9700,10.8767,-0.9198,-8.4811,-3.7765,1.0931
712.00,-7.9549,-3.8365,1.1051,1.0494,10.7717,-0.9337,-8.4150,-3.6600,1.0845
712.50,-7.8900,-3.7218,1.0478,1.1276,10.6606,-0.9905,-8.3501,-3.5469,1.0224
713.00,-7.8210,-3.6104,1.0155,1.2015,10.5426,-1.0276,-8.2748,-3.4318,0.9905
713.50,-7.7517,-3.5002,1.0151,1.2697,10.4279,-1.0350,-8.2006,-3.3261,0.9849
714.00,-7.6858,-3.3888,1.0357,1.3432,10.3081,-1.0109,-8.1345,-3.2079,1.0107
714.50,-7.6177,-3.2777,1.0238,1.4101,10.1986,-1.0287,-8.0649,-3.1101,0.9929
715.00,-7.5531,-3.1656,1.0492,1.4786,10.0887,-1.0027,-7.9958,-3.0005,1.0225
715.50,-7.4870,-3.0532,1.0391,1.5493,9.9768,-1.0151,-7.9320,-2.8880,1.0117
716.00,-7.4236,-2.9403,1.0602,1.6209,9.8645,-0.9938,-7.8626,-2.7787,1.0331
716.50,-7.3577,-2.8275,1.0392,1.6917,9.7537,-1.0173,-7.7913,-2.6664,1.0096
717.00,-7.2917,-2.7153,1.0348,1.7634,9.6379,-1.0219,-7.7182,-2.5542,1.0108
717.50,-7.2216,-2.6047,1.0002,1.8281,9.5281,-1.0597,-7.6578,-2.4547,0.9742
718.00,-7.1507,-2.4955,0.9933,1.8937,9.4101,-1.0688,-7.5729,-2.3394,0.9651
718.50,-7.0785,-2.3869,0.9801,1.9554,9.2963,-1.0817,-7.5011,-2.2366,0.9556
719.00,-7.0045,-2.2795,0.9622,2.0163,9.1795,-1.1003,-7.4243,-2.1262,0.9359
719.50,-6.9287,-2.1735,0.9455,2.0737,9.0638,-1.1195,-7.3463,-2.0231,0.9202
720.00,-6.8538,-2.0676,0.9626,2.1323,8.9442,-1.1053,-7.2660,-1.9167,0.9343
720.50,-6.7797,-1.9608,0.9599,2.1911,8.8276,-1.1063,-7.1861,-1.8194,0.9328
721.00,-6.7012,-1.8563,0.9013,2.2494,8.7034,-1.1642,-7.1047,-1.7113,0.8772
721.50,-6.6164,-1.7573,0.8113,2.2976,8.5785,-1.2518,-7.0213,-1.6118,0.7919
722.00,-6.5230,-1.6664,0.7483,2.3347,8.4478,-1.3224,-6.9255,-1.5222,0.7237
722.50,-6.4269,-1.5789,0.7482,2.3659,8.3180,-1.3324,-6.8275,-1.4383,0.7148
723.00,-6.3391,-1.4894,0.8709,2.4012,8.1956,-1.2214,-6.7376,-1.3539,0.8305
723.50,-6.2811,-1.4169,1.0982,2.4432,8.1073,-1.0023,-6.6811,-1.2785,1.0531
724.00,-6.2331,-1.3281,1.3744,2.5104,8.0269,-0.7325,-6.6373,-1.1814,1.3229
724.50,-6.1949,-1.2148,1.6884,2.6078,7.9631,-0.4177,-6.6150,-1.0758,1.6402
725.00,-6.1984,-1.0883,1.8770,2.7313,7.9239,-0.2157,-6.6053,-0.9613,1.8408
725.50,-6.2310,-0.9674,2.0297,2.8620,7.9035,-0.0676,-6.6288,-0.8344,1.9892
726.00,-6.2877,-0.8553,2.1668,2.9920,7.9042,0.0736,-6.6619,-0.7199,2.1328
726.50,-6.3622,-0.7504,2.2368,3.1234,7.9187,0.1437,-6.7334,-0.6107,2.2028
727.00,-6.4449,-0.6501,2.2700,3.2519,7.9406,0.1826,-6.8104,-0.5151,2.2470
727.50,-6.5281,-0.5502,2.2684,3.3819,7.9636,0.1760,-6.8918,-0.4066,2.2386
728.00,-6.6130,-0.4517,2.3046,3.5126,7.9885,0.2079,-6.9720,-0.3078,2.2740
728.50,-6.7018,-0.3571,2.3312,3.6421,8.0184,0.2379,-7.0631,-0.2104,2.3066
729.00,-6.7909,-0.2622,2.3099,3.7737,8.0497,0.2193,-7.1499,-0.1143,2.2881
729.50,-6.8770,-0.1647,2.2867,3.9079,8.0769,0.1889,-7.2305,-0.0129,2.2599
730.00,-6.9623,-0.0666,2.2904,4.0380,8.1016,0.1888,-7.3187,0.0837,2.2619
730.50,-7.0496,0.0295,2.3254,4.1659,8.1282,0.2225,-7.3959,0.1832,2.2973
731.00,-7.1375,0.1218,2.3297,4.2930,8.1578,0.2300,-7.4832,0.2779,2.3066
731.50,-7.2050,0.1983,2.2362,4.3931,8.1781,0.1454,-7.5520,0.3556,2.2229
732.00,-7.2656,0.3002,2.0446,4.5126,8.1838,-0.0485,-7.6148,0.4575,2.0307
732.50,-7.3169,0.4189,1.9544,4.6433,8.1693,-0.1524,-7.6571,0.5789,1.9323
733.00,-7.3686,0.5386,2.0144,4.7638,8.1520,-0.1060,-7.6953,0.6924,1.9802
733.50,-7.4295,0.6470,2.1969,4.8938,8.1481,0.0714,-7.7761,0.8075,2.1576
734.00,-7.5115,0.7459,2.3443,5.0239,8.1677,0.2211,-7.8569,0.9112,2.3108
734.50,-7.6071,0.8332,2.4464,5.1503,8.2045,0.3290,-7.9314,1.0029,2.4187
735.00,-7.6981,0.9089,2.4291,5.2646,8.2443,0.3192,-8.0326,1.0826,2.4089
735.50,-7.7436,0.9492,2.3931,5.3310,8.2649,0.2790,-8.0831,1.1304,2.3722
736.00,-7.7491,0.9539,2.3593,5.3416,8.2679,0.2439,-8.0910,1.1381,2.3371
736.50,-7.7491,0.9541,2.3253,5.3417,8.2679,0.2081,-8.0910,1.1381,2.3013
737.00,-7.7492,0.9543,2.2924,5.3418,8.2680,0.1729,-8.0911,1.1382,2.2661
737.50,-7.7491,0.9542,2.2598,5.3416,8.2679,0.1388,-8.0910,1.1380,2.2320
738.00,-7.7485,0.9542,2.2262,5.3409,8.2679,0.1036,-8.0905,1.1375,2.1968
738.50,-7.7475,0.9541,2.1918,5.3402,8.2678,0.0677,-8.0902,1.1369,2.1609
739.00,-7.7460,0.9541,2.1565,5.3387,8.2678,0.0307,-8.0893,1.1356,2.1239
739.50,-7.7441,0.9540,2.1203,5.3373,8.2677,-0.0071,-8.0887,1.1345,2.0861
740.00,-7.7418,0.9540,2.0830,5.3355,8.2678,-0.0458,-8.0878,1.1329,2.0473
740.50,-7.7389,0.9539,2.0448,5.3328,8.2680,-0.0861,-8.0866,1.1305,2.0071
741.00,-7.7356,0.9539,2.0055,5.3298,8.2683,-0.1271,-8.0854,1.1276,1.9661
741.50,-7.7318,0.9538,1.9652,5.3255,8.2689,-0.1692,-8.0838,1.1236,1.9240
742.00,-7.7275,0.9538,1.9237,5.3219,8.2696,-0.2127,-8.0826,1.1202,1.8805
742.50,-7.7232,0.9547,1.8819,5.3182,8.2705,-0.2574,-8.0815,1.1165,1.8358
743.00,-7.7340,0.9950,1.8609,5.3553,8.2603,-0.2776,-8.0912,1.1537,1.8156
743.50,-7.7461,1.0960,1.7128,5.4505,8.2273,-0.4145,-8.0977,1.2589,1.6943
744.00,-7.7489,1.2257,1.5330,5.5616,8.1641,-0.6064,-8.0800,1.3915,1.5201
744.50,-7.7429,1.3545,1.3391,5.6623,8.0825,-0.7911,-8.0635,1.5200,1.3370
745.00,-7.7218,1.4758,1.1118,5.7378,7.9862,-1.0253,-8.0214,1.6450,1.1063
745.50,-7.6686,1.5778,0.9253,5.7898,7.8788,-1.2191,-7.9876,1.7458,0.9159
746.00,-7.6279,1.6265,0.8505,5.8106,7.8122,-1.3045,-7.9525,1.7991,0.8306
746.50,-7.6227,1.6327,0.8177,5.8142,7.7981,-1.3385,-7.9425,1.8097,0.7965
747.00,-7.6227,1.6330,0.7837,5.8144,7.7974,-1.3735,-7.9420,1.8102,0.7615
747.50,-7.6225,1.6331,0.7499,5.8145,7.7971,-1.4093,-7.9419,1.8104,0.7258
748.00,-7.6224,1.6332,0.7172,5.8146,7.7969,-1.4430,-7.9417,1.8106,0.6920
748.50,-7.6224,1.6330,0.6844,5.8146,7.7971,-1.4768,-7.9418,1.8105,0.6583
749.00,-7.6225,1.6324,0.6507,5.8145,7.7978,-1.5115,-7.9424,1.8101,0.6235
749.50,-7.6225,1.6313,0.6162,5.8145,7.7990,-1.5478,-7.9434,1.8094,0.5872
750.00,-7.6226,1.6298,0.5808,5.8145,7.8006,-1.5846,-7.9448,1.8086,0.5505
750.50,-7.6226,1.6279,0.5465,5.8146,7.8035,-1.6222,-7.9473,1.8071,0.5129
751.00,-7.6226,1.6292,0.5740,5.8145,7.8017,-1.6008,-7.9458,1.8080,0.5343
751.50,-7.6225,1.6308,0.6097,5.8145,7.8007,-1.5670,-7.9449,1.8085,0.5681
752.00,-7.6225,1.6320,0.6444,5.8145,7.7999,-1.5340,-7.9442,1.8089,0.6010
752.50,-7.6224,1.6327,0.6782,5.8145,7.7998,-1.5023,-7.9441,1.8090,0.6328
753.00,-7.6224,1.6330,0.7111,5.8146,7.7995,-1.4705,-7.9439,1.8092,0.6646
753.50,-7.6224,1.6329,0.7437,5.8145,7.7996,-1.4402,-7.9440,1.8091,0.6949
754.00,-7.6227,1.6328,0.7773,5.8146,7.7996,-1.4083,-7.9439,1.8092,0.7268
754.50,-7.6227,1.6326,0.8114,5.8145,7.7997,-1.3753,-7.9441,1.8090,0.7597
755.00,-7.6226,1.6323,0.8445,5.8144,7.8002,-1.3443,-7.9444,1.8087,0.7908
755.50,-7.6227,1.6322,0.8770,5.8144,7.8003,-1.3138,-7.9445,1.8086,0.8213
756.00,-7.6232,1.6321,0.9104,5.8142,7.8008,-1.2820,-7.9448,1.8082,0.8531
756.50,-7.6241,1.6321,0.9447,5.8140,7.8016,-1.2490,-7.9453,1.8076,0.8861
757.00,-7.6255,1.6320,0.9799,5.8137,7.8025,-1.2159,-7.9459,1.8069,0.9192
757.50,-7.6273,1.6320,1.0160,5.8132,7.8036,-1.1819,-7.9467,1.8058,0.9532
758.00,-7.6296,1.6319,1.0531,5.8126,7.8051,-1.1466,-7.9476,1.8045,0.9885
758.50,-7.6324,1.6319,1.0911,5.8111,7.8082,-1.1098,-7.9494,1.8016,1.0252
759.00,-7.6357,1.6318,1.1303,5.8094,7.8116,-1.0725,-7.9513,1.7984,1.0625
759.50,-7.6394,1.6318,1.1705,5.8080,7.8140,-1.0341,-7.9527,1.7959,1.1010
760.00,-7.6436,1.6317,1.2118,5.8058,7.8175,-0.9951,-7.9544,1.7922,1.1400
760.50,-7.6483,1.6317,1.2543,5.8032,7.8215,-0.9541,-7.9564,1.7878,1.1810
761.00,-7.6535,1.6317,1.2981,5.8003,7.8253,-0.9130,-7.9581,1.7833,1.2221
761.50,-7.6591,1.6316,1.3432,5.7960,7.8307,-0.8694,-7.9603,1.7768,1.2657
762.00,-7.6653,1.6316,1.3898,5.7929,7.8342,-0.8252,-7.9616,1.7723,1.3098
762.50,-7.6719,1.6316,1.4380,5.7885,7.8387,-0.7792,-7.9631,1.7662,1.3558
763.00,-7.6798,1.6415,1.5174,5.7925,7.8353,-0.7091,-7.9623,1.7714,1.4260
763.50,-7.6965,1.7082,1.7143,5.8479,7.7976,-0.5093,-7.9601,1.8384,1.6258
764.00,-7.7217,1.8274,1.7542,5.9526,7.7447,-0.4563,-8.0264,1.9954,1.7346
764.50,-7.7408,1.9230,1.6110,6.0481,7.6928,-0.5865,-8.0492,2.0977,1.6048
765.00,-7.7506,2.0370,1.3312,6.1325,7.6163,-0.8729,-8.0360,2.2067,1.3215
765.50,-7.7276,2.1545,1.2023,6.2070,7.5112,-1.0181,-8.0336,2.3185,1.1852
766.00,-7.6972,2.2337,1.2348,6.2531,7.4355,-1.0002,-7.9998,2.4005,1.2046
766.50,-7.6762,2.3072,1.4405,6.3005,7.3730,-0.8122,-7.9875,2.4756,1.3927
767.00,-7.6645,2.4154,1.7553,6.3819,7.3121,-0.4923,-7.9862,2.5772,1.7160
767.50,-7.6798,2.5373,1.8995,6.4974,7.2625,-0.3337,-7.9852,2.6996,1.8712
768.00,-7.7097,2.6259,1.8771,6.5923,7.2308,-0.3450,-8.0158,2.7949,1.8599
768.50,-7.7302,2.7066,1.6791,6.6677,7.1968,-0.5296,-8.0231,2.8758,1.6752
769.00,-7.7414,2.8269,1.3938,6.7559,7.1241,-0.8267,-8.0166,2.9900,1.3817
769.50,-7.7257,2.9442,1.2982,6.8350,7.0254,-0.9400,-8.0139,3.1123,1.2753
770.00,-7.7031,3.0338,1.3730,6.8934,6.9479,-0.8799,-7.9968,3.2055,1.3389
770.50,-7.6892,3.1339,1.6404,6.9656,6.8783,-0.6256,-7.9849,3.3051,1.5932
771.00,-7.6910,3.2607,1.8456,7.0791,6.8160,-0.4041,-7.9943,3.4232,1.8112
771.50,-7.7192,3.3651,1.8720,7.1862,6.7741,-0.3661,-8.0053,3.5338,1.8492
772.00,-7.7431,3.4484,1.7279,7.2675,6.7384,-0.4968,-8.0151,3.6204,1.7220
772.50,-7.7578,3.5598,1.5214,7.3594,6.6726,-0.7145,-8.0279,3.7234,1.5063
773.00,-7.7536,3.6895,1.5040,7.4501,6.5886,-0.7499,-8.0257,3.8465,1.4759
773.50,-7.7510,3.8194,1.6155,7.5484,6.5062,-0.6378,-8.0246,3.9802,1.5880
774.00,-7.7573,3.9492,1.6189,7.6550,6.4290,-0.6271,-8.0238,4.1162,1.5987
774.50,-7.7609,4.0791,1.6065,7.7613,6.3483,-0.6500,-8.0244,4.2397,1.5793
775.00,-7.7634,4.2091,1.5545,7.8635,6.2693,-0.6929,-8.0243,4.3689,1.5433
775.50,-7.7570,4.3389,1.5010,7.9574,6.1844,-0.7570,-8.0152,4.4950,1.4778
776.00,-7.7462,4.4685,1.4664,8.0520,6.0942,-0.7851,-8.0128,4.6351,1.4477
776.50,-7.7266,4.5968,1.3705,8.1428,5.9935,-0.8881,-7.9789,4.7586,1.3482
777.00,-7.7038,4.7246,1.4323,8.2268,5.8918,-0.8422,-7.9604,4.8875,1.3976
777.50,-7.6892,4.8541,1.6648,8.3213,5.8054,-0.6154,-7.9412,5.0152,1.6244
778.00,-7.6954,4.9823,1.7767,8.4273,5.7417,-0.4892,-7.9472,5.1379,1.7471
778.50,-7.7187,5.1099,1.7254,8.5405,5.6803,-0.5302,-7.9588,5.2649,1.7061
779.00,-7.7332,5.2392,1.6474,8.6495,5.6079,-0.6217,-7.9688,5.4053,1.6180
779.50,-7.7479,5.3683,1.7496,8.7571,5.5352,-0.5359,-7.9782,5.5348,1.7093
780.00,-7.7717,5.4938,1.9054,8.8772,5.4770,-0.3749,-8.0078,5.6549,1.8683
780.50,-7.8111,5.6088,1.9962,8.9911,5.4377,-0.2861,-8.0380,5.7685,1.9572
781.00,-7.8598,5.6913,2.1995,9.0902,5.4175,-0.0899,-8.0784,5.8686,2.1549
781.50,-7.9301,5.7705,2.4022,9.1901,5.4195,0.1172,-8.1480,5.9454,2.3605
782.00,-8.0312,5.8531,2.5279,9.3229,5.4435,0.2433,-8.2438,6.0344,2.4880
782.50,-8.1420,5.9265,2.6541,9.4501,5.4842,0.3710,-8.3561,6.1085,2.6162
783.00,-8.2578,5.9877,2.6671,9.5769,5.5365,0.3910,-8.4706,6.1747,2.6378
783.50,-8.3696,6.0459,2.6728,9.6940,5.5841,0.3896,-8.5708,6.2365,2.6398
784.00,-8.4773,6.0920,2.8058,9.8009,5.6339,0.5080,-8.6767,6.2884,2.7583
784.50,-8.6032,6.1290,2.9613,9.9110,5.7092,0.6740,-8.8046,6.3264,2.9207
785.00,-8.7313,6.1537,2.9483,10.0151,5.7949,0.6738,-8.9365,6.3541,2.9240
785.50,-8.8545,6.1837,2.8089,10.1220,5.8696,0.5324,-9.0518,6.3903,2.7827
786.00,-8.9308,6.2149,2.7572,10.2042,5.9147,0.4737,-9.1384,6.4266,2.7309
786.50,-8.9495,6.2262,2.7168,10.2276,5.9263,0.4313,-9.1567,6.4370,2.6865
787.00,-8.9496,6.2296,2.6773,10.2311,5.9279,0.3897,-9.1558,6.4384,2.6435
787.50,-8.9496,6.2326,2.6388,10.2338,5.9290,0.3489,-9.1584,6.4399,2.6026
788.00,-8.9497,6.2351,2.6013,10.2371,5.9301,0.3095,-9.1613,6.4417,2.5632
788.50,-8.9497,6.2371,2.5648,10.2384,5.9305,0.2714,-9.1625,6.4424,2.5251
789.00,-8.9498,6.2387,2.5293,10.2402,5.9310,0.2337,-9.1640,6.4435,2.4874
789.50,-8.9498,6.2398,2.4946,10.2409,5.9311,0.1969,-9.1646,6.4440,2.4506
790.00,-8.9499,6.2405,2.4609,10.2413,5.9312,0.1618,-9.1649,6.4443,2.4155
790.50,-8.9500,6.2407,2.4280,10.2415,5.9313,0.1267,-9.1651,6.4444,2.3804
791.00,-8.9502,6.2406,2.3954,10.2417,5.9313,0.0927,-9.1652,6.4445,2.3464
791.50,-8.9505,6.2406,2.3617,10.2423,5.9313,0.0569,-9.1656,6.4449,2.3106
792.00,-8.9506,6.2407,2.3276,10.2424,5.9313,0.0211,-9.1656,6.4450,2.2748
792.50,-8.9507,6.2409,2.2947,10.2426,5.9313,-0.0137,-9.1658,6.4451,2.2400
793.00,-8.9506,6.2409,2.2621,10.2424,5.9313,-0.0478,-9.1657,6.4450,2.2059
793.50,-8.9500,6.2408,2.2286,10.2417,5.9314,-0.0829,-9.1653,6.4444,2.1708
794.00,-8.9491,6.2408,2.1943,10.2404,5.9315,-0.1184,-9.1646,6.4434,2.1353
794.50,-8.9477,6.2407,2.1590,10.2388,5.9317,-0.1556,-9.1637,6.4419,2.0981
795.00,-8.9458,6.2407,2.1228,10.2370,5.9320,-0.1939,-9.1628,6.4404,2.0598
795.50,-8.9434,6.2406,2.0857,10.2343,5.9326,-0.2324,-9.1616,6.4379,2.0213
796.00,-8.9406,6.2406,2.0475,10.2322,5.9332,-0.2724,-9.1606,6.4359,1.9813
796.50,-8.9374,6.2405,2.0083,10.2287,5.9342,-0.3128,-9.1593,6.4326,1.9409
797.00,-8.9336,6.2405,1.9680,10.2253,5.9354,-0.3548,-9.1580,6.4292,1.8989
797.50,-8.9293,6.2404,1.9266,10.2213,5.9370,-0.3978,-9.1567,6.4251,1.8559
798.00,-8.9246,6.2404,1.8840,10.2164,5.9391,-0.4421,-9.1553,6.4199,1.8116
798.50,-8.9194,6.2404,1.8401,10.2119,5.9414,-0.4878,-9.1542,6.4150,1.7659
799.00,-8.9137,6.2403,1.7949,10.2063,5.9445,-0.5351,-9.1531,6.4086,1.7186
799.50,-8.9075,6.2403,1.7482,10.2014,5.9475,-0.5828,-9.1524,6.4030,1.6710
800.00,-8.9008,6.2403,1.6999,10.1966,5.9509,-0.6327,-9.1519,6.3971,1.6210
800.50,-8.8937,6.2403,1.6499,10.1920,5.9545,-0.6840,-9.1518,6.3913,1.5697
801.00,-8.8860,6.2403,1.5981,10.1861,5.9596,-0.7377,-9.1276,6.4186,1.5473
801.50,-8.8780,6.2403,1.5447,10.1847,5.9608,-0.7925,-9.1006,6.4416,1.5170
802.00,-8.8704,6.2403,1.4928,10.1887,5.9565,-0.8462,-9.1001,6.4476,1.4634
802.50,-8.8632,6.2403,1.4427,10.1932,5.9511,-0.8987,-9.0992,6.4544,1.4108
803.00,-8.8565,6.2403,1.3944,10.1964,5.9470,-0.9497,-9.0982,6.4596,1.3599
803.50,-8.8503,6.2403,1.3477,10.1999,5.9418,-0.9985,-9.0968,6.4657,1.3111
804.00,-8.8446,6.2404,1.3024,10.2034,5.9361,-1.0459,-9.0949,6.4720,1.2637
804.50,-8.8394,6.2404,1.2585,10.2055,5.9322,-1.0914,-9.0935,6.4763,1.2182
805.00,-8.8346,6.2404,1.2159,10.2079,5.9274,-1.1365,-9.0915,6.4814,1.1731
805.50,-8.8304,6.2405,1.1744,10.2093,5.9242,-1.1797,-9.0901,6.4845,1.1299
806.00,-8.8266,6.2405,1.1341,10.2108,5.9204,-1.2224,-9.0883,6.4881,1.0872
806.50,-8.8233,6.2406,1.0949,10.2120,5.9169,-1.2637,-9.0866,6.4913,1.0459
807.00,-8.8205,6.2406,1.0567,10.2130,5.9136,-1.3031,-9.0400,6.4517,1.0344
807.50,-8.8191,6.2406,1.0303,10.2134,5.9120,-1.3315,-9.0391,6.4531,1.0060
808.00,-8.8170,6.2407,0.9938,10.2137,5.9104,-1.3702,-9.0382,6.4544,0.9673
808.50,-8.8155,6.2407,0.9582,10.2140,5.9088,-1.4079,-9.0373,6.4558,0.9295
809.00,-8.8144,6.2408,0.9236,10.2142,5.9078,-1.4447,-9.0366,6.4566,0.8928
809.50,-8.8137,6.2409,0.8899,10.2143,5.9066,-1.4799,-9.0359,6.4575,0.8576
810.00,-8.8135,6.2409,0.8570,10.2143,5.9066,-1.5145,-9.0358,6.4575,0.8229
810.50,-8.8135,6.2411,0.8244,10.2143,5.9065,-1.5487,-9.0358,6.4576,0.7888
811.00,-8.8136,6.2415,0.7906,10.2143,5.9064,-1.5846,-9.0357,6.4576,0.7529
811.50,-8.8135,6.2416,0.7566,10.2143,5.9059,-1.6202,-9.0353,6.4580,0.7173
812.00,-8.8132,6.2416,0.7236,10.2143,5.9055,-1.6550,-9.0351,6.4582,0.6825
812.50,-8.8133,6.2415,0.6910,10.2143,5.9056,-1.6894,-9.0351,6.4582,0.6481
813.00,-8.8133,6.2410,0.6576,10.2144,5.9061,-1.7247,-9.0355,6.4579,0.6128
813.50,-8.8134,6.2400,0.6232,10.2145,5.9069,-1.7607,-9.0362,6.4574,0.5768
814.00,-8.8134,6.2386,0.5880,10.2149,5.9090,-1.7976,-9.0380,6.4563,0.5398
814.50,-8.8135,6.2367,0.5518,10.2155,5.9110,-1.8353,-9.0399,6.4553,0.5022
815.00,-8.8135,6.2344,0.5146,10.2162,5.9135,-1.8738,-9.0421,6.4541,0.4637
815.50,-8.8136,6.2316,0.4765,10.2173,5.9168,-1.9136,-9.0453,6.4526,0.4239
816.00,-8.8136,6.2283,0.4373,10.2186,5.9202,-1.9548,-9.0487,6.4511,0.3827
816.50,-8.8137,6.2245,0.3970,10.2201,5.9237,-1.9967,-9.0522,6.4498,0.3408
817.00,-8.8137,6.2203,0.3555,10.2220,5.9277,-2.0394,-9.0564,6.4484,0.2981
817.50,-8.8138,6.2155,0.3129,10.2240,5.9314,-2.0841,-9.0604,6.4473,0.2534
818.00,-8.8138,6.2103,0.2690,10.2265,5.9356,-2.1298,-9.0651,6.4461,0.2077
818.50,-8.8138,6.2046,0.2238,10.2298,5.9407,-2.1767,-9.0712,6.4450,0.1608
819.00,-8.8138,6.1984,0.1771,10.2343,5.9469,-2.2247,-9.0788,6.4440,0.1128
819.50,-8.8139,6.1917,0.1288,10.2394,5.9532,-2.2742,-9.0868,6.4432,0.0632
820.00,-8.8139,6.1846,0.0788,10.2439,5.9583,-2.3263,-9.0230,6.4051,0.0496
820.50,-8.8139,6.1769,0.0269,10.2510,5.9654,-2.3799,-9.0331,6.4048,-0.0041
821.00,-8.8139,6.1689,-0.0265,10.2541,5.9683,-2.4356,-9.0373,6.4049,-0.0597
821.50,-8.7847,6.1569,-0.1542,10.2328,5.9523,-2.5594,-9.0109,6.4017,-0.1836
822.00,-8.6944,6.1337,-0.2401,10.1555,5.9073,-2.6547,-8.9240,6.3806,-0.2788
822.50,-8.5694,6.1005,-0.2737,10.0363,5.8486,-2.6962,-8.7831,6.3039,-0.3044
823.00,-8.4441,6.0663,-0.2743,9.9202,5.7926,-2.6937,-8.6643,6.2714,-0.3004
823.50,-8.3202,6.0253,-0.3459,9.7960,5.7383,-2.7656,-8.5363,6.2222,-0.3688
824.00,-8.2007,5.9754,-0.4782,9.6652,5.6948,-2.8924,-8.4208,6.1696,-0.4921
824.50,-8.0916,5.9144,-0.6552,9.5409,5.6740,-3.0679,-8.3150,6.1010,-0.6676
825.00,-8.0096,5.8377,-0.8695,9.4233,5.6776,2.9986,-8.2308,6.0289,-0.8826
825.50,-7.9373,5.7339,-1.0671,9.2956,5.7095,2.7967,-8.1577,5.9199,-1.0827
826.00,-7.8744,5.6158,-1.2073,9.1703,5.7659,2.6503,-8.1073,5.7992,-1.2256
826.50,-7.8222,5.4910,-1.3944,9.0514,5.8425,2.4659,-8.0615,5.6679,-1.4082
827.00,-7.7941,5.3620,-1.4827,8.9508,5.9348,2.3602,-8.0303,5.5419,-1.5104
827.50,-7.7778,5.2328,-1.4252,8.8535,6.0280,2.4070,-8.0151,5.4133,-1.4587
828.00,-7.7523,5.1052,-1.3443,8.7483,6.1145,2.4913,-7.9959,5.2842,-1.3723
828.50,-7.7235,4.9785,-1.3692,8.6459,6.1916,2.4778,-7.9699,5.1641,-1.3876
829.00,-7.7033,4.8497,-1.5628,8.5475,6.2814,2.2936,-7.9558,5.0316,-1.5701
829.50,-7.6916,4.7208,-1.8015,8.4694,6.3937,2.0537,-7.9605,4.8957,-1.8082
830.00,-7.7070,4.6044,-2.0495,8.4235,6.5143,1.8027,-7.9765,4.7798,-2.0558
830.50,-7.7634,4.5049,-2.2705,8.4100,6.6296,1.5749,-8.0224,4.6893,-2.2818
831.00,-7.8507,4.4182,-2.4702,8.4210,6.7501,1.3750,-8.0999,4.6034,-2.4783
831.50,-7.9555,4.3492,-2.6806,8.4568,6.8659,1.1614,-8.2027,4.5346,-2.6901
832.00,-8.0769,4.2890,-2.8888,8.5258,6.9882,0.9489,-8.3348,4.4869,-2.9008
832.50,-8.2046,4.2506,-2.9919,8.6152,7.0956,0.8298,-8.4626,4.4436,-3.0164
833.00,-8.3334,4.2344,-3.0403,8.7067,7.1925,0.7855,-8.5851,4.4192,-3.0575
833.50,-8.4632,4.2269,-3.0974,8.8078,7.2852,0.7168,-8.7223,4.4185,-3.1242
834.00,-8.5926,4.2163,-2.9860,8.9004,7.3721,0.8210,-8.8390,4.4119,-3.0165
834.50,-8.7200,4.1960,-2.9288,8.9874,7.4720,0.8811,-8.9744,4.3906,-2.9609
835.00,-8.8122,4.1746,-2.9478,9.0528,7.5521,0.8677,-9.0761,4.3721,-2.9699
835.50,-8.8434,4.1648,-2.9940,9.0773,7.5800,0.8183,-9.1074,4.3669,-3.0157
836.00,-8.8434,4.1648,-3.0433,9.0782,7.5810,0.7667,-9.1087,4.3667,-3.0673
836.50,-8.8434,4.1719,-3.0944,9.0735,7.5768,0.7135,-9.1024,4.3669,-3.1205
837.00,-8.8442,4.1798,3.1332,9.0683,7.5726,0.6587,-9.0957,4.3669,3.1078
837.50,-8.8769,4.1937,2.9822,9.0958,7.5905,0.5071,-9.1283,4.3706,2.9563
838.00,-8.9039,4.2132,2.8700,9.1262,7.6053,0.3900,-9.1709,4.4003,2.8497
838.50,-8.9217,4.2310,2.7653,9.1502,7.6137,0.2834,-9.1903,4.4163,2.7464
839.00,-8.9372,4.2449,2.6895,9.1732,7.6193,0.1955,-9.2082,4.4322,2.6613
839.50,-8.9372,4.2449,2.6895,9.1734,7.6193,0.1931,-9.2084,4.4323,2.6588
840.00,-8.9372,4.2449,2.6895,9.1734,7.6193,0.1914,-9.2084,4.4323,2.6571
840.50,-8.9372,4.2449,2.6895,9.1734,7.6193,0.1896,-9.2084,4.4323,2.6554
841.00,-8.9372,4.2449,2.6895,9.1734,7.6193,0.1870,-9.2084,4.4323,2.6527
841.50,-8.9372,4.2449,2.6895,9.1734,7.6193,0.1845,-9.2084,4.4323,2.6502
842.00,-8.9372,4.2449,2.6895,9.1734,7.6193,0.1822,-9.2084,4.4323,2.6480
842.50,-8.9372,4.2449,2.6895,9.1734,7.6193,0.1798,-9.2084,4.4323,2.6455
843.00,-8.9372,4.2449,2.6895,9.1734,7.6193,0.1783,-9.2084,4.4323,2.6440
843.50,-8.9372,4.2449,2.6895,9.1734,7.6193,0.1766,-9.2084,4.4323,2.6423
844.00,-8.9372,4.2449,2.6895,9.1734,7.6193,0.1748,-9.2084,4.4323,2.6405
844.50,-8.9372,4.2449,2.6895,9.1734,7.6193,0.1726,-9.2084,4.4323,2.6383
845.00,-8.9372,4.2449,2.6895,9.1734,7.6193,0.1705,-9.2084,4.4323,2.6362
845.50,-8.9372,4.2449,2.6895,9.1734,7.6193,0.1683,-9.2084,4.4323,2.6340
846.00,-8.9372,4.2449,2.6895,9.1734,7.6193,0.1663,-9.2084,4.4323,2.6320
846.50,-8.9372,4.2449,2.6895,9.1734,7.6193,0.1641,-9.2084,4.4323,2.6299
847.00,-8.9372,4.2449,2.6895,9.1734,7.6193,0.1624,-9.2084,4.4323,2.6281
847.50,-8.9372,4.2449,2.6895,9.1734,7.6193,0.1604,-9.2084,4.4323,2.6261
848.00,-8.9372,4.2449,2.6895,9.1734,7.6193,0.1588,-9.2084,4.4323,2.6246
848.50,-8.9372,4.2449,2.6895,9.1734,7.6193,0.1566,-9.2084,4.4323,2.6223
849.00,-8.9372,4.2449,2.6895,9.1734,7.6193,0.1554,-9.2084,4.4323,2.6211
849.50,-8.9372,4.2449,2.6895,9.1734,7.6193,0.1534,-9.2084,4.4323,2.6191
850.00,-8.9372,4.2449,2.6895,9.1734,7.6193,0.1519,-9.2084,4.4323,2.6176
850.50,-8.9372,4.2449,2.6895,9.1734,7.6193,0.1498,-9.2084,4.4323,2.6155
851.00,-8.9372,4.2449,2.6895,9.1734,7.6193,0.1477,-9.2084,4.4323,2.6134
851.50,-8.9372,4.2449,2.6895,9.1734,7.6193,0.1455,-9.2084,4.4323,2.6112
852.00,-8.9372,4.2449,2.6895,9.1734,7.6193,0.1434,-9.2084,4.4323,2.6092
852.50,-8.9372,4.2449,2.6895,9.1734,7.6193,0.1420,-9.2084,4.4323,2.6077
853.00,-8.9372,4.2449,2.6895,9.1734,7.6193,0.1401,-9.2084,4.4323,2.6059
853.50,-8.9372,4.2449,2.6895,9.1734,7.6193,0.1381,-9.2084,4.4323,2.6039
854.00,-8.9372,4.2449,2.6895,9.1734,7.6193,0.1360,-9.2084,4.4323,2.6017
854.50,-8.9372,4.2449,2.6895,9.1734,7.6193,0.1348,-9.2084,4.4323,2.6005
855.00,-8.9372,4.2449,2.6895,9.1734,7.6193,0.1326,-9.2084,4.4323,2.5983
855.50,-8.9372,4.2449,2.6895,9.1734,7.6193,0.1306,-9.2084,4.4323,2.5964
856.00,-8.9372,4.2449,2.6895,9.1734,7.6193,0.1285,-9.2084,4.4323,2.5942
856.50,-8.9372,4.2449,2.6895,9.1734,7.6193,0.1271,-9.2084,4.4323,2.5928
857.00,-8.9372,4.2449,2.6895,9.1734,7.6193,0.1252,-9.2084,4.4323,2.5910
857.50,-8.9372,4.2449,2.6895,9.1734,7.6193,0.1236,-9.2084,4.4323,2.5894
858.00,-8.9372,4.2449,2.6895,9.1734,7.6193,0.1219,-9.2084,4.4323,2.5877
858.50,-8.9372,4.2449,2.6895,9.1734,7.6193,0.1204,-9.2084,4.4323,2.5861
859.00,-8.9372,4.2449,2.6895,9.1734,7.6193,0.1182,-9.2084,4.4323,2.5839
859.50,-8.9372,4.2449,2.6895,9.1734,7.6193,0.1163,-9.2084,4.4323,2.5821
860.00,-8.9372,4.2449,2.6895,9.1734,7.6193,0.1149,-9.2084,4.4323,2.5807
860.50,-8.9372,4.2449,2.6895,9.1734,7.6193,0.1131,-9.2084,4.4323,2.5789
861.00,-8.9372,4.2449,2.6895,9.1734,7.6193,0.1116,-9.2084,4.4323,2.5773
861.50,-8.9372,4.2449,2.6895,9.1734,7.6193,0.1093,-9.2084,4.4323,2.5750
862.00,-8.9372,4.2449,2.6895,9.1734,7.6193,0.1070,-9.2084,4.4323,2.5727
862.50,-8.9372,4.2449,2.6895,9.1734,7.6193,0.1047,-9.2084,4.4323,2.5704
863.00,-8.9372,4.2449,2.6895,9.1734,7.6193,0.1028,-9.2084,4.4323,2.5685
863.50,-8.9372,4.2449,2.6895,9.1734,7.6193,0.1001,-9.2084,4.4323,2.5658
864.00,-8.9372,4.2449,2.6895,9.1734,7.6193,0.0983,-9.2084,4.4323,2.5641
864.50,-8.9372,4.2449,2.6895,9.1734,7.6193,0.0966,-9.2084,4.4323,2.5624
865.00,-8.9372,4.2449,2.6895,9.1734,7.6193,0.0949,-9.2084,4.4323,2.5607
865.50,-8.9372,4.2449,2.6895,9.1734,7.6193,0.0933,-9.2084,4.4323,2.5591
866.00,-8.9372,4.2449,2.6895,9.1734,7.6193,0.0916,-9.2084,4.4323,2.5573
866.50,-8.9372,4.2449,2.6895,9.1734,7.6193,0.0897,-9.2084,4.4323,2.5554
867.00,-8.9372,4.2449,2.6895,9.1734,7.6193,0.0880,-9.2084,4.4323,2.5537
867.50,-8.9372,4.2449,2.6895,9.1734,7.6193,0.0860,-9.2084,4.4323,2.5518
868.00,-8.9372,4.2449,2.6895,9.1734,7.6193,0.0843,-9.2084,4.4323,2.5501
868.50,-8.9372,4.2449,2.6895,9.1734,7.6193,0.0821,-9.2084,4.4323,2.5479
869.00,-8.9372,4.2449,2.6895,9.1734,7.6193,0.0803,-9.2084,4.4323,2.5460
869.50,-8.9372,4.2449,2.6895,9.1734,7.6193,0.0785,-9.2084,4.4323,2.5442
870.00,-8.9372,4.2449,2.6895,9.1734,7.6193,0.0769,-9.2084,4.4323,2.5427
870.50,-8.9372,4.2449,2.6895,9.1734,7.6193,0.0745,-9.2084,4.4323,2.5403
871.00,-8.9372,4.2449,2.6895,9.1734,7.6193,0.0726,-9.2084,4.4323,2.5384
871.50,-8.9372,4.2449,2.6895,9.1734,7.6193,0.0712,-9.2084,4.4323,2.5370
872.00,-8.9372,4.2449,2.6895,9.1734,7.6193,0.0690,-9.2084,4.4323,2.5347
872.50,-8.9372,4.2449,2.6895,9.1734,7.6193,0.0674,-9.2084,4.4323,2.5331
873.00,-8.9372,4.2449,2.6895,9.1734,7.6193,0.0656,-9.2084,4.4323,2.5313
873.50,-8.9372,4.2449,2.6895,9.1734,7.6193,0.0631,-9.2084,4.4323,2.5289
874.00,-8.9372,4.2449,2.6895,9.1734,7.6193,0.0611,-9.2084,4.4323,2.5269
874.50,-8.9372,4.2449,2.6895,9.1734,7.6193,0.0592,-9.2084,4.4323,2.5249
875.00,-8.9372,4.2449,2.6895,9.1734,7.6193,0.0574,-9.2084,4.4323,2.5231
875.50,-8.9372,4.2449,2.6895,9.1734,7.6193,0.0554,-9.2084,4.4323,2.5212
876.00,-8.9372,4.2449,2.6895,9.1734,7.6193,0.0536,-9.2084,4.4323,2.5194
876.50,-8.9372,4.2449,2.6895,9.1734,7.6193,0.0519,-9.2084,4.4323,2.5176
877.00,-8.9372,4.2449,2.6895,9.1734,7.6193,0.0505,-9.2084,4.4323,2.5162
877.50,-8.9372,4.2449,2.6895,9.1734,7.6193,0.0483,-9.2084,4.4323,2.5141
878.00,-8.9372,4.2449,2.6895,9.1734,7.6193,0.0470,-9.2084,4.4323,2.5128
878.50,-8.9372,4.2449,2.6895,9.1734,7.6193,0.0451,-9.2084,4.4323,2.5108
879.00,-8.9372,4.2449,2.6895,9.1734,7.6193,0.0432,-9.2084,4.4323,2.5090
879.50,-8.9372,4.2449,2.6895,9.1734,7.6193,0.0411,-9.2084,4.4323,2.5069
880.00,-8.9372,4.2449,2.6895,9.1734,7.6193,0.0394,-9.2084,4.4323,2.5051
880.50,-8.9372,4.2449,2.6895,9.1734,7.6193,0.0375,-9.2084,4.4323,2.5032
881.00,-8.9372,4.2449,2.6895,9.1734,7.6193,0.0354,-9.2084,4.4323,2.5012
881.50,-8.9372,4.2449,2.6895,9.1734,7.6193,0.0338,-9.2084,4.4323,2.4996
882.00,-8.9372,4.2449,2.6895,9.1734,7.6193,0.0315,-9.2084,4.4323,2.4972
882.50,-8.9372,4.2449,2.6895,9.1734,7.6193,0.0293,-9.2084,4.4323,2.4950
883.00,-8.9372,4.2449,2.6895,9.1734,7.6193,0.0273,-9.2084,4.4323,2.4930
883.50,-8.9372,4.2449,2.6895,9.1734,7.6193,0.0254,-9.2084,4.4323,2.4912
884.00,-8.9372,4.2449,2.6895,9.1734,7.6193,0.0239,-9.2084,4.4323,2.4896
884.50,-8.9372,4.2449,2.6895,9.1734,7.6193,0.0218,-9.2084,4.4323,2.4875
885.00,-8.9372,4.2449,2.6895,9.1734,7.6193,0.0194,-9.2084,4.4323,2.4851
885.50,-8.9372,4.2449,2.6895,9.1734,7.6193,0.0172,-9.2084,4.4323,2.4830
886.00,-8.9372,4.2449,2.6895,9.1734,7.6193,0.0155,-9.2084,4.4323,2.4813
886.50,-8.9372,4.2449,2.6895,9.1734,7.6193,0.0139,-9.2084,4.4323,2.4797
887.00,-8.9372,4.2449,2.6895,9.1734,7.6193,0.0122,-9.2084,4.4323,2.4780
887.50,-8.9372,4.2449,2.6895,9.1734,7.6193,0.0100,-9.2084,4.4323,2.4758
888.00,-8.9372,4.2449,2.6895,9.1734,7.6193,0.0081,-9.2084,4.4323,2.4738
888.50,-8.9372,4.2449,2.6895,9.1734,7.6193,0.0062,-9.2084,4.4323,2.4719
889.00,-8.9372,4.2449,2.6895,9.1734,7.6193,0.0039,-9.2084,4.4323,2.4696
889.50,-8.9372,4.2449,2.6895,9.1734,7.6193,0.0018,-9.2084,4.4323,2.4676
890.00,-8.9372,4.2449,2.6895,9.1734,7.6193,0.0001,-9.2084,4.4323,2.4659
890.50,-8.9372,4.2449,2.6895,9.1734,7.6193,-0.0017,-9.2084,4.4323,2.4640
891.00,-8.9372,4.2449,2.6895,9.1734,7.6193,-0.0041,-9.2084,4.4323,2.4617
891.50,-8.9372,4.2449,2.6895,9.1734,7.6193,-0.0055,-9.2084,4.4323,2.4603
892.00,-8.9372,4.2449,2.6895,9.1734,7.6193,-0.0074,-9.2084,4.4323,2.4584
892.50,-8.9372,4.2449,2.6895,9.1734,7.6193,-0.0092,-9.2084,4.4323,2.4565
893.00,-8.9372,4.2449,2.6895,9.1734,7.6193,-0.0112,-9.2084,4.4323,2.4546
893.50,-8.9372,4.2449,2.6895,9.1734,7.6193,-0.0129,-9.2084,4.4323,2.4528
894.00,-8.9372,4.2449,2.6895,9.1734,7.6193,-0.0151,-9.2084,4.4323,2.4507
894.50,-8.9372,4.2449,2.6895,9.1734,7.6193,-0.0170,-9.2084,4.4323,2.4488
895.00,-8.9372,4.2449,2.6895,9.1734,7.6193,-0.0190,-9.2084,4.4323,2.4468
895.50,-8.9372,4.2449,2.6895,9.1734,7.6193,-0.0208,-9.2084,4.4323,2.4449
896.00,-8.9372,4.2449,2.6895,9.1734,7.6193,-0.0229,-9.2084,4.4323,2.4429
896.50,-8.9372,4.2449,2.6895,9.1734,7.6193,-0.0246,-9.2084,4.4323,2.4412
897.00,-8.9372,4.2449,2.6895,9.1734,7.6193,-0.0272,-9.2084,4.4323,2.4386
897.50,-8.9372,4.2449,2.6895,9.1734,7.6193,-0.0287,-9.2084,4.4323,2.4370
898.00,-8.9372,4.2449,2.6895,9.1734,7.6193,-0.0305,-9.2084,4.4323,2.4353
898.50,-8.9372,4.2449,2.6895,9.1734,7.6193,-0.0324,-9.2084,4.4323,2.4334
899.00,-8.9372,4.2449,2.6895,9.1734,7.6193,-0.0344,-9.2084,4.4323,2.4313
899.50,-8.9372,4.2449,2.6895,9.1734,7.6193,-0.0359,-9.2084,4.4323,2.4298
900.00,-8.9372,4.2449,2.6895,9.1734,7.6193,-0.0370,-9.2084,4.4323,2.4287
900.50,-8.9372,4.2449,2.6895,9.1734,7.6193,-0.0388,-9.2084,4.4323,2.4270
901.00,-8.9372,4.2449,2.6895,9.1734,7.6193,-0.0402,-9.2084,4.4323,2.4255
901.50,-8.9372,4.2449,2.6895,9.1734,7.6193,-0.0417,-9.2084,4.4323,2.4240
902.00,-8.9372,4.2449,2.6895,9.1734,7.6193,-0.0438,-9.2084,4.4323,2.4220
902.50,-8.9372,4.2449,2.6895,9.1734,7.6193,-0.0455,-9.2084,4.4323,2.4202
903.00,-8.9372,4.2449,2.6895,9.1734,7.6193,-0.0468,-9.2084,4.4323,2.4189
903.50,-8.9372,4.2449,2.6895,9.1734,7.6193,-0.0489,-9.2084,4.4323,2.4169
904.00,-8.9372,4.2449,2.6895,9.1734,7.6193,-0.0508,-9.2084,4.4323,2.4150
904.50,-8.9372,4.2449,2.6895,9.1734,7.6193,-0.0529,-9.2084,4.4323,2.4128
905.00,-8.9372,4.2449,2.6895,9.1734,7.6193,-0.0547,-9.2084,4.4323,2.4110
905.50,-8.9372,4.2449,2.6895,9.1734,7.6193,-0.0563,-9.2084,4.4323,2.4094
906.00,-8.9372,4.2449,2.6895,9.1734,7.6193,-0.0583,-9.2084,4.4323,2.4075
906.50,-8.9372,4.2449,2.6895,9.1734,7.6193,-0.0604,-9.2084,4.4323,2.4053
907.00,-8.9372,4.2449,2.6895,9.1734,7.6193,-0.0622,-9.2084,4.4323,2.4035
907.50,-8.9372,4.2449,2.6895,9.1734,7.6193,-0.0646,-9.2084,4.4323,2.4011
908.00,-8.9372,4.2449,2.6895,9.1734,7.6193,-0.0666,-9.2084,4.4323,2.3992
908.50,-8.9372,4.2449,2.6895,9.1734,7.6193,-0.0688,-9.2084,4.4323,2.3970
909.00,-8.9372,4.2449,2.6895,9.1734,7.6193,-0.0706,-9.2084,4.4323,2.3951
909.50,-8.9372,4.2449,2.6895,9.1734,7.6193,-0.0726,-9.2084,4.4323,2.3931
910.00,-8.9372,4.2449,2.6895,9.1734,7.6193,-0.0742,-9.2084,4.4323,2.3916
910.50,-8.9372,4.2449,2.6895,9.1734,7.6193,-0.0759,-9.2084,4.4323,2.3898
911.00,-8.9372,4.2449,2.6895,9.1734,7.6193,-0.0780,-9.2084,4.4323,2.3877
911.50,-8.9372,4.2449,2.6895,9.1734,7.6193,-0.0802,-9.2084,4.4323,2.3855
912.00,-8.9372,4.2449,2.6895,9.1734,7.6193,-0.0822,-9.2084,4.4323,2.3835
912.50,-8.9372,4.2449,2.6895,9.1734,7.6193,-0.0843,-9.2084,4.4323,2.3814
913.00,-8.9372,4.2449,2.6895,9.1734,7.6193,-0.0861,-9.2084,4.4323,2.3797
913.50,-8.9372,4.2449,2.6895,9.1734,7.6193,-0.0880,-9.2084,4.4323,2.3778
914.00,-8.9372,4.2449,2.6895,9.1734,7.6193,-0.0898,-9.2084,4.4323,2.3760
914.50,-8.9372,4.2449,2.6895,9.1734,7.6193,-0.0918,-9.2084,4.4323,2.3739
915.00,-8.9372,4.2449,2.6895,9.1734,7.6193,-0.0939,-9.2084,4.4323,2.3718
915.50,-8.9372,4.2449,2.6895,9.1734,7.6193,-0.0957,-9.2084,4.4323,2.3700
916.00,-8.9372,4.2449,2.6895,9.1734,7.6193,-0.0975,-9.2084,4.4323,2.3682
916.50,-8.9372,4.2449,2.6895,9.1734,7.6193,-0.0991,-9.2084,4.4323,2.3667
917.00,-8.9372,4.2449,2.6895,9.1734,7.6193,-0.1010,-9.2084,4.4323,2.3647
917.50,-8.9372,4.2449,2.6895,9.1734,7.6193,-0.1034,-9.2084,4.4323,2.3624
918.00,-8.9372,4.2449,2.6895,9.1734,7.6193,-0.1056,-9.2084,4.4323,2.3602
918.50,-8.9372,4.2449,2.6895,9.1734,7.6193,-0.1075,-9.2084,4.4323,2.3582
919.00,-8.9372,4.2449,2.6895,9.1734,7.6193,-0.1099,-9.2084,4.4323,2.3558
919.50,-8.9372,4.2449,2.6895,9.1734,7.6193,-0.1121,-9.2084,4.4323,2.3536
920.00,-8.9372,4.2449,2.6895,9.1734,7.6193,-0.1143,-9.2084,4.4323,2.3514
920.50,-8.9372,4.2449,2.6895,9.1734,7.6193,-0.1165,-9.2084,4.4323,2.3493
921.00,-8.9372,4.2449,2.6895,9.1734,7.6193,-0.1184,-9.2084,4.4323,2.3473
921.50,-8.9372,4.2449,2.6895,9.1734,7.6193,-0.1204,-9.2084,4.4323,2.3453
922.00,-8.9372,4.2449,2.6895,9.1734,7.6193,-0.1226,-9.2084,4.4323,2.3431
922.50,-8.9372,4.2449,2.6895,9.1734,7.6193,-0.1241,-9.2084,4.4323,2.3417
923.00,-8.9372,4.2449,2.6895,9.1734,7.6193,-0.1261,-9.2084,4.4323,2.3396
923.50,-8.9372,4.2449,2.6895,9.1734,7.6193,-0.1277,-9.2084,4.4323,2.3380
924.00,-8.9372,4.2449,2.6895,9.1734,7.6193,-0.1294,-9.2084,4.4323,2.3363
924.50,-8.9372,4.2449,2.6895,9.1734,7.6193,-0.1310,-9.2084,4.4323,2.3348
925.00,-8.9372,4.2449,2.6895,9.1734,7.6193,-0.1329,-9.2084,4.4323,2.3328
925.50,-8.9372,4.2449,2.6895,9.1734,7.6193,-0.1344,-9.2084,4.4323,2.3313
926.00,-8.9372,4.2449,2.6895,9.1734,7.6193,-0.1364,-9.2084,4.4323,2.3294
926.50,-8.9372,4.2449,2.6895,9.1734,7.6193,-0.1385,-9.2084,4.4323,2.3272
927.00,-8.9372,4.2449,2.6895,9.1734,7.6193,-0.1408,-9.2084,4.4323,2.3249
927.50,-8.9372,4.2449,2.6895,9.1734,7.6193,-0.1436,-9.2084,4.4323,2.3222
928.00,-8.9372,4.2449,2.6895,9.1734,7.6193,-0.1457,-9.2084,4.4323,2.3201
928.50,-8.9372,4.2449,2.6895,9.1734,7.6193,-0.1479,-9.2084,4.4323,2.3178
929.00,-8.9372,4.2449,2.6895,9.1734,7.6193,-0.1502,-9.2084,4.4323,2.3155
929.50,-8.9372,4.2449,2.6895,9.1734,7.6193,-0.1522,-9.2084,4.4323,2.3136
930.00,-8.9372,4.2449,2.6895,9.1734,7.6193,-0.1547,-9.2084,4.4323,2.3110
930.50,-8.9372,4.2449,2.6895,9.1734,7.6193,-0.1565,-9.2084,4.4323,2.3092
931.00,-8.9372,4.2449,2.6895,9.1734,7.6193,-0.1581,-9.2084,4.4323,2.3076
931.50,-8.9372,4.2449,2.6895,9.1734,7.6193,-0.1603,-9.2084,4.4323,2.3055
932.00,-8.9372,4.2449,2.6895,9.1734,7.6193,-0.1623,-9.2084,4.4323,2.3035
932.50,-8.9372,4.2449,2.6895,9.1734,7.6193,-0.1632,-9.2084,4.4323,2.3025
933.00,-8.9372,4.2449,2.6895,9.1734,7.6193,-0.1648,-9.2084,4.4323,2.3010
933.50,-8.9372,4.2449,2.6895,9.1734,7.6193,-0.1666,-9.2084,4.4323,2.2991
934.00,-8.9372,4.2449,2.6895,9.1734,7.6193,-0.1691,-9.2084,4.4323,2.2967
934.50,-8.9372,4.2449,2.6895,9.1734,7.6193,-0.1708,-9.2084,4.4323,2.2950
935.00,-8.9372,4.2449,2.6895,9.1734,7.6193,-0.1727,-9.2084,4.4323,2.2930
935.50,-8.9372,4.2449,2.6895,9.1734,7.6193,-0.1747,-9.2084,4.4323,2.2911
936.00,-8.9372,4.2449,2.6895,9.1734,7.6193,-0.1764,-9.2084,4.4323,2.2894
936.50,-8.9372,4.2449,2.6895,9.1734,7.6193,-0.1781,-9.2084,4.4323,2.2876
937.00,-8.9372,4.2449,2.6895,9.1734,7.6193,-0.1805,-9.2084,4.4323,2.2853
937.50,-8.9372,4.2449,2.6895,9.1734,7.6193,-0.1823,-9.2084,4.4323,2.2834
938.00,-8.9372,4.2449,2.6895,9.1734,7.6193,-0.1844,-9.2084,4.4323,2.2814
938.50,-8.9372,4.2449,2.6895,9.1734,7.6193,-0.1864,-9.2084,4.4323,2.2793
939.00,-8.9372,4.2449,2.6895,9.1734,7.6193,-0.1882,-9.2084,4.4323,2.2776
939.50,-8.9372,4.2449,2.6895,9.1734,7.6193,-0.1900,-9.2084,4.4323,2.2757
940.00,-8.9372,4.2449,2.6895,9.1734,7.6193,-0.1917,-9.2084,4.4323,2.2740
940.50,-8.9372,4.2449,2.6895,9.1734,7.6193,-0.1936,-9.2084,4.4323,2.2721
941.00,-8.9372,4.2449,2.6895,9.1734,7.6193,-0.1953,-9.2084,4.4323,2.2704
941.50,-8.9372,4.2449,2.6895,9.1734,7.6193,-0.1977,-9.2084,4.4323,2.2681
942.00,-8.9372,4.2449,2.6895,9.1734,7.6193,-0.1997,-9.2084,4.4323,2.2660
942.50,-8.9372,4.2449,2.6895,9.1734,7.6193,-0.2016,-9.2084,4.4323,2.2642
943.00,-8.9372,4.2449,2.6895,9.1734,7.6193,-0.2036,-9.2084,4.4323,2.2622
943.50,-8.9372,4.2449,2.6895,9.1734,7.6193,-0.2055,-9.2084,4.4323,2.2603
944.00,-8.9372,4.2449,2.6895,9.1734,7.6193,-0.2078,-9.2084,4.4323,2.2579
944.50,-8.9372,4.2449,2.6895,9.1734,7.6193,-0.2097,-9.2084,4.4323,2.2561
945.00,-8.9372,4.2449,2.6895,9.1734,7.6193,-0.2115,-9.2084,4.4323,2.2543
945.50,-8.9372,4.2449,2.6895,9.1734,7.6193,-0.2134,-9.2084,4.4323,2.2523
946.00,-8.9372,4.2449,2.6895,9.1734,7.6193,-0.2150,-9.2084,4.4323,2.2507
946.50,-8.9372,4.2449,2.6895,9.1734,7.6193,-0.2172,-9.2084,4.4323,2.2485
947.00,-8.9372,4.2449,2.6895,9.1734,7.6193,-0.2190,-9.2084,4.4323,2.2468
947.50,-8.9372,4.2449,2.6895,9.1734,7.6193,-0.2209,-9.2084,4.4323,2.2448
948.00,-8.9372,4.2449,2.6895,9.1734,7.6193,-0.2230,-9.2084,4.4323,2.2427
948.50,-8.9372,4.2449,2.6895,9.1734,7.6193,-0.2254,-9.2084,4.4323,2.2404
949.00,-8.9372,4.2449,2.6895,9.1734,7.6193,-0.2274,-9.2084,4.4323,2.2383
949.50,-8.9372,4.2449,2.6895,9.1734,7.6193,-0.2289,-9.2084,4.4323,2.2369
950.00,-8.9372,4.2449,2.6895,9.1734,7.6193,-0.2308,-9.2084,4.4323,2.2350
950.50,-8.9372,4.2449,2.6895,9.1734,7.6193,-0.2330,-9.2084,4.4323,2.2328
951.00,-8.9372,4.2449,2.6895,9.1734,7.6193,-0.2353,-9.2084,4.4323,2.2305
951.50,-8.9372,4.2449,2.6895,9.1734,7.6193,-0.2376,-9.2084,4.4323,2.2282
952.00,-8.9372,4.2449,2.6895,9.1734,7.6193,-0.2396,-9.2084,4.4323,2.2261
952.50,-8.9372,4.2449,2.6895,9.1734,7.6193,-0.2411,-9.2084,4.4323,2.2246
953.00,-8.9372,4.2449,2.6895,9.1734,7.6193,-0.2432,-9.2084,4.4323,2.2225
953.50,-8.9372,4.2449,2.6895,9.1734,7.6193,-0.2458,-9.2084,4.4323,2.2199
954.00,-8.9372,4.2449,2.6895,9.1734,7.6193,-0.2476,-9.2084,4.4323,2.2181
954.50,-8.9372,4.2449,2.6895,9.1734,7.6193,-0.2504,-9.2084,4.4323,2.2154
955.00,-8.9372,4.2449,2.6895,9.1734,7.6193,-0.2520,-9.2084,4.4323,2.2138
955.50,-8.9372,4.2449,2.6895,9.1734,7.6193,-0.2540,-9.2084,4.4323,2.2118
956.00,-8.9372,4.2449,2.6895,9.1734,7.6193,-0.2561,-9.2084,4.4323,2.2096
956.50,-8.9372,4.2449,2.6895,9.1734,7.6193,-0.2584,-9.2084,4.4323,2.2073
957.00,-8.9372,4.2449,2.6895,9.1734,7.6193,-0.2607,-9.2084,4.4323,2.2051
957.50,-8.9372,4.2449,2.6895,9.1734,7.6193,-0.2625,-9.2084,4.4323,2.2032
958.00,-8.9372,4.2449,2.6895,9.1734,7.6193,-0.2648,-9.2084,4.4323,2.2009
958.50,-8.9372,4.2449,2.6895,9.1734,7.6193,-0.2666,-9.2084,4.4323,2.1991
959.00,-8.9372,4.2449,2.6895,9.1734,7.6193,-0.2687,-9.2084,4.4323,2.1970
959.50,-8.9372,4.2449,2.6895,9.1734,7.6193,-0.2708,-9.2084,4.4323,2.1949
960.00,-8.9372,4.2449,2.6895,9.1734,7.6193,-0.2732,-9.2084,4.4323,2.1925
960.50,-8.9372,4.2449,2.6895,9.1734,7.6193,-0.2753,-9.2084,4.4323,2.1905
961.00,-8.9372,4.2449,2.6895,9.1734,7.6193,-0.2775,-9.2084,4.4323,2.1883
961.50,-8.9372,4.2449,2.6895,9.1734,7.6193,-0.2789,-9.2084,4.4323,2.1868
962.00,-8.9372,4.2449,2.6895,9.1734,7.6193,-0.2809,-9.2084,4.4323,2.1849
962.50,-8.9372,4.2449,2.6895,9.1734,7.6193,-0.2825,-9.2084,4.4323,2.1833
963.00,-8.9372,4.2449,2.6895,9.1734,7.6193,-0.2847,-9.2084,4.4323,2.1810
963.50,-8.9372,4.2449,2.6895,9.1734,7.6193,-0.2866,-9.2084,4.4323,2.1792
964.00,-8.9372,4.2449,2.6895,9.1734,7.6193,-0.2887,-9.2084,4.4323,2.1770
964.50,-8.9372,4.2449,2.6895,9.1734,7.6193,-0.2907,-9.2084,4.4323,2.1751
965.00,-8.9372,4.2449,2.6895,9.1734,7.6193,-0.2932,-9.2084,4.4323,2.1726
965.50,-8.9372,4.2449,2.6895,9.1734,7.6193,-0.2954,-9.2084,4.4323,2.1703
966.00,-8.9372,4.2449,2.6895,9.1734,7.6193,-0.2977,-9.2084,4.4323,2.1680
966.50,-8.9372,4.2449,2.6895,9.1734,7.6193,-0.2996,-9.2084,4.4323,2.1661
967.00,-8.9372,4.2449,2.6895,9.1734,7.6193,-0.3018,-9.2084,4.4323,2.1640
967.50,-8.9372,4.2449,2.6895,9.1734,7.6193,-0.3040,-9.2084,4.4323,2.1617
968.00,-8.9372,4.2449,2.6895,9.1734,7.6193,-0.3052,-9.2084,4.4323,2.1605
968.50,-8.9372,4.2449,2.6895,9.1734,7.6193,-0.3066,-9.2084,4.4323,2.1592
969.00,-8.9372,4.2449,2.6895,9.1734,7.6193,-0.3085,-9.2084,4.4323,2.1573
969.50,-8.9372,4.2449,2.6895,9.1734,7.6193,-0.3105,-9.2084,4.4323,2.1553
970.00,-8.9372,4.2449,2.6895,9.1734,7.6193,-0.3125,-9.2084,4.4323,2.1532
970.50,-8.9372,4.2449,2.6895,9.1734,7.6193,-0.3142,-9.2084,4.4323,2.1516
971.00,-8.9372,4.2449,2.6895,9.1734,7.6193,-0.3157,-9.2084,4.4323,2.1501
971.50,-8.9372,4.2449,2.6895,9.1734,7.6193,-0.3173,-9.2084,4.4323,2.1484
972.00,-8.9372,4.2449,2.6895,9.1734,7.6193,-0.3189,-9.2084,4.4323,2.1468
972.50,-8.9372,4.2449,2.6895,9.1734,7.6193,-0.3213,-9.2084,4.4323,2.1444
973.00,-8.9372,4.2449,2.6895,9.1734,7.6193,-0.3233,-9.2084,4.4323,2.1425
973.50,-8.9372,4.2449,2.6895,9.1734,7.6193,-0.3255,-9.2084,4.4323,2.1402
974.00,-8.9372,4.2449,2.6895,9.1734,7.6193,-0.3274,-9.2084,4.4323,2.1383
974.50,-8.9372,4.2449,2.6895,9.1734,7.6193,-0.3297,-9.2084,4.4323,2.1361
975.00,-8.9372,4.2449,2.6895,9.1734,7.6193,-0.3315,-9.2084,4.4323,2.1342
975.50,-8.9372,4.2449,2.6895,9.1734,7.6193,-0.3334,-9.2084,4.4323,2.1323
976.00,-8.9372,4.2449,2.6895,9.1734,7.6193,-0.3354,-9.2084,4.4323,2.1303
976.50,-8.9372,4.2449,2.6895,9.1734,7.6193,-0.3374,-9.2084,4.4323,2.1283
977.00,-8.9372,4.2449,2.6895,9.1734,7.6193,-0.3393,-9.2084,4.4323,2.1264
977.50,-8.9372,4.2449,2.6895,9.1734,7.6193,-0.3413,-9.2084,4.4323,2.1245
978.00,-8.9372,4.2449,2.6895,9.1734,7.6193,-0.3431,-9.2084,4.4323,2.1227
978.50,-8.9372,4.2449,2.6895,9.1734,7.6193,-0.3448,-9.2084,4.4323,2.1209
979.00,-8.9372,4.2449,2.6895,9.1734,7.6193,-0.3464,-9.2084,4.4323,2.1193
979.50,-8.9372,4.2449,2.6895,9.1734,7.6193,-0.3482,-9.2084,4.4323,2.1175
980.00,-8.9372,4.2449,2.6895,9.1734,7.6193,-0.3505,-9.2084,4.4323,2.1152
980.50,-8.9372,4.2449,2.6895,9.1734,7.6193,-0.3524,-9.2084,4.4323,2.1134
981.00,-8.9372,4.2449,2.6895,9.1734,7.6193,-0.3549,-9.2084,4.4323,2.1109
981.50,-8.9372,4.2449,2.6895,9.1734,7.6193,-0.3567,-9.2084,4.4323,2.1091
982.00,-8.9372,4.2449,2.6895,9.1734,7.6193,-0.3587,-9.2084,4.4323,2.1070
982.50,-8.9372,4.2449,2.6895,9.1734,7.6193,-0.3606,-9.2084,4.4323,2.1052
983.00,-8.9372,4.2449,2.6895,9.1734,7.6193,-0.3628,-9.2084,4.4323,2.1030
983.50,-8.9372,4.2449,2.6895,9.1734,7.6193,-0.3646,-9.2084,4.4323,2.1011
984.00,-8.9372,4.2449,2.6895,9.1734,7.6193,-0.3665,-9.2084,4.4323,2.0992
984.50,-8.9372,4.2449,2.6895,9.1734,7.6193,-0.3682,-9.2084,4.4323,2.0976
985.00,-8.9372,4.2449,2.6895,9.1734,7.6193,-0.3697,-9.2084,4.4323,2.0960
985.50,-8.9372,4.2449,2.6895,9.1734,7.6193,-0.3713,-9.2084,4.4323,2.0944
986.00,-8.9372,4.2449,2.6895,9.1734,7.6193,-0.3728,-9.2084,4.4323,2.0930
986.50,-8.9372,4.2449,2.6895,9.1734,7.6193,-0.3744,-9.2084,4.4323,2.0914
987.00,-8.9372,4.2449,2.6895,9.1734,7.6193,-0.3755,-9.2084,4.4323,2.0903
987.50,-8.9372,4.2449,2.6895,9.1734,7.6193,-0.3772,-9.2084,4.4323,2.0886
988.00,-8.9372,4.2449,2.6895,9.1734,7.6193,-0.3792,-9.2084,4.4323,2.0865
988.50,-8.9372,4.2449,2.6895,9.1734,7.6193,-0.3815,-9.2084,4.4323,2.0843
