t,gt_x,gt_y,gt_yaw,odom_x,odom_y,odom_yaw,slam_x,slam_y,slam_yaw
53.50,-0.0000,0.0000,0.0000,0.0000,0.0000,-0.0358,0.0000,0.0000,-0.0358
54.00,-0.0000,0.0000,0.0000,0.0000,0.0000,-0.0355,0.0000,0.0000,-0.0355
54.50,-0.0000,0.0000,0.0000,0.0000,0.0000,-0.0367,0.0000,0.0000,-0.0367
55.00,-0.0000,0.0000,0.0000,0.0000,0.0000,-0.0374,0.0000,0.0000,-0.0374
55.50,-0.0000,0.0000,0.0000,0.0000,0.0000,-0.0375,0.0000,0.0000,-0.0375
56.00,-0.0000,0.0000,0.0000,0.0000,0.0000,-0.0379,0.0000,0.0000,-0.0379
56.50,-0.0000,0.0000,0.0000,0.0000,0.0000,-0.0389,0.0000,0.0000,-0.0389
57.00,-0.0000,0.0000,0.0000,0.0000,0.0000,-0.0388,0.0000,0.0000,-0.0388
57.50,-0.0000,0.0000,0.0000,0.0000,0.0000,-0.0393,0.0000,0.0000,-0.0393
58.00,-0.0000,0.0000,0.0000,0.0000,0.0000,-0.0399,0.0000,0.0000,-0.0399
58.50,-0.0000,0.0000,0.0000,0.0000,0.0000,-0.0404,0.0000,0.0000,-0.0404
59.00,-0.0000,0.0000,0.0000,0.0000,0.0000,-0.0405,0.0000,0.0000,-0.0405
59.50,-0.0000,0.0000,0.0000,0.0000,0.0000,-0.0407,0.0000,0.0000,-0.0407
60.00,-0.0000,0.0000,0.0000,0.0000,0.0000,-0.0410,0.0000,0.0000,-0.0410
60.50,-0.0000,0.0000,0.0000,0.0000,0.0000,-0.0411,0.0000,0.0000,-0.0411
61.00,-0.0000,0.0000,0.0000,0.0000,0.0000,-0.0414,0.0000,0.0000,-0.0414
61.50,-0.0000,0.0000,0.0000,0.0000,0.0000,-0.0424,0.0000,0.0000,-0.0424
62.00,0.0459,-0.0000,-0.0000,0.0457,-0.0020,-0.0431,0.0457,-0.0020,-0.0431
62.50,0.1059,-0.0000,-0.0000,0.1033,-0.0044,-0.0434,0.1033,-0.0044,-0.0434
63.00,0.1659,-0.0000,-0.0000,0.1665,-0.0072,-0.0445,0.0864,-0.0021,-0.0061
63.50,0.2259,-0.0000,-0.0000,0.2283,-0.0100,-0.0448,0.0983,-0.0025,-0.0064
64.00,0.2859,-0.0000,-0.0000,0.2871,-0.0126,-0.0453,0.0671,-0.0029,-0.0069
64.50,0.3459,-0.0000,-0.0000,0.3517,-0.0156,-0.0456,0.1317,-0.0034,-0.0072
65.00,0.4059,-0.0000,-0.0000,0.4127,-0.0184,-0.0457,0.1028,-0.0038,-0.0073
65.50,0.4659,-0.0000,-0.0000,0.4792,-0.0214,-0.0465,0.0809,-0.0043,-0.0081
66.00,0.5259,-0.0000,-0.0000,0.5404,-0.0243,-0.0476,0.0807,-0.0048,-0.0092
66.50,0.5859,-0.0000,-0.0000,0.5984,-0.0271,-0.0476,0.1387,-0.0054,-0.0092
67.00,0.6459,-0.0000,-0.0000,0.6546,-0.0297,-0.0477,0.1549,-0.0059,-0.0093
67.50,0.7059,-0.0000,-0.0000,0.7125,-0.0325,-0.0480,0.1899,-0.0065,-0.0096
68.00,0.7659,-0.0000,-0.0000,0.7737,-0.0355,-0.0486,0.2442,-0.0071,-0.0102
68.50,0.8259,-0.0000,-0.0000,0.8355,-0.0385,-0.0487,0.2761,-0.0077,-0.0103
69.00,0.8859,-0.0000,-0.0000,0.8980,-0.0415,-0.0487,0.3386,-0.0083,-0.0103
69.50,0.9459,-0.0000,-0.0000,0.9568,-0.0444,-0.0498,0.3875,-0.0090,-0.0114
70.00,1.0059,-0.0000,-0.0000,1.0188,-0.0475,-0.0502,0.4296,-0.0097,-0.0118
70.50,1.0659,-0.0000,-0.0000,1.0811,-0.0507,-0.0504,0.4920,-0.0104,-0.0120
71.00,1.1259,-0.0000,-0.0000,1.1426,-0.0538,-0.0514,0.5335,-0.0112,-0.0130
71.50,1.1859,-0.0000,-0.0000,1.2048,-0.0570,-0.0512,0.5881,-0.0120,-0.0128
72.00,1.2244,-0.0000,-0.0000,1.2446,-0.0590,-0.0519,0.6257,-0.0125,-0.0135
72.50,1.2244,-0.0000,-0.0000,1.2446,-0.0590,-0.0521,0.6257,-0.0125,-0.0137
73.00,1.2244,-0.0000,-0.0000,1.2446,-0.0590,-0.0525,0.6257,-0.0125,-0.0141
73.50,1.2244,-0.0000,-0.0000,1.2446,-0.0590,-0.0540,0.6257,-0.0125,-0.0156
74.00,1.2244,-0.0000,-0.0000,1.2446,-0.0590,-0.0549,0.6257,-0.0125,-0.0165
74.50,1.2244,-0.0000,-0.0000,1.2446,-0.0590,-0.0553,0.6257,-0.0125,-0.0169
75.00,1.2244,-0.0000,-0.0000,1.2446,-0.0590,-0.0558,0.6257,-0.0125,-0.0174
75.50,1.2244,-0.0000,-0.0000,1.2446,-0.0590,-0.0563,0.6257,-0.0125,-0.0179
76.00,1.2244,-0.0000,-0.0000,1.2446,-0.0590,-0.0565,0.6257,-0.0125,-0.0181
76.50,1.2244,-0.0000,-0.0000,1.2446,-0.0590,-0.0567,0.6257,-0.0125,-0.0183
77.00,1.2244,-0.0000,-0.0000,1.2446,-0.0590,-0.0572,0.6257,-0.0125,-0.0188
77.50,1.2244,-0.0000,-0.0000,1.2446,-0.0590,-0.0579,0.6257,-0.0125,-0.0195
78.00,1.2244,-0.0000,-0.0000,1.2446,-0.0590,-0.0577,0.6257,-0.0125,-0.0193
78.50,1.2244,-0.0000,-0.0000,1.2446,-0.0590,-0.0584,0.6257,-0.0125,-0.0200
79.00,1.2244,-0.0000,-0.0000,1.2446,-0.0590,-0.0589,0.6257,-0.0125,-0.0205
79.50,1.2244,-0.0000,-0.0000,1.2446,-0.0590,-0.0591,0.6257,-0.0125,-0.0207
80.00,1.2244,-0.0000,-0.0000,1.2446,-0.0590,-0.0604,0.6257,-0.0125,-0.0220
80.50,1.2244,0.0041,0.0448,1.2473,-0.0591,-0.0193,0.6284,-0.0125,0.0191
81.00,1.2244,0.0115,0.0961,1.2539,-0.0591,0.0319,0.6349,-0.0122,0.0703
81.50,1.2244,0.0185,0.1454,1.2618,-0.0586,0.0811,0.6428,-0.0115,0.1195
82.00,1.2244,0.0250,0.1932,1.2679,-0.0580,0.1279,0.6292,0.0074,0.1768
82.50,1.2244,0.0311,0.2394,1.2760,-0.0567,0.1741,0.6373,0.0090,0.2229
83.00,1.2245,0.0366,0.2841,1.2824,-0.0555,0.2182,0.6436,0.0106,0.2671
83.50,1.2245,0.0400,0.3130,1.2860,-0.0546,0.2480,0.6471,0.0116,0.2969
84.00,1.2245,0.0400,0.3130,1.2860,-0.0546,0.2476,0.6471,0.0116,0.2965
84.50,1.2178,0.0379,0.3130,1.2809,-0.0559,0.2475,0.6420,0.0101,0.2964
85.00,1.1804,0.0258,0.3130,1.2456,-0.0648,0.2468,0.6072,-0.0005,0.2957
85.50,1.1424,0.0135,0.3130,1.2073,-0.0744,0.2460,0.5694,-0.0120,0.2948
86.00,1.1043,0.0011,0.3130,1.1669,-0.0846,0.2457,0.5098,-0.0050,0.2980
86.50,1.0663,-0.0112,0.3130,1.1260,-0.0948,0.2453,0.4695,-0.0173,0.2977
87.00,1.0282,-0.0235,0.3130,1.0883,-0.1042,0.2447,0.4327,-0.0295,0.3005
87.50,0.9902,-0.0358,0.3130,1.0501,-0.1138,0.2442,0.3950,-0.0412,0.3000
88.00,0.9588,-0.0459,0.3130,1.0157,-0.1223,0.2442,0.3614,-0.0522,0.3027
88.50,0.9581,-0.0457,0.3236,1.0143,-0.1227,0.2506,0.3600,-0.0528,0.3099
89.00,0.9581,-0.0412,0.3659,1.0181,-0.1216,0.2931,0.3638,-0.0515,0.3524
89.50,0.9581,-0.0371,0.4071,1.0229,-0.1201,0.3334,0.3684,-0.0497,0.3928
90.00,0.9582,-0.0334,0.4471,1.0277,-0.1183,0.3728,0.3732,-0.0476,0.4321
90.50,0.9582,-0.0302,0.4860,1.0312,-0.1169,0.4109,0.3766,-0.0460,0.4702
91.00,0.9583,-0.0276,0.5239,1.0347,-0.1153,0.4479,0.3800,-0.0442,0.5072
91.50,0.9583,-0.0253,0.5609,1.0366,-0.1143,0.4841,0.3818,-0.0431,0.5434
92.00,0.9584,-0.0236,0.5968,1.0386,-0.1132,0.5199,0.3838,-0.0419,0.5793
92.50,0.9584,-0.0223,0.6319,1.0401,-0.1123,0.5547,0.3851,-0.0409,0.6140
93.00,0.9585,-0.0214,0.6660,1.0408,-0.1119,0.5888,0.3859,-0.0404,0.6482
93.50,0.9585,-0.0210,0.6992,1.0411,-0.1117,0.6212,0.3861,-0.0402,0.6805
94.00,0.9586,-0.0209,0.7317,1.0412,-0.1116,0.6532,0.3862,-0.0401,0.7125
94.50,0.9583,-0.0210,0.7650,1.0411,-0.1117,0.6855,0.3862,-0.0402,0.7448
95.00,0.9582,-0.0211,0.7991,1.0411,-0.1117,0.7188,0.3861,-0.0403,0.7782
95.50,0.9583,-0.0215,0.8326,1.0406,-0.1121,0.7520,0.3857,-0.0407,0.8113
96.00,0.9583,-0.0217,0.8651,1.0405,-0.1123,0.7836,0.3855,-0.0408,0.8429
96.50,0.9580,-0.0217,0.8982,1.0402,-0.1126,0.8161,0.3853,-0.0411,0.8754
97.00,0.9572,-0.0218,0.9321,1.0400,-0.1128,0.8493,0.3851,-0.0413,0.9086
97.50,0.9560,-0.0218,0.9670,1.0393,-0.1136,0.8839,0.3845,-0.0422,0.9433
98.00,0.9543,-0.0219,1.0028,1.0382,-0.1150,0.9194,0.3834,-0.0437,0.9787
98.50,0.9522,-0.0219,1.0395,1.0375,-0.1160,0.9555,0.3828,-0.0447,1.0149
99.00,0.9496,-0.0220,1.0772,1.0358,-0.1185,0.9929,0.3812,-0.0473,1.0522
99.50,0.9465,-0.0220,1.1159,1.0342,-0.1211,1.0314,0.3798,-0.0500,1.0907
100.00,0.9430,-0.0221,1.1557,1.0329,-0.1233,1.0708,0.3786,-0.0523,1.1301
100.50,0.9389,-0.0221,1.1966,1.0316,-0.1258,1.1106,0.3775,-0.0549,1.1700
101.00,0.9344,-0.0221,1.2387,1.0297,-0.1299,1.1526,0.3758,-0.0591,1.2119
101.50,0.9294,-0.0222,1.2820,1.0281,-0.1337,1.1955,0.3744,-0.0630,1.2548
102.00,0.9239,-0.0222,1.3267,1.0263,-0.1384,1.2390,0.3730,-0.0677,1.2983
102.50,0.9179,-0.0222,1.3727,1.0246,-0.1439,1.2843,0.3715,-0.0733,1.3436
103.00,0.9115,-0.0223,1.4203,1.0231,-0.1494,1.3316,0.3704,-0.0789,1.3909
103.50,0.9045,-0.0223,1.4695,1.0215,-0.1566,1.3803,0.3692,-0.0862,1.4397
104.00,0.8971,-0.0223,1.5205,1.0204,-0.1635,1.4310,0.3685,-0.0931,1.4903
104.50,0.8892,-0.0223,1.5735,1.0194,-0.1718,1.4837,0.3717,-0.0418,1.5604
105.00,0.8814,-0.0223,1.6263,1.0199,-0.1641,1.5361,0.3716,-0.0341,1.6129
105.50,0.8740,-0.0223,1.6771,1.0200,-0.1567,1.5862,0.3711,-0.0267,1.6629
106.00,0.8671,-0.0223,1.7261,1.0197,-0.1488,1.6354,0.3702,-0.0188,1.7122
106.50,0.8607,-0.0222,1.7735,1.0191,-0.1423,1.6825,0.3692,-0.0124,1.7593
107.00,0.8547,-0.0222,1.8194,1.0184,-0.1365,1.7280,0.3679,-0.0067,1.8048
107.50,0.8493,-0.0222,1.8639,1.0174,-0.1311,1.7715,0.3665,-0.0013,1.8483
108.00,0.8391,0.0052,1.9737,1.0107,-0.1045,1.8703,0.3578,0.0246,1.9471
108.50,0.8078,0.0806,2.0324,0.9848,-0.0325,1.9346,0.2276,0.0648,2.0218
109.00,0.7731,0.1671,1.9505,0.9520,0.0613,1.8541,0.1868,0.1554,1.9413
109.50,0.7336,0.2868,1.9158,0.9201,0.1857,1.8127,0.1445,0.2767,1.9027
110.00,0.6843,0.3986,2.0331,0.8853,0.3056,1.9210,0.0891,0.3930,2.0118
110.50,0.6247,0.5084,2.1310,0.8350,0.4216,2.0217,0.0463,0.5040,2.1168
111.00,0.5533,0.6146,2.2451,0.7742,0.5315,2.1355,-0.0037,0.6083,2.2332
111.50,0.4680,0.7119,2.3392,0.6996,0.6383,2.2276,-0.0887,0.7065,2.3267
112.00,0.3749,0.8024,2.3843,0.6138,0.7419,2.2796,-0.1590,0.8011,2.3773
112.50,0.2904,0.8869,2.3029,0.5368,0.8365,2.2024,-0.2356,0.8804,2.3023
113.00,0.2390,0.9540,2.1011,0.4912,0.9112,2.0052,-0.2701,0.9532,2.1052
113.50,0.2016,1.0053,1.9143,0.4689,0.9738,1.8125,-0.2953,1.0119,1.9120
114.00,0.1940,1.0103,1.8518,0.4664,0.9849,1.7469,-0.2808,1.0221,1.8464
114.50,0.1977,1.0112,1.8045,0.4666,0.9829,1.7017,-0.2804,1.0201,1.8011
115.00,0.2069,1.0526,1.6469,0.4643,1.0218,1.5540,-0.2866,1.0586,1.6535
115.50,0.2250,1.1433,1.5092,0.4731,1.1128,1.4110,-0.2918,1.1476,1.5069
116.00,0.2297,1.1881,1.4986,0.4822,1.1645,1.3976,-0.2836,1.2023,1.4900
116.50,0.2298,1.1896,1.4986,0.4826,1.1671,1.3968,-0.2834,1.2049,1.4893
117.00,0.2298,1.1896,1.4986,0.4826,1.1671,1.3966,-0.2834,1.2049,1.4890
117.50,0.2298,1.1896,1.4986,0.4826,1.1671,1.3961,-0.2834,1.2049,1.4886
118.00,0.2291,1.1896,1.5201,0.4824,1.1663,1.4134,-0.2835,1.2041,1.5059
118.50,0.2212,1.1896,1.7074,0.4824,1.1688,1.5954,-0.2838,1.2066,1.6879
119.00,0.2047,1.1897,1.9331,0.4799,1.1856,1.8229,-0.2878,1.2231,1.9154
119.50,0.1894,1.1900,2.1161,0.4744,1.2013,2.0086,-0.2947,1.2383,2.1011
120.00,0.1865,1.1900,2.1727,0.4725,1.2050,2.0708,-0.2969,1.2417,2.1632
120.50,0.1865,1.1900,2.1727,0.4726,1.2050,2.0700,-0.2969,1.2417,2.1625
121.00,0.1905,1.1842,2.1727,0.4746,1.2012,2.0697,-0.2946,1.2382,2.1622
121.50,0.2127,1.1519,2.1727,0.4920,1.1691,2.0691,-0.2742,1.2078,2.1616
122.00,0.2354,1.1189,2.1727,0.5123,1.1318,2.0686,-0.2505,1.1726,2.1611
122.50,0.2580,1.0859,2.1727,0.5318,1.0960,2.0683,-0.2465,1.0896,2.1677
123.00,0.2807,1.0530,2.1727,0.5518,1.0592,2.0677,-0.2230,1.0550,2.1671
123.50,0.3033,1.0200,2.1727,0.5709,1.0239,2.0673,-0.2081,1.0217,2.1668
124.00,0.3260,0.9870,2.1727,0.5896,0.9894,2.0668,-0.1884,0.9893,2.1663
124.50,0.3403,0.9658,2.1812,0.6037,0.9634,2.0719,-0.1718,0.9648,2.1714
125.00,0.3393,0.9659,2.2159,0.6034,0.9638,2.1067,-0.1721,0.9652,2.2062
125.50,0.3386,0.9659,2.2497,0.6031,0.9644,2.1403,-0.1725,0.9658,2.2398
126.00,0.3383,0.9660,2.2826,0.6027,0.9649,2.1731,-0.1729,0.9662,2.2725
126.50,0.3384,0.9659,2.3152,0.6028,0.9647,2.2054,-0.1727,0.9661,2.3048
127.00,0.3385,0.9656,2.3488,0.6029,0.9646,2.2390,-0.1726,0.9659,2.3385
127.50,0.3387,0.9657,2.3829,0.6031,0.9644,2.2723,-0.1725,0.9658,2.3718
128.00,0.3391,0.9658,2.4159,0.6030,0.9645,2.3050,-0.1725,0.9658,2.4045
128.50,0.3391,0.9657,2.4485,0.6031,0.9644,2.3370,-0.1724,0.9657,2.4365
129.00,0.3392,0.9652,2.4819,0.6033,0.9642,2.3702,-0.1722,0.9656,2.4697
129.50,0.3392,0.9642,2.5162,0.6042,0.9634,2.4042,-0.1713,0.9648,2.5037
130.00,0.3393,0.9629,2.5496,0.6048,0.9628,2.4368,-0.1567,0.9622,2.5430
130.50,0.3393,0.9615,2.5799,0.6064,0.9615,2.4708,-0.1508,0.9605,2.5789
131.00,0.3394,0.9599,2.6075,0.6078,0.9604,2.4980,-0.1493,0.9596,2.6062
131.50,0.3394,0.9580,2.6357,0.6091,0.9595,2.5256,-0.1479,0.9588,2.6338
132.00,0.3394,0.9559,2.6644,0.6107,0.9584,2.5545,-0.1463,0.9579,2.6627
132.50,0.3395,0.9534,2.6936,0.6134,0.9566,2.5827,-0.1433,0.9564,2.6909
133.00,0.3395,0.9508,2.7235,0.6158,0.9552,2.6126,-0.1408,0.9552,2.7208
133.50,0.3395,0.9478,2.7540,0.6178,0.9541,2.6431,-0.1388,0.9543,2.7513
134.00,0.3396,0.9446,2.7852,0.6202,0.9528,2.6740,-0.1362,0.9533,2.7822
134.50,0.3396,0.9411,2.8170,0.6233,0.9512,2.7058,-0.1329,0.9521,2.8139
135.00,0.3396,0.9373,2.8496,0.6275,0.9494,2.7376,-0.1286,0.9507,2.8458
135.50,0.3396,0.9333,2.8829,0.6310,0.9480,2.7703,-0.1250,0.9497,2.8785
136.00,0.3397,0.9290,2.9169,0.6346,0.9466,2.8040,-0.1212,0.9487,2.9122
136.50,0.3397,0.9244,2.9518,0.6392,0.9451,2.8382,-0.1165,0.9477,2.9464
137.00,0.3397,0.9195,2.9875,0.6435,0.9438,2.8733,-0.1120,0.9469,2.9815
137.50,0.3397,0.9143,3.0241,0.6488,0.9425,2.9097,-0.1442,0.9227,3.0152
138.00,0.3397,0.9089,3.0618,0.6548,0.9412,2.9465,-0.1493,0.9150,3.0512
138.50,0.3216,0.9008,-3.1223,0.6398,0.9433,3.0331,-0.1644,0.9155,3.1378
139.00,0.2420,0.8836,-3.0283,0.5633,0.9470,3.1297,-0.2408,0.9112,-3.0488
139.50,0.1164,0.8592,-2.9734,0.4361,0.9445,-3.0989,-0.3582,0.8621,-2.9820
140.00,-0.0074,0.8376,-2.9698,0.3080,0.9386,-3.0929,-0.4935,0.8370,-2.9760
140.50,-0.0814,0.8201,-2.9312,0.2256,0.9337,-3.0587,-0.5369,0.8225,-2.9399
141.00,-0.0964,0.8115,-2.8858,0.2044,0.9316,-3.0131,-0.5571,0.8157,-2.8926
141.50,-0.0964,0.8061,-2.8415,0.1979,0.9306,-2.9688,-0.5633,0.8140,-2.8484
142.00,-0.0964,0.8012,-2.7986,0.1934,0.9298,-2.9264,-0.5677,0.8126,-2.8059
142.50,-0.0965,0.7968,-2.7568,0.1891,0.9287,-2.8851,-0.5719,0.8111,-2.7647
143.00,-0.0965,0.7929,-2.7162,0.1844,0.9274,-2.8442,-0.5764,0.8092,-2.7238
143.50,-0.0966,0.7895,-2.6766,0.1808,0.9263,-2.8047,-0.5798,0.8076,-2.6843
144.00,-0.0966,0.7866,-2.6382,0.1778,0.9252,-2.7661,-0.5826,0.8062,-2.6457
144.50,-0.0967,0.7841,-2.6007,0.1757,0.9243,-2.7283,-0.5846,0.8050,-2.6079
145.00,-0.0967,0.7821,-2.5642,0.1733,0.9232,-2.6920,-0.5868,0.8037,-2.5716
145.50,-0.0968,0.7805,-2.5287,0.1716,0.9223,-2.6571,-0.5885,0.8026,-2.5367
146.00,-0.0968,0.7794,-2.4941,0.1706,0.9218,-2.6230,-0.5643,0.7824,-2.5026
146.50,-0.0969,0.7787,-2.4604,0.1700,0.9214,-2.5896,-0.5649,0.7819,-2.4692
147.00,-0.0969,0.7785,-2.4275,0.1698,0.9213,-2.5573,-0.5651,0.7818,-2.4369
147.50,-0.0968,0.7786,-2.3949,0.1698,0.9213,-2.5254,-0.5651,0.7818,-2.4050
148.00,-0.0966,0.7786,-2.3611,0.1700,0.9214,-2.4918,-0.5649,0.7820,-2.3714
148.50,-0.0966,0.7789,-2.3271,0.1702,0.9216,-2.4577,-0.5647,0.7822,-2.3373
149.00,-0.0967,0.7792,-2.2941,0.1707,0.9220,-2.4253,-0.5642,0.7827,-2.3049
149.50,-0.0966,0.7793,-2.2615,0.1709,0.9222,-2.3932,-0.5641,0.7828,-2.2728
150.00,-0.0961,0.7793,-2.2281,0.1714,0.9227,-2.3607,-0.5637,0.7834,-2.2403
150.50,-0.0951,0.7794,-2.1937,0.1721,0.9234,-2.3267,-0.5631,0.7841,-2.2063
151.00,-0.0937,0.7794,-2.1584,0.1727,0.9241,-2.2923,-0.5625,0.7849,-2.1719
151.50,-0.0918,0.7795,-2.1222,0.1742,0.9258,-2.2563,-0.5613,0.7868,-2.1359
152.00,-0.0894,0.7795,-2.0851,0.1757,0.9277,-2.2201,-0.5600,0.7889,-2.0996
152.50,-0.0866,0.7796,-2.0469,0.1774,0.9300,-2.1817,-0.5586,0.7914,-2.0613
153.00,-0.0833,0.7796,-2.0077,0.1794,0.9331,-2.1428,-0.5569,0.7947,-2.0224
153.50,-0.0796,0.7797,-1.9674,0.1817,0.9368,-2.1033,-0.5551,0.7986,-1.9829
154.00,-0.0753,0.7797,-1.9259,0.1846,0.9421,-2.0620,-0.5528,0.8042,-1.9416
154.50,-0.0706,0.7797,-1.8833,0.1868,0.9462,-2.0200,-0.5512,0.8086,-1.8996
155.00,-0.0653,0.7798,-1.8394,0.1887,0.9505,-1.9772,-0.5498,0.8131,-1.8568
155.50,-0.0596,0.7798,-1.7941,0.1909,0.9559,-1.9323,-0.5483,0.8187,-1.8119
156.00,-0.0534,0.7798,-1.7474,0.1929,0.9614,-1.8858,-0.5470,0.8244,-1.7654
156.50,-0.0467,0.7799,-1.6991,0.1948,0.9678,-1.8383,-0.5337,0.7859,-1.7092
157.00,-0.0396,0.7799,-1.6491,0.1963,0.9739,-1.7890,-0.5330,0.7922,-1.6598
157.50,-0.0319,0.7799,-1.5972,0.1980,0.9830,-1.7375,-0.5325,0.8014,-1.6084
158.00,-0.0239,0.7799,-1.5438,0.1983,0.9845,-1.6844,-0.5324,0.8029,-1.5553
158.50,-0.0163,0.7799,-1.4919,0.1977,0.9772,-1.6330,-0.5321,0.7956,-1.5039
159.00,-0.0092,0.7799,-1.4419,0.1973,0.9688,-1.5832,-0.5313,0.7872,-1.4541
159.50,-0.0025,0.7798,-1.3937,0.1974,0.9623,-1.5352,-0.5304,0.7808,-1.4060
160.00,0.0037,0.7798,-1.3470,0.1977,0.9566,-1.4884,-0.5294,0.7752,-1.3592
160.50,0.0094,0.7798,-1.3017,0.1984,0.9504,-1.4435,-0.5279,0.7692,-1.3143
161.00,0.0131,0.7798,-1.2645,0.1989,0.9467,-1.4061,-0.5269,0.7656,-1.2770
161.50,0.0179,0.7797,-1.2217,0.2000,0.9411,-1.3638,-0.5251,0.7601,-1.2347
162.00,0.0222,0.7797,-1.1800,0.2008,0.9375,-1.3224,-0.5239,0.7567,-1.1932
162.50,0.0261,0.7796,-1.1396,0.2020,0.9331,-1.2829,-0.5221,0.7525,-1.1538
163.00,0.0294,0.7796,-1.1002,0.2034,0.9286,-1.2441,-0.5201,0.7482,-1.1149
163.50,0.0323,0.7795,-1.0619,0.2044,0.9260,-1.2059,-0.5188,0.7457,-1.0768
164.00,0.0347,0.7795,-1.0246,0.2051,0.9242,-1.1692,-0.5179,0.7441,-1.0400
164.50,0.0367,0.7794,-0.9883,0.2060,0.9221,-1.1337,-0.5167,0.7421,-1.0046
165.00,0.0382,0.7794,-0.9529,0.2066,0.9208,-1.0984,-0.5159,0.7409,-0.9693
165.50,0.0392,0.7793,-0.9184,0.2068,0.9204,-1.0642,-0.5157,0.7405,-0.9351
166.00,0.0398,0.7793,-0.8848,0.2070,0.9202,-1.0311,-0.4637,0.7800,-0.8950
166.50,0.0400,0.7792,-0.8520,0.2070,0.9201,-0.9985,-0.4637,0.7800,-0.8623
167.00,0.0399,0.7794,-0.8193,0.2068,0.9204,-0.9660,-0.4639,0.7802,-0.8299
167.50,0.0399,0.7796,-0.7854,0.2066,0.9208,-0.9326,-0.4642,0.7805,-0.7965
168.00,0.0395,0.7795,-0.7515,0.2063,0.9211,-0.8989,-0.4645,0.7808,-0.7628
168.50,0.0393,0.7795,-0.7187,0.2060,0.9214,-0.8663,-0.4649,0.7811,-0.7302
169.00,0.0392,0.7796,-0.6860,0.2059,0.9216,-0.8338,-0.4650,0.7812,-0.6977
169.50,0.0391,0.7802,-0.6524,0.2055,0.9220,-0.8013,-0.4655,0.7816,-0.6652
170.00,0.0391,0.7813,-0.6179,0.2046,0.9229,-0.7675,-0.4665,0.7824,-0.6314
170.50,0.0390,0.7828,-0.5825,0.2033,0.9241,-0.7329,-0.4679,0.7834,-0.5968
171.00,0.0390,0.7847,-0.5461,0.2019,0.9254,-0.6967,-0.4695,0.7844,-0.5606
171.50,0.0389,0.7871,-0.5088,0.1992,0.9275,-0.6601,-0.4724,0.7862,-0.5240
172.00,0.0389,0.7900,-0.4705,0.1969,0.9293,-0.6225,-0.4750,0.7876,-0.4864
172.50,0.0388,0.7934,-0.4311,0.1937,0.9315,-0.5837,-0.4785,0.7894,-0.4476
173.00,0.0661,0.7917,-0.3175,0.2136,0.9198,-0.4845,-0.4572,0.7805,-0.3484
173.50,0.1560,0.7939,-0.1313,0.2930,0.8883,-0.2964,-0.3742,0.7601,-0.1603
174.00,0.2767,0.7859,-0.1081,0.4153,0.8549,-0.2657,-0.2226,0.7839,-0.1138
174.50,0.3642,0.7688,-0.2610,0.5074,0.8245,-0.4080,-0.1206,0.7675,-0.2545
175.00,0.4605,0.7408,-0.5127,0.5947,0.7724,-0.6635,-0.0360,0.7306,-0.5117
175.50,0.5568,0.6808,-0.6501,0.6781,0.6958,-0.8067,0.0781,0.6775,-0.6549
176.00,0.6082,0.6405,-0.6561,0.7223,0.6484,-0.8168,0.0966,0.6365,-0.6667
176.50,0.6178,0.6333,-0.6217,0.7305,0.6397,-0.7830,0.1060,0.6292,-0.6330
177.00,0.6177,0.6347,-0.5864,0.7293,0.6409,-0.7481,0.1046,0.6302,-0.5980
177.50,0.6380,0.6265,-0.4971,0.7431,0.6292,-0.6680,0.1200,0.6207,-0.5179
178.00,0.7172,0.6116,-0.2582,0.8107,0.5874,-0.4419,0.2078,0.5964,-0.2847
178.50,0.8443,0.6064,-0.0466,0.9330,0.5464,-0.2235,0.3234,0.5878,-0.0589
179.00,0.9504,0.6071,-0.0118,1.0417,0.5258,-0.1778,0.4431,0.6014,-0.0132
179.50,1.0317,0.5997,-0.1071,1.1231,0.5078,-0.2672,0.5131,0.5979,-0.1078
180.00,1.1569,0.5818,-0.1915,1.2469,0.4675,-0.3525,0.6461,0.5671,-0.1983
180.50,1.2839,0.5554,-0.2147,1.3716,0.4181,-0.3820,0.7695,0.5474,-0.2262
181.00,1.4116,0.5319,-0.1883,1.4997,0.3705,-0.3487,0.8800,0.5211,-0.1928
181.50,1.5387,0.5034,-0.2153,1.6274,0.3209,-0.3808,1.0115,0.4922,-0.2301
182.00,1.6661,0.4778,-0.2057,1.7538,0.2726,-0.3647,1.1253,0.4663,-0.2105
182.50,1.7925,0.4457,-0.2503,1.8766,0.2216,-0.4136,1.2505,0.4349,-0.2629
183.00,1.9193,0.4190,-0.1980,1.9982,0.1720,-0.3587,1.3667,0.4016,-0.2080
183.50,2.0463,0.3902,-0.2276,2.1226,0.1234,-0.3895,1.4813,0.3726,-0.2402
184.00,2.1732,0.3621,-0.2274,2.2457,0.0743,-0.3847,1.6013,0.3425,-0.2358
184.50,2.2990,0.3262,-0.2930,2.3682,0.0207,-0.4505,1.7525,0.3077,-0.3042
185.00,2.4219,0.2811,-0.3650,2.4855,-0.0417,-0.5263,1.8723,0.2631,-0.3792
185.50,2.5402,0.2326,-0.3787,2.5988,-0.1094,-0.5442,1.9843,0.2130,-0.3962
186.00,2.6564,0.1947,-0.2621,2.7027,-0.1665,-0.4378,2.1032,0.1716,-0.2871
186.50,2.7841,0.1659,-0.1222,2.8259,-0.2118,-0.2888,2.2240,0.1456,-0.1382
187.00,2.9131,0.1478,-0.1581,2.9557,-0.2504,-0.3178,2.3658,0.1167,-0.1644
187.50,3.0392,0.1229,-0.3391,3.0780,-0.3022,-0.5024,2.4768,0.0941,-0.3482
188.00,3.1594,0.0813,-0.4193,3.1883,-0.3708,-0.5903,2.5985,0.0506,-0.4335
188.50,3.2788,0.0321,-0.3452,3.3010,-0.4431,-0.5237,2.7289,-0.0009,-0.3661
189.00,3.4043,-0.0085,-0.1532,3.4252,-0.5000,-0.3296,2.8504,-0.0378,-0.1693
189.50,3.5335,-0.0312,-0.0968,3.5552,-0.5379,-0.2654,2.9748,-0.0543,-0.1078
190.00,3.6621,-0.0495,-0.2151,3.6785,-0.5772,-0.3821,3.0782,-0.0838,-0.2210
190.50,3.7866,-0.0766,-0.3653,3.7946,-0.6341,-0.5315,3.2165,-0.1211,-0.3739
191.00,3.9066,-0.1224,-0.3987,3.9026,-0.7022,-0.5727,3.3439,-0.1614,-0.4151
191.50,4.0281,-0.1672,-0.3270,4.0134,-0.7679,-0.4998,3.4534,-0.2093,-0.3387
192.00,4.1531,-0.2030,-0.2225,4.1358,-0.8273,-0.3947,3.5815,-0.2482,-0.2370
192.50,4.2800,-0.2325,-0.2443,4.2519,-0.8749,-0.4102,3.7160,-0.2770,-0.2525
193.00,4.4051,-0.2696,-0.2965,4.3757,-0.9339,-0.4646,3.8475,-0.3159,-0.3069
193.50,4.5285,-0.3138,-0.3362,4.4933,-0.9965,-0.5072,3.9534,-0.3592,-0.3496
194.00,4.6517,-0.3543,-0.2929,4.6056,-1.0577,-0.4673,4.0938,-0.4022,-0.3062
194.50,4.7763,-0.3919,-0.3052,4.7257,-1.1177,-0.4775,4.2122,-0.4417,-0.3199
195.00,4.9000,-0.4321,-0.3048,4.8414,-1.1786,-0.4790,4.3336,-0.4841,-0.3152
195.50,5.0233,-0.4756,-0.3517,4.9604,-1.2431,-0.5261,4.4437,-0.5285,-0.3615
196.00,5.1451,-0.5221,-0.3635,5.0769,-1.3121,-0.5400,4.5676,-0.5778,-0.3727
196.50,5.2653,-0.5748,-0.4241,5.1869,-1.3822,-0.6012,4.6999,-0.6289,-0.4296
197.00,5.3816,-0.6367,-0.5083,5.2970,-1.4644,-0.6843,4.8095,-0.6908,-0.5154
197.50,5.4924,-0.7073,-0.5956,5.3980,-1.5545,-0.7724,4.9272,-0.7628,-0.6008
198.00,5.5953,-0.7870,-0.7265,5.4911,-1.6575,-0.9060,5.0263,-0.8488,-0.7291
198.50,5.6878,-0.8791,-0.8451,5.5694,-1.7699,-1.0254,5.1135,-0.9353,-0.8538
199.00,5.7704,-0.9792,-0.9147,5.6348,-1.8871,-1.0964,5.2026,-1.0319,-0.9206
199.50,5.8457,-1.0851,-0.9693,5.6867,-1.9984,-1.1571,5.2689,-1.1398,-0.9855
200.00,5.9210,-1.1914,-0.9539,5.7424,-2.1218,-1.1403,5.3443,-1.2545,-0.9626
200.50,5.9954,-1.2979,-0.9580,5.7964,-2.2415,-1.1459,5.4186,-1.3705,-0.9673
201.00,6.0673,-1.3979,-0.9543,5.8494,-2.3562,-1.1408,5.5010,-1.4741,-0.9622
201.50,6.1067,-1.4547,-0.9894,5.8798,-2.4253,-1.1768,5.5432,-1.5367,-0.9982
202.00,6.1129,-1.4642,-1.0255,5.8849,-2.4379,-1.2128,5.5509,-1.5378,-1.0378
202.50,6.1104,-1.4642,-1.0628,5.8844,-2.4363,-1.2504,5.5502,-1.5364,-1.0753
203.00,6.1075,-1.4641,-1.1011,5.8832,-2.4324,-1.2891,5.5483,-1.5328,-1.1140
203.50,6.1042,-1.4641,-1.1405,5.8824,-2.4293,-1.3288,5.5470,-1.5299,-1.1537
204.00,6.1003,-1.4640,-1.1810,5.8815,-2.4253,-1.3695,5.5454,-1.5261,-1.1944
204.50,6.0960,-1.4640,-1.2226,5.8808,-2.4213,-1.4112,5.5440,-1.5222,-1.2361
205.00,6.0912,-1.4640,-1.2655,5.8800,-2.4153,-1.4546,5.5421,-1.5165,-1.2795
205.50,6.0859,-1.4639,-1.3096,5.8794,-2.4088,-1.4990,5.5404,-1.5102,-1.3239
206.00,6.0809,-1.4639,-1.3487,5.8791,-2.4031,-1.5408,5.5391,-1.5047,-1.3657
206.50,6.0848,-1.4639,-1.3090,5.8792,-2.4062,-1.5020,5.5398,-1.5076,-1.3269
207.00,6.0901,-1.4640,-1.2649,5.8797,-2.4112,-1.4587,5.5411,-1.5125,-1.2836
207.50,6.0949,-1.4640,-1.2221,5.8804,-2.4169,-1.4169,5.5428,-1.5180,-1.2418
208.00,6.0992,-1.4640,-1.1804,5.8811,-2.4208,-1.3763,5.5442,-1.5217,-1.2012
208.50,6.1031,-1.4641,-1.1400,5.8817,-2.4232,-1.3359,5.5452,-1.5240,-1.1609
209.00,6.1065,-1.4641,-1.1006,5.8822,-2.4251,-1.2968,5.5460,-1.5257,-1.1217
209.50,6.1093,-1.4642,-1.0623,5.8829,-2.4276,-1.2595,5.5471,-1.5281,-1.0845
210.00,6.1118,-1.4642,-1.0250,5.8833,-2.4287,-1.2216,5.5477,-1.5291,-1.0465
210.50,6.1137,-1.4643,-0.9886,5.8839,-2.4303,-1.1858,5.5486,-1.5306,-1.0107
211.00,6.1152,-1.4643,-0.9532,5.8848,-2.4323,-1.1506,5.5498,-1.5324,-0.9755
211.50,6.1162,-1.4644,-0.9187,5.8850,-2.4328,-1.1167,5.5501,-1.5329,-0.9416
212.00,6.1169,-1.4644,-0.8851,5.8851,-2.4331,-1.0828,5.5503,-1.5331,-0.9077
212.50,6.1170,-1.4645,-0.8524,5.8852,-2.4332,-1.0505,5.5504,-1.5332,-0.8754
213.00,6.1170,-1.4643,-0.8196,5.8851,-2.4331,-1.0181,5.5503,-1.5331,-0.8430
213.50,6.1169,-1.4641,-0.7857,5.8850,-2.4329,-0.9843,5.5501,-1.5329,-0.8092
214.00,6.1166,-1.4642,-0.7518,5.8849,-2.4327,-0.9513,5.5500,-1.5328,-0.7762
214.50,6.1163,-1.4643,-0.7190,5.8849,-2.4327,-0.9190,5.5499,-1.5327,-0.7439
215.00,6.1162,-1.4641,-0.6863,5.8847,-2.4325,-0.8867,5.5498,-1.5326,-0.7116
215.50,6.1162,-1.4635,-0.6527,5.8842,-2.4319,-0.8535,5.5492,-1.5321,-0.6784
216.00,6.1161,-1.4625,-0.6182,5.8833,-2.4309,-0.8194,5.5481,-1.5313,-0.6443
216.50,6.1161,-1.4610,-0.5828,5.8821,-2.4297,-0.7841,5.5468,-1.5303,-0.6090
217.00,6.1160,-1.4590,-0.5465,5.8806,-2.4282,-0.7483,5.5450,-1.5291,-0.5732
217.50,6.1160,-1.4566,-0.5092,5.8787,-2.4265,-0.7116,5.5428,-1.5278,-0.5365
218.00,6.1159,-1.4537,-0.4709,5.8766,-2.4248,-0.6738,5.5404,-1.5264,-0.4987
218.50,6.1159,-1.4504,-0.4315,5.8739,-2.4227,-0.6349,5.5374,-1.5248,-0.4598
219.00,6.1159,-1.4466,-0.3911,5.8715,-2.4210,-0.5947,5.5348,-1.5236,-0.4197
219.50,6.1158,-1.4422,-0.3495,5.8677,-2.4185,-0.5539,5.5306,-1.5218,-0.3788
220.00,6.1158,-1.4374,-0.3067,5.8636,-2.4161,-0.5117,5.5261,-1.5202,-0.3366
220.50,6.1157,-1.4321,-0.2626,5.8589,-2.4136,-0.4679,5.5210,-1.5185,-0.2928
221.00,6.1157,-1.4264,-0.2171,5.8542,-2.4114,-0.4231,5.5160,-1.5171,-0.2480
221.50,6.1157,-1.4235,-0.1957,5.8521,-2.4105,-0.4006,5.5138,-1.5166,-0.2255
222.00,6.1157,-1.4235,-0.1957,5.8521,-2.4105,-0.4008,5.5138,-1.5166,-0.2257
222.50,6.1157,-1.4235,-0.1957,5.8521,-2.4105,-0.4009,5.5138,-1.5166,-0.2258
223.00,6.1157,-1.4235,-0.1957,5.8521,-2.4105,-0.4014,5.5138,-1.5166,-0.2263
223.50,6.1157,-1.4228,-0.1799,5.8516,-2.4103,-0.3870,5.5133,-1.5165,-0.2119
224.00,6.1157,-1.4166,-0.1317,5.8465,-2.4083,-0.3391,5.5079,-1.5155,-0.1640
224.50,6.1157,-1.4094,-0.0818,5.8399,-2.4062,-0.2898,5.5403,-1.4888,-0.0938
225.00,6.1156,-1.4018,-0.0301,5.8340,-2.4046,-0.2390,5.5342,-1.4884,-0.0429
225.50,6.1156,-1.3938,0.0233,5.8329,-2.4043,-0.1858,5.5331,-1.4883,0.0102
226.00,6.1157,-1.3862,0.0754,5.8393,-2.4053,-0.1342,5.5395,-1.4881,0.0618
226.50,6.1157,-1.3790,0.1255,5.8471,-2.4062,-0.0840,5.5474,-1.4874,0.1120
227.00,6.1157,-1.3723,0.1739,5.8544,-2.4066,-0.0351,5.5547,-1.4864,0.1609
227.50,6.1157,-1.3660,0.2207,5.8616,-2.4067,0.0115,5.5617,-1.4851,0.2075
228.00,6.1157,-1.3603,0.2660,5.8666,-2.4065,0.0559,5.5666,-1.4840,0.2519
228.50,6.1158,-1.3550,0.3100,5.8731,-2.4061,0.0994,5.5729,-1.4822,0.2954
229.00,6.1158,-1.3503,0.3527,5.8780,-2.4055,0.1418,5.5775,-1.4807,0.3378
229.50,6.1158,-1.3460,0.3942,5.8821,-2.4048,0.1832,5.5815,-1.4792,0.3793
230.00,6.1159,-1.3422,0.4346,5.8870,-2.4038,0.2229,5.5860,-1.4773,0.4190
230.50,6.1159,-1.3389,0.4739,5.8911,-2.4028,0.2620,5.5899,-1.4755,0.4581
231.00,6.1160,-1.3360,0.5121,5.8945,-2.4018,0.3000,5.5930,-1.4738,0.4961
231.50,6.1160,-1.3337,0.5493,5.8966,-2.4011,0.3370,5.5453,-1.4134,0.5365
232.00,6.1161,-1.3317,0.5856,5.8987,-2.4003,0.3733,5.5472,-1.4122,0.5728
232.50,6.1161,-1.3303,0.6209,5.9000,-2.3998,0.4085,5.5483,-1.4114,0.6080
233.00,6.1162,-1.3293,0.6553,5.9009,-2.3994,0.4429,5.5491,-1.4109,0.6424
233.50,6.1162,-1.3287,0.6888,5.9015,-2.3991,0.4759,5.5497,-1.4104,0.6754
234.00,6.1163,-1.3286,0.7215,5.9018,-2.3990,0.5079,5.5499,-1.4103,0.7074
234.50,6.1161,-1.3287,0.7544,5.9015,-2.3991,0.5409,5.5497,-1.4104,0.7404
235.00,6.1159,-1.3287,0.7883,5.9014,-2.3992,0.5746,5.5496,-1.4105,0.7741
235.50,6.1160,-1.3291,0.8221,5.9010,-2.3994,0.6087,5.5493,-1.4108,0.8082
236.00,6.1161,-1.3293,0.8548,5.9007,-2.3996,0.6408,5.5490,-1.4111,0.8403
236.50,6.1159,-1.3294,0.8876,5.9003,-2.3999,0.6732,5.5487,-1.4115,0.8727
237.00,6.1152,-1.3294,0.9213,5.8995,-2.4006,0.7064,5.5480,-1.4123,0.9059
237.50,6.1142,-1.3295,0.9559,5.8988,-2.4013,0.7406,5.5474,-1.4131,0.9401
238.00,6.1215,-1.3138,1.0323,5.9108,-2.3893,0.8096,5.5568,-1.3990,1.0092
238.50,6.1476,-1.2424,1.1597,5.9586,-2.3309,0.9396,5.5851,-1.3250,1.1445
239.00,6.1936,-1.1249,1.1949,6.0331,-2.2248,0.9773,5.6343,-1.2037,1.1837
239.50,6.2427,-1.0041,1.1750,6.1058,-2.1177,0.9568,5.6835,-1.0840,1.1668
240.00,6.2971,-0.8922,1.1141,6.1817,-2.0172,0.8916,5.7368,-0.9698,1.1016
240.50,6.3299,-0.8298,1.1765,6.2281,-1.9584,0.9436,5.7703,-0.9106,1.1570
241.00,6.3514,-0.8191,1.3805,6.2415,-1.9367,1.1407,5.7875,-0.8892,1.3596
241.50,6.3647,-0.8191,1.6252,6.2451,-1.9273,1.3939,5.7915,-0.8793,1.6144
242.00,6.3690,-0.8191,1.7851,6.2447,-1.9323,1.5581,5.7922,-0.8843,1.7786
242.50,6.3680,-0.8190,1.8136,6.2447,-1.9315,1.5937,5.7921,-0.8835,1.8141
243.00,6.3735,-0.8191,1.7675,6.2447,-1.9362,1.5467,5.7931,-0.8881,1.7671
243.50,6.3791,-0.8191,1.7259,6.2444,-1.9421,1.5020,5.7941,-0.8939,1.7225
244.00,6.3842,-0.8191,1.6893,6.2439,-1.9477,1.4647,5.7948,-0.8995,1.6852
244.50,6.3896,-0.8191,1.6517,6.2433,-1.9528,1.4270,5.7953,-0.9046,1.6475
245.00,6.3953,-0.8191,1.6130,6.2423,-1.9590,1.3878,5.7957,-0.9108,1.6082
245.50,6.4012,-0.8191,1.5732,6.2408,-1.9661,1.3480,5.7958,-0.9181,1.5684
246.00,6.4072,-0.8191,1.5333,6.2420,-1.9614,1.3073,5.7959,-0.9133,1.5278
246.50,6.4129,-0.8191,1.4945,6.2435,-1.9563,1.2678,5.7963,-0.9080,1.4882
247.00,6.4183,-0.8191,1.4568,6.2451,-1.9513,1.2293,5.7968,-0.9027,1.4498
247.50,6.4235,-0.8191,1.4200,6.2470,-1.9462,1.1921,5.7975,-0.8974,1.4125
248.00,6.4284,-0.8191,1.3842,6.2487,-1.9423,1.1564,5.7983,-0.8931,1.3769
248.50,6.4330,-0.8190,1.3493,6.2509,-1.9374,1.1205,5.7994,-0.8879,1.3410
249.00,6.4374,-0.8190,1.3136,6.2530,-1.9332,1.0860,5.8005,-0.8833,1.3065
249.50,6.4420,-0.8190,1.2743,6.2551,-1.9294,1.0472,5.8018,-0.8792,1.2677
250.00,6.4527,-0.7855,1.1539,6.2743,-1.9003,0.9346,5.8141,-0.8466,1.1550
250.50,6.4905,-0.6976,1.0723,6.3361,-1.8259,0.8454,5.9453,-0.7757,1.0589
251.00,6.5502,-0.5827,1.1015,6.4268,-1.7216,0.8736,5.9981,-0.6546,1.0906
251.50,6.6123,-0.4677,1.0536,6.5127,-1.6220,0.8284,6.0552,-0.5517,1.0454
252.00,6.6832,-0.3591,0.9200,6.6090,-1.5296,0.6941,6.1315,-0.4362,0.9132
252.50,6.7649,-0.2586,0.8538,6.7116,-1.4506,0.6242,6.2019,-0.3425,0.8429
253.00,6.8497,-0.1601,0.8871,6.8179,-1.3733,0.6512,6.2967,-0.2397,0.8716
253.50,6.9278,-0.0568,0.9410,6.9214,-1.2890,0.7098,6.3694,-0.1350,0.9338
254.00,7.0029,0.0489,0.9575,7.0204,-1.2026,0.7266,6.4445,-0.0339,0.9467
254.50,7.0788,0.1547,0.9416,7.1213,-1.1138,0.7125,6.5279,0.0748,0.9312
255.00,7.1561,0.2595,0.9247,7.2191,-1.0300,0.6953,6.5946,0.1719,0.9123
255.50,7.2352,0.3629,0.9141,7.3204,-0.9463,0.6846,6.6855,0.2855,0.9016
256.00,7.3140,0.4661,0.9240,7.4173,-0.8667,0.6948,6.7630,0.3741,0.9118
256.50,7.3929,0.5696,0.9071,7.5170,-0.7841,0.6791,6.8425,0.4862,0.8961
257.00,7.4746,0.6711,0.8804,7.6198,-0.7031,0.6546,6.9253,0.5876,0.8689
257.50,7.5596,0.7694,0.8518,7.7300,-0.6225,0.6224,7.0158,0.6898,0.8359
258.00,7.6422,0.8700,0.9433,7.8344,-0.5427,0.7070,7.1009,0.7800,0.9205
258.50,7.7159,0.9803,1.0765,7.9323,-0.4459,0.8442,7.1760,0.8953,1.0577
259.00,7.7772,1.0958,1.0974,8.0167,-0.3475,0.8671,7.2375,1.0017,1.0806
259.50,7.8377,1.2113,1.0827,8.1037,-0.2457,0.8529,7.3010,1.1273,1.0664
260.00,7.8990,1.3259,1.1012,8.1870,-0.1512,0.8653,7.3624,1.2273,1.0788
260.50,7.9534,1.4434,1.1376,8.2692,-0.0485,0.9087,7.4209,1.3551,1.1221
261.00,8.0054,1.5475,1.1111,8.3492,0.0498,0.8780,7.4783,1.4604,1.0915
261.50,8.0315,1.5984,1.1502,8.3875,0.0976,0.9176,7.4980,1.5130,1.1311
262.00,8.0343,1.6030,1.1908,8.3916,0.1029,0.9577,7.4985,1.5190,1.1712
262.50,8.0300,1.6030,1.2327,8.3894,0.0997,0.9990,7.4971,1.5154,1.2125
263.00,8.0250,1.6029,1.2758,8.3868,0.0953,1.0419,7.4954,1.5106,1.2554
263.50,8.0196,1.6029,1.3203,8.3846,0.0913,1.0866,7.4941,1.5062,1.3001
264.00,8.0137,1.6029,1.3661,8.3818,0.0857,1.1321,7.4926,1.5001,1.3456
264.50,8.0073,1.6028,1.4135,8.3793,0.0801,1.1787,7.4914,1.4941,1.3922
265.00,8.0004,1.6028,1.4624,8.3768,0.0734,1.2275,7.4903,1.4870,1.4409
265.50,7.9930,1.6028,1.5132,8.3745,0.0665,1.2776,7.4895,1.4798,1.4911
266.00,7.9881,1.6028,1.5436,8.3733,0.0620,1.3118,7.4893,1.4752,1.5252
266.50,7.9938,1.6028,1.4921,8.3749,0.0675,1.2583,7.4897,1.4809,1.4718
267.00,8.0010,1.6028,1.4421,8.3774,0.0746,1.2079,7.4906,1.4883,1.4213
267.50,8.0077,1.6029,1.3938,8.3794,0.0795,1.1595,7.4915,1.4935,1.3730
268.00,8.0141,1.6050,1.3415,8.3824,0.0860,1.1102,7.4931,1.5006,1.3237
268.50,8.0281,1.6514,1.2505,8.4040,0.1243,1.0191,7.5061,1.5425,1.2326
269.00,8.0601,1.7543,1.1750,8.4627,0.2127,0.9479,7.5350,1.6613,1.1648
269.50,8.1082,1.8711,1.0622,8.5458,0.3144,0.8309,7.5942,1.7785,1.0478
270.00,8.1716,1.9823,0.9905,8.6373,0.4076,0.7570,7.6516,1.8890,0.9759
270.50,8.2422,2.0909,0.9994,8.7331,0.4976,0.7622,7.7178,1.9877,0.9791
271.00,8.3107,2.2009,1.0134,8.8288,0.5909,0.7751,7.7909,2.1019,0.9929
271.50,8.3753,2.3132,1.0883,8.9199,0.6854,0.8483,7.8495,2.2115,1.0652
272.00,8.4344,2.4291,1.0891,9.0048,0.7842,0.8549,7.9114,2.3262,1.0754
272.50,8.5006,2.5423,1.0313,9.0956,0.8820,0.7959,7.9782,2.4417,1.0128
273.00,8.5717,2.6523,0.9894,9.1916,0.9754,0.7519,8.0519,2.5534,0.9723
273.50,8.6436,2.7608,0.9850,9.2907,1.0675,0.7464,8.1281,2.6553,0.9633
274.00,8.7164,2.8688,0.9743,9.3919,1.1599,0.7359,8.2073,2.7671,0.9555
274.50,8.7881,2.9768,0.9864,9.4852,1.2454,0.7474,8.2797,2.8709,0.9679
275.00,8.8608,3.0849,0.9642,9.5803,1.3327,0.7274,8.3534,2.9769,0.9444
275.50,8.9395,3.1890,0.8795,9.6768,1.4125,0.6445,8.4306,3.0756,0.8650
276.00,9.0278,3.2847,0.7769,9.7887,1.4866,0.5359,8.5236,3.1824,0.7563
276.50,9.1231,3.3735,0.7393,9.8968,1.5472,0.4962,8.6160,3.2648,0.7201
277.00,9.2148,3.4619,0.8190,10.0103,1.6124,0.5696,8.7145,3.3459,0.7935
277.50,9.2710,3.5283,1.0171,10.0834,1.6672,0.7634,8.7710,3.4136,0.9839
278.00,9.3114,3.6212,1.2645,10.1465,1.7450,1.0082,8.8157,3.5031,1.2321
278.50,9.3418,3.7479,1.4241,10.2043,1.8567,1.1711,8.8473,3.6248,1.3950
279.00,9.3630,3.8772,1.5254,10.2490,1.9802,1.2724,8.8638,3.7651,1.4999
279.50,9.3715,4.0072,1.5712,10.2838,2.1038,1.3177,8.8802,3.8833,1.5478
280.00,9.3699,4.1372,1.5894,10.3172,2.2396,1.3356,8.8915,4.0232,1.5630
280.50,9.3619,4.2670,1.6302,10.3444,2.3656,1.3776,8.8892,4.1498,1.6024
281.00,9.3554,4.3968,1.6078,10.3710,2.4985,1.3556,8.8757,4.2776,1.5830
281.50,9.3556,4.5268,1.5772,10.4017,2.6248,1.3204,8.8869,4.4076,1.5478
282.00,9.3496,4.6567,1.6192,10.4319,2.7560,1.3628,8.8870,4.5422,1.5903
282.50,9.3436,4.7866,1.6165,10.4583,2.8817,1.3610,8.8843,4.6606,1.5884
283.00,9.3397,4.9165,1.6071,10.4859,3.0080,1.3514,8.8826,4.7899,1.5789
283.50,9.3374,5.0464,1.5817,10.5171,3.1428,1.3238,8.8827,4.9359,1.5512
284.00,9.3317,5.1763,1.6558,10.5468,3.2743,1.3946,8.8818,5.0630,1.6220
284.50,9.3171,5.3048,1.7834,10.5627,3.4095,1.5223,8.8665,5.1884,1.7471
285.00,9.2934,5.4290,1.9656,10.5578,3.5427,1.7049,8.8415,5.3170,1.9253
285.50,9.2532,5.5306,2.1889,10.5302,3.6546,1.9297,8.8080,5.4102,2.1529
286.00,9.2126,5.5810,2.2964,10.5017,3.7191,2.0423,8.7756,5.4688,2.2636
286.50,9.2069,5.5871,2.3299,10.4969,3.7283,2.0752,8.7711,5.4744,2.2957
287.00,9.2070,5.5870,2.3640,10.4970,3.7282,2.1091,8.7712,5.4743,2.3296
287.50,9.2074,5.5871,2.3977,10.4972,3.7280,2.1424,8.7715,5.4741,2.3629
288.00,9.2076,5.5871,2.4302,10.4974,3.7277,2.1748,8.7718,5.4739,2.3952
288.50,9.2076,5.5869,2.4632,10.4976,3.7275,2.2072,8.7719,5.4737,2.4277
289.00,9.2077,5.5862,2.4970,10.4979,3.7272,2.2404,8.7723,5.4735,2.4608
289.50,9.2077,5.5850,2.5317,10.4986,3.7263,2.2741,8.7732,5.4728,2.4946
290.00,9.2078,5.5834,2.5673,10.4998,3.7250,2.3098,8.7746,5.4718,2.5303
290.50,9.2078,5.5814,2.6038,10.5009,3.7238,2.3461,8.7760,5.4708,2.5665
291.00,9.2079,5.5789,2.6414,10.5025,3.7222,2.3824,8.7779,5.4697,2.6028
291.50,9.2079,5.5759,2.6799,10.5051,3.7198,2.4206,8.7809,5.4679,2.6411
292.00,9.2080,5.5724,2.7195,10.5075,3.7178,2.4599,8.7837,5.4665,2.6803
292.50,9.2080,5.5685,2.7602,10.5100,3.7158,2.5002,8.7866,5.4651,2.7206
293.00,9.2081,5.5640,2.8021,10.5139,3.7131,2.5415,8.7910,5.4632,2.7619
293.50,9.2081,5.5591,2.8452,10.5181,3.7103,2.5845,8.7957,5.4615,2.8050
294.00,9.2081,5.5545,2.8834,10.5221,3.7079,2.6234,8.8001,5.4600,2.8438
294.50,9.2081,5.5501,2.9175,10.5272,3.7051,2.6568,8.8057,5.4584,2.8773
295.00,9.2082,5.5455,2.9524,10.5304,3.7035,2.6912,8.8092,5.4575,2.9116
295.50,9.2082,5.5407,2.9881,10.5348,3.7015,2.7269,8.8140,5.4565,2.9474
296.00,9.2082,5.5355,3.0248,10.5405,3.6991,2.7634,8.8200,5.4554,2.9838
296.50,9.2082,5.5301,3.0624,10.5449,3.6975,2.8011,8.8247,5.4548,3.0215
297.00,9.2082,5.5244,3.1011,10.5497,3.6958,2.8396,8.8297,5.4543,3.0601
297.50,9.2082,5.5185,3.1410,10.5556,3.6941,2.8794,8.8358,5.4539,3.0998
298.00,9.2082,5.5126,-3.1023,10.5504,3.6954,2.9191,8.8305,5.4540,3.1395
298.50,9.2082,5.5069,-3.0636,10.5442,3.6967,2.9576,8.8242,5.4539,-3.1052
299.00,9.2082,5.5014,-3.0259,10.5381,3.6977,2.9951,8.8180,5.4536,-3.0676
299.50,9.2082,5.4963,-2.9892,10.5341,3.6982,3.0317,8.8140,5.4532,-3.0310
300.00,9.2082,5.4914,-2.9533,10.5293,3.6987,3.0671,8.8092,5.4526,-2.9956
300.50,9.2081,5.4854,-2.9070,10.5236,3.6990,3.1142,8.8035,5.4516,-2.9485
301.00,9.2081,5.4798,-2.8621,10.5175,3.6990,-3.1246,8.7976,5.4503,-2.9042
301.50,9.2081,5.4747,-2.8185,10.5111,3.6988,-3.0810,8.7914,5.4487,-2.8605
302.00,9.2080,5.4701,-2.7761,10.5072,3.6985,-3.0390,8.7877,5.4475,-2.8186
302.50,9.2080,5.4660,-2.7350,10.5033,3.6980,-2.9984,8.7840,5.4462,-2.7780
303.00,9.2079,5.4623,-2.6950,10.4989,3.6973,-2.9590,8.7798,5.4445,-2.7386
303.50,9.2079,5.4591,-2.6560,10.4948,3.6964,-2.9202,8.7760,5.4428,-2.6998
304.00,9.2079,5.4565,-2.6181,10.4928,3.6960,-2.8827,8.7742,5.4419,-2.6622
304.50,9.2078,5.4542,-2.5812,10.4911,3.6955,-2.8462,8.7727,5.4411,-2.6258
305.00,9.2077,5.4525,-2.5452,10.4889,3.6948,-2.8107,8.7706,5.4399,-2.5903
305.50,9.2077,5.4511,-2.5101,10.4878,3.6943,-2.7764,8.7696,5.4393,-2.5560
306.00,9.2077,5.4505,-2.4865,10.4872,3.6941,-2.7521,8.7691,5.4389,-2.5317
306.50,9.2076,5.4500,-2.4580,10.4866,3.6939,-2.7237,8.7686,5.4386,-2.5032
307.00,9.2076,5.4499,-2.4334,10.4862,3.6937,-2.6996,8.7682,5.4383,-2.4791
307.50,9.2076,5.4499,-2.4090,10.4862,3.6937,-2.6760,8.7682,5.4383,-2.4555
308.00,9.2078,5.4499,-2.3842,10.4862,3.6937,-2.6522,8.7682,5.4383,-2.4317
308.50,9.2079,5.4500,-2.3587,10.4863,3.6938,-2.6270,8.7683,5.4384,-2.4066
309.00,9.2079,5.4501,-2.3331,10.4866,3.6939,-2.6015,8.7685,5.4386,-2.3811
309.50,9.2078,5.4505,-2.3082,10.4870,3.6942,-2.5771,8.7689,5.4389,-2.3567
310.00,9.2078,5.4506,-2.2838,10.4872,3.6943,-2.5529,8.7690,5.4390,-2.3324
310.50,9.2079,5.4506,-2.2592,10.4874,3.6945,-2.5290,8.7693,5.4393,-2.3086
311.00,9.2083,5.4507,-2.2341,10.4875,3.6945,-2.5045,8.7693,5.4393,-2.2841
311.50,9.2089,5.4507,-2.2086,10.4879,3.6948,-2.4796,8.7696,5.4397,-2.2592
312.00,9.2098,5.4507,-2.1825,10.4886,3.6954,-2.4538,8.7702,5.4405,-2.2333
312.50,9.2110,5.4508,-2.1559,10.4893,3.6959,-2.4274,8.7707,5.4411,-2.2069
313.00,9.2124,5.4508,-2.1288,10.4901,3.6967,-2.4007,8.7714,5.4421,-2.1802
313.50,9.2140,5.4509,-2.1012,10.4916,3.6981,-2.3737,8.7726,5.4438,-2.1532
314.00,9.2159,5.4509,-2.0730,10.4927,3.6992,-2.3460,8.7734,5.4451,-2.1256
314.50,9.2181,5.4509,-2.0442,10.4941,3.7007,-2.3176,8.7744,5.4468,-2.0971
315.00,9.2205,5.4510,-2.0148,10.4956,3.7023,-2.2893,8.7755,5.4487,-2.0688
315.50,9.2233,5.4510,-1.9849,10.4976,3.7046,-2.2600,8.7769,5.4514,-2.0396
316.00,9.2262,5.4510,-1.9543,10.4996,3.7071,-2.2295,8.7783,5.4543,-2.0090
316.50,9.2295,5.4511,-1.9230,10.5019,3.7102,-2.1982,8.7799,5.4578,-1.9777
317.00,9.2330,5.4511,-1.8911,10.5043,3.7137,-2.1665,8.7815,5.4617,-1.9460
317.50,9.2369,5.4511,-1.8584,10.5060,3.7163,-2.1343,8.7826,5.4646,-1.9138
318.00,9.2409,5.4511,-1.8251,10.5083,3.7200,-2.1008,8.7841,5.4688,-1.8803
318.50,9.2453,5.4512,-1.7909,10.5103,3.7236,-2.0674,8.7852,5.4727,-1.8469
319.00,9.2499,5.4512,-1.7559,10.5127,3.7281,-2.0323,8.7865,5.4777,-1.8118
319.50,9.2548,5.4512,-1.7201,10.5145,3.7319,-1.9971,8.7875,5.4817,-1.7767
320.00,9.2600,5.4512,-1.6833,10.5169,3.7374,-1.9611,8.7886,5.4877,-1.7407
320.50,9.2655,5.4512,-1.6454,10.5187,3.7420,-1.9237,8.8144,5.3533,-1.6788
321.00,9.2729,5.4512,-1.5934,10.5210,3.7488,-1.8715,8.8150,5.3605,-1.6266
321.50,9.2827,5.4375,-1.4982,10.5191,3.7411,-1.7887,8.8150,5.3525,-1.5438
322.00,9.3024,5.3652,-1.3411,10.5099,3.6666,-1.6287,8.8241,5.2780,-1.3838
322.50,9.3312,5.2438,-1.3526,10.5040,3.5414,-1.6330,8.8785,5.1351,-1.3803
323.00,9.3535,5.1153,-1.5193,10.4859,3.4076,-1.7983,8.8941,5.0010,-1.5394
323.50,9.3622,4.9853,-1.5893,10.4504,3.2834,-1.8738,8.8914,4.8719,-1.6149
324.00,9.3607,4.8553,-1.5893,10.4101,3.1527,-1.8699,8.8960,4.7452,-1.6145
324.50,9.3575,4.7253,-1.5911,10.3694,3.0238,-1.8738,8.8897,4.6102,-1.6219
325.00,9.3602,4.5954,-1.5658,10.3315,2.8966,-1.8481,8.8846,4.4775,-1.5962
325.50,9.3618,4.4654,-1.5636,10.2945,2.7644,-1.8459,8.8862,4.3466,-1.5902
326.00,9.3638,4.3354,-1.5581,10.2577,2.6332,-1.8407,8.8838,4.2204,-1.5854
326.50,9.3667,4.2054,-1.5559,10.2224,2.5040,-1.8384,8.8866,4.0909,-1.5796
327.00,9.3672,4.0754,-1.5620,10.1868,2.3772,-1.8459,8.8846,3.9616,-1.5871
327.50,9.3679,3.9454,-1.5664,10.1509,2.2499,-1.8491,8.8822,3.8316,-1.5872
328.00,9.3614,3.8154,-1.6151,10.1120,2.1219,-1.8941,8.8779,3.6979,-1.6344
328.50,9.3458,3.6859,-1.7037,10.0637,1.9961,-1.9854,8.8592,3.5741,-1.7258
329.00,9.3210,3.5577,-1.7719,10.0084,1.8798,-2.0524,8.8310,3.4471,-1.7883
329.50,9.2872,3.4319,-1.8811,9.9396,1.7636,-2.1636,8.7908,3.3214,-1.8978
330.00,9.2442,3.3100,-1.9709,9.8599,1.6557,-2.2539,8.7424,3.1986,-1.9898
330.50,9.1921,3.1926,-2.0538,9.7753,1.5601,-2.3383,8.6903,3.0885,-2.0743
331.00,9.1303,3.0782,-2.0766,9.6786,1.4622,-2.3598,8.6293,2.9687,-2.0940
331.50,9.0632,2.9656,-2.1100,9.5850,1.3725,-2.3943,8.5630,2.8609,-2.1302
332.00,8.9970,2.8539,-2.0837,9.4895,1.2840,-2.3745,8.4939,2.7517,-2.1070
332.50,8.9388,2.7381,-2.0187,9.3941,1.1838,-2.3041,8.4283,2.6299,-2.0365
333.00,8.8827,2.6209,-2.0141,9.3052,1.0855,-2.3002,8.3687,2.5215,-2.0344
333.50,8.8232,2.5045,-2.0604,9.2153,0.9878,-2.3433,8.3126,2.4035,-2.0758
334.00,8.7550,2.3917,-2.1268,9.1168,0.8928,-2.4109,8.2426,2.2917,-2.1434
334.50,8.6830,2.2825,-2.1531,9.0155,0.8055,-2.4414,8.1628,2.1847,-2.1734
335.00,8.6127,2.1736,-2.1314,8.9122,0.7176,-2.4215,8.0865,2.0726,-2.1539
335.50,8.5447,2.0630,-2.1261,8.8108,0.6273,-2.4161,8.0224,1.9687,-2.1451
336.00,8.4761,1.9526,-2.1177,8.7057,0.5342,-2.4100,7.9507,1.8509,-2.1372
336.50,8.4107,1.8408,-2.1026,8.6062,0.4422,-2.3906,7.8883,1.7456,-2.1187
337.00,8.3423,1.7296,-2.1208,8.5106,0.3552,-2.4104,7.8155,1.6363,-2.1402
337.50,8.2773,1.6177,-2.0955,8.4169,0.2682,-2.3830,7.7516,1.5277,-2.1114
338.00,8.2100,1.5059,-2.1174,8.3203,0.1787,-2.4058,7.6836,1.4156,-2.1339
338.50,8.1402,1.3954,-2.1385,8.2134,0.0838,-2.4272,7.6095,1.2987,-2.1540
339.00,8.0680,1.2867,-2.1559,8.1089,-0.0045,-2.4484,7.5336,1.1910,-2.1747
339.50,7.9980,1.1776,-2.1405,8.0084,-0.0900,-2.4315,7.4682,1.0901,-2.1565
340.00,7.9259,1.0688,-2.1618,7.9097,-0.1730,-2.4526,7.3956,0.9836,-2.1754
340.50,7.8514,0.9617,-2.1829,7.8073,-0.2555,-2.4743,7.3187,0.8764,-2.1985
341.00,7.7749,0.8561,-2.2016,7.7009,-0.3375,-2.4957,7.2385,0.7687,-2.2186
341.50,7.6978,0.7512,-2.2108,7.5918,-0.4195,-2.5048,7.1599,0.6645,-2.2259
342.00,7.6195,0.6473,-2.2190,7.4842,-0.4983,-2.5112,7.0762,0.5636,-2.2323
342.50,7.5380,0.5460,-2.2937,7.3770,-0.5721,-2.5845,7.0001,0.4631,-2.3042
343.00,7.4492,0.4506,-2.3411,7.2671,-0.6363,-2.6330,6.9125,0.3709,-2.3523
343.50,7.3599,0.3565,-2.3054,7.1479,-0.7044,-2.5996,6.8168,0.2763,-2.3194
344.00,7.2749,0.2583,-2.2659,7.0318,-0.7775,-2.5605,6.7280,0.1750,-2.2799
344.50,7.1910,0.1590,-2.2805,6.9201,-0.8502,-2.5739,6.6499,0.0816,-2.2906
345.00,7.1056,0.0609,-2.2896,6.8048,-0.9227,-2.5834,6.5555,-0.0209,-2.3016
345.50,7.0213,-0.0379,-2.2611,6.6872,-0.9979,-2.5558,6.4671,-0.1175,-2.2734
346.00,6.9398,-0.1390,-2.2439,6.5716,-1.0763,-2.5391,6.3834,-0.2181,-2.2550
346.50,6.8575,-0.2397,-2.2850,6.4582,-1.1524,-2.5785,6.3031,-0.3167,-2.2932
347.00,6.7696,-0.3358,-2.3355,6.3484,-1.2173,-2.6297,6.2168,-0.4099,-2.3444
347.50,6.6795,-0.4293,-2.3190,6.2314,-1.2826,-2.6190,6.1181,-0.5055,-2.3331
348.00,6.5954,-0.5283,-2.2333,6.1184,-1.3545,-2.5322,6.0376,-0.6035,-2.2457
348.50,6.5169,-0.6317,-2.2293,6.0092,-1.4328,-2.5235,5.9622,-0.7051,-2.2376
349.00,6.4337,-0.7316,-2.2944,5.9004,-1.5047,-2.5903,5.8722,-0.8033,-2.3033
349.50,6.3572,-0.8196,-2.2547,5.7968,-1.5692,-2.5562,5.7946,-0.8945,-2.2696
350.00,6.3015,-0.8948,-2.0795,5.7246,-1.6251,-2.3888,5.7476,-0.9685,-2.1018
350.50,6.2552,-0.9988,-1.8391,5.6469,-1.7193,-2.1462,5.6972,-1.0752,-1.8574
351.00,6.2185,-1.1262,-1.6996,5.5795,-1.8419,-2.0082,5.6675,-1.2019,-1.7190
351.50,6.1906,-1.2558,-1.4746,5.5336,-1.9698,-1.7874,5.6554,-1.3232,-1.4968
352.00,6.1905,-1.3833,-1.2904,5.5179,-2.1017,-1.6039,5.6369,-1.4541,-1.3129
352.50,6.2206,-1.5051,-1.1553,5.5235,-2.2331,-1.4640,5.6579,-1.5783,-1.1682
353.00,6.2724,-1.6236,-1.1509,5.5390,-2.3648,-1.4576,5.7050,-1.6953,-1.1601
353.50,6.3262,-1.7421,-1.1512,5.5549,-2.5005,-1.4550,5.7595,-1.8206,-1.1609
354.00,6.3789,-1.8610,-1.1452,5.5709,-2.6421,-1.4507,5.8089,-1.9413,-1.1562
354.50,6.4386,-1.9779,-1.0971,5.5903,-2.7751,-1.4000,5.8704,-2.0517,-1.1078
355.00,6.4944,-2.0944,-1.1339,5.6119,-2.9100,-1.4360,5.9155,-2.1692,-1.1441
355.50,6.5502,-2.2121,-1.1191,5.6302,-3.0442,-1.4213,5.9742,-2.2925,-1.1308
356.00,6.6103,-2.3283,-1.0890,5.6520,-3.1791,-1.3924,6.0255,-2.4053,-1.0987
356.50,6.6748,-2.4424,-1.0572,5.6781,-3.3092,-1.3584,6.0931,-2.5167,-1.0679
357.00,6.7406,-2.5552,-1.0405,5.7073,-3.4404,-1.3423,6.1588,-2.6339,-1.0535
357.50,6.8092,-2.6665,-1.0134,5.7386,-3.5682,-1.3142,6.2247,-2.7475,-1.0237
358.00,6.8755,-2.7778,-1.0634,5.7705,-3.6967,-1.3602,6.2931,-2.8618,-1.0697
358.50,6.9361,-2.8925,-1.0810,5.7941,-3.8180,-1.3794,6.3501,-2.9659,-1.0889
359.00,6.9971,-3.0074,-1.0727,5.8195,-3.9510,-1.3736,6.4127,-3.0925,-1.0862
359.50,7.0647,-3.1200,-1.0233,5.8481,-4.0774,-1.3237,6.4757,-3.2048,-1.0332
360.00,7.1323,-3.2309,-1.0287,5.8796,-4.2010,-1.3270,6.5413,-3.3118,-1.0382
360.50,7.2017,-3.3416,-1.0007,5.9114,-4.3250,-1.3012,6.6125,-3.4141,-1.0124
361.00,7.2715,-3.4512,-1.0051,5.9469,-4.4536,-1.3044,6.6829,-3.5298,-1.0129
361.50,7.3420,-3.5607,-0.9874,5.9810,-4.5772,-1.2890,6.7411,-3.6361,-0.9967
362.00,7.4152,-3.6685,-0.9754,6.0195,-4.7045,-1.2743,6.8248,-3.7467,-0.9855
362.50,7.4888,-3.7758,-0.9684,6.0601,-4.8360,-1.2674,6.9012,-3.8612,-0.9786
363.00,7.5613,-3.8833,-0.9808,6.0999,-4.9649,-1.2789,6.9761,-3.9734,-0.9901
363.50,7.6313,-3.9921,-1.0034,6.1373,-5.0945,-1.3020,7.0388,-4.0770,-1.0132
364.00,7.7001,-4.1022,-1.0125,6.1721,-5.2247,-1.3111,7.1091,-4.1843,-1.0196
364.50,7.7641,-4.2149,-1.1160,6.1994,-5.3436,-1.4084,7.1694,-4.2881,-1.1161
365.00,7.8197,-4.3328,-1.3575,6.2064,-5.4749,-1.6459,7.2214,-4.4218,-1.3545
365.50,7.8635,-4.4612,-1.6064,6.1788,-5.6124,-1.8961,7.2467,-4.5513,-1.6073
366.00,7.8714,-4.5715,-1.7448,6.1336,-5.7172,-2.0432,7.2610,-4.6545,-1.7579
366.50,7.8607,-4.6209,-1.7902,6.1075,-5.7662,-2.0858,7.2615,-4.7088,-1.7970
367.00,7.8547,-4.6236,-1.8354,6.1033,-5.7733,-2.1311,7.2596,-4.7168,-1.8423
367.50,7.8494,-4.6237,-1.8794,6.1005,-5.7777,-2.1761,7.2582,-4.7218,-1.8873
368.00,7.8446,-4.6237,-1.9222,6.0974,-5.7821,-2.2192,7.2564,-4.7269,-1.9304
368.50,7.8403,-4.6237,-1.9637,6.0941,-5.7863,-2.2617,7.2544,-4.7319,-1.9729
369.00,7.8365,-4.6238,-2.0041,6.0920,-5.7887,-2.3027,7.2532,-4.7348,-2.0139
369.50,7.8332,-4.6238,-2.0434,6.0897,-5.7912,-2.3428,7.2517,-4.7378,-2.0540
370.00,7.8303,-4.6239,-2.0817,6.0877,-5.7932,-2.3814,7.2503,-4.7403,-2.0926
370.50,7.8279,-4.6239,-2.1190,6.0858,-5.7950,-2.4191,7.2489,-4.7426,-2.1303
371.00,7.8260,-4.6240,-2.1552,6.0842,-5.7963,-2.4558,7.2478,-4.7443,-2.1670
371.50,7.8245,-4.6240,-2.1906,6.0829,-5.7973,-2.4910,7.2469,-4.7457,-2.2022
372.00,7.8235,-4.6241,-2.2250,6.0821,-5.7979,-2.5260,7.2463,-4.7464,-2.2372
372.50,7.8230,-4.6241,-2.2519,6.0817,-5.7982,-2.5534,7.2260,-4.7068,-2.2646
373.00,7.8228,-4.6242,-2.2766,6.0816,-5.7983,-2.5788,7.2259,-4.7069,-2.2900
373.50,7.8228,-4.6242,-2.3009,6.0816,-5.7983,-2.6032,7.2259,-4.7069,-2.3144
374.00,7.8229,-4.6245,-2.3257,6.0813,-5.7985,-2.6286,7.2256,-4.7072,-2.3398
374.50,7.8229,-4.6248,-2.3511,6.0809,-5.7987,-2.6548,7.2253,-4.7075,-2.3660
375.00,7.8229,-4.6248,-2.3767,6.0809,-5.7987,-2.6805,7.2253,-4.7075,-2.3917
375.50,7.8226,-4.6249,-2.4017,6.0806,-5.7988,-2.7063,7.2251,-4.7078,-2.4175
376.00,7.8226,-4.6249,-2.4262,6.0805,-5.7989,-2.7307,7.2250,-4.7078,-2.4419
376.50,7.8226,-4.6248,-2.4507,6.0807,-5.7988,-2.7561,7.2252,-4.7077,-2.4673
377.00,7.8226,-4.6244,-2.4757,6.0812,-5.7986,-2.7815,7.2256,-4.7074,-2.4927
377.50,7.8227,-4.6238,-2.5012,6.0819,-5.7983,-2.8069,7.2262,-4.7069,-2.5181
378.00,7.8227,-4.6230,-2.5272,6.0822,-5.7982,-2.8338,7.2265,-4.7067,-2.5450
378.50,7.8228,-4.6219,-2.5538,6.0833,-5.7979,-2.8609,7.2274,-4.7061,-2.5721
379.00,7.8228,-4.6205,-2.5808,6.0851,-5.7974,-2.8884,7.2289,-4.7051,-2.5996
379.50,7.8228,-4.6189,-2.6084,6.0865,-5.7971,-2.9163,7.2302,-4.7044,-2.6275
380.00,7.8229,-4.6170,-2.6366,6.0882,-5.7967,-2.9448,7.2317,-4.7036,-2.6560
380.50,7.8229,-4.6148,-2.6653,6.0901,-5.7964,-2.9739,7.2335,-4.7027,-2.6851
381.00,7.8229,-4.6124,-2.6946,6.0924,-5.7960,-3.0039,7.2356,-4.7017,-2.7151
381.50,7.8230,-4.6097,-2.7245,6.0956,-5.7956,-3.0349,7.2385,-4.7004,-2.7461
382.00,7.8230,-4.6068,-2.7550,6.0983,-5.7954,-3.0653,7.2411,-4.6994,-2.7765
382.50,7.8231,-4.6025,-2.7962,6.1029,-5.7951,-3.1059,7.2454,-4.6978,-2.8171
383.00,7.8231,-4.5977,-2.8391,6.1064,-5.7950,3.1340,7.2487,-4.6968,-2.8604
383.50,7.8231,-4.5923,-2.8834,6.1113,-5.7952,3.0898,7.2535,-4.6955,-2.9045
384.00,7.8231,-4.5865,-2.9290,6.1178,-5.7957,3.0437,7.2598,-4.6941,-2.9507
384.50,7.8232,-4.5802,-2.9760,6.1230,-5.7963,2.9966,7.2650,-4.6933,-2.9978
385.00,7.8232,-4.5734,-3.0247,6.1306,-5.7976,2.9477,7.2726,-4.6923,-3.0467
385.50,7.8232,-4.5661,-3.0751,6.1388,-5.7994,2.8971,7.2407,-4.6588,-3.0833
386.00,7.8232,-4.5584,-3.1275,6.1483,-5.8021,2.8443,7.2506,-4.6585,-3.1361
386.50,7.8232,-4.5504,3.1024,6.1467,-5.8015,2.7907,7.2489,-4.6584,3.0934
387.00,7.8232,-4.5429,3.0510,6.1388,-5.7983,2.7387,7.2403,-4.6578,3.0414
387.50,7.8232,-4.5358,3.0014,6.1317,-5.7951,2.6890,7.2326,-4.6568,2.9918
388.00,7.8232,-4.5293,2.9535,6.1260,-5.7922,2.6405,7.2263,-4.6557,2.9432
388.50,7.8231,-4.5232,2.9071,6.1207,-5.7891,2.5942,7.2203,-4.6544,2.8969
389.00,7.8231,-4.5176,2.8622,6.1147,-5.7853,2.5489,7.2135,-4.6525,2.8516
389.50,7.8231,-4.5125,2.8186,6.1105,-5.7823,2.5046,7.2086,-4.6509,2.8074
390.00,7.8230,-4.5079,2.7763,6.1074,-5.7799,2.4617,7.2049,-4.6496,2.7645
390.50,7.8230,-4.5037,2.7351,6.1047,-5.7777,2.4205,7.2017,-4.6482,2.7233
391.00,7.8229,-4.5001,2.6952,6.1022,-5.7753,2.3800,7.1985,-4.6468,2.6828
391.50,7.8229,-4.4992,2.6793,6.1015,-5.7747,2.3639,7.1977,-4.6463,2.6667
392.00,7.8229,-4.4967,2.6479,6.0989,-5.7720,2.3317,7.1944,-4.6446,2.6345
392.50,7.8229,-4.4947,2.6196,6.0974,-5.7705,2.3028,7.1926,-4.6435,2.6055
393.00,7.8228,-4.4930,2.5918,6.0965,-5.7694,2.2745,7.1914,-4.6428,2.5773
393.50,7.8228,-4.4915,2.5645,6.0955,-5.7682,2.2466,7.1901,-4.6419,2.5494
394.00,7.8227,-4.4903,2.5377,6.0947,-5.7672,2.2195,7.1890,-4.6412,2.5223
394.50,7.8227,-4.4893,2.5115,6.0940,-5.7662,2.1930,7.2284,-4.5799,2.4992
395.00,7.8227,-4.4886,2.4858,6.0933,-5.7652,2.1664,7.2275,-4.5792,2.4727
395.50,7.8226,-4.4882,2.4606,6.0930,-5.7648,2.1406,7.2271,-4.5789,2.4469
396.00,7.8226,-4.4880,2.4359,6.0929,-5.7646,2.1161,7.2269,-4.5787,2.4224
396.50,7.8225,-4.4880,2.4115,6.0930,-5.7647,2.0911,7.2270,-4.5788,2.3974
397.00,7.8222,-4.4880,2.3868,6.0928,-5.7645,2.0664,7.2268,-4.5786,2.3727
397.50,7.8220,-4.4881,2.3614,6.0926,-5.7640,2.0410,7.2264,-4.5782,2.3473
398.00,7.8219,-4.4880,2.3357,6.0926,-5.7640,2.0147,7.2264,-4.5782,2.3209
398.50,7.8219,-4.4878,2.3107,6.0925,-5.7638,1.9897,7.2263,-4.5781,2.2960
399.00,7.8218,-4.4877,2.2863,6.0924,-5.7637,1.9650,7.2262,-4.5780,2.2712
399.50,7.8219,-4.4878,2.2618,6.0925,-5.7639,1.9404,7.2263,-4.5781,2.2466
400.00,7.8223,-4.4878,2.2367,6.0926,-5.7642,1.9153,7.2265,-4.5784,2.2215
400.50,7.8229,-4.4878,2.2112,6.0929,-5.7649,1.8899,7.2269,-4.5790,2.1962
401.00,7.8229,-4.4878,2.2118,6.0928,-5.7648,1.8876,7.2269,-4.5789,2.1939
401.50,7.8223,-4.4878,2.2373,6.0925,-5.7638,1.9128,7.2263,-4.5781,2.2191
402.00,7.8220,-4.4878,2.2623,6.0923,-5.7632,1.9380,7.2259,-4.5776,2.2442
402.50,7.8219,-4.4877,2.2868,6.0922,-5.7630,1.9625,7.2258,-4.5774,2.2687
403.00,7.8219,-4.4878,2.3113,6.0922,-5.7631,1.9864,7.2258,-4.5775,2.2926
403.50,7.8220,-4.4880,2.3363,6.0923,-5.7632,2.0112,7.2259,-4.5775,2.3175
404.00,7.8220,-4.4881,2.3619,6.0923,-5.7632,2.0367,7.2259,-4.5776,2.3429
404.50,7.8223,-4.4880,2.3873,6.0923,-5.7632,2.0616,7.2259,-4.5776,2.3679
405.00,7.8226,-4.4880,2.4121,6.0925,-5.7635,2.0863,7.2262,-4.5778,2.3926
405.50,7.8226,-4.4880,2.4364,6.0925,-5.7636,2.1101,7.2262,-4.5779,2.4163
406.00,7.8227,-4.4882,2.4612,6.0927,-5.7639,2.1343,7.2265,-4.5781,2.4406
406.50,7.8227,-4.4887,2.4864,6.0929,-5.7642,2.1599,7.2268,-4.5784,2.4661
407.00,7.8227,-4.4894,2.5121,6.0937,-5.7654,2.1849,7.2279,-4.5793,2.4911
407.50,7.8228,-4.4903,2.5383,6.0946,-5.7666,2.2106,7.2291,-4.5801,2.5169
408.00,7.8228,-4.4915,2.5651,6.0955,-5.7679,2.2368,7.2304,-4.5810,2.5431
408.50,7.8229,-4.4930,2.5924,6.0968,-5.7695,2.2637,7.2321,-4.5822,2.5699
409.00,7.8229,-4.4948,2.6202,6.0980,-5.7709,2.2913,7.2337,-4.5831,2.5976
409.50,7.8229,-4.4968,2.6486,6.0989,-5.7719,2.3196,7.2348,-4.5838,2.6258
410.00,7.8230,-4.4994,2.6829,6.1013,-5.7744,2.3521,7.2379,-4.5855,2.6583
410.50,7.8230,-4.5029,2.7226,6.1036,-5.7766,2.3913,7.2407,-4.5869,2.6975
411.00,7.8231,-4.5063,2.7576,6.1056,-5.7783,2.4283,7.2431,-4.5880,2.7345
411.50,7.8230,-4.5046,2.7332,6.1040,-5.7770,2.4057,7.2412,-4.5872,2.7119
412.00,7.8230,-4.5014,2.6937,6.1020,-5.7750,2.3667,7.2387,-4.5859,2.6729
412.50,7.8229,-4.4985,2.6581,6.0999,-5.7729,2.3294,7.2361,-4.5845,2.6356
413.00,7.8229,-4.4965,2.6296,6.0982,-5.7711,2.3002,7.2339,-4.5833,2.6065
413.50,7.8229,-4.4946,2.6015,6.0967,-5.7693,2.2725,7.2319,-4.5821,2.5788
414.00,7.8228,-4.4931,2.5741,6.0958,-5.7683,2.2444,7.2308,-4.5813,2.5506
414.50,7.8228,-4.4918,2.5472,6.0948,-5.7670,2.2170,7.2295,-4.5804,2.5232
415.00,7.8227,-4.4907,2.5208,6.0942,-5.7662,2.1901,7.2287,-4.5798,2.4964
415.50,7.8228,-4.4913,2.5370,6.0946,-5.7667,2.2045,7.2292,-4.5802,2.5107
416.00,7.8228,-4.4925,2.5637,6.0956,-5.7680,2.2302,7.2304,-4.5811,2.5365
416.50,7.8228,-4.4939,2.5910,6.0961,-5.7686,2.2569,7.2311,-4.5816,2.5631
417.00,7.8229,-4.4957,2.6188,6.0972,-5.7700,2.2843,7.2326,-4.5826,2.5905
417.50,7.8229,-4.4977,2.6471,6.0987,-5.7717,2.3121,7.2346,-4.5837,2.6184
418.00,7.8230,-4.5002,2.6801,6.1003,-5.7733,2.3452,7.2366,-4.5848,2.6515
418.50,7.8230,-4.5036,2.7197,6.1026,-5.7756,2.3850,7.2395,-4.5863,2.6913
419.00,7.8230,-4.5076,2.7604,6.1058,-5.7785,2.4255,7.2434,-4.5881,2.7318
419.50,7.8231,-4.5120,2.8023,6.1092,-5.7814,2.4676,7.2475,-4.5898,2.7738
420.00,7.8231,-4.5169,2.8454,6.1126,-5.7839,2.5104,7.2515,-4.5912,2.8166
420.50,7.8232,-4.5224,2.8898,6.1178,-5.7876,2.5547,7.2576,-4.5931,2.8610
421.00,7.8232,-4.5283,2.9356,6.1223,-5.7904,2.6006,7.2628,-4.5945,2.9068
421.50,7.8232,-4.5346,2.9829,6.1281,-5.7937,2.6476,7.2692,-4.5958,2.9539
422.00,7.8232,-4.5415,3.0318,6.1343,-5.7969,2.6963,7.2458,-4.6180,3.0133
422.50,7.8232,-4.5489,3.0825,6.1398,-5.7993,2.7471,7.2425,-4.6248,3.0673
423.00,7.8232,-4.5567,3.1351,6.1478,-5.8024,2.7995,7.2511,-4.6252,3.1197
423.50,7.8232,-4.5646,-3.0949,6.1439,-5.8012,2.8530,7.2470,-4.6253,-3.1100
424.00,7.8232,-4.5720,-3.0438,6.1358,-5.7990,2.9042,7.2387,-4.6258,-3.0588
424.50,7.8232,-4.5790,-2.9945,6.1295,-5.7976,2.9536,7.2322,-4.6264,-3.0093
425.00,7.8232,-4.5855,-2.9468,6.1230,-5.7966,3.0009,7.2257,-4.6275,-2.9621
425.50,7.8232,-4.5915,-2.9007,6.1175,-5.7959,3.0471,7.2203,-4.6286,-2.9159
426.00,7.8231,-4.5971,-2.8559,6.1120,-5.7955,3.0917,7.2150,-4.6299,-2.8713
426.50,7.8231,-4.6021,-2.8125,6.1075,-5.7954,3.1353,7.2107,-4.6312,-2.8276
427.00,7.8231,-4.6067,-2.7703,6.1033,-5.7954,-3.1058,7.2067,-4.6326,-2.7856
427.50,7.8230,-4.6098,-2.7384,6.0996,-5.7956,-3.0716,7.2032,-4.6339,-2.7514
428.00,7.8230,-4.6126,-2.7082,6.0958,-5.7960,-3.0415,7.1998,-4.6354,-2.7213
428.50,7.8230,-4.6152,-2.6787,6.0938,-5.7962,-3.0124,7.1979,-4.6363,-2.6922
429.00,7.8229,-4.6174,-2.6497,6.0912,-5.7966,-2.9838,7.1956,-4.6375,-2.6636
429.50,7.8229,-4.6194,-2.6213,6.0891,-5.7970,-2.9561,7.1937,-4.6385,-2.6359
430.00,7.8229,-4.6212,-2.5934,6.0874,-5.7973,-2.9294,7.1922,-4.6394,-2.6092
430.50,7.8228,-4.6227,-2.5661,6.0854,-5.7978,-2.9024,7.1904,-4.6404,-2.5822
431.00,7.8228,-4.6239,-2.5393,6.0839,-5.7982,-2.8758,7.2291,-4.7113,-2.5556
431.50,7.8227,-4.6249,-2.5132,6.0831,-5.7984,-2.8497,7.2285,-4.7117,-2.5295
432.00,7.8387,-4.6133,-2.5115,6.1017,-5.7928,-2.8475,7.2443,-4.7005,-2.5273
432.50,7.8631,-4.5955,-2.5115,6.1291,-5.7845,-2.8476,7.2677,-4.6841,-2.5274
433.00,7.8954,-4.5720,-2.5115,6.1692,-5.7723,-2.8475,7.3020,-4.6599,-2.5273
433.50,7.9277,-4.5484,-2.5115,6.2088,-5.7603,-2.8478,7.3357,-4.6361,-2.5276
434.00,7.9600,-4.5248,-2.5115,6.2461,-5.7491,-2.8485,7.3676,-4.6136,-2.5283
434.50,7.9923,-4.5012,-2.5115,6.2840,-5.7376,-2.8487,7.4000,-4.5908,-2.5285
435.00,8.0246,-4.4777,-2.5115,6.3221,-5.7261,-2.8495,7.4320,-4.5672,-2.5258
435.50,8.0455,-4.4621,-2.5270,6.3473,-5.7186,-2.8625,7.4535,-4.5521,-2.5388
436.00,8.0455,-4.4606,-2.5625,6.3493,-5.7181,-2.8980,7.4552,-4.5509,-2.5743
436.50,8.0456,-4.4586,-2.5990,6.3516,-5.7175,-2.9348,7.4572,-4.5497,-2.6111
437.00,8.0456,-4.4561,-2.6364,6.3540,-5.7170,-2.9723,7.4594,-4.5484,-2.6486
437.50,8.0457,-4.4532,-2.6748,6.3567,-5.7166,-3.0108,7.4619,-4.5472,-2.6871
438.00,8.0457,-4.4498,-2.7142,6.3608,-5.7162,-3.0501,7.4655,-4.5455,-2.7264
438.50,8.0458,-4.4459,-2.7548,6.3647,-5.7159,-3.0912,7.4592,-4.5340,-2.7675
439.00,8.0458,-4.4415,-2.7965,6.3683,-5.7158,-3.1331,7.4625,-4.5327,-2.8094
439.50,8.0458,-4.4367,-2.8395,6.3739,-5.7159,3.1072,7.4679,-4.5310,-2.8523
440.00,8.0459,-4.4313,-2.8837,6.3798,-5.7162,3.0628,7.4735,-4.5294,-2.8967
440.50,8.0459,-4.4255,-2.9293,6.3873,-5.7170,3.0167,7.4809,-4.5278,-2.9427
441.00,8.0459,-4.4192,-2.9764,6.3935,-5.7179,2.9693,7.4871,-4.5267,-2.9902
441.50,8.0459,-4.4124,-3.0251,6.4008,-5.7194,2.9197,7.4945,-4.5257,-3.0398
442.00,8.0459,-4.4051,-3.0755,6.4085,-5.7213,2.8687,7.5024,-4.5251,-3.0908
442.50,8.0460,-4.3973,-3.1279,6.4148,-5.7232,2.8161,7.4689,-4.4943,-3.1399
443.00,8.0460,-4.3894,3.1020,6.4135,-5.7227,2.7630,7.4675,-4.4941,3.0902
443.50,8.0459,-4.3819,3.0506,6.4062,-5.7196,2.7110,7.4597,-4.4936,3.0381
444.00,8.0459,-4.3748,3.0010,6.3996,-5.7163,2.6611,7.4523,-4.4926,2.9883
444.50,8.0459,-4.3683,2.9532,6.3952,-5.7139,2.6127,7.4474,-4.4917,2.9399
445.00,8.0459,-4.3622,2.9068,6.3901,-5.7108,2.5658,7.4415,-4.4904,2.8930
445.50,8.0459,-4.3566,2.8619,6.3853,-5.7075,2.5202,7.4359,-4.4888,2.8473
446.00,8.0458,-4.3515,2.8183,6.3825,-5.7054,2.4765,7.4326,-4.4878,2.8037
446.50,8.0458,-4.3469,2.7760,6.3791,-5.7027,2.4336,7.4286,-4.4863,2.7607
447.00,8.0457,-4.3427,2.7348,6.3758,-5.6998,2.3918,7.4245,-4.4845,2.7190
447.50,8.0457,-4.3391,2.6948,6.3733,-5.6973,2.3508,7.4214,-4.4830,2.6780
448.00,8.0456,-4.3359,2.6559,6.3709,-5.6948,2.3120,7.4182,-4.4814,2.6392
448.50,8.0456,-4.3332,2.6179,6.3685,-5.6921,2.2737,7.4554,-4.4290,2.6044
449.00,8.0455,-4.3310,2.5810,6.3675,-5.6908,2.2359,7.4541,-4.4282,2.5666
449.50,8.0455,-4.3292,2.5450,6.3666,-5.6897,2.1997,7.4529,-4.4274,2.5304
450.00,8.0454,-4.3279,2.5100,6.3659,-5.6886,2.1648,7.4518,-4.4266,2.4955
450.50,8.0454,-4.3270,2.4759,6.3652,-5.6876,2.1306,7.4508,-4.4259,2.4613
451.00,8.0453,-4.3266,2.4426,6.3650,-5.6873,2.0979,7.4506,-4.4256,2.4286
451.50,8.0453,-4.3266,2.4101,6.3650,-5.6873,2.0647,7.4506,-4.4256,2.3954
452.00,8.0448,-4.3266,2.3769,6.3648,-5.6870,2.0312,7.4503,-4.4254,2.3619
452.50,8.0440,-4.3259,2.3407,6.3644,-5.6860,1.9969,7.4496,-4.4246,2.3275
453.00,8.0166,-4.2939,2.2241,6.3508,-5.6510,1.8849,7.4254,-4.3959,2.2156
453.50,7.9640,-4.2065,2.1077,6.3267,-5.5521,1.7612,7.3802,-4.3004,2.0884
454.00,7.8992,-4.0942,2.0920,6.3025,-5.4200,1.7458,7.3148,-4.1831,2.0773
454.50,7.8367,-3.9806,2.0770,6.2825,-5.2931,1.7242,7.2550,-4.0693,2.0618
455.00,7.7704,-3.8678,2.1031,6.2603,-5.1608,1.7499,7.1902,-3.9518,2.0875
455.50,7.7009,-3.7569,2.1497,6.2346,-5.0297,1.7917,7.1423,-3.8369,2.1224
456.00,7.6250,-3.6503,2.1946,6.1995,-4.8948,1.8428,7.0493,-3.7342,2.1824
456.50,7.5526,-3.5428,2.1305,6.1669,-4.7654,1.7788,6.9685,-3.6294,2.1182
457.00,7.4863,-3.4316,2.1108,6.1414,-4.6317,1.7521,6.9022,-3.5203,2.0946
457.50,7.4153,-3.3214,2.1555,6.1151,-4.5026,1.7958,6.8434,-3.4087,2.1404
458.00,7.3404,-3.2143,2.1798,6.0813,-4.3674,1.8251,6.7539,-3.2961,2.1715
458.50,7.2696,-3.1061,2.1359,6.0509,-4.2397,1.7793,6.6868,-3.1935,2.1257
459.00,7.1996,-2.9964,2.1439,6.0237,-4.1103,1.7841,6.6176,-3.0837,2.1317
459.50,7.1261,-2.8882,2.1752,5.9913,-3.9706,1.8149,6.5428,-2.9640,2.1648
460.00,7.0509,-2.7819,2.1867,5.9578,-3.8411,1.8285,6.4699,-2.8637,2.1787
460.50,6.9789,-2.6745,2.1491,5.9264,-3.7132,1.7909,6.3948,-2.7604,2.1385
461.00,6.9087,-2.5652,2.1471,5.8979,-3.5802,1.7869,6.3240,-2.6451,2.1367
461.50,6.8353,-2.4572,2.1790,5.8679,-3.4517,1.8175,6.2589,-2.5377,2.1685
462.00,6.7581,-2.3518,2.2109,5.8326,-3.3208,1.8508,6.1808,-2.4300,2.2018
462.50,6.6816,-2.2470,2.1813,5.7957,-3.1894,1.8227,6.1044,-2.3290,2.1726
463.00,6.6096,-2.1394,2.1590,5.7651,-3.0612,1.7954,6.0364,-2.2189,2.1465
463.50,6.5352,-2.0322,2.1887,5.7327,-2.9281,1.8264,5.9634,-2.1117,2.1774
464.00,6.4579,-1.9271,2.2109,5.6973,-2.7984,1.8490,5.8873,-2.0022,2.2001
464.50,6.3806,-1.8227,2.1900,5.6626,-2.6771,1.8316,5.8160,-1.9101,2.1826
465.00,6.3072,-1.7157,2.1745,5.6318,-2.5527,1.8101,5.7442,-1.7940,2.1588
465.50,6.2317,-1.6094,2.1929,5.5983,-2.4213,1.8290,5.6633,-1.6820,2.1800
466.00,6.1557,-1.5039,2.1953,5.5640,-2.2933,1.8325,5.5901,-1.5799,2.1858
466.50,6.0796,-1.3985,2.1953,5.5294,-2.1642,1.8312,5.5121,-1.4737,2.1846
467.00,6.0037,-1.2929,2.1963,5.4964,-2.0396,1.8314,5.4416,-1.3683,2.1848
467.50,5.9266,-1.1879,2.2082,5.4615,-1.9114,1.8431,5.3617,-1.2571,2.1976
468.00,5.8478,-1.0842,2.2272,5.4250,-1.7849,1.8614,5.2937,-1.1546,2.2148
468.50,5.7658,-0.9829,2.2666,5.3849,-1.6596,1.8988,5.2051,-1.0542,2.2545
469.00,5.6804,-0.8849,2.3144,5.3406,-1.5376,1.9471,5.1118,-0.9554,2.3028
469.50,5.5892,-0.7931,2.4128,5.2870,-1.4162,2.0429,5.0230,-0.8603,2.3974
470.00,5.4869,-0.7110,2.5514,5.2147,-1.2955,2.1808,4.9265,-0.7723,2.5330
470.50,5.3743,-0.6382,2.6909,5.1291,-1.1894,2.3227,4.8127,-0.7049,2.6760
471.00,5.2548,-0.5800,2.7657,5.0272,-1.0902,2.4008,4.6916,-0.6445,2.7541
471.50,5.1341,-0.5310,2.7595,4.9299,-1.0003,2.3918,4.5824,-0.5938,2.7452
472.00,5.0118,-0.4879,2.8527,4.8259,-0.9104,2.4842,4.4570,-0.5454,2.8385
472.50,4.8866,-0.4522,2.8591,4.7211,-0.8327,2.4989,4.3391,-0.5089,2.8531
473.00,4.7640,-0.4102,2.7326,4.6207,-0.7486,2.3739,4.2143,-0.4648,2.7264
473.50,4.6468,-0.3578,2.6725,4.5325,-0.6562,2.3077,4.0973,-0.4108,2.6619
474.00,4.5296,-0.3027,2.7474,4.4436,-0.5624,2.3758,3.9886,-0.3563,2.7283
474.50,4.4068,-0.2566,2.8572,4.3445,-0.4785,2.4920,3.8579,-0.3096,2.8419
475.00,4.2814,-0.2199,2.8667,4.2375,-0.4004,2.5068,3.7272,-0.2729,2.8567
475.50,4.1576,-0.1783,2.8058,4.1364,-0.3203,2.4444,3.6110,-0.2222,2.7960
476.00,4.0349,-0.1352,2.7975,4.0308,-0.2316,2.4364,3.4712,-0.1787,2.7863
476.50,3.9140,-0.0852,2.7419,3.9323,-0.1423,2.3805,3.3581,-0.1282,2.7304
477.00,3.8060,-0.0407,2.7956,3.8445,-0.0602,2.4253,3.2462,-0.0812,2.7734
477.50,3.6822,-0.0057,2.9896,3.7423,0.0145,2.6124,3.1381,-0.0454,2.9658
478.00,3.5767,0.0146,3.0784,3.6448,0.0642,2.7092,3.0228,-0.0324,3.0660
478.50,3.5327,0.0219,3.0353,3.5992,0.0858,2.6707,2.9762,-0.0179,3.0293
479.00,3.4927,0.0341,2.9047,3.5675,0.1044,2.5547,2.9399,-0.0117,2.9133
479.50,3.3962,0.0591,2.6760,3.4951,0.1662,2.3259,2.8501,0.0292,2.6705
480.00,3.2865,0.1167,2.5775,3.4167,0.2606,2.2207,2.7366,0.0813,2.5636
480.50,3.1868,0.1791,2.6191,3.3436,0.3557,2.2560,2.6282,0.1463,2.6006
481.00,3.1088,0.2240,2.6998,3.2828,0.4234,2.3393,2.5457,0.1895,2.6839
481.50,3.0852,0.2370,2.7395,3.2598,0.4465,2.3795,2.5289,0.2034,2.7241
482.00,3.0853,0.2344,2.7808,3.2616,0.4449,2.4206,2.5312,0.2025,2.7652
482.50,3.0853,0.2297,2.8233,3.2643,0.4427,2.4632,2.5345,0.2013,2.8078
483.00,3.0853,0.2245,2.8670,3.2685,0.4395,2.5062,2.5395,0.1997,2.8509
483.50,3.0853,0.2189,2.9121,3.2729,0.4364,2.5515,2.5447,0.1983,2.8961
484.00,3.0504,0.2104,3.0607,3.2444,0.4528,2.6819,2.5124,0.2041,3.0265
484.50,2.9518,0.1938,-3.0890,3.1524,0.4882,2.8260,2.4042,0.1822,-3.0986
485.00,2.8358,0.1886,-3.1205,3.0404,0.5254,2.8010,2.2854,0.1598,-3.1271
485.50,2.7793,0.1908,3.1110,2.9807,0.5478,2.7519,2.2344,0.1615,3.1000
486.00,2.7741,0.1978,3.0598,2.9691,0.5528,2.7014,2.2218,0.1623,3.0495
486.50,2.7741,0.2049,3.0099,2.9627,0.5560,2.6512,2.2147,0.1631,2.9993
487.00,2.7391,0.2172,2.8706,2.9316,0.5753,2.5230,2.1788,0.1706,2.8712
487.50,2.6460,0.2432,2.7653,2.8567,0.6363,2.4121,2.1043,0.2215,2.7515
488.00,2.5315,0.2893,2.7886,2.7664,0.7181,2.4254,1.9982,0.2689,2.7683
488.50,2.4661,0.3171,2.8513,2.7084,0.7649,2.4920,1.9083,0.2888,2.8384
489.00,2.4553,0.3203,2.8513,2.6975,0.7732,2.4912,1.8891,0.2945,2.8387
489.50,2.4553,0.3203,2.8513,2.6975,0.7732,2.4906,1.8891,0.2945,2.8381
490.00,2.4553,0.3203,2.8513,2.6975,0.7732,2.4897,1.8891,0.2945,2.8372
490.50,2.4553,0.3203,2.8513,2.6975,0.7732,2.4895,1.8891,0.2945,2.8370
491.00,2.4553,0.3203,2.8513,2.6975,0.7732,2.4887,1.8891,0.2945,2.8363
491.50,2.4553,0.3203,2.8514,2.6975,0.7732,2.4887,1.8891,0.2945,2.8362
492.00,2.4554,0.3159,2.9495,2.7001,0.7714,2.5782,1.8922,0.2937,2.9258
492.50,2.4555,0.3030,-3.0858,2.7040,0.7693,2.8242,1.8966,0.2931,-3.1114
493.00,2.4554,0.2816,-2.8513,2.6814,0.7738,3.0602,1.8738,0.2896,-2.8755
493.50,2.4553,0.2700,-2.7450,2.6667,0.7741,-3.1095,1.8598,0.2849,-2.7620
494.00,2.4553,0.2721,-2.7714,2.6686,0.7741,-3.1345,1.8616,0.2856,-2.7870
494.50,2.4553,0.2767,-2.8136,2.6726,0.7741,3.1059,1.8653,0.2869,-2.8297
495.00,2.4554,0.2817,-2.8570,2.6779,0.7738,3.0623,1.8705,0.2884,-2.8734
495.50,2.4554,0.2873,-2.9018,2.6829,0.7732,3.0172,1.8754,0.2896,-2.9184
496.00,2.4554,0.2933,-2.9480,2.6893,0.7723,2.9712,1.8817,0.2909,-2.9645
496.50,2.4554,0.2998,-2.9957,2.6964,0.7709,2.9237,1.8889,0.2920,-3.0119
497.00,2.4555,0.3068,-3.0450,2.7036,0.7691,2.8744,1.8962,0.2928,-3.0612
497.50,2.4555,0.3138,-3.0931,2.7106,0.7670,2.8232,1.9035,0.2932,-3.1124
498.00,2.4555,0.3139,-3.0937,2.7111,0.7668,2.8222,1.9040,0.2932,-3.1134
498.50,2.4555,0.3139,-3.0937,2.7111,0.7668,2.8223,1.9040,0.2932,-3.1133
499.00,2.4555,0.3139,-3.0937,2.7111,0.7668,2.8220,1.9040,0.2932,-3.1136
499.50,2.4555,0.3139,-3.0937,2.7111,0.7668,2.8218,1.9040,0.2932,-3.1138
500.00,2.4555,0.3139,-3.0937,2.7111,0.7668,2.8217,1.9040,0.2932,-3.1139
500.50,2.4555,0.3139,-3.0937,2.7111,0.7668,2.8210,1.9040,0.2932,-3.1147
501.00,2.4555,0.3139,-3.0937,2.7111,0.7668,2.8207,1.9040,0.2932,-3.1149
501.50,2.4565,0.3139,-3.0937,2.7116,0.7667,2.8206,1.9045,0.2932,-3.1150
502.00,2.4898,0.3155,-3.0937,2.7413,0.7568,2.8207,1.9358,0.2940,-3.1149
502.50,2.5298,0.3175,-3.0937,2.7794,0.7441,2.8201,1.9722,0.2934,-3.1063
503.00,2.5697,0.3194,-3.0937,2.8189,0.7309,2.8202,2.0139,0.2948,-3.1061
503.50,2.6097,0.3213,-3.0937,2.8570,0.7183,2.8203,2.0540,0.2962,-3.1061
504.00,2.6496,0.3232,-3.0937,2.8937,0.7060,2.8199,2.0958,0.2976,-3.1064
504.50,2.6896,0.3251,-3.0937,2.9306,0.6937,2.8189,2.1347,0.2990,-3.1074
505.00,2.7251,0.3269,-3.0965,2.9666,0.6817,2.8182,2.1723,0.3006,-3.1064
505.50,2.7108,0.3349,3.0560,2.9555,0.6865,2.7031,2.1603,0.3012,3.0617
506.00,2.6359,0.3532,2.7950,2.8972,0.7248,2.4453,2.0922,0.3166,2.8039
506.50,2.5272,0.3914,2.6580,2.8149,0.8060,2.3002,1.9941,0.3730,2.6449
507.00,2.4666,0.4247,2.6462,2.7658,0.8628,2.2863,1.9221,0.3999,2.6327
507.50,2.4567,0.4300,2.6462,2.7565,0.8736,2.2858,1.9236,0.4069,2.6322
508.00,2.4567,0.4300,2.6462,2.7565,0.8736,2.2855,1.9236,0.4069,2.6318
508.50,2.4567,0.4300,2.6462,2.7565,0.8736,2.2857,1.9236,0.4068,2.6321
509.00,2.4567,0.4300,2.6462,2.7565,0.8736,2.2854,1.9236,0.4068,2.6318
509.50,2.4567,0.4300,2.6462,2.7565,0.8736,2.2846,1.9236,0.4068,2.6310
510.00,2.4568,0.4287,2.6792,2.7568,0.8732,2.3127,1.9240,0.4066,2.6591
510.50,2.4569,0.4197,2.8529,2.7637,0.8669,2.4818,1.9326,0.4030,2.8281
511.00,2.4571,0.4021,3.0913,2.7794,0.8576,2.7174,1.9505,0.3996,3.0638
511.50,2.4570,0.3772,-2.9586,2.7678,0.8602,2.9555,1.9388,0.3981,-2.9813
512.00,2.4570,0.3691,-2.8973,2.7586,0.8615,3.0244,1.9297,0.3962,-2.9124
512.50,2.4570,0.3739,-2.9423,2.7633,0.8608,2.9796,1.9343,0.3971,-2.9572
513.00,2.4570,0.3803,-2.9898,2.7700,0.8595,2.9316,1.9411,0.3982,-3.0052
513.50,2.4570,0.3873,-3.0389,2.7764,0.8579,2.8828,1.9477,0.3989,-3.0540
514.00,2.4571,0.3947,-3.0899,2.7834,0.8559,2.8314,1.9549,0.3994,-3.1054
514.50,2.4571,0.4026,3.1403,2.7888,0.8540,2.7785,1.9606,0.3994,3.1248
515.00,2.4571,0.4104,3.0875,2.7832,0.8563,2.7250,1.9546,0.3997,3.0714
515.50,2.4570,0.4178,3.0366,2.7780,0.8587,2.6729,1.9488,0.4002,3.0193
516.00,2.4570,0.4247,2.9875,2.7711,0.8624,2.6234,1.9411,0.4013,2.9698
516.50,2.4570,0.4264,2.9750,2.7690,0.8637,2.6084,1.9387,0.4018,2.9548
517.00,2.4570,0.4264,2.9750,2.7690,0.8637,2.6086,1.9387,0.4018,2.9549
517.50,2.4570,0.4264,2.9750,2.7690,0.8637,2.6081,1.9387,0.4018,2.9545
518.00,2.4580,0.4263,2.9750,2.7692,0.8636,2.6084,1.9389,0.4018,2.9548
518.50,2.4910,0.4207,2.9750,2.7962,0.8476,2.6080,1.9697,0.3959,2.9544
519.00,2.5304,0.4141,2.9750,2.8319,0.8265,2.6077,1.9846,0.3902,2.9628
519.50,2.5699,0.4075,2.9750,2.8660,0.8063,2.6070,2.0236,0.3831,2.9621
520.00,2.6093,0.4008,2.9750,2.9030,0.7845,2.6064,2.0658,0.3755,2.9615
520.50,2.6487,0.3942,2.9750,2.9361,0.7648,2.6059,2.1039,0.3694,2.9645
521.00,2.6882,0.3876,2.9750,2.9712,0.7440,2.6051,2.1440,0.3622,2.9637
521.50,2.7233,0.3818,2.9724,3.0038,0.7246,2.6048,2.1666,0.3555,2.9634
522.00,2.7093,0.3851,2.8591,2.9937,0.7316,2.5046,2.1547,0.3586,2.8632
522.50,2.6366,0.4038,2.7498,2.9374,0.7799,2.3912,2.0851,0.3840,2.7498
523.00,2.5299,0.4480,2.7389,2.8568,0.8568,2.3784,1.9794,0.4269,2.7265
523.50,2.4724,0.4725,2.7389,2.8083,0.9035,2.3772,1.9314,0.4542,2.7254
524.00,2.4653,0.4755,2.7389,2.8004,0.9110,2.3774,1.9214,0.4586,2.7255
524.50,2.4653,0.4755,2.7389,2.8004,0.9110,2.3770,1.9214,0.4586,2.7252
525.00,2.4653,0.4755,2.7389,2.8004,0.9110,2.3769,1.9214,0.4586,2.7251
525.50,2.4653,0.4755,2.7389,2.8004,0.9110,2.3770,1.9214,0.4586,2.7252
526.00,2.4653,0.4755,2.7389,2.8004,0.9110,2.3771,1.9214,0.4586,2.7253
526.50,2.4653,0.4755,2.7389,2.8004,0.9110,2.3767,1.9214,0.4586,2.7249
527.00,2.4653,0.4755,2.7389,2.8004,0.9110,2.3760,1.9214,0.4586,2.7242
527.50,2.4653,0.4755,2.7389,2.8004,0.9110,2.3753,1.9214,0.4586,2.7234
528.00,2.4653,0.4755,2.7389,2.8004,0.9110,2.3749,1.9214,0.4586,2.7230
528.50,2.4653,0.4748,2.7561,2.8011,0.9104,2.3887,1.9223,0.4582,2.7369
529.00,2.4655,0.4669,2.9134,2.8062,0.9061,2.5393,1.9286,0.4560,2.8874
529.50,2.4655,0.4506,-3.1203,2.8204,0.8989,2.7863,1.9443,0.4541,3.1344
530.00,2.4655,0.4273,-2.8962,2.7986,0.9040,3.0156,1.9221,0.4514,-2.9194
530.50,2.4654,0.4200,-2.8374,2.7901,0.9046,3.0812,1.9139,0.4491,-2.8539
531.00,2.4655,0.4244,-2.8807,2.7941,0.9043,3.0383,1.9178,0.4501,-2.8967
531.50,2.4655,0.4302,-2.9262,2.8000,0.9035,2.9924,1.9236,0.4514,-2.9426
532.00,2.4655,0.4365,-2.9731,2.8065,0.9023,2.9449,1.9301,0.4526,-2.9902
532.50,2.4655,0.4432,-3.0217,2.8135,0.9008,2.8959,1.9372,0.4535,-3.0392
533.00,2.4655,0.4505,-3.0720,2.8231,0.8981,2.8454,1.9472,0.4542,-3.0896
533.50,2.4655,0.4582,-3.1243,2.8302,0.8957,2.7931,1.9546,0.4544,3.1412
534.00,2.4655,0.4657,3.1087,2.8298,0.8960,2.7389,1.9541,0.4545,3.0870
534.50,2.4655,0.4658,3.1081,2.8295,0.8961,2.7374,1.9539,0.4546,3.0856
535.00,2.4655,0.4658,3.1081,2.8295,0.8961,2.7368,1.9539,0.4546,3.0849
535.50,2.4665,0.4658,3.1081,2.8301,0.8959,2.7370,1.9544,0.4545,3.0852
536.00,2.4999,0.4646,3.1081,2.8555,0.8850,2.7366,1.9820,0.4530,3.0847
536.50,2.5399,0.4633,3.1081,2.8932,0.8688,2.7370,1.9931,0.4427,3.0939
537.00,2.5799,0.4620,3.1081,2.9319,0.8523,2.7367,2.0351,0.4406,3.0935
537.50,2.6198,0.4606,3.1081,2.9728,0.8347,2.7362,2.0796,0.4385,3.0931
538.00,2.6598,0.4593,3.1081,3.0090,0.8192,2.7360,2.1090,0.4370,3.0946
538.50,2.6998,0.4579,3.1081,3.0477,0.8026,2.7358,2.1511,0.4350,3.0944
539.00,2.7353,0.4569,3.1053,3.0812,0.7882,2.7351,2.1808,0.4333,3.0937
539.50,2.7205,0.4608,3.0745,3.0703,0.7933,2.7029,2.1688,0.4343,3.0615
540.00,2.6432,0.4654,3.0817,2.9983,0.8269,2.7095,2.0896,0.4405,3.0681
540.50,2.5573,0.4718,3.0681,2.9142,0.8662,2.6987,2.0170,0.4479,3.0591
541.00,2.5314,0.4737,3.0681,2.8842,0.8804,2.6986,1.9706,0.4499,3.0537
541.50,2.5314,0.4737,3.0681,2.8842,0.8804,2.6981,1.9706,0.4499,3.0532
542.00,2.5314,0.4737,3.0681,2.8842,0.8804,2.6976,1.9706,0.4499,3.0527
542.50,2.5314,0.4737,3.0681,2.8842,0.8804,2.6970,1.9706,0.4499,3.0521
543.00,2.5314,0.4737,3.0681,2.8842,0.8804,2.6970,1.9706,0.4499,3.0521
543.50,2.5314,0.4737,3.0681,2.8842,0.8804,2.6964,1.9706,0.4499,3.0515
544.00,2.5314,0.4721,3.1121,2.8860,0.8796,2.7347,1.9726,0.4498,3.0898
544.50,2.5314,0.4625,-2.9582,2.8787,0.8815,2.9445,1.9650,0.4490,-2.9836
545.00,2.5312,0.4445,-2.7392,2.8590,0.8831,-3.1183,1.9460,0.4437,-2.7632
545.50,2.5310,0.4320,-2.5751,2.8458,0.8818,-2.9505,1.9341,0.4379,-2.5954
546.00,2.5309,0.4305,-2.5459,2.8442,0.8814,-2.9156,1.9622,0.4042,-2.5570
546.50,2.5310,0.4322,-2.5819,2.8458,0.8817,-2.9521,1.9636,0.4051,-2.5935
547.00,2.5311,0.4344,-2.6188,2.8481,0.8821,-2.9896,1.9656,0.4063,-2.6310
547.50,2.5311,0.4372,-2.6567,2.8517,0.8826,-3.0282,1.9688,0.4080,-2.6696
548.00,2.5311,0.4403,-2.6957,2.8551,0.8829,-3.0675,1.9719,0.4095,-2.7089
548.50,2.5312,0.4440,-2.7358,2.8581,0.8831,-3.1085,1.9747,0.4107,-2.7499
549.00,2.5312,0.4481,-2.7769,2.8626,0.8832,3.1331,1.9788,0.4123,-2.7914
549.50,2.5313,0.4528,-2.8193,2.8667,0.8830,3.0906,1.9827,0.4137,-2.8340
550.00,2.5313,0.4579,-2.8629,2.8714,0.8827,3.0476,1.9873,0.4150,-2.8770
550.50,2.5313,0.4635,-2.9078,2.8773,0.8820,3.0032,1.9931,0.4164,-2.9214
551.00,2.5314,0.4696,-2.9542,2.8814,0.8813,2.9572,1.9971,0.4173,-2.9674
551.50,2.5314,0.4762,-3.0021,2.8882,0.8799,2.9093,2.0040,0.4183,-3.0153
552.00,2.5314,0.4832,-3.0517,2.8951,0.8781,2.8595,2.0111,0.4190,-3.0651
552.50,2.5314,0.4882,-3.0856,2.9016,0.8761,2.8235,2.0078,0.4601,-3.0976
553.00,2.5314,0.4882,-3.0856,2.9016,0.8761,2.8232,2.0078,0.4601,-3.0979
553.50,2.5314,0.4882,-3.0856,2.9016,0.8761,2.8227,2.0078,0.4601,-3.0984
554.00,2.5314,0.4882,-3.0856,2.9016,0.8761,2.8222,2.0078,0.4601,-3.0989
554.50,2.5314,0.4882,-3.0856,2.9016,0.8761,2.8218,2.0078,0.4601,-3.0993
555.00,2.5314,0.4882,-3.0856,2.9016,0.8761,2.8212,2.0078,0.4601,-3.0999
555.50,2.5314,0.4882,-3.0856,2.9016,0.8761,2.8208,2.0078,0.4601,-3.1003
556.00,2.5314,0.4882,-3.0856,2.9016,0.8761,2.8205,2.0078,0.4601,-3.1006
556.50,2.5324,0.4882,-3.0856,2.9022,0.8759,2.8203,2.0085,0.4602,-3.1008
557.00,2.5657,0.4901,-3.0856,2.9331,0.8656,2.8199,2.0410,0.4615,-3.1012
557.50,2.6057,0.4923,-3.0856,2.9737,0.8521,2.8201,2.0469,0.4741,-3.0976
558.00,2.6456,0.4946,-3.0856,3.0151,0.8383,2.8193,2.0844,0.4763,-3.0969
558.50,2.6856,0.4968,-3.0856,3.0555,0.8248,2.8198,2.1251,0.4784,-3.0961
559.00,2.7255,0.4990,-3.0856,3.0916,0.8128,2.8201,2.1447,0.4724,-3.0957
559.50,2.7654,0.5013,-3.0856,3.1268,0.8011,2.8200,2.1818,0.4741,-3.0959
560.00,2.7951,0.5041,-3.1063,3.1620,0.7893,2.8060,2.2323,0.4753,-3.1116
560.50,2.7680,0.5156,3.0457,3.1406,0.7989,2.6777,2.2089,0.4766,3.0433
561.00,2.6793,0.5372,2.9531,3.0551,0.8466,2.5906,2.1120,0.4906,2.9561
561.50,2.5538,0.5691,2.8724,2.9491,0.9201,2.5027,2.0175,0.5459,2.8560
562.00,2.4634,0.5940,2.8724,2.8672,0.9810,2.5035,1.8998,0.5750,2.8604
562.50,2.4334,0.6023,2.8724,2.8399,1.0013,2.5039,1.8706,0.5847,2.8607
563.00,2.4334,0.6023,2.8724,2.8396,1.0016,2.5038,1.8701,0.5848,2.8606
563.50,2.4334,0.6023,2.8724,2.8396,1.0015,2.5033,1.8701,0.5848,2.8601
564.00,2.4334,0.6023,2.8724,2.8396,1.0015,2.5029,1.8701,0.5848,2.8598
564.50,2.4334,0.6023,2.8724,2.8396,1.0015,2.5025,1.8701,0.5848,2.8593
565.00,2.4334,0.6021,2.8784,2.8396,1.0015,2.5052,1.8702,0.5848,2.8621
565.50,2.4335,0.5960,3.0149,2.8448,0.9982,2.6329,1.8762,0.5835,2.9897
566.00,2.4335,0.5814,-3.0114,2.8466,0.9965,2.8903,1.8785,0.5826,-3.0360
566.50,2.4333,0.5599,-2.7964,2.8224,0.9999,3.1085,1.8547,0.5773,-2.8179
567.00,2.4333,0.5526,-2.7247,2.8145,0.9998,-3.0963,1.8756,0.5310,-2.7359
567.50,2.4333,0.5556,-2.7614,2.8171,0.9998,-3.1332,1.8780,0.5320,-2.7728
568.00,2.4333,0.5601,-2.8033,2.8211,0.9998,3.1081,1.8817,0.5334,-2.8147
568.50,2.4333,0.5613,-2.8145,2.8229,0.9997,3.0955,1.8834,0.5339,-2.8273
569.00,2.4333,0.5613,-2.8145,2.8229,0.9997,3.0952,1.8834,0.5339,-2.8276
569.50,2.4333,0.5613,-2.8145,2.8229,0.9997,3.0948,1.8834,0.5339,-2.8280
570.00,2.4355,0.5621,-2.8145,2.8248,0.9996,3.0946,1.8853,0.5345,-2.8282
570.50,2.4696,0.5736,-2.8145,2.8587,0.9980,3.0944,1.9176,0.5450,-2.8284
571.00,2.5075,0.5865,-2.8145,2.8995,0.9961,3.0943,1.9564,0.5575,-2.8285
571.50,2.5454,0.5993,-2.8145,2.9419,0.9941,3.0939,2.0010,0.5742,-2.8276
572.00,2.5833,0.6122,-2.8145,2.9853,0.9920,3.0937,2.0436,0.5888,-2.8274
572.50,2.6211,0.6251,-2.8145,3.0238,0.9902,3.0935,2.0733,0.6009,-2.8259
573.00,2.6590,0.6379,-2.8145,3.0655,0.9882,3.0936,2.1130,0.6139,-2.8258
573.50,2.6836,0.6473,-2.8319,3.0925,0.9868,3.0802,2.1154,0.6223,-2.8392
574.00,2.6512,0.6560,-2.9882,3.0630,0.9911,2.9325,2.0863,0.6158,-2.9869
574.50,2.5556,0.6624,-3.0919,2.9776,1.0156,2.8239,1.9979,0.6082,-3.0954
575.00,2.4695,0.6590,-3.0958,2.8908,1.0448,2.8188,1.9099,0.6343,-3.1075
575.50,2.4453,0.6579,-3.0958,2.8649,1.0536,2.8190,1.9126,0.6335,-3.1073
576.00,2.4453,0.6579,-3.0958,2.8648,1.0536,2.8193,1.9126,0.6335,-3.1071
576.50,2.4453,0.6579,-3.0958,2.8648,1.0536,2.8190,1.9126,0.6335,-3.1073
577.00,2.4453,0.6579,-3.0958,2.8648,1.0536,2.8185,1.9126,0.6335,-3.1078
577.50,2.4453,0.6579,-3.0958,2.8648,1.0536,2.8184,1.9126,0.6335,-3.1079
578.00,2.4453,0.6579,-3.0958,2.8648,1.0536,2.8178,1.9126,0.6335,-3.1085
578.50,2.4453,0.6579,-3.0958,2.8648,1.0536,2.8181,1.9126,0.6335,-3.1083
579.00,2.4453,0.6579,-3.0958,2.8648,1.0536,2.8180,1.9126,0.6335,-3.1083
579.50,2.4453,0.6579,-3.0958,2.8648,1.0536,2.8176,1.9126,0.6335,-3.1087
580.00,2.4453,0.6579,-3.0958,2.8648,1.0536,2.8176,1.9126,0.6335,-3.1088
580.50,2.4453,0.6579,-3.0958,2.8648,1.0536,2.8164,1.9126,0.6335,-3.1099
581.00,2.4453,0.6579,-3.0958,2.8648,1.0536,2.8161,1.9126,0.6335,-3.1103
581.50,2.4453,0.6579,-3.0958,2.8648,1.0536,2.8156,1.9126,0.6335,-3.1107
582.00,2.4453,0.6579,-3.0958,2.8648,1.0536,2.8152,1.9126,0.6335,-3.1111
582.50,2.4453,0.6579,-3.0958,2.8648,1.0536,2.8153,1.9126,0.6335,-3.1111
583.00,2.4453,0.6579,-3.0958,2.8648,1.0536,2.8148,1.9126,0.6335,-3.1115
583.50,2.4453,0.6572,-3.0743,2.8643,1.0538,2.8316,1.9120,0.6334,-3.0948
584.00,2.4453,0.6492,-2.8996,2.8558,1.0557,3.0014,1.9034,0.6323,-2.9249
584.50,2.4451,0.6329,-2.6886,2.8388,1.0561,-3.0693,1.8808,0.6216,-2.7090
585.00,2.4449,0.6223,-2.5119,2.8262,1.0542,-2.8900,1.8698,0.6153,-2.5297
585.50,2.4447,0.6210,-2.4480,2.8245,1.0537,-2.8195,1.8684,0.6143,-2.4592
586.00,2.4448,0.6214,-2.4768,2.8249,1.0538,-2.8469,1.8687,0.6145,-2.4866
586.50,2.4449,0.6223,-2.5109,2.8255,1.0540,-2.8807,1.8692,0.6149,-2.5204
587.00,2.4449,0.6236,-2.5460,2.8269,1.0543,-2.9156,1.8704,0.6157,-2.5553
587.50,2.4450,0.6254,-2.5820,2.8287,1.0547,-2.9517,1.8719,0.6167,-2.5914
588.00,2.4450,0.6276,-2.6189,2.8312,1.0552,-2.9891,1.8741,0.6180,-2.6288
588.50,2.4451,0.6303,-2.6569,2.8344,1.0556,-3.0269,1.8769,0.6195,-2.6666
589.00,2.4451,0.6335,-2.6958,2.8375,1.0559,-3.0662,1.8798,0.6209,-2.7059
589.50,2.4451,0.6372,-2.7359,2.8427,1.0562,-3.1062,1.8845,0.6230,-2.7458
590.00,2.4452,0.6413,-2.7771,2.8470,1.0562,3.1358,1.8885,0.6246,-2.7870
590.50,2.4452,0.6460,-2.8194,2.8512,1.0561,3.0941,1.8925,0.6260,-2.8288
591.00,2.4452,0.6483,-2.8394,2.8537,1.0559,3.0723,1.8949,0.6267,-2.8505
591.50,2.4452,0.6483,-2.8394,2.8537,1.0560,3.0720,1.8949,0.6267,-2.8508
592.00,2.4452,0.6483,-2.8394,2.8537,1.0560,3.0719,1.8949,0.6267,-2.8510
592.50,2.4462,0.6486,-2.8394,2.8545,1.0559,3.0715,1.8956,0.6269,-2.8514
593.00,2.4781,0.6585,-2.8394,2.8848,1.0538,3.0713,1.9248,0.6356,-2.8516
593.50,2.5163,0.6704,-2.8394,2.9254,1.0509,3.0706,1.9691,0.6470,-2.8536
594.00,2.5545,0.6823,-2.8394,2.9656,1.0480,3.0700,2.0093,0.6583,-2.8546
594.50,2.5868,0.6924,-2.8394,2.9999,1.0456,3.0701,2.0423,0.6681,-2.8545
595.00,2.6155,0.7013,-2.8394,3.0295,1.0435,3.0696,2.0707,0.6768,-2.8532
595.50,2.6441,0.7103,-2.8394,3.0616,1.0411,3.0696,2.1015,0.6860,-2.8532
596.00,2.6728,0.7192,-2.8394,3.0936,1.0388,3.0697,2.1323,0.6951,-2.8532
596.50,2.6982,0.7271,-2.8353,3.1205,1.0369,3.0723,2.1546,0.7032,-2.8488
597.00,2.6877,0.7239,-2.8128,3.1105,1.0374,3.0946,2.1451,0.7001,-2.8265
597.50,2.6327,0.7063,-2.8237,3.0562,1.0401,3.0838,2.0933,0.6834,-2.8373
598.00,2.5355,0.6811,-2.8774,2.9584,1.0483,3.0283,1.9823,0.6569,-2.8893
598.50,2.4631,0.6616,-2.8799,2.8719,1.0585,3.0244,1.9045,0.6354,-2.8932
599.00,2.4484,0.6577,-2.8799,2.8531,1.0607,3.0241,1.9085,0.6314,-2.8935
599.50,2.4484,0.6577,-2.8799,2.8531,1.0607,3.0233,1.9085,0.6314,-2.8943
600.00,2.4484,0.6577,-2.8799,2.8531,1.0607,3.0226,1.9085,0.6314,-2.8950
600.50,2.4484,0.6577,-2.8799,2.8531,1.0607,3.0227,1.9085,0.6314,-2.8949
601.00,2.4484,0.6577,-2.8799,2.8531,1.0607,3.0231,1.9085,0.6314,-2.8945
601.50,2.4484,0.6563,-2.8523,2.8518,1.0608,3.0456,1.9072,0.6311,-2.8720
602.00,2.4483,0.6470,-2.6891,2.8418,1.0611,-3.0771,1.8979,0.6277,-2.7115
602.50,2.4480,0.6363,-2.5050,2.8300,1.0594,-2.8918,1.8874,0.6219,-2.5263
603.00,2.4482,0.6353,-2.3469,2.8281,1.0588,-2.7308,1.8858,0.6207,-2.3652
603.50,2.4481,0.6359,-2.2906,2.8287,1.0591,-2.6685,1.8863,0.6212,-2.3030
604.00,2.4482,0.6356,-2.3205,2.8285,1.0590,-2.6978,1.8861,0.6211,-2.3322
604.50,2.4482,0.6353,-2.3543,2.8283,1.0589,-2.7316,1.8860,0.6209,-2.3660
605.00,2.4481,0.6352,-2.3883,2.8279,1.0588,-2.7658,1.8857,0.6207,-2.4003
605.50,2.4479,0.6351,-2.4211,2.8279,1.0588,-2.7988,1.8857,0.6206,-2.4332
606.00,2.4479,0.6353,-2.4538,2.8281,1.0588,-2.8320,1.8858,0.6207,-2.4664
606.50,2.4480,0.6359,-2.4874,2.8289,1.0591,-2.8657,1.8865,0.6213,-2.5001
607.00,2.4480,0.6369,-2.5218,2.8298,1.0593,-2.9005,1.8872,0.6218,-2.5349
607.50,2.4481,0.6384,-2.5572,2.8313,1.0596,-2.9360,1.8885,0.6227,-2.5704
608.00,2.4481,0.6403,-2.5934,2.8335,1.0600,-2.9724,1.8905,0.6238,-2.6068
608.50,2.4482,0.6427,-2.6307,2.8361,1.0604,-3.0097,1.8927,0.6251,-2.6442
609.00,2.4482,0.6455,-2.6690,2.8389,1.0608,-3.0481,1.8952,0.6264,-2.6825
609.50,2.4483,0.6488,-2.7083,2.8415,1.0610,-3.0876,1.8976,0.6275,-2.7220
610.00,2.4483,0.6527,-2.7487,2.8449,1.0611,-3.1283,1.9007,0.6288,-2.7628
610.50,2.4484,0.6570,-2.7902,2.8487,1.0610,3.1133,1.9043,0.6302,-2.8043
611.00,2.4484,0.6617,-2.8330,2.8535,1.0608,3.0706,1.9088,0.6317,-2.8470
611.50,2.4484,0.6641,-2.8531,2.8569,1.0605,3.0487,1.9122,0.6327,-2.8689
612.00,2.4484,0.6641,-2.8531,2.8569,1.0605,3.0482,1.9122,0.6327,-2.8694
612.50,2.4484,0.6641,-2.8531,2.8569,1.0605,3.0481,1.9122,0.6327,-2.8695
613.00,2.4484,0.6641,-2.8531,2.8569,1.0605,3.0477,1.9122,0.6327,-2.8699
613.50,2.4484,0.6641,-2.8531,2.8569,1.0605,3.0477,1.9122,0.6327,-2.8699
614.00,2.4484,0.6641,-2.8531,2.8569,1.0605,3.0473,1.9122,0.6327,-2.8703
614.50,2.4484,0.6641,-2.8531,2.8569,1.0605,3.0472,1.9122,0.6327,-2.8704
615.00,2.4484,0.6639,-2.8472,2.8567,1.0606,3.0508,1.9120,0.6326,-2.8668
615.50,2.4484,0.6595,-2.8041,2.8518,1.0609,3.0946,1.9073,0.6312,-2.8230
616.00,2.4483,0.6551,-2.7621,2.8466,1.0610,3.1364,1.9023,0.6294,-2.7812
616.50,2.4483,0.6511,-2.7214,2.8428,1.0610,-3.1058,1.8988,0.6280,-2.7402
617.00,2.4483,0.6476,-2.6817,2.8391,1.0608,-3.0661,1.8954,0.6265,-2.7006
617.50,2.4482,0.6446,-2.6431,2.8354,1.0604,-3.0282,1.8921,0.6249,-2.6626
618.00,2.4482,0.6421,-2.6055,2.8327,1.0601,-2.9906,1.8897,0.6235,-2.6251
618.50,2.4481,0.6400,-2.5689,2.8308,1.0597,-2.9544,1.8880,0.6226,-2.5888
619.00,2.4481,0.6384,-2.5333,2.8292,1.0594,-2.9188,1.8867,0.6217,-2.5532
619.50,2.4480,0.6372,-2.4985,2.8282,1.0592,-2.8847,1.8858,0.6211,-2.5191
620.00,2.4479,0.6365,-2.4647,2.8273,1.0589,-2.8510,1.8851,0.6206,-2.4855
620.50,2.4479,0.6362,-2.4317,2.8270,1.0588,-2.8185,1.8848,0.6203,-2.4530
621.00,2.4479,0.6363,-2.3991,2.8270,1.0588,-2.7865,1.8848,0.6203,-2.4210
621.50,2.4482,0.6363,-2.3656,2.8273,1.0589,-2.7532,1.8850,0.6206,-2.3877
622.00,2.4482,0.6365,-2.3314,2.8274,1.0590,-2.7195,1.8851,0.6206,-2.3539
622.50,2.4481,0.6369,-2.2984,2.8276,1.0591,-2.6872,1.8853,0.6208,-2.3217
623.00,2.4482,0.6370,-2.2658,2.8278,1.0592,-2.6550,1.8854,0.6210,-2.2894
623.50,2.4487,0.6370,-2.2324,2.8282,1.0594,-2.6223,1.8857,0.6213,-2.2568
624.00,2.4496,0.6371,-2.1982,2.8290,1.0599,-2.5891,1.8863,0.6221,-2.2236
624.50,2.4510,0.6371,-2.1631,2.8304,1.0607,-2.5545,1.8873,0.6233,-2.1890
625.00,2.4528,0.6372,-2.1270,2.8319,1.0618,-2.5186,1.8883,0.6249,-2.1531
625.50,2.4551,0.6372,-2.0899,2.8337,1.0632,-2.4820,1.8895,0.6268,-2.1165
626.00,2.4568,0.6373,-2.0649,2.8355,1.0646,-2.4560,1.8907,0.6288,-2.0905
626.50,2.4579,0.6393,-2.0649,2.8369,1.0657,-2.4560,1.8916,0.6303,-2.0905
627.00,2.4708,0.6631,-2.0649,2.8588,1.0836,-2.4562,1.9056,0.6549,-2.0907
627.50,2.4710,0.6637,-2.0649,2.8591,1.0839,-2.4565,1.9058,0.6553,-2.0909
628.00,2.4710,0.6637,-2.0649,2.8591,1.0839,-2.4568,1.9058,0.6553,-2.0912
628.50,2.4710,0.6637,-2.0649,2.8591,1.0839,-2.4565,1.9058,0.6553,-2.0910
629.00,2.4710,0.6637,-2.0649,2.8591,1.0839,-2.4573,1.9058,0.6553,-2.0917
629.50,2.4728,0.6637,-2.0404,2.8603,1.0849,-2.4354,1.9066,0.6566,-2.0698
630.00,2.4752,0.6637,-2.0109,2.8628,1.0871,-2.4061,1.9081,0.6595,-2.0406
630.50,2.4781,0.6638,-1.9782,2.8641,1.0883,-2.3718,1.9089,0.6612,-2.0062
631.00,2.4822,0.6638,-1.9371,2.8672,1.0914,-2.3313,1.9107,0.6651,-1.9657
631.50,2.4869,0.6638,-1.8947,2.8707,1.0953,-2.2892,1.9126,0.6700,-1.9237
632.00,2.4920,0.6639,-1.8512,2.8742,1.0994,-2.2461,1.9144,0.6752,-1.8805
632.50,2.4975,0.6639,-1.8063,2.8777,1.1040,-2.2019,1.9160,0.6807,-1.8364
633.00,2.5036,0.6639,-1.7600,2.8816,1.1095,-2.1562,1.9420,0.6482,-1.7732
633.50,2.5102,0.6639,-1.7121,2.8849,1.1149,-2.1093,1.9431,0.6545,-1.7263
634.00,2.5172,0.6640,-1.6626,2.8880,1.1202,-2.0597,1.9439,0.6605,-1.6766
634.50,2.5247,0.6640,-1.6112,2.8915,1.1272,-2.0088,1.9445,0.6683,-1.6258
635.00,2.5327,0.6640,-1.5579,2.8934,1.1316,-1.9558,1.9447,0.6731,-1.5727
635.50,2.5404,0.6640,-1.5055,2.8904,1.1237,-1.9038,1.9449,0.6647,-1.5207
636.00,2.5477,0.6640,-1.4550,2.8879,1.1158,-1.8535,1.9455,0.6564,-1.4704
636.50,2.5545,0.6639,-1.4063,2.8865,1.1104,-1.8050,1.9462,0.6508,-1.4219
637.00,2.5609,0.6639,-1.3592,2.8850,1.1034,-1.7577,1.9474,0.6438,-1.3746
637.50,2.5667,0.6639,-1.3136,2.8843,1.0994,-1.7122,1.9483,0.6398,-1.3291
638.00,2.5721,0.6638,-1.2693,2.8838,1.0950,-1.6681,1.9494,0.6356,-1.2851
638.50,2.5769,0.6638,-1.2264,2.8833,1.0892,-1.6255,1.9512,0.6300,-1.2425
639.00,2.5813,0.6638,-1.1846,2.8832,1.0842,-1.5844,1.9529,0.6253,-1.2014
639.50,2.5852,0.6637,-1.1441,2.8832,1.0801,-1.5441,1.9544,0.6215,-1.1611
640.00,2.5882,0.6637,-1.1100,2.8833,1.0764,-1.5089,1.9560,0.6182,-1.1259
640.50,2.5905,0.6637,-1.0809,2.8835,1.0736,-1.4797,1.9572,0.6157,-1.0966
641.00,2.5925,0.6636,-1.0525,2.8838,1.0714,-1.4515,1.9583,0.6137,-1.0684
641.50,2.5943,0.6636,-1.0246,2.8840,1.0699,-1.4231,1.9590,0.6123,-1.0400
642.00,2.5958,0.6635,-0.9972,2.8842,1.0683,-1.3957,1.9598,0.6110,-1.0127
642.50,2.5970,0.6635,-0.9704,2.8845,1.0668,-1.3683,1.9607,0.6096,-0.9853
643.00,2.5980,0.6635,-0.9441,2.8846,1.0665,-1.3414,1.9608,0.6095,-0.9584
643.50,2.5987,0.6634,-0.9184,2.8847,1.0659,-1.3162,1.9612,0.6089,-0.9332
644.00,2.5992,0.6634,-0.8931,2.8849,1.0651,-1.2908,1.9617,0.6083,-0.9078
644.50,2.5995,0.6633,-0.8683,2.8850,1.0650,-1.2666,1.9618,0.6081,-0.8835
645.00,2.5995,0.6633,-0.8439,2.8850,1.0649,-1.2425,1.9618,0.6081,-0.8595
645.50,2.5994,0.6635,-0.8193,2.8849,1.0652,-1.2179,1.9616,0.6084,-0.8349
646.00,2.5994,0.6637,-0.7939,2.8848,1.0655,-1.1930,1.9614,0.6086,-0.8100
646.50,2.5993,0.6636,-0.7683,2.8847,1.0656,-1.1674,1.9613,0.6087,-0.7844
647.00,2.5989,0.6636,-0.7432,2.8846,1.0660,-1.1424,1.9610,0.6089,-0.7594
647.50,2.5988,0.6635,-0.7187,2.8845,1.0663,-1.1183,1.9608,0.6091,-0.7353
648.00,2.5987,0.6636,-0.6942,2.8844,1.0663,-1.0938,1.9607,0.6092,-0.7108
648.50,2.5987,0.6640,-0.6693,2.8843,1.0666,-1.0691,1.9605,0.6094,-0.6861
649.00,2.5987,0.6645,-0.6438,2.8838,1.0674,-1.0442,1.9598,0.6100,-0.6612
649.50,2.5986,0.6652,-0.6218,2.8837,1.0676,-1.0222,1.9596,0.6101,-0.6391
650.00,2.6135,0.6577,-0.5567,2.8906,1.0571,-0.9615,1.9699,0.6030,-0.5785
650.50,2.6835,0.6330,-0.3805,2.9360,1.0028,-0.7876,2.1205,0.5987,-0.3976
651.00,2.8056,0.6026,-0.2866,3.0285,0.9203,-0.6867,2.2503,0.5756,-0.2980
651.50,2.9281,0.5627,-0.3524,3.1294,0.8350,-0.7454,2.3769,0.5371,-0.3571
652.00,3.0452,0.5140,-0.4957,3.2130,0.7455,-0.8929,2.4826,0.4864,-0.5073
652.50,3.1586,0.4522,-0.5031,3.2940,0.6413,-0.9068,2.6055,0.4201,-0.5186
653.00,3.2754,0.3952,-0.3964,3.3806,0.5410,-0.8012,2.7103,0.3700,-0.4112
653.50,3.3960,0.3457,-0.3917,3.4756,0.4463,-0.7893,2.8367,0.3137,-0.3993
654.00,3.5147,0.2906,-0.4398,3.5641,0.3515,-0.8400,2.9535,0.2600,-0.4518
654.50,3.6320,0.2334,-0.4560,3.6519,0.2522,-0.8556,3.0699,0.1999,-0.4666
655.00,3.7485,0.1756,-0.4481,3.7373,0.1530,-0.8530,3.1929,0.1404,-0.4641
655.50,3.8674,0.1248,-0.3956,3.8257,0.0585,-0.7960,3.3110,0.0867,-0.4071
656.00,3.9870,0.0726,-0.4175,3.9220,-0.0413,-0.8163,3.4336,0.0308,-0.4273
656.50,4.1042,0.0134,-0.4775,4.0107,-0.1418,-0.8775,3.5467,-0.0254,-0.4886
657.00,4.2190,-0.0488,-0.4881,4.0928,-0.2433,-0.8936,3.6603,-0.0882,-0.5046
657.50,4.3356,-0.1043,-0.4292,4.1774,-0.3422,-0.8350,3.7797,-0.1523,-0.4432
658.00,4.4544,-0.1561,-0.4191,4.2666,-0.4389,-0.8248,3.8968,-0.2055,-0.4309
658.50,4.5721,-0.2143,-0.4586,4.3582,-0.5418,-0.8650,4.0204,-0.2635,-0.4683
659.00,4.6876,-0.2763,-0.4882,4.4439,-0.6465,-0.8969,4.1333,-0.3290,-0.5002
659.50,4.8040,-0.3328,-0.4254,4.5292,-0.7479,-0.8370,4.2408,-0.3878,-0.4396
660.00,4.9225,-0.3864,-0.4345,4.6174,-0.8448,-0.8438,4.3611,-0.4411,-0.4444
660.50,5.0400,-0.4440,-0.4584,4.7020,-0.9416,-0.8682,4.4768,-0.4975,-0.4680
661.00,5.1552,-0.5079,-0.5060,4.7878,-1.0477,-0.9153,4.5961,-0.5617,-0.5152
661.50,5.2684,-0.5730,-0.5226,4.8665,-1.1520,-0.9330,4.7095,-0.6291,-0.5329
662.00,5.3795,-0.6426,-0.5737,4.9448,-1.2628,-0.9833,4.8223,-0.7006,-0.5832
662.50,5.4853,-0.7198,-0.6769,5.0116,-1.3743,-1.0874,4.9218,-0.7773,-0.6847
663.00,5.5809,-0.8086,-0.8344,5.0656,-1.4974,-1.2441,5.0185,-0.8691,-0.8396
663.50,5.6635,-0.9114,-1.0085,5.0976,-1.6256,-1.4169,5.0973,-0.9744,-1.0124
664.00,5.7348,-1.0168,-1.2614,5.1030,-1.7540,-1.6659,5.1526,-1.0893,-1.2597
664.50,5.7959,-1.1301,-1.5710,5.0718,-1.8811,-1.9704,5.1965,-1.2062,-1.5668
665.00,5.8157,-1.2557,-1.8350,5.0061,-1.9911,-2.2368,5.2140,-1.3232,-1.8358
665.50,5.7935,-1.3572,-1.9391,4.9330,-2.0722,-2.3492,5.2229,-1.4225,-1.9508
666.00,5.7666,-1.4301,-1.8829,4.8784,-2.1291,-2.2999,5.1974,-1.4960,-1.9006
666.50,5.7489,-1.5240,-1.6725,4.8223,-2.2057,-2.0994,5.1757,-1.5883,-1.6993
667.00,5.7413,-1.6538,-1.5111,4.7646,-2.3307,-1.9296,5.1756,-1.7255,-1.5224
667.50,5.7472,-1.7835,-1.5316,4.7208,-2.4487,-1.9459,5.1768,-1.8427,-1.5388
668.00,5.7511,-1.9135,-1.5284,4.6703,-2.5730,-1.9486,5.1795,-1.9793,-1.5424
668.50,5.7611,-2.0432,-1.5033,4.6246,-2.6973,-1.9170,5.1865,-2.1092,-1.5108
669.00,5.7635,-2.1731,-1.5750,4.5756,-2.8173,-1.9933,5.1866,-2.2357,-1.5870
669.50,5.7665,-2.3031,-1.5443,4.5237,-2.9385,-1.9576,5.1937,-2.3677,-1.5505
670.00,5.7668,-2.4331,-1.5618,4.4714,-3.0595,-1.9805,5.1869,-2.4995,-1.5743
670.50,5.7739,-2.5628,-1.4810,4.4251,-3.1818,-1.8951,5.1930,-2.6279,-1.4915
671.00,5.7825,-2.6924,-1.5048,4.3803,-3.3092,-1.9211,5.2018,-2.7627,-1.5175
671.50,5.7959,-2.8219,-1.4623,4.3390,-3.4320,-1.8746,5.2132,-2.8897,-1.4710
672.00,5.8048,-2.9515,-1.5326,4.2954,-3.5573,-1.9447,5.2200,-3.0174,-1.5410
672.50,5.8122,-3.0813,-1.4694,4.2483,-3.6821,-1.8873,5.2234,-3.1505,-1.4850
673.00,5.8287,-3.2096,-1.3656,4.2150,-3.8071,-1.7805,5.2442,-3.2762,-1.3773
673.50,5.8550,-3.3361,-1.3262,4.1914,-3.9367,-1.7361,5.2733,-3.4073,-1.3346
674.00,5.8809,-3.4632,-1.3980,4.1662,-4.0623,-1.8082,5.2966,-3.5225,-1.4068
674.50,5.9055,-3.5910,-1.3564,4.1354,-4.1942,-1.7707,5.3164,-3.6628,-1.3704
675.00,5.9394,-3.7170,-1.2839,4.1139,-4.3215,-1.6996,5.3458,-3.7821,-1.2981
675.50,5.9825,-3.8401,-1.2046,4.1020,-4.4565,-1.6187,5.3916,-3.9111,-1.2172
676.00,6.0344,-3.9597,-1.1568,4.0980,-4.5920,-1.5707,5.4349,-4.0311,-1.1681
676.50,6.0814,-4.0566,-1.1349,4.1003,-4.7066,-1.5432,5.4848,-4.1295,-1.1406
677.00,6.1197,-4.1283,-1.0747,4.1038,-4.7925,-1.4902,5.5221,-4.1970,-1.0911
677.50,6.1571,-4.1807,-0.9780,4.1121,-4.8570,-1.3902,5.5549,-4.2531,-0.9911
678.00,6.1858,-4.2174,-0.9137,4.1232,-4.9079,-1.3237,5.5889,-4.2895,-0.9246
678.50,6.2048,-4.2404,-0.8753,4.1314,-4.9376,-1.2834,5.6051,-4.3136,-0.8843
679.00,6.2052,-4.2408,-0.8512,4.1318,-4.9390,-1.2605,5.6061,-4.3083,-0.8625
679.50,6.2051,-4.2406,-0.8188,4.1317,-4.9389,-1.2292,5.6060,-4.3082,-0.8312
680.00,6.2050,-4.2404,-0.7849,4.1316,-4.9387,-1.1952,5.6059,-4.3081,-0.7973
680.50,6.2047,-4.2405,-0.7510,4.1314,-4.9383,-1.1611,5.6056,-4.3078,-0.7632
681.00,6.2044,-4.2406,-0.7183,4.1312,-4.9379,-1.1283,5.6052,-4.3075,-0.7304
681.50,6.2044,-4.2404,-0.6855,4.1311,-4.9377,-1.0958,5.6050,-4.3073,-0.6978
682.00,6.2043,-4.2398,-0.6519,4.1307,-4.9369,-1.0622,5.6043,-4.3067,-0.6642
682.50,6.2043,-4.2387,-0.6174,4.1300,-4.9357,-1.0283,5.6032,-4.3059,-0.6303
683.00,6.2042,-4.2372,-0.5820,4.1295,-4.9349,-0.9933,5.6024,-4.3054,-0.5953
683.50,6.2042,-4.2353,-0.5457,4.1284,-4.9332,-0.9568,5.6008,-4.3043,-0.5589
684.00,6.2041,-4.2329,-0.5083,4.1260,-4.9300,-0.9192,5.5974,-4.3022,-0.5213
684.50,6.2041,-4.2300,-0.4700,4.1244,-4.9279,-0.8807,5.5950,-4.3009,-0.4827
685.00,6.2040,-4.2266,-0.4306,4.1223,-4.9256,-0.8419,5.5922,-4.2995,-0.4439
685.50,6.2040,-4.2228,-0.3901,4.1199,-4.9229,-0.8017,5.5890,-4.2981,-0.4037
686.00,6.2039,-4.2185,-0.3485,4.1171,-4.9202,-0.7598,5.5853,-4.2966,-0.3618
686.50,6.2039,-4.2136,-0.3057,4.1135,-4.9169,-0.7173,5.5807,-4.2949,-0.3194
687.00,6.2039,-4.2083,-0.2616,4.1096,-4.9137,-0.6729,5.5759,-4.2935,-0.2749
687.50,6.2038,-4.2025,-0.2161,4.1053,-4.9103,-0.6275,5.5706,-4.2921,-0.2295
688.00,6.2038,-4.1963,-0.1691,4.1001,-4.9068,-0.5810,5.5644,-4.2908,-0.1830
688.50,6.2038,-4.1895,-0.1206,4.0950,-4.9036,-0.5328,5.5585,-4.2899,-0.1349
689.00,6.2038,-4.1823,-0.0703,4.0898,-4.9007,-0.4825,5.6026,-4.2595,-0.0834
689.50,6.2038,-4.1745,-0.0181,4.0833,-4.8975,-0.4310,5.5953,-4.2591,-0.0319
690.00,6.2038,-4.1666,0.0353,4.0848,-4.8980,-0.3776,5.5969,-4.2590,0.0215
690.50,6.2038,-4.1590,0.0868,4.0914,-4.9005,-0.3262,5.6040,-4.2586,0.0729
691.00,6.2038,-4.1519,0.1366,4.0985,-4.9027,-0.2768,5.6113,-4.2579,0.1223
691.50,6.2038,-4.1453,0.1846,4.1050,-4.9044,-0.2289,5.6180,-4.2569,0.1702
692.00,6.2038,-4.1392,0.2310,4.1111,-4.9057,-0.1824,5.6242,-4.2557,0.2167
692.50,6.2039,-4.1336,0.2761,4.1161,-4.9065,-0.1373,5.6291,-4.2545,0.2618
693.00,6.2039,-4.1284,0.3198,4.1208,-4.9070,-0.0933,5.6336,-4.2532,0.3058
693.50,6.2039,-4.1238,0.3622,4.1256,-4.9074,-0.0513,5.6382,-4.2517,0.3478
694.00,6.2040,-4.1196,0.4034,4.1304,-4.9075,-0.0102,5.6427,-4.2499,0.3889
694.50,6.2040,-4.1159,0.4436,4.1338,-4.9075,0.0298,5.6458,-4.2486,0.4289
695.00,6.2041,-4.1127,0.4826,4.1370,-4.9073,0.0684,5.6487,-4.2472,0.4675
695.50,6.2041,-4.1099,0.5206,4.1407,-4.9070,0.1061,5.6519,-4.2455,0.5052
696.00,6.2042,-4.1077,0.5576,4.1431,-4.9067,0.1424,5.6117,-4.1819,0.5442
696.50,6.2042,-4.1059,0.5936,4.1447,-4.9064,0.1784,5.6131,-4.1810,0.5802
697.00,6.2043,-4.1045,0.6288,4.1461,-4.9062,0.2136,5.6143,-4.1803,0.6153
697.50,6.2043,-4.1036,0.6630,4.1465,-4.9061,0.2475,5.6146,-4.1800,0.6492
698.00,6.2044,-4.1032,0.6963,4.1470,-4.9059,0.2813,5.6150,-4.1797,0.6830
698.50,6.2044,-4.1031,0.7274,4.1472,-4.9059,0.3136,5.6152,-4.1796,0.7153
699.00,6.2042,-4.1032,0.7604,4.1469,-4.9060,0.3465,5.6149,-4.1798,0.7483
699.50,6.2041,-4.1032,0.7946,4.1468,-4.9060,0.3806,5.6149,-4.1799,0.7823
700.00,6.2042,-4.1037,0.8281,4.1464,-4.9062,0.4139,5.6146,-4.1802,0.8156
700.50,6.2042,-4.1038,0.8607,4.1463,-4.9063,0.4467,5.6145,-4.1803,0.8484
701.00,6.2039,-4.1039,0.8937,4.1461,-4.9064,0.4783,5.6143,-4.1805,0.8800
701.50,6.2032,-4.1039,0.9275,4.1454,-4.9067,0.5115,5.6139,-4.1810,0.9132
702.00,6.2020,-4.1040,0.9622,4.1446,-4.9072,0.5465,5.6133,-4.1818,0.9482
702.50,6.2004,-4.1040,0.9979,4.1437,-4.9077,0.5822,5.6127,-4.1827,0.9840
703.00,6.1984,-4.1041,1.0345,4.1418,-4.9090,0.6179,5.6115,-4.1846,1.0196
703.50,6.1958,-4.1041,1.0721,4.1394,-4.9108,0.6555,5.6099,-4.1872,1.0572
704.00,6.1928,-4.1042,1.1106,4.1364,-4.9132,0.6938,5.6081,-4.1905,1.0955
704.50,6.1893,-4.1042,1.1503,4.1339,-4.9154,0.7335,5.6067,-4.1935,1.1353
705.00,6.1854,-4.1043,1.1911,4.1305,-4.9185,0.7743,5.6048,-4.1977,1.1760
705.50,6.1809,-4.1043,1.2330,4.1269,-4.9223,0.8158,5.6029,-4.2026,1.2175
706.00,6.1760,-4.1043,1.2761,4.1224,-4.9273,0.8590,5.6007,-4.2090,1.2608
706.50,6.1705,-4.1044,1.3206,4.1188,-4.9315,0.9027,5.5991,-4.2143,1.3044
707.00,6.1646,-4.1044,1.3664,4.1144,-4.9374,0.9482,5.5973,-4.2214,1.3500
707.50,6.1584,-4.1035,1.4162,4.1114,-4.9417,0.9949,5.5963,-4.2266,1.3967
708.00,6.1468,-4.0620,1.5880,4.1303,-4.9068,1.1520,5.5999,-4.1870,1.5538
708.50,6.1256,-3.9578,1.7005,4.1679,-4.8006,1.2741,5.5931,-4.0746,1.6758
709.00,6.1121,-3.8357,1.6244,4.2067,-4.6805,1.2076,5.5224,-3.9087,1.6262
709.50,6.1073,-3.7077,1.4016,4.2647,-4.5660,0.9874,5.5278,-3.7828,1.3991
710.00,6.1244,-3.5868,1.3298,4.3402,-4.4635,0.9073,5.5430,-3.6609,1.3155
710.50,6.1451,-3.4881,1.4315,4.3974,-4.3860,0.9961,5.5561,-3.5671,1.4068
711.00,6.1566,-3.3642,1.6901,4.4520,-4.2737,1.2511,5.5613,-3.4449,1.6653
711.50,6.1470,-3.2366,1.8021,4.4839,-4.1478,1.3709,5.5545,-3.3166,1.7913
712.00,6.1201,-3.1096,1.7389,4.5132,-4.0137,1.3138,5.5310,-3.1823,1.7350
712.50,6.1021,-2.9806,1.6662,4.5530,-3.8865,1.2395,5.5185,-3.0526,1.6581
713.00,6.0931,-2.8508,1.5739,4.6025,-3.7617,1.1458,5.5140,-2.9290,1.5634
713.50,6.0898,-2.7208,1.6045,4.6561,-3.6411,1.1756,5.5105,-2.7989,1.5933
714.00,6.0878,-2.5908,1.5833,4.7099,-3.5159,1.1520,5.5068,-2.6625,1.5703
714.50,6.0807,-2.4609,1.6374,4.7607,-3.3944,1.2062,5.5065,-2.5391,1.6242
715.00,6.0645,-2.3319,1.7358,4.8017,-3.2677,1.3045,5.4912,-2.4080,1.7211
715.50,6.0398,-2.2041,1.7623,4.8332,-3.1440,1.3313,5.4655,-2.2829,1.7517
716.00,6.0196,-2.0758,1.6740,4.8678,-3.0173,1.2469,5.4454,-2.1531,1.6673
716.50,6.0085,-1.9461,1.6341,4.9152,-2.8917,1.1981,5.4375,-2.0215,1.6199
717.00,5.9946,-1.8170,1.7325,4.9575,-2.7674,1.2966,5.4213,-1.8907,1.7198
717.50,5.9714,-1.6896,1.8119,4.9880,-2.6414,1.3750,5.3956,-1.7678,1.7996
718.00,5.9392,-1.5638,1.8378,5.0120,-2.5091,1.4012,5.3712,-1.6374,1.8257
718.50,5.8981,-1.4393,1.8878,5.0323,-2.3723,1.4505,5.3302,-1.5085,1.8747
719.00,5.8554,-1.3161,1.8953,5.0468,-2.2391,1.4603,5.2900,-1.3834,1.8862
719.50,5.8103,-1.1933,1.9217,5.0606,-2.1002,1.4883,5.2411,-1.2590,1.9121
720.00,5.7588,-1.0723,1.9846,5.0685,-1.9646,1.5515,5.1988,-1.1381,1.9719
720.50,5.6989,-0.9566,2.1113,5.0633,-1.8280,1.6790,5.1360,-1.0195,2.0958
721.00,5.6277,-0.8515,2.2856,5.0392,-1.7009,1.8527,5.0648,-0.9207,2.2696
721.50,5.5354,-0.7618,2.4650,4.9916,-1.5768,2.0304,4.9718,-0.8264,2.4458
722.00,5.4397,-0.6887,2.6605,4.9232,-1.4634,2.2237,4.8658,-0.7503,2.6405
722.50,5.3529,-0.6371,2.9338,4.8518,-1.3919,2.4902,4.7797,-0.7174,2.9094
723.00,5.2317,-0.5996,-3.1301,4.7426,-1.3274,2.7169,4.6721,-0.6827,3.1378
723.50,5.1628,-0.5955,-3.0955,4.6713,-1.2986,2.7628,4.5999,-0.6662,-3.0995
724.00,5.1358,-0.5919,3.1036,4.6434,-1.2862,2.6887,4.5674,-0.6580,3.1085
724.50,5.0588,-0.5782,2.8646,4.5718,-1.2404,2.4615,4.4834,-0.6453,2.8812
725.00,4.9421,-0.5465,2.6574,4.4861,-1.1519,2.2456,4.3873,-0.5902,2.6491
725.50,4.8293,-0.4856,2.6073,4.4076,-1.0456,2.1884,4.2711,-0.5400,2.5936
726.00,4.7180,-0.4236,2.6993,4.3277,-0.9398,2.2722,4.1564,-0.4796,2.6792
726.50,4.5966,-0.3702,2.8956,4.2326,-0.8465,2.4664,4.0465,-0.4313,2.8766
727.00,4.4692,-0.3353,2.9645,4.1234,-0.7675,2.5424,3.9129,-0.3892,2.9546
727.50,4.3420,-0.3074,2.8877,4.0188,-0.6913,2.4667,3.7957,-0.3590,2.8778
728.00,4.2175,-0.2703,2.8156,3.9164,-0.6032,2.3925,3.6577,-0.3167,2.8054
728.50,4.0940,-0.2306,2.8630,3.8221,-0.5168,2.4321,3.5348,-0.2754,2.8433
729.00,3.9677,-0.1995,2.9181,3.7181,-0.4351,2.4961,3.4126,-0.2419,2.9089
729.50,3.8415,-0.1659,2.8688,3.6160,-0.3548,2.4458,3.2841,-0.2093,2.8590
730.00,3.7175,-0.1236,2.8140,3.5151,-0.2648,2.3873,3.1573,-0.1652,2.8008
730.50,3.5936,-0.0855,2.8876,3.4182,-0.1773,2.4536,3.0389,-0.1233,2.8675
731.00,3.4666,-0.0562,2.9365,3.3152,-0.0995,2.5107,2.9146,-0.0930,2.9269
731.50,3.3402,-0.0239,2.8724,3.2097,-0.0173,2.4461,2.7884,-0.0605,2.8623
732.00,3.2160,0.0176,2.8120,3.1157,0.0661,2.3852,2.6757,-0.0223,2.8002
732.50,3.0945,0.0683,2.7341,3.0221,0.1609,2.3069,2.5440,0.0354,2.7219
733.00,2.9765,0.1270,2.6845,2.9293,0.2690,2.2551,2.4213,0.0969,2.6724
733.50,2.8867,0.1725,2.6990,2.8638,0.3499,2.2653,2.3366,0.1443,2.6832
734.00,2.8525,0.1903,2.7386,2.8362,0.3822,2.3053,2.3065,0.1628,2.7247
734.50,2.8205,0.1930,2.8538,2.8168,0.4015,2.4053,2.2810,0.1726,2.8247
735.00,2.7309,0.1882,-3.1374,2.7450,0.4516,2.6826,2.1954,0.1804,3.1125
735.50,2.6058,0.1737,-2.9225,2.6210,0.4939,2.9096,2.0527,0.1473,-2.9379
736.00,2.5267,0.1549,-2.8952,2.5357,0.5116,2.9463,1.9830,0.1272,-2.9012
736.50,2.4616,0.1461,-2.9938,2.4733,0.5269,2.8548,1.9059,0.1196,-2.9935
737.00,2.3406,0.1453,-3.0804,2.3567,0.5678,2.7659,1.7971,0.1144,-3.0903
737.50,2.2107,0.1434,-3.0947,2.2312,0.6200,2.7459,1.6622,0.1210,-3.1103
738.00,2.0809,0.1374,-3.1210,2.1037,0.6726,2.7255,1.5299,0.1163,-3.1307
738.50,1.9509,0.1383,3.1367,1.9873,0.7277,2.6938,1.3967,0.1191,3.1203
739.00,1.8209,0.1336,-3.1006,1.8591,0.7839,2.7450,1.2639,0.1173,-3.1116
739.50,1.6910,0.1328,-3.1347,1.7380,0.8385,2.7034,1.1354,0.1172,3.1332
740.00,1.5611,0.1267,-3.0847,1.6200,0.8891,2.7584,1.0081,0.1141,-3.0948
740.50,1.4312,0.1243,-3.1292,1.4973,0.9427,2.7092,0.8845,0.1122,3.1406
741.00,1.3012,0.1194,-3.1118,1.3682,0.9993,2.7330,0.7469,0.1098,-3.1194
741.50,1.1712,0.1207,3.1275,1.2500,1.0552,2.6819,0.6308,0.1118,3.1127
742.00,1.0413,0.1179,-3.1153,1.1278,1.1114,2.7271,0.5073,0.1126,-3.1229
742.50,0.9113,0.1202,3.1090,1.0078,1.1685,2.6650,0.3850,0.1150,3.0977
743.00,0.7814,0.1206,-3.1029,0.8861,1.2278,2.7350,0.2405,0.1188,-3.1136
743.50,0.6515,0.1157,-3.1060,0.7656,1.2790,2.7315,0.1270,0.1087,-3.1183
744.00,0.5215,0.1119,-3.1323,0.6457,1.3312,2.7111,0.0206,0.1044,-3.1399
744.50,0.3916,0.1169,3.0914,0.5259,1.3912,2.6482,-0.1193,0.1113,3.0818
745.00,0.2617,0.1195,-3.1324,0.4097,1.4503,2.7084,-0.2560,0.1176,-3.1408
745.50,0.1340,0.1204,3.1252,0.2931,1.5048,2.6841,-0.3864,0.1166,3.1157
746.00,0.0524,0.1189,-3.1144,0.2091,1.5448,2.7233,-0.4894,0.1202,-3.1282
746.50,0.0322,0.1121,-3.0633,0.1841,1.5555,2.7745,-0.4855,0.1204,-3.0736
747.00,0.0322,0.1049,-3.0133,0.1778,1.5578,2.8241,-0.4922,0.1198,-3.0239
747.50,0.0322,0.0982,-2.9650,0.1722,1.5595,2.8716,-0.4938,0.1045,-2.9776
748.00,0.0322,0.0920,-2.9183,0.1663,1.5611,2.9181,-0.4998,0.1034,-2.9311
748.50,0.0321,0.0863,-2.8730,0.1595,1.5625,2.9634,-0.5065,0.1019,-2.8858
749.00,0.0321,0.0810,-2.8291,0.1535,1.5634,3.0073,-0.5123,0.1002,-2.8419
749.50,0.0321,0.0763,-2.7865,0.1484,1.5640,3.0492,-0.5172,0.0986,-2.8000
750.00,0.0320,0.0720,-2.7450,0.1449,1.5643,3.0905,-0.5205,0.0974,-2.7587
750.50,0.0320,0.0683,-2.7047,0.1412,1.5644,3.1305,-0.5240,0.0959,-2.7187
751.00,0.0319,0.0650,-2.6655,0.1386,1.5644,-3.1139,-0.5263,0.0948,-2.6799
751.50,0.0319,0.0622,-2.6274,0.1356,1.5642,-3.0757,-0.5290,0.0934,-2.6417
752.00,0.0318,0.0598,-2.5902,0.1343,1.5641,-3.0385,-0.5300,0.0928,-2.6045
752.50,0.0318,0.0579,-2.5540,0.1327,1.5639,-3.0018,-0.5314,0.0919,-2.5678
753.00,0.0317,0.0565,-2.5187,0.1317,1.5638,-2.9671,-0.5323,0.0914,-2.5331
753.50,0.0317,0.0555,-2.4844,0.1307,1.5636,-2.9332,-0.4952,0.0579,-2.4934
754.00,0.0316,0.0550,-2.4509,0.1304,1.5635,-2.9002,-0.4954,0.0577,-2.4604
754.50,0.0316,0.0549,-2.4183,0.1301,1.5634,-2.8681,-0.4957,0.0575,-2.4283
755.00,0.0318,0.0550,-2.3853,0.1301,1.5634,-2.8355,-0.4957,0.0575,-2.3957
755.50,0.0319,0.0550,-2.3513,0.1301,1.5635,-2.8013,-0.4956,0.0575,-2.3615
756.00,0.0319,0.0554,-2.3176,0.1303,1.5635,-2.7674,-0.4955,0.0577,-2.3276
756.50,0.0318,0.0556,-2.2849,0.1308,1.5637,-2.7349,-0.4951,0.0581,-2.2951
757.00,0.0320,0.0557,-2.2521,0.1310,1.5638,-2.7026,-0.4950,0.0582,-2.2627
757.50,0.0327,0.0557,-2.2183,0.1316,1.5641,-2.6699,-0.4946,0.0587,-2.2301
758.00,0.0338,0.0558,-2.1837,0.1326,1.5647,-2.6356,-0.4939,0.0596,-2.1958
758.50,0.0354,0.0558,-2.1482,0.1339,1.5654,-2.6005,-0.4931,0.0609,-2.1607
759.00,0.0374,0.0559,-2.1117,0.1354,1.5663,-2.5641,-0.4921,0.0624,-2.1243
759.50,0.0399,0.0559,-2.0743,0.1375,1.5678,-2.5265,-0.4908,0.0646,-2.0867
760.00,0.0428,0.0560,-2.0358,0.1403,1.5698,-2.4883,-0.4891,0.0676,-2.0485
760.50,0.0462,0.0560,-1.9963,0.1423,1.5714,-2.4489,-0.4880,0.0699,-2.0091
761.00,0.0501,0.0561,-1.9557,0.1457,1.5743,-2.4088,-0.4862,0.0739,-1.9690
761.50,0.0545,0.0561,-1.9139,0.1491,1.5775,-2.3671,-0.4845,0.0783,-1.9273
762.00,0.0594,0.0561,-1.8709,0.1527,1.5812,-2.3242,-0.4828,0.0831,-1.8844
762.50,0.0648,0.0562,-1.8266,0.1560,1.5849,-2.2801,-0.4813,0.0879,-1.8403
763.00,0.0706,0.0562,-1.7809,0.1595,1.5891,-2.2347,-0.4800,0.0932,-1.7949
763.50,0.0770,0.0562,-1.7338,0.1642,1.5954,-2.1877,-0.4784,0.1009,-1.7479
764.00,0.0838,0.0562,-1.6850,0.1680,1.6010,-2.1390,-0.4295,0.0677,-1.6957
764.50,0.0911,0.0562,-1.6345,0.1717,1.6072,-2.0891,-0.4288,0.0749,-1.6458
765.00,0.0989,0.0563,-1.5820,0.1754,1.6140,-2.0367,-0.4284,0.0827,-1.5934
765.50,0.1068,0.0563,-1.5288,0.1740,1.6111,-1.9836,-0.4284,0.0794,-1.5403
766.00,0.1143,0.0562,-1.4775,0.1718,1.6057,-1.9323,-0.4281,0.0736,-1.4890
766.50,0.1213,0.0562,-1.4280,0.1693,1.5986,-1.8832,-0.4273,0.0662,-1.4399
767.00,0.1279,0.0562,-1.3802,0.1671,1.5912,-1.8352,-0.4261,0.0585,-1.3919
767.50,0.1339,0.0562,-1.3339,0.1662,1.5872,-1.7892,-0.4253,0.0545,-1.3459
768.00,0.1395,0.0561,-1.2890,0.1651,1.5821,-1.7449,-0.4240,0.0495,-1.3016
768.50,0.1446,0.0561,-1.2455,0.1643,1.5768,-1.7022,-0.4225,0.0443,-1.2589
769.00,0.1492,0.0561,-1.2032,0.1639,1.5733,-1.6601,-0.4213,0.0410,-1.2168
769.50,0.1529,0.0560,-1.1620,0.1637,1.5701,-1.6197,-0.4201,0.0379,-1.1764
770.00,0.1613,0.0559,-1.0261,0.1638,1.5612,-1.4888,-0.4162,0.0300,-1.0455
770.50,0.1666,0.0556,-0.8533,0.1648,1.5546,-1.3150,-0.4125,0.0244,-0.8717
771.00,0.1658,0.0560,-0.6873,0.1645,1.5553,-1.1500,-0.4131,0.0250,-0.7067
771.50,0.1656,0.0603,-0.5568,0.1626,1.5588,-1.0149,-0.4162,0.0273,-0.5716
772.00,0.1656,0.0629,-0.5151,0.1616,1.5604,-0.9732,-0.4179,0.0283,-0.5299
772.50,0.1655,0.0657,-0.4770,0.1601,1.5625,-0.9352,-0.4201,0.0296,-0.4919
773.00,0.1655,0.0689,-0.4378,0.1577,1.5656,-0.8961,-0.4236,0.0314,-0.4528
773.50,0.1654,0.0727,-0.3975,0.1557,1.5680,-0.8567,-0.4264,0.0326,-0.4134
774.00,0.1654,0.0769,-0.3561,0.1523,1.5718,-0.8160,-0.4311,0.0346,-0.3727
774.50,0.1654,0.0817,-0.3135,0.1487,1.5754,-0.7743,-0.4360,0.0364,-0.3310
775.00,0.1653,0.0869,-0.2696,0.1454,1.5785,-0.7313,-0.4403,0.0378,-0.2880
775.50,0.1653,0.0926,-0.2244,0.1417,1.5817,-0.6858,-0.4450,0.0391,-0.2425
776.00,0.1653,0.0988,-0.1777,0.1376,1.5849,-0.6390,-0.4500,0.0402,-0.1957
776.50,0.2004,0.1089,-0.0230,0.1674,1.5657,-0.5049,-0.4149,0.0356,-0.0616
777.00,0.2987,0.1300,0.1337,0.2558,1.5283,-0.3380,-0.2295,0.0998,0.1187
777.50,0.4092,0.1470,0.1013,0.3669,1.4899,-0.3574,-0.0818,0.1434,0.1051
778.00,0.4897,0.1553,-0.1008,0.4400,1.4547,-0.5575,-0.0165,0.1428,-0.1031
778.50,0.6119,0.1456,-0.1791,0.5404,1.3838,-0.6451,0.0901,0.1323,-0.1908
779.00,0.7396,0.1268,-0.0754,0.6525,1.3047,-0.5493,0.2252,0.1203,-0.0949
779.50,0.8454,0.1179,0.0210,0.7465,1.2552,-0.4425,0.3180,0.1164,0.0130
780.00,0.9169,0.1162,-0.0769,0.8152,1.2206,-0.5268,0.3890,0.1126,-0.0713
780.50,0.9610,0.1067,-0.2391,0.8539,1.1935,-0.6945,0.4364,0.1058,-0.2424
781.00,1.0034,0.0881,-0.3607,0.8867,1.1624,-0.8188,0.4755,0.0849,-0.3703
781.50,1.0383,0.0651,-0.4498,0.9151,1.1293,-0.9104,0.5140,0.0669,-0.4575
782.00,1.0614,0.0485,-0.5098,0.9333,1.1043,-0.9736,0.5388,0.0420,-0.5198
782.50,1.0617,0.0482,-0.5111,0.9336,1.1040,-0.9760,0.5392,0.0418,-0.5222
783.00,1.0617,0.0482,-0.5111,0.9336,1.1040,-0.9764,0.5392,0.0418,-0.5226
783.50,1.0617,0.0482,-0.5111,0.9336,1.1040,-0.9769,0.5392,0.0418,-0.5231
784.00,1.0617,0.0482,-0.5111,0.9336,1.1040,-0.9772,0.5392,0.0418,-0.5234
784.50,1.0617,0.0482,-0.5111,0.9336,1.1040,-0.9776,0.5392,0.0418,-0.5238
785.00,1.0617,0.0482,-0.5111,0.9336,1.1040,-0.9777,0.5392,0.0418,-0.5239
785.50,1.0617,0.0482,-0.5111,0.9336,1.1040,-0.9779,0.5392,0.0418,-0.5242
786.00,1.0617,0.0482,-0.5111,0.9336,1.1040,-0.9787,0.5392,0.0418,-0.5249
786.50,1.0617,0.0482,-0.5111,0.9336,1.1040,-0.9792,0.5392,0.0418,-0.5254
787.00,1.0617,0.0482,-0.5111,0.9336,1.1040,-0.9798,0.5392,0.0418,-0.5260
787.50,1.0617,0.0482,-0.5111,0.9336,1.1040,-0.9800,0.5392,0.0418,-0.5262
788.00,1.0617,0.0482,-0.5111,0.9336,1.1040,-0.9806,0.5392,0.0418,-0.5268
788.50,1.0617,0.0482,-0.5111,0.9336,1.1040,-0.9813,0.5392,0.0418,-0.5275
789.00,1.0617,0.0482,-0.5111,0.9336,1.1040,-0.9813,0.5392,0.0418,-0.5276
789.50,1.0617,0.0482,-0.5111,0.9336,1.1040,-0.9821,0.5392,0.0418,-0.5283
790.00,1.0617,0.0482,-0.5111,0.9336,1.1040,-0.9824,0.5392,0.0418,-0.5286
790.50,1.0617,0.0482,-0.5111,0.9336,1.1040,-0.9824,0.5392,0.0418,-0.5287
791.00,1.0617,0.0482,-0.5111,0.9336,1.1040,-0.9832,0.5392,0.0418,-0.5294
791.50,1.0617,0.0482,-0.5111,0.9336,1.1040,-0.9835,0.5392,0.0418,-0.5298
792.00,1.0617,0.0482,-0.5111,0.9336,1.1040,-0.9840,0.5392,0.0418,-0.5302
792.50,1.0617,0.0482,-0.5111,0.9336,1.1040,-0.9838,0.5392,0.0418,-0.5301
793.00,1.0617,0.0482,-0.5111,0.9336,1.1040,-0.9849,0.5392,0.0418,-0.5312
793.50,1.0617,0.0482,-0.5111,0.9336,1.1040,-0.9857,0.5392,0.0418,-0.5319
794.00,1.0617,0.0482,-0.5111,0.9336,1.1040,-0.9867,0.5392,0.0418,-0.5329
794.50,1.0617,0.0482,-0.5111,0.9336,1.1040,-0.9868,0.5392,0.0418,-0.5330
795.00,1.0617,0.0482,-0.5111,0.9336,1.1040,-0.9875,0.5392,0.0418,-0.5338
795.50,1.0617,0.0482,-0.5111,0.9336,1.1040,-0.9875,0.5392,0.0418,-0.5338
796.00,1.0617,0.0482,-0.5111,0.9336,1.1040,-0.9878,0.5392,0.0418,-0.5340
796.50,1.0617,0.0482,-0.5111,0.9336,1.1040,-0.9879,0.5392,0.0418,-0.5341
797.00,1.0617,0.0482,-0.5111,0.9336,1.1040,-0.9887,0.5392,0.0418,-0.5349
797.50,1.0617,0.0482,-0.5111,0.9336,1.1040,-0.9886,0.5392,0.0418,-0.5348
798.00,1.0617,0.0482,-0.5111,0.9336,1.1040,-0.9894,0.5392,0.0418,-0.5356
798.50,1.0617,0.0482,-0.5111,0.9336,1.1040,-0.9902,0.5392,0.0418,-0.5364
799.00,1.0617,0.0482,-0.5111,0.9336,1.1040,-0.9903,0.5392,0.0418,-0.5366
799.50,1.0617,0.0482,-0.5111,0.9336,1.1040,-0.9904,0.5392,0.0418,-0.5366
800.00,1.0617,0.0482,-0.5111,0.9336,1.1040,-0.9911,0.5392,0.0418,-0.5373
800.50,1.0617,0.0482,-0.5111,0.9336,1.1040,-0.9916,0.5392,0.0418,-0.5378
801.00,1.0617,0.0482,-0.5111,0.9336,1.1040,-0.9924,0.5392,0.0418,-0.5386
801.50,1.0617,0.0482,-0.5111,0.9336,1.1040,-0.9933,0.5392,0.0418,-0.5396
802.00,1.0617,0.0482,-0.5111,0.9336,1.1040,-0.9943,0.5392,0.0418,-0.5405
802.50,1.0617,0.0482,-0.5111,0.9336,1.1040,-0.9941,0.5392,0.0418,-0.5403
803.00,1.0617,0.0482,-0.5111,0.9336,1.1040,-0.9950,0.5392,0.0418,-0.5412
803.50,1.0617,0.0482,-0.5111,0.9336,1.1040,-0.9957,0.5392,0.0418,-0.5419
804.00,1.0617,0.0482,-0.5111,0.9336,1.1040,-0.9962,0.5392,0.0418,-0.5424
804.50,1.0617,0.0482,-0.5111,0.9336,1.1040,-0.9965,0.5392,0.0418,-0.5427
805.00,1.0617,0.0482,-0.5111,0.9336,1.1040,-0.9977,0.5392,0.0418,-0.5439
805.50,1.0617,0.0482,-0.5111,0.9336,1.1040,-0.9981,0.5392,0.0418,-0.5444
806.00,1.0617,0.0482,-0.5111,0.9336,1.1040,-0.9986,0.5392,0.0418,-0.5448
806.50,1.0617,0.0482,-0.5111,0.9336,1.1040,-0.9995,0.5392,0.0418,-0.5457
807.00,1.0617,0.0482,-0.5111,0.9336,1.1040,-0.9998,0.5392,0.0418,-0.5460
807.50,1.0617,0.0482,-0.5111,0.9336,1.1040,-1.0004,0.5392,0.0418,-0.5466
