t,gt_x,gt_y,gt_yaw,odom_x,odom_y,odom_yaw,slam_x,slam_y,slam_yaw
53.00,-0.0000,0.0000,0.0000,0.0000,0.0000,-0.0692,,,
53.50,-0.0000,0.0000,0.0000,0.0000,0.0000,-0.0694,0.0000,0.0000,-0.0694
54.00,-0.0000,0.0000,0.0000,0.0000,0.0000,-0.0699,0.0000,0.0000,-0.0699
54.50,-0.0000,0.0000,0.0000,0.0000,0.0000,-0.0705,0.0000,0.0000,-0.0705
55.00,-0.0000,0.0000,0.0000,0.0000,0.0000,-0.0712,0.0000,0.0000,-0.0712
55.50,-0.0000,0.0000,0.0000,0.0000,0.0000,-0.0719,0.0000,0.0000,-0.0719
56.00,-0.0000,0.0000,0.0000,0.0000,0.0000,-0.0733,0.0000,0.0000,-0.0733
56.50,-0.0000,0.0000,0.0000,0.0000,0.0000,-0.0745,0.0000,0.0000,-0.0745
57.00,-0.0000,0.0000,0.0000,0.0000,0.0000,-0.0755,0.0000,0.0000,-0.0755
57.50,-0.0000,0.0000,0.0000,0.0000,0.0000,-0.0765,0.0000,0.0000,-0.0765
58.00,-0.0000,0.0000,0.0000,0.0000,0.0000,-0.0776,0.0000,0.0000,-0.0776
58.50,-0.0000,0.0000,0.0000,0.0000,0.0000,-0.0790,0.0000,0.0000,-0.0790
59.00,-0.0000,0.0000,0.0000,0.0000,0.0000,-0.0797,0.0000,0.0000,-0.0797
59.50,-0.0000,0.0000,0.0000,0.0000,0.0000,-0.0807,0.0000,0.0000,-0.0807
60.00,-0.0000,0.0000,0.0000,0.0000,0.0000,-0.0815,0.0000,0.0000,-0.0815
60.50,-0.0000,0.0000,0.0000,0.0000,0.0000,-0.0829,0.0000,0.0000,-0.0829
61.00,0.0376,-0.0000,-0.0000,0.0385,-0.0032,-0.0842,0.0385,-0.0032,-0.0842
61.50,0.0976,-0.0000,-0.0000,0.1032,-0.0087,-0.0851,0.1027,0.0023,-0.0258
62.00,0.1576,-0.0000,-0.0000,0.1646,-0.0140,-0.0865,0.1444,0.0106,-0.0271
62.50,0.2176,-0.0000,-0.0000,0.2212,-0.0190,-0.0877,0.2011,0.0091,-0.0284
63.00,0.2776,-0.0000,-0.0000,0.2818,-0.0243,-0.0888,0.2719,0.0073,-0.0295
63.50,0.3376,-0.0000,-0.0000,0.3461,-0.0301,-0.0895,0.3464,0.0043,-0.0232
64.00,0.3976,-0.0000,-0.0000,0.4024,-0.0352,-0.0913,0.3929,0.0035,-0.0285
64.50,0.4576,-0.0000,-0.0000,0.4669,-0.0411,-0.0926,0.4577,0.0016,-0.0298
65.00,0.5176,-0.0000,-0.0000,0.5262,-0.0467,-0.0937,0.5272,-0.0006,-0.0274
65.50,0.5776,-0.0000,-0.0000,0.5879,-0.0525,-0.0949,0.5891,-0.0029,-0.0251
66.00,0.6376,-0.0000,-0.0000,0.6472,-0.0582,-0.0962,0.6387,-0.0044,-0.0264
66.50,0.6976,-0.0000,-0.0000,0.7102,-0.0643,-0.0974,0.7019,-0.0061,-0.0276
67.00,0.7576,-0.0000,-0.0000,0.7727,-0.0704,-0.0981,0.7574,-0.0010,-0.0248
67.50,0.8176,-0.0000,-0.0000,0.8328,-0.0764,-0.0996,0.8151,0.0002,-0.0263
68.00,0.8776,-0.0000,-0.0000,0.8895,-0.0821,-0.1004,0.8821,-0.0114,-0.0271
68.50,0.9376,-0.0000,-0.0000,0.9511,-0.0883,-0.1018,0.9440,-0.0131,-0.0285
69.00,0.9976,-0.0000,-0.0000,1.0161,-0.0950,-0.1028,1.0093,-0.0053,-0.0251
69.50,1.0576,-0.0000,-0.0000,1.0749,-0.1011,-0.1038,1.0584,-0.0167,-0.0270
70.00,1.1176,-0.0000,-0.0000,1.1334,-0.1072,-0.1050,1.1172,-0.0184,-0.0282
70.50,1.1776,-0.0000,-0.0000,1.1920,-0.1134,-0.1066,1.1860,-0.0101,-0.0298
71.00,1.2266,-0.0000,-0.0000,1.2464,-0.1193,-0.1079,1.2407,-0.0126,-0.0260
71.50,1.2266,-0.0000,-0.0000,1.2464,-0.1193,-0.1090,1.2407,-0.0130,-0.0252
72.00,1.2266,-0.0000,-0.0000,1.2464,-0.1193,-0.1102,1.2407,-0.0130,-0.0265
72.50,1.2266,-0.0000,-0.0000,1.2464,-0.1193,-0.1113,1.2407,-0.0130,-0.0275
73.00,1.2266,-0.0000,-0.0000,1.2464,-0.1193,-0.1126,1.2407,-0.0130,-0.0288
73.50,1.2266,-0.0000,-0.0000,1.2464,-0.1193,-0.1141,1.2407,-0.0130,-0.0303
74.00,1.2266,-0.0000,-0.0000,1.2464,-0.1193,-0.1152,1.2407,-0.0130,-0.0314
74.50,1.2266,-0.0000,-0.0000,1.2464,-0.1193,-0.1167,1.2407,-0.0130,-0.0329
75.00,1.2266,-0.0000,-0.0000,1.2464,-0.1193,-0.1181,1.2407,-0.0130,-0.0343
75.50,1.2266,-0.0000,-0.0000,1.2464,-0.1193,-0.1190,1.2407,-0.0130,-0.0352
76.00,1.2266,-0.0000,-0.0000,1.2464,-0.1193,-0.1202,1.2407,-0.0130,-0.0364
76.50,1.2266,-0.0000,-0.0000,1.2464,-0.1193,-0.1210,1.2407,-0.0130,-0.0372
77.00,1.2266,-0.0000,-0.0000,1.2464,-0.1193,-0.1220,1.2407,-0.0130,-0.0383
77.50,1.2266,-0.0000,-0.0000,1.2464,-0.1193,-0.1231,1.2407,-0.0130,-0.0394
78.00,1.2266,-0.0000,-0.0000,1.2464,-0.1193,-0.1240,1.2407,-0.0130,-0.0403
78.50,1.2266,-0.0000,-0.0000,1.2464,-0.1193,-0.1252,1.2407,-0.0130,-0.0415
79.00,1.2266,-0.0000,-0.0000,1.2464,-0.1193,-0.1265,1.2407,-0.0130,-0.0427
79.50,1.2266,0.0025,0.0339,1.2479,-0.1195,-0.0968,1.2423,-0.0130,-0.0131
80.00,1.2266,0.0100,0.0855,1.2568,-0.1201,-0.0465,1.2511,-0.0129,0.0373
80.50,1.2267,0.0171,0.1353,1.2645,-0.1203,0.0022,1.2589,-0.0124,0.0860
81.00,1.2267,0.0237,0.1833,1.2718,-0.1201,0.0489,1.2365,0.0044,0.1536
81.50,1.2267,0.0299,0.2298,1.2783,-0.1196,0.0940,1.2430,0.0055,0.1987
82.00,1.2267,0.0355,0.2749,1.2839,-0.1190,0.1381,1.2485,0.0067,0.2428
82.50,1.2268,0.0407,0.3186,1.2909,-0.1179,0.1810,1.2553,0.0085,0.2857
83.00,1.2268,0.0454,0.3611,1.2952,-0.1170,0.2220,1.2594,0.0099,0.3267
83.50,1.2268,0.0495,0.4024,1.2996,-0.1159,0.2621,1.2637,0.0114,0.3668
84.00,1.2269,0.0532,0.4425,1.3033,-0.1149,0.3013,1.2672,0.0128,0.4060
84.50,1.2269,0.0565,0.4816,1.3073,-0.1135,0.3397,1.2711,0.0146,0.4444
85.00,1.2270,0.0592,0.5196,1.3091,-0.1129,0.3760,1.2729,0.0154,0.4807
85.50,1.2270,0.0615,0.5566,1.3112,-0.1120,0.4123,1.2358,0.0347,0.5275
86.00,1.2271,0.0633,0.5927,1.3134,-0.1110,0.4474,1.2379,0.0359,0.5625
86.50,1.2271,0.0647,0.6278,1.3149,-0.1103,0.4811,1.2393,0.0368,0.5962
87.00,1.2272,0.0656,0.6621,1.3157,-0.1098,0.5143,1.2401,0.0374,0.6294
87.50,1.2272,0.0661,0.6954,1.3161,-0.1096,0.5464,1.2404,0.0376,0.6615
88.00,1.2273,0.0661,0.7280,1.3161,-0.1096,0.5779,1.2404,0.0376,0.6930
88.50,1.2270,0.0661,0.7611,1.3158,-0.1098,0.6097,1.2402,0.0374,0.7248
89.00,1.2269,0.0660,0.7952,1.3157,-0.1099,0.6426,1.2400,0.0373,0.7578
89.50,1.2270,0.0656,0.8288,1.3154,-0.1101,0.6750,1.2398,0.0370,0.7901
90.00,1.2271,0.0654,0.8613,1.3152,-0.1102,0.7065,1.2396,0.0369,0.8217
90.50,1.2268,0.0653,0.8943,1.3152,-0.1103,0.7381,1.2396,0.0368,0.8533
91.00,1.2260,0.0653,0.9282,1.3145,-0.1110,0.7707,1.2389,0.0361,0.8859
91.50,1.2249,0.0652,0.9629,1.3135,-0.1119,0.8048,1.2381,0.0350,0.9199
92.00,1.2232,0.0652,0.9986,1.3129,-0.1125,0.8391,1.2376,0.0344,0.9543
92.50,1.2288,0.0809,1.0764,1.3218,-0.1017,0.9088,1.2452,0.0462,1.0239
93.00,1.2422,0.1538,1.2771,1.3588,-0.0431,1.1023,1.2752,0.1086,1.2175
93.50,1.2586,0.2774,1.3783,1.4090,0.0753,1.2095,1.2823,0.2611,1.3526
94.00,1.2868,0.4045,1.3090,1.4583,0.1988,1.1461,1.3035,0.3903,1.2892
94.50,1.3240,0.5275,1.1920,1.5229,0.3188,1.0236,1.3500,0.5084,1.1632
95.00,1.3701,0.6459,1.2288,1.5902,0.4299,1.0529,1.3916,0.6276,1.1985
95.50,1.4092,0.7574,1.4385,1.6397,0.5359,1.2499,1.4252,0.7397,1.3965
96.00,1.4364,0.8848,1.6994,1.6635,0.6659,1.5157,1.4404,0.8716,1.6693
96.50,1.4237,1.0127,1.7743,1.6638,0.7977,1.5969,1.4505,0.9946,1.7505
97.00,1.4020,1.1408,1.6693,1.6646,0.9363,1.4989,1.4303,1.1390,1.6559
97.50,1.3897,1.2707,1.5289,1.6849,1.0657,1.3506,1.4327,1.2527,1.5042
98.00,1.3926,1.4006,1.5517,1.7131,1.1934,1.3731,1.4287,1.3804,1.5301
98.50,1.3995,1.5304,1.4771,1.7426,1.3231,1.2993,1.4375,1.5158,1.4564
99.00,1.4132,1.6596,1.4738,1.7806,1.4516,1.2900,1.4547,1.6461,1.4435
99.50,1.4210,1.7893,1.5128,1.8144,1.5827,1.3325,1.4683,1.7807,1.4931
100.00,1.4343,1.9186,1.4134,1.8515,1.7102,1.2347,1.4849,1.9125,1.3987
100.50,1.4564,2.0453,1.2720,1.9014,1.8269,1.0924,1.5149,2.0284,1.2529
101.00,1.4895,2.1666,1.1321,1.9682,1.9365,0.9493,1.5534,2.1446,1.1098
101.50,1.5429,2.2790,0.9541,2.0539,2.0367,0.7689,1.6050,2.2672,0.9364
102.00,1.6230,2.3798,0.8271,2.1517,2.1189,0.6348,1.6754,2.3643,0.8059
102.50,1.7145,2.4725,0.7607,2.2646,2.1957,0.5642,1.7763,2.4591,0.7353
103.00,1.8102,2.5608,0.7375,2.3803,2.2665,0.5367,1.8757,2.5384,0.7112
103.50,1.9040,2.6504,0.7886,2.4979,2.3399,0.5872,1.9689,2.6309,0.7617
104.00,1.9956,2.7426,0.7781,2.6084,2.4135,0.5805,2.0648,2.7128,0.7550
104.50,2.0907,2.8318,0.7324,2.7198,2.4827,0.5313,2.1625,2.8102,0.7058
105.00,2.1873,2.9155,0.6984,2.8350,2.5473,0.4941,2.2549,2.8837,0.6721
105.50,2.2506,2.9670,0.6651,2.9120,2.5873,0.4601,2.3238,2.9364,0.6416
106.00,2.2668,2.9792,0.6312,2.9340,2.5979,0.4247,2.3436,2.9508,0.6062
106.50,2.2667,2.9779,0.5961,2.9321,2.5972,0.3882,2.3418,2.9497,0.5697
107.00,2.2666,2.9761,0.5601,2.9304,2.5965,0.3511,2.3403,2.9488,0.5325
107.50,2.2666,2.9739,0.5232,2.9291,2.5961,0.3131,2.3391,2.9482,0.4946
108.00,2.2665,2.9712,0.4853,2.9260,2.5952,0.2740,2.3362,2.9467,0.4555
108.50,2.2665,2.9680,0.4463,2.9221,2.5942,0.2339,2.3325,2.9450,0.4154
109.00,2.2665,2.9644,0.4063,2.9179,2.5933,0.1931,2.3285,2.9433,0.3745
109.50,2.2664,2.9602,0.3651,2.9141,2.5926,0.1512,2.3250,2.9420,0.3327
110.00,2.2664,2.9556,0.3228,2.9101,2.5921,0.1079,2.3211,2.9408,0.2894
110.50,2.2663,2.9505,0.2792,2.9054,2.5917,0.0630,2.3166,2.9395,0.2445
111.00,2.2663,2.9449,0.2343,2.8992,2.5915,0.0171,2.3105,2.9382,0.1986
111.50,2.2663,2.9388,0.1879,2.8929,2.5915,-0.0303,2.3043,2.9371,0.1512
112.00,2.2663,2.9322,0.1400,2.8865,2.5919,-0.0790,2.2979,2.9363,0.1025
112.50,2.2663,2.9252,0.0904,2.8807,2.5925,-0.1298,2.3324,2.9029,0.0657
113.00,2.2662,2.9176,0.0390,2.8729,2.5937,-0.1817,2.3246,2.9026,0.0138
113.50,2.2662,2.9097,-0.0143,2.8687,2.5945,-0.2360,2.3203,2.9026,-0.0406
114.00,2.2663,2.9019,-0.0667,2.8779,2.5920,-0.2890,2.3298,2.9020,-0.0936
114.50,2.2663,2.8947,-0.1171,2.8848,2.5898,-0.3413,2.3370,2.9011,-0.1459
115.00,2.2663,2.8879,-0.1658,2.8906,2.5875,-0.3910,2.3432,2.9000,-0.1955
115.50,2.2663,2.8816,-0.2128,2.8958,2.5852,-0.4392,2.3487,2.8988,-0.2437
116.00,2.2663,2.8757,-0.2584,2.9015,2.5824,-0.4862,2.3548,2.8971,-0.2908
116.50,2.2664,2.8704,-0.3026,2.9054,2.5802,-0.5318,2.3591,2.8957,-0.3363
117.00,2.2664,2.8655,-0.3456,2.9094,2.5777,-0.5763,2.3635,2.8940,-0.3809
117.50,2.2664,2.8612,-0.3873,2.9135,2.5750,-0.6188,2.3680,2.8921,-0.4233
118.00,2.2665,2.8573,-0.4278,2.9159,2.5731,-0.6602,2.3707,2.8908,-0.4647
118.50,2.2665,2.8539,-0.4673,2.9192,2.5705,-0.7012,2.3745,2.8888,-0.5057
119.00,2.2666,2.8510,-0.5057,2.9216,2.5684,-0.7407,2.3773,2.8872,-0.5452
119.50,2.2666,2.8485,-0.5431,2.9234,2.5667,-0.7794,2.3793,2.8859,-0.5840
120.00,2.2667,2.8465,-0.5795,2.9246,2.5654,-0.8173,2.3808,2.8849,-0.6219
120.50,2.2667,2.8450,-0.6150,2.9260,2.5639,-0.8542,2.3405,2.8209,-0.6413
121.00,2.2668,2.8439,-0.6495,2.9268,2.5629,-0.8897,2.3415,2.8201,-0.6768
121.50,2.2668,2.8433,-0.6832,2.9272,2.5624,-0.9248,2.3420,2.8196,-0.7119
122.00,2.2669,2.8431,-0.7160,2.9273,2.5623,-0.9588,2.3421,2.8196,-0.7459
122.50,2.2671,2.8431,-0.7487,2.9275,2.5620,-0.9920,2.3424,2.8193,-0.7791
123.00,2.2675,2.8432,-0.7825,2.9278,2.5615,-1.0270,2.3428,2.8189,-0.8141
123.50,2.2676,2.8431,-0.8165,2.9280,2.5612,-1.0625,2.3430,2.8187,-0.8496
124.00,2.2676,2.8428,-0.8494,2.9281,2.5610,-1.0969,2.3431,2.8185,-0.8840
124.50,2.2675,2.8429,-0.8820,2.9279,2.5613,-1.1305,2.3429,2.8188,-0.9176
125.00,2.2669,2.8430,-0.9155,2.9279,2.5614,-1.1650,2.3429,2.8189,-0.9521
125.50,2.2659,2.8430,-0.9500,2.9275,2.5624,-1.2004,2.3422,2.8198,-0.9875
126.00,2.2645,2.8431,-0.9852,2.9268,2.5644,-1.2364,2.3411,2.8215,-1.0235
126.50,2.2633,2.8431,-1.0109,2.9263,2.5656,-1.2612,2.3405,2.8226,-1.0483
127.00,2.2611,2.8431,-1.0478,2.9257,2.5679,-1.2989,2.3393,2.8247,-1.0860
127.50,2.2584,2.8432,-1.0857,2.9253,2.5694,-1.3376,2.3386,2.8261,-1.1248
128.00,2.2552,2.8432,-1.1247,2.9245,2.5730,-1.3777,2.3371,2.8295,-1.1648
128.50,2.2516,2.8433,-1.1647,2.9238,2.5766,-1.4187,2.3357,2.8329,-1.2058
129.00,2.2474,2.8433,-1.2059,2.9232,2.5814,-1.4612,2.3341,2.8374,-1.2483
129.50,2.2428,2.8434,-1.2483,2.9228,2.5860,-1.5043,2.3327,2.8418,-1.2914
130.00,2.2377,2.8434,-1.2919,2.9226,2.5914,-1.5490,2.3314,2.8470,-1.3361
130.50,2.2321,2.8434,-1.3368,2.9226,2.5974,-1.5953,2.3301,2.8529,-1.3824
131.00,2.2260,2.8435,-1.3832,2.9229,2.6033,-1.6418,2.3291,2.8587,-1.4289
131.50,2.2194,2.8435,-1.4311,2.9235,2.6103,-1.6904,2.3283,2.8657,-1.4775
132.00,2.2124,2.8435,-1.4807,2.9247,2.6184,-1.7406,2.2920,2.8233,-1.4998
132.50,2.2048,2.8435,-1.5321,2.9260,2.6253,-1.7922,2.2916,2.8304,-1.5514
133.00,2.1969,2.8435,-1.5854,2.9276,2.6313,-1.8469,2.2917,2.8366,-1.6061
133.50,2.1891,2.8435,-1.6378,2.9253,2.6240,-1.9005,2.2912,2.8289,-1.6597
134.00,2.1819,2.8435,-1.6882,2.9223,2.6159,-1.9518,2.2902,2.8203,-1.7110
134.50,2.1751,2.8435,-1.7368,2.9198,2.6103,-2.0014,2.2892,2.8143,-1.7606
135.00,2.1688,2.8434,-1.7839,2.9170,2.6045,-2.0491,2.2878,2.8080,-1.8083
135.50,2.1629,2.8434,-1.8295,2.9148,2.6004,-2.0955,2.2866,2.8035,-1.8547
136.00,2.1576,2.8434,-1.8737,2.9124,2.5966,-2.1413,2.2852,2.7992,-1.9005
136.50,2.1527,2.8433,-1.9166,2.9095,2.5923,-2.1857,2.2834,2.7943,-1.9449
137.00,2.1484,2.8433,-1.9583,2.9070,2.5889,-2.2287,2.2818,2.7904,-1.9879
137.50,2.1445,2.8433,-1.9988,2.9047,2.5861,-2.2710,2.2803,2.7872,-2.0302
138.00,2.1411,2.8432,-2.0383,2.9023,2.5833,-2.3119,2.2786,2.7840,-2.0711
138.50,2.1382,2.8432,-2.0767,2.9000,2.5809,-2.3518,2.2769,2.7810,-2.1110
139.00,2.1357,2.8431,-2.1141,2.8980,2.5790,-2.3901,2.2755,2.7787,-2.1493
139.50,2.1338,2.8431,-2.1505,2.8962,2.5773,-2.4279,2.2741,2.7766,-2.1871
140.00,2.1318,2.8423,-2.1877,2.8943,2.5758,-2.4646,2.2004,2.8163,-2.2098
140.50,2.1071,2.8089,-2.2410,2.8605,2.5505,-2.5199,2.1741,2.7833,-2.2652
141.00,2.0426,2.7323,-2.3106,2.7750,2.4933,-2.5890,2.1157,2.7064,-2.3342
141.50,1.9571,2.6513,-2.4734,2.6658,2.4368,-2.7505,2.0244,2.6267,-2.4948
142.00,1.8497,2.5747,-2.6037,2.5372,2.3944,-2.8862,1.9204,2.5607,-2.6245
142.50,1.7373,2.5081,-2.6057,2.4110,2.3633,-2.8952,1.8063,2.4987,-2.6309
143.00,1.6287,2.4357,-2.5109,2.2916,2.3277,-2.8027,1.7005,2.4278,-2.5427
143.50,1.5266,2.3545,-2.4407,2.1698,2.2795,-2.7322,1.5904,2.3399,-2.4687
144.00,1.4291,2.2687,-2.3995,2.0513,2.2254,-2.6906,1.4954,2.2622,-2.4236
144.50,1.3330,2.1811,-2.4089,1.9309,2.1674,-2.6997,1.3944,2.1785,-2.4315
145.00,1.2367,2.0938,-2.3987,1.8041,2.1069,-2.6904,1.2881,2.0826,-2.4234
145.50,1.1423,2.0047,-2.3742,1.6903,2.0501,-2.6657,1.2034,2.0023,-2.3987
146.00,1.0488,1.9144,-2.3717,1.5696,1.9880,-2.6645,1.0984,1.9105,-2.3958
146.50,0.9543,1.8248,-2.4061,1.4458,1.9254,-2.6982,1.0013,1.8252,-2.4295
147.00,0.8567,1.7389,-2.4255,1.3248,1.8701,-2.7199,0.9049,1.7410,-2.4494
147.50,0.7591,1.6530,-2.4088,1.2104,1.8181,-2.7048,0.8085,1.6604,-2.4343
148.00,0.6634,1.5652,-2.3915,1.0917,1.7614,-2.6883,0.7093,1.5740,-2.4179
148.50,0.5677,1.4771,-2.4133,0.9695,1.7027,-2.7089,0.6034,1.4849,-2.4350
149.00,0.4699,1.3914,-2.4258,0.8473,1.6475,-2.7226,0.5107,1.4045,-2.4504
149.50,0.3723,1.3055,-2.4090,0.7205,1.5904,-2.7078,0.4039,1.3155,-2.4343
150.00,0.2765,1.2178,-2.3939,0.6001,1.5335,-2.6926,0.3078,1.2340,-2.4187
150.50,0.1807,1.1298,-2.4139,0.4817,1.4770,-2.7120,0.2123,1.1476,-2.4380
151.00,0.0824,1.0448,-2.4394,0.3577,1.4225,-2.7392,0.1088,1.0616,-2.4635
151.50,-0.0177,0.9622,-2.4683,0.2302,1.3696,-2.7665,0.0050,0.9799,-2.4908
152.00,-0.1201,0.8824,-2.4807,0.1050,1.3218,-2.7810,-0.0983,0.9002,-2.5052
152.50,-0.2225,0.8023,-2.4825,-0.0192,1.2744,-2.7808,-0.2005,0.8251,-2.5051
153.00,-0.3258,0.7236,-2.4908,-0.1456,1.2278,-2.7917,-0.3094,0.7436,-2.5177
153.50,-0.4286,0.6438,-2.4829,-0.2632,1.1839,-2.7837,-0.4037,0.6735,-2.5084
154.00,-0.5312,0.5638,-2.4696,-0.3857,1.1379,-2.7736,-0.5202,0.5961,-2.4961
154.50,-0.6262,0.4850,-2.4343,-0.4993,1.0915,-2.7370,-0.6066,0.5172,-2.4613
155.00,-0.6782,0.4394,-2.4017,-0.5684,1.0608,-2.7057,-0.6647,0.4679,-2.4287
155.50,-0.6865,0.4316,-2.3681,-0.5816,1.0545,-2.6736,-0.6758,0.4583,-2.3962
156.00,-0.6865,0.4318,-2.3340,-0.5816,1.0546,-2.6404,-0.6758,0.4584,-2.3629
156.50,-0.6866,0.4322,-2.3008,-0.5815,1.0547,-2.6084,-0.6757,0.4585,-2.3310
157.00,-0.6865,0.4322,-2.2683,-0.5813,1.0548,-2.5766,-0.6756,0.4586,-2.2992
157.50,-0.6861,0.4323,-2.2350,-0.5809,1.0551,-2.5443,-0.6752,0.4591,-2.2668
158.00,-0.6852,0.4324,-2.2008,-0.5805,1.0554,-2.5115,-0.6749,0.4594,-2.2341
158.50,-0.6839,0.4324,-2.1658,-0.5792,1.0564,-2.4779,-0.6740,0.4607,-2.2004
159.00,-0.6821,0.4325,-2.1297,-0.5775,1.0578,-2.4436,-0.6727,0.4625,-2.1661
159.50,-0.6800,0.4325,-2.0948,-0.5754,1.0596,-2.4086,-0.6712,0.4649,-2.1311
160.00,-0.6814,0.4325,-2.1229,-0.5770,1.0582,-2.4360,-0.6724,0.4630,-2.1585
160.50,-0.6833,0.4324,-2.1591,-0.5783,1.0571,-2.4730,-0.6734,0.4617,-2.1955
161.00,-0.6847,0.4324,-2.1944,-0.5793,1.0564,-2.5091,-0.6741,0.4607,-2.2317
161.50,-0.6915,0.4243,-2.2490,-0.5875,1.0508,-2.5607,-0.6804,0.4531,-2.2832
162.00,-0.7372,0.3755,-2.3949,-0.6469,1.0182,-2.7066,-0.7286,0.4055,-2.4292
162.50,-0.8304,0.2975,-2.4756,-0.7624,0.9713,-2.7907,-0.8204,0.3309,-2.4993
163.00,-0.9328,0.2175,-2.4592,-0.8849,0.9272,-2.7815,-0.9225,0.2563,-2.4884
163.50,-1.0307,0.1320,-2.3983,-1.0042,0.8775,-2.7210,-1.0225,0.1745,-2.4248
164.00,-1.1257,0.0434,-2.3899,-1.1251,0.8225,-2.7130,-1.1221,0.0910,-2.4164
164.50,-1.2212,-0.0450,-2.4043,-1.2511,0.7655,-2.7276,-1.2228,-0.0020,-2.4309
165.00,-1.2952,-0.1127,-2.3857,-1.3464,0.7236,-2.7135,-1.2964,-0.0623,-2.4151
165.50,-1.3225,-0.1391,-2.3517,-1.3858,0.7051,-2.6807,-1.3259,-0.0914,-2.3797
166.00,-1.3227,-0.1389,-2.3179,-1.3865,0.7047,-2.6474,-1.3256,-0.0919,-2.3455
166.50,-1.3228,-0.1387,-2.2853,-1.3863,0.7048,-2.6156,-1.3255,-0.0917,-2.3138
167.00,-1.3226,-0.1386,-2.2524,-1.3860,0.7050,-2.5837,-1.3252,-0.0914,-2.2818
167.50,-1.3219,-0.1386,-2.2187,-1.3855,0.7054,-2.5516,-1.3248,-0.0909,-2.2497
168.00,-1.3208,-0.1385,-2.1841,-1.3843,0.7062,-2.5187,-1.3240,-0.0898,-2.2168
168.50,-1.3193,-0.1385,-2.1486,-1.3829,0.7072,-2.4842,-1.3229,-0.0884,-2.1823
169.00,-1.3173,-0.1384,-2.1121,-1.3809,0.7089,-2.4485,-1.3215,-0.0862,-2.1467
169.50,-1.3148,-0.1384,-2.0747,-1.3796,0.7100,-2.4121,-1.3206,-0.0847,-2.1102
170.00,-1.3118,-0.1383,-2.0362,-1.3772,0.7122,-2.3749,-1.3189,-0.0819,-2.0730
170.50,-1.3084,-0.1383,-1.9967,-1.3755,0.7140,-2.3365,-1.3178,-0.0797,-2.0346
171.00,-1.3045,-0.1382,-1.9561,-1.3722,0.7175,-2.2976,-1.3157,-0.0754,-1.9957
171.50,-1.3001,-0.1382,-1.9144,-1.3694,0.7208,-2.2575,-1.3140,-0.0713,-1.9556
172.00,-1.2953,-0.1381,-1.8714,-1.3665,0.7244,-2.2157,-1.3124,-0.0671,-1.9139
172.50,-1.2899,-0.1381,-1.8271,-1.3628,0.7296,-2.1723,-1.3104,-0.0610,-1.8704
173.00,-1.2840,-0.1381,-1.7815,-1.3600,0.7338,-2.1289,-1.3090,-0.0562,-1.8270
173.50,-1.2777,-0.1381,-1.7343,-1.3573,0.7384,-2.0833,-1.3077,-0.0510,-1.7815
174.00,-1.2709,-0.1380,-1.6856,-1.3542,0.7443,-2.0360,-1.3065,-0.0445,-1.7341
174.50,-1.2636,-0.1380,-1.6351,-1.3512,0.7506,-1.9870,-1.3055,-0.0376,-1.6851
175.00,-1.2558,-0.1380,-1.5826,-1.3477,0.7592,-1.9358,-1.2655,-0.0876,-1.6095
175.50,-1.2479,-0.1380,-1.5294,-1.3485,0.7567,-1.8841,-1.2655,-0.0903,-1.5577
176.00,-1.2404,-0.1380,-1.4780,-1.3507,0.7493,-1.8336,-1.2652,-0.0979,-1.5073
176.50,-1.2333,-0.1381,-1.4285,-1.3525,0.7416,-1.7855,-1.2644,-0.1059,-1.4592
177.00,-1.2268,-0.1381,-1.3807,-1.3536,0.7363,-1.7389,-1.2637,-0.1112,-1.4126
177.50,-1.2207,-0.1381,-1.3344,-1.3545,0.7300,-1.6937,-1.2626,-0.1175,-1.3674
178.00,-1.2151,-0.1381,-1.2895,-1.3551,0.7244,-1.6501,-1.2613,-0.1229,-1.3238
178.50,-1.2101,-0.1382,-1.2460,-1.3554,0.7181,-1.6074,-1.2597,-0.1291,-1.2811
179.00,-1.2055,-0.1382,-1.2037,-1.3555,0.7139,-1.5668,-1.2584,-0.1331,-1.2405
179.50,-1.2013,-0.1383,-1.1626,-1.3554,0.7089,-1.5262,-1.2567,-0.1377,-1.1999
180.00,-1.1904,-0.1694,-1.0530,-1.3524,0.6769,-1.4280,-1.1912,-0.1277,-1.0912
180.50,-1.1420,-0.2513,-0.9352,-1.3342,0.5902,-1.3141,-1.1465,-0.2000,-0.9669
181.00,-1.0624,-0.3536,-0.8778,-1.2966,0.4624,-1.2562,-1.0677,-0.3139,-0.9072
181.50,-0.9786,-0.4529,-0.8729,-1.2531,0.3329,-1.2508,-0.9865,-0.4147,-0.8983
182.00,-0.8958,-0.5531,-0.8842,-1.2122,0.2066,-1.2636,-0.9046,-0.5192,-0.9094
182.50,-0.8151,-0.6549,-0.9377,-1.1727,0.0752,-1.3133,-0.8264,-0.6223,-0.9556
183.00,-0.7421,-0.7624,-0.9949,-1.1433,-0.0575,-1.3760,-0.7525,-0.7300,-1.0200
183.50,-0.6710,-0.8714,-0.9822,-1.1179,-0.1874,-1.3667,-0.6876,-0.8401,-1.0068
184.00,-0.5955,-0.9782,-0.9450,-1.0875,-0.3224,-1.3297,-0.6140,-0.9484,-0.9711
184.50,-0.5293,-1.0681,-0.9469,-1.0590,-0.4344,-1.3293,-0.5524,-1.0432,-0.9689
185.00,-0.5000,-1.1095,-0.9818,-1.0469,-0.4869,-1.3650,-0.5263,-1.0879,-1.0047
185.50,-0.4993,-1.1119,-1.0178,-1.0462,-0.4901,-1.4020,-0.5251,-1.0871,-1.0399
186.00,-0.5016,-1.1118,-1.0549,-1.0465,-0.4879,-1.4406,-0.5262,-1.0851,-1.0785
186.50,-0.5044,-1.1118,-1.0931,-1.0468,-0.4857,-1.4799,-0.5272,-1.0831,-1.1178
187.00,-0.5077,-1.1118,-1.1322,-1.0470,-0.4819,-1.5205,-0.5288,-1.0797,-1.1584
187.50,-0.5114,-1.1117,-1.1725,-1.0471,-0.4785,-1.5621,-0.5300,-1.0765,-1.2000
188.00,-0.5157,-1.1117,-1.2139,-1.0470,-0.4738,-1.6038,-0.5316,-1.0721,-1.2417
188.50,-0.5204,-1.1116,-1.2565,-1.0467,-0.4685,-1.6472,-0.5333,-1.0670,-1.2851
189.00,-0.5256,-1.1116,-1.3003,-1.0462,-0.4633,-1.6923,-0.5346,-1.0620,-1.3302
189.50,-0.5313,-1.1116,-1.3455,-1.0454,-0.4574,-1.7388,-0.5359,-1.0562,-1.3767
190.00,-0.5375,-1.1115,-1.3922,-1.0441,-0.4510,-1.7871,-0.5370,-1.0497,-1.4250
190.50,-0.5441,-1.1115,-1.4404,-1.0427,-0.4451,-1.8362,-0.5377,-1.0438,-1.4741
191.00,-0.5513,-1.1115,-1.4903,-1.0408,-0.4387,-1.8882,-0.5382,-1.0371,-1.5261
191.50,-0.5589,-1.1115,-1.5421,-1.0386,-0.4328,-1.9410,-0.5383,-1.0307,-1.5789
192.00,-0.5669,-1.1115,-1.5956,-1.0388,-0.4332,-1.9961,-0.5818,-1.0854,-1.6166
192.50,-0.5745,-1.1115,-1.6475,-1.0418,-0.4393,-2.0496,-0.5823,-1.0921,-1.6701
193.00,-0.5817,-1.1115,-1.6976,-1.0453,-0.4456,-2.1010,-0.5832,-1.0992,-1.7215
193.50,-0.5884,-1.1115,-1.7459,-1.0496,-0.4525,-2.1510,-0.5846,-1.1073,-1.7714
194.00,-0.5946,-1.1116,-1.7927,-1.0532,-0.4578,-2.1994,-0.5860,-1.1135,-1.8199
194.50,-0.6001,-1.1116,-1.8356,-1.0564,-0.4620,-2.2463,-0.5874,-1.1186,-1.8667
195.00,-0.5970,-1.1116,-1.8013,-1.0547,-0.4597,-2.2156,-0.5867,-1.1159,-1.8360
195.50,-0.5909,-1.1115,-1.7549,-1.0512,-0.4548,-2.1707,-0.5852,-1.1100,-1.7912
196.00,-0.5843,-1.1115,-1.7068,-1.0475,-0.4491,-2.1242,-0.5839,-1.1033,-1.7447
196.50,-0.5772,-1.1115,-1.6571,-1.0439,-0.4429,-2.0762,-0.5829,-1.0963,-1.6967
197.00,-0.5696,-1.1115,-1.6055,-1.0401,-0.4357,-2.0259,-0.5821,-1.0881,-1.6464
197.50,-0.5616,-1.1115,-1.5522,-1.0386,-0.4325,-1.9738,-0.5818,-1.0846,-1.5943
198.00,-0.5539,-1.1115,-1.5000,-1.0413,-0.4393,-1.9231,-0.5818,-1.0919,-1.5436
198.50,-0.5467,-1.1115,-1.4497,-1.0434,-0.4453,-1.8742,-0.5815,-1.0983,-1.4946
199.00,-0.5399,-1.1115,-1.4012,-1.0450,-0.4510,-1.8267,-0.5809,-1.1041,-1.4471
199.50,-0.5337,-1.1116,-1.3542,-1.0466,-0.4580,-1.7808,-0.5798,-1.1112,-1.4013
200.00,-0.5279,-1.1116,-1.3087,-1.0479,-0.4645,-1.7368,-0.5786,-1.1178,-1.3573
200.50,-0.5226,-1.1116,-1.2646,-1.0487,-0.4700,-1.6941,-0.5773,-1.1232,-1.3146
201.00,-0.5178,-1.1117,-1.2218,-1.0492,-0.4746,-1.6523,-0.5760,-1.1277,-1.2728
201.50,-0.5134,-1.1117,-1.1802,-1.0494,-0.4794,-1.6118,-0.5394,-1.0875,-1.2061
202.00,-0.5057,-1.1324,-1.0990,-1.0496,-0.4983,-1.5431,-0.5320,-1.1049,-1.1374
202.50,-0.4689,-1.2046,-0.9347,-1.0403,-0.5764,-1.3806,-0.4927,-1.1730,-0.9749
203.00,-0.3896,-1.3049,-0.8701,-1.0101,-0.7044,-1.3127,-0.4184,-1.2825,-0.8947
203.50,-0.3050,-1.4037,-0.8577,-0.9759,-0.8303,-1.3017,-0.3363,-1.3838,-0.8820
204.00,-0.2201,-1.5022,-0.8639,-0.9408,-0.9587,-1.3088,-0.2520,-1.4796,-0.8878
204.50,-0.1364,-1.6015,-0.8752,-0.9080,-1.0842,-1.3213,-0.1791,-1.5777,-0.8990
205.00,-0.0528,-1.7011,-0.8702,-0.8731,-1.2200,-1.3183,-0.0884,-1.6939,-0.8934
205.50,0.0312,-1.8003,-0.8707,-0.8397,-1.3486,-1.3198,-0.0150,-1.7874,-0.8940
206.00,0.1157,-1.8992,-0.8591,-0.8052,-1.4799,-1.3097,0.0780,-1.8927,-0.8839
206.50,0.2001,-1.9980,-0.8687,-0.7736,-1.6007,-1.3201,0.1491,-1.9899,-0.8908
207.00,0.2849,-2.0966,-0.8579,-0.7388,-1.7327,-1.3102,0.2356,-2.0882,-0.8819
207.50,0.3693,-2.1954,-0.8687,-0.7055,-1.8609,-1.3221,0.3192,-2.1883,-0.8929
208.00,0.4535,-2.2945,-0.8692,-0.6729,-1.9884,-1.3212,0.4019,-2.2906,-0.8919
208.50,0.5339,-2.3962,-0.9276,-0.6417,-2.1274,-1.3806,0.4880,-2.4041,-0.9478
209.00,0.6117,-2.5003,-0.9162,-0.6168,-2.2588,-1.3742,0.5558,-2.4957,-0.9449
209.50,0.6940,-2.6014,-0.8688,-0.5869,-2.3912,-1.3271,0.6380,-2.6010,-0.8943
210.00,0.7794,-2.6995,-0.8464,-0.5532,-2.5195,-1.3034,0.7151,-2.7033,-0.8706
210.50,0.8646,-2.7976,-0.8665,-0.5190,-2.6493,-1.3251,0.7980,-2.8066,-0.8923
211.00,0.9492,-2.8963,-0.8510,-0.4860,-2.7792,-1.3133,0.8824,-2.9108,-0.8805
211.50,1.0374,-2.9914,-0.7997,-0.4498,-2.9037,-1.2613,0.9672,-2.9988,-0.8250
212.00,1.1286,-3.0840,-0.7895,-0.4075,-3.0332,-1.2516,1.0530,-3.0983,-0.8153
212.50,1.2216,-3.1744,-0.7475,-0.3624,-3.1615,-1.2109,1.1454,-3.1956,-0.7746
213.00,1.3173,-3.2626,-0.7569,-0.3127,-3.2922,-1.2157,1.2455,-3.2832,-0.7759
213.50,1.4083,-3.3560,-0.8349,-0.2717,-3.4189,-1.2974,1.3265,-3.3802,-0.8612
214.00,1.4938,-3.4539,-0.8653,-0.2378,-3.5497,-1.3290,1.4121,-3.4748,-0.8867
214.50,1.5744,-3.5559,-0.9464,-0.2107,-3.6791,-1.4111,1.4918,-3.5803,-0.9678
215.00,1.6486,-3.6625,-0.9584,-0.1928,-3.8051,-1.4304,1.5549,-3.6937,-0.9897
215.50,1.7088,-3.7438,-0.9218,-0.1762,-3.9092,-1.3932,1.6117,-3.7833,-0.9534
216.00,1.7327,-3.7738,-0.8880,-0.1679,-3.9525,-1.3602,1.6372,-3.8193,-0.9170
216.50,1.7331,-3.7741,-0.8552,-0.1677,-3.9537,-1.3285,1.6380,-3.8203,-0.8853
217.00,1.7331,-3.7740,-0.8225,-0.1677,-3.9536,-1.2974,1.6379,-3.8202,-0.8542
217.50,1.7330,-3.7738,-0.7887,-0.1678,-3.9535,-1.2649,1.6378,-3.8201,-0.8217
218.00,1.7327,-3.7738,-0.7547,-0.1679,-3.9532,-1.2322,1.6376,-3.8199,-0.7889
218.50,1.7324,-3.7739,-0.7219,-0.1681,-3.9528,-1.2007,1.6373,-3.8195,-0.7575
219.00,1.7324,-3.7738,-0.6892,-0.1682,-3.9525,-1.1694,1.6371,-3.8194,-0.7262
219.50,1.7323,-3.7732,-0.6557,-0.1684,-3.9521,-1.1369,1.6367,-3.8190,-0.6936
220.00,1.7323,-3.7722,-0.6213,-0.1689,-3.9509,-1.1038,1.6357,-3.8183,-0.6605
220.50,1.7322,-3.7708,-0.5860,-0.1696,-3.9497,-1.0700,1.6346,-3.8174,-0.6268
221.00,1.7322,-3.7689,-0.5497,-0.1708,-3.9476,-1.0343,1.6326,-3.8161,-0.5910
221.50,1.7321,-3.7665,-0.5125,-0.1721,-3.9454,-0.9983,1.6304,-3.8147,-0.5550
222.00,1.7321,-3.7636,-0.4743,-0.1733,-3.9437,-0.9611,1.6287,-3.8136,-0.5178
222.50,1.7320,-3.7603,-0.4351,-0.1754,-3.9408,-0.9235,1.6255,-3.8119,-0.4803
223.00,1.7320,-3.7565,-0.3947,-0.1783,-3.9370,-0.8844,1.6212,-3.8098,-0.4411
223.50,1.7319,-3.7523,-0.3532,-0.1812,-3.9337,-0.8444,1.6173,-3.8080,-0.4011
224.00,1.7319,-3.7475,-0.3105,-0.1845,-3.9301,-0.8031,1.6127,-3.8062,-0.3599
224.50,1.7319,-3.7423,-0.2665,-0.1888,-3.9258,-0.7611,1.6070,-3.8041,-0.3179
225.00,1.7544,-3.7363,-0.1690,-0.1756,-3.9371,-0.6721,1.6237,-3.8086,-0.2289
225.50,1.8394,-3.7397,-0.1155,-0.1072,-3.9870,-0.6113,1.7069,-3.8244,-0.1680
226.00,1.9672,-3.7522,-0.0823,-0.0032,-4.0584,-0.5786,1.8712,-3.7959,-0.1074
226.50,2.0970,-3.7568,0.0253,0.1109,-4.1283,-0.4826,1.9973,-3.8065,-0.0115
227.00,2.2149,-3.7532,0.2893,0.2203,-4.1705,-0.2233,2.1112,-3.7947,0.2513
227.50,2.3276,-3.7267,0.5316,0.3354,-4.1824,0.0184,2.2263,-3.7727,0.4921
228.00,2.4251,-3.6607,0.7424,0.4564,-4.1670,0.2313,2.3297,-3.7138,0.7060
228.50,2.5132,-3.5663,0.8923,0.5776,-4.1277,0.3853,2.4197,-3.6237,0.8625
229.00,2.5920,-3.4627,0.9327,0.6995,-4.0739,0.4299,2.5033,-3.5199,0.9080
229.50,2.6718,-3.3609,0.8826,0.8227,-4.0209,0.3767,2.5883,-3.4262,0.8549
230.00,2.7288,-3.2937,0.8499,0.9127,-3.9867,0.3429,2.6425,-3.3544,0.8211
230.50,2.7459,-3.2742,0.8170,0.9378,-3.9779,0.3093,2.6607,-3.3451,0.7874
231.00,2.7459,-3.2739,0.7830,0.9382,-3.9778,0.2739,2.6610,-3.3448,0.7521
231.50,2.7461,-3.2739,0.7492,0.9383,-3.9778,0.2391,2.6611,-3.3447,0.7172
232.00,2.7462,-3.2738,0.7165,0.9383,-3.9777,0.2050,2.6611,-3.3447,0.6832
232.50,2.7462,-3.2740,0.6837,0.9382,-3.9778,0.1714,2.6610,-3.3448,0.6495
233.00,2.7461,-3.2746,0.6500,0.9374,-3.9779,0.1363,2.6604,-3.3452,0.6145
233.50,2.7460,-3.2757,0.6155,0.9363,-3.9780,0.1005,2.6594,-3.3458,0.5786
234.00,2.7460,-3.2772,0.5800,0.9344,-3.9781,0.0637,2.6578,-3.3468,0.5418
234.50,2.7459,-3.2792,0.5436,0.9320,-3.9783,0.0257,2.6557,-3.3480,0.5038
235.00,2.7459,-3.2817,0.5063,0.9293,-3.9783,-0.0124,2.6533,-3.3493,0.4657
235.50,2.7458,-3.2846,0.4679,0.9267,-3.9782,-0.0520,2.6510,-3.3504,0.4261
236.00,2.7458,-3.2880,0.4284,0.9232,-3.9779,-0.0928,2.6478,-3.3518,0.3853
236.50,2.7458,-3.2918,0.3879,0.9187,-3.9774,-0.1349,2.6435,-3.3534,0.3433
237.00,2.7457,-3.2962,0.3462,0.9138,-3.9766,-0.1779,2.6389,-3.3550,0.3003
237.50,2.7457,-3.3010,0.3033,0.9078,-3.9754,-0.2220,2.6329,-3.3567,0.2561
238.00,2.7456,-3.3064,0.2591,0.9027,-3.9742,-0.2677,2.6278,-3.3579,0.2105
238.50,2.7456,-3.3122,0.2136,0.8968,-3.9724,-0.3146,2.6218,-3.3590,0.1636
239.00,2.7456,-3.3185,0.1665,0.8891,-3.9697,-0.3634,2.6137,-3.3602,0.1147
239.50,2.7456,-3.3253,0.1179,0.8834,-3.9673,-0.4129,2.6076,-3.3607,0.0652
240.00,2.7456,-3.3325,0.0675,0.8778,-3.9647,-0.4641,2.6014,-3.3610,0.0141
240.50,2.7456,-3.3403,0.0152,0.8720,-3.9616,-0.5174,2.5948,-3.3609,-0.0393
241.00,2.7456,-3.3482,-0.0382,0.8742,-3.9631,-0.5716,2.5975,-3.3611,-0.0934
241.50,2.7456,-3.3558,-0.0896,0.8793,-3.9665,-0.6247,2.6035,-3.3619,-0.1466
242.00,2.7456,-3.3628,-0.1392,0.8848,-3.9707,-0.6761,2.6104,-3.3631,-0.1980
242.50,2.7456,-3.3694,-0.1872,0.8893,-3.9745,-0.7256,2.6161,-3.3644,-0.2475
243.00,2.7456,-3.3755,-0.2335,0.8937,-3.9786,-0.7734,2.6218,-3.3660,-0.2952
243.50,2.7457,-3.3811,-0.2785,0.8981,-3.9831,-0.8195,2.6279,-3.3679,-0.3413
244.00,2.7457,-3.3862,-0.3221,0.9024,-3.9879,-0.8646,2.6339,-3.3702,-0.3865
244.50,2.7457,-3.3909,-0.3645,0.9056,-3.9918,-0.9085,2.6386,-3.3722,-0.4303
245.00,2.7458,-3.3950,-0.4057,0.9082,-3.9953,-0.9509,2.6425,-3.3741,-0.4728
245.50,2.7458,-3.3987,-0.4457,0.9099,-3.9978,-0.9925,2.6451,-3.3756,-0.5143
246.00,2.7459,-3.4019,-0.4847,0.9115,-4.0004,-1.0322,2.6477,-3.3771,-0.5541
246.50,2.7459,-3.4046,-0.5226,0.9131,-4.0032,-1.0715,2.6504,-3.3788,-0.5933
247.00,2.7460,-3.4068,-0.5596,0.9142,-4.0052,-1.1092,2.6523,-3.3801,-0.6311
247.50,2.7460,-3.4086,-0.5956,0.9153,-4.0074,-1.1465,2.6543,-3.3817,-0.6683
248.00,2.7461,-3.4099,-0.6307,0.9157,-4.0086,-1.1827,2.6552,-3.3824,-0.7045
248.50,2.7461,-3.4108,-0.6648,0.9160,-4.0092,-1.2179,2.6558,-3.3829,-0.7398
249.00,2.7462,-3.4112,-0.6981,0.9161,-4.0096,-1.2527,2.6561,-3.3832,-0.7745
249.50,2.7463,-3.4113,-0.7306,0.9162,-4.0097,-1.2861,2.6562,-3.3833,-0.8079
250.00,2.7466,-3.4112,-0.7557,0.9162,-4.0099,-1.3151,2.6563,-3.3834,-0.8370
250.50,2.7482,-3.4127,-0.7600,0.9167,-4.0115,-1.3190,2.6574,-3.3846,-0.8408
251.00,2.7817,-3.4474,-0.8568,0.9267,-4.0595,-1.4117,2.6883,-3.4226,-0.9335
251.50,2.8426,-3.5358,-1.0103,0.9342,-4.1634,-1.5650,2.7606,-3.5946,-1.0311
252.00,2.9032,-3.6508,-1.1610,0.9232,-4.3067,-1.7205,2.8140,-3.7235,-1.1865
252.50,2.9547,-3.7711,-1.1799,0.9006,-4.4349,-1.7476,2.8494,-3.8355,-1.2101
253.00,3.0104,-3.8886,-1.0520,0.8833,-4.5695,-1.6258,2.9129,-3.9602,-1.0813
253.50,3.0771,-3.9975,-0.9484,0.8844,-4.7021,-1.5182,2.9755,-4.0729,-0.9763
254.00,3.1556,-4.1014,-0.9062,0.8938,-4.8268,-1.4738,3.0449,-4.1750,-0.9294
254.50,3.2371,-4.2029,-0.8898,0.9073,-4.9534,-1.4576,3.1220,-4.2764,-0.9131
255.00,3.3167,-4.3056,-0.9547,0.9199,-5.0867,-1.5173,3.2018,-4.3838,-0.9728
255.50,3.3880,-4.4147,-1.0205,0.9212,-5.2196,-1.5898,3.2718,-4.4969,-1.0454
256.00,3.4590,-4.5242,-0.9591,0.9210,-5.3455,-1.5338,3.3368,-4.6047,-0.9894
256.50,3.5388,-4.6268,-0.8736,0.9325,-5.4769,-1.4452,3.4144,-4.7112,-0.8972
257.00,3.6216,-4.7269,-0.9055,0.9484,-5.6073,-1.4725,3.4959,-4.8144,-0.9245
257.50,3.6975,-4.8340,-1.0429,0.9533,-5.7435,-1.6104,3.5710,-4.9281,-1.0625
258.00,3.7623,-4.9484,-1.0885,0.9427,-5.8824,-1.6639,3.6343,-5.0522,-1.1160
258.50,3.8278,-5.0614,-0.9942,0.9348,-6.0147,-1.5765,3.6965,-5.1593,-1.0286
259.00,3.9050,-5.1642,-0.8358,0.9438,-6.1377,-1.4175,3.7677,-5.2598,-0.8626
259.50,3.9964,-5.2548,-0.7084,0.9705,-6.2647,-1.2941,3.8573,-5.3537,-0.7392
260.00,4.0746,-5.3174,-0.5328,1.0073,-6.3612,-1.1168,3.9393,-5.4265,-0.5619
260.50,4.1057,-5.3388,-0.4666,1.0260,-6.3965,-1.0487,3.9739,-5.4466,-0.4938
261.00,4.1058,-5.3389,-0.4401,1.0266,-6.3976,-1.0258,3.9746,-5.4478,-0.4674
261.50,4.1058,-5.3353,-0.3999,1.0252,-6.3955,-0.9861,3.9723,-5.4468,-0.4277
262.00,4.1057,-5.3310,-0.3586,1.0222,-6.3912,-0.9462,3.9675,-5.4447,-0.3878
262.50,4.1057,-5.3263,-0.3160,1.0199,-6.3882,-0.9047,3.9640,-5.4434,-0.3463
263.00,4.1057,-5.3212,-0.2722,1.0164,-6.3839,-0.8623,3.9587,-5.4416,-0.3039
263.50,4.1056,-5.3155,-0.2271,1.0121,-6.3792,-0.8184,3.9526,-5.4399,-0.2600
264.00,4.1056,-5.3093,-0.1805,1.0074,-6.3744,-0.7731,3.9460,-5.4383,-0.2147
264.50,4.1056,-5.3027,-0.1323,1.0026,-6.3699,-0.7266,3.9396,-5.4371,-0.1682
265.00,4.1056,-5.2955,-0.0825,0.9967,-6.3650,-0.6778,3.9320,-5.4360,-0.1194
265.50,4.1056,-5.2879,-0.0307,0.9915,-6.3610,-0.6271,3.9254,-5.4354,-0.0687
266.00,4.1056,-5.2803,0.0219,0.9883,-6.3587,-0.5780,3.9614,-5.3972,-0.0091
266.50,4.1056,-5.2745,0.0611,0.9925,-6.3613,-0.5396,3.9664,-5.3972,0.0293
267.00,4.1056,-5.2689,0.0992,0.9969,-6.3638,-0.5026,3.9714,-5.3969,0.0663
267.50,4.1056,-5.2637,0.1364,1.0004,-6.3657,-0.4660,3.9753,-5.3966,0.1029
268.00,4.1056,-5.2586,0.1725,1.0047,-6.3678,-0.4305,3.9801,-5.3960,0.1383
268.50,4.1056,-5.2539,0.2078,1.0095,-6.3699,-0.3962,3.9853,-5.3952,0.1726
269.00,4.1056,-5.2495,0.2422,1.0142,-6.3718,-0.3626,3.9903,-5.3943,0.2063
269.50,4.1057,-5.2453,0.2759,1.0186,-6.3734,-0.3302,3.9949,-5.3932,0.2387
270.00,4.1057,-5.2414,0.3088,1.0221,-6.3745,-0.2979,3.9984,-5.3923,0.2710
270.50,4.1057,-5.2377,0.3410,1.0248,-6.3753,-0.2669,4.0011,-5.3915,0.3020
271.00,4.1057,-5.2344,0.3724,1.0280,-6.3761,-0.2365,4.0042,-5.3905,0.3323
271.50,4.1058,-5.2313,0.4033,1.0311,-6.3768,-0.2066,4.0072,-5.3894,0.3623
272.00,4.1058,-5.2285,0.4335,1.0341,-6.3774,-0.1773,3.9713,-5.3415,0.4091
272.50,4.1058,-5.2259,0.4630,1.0368,-6.3778,-0.1488,3.9738,-5.3404,0.4375
273.00,4.1059,-5.2237,0.4920,1.0389,-6.3781,-0.1207,3.9757,-5.3394,0.4656
273.50,4.1059,-5.2217,0.5204,1.0412,-6.3784,-0.0934,3.9778,-5.3384,0.4929
274.00,4.1059,-5.2199,0.5483,1.0436,-6.3785,-0.0665,3.9799,-5.3372,0.5198
274.50,4.1060,-5.2184,0.5756,1.0450,-6.3786,-0.0405,3.9811,-5.3365,0.5458
275.00,4.1060,-5.2172,0.6024,1.0464,-6.3787,-0.0144,3.9823,-5.3358,0.5719
275.50,4.1061,-5.2162,0.6286,1.0471,-6.3787,0.0112,3.9829,-5.3354,0.5975
276.00,4.1061,-5.2155,0.6543,1.0477,-6.3786,0.0355,3.9833,-5.3350,0.6218
276.50,4.1062,-5.2150,0.6858,1.0481,-6.3786,0.0642,3.9837,-5.3348,0.6505
277.00,4.1062,-5.2148,0.7185,1.0481,-6.3786,0.0963,3.9837,-5.3348,0.6826
277.50,4.1060,-5.2149,0.7513,1.0479,-6.3787,0.1275,3.9835,-5.3350,0.7139
278.00,4.1059,-5.2149,0.7852,1.0477,-6.3787,0.1600,3.9834,-5.3350,0.7463
278.50,4.1059,-5.2152,0.8191,1.0471,-6.3788,0.1934,3.9829,-5.3355,0.7797
279.00,4.1060,-5.2155,0.8519,1.0468,-6.3789,0.2250,3.9827,-5.3357,0.8113
279.50,4.1058,-5.2156,0.8846,1.0467,-6.3789,0.2565,3.9826,-5.3358,0.8428
280.00,4.1052,-5.2156,0.9182,1.0461,-6.3790,0.2892,3.9822,-5.3363,0.8756
280.50,4.1043,-5.2157,0.9519,1.0452,-6.3793,0.3206,3.9816,-5.3370,0.9069
281.00,4.1028,-5.2157,0.9873,1.0435,-6.3799,0.3547,3.9805,-5.3384,0.9410
281.50,4.1009,-5.2158,1.0236,1.0418,-6.3806,0.3899,3.9795,-5.3399,0.9762
282.00,4.0985,-5.2158,1.0608,1.0397,-6.3815,0.4257,3.9783,-5.3418,1.0120
282.50,4.0956,-5.2159,1.0991,1.0380,-6.3823,0.4628,3.9773,-5.3434,1.0491
283.00,4.0922,-5.2159,1.1385,1.0353,-6.3837,0.5014,3.9758,-5.3461,1.0878
283.50,4.0884,-5.2160,1.1789,1.0321,-6.3855,0.5410,3.9742,-5.3494,1.1273
284.00,4.0841,-5.2160,1.2205,1.0279,-6.3882,0.5820,3.9721,-5.3539,1.1684
284.50,4.0793,-5.2161,1.2632,1.0246,-6.3905,0.6235,3.9706,-5.3577,1.2098
285.00,4.0740,-5.2161,1.3073,1.0210,-6.3931,0.6659,3.9692,-5.3619,1.2522
285.50,4.0683,-5.2161,1.3527,1.0168,-6.3967,0.7100,3.9675,-5.3672,1.2963
286.00,4.0623,-5.2161,1.3972,1.0127,-6.4002,0.7529,3.9662,-5.3724,1.3392
286.50,4.0573,-5.2162,1.4334,1.0088,-6.4041,0.7877,3.9650,-5.3778,1.3740
287.00,4.0521,-5.2162,1.4705,1.0053,-6.4077,0.8235,3.9641,-5.3827,1.4098
287.50,4.0465,-5.2162,1.5086,1.0018,-6.4116,0.8605,3.9634,-5.3879,1.4468
288.00,4.0407,-5.2162,1.5478,0.9981,-6.4160,0.8986,3.9099,-5.3344,1.5198
288.50,4.0347,-5.2162,1.5879,0.9978,-6.4164,0.9375,3.9098,-5.3349,1.5587
289.00,4.0289,-5.2162,1.6273,1.0009,-6.4121,0.9758,3.9098,-5.3296,1.5970
289.50,4.0233,-5.2162,1.6656,1.0039,-6.4074,1.0131,3.9095,-5.3241,1.6343
290.00,4.0180,-5.2162,1.7028,1.0063,-6.4033,1.0493,3.9092,-5.3193,1.6705
290.50,4.0130,-5.2161,1.7391,1.0087,-6.3991,1.0839,3.9086,-5.3145,1.7051
291.00,4.0082,-5.2161,1.7745,1.0108,-6.3949,1.1175,3.9079,-5.3098,1.7388
291.50,4.0037,-5.2161,1.8090,1.0127,-6.3908,1.1511,3.9071,-5.3054,1.7723
292.00,3.9995,-5.2161,1.8427,1.0148,-6.3860,1.1840,3.9059,-5.3003,1.8052
292.50,3.9956,-5.2161,1.8757,1.0164,-6.3819,1.2164,3.9048,-5.2960,1.8376
293.00,3.9913,-5.2160,1.9143,1.0179,-6.3776,1.2545,3.9036,-5.2916,1.8757
293.50,3.9869,-5.2160,1.9561,1.0195,-6.3724,1.2953,3.9018,-5.2865,1.9165
294.00,3.9830,-5.2159,1.9967,1.0205,-6.3685,1.3345,3.9004,-5.2827,1.9557
294.50,3.9796,-5.2159,2.0362,1.0214,-6.3646,1.3729,3.8413,-5.3180,2.0081
295.00,3.9767,-5.2159,2.0747,1.0218,-6.3624,1.4099,3.8404,-5.3160,2.0450
295.50,3.9742,-5.2158,2.1121,1.0222,-6.3597,1.4458,3.8391,-5.3137,2.0810
296.00,3.9722,-5.2158,2.1486,1.0224,-6.3575,1.4809,3.8380,-5.3117,2.1161
296.50,3.9706,-5.2157,2.1841,1.0225,-6.3554,1.5154,3.8369,-5.3100,2.1506
297.00,3.9695,-5.2156,2.2187,1.0226,-6.3539,1.5484,3.8360,-5.3087,2.1836
297.50,3.9689,-5.2156,2.2524,1.0226,-6.3531,1.5806,3.8356,-5.3081,2.2157
298.00,3.9686,-5.2155,2.2853,1.0226,-6.3531,1.6122,3.8355,-5.3080,2.2474
298.50,3.9687,-5.2156,2.3179,1.0226,-6.3531,1.6432,3.8355,-5.3080,2.2784
299.00,3.9688,-5.2159,2.3517,1.0226,-6.3533,1.6754,3.8357,-5.3082,2.3106
299.50,3.9690,-5.2158,2.3857,1.0226,-6.3533,1.7088,3.8357,-5.3082,2.3440
300.00,3.9694,-5.2158,2.4186,1.0227,-6.3536,1.7405,3.8359,-5.3084,2.3757
300.50,3.9770,-5.2224,2.4303,1.0243,-6.3628,1.7531,3.8427,-5.3148,2.3883
301.00,3.9922,-5.2354,2.4303,1.0280,-6.3827,1.7518,3.8575,-5.3287,2.3870
301.50,4.0073,-5.2485,2.4303,1.0314,-6.4010,1.7506,3.8710,-5.3414,2.3858
302.00,4.0225,-5.2615,2.4303,1.0351,-6.4219,1.7491,3.8864,-5.3560,2.3842
302.50,4.0376,-5.2746,2.4303,1.0390,-6.4433,1.7482,3.9061,-5.3868,2.4078
303.00,4.0528,-5.2876,2.4303,1.0431,-6.4661,1.7471,3.9233,-5.4023,2.4067
303.50,4.0679,-5.3007,2.4303,1.0467,-6.4865,1.7460,3.9386,-5.4162,2.4056
304.00,4.0831,-5.3138,2.4303,1.0504,-6.5074,1.7445,3.9544,-5.4305,2.4041
304.50,4.0982,-5.3268,2.4303,1.0534,-6.5250,1.7431,3.9581,-5.4319,2.4062
305.00,4.1134,-5.3399,2.4303,1.0567,-6.5438,1.7420,3.9722,-5.4447,2.4051
305.50,4.1285,-5.3529,2.4303,1.0601,-6.5632,1.7416,3.9868,-5.4580,2.4047
306.00,4.1437,-5.3660,2.4303,1.0634,-6.5825,1.7406,4.0013,-5.4711,2.4037
306.50,4.1588,-5.3790,2.4303,1.0668,-6.6023,1.7395,4.0161,-5.4846,2.4026
307.00,4.1561,-5.3770,2.4670,1.0667,-6.6030,1.7706,4.0170,-5.4947,2.4372
307.50,4.1022,-5.3441,2.5948,1.0502,-6.5437,1.8973,3.9674,-5.4583,2.5639
308.00,3.9962,-5.2893,2.6734,1.0087,-6.4352,1.9764,3.8685,-5.3896,2.6482
308.50,3.8790,-5.2343,2.6883,0.9528,-6.3126,1.9974,3.7411,-5.3458,2.6693
309.00,3.7647,-5.1714,2.6067,0.9040,-6.1920,1.9118,3.6351,-5.2745,2.5836
309.50,3.6526,-5.1061,2.6270,0.8588,-6.0652,1.9309,3.5283,-5.2205,2.6062
310.00,3.5398,-5.0407,2.6003,0.8132,-5.9426,1.9060,3.4086,-5.1363,2.5779
310.50,3.4298,-4.9696,2.5549,0.7714,-5.8135,1.8591,3.2987,-5.0683,2.5331
311.00,3.3226,-4.8952,2.5413,0.7350,-5.6824,1.8389,3.1970,-4.9870,2.5160
311.50,3.2127,-4.8265,2.6219,0.6967,-5.5604,1.9197,3.0953,-4.9200,2.5967
312.00,3.0994,-4.7626,2.6231,0.6523,-5.4410,1.9229,2.9804,-4.8463,2.5982
312.50,2.9873,-4.6950,2.5921,0.6096,-5.3206,1.8926,2.8722,-4.7770,2.5687
313.00,2.8776,-4.6238,2.5672,0.5704,-5.1950,1.8626,2.7631,-4.7025,2.5397
313.50,2.7671,-4.5567,2.6054,0.5293,-5.0672,1.9024,2.6510,-4.6284,2.5808
314.00,2.6563,-4.4875,2.5667,0.4884,-4.9430,1.8655,2.5459,-4.5576,2.5443
314.50,2.5491,-4.4116,2.5128,0.4534,-4.8150,1.8093,2.4413,-4.4770,2.4864
315.00,2.4449,-4.3334,2.4969,0.4246,-4.6889,1.7884,2.3353,-4.3968,2.4690
315.50,2.3389,-4.2583,2.5777,0.3934,-4.5629,1.8619,2.2372,-4.3184,2.5451
316.00,2.2242,-4.1918,2.7218,0.3456,-4.4395,2.0103,2.1177,-4.2529,2.6937
316.50,2.1046,-4.1382,2.7301,0.2858,-4.3180,2.0246,1.9980,-4.1892,2.7063
317.00,1.9884,-4.0803,2.6075,0.2331,-4.1940,1.9023,1.8862,-4.1261,2.5846
317.50,1.8790,-4.0123,2.5558,0.1956,-4.0697,1.8428,1.7838,-4.0567,2.5283
318.00,1.7687,-3.9442,2.6408,0.1563,-3.9425,1.9211,1.6740,-3.9844,2.6086
318.50,1.6521,-3.8852,2.7056,0.1052,-3.8201,1.9920,1.5569,-3.9283,2.6796
319.00,1.5358,-3.8261,2.6285,0.0515,-3.6917,1.9168,1.4386,-3.8617,2.6044
319.50,1.4253,-3.7580,2.5661,0.0111,-3.5626,1.8476,1.3372,-3.7870,2.5382
320.00,1.3150,-3.6904,2.6024,-0.0277,-3.4343,1.8845,1.2254,-3.7188,2.5772
320.50,1.2036,-3.6226,2.5857,-0.0673,-3.3106,1.8677,1.1205,-3.6470,2.5605
321.00,1.0941,-3.5512,2.5589,-0.1059,-3.1781,1.8391,1.0110,-3.5701,2.5336
321.50,0.9853,-3.4804,2.5837,-0.1423,-3.0458,1.8579,0.9017,-3.4969,2.5537
322.00,0.8737,-3.4154,2.6145,-0.1829,-2.9183,1.8920,0.7947,-3.4257,2.5917
322.50,0.7618,-3.3483,2.5877,-0.2248,-2.7899,1.8684,0.6800,-3.3630,2.5647
323.00,0.6530,-3.2755,2.5492,-0.2600,-2.6622,1.8222,0.5810,-3.2870,2.5202
323.50,0.5445,-3.2044,2.5856,-0.2930,-2.5377,1.8531,0.4718,-3.2124,2.5546
324.00,0.4300,-3.1409,2.7226,-0.3363,-2.4178,1.9910,0.3642,-3.1487,2.6943
324.50,0.3098,-3.0882,2.7548,-0.3948,-2.2965,2.0286,0.2393,-3.0885,2.7318
325.00,0.1917,-3.0338,2.6448,-0.4493,-2.1720,1.9199,0.1185,-3.0287,2.6248
325.50,0.0808,-2.9695,2.5590,-0.4873,-2.0473,1.8274,0.0188,-2.9613,2.5324
326.00,-0.0283,-2.8998,2.5838,-0.5195,-1.9278,1.8499,-0.0829,-2.8921,2.5584
326.50,-0.1389,-2.8316,2.5791,-0.5574,-1.7981,1.8493,-0.2061,-2.8182,2.5590
327.00,-0.2475,-2.7587,2.5477,-0.5909,-1.6704,1.8127,-0.3047,-2.7432,2.5211
327.50,-0.3557,-2.6872,2.5754,-0.6242,-1.5383,1.8358,-0.4158,-2.6686,2.5477
328.00,-0.4668,-2.6211,2.6061,-0.6625,-1.4079,1.8701,-0.5202,-2.5993,2.5820
328.50,-0.5784,-2.5539,2.5882,-0.7018,-1.2794,1.8553,-0.6369,-2.5308,2.5672
329.00,-0.6874,-2.4814,2.5516,-0.7379,-1.1442,1.8148,-0.7493,-2.4533,2.5267
329.50,-0.7952,-2.4086,2.5557,-0.7690,-1.0166,1.8129,-0.8462,-2.3810,2.5266
330.00,-0.9062,-2.3418,2.6357,-0.8038,-0.8957,1.8944,-0.9515,-2.3123,2.6099
330.50,-1.0206,-2.2809,2.6549,-0.8485,-0.7681,1.9141,-1.0689,-2.2453,2.6296
331.00,-1.1370,-2.2245,2.6941,-0.8956,-0.6464,1.9569,-1.1845,-2.1888,2.6706
331.50,-1.2533,-2.1646,2.6623,-0.9422,-0.5263,1.9236,-1.2926,-2.1286,2.6373
332.00,-1.3687,-2.1045,2.6527,-0.9878,-0.4031,1.9171,-1.4136,-2.0652,2.6308
332.50,-1.4821,-2.0382,2.6113,-1.0286,-0.2814,1.8735,-1.5243,-2.0040,2.5872
333.00,-1.5944,-1.9732,2.6177,-1.0683,-0.1554,1.8780,-1.6367,-1.9306,2.5917
333.50,-1.7069,-1.9079,2.6160,-1.1093,-0.0252,1.8738,-1.7460,-1.8549,2.5875
334.00,-1.8203,-1.8454,2.6376,-1.1507,0.1006,1.8975,-1.8568,-1.7968,2.6147
334.50,-1.9325,-1.7777,2.5842,-1.1903,0.2275,1.8418,-1.9701,-1.7271,2.5590
335.00,-2.0431,-1.7099,2.6036,-1.2248,0.3512,1.8577,-2.0772,-1.6519,2.5766
335.50,-2.1548,-1.6431,2.5945,-1.2638,0.4815,1.8519,-2.1923,-1.5889,2.5735
336.00,-2.2648,-1.5724,2.5636,-1.2984,0.6097,1.8169,-2.2989,-1.5096,2.5385
336.50,-2.3734,-1.5005,2.5540,-1.3313,0.7433,1.8050,-2.4078,-1.4374,2.5287
337.00,-2.4826,-1.4307,2.6037,-1.3621,0.8658,1.8502,-2.5119,-1.3631,2.5761
337.50,-2.5957,-1.3672,2.6294,-1.4010,0.9901,1.8808,-2.6235,-1.2959,2.6067
338.00,-2.7080,-1.2997,2.5871,-1.4384,1.1136,1.8396,-2.7335,-1.2284,2.5655
338.50,-2.8171,-1.2272,2.5506,-1.4713,1.2450,1.7990,-2.8453,-1.1521,2.5250
339.00,-2.9251,-1.1551,2.5754,-1.5011,1.3732,1.8178,-2.9427,-1.0759,2.5437
339.50,-3.0364,-1.0888,2.6029,-1.5362,1.4987,1.8510,-3.0522,-1.0153,2.5804
340.00,-3.1464,-1.0177,2.5575,-1.5695,1.6259,1.8048,-3.1617,-0.9425,2.5377
340.50,-3.2536,-0.9427,2.5260,-1.5982,1.7574,1.7686,-3.2710,-0.8541,2.4980
341.00,-3.3600,-0.8683,2.5356,-1.6243,1.8853,1.7784,-3.3758,-0.7761,2.5078
341.50,-3.4672,-0.7952,2.5438,-1.6528,2.0176,1.7870,-3.4850,-0.7062,2.5189
342.00,-3.5740,-0.7207,2.5402,-1.6806,2.1508,1.7787,-3.5847,-0.6256,2.5116
342.50,-3.6837,-0.6520,2.6041,-1.7131,2.2820,1.8447,-3.6993,-0.5500,2.5776
343.00,-3.7891,-0.5863,2.5544,-1.7460,2.4049,1.8011,-3.7935,-0.4909,2.5305
343.50,-3.8673,-0.5260,2.4502,-1.7649,2.5100,1.6932,-3.8777,-0.4224,2.4270
344.00,-3.9411,-0.4619,2.3968,-1.7747,2.6103,1.6399,-3.9521,-0.3572,2.3728
344.50,-4.0079,-0.3967,2.3354,-1.7781,2.7047,1.5743,-4.0178,-0.2893,2.3072
345.00,-4.0702,-0.3305,2.3226,-1.7776,2.7977,1.5588,-4.0795,-0.2196,2.2952
345.50,-4.1321,-0.2639,2.3066,-1.7764,2.8891,1.5451,-4.1297,-0.1508,2.2850
346.00,-4.1914,-0.1929,2.2014,-1.7700,2.9847,1.4446,-4.1897,-0.0762,2.1810
346.50,-4.2361,-0.1346,2.0222,-1.7553,3.0559,1.2669,-4.2267,-0.0209,2.0043
347.00,-4.2706,-0.0661,1.8140,-1.7247,3.1272,1.0617,-4.2621,0.0597,1.7981
347.50,-4.2955,0.0494,1.5055,-1.6520,3.2193,0.7484,-4.2794,0.1668,1.4898
348.00,-4.2973,0.1774,1.3307,-1.5453,3.2995,0.5625,-4.2748,0.2981,1.3058
348.50,-4.2706,0.2901,1.3360,-1.4475,3.3588,0.5593,-4.2632,0.3980,1.3027
349.00,-4.2498,0.3920,1.5237,-1.3637,3.4198,0.7375,-4.2424,0.4996,1.4843
349.50,-4.2398,0.5177,1.7800,-1.2818,3.5187,0.9986,-4.2491,0.6278,1.7490
350.00,-4.2636,0.6426,1.8541,-1.2182,3.6296,1.0748,-4.2509,0.7522,1.8252
350.50,-4.2938,0.7268,1.8968,-1.1749,3.7133,1.1166,-4.2737,0.8430,1.8670
351.00,-4.3064,0.7512,1.9388,-1.1612,3.7425,1.1578,-4.2830,0.8739,1.9116
351.50,-4.3105,0.7513,1.9799,-1.1596,3.7462,1.1980,-4.2917,0.8703,1.9518
352.00,-4.3142,0.7513,2.0198,-1.1583,3.7496,1.2362,-4.2958,0.8710,1.9901
352.50,-4.3173,0.7514,2.0587,-1.1573,3.7526,1.2737,-4.2971,0.8739,2.0275
353.00,-4.3200,0.7514,2.0966,-1.1567,3.7544,1.3104,-4.2979,0.8756,2.0642
353.50,-4.3222,0.7515,2.1334,-1.1561,3.7570,1.3458,-4.2992,0.8779,2.0997
354.00,-4.3239,0.7515,2.1693,-1.1557,3.7587,1.3810,-4.3001,0.8794,2.1348
354.50,-4.3252,0.7516,2.2043,-1.1555,3.7597,1.4150,-4.3006,0.8803,2.1688
355.00,-4.3261,0.7516,2.2384,-1.1554,3.7608,1.4484,-4.3013,0.8812,2.2023
355.50,-4.3265,0.7517,2.2716,-1.1553,3.7610,1.4805,-4.3014,0.8814,2.2344
356.00,-4.3265,0.7517,2.3041,-1.1554,3.7609,1.5121,-4.3014,0.8813,2.2659
356.50,-4.3264,0.7514,2.3374,-1.1554,3.7605,1.5442,-4.3011,0.8809,2.2980
357.00,-4.3263,0.7514,2.3716,-1.1554,3.7602,1.5767,-4.3009,0.8807,2.3305
357.50,-4.3259,0.7514,2.4050,-1.1554,3.7598,1.6086,-4.3006,0.8804,2.3624
358.00,-4.3257,0.7515,2.4375,-1.1554,3.7595,1.6404,-4.3004,0.8803,2.3942
358.50,-4.3257,0.7511,2.4706,-1.1553,3.7591,1.6724,-4.3001,0.8800,2.4263
359.00,-4.3256,0.7503,2.5046,-1.1552,3.7579,1.7054,-4.2992,0.8792,2.4592
359.50,-4.3256,0.7491,2.5395,-1.1549,3.7563,1.7393,-4.2979,0.8782,2.4932
360.00,-4.3255,0.7474,2.5753,-1.1546,3.7547,1.7736,-4.2965,0.8772,2.5275
360.50,-4.3255,0.7452,2.6121,-1.1542,3.7529,1.8094,-4.2950,0.8762,2.5632
361.00,-4.3254,0.7426,2.6498,-1.1535,3.7501,1.8458,-4.2926,0.8747,2.5996
361.50,-4.3254,0.7395,2.6886,-1.1526,3.7473,1.8835,-4.2900,0.8732,2.6373
362.00,-4.3253,0.7359,2.7285,-1.1516,3.7444,1.9225,-4.2873,0.8718,2.6763
362.50,-4.3253,0.7319,2.7694,-1.1501,3.7405,1.9625,-4.2836,0.8700,2.7163
363.00,-4.3253,0.7273,2.8116,-1.1480,3.7357,2.0032,-4.2788,0.8679,2.7570
363.50,-4.3252,0.7223,2.8550,-1.1452,3.7300,2.0455,-4.2728,0.8657,2.7993
364.00,-4.3252,0.7168,2.8997,-1.1427,3.7253,2.0894,-4.2678,0.8640,2.8432
364.50,-4.3252,0.7108,2.9458,-1.1398,3.7204,2.1346,-4.2623,0.8624,2.8884
365.00,-4.3252,0.7043,2.9934,-1.1352,3.7136,2.1811,-4.2543,0.8606,2.9349
365.50,-4.3251,0.6973,3.0427,-1.1315,3.7084,2.2294,-4.2480,0.8594,2.9832
366.00,-4.3251,0.6899,3.0938,-1.1266,3.7025,2.2792,-4.2994,0.8148,3.0644
366.50,-4.3251,0.6819,-3.1363,-1.1221,3.6975,2.3309,-4.2928,0.8145,3.1161
367.00,-4.3251,0.6741,-3.0836,-1.1281,3.7034,2.3815,-4.3011,0.8145,-3.1164
367.50,-4.3251,0.6668,-3.0329,-1.1328,3.7077,2.4311,-4.3075,0.8142,-3.0669
368.00,-4.3252,0.6599,-2.9839,-1.1395,3.7133,2.4791,-4.3162,0.8133,-3.0188
368.50,-4.3252,0.6535,-2.9366,-1.1453,3.7176,2.5258,-4.3233,0.8123,-2.9721
369.00,-4.3252,0.6476,-2.8908,-1.1510,3.7214,2.5703,-4.3300,0.8110,-2.9277
369.50,-4.3252,0.6422,-2.8463,-1.1562,3.7246,2.6136,-4.3360,0.8095,-2.8844
370.00,-4.3253,0.6372,-2.8032,-1.1603,3.7269,2.6555,-4.3406,0.8082,-2.8424
370.50,-4.3253,0.6328,-2.7613,-1.1638,3.7286,2.6961,-4.3442,0.8070,-2.8018
371.00,-4.3253,0.6296,-2.7266,-1.1676,3.7304,2.7288,-4.3482,0.8056,-2.7691
371.50,-4.3254,0.6263,-2.6868,-1.1708,3.7317,2.7680,-4.3513,0.8043,-2.7299
372.00,-4.3254,0.6232,-2.6481,-1.1747,3.7331,2.8060,-4.3166,0.7456,-2.6745
372.50,-4.3255,0.6206,-2.6104,-1.1779,3.7342,2.8428,-4.3196,0.7440,-2.6376
373.00,-4.3255,0.6184,-2.5737,-1.1802,3.7349,2.8790,-4.3216,0.7429,-2.6015
373.50,-4.3256,0.6168,-2.5379,-1.1821,3.7353,2.9139,-4.3232,0.7419,-2.5666
374.00,-4.3256,0.6155,-2.5030,-1.1833,3.7356,2.9476,-4.3242,0.7412,-2.5329
374.50,-4.3257,0.6148,-2.4691,-1.1844,3.7358,2.9809,-4.3252,0.7405,-2.4996
375.00,-4.3257,0.6144,-2.4360,-1.1848,3.7359,3.0133,-4.3255,0.7403,-2.4671
375.50,-4.3257,0.6144,-2.4035,-1.1848,3.7359,3.0446,-4.3255,0.7402,-2.4359
376.00,-4.3254,0.6145,-2.3700,-1.1843,3.7358,3.0768,-4.3252,0.7406,-2.4037
376.50,-4.3255,0.6147,-2.3359,-1.1843,3.7358,3.1104,-4.3251,0.7406,-2.3701
377.00,-4.3255,0.6151,-2.3026,-1.1835,3.7358,-3.1404,-4.3246,0.7411,-2.3377
377.50,-4.3255,0.6152,-2.2701,-1.1833,3.7358,-3.1091,-4.3245,0.7413,-2.3064
378.00,-4.3251,0.6152,-2.2369,-1.1832,3.7358,-3.0771,-4.3244,0.7414,-2.2744
378.50,-4.3242,0.6153,-2.2028,-1.1826,3.7359,-3.0442,-4.3240,0.7418,-2.2415
379.00,-4.3229,0.6153,-2.1677,-1.1821,3.7359,-3.0104,-4.3237,0.7422,-2.2077
379.50,-4.3211,0.6154,-2.1318,-1.1799,3.7362,-2.9751,-4.3224,0.7440,-2.1724
380.00,-4.3189,0.6154,-2.0949,-1.1776,3.7367,-2.9391,-4.3211,0.7460,-2.1364
380.50,-4.3162,0.6155,-2.0570,-1.1749,3.7373,-2.9023,-4.3197,0.7483,-2.0996
381.00,-4.3131,0.6155,-2.0180,-1.1728,3.7378,-2.8645,-4.3186,0.7502,-2.0618
381.50,-4.3094,0.6156,-1.9780,-1.1692,3.7389,-2.8257,-4.3169,0.7536,-2.0230
382.00,-4.3093,0.6093,-1.9538,-1.1722,3.7379,-2.7989,-4.3182,0.7507,-1.9962
382.50,-4.3313,0.5536,-1.9935,-1.2272,3.7197,-2.8382,-4.3433,0.6986,-2.0355
383.00,-4.3801,0.4485,-2.0299,-1.3361,3.6878,-2.8757,-4.3672,0.5712,-2.0555
383.50,-4.4170,0.3749,-2.0029,-1.4188,3.6647,-2.8513,-4.4068,0.4924,-2.0312
384.00,-4.4275,0.3562,-1.9630,-1.4432,3.6571,-2.8121,-4.4179,0.4693,-1.9920
384.50,-4.4246,0.3563,-1.9214,-1.4407,3.6581,-2.7721,-4.4169,0.4718,-1.9519
385.00,-4.4201,0.3563,-1.8810,-1.4357,3.6601,-2.7300,-4.4150,0.4768,-1.9099
385.50,-4.4228,0.3563,-1.9134,-1.4378,3.6593,-2.7611,-4.4158,0.4747,-1.9409
386.00,-4.4292,0.3437,-1.9878,-1.4511,3.6546,-2.8274,-4.4214,0.4618,-2.0072
386.50,-4.4550,0.2796,-2.1273,-1.5174,3.6389,-2.9681,-4.4548,0.4024,-2.1514
387.00,-4.5218,0.1760,-2.1936,-1.6441,3.6213,-3.0355,-4.5186,0.2981,-2.2188
387.50,-4.5777,0.0999,-2.1914,-1.7416,3.6120,-3.0384,-4.5786,0.2206,-2.2218
388.00,-4.5965,0.0738,-2.1562,-1.7757,3.6082,-3.0044,-4.5992,0.1831,-2.1877
388.50,-4.6190,0.0403,-2.1960,-1.8121,3.6035,-3.0385,-4.6207,0.1533,-2.2218
389.00,-4.6827,-0.0397,-2.2983,-1.9157,3.5990,3.1407,-4.6883,0.0748,-2.3259
389.50,-4.7710,-0.1353,-2.3205,-2.0453,3.6018,3.1154,-4.7790,-0.0079,-2.3512
390.00,-4.8595,-0.2305,-2.3252,-2.1752,3.6052,3.1103,-4.8706,-0.1001,-2.3527
390.50,-4.9484,-0.3214,-2.3790,-2.3059,3.6118,3.0561,-4.9644,-0.1912,-2.4105
391.00,-5.0408,-0.4056,-2.4220,-2.4329,3.6256,3.0097,-5.0510,-0.2651,-2.4507
391.50,-5.1334,-0.4888,-2.3748,-2.5658,3.6419,3.0507,-5.1552,-0.3515,-2.4054
392.00,-5.1918,-0.5519,-2.2305,-2.6537,3.6444,-3.0885,-5.2067,-0.4143,-2.2614
392.50,-5.2454,-0.6284,-2.0095,-2.7473,3.6303,-2.8756,-5.2693,-0.4933,-2.0555
393.00,-5.2939,-0.7341,-1.7341,-2.8536,3.5858,-2.6101,-5.3076,-0.5907,-1.7778
393.50,-5.3286,-0.8573,-1.4608,-2.9544,3.5041,-2.3373,-5.3283,-0.7099,-1.4963
394.00,-5.3179,-0.9856,-1.3948,-3.0459,3.3996,-2.2641,-5.3486,-0.8406,-1.4247
394.50,-5.3007,-1.1141,-1.4760,-3.1331,3.3000,-2.3404,-5.3353,-0.9693,-1.5028
395.00,-5.2922,-1.2439,-1.6616,-3.2342,3.2142,-2.5326,-5.3391,-1.1019,-1.6925
395.50,-5.3015,-1.3671,-1.6747,-3.3399,3.1442,-2.5545,-5.3485,-1.2271,-1.7065
396.00,-5.3080,-1.4948,-1.4939,-3.4444,3.0643,-2.3820,-5.3573,-1.3511,-1.5365
396.50,-5.3015,-1.6230,-1.3552,-3.5286,2.9691,-2.2348,-5.3421,-1.4745,-1.3867
397.00,-5.2786,-1.7360,-1.3963,-3.6019,2.8758,-2.2669,-5.3308,-1.5913,-1.4189
397.50,-5.2638,-1.8540,-1.5687,-3.6912,2.7863,-2.4429,-5.3328,-1.7174,-1.5949
398.00,-5.2623,-1.9840,-1.5877,-3.7892,2.7088,-2.4722,-5.3291,-1.8322,-1.6276
398.50,-5.2585,-2.1138,-1.4974,-3.8920,2.6187,-2.3800,-5.3205,-1.9688,-1.5285
399.00,-5.2529,-2.2436,-1.5290,-3.9889,2.5284,-2.4107,-5.3236,-2.1012,-1.5616
399.50,-5.2455,-2.3734,-1.5105,-4.0861,2.4404,-2.3945,-5.3243,-2.2323,-1.5464
400.00,-5.2382,-2.5032,-1.5141,-4.1845,2.3493,-2.3986,-5.3138,-2.3564,-1.5515
400.50,-5.2354,-2.6331,-1.5470,-4.2828,2.2618,-2.4304,-5.3108,-2.4980,-1.5788
401.00,-5.2314,-2.7630,-1.5301,-4.3879,2.1715,-2.4168,-5.3220,-2.6266,-1.5652
401.50,-5.2220,-2.8928,-1.5099,-4.4891,2.0798,-2.3947,-5.3198,-2.7531,-1.5431
402.00,-5.2172,-3.0227,-1.5252,-4.5857,1.9920,-2.4118,-5.3172,-2.8736,-1.5638
402.50,-5.2101,-3.1525,-1.5050,-4.6834,1.9042,-2.3930,-5.3163,-3.0050,-1.5414
403.00,-5.1962,-3.2752,-1.4644,-4.7726,1.8172,-2.3519,-5.3097,-3.1294,-1.5004
403.50,-5.1889,-3.3440,-1.4644,-4.8285,1.7608,-2.3525,-5.3041,-3.2085,-1.5009
404.00,-5.1877,-3.3554,-1.4644,-4.8396,1.7496,-2.3533,-5.3030,-3.2243,-1.5017
404.50,-5.1877,-3.3554,-1.4644,-4.8396,1.7496,-2.3542,-5.3030,-3.2243,-1.5026
405.00,-5.1875,-3.3554,-1.4581,-4.8395,1.7497,-2.3507,-5.3030,-3.2242,-1.4991
405.50,-5.1821,-3.3554,-1.4093,-4.8439,1.7451,-2.3021,-5.3024,-3.2305,-1.4505
406.00,-5.1757,-3.3555,-1.3621,-4.8488,1.7393,-2.2557,-5.3013,-3.2381,-1.4042
406.50,-5.1698,-3.3555,-1.3164,-4.8528,1.7342,-2.2110,-5.3001,-3.2444,-1.3595
407.00,-5.1645,-3.3555,-1.2721,-4.8559,1.7298,-2.1673,-5.2988,-3.2496,-1.3157
407.50,-5.1596,-3.3556,-1.2290,-4.8588,1.7254,-2.1260,-5.2974,-3.2547,-1.2745
408.00,-5.1551,-3.3556,-1.1872,-4.8607,1.7221,-2.0846,-5.2962,-3.2583,-1.2331
408.50,-5.1512,-3.3556,-1.1466,-4.8629,1.7181,-2.0450,-5.2946,-3.2626,-1.1934
409.00,-5.1478,-3.3557,-1.1070,-4.8642,1.7154,-2.0065,-5.2935,-3.2654,-1.1550
409.50,-5.1448,-3.3557,-1.0685,-4.8658,1.7118,-1.9695,-5.2631,-3.2195,-1.1109
410.00,-5.1423,-3.3558,-1.0310,-4.8669,1.7091,-1.9326,-5.2617,-3.2221,-1.0741
410.50,-5.1403,-3.3558,-0.9945,-4.8679,1.7064,-1.8972,-5.2603,-3.2246,-1.0387
411.00,-5.1387,-3.3559,-0.9590,-4.8685,1.7045,-1.8624,-5.2593,-3.2263,-1.0038
411.50,-5.1376,-3.3559,-0.9243,-4.8690,1.7027,-1.8289,-5.2583,-3.2278,-0.9704
412.00,-5.1369,-3.3560,-0.8906,-4.8691,1.7024,-1.7958,-5.2580,-3.2281,-0.9373
412.50,-5.1367,-3.3560,-0.8577,-4.8691,1.7022,-1.7641,-5.2580,-3.2283,-0.9056
413.00,-5.1367,-3.3560,-0.8251,-4.8691,1.7023,-1.7327,-5.2580,-3.2282,-0.8741
413.50,-5.1368,-3.3557,-0.7914,-4.8690,1.7028,-1.7000,-5.2583,-3.2279,-0.8415
414.00,-5.1370,-3.3558,-0.7573,-4.8690,1.7026,-1.6667,-5.2582,-3.2280,-0.8082
414.50,-5.1374,-3.3558,-0.7243,-4.8690,1.7031,-1.6345,-5.2586,-3.2276,-0.7759
415.00,-5.1375,-3.3557,-0.6917,-4.8690,1.7031,-1.6033,-5.2585,-3.2276,-0.7447
415.50,-5.1375,-3.3552,-0.6583,-4.8690,1.7035,-1.5707,-5.2588,-3.2274,-0.7121
416.00,-5.1376,-3.3542,-0.6239,-4.8690,1.7040,-1.5377,-5.2592,-3.2271,-0.6792
416.50,-5.1376,-3.3528,-0.5887,-4.8691,1.7053,-1.5039,-5.2602,-3.2263,-0.6454
417.00,-5.1377,-3.3509,-0.5525,-4.8692,1.7064,-1.4685,-5.2612,-3.2256,-0.6099
417.50,-5.1377,-3.3486,-0.5154,-4.8694,1.7081,-1.4325,-5.2626,-3.2246,-0.5739
418.00,-5.1378,-3.3458,-0.4773,-4.8698,1.7110,-1.3951,-5.2651,-3.2231,-0.5366
418.50,-5.1378,-3.3425,-0.4381,-4.8707,1.7152,-1.3571,-5.2688,-3.2209,-0.4985
419.00,-5.1379,-3.3388,-0.3978,-4.8715,1.7186,-1.3172,-5.2719,-3.2194,-0.4587
419.50,-5.1379,-3.3346,-0.3564,-4.8726,1.7226,-1.2769,-5.2757,-3.2176,-0.4184
420.00,-5.1379,-3.3298,-0.3138,-4.8741,1.7273,-1.2354,-5.2802,-3.2157,-0.3769
420.50,-5.1380,-3.3246,-0.2699,-4.8757,1.7316,-1.1926,-5.2845,-3.2141,-0.3341
421.00,-5.1380,-3.3189,-0.2247,-4.8785,1.7381,-1.1484,-5.2913,-3.2119,-0.2898
421.50,-5.1380,-3.3127,-0.1780,-4.8811,1.7435,-1.1029,-5.2970,-3.2103,-0.2443
422.00,-5.1380,-3.3060,-0.1298,-4.8842,1.7494,-1.0556,-5.3035,-3.2089,-0.1970
422.50,-5.1033,-3.2951,0.0286,-4.8653,1.7208,-0.9178,-5.2695,-3.2133,-0.0593
423.00,-5.0059,-3.2732,0.1724,-4.8018,1.6523,-0.7654,-5.1761,-3.2100,0.0931
423.50,-4.8855,-3.2515,0.1329,-4.7067,1.5609,-0.7930,-4.9950,-3.1217,0.1075
424.00,-4.7561,-3.2392,-0.0560,-4.6217,1.4577,-0.9812,-4.8714,-3.1257,-0.0877
424.50,-4.6267,-3.2442,-0.0982,-4.5539,1.3474,-1.0326,-4.7429,-3.1248,-0.1391
425.00,-4.4970,-3.2512,-0.0273,-4.4852,1.2408,-0.9622,-4.6168,-3.1353,-0.0687
425.50,-4.3670,-3.2490,0.0170,-4.4102,1.1386,-0.9183,-4.4829,-3.1410,-0.0249
426.00,-4.2370,-3.2426,0.0357,-4.3252,1.0297,-0.9007,-4.3520,-3.1429,-0.0073
426.50,-4.1071,-3.2384,0.0243,-4.2429,0.9252,-0.9139,-4.2190,-3.1445,-0.0179
427.00,-3.9772,-3.2314,0.0466,-4.1620,0.8230,-0.8907,-4.0886,-3.1452,0.0062
427.50,-3.8473,-3.2250,0.0472,-4.0759,0.7169,-0.8898,-3.9521,-3.1441,0.0071
428.00,-3.7175,-3.2194,0.0448,-3.9928,0.6139,-0.8930,-3.8297,-3.1434,0.0039
428.50,-3.5876,-3.2142,0.0420,-3.9114,0.5125,-0.8961,-3.6996,-3.1431,0.0008
429.00,-3.4577,-3.2098,0.0325,-3.8266,0.4059,-0.9058,-3.5634,-3.1357,-0.0054
429.50,-3.3278,-3.2071,0.0320,-3.7452,0.3000,-0.9108,-3.4302,-3.1442,-0.0103
430.00,-3.1979,-3.1997,0.0458,-3.6605,0.1928,-0.8961,-3.3035,-3.1444,0.0043
430.50,-3.0680,-3.1957,0.0248,-3.5810,0.0921,-0.9193,-3.1752,-3.1375,-0.0189
431.00,-2.9380,-3.1936,0.0190,-3.4997,-0.0149,-0.9283,-3.0409,-3.1478,-0.0244
431.50,-2.8081,-3.1866,0.0570,-3.4220,-0.1145,-0.8896,-2.9145,-3.1487,0.0169
432.00,-2.6783,-3.1790,0.0557,-3.3400,-0.2151,-0.8894,-2.7848,-3.1358,0.0145
432.50,-2.5484,-3.1748,0.0388,-3.2539,-0.3253,-0.9101,-2.6450,-3.1464,-0.0027
433.00,-2.4186,-3.1671,0.0507,-3.1766,-0.4233,-0.8971,-2.5301,-3.1458,0.0103
433.50,-2.2887,-3.1615,0.0456,-3.0962,-0.5243,-0.9028,-2.3911,-3.1447,0.0046
434.00,-2.1588,-3.1561,0.0441,-3.0128,-0.6308,-0.9069,-2.2558,-3.1446,0.0005
434.50,-2.0289,-3.1526,0.0148,-2.9296,-0.7388,-0.9368,-2.1294,-3.1358,-0.0259
435.00,-1.8989,-3.1520,0.0121,-2.8533,-0.8449,-0.9462,-1.9989,-3.1511,-0.0318
435.50,-1.7690,-3.1444,0.0463,-2.7758,-0.9471,-0.9074,-1.8706,-3.1421,0.0069
436.00,-1.6391,-3.1407,0.0400,-2.6941,-1.0553,-0.9173,-1.7450,-3.1430,-0.0064
436.50,-1.5092,-3.1380,0.0136,-2.6108,-1.1656,-0.9420,-1.6042,-3.1448,-0.0277
437.00,-1.3792,-3.1399,0.0072,-2.5326,-1.2762,-0.9544,-1.4715,-3.1504,-0.0400
437.50,-1.2492,-3.1352,0.0309,-2.4567,-1.3785,-0.9247,-1.3541,-3.1530,-0.0068
438.00,-1.1193,-3.1365,0.0023,-2.3781,-1.4857,-0.9527,-1.2113,-3.1557,-0.0348
438.50,-0.9893,-3.1375,0.0025,-2.3008,-1.5953,-0.9566,-1.0872,-3.1709,-0.0432
439.00,-0.8593,-3.1348,0.0212,-2.2210,-1.7049,-0.9360,-0.9517,-3.1749,-0.0217
439.50,-0.7294,-3.1291,0.0409,-2.1432,-1.8063,-0.9141,-0.8339,-3.1748,-0.0032
440.00,-0.5994,-3.1299,-0.0292,-2.0641,-1.9139,-0.9818,-0.6904,-3.1683,-0.0674
440.50,-0.4697,-3.1398,-0.0956,-1.9956,-2.0239,-1.0450,-0.5687,-3.1907,-0.1357
441.00,-0.3411,-3.1588,-0.1981,-1.9384,-2.1345,-1.1499,-0.4490,-3.2137,-0.2391
441.50,-0.2140,-3.1844,-0.2025,-1.8866,-2.2546,-1.1579,-0.3123,-3.2464,-0.2470
442.00,-0.0869,-3.2132,-0.2424,-1.8352,-2.3749,-1.1935,-0.1859,-3.2795,-0.2826
442.50,0.0393,-3.2441,-0.2098,-1.7875,-2.4963,-1.1702,-0.0606,-3.3160,-0.2628
443.00,0.1673,-3.2670,-0.1705,-1.7313,-2.6163,-1.1226,0.0586,-3.3455,-0.2152
443.50,0.2943,-3.2946,-0.2694,-1.6783,-2.7393,-1.2209,0.1982,-3.3792,-0.3135
444.00,0.4183,-3.3314,-0.3296,-1.6368,-2.8680,-1.2866,0.3151,-3.4259,-0.3757
444.50,0.5418,-3.3709,-0.2751,-1.5974,-2.9984,-1.2405,0.4350,-3.4675,-0.3296
445.00,0.6687,-3.4016,-0.1753,-1.5474,-3.1187,-1.1360,0.5579,-3.4992,-0.2216
445.50,0.7964,-3.4280,-0.2118,-1.4922,-3.2415,-1.1696,0.6961,-3.5382,-0.2527
446.00,0.9225,-3.4634,-0.2750,-1.4456,-3.3640,-1.2364,0.8044,-3.5782,-0.3221
446.50,1.0474,-3.4997,-0.2613,-1.4034,-3.4876,-1.2255,0.9381,-3.6202,-0.3102
447.00,1.1732,-3.5328,-0.2663,-1.3582,-3.6107,-1.2262,1.0632,-3.6693,-0.3118
447.50,1.2987,-3.5662,-0.2524,-1.3150,-3.7305,-1.2129,1.1845,-3.6981,-0.3020
448.00,1.4240,-3.6031,-0.2918,-1.2712,-3.8541,-1.2505,1.3090,-3.7394,-0.3362
448.50,1.5474,-3.6467,-0.3323,-1.2327,-3.9823,-1.2960,1.4341,-3.7970,-0.3841
449.00,1.6712,-3.6847,-0.2931,-1.1922,-4.1140,-1.2573,1.5629,-3.8457,-0.3429
449.50,1.7965,-3.7175,-0.2529,-1.1490,-4.2373,-1.2152,1.6770,-3.8870,-0.3017
450.00,1.9217,-3.7539,-0.2852,-1.1067,-4.3592,-1.2524,1.7993,-3.9178,-0.3380
450.50,2.0294,-3.7845,-0.2323,-1.0688,-4.4653,-1.2006,1.9164,-3.9529,-0.2828
451.00,2.0789,-3.7993,-0.1868,-1.0469,-4.5189,-1.1558,1.9624,-3.9776,-0.2414
451.50,2.0818,-3.8021,-0.1393,-1.0437,-4.5261,-1.1092,1.9701,-3.9794,-0.1949
452.00,2.0818,-3.7965,-0.0897,-1.0458,-4.5223,-1.0604,1.9657,-3.9787,-0.1460
452.50,2.0818,-3.7890,-0.0382,-1.0494,-4.5162,-1.0104,1.9587,-3.9779,-0.0960
453.00,2.0818,-3.7810,0.0151,-1.0517,-4.5127,-0.9584,1.9545,-3.9776,-0.0440
453.50,2.0818,-3.7733,0.0674,-1.0470,-4.5190,-0.9070,1.9624,-3.9777,0.0073
454.00,2.0818,-3.7660,0.1178,-1.0420,-4.5251,-0.8578,1.9703,-3.9775,0.0566
454.50,2.0818,-3.7592,0.1665,-1.0381,-4.5295,-0.8099,1.9762,-3.9770,0.1045
455.00,2.0818,-3.7529,0.2135,-1.0339,-4.5337,-0.7637,1.9821,-3.9763,0.1507
455.50,2.0837,-3.7469,0.2640,-1.0287,-4.5385,-0.7178,1.9890,-3.9751,0.1966
456.00,2.1288,-3.7334,0.3833,-0.9940,-4.5652,-0.6052,2.0314,-3.9638,0.3092
456.50,2.2282,-3.6947,0.4670,-0.9078,-4.6190,-0.5224,2.1069,-3.8703,0.4164
457.00,2.3347,-3.6363,0.6244,-0.7946,-4.6751,-0.3732,2.2190,-3.8220,0.5621
457.50,2.3975,-3.5794,0.8412,-0.7135,-4.6977,-0.1582,2.2855,-3.7705,0.7806
458.00,2.4553,-3.4934,1.0663,-0.6091,-4.7033,0.0644,2.3518,-3.6897,1.0067
458.50,2.5037,-3.3749,1.2497,-0.4823,-4.6822,0.2519,2.4385,-3.4515,1.2162
459.00,2.5424,-3.2501,1.3018,-0.3524,-4.6431,0.3100,2.4797,-3.3255,1.2754
459.50,2.5824,-3.1260,1.2254,-0.2283,-4.6077,0.2345,2.5209,-3.2046,1.1991
460.00,2.6282,-3.0042,1.2120,-0.1052,-4.5802,0.2173,2.5719,-3.0865,1.1827
460.50,2.6764,-2.8828,1.1928,0.0263,-4.5519,0.1991,2.6234,-2.9623,1.1645
461.00,2.7228,-2.7617,1.2068,0.1539,-4.5256,0.2122,2.6745,-2.8374,1.1764
461.50,2.7727,-2.6407,1.1816,0.2853,-4.4985,0.1878,2.7284,-2.7184,1.1524
462.00,2.8220,-2.5204,1.2023,0.4180,-4.4735,0.2059,2.7840,-2.5951,1.1693
462.50,2.8688,-2.3990,1.1897,0.5474,-4.4459,0.1971,2.8323,-2.4775,1.1628
463.00,2.9184,-2.2787,1.1953,0.6801,-4.4206,0.2001,2.8888,-2.3515,1.1624
463.50,2.9663,-2.1577,1.1886,0.8102,-4.3937,0.1957,2.9409,-2.2402,1.1584
464.00,3.0146,-2.0370,1.2103,0.9414,-4.3678,0.2159,2.9945,-2.1177,1.1781
464.50,3.0606,-1.9153,1.1924,1.0701,-4.3390,0.2046,3.0344,-1.9956,1.1669
465.00,3.1137,-1.7961,1.1522,1.1978,-4.3168,0.1588,3.0988,-1.8780,1.1175
465.50,3.1623,-1.6762,1.1857,1.3240,-4.2938,0.1949,3.1526,-1.7716,1.1572
466.00,3.2152,-1.5565,1.1399,1.4599,-4.2691,0.1521,3.2100,-1.6359,1.1143
466.50,3.2770,-1.4403,1.0778,1.5919,-4.2536,0.0854,3.2727,-1.5288,1.0476
467.00,3.3393,-1.3260,1.0880,1.7242,-4.2429,0.0907,3.3396,-1.4241,1.0530
467.50,3.3939,-1.2086,1.1524,1.8514,-4.2261,0.1594,3.3988,-1.3103,1.1251
468.00,3.4485,-1.0903,1.1382,1.9779,-4.2068,0.1453,3.4547,-1.1952,1.1075
468.50,3.5029,-0.9721,1.1352,2.1064,-4.1877,0.1404,3.5125,-1.0789,1.1061
469.00,3.5587,-0.8545,1.1367,2.2369,-4.1698,0.1389,3.5721,-0.9514,1.1046
469.50,3.6113,-0.7360,1.1477,2.3662,-4.1499,0.1556,3.6292,-0.8437,1.1213
470.00,3.6682,-0.6182,1.1282,2.4948,-4.1315,0.1334,3.6873,-0.7275,1.0991
470.50,3.7220,-0.5001,1.1348,2.6250,-4.1123,0.1447,3.7457,-0.6096,1.1104
471.00,3.7829,-0.3843,1.0452,2.7579,-4.0975,0.0596,3.8088,-0.4917,1.0218
471.50,3.8528,-0.2757,0.9280,2.8840,-4.0976,-0.0631,3.8813,-0.3884,0.9026
472.00,3.9356,-0.1761,0.8057,3.0187,-4.1143,-0.1887,3.9716,-0.2871,0.7770
472.50,4.0307,-0.0870,0.7176,3.1442,-4.1453,-0.2826,4.0687,-0.2017,0.6866
473.00,4.1266,-0.0024,0.7480,3.2653,-4.1803,-0.2590,4.1663,-0.1220,0.7137
473.50,4.2035,0.0775,0.8952,3.3794,-4.2035,-0.1149,4.2497,-0.0408,0.8578
474.00,4.2359,0.1178,0.9867,3.4348,-4.2073,-0.0194,4.2813,-0.0045,0.9542
474.50,4.2367,0.1201,1.0229,3.4390,-4.2074,0.0158,4.2863,-0.0037,0.9885
475.00,4.2344,0.1200,1.0602,3.4361,-4.2075,0.0519,4.2848,-0.0061,1.0246
475.50,4.2418,0.1517,1.1798,3.4625,-4.2048,0.1604,4.2975,0.0173,1.1331
476.00,4.2608,0.2448,1.2887,3.5531,-4.1833,0.2755,4.3217,0.1236,1.2587
476.50,4.2979,0.3577,1.2387,3.6754,-4.1494,0.2373,4.3509,0.2444,1.2179
477.00,4.3430,0.4554,1.0452,3.7790,-4.1334,0.0465,4.3953,0.3293,1.0262
477.50,4.4104,0.5609,0.8958,3.9023,-4.1386,-0.1104,4.4710,0.4360,0.8684
478.00,4.4826,0.6476,0.8785,4.0167,-4.1537,-0.1338,4.5449,0.5151,0.8459
478.50,4.5442,0.7299,0.9892,4.1136,-4.1628,-0.0297,4.6064,0.6005,0.9500
479.00,4.5975,0.8415,1.1833,4.2424,-4.1537,0.1657,4.6706,0.7126,1.1454
479.50,4.6413,0.9640,1.2580,4.3665,-4.1265,0.2462,4.7073,0.8306,1.2293
480.00,4.6852,1.0801,1.1761,4.4878,-4.0993,0.1698,4.7616,0.9467,1.1495
480.50,4.7342,1.1745,1.0626,4.5995,-4.0871,0.0507,4.8133,1.0466,1.0269
481.00,4.7560,1.2121,1.0789,4.6488,-4.0847,0.0633,4.8393,1.0786,1.0429
481.50,4.7558,1.2131,1.1175,4.6505,-4.0846,0.1004,4.8401,1.0800,1.0801
482.00,4.7522,1.2130,1.1574,4.6468,-4.0851,0.1390,4.8385,1.0767,1.1187
482.50,4.7482,1.2130,1.1983,4.6417,-4.0859,0.1791,4.8363,1.0720,1.1588
483.00,4.7436,1.2130,1.2405,4.6360,-4.0871,0.2202,4.8341,1.0666,1.1999
483.50,4.7386,1.2129,1.2838,4.6316,-4.0882,0.2628,4.8326,1.0623,1.2425
484.00,4.7331,1.2129,1.3285,4.6266,-4.0896,0.3064,4.8310,1.0574,1.2860
484.50,4.7310,1.2129,1.3376,4.6244,-4.0904,0.3178,4.8304,1.0552,1.2975
485.00,4.7364,1.2129,1.2927,4.6293,-4.0889,0.2718,4.8319,1.0600,1.2515
485.50,4.7415,1.2130,1.2490,4.6335,-4.0878,0.2269,4.8333,1.0641,1.2066
486.00,4.7461,1.2130,1.2066,4.6386,-4.0867,0.1841,4.8353,1.0690,1.1638
486.50,4.7505,1.2149,1.1607,4.6427,-4.0861,0.1402,4.8370,1.0727,1.1199
487.00,4.7656,1.2574,1.0372,4.6832,-4.0830,0.0181,4.8571,1.1081,0.9978
487.50,4.8215,1.3483,0.9184,4.7887,-4.0873,-0.0992,4.9104,1.2100,0.8926
488.00,4.9074,1.4451,0.7569,4.9160,-4.1104,-0.2631,4.9896,1.3065,0.7305
488.50,5.0059,1.5301,0.6868,5.0444,-4.1512,-0.3377,5.1038,1.3846,0.6525
489.00,5.1009,1.6086,0.7163,5.1654,-4.1936,-0.3149,5.1956,1.4598,0.6753
489.50,5.1607,1.6670,0.8707,5.2502,-4.2159,-0.1671,5.2609,1.5183,0.8266
490.00,5.2113,1.7394,1.1030,5.3415,-4.2209,0.0621,5.3246,1.5823,1.0523
490.50,5.2532,1.8301,1.3796,5.4398,-4.2015,0.3338,5.3525,1.6822,1.3275
491.00,5.2852,1.9557,1.6623,5.5570,-4.1412,0.6228,5.3730,1.8059,1.6183
491.50,5.2816,2.0839,1.7877,5.6615,-4.0533,0.7541,5.3885,1.9313,1.7478
492.00,5.2529,2.2106,1.8049,5.7559,-3.9629,0.7677,5.3817,2.0497,1.7649
492.50,5.2159,2.3358,1.8795,5.8520,-3.8630,0.8452,5.3426,2.1847,1.8423
493.00,5.1788,2.4601,1.8251,5.9372,-3.7693,0.7974,5.3099,2.2970,1.7946
493.50,5.1510,2.5873,1.7499,6.0352,-3.6788,0.7117,5.2875,2.4285,1.7123
494.00,5.1233,2.7144,1.8445,6.1305,-3.5918,0.7984,5.2656,2.5630,1.7990
494.50,5.0865,2.8368,1.9672,6.2121,-3.4953,0.9264,5.2286,2.6865,1.9305
495.00,5.0495,2.9237,1.9613,6.2711,-3.4151,0.9259,5.2027,2.7794,1.9300
495.50,5.0353,2.9534,1.9207,6.2912,-3.3890,0.8868,5.1809,2.8100,1.8874
496.00,5.0368,2.9534,1.8780,6.2903,-3.3901,0.8435,5.1813,2.8087,1.8441
496.50,5.0421,2.9534,1.8340,6.2870,-3.3935,0.7986,5.1824,2.8042,1.7992
497.00,5.0479,2.9533,1.7885,6.2822,-3.3982,0.7520,5.1838,2.7976,1.7526
497.50,5.0541,2.9533,1.7416,6.2785,-3.4015,0.7042,5.1846,2.7927,1.7048
498.00,5.0609,2.9533,1.6932,6.2735,-3.4055,0.6550,5.1853,2.7863,1.6557
498.50,5.0681,2.9533,1.6429,6.2677,-3.4097,0.6040,5.1857,2.7791,1.6047
499.00,5.0758,2.9533,1.5908,6.2612,-3.4140,0.5507,5.1857,2.7714,1.5513
499.50,5.0838,2.9533,1.5374,6.2619,-3.4137,0.4966,5.1859,2.7721,1.4972
500.00,5.0914,2.9533,1.4858,6.2693,-3.4099,0.4437,5.1867,2.7804,1.4443
500.50,5.0985,2.9533,1.4360,6.2763,-3.4068,0.3929,5.1878,2.7880,1.3935
501.00,5.1051,2.9533,1.3879,6.2835,-3.4040,0.3441,5.1894,2.7955,1.3448
501.50,5.1112,2.9533,1.3414,6.2898,-3.4019,0.2963,5.1910,2.8019,1.2969
502.00,5.1169,2.9534,1.2963,6.2951,-3.4004,0.2503,5.1926,2.8072,1.2509
502.50,5.1220,2.9534,1.2526,6.3000,-3.3993,0.2060,5.1943,2.8120,1.2066
503.00,5.1267,2.9534,1.2101,6.3047,-3.3984,0.1626,5.1961,2.8165,1.1632
503.50,5.1309,2.9535,1.1688,6.3092,-3.3977,0.1204,5.1980,2.8205,1.1211
504.00,5.1346,2.9535,1.1287,6.3136,-3.3973,0.0788,5.2000,2.8245,1.0794
504.50,5.1378,2.9536,1.0896,6.3170,-3.3971,0.0384,5.2619,2.8119,1.0492
505.00,5.1472,2.9737,1.0007,6.3391,-3.3972,-0.0434,5.2958,2.8249,0.9712
505.50,5.1964,3.0409,0.8120,6.4208,-3.4089,-0.2344,5.3489,2.8880,0.7802
506.00,5.2909,3.1284,0.7050,6.5443,-3.4470,-0.3483,5.4467,2.9725,0.6688
506.50,5.3902,3.2122,0.7088,6.6727,-3.4946,-0.3484,5.5447,3.0468,0.6697
507.00,5.4881,3.2978,0.7229,6.8019,-3.5401,-0.3321,5.6513,3.1328,0.6860
507.50,5.5870,3.3821,0.6761,6.9254,-3.5850,-0.3766,5.7543,3.2144,0.6415
508.00,5.6902,3.4606,0.6399,7.0503,-3.6381,-0.4156,5.8653,3.2926,0.6050
508.50,5.7974,3.5340,0.5478,7.1711,-3.6972,-0.5089,5.9687,3.3547,0.5092
509.00,5.9095,3.6003,0.5359,7.2801,-3.7609,-0.5278,6.0803,3.4138,0.4938
509.50,6.0067,3.6669,0.6568,7.3901,-3.8188,-0.4141,6.1873,3.4871,0.6109
510.00,6.0706,3.7275,0.8664,7.4724,-3.8457,-0.2063,6.2519,3.5445,0.8188
510.50,6.1254,3.8186,1.0863,7.5793,-3.8562,0.0107,6.3165,3.6302,1.0393
511.00,6.1710,3.9382,1.2627,7.7082,-3.8437,0.1847,6.3623,3.7470,1.2133
511.50,6.2078,4.0649,1.4397,7.8378,-3.8075,0.3618,6.3984,3.8766,1.3939
512.00,6.2355,4.1945,1.6238,7.9630,-3.7480,0.5406,6.4222,4.0144,1.5797
512.50,6.2355,4.3236,1.7282,8.0705,-3.6734,0.6504,6.4325,4.1351,1.6860
513.00,6.2166,4.4498,1.8688,8.1699,-3.5893,0.7821,6.4207,4.2535,1.8142
513.50,6.1859,4.5612,2.1067,8.2444,-3.4955,1.0174,6.3886,4.3655,2.0530
514.00,6.1170,4.6637,2.3001,8.2998,-3.3828,1.2110,6.3302,4.4708,2.2501
514.50,6.0240,4.7528,2.4409,8.3352,-3.2608,1.3564,6.2528,4.5631,2.3919
515.00,5.9225,4.8332,2.4925,8.3600,-3.1294,1.4073,6.1528,4.6517,2.4463
515.50,5.8465,4.8896,2.5273,8.3742,-3.0339,1.4414,6.0778,4.7126,2.4839
516.00,5.8204,4.9083,2.5626,8.3782,-2.9998,1.4756,6.0500,4.7327,2.5147
516.50,5.8204,4.9068,2.5990,8.3782,-3.0011,1.5114,6.0511,4.7321,2.5505
517.00,5.8205,4.9044,2.6364,8.3781,-3.0035,1.5476,6.0531,4.7308,2.5867
517.50,5.8205,4.9014,2.6749,8.3781,-3.0070,1.5855,6.0562,4.7290,2.6245
518.00,5.8206,4.8980,2.7143,8.3783,-3.0103,1.6236,6.0591,4.7274,2.6626
518.50,5.8206,4.8941,2.7549,8.3785,-3.0138,1.6632,6.0622,4.7259,2.7023
519.00,5.8207,4.8898,2.7966,8.3790,-3.0177,1.7036,6.0658,4.7243,2.7427
519.50,5.8207,4.8849,2.8395,8.3798,-3.0230,1.7452,6.0708,4.7224,2.7843
520.00,5.8207,4.8796,2.8838,8.3807,-3.0273,1.7892,6.0749,4.7209,2.8282
520.50,5.8208,4.8737,2.9294,8.3822,-3.0337,1.8340,6.0812,4.7190,2.8730
521.00,5.8208,4.8674,2.9765,8.3838,-3.0392,1.8799,6.0868,4.7176,2.9190
521.50,5.8208,4.8606,3.0251,8.3861,-3.0458,1.9280,6.0937,4.7162,2.9670
522.00,5.8208,4.8533,3.0756,8.3889,-3.0528,1.9773,6.1011,4.7151,3.0163
522.50,5.8208,4.8456,3.1280,8.3916,-3.0585,2.0281,6.1074,4.7145,3.0671
523.00,5.8208,4.8384,-3.1072,8.3909,-3.0573,2.0751,6.1060,4.7145,3.1141
523.50,5.8208,4.8327,-3.0683,8.3880,-3.0523,2.1128,6.1002,4.7145,-3.1313
524.00,5.8208,4.8272,-3.0305,8.3847,-3.0471,2.1497,6.0941,4.7144,-3.0944
524.50,5.8208,4.8220,-2.9937,8.3822,-3.0434,2.1855,6.0895,4.7141,-3.0586
525.00,5.8208,4.8171,-2.9578,8.3793,-3.0395,2.2206,6.0848,4.7136,-3.0236
525.50,5.8208,4.8125,-2.9228,8.3773,-3.0370,2.2547,6.0816,4.7132,-2.9894
526.00,5.8207,4.8081,-2.8886,8.3739,-3.0329,2.2877,6.0764,4.7123,-2.9565
526.50,5.8207,4.8040,-2.8552,8.3713,-3.0300,2.3198,6.0725,4.7115,-2.9243
527.00,5.8207,4.8002,-2.8226,8.3690,-3.0276,2.3521,6.0693,4.7107,-2.8920
527.50,5.8207,4.7967,-2.7906,8.3663,-3.0250,2.3830,6.0656,4.7097,-2.8612
528.00,5.8206,4.7934,-2.7593,8.3637,-3.0226,2.4136,6.0623,4.7087,-2.8305
528.50,5.8206,4.7904,-2.7287,8.3608,-3.0200,2.4432,6.0586,4.7075,-2.8009
529.00,5.8206,4.7877,-2.6987,8.3589,-3.0185,2.4724,6.0563,4.7066,-2.7717
529.50,5.8205,4.7852,-2.6693,8.3569,-3.0169,2.5010,6.0540,4.7057,-2.7431
530.00,5.8205,4.7830,-2.6405,8.3543,-3.0151,2.5287,6.0510,4.7044,-2.7154
530.50,5.8205,4.7811,-2.6123,8.3529,-3.0141,2.5559,6.0495,4.7037,-2.6883
531.00,5.8204,4.7794,-2.5846,8.3515,-3.0132,2.5828,6.0480,4.7029,-2.6613
531.50,5.8204,4.7780,-2.5575,8.3501,-3.0123,2.6092,6.0465,4.7021,-2.6349
532.00,5.8203,4.7769,-2.5309,8.3487,-3.0115,2.6351,6.0451,4.7013,-2.6090
532.50,5.8203,4.7760,-2.5048,8.3476,-3.0110,2.6606,6.0441,4.7007,-2.5835
533.00,5.8203,4.7753,-2.4792,8.3465,-3.0104,2.6853,6.0431,4.7001,-2.5588
533.50,5.8202,4.7749,-2.4541,8.3463,-3.0103,2.7097,6.0428,4.6999,-2.5344
534.00,5.8202,4.7748,-2.4295,8.3460,-3.0102,2.7333,6.0426,4.6997,-2.5108
534.50,5.8202,4.7748,-2.4051,8.3460,-3.0102,2.7573,6.0426,4.6997,-2.4868
535.00,5.8204,4.7749,-2.3802,8.3464,-3.0103,2.7811,6.0429,4.7000,-2.4630
535.50,5.8205,4.7749,-2.3546,8.3464,-3.0103,2.8057,6.0430,4.7000,-2.4384
536.00,5.8205,4.7751,-2.3329,8.3465,-3.0104,2.8262,6.0430,4.7001,-2.4179
536.50,5.8204,4.7754,-2.3035,8.3471,-3.0105,2.8546,6.0435,4.7005,-2.3895
537.00,5.8204,4.7755,-2.2710,8.3473,-3.0106,2.8857,6.0437,4.7007,-2.3584
537.50,5.8209,4.7756,-2.2378,8.3479,-3.0107,2.9178,6.0441,4.7011,-2.3263
538.00,5.8217,4.7757,-2.2037,8.3489,-3.0109,2.9511,6.0447,4.7018,-2.2930
538.50,5.8230,4.7757,-2.1687,8.3502,-3.0112,2.9845,6.0456,4.7028,-2.2596
539.00,5.8248,4.7758,-2.1328,8.3519,-3.0114,3.0193,6.0467,4.7042,-2.2248
539.50,5.8270,4.7758,-2.0959,8.3543,-3.0117,3.0554,6.0481,4.7061,-2.1887
540.00,5.8296,4.7759,-2.0580,8.3572,-3.0119,3.0922,6.0497,4.7085,-2.1519
540.50,5.8328,4.7759,-2.0191,8.3600,-3.0120,3.1293,6.0512,4.7108,-2.1149
541.00,5.8364,4.7759,-1.9791,8.3640,-3.0119,-3.1149,6.0533,4.7144,-2.0758
541.50,5.8405,4.7760,-1.9380,8.3666,-3.0118,-3.0752,6.0545,4.7166,-2.0362
542.00,5.8451,4.7760,-1.8957,8.3727,-3.0113,-3.0340,6.0571,4.7221,-1.9949
542.50,5.8502,4.7761,-1.8522,8.3778,-3.0106,-2.9910,6.0591,4.7269,-1.9519
543.00,5.8558,4.7761,-1.8074,8.3846,-3.0095,-2.9465,6.0616,4.7334,-1.9075
543.50,5.8615,4.7761,-1.7634,8.3904,-3.0082,-2.9043,6.0634,4.7390,-1.8652
544.00,5.8664,4.7761,-1.7278,8.3946,-3.0071,-2.8694,6.0646,4.7432,-1.8303
544.50,5.8715,4.7761,-1.6912,8.3996,-3.0056,-2.8335,6.0658,4.7482,-1.7944
545.00,5.8769,4.7762,-1.6537,8.4050,-3.0037,-2.7968,6.0670,4.7539,-1.7578
545.50,5.8826,4.7762,-1.6151,8.4105,-3.0017,-2.7598,6.0680,4.7596,-1.7207
546.00,5.8885,4.7762,-1.5753,8.4161,-2.9993,-2.7207,6.1066,4.6072,-1.6223
546.50,5.8944,4.7762,-1.5353,8.4127,-3.0009,-2.6820,6.1065,4.6034,-1.5836
547.00,5.9001,4.7762,-1.4965,8.4065,-3.0041,-2.6439,6.1065,4.5965,-1.5455
547.50,5.9056,4.7761,-1.4587,8.4028,-3.0062,-2.6067,6.1067,4.5922,-1.5083
548.00,5.9108,4.7761,-1.4219,8.3987,-3.0088,-2.5709,6.1071,4.5873,-1.4725
548.50,5.9157,4.7761,-1.3861,8.3957,-3.0108,-2.5362,6.1075,4.5838,-1.4379
549.00,5.9203,4.7761,-1.3511,8.3921,-3.0133,-2.5024,6.1082,4.5794,-1.4040
549.50,5.9247,4.7761,-1.3169,8.3880,-3.0165,-2.4691,6.1091,4.5743,-1.3707
550.00,5.9288,4.7761,-1.2835,8.3851,-3.0189,-2.4362,6.1099,4.5707,-1.3378
550.50,5.9326,4.7760,-1.2509,8.3817,-3.0218,-2.4042,6.1110,4.5663,-1.3058
551.00,5.9361,4.7760,-1.2189,8.3795,-3.0239,-2.3736,6.1119,4.5634,-1.2752
551.50,5.9394,4.7760,-1.1877,8.3777,-3.0257,-2.3435,6.1126,4.5610,-1.2451
552.00,5.9424,4.7759,-1.1571,8.3757,-3.0278,-2.3139,6.1136,4.5583,-1.2155
552.50,5.9457,4.7759,-1.1192,8.3739,-3.0299,-2.2769,6.1146,4.5556,-1.1785
553.00,5.9496,4.7723,-1.0718,8.3698,-3.0349,-2.2351,6.1741,4.5885,-1.1193
553.50,5.9734,4.7266,-0.9619,8.3419,-3.0755,-2.1265,6.1983,4.5456,-1.0107
554.00,6.0396,4.6337,-0.9492,8.2826,-3.1744,-2.1093,6.2603,4.4483,-0.9829
554.50,6.1114,4.5260,-1.0158,8.2133,-3.2840,-2.1740,6.3295,4.3387,-1.0512
555.00,6.1742,4.4134,-1.0882,8.1339,-3.3917,-2.2442,6.3823,4.2206,-1.1283
555.50,6.2284,4.2979,-1.2821,8.0440,-3.4882,-2.4281,6.4289,4.0971,-1.3053
556.00,6.2745,4.1756,-1.5625,7.9367,-3.5572,-2.7113,6.4536,3.9917,-1.5914
556.50,6.2875,4.0462,-1.7226,7.8102,-3.6011,-2.8805,6.4585,3.8570,-1.7630
557.00,6.2741,3.9188,-1.8307,7.6803,-3.6296,-2.9893,6.4506,3.7362,-1.8686
557.50,6.2450,3.7951,-1.9236,7.5502,-3.6426,-3.0864,6.4166,3.6124,-1.9590
558.00,6.2007,3.6741,-1.9665,7.4219,-3.6468,-3.1289,6.3790,3.4950,-2.0013
558.50,6.1476,3.5556,-2.0077,7.3014,-3.6449,3.1081,6.3256,3.3869,-2.0475
559.00,6.0976,3.4362,-1.9380,7.1632,-3.6443,-3.1062,6.2599,3.2526,-1.9769
559.50,6.0545,3.3142,-1.9001,7.0339,-3.6510,-3.0665,6.2186,3.1427,-1.9371
560.00,6.0108,3.1914,-1.9326,6.9007,-3.6604,-3.0942,6.1703,3.0182,-1.9648
560.50,5.9595,3.0712,-1.9733,6.7728,-3.6626,-3.1401,6.1181,2.9066,-2.0125
561.00,5.9112,2.9509,-1.9579,6.6430,-3.6644,-3.1255,6.0640,2.7886,-1.9979
561.50,5.8577,2.8315,-1.9914,6.5098,-3.6639,3.1225,6.0062,2.6632,-2.0279
562.00,5.8063,2.7123,-1.9830,6.3776,-3.6627,3.1319,5.9491,2.5441,-2.0184
562.50,5.7490,2.5946,-2.0305,6.2376,-3.6577,3.0820,5.8848,2.4295,-2.0649
563.00,5.6879,2.4787,-2.0575,6.1110,-3.6487,3.0561,5.8235,2.3230,-2.0925
563.50,5.6219,2.3650,-2.0993,5.9828,-3.6350,3.0113,5.7570,2.2070,-2.1373
564.00,5.5575,2.2525,-2.0886,5.8537,-3.6187,3.0215,5.6831,2.0959,-2.1254
564.50,5.4918,2.1399,-2.0999,5.7217,-3.6018,3.0076,5.6164,1.9877,-2.1375
565.00,5.4240,2.0281,-2.1265,5.5962,-3.5843,2.9842,5.5494,1.8812,-2.1609
565.50,5.3513,1.9191,-2.1615,5.4654,-3.5606,2.9468,5.4630,1.7769,-2.1966
566.00,5.2757,1.8126,-2.2164,5.3299,-3.5312,2.8943,5.3842,1.6637,-2.2478
566.50,5.1930,1.7115,-2.2847,5.2013,-3.4938,2.8235,5.2967,1.5711,-2.3187
567.00,5.1042,1.6161,-2.3780,5.0799,-3.4491,2.7350,5.2069,1.4798,-2.4037
567.50,5.0034,1.5324,-2.5547,4.9651,-3.3878,2.5598,5.1007,1.4008,-2.5794
568.00,4.8923,1.4575,-2.7760,4.8626,-3.3046,2.3416,4.9811,1.3366,-2.7971
568.50,4.7713,1.3946,-3.0402,4.7818,-3.1955,2.0774,4.8585,1.2909,-3.0618
569.00,4.6414,1.3692,3.0832,4.7285,-3.0732,1.9085,4.7324,1.2655,3.0499
569.50,4.5120,1.3752,3.0070,4.6881,-2.9455,1.8327,4.6019,1.2602,2.9785
570.00,4.3836,1.3925,2.9832,4.6568,-2.8139,1.7987,4.4732,1.2774,2.9467
570.50,4.2547,1.4069,3.0605,4.6237,-2.6905,1.8751,4.3471,1.2979,3.0230
571.00,4.1248,1.4123,-3.1089,4.5772,-2.5663,1.9911,4.2147,1.3067,3.1409
571.50,3.9950,1.4083,-3.0842,4.5196,-2.4459,2.0228,4.0913,1.3031,-3.1141
572.00,3.8651,1.4069,3.0697,4.4688,-2.3248,1.8927,3.9600,1.3109,3.0372
572.50,3.7369,1.4142,2.8895,4.4366,-2.1938,1.7115,3.8288,1.3327,2.8606
573.00,3.6480,1.4372,2.8393,4.4265,-2.0935,1.6515,3.7380,1.3534,2.7999
573.50,3.6114,1.4508,2.9097,4.4225,-2.0510,1.7128,3.7054,1.3620,2.8652
574.00,3.6093,1.4569,3.0867,4.4209,-2.0430,1.8858,3.7021,1.3639,3.0399
574.50,3.6092,1.4542,-3.0026,4.4199,-2.0405,2.0795,3.6994,1.3639,-3.0496
575.00,3.6092,1.4428,-2.8429,4.4131,-2.0305,2.2417,3.6875,1.3618,-2.8874
575.50,3.6091,1.4359,-2.7816,4.4089,-2.0256,2.3035,3.6813,1.3599,-2.8256
576.00,3.6091,1.4318,-2.7403,4.4059,-2.0223,2.3440,3.6771,1.3585,-2.7851
576.50,3.6090,1.4280,-2.7001,4.4037,-2.0202,2.3837,3.6743,1.3574,-2.7454
577.00,3.6090,1.4248,-2.6610,4.4020,-2.0186,2.4222,3.6721,1.3565,-2.7069
577.50,3.6089,1.4220,-2.6229,4.3991,-2.0162,2.4594,3.6687,1.3548,-2.6697
578.00,3.6089,1.4198,-2.5859,4.3983,-2.0155,2.4955,3.7012,1.3322,-2.6213
578.50,3.6088,1.4179,-2.5498,4.3966,-2.0143,2.5308,3.6994,1.3311,-2.5861
579.00,3.6088,1.4166,-2.5146,4.3954,-2.0134,2.5653,3.6982,1.3303,-2.5516
579.50,3.6087,1.4156,-2.4804,4.3943,-2.0128,2.5991,3.6971,1.3296,-2.5178
580.00,3.6087,1.4151,-2.4470,4.3942,-2.0127,2.6318,3.6970,1.3295,-2.4850
580.50,3.6086,1.4151,-2.4144,4.3941,-2.0126,2.6630,3.6969,1.3294,-2.4539
581.00,3.6089,1.4151,-2.3814,4.3944,-2.0128,2.6952,3.6972,1.3296,-2.4216
581.50,3.6090,1.4152,-2.3524,4.3944,-2.0128,2.7230,3.6972,1.3297,-2.3938
582.00,3.6089,1.4154,-2.3270,4.3945,-2.0128,2.7475,3.6972,1.3297,-2.3694
582.50,3.6089,1.4157,-2.3022,4.3946,-2.0129,2.7716,3.6973,1.3298,-2.3453
583.00,3.6089,1.4158,-2.2778,4.3947,-2.0129,2.7955,3.6974,1.3299,-2.3213
583.50,3.6091,1.4158,-2.2531,4.3950,-2.0130,2.8190,3.6976,1.3301,-2.2978
584.00,3.6095,1.4159,-2.2280,4.3955,-2.0132,2.8433,3.6980,1.3305,-2.2736
584.50,3.6102,1.4159,-2.2023,4.3961,-2.0133,2.8682,3.6984,1.3310,-2.2486
585.00,3.6111,1.4160,-2.1761,4.3967,-2.0135,2.8937,3.6988,1.3315,-2.2232
585.50,3.6123,1.4160,-2.1494,4.3981,-2.0138,2.9196,3.6996,1.3326,-2.1973
586.00,3.6138,1.4160,-2.1221,4.3991,-2.0141,2.9465,3.7002,1.3335,-2.1704
586.50,3.6155,1.4161,-2.0943,4.4016,-2.0145,2.9736,3.7016,1.3356,-2.1433
587.00,3.6175,1.4161,-2.0660,4.4035,-2.0148,3.0018,3.7026,1.3372,-2.1151
587.50,3.6197,1.4161,-2.0371,4.4061,-2.0151,3.0299,3.7040,1.3395,-2.0870
588.00,3.6222,1.4162,-2.0076,4.4081,-2.0153,3.0582,3.7049,1.3412,-2.0586
588.50,3.6250,1.4162,-1.9774,4.4108,-2.0155,3.0875,3.7062,1.3437,-2.0294
589.00,3.6281,1.4162,-1.9467,4.4143,-2.0156,3.1172,3.7076,1.3468,-1.9997
589.50,3.6314,1.4163,-1.9153,4.4180,-2.0157,-3.1349,3.7091,1.3502,-1.9686
590.00,3.6350,1.4163,-1.8832,4.4215,-2.0156,-3.1034,3.7104,1.3535,-1.9371
590.50,3.6389,1.4163,-1.8504,4.4247,-2.0154,-3.0711,3.7116,1.3565,-1.9048
591.00,3.6430,1.4163,-1.8168,4.4291,-2.0150,-3.0384,3.7129,1.3607,-1.8721
591.50,3.6475,1.4164,-1.7825,4.4338,-2.0145,-3.0049,3.7143,1.3652,-1.8386
592.00,3.6522,1.4164,-1.7473,4.4378,-2.0139,-2.9706,3.7153,1.3691,-1.8043
592.50,3.6571,1.4164,-1.7112,4.4437,-2.0128,-2.9354,3.7165,1.3750,-1.7691
593.00,3.6624,1.4164,-1.6742,4.4489,-2.0116,-2.8992,3.7475,1.3313,-1.7085
593.50,3.6679,1.4164,-1.6362,4.4543,-2.0101,-2.8622,3.7482,1.3368,-1.6714
594.00,3.6737,1.4164,-1.5971,4.4611,-2.0080,-2.8236,3.7488,1.3439,-1.6329
594.50,3.6797,1.4164,-1.5569,4.4639,-2.0071,-2.7843,3.7489,1.3469,-1.5936
595.00,3.6855,1.4164,-1.5175,4.4580,-2.0094,-2.7457,3.7489,1.3405,-1.5549
595.50,3.6900,1.4164,-1.4862,4.4539,-2.0113,-2.7111,3.7491,1.3360,-1.5204
596.00,3.6943,1.4164,-1.4400,4.4516,-2.0124,-2.6677,3.7493,1.3335,-1.4769
596.50,3.7010,1.4164,-1.3918,4.4454,-2.0157,-2.6200,3.7501,1.3265,-1.4293
597.00,3.7072,1.4164,-1.3452,4.4400,-2.0190,-2.5740,3.7511,1.3202,-1.3833
597.50,3.7128,1.4163,-1.3000,4.4358,-2.0218,-2.5292,3.7522,1.3153,-1.3384
598.00,3.7181,1.4163,-1.2561,4.4317,-2.0248,-2.4864,3.7534,1.3104,-1.2957
598.50,3.7228,1.4163,-1.2136,4.4280,-2.0278,-2.4450,3.7548,1.3058,-1.2543
599.00,3.7270,1.4162,-1.1722,4.4243,-2.0310,-2.4037,3.7564,1.3012,-1.2129
599.50,3.7307,1.4162,-1.1319,4.4208,-2.0343,-2.3639,3.7582,1.2967,-1.1732
600.00,3.7340,1.4161,-1.0928,4.4185,-2.0366,-2.3254,3.7595,1.2938,-1.1347
600.50,3.7368,1.4161,-1.0547,4.4167,-2.0386,-2.2883,3.7607,1.2913,-1.0976
601.00,3.7391,1.4160,-1.0175,4.4153,-2.0403,-2.2518,3.7617,1.2894,-1.0610
601.50,3.7410,1.4160,-0.9814,4.4142,-2.0416,-2.2166,3.7626,1.2879,-1.0258
602.00,3.7424,1.4159,-0.9462,4.4138,-2.0422,-2.1822,3.7630,1.2873,-0.9915
602.50,3.7433,1.4159,-0.9118,4.4133,-2.0430,-2.1484,3.7635,1.2865,-0.9576
603.00,3.7439,1.4158,-0.8784,4.4131,-2.0433,-2.1154,3.7637,1.2862,-0.9247
603.50,3.7440,1.4158,-0.8458,4.4131,-2.0432,-2.0830,3.7637,1.2863,-0.8923
604.00,3.7439,1.4160,-0.8128,4.4133,-2.0430,-2.0504,3.7635,1.2865,-0.8596
604.50,3.7438,1.4161,-0.7788,4.4133,-2.0429,-2.0173,3.7634,1.2865,-0.8266
605.00,3.7434,1.4161,-0.7451,4.4134,-2.0426,-1.9848,3.7632,1.2868,-0.7940
605.50,3.7432,1.4160,-0.7125,4.4135,-2.0425,-1.9529,3.7631,1.2869,-0.7621
606.00,3.7432,1.4163,-0.6796,4.4136,-2.0421,-1.9208,3.7628,1.2872,-0.7300
606.50,3.7431,1.4169,-0.6458,4.4140,-2.0410,-1.8876,3.7620,1.2879,-0.6969
607.00,3.7431,1.4181,-0.6111,4.4143,-2.0399,-1.8541,3.7610,1.2887,-0.6633
607.50,3.7430,1.4197,-0.5756,4.4146,-2.0389,-1.8196,3.7602,1.2893,-0.6288
608.00,3.7430,1.4217,-0.5390,4.4151,-2.0370,-1.7836,3.7586,1.2904,-0.5929
608.50,3.7429,1.4242,-0.5015,4.4155,-2.0349,-1.7468,3.7568,1.2915,-0.5561
609.00,3.7429,1.4272,-0.4630,4.4160,-2.0316,-1.7093,3.7539,1.2933,-0.5185
609.50,3.7428,1.4306,-0.4234,4.4165,-2.0277,-1.6704,3.7504,1.2952,-0.4796
610.00,3.7428,1.4345,-0.3828,4.4168,-2.0234,-1.6305,3.7466,1.2971,-0.4397
610.50,3.7427,1.4390,-0.3409,4.4170,-2.0196,-1.5895,3.7431,1.2986,-0.3988
611.00,3.7427,1.4439,-0.2979,4.4170,-2.0137,-1.5480,3.7377,1.3008,-0.3573
611.50,3.7557,1.4487,-0.2175,4.4176,-2.0227,-1.4781,3.7463,1.2981,-0.2874
612.00,3.8279,1.4588,-0.0603,4.4304,-2.0925,-1.3239,3.8158,1.2840,-0.1331
612.50,3.9484,1.4623,-0.0161,4.4648,-2.2114,-1.2743,4.0384,1.3604,-0.0487
613.00,4.0242,1.4560,-0.0661,4.4875,-2.2903,-1.3200,4.1203,1.3549,-0.0926
613.50,4.0647,1.4453,-0.1434,4.4966,-2.3310,-1.3951,4.1517,1.3500,-0.1694
614.00,4.1602,1.4312,-0.1261,4.5126,-2.4261,-1.3900,4.2467,1.3232,-0.1679
614.50,4.2898,1.4260,0.0103,4.5470,-2.5620,-1.2547,4.3860,1.3087,-0.0256
615.00,4.4198,1.4269,0.0013,4.5889,-2.6863,-1.2597,4.5073,1.3122,-0.0288
615.50,4.5498,1.4246,-0.0110,4.6292,-2.8155,-1.2728,4.6383,1.3071,-0.0420
616.00,4.6797,1.4275,0.0874,4.6716,-2.9402,-1.1804,4.7656,1.3053,0.0505
616.50,4.8072,1.4393,0.2790,4.7289,-3.0505,-0.9926,4.8892,1.3178,0.2378
617.00,4.9236,1.4665,0.5088,4.8011,-3.1379,-0.7638,5.0011,1.3429,0.4653
617.50,5.0215,1.5284,0.7265,4.8977,-3.2121,-0.5462,5.1131,1.4017,0.6864
618.00,5.1073,1.6176,0.9061,5.0106,-3.2690,-0.3693,5.2039,1.4739,0.8633
618.50,5.1783,1.7249,1.0874,5.1345,-3.3034,-0.1861,5.2798,1.5776,1.0477
619.00,5.2404,1.8445,1.2898,5.2725,-3.3170,0.0114,5.3413,1.7003,1.2447
619.50,5.2940,1.9637,1.5909,5.4057,-3.2966,0.3086,5.3756,1.8240,1.5441
620.00,5.3101,2.0917,1.8357,5.5305,-3.2388,0.5567,5.3943,1.9514,1.7931
620.50,5.2878,2.2077,2.0741,5.6222,-3.1655,0.7981,5.3960,2.0479,2.0301
621.00,5.2237,2.3144,2.2474,5.7046,-3.0633,0.9749,5.3458,2.1659,2.2096
621.50,5.1370,2.4102,2.3667,5.7740,-2.9461,1.0951,5.2638,2.2698,2.3271
622.00,5.0408,2.4970,2.4501,5.8304,-2.8243,1.1776,5.1777,2.3563,2.4085
622.50,4.9386,2.5764,2.4958,5.8786,-2.6993,1.2236,5.0789,2.4401,2.4580
623.00,4.8339,2.6530,2.5123,5.9221,-2.5750,1.2407,4.9759,2.5222,2.4762
623.50,4.7289,2.7298,2.5066,5.9638,-2.4537,1.2343,4.8752,2.5986,2.4710
624.00,4.6242,2.8067,2.5129,6.0079,-2.3279,1.2391,4.7708,2.6785,2.4758
624.50,4.5188,2.8825,2.5193,6.0508,-2.2019,1.2454,4.6655,2.7606,2.4833
625.00,4.4131,2.9579,2.5288,6.0927,-2.0781,1.2512,4.5623,2.8408,2.4902
625.50,4.3066,3.0325,2.5279,6.1321,-1.9585,1.2499,4.4622,2.9173,2.4924
626.00,4.2005,3.1077,2.5368,6.1743,-1.8327,1.2542,4.3568,2.9978,2.4967
626.50,4.0910,3.1766,2.5999,6.2110,-1.7054,1.3193,4.2484,3.0696,2.5635
627.00,3.9803,3.2458,2.5612,6.2462,-1.5734,1.2854,4.1401,3.1407,2.5289
627.50,3.8751,3.3230,2.4740,6.2893,-1.4488,1.1966,4.0359,3.2216,2.4391
628.00,3.7743,3.4054,2.4548,6.3392,-1.3276,1.1744,3.9374,3.3079,2.4169
628.50,3.6726,3.4859,2.4821,6.3855,-1.2123,1.2020,3.8432,3.3891,2.4445
629.00,3.5691,3.5641,2.5086,6.4323,-1.0880,1.2269,3.7406,3.4734,2.4659
629.50,3.4633,3.6389,2.5281,6.4744,-0.9652,1.2470,3.6382,3.5532,2.4895
630.00,3.3572,3.7142,2.5235,6.5169,-0.8398,1.2404,3.5335,3.6341,2.4855
630.50,3.2512,3.7894,2.5237,6.5586,-0.7175,1.2409,3.4308,3.7126,2.4834
631.00,3.1456,3.8656,2.5151,6.6016,-0.5943,1.2301,3.3281,3.7931,2.4761
631.50,3.0398,3.9409,2.5231,6.6461,-0.4659,1.2403,3.2206,3.8762,2.4863
632.00,2.9343,4.0171,2.5145,6.6920,-0.3344,1.2302,3.1206,3.9617,2.4761
632.50,2.8281,4.0917,2.5325,6.7350,-0.2085,1.2490,3.0151,4.0327,2.4950
633.00,2.7224,4.1680,2.5090,6.7776,-0.0851,1.2241,2.9217,4.1125,2.4666
633.50,2.6167,4.2432,2.5282,6.8182,0.0313,1.2447,2.8247,4.1884,2.4872
634.00,2.5108,4.3190,2.5051,6.8640,0.1644,1.2239,2.7107,4.2774,2.4664
634.50,2.4088,4.4003,2.4473,6.9155,0.2933,1.1615,2.6080,4.3650,2.4040
635.00,2.3096,4.4844,2.4372,6.9697,0.4151,1.1469,2.5201,4.4455,2.3868
635.50,2.2095,4.5671,2.4615,7.0223,0.5356,1.1707,2.4233,4.5344,2.4132
636.00,2.1078,4.6478,2.4755,7.0714,0.6540,1.1857,2.3275,4.6196,2.4352
636.50,2.0065,4.7294,2.4614,7.1246,0.7812,1.1695,2.2238,4.7105,2.4225
637.00,1.9037,4.8081,2.5134,7.1754,0.9081,1.2170,2.1192,4.7984,2.4699
637.50,1.7973,4.8793,2.5642,7.2168,1.0304,1.2706,2.0165,4.8768,2.5270
638.00,1.7218,4.9295,2.5322,7.2441,1.1185,1.2445,1.9605,4.9191,2.4905
638.50,1.6860,4.9586,2.4251,7.2630,1.1669,1.1336,1.9209,4.9528,2.3831
639.00,1.6841,4.9598,2.3875,7.2643,1.1695,1.0941,1.8938,4.9615,2.3454
639.50,1.6838,4.9598,2.3535,7.2644,1.1699,1.0591,1.8935,4.9618,2.3104
640.00,1.6838,4.9600,2.3197,7.2646,1.1702,1.0245,1.8932,4.9620,2.2757
640.50,1.6837,4.9601,2.2870,7.2648,1.1706,0.9910,1.8930,4.9623,2.2423
641.00,1.6839,4.9601,2.2542,7.2646,1.1703,0.9573,1.8932,4.9620,2.2086
641.50,1.6845,4.9600,2.2205,7.2641,1.1696,0.9236,1.8937,4.9613,2.1748
642.00,1.6856,4.9600,2.1860,7.2635,1.1688,0.8877,1.8942,4.9605,2.1389
642.50,1.6871,4.9599,2.1505,7.2625,1.1677,0.8521,1.8949,4.9593,2.1033
643.00,1.6891,4.9599,2.1141,7.2609,1.1660,0.8150,1.8961,4.9572,2.0662
643.50,1.6856,4.9739,2.0382,7.2691,1.1739,0.7435,1.8911,4.9674,1.9948
644.00,1.6840,5.0004,1.9239,7.2903,1.1914,0.6276,1.8812,4.9930,1.8788
644.50,1.6887,5.0177,1.8317,7.3074,1.2026,0.5328,1.7635,5.0060,1.8181
645.00,1.6930,5.0177,1.7977,7.3031,1.2001,0.4990,1.7646,5.0011,1.7843
645.50,1.6936,5.0177,1.7980,7.3013,1.1992,0.4949,1.7650,4.9991,1.7802
646.00,1.6893,5.0177,1.8320,7.3049,1.2012,0.5280,1.7641,5.0032,1.8134
646.50,1.6853,5.0177,1.8652,7.3089,1.2036,0.5608,1.7629,5.0077,1.8461
647.00,1.6815,5.0177,1.8977,7.3117,1.2055,0.5930,1.7619,5.0110,1.8783
647.50,1.6781,5.0178,1.9295,7.3162,1.2085,0.6239,1.7602,5.0161,1.9092
648.00,1.6747,5.0178,1.9635,7.3187,1.2104,0.6542,1.7591,5.0190,1.9396
648.50,1.6709,5.0178,2.0039,7.3221,1.2132,0.6941,1.7575,5.0231,1.9794
649.00,1.6676,5.0179,2.0432,7.3255,1.2160,0.7331,1.7556,5.0271,2.0184
649.50,1.6657,5.0179,2.0659,7.3273,1.2177,0.7579,1.7546,5.0293,2.0432
650.00,1.6685,5.0179,2.0275,7.3248,1.2154,0.7184,1.7560,5.0263,2.0037
650.50,1.6720,5.0178,1.9878,7.3222,1.2133,0.6784,1.7574,5.0232,1.9637
651.00,1.6761,5.0178,1.9469,7.3192,1.2109,0.6366,1.7588,5.0196,1.9219
651.50,1.6797,5.0178,1.9116,7.3176,1.2098,0.5957,1.7594,5.0177,1.8810
652.00,1.6833,5.0177,1.8794,7.3141,1.2075,0.5630,1.7607,5.0138,1.8483
652.50,1.6872,5.0177,1.8465,7.3107,1.2054,0.5291,1.7617,5.0100,1.8144
653.00,1.6914,5.0177,1.8129,7.3067,1.2032,0.4952,1.7627,5.0055,1.7805
653.50,1.6959,5.0177,1.7784,7.3034,1.2015,0.4599,1.7634,5.0018,1.7452
654.00,1.7006,5.0176,1.7431,7.2983,1.1991,0.4240,1.7643,4.9962,1.7093
654.50,1.7056,5.0192,1.7025,7.2959,1.1980,0.3845,1.7646,4.9936,1.6698
655.00,1.7165,5.0375,1.6043,7.3154,1.2048,0.2866,1.7636,5.0143,1.5719
655.50,1.7320,5.0562,1.5022,7.3358,1.2097,0.1838,1.7646,5.0352,1.4691
656.00,1.7476,5.0749,1.4080,7.3637,1.2136,0.0889,1.7687,5.0631,1.3742
656.50,1.7607,5.0883,1.3290,7.3826,1.2145,0.0059,1.8367,5.0859,1.3149
657.00,1.7611,5.0883,1.3254,7.3830,1.2145,0.0008,1.8368,5.0862,1.3099
657.50,1.7611,5.0883,1.3254,7.3830,1.2145,-0.0000,1.8368,5.0862,1.3090
658.00,1.7611,5.0883,1.3254,7.3830,1.2145,-0.0003,1.8368,5.0862,1.3087
658.50,1.7611,5.0883,1.3254,7.3830,1.2145,-0.0006,1.8368,5.0862,1.3085
659.00,1.7611,5.0883,1.3254,7.3830,1.2145,-0.0018,1.8368,5.0862,1.3072
659.50,1.7611,5.0883,1.3254,7.3830,1.2145,-0.0024,1.8368,5.0862,1.3066
660.00,1.7611,5.0883,1.3254,7.3830,1.2145,-0.0036,1.8368,5.0862,1.3054
660.50,1.7611,5.0883,1.3254,7.3830,1.2145,-0.0045,1.8368,5.0862,1.3046
661.00,1.7611,5.0883,1.3254,7.3830,1.2145,-0.0051,1.8368,5.0862,1.3039
661.50,1.7611,5.0883,1.3254,7.3830,1.2145,-0.0056,1.8368,5.0862,1.3035
662.00,1.7611,5.0883,1.3254,7.3830,1.2145,-0.0062,1.8368,5.0862,1.3028
662.50,1.7611,5.0883,1.3254,7.3830,1.2145,-0.0076,1.8368,5.0862,1.3014
663.00,1.7611,5.0883,1.3254,7.3830,1.2145,-0.0083,1.8368,5.0862,1.3008
663.50,1.7611,5.0883,1.3254,7.3830,1.2145,-0.0095,1.8368,5.0862,1.2996
664.00,1.7611,5.0883,1.3254,7.3830,1.2145,-0.0102,1.8368,5.0862,1.2988
664.50,1.7611,5.0883,1.3254,7.3830,1.2145,-0.0110,1.8368,5.0862,1.2981
665.00,1.7611,5.0883,1.3254,7.3830,1.2145,-0.0119,1.8368,5.0862,1.2972
665.50,1.7611,5.0883,1.3254,7.3830,1.2145,-0.0130,1.8368,5.0862,1.2960
666.00,1.7611,5.0883,1.3254,7.3830,1.2145,-0.0135,1.8368,5.0862,1.2955
666.50,1.7611,5.0883,1.3254,7.3830,1.2145,-0.0150,1.8368,5.0862,1.2940
667.00,1.7611,5.0883,1.3254,7.3830,1.2145,-0.0155,1.8368,5.0862,1.2936
667.50,1.7611,5.0883,1.3254,7.3830,1.2145,-0.0160,1.8368,5.0862,1.2930
668.00,1.7611,5.0883,1.3254,7.3830,1.2145,-0.0173,1.8368,5.0862,1.2917
668.50,1.7611,5.0883,1.3254,7.3830,1.2145,-0.0180,1.8368,5.0862,1.2910
669.00,1.7611,5.0883,1.3254,7.3830,1.2145,-0.0192,1.8368,5.0862,1.2898
669.50,1.7611,5.0883,1.3254,7.3830,1.2145,-0.0201,1.8368,5.0862,1.2890
670.00,1.7611,5.0883,1.3254,7.3830,1.2145,-0.0213,1.8368,5.0862,1.2877
670.50,1.7611,5.0883,1.3254,7.3830,1.2145,-0.0219,1.8368,5.0862,1.2872
671.00,1.7611,5.0883,1.3254,7.3830,1.2145,-0.0229,1.8368,5.0862,1.2861
671.50,1.7611,5.0883,1.3254,7.3830,1.2145,-0.0237,1.8368,5.0862,1.2853
672.00,1.7611,5.0883,1.3254,7.3830,1.2145,-0.0243,1.8368,5.0862,1.2847
672.50,1.7611,5.0883,1.3254,7.3830,1.2145,-0.0258,1.8368,5.0862,1.2832
673.00,1.7611,5.0883,1.3254,7.3830,1.2145,-0.0267,1.8368,5.0862,1.2824
673.50,1.7611,5.0883,1.3254,7.3830,1.2145,-0.0273,1.8368,5.0862,1.2817
674.00,1.7611,5.0883,1.3254,7.3830,1.2145,-0.0278,1.8368,5.0862,1.2812
674.50,1.7611,5.0883,1.3254,7.3830,1.2145,-0.0290,1.8368,5.0862,1.2801
675.00,1.7611,5.0883,1.3254,7.3830,1.2145,-0.0297,1.8368,5.0862,1.2794
675.50,1.7611,5.0883,1.3254,7.3830,1.2145,-0.0307,1.8368,5.0862,1.2784
676.00,1.7611,5.0883,1.3254,7.3830,1.2145,-0.0318,1.8368,5.0862,1.2773
676.50,1.7611,5.0883,1.3254,7.3830,1.2145,-0.0324,1.8368,5.0862,1.2766
677.00,1.7611,5.0883,1.3254,7.3830,1.2145,-0.0333,1.8368,5.0862,1.2757
677.50,1.7611,5.0883,1.3254,7.3830,1.2145,-0.0341,1.8368,5.0862,1.2749
678.00,1.7611,5.0883,1.3254,7.3830,1.2145,-0.0358,1.8368,5.0862,1.2732
678.50,1.7611,5.0883,1.3254,7.3830,1.2145,-0.0366,1.8368,5.0862,1.2724
679.00,1.7611,5.0883,1.3254,7.3830,1.2145,-0.0375,1.8368,5.0862,1.2716
679.50,1.7611,5.0883,1.3254,7.3830,1.2145,-0.0384,1.8368,5.0862,1.2706
680.00,1.7611,5.0883,1.3254,7.3830,1.2145,-0.0394,1.8368,5.0862,1.2697
680.50,1.7611,5.0883,1.3254,7.3830,1.2145,-0.0405,1.8368,5.0862,1.2686
681.00,1.7611,5.0883,1.3254,7.3830,1.2145,-0.0414,1.8368,5.0862,1.2677
681.50,1.7611,5.0883,1.3254,7.3830,1.2145,-0.0423,1.8368,5.0862,1.2667
682.00,1.7611,5.0883,1.3254,7.3830,1.2145,-0.0432,1.8368,5.0862,1.2658
682.50,1.7611,5.0883,1.3254,7.3830,1.2145,-0.0442,1.8368,5.0862,1.2649
683.00,1.7611,5.0883,1.3254,7.3830,1.2145,-0.0453,1.8368,5.0862,1.2637
683.50,1.7611,5.0883,1.3254,7.3830,1.2145,-0.0461,1.8368,5.0862,1.2630
684.00,1.7611,5.0883,1.3254,7.3830,1.2145,-0.0467,1.8368,5.0862,1.2623
684.50,1.7611,5.0883,1.3254,7.3830,1.2145,-0.0475,1.8368,5.0862,1.2615
685.00,1.7611,5.0883,1.3254,7.3830,1.2145,-0.0490,1.8368,5.0862,1.2600
685.50,1.7611,5.0883,1.3254,7.3830,1.2145,-0.0501,1.8368,5.0862,1.2590
686.00,1.7611,5.0883,1.3254,7.3830,1.2145,-0.0512,1.8368,5.0862,1.2578
686.50,1.7611,5.0883,1.3254,7.3830,1.2145,-0.0521,1.8368,5.0862,1.2569
687.00,1.7611,5.0883,1.3254,7.3830,1.2145,-0.0531,1.8368,5.0862,1.2559
687.50,1.7611,5.0883,1.3254,7.3830,1.2145,-0.0547,1.8368,5.0862,1.2544
688.00,1.7611,5.0883,1.3254,7.3830,1.2145,-0.0558,1.8368,5.0862,1.2532
688.50,1.7611,5.0883,1.3254,7.3830,1.2145,-0.0568,1.8368,5.0862,1.2522
689.00,1.7611,5.0883,1.3254,7.3830,1.2145,-0.0573,1.8368,5.0862,1.2518
689.50,1.7611,5.0883,1.3254,7.3830,1.2145,-0.0583,1.8368,5.0862,1.2508
690.00,1.7611,5.0883,1.3254,7.3830,1.2145,-0.0590,1.8368,5.0862,1.2500
690.50,1.7611,5.0883,1.3254,7.3830,1.2145,-0.0601,1.8368,5.0862,1.2489
691.00,1.7611,5.0883,1.3254,7.3830,1.2145,-0.0608,1.8368,5.0862,1.2482
691.50,1.7611,5.0883,1.3254,7.3830,1.2145,-0.0621,1.8368,5.0862,1.2470
692.00,1.7611,5.0883,1.3254,7.3830,1.2145,-0.0630,1.8368,5.0862,1.2460
692.50,1.7611,5.0883,1.3254,7.3830,1.2145,-0.0637,1.8368,5.0862,1.2453
693.00,1.7611,5.0883,1.3254,7.3830,1.2145,-0.0642,1.8368,5.0862,1.2448
693.50,1.7611,5.0883,1.3254,7.3830,1.2145,-0.0654,1.8368,5.0862,1.2437
694.00,1.7611,5.0883,1.3254,7.3830,1.2145,-0.0666,1.8368,5.0862,1.2424
694.50,1.7611,5.0883,1.3254,7.3830,1.2145,-0.0673,1.8368,5.0862,1.2418
695.00,1.7611,5.0883,1.3254,7.3830,1.2145,-0.0685,1.8368,5.0862,1.2406
695.50,1.7611,5.0883,1.3254,7.3830,1.2145,-0.0692,1.8368,5.0862,1.2399
696.00,1.7611,5.0883,1.3254,7.3830,1.2145,-0.0698,1.8368,5.0862,1.2392
696.50,1.7611,5.0883,1.3254,7.3830,1.2145,-0.0709,1.8368,5.0862,1.2381
697.00,1.7611,5.0883,1.3254,7.3830,1.2145,-0.0724,1.8368,5.0862,1.2366
697.50,1.7611,5.0883,1.3254,7.3830,1.2145,-0.0730,1.8368,5.0862,1.2361
698.00,1.7611,5.0883,1.3254,7.3830,1.2145,-0.0735,1.8368,5.0862,1.2356
698.50,1.7611,5.0883,1.3254,7.3830,1.2145,-0.0742,1.8368,5.0862,1.2349
699.00,1.7611,5.0883,1.3254,7.3830,1.2145,-0.0749,1.8368,5.0862,1.2342
699.50,1.7611,5.0883,1.3254,7.3830,1.2145,-0.0755,1.8368,5.0862,1.2335
700.00,1.7611,5.0883,1.3254,7.3830,1.2145,-0.0768,1.8368,5.0862,1.2322
700.50,1.7611,5.0883,1.3254,7.3830,1.2145,-0.0778,1.8368,5.0862,1.2312
701.00,1.7611,5.0883,1.3254,7.3830,1.2145,-0.0793,1.8368,5.0862,1.2297
701.50,1.7611,5.0883,1.3254,7.3830,1.2145,-0.0804,1.8368,5.0862,1.2286
702.00,1.7611,5.0883,1.3254,7.3830,1.2145,-0.0810,1.8368,5.0862,1.2280
702.50,1.7611,5.0883,1.3254,7.3830,1.2145,-0.0822,1.8368,5.0862,1.2269
703.00,1.7612,5.0883,1.3237,7.3832,1.2145,-0.0831,1.8369,5.0865,1.2260
703.50,1.7612,5.0883,1.3237,7.3832,1.2145,-0.0841,1.8369,5.0865,1.2249
704.00,1.7612,5.0883,1.3237,7.3832,1.2145,-0.0852,1.8369,5.0865,1.2239
704.50,1.7612,5.0883,1.3237,7.3832,1.2145,-0.0864,1.8369,5.0865,1.2226
705.00,1.7612,5.0883,1.3237,7.3832,1.2145,-0.0875,1.8369,5.0865,1.2216
705.50,1.7612,5.0883,1.3237,7.3832,1.2145,-0.0888,1.8369,5.0865,1.2202
706.00,1.7612,5.0883,1.3237,7.3832,1.2145,-0.0903,1.8369,5.0865,1.2187
706.50,1.7612,5.0883,1.3237,7.3832,1.2145,-0.0912,1.8369,5.0865,1.2178
707.00,1.7612,5.0883,1.3237,7.3832,1.2145,-0.0926,1.8369,5.0865,1.2165
707.50,1.7612,5.0883,1.3237,7.3832,1.2145,-0.0934,1.8369,5.0865,1.2156
708.00,1.7612,5.0883,1.3237,7.3832,1.2145,-0.0941,1.8369,5.0865,1.2149
708.50,1.7612,5.0883,1.3237,7.3832,1.2145,-0.0948,1.8369,5.0865,1.2142
709.00,1.7612,5.0883,1.3237,7.3832,1.2145,-0.0960,1.8369,5.0865,1.2130
709.50,1.7612,5.0883,1.3237,7.3832,1.2145,-0.0968,1.8369,5.0865,1.2122
710.00,1.7612,5.0883,1.3237,7.3832,1.2145,-0.0980,1.8369,5.0865,1.2111
710.50,1.7612,5.0883,1.3237,7.3832,1.2145,-0.0988,1.8369,5.0865,1.2103
711.00,1.7612,5.0883,1.3237,7.3832,1.2145,-0.1000,1.8369,5.0865,1.2091
711.50,1.7612,5.0883,1.3237,7.3832,1.2145,-0.1010,1.8369,5.0865,1.2081
712.00,1.7612,5.0883,1.3237,7.3832,1.2145,-0.1016,1.8369,5.0865,1.2074
712.50,1.7612,5.0883,1.3237,7.3832,1.2145,-0.1030,1.8369,5.0865,1.2061
713.00,1.7612,5.0883,1.3237,7.3832,1.2145,-0.1042,1.8369,5.0865,1.2048
713.50,1.7612,5.0883,1.3237,7.3832,1.2145,-0.1054,1.8369,5.0865,1.2037
714.00,1.7612,5.0883,1.3237,7.3832,1.2145,-0.1061,1.8369,5.0865,1.2029
714.50,1.7612,5.0883,1.3237,7.3832,1.2145,-0.1073,1.8369,5.0865,1.2017
715.00,1.7612,5.0883,1.3237,7.3832,1.2145,-0.1080,1.8369,5.0865,1.2010
715.50,1.7612,5.0883,1.3237,7.3832,1.2145,-0.1095,1.8369,5.0865,1.1996
716.00,1.7612,5.0883,1.3237,7.3832,1.2145,-0.1110,1.8369,5.0865,1.1980
716.50,1.7612,5.0883,1.3237,7.3832,1.2145,-0.1123,1.8369,5.0865,1.1967
717.00,1.7612,5.0883,1.3237,7.3832,1.2145,-0.1139,1.8369,5.0865,1.1952
717.50,1.7612,5.0883,1.3237,7.3832,1.2145,-0.1155,1.8369,5.0865,1.1935
718.00,1.7612,5.0883,1.3237,7.3832,1.2145,-0.1167,1.8369,5.0865,1.1923
718.50,1.7612,5.0883,1.3237,7.3832,1.2145,-0.1181,1.8369,5.0865,1.1909
719.00,1.7612,5.0883,1.3237,7.3832,1.2145,-0.1194,1.8369,5.0865,1.1896
719.50,1.7612,5.0883,1.3237,7.3832,1.2145,-0.1206,1.8369,5.0865,1.1885
720.00,1.7612,5.0883,1.3237,7.3832,1.2145,-0.1221,1.8369,5.0865,1.1869
720.50,1.7612,5.0883,1.3237,7.3832,1.2145,-0.1231,1.8369,5.0865,1.1860
721.00,1.7612,5.0883,1.3237,7.3832,1.2145,-0.1238,1.8369,5.0865,1.1853
721.50,1.7612,5.0883,1.3237,7.3832,1.2145,-0.1247,1.8369,5.0865,1.1844
722.00,1.7612,5.0883,1.3237,7.3832,1.2145,-0.1260,1.8369,5.0865,1.1831
722.50,1.7612,5.0883,1.3237,7.3832,1.2145,-0.1273,1.8369,5.0865,1.1817
723.00,1.7612,5.0883,1.3237,7.3832,1.2145,-0.1285,1.8369,5.0865,1.1805
723.50,1.7612,5.0883,1.3237,7.3832,1.2145,-0.1300,1.8369,5.0865,1.1790
724.00,1.7612,5.0883,1.3237,7.3832,1.2145,-0.1310,1.8369,5.0865,1.1780
724.50,1.7612,5.0883,1.3237,7.3832,1.2145,-0.1321,1.8369,5.0865,1.1769
725.00,1.7612,5.0883,1.3237,7.3832,1.2145,-0.1332,1.8369,5.0865,1.1758
725.50,1.7612,5.0883,1.3237,7.3832,1.2145,-0.1346,1.8369,5.0865,1.1745
726.00,1.7612,5.0883,1.3237,7.3832,1.2145,-0.1359,1.8369,5.0865,1.1732
726.50,1.7612,5.0883,1.3237,7.3832,1.2145,-0.1372,1.8369,5.0865,1.1718
727.00,1.7612,5.0883,1.3237,7.3832,1.2145,-0.1385,1.8369,5.0865,1.1706
727.50,1.7612,5.0883,1.3237,7.3832,1.2145,-0.1394,1.8369,5.0865,1.1696
728.00,1.7612,5.0883,1.3237,7.3832,1.2145,-0.1398,1.8369,5.0865,1.1692
728.50,1.7612,5.0883,1.3237,7.3832,1.2145,-0.1412,1.8369,5.0865,1.1678
729.00,1.7612,5.0883,1.3237,7.3832,1.2145,-0.1416,1.8369,5.0865,1.1674
729.50,1.7612,5.0883,1.3237,7.3832,1.2145,-0.1431,1.8369,5.0865,1.1659
730.00,1.7612,5.0883,1.3237,7.3832,1.2145,-0.1440,1.8369,5.0865,1.1651
730.50,1.7612,5.0883,1.3237,7.3832,1.2145,-0.1453,1.8369,5.0865,1.1638
731.00,1.7612,5.0883,1.3237,7.3832,1.2145,-0.1463,1.8369,5.0865,1.1627
731.50,1.7612,5.0883,1.3237,7.3832,1.2145,-0.1475,1.8369,5.0865,1.1615
732.00,1.7612,5.0883,1.3237,7.3832,1.2145,-0.1484,1.8369,5.0865,1.1607
732.50,1.7612,5.0883,1.3237,7.3832,1.2145,-0.1496,1.8369,5.0865,1.1594
733.00,1.7612,5.0883,1.3237,7.3832,1.2145,-0.1507,1.8369,5.0865,1.1583
733.50,1.7612,5.0883,1.3237,7.3832,1.2145,-0.1508,1.8369,5.0865,1.1582
734.00,1.7612,5.0883,1.3237,7.3832,1.2145,-0.1517,1.8369,5.0865,1.1574
734.50,1.7612,5.0883,1.3237,7.3832,1.2145,-0.1528,1.8369,5.0865,1.1562
735.00,1.7612,5.0883,1.3237,7.3832,1.2145,-0.1540,1.8369,5.0865,1.1550
735.50,1.7612,5.0883,1.3237,7.3832,1.2145,-0.1554,1.8369,5.0865,1.1536
736.00,1.7612,5.0883,1.3237,7.3832,1.2145,-0.1562,1.8369,5.0865,1.1528
736.50,1.7612,5.0883,1.3237,7.3832,1.2145,-0.1575,1.8369,5.0865,1.1516
737.00,1.7612,5.0883,1.3237,7.3832,1.2145,-0.1585,1.8369,5.0865,1.1505
737.50,1.7612,5.0883,1.3237,7.3832,1.2145,-0.1601,1.8369,5.0865,1.1490
738.00,1.7612,5.0883,1.3237,7.3832,1.2145,-0.1620,1.8369,5.0865,1.1471
738.50,1.7612,5.0883,1.3237,7.3832,1.2145,-0.1630,1.8369,5.0865,1.1460
739.00,1.7612,5.0883,1.3237,7.3832,1.2145,-0.1644,1.8369,5.0865,1.1447
739.50,1.7612,5.0883,1.3237,7.3832,1.2145,-0.1654,1.8369,5.0865,1.1436
740.00,1.7612,5.0883,1.3237,7.3832,1.2145,-0.1666,1.8369,5.0865,1.1425
740.50,1.7612,5.0883,1.3237,7.3832,1.2145,-0.1672,1.8369,5.0865,1.1418
741.00,1.7612,5.0883,1.3237,7.3832,1.2145,-0.1687,1.8369,5.0865,1.1404
741.50,1.7612,5.0883,1.3237,7.3832,1.2145,-0.1698,1.8369,5.0865,1.1393
742.00,1.7612,5.0883,1.3237,7.3832,1.2145,-0.1709,1.8369,5.0865,1.1382
742.50,1.7612,5.0883,1.3237,7.3832,1.2145,-0.1722,1.8369,5.0865,1.1368
743.00,1.7612,5.0883,1.3237,7.3832,1.2145,-0.1732,1.8369,5.0865,1.1359
743.50,1.7612,5.0883,1.3237,7.3832,1.2145,-0.1742,1.8369,5.0865,1.1349
744.00,1.7612,5.0883,1.3237,7.3832,1.2145,-0.1748,1.8369,5.0865,1.1342
744.50,1.7612,5.0883,1.3237,7.3832,1.2145,-0.1755,1.8369,5.0865,1.1336
745.00,1.7612,5.0883,1.3237,7.3832,1.2145,-0.1765,1.8369,5.0865,1.1325
745.50,1.7612,5.0883,1.3237,7.3832,1.2145,-0.1769,1.8369,5.0865,1.1322
746.00,1.7612,5.0883,1.3237,7.3832,1.2145,-0.1778,1.8369,5.0865,1.1312
746.50,1.7612,5.0883,1.3237,7.3832,1.2145,-0.1786,1.8369,5.0865,1.1304
747.00,1.7612,5.0883,1.3237,7.3832,1.2145,-0.1797,1.8369,5.0865,1.1294
747.50,1.7612,5.0883,1.3237,7.3832,1.2145,-0.1806,1.8369,5.0865,1.1285
748.00,1.7612,5.0883,1.3237,7.3832,1.2145,-0.1812,1.8369,5.0865,1.1278
748.50,1.7612,5.0883,1.3237,7.3832,1.2145,-0.1821,1.8369,5.0865,1.1270
749.00,1.7612,5.0883,1.3237,7.3832,1.2145,-0.1829,1.8369,5.0865,1.1261
749.50,1.7612,5.0883,1.3237,7.3832,1.2145,-0.1840,1.8369,5.0865,1.1251
750.00,1.7612,5.0883,1.3237,7.3832,1.2145,-0.1847,1.8369,5.0865,1.1243
750.50,1.7612,5.0883,1.3237,7.3832,1.2145,-0.1856,1.8369,5.0865,1.1234
751.00,1.7612,5.0883,1.3237,7.3832,1.2145,-0.1865,1.8369,5.0865,1.1226
751.50,1.7612,5.0883,1.3237,7.3832,1.2145,-0.1873,1.8369,5.0865,1.1217
752.00,1.7612,5.0883,1.3237,7.3832,1.2145,-0.1884,1.8369,5.0865,1.1207
752.50,1.7612,5.0883,1.3237,7.3832,1.2145,-0.1893,1.8369,5.0865,1.1198
753.00,1.7612,5.0883,1.3237,7.3832,1.2145,-0.1905,1.8369,5.0865,1.1185
753.50,1.7612,5.0883,1.3237,7.3832,1.2145,-0.1915,1.8369,5.0865,1.1175
754.00,1.7612,5.0883,1.3237,7.3832,1.2145,-0.1926,1.8369,5.0865,1.1164
754.50,1.7612,5.0883,1.3237,7.3832,1.2145,-0.1931,1.8369,5.0865,1.1159
755.00,1.7612,5.0883,1.3237,7.3832,1.2145,-0.1939,1.8369,5.0865,1.1151
755.50,1.7612,5.0883,1.3237,7.3832,1.2145,-0.1951,1.8369,5.0865,1.1140
756.00,1.7612,5.0883,1.3237,7.3832,1.2145,-0.1969,1.8369,5.0865,1.1122
756.50,1.7612,5.0883,1.3237,7.3832,1.2145,-0.1980,1.8369,5.0865,1.1110
757.00,1.7612,5.0883,1.3237,7.3832,1.2145,-0.1986,1.8369,5.0865,1.1104
757.50,1.7612,5.0883,1.3237,7.3832,1.2145,-0.1996,1.8369,5.0865,1.1095
758.00,1.7612,5.0883,1.3237,7.3832,1.2145,-0.2005,1.8369,5.0865,1.1085
758.50,1.7612,5.0883,1.3237,7.3832,1.2145,-0.2009,1.8369,5.0865,1.1081
759.00,1.7612,5.0883,1.3237,7.3832,1.2145,-0.2019,1.8369,5.0865,1.1071
759.50,1.7612,5.0883,1.3237,7.3832,1.2145,-0.2030,1.8369,5.0865,1.1060
760.00,1.7612,5.0883,1.3237,7.3832,1.2145,-0.2041,1.8369,5.0865,1.1049
760.50,1.7612,5.0883,1.3237,7.3832,1.2145,-0.2049,1.8369,5.0865,1.1042
761.00,1.7612,5.0883,1.3237,7.3832,1.2145,-0.2062,1.8369,5.0865,1.1028
761.50,1.7612,5.0883,1.3237,7.3832,1.2145,-0.2076,1.8369,5.0865,1.1014
762.00,1.7612,5.0883,1.3237,7.3832,1.2145,-0.2085,1.8369,5.0865,1.1005
762.50,1.7612,5.0883,1.3237,7.3832,1.2145,-0.2091,1.8369,5.0865,1.0999
763.00,1.7612,5.0883,1.3237,7.3832,1.2145,-0.2095,1.8369,5.0865,1.0995
763.50,1.7612,5.0883,1.3237,7.3832,1.2145,-0.2102,1.8369,5.0865,1.0988
764.00,1.7612,5.0883,1.3237,7.3832,1.2145,-0.2113,1.8369,5.0865,1.0977
764.50,1.7612,5.0883,1.3237,7.3832,1.2145,-0.2127,1.8369,5.0865,1.0963
765.00,1.7612,5.0883,1.3237,7.3832,1.2145,-0.2137,1.8369,5.0865,1.0954
765.50,1.7612,5.0883,1.3237,7.3832,1.2145,-0.2151,1.8369,5.0865,1.0939
766.00,1.7612,5.0883,1.3237,7.3832,1.2145,-0.2162,1.8369,5.0865,1.0928
766.50,1.7612,5.0883,1.3237,7.3832,1.2145,-0.2172,1.8369,5.0865,1.0918
767.00,1.7612,5.0883,1.3237,7.3832,1.2145,-0.2183,1.8369,5.0865,1.0908
767.50,1.7612,5.0883,1.3237,7.3832,1.2145,-0.2193,1.8369,5.0865,1.0897
768.00,1.7612,5.0883,1.3237,7.3832,1.2145,-0.2200,1.8369,5.0865,1.0891
768.50,1.7612,5.0883,1.3237,7.3832,1.2145,-0.2208,1.8369,5.0865,1.0882
769.00,1.7612,5.0883,1.3237,7.3832,1.2145,-0.2219,1.8369,5.0865,1.0872
769.50,1.7612,5.0883,1.3237,7.3832,1.2145,-0.2227,1.8369,5.0865,1.0863
770.00,1.7612,5.0883,1.3237,7.3832,1.2145,-0.2237,1.8369,5.0865,1.0853
770.50,1.7612,5.0883,1.3237,7.3832,1.2145,-0.2241,1.8369,5.0865,1.0850
771.00,1.7612,5.0883,1.3237,7.3832,1.2145,-0.2249,1.8369,5.0865,1.0841
771.50,1.7612,5.0883,1.3237,7.3832,1.2145,-0.2257,1.8369,5.0865,1.0833
772.00,1.7612,5.0883,1.3237,7.3832,1.2145,-0.2267,1.8369,5.0865,1.0823
772.50,1.7612,5.0883,1.3237,7.3832,1.2145,-0.2276,1.8369,5.0865,1.0814
773.00,1.7612,5.0883,1.3237,7.3832,1.2145,-0.2289,1.8369,5.0865,1.0802
773.50,1.7612,5.0883,1.3237,7.3832,1.2145,-0.2295,1.8369,5.0865,1.0795
774.00,1.7612,5.0883,1.3237,7.3832,1.2145,-0.2307,1.8369,5.0865,1.0784
774.50,1.7612,5.0883,1.3237,7.3832,1.2145,-0.2309,1.8369,5.0865,1.0781
775.00,1.7612,5.0883,1.3237,7.3832,1.2145,-0.2322,1.8369,5.0865,1.0769
775.50,1.7612,5.0883,1.3237,7.3832,1.2145,-0.2333,1.8369,5.0865,1.0757
776.00,1.7588,5.0883,1.3486,7.3812,1.2149,-0.2102,1.8359,5.0846,1.0988
776.50,1.7542,5.0883,1.3835,7.3759,1.2160,-0.1766,1.8335,5.0798,1.1324
777.00,1.7534,5.0883,1.3892,7.3751,1.2161,-0.1700,1.8332,5.0790,1.1390
777.50,1.7534,5.0883,1.3892,7.3751,1.2161,-0.1707,1.8332,5.0790,1.1383
778.00,1.7534,5.0883,1.3892,7.3751,1.2161,-0.1713,1.8332,5.0790,1.1378
778.50,1.7534,5.0883,1.3892,7.3751,1.2161,-0.1726,1.8332,5.0790,1.1365
779.00,1.7534,5.0883,1.3892,7.3751,1.2161,-0.1737,1.8332,5.0790,1.1353
779.50,1.7534,5.0883,1.3892,7.3751,1.2161,-0.1749,1.8332,5.0790,1.1341
780.00,1.7534,5.0883,1.3892,7.3751,1.2161,-0.1762,1.8332,5.0790,1.1328
780.50,1.7534,5.0883,1.3892,7.3751,1.2161,-0.1774,1.8332,5.0790,1.1316
781.00,1.7534,5.0883,1.3892,7.3751,1.2161,-0.1788,1.8332,5.0790,1.1302
781.50,1.7534,5.0883,1.3892,7.3751,1.2161,-0.1799,1.8332,5.0790,1.1292
782.00,1.7534,5.0883,1.3892,7.3751,1.2161,-0.1811,1.8332,5.0790,1.1280
782.50,1.7534,5.0883,1.3892,7.3751,1.2161,-0.1824,1.8332,5.0790,1.1267
783.00,1.7534,5.0883,1.3892,7.3751,1.2161,-0.1836,1.8332,5.0790,1.1255
783.50,1.7534,5.0883,1.3892,7.3751,1.2161,-0.1842,1.8332,5.0790,1.1248
784.00,1.7534,5.0883,1.3892,7.3751,1.2161,-0.1858,1.8332,5.0790,1.1232
784.50,1.7534,5.0883,1.3892,7.3751,1.2161,-0.1858,1.8332,5.0790,1.1232
785.00,1.7534,5.0883,1.3892,7.3751,1.2161,-0.1869,1.8332,5.0790,1.1221
785.50,1.7535,5.0883,1.3873,7.3752,1.2161,-0.1882,1.8333,5.0792,1.1208
786.00,1.7535,5.0883,1.3873,7.3752,1.2161,-0.1895,1.8333,5.0792,1.1196
786.50,1.7535,5.0883,1.3873,7.3752,1.2161,-0.1901,1.8333,5.0792,1.1190
787.00,1.7535,5.0883,1.3873,7.3752,1.2161,-0.1918,1.8333,5.0792,1.1172
787.50,1.7535,5.0883,1.3873,7.3752,1.2161,-0.1932,1.8333,5.0792,1.1159
788.00,1.7535,5.0883,1.3873,7.3752,1.2161,-0.1943,1.8333,5.0792,1.1148
788.50,1.7535,5.0883,1.3873,7.3752,1.2161,-0.1954,1.8333,5.0792,1.1136
789.00,1.7535,5.0883,1.3873,7.3752,1.2161,-0.1962,1.8333,5.0792,1.1128
789.50,1.7535,5.0883,1.3873,7.3752,1.2161,-0.1976,1.8333,5.0792,1.1114
790.00,1.7535,5.0883,1.3873,7.3752,1.2161,-0.1982,1.8333,5.0792,1.1108
790.50,1.7535,5.0883,1.3873,7.3752,1.2161,-0.1994,1.8333,5.0792,1.1096
791.00,1.7535,5.0883,1.3873,7.3752,1.2161,-0.1999,1.8333,5.0792,1.1091
791.50,1.7535,5.0883,1.3873,7.3752,1.2161,-0.2012,1.8333,5.0792,1.1078
792.00,1.7535,5.0883,1.3873,7.3752,1.2161,-0.2018,1.8333,5.0792,1.1072
792.50,1.7535,5.0883,1.3873,7.3752,1.2161,-0.2032,1.8333,5.0792,1.1058
793.00,1.7535,5.0883,1.3873,7.3752,1.2161,-0.2046,1.8333,5.0792,1.1044
793.50,1.7535,5.0883,1.3873,7.3752,1.2161,-0.2064,1.8333,5.0792,1.1027
794.00,1.7535,5.0883,1.3873,7.3752,1.2161,-0.2074,1.8333,5.0792,1.1017
794.50,1.7535,5.0883,1.3873,7.3752,1.2161,-0.2090,1.8333,5.0792,1.1000
795.00,1.7502,5.0883,1.4173,7.3727,1.2166,-0.1822,1.8321,5.0768,1.1268
795.50,1.7450,5.0882,1.4540,7.3670,1.2175,-0.1468,1.8297,5.0716,1.1622
796.00,1.7436,5.0882,1.4640,7.3654,1.2177,-0.1365,1.8291,5.0701,1.1726
796.50,1.7436,5.0882,1.4640,7.3654,1.2177,-0.1379,1.8291,5.0701,1.1712
797.00,1.7436,5.0882,1.4640,7.3654,1.2177,-0.1395,1.8291,5.0701,1.1695
797.50,1.7436,5.0882,1.4640,7.3654,1.2177,-0.1404,1.8291,5.0701,1.1686
798.00,1.7436,5.0882,1.4640,7.3654,1.2177,-0.1412,1.8291,5.0701,1.1678
798.50,1.7436,5.0882,1.4640,7.3654,1.2177,-0.1421,1.8291,5.0701,1.1670
799.00,1.7436,5.0882,1.4640,7.3654,1.2177,-0.1432,1.8291,5.0701,1.1658
799.50,1.7436,5.0882,1.4640,7.3654,1.2177,-0.1438,1.8291,5.0701,1.1652
800.00,1.7436,5.0882,1.4640,7.3654,1.2177,-0.1449,1.8291,5.0701,1.1641
800.50,1.7436,5.0882,1.4640,7.3654,1.2177,-0.1463,1.8291,5.0701,1.1628
801.00,1.7436,5.0882,1.4640,7.3654,1.2177,-0.1474,1.8291,5.0701,1.1617
801.50,1.7436,5.0882,1.4640,7.3654,1.2177,-0.1486,1.8291,5.0701,1.1604
802.00,1.7436,5.0882,1.4640,7.3654,1.2177,-0.1499,1.8291,5.0701,1.1591
802.50,1.7436,5.0882,1.4640,7.3654,1.2177,-0.1504,1.8291,5.0701,1.1586
803.00,1.7436,5.0882,1.4640,7.3654,1.2177,-0.1518,1.8291,5.0701,1.1572
803.50,1.7436,5.0882,1.4640,7.3654,1.2177,-0.1525,1.8291,5.0701,1.1565
804.00,1.7436,5.0882,1.4640,7.3654,1.2177,-0.1530,1.8291,5.0701,1.1560
804.50,1.7436,5.0882,1.4640,7.3654,1.2177,-0.1546,1.8291,5.0701,1.1544
805.00,1.7436,5.0882,1.4640,7.3654,1.2177,-0.1559,1.8291,5.0701,1.1532
805.50,1.7436,5.0882,1.4640,7.3654,1.2177,-0.1569,1.8291,5.0701,1.1522
806.00,1.7436,5.0882,1.4640,7.3654,1.2177,-0.1581,1.8291,5.0701,1.1510
806.50,1.7397,5.0882,1.4991,7.3622,1.2182,-0.1247,1.8278,5.0671,1.1843
807.00,1.7340,5.0882,1.5381,7.3565,1.2188,-0.0869,1.8258,5.0618,1.2221
807.50,1.7331,5.0882,1.5444,7.3555,1.2189,-0.0798,1.8254,5.0608,1.2292
808.00,1.7331,5.0882,1.5444,7.3555,1.2189,-0.0809,1.8254,5.0608,1.2282
808.50,1.7331,5.0882,1.5444,7.3555,1.2189,-0.0817,1.8254,5.0608,1.2273
809.00,1.7331,5.0882,1.5444,7.3555,1.2189,-0.0833,1.8254,5.0608,1.2258
809.50,1.7331,5.0882,1.5444,7.3555,1.2189,-0.0842,1.8254,5.0608,1.2249
810.00,1.7331,5.0882,1.5444,7.3555,1.2189,-0.0852,1.8254,5.0608,1.2238
810.50,1.7331,5.0882,1.5444,7.3555,1.2189,-0.0861,1.8254,5.0608,1.2229
811.00,1.7331,5.0882,1.5444,7.3555,1.2189,-0.0873,1.8254,5.0608,1.2217
811.50,1.7331,5.0882,1.5444,7.3555,1.2189,-0.0889,1.8254,5.0608,1.2201
812.00,1.7331,5.0882,1.5444,7.3555,1.2189,-0.0899,1.8254,5.0608,1.2191
812.50,1.7331,5.0882,1.5444,7.3555,1.2189,-0.0911,1.8254,5.0608,1.2179
813.00,1.7331,5.0882,1.5444,7.3555,1.2189,-0.0927,1.8254,5.0608,1.2163
813.50,1.7331,5.0882,1.5444,7.3555,1.2189,-0.0942,1.8254,5.0608,1.2148
814.00,1.7331,5.0882,1.5444,7.3555,1.2189,-0.0954,1.8254,5.0608,1.2136
814.50,1.7331,5.0882,1.5444,7.3555,1.2189,-0.0963,1.8254,5.0608,1.2128
815.00,1.7294,5.0882,1.5780,7.3534,1.2191,-0.0665,1.8247,5.0588,1.2426
815.50,1.7235,5.0882,1.6176,7.3596,1.2188,-0.0277,1.8266,5.0648,1.2813
816.00,1.7214,5.0882,1.6316,7.3620,1.2187,-0.0126,1.8273,5.0670,1.2964
816.50,1.7214,5.0882,1.6316,7.3620,1.2187,-0.0139,1.8273,5.0670,1.2951
817.00,1.7162,5.1040,1.6949,7.3780,1.2189,0.0409,1.8313,5.0826,1.3499
817.50,1.7074,5.1157,1.7529,7.3919,1.2199,0.1025,1.8339,5.0962,1.4115
818.00,1.7079,5.1125,1.7529,7.3896,1.2196,0.1009,1.8335,5.0939,1.4099
818.50,1.7107,5.0978,1.7529,7.3753,1.2182,0.0995,1.8312,5.0798,1.4085
819.00,1.7134,5.0830,1.7529,7.3609,1.2168,0.0984,1.8289,5.0655,1.4074
819.50,1.7161,5.0683,1.7529,7.3474,1.2154,0.0970,1.8267,5.0521,1.4061
820.00,1.7188,5.0535,1.7529,7.3318,1.2139,0.0955,1.8241,5.0366,1.4046
820.50,1.7215,5.0388,1.7529,7.3166,1.2125,0.0944,1.8216,5.0216,1.4034
821.00,1.7242,5.0240,1.7529,7.3016,1.2111,0.0934,1.8190,5.0068,1.4024
821.50,1.7270,5.0093,1.7529,7.2874,1.2098,0.0923,1.8166,4.9927,1.4013
822.00,1.7297,4.9945,1.7529,7.2740,1.2085,0.0911,1.8144,4.9795,1.4001
822.50,1.7331,4.9761,1.7529,7.2556,1.2069,0.0900,1.8241,4.9673,1.7341
823.00,1.7367,4.9564,1.7529,7.2325,1.2048,0.0891,1.8278,4.9445,1.7332
823.50,1.7403,4.9368,1.7529,7.2111,1.2029,0.0879,1.8313,4.9233,1.7320
824.00,1.7439,4.9171,1.7529,7.1895,1.2010,0.0865,1.8347,4.9019,1.7306
824.50,1.7476,4.8974,1.7529,7.1689,1.1992,0.0855,1.8486,4.8859,1.7311
825.00,1.7512,4.8777,1.7529,7.1495,1.1976,0.0843,1.8517,4.8667,1.7300
825.50,1.7543,4.8622,1.7472,7.1328,1.1962,0.0800,1.8544,4.8502,1.7257
826.00,1.7521,4.8961,1.7164,7.1634,1.1980,0.0490,1.8503,4.8805,1.6946
826.50,1.7527,4.9660,1.6016,7.2361,1.1981,-0.0634,1.8447,4.9530,1.5823
827.00,1.7612,5.0164,1.5111,7.2933,1.1917,-0.1547,1.8528,5.0127,1.4944
827.50,1.7678,5.0466,1.4812,7.3254,1.1861,-0.1864,1.8606,5.0411,1.4627
828.00,1.7699,5.0662,1.4791,7.3474,1.1819,-0.1896,1.8631,5.0633,1.4595
828.50,1.7699,5.0663,1.4791,7.3477,1.1818,-0.1905,1.8631,5.0636,1.4586
829.00,1.7699,5.0663,1.4791,7.3477,1.1818,-0.1917,1.8631,5.0636,1.4574
829.50,1.7699,5.0663,1.4791,7.3477,1.1818,-0.1924,1.8631,5.0636,1.4567
830.00,1.7699,5.0663,1.4791,7.3477,1.1818,-0.1936,1.8631,5.0636,1.4555
830.50,1.7699,5.0663,1.4791,7.3477,1.1818,-0.1948,1.8631,5.0636,1.4544
831.00,1.7699,5.0663,1.4791,7.3477,1.1818,-0.1963,1.8631,5.0636,1.4528
831.50,1.7699,5.0663,1.4791,7.3477,1.1818,-0.1973,1.8631,5.0636,1.4518
832.00,1.7699,5.0663,1.4791,7.3477,1.1818,-0.1983,1.8631,5.0636,1.4508
832.50,1.7699,5.0663,1.4791,7.3477,1.1818,-0.1997,1.8631,5.0636,1.4494
833.00,1.7699,5.0663,1.4791,7.3477,1.1818,-0.2012,1.8631,5.0636,1.4479
833.50,1.7699,5.0663,1.4791,7.3477,1.1818,-0.2021,1.8631,5.0636,1.4470
834.00,1.7699,5.0663,1.4791,7.3477,1.1818,-0.2032,1.8631,5.0636,1.4459
834.50,1.7699,5.0663,1.4791,7.3477,1.1818,-0.2040,1.8631,5.0636,1.4451
835.00,1.7699,5.0663,1.4791,7.3477,1.1818,-0.2057,1.8631,5.0636,1.4434
835.50,1.7699,5.0663,1.4791,7.3477,1.1818,-0.2075,1.8631,5.0636,1.4416
836.00,1.7699,5.0663,1.4791,7.3477,1.1818,-0.2087,1.8631,5.0636,1.4404
836.50,1.7699,5.0663,1.4791,7.3477,1.1818,-0.2098,1.8631,5.0636,1.4393
837.00,1.7699,5.0663,1.4791,7.3477,1.1818,-0.2111,1.8631,5.0636,1.4380
837.50,1.7699,5.0663,1.4791,7.3477,1.1818,-0.2128,1.8631,5.0636,1.4363
838.00,1.7699,5.0663,1.4791,7.3477,1.1818,-0.2138,1.8631,5.0636,1.4353
838.50,1.7699,5.0663,1.4791,7.3477,1.1818,-0.2152,1.8631,5.0636,1.4339
839.00,1.7699,5.0663,1.4791,7.3477,1.1818,-0.2165,1.8631,5.0636,1.4326
839.50,1.7699,5.0663,1.4791,7.3477,1.1818,-0.2181,1.8631,5.0636,1.4310
840.00,1.7699,5.0663,1.4791,7.3477,1.1818,-0.2193,1.8631,5.0636,1.4298
840.50,1.7699,5.0663,1.4791,7.3477,1.1818,-0.2211,1.8631,5.0636,1.4280
841.00,1.7699,5.0663,1.4791,7.3477,1.1818,-0.2220,1.8631,5.0636,1.4271
841.50,1.7699,5.0663,1.4791,7.3477,1.1818,-0.2236,1.8631,5.0636,1.4255
842.00,1.7699,5.0663,1.4791,7.3477,1.1818,-0.2251,1.8631,5.0636,1.4240
842.50,1.7673,5.0754,1.5146,7.3567,1.1799,-0.1939,1.8644,5.0727,1.4552
843.00,1.7649,5.0860,1.5576,7.3673,1.1779,-0.1615,1.8655,5.0834,1.4876
843.50,1.7596,5.0903,1.6089,7.3756,1.1769,-0.1050,1.8659,5.0918,1.5441
844.00,1.7596,5.0903,1.6089,7.3756,1.1769,-0.1069,1.8659,5.0918,1.5422
844.50,1.7596,5.0903,1.6089,7.3756,1.1769,-0.1088,1.8659,5.0918,1.5403
845.00,1.7596,5.0903,1.6089,7.3756,1.1769,-0.1101,1.8659,5.0918,1.5390
845.50,1.7596,5.0903,1.6089,7.3756,1.1769,-0.1113,1.8659,5.0918,1.5378
846.00,1.7596,5.0903,1.6089,7.3756,1.1769,-0.1127,1.8659,5.0918,1.5364
846.50,1.7567,5.0903,1.6632,7.3790,1.1766,-0.0645,1.8659,5.0952,1.5846
847.00,1.7451,5.0903,1.8271,7.3917,1.1768,0.0972,1.8648,5.1078,1.7463
847.50,1.7283,5.0905,1.9867,7.4078,1.1796,0.2569,1.8353,5.0956,1.9619
848.00,1.7174,5.0906,2.1305,7.4195,1.1835,0.3997,1.8298,5.1067,2.1047
848.50,1.7136,5.0908,2.2275,7.4230,1.1852,0.4987,1.8277,5.1099,2.2037
849.00,1.7135,5.0908,2.2319,7.4230,1.1852,0.5045,1.8277,5.1099,2.2095
849.50,1.7142,5.0908,2.2063,7.4223,1.1848,0.4785,1.8282,5.1092,2.1835
850.00,1.7151,5.0907,2.1802,7.4217,1.1845,0.4513,1.8286,5.1087,2.1563
850.50,1.7162,5.0907,2.1535,7.4201,1.1838,0.4235,1.8295,5.1072,2.1285
851.00,1.7176,5.0906,2.1264,7.4190,1.1833,0.3952,1.8301,5.1062,2.1002
851.50,1.7193,5.0906,2.0987,7.4181,1.1829,0.3664,1.8306,5.1054,2.0714
852.00,1.7212,5.0906,2.0704,7.4161,1.1822,0.3371,1.8316,5.1035,2.0421
852.50,1.7235,5.0905,2.0416,7.4146,1.1817,0.3079,1.8323,5.1021,2.0129
853.00,1.7239,5.0967,1.9954,7.4187,1.1829,0.2628,1.8306,5.1060,1.9678
853.50,1.7247,5.1041,1.9520,7.4272,1.1850,0.2144,1.8273,5.1141,1.9195
854.00,1.7247,5.1041,1.9520,7.4272,1.1850,0.2140,1.8273,5.1141,1.9190
854.50,1.7247,5.1041,1.9520,7.4272,1.1850,0.2126,1.8273,5.1141,1.9176
855.00,1.7247,5.1041,1.9520,7.4272,1.1850,0.2117,1.8273,5.1141,1.9167
855.50,1.7247,5.1041,1.9520,7.4272,1.1850,0.2103,1.8273,5.1141,1.9153
856.00,1.7247,5.1041,1.9520,7.4272,1.1850,0.2095,1.8273,5.1141,1.9145
856.50,1.7247,5.1041,1.9520,7.4272,1.1850,0.2077,1.8273,5.1141,1.9127
857.00,1.7247,5.1041,1.9520,7.4272,1.1850,0.2066,1.8273,5.1141,1.9116
857.50,1.7247,5.1041,1.9520,7.4272,1.1850,0.2052,1.8273,5.1141,1.9102
858.00,1.7247,5.1041,1.9520,7.4272,1.1850,0.2038,1.8273,5.1141,1.9088
858.50,1.7247,5.1041,1.9520,7.4272,1.1850,0.2027,1.8273,5.1141,1.9077
859.00,1.7247,5.1041,1.9520,7.4272,1.1850,0.2021,1.8273,5.1141,1.9071
859.50,1.7247,5.1041,1.9520,7.4272,1.1850,0.2009,1.8273,5.1141,1.9059
860.00,1.7247,5.1041,1.9520,7.4272,1.1850,0.1994,1.8273,5.1141,1.9044
860.50,1.7247,5.1041,1.9520,7.4272,1.1850,0.1982,1.8273,5.1141,1.9032
861.00,1.7247,5.1041,1.9520,7.4272,1.1850,0.1970,1.8273,5.1141,1.9021
861.50,1.7247,5.1041,1.9520,7.4272,1.1850,0.1960,1.8273,5.1141,1.9010
862.00,1.7247,5.1041,1.9520,7.4272,1.1850,0.1943,1.8273,5.1141,1.8993
862.50,1.7247,5.1041,1.9520,7.4272,1.1850,0.1930,1.8273,5.1141,1.8980
863.00,1.7247,5.1041,1.9520,7.4272,1.1850,0.1918,1.8273,5.1141,1.8968
863.50,1.7247,5.1041,1.9520,7.4272,1.1850,0.1902,1.8273,5.1141,1.8952
864.00,1.7247,5.1041,1.9520,7.4272,1.1850,0.1889,1.8273,5.1141,1.8940
864.50,1.7247,5.1041,1.9520,7.4272,1.1850,0.1881,1.8273,5.1141,1.8931
865.00,1.7247,5.1041,1.9520,7.4272,1.1850,0.1868,1.8273,5.1141,1.8918
865.50,1.7247,5.1041,1.9520,7.4272,1.1850,0.1860,1.8273,5.1141,1.8910
866.00,1.7247,5.1041,1.9520,7.4272,1.1850,0.1845,1.8273,5.1141,1.8896
866.50,1.7247,5.1041,1.9520,7.4272,1.1850,0.1835,1.8273,5.1141,1.8885
867.00,1.7247,5.1041,1.9520,7.4272,1.1850,0.1820,1.8273,5.1141,1.8870
867.50,1.7247,5.1041,1.9520,7.4272,1.1850,0.1810,1.8273,5.1141,1.8860
868.00,1.7247,5.1041,1.9520,7.4272,1.1850,0.1799,1.8273,5.1141,1.8849
868.50,1.7247,5.1041,1.9520,7.4272,1.1850,0.1781,1.8273,5.1141,1.8831
869.00,1.7247,5.1041,1.9520,7.4272,1.1850,0.1770,1.8273,5.1141,1.8820
869.50,1.7247,5.1041,1.9520,7.4272,1.1850,0.1755,1.8273,5.1141,1.8805
870.00,1.7247,5.1041,1.9520,7.4272,1.1850,0.1741,1.8273,5.1141,1.8791
870.50,1.7247,5.1041,1.9520,7.4272,1.1850,0.1727,1.8273,5.1141,1.8778
871.00,1.7247,5.1041,1.9520,7.4272,1.1850,0.1713,1.8273,5.1141,1.8763
871.50,1.7247,5.1041,1.9520,7.4272,1.1850,0.1697,1.8273,5.1141,1.8747
872.00,1.7247,5.1041,1.9520,7.4272,1.1850,0.1692,1.8273,5.1141,1.8742
872.50,1.7247,5.1041,1.9520,7.4272,1.1850,0.1681,1.8273,5.1141,1.8731
873.00,1.7247,5.1041,1.9520,7.4272,1.1850,0.1673,1.8273,5.1141,1.8723
873.50,1.7247,5.1041,1.9520,7.4272,1.1850,0.1655,1.8273,5.1141,1.8705
874.00,1.7247,5.1041,1.9520,7.4272,1.1850,0.1640,1.8273,5.1141,1.8690
874.50,1.7247,5.1041,1.9520,7.4272,1.1850,0.1622,1.8273,5.1141,1.8673
875.00,1.7247,5.1041,1.9520,7.4272,1.1850,0.1611,1.8273,5.1141,1.8661
875.50,1.7247,5.1041,1.9520,7.4272,1.1850,0.1604,1.8273,5.1141,1.8654
876.00,1.7247,5.1041,1.9520,7.4272,1.1850,0.1593,1.8273,5.1141,1.8643
876.50,1.7247,5.1041,1.9520,7.4272,1.1850,0.1584,1.8273,5.1141,1.8634
877.00,1.7247,5.1041,1.9520,7.4272,1.1850,0.1573,1.8273,5.1141,1.8623
877.50,1.7247,5.1041,1.9520,7.4272,1.1850,0.1560,1.8273,5.1141,1.8611
878.00,1.7247,5.1041,1.9520,7.4272,1.1850,0.1545,1.8273,5.1141,1.8595
878.50,1.7247,5.1041,1.9520,7.4272,1.1850,0.1532,1.8273,5.1141,1.8582
879.00,1.7247,5.1041,1.9520,7.4272,1.1850,0.1521,1.8273,5.1141,1.8571
879.50,1.7247,5.1041,1.9520,7.4272,1.1850,0.1512,1.8273,5.1141,1.8562
880.00,1.7247,5.1041,1.9520,7.4272,1.1850,0.1499,1.8273,5.1141,1.8549
880.50,1.7247,5.1041,1.9520,7.4272,1.1850,0.1491,1.8273,5.1141,1.8541
881.00,1.7247,5.1041,1.9520,7.4272,1.1850,0.1473,1.8273,5.1141,1.8523
881.50,1.7247,5.1041,1.9520,7.4272,1.1850,0.1465,1.8273,5.1141,1.8515
882.00,1.7247,5.1041,1.9520,7.4272,1.1850,0.1453,1.8273,5.1141,1.8503
882.50,1.7247,5.1041,1.9520,7.4272,1.1850,0.1442,1.8273,5.1141,1.8493
883.00,1.7247,5.1041,1.9520,7.4272,1.1850,0.1428,1.8273,5.1141,1.8478
883.50,1.7247,5.1041,1.9520,7.4272,1.1850,0.1413,1.8273,5.1141,1.8463
884.00,1.7247,5.1041,1.9520,7.4272,1.1850,0.1400,1.8273,5.1141,1.8450
884.50,1.7247,5.1041,1.9520,7.4272,1.1850,0.1386,1.8273,5.1141,1.8437
885.00,1.7247,5.1041,1.9520,7.4272,1.1850,0.1375,1.8273,5.1141,1.8425
885.50,1.7247,5.1041,1.9520,7.4272,1.1850,0.1364,1.8273,5.1141,1.8414
886.00,1.7247,5.1041,1.9520,7.4272,1.1850,0.1348,1.8273,5.1141,1.8398
886.50,1.7247,5.1041,1.9520,7.4272,1.1850,0.1334,1.8273,5.1141,1.8384
887.00,1.7247,5.1041,1.9520,7.4272,1.1850,0.1322,1.8273,5.1141,1.8372
887.50,1.7247,5.1041,1.9520,7.4272,1.1850,0.1308,1.8273,5.1141,1.8358
888.00,1.7247,5.1041,1.9520,7.4272,1.1850,0.1295,1.8273,5.1141,1.8346
888.50,1.7247,5.1041,1.9520,7.4272,1.1850,0.1284,1.8273,5.1141,1.8334
889.00,1.7247,5.1041,1.9520,7.4272,1.1850,0.1279,1.8273,5.1141,1.8329
889.50,1.7247,5.1041,1.9520,7.4272,1.1850,0.1263,1.8273,5.1141,1.8313
890.00,1.7247,5.1041,1.9520,7.4272,1.1850,0.1251,1.8273,5.1141,1.8301
890.50,1.7247,5.1041,1.9520,7.4272,1.1850,0.1238,1.8273,5.1141,1.8288
891.00,1.7247,5.1041,1.9520,7.4272,1.1850,0.1224,1.8273,5.1141,1.8274
891.50,1.7247,5.1041,1.9520,7.4272,1.1850,0.1212,1.8273,5.1141,1.8262
892.00,1.7247,5.1041,1.9520,7.4272,1.1850,0.1196,1.8273,5.1141,1.8246
892.50,1.7247,5.1041,1.9520,7.4272,1.1850,0.1180,1.8273,5.1141,1.8230
893.00,1.7247,5.1041,1.9520,7.4272,1.1850,0.1173,1.8273,5.1141,1.8223
893.50,1.7247,5.1041,1.9520,7.4272,1.1850,0.1163,1.8273,5.1141,1.8213
894.00,1.7247,5.1041,1.9520,7.4272,1.1850,0.1155,1.8273,5.1141,1.8205
894.50,1.7247,5.1041,1.9520,7.4272,1.1850,0.1143,1.8273,5.1141,1.8194
895.00,1.7247,5.1041,1.9520,7.4272,1.1850,0.1128,1.8273,5.1141,1.8178
895.50,1.7247,5.1041,1.9520,7.4272,1.1850,0.1117,1.8273,5.1141,1.8167
896.00,1.7247,5.1041,1.9520,7.4272,1.1850,0.1100,1.8273,5.1141,1.8150
896.50,1.7247,5.1041,1.9520,7.4272,1.1850,0.1080,1.8273,5.1141,1.8130
897.00,1.7247,5.1041,1.9520,7.4272,1.1850,0.1070,1.8273,5.1141,1.8120
897.50,1.7247,5.1041,1.9520,7.4272,1.1850,0.1056,1.8273,5.1141,1.8106
898.00,1.7247,5.1041,1.9520,7.4272,1.1850,0.1046,1.8273,5.1141,1.8096
898.50,1.7247,5.1041,1.9520,7.4272,1.1850,0.1034,1.8273,5.1141,1.8084
899.00,1.7247,5.1041,1.9520,7.4272,1.1850,0.1023,1.8273,5.1141,1.8074
899.50,1.7247,5.1041,1.9520,7.4272,1.1850,0.1008,1.8273,5.1141,1.8058
900.00,1.7247,5.1041,1.9520,7.4272,1.1850,0.0990,1.8273,5.1141,1.8040
900.50,1.7247,5.1041,1.9520,7.4272,1.1850,0.0972,1.8273,5.1141,1.8022
901.00,1.7247,5.1041,1.9520,7.4272,1.1850,0.0964,1.8273,5.1141,1.8014
901.50,1.7247,5.1041,1.9520,7.4272,1.1850,0.0953,1.8273,5.1141,1.8003
902.00,1.7247,5.1041,1.9520,7.4272,1.1850,0.0939,1.8273,5.1141,1.7990
902.50,1.7247,5.1041,1.9520,7.4272,1.1850,0.0930,1.8273,5.1141,1.7980
903.00,1.7247,5.1041,1.9520,7.4272,1.1850,0.0916,1.8273,5.1141,1.7966
903.50,1.7247,5.1041,1.9520,7.4272,1.1850,0.0902,1.8273,5.1141,1.7952
904.00,1.7247,5.1041,1.9520,7.4272,1.1850,0.0892,1.8273,5.1141,1.7942
904.50,1.7247,5.1041,1.9520,7.4272,1.1850,0.0880,1.8273,5.1141,1.7930
905.00,1.7247,5.1041,1.9520,7.4272,1.1850,0.0870,1.8273,5.1141,1.7920
905.50,1.7247,5.1041,1.9520,7.4272,1.1850,0.0857,1.8273,5.1141,1.7907
906.00,1.7247,5.1041,1.9520,7.4272,1.1850,0.0842,1.8273,5.1141,1.7892
906.50,1.7247,5.1041,1.9520,7.4272,1.1850,0.0834,1.8273,5.1141,1.7884
907.00,1.7247,5.1041,1.9520,7.4272,1.1850,0.0824,1.8273,5.1141,1.7874
907.50,1.7247,5.1041,1.9520,7.4272,1.1850,0.0807,1.8273,5.1141,1.7857
908.00,1.7247,5.1041,1.9520,7.4272,1.1850,0.0795,1.8273,5.1141,1.7845
908.50,1.7247,5.1041,1.9520,7.4272,1.1850,0.0784,1.8273,5.1141,1.7834
909.00,1.7247,5.1041,1.9520,7.4272,1.1850,0.0775,1.8273,5.1141,1.7825
909.50,1.7247,5.1041,1.9520,7.4272,1.1850,0.0760,1.8273,5.1141,1.7810
910.00,1.7247,5.1041,1.9520,7.4272,1.1850,0.0746,1.8273,5.1141,1.7796
910.50,1.7247,5.1041,1.9520,7.4272,1.1850,0.0733,1.8273,5.1141,1.7783
911.00,1.7247,5.1041,1.9520,7.4272,1.1850,0.0717,1.8273,5.1141,1.7768
911.50,1.7247,5.1041,1.9520,7.4272,1.1850,0.0702,1.8273,5.1141,1.7753
912.00,1.7247,5.1041,1.9520,7.4272,1.1850,0.0690,1.8273,5.1141,1.7740
912.50,1.7247,5.1041,1.9520,7.4272,1.1850,0.0677,1.8273,5.1141,1.7727
913.00,1.7247,5.1041,1.9520,7.4272,1.1850,0.0664,1.8273,5.1141,1.7714
913.50,1.7247,5.1041,1.9520,7.4272,1.1850,0.0644,1.8273,5.1141,1.7694
914.00,1.7247,5.1041,1.9520,7.4272,1.1850,0.0628,1.8273,5.1141,1.7678
914.50,1.7247,5.1041,1.9520,7.4272,1.1850,0.0618,1.8273,5.1141,1.7668
915.00,1.7247,5.1041,1.9520,7.4272,1.1850,0.0606,1.8273,5.1141,1.7656
915.50,1.7247,5.1041,1.9520,7.4272,1.1850,0.0590,1.8273,5.1141,1.7640
916.00,1.7247,5.1041,1.9520,7.4272,1.1850,0.0579,1.8273,5.1141,1.7629
916.50,1.7247,5.1041,1.9520,7.4272,1.1850,0.0565,1.8273,5.1141,1.7615
917.00,1.7247,5.1041,1.9520,7.4272,1.1850,0.0549,1.8273,5.1141,1.7599
917.50,1.7247,5.1041,1.9520,7.4272,1.1850,0.0532,1.8273,5.1141,1.7583
918.00,1.7247,5.1041,1.9520,7.4272,1.1850,0.0520,1.8273,5.1141,1.7570
918.50,1.7247,5.1041,1.9520,7.4272,1.1850,0.0506,1.8273,5.1141,1.7556
919.00,1.7247,5.1041,1.9520,7.4272,1.1850,0.0491,1.8273,5.1141,1.7541
919.50,1.7247,5.1041,1.9520,7.4272,1.1850,0.0476,1.8273,5.1141,1.7526
920.00,1.7247,5.1041,1.9520,7.4272,1.1850,0.0462,1.8273,5.1141,1.7512
920.50,1.7247,5.1041,1.9520,7.4272,1.1850,0.0446,1.8273,5.1141,1.7496
921.00,1.7247,5.1041,1.9520,7.4272,1.1850,0.0426,1.8273,5.1141,1.7476
921.50,1.7247,5.1041,1.9520,7.4272,1.1850,0.0420,1.8273,5.1141,1.7470
922.00,1.7247,5.1041,1.9520,7.4272,1.1850,0.0408,1.8273,5.1141,1.7458
922.50,1.7247,5.1041,1.9520,7.4272,1.1850,0.0389,1.8273,5.1141,1.7440
923.00,1.7247,5.1041,1.9520,7.4272,1.1850,0.0379,1.8273,5.1141,1.7429
923.50,1.7247,5.1041,1.9520,7.4272,1.1850,0.0363,1.8273,5.1141,1.7413
924.00,1.7247,5.1041,1.9520,7.4272,1.1850,0.0348,1.8273,5.1141,1.7398
924.50,1.7247,5.1041,1.9520,7.4272,1.1850,0.0332,1.8273,5.1141,1.7383
925.00,1.7247,5.1041,1.9520,7.4272,1.1850,0.0320,1.8273,5.1141,1.7370
925.50,1.7247,5.1041,1.9520,7.4272,1.1850,0.0309,1.8273,5.1141,1.7359
926.00,1.7247,5.1041,1.9520,7.4272,1.1850,0.0299,1.8273,5.1141,1.7349
926.50,1.7247,5.1041,1.9520,7.4272,1.1850,0.0285,1.8273,5.1141,1.7335
927.00,1.7247,5.1041,1.9520,7.4272,1.1850,0.0270,1.8273,5.1141,1.7320
927.50,1.7247,5.1041,1.9520,7.4272,1.1850,0.0256,1.8273,5.1141,1.7306
928.00,1.7247,5.1041,1.9520,7.4272,1.1850,0.0245,1.8273,5.1141,1.7295
928.50,1.7247,5.1041,1.9520,7.4272,1.1850,0.0234,1.8273,5.1141,1.7284
929.00,1.7247,5.1041,1.9520,7.4272,1.1850,0.0219,1.8273,5.1141,1.7269
929.50,1.7247,5.1041,1.9520,7.4272,1.1850,0.0206,1.8273,5.1141,1.7257
930.00,1.7247,5.1041,1.9520,7.4272,1.1850,0.0192,1.8273,5.1141,1.7242
930.50,1.7247,5.1041,1.9520,7.4272,1.1850,0.0182,1.8273,5.1141,1.7232
931.00,1.7247,5.1041,1.9520,7.4272,1.1850,0.0167,1.8273,5.1141,1.7217
931.50,1.7247,5.1041,1.9520,7.4272,1.1850,0.0150,1.8273,5.1141,1.7200
932.00,1.7247,5.1041,1.9520,7.4272,1.1850,0.0137,1.8273,5.1141,1.7187
932.50,1.7247,5.1041,1.9520,7.4272,1.1850,0.0125,1.8273,5.1141,1.7175
933.00,1.7247,5.1041,1.9520,7.4272,1.1850,0.0109,1.8273,5.1141,1.7159
933.50,1.7247,5.1041,1.9520,7.4272,1.1850,0.0092,1.8273,5.1141,1.7142
934.00,1.7247,5.1041,1.9520,7.4272,1.1850,0.0082,1.8273,5.1141,1.7132
934.50,1.7247,5.1041,1.9520,7.4272,1.1850,0.0065,1.8273,5.1141,1.7115
935.00,1.7247,5.1041,1.9520,7.4272,1.1850,0.0048,1.8273,5.1141,1.7098
935.50,1.7247,5.1041,1.9520,7.4272,1.1850,0.0037,1.8273,5.1141,1.7087
936.00,1.7247,5.1041,1.9520,7.4272,1.1850,0.0022,1.8273,5.1141,1.7072
936.50,1.7247,5.1041,1.9520,7.4272,1.1850,0.0006,1.8273,5.1141,1.7057
937.00,1.7247,5.1041,1.9520,7.4272,1.1850,-0.0009,1.8273,5.1141,1.7041
937.50,1.7247,5.1041,1.9520,7.4272,1.1850,-0.0020,1.8273,5.1141,1.7030
938.00,1.7247,5.1041,1.9520,7.4272,1.1850,-0.0033,1.8273,5.1141,1.7017
938.50,1.7247,5.1041,1.9520,7.4272,1.1850,-0.0045,1.8273,5.1141,1.7005
939.00,1.7247,5.1041,1.9520,7.4272,1.1850,-0.0062,1.8273,5.1141,1.6988
939.50,1.7247,5.1041,1.9520,7.4272,1.1850,-0.0073,1.8273,5.1141,1.6977
940.00,1.7247,5.1041,1.9520,7.4272,1.1850,-0.0088,1.8273,5.1141,1.6962
940.50,1.7247,5.1041,1.9520,7.4272,1.1850,-0.0102,1.8273,5.1141,1.6948
941.00,1.7247,5.1041,1.9520,7.4272,1.1850,-0.0117,1.8273,5.1141,1.6933
941.50,1.7247,5.1041,1.9520,7.4272,1.1850,-0.0124,1.8273,5.1141,1.6927
942.00,1.7247,5.1041,1.9520,7.4272,1.1850,-0.0139,1.8273,5.1141,1.6911
942.50,1.7247,5.1041,1.9520,7.4272,1.1850,-0.0152,1.8273,5.1141,1.6898
943.00,1.7247,5.1041,1.9520,7.4272,1.1850,-0.0168,1.8273,5.1141,1.6882
943.50,1.7247,5.1041,1.9520,7.4272,1.1850,-0.0182,1.8273,5.1141,1.6868
944.00,1.7247,5.1041,1.9520,7.4272,1.1850,-0.0198,1.8273,5.1141,1.6852
944.50,1.7247,5.1041,1.9520,7.4272,1.1850,-0.0209,1.8273,5.1141,1.6841
945.00,1.7247,5.1041,1.9520,7.4272,1.1850,-0.0222,1.8273,5.1141,1.6828
945.50,1.7247,5.1041,1.9520,7.4272,1.1850,-0.0240,1.8273,5.1141,1.6810
946.00,1.7247,5.1041,1.9520,7.4272,1.1850,-0.0256,1.8273,5.1141,1.6794
946.50,1.7247,5.1041,1.9520,7.4272,1.1850,-0.0268,1.8273,5.1141,1.6782
947.00,1.7247,5.1041,1.9520,7.4272,1.1850,-0.0283,1.8273,5.1141,1.6767
947.50,1.7247,5.1041,1.9520,7.4272,1.1850,-0.0299,1.8273,5.1141,1.6751
948.00,1.7247,5.1041,1.9520,7.4272,1.1850,-0.0316,1.8273,5.1141,1.6734
948.50,1.7247,5.1041,1.9520,7.4272,1.1850,-0.0328,1.8273,5.1141,1.6722
949.00,1.7247,5.1041,1.9520,7.4272,1.1850,-0.0338,1.8273,5.1141,1.6712
949.50,1.7247,5.1041,1.9520,7.4272,1.1850,-0.0352,1.8273,5.1141,1.6698
950.00,1.7247,5.1041,1.9520,7.4272,1.1850,-0.0364,1.8273,5.1141,1.6686
950.50,1.7247,5.1041,1.9520,7.4272,1.1850,-0.0380,1.8273,5.1141,1.6670
951.00,1.7247,5.1041,1.9520,7.4272,1.1850,-0.0394,1.8273,5.1141,1.6656
951.50,1.7247,5.1041,1.9520,7.4272,1.1850,-0.0405,1.8273,5.1141,1.6645
952.00,1.7247,5.1041,1.9520,7.4272,1.1850,-0.0418,1.8273,5.1141,1.6632
952.50,1.7247,5.1041,1.9520,7.4272,1.1850,-0.0430,1.8273,5.1141,1.6620
953.00,1.7247,5.1041,1.9520,7.4272,1.1850,-0.0450,1.8273,5.1141,1.6600
953.50,1.7247,5.1041,1.9520,7.4272,1.1850,-0.0462,1.8273,5.1141,1.6588
954.00,1.7247,5.1041,1.9520,7.4272,1.1850,-0.0481,1.8273,5.1141,1.6569
954.50,1.7247,5.1041,1.9520,7.4272,1.1850,-0.0494,1.8273,5.1141,1.6556
955.00,1.7247,5.1041,1.9520,7.4272,1.1850,-0.0511,1.8273,5.1141,1.6539
955.50,1.7247,5.1041,1.9520,7.4272,1.1850,-0.0527,1.8273,5.1141,1.6523
956.00,1.7247,5.1041,1.9520,7.4272,1.1850,-0.0540,1.8273,5.1141,1.6510
956.50,1.7247,5.1041,1.9520,7.4272,1.1850,-0.0557,1.8273,5.1141,1.6493
957.00,1.7247,5.1041,1.9520,7.4272,1.1850,-0.0572,1.8273,5.1141,1.6478
957.50,1.7247,5.1041,1.9520,7.4272,1.1850,-0.0591,1.8273,5.1141,1.6459
958.00,1.7247,5.1041,1.9520,7.4272,1.1850,-0.0608,1.8273,5.1141,1.6442
958.50,1.7247,5.1041,1.9520,7.4272,1.1850,-0.0620,1.8273,5.1141,1.6430
959.00,1.7247,5.1041,1.9520,7.4272,1.1850,-0.0632,1.8273,5.1141,1.6418
959.50,1.7247,5.1041,1.9520,7.4272,1.1850,-0.0641,1.8273,5.1141,1.6410
960.00,1.7247,5.1041,1.9520,7.4272,1.1850,-0.0657,1.8273,5.1141,1.6393
960.50,1.7247,5.1041,1.9520,7.4272,1.1850,-0.0672,1.8273,5.1141,1.6378
961.00,1.7247,5.1041,1.9520,7.4272,1.1850,-0.0688,1.8273,5.1141,1.6362
961.50,1.7247,5.1041,1.9520,7.4272,1.1850,-0.0701,1.8273,5.1141,1.6349
962.00,1.7247,5.1041,1.9520,7.4272,1.1850,-0.0719,1.8273,5.1141,1.6331
962.50,1.7247,5.1041,1.9520,7.4272,1.1850,-0.0735,1.8273,5.1141,1.6315
963.00,1.7247,5.1041,1.9520,7.4272,1.1850,-0.0746,1.8273,5.1141,1.6304
963.50,1.7247,5.1041,1.9520,7.4272,1.1850,-0.0762,1.8273,5.1141,1.6288
964.00,1.7247,5.1041,1.9520,7.4272,1.1850,-0.0782,1.8273,5.1141,1.6268
964.50,1.7247,5.1041,1.9520,7.4272,1.1850,-0.0793,1.8273,5.1141,1.6257
965.00,1.7247,5.1041,1.9520,7.4272,1.1850,-0.0807,1.8273,5.1141,1.6243
965.50,1.7247,5.1041,1.9520,7.4272,1.1850,-0.0820,1.8273,5.1141,1.6230
966.00,1.7247,5.1041,1.9520,7.4272,1.1850,-0.0830,1.8273,5.1141,1.6220
966.50,1.7247,5.1041,1.9520,7.4272,1.1850,-0.0847,1.8273,5.1141,1.6203
967.00,1.7247,5.1041,1.9520,7.4272,1.1850,-0.0864,1.8273,5.1141,1.6186
967.50,1.7247,5.1041,1.9520,7.4272,1.1850,-0.0876,1.8273,5.1141,1.6174
968.00,1.7247,5.1041,1.9520,7.4272,1.1850,-0.0892,1.8273,5.1141,1.6158
968.50,1.7247,5.1041,1.9520,7.4272,1.1850,-0.0907,1.8273,5.1141,1.6143
969.00,1.7247,5.1041,1.9520,7.4272,1.1850,-0.0925,1.8273,5.1141,1.6125
969.50,1.7247,5.1041,1.9520,7.4272,1.1850,-0.0937,1.8273,5.1141,1.6113
970.00,1.7247,5.1041,1.9520,7.4272,1.1850,-0.0947,1.8273,5.1141,1.6103
970.50,1.7247,5.1041,1.9520,7.4272,1.1850,-0.0954,1.8273,5.1141,1.6096
971.00,1.7247,5.1041,1.9520,7.4272,1.1850,-0.0970,1.8273,5.1141,1.6080
971.50,1.7247,5.1041,1.9520,7.4272,1.1850,-0.0986,1.8273,5.1141,1.6064
972.00,1.7247,5.1041,1.9520,7.4272,1.1850,-0.1000,1.8273,5.1141,1.6050
972.50,1.7247,5.1041,1.9520,7.4272,1.1850,-0.1014,1.8273,5.1141,1.6036
973.00,1.7247,5.1041,1.9520,7.4272,1.1850,-0.1026,1.8273,5.1141,1.6024
973.50,1.7247,5.1041,1.9520,7.4272,1.1850,-0.1040,1.8273,5.1141,1.6010
974.00,1.7247,5.1041,1.9520,7.4272,1.1850,-0.1052,1.8273,5.1141,1.5998
974.50,1.7247,5.1041,1.9520,7.4272,1.1850,-0.1065,1.8273,5.1141,1.5985
975.00,1.7247,5.1041,1.9520,7.4272,1.1850,-0.1074,1.8273,5.1141,1.5976
975.50,1.7247,5.1041,1.9520,7.4272,1.1850,-0.1091,1.8273,5.1141,1.5960
976.00,1.7247,5.1041,1.9520,7.4272,1.1850,-0.1109,1.8273,5.1141,1.5941
976.50,1.7247,5.1041,1.9520,7.4272,1.1850,-0.1123,1.8273,5.1141,1.5927
977.00,1.7247,5.1041,1.9520,7.4272,1.1850,-0.1137,1.8273,5.1141,1.5913
977.50,1.7247,5.1041,1.9520,7.4272,1.1850,-0.1155,1.8273,5.1141,1.5895
978.00,1.7247,5.1041,1.9520,7.4272,1.1850,-0.1167,1.8273,5.1141,1.5883
978.50,1.7247,5.1041,1.9520,7.4272,1.1850,-0.1180,1.8273,5.1141,1.5870
979.00,1.7247,5.1041,1.9520,7.4272,1.1850,-0.1195,1.8273,5.1141,1.5855
979.50,1.7247,5.1041,1.9520,7.4272,1.1850,-0.1212,1.8273,5.1141,1.5838
980.00,1.7247,5.1041,1.9520,7.4272,1.1850,-0.1228,1.8273,5.1141,1.5822
980.50,1.7247,5.1041,1.9520,7.4272,1.1850,-0.1243,1.8273,5.1141,1.5807
981.00,1.7247,5.1041,1.9520,7.4272,1.1850,-0.1255,1.8273,5.1141,1.5795
981.50,1.7247,5.1041,1.9520,7.4272,1.1850,-0.1273,1.8273,5.1141,1.5777
982.00,1.7247,5.1041,1.9520,7.4272,1.1850,-0.1285,1.8273,5.1141,1.5765
982.50,1.7247,5.1041,1.9520,7.4272,1.1850,-0.1303,1.8273,5.1141,1.5747
983.00,1.7247,5.1041,1.9520,7.4272,1.1850,-0.1318,1.8273,5.1141,1.5732
983.50,1.7247,5.1041,1.9520,7.4272,1.1850,-0.1334,1.8273,5.1141,1.5716
984.00,1.7247,5.1041,1.9520,7.4272,1.1850,-0.1355,1.8273,5.1141,1.5695
984.50,1.7247,5.1041,1.9520,7.4272,1.1850,-0.1369,1.8273,5.1141,1.5681
985.00,1.7247,5.1041,1.9520,7.4272,1.1850,-0.1384,1.8273,5.1141,1.5666
985.50,1.7247,5.1041,1.9520,7.4272,1.1850,-0.1393,1.8273,5.1141,1.5657
986.00,1.7247,5.1041,1.9520,7.4272,1.1850,-0.1409,1.8273,5.1141,1.5641
986.50,1.7247,5.1041,1.9520,7.4272,1.1850,-0.1419,1.8273,5.1141,1.5631
987.00,1.7247,5.1041,1.9520,7.4272,1.1850,-0.1433,1.8273,5.1141,1.5617
987.50,1.7247,5.1041,1.9520,7.4272,1.1850,-0.1449,1.8273,5.1141,1.5601
988.00,1.7247,5.1041,1.9520,7.4272,1.1850,-0.1463,1.8273,5.1141,1.5587
988.50,1.7247,5.1041,1.9520,7.4272,1.1850,-0.1473,1.8273,5.1141,1.5577
989.00,1.7247,5.1041,1.9520,7.4272,1.1850,-0.1485,1.8273,5.1141,1.5565
989.50,1.7247,5.1041,1.9520,7.4272,1.1850,-0.1505,1.8273,5.1141,1.5545
990.00,1.7247,5.1041,1.9520,7.4272,1.1850,-0.1523,1.8273,5.1141,1.5528
990.50,1.7247,5.1041,1.9520,7.4272,1.1850,-0.1545,1.8273,5.1141,1.5505
991.00,1.7247,5.1041,1.9520,7.4272,1.1850,-0.1556,1.8273,5.1141,1.5494
991.50,1.7247,5.1041,1.9520,7.4272,1.1850,-0.1571,1.8273,5.1141,1.5479
992.00,1.7247,5.1041,1.9520,7.4272,1.1850,-0.1585,1.8273,5.1141,1.5465
992.50,1.7247,5.1041,1.9520,7.4272,1.1850,-0.1597,1.8273,5.1141,1.5453
993.00,1.7247,5.1041,1.9520,7.4272,1.1850,-0.1610,1.8273,5.1141,1.5440
993.50,1.7247,5.1041,1.9520,7.4272,1.1850,-0.1628,1.8273,5.1141,1.5422
994.00,1.7247,5.1041,1.9520,7.4272,1.1850,-0.1642,1.8273,5.1141,1.5408
994.50,1.7247,5.1041,1.9520,7.4272,1.1850,-0.1652,1.8273,5.1141,1.5398
995.00,1.7247,5.1041,1.9520,7.4272,1.1850,-0.1666,1.8273,5.1141,1.5384
995.50,1.7247,5.1041,1.9520,7.4272,1.1850,-0.1677,1.8273,5.1141,1.5373
996.00,1.7247,5.1041,1.9520,7.4272,1.1850,-0.1698,1.8273,5.1141,1.5352
996.50,1.7247,5.1041,1.9520,7.4272,1.1850,-0.1713,1.8273,5.1141,1.5338
997.00,1.7247,5.1041,1.9520,7.4272,1.1850,-0.1727,1.8273,5.1141,1.5324
997.50,1.7247,5.1041,1.9520,7.4272,1.1850,-0.1741,1.8273,5.1141,1.5309
998.00,1.7247,5.1041,1.9520,7.4272,1.1850,-0.1754,1.8273,5.1141,1.5297
998.50,1.7247,5.1041,1.9520,7.4272,1.1850,-0.1765,1.8273,5.1141,1.5285
999.00,1.7247,5.1041,1.9520,7.4272,1.1850,-0.1779,1.8273,5.1141,1.5271
999.50,1.7247,5.1041,1.9520,7.4272,1.1850,-0.1790,1.8273,5.1141,1.5260
1000.00,1.7247,5.1041,1.9520,7.4272,1.1850,-0.1800,1.8273,5.1141,1.5250
1000.50,1.7247,5.1041,1.9520,7.4272,1.1850,-0.1814,1.8273,5.1141,1.5236
1001.00,1.7247,5.1041,1.9520,7.4272,1.1850,-0.1824,1.8273,5.1141,1.5226
1001.50,1.7247,5.1041,1.9520,7.4272,1.1850,-0.1840,1.8273,5.1141,1.5210
1002.00,1.7247,5.1041,1.9520,7.4272,1.1850,-0.1851,1.8273,5.1141,1.5199
1002.50,1.7247,5.1041,1.9520,7.4272,1.1850,-0.1870,1.8273,5.1141,1.5180
1003.00,1.7247,5.1041,1.9520,7.4272,1.1850,-0.1882,1.8273,5.1141,1.5168
1003.50,1.7247,5.1041,1.9520,7.4272,1.1850,-0.1895,1.8273,5.1141,1.5155
1004.00,1.7247,5.1041,1.9520,7.4272,1.1850,-0.1910,1.8273,5.1141,1.5140
1004.50,1.7247,5.1041,1.9520,7.4272,1.1850,-0.1919,1.8273,5.1141,1.5131
1005.00,1.7247,5.1041,1.9520,7.4272,1.1850,-0.1931,1.8273,5.1141,1.5119
1005.50,1.7247,5.1041,1.9520,7.4272,1.1850,-0.1948,1.8273,5.1141,1.5102
1006.00,1.7247,5.1041,1.9520,7.4272,1.1850,-0.1958,1.8273,5.1141,1.5093
1006.50,1.7247,5.1041,1.9520,7.4272,1.1850,-0.1969,1.8273,5.1141,1.5081
1007.00,1.7247,5.1041,1.9520,7.4272,1.1850,-0.1979,1.8273,5.1141,1.5071
1007.50,1.7247,5.1041,1.9520,7.4272,1.1850,-0.1996,1.8273,5.1141,1.5054
1008.00,1.7247,5.1041,1.9520,7.4272,1.1850,-0.2006,1.8273,5.1141,1.5044
1008.50,1.7247,5.1041,1.9520,7.4272,1.1850,-0.2020,1.8273,5.1141,1.5030
1009.00,1.7247,5.1041,1.9520,7.4272,1.1850,-0.2035,1.8273,5.1141,1.5015
1009.50,1.7247,5.1041,1.9520,7.4272,1.1850,-0.2051,1.8273,5.1141,1.4999
1010.00,1.7247,5.1041,1.9520,7.4272,1.1850,-0.2061,1.8273,5.1141,1.4989
1010.50,1.7247,5.1041,1.9520,7.4272,1.1850,-0.2077,1.8273,5.1141,1.4973
1011.00,1.7247,5.1041,1.9520,7.4272,1.1850,-0.2089,1.8273,5.1141,1.4961
1011.50,1.7247,5.1041,1.9520,7.4272,1.1850,-0.2100,1.8273,5.1141,1.4950
1012.00,1.7247,5.1041,1.9520,7.4272,1.1850,-0.2116,1.8273,5.1141,1.4934
1012.50,1.7247,5.1041,1.9520,7.4272,1.1850,-0.2125,1.8273,5.1141,1.4925
1013.00,1.7247,5.1041,1.9520,7.4272,1.1850,-0.2144,1.8273,5.1141,1.4906
1013.50,1.7247,5.1041,1.9520,7.4272,1.1850,-0.2157,1.8273,5.1141,1.4893
1014.00,1.7247,5.1041,1.9520,7.4272,1.1850,-0.2169,1.8273,5.1141,1.4881
1014.50,1.7247,5.1041,1.9520,7.4272,1.1850,-0.2182,1.8273,5.1141,1.4868
1015.00,1.7247,5.1041,1.9520,7.4272,1.1850,-0.2199,1.8273,5.1141,1.4851
1015.50,1.7247,5.1041,1.9520,7.4272,1.1850,-0.2213,1.8273,5.1141,1.4837
1016.00,1.7247,5.1041,1.9520,7.4272,1.1850,-0.2226,1.8273,5.1141,1.4824
1016.50,1.7247,5.1041,1.9520,7.4272,1.1850,-0.2240,1.8273,5.1141,1.4810
1017.00,1.7247,5.1041,1.9520,7.4272,1.1850,-0.2249,1.8273,5.1141,1.4801
1017.50,1.7247,5.1041,1.9520,7.4272,1.1850,-0.2267,1.8273,5.1141,1.4783
1018.00,1.7247,5.1041,1.9520,7.4272,1.1850,-0.2281,1.8273,5.1141,1.4770
1018.50,1.7247,5.1041,1.9520,7.4272,1.1850,-0.2292,1.8273,5.1141,1.4758
1019.00,1.7247,5.1041,1.9520,7.4272,1.1850,-0.2305,1.8273,5.1141,1.4745
1019.50,1.7247,5.1041,1.9520,7.4272,1.1850,-0.2323,1.8273,5.1141,1.4727
1020.00,1.7247,5.1041,1.9520,7.4272,1.1850,-0.2340,1.8273,5.1141,1.4711
1020.50,1.7247,5.1041,1.9520,7.4272,1.1850,-0.2352,1.8273,5.1141,1.4698
1021.00,1.7247,5.1041,1.9520,7.4272,1.1850,-0.2369,1.8273,5.1141,1.4681
1021.50,1.7247,5.1041,1.9520,7.4272,1.1850,-0.2376,1.8273,5.1141,1.4674
1022.00,1.7247,5.1041,1.9520,7.4272,1.1850,-0.2388,1.8273,5.1141,1.4662
1022.50,1.7247,5.1041,1.9520,7.4272,1.1850,-0.2400,1.8273,5.1141,1.4650
1023.00,1.7247,5.1041,1.9520,7.4272,1.1850,-0.2409,1.8273,5.1141,1.4641
1023.50,1.7247,5.1041,1.9520,7.4272,1.1850,-0.2421,1.8273,5.1141,1.4629
1024.00,1.7247,5.1041,1.9520,7.4272,1.1850,-0.2429,1.8273,5.1141,1.4621
1024.50,1.7247,5.1041,1.9520,7.4272,1.1850,-0.2443,1.8273,5.1141,1.4608
1025.00,1.7247,5.1041,1.9520,7.4272,1.1850,-0.2461,1.8273,5.1141,1.4589
1025.50,1.7247,5.1041,1.9520,7.4272,1.1850,-0.2480,1.8273,5.1141,1.4570
1026.00,1.7247,5.1041,1.9520,7.4272,1.1850,-0.2486,1.8273,5.1141,1.4564
1026.50,1.7247,5.1041,1.9520,7.4272,1.1850,-0.2498,1.8273,5.1141,1.4552
1027.00,1.7247,5.1041,1.9520,7.4272,1.1850,-0.2506,1.8273,5.1141,1.4544
1027.50,1.7247,5.1041,1.9520,7.4272,1.1850,-0.2519,1.8273,5.1141,1.4531
1028.00,1.7247,5.1041,1.9520,7.4272,1.1850,-0.2535,1.8273,5.1141,1.4515
1028.50,1.7247,5.1041,1.9520,7.4272,1.1850,-0.2546,1.8273,5.1141,1.4504
1029.00,1.7247,5.1041,1.9520,7.4272,1.1850,-0.2551,1.8273,5.1141,1.4499
1029.50,1.7247,5.1041,1.9520,7.4272,1.1850,-0.2565,1.8273,5.1141,1.4485
1030.00,1.7247,5.1041,1.9520,7.4272,1.1850,-0.2576,1.8273,5.1141,1.4474
1030.50,1.7247,5.1041,1.9520,7.4272,1.1850,-0.2590,1.8273,5.1141,1.4460
1031.00,1.7247,5.1041,1.9520,7.4272,1.1850,-0.2601,1.8273,5.1141,1.4449
1031.50,1.7247,5.1041,1.9520,7.4272,1.1850,-0.2623,1.8273,5.1141,1.4427
1032.00,1.7247,5.1041,1.9520,7.4272,1.1850,-0.2636,1.8273,5.1141,1.4414
1032.50,1.7247,5.1041,1.9520,7.4272,1.1850,-0.2652,1.8273,5.1141,1.4398
1033.00,1.7247,5.1041,1.9520,7.4272,1.1850,-0.2665,1.8273,5.1141,1.4385
1033.50,1.7247,5.1041,1.9520,7.4272,1.1850,-0.2685,1.8273,5.1141,1.4365
1034.00,1.7247,5.1041,1.9520,7.4272,1.1850,-0.2698,1.8273,5.1141,1.4352
1034.50,1.7247,5.1041,1.9520,7.4272,1.1850,-0.2711,1.8273,5.1141,1.4339
1035.00,1.7247,5.1041,1.9520,7.4272,1.1850,-0.2728,1.8273,5.1141,1.4322
1035.50,1.7247,5.1041,1.9520,7.4272,1.1850,-0.2744,1.8273,5.1141,1.4306
1036.00,1.7247,5.1041,1.9520,7.4272,1.1850,-0.2756,1.8273,5.1141,1.4294
1036.50,1.7247,5.1041,1.9520,7.4272,1.1850,-0.2766,1.8273,5.1141,1.4284
1037.00,1.7247,5.1041,1.9520,7.4272,1.1850,-0.2773,1.8273,5.1141,1.4277
1037.50,1.7247,5.1041,1.9520,7.4272,1.1850,-0.2784,1.8273,5.1141,1.4266
1038.00,1.7247,5.1041,1.9520,7.4272,1.1850,-0.2798,1.8273,5.1141,1.4252
1038.50,1.7247,5.1041,1.9520,7.4272,1.1850,-0.2807,1.8273,5.1141,1.4244
1039.00,1.7247,5.1041,1.9520,7.4272,1.1850,-0.2824,1.8273,5.1141,1.4226
1039.50,1.7247,5.1041,1.9520,7.4272,1.1850,-0.2841,1.8273,5.1141,1.4210
1040.00,1.7247,5.1041,1.9520,7.4272,1.1850,-0.2855,1.8273,5.1141,1.4195
1040.50,1.7247,5.1041,1.9520,7.4272,1.1850,-0.2869,1.8273,5.1141,1.4182
1041.00,1.7247,5.1041,1.9520,7.4272,1.1850,-0.2882,1.8273,5.1141,1.4168
1041.50,1.7247,5.1041,1.9520,7.4272,1.1850,-0.2899,1.8273,5.1141,1.4151
1042.00,1.7247,5.1041,1.9520,7.4272,1.1850,-0.2919,1.8273,5.1141,1.4131
1042.50,1.7247,5.1041,1.9520,7.4272,1.1850,-0.2938,1.8273,5.1141,1.4112
1043.00,1.7247,5.1041,1.9520,7.4272,1.1850,-0.2952,1.8273,5.1141,1.4098
1043.50,1.7247,5.1041,1.9520,7.4272,1.1850,-0.2965,1.8273,5.1141,1.4085
1044.00,1.7247,5.1041,1.9520,7.4272,1.1850,-0.2976,1.8273,5.1141,1.4074
1044.50,1.7247,5.1041,1.9520,7.4272,1.1850,-0.2989,1.8273,5.1141,1.4061
1045.00,1.7247,5.1041,1.9520,7.4272,1.1850,-0.3002,1.8273,5.1141,1.4048
1045.50,1.7247,5.1041,1.9520,7.4272,1.1850,-0.3013,1.8273,5.1141,1.4037
1046.00,1.7247,5.1041,1.9520,7.4272,1.1850,-0.3023,1.8273,5.1141,1.4027
1046.50,1.7247,5.1041,1.9520,7.4272,1.1850,-0.3031,1.8273,5.1141,1.4019
1047.00,1.7247,5.1041,1.9520,7.4272,1.1850,-0.3043,1.8273,5.1141,1.4007
1047.50,1.7247,5.1041,1.9520,7.4272,1.1850,-0.3056,1.8273,5.1141,1.3994
1048.00,1.7247,5.1041,1.9520,7.4272,1.1850,-0.3075,1.8273,5.1141,1.3975
1048.50,1.7247,5.1041,1.9520,7.4272,1.1850,-0.3085,1.8273,5.1141,1.3965
1049.00,1.7247,5.1041,1.9520,7.4272,1.1850,-0.3094,1.8273,5.1141,1.3956
1049.50,1.7247,5.1041,1.9520,7.4272,1.1850,-0.3100,1.8273,5.1141,1.3950
1050.00,1.7247,5.1041,1.9520,7.4272,1.1850,-0.3111,1.8273,5.1141,1.3939
1050.50,1.7247,5.1041,1.9520,7.4272,1.1850,-0.3123,1.8273,5.1141,1.3927
1051.00,1.7247,5.1041,1.9520,7.4272,1.1850,-0.3129,1.8273,5.1141,1.3921
1051.50,1.7247,5.1041,1.9520,7.4272,1.1850,-0.3147,1.8273,5.1141,1.3903
1052.00,1.7247,5.1041,1.9520,7.4272,1.1850,-0.3157,1.8273,5.1141,1.3893
1052.50,1.7247,5.1041,1.9520,7.4272,1.1850,-0.3170,1.8273,5.1141,1.3880
1053.00,1.7247,5.1041,1.9520,7.4272,1.1850,-0.3183,1.8273,5.1141,1.3867
1053.50,1.7247,5.1041,1.9520,7.4272,1.1850,-0.3199,1.8273,5.1141,1.3851
1054.00,1.7247,5.1041,1.9520,7.4272,1.1850,-0.3204,1.8273,5.1141,1.3846
1054.50,1.7247,5.1041,1.9520,7.4272,1.1850,-0.3219,1.8273,5.1141,1.3831
1055.00,1.7247,5.1041,1.9520,7.4272,1.1850,-0.3230,1.8273,5.1141,1.3820
1055.50,1.7247,5.1041,1.9520,7.4272,1.1850,-0.3243,1.8273,5.1141,1.3807
1056.00,1.7247,5.1041,1.9520,7.4272,1.1850,-0.3253,1.8273,5.1141,1.3797
1056.50,1.7247,5.1041,1.9520,7.4272,1.1850,-0.3265,1.8273,5.1141,1.3785
1057.00,1.7247,5.1041,1.9520,7.4272,1.1850,-0.3275,1.8273,5.1141,1.3775
1057.50,1.7247,5.1041,1.9520,7.4272,1.1850,-0.3292,1.8273,5.1141,1.3758
1058.00,1.7247,5.1041,1.9520,7.4272,1.1850,-0.3302,1.8273,5.1141,1.3749
1058.50,1.7247,5.1041,1.9520,7.4272,1.1850,-0.3316,1.8273,5.1141,1.3734
1059.00,1.7247,5.1041,1.9520,7.4272,1.1850,-0.3328,1.8273,5.1141,1.3722
1059.50,1.7247,5.1041,1.9520,7.4272,1.1850,-0.3340,1.8273,5.1141,1.3710
1060.00,1.7247,5.1041,1.9520,7.4272,1.1850,-0.3354,1.8273,5.1141,1.3696
1060.50,1.7247,5.1041,1.9520,7.4272,1.1850,-0.3365,1.8273,5.1141,1.3685
1061.00,1.7247,5.1041,1.9520,7.4272,1.1850,-0.3379,1.8273,5.1141,1.3671
1061.50,1.7247,5.1041,1.9520,7.4272,1.1850,-0.3390,1.8273,5.1141,1.3660
1062.00,1.7247,5.1041,1.9520,7.4272,1.1850,-0.3398,1.8273,5.1141,1.3652
1062.50,1.7247,5.1041,1.9520,7.4272,1.1850,-0.3413,1.8273,5.1141,1.3637
1063.00,1.7247,5.1041,1.9520,7.4272,1.1850,-0.3427,1.8273,5.1141,1.3623
1063.50,1.7247,5.1041,1.9520,7.4272,1.1850,-0.3437,1.8273,5.1141,1.3613
1064.00,1.7247,5.1041,1.9520,7.4272,1.1850,-0.3452,1.8273,5.1141,1.3599
1064.50,1.7247,5.1041,1.9520,7.4272,1.1850,-0.3463,1.8273,5.1141,1.3587
1065.00,1.7247,5.1041,1.9520,7.4272,1.1850,-0.3476,1.8273,5.1141,1.3574
1065.50,1.7247,5.1041,1.9520,7.4272,1.1850,-0.3490,1.8273,5.1141,1.3561
1066.00,1.7247,5.1041,1.9520,7.4272,1.1850,-0.3501,1.8273,5.1141,1.3549
1066.50,1.7247,5.1041,1.9520,7.4272,1.1850,-0.3510,1.8273,5.1141,1.3540
1067.00,1.7247,5.1041,1.9520,7.4272,1.1850,-0.3517,1.8273,5.1141,1.3533
1067.50,1.7247,5.1041,1.9520,7.4272,1.1850,-0.3528,1.8273,5.1141,1.3522
1068.00,1.7247,5.1041,1.9520,7.4272,1.1850,-0.3540,1.8273,5.1141,1.3510
1068.50,1.7247,5.1041,1.9520,7.4272,1.1850,-0.3554,1.8273,5.1141,1.3496
1069.00,1.7247,5.1041,1.9520,7.4272,1.1850,-0.3562,1.8273,5.1141,1.3488
1069.50,1.7247,5.1041,1.9520,7.4272,1.1850,-0.3574,1.8273,5.1141,1.3476
1070.00,1.7247,5.1041,1.9520,7.4272,1.1850,-0.3587,1.8273,5.1141,1.3464
1070.50,1.7247,5.1041,1.9520,7.4272,1.1850,-0.3596,1.8273,5.1141,1.3454
1071.00,1.7247,5.1041,1.9520,7.4272,1.1850,-0.3600,1.8273,5.1141,1.3450
1071.50,1.7247,5.1041,1.9520,7.4272,1.1850,-0.3611,1.8273,5.1141,1.3439
1072.00,1.7247,5.1041,1.9520,7.4272,1.1850,-0.3623,1.8273,5.1141,1.3427
1072.50,1.7247,5.1041,1.9520,7.4272,1.1850,-0.3630,1.8273,5.1141,1.3420
1073.00,1.7247,5.1041,1.9520,7.4272,1.1850,-0.3643,1.8273,5.1141,1.3407
1073.50,1.7247,5.1041,1.9520,7.4272,1.1850,-0.3652,1.8273,5.1141,1.3398
1074.00,1.7247,5.1041,1.9520,7.4272,1.1850,-0.3663,1.8273,5.1141,1.3387
1074.50,1.7247,5.1041,1.9520,7.4272,1.1850,-0.3677,1.8273,5.1141,1.3373
1075.00,1.7247,5.1041,1.9520,7.4272,1.1850,-0.3691,1.8273,5.1141,1.3359
1075.50,1.7247,5.1041,1.9520,7.4272,1.1850,-0.3701,1.8273,5.1141,1.3349
1076.00,1.7247,5.1041,1.9520,7.4272,1.1850,-0.3714,1.8273,5.1141,1.3336
1076.50,1.7247,5.1041,1.9520,7.4272,1.1850,-0.3724,1.8273,5.1141,1.3326
1077.00,1.7247,5.1041,1.9520,7.4272,1.1850,-0.3736,1.8273,5.1141,1.3314
1077.50,1.7247,5.1041,1.9520,7.4272,1.1850,-0.3749,1.8273,5.1141,1.3301
1078.00,1.7247,5.1041,1.9520,7.4272,1.1850,-0.3761,1.8273,5.1141,1.3289
1078.50,1.7247,5.1041,1.9520,7.4272,1.1850,-0.3774,1.8273,5.1141,1.3276
1079.00,1.7247,5.1041,1.9520,7.4272,1.1850,-0.3782,1.8273,5.1141,1.3268
1079.50,1.7247,5.1041,1.9520,7.4272,1.1850,-0.3791,1.8273,5.1141,1.3259
1080.00,1.7247,5.1041,1.9520,7.4272,1.1850,-0.3796,1.8273,5.1141,1.3254
1080.50,1.7247,5.1041,1.9520,7.4272,1.1850,-0.3808,1.8273,5.1141,1.3242
1081.00,1.7247,5.1041,1.9520,7.4272,1.1850,-0.3822,1.8273,5.1141,1.3228
1081.50,1.7247,5.1041,1.9520,7.4272,1.1850,-0.3831,1.8273,5.1141,1.3219
1082.00,1.7247,5.1041,1.9520,7.4272,1.1850,-0.3842,1.8273,5.1141,1.3208
1082.50,1.7247,5.1041,1.9520,7.4272,1.1850,-0.3855,1.8273,5.1141,1.3195
1083.00,1.7247,5.1041,1.9520,7.4272,1.1850,-0.3861,1.8273,5.1141,1.3189
1083.50,1.7247,5.1041,1.9520,7.4272,1.1850,-0.3871,1.8273,5.1141,1.3179
1084.00,1.7247,5.1041,1.9520,7.4272,1.1850,-0.3881,1.8273,5.1141,1.3169
1084.50,1.7247,5.1041,1.9520,7.4272,1.1850,-0.3894,1.8273,5.1141,1.3156
1085.00,1.7247,5.1041,1.9520,7.4272,1.1850,-0.3905,1.8273,5.1141,1.3146
1085.50,1.7247,5.1041,1.9520,7.4272,1.1850,-0.3921,1.8273,5.1141,1.3129
1086.00,1.7247,5.1041,1.9520,7.4272,1.1850,-0.3929,1.8273,5.1141,1.3121
1086.50,1.7247,5.1041,1.9520,7.4272,1.1850,-0.3940,1.8273,5.1141,1.3110
1087.00,1.7247,5.1041,1.9520,7.4272,1.1850,-0.3950,1.8273,5.1141,1.3100
1087.50,1.7247,5.1041,1.9520,7.4272,1.1850,-0.3957,1.8273,5.1141,1.3093
1088.00,1.7247,5.1041,1.9520,7.4272,1.1850,-0.3968,1.8273,5.1141,1.3082
1088.50,1.7247,5.1041,1.9520,7.4272,1.1850,-0.3973,1.8273,5.1141,1.3077
1089.00,1.7247,5.1041,1.9520,7.4272,1.1850,-0.3983,1.8273,5.1141,1.3068
1089.50,1.7247,5.1041,1.9520,7.4272,1.1850,-0.3993,1.8273,5.1141,1.3057
1090.00,1.7247,5.1041,1.9520,7.4272,1.1850,-0.4007,1.8273,5.1141,1.3043
1090.50,1.7247,5.1041,1.9520,7.4272,1.1850,-0.4017,1.8273,5.1141,1.3033
1091.00,1.7247,5.1041,1.9520,7.4272,1.1850,-0.4030,1.8273,5.1141,1.3020
1091.50,1.7247,5.1041,1.9520,7.4272,1.1850,-0.4037,1.8273,5.1141,1.3013
1092.00,1.7247,5.1041,1.9520,7.4272,1.1850,-0.4047,1.8273,5.1141,1.3003
1092.50,1.7247,5.1041,1.9520,7.4272,1.1850,-0.4055,1.8273,5.1141,1.2995
1093.00,1.7247,5.1041,1.9520,7.4272,1.1850,-0.4060,1.8273,5.1141,1.2990
1093.50,1.7247,5.1041,1.9520,7.4272,1.1850,-0.4077,1.8273,5.1141,1.2973
1094.00,1.7247,5.1041,1.9520,7.4272,1.1850,-0.4088,1.8273,5.1141,1.2962
1094.50,1.7247,5.1041,1.9520,7.4272,1.1850,-0.4100,1.8273,5.1141,1.2950
1095.00,1.7247,5.1041,1.9520,7.4272,1.1850,-0.4110,1.8273,5.1141,1.2941
1095.50,1.7247,5.1041,1.9520,7.4272,1.1850,-0.4118,1.8273,5.1141,1.2932
1096.00,1.7247,5.1041,1.9520,7.4272,1.1850,-0.4128,1.8273,5.1141,1.2922
1096.50,1.7247,5.1041,1.9520,7.4272,1.1850,-0.4138,1.8273,5.1141,1.2912
1097.00,1.7247,5.1041,1.9520,7.4272,1.1850,-0.4142,1.8273,5.1141,1.2908
1097.50,1.7247,5.1041,1.9520,7.4272,1.1850,-0.4151,1.8273,5.1141,1.2899
1098.00,1.7247,5.1041,1.9520,7.4272,1.1850,-0.4159,1.8273,5.1141,1.2891
1098.50,1.7247,5.1041,1.9520,7.4272,1.1850,-0.4173,1.8273,5.1141,1.2877
1099.00,1.7247,5.1041,1.9520,7.4272,1.1850,-0.4185,1.8273,5.1141,1.2865
1099.50,1.7247,5.1041,1.9520,7.4272,1.1850,-0.4197,1.8273,5.1141,1.2853
1100.00,1.7247,5.1041,1.9520,7.4272,1.1850,-0.4206,1.8273,5.1141,1.2844
1100.50,1.7247,5.1041,1.9520,7.4272,1.1850,-0.4224,1.8273,5.1141,1.2826
1101.00,1.7247,5.1041,1.9520,7.4272,1.1850,-0.4231,1.8273,5.1141,1.2819
1101.50,1.7247,5.1041,1.9520,7.4272,1.1850,-0.4241,1.8273,5.1141,1.2809
1102.00,1.7247,5.1041,1.9520,7.4272,1.1850,-0.4249,1.8273,5.1141,1.2801
1102.50,1.7247,5.1041,1.9520,7.4272,1.1850,-0.4262,1.8273,5.1141,1.2788
1103.00,1.7247,5.1041,1.9520,7.4272,1.1850,-0.4272,1.8273,5.1141,1.2778
1103.50,1.7247,5.1041,1.9520,7.4272,1.1850,-0.4279,1.8273,5.1141,1.2771
1104.00,1.7247,5.1041,1.9520,7.4272,1.1850,-0.4287,1.8273,5.1141,1.2763
1104.50,1.7247,5.1041,1.9520,7.4272,1.1850,-0.4302,1.8273,5.1141,1.2748
1105.00,1.7247,5.1041,1.9520,7.4272,1.1850,-0.4312,1.8273,5.1141,1.2738
1105.50,1.7247,5.1041,1.9520,7.4272,1.1850,-0.4322,1.8273,5.1141,1.2728
1106.00,1.7247,5.1041,1.9520,7.4272,1.1850,-0.4335,1.8273,5.1141,1.2715
1106.50,1.7247,5.1041,1.9520,7.4272,1.1850,-0.4347,1.8273,5.1141,1.2703
1107.00,1.7247,5.1041,1.9520,7.4272,1.1850,-0.4361,1.8273,5.1141,1.2689
1107.50,1.7247,5.1041,1.9520,7.4272,1.1850,-0.4371,1.8273,5.1141,1.2679
1108.00,1.7247,5.1041,1.9520,7.4272,1.1850,-0.4376,1.8273,5.1141,1.2674
1108.50,1.7247,5.1041,1.9520,7.4272,1.1850,-0.4384,1.8273,5.1141,1.2666
1109.00,1.7247,5.1041,1.9520,7.4272,1.1850,-0.4391,1.8273,5.1141,1.2659
1109.50,1.7247,5.1041,1.9520,7.4272,1.1850,-0.4404,1.8273,5.1141,1.2646
1110.00,1.7247,5.1041,1.9520,7.4272,1.1850,-0.4415,1.8273,5.1141,1.2635
1110.50,1.7247,5.1041,1.9520,7.4272,1.1850,-0.4424,1.8273,5.1141,1.2626
1111.00,1.7247,5.1041,1.9520,7.4272,1.1850,-0.4434,1.8273,5.1141,1.2616
1111.50,1.7247,5.1041,1.9520,7.4272,1.1850,-0.4439,1.8273,5.1141,1.2611
1112.00,1.7247,5.1041,1.9520,7.4272,1.1850,-0.4444,1.8273,5.1141,1.2606
1112.50,1.7247,5.1041,1.9520,7.4272,1.1850,-0.4456,1.8273,5.1141,1.2595
1113.00,1.7247,5.1041,1.9520,7.4272,1.1850,-0.4468,1.8273,5.1141,1.2582
1113.50,1.7247,5.1041,1.9520,7.4272,1.1850,-0.4480,1.8273,5.1141,1.2570
1114.00,1.7247,5.1041,1.9520,7.4272,1.1850,-0.4492,1.8273,5.1141,1.2558
1114.50,1.7247,5.1041,1.9520,7.4272,1.1850,-0.4500,1.8273,5.1141,1.2550
1115.00,1.7247,5.1041,1.9520,7.4272,1.1850,-0.4507,1.8273,5.1141,1.2543
1115.50,1.7247,5.1041,1.9520,7.4272,1.1850,-0.4516,1.8273,5.1141,1.2534
1116.00,1.7247,5.1041,1.9520,7.4272,1.1850,-0.4526,1.8273,5.1141,1.2524
1116.50,1.7247,5.1041,1.9520,7.4272,1.1850,-0.4536,1.8273,5.1141,1.2514
1117.00,1.7247,5.1041,1.9520,7.4272,1.1850,-0.4540,1.8273,5.1141,1.2511
1117.50,1.7247,5.1041,1.9520,7.4272,1.1850,-0.4553,1.8273,5.1141,1.2497
1118.00,1.7247,5.1041,1.9520,7.4272,1.1850,-0.4569,1.8273,5.1141,1.2481
1118.50,1.7247,5.1041,1.9520,7.4272,1.1850,-0.4578,1.8273,5.1141,1.2472
1119.00,1.7247,5.1041,1.9520,7.4272,1.1850,-0.4587,1.8273,5.1141,1.2463
1119.50,1.7247,5.1041,1.9520,7.4272,1.1850,-0.4601,1.8273,5.1141,1.2449
1120.00,1.7247,5.1041,1.9520,7.4272,1.1850,-0.4610,1.8273,5.1141,1.2440
1120.50,1.7247,5.1041,1.9520,7.4272,1.1850,-0.4622,1.8273,5.1141,1.2428
1121.00,1.7247,5.1041,1.9520,7.4272,1.1850,-0.4633,1.8273,5.1141,1.2417
1121.50,1.7247,5.1041,1.9520,7.4272,1.1850,-0.4647,1.8273,5.1141,1.2403
1122.00,1.7247,5.1041,1.9520,7.4272,1.1850,-0.4655,1.8273,5.1141,1.2395
1122.50,1.7247,5.1041,1.9520,7.4272,1.1850,-0.4665,1.8273,5.1141,1.2386
1123.00,1.7247,5.1041,1.9520,7.4272,1.1850,-0.4673,1.8273,5.1141,1.2377
1123.50,1.7247,5.1041,1.9520,7.4272,1.1850,-0.4682,1.8273,5.1141,1.2368
1124.00,1.7247,5.1041,1.9520,7.4272,1.1850,-0.4694,1.8273,5.1141,1.2356
1124.50,1.7247,5.1041,1.9520,7.4272,1.1850,-0.4710,1.8273,5.1141,1.2340
1125.00,1.7247,5.1041,1.9520,7.4272,1.1850,-0.4720,1.8273,5.1141,1.2330
1125.50,1.7247,5.1041,1.9520,7.4272,1.1850,-0.4734,1.8273,5.1141,1.2316
1126.00,1.7247,5.1041,1.9520,7.4272,1.1850,-0.4750,1.8273,5.1141,1.2300
1126.50,1.7247,5.1041,1.9520,7.4272,1.1850,-0.4755,1.8273,5.1141,1.2295
1127.00,1.7247,5.1041,1.9520,7.4272,1.1850,-0.4761,1.8273,5.1141,1.2289
1127.50,1.7247,5.1041,1.9520,7.4272,1.1850,-0.4770,1.8273,5.1141,1.2280
1128.00,1.7247,5.1041,1.9520,7.4272,1.1850,-0.4778,1.8273,5.1141,1.2272
1128.50,1.7247,5.1041,1.9520,7.4272,1.1850,-0.4789,1.8273,5.1141,1.2261
1129.00,1.7247,5.1041,1.9520,7.4272,1.1850,-0.4794,1.8273,5.1141,1.2256
1129.50,1.7247,5.1041,1.9520,7.4272,1.1850,-0.4804,1.8273,5.1141,1.2246
1130.00,1.7247,5.1041,1.9520,7.4272,1.1850,-0.4814,1.8273,5.1141,1.2236
1130.50,1.7247,5.1041,1.9520,7.4272,1.1850,-0.4831,1.8273,5.1141,1.2219
1131.00,1.7247,5.1041,1.9520,7.4272,1.1850,-0.4842,1.8273,5.1141,1.2208
1131.50,1.7247,5.1041,1.9520,7.4272,1.1850,-0.4855,1.8273,5.1141,1.2195
1132.00,1.7247,5.1041,1.9520,7.4272,1.1850,-0.4865,1.8273,5.1141,1.2185
1132.50,1.7247,5.1041,1.9520,7.4272,1.1850,-0.4876,1.8273,5.1141,1.2174
1133.00,1.7247,5.1041,1.9520,7.4272,1.1850,-0.4882,1.8273,5.1141,1.2168
1133.50,1.7247,5.1041,1.9520,7.4272,1.1850,-0.4896,1.8273,5.1141,1.2154
1134.00,1.7247,5.1041,1.9520,7.4272,1.1850,-0.4908,1.8273,5.1141,1.2142
1134.50,1.7247,5.1041,1.9520,7.4272,1.1850,-0.4922,1.8273,5.1141,1.2128
1135.00,1.7247,5.1041,1.9520,7.4272,1.1850,-0.4934,1.8273,5.1141,1.2116
1135.50,1.7247,5.1041,1.9520,7.4272,1.1850,-0.4946,1.8273,5.1141,1.2104
1136.00,1.7247,5.1041,1.9520,7.4272,1.1850,-0.4964,1.8273,5.1141,1.2086
1136.50,1.7247,5.1041,1.9520,7.4272,1.1850,-0.4973,1.8273,5.1141,1.2077
1137.00,1.7247,5.1041,1.9520,7.4272,1.1850,-0.4986,1.8273,5.1141,1.2064
1137.50,1.7247,5.1041,1.9520,7.4272,1.1850,-0.4994,1.8273,5.1141,1.2056
1138.00,1.7247,5.1041,1.9520,7.4272,1.1850,-0.5008,1.8273,5.1141,1.2042
1138.50,1.7247,5.1041,1.9520,7.4272,1.1850,-0.5020,1.8273,5.1141,1.2030
1139.00,1.7247,5.1041,1.9520,7.4272,1.1850,-0.5033,1.8273,5.1141,1.2017
1139.50,1.7247,5.1041,1.9520,7.4272,1.1850,-0.5043,1.8273,5.1141,1.2007
1140.00,1.7247,5.1041,1.9520,7.4272,1.1850,-0.5056,1.8273,5.1141,1.1994
1140.50,1.7247,5.1041,1.9520,7.4272,1.1850,-0.5069,1.8273,5.1141,1.1982
1141.00,1.7247,5.1041,1.9520,7.4272,1.1850,-0.5078,1.8273,5.1141,1.1972
1141.50,1.7247,5.1041,1.9520,7.4272,1.1850,-0.5087,1.8273,5.1141,1.1963
1142.00,1.7247,5.1041,1.9520,7.4272,1.1850,-0.5098,1.8273,5.1141,1.1952
1142.50,1.7247,5.1041,1.9520,7.4272,1.1850,-0.5113,1.8273,5.1141,1.1937
1143.00,1.7247,5.1041,1.9513,7.4272,1.1850,-0.5152,1.8273,5.1141,1.1898
1143.50,1.7247,5.1041,1.9513,7.4272,1.1850,-0.5167,1.8273,5.1141,1.1883
1144.00,1.7247,5.1041,1.9513,7.4272,1.1850,-0.5175,1.8273,5.1141,1.1875
1144.50,1.7247,5.1041,1.9513,7.4272,1.1850,-0.5191,1.8273,5.1141,1.1859
1145.00,1.7247,5.1041,1.9513,7.4272,1.1850,-0.5207,1.8273,5.1141,1.1843
1145.50,1.7247,5.1041,1.9513,7.4272,1.1850,-0.5222,1.8273,5.1141,1.1828
1146.00,1.7247,5.1041,1.9513,7.4272,1.1850,-0.5229,1.8273,5.1141,1.1821
1146.50,1.7247,5.1041,1.9513,7.4272,1.1850,-0.5241,1.8273,5.1141,1.1810
1147.00,1.7247,5.1041,1.9513,7.4272,1.1850,-0.5253,1.8273,5.1141,1.1797
1147.50,1.7247,5.1041,1.9513,7.4272,1.1850,-0.5263,1.8273,5.1141,1.1788
1148.00,1.7247,5.1041,1.9513,7.4272,1.1850,-0.5277,1.8273,5.1141,1.1773
1148.50,1.7247,5.1041,1.9513,7.4272,1.1850,-0.5293,1.8273,5.1141,1.1757
1149.00,1.7247,5.1041,1.9513,7.4272,1.1850,-0.5303,1.8273,5.1141,1.1748
1149.50,1.7247,5.1041,1.9513,7.4272,1.1850,-0.5311,1.8273,5.1141,1.1739
1150.00,1.7247,5.1041,1.9513,7.4272,1.1850,-0.5323,1.8273,5.1141,1.1727
1150.50,1.7247,5.1041,1.9513,7.4272,1.1850,-0.5327,1.8273,5.1141,1.1723
1151.00,1.7247,5.1041,1.9513,7.4272,1.1850,-0.5343,1.8273,5.1141,1.1707
1151.50,1.7247,5.1041,1.9513,7.4272,1.1850,-0.5357,1.8273,5.1141,1.1693
1152.00,1.7247,5.1041,1.9513,7.4272,1.1850,-0.5369,1.8273,5.1141,1.1682
1152.50,1.7247,5.1041,1.9513,7.4272,1.1850,-0.5380,1.8273,5.1141,1.1671
1153.00,1.7247,5.1041,1.9513,7.4272,1.1850,-0.5393,1.8273,5.1141,1.1657
1153.50,1.7248,5.1041,1.9497,7.4272,1.1850,-0.5403,1.8273,5.1141,1.1647
1154.00,1.7248,5.1041,1.9497,7.4272,1.1850,-0.5413,1.8273,5.1141,1.1637
1154.50,1.7248,5.1041,1.9497,7.4272,1.1850,-0.5423,1.8273,5.1141,1.1627
1155.00,1.7248,5.1041,1.9497,7.4272,1.1850,-0.5433,1.8273,5.1141,1.1617
1155.50,1.7248,5.1041,1.9497,7.4272,1.1850,-0.5447,1.8273,5.1141,1.1603
1156.00,1.7248,5.1041,1.9497,7.4272,1.1850,-0.5467,1.8273,5.1141,1.1583
1156.50,1.7248,5.1041,1.9497,7.4272,1.1850,-0.5479,1.8273,5.1141,1.1571
1157.00,1.7248,5.1041,1.9497,7.4272,1.1850,-0.5491,1.8273,5.1141,1.1559
1157.50,1.7248,5.1041,1.9497,7.4272,1.1850,-0.5500,1.8273,5.1141,1.1550
1158.00,1.7248,5.1041,1.9497,7.4272,1.1850,-0.5511,1.8273,5.1141,1.1539
1158.50,1.7248,5.1041,1.9497,7.4272,1.1850,-0.5522,1.8273,5.1141,1.1528
1159.00,1.7248,5.1041,1.9497,7.4272,1.1850,-0.5540,1.8273,5.1141,1.1510
1159.50,1.7248,5.1041,1.9497,7.4272,1.1850,-0.5553,1.8273,5.1141,1.1497
1160.00,1.7248,5.1041,1.9497,7.4272,1.1850,-0.5567,1.8273,5.1141,1.1483
1160.50,1.7248,5.1041,1.9497,7.4272,1.1850,-0.5575,1.8273,5.1141,1.1475
1161.00,1.7248,5.1041,1.9497,7.4272,1.1850,-0.5591,1.8273,5.1141,1.1459
1161.50,1.7248,5.1041,1.9497,7.4272,1.1850,-0.5603,1.8273,5.1141,1.1447
1162.00,1.7248,5.1041,1.9497,7.4272,1.1850,-0.5617,1.8273,5.1141,1.1434
1162.50,1.7248,5.1041,1.9497,7.4272,1.1850,-0.5628,1.8273,5.1141,1.1422
1163.00,1.7248,5.1041,1.9497,7.4272,1.1850,-0.5641,1.8273,5.1141,1.1409
1163.50,1.7248,5.1041,1.9497,7.4272,1.1850,-0.5651,1.8273,5.1141,1.1399
1164.00,1.7248,5.1041,1.9497,7.4272,1.1850,-0.5663,1.8273,5.1141,1.1387
1164.50,1.7248,5.1041,1.9497,7.4272,1.1850,-0.5671,1.8273,5.1141,1.1379
1165.00,1.7248,5.1041,1.9497,7.4272,1.1850,-0.5686,1.8273,5.1141,1.1364
1165.50,1.7248,5.1041,1.9497,7.4272,1.1850,-0.5705,1.8273,5.1141,1.1345
1166.00,1.7248,5.1041,1.9497,7.4272,1.1850,-0.5716,1.8273,5.1141,1.1334
1166.50,1.7248,5.1041,1.9497,7.4272,1.1850,-0.5733,1.8273,5.1141,1.1317
1167.00,1.7248,5.1041,1.9497,7.4272,1.1850,-0.5745,1.8273,5.1141,1.1305
1167.50,1.7248,5.1041,1.9497,7.4272,1.1850,-0.5762,1.8273,5.1141,1.1288
1168.00,1.7248,5.1041,1.9497,7.4272,1.1850,-0.5774,1.8273,5.1141,1.1276
1168.50,1.7248,5.1041,1.9497,7.4272,1.1850,-0.5778,1.8273,5.1141,1.1272
1169.00,1.7248,5.1041,1.9497,7.4272,1.1850,-0.5797,1.8273,5.1141,1.1253
1169.50,1.7248,5.1041,1.9497,7.4272,1.1850,-0.5811,1.8273,5.1141,1.1239
1170.00,1.7248,5.1041,1.9497,7.4272,1.1850,-0.5827,1.8273,5.1141,1.1223
1170.50,1.7248,5.1041,1.9497,7.4272,1.1850,-0.5835,1.8273,5.1141,1.1215
1171.00,1.7248,5.1041,1.9497,7.4272,1.1850,-0.5842,1.8273,5.1141,1.1208
1171.50,1.7248,5.1041,1.9497,7.4272,1.1850,-0.5854,1.8273,5.1141,1.1196
1172.00,1.7248,5.1041,1.9497,7.4272,1.1850,-0.5873,1.8273,5.1141,1.1177
1172.50,1.7248,5.1041,1.9497,7.4272,1.1850,-0.5882,1.8273,5.1141,1.1168
1173.00,1.7248,5.1041,1.9497,7.4272,1.1850,-0.5898,1.8273,5.1141,1.1152
1173.50,1.7248,5.1041,1.9497,7.4272,1.1850,-0.5910,1.8273,5.1141,1.1140
1174.00,1.7248,5.1041,1.9497,7.4272,1.1850,-0.5918,1.8273,5.1141,1.1132
1174.50,1.7248,5.1041,1.9497,7.4272,1.1850,-0.5925,1.8273,5.1141,1.1125
1175.00,1.7248,5.1041,1.9497,7.4272,1.1850,-0.5943,1.8273,5.1141,1.1107
1175.50,1.7248,5.1041,1.9497,7.4272,1.1850,-0.5954,1.8273,5.1141,1.1096
1176.00,1.7248,5.1041,1.9497,7.4272,1.1850,-0.5965,1.8273,5.1141,1.1085
1176.50,1.7248,5.1041,1.9497,7.4272,1.1850,-0.5978,1.8273,5.1141,1.1072
1177.00,1.7248,5.1041,1.9497,7.4272,1.1850,-0.5992,1.8273,5.1141,1.1058
1177.50,1.7248,5.1041,1.9497,7.4272,1.1850,-0.6003,1.8273,5.1141,1.1047
1178.00,1.7248,5.1041,1.9497,7.4272,1.1850,-0.6022,1.8273,5.1141,1.1028
1178.50,1.7248,5.1041,1.9497,7.4272,1.1850,-0.6037,1.8273,5.1141,1.1013
1179.00,1.7248,5.1041,1.9497,7.4272,1.1850,-0.6042,1.8273,5.1141,1.1008
1179.50,1.7248,5.1041,1.9497,7.4272,1.1850,-0.6053,1.8273,5.1141,1.0997
1180.00,1.7248,5.1041,1.9497,7.4272,1.1850,-0.6061,1.8273,5.1141,1.0989
1180.50,1.7248,5.1041,1.9497,7.4272,1.1850,-0.6075,1.8273,5.1141,1.0975
1181.00,1.7248,5.1041,1.9497,7.4272,1.1850,-0.6087,1.8273,5.1141,1.0963
1181.50,1.7248,5.1041,1.9497,7.4272,1.1850,-0.6099,1.8273,5.1141,1.0951
1182.00,1.7248,5.1041,1.9497,7.4272,1.1850,-0.6110,1.8273,5.1141,1.0940
1182.50,1.7248,5.1041,1.9497,7.4272,1.1850,-0.6127,1.8273,5.1141,1.0923
1183.00,1.7248,5.1041,1.9497,7.4272,1.1850,-0.6135,1.8273,5.1141,1.0915
1183.50,1.7248,5.1041,1.9497,7.4272,1.1850,-0.6146,1.8273,5.1141,1.0904
1184.00,1.7248,5.1041,1.9497,7.4272,1.1850,-0.6162,1.8273,5.1141,1.0888
1184.50,1.7248,5.1041,1.9497,7.4272,1.1850,-0.6175,1.8273,5.1141,1.0875
1185.00,1.7248,5.1041,1.9497,7.4272,1.1850,-0.6190,1.8273,5.1141,1.0860
1185.50,1.7248,5.1041,1.9497,7.4272,1.1850,-0.6203,1.8273,5.1141,1.0847
1186.00,1.7248,5.1041,1.9497,7.4272,1.1850,-0.6215,1.8273,5.1141,1.0835
1186.50,1.7248,5.1041,1.9497,7.4272,1.1850,-0.6231,1.8273,5.1141,1.0819
1187.00,1.7248,5.1041,1.9497,7.4272,1.1850,-0.6243,1.8273,5.1141,1.0807
1187.50,1.7248,5.1041,1.9497,7.4272,1.1850,-0.6252,1.8273,5.1141,1.0798
1188.00,1.7248,5.1041,1.9497,7.4272,1.1850,-0.6264,1.8273,5.1141,1.0786
1188.50,1.7248,5.1041,1.9497,7.4272,1.1850,-0.6284,1.8273,5.1141,1.0766
1189.00,1.7248,5.1041,1.9497,7.4272,1.1850,-0.6291,1.8273,5.1141,1.0759
1189.50,1.7248,5.1041,1.9497,7.4272,1.1850,-0.6302,1.8273,5.1141,1.0748
1190.00,1.7248,5.1041,1.9497,7.4272,1.1850,-0.6314,1.8273,5.1141,1.0736
1190.50,1.7248,5.1041,1.9497,7.4272,1.1850,-0.6326,1.8273,5.1141,1.0724
1191.00,1.7248,5.1041,1.9497,7.4272,1.1850,-0.6333,1.8273,5.1141,1.0717
1191.50,1.7248,5.1041,1.9497,7.4272,1.1850,-0.6344,1.8273,5.1141,1.0707
1192.00,1.7248,5.1041,1.9497,7.4272,1.1850,-0.6352,1.8273,5.1141,1.0698
1192.50,1.7248,5.1041,1.9497,7.4272,1.1850,-0.6361,1.8273,5.1141,1.0689
1193.00,1.7248,5.1041,1.9497,7.4272,1.1850,-0.6370,1.8273,5.1141,1.0680
1193.50,1.7248,5.1041,1.9497,7.4272,1.1850,-0.6388,1.8273,5.1141,1.0662
1194.00,1.7248,5.1041,1.9497,7.4272,1.1850,-0.6399,1.8273,5.1141,1.0651
1194.50,1.7248,5.1041,1.9497,7.4272,1.1850,-0.6407,1.8273,5.1141,1.0643
1195.00,1.7248,5.1041,1.9497,7.4272,1.1850,-0.6420,1.8273,5.1141,1.0630
1195.50,1.7248,5.1041,1.9497,7.4272,1.1850,-0.6433,1.8273,5.1141,1.0617
1196.00,1.7248,5.1041,1.9497,7.4272,1.1850,-0.6444,1.8273,5.1141,1.0606
1196.50,1.7248,5.1041,1.9497,7.4272,1.1850,-0.6453,1.8273,5.1141,1.0597
1197.00,1.7248,5.1041,1.9497,7.4272,1.1850,-0.6468,1.8273,5.1141,1.0582
1197.50,1.7248,5.1041,1.9497,7.4272,1.1850,-0.6484,1.8273,5.1141,1.0566
1198.00,1.7248,5.1041,1.9497,7.4272,1.1850,-0.6494,1.8273,5.1141,1.0556
1198.50,1.7248,5.1041,1.9497,7.4272,1.1850,-0.6503,1.8273,5.1141,1.0548
1199.00,1.7248,5.1041,1.9497,7.4272,1.1850,-0.6517,1.8273,5.1141,1.0533
1199.50,1.7248,5.1041,1.9497,7.4272,1.1850,-0.6533,1.8273,5.1141,1.0517
1200.00,1.7248,5.1041,1.9497,7.4272,1.1850,-0.6547,1.8273,5.1141,1.0503
1200.50,1.7248,5.1041,1.9497,7.4272,1.1850,-0.6560,1.8273,5.1141,1.0491
1201.00,1.7248,5.1041,1.9497,7.4272,1.1850,-0.6572,1.8273,5.1141,1.0479
1201.50,1.7248,5.1041,1.9497,7.4272,1.1850,-0.6579,1.8273,5.1141,1.0471
1202.00,1.7248,5.1041,1.9497,7.4272,1.1850,-0.6588,1.8273,5.1141,1.0462
1202.50,1.7248,5.1041,1.9497,7.4272,1.1850,-0.6601,1.8273,5.1141,1.0449
1203.00,1.7248,5.1041,1.9497,7.4272,1.1850,-0.6607,1.8273,5.1141,1.0443
1203.50,1.7248,5.1041,1.9497,7.4272,1.1850,-0.6619,1.8273,5.1141,1.0431
1204.00,1.7248,5.1041,1.9497,7.4272,1.1850,-0.6630,1.8273,5.1141,1.0421
1204.50,1.7248,5.1041,1.9497,7.4272,1.1850,-0.6638,1.8273,5.1141,1.0412
1205.00,1.7248,5.1041,1.9497,7.4272,1.1850,-0.6647,1.8273,5.1141,1.0403
1205.50,1.7248,5.1041,1.9497,7.4272,1.1850,-0.6653,1.8273,5.1141,1.0397
1206.00,1.7248,5.1041,1.9497,7.4272,1.1850,-0.6664,1.8273,5.1141,1.0386
1206.50,1.7248,5.1041,1.9497,7.4272,1.1850,-0.6674,1.8273,5.1141,1.0376
1207.00,1.7248,5.1041,1.9497,7.4272,1.1850,-0.6684,1.8273,5.1141,1.0366
1207.50,1.7248,5.1041,1.9497,7.4272,1.1850,-0.6695,1.8273,5.1141,1.0355
1208.00,1.7248,5.1041,1.9497,7.4272,1.1850,-0.6707,1.8273,5.1141,1.0343
1208.50,1.7248,5.1041,1.9497,7.4272,1.1850,-0.6714,1.8273,5.1141,1.0337
1209.00,1.7248,5.1041,1.9497,7.4272,1.1850,-0.6722,1.8273,5.1141,1.0328
1209.50,1.7248,5.1041,1.9497,7.4272,1.1850,-0.6737,1.8273,5.1141,1.0313
1210.00,1.7248,5.1041,1.9497,7.4272,1.1850,-0.6755,1.8273,5.1141,1.0295
1210.50,1.7248,5.1041,1.9497,7.4272,1.1850,-0.6757,1.8273,5.1141,1.0293
1211.00,1.7248,5.1041,1.9497,7.4272,1.1850,-0.6767,1.8273,5.1141,1.0283
1211.50,1.7248,5.1041,1.9497,7.4272,1.1850,-0.6779,1.8273,5.1141,1.0271
1212.00,1.7248,5.1041,1.9497,7.4272,1.1850,-0.6794,1.8273,5.1141,1.0256
1212.50,1.7248,5.1041,1.9497,7.4272,1.1850,-0.6805,1.8273,5.1141,1.0245
1213.00,1.7248,5.1041,1.9497,7.4272,1.1850,-0.6820,1.8273,5.1141,1.0231
1213.50,1.7248,5.1041,1.9497,7.4272,1.1850,-0.6839,1.8273,5.1141,1.0211
1214.00,1.7248,5.1041,1.9497,7.4272,1.1850,-0.6848,1.8273,5.1141,1.0202
1214.50,1.7248,5.1041,1.9497,7.4272,1.1850,-0.6861,1.8273,5.1141,1.0189
1215.00,1.7248,5.1041,1.9497,7.4272,1.1850,-0.6873,1.8273,5.1141,1.0177
1215.50,1.7248,5.1041,1.9497,7.4272,1.1850,-0.6885,1.8273,5.1141,1.0165
1216.00,1.7248,5.1041,1.9497,7.4272,1.1850,-0.6900,1.8273,5.1141,1.0150
1216.50,1.7248,5.1041,1.9497,7.4272,1.1850,-0.6911,1.8273,5.1141,1.0139
1217.00,1.7248,5.1041,1.9497,7.4272,1.1850,-0.6922,1.8273,5.1141,1.0128
1217.50,1.7248,5.1041,1.9497,7.4272,1.1850,-0.6938,1.8273,5.1141,1.0112
1218.00,1.7248,5.1041,1.9497,7.4272,1.1850,-0.6954,1.8273,5.1141,1.0096
1218.50,1.7248,5.1041,1.9497,7.4272,1.1850,-0.6964,1.8273,5.1141,1.0086
1219.00,1.7248,5.1041,1.9497,7.4272,1.1850,-0.6977,1.8273,5.1141,1.0073
1219.50,1.7248,5.1041,1.9497,7.4272,1.1850,-0.6990,1.8273,5.1141,1.0060
1220.00,1.7248,5.1041,1.9497,7.4272,1.1850,-0.7005,1.8273,5.1141,1.0045
1220.50,1.7248,5.1041,1.9497,7.4272,1.1850,-0.7020,1.8273,5.1141,1.0031
1221.00,1.7248,5.1041,1.9497,7.4272,1.1850,-0.7030,1.8273,5.1141,1.0020
1221.50,1.7248,5.1041,1.9497,7.4272,1.1850,-0.7038,1.8273,5.1141,1.0012
1222.00,1.7248,5.1041,1.9497,7.4272,1.1850,-0.7050,1.8273,5.1141,1.0000
1222.50,1.7248,5.1041,1.9497,7.4272,1.1850,-0.7066,1.8273,5.1141,0.9984
1223.00,1.7248,5.1041,1.9497,7.4272,1.1850,-0.7083,1.8273,5.1141,0.9967
1223.50,1.7248,5.1041,1.9497,7.4272,1.1850,-0.7095,1.8273,5.1141,0.9955
1224.00,1.7248,5.1041,1.9497,7.4272,1.1850,-0.7105,1.8273,5.1141,0.9945
1224.50,1.7248,5.1041,1.9497,7.4272,1.1850,-0.7113,1.8273,5.1141,0.9937
1225.00,1.7248,5.1041,1.9497,7.4272,1.1850,-0.7120,1.8273,5.1141,0.9930
1225.50,1.7248,5.1041,1.9497,7.4272,1.1850,-0.7129,1.8273,5.1141,0.9921
1226.00,1.7248,5.1041,1.9497,7.4272,1.1850,-0.7142,1.8273,5.1141,0.9908
1226.50,1.7248,5.1041,1.9497,7.4272,1.1850,-0.7151,1.8273,5.1141,0.9899
1227.00,1.7248,5.1041,1.9497,7.4272,1.1850,-0.7162,1.8273,5.1141,0.9888
1227.50,1.7248,5.1041,1.9497,7.4272,1.1850,-0.7174,1.8273,5.1141,0.9876
1228.00,1.7248,5.1041,1.9497,7.4272,1.1850,-0.7190,1.8273,5.1141,0.9861
1228.50,1.7248,5.1041,1.9497,7.4272,1.1850,-0.7208,1.8273,5.1141,0.9842
1229.00,1.7248,5.1041,1.9497,7.4272,1.1850,-0.7221,1.8273,5.1141,0.9829
1229.50,1.7248,5.1041,1.9497,7.4272,1.1850,-0.7236,1.8273,5.1141,0.9814
1230.00,1.7248,5.1041,1.9497,7.4272,1.1850,-0.7245,1.8273,5.1141,0.9805
1230.50,1.7248,5.1041,1.9497,7.4272,1.1850,-0.7259,1.8273,5.1141,0.9791
1231.00,1.7248,5.1041,1.9497,7.4272,1.1850,-0.7273,1.8273,5.1141,0.9777
1231.50,1.7248,5.1041,1.9497,7.4272,1.1850,-0.7292,1.8273,5.1141,0.9758
1232.00,1.7248,5.1041,1.9497,7.4272,1.1850,-0.7304,1.8273,5.1141,0.9746
1232.50,1.7248,5.1041,1.9497,7.4272,1.1850,-0.7316,1.8273,5.1141,0.9734
1233.00,1.7248,5.1041,1.9497,7.4272,1.1850,-0.7326,1.8273,5.1141,0.9724
1233.50,1.7248,5.1041,1.9497,7.4272,1.1850,-0.7341,1.8273,5.1141,0.9709
1234.00,1.7248,5.1041,1.9497,7.4272,1.1850,-0.7352,1.8273,5.1141,0.9698
1234.50,1.7248,5.1041,1.9497,7.4272,1.1850,-0.7359,1.8273,5.1141,0.9691
1235.00,1.7248,5.1041,1.9497,7.4272,1.1850,-0.7369,1.8273,5.1141,0.9681
1235.50,1.7248,5.1041,1.9497,7.4272,1.1850,-0.7383,1.8273,5.1141,0.9667
1236.00,1.7248,5.1041,1.9497,7.4272,1.1850,-0.7396,1.8273,5.1141,0.9654
1236.50,1.7248,5.1041,1.9497,7.4272,1.1850,-0.7409,1.8273,5.1141,0.9641
1237.00,1.7248,5.1041,1.9497,7.4272,1.1850,-0.7419,1.8273,5.1141,0.9631
1237.50,1.7248,5.1041,1.9497,7.4272,1.1850,-0.7430,1.8273,5.1141,0.9620
1238.00,1.7248,5.1041,1.9497,7.4272,1.1850,-0.7444,1.8273,5.1141,0.9606
1238.50,1.7248,5.1041,1.9497,7.4272,1.1850,-0.7456,1.8273,5.1141,0.9594
1239.00,1.7248,5.1041,1.9497,7.4272,1.1850,-0.7471,1.8273,5.1141,0.9579
1239.50,1.7248,5.1041,1.9497,7.4272,1.1850,-0.7489,1.8273,5.1141,0.9561
1240.00,1.7248,5.1041,1.9497,7.4272,1.1850,-0.7505,1.8273,5.1141,0.9546
1240.50,1.7248,5.1041,1.9497,7.4272,1.1850,-0.7518,1.8273,5.1141,0.9532
1241.00,1.7248,5.1041,1.9497,7.4272,1.1850,-0.7527,1.8273,5.1141,0.9523
1241.50,1.7248,5.1041,1.9497,7.4272,1.1850,-0.7543,1.8273,5.1141,0.9507
1242.00,1.7248,5.1041,1.9497,7.4272,1.1850,-0.7553,1.8273,5.1141,0.9497
1242.50,1.7248,5.1041,1.9497,7.4272,1.1850,-0.7565,1.8273,5.1141,0.9485
1243.00,1.7248,5.1041,1.9497,7.4272,1.1850,-0.7575,1.8273,5.1141,0.9475
1243.50,1.7248,5.1041,1.9497,7.4272,1.1850,-0.7588,1.8273,5.1141,0.9462
1244.00,1.7248,5.1041,1.9497,7.4272,1.1850,-0.7602,1.8273,5.1141,0.9448
1244.50,1.7248,5.1041,1.9497,7.4272,1.1850,-0.7611,1.8273,5.1141,0.9439
1245.00,1.7248,5.1041,1.9497,7.4272,1.1850,-0.7622,1.8273,5.1141,0.9428
1245.50,1.7248,5.1041,1.9497,7.4272,1.1850,-0.7641,1.8273,5.1141,0.9409
1246.00,1.7248,5.1041,1.9497,7.4272,1.1850,-0.7657,1.8273,5.1141,0.9393
1246.50,1.7248,5.1041,1.9497,7.4272,1.1850,-0.7666,1.8273,5.1141,0.9384
1247.00,1.7248,5.1041,1.9497,7.4272,1.1850,-0.7679,1.8273,5.1141,0.9371
1247.50,1.7248,5.1041,1.9497,7.4272,1.1850,-0.7691,1.8273,5.1141,0.9359
1248.00,1.7248,5.1041,1.9497,7.4272,1.1850,-0.7704,1.8273,5.1141,0.9346
1248.50,1.7248,5.1041,1.9497,7.4272,1.1850,-0.7715,1.8273,5.1141,0.9335
1249.00,1.7248,5.1041,1.9497,7.4272,1.1850,-0.7734,1.8273,5.1141,0.9317
1249.50,1.7248,5.1041,1.9497,7.4272,1.1850,-0.7746,1.8273,5.1141,0.9304
1250.00,1.7248,5.1041,1.9497,7.4272,1.1850,-0.7762,1.8273,5.1141,0.9289
1250.50,1.7248,5.1041,1.9497,7.4272,1.1850,-0.7775,1.8273,5.1141,0.9275
1251.00,1.7248,5.1041,1.9497,7.4272,1.1850,-0.7785,1.8273,5.1141,0.9265
1251.50,1.7248,5.1041,1.9497,7.4272,1.1850,-0.7799,1.8273,5.1141,0.9251
1252.00,1.7248,5.1041,1.9497,7.4272,1.1850,-0.7811,1.8273,5.1141,0.9240
1252.50,1.7248,5.1041,1.9497,7.4272,1.1850,-0.7824,1.8273,5.1141,0.9226
1253.00,1.7248,5.1041,1.9497,7.4272,1.1850,-0.7835,1.8273,5.1141,0.9215
1253.50,1.7248,5.1041,1.9497,7.4272,1.1850,-0.7846,1.8273,5.1141,0.9205
1254.00,1.7248,5.1041,1.9497,7.4272,1.1850,-0.7862,1.8273,5.1141,0.9188
1254.50,1.7248,5.1041,1.9497,7.4272,1.1850,-0.7880,1.8273,5.1141,0.9170
1255.00,1.7248,5.1041,1.9497,7.4272,1.1850,-0.7891,1.8273,5.1141,0.9159
1255.50,1.7248,5.1041,1.9497,7.4272,1.1850,-0.7896,1.8273,5.1141,0.9155
1256.00,1.7248,5.1041,1.9497,7.4272,1.1850,-0.7909,1.8273,5.1141,0.9141
1256.50,1.7248,5.1041,1.9497,7.4272,1.1850,-0.7922,1.8273,5.1141,0.9128
1257.00,1.7248,5.1041,1.9497,7.4272,1.1850,-0.7939,1.8273,5.1141,0.9111
1257.50,1.7248,5.1041,1.9497,7.4272,1.1850,-0.7954,1.8273,5.1141,0.9096
1258.00,1.7248,5.1041,1.9497,7.4272,1.1850,-0.7971,1.8273,5.1141,0.9079
1258.50,1.7248,5.1041,1.9497,7.4272,1.1850,-0.7983,1.8273,5.1141,0.9067
1259.00,1.7248,5.1041,1.9497,7.4272,1.1850,-0.7999,1.8273,5.1141,0.9051
1259.50,1.7248,5.1041,1.9497,7.4272,1.1850,-0.8015,1.8273,5.1141,0.9035
1260.00,1.7248,5.1041,1.9497,7.4272,1.1850,-0.8025,1.8273,5.1141,0.9025
1260.50,1.7248,5.1041,1.9497,7.4272,1.1850,-0.8037,1.8273,5.1141,0.9013
1261.00,1.7248,5.1041,1.9497,7.4272,1.1850,-0.8047,1.8273,5.1141,0.9003
1261.50,1.7248,5.1041,1.9497,7.4272,1.1850,-0.8061,1.8273,5.1141,0.8989
1262.00,1.7248,5.1041,1.9497,7.4272,1.1850,-0.8074,1.8273,5.1141,0.8976
1262.50,1.7248,5.1041,1.9497,7.4272,1.1850,-0.8090,1.8273,5.1141,0.8960
1263.00,1.7248,5.1041,1.9497,7.4272,1.1850,-0.8103,1.8273,5.1141,0.8947
1263.50,1.7248,5.1041,1.9497,7.4272,1.1850,-0.8111,1.8273,5.1141,0.8939
1264.00,1.7248,5.1041,1.9497,7.4272,1.1850,-0.8124,1.8273,5.1141,0.8926
1264.50,1.7248,5.1041,1.9497,7.4272,1.1850,-0.8137,1.8273,5.1141,0.8913
1265.00,1.7248,5.1041,1.9497,7.4272,1.1850,-0.8151,1.8273,5.1141,0.8899
1265.50,1.7248,5.1041,1.9497,7.4272,1.1850,-0.8164,1.8273,5.1141,0.8886
1266.00,1.7248,5.1041,1.9497,7.4272,1.1850,-0.8171,1.8273,5.1141,0.8879
1266.50,1.7248,5.1041,1.9497,7.4272,1.1850,-0.8181,1.8273,5.1141,0.8869
1267.00,1.7248,5.1041,1.9497,7.4272,1.1850,-0.8197,1.8273,5.1141,0.8853
1267.50,1.7248,5.1041,1.9497,7.4272,1.1850,-0.8206,1.8273,5.1141,0.8844
1268.00,1.7248,5.1041,1.9497,7.4272,1.1850,-0.8212,1.8273,5.1141,0.8838
1268.50,1.7248,5.1041,1.9497,7.4272,1.1850,-0.8228,1.8273,5.1141,0.8822
1269.00,1.7248,5.1041,1.9497,7.4272,1.1850,-0.8241,1.8273,5.1141,0.8809
1269.50,1.7248,5.1041,1.9497,7.4272,1.1850,-0.8251,1.8273,5.1141,0.8799
1270.00,1.7248,5.1041,1.9497,7.4272,1.1850,-0.8264,1.8273,5.1141,0.8786
1270.50,1.7248,5.1041,1.9497,7.4272,1.1850,-0.8280,1.8273,5.1141,0.8770
1271.00,1.7248,5.1041,1.9497,7.4272,1.1850,-0.8298,1.8273,5.1141,0.8752
1271.50,1.7248,5.1041,1.9497,7.4272,1.1850,-0.8305,1.8273,5.1141,0.8746
1272.00,1.7248,5.1041,1.9497,7.4272,1.1850,-0.8322,1.8273,5.1141,0.8728
1272.50,1.7248,5.1041,1.9497,7.4272,1.1850,-0.8330,1.8273,5.1141,0.8720
1273.00,1.7248,5.1041,1.9497,7.4272,1.1850,-0.8346,1.8273,5.1141,0.8705
1273.50,1.7248,5.1041,1.9497,7.4272,1.1850,-0.8356,1.8273,5.1141,0.8694
1274.00,1.7248,5.1041,1.9497,7.4272,1.1850,-0.8371,1.8273,5.1141,0.8679
1274.50,1.7248,5.1041,1.9497,7.4272,1.1850,-0.8380,1.8273,5.1141,0.8670
1275.00,1.7248,5.1041,1.9497,7.4272,1.1850,-0.8394,1.8273,5.1141,0.8656
1275.50,1.7248,5.1041,1.9497,7.4272,1.1850,-0.8400,1.8273,5.1141,0.8650
1276.00,1.7248,5.1041,1.9497,7.4272,1.1850,-0.8404,1.8273,5.1141,0.8647
1276.50,1.7248,5.1041,1.9497,7.4272,1.1850,-0.8415,1.8273,5.1141,0.8635
1277.00,1.7248,5.1041,1.9497,7.4272,1.1850,-0.8426,1.8273,5.1141,0.8624
1277.50,1.7248,5.1041,1.9497,7.4272,1.1850,-0.8432,1.8273,5.1141,0.8618
1278.00,1.7248,5.1041,1.9497,7.4272,1.1850,-0.8441,1.8273,5.1141,0.8609
1278.50,1.7248,5.1041,1.9497,7.4272,1.1850,-0.8451,1.8273,5.1141,0.8599
1279.00,1.7248,5.1041,1.9497,7.4272,1.1850,-0.8464,1.8273,5.1141,0.8587
1279.50,1.7248,5.1041,1.9497,7.4272,1.1850,-0.8480,1.8273,5.1141,0.8570
1280.00,1.7248,5.1041,1.9497,7.4272,1.1850,-0.8496,1.8273,5.1141,0.8554
1280.50,1.7248,5.1041,1.9497,7.4272,1.1850,-0.8507,1.8273,5.1141,0.8543
1281.00,1.7248,5.1041,1.9497,7.4272,1.1850,-0.8520,1.8273,5.1141,0.8530
1281.50,1.7248,5.1041,1.9497,7.4272,1.1850,-0.8536,1.8273,5.1141,0.8514
1282.00,1.7248,5.1041,1.9497,7.4272,1.1850,-0.8550,1.8273,5.1141,0.8500
1282.50,1.7248,5.1041,1.9497,7.4272,1.1850,-0.8564,1.8273,5.1141,0.8486
1283.00,1.7248,5.1041,1.9497,7.4272,1.1850,-0.8575,1.8273,5.1141,0.8475
1283.50,1.7248,5.1041,1.9497,7.4272,1.1850,-0.8576,1.8273,5.1141,0.8474
1284.00,1.7248,5.1041,1.9497,7.4272,1.1850,-0.8590,1.8273,5.1141,0.8460
1284.50,1.7248,5.1041,1.9497,7.4272,1.1850,-0.8597,1.8273,5.1141,0.8453
1285.00,1.7248,5.1041,1.9497,7.4272,1.1850,-0.8609,1.8273,5.1141,0.8441
1285.50,1.7248,5.1041,1.9497,7.4272,1.1850,-0.8624,1.8273,5.1141,0.8426
1286.00,1.7248,5.1041,1.9497,7.4272,1.1850,-0.8635,1.8273,5.1141,0.8415
1286.50,1.7248,5.1041,1.9497,7.4272,1.1850,-0.8645,1.8273,5.1141,0.8405
1287.00,1.7248,5.1041,1.9497,7.4272,1.1850,-0.8654,1.8273,5.1141,0.8396
1287.50,1.7248,5.1041,1.9497,7.4272,1.1850,-0.8666,1.8273,5.1141,0.8384
1288.00,1.7248,5.1041,1.9497,7.4272,1.1850,-0.8683,1.8273,5.1141,0.8367
1288.50,1.7248,5.1041,1.9497,7.4272,1.1850,-0.8696,1.8273,5.1141,0.8354
1289.00,1.7248,5.1041,1.9497,7.4272,1.1850,-0.8706,1.8273,5.1141,0.8344
1289.50,1.7248,5.1041,1.9497,7.4272,1.1850,-0.8712,1.8273,5.1141,0.8338
1290.00,1.7248,5.1041,1.9497,7.4272,1.1850,-0.8729,1.8273,5.1141,0.8321
1290.50,1.7248,5.1041,1.9497,7.4272,1.1850,-0.8742,1.8273,5.1141,0.8308
1291.00,1.7248,5.1041,1.9497,7.4272,1.1850,-0.8753,1.8273,5.1141,0.8297
1291.50,1.7248,5.1041,1.9497,7.4272,1.1850,-0.8763,1.8273,5.1141,0.8287
1292.00,1.7248,5.1041,1.9497,7.4272,1.1850,-0.8768,1.8273,5.1141,0.8282
1292.50,1.7248,5.1041,1.9497,7.4272,1.1850,-0.8777,1.8273,5.1141,0.8273
1293.00,1.7248,5.1041,1.9497,7.4272,1.1850,-0.8792,1.8273,5.1141,0.8258
1293.50,1.7248,5.1041,1.9497,7.4272,1.1850,-0.8809,1.8273,5.1141,0.8242
1294.00,1.7248,5.1041,1.9497,7.4272,1.1850,-0.8824,1.8273,5.1141,0.8226
1294.50,1.7248,5.1041,1.9497,7.4272,1.1850,-0.8836,1.8273,5.1141,0.8214
1295.00,1.7248,5.1041,1.9497,7.4272,1.1850,-0.8849,1.8273,5.1141,0.8201
1295.50,1.7248,5.1041,1.9497,7.4272,1.1850,-0.8863,1.8273,5.1141,0.8187
1296.00,1.7248,5.1041,1.9497,7.4272,1.1850,-0.8872,1.8273,5.1141,0.8178
1296.50,1.7248,5.1041,1.9497,7.4272,1.1850,-0.8885,1.8273,5.1141,0.8165
1297.00,1.7248,5.1041,1.9497,7.4272,1.1850,-0.8900,1.8273,5.1141,0.8150
1297.50,1.7248,5.1041,1.9497,7.4272,1.1850,-0.8914,1.8273,5.1141,0.8137
1298.00,1.7248,5.1041,1.9497,7.4272,1.1850,-0.8928,1.8273,5.1141,0.8122
1298.50,1.7248,5.1041,1.9497,7.4272,1.1850,-0.8937,1.8273,5.1141,0.8113
1299.00,1.7248,5.1041,1.9497,7.4272,1.1850,-0.8950,1.8273,5.1141,0.8100
1299.50,1.7248,5.1041,1.9497,7.4272,1.1850,-0.8961,1.8273,5.1141,0.8089
1300.00,1.7248,5.1041,1.9497,7.4272,1.1850,-0.8974,1.8273,5.1141,0.8076
1300.50,1.7248,5.1041,1.9497,7.4272,1.1850,-0.8984,1.8273,5.1141,0.8066
1301.00,1.7248,5.1041,1.9497,7.4272,1.1850,-0.8998,1.8273,5.1141,0.8052
1301.50,1.7248,5.1041,1.9497,7.4272,1.1850,-0.9012,1.8273,5.1141,0.8038
1302.00,1.7248,5.1041,1.9497,7.4272,1.1850,-0.9024,1.8273,5.1141,0.8026
1302.50,1.7248,5.1041,1.9497,7.4272,1.1850,-0.9042,1.8273,5.1141,0.8008
1303.00,1.7248,5.1041,1.9497,7.4272,1.1850,-0.9052,1.8273,5.1141,0.7998
1303.50,1.7248,5.1041,1.9497,7.4272,1.1850,-0.9062,1.8273,5.1141,0.7988
1304.00,1.7248,5.1041,1.9497,7.4272,1.1850,-0.9070,1.8273,5.1141,0.7980
1304.50,1.7248,5.1041,1.9497,7.4272,1.1850,-0.9087,1.8273,5.1141,0.7963
1305.00,1.7248,5.1041,1.9497,7.4272,1.1850,-0.9098,1.8273,5.1141,0.7952
1305.50,1.7248,5.1041,1.9497,7.4272,1.1850,-0.9112,1.8273,5.1141,0.7938
1306.00,1.7248,5.1041,1.9497,7.4272,1.1850,-0.9125,1.8273,5.1141,0.7925
1306.50,1.7248,5.1041,1.9497,7.4272,1.1850,-0.9133,1.8273,5.1141,0.7917
1307.00,1.7248,5.1041,1.9497,7.4272,1.1850,-0.9143,1.8273,5.1141,0.7907
1307.50,1.7248,5.1041,1.9497,7.4272,1.1850,-0.9154,1.8273,5.1141,0.7896
1308.00,1.7248,5.1041,1.9497,7.4272,1.1850,-0.9168,1.8273,5.1141,0.7882
1308.50,1.7248,5.1041,1.9497,7.4272,1.1850,-0.9179,1.8273,5.1141,0.7871
1309.00,1.7248,5.1041,1.9497,7.4272,1.1850,-0.9194,1.8273,5.1141,0.7856
1309.50,1.7248,5.1041,1.9497,7.4272,1.1850,-0.9201,1.8273,5.1141,0.7849
1310.00,1.7248,5.1041,1.9497,7.4272,1.1850,-0.9212,1.8273,5.1141,0.7838
1310.50,1.7248,5.1041,1.9497,7.4272,1.1850,-0.9224,1.8273,5.1141,0.7826
1311.00,1.7248,5.1041,1.9497,7.4272,1.1850,-0.9234,1.8273,5.1141,0.7817
1311.50,1.7248,5.1041,1.9497,7.4272,1.1850,-0.9246,1.8273,5.1141,0.7804
1312.00,1.7248,5.1041,1.9497,7.4272,1.1850,-0.9255,1.8273,5.1141,0.7795
1312.50,1.7248,5.1041,1.9497,7.4272,1.1850,-0.9271,1.8273,5.1141,0.7779
1313.00,1.7248,5.1041,1.9497,7.4272,1.1850,-0.9275,1.8273,5.1141,0.7775
1313.50,1.7248,5.1041,1.9497,7.4272,1.1850,-0.9288,1.8273,5.1141,0.7762
1314.00,1.7248,5.1041,1.9497,7.4272,1.1850,-0.9297,1.8273,5.1141,0.7753
1314.50,1.7248,5.1041,1.9497,7.4272,1.1850,-0.9311,1.8273,5.1141,0.7739
1315.00,1.7248,5.1041,1.9497,7.4272,1.1850,-0.9326,1.8273,5.1141,0.7725
1315.50,1.7248,5.1041,1.9497,7.4272,1.1850,-0.9336,1.8273,5.1141,0.7714
1316.00,1.7248,5.1041,1.9497,7.4272,1.1850,-0.9347,1.8273,5.1141,0.7703
1316.50,1.7248,5.1041,1.9497,7.4272,1.1850,-0.9352,1.8273,5.1141,0.7698
1317.00,1.7248,5.1041,1.9497,7.4272,1.1850,-0.9362,1.8273,5.1141,0.7688
1317.50,1.7248,5.1041,1.9497,7.4272,1.1850,-0.9380,1.8273,5.1141,0.7670
1318.00,1.7248,5.1041,1.9497,7.4272,1.1850,-0.9392,1.8273,5.1141,0.7658
1318.50,1.7248,5.1041,1.9497,7.4272,1.1850,-0.9400,1.8273,5.1141,0.7650
1319.00,1.7248,5.1041,1.9497,7.4272,1.1850,-0.9408,1.8273,5.1141,0.7643
1319.50,1.7248,5.1041,1.9497,7.4272,1.1850,-0.9419,1.8273,5.1141,0.7632
1320.00,1.7248,5.1041,1.9497,7.4272,1.1850,-0.9432,1.8273,5.1141,0.7618
1320.50,1.7248,5.1041,1.9497,7.4272,1.1850,-0.9445,1.8273,5.1141,0.7605
1321.00,1.7248,5.1041,1.9497,7.4272,1.1850,-0.9457,1.8273,5.1141,0.7593
1321.50,1.7248,5.1041,1.9497,7.4272,1.1850,-0.9473,1.8273,5.1141,0.7577
1322.00,1.7248,5.1041,1.9497,7.4272,1.1850,-0.9495,1.8273,5.1141,0.7556
1322.50,1.7248,5.1041,1.9497,7.4272,1.1850,-0.9504,1.8273,5.1141,0.7546
1323.00,1.7248,5.1041,1.9497,7.4272,1.1850,-0.9512,1.8273,5.1141,0.7538
1323.50,1.7248,5.1041,1.9497,7.4272,1.1850,-0.9523,1.8273,5.1141,0.7527
1324.00,1.7248,5.1041,1.9497,7.4272,1.1850,-0.9539,1.8273,5.1141,0.7511
1324.50,1.7248,5.1041,1.9497,7.4272,1.1850,-0.9549,1.8273,5.1141,0.7501
1325.00,1.7248,5.1041,1.9497,7.4272,1.1850,-0.9563,1.8273,5.1141,0.7487
1325.50,1.7248,5.1041,1.9497,7.4272,1.1850,-0.9570,1.8273,5.1141,0.7480
1326.00,1.7248,5.1041,1.9497,7.4272,1.1850,-0.9589,1.8273,5.1141,0.7461
1326.50,1.7248,5.1041,1.9497,7.4272,1.1850,-0.9600,1.8273,5.1141,0.7450
1327.00,1.7248,5.1041,1.9497,7.4272,1.1850,-0.9609,1.8273,5.1141,0.7441
1327.50,1.7248,5.1041,1.9497,7.4272,1.1850,-0.9622,1.8273,5.1141,0.7428
1328.00,1.7248,5.1041,1.9497,7.4272,1.1850,-0.9634,1.8273,5.1141,0.7416
1328.50,1.7248,5.1041,1.9497,7.4272,1.1850,-0.9647,1.8273,5.1141,0.7403
1329.00,1.7248,5.1041,1.9497,7.4272,1.1850,-0.9660,1.8273,5.1141,0.7390
1329.50,1.7248,5.1041,1.9497,7.4272,1.1850,-0.9668,1.8273,5.1141,0.7383
1330.00,1.7248,5.1041,1.9497,7.4272,1.1850,-0.9685,1.8273,5.1141,0.7366
1330.50,1.7248,5.1041,1.9497,7.4272,1.1850,-0.9700,1.8273,5.1141,0.7350
1331.00,1.7248,5.1041,1.9497,7.4272,1.1850,-0.9717,1.8273,5.1141,0.7333
1331.50,1.7248,5.1041,1.9497,7.4272,1.1850,-0.9729,1.8273,5.1141,0.7321
1332.00,1.7248,5.1041,1.9497,7.4272,1.1850,-0.9736,1.8273,5.1141,0.7314
1332.50,1.7248,5.1041,1.9497,7.4272,1.1850,-0.9750,1.8273,5.1141,0.7300
1333.00,1.7248,5.1041,1.9497,7.4272,1.1850,-0.9764,1.8273,5.1141,0.7286
1333.50,1.7248,5.1041,1.9497,7.4272,1.1850,-0.9773,1.8273,5.1141,0.7277
1334.00,1.7248,5.1041,1.9497,7.4272,1.1850,-0.9779,1.8273,5.1141,0.7271
1334.50,1.7248,5.1041,1.9497,7.4272,1.1850,-0.9791,1.8273,5.1141,0.7259
1335.00,1.7248,5.1041,1.9497,7.4272,1.1850,-0.9810,1.8273,5.1141,0.7240
1335.50,1.7248,5.1041,1.9497,7.4272,1.1850,-0.9820,1.8273,5.1141,0.7230
1336.00,1.7248,5.1041,1.9497,7.4272,1.1850,-0.9831,1.8273,5.1141,0.7219
1336.50,1.7248,5.1041,1.9497,7.4272,1.1850,-0.9846,1.8273,5.1141,0.7204
1337.00,1.7248,5.1041,1.9497,7.4272,1.1850,-0.9861,1.8273,5.1141,0.7189
1337.50,1.7248,5.1041,1.9497,7.4272,1.1850,-0.9873,1.8273,5.1141,0.7177
1338.00,1.7248,5.1041,1.9497,7.4272,1.1850,-0.9888,1.8273,5.1141,0.7162
1338.50,1.7248,5.1041,1.9497,7.4272,1.1850,-0.9903,1.8273,5.1141,0.7147
1339.00,1.7248,5.1041,1.9497,7.4272,1.1850,-0.9917,1.8273,5.1141,0.7133
1339.50,1.7248,5.1041,1.9497,7.4272,1.1850,-0.9933,1.8273,5.1141,0.7117
1340.00,1.7248,5.1041,1.9497,7.4272,1.1850,-0.9949,1.8273,5.1141,0.7101
1340.50,1.7248,5.1041,1.9497,7.4272,1.1850,-0.9955,1.8273,5.1141,0.7095
1341.00,1.7248,5.1041,1.9497,7.4272,1.1850,-0.9972,1.8273,5.1141,0.7078
1341.50,1.7248,5.1041,1.9497,7.4272,1.1850,-0.9982,1.8273,5.1141,0.7068
1342.00,1.7248,5.1041,1.9497,7.4272,1.1850,-0.9997,1.8273,5.1141,0.7053
1342.50,1.7248,5.1041,1.9497,7.4272,1.1850,-1.0004,1.8273,5.1141,0.7046
1343.00,1.7248,5.1041,1.9497,7.4272,1.1850,-1.0026,1.8273,5.1141,0.7024
1343.50,1.7248,5.1041,1.9497,7.4272,1.1850,-1.0038,1.8273,5.1141,0.7012
1344.00,1.7248,5.1041,1.9497,7.4272,1.1850,-1.0053,1.8273,5.1141,0.6997
1344.50,1.7248,5.1041,1.9497,7.4272,1.1850,-1.0068,1.8273,5.1141,0.6982
1345.00,1.7248,5.1041,1.9497,7.4272,1.1850,-1.0078,1.8273,5.1141,0.6973
1345.50,1.7248,5.1041,1.9497,7.4272,1.1850,-1.0094,1.8273,5.1141,0.6956
1346.00,1.7248,5.1041,1.9497,7.4272,1.1850,-1.0114,1.8273,5.1141,0.6936
1346.50,1.7248,5.1041,1.9497,7.4272,1.1850,-1.0128,1.8273,5.1141,0.6922
1347.00,1.7248,5.1041,1.9497,7.4272,1.1850,-1.0140,1.8273,5.1141,0.6911
1347.50,1.7248,5.1041,1.9497,7.4272,1.1850,-1.0155,1.8273,5.1141,0.6896
1348.00,1.7248,5.1041,1.9497,7.4272,1.1850,-1.0173,1.8273,5.1141,0.6878
1348.50,1.7248,5.1041,1.9497,7.4272,1.1850,-1.0181,1.8273,5.1141,0.6869
1349.00,1.7248,5.1041,1.9497,7.4272,1.1850,-1.0197,1.8273,5.1141,0.6853
1349.50,1.7248,5.1041,1.9497,7.4272,1.1850,-1.0209,1.8273,5.1141,0.6841
1350.00,1.7248,5.1041,1.9497,7.4272,1.1850,-1.0222,1.8273,5.1141,0.6828
1350.50,1.7248,5.1041,1.9497,7.4272,1.1850,-1.0234,1.8273,5.1141,0.6817
1351.00,1.7248,5.1041,1.9497,7.4272,1.1850,-1.0247,1.8273,5.1141,0.6803
1351.50,1.7248,5.1041,1.9497,7.4272,1.1850,-1.0259,1.8273,5.1141,0.6791
1352.00,1.7248,5.1041,1.9497,7.4272,1.1850,-1.0275,1.8273,5.1141,0.6775
1352.50,1.7248,5.1041,1.9497,7.4272,1.1850,-1.0290,1.8273,5.1141,0.6760
1353.00,1.7248,5.1041,1.9497,7.4272,1.1850,-1.0309,1.8273,5.1141,0.6741
1353.50,1.7248,5.1041,1.9497,7.4272,1.1850,-1.0326,1.8273,5.1141,0.6724
1354.00,1.7248,5.1041,1.9497,7.4272,1.1850,-1.0341,1.8273,5.1141,0.6709
1354.50,1.7248,5.1041,1.9497,7.4272,1.1850,-1.0359,1.8273,5.1141,0.6691
1355.00,1.7248,5.1041,1.9497,7.4272,1.1850,-1.0371,1.8273,5.1141,0.6679
1355.50,1.7248,5.1041,1.9497,7.4272,1.1850,-1.0386,1.8273,5.1141,0.6664
1356.00,1.7248,5.1041,1.9497,7.4272,1.1850,-1.0400,1.8273,5.1141,0.6650
1356.50,1.7248,5.1041,1.9497,7.4272,1.1850,-1.0414,1.8273,5.1141,0.6636
1357.00,1.7248,5.1041,1.9497,7.4272,1.1850,-1.0426,1.8273,5.1141,0.6624
1357.50,1.7248,5.1041,1.9497,7.4272,1.1850,-1.0444,1.8273,5.1141,0.6607
1358.00,1.7248,5.1041,1.9497,7.4272,1.1850,-1.0452,1.8273,5.1141,0.6598
1358.50,1.7248,5.1041,1.9497,7.4272,1.1850,-1.0467,1.8273,5.1141,0.6583
1359.00,1.7248,5.1041,1.9497,7.4272,1.1850,-1.0485,1.8273,5.1141,0.6565
1359.50,1.7248,5.1041,1.9497,7.4272,1.1850,-1.0495,1.8273,5.1141,0.6555
1360.00,1.7248,5.1041,1.9497,7.4272,1.1850,-1.0507,1.8273,5.1141,0.6543
1360.50,1.7248,5.1041,1.9497,7.4272,1.1850,-1.0521,1.8273,5.1141,0.6529
1361.00,1.7248,5.1041,1.9497,7.4272,1.1850,-1.0538,1.8273,5.1141,0.6512
1361.50,1.7248,5.1041,1.9497,7.4272,1.1850,-1.0550,1.8273,5.1141,0.6500
1362.00,1.7248,5.1041,1.9497,7.4272,1.1850,-1.0564,1.8273,5.1141,0.6486
1362.50,1.7248,5.1041,1.9497,7.4272,1.1850,-1.0579,1.8273,5.1141,0.6471
1363.00,1.7248,5.1041,1.9497,7.4272,1.1850,-1.0596,1.8273,5.1141,0.6454
1363.50,1.7248,5.1041,1.9497,7.4272,1.1850,-1.0613,1.8273,5.1141,0.6437
1364.00,1.7248,5.1041,1.9497,7.4272,1.1850,-1.0626,1.8273,5.1141,0.6424
1364.50,1.7248,5.1041,1.9497,7.4272,1.1850,-1.0642,1.8273,5.1141,0.6408
1365.00,1.7248,5.1041,1.9497,7.4272,1.1850,-1.0657,1.8273,5.1141,0.6393
1365.50,1.7248,5.1041,1.9497,7.4272,1.1850,-1.0670,1.8273,5.1141,0.6380
1366.00,1.7248,5.1041,1.9497,7.4272,1.1850,-1.0691,1.8273,5.1141,0.6359
1366.50,1.7248,5.1041,1.9497,7.4272,1.1850,-1.0713,1.8273,5.1141,0.6337
1367.00,1.7248,5.1041,1.9497,7.4272,1.1850,-1.0729,1.8273,5.1141,0.6321
1367.50,1.7248,5.1041,1.9497,7.4272,1.1850,-1.0748,1.8273,5.1141,0.6302
1368.00,1.7248,5.1041,1.9497,7.4272,1.1850,-1.0760,1.8273,5.1141,0.6290
1368.50,1.7248,5.1041,1.9497,7.4272,1.1850,-1.0772,1.8273,5.1141,0.6278
1369.00,1.7248,5.1041,1.9497,7.4272,1.1850,-1.0784,1.8273,5.1141,0.6266
1369.50,1.7248,5.1041,1.9497,7.4272,1.1850,-1.0808,1.8273,5.1141,0.6242
1370.00,1.7248,5.1041,1.9497,7.4272,1.1850,-1.0822,1.8273,5.1141,0.6228
1370.50,1.7248,5.1041,1.9497,7.4272,1.1850,-1.0837,1.8273,5.1141,0.6213
1371.00,1.7248,5.1041,1.9497,7.4272,1.1850,-1.0850,1.8273,5.1141,0.6200
1371.50,1.7248,5.1041,1.9497,7.4272,1.1850,-1.0864,1.8273,5.1141,0.6186
1372.00,1.7248,5.1041,1.9497,7.4272,1.1850,-1.0876,1.8273,5.1141,0.6174
1372.50,1.7248,5.1041,1.9497,7.4272,1.1850,-1.0893,1.8273,5.1141,0.6157
1373.00,1.7248,5.1041,1.9497,7.4272,1.1850,-1.0909,1.8273,5.1141,0.6141
1373.50,1.7248,5.1041,1.9497,7.4272,1.1850,-1.0925,1.8273,5.1141,0.6125
1374.00,1.7248,5.1041,1.9497,7.4272,1.1850,-1.0940,1.8273,5.1141,0.6110
1374.50,1.7248,5.1041,1.9497,7.4272,1.1850,-1.0956,1.8273,5.1141,0.6094
1375.00,1.7248,5.1041,1.9497,7.4272,1.1850,-1.0971,1.8273,5.1141,0.6079
1375.50,1.7248,5.1041,1.9497,7.4272,1.1850,-1.0994,1.8273,5.1141,0.6056
1376.00,1.7248,5.1041,1.9497,7.4272,1.1850,-1.1015,1.8273,5.1141,0.6035
1376.50,1.7248,5.1041,1.9497,7.4272,1.1850,-1.1029,1.8273,5.1141,0.6021
1377.00,1.7248,5.1041,1.9497,7.4272,1.1850,-1.1047,1.8273,5.1141,0.6003
1377.50,1.7248,5.1041,1.9497,7.4272,1.1850,-1.1062,1.8273,5.1141,0.5988
1378.00,1.7248,5.1041,1.9497,7.4272,1.1850,-1.1077,1.8273,5.1141,0.5973
1378.50,1.7248,5.1041,1.9497,7.4272,1.1850,-1.1092,1.8273,5.1141,0.5958
1379.00,1.7248,5.1041,1.9497,7.4272,1.1850,-1.1103,1.8273,5.1141,0.5947
1379.50,1.7248,5.1041,1.9497,7.4272,1.1850,-1.1121,1.8273,5.1141,0.5929
1380.00,1.7248,5.1041,1.9497,7.4272,1.1850,-1.1139,1.8273,5.1141,0.5911
1380.50,1.7248,5.1041,1.9497,7.4272,1.1850,-1.1157,1.8273,5.1141,0.5894
1381.00,1.7248,5.1041,1.9497,7.4272,1.1850,-1.1163,1.8273,5.1141,0.5887
1381.50,1.7248,5.1041,1.9497,7.4272,1.1850,-1.1182,1.8273,5.1141,0.5868
1382.00,1.7248,5.1041,1.9497,7.4272,1.1850,-1.1197,1.8273,5.1141,0.5853
1382.50,1.7248,5.1041,1.9497,7.4272,1.1850,-1.1216,1.8273,5.1141,0.5834
1383.00,1.7248,5.1041,1.9497,7.4272,1.1850,-1.1231,1.8273,5.1141,0.5819
1383.50,1.7248,5.1041,1.9497,7.4272,1.1850,-1.1250,1.8273,5.1141,0.5800
1384.00,1.7248,5.1041,1.9497,7.4272,1.1850,-1.1267,1.8273,5.1141,0.5784
1384.50,1.7248,5.1041,1.9497,7.4272,1.1850,-1.1284,1.8273,5.1141,0.5766
1385.00,1.7248,5.1041,1.9497,7.4272,1.1850,-1.1303,1.8273,5.1141,0.5747
1385.50,1.7248,5.1041,1.9497,7.4272,1.1850,-1.1319,1.8273,5.1141,0.5731
1386.00,1.7248,5.1041,1.9497,7.4272,1.1850,-1.1340,1.8273,5.1141,0.5710
1386.50,1.7248,5.1041,1.9497,7.4272,1.1850,-1.1353,1.8273,5.1141,0.5697
1387.00,1.7248,5.1041,1.9497,7.4272,1.1850,-1.1368,1.8273,5.1141,0.5682
1387.50,1.7248,5.1041,1.9497,7.4272,1.1850,-1.1385,1.8273,5.1141,0.5665
1388.00,1.7248,5.1041,1.9497,7.4272,1.1850,-1.1400,1.8273,5.1141,0.5650
1388.50,1.7248,5.1041,1.9497,7.4272,1.1850,-1.1413,1.8273,5.1141,0.5637
1389.00,1.7248,5.1041,1.9497,7.4272,1.1850,-1.1435,1.8273,5.1141,0.5615
1389.50,1.7248,5.1041,1.9497,7.4272,1.1850,-1.1447,1.8273,5.1141,0.5604
1390.00,1.7248,5.1041,1.9497,7.4272,1.1850,-1.1460,1.8273,5.1141,0.5590
1390.50,1.7248,5.1041,1.9497,7.4272,1.1850,-1.1477,1.8273,5.1141,0.5573
1391.00,1.7248,5.1041,1.9497,7.4272,1.1850,-1.1485,1.8273,5.1141,0.5565
1391.50,1.7248,5.1041,1.9497,7.4272,1.1850,-1.1503,1.8273,5.1141,0.5547
1392.00,1.7248,5.1041,1.9497,7.4272,1.1850,-1.1520,1.8273,5.1141,0.5530
1392.50,1.7248,5.1041,1.9497,7.4272,1.1850,-1.1530,1.8273,5.1141,0.5520
1393.00,1.7248,5.1041,1.9497,7.4272,1.1850,-1.1545,1.8273,5.1141,0.5505
1393.50,1.7248,5.1041,1.9497,7.4272,1.1850,-1.1561,1.8273,5.1141,0.5489
1394.00,1.7248,5.1041,1.9497,7.4272,1.1850,-1.1572,1.8273,5.1141,0.5478
1394.50,1.7248,5.1041,1.9497,7.4272,1.1850,-1.1587,1.8273,5.1141,0.5463
1395.00,1.7248,5.1041,1.9497,7.4272,1.1850,-1.1605,1.8273,5.1141,0.5445
1395.50,1.7248,5.1041,1.9497,7.4272,1.1850,-1.1619,1.8273,5.1141,0.5431
1396.00,1.7248,5.1041,1.9497,7.4272,1.1850,-1.1639,1.8273,5.1141,0.5411
1396.50,1.7248,5.1041,1.9497,7.4272,1.1850,-1.1652,1.8273,5.1141,0.5398
1397.00,1.7248,5.1041,1.9497,7.4272,1.1850,-1.1672,1.8273,5.1141,0.5378
1397.50,1.7248,5.1041,1.9497,7.4272,1.1850,-1.1689,1.8273,5.1141,0.5361
1398.00,1.7248,5.1041,1.9497,7.4272,1.1850,-1.1705,1.8273,5.1141,0.5345
1398.50,1.7248,5.1041,1.9497,7.4272,1.1850,-1.1721,1.8273,5.1141,0.5329
1399.00,1.7248,5.1041,1.9497,7.4272,1.1850,-1.1737,1.8273,5.1141,0.5313
1399.50,1.7248,5.1041,1.9497,7.4272,1.1850,-1.1754,1.8273,5.1141,0.5297
1400.00,1.7248,5.1041,1.9497,7.4272,1.1850,-1.1769,1.8273,5.1141,0.5281
1400.50,1.7248,5.1041,1.9497,7.4272,1.1850,-1.1785,1.8273,5.1141,0.5265
1401.00,1.7248,5.1041,1.9497,7.4272,1.1850,-1.1804,1.8273,5.1141,0.5246
1401.50,1.7248,5.1041,1.9497,7.4272,1.1850,-1.1822,1.8273,5.1141,0.5228
1402.00,1.7248,5.1041,1.9497,7.4272,1.1850,-1.1831,1.8273,5.1141,0.5219
1402.50,1.7248,5.1041,1.9497,7.4272,1.1850,-1.1842,1.8273,5.1141,0.5208
1403.00,1.7248,5.1041,1.9497,7.4272,1.1850,-1.1855,1.8273,5.1141,0.5195
1403.50,1.7248,5.1041,1.9497,7.4272,1.1850,-1.1872,1.8273,5.1141,0.5178
1404.00,1.7248,5.1041,1.9497,7.4272,1.1850,-1.1889,1.8273,5.1141,0.5161
1404.50,1.7248,5.1041,1.9497,7.4272,1.1850,-1.1902,1.8273,5.1141,0.5148
1405.00,1.7248,5.1041,1.9497,7.4272,1.1850,-1.1923,1.8273,5.1141,0.5127
1405.50,1.7248,5.1041,1.9497,7.4272,1.1850,-1.1932,1.8273,5.1141,0.5118
1406.00,1.7248,5.1041,1.9497,7.4272,1.1850,-1.1949,1.8273,5.1141,0.5101
1406.50,1.7248,5.1041,1.9497,7.4272,1.1850,-1.1970,1.8273,5.1141,0.5080
1407.00,1.7248,5.1041,1.9497,7.4272,1.1850,-1.1982,1.8273,5.1141,0.5069
1407.50,1.7248,5.1041,1.9497,7.4272,1.1850,-1.1995,1.8273,5.1141,0.5055
1408.00,1.7248,5.1041,1.9497,7.4272,1.1850,-1.2009,1.8273,5.1141,0.5041
1408.50,1.7248,5.1041,1.9497,7.4272,1.1850,-1.2025,1.8273,5.1141,0.5025
1409.00,1.7248,5.1041,1.9497,7.4272,1.1850,-1.2041,1.8273,5.1141,0.5009
1409.50,1.7248,5.1041,1.9497,7.4272,1.1850,-1.2058,1.8273,5.1141,0.4992
1410.00,1.7248,5.1041,1.9497,7.4272,1.1850,-1.2070,1.8273,5.1141,0.4981
1410.50,1.7248,5.1041,1.9497,7.4272,1.1850,-1.2085,1.8273,5.1141,0.4965
1411.00,1.7248,5.1041,1.9497,7.4272,1.1850,-1.2098,1.8273,5.1141,0.4952
1411.50,1.7248,5.1041,1.9497,7.4272,1.1850,-1.2108,1.8273,5.1141,0.4942
1412.00,1.7248,5.1041,1.9497,7.4272,1.1850,-1.2127,1.8273,5.1141,0.4924
1412.50,1.7248,5.1041,1.9497,7.4272,1.1850,-1.2141,1.8273,5.1141,0.4909
1413.00,1.7248,5.1041,1.9497,7.4272,1.1850,-1.2153,1.8273,5.1141,0.4897
1413.50,1.7248,5.1041,1.9497,7.4272,1.1850,-1.2166,1.8273,5.1141,0.4884
1414.00,1.7248,5.1041,1.9497,7.4272,1.1850,-1.2184,1.8273,5.1141,0.4866
1414.50,1.7248,5.1041,1.9497,7.4272,1.1850,-1.2195,1.8273,5.1141,0.4855
1415.00,1.7248,5.1041,1.9497,7.4272,1.1850,-1.2213,1.8273,5.1141,0.4837
1415.50,1.7248,5.1041,1.9497,7.4272,1.1850,-1.2226,1.8273,5.1141,0.4824
1416.00,1.7248,5.1041,1.9497,7.4272,1.1850,-1.2247,1.8273,5.1141,0.4803
1416.50,1.7248,5.1041,1.9497,7.4272,1.1850,-1.2267,1.8273,5.1141,0.4784
1417.00,1.7248,5.1041,1.9497,7.4272,1.1850,-1.2282,1.8273,5.1141,0.4768
1417.50,1.7248,5.1041,1.9497,7.4272,1.1850,-1.2302,1.8273,5.1141,0.4748
1418.00,1.7248,5.1041,1.9497,7.4272,1.1850,-1.2314,1.8273,5.1141,0.4736
1418.50,1.7248,5.1041,1.9497,7.4272,1.1850,-1.2331,1.8273,5.1141,0.4719
1419.00,1.7248,5.1041,1.9497,7.4272,1.1850,-1.2341,1.8273,5.1141,0.4709
1419.50,1.7248,5.1041,1.9497,7.4272,1.1850,-1.2357,1.8273,5.1141,0.4693
1420.00,1.7248,5.1041,1.9497,7.4272,1.1850,-1.2375,1.8273,5.1141,0.4675
1420.50,1.7248,5.1041,1.9497,7.4272,1.1850,-1.2389,1.8273,5.1141,0.4661
1421.00,1.7248,5.1041,1.9497,7.4272,1.1850,-1.2402,1.8273,5.1141,0.4649
1421.50,1.7248,5.1041,1.9497,7.4272,1.1850,-1.2426,1.8273,5.1141,0.4624
1422.00,1.7248,5.1041,1.9497,7.4272,1.1850,-1.2450,1.8273,5.1141,0.4600
1422.50,1.7248,5.1041,1.9497,7.4272,1.1850,-1.2467,1.8273,5.1141,0.4583
1423.00,1.7248,5.1041,1.9497,7.4272,1.1850,-1.2482,1.8273,5.1141,0.4568
1423.50,1.7248,5.1041,1.9497,7.4272,1.1850,-1.2496,1.8273,5.1141,0.4554
1424.00,1.7248,5.1041,1.9497,7.4272,1.1850,-1.2506,1.8273,5.1141,0.4544
1424.50,1.7248,5.1041,1.9497,7.4272,1.1850,-1.2526,1.8273,5.1141,0.4524
1425.00,1.7248,5.1041,1.9497,7.4272,1.1850,-1.2543,1.8273,5.1141,0.4507
1425.50,1.7248,5.1041,1.9497,7.4272,1.1850,-1.2556,1.8273,5.1141,0.4494
1426.00,1.7248,5.1041,1.9497,7.4272,1.1850,-1.2579,1.8273,5.1141,0.4471
1426.50,1.7248,5.1041,1.9497,7.4272,1.1850,-1.2598,1.8273,5.1141,0.4452
1427.00,1.7248,5.1041,1.9497,7.4272,1.1850,-1.2621,1.8273,5.1141,0.4429
1427.50,1.7248,5.1041,1.9497,7.4272,1.1850,-1.2631,1.8273,5.1141,0.4419
1428.00,1.7248,5.1041,1.9497,7.4272,1.1850,-1.2657,1.8273,5.1141,0.4393
1428.50,1.7248,5.1041,1.9497,7.4272,1.1850,-1.2676,1.8273,5.1141,0.4374
1429.00,1.7248,5.1041,1.9497,7.4272,1.1850,-1.2694,1.8273,5.1141,0.4356
1429.50,1.7248,5.1041,1.9497,7.4272,1.1850,-1.2703,1.8273,5.1141,0.4347
1430.00,1.7248,5.1041,1.9497,7.4272,1.1850,-1.2715,1.8273,5.1141,0.4335
1430.50,1.7248,5.1041,1.9497,7.4272,1.1850,-1.2731,1.8273,5.1141,0.4319
1431.00,1.7248,5.1041,1.9497,7.4272,1.1850,-1.2755,1.8273,5.1141,0.4295
1431.50,1.7248,5.1041,1.9497,7.4272,1.1850,-1.2765,1.8273,5.1141,0.4285
1432.00,1.7248,5.1041,1.9497,7.4272,1.1850,-1.2781,1.8273,5.1141,0.4269
1432.50,1.7248,5.1041,1.9497,7.4272,1.1850,-1.2800,1.8273,5.1141,0.4250
1433.00,1.7248,5.1041,1.9497,7.4272,1.1850,-1.2816,1.8273,5.1141,0.4234
1433.50,1.7248,5.1041,1.9497,7.4272,1.1850,-1.2836,1.8273,5.1141,0.4214
1434.00,1.7248,5.1041,1.9497,7.4272,1.1850,-1.2855,1.8273,5.1141,0.4195
1434.50,1.7248,5.1041,1.9497,7.4272,1.1850,-1.2870,1.8273,5.1141,0.4180
1435.00,1.7248,5.1041,1.9497,7.4272,1.1850,-1.2892,1.8273,5.1141,0.4158
1435.50,1.7248,5.1041,1.9497,7.4272,1.1850,-1.2905,1.8273,5.1141,0.4145
1436.00,1.7248,5.1041,1.9497,7.4272,1.1850,-1.2928,1.8273,5.1141,0.4122
1436.50,1.7248,5.1041,1.9497,7.4272,1.1850,-1.2944,1.8273,5.1141,0.4106
1437.00,1.7248,5.1041,1.9497,7.4272,1.1850,-1.2957,1.8273,5.1141,0.4093
1437.50,1.7248,5.1041,1.9497,7.4272,1.1850,-1.2974,1.8273,5.1141,0.4076
1438.00,1.7248,5.1041,1.9497,7.4272,1.1850,-1.2987,1.8273,5.1141,0.4063
1438.50,1.7248,5.1041,1.9497,7.4272,1.1850,-1.3009,1.8273,5.1141,0.4041
1439.00,1.7248,5.1041,1.9497,7.4272,1.1850,-1.3024,1.8273,5.1141,0.4026
1439.50,1.7248,5.1041,1.9497,7.4272,1.1850,-1.3041,1.8273,5.1141,0.4009
1440.00,1.7248,5.1041,1.9497,7.4272,1.1850,-1.3055,1.8273,5.1141,0.3995
1440.50,1.7248,5.1041,1.9497,7.4272,1.1850,-1.3070,1.8273,5.1141,0.3980
1441.00,1.7248,5.1041,1.9497,7.4272,1.1850,-1.3091,1.8273,5.1141,0.3959
1441.50,1.7248,5.1041,1.9497,7.4272,1.1850,-1.3107,1.8273,5.1141,0.3944
1442.00,1.7248,5.1041,1.9497,7.4272,1.1850,-1.3116,1.8273,5.1141,0.3934
1442.50,1.7248,5.1041,1.9497,7.4272,1.1850,-1.3129,1.8273,5.1141,0.3921
1443.00,1.7248,5.1041,1.9497,7.4272,1.1850,-1.3141,1.8273,5.1141,0.3909
1443.50,1.7248,5.1041,1.9497,7.4272,1.1850,-1.3153,1.8273,5.1141,0.3897
1444.00,1.7248,5.1041,1.9497,7.4272,1.1850,-1.3168,1.8273,5.1141,0.3882
1444.50,1.7248,5.1041,1.9497,7.4272,1.1850,-1.3186,1.8273,5.1141,0.3864
1445.00,1.7248,5.1041,1.9497,7.4272,1.1850,-1.3202,1.8273,5.1141,0.3848
1445.50,1.7248,5.1041,1.9497,7.4272,1.1850,-1.3220,1.8273,5.1141,0.3830
1446.00,1.7248,5.1041,1.9497,7.4272,1.1850,-1.3240,1.8273,5.1141,0.3810
1446.50,1.7248,5.1041,1.9497,7.4272,1.1850,-1.3257,1.8273,5.1141,0.3793
1447.00,1.7248,5.1041,1.9497,7.4272,1.1850,-1.3272,1.8273,5.1141,0.3778
1447.50,1.7248,5.1041,1.9497,7.4272,1.1850,-1.3284,1.8273,5.1141,0.3766
1448.00,1.7248,5.1041,1.9497,7.4272,1.1850,-1.3300,1.8273,5.1141,0.3750
1448.50,1.7248,5.1041,1.9497,7.4272,1.1850,-1.3318,1.8273,5.1141,0.3733
1449.00,1.7248,5.1041,1.9497,7.4272,1.1850,-1.3329,1.8273,5.1141,0.3721
1449.50,1.7248,5.1041,1.9497,7.4272,1.1850,-1.3343,1.8273,5.1141,0.3707
1450.00,1.7248,5.1041,1.9497,7.4272,1.1850,-1.3363,1.8273,5.1141,0.3688
1450.50,1.7248,5.1041,1.9497,7.4272,1.1850,-1.3379,1.8273,5.1141,0.3671
1451.00,1.7248,5.1041,1.9497,7.4272,1.1850,-1.3399,1.8273,5.1141,0.3651
1451.50,1.7248,5.1041,1.9497,7.4272,1.1850,-1.3408,1.8273,5.1141,0.3642
1452.00,1.7248,5.1041,1.9497,7.4272,1.1850,-1.3425,1.8273,5.1141,0.3625
1452.50,1.7248,5.1041,1.9497,7.4272,1.1850,-1.3441,1.8273,5.1141,0.3610
1453.00,1.7248,5.1041,1.9497,7.4272,1.1850,-1.3455,1.8273,5.1141,0.3595
1453.50,1.7248,5.1041,1.9497,7.4272,1.1850,-1.3471,1.8273,5.1141,0.3579
1454.00,1.7248,5.1041,1.9497,7.4272,1.1850,-1.3488,1.8273,5.1141,0.3562
1454.50,1.7248,5.1041,1.9497,7.4272,1.1850,-1.3508,1.8273,5.1141,0.3542
1455.00,1.7248,5.1041,1.9497,7.4272,1.1850,-1.3519,1.8273,5.1141,0.3531
1455.50,1.7248,5.1041,1.9497,7.4272,1.1850,-1.3537,1.8273,5.1141,0.3513
1456.00,1.7248,5.1041,1.9497,7.4272,1.1850,-1.3557,1.8273,5.1141,0.3494
1456.50,1.7248,5.1041,1.9497,7.4272,1.1850,-1.3573,1.8273,5.1141,0.3477
1457.00,1.7248,5.1041,1.9497,7.4272,1.1850,-1.3586,1.8273,5.1141,0.3464
1457.50,1.7248,5.1041,1.9497,7.4272,1.1850,-1.3601,1.8273,5.1141,0.3449
1458.00,1.7248,5.1041,1.9497,7.4272,1.1850,-1.3612,1.8273,5.1141,0.3438
1458.50,1.7248,5.1041,1.9497,7.4272,1.1850,-1.3631,1.8273,5.1141,0.3419
1459.00,1.7248,5.1041,1.9497,7.4272,1.1850,-1.3644,1.8273,5.1141,0.3406
1459.50,1.7248,5.1041,1.9497,7.4272,1.1850,-1.3666,1.8273,5.1141,0.3384
1460.00,1.7248,5.1041,1.9497,7.4272,1.1850,-1.3680,1.8273,5.1141,0.3370
1460.50,1.7248,5.1041,1.9497,7.4272,1.1850,-1.3697,1.8273,5.1141,0.3353
1461.00,1.7248,5.1041,1.9497,7.4272,1.1850,-1.3716,1.8273,5.1141,0.3334
1461.50,1.7248,5.1041,1.9497,7.4272,1.1850,-1.3728,1.8273,5.1141,0.3322
1462.00,1.7248,5.1041,1.9497,7.4272,1.1850,-1.3747,1.8273,5.1141,0.3303
1462.50,1.7248,5.1041,1.9497,7.4272,1.1850,-1.3767,1.8273,5.1141,0.3283
1463.00,1.7248,5.1041,1.9497,7.4272,1.1850,-1.3788,1.8273,5.1141,0.3262
1463.50,1.7248,5.1041,1.9497,7.4272,1.1850,-1.3807,1.8273,5.1141,0.3243
1464.00,1.7248,5.1041,1.9497,7.4272,1.1850,-1.3823,1.8273,5.1141,0.3227
1464.50,1.7248,5.1041,1.9497,7.4272,1.1850,-1.3838,1.8273,5.1141,0.3212
1465.00,1.7248,5.1041,1.9497,7.4272,1.1850,-1.3857,1.8273,5.1141,0.3193
1465.50,1.7248,5.1041,1.9497,7.4272,1.1850,-1.3874,1.8273,5.1141,0.3176
1466.00,1.7248,5.1041,1.9497,7.4272,1.1850,-1.3895,1.8273,5.1141,0.3155
1466.50,1.7248,5.1041,1.9497,7.4272,1.1850,-1.3904,1.8273,5.1141,0.3146
1467.00,1.7248,5.1041,1.9497,7.4272,1.1850,-1.3924,1.8273,5.1141,0.3126
1467.50,1.7248,5.1041,1.9497,7.4272,1.1850,-1.3942,1.8273,5.1141,0.3108
1468.00,1.7248,5.1041,1.9497,7.4272,1.1850,-1.3960,1.8273,5.1141,0.3090
1468.50,1.7248,5.1041,1.9497,7.4272,1.1850,-1.3975,1.8273,5.1141,0.3075
1469.00,1.7248,5.1041,1.9497,7.4272,1.1850,-1.3990,1.8273,5.1141,0.3060
1469.50,1.7248,5.1041,1.9497,7.4272,1.1850,-1.4009,1.8273,5.1141,0.3041
1470.00,1.7248,5.1041,1.9497,7.4272,1.1850,-1.4024,1.8273,5.1141,0.3027
1470.50,1.7248,5.1041,1.9497,7.4272,1.1850,-1.4042,1.8273,5.1141,0.3008
1471.00,1.7248,5.1041,1.9497,7.4272,1.1850,-1.4057,1.8273,5.1141,0.2993
1471.50,1.7248,5.1041,1.9497,7.4272,1.1850,-1.4069,1.8273,5.1141,0.2981
1472.00,1.7248,5.1041,1.9497,7.4272,1.1850,-1.4081,1.8273,5.1141,0.2969
1472.50,1.7248,5.1041,1.9497,7.4272,1.1850,-1.4098,1.8273,5.1141,0.2952
1473.00,1.7248,5.1041,1.9497,7.4272,1.1850,-1.4113,1.8273,5.1141,0.2937
1473.50,1.7248,5.1041,1.9497,7.4272,1.1850,-1.4127,1.8273,5.1141,0.2923
1474.00,1.7248,5.1041,1.9497,7.4272,1.1850,-1.4141,1.8273,5.1141,0.2909
1474.50,1.7248,5.1041,1.9497,7.4272,1.1850,-1.4152,1.8273,5.1141,0.2898
1475.00,1.7248,5.1041,1.9497,7.4272,1.1850,-1.4167,1.8273,5.1141,0.2883
1475.50,1.7248,5.1041,1.9497,7.4272,1.1850,-1.4182,1.8273,5.1141,0.2868
1476.00,1.7248,5.1041,1.9497,7.4272,1.1850,-1.4200,1.8273,5.1141,0.2850
1476.50,1.7248,5.1041,1.9497,7.4272,1.1850,-1.4215,1.8273,5.1141,0.2835
1477.00,1.7248,5.1041,1.9497,7.4272,1.1850,-1.4232,1.8273,5.1141,0.2819
1477.50,1.7248,5.1041,1.9497,7.4272,1.1850,-1.4251,1.8273,5.1141,0.2799
1478.00,1.7248,5.1041,1.9497,7.4272,1.1850,-1.4270,1.8273,5.1141,0.2780
1478.50,1.7248,5.1041,1.9497,7.4272,1.1850,-1.4286,1.8273,5.1141,0.2764
1479.00,1.7248,5.1041,1.9497,7.4272,1.1850,-1.4298,1.8273,5.1141,0.2752
1479.50,1.7248,5.1041,1.9497,7.4272,1.1850,-1.4314,1.8273,5.1141,0.2736
1480.00,1.7248,5.1041,1.9497,7.4272,1.1850,-1.4330,1.8273,5.1141,0.2720
1480.50,1.7248,5.1041,1.9497,7.4272,1.1850,-1.4347,1.8273,5.1141,0.2703
1481.00,1.7248,5.1041,1.9497,7.4272,1.1850,-1.4362,1.8273,5.1141,0.2688
1481.50,1.7248,5.1041,1.9497,7.4272,1.1850,-1.4383,1.8273,5.1141,0.2667
1482.00,1.7248,5.1041,1.9497,7.4272,1.1850,-1.4400,1.8273,5.1141,0.2650
1482.50,1.7248,5.1041,1.9497,7.4272,1.1850,-1.4420,1.8273,5.1141,0.2630
1483.00,1.7248,5.1041,1.9497,7.4272,1.1850,-1.4434,1.8273,5.1141,0.2616
1483.50,1.7248,5.1041,1.9497,7.4272,1.1850,-1.4450,1.8273,5.1141,0.2600
1484.00,1.7248,5.1041,1.9497,7.4272,1.1850,-1.4467,1.8273,5.1141,0.2583
1484.50,1.7248,5.1041,1.9497,7.4272,1.1850,-1.4483,1.8273,5.1141,0.2568
1485.00,1.7248,5.1041,1.9497,7.4272,1.1850,-1.4500,1.8273,5.1141,0.2550
1485.50,1.7248,5.1041,1.9497,7.4272,1.1850,-1.4513,1.8273,5.1141,0.2537
1486.00,1.7248,5.1041,1.9497,7.4272,1.1850,-1.4532,1.8273,5.1141,0.2518
1486.50,1.7248,5.1041,1.9497,7.4272,1.1850,-1.4553,1.8273,5.1141,0.2497
1487.00,1.7248,5.1041,1.9497,7.4272,1.1850,-1.4565,1.8273,5.1141,0.2485
1487.50,1.7248,5.1041,1.9497,7.4272,1.1850,-1.4584,1.8273,5.1141,0.2467
1488.00,1.7248,5.1041,1.9497,7.4272,1.1850,-1.4597,1.8273,5.1141,0.2453
1488.50,1.7248,5.1041,1.9497,7.4272,1.1850,-1.4612,1.8273,5.1141,0.2439
1489.00,1.7248,5.1041,1.9497,7.4272,1.1850,-1.4627,1.8273,5.1141,0.2423
1489.50,1.7248,5.1041,1.9497,7.4272,1.1850,-1.4640,1.8273,5.1141,0.2410
1490.00,1.7248,5.1041,1.9497,7.4272,1.1850,-1.4653,1.8273,5.1141,0.2397
1490.50,1.7248,5.1041,1.9497,7.4272,1.1850,-1.4666,1.8273,5.1141,0.2384
1491.00,1.7248,5.1041,1.9497,7.4272,1.1850,-1.4680,1.8273,5.1141,0.2370
1491.50,1.7248,5.1041,1.9497,7.4272,1.1850,-1.4696,1.8273,5.1141,0.2354
1492.00,1.7248,5.1041,1.9497,7.4272,1.1850,-1.4714,1.8273,5.1141,0.2336
1492.50,1.7248,5.1041,1.9497,7.4272,1.1850,-1.4728,1.8273,5.1141,0.2322
1493.00,1.7248,5.1041,1.9497,7.4272,1.1850,-1.4744,1.8273,5.1141,0.2306
1493.50,1.7248,5.1041,1.9497,7.4272,1.1850,-1.4755,1.8273,5.1141,0.2295
1494.00,1.7248,5.1041,1.9497,7.4272,1.1850,-1.4769,1.8273,5.1141,0.2281
1494.50,1.7248,5.1041,1.9497,7.4272,1.1850,-1.4784,1.8273,5.1141,0.2266
1495.00,1.7248,5.1041,1.9497,7.4272,1.1850,-1.4800,1.8273,5.1141,0.2250
1495.50,1.7248,5.1041,1.9497,7.4272,1.1850,-1.4813,1.8273,5.1141,0.2237
1496.00,1.7248,5.1041,1.9497,7.4272,1.1850,-1.4827,1.8273,5.1141,0.2224
1496.50,1.7248,5.1041,1.9497,7.4272,1.1850,-1.4837,1.8273,5.1141,0.2213
1497.00,1.7248,5.1041,1.9497,7.4272,1.1850,-1.4851,1.8273,5.1141,0.2199
1497.50,1.7248,5.1041,1.9497,7.4272,1.1850,-1.4865,1.8273,5.1141,0.2185
1498.00,1.7248,5.1041,1.9497,7.4272,1.1850,-1.4877,1.8273,5.1141,0.2173
1498.50,1.7248,5.1041,1.9497,7.4272,1.1850,-1.4894,1.8273,5.1141,0.2157
1499.00,1.7248,5.1041,1.9497,7.4272,1.1850,-1.4910,1.8273,5.1141,0.2141
1499.50,1.7248,5.1041,1.9497,7.4272,1.1850,-1.4923,1.8273,5.1141,0.2127
1500.00,1.7248,5.1041,1.9497,7.4272,1.1850,-1.4941,1.8273,5.1141,0.2109
1500.50,1.7248,5.1041,1.9497,7.4272,1.1850,-1.4956,1.8273,5.1141,0.2094
1501.00,1.7248,5.1041,1.9497,7.4272,1.1850,-1.4972,1.8273,5.1141,0.2078
1501.50,1.7248,5.1041,1.9497,7.4272,1.1850,-1.4985,1.8273,5.1141,0.2065
1502.00,1.7248,5.1041,1.9497,7.4272,1.1850,-1.5002,1.8273,5.1141,0.2048
1502.50,1.7248,5.1041,1.9497,7.4272,1.1850,-1.5022,1.8273,5.1141,0.2028
1503.00,1.7248,5.1041,1.9497,7.4272,1.1850,-1.5038,1.8273,5.1141,0.2013
1503.50,1.7248,5.1041,1.9497,7.4272,1.1850,-1.5053,1.8273,5.1141,0.1997
1504.00,1.7248,5.1041,1.9497,7.4272,1.1850,-1.5061,1.8273,5.1141,0.1989
1504.50,1.7248,5.1041,1.9497,7.4272,1.1850,-1.5074,1.8273,5.1141,0.1976
1505.00,1.7248,5.1041,1.9497,7.4272,1.1850,-1.5083,1.8273,5.1141,0.1967
1505.50,1.7248,5.1041,1.9497,7.4272,1.1850,-1.5093,1.8273,5.1141,0.1957
1506.00,1.7248,5.1041,1.9497,7.4272,1.1850,-1.5107,1.8273,5.1141,0.1944
1506.50,1.7248,5.1041,1.9497,7.4272,1.1850,-1.5120,1.8273,5.1141,0.1930
1507.00,1.7248,5.1041,1.9497,7.4272,1.1850,-1.5127,1.8273,5.1141,0.1923
1507.50,1.7248,5.1041,1.9497,7.4272,1.1850,-1.5142,1.8273,5.1141,0.1908
1508.00,1.7248,5.1041,1.9497,7.4272,1.1850,-1.5157,1.8273,5.1141,0.1893
1508.50,1.7248,5.1041,1.9497,7.4272,1.1850,-1.5174,1.8273,5.1141,0.1876
1509.00,1.7248,5.1041,1.9497,7.4272,1.1850,-1.5184,1.8273,5.1141,0.1866
1509.50,1.7248,5.1041,1.9497,7.4272,1.1850,-1.5201,1.8273,5.1141,0.1849
1510.00,1.7248,5.1041,1.9497,7.4272,1.1850,-1.5218,1.8273,5.1141,0.1833
1510.50,1.7248,5.1041,1.9497,7.4272,1.1850,-1.5232,1.8273,5.1141,0.1818
1511.00,1.7248,5.1041,1.9497,7.4272,1.1850,-1.5241,1.8273,5.1141,0.1809
1511.50,1.7248,5.1041,1.9497,7.4272,1.1850,-1.5261,1.8273,5.1141,0.1790
1512.00,1.7248,5.1041,1.9497,7.4272,1.1850,-1.5275,1.8273,5.1141,0.1775
1512.50,1.7248,5.1041,1.9497,7.4272,1.1850,-1.5289,1.8273,5.1141,0.1761
1513.00,1.7248,5.1041,1.9497,7.4272,1.1850,-1.5305,1.8273,5.1141,0.1745
1513.50,1.7248,5.1041,1.9497,7.4272,1.1850,-1.5328,1.8273,5.1141,0.1722
1514.00,1.7248,5.1041,1.9497,7.4272,1.1850,-1.5336,1.8273,5.1141,0.1714
1514.50,1.7248,5.1041,1.9497,7.4272,1.1850,-1.5347,1.8273,5.1141,0.1703
1515.00,1.7248,5.1041,1.9497,7.4272,1.1850,-1.5366,1.8273,5.1141,0.1684
1515.50,1.7248,5.1041,1.9497,7.4272,1.1850,-1.5379,1.8273,5.1141,0.1671
1516.00,1.7248,5.1041,1.9497,7.4272,1.1850,-1.5398,1.8273,5.1141,0.1652
1516.50,1.7248,5.1041,1.9497,7.4272,1.1850,-1.5409,1.8273,5.1141,0.1641
1517.00,1.7248,5.1041,1.9497,7.4272,1.1850,-1.5430,1.8273,5.1141,0.1620
1517.50,1.7248,5.1041,1.9497,7.4272,1.1850,-1.5438,1.8273,5.1141,0.1612
1518.00,1.7248,5.1041,1.9497,7.4272,1.1850,-1.5456,1.8273,5.1141,0.1594
1518.50,1.7248,5.1041,1.9497,7.4272,1.1850,-1.5471,1.8273,5.1141,0.1579
1519.00,1.7248,5.1041,1.9497,7.4272,1.1850,-1.5484,1.8273,5.1141,0.1566
1519.50,1.7248,5.1041,1.9497,7.4272,1.1850,-1.5497,1.8273,5.1141,0.1553
1520.00,1.7248,5.1041,1.9497,7.4272,1.1850,-1.5515,1.8273,5.1141,0.1535
1520.50,1.7248,5.1041,1.9497,7.4272,1.1850,-1.5527,1.8273,5.1141,0.1523
1521.00,1.7248,5.1041,1.9497,7.4272,1.1850,-1.5541,1.8273,5.1141,0.1510
1521.50,1.7248,5.1041,1.9497,7.4272,1.1850,-1.5555,1.8273,5.1141,0.1495
1522.00,1.7248,5.1041,1.9497,7.4272,1.1850,-1.5574,1.8273,5.1141,0.1476
1522.50,1.7248,5.1041,1.9497,7.4272,1.1850,-1.5589,1.8273,5.1141,0.1461
1523.00,1.7248,5.1041,1.9497,7.4272,1.1850,-1.5607,1.8273,5.1141,0.1443
1523.50,1.7248,5.1041,1.9497,7.4272,1.1850,-1.5623,1.8273,5.1141,0.1427
1524.00,1.7248,5.1041,1.9497,7.4272,1.1850,-1.5638,1.8273,5.1141,0.1413
1524.50,1.7248,5.1041,1.9497,7.4272,1.1850,-1.5654,1.8273,5.1141,0.1396
1525.00,1.7248,5.1041,1.9497,7.4272,1.1850,-1.5664,1.8273,5.1141,0.1386
1525.50,1.7248,5.1041,1.9497,7.4272,1.1850,-1.5678,1.8273,5.1141,0.1373
1526.00,1.7248,5.1041,1.9497,7.4272,1.1850,-1.5691,1.8273,5.1141,0.1359
1526.50,1.7248,5.1041,1.9497,7.4272,1.1850,-1.5699,1.8273,5.1141,0.1351
1527.00,1.7248,5.1041,1.9497,7.4272,1.1850,-1.5713,1.8273,5.1141,0.1337
1527.50,1.7248,5.1041,1.9497,7.4272,1.1850,-1.5726,1.8273,5.1141,0.1324
1528.00,1.7248,5.1041,1.9497,7.4272,1.1850,-1.5740,1.8273,5.1141,0.1310
1528.50,1.7248,5.1041,1.9497,7.4272,1.1850,-1.5750,1.8273,5.1141,0.1300
1529.00,1.7248,5.1041,1.9497,7.4272,1.1850,-1.5760,1.8273,5.1141,0.1290
1529.50,1.7248,5.1041,1.9497,7.4272,1.1850,-1.5777,1.8273,5.1141,0.1273
1530.00,1.7248,5.1041,1.9497,7.4272,1.1850,-1.5790,1.8273,5.1141,0.1260
1530.50,1.7248,5.1041,1.9497,7.4272,1.1850,-1.5804,1.8273,5.1141,0.1246
1531.00,1.7248,5.1041,1.9497,7.4272,1.1850,-1.5820,1.8273,5.1141,0.1231
1531.50,1.7248,5.1041,1.9497,7.4272,1.1850,-1.5832,1.8273,5.1141,0.1218
1532.00,1.7248,5.1041,1.9497,7.4272,1.1850,-1.5842,1.8273,5.1141,0.1208
1532.50,1.7248,5.1041,1.9497,7.4272,1.1850,-1.5856,1.8273,5.1141,0.1194
1533.00,1.7248,5.1041,1.9497,7.4272,1.1850,-1.5869,1.8273,5.1141,0.1181
1533.50,1.7248,5.1041,1.9497,7.4272,1.1850,-1.5887,1.8273,5.1141,0.1163
1534.00,1.7248,5.1041,1.9497,7.4272,1.1850,-1.5904,1.8273,5.1141,0.1146
1534.50,1.7248,5.1041,1.9497,7.4272,1.1850,-1.5918,1.8273,5.1141,0.1132
1535.00,1.7248,5.1041,1.9497,7.4272,1.1850,-1.5935,1.8273,5.1141,0.1115
1535.50,1.7248,5.1041,1.9497,7.4272,1.1850,-1.5948,1.8273,5.1141,0.1102
1536.00,1.7248,5.1041,1.9497,7.4272,1.1850,-1.5960,1.8273,5.1141,0.1091
1536.50,1.7248,5.1041,1.9497,7.4272,1.1850,-1.5975,1.8273,5.1141,0.1075
1537.00,1.7248,5.1041,1.9497,7.4272,1.1850,-1.5983,1.8273,5.1141,0.1067
1537.50,1.7248,5.1041,1.9497,7.4272,1.1850,-1.5997,1.8273,5.1141,0.1054
1538.00,1.7248,5.1041,1.9497,7.4272,1.1850,-1.6011,1.8273,5.1141,0.1039
1538.50,1.7248,5.1041,1.9497,7.4272,1.1850,-1.6024,1.8273,5.1141,0.1027
1539.00,1.7248,5.1041,1.9497,7.4272,1.1850,-1.6035,1.8273,5.1141,0.1015
1539.50,1.7248,5.1041,1.9497,7.4272,1.1850,-1.6052,1.8273,5.1141,0.0998
1540.00,1.7248,5.1041,1.9497,7.4272,1.1850,-1.6064,1.8273,5.1141,0.0986
1540.50,1.7248,5.1041,1.9497,7.4272,1.1850,-1.6077,1.8273,5.1141,0.0973
1541.00,1.7248,5.1041,1.9497,7.4272,1.1850,-1.6087,1.8273,5.1141,0.0963
1541.50,1.7248,5.1041,1.9497,7.4272,1.1850,-1.6104,1.8273,5.1141,0.0946
1542.00,1.7248,5.1041,1.9497,7.4272,1.1850,-1.6124,1.8273,5.1141,0.0926
1542.50,1.7248,5.1041,1.9497,7.4272,1.1850,-1.6133,1.8273,5.1141,0.0917
1543.00,1.7248,5.1041,1.9497,7.4272,1.1850,-1.6150,1.8273,5.1141,0.0900
1543.50,1.7248,5.1041,1.9497,7.4272,1.1850,-1.6162,1.8273,5.1141,0.0888
1544.00,1.7248,5.1041,1.9497,7.4272,1.1850,-1.6174,1.8273,5.1141,0.0876
1544.50,1.7248,5.1041,1.9497,7.4272,1.1850,-1.6191,1.8273,5.1141,0.0859
1545.00,1.7248,5.1041,1.9497,7.4272,1.1850,-1.6209,1.8273,5.1141,0.0841
1545.50,1.7248,5.1041,1.9497,7.4272,1.1850,-1.6222,1.8273,5.1141,0.0828
1546.00,1.7248,5.1041,1.9497,7.4272,1.1850,-1.6234,1.8273,5.1141,0.0816
1546.50,1.7248,5.1041,1.9497,7.4272,1.1850,-1.6245,1.8273,5.1141,0.0805
1547.00,1.7248,5.1041,1.9497,7.4272,1.1850,-1.6260,1.8273,5.1141,0.0790
1547.50,1.7248,5.1041,1.9497,7.4272,1.1850,-1.6278,1.8273,5.1141,0.0773
1548.00,1.7248,5.1041,1.9497,7.4272,1.1850,-1.6294,1.8273,5.1141,0.0757
1548.50,1.7248,5.1041,1.9497,7.4272,1.1850,-1.6304,1.8273,5.1141,0.0746
1549.00,1.7248,5.1041,1.9497,7.4272,1.1850,-1.6321,1.8273,5.1141,0.0729
1549.50,1.7248,5.1041,1.9497,7.4272,1.1850,-1.6338,1.8273,5.1141,0.0712
1550.00,1.7248,5.1041,1.9497,7.4272,1.1850,-1.6352,1.8273,5.1141,0.0698
1550.50,1.7248,5.1041,1.9497,7.4272,1.1850,-1.6364,1.8273,5.1141,0.0686
1551.00,1.7248,5.1041,1.9497,7.4272,1.1850,-1.6382,1.8273,5.1141,0.0668
1551.50,1.7248,5.1041,1.9497,7.4272,1.1850,-1.6400,1.8273,5.1141,0.0650
1552.00,1.7248,5.1041,1.9497,7.4272,1.1850,-1.6416,1.8273,5.1141,0.0634
1552.50,1.7248,5.1041,1.9497,7.4272,1.1850,-1.6427,1.8273,5.1141,0.0623
1553.00,1.7248,5.1041,1.9497,7.4272,1.1850,-1.6444,1.8273,5.1141,0.0606
1553.50,1.7248,5.1041,1.9497,7.4272,1.1850,-1.6463,1.8273,5.1141,0.0587
1554.00,1.7248,5.1041,1.9497,7.4272,1.1850,-1.6476,1.8273,5.1141,0.0574
1554.50,1.7248,5.1041,1.9497,7.4272,1.1850,-1.6486,1.8273,5.1141,0.0564
1555.00,1.7248,5.1041,1.9497,7.4272,1.1850,-1.6506,1.8273,5.1141,0.0544
1555.50,1.7248,5.1041,1.9497,7.4272,1.1850,-1.6521,1.8273,5.1141,0.0529
1556.00,1.7248,5.1041,1.9497,7.4272,1.1850,-1.6534,1.8273,5.1141,0.0516
1556.50,1.7248,5.1041,1.9497,7.4272,1.1850,-1.6548,1.8273,5.1141,0.0502
1557.00,1.7248,5.1041,1.9497,7.4272,1.1850,-1.6556,1.8273,5.1141,0.0494
1557.50,1.7248,5.1041,1.9497,7.4272,1.1850,-1.6574,1.8273,5.1141,0.0476
1558.00,1.7248,5.1041,1.9497,7.4272,1.1850,-1.6583,1.8273,5.1141,0.0467
1558.50,1.7248,5.1041,1.9497,7.4272,1.1850,-1.6598,1.8273,5.1141,0.0453
1559.00,1.7248,5.1041,1.9497,7.4272,1.1850,-1.6611,1.8273,5.1141,0.0439
1559.50,1.7248,5.1041,1.9497,7.4272,1.1850,-1.6622,1.8273,5.1141,0.0428
1560.00,1.7248,5.1041,1.9497,7.4272,1.1850,-1.6635,1.8273,5.1141,0.0415
1560.50,1.7248,5.1041,1.9497,7.4272,1.1850,-1.6648,1.8273,5.1141,0.0402
1561.00,1.7248,5.1041,1.9497,7.4272,1.1850,-1.6660,1.8273,5.1141,0.0390
1561.50,1.7248,5.1041,1.9497,7.4272,1.1850,-1.6677,1.8273,5.1141,0.0373
1562.00,1.7248,5.1041,1.9497,7.4272,1.1850,-1.6688,1.8273,5.1141,0.0362
1562.50,1.7248,5.1041,1.9497,7.4272,1.1850,-1.6703,1.8273,5.1141,0.0347
1563.00,1.7248,5.1041,1.9497,7.4272,1.1850,-1.6712,1.8273,5.1141,0.0338
1563.50,1.7248,5.1041,1.9497,7.4272,1.1850,-1.6729,1.8273,5.1141,0.0321
1564.00,1.7248,5.1041,1.9497,7.4272,1.1850,-1.6748,1.8273,5.1141,0.0303
1564.50,1.7248,5.1041,1.9497,7.4272,1.1850,-1.6756,1.8273,5.1141,0.0295
1565.00,1.7248,5.1041,1.9497,7.4272,1.1850,-1.6766,1.8273,5.1141,0.0284
1565.50,1.7248,5.1041,1.9497,7.4272,1.1850,-1.6780,1.8273,5.1141,0.0270
1566.00,1.7248,5.1041,1.9497,7.4272,1.1850,-1.6792,1.8273,5.1141,0.0258
1566.50,1.7248,5.1041,1.9497,7.4272,1.1850,-1.6802,1.8273,5.1141,0.0248
1567.00,1.7248,5.1041,1.9497,7.4272,1.1850,-1.6809,1.8273,5.1141,0.0242
1567.50,1.7248,5.1041,1.9497,7.4272,1.1850,-1.6823,1.8273,5.1141,0.0227
1568.00,1.7248,5.1041,1.9497,7.4272,1.1850,-1.6830,1.8273,5.1141,0.0220
1568.50,1.7248,5.1041,1.9497,7.4272,1.1850,-1.6845,1.8273,5.1141,0.0206
1569.00,1.7248,5.1041,1.9497,7.4272,1.1850,-1.6855,1.8273,5.1141,0.0195
1569.50,1.7248,5.1041,1.9497,7.4272,1.1850,-1.6867,1.8273,5.1141,0.0183
1570.00,1.7248,5.1041,1.9497,7.4272,1.1850,-1.6884,1.8273,5.1141,0.0166
1570.50,1.7248,5.1041,1.9497,7.4272,1.1850,-1.6895,1.8273,5.1141,0.0155
1571.00,1.7248,5.1041,1.9497,7.4272,1.1850,-1.6909,1.8273,5.1141,0.0141
1571.50,1.7248,5.1041,1.9497,7.4272,1.1850,-1.6922,1.8273,5.1141,0.0128
1572.00,1.7248,5.1041,1.9497,7.4272,1.1850,-1.6936,1.8273,5.1141,0.0114
1572.50,1.7248,5.1041,1.9497,7.4272,1.1850,-1.6947,1.8273,5.1141,0.0103
1573.00,1.7248,5.1041,1.9497,7.4272,1.1850,-1.6963,1.8273,5.1141,0.0087
1573.50,1.7248,5.1041,1.9497,7.4272,1.1850,-1.6977,1.8273,5.1141,0.0074
1574.00,1.7248,5.1041,1.9497,7.4272,1.1850,-1.6994,1.8273,5.1141,0.0056
1574.50,1.7248,5.1041,1.9497,7.4272,1.1850,-1.7003,1.8273,5.1141,0.0047
1575.00,1.7248,5.1041,1.9497,7.4272,1.1850,-1.7018,1.8273,5.1141,0.0032
1575.50,1.7248,5.1041,1.9497,7.4272,1.1850,-1.7033,1.8273,5.1141,0.0017
1576.00,1.7248,5.1041,1.9497,7.4272,1.1850,-1.7046,1.8273,5.1141,0.0004
1576.50,1.7248,5.1041,1.9497,7.4272,1.1850,-1.7062,1.8273,5.1141,-0.0012
1577.00,1.7248,5.1041,1.9497,7.4272,1.1850,-1.7074,1.8273,5.1141,-0.0024
1577.50,1.7248,5.1041,1.9497,7.4272,1.1850,-1.7085,1.8273,5.1141,-0.0035
1578.00,1.7248,5.1041,1.9497,7.4272,1.1850,-1.7103,1.8273,5.1141,-0.0053
1578.50,1.7248,5.1041,1.9497,7.4272,1.1850,-1.7115,1.8273,5.1141,-0.0065
1579.00,1.7248,5.1041,1.9497,7.4272,1.1850,-1.7128,1.8273,5.1141,-0.0078
1579.50,1.7248,5.1041,1.9497,7.4272,1.1850,-1.7140,1.8273,5.1141,-0.0090
1580.00,1.7248,5.1041,1.9497,7.4272,1.1850,-1.7159,1.8273,5.1141,-0.0109
1580.50,1.7248,5.1041,1.9497,7.4272,1.1850,-1.7179,1.8273,5.1141,-0.0129
1581.00,1.7248,5.1041,1.9497,7.4272,1.1850,-1.7191,1.8273,5.1141,-0.0140
1581.50,1.7248,5.1041,1.9497,7.4272,1.1850,-1.7204,1.8273,5.1141,-0.0154
1582.00,1.7248,5.1041,1.9497,7.4272,1.1850,-1.7216,1.8273,5.1141,-0.0166
1582.50,1.7248,5.1041,1.9497,7.4272,1.1850,-1.7228,1.8273,5.1141,-0.0178
1583.00,1.7248,5.1041,1.9497,7.4272,1.1850,-1.7239,1.8273,5.1141,-0.0189
1583.50,1.7248,5.1041,1.9497,7.4272,1.1850,-1.7247,1.8273,5.1141,-0.0197
1584.00,1.7248,5.1041,1.9497,7.4272,1.1850,-1.7265,1.8273,5.1141,-0.0215
1584.50,1.7248,5.1041,1.9497,7.4272,1.1850,-1.7282,1.8273,5.1141,-0.0232
1585.00,1.7248,5.1041,1.9497,7.4272,1.1850,-1.7296,1.8273,5.1141,-0.0245
1585.50,1.7248,5.1041,1.9497,7.4272,1.1850,-1.7309,1.8273,5.1141,-0.0259
1586.00,1.7248,5.1041,1.9497,7.4272,1.1850,-1.7318,1.8273,5.1141,-0.0268
1586.50,1.7248,5.1041,1.9497,7.4272,1.1850,-1.7331,1.8273,5.1141,-0.0281
1587.00,1.7248,5.1041,1.9497,7.4272,1.1850,-1.7348,1.8273,5.1141,-0.0298
1587.50,1.7248,5.1041,1.9497,7.4272,1.1850,-1.7359,1.8273,5.1141,-0.0309
1588.00,1.7248,5.1041,1.9497,7.4272,1.1850,-1.7377,1.8273,5.1141,-0.0327
1588.50,1.7248,5.1041,1.9497,7.4272,1.1850,-1.7394,1.8273,5.1141,-0.0344
1589.00,1.7248,5.1041,1.9497,7.4272,1.1850,-1.7408,1.8273,5.1141,-0.0358
1589.50,1.7248,5.1041,1.9497,7.4272,1.1850,-1.7422,1.8273,5.1141,-0.0372
1590.00,1.7248,5.1041,1.9497,7.4272,1.1850,-1.7438,1.8273,5.1141,-0.0388
1590.50,1.7248,5.1041,1.9497,7.4272,1.1850,-1.7451,1.8273,5.1141,-0.0401
1591.00,1.7248,5.1041,1.9497,7.4272,1.1850,-1.7467,1.8273,5.1141,-0.0417
1591.50,1.7248,5.1041,1.9497,7.4272,1.1850,-1.7484,1.8273,5.1141,-0.0434
1592.00,1.7248,5.1041,1.9497,7.4272,1.1850,-1.7500,1.8273,5.1141,-0.0450
1592.50,1.7248,5.1041,1.9497,7.4272,1.1850,-1.7511,1.8273,5.1141,-0.0461
1593.00,1.7248,5.1041,1.9497,7.4272,1.1850,-1.7523,1.8273,5.1141,-0.0473
1593.50,1.7248,5.1041,1.9497,7.4272,1.1850,-1.7535,1.8273,5.1141,-0.0485
1594.00,1.7248,5.1041,1.9497,7.4272,1.1850,-1.7549,1.8273,5.1141,-0.0499
1594.50,1.7248,5.1041,1.9497,7.4272,1.1850,-1.7563,1.8273,5.1141,-0.0513
1595.00,1.7248,5.1041,1.9497,7.4272,1.1850,-1.7581,1.8273,5.1141,-0.0530
1595.50,1.7248,5.1041,1.9497,7.4272,1.1850,-1.7596,1.8273,5.1141,-0.0546
1596.00,1.7248,5.1041,1.9497,7.4272,1.1850,-1.7612,1.8273,5.1141,-0.0562
1596.50,1.7248,5.1041,1.9497,7.4272,1.1850,-1.7627,1.8273,5.1141,-0.0577
1597.00,1.7248,5.1041,1.9497,7.4272,1.1850,-1.7643,1.8273,5.1141,-0.0593
1597.50,1.7248,5.1041,1.9497,7.4272,1.1850,-1.7656,1.8273,5.1141,-0.0606
1598.00,1.7248,5.1041,1.9497,7.4272,1.1850,-1.7671,1.8273,5.1141,-0.0621
1598.50,1.7248,5.1041,1.9497,7.4272,1.1850,-1.7688,1.8273,5.1141,-0.0638
1599.00,1.7248,5.1041,1.9497,7.4272,1.1850,-1.7703,1.8273,5.1141,-0.0653
1599.50,1.7248,5.1041,1.9497,7.4272,1.1850,-1.7717,1.8273,5.1141,-0.0667
1600.00,1.7248,5.1041,1.9497,7.4272,1.1850,-1.7730,1.8273,5.1141,-0.0680
1600.50,1.7248,5.1041,1.9497,7.4272,1.1850,-1.7743,1.8273,5.1141,-0.0693
1601.00,1.7248,5.1041,1.9497,7.4272,1.1850,-1.7756,1.8273,5.1141,-0.0706
1601.50,1.7248,5.1041,1.9497,7.4272,1.1850,-1.7771,1.8273,5.1141,-0.0721
1602.00,1.7248,5.1041,1.9497,7.4272,1.1850,-1.7786,1.8273,5.1141,-0.0736
1602.50,1.7248,5.1041,1.9497,7.4272,1.1850,-1.7802,1.8273,5.1141,-0.0752
1603.00,1.7248,5.1041,1.9497,7.4272,1.1850,-1.7816,1.8273,5.1141,-0.0766
1603.50,1.7248,5.1041,1.9497,7.4272,1.1850,-1.7824,1.8273,5.1141,-0.0774
1604.00,1.7248,5.1041,1.9497,7.4272,1.1850,-1.7838,1.8273,5.1141,-0.0788
1604.50,1.7248,5.1041,1.9497,7.4272,1.1850,-1.7856,1.8273,5.1141,-0.0806
1605.00,1.7248,5.1041,1.9497,7.4272,1.1850,-1.7874,1.8273,5.1141,-0.0824
1605.50,1.7248,5.1041,1.9497,7.4272,1.1850,-1.7890,1.8273,5.1141,-0.0840
1606.00,1.7248,5.1041,1.9497,7.4272,1.1850,-1.7907,1.8273,5.1141,-0.0857
1606.50,1.7248,5.1041,1.9497,7.4272,1.1850,-1.7923,1.8273,5.1141,-0.0873
1607.00,1.7248,5.1041,1.9497,7.4272,1.1850,-1.7939,1.8273,5.1141,-0.0889
1607.50,1.7248,5.1041,1.9497,7.4272,1.1850,-1.7952,1.8273,5.1141,-0.0902
1608.00,1.7248,5.1041,1.9497,7.4272,1.1850,-1.7973,1.8273,5.1141,-0.0923
1608.50,1.7248,5.1041,1.9497,7.4272,1.1850,-1.7986,1.8273,5.1141,-0.0936
1609.00,1.7248,5.1041,1.9497,7.4272,1.1850,-1.8005,1.8273,5.1141,-0.0955
1609.50,1.7248,5.1041,1.9497,7.4272,1.1850,-1.8023,1.8273,5.1141,-0.0973
1610.00,1.7248,5.1041,1.9497,7.4272,1.1850,-1.8045,1.8273,5.1141,-0.0995
1610.50,1.7248,5.1041,1.9497,7.4272,1.1850,-1.8056,1.8273,5.1141,-0.1006
1611.00,1.7248,5.1041,1.9497,7.4272,1.1850,-1.8074,1.8273,5.1141,-0.1024
1611.50,1.7248,5.1041,1.9497,7.4272,1.1850,-1.8089,1.8273,5.1141,-0.1039
1612.00,1.7248,5.1041,1.9497,7.4272,1.1850,-1.8104,1.8273,5.1141,-0.1054
1612.50,1.7248,5.1041,1.9497,7.4272,1.1850,-1.8118,1.8273,5.1141,-0.1068
1613.00,1.7248,5.1041,1.9497,7.4272,1.1850,-1.8135,1.8273,5.1141,-0.1085
1613.50,1.7248,5.1041,1.9497,7.4272,1.1850,-1.8147,1.8273,5.1141,-0.1097
1614.00,1.7248,5.1041,1.9497,7.4272,1.1850,-1.8157,1.8273,5.1141,-0.1107
1614.50,1.7248,5.1041,1.9497,7.4272,1.1850,-1.8169,1.8273,5.1141,-0.1119
1615.00,1.7248,5.1041,1.9497,7.4272,1.1850,-1.8186,1.8273,5.1141,-0.1136
1615.50,1.7248,5.1041,1.9497,7.4272,1.1850,-1.8199,1.8273,5.1141,-0.1149
1616.00,1.7248,5.1041,1.9497,7.4272,1.1850,-1.8213,1.8273,5.1141,-0.1163
1616.50,1.7248,5.1041,1.9497,7.4272,1.1850,-1.8234,1.8273,5.1141,-0.1184
1617.00,1.7248,5.1041,1.9497,7.4272,1.1850,-1.8247,1.8273,5.1141,-0.1197
1617.50,1.7248,5.1041,1.9497,7.4272,1.1850,-1.8257,1.8273,5.1141,-0.1207
1618.00,1.7248,5.1041,1.9497,7.4272,1.1850,-1.8269,1.8273,5.1141,-0.1219
1618.50,1.7248,5.1041,1.9497,7.4272,1.1850,-1.8290,1.8273,5.1141,-0.1239
1619.00,1.7248,5.1041,1.9497,7.4272,1.1850,-1.8299,1.8273,5.1141,-0.1249
1619.50,1.7248,5.1041,1.9497,7.4272,1.1850,-1.8314,1.8273,5.1141,-0.1264
1620.00,1.7248,5.1041,1.9497,7.4272,1.1850,-1.8330,1.8273,5.1141,-0.1280
1620.50,1.7248,5.1041,1.9497,7.4272,1.1850,-1.8344,1.8273,5.1141,-0.1294
1621.00,1.7248,5.1041,1.9497,7.4272,1.1850,-1.8364,1.8273,5.1141,-0.1314
1621.50,1.7248,5.1041,1.9497,7.4272,1.1850,-1.8380,1.8273,5.1141,-0.1330
1622.00,1.7248,5.1041,1.9497,7.4272,1.1850,-1.8390,1.8273,5.1141,-0.1340
1622.50,1.7248,5.1041,1.9497,7.4272,1.1850,-1.8409,1.8273,5.1141,-0.1359
1623.00,1.7248,5.1041,1.9497,7.4272,1.1850,-1.8422,1.8273,5.1141,-0.1372
1623.50,1.7248,5.1041,1.9497,7.4272,1.1850,-1.8435,1.8273,5.1141,-0.1385
1624.00,1.7248,5.1041,1.9497,7.4272,1.1850,-1.8447,1.8273,5.1141,-0.1397
1624.50,1.7248,5.1041,1.9497,7.4272,1.1850,-1.8465,1.8273,5.1141,-0.1415
1625.00,1.7248,5.1041,1.9497,7.4272,1.1850,-1.8478,1.8273,5.1141,-0.1428
1625.50,1.7248,5.1041,1.9497,7.4272,1.1850,-1.8490,1.8273,5.1141,-0.1440
1626.00,1.7248,5.1041,1.9497,7.4272,1.1850,-1.8506,1.8273,5.1141,-0.1456
1626.50,1.7248,5.1041,1.9497,7.4272,1.1850,-1.8522,1.8273,5.1141,-0.1472
1627.00,1.7248,5.1041,1.9497,7.4272,1.1850,-1.8535,1.8273,5.1141,-0.1485
1627.50,1.7248,5.1041,1.9497,7.4272,1.1850,-1.8551,1.8273,5.1141,-0.1500
1628.00,1.7248,5.1041,1.9497,7.4272,1.1850,-1.8568,1.8273,5.1141,-0.1518
1628.50,1.7248,5.1041,1.9497,7.4272,1.1850,-1.8587,1.8273,5.1141,-0.1537
1629.00,1.7248,5.1041,1.9497,7.4272,1.1850,-1.8608,1.8273,5.1141,-0.1558
1629.50,1.7248,5.1041,1.9497,7.4272,1.1850,-1.8624,1.8273,5.1141,-0.1574
1630.00,1.7248,5.1041,1.9497,7.4272,1.1850,-1.8641,1.8273,5.1141,-0.1591
1630.50,1.7248,5.1041,1.9497,7.4272,1.1850,-1.8656,1.8273,5.1141,-0.1606
1631.00,1.7248,5.1041,1.9497,7.4272,1.1850,-1.8668,1.8273,5.1141,-0.1618
1631.50,1.7248,5.1041,1.9497,7.4272,1.1850,-1.8684,1.8273,5.1141,-0.1634
1632.00,1.7248,5.1041,1.9497,7.4272,1.1850,-1.8700,1.8273,5.1141,-0.1650
1632.50,1.7248,5.1041,1.9497,7.4272,1.1850,-1.8711,1.8273,5.1141,-0.1661
1633.00,1.7248,5.1041,1.9497,7.4272,1.1850,-1.8730,1.8273,5.1141,-0.1680
1633.50,1.7248,5.1041,1.9497,7.4272,1.1850,-1.8742,1.8273,5.1141,-0.1692
1634.00,1.7248,5.1041,1.9497,7.4272,1.1850,-1.8757,1.8273,5.1141,-0.1707
1634.50,1.7248,5.1041,1.9497,7.4272,1.1850,-1.8773,1.8273,5.1141,-0.1723
1635.00,1.7248,5.1041,1.9497,7.4272,1.1850,-1.8794,1.8273,5.1141,-0.1744
1635.50,1.7248,5.1041,1.9497,7.4272,1.1850,-1.8809,1.8273,5.1141,-0.1759
1636.00,1.7248,5.1041,1.9497,7.4272,1.1850,-1.8827,1.8273,5.1141,-0.1777
1636.50,1.7248,5.1041,1.9497,7.4272,1.1850,-1.8839,1.8273,5.1141,-0.1789
1637.00,1.7248,5.1041,1.9497,7.4272,1.1850,-1.8856,1.8273,5.1141,-0.1806
1637.50,1.7248,5.1041,1.9497,7.4272,1.1850,-1.8880,1.8273,5.1141,-0.1830
1638.00,1.7248,5.1041,1.9497,7.4272,1.1850,-1.8890,1.8273,5.1141,-0.1840
1638.50,1.7248,5.1041,1.9497,7.4272,1.1850,-1.8906,1.8273,5.1141,-0.1856
1639.00,1.7248,5.1041,1.9497,7.4272,1.1850,-1.8924,1.8273,5.1141,-0.1874
1639.50,1.7248,5.1041,1.9497,7.4272,1.1850,-1.8938,1.8273,5.1141,-0.1888
1640.00,1.7248,5.1041,1.9497,7.4272,1.1850,-1.8956,1.8273,5.1141,-0.1906
1640.50,1.7248,5.1041,1.9497,7.4272,1.1850,-1.8970,1.8273,5.1141,-0.1920
1641.00,1.7248,5.1041,1.9497,7.4272,1.1850,-1.8985,1.8273,5.1141,-0.1935
1641.50,1.7248,5.1041,1.9497,7.4272,1.1850,-1.8999,1.8273,5.1141,-0.1949
1642.00,1.7248,5.1041,1.9497,7.4272,1.1850,-1.9019,1.8273,5.1141,-0.1969
1642.50,1.7248,5.1041,1.9497,7.4272,1.1850,-1.9042,1.8273,5.1141,-0.1992
1643.00,1.7248,5.1041,1.9497,7.4272,1.1850,-1.9058,1.8273,5.1141,-0.2008
1643.50,1.7248,5.1041,1.9497,7.4272,1.1850,-1.9079,1.8273,5.1141,-0.2029
1644.00,1.7248,5.1041,1.9497,7.4272,1.1850,-1.9091,1.8273,5.1141,-0.2041
1644.50,1.7248,5.1041,1.9497,7.4272,1.1850,-1.9110,1.8273,5.1141,-0.2060
1645.00,1.7248,5.1041,1.9497,7.4272,1.1850,-1.9126,1.8273,5.1141,-0.2076
1645.50,1.7248,5.1041,1.9497,7.4272,1.1850,-1.9140,1.8273,5.1141,-0.2090
1646.00,1.7248,5.1041,1.9497,7.4272,1.1850,-1.9154,1.8273,5.1141,-0.2104
1646.50,1.7248,5.1041,1.9497,7.4272,1.1850,-1.9167,1.8273,5.1141,-0.2117
1647.00,1.7248,5.1041,1.9497,7.4272,1.1850,-1.9189,1.8273,5.1141,-0.2139
1647.50,1.7248,5.1041,1.9497,7.4272,1.1850,-1.9206,1.8273,5.1141,-0.2156
1648.00,1.7248,5.1041,1.9497,7.4272,1.1850,-1.9224,1.8273,5.1141,-0.2173
1648.50,1.7248,5.1041,1.9497,7.4272,1.1850,-1.9241,1.8273,5.1141,-0.2191
1649.00,1.7248,5.1041,1.9497,7.4272,1.1850,-1.9258,1.8273,5.1141,-0.2208
1649.50,1.7248,5.1041,1.9497,7.4272,1.1850,-1.9276,1.8273,5.1141,-0.2226
1650.00,1.7248,5.1041,1.9497,7.4272,1.1850,-1.9292,1.8273,5.1141,-0.2242
1650.50,1.7248,5.1041,1.9497,7.4272,1.1850,-1.9308,1.8273,5.1141,-0.2258
1651.00,1.7248,5.1041,1.9497,7.4272,1.1850,-1.9320,1.8273,5.1141,-0.2269
1651.50,1.7248,5.1041,1.9497,7.4272,1.1850,-1.9332,1.8273,5.1141,-0.2282
1652.00,1.7248,5.1041,1.9497,7.4272,1.1850,-1.9350,1.8273,5.1141,-0.2300
1652.50,1.7248,5.1041,1.9497,7.4272,1.1850,-1.9366,1.8273,5.1141,-0.2316
1653.00,1.7248,5.1041,1.9497,7.4272,1.1850,-1.9380,1.8273,5.1141,-0.2330
1653.50,1.7248,5.1041,1.9497,7.4272,1.1850,-1.9397,1.8273,5.1141,-0.2347
1654.00,1.7248,5.1041,1.9497,7.4272,1.1850,-1.9418,1.8273,5.1141,-0.2368
1654.50,1.7248,5.1041,1.9497,7.4272,1.1850,-1.9434,1.8273,5.1141,-0.2384
1655.00,1.7248,5.1041,1.9497,7.4272,1.1850,-1.9449,1.8273,5.1141,-0.2399
1655.50,1.7248,5.1041,1.9497,7.4272,1.1850,-1.9460,1.8273,5.1141,-0.2410
1656.00,1.7248,5.1041,1.9497,7.4272,1.1850,-1.9473,1.8273,5.1141,-0.2423
1656.50,1.7248,5.1041,1.9497,7.4272,1.1850,-1.9491,1.8273,5.1141,-0.2440
1657.00,1.7248,5.1041,1.9497,7.4272,1.1850,-1.9505,1.8273,5.1141,-0.2454
1657.50,1.7248,5.1041,1.9497,7.4272,1.1850,-1.9518,1.8273,5.1141,-0.2468
1658.00,1.7248,5.1041,1.9497,7.4272,1.1850,-1.9528,1.8273,5.1141,-0.2478
1658.50,1.7248,5.1041,1.9497,7.4272,1.1850,-1.9546,1.8273,5.1141,-0.2496
1659.00,1.7248,5.1041,1.9497,7.4272,1.1850,-1.9562,1.8273,5.1141,-0.2512
1659.50,1.7248,5.1041,1.9497,7.4272,1.1850,-1.9577,1.8273,5.1141,-0.2527
1660.00,1.7248,5.1041,1.9497,7.4272,1.1850,-1.9592,1.8273,5.1141,-0.2542
1660.50,1.7248,5.1041,1.9497,7.4272,1.1850,-1.9606,1.8273,5.1141,-0.2556
1661.00,1.7247,5.1041,1.9514,7.4272,1.1850,-1.9619,1.8274,5.1141,-0.2569
1661.50,1.7247,5.1041,1.9514,7.4272,1.1850,-1.9635,1.8274,5.1141,-0.2585
1662.00,1.7247,5.1041,1.9514,7.4272,1.1850,-1.9656,1.8274,5.1141,-0.2606
1662.50,1.7247,5.1041,1.9514,7.4272,1.1850,-1.9672,1.8274,5.1141,-0.2622
1663.00,1.7247,5.1041,1.9514,7.4272,1.1850,-1.9690,1.8274,5.1141,-0.2640
1663.50,1.7247,5.1041,1.9514,7.4272,1.1850,-1.9702,1.8274,5.1141,-0.2652
1664.00,1.7247,5.1041,1.9514,7.4272,1.1850,-1.9716,1.8274,5.1141,-0.2666
1664.50,1.7247,5.1041,1.9514,7.4272,1.1850,-1.9735,1.8274,5.1141,-0.2685
1665.00,1.7247,5.1041,1.9514,7.4272,1.1850,-1.9750,1.8274,5.1141,-0.2699
1665.50,1.7247,5.1041,1.9514,7.4272,1.1850,-1.9767,1.8274,5.1141,-0.2717
1666.00,1.7247,5.1041,1.9514,7.4272,1.1850,-1.9780,1.8274,5.1141,-0.2730
1666.50,1.7247,5.1041,1.9514,7.4272,1.1850,-1.9802,1.8274,5.1141,-0.2752
1667.00,1.7247,5.1041,1.9514,7.4272,1.1850,-1.9819,1.8274,5.1141,-0.2769
1667.50,1.7247,5.1041,1.9514,7.4272,1.1850,-1.9833,1.8274,5.1141,-0.2783
1668.00,1.7247,5.1041,1.9514,7.4272,1.1850,-1.9856,1.8274,5.1141,-0.2806
1668.50,1.7247,5.1041,1.9514,7.4272,1.1850,-1.9872,1.8274,5.1141,-0.2821
1669.00,1.7247,5.1041,1.9514,7.4272,1.1850,-1.9887,1.8274,5.1141,-0.2837
1669.50,1.7247,5.1041,1.9514,7.4272,1.1850,-1.9901,1.8274,5.1141,-0.2851
1670.00,1.7247,5.1041,1.9514,7.4272,1.1850,-1.9915,1.8274,5.1141,-0.2865
1670.50,1.7247,5.1041,1.9514,7.4272,1.1850,-1.9930,1.8274,5.1141,-0.2880
1671.00,1.7247,5.1041,1.9514,7.4272,1.1850,-1.9944,1.8274,5.1141,-0.2894
1671.50,1.7247,5.1041,1.9514,7.4272,1.1850,-1.9958,1.8274,5.1141,-0.2908
1672.00,1.7247,5.1041,1.9514,7.4272,1.1850,-1.9973,1.8274,5.1141,-0.2923
1672.50,1.7247,5.1041,1.9514,7.4272,1.1850,-1.9991,1.8274,5.1141,-0.2941
1673.00,1.7247,5.1041,1.9514,7.4272,1.1850,-2.0008,1.8274,5.1141,-0.2958
1673.50,1.7247,5.1041,1.9514,7.4272,1.1850,-2.0026,1.8274,5.1141,-0.2976
1674.00,1.7247,5.1041,1.9514,7.4272,1.1850,-2.0039,1.8274,5.1141,-0.2989
1674.50,1.7247,5.1041,1.9514,7.4272,1.1850,-2.0052,1.8274,5.1141,-0.3002
1675.00,1.7247,5.1041,1.9514,7.4272,1.1850,-2.0070,1.8274,5.1141,-0.3020
1675.50,1.7247,5.1041,1.9514,7.4272,1.1850,-2.0087,1.8274,5.1141,-0.3037
1676.00,1.7247,5.1041,1.9514,7.4272,1.1850,-2.0098,1.8274,5.1141,-0.3048
1676.50,1.7247,5.1041,1.9514,7.4272,1.1850,-2.0106,1.8274,5.1141,-0.3056
1677.00,1.7247,5.1041,1.9514,7.4272,1.1850,-2.0124,1.8274,5.1141,-0.3074
1677.50,1.7247,5.1041,1.9514,7.4272,1.1850,-2.0138,1.8274,5.1141,-0.3088
1678.00,1.7247,5.1041,1.9514,7.4272,1.1850,-2.0151,1.8274,5.1141,-0.3101
1678.50,1.7247,5.1041,1.9514,7.4272,1.1850,-2.0167,1.8274,5.1141,-0.3117
1679.00,1.7247,5.1041,1.9514,7.4272,1.1850,-2.0182,1.8274,5.1141,-0.3132
1679.50,1.7247,5.1041,1.9514,7.4272,1.1850,-2.0196,1.8274,5.1141,-0.3145
1680.00,1.7247,5.1041,1.9514,7.4272,1.1850,-2.0211,1.8274,5.1141,-0.3161
1680.50,1.7247,5.1041,1.9514,7.4272,1.1850,-2.0223,1.8274,5.1141,-0.3173
1681.00,1.7247,5.1041,1.9514,7.4272,1.1850,-2.0242,1.8274,5.1141,-0.3192
1681.50,1.7247,5.1041,1.9514,7.4272,1.1850,-2.0255,1.8274,5.1141,-0.3205
1682.00,1.7247,5.1041,1.9514,7.4272,1.1850,-2.0270,1.8274,5.1141,-0.3220
1682.50,1.7247,5.1041,1.9514,7.4272,1.1850,-2.0280,1.8274,5.1141,-0.3230
1683.00,1.7247,5.1041,1.9514,7.4272,1.1850,-2.0293,1.8274,5.1141,-0.3243
1683.50,1.7247,5.1041,1.9514,7.4272,1.1850,-2.0307,1.8274,5.1141,-0.3257
1684.00,1.7247,5.1041,1.9514,7.4272,1.1850,-2.0324,1.8274,5.1141,-0.3274
1684.50,1.7247,5.1041,1.9514,7.4272,1.1850,-2.0341,1.8274,5.1141,-0.3291
1685.00,1.7247,5.1041,1.9514,7.4272,1.1850,-2.0359,1.8274,5.1141,-0.3309
1685.50,1.7247,5.1041,1.9514,7.4272,1.1850,-2.0369,1.8274,5.1141,-0.3319
1686.00,1.7247,5.1041,1.9514,7.4272,1.1850,-2.0378,1.8274,5.1141,-0.3328
1686.50,1.7247,5.1041,1.9514,7.4272,1.1850,-2.0395,1.8274,5.1141,-0.3345
1687.00,1.7247,5.1041,1.9514,7.4272,1.1850,-2.0412,1.8274,5.1141,-0.3361
1687.50,1.7247,5.1041,1.9514,7.4272,1.1850,-2.0424,1.8274,5.1141,-0.3374
1688.00,1.7247,5.1041,1.9514,7.4272,1.1850,-2.0443,1.8274,5.1141,-0.3393
1688.50,1.7247,5.1041,1.9514,7.4272,1.1850,-2.0457,1.8274,5.1141,-0.3407
1689.00,1.7247,5.1041,1.9514,7.4272,1.1850,-2.0473,1.8274,5.1141,-0.3423
1689.50,1.7247,5.1041,1.9514,7.4272,1.1850,-2.0485,1.8274,5.1141,-0.3435
1690.00,1.7247,5.1041,1.9514,7.4272,1.1850,-2.0500,1.8274,5.1141,-0.3450
1690.50,1.7247,5.1041,1.9514,7.4272,1.1850,-2.0520,1.8274,5.1141,-0.3470
1691.00,1.7247,5.1041,1.9514,7.4272,1.1850,-2.0535,1.8274,5.1141,-0.3485
1691.50,1.7247,5.1041,1.9514,7.4272,1.1850,-2.0550,1.8274,5.1141,-0.3500
1692.00,1.7247,5.1041,1.9514,7.4272,1.1850,-2.0566,1.8274,5.1141,-0.3516
1692.50,1.7247,5.1041,1.9514,7.4272,1.1850,-2.0577,1.8274,5.1141,-0.3526
1693.00,1.7247,5.1041,1.9514,7.4272,1.1850,-2.0588,1.8274,5.1141,-0.3538
1693.50,1.7247,5.1041,1.9514,7.4272,1.1850,-2.0600,1.8274,5.1141,-0.3549
1694.00,1.7247,5.1041,1.9514,7.4272,1.1850,-2.0612,1.8274,5.1141,-0.3562
1694.50,1.7247,5.1041,1.9514,7.4272,1.1850,-2.0630,1.8274,5.1141,-0.3580
1695.00,1.7247,5.1041,1.9514,7.4272,1.1850,-2.0646,1.8274,5.1141,-0.3596
1695.50,1.7247,5.1041,1.9514,7.4272,1.1850,-2.0665,1.8274,5.1141,-0.3615
1696.00,1.7247,5.1041,1.9514,7.4272,1.1850,-2.0677,1.8274,5.1141,-0.3627
1696.50,1.7247,5.1041,1.9514,7.4272,1.1850,-2.0688,1.8274,5.1141,-0.3638
1697.00,1.7247,5.1041,1.9514,7.4272,1.1850,-2.0698,1.8274,5.1141,-0.3648
1697.50,1.7247,5.1041,1.9514,7.4272,1.1850,-2.0708,1.8274,5.1141,-0.3658
1698.00,1.7247,5.1041,1.9514,7.4272,1.1850,-2.0722,1.8274,5.1141,-0.3672
1698.50,1.7247,5.1041,1.9514,7.4272,1.1850,-2.0740,1.8274,5.1141,-0.3690
1699.00,1.7247,5.1041,1.9514,7.4272,1.1850,-2.0756,1.8274,5.1141,-0.3706
1699.50,1.7247,5.1041,1.9514,7.4272,1.1850,-2.0784,1.8274,5.1141,-0.3734
1700.00,1.7247,5.1041,1.9514,7.4272,1.1850,-2.0805,1.8274,5.1141,-0.3755
1700.50,1.7247,5.1041,1.9514,7.4272,1.1850,-2.0820,1.8274,5.1141,-0.3769
1701.00,1.7247,5.1041,1.9514,7.4272,1.1850,-2.0837,1.8274,5.1141,-0.3787
1701.50,1.7247,5.1041,1.9514,7.4272,1.1850,-2.0848,1.8274,5.1141,-0.3798
1702.00,1.7247,5.1041,1.9514,7.4272,1.1850,-2.0867,1.8274,5.1141,-0.3816
1702.50,1.7247,5.1041,1.9514,7.4272,1.1850,-2.0879,1.8274,5.1141,-0.3829
1703.00,1.7247,5.1041,1.9514,7.4272,1.1850,-2.0892,1.8274,5.1141,-0.3842
1703.50,1.7247,5.1041,1.9514,7.4272,1.1850,-2.0910,1.8274,5.1141,-0.3860
1704.00,1.7247,5.1041,1.9514,7.4272,1.1850,-2.0925,1.8274,5.1141,-0.3875
1704.50,1.7247,5.1041,1.9514,7.4272,1.1850,-2.0938,1.8274,5.1141,-0.3888
1705.00,1.7247,5.1041,1.9514,7.4272,1.1850,-2.0950,1.8274,5.1141,-0.3900
1705.50,1.7247,5.1041,1.9514,7.4272,1.1850,-2.0967,1.8274,5.1141,-0.3917
1706.00,1.7247,5.1041,1.9514,7.4272,1.1850,-2.0989,1.8274,5.1141,-0.3939
1706.50,1.7247,5.1041,1.9514,7.4272,1.1850,-2.1006,1.8274,5.1141,-0.3956
1707.00,1.7247,5.1041,1.9514,7.4272,1.1850,-2.1024,1.8274,5.1141,-0.3974
1707.50,1.7247,5.1041,1.9514,7.4272,1.1850,-2.1035,1.8274,5.1141,-0.3985
1708.00,1.7247,5.1041,1.9514,7.4272,1.1850,-2.1052,1.8274,5.1141,-0.4002
1708.50,1.7247,5.1041,1.9514,7.4272,1.1850,-2.1067,1.8274,5.1141,-0.4017
1709.00,1.7247,5.1041,1.9514,7.4272,1.1850,-2.1081,1.8274,5.1141,-0.4031
1709.50,1.7247,5.1041,1.9514,7.4272,1.1850,-2.1103,1.8274,5.1141,-0.4053
1710.00,1.7247,5.1041,1.9514,7.4272,1.1850,-2.1117,1.8274,5.1141,-0.4067
1710.50,1.7247,5.1041,1.9514,7.4272,1.1850,-2.1126,1.8274,5.1141,-0.4076
1711.00,1.7247,5.1041,1.9514,7.4272,1.1850,-2.1144,1.8274,5.1141,-0.4094
1711.50,1.7247,5.1041,1.9514,7.4272,1.1850,-2.1162,1.8274,5.1141,-0.4112
1712.00,1.7247,5.1041,1.9514,7.4272,1.1850,-2.1182,1.8274,5.1141,-0.4132
1712.50,1.7247,5.1041,1.9514,7.4272,1.1850,-2.1197,1.8274,5.1141,-0.4147
1713.00,1.7247,5.1041,1.9514,7.4272,1.1850,-2.1210,1.8274,5.1141,-0.4160
1713.50,1.7247,5.1041,1.9514,7.4272,1.1850,-2.1224,1.8274,5.1141,-0.4174
1714.00,1.7247,5.1041,1.9514,7.4272,1.1850,-2.1234,1.8274,5.1141,-0.4184
1714.50,1.7247,5.1041,1.9514,7.4272,1.1850,-2.1250,1.8274,5.1141,-0.4200
1715.00,1.7247,5.1041,1.9514,7.4272,1.1850,-2.1266,1.8274,5.1141,-0.4216
1715.50,1.7247,5.1041,1.9514,7.4272,1.1850,-2.1282,1.8274,5.1141,-0.4232
1716.00,1.7247,5.1041,1.9514,7.4272,1.1850,-2.1292,1.8274,5.1141,-0.4242
1716.50,1.7247,5.1041,1.9514,7.4272,1.1850,-2.1302,1.8274,5.1141,-0.4252
1717.00,1.7247,5.1041,1.9514,7.4272,1.1850,-2.1317,1.8274,5.1141,-0.4267
1717.50,1.7247,5.1041,1.9514,7.4272,1.1850,-2.1337,1.8274,5.1141,-0.4286
1718.00,1.7247,5.1041,1.9514,7.4272,1.1850,-2.1352,1.8274,5.1141,-0.4302
1718.50,1.7247,5.1041,1.9514,7.4272,1.1850,-2.1367,1.8274,5.1141,-0.4317
1719.00,1.7247,5.1041,1.9514,7.4272,1.1850,-2.1383,1.8274,5.1141,-0.4333
1719.50,1.7247,5.1041,1.9514,7.4272,1.1850,-2.1399,1.8274,5.1141,-0.4349
1720.00,1.7247,5.1041,1.9514,7.4272,1.1850,-2.1413,1.8274,5.1141,-0.4363
1720.50,1.7247,5.1041,1.9514,7.4272,1.1850,-2.1430,1.8274,5.1141,-0.4380
1721.00,1.7247,5.1041,1.9514,7.4272,1.1850,-2.1445,1.8274,5.1141,-0.4395
1721.50,1.7247,5.1041,1.9514,7.4272,1.1850,-2.1456,1.8274,5.1141,-0.4406
1722.00,1.7247,5.1041,1.9514,7.4272,1.1850,-2.1476,1.8274,5.1141,-0.4426
1722.50,1.7247,5.1041,1.9514,7.4272,1.1850,-2.1492,1.8274,5.1141,-0.4442
1723.00,1.7247,5.1041,1.9514,7.4272,1.1850,-2.1507,1.8274,5.1141,-0.4457
1723.50,1.7247,5.1041,1.9514,7.4272,1.1850,-2.1518,1.8274,5.1141,-0.4467
1724.00,1.7247,5.1041,1.9514,7.4272,1.1850,-2.1533,1.8274,5.1141,-0.4483
1724.50,1.7247,5.1041,1.9514,7.4272,1.1850,-2.1550,1.8274,5.1141,-0.4500
1725.00,1.7247,5.1041,1.9514,7.4272,1.1850,-2.1564,1.8274,5.1141,-0.4514
1725.50,1.7247,5.1041,1.9514,7.4272,1.1850,-2.1578,1.8274,5.1141,-0.4528
1726.00,1.7247,5.1041,1.9514,7.4272,1.1850,-2.1592,1.8274,5.1141,-0.4542
1726.50,1.7247,5.1041,1.9514,7.4272,1.1850,-2.1610,1.8274,5.1141,-0.4560
1727.00,1.7247,5.1041,1.9514,7.4272,1.1850,-2.1628,1.8274,5.1141,-0.4578
1727.50,1.7247,5.1041,1.9514,7.4272,1.1850,-2.1648,1.8274,5.1141,-0.4598
1728.00,1.7247,5.1041,1.9514,7.4272,1.1850,-2.1664,1.8274,5.1141,-0.4614
1728.50,1.7247,5.1041,1.9514,7.4272,1.1850,-2.1673,1.8274,5.1141,-0.4623
1729.00,1.7247,5.1041,1.9514,7.4272,1.1850,-2.1689,1.8274,5.1141,-0.4639
1729.50,1.7247,5.1041,1.9514,7.4272,1.1850,-2.1707,1.8274,5.1141,-0.4657
1730.00,1.7247,5.1041,1.9514,7.4272,1.1850,-2.1723,1.8274,5.1141,-0.4673
1730.50,1.7247,5.1041,1.9514,7.4272,1.1850,-2.1742,1.8274,5.1141,-0.4691
1731.00,1.7247,5.1041,1.9514,7.4272,1.1850,-2.1756,1.8274,5.1141,-0.4706
1731.50,1.7247,5.1041,1.9514,7.4272,1.1850,-2.1769,1.8274,5.1141,-0.4718
1732.00,1.7247,5.1041,1.9514,7.4272,1.1850,-2.1788,1.8274,5.1141,-0.4738
1732.50,1.7247,5.1041,1.9514,7.4272,1.1850,-2.1800,1.8274,5.1141,-0.4750
1733.00,1.7247,5.1041,1.9514,7.4272,1.1850,-2.1816,1.8274,5.1141,-0.4766
1733.50,1.7247,5.1041,1.9514,7.4272,1.1850,-2.1829,1.8274,5.1141,-0.4779
1734.00,1.7247,5.1041,1.9514,7.4272,1.1850,-2.1848,1.8274,5.1141,-0.4798
1734.50,1.7247,5.1041,1.9514,7.4272,1.1850,-2.1862,1.8274,5.1141,-0.4812
1735.00,1.7247,5.1041,1.9514,7.4272,1.1850,-2.1877,1.8274,5.1141,-0.4827
1735.50,1.7247,5.1041,1.9514,7.4272,1.1850,-2.1899,1.8274,5.1141,-0.4849
1736.00,1.7247,5.1041,1.9514,7.4272,1.1850,-2.1915,1.8274,5.1141,-0.4865
1736.50,1.7247,5.1041,1.9514,7.4272,1.1850,-2.1925,1.8274,5.1141,-0.4875
1737.00,1.7247,5.1041,1.9514,7.4272,1.1850,-2.1939,1.8274,5.1141,-0.4889
1737.50,1.7247,5.1041,1.9514,7.4272,1.1850,-2.1956,1.8274,5.1141,-0.4906
1738.00,1.7247,5.1041,1.9514,7.4272,1.1850,-2.1979,1.8274,5.1141,-0.4929
1738.50,1.7247,5.1041,1.9514,7.4272,1.1850,-2.1998,1.8274,5.1141,-0.4948
1739.00,1.7247,5.1041,1.9514,7.4272,1.1850,-2.2011,1.8274,5.1141,-0.4961
1739.50,1.7247,5.1041,1.9514,7.4272,1.1850,-2.2027,1.8274,5.1141,-0.4977
1740.00,1.7247,5.1041,1.9514,7.4272,1.1850,-2.2043,1.8274,5.1141,-0.4993
1740.50,1.7247,5.1041,1.9514,7.4272,1.1850,-2.2061,1.8274,5.1141,-0.5011
1741.00,1.7247,5.1041,1.9514,7.4272,1.1850,-2.2082,1.8274,5.1141,-0.5031
1741.50,1.7247,5.1041,1.9514,7.4272,1.1850,-2.2102,1.8274,5.1141,-0.5052
1742.00,1.7247,5.1041,1.9514,7.4272,1.1850,-2.2117,1.8274,5.1141,-0.5067
1742.50,1.7247,5.1041,1.9514,7.4272,1.1850,-2.2127,1.8274,5.1141,-0.5077
1743.00,1.7247,5.1041,1.9514,7.4272,1.1850,-2.2136,1.8274,5.1141,-0.5086
1743.50,1.7247,5.1041,1.9514,7.4272,1.1850,-2.2155,1.8274,5.1141,-0.5105
1744.00,1.7247,5.1041,1.9514,7.4272,1.1850,-2.2169,1.8274,5.1141,-0.5119
1744.50,1.7247,5.1041,1.9514,7.4272,1.1850,-2.2184,1.8274,5.1141,-0.5134
1745.00,1.7247,5.1041,1.9514,7.4272,1.1850,-2.2204,1.8274,5.1141,-0.5154
1745.50,1.7247,5.1041,1.9514,7.4272,1.1850,-2.2219,1.8274,5.1141,-0.5169
1746.00,1.7247,5.1041,1.9514,7.4272,1.1850,-2.2237,1.8274,5.1141,-0.5187
1746.50,1.7247,5.1041,1.9514,7.4272,1.1850,-2.2252,1.8274,5.1141,-0.5202
1747.00,1.7247,5.1041,1.9514,7.4272,1.1850,-2.2264,1.8274,5.1141,-0.5214
1747.50,1.7247,5.1041,1.9514,7.4272,1.1850,-2.2278,1.8274,5.1141,-0.5228
1748.00,1.7247,5.1041,1.9514,7.4272,1.1850,-2.2301,1.8274,5.1141,-0.5251
1748.50,1.7247,5.1041,1.9514,7.4272,1.1850,-2.2311,1.8274,5.1141,-0.5261
1749.00,1.7247,5.1041,1.9514,7.4272,1.1850,-2.2327,1.8274,5.1141,-0.5277
1749.50,1.7247,5.1041,1.9514,7.4272,1.1850,-2.2346,1.8274,5.1141,-0.5296
1750.00,1.7247,5.1041,1.9514,7.4272,1.1850,-2.2358,1.8274,5.1141,-0.5308
1750.50,1.7247,5.1041,1.9514,7.4272,1.1850,-2.2376,1.8274,5.1141,-0.5326
1751.00,1.7247,5.1041,1.9514,7.4272,1.1850,-2.2393,1.8274,5.1141,-0.5343
1751.50,1.7247,5.1041,1.9514,7.4272,1.1850,-2.2410,1.8274,5.1141,-0.5360
1752.00,1.7247,5.1041,1.9514,7.4272,1.1850,-2.2425,1.8274,5.1141,-0.5375
1752.50,1.7247,5.1041,1.9514,7.4272,1.1850,-2.2441,1.8274,5.1141,-0.5391
1753.00,1.7247,5.1041,1.9514,7.4272,1.1850,-2.2454,1.8274,5.1141,-0.5404
1753.50,1.7247,5.1041,1.9514,7.4272,1.1850,-2.2468,1.8274,5.1141,-0.5418
1754.00,1.7247,5.1041,1.9514,7.4272,1.1850,-2.2484,1.8274,5.1141,-0.5434
1754.50,1.7247,5.1041,1.9514,7.4272,1.1850,-2.2490,1.8274,5.1141,-0.5440
1755.00,1.7247,5.1041,1.9514,7.4272,1.1850,-2.2506,1.8274,5.1141,-0.5456
1755.50,1.7247,5.1041,1.9514,7.4272,1.1850,-2.2519,1.8274,5.1141,-0.5469
1756.00,1.7247,5.1041,1.9514,7.4272,1.1850,-2.2531,1.8274,5.1141,-0.5481
1756.50,1.7247,5.1041,1.9514,7.4272,1.1850,-2.2542,1.8274,5.1141,-0.5492
1757.00,1.7247,5.1041,1.9514,7.4272,1.1850,-2.2557,1.8274,5.1141,-0.5507
1757.50,1.7247,5.1041,1.9514,7.4272,1.1850,-2.2575,1.8274,5.1141,-0.5524
1758.00,1.7247,5.1041,1.9514,7.4272,1.1850,-2.2594,1.8274,5.1141,-0.5544
1758.50,1.7247,5.1041,1.9514,7.4272,1.1850,-2.2607,1.8274,5.1141,-0.5557
1759.00,1.7247,5.1041,1.9514,7.4272,1.1850,-2.2621,1.8274,5.1141,-0.5571
1759.50,1.7247,5.1041,1.9514,7.4272,1.1850,-2.2636,1.8274,5.1141,-0.5586
1760.00,1.7247,5.1041,1.9514,7.4272,1.1850,-2.2658,1.8274,5.1141,-0.5608
1760.50,1.7247,5.1041,1.9514,7.4272,1.1850,-2.2674,1.8274,5.1141,-0.5624
1761.00,1.7247,5.1041,1.9514,7.4272,1.1850,-2.2693,1.8274,5.1141,-0.5643
1761.50,1.7247,5.1041,1.9514,7.4272,1.1850,-2.2700,1.8274,5.1141,-0.5650
1762.00,1.7247,5.1041,1.9514,7.4272,1.1850,-2.2712,1.8274,5.1141,-0.5662
1762.50,1.7247,5.1041,1.9514,7.4272,1.1850,-2.2724,1.8274,5.1141,-0.5674
1763.00,1.7247,5.1041,1.9514,7.4272,1.1850,-2.2740,1.8274,5.1141,-0.5690
1763.50,1.7247,5.1041,1.9514,7.4272,1.1850,-2.2757,1.8274,5.1141,-0.5707
1764.00,1.7247,5.1041,1.9514,7.4272,1.1850,-2.2778,1.8274,5.1141,-0.5727
1764.50,1.7247,5.1041,1.9514,7.4272,1.1850,-2.2789,1.8274,5.1141,-0.5739
1765.00,1.7247,5.1041,1.9514,7.4272,1.1850,-2.2802,1.8274,5.1141,-0.5752
1765.50,1.7247,5.1041,1.9514,7.4272,1.1850,-2.2816,1.8274,5.1141,-0.5766
1766.00,1.7247,5.1041,1.9514,7.4272,1.1850,-2.2833,1.8274,5.1141,-0.5783
1766.50,1.7247,5.1041,1.9514,7.4272,1.1850,-2.2850,1.8274,5.1141,-0.5800
1767.00,1.7247,5.1041,1.9514,7.4272,1.1850,-2.2873,1.8274,5.1141,-0.5823
1767.50,1.7247,5.1041,1.9514,7.4272,1.1850,-2.2888,1.8274,5.1141,-0.5838
1768.00,1.7247,5.1041,1.9514,7.4272,1.1850,-2.2905,1.8274,5.1141,-0.5855
1768.50,1.7247,5.1041,1.9514,7.4272,1.1850,-2.2918,1.8274,5.1141,-0.5868
1769.00,1.7247,5.1041,1.9514,7.4272,1.1850,-2.2936,1.8274,5.1141,-0.5886
1769.50,1.7247,5.1041,1.9514,7.4272,1.1850,-2.2950,1.8274,5.1141,-0.5899
1770.00,1.7247,5.1041,1.9514,7.4272,1.1850,-2.2966,1.8274,5.1141,-0.5915
1770.50,1.7247,5.1041,1.9514,7.4272,1.1850,-2.2980,1.8274,5.1141,-0.5930
1771.00,1.7247,5.1041,1.9514,7.4272,1.1850,-2.3003,1.8274,5.1141,-0.5952
1771.50,1.7247,5.1041,1.9514,7.4272,1.1850,-2.3021,1.8274,5.1141,-0.5970
1772.00,1.7247,5.1041,1.9514,7.4272,1.1850,-2.3037,1.8274,5.1141,-0.5986
1772.50,1.7247,5.1041,1.9514,7.4272,1.1850,-2.3052,1.8274,5.1141,-0.6002
1773.00,1.7247,5.1041,1.9514,7.4272,1.1850,-2.3066,1.8274,5.1141,-0.6016
1773.50,1.7247,5.1041,1.9514,7.4272,1.1850,-2.3080,1.8274,5.1141,-0.6030
1774.00,1.7247,5.1041,1.9514,7.4272,1.1850,-2.3096,1.8274,5.1141,-0.6045
1774.50,1.7247,5.1041,1.9514,7.4272,1.1850,-2.3115,1.8274,5.1141,-0.6065
1775.00,1.7247,5.1041,1.9514,7.4272,1.1850,-2.3129,1.8274,5.1141,-0.6079
1775.50,1.7247,5.1041,1.9514,7.4272,1.1850,-2.3151,1.8274,5.1141,-0.6101
1776.00,1.7247,5.1041,1.9514,7.4272,1.1850,-2.3168,1.8274,5.1141,-0.6118
1776.50,1.7247,5.1041,1.9514,7.4272,1.1850,-2.3180,1.8274,5.1141,-0.6130
1777.00,1.7247,5.1041,1.9514,7.4272,1.1850,-2.3196,1.8274,5.1141,-0.6146
1777.50,1.7247,5.1041,1.9514,7.4272,1.1850,-2.3209,1.8274,5.1141,-0.6159
1778.00,1.7247,5.1041,1.9514,7.4272,1.1850,-2.3226,1.8274,5.1141,-0.6176
1778.50,1.7247,5.1041,1.9514,7.4272,1.1850,-2.3234,1.8274,5.1141,-0.6184
1779.00,1.7247,5.1041,1.9514,7.4272,1.1850,-2.3247,1.8274,5.1141,-0.6197
1779.50,1.7247,5.1041,1.9514,7.4272,1.1850,-2.3260,1.8274,5.1141,-0.6210
1780.00,1.7247,5.1041,1.9514,7.4272,1.1850,-2.3275,1.8274,5.1141,-0.6225
1780.50,1.7247,5.1041,1.9514,7.4272,1.1850,-2.3292,1.8274,5.1141,-0.6242
1781.00,1.7247,5.1041,1.9514,7.4272,1.1850,-2.3309,1.8274,5.1141,-0.6259
1781.50,1.7247,5.1041,1.9514,7.4272,1.1850,-2.3328,1.8274,5.1141,-0.6278
1782.00,1.7247,5.1041,1.9514,7.4272,1.1850,-2.3342,1.8274,5.1141,-0.6292
1782.50,1.7247,5.1041,1.9514,7.4272,1.1850,-2.3355,1.8274,5.1141,-0.6305
1783.00,1.7247,5.1041,1.9514,7.4272,1.1850,-2.3365,1.8274,5.1141,-0.6315
1783.50,1.7247,5.1041,1.9514,7.4272,1.1850,-2.3380,1.8274,5.1141,-0.6330
1784.00,1.7247,5.1041,1.9514,7.4272,1.1850,-2.3397,1.8274,5.1141,-0.6347
1784.50,1.7247,5.1041,1.9514,7.4272,1.1850,-2.3410,1.8274,5.1141,-0.6360
1785.00,1.7247,5.1041,1.9514,7.4272,1.1850,-2.3420,1.8274,5.1141,-0.6370
1785.50,1.7247,5.1041,1.9514,7.4272,1.1850,-2.3436,1.8274,5.1141,-0.6386
1786.00,1.7247,5.1041,1.9514,7.4272,1.1850,-2.3447,1.8274,5.1141,-0.6397
1786.50,1.7247,5.1041,1.9514,7.4272,1.1850,-2.3465,1.8274,5.1141,-0.6415
1787.00,1.7247,5.1041,1.9514,7.4272,1.1850,-2.3482,1.8274,5.1141,-0.6432
1787.50,1.7247,5.1041,1.9514,7.4272,1.1850,-2.3497,1.8274,5.1141,-0.6447
1788.00,1.7247,5.1041,1.9514,7.4272,1.1850,-2.3517,1.8274,5.1141,-0.6467
1788.50,1.7247,5.1041,1.9514,7.4272,1.1850,-2.3536,1.8274,5.1141,-0.6486
1789.00,1.7247,5.1041,1.9514,7.4272,1.1850,-2.3556,1.8274,5.1141,-0.6506
1789.50,1.7247,5.1041,1.9514,7.4272,1.1850,-2.3570,1.8274,5.1141,-0.6520
1790.00,1.7247,5.1041,1.9514,7.4272,1.1850,-2.3579,1.8274,5.1141,-0.6529
1790.50,1.7247,5.1041,1.9514,7.4272,1.1850,-2.3597,1.8274,5.1141,-0.6547
1791.00,1.7247,5.1041,1.9514,7.4272,1.1850,-2.3604,1.8274,5.1141,-0.6554
1791.50,1.7247,5.1041,1.9514,7.4272,1.1850,-2.3622,1.8274,5.1141,-0.6572
1792.00,1.7247,5.1041,1.9514,7.4272,1.1850,-2.3635,1.8274,5.1141,-0.6585
1792.50,1.7247,5.1041,1.9514,7.4272,1.1850,-2.3654,1.8274,5.1141,-0.6604
1793.00,1.7247,5.1041,1.9514,7.4272,1.1850,-2.3669,1.8274,5.1141,-0.6619
1793.50,1.7247,5.1041,1.9514,7.4272,1.1850,-2.3688,1.8274,5.1141,-0.6638
1794.00,1.7247,5.1041,1.9514,7.4272,1.1850,-2.3700,1.8274,5.1141,-0.6650
1794.50,1.7247,5.1041,1.9514,7.4272,1.1850,-2.3719,1.8274,5.1141,-0.6669
1795.00,1.7247,5.1041,1.9514,7.4272,1.1850,-2.3734,1.8274,5.1141,-0.6684
1795.50,1.7247,5.1041,1.9514,7.4272,1.1850,-2.3747,1.8274,5.1141,-0.6697
1796.00,1.7247,5.1041,1.9514,7.4272,1.1850,-2.3761,1.8274,5.1141,-0.6711
1796.50,1.7247,5.1041,1.9514,7.4272,1.1850,-2.3780,1.8274,5.1141,-0.6730
1797.00,1.7247,5.1041,1.9514,7.4272,1.1850,-2.3796,1.8274,5.1141,-0.6746
1797.50,1.7247,5.1041,1.9514,7.4272,1.1850,-2.3812,1.8274,5.1141,-0.6762
1798.00,1.7247,5.1041,1.9514,7.4272,1.1850,-2.3827,1.8274,5.1141,-0.6777
1798.50,1.7247,5.1041,1.9514,7.4272,1.1850,-2.3848,1.8274,5.1141,-0.6798
1799.00,1.7247,5.1041,1.9514,7.4272,1.1850,-2.3867,1.8274,5.1141,-0.6817
1799.50,1.7247,5.1041,1.9514,7.4272,1.1850,-2.3883,1.8274,5.1141,-0.6833
1800.00,1.7247,5.1041,1.9514,7.4272,1.1850,-2.3901,1.8274,5.1141,-0.6851
1800.50,1.7247,5.1041,1.9514,7.4272,1.1850,-2.3920,1.8274,5.1141,-0.6869
1801.00,1.7247,5.1041,1.9514,7.4272,1.1850,-2.3933,1.8274,5.1141,-0.6883
1801.50,1.7247,5.1041,1.9514,7.4272,1.1850,-2.3946,1.8274,5.1141,-0.6896
1802.00,1.7247,5.1041,1.9514,7.4272,1.1850,-2.3967,1.8274,5.1141,-0.6917
1802.50,1.7247,5.1041,1.9514,7.4272,1.1850,-2.3979,1.8274,5.1141,-0.6929
1803.00,1.7247,5.1041,1.9514,7.4272,1.1850,-2.3987,1.8274,5.1141,-0.6937
1803.50,1.7247,5.1041,1.9514,7.4272,1.1850,-2.4010,1.8274,5.1141,-0.6960
1804.00,1.7247,5.1041,1.9514,7.4272,1.1850,-2.4028,1.8274,5.1141,-0.6978
1804.50,1.7247,5.1041,1.9514,7.4272,1.1850,-2.4044,1.8274,5.1141,-0.6993
1805.00,1.7247,5.1041,1.9514,7.4272,1.1850,-2.4058,1.8274,5.1141,-0.7008
1805.50,1.7247,5.1041,1.9514,7.4272,1.1850,-2.4083,1.8274,5.1141,-0.7033
1806.00,1.7247,5.1041,1.9514,7.4272,1.1850,-2.4100,1.8274,5.1141,-0.7050
1806.50,1.7247,5.1041,1.9514,7.4272,1.1850,-2.4117,1.8274,5.1141,-0.7067
1807.00,1.7247,5.1041,1.9514,7.4272,1.1850,-2.4134,1.8274,5.1141,-0.7084
1807.50,1.7247,5.1041,1.9514,7.4272,1.1850,-2.4147,1.8274,5.1141,-0.7097
1808.00,1.7247,5.1041,1.9514,7.4272,1.1850,-2.4164,1.8274,5.1141,-0.7114
1808.50,1.7247,5.1041,1.9514,7.4272,1.1850,-2.4179,1.8274,5.1141,-0.7129
1809.00,1.7247,5.1041,1.9514,7.4272,1.1850,-2.4198,1.8274,5.1141,-0.7148
1809.50,1.7247,5.1041,1.9514,7.4272,1.1850,-2.4216,1.8274,5.1141,-0.7166
1810.00,1.7247,5.1041,1.9514,7.4272,1.1850,-2.4230,1.8274,5.1141,-0.7180
1810.50,1.7247,5.1041,1.9514,7.4272,1.1850,-2.4253,1.8274,5.1141,-0.7203
1811.00,1.7247,5.1041,1.9514,7.4272,1.1850,-2.4268,1.8274,5.1141,-0.7218
1811.50,1.7247,5.1041,1.9514,7.4272,1.1850,-2.4283,1.8274,5.1141,-0.7233
1812.00,1.7247,5.1041,1.9514,7.4272,1.1850,-2.4298,1.8274,5.1141,-0.7248
1812.50,1.7247,5.1041,1.9514,7.4272,1.1850,-2.4313,1.8274,5.1141,-0.7263
1813.00,1.7247,5.1041,1.9514,7.4272,1.1850,-2.4331,1.8274,5.1141,-0.7281
1813.50,1.7247,5.1041,1.9514,7.4272,1.1850,-2.4346,1.8274,5.1141,-0.7296
1814.00,1.7247,5.1041,1.9514,7.4272,1.1850,-2.4364,1.8274,5.1141,-0.7314
1814.50,1.7247,5.1041,1.9514,7.4272,1.1850,-2.4377,1.8274,5.1141,-0.7326
1815.00,1.7247,5.1041,1.9514,7.4272,1.1850,-2.4391,1.8274,5.1141,-0.7341
1815.50,1.7247,5.1041,1.9514,7.4272,1.1850,-2.4407,1.8274,5.1141,-0.7357
1816.00,1.7247,5.1041,1.9514,7.4272,1.1850,-2.4421,1.8274,5.1141,-0.7371
1816.50,1.7247,5.1041,1.9514,7.4272,1.1850,-2.4431,1.8274,5.1141,-0.7381
1817.00,1.7247,5.1041,1.9514,7.4272,1.1850,-2.4446,1.8274,5.1141,-0.7396
1817.50,1.7247,5.1041,1.9514,7.4272,1.1850,-2.4465,1.8274,5.1141,-0.7415
1818.00,1.7247,5.1041,1.9514,7.4272,1.1850,-2.4478,1.8274,5.1141,-0.7428
1818.50,1.7247,5.1041,1.9514,7.4272,1.1850,-2.4495,1.8274,5.1141,-0.7445
1819.00,1.7247,5.1041,1.9514,7.4272,1.1850,-2.4512,1.8274,5.1141,-0.7462
1819.50,1.7247,5.1041,1.9514,7.4272,1.1850,-2.4525,1.8274,5.1141,-0.7475
1820.00,1.7247,5.1041,1.9514,7.4272,1.1850,-2.4540,1.8274,5.1141,-0.7490
1820.50,1.7247,5.1041,1.9514,7.4272,1.1850,-2.4556,1.8274,5.1141,-0.7506
1821.00,1.7247,5.1041,1.9514,7.4272,1.1850,-2.4574,1.8274,5.1141,-0.7524
1821.50,1.7247,5.1041,1.9514,7.4272,1.1850,-2.4589,1.8274,5.1141,-0.7539
1822.00,1.7247,5.1041,1.9514,7.4272,1.1850,-2.4601,1.8274,5.1141,-0.7551
1822.50,1.7247,5.1041,1.9514,7.4272,1.1850,-2.4619,1.8274,5.1141,-0.7569
1823.00,1.7247,5.1041,1.9514,7.4272,1.1850,-2.4631,1.8274,5.1141,-0.7581
1823.50,1.7247,5.1041,1.9514,7.4272,1.1850,-2.4657,1.8274,5.1141,-0.7607
1824.00,1.7247,5.1041,1.9514,7.4272,1.1850,-2.4669,1.8274,5.1141,-0.7619
1824.50,1.7247,5.1041,1.9514,7.4272,1.1850,-2.4685,1.8274,5.1141,-0.7635
1825.00,1.7247,5.1041,1.9514,7.4272,1.1850,-2.4693,1.8274,5.1141,-0.7643
1825.50,1.7247,5.1041,1.9514,7.4272,1.1850,-2.4714,1.8274,5.1141,-0.7664
1826.00,1.7247,5.1041,1.9514,7.4272,1.1850,-2.4731,1.8274,5.1141,-0.7681
1826.50,1.7247,5.1041,1.9514,7.4272,1.1850,-2.4746,1.8274,5.1141,-0.7696
1827.00,1.7247,5.1041,1.9514,7.4272,1.1850,-2.4762,1.8274,5.1141,-0.7711
1827.50,1.7247,5.1041,1.9514,7.4272,1.1850,-2.4784,1.8274,5.1141,-0.7734
1828.00,1.7247,5.1041,1.9514,7.4272,1.1850,-2.4801,1.8274,5.1141,-0.7751
1828.50,1.7247,5.1041,1.9514,7.4272,1.1850,-2.4814,1.8274,5.1141,-0.7764
1829.00,1.7247,5.1041,1.9514,7.4272,1.1850,-2.4831,1.8274,5.1141,-0.7781
1829.50,1.7247,5.1041,1.9514,7.4272,1.1850,-2.4847,1.8274,5.1141,-0.7797
1830.00,1.7247,5.1041,1.9514,7.4272,1.1850,-2.4862,1.8274,5.1141,-0.7812
1830.50,1.7247,5.1041,1.9514,7.4272,1.1850,-2.4880,1.8274,5.1141,-0.7830
1831.00,1.7247,5.1041,1.9514,7.4272,1.1850,-2.4902,1.8274,5.1141,-0.7852
1831.50,1.7247,5.1041,1.9514,7.4272,1.1850,-2.4920,1.8274,5.1141,-0.7870
1832.00,1.7247,5.1041,1.9514,7.4272,1.1850,-2.4934,1.8274,5.1141,-0.7884
1832.50,1.7247,5.1041,1.9514,7.4272,1.1850,-2.4950,1.8274,5.1141,-0.7900
1833.00,1.7247,5.1041,1.9514,7.4272,1.1850,-2.4967,1.8274,5.1141,-0.7917
1833.50,1.7247,5.1041,1.9514,7.4272,1.1850,-2.4983,1.8274,5.1141,-0.7933
1834.00,1.7247,5.1041,1.9514,7.4272,1.1850,-2.5000,1.8274,5.1141,-0.7950
1834.50,1.7247,5.1041,1.9514,7.4272,1.1850,-2.5019,1.8274,5.1141,-0.7969
1835.00,1.7247,5.1041,1.9514,7.4272,1.1850,-2.5036,1.8274,5.1141,-0.7985
1835.50,1.7247,5.1041,1.9514,7.4272,1.1850,-2.5055,1.8274,5.1141,-0.8005
1836.00,1.7247,5.1041,1.9514,7.4272,1.1850,-2.5069,1.8274,5.1141,-0.8019
1836.50,1.7247,5.1041,1.9514,7.4272,1.1850,-2.5085,1.8274,5.1141,-0.8034
1837.00,1.7247,5.1041,1.9514,7.4272,1.1850,-2.5099,1.8274,5.1141,-0.8049
1837.50,1.7247,5.1041,1.9514,7.4272,1.1850,-2.5112,1.8274,5.1141,-0.8062
1838.00,1.7247,5.1041,1.9514,7.4272,1.1850,-2.5129,1.8274,5.1141,-0.8079
1838.50,1.7247,5.1041,1.9514,7.4272,1.1850,-2.5145,1.8274,5.1141,-0.8095
1839.00,1.7247,5.1041,1.9514,7.4272,1.1850,-2.5166,1.8274,5.1141,-0.8116
1839.50,1.7247,5.1041,1.9514,7.4272,1.1850,-2.5187,1.8274,5.1141,-0.8137
1840.00,1.7247,5.1041,1.9514,7.4272,1.1850,-2.5203,1.8274,5.1141,-0.8153
1840.50,1.7247,5.1041,1.9514,7.4272,1.1850,-2.5219,1.8274,5.1141,-0.8169
1841.00,1.7247,5.1041,1.9514,7.4272,1.1850,-2.5234,1.8274,5.1141,-0.8184
1841.50,1.7247,5.1041,1.9514,7.4272,1.1850,-2.5244,1.8274,5.1141,-0.8194
1842.00,1.7247,5.1041,1.9514,7.4272,1.1850,-2.5259,1.8274,5.1141,-0.8209
1842.50,1.7247,5.1041,1.9514,7.4272,1.1850,-2.5270,1.8274,5.1141,-0.8220
1843.00,1.7247,5.1041,1.9514,7.4272,1.1850,-2.5280,1.8274,5.1141,-0.8230
1843.50,1.7247,5.1041,1.9514,7.4272,1.1850,-2.5293,1.8274,5.1141,-0.8243
1844.00,1.7247,5.1041,1.9514,7.4272,1.1850,-2.5307,1.8274,5.1141,-0.8257
1844.50,1.7247,5.1041,1.9514,7.4272,1.1850,-2.5323,1.8274,5.1141,-0.8273
1845.00,1.7247,5.1041,1.9514,7.4272,1.1850,-2.5343,1.8274,5.1141,-0.8293
1845.50,1.7247,5.1041,1.9514,7.4272,1.1850,-2.5356,1.8274,5.1141,-0.8306
1846.00,1.7247,5.1041,1.9514,7.4272,1.1850,-2.5375,1.8274,5.1141,-0.8325
1846.50,1.7247,5.1041,1.9514,7.4272,1.1850,-2.5386,1.8274,5.1141,-0.8336
1847.00,1.7247,5.1041,1.9514,7.4272,1.1850,-2.5403,1.8274,5.1141,-0.8353
1847.50,1.7247,5.1041,1.9514,7.4272,1.1850,-2.5421,1.8274,5.1141,-0.8371
1848.00,1.7247,5.1041,1.9520,7.4271,1.1849,-2.5413,1.8274,5.1140,-0.8363
1848.50,1.7247,5.1041,1.9520,7.4271,1.1849,-2.5428,1.8274,5.1140,-0.8378
1849.00,1.7247,5.1041,1.9520,7.4271,1.1849,-2.5444,1.8274,5.1140,-0.8394
1849.50,1.7247,5.1041,1.9520,7.4271,1.1849,-2.5457,1.8274,5.1140,-0.8407
1850.00,1.7247,5.1041,1.9520,7.4271,1.1849,-2.5476,1.8274,5.1140,-0.8426
1850.50,1.7247,5.1041,1.9520,7.4271,1.1849,-2.5495,1.8274,5.1140,-0.8445
1851.00,1.7247,5.1041,1.9520,7.4271,1.1849,-2.5507,1.8274,5.1140,-0.8457
1851.50,1.7247,5.1041,1.9520,7.4271,1.1849,-2.5523,1.8274,5.1140,-0.8473
1852.00,1.7247,5.1041,1.9520,7.4271,1.1849,-2.5544,1.8274,5.1140,-0.8494
1852.50,1.7247,5.1041,1.9520,7.4271,1.1849,-2.5557,1.8274,5.1140,-0.8506
1853.00,1.7247,5.1041,1.9520,7.4271,1.1849,-2.5575,1.8274,5.1140,-0.8525
1853.50,1.7247,5.1041,1.9520,7.4271,1.1849,-2.5596,1.8274,5.1140,-0.8546
1854.00,1.7247,5.1041,1.9520,7.4271,1.1849,-2.5609,1.8274,5.1140,-0.8559
1854.50,1.7247,5.1041,1.9520,7.4271,1.1849,-2.5625,1.8274,5.1140,-0.8575
1855.00,1.7247,5.1041,1.9520,7.4271,1.1849,-2.5644,1.8274,5.1140,-0.8594
1855.50,1.7247,5.1041,1.9520,7.4271,1.1849,-2.5661,1.8274,5.1140,-0.8611
1856.00,1.7247,5.1041,1.9520,7.4271,1.1849,-2.5678,1.8274,5.1140,-0.8628
1856.50,1.7247,5.1041,1.9520,7.4271,1.1849,-2.5684,1.8274,5.1140,-0.8634
1857.00,1.7247,5.1041,1.9520,7.4271,1.1849,-2.5697,1.8274,5.1140,-0.8647
1857.50,1.7247,5.1041,1.9520,7.4271,1.1849,-2.5717,1.8274,5.1140,-0.8667
1858.00,1.7247,5.1041,1.9520,7.4271,1.1849,-2.5728,1.8274,5.1140,-0.8678
1858.50,1.7247,5.1041,1.9520,7.4271,1.1849,-2.5745,1.8274,5.1140,-0.8695
1859.00,1.7247,5.1041,1.9520,7.4271,1.1849,-2.5761,1.8274,5.1140,-0.8711
1859.50,1.7247,5.1041,1.9520,7.4271,1.1849,-2.5780,1.8274,5.1140,-0.8730
1860.00,1.7247,5.1041,1.9520,7.4271,1.1849,-2.5798,1.8274,5.1140,-0.8748
1860.50,1.7247,5.1041,1.9520,7.4271,1.1849,-2.5814,1.8274,5.1140,-0.8764
1861.00,1.7247,5.1041,1.9520,7.4271,1.1849,-2.5830,1.8274,5.1140,-0.8780
1861.50,1.7247,5.1041,1.9520,7.4271,1.1849,-2.5844,1.8274,5.1140,-0.8794
1862.00,1.7247,5.1041,1.9520,7.4271,1.1849,-2.5865,1.8274,5.1140,-0.8815
1862.50,1.7247,5.1041,1.9520,7.4271,1.1849,-2.5889,1.8274,5.1140,-0.8839
1863.00,1.7247,5.1041,1.9520,7.4271,1.1849,-2.5904,1.8274,5.1140,-0.8854
1863.50,1.7247,5.1041,1.9520,7.4271,1.1849,-2.5924,1.8274,5.1140,-0.8874
1864.00,1.7247,5.1041,1.9520,7.4271,1.1849,-2.5945,1.8274,5.1140,-0.8895
1864.50,1.7247,5.1041,1.9520,7.4271,1.1849,-2.5960,1.8274,5.1140,-0.8909
1865.00,1.7247,5.1041,1.9520,7.4271,1.1849,-2.5979,1.8274,5.1140,-0.8929
1865.50,1.7247,5.1041,1.9520,7.4271,1.1849,-2.6003,1.8274,5.1140,-0.8952
1866.00,1.7247,5.1041,1.9520,7.4271,1.1849,-2.6017,1.8274,5.1140,-0.8967
1866.50,1.7247,5.1041,1.9520,7.4271,1.1849,-2.6039,1.8274,5.1140,-0.8989
1867.00,1.7247,5.1041,1.9520,7.4271,1.1849,-2.6053,1.8274,5.1140,-0.9003
1867.50,1.7247,5.1041,1.9520,7.4271,1.1849,-2.6075,1.8274,5.1140,-0.9024
1868.00,1.7247,5.1041,1.9520,7.4271,1.1849,-2.6083,1.8274,5.1140,-0.9033
1868.50,1.7247,5.1041,1.9520,7.4271,1.1849,-2.6100,1.8274,5.1140,-0.9050
1869.00,1.7247,5.1041,1.9520,7.4271,1.1849,-2.6119,1.8274,5.1140,-0.9069
1869.50,1.7247,5.1041,1.9520,7.4271,1.1849,-2.6139,1.8274,5.1140,-0.9089
1870.00,1.7247,5.1041,1.9520,7.4271,1.1849,-2.6160,1.8274,5.1140,-0.9110
1870.50,1.7247,5.1041,1.9520,7.4271,1.1849,-2.6176,1.8274,5.1140,-0.9126
1871.00,1.7247,5.1041,1.9520,7.4271,1.1849,-2.6192,1.8274,5.1140,-0.9142
1871.50,1.7247,5.1041,1.9520,7.4271,1.1849,-2.6212,1.8274,5.1140,-0.9162
1872.00,1.7247,5.1041,1.9520,7.4271,1.1849,-2.6230,1.8274,5.1140,-0.9180
1872.50,1.7247,5.1041,1.9520,7.4271,1.1849,-2.6247,1.8274,5.1140,-0.9197
1873.00,1.7247,5.1041,1.9520,7.4271,1.1849,-2.6264,1.8274,5.1140,-0.9214
1873.50,1.7247,5.1041,1.9520,7.4271,1.1849,-2.6279,1.8274,5.1140,-0.9229
1874.00,1.7247,5.1041,1.9520,7.4271,1.1849,-2.6291,1.8274,5.1140,-0.9241
1874.50,1.7247,5.1041,1.9520,7.4271,1.1849,-2.6310,1.8274,5.1140,-0.9260
1875.00,1.7247,5.1041,1.9520,7.4271,1.1849,-2.6324,1.8274,5.1140,-0.9274
1875.50,1.7247,5.1041,1.9520,7.4271,1.1849,-2.6344,1.8274,5.1140,-0.9294
1876.00,1.7247,5.1041,1.9520,7.4271,1.1849,-2.6361,1.8274,5.1140,-0.9311
1876.50,1.7247,5.1041,1.9520,7.4271,1.1849,-2.6381,1.8274,5.1140,-0.9331
1877.00,1.7247,5.1041,1.9520,7.4271,1.1849,-2.6398,1.8274,5.1140,-0.9348
1877.50,1.7247,5.1041,1.9520,7.4271,1.1849,-2.6414,1.8274,5.1140,-0.9364
1878.00,1.7247,5.1041,1.9520,7.4271,1.1849,-2.6428,1.8274,5.1140,-0.9378
1878.50,1.7247,5.1041,1.9520,7.4271,1.1849,-2.6445,1.8274,5.1140,-0.9395
1879.00,1.7247,5.1041,1.9520,7.4271,1.1849,-2.6461,1.8274,5.1140,-0.9411
1879.50,1.7247,5.1041,1.9520,7.4271,1.1849,-2.6480,1.8274,5.1140,-0.9430
1880.00,1.7247,5.1041,1.9520,7.4271,1.1849,-2.6497,1.8274,5.1140,-0.9447
1880.50,1.7247,5.1041,1.9520,7.4271,1.1849,-2.6513,1.8274,5.1140,-0.9463
1881.00,1.7247,5.1041,1.9520,7.4271,1.1849,-2.6533,1.8274,5.1140,-0.9483
1881.50,1.7247,5.1041,1.9520,7.4271,1.1849,-2.6554,1.8274,5.1140,-0.9504
1882.00,1.7247,5.1041,1.9520,7.4271,1.1849,-2.6577,1.8274,5.1140,-0.9527
1882.50,1.7247,5.1041,1.9520,7.4271,1.1849,-2.6590,1.8274,5.1140,-0.9540
1883.00,1.7247,5.1041,1.9520,7.4271,1.1849,-2.6605,1.8274,5.1140,-0.9555
1883.50,1.7247,5.1041,1.9520,7.4271,1.1849,-2.6623,1.8274,5.1140,-0.9573
1884.00,1.7247,5.1041,1.9520,7.4271,1.1849,-2.6637,1.8274,5.1140,-0.9586
1884.50,1.7247,5.1041,1.9520,7.4271,1.1849,-2.6653,1.8274,5.1140,-0.9603
1885.00,1.7247,5.1041,1.9520,7.4271,1.1849,-2.6666,1.8274,5.1140,-0.9616
1885.50,1.7247,5.1041,1.9520,7.4271,1.1849,-2.6680,1.8274,5.1140,-0.9630
1886.00,1.7247,5.1041,1.9520,7.4271,1.1849,-2.6697,1.8274,5.1140,-0.9647
1886.50,1.7247,5.1041,1.9520,7.4271,1.1849,-2.6719,1.8274,5.1140,-0.9669
1887.00,1.7247,5.1041,1.9520,7.4271,1.1849,-2.6730,1.8274,5.1140,-0.9680
1887.50,1.7247,5.1041,1.9520,7.4271,1.1849,-2.6746,1.8274,5.1140,-0.9696
1888.00,1.7247,5.1041,1.9520,7.4271,1.1849,-2.6763,1.8274,5.1140,-0.9713
1888.50,1.7247,5.1041,1.9520,7.4271,1.1849,-2.6779,1.8274,5.1140,-0.9729
1889.00,1.7247,5.1041,1.9520,7.4271,1.1849,-2.6798,1.8274,5.1140,-0.9748
1889.50,1.7247,5.1041,1.9520,7.4271,1.1849,-2.6813,1.8274,5.1140,-0.9763
1890.00,1.7247,5.1041,1.9520,7.4271,1.1849,-2.6827,1.8274,5.1140,-0.9777
1890.50,1.7247,5.1041,1.9520,7.4271,1.1849,-2.6836,1.8274,5.1140,-0.9786
