t,gt_x,gt_y,gt_yaw,odom_x,odom_y,odom_yaw,slam_x,slam_y,slam_yaw
53.00,-0.0000,0.0000,0.0000,0.0000,0.0000,0.0372,,,
53.50,-0.0000,0.0000,0.0000,0.0000,0.0000,0.0379,0.0000,0.0000,0.0379
54.00,-0.0000,0.0000,0.0000,0.0000,0.0000,0.0387,0.0000,0.0000,0.0387
54.50,-0.0000,0.0000,0.0000,0.0000,0.0000,0.0391,0.0000,0.0000,0.0391
55.00,-0.0000,0.0000,0.0000,0.0000,0.0000,0.0399,0.0000,0.0000,0.0399
55.50,-0.0000,0.0000,0.0000,0.0000,0.0000,0.0398,0.0000,0.0000,0.0398
56.00,-0.0000,0.0000,0.0000,0.0000,0.0000,0.0408,0.0000,0.0000,0.0408
56.50,-0.0000,0.0000,0.0000,0.0000,0.0000,0.0419,0.0000,0.0000,0.0419
57.00,-0.0000,0.0000,0.0000,0.0000,0.0000,0.0422,0.0000,0.0000,0.0422
57.50,-0.0000,0.0000,0.0000,0.0000,0.0000,0.0429,0.0000,0.0000,0.0429
58.00,-0.0000,0.0000,0.0000,0.0000,0.0000,0.0438,0.0000,0.0000,0.0438
58.50,-0.0000,0.0000,0.0000,0.0000,0.0000,0.0446,0.0000,0.0000,0.0446
59.00,-0.0000,0.0000,0.0000,0.0000,0.0000,0.0447,0.0000,0.0000,0.0447
59.50,-0.0000,0.0000,0.0000,0.0000,0.0000,0.0457,0.0000,0.0000,0.0457
60.00,-0.0000,0.0000,0.0000,0.0000,0.0000,0.0463,0.0000,0.0000,0.0463
60.50,-0.0000,0.0000,0.0000,0.0000,0.0000,0.0471,0.0000,0.0000,0.0471
61.00,-0.0000,0.0000,0.0000,0.0000,0.0000,0.0473,0.0000,0.0000,0.0473
61.50,0.0001,-0.0000,-0.0000,0.0000,0.0000,0.0480,0.0000,0.0000,0.0480
62.00,0.0598,-0.0000,-0.0000,0.0532,0.0026,0.0484,0.0532,0.0026,0.0484
62.50,0.1198,-0.0000,-0.0000,0.1158,0.0056,0.0487,0.1158,0.0056,0.0487
63.00,0.1798,-0.0000,-0.0000,0.1792,0.0087,0.0492,0.1191,0.0036,0.0073
63.50,0.2398,-0.0000,-0.0000,0.2426,0.0118,0.0495,0.1025,0.0041,0.0076
64.00,0.2998,-0.0000,-0.0000,0.3040,0.0149,0.0501,0.1240,0.0046,0.0082
64.50,0.3598,-0.0000,-0.0000,0.3640,0.0179,0.0510,0.1841,0.0051,0.0091
65.00,0.4198,-0.0000,-0.0000,0.4259,0.0211,0.0516,0.1661,0.0057,0.0097
65.50,0.4798,-0.0000,-0.0000,0.4901,0.0244,0.0520,0.1703,0.0068,0.0066
66.00,0.5398,-0.0000,-0.0000,0.5493,0.0275,0.0529,0.1897,0.0073,0.0075
66.50,0.5998,-0.0000,-0.0000,0.6106,0.0308,0.0530,0.2510,0.0077,0.0076
67.00,0.6598,-0.0000,-0.0000,0.6709,0.0340,0.0531,0.2914,0.0086,0.0042
67.50,0.7198,-0.0000,-0.0000,0.7311,0.0372,0.0542,0.3117,0.0089,0.0053
68.00,0.7798,-0.0000,-0.0000,0.7933,0.0406,0.0547,0.3740,0.0092,0.0058
68.50,0.8398,-0.0000,-0.0000,0.8540,0.0439,0.0549,0.4148,0.0100,0.0025
69.00,0.8998,-0.0000,-0.0000,0.9131,0.0472,0.0554,0.4739,0.0102,0.0030
69.50,0.9598,-0.0000,-0.0000,0.9770,0.0507,0.0556,0.4980,0.0104,0.0032
70.00,1.0198,-0.0000,-0.0000,1.0418,0.0543,0.0559,0.5628,0.0106,0.0035
70.50,1.0798,-0.0000,-0.0000,1.1008,0.0577,0.0567,0.6220,0.0109,0.0043
71.00,1.1398,-0.0000,-0.0000,1.1611,0.0611,0.0571,0.6824,0.0111,0.0047
71.50,1.1998,-0.0000,-0.0000,1.2236,0.0647,0.0578,0.7249,0.0114,0.0055
72.00,1.2193,-0.0000,-0.0000,1.2499,0.0662,0.0587,0.7413,0.0122,0.0029
72.50,1.2193,-0.0000,-0.0000,1.2499,0.0662,0.0595,0.7413,0.0122,0.0037
73.00,1.2193,-0.0000,-0.0000,1.2499,0.0662,0.0603,0.7413,0.0122,0.0044
73.50,1.2193,-0.0000,-0.0000,1.2499,0.0662,0.0609,0.7413,0.0122,0.0051
74.00,1.2193,-0.0000,-0.0000,1.2499,0.0662,0.0613,0.7413,0.0122,0.0055
74.50,1.2193,-0.0000,-0.0000,1.2499,0.0662,0.0615,0.7413,0.0122,0.0056
75.00,1.2193,-0.0000,-0.0000,1.2499,0.0662,0.0616,0.7413,0.0122,0.0058
75.50,1.2193,-0.0000,-0.0000,1.2499,0.0662,0.0622,0.7413,0.0122,0.0063
76.00,1.2193,-0.0000,-0.0000,1.2499,0.0662,0.0625,0.7413,0.0122,0.0067
76.50,1.2193,-0.0000,-0.0000,1.2499,0.0662,0.0633,0.7413,0.0122,0.0074
77.00,1.2193,-0.0000,-0.0000,1.2499,0.0662,0.0637,0.7413,0.0122,0.0078
77.50,1.2193,-0.0000,-0.0000,1.2499,0.0662,0.0643,0.7413,0.0122,0.0084
78.00,1.2193,-0.0000,-0.0000,1.2499,0.0662,0.0646,0.7413,0.0122,0.0088
78.50,1.2193,-0.0000,-0.0000,1.2499,0.0662,0.0654,0.7413,0.0122,0.0096
79.00,1.2193,-0.0000,-0.0000,1.2499,0.0662,0.0658,0.7413,0.0122,0.0100
79.50,1.2193,-0.0000,-0.0000,1.2499,0.0662,0.0662,0.7413,0.0122,0.0104
80.00,1.2193,0.0001,0.0041,1.2500,0.0662,0.0668,0.7413,0.0122,0.0110
80.50,1.2193,0.0058,0.0565,1.2539,0.0666,0.1179,0.7453,0.0124,0.0620
81.00,1.2193,0.0131,0.1073,1.2609,0.0676,0.1692,0.7523,0.0130,0.1134
81.50,1.2193,0.0200,0.1563,1.2668,0.0688,0.2189,0.7583,0.0138,0.1631
82.00,1.2194,0.0264,0.2036,1.2725,0.0702,0.2668,0.7641,0.0149,0.2110
82.50,1.2194,0.0324,0.2495,1.2771,0.0716,0.3132,0.7884,0.0374,0.2504
83.00,1.2194,0.0378,0.2940,1.2826,0.0735,0.3582,0.7941,0.0390,0.2954
83.50,1.2195,0.0428,0.3372,1.2876,0.0755,0.4016,0.7991,0.0406,0.3388
84.00,1.2195,0.0472,0.3791,1.2916,0.0773,0.4440,0.8033,0.0422,0.3811
84.50,1.2195,0.0512,0.4199,1.2949,0.0789,0.4853,0.8067,0.0436,0.4225
85.00,1.2196,0.0547,0.4595,1.2981,0.0807,0.5255,0.8099,0.0451,0.4627
85.50,1.2196,0.0577,0.4982,1.3008,0.0823,0.5648,0.8128,0.0466,0.5019
86.00,1.2197,0.0602,0.5358,1.3037,0.0843,0.6025,0.8158,0.0484,0.5397
86.50,1.2197,0.0623,0.5724,1.3052,0.0853,0.6395,0.8173,0.0493,0.5767
87.00,1.2198,0.0639,0.6080,1.3062,0.0861,0.6756,0.8184,0.0501,0.6128
87.50,1.2198,0.0651,0.6428,1.3071,0.0868,0.7109,0.8193,0.0507,0.6481
88.00,1.2199,0.0658,0.6766,1.3076,0.0873,0.7448,0.8199,0.0512,0.6819
88.50,1.2200,0.0661,0.7096,1.3078,0.0875,0.7783,0.8201,0.0513,0.7155
89.00,1.2199,0.0661,0.7422,1.3078,0.0875,0.8116,0.8201,0.0513,0.7488
89.50,1.2196,0.0660,0.7757,1.3076,0.0872,0.8453,0.8199,0.0511,0.7825
90.00,1.2197,0.0658,0.8099,1.3075,0.0871,0.8806,0.8197,0.0509,0.8178
90.50,1.2197,0.0654,0.8429,1.3074,0.0870,0.9144,0.8197,0.0509,0.8516
91.00,1.2197,0.0654,0.8755,1.3073,0.0868,0.9472,0.8195,0.0507,0.8844
91.50,1.2192,0.0653,0.9088,1.3069,0.0863,0.9807,0.8191,0.0502,0.9178
92.00,1.2183,0.0653,0.9431,1.3063,0.0853,1.0159,0.8184,0.0493,0.9531
92.50,1.2169,0.0652,0.9782,1.3057,0.0843,1.0516,0.8178,0.0483,0.9888
93.00,1.2151,0.0652,1.0143,1.3048,0.0827,1.0879,0.8168,0.0467,1.0251
93.50,1.2128,0.0651,1.0513,1.3038,0.0807,1.1254,0.8156,0.0448,1.0626
94.00,1.2101,0.0651,1.0894,1.3026,0.0781,1.1639,0.8143,0.0423,1.1011
94.50,1.2068,0.0650,1.1284,1.3011,0.0745,1.2037,0.8126,0.0388,1.1409
95.00,1.2031,0.0650,1.1686,1.2999,0.0710,1.2440,0.8111,0.0354,1.1812
95.50,1.1989,0.0649,1.2098,1.2984,0.0663,1.2861,0.8094,0.0308,1.2233
96.00,1.1943,0.0649,1.2523,1.2973,0.0622,1.3292,0.8080,0.0268,1.2664
96.50,1.1891,0.0649,1.2960,1.2960,0.0565,1.3731,0.8064,0.0211,1.3103
97.00,1.1835,0.0648,1.3411,1.2951,0.0509,1.4188,0.8051,0.0157,1.3560
97.50,1.1773,0.0648,1.3876,1.2943,0.0454,1.4660,0.8040,0.0102,1.4032
98.00,1.1707,0.0648,1.4357,1.2938,0.0394,1.5141,0.8031,0.0043,1.4513
98.50,1.1636,0.0648,1.4854,1.2937,0.0336,1.5644,0.8026,-0.0015,1.5016
99.00,1.1560,0.0648,1.5370,1.2938,0.0255,1.6162,0.7769,0.0377,1.5452
99.50,1.1481,0.0648,1.5904,1.2940,0.0218,1.6703,0.7593,0.0668,1.5935
100.00,1.1405,0.0648,1.6419,1.2931,0.0290,1.7232,0.7590,0.0740,1.6464
100.50,1.1357,0.0648,1.6852,1.2923,0.0335,1.7675,0.7585,0.0786,1.6908
101.00,1.1289,0.0648,1.7339,1.2907,0.0408,1.8169,0.7574,0.0860,1.7401
101.50,1.1225,0.0648,1.7811,1.2886,0.0482,1.8643,0.7559,0.0935,1.7875
102.00,1.1167,0.0648,1.8267,1.2870,0.0533,1.9108,0.7547,0.0987,1.8340
102.50,1.1113,0.0649,1.8710,1.2851,0.0583,1.9558,0.7532,0.1039,1.8790
103.00,1.1064,0.0649,1.9140,1.2832,0.0628,1.9996,0.7516,0.1085,1.9228
103.50,1.1020,0.0649,1.9558,1.2817,0.0658,2.0421,0.7504,0.1116,1.9653
104.00,1.0981,0.0650,1.9964,1.2800,0.0689,2.0837,0.7490,0.1148,2.0069
104.50,1.0947,0.0650,2.0359,1.2784,0.0717,2.1236,0.7476,0.1177,2.0469
105.00,1.0917,0.0651,2.0744,1.2769,0.0740,2.1626,0.6844,0.0792,2.0754
105.50,1.0776,0.0917,2.1403,1.2627,0.0936,2.2278,0.6719,0.1000,2.1406
106.00,1.0261,0.1691,2.2076,1.2077,0.1607,2.2915,0.6030,0.1716,2.2042
106.50,0.9464,0.2708,2.2606,1.1160,0.2569,2.3570,0.5001,0.2754,2.2697
107.00,0.8625,0.3702,2.3003,1.0241,0.3471,2.3884,0.4261,0.3731,2.2956
107.50,0.7719,0.4628,2.3799,0.9226,0.4342,2.4735,0.3432,0.4693,2.3827
108.00,0.6743,0.5484,2.4793,0.8148,0.5123,2.5705,0.2472,0.5570,2.4797
108.50,0.5702,0.6263,2.5024,0.7016,0.5810,2.6059,0.1855,0.6234,2.5134
109.00,0.4656,0.7033,2.5122,0.5849,0.6499,2.6173,0.0882,0.7076,2.5221
109.50,0.3710,0.7762,2.4356,0.4790,0.7139,2.5540,0.0043,0.7764,2.4545
110.00,0.3061,0.8416,2.2443,0.4096,0.7684,2.3726,-0.0600,0.8369,2.2697
110.50,0.2499,0.9291,2.0071,0.3427,0.8499,2.1403,-0.1151,0.9300,2.0346
111.00,0.2024,1.0457,1.7515,0.2874,0.9668,1.8864,-0.1605,1.0465,1.7791
111.50,0.1653,1.1736,1.4888,0.2625,1.1040,1.6172,-0.1772,1.1755,1.5099
112.00,0.1668,1.3020,1.3564,0.2666,1.2382,1.4746,-0.1944,1.2984,1.3708
112.50,0.1902,1.4277,1.2619,0.2844,1.3668,1.3827,-0.1775,1.4245,1.2789
113.00,0.2260,1.5493,1.1634,0.3140,1.4875,1.2835,-0.1457,1.5415,1.1761
113.50,0.2768,1.6680,1.1606,0.3526,1.6105,1.2690,-0.1040,1.6696,1.1617
114.00,0.3281,1.7874,1.1627,0.3935,1.7446,1.2755,-0.0489,1.7885,1.1717
114.50,0.3751,1.9082,1.2530,0.4300,1.8755,1.3507,0.0009,1.9050,1.2434
115.00,0.4127,2.0334,1.3215,0.4531,2.0133,1.4370,0.0343,2.0396,1.3311
115.50,0.4495,2.1587,1.2736,0.4727,2.1438,1.3952,0.0714,2.1573,1.2844
116.00,0.4954,2.2814,1.1911,0.5013,2.2764,1.3149,0.1144,2.2800,1.2041
116.50,0.5353,2.3725,1.1820,0.5298,2.3764,1.2940,0.1538,2.3722,1.1832
117.00,0.5511,2.4060,1.2230,0.5413,2.4193,1.3363,0.1700,2.4135,1.2255
117.50,0.5502,2.4061,1.2658,0.5415,2.4202,1.3798,0.1703,2.4144,1.2690
118.00,0.5449,2.4061,1.3099,0.5407,2.4154,1.4247,0.1690,2.4097,1.3139
118.50,0.5391,2.4061,1.3554,0.5401,2.4105,1.4716,0.1679,2.4049,1.3607
119.00,0.5328,2.4061,1.4024,0.5396,2.4035,1.5186,0.1666,2.3980,1.4078
119.50,0.5260,2.4060,1.4510,0.5395,2.3979,1.5680,0.1658,2.3924,1.4572
120.00,0.5188,2.4060,1.5013,0.5397,2.3896,1.6191,0.1651,2.3842,1.5083
120.50,0.5111,2.4060,1.5535,0.5402,2.3825,1.6719,0.1648,2.3771,1.5611
121.00,0.5031,2.4060,1.6069,0.5400,2.3833,1.7262,0.1648,2.3778,1.6154
121.50,0.4956,2.4060,1.6584,0.5383,2.3927,1.7788,0.1641,2.3874,1.6680
122.00,0.4885,2.4060,1.7081,0.5364,2.4007,1.8299,0.1631,2.3956,1.7191
122.50,0.4819,2.4061,1.7561,0.5349,2.4061,1.8788,0.1621,2.4011,1.7679
123.00,0.4758,2.4061,1.8025,0.5326,2.4125,1.9259,0.1607,2.4077,1.8151
123.50,0.4701,2.4061,1.8476,0.5309,2.4169,1.9720,0.1594,2.4123,1.8612
124.00,0.4650,2.4062,1.8912,0.5283,2.4226,2.0170,0.1575,2.4183,1.9062
124.50,0.4603,2.4062,1.9336,0.5259,2.4276,2.0601,0.1556,2.4235,1.9493
125.00,0.4562,2.4062,1.9749,0.5232,2.4325,2.1015,0.1534,2.4286,1.9907
125.50,0.4525,2.4063,2.0150,0.5208,2.4362,2.1420,0.1516,2.4326,2.0312
126.00,0.4493,2.4063,2.0540,0.5191,2.4388,2.1820,0.1501,2.4354,2.0712
126.50,0.4466,2.4064,2.0920,0.5172,2.4415,2.2203,0.1485,2.4383,2.1095
127.00,0.4443,2.4064,2.1290,0.5157,2.4433,2.2577,0.1473,2.4402,2.1469
127.50,0.4425,2.4065,2.1650,0.5142,2.4452,2.2946,0.1459,2.4422,2.1838
128.00,0.4412,2.4065,2.2001,0.5132,2.4463,2.3303,0.1451,2.4434,2.2195
128.50,0.4403,2.4066,2.2343,0.5126,2.4469,2.3653,0.1445,2.4442,2.2545
129.00,0.4398,2.4066,2.2676,0.5123,2.4472,2.3990,0.0815,2.4123,2.2707
129.50,0.4398,2.4067,2.3001,0.5120,2.4474,2.4323,0.0813,2.4125,2.3041
130.00,0.4398,2.4064,2.3333,0.5124,2.4471,2.4661,0.0817,2.4122,2.3379
130.50,0.4399,2.4063,2.3674,0.5125,2.4470,2.5011,0.0817,2.4121,2.3728
131.00,0.4403,2.4064,2.4009,0.5130,2.4466,2.5353,0.0822,2.4116,2.4070
131.50,0.4405,2.4064,2.4335,0.5134,2.4464,2.5686,0.0825,2.4114,2.4403
132.00,0.4405,2.4061,2.4665,0.5136,2.4462,2.6022,0.0828,2.4112,2.4739
132.50,0.4406,2.4054,2.5004,0.5143,2.4459,2.6363,0.0833,2.4107,2.5081
133.00,0.4406,2.4042,2.5352,0.5151,2.4454,2.6718,0.0841,2.4102,2.5436
133.50,0.4407,2.4026,2.5709,0.5162,2.4449,2.7083,0.0851,2.4095,2.5800
134.00,0.4407,2.4005,2.6075,0.5177,2.4443,2.7453,0.0865,2.4087,2.6171
134.50,0.4408,2.3979,2.6452,0.5207,2.4430,2.7832,0.0894,2.4071,2.6549
135.00,0.4408,2.3949,2.6838,0.5231,2.4422,2.8220,0.0916,2.4060,2.6938
135.50,0.4409,2.3913,2.7235,0.5277,2.4408,2.8627,0.0960,2.4040,2.7344
136.00,0.4409,2.3873,2.7644,0.5316,2.4398,2.9042,0.0997,2.4025,2.7759
136.50,0.4410,2.3829,2.8063,0.5359,2.4388,2.9465,0.1039,2.4010,2.8182
137.00,0.4410,2.3779,2.8496,0.5412,2.4379,2.9904,0.1091,2.3993,2.8622
137.50,0.4410,2.3745,2.8778,0.5448,2.4374,3.0229,0.1125,2.3984,2.8946
138.00,0.4410,2.3736,2.8940,0.5453,2.4374,3.0359,0.1130,2.3983,2.9076
138.50,0.4411,2.3679,2.9399,0.5503,2.4369,3.0825,0.1180,2.3972,2.9542
139.00,0.4411,2.3615,2.9873,0.5560,2.4367,3.1308,0.1235,2.3963,3.0026
139.50,0.4411,2.3545,3.0364,0.5641,2.4369,-3.1031,0.0913,2.3732,3.0413
140.00,0.4411,2.3472,3.0873,0.5706,2.4373,-3.0519,0.0978,2.3728,3.0926
140.50,0.4411,2.3393,3.1401,0.5796,2.4383,-2.9985,0.1069,2.3726,-3.1372
141.00,0.4411,2.3314,-3.0901,0.5741,2.4374,-2.9445,0.1013,2.3724,-3.0832
141.50,0.4411,2.3240,-3.0391,0.5674,2.4359,-2.8923,0.0944,2.3718,-3.0310
142.00,0.4411,2.3171,-2.9900,0.5598,2.4338,-2.8423,0.0867,2.3708,-2.9810
142.50,0.4411,2.3106,-2.9425,0.5533,2.4316,-2.7945,0.0799,2.3695,-2.9333
143.00,0.4410,2.3046,-2.8964,0.5465,2.4290,-2.7477,0.0728,2.3679,-2.8865
143.50,0.4410,2.2992,-2.8518,0.5416,2.4268,-2.7026,0.0677,2.3664,-2.8413
144.00,0.4410,2.2942,-2.8085,0.5367,2.4243,-2.6591,0.0624,2.3646,-2.7979
144.50,0.4409,2.2897,-2.7665,0.5321,2.4219,-2.6159,0.0576,2.3628,-2.7546
145.00,0.4409,2.2856,-2.7256,0.5289,2.4199,-2.5744,0.0541,2.3613,-2.7131
145.50,0.4409,2.2821,-2.6858,0.5257,2.4178,-2.5340,0.0507,2.3596,-2.6727
146.00,0.4408,2.2790,-2.6471,0.5232,2.4159,-2.4944,0.0479,2.3582,-2.6332
146.50,0.4408,2.2764,-2.6094,0.5209,2.4141,-2.4557,0.0454,2.3567,-2.5945
147.00,0.4407,2.2743,-2.5727,0.5190,2.4125,-2.4187,0.0432,2.3554,-2.5574
147.50,0.4407,2.2727,-2.5370,0.5177,2.4114,-2.3817,0.0630,2.2827,-2.5309
148.00,0.4406,2.2714,-2.5021,0.5167,2.4104,-2.3467,0.0619,2.2819,-2.4959
148.50,0.4405,2.2707,-2.4682,0.5161,2.4098,-2.3117,0.0612,2.2813,-2.4609
149.00,0.4405,2.2704,-2.4351,0.5159,2.4094,-2.2780,0.0609,2.2811,-2.4272
149.50,0.4405,2.2704,-2.4026,0.5159,2.4095,-2.2453,0.0609,2.2811,-2.3945
150.00,0.4408,2.2704,-2.3692,0.5161,2.4097,-2.2114,0.0611,2.2813,-2.3606
150.50,0.4408,2.2706,-2.3350,0.5161,2.4097,-2.1765,0.0611,2.2813,-2.3257
151.00,0.4407,2.2710,-2.3018,0.5164,2.4102,-2.1427,0.0615,2.2818,-2.2919
151.50,0.4408,2.2711,-2.2693,0.5166,2.4106,-2.1089,0.0618,2.2820,-2.2581
152.00,0.4412,2.2711,-2.2360,0.5168,2.4108,-2.0752,0.0620,2.2823,-2.2244
152.50,0.4421,2.2712,-2.2019,0.5171,2.4114,-2.0402,0.0624,2.2828,-2.1894
153.00,0.4434,2.2713,-2.1668,0.5177,2.4127,-2.0040,0.0631,2.2840,-2.1532
153.50,0.4452,2.2713,-2.1308,0.5185,2.4145,-1.9674,0.0642,2.2856,-2.1166
154.00,0.4474,2.2714,-2.0939,0.5191,2.4161,-1.9302,0.0651,2.2872,-2.0794
154.50,0.4501,2.2714,-2.0560,0.5201,2.4190,-1.8919,0.0665,2.2899,-2.0411
155.00,0.4533,2.2715,-2.0170,0.5210,2.4218,-1.8529,0.0678,2.2925,-2.0021
155.50,0.4569,2.2715,-1.9770,0.5221,2.4258,-1.8124,0.0694,2.2963,-1.9616
156.00,0.4611,2.2715,-1.9358,0.5230,2.4297,-1.7708,0.0709,2.3001,-1.9200
156.50,0.4630,2.2422,-1.8131,0.5194,2.4047,-1.6624,0.0637,2.2758,-1.8116
157.00,0.4707,2.1495,-1.6432,0.5210,2.3159,-1.4787,0.0520,2.1878,-1.6279
157.50,0.4657,2.0224,-1.6495,0.5352,2.1915,-1.4652,0.0987,2.0425,-1.6325
158.00,0.4507,1.8941,-1.8340,0.5405,2.0601,-1.6331,0.0821,1.9121,-1.8032
158.50,0.4210,1.7727,-2.0072,0.5197,1.9348,-1.8212,0.0408,1.7921,-1.9983
159.00,0.3662,1.6562,-2.0289,0.4827,1.8061,-1.8576,0.0014,1.6720,-2.0278
159.50,0.3143,1.5371,-1.9252,0.4507,1.6786,-1.7570,-0.0420,1.5519,-1.9237
160.00,0.2715,1.4135,-1.8240,0.4307,1.5402,-1.6573,-0.0943,1.4285,-1.8310
160.50,0.2396,1.2865,-1.7736,0.4244,1.4012,-1.5960,-0.1213,1.2962,-1.7651
161.00,0.2181,1.1663,-1.7230,0.4241,1.2720,-1.5436,-0.1459,1.1704,-1.7173
161.50,0.2030,1.0996,-1.7635,0.4254,1.1969,-1.5796,-0.1566,1.1010,-1.7498
162.00,0.1955,1.0893,-1.8093,0.4250,1.1778,-1.6253,-0.1586,1.0823,-1.7990
162.50,0.1900,1.0893,-1.8541,0.4245,1.1720,-1.6703,-0.1600,1.0767,-1.8439
163.00,0.1849,1.0893,-1.8976,0.4239,1.1665,-1.7130,-0.1622,1.0871,-1.8867
163.50,0.1803,1.0892,-1.9398,0.4232,1.1622,-1.7555,-0.1637,1.0829,-1.9291
164.00,0.1762,1.0892,-1.9808,0.4225,1.1589,-1.7962,-0.1649,1.0798,-1.9698
164.50,0.1726,1.0892,-2.0208,0.4217,1.1557,-1.8350,-0.1662,1.0768,-2.0087
165.00,0.1749,1.0971,-2.0415,0.4228,1.1591,-1.8598,-0.1646,1.0800,-2.0334
165.50,0.1840,1.1149,-2.0415,0.4281,1.1771,-1.8588,-0.1562,1.0968,-2.0324
166.00,0.1931,1.1327,-2.0415,0.4336,1.1956,-1.8579,-0.1477,1.1140,-2.0316
166.50,0.2021,1.1506,-2.0415,0.4397,1.2162,-1.8571,-0.1381,1.1333,-2.0307
167.00,0.2112,1.1684,-2.0415,0.4460,1.2379,-1.8562,-0.1474,1.1732,-2.0333
167.50,0.2203,1.1862,-2.0415,0.4520,1.2584,-1.8549,-0.1378,1.1924,-2.0321
168.00,0.2294,1.2040,-2.0415,0.4579,1.2784,-1.8542,-0.1286,1.2110,-2.0313
168.50,0.2384,1.2219,-2.0415,0.4633,1.2971,-1.8536,-0.1199,1.2284,-2.0307
169.00,0.2475,1.2397,-2.0415,0.4693,1.3178,-1.8528,-0.1092,1.2430,-2.0334
169.50,0.2566,1.2575,-2.0415,0.4753,1.3385,-1.8520,-0.0996,1.2623,-2.0326
170.00,0.2656,1.2753,-2.0415,0.4807,1.3571,-1.8507,-0.0910,1.2797,-2.0313
170.50,0.2747,1.2932,-2.0415,0.4863,1.3768,-1.8502,-0.0819,1.2980,-2.0308
171.00,0.2838,1.3110,-2.0415,0.4923,1.3976,-1.8491,-0.0723,1.3174,-2.0297
171.50,0.2852,1.3137,-2.0415,0.4940,1.4036,-1.8483,-0.0760,1.3222,-2.0324
172.00,0.2852,1.3137,-2.0415,0.4940,1.4036,-1.8480,-0.0760,1.3222,-2.0321
172.50,0.2852,1.3137,-2.0415,0.4940,1.4036,-1.8479,-0.0760,1.3222,-2.0320
173.00,0.2852,1.3137,-2.0415,0.4940,1.4036,-1.8472,-0.0760,1.3222,-2.0313
173.50,0.2852,1.3137,-2.0415,0.4940,1.4036,-1.8467,-0.0760,1.3222,-2.0307
174.00,0.2863,1.3138,-2.0148,0.4941,1.4042,-1.8288,-0.0757,1.3227,-2.0129
174.50,0.2950,1.3139,-1.8474,0.4956,1.4122,-1.6748,-0.0728,1.3303,-1.8589
175.00,0.3122,1.3140,-1.6068,0.4952,1.4297,-1.4374,-0.0700,1.3476,-1.6215
175.50,0.3357,1.3140,-1.3889,0.4993,1.4173,-1.2039,-0.0682,1.3347,-1.3880
176.00,0.3403,1.3140,-1.3540,0.5021,1.4109,-1.1571,-0.0666,1.3279,-1.3412
176.50,0.3403,1.3140,-1.3540,0.5021,1.4109,-1.1561,-0.0666,1.3279,-1.3402
177.00,0.3389,1.3205,-1.3540,0.5000,1.4159,-1.1558,-0.0678,1.3332,-1.3399
177.50,0.3357,1.3352,-1.3540,0.4943,1.4288,-1.1553,-0.0711,1.3470,-1.3394
178.00,0.3324,1.3498,-1.3540,0.4878,1.4434,-1.1545,-0.0747,1.3624,-1.3386
178.50,0.3292,1.3645,-1.3540,0.4814,1.4579,-1.1543,-0.0163,1.3681,-1.3454
179.00,0.3260,1.3791,-1.3540,0.4754,1.4716,-1.1537,-0.0196,1.3826,-1.3448
179.50,0.3228,1.3938,-1.3540,0.4692,1.4855,-1.1534,-0.0230,1.3974,-1.3445
180.00,0.3195,1.4084,-1.3540,0.4622,1.5014,-1.1531,-0.0269,1.4144,-1.3441
180.50,0.3163,1.4231,-1.3540,0.4559,1.5155,-1.1527,-0.0304,1.4295,-1.3438
181.00,0.3131,1.4377,-1.3540,0.4494,1.5300,-1.1524,-0.0340,1.4449,-1.3435
181.50,0.3099,1.4524,-1.3540,0.4431,1.5444,-1.1519,-0.0568,1.4604,-1.3465
182.00,0.3066,1.4670,-1.3540,0.4377,1.5564,-1.1509,-0.0597,1.4733,-1.3455
182.50,0.3034,1.4817,-1.3540,0.4315,1.5702,-1.1501,-0.0631,1.4880,-1.3447
183.00,0.3002,1.4963,-1.3540,0.4260,1.5825,-1.1492,-0.0661,1.5011,-1.3437
183.50,0.2960,1.5154,-1.3540,0.4183,1.5997,-1.1489,-0.0704,1.5195,-1.3435
184.00,0.2917,1.5350,-1.3540,0.4108,1.6165,-1.1478,-0.0745,1.5374,-1.3424
184.50,0.2874,1.5545,-1.3540,0.4019,1.6362,-1.1474,-0.0686,1.5586,-1.3454
185.00,0.2858,1.5614,-1.3546,0.3979,1.6451,-1.1473,-0.0708,1.5681,-1.3454
185.50,0.2815,1.5614,-1.3990,0.3958,1.6501,-1.1877,-0.0719,1.5735,-1.3858
186.00,0.2748,1.5614,-1.4474,0.3933,1.6567,-1.2352,-0.0824,1.5706,-1.4367
186.50,0.2662,1.5465,-1.5434,0.3962,1.6463,-1.3192,-0.0815,1.5598,-1.5208
187.00,0.2480,1.4720,-1.7375,0.4061,1.5747,-1.5195,-0.0862,1.4876,-1.7210
187.50,0.2220,1.3487,-1.7595,0.4081,1.4468,-1.5597,-0.1300,1.3620,-1.7613
188.00,0.2035,1.2246,-1.5966,0.4163,1.3171,-1.4169,-0.1482,1.2309,-1.6139
188.50,0.1943,1.0975,-1.3503,0.4500,1.2032,-1.1621,-0.1450,1.1160,-1.3584
189.00,0.2093,0.9769,-1.1262,0.5142,1.0882,-0.9423,-0.1336,0.9902,-1.1439
189.50,0.2608,0.8744,-0.9014,0.5923,1.0032,-0.7156,-0.1027,0.8876,-0.9125
190.00,0.3444,0.7851,-0.7066,0.6960,0.9282,-0.5204,-0.0323,0.7898,-0.7185
190.50,0.4305,0.7281,-0.4924,0.7887,0.8877,-0.3028,0.0583,0.7393,-0.4997
191.00,0.5499,0.6820,-0.2925,0.9186,0.8598,-0.1048,0.1865,0.6851,-0.3017
191.50,0.6771,0.6448,-0.1186,1.0516,0.8585,0.0801,0.2994,0.6620,-0.1180
192.00,0.8065,0.6272,-0.0957,1.1810,0.8732,0.1232,0.4282,0.6357,-0.0800
192.50,0.9354,0.6086,-0.1581,1.3150,0.8848,0.0562,0.5488,0.6207,-0.1529
193.00,1.0634,0.5816,-0.1958,1.4484,0.8905,0.0235,0.6775,0.5985,-0.1846
193.50,1.1903,0.5503,-0.2202,1.5774,0.8905,-0.0111,0.7934,0.5695,-0.2220
194.00,1.3181,0.5276,-0.1565,1.7051,0.8934,0.0569,0.9180,0.5399,-0.1505
194.50,1.4462,0.5037,-0.1876,1.8376,0.8994,0.0265,1.0422,0.5205,-0.1844
195.00,1.5743,0.4835,-0.1539,1.9688,0.9052,0.0638,1.1713,0.4993,-0.1471
195.50,1.7024,0.4595,-0.1874,2.1011,0.9117,0.0292,1.2935,0.4778,-0.1834
196.00,1.8306,0.4393,-0.1504,2.2333,0.9181,0.0706,1.4227,0.4563,-0.1417
196.50,1.9583,0.4148,-0.2309,2.3693,0.9238,-0.0063,1.5365,0.4343,-0.2224
197.00,2.0846,0.3831,-0.2447,2.5044,0.9212,-0.0262,1.6475,0.4028,-0.2420
197.50,2.2102,0.3485,-0.2914,2.6292,0.9165,-0.0679,1.7810,0.3716,-0.2840
198.00,2.3348,0.3121,-0.2817,2.7642,0.9072,-0.0591,1.9309,0.3336,-0.2752
198.50,2.4591,0.2707,-0.3207,2.8999,0.8975,-0.0925,2.0313,0.2950,-0.3086
199.00,2.5714,0.2322,-0.3259,3.0273,0.8848,-0.1012,2.1572,0.2557,-0.3243
199.50,2.6292,0.2127,-0.3259,3.0963,0.8777,-0.1004,2.2271,0.2335,-0.3234
200.00,2.6358,0.2105,-0.3259,3.1070,0.8767,-0.0995,2.2291,0.2301,-0.3225
200.50,2.6358,0.2105,-0.3259,3.1070,0.8767,-0.0989,2.2291,0.2301,-0.3220
201.00,2.6404,0.2096,-0.3136,3.1100,0.8764,-0.0918,2.2320,0.2292,-0.3149
201.50,2.6945,0.2098,-0.1754,3.1589,0.8749,0.0360,2.2793,0.2169,-0.1871
202.00,2.8093,0.2052,-0.1059,3.2666,0.8852,0.1243,2.4066,0.2228,-0.0953
202.50,2.9229,0.1870,-0.2156,3.3833,0.8967,0.0317,2.5012,0.2189,-0.1914
203.00,3.0410,0.1593,-0.4286,3.4993,0.8882,-0.1831,2.6302,0.1815,-0.4131
203.50,3.1562,0.1060,-0.5119,3.6204,0.8582,-0.2817,2.7552,0.1384,-0.5082
204.00,3.2706,0.0452,-0.4508,3.7487,0.8226,-0.2350,2.8463,0.0749,-0.4601
204.50,3.3892,-0.0069,-0.3136,3.8772,0.7998,-0.1035,2.9823,0.0239,-0.3266
205.00,3.5158,-0.0492,-0.1556,4.0184,0.7981,0.0655,3.1096,-0.0090,-0.1562
205.50,3.6444,-0.0713,-0.1676,4.1473,0.8089,0.0729,3.2377,-0.0368,-0.1502
206.00,3.7709,-0.0988,-0.2963,4.2793,0.8107,-0.0553,3.3509,-0.0680,-0.2854
206.50,3.8942,-0.1362,-0.3357,4.4016,0.8002,-0.1058,3.4935,-0.1020,-0.3358
207.00,4.0180,-0.1743,-0.2760,4.5356,0.7888,-0.0503,3.6112,-0.1441,-0.2748
207.50,4.1431,-0.2101,-0.2884,4.6695,0.7828,-0.0572,3.7404,-0.1696,-0.2803
208.00,4.2678,-0.2465,-0.2844,4.7998,0.7755,-0.0549,3.8542,-0.2153,-0.2800
208.50,4.3927,-0.2828,-0.2858,4.9315,0.7685,-0.0562,3.9829,-0.2511,-0.2863
209.00,4.5165,-0.3248,-0.3522,5.0646,0.7584,-0.1137,4.1142,-0.2874,-0.3367
209.50,4.6370,-0.3756,-0.4036,5.1935,0.7390,-0.1731,4.2316,-0.3388,-0.3997
210.00,4.7575,-0.4234,-0.3501,5.3209,0.7184,-0.1270,4.3552,-0.3875,-0.3501
210.50,4.8803,-0.4650,-0.3315,5.4458,0.7047,-0.1024,4.4701,-0.4280,-0.3289
211.00,5.0032,-0.5075,-0.3482,5.5747,0.6918,-0.1125,4.5986,-0.4656,-0.3356
211.50,5.1244,-0.5569,-0.3836,5.7035,0.6740,-0.1527,4.7143,-0.5155,-0.3758
212.00,5.2459,-0.6015,-0.3379,5.8346,0.6559,-0.1094,4.8482,-0.5624,-0.3339
212.50,5.3678,-0.6475,-0.3999,5.9659,0.6400,-0.1551,4.9726,-0.6070,-0.3782
213.00,5.4846,-0.7023,-0.5114,6.0874,0.6139,-0.2694,5.0872,-0.6592,-0.4974
213.50,5.5927,-0.7685,-0.6754,6.2068,0.5719,-0.4295,5.1821,-0.7272,-0.6561
214.00,5.6877,-0.8570,-0.8399,6.3213,0.5087,-0.5922,5.2896,-0.8101,-0.8223
214.50,5.7700,-0.9579,-0.9208,6.4286,0.4278,-0.6857,5.3858,-0.9173,-0.9192
215.00,5.8461,-1.0630,-0.9832,6.5277,0.3440,-0.7371,5.4623,-1.0121,-0.9637
215.50,5.9143,-1.1736,-1.0342,6.6240,0.2489,-0.8010,5.5253,-1.1361,-1.0346
216.00,5.9716,-1.2676,-1.0350,6.7039,0.1679,-0.7961,5.5901,-1.2235,-1.0261
216.50,5.9969,-1.3098,-1.0720,6.7407,0.1291,-0.8331,5.6211,-1.2697,-1.0632
217.00,5.9972,-1.3118,-1.1104,6.7435,0.1261,-0.8713,5.6232,-1.2733,-1.1014
217.50,5.9937,-1.3118,-1.1500,6.7413,0.1289,-0.9098,5.6216,-1.2699,-1.1399
218.00,5.9897,-1.3117,-1.1908,6.7393,0.1316,-0.9503,5.6203,-1.2669,-1.1804
218.50,5.9853,-1.3117,-1.2327,6.7364,0.1358,-0.9919,5.6185,-1.2621,-1.2220
219.00,5.9804,-1.3117,-1.2758,6.7338,0.1401,-1.0343,5.6169,-1.2574,-1.2644
219.50,5.9749,-1.3116,-1.3203,6.7317,0.1437,-1.0776,5.6157,-1.2533,-1.3077
220.00,5.9690,-1.3116,-1.3661,6.7292,0.1487,-1.1221,5.6143,-1.2479,-1.3522
220.50,5.9626,-1.3116,-1.4135,6.7264,0.1548,-1.1690,5.6131,-1.2414,-1.3991
221.00,5.9596,-1.3116,-1.4292,6.7249,0.1586,-1.1950,5.6124,-1.2374,-1.4250
221.50,5.9654,-1.3116,-1.3814,6.7272,0.1532,-1.1462,5.6135,-1.2431,-1.3762
222.00,5.9715,-1.3116,-1.3351,6.7295,0.1484,-1.0988,5.6146,-1.2483,-1.3289
222.50,5.9770,-1.3116,-1.2902,6.7321,0.1436,-1.0523,5.6160,-1.2536,-1.2823
223.00,5.9821,-1.3117,-1.2466,6.7354,0.1381,-1.0083,5.6180,-1.2597,-1.2384
223.50,5.9867,-1.3117,-1.2043,6.7376,0.1347,-0.9652,5.6194,-1.2635,-1.1953
224.00,5.9909,-1.3117,-1.1632,6.7398,0.1316,-0.9236,5.6208,-1.2670,-1.1536
224.50,5.9945,-1.3118,-1.1232,6.7418,0.1291,-0.8832,5.6222,-1.2699,-1.1133
225.00,5.9977,-1.3118,-1.0842,6.7443,0.1262,-0.8433,5.6239,-1.2733,-1.0734
225.50,6.0004,-1.3119,-1.0464,6.7461,0.1242,-0.8046,5.6252,-1.2756,-1.0346
226.00,6.0026,-1.3119,-1.0094,6.7474,0.1229,-0.7669,5.6263,-1.2772,-0.9970
226.50,6.0043,-1.3120,-0.9735,6.7494,0.1211,-0.7301,5.6277,-1.2794,-0.9602
227.00,6.0056,-1.3120,-0.9385,6.7505,0.1201,-0.6947,5.6286,-1.2806,-0.9248
227.50,6.0065,-1.3121,-0.9044,6.7508,0.1199,-0.6603,5.6288,-1.2810,-0.8904
228.00,6.0069,-1.3121,-0.8711,6.7512,0.1196,-0.6264,5.6291,-1.2813,-0.8564
228.50,6.0069,-1.3122,-0.8386,6.7512,0.1196,-0.5934,5.6291,-1.2813,-0.8234
229.00,6.0069,-1.3119,-0.8054,6.7510,0.1197,-0.5593,5.6290,-1.2812,-0.7893
229.50,6.0068,-1.3119,-0.7712,6.7510,0.1197,-0.5247,5.6290,-1.2812,-0.7547
230.00,6.0063,-1.3119,-0.7378,6.7506,0.1199,-0.4906,5.6286,-1.2809,-0.7207
230.50,6.0062,-1.3119,-0.7053,6.7507,0.1199,-0.4575,5.6287,-1.2809,-0.6876
231.00,6.0062,-1.3116,-0.6722,6.7503,0.1200,-0.4237,5.6284,-1.2807,-0.6537
231.50,6.0061,-1.3108,-0.6382,6.7496,0.1203,-0.3892,5.6278,-1.2802,-0.6193
232.00,6.0060,-1.3096,-0.6033,6.7486,0.1207,-0.3541,5.6269,-1.2796,-0.5842
232.50,6.0060,-1.3079,-0.5676,6.7463,0.1215,-0.3182,5.6248,-1.2783,-0.5482
233.00,6.0059,-1.3058,-0.5308,6.7438,0.1223,-0.2811,5.6226,-1.2770,-0.5112
233.50,6.0059,-1.3032,-0.4931,6.7412,0.1230,-0.2433,5.6202,-1.2757,-0.4734
234.00,6.0059,-1.3001,-0.4544,6.7386,0.1236,-0.2040,5.6178,-1.2745,-0.4340
234.50,6.0058,-1.2965,-0.4145,6.7350,0.1243,-0.1639,5.6144,-1.2730,-0.3939
235.00,6.0058,-1.2925,-0.3736,6.7305,0.1249,-0.1224,5.6102,-1.2714,-0.3524
235.50,6.0057,-1.2880,-0.3315,6.7264,0.1254,-0.0799,5.6063,-1.2700,-0.3099
236.00,6.0057,-1.2829,-0.2882,6.7209,0.1257,-0.0361,5.6010,-1.2685,-0.2661
236.50,6.0057,-1.2791,-0.2504,6.7167,0.1257,0.0018,5.5969,-1.2674,-0.2283
237.00,6.0056,-1.2732,-0.2045,6.7113,0.1256,0.0486,5.5917,-1.2663,-0.1814
237.50,6.0056,-1.2668,-0.1572,6.7040,0.1251,0.0963,5.5844,-1.2652,-0.1337
238.00,6.0056,-1.2599,-0.1082,6.6962,0.1242,0.1454,5.5767,-1.2643,-0.0846
238.50,6.0056,-1.2525,-0.0575,6.6887,0.1229,0.1964,5.6195,-1.2188,-0.0581
239.00,6.0056,-1.2447,-0.0048,6.6797,0.1209,0.2494,5.6104,-1.2185,-0.0051
239.50,6.0056,-1.2368,0.0483,6.6836,0.1220,0.3034,5.6145,-1.2184,0.0489
240.00,6.0056,-1.2294,0.0994,6.6905,0.1243,0.3555,5.6217,-1.2178,0.1010
240.50,6.0056,-1.2224,0.1487,6.6976,0.1272,0.4055,5.6293,-1.2169,0.1510
241.00,6.0056,-1.2159,0.1963,6.7040,0.1301,0.4536,5.6362,-1.2157,0.1991
241.50,6.0057,-1.2099,0.2424,6.7093,0.1328,0.5003,5.6421,-1.2143,0.2458
242.00,6.0057,-1.2044,0.2871,6.7139,0.1355,0.5462,5.6472,-1.2129,0.2917
242.50,6.0057,-1.1994,0.3304,6.7184,0.1384,0.5902,5.6522,-1.2113,0.3358
243.00,6.0058,-1.1948,0.3726,6.7223,0.1411,0.6327,5.6567,-1.2096,0.3782
243.50,6.0058,-1.1908,0.4135,6.7263,0.1442,0.6746,5.6613,-1.2077,0.4201
244.00,6.0058,-1.1872,0.4534,6.7291,0.1464,0.7155,5.6646,-1.2061,0.4610
244.50,6.0059,-1.1841,0.4921,6.7312,0.1483,0.7548,5.6671,-1.2048,0.5003
245.00,6.0059,-1.1815,0.5299,6.7334,0.1505,0.7927,5.6698,-1.2033,0.5382
245.50,6.0060,-1.1793,0.5667,6.7347,0.1518,0.8297,5.6206,-1.1411,0.5682
246.00,6.0060,-1.1777,0.6025,6.7361,0.1535,0.8662,5.6225,-1.1399,0.6048
246.50,6.0061,-1.1764,0.6373,6.7369,0.1544,0.9020,5.6235,-1.1392,0.6405
247.00,6.0062,-1.1756,0.6713,6.7373,0.1549,0.9368,5.6240,-1.1388,0.6754
247.50,6.0062,-1.1753,0.7044,6.7374,0.1551,0.9704,5.6242,-1.1387,0.7090
248.00,6.0062,-1.1753,0.7370,6.7374,0.1551,1.0032,5.6241,-1.1387,0.7417
248.50,6.0168,-1.1647,0.8016,6.7431,0.1646,1.0598,5.6320,-1.1310,0.7983
249.00,6.0629,-1.1072,0.9522,6.7727,0.2286,1.2109,5.6713,-1.0768,0.9495
249.50,6.1286,-1.0021,1.0133,6.8099,0.3441,1.2863,5.7426,-0.9745,1.0192
250.00,6.1989,-0.8922,0.9872,6.8476,0.4711,1.2665,5.8121,-0.8617,0.9945
250.50,6.2751,-0.7856,0.9308,6.8899,0.5945,1.2133,5.8761,-0.7543,0.9449
251.00,6.3564,-0.6834,0.8875,6.9399,0.7172,1.1624,5.9767,-0.6491,0.8905
251.50,6.4368,-0.5815,0.9125,6.9908,0.8385,1.1878,6.0426,-0.5462,0.9179
252.00,6.5172,-0.4793,0.9041,7.0411,0.9615,1.1768,6.1311,-0.4410,0.9066
252.50,6.5957,-0.3759,0.9237,7.0904,1.0852,1.2019,6.2012,-0.3399,0.9317
253.00,6.6756,-0.2731,0.8961,7.1376,1.2035,1.1791,6.2796,-0.2384,0.9071
253.50,6.7602,-0.1743,0.8371,7.1905,1.3207,1.1161,6.3617,-0.1395,0.8414
254.00,6.8487,-0.0788,0.8134,7.2522,1.4426,1.0904,6.4526,-0.0390,0.8168
254.50,6.9363,0.0169,0.8490,7.3106,1.5589,1.1260,6.5398,0.0546,0.8551
255.00,7.0212,0.1154,0.8667,7.3671,1.6807,1.1456,6.6265,0.1552,0.8719
255.50,7.1067,0.2134,0.8396,7.4229,1.8008,1.1201,6.7143,0.2558,0.8454
256.00,7.1931,0.3101,0.8421,7.4800,1.9188,1.1221,6.7983,0.3535,0.8485
256.50,7.2554,0.3785,0.8104,7.5241,2.0080,1.0939,6.8649,0.4275,0.8202
257.00,7.2761,0.4001,0.7763,7.5420,2.0417,1.0605,6.8908,0.4455,0.7834
257.50,7.2764,0.4002,0.7427,7.5424,2.0424,1.0278,6.8914,0.4461,0.7506
258.00,7.2765,0.4002,0.7102,7.5425,2.0426,0.9959,6.8915,0.4462,0.7187
258.50,7.2764,0.3999,0.6772,7.5422,2.0423,0.9628,6.8912,0.4460,0.6857
259.00,7.2764,0.3992,0.6434,7.5418,2.0417,0.9299,6.8906,0.4455,0.6527
259.50,7.2763,0.3981,0.6087,7.5411,2.0408,0.8958,6.8897,0.4449,0.6186
260.00,7.2763,0.3964,0.5730,7.5397,2.0391,0.8607,6.8879,0.4436,0.5835
260.50,7.2763,0.3967,0.5826,7.5395,2.0389,0.8635,6.8877,0.4435,0.5863
261.00,7.2763,0.3982,0.6180,7.5407,2.0403,0.8994,6.8892,0.4445,0.6222
261.50,7.2764,0.3993,0.6525,7.5414,2.0412,0.9341,6.8901,0.4452,0.6569
262.00,7.2764,0.3999,0.6861,7.5416,2.0415,0.9682,6.8904,0.4454,0.6910
262.50,7.2765,0.4000,0.7188,7.5418,2.0418,1.0014,6.8907,0.4457,0.7242
263.00,7.2763,0.4000,0.7516,7.5417,2.0416,1.0347,6.8905,0.4455,0.7576
263.50,7.2761,0.3999,0.7855,7.5415,2.0412,1.0692,6.8902,0.4452,0.7920
264.00,7.2797,0.4032,0.8295,7.5423,2.0429,1.1082,6.8914,0.4465,0.8310
264.50,7.3132,0.4470,0.9767,7.5618,2.0895,1.2421,6.9227,0.4863,0.9628
265.00,7.3581,0.5484,1.1411,7.5857,2.1932,1.4199,6.9746,0.5892,1.1428
265.50,7.4042,0.6621,1.1658,7.6007,2.3192,1.4608,7.0133,0.7064,1.1802
266.00,7.4395,0.7253,1.0721,7.6119,2.4012,1.3795,7.0462,0.7823,1.0918
266.50,7.4840,0.7832,0.8947,7.6317,2.4720,1.2094,7.0848,0.8331,0.9177
267.00,7.5714,0.8742,0.7296,7.6856,2.5812,1.0332,7.1777,0.9140,0.7400
267.50,7.6620,0.9507,0.6893,7.7551,2.6894,0.9797,7.2756,0.9974,0.6885
268.00,7.7085,0.9901,0.7217,7.7936,2.7478,1.0102,7.3095,1.0320,0.7226
268.50,7.7135,0.9947,0.7547,7.7991,2.7565,1.0437,7.3172,1.0387,0.7561
269.00,7.7134,0.9946,0.7887,7.7990,2.7563,1.0783,7.3171,1.0386,0.7906
269.50,7.7134,0.9943,0.8224,7.7988,2.7560,1.1129,7.3168,1.0384,0.8252
270.00,7.7135,0.9940,0.8551,7.7987,2.7557,1.1463,7.3166,1.0381,0.8587
270.50,7.7133,0.9940,0.8879,7.7986,2.7555,1.1795,7.3165,1.0380,0.8919
271.00,7.7126,0.9939,0.9216,7.7984,2.7548,1.2137,7.3160,1.0374,0.9261
271.50,7.7115,0.9939,0.9562,7.7982,2.7542,1.2486,7.3157,1.0369,0.9610
272.00,7.7100,0.9938,0.9917,7.7978,2.7532,1.2848,7.3150,1.0359,0.9972
272.50,7.7080,0.9937,1.0281,7.7971,2.7507,1.3214,7.3137,1.0338,1.0338
273.00,7.7056,0.9937,1.0655,7.7964,2.7476,1.3596,7.3121,1.0310,1.0720
273.50,7.7026,0.9937,1.1039,7.7959,2.7449,1.3984,7.3108,1.0286,1.1107
274.00,7.6992,0.9936,1.1434,7.7955,2.7423,1.4383,7.3097,1.0262,1.1507
274.50,7.6954,0.9936,1.1840,7.7951,2.7391,1.4795,7.3085,1.0232,1.1919
275.00,7.6910,0.9935,1.2257,7.7948,2.7351,1.5213,7.3071,1.0195,1.2337
275.50,7.6861,0.9935,1.2686,7.7947,2.7299,1.5652,7.3054,1.0145,1.2776
276.00,7.6825,1.0127,1.3478,7.7942,2.7415,1.6423,7.3082,1.0257,1.3547
276.50,7.6913,1.0924,1.4050,7.7863,2.8158,1.7023,7.3217,1.0993,1.4146
277.00,7.6970,1.2191,1.5311,7.7620,2.9416,1.8250,7.3136,1.2670,1.5254
277.50,7.6936,1.3489,1.6745,7.7214,3.0645,1.9647,7.3011,1.3864,1.6666
278.00,7.6812,1.4765,1.8617,7.6619,3.1807,2.1457,7.2845,1.5150,1.8497
278.50,7.6513,1.5963,2.0668,7.5874,3.2739,2.3534,7.2546,1.6258,2.0588
279.00,7.5887,1.7053,2.2178,7.4841,3.3623,2.5074,7.1974,1.7506,2.2114
279.50,7.5054,1.8038,2.3321,7.3705,3.4360,2.6272,7.1144,1.8443,2.3326
280.00,7.4139,1.8960,2.3564,7.2575,3.4960,2.6610,7.0335,1.9344,2.3643
280.50,7.3224,1.9883,2.3464,7.1478,3.5537,2.6530,6.9352,2.0213,2.3514
281.00,7.2402,2.0739,2.3381,7.0354,3.6149,2.6393,6.8502,2.1173,2.3391
281.50,7.1974,2.1172,2.3723,6.9750,3.6469,2.6737,6.8081,2.1618,2.3756
282.00,7.1927,2.1221,2.4056,6.9637,3.6525,2.7076,6.7989,2.1705,2.4095
282.50,7.1928,2.1221,2.4382,6.9641,3.6523,2.7408,6.7993,2.1702,2.4427
283.00,7.1928,2.1218,2.4713,6.9644,3.6523,2.7740,6.7995,2.1701,2.4759
283.50,7.1929,2.1210,2.5053,6.9654,3.6519,2.8085,6.8004,2.1694,2.5104
284.00,7.1929,2.1197,2.5402,6.9663,3.6516,2.8442,6.8012,2.1689,2.5461
284.50,7.1930,2.1180,2.5761,6.9680,3.6512,2.8804,6.8026,2.1680,2.5823
285.00,7.1930,2.1158,2.6128,6.9705,3.6506,2.9182,6.8048,2.1666,2.6201
285.50,7.1931,2.1132,2.6506,6.9732,3.6500,2.9566,6.8073,2.1653,2.6585
286.00,7.1931,2.1101,2.6894,6.9761,3.6495,2.9958,6.8100,2.1640,2.6977
286.50,7.1932,2.1065,2.7293,6.9798,3.6490,3.0368,6.8133,2.1624,2.7387
287.00,7.1932,2.1025,2.7703,6.9843,3.6487,3.0776,6.8175,2.1608,2.7795
287.50,7.1933,2.0979,2.8125,6.9887,3.6485,3.1200,6.8216,2.1593,2.8219
288.00,7.1933,2.0929,2.8559,6.9938,3.6485,-3.1198,6.8265,2.1578,2.8653
288.50,7.1933,2.0873,2.9006,6.9986,3.6487,-3.0746,6.8311,2.1566,2.9105
289.00,7.1933,2.0813,2.9467,7.0051,3.6493,-3.0273,6.8376,2.1553,2.9578
289.50,7.1934,2.0748,2.9944,7.0117,3.6502,-2.9787,6.8442,2.1542,3.0064
290.00,7.1934,2.0678,3.0437,7.0182,3.6515,-2.9292,6.8507,2.1535,3.0558
290.50,7.1934,2.0604,3.0949,7.0261,3.6534,-2.8772,6.8588,2.1530,3.1079
291.00,7.1934,2.0525,-3.1352,7.0354,3.6562,-2.8234,6.8686,2.1529,-3.1215
291.50,7.1934,2.0447,-3.0825,7.0273,3.6533,-2.7700,6.8599,2.1526,-3.0681
292.00,7.1934,2.0373,-3.0319,7.0208,3.6505,-2.7185,6.8529,2.1518,-3.0166
292.50,7.1934,2.0305,-2.9829,7.0148,3.6477,-2.6688,6.8464,2.1508,-2.9669
293.00,7.1933,2.0241,-2.9356,7.0090,3.6445,-2.6209,6.8399,2.1496,-2.9190
293.50,7.1933,2.0182,-2.8898,7.0041,3.6415,-2.5748,6.8343,2.1482,-2.8729
294.00,7.1933,2.0128,-2.8454,6.9992,3.6383,-2.5301,6.8287,2.1465,-2.8282
294.50,7.1932,2.0078,-2.8023,6.9956,3.6357,-2.4861,6.8245,2.1450,-2.7842
295.00,7.1932,2.0034,-2.7604,6.9920,3.6328,-2.4437,6.8202,2.1433,-2.7418
295.50,7.1932,1.9994,-2.7197,6.9892,3.6303,-2.4022,6.8168,2.1418,-2.7003
296.00,7.1931,1.9960,-2.6801,6.9866,3.6278,-2.3615,6.8136,2.1402,-2.6596
296.50,7.1931,1.9930,-2.6415,6.9846,3.6257,-2.3225,6.8110,2.1388,-2.6206
297.00,7.1930,1.9905,-2.6040,6.9828,3.6237,-2.2841,6.8087,2.1374,-2.5822
297.50,7.1930,1.9884,-2.5674,6.9813,3.6219,-2.2470,6.8068,2.1361,-2.5451
298.00,7.1929,1.9868,-2.5318,6.9802,3.6206,-2.2106,6.8053,2.1351,-2.5087
298.50,7.1929,1.9857,-2.4971,6.9795,3.6196,-2.1755,6.8044,2.1344,-2.4736
299.00,7.1928,1.9850,-2.4633,6.9791,3.6190,-2.1408,6.8038,2.1339,-2.4389
299.50,7.1928,1.9847,-2.4304,6.9790,3.6188,-2.1070,6.8036,2.1338,-2.4051
300.00,7.1928,1.9847,-2.3978,6.9789,3.6186,-2.0738,6.8035,2.1336,-2.3719
300.50,7.1931,1.9848,-2.3642,6.9790,3.6189,-2.0393,6.8037,2.1339,-2.3374
301.00,7.1931,1.9850,-2.3301,6.9791,3.6191,-2.0044,6.8038,2.1340,-2.3026
301.50,7.1930,1.9854,-2.2970,6.9793,3.6196,-1.9706,6.8042,2.1344,-2.2687
302.00,7.1931,1.9855,-2.2489,6.9794,3.6197,-1.9282,6.8043,2.1345,-2.2264
302.50,7.1969,1.9857,-2.0932,6.9802,3.6227,-1.7817,6.8060,2.1371,-2.0798
303.00,7.2093,1.9859,-1.8926,6.9815,3.6353,-1.5832,6.8109,2.1488,-1.8813
303.50,7.2303,1.9861,-1.6685,6.9796,3.6541,-1.3573,6.8146,2.1673,-1.6554
304.00,7.2464,1.9861,-1.5593,6.9753,3.6692,-1.2314,6.8149,2.1830,-1.5295
304.50,7.2541,1.9861,-1.5068,6.9785,3.6610,-1.1780,6.8156,2.1743,-1.4761
305.00,7.2614,1.9861,-1.4563,6.9813,3.6546,-1.1261,6.8164,2.1673,-1.4242
305.50,7.2683,1.9860,-1.4075,6.9851,3.6471,-1.0770,6.8178,2.1591,-1.3751
306.00,7.2746,1.9860,-1.3604,6.9879,3.6422,-1.0288,6.8191,2.1535,-1.3269
306.50,7.2805,1.9860,-1.3147,6.9914,3.6367,-0.9831,6.8208,2.1473,-1.2812
307.00,7.2858,1.9860,-1.2704,6.9938,3.6332,-0.9381,6.8221,2.1432,-1.2362
307.50,7.2907,1.9859,-1.2275,6.9971,3.6290,-0.8944,6.8239,2.1382,-1.1926
308.00,7.2954,1.9836,-1.1801,7.0002,3.6253,-0.8495,6.8258,2.1338,-1.1476
308.50,7.3103,1.9393,-1.0411,7.0298,3.5959,-0.7162,6.8455,2.0970,-1.0143
309.00,7.3669,1.8464,-0.9524,7.1092,3.5345,-0.6217,6.9663,1.9065,-0.9513
309.50,7.4459,1.7442,-0.8645,7.2183,3.4641,-0.5285,7.0566,1.7945,-0.8580
310.00,7.5306,1.6456,-0.8694,7.3296,3.4005,-0.5233,7.1317,1.6987,-0.8598
310.50,7.6111,1.5442,-0.9247,7.4359,3.3357,-0.5737,7.2126,1.6025,-0.9137
311.00,7.6837,1.4406,-1.0484,7.5406,3.2616,-0.6845,7.2944,1.4975,-1.0210
311.50,7.7426,1.3536,-1.3062,7.6159,3.1850,-0.9322,7.3308,1.3908,-1.2757
312.00,7.7926,1.2392,-1.6219,7.6717,3.0802,-1.2477,7.3784,1.2834,-1.5947
312.50,7.8002,1.1111,-1.8239,7.6982,2.9535,-1.4612,7.3962,1.1652,-1.8068
313.00,7.7766,0.9891,-2.0155,7.7002,2.8259,-1.6555,7.3689,1.0492,-2.0025
313.50,7.7215,0.8750,-2.1121,7.6825,2.7045,-1.7619,7.3386,0.9330,-2.1019
314.00,7.6531,0.7663,-2.1896,7.6521,2.5750,-1.8425,7.2637,0.8187,-2.1842
314.50,7.5753,0.6620,-2.2330,7.6146,2.4515,-1.8888,7.1919,0.7144,-2.2260
315.00,7.4934,0.5607,-2.2603,7.5734,2.3322,-1.9183,7.1193,0.6201,-2.2548
315.50,7.4113,0.4600,-2.2478,7.5288,2.2085,-1.9087,7.0260,0.5126,-2.2434
316.00,7.3314,0.3579,-2.2228,7.4857,2.0820,-1.8831,6.9540,0.4097,-2.2178
316.50,7.2670,0.2751,-2.2467,7.4489,1.9693,-1.9011,6.8800,0.3201,-2.2383
317.00,7.2399,0.2425,-2.2798,7.4308,1.9185,-1.9334,6.8495,0.2855,-2.2711
317.50,7.2393,0.2416,-2.3123,7.4301,1.9166,-1.9654,6.8482,0.2839,-2.3031
318.00,7.2393,0.2412,-2.3459,7.4298,1.9159,-1.9979,6.8477,0.2833,-2.3355
318.50,7.2393,0.2411,-2.3800,7.4299,1.9159,-2.0317,6.8477,0.2833,-2.3694
319.00,7.2390,0.2410,-2.4132,7.4296,1.9154,-2.0641,6.8473,0.2829,-2.4018
319.50,7.2390,0.2411,-2.4457,7.4296,1.9154,-2.0962,6.8473,0.2829,-2.4339
320.00,7.2391,0.2415,-2.4790,7.4298,1.9157,-2.1285,6.8477,0.2832,-2.4661
320.50,7.2391,0.2424,-2.5132,7.4304,1.9166,-2.1622,6.8485,0.2838,-2.4999
321.00,7.2392,0.2438,-2.5484,7.4311,1.9176,-2.1967,6.8495,0.2845,-2.5344
321.50,7.2392,0.2456,-2.5844,7.4319,1.9187,-2.2316,6.8506,0.2853,-2.5692
322.00,7.2393,0.2479,-2.6214,7.4332,1.9202,-2.2681,6.8523,0.2863,-2.6058
322.50,7.2393,0.2506,-2.6594,7.4347,1.9220,-2.3051,6.8543,0.2874,-2.6427
323.00,7.2394,0.2538,-2.6985,7.4369,1.9243,-2.3435,6.8571,0.2889,-2.6812
323.50,7.2394,0.2575,-2.7386,7.4393,1.9267,-2.3836,6.8602,0.2904,-2.7212
324.00,7.2395,0.2617,-2.7799,7.4424,1.9295,-2.4247,6.8641,0.2920,-2.7623
324.50,7.2395,0.2664,-2.8223,7.4458,1.9323,-2.4667,6.8682,0.2935,-2.8043
325.00,7.2395,0.2715,-2.8660,7.4494,1.9351,-2.5094,6.8726,0.2950,-2.8471
325.50,7.2396,0.2772,-2.9111,7.4539,1.9383,-2.5536,6.8778,0.2965,-2.8912
326.00,7.2396,0.2833,-2.9575,7.4588,1.9414,-2.5993,6.8835,0.2978,-2.9369
326.50,7.2201,0.2915,-3.0636,7.4452,1.9342,-2.6915,6.8683,0.2955,-3.0292
327.00,7.1390,0.3096,3.0285,7.3757,1.9101,-2.8943,6.7947,0.2958,3.0512
327.50,7.0150,0.3292,3.0169,7.2541,1.8831,-2.9242,6.6384,0.3700,3.0109
328.00,6.8854,0.3378,-3.1197,7.1287,1.8477,-2.7818,6.5001,0.3832,-3.1255
328.50,6.7556,0.3352,-3.0904,7.0064,1.7964,-2.7358,6.3661,0.3759,-3.0816
329.00,6.6257,0.3318,-3.1065,6.8809,1.7440,-2.7522,6.2357,0.3736,-3.0992
329.50,6.4957,0.3316,-3.1268,6.7569,1.6945,-2.7722,6.1114,0.3719,-3.1215
330.00,6.3658,0.3289,-3.1215,6.6346,1.6468,-2.7655,5.9871,0.3722,-3.1160
330.50,6.2358,0.3282,-3.1309,6.5124,1.5989,-2.7732,5.8472,0.3690,-3.1248
331.00,6.1058,0.3289,-3.1406,6.3936,1.5536,-2.7818,5.7300,0.3674,-3.1334
331.50,5.9758,0.3298,3.1384,6.2722,1.5083,-2.7868,5.5959,0.3697,-3.1408
332.00,5.8458,0.3283,-3.1353,6.1464,1.4610,-2.7776,5.4646,0.3690,-3.1309
332.50,5.7158,0.3282,-3.1391,6.0254,1.4151,-2.7810,5.3437,0.3678,-3.1338
333.00,5.5858,0.3286,3.1406,5.9024,1.3690,-2.7842,5.2036,0.3671,-3.1374
333.50,5.4558,0.3294,3.1381,5.7815,1.3240,-2.7862,5.0813,0.3667,-3.1407
334.00,5.3258,0.3300,3.1371,5.6554,1.2772,-2.7867,4.9411,0.3666,-3.1412
334.50,5.1958,0.3308,3.1364,5.5334,1.2321,-2.7864,4.8190,0.3664,3.1411
335.00,5.0658,0.3316,3.1359,5.4082,1.1856,-2.7861,4.6896,0.3665,3.1414
335.50,4.9358,0.3322,3.1365,5.2901,1.1417,-2.7855,4.5683,0.3667,-3.1412
336.00,4.8058,0.3329,3.1363,5.1664,1.0957,-2.7852,4.4355,0.3665,3.1411
336.50,4.6758,0.3337,3.1358,5.0426,1.0496,-2.7848,4.3017,0.3665,3.1404
337.00,4.5458,0.3343,3.1365,4.9185,1.0032,-2.7833,4.1748,0.3665,3.1407
337.50,4.4158,0.3350,3.1364,4.7867,0.9538,-2.7826,4.0396,0.3665,3.1403
338.00,4.2858,0.3355,3.1372,4.6602,0.9062,-2.7810,3.9121,0.3667,-3.1413
338.50,4.1558,0.3359,3.1380,4.5348,0.8588,-2.7794,3.7855,0.3669,-3.1415
339.00,4.0258,0.3362,3.1387,4.4156,0.8136,-2.7776,3.6692,0.3670,-3.1397
339.50,3.8958,0.3365,3.1388,4.2870,0.7645,-2.7768,3.5406,0.3667,-3.1406
340.00,3.7658,0.3372,3.1375,4.1586,0.7155,-2.7767,3.4091,0.3666,-3.1405
340.50,3.6358,0.3381,3.1357,4.0410,0.6706,-2.7782,3.2755,0.3665,3.1411
341.00,3.5058,0.3389,3.1357,3.9177,0.6238,-2.7779,3.1337,0.3667,3.1415
341.50,3.3758,0.3397,3.1356,3.7952,0.5770,-2.7762,3.0216,0.3662,3.1414
342.00,3.2458,0.3406,3.1352,3.6692,0.5288,-2.7759,2.8908,0.3663,3.1400
342.50,3.1158,0.3417,3.1340,3.5458,0.4816,-2.7765,2.7609,0.3665,3.1394
343.00,2.9858,0.3421,3.1366,3.4214,0.4338,-2.7731,2.6263,0.3666,3.1411
343.50,2.8558,0.3426,3.1369,3.2932,0.3842,-2.7717,2.5015,0.3662,3.1407
344.00,2.7258,0.3432,3.1375,3.1709,0.3367,-2.7704,2.3689,0.3668,-3.1412
344.50,2.5958,0.3435,3.1384,3.0479,0.2888,-2.7689,2.2512,0.3671,-3.1397
345.00,2.4658,0.3438,3.1389,2.9279,0.2418,-2.7680,2.1203,0.3670,-3.1406
345.50,2.3358,0.3460,3.1273,2.8030,0.1936,-2.7799,1.9546,0.3639,3.1308
346.00,2.2058,0.3475,3.1292,2.6830,0.1481,-2.7773,1.8189,0.3652,3.1333
346.50,2.0758,0.3481,3.1342,2.5552,0.0990,-2.7716,1.6753,0.3663,3.1379
347.00,1.9458,0.3483,3.1376,2.4337,0.0515,-2.7672,1.5541,0.3665,-3.1415
347.50,1.8158,0.3505,3.1273,2.3122,0.0044,-2.7779,1.4304,0.3640,3.1298
348.00,1.6859,0.3512,3.1333,2.1876,-0.0433,-2.7715,1.2836,0.3659,3.1362
348.50,1.5559,0.3515,3.1367,2.0613,-0.0927,-2.7663,1.1552,0.3666,3.1403
349.00,1.4259,0.3517,3.1359,1.9350,-0.1428,-2.7655,1.0438,0.3638,3.1411
349.50,1.2959,0.3538,3.1306,1.8131,-0.1902,-2.7722,0.9155,0.3647,3.1338
350.00,1.1659,0.3543,3.1356,1.6913,-0.2376,-2.7669,0.7783,0.3664,3.1391
350.50,1.0359,0.3544,3.1382,1.5677,-0.2866,-2.7630,0.6494,0.3673,-3.1402
351.00,0.9059,0.3555,3.1339,1.4446,-0.3357,-2.7656,0.5544,0.3647,3.1404
351.50,0.8010,0.3542,-3.1119,1.3368,-0.3794,-2.7304,0.4334,0.3651,-3.1094
352.00,0.7586,0.3470,-3.0612,1.2892,-0.4014,-2.6779,0.3848,0.3626,-3.0568
352.50,0.7576,0.3400,-3.0114,1.2808,-0.4058,-2.6272,0.3753,0.3616,-3.0061
353.00,0.7576,0.3333,-2.9632,1.2741,-0.4098,-2.5782,0.3676,0.3604,-2.9571
353.50,0.7576,0.3325,-2.9667,1.2719,-0.4112,-2.5702,0.3765,0.3473,-2.9527
354.00,0.7576,0.3390,-3.0151,1.2774,-0.4078,-2.6174,0.3828,0.3484,-2.9998
354.50,0.7576,0.3412,-3.0217,1.2796,-0.4066,-2.6327,0.3853,0.3487,-3.0151
355.00,0.7576,0.3349,-2.9732,1.2746,-0.4095,-2.5829,0.3796,0.3479,-2.9653
355.50,0.7427,0.3304,-2.9684,1.2614,-0.4181,-2.5667,0.3642,0.3448,-2.9492
356.00,0.6685,0.3347,3.1405,1.2058,-0.4488,-2.7217,0.3011,0.3371,-3.1042
356.50,0.5440,0.3494,2.9786,1.0877,-0.4865,-2.9053,0.2057,0.3557,2.9861
357.00,0.4468,0.3659,3.0053,0.9835,-0.5103,-2.8965,0.0890,0.3738,2.9972
357.50,0.3495,0.3732,-3.1038,0.8879,-0.5429,-2.7252,-0.0130,0.3808,-3.1111
358.00,0.2202,0.3686,-3.0760,0.7731,-0.5992,-2.6758,-0.1373,0.3676,-3.0582
358.50,0.0903,0.3664,-3.1254,0.6544,-0.6550,-2.7249,-0.2700,0.3678,-3.1161
359.00,-0.0397,0.3678,-3.1410,0.5356,-0.7062,-2.7423,-0.3817,0.3658,-3.1362
359.50,-0.1697,0.3658,-3.1258,0.4113,-0.7591,-2.7312,-0.5054,0.3664,-3.1243
360.00,-0.2996,0.3598,-3.1073,0.2875,-0.8151,-2.7075,-0.6408,0.3629,-3.0998
360.50,-0.4219,0.3555,-3.0972,0.1722,-0.8686,-2.6994,-0.7538,0.3568,-3.0925
361.00,-0.4893,0.3464,-3.0471,0.1020,-0.9037,-2.6476,-0.8242,0.3487,-3.0442
361.50,-0.4997,0.3390,-2.9981,0.0846,-0.9134,-2.5975,-0.8445,0.3448,-2.9941
362.00,-0.4997,0.3325,-2.9503,0.0787,-0.9172,-2.5487,-0.8514,0.3437,-2.9453
362.50,-0.4997,0.3264,-2.9040,0.0734,-0.9208,-2.5015,-0.8483,0.3298,-2.9007
363.00,-0.4998,0.3209,-2.8592,0.0683,-0.9248,-2.4557,-0.8545,0.3282,-2.8549
363.50,-0.4998,0.3158,-2.8157,0.0636,-0.9288,-2.4116,-0.8604,0.3263,-2.8108
364.00,-0.4998,0.3112,-2.7734,0.0601,-0.9320,-2.3685,-0.8648,0.3247,-2.7677
364.50,-0.4999,0.3071,-2.7324,0.0570,-0.9351,-2.3269,-0.8689,0.3230,-2.7261
365.00,-0.4999,0.3035,-2.6924,0.0549,-0.9374,-2.2867,-0.8717,0.3217,-2.6859
365.50,-0.5000,0.3003,-2.6535,0.0524,-0.9405,-2.2469,-0.8752,0.3199,-2.6461
366.00,-0.5000,0.2977,-2.6157,0.0509,-0.9424,-2.2086,-0.8773,0.3187,-2.6078
366.50,-0.5001,0.2955,-2.5788,0.0494,-0.9445,-2.1710,-0.8796,0.3174,-2.5702
367.00,-0.5001,0.2937,-2.5429,0.0485,-0.9458,-2.1347,-0.8809,0.3165,-2.5339
367.50,-0.5002,0.2924,-2.5079,0.0475,-0.9474,-2.0988,-0.8824,0.3154,-2.4980
368.00,-0.5002,0.2916,-2.4738,0.0472,-0.9481,-2.0644,-0.8830,0.3149,-2.4636
368.50,-0.5003,0.2912,-2.4406,0.0469,-0.9487,-2.0302,-0.8835,0.3145,-2.4294
369.00,-0.5003,0.2912,-2.4081,0.0468,-0.9488,-1.9964,-0.8836,0.3144,-2.3956
369.50,-0.5000,0.2912,-2.3748,0.0469,-0.9485,-1.9625,-0.8834,0.3146,-2.3617
370.00,-0.5000,0.2914,-2.3406,0.0470,-0.9484,-1.9284,-0.8833,0.3147,-2.3276
370.50,-0.5000,0.2918,-2.3073,0.0472,-0.9478,-1.8943,-0.8829,0.3151,-2.2935
371.00,-0.5000,0.2919,-2.2747,0.0473,-0.9476,-1.8611,-0.8828,0.3153,-2.2603
371.50,-0.4997,0.2920,-2.2416,0.0473,-0.9475,-1.8274,-0.8827,0.3154,-2.2266
372.00,-0.4989,0.2920,-2.2076,0.0475,-0.9467,-1.7924,-0.8822,0.3160,-2.1916
372.50,-0.4976,0.2921,-2.1727,0.0477,-0.9455,-1.7567,-0.8815,0.3171,-2.1559
373.00,-0.4959,0.2921,-2.1369,0.0479,-0.9446,-1.7204,-0.8810,0.3179,-2.1196
373.50,-0.4938,0.2922,-2.1001,0.0482,-0.9422,-1.6827,-0.8798,0.3200,-2.0819
374.00,-0.4912,0.2922,-2.0624,0.0485,-0.9392,-1.6436,-0.8784,0.3226,-2.0428
374.50,-0.4881,0.2923,-2.0236,0.0487,-0.9357,-1.6044,-0.8769,0.3257,-2.0036
375.00,-0.4845,0.2923,-1.9837,0.0487,-0.9319,-1.5636,-0.8753,0.3292,-1.9628
375.50,-0.4804,0.2923,-1.9428,0.0486,-0.9273,-1.5216,-0.8736,0.3335,-1.9208
376.00,-0.4759,0.2924,-1.9006,0.0483,-0.9231,-1.4794,-0.8723,0.3375,-1.8787
376.50,-0.4709,0.2924,-1.8572,0.0476,-0.9168,-1.4355,-0.8705,0.3436,-1.8347
377.00,-0.4653,0.2925,-1.8125,0.0468,-0.9116,-1.3899,-0.8692,0.3487,-1.7891
377.50,-0.4593,0.2925,-1.7664,0.0457,-0.9064,-1.3433,-0.8682,0.3539,-1.7425
378.00,-0.4528,0.2925,-1.7188,0.0440,-0.8997,-1.2946,-0.8672,0.3608,-1.6938
378.50,-0.4459,0.2925,-1.6695,0.0422,-0.8940,-1.2448,-0.8666,0.3667,-1.6440
379.00,-0.4384,0.2925,-1.6184,0.0398,-0.8874,-1.1931,-0.8662,0.3737,-1.5923
379.50,-0.4305,0.2925,-1.5653,0.0367,-0.8801,-1.1392,-0.7782,0.3000,-1.5614
380.00,-0.4227,0.2925,-1.5126,0.0401,-0.8872,-1.0854,-0.7780,0.2921,-1.5076
380.50,-0.4153,0.2925,-1.4618,0.0439,-0.8939,-1.0335,-0.7773,0.2845,-1.4558
381.00,-0.4085,0.2925,-1.4129,0.0476,-0.8998,-0.9834,-0.7763,0.2776,-1.4057
381.50,-0.4021,0.2925,-1.3656,0.0512,-0.9050,-0.9347,-0.7751,0.2714,-1.3569
382.00,-0.3962,0.2924,-1.3198,0.0551,-0.9100,-0.8874,-0.7736,0.2652,-1.3097
382.50,-0.3907,0.2924,-1.2753,0.0587,-0.9143,-0.8420,-0.7721,0.2598,-1.2643
383.00,-0.3858,0.2924,-1.2322,0.0627,-0.9186,-0.7985,-0.7702,0.2543,-1.2208
383.50,-0.3814,0.2923,-1.1903,0.0664,-0.9222,-0.7555,-0.7683,0.2494,-1.1777
384.00,-0.3774,0.2923,-1.1496,0.0697,-0.9252,-0.7139,-0.7665,0.2454,-1.1361
384.50,-0.3739,0.2923,-1.1099,0.0726,-0.9276,-0.6735,-0.7192,0.2855,-1.1062
385.00,-0.3709,0.2922,-1.0713,0.0749,-0.9293,-0.6344,-0.7179,0.2829,-1.0671
385.50,-0.3684,0.2922,-1.0338,0.0773,-0.9311,-0.5958,-0.7164,0.2803,-1.0285
386.00,-0.3663,0.2921,-0.9972,0.0790,-0.9322,-0.5585,-0.7153,0.2786,-0.9912
386.50,-0.3647,0.2921,-0.9616,0.0802,-0.9329,-0.5219,-0.7145,0.2775,-0.9546
387.00,-0.3636,0.2920,-0.9269,0.0812,-0.9334,-0.4862,-0.7139,0.2766,-0.9190
387.50,-0.3629,0.2919,-0.8930,0.0819,-0.9338,-0.4518,-0.7134,0.2760,-0.8845
388.00,-0.3626,0.2919,-0.8601,0.0822,-0.9339,-0.4181,-0.7132,0.2757,-0.8508
388.50,-0.3626,0.2919,-0.8325,0.0822,-0.9339,-0.3897,-0.7132,0.2757,-0.8225
389.00,-0.3627,0.2922,-0.7990,0.0820,-0.9338,-0.3554,-0.7133,0.2759,-0.7882
389.50,-0.3628,0.2922,-0.7648,0.0818,-0.9338,-0.3201,-0.7134,0.2760,-0.7528
390.00,-0.3633,0.2921,-0.7316,0.0815,-0.9337,-0.2866,-0.7136,0.2762,-0.7194
390.50,-0.3633,0.2922,-0.6991,0.0813,-0.9336,-0.2527,-0.7138,0.2763,-0.6854
391.00,-0.3634,0.2926,-0.6659,0.0811,-0.9336,-0.2187,-0.7140,0.2765,-0.6514
391.50,-0.3634,0.2934,-0.6317,0.0808,-0.9335,-0.1837,-0.7142,0.2766,-0.6164
392.00,-0.3635,0.2948,-0.5967,0.0791,-0.9333,-0.1479,-0.7156,0.2776,-0.5807
392.50,-0.3636,0.2965,-0.5607,0.0766,-0.9329,-0.1118,-0.7178,0.2790,-0.5445
393.00,-0.3636,0.2988,-0.5238,0.0744,-0.9327,-0.0743,-0.7197,0.2801,-0.5070
393.50,-0.3637,0.3014,-0.4859,0.0721,-0.9326,-0.0352,-0.7217,0.2811,-0.4679
394.00,-0.3637,0.3046,-0.4470,0.0686,-0.9325,0.0042,-0.7249,0.2826,-0.4285
394.50,-0.3637,0.3083,-0.4070,0.0647,-0.9326,0.0449,-0.7285,0.2842,-0.3878
395.00,-0.3638,0.3124,-0.3658,0.0607,-0.9329,0.0866,-0.7322,0.2856,-0.3461
395.50,-0.3638,0.3170,-0.3235,0.0574,-0.9332,0.1299,-0.7353,0.2867,-0.3028
396.00,-0.3639,0.3221,-0.2799,0.0514,-0.9342,0.1743,-0.7412,0.2884,-0.2584
396.50,-0.3639,0.3277,-0.2350,0.0463,-0.9352,0.2197,-0.7463,0.2896,-0.2130
397.00,-0.3508,0.3342,-0.1512,0.0539,-0.9330,0.2945,-0.7385,0.2884,-0.1382
397.50,-0.2824,0.3496,0.0536,0.1178,-0.9059,0.4999,-0.6691,0.2863,0.0672
398.00,-0.1603,0.3707,0.1214,0.2199,-0.8416,0.5885,-0.5150,0.3635,0.1348
398.50,-0.0620,0.3820,0.0006,0.3056,-0.7875,0.4870,-0.4003,0.3798,0.0290
399.00,0.0592,0.3820,-0.1148,0.4159,-0.7407,0.3512,-0.2800,0.3734,-0.1112
399.50,0.1885,0.3692,-0.0948,0.5419,-0.6938,0.3665,-0.1556,0.3689,-0.0912
400.00,0.3181,0.3631,-0.0522,0.6597,-0.6455,0.4109,-0.0231,0.3603,-0.0498
400.50,0.4480,0.3574,-0.0490,0.7868,-0.5888,0.4186,0.1233,0.3587,-0.0415
401.00,0.5779,0.3553,-0.0234,0.9111,-0.5314,0.4463,0.2365,0.3548,-0.0182
401.50,0.7078,0.3505,-0.0357,1.0356,-0.4719,0.4368,0.3619,0.3544,-0.0273
402.00,0.8378,0.3488,-0.0163,1.1549,-0.4151,0.4554,0.4994,0.3516,-0.0092
402.50,0.9677,0.3432,-0.0354,1.2746,-0.3574,0.4386,0.6284,0.3496,-0.0264
403.00,1.0977,0.3421,-0.0093,1.3986,-0.2976,0.4653,0.7580,0.3482,-0.0010
403.50,1.2277,0.3366,-0.0349,1.5166,-0.2393,0.4456,0.8809,0.3479,-0.0231
404.00,1.3576,0.3301,-0.0192,1.6352,-0.1844,0.4473,1.0088,0.3416,-0.0243
404.50,1.4876,0.3319,0.0092,1.7612,-0.1199,0.4844,1.1499,0.3378,0.0173
405.00,1.6176,0.3298,-0.0148,1.8770,-0.0608,0.4598,1.2771,0.3393,-0.0065
405.50,1.7473,0.3203,-0.1058,1.9951,-0.0076,0.3749,1.3978,0.3339,-0.0909
406.00,1.8760,0.3023,-0.1509,2.1230,0.0369,0.3153,1.5346,0.3163,-0.1501
406.50,2.0050,0.2879,-0.1060,2.2473,0.0812,0.3650,1.6530,0.2985,-0.0983
407.00,2.1341,0.2718,-0.1185,2.3748,0.1280,0.3500,1.7968,0.2864,-0.1145
407.50,2.2629,0.2522,-0.1739,2.4990,0.1712,0.3057,1.9244,0.2660,-0.1580
408.00,2.3899,0.2242,-0.2276,2.6254,0.2057,0.2426,2.0434,0.2406,-0.2280
408.50,2.5168,0.1965,-0.2283,2.7572,0.2398,0.2524,2.1744,0.2111,-0.2171
409.00,2.6426,0.1626,-0.2590,2.8878,0.2697,0.2122,2.2973,0.1789,-0.2608
409.50,2.7691,0.1334,-0.2284,3.0156,0.3007,0.2538,2.4265,0.1501,-0.2169
410.00,2.8946,0.0981,-0.2907,3.1472,0.3306,0.1893,2.5405,0.1189,-0.2872
410.50,3.0198,0.0648,-0.2404,3.2737,0.3567,0.2366,2.6567,0.0849,-0.2399
411.00,3.1459,0.0325,-0.2534,3.4067,0.3887,0.2270,2.7710,0.0522,-0.2494
411.50,3.2722,0.0030,-0.2316,3.5312,0.4193,0.2481,2.8394,0.0220,-0.2319
412.00,3.3993,-0.0217,-0.1948,3.6587,0.4543,0.2852,2.9134,-0.0032,-0.1959
412.50,3.5261,-0.0515,-0.2670,3.7851,0.4889,0.2243,3.0374,-0.0311,-0.2552
413.00,3.6506,-0.0889,-0.2933,3.9120,0.5134,0.1814,3.1628,-0.0674,-0.2998
413.50,3.7753,-0.1253,-0.2921,4.0415,0.5390,0.1929,3.2678,-0.1049,-0.2854
414.00,3.8993,-0.1660,-0.3059,4.1731,0.5628,0.1712,3.3492,-0.1458,-0.3076
414.50,4.0244,-0.1997,-0.2556,4.3033,0.5891,0.2237,3.4745,-0.1818,-0.2529
415.00,4.1500,-0.2338,-0.2569,4.4379,0.6192,0.2202,3.5681,-0.2097,-0.2563
415.50,4.2757,-0.2675,-0.2751,4.5659,0.6483,0.2079,3.6719,-0.2442,-0.2703
416.00,4.4006,-0.3043,-0.2827,4.7034,0.6762,0.1946,3.7926,-0.2835,-0.2839
416.50,4.5266,-0.3358,-0.2049,4.8392,0.7068,0.2667,3.9196,-0.3156,-0.2094
417.00,4.6537,-0.3640,-0.2480,4.9655,0.7416,0.2418,4.0263,-0.3402,-0.2333
417.50,4.7785,-0.4010,-0.3138,5.0936,0.7683,0.1734,4.1450,-0.3749,-0.3059
418.00,4.9009,-0.4473,-0.3729,5.2234,0.7872,0.1137,4.2707,-0.4182,-0.3675
418.50,5.0223,-0.4934,-0.3331,5.3563,0.8023,0.1386,4.3894,-0.4707,-0.3451
419.00,5.1462,-0.5320,-0.3014,5.4893,0.8254,0.1853,4.5091,-0.5048,-0.2932
419.50,5.2696,-0.5756,-0.3508,5.6204,0.8477,0.1405,4.6321,-0.5448,-0.3427
420.00,5.3901,-0.6282,-0.4178,5.7543,0.8619,0.0704,4.7521,-0.5972,-0.4127
420.50,5.5063,-0.6894,-0.5374,5.8851,0.8659,-0.0341,4.8617,-0.6609,-0.5173
421.00,5.6075,-0.7613,-0.7354,6.0134,0.8494,-0.2315,4.9629,-0.7348,-0.7193
421.50,5.6936,-0.8542,-0.9270,6.1370,0.8083,-0.4204,5.0604,-0.8275,-0.9089
422.00,5.7679,-0.9562,-1.1527,6.2494,0.7438,-0.6394,5.1239,-0.9360,-1.1284
422.50,5.8286,-1.0524,-1.4408,6.3309,0.6646,-0.9209,5.1675,-1.0303,-1.4123
423.00,5.8706,-1.1709,-1.7578,6.3916,0.5512,-1.2426,5.1928,-1.1457,-1.7362
423.50,5.8609,-1.2921,-2.0005,6.4188,0.4248,-1.4885,5.2125,-1.2604,-1.9822
424.00,5.8095,-1.4014,-2.2082,6.4155,0.3084,-1.7012,5.1769,-1.3646,-2.1931
424.50,5.7255,-1.4997,-2.3737,6.3878,0.1814,-1.8694,5.0987,-1.4708,-2.3578
425.00,5.6266,-1.5846,-2.4893,6.3393,0.0534,-1.9886,5.0002,-1.5611,-2.4795
425.50,5.5277,-1.6553,-2.6311,6.2818,-0.0555,-2.1329,4.8979,-1.6254,-2.6230
426.00,5.4738,-1.6865,-2.6552,6.2419,-0.1145,-2.1710,4.8352,-1.6643,-2.6612
426.50,5.4676,-1.6923,-2.6173,6.2345,-0.1254,-2.1322,4.8317,-1.6704,-2.6206
427.00,5.4675,-1.6946,-2.5804,6.2333,-0.1275,-2.0943,4.8296,-1.6716,-2.5827
427.50,5.4675,-1.6963,-2.5445,6.2325,-0.1291,-2.0575,4.8282,-1.6726,-2.5459
428.00,5.4674,-1.6976,-2.5095,6.2318,-0.1305,-2.0218,4.8269,-1.6735,-2.5102
428.50,5.4674,-1.6985,-2.4753,6.2312,-0.1317,-1.9867,4.8258,-1.6743,-2.4751
429.00,5.4673,-1.6989,-2.4421,6.2309,-0.1324,-1.9525,4.8252,-1.6748,-2.4409
429.50,5.4673,-1.6989,-2.4096,6.2309,-0.1323,-1.9193,4.8253,-1.6747,-2.4077
430.00,5.4676,-1.6989,-2.3764,6.2310,-0.1320,-1.8854,4.8255,-1.6745,-2.3738
430.50,5.4676,-1.6988,-2.3422,6.2310,-0.1320,-1.8511,4.8255,-1.6745,-2.3395
431.00,5.4676,-1.6983,-2.3087,6.2310,-0.1319,-1.8167,4.8256,-1.6744,-2.3051
431.50,5.4675,-1.6982,-2.2762,6.2311,-0.1317,-1.7835,4.8257,-1.6742,-2.2719
432.00,5.4679,-1.6982,-2.2431,6.2311,-0.1317,-1.7497,4.8257,-1.6742,-2.2381
432.50,5.4687,-1.6981,-2.2092,6.2312,-0.1312,-1.7154,4.8260,-1.6739,-2.2038
433.00,5.4699,-1.6981,-2.1743,6.2313,-0.1300,-1.6803,4.8267,-1.6729,-2.1687
433.50,5.4716,-1.6980,-2.1385,6.2315,-0.1281,-1.6438,4.8277,-1.6713,-2.1322
434.00,5.4737,-1.6979,-2.1018,6.2316,-0.1256,-1.6066,4.8290,-1.6691,-2.0950
434.50,5.4763,-1.6979,-2.0641,6.2317,-0.1229,-1.5683,4.8303,-1.6668,-2.0567
435.00,5.4794,-1.6979,-2.0254,6.2316,-0.1201,-1.5287,4.8316,-1.6643,-2.0171
435.50,5.4829,-1.6978,-1.9855,6.2314,-0.1167,-1.4883,4.8330,-1.6612,-1.9767
436.00,5.4870,-1.6978,-1.9446,6.2310,-0.1128,-1.4468,4.8345,-1.6575,-1.9352
436.50,5.4915,-1.6977,-1.9029,6.2302,-0.1073,-1.4038,4.8364,-1.6523,-1.8922
437.00,5.4952,-1.6977,-1.8699,6.2294,-0.1031,-1.3684,4.8376,-1.6482,-1.8568
437.50,5.4992,-1.6977,-1.8368,6.2287,-0.1002,-1.3343,4.8384,-1.6454,-1.8227
438.00,5.5034,-1.6977,-1.8029,6.2276,-0.0957,-1.3000,4.8395,-1.6408,-1.7884
438.50,5.5085,-1.6976,-1.7632,6.2262,-0.0909,-1.2600,4.8405,-1.6359,-1.7484
439.00,5.5150,-1.6976,-1.7154,6.2234,-0.0829,-1.2112,4.8418,-1.6276,-1.6996
439.50,5.5220,-1.6976,-1.6660,6.2209,-0.0767,-1.1621,4.8425,-1.6209,-1.6505
440.00,5.5295,-1.6976,-1.6148,6.2188,-0.0722,-1.1107,4.8427,-1.6159,-1.5991
440.50,5.5375,-1.6976,-1.5616,6.2153,-0.0657,-1.0570,4.9067,-1.6687,-1.5646
441.00,5.5452,-1.6976,-1.5090,6.2199,-0.0733,-1.0032,4.9070,-1.6775,-1.5108
441.50,5.5526,-1.6976,-1.4584,6.2246,-0.0803,-0.9521,4.9077,-1.6859,-1.4597
442.00,5.5594,-1.6976,-1.4096,6.2303,-0.0878,-0.9028,4.9090,-1.6953,-1.4104
442.50,5.5658,-1.6976,-1.3624,6.2337,-0.0920,-0.8544,4.9100,-1.7006,-1.3620
443.00,5.5716,-1.6977,-1.3167,6.2380,-0.0967,-0.8075,4.9115,-1.7068,-1.3151
443.50,5.5770,-1.6977,-1.2723,6.2422,-0.1009,-0.7616,4.9131,-1.7125,-1.2692
444.00,5.5819,-1.6977,-1.2293,6.2466,-0.1049,-0.7178,4.9150,-1.7182,-1.2254
444.50,5.5865,-1.6988,-1.1851,6.2504,-0.1081,-0.6752,4.9580,-1.6823,-1.1898
445.00,5.5992,-1.7375,-1.0458,6.2774,-0.1271,-0.5487,4.9722,-1.7122,-1.0633
445.50,5.6536,-1.8241,-0.8990,6.3603,-0.1676,-0.3916,5.0196,-1.7881,-0.9044
446.00,5.7385,-1.9217,-0.8037,6.4836,-0.2120,-0.2954,5.1054,-1.8928,-0.8100
446.50,5.8308,-2.0131,-0.7643,6.6103,-0.2466,-0.2493,5.1956,-1.9855,-0.7649
447.00,5.9249,-2.1027,-0.7554,6.7395,-0.2786,-0.2384,5.2900,-2.0770,-0.7565
447.50,6.0196,-2.1918,-0.7640,6.8686,-0.3098,-0.2429,5.3867,-2.1635,-0.7609
448.00,6.1123,-2.2830,-0.7860,6.9976,-0.3438,-0.2690,5.4777,-2.2571,-0.7870
448.50,6.2041,-2.3751,-0.7904,7.1237,-0.3783,-0.2706,5.5645,-2.3449,-0.7887
449.00,6.2950,-2.4681,-0.8122,7.2515,-0.4143,-0.2847,5.6559,-2.4392,-0.8028
449.50,6.3809,-2.5658,-0.8760,7.3765,-0.4557,-0.3532,5.7417,-2.5369,-0.8758
450.00,6.4638,-2.6660,-0.8759,7.5044,-0.5037,-0.3589,5.8307,-2.6427,-0.8753
450.50,6.5486,-2.7647,-0.8490,7.6287,-0.5482,-0.3304,5.9111,-2.7339,-0.8484
451.00,6.6352,-2.8616,-0.8417,7.7551,-0.5902,-0.3173,6.0042,-2.8330,-0.8353
451.50,6.7196,-2.9603,-0.8778,7.8764,-0.6327,-0.3557,6.0854,-2.9298,-0.8773
452.00,6.8031,-3.0601,-0.8689,7.9955,-0.6769,-0.3517,6.1699,-3.0272,-0.8697
452.50,6.8885,-3.1580,-0.8369,8.1240,-0.7219,-0.3196,6.2552,-3.1297,-0.8394
453.00,6.9767,-3.2534,-0.8193,8.2475,-0.7611,-0.2967,6.3429,-3.2251,-0.8165
453.50,7.0641,-3.3498,-0.8456,8.3722,-0.8008,-0.3220,6.4316,-3.3212,-0.8439
454.00,7.1503,-3.4471,-0.8413,8.5000,-0.8437,-0.3207,6.5210,-3.4222,-0.8440
454.50,7.2388,-3.5419,-0.7966,8.6200,-0.8813,-0.2810,6.5962,-3.5087,-0.8043
455.00,7.3312,-3.6333,-0.7733,8.7469,-0.9152,-0.2514,6.6990,-3.5976,-0.7712
455.50,7.4222,-3.7264,-0.8283,8.8754,-0.9507,-0.2992,6.7929,-3.6923,-0.8190
456.00,7.5064,-3.8252,-0.9014,8.9983,-0.9931,-0.3711,6.8786,-3.7900,-0.8944
456.50,7.5666,-3.9035,-0.9192,9.0978,-1.0346,-0.4013,6.9438,-3.8758,-0.9211
457.00,7.5894,-3.9319,-0.8855,9.1365,-1.0505,-0.3674,6.9695,-3.9088,-0.8872
457.50,7.5897,-3.9321,-0.8528,9.1380,-1.0510,-0.3340,6.9705,-3.9101,-0.8538
458.00,7.5896,-3.9320,-0.8200,9.1379,-1.0510,-0.3008,6.9704,-3.9100,-0.8206
458.50,7.5895,-3.9318,-0.7861,9.1378,-1.0510,-0.2660,6.9703,-3.9099,-0.7858
459.00,7.5892,-3.9318,-0.7522,9.1375,-1.0510,-0.2308,6.9701,-3.9098,-0.7506
459.50,7.5889,-3.9319,-0.7194,9.1369,-1.0508,-0.1970,6.9697,-3.9094,-0.7168
460.00,7.5889,-3.9317,-0.6867,9.1366,-1.0508,-0.1630,6.9694,-3.9092,-0.6828
460.50,7.5888,-3.9311,-0.6531,9.1357,-1.0507,-0.1289,6.9687,-3.9086,-0.6487
461.00,7.5888,-3.9301,-0.6186,9.1346,-1.0505,-0.0936,6.9678,-3.9079,-0.6134
461.50,7.5887,-3.9286,-0.5833,9.1332,-1.0504,-0.0577,6.9666,-3.9072,-0.5775
462.00,7.5887,-3.9267,-0.5469,9.1312,-1.0504,-0.0206,6.9649,-3.9061,-0.5404
462.50,7.5886,-3.9243,-0.5097,9.1291,-1.0504,0.0170,6.9631,-3.9050,-0.5028
463.00,7.5886,-3.9214,-0.4714,9.1252,-1.0505,0.0565,6.9597,-3.9032,-0.4633
463.50,7.5885,-3.9181,-0.4320,9.1209,-1.0508,0.0962,6.9558,-3.9014,-0.4236
464.00,7.5885,-3.9142,-0.3916,9.1171,-1.0513,0.1370,6.9522,-3.8999,-0.3828
464.50,7.5885,-3.9099,-0.3500,9.1128,-1.0520,0.1797,6.9482,-3.8984,-0.3401
465.00,7.5884,-3.9051,-0.3072,9.1080,-1.0530,0.2234,6.9435,-3.8968,-0.2964
465.50,7.5884,-3.8998,-0.2632,9.1031,-1.0541,0.2685,6.9387,-3.8955,-0.2513
466.00,7.5884,-3.8941,-0.2177,9.0986,-1.0555,0.3146,6.9341,-3.8944,-0.2052
466.50,7.5883,-3.8878,-0.1708,9.0936,-1.0573,0.3619,6.9289,-3.8934,-0.1579
467.00,7.5883,-3.8810,-0.1223,9.0875,-1.0597,0.4107,6.9224,-3.8925,-0.1091
467.50,7.5883,-3.8743,-0.0739,9.0815,-1.0625,0.4619,6.9157,-3.8920,-0.0579
468.00,7.5883,-3.8666,-0.0219,9.0748,-1.0661,0.5151,6.9082,-3.8917,-0.0047
468.50,7.5883,-3.8586,0.0316,9.0743,-1.0663,0.5692,6.9077,-3.8917,0.0494
469.00,7.5883,-3.8510,0.0833,9.0814,-1.0615,0.6224,6.9162,-3.8911,0.1026
469.50,7.5883,-3.8439,0.1331,9.0876,-1.0568,0.6731,6.9239,-3.8901,0.1533
470.00,7.5883,-3.8373,0.1812,9.0930,-1.0523,0.7221,6.9309,-3.8888,0.2023
470.50,7.5884,-3.8311,0.2278,9.0969,-1.0487,0.7697,6.9360,-3.8877,0.2499
471.00,7.5884,-3.8254,0.2729,9.1015,-1.0441,0.8153,6.9423,-3.8859,0.2955
471.50,7.5884,-3.8203,0.3167,9.1060,-1.0391,0.8602,6.9487,-3.8838,0.3404
472.00,7.5885,-3.8156,0.3592,9.1091,-1.0352,0.9040,6.9533,-3.8820,0.3842
472.50,7.5885,-3.8114,0.4006,9.1118,-1.0317,0.9464,6.9574,-3.8803,0.4266
473.00,7.5885,-3.8076,0.4408,9.1141,-1.0284,0.9874,6.9610,-3.8785,0.4676
473.50,7.5886,-3.8044,0.4799,9.1162,-1.0251,1.0278,6.9644,-3.8767,0.5080
474.00,7.5886,-3.8016,0.5179,9.1173,-1.0233,1.0671,6.9663,-3.8757,0.5472
474.50,7.5887,-3.7993,0.5550,9.1184,-1.0210,1.1054,6.9684,-3.8743,0.5856
475.00,7.5887,-3.7975,0.5911,9.1192,-1.0194,1.1422,6.9699,-3.8733,0.6224
475.50,7.5888,-3.7961,0.6263,9.1198,-1.0181,1.1783,6.9711,-3.8724,0.6585
476.00,7.5888,-3.7952,0.6606,9.1201,-1.0173,1.2134,6.9717,-3.8719,0.6936
476.50,7.5889,-3.7947,0.6940,9.1203,-1.0168,1.2476,6.9721,-3.8716,0.7278
477.00,7.5890,-3.7946,0.7265,9.1203,-1.0167,1.2809,6.9722,-3.8715,0.7611
477.50,7.5888,-3.7946,0.7475,9.1203,-1.0167,1.3055,6.9722,-3.8715,0.7857
478.00,7.5887,-3.7947,0.7633,9.1203,-1.0168,1.3176,6.9722,-3.8715,0.7977
478.50,7.5886,-3.7948,0.7975,9.1203,-1.0167,1.3522,6.9722,-3.8715,0.8324
479.00,7.5887,-3.7952,0.8310,9.1203,-1.0168,1.3868,6.9722,-3.8715,0.8670
479.50,7.5887,-3.7953,0.8635,9.1202,-1.0171,1.4199,6.9719,-3.8718,0.9001
480.00,7.5884,-3.7954,0.8965,9.1202,-1.0176,1.4539,6.9717,-3.8722,0.9341
480.50,7.5876,-3.7954,0.9304,9.1201,-1.0181,1.4878,6.9714,-3.8726,0.9680
481.00,7.5864,-3.7955,0.9652,9.1200,-1.0195,1.5233,6.9706,-3.8738,1.0034
481.50,7.5848,-3.7955,1.0010,9.1200,-1.0208,1.5595,6.9699,-3.8749,1.0397
482.00,7.5827,-3.7956,1.0376,9.1200,-1.0228,1.5971,6.9689,-3.8766,1.0773
482.50,7.5801,-3.7956,1.0753,9.1201,-1.0246,1.6353,6.9681,-3.8782,1.1154
483.00,7.5771,-3.7957,1.1140,9.1203,-1.0270,1.6745,6.9671,-3.8804,1.1547
483.50,7.5735,-3.7957,1.1537,9.1207,-1.0302,1.7144,6.9658,-3.8834,1.1946
484.00,7.5695,-3.7958,1.1946,9.1214,-1.0343,1.7558,6.9644,-3.8873,1.2360
484.50,7.5650,-3.7958,1.2366,9.1225,-1.0396,1.7983,6.9627,-3.8925,1.2785
485.00,7.5600,-3.7958,1.2799,9.1237,-1.0441,1.8426,6.9615,-3.8970,1.3228
485.50,7.5546,-3.7959,1.3244,9.1252,-1.0493,1.8882,6.9603,-3.9022,1.3684
486.00,7.5486,-3.7959,1.3704,9.1273,-1.0551,1.9347,6.9592,-3.9083,1.4149
486.50,7.5422,-3.7959,1.4179,9.1295,-1.0606,1.9824,6.9584,-3.9142,1.4626
487.00,7.5352,-3.7959,1.4670,9.1323,-1.0665,2.0321,6.9579,-3.9207,1.5123
487.50,7.5278,-3.7960,1.5179,9.1362,-1.0738,2.0835,6.9576,-3.9289,1.5637
488.00,7.5200,-3.7960,1.5708,9.1402,-1.0806,2.1366,6.9067,-3.7863,1.5644
488.50,7.5121,-3.7960,1.6237,9.1362,-1.0746,2.1897,6.9066,-3.7790,1.6175
489.00,7.5047,-3.7959,1.6746,9.1313,-1.0682,2.2422,6.9060,-3.7710,1.6700
489.50,7.4978,-3.7959,1.7238,9.1275,-1.0636,2.2925,6.9052,-3.7652,1.7204
490.00,7.4923,-3.7959,1.7638,9.1235,-1.0592,2.3340,6.9042,-3.7593,1.7618
490.50,7.4845,-3.7795,1.8334,9.1137,-1.0496,2.3964,6.9012,-3.7460,1.8243
491.00,7.4639,-3.7019,1.9015,9.0510,-0.9966,2.4707,6.8472,-3.6774,1.8985
491.50,7.4213,-3.5814,1.9175,8.9507,-0.9187,2.4902,6.7989,-3.5577,1.9160
492.00,7.3723,-3.4600,1.9605,8.8439,-0.8400,2.5285,6.7479,-3.4435,1.9528
492.50,7.3211,-3.3402,1.9677,8.7356,-0.7662,2.5458,6.7014,-3.3226,1.9687
493.00,7.2714,-3.2202,1.9666,8.6222,-0.6887,2.5402,6.6447,-3.1958,1.9646
493.50,7.2186,-3.1008,1.9772,8.5159,-0.6179,2.5580,6.5941,-3.0826,1.9824
494.00,7.1664,-2.9815,1.9973,8.4107,-0.5481,2.5709,6.5437,-2.9627,1.9918
494.50,7.1077,-2.8644,2.0289,8.2964,-0.4784,2.6102,6.4826,-2.8443,2.0339
495.00,7.0540,-2.7467,1.9982,8.1867,-0.4113,2.5762,6.4245,-2.7341,1.9988
495.50,6.9962,-2.6291,2.0340,8.0711,-0.3398,2.6085,6.3706,-2.6081,2.0294
496.00,6.9325,-2.5140,2.0745,7.9505,-0.2722,2.6509,6.3067,-2.4974,2.0735
496.50,6.8687,-2.4005,2.0736,7.8278,-0.2077,2.6571,6.2431,-2.3801,2.0809
497.00,6.8113,-2.2850,2.0271,7.7059,-0.1395,2.6083,6.1749,-2.2667,2.0286
497.50,6.7518,-2.1690,2.0735,7.5934,-0.0742,2.6441,6.1282,-2.1564,2.0649
498.00,6.6834,-2.0575,2.1398,7.4735,-0.0152,2.7160,6.0571,-2.0418,2.1386
498.50,6.6120,-1.9485,2.1443,7.3567,0.0364,2.7279,5.9902,-1.9347,2.1505
499.00,6.5458,-1.8373,2.0975,7.2355,0.0936,2.6777,5.9161,-1.8207,2.0980
499.50,6.4764,-1.7267,2.1743,7.1140,0.1514,2.7427,5.8501,-1.7108,2.1637
500.00,6.3978,-1.6238,2.2664,6.9962,0.1935,2.8453,5.7775,-1.6126,2.2668
500.50,6.3157,-1.5247,2.2384,6.8680,0.2321,2.8318,5.6912,-1.5067,2.2496
501.00,6.2596,-1.4507,2.0754,6.7705,0.2689,2.6844,5.6347,-1.4326,2.0988
501.50,6.2175,-1.3616,1.8064,6.6852,0.3252,2.4205,5.5905,-1.3330,1.8332
502.00,6.1837,-1.2495,1.4935,6.6098,0.4153,2.1061,5.5697,-1.2339,1.5175
502.50,6.1803,-1.1219,1.2978,6.5554,0.5366,1.8969,5.5624,-1.1081,1.3079
503.00,6.2085,-0.9994,1.1594,6.5219,0.6600,1.7642,5.5889,-0.9867,1.1778
503.50,6.2577,-0.8841,1.0268,6.5061,0.7874,1.6289,5.6266,-0.8715,1.0381
504.00,6.3261,-0.7750,0.9837,6.5038,0.9187,1.5727,5.6928,-0.7581,0.9811
504.50,6.3991,-0.6670,0.9693,6.5035,1.0555,1.5652,5.7581,-0.6491,0.9753
505.00,6.4737,-0.5603,0.9577,6.5051,1.1926,1.5531,5.8365,-0.5397,0.9597
505.50,6.5511,-0.4551,0.9276,6.5093,1.3236,1.5242,5.9120,-0.4353,0.9308
506.00,6.6301,-0.3517,0.9188,6.5169,1.4595,1.5119,5.9975,-0.3298,0.9188
506.50,6.7096,-0.2486,0.9071,6.5247,1.5910,1.5048,6.0690,-0.2331,0.9117
507.00,6.7895,-0.1461,0.9290,6.5338,1.7245,1.5166,6.1516,-0.1275,0.9208
507.50,6.8627,-0.0384,1.0214,6.5347,1.8581,1.6133,6.2219,-0.0173,1.0209
508.00,6.9312,0.0725,0.9963,6.5284,1.9874,1.6036,6.2891,0.0862,1.0077
508.50,7.0077,0.1779,0.9028,6.5307,2.1242,1.5065,6.3706,0.1981,0.9065
509.00,7.0894,0.2791,0.8981,6.5411,2.2571,1.4938,6.4463,0.3021,0.8952
509.50,7.1679,0.3821,0.9351,6.5492,2.3890,1.5300,6.5244,0.4033,0.9321
510.00,7.2447,0.4870,0.9301,6.5535,2.5190,1.5346,6.6008,0.5043,0.9367
510.50,7.3265,0.5881,0.8329,6.5626,2.6449,1.4450,6.6792,0.6095,0.8447
511.00,7.4185,0.6807,0.7400,6.5845,2.7720,1.3509,6.7687,0.7044,0.7472
511.50,7.5164,0.7663,0.7176,6.6156,2.8956,1.3164,6.8710,0.7919,0.7115
512.00,7.6088,0.8533,0.8201,6.6435,3.0188,1.4059,6.9635,0.8771,0.8036
512.50,7.6886,0.9529,1.0115,6.6541,3.1539,1.5953,7.0435,0.9824,0.9950
513.00,7.7579,1.0676,1.1536,6.6403,3.2917,1.7395,7.1098,1.0983,1.1399
513.50,7.8133,1.1894,1.2556,6.6097,3.4185,1.8575,7.1665,1.2160,1.2573
514.00,7.8564,1.3124,1.2072,6.5731,3.5454,1.8204,7.2180,1.3405,1.2146
514.50,7.9083,1.4318,1.1229,6.5456,3.6769,1.7351,7.2694,1.4703,1.1279
515.00,7.9693,1.5468,1.0547,6.5284,3.8095,1.6642,7.3255,1.5792,1.0552
515.50,8.0314,1.6605,1.0944,6.5156,3.9409,1.6956,7.3948,1.6943,1.0884
516.00,8.0886,1.7768,1.1135,6.4969,4.0702,1.7205,7.4453,1.8083,1.1098
516.50,8.1411,1.8949,1.1602,6.4747,4.1956,1.7703,7.5012,1.9201,1.1561
517.00,8.1967,2.0132,1.1098,6.4501,4.3250,1.7279,7.5525,2.0458,1.1134
517.50,8.2605,2.1281,1.0624,6.4319,4.4619,1.6779,7.6189,2.1624,1.0620
518.00,8.3282,2.2405,1.0267,6.4198,4.5970,1.6415,7.6897,2.2797,1.0245
518.50,8.3931,2.3525,1.0566,6.4091,4.7308,1.6691,7.7551,2.3849,1.0532
519.00,8.4572,2.4657,1.0519,6.3951,4.8673,1.6704,7.8272,2.5046,1.0527
519.50,8.5263,2.5774,1.0087,6.3842,4.9997,1.6297,7.8895,2.6133,1.0120
520.00,8.6003,2.6858,0.9634,6.3792,5.1332,1.5844,7.9626,2.7237,0.9650
520.50,8.6733,2.7930,0.9933,6.3772,5.2700,1.6054,8.0351,2.8308,0.9807
521.00,8.7425,2.9026,1.0050,6.3710,5.3984,1.6224,8.1053,2.9372,1.0040
521.50,8.8136,3.0120,0.9898,6.3648,5.5305,1.6102,8.1767,3.0475,0.9925
522.00,8.8893,3.1186,0.9219,6.3628,5.6611,1.5505,8.2477,3.1509,0.9293
522.50,8.9738,3.2179,0.7884,6.3731,5.7989,1.4258,8.3419,3.2624,0.8029
523.00,9.0707,3.3049,0.6980,6.3999,5.9291,1.3259,8.4395,3.3426,0.6994
523.50,9.1679,3.3874,0.7297,6.4337,6.0638,1.3456,8.5360,3.4218,0.7192
524.00,9.2374,3.4573,0.8864,6.4512,6.1670,1.4904,8.6004,3.4953,0.8619
524.50,9.2848,3.5290,1.1209,6.4486,6.2577,1.7219,8.6522,3.5697,1.0990
525.00,9.3222,3.6461,1.3368,6.4138,6.3810,1.9487,8.6961,3.6801,1.3258
525.50,9.3502,3.7742,1.4606,6.3609,6.4926,2.0772,8.7182,3.8018,1.4508
526.00,9.3683,3.9038,1.5307,6.2907,6.6078,2.1531,8.7386,3.9363,1.5232
526.50,9.3738,4.0338,1.5650,6.2180,6.7126,2.1913,8.7473,4.0638,1.5579
527.00,9.3695,4.1637,1.6035,6.1405,6.8172,2.2308,8.7412,4.1940,1.6009
527.50,9.3683,4.2937,1.5771,6.0562,6.9281,2.2100,8.7438,4.3333,1.5731
528.00,9.3657,4.4237,1.5936,5.9809,7.0297,2.2207,8.7478,4.4498,1.5838
528.50,9.3626,4.5537,1.5931,5.8982,7.1379,2.2217,8.7454,4.5859,1.5862
529.00,9.3613,4.6836,1.5858,5.8176,7.2445,2.2147,8.7439,4.7194,1.5778
529.50,9.3603,4.8136,1.5811,5.7386,7.3503,2.2103,8.7430,4.8516,1.5713
530.00,9.3590,4.9436,1.5814,5.6569,7.4602,2.2109,8.7430,4.9785,1.5705
530.50,9.3564,5.0736,1.5902,5.5794,7.5638,2.2180,8.7425,5.1079,1.5756
531.00,9.3462,5.2034,1.6741,5.4926,7.6718,2.2963,8.7375,5.2464,1.6524
531.50,9.3272,5.3312,1.8450,5.3985,7.7640,2.4584,8.7177,5.3707,1.8131
532.00,9.2974,5.4508,2.0631,5.2908,7.8348,2.6768,8.6838,5.4877,2.0294
532.50,9.2387,5.5504,2.2822,5.1805,7.8757,2.8989,8.6361,5.5866,2.2515
533.00,9.1558,5.6286,2.4973,5.0655,7.8925,3.1141,8.5586,5.6694,2.4667
533.50,9.0541,5.6953,2.7265,4.9466,7.8839,-2.9434,8.4584,5.7380,2.6903
534.00,8.9355,5.7534,2.9851,4.8190,7.8412,-2.6843,8.3310,5.7875,2.9515
534.50,8.8059,5.7917,-3.0721,4.7068,7.7678,-2.4476,8.2131,5.8281,-3.1005
535.00,8.6768,5.7881,-2.9903,4.6079,7.6762,-2.3532,8.0830,5.8432,-3.0110
535.50,8.5485,5.7696,-2.9944,4.5170,7.5825,-2.3463,7.9539,5.8341,-3.0083
536.00,8.4191,5.7573,-3.1152,4.4203,7.4934,-2.4644,7.8327,5.8236,-3.1223
536.50,8.2891,5.7525,-3.0919,4.3196,7.4146,-2.4608,7.6949,5.8228,-3.1221
537.00,8.1602,5.7409,-2.9452,4.2249,7.3267,-2.3144,7.5661,5.8114,-2.9757
537.50,8.0350,5.7196,-2.7974,4.1419,7.2232,-2.1659,7.4371,5.7808,-2.8273
538.00,7.9151,5.6799,-2.6751,4.0732,7.1095,-2.0495,7.3131,5.7528,-2.7143
538.50,7.8088,5.6238,-2.4715,4.0240,6.9882,-1.8495,7.1996,5.6977,-2.5143
539.00,7.7382,5.5553,-2.2561,4.0056,6.8857,-1.6331,7.1322,5.6383,-2.2971
539.50,7.6732,5.4572,-2.0250,4.0116,6.7646,-1.4043,7.0626,5.5389,-2.0726
540.00,7.6168,5.3434,-1.7602,4.0496,6.6398,-1.1379,7.0188,5.4276,-1.8006
540.50,7.5758,5.2141,-1.5479,4.1232,6.5191,-0.9128,6.9792,5.2970,-1.5846
541.00,7.5728,5.0844,-1.4600,4.2084,6.4217,-0.8096,6.9600,5.1778,-1.4855
541.50,7.5860,4.9556,-1.4283,4.2989,6.3314,-0.7644,6.9601,5.0506,-1.4466
542.00,7.5987,4.8264,-1.5073,4.3912,6.2388,-0.8356,6.9739,4.9207,-1.5248
542.50,7.6036,4.6966,-1.5345,4.4775,6.1385,-0.8725,6.9769,4.7885,-1.5653
543.00,7.6125,4.5669,-1.4654,4.5639,6.0398,-0.8089,6.9803,4.6573,-1.4967
543.50,7.6243,4.4375,-1.4988,4.6579,5.9420,-0.8276,6.9908,4.5220,-1.5169
544.00,7.6277,4.3077,-1.5418,4.7436,5.8433,-0.8763,6.9886,4.4014,-1.5691
544.50,7.6339,4.1778,-1.5165,4.8306,5.7401,-0.8522,6.9855,4.2664,-1.5449
545.00,7.6409,4.0480,-1.5194,4.9200,5.6388,-0.8503,6.9898,4.1373,-1.5466
545.50,7.6447,3.9181,-1.5323,5.0039,5.5419,-0.8629,6.9927,4.0132,-1.5661
546.00,7.6458,3.7881,-1.5768,5.0911,5.4375,-0.9041,6.9857,3.8772,-1.6073
546.50,7.6473,3.6582,-1.5351,5.1745,5.3324,-0.8710,6.9873,3.7431,-1.5742
547.00,7.6565,3.5284,-1.4965,5.2608,5.2334,-0.8297,6.9790,3.6218,-1.5294
547.50,7.6659,3.3987,-1.5016,5.3515,5.1356,-0.8260,6.9958,3.4886,-1.5292
548.00,7.6676,3.2689,-1.5498,5.4350,5.0401,-0.8777,6.9919,3.3618,-1.5844
548.50,7.6728,3.1389,-1.5189,5.5173,4.9422,-0.8500,6.9868,3.2339,-1.5567
549.00,7.6805,3.0091,-1.5172,5.6051,4.8439,-0.8404,6.9901,3.0921,-1.5492
549.50,7.6846,2.8793,-1.5303,5.6909,4.7470,-0.8530,6.9921,2.9727,-1.5631
550.00,7.6883,2.7494,-1.5370,5.7759,4.6488,-0.8599,6.9929,2.8428,-1.5722
550.50,7.6923,2.6194,-1.5385,5.8605,4.5504,-0.8621,6.9825,2.7131,-1.5758
551.00,7.6983,2.4896,-1.5263,5.9489,4.4499,-0.8461,6.9936,2.5751,-1.5598
551.50,7.7009,2.3597,-1.5395,6.0340,4.3521,-0.8620,6.9939,2.4496,-1.5757
552.00,7.7095,2.2299,-1.4980,6.1221,4.2527,-0.8213,6.9853,2.3168,-1.5364
552.50,7.7172,2.1002,-1.5121,6.2088,4.1592,-0.8338,6.9997,2.1893,-1.5475
553.00,7.7287,1.9706,-1.4766,6.3012,4.0599,-0.7995,6.9945,2.0538,-1.5146
553.50,7.7387,1.8410,-1.4871,6.3924,3.9638,-0.8163,7.0005,1.9214,-1.5334
554.00,7.7562,1.7120,-1.4057,6.4893,3.8679,-0.7336,7.0101,1.7913,-1.4488
554.50,7.7781,1.5838,-1.3989,6.5939,3.7749,-0.7263,7.0187,1.6667,-1.4505
555.00,7.8072,1.4568,-1.3233,6.6930,3.6932,-0.6467,7.0426,1.5398,-1.3674
555.50,7.8370,1.3304,-1.3747,6.7959,3.6150,-0.6804,7.0648,1.4133,-1.4080
556.00,7.8579,1.2017,-1.4991,6.8930,3.5264,-0.8050,7.0730,1.2826,-1.5382
556.50,7.8680,1.0718,-1.5748,6.9800,3.4295,-0.8758,7.0981,1.1524,-1.6034
557.00,7.8688,0.9434,-1.7970,7.0567,3.3193,-1.0839,7.0784,1.0191,-1.8171
557.50,7.8495,0.8217,-2.0128,7.1031,3.2005,-1.3099,7.0378,0.8998,-2.0480
558.00,7.7957,0.7092,-2.1781,7.1249,3.0799,-1.4754,6.9926,0.7960,-2.2114
558.50,7.7173,0.6075,-2.3042,7.1281,2.9520,-1.6101,6.9190,0.6891,-2.3447
559.00,7.6255,0.5147,-2.3922,7.1162,2.8226,-1.7063,6.8232,0.6012,-2.4354
559.50,7.5300,0.4266,-2.3909,7.0978,2.6956,-1.7125,6.7349,0.5188,-2.4402
560.00,7.4359,0.3371,-2.3639,7.0803,2.5641,-1.6871,6.6243,0.4323,-2.4133
560.50,7.3451,0.2443,-2.3277,7.0676,2.4342,-1.6483,6.5384,0.3437,-2.3725
561.00,7.2558,0.1498,-2.3286,7.0573,2.2983,-1.6462,6.4350,0.2485,-2.3724
561.50,7.1671,0.0550,-2.3169,7.0482,2.1671,-1.6337,6.3370,0.1565,-2.3614
562.00,7.0793,-0.0409,-2.3145,7.0407,2.0367,-1.6290,6.2487,0.0641,-2.3581
562.50,6.9915,-0.1367,-2.3054,7.0331,1.9057,-1.6214,6.1617,-0.0186,-2.3490
563.00,6.9046,-0.2334,-2.3020,7.0268,1.7707,-1.6153,6.0672,-0.1152,-2.3430
563.50,6.8178,-0.3301,-2.2966,7.0206,1.6319,-1.6108,5.9802,-0.2148,-2.3419
564.00,6.7304,-0.4266,-2.3254,7.0144,1.5010,-1.6351,5.8884,-0.3082,-2.3683
564.50,6.6407,-0.5207,-2.3248,7.0048,1.3681,-1.6402,5.7924,-0.4006,-2.3748
565.00,6.5522,-0.6158,-2.3088,6.9965,1.2344,-1.6237,5.6868,-0.4844,-2.3569
565.50,6.4668,-0.7136,-2.2706,6.9925,1.1048,-1.5823,5.6068,-0.5778,-2.3134
566.00,6.3849,-0.8143,-2.2345,6.9927,0.9719,-1.5521,5.5185,-0.6770,-2.2867
566.50,6.3121,-0.9125,-2.0968,7.0013,0.8462,-1.4227,5.7742,-0.8884,-2.1118
567.00,6.2721,-0.9754,-1.9995,7.0182,0.7649,-1.3102,5.7347,-0.9598,-1.9990
567.50,6.2594,-1.0036,-1.9945,7.0266,0.7332,-1.3073,5.7180,-0.9814,-1.9967
568.00,6.2404,-1.0719,-1.8576,7.0481,0.6664,-1.1859,5.6921,-1.0466,-1.8754
568.50,6.2292,-1.1637,-1.5597,7.0921,0.5900,-0.8948,5.6844,-1.1335,-1.5835
569.00,6.2294,-1.2918,-1.3740,7.1807,0.5032,-0.6860,5.6956,-1.2595,-1.3769
569.50,6.2534,-1.4179,-1.3752,7.2811,0.4250,-0.6680,5.7120,-1.3834,-1.3633
570.00,6.2733,-1.5462,-1.5628,7.3748,0.3403,-0.8347,5.7227,-1.5156,-1.5352
570.50,6.2799,-1.6755,-1.7331,7.4537,0.2312,-1.0263,5.7224,-1.6496,-1.7325
571.00,6.2608,-1.8036,-1.7141,7.5184,0.1212,-1.0254,5.7167,-1.7722,-1.7256
571.50,6.2477,-1.9330,-1.6198,7.5930,0.0108,-0.9287,5.7024,-1.9047,-1.6253
572.00,6.2434,-2.0629,-1.5935,7.6733,-0.0914,-0.8927,5.7013,-2.0307,-1.5901
572.50,6.2404,-2.1929,-1.5884,7.7599,-0.1987,-0.8880,5.6934,-2.1686,-1.5899
573.00,6.2414,-2.3229,-1.5669,7.8467,-0.3012,-0.8596,5.6966,-2.2930,-1.5623
573.50,6.2405,-2.4529,-1.5720,7.9360,-0.4058,-0.8663,5.6920,-2.4305,-1.5725
574.00,6.2423,-2.5829,-1.5615,8.0235,-0.5067,-0.8529,5.6973,-2.5569,-1.5596
574.50,6.2394,-2.7129,-1.5812,8.1057,-0.6024,-0.8734,5.6972,-2.6799,-1.5818
575.00,6.2416,-2.8429,-1.5622,8.1934,-0.7051,-0.8532,5.6947,-2.8155,-1.5609
575.50,6.2412,-2.9729,-1.5709,8.2787,-0.8030,-0.8606,5.6961,-2.9459,-1.5708
576.00,6.2410,-3.1029,-1.5724,8.3680,-0.9066,-0.8604,5.6936,-3.0828,-1.5705
576.50,6.2388,-3.2329,-1.5895,8.4526,-1.0057,-0.8741,5.6970,-3.2061,-1.5859
577.00,6.2386,-3.3628,-1.5734,8.5377,-1.1073,-0.8622,5.6906,-3.3387,-1.5749
577.50,6.2368,-3.4928,-1.5922,8.6245,-1.2086,-0.8756,5.6932,-3.4660,-1.5896
578.00,6.2341,-3.6228,-1.5900,8.7115,-1.3142,-0.8787,5.6862,-3.5996,-1.5914
578.50,6.2310,-3.7528,-1.5969,8.7951,-1.4151,-0.8833,5.6863,-3.7205,-1.5937
579.00,6.2264,-3.8827,-1.6043,8.8791,-1.5192,-0.8906,5.6826,-3.8563,-1.6020
579.50,6.2160,-4.0125,-1.6711,8.9638,-1.6294,-0.9505,5.6737,-3.9906,-1.6615
580.00,6.1965,-4.1414,-1.7253,9.0364,-1.7383,-1.0070,5.6576,-4.1136,-1.7192
580.50,6.1742,-4.2696,-1.7235,9.1040,-1.8490,-1.0193,5.6297,-4.2386,-1.7337
581.00,6.1605,-4.3989,-1.6231,9.1763,-1.9552,-0.9176,5.6132,-4.3661,-1.6262
581.50,6.1537,-4.5287,-1.6180,9.2588,-2.0598,-0.9084,5.6078,-4.4982,-1.6188
582.00,6.1520,-4.6586,-1.5027,9.3410,-2.1590,-0.8124,5.6052,-4.6253,-1.5228
582.50,6.1590,-4.7853,-1.2663,9.4433,-2.2462,-0.5815,5.6255,-4.7582,-1.2878
583.00,6.1884,-4.8998,-1.0350,9.5454,-2.2971,-0.3463,5.6544,-4.8631,-1.0532
583.50,6.2573,-5.0030,-0.8431,9.6717,-2.3292,-0.1490,5.7058,-4.9793,-0.8595
584.00,6.3506,-5.0921,-0.6906,9.8022,-2.3382,0.0128,5.7989,-5.0653,-0.6977
584.50,6.4532,-5.1715,-0.6392,9.9419,-2.3314,0.0711,5.8993,-5.1470,-0.6428
585.00,6.5598,-5.2454,-0.5510,10.0720,-2.3186,0.1477,6.0061,-5.2225,-0.5683
585.50,6.6564,-5.3031,-0.4498,10.1912,-2.2932,0.2613,6.1125,-5.2819,-0.4526
586.00,6.7001,-5.3242,-0.4464,10.2471,-2.2778,0.2694,6.1553,-5.3060,-0.4515
586.50,6.6920,-5.3203,-0.4464,10.2416,-2.2793,0.2699,6.1502,-5.3035,-0.4510
587.00,6.6740,-5.3117,-0.4464,10.2216,-2.2849,0.2707,6.1314,-5.2945,-0.4502
587.50,6.6559,-5.3031,-0.4464,10.2024,-2.2902,0.2713,6.1135,-5.2858,-0.4496
588.00,6.6379,-5.2944,-0.4464,10.1805,-2.2963,0.2724,6.0930,-5.2760,-0.4485
588.50,6.6198,-5.2858,-0.4464,10.1603,-2.3020,0.2729,6.0742,-5.2669,-0.4480
589.00,6.6018,-5.2771,-0.4464,10.1382,-2.3082,0.2736,6.0534,-5.2570,-0.4472
589.50,6.5838,-5.2685,-0.4464,10.1201,-2.3133,0.2748,6.0364,-5.2488,-0.4461
590.00,6.5657,-5.2599,-0.4464,10.1014,-2.3186,0.2760,6.0296,-5.2491,-0.4519
590.50,6.5477,-5.2512,-0.4464,10.0815,-2.3242,0.2771,6.0110,-5.2401,-0.4508
591.00,6.5296,-5.2426,-0.4464,10.0640,-2.3292,0.2786,5.9946,-5.2321,-0.4493
591.50,6.5116,-5.2340,-0.4464,10.0440,-2.3349,0.2790,5.9759,-5.2231,-0.4489
592.00,6.4936,-5.2253,-0.4464,10.0235,-2.3408,0.2799,5.9567,-5.2139,-0.4480
592.50,6.4755,-5.2167,-0.4464,10.0054,-2.3460,0.2801,5.9297,-5.1957,-0.4478
593.00,6.4575,-5.2081,-0.4464,9.9869,-2.3513,0.2811,5.9123,-5.1874,-0.4468
593.50,6.4394,-5.1994,-0.4464,9.9695,-2.3564,0.2823,5.8960,-5.1796,-0.4456
594.00,6.4214,-5.1908,-0.4464,9.9498,-2.3621,0.2829,5.8775,-5.1707,-0.4450
594.50,6.4034,-5.1822,-0.4464,9.9319,-2.3673,0.2835,5.8551,-5.1620,-0.4485
595.00,6.3853,-5.1735,-0.4464,9.9125,-2.3730,0.2839,5.8331,-5.1526,-0.4510
595.50,6.3754,-5.1688,-0.4464,9.8988,-2.3770,0.2846,5.8202,-5.1464,-0.4503
596.00,6.3754,-5.1688,-0.4464,9.8988,-2.3770,0.2853,5.8202,-5.1464,-0.4496
596.50,6.3754,-5.1688,-0.4464,9.8988,-2.3770,0.2861,5.8202,-5.1464,-0.4487
597.00,6.3754,-5.1688,-0.4464,9.8988,-2.3770,0.2866,5.8202,-5.1464,-0.4483
597.50,6.3753,-5.1683,-0.4357,9.8985,-2.3770,0.2936,5.8200,-5.1462,-0.4413
598.00,6.3753,-5.1645,-0.3953,9.8951,-2.3781,0.3345,5.8167,-5.1448,-0.4003
598.50,6.3753,-5.1602,-0.3539,9.8911,-2.3796,0.3766,5.8128,-5.1432,-0.3582
599.00,6.3752,-5.1555,-0.3112,9.8875,-2.3811,0.4194,5.8091,-5.1419,-0.3155
599.50,6.3752,-5.1502,-0.2672,9.8828,-2.3834,0.4642,5.8040,-5.1404,-0.2707
600.00,6.3752,-5.1445,-0.2219,9.8773,-2.3862,0.5100,5.7981,-5.1389,-0.2248
600.50,6.3751,-5.1383,-0.1752,9.8726,-2.3891,0.5576,5.7927,-5.1378,-0.1773
601.00,6.3751,-5.1316,-0.1268,9.8671,-2.3926,0.6065,5.7862,-5.1368,-0.1283
601.50,6.3751,-5.1244,-0.0768,9.8609,-2.3972,0.6580,5.7786,-5.1360,-0.0769
602.00,6.3751,-5.1167,-0.0248,9.8556,-2.4015,0.7107,5.8218,-5.1042,-0.0311
602.50,6.3751,-5.1088,0.0286,9.8544,-2.4025,0.7652,5.8203,-5.1041,0.0233
603.00,6.3751,-5.1012,0.0804,9.8596,-2.3972,0.8178,5.8276,-5.1037,0.0759
603.50,6.3751,-5.0940,0.1304,9.8642,-2.3921,0.8691,5.8345,-5.1031,0.1273
604.00,6.3751,-5.0873,0.1786,9.8681,-2.3872,0.9182,5.8407,-5.1021,0.1764
604.50,6.3752,-5.0811,0.2252,9.8718,-2.3822,0.9657,5.8468,-5.1009,0.2239
605.00,6.3752,-5.0755,0.2704,9.8757,-2.3762,1.0110,5.8537,-5.0992,0.2692
605.50,6.3752,-5.0702,0.3143,9.8783,-2.3720,1.0560,5.8585,-5.0978,0.3142
606.00,6.3753,-5.0655,0.3569,9.8806,-2.3676,1.0992,5.8631,-5.0961,0.3574
606.50,6.3753,-5.0613,0.3983,9.8824,-2.3639,1.1416,5.8670,-5.0946,0.3998
607.00,6.3753,-5.0575,0.4385,9.8838,-2.3607,1.1836,5.8702,-5.0931,0.4418
607.50,6.3754,-5.0543,0.4777,9.8849,-2.3579,1.2235,5.8421,-5.0399,0.4712
608.00,6.3754,-5.0515,0.5158,9.8859,-2.3551,1.2629,5.8447,-5.0385,0.5106
608.50,6.3755,-5.0491,0.5530,9.8868,-2.3520,1.3007,5.8474,-5.0369,0.5484
609.00,6.3755,-5.0473,0.5891,9.8872,-2.3504,1.3381,5.8489,-5.0360,0.5858
609.50,6.3756,-5.0459,0.6244,9.8875,-2.3488,1.3742,5.8502,-5.0351,0.6219
610.00,6.3756,-5.0449,0.6587,9.8878,-2.3476,1.4095,5.8511,-5.0344,0.6572
610.50,6.3757,-5.0444,0.6921,9.8879,-2.3469,1.4438,5.8517,-5.0340,0.6915
611.00,6.3758,-5.0443,0.7247,9.8879,-2.3466,1.4771,5.8519,-5.0337,0.7248
611.50,6.3755,-5.0444,0.7577,9.8879,-2.3467,1.5110,5.8518,-5.0338,0.7587
612.00,6.3754,-5.0444,0.7918,9.8879,-2.3472,1.5456,5.8515,-5.0341,0.7933
612.50,6.3755,-5.0448,0.8254,9.8879,-2.3475,1.5795,5.8513,-5.0344,0.8272
613.00,6.3755,-5.0450,0.8581,9.8879,-2.3479,1.6131,5.8510,-5.0347,0.8608
613.50,6.3753,-5.0451,0.8910,9.8879,-2.3482,1.6468,5.8509,-5.0349,0.8945
614.00,6.3746,-5.0451,0.9247,9.8880,-2.3492,1.6814,5.8502,-5.0357,0.9291
614.50,6.3735,-5.0452,0.9594,9.8882,-2.3505,1.7169,5.8494,-5.0368,0.9646
615.00,6.3719,-5.0452,0.9949,9.8884,-2.3522,1.7533,5.8485,-5.0382,1.0010
615.50,6.3699,-5.0453,1.0315,9.8888,-2.3540,1.7899,5.8475,-5.0398,1.0376
616.00,6.3674,-5.0453,1.0690,9.8896,-2.3573,1.8282,5.8459,-5.0427,1.0759
616.50,6.3644,-5.0454,1.1075,9.8906,-2.3609,1.8677,5.8442,-5.0460,1.1154
617.00,6.3609,-5.0454,1.1470,9.8919,-2.3648,1.9083,5.8424,-5.0498,1.1560
617.50,6.3579,-5.0455,1.1815,9.8929,-2.3675,1.9434,5.8413,-5.0525,1.1911
618.00,6.3538,-5.0455,1.2231,9.8947,-2.3719,1.9857,5.8396,-5.0569,1.2334
618.50,6.3490,-5.0455,1.2660,9.8964,-2.3754,2.0293,5.8384,-5.0606,1.2770
619.00,6.3437,-5.0456,1.3101,9.8978,-2.3782,2.0742,5.8376,-5.0636,1.3219
619.50,6.3381,-5.0456,1.3536,9.9010,-2.3837,2.1210,5.8361,-5.0698,1.3687
620.00,6.3334,-5.0456,1.3900,9.9033,-2.3873,2.1612,5.8354,-5.0740,1.4089
620.50,6.3285,-5.0456,1.4263,9.9057,-2.3908,2.1982,5.8348,-5.0782,1.4459
621.00,6.3223,-5.0457,1.4724,9.9089,-2.3950,2.2434,5.8342,-5.0835,1.4911
621.50,6.3149,-5.0457,1.5235,9.9128,-2.3997,2.2956,5.7959,-5.0546,1.5289
622.00,6.3070,-5.0457,1.5766,9.9190,-2.4062,2.3498,5.7687,-5.0382,1.5730
622.50,6.2991,-5.0457,1.6293,9.9137,-2.4011,2.4033,5.7685,-5.0308,1.6265
623.00,6.2918,-5.0457,1.6800,9.9072,-2.3955,2.4548,5.7678,-5.0223,1.6781
623.50,6.2848,-5.0445,1.7319,9.9029,-2.3921,2.5049,5.7671,-5.0168,1.7282
624.00,6.2709,-5.0026,1.8869,9.8709,-2.3723,2.6506,5.7582,-4.9803,1.8738
624.50,6.2385,-4.9041,1.9784,9.7821,-2.3325,2.7602,5.7024,-4.8998,1.9800
625.00,6.1901,-4.7838,1.9141,9.6650,-2.2843,2.7134,5.6451,-4.7749,1.9287
625.50,6.1502,-4.6591,1.6871,9.5455,-2.2162,2.5009,5.6085,-4.6424,1.7120
626.00,6.1252,-4.5293,1.5006,9.4455,-2.1235,2.2977,5.6037,-4.5114,1.5053
626.50,6.1326,-4.3998,1.5049,9.3618,-2.0249,2.2823,5.5952,-4.3903,1.4916
627.00,6.1357,-4.2699,1.5882,9.2697,-1.9285,2.3723,5.5939,-4.2549,1.5886
627.50,6.1340,-4.1399,1.5703,9.1732,-1.8357,2.3629,5.5861,-4.1260,1.5757
628.00,6.1368,-4.0099,1.5645,9.0781,-1.7388,2.3491,5.5899,-3.9973,1.5615
628.50,6.1344,-3.8799,1.5782,8.9830,-1.6459,2.3721,5.5944,-3.8655,1.5836
629.00,6.1338,-3.7499,1.5782,8.8859,-1.5508,2.3681,5.5868,-3.7329,1.5770
629.50,6.1307,-3.6199,1.5776,8.7898,-1.4587,2.3781,5.5869,-3.6094,1.5888
630.00,6.1328,-3.4899,1.5623,8.6942,-1.3638,2.3565,5.5866,-3.4746,1.5602
630.50,6.1285,-3.3599,1.5958,8.5998,-1.2735,2.3982,5.5838,-3.3506,1.6002
631.00,6.1298,-3.2299,1.5647,8.5031,-1.1810,2.3630,5.5805,-3.2168,1.5623
631.50,6.1256,-3.1000,1.6049,8.4046,-1.0875,2.4055,5.5841,-3.0827,1.6069
632.00,6.1252,-2.9700,1.5724,8.3086,-0.9975,2.3725,5.5770,-2.9611,1.5735
632.50,6.1209,-2.8400,1.6238,8.2148,-0.9091,2.4192,5.5769,-2.8322,1.6195
633.00,6.1157,-2.7102,1.5892,8.1147,-0.8207,2.3939,5.5687,-2.6988,1.5949
633.50,6.1113,-2.5803,1.6417,8.0169,-0.7307,2.4307,5.5699,-2.5659,1.6297
634.00,6.0977,-2.4514,1.7366,7.9137,-0.6520,2.5372,5.5538,-2.4437,1.7375
634.50,6.0748,-2.3236,1.7709,7.8051,-0.5802,2.5757,5.5330,-2.3159,1.7740
635.00,6.0537,-2.1955,1.6877,7.6949,-0.5065,2.5037,5.5093,-2.1855,1.6992
635.50,6.0387,-2.0662,1.6898,7.5921,-0.4272,2.4947,5.4966,-2.0564,1.6860
636.00,6.0183,-1.9374,1.7335,7.4802,-0.3452,2.5356,5.4787,-1.9232,1.7282
636.50,5.9889,-1.8099,1.7998,7.3600,-0.2681,2.6079,5.4474,-1.7892,1.8005
637.00,5.9595,-1.6833,1.8012,7.2383,-0.1962,2.6081,5.4167,-1.6648,1.7973
637.50,5.9229,-1.5575,1.8541,7.1216,-0.1306,2.6591,5.3864,-1.5478,1.8507
638.00,5.8856,-1.4328,1.8555,7.0040,-0.0704,2.6659,5.3448,-1.4213,1.8561
638.50,5.8441,-1.3087,1.9028,6.8874,-0.0124,2.7061,5.3026,-1.2967,1.8964
639.00,5.7961,-1.1866,1.9427,6.7629,0.0424,2.7472,5.2572,-1.1687,1.9387
639.50,5.7401,-1.0674,2.0283,6.6345,0.0902,2.8290,5.2000,-1.0510,2.0199
640.00,5.6749,-0.9543,2.1568,6.5004,0.1256,2.9534,5.1280,-0.9312,2.1443
640.50,5.5980,-0.8514,2.3056,6.3653,0.1419,3.1009,5.0505,-0.8377,2.2933
641.00,5.5061,-0.7660,2.4943,6.2362,0.1361,-2.9964,4.9646,-0.7475,2.4792
641.50,5.3965,-0.6932,2.6756,6.1068,0.1051,-2.8099,4.8563,-0.6774,2.6645
642.00,5.2769,-0.6325,2.7867,5.9800,0.0513,-2.6861,4.7301,-0.6217,2.7874
642.50,5.1549,-0.5870,2.7903,5.8570,-0.0099,-2.6792,4.6111,-0.5660,2.7899
643.00,5.0317,-0.5478,2.8706,5.7385,-0.0728,-2.6080,4.4938,-0.5279,2.8596
643.50,4.9055,-0.5164,2.8994,5.6273,-0.1440,-2.5607,4.3632,-0.4972,2.9088
644.00,4.7802,-0.4810,2.8687,5.5107,-0.2159,-2.6007,4.2345,-0.4606,2.8644
644.50,4.6540,-0.4513,2.9198,5.4009,-0.2867,-2.5447,4.1265,-0.4299,2.9228
645.00,4.5276,-0.4198,2.9015,5.2846,-0.3634,-2.5673,3.9926,-0.3977,2.8992
645.50,4.4004,-0.3946,2.9620,5.1740,-0.4403,-2.5024,3.8812,-0.3755,2.9648
646.00,4.2731,-0.3670,2.8936,5.0648,-0.5185,-2.5611,3.7547,-0.3497,2.9070
646.50,4.1484,-0.3302,2.8242,4.9519,-0.5865,-2.6314,3.6386,-0.3144,2.8297
647.00,4.0258,-0.2850,2.7881,4.8374,-0.6471,-2.6739,3.5259,-0.2718,2.7889
647.50,3.9025,-0.2446,2.8836,4.7189,-0.7107,-2.5939,3.3994,-0.2286,2.8698
648.00,3.7751,-0.2138,2.9803,4.6136,-0.7847,-2.4816,3.3153,-0.2009,2.9839
648.50,3.6473,-0.1889,2.9035,4.5102,-0.8628,-2.5397,3.2132,-0.1741,2.9232
649.00,3.5236,-0.1552,2.7738,4.4063,-0.9236,-2.6765,3.1170,-0.1419,2.7820
649.50,3.4025,-0.1099,2.7925,4.2895,-0.9807,-2.6731,2.9932,-0.0909,2.7871
650.00,3.2786,-0.0715,2.8652,4.1718,-1.0466,-2.5948,2.8809,-0.0530,2.8690
650.50,3.1536,-0.0348,2.8503,4.0559,-1.1174,-2.6009,2.7698,-0.0197,2.8594
651.00,3.0312,0.0077,2.8163,3.9393,-1.1839,-2.6406,2.6750,0.0208,2.8175
651.50,2.9461,0.0405,2.9162,3.8564,-1.2320,-2.5558,2.5926,0.0491,2.9022
652.00,2.8561,0.0650,-3.0819,3.7870,-1.2920,-2.2795,2.5163,0.0633,-3.1011
652.50,2.7301,0.0674,-2.8954,3.7165,-1.3966,-2.0702,2.3689,0.0617,-2.8919
653.00,2.6088,0.0386,-2.8898,3.6586,-1.5098,-2.0464,2.2715,0.0563,-2.8767
653.50,2.4811,0.0149,-3.0631,3.5953,-1.6165,-2.1986,2.1488,0.0294,-3.0318
654.00,2.3515,0.0013,3.0118,3.5035,-1.7148,-2.4238,2.0176,0.0309,3.0220
654.50,2.2230,0.0163,2.9950,3.3999,-1.7998,-2.4590,1.8947,0.0312,2.9911
655.00,2.0940,0.0297,3.0383,3.2993,-1.8869,-2.4087,1.7697,0.0432,3.0445
655.50,1.9643,0.0366,3.1224,3.2015,-1.9813,-2.3254,1.6256,0.0505,3.1229
656.00,1.8343,0.0402,3.0934,3.1146,-2.0749,-2.3402,1.5046,0.0507,3.1060
656.50,1.7045,0.0465,3.1211,3.0239,-2.1667,-2.3281,1.3675,0.0563,3.1146
657.00,1.5745,0.0483,3.1121,2.9301,-2.2694,-2.3194,1.2385,0.0577,3.1275
657.50,1.4446,0.0521,-3.1360,2.8386,-2.3664,-2.3025,1.1233,0.0605,3.1402
658.00,1.3146,0.0487,-3.1160,2.7501,-2.4720,-2.2615,0.9815,0.0561,-3.1006
658.50,1.1847,0.0504,3.1202,2.6610,-2.5716,-2.3198,0.8532,0.0557,3.1201
659.00,1.0547,0.0510,3.1260,2.5769,-2.6652,-2.3027,0.7363,0.0562,3.1393
659.50,0.9247,0.0546,3.1346,2.4886,-2.7607,-2.3083,0.5898,0.0582,3.1302
660.00,0.7947,0.0538,3.1354,2.4043,-2.8576,-2.2899,0.4585,0.0588,-3.1338
660.50,0.6648,0.0589,3.1089,2.3150,-2.9545,-2.3261,0.3347,0.0611,3.1089
661.00,0.5348,0.0573,-3.1101,2.2252,-3.0578,-2.2536,0.2108,0.0618,-3.1004
661.50,0.4049,0.0557,-3.1260,2.1401,-3.1593,-2.2743,0.0778,0.0581,-3.1232
662.00,0.2749,0.0526,-3.1389,2.0594,-3.2569,-2.2724,-0.0333,0.0540,-3.1238
662.50,0.1449,0.0567,3.1142,1.9713,-3.3549,-2.3140,-0.1760,0.0559,3.1168
663.00,0.0149,0.0568,3.1348,1.8828,-3.4566,-2.2797,-0.3109,0.0557,-3.1334
663.50,-0.1150,0.0624,3.0998,1.7908,-3.5577,-2.3257,-0.4406,0.0582,3.1009
664.00,-0.2449,0.0629,3.1412,1.7015,-3.6583,-2.2762,-0.5775,0.0616,-3.1321
664.50,-0.3749,0.0657,3.1318,1.6151,-3.7562,-2.2949,-0.6915,0.0621,3.1308
665.00,-0.5049,0.0622,-3.1058,1.5337,-3.8555,-2.2384,-0.8239,0.0610,-3.0933
665.50,-0.6348,0.0628,3.1340,1.4456,-3.9610,-2.2887,-0.9724,0.0581,3.1359
666.00,-0.7648,0.0599,-3.1260,1.3612,-4.0619,-2.2571,-1.0901,0.0561,-3.1139
666.50,-0.8948,0.0627,3.1080,1.2686,-4.1676,-2.3146,-1.2238,0.0568,3.1118
667.00,-1.0248,0.0623,-3.1381,1.1814,-4.2669,-2.2725,-1.3520,0.0580,-3.1301
667.50,-1.1547,0.0668,3.0996,1.0913,-4.3680,-2.3239,-1.4849,0.0597,3.1025
668.00,-1.2847,0.0671,-3.1212,1.0067,-4.4635,-2.2598,-1.6101,0.0615,-3.1149
668.50,-1.4147,0.0677,3.1343,0.9205,-4.5656,-2.2875,-1.7436,0.0595,3.1407
669.00,-1.5446,0.0646,-3.1221,0.8335,-4.6704,-2.2498,-1.8677,0.0566,-3.1049
669.50,-1.6746,0.0676,3.0805,0.7470,-4.7702,-2.3285,-1.9897,0.0557,3.0920
670.00,-1.8044,0.0728,3.1244,0.6547,-4.8688,-2.2913,-2.1346,0.0617,3.1263
670.50,-1.9344,0.0761,3.1117,0.5681,-4.9681,-2.2979,-2.2546,0.0633,3.1212
671.00,-2.0643,0.0753,-3.0815,0.4832,-5.0698,-2.2122,-2.3989,0.0617,-3.0812
671.50,-2.1939,0.0659,-3.0576,0.4078,-5.1765,-2.1728,-2.5208,0.0500,-3.0439
672.00,-2.3237,0.0607,-3.1164,0.3306,-5.2828,-2.2306,-2.6600,0.0399,-3.1101
672.50,-2.4537,0.0587,-3.1224,0.2499,-5.3855,-2.2378,-2.7606,0.0367,-3.1173
673.00,-2.5836,0.0603,3.1327,0.1664,-5.4876,-2.2705,-2.9224,0.0354,3.1331
673.50,-2.7136,0.0564,-3.1163,0.0824,-5.5904,-2.2352,-3.0470,0.0348,-3.1113
674.00,-2.8436,0.0559,-3.1391,-0.0020,-5.6959,-2.2578,-3.1603,0.0318,-3.1373
674.50,-2.9736,0.0506,-3.1007,-0.0871,-5.8018,-2.2251,-3.3079,0.0301,-3.1011
675.00,-3.1032,0.0391,-3.0209,-0.1675,-5.9122,-2.1527,-3.4424,0.0211,-3.0287
675.50,-3.2314,0.0185,-2.9289,-0.2351,-6.0268,-2.0564,-3.5678,-0.0044,-2.9310
676.00,-3.3582,-0.0098,-2.9155,-0.2938,-6.1418,-2.0377,-3.6896,-0.0286,-2.9103
676.50,-3.4844,-0.0457,-2.8677,-0.3511,-6.2599,-1.9967,-3.8169,-0.0608,-2.8727
677.00,-3.6088,-0.0852,-2.8548,-0.4025,-6.3812,-1.9683,-3.9630,-0.0988,-2.8409
677.50,-3.7344,-0.1159,-2.9013,-0.4596,-6.5073,-2.0237,-4.0545,-0.1403,-2.9012
678.00,-3.8612,-0.1415,-2.9353,-0.5190,-6.6241,-2.0615,-4.1742,-0.1649,-2.9340
678.50,-3.9878,-0.1729,-2.8794,-0.5793,-6.7408,-2.0181,-4.3147,-0.1935,-2.8886
679.00,-4.1118,-0.2130,-2.8170,-0.6302,-6.8615,-1.9416,-4.4377,-0.2316,-2.8037
679.50,-4.2362,-0.2497,-2.8857,-0.6820,-6.9859,-2.0053,-4.5597,-0.2779,-2.8744
680.00,-4.3621,-0.2821,-2.8678,-0.7388,-7.1043,-2.0040,-4.6726,-0.3072,-2.8765
680.50,-4.4855,-0.3232,-2.7809,-0.7872,-7.2232,-1.9117,-4.8047,-0.3464,-2.7807
681.00,-4.6067,-0.3701,-2.7842,-0.8290,-7.3482,-1.8987,-4.9271,-0.3955,-2.7678
681.50,-4.7299,-0.4105,-2.8305,-0.8772,-7.4750,-1.9548,-5.0650,-0.4407,-2.8274
682.00,-4.8532,-0.4520,-2.8298,-0.9252,-7.5976,-1.9458,-5.1897,-0.4828,-2.8184
682.50,-4.9773,-0.4897,-2.8462,-0.9734,-7.7160,-1.9685,-5.2873,-0.5221,-2.8396
683.00,-5.1014,-0.5285,-2.8453,-1.0233,-7.8369,-1.9647,-5.4219,-0.5618,-2.8373
683.50,-5.2253,-0.5693,-2.8086,-1.0730,-7.9580,-1.9387,-5.5407,-0.6016,-2.8113
684.00,-5.3464,-0.6192,-2.7234,-1.1160,-8.0832,-1.8583,-5.6743,-0.6489,-2.7274
684.50,-5.4612,-0.6783,-2.5782,-1.1456,-8.2127,-1.7137,-5.7824,-0.7098,-2.5828
685.00,-5.5680,-0.7491,-2.4854,-1.1588,-8.3467,-1.6205,-5.9131,-0.7864,-2.4895
685.50,-5.6654,-0.8340,-2.3653,-1.1570,-8.4786,-1.4951,-5.9868,-0.8629,-2.3642
686.00,-5.7516,-0.9240,-2.3090,-1.1421,-8.6068,-1.4283,-6.0709,-0.9572,-2.3009
686.50,-5.8003,-0.9789,-2.2764,-1.1297,-8.6852,-1.3949,-6.1228,-1.0172,-2.2709
687.00,-5.8093,-0.9897,-2.2432,-1.1260,-8.7048,-1.3607,-6.1350,-1.0330,-2.2402
687.50,-5.8085,-0.9897,-2.2093,-1.1263,-8.7041,-1.3258,-6.1347,-1.0324,-2.2054
688.00,-5.8073,-0.9896,-2.1744,-1.1266,-8.7030,-1.2900,-6.1340,-1.0314,-2.1695
688.50,-5.8056,-0.9896,-2.1387,-1.1271,-8.7015,-1.2532,-6.1332,-1.0301,-2.1327
689.00,-5.8035,-0.9895,-2.1019,-1.1281,-8.6986,-1.2151,-6.1316,-1.0275,-2.0946
689.50,-5.8009,-0.9895,-2.0642,-1.1289,-8.6968,-1.1772,-6.1306,-1.0257,-2.0568
690.00,-5.7978,-0.9894,-2.0255,-1.1301,-8.6939,-1.1374,-6.1292,-1.0229,-2.0169
690.50,-5.7947,-0.9893,-1.9643,-1.1317,-8.6907,-1.0844,-6.1278,-1.0196,-1.9639
691.00,-5.7836,-0.9892,-1.7630,-1.1376,-8.6818,-0.8930,-6.1246,-1.0094,-1.7725
691.50,-5.7640,-0.9891,-1.5088,-1.1476,-8.6717,-0.6405,-6.1233,-0.9952,-1.5200
692.00,-5.7424,-0.9892,-1.3287,-1.1275,-8.6837,-0.4410,-6.1197,-1.0184,-1.3205
692.50,-5.7397,-0.9892,-1.3066,-1.1243,-8.6851,-0.4080,-6.1187,-1.0218,-1.2875
693.00,-5.7397,-0.9892,-1.3066,-1.1243,-8.6851,-0.4073,-6.1187,-1.0218,-1.2868
693.50,-5.7397,-0.9892,-1.3066,-1.1243,-8.6851,-0.4070,-6.1187,-1.0218,-1.2865
694.00,-5.7397,-0.9892,-1.3066,-1.1243,-8.6851,-0.4056,-6.1187,-1.0218,-1.2851
694.50,-5.7397,-0.9892,-1.3066,-1.1243,-8.6851,-0.4045,-6.1187,-1.0218,-1.2840
695.00,-5.7403,-0.9892,-1.3187,-1.1248,-8.6849,-0.4103,-6.1189,-1.0212,-1.2898
695.50,-5.7459,-0.9892,-1.3645,-1.1287,-8.6831,-0.4545,-6.1200,-1.0171,-1.3340
696.00,-5.7523,-0.9892,-1.4118,-1.1346,-8.6800,-0.5003,-6.1214,-1.0106,-1.3798
696.50,-5.7592,-0.9891,-1.4607,-1.1400,-8.6769,-0.5486,-6.1224,-1.0045,-1.4281
697.00,-5.7665,-0.9891,-1.5114,-1.1468,-8.6725,-0.5988,-6.1233,-0.9964,-1.4783
697.50,-5.7743,-0.9891,-1.5640,-1.1509,-8.6695,-0.6498,-6.1237,-0.9914,-1.5293
698.00,-5.7822,-0.9891,-1.6172,-1.1477,-8.6722,-0.7019,-6.1237,-0.9955,-1.5814
698.50,-5.7897,-0.9891,-1.6683,-1.1418,-8.6773,-0.7523,-6.1239,-1.0033,-1.6318
699.00,-5.7967,-0.9892,-1.7177,-1.1367,-8.6824,-0.8009,-6.1245,-1.0105,-1.6804
699.50,-5.8032,-0.9892,-1.7653,-1.1316,-8.6879,-0.8480,-6.1255,-1.0179,-1.7275
700.00,-5.8092,-0.9892,-1.8115,-1.1281,-8.6920,-0.8932,-6.1265,-1.0232,-1.7727
700.50,-5.8147,-0.9892,-1.8562,-1.1252,-8.6958,-0.9374,-6.1275,-1.0279,-1.8169
701.00,-5.8198,-0.9893,-1.8997,-1.1227,-8.6994,-0.9795,-6.1287,-1.0322,-1.8590
701.50,-5.8243,-0.9893,-1.9418,-1.1204,-8.7029,-1.0211,-6.1299,-1.0361,-1.9006
702.00,-5.8284,-0.9894,-1.9828,-1.1183,-8.7065,-1.0612,-6.1314,-1.0401,-1.9407
702.50,-5.8320,-0.9894,-2.0227,-1.1167,-8.7096,-1.1003,-6.1327,-1.0433,-1.9798
703.00,-5.8351,-0.9894,-2.0615,-1.1155,-8.7119,-1.1384,-6.1548,-1.0362,-2.0385
703.50,-5.8377,-0.9895,-2.0993,-1.1145,-8.7142,-1.1754,-6.1688,-1.0308,-2.0898
704.00,-5.8399,-0.9895,-2.1361,-1.1139,-8.7156,-1.2111,-6.1695,-1.0321,-2.1255
704.50,-5.8416,-0.9896,-2.1720,-1.1136,-8.7166,-1.2464,-6.1701,-1.0330,-2.1608
705.00,-5.8429,-0.9896,-2.2069,-1.1132,-8.7177,-1.2804,-6.1707,-1.0339,-2.1948
705.50,-5.8431,-0.9897,-2.2114,-1.1132,-8.7180,-1.2909,-6.1709,-1.0342,-2.2053
706.00,-5.8419,-0.9896,-2.1766,-1.1135,-8.7167,-1.2552,-6.1702,-1.0331,-2.1696
706.50,-5.8402,-0.9895,-2.1409,-1.1143,-8.7146,-1.2184,-6.1689,-1.0312,-2.1328
707.00,-5.8381,-0.9895,-2.1043,-1.1150,-8.7127,-1.1808,-6.1679,-1.0294,-2.0952
707.50,-5.8355,-0.9894,-2.0666,-1.1160,-8.7104,-1.1427,-6.1667,-1.0273,-2.0571
708.00,-5.8325,-0.9894,-2.0279,-1.1176,-8.7071,-1.1028,-6.1650,-1.0240,-2.0172
708.50,-5.8290,-0.9894,-1.9882,-1.1195,-8.7036,-1.0620,-6.1634,-1.0204,-1.9764
709.00,-5.8250,-0.9893,-1.9474,-1.1220,-8.6993,-1.0204,-6.1615,-1.0157,-1.9348
709.50,-5.8205,-0.9893,-1.9053,-1.1244,-8.6955,-0.9776,-6.1600,-1.0115,-1.8920
710.00,-5.8155,-0.9892,-1.8621,-1.1274,-8.6913,-0.9337,-6.1585,-1.0066,-1.8481
710.50,-5.8100,-0.9892,-1.8175,-1.1317,-8.6858,-0.8885,-6.1567,-0.9998,-1.8029
711.00,-5.8041,-0.9892,-1.7716,-1.1356,-8.6812,-0.8419,-6.1555,-0.9940,-1.7563
711.50,-5.7976,-0.9892,-1.7241,-1.1394,-8.6771,-0.7933,-6.1546,-0.9885,-1.7077
712.00,-5.7884,-1.0137,-1.6017,-1.1255,-8.6895,-0.6835,-6.1559,-1.0070,-1.5979
712.50,-5.7722,-1.1014,-1.4953,-1.0522,-8.7396,-0.5550,-6.1508,-1.0957,-1.4694
713.00,-5.7594,-1.2297,-1.4734,-0.9426,-8.8054,-0.5318,-6.0949,-1.2626,-1.4672
713.50,-5.7426,-1.3587,-1.3876,-0.8246,-8.8718,-0.4631,-6.0722,-1.3911,-1.3984
714.00,-5.7168,-1.4841,-1.2160,-0.7063,-8.9194,-0.2905,-6.0360,-1.5104,-1.2258
714.50,-5.6766,-1.6021,-1.0515,-0.5814,-8.9459,-0.1214,-5.9989,-1.6365,-1.0588
715.00,-5.6098,-1.7088,-0.8784,-0.4547,-8.9503,0.0555,-5.9419,-1.7414,-0.8798
715.50,-5.5216,-1.8016,-0.7494,-0.3225,-8.9336,0.1920,-5.8498,-1.8379,-0.7468
716.00,-5.4574,-1.8588,-0.7056,-0.2306,-8.9129,0.2429,-5.7786,-1.8997,-0.6995
716.50,-5.4391,-1.8741,-0.6725,-0.2011,-8.9052,0.2768,-5.7546,-1.9185,-0.6690
717.00,-5.4392,-1.8733,-0.6385,-0.2014,-8.9053,0.3119,-5.7549,-1.9184,-0.6339
717.50,-5.4392,-1.8721,-0.6036,-0.2026,-8.9058,0.3478,-5.7560,-1.9177,-0.5980
718.00,-5.4393,-1.8704,-0.5679,-0.2043,-8.9065,0.3843,-5.7576,-1.9167,-0.5615
718.50,-5.4393,-1.8683,-0.5311,-0.2067,-8.9076,0.4220,-5.7599,-1.9153,-0.5238
719.00,-5.4394,-1.8656,-0.4934,-0.2094,-8.9088,0.4610,-5.7625,-1.9139,-0.4848
719.50,-5.4394,-1.8626,-0.4547,-0.2133,-8.9109,0.5009,-5.7664,-1.9119,-0.4449
720.00,-5.4395,-1.8590,-0.4149,-0.2161,-8.9125,0.5413,-5.7693,-1.9106,-0.4045
720.50,-5.4395,-1.8550,-0.3740,-0.2206,-8.9154,0.5830,-5.7743,-1.9086,-0.3628
721.00,-5.4395,-1.8505,-0.3319,-0.2247,-8.9182,0.6259,-5.7790,-1.9069,-0.3199
721.50,-5.4396,-1.8455,-0.2886,-0.2281,-8.9207,0.6703,-5.7830,-1.9057,-0.2755
722.00,-5.4396,-1.8400,-0.2439,-0.2328,-8.9246,0.7162,-5.7889,-1.9041,-0.2297
722.50,-5.4396,-1.8340,-0.1979,-0.2363,-8.9277,0.7632,-5.7935,-1.9032,-0.1826
723.00,-5.4396,-1.8275,-0.1503,-0.2406,-8.9321,0.8115,-5.7996,-1.9022,-0.1343
723.50,-5.4397,-1.8206,-0.1011,-0.2460,-8.9380,0.8619,-5.8075,-1.9013,-0.0839
724.00,-5.4397,-1.8131,-0.0501,-0.2506,-8.9437,0.9135,-5.8148,-1.9009,-0.0323
724.50,-5.4397,-1.8052,0.0029,-0.2552,-8.9500,0.9677,-5.8226,-1.9008,0.0219
725.00,-5.4397,-1.7974,0.0557,-0.2512,-8.9438,1.0221,-5.8153,-1.9005,0.0763
725.50,-5.4397,-1.7900,0.1065,-0.2478,-8.9378,1.0744,-5.8084,-1.8998,0.1286
726.00,-5.4396,-1.7831,0.1556,-0.2451,-8.9327,1.1249,-5.8027,-1.8989,0.1791
726.50,-5.4396,-1.7767,0.2030,-0.2427,-8.9273,1.1734,-5.7969,-1.8977,0.2276
727.00,-5.4396,-1.7708,0.2489,-0.2405,-8.9217,1.2201,-5.7911,-1.8962,0.2743
727.50,-5.4396,-1.7653,0.2933,-0.2383,-8.9153,1.2657,-5.7847,-1.8942,0.3199
728.00,-5.4395,-1.7604,0.3365,-0.2368,-8.9102,1.3101,-5.7796,-1.8924,0.3643
728.50,-5.4395,-1.7559,0.3785,-0.2354,-8.9045,1.3535,-5.7741,-1.8903,0.4077
729.00,-5.4395,-1.7519,0.4193,-0.2346,-8.9002,1.3959,-5.7702,-1.8884,0.4501
729.50,-5.4394,-1.7484,0.4590,-0.2340,-8.8967,1.4366,-5.7670,-1.8868,0.4908
730.00,-5.4394,-1.7454,0.4976,-0.2337,-8.8937,1.4760,-5.7644,-1.8854,0.5302
730.50,-5.4393,-1.7429,0.5352,-0.2335,-8.8908,1.5153,-5.7619,-1.8839,0.5695
731.00,-5.4393,-1.7408,0.5718,-0.2333,-8.8883,1.5532,-5.7598,-1.8825,0.6074
731.50,-5.4392,-1.7391,0.6075,-0.2334,-8.8861,1.5900,-5.7580,-1.8812,0.6442
732.00,-5.4392,-1.7380,0.6423,-0.2334,-8.8848,1.6264,-5.7570,-1.8804,0.6806
732.50,-5.4391,-1.7372,0.6761,-0.2334,-8.8842,1.6617,-5.7566,-1.8800,0.7159
733.00,-5.4390,-1.7369,0.7091,-0.2335,-8.8838,1.6961,-5.7562,-1.8797,0.7503
733.50,-5.4391,-1.7370,0.7417,-0.2335,-8.8840,1.7297,-5.7564,-1.8798,0.7839
734.00,-5.4394,-1.7370,0.7752,-0.2334,-8.8845,1.7645,-5.7567,-1.8802,0.8187
734.50,-5.4393,-1.7372,0.8094,-0.2334,-8.8845,1.7999,-5.7568,-1.8802,0.8541
735.00,-5.4393,-1.7376,0.8425,-0.2332,-8.8853,1.8344,-5.7573,-1.8808,0.8886
735.50,-5.4393,-1.7377,0.8750,-0.2332,-8.8853,1.8676,-5.7573,-1.8809,0.9217
736.00,-5.4398,-1.7378,0.9084,-0.2330,-8.8858,1.9018,-5.7576,-1.8812,0.9560
736.50,-5.4406,-1.7378,0.9407,-0.2327,-8.8866,1.9369,-5.7581,-1.8820,0.9910
737.00,-5.4419,-1.7379,0.9758,-0.2322,-8.8879,1.9731,-5.7588,-1.8831,1.0273
737.50,-5.4437,-1.7379,1.0118,-0.2313,-8.8898,2.0097,-5.7598,-1.8850,1.0639
738.00,-5.4460,-1.7380,1.0488,-0.2305,-8.8915,2.0481,-5.7607,-1.8866,1.1023
738.50,-5.4487,-1.7380,1.0868,-0.2291,-8.8940,2.0868,-5.7620,-1.8893,1.1409
739.00,-5.4519,-1.7381,1.1258,-0.2276,-8.8965,2.1272,-5.7632,-1.8919,1.1814
739.50,-5.4556,-1.7381,1.1658,-0.2253,-8.9001,2.1682,-5.7647,-1.8959,1.2223
740.00,-5.4597,-1.7381,1.2070,-0.2229,-8.9034,2.2112,-5.7660,-1.8998,1.2654
740.50,-5.4644,-1.7382,1.2494,-0.2197,-8.9076,2.2548,-5.7675,-1.9048,1.3090
741.00,-5.4695,-1.7382,1.2930,-0.2164,-8.9115,2.2994,-5.7687,-1.9098,1.3536
741.50,-5.4751,-1.7382,1.3380,-0.2130,-8.9151,2.3454,-5.7696,-1.9146,1.3996
742.00,-5.4812,-1.7383,1.3844,-0.2085,-8.9195,2.3929,-5.7706,-1.9209,1.4471
742.50,-5.4878,-1.7383,1.4324,-0.2033,-8.9241,2.4418,-5.7713,-1.9278,1.4959
743.00,-5.4949,-1.7383,1.4820,-0.1973,-8.9290,2.4918,-5.7717,-1.9355,1.5459
743.50,-5.5024,-1.7383,1.5335,-0.1918,-8.9329,2.5442,-5.8072,-1.8501,1.5593
744.00,-5.5104,-1.7383,1.5869,-0.1870,-8.9360,2.5990,-5.8252,-1.7875,1.5869
744.50,-5.5181,-1.7383,1.6391,-0.1933,-8.9325,2.6530,-5.8255,-1.7804,1.6409
745.00,-5.5253,-1.7383,1.6895,-0.2006,-8.9288,2.7043,-5.8263,-1.7722,1.6922
745.50,-5.5321,-1.7383,1.7381,-0.2070,-8.9260,2.7540,-5.8273,-1.7653,1.7419
746.00,-5.5384,-1.7382,1.7851,-0.2137,-8.9234,2.8019,-5.8287,-1.7582,1.7897
746.50,-5.5442,-1.7382,1.8307,-0.2187,-8.9218,2.8486,-5.8300,-1.7532,1.8365
747.00,-5.5496,-1.7382,1.8748,-0.2243,-8.9203,2.8942,-5.8316,-1.7476,1.8821
747.50,-5.5544,-1.7382,1.9177,-0.2282,-8.9193,2.9384,-5.8329,-1.7438,1.9262
748.00,-5.5588,-1.7381,1.9594,-0.2326,-8.9185,2.9811,-5.8346,-1.7396,1.9690
748.50,-5.5626,-1.7381,1.9999,-0.2366,-8.9180,3.0230,-5.8362,-1.7359,2.0109
749.00,-5.5662,-1.7371,2.0416,-0.2408,-8.9175,3.0645,-5.9000,-1.7730,2.0419
749.50,-5.5863,-1.6983,2.0652,-0.2779,-8.9155,3.0945,-5.9175,-1.7403,2.0719
750.00,-5.6365,-1.6075,2.1604,-0.3794,-8.9142,-3.1035,-5.9596,-1.6532,2.1536
750.50,-5.7110,-1.5030,2.2451,-0.5108,-8.9265,-3.0100,-6.0383,-1.5471,2.2485
751.00,-5.7922,-1.4015,2.2249,-0.6355,-8.9439,-3.0157,-6.1179,-1.4555,2.2414
751.50,-5.8667,-1.2951,2.1476,-0.7705,-8.9553,-3.0960,-6.1921,-1.3464,2.1542
752.00,-5.9390,-1.1867,2.1864,-0.9086,-8.9619,-3.0696,-6.2644,-1.2252,2.1806
752.50,-6.0194,-1.0841,2.2687,-1.0433,-8.9779,-2.9812,-6.3469,-1.1376,2.2724
753.00,-6.1026,-0.9843,2.2411,-1.1686,-8.9986,-2.9940,-6.4294,-1.0410,2.2561
753.50,-6.1790,-0.8793,2.1721,-1.2979,-9.0127,-3.0665,-6.5079,-0.9305,2.1801
754.00,-6.2539,-0.7726,2.1991,-1.4337,-9.0233,-3.0455,-6.5848,-0.8212,2.2011
754.50,-6.3331,-0.6688,2.2352,-1.5678,-9.0388,-3.0079,-6.6651,-0.7135,2.2388
755.00,-6.4139,-0.5670,2.2357,-1.6975,-9.0576,-2.9999,-6.7494,-0.6162,2.2450
755.50,-6.4943,-0.4647,2.2441,-1.8253,-9.0757,-2.9924,-6.8256,-0.5153,2.2507
756.00,-6.5639,-0.3795,2.2715,-1.9414,-9.0943,-2.9665,-6.8945,-0.4246,2.2749
756.50,-6.5957,-0.3428,2.3041,-1.9943,-9.1044,-2.9325,-6.9238,-0.3886,2.3089
757.00,-6.5971,-0.3414,2.3374,-1.9978,-9.1051,-2.8977,-6.9262,-0.3859,2.3437
757.50,-6.5970,-0.3414,2.3715,-1.9975,-9.1050,-2.8624,-6.9260,-0.3861,2.3790
758.00,-6.5966,-0.3413,2.4049,-1.9973,-9.1049,-2.8270,-6.9258,-0.3862,2.4144
758.50,-6.5965,-0.3413,2.4374,-1.9973,-9.1049,-2.7931,-6.9258,-0.3862,2.4483
759.00,-6.5964,-0.3417,2.4706,-1.9972,-9.1049,-2.7595,-6.9257,-0.3862,2.4819
759.50,-6.5964,-0.3425,2.5046,-1.9965,-9.1045,-2.7247,-6.9251,-0.3867,2.5167
760.00,-6.5963,-0.3437,2.5394,-1.9949,-9.1038,-2.6891,-6.9236,-0.3877,2.5523
760.50,-6.5963,-0.3454,2.5753,-1.9937,-9.1032,-2.6521,-6.9225,-0.3884,2.5893
761.00,-6.5962,-0.3476,2.6120,-1.9921,-9.1023,-2.6145,-6.9209,-0.3893,2.6269
761.50,-6.5962,-0.3502,2.6498,-1.9896,-9.1008,-2.5756,-6.9183,-0.3908,2.6658
762.00,-6.5961,-0.3533,2.6886,-1.9865,-9.0987,-2.5355,-6.9149,-0.3924,2.7059
762.50,-6.5961,-0.3568,2.7284,-1.9822,-9.0956,-2.4943,-6.9101,-0.3945,2.7471
763.00,-6.5960,-0.3609,2.7694,-1.9790,-9.0931,-2.4528,-6.9063,-0.3960,2.7886
763.50,-6.5960,-0.3654,2.8115,-1.9756,-9.0901,-2.4100,-6.9021,-0.3975,2.8314
764.00,-6.5960,-0.3705,2.8549,-1.9725,-9.0872,-2.3655,-6.8980,-0.3987,2.8759
764.50,-6.5959,-0.3760,2.8996,-1.9685,-9.0832,-2.3201,-6.8925,-0.4001,2.9213
765.00,-6.5959,-0.3820,2.9457,-1.9642,-9.0782,-2.2730,-6.8860,-0.4014,2.9684
765.50,-6.5959,-0.3885,2.9933,-1.9605,-9.0737,-2.2240,-6.8803,-0.4022,3.0174
766.00,-6.5959,-0.3955,3.0426,-1.9558,-9.0672,-2.1740,-6.8723,-0.4030,3.0673
766.50,-6.5959,-0.4029,3.0937,-1.9516,-9.0609,-2.1216,-6.8647,-0.4034,3.1198
767.00,-6.5959,-0.4108,-3.1364,-1.9477,-9.0540,-2.0678,-6.8568,-0.4034,-3.1096
767.50,-6.5959,-0.4186,-3.0837,-1.9511,-9.0607,-2.0134,-6.9443,-0.4486,-3.0796
768.00,-6.5959,-0.4260,-3.0329,-1.9537,-9.0666,-1.9616,-6.9507,-0.4491,-3.0278
768.50,-6.5959,-0.4329,-2.9840,-1.9561,-9.0729,-1.9112,-6.9574,-0.4501,-2.9774
769.00,-6.5959,-0.4393,-2.9367,-1.9582,-9.0793,-1.8623,-6.9640,-0.4514,-2.9285
769.50,-6.5959,-0.4452,-2.8908,-1.9599,-9.0858,-1.8159,-6.9705,-0.4529,-2.8821
770.00,-6.5960,-0.4506,-2.8464,-1.9611,-9.0910,-1.7695,-6.9756,-0.4544,-2.8357
770.50,-6.5960,-0.4555,-2.8032,-1.9621,-9.0965,-1.7243,-6.9810,-0.4562,-2.7905
771.00,-6.5960,-0.4600,-2.7613,-1.9627,-9.1007,-1.6814,-6.9849,-0.4578,-2.7476
771.50,-6.5961,-0.4639,-2.7206,-1.9630,-9.1045,-1.6393,-6.9423,-0.5012,-2.7160
772.00,-6.5961,-0.4674,-2.6810,-1.9632,-9.1079,-1.5986,-6.9453,-0.5026,-2.6753
772.50,-6.5962,-0.4704,-2.6424,-1.9632,-9.1107,-1.5586,-6.9478,-0.5039,-2.6353
773.00,-6.5962,-0.4730,-2.6048,-1.9631,-9.1143,-1.5198,-6.9509,-0.5057,-2.5965
773.50,-6.5963,-0.4750,-2.5682,-1.9630,-9.1162,-1.4819,-6.9526,-0.5068,-2.5586
774.00,-6.5963,-0.4766,-2.5326,-1.9628,-9.1179,-1.4455,-6.9540,-0.5078,-2.5222
774.50,-6.5964,-0.4778,-2.4979,-1.9625,-9.1196,-1.4094,-6.9553,-0.5088,-2.4861
775.00,-6.5964,-0.4785,-2.4640,-1.9624,-9.1204,-1.3744,-6.9559,-0.5093,-2.4511
775.50,-6.5965,-0.4788,-2.4311,-1.9622,-9.1211,-1.3399,-6.9565,-0.5097,-2.4166
776.00,-6.5964,-0.4787,-2.3985,-1.9623,-9.1209,-1.3058,-6.9563,-0.5096,-2.3825
776.50,-6.5869,-0.4699,-2.3906,-1.9658,-9.1085,-1.2934,-6.9471,-0.5007,-2.3701
777.00,-6.5723,-0.4562,-2.3906,-1.9710,-9.0900,-1.2920,-6.9333,-0.4872,-2.3687
777.50,-6.5576,-0.4426,-2.3906,-1.9770,-9.0695,-1.2904,-6.9180,-0.4723,-2.3671
778.00,-6.5430,-0.4289,-2.3906,-1.9828,-9.0494,-1.2892,-6.9031,-0.4577,-2.3659
778.50,-6.5284,-0.4153,-2.3906,-1.9889,-9.0280,-1.2883,-6.8663,-0.4555,-2.3859
779.00,-6.5138,-0.4016,-2.3906,-1.9947,-9.0082,-1.2868,-6.8513,-0.4413,-2.3844
779.50,-6.4992,-0.3880,-2.3906,-2.0006,-8.9882,-1.2855,-6.8361,-0.4270,-2.3831
780.00,-6.4845,-0.3743,-2.3906,-2.0065,-8.9681,-1.2840,-6.8209,-0.4126,-2.3817
780.50,-6.4699,-0.3607,-2.3906,-2.0127,-8.9471,-1.2835,-6.8050,-0.4026,-2.3846
781.00,-6.4553,-0.3471,-2.3906,-2.0180,-8.9290,-1.2827,-6.7913,-0.3896,-2.3838
781.50,-6.4407,-0.3334,-2.3906,-2.0240,-8.9089,-1.2819,-6.7761,-0.3752,-2.3830
782.00,-6.4261,-0.3198,-2.3906,-2.0301,-8.8885,-1.2805,-6.7606,-0.3605,-2.3816
782.50,-6.4164,-0.3107,-2.3960,-2.0346,-8.8733,-1.2817,-6.7491,-0.3496,-2.3829
783.00,-6.4165,-0.3108,-2.4286,-2.0346,-8.8734,-1.3130,-6.7545,-0.3500,-2.4176
783.50,-6.4164,-0.3105,-2.4615,-2.0346,-8.8733,-1.3450,-6.7544,-0.3500,-2.4496
784.00,-6.4164,-0.3099,-2.4953,-2.0348,-8.8724,-1.3771,-6.7537,-0.3494,-2.4818
784.50,-6.4163,-0.3087,-2.5299,-2.0350,-8.8717,-1.4105,-6.7531,-0.3490,-2.5151
785.00,-6.4163,-0.3072,-2.5655,-2.0352,-8.8703,-1.4445,-6.7520,-0.3482,-2.5492
785.50,-6.4162,-0.3051,-2.6020,-2.0354,-8.8685,-1.4799,-6.7504,-0.3472,-2.5846
786.00,-6.4162,-0.3026,-2.6395,-2.0355,-8.8660,-1.5163,-6.7483,-0.3459,-2.6209
786.50,-6.4161,-0.2997,-2.6780,-2.0357,-8.8629,-1.5535,-6.7456,-0.3444,-2.6581
787.00,-6.4161,-0.2962,-2.7175,-2.0357,-8.8583,-1.5916,-6.7415,-0.3423,-2.6962
787.50,-6.4160,-0.2923,-2.7582,-2.0355,-8.8536,-1.6311,-6.7372,-0.3404,-2.7357
788.00,-6.4160,-0.2879,-2.8000,-2.0352,-8.8497,-1.6719,-6.7336,-0.3389,-2.7765
788.50,-6.4160,-0.2830,-2.8430,-2.0346,-8.8449,-1.7139,-6.7290,-0.3373,-2.8186
789.00,-6.4159,-0.2776,-2.8874,-2.0338,-8.8402,-1.7574,-6.7245,-0.3359,-2.8620
789.50,-6.4159,-0.2717,-2.9331,-2.0325,-8.8341,-1.8011,-6.7184,-0.3343,-2.9057
790.00,-6.4159,-0.2654,-2.9803,-2.0311,-8.8286,-1.8472,-6.7129,-0.3331,-2.9518
790.50,-6.4159,-0.2585,-3.0291,-2.0286,-8.8205,-1.8949,-6.7437,-0.3060,-3.0204
791.00,-6.4159,-0.2512,-3.0797,-2.0262,-8.8140,-1.9441,-6.7368,-0.3053,-3.0697
791.50,-6.4159,-0.2434,-3.1322,-2.0233,-8.8072,-1.9950,-6.7294,-0.3050,-3.1205
792.00,-6.4159,-0.2355,3.0977,-2.0249,-8.8102,-2.0465,-6.7328,-0.3049,3.1112
792.50,-6.4159,-0.2280,3.0465,-2.0283,-8.8164,-2.0963,-6.7399,-0.3045,3.0613
793.00,-6.4159,-0.2210,2.9971,-2.0320,-8.8224,-2.1447,-6.7469,-0.3038,3.0130
793.50,-6.4159,-0.2145,2.9493,-2.0356,-8.8279,-2.1919,-6.7534,-0.3028,2.9658
794.00,-6.4159,-0.2084,2.9031,-2.0398,-8.8335,-2.2368,-6.7602,-0.3014,2.9208
794.50,-6.4160,-0.2029,2.8583,-2.0434,-8.8378,-2.2808,-6.7657,-0.3001,2.8768
795.00,-6.4160,-0.1978,2.8148,-2.0470,-8.8419,-2.3235,-6.7710,-0.2985,2.8342
795.50,-6.4160,-0.1932,2.7726,-2.0504,-8.8453,-2.3650,-6.7755,-0.2970,2.7927
796.00,-6.4161,-0.1891,2.7315,-2.0540,-8.8487,-2.4042,-6.7801,-0.2952,2.7535
796.50,-6.4161,-0.1855,2.6916,-2.0569,-8.8513,-2.4429,-6.7837,-0.2937,2.7147
797.00,-6.4172,-0.1822,2.6502,-2.0591,-8.8530,-2.4808,-6.7862,-0.2925,2.6768
797.50,-6.4543,-0.1644,2.5264,-2.0883,-8.8732,-2.5946,-6.7998,-0.2352,2.5538
798.00,-6.5381,-0.1011,2.4621,-2.1815,-8.9239,-2.6710,-6.8726,-0.1445,2.4657
798.50,-6.6401,-0.0210,2.4864,-2.2995,-8.9849,-2.6487,-6.9684,-0.0714,2.4915
799.00,-6.7431,0.0584,2.4801,-2.4181,-9.0491,-2.6478,-7.0796,0.0096,2.4914
799.50,-6.8430,0.1417,2.4010,-2.5390,-9.1098,-2.7213,-7.1772,0.0948,2.4137
800.00,-6.9370,0.2319,2.3559,-2.6632,-9.1611,-2.7713,-7.2710,0.1814,2.3619
800.50,-7.0301,0.3221,2.4146,-2.7905,-9.2125,-2.7237,-7.3600,0.2718,2.4095
801.00,-7.1301,0.4048,2.4673,-2.9115,-9.2721,-2.6583,-7.4567,0.3538,2.4781
801.50,-7.2306,0.4876,2.4437,-3.0226,-9.3288,-2.6819,-7.5594,0.4312,2.4496
802.00,-7.3309,0.5700,2.4673,-3.1378,-9.3867,-2.6617,-7.6592,0.5129,2.4698
802.50,-7.4333,0.6498,2.4851,-3.2507,-9.4472,-2.6399,-7.7604,0.6014,2.4916
803.00,-7.5353,0.7305,2.4414,-3.3665,-9.5094,-2.6741,-7.8785,0.6718,2.4573
803.50,-7.6257,0.8169,2.2824,-3.4855,-9.5607,-2.8231,-7.9697,0.7595,2.3049
804.00,-7.7010,0.9148,2.0624,-3.6103,-9.5884,-3.0355,-8.0354,0.8625,2.0925
804.50,-7.7667,1.0206,1.7903,-3.7445,-9.5856,2.9816,-8.0870,0.9763,1.8229
805.00,-7.8192,1.1417,1.4828,-3.8762,-9.5441,2.6787,-8.1379,1.0934,1.5145
805.50,-7.8262,1.2657,1.2244,-3.9825,-9.4730,2.4188,-8.1486,1.2090,1.2531
806.00,-7.7877,1.3829,1.0289,-4.0680,-9.3800,2.2141,-8.1269,1.3242,1.0449
806.50,-7.7192,1.4907,0.9426,-4.1395,-9.2724,2.1171,-8.0757,1.4320,0.9515
807.00,-7.6387,1.5928,0.8604,-4.2050,-9.1556,2.0380,-8.0041,1.5382,0.8723
807.50,-7.5526,1.6903,0.8379,-4.2623,-9.0373,2.0110,-7.9079,1.6375,0.8453
808.00,-7.4639,1.7857,0.7908,-4.3168,-8.9165,1.9699,-7.8284,1.7352,0.8042
808.50,-7.3698,1.8758,0.7475,-4.3643,-8.7955,1.9226,-7.7361,1.8268,0.7534
809.00,-7.2732,1.9629,0.7262,-4.4101,-8.6663,1.8998,-7.6250,1.9194,0.7341
809.50,-7.1781,2.0511,0.7648,-4.4575,-8.5348,1.9396,-7.5326,2.0045,0.7739
810.00,-7.0843,2.1395,0.7415,-4.5052,-8.4097,1.9206,-7.4466,2.0978,0.7514
810.50,-7.0200,2.1968,0.7089,-4.5378,-8.3166,1.8891,-7.3737,2.1541,0.7200
811.00,-7.0018,2.2120,0.6759,-4.5472,-8.2870,1.8572,-7.3501,2.1744,0.6881
811.50,-7.0018,2.2112,0.6420,-4.5470,-8.2877,1.8246,-7.3507,2.1740,0.6554
812.00,-7.0019,2.2101,0.6073,-4.5467,-8.2892,1.7908,-7.3519,2.1731,0.6216
812.50,-7.0019,2.2084,0.5716,-4.5464,-8.2908,1.7560,-7.3533,2.1722,0.5868
813.00,-7.0020,2.2064,0.5350,-4.5461,-8.2926,1.7211,-7.3548,2.1712,0.5519
813.50,-7.0020,2.2038,0.4973,-4.5458,-8.2947,1.6851,-7.3566,2.1701,0.5159
814.00,-7.0021,2.2008,0.4587,-4.5455,-8.2982,1.6475,-7.3597,2.1685,0.4783
814.50,-7.0021,2.1973,0.4190,-4.5453,-8.3022,1.6093,-7.3634,2.1667,0.4401
815.00,-7.0022,2.1933,0.3782,-4.5452,-8.3064,1.5696,-7.3672,2.1649,0.4005
815.50,-7.0022,2.1888,0.3363,-4.5453,-8.3116,1.5293,-7.3720,2.1630,0.3601
816.00,-7.0022,2.1839,0.2931,-4.5456,-8.3163,1.4873,-7.3764,2.1615,0.3181
816.50,-7.0023,2.1784,0.2486,-4.5461,-8.3204,1.4445,-7.3804,2.1603,0.2753
817.00,-7.0023,2.1725,0.2027,-4.5469,-8.3260,1.4004,-7.3859,2.1589,0.2312
817.50,-7.0023,2.1661,0.1553,-4.5481,-8.3317,1.3540,-7.3916,2.1577,0.1848
818.00,-7.0023,2.1592,0.1062,-4.5498,-8.3389,1.3058,-7.3989,2.1565,0.1366
818.50,-7.0023,2.1518,0.0554,-4.5518,-8.3458,1.2564,-7.4060,2.1556,0.0872
819.00,-7.0023,2.1439,0.0026,-4.5545,-8.3535,1.2056,-7.4142,2.1551,0.0364
819.50,-7.0023,2.1360,-0.0504,-4.5527,-8.3492,1.1541,-7.4095,2.1552,-0.0150
820.00,-7.0023,2.1286,-0.1014,-4.5496,-8.3426,1.1041,-7.4021,2.1548,-0.0651
820.50,-7.0023,2.1217,-0.1506,-4.5461,-8.3359,1.0562,-7.3947,2.1542,-0.1130
821.00,-7.0023,2.1152,-0.1982,-4.5431,-8.3310,1.0094,-7.3890,2.1534,-0.1598
821.50,-7.0023,2.1092,-0.2442,-4.5394,-8.3253,0.9648,-7.3823,2.1522,-0.2044
822.00,-7.0022,2.1037,-0.2888,-4.5368,-8.3218,0.9212,-7.3781,2.1512,-0.2480
822.50,-7.0022,2.0987,-0.3322,-4.5330,-8.3169,0.8790,-7.3720,2.1496,-0.2902
823.00,-7.0022,2.0942,-0.3743,-4.5305,-8.3140,0.8381,-7.3684,2.1484,-0.3311
823.50,-7.0021,2.0902,-0.4152,-4.5280,-8.3113,0.7982,-7.3650,2.1472,-0.3709
824.00,-7.0021,2.0866,-0.4550,-4.5255,-8.3089,0.7594,-7.3617,2.1458,-0.4098
824.50,-7.0020,2.0836,-0.4937,-4.5227,-8.3063,0.7213,-7.3582,2.1443,-0.4479
825.00,-7.0020,2.0810,-0.5314,-4.5205,-8.3044,0.6849,-7.3557,2.1430,-0.4843
825.50,-7.0019,2.0788,-0.5681,-4.5187,-8.3030,0.6500,-7.3537,2.1419,-0.5191
826.00,-7.0019,2.0771,-0.6039,-4.5175,-8.3021,0.6154,-7.3524,2.1411,-0.5537
826.50,-7.0018,2.0759,-0.6387,-4.5169,-8.3017,0.5814,-7.3518,2.1407,-0.5878
827.00,-7.0018,2.0752,-0.6727,-4.5160,-8.3011,0.5486,-7.3509,2.1401,-0.6206
827.50,-7.0017,2.0748,-0.7058,-4.5157,-8.3010,0.5167,-7.3506,2.1399,-0.6525
828.00,-7.0016,2.0748,-0.7383,-4.5156,-8.3009,0.4858,-7.3505,2.1399,-0.6834
828.50,-7.0012,2.0749,-0.7717,-4.5153,-8.3008,0.4535,-7.3503,2.1397,-0.7157
829.00,-7.0011,2.0749,-0.8059,-4.5151,-8.3006,0.4208,-7.3501,2.1395,-0.7484
829.50,-7.0010,2.0746,-0.8391,-4.5149,-8.3006,0.3889,-7.3500,2.1394,-0.7803
830.00,-7.0010,2.0746,-0.8716,-4.5149,-8.3006,0.3580,-7.3499,2.1393,-0.8112
830.50,-7.0014,2.0747,-0.9049,-4.5153,-8.3007,0.3263,-7.3503,2.1397,-0.8429
831.00,-7.0022,2.0747,-0.9383,-4.5162,-8.3010,0.2956,-7.3508,2.1404,-0.8736
831.50,-7.0035,2.0748,-0.9733,-4.5175,-8.3014,0.2616,-7.3517,2.1414,-0.9076
832.00,-7.0053,2.0748,-1.0092,-4.5192,-8.3018,0.2275,-7.3528,2.1428,-0.9416
832.50,-7.0075,2.0749,-1.0461,-4.5219,-8.3023,0.1921,-7.3543,2.1450,-0.9770
833.00,-7.0102,2.0749,-1.0840,-4.5247,-8.3029,0.1558,-7.3559,2.1475,-1.0134
833.50,-7.0133,2.0750,-1.1229,-4.5286,-8.3034,0.1175,-7.3579,2.1508,-1.0516
834.00,-7.0170,2.0750,-1.1629,-4.5315,-8.3037,0.0794,-7.3593,2.1534,-1.0898
834.50,-7.0211,2.0750,-1.2040,-4.5358,-8.3040,0.0395,-7.3612,2.1573,-1.1297
835.00,-7.0257,2.0751,-1.2463,-4.5406,-8.3041,-0.0007,-7.3632,2.1617,-1.1699
835.50,-7.0308,2.0751,-1.2899,-4.5457,-8.3039,-0.0428,-7.3651,2.1664,-1.2120
836.00,-7.0364,2.0751,-1.3347,-4.5520,-8.3036,-0.0860,-7.3672,2.1723,-1.2552
836.50,-7.0424,2.0752,-1.3810,-4.5580,-8.3029,-0.1308,-7.3689,2.1780,-1.3000
837.00,-7.0490,2.0752,-1.4289,-4.5646,-8.3019,-0.1776,-7.3706,2.1845,-1.3467
837.50,-7.0560,2.0752,-1.4784,-4.5720,-8.3004,-0.2251,-7.3721,2.1919,-1.3943
838.00,-7.0635,2.0752,-1.5297,-4.5796,-8.2984,-0.2750,-7.4090,2.0415,-1.5140
838.50,-7.0715,2.0752,-1.5830,-4.5857,-8.2966,-0.3275,-7.4093,2.0479,-1.5665
839.00,-7.0792,2.0752,-1.6355,-4.5803,-8.2986,-0.3791,-7.4094,2.0422,-1.6181
839.50,-7.0865,2.0752,-1.6859,-4.5729,-8.3018,-0.4289,-7.4100,2.0341,-1.6679
840.00,-7.0934,2.0752,-1.7347,-4.5664,-8.3049,-0.4773,-7.4109,2.0270,-1.7163
840.50,-7.0997,2.0752,-1.7818,-4.5615,-8.3075,-0.5233,-7.4118,2.0215,-1.7623
841.00,-7.1055,2.0751,-1.8274,-4.5564,-8.3107,-0.5679,-7.4131,2.0156,-1.8068
841.50,-7.1109,2.0751,-1.8717,-4.5524,-8.3134,-0.6111,-7.4143,2.0109,-1.8500
842.00,-7.1158,2.0751,-1.9147,-4.5471,-8.3172,-0.6529,-7.4162,2.0047,-1.8919
842.50,-7.1202,2.0750,-1.9564,-4.5435,-8.3201,-0.6932,-7.4178,2.0004,-1.9322
843.00,-7.1241,2.0750,-1.9970,-4.5399,-8.3232,-0.7324,-7.4195,1.9960,-1.9714
843.50,-7.1252,2.0750,-2.0101,-4.5384,-8.3245,-0.7494,-7.4203,1.9941,-1.9884
844.00,-7.1252,2.0750,-2.0101,-4.5384,-8.3245,-0.7484,-7.4203,1.9941,-1.9874
844.50,-7.1252,2.0750,-2.0101,-4.5384,-8.3245,-0.7476,-7.4203,1.9941,-1.9866
845.00,-7.1252,2.0750,-2.0101,-4.5384,-8.3245,-0.7467,-7.4203,1.9941,-1.9857
845.50,-7.1267,2.0749,-2.0321,-4.5372,-8.3257,-0.7642,-7.4210,1.9926,-2.0032
846.00,-7.1297,2.0749,-2.0707,-4.5340,-8.3289,-0.8012,-7.4799,2.0270,-2.0576
846.50,-7.1322,2.0748,-2.1082,-4.5316,-8.3315,-0.8374,-7.4816,2.0239,-2.0939
847.00,-7.1342,2.0748,-2.1448,-4.5302,-8.3330,-0.8728,-7.4827,2.0222,-2.1292
847.50,-7.1358,2.0747,-2.1804,-4.5293,-8.3342,-0.9073,-7.4835,2.0209,-2.1637
848.00,-7.1370,2.0747,-2.2151,-4.5289,-8.3346,-0.9402,-7.4838,2.0205,-2.1967
848.50,-7.1377,2.0746,-2.2489,-4.5284,-8.3354,-0.9731,-7.4844,2.0197,-2.2295
849.00,-7.1380,2.0746,-2.2819,-4.5282,-8.3358,-1.0050,-7.4846,2.0194,-2.2614
849.50,-7.1379,2.0744,-2.3145,-4.5281,-8.3358,-1.0363,-7.4847,2.0193,-2.2927
850.00,-7.1378,2.0740,-2.3481,-4.5279,-8.3361,-1.0686,-7.4849,2.0190,-2.3250
850.50,-7.1379,2.0739,-2.3822,-4.5279,-8.3362,-1.1015,-7.4850,2.0190,-2.3579
851.00,-7.1382,2.0739,-2.4152,-4.5278,-8.3364,-1.1330,-7.4851,2.0189,-2.3895
851.50,-7.1381,2.0739,-2.4478,-4.5279,-8.3361,-1.1647,-7.4849,2.0190,-2.4211
852.00,-7.1381,2.0744,-2.4812,-4.5282,-8.3354,-1.1966,-7.4843,2.0195,-2.4530
852.50,-7.1380,2.0754,-2.5155,-4.5286,-8.3345,-1.2300,-7.4836,2.0201,-2.4864
853.00,-7.1380,2.0767,-2.5507,-4.5290,-8.3332,-1.2636,-7.4824,2.0210,-2.5201
853.50,-7.1379,2.0786,-2.5868,-4.5295,-8.3315,-1.2982,-7.4810,2.0220,-2.5546
854.00,-7.1379,2.0809,-2.6238,-4.5301,-8.3293,-1.3339,-7.4791,2.0232,-2.5904
854.50,-7.1378,2.0837,-2.6619,-4.5307,-8.3263,-1.3709,-7.4765,2.0247,-2.6273
855.00,-7.1378,2.0869,-2.7010,-4.5313,-8.3233,-1.4078,-7.4737,2.0262,-2.6642
855.50,-7.1377,2.0906,-2.7412,-4.5318,-8.3196,-1.4469,-7.4704,2.0278,-2.7033
856.00,-7.1377,2.0948,-2.7826,-4.5322,-8.3158,-1.4870,-7.4669,2.0294,-2.7435
856.50,-7.1377,2.0995,-2.8251,-4.5325,-8.3116,-1.5281,-7.4630,2.0309,-2.7845
857.00,-7.1376,2.1047,-2.8689,-4.5327,-8.3052,-1.5702,-7.4569,2.0331,-2.8266
857.50,-7.1376,2.1104,-2.9140,-4.5325,-8.3004,-1.6141,-7.4524,2.0345,-2.8706
858.00,-7.1376,2.1165,-2.9606,-4.5323,-8.2961,-1.6595,-7.4482,2.0355,-2.9159
858.50,-7.1376,2.1232,-3.0087,-4.5315,-8.2890,-1.7064,-7.4411,2.0370,-2.9628
859.00,-7.1375,2.1303,-3.0586,-4.5301,-8.2807,-1.7552,-7.4329,2.0383,-3.0116
859.50,-7.1375,2.1379,-3.1103,-4.5285,-8.2732,-1.8061,-7.4844,2.0919,-3.0974
860.00,-7.1375,2.1459,3.1195,-4.5282,-8.2715,-1.8585,-7.4827,2.0920,3.1334
860.50,-7.1375,2.1536,3.0675,-4.5308,-8.2796,-1.9097,-7.4912,2.0923,3.0822
861.00,-7.1376,2.1608,3.0173,-4.5336,-8.2868,-1.9587,-7.4989,2.0929,3.0331
861.50,-7.1376,2.1675,2.9689,-4.5363,-8.2930,-2.0064,-7.5056,2.0938,2.9855
862.00,-7.1376,2.1737,2.9220,-4.5388,-8.2981,-2.0520,-7.5112,2.0949,2.9399
862.50,-7.1376,2.1795,2.8766,-4.5413,-8.3026,-2.0961,-7.5162,2.0960,2.8958
863.00,-7.1377,2.1848,2.8326,-4.5439,-8.3069,-2.1388,-7.5210,2.0973,2.8531
863.50,-7.1664,2.1949,2.7154,-4.5607,-8.3305,-2.2423,-7.5484,2.1069,2.7495
864.00,-7.2493,2.2314,2.6160,-4.6194,-8.3943,-2.3544,-7.5862,2.1947,2.6270
864.50,-7.3621,2.2946,2.6547,-4.7098,-8.4856,-2.3258,-7.7083,2.2475,2.6521
865.00,-7.4780,2.3528,2.6673,-4.7969,-8.5823,-2.2996,-7.8143,2.3063,2.6818
865.50,-7.5907,2.4180,2.5576,-4.8904,-8.6788,-2.4008,-7.9363,2.3708,2.5791
866.00,-7.6963,2.4925,2.4973,-4.9865,-8.7592,-2.4735,-8.0353,2.4421,2.5044
866.50,-7.8017,2.5681,2.5491,-5.0916,-8.8446,-2.4270,-8.1552,2.5210,2.5509
867.00,-7.9100,2.6397,2.5559,-5.1863,-8.9289,-2.4129,-8.2514,2.5904,2.5650
867.50,-8.0179,2.7130,2.5394,-5.2864,-9.0175,-2.4260,-8.3635,2.6632,2.5477
868.00,-8.1244,2.7879,2.5393,-5.3923,-9.1077,-2.4352,-8.4779,2.7422,2.5357
868.50,-8.2332,2.8582,2.5723,-5.4915,-9.1969,-2.3940,-8.5794,2.8056,2.5804
869.00,-8.3419,2.9306,2.5375,-5.5874,-9.2843,-2.4216,-8.6889,2.8752,2.5493
869.50,-8.4471,3.0086,2.4914,-5.6879,-9.3682,-2.4684,-8.7958,2.9506,2.4991
870.00,-8.5496,3.0889,2.4746,-5.7907,-9.4481,-2.4878,-8.8992,3.0299,2.4796
870.50,-8.6517,3.1695,2.4715,-5.8914,-9.5252,-2.4891,-8.9992,3.1079,2.4783
871.00,-8.7535,3.2503,2.4772,-5.9958,-9.6048,-2.4876,-9.1026,3.1888,2.4798
871.50,-8.8574,3.3274,2.5131,-6.1000,-9.6882,-2.4482,-9.2096,3.2685,2.5192
872.00,-8.9629,3.4031,2.5285,-6.2053,-9.7767,-2.4363,-9.3217,3.3481,2.5312
872.50,-9.0707,3.4751,2.5551,-6.3058,-9.8659,-2.4033,-9.4235,3.4128,2.5656
873.00,-9.1782,3.5492,2.5329,-6.4042,-9.9538,-2.4260,-9.5334,3.4858,2.5414
873.50,-9.2846,3.6242,2.5243,-6.5060,-10.0418,-2.4326,-9.6398,3.5621,2.5348
874.00,-9.3898,3.7013,2.5043,-6.6072,-10.1270,-2.4536,-9.7423,3.6384,2.5120
874.50,-9.4952,3.7771,2.5201,-6.7116,-10.2146,-2.4371,-9.8532,3.7116,2.5286
875.00,-9.6005,3.8536,2.5135,-6.8117,-10.2990,-2.4449,-9.9604,3.7828,2.5173
875.50,-9.7069,3.9271,2.5517,-6.9109,-10.3847,-2.4057,-10.0679,3.8577,2.5565
876.00,-9.8155,3.9981,2.5571,-7.0023,-10.4692,-2.3940,-10.1724,3.9254,2.5682
876.50,-9.9220,4.0745,2.4969,-7.1007,-10.5563,-2.4510,-10.2812,3.9991,2.5127
877.00,-10.0228,4.1571,2.3950,-7.2108,-10.6410,-2.5409,-10.3906,4.0846,2.4213
877.50,-10.0994,4.2424,2.1893,-7.3246,-10.7056,-2.7394,-10.4714,4.1788,2.2193
878.00,-10.1592,4.3531,1.9830,-7.4446,-10.7431,-2.9447,-10.5269,4.2760,2.0106
878.50,-10.2104,4.4762,1.8054,-7.5765,-10.7560,-3.1342,-10.5711,4.4010,1.8231
879.00,-10.2416,4.6035,1.7547,-7.7076,-10.7524,3.0929,-10.6195,4.5291,1.7685
879.50,-10.2607,4.7321,1.6743,-7.8463,-10.7402,3.0116,-10.6377,4.6606,1.6871
880.00,-10.2771,4.8612,1.7107,-7.9774,-10.7241,3.0426,-10.6579,4.7876,1.7202
880.50,-10.2935,4.9901,1.6899,-8.1072,-10.7108,3.0252,-10.6729,4.9108,1.7049
881.00,-10.3071,5.1193,1.6421,-8.2435,-10.6943,2.9914,-10.6843,5.0429,1.6739
881.50,-10.3124,5.2448,1.4082,-8.3638,-10.6650,2.7719,-10.6964,5.1566,1.4509
882.00,-10.3057,5.3571,1.1346,-8.4660,-10.6085,2.4950,-10.6771,5.2794,1.1670
882.50,-10.2597,5.4526,0.9046,-8.5449,-10.5324,2.2590,-10.6514,5.3738,0.9380
883.00,-10.1749,5.5418,0.7057,-8.6148,-10.4283,2.0603,-10.5781,5.4674,0.7358
883.50,-10.0698,5.6204,0.5222,-8.6660,-10.3066,1.8757,-10.4725,5.5467,0.5533
884.00,-9.9532,5.6877,0.3999,-8.6985,-10.1715,1.7481,-10.3496,5.6116,0.4236
884.50,-9.8316,5.7410,0.3134,-8.7174,-10.0367,1.6631,-10.2334,5.6725,0.3407
885.00,-9.7074,5.7820,0.3063,-8.7277,-9.8973,1.6463,-10.1108,5.7167,0.3218
885.50,-9.5942,5.8195,0.2982,-8.7381,-9.7693,1.6471,-9.9992,5.7580,0.3226
886.00,-9.5354,5.8398,0.2551,-8.7420,-9.7013,1.6037,-9.9343,5.7787,0.2772
886.50,-9.5284,5.8439,0.2102,-8.7423,-9.6881,1.5586,-9.9217,5.7824,0.2307
887.00,-9.5285,5.8391,0.1630,-8.7426,-9.6932,1.5129,-9.9266,5.7814,0.1849
887.50,-9.5285,5.8323,0.1142,-8.7433,-9.7021,1.4661,-9.9354,5.7800,0.1381
888.00,-9.5285,5.8250,0.0637,-8.7441,-9.7077,1.4170,-9.9411,5.7794,0.0891
888.50,-9.5285,5.8172,0.0113,-8.7456,-9.7159,1.3662,-9.9494,5.7789,0.0382
889.00,-9.5285,5.8092,-0.0420,-8.7447,-9.7124,1.3141,-9.9458,5.7789,-0.0139
889.50,-9.5285,5.8017,-0.0933,-8.7421,-9.7033,1.2636,-9.9364,5.7785,-0.0643
890.00,-9.5285,5.7947,-0.1428,-8.7395,-9.6958,1.2153,-9.9284,5.7778,-0.1127
890.50,-9.5285,5.7882,-0.1906,-8.7375,-9.6908,1.1687,-9.9231,5.7771,-0.1593
891.00,-9.5284,5.7821,-0.2369,-8.7347,-9.6847,1.1232,-9.9165,5.7759,-0.2048
891.50,-9.5284,5.7765,-0.2817,-8.7319,-9.6791,1.0795,-9.9199,5.7265,-0.2590
892.00,-9.5284,5.7715,-0.3253,-8.7294,-9.6746,1.0369,-9.9150,5.7251,-0.3016
892.50,-9.5283,5.7670,-0.3657,-8.7271,-9.6708,0.9951,-9.9108,5.7237,-0.3433
893.00,-9.5283,5.7639,-0.3967,-8.7251,-9.6679,0.9656,-9.9075,5.7225,-0.3728
893.50,-9.5283,5.7610,-0.4270,-8.7230,-9.6649,0.9367,-9.9041,5.7211,-0.4017
894.00,-9.5282,5.7584,-0.4567,-8.7214,-9.6628,0.9084,-9.9017,5.7200,-0.4300
894.50,-9.5282,5.7561,-0.4858,-8.7196,-9.6606,0.8803,-9.8991,5.7188,-0.4582
895.00,-9.5282,5.7540,-0.5144,-8.7181,-9.6588,0.8531,-9.8970,5.7177,-0.4854
895.50,-9.5281,5.7522,-0.5423,-8.7166,-9.6572,0.8262,-9.8951,5.7167,-0.5122
896.00,-9.5281,5.7507,-0.5697,-8.7155,-9.6560,0.8000,-9.8937,5.7158,-0.5385
896.50,-9.5280,5.7494,-0.5966,-8.7144,-9.6549,0.7743,-9.8924,5.7150,-0.5641
897.00,-9.5280,5.7484,-0.6230,-8.7136,-9.6541,0.7490,-9.8914,5.7144,-0.5894
897.50,-9.5280,5.7476,-0.6488,-8.7128,-9.6534,0.7245,-9.8905,5.7138,-0.6140
898.00,-9.5279,5.7471,-0.6742,-8.7123,-9.6530,0.7000,-9.8900,5.7134,-0.6384
898.50,-9.5279,5.7468,-0.6991,-8.7121,-9.6527,0.6766,-9.8897,5.7132,-0.6619
899.00,-9.5278,5.7468,-0.7234,-8.7120,-9.6527,0.6534,-9.8897,5.7132,-0.6850
899.50,-9.5276,5.7468,-0.7480,-8.7120,-9.6527,0.6299,-9.8897,5.7132,-0.7085
900.00,-9.5273,5.7469,-0.7733,-8.7117,-9.6525,0.6058,-9.8894,5.7129,-0.7327
900.50,-9.5272,5.7469,-0.7990,-8.7115,-9.6523,0.5808,-9.8892,5.7127,-0.7577
901.00,-9.5272,5.7466,-0.8241,-8.7115,-9.6524,0.5567,-9.8892,5.7128,-0.7817
901.50,-9.5271,5.7465,-0.8487,-8.7115,-9.6523,0.5333,-9.8892,5.7127,-0.8051
902.00,-9.5272,5.7466,-0.8731,-8.7116,-9.6524,0.5103,-9.8893,5.7129,-0.8282
902.50,-9.5275,5.7466,-0.8980,-8.7117,-9.6525,0.4858,-9.8894,5.7130,-0.8526
903.00,-9.5280,5.7466,-0.9234,-8.7123,-9.6528,0.4618,-9.8898,5.7134,-0.8766
903.50,-9.5288,5.7467,-0.9493,-8.7135,-9.6533,0.4370,-9.8907,5.7145,-0.9015
904.00,-9.5301,5.7467,-0.9818,-8.7149,-9.6539,0.4049,-9.8915,5.7157,-0.9336
904.50,-9.5319,5.7468,-1.0180,-8.7164,-9.6546,0.3703,-9.8925,5.7170,-0.9681
905.00,-9.5343,5.7468,-1.0551,-8.7185,-9.6553,0.3351,-9.8937,5.7189,-1.0034
905.50,-9.5370,5.7469,-1.0932,-8.7212,-9.6562,0.2986,-9.8952,5.7213,-1.0399
906.00,-9.5398,5.7469,-1.1260,-8.7234,-9.6569,0.2637,-9.8964,5.7233,-1.0747
906.50,-9.5425,5.7469,-1.1608,-8.7262,-9.6576,0.2352,-9.8977,5.7259,-1.1032
907.00,-9.5466,5.7470,-1.2019,-8.7310,-9.6586,0.1951,-9.8998,5.7303,-1.1434
907.50,-9.5511,5.7470,-1.2441,-8.7354,-9.6594,0.1543,-9.9016,5.7344,-1.1841
908.00,-9.5562,5.7471,-1.2876,-8.7412,-9.6602,0.1120,-9.9037,5.7399,-1.2265
908.50,-9.5618,5.7471,-1.3324,-8.7467,-9.6607,0.0686,-9.9055,5.7451,-1.2698
909.00,-9.5678,5.7471,-1.3786,-8.7531,-9.6610,0.0235,-9.9072,5.7513,-1.3150
909.50,-9.5743,5.7471,-1.4264,-8.7592,-9.6610,-0.0227,-9.9086,5.7572,-1.3611
910.00,-9.5814,5.7472,-1.4758,-8.7657,-9.6607,-0.0707,-9.9098,5.7636,-1.4092
910.50,-9.5888,5.7472,-1.5270,-8.7730,-9.6600,-0.1215,-9.9108,5.7709,-1.4600
911.00,-9.5968,5.7472,-1.5802,-8.7803,-9.6589,-0.1731,-9.9821,5.6991,-1.5569
911.50,-9.6046,5.7472,-1.6328,-8.7725,-9.6605,-0.2242,-9.9821,5.6911,-1.6080
912.00,-9.6119,5.7471,-1.6834,-8.7633,-9.6628,-0.2739,-9.9827,5.6817,-1.6577
912.50,-9.6187,5.7471,-1.7322,-8.7578,-9.6645,-0.3216,-9.9834,5.6759,-1.7054
913.00,-9.6251,5.7471,-1.7794,-8.7518,-9.6666,-0.3674,-9.9843,5.6696,-1.7512
913.50,-9.6309,5.7471,-1.8251,-8.7464,-9.6688,-0.4121,-9.9855,5.6640,-1.7959
914.00,-9.6363,5.7471,-1.8695,-8.7409,-9.6714,-0.4552,-9.9870,5.6580,-1.8390
914.50,-9.6412,5.7470,-1.9125,-8.7363,-9.6737,-0.4974,-9.9884,5.6531,-1.8812
915.00,-9.6456,5.7470,-1.9543,-8.7324,-9.6760,-0.5383,-9.9899,5.6489,-1.9221
915.50,-9.6492,5.7469,-1.9921,-8.7294,-9.6779,-0.5781,-10.0256,5.6688,-1.9681
916.00,-9.6518,5.7469,-2.0222,-8.7271,-9.6794,-0.6087,-10.0504,5.6822,-2.0030
916.50,-9.6542,5.7469,-2.0514,-8.7254,-9.6806,-0.6369,-10.0513,5.6803,-2.0312
917.00,-9.6563,5.7468,-2.0800,-8.7245,-9.6813,-0.6642,-10.0518,5.6794,-2.0585
917.50,-9.6582,5.7468,-2.1081,-8.7225,-9.6829,-0.6913,-10.0530,5.6771,-2.0856
918.00,-9.6598,5.7468,-2.1356,-8.7210,-9.6841,-0.7180,-10.0540,5.6754,-2.1122
918.50,-9.6611,5.7467,-2.1626,-8.7199,-9.6851,-0.7437,-10.0548,5.6742,-2.1380
919.00,-9.6622,5.7467,-2.1891,-8.7191,-9.6859,-0.7689,-10.0554,5.6732,-2.1632
919.50,-9.6630,5.7466,-2.2150,-8.7187,-9.6863,-0.7930,-10.0557,5.6728,-2.1873
920.00,-9.6636,5.7466,-2.2404,-8.7184,-9.6866,-0.8174,-10.0559,5.6725,-2.2117
920.50,-9.6639,5.7466,-2.2654,-8.7180,-9.6870,-0.8415,-10.0563,5.6720,-2.2357
921.00,-9.6640,5.7465,-2.2899,-8.7180,-9.6870,-0.8648,-10.0563,5.6720,-2.2591
921.50,-9.6639,5.7463,-2.3143,-8.7179,-9.6872,-0.8878,-10.0564,5.6718,-2.2821
922.00,-9.6639,5.7460,-2.3397,-8.7176,-9.6875,-0.9115,-10.0567,5.6715,-2.3058
922.50,-9.6639,5.7459,-2.3739,-8.7176,-9.6876,-0.9450,-10.0568,5.6714,-2.3393
923.00,-9.6642,5.7458,-2.4072,-8.7172,-9.6881,-0.9774,-10.0572,5.6710,-2.3717
923.50,-9.6642,5.7458,-2.4397,-8.7172,-9.6881,-1.0088,-10.0572,5.6710,-2.4031
924.00,-9.6641,5.7462,-2.4729,-8.7174,-9.6878,-1.0413,-10.0569,5.6712,-2.4356
924.50,-9.6641,5.7470,-2.5070,-8.7178,-9.6871,-1.0739,-10.0563,5.6718,-2.4682
925.00,-9.6640,5.7483,-2.5419,-8.7186,-9.6855,-1.1074,-10.0549,5.6729,-2.5017
925.50,-9.6640,5.7500,-2.5778,-8.7192,-9.6843,-1.1424,-10.0538,5.6736,-2.5366
926.00,-9.6639,5.7522,-2.6142,-8.7201,-9.6822,-1.1779,-10.0519,5.6749,-2.5722
926.50,-9.6640,5.7505,-2.5679,-8.7197,-9.6831,-1.1447,-10.0528,5.6743,-2.5390
927.00,-9.6642,5.7471,-2.4131,-8.7175,-9.6874,-0.9951,-10.0565,5.6714,-2.3894
927.50,-9.6637,5.7479,-2.2483,-8.7183,-9.6863,-0.8283,-10.0556,5.6724,-2.2226
928.00,-9.6588,5.7481,-2.1167,-8.7218,-9.6830,-0.6970,-10.0530,5.6764,-2.0913
928.50,-9.6503,5.7482,-2.0016,-8.7282,-9.6782,-0.5797,-10.0494,5.6836,-1.9739
929.00,-9.6484,5.7482,-1.9866,-8.7315,-9.6762,-0.5493,-10.0480,5.6871,-1.9436
929.50,-9.6512,5.7482,-2.0199,-8.7289,-9.6779,-0.5864,-10.0492,5.6843,-1.9806
930.00,-9.6537,5.7481,-2.0505,-8.7266,-9.6794,-0.6146,-10.0503,5.6818,-2.0089
930.50,-9.6558,5.7481,-2.0791,-8.7249,-9.6806,-0.6427,-10.0512,5.6799,-2.0370
931.00,-9.6577,5.7481,-2.1072,-8.7231,-9.6820,-0.6705,-10.0523,5.6779,-2.0648
931.50,-9.6593,5.7480,-2.1347,-8.7215,-9.6833,-0.6972,-10.0533,5.6760,-2.0914
932.00,-9.6606,5.7480,-2.1617,-8.7204,-9.6843,-0.7231,-10.0540,5.6748,-2.1174
932.50,-9.6617,5.7479,-2.1882,-8.7196,-9.6850,-0.7481,-10.0546,5.6738,-2.1424
933.00,-9.6625,5.7479,-2.2142,-8.7187,-9.6859,-0.7733,-10.0553,5.6728,-2.1676
933.50,-9.6631,5.7479,-2.2396,-8.7184,-9.6862,-0.7979,-10.0555,5.6725,-2.1921
934.00,-9.6634,5.7478,-2.2646,-8.7181,-9.6865,-0.8219,-10.0558,5.6721,-2.2162
934.50,-9.6635,5.7478,-2.2891,-8.7180,-9.6865,-0.8456,-10.0558,5.6721,-2.2399
935.00,-9.6635,5.7476,-2.3135,-8.7180,-9.6866,-0.8686,-10.0559,5.6720,-2.2629
935.50,-9.6634,5.7472,-2.3440,-8.7177,-9.6869,-0.8974,-10.0561,5.6717,-2.2917
936.00,-9.6635,5.7472,-2.3782,-8.7177,-9.6870,-0.9313,-10.0562,5.6716,-2.3256
936.50,-9.6637,5.7471,-2.4113,-8.7176,-9.6870,-0.9640,-10.0562,5.6716,-2.3583
937.00,-9.6637,5.7471,-2.4439,-8.7176,-9.6871,-0.9948,-10.0563,5.6715,-2.3891
937.50,-9.6637,5.7476,-2.4771,-8.7178,-9.6867,-1.0264,-10.0560,5.6718,-2.4207
938.00,-9.6636,5.7485,-2.5113,-8.7181,-9.6862,-1.0596,-10.0555,5.6722,-2.4539
938.50,-9.6635,5.7498,-2.5464,-8.7186,-9.6854,-1.0939,-10.0548,5.6728,-2.4882
939.00,-9.6635,5.7516,-2.5824,-8.7193,-9.6838,-1.1288,-10.0534,5.6738,-2.5231
939.50,-9.6634,5.7538,-2.6193,-8.7201,-9.6821,-1.1644,-10.0518,5.6749,-2.5587
940.00,-9.6634,5.7565,-2.6573,-8.7211,-9.6798,-1.2009,-10.0497,5.6763,-2.5952
940.50,-9.6633,5.7597,-2.6963,-8.7218,-9.6778,-1.2383,-10.0479,5.6773,-2.6326
941.00,-9.6920,5.7572,-2.8133,-8.7157,-9.6989,-1.3393,-10.0676,5.6676,-2.7336
941.50,-9.7835,5.7602,-3.0337,-8.7067,-9.7854,-1.5618,-10.1512,5.6435,-2.9561
942.00,-9.8978,5.7634,-3.1035,-8.7126,-9.9055,-1.6503,-10.2950,5.6983,-3.0908
942.50,-9.9527,5.7564,-3.0549,-8.7168,-9.9696,-1.6023,-10.3572,5.6997,-3.0425
943.00,-9.9571,5.7494,-3.0055,-8.7171,-9.9824,-1.5517,-10.3658,5.7018,-2.9948
943.50,-9.9571,5.7428,-2.9575,-8.7168,-9.9892,-1.5017,-10.3725,5.7006,-2.9449
944.00,-9.9572,5.7366,-2.9110,-8.7162,-9.9955,-1.4539,-10.3668,5.6875,-2.8971
944.50,-9.9572,5.7310,-2.8659,-8.7155,-10.0006,-1.4078,-10.3635,5.6779,-2.8510
945.00,-9.9572,5.7258,-2.8222,-8.7144,-10.0065,-1.3627,-10.3693,5.6761,-2.8058
945.50,-9.9573,5.7212,-2.7798,-8.7133,-10.0111,-1.3190,-10.3737,5.6744,-2.7622
946.00,-9.9573,5.7170,-2.7385,-8.7120,-10.0158,-1.2767,-10.3782,5.6725,-2.7198
946.50,-9.9574,5.7133,-2.6984,-8.7106,-10.0201,-1.2356,-10.3823,5.6706,-2.6787
947.00,-9.9574,5.7101,-2.6594,-8.7095,-10.0231,-1.1952,-10.3852,5.6691,-2.6384
947.50,-9.9669,5.7044,-2.5979,-8.7064,-10.0304,-1.1407,-10.3919,5.6651,-2.5838
948.00,-10.0231,5.6693,-2.4773,-8.6768,-10.0845,-1.0176,-10.4239,5.6166,-2.4649
948.50,-10.1179,5.5914,-2.4401,-8.6062,-10.1907,-0.9714,-10.5082,5.5251,-2.4215
949.00,-10.2141,5.5044,-2.3519,-8.5300,-10.2962,-0.8961,-10.5936,5.4465,-2.3532
949.50,-10.2927,5.4150,-2.1513,-8.4456,-10.3851,-0.7016,-10.6823,5.3525,-2.1587
950.00,-10.3461,5.3425,-1.8964,-8.3708,-10.4346,-0.4498,-10.7231,5.2728,-1.9034
950.50,-10.3900,5.2392,-1.5991,-8.2710,-10.4659,-0.1526,-10.7622,5.1799,-1.6097
951.00,-10.4128,5.1125,-1.3286,-8.1418,-10.4680,0.1255,-10.7795,5.0546,-1.3323
951.50,-10.3889,4.9893,-1.1810,-8.0110,-10.4400,0.2814,-10.7630,4.9302,-1.1791
952.00,-10.3404,4.8711,-1.1214,-7.8876,-10.3982,0.3534,-10.7232,4.8123,-1.1072
952.50,-10.2884,4.7530,-1.1679,-7.7620,-10.3540,0.3149,-10.6707,4.6926,-1.1457
953.00,-10.2454,4.6307,-1.2885,-7.6319,-10.3193,0.1962,-10.6273,4.5671,-1.2662
953.50,-10.2117,4.5052,-1.3228,-7.5029,-10.2970,0.1572,-10.5911,4.4467,-1.3069
954.00,-10.1798,4.3791,-1.3042,-7.3692,-10.2763,0.1662,-10.5571,4.3156,-1.3014
954.50,-10.1395,4.2558,-1.1945,-7.2387,-10.2475,0.2750,-10.5154,4.1943,-1.1890
955.00,-10.0899,4.1361,-1.1474,-7.1101,-10.2070,0.3278,-10.4613,4.0731,-1.1398
955.50,-10.0312,4.0195,-1.0673,-6.9881,-10.1608,0.4053,-10.4081,3.9580,-1.0640
956.00,-9.9632,3.9088,-0.9760,-6.8703,-10.1030,0.5023,-10.3387,3.8466,-0.9688
956.50,-9.8871,3.8028,-0.9346,-6.7566,-10.0368,0.5487,-10.2623,3.7449,-0.9258
957.00,-9.8093,3.6985,-0.9303,-6.6462,-9.9683,0.5583,-10.1832,3.6418,-0.9183
957.50,-9.7317,3.5943,-0.9314,-6.5360,-9.8994,0.5586,-10.1041,3.5387,-0.9212
958.00,-9.6544,3.4898,-0.9334,-6.4255,-9.8306,0.5556,-10.0269,3.4350,-0.9259
958.50,-9.5764,3.3856,-0.9263,-6.3100,-9.7581,0.5642,-9.9444,3.3264,-0.9191
959.00,-9.4994,3.2811,-0.9635,-6.1998,-9.6891,0.5378,-9.8686,3.2274,-0.9463
959.50,-9.4294,3.1722,-1.0091,-6.0828,-9.6241,0.4865,-9.7936,3.1207,-1.0026
960.00,-9.3599,3.0622,-1.0020,-5.9663,-9.5626,0.4917,-9.7266,3.0125,-0.9985
960.50,-9.2864,2.9538,-0.9671,-5.8472,-9.4963,0.5271,-9.6509,2.8992,-0.9632
961.00,-9.2117,2.8473,-0.9738,-5.7353,-9.4294,0.5327,-9.5752,2.7963,-0.9572
961.50,-9.1419,2.7382,-1.0024,-5.6194,-9.3648,0.4962,-9.5052,2.6844,-0.9992
962.00,-9.0701,2.6295,-0.9872,-5.5053,-9.3012,0.5150,-9.4334,2.5813,-0.9784
962.50,-8.9970,2.5214,-0.9698,-5.3910,-9.2357,0.5307,-9.3591,2.4725,-0.9647
963.00,-8.9223,2.4148,-0.9629,-5.2705,-9.1634,0.5418,-9.2775,2.3597,-0.9545
963.50,-8.8483,2.3080,-0.9659,-5.1634,-9.0991,0.5376,-9.2097,2.2679,-0.9605
964.00,-8.7739,2.2013,-0.9718,-5.0471,-9.0290,0.5392,-9.1361,2.1569,-0.9607
964.50,-8.7026,2.0930,-0.9839,-4.9257,-8.9591,0.5197,-9.0604,2.0395,-0.9819
965.00,-8.6282,1.9857,-0.9603,-4.8037,-8.8870,0.5461,-8.9868,1.9333,-0.9555
965.50,-8.5512,1.8803,-0.9341,-4.6983,-8.8208,0.5737,-8.9152,1.8428,-0.9279
966.00,-8.4732,1.7762,-0.9312,-4.5837,-8.7455,0.5810,-8.8261,1.7282,-0.9224
966.50,-8.3961,1.6716,-0.9326,-4.4698,-8.6715,0.5783,-8.7580,1.6293,-0.9285
967.00,-8.3176,1.5678,-0.9299,-4.3568,-8.5962,0.5888,-8.6699,1.5266,-0.9181
967.50,-8.2433,1.4618,-0.9713,-4.2429,-8.5240,0.5454,-8.5992,1.4175,-0.9649
968.00,-8.1696,1.3547,-0.9701,-4.1275,-8.4540,0.5484,-8.5258,1.3103,-0.9612
968.50,-8.0997,1.2458,-1.0071,-4.0170,-8.3898,0.5105,-8.4554,1.2061,-0.9998
969.00,-8.0287,1.1365,-0.9896,-3.9022,-8.3247,0.5264,-8.3798,1.0953,-0.9840
969.50,-7.9547,1.0288,-0.9566,-3.7901,-8.2577,0.5562,-8.3120,0.9877,-0.9571
970.00,-7.8766,0.9242,-0.9214,-3.6779,-8.1845,0.5950,-8.2325,0.8799,-0.9148
970.50,-7.7966,0.8214,-0.9071,-3.5738,-8.1124,0.6130,-8.1497,0.7804,-0.9002
971.00,-7.7159,0.7193,-0.8980,-3.4689,-8.0382,0.6199,-8.0696,0.6799,-0.8933
971.50,-7.6341,0.6181,-0.8863,-3.3637,-7.9620,0.6331,-7.9869,0.5744,-0.8802
972.00,-7.5514,0.5179,-0.8878,-3.2591,-7.8840,0.6383,-7.8973,0.4747,-0.8784
972.50,-7.4704,0.4163,-0.8982,-3.1545,-7.8080,0.6262,-7.8179,0.3746,-0.8926
973.00,-7.3878,0.3157,-0.8580,-3.0489,-7.7298,0.6605,-7.7367,0.2731,-0.8597
973.50,-7.3006,0.2195,-0.8217,-2.9484,-7.6474,0.7029,-7.6474,0.1768,-0.8162
974.00,-7.2120,0.1242,-0.8358,-2.8474,-7.5614,0.6977,-7.5541,0.0805,-0.8225
974.50,-7.1276,0.0255,-0.8858,-2.7375,-7.4741,0.6480,-7.4722,-0.0219,-0.8757
975.00,-7.0449,-0.0748,-0.8610,-2.6314,-7.3941,0.6637,-7.3836,-0.1150,-0.8598
975.50,-6.9590,-0.1725,-0.8447,-2.5266,-7.3097,0.6855,-7.3006,-0.2155,-0.8382
976.00,-6.8723,-0.2693,-0.8468,-2.4247,-7.2254,0.6893,-7.2121,-0.3104,-0.8339
976.50,-6.7876,-0.3678,-0.8706,-2.3196,-7.1412,0.6649,-7.1270,-0.4078,-0.8625
977.00,-6.7033,-0.4669,-0.8571,-2.2136,-7.0576,0.6780,-7.0385,-0.5035,-0.8504
977.50,-6.6178,-0.5648,-0.8460,-2.1085,-6.9723,0.6890,-6.9527,-0.6084,-0.8394
978.00,-6.5314,-0.6620,-0.8529,-2.0084,-6.8888,0.6905,-6.8689,-0.6953,-0.8413
978.50,-6.4482,-0.7615,-0.8943,-1.9073,-6.8085,0.6494,-6.7834,-0.7970,-0.8860
979.00,-6.3709,-0.8656,-0.9733,-1.8049,-6.7356,0.5765,-6.7128,-0.8997,-0.9574
979.50,-6.3026,-0.9761,-1.0736,-1.6927,-6.6691,0.4819,-6.6431,-1.0115,-1.0570
980.00,-6.2428,-1.0892,-1.3058,-1.5705,-6.6191,0.2648,-6.5902,-1.1323,-1.2705
980.50,-6.1914,-1.2043,-1.6143,-1.4525,-6.6053,-0.0413,-6.5620,-1.2453,-1.5819
981.00,-6.1843,-1.3326,-1.7998,-1.3143,-6.6271,-0.2464,-6.5328,-1.3692,-1.7891
981.50,-6.2125,-1.4588,-1.8024,-1.1861,-6.6622,-0.2657,-6.5439,-1.4886,-1.8045
982.00,-6.2368,-1.5869,-1.6311,-1.0551,-6.6894,-0.1056,-6.5671,-1.6203,-1.6427
982.50,-6.2482,-1.7167,-1.5015,-0.9286,-6.6920,0.0430,-6.5752,-1.7466,-1.4905
983.00,-6.2392,-1.8462,-1.4623,-0.8028,-6.6843,0.0845,-6.5626,-1.8721,-1.4550
983.50,-6.2293,-1.9757,-1.5401,-0.6754,-6.6756,0.0227,-6.5598,-2.0091,-1.5179
984.00,-6.2268,-2.1057,-1.5438,-0.5423,-6.6761,-0.0002,-6.5549,-2.1363,-1.5484
984.50,-6.2217,-2.2356,-1.5474,-0.4116,-6.6730,0.0168,-6.5473,-2.2686,-1.5297
985.00,-6.2190,-2.3656,-1.5280,-0.2755,-6.6722,0.0220,-6.5442,-2.4031,-1.5308
985.50,-6.2121,-2.4642,-1.5190,-0.1713,-6.6672,0.0471,-6.5386,-2.5075,-1.5040
986.00,-6.2123,-2.5004,-1.5702,-0.1263,-6.6659,-0.0047,-6.5358,-2.5468,-1.5610
986.50,-6.2191,-2.5006,-1.6231,-0.1184,-6.6661,-0.0571,-6.5359,-2.5548,-1.6133
987.00,-6.2265,-2.5006,-1.6740,-0.1111,-6.6667,-0.1068,-6.5363,-2.5621,-1.6630
987.50,-6.2334,-2.5006,-1.7231,-0.1046,-6.6675,-0.1547,-6.5371,-2.5686,-1.7110
988.00,-6.2399,-2.5006,-1.7706,-0.0988,-6.6685,-0.2008,-6.5380,-2.5745,-1.7571
988.50,-6.2458,-2.5007,-1.8166,-0.0923,-6.6700,-0.2456,-6.5394,-2.5809,-1.8019
989.00,-6.2513,-2.5007,-1.8612,-0.0862,-6.6716,-0.2894,-6.5409,-2.5871,-1.8457
989.50,-6.2563,-2.5007,-1.9045,-0.0810,-6.6733,-0.3315,-6.5776,-2.5524,-1.8912
990.00,-6.2608,-2.5008,-1.9465,-0.0766,-6.6749,-0.3722,-6.5792,-2.5568,-1.9320
990.50,-6.2648,-2.5008,-1.9874,-0.0728,-6.6765,-0.4121,-6.5807,-2.5606,-1.9719
991.00,-6.2683,-2.5008,-2.0272,-0.0699,-6.6778,-0.4508,-6.5820,-2.5636,-2.0105
991.50,-6.2714,-2.5009,-2.0659,-0.0667,-6.6795,-0.4881,-6.5836,-2.5668,-2.0479
992.00,-6.2740,-2.5009,-2.1035,-0.0643,-6.6808,-0.5247,-6.5849,-2.5692,-2.0844
992.50,-6.2761,-2.5010,-2.1402,-0.0622,-6.6820,-0.5600,-6.5861,-2.5713,-2.1197
993.00,-6.2778,-2.5010,-2.1760,-0.0604,-6.6832,-0.5946,-6.5873,-2.5731,-2.1544
993.50,-6.2796,-2.5021,-2.2133,-0.0587,-6.6844,-0.6282,-6.5885,-2.5749,-2.1880
994.00,-6.3078,-2.5358,-2.3333,-0.0276,-6.7098,-0.7349,-6.6135,-2.6062,-2.2947
994.50,-6.3866,-2.6063,-2.4628,0.0391,-6.7804,-0.8735,-6.6987,-2.6448,-2.4527
995.00,-6.4891,-2.6859,-2.4762,0.1206,-6.8821,-0.8991,-6.7990,-2.7253,-2.4763
995.50,-6.5891,-2.7693,-2.4157,0.2092,-6.9880,-0.8403,-6.8999,-2.8134,-2.4158
996.00,-6.6845,-2.8573,-2.3824,0.2978,-7.0831,-0.8033,-6.9985,-2.8970,-2.3788
996.50,-6.7775,-2.9480,-2.3653,0.3909,-7.1768,-0.7800,-7.0893,-2.9899,-2.3562
997.00,-6.8733,-3.0363,-2.4298,0.4813,-7.2711,-0.8404,-7.1833,-3.0801,-2.4187
997.50,-6.9725,-3.1203,-2.4309,0.5718,-7.3746,-0.8497,-7.2938,-3.1698,-2.4304
998.00,-7.0669,-3.2091,-2.3378,0.6602,-7.4678,-0.7597,-7.3824,-3.2526,-2.3404
998.50,-7.1550,-3.3043,-2.3041,0.7606,-7.5583,-0.7186,-7.4684,-3.3522,-2.2976
999.00,-7.2432,-3.4002,-2.3353,0.8588,-7.6457,-0.7451,-7.5541,-3.4425,-2.3262
999.50,-7.3345,-3.4928,-2.3659,0.9607,-7.7426,-0.7730,-7.6544,-3.5417,-2.3555
1000.00,-7.4304,-3.5810,-2.4187,1.0559,-7.8408,-0.8271,-7.7451,-3.6287,-2.4120
1000.50,-7.5286,-3.6662,-2.4336,1.1432,-7.9371,-0.8406,-7.8408,-3.7106,-2.4268
1001.00,-7.6263,-3.7519,-2.4056,1.2283,-8.0306,-0.8143,-7.9357,-3.8002,-2.4020
1001.50,-7.7221,-3.8397,-2.3945,1.3210,-8.1276,-0.8023,-8.0342,-3.8912,-2.3900
1002.00,-7.8158,-3.9294,-2.3595,1.4190,-8.2263,-0.7702,-8.1346,-3.9875,-2.3579
1002.50,-7.9057,-4.0229,-2.3006,1.5181,-8.3180,-0.7133,-8.2178,-4.0752,-2.3010
1003.00,-7.9892,-4.1224,-2.2262,1.6209,-8.4014,-0.6388,-8.3031,-4.1764,-2.2265
1003.50,-8.0642,-4.2296,-2.0945,1.7377,-8.4789,-0.5137,-8.3724,-4.2820,-2.1048
1004.00,-8.1304,-4.3471,-1.9209,1.8588,-8.5349,-0.3393,-8.4311,-4.4018,-1.9285
1004.50,-8.1776,-4.4710,-1.8506,1.9882,-8.5734,-0.2576,-8.4877,-4.5247,-1.8474
1005.00,-8.2118,-4.5971,-1.7587,2.1183,-8.6034,-0.1717,-8.5302,-4.6500,-1.7628
1005.50,-8.2370,-4.7252,-1.7555,2.2527,-8.6239,-0.1541,-8.5575,-4.7841,-1.7453
1006.00,-8.2677,-4.8518,-1.8408,2.3829,-8.6489,-0.2352,-8.5851,-4.9037,-1.8299
1006.50,-8.3017,-4.9772,-1.8087,2.5085,-8.6798,-0.2195,-8.6285,-5.0286,-1.8211
1007.00,-8.3276,-5.1030,-1.5978,2.6423,-8.6986,-0.0255,-8.6475,-5.1616,-1.6222
1007.50,-8.3431,-5.2305,-1.3254,2.7739,-8.6843,0.2514,-8.6409,-5.2835,-1.3433
1008.00,-8.3227,-5.3511,-1.1004,2.8874,-8.6408,0.4816,-8.6262,-5.3982,-1.1131
1008.50,-8.2656,-5.4565,-0.8923,2.9938,-8.5707,0.6909,-8.5882,-5.5162,-0.9122
1009.00,-8.1935,-5.5307,-0.6772,3.0682,-8.4956,0.9050,-8.5195,-5.5927,-0.6967
1009.50,-8.0915,-5.5912,-0.4693,3.1290,-8.3971,1.1181,-8.4230,-5.6566,-0.4836
1010.00,-7.9718,-5.6425,-0.3123,3.1802,-8.2693,1.2722,-8.2968,-5.7117,-0.3294
1010.50,-7.8456,-5.6837,-0.1838,3.2101,-8.1341,1.4157,-8.1626,-5.7461,-0.1860
1011.00,-7.7177,-5.7092,-0.1938,3.2301,-8.0000,1.4112,-8.0451,-5.7700,-0.1925
1011.50,-7.5905,-5.7383,-0.2333,3.2531,-7.8686,1.3778,-7.9185,-5.8074,-0.2274
1012.00,-7.4645,-5.7722,-0.2596,3.2821,-7.7360,1.3458,-7.7871,-5.8408,-0.2593
1012.50,-7.3394,-5.8082,-0.2750,3.3138,-7.6065,1.3272,-7.6647,-5.8770,-0.2765
1013.00,-7.2149,-5.8470,-0.3052,3.3459,-7.4842,1.2966,-7.5475,-5.9130,-0.3085
1013.50,-7.0907,-5.8860,-0.3112,3.3795,-7.3617,1.2967,-7.4162,-5.9509,-0.3084
1014.00,-6.9669,-5.9260,-0.3198,3.4155,-7.2336,1.2884,-7.2894,-5.9910,-0.3202
1014.50,-6.8436,-5.9672,-0.3217,3.4530,-7.1062,1.2855,-7.1634,-6.0429,-0.3266
1015.00,-6.7201,-6.0074,-0.3171,3.4908,-6.9750,1.2914,-7.0440,-6.0764,-0.3172
1015.50,-6.5972,-6.0519,-0.3474,3.5274,-6.8534,1.2626,-6.9239,-6.1175,-0.3495
1016.00,-6.4861,-6.0924,-0.2698,3.5631,-6.7333,1.3318,-6.8052,-6.1620,-0.2823
1016.50,-6.4244,-6.1137,-0.2143,3.5770,-6.6668,1.3957,-6.7393,-6.1746,-0.2199
1017.00,-6.4162,-6.1183,-0.1678,3.5791,-6.6544,1.4441,-6.7270,-6.1872,-0.1715
1017.50,-6.4163,-6.1137,-0.1192,3.5787,-6.6583,1.4940,-6.7310,-6.1867,-0.1216
1018.00,-6.4163,-6.1064,-0.0689,3.5784,-6.6658,1.5455,-6.7384,-6.1860,-0.0701
1018.50,-6.4163,-6.0987,-0.0166,3.5785,-6.6739,1.5985,-6.7464,-6.1857,-0.0171
1019.00,-6.4163,-6.0908,0.0360,3.5783,-6.6722,1.6530,-6.7448,-6.1856,0.0374
1019.50,-6.4163,-6.0905,0.0387,3.5782,-6.6708,1.6608,-6.7434,-6.1856,0.0452
1020.00,-6.4163,-6.0905,0.0387,3.5782,-6.6708,1.6620,-6.7434,-6.1856,0.0464
1020.50,-6.4163,-6.0905,0.0387,3.5782,-6.6708,1.6635,-6.7434,-6.1856,0.0479
1021.00,-6.4163,-6.0905,0.0387,3.5782,-6.6708,1.6649,-6.7434,-6.1856,0.0493
1021.50,-6.4163,-6.0905,0.0387,3.5782,-6.6708,1.6660,-6.7434,-6.1856,0.0504
1022.00,-6.4163,-6.0905,0.0387,3.5782,-6.6708,1.6672,-6.7434,-6.1856,0.0516
1022.50,-6.4163,-6.0905,0.0387,3.5782,-6.6708,1.6683,-6.7434,-6.1856,0.0526
1023.00,-6.4163,-6.0905,0.0387,3.5782,-6.6708,1.6698,-6.7434,-6.1856,0.0542
1023.50,-6.4163,-6.0905,0.0387,3.5782,-6.6708,1.6711,-6.7434,-6.1856,0.0555
1024.00,-6.4163,-6.0905,0.0387,3.5782,-6.6708,1.6720,-6.7434,-6.1856,0.0564
1024.50,-6.4163,-6.0905,0.0387,3.5782,-6.6708,1.6729,-6.7434,-6.1856,0.0573
1025.00,-6.4163,-6.0905,0.0387,3.5782,-6.6708,1.6739,-6.7434,-6.1856,0.0583
1025.50,-6.4163,-6.0905,0.0387,3.5782,-6.6708,1.6750,-6.7434,-6.1856,0.0594
1026.00,-6.4163,-6.0905,0.0387,3.5782,-6.6708,1.6757,-6.7434,-6.1856,0.0601
1026.50,-6.4163,-6.0905,0.0387,3.5782,-6.6708,1.6768,-6.7434,-6.1856,0.0612
1027.00,-6.4163,-6.0905,0.0387,3.5782,-6.6708,1.6781,-6.7434,-6.1856,0.0625
1027.50,-6.4163,-6.0905,0.0387,3.5782,-6.6708,1.6795,-6.7434,-6.1856,0.0639
1028.00,-6.4163,-6.0905,0.0387,3.5782,-6.6708,1.6807,-6.7434,-6.1856,0.0651
1028.50,-6.4163,-6.0905,0.0387,3.5782,-6.6708,1.6823,-6.7434,-6.1856,0.0667
1029.00,-6.4163,-6.0905,0.0387,3.5782,-6.6708,1.6831,-6.7434,-6.1856,0.0675
1029.50,-6.4163,-6.0905,0.0387,3.5782,-6.6708,1.6841,-6.7434,-6.1856,0.0685
1030.00,-6.4163,-6.0905,0.0387,3.5782,-6.6708,1.6848,-6.7434,-6.1856,0.0692
1030.50,-6.4163,-6.0905,0.0387,3.5782,-6.6708,1.6864,-6.7434,-6.1856,0.0708
1031.00,-6.4163,-6.0905,0.0387,3.5782,-6.6708,1.6882,-6.7434,-6.1856,0.0726
1031.50,-6.4163,-6.0905,0.0387,3.5782,-6.6708,1.6898,-6.7434,-6.1856,0.0742
1032.00,-6.4163,-6.0905,0.0387,3.5782,-6.6708,1.6911,-6.7434,-6.1856,0.0755
1032.50,-6.4163,-6.0905,0.0387,3.5782,-6.6708,1.6918,-6.7434,-6.1856,0.0762
1033.00,-6.4163,-6.0905,0.0387,3.5782,-6.6708,1.6929,-6.7434,-6.1856,0.0773
1033.50,-6.4163,-6.0905,0.0387,3.5782,-6.6708,1.6941,-6.7434,-6.1856,0.0785
1034.00,-6.4163,-6.0905,0.0387,3.5782,-6.6708,1.6956,-6.7434,-6.1856,0.0800
1034.50,-6.4163,-6.0905,0.0387,3.5782,-6.6708,1.6964,-6.7434,-6.1856,0.0808
1035.00,-6.4163,-6.0905,0.0387,3.5782,-6.6708,1.6974,-6.7434,-6.1856,0.0818
1035.50,-6.4163,-6.0905,0.0387,3.5782,-6.6708,1.6985,-6.7434,-6.1856,0.0829
1036.00,-6.4163,-6.0905,0.0387,3.5782,-6.6708,1.6994,-6.7434,-6.1856,0.0838
1036.50,-6.4163,-6.0905,0.0387,3.5782,-6.6708,1.7009,-6.7434,-6.1856,0.0853
1037.00,-6.4163,-6.0905,0.0387,3.5782,-6.6708,1.7019,-6.7434,-6.1856,0.0863
1037.50,-6.4163,-6.0905,0.0387,3.5782,-6.6708,1.7031,-6.7434,-6.1856,0.0875
1038.00,-6.4163,-6.0905,0.0387,3.5782,-6.6708,1.7041,-6.7434,-6.1856,0.0885
1038.50,-6.4163,-6.0905,0.0387,3.5782,-6.6708,1.7054,-6.7434,-6.1856,0.0898
1039.00,-6.4163,-6.0905,0.0387,3.5782,-6.6708,1.7068,-6.7434,-6.1856,0.0912
1039.50,-6.4163,-6.0905,0.0387,3.5782,-6.6708,1.7077,-6.7434,-6.1856,0.0921
1040.00,-6.4163,-6.0905,0.0387,3.5782,-6.6708,1.7092,-6.7434,-6.1856,0.0936
1040.50,-6.4163,-6.0905,0.0387,3.5782,-6.6708,1.7106,-6.7434,-6.1856,0.0950
1041.00,-6.4163,-6.0905,0.0387,3.5782,-6.6708,1.7117,-6.7434,-6.1856,0.0961
1041.50,-6.4163,-6.0905,0.0387,3.5782,-6.6708,1.7132,-6.7434,-6.1856,0.0976
1042.00,-6.4163,-6.0905,0.0387,3.5782,-6.6708,1.7136,-6.7434,-6.1856,0.0980
1042.50,-6.4163,-6.0905,0.0387,3.5782,-6.6708,1.7146,-6.7434,-6.1856,0.0990
1043.00,-6.4163,-6.0905,0.0387,3.5782,-6.6708,1.7152,-6.7434,-6.1856,0.0996
1043.50,-6.4163,-6.0905,0.0387,3.5782,-6.6708,1.7161,-6.7434,-6.1856,0.1005
1044.00,-6.4163,-6.0905,0.0387,3.5782,-6.6708,1.7170,-6.7434,-6.1856,0.1014
1044.50,-6.4163,-6.0905,0.0387,3.5782,-6.6708,1.7182,-6.7434,-6.1856,0.1026
1045.00,-6.4163,-6.0905,0.0387,3.5782,-6.6708,1.7188,-6.7434,-6.1856,0.1032
1045.50,-6.4163,-6.0905,0.0387,3.5782,-6.6708,1.7197,-6.7434,-6.1856,0.1041
1046.00,-6.4163,-6.0905,0.0387,3.5782,-6.6708,1.7208,-6.7434,-6.1856,0.1052
1046.50,-6.4163,-6.0905,0.0387,3.5782,-6.6708,1.7220,-6.7434,-6.1856,0.1064
1047.00,-6.4163,-6.0905,0.0387,3.5782,-6.6708,1.7235,-6.7434,-6.1856,0.1079
1047.50,-6.4163,-6.0905,0.0387,3.5782,-6.6708,1.7248,-6.7434,-6.1856,0.1092
1048.00,-6.4163,-6.0905,0.0387,3.5782,-6.6708,1.7259,-6.7434,-6.1856,0.1103
