t,gt_x,gt_y,gt_yaw,odom_x,odom_y,odom_yaw,slam_x,slam_y,slam_yaw
53.50,-0.0000,0.0000,0.0000,0.0000,0.0000,0.0373,0.0000,0.0000,0.0373
54.00,-0.0000,0.0000,0.0000,0.0000,0.0000,0.0377,0.0000,0.0000,0.0377
54.50,-0.0000,0.0000,0.0000,0.0000,0.0000,0.0386,0.0000,0.0000,0.0386
55.00,-0.0000,0.0000,0.0000,0.0000,0.0000,0.0390,0.0000,0.0000,0.0390
55.50,-0.0000,0.0000,0.0000,0.0000,0.0000,0.0398,0.0000,0.0000,0.0398
56.00,-0.0000,0.0000,0.0000,0.0000,0.0000,0.0400,0.0000,0.0000,0.0400
56.50,-0.0000,0.0000,0.0000,0.0000,0.0000,0.0405,0.0000,0.0000,0.0405
57.00,-0.0000,0.0000,0.0000,0.0000,0.0000,0.0416,0.0000,0.0000,0.0416
57.50,-0.0000,0.0000,0.0000,0.0000,0.0000,0.0421,0.0000,0.0000,0.0421
58.00,-0.0000,0.0000,0.0000,0.0000,0.0000,0.0427,0.0000,0.0000,0.0427
58.50,-0.0000,0.0000,0.0000,0.0000,0.0000,0.0438,0.0000,0.0000,0.0438
59.00,-0.0000,0.0000,0.0000,0.0000,0.0000,0.0446,0.0000,0.0000,0.0446
59.50,-0.0000,0.0000,0.0000,0.0000,0.0000,0.0447,0.0000,0.0000,0.0447
60.00,-0.0000,0.0000,0.0000,0.0000,0.0000,0.0456,0.0000,0.0000,0.0456
60.50,-0.0000,0.0000,0.0000,0.0000,0.0000,0.0462,0.0000,0.0000,0.0462
61.00,-0.0000,0.0000,0.0000,0.0000,0.0000,0.0469,0.0000,0.0000,0.0469
61.50,-0.0000,0.0000,0.0000,0.0000,0.0000,0.0472,0.0000,0.0000,0.0472
62.00,0.0255,-0.0000,-0.0000,0.0220,0.0011,0.0479,0.0220,0.0011,0.0479
62.50,0.0855,-0.0000,-0.0000,0.0831,0.0040,0.0484,0.0570,0.0021,0.0212
63.00,0.1455,-0.0000,-0.0000,0.1454,0.0070,0.0487,0.1053,0.0014,0.0069
63.50,0.2055,-0.0000,-0.0000,0.2085,0.0101,0.0491,0.0685,0.0019,0.0073
64.00,0.2655,-0.0000,-0.0000,0.2715,0.0132,0.0495,0.0815,0.0023,0.0076
64.50,0.3255,-0.0000,-0.0000,0.3336,0.0163,0.0499,0.0937,0.0028,0.0080
65.00,0.3855,-0.0000,-0.0000,0.3916,0.0192,0.0508,0.0518,0.0039,0.0055
65.50,0.4455,-0.0000,-0.0000,0.4562,0.0225,0.0513,0.1164,0.0043,0.0059
66.00,0.5055,-0.0000,-0.0000,0.5198,0.0258,0.0519,0.1002,0.0047,0.0065
66.50,0.5655,-0.0000,-0.0000,0.5780,0.0289,0.0527,0.1184,0.0051,0.0073
67.00,0.6255,-0.0000,-0.0000,0.6379,0.0321,0.0530,0.0984,0.0055,0.0076
67.50,0.6855,-0.0000,-0.0000,0.7002,0.0354,0.0532,0.1608,0.0060,0.0079
68.00,0.7455,-0.0000,-0.0000,0.7593,0.0385,0.0540,0.1599,0.0069,0.0051
68.50,0.8055,-0.0000,-0.0000,0.8199,0.0418,0.0547,0.1947,0.0077,0.0036
69.00,0.8655,-0.0000,-0.0000,0.8812,0.0452,0.0546,0.2420,0.0080,0.0022
69.50,0.9255,-0.0000,-0.0000,0.9426,0.0486,0.0554,0.2835,0.0082,0.0030
70.00,0.9855,-0.0000,-0.0000,1.0071,0.0521,0.0555,0.3281,0.0084,0.0031
70.50,1.0455,-0.0000,-0.0000,1.0680,0.0555,0.0559,0.3561,0.0086,0.0036
71.00,1.1055,-0.0000,-0.0000,1.1269,0.0589,0.0565,0.4081,0.0088,0.0041
71.50,1.1655,-0.0000,-0.0000,1.1907,0.0625,0.0571,0.4720,0.0096,0.0013
72.00,1.2232,-0.0000,-0.0000,1.2522,0.0660,0.0578,0.5136,0.0097,0.0020
72.50,1.2232,-0.0000,-0.0000,1.2535,0.0661,0.0588,0.4949,0.0097,0.0029
73.00,1.2232,-0.0000,-0.0000,1.2535,0.0661,0.0594,0.4949,0.0097,0.0036
73.50,1.2232,-0.0000,-0.0000,1.2535,0.0661,0.0603,0.4949,0.0097,0.0045
74.00,1.2232,-0.0000,-0.0000,1.2535,0.0661,0.0611,0.4949,0.0097,0.0052
74.50,1.2232,-0.0000,-0.0000,1.2535,0.0661,0.0611,0.4949,0.0097,0.0053
75.00,1.2232,-0.0000,-0.0000,1.2535,0.0661,0.0614,0.4949,0.0097,0.0055
75.50,1.2232,-0.0000,-0.0000,1.2535,0.0661,0.0614,0.4949,0.0097,0.0056
76.00,1.2232,-0.0000,-0.0000,1.2535,0.0661,0.0620,0.4949,0.0097,0.0062
76.50,1.2232,-0.0000,-0.0000,1.2535,0.0661,0.0625,0.4949,0.0097,0.0067
77.00,1.2232,-0.0000,-0.0000,1.2535,0.0661,0.0632,0.4949,0.0097,0.0074
77.50,1.2232,-0.0000,-0.0000,1.2535,0.0661,0.0636,0.4949,0.0097,0.0077
78.00,1.2232,-0.0000,-0.0000,1.2535,0.0661,0.0644,0.4949,0.0097,0.0086
78.50,1.2232,-0.0000,-0.0000,1.2535,0.0661,0.0646,0.4949,0.0097,0.0088
79.00,1.2232,-0.0000,-0.0000,1.2535,0.0661,0.0652,0.4949,0.0097,0.0093
79.50,1.2232,-0.0000,-0.0000,1.2535,0.0661,0.0657,0.4949,0.0097,0.0098
80.00,1.2232,-0.0000,-0.0000,1.2535,0.0661,0.0663,0.4949,0.0097,0.0105
80.50,1.2232,0.0012,0.0225,1.2536,0.0661,0.0862,0.4951,0.0097,0.0304
81.00,1.2232,0.0084,0.0745,1.2600,0.0668,0.1391,0.5015,0.0100,0.0833
81.50,1.2232,0.0156,0.1247,1.2666,0.0679,0.1899,0.5081,0.0108,0.1341
82.00,1.2232,0.0223,0.1731,1.2729,0.0693,0.2388,0.5145,0.0118,0.1830
82.50,1.2232,0.0286,0.2199,1.2773,0.0704,0.2860,0.5189,0.0127,0.2302
83.00,1.2232,0.0343,0.2653,1.2827,0.0722,0.3321,0.5339,0.0368,0.2623
83.50,1.2233,0.0396,0.3093,1.2883,0.0742,0.3764,0.5395,0.0384,0.3066
84.00,1.2233,0.0444,0.3520,1.2927,0.0761,0.4195,0.5441,0.0400,0.3497
84.50,1.2234,0.0487,0.3936,1.2963,0.0778,0.4613,0.5478,0.0414,0.3915
85.00,1.2234,0.0525,0.4339,1.2999,0.0796,0.5020,0.5515,0.0430,0.4322
85.50,1.2234,0.0558,0.4732,1.3028,0.0813,0.5419,0.5545,0.0445,0.4721
86.00,1.2235,0.0587,0.5115,1.3054,0.0829,0.5807,0.5572,0.0459,0.5109
86.50,1.2235,0.0610,0.5487,1.3080,0.0847,0.6183,0.5600,0.0475,0.5485
87.00,1.2236,0.0629,0.5850,1.3088,0.0852,0.6548,0.5607,0.0480,0.5850
87.50,1.2236,0.0644,0.6203,1.3100,0.0862,0.6905,0.5620,0.0489,0.6207
88.00,1.2237,0.0654,0.6548,1.3108,0.0869,0.7252,0.5629,0.0495,0.6554
88.50,1.2238,0.0660,0.6883,1.3112,0.0873,0.7591,0.5634,0.0499,0.6893
89.00,1.2238,0.0661,0.7210,1.3113,0.0874,0.7920,0.5634,0.0499,0.7222
89.50,1.2236,0.0661,0.7538,1.3113,0.0873,0.8256,0.5634,0.0499,0.7558
90.00,1.2235,0.0660,0.7878,1.3111,0.0871,0.8599,0.5632,0.0497,0.7901
90.50,1.2235,0.0657,0.8216,1.3109,0.0869,0.8946,0.5630,0.0495,0.8248
91.00,1.2236,0.0654,0.8543,1.3108,0.0868,0.9283,0.5629,0.0494,0.8585
91.50,1.2234,0.0654,0.8871,1.3106,0.0865,0.9613,0.5627,0.0491,0.8915
92.00,1.2228,0.0653,0.9208,1.3102,0.0859,0.9951,0.5622,0.0485,0.9253
92.50,1.2217,0.0652,0.9553,1.3095,0.0848,1.0305,0.5614,0.0475,0.9607
93.00,1.2202,0.0652,0.9908,1.3087,0.0834,1.0665,0.5606,0.0462,0.9967
93.50,1.2182,0.0651,1.0272,1.3079,0.0818,1.1033,0.5596,0.0446,1.0335
94.00,1.2157,0.0651,1.0646,1.3068,0.0797,1.1410,0.5584,0.0426,1.0712
94.50,1.2128,0.0650,1.1030,1.3056,0.0769,1.1800,0.5570,0.0399,1.1102
95.00,1.2094,0.0650,1.1424,1.3043,0.0735,1.2201,0.5555,0.0366,1.1503
95.50,1.2056,0.0650,1.1829,1.3029,0.0693,1.2610,0.5537,0.0325,1.1912
96.00,1.2012,0.0649,1.2246,1.3015,0.0647,1.3036,0.5520,0.0280,1.2338
96.50,1.1964,0.0649,1.2675,1.3002,0.0598,1.3472,0.5505,0.0232,1.2774
97.00,1.1910,0.0648,1.3117,1.2991,0.0545,1.3918,0.5490,0.0180,1.3220
97.50,1.1852,0.0648,1.3573,1.2981,0.0482,1.4379,0.5476,0.0118,1.3681
98.00,1.1789,0.0648,1.4043,1.2976,0.0434,1.4856,0.5467,0.0070,1.4158
98.50,1.1721,0.0648,1.4529,1.2972,0.0369,1.5347,0.5458,0.0005,1.4649
99.00,1.1648,0.0648,1.5033,1.2971,0.0303,1.5856,0.5453,-0.0060,1.5158
99.50,1.1571,0.0648,1.5557,1.2974,0.0222,1.6380,0.5222,0.0661,1.5542
100.00,1.1495,0.0648,1.6065,1.2972,0.0241,1.6921,0.5221,0.0680,1.6083
100.50,1.1493,0.0648,1.6077,1.2971,0.0243,1.6947,0.5220,0.0682,1.6110
101.00,1.1494,0.0640,1.6077,1.2972,0.0240,1.6959,0.5220,0.0679,1.6121
101.50,1.1501,0.0448,1.6077,1.2997,0.0035,1.6964,0.5229,0.0472,1.6126
102.00,1.1508,0.0248,1.6077,1.3022,-0.0159,1.6967,0.5237,0.0277,1.6129
102.50,1.1516,0.0048,1.6077,1.3045,-0.0345,1.6970,0.5038,0.0090,1.6097
103.00,1.1523,-0.0152,1.6077,1.3069,-0.0530,1.6977,0.5045,-0.0097,1.6105
103.50,1.1530,-0.0351,1.6077,1.3093,-0.0714,1.6985,0.5052,-0.0282,1.6112
104.00,1.1538,-0.0551,1.6077,1.3120,-0.0925,1.6993,0.5061,-0.0495,1.6120
104.50,1.1545,-0.0751,1.6077,1.3145,-0.1118,1.6997,0.5069,-0.0689,1.6124
105.00,1.1552,-0.0951,1.6077,1.3171,-0.1316,1.7003,0.4762,-0.0890,1.6060
105.50,1.1560,-0.1151,1.6077,1.3197,-0.1522,1.7008,0.4769,-0.1097,1.6066
106.00,1.1567,-0.1351,1.6077,1.3225,-0.1730,1.7009,0.4777,-0.1307,1.6066
106.50,1.1575,-0.1551,1.6077,1.3253,-0.1949,1.7013,0.4785,-0.1528,1.6070
107.00,1.1582,-0.1750,1.6077,1.3283,-0.2175,1.7020,0.4601,-0.1755,1.6113
107.50,1.1586,-0.1912,1.6131,1.3305,-0.2343,1.7052,0.4608,-0.1924,1.6144
108.00,1.1531,-0.1912,1.6642,1.3297,-0.2293,1.7579,0.4604,-0.1874,1.6672
108.50,1.1461,-0.1912,1.7137,1.3283,-0.2227,1.8079,0.4596,-0.1807,1.7171
109.00,1.1395,-0.1912,1.7615,1.3265,-0.2162,1.8561,0.4584,-0.1740,1.7654
109.50,1.1334,-0.1911,1.8078,1.3245,-0.2099,1.9032,0.4570,-0.1676,1.8125
110.00,1.1279,-0.1911,1.8526,1.3222,-0.2037,1.9487,0.4553,-0.1612,1.8579
110.50,1.1228,-0.1911,1.8961,1.3202,-0.1989,1.9934,0.4537,-0.1562,1.9026
111.00,1.1182,-0.1910,1.9384,1.3179,-0.1941,2.0370,0.4519,-0.1513,1.9462
111.50,1.1135,-0.1876,1.9879,1.3151,-0.1887,2.0824,0.4495,-0.1456,1.9916
112.00,1.0957,-0.1410,2.1138,1.2886,-0.1481,2.2037,0.4268,-0.1027,2.1129
112.50,1.0363,-0.0457,2.1604,1.2200,-0.0611,2.2557,0.3391,-0.0436,2.1627
113.00,0.9639,0.0625,2.1704,1.1334,0.0452,2.2649,0.2598,0.0738,2.1706
113.50,0.8873,0.1685,2.2035,1.0485,0.1434,2.3004,0.1845,0.1695,2.2061
114.00,0.8106,0.2734,2.2008,0.9628,0.2392,2.2992,0.1282,0.2730,2.2050
114.50,0.7314,0.3770,2.2412,0.8699,0.3398,2.3395,0.0349,0.3817,2.2417
115.00,0.6514,0.4792,2.2153,0.7791,0.4341,2.3174,-0.0360,0.4846,2.2232
115.50,0.5741,0.5836,2.2164,0.6888,0.5333,2.3153,-0.1040,0.5919,2.2176
116.00,0.4916,0.6839,2.3251,0.5944,0.6277,2.4198,-0.1751,0.6854,2.3221
116.50,0.3971,0.7724,2.4422,0.4906,0.7074,2.5428,-0.2526,0.7786,2.4450
117.00,0.3043,0.8489,2.4401,0.3820,0.7796,2.5469,-0.3535,0.8553,2.4491
117.50,0.2559,0.8909,2.4065,0.3271,0.8177,2.5131,-0.3933,0.8928,2.4154
118.00,0.2492,0.8966,2.3731,0.3185,0.8240,2.4807,-0.3809,0.9020,2.3813
118.50,0.2491,0.8966,2.3390,0.3184,0.8241,2.4473,-0.3811,0.9021,2.3478
119.00,0.2490,0.8969,2.3056,0.3178,0.8247,2.4152,-0.3817,0.9027,2.3158
119.50,0.2490,0.8969,2.2731,0.3178,0.8247,2.3831,-0.3816,0.9027,2.2836
120.00,0.2494,0.8969,2.2400,0.3181,0.8243,2.3510,-0.3813,0.9023,2.2516
120.50,0.2502,0.8968,2.2059,0.3189,0.8235,2.3179,-0.3807,0.9014,2.2184
121.00,0.2515,0.8967,2.1710,0.3196,0.8227,2.2840,-0.3800,0.9006,2.1846
121.50,0.2532,0.8967,2.1351,0.3209,0.8212,2.2489,-0.3789,0.8989,2.1495
122.00,0.2554,0.8966,2.0983,0.3223,0.8193,2.2128,-0.3777,0.8969,2.1134
122.50,0.2580,0.8966,2.0605,0.3244,0.8164,2.1763,-0.3759,0.8939,2.0769
123.00,0.2611,0.8965,2.0216,0.3260,0.8140,2.1385,-0.3746,0.8913,2.0391
123.50,0.2614,0.9085,1.9499,0.3222,0.8206,2.0734,-0.3777,0.8982,1.9739
124.00,0.2617,0.9774,1.7479,0.2986,0.8762,1.8795,-0.3956,0.9559,1.7800
124.50,0.2631,1.0951,1.6438,0.2693,0.9958,1.7689,-0.3664,1.0973,1.6503
125.00,0.2499,1.2244,1.6927,0.2405,1.1267,1.8179,-0.3763,1.2306,1.6970
125.50,0.2372,1.3410,1.6197,0.2113,1.2496,1.7600,-0.3938,1.3462,1.6413
126.00,0.2317,1.4223,1.3593,0.2043,1.3344,1.5072,-0.3814,1.4311,1.3816
126.50,0.2415,1.5176,1.0873,0.2232,1.4268,1.2311,-0.3679,1.5204,1.1020
127.00,0.2749,1.5786,0.9399,0.2539,1.4949,1.0779,-0.3522,1.5841,0.9488
127.50,0.2833,1.5891,0.9184,0.2620,1.5094,1.0537,-0.3423,1.5974,0.9246
128.00,0.2833,1.5891,0.9184,0.2619,1.5094,1.0542,-0.3424,1.5974,0.9251
128.50,0.2833,1.5891,0.9184,0.2619,1.5094,1.0549,-0.3424,1.5974,0.9258
129.00,0.2833,1.5891,0.9200,0.2618,1.5094,1.0559,-0.3425,1.5974,0.9268
129.50,0.2813,1.5889,1.0064,0.2615,1.5087,1.1361,-0.3430,1.5967,1.0069
130.00,0.2716,1.5887,1.1982,0.2586,1.5003,1.3262,-0.3469,1.5888,1.1971
130.50,0.2532,1.5886,1.4221,0.2563,1.4842,1.5491,-0.3512,1.5731,1.4200
131.00,0.2289,1.5885,1.6245,0.2570,1.4717,1.7588,-0.3521,1.5607,1.6297
131.50,0.2243,1.5885,1.6565,0.2558,1.4767,1.7962,-0.3527,1.5658,1.6671
132.00,0.2243,1.5878,1.6565,0.2559,1.4762,1.7971,-0.3527,1.5653,1.6680
132.50,0.2260,1.5686,1.6565,0.2599,1.4589,1.7976,-0.3509,1.5476,1.6685
133.00,0.2277,1.5487,1.6565,0.2643,1.4399,1.7981,-0.3490,1.5282,1.6690
133.50,0.2294,1.5288,1.6565,0.2692,1.4184,1.7989,-0.3876,1.5361,1.6663
134.00,0.2311,1.5089,1.6565,0.2741,1.3974,1.7994,-0.3856,1.5147,1.6668
134.50,0.2328,1.4889,1.6565,0.2787,1.3779,1.8006,-0.3836,1.4948,1.6679
135.00,0.2345,1.4690,1.6565,0.2838,1.3559,1.8004,-0.3814,1.4723,1.6678
135.50,0.2362,1.4491,1.6565,0.2883,1.3367,1.8009,-0.3865,1.4591,1.6660
136.00,0.2380,1.4291,1.6565,0.2928,1.3176,1.8019,-0.3884,1.4431,1.6658
136.50,0.2397,1.4092,1.6565,0.2974,1.2979,1.8025,-0.3865,1.4228,1.6664
137.00,0.2414,1.3893,1.6565,0.3014,1.2810,1.8031,-0.3848,1.4056,1.6670
137.50,0.2431,1.3694,1.6565,0.3063,1.2606,1.8039,-0.3828,1.3847,1.6678
138.00,0.2448,1.3494,1.6565,0.3105,1.2427,1.8042,-0.3825,1.3663,1.6611
138.50,0.2460,1.3353,1.6565,0.3148,1.2248,1.8050,-0.3808,1.3480,1.6619
139.00,0.2460,1.3353,1.6565,0.3148,1.2248,1.8059,-0.3808,1.3480,1.6628
139.50,0.2460,1.3353,1.6565,0.3148,1.2248,1.8069,-0.3808,1.3480,1.6638
140.00,0.2460,1.3353,1.6565,0.3148,1.2248,1.8073,-0.3808,1.3480,1.6642
140.50,0.2448,1.3353,1.6777,0.3145,1.2258,1.8261,-0.3809,1.3489,1.6831
141.00,0.2382,1.3353,1.7267,0.3127,1.2322,1.8760,-0.3818,1.3556,1.7329
141.50,0.2317,1.3353,1.7741,0.3109,1.2373,1.9241,-0.3828,1.3609,1.7810
142.00,0.2258,1.3353,1.8199,0.3087,1.2431,1.9709,-0.3843,1.3669,1.8278
142.50,0.2204,1.3354,1.8644,0.3067,1.2475,2.0164,-0.3856,1.3716,1.8734
143.00,0.2154,1.3354,1.9076,0.3040,1.2529,2.0595,-0.3875,1.3773,1.9164
143.50,0.2109,1.3354,1.9496,0.3021,1.2563,2.1023,-0.3889,1.3809,1.9592
144.00,0.2070,1.3355,1.9904,0.3005,1.2589,2.1436,-0.3901,1.3837,2.0005
144.50,0.2035,1.3355,2.0300,0.2986,1.2617,2.1835,-0.3916,1.3867,2.0405
145.00,0.2005,1.3356,2.0687,0.2973,1.2635,2.2232,-0.3926,1.3888,2.0801
145.50,0.1979,1.3356,2.1063,0.2956,1.2656,2.2612,-0.3940,1.3911,2.1181
146.00,0.1958,1.3357,2.1429,0.2940,1.2675,2.2985,-0.3953,1.3932,2.1554
146.50,0.1942,1.3357,2.1785,0.2934,1.2682,2.3350,-0.3958,1.3939,2.1919
147.00,0.1930,1.3358,2.2133,0.2922,1.2694,2.3705,-0.3968,1.3953,2.2274
147.50,0.1923,1.3358,2.2471,0.2916,1.2699,2.4051,-0.3973,1.3959,2.2620
148.00,0.1920,1.3359,2.2801,0.2913,1.2702,2.4391,-0.3976,1.3962,2.2960
148.50,0.1920,1.3358,2.3127,0.2913,1.2702,2.4719,-0.3976,1.3962,2.3288
149.00,0.1921,1.3356,2.3463,0.2913,1.2702,2.5061,-0.3976,1.3962,2.3630
149.50,0.1923,1.3356,2.3804,0.2913,1.2702,2.5407,-0.3976,1.3962,2.3976
150.00,0.1927,1.3357,2.4135,0.2916,1.2700,2.5742,-0.3973,1.3959,2.4311
150.50,0.1928,1.3356,2.4460,0.2917,1.2699,2.6074,-0.3973,1.3959,2.4643
151.00,0.1928,1.3351,2.4794,0.2919,1.2698,2.6412,-0.3971,1.3958,2.4981
151.50,0.1929,1.3342,2.5136,0.2929,1.2693,2.6760,-0.3961,1.3951,2.5329
152.00,0.1929,1.3329,2.5487,0.2946,1.2685,2.7121,-0.3946,1.3941,2.5690
152.50,0.1930,1.3310,2.5848,0.2965,1.2677,2.7488,-0.3928,1.3930,2.6057
153.00,0.1930,1.3288,2.6218,0.2985,1.2669,2.7865,-0.3909,1.3919,2.6434
153.50,0.1931,1.3260,2.6598,0.3013,1.2659,2.8260,-0.3883,1.3905,2.6829
154.00,0.1931,1.3228,2.6989,0.3045,1.2649,2.8656,-0.3853,1.3891,2.7225
154.50,0.1932,1.3191,2.7390,0.3088,1.2638,2.9059,-0.3812,1.3874,2.7628
155.00,0.1932,1.3149,2.7803,0.3138,1.2627,2.9476,-0.3764,1.3856,2.8045
155.50,0.1932,1.3103,2.8228,0.3193,1.2617,2.9904,-0.3711,1.3839,2.8473
156.00,0.1933,1.3051,2.8665,0.3245,1.2611,3.0344,-0.3660,1.3825,2.8913
156.50,0.1933,1.2995,2.9115,0.3309,1.2605,3.0800,-0.3598,1.3810,2.9369
157.00,0.1933,1.2933,2.9580,0.3367,1.2603,3.1276,-0.3540,1.3799,2.9845
157.50,0.1933,1.2867,3.0061,0.3438,1.2603,-3.1071,-0.3470,1.3790,3.0330
158.00,0.1934,1.2796,3.0558,0.3501,1.2607,-3.0570,-0.3407,1.3785,3.0831
158.50,0.1934,1.2720,3.1074,0.3559,1.2614,-3.0048,-0.4000,1.3166,3.1194
159.00,0.1934,1.2641,-3.1224,0.3606,1.2621,-2.9507,-0.4304,1.2832,-3.1182
159.50,0.1934,1.2564,-3.0702,0.3527,1.2603,-2.8977,-0.4385,1.2829,-3.0652
160.00,0.1934,1.2491,-3.0200,0.3438,1.2579,-2.8464,-0.4476,1.2819,-3.0139
160.50,0.1933,1.2429,-2.9725,0.3368,1.2556,-2.8009,-0.4549,1.2808,-2.9684
161.00,0.1933,1.2366,-2.9256,0.3307,1.2533,-2.7532,-0.4613,1.2795,-2.9207
161.50,0.1933,1.2308,-2.8801,0.3247,1.2506,-2.7070,-0.4677,1.2779,-2.8745
162.00,0.1933,1.2255,-2.8360,0.3196,1.2482,-2.6619,-0.4731,1.2763,-2.8295
162.50,0.1932,1.2207,-2.7931,0.3149,1.2455,-2.6185,-0.4782,1.2746,-2.7860
163.00,0.1932,1.2163,-2.7515,0.3121,1.2439,-2.5764,-0.4813,1.2734,-2.7439
163.50,0.1931,1.2125,-2.7110,0.3082,1.2413,-2.5352,-0.4352,1.2208,-2.7062
164.00,0.1931,1.2091,-2.6716,0.3053,1.2392,-2.4961,-0.4385,1.2193,-2.6671
164.50,0.1930,1.2062,-2.6333,0.3027,1.2372,-2.4571,-0.4414,1.2177,-2.6281
165.00,0.1930,1.2038,-2.5960,0.3005,1.2353,-2.4187,-0.4439,1.2162,-2.5897
165.50,0.1929,1.2018,-2.5596,0.2996,1.2345,-2.3815,-0.4449,1.2156,-2.5525
166.00,0.1929,1.2003,-2.5242,0.2983,1.2332,-2.3451,-0.4464,1.2146,-2.5161
166.50,0.1928,1.1993,-2.4897,0.2974,1.2322,-2.3095,-0.4474,1.2138,-2.4805
167.00,0.1928,1.1987,-2.4561,0.2975,1.2324,-2.2749,-0.4473,1.2139,-2.4459
167.50,0.1927,1.1985,-2.4234,0.2974,1.2322,-2.2415,-0.4474,1.2138,-2.4125
168.00,0.1929,1.1986,-2.3906,0.2973,1.2322,-2.2073,-0.4475,1.2137,-2.3783
168.50,0.1931,1.1986,-2.3567,0.2974,1.2323,-2.1728,-0.4474,1.2138,-2.3438
169.00,0.1930,1.1989,-2.3228,0.2977,1.2326,-2.1383,-0.4471,1.2141,-2.3093
169.50,0.1930,1.1992,-2.2900,0.2980,1.2331,-2.1045,-0.4467,1.2146,-2.2755
170.00,0.1931,1.1993,-2.2573,0.2979,1.2330,-2.0711,-0.4468,1.2144,-2.2421
170.50,0.1937,1.1993,-2.2237,0.2981,1.2333,-2.0363,-0.4466,1.2147,-2.2074
171.00,0.1947,1.1994,-2.1892,0.2983,1.2339,-2.0014,-0.4462,1.2152,-2.1724
171.50,0.1962,1.1995,-2.1538,0.2988,1.2349,-1.9652,-0.4456,1.2162,-2.1362
172.00,0.1982,1.1995,-2.1175,0.2995,1.2367,-1.9279,-0.4446,1.2178,-2.0989
172.50,0.2006,1.1996,-2.0802,0.3002,1.2388,-1.8902,-0.4435,1.2197,-2.0612
173.00,0.2034,1.1996,-2.0419,0.3009,1.2410,-1.8518,-0.4425,1.2218,-2.0228
173.50,0.2068,1.1996,-2.0026,0.3016,1.2438,-1.8117,-0.4413,1.2244,-1.9827
174.00,0.2106,1.1997,-1.9621,0.3024,1.2473,-1.7711,-0.4399,1.2277,-1.9421
174.50,0.2149,1.1997,-1.9206,0.3031,1.2508,-1.7292,-0.4387,1.2311,-1.9002
175.00,0.2197,1.1998,-1.8778,0.3040,1.2571,-1.6857,-0.4367,1.2371,-1.8567
175.50,0.2250,1.1998,-1.8337,0.3045,1.2630,-1.6406,-0.4352,1.2428,-1.8116
176.00,0.2308,1.1998,-1.7882,0.3047,1.2679,-1.5949,-0.4341,1.2476,-1.7659
176.50,0.2371,1.1998,-1.7413,0.3048,1.2738,-1.5471,-0.4331,1.2534,-1.7181
177.00,0.2438,1.1999,-1.6928,0.3044,1.2816,-1.4978,-0.4322,1.2612,-1.6688
177.50,0.2511,1.1999,-1.6426,0.3037,1.2886,-1.4472,-0.4316,1.2683,-1.6182
178.00,0.2583,1.1980,-1.5926,0.3030,1.2931,-1.3950,-0.3549,1.2042,-1.5870
178.50,0.2545,1.1511,-1.6400,0.3101,1.2492,-1.4333,-0.3564,1.1597,-1.6253
179.00,0.2472,1.0443,-1.6115,0.3242,1.1429,-1.4167,-0.3629,1.0527,-1.6087
179.50,0.2474,0.9581,-1.4291,0.3444,1.0542,-1.2395,-0.3756,0.9619,-1.4366
180.00,0.2535,0.9343,-1.3613,0.3546,1.0278,-1.1675,-0.3731,0.9338,-1.3577
180.50,0.2594,0.9343,-1.3156,0.3568,1.0230,-1.1214,-0.3680,0.9285,-1.3116
181.00,0.2648,0.9343,-1.2713,0.3590,1.0185,-1.0769,-0.3666,0.9236,-1.2671
181.50,0.2697,0.9342,-1.2283,0.3614,1.0142,-1.0336,-0.3651,0.9189,-1.2238
182.00,0.2741,0.9342,-1.1865,0.3639,1.0102,-0.9911,-0.3634,0.9146,-1.1813
182.50,0.2780,0.9342,-1.1459,0.3658,1.0074,-0.9494,-0.3620,0.9114,-1.1396
183.00,0.2814,0.9341,-1.1063,0.3684,1.0040,-0.9091,-0.3602,0.9076,-1.0993
183.50,0.2844,0.9341,-1.0679,0.3702,1.0017,-0.8694,-0.3588,0.9050,-1.0596
184.00,0.2869,0.9340,-1.0304,0.3722,0.9993,-0.8316,-0.3572,0.9023,-1.0218
184.50,0.2913,0.9288,-0.9843,0.3776,0.9938,-0.7879,-0.3531,0.8959,-0.9781
185.00,0.3248,0.8800,-0.9453,0.4211,0.9524,-0.7456,-0.2891,0.8870,-0.9393
185.50,0.3920,0.7837,-0.9634,0.5087,0.8696,-0.7636,-0.2191,0.7890,-0.9573
186.00,0.4585,0.6927,-0.9258,0.5904,0.7942,-0.7249,-0.1614,0.7007,-0.9186
186.50,0.4907,0.6519,-0.8919,0.6342,0.7566,-0.6902,-0.1312,0.6562,-0.8891
187.00,0.4930,0.6493,-0.8590,0.6372,0.7541,-0.6568,-0.1287,0.6531,-0.8557
187.50,0.4930,0.6494,-0.8264,0.6373,0.7541,-0.6233,-0.1287,0.6530,-0.8222
188.00,0.4929,0.6496,-0.7927,0.6371,0.7541,-0.5893,-0.1288,0.6531,-0.7882
188.50,0.4927,0.6496,-0.7587,0.6369,0.7543,-0.5544,-0.1290,0.6533,-0.7534
189.00,0.4923,0.6495,-0.7256,0.6369,0.7543,-0.5208,-0.1290,0.6533,-0.7198
189.50,0.4923,0.6496,-0.6931,0.6366,0.7544,-0.4872,-0.1292,0.6535,-0.6862
190.00,0.4922,0.6501,-0.6597,0.6359,0.7548,-0.4535,-0.1298,0.6540,-0.6525
190.50,0.4922,0.6511,-0.6254,0.6352,0.7551,-0.4184,-0.1305,0.6544,-0.6173
191.00,0.4921,0.6525,-0.5902,0.6346,0.7554,-0.3828,-0.1311,0.6548,-0.5817
191.50,0.4920,0.6543,-0.5540,0.6325,0.7561,-0.3465,-0.1329,0.6560,-0.5454
192.00,0.4920,0.6566,-0.5169,0.6308,0.7567,-0.3088,-0.1345,0.6569,-0.5078
192.50,0.4920,0.6594,-0.4788,0.6284,0.7574,-0.2702,-0.1367,0.6581,-0.4691
193.00,0.4919,0.6627,-0.4397,0.6247,0.7584,-0.2302,-0.1402,0.6598,-0.4292
193.50,0.4919,0.6664,-0.3995,0.6208,0.7592,-0.1894,-0.1438,0.6613,-0.3883
194.00,0.4918,0.6706,-0.3581,0.6165,0.7599,-0.1476,-0.1478,0.6629,-0.3465
194.50,0.5018,0.6737,-0.2883,0.6230,0.7593,-0.0850,-0.1417,0.6610,-0.2839
195.00,0.5663,0.6805,-0.1187,0.6894,0.7595,0.0765,-0.0765,0.6481,-0.1224
195.50,0.6873,0.6783,-0.0725,0.8195,0.7751,0.1303,0.0552,0.6776,-0.0669
196.00,0.8162,0.6637,-0.2064,0.9516,0.7857,0.0015,0.1821,0.6690,-0.1969
196.50,0.9417,0.6375,-0.2939,1.0810,0.7783,-0.0935,0.2996,0.6460,-0.2924
197.00,1.0663,0.6004,-0.2913,1.2165,0.7662,-0.0900,0.4209,0.6074,-0.2884
197.50,1.1917,0.5672,-0.2013,1.3510,0.7576,-0.0070,0.5454,0.5716,-0.2076
198.00,1.3205,0.5436,-0.0945,1.4839,0.7660,0.1090,0.6782,0.5585,-0.0917
198.50,1.4500,0.5341,-0.0706,1.6193,0.7818,0.1298,0.7938,0.5372,-0.0709
199.00,1.5796,0.5231,-0.1222,1.7481,0.7976,0.0866,0.9253,0.5315,-0.1123
199.50,1.7080,0.5036,-0.1647,1.8844,0.8043,0.0387,1.0538,0.5107,-0.1620
200.00,1.8360,0.4801,-0.2111,2.0186,0.8083,-0.0029,1.1818,0.4876,-0.2053
200.50,1.9616,0.4476,-0.3072,2.1505,0.8018,-0.0979,1.3009,0.4540,-0.3003
201.00,2.0851,0.4082,-0.3022,2.2821,0.7871,-0.0996,1.4417,0.4175,-0.3056
201.50,2.2110,0.3756,-0.1960,2.4107,0.7813,0.0085,1.5403,0.3899,-0.1974
202.00,2.3385,0.3485,-0.2301,2.5392,0.7826,-0.0173,1.6873,0.3602,-0.2232
202.50,2.4632,0.3136,-0.3367,2.6668,0.7732,-0.1277,1.8102,0.3249,-0.3336
203.00,2.5849,0.2698,-0.3576,2.7913,0.7541,-0.1539,1.9282,0.2808,-0.3598
203.50,2.7087,0.2302,-0.2380,2.9240,0.7403,-0.0343,2.0653,0.2402,-0.2402
204.00,2.8358,0.2003,-0.2123,3.0556,0.7396,-0.0004,2.1840,0.2126,-0.2063
204.50,2.9614,0.1670,-0.3178,3.1934,0.7328,-0.1062,2.3176,0.1781,-0.3156
205.00,3.0833,0.1242,-0.3713,3.3197,0.7144,-0.1651,2.4239,0.1340,-0.3733
205.50,3.2059,0.0820,-0.2706,3.4506,0.6970,-0.0704,2.5419,0.0899,-0.2798
206.00,3.3331,0.0491,-0.1566,3.5786,0.6972,0.0525,2.6736,0.0637,-0.1569
206.50,3.4613,0.0262,-0.2133,3.7103,0.7028,0.0042,2.7971,0.0420,-0.2052
207.00,3.5857,-0.0049,-0.3609,3.8415,0.6934,-0.1456,2.9271,0.0026,-0.3607
207.50,3.7063,-0.0507,-0.4034,3.9704,0.6717,-0.1864,3.0649,-0.0429,-0.3993
208.00,3.8250,-0.1041,-0.4174,4.0996,0.6452,-0.2035,3.1592,-0.0958,-0.4187
208.50,3.9462,-0.1510,-0.2993,4.2305,0.6245,-0.0871,3.2792,-0.1339,-0.3035
209.00,4.0715,-0.1882,-0.2594,4.3629,0.6176,-0.0414,3.4234,-0.1791,-0.2578
209.50,4.1962,-0.2277,-0.3285,4.4914,0.6091,-0.1042,3.5406,-0.2050,-0.3205
210.00,4.3179,-0.2747,-0.3672,4.6196,0.5916,-0.1492,3.6587,-0.2593,-0.3713
210.50,4.4410,-0.3159,-0.2655,4.7456,0.5778,-0.0492,3.7820,-0.3007,-0.2691
211.00,4.5672,-0.3488,-0.2447,4.8754,0.5748,-0.0207,3.9180,-0.3319,-0.2405
211.50,4.6916,-0.3864,-0.3493,5.0066,0.5659,-0.1238,4.0541,-0.3692,-0.3436
212.00,4.8118,-0.4332,-0.4210,5.1361,0.5442,-0.2002,4.1722,-0.4185,-0.4236
212.50,4.9312,-0.4836,-0.3700,5.2603,0.5207,-0.1518,4.3015,-0.4691,-0.3716
213.00,5.0533,-0.5270,-0.3389,5.3865,0.5041,-0.1183,4.4212,-0.5126,-0.3417
213.50,5.1765,-0.5671,-0.3210,5.5164,0.4911,-0.0936,4.5350,-0.5540,-0.3170
214.00,5.2988,-0.6139,-0.3832,5.6514,0.4752,-0.1539,4.6761,-0.5996,-0.3785
214.50,5.4166,-0.6696,-0.4994,5.7788,0.4490,-0.2688,4.7914,-0.6536,-0.4956
215.00,5.5275,-0.7346,-0.5935,5.9066,0.4068,-0.3625,4.9063,-0.7236,-0.5859
215.50,5.6308,-0.8110,-0.7142,6.0241,0.3540,-0.4853,4.9892,-0.8010,-0.7122
216.00,5.7267,-0.8993,-0.7724,6.1346,0.2909,-0.5451,5.0791,-0.8875,-0.7697
216.50,5.7940,-0.9668,-0.8066,6.2211,0.2366,-0.5788,5.1447,-0.9597,-0.8022
217.00,5.8165,-0.9910,-0.8399,6.2511,0.2164,-0.6114,5.1895,-0.9861,-0.8347
217.50,5.8165,-0.9910,-0.8724,6.2515,0.2162,-0.6436,5.1899,-0.9864,-0.8670
218.00,5.8160,-0.9910,-0.9057,6.2512,0.2165,-0.6761,5.1896,-0.9860,-0.8995
218.50,5.8152,-0.9909,-0.9398,6.2504,0.2172,-0.7098,5.1890,-0.9852,-0.9331
219.00,5.8138,-0.9909,-0.9749,6.2498,0.2177,-0.7448,5.1886,-0.9845,-0.9682
219.50,5.8121,-0.9908,-1.0109,6.2488,0.2188,-0.7797,5.1878,-0.9833,-1.0031
220.00,5.8098,-0.9908,-1.0478,6.2472,0.2203,-0.8158,5.1866,-0.9814,-1.0391
220.50,5.8071,-0.9907,-1.0857,6.2454,0.2224,-0.8527,5.1853,-0.9790,-1.0761
221.00,5.8039,-0.9907,-1.1247,6.2435,0.2247,-0.8912,5.1839,-0.9764,-1.1146
221.50,5.8003,-0.9906,-1.1647,6.2408,0.2281,-0.9303,5.1821,-0.9724,-1.1536
222.00,5.7961,-0.9906,-1.2059,6.2380,0.2320,-0.9706,5.1802,-0.9680,-1.1940
222.50,5.7915,-0.9906,-1.2482,6.2362,0.2348,-1.0123,5.1790,-0.9648,-1.2356
223.00,5.7864,-0.9905,-1.2919,6.2331,0.2399,-1.0542,5.1772,-0.9592,-1.2775
223.50,5.7808,-0.9905,-1.3368,6.2302,0.2454,-1.0985,5.1755,-0.9532,-1.3219
224.00,5.7747,-0.9905,-1.3832,6.2271,0.2517,-1.1444,5.1740,-0.9464,-1.3677
224.50,5.7681,-0.9905,-1.4311,6.2248,0.2571,-1.1915,5.1729,-0.9406,-1.4149
225.00,5.7615,-1.0036,-1.4915,6.2276,0.2491,-1.2511,5.1365,-0.9886,-1.4884
225.50,5.7592,-1.0754,-1.5593,6.2474,0.1838,-1.3097,5.1404,-1.0567,-1.5470
226.00,5.7481,-1.1992,-1.6904,6.2717,0.0560,-1.4435,5.1149,-1.1865,-1.6913
226.50,5.7288,-1.3280,-1.7344,6.2867,-0.0760,-1.4828,5.0970,-1.3182,-1.7271
227.00,5.7017,-1.4522,-1.9216,6.2886,-0.2020,-1.6640,5.0683,-1.4410,-1.9083
227.50,5.6600,-1.5626,-2.1495,6.2640,-0.3170,-1.8962,5.0167,-1.5466,-2.1405
228.00,5.5860,-1.6669,-2.2507,6.2155,-0.4355,-2.0032,4.9509,-1.6496,-2.2488
228.50,5.5017,-1.7661,-2.3113,6.1553,-0.5585,-2.0603,4.8626,-1.7643,-2.3046
229.00,5.4083,-1.8573,-2.4184,6.0845,-0.6755,-2.1702,4.7720,-1.8507,-2.4145
229.50,5.3092,-1.9413,-2.4474,6.0077,-0.7829,-2.2017,4.6751,-1.9364,-2.4460
230.00,5.2097,-2.0251,-2.4329,5.9273,-0.8941,-2.1892,4.5601,-2.0213,-2.4313
230.50,5.1159,-2.1091,-2.3939,5.8539,-1.0019,-2.1490,4.4730,-2.1018,-2.3898
231.00,5.0607,-2.1618,-2.3601,5.8108,-1.0700,-2.1147,4.4150,-2.1579,-2.3590
231.50,5.0491,-2.1732,-2.3261,5.8003,-1.0876,-2.0798,4.4106,-2.1724,-2.3241
232.00,5.0490,-2.1729,-2.2932,5.8006,-1.0871,-2.0462,4.4110,-2.1720,-2.2905
232.50,5.0491,-2.1728,-2.2605,5.8007,-1.0868,-2.0131,4.4112,-2.1717,-2.2574
233.00,5.0497,-2.1728,-2.2270,5.8010,-1.0862,-1.9795,4.4116,-2.1712,-2.2238
233.50,5.0507,-2.1727,-2.1927,5.8012,-1.0855,-1.9450,4.4121,-2.1706,-2.1893
234.00,5.0521,-2.1727,-2.1574,5.8018,-1.0841,-1.9092,4.4129,-2.1694,-2.1535
234.50,5.0540,-2.1726,-2.1211,5.8024,-1.0821,-1.8728,4.4140,-2.1676,-2.1171
235.00,5.0564,-2.1726,-2.0839,5.8031,-1.0799,-1.8349,4.4152,-2.1656,-2.0792
235.50,5.0592,-2.1725,-2.0457,5.8038,-1.0770,-1.7965,4.4165,-2.1630,-2.0408
236.00,5.0625,-2.1725,-2.0065,5.8046,-1.0734,-1.7566,4.4182,-2.1596,-2.0009
236.50,5.0663,-2.1724,-1.9662,5.8051,-1.0701,-1.7156,4.4195,-2.1566,-1.9599
237.00,5.0706,-2.1724,-1.9247,5.8057,-1.0653,-1.6742,4.4212,-2.1521,-1.9185
237.50,5.0753,-2.1724,-1.8820,5.8062,-1.0595,-1.6306,4.4231,-2.1466,-1.8749
238.00,5.0806,-2.1723,-1.8381,5.8064,-1.0541,-1.5859,4.4246,-2.1414,-1.8302
238.50,5.0863,-2.1723,-1.7928,5.8063,-1.0475,-1.5407,4.4262,-2.1349,-1.7850
239.00,5.0925,-2.1723,-1.7460,5.8060,-1.0407,-1.4937,4.4275,-2.1283,-1.7380
239.50,5.0992,-2.1723,-1.6977,5.8053,-1.0338,-1.4446,4.4285,-2.1214,-1.6889
240.00,5.1064,-2.1722,-1.6476,5.8043,-1.0271,-1.3940,4.4291,-2.1147,-1.6383
240.50,5.1140,-2.1722,-1.5957,5.8028,-1.0200,-1.3415,4.4294,-2.1074,-1.5858
241.00,5.1244,-2.1895,-1.4896,5.8068,-1.0335,-1.2480,4.4300,-2.1214,-1.4923
241.50,5.1454,-2.2665,-1.3515,5.8373,-1.1041,-1.1056,4.4426,-2.1974,-1.3499
242.00,5.1769,-2.3891,-1.3079,5.8996,-1.2184,-1.0586,4.5355,-2.3833,-1.3064
242.50,5.2050,-2.5158,-1.4226,5.9597,-1.3357,-1.1678,4.5649,-2.5118,-1.4121
243.00,5.2228,-2.6451,-1.4895,6.0075,-1.4657,-1.2421,4.5799,-2.6394,-1.4899
243.50,5.2385,-2.7697,-1.3738,6.0539,-1.5869,-1.1355,4.5951,-2.7584,-1.3833
244.00,5.2638,-2.8907,-1.1588,6.1170,-1.6912,-0.9149,4.6309,-2.8748,-1.1627
244.50,5.3150,-3.0070,-1.0808,6.2030,-1.7912,-0.8292,4.6797,-3.0029,-1.0770
245.00,5.3726,-3.1229,-1.1498,6.2892,-1.8889,-0.8914,4.7396,-3.1086,-1.1427
245.50,5.4215,-3.2453,-1.2986,6.3661,-2.0014,-1.0438,4.7762,-3.2366,-1.2950
246.00,5.4572,-3.3673,-1.3060,6.4298,-2.1155,-1.0569,4.8095,-3.3631,-1.3081
246.50,5.4830,-3.4409,-1.2625,6.4713,-2.1861,-1.0124,4.8321,-3.4418,-1.2637
247.00,5.4925,-3.4566,-1.2200,6.4823,-2.2033,-0.9685,4.8479,-3.4513,-1.2162
247.50,5.4968,-3.4566,-1.1784,6.4849,-2.2069,-0.9264,4.8495,-3.4555,-1.1742
248.00,5.5006,-3.4566,-1.1380,6.4867,-2.2093,-0.8855,4.8507,-3.4583,-1.1333
248.50,5.5039,-3.4567,-1.0987,6.4894,-2.2124,-0.8459,4.8525,-3.4619,-1.0937
249.00,5.5068,-3.4567,-1.0604,6.4909,-2.2141,-0.8071,4.8535,-3.4639,-1.0549
249.50,5.5092,-3.4568,-1.0231,6.4925,-2.2158,-0.7690,4.8547,-3.4660,-1.0168
250.00,5.5111,-3.4568,-0.9868,6.4937,-2.2168,-0.7320,4.8556,-3.4672,-0.9798
250.50,5.5126,-3.4569,-0.9515,6.4948,-2.2179,-0.6960,4.8565,-3.4685,-0.9438
251.00,5.5136,-3.4569,-0.9170,6.4958,-2.2186,-0.6610,4.8572,-3.4695,-0.9088
251.50,5.5142,-3.4570,-0.8835,6.4961,-2.2189,-0.6268,4.8575,-3.4698,-0.8746
252.00,5.5144,-3.4570,-0.8508,6.4963,-2.2190,-0.5939,4.8576,-3.4700,-0.8417
252.50,5.5143,-3.4569,-0.8179,6.4959,-2.2188,-0.5610,4.8573,-3.4697,-0.8087
253.00,5.5142,-3.4567,-0.7840,6.4957,-2.2186,-0.5270,4.8571,-3.4695,-0.7748
253.50,5.5139,-3.4568,-0.7501,6.4956,-2.2186,-0.4921,4.8571,-3.4694,-0.7399
254.00,5.5136,-3.4568,-0.7174,6.4954,-2.2185,-0.4585,4.8568,-3.4692,-0.7063
254.50,5.5136,-3.4566,-0.6846,6.4952,-2.2184,-0.4251,4.8567,-3.4691,-0.6729
255.00,5.5135,-3.4560,-0.6510,6.4947,-2.2182,-0.3911,4.8562,-3.4688,-0.6389
255.50,5.5135,-3.4550,-0.6165,6.4936,-2.2177,-0.3563,4.8553,-3.4681,-0.6041
256.00,5.5134,-3.4534,-0.5810,6.4919,-2.2172,-0.3207,4.8538,-3.4671,-0.5685
256.50,5.5134,-3.4515,-0.5447,6.4904,-2.2167,-0.2837,4.8524,-3.4663,-0.5315
257.00,5.5133,-3.4491,-0.5073,6.4882,-2.2161,-0.2458,4.8504,-3.4652,-0.4936
257.50,5.5133,-3.4462,-0.4690,6.4853,-2.2154,-0.2066,4.8478,-3.4638,-0.4544
258.00,5.5132,-3.4428,-0.4296,6.4813,-2.2147,-0.1664,4.8441,-3.4621,-0.4142
258.50,5.5132,-3.4389,-0.3891,6.4771,-2.2141,-0.1251,4.8402,-3.4605,-0.3729
259.00,5.5132,-3.4346,-0.3474,6.4725,-2.2136,-0.0839,4.8359,-3.4589,-0.3317
259.50,5.5131,-3.4297,-0.3045,6.4668,-2.2132,-0.0403,4.8304,-3.4571,-0.2881
260.00,5.5131,-3.4244,-0.2604,6.4615,-2.2131,0.0046,4.8253,-3.4557,-0.2432
260.50,5.5131,-3.4186,-0.2149,6.4559,-2.2133,0.0503,4.8199,-3.4545,-0.1975
261.00,5.5130,-3.4123,-0.1679,6.4493,-2.2138,0.0977,4.8133,-3.4534,-0.1501
261.50,5.5130,-3.4055,-0.1193,6.4423,-2.2146,0.1466,4.8063,-3.4525,-0.1012
262.00,5.5130,-3.3983,-0.0689,6.4358,-2.2157,0.1968,4.7998,-3.4520,-0.0510
262.50,5.5130,-3.3906,-0.0167,6.4270,-2.2177,0.2491,4.8710,-3.3874,-0.0196
263.00,5.5130,-3.3826,0.0367,6.4276,-2.2175,0.3029,4.8716,-3.3873,0.0341
263.50,5.5130,-3.3751,0.0882,6.4334,-2.2155,0.3554,4.8778,-3.3869,0.0867
264.00,5.5130,-3.3680,0.1379,6.4399,-2.2129,0.4058,4.8847,-3.3861,0.1371
264.50,5.5130,-3.3614,0.1858,6.4453,-2.2104,0.4541,4.8906,-3.3851,0.1854
265.00,5.5131,-3.3553,0.2323,6.4506,-2.2077,0.5010,4.8964,-3.3839,0.2322
265.50,5.5131,-3.3497,0.2773,6.4567,-2.2042,0.5467,4.9032,-3.3822,0.2780
266.00,5.5131,-3.3445,0.3209,6.4620,-2.2008,0.5909,4.9093,-3.3803,0.3222
266.50,5.5132,-3.3399,0.3633,6.4653,-2.1984,0.6339,4.9130,-3.3790,0.3652
267.00,5.5132,-3.3386,0.3752,6.4668,-2.1973,0.6476,4.9148,-3.3783,0.3789
267.50,5.5132,-3.3386,0.3752,6.4668,-2.1973,0.6479,4.9148,-3.3783,0.3792
268.00,5.5132,-3.3386,0.3752,6.4668,-2.1973,0.6481,4.9148,-3.3783,0.3794
268.50,5.5132,-3.3386,0.3752,6.4668,-2.1973,0.6484,4.9148,-3.3783,0.3796
269.00,5.5132,-3.3367,0.4008,6.4685,-2.1960,0.6720,4.9168,-3.3774,0.4033
269.50,5.5132,-3.3330,0.4410,6.4714,-2.1936,0.7130,4.9202,-3.3759,0.4443
270.00,5.5133,-3.3297,0.4801,6.4746,-2.1907,0.7525,4.9241,-3.3740,0.4838
270.50,5.5133,-3.3270,0.5182,6.4768,-2.1886,0.7915,4.8764,-3.3219,0.5193
271.00,5.5134,-3.3247,0.5552,6.4783,-2.1870,0.8291,4.8783,-3.3208,0.5569
271.50,5.5134,-3.3228,0.5913,6.4796,-2.1855,0.8661,4.8800,-3.3197,0.5939
272.00,5.5135,-3.3215,0.6265,6.4806,-2.1843,0.9016,4.8812,-3.3188,0.6293
272.50,5.5135,-3.3205,0.6608,6.4811,-2.1837,0.9367,4.8819,-3.3183,0.6645
273.00,5.5136,-3.3200,0.6942,6.4816,-2.1830,0.9706,4.8825,-3.3178,0.6984
273.50,5.5136,-3.3200,0.7267,6.4816,-2.1829,1.0040,4.8827,-3.3177,0.7317
274.00,5.5134,-3.3200,0.7598,6.4814,-2.1832,1.0375,4.8824,-3.3180,0.7652
274.50,5.5133,-3.3201,0.7939,6.4812,-2.1836,1.0722,4.8821,-3.3183,0.7999
275.00,5.5134,-3.3205,0.8275,6.4811,-2.1838,1.1063,4.8819,-3.3184,0.8341
275.50,5.5134,-3.3207,0.8601,6.4811,-2.1838,1.1391,4.8819,-3.3185,0.8669
276.00,5.5131,-3.3207,0.8930,6.4811,-2.1839,1.1731,4.8818,-3.3185,0.9009
276.50,5.5124,-3.3208,0.9268,6.4808,-2.1847,1.2075,4.8813,-3.3192,0.9352
277.00,5.5113,-3.3208,0.9616,6.4803,-2.1859,1.2425,4.8806,-3.3202,0.9703
277.50,5.5097,-3.3209,0.9972,6.4797,-2.1878,1.2786,4.8795,-3.3219,1.0064
278.00,5.5076,-3.3209,1.0338,6.4791,-2.1899,1.3154,4.8783,-3.3238,1.0432
278.50,5.5051,-3.3210,1.0713,6.4785,-2.1922,1.3535,4.8772,-3.3259,1.0813
279.00,5.5021,-3.3210,1.1099,6.4779,-2.1956,1.3928,4.8756,-3.3289,1.1205
279.50,5.4986,-3.3211,1.1495,6.4773,-2.1992,1.4334,4.8741,-3.3322,1.1612
280.00,5.4958,-3.3176,1.1996,6.4771,-2.2006,1.4796,4.8735,-3.3335,1.2073
280.50,5.4943,-3.2671,1.3752,6.4777,-2.1490,1.6429,4.8880,-3.2840,1.3707
281.00,5.4891,-3.1544,1.5082,6.4593,-2.0338,1.7831,4.8709,-3.1480,1.5074
281.50,5.4987,-3.0247,1.4558,6.4335,-1.9114,1.7392,4.8591,-3.0332,1.4612
282.00,5.5171,-2.8984,1.2490,6.4238,-1.7863,1.5341,4.8841,-2.9003,1.2549
282.50,5.5547,-2.7790,1.1340,6.4381,-1.6569,1.4118,4.9234,-2.7733,1.1326
283.00,5.5941,-2.6980,1.1696,6.4536,-1.5594,1.4390,4.9553,-2.6904,1.1598
283.50,5.6205,-2.6726,1.3559,6.4568,-1.5174,1.6148,4.9704,-2.6510,1.3391
284.00,5.6391,-2.6727,1.6075,6.4547,-1.5032,1.8652,4.9734,-2.6472,1.5965
284.50,5.6492,-2.6726,1.8222,6.4587,-1.5122,2.0880,4.9749,-2.6569,1.8193
285.00,5.6507,-2.6726,1.8708,6.4600,-1.5140,2.1452,4.9757,-2.6591,1.8765
285.50,5.6552,-2.6726,1.8276,6.4621,-1.5173,2.1037,4.9768,-2.6628,1.8350
286.00,5.6610,-2.6726,1.7820,6.4650,-1.5225,2.0588,4.9782,-2.6686,1.7901
286.50,5.6670,-2.6727,1.7371,6.4684,-1.5292,2.0124,4.9797,-2.6760,1.7436
287.00,5.6672,-2.6727,1.7360,6.4687,-1.5300,2.0117,4.9798,-2.6768,1.7429
287.50,5.6675,-2.6746,1.7360,6.4690,-1.5306,2.0118,4.9799,-2.6775,1.7431
288.00,5.6708,-2.6942,1.7360,6.4758,-1.5450,2.0119,4.9827,-2.6932,1.7432
288.50,5.6741,-2.7139,1.7360,6.4851,-1.5646,2.0124,4.9864,-2.7145,1.7437
289.00,5.6773,-2.7336,1.7360,6.4936,-1.5826,2.0127,5.0276,-2.7245,1.7335
289.50,5.6806,-2.7533,1.7360,6.5015,-1.5994,2.0139,5.0306,-2.7428,1.7347
290.00,5.6839,-2.7731,1.7360,6.5110,-1.6192,2.0151,5.0342,-2.7644,1.7359
290.50,5.6872,-2.7928,1.7360,6.5198,-1.6378,2.0154,5.0376,-2.7848,1.7362
291.00,5.6905,-2.8125,1.7360,6.5288,-1.6566,2.0164,5.0410,-2.8053,1.7372
291.50,5.6938,-2.8322,1.7360,6.5374,-1.6747,2.0174,5.0543,-2.8251,1.7382
292.00,5.6971,-2.8520,1.7360,6.5465,-1.6936,2.0180,5.0578,-2.8457,1.7388
292.50,5.7004,-2.8717,1.7360,6.5548,-1.7110,2.0183,5.0610,-2.8648,1.7391
293.00,5.7037,-2.8914,1.7360,6.5638,-1.7297,2.0191,5.0645,-2.8853,1.7399
293.50,5.7070,-2.9112,1.7360,6.5732,-1.7491,2.0195,5.0667,-2.9067,1.7333
294.00,5.7097,-2.9270,1.7339,6.5804,-1.7640,2.0195,5.0694,-2.9231,1.7333
294.50,5.7149,-2.9270,1.6864,6.5826,-1.7689,1.9732,5.0701,-2.9284,1.6870
295.00,5.7255,-2.8989,1.5606,6.5741,-1.7449,1.8586,5.0688,-2.9029,1.5724
295.50,5.7438,-2.8083,1.4661,6.5538,-1.6581,1.7630,5.0738,-2.8140,1.4768
296.00,5.7685,-2.6808,1.4011,6.5328,-1.5244,1.6994,5.1208,-2.6698,1.4027
296.50,5.7902,-2.5931,1.3553,6.5225,-1.4302,1.6560,5.1481,-2.5866,1.3559
297.00,5.8012,-2.5670,1.3105,6.5203,-1.3971,1.6123,5.1558,-2.5643,1.3122
297.50,5.8065,-2.5669,1.2664,6.5201,-1.3902,1.5687,5.1577,-2.5577,1.2685
298.00,5.8113,-2.5669,1.2235,6.5202,-1.3851,1.5263,5.1593,-2.5529,1.2262
298.50,5.8157,-2.5669,1.1818,6.5204,-1.3817,1.4852,5.1605,-2.5497,1.1850
299.00,5.8195,-2.5668,1.1413,6.5207,-1.3782,1.4451,5.1745,-2.5527,1.1427
299.50,5.8229,-2.5668,1.1019,6.5212,-1.3746,1.4062,5.1828,-2.5528,1.1026
300.00,5.8258,-2.5667,1.0636,6.5218,-1.3719,1.3685,5.1841,-2.5504,1.0649
300.50,5.8282,-2.5667,1.0262,6.5223,-1.3696,1.3319,5.1852,-2.5484,1.0283
301.00,5.8302,-2.5666,0.9898,6.5228,-1.3675,1.2963,5.1864,-2.5466,0.9927
301.50,5.8317,-2.5666,0.9544,6.5231,-1.3666,1.2616,5.1869,-2.5458,0.9579
302.00,5.8328,-2.5665,0.9199,6.5233,-1.3658,1.2278,5.1874,-2.5451,0.9242
302.50,5.8334,-2.5665,0.8862,6.5235,-1.3653,1.1943,5.1877,-2.5447,0.8907
303.00,5.8336,-2.5664,0.8535,6.5236,-1.3650,1.1618,5.1879,-2.5445,0.8581
303.50,5.8335,-2.5661,0.8207,6.5238,-1.3647,1.1299,5.1882,-2.5442,0.8263
304.00,5.8335,-2.5658,0.7869,6.5239,-1.3645,1.0969,5.1883,-2.5440,0.7933
304.50,5.8336,-2.5657,0.7529,6.5239,-1.3645,1.0642,5.1883,-2.5440,0.7605
305.00,5.8338,-2.5657,0.7201,6.5240,-1.3642,1.0322,5.1885,-2.5438,0.7285
305.50,5.8338,-2.5658,0.6874,6.5238,-1.3645,1.0006,5.1883,-2.5440,0.6970
306.00,5.8337,-2.5664,0.6538,6.5233,-1.3653,0.9677,5.1876,-2.5446,0.6640
306.50,5.8336,-2.5674,0.6194,6.5229,-1.3659,0.9339,5.1869,-2.5451,0.6302
307.00,5.8336,-2.5689,0.5840,6.5218,-1.3674,0.8987,5.1855,-2.5461,0.5951
307.50,5.8335,-2.5708,0.5477,6.5205,-1.3688,0.8630,5.1838,-2.5472,0.5593
308.00,5.8335,-2.5732,0.5105,6.5191,-1.3705,0.8263,5.1820,-2.5483,0.5227
308.50,5.8334,-2.5761,0.4722,6.5163,-1.3734,0.7884,5.1785,-2.5502,0.4848
309.00,5.8334,-2.5794,0.4329,6.5137,-1.3759,0.7497,5.1752,-2.5519,0.4460
309.50,5.8334,-2.5832,0.3925,6.5110,-1.3783,0.7095,5.1719,-2.5534,0.4058
310.00,5.8333,-2.5875,0.3509,6.5079,-1.3809,0.6688,5.1681,-2.5549,0.3651
310.50,5.8333,-2.5923,0.3082,6.5047,-1.3834,0.6263,5.1644,-2.5563,0.3227
311.00,5.8332,-2.5976,0.2641,6.5008,-1.3860,0.5829,5.1599,-2.5577,0.2792
311.50,5.8332,-2.6034,0.2187,6.4950,-1.3897,0.5382,5.1532,-2.5594,0.2346
312.00,5.8332,-2.6096,0.1718,6.4892,-1.3929,0.4923,5.1468,-2.5608,0.1887
312.50,5.8332,-2.6164,0.1234,6.4828,-1.3962,0.4442,5.1397,-2.5620,0.1406
313.00,5.8332,-2.6236,0.0732,6.4760,-1.3993,0.3947,5.1322,-2.5629,0.0911
313.50,5.8332,-2.6313,0.0211,6.4671,-1.4027,0.3433,5.1623,-2.6198,0.0222
314.00,5.8332,-2.6392,-0.0323,6.4684,-1.4023,0.2904,5.1637,-2.6199,-0.0307
314.50,5.8332,-2.6468,-0.0840,6.4758,-1.4003,0.2385,5.1714,-2.6203,-0.0826
315.00,5.8332,-2.6539,-0.1338,6.4825,-1.3989,0.1887,5.1781,-2.6211,-0.1324
315.50,5.8332,-2.6606,-0.1819,6.4899,-1.3977,0.1409,5.1856,-2.6223,-0.1802
316.00,5.8332,-2.6667,-0.2284,6.4955,-1.3970,0.0946,5.1911,-2.6234,-0.2265
316.50,5.8333,-2.6724,-0.2735,6.5012,-1.3966,0.0502,5.1967,-2.6248,-0.2709
317.00,5.8333,-2.6761,-0.3107,6.5043,-1.3965,0.0134,5.1997,-2.6257,-0.3077
317.50,5.8497,-2.6839,-0.3961,6.5206,-1.3968,-0.0617,5.2150,-2.6311,-0.3828
318.00,5.9194,-2.7114,-0.5126,6.5945,-1.4069,-0.1812,5.2722,-2.7132,-0.5092
318.50,6.0299,-2.7724,-0.4857,6.7223,-1.4304,-0.1595,5.3857,-2.7664,-0.4911
319.00,6.1465,-2.8289,-0.4518,6.8526,-1.4473,-0.1177,5.5036,-2.8245,-0.4527
319.50,6.2611,-2.8910,-0.5577,6.9800,-1.4673,-0.2192,5.6173,-2.8853,-0.5542
320.00,6.3676,-2.9630,-0.6447,7.1083,-1.5034,-0.3126,5.7168,-2.9614,-0.6476
320.50,6.4719,-3.0405,-0.6341,7.2346,-1.5436,-0.2989,5.8263,-3.0373,-0.6339
321.00,6.5768,-3.1170,-0.6299,7.3622,-1.5826,-0.2930,5.9406,-3.1097,-0.6280
321.50,6.6812,-3.1949,-0.6428,7.4831,-1.6204,-0.3090,6.0388,-3.1851,-0.6453
322.00,6.7856,-3.2722,-0.6244,7.6098,-1.6600,-0.2872,6.1490,-3.2640,-0.6257
322.50,6.8917,-3.3469,-0.6146,7.7430,-1.6980,-0.2738,6.2555,-3.3376,-0.6135
323.00,6.9967,-3.4244,-0.6437,7.8692,-1.7354,-0.3014,6.3584,-3.4116,-0.6399
323.50,7.1004,-3.5029,-0.6467,7.9974,-1.7758,-0.3050,6.4659,-3.5023,-0.6470
324.00,7.2036,-3.5825,-0.6655,8.1283,-1.8181,-0.3229,6.5696,-3.5713,-0.6632
324.50,7.3043,-3.6651,-0.7046,8.2493,-1.8611,-0.3619,6.6649,-3.6523,-0.7021
325.00,7.4019,-3.7511,-0.7350,8.3748,-1.9112,-0.3941,6.7667,-3.7413,-0.7378
325.50,7.4981,-3.8389,-0.7625,8.4945,-1.9616,-0.4186,6.8624,-3.8291,-0.7624
326.00,7.5856,-3.9301,-0.8496,8.6126,-2.0200,-0.5063,6.9536,-3.9142,-0.8465
326.50,7.6356,-3.9880,-0.8493,8.6833,-2.0602,-0.5091,6.9968,-3.9756,-0.8493
327.00,7.6465,-4.0000,-0.8164,8.7019,-2.0704,-0.4763,7.0114,-3.9911,-0.8201
327.50,7.6464,-3.9998,-0.7824,8.7016,-2.0703,-0.4418,7.0112,-3.9909,-0.7855
328.00,7.6460,-3.9999,-0.7486,8.7012,-2.0701,-0.4075,7.0108,-3.9906,-0.7512
328.50,7.6458,-4.0000,-0.7159,8.7010,-2.0700,-0.3736,7.0106,-3.9904,-0.7174
329.00,7.6457,-3.9998,-0.6831,8.7007,-2.0699,-0.3401,7.0104,-3.9902,-0.6838
329.50,7.6457,-3.9991,-0.6494,8.7000,-2.0697,-0.3057,7.0099,-3.9898,-0.6495
330.00,7.6456,-3.9980,-0.6148,8.6984,-2.0692,-0.2705,7.0085,-3.9888,-0.6143
330.50,7.6456,-3.9965,-0.5794,8.6977,-2.0691,-0.2348,7.0079,-3.9884,-0.5786
331.00,7.6455,-3.9945,-0.5429,8.6953,-2.0685,-0.1979,7.0058,-3.9871,-0.5417
331.50,7.6455,-3.9921,-0.5055,8.6930,-2.0681,-0.1593,7.0038,-3.9859,-0.5030
332.00,7.6454,-3.9892,-0.4671,8.6893,-2.0676,-0.1199,7.0005,-3.9842,-0.4636
332.50,7.6454,-3.9858,-0.4277,8.6858,-2.0672,-0.0801,6.9973,-3.9827,-0.4239
333.00,7.6454,-3.9819,-0.3871,8.6820,-2.0670,-0.0399,6.9938,-3.9812,-0.3836
333.50,7.6453,-3.9779,-0.3489,8.6784,-2.0670,0.0001,6.9904,-3.9799,-0.3437
334.00,7.6453,-3.9743,-0.3169,8.6749,-2.0670,0.0323,6.9871,-3.9788,-0.3114
334.50,7.6453,-3.9705,-0.2842,8.6714,-2.0672,0.0658,6.9838,-3.9778,-0.2780
335.00,7.6452,-3.9664,-0.2507,8.6673,-2.0675,0.0997,6.9797,-3.9767,-0.2440
335.50,7.6452,-3.9620,-0.2165,8.6630,-2.0680,0.1350,6.9755,-3.9757,-0.2088
336.00,7.6452,-3.9573,-0.1814,8.6575,-2.0689,0.1701,6.9701,-3.9747,-0.1736
336.50,7.6452,-3.9524,-0.1455,8.6533,-2.0697,0.2066,6.9659,-3.9740,-0.1372
337.00,7.6452,-3.9472,-0.1086,8.6489,-2.0707,0.2443,6.9614,-3.9735,-0.0995
337.50,7.6452,-3.9417,-0.0707,8.6434,-2.0722,0.2828,6.9557,-3.9730,-0.0610
338.00,7.6452,-3.9360,-0.0318,8.6365,-2.0743,0.3223,6.9485,-3.9727,-0.0215
338.50,7.6452,-3.9299,0.0100,8.6325,-2.0757,0.3632,6.9443,-3.9727,0.0194
339.00,7.6452,-3.9222,0.0625,8.6397,-2.0727,0.4170,6.9521,-3.9723,0.0732
339.50,7.6452,-3.9149,0.1131,8.6460,-2.0698,0.4682,6.9589,-3.9716,0.1245
340.00,7.6452,-3.9080,0.1619,8.6508,-2.0672,0.5177,6.9643,-3.9708,0.1740
340.50,7.6452,-3.9017,0.2091,8.6570,-2.0635,0.5663,6.9714,-3.9694,0.2225
341.00,7.6452,-3.8958,0.2548,8.6619,-2.0602,0.6126,6.9772,-3.9679,0.2688
341.50,7.6453,-3.8904,0.2991,8.6649,-2.0580,0.6574,6.9807,-3.9669,0.3137
342.00,7.6453,-3.8855,0.3421,8.6692,-2.0545,0.7017,6.9859,-3.9651,0.3579
342.50,7.6453,-3.8811,0.3839,8.6722,-2.0519,0.7446,6.9897,-3.9636,0.4009
343.00,7.6454,-3.8772,0.4246,8.6752,-2.0490,0.7861,6.9934,-3.9619,0.4424
343.50,7.6454,-3.8738,0.4641,8.6783,-2.0458,0.8264,6.9974,-3.9599,0.4827
344.00,7.6455,-3.8708,0.5026,8.6803,-2.0435,0.8659,7.0001,-3.9585,0.5221
344.50,7.6455,-3.8683,0.5401,8.6826,-2.0407,0.9044,7.0033,-3.9566,0.5606
345.00,7.6456,-3.8663,0.5766,8.6841,-2.0387,0.9413,7.0053,-3.9552,0.5975
345.50,7.6456,-3.8647,0.6121,8.6853,-2.0370,0.9772,7.0071,-3.9540,0.6335
346.00,7.6457,-3.8636,0.6468,8.6860,-2.0359,1.0125,7.0081,-3.9532,0.6687
346.50,7.6457,-3.8632,0.6633,8.6861,-2.0357,1.0309,7.0082,-3.9531,0.6872
347.00,7.6457,-3.8632,0.6633,8.6861,-2.0357,1.0318,7.0082,-3.9531,0.6881
347.50,7.6457,-3.8632,0.6633,8.6861,-2.0357,1.0322,7.0082,-3.9531,0.6885
348.00,7.6457,-3.8632,0.6633,8.6861,-2.0357,1.0329,7.0082,-3.9531,0.6891
348.50,7.6457,-3.8631,0.6738,8.6861,-2.0357,1.0436,7.0082,-3.9531,0.6998
349.00,7.6458,-3.8627,0.7069,8.6863,-2.0355,1.0774,7.0085,-3.9529,0.7336
349.50,7.6458,-3.8628,0.7394,8.6863,-2.0354,1.1106,7.0085,-3.9529,0.7669
350.00,7.6455,-3.8628,0.7729,8.6862,-2.0356,1.1444,7.0084,-3.9530,0.8007
350.50,7.6455,-3.8630,0.8071,8.6862,-2.0357,1.1791,7.0083,-3.9531,0.8354
351.00,7.6456,-3.8634,0.8402,8.6859,-2.0363,1.2134,7.0078,-3.9536,0.8697
351.50,7.6455,-3.8635,0.8728,8.6859,-2.0365,1.2471,7.0077,-3.9537,0.9033
352.00,7.6451,-3.8635,0.9060,8.6857,-2.0372,1.2811,7.0073,-3.9543,0.9374
352.50,7.6442,-3.8636,0.9402,8.6854,-2.0381,1.3160,7.0067,-3.9551,0.9722
353.00,7.6429,-3.8637,0.9753,8.6850,-2.0399,1.3515,7.0057,-3.9566,1.0078
353.50,7.6411,-3.8637,1.0113,8.6847,-2.0414,1.3879,7.0049,-3.9579,1.0442
354.00,7.6389,-3.8638,1.0482,8.6843,-2.0437,1.4256,7.0038,-3.9599,1.0819
354.50,7.6361,-3.8638,1.0861,8.6840,-2.0462,1.4644,7.0026,-3.9622,1.1206
355.00,7.6330,-3.8638,1.1251,8.6836,-2.0496,1.5041,7.0012,-3.9654,1.1604
355.50,7.6293,-3.8639,1.1652,8.6835,-2.0540,1.5453,6.9995,-3.9694,1.2016
356.00,7.6252,-3.8639,1.2064,8.6834,-2.0585,1.5869,6.9980,-3.9736,1.2431
356.50,7.6205,-3.8640,1.2487,8.6836,-2.0632,1.6300,6.9966,-3.9781,1.2862
357.00,7.6154,-3.8640,1.2923,8.6840,-2.0690,1.6742,6.9951,-3.9837,1.3305
357.50,7.6098,-3.8640,1.3373,8.6847,-2.0744,1.7198,6.9939,-3.9890,1.3761
358.00,7.6037,-3.8641,1.3837,8.6857,-2.0798,1.7670,6.9930,-3.9944,1.4233
358.50,7.5971,-3.8641,1.4316,8.6870,-2.0859,1.8157,6.9922,-4.0006,1.4719
359.00,7.5901,-3.8641,1.4812,8.6889,-2.0927,1.8662,6.9917,-4.0076,1.5224
359.50,7.5825,-3.8641,1.5327,8.6913,-2.0998,1.9176,6.9620,-3.8644,1.5285
360.00,7.5749,-3.8641,1.5852,8.6925,-2.1028,1.9683,6.9619,-3.8676,1.5792
360.50,7.5690,-3.8641,1.6248,8.6900,-2.0973,2.0081,6.9617,-3.8615,1.6190
361.00,7.5634,-3.8641,1.6631,8.6870,-2.0913,2.0470,6.9613,-3.8548,1.6578
361.50,7.5581,-3.8641,1.7004,8.6839,-2.0855,2.0847,6.9606,-3.8483,1.6955
362.00,7.5530,-3.8641,1.7367,8.6817,-2.0817,2.1215,6.9600,-3.8440,1.7323
362.50,7.5483,-3.8641,1.7722,8.6788,-2.0772,2.1578,6.9590,-3.8386,1.7687
363.00,7.5392,-3.8430,1.8636,8.6664,-2.0601,2.2384,6.9540,-3.8181,1.8492
363.50,7.5147,-3.7584,1.9925,8.6070,-1.9961,2.3700,6.8744,-3.7514,1.9896
364.00,7.4623,-3.6409,1.9954,8.5148,-1.9094,2.3787,6.8247,-3.6365,1.9995
364.50,7.4095,-3.5222,2.0045,8.4183,-1.8158,2.3847,6.7744,-3.5137,2.0061
365.00,7.3485,-3.4059,2.0596,8.3174,-1.7263,2.4433,6.7137,-3.3933,2.0623
365.50,7.2898,-3.2905,2.0297,8.2147,-1.6388,2.4182,6.6529,-3.2840,2.0367
366.00,7.2330,-3.1738,2.0317,8.1198,-1.5539,2.4206,6.5990,-3.1703,2.0309
366.50,7.1777,-3.0566,2.0123,8.0162,-1.4607,2.4011,6.5387,-3.0447,2.0149
367.00,7.1206,-2.9394,2.0202,7.9173,-1.3714,2.4110,6.4809,-2.9346,2.0248
367.50,7.0689,-2.8210,1.9758,7.8256,-1.2852,2.3672,6.4282,-2.8204,1.9774
368.00,7.0142,-2.7021,2.0101,7.7271,-1.1910,2.4017,6.3729,-2.6958,2.0120
368.50,6.9604,-2.5842,1.9947,7.6267,-1.0987,2.3881,6.3146,-2.5769,1.9955
369.00,6.9038,-2.4662,2.0253,7.5303,-1.0099,2.4174,6.2634,-2.4600,2.0242
369.50,6.8397,-2.3509,2.0776,7.4258,-0.9223,2.4710,6.2005,-2.3428,2.0789
370.00,6.7725,-2.2383,2.1115,7.3207,-0.8418,2.5060,6.1361,-2.2285,2.1111
370.50,6.7071,-2.1263,2.0716,7.2166,-0.7641,2.4722,6.0696,-2.1211,2.0767
371.00,6.6488,-2.0107,2.0353,7.1146,-0.6785,2.4351,6.0085,-2.0027,2.0401
371.50,6.5890,-1.8949,2.0720,7.0129,-0.5926,2.4666,5.9476,-1.8873,2.0688
372.00,6.5205,-1.7848,2.1996,6.9023,-0.5138,2.5945,5.8861,-1.7776,2.1960
372.50,6.4404,-1.6835,2.2886,6.7953,-0.4560,2.6875,5.8043,-1.6826,2.2908
373.00,6.3540,-1.5864,2.2873,6.6721,-0.3977,2.6927,5.7161,-1.5744,2.2925
373.50,6.2802,-1.4955,2.1592,6.5672,-0.3414,2.5738,5.6460,-1.4918,2.1713
374.00,6.2266,-1.4118,1.9106,6.4872,-0.2767,2.3308,5.6015,-1.4029,1.9240
374.50,6.1815,-1.3025,1.6123,6.4164,-0.1795,2.0422,5.5646,-1.2931,1.6304
375.00,6.1591,-1.1782,1.3478,6.3753,-0.0567,1.7701,5.5484,-1.1727,1.3525
375.50,6.1805,-1.0544,1.1960,6.3607,0.0688,1.6150,5.5526,-1.0539,1.2003
376.00,6.2242,-0.9373,1.0442,6.3649,0.1989,1.4636,5.5990,-0.9316,1.0483
376.50,6.2907,-0.8287,0.9536,6.3848,0.3225,1.3680,5.6561,-0.8242,0.9544
377.00,6.3682,-0.7236,0.9233,6.4128,0.4507,1.3396,5.7369,-0.7179,0.9243
377.50,6.4493,-0.6217,0.8665,6.4461,0.5802,1.2858,5.8076,-0.6132,0.8682
378.00,6.5368,-0.5252,0.8053,6.4883,0.7074,1.2210,5.9013,-0.5195,0.8040
378.50,6.6273,-0.4318,0.7931,6.5336,0.8298,1.2093,5.9942,-0.4231,0.7945
379.00,6.7194,-0.3400,0.7840,6.5820,0.9544,1.1986,6.0934,-0.3321,0.7833
379.50,6.8110,-0.2478,0.7776,6.6271,1.0718,1.1977,6.1684,-0.2428,0.7807
380.00,6.9046,-0.1575,0.7707,6.6766,1.1944,1.1884,6.2664,-0.1462,0.7696
380.50,6.9970,-0.0662,0.8027,6.7283,1.3257,1.2166,6.3717,-0.0527,0.7984
381.00,7.0830,0.0307,0.8801,6.7679,1.4494,1.2991,6.4539,0.0400,0.8820
381.50,7.1648,0.1317,0.8858,6.8022,1.5780,1.3097,6.5306,0.1441,0.8874
382.00,7.2495,0.2305,0.8410,6.8392,1.7056,1.2651,6.6150,0.2454,0.8429
382.50,7.3370,0.3267,0.8321,6.8788,1.8273,1.2543,6.7045,0.3302,0.8285
383.00,7.4250,0.4225,0.8193,6.9214,1.9558,1.2443,6.7929,0.4396,0.8185
383.50,7.5142,0.5170,0.8257,6.9668,2.0868,1.2454,6.8883,0.5302,0.8184
384.00,7.5998,0.6146,0.8668,7.0049,2.2110,1.2894,6.9745,0.6274,0.8636
384.50,7.6833,0.7143,0.8710,7.0410,2.3402,1.2988,7.0572,0.7301,0.8730
385.00,7.7682,0.8128,0.8526,7.0774,2.4647,1.2787,7.1353,0.8185,0.8529
385.50,7.8535,0.9098,0.8495,7.1175,2.5963,1.2740,7.2296,0.9318,0.8470
386.00,7.9113,0.9774,0.8813,7.1435,2.6855,1.3057,7.2866,0.9924,0.8765
386.50,7.9281,0.9981,0.9148,7.1516,2.7169,1.3400,7.2970,1.0176,0.9107
387.00,7.9271,0.9980,0.9492,7.1514,2.7158,1.3750,7.2964,1.0166,0.9457
387.50,7.9257,0.9980,0.9845,7.1510,2.7133,1.4114,7.2950,1.0145,0.9821
388.00,7.9238,0.9979,1.0207,7.1507,2.7114,1.4481,7.2939,1.0129,1.0189
388.50,7.9214,0.9979,1.0579,7.1507,2.7104,1.4856,7.2934,1.0120,1.0563
389.00,7.9186,0.9978,1.0961,7.1505,2.7073,1.5246,7.2920,1.0093,1.0954
389.50,7.9153,0.9978,1.1354,7.1504,2.7050,1.5643,7.2910,1.0073,1.1351
390.00,7.9115,0.9978,1.1757,7.1505,2.7014,1.6064,7.2895,1.0039,1.1771
390.50,7.9072,0.9977,1.2172,7.1507,2.6973,1.6479,7.2880,1.0002,1.2187
391.00,7.9025,0.9977,1.2599,7.1510,2.6941,1.6916,7.2870,0.9971,1.2624
391.50,7.8972,0.9976,1.3038,7.1516,2.6896,1.7364,7.2857,0.9928,1.3071
392.00,7.8915,0.9976,1.3492,7.1527,2.6842,1.7826,7.2843,0.9874,1.3533
392.50,7.8853,0.9976,1.3959,7.1541,2.6782,1.8304,7.2832,0.9813,1.4012
393.00,7.8786,0.9976,1.4443,7.1561,2.6715,1.8790,7.2822,0.9744,1.4497
393.50,7.8714,0.9976,1.4943,7.1583,2.6649,1.9294,7.2815,0.9675,1.5001
394.00,7.8637,0.9976,1.5463,7.1609,2.6585,1.9822,7.2812,0.9606,1.5530
394.50,7.8557,0.9976,1.5997,7.1610,2.6581,2.0366,7.2811,0.9602,1.6073
395.00,7.8480,0.9993,1.6566,7.1575,2.6648,2.0906,7.2806,0.9677,1.6613
395.50,7.8332,1.0453,1.7974,7.1323,2.7021,2.2268,7.2733,1.0122,1.7975
396.00,7.8056,1.1499,1.8567,7.0648,2.7825,2.2915,7.1846,1.1632,1.8553
396.50,7.7713,1.2752,1.8418,6.9805,2.8810,2.2747,7.1395,1.2880,1.8349
397.00,7.7303,1.3985,1.9707,6.8886,2.9792,2.3986,7.1046,1.4160,1.9576
397.50,7.6782,1.5112,2.1763,6.7871,3.0552,2.6067,7.0489,1.5181,2.1670
398.00,7.6034,1.6059,2.3579,6.6717,3.1114,2.7873,6.9681,1.6214,2.3418
398.50,7.5090,1.6841,2.5588,6.5487,3.1430,2.9906,6.8808,1.6995,2.5473
399.00,7.3951,1.7543,2.7295,6.4091,3.1521,-3.1191,6.7686,1.7676,2.7208
399.50,7.2731,1.8094,2.8276,6.2728,3.1402,-3.0135,6.6505,1.8221,2.8253
400.00,7.1499,1.8520,2.8044,6.1385,3.1239,-3.0337,6.5322,1.8688,2.8062
400.50,7.0278,1.8997,2.7639,6.0079,3.1114,-3.0695,6.4088,1.9134,2.7670
401.00,6.9119,1.9535,2.7147,5.8737,3.1051,-3.1193,6.2851,1.9656,2.7136
401.50,6.8427,1.9892,2.6755,5.7921,3.1047,3.1253,6.2214,2.0108,2.6751
402.00,6.8280,1.9994,2.6372,5.7710,3.1052,3.0874,6.2028,2.0205,2.6372
402.50,6.8280,2.0019,2.5997,5.7683,3.1054,3.0504,6.2004,2.0218,2.6002
403.00,6.8279,2.0039,2.5633,5.7663,3.1056,3.0147,6.1983,2.0223,2.5610
403.50,6.8279,2.0055,2.5278,5.7645,3.1059,2.9802,6.1968,2.0233,2.5265
404.00,6.8278,2.0066,2.4932,5.7635,3.1060,2.9466,6.1960,2.0239,2.4929
404.50,6.8278,2.0072,2.4595,5.7628,3.1062,2.9136,6.1954,2.0243,2.4599
405.00,6.8277,2.0074,2.4266,5.7626,3.1062,2.8814,6.1952,2.0245,2.4277
405.50,6.8275,2.0074,2.3940,5.7625,3.1062,2.8492,6.1952,2.0245,2.3955
406.00,6.8271,2.0073,2.3602,5.7622,3.1063,2.8167,6.1949,2.0248,2.3630
406.50,6.8271,2.0074,2.3262,5.7619,3.1064,2.7837,6.1947,2.0250,2.3300
407.00,6.8270,2.0077,2.2933,5.7619,3.1064,2.7513,6.1947,2.0249,2.2976
407.50,6.8271,2.0076,2.2607,5.7621,3.1063,2.7199,6.1948,2.0248,2.2662
408.00,6.8277,2.0075,2.2272,5.7621,3.1063,2.6874,6.1948,2.0248,2.2337
408.50,6.8287,2.0075,2.1928,5.7634,3.1057,2.6545,6.1957,2.0236,2.2008
409.00,6.8301,2.0074,2.1575,5.7646,3.1050,2.6204,6.1965,2.0225,2.1667
409.50,6.8320,2.0074,2.1213,5.7665,3.1039,2.5850,6.1977,2.0207,2.1313
410.00,6.8344,2.0073,2.0841,5.7684,3.1027,2.5487,6.1989,2.0188,2.0950
410.50,6.8372,2.0073,2.0459,5.7704,3.1013,2.5112,6.2000,2.0166,2.0575
411.00,6.8405,2.0072,2.0066,5.7726,3.0996,2.4728,6.2013,2.0141,2.0191
411.50,6.8443,2.0072,1.9663,5.7758,3.0969,2.4333,6.2030,2.0103,1.9796
412.00,6.8485,2.0072,1.9248,5.7776,3.0953,2.3932,6.2040,2.0081,1.9395
412.50,6.8533,2.0071,1.8822,5.7803,3.0927,2.3515,6.2052,2.0046,1.8978
413.00,6.8585,2.0071,1.8382,5.7838,3.0891,2.3085,6.2068,1.9998,1.8548
413.50,6.8642,2.0071,1.7929,5.7881,3.0840,2.2637,6.2085,1.9934,1.8100
414.00,6.8705,2.0070,1.7462,5.7929,3.0781,2.2176,6.2101,1.9859,1.7639
414.50,6.8772,2.0070,1.6978,5.7973,3.0719,2.1698,6.2114,1.9784,1.7161
415.00,6.8843,2.0070,1.6478,5.8015,3.0655,2.1205,6.2473,2.0202,1.6423
415.50,6.8946,2.0295,1.5499,5.7912,3.0847,2.0272,6.2470,2.0420,1.5491
416.00,6.8982,2.1138,1.5656,5.7539,3.1626,2.0314,6.2689,2.1283,1.5510
416.50,6.8908,2.2413,1.7348,5.6874,3.2742,2.1992,6.2626,2.2580,1.7234
417.00,6.8732,2.3548,1.7746,5.6142,3.3676,2.2487,6.2505,2.3745,1.7775
417.50,6.8584,2.4329,1.6453,5.5657,3.4335,2.1290,6.2368,2.4452,1.6543
418.00,6.8540,2.5494,1.5301,5.5060,3.5432,2.0145,6.2331,2.5699,1.5294
418.50,6.8591,2.6787,1.4152,5.4551,3.6695,1.8982,6.2473,2.6953,1.4166
419.00,6.8775,2.8071,1.4425,5.4148,3.7895,1.9188,6.2571,2.8203,1.4337
419.50,6.8905,2.9365,1.4753,5.3651,3.9132,1.9596,6.2709,2.9529,1.4745
420.00,6.9092,3.0652,1.3805,5.3200,4.0373,1.8673,6.2885,3.0773,1.3799
420.50,6.9370,3.1918,1.3119,5.2851,4.1697,1.7966,6.3197,3.2071,1.3080
421.00,6.9690,3.3175,1.3228,5.2558,4.2979,1.8075,6.3473,3.3341,1.3189
421.50,7.0042,3.4430,1.2723,5.2268,4.4258,1.7614,6.3782,3.4606,1.2728
422.00,7.0431,3.5670,1.2877,5.2031,4.5547,1.7706,6.4278,3.5756,1.2820
422.50,7.0737,3.6939,1.4475,5.1677,4.6816,1.9296,6.4459,3.7043,1.4376
423.00,7.0908,3.8233,1.4948,5.1155,4.8049,1.9862,6.4683,3.8377,1.4941
423.50,7.1049,3.9279,1.3608,5.0741,4.9105,1.8644,6.4816,3.9503,1.3723
424.00,7.1306,4.0403,1.2222,5.0507,5.0228,1.7174,6.5173,4.0504,1.2218
424.50,7.1735,4.1624,1.2479,5.0315,5.1554,1.7370,6.5599,4.1761,1.2414
425.00,7.2100,4.2871,1.2941,5.0048,5.2847,1.7901,6.5880,4.3025,1.2945
425.50,7.2510,4.4105,1.1817,4.9803,5.4193,1.6839,6.6304,4.4326,1.1883
426.00,7.3021,4.5274,1.0749,4.9740,5.5548,1.5718,6.6890,4.5449,1.0727
426.50,7.3621,4.6421,1.1136,4.9731,5.6850,1.6053,6.7406,4.6596,1.1062
427.00,7.4163,4.7600,1.1396,4.9649,5.8243,1.6369,6.8001,4.7758,1.1413
427.50,7.4705,4.8782,1.1356,4.9553,5.9609,1.6375,6.8468,4.8905,1.1419
428.00,7.5298,4.9948,1.1038,4.9496,6.0914,1.6036,6.9037,5.0081,1.1045
428.50,7.5834,5.1130,1.2106,4.9406,6.2196,1.7042,6.9574,5.1248,1.2086
429.00,7.6280,5.2380,1.3706,4.9106,6.3524,1.8712,6.9938,5.2561,1.3699
429.50,7.6543,5.3577,1.3714,4.8712,6.4716,1.8813,7.0269,5.3795,1.3822
430.00,7.6823,5.4429,1.2069,4.8482,6.5617,1.7264,7.0491,5.4597,1.2203
430.50,7.7199,5.5215,0.9600,4.8458,6.6516,1.4789,7.1005,5.5395,0.9728
431.00,7.7911,5.6062,0.7417,4.8678,6.7609,1.2598,7.1628,5.6245,0.7538
431.50,7.8631,5.6661,0.5668,4.9035,6.8462,1.0819,7.2354,5.6817,0.5758
432.00,7.8882,5.6846,0.5037,4.9213,6.8767,1.0165,7.2657,5.7098,0.5104
432.50,7.8882,5.6826,0.4652,4.9201,6.8751,0.9792,7.2640,5.7090,0.4731
433.00,7.8881,5.6791,0.4257,4.9175,6.8715,0.9404,7.2599,5.7071,0.4343
433.50,7.8881,5.6752,0.3851,4.9151,6.8684,0.9000,7.2563,5.7055,0.3939
434.00,7.8880,5.6708,0.3433,4.9127,6.8655,0.8589,7.2527,5.7041,0.3528
434.50,7.8880,5.6660,0.3004,4.9088,6.8612,0.8166,7.2474,5.7023,0.3105
435.00,7.8880,5.6606,0.2561,4.9050,6.8573,0.7729,7.2421,5.7007,0.2669
435.50,7.8879,5.6547,0.2104,4.9007,6.8533,0.7285,7.2363,5.6993,0.2224
436.00,7.8879,5.6484,0.1633,4.8953,6.8487,0.6823,7.2295,5.6979,0.1762
436.50,7.8879,5.6416,0.1145,4.8903,6.8448,0.6341,7.2232,5.6969,0.1281
437.00,7.8879,5.6343,0.0640,4.8855,6.8415,0.5848,7.2174,5.6963,0.0788
437.50,7.8879,5.6273,0.0167,4.8791,6.8375,0.5387,7.2098,5.6959,0.0327
438.00,7.8879,5.6213,-0.0235,4.8779,6.8368,0.4996,7.2084,5.6959,-0.0065
438.50,7.8879,5.6155,-0.0627,4.8829,6.8393,0.4610,7.2141,5.6957,-0.0451
439.00,7.8879,5.6100,-0.1007,4.8885,6.8420,0.4237,7.2202,5.6953,-0.0823
439.50,7.8879,5.6047,-0.1378,4.8941,6.8444,0.3876,7.2263,5.6947,-0.1184
440.00,7.8879,5.5997,-0.1740,4.8984,6.8461,0.3514,7.2309,5.6941,-0.1547
440.50,7.8879,5.5950,-0.2092,4.9032,6.8478,0.3166,7.2359,5.6932,-0.1895
441.00,7.8880,5.5905,-0.2436,4.9079,6.8492,0.2825,7.2407,5.6922,-0.2235
441.50,7.8880,5.5864,-0.2772,4.9130,6.8506,0.2498,7.2458,5.6910,-0.2562
442.00,7.8880,5.5825,-0.3101,4.9176,6.8517,0.2174,7.2504,5.6897,-0.2886
442.50,7.8880,5.5789,-0.3422,4.9208,6.8523,0.1857,7.2535,5.6887,-0.3204
443.00,7.8881,5.5755,-0.3737,4.9244,6.8530,0.1550,7.2570,5.6875,-0.3510
443.50,7.8881,5.5724,-0.4045,4.9275,6.8534,0.1252,7.2598,5.6864,-0.3808
444.00,7.8881,5.5696,-0.4347,4.9302,6.8537,0.0960,7.2624,5.6853,-0.4100
444.50,7.8882,5.5671,-0.4642,4.9331,6.8540,0.0677,7.2650,5.6842,-0.4384
445.00,7.8882,5.5648,-0.4932,4.9362,6.8541,0.0390,7.2678,5.6828,-0.4671
445.50,7.8882,5.5628,-0.5216,4.9384,6.8542,0.0116,7.2698,5.6818,-0.4945
446.00,7.8883,5.5611,-0.5494,4.9405,6.8542,-0.0156,7.2716,5.6807,-0.5217
446.50,7.8883,5.5596,-0.5767,4.9418,6.8541,-0.0420,7.2727,5.6801,-0.5480
447.00,7.8883,5.5584,-0.6034,4.9425,6.8541,-0.0677,7.2656,5.5832,-0.5947
447.50,7.8884,5.5575,-0.6296,4.9436,6.8540,-0.0927,7.2665,5.5826,-0.6197
448.00,7.8884,5.5567,-0.6554,4.9447,6.8539,-0.1180,7.2674,5.5820,-0.6450
448.50,7.8885,5.5563,-0.6806,4.9449,6.8539,-0.1429,7.2675,5.5818,-0.6699
449.00,7.8885,5.5561,-0.7053,4.9452,6.8538,-0.1668,7.2678,5.5816,-0.6938
449.50,7.8886,5.5561,-0.7297,4.9453,6.8538,-0.1905,7.2678,5.5816,-0.7175
450.00,7.8889,5.5561,-0.7544,4.9456,6.8537,-0.2144,7.2681,5.5814,-0.7414
450.50,7.8891,5.5562,-0.7798,4.9461,6.8536,-0.2389,7.2684,5.5811,-0.7659
451.00,7.8892,5.5561,-0.8055,4.9461,6.8536,-0.2640,7.2684,5.5811,-0.7910
451.50,7.8892,5.5559,-0.8305,4.9463,6.8536,-0.2883,7.2686,5.5809,-0.8153
452.00,7.8892,5.5558,-0.8513,4.9462,6.8536,-0.3089,7.2685,5.5809,-0.8359
452.50,7.8892,5.5559,-0.8757,4.9461,6.8536,-0.3326,7.2684,5.5810,-0.8596
453.00,7.8889,5.5559,-0.9007,4.9458,6.8537,-0.3571,7.2682,5.5813,-0.8841
453.50,7.8883,5.5559,-0.9261,4.9453,6.8539,-0.3819,7.2679,5.5817,-0.9089
454.00,7.8875,5.5560,-0.9520,4.9450,6.8541,-0.4071,7.2677,5.5820,-0.9341
454.50,7.8864,5.5560,-0.9785,4.9443,6.8544,-0.4328,7.2672,5.5826,-0.9598
455.00,7.8851,5.5561,-1.0054,4.9432,6.8549,-0.4591,7.2666,5.5836,-0.9861
455.50,7.8835,5.5561,-1.0329,4.9414,6.8558,-0.4856,7.2655,5.5853,-1.0126
456.00,7.8817,5.5561,-1.0610,4.9403,6.8564,-0.5126,7.2648,5.5864,-1.0396
456.50,7.8795,5.5562,-1.0896,4.9383,6.8576,-0.5413,7.2637,5.5883,-1.0683
457.00,7.8772,5.5562,-1.1188,4.9366,6.8586,-0.5701,7.2627,5.5902,-1.0971
457.50,7.8745,5.5562,-1.1486,4.9346,6.8600,-0.5993,7.2617,5.5923,-1.1263
458.00,7.8716,5.5563,-1.1790,4.9330,6.8611,-0.6294,7.2608,5.5941,-1.1564
458.50,7.8684,5.5563,-1.2101,4.9298,6.8635,-0.6600,7.2593,5.5978,-1.1870
459.00,7.8650,5.5563,-1.2419,4.9267,6.8660,-0.6906,7.2579,5.6014,-1.2176
459.50,7.8612,5.5563,-1.2743,4.9250,6.8674,-0.7218,7.2571,5.6036,-1.2487
460.00,7.8572,5.5564,-1.3075,4.9220,6.8701,-0.7541,7.2559,5.6074,-1.2810
460.50,7.8529,5.5564,-1.3414,4.9192,6.8728,-0.7868,7.2549,5.6112,-1.3138
461.00,7.8486,5.5564,-1.3745,4.9152,6.8770,-0.8208,7.2535,5.6168,-1.3477
461.50,7.8513,5.5564,-1.3490,4.9169,6.8752,-0.7961,7.2541,5.6144,-1.3231
462.00,7.8556,5.5564,-1.3149,4.9203,6.8719,-0.7615,7.2553,5.6098,-1.2885
462.50,7.8597,5.5564,-1.2816,4.9234,6.8690,-0.7272,7.2565,5.6057,-1.2542
463.00,7.8635,5.5563,-1.2490,4.9259,6.8669,-0.6941,7.2576,5.6027,-1.2211
463.50,7.8670,5.5563,-1.2171,4.9280,6.8651,-0.6610,7.2586,5.6001,-1.1880
464.00,7.8702,5.5563,-1.1859,4.9304,6.8634,-0.6293,7.2597,5.5974,-1.1563
464.50,7.8732,5.5562,-1.1553,4.9329,6.8616,-0.5981,7.2610,5.5946,-1.1251
465.00,7.8759,5.5562,-1.1253,4.9353,6.8600,-0.5672,7.2623,5.5920,-1.0941
465.50,7.8784,5.5562,-1.0960,4.9372,6.8589,-0.5364,7.2633,5.5901,-1.0634
466.00,7.8805,5.5561,-1.0673,4.9388,6.8579,-0.5066,7.2643,5.5884,-1.0336
466.50,7.8824,5.5561,-1.0391,4.9401,6.8572,-0.4775,7.2651,5.5871,-1.0045
467.00,7.8841,5.5561,-1.0114,4.9416,6.8565,-0.4492,7.2659,5.5858,-0.9762
467.50,7.8854,5.5560,-0.9844,4.9425,6.8561,-0.4217,7.2665,5.5850,-0.9487
468.00,7.8866,5.5560,-0.9578,4.9438,6.8555,-0.3940,7.2674,5.5838,-0.9210
468.50,7.8874,5.5559,-0.9318,4.9442,6.8553,-0.3665,7.2676,5.5835,-0.8935
469.00,7.8881,5.5559,-0.9062,4.9445,6.8552,-0.3404,7.2678,5.5832,-0.8674
469.50,7.8884,5.5559,-0.8812,4.9451,6.8550,-0.3139,7.2682,5.5827,-0.8409
470.00,7.8886,5.5558,-0.8566,4.9453,6.8549,-0.2886,7.2684,5.5826,-0.8156
470.50,7.8885,5.5559,-0.8322,4.9451,6.8550,-0.2636,7.2683,5.5827,-0.7906
471.00,7.8885,5.5561,-0.8072,4.9449,6.8550,-0.2375,7.2681,5.5828,-0.7644
471.50,7.8884,5.5562,-0.7816,4.9448,6.8551,-0.2117,7.2680,5.5829,-0.7387
472.00,7.8881,5.5561,-0.7502,4.9445,6.8551,-0.1816,7.2678,5.5831,-0.7086
472.50,7.8878,5.5568,-0.6497,4.9434,6.8553,-0.0831,7.2669,5.5838,-0.6101
473.00,7.8876,5.5631,-0.5154,4.9368,6.8554,0.0516,7.2613,5.5872,-0.4754
473.50,7.8874,5.5761,-0.3669,4.9255,6.8540,0.1998,7.2508,5.5917,-0.3272
474.00,7.8873,5.5951,-0.2077,4.9075,6.8488,0.3624,7.2327,5.5963,-0.1646
474.50,7.8873,5.6059,-0.1287,4.8963,6.8438,0.4468,7.2204,5.5976,-0.0802
475.00,7.8872,5.6112,-0.0913,4.8916,6.8415,0.4850,7.2563,5.6279,-0.0909
475.50,7.8872,5.6168,-0.0530,4.8861,6.8384,0.5240,7.2500,5.6284,-0.0518
476.00,7.8872,5.6226,-0.0135,4.8816,6.8357,0.5643,7.2448,5.6285,-0.0116
476.50,7.8872,5.6286,0.0266,4.8833,6.8368,0.6052,7.2468,5.6286,0.0294
477.00,7.8872,5.6349,0.0706,4.8888,6.8409,0.6502,7.2536,5.6290,0.0743
477.50,7.8873,5.6422,0.1209,4.8946,6.8455,0.7015,7.2611,5.6297,0.1256
478.00,7.9145,5.6536,0.2454,4.9129,6.8628,0.8112,7.2858,5.6342,0.2353
478.50,7.9987,5.6773,0.4660,4.9608,6.9269,1.0308,7.3613,5.6870,0.4617
479.00,8.0958,5.7290,0.5524,5.0125,7.0249,1.1247,7.4673,5.7493,0.5571
479.50,8.1448,5.7591,0.5257,5.0375,7.0774,1.1019,7.5166,5.7867,0.5330
480.00,8.1503,5.7620,0.4882,5.0406,7.0837,1.0658,7.5226,5.7903,0.4969
480.50,8.1502,5.7589,0.4493,5.0391,7.0809,1.0279,7.5199,5.7888,0.4590
481.00,8.1502,5.7553,0.4094,5.0366,7.0771,0.9883,7.5157,5.7869,0.4195
481.50,8.1501,5.7512,0.3683,5.0345,7.0740,0.9482,7.5123,5.7854,0.3793
482.00,8.1501,5.7466,0.3261,5.0319,7.0706,0.9064,7.5082,5.7839,0.3375
482.50,8.1501,5.7415,0.2826,5.0287,7.0667,0.8639,7.5035,5.7824,0.2950
483.00,8.1500,5.7359,0.2377,5.0251,7.0626,0.8197,7.4982,5.7809,0.2508
483.50,8.1627,5.7295,0.1551,5.0329,7.0702,0.7472,7.5089,5.7831,0.1783
484.00,8.2345,5.7144,-0.0354,5.0922,7.1142,0.5587,7.5825,5.7882,-0.0102
484.50,8.3586,5.7017,-0.0573,5.1979,7.1759,0.5290,7.7247,5.7279,-0.0573
485.00,8.4769,5.6996,0.1145,5.2988,7.2429,0.6865,7.8458,5.7243,0.1002
485.50,8.5942,5.7090,0.3332,5.3791,7.3271,0.9060,7.9593,5.7495,0.3267
486.00,8.6864,5.7399,0.3816,5.4381,7.4088,0.9613,8.0635,5.7752,0.3855
486.50,8.7464,5.7648,0.3436,5.4796,7.4668,0.9283,8.1201,5.7908,0.3560
487.00,8.7546,5.7694,0.3014,5.4870,7.4766,0.8881,8.1316,5.7950,0.3157
487.50,8.7546,5.7649,0.2571,5.4850,7.4742,0.8443,8.1286,5.7941,0.2720
488.00,8.7545,5.7590,0.2115,5.4809,7.4699,0.7997,8.1229,5.7926,0.2274
488.50,8.7545,5.7527,0.1644,5.4763,7.4653,0.7530,8.1165,5.7913,0.1806
489.00,8.7545,5.7459,0.1157,5.4704,7.4601,0.7046,8.1087,5.7901,0.1323
489.50,8.7545,5.7386,0.0652,5.4647,7.4554,0.6552,8.1014,5.7893,0.0829
490.00,8.7545,5.7309,0.0128,5.4580,7.4505,0.6041,8.0931,5.7888,0.0317
490.50,8.7768,5.7198,-0.1012,5.4745,7.4606,0.4986,8.1124,5.7883,-0.0738
491.00,8.8603,5.6979,-0.1961,5.5495,7.4962,0.4042,8.1947,5.7777,-0.1682
491.50,8.9847,5.6654,-0.2959,5.6746,7.5427,0.3048,8.3551,5.7001,-0.2885
492.00,9.1001,5.6243,-0.4719,5.7971,7.5716,0.1344,8.4729,5.6555,-0.4589
492.50,9.1611,5.5853,-0.5699,5.8731,7.5775,0.0313,8.5393,5.6183,-0.5654
493.00,9.1713,5.5786,-0.5726,5.8882,7.5779,0.0282,8.5520,5.6102,-0.5686
493.50,9.1713,5.5786,-0.5726,5.8882,7.5780,0.0284,8.5520,5.6102,-0.5684
494.00,9.1713,5.5786,-0.5726,5.8882,7.5780,0.0290,8.5520,5.6102,-0.5678
494.50,9.1713,5.5786,-0.5726,5.8882,7.5780,0.0292,8.5521,5.6102,-0.5676
495.00,9.1713,5.5786,-0.5726,5.8882,7.5780,0.0298,8.5521,5.6102,-0.5670
495.50,9.1713,5.5782,-0.5839,5.8885,7.5780,0.0201,8.5523,5.6101,-0.5767
496.00,9.1714,5.5767,-0.6192,5.8898,7.5780,-0.0144,8.5534,5.6093,-0.6112
496.50,9.1714,5.5757,-0.6537,5.8907,7.5780,-0.0485,8.5542,5.6088,-0.6453
497.00,9.1715,5.5751,-0.6873,5.8917,7.5779,-0.0810,8.5549,5.6082,-0.6778
497.50,9.1715,5.5749,-0.7200,5.8919,7.5779,-0.1130,8.5551,5.6081,-0.7098
498.00,9.1718,5.5750,-0.7528,5.8920,7.5779,-0.1450,8.5551,5.6080,-0.7417
498.50,9.1721,5.5751,-0.7867,5.8923,7.5779,-0.1781,8.5554,5.6078,-0.7749
499.00,9.1722,5.5749,-0.8206,5.8923,7.5779,-0.2119,8.5554,5.6078,-0.8086
499.50,9.1723,5.5747,-0.8533,5.8927,7.5778,-0.2442,8.5556,5.6075,-0.8410
500.00,9.1760,5.5699,-0.8988,5.8980,7.5763,-0.2865,8.5592,5.6033,-0.8833
500.50,9.2071,5.5212,-0.9971,5.9502,7.5577,-0.3848,8.5919,5.5586,-0.9816
501.00,9.2588,5.4190,-1.1154,6.0512,7.5100,-0.4967,8.6391,5.4562,-1.1005
501.50,9.3053,5.2980,-1.2942,6.1642,7.4356,-0.6748,8.6800,5.3274,-1.2821
502.00,9.3432,5.1705,-1.4632,6.2599,7.3441,-0.8478,8.7064,5.2077,-1.4550
502.50,9.3655,5.0408,-1.5708,6.3385,7.2450,-0.9527,8.7344,5.0815,-1.5600
503.00,9.3697,4.9109,-1.6384,6.4112,7.1333,-1.0221,8.7472,4.9482,-1.6317
503.50,9.3593,4.7813,-1.6563,6.4771,7.0233,-1.0397,8.7417,4.8203,-1.6505
504.00,9.3535,4.6516,-1.6255,6.5471,6.9074,-1.0096,8.7326,4.6852,-1.6204
504.50,9.3530,4.5218,-1.5956,6.6210,6.7939,-0.9778,8.7281,4.5499,-1.5885
505.00,9.3494,4.3918,-1.6096,6.6993,6.6783,-0.9878,8.7357,4.4203,-1.5998
505.50,9.3439,4.2619,-1.6090,6.7762,6.5607,-0.9893,8.7312,4.2898,-1.6036
506.00,9.3427,4.1320,-1.5916,6.8501,6.4505,-0.9708,8.7278,4.1672,-1.5828
506.50,9.3416,4.0020,-1.5843,6.9239,6.3438,-0.9624,8.7267,4.0374,-1.5731
507.00,9.3377,3.8720,-1.6171,6.9966,6.2377,-0.9953,8.7257,3.9088,-1.6095
507.50,9.3253,3.7423,-1.6617,7.0686,6.1232,-1.0345,8.7185,3.7738,-1.6487
508.00,9.3040,3.6134,-1.7460,7.1335,6.0030,-1.1152,8.6963,3.6446,-1.7317
508.50,9.2736,3.4865,-1.8284,7.1830,5.8899,-1.1983,8.6680,3.5271,-1.8160
509.00,9.2341,3.3623,-1.8972,7.2264,5.7628,-1.2704,8.6297,3.3884,-1.8869
509.50,9.1877,3.2400,-1.9519,7.2654,5.6298,-1.3190,8.5847,3.2673,-1.9402
510.00,9.1331,3.1209,-2.0031,7.2956,5.4930,-1.3747,8.5302,3.1482,-1.9981
510.50,9.0764,3.0032,-2.0277,7.3208,5.3641,-1.3934,8.4752,3.0290,-2.0147
511.00,9.0141,2.8879,-2.0584,7.3417,5.2297,-1.4284,8.4142,2.9174,-2.0519
511.50,8.9531,2.7729,-2.0646,7.3612,5.0985,-1.4285,8.3531,2.7996,-2.0497
512.00,8.8869,2.6596,-2.0984,7.3772,4.9699,-1.4641,8.2913,2.6923,-2.0888
512.50,8.8222,2.5470,-2.0955,7.3921,4.8364,-1.4597,8.2256,2.5787,-2.0879
513.00,8.7558,2.4348,-2.1060,7.4068,4.6981,-1.4691,8.1562,2.4646,-2.0973
513.50,8.6881,2.3234,-2.1257,7.4199,4.5630,-1.4871,8.0972,2.3512,-2.1119
514.00,8.6156,2.2143,-2.1613,7.4282,4.4316,-1.5241,8.0271,2.2498,-2.1488
514.50,8.5462,2.1051,-2.1193,7.4366,4.2969,-1.4830,7.9453,2.1355,-2.1112
515.00,8.4821,1.9930,-2.0867,7.4507,4.1642,-1.4501,7.8885,2.0199,-2.0783
515.50,8.4192,1.8794,-2.0842,7.4681,4.0327,-1.4407,7.8350,1.9134,-2.0654
516.00,8.3517,1.7673,-2.1147,7.4834,3.8975,-1.4700,7.7622,1.7946,-2.0993
516.50,8.2834,1.6564,-2.1234,7.4956,3.7681,-1.4800,7.6924,1.6829,-2.1117
517.00,8.2130,1.5464,-2.1441,7.5065,3.6352,-1.5010,7.6227,1.5692,-2.1327
517.50,8.1453,1.4360,-2.0893,7.5179,3.5025,-1.4488,7.5535,1.4654,-2.0804
518.00,8.0826,1.3223,-2.0851,7.5362,3.3692,-1.4412,7.4933,1.3469,-2.0717
518.50,8.0163,1.2098,-2.1163,7.5518,3.2391,-1.4706,7.4354,1.2328,-2.0988
519.00,7.9428,1.1009,-2.1828,7.5602,3.1138,-1.5372,7.3623,1.1263,-2.1676
519.50,7.8659,0.9955,-2.2105,7.5630,2.9790,-1.5635,7.2914,1.0159,-2.1917
520.00,7.7865,0.8921,-2.2296,7.5623,2.8561,-1.5817,7.2185,0.9170,-2.2099
520.50,7.7048,0.7908,-2.2585,7.5586,2.7259,-1.6120,7.1294,0.8135,-2.2471
521.00,7.6219,0.6905,-2.2653,7.5527,2.5893,-1.6174,7.0499,0.7072,-2.2504
521.50,7.5379,0.5913,-2.2797,7.5453,2.4524,-1.6310,6.9865,0.6111,-2.2627
522.00,7.4519,0.4937,-2.2971,7.5358,2.3245,-1.6505,6.8834,0.5135,-2.2844
522.50,7.3666,0.3957,-2.2796,7.5269,2.1963,-1.6322,6.7904,0.4154,-2.2674
523.00,7.2825,0.2966,-2.2766,7.5196,2.0640,-1.6280,6.7160,0.3132,-2.2632
523.50,7.1994,0.1968,-2.2490,7.5130,1.9274,-1.5997,6.6397,0.2072,-2.2349
524.00,7.1170,0.0961,-2.2735,7.5085,1.7958,-1.6231,6.5680,0.1139,-2.2583
524.50,7.0326,-0.0028,-2.2702,7.5011,1.6636,-1.6196,6.4838,0.0116,-2.2583
525.00,6.9497,-0.1028,-2.2569,7.4957,1.5371,-1.6061,6.3941,-0.0867,-2.2448
525.50,6.8666,-0.2029,-2.2799,7.4904,1.4035,-1.6267,6.3102,-0.1908,-2.2654
526.00,6.7799,-0.3000,-2.3251,7.4804,1.2708,-1.6702,6.2333,-0.2915,-2.3111
526.50,6.6900,-0.3940,-2.3277,7.4657,1.1378,-1.6756,6.1420,-0.3894,-2.3177
527.00,6.6015,-0.4890,-2.3128,7.4529,1.0030,-1.6598,6.0577,-0.4798,-2.2995
527.50,6.5138,-0.5850,-2.3105,7.4413,0.8676,-1.6550,5.9710,-0.5815,-2.2971
528.00,6.4256,-0.6806,-2.3221,7.4295,0.7344,-1.6647,5.8720,-0.6748,-2.3069
528.50,6.3395,-0.7778,-2.2426,7.4203,0.5988,-1.5902,5.7935,-0.7745,-2.2358
529.00,6.2622,-0.8853,-2.0926,7.4288,0.4609,-1.4363,5.7601,-0.8485,-2.0889
529.50,6.1968,-1.0008,-1.9802,7.4527,0.3294,-1.3277,5.6944,-0.9578,-1.9804
530.00,6.1403,-1.1242,-1.7535,7.4988,0.2014,-1.1056,5.6453,-1.0851,-1.7591
530.50,6.0975,-1.2524,-1.4917,7.5739,0.0911,-0.8417,5.6188,-1.2116,-1.4952
531.00,6.0997,-1.3809,-1.3696,7.6704,-0.0030,-0.7183,5.5978,-1.3426,-1.3649
531.50,6.1243,-1.5075,-1.3401,7.7737,-0.0883,-0.6823,5.6161,-1.4606,-1.3303
532.00,6.1487,-1.6240,-1.4799,7.8721,-0.1761,-0.8109,5.6352,-1.5900,-1.4565
532.50,6.1634,-1.7530,-1.7134,7.9474,-0.2779,-1.0474,5.6369,-1.7066,-1.7000
533.00,6.1485,-1.8754,-1.7629,8.0100,-0.3973,-1.1033,5.6310,-1.8396,-1.7559
533.50,6.1322,-1.9918,-1.6425,8.0709,-0.5053,-0.9884,5.6253,-1.9510,-1.6410
534.00,6.1253,-2.1217,-1.6000,8.1466,-0.6111,-0.9372,5.6181,-2.0711,-1.5864
534.50,6.1185,-2.2516,-1.6148,8.2210,-0.7151,-0.9523,5.6147,-2.2015,-1.6049
535.00,6.1166,-2.3815,-1.5897,8.2967,-0.8193,-0.9259,5.6073,-2.3330,-1.5809
535.50,6.1189,-2.5115,-1.5672,8.3774,-0.9236,-0.9013,5.6077,-2.4677,-1.5574
536.00,6.1160,-2.6415,-1.5867,8.4620,-1.0323,-0.9211,5.6113,-2.6054,-1.5760
536.50,6.1128,-2.7715,-1.5910,8.5401,-1.1359,-0.9251,5.6116,-2.7279,-1.5813
537.00,6.1102,-2.9015,-1.5907,8.6182,-1.2397,-0.9249,5.6101,-2.8578,-1.5816
537.50,6.1085,-3.0315,-1.5864,8.7010,-1.3489,-0.9194,5.6091,-2.9915,-1.5761
538.00,6.1071,-3.1614,-1.5835,8.7807,-1.4532,-0.9158,5.6088,-3.1193,-1.5749
538.50,6.1051,-3.2914,-1.5856,8.8645,-1.5624,-0.9173,5.6067,-3.2536,-1.5763
539.00,6.1053,-3.4214,-1.5739,8.9431,-1.6639,-0.9064,5.6064,-3.3759,-1.5654
539.50,6.1047,-3.5514,-1.5756,9.0270,-1.7709,-0.9072,5.6103,-3.5119,-1.5650
540.00,6.1016,-3.6814,-1.5877,9.1092,-1.8778,-0.9194,5.6082,-3.6401,-1.5772
540.50,6.1014,-3.8114,-1.5761,9.1920,-1.9854,-0.9089,5.6072,-3.7689,-1.5679
541.00,6.1008,-3.9414,-1.5781,9.2718,-2.0870,-0.9082,5.6080,-3.8924,-1.5673
541.50,6.1045,-4.0713,-1.5080,9.3571,-2.1906,-0.8378,5.6122,-4.0254,-1.4991
542.00,6.1159,-4.2008,-1.4826,9.4478,-2.2862,-0.8069,5.6250,-4.1537,-1.4700
542.50,6.1211,-4.3306,-1.5306,9.5355,-2.3829,-0.8554,5.6344,-4.2821,-1.5174
543.00,6.1249,-4.4605,-1.5236,9.6178,-2.4783,-0.8495,5.6382,-4.4108,-1.5149
543.50,6.1380,-4.5899,-1.4263,9.7134,-2.5791,-0.7550,5.6467,-4.5462,-1.4222
544.00,6.1601,-4.7172,-1.3048,9.8124,-2.6621,-0.6310,5.6653,-4.6673,-1.2981
544.50,6.1913,-4.8397,-1.1518,9.9232,-2.7317,-0.4774,5.7087,-4.7903,-1.1478
545.00,6.2401,-4.9503,-0.9875,10.0341,-2.7781,-0.3095,5.7492,-4.8992,-0.9827
545.50,6.2857,-5.0128,-0.9352,10.1120,-2.7998,-0.2509,5.7905,-4.9663,-0.9241
546.00,6.2954,-5.0260,-0.9312,10.1310,-2.8045,-0.2471,5.8025,-4.9818,-0.9209
546.50,6.2962,-5.0260,-0.8974,10.1317,-2.8047,-0.2117,5.8029,-4.9825,-0.8855
547.00,6.2965,-5.0261,-0.8643,10.1324,-2.8049,-0.1776,5.8034,-4.9830,-0.8515
547.50,6.2965,-5.0261,-0.8318,10.1325,-2.8050,-0.1444,5.8034,-4.9831,-0.8182
548.00,6.2964,-5.0258,-0.7983,10.1322,-2.8049,-0.1100,5.8032,-4.9830,-0.7838
548.50,6.2962,-5.0258,-0.7642,10.1321,-2.8049,-0.0751,5.8031,-4.9829,-0.7489
549.00,6.2958,-5.0259,-0.7310,10.1319,-2.8049,-0.0409,5.8030,-4.9828,-0.7148
549.50,6.2957,-5.0258,-0.6984,10.1318,-2.8049,-0.0077,5.8029,-4.9827,-0.6815
550.00,6.2957,-5.0254,-0.6652,10.1311,-2.8049,0.0268,5.8024,-4.9823,-0.6471
550.50,6.2956,-5.0245,-0.6310,10.1302,-2.8050,0.0617,5.8016,-4.9817,-0.6122
551.00,6.2956,-5.0232,-0.5960,10.1287,-2.8051,0.0970,5.8003,-4.9809,-0.5769
551.50,6.2955,-5.0214,-0.5600,10.1269,-2.8053,0.1334,5.7988,-4.9799,-0.5404
552.00,6.2955,-5.0192,-0.5231,10.1249,-2.8056,0.1717,5.7971,-4.9789,-0.5022
552.50,6.2954,-5.0165,-0.4851,10.1219,-2.8062,0.2105,5.7943,-4.9775,-0.4634
553.00,6.2954,-5.0133,-0.4462,10.1192,-2.8068,0.2503,5.7919,-4.9763,-0.4236
553.50,6.2953,-5.0096,-0.4061,10.1162,-2.8076,0.2903,5.7890,-4.9751,-0.3836
554.00,6.2953,-5.0055,-0.3650,10.1119,-2.8090,0.3321,5.7848,-4.9735,-0.3417
554.50,6.2953,-5.0009,-0.3226,10.1071,-2.8108,0.3751,5.7799,-4.9718,-0.2988
555.00,6.2952,-4.9958,-0.2790,10.1028,-2.8126,0.4194,5.7755,-4.9706,-0.2544
555.50,6.2952,-4.9916,-0.2453,10.0993,-2.8143,0.4537,5.7716,-4.9697,-0.2201
556.00,6.2952,-4.9872,-0.2109,10.0949,-2.8165,0.4889,5.7668,-4.9687,-0.1850
556.50,6.2952,-4.9825,-0.1757,10.0902,-2.8191,0.5250,5.7616,-4.9678,-0.1489
557.00,6.2951,-4.9775,-0.1396,10.0853,-2.8220,0.5625,5.7559,-4.9671,-0.1114
557.50,6.2951,-4.9722,-0.1026,10.0797,-2.8257,0.6003,5.7950,-4.9277,-0.0927
558.00,6.2951,-4.9667,-0.0645,10.0753,-2.8289,0.6392,5.7896,-4.9274,-0.0538
558.50,6.2951,-4.9609,-0.0254,10.0707,-2.8325,0.6792,5.7838,-4.9272,-0.0139
559.00,6.2951,-4.9549,0.0147,10.0678,-2.8348,0.7202,5.7800,-4.9271,0.0272
559.50,6.2951,-4.9483,0.0610,10.0728,-2.8302,0.7655,5.7868,-4.9268,0.0724
560.00,6.2951,-4.9410,0.1116,10.0781,-2.8249,0.8168,5.7944,-4.9261,0.1237
560.50,6.2952,-4.9341,0.1604,10.0822,-2.8202,0.8666,5.8005,-4.9251,0.1736
561.00,6.2952,-4.9277,0.2077,10.0860,-2.8156,0.9143,5.8064,-4.9240,0.2213
561.50,6.2952,-4.9219,0.2534,10.0897,-2.8105,0.9607,5.8125,-4.9225,0.2676
562.00,6.2952,-4.9165,0.2978,10.0930,-2.8055,1.0064,5.8182,-4.9207,0.3133
562.50,6.2953,-4.9116,0.3409,10.0955,-2.8014,1.0505,5.8228,-4.9191,0.3574
563.00,6.2953,-4.9071,0.3827,10.0982,-2.7965,1.0934,5.8279,-4.9171,0.4004
563.50,6.2954,-4.9032,0.4234,10.1000,-2.7929,1.1347,5.8316,-4.9155,0.4416
564.00,6.2954,-4.8997,0.4629,10.1013,-2.7900,1.1749,5.8345,-4.9140,0.4818
564.50,6.2954,-4.8968,0.5015,10.1021,-2.7879,1.2143,5.8364,-4.9130,0.5212
565.00,6.2955,-4.8943,0.5390,10.1029,-2.7857,1.2528,5.8384,-4.9118,0.5597
565.50,6.2955,-4.8922,0.5755,10.1037,-2.7833,1.2901,5.8406,-4.9104,0.5970
566.00,6.2956,-4.8908,0.6070,10.1041,-2.7817,1.3239,5.8419,-4.9094,0.6309
566.50,6.2956,-4.8898,0.6406,10.1042,-2.7810,1.3566,5.8009,-4.8468,0.6496
567.00,6.2957,-4.8891,0.6745,10.1043,-2.7806,1.3917,5.8012,-4.8465,0.6847
567.50,6.2958,-4.8887,0.7075,10.1044,-2.7803,1.4256,5.8014,-4.8463,0.7185
568.00,6.2957,-4.8888,0.7401,10.1044,-2.7804,1.4588,5.8014,-4.8464,0.7518
568.50,6.2954,-4.8888,0.7736,10.1043,-2.7808,1.4930,5.8010,-4.8467,0.7859
569.00,6.2955,-4.8890,0.8077,10.1043,-2.7810,1.5277,5.8010,-4.8468,0.8207
569.50,6.2955,-4.8894,0.8409,10.1043,-2.7816,1.5615,5.8005,-4.8472,0.8545
570.00,6.2955,-4.8895,0.8734,10.1043,-2.7816,1.5952,5.8005,-4.8472,0.8882
570.50,6.2950,-4.8895,0.9067,10.1043,-2.7822,1.6293,5.8001,-4.8477,0.9222
571.00,6.2943,-4.8896,0.9370,10.1044,-2.7827,1.6584,5.7998,-4.8481,0.9514
571.50,6.2934,-4.8896,0.9632,10.1045,-2.7838,1.6850,5.7992,-4.8490,0.9780
572.00,6.2922,-4.8897,0.9899,10.1046,-2.7847,1.7123,5.7987,-4.8498,1.0053
572.50,6.2908,-4.8897,1.0171,10.1047,-2.7855,1.7406,5.7983,-4.8505,1.0336
573.00,6.2891,-4.8897,1.0448,10.1051,-2.7877,1.7696,5.7972,-4.8524,1.0626
573.50,6.2871,-4.8898,1.0731,10.1054,-2.7890,1.7991,5.7965,-4.8536,1.0921
574.00,6.2849,-4.8898,1.1020,10.1061,-2.7919,1.8290,5.7952,-4.8562,1.1220
574.50,6.2824,-4.8899,1.1314,10.1068,-2.7944,1.8593,5.7941,-4.8586,1.1522
575.00,6.2796,-4.8899,1.1615,10.1076,-2.7970,1.8902,5.7931,-4.8611,1.1832
575.50,6.2766,-4.8899,1.1922,10.1086,-2.7997,1.9221,5.7920,-4.8638,1.2150
576.00,6.2733,-4.8899,1.2235,10.1097,-2.8027,1.9547,5.7909,-4.8668,1.2476
576.50,6.2697,-4.8900,1.2556,10.1109,-2.8055,1.9878,5.7900,-4.8697,1.2808
577.00,6.2659,-4.8900,1.2883,10.1127,-2.8095,2.0217,5.7888,-4.8740,1.3147
577.50,6.2617,-4.8900,1.3218,10.1150,-2.8141,2.0559,5.7876,-4.8789,1.3489
578.00,6.2573,-4.8900,1.3561,10.1176,-2.8187,2.0913,5.7865,-4.8841,1.3843
578.50,6.2527,-4.8901,1.3912,10.1207,-2.8239,2.1269,5.7855,-4.8900,1.4199
579.00,6.2477,-4.8901,1.4272,10.1233,-2.8280,2.1630,5.7555,-4.8518,1.4341
579.50,6.2424,-4.8901,1.4657,10.1267,-2.8328,2.2005,5.7548,-4.8576,1.4717
580.00,6.2351,-4.8901,1.5165,10.1317,-2.8393,2.2523,5.7542,-4.8658,1.5235
580.50,6.2272,-4.8901,1.5694,10.1365,-2.8449,2.3059,5.7541,-4.8732,1.5771
581.00,6.2193,-4.8894,1.6244,10.1317,-2.8399,2.3591,5.7538,-4.8663,1.6303
581.50,6.2052,-4.8496,1.7852,10.1011,-2.8135,2.5073,5.7486,-4.8261,1.7784
582.00,6.1786,-4.7506,1.8874,10.0137,-2.7583,2.6180,5.6948,-4.7157,1.8937
582.50,6.1425,-4.6464,1.8256,9.9112,-2.6981,2.5703,5.6540,-4.6068,1.8484
583.00,6.1147,-4.5536,1.5760,9.8357,-2.6382,2.3288,5.6316,-4.5091,1.5977
583.50,6.1046,-4.4283,1.3728,9.7624,-2.5383,2.1163,5.6295,-4.3866,1.3870
584.00,6.1286,-4.3014,1.3590,9.6965,-2.4236,2.0964,5.6387,-4.2627,1.3647
584.50,6.1502,-4.1730,1.4986,9.6224,-2.3119,2.2326,5.6573,-4.1301,1.4997
585.00,6.1625,-4.0431,1.6106,9.5329,-2.2104,2.3450,5.6622,-4.0006,1.6167
585.50,6.1592,-3.9132,1.6027,9.4426,-2.1196,2.3407,5.6653,-3.8783,1.6136
586.00,6.1512,-3.7834,1.6347,9.3463,-2.0224,2.3707,5.6608,-3.7419,1.6413
586.50,6.1423,-3.6536,1.6070,9.2511,-1.9302,2.3461,5.6503,-3.6157,1.6179
587.00,6.1411,-3.5237,1.5838,9.1587,-1.8328,2.3232,5.6464,-3.4882,1.5950
587.50,6.1412,-3.3937,1.5456,9.0684,-1.7349,2.2864,5.6398,-3.3576,1.5559
588.00,6.1435,-3.2637,1.5690,8.9771,-1.6301,2.3083,5.6442,-3.2189,1.5773
588.50,6.1401,-3.1337,1.5825,8.8866,-1.5347,2.3269,5.6429,-3.0949,1.5942
589.00,6.1383,-3.0037,1.5865,8.7989,-1.4411,2.3323,5.6414,-2.9686,1.5961
589.50,6.1326,-2.8738,1.5916,8.7057,-1.3462,2.3428,5.6360,-2.8356,1.6057
590.00,6.1341,-2.7438,1.5652,8.6180,-1.2528,2.3167,5.6282,-2.7073,1.5757
590.50,6.1295,-2.6140,1.6741,8.5252,-1.1610,2.4254,5.6250,-2.5770,1.6809
591.00,6.1157,-2.4851,1.7201,8.4213,-1.0758,2.4740,5.6093,-2.4439,1.7295
591.50,6.0948,-2.3568,1.7274,8.3209,-0.9986,2.4858,5.5899,-2.3238,1.7404
592.00,6.0808,-2.2277,1.6498,8.2179,-0.9119,2.4063,5.5728,-2.1904,1.6609
592.50,6.0667,-2.0984,1.7063,8.1141,-0.8217,2.4600,5.5577,-2.0536,1.7111
593.00,6.0433,-1.9702,1.7693,8.0075,-0.7406,2.5238,5.5325,-1.9264,1.7766
593.50,6.0125,-1.8433,1.8005,7.8961,-0.6654,2.5606,5.5067,-1.8054,1.8117
594.00,5.9852,-1.7164,1.7875,7.7864,-0.5915,2.5483,5.4720,-1.6798,1.7985
594.50,5.9541,-1.5898,1.8021,7.6727,-0.5167,2.5660,5.4414,-1.5491,1.8136
595.00,5.9215,-1.4635,1.8397,7.5564,-0.4429,2.6019,5.4126,-1.4285,1.8447
595.50,5.8802,-1.3395,1.8990,7.4438,-0.3806,2.6655,5.3735,-1.3059,1.9075
596.00,5.8357,-1.2167,1.9253,7.3243,-0.3202,2.6916,5.3231,-1.1820,1.9323
596.50,5.7824,-1.0961,1.9959,7.2038,-0.2659,2.7588,5.2733,-1.0598,1.9985
597.00,5.7201,-0.9812,2.1309,7.0795,-0.2244,2.8913,5.2063,-0.9442,2.1310
597.50,5.6463,-0.8766,2.2812,6.9583,-0.2027,3.0418,5.1390,-0.8497,2.2824
598.00,5.5647,-0.7969,2.4834,6.8374,-0.2014,-3.0402,5.0518,-0.7606,2.4827
598.50,5.4595,-0.7303,2.6983,6.7166,-0.2273,-2.8239,4.9442,-0.6985,2.6972
599.00,5.3386,-0.6742,2.8159,6.5910,-0.2785,-2.6990,4.8194,-0.6476,2.8221
599.50,5.2156,-0.6304,2.7784,6.4705,-0.3354,-2.7296,4.7082,-0.5978,2.7901
600.00,5.0959,-0.5793,2.7287,6.3494,-0.3825,-2.7864,4.5844,-0.5507,2.7330
600.50,4.9757,-0.5322,2.7729,6.2247,-0.4320,-2.7407,4.4591,-0.5004,2.7769
601.00,4.8542,-0.4918,2.8721,6.1073,-0.4860,-2.6499,4.3450,-0.4607,2.8686
601.50,4.7267,-0.4604,3.0144,5.9956,-0.5583,-2.5010,4.2132,-0.4377,3.0176
602.00,4.5977,-0.4418,2.9827,5.8883,-0.6387,-2.5236,4.0795,-0.4158,2.9949
602.50,4.4716,-0.4167,2.7916,5.7718,-0.7082,-2.7093,3.9522,-0.3847,2.8083
603.00,4.3531,-0.3745,2.6687,5.6538,-0.7522,-2.8388,3.8340,-0.3446,2.6736
603.50,4.2392,-0.3178,2.6960,5.5329,-0.7898,-2.8185,3.7298,-0.2973,2.6939
604.00,4.1188,-0.2683,2.8457,5.4086,-0.8409,-2.6671,3.5976,-0.2473,2.8470
604.50,3.9932,-0.2303,2.8893,5.2908,-0.9071,-2.6157,3.4603,-0.2100,2.8985
605.00,3.8681,-0.1941,2.8617,5.1736,-0.9713,-2.6485,3.3543,-0.1747,2.8622
605.50,3.7417,-0.1636,2.9638,5.0658,-1.0353,-2.5471,3.2270,-0.1452,2.9635
606.00,3.6136,-0.1405,2.9462,4.9565,-1.1112,-2.5495,3.0954,-0.1234,2.9611
606.50,3.4879,-0.1106,2.8291,4.8379,-1.1811,-2.6682,2.9684,-0.0910,2.8372
607.00,3.3655,-0.0704,2.7832,4.7171,-1.2382,-2.7170,2.8428,-0.0469,2.7867
607.50,3.2423,-0.0300,2.8684,4.5972,-1.2973,-2.6303,2.7260,-0.0148,2.8717
608.00,3.1166,0.0036,2.8774,4.4865,-1.3618,-2.6168,2.6061,0.0175,2.8851
608.50,2.9926,0.0438,2.7764,4.3751,-1.4208,-2.7134,2.4820,0.0539,2.7868
609.00,2.8821,0.0910,2.7080,4.2645,-1.4657,-2.7868,2.3587,0.1001,2.7117
609.50,2.8236,0.1187,2.7419,4.1981,-1.4910,-2.7539,2.3070,0.1291,2.7445
610.00,2.8045,0.1244,2.8058,4.1798,-1.4989,-2.6969,2.2885,0.1364,2.8016
610.50,2.7370,0.1218,3.0288,4.1236,-1.5326,-2.4898,2.2249,0.1523,3.0087
611.00,2.6170,0.1093,-2.9715,4.0383,-1.6220,-2.2011,2.0941,0.1300,-2.9719
611.50,2.5181,0.0888,-2.8808,3.9795,-1.7141,-2.1018,2.0051,0.0993,-2.8744
612.00,2.4689,0.0766,-2.9311,3.9530,-1.7580,-2.1418,1.9650,0.0862,-2.9155
612.50,2.3806,0.0749,-3.1376,3.9023,-1.8236,-2.3289,1.8883,0.0772,-3.1096
613.00,2.2528,0.0827,2.9292,3.8015,-1.9051,-2.5576,1.7425,0.1062,2.9380
613.50,2.1597,0.1004,2.9006,3.7208,-1.9551,-2.5931,1.6593,0.1146,2.9001
614.00,2.0817,0.1128,3.0491,3.6565,-1.9994,-2.4520,1.5758,0.1228,3.0447
614.50,1.9643,0.1151,-3.0737,3.5726,-2.0843,-2.2836,1.4518,0.1224,-3.0678
615.00,1.8346,0.1083,-3.1030,3.4890,-2.1816,-2.3080,1.3261,0.1126,-3.0957
615.50,1.7047,0.1073,-3.1376,3.3970,-2.2778,-2.3436,1.1852,0.1134,-3.1324
616.00,1.5747,0.1130,3.0638,3.2993,-2.3712,-2.4235,1.0642,0.1167,3.0709
616.50,1.4452,0.1234,3.0877,3.1986,-2.4579,-2.4069,0.9275,0.1279,3.0875
617.00,1.3152,0.1256,-3.1330,3.0992,-2.5564,-2.3371,0.7896,0.1289,-3.1294
617.50,1.1853,0.1208,-3.0913,3.0073,-2.6554,-2.2930,0.6597,0.1241,-3.0853
618.00,1.0554,0.1185,3.1202,2.9172,-2.7527,-2.3633,0.5352,0.1228,3.1276
618.50,0.9255,0.1224,3.1273,2.8223,-2.8432,-2.3643,0.4052,0.1271,3.1278
619.00,0.7955,0.1203,-3.1271,2.7244,-2.9459,-2.3269,0.2525,0.1248,-3.1204
619.50,0.6655,0.1195,-3.1194,2.6269,-3.0465,-2.3270,0.1489,0.1261,-3.1192
620.00,0.5355,0.1165,-3.1372,2.5349,-3.1444,-2.3414,0.0168,0.1150,-3.1302
620.50,0.4057,0.1220,3.0748,2.4351,-3.2379,-2.4191,-0.1123,0.1233,3.0765
621.00,0.2758,0.1258,3.1265,2.3438,-3.3231,-2.3649,-0.2463,0.1292,3.1324
621.50,0.1458,0.1258,-3.1072,2.2495,-3.4174,-2.3204,-0.3875,0.1271,-3.1093
622.00,0.0160,0.1188,-3.0957,2.1629,-3.5154,-2.2985,-0.5053,0.1209,-3.0856
622.50,-0.1139,0.1183,3.1102,2.0705,-3.6093,-2.3795,-0.6375,0.1205,3.1123
623.00,-0.2439,0.1198,3.1236,1.9749,-3.7038,-2.3595,-0.7781,0.1213,3.1323
623.50,-0.3739,0.1232,3.1396,1.8795,-3.7968,-2.3496,-0.8864,0.1250,3.1387
624.00,-0.5038,0.1204,-3.1310,1.7848,-3.8975,-2.3270,-1.0485,0.1194,-3.1211
624.50,-0.6338,0.1244,3.0940,1.6880,-3.9920,-2.3908,-1.1775,0.1218,3.0961
625.00,-0.7637,0.1258,3.1399,1.5909,-4.0881,-2.3413,-1.2960,0.1247,-3.1377
625.50,-0.8937,0.1275,-3.1361,1.5026,-4.1779,-2.3365,-1.4293,0.1250,-3.1329
626.00,-1.0237,0.1247,-3.1355,1.4057,-4.2828,-2.3247,-1.5821,0.1211,-3.1211
626.50,-1.1536,0.1295,3.0782,1.3094,-4.3764,-2.3984,-1.7063,0.1241,3.0814
627.00,-1.2834,0.1327,-3.1026,1.2164,-4.4684,-2.2999,-1.8301,0.1273,-3.1032
627.50,-1.4131,0.1266,-3.0746,1.1332,-4.5670,-2.2651,-1.9558,0.1188,-3.0650
628.00,-1.5430,0.1234,-3.1086,1.0482,-4.6652,-2.2994,-2.0889,0.1114,-3.0993
628.50,-1.6729,0.1221,-3.1345,0.9612,-4.7610,-2.3244,-2.2148,0.1070,-3.1278
629.00,-1.8029,0.1209,-3.1081,0.8689,-4.8596,-2.3004,-2.3498,0.1149,-3.1072
629.50,-1.9328,0.1134,-3.0971,0.7831,-4.9591,-2.2827,-2.4810,0.1084,-3.0861
630.00,-2.0627,0.1134,-3.1395,0.6924,-5.0593,-2.3256,-2.6361,0.0939,-3.1324
630.50,-2.1927,0.1134,3.1416,0.6016,-5.1558,-2.3262,-2.7386,0.1023,-3.1365
631.00,-2.3227,0.1138,-3.1389,0.5119,-5.2503,-2.3233,-2.8690,0.1018,-3.1359
631.50,-2.4527,0.1074,-3.1095,0.4285,-5.3428,-2.2889,-2.9935,0.0988,-3.1027
632.00,-2.5827,0.1071,-3.1378,0.3403,-5.4397,-2.3181,-3.1345,0.0964,-3.1319
632.50,-2.7126,0.1010,-3.0927,0.2490,-5.5425,-2.2738,-3.2619,0.0919,-3.0911
633.00,-2.8421,0.0857,-2.9960,0.1668,-5.6473,-2.1780,-3.3851,0.0802,-2.9953
633.50,-2.9696,0.0613,-2.9045,0.0995,-5.7556,-2.0806,-3.5196,0.0550,-2.9014
634.00,-3.0960,0.0319,-2.9275,0.0354,-5.8712,-2.0978,-3.6278,0.0231,-2.9186
634.50,-3.2231,0.0047,-2.9199,-0.0299,-5.9815,-2.0928,-3.7629,-0.0047,-2.9206
635.00,-3.3499,-0.0242,-2.9079,-0.0970,-6.0979,-2.0833,-3.8876,-0.0339,-2.9076
635.50,-3.4758,-0.0611,-2.8653,-0.1592,-6.2139,-2.0391,-4.0215,-0.0669,-2.8599
636.00,-3.6014,-0.0931,-2.9171,-0.2215,-6.3329,-2.0857,-4.1345,-0.1060,-2.9100
636.50,-3.7284,-0.1207,-2.9112,-0.2897,-6.4503,-2.0823,-4.2635,-0.1324,-2.9100
637.00,-3.8549,-0.1510,-2.9066,-0.3541,-6.5660,-2.0758,-4.3988,-0.1633,-2.9036
637.50,-3.9804,-0.1882,-2.8466,-0.4151,-6.6836,-2.0151,-4.5301,-0.1979,-2.8429
638.00,-4.1051,-0.2242,-2.8865,-0.4737,-6.8048,-2.0483,-4.6490,-0.2368,-2.8761
638.50,-4.2311,-0.2564,-2.8807,-0.5386,-6.9273,-2.0482,-4.7831,-0.2718,-2.8795
639.00,-4.3557,-0.2970,-2.8269,-0.5982,-7.0514,-1.9926,-4.9015,-0.3114,-2.8251
639.50,-4.4778,-0.3458,-2.7580,-0.6484,-7.1746,-1.9214,-5.0299,-0.3574,-2.7561
640.00,-4.5981,-0.3954,-2.7742,-0.6925,-7.2983,-1.9300,-5.1346,-0.4077,-2.7660
640.50,-4.7220,-0.4361,-2.8954,-0.7455,-7.4173,-2.0523,-5.2749,-0.4485,-2.8905
641.00,-4.8483,-0.4687,-2.8874,-0.8100,-7.5378,-2.0490,-5.4040,-0.4814,-2.8907
641.50,-4.9720,-0.5078,-2.7667,-0.8660,-7.6627,-1.9263,-5.5178,-0.5330,-2.7680
642.00,-5.0921,-0.5555,-2.7574,-0.9077,-7.7823,-1.9096,-5.6349,-0.5716,-2.7514
642.50,-5.2140,-0.5992,-2.7998,-0.9543,-7.9030,-1.9550,-5.7658,-0.6175,-2.8002
643.00,-5.3352,-0.6482,-2.7215,-0.9975,-8.0187,-1.8791,-5.8810,-0.6620,-2.7244
643.50,-5.4504,-0.7063,-2.5917,-1.0298,-8.1475,-1.7479,-5.9989,-0.7231,-2.5932
644.00,-5.5573,-0.7761,-2.4932,-1.0451,-8.2707,-1.6456,-6.1042,-0.7936,-2.4931
644.50,-5.6569,-0.8589,-2.3856,-1.0490,-8.4021,-1.5394,-6.2123,-0.8776,-2.3882
645.00,-5.7469,-0.9521,-2.3038,-1.0386,-8.5306,-1.4516,-6.2920,-0.9703,-2.3003
645.50,-5.8327,-1.0496,-2.2731,-1.0213,-8.6620,-1.4224,-6.3987,-1.0704,-2.2781
646.00,-5.9079,-1.1435,-2.2244,-0.9990,-8.7870,-1.3708,-6.4787,-1.1691,-2.2230
646.50,-5.9466,-1.1948,-2.1900,-0.9845,-8.8529,-1.3353,-6.5053,-1.2234,-2.1887
647.00,-5.9513,-1.2018,-2.1547,-0.9822,-8.8626,-1.2988,-6.5147,-1.2314,-2.1510
647.50,-5.9494,-1.2017,-2.1184,-0.9827,-8.8609,-1.2621,-6.5138,-1.2299,-2.1143
648.00,-5.9470,-1.2017,-2.0811,-0.9836,-8.8583,-1.2241,-6.5124,-1.2275,-2.0763
648.50,-5.9441,-1.2016,-2.0428,-0.9847,-8.8554,-1.1847,-6.5110,-1.2247,-2.0369
649.00,-5.9408,-1.2016,-2.0035,-0.9858,-8.8529,-1.1441,-6.5099,-1.2223,-1.9963
649.50,-5.9370,-1.2016,-1.9631,-0.9872,-8.8502,-1.1034,-6.5086,-1.2194,-1.9556
650.00,-5.9327,-1.2015,-1.9215,-0.9896,-8.8457,-1.0609,-6.5068,-1.2147,-1.9131
650.50,-5.9279,-1.2015,-1.8788,-0.9921,-8.8413,-1.0174,-6.5052,-1.2099,-1.8696
651.00,-5.9226,-1.2014,-1.8347,-0.9955,-8.8362,-0.9727,-6.5036,-1.2040,-1.8249
651.50,-5.9168,-1.2014,-1.7893,-0.9989,-8.8315,-0.9262,-6.5023,-1.1983,-1.7784
652.00,-5.9106,-1.2014,-1.7424,-1.0024,-8.8270,-0.8785,-6.5012,-1.1928,-1.7307
652.50,-5.9038,-1.2014,-1.6940,-1.0075,-8.8211,-0.8291,-6.5001,-1.1850,-1.6813
653.00,-5.8966,-1.2014,-1.6438,-1.0137,-8.8147,-0.7781,-6.4994,-1.1761,-1.6303
653.50,-5.8889,-1.2014,-1.5917,-1.0202,-8.8086,-0.7246,-6.4991,-1.1672,-1.5768
654.00,-5.8810,-1.2014,-1.5383,-1.0195,-8.8091,-0.6704,-6.4990,-1.1680,-1.5226
654.50,-5.8734,-1.2014,-1.4866,-1.0131,-8.8139,-0.6180,-6.4984,-1.1761,-1.4702
655.00,-5.8663,-1.2014,-1.4368,-1.0067,-8.8182,-0.5675,-6.4974,-1.1837,-1.4197
655.50,-5.8596,-1.2014,-1.3887,-1.0011,-8.8216,-0.5179,-6.4963,-1.1902,-1.3701
656.00,-5.8535,-1.2014,-1.3421,-0.9953,-8.8247,-0.4703,-6.4948,-1.1966,-1.3225
656.50,-5.8478,-1.2015,-1.2970,-0.9899,-8.8273,-0.4244,-6.4932,-1.2024,-1.2766
657.00,-5.8418,-1.2072,-1.2385,-0.9819,-8.8306,-0.3720,-6.4905,-1.2106,-1.2242
657.50,-5.8246,-1.2601,-1.1584,-0.9324,-8.8472,-0.2889,-6.4703,-1.2587,-1.1411
658.00,-5.7790,-1.3631,-1.1274,-0.8294,-8.8756,-0.2551,-6.3425,-1.3744,-1.1248
658.50,-5.7234,-1.4807,-1.1117,-0.6987,-8.9101,-0.2429,-6.2743,-1.5064,-1.1160
659.00,-5.6662,-1.5692,-0.9615,-0.5979,-8.9293,-0.0995,-6.2346,-1.5862,-0.9691
659.50,-5.6057,-1.6366,-0.7443,-0.5025,-8.9290,0.1186,-6.1628,-1.6588,-0.7510
660.00,-5.5205,-1.7060,-0.5196,-0.3944,-8.9044,0.3426,-6.0743,-1.7256,-0.5271
660.50,-5.4233,-1.7669,-0.2529,-0.2931,-8.8533,0.6063,-5.9799,-1.7700,-0.2633
661.00,-5.2976,-1.8170,0.0194,-0.1873,-8.7563,0.8787,-5.8441,-1.8152,0.0114
661.50,-5.1780,-1.8261,0.1633,-0.1177,-8.6548,1.0329,-5.7252,-1.8362,0.1667
662.00,-5.1148,-1.8141,0.2096,-0.0847,-8.5967,1.0787,-5.6596,-1.8333,0.2091
662.50,-5.1063,-1.8068,0.2550,-0.0781,-8.5839,1.1256,-5.6456,-1.8301,0.2560
663.00,-5.1063,-1.8014,0.2993,-0.0753,-8.5780,1.1706,-5.6393,-1.8284,0.3010
663.50,-5.1062,-1.7966,0.3423,-0.0738,-8.5743,1.2149,-5.6354,-1.8272,0.3452
664.00,-5.1062,-1.7921,0.3841,-0.0722,-8.5697,1.2578,-5.6309,-1.8255,0.3881
664.50,-5.1062,-1.7882,0.4248,-0.0712,-8.5664,1.2990,-5.6277,-1.8241,0.4293
665.00,-5.1061,-1.7848,0.4643,-0.0704,-8.5635,1.3398,-5.6250,-1.8228,0.4701
665.50,-5.1061,-1.7818,0.5028,-0.0698,-8.5606,1.3789,-5.6224,-1.8214,0.5093
666.00,-5.1060,-1.7794,0.5403,-0.0694,-8.5583,1.4180,-5.6203,-1.8202,0.5483
666.50,-5.1060,-1.7773,0.5768,-0.0692,-8.5567,1.4557,-5.6190,-1.8193,0.5860
667.00,-5.1059,-1.7758,0.6123,-0.0690,-8.5544,1.4922,-5.6171,-1.8181,0.6226
667.50,-5.1059,-1.7747,0.6469,-0.0689,-8.5538,1.5282,-5.6166,-1.8177,0.6585
668.00,-5.1058,-1.7740,0.6807,-0.0689,-8.5534,1.5631,-5.6163,-1.8174,0.6935
668.50,-5.1057,-1.7737,0.7136,-0.0689,-8.5530,1.5968,-5.6160,-1.8172,0.7272
669.00,-5.1058,-1.7738,0.7462,-0.0689,-8.5530,1.6299,-5.6160,-1.8172,0.7602
669.50,-5.1061,-1.7739,0.7799,-0.0689,-8.5533,1.6646,-5.6162,-1.8174,0.7950
670.00,-5.1060,-1.7741,0.8140,-0.0689,-8.5535,1.7001,-5.6164,-1.8176,0.8304
670.50,-5.1060,-1.7745,0.8469,-0.0688,-8.5541,1.7345,-5.6168,-1.8180,0.8649
671.00,-5.1061,-1.7745,0.8795,-0.0688,-8.5542,1.7678,-5.6168,-1.8181,0.8981
671.50,-5.1066,-1.7746,0.9130,-0.0687,-8.5545,1.8028,-5.6170,-1.8183,0.9331
672.00,-5.1076,-1.7746,0.9473,-0.0684,-8.5557,1.8378,-5.6177,-1.8193,0.9682
672.50,-5.1090,-1.7747,0.9826,-0.0680,-8.5572,1.8746,-5.6186,-1.8206,1.0049
673.00,-5.1109,-1.7747,1.0188,-0.0676,-8.5583,1.9116,-5.6192,-1.8216,1.0420
673.50,-5.1132,-1.7748,1.0559,-0.0667,-8.5606,1.9499,-5.6204,-1.8238,1.0803
674.00,-5.1160,-1.7748,1.0941,-0.0654,-8.5637,1.9889,-5.6219,-1.8268,1.1193
674.50,-5.1193,-1.7749,1.1332,-0.0638,-8.5671,2.0289,-5.6235,-1.8302,1.1593
675.00,-5.1231,-1.7749,1.1735,-0.0617,-8.5712,2.0702,-5.6252,-1.8344,1.2005
675.50,-5.1273,-1.7750,1.2149,-0.0594,-8.5751,2.1124,-5.6268,-1.8387,1.2427
676.00,-5.1320,-1.7750,1.2576,-0.0568,-8.5792,2.1559,-5.6282,-1.8433,1.2862
676.50,-5.1373,-1.7750,1.3015,-0.0544,-8.5827,2.2012,-5.6294,-1.8474,1.3316
677.00,-5.1430,-1.7751,1.3467,-0.0511,-8.5870,2.2475,-5.6305,-1.8527,1.3779
677.50,-5.1492,-1.7751,1.3934,-0.0471,-8.5918,2.2952,-5.6316,-1.8588,1.4256
678.00,-5.1558,-1.7751,1.4416,-0.0420,-8.5973,2.3444,-5.6325,-1.8664,1.4747
678.50,-5.1630,-1.7751,1.4916,-0.0373,-8.6019,2.3951,-5.6329,-1.8729,1.5255
679.00,-5.1706,-1.7751,1.5435,-0.0312,-8.6072,2.4478,-5.7012,-1.8103,1.5398
679.50,-5.1786,-1.7751,1.5969,-0.0300,-8.6083,2.5023,-5.7012,-1.8120,1.5942
680.00,-5.1862,-1.7751,1.6488,-0.0365,-8.6037,2.5548,-5.7016,-1.8040,1.6468
680.50,-5.1934,-1.7751,1.6988,-0.0434,-8.5994,2.6057,-5.7025,-1.7959,1.6976
681.00,-5.2001,-1.7751,1.7471,-0.0482,-8.5967,2.6551,-5.7033,-1.7905,1.7470
681.50,-5.2063,-1.7751,1.7939,-0.0545,-8.5936,2.7029,-5.7047,-1.7836,1.7949
682.00,-5.2109,-1.7769,1.8339,-0.0570,-8.5924,2.7458,-5.7054,-1.7809,1.8378
682.50,-5.2057,-1.7961,1.8341,-0.0387,-8.6001,2.7463,-5.7001,-1.8000,1.8382
683.00,-5.2005,-1.8154,1.8341,-0.0200,-8.6079,2.7476,-5.6947,-1.8196,1.8395
683.50,-5.1953,-1.8347,1.8341,-0.0025,-8.6151,2.7486,-5.6897,-1.8378,1.8405
684.00,-5.1901,-1.8540,1.8341,0.0145,-8.6221,2.7501,-5.7243,-1.8687,1.8398
684.50,-5.1849,-1.8733,1.8341,0.0351,-8.6306,2.7509,-5.7396,-1.8972,1.8394
685.00,-5.1797,-1.8926,1.8341,0.0525,-8.6378,2.7511,-5.7346,-1.9154,1.8396
685.50,-5.1745,-1.9119,1.8341,0.0687,-8.6445,2.7523,-5.7299,-1.9322,1.8408
686.00,-5.1693,-1.9312,1.8341,0.0884,-8.6525,2.7529,-5.7243,-1.9527,1.8413
686.50,-5.1641,-1.9505,1.8341,0.1058,-8.6596,2.7541,-5.7207,-1.9713,1.8355
687.00,-5.1589,-1.9698,1.8341,0.1219,-8.6662,2.7551,-5.7161,-1.9881,1.8366
687.50,-5.1537,-1.9892,1.8341,0.1426,-8.6746,2.7561,-5.7102,-2.0096,1.8376
688.00,-5.1485,-2.0085,1.8341,0.1633,-8.6830,2.7571,-5.7043,-2.0312,1.8386
688.50,-5.1438,-2.0259,1.8341,0.1830,-8.6910,2.7583,-5.6992,-2.0518,1.8375
689.00,-5.1472,-2.0261,1.8741,0.1806,-8.6901,2.7972,-5.7002,-2.0494,1.8752
689.50,-5.1521,-2.0261,1.9170,0.1749,-8.6882,2.8420,-5.7021,-2.0437,1.9200
690.00,-5.1564,-2.0260,1.9587,0.1704,-8.6869,2.8843,-5.7038,-2.0394,1.9623
690.50,-5.1603,-2.0260,1.9993,0.1664,-8.6859,2.9260,-5.7055,-2.0355,2.0040
691.00,-5.1637,-2.0259,2.0387,0.1624,-8.6852,2.9667,-5.7072,-2.0319,2.0447
691.50,-5.1666,-2.0259,2.0771,0.1594,-8.6847,3.0060,-5.7087,-2.0292,2.0840
692.00,-5.1690,-2.0258,2.1145,0.1565,-8.6843,3.0448,-5.7102,-2.0267,2.1228
692.50,-5.1805,-2.0073,2.1973,0.1350,-8.6831,3.1193,-5.7222,-2.0089,2.1973
693.00,-5.2333,-1.9424,2.3089,0.0538,-8.6870,-3.0482,-5.7843,-1.9665,2.3130
693.50,-5.3209,-1.8489,2.3332,-0.0723,-8.7005,-3.0235,-5.8615,-1.8743,2.3341
694.00,-5.4141,-1.7589,2.4385,-0.1999,-8.7208,-2.9217,-5.9644,-1.7846,2.4360
694.50,-5.5168,-1.6788,2.5123,-0.3271,-8.7556,-2.8415,-6.0687,-1.7038,2.5162
695.00,-5.6218,-1.6022,2.4892,-0.4579,-8.7961,-2.8595,-6.1769,-1.6240,2.4959
695.50,-5.7208,-1.5175,2.3573,-0.5848,-8.8252,-2.9880,-6.2791,-1.5398,2.3662
696.00,-5.8069,-1.4189,2.2103,-0.7201,-8.8363,-3.1341,-6.3590,-1.4380,2.2201
696.50,-5.8826,-1.3117,2.1398,-0.8527,-8.8320,3.0773,-6.4352,-1.3394,2.1413
697.00,-5.9512,-1.2012,2.1321,-0.9829,-8.8219,3.0651,-6.5043,-1.2221,2.1292
697.50,-6.0260,-1.0940,2.2117,-1.1125,-8.8169,-3.1377,-6.5771,-1.1113,2.2096
698.00,-6.1061,-0.9912,2.2343,-1.2450,-8.8198,-3.1120,-6.6606,-1.0162,2.2375
698.50,-6.1829,-0.8869,2.1878,-1.3733,-8.8207,3.1252,-6.7335,-0.9136,2.1909
699.00,-6.2584,-0.7809,2.1988,-1.5066,-8.8186,3.1363,-6.8154,-0.8052,2.2003
699.50,-6.3372,-0.6770,2.2347,-1.6368,-8.8202,-3.1091,-6.8941,-0.7014,2.2329
700.00,-6.4179,-0.5750,2.2419,-1.7693,-8.8251,-3.1025,-6.9805,-0.5972,2.2412
700.50,-6.4997,-0.4737,2.2602,-1.8992,-8.8310,-3.0835,-7.0538,-0.5009,2.2620
701.00,-6.5828,-0.3737,2.2650,-2.0304,-8.8393,-3.0749,-7.1381,-0.4000,2.2706
701.50,-6.6629,-0.2713,2.1836,-2.1655,-8.8444,3.1311,-7.2277,-0.2945,2.1916
702.00,-6.7354,-0.1632,2.1559,-2.3003,-8.8396,3.0989,-7.2932,-0.1885,2.1559
702.50,-6.8119,-0.0577,2.2556,-2.4319,-8.8387,-3.0884,-7.3678,-0.0815,2.2518
703.00,-6.8995,0.0376,2.3563,-2.5639,-8.8537,-2.9824,-7.4585,0.0165,2.3579
703.50,-6.9914,0.1297,2.3333,-2.7003,-8.8758,-2.9989,-7.5460,0.1091,2.3396
704.00,-7.0772,0.2275,2.2614,-2.8353,-8.8899,-3.0727,-7.6298,0.2003,2.2658
704.50,-7.1593,0.3282,2.2517,-2.9677,-8.8982,-3.0822,-7.7134,0.3028,2.2545
705.00,-7.2411,0.4292,2.2463,-3.0991,-8.9061,-3.0857,-7.8069,0.4046,2.2476
705.50,-7.3217,0.5311,2.2521,-3.2295,-8.9126,-3.0829,-7.8780,0.5068,2.2504
706.00,-7.4080,0.6279,2.3457,-3.3667,-8.9269,-2.9872,-7.9695,0.6101,2.3460
706.50,-7.5033,0.7158,2.4652,-3.4972,-8.9545,-2.8676,-8.0780,0.6901,2.4621
707.00,-7.6074,0.7938,2.5219,-3.6222,-8.9945,-2.8070,-8.1429,0.7632,2.5205
707.50,-7.6878,0.8538,2.4562,-3.7245,-9.0285,-2.8647,-8.2333,0.8269,2.4615
708.00,-7.7194,0.8814,2.3753,-3.7713,-9.0397,-2.9504,-8.2595,0.8588,2.3759
708.50,-7.7201,0.8820,2.3411,-3.7729,-9.0401,-2.9833,-8.2707,0.8599,2.3430
709.00,-7.7202,0.8823,2.3077,-3.7735,-9.0402,-3.0155,-8.2711,0.8603,2.3107
709.50,-7.7202,0.8823,2.2752,-3.7737,-9.0402,-3.0471,-8.2712,0.8605,2.2792
710.00,-7.7199,0.8822,2.2421,-3.7735,-9.0402,-3.0792,-8.2711,0.8603,2.2470
710.50,-7.7191,0.8822,2.2081,-3.7725,-9.0402,-3.1124,-8.2705,0.8595,2.2139
711.00,-7.7178,0.8821,2.1732,-3.7707,-9.0402,3.1366,-8.2694,0.8580,2.1797
711.50,-7.7161,0.8821,2.1374,-3.7690,-9.0402,3.1017,-8.2685,0.8566,2.1448
712.00,-7.7140,0.8820,2.1006,-3.7671,-9.0403,3.0659,-8.2675,0.8550,2.1090
712.50,-7.7114,0.8820,2.0629,-3.7636,-9.0406,3.0296,-8.2657,0.8519,2.0727
713.00,-7.7083,0.8819,2.0241,-3.7609,-9.0410,2.9922,-8.2645,0.8496,2.0353
713.50,-7.7108,0.9078,1.9149,-3.7819,-9.0368,2.8952,-8.2731,0.8691,1.9383
714.00,-7.7172,0.9955,1.7717,-3.8637,-9.0082,2.7469,-8.2969,0.9524,1.7900
714.50,-7.7355,1.1230,1.7340,-3.9810,-8.9559,2.7103,-8.2755,1.0982,1.7359
715.00,-7.7509,1.2517,1.6758,-4.0970,-8.8995,2.6583,-8.2908,1.2258,1.6805
715.50,-7.7583,1.3723,1.4474,-4.2038,-8.8307,2.4439,-8.2934,1.3527,1.4660
716.00,-7.7525,1.4832,1.1721,-4.2772,-8.7477,2.1649,-8.2723,1.4500,1.1835
716.50,-7.7122,1.5825,1.0041,-4.3335,-8.6459,1.9924,-8.2427,1.5534,1.0075
717.00,-7.6815,1.6254,0.9551,-4.3556,-8.5927,1.9425,-8.2106,1.6012,0.9577
717.50,-7.6785,1.6281,0.9205,-4.3574,-8.5880,1.9090,-8.2077,1.6054,0.9242
718.00,-7.6779,1.6281,0.8869,-4.3577,-8.5874,1.8766,-8.2074,1.6059,0.8917
718.50,-7.6777,1.6282,0.8541,-4.3578,-8.5873,1.8447,-8.2073,1.6060,0.8599
719.00,-7.6778,1.6284,0.8214,-4.3578,-8.5872,1.8129,-8.2073,1.6061,0.8281
719.50,-7.6778,1.6288,0.7876,-4.3580,-8.5867,1.7806,-8.2070,1.6065,0.7958
720.00,-7.6777,1.6288,0.7536,-4.3580,-8.5865,1.7479,-8.2068,1.6066,0.7630
720.50,-7.6775,1.6289,0.7333,-4.3580,-8.5863,1.7259,-8.2067,1.6068,0.7411
721.00,-7.6778,1.6288,0.7661,-4.3580,-8.5868,1.7593,-8.2070,1.6065,0.7745
721.50,-7.6778,1.6287,0.8002,-4.3579,-8.5869,1.7943,-8.2071,1.6064,0.8095
722.00,-7.6777,1.6283,0.8337,-4.3579,-8.5870,1.8292,-8.2072,1.6063,0.8444
722.50,-7.6777,1.6282,0.8662,-4.3579,-8.5870,1.8629,-8.2072,1.6063,0.8781
723.00,-7.6781,1.6281,0.8993,-4.3578,-8.5873,1.8973,-8.2074,1.6061,0.9125
723.50,-7.6789,1.6280,0.9333,-4.3575,-8.5881,1.9321,-8.2079,1.6054,0.9472
724.00,-7.6801,1.6280,0.9681,-4.3569,-8.5897,1.9681,-8.2089,1.6040,0.9833
724.50,-7.6818,1.6279,1.0039,-4.3561,-8.5915,2.0050,-8.2099,1.6023,1.0202
725.00,-7.6839,1.6279,1.0407,-4.3554,-8.5929,2.0428,-8.2107,1.6009,1.0579
725.50,-7.6866,1.6278,1.0784,-4.3543,-8.5950,2.0819,-8.2118,1.5989,1.0970
726.00,-7.6896,1.6278,1.1172,-4.3526,-8.5978,2.1221,-8.2133,1.5959,1.1372
726.50,-7.6932,1.6278,1.1570,-4.3511,-8.6002,2.1627,-8.2144,1.5933,1.1779
727.00,-7.6973,1.6277,1.1980,-4.3488,-8.6035,2.2049,-8.2159,1.5896,1.2201
727.50,-7.7018,1.6277,1.2401,-4.3465,-8.6065,2.2475,-8.2171,1.5860,1.2627
728.00,-7.7068,1.6276,1.2835,-4.3437,-8.6098,2.2918,-8.2183,1.5819,1.3070
728.50,-7.7123,1.6276,1.3281,-4.3399,-8.6139,2.3373,-8.2197,1.5765,1.3524
729.00,-7.7183,1.6276,1.3742,-4.3355,-8.6184,2.3848,-8.2209,1.5703,1.4000
729.50,-7.7248,1.6276,1.4218,-4.3302,-8.6231,2.4339,-8.2219,1.5633,1.4491
730.00,-7.7318,1.6275,1.4711,-4.3260,-8.6265,2.4839,-8.2224,1.5578,1.4991
730.50,-7.7392,1.6275,1.5222,-4.3190,-8.6316,2.5355,-8.2228,1.5492,1.5507
731.00,-7.7471,1.6275,1.5752,-4.3143,-8.6346,2.5898,-8.2228,1.5437,1.6049
731.50,-7.7549,1.6275,1.6280,-4.3217,-8.6304,2.6440,-8.2233,1.5521,1.6592
732.00,-7.7623,1.6275,1.6787,-4.3294,-8.6264,2.6961,-8.2243,1.5607,1.7112
732.50,-7.7692,1.6276,1.7277,-4.3364,-8.6233,2.7465,-8.2255,1.5683,1.7617
733.00,-7.7756,1.6276,1.7751,-4.3427,-8.6208,2.7954,-8.2270,1.5749,1.8106
733.50,-7.7815,1.6276,1.8209,-4.3471,-8.6194,2.8425,-8.2282,1.5794,1.8577
734.00,-7.7869,1.6276,1.8654,-4.3532,-8.6177,2.8881,-8.2301,1.5854,1.9033
734.50,-7.7919,1.6277,1.9085,-4.3587,-8.6163,2.9327,-8.2321,1.5908,1.9478
735.00,-7.7963,1.6277,1.9504,-4.3637,-8.6154,2.9761,-8.2341,1.5954,1.9912
735.50,-7.8003,1.6278,1.9912,-4.3676,-8.6148,3.0183,-8.2357,1.5990,2.0334
736.00,-7.8038,1.6278,2.0309,-4.3724,-8.6143,3.0585,-8.2380,1.6033,2.0737
736.50,-7.8097,1.6391,2.0976,-4.3829,-8.6137,3.1174,-8.2433,1.6124,2.1326
737.00,-7.8394,1.6879,2.2464,-4.4388,-8.6168,-3.0169,-8.3716,1.6644,2.2431
737.50,-7.8508,1.7012,2.2910,-4.4592,-8.6199,-2.9669,-8.3844,1.6805,2.2965
738.00,-7.8508,1.7012,2.2910,-4.4592,-8.6199,-2.9663,-8.3844,1.6805,2.2972
738.50,-7.8508,1.7012,2.2910,-4.4592,-8.6199,-2.9647,-8.3844,1.6805,2.2987
739.00,-7.8508,1.7012,2.2910,-4.4592,-8.6199,-2.9641,-8.3844,1.6805,2.2994
739.50,-7.8730,1.7277,2.2603,-4.4915,-8.6251,-2.9933,-8.4057,1.7053,2.2701
740.00,-7.9343,1.8032,2.2527,-4.5888,-8.6389,-3.0021,-8.4692,1.7804,2.2509
740.50,-8.0172,1.9034,2.2710,-4.7180,-8.6581,-2.9832,-8.5522,1.8713,2.2698
741.00,-8.1015,2.0025,2.2822,-4.8527,-8.6803,-2.9696,-8.6407,1.9752,2.2834
741.50,-8.1877,2.0995,2.3209,-4.9876,-8.7054,-2.9325,-8.7218,2.0778,2.3205
742.00,-8.2776,2.1933,2.3352,-5.1135,-8.7339,-2.9164,-8.8111,2.1710,2.3331
742.50,-8.3651,2.2897,2.2700,-5.2496,-8.7618,-2.9781,-8.9049,2.2636,2.2726
743.00,-8.4457,2.3912,2.2308,-5.3800,-8.7801,-3.0171,-8.9873,2.3662,2.2324
743.50,-8.5268,2.4929,2.2755,-5.5086,-8.7975,-2.9754,-9.0581,2.4677,2.2741
744.00,-8.6138,2.5894,2.3188,-5.6420,-8.8237,-2.9291,-9.1487,2.5691,2.3204
744.50,-8.7023,2.6847,2.3050,-5.7759,-8.8530,-2.9388,-9.2423,2.6627,2.3094
745.00,-8.7867,2.7834,2.2554,-5.9003,-8.8754,-2.9871,-9.3254,2.7545,2.2589
745.50,-8.8572,2.8706,2.2603,-6.0158,-8.8927,-2.9852,-9.3991,2.8450,2.2573
746.00,-8.8906,2.9100,2.2930,-6.0745,-8.9027,-2.9516,-9.4375,2.8907,2.2909
746.50,-8.8927,2.9122,2.3259,-6.0789,-8.9035,-2.9180,-9.4404,2.8940,2.3245
747.00,-8.8926,2.9121,2.3599,-6.0789,-8.9035,-2.8828,-9.4404,2.8940,2.3597
747.50,-8.8923,2.9122,2.3937,-6.0786,-8.9034,-2.8479,-9.4401,2.8938,2.3946
748.00,-8.8920,2.9122,2.4264,-6.0783,-8.9033,-2.8144,-9.4399,2.8936,2.4281
748.50,-8.8920,2.9120,2.4592,-6.0783,-8.9033,-2.7801,-9.4399,2.8936,2.4624
749.00,-8.8919,2.9114,2.4929,-6.0778,-8.9031,-2.7455,-9.4394,2.8933,2.4970
749.50,-8.8919,2.9103,2.5275,-6.0765,-8.9025,-2.7090,-9.4383,2.8925,2.5336
750.00,-8.8918,2.9087,2.5630,-6.0750,-8.9018,-2.6723,-9.4369,2.8915,2.5702
750.50,-8.8918,2.9067,2.5994,-6.0726,-8.9005,-2.6350,-9.4346,2.8901,2.6076
751.00,-8.8917,2.9043,2.6368,-6.0700,-8.8990,-2.5965,-9.4320,2.8886,2.6460
751.50,-8.8917,2.9013,2.6753,-6.0679,-8.8977,-2.5570,-9.4298,2.8875,2.6856
752.00,-8.8916,2.8979,2.7147,-6.0654,-8.8960,-2.5165,-9.4270,2.8862,2.7260
752.50,-8.8916,2.8940,2.7553,-6.0626,-8.8938,-2.4745,-9.4238,2.8849,2.7680
753.00,-8.8915,2.8897,2.7971,-6.0593,-8.8911,-2.4317,-9.4197,2.8834,2.8108
753.50,-8.8915,2.8848,2.8400,-6.0557,-8.8879,-2.3873,-9.4151,2.8819,2.8553
754.00,-8.8915,2.8794,2.8843,-6.0516,-8.8839,-2.3419,-9.4097,2.8804,2.9006
754.50,-8.8914,2.8736,2.9299,-6.0478,-8.8797,-2.2949,-9.4041,2.8792,2.9476
755.00,-8.8914,2.8673,2.9770,-6.0436,-8.8748,-2.2470,-9.3977,2.8781,2.9955
755.50,-8.8914,2.8605,3.0257,-6.0391,-8.8689,-2.1969,-9.3904,2.8772,3.0456
756.00,-8.8914,2.8532,3.0761,-6.0353,-8.8633,-2.1452,-9.4241,2.8424,3.0764
756.50,-8.8914,2.8454,3.1285,-6.0316,-8.8572,-2.0919,-9.4169,2.8421,3.1296
757.00,-8.8914,2.8375,-3.1014,-6.0322,-8.8586,-2.0368,-9.4185,2.8421,-3.0984
757.50,-8.8914,2.8300,-3.0500,-6.0351,-8.8647,-1.9839,-9.4252,2.8416,-3.0455
758.00,-8.8914,2.8229,-3.0004,-6.0381,-8.8721,-1.9330,-9.4332,2.8406,-2.9946
758.50,-8.8914,2.8164,-2.9526,-6.0404,-8.8788,-1.8834,-9.4401,2.8394,-2.9450
759.00,-8.8915,2.8103,-2.9062,-6.0422,-8.8846,-1.8355,-9.4460,2.8381,-2.8971
759.50,-8.8915,2.8047,-2.8613,-6.0436,-8.8903,-1.7899,-9.4517,2.8365,-2.8515
760.00,-8.8915,2.7996,-2.8178,-6.0445,-8.8947,-1.7454,-9.4559,2.8351,-2.8070
760.50,-8.8916,2.7950,-2.7755,-6.0450,-8.8985,-1.7020,-9.4595,2.8338,-2.7636
761.00,-8.8916,2.7909,-2.7343,-6.0456,-8.9032,-1.6599,-9.4639,2.8319,-2.7215
761.50,-8.8916,2.7872,-2.6943,-6.0458,-8.9071,-1.6185,-9.4674,2.8303,-2.6801
762.00,-8.8917,2.7840,-2.6554,-6.0459,-8.9097,-1.5785,-9.4697,2.8291,-2.6402
762.50,-8.8917,2.7814,-2.6175,-6.0459,-8.9134,-1.5392,-9.4729,2.8273,-2.6008
763.00,-8.8918,2.7791,-2.5806,-6.0457,-8.9160,-1.5008,-9.4531,2.7623,-2.5834
763.50,-8.8918,2.7774,-2.5446,-6.0456,-8.9179,-1.4637,-9.4547,2.7613,-2.5463
764.00,-8.8919,2.7761,-2.5096,-6.0454,-8.9196,-1.4281,-9.4561,2.7603,-2.5106
764.50,-8.8919,2.7752,-2.4755,-6.0452,-8.9204,-1.3928,-9.4568,2.7598,-2.4753
765.00,-8.8920,2.7748,-2.4422,-6.0451,-8.9211,-1.3586,-9.4573,2.7594,-2.4411
765.50,-8.8920,2.7748,-2.4097,-6.0451,-8.9210,-1.3252,-9.4572,2.7594,-2.4078
766.00,-8.8918,2.7748,-2.3862,-6.0452,-8.9207,-1.3011,-9.4570,2.7596,-2.3837
766.50,-8.8917,2.7749,-2.3522,-6.0452,-8.9208,-1.2663,-9.4571,2.7596,-2.3489
767.00,-8.8918,2.7752,-2.3184,-6.0452,-8.9207,-1.2310,-9.4570,2.7596,-2.3136
767.50,-8.8918,2.7755,-2.2858,-6.0453,-8.9205,-1.1974,-9.4569,2.7598,-2.2800
768.00,-8.8916,2.7755,-2.2529,-6.0454,-8.9203,-1.1630,-9.4567,2.7599,-2.2455
768.50,-8.8909,2.7756,-2.2192,-6.0456,-8.9199,-1.1287,-9.4565,2.7603,-2.2112
769.00,-8.8898,2.7756,-2.1846,-6.0461,-8.9189,-1.0927,-9.4558,2.7613,-2.1753
769.50,-8.8883,2.7757,-2.1491,-6.0465,-8.9181,-1.0558,-9.4553,2.7620,-2.1383
770.00,-8.8863,2.7757,-2.1127,-6.0475,-8.9165,-1.0189,-9.4543,2.7636,-2.1014
770.50,-8.8838,2.7758,-2.0753,-6.0493,-8.9136,-0.9799,-9.4527,2.7665,-2.0624
771.00,-8.8809,2.7758,-2.0368,-6.0514,-8.9106,-0.9396,-9.4510,2.7698,-2.0222
771.50,-8.8775,2.7759,-1.9973,-6.0538,-8.9074,-0.8991,-9.4493,2.7735,-1.9817
772.00,-8.8736,2.7759,-1.9567,-6.0572,-8.9033,-0.8577,-9.4473,2.7784,-1.9402
772.50,-8.8692,2.7759,-1.9150,-6.0607,-8.8995,-0.8150,-9.4455,2.7833,-1.8975
773.00,-8.8643,2.7760,-1.8720,-6.0643,-8.8959,-0.7704,-9.4440,2.7881,-1.8530
773.50,-8.8590,2.7760,-1.8278,-6.0687,-8.8917,-0.7253,-9.4425,2.7940,-1.8078
774.00,-8.8532,2.7760,-1.7822,-6.0739,-8.8873,-0.6786,-9.4410,2.8006,-1.7612
774.50,-8.8468,2.7761,-1.7350,-6.0782,-8.8840,-0.6308,-9.4401,2.8060,-1.7134
775.00,-8.8400,2.7761,-1.6863,-6.0840,-8.8800,-0.5810,-9.3936,2.7621,-1.6914
775.50,-8.8327,2.7761,-1.6358,-6.0895,-8.8766,-0.5298,-9.3930,2.7686,-1.6403
776.00,-8.8250,2.7761,-1.5834,-6.0961,-8.8729,-0.4757,-9.3927,2.7762,-1.5861
776.50,-8.8170,2.7761,-1.5301,-6.0942,-8.8738,-0.4210,-9.3926,2.7740,-1.5314
777.00,-8.8095,2.7761,-1.4788,-6.0885,-8.8762,-0.3678,-9.3922,2.7679,-1.4782
777.50,-8.8025,2.7761,-1.4293,-6.0813,-8.8787,-0.3167,-9.3913,2.7603,-1.4272
778.00,-8.7944,2.7670,-1.3564,-6.0686,-8.8824,-0.2512,-9.3890,2.7473,-1.3617
778.50,-8.7767,2.7044,-1.2174,-6.0045,-8.8937,-0.1121,-9.3705,2.6848,-1.2226
779.00,-8.7354,2.5919,-1.1793,-5.8863,-8.9029,-0.0672,-9.2767,2.5747,-1.1742
779.50,-8.6890,2.4709,-1.1983,-5.7541,-8.9144,-0.0901,-9.2375,2.4515,-1.2005
780.00,-8.6355,2.3516,-1.1282,-5.6226,-8.9215,-0.0184,-9.1855,2.3305,-1.1289
780.50,-8.5827,2.2515,-1.0907,-5.5042,-8.9200,0.0260,-9.1314,2.2251,-1.0880
781.00,-8.5582,2.2053,-1.1284,-5.4503,-8.9192,-0.0083,-9.1062,2.1840,-1.1268
781.50,-8.5569,2.2023,-1.1682,-5.4453,-8.9192,-0.0467,-9.1036,2.1831,-1.1676
782.00,-8.5611,2.2024,-1.2095,-5.4495,-8.9189,-0.0869,-9.1052,2.1871,-1.2079
782.50,-8.5658,2.2024,-1.2519,-5.4549,-8.9183,-0.1282,-9.1070,2.1922,-1.2492
783.00,-8.5709,2.2024,-1.2956,-5.4595,-8.9176,-0.1704,-9.1084,2.1966,-1.2913
783.50,-8.5766,2.2025,-1.3407,-5.4643,-8.9167,-0.2140,-9.1096,2.2013,-1.3349
784.00,-8.5827,2.2025,-1.3872,-5.4705,-8.9152,-0.2594,-9.1110,2.2076,-1.3803
784.50,-8.5893,2.2025,-1.4352,-5.4763,-8.9135,-0.3061,-9.1120,2.2135,-1.4270
785.00,-8.5964,2.2025,-1.4850,-5.4832,-8.9111,-0.3543,-9.1128,2.2208,-1.4752
785.50,-8.6040,2.2025,-1.5366,-5.4904,-8.9083,-0.4046,-9.1134,2.2285,-1.5255
786.00,-8.6120,2.2025,-1.5900,-5.4930,-8.9071,-0.4570,-9.1135,2.2314,-1.5779
786.50,-8.6197,2.2025,-1.6421,-5.4863,-8.9106,-0.5081,-9.1138,2.2238,-1.6290
787.00,-8.6269,2.2025,-1.6924,-5.4787,-8.9152,-0.5574,-9.1145,2.2149,-1.6783
787.50,-8.6336,2.2025,-1.7409,-5.4734,-8.9186,-0.6046,-9.1153,2.2087,-1.7256
788.00,-8.6399,2.2025,-1.7878,-5.4686,-8.9221,-0.6506,-9.1163,2.2029,-1.7715
788.50,-8.6457,2.2025,-1.8333,-5.4652,-8.9248,-0.6955,-9.1173,2.1986,-1.8164
789.00,-8.6510,2.2024,-1.8774,-5.4608,-8.9286,-0.7384,-9.1188,2.1930,-1.8594
789.50,-8.6558,2.2024,-1.9202,-5.4574,-8.9318,-0.7807,-9.1202,2.1886,-1.9017
790.00,-8.6601,2.2023,-1.9618,-5.4535,-8.9358,-0.8208,-9.1222,2.1833,-1.9418
790.50,-8.6640,2.2023,-2.0022,-5.4510,-8.9386,-0.8599,-9.1236,2.1799,-1.9809
791.00,-8.6673,2.2023,-2.0416,-5.4484,-8.9417,-0.8983,-9.1252,2.1762,-2.0193
791.50,-8.6702,2.2022,-2.0799,-5.4467,-8.9439,-0.9357,-9.1265,2.1737,-2.0566
792.00,-8.6726,2.2022,-2.1172,-5.4456,-8.9456,-0.9719,-9.1275,2.1719,-2.0929
792.50,-8.6745,2.2021,-2.1535,-5.4449,-8.9465,-1.0063,-9.1281,2.1709,-2.1272
793.00,-8.6760,2.2021,-2.1889,-5.4442,-8.9477,-1.0401,-9.1288,2.1698,-2.1610
793.50,-8.6771,2.2020,-2.2234,-5.4437,-8.9485,-1.0733,-9.1293,2.1690,-2.1943
794.00,-8.6777,2.2019,-2.2570,-5.4432,-8.9495,-1.1060,-9.1300,2.1681,-2.2269
794.50,-8.6778,2.2019,-2.2897,-5.4431,-8.9497,-1.1376,-9.1301,2.1680,-2.2585
795.00,-8.6778,2.2016,-2.3225,-5.4430,-8.9499,-1.1692,-9.1303,2.1677,-2.2902
795.50,-8.6777,2.2013,-2.3564,-5.4429,-8.9503,-1.2022,-9.1306,2.1675,-2.3231
796.00,-8.6779,2.2012,-2.3903,-5.4428,-8.9505,-1.2351,-9.1307,2.1673,-2.3561
796.50,-8.6781,2.2012,-2.4231,-5.4427,-8.9507,-1.2665,-9.1308,2.1672,-2.3874
797.00,-8.6780,2.2013,-2.4558,-5.4428,-8.9506,-1.2977,-9.1308,2.1672,-2.4187
797.50,-8.6780,2.2019,-2.4894,-5.4429,-8.9500,-1.3301,-9.1303,2.1676,-2.4511
798.00,-8.6779,2.2030,-2.5239,-5.4432,-8.9487,-1.3631,-9.1293,2.1685,-2.4840
798.50,-8.6778,2.2045,-2.5593,-5.4435,-8.9472,-1.3968,-9.1281,2.1694,-2.5177
799.00,-8.6778,2.2064,-2.5957,-5.4438,-8.9453,-1.4321,-9.1264,2.1705,-2.5531
799.50,-8.6777,2.2088,-2.6330,-5.4441,-8.9431,-1.4684,-9.1246,2.1717,-2.5893
800.00,-8.6777,2.2117,-2.6713,-5.4443,-8.9401,-1.5056,-9.1220,2.1732,-2.6266
800.50,-8.6777,2.2151,-2.7107,-5.4445,-8.9368,-1.5436,-9.1192,2.1748,-2.6645
801.00,-8.6777,2.2149,-2.6962,-5.4444,-8.9370,-1.5335,-9.1193,2.1746,-2.6544
801.50,-8.6778,2.2069,-2.5550,-5.4436,-8.9447,-1.3915,-9.1259,2.1706,-2.5125
802.00,-8.6778,2.2038,-2.3862,-5.4428,-8.9484,-1.2212,-9.1289,2.1682,-2.3422
802.50,-8.6771,2.2046,-2.2192,-5.4437,-8.9464,-1.0530,-9.1274,2.1699,-2.1740
803.00,-8.6708,2.2048,-2.0818,-5.4466,-8.9420,-0.9090,-9.1248,2.1744,-2.0299
803.50,-8.6698,2.2048,-2.0717,-5.4471,-8.9415,-0.8936,-9.1245,2.1751,-2.0145
804.00,-8.6723,2.2048,-2.1092,-5.4457,-8.9433,-0.9303,-9.1255,2.1730,-2.0512
804.50,-8.6743,2.2047,-2.1458,-5.4440,-8.9457,-0.9658,-9.1269,2.1705,-2.0867
805.00,-8.6759,2.2046,-2.1814,-5.4431,-8.9470,-0.9999,-9.1277,2.1691,-2.1209
805.50,-8.6771,2.2046,-2.2160,-5.4425,-8.9480,-1.0331,-9.1283,2.1681,-2.1541
806.00,-8.6778,2.2045,-2.2498,-5.4419,-8.9491,-1.0659,-9.1290,2.1671,-2.1868
806.50,-8.6780,2.2045,-2.2827,-5.4416,-8.9495,-1.0970,-9.1293,2.1667,-2.2180
807.00,-8.6780,2.2043,-2.3153,-5.4417,-8.9494,-1.1282,-9.1293,2.1668,-2.2492
807.50,-8.6779,2.2039,-2.3490,-5.4416,-8.9495,-1.1608,-9.1293,2.1667,-2.2817
808.00,-8.6780,2.2038,-2.3831,-5.4416,-8.9497,-1.1941,-9.1294,2.1665,-2.3150
808.50,-8.6783,2.2038,-2.4161,-5.4415,-8.9498,-1.2260,-9.1296,2.1664,-2.3469
809.00,-8.6782,2.2038,-2.4487,-5.4415,-8.9498,-1.2574,-9.1295,2.1665,-2.3783
809.50,-8.6781,2.2044,-2.4821,-5.4416,-8.9495,-1.2892,-9.1293,2.1667,-2.4102
810.00,-8.6781,2.2053,-2.5164,-5.4417,-8.9492,-1.3226,-9.1290,2.1669,-2.4435
810.50,-8.6780,2.2067,-2.5516,-5.4420,-8.9480,-1.3567,-9.1281,2.1676,-2.4777
811.00,-8.6780,2.2086,-2.5877,-5.4423,-8.9461,-1.3919,-9.1266,2.1688,-2.5128
811.50,-8.6779,2.2109,-2.6248,-5.4427,-8.9441,-1.4280,-9.1249,2.1700,-2.5489
812.00,-8.6779,2.2136,-2.6629,-5.4430,-8.9413,-1.4648,-9.1226,2.1715,-2.5857
812.50,-8.6778,2.2169,-2.7021,-5.4433,-8.9382,-1.5030,-9.1198,2.1731,-2.6240
813.00,-8.6778,2.2206,-2.7423,-5.4435,-8.9342,-1.5426,-9.1163,2.1750,-2.6635
813.50,-8.6778,2.2249,-2.7836,-5.4435,-8.9298,-1.5822,-9.1124,2.1770,-2.7031
814.00,-8.6777,2.2296,-2.8262,-5.4434,-8.9252,-1.6231,-9.1082,2.1788,-2.7440
814.50,-8.6777,2.2348,-2.8700,-5.4431,-8.9213,-1.6659,-9.1046,2.1803,-2.7869
815.00,-8.6777,2.2405,-2.9152,-5.4425,-8.9157,-1.7096,-9.0993,2.1821,-2.8306
815.50,-8.6776,2.2466,-2.9618,-5.4417,-8.9112,-1.7550,-9.0949,2.1834,-2.8759
816.00,-8.6776,2.2533,-3.0100,-5.4403,-8.9045,-1.8019,-9.0882,2.1851,-2.9228
816.50,-8.6776,2.2604,-3.0599,-5.4384,-8.8973,-1.8504,-9.0809,2.1865,-2.9713
817.00,-8.6776,2.2680,-3.1116,-5.4363,-8.8904,-1.9008,-9.0737,2.1876,-3.0217
817.50,-8.6776,2.2760,3.1181,-5.4352,-8.8871,-1.9522,-9.2288,2.2495,3.1193
818.00,-8.6776,2.2837,3.0661,-5.4387,-8.8952,-2.0033,-9.2376,2.2499,3.0682
818.50,-8.6776,2.2909,3.0160,-5.4421,-8.9021,-2.0532,-9.2453,2.2507,3.0183
819.00,-8.6776,2.2976,2.9676,-5.4453,-8.9078,-2.1001,-9.2517,2.2517,2.9714
819.50,-8.6777,2.3038,2.9208,-5.4484,-8.9129,-2.1454,-9.2576,2.2528,2.9261
820.00,-8.6777,2.3095,2.8755,-5.4515,-8.9174,-2.1893,-9.2629,2.2541,2.8823
820.50,-8.6777,2.3148,2.8315,-5.4546,-8.9216,-2.2321,-9.2679,2.2555,2.8394
821.00,-8.6778,2.3196,2.7888,-5.4572,-8.9248,-2.2732,-9.2718,2.2569,2.7983
821.50,-8.6778,2.3239,2.7473,-5.4606,-8.9287,-2.3138,-9.2767,2.2587,2.7577
822.00,-8.6778,2.3276,2.7069,-5.4641,-8.9323,-2.3526,-9.2321,2.2988,2.7084
822.50,-8.6779,2.3310,2.6677,-5.4667,-8.9349,-2.3910,-9.2354,2.3004,2.6701
823.00,-8.6779,2.3338,2.6294,-5.4691,-8.9371,-2.4281,-9.2383,2.3019,2.6329
823.50,-8.6780,2.3352,2.6037,-5.4699,-8.9377,-2.4538,-9.2392,2.3025,2.6072
824.00,-8.6780,2.3373,2.5671,-5.4719,-8.9393,-2.4895,-9.2413,2.3038,2.5716
824.50,-8.6781,2.3389,2.5315,-5.4731,-8.9402,-2.5238,-9.2426,2.3046,2.5373
825.00,-8.6781,2.3400,2.4969,-5.4737,-8.9406,-2.5576,-9.2431,2.3050,2.5034
825.50,-8.6782,2.3407,2.4631,-5.4745,-8.9411,-2.5905,-9.2439,2.3056,2.4705
826.00,-8.6782,2.3410,2.4301,-5.4748,-8.9413,-2.6214,-9.2442,2.3058,2.4397
826.50,-8.6784,2.3409,2.3975,-5.4749,-8.9414,-2.6528,-9.2443,2.3059,2.4082
827.00,-8.6788,2.3408,2.3639,-5.4754,-8.9416,-2.6850,-9.2446,2.3062,2.3761
827.50,-8.6911,2.3539,2.2944,-5.4887,-8.9475,-2.7490,-9.2548,2.3168,2.3120
828.00,-8.7345,2.4167,2.1378,-5.5623,-8.9711,-2.9037,-9.2835,2.3866,2.1434
828.50,-8.7937,2.5264,2.0728,-5.6825,-8.9946,-2.9730,-9.3389,2.4988,2.0718
829.00,-8.8601,2.6389,2.1292,-5.8068,-9.0184,-2.9152,-9.4089,2.6118,2.1249
829.50,-8.9293,2.7490,2.1251,-5.9374,-9.0491,-2.9150,-9.4799,2.7255,2.1251
830.00,-8.9994,2.8590,2.1419,-6.0705,-9.0810,-2.8960,-9.5467,2.8312,2.1418
830.50,-9.0717,2.9676,2.1703,-6.2032,-9.1156,-2.8681,-9.6182,2.9460,2.1685
831.00,-9.1492,3.0730,2.2148,-6.3280,-9.1544,-2.8185,-9.6949,3.0518,2.2146
831.50,-9.2250,3.1780,2.1837,-6.4509,-9.1940,-2.8467,-9.7709,3.1463,2.1899
832.00,-9.2980,3.2852,2.1671,-6.5751,-9.2301,-2.8628,-9.8444,3.2527,2.1703
832.50,-9.3723,3.3923,2.1924,-6.7021,-9.2673,-2.8373,-9.9200,3.3613,2.1901
833.00,-9.4503,3.4970,2.2185,-6.8254,-9.3081,-2.8067,-9.9970,3.4659,2.2194
833.50,-9.5291,3.6005,2.2251,-6.9528,-9.3528,-2.7994,-10.0793,3.5730,2.2257
834.00,-9.6095,3.7029,2.2457,-7.0737,-9.3970,-2.7796,-10.1584,3.6746,2.2441
834.50,-9.6937,3.8021,2.2987,-7.1981,-9.4482,-2.7246,-10.2450,3.7774,2.3015
835.00,-9.7816,3.8975,2.3335,-7.3173,-9.5032,-2.6875,-10.3262,3.8678,2.3334
835.50,-9.8727,3.9901,2.3700,-7.4379,-9.5643,-2.6496,-10.4169,3.9618,2.3730
836.00,-9.9672,4.0790,2.4052,-7.5531,-9.6288,-2.6116,-10.5116,4.0431,2.4075
836.50,-10.0429,4.1464,2.4328,-7.6441,-9.6833,-2.5846,-10.5872,4.1134,2.4328
837.00,-10.0728,4.1714,2.4658,-7.6806,-9.7066,-2.5504,-10.6205,4.1390,2.4653
837.50,-10.0731,4.1711,2.4997,-7.6810,-9.7069,-2.5156,-10.6209,4.1393,2.5001
838.00,-10.0731,4.1699,2.5345,-7.6797,-9.7059,-2.4791,-10.6195,4.1384,2.5365
838.50,-10.0730,4.1683,2.5702,-7.6783,-9.7047,-2.4421,-10.6180,4.1374,2.5735
839.00,-10.0730,4.1662,2.6068,-7.6765,-9.7031,-2.4049,-10.6159,4.1361,2.6108
839.50,-10.0729,4.1636,2.6444,-7.6751,-9.7018,-2.3662,-10.6142,4.1352,2.6494
840.00,-10.0729,4.1606,2.6830,-7.6729,-9.6995,-2.3268,-10.6115,4.1338,2.6889
840.50,-10.0728,4.1571,2.7227,-7.6705,-9.6969,-2.2868,-10.6082,4.1323,2.7289
841.00,-10.0728,4.1531,2.7635,-7.6676,-9.6933,-2.2446,-10.6039,4.1305,2.7711
841.50,-10.0728,4.1523,2.7644,-7.6666,-9.6921,-2.2383,-10.6024,4.1300,2.7774
842.00,-10.0728,4.1563,2.7236,-7.6692,-9.6953,-2.2780,-10.6063,4.1315,2.7376
842.50,-10.0729,4.1598,2.6839,-7.6714,-9.6978,-2.3163,-10.6093,4.1329,2.6994
843.00,-10.0729,4.1628,2.6452,-7.6735,-9.6999,-2.3535,-10.6120,4.1342,2.6622
843.50,-10.0730,4.1654,2.6076,-7.6753,-9.7017,-2.3899,-10.6142,4.1354,2.6258
844.00,-10.0730,4.1675,2.5709,-7.6767,-9.7030,-2.4253,-10.6159,4.1364,2.5903
844.50,-10.0731,4.1691,2.5352,-7.6774,-9.7036,-2.4603,-10.6167,4.1369,2.5554
845.00,-10.0731,4.1703,2.5004,-7.6786,-9.7045,-2.4942,-10.6178,4.1377,2.5215
845.50,-10.0732,4.1711,2.4665,-7.6792,-9.7050,-2.5272,-10.6185,4.1382,2.4885
846.00,-10.0732,4.1714,2.4335,-7.6793,-9.7050,-2.5593,-10.6186,4.1383,2.4564
846.50,-10.0734,4.1713,2.4010,-7.6796,-9.7052,-2.5902,-10.6188,4.1384,2.4255
847.00,-10.0738,4.1713,2.3674,-7.6796,-9.7052,-2.6220,-10.6189,4.1385,2.3937
847.50,-10.0739,4.1713,2.3333,-7.6800,-9.7054,-2.6550,-10.6192,4.1388,2.3607
848.00,-10.0740,4.1716,2.3002,-7.6803,-9.7056,-2.6869,-10.6194,4.1390,2.3288
848.50,-10.0739,4.1716,2.2676,-7.6803,-9.7056,-2.7178,-10.6194,4.1391,2.2979
849.00,-10.0735,4.1715,2.2343,-7.6803,-9.7056,-2.7500,-10.6194,4.1391,2.2657
849.50,-10.0726,4.1715,2.2001,-7.6804,-9.7056,-2.7828,-10.6195,4.1391,2.2329
850.00,-10.0761,4.1793,2.1444,-7.6864,-9.7077,-2.8331,-10.6233,4.1443,2.1825
850.50,-10.0968,4.2372,1.9832,-7.7433,-9.7210,-2.9889,-10.6466,4.1986,1.9953
851.00,-10.1292,4.3511,1.8912,-7.8584,-9.7317,-3.0865,-10.6818,4.3128,1.8920
851.50,-10.1733,4.4739,1.9226,-7.9860,-9.7402,-3.0554,-10.7197,4.4373,1.9254
852.00,-10.2193,4.5956,1.9258,-8.1214,-9.7528,-3.0481,-10.7679,4.5645,1.9339
852.50,-10.2585,4.7195,1.8103,-8.2540,-9.7592,3.1250,-10.8093,4.6805,1.8226
853.00,-10.2886,4.8476,1.6696,-8.3852,-9.7471,2.9820,-10.8327,4.8101,1.6761
853.50,-10.3032,4.9770,1.6935,-8.5190,-9.7249,3.0006,-10.8564,4.9451,1.6912
854.00,-10.3205,5.1058,1.6878,-8.6467,-9.7089,3.0049,-10.8737,5.0627,1.7013
854.50,-10.3304,5.2271,1.4881,-8.7654,-9.6838,2.8187,-10.8811,5.1837,1.5128
855.00,-10.3267,5.3517,1.2843,-8.8733,-9.6326,2.6076,-10.8668,5.3110,1.2958
855.50,-10.2983,5.4729,1.1062,-8.9734,-9.5622,2.4324,-10.8479,5.4259,1.1195
856.00,-10.2514,5.5607,0.9914,-9.0479,-9.4885,2.3120,-10.8057,5.5166,0.9991
856.50,-10.2282,5.5932,0.9557,-9.0770,-9.4558,2.2776,-10.7814,5.5631,0.9647
857.00,-10.2268,5.5936,0.9211,-9.0785,-9.4540,2.2441,-10.7801,5.5650,0.9312
857.50,-10.2262,5.5936,0.8874,-9.0789,-9.4536,2.2119,-10.7798,5.5656,0.8990
858.00,-10.2260,5.5937,0.8546,-9.0790,-9.4535,2.1803,-10.7798,5.5657,0.8674
858.50,-10.2260,5.5939,0.8219,-9.0792,-9.4532,2.1487,-10.7796,5.5660,0.8358
859.00,-10.2261,5.5943,0.7881,-9.0795,-9.4529,2.1160,-10.7793,5.5663,0.8031
859.50,-10.2260,5.5944,0.7541,-9.0796,-9.4527,2.0831,-10.7791,5.5665,0.7702
860.00,-10.2258,5.5944,0.7213,-9.0798,-9.4523,2.0508,-10.7788,5.5668,0.7379
860.50,-10.2258,5.5943,0.6886,-9.0797,-9.4525,2.0189,-10.7790,5.5666,0.7061
861.00,-10.2259,5.5937,0.6551,-9.0796,-9.4528,1.9865,-10.7792,5.5664,0.6736
861.50,-10.2259,5.5927,0.6207,-9.0795,-9.4529,1.9535,-10.7793,5.5664,0.6406
862.00,-10.2260,5.5913,0.5853,-9.0789,-9.4545,1.9192,-10.7807,5.5653,0.6063
862.50,-10.2260,5.5894,0.5491,-9.0781,-9.4569,1.8841,-10.7828,5.5639,0.5712
863.00,-10.2261,5.5870,0.5119,-9.0774,-9.4590,1.8485,-10.7847,5.5628,0.5356
863.50,-10.2261,5.5841,0.4736,-9.0769,-9.4611,1.8116,-10.7866,5.5617,0.4987
864.00,-10.2262,5.5808,0.4343,-9.0763,-9.4638,1.7738,-10.7890,5.5604,0.4610
864.50,-10.2262,5.5770,0.3940,-9.0756,-9.4672,1.7348,-10.7921,5.5589,0.4219
865.00,-10.2262,5.5727,0.3525,-9.0750,-9.4717,1.6951,-10.7963,5.5571,0.3822
865.50,-10.2263,5.5680,0.3097,-9.0744,-9.4769,1.6536,-10.8012,5.5553,0.3407
866.00,-10.2263,5.5627,0.2657,-9.0740,-9.4833,1.6115,-10.8073,5.5533,0.2986
866.50,-10.2263,5.5570,0.2204,-9.0739,-9.4894,1.5677,-10.8131,5.5516,0.2548
867.00,-10.2264,5.5507,0.1736,-9.0740,-9.4945,1.5222,-10.8181,5.5504,0.2093
867.50,-10.2264,5.5440,0.1252,-9.0745,-9.5010,1.4745,-10.8246,5.5492,0.1616
868.00,-10.2264,5.5368,0.0751,-9.0755,-9.5089,1.4253,-10.8325,5.5481,0.1124
868.50,-10.2264,5.5291,0.0230,-9.0768,-9.5169,1.3744,-10.8405,5.5474,0.0615
869.00,-10.2264,5.5212,-0.0304,-9.0767,-9.5166,1.3223,-10.7805,5.4936,-0.0220
869.50,-10.2264,5.5136,-0.0821,-9.0749,-9.5103,1.2722,-10.7739,5.4933,-0.0721
870.00,-10.2264,5.5064,-0.1320,-9.0724,-9.5030,1.2235,-10.7662,5.4925,-0.1208
870.50,-10.2264,5.4998,-0.1802,-9.0704,-9.4978,1.1764,-10.7608,5.4917,-0.1679
871.00,-10.2263,5.4936,-0.2268,-9.0678,-9.4920,1.1309,-10.7545,5.4905,-0.2134
871.50,-10.2263,5.4879,-0.2719,-9.0645,-9.4854,1.0870,-10.7473,5.4888,-0.2573
872.00,-10.2263,5.4827,-0.3157,-9.0618,-9.4804,1.0445,-10.7418,5.4872,-0.2998
872.50,-10.2262,5.4780,-0.3583,-9.0600,-9.4775,1.0028,-10.7386,5.4861,-0.3415
873.00,-10.2262,5.4738,-0.3996,-9.0578,-9.4741,0.9628,-10.7669,5.4535,-0.3883
873.50,-10.2262,5.4701,-0.4399,-9.0558,-9.4714,0.9239,-10.7809,5.4353,-0.4309
874.00,-10.2261,5.4668,-0.4790,-9.0544,-9.4696,0.8853,-10.7789,5.4343,-0.4695
874.50,-10.2261,5.4640,-0.5171,-9.0526,-9.4674,0.8481,-10.7764,5.4330,-0.5066
875.00,-10.2260,5.4617,-0.5542,-9.0507,-9.4654,0.8126,-10.7740,5.4316,-0.5422
875.50,-10.2260,5.4599,-0.5903,-9.0489,-9.4635,0.7780,-10.7718,5.4302,-0.5767
876.00,-10.2259,5.4585,-0.6255,-9.0477,-9.4624,0.7433,-10.7704,5.4293,-0.6115
876.50,-10.2259,5.4576,-0.6558,-9.0471,-9.4618,0.7131,-10.7697,5.4288,-0.6416
877.00,-10.2258,5.4573,-0.6770,-9.0468,-9.4616,0.6957,-10.7694,5.4286,-0.6591
877.50,-10.2258,5.4570,-0.7099,-9.0466,-9.4614,0.6644,-10.7692,5.4284,-0.6904
878.00,-10.2256,5.4570,-0.7425,-9.0463,-9.4612,0.6327,-10.7690,5.4282,-0.7221
878.50,-10.2252,5.4571,-0.7761,-9.0460,-9.4610,0.6001,-10.7687,5.4279,-0.7546
879.00,-10.2251,5.4570,-0.8102,-9.0460,-9.4610,0.5666,-10.7687,5.4279,-0.7882
879.50,-10.2250,5.4568,-0.8433,-9.0459,-9.4609,0.5347,-10.7686,5.4279,-0.8200
880.00,-10.2251,5.4568,-0.8758,-9.0461,-9.4610,0.5032,-10.7687,5.4280,-0.8516
880.50,-10.2256,5.4569,-0.9092,-9.0461,-9.4610,0.4710,-10.7687,5.4280,-0.8838
881.00,-10.2265,5.4569,-0.9434,-9.0462,-9.4610,0.4383,-10.7688,5.4281,-0.9165
881.50,-10.2279,5.4570,-0.9786,-9.0474,-9.4616,0.4040,-10.7696,5.4292,-0.9507
882.00,-10.2297,5.4570,-1.0147,-9.0495,-9.4625,0.3691,-10.7709,5.4311,-0.9857
882.50,-10.2320,5.4571,-1.0517,-9.0521,-9.4634,0.3329,-10.7724,5.4334,-1.0218
883.00,-10.2347,5.4571,-1.0898,-9.0540,-9.4640,0.2961,-10.7734,5.4351,-1.0586
883.50,-10.2380,5.4572,-1.1288,-9.0566,-9.4648,0.2588,-10.7747,5.4375,-1.0960
884.00,-10.2417,5.4572,-1.1690,-9.0609,-9.4658,0.2203,-10.7766,5.4414,-1.1344
884.50,-10.2459,5.4572,-1.2103,-9.0643,-9.4665,0.1800,-10.7780,5.4447,-1.1748
885.00,-10.2505,5.4573,-1.2528,-9.0697,-9.4674,0.1383,-10.7800,5.4498,-1.2165
885.50,-10.2552,5.4573,-1.2942,-9.0749,-9.4680,0.0975,-10.7817,5.4547,-1.2573
886.00,-10.2594,5.4573,-1.3280,-9.0789,-9.4683,0.0657,-10.7829,5.4585,-1.2891
886.50,-10.2640,5.4574,-1.3646,-9.0831,-9.4685,0.0300,-10.7840,5.4626,-1.3247
887.00,-10.2704,5.4574,-1.4118,-9.0897,-9.4686,-0.0167,-10.7855,5.4690,-1.3715
887.50,-10.2773,5.4574,-1.4608,-9.0969,-9.4683,-0.0645,-10.7867,5.4761,-1.4193
888.00,-10.2855,5.4481,-1.5402,-9.0922,-9.4689,-0.1330,-10.7863,5.4714,-1.4878
888.50,-10.3027,5.3829,-1.7518,-9.0249,-9.4855,-0.3385,-10.7881,5.4021,-1.6932
889.00,-10.3309,5.2648,-1.8229,-8.9084,-9.5336,-0.4161,-10.8847,5.2370,-1.8232
889.50,-10.3580,5.1658,-1.7689,-8.8103,-9.5747,-0.3630,-10.9099,5.1338,-1.7643
890.00,-10.3694,5.1272,-1.7224,-8.7669,-9.5904,-0.3159,-10.9276,5.0883,-1.7196
890.50,-10.3697,5.0945,-1.5890,-8.7402,-9.5974,-0.1991,-10.9306,5.0609,-1.6004
891.00,-10.3595,5.0003,-1.3134,-8.6528,-9.6024,0.0732,-10.9154,4.9739,-1.3201
891.50,-10.3306,4.8776,-1.1879,-8.5206,-9.5821,0.2074,-10.8686,4.8374,-1.1822
892.00,-10.2840,4.7568,-1.2225,-8.3934,-9.5554,0.1809,-10.8395,4.7270,-1.2088
892.50,-10.2454,4.6325,-1.3149,-8.2573,-9.5378,0.0878,-10.7976,4.5964,-1.3042
893.00,-10.2156,4.5064,-1.3380,-8.1185,-9.5270,0.0662,-10.7619,4.4762,-1.3304
893.50,-10.1848,4.3800,-1.3099,-7.9835,-9.5177,0.0917,-10.7330,4.3505,-1.3108
894.00,-10.1453,4.2562,-1.1992,-7.8566,-9.4995,0.2041,-10.6960,4.2290,-1.2010
894.50,-10.0965,4.1377,-1.1040,-7.7288,-9.4658,0.3040,-10.6427,4.1090,-1.1035
895.00,-10.0384,4.0242,-1.0171,-7.6039,-9.4207,0.3913,-10.5841,3.9965,-1.0193
895.50,-9.9690,3.9158,-0.9727,-7.4847,-9.3671,0.4402,-10.5154,3.8904,-0.9704
896.00,-9.8968,3.8078,-0.9792,-7.3639,-9.3112,0.4342,-10.4439,3.7799,-0.9776
896.50,-9.8238,3.7002,-0.9885,-7.2469,-9.2563,0.4297,-10.3709,3.6772,-0.9838
897.00,-9.7562,3.5899,-1.0247,-7.1204,-9.2020,0.3930,-10.3011,3.5654,-1.0240
897.50,-9.6861,3.4796,-0.9956,-6.9986,-9.1499,0.4227,-10.2351,3.4561,-0.9966
898.00,-9.6115,3.3719,-0.9576,-6.8754,-9.0914,0.4625,-10.1587,3.3492,-0.9592
898.50,-9.5351,3.2664,-0.9437,-6.7558,-9.0302,0.4776,-10.0798,3.2413,-0.9440
899.00,-9.4586,3.1612,-0.9411,-6.6352,-8.9674,0.4820,-10.0037,3.1387,-0.9419
899.50,-9.3819,3.0562,-0.9479,-6.5193,-8.9064,0.4788,-9.9260,3.0373,-0.9469
900.00,-9.3100,2.9485,-0.9948,-6.3961,-8.8469,0.4307,-9.8550,2.9282,-0.9951
900.50,-9.2387,2.8396,-0.9881,-6.2775,-8.7920,0.4395,-9.7877,2.8166,-0.9894
901.00,-9.1642,2.7322,-0.9496,-6.1521,-8.7306,0.4785,-9.7132,2.7121,-0.9569
901.50,-9.0865,2.6276,-0.9293,-6.0347,-8.6674,0.5033,-9.6367,2.6078,-0.9286
902.00,-9.0121,2.5215,-0.9865,-5.9160,-8.6056,0.4496,-9.5547,2.4991,-0.9834
902.50,-8.9413,2.4126,-0.9874,-5.7988,-8.5501,0.4485,-9.4926,2.3977,-0.9897
903.00,-8.8683,2.3046,-0.9718,-5.6847,-8.4942,0.4644,-9.4279,2.2897,-0.9762
903.50,-8.7919,2.1988,-0.9332,-5.5672,-8.4324,0.5035,-9.3454,2.1812,-0.9370
904.00,-8.7133,2.0950,-0.9209,-5.4467,-8.3645,0.5175,-9.2622,2.0763,-0.9231
904.50,-8.6339,1.9919,-0.9121,-5.3382,-8.3020,0.5275,-9.1816,1.9768,-0.9113
905.00,-8.5556,1.8884,-0.9287,-5.2255,-8.2375,0.5127,-9.0986,1.8736,-0.9261
905.50,-8.4787,1.7839,-0.9388,-5.1146,-8.1756,0.5064,-9.0233,1.7670,-0.9359
906.00,-8.4018,1.6790,-0.9372,-4.9977,-8.1107,0.5096,-8.9410,1.6557,-0.9350
906.50,-8.3236,1.5748,-0.9171,-4.8810,-8.0444,0.5302,-8.8668,1.5535,-0.9174
907.00,-8.2455,1.4711,-0.9318,-4.7718,-7.9810,0.5169,-8.7869,1.4527,-0.9307
907.50,-8.1692,1.3662,-0.9442,-4.6606,-7.9188,0.5046,-8.7115,1.3500,-0.9429
908.00,-8.0952,1.2598,-0.9701,-4.5427,-7.8559,0.4778,-8.6380,1.2384,-0.9709
908.50,-8.0203,1.1531,-0.9533,-4.4247,-7.7937,0.4973,-8.5589,1.1290,-0.9508
909.00,-7.9464,1.0464,-0.9671,-4.3076,-7.7312,0.4847,-8.4825,1.0205,-0.9652
909.50,-7.8707,0.9401,-0.9420,-4.1882,-7.6668,0.5106,-8.4141,0.9144,-0.9428
910.00,-7.7918,0.8362,-0.9121,-4.0731,-7.6000,0.5420,-8.3239,0.8121,-0.9113
910.50,-7.7118,0.7335,-0.9056,-3.9648,-7.5342,0.5500,-8.2524,0.7102,-0.9029
911.00,-7.6305,0.6319,-0.8888,-3.8515,-7.4636,0.5665,-8.1711,0.6048,-0.8876
911.50,-7.5469,0.5322,-0.8580,-3.7434,-7.3927,0.5975,-8.0839,0.5058,-0.8566
912.00,-7.4609,0.4346,-0.8414,-3.6327,-7.3157,0.6157,-8.0001,0.4048,-0.8401
912.50,-7.3733,0.3388,-0.8194,-3.5270,-7.2394,0.6385,-7.9121,0.3086,-0.8173
913.00,-7.2859,0.2424,-0.8599,-3.4169,-7.1596,0.6019,-7.8217,0.2123,-0.8540
913.50,-7.2031,0.1425,-0.8901,-3.3065,-7.0866,0.5713,-7.7362,0.1111,-0.8864
914.00,-7.1202,0.0421,-0.8580,-3.1942,-7.0134,0.6009,-7.6519,0.0107,-0.8585
914.50,-7.0340,-0.0551,-0.8371,-3.0855,-6.9365,0.6246,-7.5665,-0.0890,-0.8336
915.00,-6.9478,-0.1524,-0.8581,-2.9796,-6.8612,0.6062,-7.4877,-0.1790,-0.8555
915.50,-6.8637,-0.2515,-0.8749,-2.8639,-6.7823,0.5892,-7.3973,-0.2855,-0.8724
916.00,-6.7792,-0.3504,-0.8492,-2.7561,-6.7086,0.6159,-7.3149,-0.3781,-0.8469
916.50,-6.6930,-0.4477,-0.8455,-2.6490,-6.6321,0.6203,-7.2328,-0.4743,-0.8433
917.00,-6.6071,-0.5452,-0.8588,-2.5429,-6.5564,0.6098,-7.1454,-0.5704,-0.8542
917.50,-6.5230,-0.6443,-0.8745,-2.4317,-6.4800,0.5957,-7.0577,-0.6762,-0.8695
918.00,-6.4412,-0.7451,-0.9066,-2.3213,-6.4072,0.5648,-6.9767,-0.7767,-0.9026
918.50,-6.3661,-0.8499,-0.9774,-2.2099,-6.3413,0.4974,-6.8993,-0.8777,-0.9701
919.00,-6.3000,-0.9610,-1.0958,-2.0909,-6.2838,0.3860,-6.8360,-0.9851,-1.0850
919.50,-6.2426,-1.0797,-1.3222,-1.9617,-6.2456,0.1666,-6.7879,-1.1132,-1.3061
920.00,-6.1946,-1.2060,-1.5902,-1.8264,-6.2410,-0.1002,-6.7614,-1.2404,-1.5765
920.50,-6.1810,-1.3349,-1.7961,-1.7035,-6.2668,-0.3086,-6.7404,-1.3585,-1.7859
921.00,-6.2007,-1.4581,-1.9797,-1.5839,-6.3171,-0.4948,-6.7578,-1.4841,-1.9727
921.50,-6.2500,-1.5748,-2.0806,-1.4694,-6.3859,-0.5907,-6.7921,-1.6046,-2.0698
922.00,-6.3140,-1.6857,-2.1444,-1.3635,-6.4634,-0.6599,-6.8595,-1.7171,-2.1414
922.50,-6.3824,-1.7956,-2.1212,-1.2582,-6.5432,-0.6344,-6.9250,-1.8292,-2.1158
923.00,-6.4509,-1.9062,-2.1255,-1.1556,-6.6190,-0.6376,-6.9833,-1.9335,-2.1243
923.50,-6.5196,-2.0167,-2.1298,-1.0493,-6.6976,-0.6398,-7.0600,-2.0460,-2.1264
924.00,-6.5893,-2.1267,-2.1471,-0.9397,-6.7792,-0.6527,-7.1305,-2.1620,-2.1429
924.50,-6.6637,-2.2344,-2.1839,-0.8384,-6.8596,-0.6885,-7.1952,-2.2595,-2.1787
925.00,-6.7389,-2.3405,-2.1749,-0.7305,-6.9492,-0.6828,-7.2785,-2.3708,-2.1747
925.50,-6.8080,-2.4494,-2.1258,-0.6260,-7.0293,-0.6285,-7.3467,-2.4759,-2.1221
926.00,-6.8766,-2.5599,-2.1252,-0.5185,-7.1072,-0.6274,-7.4195,-2.5895,-2.1236
926.50,-6.9427,-2.6715,-2.1077,-0.4061,-7.1856,-0.6038,-7.4814,-2.7073,-2.1018
927.00,-7.0123,-2.7822,-2.1331,-0.2995,-7.2615,-0.6303,-7.5517,-2.8121,-2.1300
927.50,-7.0824,-2.8920,-2.1477,-0.1898,-7.3415,-0.6408,-7.6198,-2.9273,-2.1423
928.00,-7.1566,-2.9997,-2.1806,-0.0819,-7.4247,-0.6730,-7.6890,-3.0307,-2.1781
928.50,-7.2335,-3.1053,-2.2109,0.0154,-7.5043,-0.7018,-7.7606,-3.1332,-2.2079
929.00,-7.3123,-3.2089,-2.2237,0.1195,-7.5939,-0.7172,-7.8448,-3.2429,-2.2239
929.50,-7.3885,-3.3136,-2.1823,0.2187,-7.6773,-0.6753,-7.9244,-3.3442,-2.1809
930.00,-7.4628,-3.4204,-2.1882,0.3203,-7.7575,-0.6761,-7.9857,-3.4508,-2.1829
930.50,-7.5404,-3.5253,-2.2140,0.4279,-7.8460,-0.7020,-8.0739,-3.5638,-2.2111
931.00,-7.6195,-3.6288,-2.2266,0.5264,-7.9306,-0.7145,-8.1519,-3.6575,-2.2271
931.50,-7.7006,-3.7307,-2.2546,0.6238,-8.0173,-0.7427,-8.2330,-3.7597,-2.2517
932.00,-7.7835,-3.8310,-2.2677,0.7211,-8.1078,-0.7550,-8.3173,-3.8624,-2.2641
932.50,-7.8655,-3.9315,-2.2385,0.8184,-8.1976,-0.7263,-8.4006,-3.9654,-2.2389
933.00,-7.9430,-4.0352,-2.1907,0.9210,-8.2850,-0.6792,-8.4818,-4.0728,-2.1906
933.50,-8.0127,-4.1439,-2.0941,1.0281,-8.3649,-0.5858,-8.5488,-4.1781,-2.0983
934.00,-8.0733,-4.2592,-2.0086,1.1405,-8.4318,-0.4970,-8.6055,-4.2906,-2.0096
934.50,-8.1247,-4.3790,-1.9386,1.2611,-8.4911,-0.4237,-8.6576,-4.4146,-1.9397
935.00,-8.1675,-4.5012,-1.9043,1.3856,-8.5442,-0.3874,-8.7036,-4.5318,-1.9035
935.50,-8.2050,-4.6249,-1.8499,1.5092,-8.5919,-0.3327,-8.7444,-4.6579,-1.8523
936.00,-8.2393,-4.7501,-1.8435,1.6357,-8.6339,-0.3215,-8.7801,-4.7863,-1.8410
936.50,-8.2789,-4.8748,-1.8803,1.7639,-8.6786,-0.3576,-8.8116,-4.9167,-1.8806
937.00,-8.3192,-4.9978,-1.8701,1.8880,-8.7251,-0.3480,-8.8585,-5.0328,-1.8746
937.50,-8.3529,-5.0965,-1.7028,1.9910,-8.7561,-0.1918,-8.8750,-5.1372,-1.7183
938.00,-8.3784,-5.2041,-1.3811,2.1007,-8.7600,0.1301,-8.8944,-5.2468,-1.3929
938.50,-8.3677,-5.3221,-1.1367,2.2197,-8.7277,0.3788,-8.8765,-5.3541,-1.1442
939.00,-8.3152,-5.4348,-0.9573,2.3322,-8.6707,0.5611,-8.8443,-5.4739,-0.9620
939.50,-8.2351,-5.5351,-0.8262,2.4356,-8.5939,0.6997,-8.7722,-5.5731,-0.8279
940.00,-8.1446,-5.6281,-0.7774,2.5310,-8.5091,0.7513,-8.6832,-5.6647,-0.7787
940.50,-8.0579,-5.7112,-0.7451,2.6211,-8.4221,0.7850,-8.5925,-5.7510,-0.7472
941.00,-8.0104,-5.7540,-0.7124,2.6698,-8.3718,0.8191,-8.5403,-5.7977,-0.7144
941.50,-8.0040,-5.7594,-0.6794,2.6773,-8.3637,0.8530,-8.5323,-5.8053,-0.6770
942.00,-8.0040,-5.7587,-0.6456,2.6771,-8.3640,0.8870,-8.5326,-5.8051,-0.6430
942.50,-8.0041,-5.7575,-0.6110,2.6763,-8.3650,0.9225,-8.5336,-5.8044,-0.6075
943.00,-8.0041,-5.7560,-0.5754,2.6756,-8.3660,0.9595,-8.5347,-5.8038,-0.5705
943.50,-8.0042,-5.7539,-0.5389,2.6747,-8.3673,0.9972,-8.5361,-5.8029,-0.5328
944.00,-8.0042,-5.7514,-0.5014,2.6739,-8.3687,1.0361,-8.5374,-5.8021,-0.4939
944.50,-8.0043,-5.7484,-0.4629,2.6722,-8.3717,1.0757,-8.5405,-5.8006,-0.4543
945.00,-8.0043,-5.7450,-0.4233,2.6705,-8.3749,1.1162,-8.5438,-5.7990,-0.4138
945.50,-8.0044,-5.7411,-0.3826,2.6689,-8.3784,1.1583,-8.5473,-5.7976,-0.3717
946.00,-8.0044,-5.7366,-0.3408,2.6674,-8.3820,1.2010,-8.5510,-5.7962,-0.3290
946.50,-7.9955,-5.7330,-0.2735,2.6687,-8.3781,1.2611,-8.5471,-5.7973,-0.2689
947.00,-7.9312,-5.7243,-0.0949,2.6821,-8.3167,1.4361,-8.4852,-5.8082,-0.0939
947.50,-7.8100,-5.7229,-0.0457,2.6932,-8.1946,1.4946,-8.3426,-5.7744,-0.0389
948.00,-7.6807,-5.7338,-0.1836,2.7094,-8.0655,1.3643,-8.2231,-5.7757,-0.1727
948.50,-7.5552,-5.7553,-0.3219,2.7469,-7.9388,1.2199,-8.0951,-5.8085,-0.3206
949.00,-7.4328,-5.7955,-0.3387,2.7955,-7.8153,1.1967,-7.9601,-5.8435,-0.3403
949.50,-7.3091,-5.8344,-0.3054,2.8418,-7.6878,1.2318,-7.8412,-5.8754,-0.3087
950.00,-7.1843,-5.8693,-0.2470,2.8836,-7.5602,1.2903,-7.7224,-5.9136,-0.2467
950.50,-7.0582,-5.9011,-0.2514,2.9198,-7.4322,1.2882,-7.5932,-5.9455,-0.2523
951.00,-6.9327,-5.9368,-0.2862,2.9575,-7.3074,1.2542,-7.4673,-5.9792,-0.2874
951.50,-6.8086,-5.9786,-0.3263,3.0011,-7.1805,1.2150,-7.3391,-6.0189,-0.3325
952.00,-6.6853,-6.0193,-0.2898,3.0483,-7.0521,1.2462,-7.2162,-6.0732,-0.3024
952.50,-6.5585,-6.0513,-0.1220,3.0813,-6.9251,1.4096,-7.0920,-6.0933,-0.1379
953.00,-6.4288,-6.0733,0.0871,3.0874,-6.7942,1.6227,-6.9609,-6.1063,0.0717
953.50,-6.3104,-6.0818,0.3285,3.0692,-6.6768,1.8608,-6.8539,-6.1153,0.3064
954.00,-6.2051,-6.0513,0.5742,3.0264,-6.5807,2.1126,-6.7484,-6.1014,0.5616
954.50,-6.1043,-5.9762,0.7599,2.9510,-6.4780,2.2999,-6.6372,-6.0338,0.7454
955.00,-6.0202,-5.8833,0.9516,2.8556,-6.3887,2.4916,-6.5495,-5.9368,0.9337
955.50,-5.9579,-5.7818,1.1809,2.7516,-6.3277,2.7193,-6.4900,-5.8420,1.1613
956.00,-5.9056,-5.6575,1.3779,2.6186,-6.2842,2.9195,-6.4481,-5.7184,1.3615
956.50,-5.8781,-5.5291,1.4281,2.4832,-6.2594,2.9792,-6.4051,-5.5827,1.4212
957.00,-5.8541,-5.4014,1.3260,2.3560,-6.2329,2.8784,-6.3769,-5.4652,1.3182
957.50,-5.8210,-5.2763,1.2649,2.2261,-6.1940,2.8190,-6.3363,-5.3349,1.2576
958.00,-5.7785,-5.1533,1.2146,2.0981,-6.1475,2.7652,-6.2879,-5.2063,1.2003
958.50,-5.7359,-5.0308,1.2764,1.9731,-6.1002,2.8213,-6.2411,-5.0912,1.2599
959.00,-5.7014,-4.9086,1.5151,1.8506,-6.0722,3.0515,-6.2145,-4.9684,1.4866
959.50,-5.6834,-4.7796,1.7324,1.7171,-6.0770,-3.0057,-6.2033,-4.8351,1.7183
960.00,-5.7025,-4.6519,1.7594,1.5880,-6.0988,-2.9695,-6.2133,-4.7062,1.7523
960.50,-5.7208,-4.5231,1.6204,1.4616,-6.1138,-3.1057,-6.2131,-4.5900,1.6126
961.00,-5.7280,-4.3932,1.5404,1.3317,-6.1122,3.0943,-6.2254,-4.4501,1.5306
961.50,-5.7239,-4.2633,1.5193,1.1985,-6.1033,3.0665,-6.2207,-4.3233,1.5038
962.00,-5.7239,-4.1334,1.5757,1.0628,-6.0969,3.1242,-6.2155,-4.1811,1.5628
962.50,-5.7219,-4.0034,1.5567,0.9304,-6.0938,3.1095,-6.2236,-4.0586,1.5481
963.00,-5.7212,-3.8734,1.5832,0.7978,-6.0898,3.1323,-6.2108,-3.9261,1.5709
963.50,-5.7245,-3.7434,1.5967,0.6640,-6.0891,-3.1384,-6.2117,-3.8022,1.5811
964.00,-5.7353,-3.6136,1.6443,0.5301,-6.0927,-3.0895,-6.2259,-3.6683,1.6323
964.50,-5.7413,-3.4838,1.5663,0.3994,-6.0966,3.1205,-6.2308,-3.5376,1.5591
965.00,-5.7398,-3.3538,1.5511,0.2646,-6.0908,3.1025,-6.2300,-3.4093,1.5388
965.50,-5.7443,-3.2240,1.6904,0.1328,-6.0927,-3.0439,-6.2296,-3.2810,1.6709
966.00,-5.7591,-3.0959,1.7718,0.0058,-6.1122,-2.9562,-6.2497,-3.1541,1.7550
966.50,-5.7823,-2.9682,1.7134,-0.1338,-6.1366,-3.0098,-6.2640,-3.0145,1.7015
967.00,-5.7972,-2.8391,1.6780,-0.2594,-6.1501,-3.0471,-6.2774,-2.8988,1.6642
967.50,-5.8158,-2.7102,1.7251,-0.3911,-6.1656,-2.9986,-6.2930,-2.7672,1.7105
968.00,-5.8428,-2.5821,1.7618,-0.5288,-6.1880,-2.9592,-6.3249,-2.6294,1.7486
968.50,-5.8654,-2.4542,1.7053,-0.6709,-6.2129,-3.0061,-6.3457,-2.5036,1.6982
969.00,-5.8786,-2.3247,1.6275,-0.7963,-6.2236,-3.0891,-6.3527,-2.3817,1.6130
969.50,-5.8903,-2.1953,1.7184,-0.9278,-6.2346,-3.0016,-6.3587,-2.2501,1.6992
970.00,-5.9110,-2.0680,1.8247,-1.0638,-6.2616,-2.8898,-6.3942,-2.1238,1.8111
970.50,-5.9421,-1.9423,1.8095,-1.1959,-6.2966,-2.8995,-6.4177,-1.9913,1.7978
971.00,-5.9728,-1.8160,1.8213,-1.3255,-6.3280,-2.8918,-6.4375,-1.8613,1.8020
971.50,-6.0120,-1.6914,1.8853,-1.4572,-6.3670,-2.8236,-6.4839,-1.7389,1.8737
972.00,-6.0488,-1.5671,1.8565,-1.5791,-6.4051,-2.8542,-6.5007,-1.6167,1.8361
972.50,-6.0892,-1.4432,1.8871,-1.7052,-6.4450,-2.8227,-6.5475,-1.4960,1.8722
973.00,-6.1312,-1.3198,1.9144,-1.8273,-6.4860,-2.7987,-6.5928,-1.3732,1.8974
973.50,-6.1799,-1.1985,1.9496,-1.9536,-6.5346,-2.7597,-6.6429,-1.2497,1.9364
974.00,-6.2338,-1.0786,1.9912,-2.0740,-6.5854,-2.7205,-6.6918,-1.1285,1.9734
974.50,-6.2924,-0.9611,2.0234,-2.1886,-6.6402,-2.6823,-6.7544,-1.0129,2.0150
975.00,-6.3496,-0.8442,2.0372,-2.3048,-6.6974,-2.6691,-6.8200,-0.8960,2.0248
975.50,-6.4138,-0.7295,2.1041,-2.4205,-6.7599,-2.6071,-6.8706,-0.7792,2.0833
976.00,-6.4867,-0.6221,2.2273,-2.5264,-6.8321,-2.4820,-6.9303,-0.6717,2.2118
976.50,-6.5692,-0.5223,2.2910,-2.6280,-6.9177,-2.4133,-7.0307,-0.5687,2.2783
977.00,-6.6535,-0.4233,2.2390,-2.7260,-7.0027,-2.4589,-7.1072,-0.4690,2.2327
977.50,-6.7300,-0.3181,2.1733,-2.8327,-7.0825,-2.5274,-7.1814,-0.3608,2.1595
978.00,-6.8061,-0.2124,2.2299,-2.9449,-7.1644,-2.4737,-7.2538,-0.2465,2.2167
978.50,-6.8895,-0.1124,2.2844,-3.0482,-7.2520,-2.4147,-7.3491,-0.1513,2.2722
979.00,-6.9740,-0.0136,2.2790,-3.1505,-7.3420,-2.4192,-7.4165,-0.0468,2.2677
979.50,-7.0586,0.0851,2.2714,-3.2504,-7.4304,-2.4248,-7.4959,0.0518,2.2586
980.00,-7.1420,0.1847,2.2650,-3.3504,-7.5169,-2.4310,-7.5760,0.1478,2.2524
980.50,-7.2254,0.2845,2.2670,-3.4529,-7.6056,-2.4294,-7.6681,0.2529,2.2540
981.00,-7.3090,0.3841,2.2746,-3.5545,-7.6939,-2.4206,-7.7471,0.3569,2.2605
981.50,-7.3933,0.4830,2.2690,-3.6530,-7.7809,-2.4217,-7.8343,0.4482,2.2604
982.00,-7.4774,0.5822,2.2979,-3.7503,-7.8670,-2.3954,-7.9140,0.5479,2.2844
982.50,-7.5667,0.6762,2.3565,-3.8411,-7.9564,-2.3330,-8.0003,0.6418,2.3469
983.00,-7.6599,0.7667,2.3713,-3.9292,-8.0518,-2.3125,-8.1129,0.7428,2.3604
983.50,-7.7489,0.8603,2.2690,-4.0210,-8.1447,-2.4089,-8.1987,0.8345,2.2640
984.00,-7.8107,0.9405,2.0496,-4.0991,-8.2033,-2.6206,-8.2579,0.9182,2.0488
984.50,-7.8599,1.0400,1.7798,-4.2073,-8.2478,-2.8867,-8.2949,1.0280,1.7782
985.00,-7.8970,1.1685,1.5612,-4.3433,-8.2666,-3.1100,-8.3424,1.1509,1.5589
985.50,-7.9074,1.2852,1.3919,-4.4667,-8.2627,3.0146,-8.4221,1.2606,1.4056
986.00,-7.9003,1.3785,1.2280,-4.5551,-8.2426,2.8442,-8.4192,1.3451,1.2309
986.50,-7.8774,1.4439,1.2259,-4.6202,-8.2217,2.8372,-8.4129,1.4191,1.2226
987.00,-7.8636,1.5244,1.3586,-4.6954,-8.2024,2.9541,-8.3864,1.4934,1.3407
987.50,-7.8595,1.6474,1.6290,-4.8185,-8.1953,-3.0596,-8.3934,1.6158,1.6171
988.00,-7.8666,1.7763,1.7445,-4.9454,-8.2156,-2.9339,-8.4028,1.7431,1.7487
988.50,-7.8859,1.9047,1.6758,-5.0795,-8.2417,-2.9932,-8.4218,1.8778,1.6841
989.00,-7.8968,2.0344,1.4724,-5.2100,-8.2480,3.0845,-8.4177,2.0059,1.4782
989.50,-7.8867,2.1632,1.4297,-5.3440,-8.2352,3.0350,-8.4121,2.1396,1.4275
990.00,-7.8741,2.2925,1.5058,-5.4774,-8.2265,3.1135,-8.4080,2.2686,1.5038
990.50,-7.8709,2.4224,1.5443,-5.6096,-8.2253,-3.1299,-8.4011,2.3985,1.5418
991.00,-7.8722,2.5524,1.5659,-5.7365,-8.2286,-3.1048,-8.3977,2.5213,1.5658
991.50,-7.8732,2.6824,1.5703,-5.8666,-8.2341,-3.0970,-8.4073,2.6514,1.5712
992.00,-7.8697,2.8123,1.5485,-5.9999,-8.2377,-3.1199,-8.4021,2.7847,1.5483
992.50,-7.8694,2.9423,1.5610,-6.1370,-8.2415,-3.1061,-8.3999,2.9202,1.5598
993.00,-7.8693,3.0723,1.5654,-6.2687,-8.2468,-3.0991,-8.3990,3.0420,1.5668
993.50,-7.8674,3.2023,1.5562,-6.4053,-8.2525,-3.1053,-8.3982,3.1789,1.5571
994.00,-7.8657,3.3323,1.5689,-6.5389,-8.2572,-3.0935,-8.3997,3.3086,1.5666
994.50,-7.8653,3.4623,1.5510,-6.6670,-8.2637,-3.1047,-8.3978,3.4323,1.5546
995.00,-7.8577,3.5921,1.5169,-6.8021,-8.2649,3.1404,-8.3870,3.5675,1.5119
995.50,-7.8559,3.7221,1.5700,-6.9337,-8.2694,-3.0840,-8.3834,3.6935,1.5680
996.00,-7.8524,3.8520,1.5456,-7.0677,-8.2744,-3.1105,-8.3804,3.8275,1.5409
996.50,-7.8475,3.9820,1.5043,-7.2038,-8.2778,3.1358,-8.3753,3.9576,1.5051
997.00,-7.8337,4.1112,1.4448,-7.3425,-8.2715,3.0724,-8.3580,4.0855,1.4406
997.50,-7.8208,4.2405,1.4668,-7.4743,-8.2650,3.0989,-8.3490,4.2085,1.4659
998.00,-7.8012,4.3691,1.3873,-7.6043,-8.2547,3.0196,-8.3293,4.3350,1.3872
998.50,-7.7726,4.4904,1.3138,-7.7311,-8.2348,2.9482,-8.3044,4.4565,1.3185
999.00,-7.7409,4.5780,1.2574,-7.8289,-8.2127,2.8920,-8.2747,4.5528,1.2606
999.50,-7.7115,4.6416,1.1944,-7.8980,-8.1928,2.8289,-8.2409,4.6107,1.1940
1000.00,-7.6887,4.6905,1.1674,-7.9489,-8.1756,2.8019,-8.2205,4.6604,1.1670
1000.50,-7.6707,4.7273,1.1472,-7.9869,-8.1618,2.7825,-8.2044,4.6974,1.1476
1001.00,-7.6594,4.7478,1.1199,-8.0122,-8.1521,2.7580,-8.1836,4.7223,1.1196
1001.50,-7.6562,4.7479,1.0811,-8.0150,-8.1509,2.7202,-8.1822,4.7250,1.0819
1002.00,-7.6536,4.7479,1.0432,-8.0177,-8.1497,2.6831,-8.1808,4.7276,1.0448
1002.50,-7.6514,4.7480,1.0064,-8.0198,-8.1486,2.6467,-8.1796,4.7297,1.0083
1003.00,-7.6497,4.7480,0.9705,-8.0219,-8.1474,2.6119,-8.1783,4.7317,0.9735
1003.50,-7.6484,4.7481,0.9356,-8.0233,-8.1466,2.5774,-8.1773,4.7331,0.9391
1004.00,-7.6476,4.7481,0.9016,-8.0240,-8.1462,2.5444,-8.1769,4.7337,0.9060
1004.50,-7.6472,4.7482,0.8684,-8.0242,-8.1460,2.5123,-8.1767,4.7339,0.8739
1005.00,-7.6472,4.7483,0.8359,-8.0242,-8.1460,2.4808,-8.1767,4.7339,0.8425
1005.50,-7.6473,4.7487,0.8026,-8.0248,-8.1455,2.4488,-8.1762,4.7345,0.8104
1006.00,-7.6473,4.7488,0.7684,-8.0251,-8.1453,2.4155,-8.1759,4.7347,0.7771
1006.50,-7.6470,4.7489,0.7350,-8.0253,-8.1451,2.3828,-8.1757,4.7349,0.7445
1007.00,-7.6470,4.7489,0.7025,-8.0255,-8.1449,2.3514,-8.1755,4.7351,0.7130
1007.50,-7.6470,4.7485,0.6694,-8.0251,-8.1453,2.3198,-8.1759,4.7348,0.6814
1008.00,-7.6471,4.7477,0.6353,-8.0245,-8.1460,2.2868,-8.1767,4.7342,0.6485
1008.50,-7.6472,4.7464,0.6004,-8.0235,-8.1472,2.2526,-8.1779,4.7333,0.6143
1009.00,-7.6472,4.7447,0.5645,-8.0227,-8.1483,2.2174,-8.1791,4.7325,0.5790
1009.50,-7.6473,4.7425,0.5277,-8.0215,-8.1499,2.1815,-8.1808,4.7314,0.5432
1010.00,-7.6473,4.7399,0.4899,-8.0197,-8.1525,2.1447,-8.1835,4.7298,0.5063
1010.50,-7.6473,4.7368,0.4511,-8.0182,-8.1549,2.1070,-8.1860,4.7285,0.4686
1011.00,-7.6474,4.7332,0.4112,-8.0167,-8.1576,2.0681,-8.1888,4.7272,0.4297
1011.50,-7.6474,4.7291,0.3702,-8.0144,-8.1620,2.0282,-8.1934,4.7252,0.3898
1012.00,-7.6475,4.7245,0.3280,-8.0127,-8.1657,1.9868,-8.1972,4.7237,0.3485
1012.50,-7.6475,4.7195,0.2845,-8.0108,-8.1701,1.9444,-8.2016,4.7222,0.3060
1013.00,-7.6475,4.7139,0.2397,-8.0087,-8.1760,1.9007,-8.2077,4.7204,0.2624
1013.50,-7.6476,4.7079,0.1936,-8.0071,-8.1808,1.8558,-8.2126,4.7192,0.2174
1014.00,-7.6476,4.7014,0.1458,-8.0054,-8.1871,1.8096,-8.2190,4.7179,0.1713
1014.50,-7.6476,4.6944,0.0965,-8.0041,-8.1930,1.7618,-8.2250,4.7170,0.1234
1015.00,-7.6476,4.6869,0.0453,-8.0028,-8.2008,1.7120,-8.2328,4.7163,0.0736
1015.50,-7.6476,4.6790,-0.0079,-8.0021,-8.2074,1.6604,-8.1950,4.6756,0.0016
1016.00,-7.6476,4.6712,-0.0605,-8.0026,-8.1994,1.6087,-8.1616,4.6521,-0.0610
1016.50,-7.6476,4.6639,-0.1111,-8.0027,-8.1929,1.5592,-8.1552,4.6515,-0.1106
1017.00,-7.6476,4.6570,-0.1600,-8.0025,-8.1873,1.5114,-8.1496,4.6508,-0.1584
1017.50,-7.6476,4.6506,-0.2072,-8.0020,-8.1808,1.4657,-8.1432,4.6496,-0.2041
1018.00,-7.6475,4.6448,-0.2530,-8.0011,-8.1745,1.4211,-8.1370,4.6482,-0.2486
1018.50,-7.6475,4.6394,-0.2974,-8.0001,-8.1686,1.3780,-8.1313,4.6466,-0.2918
1019.00,-7.6475,4.6344,-0.3405,-7.9993,-8.1645,1.3360,-8.1273,4.6453,-0.3337
1019.50,-7.6474,4.6300,-0.3823,-7.9981,-8.1603,1.2951,-8.1231,4.6438,-0.3746
1020.00,-7.6474,4.6261,-0.4230,-7.9972,-8.1572,1.2553,-8.1202,4.6425,-0.4145
1020.50,-7.6473,4.6230,-0.4580,-7.9964,-8.1550,1.2201,-8.1693,4.6008,-0.4558
1021.00,-7.6473,4.6208,-0.4900,-7.9957,-8.1530,1.1924,-8.1674,4.5999,-0.4835
1021.50,-7.6473,4.6182,-0.5278,-7.9946,-8.1504,1.1560,-8.1649,4.5985,-0.5199
1022.00,-7.6472,4.6160,-0.5646,-7.9936,-8.1483,1.1204,-8.1630,4.5974,-0.5555
1022.50,-7.6471,4.6143,-0.6005,-7.9928,-8.1466,1.0853,-8.1613,4.5963,-0.5905
1023.00,-7.6471,4.6130,-0.6354,-7.9920,-8.1453,1.0515,-8.1601,4.5955,-0.6244
1023.50,-7.6470,4.6122,-0.6695,-7.9917,-8.1446,1.0187,-8.1595,4.5950,-0.6572
1024.00,-7.6470,4.6118,-0.7026,-7.9914,-8.1442,0.9874,-8.1591,4.5947,-0.6885
1024.50,-7.6469,4.6118,-0.7352,-7.9914,-8.1441,0.9557,-8.1591,4.5946,-0.7202
1025.00,-7.6465,4.6119,-0.7685,-7.9913,-8.1440,0.9231,-8.1590,4.5946,-0.7528
1025.50,-7.6463,4.6119,-0.8027,-7.9912,-8.1439,0.8899,-8.1588,4.5944,-0.7859
1026.00,-7.6463,4.6116,-0.8360,-7.9910,-8.1436,0.8576,-8.1586,4.5942,-0.8183
1026.50,-7.6463,4.6116,-0.8685,-7.9910,-8.1437,0.8259,-8.1586,4.5942,-0.8500
1027.00,-7.6467,4.6117,-0.9017,-7.9911,-8.1437,0.7941,-8.1587,4.5943,-0.8818
1027.50,-7.6475,4.6117,-0.9357,-7.9915,-8.1442,0.7608,-8.1591,4.5948,-0.9151
1028.00,-7.6487,4.6118,-0.9707,-7.9927,-8.1452,0.7274,-8.1600,4.5961,-0.9485
1028.50,-7.6505,4.6118,-1.0065,-7.9942,-8.1465,0.6930,-8.1611,4.5977,-0.9829
1029.00,-7.6526,4.6119,-1.0434,-7.9961,-8.1481,0.6578,-8.1625,4.5998,-1.0181
1029.50,-7.6553,4.6119,-1.0812,-7.9978,-8.1493,0.6209,-8.1635,4.6016,-1.0550
1030.00,-7.6584,4.6120,-1.1200,-8.0008,-8.1513,0.5832,-8.1652,4.6048,-1.0927
1030.50,-7.6620,4.6120,-1.1599,-8.0041,-8.1535,0.5441,-8.1670,4.6083,-1.1318
1031.00,-7.6661,4.6121,-1.2010,-8.0076,-8.1555,0.5046,-8.1687,4.6120,-1.1713
1031.50,-7.6707,4.6121,-1.2432,-8.0118,-8.1577,0.4641,-8.1704,4.6164,-1.2118
1032.00,-7.6757,4.6121,-1.2866,-8.0167,-8.1600,0.4223,-8.1722,4.6215,-1.2536
1032.50,-7.6810,4.5995,-1.3667,-8.0071,-8.1563,0.3525,-8.1695,4.6116,-1.3234
1033.00,-7.6927,4.5281,-1.5309,-7.9368,-8.1376,0.1889,-8.1583,4.5397,-1.4870
1033.50,-7.6971,4.4072,-1.5685,-7.8156,-8.1182,0.1455,-8.2190,4.3791,-1.5740
1034.00,-7.6912,4.2856,-1.4938,-7.6942,-8.0956,0.2246,-8.2160,4.2589,-1.4949
1034.50,-7.6833,4.1559,-1.5113,-7.5682,-8.0667,0.2126,-8.2060,4.1360,-1.5110
1035.00,-7.6811,4.0260,-1.5363,-7.4365,-8.0405,0.1863,-8.2031,4.0019,-1.5396
1035.50,-7.6799,3.8961,-1.5522,-7.3077,-8.0170,0.1721,-8.2053,3.8710,-1.5549
1036.00,-7.6758,3.7661,-1.5431,-7.1766,-7.9937,0.1807,-8.2027,3.7370,-1.5464
1036.50,-7.6743,3.6362,-1.5539,-7.0501,-7.9711,0.1711,-8.2001,3.6168,-1.5560
1037.00,-7.6743,3.5062,-1.5631,-6.9159,-7.9487,0.1620,-8.1989,3.4808,-1.5650
1037.50,-7.6746,3.3762,-1.5694,-6.7807,-7.9269,0.1573,-8.1984,3.3471,-1.5713
1038.00,-7.6746,3.2462,-1.5686,-6.6467,-7.9059,0.1573,-8.2018,3.2181,-1.5721
1038.50,-7.6706,3.1162,-1.5506,-6.5057,-7.8819,0.1783,-8.2032,3.0839,-1.5523
1039.00,-7.6704,2.9862,-1.5654,-6.3789,-7.8596,0.1664,-8.1974,2.9651,-1.5665
1039.50,-7.6731,2.8562,-1.5803,-6.2469,-7.8385,0.1526,-8.1977,2.8314,-1.5814
1040.00,-7.6747,2.7262,-1.5751,-6.1187,-7.8188,0.1591,-8.2061,2.7076,-1.5744
1040.50,-7.6718,2.5962,-1.5568,-5.9864,-7.7958,0.1804,-8.2060,2.5733,-1.5577
1041.00,-7.6714,2.4662,-1.5657,-5.8498,-7.7711,0.1747,-8.2023,2.4372,-1.5655
1041.50,-7.6740,2.3362,-1.5847,-5.7134,-7.7479,0.1580,-8.2014,2.3114,-1.5837
1042.00,-7.6780,2.2067,-1.5867,-5.5822,-7.7278,0.1567,-8.2075,2.1815,-1.5847
1042.50,-7.6775,2.0767,-1.5716,-5.4543,-7.7060,0.1725,-8.2122,2.0563,-1.5734
1043.00,-7.6797,1.9467,-1.5787,-5.3225,-7.6840,0.1622,-8.2116,1.9226,-1.5832
1043.50,-7.6808,1.8167,-1.5896,-5.1887,-7.6617,0.1533,-8.2141,1.7890,-1.5886
1044.00,-7.6902,1.6869,-1.6465,-5.0563,-7.6455,0.0911,-8.2210,1.6627,-1.6490
1044.50,-7.7038,1.5575,-1.6957,-4.9261,-7.6350,0.0503,-8.2348,1.5342,-1.6891
1045.00,-7.7258,1.4291,-1.7441,-4.7926,-7.6329,-0.0017,-8.2554,1.4060,-1.7439
1045.50,-7.7445,1.3007,-1.7157,-4.6704,-7.6307,0.0286,-8.2756,1.2858,-1.7151
1046.00,-7.7580,1.1715,-1.5977,-4.5404,-7.6219,0.1392,-8.2946,1.1461,-1.6071
1046.50,-7.7634,1.0492,-1.3112,-4.4197,-7.5889,0.4224,-8.2783,1.0212,-1.3230
1047.00,-7.7408,0.9313,-1.0786,-4.3085,-7.5218,0.6590,-8.2474,0.9032,-1.0857
1047.50,-7.6801,0.8277,-0.8724,-4.2191,-7.4371,0.8653,-8.2110,0.8048,-0.8806
1048.00,-7.6040,0.7532,-0.6577,-4.1578,-7.3481,1.0798,-8.1379,0.7286,-0.6658
1048.50,-7.5034,0.6865,-0.4266,-4.1107,-7.2324,1.3088,-8.0325,0.6597,-0.4368
