0.0,0.0,0.0,0.0,0.0,-0.16000000000000003
0.0,0.0,0.0,0.0,0.0,-0.16000000000000003
0.0,0.0,0.0,0.0,0.0,-0.16000000000000003
0.0,0.0,0.0,0.0,0.0,-0.16000000000000003
0.0,0.0,0.0,0.0,0.0,-0.16000000000000003
0.0,0.0,0.0,0.0,0.0,-0.16000000000000003
0.0,0.0,0.0,0.0,0.0,-0.16000000000000003
0.0,0.0,0.0,0.0,0.0,-0.16000000000000003
0.0,0.0,0.0,0.0,0.0,-0.16000000000000003
0.0,0.0,0.0,0.0,0.0,-0.16000000000000003
0.0,0.0,0.0,0.0,0.0,-0.16000000000000003
0.0,0.0,0.0,0.0,0.0,-0.16000000000000003
0.0,0.0,0.0,0.0,0.0,-0.16000000000000003
0.0,0.0,0.0,0.0,0.0,-0.16000000000000003
0.0,0.0,0.0,0.0,0.0,-0.16000000000000003
0.0,0.0,0.0,0.0,0.0,-0.16000000000000003
0.0,0.0,0.0,0.0,0.0,-0.16000000000000003
0.0,0.0,0.0,0.0,0.0,-0.16000000000000003
0.0,0.0,0.0,0.0,0.0,-0.16000000000000003
0.0,0.0,0.0,0.0,0.0,-0.16000000000000003
0.0,0.0,0.0,0.0,0.0,-0.16000000000000003
0.0,0.0,0.0,0.0,0.0,-0.16000000000000003
0.0,0.0,0.0,0.0,0.0,-0.16000000000000003
0.0,0.0,0.0,0.0,0.0,-0.16000000000000003
0.0,0.0,0.0,0.0,0.0,-0.16000000000000003
0.0,0.0,0.0,0.0,0.0,-0.16000000000000003
0.0,0.0,0.0,0.0,0.0,-0.16000000000000003
0.0,0.0,0.0,0.0,0.0,-0.16000000000000003
0.0,0.0,0.0,0.0,0.0,-0.16000000000000003
0.0,0.0,0.0,0.0,0.0,-0.16000000000000003
0.0,0.0,0.0,0.0,0.0,-0.16000000000000003
0.0,0.0,0.0,0.0,0.0,-0.16000000000000003
0.0,0.0,0.0,0.0,0.0,-0.16000000000000003
0.0,0.0,0.0,0.0,0.0,-0.16000000000000003
0.0,0.0,0.0,0.0,0.0,-0.16000000000000003
0.0,0.0,0.0,0.0,0.0,-0.16000000000000003
0.0,0.0,0.0,0.0,0.0,-0.16000000000000003
0.0,0.0,0.0,0.0,0.0,-0.16000000000000003
0.0,0.0,0.0,0.0,0.0,-0.16000000000000003
0.0,0.0,0.0,0.0,0.0,-0.16000000000000003
0.0,0.0,0.0,0.0,0.0,-0.16000000000000003
0.0,0.0,0.0,0.0,0.0,-0.16000000000000003
0.0,0.0,0.0,0.0,0.0,-0.16000000000000003
0.0,0.0,0.0,0.0,0.0,-0.16000000000000003
0.0,0.0,0.0,0.0,0.0,-0.16000000000000003
0.0,0.0,0.0,0.0,0.0,-0.16000000000000003
0.0,0.0,0.0,0.0,0.0,-0.16000000000000003
0.0,0.0,0.0,0.0,0.0,-0.16000000000000003
0.0,0.0,0.0,0.0,0.0,-0.16000000000000003
0.0,0.0,0.0,0.0,0.0,-0.16000000000000003
0.0,0.0,0.0,0.0,0.0,-0.16000000000000003
0.0,0.0,0.0,0.0,0.0,-0.16000000000000003
0.0,0.0,0.0,0.0,0.0,-0.16000000000000003
0.0,0.0,0.0,0.0,0.0,-0.16000000000000003
0.0,0.0,0.0,0.0,0.0,-0.16000000000000003
0.0,0.0,0.0,0.0,0.0,-0.16000000000000003
0.0,0.0,0.0,0.0,0.0,-0.16000000000000003
0.0,0.0,0.0,0.0,0.0,-0.16000000000000003
0.0,0.0,0.0,0.0,0.0,-0.16000000000000003
0.0,0.0,0.0,0.0,0.0,-0.16000000000000003
0.0,0.0,0.0,0.0,0.0,-0.16000000000000003
0.0,0.0,0.0,0.0,0.0,-0.16000000000000003
0.0,0.0,0.0,0.0,0.0,-0.16000000000000003
0.0,0.0,0.0,0.0,0.0,-0.16000000000000003
0.0,0.0,0.0,0.0,0.0,-0.16000000000000003
0.0,0.0,0.0,0.0,0.0,-0.16000000000000003
0.0,0.0,0.0,0.0,0.0,-0.16000000000000003
0.0,0.0,0.0,0.0,0.0,-0.16000000000000003
0.0,0.0,0.0,0.0,0.0,-0.16000000000000003
0.0,0.0,0.0,0.0,0.0,-0.16000000000000003
0.0,0.0,0.0,0.0,0.0,-0.16000000000000003
0.0,0.0,0.0,0.0,0.0,-0.16000000000000003
0.0,0.0,0.0,0.0,0.0,-0.16000000000000003
0.0,0.0,0.0,0.0,0.0,-0.16000000000000003
0.0,0.0,0.0,0.0,0.0,-0.16000000000000003
0.0,0.0,0.0,0.0,0.0,-0.16000000000000003
0.0,0.0,0.0,0.0,0.0,-0.16000000000000003
0.0,0.0,0.0,0.0,0.0,-0.16000000000000003
0.0,0.0,0.0,0.0,0.0,-0.16000000000000003
0.0,0.0,0.0,0.0,0.0,-0.16000000000000003
0.0,0.0,0.0,0.0,0.0,-0.16000000000000003
0.0,0.0,0.0,0.0,0.0,-0.16000000000000003
0.0,0.0,0.0,0.0,0.0,-0.16000000000000003
0.0,0.0,0.0,0.0,0.0,-0.16000000000000003
0.0,0.0,0.0,0.0,0.0,-0.16000000000000003
0.0,0.0,0.0,0.0,0.0,-0.16000000000000003
0.0,0.0,0.0,0.0,0.0,-0.16000000000000003
0.0,0.0,0.0,0.0,0.0,-0.16000000000000003
0.0,0.0,0.0,0.0,0.0,-0.16000000000000003
0.0,0.0,0.0,0.0,0.0,-0.16000000000000003
0.0,0.0,0.0,0.0,0.0,-0.16000000000000003
0.0,0.0,0.0,0.0,0.0,-0.16000000000000003
0.0,0.0,0.0,0.0,0.0,-0.16000000000000003
0.0,0.0,0.0,0.0,0.0,-0.16000000000000003
0.0,0.0,0.0,0.0,0.0,-0.16000000000000003
0.0,0.0,0.0,0.0,0.0,-0.16000000000000003
0.0,0.0,0.0,0.0,0.0,-0.16000000000000003
0.0,0.0,0.0,0.0,0.0,-0.16000000000000003
0.0,0.0,0.0,0.0,0.0,-0.16000000000000003
0.0,0.0,0.0,0.0,0.0,-0.16000000000000003
0.0,0.0,0.0,0.0,0.0,-0.16000000000000003
0.0,0.0,0.0,0.0,0.0,-0.16000000000000003
0.0,0.0,0.0,0.0,0.0,-0.16000000000000003
0.0,0.0,0.0,0.0,0.0,-0.16000000000000003
0.0,0.0,0.0,0.0,0.0,-0.16000000000000003
0.0,0.0,0.0,0.0,0.0,-0.16000000000000003
0.0,0.0,0.0,0.0,0.0,-0.16000000000000003
0.0,0.0,0.0,0.0,0.0,-0.16000000000000003
0.0,0.0,0.0,0.0,0.0,-0.16000000000000003
0.0,0.0,0.0,0.0,0.0,-0.16000000000000003
0.0,0.0,0.0,0.0,0.0,-0.16000000000000003
0.0,0.0,0.0,0.0,0.0,-0.16000000000000003
0.0,0.0,0.0,0.0,0.0,-0.16000000000000003
0.0,0.0,0.0,0.0,0.0,-0.16000000000000003
0.0,0.0,0.0,0.0,0.0,-0.16000000000000003
0.0,0.0,0.0,0.0,0.0,-0.16000000000000003
0.0,0.0,0.0,0.0,0.0,-0.16000000000000003
0.0,0.0,0.0,0.0,0.0,-0.16000000000000003
0.0,0.0,0.0,0.0,0.0,-0.16000000000000003
0.0,0.0,0.0,0.0,0.0,-0.16000000000000003
0.0,0.0,0.0,0.0,0.0,-0.16000000000000003
0.0,0.0,0.0,0.0,0.0,-0.16000000000000003
0.0,0.0,0.0,0.0,0.0,-0.16000000000000003
0.0,0.0,0.0,0.0,0.0,-0.16000000000000003
0.0,0.0,0.0,0.0,0.0,-0.16000000000000003
0.0,0.0,0.0,0.0,0.0,-0.16000000000000003
0.0,0.0,0.0,0.0,0.0,-0.16000000000000003
0.0,0.0,0.0,0.0,0.0,-0.16000000000000003
0.0,0.0,0.0,0.0,0.0,-0.16000000000000003
0.0,0.0,0.0,0.0,0.0,-0.16000000000000003
0.0,0.0,0.0,0.0,0.0,-0.16000000000000003
0.0,0.0,0.0,0.0,0.0,-0.16000000000000003
0.0,0.0,0.0,0.0,0.0,-0.16000000000000003
0.0,0.0,0.0,0.0,0.0,-0.16000000000000003
0.0,0.0,0.0,0.0,0.0,-0.16000000000000003
0.0,0.0,0.0,0.0,0.0,-0.16000000000000003
0.0,0.0,0.0,0.0,0.0,-0.16000000000000003
0.0,0.0,0.0,0.0,0.0,-0.16000000000000003
0.0,0.0,0.0,0.0,0.0,-0.16000000000000003
0.0,0.0,0.0,0.0,0.0,-0.16000000000000003
0.0,0.0,0.0,0.0,0.0,-0.16000000000000003
0.0,0.0,0.0,0.0,0.0,-0.16000000000000003
0.0,0.0,0.0,0.0,0.0,-0.16000000000000003
0.0,0.0,0.0,0.0,0.0,-0.16000000000000003
0.0,0.0,0.0,0.0,0.0,-0.16000000000000003
0.0,0.0,0.0,0.0,0.0,-0.16000000000000003
0.0,0.0,0.0,0.0,0.0,-0.16000000000000003
0.0,0.0,0.0,0.0,0.0,-0.16000000000000003
0.0,0.0,0.0,0.0,0.0,-0.16000000000000003
0.0,0.0,0.0,0.0,0.0,-0.16000000000000003
0.0,0.0,0.0,0.0,0.0,-0.16000000000000003
0.0,0.0,0.0,0.0,0.0,-0.16000000000000003
0.0,0.0,0.0,0.0,0.0,-0.16000000000000003
0.0,0.0,0.0,0.0,0.0,-0.16000000000000003
0.0,0.0,0.0,0.0,0.0,-0.16000000000000003
0.0,0.0,0.0,0.0,0.0,-0.16000000000000003
0.0,0.0,0.0,0.0,0.0,-0.16000000000000003
0.0,0.0,0.0,0.0,0.0,-0.16000000000000003
0.0,0.0,0.0,0.0,0.0,-0.16000000000000003
0.0,0.0,0.0,0.0,0.0,-0.16000000000000003
0.0,0.0,0.0,0.0,0.0,-0.16000000000000003
0.0,0.0,0.0,0.0,0.0,-0.16000000000000003
0.0,0.0,0.0,0.0,0.0,-0.16000000000000003
0.0,0.0,0.0,0.0,0.0,-0.16000000000000003
0.0,0.0,0.0,0.0,0.0,-0.16000000000000003
0.0,0.0,0.0,0.0,0.0,-0.16000000000000003
0.0,0.0,0.0,0.0,0.0,-0.16000000000000003
0.0,0.0,0.0,0.0,0.0,-0.16000000000000003
0.0,0.0,0.0,0.0,0.0,-0.16000000000000003
0.0,0.0,0.0,0.0,0.0,-0.16000000000000003
0.0,0.0,0.0,0.0,0.0,-0.16000000000000003
0.0,0.0,0.0,0.0,0.0,-0.16000000000000003
0.0,0.0,0.0,0.0,0.0,-0.16000000000000003
0.0,0.0,0.0,0.0,0.0,-0.16000000000000003
0.0,0.0,0.0,0.0,0.0,-0.16000000000000003
0.0,0.0,0.0,0.0,0.0,-0.16000000000000003
0.0,0.0,0.0,0.0,0.0,-0.16000000000000003
0.0,0.0,0.0,0.0,0.0,-0.16000000000000003
0.0,0.0,0.0,0.0,0.0,-0.16000000000000003
0.0,0.0,0.0,0.0,0.0,-0.16000000000000003
0.0,0.0,0.0,0.0,0.0,-0.16000000000000003
0.0,0.0,0.0,0.0,0.0,-0.16000000000000003
0.0,0.0,0.0,0.0,0.0,-0.16000000000000003
0.0,0.0,0.0,0.0,0.0,-0.16000000000000003
0.0,0.0,0.0,0.0,0.0,-0.16000000000000003
0.0,0.0,0.0,0.0,0.0,-0.16000000000000003
0.0,0.0,0.0,0.0,0.0,-0.16000000000000003
0.0,0.0,0.0,0.0,0.0,-0.16000000000000003
0.0,0.0,0.0,0.0,0.0,-0.16000000000000003
0.0,0.0,0.0,0.0,0.0,-0.16000000000000003
0.0,0.0,0.0,0.0,0.0,-0.16000000000000003
0.0,0.0,0.0,0.0,0.0,-0.16000000000000003
0.0,0.0,0.0,0.0,0.0,-0.16000000000000003
0.0,0.0,0.0,0.0,0.0,-0.16000000000000003
0.0,0.0,0.0,0.0,0.0,-0.16000000000000003
0.0,0.0,0.0,0.0,0.0,-0.16000000000000003
0.0,0.0,0.0,0.0,0.0,-0.16000000000000003
0.0,0.0,0.0,0.0,0.0,-0.16000000000000003
0.0,0.0,0.0,0.0,0.0,-0.16000000000000003
0.0,0.0,0.0,0.0,0.0,-0.16000000000000003
0.0,0.0,0.0,0.0,0.0,-0.16000000000000003
0.0,0.0,0.0,0.0,0.0,-0.16000000000000003
0.0,0.0,0.0,0.0,0.0,-0.16000000000000003
0.0,0.0,0.0,0.0,0.0,-0.16000000000000003
0.0,0.0,0.0,0.0,0.0,-0.16000000000000003
0.0,0.0,0.0,0.0,0.0,-0.16000000000000003
0.0,0.0,0.0,0.0,0.0,-0.16000000000000003
0.0,0.0,0.0,0.0,0.0,-0.16000000000000003
0.0,0.0,0.0,0.0,0.0,-0.16000000000000003
0.0,0.0,0.0,0.0,0.0,-0.16000000000000003
0.0,0.0,0.0,0.0,0.0,-0.16000000000000003
0.0,0.0,0.0,0.0,0.0,-0.16000000000000003
0.0,0.0,0.0,0.0,0.0,-0.16000000000000003
0.0,0.0,0.0,0.0,0.0,-0.16000000000000003
0.0,0.0,0.0,0.0,0.0,-0.16000000000000003
0.0,0.0,0.0,0.0,0.0,-0.16000000000000003
0.0,0.0,0.0,0.0,0.0,-0.16000000000000003
0.0,0.0,0.0,0.0,0.0,-0.16000000000000003
0.0,0.0,0.0,0.0,0.0,-0.16000000000000003
0.0,0.0,0.0,0.0,0.0,-0.16000000000000003
0.0,0.0,0.0,0.0,0.0,-0.16000000000000003
0.0,0.0,0.0,0.0,0.0,-0.16000000000000003
0.0,0.0,0.0,0.0,0.0,-0.16000000000000003
0.0,0.0,0.0,0.0,0.0,-0.16000000000000003
0.0,0.0,0.0,0.0,0.0,-0.16000000000000003
0.0,0.0,0.0,0.0,0.0,-0.16000000000000003
0.0,0.0,0.0,0.0,0.0,-0.16000000000000003
0.0,0.0,0.0,0.0,0.0,-0.16000000000000003
0.0,0.0,0.0,0.0,0.0,-0.16000000000000003
0.0,0.0,0.0,0.0,0.0,-0.16000000000000003
0.0,0.0,0.0,0.0,0.0,-0.16000000000000003
0.0,0.0,0.0,0.0,0.0,-0.16000000000000003
0.0,0.0,0.0,0.0,0.0,-0.16000000000000003
0.0,0.0,0.0,0.0,0.0,-0.16000000000000003
0.0,0.0,0.0,0.0,0.0,-0.16000000000000003
0.0,0.0,0.0,0.0,0.0,-0.16000000000000003
0.0,0.0,0.0,0.0,0.0,-0.16000000000000003
0.0,0.0,0.0,0.0,0.0,-0.16000000000000003
0.0,0.0,0.0,0.0,0.0,-0.16000000000000003
0.0,0.0,0.0,0.0,0.0,-0.16000000000000003
0.0,0.0,0.0,0.0,0.0,-0.16000000000000003
0.0,0.0,0.0,0.0,0.0,-0.16000000000000003
0.0,0.0,0.0,0.0,0.0,-0.16000000000000003
0.0,0.0,0.0,0.0,0.0,-0.16000000000000003
0.0,0.0,0.0,0.0,0.0,-0.16000000000000003
0.0,0.0,0.0,0.0,0.0,-0.16000000000000003
0.0,0.0,0.0,0.0,0.0,-0.16000000000000003
0.0,0.0,0.0,0.0,0.0,-0.16000000000000003
0.0,0.0,0.0,0.0,0.0,-0.16000000000000003
0.0,0.0,0.0,0.0,0.0,-0.16000000000000003
0.0,0.0,0.0,0.0,0.0,-0.16000000000000003
0.0,0.0,0.0,0.0,0.0,-0.16000000000000003
0.0,0.0,0.0,0.0,0.0,-0.16000000000000003
0.0,0.0,0.0,0.0,0.0,-0.16000000000000003
0.0,0.0,0.0,0.0,0.0,-0.16000000000000003
0.0,0.0,0.0,0.0,0.0,-0.16000000000000003
0.0,0.0,0.0,0.0,0.0,-0.16000000000000003
0.0,0.0,0.0,0.0,0.0,-0.16000000000000003
0.0,0.0,0.0,0.0,0.0,-0.16000000000000003
0.0,0.0,0.0,0.0,0.0,-0.16000000000000003
0.0,0.0,0.0,0.0,0.0,-0.16000000000000003
0.0,0.0,0.0,0.0,0.0,-0.16000000000000003
0.0,0.0,0.0,0.0,0.0,-0.16000000000000003
0.0,0.0,0.0,0.0,0.0,-0.16000000000000003
0.0,0.0,0.0,0.0,0.0,-0.16000000000000003
0.0,0.0,0.0,0.0,0.0,-0.16000000000000003
0.0,0.0,0.0,0.0,0.0,-0.16000000000000003
0.0,0.0,0.0,0.0,0.0,-0.16000000000000003
0.0,0.0,0.0,0.0,0.0,-0.16000000000000003
0.0,0.0,0.0,0.0,0.0,-0.16000000000000003
0.0,0.0,0.0,0.0,0.0,-0.16000000000000003
0.0,0.0,0.0,0.0,0.0,-0.16000000000000003
0.0,0.0,0.0,0.0,0.0,-0.16000000000000003
0.0,0.0,0.0,0.0,0.0,-0.16000000000000003
0.0,0.0,0.0,0.0,0.0,-0.16000000000000003
0.0,0.0,0.0,0.0,0.0,-0.16000000000000003
0.0,0.0,0.0,0.0,0.0,-0.16000000000000003
0.0,0.0,0.0,0.0,0.0,-0.16000000000000003
0.0,0.0,0.0,0.0,0.0,-0.16000000000000003
0.0,0.0,0.0,0.0,0.0,-0.16000000000000003
0.0,0.0,0.0,0.0,0.0,-0.16000000000000003
0.0,0.0,0.0,0.0,0.0,-0.16000000000000003
0.0,0.0,0.0,0.0,0.0,-0.16000000000000003
0.0,0.0,0.0,0.0,0.0,-0.16000000000000003
0.0,0.0,0.0,0.0,0.0,-0.16000000000000003
0.0,0.0,0.0,0.0,0.0,-0.16000000000000003
0.0,0.0,0.0,0.0,0.0,-0.16000000000000003
0.0,0.0,0.0,0.0,0.0,-0.16000000000000003
0.0,0.0,0.0,0.0,0.0,-0.16000000000000003
0.0,0.0,0.0,0.0,0.0,-0.16000000000000003
0.0,0.0,0.0,0.0,0.0,-0.16000000000000003
0.0,0.0,0.0,0.0,0.0,-0.16000000000000003
0.0,0.0,0.0,0.0,0.0,-0.16000000000000003
0.0,0.0,0.0,0.0,0.0,-0.16000000000000003
0.0,0.0,0.0,0.0,0.0,-0.16000000000000003
0.0,0.0,0.0,0.0,0.0,-0.16000000000000003
0.0,0.0,0.0,0.0,0.0,-0.16000000000000003
0.0,0.0,0.0,0.0,0.0,-0.16000000000000003
0.0,0.0,0.0,0.0,0.0,-0.16000000000000003
0.0,0.0,0.0,0.0,0.0,-0.16000000000000003
0.0,0.0,0.0,0.0,0.0,-0.16000000000000003
0.0,0.0,0.0,0.0,0.0,-0.16000000000000003
0.0,0.0,0.0,0.0,0.0,-0.16000000000000003
0.0,0.0,0.0,0.0,0.0,-0.16000000000000003
0.0,0.0,0.0,0.0,0.0,-0.16000000000000003
0.0,0.0,0.0,0.0,0.0,-0.16000000000000003
0.0,0.0,0.0,0.0,0.0,-0.16000000000000003
0.0,0.0,0.0,0.0,0.0,-0.16000000000000003
0.0,0.0,0.0,0.0,0.0,-0.16000000000000003
0.0,0.0,0.0,0.0,0.0,-0.16000000000000003
0.0,0.0,0.0,0.0,0.0,-0.16000000000000003
0.0,0.0,0.0,0.0,0.0,-0.16000000000000003
0.0,0.0,0.0,0.0,0.0,-0.16000000000000003
0.0,0.0,0.0,0.0,0.0,-0.16000000000000003
0.0,0.0,0.0,0.0,0.0,-0.16000000000000003
0.0,0.0,0.0,0.0,0.0,-0.16000000000000003
0.0,0.0,0.0,0.0,0.0,-0.16000000000000003
0.0,0.0,0.0,0.0,0.0,-0.16000000000000003
0.0,0.0,0.0,0.0,0.0,-0.16000000000000003
0.0,0.0,0.0,0.0,0.0,-0.16000000000000003
0.0,0.0,0.0,0.0,0.0,-0.16000000000000003
0.0,0.0,0.0,0.0,0.0,-0.16000000000000003
0.0,0.0,0.0,0.0,0.0,-0.16000000000000003
0.0,0.0,0.0,0.0,0.0,-0.16000000000000003
0.0,0.0,0.0,0.0,0.0,-0.16000000000000003
0.0,0.0,0.0,0.0,0.0,-0.16000000000000003
0.0,0.0,0.0,0.0,0.0,-0.16000000000000003
0.0,0.0,0.0,0.0,0.0,-0.16000000000000003
0.0,0.0,0.0,0.0,0.0,-0.16000000000000003
0.0,0.0,0.0,0.0,0.0,-0.16000000000000003
0.1,0.0,0.0,0.0,0.0,-0.4678543007218798
0.1,0.0,0.0,0.0,0.0,-0.4678543007218798
0.1,0.0,0.0,0.0,0.0,-0.4641815392647277
0.1,0.0,0.0,0.0,0.0,-0.4617271206129869
0.1,0.0,0.0,0.0,0.0,-0.4617271206129869
0.1,0.0,0.0,0.0,0.0,-0.4555677891717338
0.1,0.0,0.0,0.0,0.0,-0.4555677891717338
0.1,0.0,0.0,0.0,0.0,-0.45309523603472424
0.1,0.0,0.0,0.0,0.0,-0.4506179205232047
0.1,0.0,0.0,0.0,0.0,-0.4506179205232047
0.1,0.0,0.0,0.0,0.0,-0.4442789460932029
0.1,0.0,0.0,0.0,0.0,-0.4442789460932029
0.1,0.0,0.0,0.0,0.0,-0.436276915696452
0.1,0.0,0.0,0.0,0.0,-0.436276915696452
0.1,0.0,0.0,0.0,0.0,-0.436276915696452
0.1,0.0,0.0,0.0,0.0,-0.4307460192732151
0.1,0.0,0.0,0.0,0.0,-0.4307460192732151
0.1,0.0,0.0,0.0,0.0,-0.42244744505419596
0.1,0.0,0.0,0.0,0.0,-0.42244744505419596
0.1,0.0,0.0,0.0,0.0,-0.41692495503136784
0.1,0.0,0.0,0.0,0.0,-0.41692495503136784
0.1,0.0,0.0,0.0,0.0,-0.41692495503136784
0.1,0.0,0.0,0.0,0.0,-0.41004252426440957
0.1,0.0,0.0,0.0,0.0,-0.41004252426440957
0.1,0.0,0.0,0.0,0.0,-0.41004252426440957
0.1,0.0,0.0,0.0,0.0,-0.40318912359379144
0.1,0.0,0.0,0.0,0.0,-0.40318912359379144
0.1,0.0,0.0,0.0,0.0,-0.3578747300115354
0.1,0.0,0.0,0.0,0.0,-0.3493355934969446
0.1,0.0,0.0,0.0,0.0,-0.3493355934969446
0.1,0.0,0.0,0.0,0.0,-0.3493355934969446
0.1,0.0,0.0,0.0,0.0,-0.3404975532550298
0.1,0.0,0.0,0.0,0.0,-0.3404975532550298
0.1,0.0,0.0,0.0,0.0,-0.3313546331531875
0.1,0.0,0.0,0.0,0.0,-0.3313546331531875
0.1,0.0,0.0,0.0,0.0,-0.4103392952863841
0.1,0.0,0.0,0.0,0.0,-0.40135393377749423
0.1,0.0,0.0,0.0,0.0,-0.40135393377749423
0.1,0.0,0.0,0.0,0.0,-0.3850043245380176
0.1,0.0,0.0,0.0,0.0,-0.3850043245380176
0.1,0.0,0.0,0.0,0.0,-0.37288185204312996
0.1,0.0,0.0,0.0,0.0,-0.37288185204312996
0.1,0.0,0.0,0.0,0.0,-0.37288185204312996
0.1,0.0,0.0,0.0,0.0,-0.35668528978684166
0.1,0.0,0.0,0.0,0.0,-0.35668528978684166
0.1,0.0,0.0,0.0,0.0,-0.3532359849189316
0.1,0.0,0.0,0.0,0.0,-0.33875016378735645
0.1,0.0,0.0,0.0,0.0,-0.33875016378735645
0.1,0.0,0.0,0.0,0.0,-0.3192254993102777
0.1,0.0,0.0,0.0,0.0,-0.3192254993102777
0.1,0.0,0.0,0.0,0.0,-0.3192254993102777
0.1,0.0,0.0,0.0,0.0,-0.298123269542765
0.1,0.0,0.0,0.0,0.0,-0.298123269542765
0.10496029240621858,0.0,0.0,0.0,0.0,-0.28888888888888886
0.10496029240621858,0.0,0.0,0.0,0.0,-0.28888888888888886
0.15855763642508164,0.0,0.0,0.0,0.0,-0.28888888888888886
0.18527686138281185,0.0,0.0,0.0,0.0,-0.28888888888888886
0.20729456302778887,0.0,0.0,0.0,0.0,-0.2888888888888889
0.20729456302778887,0.0,0.0,0.0,0.0,-0.2888888888888889
0.20729456302778887,0.0,0.0,0.0,0.0,-0.2888888888888889
0.26,0.0,0.0,0.0,0.0,0.0026066435731852593
0.26,0.0,0.0,0.0,0.0,0.0026066435731852593
0.26,0.0,0.0,0.0,0.0,0.08977260808294177
0.26,0.0,0.0,0.0,0.0,0.08977260808294177
0.26,0.0,0.0,0.0,0.0,0.08977260808294177
0.26,0.0,0.0,0.0,0.0,0.1702137383939169
0.26,0.0,0.0,0.0,0.0,0.1702137383939169
0.26,0.0,0.0,0.0,0.0,0.1702137383939169
0.26,0.0,0.0,0.0,0.0,0.2585053037861988
0.26,0.0,0.0,0.0,0.0,0.2585053037861988
0.26,0.0,0.0,0.0,0.0,0.2585053037861988
0.2273997730058143,0.0,0.0,0.0,0.0,0.2888888888888889
0.2273997730058143,0.0,0.0,0.0,0.0,0.2888888888888889
0.2273997730058143,0.0,0.0,0.0,0.0,0.2888888888888889
0.19438561812259536,0.0,0.0,0.0,0.0,0.28888888888888886
0.16216441216430588,0.0,0.0,0.0,0.0,0.28888888888888886
0.16216441216430588,0.0,0.0,0.0,0.0,0.28888888888888886
0.16216441216430588,0.0,0.0,0.0,0.0,0.28888888888888886
0.13806111677083555,0.0,0.0,0.0,0.0,0.28888888888888886
0.13806111677083555,0.0,0.0,0.0,0.0,0.28888888888888886
0.13806111677083555,0.0,0.0,0.0,0.0,0.28888888888888886
0.1,0.0,0.0,0.0,0.0,0.31892663517848496
0.1,0.0,0.0,0.0,0.0,0.31892663517848496
0.1,0.0,0.0,0.0,0.0,0.34442225250475933
0.1,0.0,0.0,0.0,0.0,0.34442225250475933
0.1,0.0,0.0,0.0,0.0,0.34442225250475933
0.1,0.0,0.0,0.0,0.0,0.3689312814472475
0.1,0.0,0.0,0.0,0.0,0.3689312814472475
0.1,0.0,0.0,0.0,0.0,0.39265764602878944
0.1,0.0,0.0,0.0,0.0,0.39265764602878944
0.1,0.0,0.0,0.0,0.0,0.39265764602878944
0.1,0.0,0.0,0.0,0.0,0.4162748086664995
0.1,0.0,0.0,0.0,0.0,0.4162748086664995
0.1,0.0,0.0,0.0,0.0,0.4256581051684932
0.1,0.0,0.0,0.0,0.0,0.4268315755687133
0.1,0.0,0.0,0.0,0.0,0.4654169282732816
0.1,0.0,0.0,0.0,0.0,0.4654169282732816
0.0,0.0,0.0,0.0,0.0,0.16000000000000003
0.0,0.0,0.0,0.0,0.0,0.16000000000000003
0.0,0.0,0.0,0.0,0.0,0.16000000000000003
0.0,0.0,0.0,0.0,0.0,0.16000000000000003
0.0,0.0,0.0,0.0,0.0,0.16000000000000003
0.0,0.0,0.0,0.0,0.0,0.16000000000000003
0.0,0.0,0.0,0.0,0.0,0.16000000000000003
0.0,0.0,0.0,0.0,0.0,0.16000000000000003
0.0,0.0,0.0,0.0,0.0,0.16000000000000003
0.0,0.0,0.0,0.0,0.0,0.16000000000000003
0.0,0.0,0.0,0.0,0.0,0.16000000000000003
0.0,0.0,0.0,0.0,0.0,0.16000000000000003
0.0,0.0,0.0,0.0,0.0,0.16000000000000003
0.0,0.0,0.0,0.0,0.0,0.16000000000000003
0.0,0.0,0.0,0.0,0.0,0.16000000000000003
0.0,0.0,0.0,0.0,0.0,0.16000000000000003
0.0,0.0,0.0,0.0,0.0,0.16000000000000003
0.0,0.0,0.0,0.0,0.0,0.16000000000000003
0.0,0.0,0.0,0.0,0.0,0.16000000000000003
0.0,0.0,0.0,0.0,0.0,0.16000000000000003
0.0,0.0,0.0,0.0,0.0,0.16000000000000003
0.0,0.0,0.0,0.0,0.0,0.16000000000000003
0.0,0.0,0.0,0.0,0.0,0.16000000000000003
0.0,0.0,0.0,0.0,0.0,0.16000000000000003
0.0,0.0,0.0,0.0,0.0,0.16000000000000003
0.0,0.0,0.0,0.0,0.0,0.16000000000000003
0.0,0.0,0.0,0.0,0.0,0.16000000000000003
0.0,0.0,0.0,0.0,0.0,0.16000000000000003
0.0,0.0,0.0,0.0,0.0,0.16000000000000003
0.1,0.0,0.0,0.0,0.0,0.46543460482680266
0.1,0.0,0.0,0.0,0.0,0.4628774234703823
0.1,0.0,0.0,0.0,0.0,0.4628774234703823
0.1,0.0,0.0,0.0,0.0,0.44923813048281735
0.1,0.0,0.0,0.0,0.0,0.44923813048281735
0.1381278885327256,0.0,0.0,0.0,0.0,0.2888888888888888
0.15521626590953394,0.0,0.0,0.0,0.0,0.28888888888888886
0.1645069427433304,0.0,0.0,0.0,0.0,0.28888888888888886
0.1766899426993717,0.0,0.0,0.0,0.0,0.2888888888888889
0.1766899426993717,0.0,0.0,0.0,0.0,0.2888888888888889
0.18476396024330138,0.0,0.0,0.0,0.0,0.28888888888888886
0.18476396024330138,0.0,0.0,0.0,0.0,0.28888888888888886
0.18476396024330138,0.0,0.0,0.0,0.0,0.28888888888888886
0.19490922750716316,0.0,0.0,0.0,0.0,0.28888888888888886
0.19490922750716316,0.0,0.0,0.0,0.0,0.28888888888888886
0.21068935831984925,0.0,0.0,0.0,0.0,0.28888888888888886
0.21068935831984925,0.0,0.0,0.0,0.0,0.28888888888888886
0.21068935831984925,0.0,0.0,0.0,0.0,0.28888888888888886
0.22795076570857564,0.0,0.0,0.0,0.0,0.28888888888888886
0.22795076570857564,0.0,0.0,0.0,0.0,0.28888888888888886
0.24550082235705975,0.0,0.0,0.0,0.0,0.2888888888888889
0.24550082235705975,0.0,0.0,0.0,0.0,0.2888888888888889
0.24550082235705975,0.0,0.0,0.0,0.0,0.2888888888888889
0.26,0.0,0.0,0.0,0.0,0.2741470635711805
0.26,0.0,0.0,0.0,0.0,0.2741470635711805
0.26,0.0,0.0,0.0,0.0,-0.009082657798281438
0.26,0.0,0.0,0.0,0.0,-0.049985008657926266
0.26,0.0,0.0,0.0,0.0,-0.23554043180680478
0.26,0.0,0.0,0.0,0.0,-0.27858438090783744
0.26,0.0,0.0,0.0,0.0,-0.27858438090783744
0.26,0.0,0.0,0.0,0.0,-0.27858438090783744
0.26,0.0,0.0,0.0,0.0,-0.27858438090783744
0.23246996477817566,0.0,0.0,0.0,0.0,-0.28888888888888886
0.23246996477817566,0.0,0.0,0.0,0.0,-0.28888888888888886
0.18960520973314163,0.0,0.0,0.0,0.0,-0.2888888888888889
0.18960520973314163,0.0,0.0,0.0,0.0,-0.2888888888888889
0.18960520973314163,0.0,0.0,0.0,0.0,-0.2888888888888889
0.15307141822795312,0.0,0.0,0.0,0.0,-0.28888888888888886
0.15307141822795312,0.0,0.0,0.0,0.0,-0.28888888888888886
0.1325247289456872,0.0,0.0,0.0,0.0,-0.28888888888888886
0.1325247289456872,0.0,0.0,0.0,0.0,-0.28888888888888886
0.1325247289456872,0.0,0.0,0.0,0.0,-0.28888888888888886
0.11250129860515279,0.0,0.0,0.0,0.0,-0.28888888888888886
0.17567743083682294,0.0,0.0,0.0,0.0,-0.28888888888888886
0.15652226883144416,0.0,0.0,0.0,0.0,-0.2888888888888889
0.15652226883144416,0.0,0.0,0.0,0.0,-0.2888888888888889
0.15652226883144416,0.0,0.0,0.0,0.0,-0.2888888888888889
0.1379825607528164,0.0,0.0,0.0,0.0,-0.28888888888888886
0.1379825607528164,0.0,0.0,0.0,0.0,-0.28888888888888886
0.1261019034451346,0.0,0.0,0.0,0.0,-0.2888888888888889
0.1234607930140812,0.0,0.0,0.0,0.0,-0.2888888888888889
0.1234607930140812,0.0,0.0,0.0,0.0,-0.2888888888888889
0.11174618143366498,0.0,0.0,0.0,0.0,-0.288888888888889
0.11174618143366498,0.0,0.0,0.0,0.0,-0.288888888888889
0.11174618143366498,0.0,0.0,0.0,0.0,-0.288888888888889
0.10177681077627154,0.0,0.0,0.0,0.0,-0.2888888888888889
0.10177681077627154,0.0,0.0,0.0,0.0,-0.2888888888888889
0.10177681077627154,0.0,0.0,0.0,0.0,-0.2888888888888889
0.1,0.0,0.0,0.0,0.0,-0.2999375484299946
0.1,0.0,0.0,0.0,0.0,-0.31061236648847546
0.1,0.0,0.0,0.0,0.0,-0.31061236648847546
0.1,0.0,0.0,0.0,0.0,-0.43285708868844186
0.1,0.0,0.0,0.0,0.0,-0.3881167035241939
0.1,0.0,0.0,0.0,0.0,-0.40768262412206957
0.1,0.0,0.0,0.0,0.0,-0.40768262412206957
0.1,0.0,0.0,0.0,0.0,-0.40768262412206957
0.1,0.0,0.0,0.0,0.0,-0.42258100686748423
0.1,0.0,0.0,0.0,0.0,-0.42258100686748423
0.1,0.0,0.0,0.0,0.0,-0.42258100686748423
0.1,0.0,0.0,0.0,0.0,-0.44012105199410656
0.1,0.0,0.0,0.0,0.0,-0.44012105199410656
0.1,0.0,0.0,0.0,0.0,-0.4470867754315935
0.1,0.0,0.0,0.0,0.0,-0.4470867754315935
0.1,0.0,0.0,0.0,0.0,-0.4470867754315935
0.1,0.0,0.0,0.0,0.0,-0.4517521743108735
0.1,0.0,0.0,0.0,0.0,-0.4517521743108735
0.1,0.0,0.0,0.0,0.0,-0.4534949376630974
0.1,0.0,0.0,0.0,0.0,-0.4534949376630974
0.1,0.0,0.0,0.0,0.0,-0.4534949376630974
0.1,0.0,0.0,0.0,0.0,-0.4528345337638328
0.1,0.0,0.0,0.0,0.0,-0.4528345337638328
0.1,0.0,0.0,0.0,0.0,-0.44974987574363345
0.1,0.0,0.0,0.0,0.0,-0.3071996070399098
0.10570899224431311,0.0,0.0,0.0,0.0,-0.28888888888888886
0.10570899224431311,0.0,0.0,0.0,0.0,-0.28888888888888886
0.11128898237507873,0.0,0.0,0.0,0.0,-0.28888888888888886
0.11128898237507873,0.0,0.0,0.0,0.0,-0.28888888888888886
0.11234797841864796,0.0,0.0,0.0,0.0,-0.28888888888888886
0.11703389993615936,0.0,0.0,0.0,0.0,-0.2888888888888889
0.11703389993615936,0.0,0.0,0.0,0.0,-0.2888888888888889
0.12403773685839306,0.0,0.0,0.0,0.0,-0.2888888888888889
0.12403773685839306,0.0,0.0,0.0,0.0,-0.2888888888888889
0.13277404577550866,0.0,0.0,0.0,0.0,-0.2888888888888889
0.13277404577550866,0.0,0.0,0.0,0.0,-0.2888888888888889
0.13277404577550866,0.0,0.0,0.0,0.0,-0.2888888888888889
0.14435131372716678,0.0,0.0,0.0,0.0,-0.2888888888888889
0.14435131372716678,0.0,0.0,0.0,0.0,-0.2888888888888889
0.14712401087562954,0.0,0.0,0.0,0.0,-0.2888888888888889
0.15659768838312266,0.0,0.0,0.0,0.0,-0.28888888888888886
0.15659768838312266,0.0,0.0,0.0,0.0,-0.28888888888888886
0.18052337269879465,0.0,0.0,0.0,0.0,-0.28888888888888886
0.26,0.0,0.0,0.0,0.0,0.03175423950189833
0.26,0.0,0.0,0.0,0.0,0.11526075710567874
0.26,0.0,0.0,0.0,0.0,0.11526075710567874
0.26,0.0,0.0,0.0,0.0,0.1988455626402756
0.26,0.0,0.0,0.0,0.0,0.1988455626402756
0.26,0.0,0.0,0.0,0.0,0.21572689634097122
0.26,0.0,0.0,0.0,0.0,0.2846050716961281
0.26,0.0,0.0,0.0,0.0,0.2846050716961281
0.20238722237695772,0.0,0.0,0.0,0.0,0.2888888888888889
0.20238722237695772,0.0,0.0,0.0,0.0,0.2888888888888889
0.17774595734627174,0.0,0.0,0.0,0.0,0.28888888888888886
0.16439775812775606,0.0,0.0,0.0,0.0,0.28888888888888886
0.16439775812775606,0.0,0.0,0.0,0.0,0.28888888888888886
0.12027309550305951,0.0,0.0,0.0,0.0,0.28888888888888886
0.12027309550305951,0.0,0.0,0.0,0.0,0.28888888888888886
0.12027309550305951,0.0,0.0,0.0,0.0,0.28888888888888886
0.10649212124205215,0.0,0.0,0.0,0.0,0.28888888888888886
0.10649212124205215,0.0,0.0,0.0,0.0,0.28888888888888886
0.1,0.0,0.0,0.0,0.0,0.30135274316766536
0.10384831901642516,0.0,0.0,0.0,0.0,0.2888888888888889
0.1,0.0,0.0,0.0,0.0,0.3124853239461266
0.1,0.0,0.0,0.0,0.0,0.3124853239461266
0.1,0.0,0.0,0.0,0.0,0.3124853239461266
0.1,0.0,0.0,0.0,0.0,0.43034825599015936
0.1,0.0,0.0,0.0,0.0,0.45563077418327513
0.1,0.0,0.0,0.0,0.0,0.45563077418327513
0.1,0.0,0.0,0.0,0.0,0.45563077418327513
0.0,0.0,0.0,0.0,0.0,0.16000000000000003
0.0,0.0,0.0,0.0,0.0,0.16000000000000003
0.0,0.0,0.0,0.0,0.0,0.16000000000000003
0.0,0.0,0.0,0.0,0.0,0.16000000000000003
0.0,0.0,0.0,0.0,0.0,0.16000000000000003
0.0,0.0,0.0,0.0,0.0,0.16000000000000003
0.0,0.0,0.0,0.0,0.0,0.16000000000000003
0.0,0.0,0.0,0.0,0.0,0.16000000000000003
0.0,0.0,0.0,0.0,0.0,0.16000000000000003
0.0,0.0,0.0,0.0,0.0,0.16000000000000003
0.0,0.0,0.0,0.0,0.0,0.16000000000000003
0.0,0.0,0.0,0.0,0.0,0.16000000000000003
0.0,0.0,0.0,0.0,0.0,0.16000000000000003
0.0,0.0,0.0,0.0,0.0,0.16000000000000003
0.0,0.0,0.0,0.0,0.0,0.16000000000000003
0.0,0.0,0.0,0.0,0.0,0.16000000000000003
0.0,0.0,0.0,0.0,0.0,0.16000000000000003
0.0,0.0,0.0,0.0,0.0,0.16000000000000003
0.0,0.0,0.0,0.0,0.0,0.16000000000000003
0.0,0.0,0.0,0.0,0.0,0.16000000000000003
0.0,0.0,0.0,0.0,0.0,0.16000000000000003
0.0,0.0,0.0,0.0,0.0,0.16000000000000003
0.0,0.0,0.0,0.0,0.0,0.16000000000000003
0.0,0.0,0.0,0.0,0.0,0.16000000000000003
0.0,0.0,0.0,0.0,0.0,0.16000000000000003
0.0,0.0,0.0,0.0,0.0,0.16000000000000003
0.0,0.0,0.0,0.0,0.0,0.16000000000000003
0.0,0.0,0.0,0.0,0.0,0.16000000000000003
0.0,0.0,0.0,0.0,0.0,0.16000000000000003
0.1,0.0,0.0,0.0,0.0,0.32804406652521445
0.1,0.0,0.0,0.0,0.0,0.322688605474725
0.1,0.0,0.0,0.0,0.0,0.322688605474725
0.1,0.0,0.0,0.0,0.0,0.322688605474725
0.1,0.0,0.0,0.0,0.0,0.31300986360269084
0.1,0.0,0.0,0.0,0.0,0.31300986360269084
0.1,0.0,0.0,0.0,0.0,0.31300986360269084
0.1,0.0,0.0,0.0,0.0,0.30016137476025057
0.1,0.0,0.0,0.0,0.0,0.30016137476025057
0.1,0.0,0.0,0.0,0.0,0.297503717366541
0.1,0.0,0.0,0.0,0.0,0.29176670025005913
0.1,0.0,0.0,0.0,0.0,0.29176670025005913
0.10120098875379502,0.0,0.0,0.0,0.0,0.2888888888888889
0.10120098875379502,0.0,0.0,0.0,0.0,0.2888888888888889
0.10120098875379502,0.0,0.0,0.0,0.0,0.2888888888888889
0.10438089624568155,0.0,0.0,0.0,0.0,0.28888888888888886
0.10438089624568155,0.0,0.0,0.0,0.0,0.28888888888888886
0.1079351113564761,0.0,0.0,0.0,0.0,0.28888888888888886
0.11394013298211961,0.0,0.0,0.0,0.0,0.2888888888888888
0.11893690419039023,0.0,0.0,0.0,0.0,0.28888888888888886
0.11893690419039023,0.0,0.0,0.0,0.0,0.28888888888888886
0.12491182674267857,0.0,0.0,0.0,0.0,0.2888888888888889
0.12491182674267857,0.0,0.0,0.0,0.0,0.2888888888888889
0.12491182674267857,0.0,0.0,0.0,0.0,0.2888888888888889
0.13372617486400126,0.0,0.0,0.0,0.0,0.2888888888888889
0.13372617486400126,0.0,0.0,0.0,0.0,0.2888888888888889
0.1408778288861761,0.0,0.0,0.0,0.0,0.2888888888888889
0.1408778288861761,0.0,0.0,0.0,0.0,0.2888888888888889
0.1408778288861761,0.0,0.0,0.0,0.0,0.2888888888888889
0.2380167420995408,0.0,0.0,0.0,0.0,0.2888888888888889
0.26,0.0,0.0,0.0,0.0,0.2644647594555287
0.26,0.0,0.0,0.0,0.0,0.2644647594555287
0.26,0.0,0.0,0.0,0.0,0.2644647594555287
0.26,0.0,0.0,0.0,0.0,0.2644647594555287
0.26,0.0,0.0,0.0,0.0,0.2121635109351425
0.26,0.0,0.0,0.0,0.0,0.2121635109351425
0.26,0.0,0.0,0.0,0.0,0.16649750444019895
0.26,0.0,0.0,0.0,0.0,0.16649750444019895
0.26,0.0,0.0,0.0,0.0,0.0937242101878697
0.26,0.0,0.0,0.0,0.0,0.0937242101878697
0.26,0.0,0.0,0.0,0.0,0.01773232767690994
0.26,0.0,0.0,0.0,0.0,0.01773232767690994
0.26,0.0,0.0,0.0,0.0,0.01773232767690994
0.26,0.0,0.0,0.0,0.0,-0.07050991521980565
0.26,0.0,0.0,0.0,0.0,-0.07050991521980565
0.26,0.0,0.0,0.0,0.0,-0.12658747846248528
0.26,0.0,0.0,0.0,0.0,-0.12658747846248528
0.26,0.0,0.0,0.0,0.0,-0.12658747846248528
0.26,0.0,0.0,0.0,0.0,-0.19552813789366202
0.26,0.0,0.0,0.0,0.0,-0.19552813789366202
0.26,0.0,0.0,0.0,0.0,-0.2640256832036703
0.26,0.0,0.0,0.0,0.0,-0.2640256832036703
0.26,0.0,0.0,0.0,0.0,-0.2640256832036703
0.22659640820338559,0.0,0.0,0.0,0.0,-0.2888888888888889
0.22659640820338559,0.0,0.0,0.0,0.0,-0.2888888888888889
0.1543458202376828,0.0,0.0,0.0,0.0,-0.2888888888888889
0.1543458202376828,0.0,0.0,0.0,0.0,-0.2888888888888889
0.13491858379127358,0.0,0.0,0.0,0.0,-0.2888888888888889
0.13491858379127358,0.0,0.0,0.0,0.0,-0.2888888888888889
0.13491858379127358,0.0,0.0,0.0,0.0,-0.2888888888888889
0.1,0.0,0.0,0.0,0.0,-0.34725025291905554
0.1,0.0,0.0,0.0,0.0,-0.34725025291905554
0.1,0.0,0.0,0.0,0.0,-0.34725025291905554
0.1,0.0,0.0,0.0,0.0,-0.3715486632464277
0.1,0.0,0.0,0.0,0.0,-0.3715486632464277
0.1,0.0,0.0,0.0,0.0,-0.3905920975883168
0.1,0.0,0.0,0.0,0.0,-0.3905920975883168
0.1,0.0,0.0,0.0,0.0,-0.3905920975883168
0.1,0.0,0.0,0.0,0.0,-0.4161817142753149
0.1,0.0,0.0,0.0,0.0,-0.4161817142753149
0.1,0.0,0.0,0.0,0.0,-0.4161817142753149
0.1,0.0,0.0,0.0,0.0,-0.44051901374303376
0.1,0.0,0.0,0.0,0.0,-0.44051901374303376
0.1,0.0,0.0,0.0,0.0,-0.44051901374303376
0.1,0.0,0.0,0.0,0.0,-0.4623108811106085
0.1,0.0,0.0,0.0,0.0,-0.33987410919735206
0.1,0.0,0.0,0.0,0.0,-0.36783895955162493
0.1,0.0,0.0,0.0,0.0,-0.36783895955162493
0.1,0.0,0.0,0.0,0.0,-0.39201178367622336
0.1,0.0,0.0,0.0,0.0,-0.39201178367622336
0.1,0.0,0.0,0.0,0.0,-0.41238111073218575
0.1,0.0,0.0,0.0,0.0,-0.41238111073218575
0.1,0.0,0.0,0.0,0.0,-0.41238111073218575
0.1,0.0,0.0,0.0,0.0,-0.42874341807517835
0.1,0.0,0.0,0.0,0.0,-0.42874341807517835
0.1,0.0,0.0,0.0,0.0,-0.42874341807517835
0.1,0.0,0.0,0.0,0.0,-0.44170357772870966
0.1,0.0,0.0,0.0,0.0,-0.44170357772870966
0.1,0.0,0.0,0.0,0.0,-0.44581099290821247
0.1,0.0,0.0,0.0,0.0,-0.45309389045670145
0.1,0.0,0.0,0.0,0.0,-0.45309389045670145
0.1,0.0,0.0,0.0,0.0,-0.45773173953212176
0.1,0.0,0.0,0.0,0.0,-0.45773173953212176
0.1,0.0,0.0,0.0,0.0,-0.45773173953212176
0.1,0.0,0.0,0.0,0.0,-0.33593907084780184
0.1,0.0,0.0,0.0,0.0,-0.33593907084780184
0.1,0.0,0.0,0.0,0.0,-0.33593907084780184
0.1,0.0,0.0,0.0,0.0,-0.3396143689661811
0.1,0.0,0.0,0.0,0.0,-0.3396143689661811
0.1,0.0,0.0,0.0,0.0,-0.3396143689661811
0.1,0.0,0.0,0.0,0.0,-0.33970895709615556
0.1,0.0,0.0,0.0,0.0,-0.33970895709615556
0.1,0.0,0.0,0.0,0.0,-0.33970895709615556
0.1,0.0,0.0,0.0,0.0,-0.3341278993388341
0.1,0.0,0.0,0.0,0.0,-0.3341278993388341
0.1,0.0,0.0,0.0,0.0,-0.3341278993388341
0.11899439666249044,0.0,0.0,0.0,0.0,-0.2888888888888889
0.13016303743406193,0.0,0.0,0.0,0.0,-0.2888888888888889
0.13016303743406193,0.0,0.0,0.0,0.0,-0.2888888888888889
0.14559017109700131,0.0,0.0,0.0,0.0,-0.2888888888888889
0.15026927897803738,0.0,0.0,0.0,0.0,-0.28888888888888886
0.15026927897803738,0.0,0.0,0.0,0.0,-0.28888888888888886
0.18296144530985728,0.0,0.0,0.0,0.0,-0.2888888888888889
0.26,0.0,0.0,0.0,0.0,0.0017546707318343581
0.26,0.0,0.0,0.0,0.0,0.08079795141567618
0.26,0.0,0.0,0.0,0.0,0.08079795141567618
0.26,0.0,0.0,0.0,0.0,0.15633240440131752
0.26,0.0,0.0,0.0,0.0,0.15633240440131752
0.26,0.0,0.0,0.0,0.0,0.15633240440131752
0.26,0.0,0.0,0.0,0.0,0.2348988347760783
0.26,0.0,0.0,0.0,0.0,0.2348988347760783
0.26,0.0,0.0,0.0,0.0,0.2348988347760783
0.2262118578003652,0.0,0.0,0.0,0.0,0.28888888888888886
0.2262118578003652,0.0,0.0,0.0,0.0,0.28888888888888886
0.18113650152121075,0.0,0.0,0.0,0.0,0.28888888888888886
0.18113650152121075,0.0,0.0,0.0,0.0,0.28888888888888886
0.18113650152121075,0.0,0.0,0.0,0.0,0.28888888888888886
0.15114343931252644,0.0,0.0,0.0,0.0,0.2888888888888889
0.15114343931252644,0.0,0.0,0.0,0.0,0.2888888888888889
0.15114343931252644,0.0,0.0,0.0,0.0,0.2888888888888889
0.1296490432376978,0.0,0.0,0.0,0.0,0.2888888888888889
0.1296490432376978,0.0,0.0,0.0,0.0,0.2888888888888889
0.13235829721809547,0.0,0.0,0.0,0.0,0.2888888888888889
0.11359110041194055,0.0,0.0,0.0,0.0,0.28888888888888886
0.11359110041194055,0.0,0.0,0.0,0.0,0.28888888888888886
0.11359110041194055,0.0,0.0,0.0,0.0,0.28888888888888886
0.10184516412657024,0.0,0.0,0.0,0.0,0.28888888888888886
0.10184516412657024,0.0,0.0,0.0,0.0,0.28888888888888886
0.1,0.0,0.0,0.0,0.0,0.3038338463526378
0.1,0.0,0.0,0.0,0.0,0.3038338463526378
0.1,0.0,0.0,0.0,0.0,0.3038338463526378
0.1,0.0,0.0,0.0,0.0,0.3344506770583367
0.1,0.0,0.0,0.0,0.0,0.3344506770583367
0.1,0.0,0.0,0.0,0.0,0.3344506770583367
0.1,0.0,0.0,0.0,0.0,0.36033104080102474
0.1,0.0,0.0,0.0,0.0,0.36033104080102474
0.0,0.0,0.0,0.0,0.0,0.16000000000000003
0.0,0.0,0.0,0.0,0.0,0.16000000000000003
0.0,0.0,0.0,0.0,0.0,0.16000000000000003
0.0,0.0,0.0,0.0,0.0,0.16000000000000003
0.0,0.0,0.0,0.0,0.0,0.16000000000000003
0.0,0.0,0.0,0.0,0.0,0.16000000000000003
0.0,0.0,0.0,0.0,0.0,0.16000000000000003
0.0,0.0,0.0,0.0,0.0,0.16000000000000003
0.0,0.0,0.0,0.0,0.0,0.16000000000000003
0.0,0.0,0.0,0.0,0.0,0.16000000000000003
0.0,0.0,0.0,0.0,0.0,0.16000000000000003
0.0,0.0,0.0,0.0,0.0,0.16000000000000003
0.0,0.0,0.0,0.0,0.0,0.16000000000000003
0.0,0.0,0.0,0.0,0.0,0.16000000000000003
0.0,0.0,0.0,0.0,0.0,0.16000000000000003
0.0,0.0,0.0,0.0,0.0,0.16000000000000003
0.0,0.0,0.0,0.0,0.0,0.16000000000000003
0.0,0.0,0.0,0.0,0.0,0.16000000000000003
0.0,0.0,0.0,0.0,0.0,0.16000000000000003
0.0,0.0,0.0,0.0,0.0,0.16000000000000003
0.0,0.0,0.0,0.0,0.0,0.16000000000000003
0.0,0.0,0.0,0.0,0.0,0.16000000000000003
0.0,0.0,0.0,0.0,0.0,0.16000000000000003
0.0,0.0,0.0,0.0,0.0,0.16000000000000003
0.1,0.0,0.0,0.0,0.0,0.42928171223158035
0.1,0.0,0.0,0.0,0.0,0.43278321512196744
0.1,0.0,0.0,0.0,0.0,0.43278321512196744
0.1,0.0,0.0,0.0,0.0,0.4340654193395831
0.1,0.0,0.0,0.0,0.0,0.435771579222614
0.1,0.0,0.0,0.0,0.0,0.435771579222614
0.1,0.0,0.0,0.0,0.0,0.4372192688389399
0.1,0.0,0.0,0.0,0.0,0.4372192688389399
0.1,0.0,0.0,0.0,0.0,0.4372192688389399
0.1,0.0,0.0,0.0,0.0,0.43656931954206996
0.1,0.0,0.0,0.0,0.0,0.43656931954206996
0.1,0.0,0.0,0.0,0.0,0.4352591873386049
0.1,0.0,0.0,0.0,0.0,0.4352591873386049
0.1,0.0,0.0,0.0,0.0,0.4352591873386049
0.1,0.0,0.0,0.0,0.0,0.4318402101898223
0.1,0.0,0.0,0.0,0.0,0.4318402101898223
0.1,0.0,0.0,0.0,0.0,0.4268256495173547
0.1,0.0,0.0,0.0,0.0,0.4268256495173547
0.1,0.0,0.0,0.0,0.0,0.4268256495173547
0.1,0.0,0.0,0.0,0.0,0.3804225998186052
0.11270332668303314,0.0,0.0,0.0,0.0,0.2888888888888889
0.11728318057699304,0.0,0.0,0.0,0.0,0.28888888888888886
0.11728318057699304,0.0,0.0,0.0,0.0,0.28888888888888886
0.11728318057699304,0.0,0.0,0.0,0.0,0.28888888888888886
0.12402968704687643,0.0,0.0,0.0,0.0,0.28888888888888886
0.12402968704687643,0.0,0.0,0.0,0.0,0.28888888888888886
0.12402968704687643,0.0,0.0,0.0,0.0,0.28888888888888886
0.13220044134753697,0.0,0.0,0.0,0.0,0.2888888888888889
0.13220044134753697,0.0,0.0,0.0,0.0,0.2888888888888889
0.13220044134753697,0.0,0.0,0.0,0.0,0.2888888888888889
0.14223757867752349,0.0,0.0,0.0,0.0,0.2888888888888889
0.14223757867752349,0.0,0.0,0.0,0.0,0.2888888888888889
0.15478548428099587,0.0,0.0,0.0,0.0,0.2888888888888889
0.15478548428099587,0.0,0.0,0.0,0.0,0.2888888888888889
0.15478548428099587,0.0,0.0,0.0,0.0,0.2888888888888889
0.1708289883896436,0.0,0.0,0.0,0.0,0.28888888888888886
0.1708289883896436,0.0,0.0,0.0,0.0,0.28888888888888886
0.18275397408852248,0.0,0.0,0.0,0.0,0.2888888888888889
0.19195155750280177,0.0,0.0,0.0,0.0,0.28888888888888886
0.21861614438890434,0.0,0.0,0.0,0.0,0.28888888888888886
0.21861614438890434,0.0,0.0,0.0,0.0,0.28888888888888886
0.26,0.0,0.0,0.0,0.0,0.2586950873358174
0.26,0.0,0.0,0.0,0.0,0.2586950873358174
0.26,0.0,0.0,0.0,0.0,0.2586950873358174
0.26,0.0,0.0,0.0,0.0,0.1829571117804778
0.26,0.0,0.0,0.0,0.0,0.1829571117804778
0.26,0.0,0.0,0.0,0.0,0.1829571117804778
0.26,0.0,0.0,0.0,0.0,0.0900248119551949
0.26,0.0,0.0,0.0,0.0,0.0900248119551949
0.21830736509789087,0.0,0.0,0.0,0.0,-0.2888888888888889
0.21830736509789087,0.0,0.0,0.0,0.0,-0.2888888888888889
0.17632572860588486,0.0,0.0,0.0,0.0,-0.2888888888888889
0.17632572860588486,0.0,0.0,0.0,0.0,-0.2888888888888889
0.17632572860588486,0.0,0.0,0.0,0.0,-0.2888888888888889
0.14875074961437235,0.0,0.0,0.0,0.0,-0.28888888888888886
0.14875074961437235,0.0,0.0,0.0,0.0,-0.28888888888888886
0.14410166951143158,0.0,0.0,0.0,0.0,-0.2888888888888889
0.14410166951143158,0.0,0.0,0.0,0.0,-0.2888888888888889
0.1290245996269134,0.0,0.0,0.0,0.0,-0.28888888888888886
0.1290245996269134,0.0,0.0,0.0,0.0,-0.28888888888888886
0.11711001854978363,0.0,0.0,0.0,0.0,-0.2888888888888889
0.11711001854978363,0.0,0.0,0.0,0.0,-0.2888888888888889
0.11711001854978363,0.0,0.0,0.0,0.0,-0.2888888888888889
0.10920607805021668,0.0,0.0,0.0,0.0,-0.28888888888888886
0.10920607805021668,0.0,0.0,0.0,0.0,-0.28888888888888886
0.10083730823755757,0.0,0.0,0.0,0.0,-0.28888888888888886
0.10083730823755757,0.0,0.0,0.0,0.0,-0.28888888888888886
0.10083730823755757,0.0,0.0,0.0,0.0,-0.28888888888888886
0.1,0.0,0.0,0.0,0.0,-0.30812338310087806
0.1,0.0,0.0,0.0,0.0,-0.30812338310087806
0.1,0.0,0.0,0.0,0.0,-0.3299329058511204
0.1,0.0,0.0,0.0,0.0,-0.3299329058511204
0.1,0.0,0.0,0.0,0.0,-0.3299329058511204
0.1,0.0,0.0,0.0,0.0,-0.352512550668097
0.1,0.0,0.0,0.0,0.0,-0.352512550668097
0.1,0.0,0.0,0.0,0.0,-0.3300570310751174
0.1,0.0,0.0,0.0,0.0,-0.3300570310751174
0.1,0.0,0.0,0.0,0.0,-0.3566985003806044
0.1,0.0,0.0,0.0,0.0,-0.3566985003806044
0.1,0.0,0.0,0.0,0.0,-0.3566985003806044
0.1,0.0,0.0,0.0,0.0,-0.38540577244694485
0.1,0.0,0.0,0.0,0.0,-0.38540577244694485
0.1,0.0,0.0,0.0,0.0,-0.39698245771601237
0.1,0.0,0.0,0.0,0.0,-0.41525954504337703
0.1,0.0,0.0,0.0,0.0,-0.41525954504337703
0.1,0.0,0.0,0.0,0.0,-0.4508591165590935
0.1,0.0,0.0,0.0,0.0,-0.4508591165590935
0.1,0.0,0.0,0.0,0.0,-0.4508591165590935
0.0,0.0,0.0,0.0,0.0,-0.16000000000000003
0.0,0.0,0.0,0.0,0.0,-0.16000000000000003
0.0,0.0,0.0,0.0,0.0,-0.16000000000000003
0.0,0.0,0.0,0.0,0.0,-0.16000000000000003
0.0,0.0,0.0,0.0,0.0,-0.16000000000000003
0.0,0.0,0.0,0.0,0.0,-0.16000000000000003
0.0,0.0,0.0,0.0,0.0,-0.16000000000000003
0.1,0.0,0.0,0.0,0.0,-0.3791365733379348
0.1,0.0,0.0,0.0,0.0,-0.3791365733379348
0.1,0.0,0.0,0.0,0.0,-0.37717749066898043
0.1,0.0,0.0,0.0,0.0,-0.37717749066898043
0.1,0.0,0.0,0.0,0.0,-0.37717749066898043
0.1,0.0,0.0,0.0,0.0,-0.37341743715517456
0.1,0.0,0.0,0.0,0.0,-0.37341743715517456
0.1,0.0,0.0,0.0,0.0,-0.37341743715517456
0.1,0.0,0.0,0.0,0.0,-0.3689014332606017
0.1,0.0,0.0,0.0,0.0,-0.3689014332606017
0.1,0.0,0.0,0.0,0.0,-0.3689014332606017
0.1,0.0,0.0,0.0,0.0,-0.36333500269541263
0.1,0.0,0.0,0.0,0.0,-0.36333500269541263
0.1,0.0,0.0,0.0,0.0,-0.35626150694822234
0.1,0.0,0.0,0.0,0.0,-0.35626150694822234
0.1,0.0,0.0,0.0,0.0,-0.35626150694822234
0.1,0.0,0.0,0.0,0.0,-0.3473166081035549
0.1,0.0,0.0,0.0,0.0,-0.3473166081035549
0.1,0.0,0.0,0.0,0.0,-0.29068556666630524
0.1254469669268832,0.0,0.0,0.0,0.0,-0.28888888888888886
0.13642393143581338,0.0,0.0,0.0,0.0,-0.2888888888888889
0.13642393143581338,0.0,0.0,0.0,0.0,-0.2888888888888889
0.13642393143581338,0.0,0.0,0.0,0.0,-0.2888888888888889
0.13642393143581338,0.0,0.0,0.0,0.0,-0.2888888888888889
0.1530574054486469,0.0,0.0,0.0,0.0,-0.2888888888888889
0.1530574054486469,0.0,0.0,0.0,0.0,-0.2888888888888889
0.177469646708554,0.0,0.0,0.0,0.0,-0.2888888888888889
0.177469646708554,0.0,0.0,0.0,0.0,-0.2888888888888889
0.177469646708554,0.0,0.0,0.0,0.0,-0.2888888888888889
0.21745042558235797,0.0,0.0,0.0,0.0,-0.28888888888888886
0.21745042558235797,0.0,0.0,0.0,0.0,-0.28888888888888886
0.21745042558235797,0.0,0.0,0.0,0.0,-0.28888888888888886
0.26,0.0,0.0,0.0,0.0,-0.2759692002299269
0.26,0.0,0.0,0.0,0.0,-0.2759692002299269
0.26,0.0,0.0,0.0,0.0,-0.2759692002299269
0.26,0.0,0.0,0.0,0.0,-0.25511627288594935
0.26,0.0,0.0,0.0,0.0,-0.25511627288594935
0.26,0.0,0.0,0.0,0.0,-0.25511627288594935
0.26,0.0,0.0,0.0,0.0,-0.23166757471661992
0.26,0.0,0.0,0.0,0.0,0.0005926172056455157
0.26,0.0,0.0,0.0,0.0,0.032654587289431464
0.26,0.0,0.0,0.0,0.0,0.032654587289431464
0.26,0.0,0.0,0.0,0.0,0.03836169141292103
0.26,0.0,0.0,0.0,0.0,0.055087497312550825
0.26,0.0,0.0,0.0,0.0,0.055087497312550825
0.26,0.0,0.0,0.0,0.0,0.12395634874984922
0.26,0.0,0.0,0.0,0.0,0.12395634874984922
0.26,0.0,0.0,0.0,0.0,0.12395634874984922
0.26,0.0,0.0,0.0,0.0,0.23769966866260833
0.26,0.0,0.0,0.0,0.0,0.23769966866260833
0.26,0.0,0.0,0.0,0.0,0.23769966866260833
0.240470215534679,0.0,0.0,0.0,0.0,0.2888888888888889
0.240470215534679,0.0,0.0,0.0,0.0,0.2888888888888889
0.10090451084579098,0.0,0.0,0.0,0.0,0.28888888888888886
0.1,0.0,0.0,0.0,0.0,0.3228409773605461
0.1,0.0,0.0,0.0,0.0,0.3228409773605461
0.1,0.0,0.0,0.0,0.0,0.3176719009585538
0.1,0.0,0.0,0.0,0.0,0.3176719009585538
0.1,0.0,0.0,0.0,0.0,0.3434396562405273
0.1,0.0,0.0,0.0,0.0,0.3434396562405273
0.1,0.0,0.0,0.0,0.0,0.36502012808166817
0.1,0.0,0.0,0.0,0.0,0.3704049422245256
0.1,0.0,0.0,0.0,0.0,0.3704049422245256
0.1,0.0,0.0,0.0,0.0,0.3975920925963767
0.1,0.0,0.0,0.0,0.0,0.3975920925963767
0.1,0.0,0.0,0.0,0.0,0.3975920925963767
0.1,0.0,0.0,0.0,0.0,0.4265035701560943
0.1,0.0,0.0,0.0,0.0,0.4265035701560943
0.1,0.0,0.0,0.0,0.0,0.45724607031350467
0.1,0.0,0.0,0.0,0.0,0.45724607031350467
0.1,0.0,0.0,0.0,0.0,0.45724607031350467
0.0,0.0,0.0,0.0,0.0,0.16000000000000003
0.0,0.0,0.0,0.0,0.0,0.16000000000000003
0.0,0.0,0.0,0.0,0.0,0.16000000000000003
0.0,0.0,0.0,0.0,0.0,0.16000000000000003
0.0,0.0,0.0,0.0,0.0,0.16000000000000003
0.1,0.0,0.0,0.0,0.0,0.4280459223662015
0.1,0.0,0.0,0.0,0.0,0.467390172143145
0.1,0.0,0.0,0.0,0.0,0.467390172143145
0.0,0.0,0.0,0.0,0.0,0.16000000000000003
0.0,0.0,0.0,0.0,0.0,0.16000000000000003
0.0,0.0,0.0,0.0,0.0,0.16000000000000003
0.0,0.0,0.0,0.0,0.0,0.16000000000000003
0.0,0.0,0.0,0.0,0.0,0.16000000000000003
0.0,0.0,0.0,0.0,0.0,0.16000000000000003
0.0,0.0,0.0,0.0,0.0,0.16000000000000003
0.0,0.0,0.0,0.0,0.0,0.16000000000000003
0.0,0.0,0.0,0.0,0.0,0.16000000000000003
0.0,0.0,0.0,0.0,0.0,0.16000000000000003
0.0,0.0,0.0,0.0,0.0,0.16000000000000003
0.0,0.0,0.0,0.0,0.0,0.16000000000000003
0.0,0.0,0.0,0.0,0.0,0.16000000000000003
0.0,0.0,0.0,0.0,0.0,0.16000000000000003
0.0,0.0,0.0,0.0,0.0,0.16000000000000003
0.0,0.0,0.0,0.0,0.0,0.16000000000000003
0.0,0.0,0.0,0.0,0.0,0.16000000000000003
0.0,0.0,0.0,0.0,0.0,0.16000000000000003
0.0,0.0,0.0,0.0,0.0,0.16000000000000003
0.0,0.0,0.0,0.0,0.0,0.16000000000000003
0.0,0.0,0.0,0.0,0.0,0.16000000000000003
0.0,0.0,0.0,0.0,0.0,0.16000000000000003
0.0,0.0,0.0,0.0,0.0,0.16000000000000003
0.0,0.0,0.0,0.0,0.0,0.16000000000000003
0.0,0.0,0.0,0.0,0.0,0.16000000000000003
0.0,0.0,0.0,0.0,0.0,0.16000000000000003
0.0,0.0,0.0,0.0,0.0,0.16000000000000003
0.0,0.0,0.0,0.0,0.0,0.16000000000000003
0.0,0.0,0.0,0.0,0.0,0.16000000000000003
0.0,0.0,0.0,0.0,0.0,0.16000000000000003
0.0,0.0,0.0,0.0,0.0,0.16000000000000003
0.0,0.0,0.0,0.0,0.0,0.16000000000000003
0.0,0.0,0.0,0.0,0.0,0.16000000000000003
0.0,0.0,0.0,0.0,0.0,0.16000000000000003
0.0,0.0,0.0,0.0,0.0,0.16000000000000003
0.0,0.0,0.0,0.0,0.0,0.16000000000000003
0.0,0.0,0.0,0.0,0.0,0.16000000000000003
0.0,0.0,0.0,0.0,0.0,0.16000000000000003
0.0,0.0,0.0,0.0,0.0,0.16000000000000003
0.0,0.0,0.0,0.0,0.0,0.16000000000000003
0.0,0.0,0.0,0.0,0.0,0.16000000000000003
0.0,0.0,0.0,0.0,0.0,0.16000000000000003
0.0,0.0,0.0,0.0,0.0,0.16000000000000003
0.0,0.0,0.0,0.0,0.0,0.16000000000000003
0.0,0.0,0.0,0.0,0.0,0.16000000000000003
0.0,0.0,0.0,0.0,0.0,0.16000000000000003
0.0,0.0,0.0,0.0,0.0,0.16000000000000003
0.0,0.0,0.0,0.0,0.0,0.16000000000000003
0.0,0.0,0.0,0.0,0.0,0.16000000000000003
0.0,0.0,0.0,0.0,0.0,0.16000000000000003
0.0,0.0,0.0,0.0,0.0,0.16000000000000003
0.0,0.0,0.0,0.0,0.0,0.16000000000000003
0.0,0.0,0.0,0.0,0.0,0.16000000000000003
0.0,0.0,0.0,0.0,0.0,0.16000000000000003
0.0,0.0,0.0,0.0,0.0,0.16000000000000003
0.0,0.0,0.0,0.0,0.0,0.16000000000000003
0.0,0.0,0.0,0.0,0.0,0.16000000000000003
0.0,0.0,0.0,0.0,0.0,0.16000000000000003
0.0,0.0,0.0,0.0,0.0,0.16000000000000003
0.0,0.0,0.0,0.0,0.0,0.16000000000000003
0.1,0.0,0.0,0.0,0.0,0.4676264105103391
0.1,0.0,0.0,0.0,0.0,0.4676264105103391
0.1,0.0,0.0,0.0,0.0,0.4551759700355672
0.1,0.0,0.0,0.0,0.0,0.4551759700355672
0.1,0.0,0.0,0.0,0.0,0.4551759700355672
0.1,0.0,0.0,0.0,0.0,0.4426848609567811
0.1,0.0,0.0,0.0,0.0,0.4426848609567811
0.1,0.0,0.0,0.0,0.0,0.4401836163695311
0.1,0.0,0.0,0.0,0.0,0.43017392198048016
0.1,0.0,0.0,0.0,0.0,0.43017392198048016
0.1,0.0,0.0,0.0,0.0,0.41766267342708485
0.1,0.0,0.0,0.0,0.0,0.41766267342708485
0.1,0.0,0.0,0.0,0.0,0.4101634264381009
0.1,0.0,0.0,0.0,0.0,0.4051693863090674
0.1,0.0,0.0,0.0,0.0,0.39271114726486034
0.1,0.0,0.0,0.0,0.0,0.39271114726486034
0.1,0.0,0.0,0.0,0.0,0.39271114726486034
0.1,0.0,0.0,0.0,0.0,0.38030391975848765
0.1,0.0,0.0,0.0,0.0,0.38030391975848765
0.1,0.0,0.0,0.0,0.0,0.38030391975848765
0.1,0.0,0.0,0.0,0.0,0.3673469064047278
0.1,0.0,0.0,0.0,0.0,0.3673469064047278
0.1,0.0,0.0,0.0,0.0,0.3539545186312452
0.1,0.0,0.0,0.0,0.0,0.3539545186312452
0.1,0.0,0.0,0.0,0.0,0.3539545186312452
0.1,0.0,0.0,0.0,0.0,0.3406983061649642
0.1,0.0,0.0,0.0,0.0,0.3406983061649642
0.1,0.0,0.0,0.0,0.0,0.32759206522368434
0.1,0.0,0.0,0.0,0.0,0.32759206522368434
0.1,0.0,0.0,0.0,0.0,0.32759206522368434
0.10526141491797497,0.0,0.0,0.0,0.0,0.2888888888888888
0.10526141491797497,0.0,0.0,0.0,0.0,0.2888888888888888
0.10814297966145497,0.0,0.0,0.0,0.0,0.2888888888888889
0.12403462158364853,0.0,0.0,0.0,0.0,0.28888888888888886
0.13038353658209495,0.0,0.0,0.0,0.0,0.2888888888888889
0.13038353658209495,0.0,0.0,0.0,0.0,0.2888888888888889
0.13761820958202356,0.0,0.0,0.0,0.0,0.28888888888888886
0.14085135075656424,0.0,0.0,0.0,0.0,0.288888888888889
0.14085135075656424,0.0,0.0,0.0,0.0,0.288888888888889
0.164370820126857,0.0,0.0,0.0,0.0,0.2888888888888889
0.164370820126857,0.0,0.0,0.0,0.0,0.2888888888888889
0.18438490250812772,0.0,0.0,0.0,0.0,0.2888888888888889
0.2008399426467369,0.0,0.0,0.0,0.0,0.2888888888888889
0.2008399426467369,0.0,0.0,0.0,0.0,0.2888888888888889
0.26,0.0,0.0,0.0,0.0,0.2856807174976829
0.26,0.0,0.0,0.0,0.0,0.2856807174976829
0.26,0.0,0.0,0.0,0.0,0.18393377530239724
0.26,0.0,0.0,0.0,0.0,0.18393377530239724
0.26,0.0,0.0,0.0,0.0,0.18393377530239724
0.26,0.0,0.0,0.0,0.0,0.08240295700824535
0.26,0.0,0.0,0.0,0.0,0.08240295700824535
0.2369143485773111,0.0,0.0,0.0,0.0,-0.2888888888888889
0.16656453810476388,0.0,0.0,0.0,0.0,-0.28888888888888886
0.13717558732916474,0.0,0.0,0.0,0.0,-0.28888888888888886
0.11502546112487201,0.0,0.0,0.0,0.0,-0.2888888888888889
0.11502546112487201,0.0,0.0,0.0,0.0,-0.2888888888888889
0.1,0.0,0.0,0.0,0.0,-0.30142666942160423
0.1,0.0,0.0,0.0,0.0,-0.30142666942160423
0.1,0.0,0.0,0.0,0.0,-0.30142666942160423
0.1,0.0,0.0,0.0,0.0,-0.3339020638008774
0.1,0.0,0.0,0.0,0.0,-0.3339020638008774
0.1,0.0,0.0,0.0,0.0,-0.3339020638008774
0.1,0.0,0.0,0.0,0.0,-0.35290284219676615
0.1,0.0,0.0,0.0,0.0,-0.35290284219676615
0.1,0.0,0.0,0.0,0.0,-0.3756701781501234
0.1,0.0,0.0,0.0,0.0,-0.3756701781501234
0.1,0.0,0.0,0.0,0.0,-0.3756701781501234
0.1,0.0,0.0,0.0,0.0,-0.3908760826948024
0.1,0.0,0.0,0.0,0.0,-0.3908760826948024
0.1,0.0,0.0,0.0,0.0,-0.4106759814547788
0.1,0.0,0.0,0.0,0.0,-0.4120409678499253
0.1,0.0,0.0,0.0,0.0,-0.44760321415510546
0.1,0.0,0.0,0.0,0.0,-0.44760321415510546
0.0,0.0,0.0,0.0,0.0,-0.16000000000000003
0.0,0.0,0.0,0.0,0.0,-0.16000000000000003
0.0,0.0,0.0,0.0,0.0,-0.16000000000000003
0.0,0.0,0.0,0.0,0.0,-0.16000000000000003
0.0,0.0,0.0,0.0,0.0,-0.16000000000000003
0.0,0.0,0.0,0.0,0.0,-0.16000000000000003
0.0,0.0,0.0,0.0,0.0,-0.16000000000000003
0.0,0.0,0.0,0.0,0.0,-0.16000000000000003
0.0,0.0,0.0,0.0,0.0,-0.16000000000000003
0.0,0.0,0.0,0.0,0.0,-0.16000000000000003
0.0,0.0,0.0,0.0,0.0,-0.16000000000000003
0.0,0.0,0.0,0.0,0.0,-0.16000000000000003
0.0,0.0,0.0,0.0,0.0,-0.16000000000000003
0.0,0.0,0.0,0.0,0.0,-0.16000000000000003
0.0,0.0,0.0,0.0,0.0,-0.16000000000000003
0.0,0.0,0.0,0.0,0.0,-0.16000000000000003
0.0,0.0,0.0,0.0,0.0,-0.16000000000000003
0.0,0.0,0.0,0.0,0.0,-0.16000000000000003
0.0,0.0,0.0,0.0,0.0,-0.16000000000000003
0.0,0.0,0.0,0.0,0.0,-0.16000000000000003
0.0,0.0,0.0,0.0,0.0,-0.16000000000000003
0.0,0.0,0.0,0.0,0.0,-0.16000000000000003
0.0,0.0,0.0,0.0,0.0,-0.16000000000000003
0.0,0.0,0.0,0.0,0.0,-0.16000000000000003
0.0,0.0,0.0,0.0,0.0,-0.16000000000000003
0.0,0.0,0.0,0.0,0.0,-0.16000000000000003
0.0,0.0,0.0,0.0,0.0,-0.16000000000000003
0.0,0.0,0.0,0.0,0.0,-0.16000000000000003
0.0,0.0,0.0,0.0,0.0,-0.16000000000000003
0.0,0.0,0.0,0.0,0.0,-0.16000000000000003
0.0,0.0,0.0,0.0,0.0,-0.16000000000000003
0.0,0.0,0.0,0.0,0.0,-0.16000000000000003
0.0,0.0,0.0,0.0,0.0,-0.16000000000000003
0.0,0.0,0.0,0.0,0.0,-0.16000000000000003
0.0,0.0,0.0,0.0,0.0,-0.16000000000000003
0.0,0.0,0.0,0.0,0.0,-0.16000000000000003
0.0,0.0,0.0,0.0,0.0,-0.16000000000000003
0.0,0.0,0.0,0.0,0.0,-0.16000000000000003
0.0,0.0,0.0,0.0,0.0,-0.16000000000000003
0.0,0.0,0.0,0.0,0.0,-0.16000000000000003
0.0,0.0,0.0,0.0,0.0,-0.16000000000000003
0.0,0.0,0.0,0.0,0.0,-0.16000000000000003
0.0,0.0,0.0,0.0,0.0,-0.16000000000000003
0.0,0.0,0.0,0.0,0.0,-0.16000000000000003
0.0,0.0,0.0,0.0,0.0,-0.16000000000000003
0.0,0.0,0.0,0.0,0.0,-0.16000000000000003
0.0,0.0,0.0,0.0,0.0,-0.16000000000000003
0.0,0.0,0.0,0.0,0.0,-0.16000000000000003
0.0,0.0,0.0,0.0,0.0,-0.16000000000000003
0.0,0.0,0.0,0.0,0.0,-0.16000000000000003
0.0,0.0,0.0,0.0,0.0,-0.16000000000000003
0.0,0.0,0.0,0.0,0.0,-0.16000000000000003
0.0,0.0,0.0,0.0,0.0,-0.16000000000000003
0.0,0.0,0.0,0.0,0.0,-0.16000000000000003
0.0,0.0,0.0,0.0,0.0,-0.16000000000000003
0.0,0.0,0.0,0.0,0.0,-0.16000000000000003
0.0,0.0,0.0,0.0,0.0,-0.16000000000000003
0.1,0.0,0.0,0.0,0.0,-0.4693847190496732
0.1,0.0,0.0,0.0,0.0,-0.4693847190496732
0.1,0.0,0.0,0.0,0.0,-0.4642314454090712
0.1,0.0,0.0,0.0,0.0,-0.4642314454090712
0.1,0.0,0.0,0.0,0.0,-0.4642314454090712
0.1,0.0,0.0,0.0,0.0,-0.4563622608919247
0.1,0.0,0.0,0.0,0.0,-0.4563622608919247
0.1,0.0,0.0,0.0,0.0,-0.4234293211643085
0.1,0.0,0.0,0.0,0.0,-0.4234293211643085
0.1,0.0,0.0,0.0,0.0,-0.4164439372729861
0.1,0.0,0.0,0.0,0.0,-0.4164439372729861
0.1,0.0,0.0,0.0,0.0,-0.4164439372729861
0.1,0.0,0.0,0.0,0.0,-0.4091892354840023
0.1,0.0,0.0,0.0,0.0,-0.4091892354840023
0.1,0.0,0.0,0.0,0.0,-0.40621046669578764
0.1,0.0,0.0,0.0,0.0,-0.40318712780235577
0.1,0.0,0.0,0.0,0.0,-0.40318712780235677
0.1,0.0,0.0,0.0,0.0,-0.39543101526314683
0.1,0.0,0.0,0.0,0.0,-0.38738711566232836
0.1,0.0,0.0,0.0,0.0,-0.38738711566232836
0.1,0.0,0.0,0.0,0.0,-0.38738711566232836
0.1,0.0,0.0,0.0,0.0,-0.3773453388751651
0.1,0.0,0.0,0.0,0.0,-0.3773453388751651
0.1,0.0,0.0,0.0,0.0,-0.3773453388751651
0.1,0.0,0.0,0.0,0.0,-0.36864533100667946
0.1,0.0,0.0,0.0,0.0,-0.36864533100667946
0.1,0.0,0.0,0.0,0.0,-0.3614634905560449
0.1,0.0,0.0,0.0,0.0,-0.3614634905560449
0.1,0.0,0.0,0.0,0.0,-0.3614634905560449
0.1,0.0,0.0,0.0,0.0,-0.35220359412763125
0.1,0.0,0.0,0.0,0.0,-0.35220359412763125
0.1,0.0,0.0,0.0,0.0,-0.3406690720841852
0.1,0.0,0.0,0.0,0.0,-0.3406690720841852
0.1,0.0,0.0,0.0,0.0,-0.3406690720841852
0.1,0.0,0.0,0.0,0.0,-0.33069767231853003
0.1,0.0,0.0,0.0,0.0,-0.3224811459746717
0.1,0.0,0.0,0.0,0.0,-0.3224811459746717
0.1,0.0,0.0,0.0,0.0,-0.3224811459746717
0.1,0.0,0.0,0.0,0.0,-0.30098886787398127
0.1,0.0,0.0,0.0,0.0,-0.30098886787398127
0.1,0.0,0.0,0.0,0.0,-0.30098886787398127
0.10320001145521121,0.0,0.0,0.0,0.0,-0.2888888888888889
0.10320001145521121,0.0,0.0,0.0,0.0,-0.2888888888888889
0.11048698120820212,0.0,0.0,0.0,0.0,-0.2888888888888889
0.11048698120820212,0.0,0.0,0.0,0.0,-0.2888888888888889
0.11048698120820212,0.0,0.0,0.0,0.0,-0.2888888888888889
0.12201736360523897,0.0,0.0,0.0,0.0,-0.2888888888888889
0.12201736360523897,0.0,0.0,0.0,0.0,-0.2888888888888889
0.26,0.0,0.0,0.0,0.0,-0.24075504523352215
0.26,0.0,0.0,0.0,0.0,-0.15214388456630942
0.26,0.0,0.0,0.0,0.0,-0.15214388456630942
0.26,0.0,0.0,0.0,0.0,-0.15214388456630942
0.26,0.0,0.0,0.0,0.0,0.11436210477748052
0.26,0.0,0.0,0.0,0.0,0.20684015850710352
0.26,0.0,0.0,0.0,0.0,0.20684015850710352
0.26,0.0,0.0,0.0,0.0,0.20684015850710352
0.2518072959581795,0.0,0.0,0.0,0.0,0.2888888888888889
0.2518072959581795,0.0,0.0,0.0,0.0,0.2888888888888889
0.1945285968007632,0.0,0.0,0.0,0.0,0.28888888888888886
0.1945285968007632,0.0,0.0,0.0,0.0,0.28888888888888886
0.1945285968007632,0.0,0.0,0.0,0.0,0.28888888888888886
0.15932881219475514,0.0,0.0,0.0,0.0,0.28888888888888886
0.15932881219475514,0.0,0.0,0.0,0.0,0.28888888888888886
0.13557629600326318,0.0,0.0,0.0,0.0,0.28888888888888886
0.13557629600326318,0.0,0.0,0.0,0.0,0.28888888888888886
0.13557629600326318,0.0,0.0,0.0,0.0,0.28888888888888886
0.11840802534040017,0.0,0.0,0.0,0.0,0.2888888888888889
0.11840802534040017,0.0,0.0,0.0,0.0,0.2888888888888889
0.11553248756402576,0.0,0.0,0.0,0.0,0.2888888888888889
0.1,0.0,0.0,0.0,0.0,0.35834346314522075
0.1,0.0,0.0,0.0,0.0,0.35834346314522075
0.1,0.0,0.0,0.0,0.0,0.3840574032595091
0.1,0.0,0.0,0.0,0.0,0.3499693364014993
0.1,0.0,0.0,0.0,0.0,0.37442530725625073
0.1,0.0,0.0,0.0,0.0,0.37442530725625073
0.1,0.0,0.0,0.0,0.0,0.3981286004361264
0.1,0.0,0.0,0.0,0.0,0.3981286004361264
0.1,0.0,0.0,0.0,0.0,0.3981286004361264
0.1,0.0,0.0,0.0,0.0,0.421560539765389
0.1,0.0,0.0,0.0,0.0,0.421560539765389
0.1,0.0,0.0,0.0,0.0,0.44404396981943456
0.1,0.0,0.0,0.0,0.0,0.44404396981943456
0.1,0.0,0.0,0.0,0.0,0.462938876544732
0.1,0.0,0.0,0.0,0.0,0.46760724681412147
0.1,0.0,0.0,0.0,0.0,0.46760724681412147
0.0,0.0,0.0,0.0,0.0,0.16000000000000003
0.0,0.0,0.0,0.0,0.0,0.16000000000000003
0.0,0.0,0.0,0.0,0.0,0.16000000000000003
0.0,0.0,0.0,0.0,0.0,0.16000000000000003
0.0,0.0,0.0,0.0,0.0,0.16000000000000003
0.0,0.0,0.0,0.0,0.0,0.16000000000000003
0.1,0.0,0.0,0.0,0.0,0.4577113363798755
0.0,0.0,0.0,0.0,0.0,0.16000000000000003
0.0,0.0,0.0,0.0,0.0,0.16000000000000003
0.0,0.0,0.0,0.0,0.0,0.16000000000000003
0.0,0.0,0.0,0.0,0.0,0.16000000000000003
0.0,0.0,0.0,0.0,0.0,0.16000000000000003
0.0,0.0,0.0,0.0,0.0,0.16000000000000003
0.0,0.0,0.0,0.0,0.0,0.16000000000000003
0.0,0.0,0.0,0.0,0.0,0.16000000000000003
0.0,0.0,0.0,0.0,0.0,0.16000000000000003
0.0,0.0,0.0,0.0,0.0,0.16000000000000003
0.0,0.0,0.0,0.0,0.0,0.16000000000000003
0.0,0.0,0.0,0.0,0.0,0.16000000000000003
0.0,0.0,0.0,0.0,0.0,0.16000000000000003
0.0,0.0,0.0,0.0,0.0,0.16000000000000003
0.0,0.0,0.0,0.0,0.0,0.16000000000000003
0.0,0.0,0.0,0.0,0.0,0.16000000000000003
0.0,0.0,0.0,0.0,0.0,0.16000000000000003
0.0,0.0,0.0,0.0,0.0,0.16000000000000003
0.0,0.0,0.0,0.0,0.0,0.16000000000000003
0.1672494356684726,0.0,0.0,0.0,0.0,0.28888888888888886
0.18582826547018444,0.0,0.0,0.0,0.0,0.2888888888888889
0.18582826547018444,0.0,0.0,0.0,0.0,0.2888888888888889
0.18582826547018444,0.0,0.0,0.0,0.0,0.2888888888888889
0.2159056453401077,0.0,0.0,0.0,0.0,0.2888888888888889
0.2159056453401077,0.0,0.0,0.0,0.0,0.2888888888888889
0.2159056453401077,0.0,0.0,0.0,0.0,0.2888888888888889
0.26,0.0,0.0,0.0,0.0,0.2830271793144934
0.26,0.0,0.0,0.0,0.0,0.2830271793144934
0.26,0.0,0.0,0.0,0.0,0.22022761275425706
0.26,0.0,0.0,0.0,0.0,0.22022761275425706
0.26,0.0,0.0,0.0,0.0,0.22022761275425706
0.26,0.0,0.0,0.0,0.0,0.20091720162967558
0.26,0.0,0.0,0.0,0.0,0.20091720162967558
0.26,0.0,0.0,0.0,0.0,0.20091720162967558
0.26,0.0,0.0,0.0,0.0,0.18010227739291704
0.26,0.0,0.0,0.0,0.0,0.18010227739291704
0.26,0.0,0.0,0.0,0.0,0.18010227739291704
0.26,0.0,0.0,0.0,0.0,0.09803892117127369
0.26,0.0,0.0,0.0,0.0,0.0741972180877128
0.26,0.0,0.0,0.0,0.0,0.0741972180877128
0.26,0.0,0.0,0.0,0.0,0.052130004543804835
0.26,0.0,0.0,0.0,0.0,0.052130004543804835
0.26,0.0,0.0,0.0,0.0,0.052130004543804835
0.26,0.0,0.0,0.0,0.0,0.035184059461582685
0.26,0.0,0.0,0.0,0.0,0.035184059461582685
0.26,0.0,0.0,0.0,0.0,0.006560487392416154
0.26,0.0,0.0,0.0,0.0,0.006560487392416154
0.26,0.0,0.0,0.0,0.0,0.006560487392416154
0.26,0.0,0.0,0.0,0.0,-0.16090422646465471
0.26,0.0,0.0,0.0,0.0,-0.16090422646465471
0.26,0.0,0.0,0.0,0.0,-0.2071076585647822
0.26,0.0,0.0,0.0,0.0,-0.2071076585647822
0.26,0.0,0.0,0.0,0.0,-0.2071076585647822
0.26,0.0,0.0,0.0,0.0,-0.247353792277703
0.26,0.0,0.0,0.0,0.0,-0.247353792277703
0.26,0.0,0.0,0.0,0.0,-0.28062115276458666
0.23211836744788944,0.0,0.0,0.0,0.0,-0.2888888888888889
0.23211836744788944,0.0,0.0,0.0,0.0,-0.2888888888888889
0.23211836744788944,0.0,0.0,0.0,0.0,-0.2888888888888889
0.19676777544570226,0.0,0.0,0.0,0.0,-0.28888888888888886
0.19676777544570226,0.0,0.0,0.0,0.0,-0.28888888888888886
0.19676777544570226,0.0,0.0,0.0,0.0,-0.28888888888888886
0.1717643234416408,0.0,0.0,0.0,0.0,-0.2888888888888889
0.1717643234416408,0.0,0.0,0.0,0.0,-0.2888888888888889
0.1717643234416408,0.0,0.0,0.0,0.0,-0.2888888888888889
0.15304996028410056,0.0,0.0,0.0,0.0,-0.2888888888888889
0.15304996028410056,0.0,0.0,0.0,0.0,-0.2888888888888889
0.15050824411270203,0.0,0.0,0.0,0.0,-0.2888888888888889
0.1387298829072495,0.0,0.0,0.0,0.0,-0.2888888888888889
0.1387298829072495,0.0,0.0,0.0,0.0,-0.2888888888888889
0.12850283239784668,0.0,0.0,0.0,0.0,-0.2888888888888889
0.12850283239784668,0.0,0.0,0.0,0.0,-0.2888888888888889
0.12850283239784668,0.0,0.0,0.0,0.0,-0.2888888888888889
0.12119277701367767,0.0,0.0,0.0,0.0,-0.2888888888888889
0.13260172136329781,0.0,0.0,0.0,0.0,-0.28888888888888886
0.1205713847421917,0.0,0.0,0.0,0.0,-0.2888888888888889
0.1205713847421917,0.0,0.0,0.0,0.0,-0.2888888888888889
0.1205713847421917,0.0,0.0,0.0,0.0,-0.2888888888888889
0.11079108316200843,0.0,0.0,0.0,0.0,-0.28888888888888886
0.11079108316200843,0.0,0.0,0.0,0.0,-0.28888888888888886
0.10387919456213045,0.0,0.0,0.0,0.0,-0.28888888888888886
0.10387919456213045,0.0,0.0,0.0,0.0,-0.28888888888888886
0.10387919456213045,0.0,0.0,0.0,0.0,-0.28888888888888886
0.1,0.0,0.0,0.0,0.0,-0.2929392970325872
0.1,0.0,0.0,0.0,0.0,-0.2929392970325872
0.1,0.0,0.0,0.0,0.0,-0.2929392970325872
0.1,0.0,0.0,0.0,0.0,-0.30703369073746556
0.1,0.0,0.0,0.0,0.0,-0.30703369073746556
0.1,0.0,0.0,0.0,0.0,-0.30703369073746556
0.1,0.0,0.0,0.0,0.0,-0.320817114893038
0.1,0.0,0.0,0.0,0.0,-0.320817114893038
0.1,0.0,0.0,0.0,0.0,-0.33036506428288526
0.1,0.0,0.0,0.0,0.0,-0.32511090401656795
0.1,0.0,0.0,0.0,0.0,-0.32511090401656795
0.16432133657682138,0.0,0.0,0.0,0.0,-0.2888888888888889
0.1707066994507173,0.0,0.0,0.0,0.0,-0.2888888888888889
0.17813749054202438,0.0,0.0,0.0,0.0,-0.28888888888888886
0.17813749054202438,0.0,0.0,0.0,0.0,-0.28888888888888886
0.17813749054202438,0.0,0.0,0.0,0.0,-0.28888888888888886
0.19041671933768967,0.0,0.0,0.0,0.0,-0.28888888888888886
0.19041671933768967,0.0,0.0,0.0,0.0,-0.28888888888888886
0.20942850350011785,0.0,0.0,0.0,0.0,-0.28888888888888886
0.20942850350011785,0.0,0.0,0.0,0.0,-0.28888888888888886
0.20942850350011785,0.0,0.0,0.0,0.0,-0.28888888888888886
0.22740244928704811,0.0,0.0,0.0,0.0,-0.2888888888888889
0.22740244928704811,0.0,0.0,0.0,0.0,-0.2888888888888889
0.26,0.0,0.0,0.0,0.0,-0.2839651685270137
0.26,0.0,0.0,0.0,0.0,-0.2839651685270137
0.26,0.0,0.0,0.0,0.0,-0.2839651685270137
0.26,0.0,0.0,0.0,0.0,-0.25203739270626424
0.26,0.0,0.0,0.0,0.0,-0.25203739270626424
0.26,0.0,0.0,0.0,0.0,-0.25203739270626424
0.26,0.0,0.0,0.0,0.0,-0.20956873021066505
0.26,0.0,0.0,0.0,0.0,-0.1526408285670442
0.26,0.0,0.0,0.0,0.0,-0.11429151431149169
0.26,0.0,0.0,0.0,0.0,-0.11429151431149169
0.26,0.0,0.0,0.0,0.0,-0.06302043949419332
0.26,0.0,0.0,0.0,0.0,-0.06302043949419332
0.26,0.0,0.0,0.0,0.0,-0.06302043949419332
0.26,0.0,0.0,0.0,0.0,-0.025150641007961858
0.26,0.0,0.0,0.0,0.0,-0.025150641007961858
0.26,0.0,0.0,0.0,0.0,-0.025150641007961858
0.26,0.0,0.0,0.0,0.0,0.03587349822727381
0.26,0.0,0.0,0.0,0.0,0.03587349822727381
0.26,0.0,0.0,0.0,0.0,0.07704734574905181
0.26,0.0,0.0,0.0,0.0,0.07704734574905181
0.26,0.0,0.0,0.0,0.0,0.07704734574905181
0.26,0.0,0.0,0.0,0.0,0.14363621551793537
0.26,0.0,0.0,0.0,0.0,0.14363621551793537
0.26,0.0,0.0,0.0,0.0,0.14363621551793537
0.26,0.0,0.0,0.0,0.0,0.18819710681479565
0.26,0.0,0.0,0.0,0.0,0.18819710681479565
0.26,0.0,0.0,0.0,0.0,0.2578521032975748
0.18833911741965412,0.0,0.0,0.0,0.0,0.28888888888888886
0.1659115925845648,0.0,0.0,0.0,0.0,0.28888888888888886
0.1659115925845648,0.0,0.0,0.0,0.0,0.28888888888888886
0.1,0.0,0.0,0.0,0.0,0.3327210822192882
0.1,0.0,0.0,0.0,0.0,0.3327210822192882
0.1,0.0,0.0,0.0,0.0,0.3742022964522879
0.1,0.0,0.0,0.0,0.0,0.3742022964522879
0.1,0.0,0.0,0.0,0.0,0.3742022964522879
0.1,0.0,0.0,0.0,0.0,0.40992089791600733
0.1,0.0,0.0,0.0,0.0,0.40992089791600733
0.1,0.0,0.0,0.0,0.0,0.43904163571030513
0.1,0.0,0.0,0.0,0.0,0.43904163571030513
0.1,0.0,0.0,0.0,0.0,0.43904163571030513
0.0,0.0,0.0,0.0,0.0,0.16000000000000003
0.0,0.0,0.0,0.0,0.0,0.16000000000000003
0.0,0.0,0.0,0.0,0.0,0.16000000000000003
0.0,0.0,0.0,0.0,0.0,0.16000000000000003
0.0,0.0,0.0,0.0,0.0,0.16000000000000003
0.0,0.0,0.0,0.0,0.0,0.16000000000000003
0.1,0.0,0.0,0.0,0.0,0.41679534543197105
0.1,0.0,0.0,0.0,0.0,0.4521358779486902
0.1,0.0,0.0,0.0,0.0,0.4521358779486902
0.0,0.0,0.0,0.0,0.0,0.16000000000000003
0.0,0.0,0.0,0.0,0.0,0.16000000000000003
0.0,0.0,0.0,0.0,0.0,0.16000000000000003
0.0,0.0,0.0,0.0,0.0,0.16000000000000003
0.0,0.0,0.0,0.0,0.0,0.16000000000000003
0.0,0.0,0.0,0.0,0.0,0.16000000000000003
0.0,0.0,0.0,0.0,0.0,0.16000000000000003
0.0,0.0,0.0,0.0,0.0,0.16000000000000003
0.0,0.0,0.0,0.0,0.0,0.16000000000000003
0.0,0.0,0.0,0.0,0.0,0.16000000000000003
0.0,0.0,0.0,0.0,0.0,0.16000000000000003
0.0,0.0,0.0,0.0,0.0,0.16000000000000003
0.0,0.0,0.0,0.0,0.0,0.16000000000000003
0.0,0.0,0.0,0.0,0.0,0.16000000000000003
0.0,0.0,0.0,0.0,0.0,0.16000000000000003
0.0,0.0,0.0,0.0,0.0,0.16000000000000003
0.0,0.0,0.0,0.0,0.0,0.16000000000000003
0.1,0.0,0.0,0.0,0.0,0.42708681924690944
0.1,0.0,0.0,0.0,0.0,0.4522290528817127
0.1,0.0,0.0,0.0,0.0,0.4522290528817127
0.0,0.0,0.0,0.0,0.0,0.16000000000000003
0.0,0.0,0.0,0.0,0.0,0.16000000000000003
0.0,0.0,0.0,0.0,0.0,0.16000000000000003
0.0,0.0,0.0,0.0,0.0,0.16000000000000003
0.0,0.0,0.0,0.0,0.0,0.16000000000000003
0.0,0.0,0.0,0.0,0.0,0.16000000000000003
0.0,0.0,0.0,0.0,0.0,0.16000000000000003
0.0,0.0,0.0,0.0,0.0,0.16000000000000003
0.0,0.0,0.0,0.0,0.0,0.16000000000000003
0.0,0.0,0.0,0.0,0.0,0.16000000000000003
0.1,0.0,0.0,0.0,0.0,0.4664903226488301
0.1,0.0,0.0,0.0,0.0,0.4664903226488301
0.1,0.0,0.0,0.0,0.0,0.4603357912104696
0.1,0.0,0.0,0.0,0.0,0.4603357912104696
0.1,0.0,0.0,0.0,0.0,0.4603357912104696
0.12603433792849897,0.0,0.0,0.0,0.0,0.28888888888888886
0.13109573959214446,0.0,0.0,0.0,0.0,0.288888888888889
0.13109573959214446,0.0,0.0,0.0,0.0,0.288888888888889
0.13109573959214446,0.0,0.0,0.0,0.0,0.288888888888889
0.13718452954754468,0.0,0.0,0.0,0.0,0.2888888888888889
0.13718452954754468,0.0,0.0,0.0,0.0,0.2888888888888889
0.14455627546083324,0.0,0.0,0.0,0.0,0.2888888888888889
0.14455627546083324,0.0,0.0,0.0,0.0,0.2888888888888889
0.14455627546083324,0.0,0.0,0.0,0.0,0.2888888888888889
0.15559232178510765,0.0,0.0,0.0,0.0,0.28888888888888886
0.15559232178510765,0.0,0.0,0.0,0.0,0.28888888888888886
0.15559232178510765,0.0,0.0,0.0,0.0,0.28888888888888886
0.16721558813457288,0.0,0.0,0.0,0.0,0.28888888888888886
0.16721558813457288,0.0,0.0,0.0,0.0,0.28888888888888886
0.18186797225240448,0.0,0.0,0.0,0.0,0.28888888888888886
0.18186797225240448,0.0,0.0,0.0,0.0,0.28888888888888886
0.18186797225240448,0.0,0.0,0.0,0.0,0.28888888888888886
0.20076197925811992,0.0,0.0,0.0,0.0,0.2888888888888889
0.20076197925811992,0.0,0.0,0.0,0.0,0.2888888888888889
0.22021705751440665,0.0,0.0,0.0,0.0,0.28888888888888886
0.22021705751440399,0.0,0.0,0.0,0.0,0.2888888888888889
0.26,0.0,0.0,0.0,0.0,0.2508215499000494
0.26,0.0,0.0,0.0,0.0,0.2508215499000494
0.26,0.0,0.0,0.0,0.0,0.2508215499000494
0.26,0.0,0.0,0.0,0.0,0.2508215499000494
0.26,0.0,0.0,0.0,0.0,0.18768551550022167
0.26,0.0,0.0,0.0,0.0,0.18768551550022167
0.26,0.0,0.0,0.0,0.0,0.18768551550022167
0.26,0.0,0.0,0.0,0.0,0.1196134720540965
0.26,0.0,0.0,0.0,0.0,0.1196134720540965
0.26,0.0,0.0,0.0,0.0,0.1196134720540965
0.26,0.0,0.0,0.0,0.0,0.06952575645459963
0.26,0.0,0.0,0.0,0.0,0.06952575645459963
0.26,0.0,0.0,0.0,0.0,0.06952575645459963
0.26,0.0,0.0,0.0,0.0,-0.2508083176389111
0.22269687014394143,0.0,0.0,0.0,0.0,-0.28888888888888886
0.22269687014394143,0.0,0.0,0.0,0.0,-0.28888888888888886
0.22269687014394143,0.0,0.0,0.0,0.0,-0.28888888888888886
0.26,0.0,0.0,0.0,0.0,-0.25484085791563543
0.26,0.0,0.0,0.0,0.0,-0.25484085791563543
0.2458273256257294,0.0,0.0,0.0,0.0,-0.28888888888888886
0.2458273256257294,0.0,0.0,0.0,0.0,-0.28888888888888886
0.2458273256257294,0.0,0.0,0.0,0.0,-0.28888888888888886
0.2114498029818972,0.0,0.0,0.0,0.0,-0.28888888888888886
0.2114498029818972,0.0,0.0,0.0,0.0,-0.28888888888888886
0.2114498029818972,0.0,0.0,0.0,0.0,-0.28888888888888886
0.1807225642542282,0.0,0.0,0.0,0.0,-0.28888888888888886
0.1807225642542282,0.0,0.0,0.0,0.0,-0.28888888888888886
0.1807225642542282,0.0,0.0,0.0,0.0,-0.28888888888888886
0.16118715844646214,0.0,0.0,0.0,0.0,-0.2888888888888889
0.16118715844646214,0.0,0.0,0.0,0.0,-0.2888888888888889
0.148402146031546,0.0,0.0,0.0,0.0,-0.28888888888888886
0.148402146031546,0.0,0.0,0.0,0.0,-0.28888888888888886
0.148402146031546,0.0,0.0,0.0,0.0,-0.28888888888888886
0.13512964517334478,0.0,0.0,0.0,0.0,-0.28888888888888886
0.13512964517334478,0.0,0.0,0.0,0.0,-0.28888888888888886
0.12595012916451973,0.0,0.0,0.0,0.0,-0.2888888888888889
0.12415726543884058,0.0,0.0,0.0,0.0,-0.2888888888888889
0.14047305280728953,0.0,0.0,0.0,0.0,-0.2888888888888889
0.12589540748853612,0.0,0.0,0.0,0.0,-0.288888888888889
0.12589540748853612,0.0,0.0,0.0,0.0,-0.288888888888889
0.11638017424456139,0.0,0.0,0.0,0.0,-0.2888888888888889
0.11638017424456139,0.0,0.0,0.0,0.0,-0.2888888888888889
0.10373081313227014,0.0,0.0,0.0,0.0,-0.2888888888888889
0.10373081313227014,0.0,0.0,0.0,0.0,-0.2888888888888889
0.10373081313227014,0.0,0.0,0.0,0.0,-0.2888888888888889
0.1,0.0,0.0,0.0,0.0,-0.3047835520927654
0.1,0.0,0.0,0.0,0.0,-0.3047835520927654
0.1,0.0,0.0,0.0,0.0,-0.33150613735525325
0.1,0.0,0.0,0.0,0.0,-0.33150613735525325
0.1,0.0,0.0,0.0,0.0,-0.33150613735525325
0.1,0.0,0.0,0.0,0.0,-0.3558224514922576
0.1,0.0,0.0,0.0,0.0,-0.3558224514922576
0.1,0.0,0.0,0.0,0.0,-0.37383624681136984
0.1,0.0,0.0,0.0,0.0,-0.3781306662743381
0.1,0.0,0.0,0.0,0.0,-0.3781306662743381
0.1,0.0,0.0,0.0,0.0,-0.45519148553318334
0.1,0.0,0.0,0.0,0.0,-0.33201288670695495
0.1,0.0,0.0,0.0,0.0,-0.33017510192500715
0.1,0.0,0.0,0.0,0.0,-0.33017510192500715
0.1,0.0,0.0,0.0,0.0,-0.33017510192500715
0.1,0.0,0.0,0.0,0.0,-0.3253009842583465
0.1,0.0,0.0,0.0,0.0,-0.3253009842583465
0.1,0.0,0.0,0.0,0.0,-0.3253009842583465
0.1,0.0,0.0,0.0,0.0,-0.3206210741766746
0.1,0.0,0.0,0.0,0.0,-0.3206210741766746
0.1,0.0,0.0,0.0,0.0,-0.3206210741766746
0.1,0.0,0.0,0.0,0.0,-0.3140787922548497
0.1,0.0,0.0,0.0,0.0,-0.3140787922548497
0.1,0.0,0.0,0.0,0.0,-0.3140787922548497
0.1,0.0,0.0,0.0,0.0,-0.3140787922548497
0.1,0.0,0.0,0.0,0.0,-0.3052430514512718
0.1,0.0,0.0,0.0,0.0,-0.3052430514512718
0.1,0.0,0.0,0.0,0.0,-0.3052430514512718
0.13909246348229382,0.0,0.0,0.0,0.0,-0.2888888888888889
0.14516094294884185,0.0,0.0,0.0,0.0,-0.2888888888888889
0.14684011869619032,0.0,0.0,0.0,0.0,-0.2888888888888889
0.14684011869619032,0.0,0.0,0.0,0.0,-0.2888888888888889
0.2041655785458451,0.0,0.0,0.0,0.0,-0.28888888888888886
0.2041655785458451,0.0,0.0,0.0,0.0,-0.28888888888888886
0.23046952412532173,0.0,0.0,0.0,0.0,-0.2888888888888889
0.23046952412532173,0.0,0.0,0.0,0.0,-0.2888888888888889
0.23046952412532173,0.0,0.0,0.0,0.0,-0.2888888888888889
0.26,0.0,0.0,0.0,0.0,-0.2783150563010134
0.26,0.0,0.0,0.0,0.0,-0.2783150563010134
0.26,0.0,0.0,0.0,0.0,-0.22187556241854645
0.26,0.0,0.0,0.0,0.0,-0.22187556241854645
0.26,0.0,0.0,0.0,0.0,-0.22187556241854645
0.26,0.0,0.0,0.0,0.0,-0.14131380834940183
0.26,0.0,0.0,0.0,0.0,-0.14131380834940183
0.26,0.0,0.0,0.0,0.0,-0.08043927488358303
0.26,0.0,0.0,0.0,0.0,-0.08043927488358303
0.26,0.0,0.0,0.0,0.0,-0.08089310628734536
0.26,0.0,0.0,0.0,0.0,0.015024903492324422
0.26,0.0,0.0,0.0,0.0,0.08188953029296923
0.26,0.0,0.0,0.0,0.0,0.08188953029296923
0.26,0.0,0.0,0.0,0.0,0.08188953029296923
0.26,0.0,0.0,0.0,0.0,0.19706729895653674
0.26,0.0,0.0,0.0,0.0,0.19706729895653674
0.26,0.0,0.0,0.0,0.0,0.19706729895653674
0.255191912610196,0.0,0.0,0.0,0.0,0.2888888888888889
0.255191912610196,0.0,0.0,0.0,0.0,0.2888888888888889
0.20361723818271915,0.0,0.0,0.0,0.0,0.28888888888888886
0.20361723818271915,0.0,0.0,0.0,0.0,0.28888888888888886
0.20361723818271915,0.0,0.0,0.0,0.0,0.28888888888888886
0.16994753830193254,0.0,0.0,0.0,0.0,0.2888888888888889
0.16994753830193254,0.0,0.0,0.0,0.0,0.2888888888888889
0.1462317610416346,0.0,0.0,0.0,0.0,0.2888888888888889
0.1462317610416346,0.0,0.0,0.0,0.0,0.2888888888888889
0.1,0.0,0.0,0.0,0.0,0.3618618108719126
0.1,0.0,0.0,0.0,0.0,0.4105139615066149
0.1,0.0,0.0,0.0,0.0,0.450816430499754
0.1,0.0,0.0,0.0,0.0,0.450816430499754
0.1,0.0,0.0,0.0,0.0,0.450816430499754
0.0,0.0,0.0,0.0,0.0,0.16000000000000003
0.0,0.0,0.0,0.0,0.0,0.16000000000000003
0.0,0.0,0.0,0.0,0.0,0.16000000000000003
0.0,0.0,0.0,0.0,0.0,0.16000000000000003
0.0,0.0,0.0,0.0,0.0,0.16000000000000003
0.0,0.0,0.0,0.0,0.0,0.16000000000000003
0.0,0.0,0.0,0.0,0.0,0.16000000000000003
0.0,0.0,0.0,0.0,0.0,0.16000000000000003
0.0,0.0,0.0,0.0,0.0,0.16000000000000003
0.0,0.0,0.0,0.0,0.0,0.16000000000000003
0.0,0.0,0.0,0.0,0.0,0.16000000000000003
0.0,0.0,0.0,0.0,0.0,0.16000000000000003
0.0,0.0,0.0,0.0,0.0,0.16000000000000003
0.0,0.0,0.0,0.0,0.0,0.16000000000000003
0.0,0.0,0.0,0.0,0.0,0.16000000000000003
0.0,0.0,0.0,0.0,0.0,0.16000000000000003
0.0,0.0,0.0,0.0,0.0,0.16000000000000003
0.0,0.0,0.0,0.0,0.0,0.16000000000000003
0.0,0.0,0.0,0.0,0.0,0.16000000000000003
0.0,0.0,0.0,0.0,0.0,0.16000000000000003
0.0,0.0,0.0,0.0,0.0,0.16000000000000003
0.0,0.0,0.0,0.0,0.0,0.16000000000000003
0.0,0.0,0.0,0.0,0.0,0.16000000000000003
0.0,0.0,0.0,0.0,0.0,0.16000000000000003
0.0,0.0,0.0,0.0,0.0,0.16000000000000003
0.0,0.0,0.0,0.0,0.0,0.16000000000000003
0.0,0.0,0.0,0.0,0.0,0.16000000000000003
0.0,0.0,0.0,0.0,0.0,0.16000000000000003
0.0,0.0,0.0,0.0,0.0,0.16000000000000003
0.0,0.0,0.0,0.0,0.0,0.16000000000000003
0.0,0.0,0.0,0.0,0.0,0.16000000000000003
0.0,0.0,0.0,0.0,0.0,0.16000000000000003
0.0,0.0,0.0,0.0,0.0,0.16000000000000003
0.0,0.0,0.0,0.0,0.0,0.16000000000000003
0.1,0.0,0.0,0.0,0.0,0.3999480207026939
0.1,0.0,0.0,0.0,0.0,0.3999480207026939
0.1,0.0,0.0,0.0,0.0,0.3999480207026939
0.1,0.0,0.0,0.0,0.0,0.39110089323812086
0.1,0.0,0.0,0.0,0.0,0.39110089323812086
0.1,0.0,0.0,0.0,0.0,0.38236818693676555
0.1,0.0,0.0,0.0,0.0,0.38236818693676555
0.1,0.0,0.0,0.0,0.0,0.38236818693676555
0.1,0.0,0.0,0.0,0.0,0.37578675979412973
0.1,0.0,0.0,0.0,0.0,0.37578675979412973
0.1,0.0,0.0,0.0,0.0,0.3714541693561055
0.1,0.0,0.0,0.0,0.0,0.3684029188847937
0.1,0.0,0.0,0.0,0.0,0.3684029188847937
0.1,0.0,0.0,0.0,0.0,0.36019407354445854
0.1,0.0,0.0,0.0,0.0,0.36019407354445854
0.1,0.0,0.0,0.0,0.0,0.36019407354445854
0.1,0.0,0.0,0.0,0.0,0.35113651144012614
0.1,0.0,0.0,0.0,0.0,0.35113651144012614
0.1,0.0,0.0,0.0,0.0,0.3412052677520737
0.1,0.0,0.0,0.0,0.0,0.3412052677520737
0.11215307301941278,0.0,0.0,0.0,0.0,0.2888888888888888
0.11744518001691041,0.0,0.0,0.0,0.0,0.28888888888888886
0.125178384633927,0.0,0.0,0.0,0.0,0.28888888888888886
0.125178384633927,0.0,0.0,0.0,0.0,0.28888888888888886
0.125178384633927,0.0,0.0,0.0,0.0,0.28888888888888886
0.125178384633927,0.0,0.0,0.0,0.0,0.28888888888888886
0.125178384633927,0.0,0.0,0.0,0.0,0.28888888888888886
0.1858307502775693,0.0,0.0,0.0,0.0,0.288888888888889
0.1858307502775693,0.0,0.0,0.0,0.0,0.288888888888889
0.2113325074123011,0.0,0.0,0.0,0.0,0.2888888888888889
0.2113325074123011,0.0,0.0,0.0,0.0,0.2888888888888889
0.24715698606112135,0.0,0.0,0.0,0.0,0.2888888888888889
0.24715698606112135,0.0,0.0,0.0,0.0,0.2888888888888889
0.24715698606112135,0.0,0.0,0.0,0.0,0.2888888888888889
0.26,0.0,0.0,0.0,0.0,0.2508115277603721
0.26,0.0,0.0,0.0,0.0,0.2508115277603721
0.26,0.0,0.0,0.0,0.0,0.24021694454726059
0.26,0.0,0.0,0.0,0.0,0.19812158106371874
0.1710729001770421,0.0,0.0,0.0,0.0,0.28888888888888886
0.19788081491367782,0.0,0.0,0.0,0.0,0.28888888888888886
0.19788081491367782,0.0,0.0,0.0,0.0,0.28888888888888886
0.2200527285211694,0.0,0.0,0.0,0.0,0.2888888888888889
0.2200527285211694,0.0,0.0,0.0,0.0,0.2888888888888889
0.26,0.0,0.0,0.0,0.0,0.26938338179064814
0.26,0.0,0.0,0.0,0.0,0.26938338179064814
0.26,0.0,0.0,0.0,0.0,0.26938338179064814
0.26,0.0,0.0,0.0,0.0,0.19462041863236962
0.26,0.0,0.0,0.0,0.0,0.19462041863236962
0.26,0.0,0.0,0.0,0.0,-0.02029849422683104
0.26,0.0,0.0,0.0,0.0,-0.02029849422683104
0.26,0.0,0.0,0.0,0.0,-0.02029849422683104
0.26,0.0,0.0,0.0,0.0,-0.09029999970151091
0.26,0.0,0.0,0.0,0.0,-0.09029999970151091
0.26,0.0,0.0,0.0,0.0,-0.1593780206635741
0.26,0.0,0.0,0.0,0.0,-0.1593780206635741
0.26,0.0,0.0,0.0,0.0,-0.22752370527505808
0.26,0.0,0.0,0.0,0.0,-0.22752370527505808
0.17304358247809032,0.0,0.0,0.0,0.0,-0.2888888888888889
0.12443699289974239,0.0,0.0,0.0,0.0,-0.2888888888888889
0.12443699289974239,0.0,0.0,0.0,0.0,-0.2888888888888889
0.11419939691157269,0.0,0.0,0.0,0.0,-0.2888888888888889
0.11419939691157269,0.0,0.0,0.0,0.0,-0.2888888888888889
0.11419939691157269,0.0,0.0,0.0,0.0,-0.2888888888888889
0.1054606227283213,0.0,0.0,0.0,0.0,-0.2888888888888888
0.1054606227283213,0.0,0.0,0.0,0.0,-0.2888888888888888
0.1,0.0,0.0,0.0,0.0,-0.2947359520525647
0.1,0.0,0.0,0.0,0.0,-0.2947359520525647
0.1,0.0,0.0,0.0,0.0,-0.2947359520525647
0.1,0.0,0.0,0.0,0.0,-0.316256374933887
0.1,0.0,0.0,0.0,0.0,-0.316256374933887
0.1,0.0,0.0,0.0,0.0,-0.33878426176844006
0.1,0.0,0.0,0.0,0.0,-0.33878426176844006
0.1,0.0,0.0,0.0,0.0,-0.33878426176844006
0.1,0.0,0.0,0.0,0.0,-0.36229551851720554
0.1,0.0,0.0,0.0,0.0,-0.36229551851720554
0.1,0.0,0.0,0.0,0.0,-0.36229551851720554
0.1,0.0,0.0,0.0,0.0,-0.38500963994387516
0.1,0.0,0.0,0.0,0.0,-0.29583434933878733
0.1,0.0,0.0,0.0,0.0,-0.31990381468855983
0.1,0.0,0.0,0.0,0.0,-0.31990381468855983
0.1,0.0,0.0,0.0,0.0,-0.34431679552625394
0.1,0.0,0.0,0.0,0.0,-0.34431679552625394
0.1,0.0,0.0,0.0,0.0,-0.37004694242765357
0.1,0.0,0.0,0.0,0.0,-0.37004694242765357
0.1,0.0,0.0,0.0,0.0,-0.37004694242765357
0.1,0.0,0.0,0.0,0.0,-0.39740855935504815
0.1,0.0,0.0,0.0,0.0,-0.39740855935504815
0.1,0.0,0.0,0.0,0.0,-0.39740855935504815
0.1,0.0,0.0,0.0,0.0,-0.4267316527311426
0.1,0.0,0.0,0.0,0.0,-0.4267316527311426
0.1,0.0,0.0,0.0,0.0,-0.4267316527311426
0.0,0.0,0.0,0.0,0.0,-0.16000000000000003
0.0,0.0,0.0,0.0,0.0,-0.16000000000000003
0.0,0.0,0.0,0.0,0.0,-0.16000000000000003
0.0,0.0,0.0,0.0,0.0,-0.16000000000000003
0.0,0.0,0.0,0.0,0.0,-0.16000000000000003
0.1,0.0,0.0,0.0,0.0,-0.3838831981634707
0.1,0.0,0.0,0.0,0.0,-0.3838831981634707
0.1,0.0,0.0,0.0,0.0,-0.3838831981634707
0.1,0.0,0.0,0.0,0.0,-0.37821869045633716
0.1,0.0,0.0,0.0,0.0,-0.37821869045633716
0.1,0.0,0.0,0.0,0.0,-0.3738388012162191
0.1,0.0,0.0,0.0,0.0,-0.3738388012162191
0.1,0.0,0.0,0.0,0.0,-0.3738388012162191
0.1,0.0,0.0,0.0,0.0,-0.3660263550032579
0.1,0.0,0.0,0.0,0.0,-0.3660263550032579
0.1,0.0,0.0,0.0,0.0,-0.3544389232132187
0.1,0.0,0.0,0.0,0.0,-0.3544389232132187
0.1,0.0,0.0,0.0,0.0,-0.3544389232132187
0.1,0.0,0.0,0.0,0.0,-0.34259957931321744
0.1,0.0,0.0,0.0,0.0,-0.34259957931321744
0.1,0.0,0.0,0.0,0.0,-0.34259957931321744
0.1,0.0,0.0,0.0,0.0,-0.33155989427118465
0.1,0.0,0.0,0.0,0.0,-0.33155989427118465
0.1,0.0,0.0,0.0,0.0,-0.33155989427118465
0.1,0.0,0.0,0.0,0.0,-0.31535660291531226
0.10965545923250225,0.0,0.0,0.0,0.0,-0.2888888888888889
0.11825130158171125,0.0,0.0,0.0,0.0,-0.28888888888888886
0.11825130158171125,0.0,0.0,0.0,0.0,-0.28888888888888886
0.1289026671053948,0.0,0.0,0.0,0.0,-0.2888888888888889
0.1289026671053948,0.0,0.0,0.0,0.0,-0.2888888888888889
0.1289026671053948,0.0,0.0,0.0,0.0,-0.2888888888888889
0.1408877912624178,0.0,0.0,0.0,0.0,-0.2888888888888889
0.1408877912624178,0.0,0.0,0.0,0.0,-0.2888888888888889
0.16195758460743068,0.0,0.0,0.0,0.0,-0.2888888888888889
0.16195758460743068,0.0,0.0,0.0,0.0,-0.2888888888888889
0.16195758460743068,0.0,0.0,0.0,0.0,-0.2888888888888889
0.1824895301553783,0.0,0.0,0.0,0.0,-0.28888888888888886
0.1824895301553783,0.0,0.0,0.0,0.0,-0.28888888888888886
0.1824895301553783,0.0,0.0,0.0,0.0,-0.28888888888888886
0.23180108354430431,0.0,0.0,0.0,0.0,-0.2888888888888889
0.23180108354430431,0.0,0.0,0.0,0.0,-0.2888888888888889
0.23180108354430431,0.0,0.0,0.0,0.0,-0.2888888888888889
0.26,0.0,0.0,0.0,0.0,-0.24184314258038273
0.26,0.0,0.0,0.0,0.0,-0.24184314258038273
0.26,0.0,0.0,0.0,0.0,-0.09531284641183209
0.26,0.0,0.0,0.0,0.0,0.22986191410334683
0.22645851886230073,0.0,0.0,0.0,0.0,0.2888888888888889
0.22645851886230073,0.0,0.0,0.0,0.0,0.2888888888888889
0.22645851886230073,0.0,0.0,0.0,0.0,0.2888888888888889
0.172105768393928,0.0,0.0,0.0,0.0,0.2888888888888889
0.172105768393928,0.0,0.0,0.0,0.0,0.2888888888888889
0.172105768393928,0.0,0.0,0.0,0.0,0.2888888888888889
0.13405765236430325,0.0,0.0,0.0,0.0,0.2888888888888888
0.13405765236430325,0.0,0.0,0.0,0.0,0.2888888888888888
0.1140602024249053,0.0,0.0,0.0,0.0,0.28888888888888886
0.1140602024249053,0.0,0.0,0.0,0.0,0.28888888888888886
0.1140602024249053,0.0,0.0,0.0,0.0,0.28888888888888886
0.10228738148328156,0.0,0.0,0.0,0.0,0.28888888888888886
0.10228738148328156,0.0,0.0,0.0,0.0,0.28888888888888886
0.1,0.0,0.0,0.0,0.0,0.3169722275157689
0.1,0.0,0.0,0.0,0.0,0.3169722275157689
0.1,0.0,0.0,0.0,0.0,0.3169722275157689
0.1,0.0,0.0,0.0,0.0,0.29119172266305354
0.1,0.0,0.0,0.0,0.0,0.3240948640393005
0.1,0.0,0.0,0.0,0.0,0.3240948640393005
0.1,0.0,0.0,0.0,0.0,0.3240948640393005
0.1,0.0,0.0,0.0,0.0,0.3240948640393005
0.1,0.0,0.0,0.0,0.0,0.34931647694976725
0.1,0.0,0.0,0.0,0.0,0.34931647694976725
0.1,0.0,0.0,0.0,0.0,0.34931647694976725
0.1,0.0,0.0,0.0,0.0,0.37980164783458875
0.1,0.0,0.0,0.0,0.0,0.37980164783458875
0.1,0.0,0.0,0.0,0.0,0.37980164783458875
0.1,0.0,0.0,0.0,0.0,0.40992887563579467
0.1,0.0,0.0,0.0,0.0,0.40992887563579467
0.1,0.0,0.0,0.0,0.0,0.4333887194950518
0.1,0.0,0.0,0.0,0.0,0.43953475893808797
0.1,0.0,0.0,0.0,0.0,0.43953475893808797
0.0,0.0,0.0,0.0,0.0,0.16000000000000003
0.0,0.0,0.0,0.0,0.0,0.16000000000000003
0.0,0.0,0.0,0.0,0.0,0.16000000000000003
0.0,0.0,0.0,0.0,0.0,0.16000000000000003
0.0,0.0,0.0,0.0,0.0,0.16000000000000003
0.0,0.0,0.0,0.0,0.0,0.16000000000000003
0.0,0.0,0.0,0.0,0.0,0.16000000000000003
0.0,0.0,0.0,0.0,0.0,0.16000000000000003
0.0,0.0,0.0,0.0,0.0,0.16000000000000003
0.0,0.0,0.0,0.0,0.0,0.16000000000000003
0.0,0.0,0.0,0.0,0.0,0.16000000000000003
0.0,0.0,0.0,0.0,0.0,0.16000000000000003
0.0,0.0,0.0,0.0,0.0,0.16000000000000003
0.0,0.0,0.0,0.0,0.0,0.16000000000000003
0.0,0.0,0.0,0.0,0.0,0.16000000000000003
0.0,0.0,0.0,0.0,0.0,0.16000000000000003
0.0,0.0,0.0,0.0,0.0,0.16000000000000003
0.0,0.0,0.0,0.0,0.0,0.16000000000000003
0.0,0.0,0.0,0.0,0.0,0.16000000000000003
0.0,0.0,0.0,0.0,0.0,0.16000000000000003
0.0,0.0,0.0,0.0,0.0,0.16000000000000003
0.0,0.0,0.0,0.0,0.0,0.16000000000000003
0.0,0.0,0.0,0.0,0.0,0.16000000000000003
0.1,0.0,0.0,0.0,0.0,0.43178899641416413
0.1,0.0,0.0,0.0,0.0,0.43178899641416413
0.1,0.0,0.0,0.0,0.0,0.4314873625754741
0.1,0.0,0.0,0.0,0.0,0.4314873625754741
0.1,0.0,0.0,0.0,0.0,0.4314873625754741
0.1,0.0,0.0,0.0,0.0,0.4303038453106554
0.1,0.0,0.0,0.0,0.0,0.4303038453106554
0.1,0.0,0.0,0.0,0.0,0.4303038453106554
0.1,0.0,0.0,0.0,0.0,0.4279978681719026
0.1,0.0,0.0,0.0,0.0,0.4279978681719026
0.1,0.0,0.0,0.0,0.0,0.42739090884642406
0.1,0.0,0.0,0.0,0.0,0.42674622730595024
0.1,0.0,0.0,0.0,0.0,0.42674622730595024
0.1,0.0,0.0,0.0,0.0,0.41862864460765237
0.1,0.0,0.0,0.0,0.0,0.41862864460765237
0.1,0.0,0.0,0.0,0.0,0.41862864460765237
0.1,0.0,0.0,0.0,0.0,0.4105631458621032
0.1,0.0,0.0,0.0,0.0,0.4105631458621032
0.1,0.0,0.0,0.0,0.0,0.39959181598478694
0.1,0.0,0.0,0.0,0.0,0.39959181598478694
0.1,0.0,0.0,0.0,0.0,0.2889659666152555
0.10610063722613029,0.0,0.0,0.0,0.0,0.288888888888889
0.10610063722613029,0.0,0.0,0.0,0.0,0.288888888888889
0.14211376669968903,0.0,0.0,0.0,0.0,0.28888888888888886
0.14971732338784494,0.0,0.0,0.0,0.0,0.2888888888888889
0.14971732338784494,0.0,0.0,0.0,0.0,0.2888888888888889
0.14971732338784494,0.0,0.0,0.0,0.0,0.2888888888888889
0.14971732338784494,0.0,0.0,0.0,0.0,0.2888888888888889
0.15866947174564905,0.0,0.0,0.0,0.0,0.2888888888888889
0.15866947174564905,0.0,0.0,0.0,0.0,0.2888888888888889
0.169327522637933,0.0,0.0,0.0,0.0,0.28888888888888886
0.169327522637933,0.0,0.0,0.0,0.0,0.28888888888888886
0.169327522637933,0.0,0.0,0.0,0.0,0.28888888888888886
0.20155306226914732,0.0,0.0,0.0,0.0,0.2888888888888888
0.20155306226914732,0.0,0.0,0.0,0.0,0.2888888888888888
0.20155306226914732,0.0,0.0,0.0,0.0,0.2888888888888888
0.22226588056590466,0.0,0.0,0.0,0.0,0.2888888888888889
0.22226588056590466,0.0,0.0,0.0,0.0,0.2888888888888889
0.22226588056590466,0.0,0.0,0.0,0.0,0.2888888888888889
0.26,0.0,0.0,0.0,0.0,0.19090810535488364
0.26,0.0,0.0,0.0,0.0,0.19090810535488364
0.26,0.0,0.0,0.0,0.0,0.15286737812349668
0.26,0.0,0.0,0.0,0.0,0.15286737812349668
0.26,0.0,0.0,0.0,0.0,0.15286737812349668
0.26,0.0,0.0,0.0,0.0,0.09571975107198473
0.26,0.0,0.0,0.0,0.0,0.09571975107198473
0.26,0.0,0.0,0.0,0.0,0.09571975107198473
0.26,0.0,0.0,0.0,0.0,0.02627109991276674
0.26,0.0,0.0,0.0,0.0,0.02627109991276674
0.26,0.0,0.0,0.0,0.0,-0.0013008855187688461
0.26,0.0,0.0,0.0,0.0,-0.05636140547343128
0.26,0.0,0.0,0.0,0.0,-0.05636140547343128
0.26,0.0,0.0,0.0,0.0,-0.11105087846841788
0.26,0.0,0.0,0.0,0.0,-0.11105087846841788
0.26,0.0,0.0,0.0,0.0,-0.11105087846841788
0.26,0.0,0.0,0.0,0.0,-0.1790762823370367
0.26,0.0,0.0,0.0,0.0,-0.1790762823370367
0.26,0.0,0.0,0.0,0.0,-0.1790762823370367
0.2302134519445671,0.0,0.0,0.0,0.0,-0.2888888888888889
0.11255676580786049,0.0,0.0,0.0,0.0,-0.28888888888888886
0.11100113487610107,0.0,0.0,0.0,0.0,-0.28888888888888886
0.11100113487610107,0.0,0.0,0.0,0.0,-0.28888888888888886
0.11100113487610107,0.0,0.0,0.0,0.0,-0.28888888888888886
0.10513546313838044,0.0,0.0,0.0,0.0,-0.2888888888888889
0.10513546313838044,0.0,0.0,0.0,0.0,-0.2888888888888889
0.10513546313838044,0.0,0.0,0.0,0.0,-0.2888888888888889
0.1,0.0,0.0,0.0,0.0,-0.29765314180801666
0.1,0.0,0.0,0.0,0.0,-0.29765314180801666
0.1,0.0,0.0,0.0,0.0,-0.29765314180801666
0.1,0.0,0.0,0.0,0.0,-0.3143406158423052
0.1,0.0,0.0,0.0,0.0,-0.3143406158423052
0.1,0.0,0.0,0.0,0.0,-0.3143406158423052
0.1,0.0,0.0,0.0,0.0,-0.33596556959417406
0.1,0.0,0.0,0.0,0.0,-0.33596556959417406
0.1,0.0,0.0,0.0,0.0,-0.33596556959417406
0.1,0.0,0.0,0.0,0.0,-0.36296516309776083
0.1,0.0,0.0,0.0,0.0,-0.36296516309776083
0.1,0.0,0.0,0.0,0.0,-0.36296516309776083
0.1,0.0,0.0,0.0,0.0,-0.3225145263830272
0.1,0.0,0.0,0.0,0.0,-0.3225145263830272
0.1,0.0,0.0,0.0,0.0,-0.3436359156184614
0.1,0.0,0.0,0.0,0.0,-0.3436359156184614
0.1,0.0,0.0,0.0,0.0,-0.3436359156184614
0.0,0.0,0.0,0.0,0.0,-0.16000000000000003
0.0,0.0,0.0,0.0,0.0,-0.16000000000000003
0.0,0.0,0.0,0.0,0.0,-0.16000000000000003
0.0,0.0,0.0,0.0,0.0,-0.16000000000000003
0.0,0.0,0.0,0.0,0.0,-0.16000000000000003
0.0,0.0,0.0,0.0,0.0,-0.16000000000000003
0.0,0.0,0.0,0.0,0.0,-0.16000000000000003
0.0,0.0,0.0,0.0,0.0,-0.16000000000000003
0.0,0.0,0.0,0.0,0.0,-0.16000000000000003
0.0,0.0,0.0,0.0,0.0,-0.16000000000000003
0.0,0.0,0.0,0.0,0.0,-0.16000000000000003
0.0,0.0,0.0,0.0,0.0,-0.16000000000000003
0.0,0.0,0.0,0.0,0.0,-0.16000000000000003
0.1,0.0,0.0,0.0,0.0,-0.4017874110262387
0.1,0.0,0.0,0.0,0.0,-0.4113079161640942
0.1,0.0,0.0,0.0,0.0,-0.42697500461606624
0.1,0.0,0.0,0.0,0.0,-0.42697500461606624
0.1,0.0,0.0,0.0,0.0,-0.42697500461606624
0.1,0.0,0.0,0.0,0.0,-0.4358027106385614
0.1,0.0,0.0,0.0,0.0,-0.4358027106385614
0.1,0.0,0.0,0.0,0.0,-0.43860463632937763
0.1,0.0,0.0,0.0,0.0,-0.43860463632937763
0.1,0.0,0.0,0.0,0.0,-0.43860463632937763
0.1,0.0,0.0,0.0,0.0,-0.43412143820772126
0.1,0.0,0.0,0.0,0.0,-0.43412143820772126
0.1,0.0,0.0,0.0,0.0,-0.43412143820772126
0.1,0.0,0.0,0.0,0.0,-0.4291190385523156
0.1,0.0,0.0,0.0,0.0,-0.4291190385523156
0.1,0.0,0.0,0.0,0.0,-0.424606273422734
0.1,0.0,0.0,0.0,0.0,-0.4232372876060647
0.1,0.0,0.0,0.0,0.0,-0.4232372876060647
0.1,0.0,0.0,0.0,0.0,-0.41568988356629677
0.1,0.0,0.0,0.0,0.0,-0.3432925993041358
0.10658394200937407,0.0,0.0,0.0,0.0,-0.28888888888888886
0.11367229733973588,0.0,0.0,0.0,0.0,-0.28888888888888886
0.11367229733973588,0.0,0.0,0.0,0.0,-0.28888888888888886
0.11367229733973588,0.0,0.0,0.0,0.0,-0.28888888888888886
0.1225444418695395,0.0,0.0,0.0,0.0,-0.28888888888888886
0.1225444418695395,0.0,0.0,0.0,0.0,-0.28888888888888886
0.12458948751024772,0.0,0.0,0.0,0.0,-0.2888888888888889
0.13303080306201087,0.0,0.0,0.0,0.0,-0.2888888888888889
0.13303080306201087,0.0,0.0,0.0,0.0,-0.2888888888888889
0.13718365539529895,0.0,0.0,0.0,0.0,-0.2888888888888889
0.13718365539529895,0.0,0.0,0.0,0.0,-0.2888888888888889
0.13718365539529895,0.0,0.0,0.0,0.0,-0.2888888888888889
0.14331591294845214,0.0,0.0,0.0,0.0,-0.2888888888888889
0.14331591294845214,0.0,0.0,0.0,0.0,-0.2888888888888889
0.14331591294845214,0.0,0.0,0.0,0.0,-0.2888888888888889
0.15235989345487744,0.0,0.0,0.0,0.0,-0.28888888888888886
0.15235989345487744,0.0,0.0,0.0,0.0,-0.28888888888888886
0.19761414334474223,0.0,0.0,0.0,0.0,-0.2888888888888889
0.21030981036275814,0.0,0.0,0.0,0.0,-0.2888888888888889
0.21030981036275814,0.0,0.0,0.0,0.0,-0.2888888888888889
0.2301245532033867,0.0,0.0,0.0,0.0,-0.2888888888888889
0.2301245532033867,0.0,0.0,0.0,0.0,-0.2888888888888889
0.2301245532033867,0.0,0.0,0.0,0.0,-0.2888888888888889
0.26,0.0,0.0,0.0,0.0,0.08380236074751142
0.26,0.0,0.0,0.0,0.0,0.08380236074751142
0.26,0.0,0.0,0.0,0.0,0.08380236074751142
0.26,0.0,0.0,0.0,0.0,0.16616015642293114
0.26,0.0,0.0,0.0,0.0,0.16616015642293114
0.26,0.0,0.0,0.0,0.0,0.2723800431191662
0.26,0.0,0.0,0.0,0.0,0.2723800431191662
0.26,0.0,0.0,0.0,0.0,0.2723800431191662
0.19697015280381724,0.0,0.0,0.0,0.0,0.2888888888888889
0.19697015280381724,0.0,0.0,0.0,0.0,0.2888888888888889
0.19697015280381724,0.0,0.0,0.0,0.0,0.2888888888888889
0.15189767567427012,0.0,0.0,0.0,0.0,0.2888888888888889
0.15189767567427012,0.0,0.0,0.0,0.0,0.2888888888888889
0.15189767567427012,0.0,0.0,0.0,0.0,0.2888888888888889
0.12131310893806092,0.0,0.0,0.0,0.0,0.28888888888888886
0.10656943943841966,0.0,0.0,0.0,0.0,0.28888888888888886
0.10349653970121048,0.0,0.0,0.0,0.0,0.2888888888888888
0.10349653970121048,0.0,0.0,0.0,0.0,0.2888888888888888
0.1,0.0,0.0,0.0,0.0,0.3137883175526016
0.1,0.0,0.0,0.0,0.0,0.3137883175526016
0.1,0.0,0.0,0.0,0.0,0.3137883175526016
0.1,0.0,0.0,0.0,0.0,0.34529393230467875
0.1,0.0,0.0,0.0,0.0,0.34529393230467875
0.1,0.0,0.0,0.0,0.0,0.36303925441769525
0.1,0.0,0.0,0.0,0.0,0.3807941058849827
0.1,0.0,0.0,0.0,0.0,0.3807941058849827
0.1,0.0,0.0,0.0,0.0,0.40418474557002393
0.1,0.0,0.0,0.0,0.0,0.40418474557002393
0.1,0.0,0.0,0.0,0.0,0.40418474557002393
0.1,0.0,0.0,0.0,0.0,0.4386373202714583
0.1,0.0,0.0,0.0,0.0,0.4386373202714583
0.1,0.0,0.0,0.0,0.0,0.46081106739663974
0.1,0.0,0.0,0.0,0.0,0.46081106739663974
0.1,0.0,0.0,0.0,0.0,0.39795880583773063
0.1,0.0,0.0,0.0,0.0,0.45704668714941354
0.1,0.0,0.0,0.0,0.0,0.45704668714941354
0.0,0.0,0.0,0.0,0.0,0.16000000000000003
0.0,0.0,0.0,0.0,0.0,0.16000000000000003
0.0,0.0,0.0,0.0,0.0,0.16000000000000003
0.0,0.0,0.0,0.0,0.0,0.16000000000000003
0.0,0.0,0.0,0.0,0.0,0.16000000000000003
0.0,0.0,0.0,0.0,0.0,0.16000000000000003
0.0,0.0,0.0,0.0,0.0,0.16000000000000003
0.0,0.0,0.0,0.0,0.0,0.16000000000000003
0.0,0.0,0.0,0.0,0.0,0.16000000000000003
0.0,0.0,0.0,0.0,0.0,0.16000000000000003
0.0,0.0,0.0,0.0,0.0,0.16000000000000003
0.0,0.0,0.0,0.0,0.0,0.16000000000000003
0.0,0.0,0.0,0.0,0.0,0.16000000000000003
0.0,0.0,0.0,0.0,0.0,0.16000000000000003
0.0,0.0,0.0,0.0,0.0,0.16000000000000003
0.0,0.0,0.0,0.0,0.0,0.16000000000000003
0.0,0.0,0.0,0.0,0.0,0.16000000000000003
0.0,0.0,0.0,0.0,0.0,0.16000000000000003
0.0,0.0,0.0,0.0,0.0,0.16000000000000003
0.0,0.0,0.0,0.0,0.0,0.16000000000000003
0.0,0.0,0.0,0.0,0.0,0.16000000000000003
0.0,0.0,0.0,0.0,0.0,0.16000000000000003
0.1,0.0,0.0,0.0,0.0,0.4677827907731965
0.1,0.0,0.0,0.0,0.0,0.4677827907731965
0.1,0.0,0.0,0.0,0.0,0.4677827907731965
0.1,0.0,0.0,0.0,0.0,0.46205211191581086
0.1,0.0,0.0,0.0,0.0,0.46205211191581086
0.1,0.0,0.0,0.0,0.0,0.4531089490050384
0.1,0.0,0.0,0.0,0.0,0.4531089490050384
0.1,0.0,0.0,0.0,0.0,0.4531089490050384
0.1,0.0,0.0,0.0,0.0,0.44135812705362576
0.1,0.0,0.0,0.0,0.0,0.44135812705362576
0.1,0.0,0.0,0.0,0.0,0.42616959954181627
0.1,0.0,0.0,0.0,0.0,0.42616959954181627
0.1,0.0,0.0,0.0,0.0,0.32281970276018135
0.1,0.0,0.0,0.0,0.0,0.3039997581317591
0.11973621039111365,0.0,0.0,0.0,0.0,0.28888888888888886
0.11973621039111365,0.0,0.0,0.0,0.0,0.28888888888888886
0.12454231411698603,0.0,0.0,0.0,0.0,0.28888888888888886
0.12454231411698603,0.0,0.0,0.0,0.0,0.28888888888888886
0.12454231411698603,0.0,0.0,0.0,0.0,0.28888888888888886
0.13007603273401183,0.0,0.0,0.0,0.0,0.28888888888888886
0.13007603273401183,0.0,0.0,0.0,0.0,0.28888888888888886
0.13007603273401183,0.0,0.0,0.0,0.0,0.28888888888888886
0.1364893573421005,0.0,0.0,0.0,0.0,0.2888888888888889
0.1364893573421005,0.0,0.0,0.0,0.0,0.2888888888888889
0.14398074951216905,0.0,0.0,0.0,0.0,0.2888888888888889
0.14398074951216905,0.0,0.0,0.0,0.0,0.2888888888888889
0.14398074951216905,0.0,0.0,0.0,0.0,0.2888888888888889
0.1528142895775379,0.0,0.0,0.0,0.0,0.2888888888888889
0.1528142895775379,0.0,0.0,0.0,0.0,0.2888888888888889
0.1610845656965326,0.0,0.0,0.0,0.0,0.2888888888888889
0.16334915069741654,0.0,0.0,0.0,0.0,0.28888888888888886
0.22541322286090512,0.0,0.0,0.0,0.0,0.2888888888888889
0.2508572494828243,0.0,0.0,0.0,0.0,0.2888888888888889
0.2508572494828243,0.0,0.0,0.0,0.0,0.2888888888888889
0.26,0.0,0.0,0.0,0.0,0.2640800512555807
0.26,0.0,0.0,0.0,0.0,0.2640800512555807
0.26,0.0,0.0,0.0,0.0,0.2640800512555807
0.26,0.0,0.0,0.0,0.0,0.22822318912127396
0.26,0.0,0.0,0.0,0.0,0.22822318912127396
0.26,0.0,0.0,0.0,0.0,0.19916689063710416
0.26,0.0,0.0,0.0,0.0,0.18895512618342525
0.26,0.0,0.0,0.0,0.0,0.18895512618342525
0.26,0.0,0.0,0.0,0.0,0.12745844512701082
0.26,0.0,0.0,0.0,0.0,0.12745844512701082
0.26,0.0,0.0,0.0,0.0,0.12745844512701082
0.26,0.0,0.0,0.0,0.0,0.05718230073820387
0.26,0.0,0.0,0.0,0.0,0.05718230073820387
0.26,0.0,0.0,0.0,0.0,0.05718230073820387
0.26,0.0,0.0,0.0,0.0,0.029123214312667886
0.26,0.0,0.0,0.0,0.0,0.029123214312667886
0.26,0.0,0.0,0.0,0.0,-0.2592896954706206
0.25263291546389977,0.0,0.0,0.0,0.0,-0.28888888888888886
0.24484279584015511,0.0,0.0,0.0,0.0,-0.28888888888888886
0.24484279584015511,0.0,0.0,0.0,0.0,-0.28888888888888886
0.24484279584015511,0.0,0.0,0.0,0.0,-0.28888888888888886
0.2059025140966155,0.0,0.0,0.0,0.0,-0.2888888888888889
0.2059025140966155,0.0,0.0,0.0,0.0,-0.2888888888888889
0.20038671787871898,0.0,0.0,0.0,0.0,-0.2888888888888889
0.18513872061262612,0.0,0.0,0.0,0.0,-0.28888888888888886
0.18513872061262612,0.0,0.0,0.0,0.0,-0.28888888888888886
0.16271228570983065,0.0,0.0,0.0,0.0,-0.2888888888888889
0.16271228570983065,0.0,0.0,0.0,0.0,-0.2888888888888889
0.16271228570983065,0.0,0.0,0.0,0.0,-0.2888888888888889
0.1434416549485102,0.0,0.0,0.0,0.0,-0.2888888888888889
0.1434416549485102,0.0,0.0,0.0,0.0,-0.2888888888888889
0.1434416549485102,0.0,0.0,0.0,0.0,-0.2888888888888889
0.1298243927925562,0.0,0.0,0.0,0.0,-0.28888888888888886
0.1298243927925562,0.0,0.0,0.0,0.0,-0.28888888888888886
0.1298243927925562,0.0,0.0,0.0,0.0,-0.28888888888888886
0.14564837540908931,0.0,0.0,0.0,0.0,-0.2888888888888889
0.1357468021452757,0.0,0.0,0.0,0.0,-0.28888888888888886
0.1357468021452757,0.0,0.0,0.0,0.0,-0.28888888888888886
0.1357468021452757,0.0,0.0,0.0,0.0,-0.28888888888888886
0.1,0.0,0.0,0.0,0.0,-0.3478149109296083
0.1,0.0,0.0,0.0,0.0,-0.3478149109296083
0.1,0.0,0.0,0.0,0.0,-0.3478149109296083
0.1,0.0,0.0,0.0,0.0,-0.37837440102636166
0.1,0.0,0.0,0.0,0.0,-0.37837440102636166
0.1,0.0,0.0,0.0,0.0,-0.37837440102636166
0.1,0.0,0.0,0.0,0.0,-0.40784839171885273
0.1,0.0,0.0,0.0,0.0,-0.40784839171885273
0.1,0.0,0.0,0.0,0.0,-0.4365782501908978
0.1,0.0,0.0,0.0,0.0,-0.4365782501908978
0.1,0.0,0.0,0.0,0.0,-0.4365782501908978
0.1,0.0,0.0,0.0,0.0,-0.45715550096648405
0.1,0.0,0.0,0.0,0.0,-0.45715550096648405
0.1,0.0,0.0,0.0,0.0,-0.46226180759509455
0.0,0.0,0.0,0.0,0.0,-0.16000000000000003
0.1,0.0,0.0,0.0,0.0,-0.3606157712836347
0.1,0.0,0.0,0.0,0.0,-0.3905662595025545
0.1,0.0,0.0,0.0,0.0,-0.3905662595025545
0.1,0.0,0.0,0.0,0.0,-0.3905662595025545
0.1,0.0,0.0,0.0,0.0,-0.41251024020786775
0.1,0.0,0.0,0.0,0.0,-0.41251024020786775
0.1,0.0,0.0,0.0,0.0,-0.41587114097302724
0.1,0.0,0.0,0.0,0.0,-0.43143806502938853
0.1,0.0,0.0,0.0,0.0,-0.43143806502938853
0.1,0.0,0.0,0.0,0.0,-0.43056265256758675
0.1,0.0,0.0,0.0,0.0,-0.4287381018984669
0.1,0.0,0.0,0.0,0.0,-0.4287381018984669
0.1,0.0,0.0,0.0,0.0,-0.42565788560050577
0.1,0.0,0.0,0.0,0.0,-0.42565788560050577
0.1,0.0,0.0,0.0,0.0,-0.42404708342389885
0.1,0.0,0.0,0.0,0.0,-0.4206496317175814
0.1,0.0,0.0,0.0,0.0,-0.4206496317175814
0.1,0.0,0.0,0.0,0.0,-0.2993521929419748
0.1,0.0,0.0,0.0,0.0,-0.2993521929419748
0.1,0.0,0.0,0.0,0.0,-0.2947248982293764
0.1,0.0,0.0,0.0,0.0,-0.2947248982293764
0.1,0.0,0.0,0.0,0.0,-0.2892828192145213
0.10089948923159851,0.0,0.0,0.0,0.0,-0.2888888888888889
0.10089948923159851,0.0,0.0,0.0,0.0,-0.2888888888888889
0.10315743915408702,0.0,0.0,0.0,0.0,-0.288888888888889
0.10315743915408702,0.0,0.0,0.0,0.0,-0.288888888888889
0.10315743915408702,0.0,0.0,0.0,0.0,-0.288888888888889
0.14425386733919268,0.0,0.0,0.0,0.0,-0.28888888888888886
0.14425386733919268,0.0,0.0,0.0,0.0,-0.28888888888888886
0.15953413259710728,0.0,0.0,0.0,0.0,-0.2888888888888889
0.16941632307036794,0.0,0.0,0.0,0.0,-0.2888888888888889
0.16941632307036794,0.0,0.0,0.0,0.0,-0.2888888888888889
0.20244829859007402,0.0,0.0,0.0,0.0,-0.2888888888888889
0.20244829859007402,0.0,0.0,0.0,0.0,-0.2888888888888889
0.20244829859007402,0.0,0.0,0.0,0.0,-0.2888888888888889
0.2130725281325392,0.0,0.0,0.0,0.0,-0.28888888888888886
0.2130725281325392,0.0,0.0,0.0,0.0,-0.28888888888888886
0.26,0.0,0.0,0.0,0.0,-0.1458257261962688
0.26,0.0,0.0,0.0,0.0,-0.07744878946762336
0.26,0.0,0.0,0.0,0.0,-0.07744878946762336
0.26,0.0,0.0,0.0,0.0,-0.07744878946762336
0.26,0.0,0.0,0.0,0.0,0.015456607394616705
0.26,0.0,0.0,0.0,0.0,0.015456607394616705
0.26,0.0,0.0,0.0,0.0,0.04880868103965968
0.26,0.0,0.0,0.0,0.0,0.0828858962082648
0.26,0.0,0.0,0.0,0.0,0.0828858962082648
0.26,0.0,0.0,0.0,0.0,0.1892513861469671
0.26,0.0,0.0,0.0,0.0,0.1892513861469671
0.26,0.0,0.0,0.0,0.0,0.1892513861469671
0.26,0.0,0.0,0.0,0.0,0.2824009732502334
0.26,0.0,0.0,0.0,0.0,0.2824009732502334
0.26,0.0,0.0,0.0,0.0,0.2824009732502334
0.20895060740773735,0.0,0.0,0.0,0.0,0.2888888888888889
0.20895060740773735,0.0,0.0,0.0,0.0,0.2888888888888889
0.16388122812780212,0.0,0.0,0.0,0.0,0.2888888888888889
0.16388122812780212,0.0,0.0,0.0,0.0,0.2888888888888889
0.26,0.0,0.0,0.0,0.0,0.2471105114313446
0.20057879432660175,0.0,0.0,0.0,0.0,0.28888888888888886
0.20057879432660175,0.0,0.0,0.0,0.0,0.28888888888888886
0.20057879432660175,0.0,0.0,0.0,0.0,0.28888888888888886
0.13805737265319695,0.0,0.0,0.0,0.0,0.28888888888888886
0.13805737265319695,0.0,0.0,0.0,0.0,0.28888888888888886
0.13805737265319695,0.0,0.0,0.0,0.0,0.28888888888888886
0.12258775872660375,0.0,0.0,0.0,0.0,0.2888888888888889
0.11614330691990962,0.0,0.0,0.0,0.0,0.2888888888888889
0.11614330691990962,0.0,0.0,0.0,0.0,0.2888888888888889
0.1052219824644535,0.0,0.0,0.0,0.0,0.28888888888888886
0.1052219824644535,0.0,0.0,0.0,0.0,0.28888888888888886
0.1052219824644535,0.0,0.0,0.0,0.0,0.28888888888888886
0.1,0.0,0.0,0.0,0.0,0.30620182511168786
0.1,0.0,0.0,0.0,0.0,0.30620182511168786
0.0,0.0,0.0,0.0,0.0,0.16000000000000003
0.0,0.0,0.0,0.0,0.0,0.16000000000000003
0.0,0.0,0.0,0.0,0.0,0.16000000000000003
0.1,0.0,0.0,0.0,0.0,0.4168821590384494
0.1,0.0,0.0,0.0,0.0,0.45361125750434744
0.0,0.0,0.0,0.0,0.0,0.16000000000000003
0.0,0.0,0.0,0.0,0.0,0.16000000000000003
0.0,0.0,0.0,0.0,0.0,0.16000000000000003
0.0,0.0,0.0,0.0,0.0,0.16000000000000003
0.0,0.0,0.0,0.0,0.0,0.16000000000000003
0.0,0.0,0.0,0.0,0.0,0.16000000000000003
0.0,0.0,0.0,0.0,0.0,0.16000000000000003
0.0,0.0,0.0,0.0,0.0,0.16000000000000003
0.0,0.0,0.0,0.0,0.0,0.16000000000000003
0.0,0.0,0.0,0.0,0.0,0.16000000000000003
0.0,0.0,0.0,0.0,0.0,0.16000000000000003
0.0,0.0,0.0,0.0,0.0,0.16000000000000003
0.0,0.0,0.0,0.0,0.0,0.16000000000000003
0.0,0.0,0.0,0.0,0.0,0.16000000000000003
0.0,0.0,0.0,0.0,0.0,0.16000000000000003
0.0,0.0,0.0,0.0,0.0,0.16000000000000003
0.0,0.0,0.0,0.0,0.0,0.16000000000000003
0.1,0.0,0.0,0.0,0.0,0.4517985408261286
0.1,0.0,0.0,0.0,0.0,0.4608428034312129
0.1,0.0,0.0,0.0,0.0,0.46710033370789095
0.1,0.0,0.0,0.0,0.0,0.46710033370789095
0.1,0.0,0.0,0.0,0.0,0.46710033370789095
0.1,0.0,0.0,0.0,0.0,0.4658876906450484
0.1,0.0,0.0,0.0,0.0,0.4658876906450484
0.1,0.0,0.0,0.0,0.0,0.4638831159985876
0.1,0.0,0.0,0.0,0.0,0.4638831159985876
0.1,0.0,0.0,0.0,0.0,0.4638831159985876
0.1,0.0,0.0,0.0,0.0,0.4599909396480606
0.1,0.0,0.0,0.0,0.0,0.4599909396480606
0.1,0.0,0.0,0.0,0.0,0.4599909396480606
0.1,0.0,0.0,0.0,0.0,0.4564618815159679
0.1,0.0,0.0,0.0,0.0,0.4564618815159679
0.1,0.0,0.0,0.0,0.0,0.45142213223401434
0.1,0.0,0.0,0.0,0.0,0.45142213223401434
0.1,0.0,0.0,0.0,0.0,0.45142213223401434
0.1,0.0,0.0,0.0,0.0,0.4463894581341132
0.1,0.0,0.0,0.0,0.0,0.4463894581341132
0.11025049048611875,0.0,0.0,0.0,0.0,0.28888888888888886
0.11025049048611875,0.0,0.0,0.0,0.0,0.28888888888888886
0.11737469159533759,0.0,0.0,0.0,0.0,0.2888888888888889
0.11737469159533759,0.0,0.0,0.0,0.0,0.2888888888888889
0.11737469159533759,0.0,0.0,0.0,0.0,0.2888888888888889
0.12289137054976779,0.0,0.0,0.0,0.0,0.2888888888888889
0.12289137054976779,0.0,0.0,0.0,0.0,0.2888888888888889
0.12289137054976779,0.0,0.0,0.0,0.0,0.2888888888888889
0.13076663105414077,0.0,0.0,0.0,0.0,0.2888888888888889
0.13076663105414077,0.0,0.0,0.0,0.0,0.2888888888888889
0.13076663105414077,0.0,0.0,0.0,0.0,0.2888888888888889
0.13964860676181964,0.0,0.0,0.0,0.0,0.28888888888888886
0.13964860676181964,0.0,0.0,0.0,0.0,0.28888888888888886
0.13964860676181964,0.0,0.0,0.0,0.0,0.28888888888888886
0.14970751495625137,0.0,0.0,0.0,0.0,0.288888888888889
0.14970751495625137,0.0,0.0,0.0,0.0,0.288888888888889
0.16118444413682928,0.0,0.0,0.0,0.0,0.28888888888888886
0.16118444413682928,0.0,0.0,0.0,0.0,0.28888888888888886
0.16118444413682928,0.0,0.0,0.0,0.0,0.28888888888888886
0.17439058568838608,0.0,0.0,0.0,0.0,0.2888888888888889
0.12760755501627022,0.0,0.0,0.0,0.0,0.2888888888888889
0.1406312148683514,0.0,0.0,0.0,0.0,0.28888888888888886
0.1406312148683514,0.0,0.0,0.0,0.0,0.28888888888888886
0.14369610363879107,0.0,0.0,0.0,0.0,0.2888888888888889
0.14369610363879107,0.0,0.0,0.0,0.0,0.2888888888888889
0.2531056444829049,0.0,0.0,0.0,0.0,0.28888888888888886
0.2531056444829049,0.0,0.0,0.0,0.0,0.28888888888888886
0.26,0.0,0.0,0.0,0.0,0.23319944356999442
0.26,0.0,0.0,0.0,0.0,0.23319944356999442
0.26,0.0,0.0,0.0,0.0,0.23319944356999442
0.26,0.0,0.0,0.0,0.0,0.1694110290933891
0.26,0.0,0.0,0.0,0.0,0.1694110290933891
0.26,0.0,0.0,0.0,0.0,0.09260279599702029
0.26,0.0,0.0,0.0,0.0,0.09260279599702029
0.26,0.0,0.0,0.0,0.0,0.09260279599702029
0.26,0.0,0.0,0.0,0.0,0.0411414453231177
0.26,0.0,0.0,0.0,0.0,0.0411414453231177
0.26,0.0,0.0,0.0,0.0,-0.027095596415774543
0.26,0.0,0.0,0.0,0.0,-0.14065137180629356
0.26,0.0,0.0,0.0,0.0,-0.19705056569868917
0.26,0.0,0.0,0.0,0.0,-0.19705056569868917
0.26,0.0,0.0,0.0,0.0,-0.2530897178000388
0.26,0.0,0.0,0.0,0.0,-0.2530897178000388
0.26,0.0,0.0,0.0,0.0,-0.2530897178000388
0.19151984959276197,0.0,0.0,0.0,0.0,-0.2888888888888889
0.19151984959276197,0.0,0.0,0.0,0.0,-0.2888888888888889
0.16323702121003789,0.0,0.0,0.0,0.0,-0.2888888888888889
0.16323702121003789,0.0,0.0,0.0,0.0,-0.2888888888888889
0.16323702121003789,0.0,0.0,0.0,0.0,-0.2888888888888889
0.14776341521177208,0.0,0.0,0.0,0.0,-0.288888888888889
0.14776341521177208,0.0,0.0,0.0,0.0,-0.288888888888889
0.13133471210679373,0.0,0.0,0.0,0.0,-0.2888888888888889
0.13133471210679373,0.0,0.0,0.0,0.0,-0.2888888888888889
0.13133471210679373,0.0,0.0,0.0,0.0,-0.2888888888888889
0.11752968313180356,0.0,0.0,0.0,0.0,-0.2888888888888889
0.11752968313180356,0.0,0.0,0.0,0.0,-0.2888888888888889
0.11752968313180356,0.0,0.0,0.0,0.0,-0.2888888888888889
0.10640893217058651,0.0,0.0,0.0,0.0,-0.2888888888888888
0.1,0.0,0.0,0.0,0.0,-0.2947654072867573
0.1,0.0,0.0,0.0,0.0,-0.2947654072867573
0.1,0.0,0.0,0.0,0.0,-0.2947654072867573
0.1,0.0,0.0,0.0,0.0,-0.2947654072867573
0.1,0.0,0.0,0.0,0.0,-0.32020445757344784
0.1,0.0,0.0,0.0,0.0,-0.32020445757344784
0.1,0.0,0.0,0.0,0.0,-0.34587617644029545
0.1,0.0,0.0,0.0,0.0,-0.34587617644029545
0.1,0.0,0.0,0.0,0.0,-0.34587617644029545
0.1,0.0,0.0,0.0,0.0,-0.37299551643790235
0.1,0.0,0.0,0.0,0.0,-0.37299551643790235
0.1,0.0,0.0,0.0,0.0,-0.4077933726657181
0.1,0.0,0.0,0.0,0.0,-0.4077933726657181
0.1,0.0,0.0,0.0,0.0,-0.4077933726657181
0.1,0.0,0.0,0.0,0.0,-0.44076468306044475
0.1,0.0,0.0,0.0,0.0,-0.44076468306044475
0.1,0.0,0.0,0.0,0.0,-0.4586139239013495
0.1,0.0,0.0,0.0,0.0,-0.4701769891149429
0.1,0.0,0.0,0.0,0.0,-0.3726414201024615
0.0,0.0,0.0,0.0,0.0,-0.16000000000000003
0.0,0.0,0.0,0.0,0.0,-0.16000000000000003
0.0,0.0,0.0,0.0,0.0,-0.16000000000000003
0.0,0.0,0.0,0.0,0.0,-0.16000000000000003
0.0,0.0,0.0,0.0,0.0,-0.16000000000000003
0.0,0.0,0.0,0.0,0.0,-0.16000000000000003
0.0,0.0,0.0,0.0,0.0,-0.16000000000000003
0.0,0.0,0.0,0.0,0.0,-0.16000000000000003
0.0,0.0,0.0,0.0,0.0,-0.16000000000000003
0.0,0.0,0.0,0.0,0.0,-0.16000000000000003
0.0,0.0,0.0,0.0,0.0,-0.16000000000000003
0.0,0.0,0.0,0.0,0.0,-0.16000000000000003
0.0,0.0,0.0,0.0,0.0,-0.16000000000000003
0.0,0.0,0.0,0.0,0.0,-0.16000000000000003
0.0,0.0,0.0,0.0,0.0,-0.16000000000000003
0.0,0.0,0.0,0.0,0.0,-0.16000000000000003
0.0,0.0,0.0,0.0,0.0,-0.16000000000000003
0.0,0.0,0.0,0.0,0.0,-0.16000000000000003
0.0,0.0,0.0,0.0,0.0,-0.16000000000000003
0.1,0.0,0.0,0.0,0.0,-0.3717148637411083
0.1,0.0,0.0,0.0,0.0,-0.36411121118278544
0.1,0.0,0.0,0.0,0.0,-0.36411121118278544
0.1,0.0,0.0,0.0,0.0,-0.3583582217207956
0.1,0.0,0.0,0.0,0.0,-0.3583582217207956
0.1,0.0,0.0,0.0,0.0,-0.3551790290453746
0.1,0.0,0.0,0.0,0.0,-0.3502146815329895
0.1,0.0,0.0,0.0,0.0,-0.3502146815329895
0.1,0.0,0.0,0.0,0.0,-0.3410210341275929
0.1,0.0,0.0,0.0,0.0,-0.3410210341275929
0.1,0.0,0.0,0.0,0.0,-0.3410210341275929
0.1,0.0,0.0,0.0,0.0,-0.3286356493771379
0.1,0.0,0.0,0.0,0.0,-0.3286356493771379
0.1,0.0,0.0,0.0,0.0,-0.3192102626278638
0.1,0.0,0.0,0.0,0.0,-0.3192102626278638
0.1,0.0,0.0,0.0,0.0,-0.3192102626278638
0.1,0.0,0.0,0.0,0.0,-0.30562207731421276
0.1,0.0,0.0,0.0,0.0,-0.30562207731421276
0.10083887590359333,0.0,0.0,0.0,0.0,-0.2888888888888888
0.10083887590359333,0.0,0.0,0.0,0.0,-0.2888888888888888
0.10855518600267794,0.0,0.0,0.0,0.0,-0.2888888888888889
0.12295938287912296,0.0,0.0,0.0,0.0,-0.2888888888888889
0.12295938287912296,0.0,0.0,0.0,0.0,-0.2888888888888889
0.17456514887863614,0.0,0.0,0.0,0.0,-0.28888888888888886
0.17456514887863614,0.0,0.0,0.0,0.0,-0.28888888888888886
0.18623243547288457,0.0,0.0,0.0,0.0,-0.2888888888888889
0.18623243547288457,0.0,0.0,0.0,0.0,-0.2888888888888889
0.18623243547288457,0.0,0.0,0.0,0.0,-0.2888888888888889
0.19994963818794198,0.0,0.0,0.0,0.0,-0.2888888888888889
0.19994963818794198,0.0,0.0,0.0,0.0,-0.2888888888888889
0.2162940661008766,0.0,0.0,0.0,0.0,-0.28888888888888886
0.2162940661008766,0.0,0.0,0.0,0.0,-0.28888888888888886
0.2162940661008766,0.0,0.0,0.0,0.0,-0.28888888888888886
0.23608231317445452,0.0,0.0,0.0,0.0,-0.28888888888888886
0.23608231317445452,0.0,0.0,0.0,0.0,-0.28888888888888886
0.26,0.0,0.0,0.0,0.0,-0.28832493226209094
0.26,0.0,0.0,0.0,0.0,-0.28832493226209094
0.26,0.0,0.0,0.0,0.0,-0.25536971717546303
0.26,0.0,0.0,0.0,0.0,-0.25536971717546303
0.26,0.0,0.0,0.0,0.0,-0.10027229777278729
0.26,0.0,0.0,0.0,0.0,-0.039067950737230586
0.26,0.0,0.0,0.0,0.0,-0.039067950737230586
0.26,0.0,0.0,0.0,0.0,0.02638809779162899
0.26,0.0,0.0,0.0,0.0,0.02638809779162899
0.26,0.0,0.0,0.0,0.0,0.02638809779162899
0.26,0.0,0.0,0.0,0.0,0.10896342528083434
0.26,0.0,0.0,0.0,0.0,0.10896342528083434
0.26,0.0,0.0,0.0,0.0,0.16583285386996138
0.26,0.0,0.0,0.0,0.0,0.16583285386996138
0.26,0.0,0.0,0.0,0.0,0.16583285386996138
0.26,0.0,0.0,0.0,0.0,0.23906943627802538
0.26,0.0,0.0,0.0,0.0,0.23906943627802538
0.26,0.0,0.0,0.0,0.0,0.23906943627802538
0.23952162671834643,0.0,0.0,0.0,0.0,0.2888888888888889
0.23952162671834643,0.0,0.0,0.0,0.0,0.2888888888888889
0.23952162671834643,0.0,0.0,0.0,0.0,0.2888888888888889
0.1929567250117825,0.0,0.0,0.0,0.0,0.2888888888888889
0.1929567250117825,0.0,0.0,0.0,0.0,0.2888888888888889
0.1929567250117825,0.0,0.0,0.0,0.0,0.2888888888888889
0.1874846834797929,0.0,0.0,0.0,0.0,0.2888888888888889
0.1874846834797929,0.0,0.0,0.0,0.0,0.2888888888888889
0.16202791187815435,0.0,0.0,0.0,0.0,0.2888888888888889
0.16202791187815435,0.0,0.0,0.0,0.0,0.2888888888888889
0.16202791187815435,0.0,0.0,0.0,0.0,0.2888888888888889
0.1383290277630193,0.0,0.0,0.0,0.0,0.2888888888888889
0.1383290277630193,0.0,0.0,0.0,0.0,0.2888888888888889
0.1,0.0,0.0,0.0,0.0,0.4034695373828607
0.1,0.0,0.0,0.0,0.0,0.44425463887145455
0.1,0.0,0.0,0.0,0.0,0.44425463887145455
0.1,0.0,0.0,0.0,0.0,0.44425463887145455
0.0,0.0,0.0,0.0,0.0,0.16000000000000003
0.0,0.0,0.0,0.0,0.0,0.16000000000000003
0.0,0.0,0.0,0.0,0.0,0.16000000000000003
0.0,0.0,0.0,0.0,0.0,0.16000000000000003
0.0,0.0,0.0,0.0,0.0,0.16000000000000003
0.0,0.0,0.0,0.0,0.0,0.16000000000000003
0.1,0.0,0.0,0.0,0.0,0.4617346679764346
0.0,0.0,0.0,0.0,0.0,0.16000000000000003
0.0,0.0,0.0,0.0,0.0,0.16000000000000003
0.0,0.0,0.0,0.0,0.0,0.16000000000000003
0.0,0.0,0.0,0.0,0.0,0.16000000000000003
0.0,0.0,0.0,0.0,0.0,0.16000000000000003
0.0,0.0,0.0,0.0,0.0,0.16000000000000003
0.0,0.0,0.0,0.0,0.0,0.16000000000000003
0.0,0.0,0.0,0.0,0.0,0.16000000000000003
0.0,0.0,0.0,0.0,0.0,0.16000000000000003
0.0,0.0,0.0,0.0,0.0,0.16000000000000003
0.0,0.0,0.0,0.0,0.0,0.16000000000000003
0.0,0.0,0.0,0.0,0.0,0.16000000000000003
0.0,0.0,0.0,0.0,0.0,0.16000000000000003
0.0,0.0,0.0,0.0,0.0,0.16000000000000003
0.0,0.0,0.0,0.0,0.0,0.16000000000000003
0.0,0.0,0.0,0.0,0.0,0.16000000000000003
0.0,0.0,0.0,0.0,0.0,0.16000000000000003
0.0,0.0,0.0,0.0,0.0,0.16000000000000003
0.0,0.0,0.0,0.0,0.0,0.16000000000000003
0.0,0.0,0.0,0.0,0.0,0.16000000000000003
0.0,0.0,0.0,0.0,0.0,0.16000000000000003
0.0,0.0,0.0,0.0,0.0,0.16000000000000003
0.0,0.0,0.0,0.0,0.0,0.16000000000000003
0.0,0.0,0.0,0.0,0.0,0.16000000000000003
0.0,0.0,0.0,0.0,0.0,0.16000000000000003
0.0,0.0,0.0,0.0,0.0,0.16000000000000003
0.0,0.0,0.0,0.0,0.0,0.16000000000000003
0.0,0.0,0.0,0.0,0.0,0.16000000000000003
0.0,0.0,0.0,0.0,0.0,0.16000000000000003
0.0,0.0,0.0,0.0,0.0,0.16000000000000003
0.0,0.0,0.0,0.0,0.0,0.16000000000000003
0.0,0.0,0.0,0.0,0.0,0.16000000000000003
0.0,0.0,0.0,0.0,0.0,0.16000000000000003
0.0,0.0,0.0,0.0,0.0,0.16000000000000003
0.0,0.0,0.0,0.0,0.0,0.16000000000000003
0.0,0.0,0.0,0.0,0.0,0.16000000000000003
0.0,0.0,0.0,0.0,0.0,0.16000000000000003
0.0,0.0,0.0,0.0,0.0,0.16000000000000003
0.0,0.0,0.0,0.0,0.0,0.16000000000000003
0.1,0.0,0.0,0.0,0.0,0.46735427840389
0.1,0.0,0.0,0.0,0.0,0.46735427840389
0.1,0.0,0.0,0.0,0.0,0.45026458527870106
0.1,0.0,0.0,0.0,0.0,0.45026458527870106
0.1,0.0,0.0,0.0,0.0,0.45026458527870106
0.1,0.0,0.0,0.0,0.0,0.4411569779536899
0.1,0.0,0.0,0.0,0.0,0.4411569779536899
0.1,0.0,0.0,0.0,0.0,0.43166000167495683
0.1,0.0,0.0,0.0,0.0,0.43166000167495683
0.1,0.0,0.0,0.0,0.0,0.43166000167495683
0.1,0.0,0.0,0.0,0.0,0.4197908514894699
0.1,0.0,0.0,0.0,0.0,0.4197908514894699
0.1,0.0,0.0,0.0,0.0,0.37226738757693095
0.1,0.0,0.0,0.0,0.0,0.3624905518028402
0.1,0.0,0.0,0.0,0.0,0.3624905518028402
0.1,0.0,0.0,0.0,0.0,0.3624905518028402
0.1,0.0,0.0,0.0,0.0,0.3508375038513204
0.1,0.0,0.0,0.0,0.0,0.34312205160206566
0.1,0.0,0.0,0.0,0.0,0.34312205160206566
0.1,0.0,0.0,0.0,0.0,0.34312205160206566
0.1,0.0,0.0,0.0,0.0,0.33354322636068223
0.1,0.0,0.0,0.0,0.0,0.33354322636068223
0.1,0.0,0.0,0.0,0.0,0.33354322636068223
0.1,0.0,0.0,0.0,0.0,0.32404261840100107
0.1,0.0,0.0,0.0,0.0,0.32404261840100107
0.1,0.0,0.0,0.0,0.0,0.3202655202995305
0.1,0.0,0.0,0.0,0.0,0.3146257304771961
0.1,0.0,0.0,0.0,0.0,0.3146257304771961
0.1,0.0,0.0,0.0,0.0,0.30529772362253693
0.1,0.0,0.0,0.0,0.0,0.30529772362253693
0.1,0.0,0.0,0.0,0.0,0.30529772362253693
0.1,0.0,0.0,0.0,0.0,0.30529772362253693
0.1,0.0,0.0,0.0,0.0,0.2942282204232076
0.1,0.0,0.0,0.0,0.0,0.2942282204232076
0.1,0.0,0.0,0.0,0.0,0.2942282204232076
0.1,0.0,0.0,0.0,0.0,0.29239697523497077
0.11414042077497599,0.0,0.0,0.0,0.0,0.28888888888888886
0.11414042077497599,0.0,0.0,0.0,0.0,0.28888888888888886
0.11414042077497599,0.0,0.0,0.0,0.0,0.28888888888888886
0.122382053000381,0.0,0.0,0.0,0.0,0.2888888888888889
0.122382053000381,0.0,0.0,0.0,0.0,0.2888888888888889
0.13194603576430192,0.0,0.0,0.0,0.0,0.288888888888889
0.13194603576430192,0.0,0.0,0.0,0.0,0.288888888888889
0.13194603576430192,0.0,0.0,0.0,0.0,0.288888888888889
0.14435125215423927,0.0,0.0,0.0,0.0,0.28888888888888886
0.14435125215423927,0.0,0.0,0.0,0.0,0.28888888888888886
0.15935692403207966,0.0,0.0,0.0,0.0,0.2888888888888889
0.15935692403207966,0.0,0.0,0.0,0.0,0.2888888888888889
0.15935692403207966,0.0,0.0,0.0,0.0,0.2888888888888889
0.18132707128287356,0.0,0.0,0.0,0.0,0.28888888888888886
0.18132707128287356,0.0,0.0,0.0,0.0,0.28888888888888886
0.20099051620756123,0.0,0.0,0.0,0.0,0.28888888888888886
0.20099051620756123,0.0,0.0,0.0,0.0,0.28888888888888886
0.20099051620756123,0.0,0.0,0.0,0.0,0.28888888888888886
0.2353443441148079,0.0,0.0,0.0,0.0,0.28888888888888886
0.21909960975397733,0.0,0.0,0.0,0.0,0.28888888888888886
0.26,0.0,0.0,0.0,0.0,0.11857299775411678
0.26,0.0,0.0,0.0,0.0,0.11857299775411678
0.26,0.0,0.0,0.0,0.0,0.05686401302125977
0.26,0.0,0.0,0.0,0.0,0.05686401302125977
0.26,0.0,0.0,0.0,0.0,0.05686401302125977
0.26,0.0,0.0,0.0,0.0,-0.006543968000780977
0.26,0.0,0.0,0.0,0.0,-0.006543968000780977
0.26,0.0,0.0,0.0,0.0,-0.006543968000780977
0.26,0.0,0.0,0.0,0.0,-0.08597730632894056
0.26,0.0,0.0,0.0,0.0,-0.08597730632894056
0.26,0.0,0.0,0.0,0.0,-0.14114923975578447
0.26,0.0,0.0,0.0,0.0,-0.14114923975578447
0.26,0.0,0.0,0.0,0.0,-0.14114923975578447
0.26,0.0,0.0,0.0,0.0,-0.21161579773545489
0.26,0.0,0.0,0.0,0.0,-0.21161579773545489
0.26,0.0,0.0,0.0,0.0,-0.21161579773545489
0.26,0.0,0.0,0.0,0.0,-0.28428632811146926
0.26,0.0,0.0,0.0,0.0,-0.28428632811146926
0.18776618049925714,0.0,0.0,0.0,0.0,-0.27666234269822665
0.18776618049925714,0.0,0.0,0.0,0.0,-0.27666234269822665
0.15459488602132368,0.0,0.0,0.0,0.0,-0.2722238959478841
0.15459488602132368,0.0,0.0,0.0,0.0,-0.2722238959478841
0.08706220640092704,0.0,0.0,0.0,0.0,-0.26724925215564754
0.08706220640092704,0.0,0.0,0.0,0.0,-0.26724925215564754
0.08506025975983159,0.0,0.0,0.0,0.0,-0.2917435352146144
0.08506025975983159,0.0,0.0,0.0,0.0,-0.2917435352146144
0.08506025975983159,0.0,0.0,0.0,0.0,-0.2917435352146144
0.08292214654616936,0.0,0.0,0.0,0.0,-0.3152219095920592
0.08292214654616936,0.0,0.0,0.0,0.0,-0.3152219095920592
0.08062963296079562,0.0,0.0,0.0,0.0,-0.3372219003662981
0.08062963296079562,0.0,0.0,0.0,0.0,-0.3372219003662981
0.08062963296079562,0.0,0.0,0.0,0.0,-0.3372219003662981
0.07821759071259902,0.0,0.0,0.0,0.0,-0.35723943294447413
0.07821759071259902,0.0,0.0,0.0,0.0,-0.35723943294447413
0.07821759071259902,0.0,0.0,0.0,0.0,-0.35723943294447413
0.0,0.0,0.0,0.0,0.0,-0.16000000000000003
0.0,0.0,0.0,0.0,0.0,-0.16000000000000003
0.0,0.0,0.0,0.0,0.0,-0.16000000000000003
0.0,0.0,0.0,0.0,0.0,-0.16000000000000003
0.0,0.0,0.0,0.0,0.0,-0.16000000000000003
0.0,0.0,0.0,0.0,0.0,-0.16000000000000003
0.0,0.0,0.0,0.0,0.0,-0.16000000000000003
0.0,0.0,0.0,0.0,0.0,-0.16000000000000003
0.0,0.0,0.0,0.0,0.0,-0.16000000000000003
0.0,0.0,0.0,0.0,0.0,-0.16000000000000003
0.0,0.0,0.0,0.0,0.0,-0.16000000000000003
0.0,0.0,0.0,0.0,0.0,-0.16000000000000003
0.0,0.0,0.0,0.0,0.0,-0.16000000000000003
0.0,0.0,0.0,0.0,0.0,-0.16000000000000003
0.0,0.0,0.0,0.0,0.0,-0.16000000000000003
0.0,0.0,0.0,0.0,0.0,-0.16000000000000003
0.0,0.0,0.0,0.0,0.0,-0.16000000000000003
0.0,0.0,0.0,0.0,0.0,-0.16000000000000003
0.0,0.0,0.0,0.0,0.0,-0.16000000000000003
0.0,0.0,0.0,0.0,0.0,-0.16000000000000003
0.0,0.0,0.0,0.0,0.0,-0.16000000000000003
0.0,0.0,0.0,0.0,0.0,-0.16000000000000003
0.0,0.0,0.0,0.0,0.0,-0.16000000000000003
0.0,0.0,0.0,0.0,0.0,-0.16000000000000003
0.0,0.0,0.0,0.0,0.0,-0.16000000000000003
0.0,0.0,0.0,0.0,0.0,-0.16000000000000003
0.0,0.0,0.0,0.0,0.0,-0.16000000000000003
0.0,0.0,0.0,0.0,0.0,-0.16000000000000003
0.0,0.0,0.0,0.0,0.0,-0.16000000000000003
0.0,0.0,0.0,0.0,0.0,-0.16000000000000003
0.0,0.0,0.0,0.0,0.0,-0.16000000000000003
0.0,0.0,0.0,0.0,0.0,-0.16000000000000003
0.0,0.0,0.0,0.0,0.0,-0.16000000000000003
0.0,0.0,0.0,0.0,0.0,-0.16000000000000003
0.0,0.0,0.0,0.0,0.0,-0.16000000000000003
0.0,0.0,0.0,0.0,0.0,-0.16000000000000003
0.0,0.0,0.0,0.0,0.0,-0.16000000000000003
0.0,0.0,0.0,0.0,0.0,-0.16000000000000003
0.0,0.0,0.0,0.0,0.0,-0.16000000000000003
0.0,0.0,0.0,0.0,0.0,-0.16000000000000003
0.0,0.0,0.0,0.0,0.0,-0.16000000000000003
0.0,0.0,0.0,0.0,0.0,-0.16000000000000003
0.0,0.0,0.0,0.0,0.0,-0.16000000000000003
0.0,0.0,0.0,0.0,0.0,-0.16000000000000003
0.0,0.0,0.0,0.0,0.0,-0.16000000000000003
0.0,0.0,0.0,0.0,0.0,-0.16000000000000003
0.0,0.0,0.0,0.0,0.0,-0.16000000000000003
0.0,0.0,0.0,0.0,0.0,-0.16000000000000003
0.0,0.0,0.0,0.0,0.0,-0.16000000000000003
0.0,0.0,0.0,0.0,0.0,-0.16000000000000003
0.0,0.0,0.0,0.0,0.0,-0.16000000000000003
0.0,0.0,0.0,0.0,0.0,-0.16000000000000003
0.0,0.0,0.0,0.0,0.0,-0.16000000000000003
0.0,0.0,0.0,0.0,0.0,-0.16000000000000003
0.0,0.0,0.0,0.0,0.0,-0.16000000000000003
0.0,0.0,0.0,0.0,0.0,-0.16000000000000003
0.0,0.0,0.0,0.0,0.0,-0.16000000000000003
0.0,0.0,0.0,0.0,0.0,-0.16000000000000003
0.0,0.0,0.0,0.0,0.0,-0.16000000000000003
0.0,0.0,0.0,0.0,0.0,-0.16000000000000003
0.0,0.0,0.0,0.0,0.0,-0.16000000000000003
0.0,0.0,0.0,0.0,0.0,-0.16000000000000003
0.0,0.0,0.0,0.0,0.0,-0.16000000000000003
0.0,0.0,0.0,0.0,0.0,-0.16000000000000003
0.0,0.0,0.0,0.0,0.0,-0.16000000000000003
0.0,0.0,0.0,0.0,0.0,-0.16000000000000003
0.0,0.0,0.0,0.0,0.0,-0.16000000000000003
0.0,0.0,0.0,0.0,0.0,-0.16000000000000003
0.0,0.0,0.0,0.0,0.0,-0.16000000000000003
0.0,0.0,0.0,0.0,0.0,-0.16000000000000003
0.0,0.0,0.0,0.0,0.0,-0.16000000000000003
0.0,0.0,0.0,0.0,0.0,-0.16000000000000003
0.0,0.0,0.0,0.0,0.0,-0.16000000000000003
0.0,0.0,0.0,0.0,0.0,-0.16000000000000003
0.0,0.0,0.0,0.0,0.0,-0.16000000000000003
0.0,0.0,0.0,0.0,0.0,-0.16000000000000003
0.0,0.0,0.0,0.0,0.0,-0.16000000000000003
0.0,0.0,0.0,0.0,0.0,-0.16000000000000003
0.0,0.0,0.0,0.0,0.0,-0.16000000000000003
0.0,0.0,0.0,0.0,0.0,-0.16000000000000003
0.0,0.0,0.0,0.0,0.0,-0.16000000000000003
0.0,0.0,0.0,0.0,0.0,-0.16000000000000003
0.0,0.0,0.0,0.0,0.0,-0.16000000000000003
0.0,0.0,0.0,0.0,0.0,-0.16000000000000003
0.0,0.0,0.0,0.0,0.0,-0.16000000000000003
0.0,0.0,0.0,0.0,0.0,-0.16000000000000003
0.0,0.0,0.0,0.0,0.0,-0.16000000000000003
0.0,0.0,0.0,0.0,0.0,-0.16000000000000003
0.0,0.0,0.0,0.0,0.0,-0.16000000000000003
0.0,0.0,0.0,0.0,0.0,-0.16000000000000003
0.0,0.0,0.0,0.0,0.0,-0.16000000000000003
0.0,0.0,0.0,0.0,0.0,-0.16000000000000003
0.0,0.0,0.0,0.0,0.0,-0.16000000000000003
0.0,0.0,0.0,0.0,0.0,-0.16000000000000003
0.0,0.0,0.0,0.0,0.0,-0.16000000000000003
0.0,0.0,0.0,0.0,0.0,-0.16000000000000003
0.0,0.0,0.0,0.0,0.0,-0.16000000000000003
0.0,0.0,0.0,0.0,0.0,-0.16000000000000003
0.0,0.0,0.0,0.0,0.0,-0.16000000000000003
0.0,0.0,0.0,0.0,0.0,-0.16000000000000003
0.0,0.0,0.0,0.0,0.0,-0.16000000000000003
0.0,0.0,0.0,0.0,0.0,-0.16000000000000003
0.0,0.0,0.0,0.0,0.0,-0.16000000000000003
0.0,0.0,0.0,0.0,0.0,-0.16000000000000003
0.0,0.0,0.0,0.0,0.0,-0.16000000000000003
0.0,0.0,0.0,0.0,0.0,-0.16000000000000003
0.0,0.0,0.0,0.0,0.0,-0.16000000000000003
0.0,0.0,0.0,0.0,0.0,-0.16000000000000003
0.05,0.0,0.0,0.0,0.0,-0.2423343599665072
0.05,0.0,0.0,0.0,0.0,-0.2423343599665072
0.05,0.0,0.0,0.0,0.0,-0.2423343599665072
0.05,0.0,0.0,0.0,0.0,-0.23913808639343143
0.05,0.0,0.0,0.0,0.0,-0.23913808639343143
0.05,0.0,0.0,0.0,0.0,-0.2358767991031331
0.05,0.0,0.0,0.0,0.0,-0.2358767991031331
0.05,0.0,0.0,0.0,0.0,-0.2358767991031331
0.05,0.0,0.0,0.0,0.0,-0.2325040176087385
0.05,0.0,0.0,0.0,0.0,-0.2325040176087385
0.05,0.0,0.0,0.0,0.0,-0.23181336287683268
0.05,0.0,0.0,0.0,0.0,-0.22899608255293163
0.05,0.0,0.0,0.0,0.0,-0.22899608255293163
0.05,0.0,0.0,0.0,0.0,-0.2253492097389963
0.05,0.0,0.0,0.0,0.0,-0.2253492097389963
0.05,0.0,0.0,0.0,0.0,-0.2253492097389963
0.05,0.0,0.0,0.0,0.0,-0.221559543965833
0.05,0.0,0.0,0.0,0.0,-0.221559543965833
0.05,0.0,0.0,0.0,0.0,-0.21762316946598173
0.05,0.0,0.0,0.0,0.0,-0.21762316946598173
0.05,0.0,0.0,0.0,0.0,-0.21762316946598173
0.05,0.0,0.0,0.0,0.0,-0.21353612164143737
0.05,0.0,0.0,0.0,0.0,-0.21353612164143737
0.05,0.0,0.0,0.0,0.0,-0.21353612164143737
0.05,0.0,0.0,0.0,0.0,-0.20929440021724008
0.05,0.0,0.0,0.0,0.0,-0.20929440021724008
0.05,0.0,0.0,0.0,0.0,-0.20929440021724008
0.05,0.0,0.0,0.0,0.0,-0.20489398389047292
0.05,0.0,0.0,0.0,0.0,-0.20489398389047292
0.05,0.0,0.0,0.0,0.0,-0.20308848070425986
0.05,0.0,0.0,0.0,0.0,-0.20033084656615163
0.05,0.0,0.0,0.0,0.0,-0.20033084656615163
0.05,0.0,0.0,0.0,0.0,-0.19463464186594703
0.05,0.0,0.0,0.0,0.0,-0.19463464186594703
0.05,0.0,0.0,0.0,0.0,-0.19463464186594703
0.05,0.0,0.0,0.0,0.0,-0.18969944034691652
0.05,0.0,0.0,0.0,0.0,-0.18969944034691652
0.05,0.0,0.0,0.0,0.0,-0.18767645965561872
0.05,0.0,0.0,0.0,0.0,-0.18767645965561872
0.05,0.0,0.0,0.0,0.0,-0.18767645965561872
0.05,0.0,0.0,0.0,0.0,-0.16051903261684744
0.05,0.0,0.0,0.0,0.0,-0.16051903261684744
0.05,0.0,0.0,0.0,0.0,-0.1568848453358903
0.05,0.0,0.0,0.0,0.0,-0.1568848453358903
0.05,0.0,0.0,0.0,0.0,-0.1568848453358903
0.05,0.0,0.0,0.0,0.0,-0.15266995803459746
0.05,0.0,0.0,0.0,0.0,-0.15266995803459746
0.05,0.0,0.0,0.0,0.0,-0.14982167822945866
0.05,0.0,0.0,0.0,0.0,-0.1467656240010798
0.05,0.0,0.0,0.0,0.0,-0.1467656240010798
0.05,0.0,0.0,0.0,0.0,-0.1422573330810206
0.05,0.0,0.0,0.0,0.0,-0.1422573330810206
0.05,0.0,0.0,0.0,0.0,-0.1422573330810206
0.05,0.0,0.0,0.0,0.0,-0.1359303494003394
0.05,0.0,0.0,0.0,0.0,-0.1359303494003394
0.05,0.0,0.0,0.0,0.0,-0.13455304738137955
0.05,0.0,0.0,0.0,0.0,-0.12875582597635954
0.05,0.0,0.0,0.0,0.0,-0.12875582597635954
0.05025640446959747,0.0,0.0,0.0,0.0,-0.12125628999560609
0.05025640446959747,0.0,0.0,0.0,0.0,-0.12125628999560609
0.05025640446959747,0.0,0.0,0.0,0.0,-0.12125628999560609
0.0,0.0,0.0,0.0,0.0,-0.16000000000000003
0.0,0.0,0.0,0.0,0.0,-0.16000000000000003
0.0,0.0,0.0,0.0,0.0,-0.16000000000000003
0.0,0.0,0.0,0.0,0.0,-0.16000000000000003
0.0,0.0,0.0,0.0,0.0,-0.16000000000000003
0.0,0.0,0.0,0.0,0.0,-0.16000000000000003
0.0,0.0,0.0,0.0,0.0,-0.16000000000000003
0.0,0.0,0.0,0.0,0.0,-0.16000000000000003
0.0,0.0,0.0,0.0,0.0,-0.16000000000000003
0.0,0.0,0.0,0.0,0.0,-0.16000000000000003
0.0,0.0,0.0,0.0,0.0,-0.16000000000000003
0.0,0.0,0.0,0.0,0.0,-0.16000000000000003
0.0,0.0,0.0,0.0,0.0,-0.16000000000000003
0.0,0.0,0.0,0.0,0.0,-0.16000000000000003
0.0,0.0,0.0,0.0,0.0,-0.16000000000000003
0.0,0.0,0.0,0.0,0.0,-0.16000000000000003
0.0,0.0,0.0,0.0,0.0,-0.16000000000000003
0.0,0.0,0.0,0.0,0.0,-0.16000000000000003
0.0,0.0,0.0,0.0,0.0,-0.16000000000000003
0.0,0.0,0.0,0.0,0.0,-0.16000000000000003
0.0,0.0,0.0,0.0,0.0,-0.16000000000000003
0.0,0.0,0.0,0.0,0.0,-0.16000000000000003
0.0,0.0,0.0,0.0,0.0,-0.16000000000000003
0.0,0.0,0.0,0.0,0.0,-0.16000000000000003
0.0,0.0,0.0,0.0,0.0,0.16000000000000003
0.0,0.0,0.0,0.0,0.0,0.16000000000000003
0.0,0.0,0.0,0.0,0.0,0.16000000000000003
0.0,0.0,0.0,0.0,0.0,0.16000000000000003
0.0,0.0,0.0,0.0,0.0,0.16000000000000003
0.0,0.0,0.0,0.0,0.0,0.16000000000000003
0.0,0.0,0.0,0.0,0.0,0.16000000000000003
0.0,0.0,0.0,0.0,0.0,0.16000000000000003
0.0,0.0,0.0,0.0,0.0,0.16000000000000003
0.0,0.0,0.0,0.0,0.0,0.16000000000000003
0.0,0.0,0.0,0.0,0.0,0.16000000000000003
0.0,0.0,0.0,0.0,0.0,0.16000000000000003
0.0,0.0,0.0,0.0,0.0,0.16000000000000003
0.0,0.0,0.0,0.0,0.0,0.16000000000000003
0.0,0.0,0.0,0.0,0.0,0.16000000000000003
0.0,0.0,0.0,0.0,0.0,0.16000000000000003
0.0,0.0,0.0,0.0,0.0,0.16000000000000003
0.0,0.0,0.0,0.0,0.0,0.16000000000000003
0.0,0.0,0.0,0.0,0.0,0.16000000000000003
0.0,0.0,0.0,0.0,0.0,0.16000000000000003
0.0,0.0,0.0,0.0,0.0,0.16000000000000003
0.0,0.0,0.0,0.0,0.0,0.16000000000000003
0.0,0.0,0.0,0.0,0.0,0.16000000000000003
0.0,0.0,0.0,0.0,0.0,0.16000000000000003
0.0,0.0,0.0,0.0,0.0,0.16000000000000003
0.0,0.0,0.0,0.0,0.0,0.16000000000000003
0.0,0.0,0.0,0.0,0.0,0.16000000000000003
0.0,0.0,0.0,0.0,0.0,0.16000000000000003
0.0,0.0,0.0,0.0,0.0,0.16000000000000003
0.0,0.0,0.0,0.0,0.0,0.16000000000000003
0.0,0.0,0.0,0.0,0.0,0.16000000000000003
0.0,0.0,0.0,0.0,0.0,0.16000000000000003
0.0,0.0,0.0,0.0,0.0,0.16000000000000003
0.0,0.0,0.0,0.0,0.0,0.16000000000000003
0.0,0.0,0.0,0.0,0.0,0.16000000000000003
0.0,0.0,0.0,0.0,0.0,0.16000000000000003
0.0,0.0,0.0,0.0,0.0,0.16000000000000003
0.0,0.0,0.0,0.0,0.0,0.16000000000000003
0.0,0.0,0.0,0.0,0.0,0.16000000000000003
0.0,0.0,0.0,0.0,0.0,0.16000000000000003
0.0,0.0,0.0,0.0,0.0,0.16000000000000003
0.0,0.0,0.0,0.0,0.0,0.16000000000000003
0.0,0.0,0.0,0.0,0.0,0.16000000000000003
0.0,0.0,0.0,0.0,0.0,0.16000000000000003
0.0,0.0,0.0,0.0,0.0,0.16000000000000003
0.0,0.0,0.0,0.0,0.0,0.16000000000000003
0.0,0.0,0.0,0.0,0.0,0.16000000000000003
0.0,0.0,0.0,0.0,0.0,0.16000000000000003
0.0,0.0,0.0,0.0,0.0,0.16000000000000003
0.0,0.0,0.0,0.0,0.0,0.16000000000000003
0.0,0.0,0.0,0.0,0.0,0.16000000000000003
0.0,0.0,0.0,0.0,0.0,0.16000000000000003
0.0,0.0,0.0,0.0,0.0,0.16000000000000003
0.0,0.0,0.0,0.0,0.0,0.16000000000000003
0.0,0.0,0.0,0.0,0.0,0.16000000000000003
0.0,0.0,0.0,0.0,0.0,0.0
0.1,0.0,0.0,0.0,0.0,-0.3714818950650094
0.1,0.0,0.0,0.0,0.0,-0.3714818950650094
0.1,0.0,0.0,0.0,0.0,-0.3714818950650094
0.1,0.0,0.0,0.0,0.0,-0.3714818950650094
0.1,0.0,0.0,0.0,0.0,-0.3714818950650094
0.1,0.0,0.0,0.0,0.0,-0.3714818950650094
0.1,0.0,0.0,0.0,0.0,-0.3714818950650094
0.1,0.0,0.0,0.0,0.0,-0.3714818950650094
0.1,0.0,0.0,0.0,0.0,-0.3714818950650094
0.1,0.0,0.0,0.0,0.0,-0.3714818950650094
0.1,0.0,0.0,0.0,0.0,-0.3714818950650094
0.1,0.0,0.0,0.0,0.0,-0.3714818950650094
0.1,0.0,0.0,0.0,0.0,-0.3714818950650094
0.1,0.0,0.0,0.0,0.0,-0.3714818950650094
0.1,0.0,0.0,0.0,0.0,-0.3714818950650094
0.1,0.0,0.0,0.0,0.0,-0.3714818950650094
0.1,0.0,0.0,0.0,0.0,-0.3714818950650094
0.1,0.0,0.0,0.0,0.0,-0.3714818950650094
0.1,0.0,0.0,0.0,0.0,-0.3714818950650094
0.1,0.0,0.0,0.0,0.0,-0.3714818950650094
0.1,0.0,0.0,0.0,0.0,-0.3714818950650094
0.1,0.0,0.0,0.0,0.0,-0.3714818950650094
0.1,0.0,0.0,0.0,0.0,-0.3714818950650094
0.1,0.0,0.0,0.0,0.0,-0.3714818950650094
0.1,0.0,0.0,0.0,0.0,-0.3714818950650094
0.1,0.0,0.0,0.0,0.0,-0.3714818950650094
0.1,0.0,0.0,0.0,0.0,-0.3714818950650094
0.1,0.0,0.0,0.0,0.0,-0.3714818950650094
0.1,0.0,0.0,0.0,0.0,-0.3714818950650094
0.1,0.0,0.0,0.0,0.0,-0.3714818950650094
0.1,0.0,0.0,0.0,0.0,-0.3714818950650094
0.1,0.0,0.0,0.0,0.0,-0.3714818950650094
0.1,0.0,0.0,0.0,0.0,-0.3714818950650094
0.1,0.0,0.0,0.0,0.0,-0.3714818950650094
0.1,0.0,0.0,0.0,0.0,-0.3714818950650094
0.1,0.0,0.0,0.0,0.0,-0.3714818950650094
0.1,0.0,0.0,0.0,0.0,-0.3714818950650094
0.1,0.0,0.0,0.0,0.0,-0.3714818950650094
0.1,0.0,0.0,0.0,0.0,-0.3714818950650094
0.1,0.0,0.0,0.0,0.0,-0.3714818950650094
0.1,0.0,0.0,0.0,0.0,-0.3515429712906091
0.1,0.0,0.0,0.0,0.0,-0.3387962840183554
0.1,0.0,0.0,0.0,0.0,-0.3387962840183554
0.1,0.0,0.0,0.0,0.0,-0.3387962840183554
0.1,0.0,0.0,0.0,0.0,-0.3387962840183554
0.1,0.0,0.0,0.0,0.0,-0.3212686928867975
0.1,0.0,0.0,0.0,0.0,-0.3212686928867975
0.1,0.0,0.0,0.0,0.0,-0.30333004658937207
0.1,0.0,0.0,0.0,0.0,-0.30333004658937207
0.1,0.0,0.0,0.0,0.0,-0.30333004658937207
0.10777545848012343,0.0,0.0,0.0,0.0,-0.2888888888888888
0.10777545848012343,0.0,0.0,0.0,0.0,-0.2888888888888888
0.11068414092666044,0.0,0.0,0.0,0.0,-0.288888888888889
0.11536213524522357,0.0,0.0,0.0,0.0,-0.28888888888888886
0.11536213524522357,0.0,0.0,0.0,0.0,-0.28888888888888886
0.12414531784862232,0.0,0.0,0.0,0.0,-0.28888888888888886
0.12414531784862232,0.0,0.0,0.0,0.0,-0.28888888888888886
0.12414531784862232,0.0,0.0,0.0,0.0,-0.28888888888888886
0.16853393138746586,0.0,0.0,0.0,0.0,-0.28888888888888886
0.18857149158564462,0.0,0.0,0.0,0.0,-0.2888888888888889
0.18857149158564462,0.0,0.0,0.0,0.0,-0.2888888888888889
0.19317274926628283,0.0,0.0,0.0,0.0,-0.28888888888888886
0.21420017936041347,0.0,0.0,0.0,0.0,-0.28888888888888886
0.21420017936041347,0.0,0.0,0.0,0.0,-0.28888888888888886
0.24838739564411333,0.0,0.0,0.0,0.0,-0.28888888888888886
0.24838739564411333,0.0,0.0,0.0,0.0,-0.28888888888888886
0.24838739564411333,0.0,0.0,0.0,0.0,-0.28888888888888886
0.26,0.0,0.0,0.0,0.0,-0.253411661574781
0.26,0.0,0.0,0.0,0.0,-0.253411661574781
0.26,0.0,0.0,0.0,0.0,-0.2036547204041354
0.26,0.0,0.0,0.0,0.0,-0.2036547204041354
0.26,0.0,0.0,0.0,0.0,-0.2036547204041354
0.26,0.0,0.0,0.0,0.0,-0.15307130696568055
0.26,0.0,0.0,0.0,0.0,-0.15307130696568055
0.26,0.0,0.0,0.0,0.0,-0.09112630056478235
0.26,0.0,0.0,0.0,0.0,-0.09112630056478235
0.26,0.0,0.0,0.0,0.0,-0.09112630056478235
0.26,0.0,0.0,0.0,0.0,0.20114275848592267
0.26,0.0,0.0,0.0,0.0,0.24212087654992995
0.26,0.0,0.0,0.0,0.0,0.24212087654992995
0.26,0.0,0.0,0.0,0.0,0.24212087654992995
0.13771995458711533,0.0,0.0,0.0,0.0,0.28888888888888886
0.11366405799897425,0.0,0.0,0.0,0.0,0.288888888888889
0.11366405799897425,0.0,0.0,0.0,0.0,0.288888888888889
0.11366405799897425,0.0,0.0,0.0,0.0,0.288888888888889
0.10534613746970392,0.0,0.0,0.0,0.0,0.2888888888888889
0.10534613746970392,0.0,0.0,0.0,0.0,0.2888888888888889
0.10534613746970392,0.0,0.0,0.0,0.0,0.2888888888888889
0.1,0.0,0.0,0.0,0.0,0.2951068850501518
0.1,0.0,0.0,0.0,0.0,0.2951068850501518
0.1,0.0,0.0,0.0,0.0,0.2951068850501518
0.1,0.0,0.0,0.0,0.0,0.31685750745343544
0.10254449885719318,0.0,0.0,0.0,0.0,0.2888888888888888
0.1,0.0,0.0,0.0,0.0,0.3104806171747245
0.1,0.0,0.0,0.0,0.0,0.3104806171747245
0.1,0.0,0.0,0.0,0.0,0.3104806171747245
0.1,0.0,0.0,0.0,0.0,0.3327647910525533
0.1,0.0,0.0,0.0,0.0,0.3327647910525533
0.1,0.0,0.0,0.0,0.0,0.3327647910525533
0.1,0.0,0.0,0.0,0.0,0.35631384646805153
0.1,0.0,0.0,0.0,0.0,0.36233652662112226
0.1,0.0,0.0,0.0,0.0,0.36233652662112226
0.1,0.0,0.0,0.0,0.0,0.3937797523867712
0.1,0.0,0.0,0.0,0.0,0.3937797523867712
0.1,0.0,0.0,0.0,0.0,0.3937797523867712
0.1,0.0,0.0,0.0,0.0,0.4264831297541199
0.1,0.0,0.0,0.0,0.0,0.4264831297541199
0.1,0.0,0.0,0.0,0.0,0.45841966939894574
0.1,0.0,0.0,0.0,0.0,0.45841966939894574
0.1,0.0,0.0,0.0,0.0,0.45841966939894574
0.0,0.0,0.0,0.0,0.0,0.16000000000000003
0.0,0.0,0.0,0.0,0.0,0.16000000000000003
0.1,0.0,0.0,0.0,0.0,0.36737277111092026
0.0,0.0,0.0,0.0,0.0,0.16000000000000003
0.0,0.0,0.0,0.0,0.0,0.16000000000000003
0.0,0.0,0.0,0.0,0.0,0.16000000000000003
0.0,0.0,0.0,0.0,0.0,0.16000000000000003
0.0,0.0,0.0,0.0,0.0,0.16000000000000003
0.0,0.0,0.0,0.0,0.0,0.16000000000000003
0.0,0.0,0.0,0.0,0.0,0.16000000000000003
0.0,0.0,0.0,0.0,0.0,0.16000000000000003
0.0,0.0,0.0,0.0,0.0,0.16000000000000003
0.0,0.0,0.0,0.0,0.0,0.16000000000000003
0.0,0.0,0.0,0.0,0.0,0.16000000000000003
0.0,0.0,0.0,0.0,0.0,0.16000000000000003
0.0,0.0,0.0,0.0,0.0,0.16000000000000003
0.0,0.0,0.0,0.0,0.0,0.16000000000000003
0.0,0.0,0.0,0.0,0.0,0.16000000000000003
0.0,0.0,0.0,0.0,0.0,0.16000000000000003
0.0,0.0,0.0,0.0,0.0,0.16000000000000003
0.0,0.0,0.0,0.0,0.0,0.16000000000000003
0.1,0.0,0.0,0.0,0.0,0.41521829119666825
0.1,0.0,0.0,0.0,0.0,0.408754558353442
0.1,0.0,0.0,0.0,0.0,0.408754558353442
0.1,0.0,0.0,0.0,0.0,0.408754558353442
0.1,0.0,0.0,0.0,0.0,0.408754558353442
0.1,0.0,0.0,0.0,0.0,0.4002042226046695
0.1,0.0,0.0,0.0,0.0,0.4002042226046695
0.1,0.0,0.0,0.0,0.0,0.4002042226046695
0.1,0.0,0.0,0.0,0.0,0.393269113704279
0.1,0.0,0.0,0.0,0.0,0.393269113704279
0.1,0.0,0.0,0.0,0.0,0.393269113704279
0.1,0.0,0.0,0.0,0.0,0.3850325348547331
0.1,0.0,0.0,0.0,0.0,0.3850325348547331
0.1,0.0,0.0,0.0,0.0,0.3850325348547331
0.1,0.0,0.0,0.0,0.0,0.37643521563887344
0.1,0.0,0.0,0.0,0.0,0.37643521563887344
0.1,0.0,0.0,0.0,0.0,0.37643521563887344
0.1,0.0,0.0,0.0,0.0,0.3496937256120815
0.1,0.0,0.0,0.0,0.0,0.3496937256120815
0.1,0.0,0.0,0.0,0.0,0.3496937256120815
0.1,0.0,0.0,0.0,0.0,0.3072388837913973
0.1,0.0,0.0,0.0,0.0,0.30377039168597103
0.10124070344204708,0.0,0.0,0.0,0.0,0.2888888888888889
0.10124070344204708,0.0,0.0,0.0,0.0,0.2888888888888889
0.10124070344204708,0.0,0.0,0.0,0.0,0.2888888888888889
0.10732209263254487,0.0,0.0,0.0,0.0,0.28888888888888886
0.10732209263254487,0.0,0.0,0.0,0.0,0.28888888888888886
0.10732209263254487,0.0,0.0,0.0,0.0,0.28888888888888886
0.14178758208330178,0.0,0.0,0.0,0.0,0.28888888888888886
0.15015036040781396,0.0,0.0,0.0,0.0,0.28888888888888886
0.15015036040781396,0.0,0.0,0.0,0.0,0.28888888888888886
0.15983397391128373,0.0,0.0,0.0,0.0,0.2888888888888889
0.15983397391128373,0.0,0.0,0.0,0.0,0.2888888888888889
0.15983397391128373,0.0,0.0,0.0,0.0,0.2888888888888889
0.17116731154514478,0.0,0.0,0.0,0.0,0.28888888888888886
0.17116731154514478,0.0,0.0,0.0,0.0,0.28888888888888886
0.26,0.0,0.0,0.0,0.0,0.22861862462481103
0.26,0.0,0.0,0.0,0.0,0.21543131231989113
0.26,0.0,0.0,0.0,0.0,0.18869067048512536
0.26,0.0,0.0,0.0,0.0,0.18192932911969018
0.26,0.0,0.0,0.0,0.0,0.18192932911969018
0.26,0.0,0.0,0.0,0.0,0.14766647026148436
0.26,0.0,0.0,0.0,0.0,0.14766647026148436
0.26,0.0,0.0,0.0,0.0,0.14766647026148436
0.26,0.0,0.0,0.0,0.0,0.1036286475127838
0.26,0.0,0.0,0.0,0.0,0.1036286475127838
0.26,0.0,0.0,0.0,0.0,0.1036286475127838
0.26,0.0,0.0,0.0,0.0,0.027766387045985202
0.26,0.0,0.0,0.0,0.0,0.027766387045985202
0.26,0.0,0.0,0.0,0.0,-0.03629432948755226
0.26,0.0,0.0,0.0,0.0,-0.03629432948755226
0.26,0.0,0.0,0.0,0.0,-0.03629432948755226
0.26,0.0,0.0,0.0,0.0,-0.03629432948755226
0.26,0.0,0.0,0.0,0.0,-0.11933079884822377
0.26,0.0,0.0,0.0,0.0,-0.11933079884822377
0.26,0.0,0.0,0.0,0.0,-0.22361033366899385
0.26,0.0,0.0,0.0,0.0,-0.13892702375310895
0.26,0.0,0.0,0.0,0.0,-0.229875148792648
0.26,0.0,0.0,0.0,0.0,-0.229875148792648
0.26,0.0,0.0,0.0,0.0,-0.229875148792648
0.1,0.0,0.0,0.0,0.0,-0.3246208411149384
0.1,0.0,0.0,0.0,0.0,-0.3246208411149384
0.1,0.0,0.0,0.0,0.0,-0.35606752067407166
0.1,0.0,0.0,0.0,0.0,-0.35606752067407166
0.1,0.0,0.0,0.0,0.0,-0.35606752067407166
0.1,0.0,0.0,0.0,0.0,-0.3921630157601459
0.1,0.0,0.0,0.0,0.0,-0.3921630157601459
0.1,0.0,0.0,0.0,0.0,-0.3921630157601459
0.1,0.0,0.0,0.0,0.0,-0.4176455748230538
0.1,0.0,0.0,0.0,0.0,-0.4176455748230538
0.1,0.0,0.0,0.0,0.0,-0.4556915150533065
0.1,0.0,0.0,0.0,0.0,-0.4556915150533065
0.1,0.0,0.0,0.0,0.0,-0.4556915150533065
0.0,0.0,0.0,0.0,0.0,-0.16000000000000003
0.0,0.0,0.0,0.0,0.0,-0.16000000000000003
0.1,0.0,0.0,0.0,0.0,-0.4212323215589071
0.1,0.0,0.0,0.0,0.0,-0.44882824728032067
0.1,0.0,0.0,0.0,0.0,-0.44882824728032067
0.0,0.0,0.0,0.0,0.0,-0.16000000000000003
0.0,0.0,0.0,0.0,0.0,-0.16000000000000003
0.0,0.0,0.0,0.0,0.0,-0.16000000000000003
0.0,0.0,0.0,0.0,0.0,-0.16000000000000003
0.0,0.0,0.0,0.0,0.0,-0.16000000000000003
0.0,0.0,0.0,0.0,0.0,-0.16000000000000003
0.0,0.0,0.0,0.0,0.0,-0.16000000000000003
0.0,0.0,0.0,0.0,0.0,-0.16000000000000003
0.0,0.0,0.0,0.0,0.0,-0.16000000000000003
0.0,0.0,0.0,0.0,0.0,-0.16000000000000003
0.0,0.0,0.0,0.0,0.0,-0.16000000000000003
0.0,0.0,0.0,0.0,0.0,-0.16000000000000003
0.0,0.0,0.0,0.0,0.0,-0.16000000000000003
0.0,0.0,0.0,0.0,0.0,-0.16000000000000003
0.0,0.0,0.0,0.0,0.0,-0.16000000000000003
0.0,0.0,0.0,0.0,0.0,-0.16000000000000003
0.0,0.0,0.0,0.0,0.0,-0.16000000000000003
0.0,0.0,0.0,0.0,0.0,-0.16000000000000003
0.0,0.0,0.0,0.0,0.0,-0.16000000000000003
0.0,0.0,0.0,0.0,0.0,-0.16000000000000003
0.0,0.0,0.0,0.0,0.0,-0.16000000000000003
0.0,0.0,0.0,0.0,0.0,-0.16000000000000003
0.0,0.0,0.0,0.0,0.0,-0.16000000000000003
0.0,0.0,0.0,0.0,0.0,-0.16000000000000003
0.0,0.0,0.0,0.0,0.0,-0.16000000000000003
0.0,0.0,0.0,0.0,0.0,-0.16000000000000003
0.0,0.0,0.0,0.0,0.0,-0.16000000000000003
0.0,0.0,0.0,0.0,0.0,-0.16000000000000003
0.0,0.0,0.0,0.0,0.0,-0.16000000000000003
0.0,0.0,0.0,0.0,0.0,-0.16000000000000003
0.0,0.0,0.0,0.0,0.0,-0.16000000000000003
0.0,0.0,0.0,0.0,0.0,-0.16000000000000003
0.0,0.0,0.0,0.0,0.0,-0.16000000000000003
0.0,0.0,0.0,0.0,0.0,-0.16000000000000003
0.0,0.0,0.0,0.0,0.0,-0.16000000000000003
0.1,0.0,0.0,0.0,0.0,-0.45390282044877095
0.1,0.0,0.0,0.0,0.0,-0.4371645530636217
0.1,0.0,0.0,0.0,0.0,-0.4371645530636217
0.1,0.0,0.0,0.0,0.0,-0.4371645530636217
0.1,0.0,0.0,0.0,0.0,-0.42932235104765404
0.1,0.0,0.0,0.0,0.0,-0.42932235104765404
0.1,0.0,0.0,0.0,0.0,-0.42932235104765404
0.1,0.0,0.0,0.0,0.0,-0.4191105504070297
0.1,0.0,0.0,0.0,0.0,-0.4191105504070297
0.1,0.0,0.0,0.0,0.0,-0.4084293574127383
0.1,0.0,0.0,0.0,0.0,-0.4084293574127383
0.1,0.0,0.0,0.0,0.0,-0.4084293574127383
0.1,0.0,0.0,0.0,0.0,-0.39726339692284673
0.1,0.0,0.0,0.0,0.0,-0.39726339692284673
0.1,0.0,0.0,0.0,0.0,-0.3855978765647232
0.1,0.0,0.0,0.0,0.0,-0.38320356588684834
0.1,0.0,0.0,0.0,0.0,-0.38320356588684834
0.1,0.0,0.0,0.0,0.0,-0.3734186122128564
0.1,0.0,0.0,0.0,0.0,-0.3734186122128564
0.1,0.0,0.0,0.0,0.0,-0.3734186122128564
0.1,0.0,0.0,0.0,0.0,-0.3607120774418781
0.1,0.0,0.0,0.0,0.0,-0.3602677466132943
0.1,0.0,0.0,0.0,0.0,-0.34712214845192785
0.1,0.0,0.0,0.0,0.0,-0.34712214845192785
0.1,0.0,0.0,0.0,0.0,-0.3339705978967836
0.1,0.0,0.0,0.0,0.0,-0.3339705978967836
0.1,0.0,0.0,0.0,0.0,-0.3208753368962068
0.1,0.0,0.0,0.0,0.0,-0.3208753368962068
0.1,0.0,0.0,0.0,0.0,-0.30784850016616955
0.1,0.0,0.0,0.0,0.0,-0.30784850016616955
0.1,0.0,0.0,0.0,0.0,-0.30784850016616955
0.1,0.0,0.0,0.0,0.0,-0.29490147791966276
0.1,0.0,0.0,0.0,0.0,-0.29490147791966276
0.1316442805037909,0.0,0.0,0.0,0.0,-0.28888888888888886
0.1396596500110882,0.0,0.0,0.0,0.0,-0.28888888888888886
0.1396596500110882,0.0,0.0,0.0,0.0,-0.28888888888888886
0.1396596500110882,0.0,0.0,0.0,0.0,-0.28888888888888886
0.15340378291451215,0.0,0.0,0.0,0.0,-0.28888888888888886
0.15340378291451215,0.0,0.0,0.0,0.0,-0.28888888888888886
0.17138755260005278,0.0,0.0,0.0,0.0,-0.28888888888888886
0.17138755260005278,0.0,0.0,0.0,0.0,-0.28888888888888886
0.19391191268465405,0.0,0.0,0.0,0.0,-0.28888888888888886
0.19391191268465405,0.0,0.0,0.0,0.0,-0.28888888888888886
0.2230887263591318,0.0,0.0,0.0,0.0,-0.2888888888888889
0.2230887263591318,0.0,0.0,0.0,0.0,-0.2888888888888889
0.2230887263591318,0.0,0.0,0.0,0.0,-0.2888888888888889
0.26,0.0,0.0,0.0,0.0,-0.28658116411847373
0.26,0.0,0.0,0.0,0.0,-0.28658116411847373
0.26,0.0,0.0,0.0,0.0,-0.28658116411847373
0.26,0.0,0.0,0.0,0.0,-0.22898610034723232
0.26,0.0,0.0,0.0,0.0,-0.22898610034723232
0.26,0.0,0.0,0.0,0.0,-0.18032576186068408
0.26,0.0,0.0,0.0,0.0,-0.18032576186068408
0.26,0.0,0.0,0.0,0.0,-0.18032576186068408
0.26,0.0,0.0,0.0,0.0,-0.1327767508981877
0.26,0.0,0.0,0.0,0.0,-0.1327767508981877
0.26,0.0,0.0,0.0,0.0,-0.1327767508981877
0.26,0.0,0.0,0.0,0.0,-0.09347863074974491
0.26,0.0,0.0,0.0,0.0,-0.043041735438431566
0.26,0.0,0.0,0.0,0.0,-0.043041735438431566
0.26,0.0,0.0,0.0,0.0,-0.043041735438431566
0.26,0.0,0.0,0.0,0.0,0.008982834148345437
0.26,0.0,0.0,0.0,0.0,0.008982834148345437
0.26,0.0,0.0,0.0,0.0,0.2110482346074541
0.26,0.0,0.0,0.0,0.0,0.2110482346074541
0.26,0.0,0.0,0.0,0.0,0.2644510489811683
0.26,0.0,0.0,0.0,0.0,0.2644510489811683
0.23430704970992322,0.0,0.0,0.0,0.0,0.2888888888888889
0.23430704970992322,0.0,0.0,0.0,0.0,0.2888888888888889
0.23430704970992322,0.0,0.0,0.0,0.0,0.2888888888888889
0.19032070034872095,0.0,0.0,0.0,0.0,0.2888888888888889
0.19032070034872095,0.0,0.0,0.0,0.0,0.2888888888888889
0.19032070034872095,0.0,0.0,0.0,0.0,0.2888888888888889
0.16758652186520154,0.0,0.0,0.0,0.0,0.2888888888888889
0.16758652186520154,0.0,0.0,0.0,0.0,0.2888888888888889
0.15315811388510783,0.0,0.0,0.0,0.0,0.2888888888888889
0.14318399658609096,0.0,0.0,0.0,0.0,0.2888888888888889
0.11973291809024011,0.0,0.0,0.0,0.0,0.28888888888888886
0.11973291809024011,0.0,0.0,0.0,0.0,0.28888888888888886
0.10785069971952614,0.0,0.0,0.0,0.0,0.28888888888888886
0.10785069971952614,0.0,0.0,0.0,0.0,0.28888888888888886
0.10785069971952614,0.0,0.0,0.0,0.0,0.28888888888888886
0.1,0.0,0.0,0.0,0.0,0.30203214443038157
0.1,0.0,0.0,0.0,0.0,0.30203214443038157
0.1,0.0,0.0,0.0,0.0,0.33659679000075693
0.1,0.0,0.0,0.0,0.0,0.33659679000075693
0.1,0.0,0.0,0.0,0.0,0.33659679000075693
0.1,0.0,0.0,0.0,0.0,0.3741468634867413
0.1,0.0,0.0,0.0,0.0,0.3741468634867413
0.1,0.0,0.0,0.0,0.0,0.4084853267275419
0.1,0.0,0.0,0.0,0.0,0.4084853267275419
0.1,0.0,0.0,0.0,0.0,0.4084853267275419
0.1,0.0,0.0,0.0,0.0,0.44036945891528667
0.1,0.0,0.0,0.0,0.0,0.44036945891528667
0.0,0.0,0.0,0.0,0.0,0.16000000000000003
0.0,0.0,0.0,0.0,0.0,0.16000000000000003
0.0,0.0,0.0,0.0,0.0,0.16000000000000003
0.0,0.0,0.0,0.0,0.0,0.16000000000000003
0.0,0.0,0.0,0.0,0.0,0.16000000000000003
0.0,0.0,0.0,0.0,0.0,0.16000000000000003
0.0,0.0,0.0,0.0,0.0,0.16000000000000003
0.0,0.0,0.0,0.0,0.0,0.16000000000000003
0.0,0.0,0.0,0.0,0.0,0.16000000000000003
0.0,0.0,0.0,0.0,0.0,0.16000000000000003
0.0,0.0,0.0,0.0,0.0,0.16000000000000003
0.0,0.0,0.0,0.0,0.0,0.16000000000000003
0.0,0.0,0.0,0.0,0.0,0.16000000000000003
0.0,0.0,0.0,0.0,0.0,0.16000000000000003
0.0,0.0,0.0,0.0,0.0,0.16000000000000003
0.0,0.0,0.0,0.0,0.0,0.16000000000000003
0.0,0.0,0.0,0.0,0.0,0.16000000000000003
0.0,0.0,0.0,0.0,0.0,0.16000000000000003
0.0,0.0,0.0,0.0,0.0,0.16000000000000003
0.0,0.0,0.0,0.0,0.0,0.16000000000000003
0.0,0.0,0.0,0.0,0.0,0.16000000000000003
0.0,0.0,0.0,0.0,0.0,0.16000000000000003
0.0,0.0,0.0,0.0,0.0,0.16000000000000003
0.0,0.0,0.0,0.0,0.0,0.16000000000000003
0.0,0.0,0.0,0.0,0.0,0.16000000000000003
0.0,0.0,0.0,0.0,0.0,0.16000000000000003
0.0,0.0,0.0,0.0,0.0,0.16000000000000003
0.0,0.0,0.0,0.0,0.0,0.16000000000000003
0.0,0.0,0.0,0.0,0.0,0.16000000000000003
0.0,0.0,0.0,0.0,0.0,0.16000000000000003
0.0,0.0,0.0,0.0,0.0,0.16000000000000003
0.0,0.0,0.0,0.0,0.0,0.16000000000000003
0.0,0.0,0.0,0.0,0.0,0.16000000000000003
0.06363010579024063,0.0,0.0,0.0,0.0,0.2828262606909654
0.06363010579024063,0.0,0.0,0.0,0.0,0.2828262606909654
0.06326109516831241,0.0,0.0,0.0,0.0,0.27623592218299453
0.06326109516831241,0.0,0.0,0.0,0.0,0.27623592218299453
0.06326109516831241,0.0,0.0,0.0,0.0,0.27623592218299453
0.06337530636445177,0.0,0.0,0.0,0.0,0.27271250601839275
0.06337530636445177,0.0,0.0,0.0,0.0,0.27271250601839275
0.06350045627712562,0.0,0.0,0.0,0.0,0.2684112911704051
0.06350045627712562,0.0,0.0,0.0,0.0,0.2684112911704051
0.06350045627712562,0.0,0.0,0.0,0.0,0.2684112911704051
0.06355351013369158,0.0,0.0,0.0,0.0,0.26450587726789115
0.06355351013369158,0.0,0.0,0.0,0.0,0.26450587726789115
0.06355670094340216,0.0,0.0,0.0,0.0,0.26106414486609714
0.06355769587416603,0.0,0.0,0.0,0.0,0.2601879968269758
0.06355769587416603,0.0,0.0,0.0,0.0,0.2601879968269758
0.06356386142188085,0.0,0.0,0.0,0.0,0.2557112147801067
0.06356386142188085,0.0,0.0,0.0,0.0,0.2557112147801067
0.06356386142188085,0.0,0.0,0.0,0.0,0.2557112147801067
0.06360884870018696,0.0,0.0,0.0,0.0,0.2361271216460042
0.06362188398687352,0.0,0.0,0.0,0.0,0.2318719746633166
0.06362188398687352,0.0,0.0,0.0,0.0,0.2318719746633166
0.06362188398687352,0.0,0.0,0.0,0.0,0.2318719746633166
0.06364015250089561,0.0,0.0,0.0,0.0,0.2263868067728662
0.06364015250089561,0.0,0.0,0.0,0.0,0.2263868067728662
0.06366504709426091,0.0,0.0,0.0,0.0,0.21955504397577189
0.06366504709426091,0.0,0.0,0.0,0.0,0.21955504397577189
0.06366504709426091,0.0,0.0,0.0,0.0,0.21955504397577189
0.06368349626983201,0.0,0.0,0.0,0.0,0.214845825995387
0.06368349626983201,0.0,0.0,0.0,0.0,0.214845825995387
0.06371404016744124,0.0,0.0,0.0,0.0,0.20754445559883633
0.06371404016744124,0.0,0.0,0.0,0.0,0.20754445559883633
0.06371404016744124,0.0,0.0,0.0,0.0,0.20754445559883633
0.06373637420293916,0.0,0.0,0.0,0.0,0.20251535539649312
0.06373637420293916,0.0,0.0,0.0,0.0,0.20251535539649312
0.06373637420293916,0.0,0.0,0.0,0.0,0.20251535539649312
0.06376658525943212,0.0,0.0,0.0,0.0,0.1960435164753484
0.06376658525943212,0.0,0.0,0.0,0.0,0.1960435164753484
0.06376658525943212,0.0,0.0,0.0,0.0,0.1960435164753484
0.06380632261569866,0.0,0.0,0.0,0.0,0.1879998895350622
0.06380632261569866,0.0,0.0,0.0,0.0,0.1879998895350622
0.06382043988914021,0.0,0.0,0.0,0.0,0.185250310168407
0.07340538584961885,0.0,0.0,0.0,0.0,0.17716585640940086
0.07340538584961885,0.0,0.0,0.0,0.0,0.17716585640940086
0.07796227268729923,0.0,0.0,0.0,0.0,0.17431135081855179
0.07796227268729923,0.0,0.0,0.0,0.0,0.17431135081855179
0.0812390461721709,0.0,0.0,0.0,0.0,0.1725949483758816
0.08372613973633078,0.0,0.0,0.0,0.0,0.17145061085233776
0.08372613973633078,0.0,0.0,0.0,0.0,0.17145061085233776
0.09114848653326475,0.0,0.0,0.0,0.0,0.1685889991926135
0.09114848653326475,0.0,0.0,0.0,0.0,0.1685889991926135
0.09880469783651397,0.0,0.0,0.0,0.0,0.16630149431475666
0.10103695811445036,0.0,0.0,0.0,0.0,0.16573013212748636
0.10103695811445036,0.0,0.0,0.0,0.0,0.16573013212748636
0.11481756164793037,0.0,0.0,0.0,0.0,0.1628776612829688
0.11481756164793037,0.0,0.0,0.0,0.0,0.1628776612829688
0.11481756164793037,0.0,0.0,0.0,0.0,0.1628776612829688
0.13488627986202653,0.0,0.0,0.0,0.0,0.1600351605206035
0.13488627986202653,0.0,0.0,0.0,0.0,0.1600351605206035
0.14148661883809543,0.0,0.0,0.0,0.0,0.12117584891463314
0.14148661883809543,0.0,0.0,0.0,0.0,0.12117584891463314
0.14148661883809543,0.0,0.0,0.0,0.0,0.12117584891463314
0.1389583091959083,0.0,0.0,0.0,0.0,0.06706562790385844
0.1389583091959083,0.0,0.0,0.0,0.0,0.06706562790385844
0.1310639459200769,0.0,0.0,0.0,0.0,-0.09359053815672824
0.1310639459200769,0.0,0.0,0.0,0.0,-0.09359053815672824
0.1310639459200769,0.0,0.0,0.0,0.0,-0.09359053815672824
0.12915634190640943,0.0,0.0,0.0,0.0,-0.1260720828187551
0.12915634190640943,0.0,0.0,0.0,0.0,-0.1260720828187551
0.12868492029592024,0.0,0.0,0.0,0.0,-0.13293989354515534
0.10543320129296538,0.0,0.0,0.0,0.0,-0.14040503240237343
0.10543320129296538,0.0,0.0,0.0,0.0,-0.14040503240237343
0.08342800413205133,0.0,0.0,0.0,0.0,-0.1379031731538333
0.08342800413205133,0.0,0.0,0.0,0.0,-0.1379031731538333
0.08342800413205133,0.0,0.0,0.0,0.0,-0.1379031731538333
0.07065972751600161,0.0,0.0,0.0,0.0,-0.1359648332412517
0.07065972751600161,0.0,0.0,0.0,0.0,-0.1359648332412517
0.07065972751600161,0.0,0.0,0.0,0.0,-0.1359648332412517
0.0586579854574501,0.0,0.0,0.0,0.0,-0.13361606021237352
0.0586579854574501,0.0,0.0,0.0,0.0,-0.13361606021237352
0.0586579854574501,0.0,0.0,0.0,0.0,-0.13361606021237352
0.05,0.0,0.0,0.0,0.0,-0.1319714435030503
0.05,0.0,0.0,0.0,0.0,-0.1319714435030503
0.05,0.0,0.0,0.0,0.0,-0.1319714435030503
0.05,0.0,0.0,0.0,0.0,-0.1501399853724291
0.05,0.0,0.0,0.0,0.0,-0.1501399853724291
0.05,0.0,0.0,0.0,0.0,-0.1501399853724291
0.05,0.0,0.0,0.0,0.0,-0.16923556096454517
0.05,0.0,0.0,0.0,0.0,-0.16923556096454517
0.0,0.0,0.0,0.0,0.0,0.16000000000000003
0.0,0.0,0.0,0.0,0.0,0.16000000000000003
0.0,0.0,0.0,0.0,0.0,0.16000000000000003
0.0,0.0,0.0,0.0,0.0,0.16000000000000003
0.0,0.0,0.0,0.0,0.0,0.16000000000000003
0.0,0.0,0.0,0.0,0.0,0.16000000000000003
0.0,0.0,0.0,0.0,0.0,0.16000000000000003
0.0,0.0,0.0,0.0,0.0,0.16000000000000003
0.0,0.0,0.0,0.0,0.0,0.16000000000000003
0.0,0.0,0.0,0.0,0.0,0.16000000000000003
0.0,0.0,0.0,0.0,0.0,0.16000000000000003
0.0,0.0,0.0,0.0,0.0,0.16000000000000003
0.0,0.0,0.0,0.0,0.0,0.16000000000000003
0.0,0.0,0.0,0.0,0.0,0.16000000000000003
0.0,0.0,0.0,0.0,0.0,0.16000000000000003
0.0,0.0,0.0,0.0,0.0,0.16000000000000003
0.0,0.0,0.0,0.0,0.0,0.16000000000000003
0.0,0.0,0.0,0.0,0.0,0.16000000000000003
0.0,0.0,0.0,0.0,0.0,0.16000000000000003
0.0,0.0,0.0,0.0,0.0,0.16000000000000003
0.0,0.0,0.0,0.0,0.0,0.16000000000000003
0.0,0.0,0.0,0.0,0.0,0.16000000000000003
0.0,0.0,0.0,0.0,0.0,0.16000000000000003
0.0,0.0,0.0,0.0,0.0,0.16000000000000003
0.0,0.0,0.0,0.0,0.0,0.16000000000000003
0.0,0.0,0.0,0.0,0.0,0.16000000000000003
0.0,0.0,0.0,0.0,0.0,0.16000000000000003
0.0,0.0,0.0,0.0,0.0,0.16000000000000003
0.0,0.0,0.0,0.0,0.0,0.16000000000000003
0.0,0.0,0.0,0.0,0.0,0.16000000000000003
0.0,0.0,0.0,0.0,0.0,0.16000000000000003
0.0,0.0,0.0,0.0,0.0,0.16000000000000003
0.0,0.0,0.0,0.0,0.0,0.16000000000000003
0.0,0.0,0.0,0.0,0.0,0.16000000000000003
0.0,0.0,0.0,0.0,0.0,0.16000000000000003
0.0,0.0,0.0,0.0,0.0,0.16000000000000003
0.0,0.0,0.0,0.0,0.0,0.16000000000000003
0.0,0.0,0.0,0.0,0.0,0.16000000000000003
0.0,0.0,0.0,0.0,0.0,0.16000000000000003
0.0,0.0,0.0,0.0,0.0,0.16000000000000003
0.0,0.0,0.0,0.0,0.0,0.16000000000000003
0.0,0.0,0.0,0.0,0.0,0.16000000000000003
0.0,0.0,0.0,0.0,0.0,0.16000000000000003
0.0,0.0,0.0,0.0,0.0,0.16000000000000003
0.0,0.0,0.0,0.0,0.0,0.16000000000000003
0.0,0.0,0.0,0.0,0.0,0.16000000000000003
0.0,0.0,0.0,0.0,0.0,0.16000000000000003
0.0,0.0,0.0,0.0,0.0,0.16000000000000003
0.0,0.0,0.0,0.0,0.0,0.16000000000000003
0.0,0.0,0.0,0.0,0.0,0.16000000000000003
0.0,0.0,0.0,0.0,0.0,0.16000000000000003
0.0,0.0,0.0,0.0,0.0,0.16000000000000003
0.0,0.0,0.0,0.0,0.0,0.16000000000000003
0.0,0.0,0.0,0.0,0.0,0.16000000000000003
0.0,0.0,0.0,0.0,0.0,0.16000000000000003
0.0,0.0,0.0,0.0,0.0,0.16000000000000003
0.0,0.0,0.0,0.0,0.0,0.16000000000000003
0.0,0.0,0.0,0.0,0.0,0.16000000000000003
0.0,0.0,0.0,0.0,0.0,0.16000000000000003
0.0,0.0,0.0,0.0,0.0,0.16000000000000003
0.0,0.0,0.0,0.0,0.0,0.16000000000000003
0.0,0.0,0.0,0.0,0.0,0.16000000000000003
0.0,0.0,0.0,0.0,0.0,0.16000000000000003
0.0,0.0,0.0,0.0,0.0,0.16000000000000003
0.0,0.0,0.0,0.0,0.0,0.16000000000000003
0.0,0.0,0.0,0.0,0.0,0.16000000000000003
0.0,0.0,0.0,0.0,0.0,0.16000000000000003
0.0,0.0,0.0,0.0,0.0,0.16000000000000003
0.0,0.0,0.0,0.0,0.0,0.16000000000000003
0.0,0.0,0.0,0.0,0.0,0.16000000000000003
0.0,0.0,0.0,0.0,0.0,0.16000000000000003
0.0,0.0,0.0,0.0,0.0,0.16000000000000003
0.0,0.0,0.0,0.0,0.0,0.16000000000000003
0.0,0.0,0.0,0.0,0.0,0.16000000000000003
0.0,0.0,0.0,0.0,0.0,0.16000000000000003
0.0,0.0,0.0,0.0,0.0,0.16000000000000003
0.0,0.0,0.0,0.0,0.0,0.16000000000000003
0.0,0.0,0.0,0.0,0.0,0.16000000000000003
0.0,0.0,0.0,0.0,0.0,0.16000000000000003
0.0,0.0,0.0,0.0,0.0,0.16000000000000003
0.0,0.0,0.0,0.0,0.0,0.16000000000000003
0.0,0.0,0.0,0.0,0.0,0.16000000000000003
0.0,0.0,0.0,0.0,0.0,0.16000000000000003
0.0,0.0,0.0,0.0,0.0,0.16000000000000003
0.0,0.0,0.0,0.0,0.0,0.16000000000000003
0.0,0.0,0.0,0.0,0.0,0.16000000000000003
0.0,0.0,0.0,0.0,0.0,0.16000000000000003
0.0,0.0,0.0,0.0,0.0,0.16000000000000003
0.0,0.0,0.0,0.0,0.0,0.16000000000000003
0.0,0.0,0.0,0.0,0.0,0.16000000000000003
0.0,0.0,0.0,0.0,0.0,0.16000000000000003
0.0,0.0,0.0,0.0,0.0,0.16000000000000003
0.0,0.0,0.0,0.0,0.0,0.16000000000000003
0.0,0.0,0.0,0.0,0.0,0.16000000000000003
0.0,0.0,0.0,0.0,0.0,0.16000000000000003
0.0,0.0,0.0,0.0,0.0,0.16000000000000003
0.0,0.0,0.0,0.0,0.0,0.16000000000000003
0.0,0.0,0.0,0.0,0.0,0.16000000000000003
0.0,0.0,0.0,0.0,0.0,0.16000000000000003
0.0,0.0,0.0,0.0,0.0,0.16000000000000003
0.0,0.0,0.0,0.0,0.0,0.16000000000000003
0.0,0.0,0.0,0.0,0.0,0.16000000000000003
0.0,0.0,0.0,0.0,0.0,0.16000000000000003
0.0,0.0,0.0,0.0,0.0,0.16000000000000003
0.0,0.0,0.0,0.0,0.0,0.16000000000000003
0.0,0.0,0.0,0.0,0.0,0.16000000000000003
0.0,0.0,0.0,0.0,0.0,0.16000000000000003
0.0,0.0,0.0,0.0,0.0,0.16000000000000003
0.0,0.0,0.0,0.0,0.0,0.16000000000000003
0.0,0.0,0.0,0.0,0.0,0.16000000000000003
0.0,0.0,0.0,0.0,0.0,0.16000000000000003
0.0,0.0,0.0,0.0,0.0,0.16000000000000003
0.0,0.0,0.0,0.0,0.0,0.16000000000000003
0.0,0.0,0.0,0.0,0.0,0.16000000000000003
0.0,0.0,0.0,0.0,0.0,0.16000000000000003
0.0,0.0,0.0,0.0,0.0,0.16000000000000003
0.0,0.0,0.0,0.0,0.0,0.16000000000000003
0.0,0.0,0.0,0.0,0.0,0.16000000000000003
0.0,0.0,0.0,0.0,0.0,0.16000000000000003
0.0,0.0,0.0,0.0,0.0,0.16000000000000003
0.0,0.0,0.0,0.0,0.0,0.16000000000000003
0.0,0.0,0.0,0.0,0.0,0.16000000000000003
0.0,0.0,0.0,0.0,0.0,0.16000000000000003
0.0,0.0,0.0,0.0,0.0,0.16000000000000003
0.0,0.0,0.0,0.0,0.0,0.16000000000000003
0.0,0.0,0.0,0.0,0.0,0.16000000000000003
0.0,0.0,0.0,0.0,0.0,0.16000000000000003
0.0,0.0,0.0,0.0,0.0,0.16000000000000003
0.0,0.0,0.0,0.0,0.0,0.16000000000000003
0.0,0.0,0.0,0.0,0.0,0.16000000000000003
0.0,0.0,0.0,0.0,0.0,0.16000000000000003
0.0,0.0,0.0,0.0,0.0,0.16000000000000003
0.0,0.0,0.0,0.0,0.0,0.16000000000000003
0.0,0.0,0.0,0.0,0.0,0.16000000000000003
0.0,0.0,0.0,0.0,0.0,0.16000000000000003
0.0,0.0,0.0,0.0,0.0,0.0
0.0,0.0,0.0,0.0,0.0,0.16000000000000003
0.0,0.0,0.0,0.0,0.0,0.16000000000000003
0.0,0.0,0.0,0.0,0.0,0.16000000000000003
0.0,0.0,0.0,0.0,0.0,0.16000000000000003
0.0,0.0,0.0,0.0,0.0,0.16000000000000003
0.0,0.0,0.0,0.0,0.0,0.16000000000000003
0.0,0.0,0.0,0.0,0.0,0.16000000000000003
0.0,0.0,0.0,0.0,0.0,0.16000000000000003
0.0,0.0,0.0,0.0,0.0,0.16000000000000003
0.0,0.0,0.0,0.0,0.0,0.16000000000000003
0.0,0.0,0.0,0.0,0.0,0.16000000000000003
0.0,0.0,0.0,0.0,0.0,0.16000000000000003
0.0,0.0,0.0,0.0,0.0,0.16000000000000003
0.0,0.0,0.0,0.0,0.0,0.16000000000000003
0.0,0.0,0.0,0.0,0.0,0.16000000000000003
0.0,0.0,0.0,0.0,0.0,0.16000000000000003
0.0,0.0,0.0,0.0,0.0,0.16000000000000003
0.0,0.0,0.0,0.0,0.0,0.16000000000000003
0.0,0.0,0.0,0.0,0.0,0.16000000000000003
0.0,0.0,0.0,0.0,0.0,0.16000000000000003
0.0,0.0,0.0,0.0,0.0,0.16000000000000003
0.0,0.0,0.0,0.0,0.0,0.16000000000000003
0.0,0.0,0.0,0.0,0.0,0.16000000000000003
0.0,0.0,0.0,0.0,0.0,0.16000000000000003
0.0,0.0,0.0,0.0,0.0,0.16000000000000003
0.0,0.0,0.0,0.0,0.0,0.16000000000000003
0.0,0.0,0.0,0.0,0.0,0.16000000000000003
0.0,0.0,0.0,0.0,0.0,0.16000000000000003
0.0,0.0,0.0,0.0,0.0,0.16000000000000003
0.0,0.0,0.0,0.0,0.0,0.16000000000000003
0.0,0.0,0.0,0.0,0.0,0.16000000000000003
0.0,0.0,0.0,0.0,0.0,0.16000000000000003
0.0,0.0,0.0,0.0,0.0,0.16000000000000003
0.0,0.0,0.0,0.0,0.0,0.16000000000000003
0.0,0.0,0.0,0.0,0.0,-0.16000000000000003
0.0,0.0,0.0,0.0,0.0,-0.16000000000000003
0.0,0.0,0.0,0.0,0.0,-0.16000000000000003
0.0,0.0,0.0,0.0,0.0,-0.16000000000000003
0.0,0.0,0.0,0.0,0.0,-0.16000000000000003
0.0,0.0,0.0,0.0,0.0,-0.16000000000000003
0.0,0.0,0.0,0.0,0.0,-0.16000000000000003
0.0,0.0,0.0,0.0,0.0,-0.16000000000000003
0.0,0.0,0.0,0.0,0.0,-0.16000000000000003
0.0,0.0,0.0,0.0,0.0,-0.16000000000000003
0.0,0.0,0.0,0.0,0.0,-0.16000000000000003
0.0,0.0,0.0,0.0,0.0,-0.16000000000000003
0.0,0.0,0.0,0.0,0.0,-0.16000000000000003
0.0,0.0,0.0,0.0,0.0,-0.16000000000000003
0.0,0.0,0.0,0.0,0.0,-0.16000000000000003
0.0,0.0,0.0,0.0,0.0,-0.16000000000000003
0.0,0.0,0.0,0.0,0.0,-0.16000000000000003
0.0,0.0,0.0,0.0,0.0,-0.16000000000000003
0.0,0.0,0.0,0.0,0.0,-0.16000000000000003
0.0,0.0,0.0,0.0,0.0,-0.16000000000000003
0.0,0.0,0.0,0.0,0.0,-0.16000000000000003
0.0,0.0,0.0,0.0,0.0,-0.16000000000000003
0.0,0.0,0.0,0.0,0.0,-0.16000000000000003
0.0,0.0,0.0,0.0,0.0,-0.16000000000000003
0.0,0.0,0.0,0.0,0.0,-0.16000000000000003
0.0,0.0,0.0,0.0,0.0,-0.16000000000000003
0.0,0.0,0.0,0.0,0.0,-0.16000000000000003
0.0,0.0,0.0,0.0,0.0,-0.16000000000000003
0.0,0.0,0.0,0.0,0.0,-0.16000000000000003
0.0,0.0,0.0,0.0,0.0,-0.16000000000000003
0.0,0.0,0.0,0.0,0.0,-0.16000000000000003
0.0,0.0,0.0,0.0,0.0,-0.16000000000000003
0.0,0.0,0.0,0.0,0.0,-0.16000000000000003
0.0,0.0,0.0,0.0,0.0,-0.16000000000000003
0.0,0.0,0.0,0.0,0.0,-0.16000000000000003
0.0,0.0,0.0,0.0,0.0,-0.16000000000000003
0.0,0.0,0.0,0.0,0.0,-0.16000000000000003
0.0,0.0,0.0,0.0,0.0,-0.16000000000000003
0.0,0.0,0.0,0.0,0.0,-0.16000000000000003
0.0,0.0,0.0,0.0,0.0,-0.16000000000000003
0.0,0.0,0.0,0.0,0.0,-0.16000000000000003
0.0,0.0,0.0,0.0,0.0,-0.16000000000000003
0.0,0.0,0.0,0.0,0.0,-0.16000000000000003
0.0,0.0,0.0,0.0,0.0,-0.16000000000000003
0.0,0.0,0.0,0.0,0.0,-0.16000000000000003
0.0,0.0,0.0,0.0,0.0,-0.16000000000000003
0.0,0.0,0.0,0.0,0.0,-0.16000000000000003
0.0,0.0,0.0,0.0,0.0,-0.16000000000000003
0.0,0.0,0.0,0.0,0.0,-0.16000000000000003
0.0,0.0,0.0,0.0,0.0,-0.16000000000000003
0.0,0.0,0.0,0.0,0.0,-0.16000000000000003
0.0,0.0,0.0,0.0,0.0,-0.16000000000000003
0.0,0.0,0.0,0.0,0.0,-0.16000000000000003
0.0,0.0,0.0,0.0,0.0,-0.16000000000000003
0.0,0.0,0.0,0.0,0.0,-0.16000000000000003
0.0,0.0,0.0,0.0,0.0,-0.16000000000000003
0.0,0.0,0.0,0.0,0.0,-0.16000000000000003
0.0,0.0,0.0,0.0,0.0,-0.16000000000000003
0.0,0.0,0.0,0.0,0.0,-0.16000000000000003
0.0,0.0,0.0,0.0,0.0,-0.16000000000000003
0.0,0.0,0.0,0.0,0.0,-0.16000000000000003
0.0,0.0,0.0,0.0,0.0,-0.16000000000000003
0.0,0.0,0.0,0.0,0.0,-0.16000000000000003
0.0,0.0,0.0,0.0,0.0,-0.16000000000000003
0.0,0.0,0.0,0.0,0.0,-0.16000000000000003
0.0,0.0,0.0,0.0,0.0,-0.16000000000000003
0.0,0.0,0.0,0.0,0.0,-0.16000000000000003
0.0,0.0,0.0,0.0,0.0,-0.16000000000000003
0.0,0.0,0.0,0.0,0.0,-0.16000000000000003
0.0,0.0,0.0,0.0,0.0,-0.16000000000000003
0.0,0.0,0.0,0.0,0.0,-0.16000000000000003
0.0,0.0,0.0,0.0,0.0,-0.16000000000000003
0.0,0.0,0.0,0.0,0.0,-0.16000000000000003
0.0,0.0,0.0,0.0,0.0,-0.16000000000000003
0.0,0.0,0.0,0.0,0.0,-0.16000000000000003
0.0,0.0,0.0,0.0,0.0,-0.16000000000000003
0.0,0.0,0.0,0.0,0.0,-0.16000000000000003
0.0,0.0,0.0,0.0,0.0,-0.16000000000000003
0.0,0.0,0.0,0.0,0.0,-0.16000000000000003
0.0,0.0,0.0,0.0,0.0,-0.16000000000000003
0.0,0.0,0.0,0.0,0.0,-0.16000000000000003
0.0,0.0,0.0,0.0,0.0,0.16000000000000003
0.0,0.0,0.0,0.0,0.0,0.16000000000000003
0.0,0.0,0.0,0.0,0.0,0.16000000000000003
0.0,0.0,0.0,0.0,0.0,0.16000000000000003
0.0,0.0,0.0,0.0,0.0,0.16000000000000003
0.0,0.0,0.0,0.0,0.0,0.16000000000000003
0.0,0.0,0.0,0.0,0.0,0.16000000000000003
0.0,0.0,0.0,0.0,0.0,0.16000000000000003
0.0,0.0,0.0,0.0,0.0,0.16000000000000003
0.0,0.0,0.0,0.0,0.0,0.16000000000000003
0.0,0.0,0.0,0.0,0.0,0.16000000000000003
0.0,0.0,0.0,0.0,0.0,0.16000000000000003
0.0,0.0,0.0,0.0,0.0,0.16000000000000003
0.0,0.0,0.0,0.0,0.0,0.16000000000000003
0.0,0.0,0.0,0.0,0.0,0.16000000000000003
0.0,0.0,0.0,0.0,0.0,0.16000000000000003
0.0,0.0,0.0,0.0,0.0,0.16000000000000003
0.0,0.0,0.0,0.0,0.0,0.16000000000000003
0.0,0.0,0.0,0.0,0.0,0.16000000000000003
0.0,0.0,0.0,0.0,0.0,0.16000000000000003
0.0,0.0,0.0,0.0,0.0,0.16000000000000003
0.0,0.0,0.0,0.0,0.0,0.16000000000000003
0.0,0.0,0.0,0.0,0.0,0.16000000000000003
0.0,0.0,0.0,0.0,0.0,0.16000000000000003
0.0,0.0,0.0,0.0,0.0,0.16000000000000003
0.0,0.0,0.0,0.0,0.0,0.16000000000000003
0.0,0.0,0.0,0.0,0.0,0.16000000000000003
0.0,0.0,0.0,0.0,0.0,0.16000000000000003
0.0,0.0,0.0,0.0,0.0,0.16000000000000003
0.0,0.0,0.0,0.0,0.0,0.16000000000000003
0.0,0.0,0.0,0.0,0.0,0.16000000000000003
0.0,0.0,0.0,0.0,0.0,0.16000000000000003
0.0,0.0,0.0,0.0,0.0,0.16000000000000003
0.0,0.0,0.0,0.0,0.0,0.16000000000000003
0.0,0.0,0.0,0.0,0.0,0.16000000000000003
0.0,0.0,0.0,0.0,0.0,0.16000000000000003
0.0,0.0,0.0,0.0,0.0,0.16000000000000003
0.0,0.0,0.0,0.0,0.0,0.16000000000000003
0.0,0.0,0.0,0.0,0.0,0.16000000000000003
0.0,0.0,0.0,0.0,0.0,0.16000000000000003
0.0,0.0,0.0,0.0,0.0,0.16000000000000003
0.0,0.0,0.0,0.0,0.0,0.16000000000000003
0.0,0.0,0.0,0.0,0.0,0.16000000000000003
0.0,0.0,0.0,0.0,0.0,0.16000000000000003
0.0,0.0,0.0,0.0,0.0,0.16000000000000003
0.0,0.0,0.0,0.0,0.0,0.16000000000000003
0.0,0.0,0.0,0.0,0.0,0.16000000000000003
0.0,0.0,0.0,0.0,0.0,0.16000000000000003
0.0,0.0,0.0,0.0,0.0,0.16000000000000003
0.0,0.0,0.0,0.0,0.0,0.16000000000000003
0.0,0.0,0.0,0.0,0.0,0.16000000000000003
0.0,0.0,0.0,0.0,0.0,0.16000000000000003
0.0,0.0,0.0,0.0,0.0,0.16000000000000003
0.0,0.0,0.0,0.0,0.0,0.16000000000000003
0.0,0.0,0.0,0.0,0.0,0.16000000000000003
0.0,0.0,0.0,0.0,0.0,0.16000000000000003
0.0,0.0,0.0,0.0,0.0,0.16000000000000003
0.0,0.0,0.0,0.0,0.0,0.16000000000000003
0.0,0.0,0.0,0.0,0.0,0.16000000000000003
0.0,0.0,0.0,0.0,0.0,0.16000000000000003
0.0,0.0,0.0,0.0,0.0,0.16000000000000003
0.0,0.0,0.0,0.0,0.0,0.16000000000000003
0.0,0.0,0.0,0.0,0.0,0.16000000000000003
0.0,0.0,0.0,0.0,0.0,0.16000000000000003
0.0,0.0,0.0,0.0,0.0,0.16000000000000003
0.0,0.0,0.0,0.0,0.0,0.16000000000000003
0.0,0.0,0.0,0.0,0.0,0.16000000000000003
0.0,0.0,0.0,0.0,0.0,0.16000000000000003
0.0,0.0,0.0,0.0,0.0,0.16000000000000003
0.0,0.0,0.0,0.0,0.0,0.16000000000000003
0.0,0.0,0.0,0.0,0.0,0.16000000000000003
0.0,0.0,0.0,0.0,0.0,0.16000000000000003
0.0,0.0,0.0,0.0,0.0,0.16000000000000003
0.0,0.0,0.0,0.0,0.0,0.16000000000000003
0.0,0.0,0.0,0.0,0.0,0.16000000000000003
0.0,0.0,0.0,0.0,0.0,0.16000000000000003
0.0,0.0,0.0,0.0,0.0,0.16000000000000003
0.0,0.0,0.0,0.0,0.0,0.16000000000000003
0.0,0.0,0.0,0.0,0.0,0.16000000000000003
0.0,0.0,0.0,0.0,0.0,0.16000000000000003
0.0,0.0,0.0,0.0,0.0,0.16000000000000003
0.0,0.0,0.0,0.0,0.0,0.16000000000000003
0.0,0.0,0.0,0.0,0.0,0.16000000000000003
0.0,0.0,0.0,0.0,0.0,0.16000000000000003
0.0,0.0,0.0,0.0,0.0,0.16000000000000003
0.0,0.0,0.0,0.0,0.0,0.16000000000000003
0.0,0.0,0.0,0.0,0.0,0.16000000000000003
0.0,0.0,0.0,0.0,0.0,0.16000000000000003
0.0,0.0,0.0,0.0,0.0,0.16000000000000003
0.0,0.0,0.0,0.0,0.0,-0.16000000000000003
0.0,0.0,0.0,0.0,0.0,-0.16000000000000003
0.0,0.0,0.0,0.0,0.0,-0.16000000000000003
0.0,0.0,0.0,0.0,0.0,-0.16000000000000003
0.0,0.0,0.0,0.0,0.0,-0.16000000000000003
0.0,0.0,0.0,0.0,0.0,-0.16000000000000003
0.0,0.0,0.0,0.0,0.0,-0.16000000000000003
0.0,0.0,0.0,0.0,0.0,-0.16000000000000003
0.0,0.0,0.0,0.0,0.0,-0.16000000000000003
0.0,0.0,0.0,0.0,0.0,-0.16000000000000003
0.0,0.0,0.0,0.0,0.0,-0.16000000000000003
0.0,0.0,0.0,0.0,0.0,-0.16000000000000003
0.0,0.0,0.0,0.0,0.0,-0.16000000000000003
0.0,0.0,0.0,0.0,0.0,-0.16000000000000003
0.0,0.0,0.0,0.0,0.0,-0.16000000000000003
0.0,0.0,0.0,0.0,0.0,-0.16000000000000003
0.0,0.0,0.0,0.0,0.0,-0.16000000000000003
0.0,0.0,0.0,0.0,0.0,-0.16000000000000003
0.0,0.0,0.0,0.0,0.0,-0.16000000000000003
0.0,0.0,0.0,0.0,0.0,-0.16000000000000003
0.0,0.0,0.0,0.0,0.0,-0.16000000000000003
0.0,0.0,0.0,0.0,0.0,-0.16000000000000003
0.0,0.0,0.0,0.0,0.0,-0.16000000000000003
0.0,0.0,0.0,0.0,0.0,-0.16000000000000003
0.0,0.0,0.0,0.0,0.0,-0.16000000000000003
0.0,0.0,0.0,0.0,0.0,-0.16000000000000003
0.0,0.0,0.0,0.0,0.0,-0.16000000000000003
0.0,0.0,0.0,0.0,0.0,-0.16000000000000003
0.0,0.0,0.0,0.0,0.0,-0.16000000000000003
0.0,0.0,0.0,0.0,0.0,-0.16000000000000003
0.0,0.0,0.0,0.0,0.0,-0.16000000000000003
0.0,0.0,0.0,0.0,0.0,-0.16000000000000003
0.0,0.0,0.0,0.0,0.0,-0.16000000000000003
0.0,0.0,0.0,0.0,0.0,-0.16000000000000003
0.0,0.0,0.0,0.0,0.0,-0.16000000000000003
0.0,0.0,0.0,0.0,0.0,-0.16000000000000003
0.0,0.0,0.0,0.0,0.0,-0.16000000000000003
0.0,0.0,0.0,0.0,0.0,-0.16000000000000003
0.0,0.0,0.0,0.0,0.0,-0.16000000000000003
0.0,0.0,0.0,0.0,0.0,-0.16000000000000003
0.0,0.0,0.0,0.0,0.0,-0.16000000000000003
0.0,0.0,0.0,0.0,0.0,-0.16000000000000003
0.0,0.0,0.0,0.0,0.0,-0.16000000000000003
0.0,0.0,0.0,0.0,0.0,-0.16000000000000003
0.0,0.0,0.0,0.0,0.0,-0.16000000000000003
0.0,0.0,0.0,0.0,0.0,-0.16000000000000003
0.0,0.0,0.0,0.0,0.0,-0.16000000000000003
0.0,0.0,0.0,0.0,0.0,-0.16000000000000003
0.0,0.0,0.0,0.0,0.0,-0.16000000000000003
0.0,0.0,0.0,0.0,0.0,-0.16000000000000003
0.0,0.0,0.0,0.0,0.0,-0.16000000000000003
0.0,0.0,0.0,0.0,0.0,-0.16000000000000003
0.0,0.0,0.0,0.0,0.0,-0.16000000000000003
0.0,0.0,0.0,0.0,0.0,-0.16000000000000003
0.0,0.0,0.0,0.0,0.0,-0.16000000000000003
0.0,0.0,0.0,0.0,0.0,-0.16000000000000003
0.0,0.0,0.0,0.0,0.0,-0.16000000000000003
0.0,0.0,0.0,0.0,0.0,-0.16000000000000003
0.0,0.0,0.0,0.0,0.0,-0.16000000000000003
0.0,0.0,0.0,0.0,0.0,-0.16000000000000003
0.0,0.0,0.0,0.0,0.0,-0.16000000000000003
0.0,0.0,0.0,0.0,0.0,-0.16000000000000003
0.0,0.0,0.0,0.0,0.0,-0.16000000000000003
0.0,0.0,0.0,0.0,0.0,-0.16000000000000003
0.0,0.0,0.0,0.0,0.0,-0.16000000000000003
0.0,0.0,0.0,0.0,0.0,-0.16000000000000003
0.0,0.0,0.0,0.0,0.0,-0.16000000000000003
0.0,0.0,0.0,0.0,0.0,-0.16000000000000003
0.0,0.0,0.0,0.0,0.0,-0.16000000000000003
0.0,0.0,0.0,0.0,0.0,-0.16000000000000003
0.0,0.0,0.0,0.0,0.0,-0.16000000000000003
0.0,0.0,0.0,0.0,0.0,-0.16000000000000003
0.0,0.0,0.0,0.0,0.0,-0.16000000000000003
0.0,0.0,0.0,0.0,0.0,-0.16000000000000003
0.0,0.0,0.0,0.0,0.0,-0.16000000000000003
0.0,0.0,0.0,0.0,0.0,-0.16000000000000003
0.0,0.0,0.0,0.0,0.0,-0.16000000000000003
0.0,0.0,0.0,0.0,0.0,-0.16000000000000003
0.0,0.0,0.0,0.0,0.0,-0.16000000000000003
0.0,0.0,0.0,0.0,0.0,-0.16000000000000003
0.0,0.0,0.0,0.0,0.0,-0.16000000000000003
0.0,0.0,0.0,0.0,0.0,-0.16000000000000003
0.0,0.0,0.0,0.0,0.0,-0.16000000000000003
0.0,0.0,0.0,0.0,0.0,-0.16000000000000003
0.0,0.0,0.0,0.0,0.0,-0.16000000000000003
0.0,0.0,0.0,0.0,0.0,-0.16000000000000003
0.0,0.0,0.0,0.0,0.0,0.12214653192082064
0.0,0.0,0.0,0.0,0.0,0.12214653192082064
0.0,0.0,0.0,0.0,0.0,0.12214653192082064
0.0,0.0,0.0,0.0,0.0,0.16000000000000003
0.0,0.0,0.0,0.0,0.0,0.16000000000000003
0.0,0.0,0.0,0.0,0.0,0.16000000000000003
0.0,0.0,0.0,0.0,0.0,0.16000000000000003
0.0,0.0,0.0,0.0,0.0,0.16000000000000003
0.0,0.0,0.0,0.0,0.0,0.16000000000000003
0.0,0.0,0.0,0.0,0.0,0.16000000000000003
0.0,0.0,0.0,0.0,0.0,0.16000000000000003
0.0,0.0,0.0,0.0,0.0,0.16000000000000003
0.0,0.0,0.0,0.0,0.0,0.16000000000000003
0.0,0.0,0.0,0.0,0.0,0.16000000000000003
0.0,0.0,0.0,0.0,0.0,0.16000000000000003
0.0,0.0,0.0,0.0,0.0,0.16000000000000003
0.0,0.0,0.0,0.0,0.0,0.16000000000000003
0.0,0.0,0.0,0.0,0.0,0.16000000000000003
0.0,0.0,0.0,0.0,0.0,0.16000000000000003
0.0,0.0,0.0,0.0,0.0,0.16000000000000003
0.0,0.0,0.0,0.0,0.0,0.16000000000000003
0.0,0.0,0.0,0.0,0.0,0.16000000000000003
0.0,0.0,0.0,0.0,0.0,0.16000000000000003
0.0,0.0,0.0,0.0,0.0,0.16000000000000003
0.0,0.0,0.0,0.0,0.0,0.16000000000000003
0.0,0.0,0.0,0.0,0.0,0.16000000000000003
0.0,0.0,0.0,0.0,0.0,0.16000000000000003
0.0,0.0,0.0,0.0,0.0,0.16000000000000003
0.0,0.0,0.0,0.0,0.0,0.16000000000000003
0.0,0.0,0.0,0.0,0.0,0.16000000000000003
0.0,0.0,0.0,0.0,0.0,0.16000000000000003
0.0,0.0,0.0,0.0,0.0,0.16000000000000003
0.0,0.0,0.0,0.0,0.0,0.16000000000000003
0.0,0.0,0.0,0.0,0.0,0.16000000000000003
0.0,0.0,0.0,0.0,0.0,0.16000000000000003
0.0,0.0,0.0,0.0,0.0,0.16000000000000003
0.0,0.0,0.0,0.0,0.0,0.16000000000000003
0.0,0.0,0.0,0.0,0.0,0.16000000000000003
0.0,0.0,0.0,0.0,0.0,0.16000000000000003
0.0,0.0,0.0,0.0,0.0,0.16000000000000003
0.0,0.0,0.0,0.0,0.0,0.16000000000000003
0.0,0.0,0.0,0.0,0.0,0.16000000000000003
0.0,0.0,0.0,0.0,0.0,0.16000000000000003
0.0,0.0,0.0,0.0,0.0,0.16000000000000003
0.0,0.0,0.0,0.0,0.0,0.16000000000000003
0.0,0.0,0.0,0.0,0.0,0.16000000000000003
0.0,0.0,0.0,0.0,0.0,0.16000000000000003
0.0,0.0,0.0,0.0,0.0,0.16000000000000003
0.0,0.0,0.0,0.0,0.0,0.16000000000000003
0.0,0.0,0.0,0.0,0.0,0.16000000000000003
0.0,0.0,0.0,0.0,0.0,0.16000000000000003
0.0,0.0,0.0,0.0,0.0,0.16000000000000003
0.0,0.0,0.0,0.0,0.0,0.16000000000000003
0.0,0.0,0.0,0.0,0.0,0.16000000000000003
0.0,0.0,0.0,0.0,0.0,0.16000000000000003
0.0,0.0,0.0,0.0,0.0,0.16000000000000003
0.0,0.0,0.0,0.0,0.0,0.16000000000000003
0.0,0.0,0.0,0.0,0.0,0.16000000000000003
0.0,0.0,0.0,0.0,0.0,0.16000000000000003
0.0,0.0,0.0,0.0,0.0,0.16000000000000003
0.0,0.0,0.0,0.0,0.0,0.16000000000000003
0.0,0.0,0.0,0.0,0.0,0.16000000000000003
0.0,0.0,0.0,0.0,0.0,0.16000000000000003
0.0,0.0,0.0,0.0,0.0,0.16000000000000003
0.0,0.0,0.0,0.0,0.0,0.16000000000000003
0.0,0.0,0.0,0.0,0.0,0.16000000000000003
0.0,0.0,0.0,0.0,0.0,0.16000000000000003
0.0,0.0,0.0,0.0,0.0,0.16000000000000003
0.0,0.0,0.0,0.0,0.0,0.16000000000000003
0.0,0.0,0.0,0.0,0.0,0.16000000000000003
0.0,0.0,0.0,0.0,0.0,0.16000000000000003
0.0,0.0,0.0,0.0,0.0,0.16000000000000003
0.0,0.0,0.0,0.0,0.0,0.16000000000000003
0.0,0.0,0.0,0.0,0.0,0.16000000000000003
0.0,0.0,0.0,0.0,0.0,0.16000000000000003
0.0,0.0,0.0,0.0,0.0,0.16000000000000003
0.0,0.0,0.0,0.0,0.0,0.16000000000000003
0.0,0.0,0.0,0.0,0.0,0.16000000000000003
0.0,0.0,0.0,0.0,0.0,0.16000000000000003
0.0,0.0,0.0,0.0,0.0,0.16000000000000003
0.0,0.0,0.0,0.0,0.0,-0.16000000000000003
0.0,0.0,0.0,0.0,0.0,-0.16000000000000003
0.0,0.0,0.0,0.0,0.0,-0.16000000000000003
0.0,0.0,0.0,0.0,0.0,-0.16000000000000003
0.0,0.0,0.0,0.0,0.0,-0.16000000000000003
0.0,0.0,0.0,0.0,0.0,-0.16000000000000003
0.0,0.0,0.0,0.0,0.0,-0.16000000000000003
0.0,0.0,0.0,0.0,0.0,-0.16000000000000003
0.0,0.0,0.0,0.0,0.0,-0.16000000000000003
0.0,0.0,0.0,0.0,0.0,-0.16000000000000003
0.0,0.0,0.0,0.0,0.0,-0.16000000000000003
0.0,0.0,0.0,0.0,0.0,-0.16000000000000003
0.0,0.0,0.0,0.0,0.0,-0.16000000000000003
0.0,0.0,0.0,0.0,0.0,-0.16000000000000003
0.0,0.0,0.0,0.0,0.0,-0.16000000000000003
0.0,0.0,0.0,0.0,0.0,-0.16000000000000003
0.0,0.0,0.0,0.0,0.0,-0.16000000000000003
0.0,0.0,0.0,0.0,0.0,-0.16000000000000003
0.0,0.0,0.0,0.0,0.0,-0.16000000000000003
0.0,0.0,0.0,0.0,0.0,-0.16000000000000003
0.0,0.0,0.0,0.0,0.0,-0.16000000000000003
0.0,0.0,0.0,0.0,0.0,-0.16000000000000003
0.0,0.0,0.0,0.0,0.0,-0.16000000000000003
0.0,0.0,0.0,0.0,0.0,-0.16000000000000003
0.0,0.0,0.0,0.0,0.0,-0.16000000000000003
0.0,0.0,0.0,0.0,0.0,-0.16000000000000003
0.0,0.0,0.0,0.0,0.0,-0.16000000000000003
0.0,0.0,0.0,0.0,0.0,-0.16000000000000003
0.0,0.0,0.0,0.0,0.0,-0.16000000000000003
0.0,0.0,0.0,0.0,0.0,-0.16000000000000003
0.0,0.0,0.0,0.0,0.0,-0.16000000000000003
0.0,0.0,0.0,0.0,0.0,-0.16000000000000003
0.0,0.0,0.0,0.0,0.0,-0.16000000000000003
0.0,0.0,0.0,0.0,0.0,-0.16000000000000003
0.0,0.0,0.0,0.0,0.0,-0.16000000000000003
0.0,0.0,0.0,0.0,0.0,-0.16000000000000003
0.0,0.0,0.0,0.0,0.0,-0.16000000000000003
0.0,0.0,0.0,0.0,0.0,-0.16000000000000003
0.0,0.0,0.0,0.0,0.0,-0.16000000000000003
0.0,0.0,0.0,0.0,0.0,-0.16000000000000003
0.0,0.0,0.0,0.0,0.0,-0.16000000000000003
0.0,0.0,0.0,0.0,0.0,-0.16000000000000003
0.0,0.0,0.0,0.0,0.0,-0.16000000000000003
0.0,0.0,0.0,0.0,0.0,-0.16000000000000003
0.0,0.0,0.0,0.0,0.0,-0.16000000000000003
0.0,0.0,0.0,0.0,0.0,-0.16000000000000003
0.0,0.0,0.0,0.0,0.0,-0.16000000000000003
0.0,0.0,0.0,0.0,0.0,-0.16000000000000003
0.0,0.0,0.0,0.0,0.0,-0.16000000000000003
0.0,0.0,0.0,0.0,0.0,-0.16000000000000003
0.0,0.0,0.0,0.0,0.0,-0.16000000000000003
0.0,0.0,0.0,0.0,0.0,-0.16000000000000003
0.0,0.0,0.0,0.0,0.0,-0.16000000000000003
0.0,0.0,0.0,0.0,0.0,-0.16000000000000003
0.0,0.0,0.0,0.0,0.0,-0.16000000000000003
0.0,0.0,0.0,0.0,0.0,-0.16000000000000003
0.0,0.0,0.0,0.0,0.0,-0.16000000000000003
0.0,0.0,0.0,0.0,0.0,-0.16000000000000003
0.0,0.0,0.0,0.0,0.0,-0.16000000000000003
0.0,0.0,0.0,0.0,0.0,-0.16000000000000003
0.0,0.0,0.0,0.0,0.0,-0.16000000000000003
0.0,0.0,0.0,0.0,0.0,-0.16000000000000003
0.0,0.0,0.0,0.0,0.0,-0.16000000000000003
0.0,0.0,0.0,0.0,0.0,-0.16000000000000003
0.0,0.0,0.0,0.0,0.0,-0.16000000000000003
0.0,0.0,0.0,0.0,0.0,-0.16000000000000003
0.0,0.0,0.0,0.0,0.0,-0.16000000000000003
0.0,0.0,0.0,0.0,0.0,-0.16000000000000003
0.0,0.0,0.0,0.0,0.0,-0.16000000000000003
0.0,0.0,0.0,0.0,0.0,-0.16000000000000003
0.0,0.0,0.0,0.0,0.0,-0.16000000000000003
0.0,0.0,0.0,0.0,0.0,-0.16000000000000003
0.0,0.0,0.0,0.0,0.0,-0.16000000000000003
0.0,0.0,0.0,0.0,0.0,-0.16000000000000003
0.0,0.0,0.0,0.0,0.0,-0.16000000000000003
0.0,0.0,0.0,0.0,0.0,-0.16000000000000003
0.0,0.0,0.0,0.0,0.0,-0.16000000000000003
0.0,0.0,0.0,0.0,0.0,-0.16000000000000003
0.0,0.0,0.0,0.0,0.0,-0.16000000000000003
0.0,0.0,0.0,0.0,0.0,-0.16000000000000003
0.0,0.0,0.0,0.0,0.0,-0.16000000000000003
0.0,0.0,0.0,0.0,0.0,-0.16000000000000003
0.0,0.0,0.0,0.0,0.0,-0.12376431834421746
0.0,0.0,0.0,0.0,0.0,-0.12376431834421746
0.0,0.0,0.0,0.0,0.0,0.16000000000000003
0.0,0.0,0.0,0.0,0.0,0.16000000000000003
0.0,0.0,0.0,0.0,0.0,0.16000000000000003
0.0,0.0,0.0,0.0,0.0,0.16000000000000003
0.0,0.0,0.0,0.0,0.0,0.16000000000000003
0.0,0.0,0.0,0.0,0.0,0.16000000000000003
0.0,0.0,0.0,0.0,0.0,0.16000000000000003
0.0,0.0,0.0,0.0,0.0,0.16000000000000003
0.0,0.0,0.0,0.0,0.0,0.16000000000000003
0.0,0.0,0.0,0.0,0.0,0.16000000000000003
0.0,0.0,0.0,0.0,0.0,0.16000000000000003
0.0,0.0,0.0,0.0,0.0,0.16000000000000003
0.0,0.0,0.0,0.0,0.0,0.16000000000000003
0.0,0.0,0.0,0.0,0.0,0.16000000000000003
0.0,0.0,0.0,0.0,0.0,0.16000000000000003
0.0,0.0,0.0,0.0,0.0,0.16000000000000003
0.0,0.0,0.0,0.0,0.0,0.16000000000000003
0.0,0.0,0.0,0.0,0.0,0.16000000000000003
0.0,0.0,0.0,0.0,0.0,0.16000000000000003
0.0,0.0,0.0,0.0,0.0,0.16000000000000003
0.0,0.0,0.0,0.0,0.0,0.16000000000000003
0.0,0.0,0.0,0.0,0.0,0.16000000000000003
0.0,0.0,0.0,0.0,0.0,0.16000000000000003
0.0,0.0,0.0,0.0,0.0,0.16000000000000003
0.0,0.0,0.0,0.0,0.0,0.16000000000000003
0.0,0.0,0.0,0.0,0.0,0.16000000000000003
0.0,0.0,0.0,0.0,0.0,0.16000000000000003
0.0,0.0,0.0,0.0,0.0,0.16000000000000003
0.0,0.0,0.0,0.0,0.0,0.16000000000000003
0.0,0.0,0.0,0.0,0.0,0.16000000000000003
0.0,0.0,0.0,0.0,0.0,0.16000000000000003
0.0,0.0,0.0,0.0,0.0,0.16000000000000003
0.0,0.0,0.0,0.0,0.0,0.16000000000000003
0.0,0.0,0.0,0.0,0.0,0.16000000000000003
0.0,0.0,0.0,0.0,0.0,0.16000000000000003
0.0,0.0,0.0,0.0,0.0,0.16000000000000003
0.0,0.0,0.0,0.0,0.0,0.16000000000000003
0.0,0.0,0.0,0.0,0.0,0.16000000000000003
0.0,0.0,0.0,0.0,0.0,0.16000000000000003
0.0,0.0,0.0,0.0,0.0,0.16000000000000003
0.0,0.0,0.0,0.0,0.0,0.16000000000000003
0.0,0.0,0.0,0.0,0.0,0.16000000000000003
0.0,0.0,0.0,0.0,0.0,0.16000000000000003
0.0,0.0,0.0,0.0,0.0,0.16000000000000003
0.0,0.0,0.0,0.0,0.0,0.16000000000000003
0.0,0.0,0.0,0.0,0.0,0.16000000000000003
0.0,0.0,0.0,0.0,0.0,0.16000000000000003
0.0,0.0,0.0,0.0,0.0,0.16000000000000003
0.0,0.0,0.0,0.0,0.0,0.16000000000000003
0.0,0.0,0.0,0.0,0.0,0.16000000000000003
0.0,0.0,0.0,0.0,0.0,0.16000000000000003
0.0,0.0,0.0,0.0,0.0,0.16000000000000003
0.0,0.0,0.0,0.0,0.0,0.16000000000000003
0.0,0.0,0.0,0.0,0.0,0.16000000000000003
0.0,0.0,0.0,0.0,0.0,0.16000000000000003
0.0,0.0,0.0,0.0,0.0,0.16000000000000003
0.0,0.0,0.0,0.0,0.0,0.16000000000000003
0.0,0.0,0.0,0.0,0.0,0.16000000000000003
0.0,0.0,0.0,0.0,0.0,0.16000000000000003
0.0,0.0,0.0,0.0,0.0,0.16000000000000003
0.0,0.0,0.0,0.0,0.0,0.16000000000000003
0.0,0.0,0.0,0.0,0.0,0.16000000000000003
0.0,0.0,0.0,0.0,0.0,0.16000000000000003
0.0,0.0,0.0,0.0,0.0,0.16000000000000003
0.0,0.0,0.0,0.0,0.0,0.16000000000000003
0.0,0.0,0.0,0.0,0.0,0.16000000000000003
0.0,0.0,0.0,0.0,0.0,0.16000000000000003
0.0,0.0,0.0,0.0,0.0,0.16000000000000003
0.0,0.0,0.0,0.0,0.0,0.16000000000000003
0.0,0.0,0.0,0.0,0.0,0.16000000000000003
0.0,0.0,0.0,0.0,0.0,0.16000000000000003
0.0,0.0,0.0,0.0,0.0,0.16000000000000003
0.0,0.0,0.0,0.0,0.0,0.16000000000000003
0.0,0.0,0.0,0.0,0.0,0.16000000000000003
0.0,0.0,0.0,0.0,0.0,0.16000000000000003
0.0,0.0,0.0,0.0,0.0,-0.16000000000000003
0.0,0.0,0.0,0.0,0.0,-0.16000000000000003
0.0,0.0,0.0,0.0,0.0,-0.16000000000000003
0.0,0.0,0.0,0.0,0.0,-0.16000000000000003
0.0,0.0,0.0,0.0,0.0,-0.16000000000000003
0.0,0.0,0.0,0.0,0.0,-0.16000000000000003
0.0,0.0,0.0,0.0,0.0,-0.16000000000000003
0.0,0.0,0.0,0.0,0.0,-0.16000000000000003
0.0,0.0,0.0,0.0,0.0,-0.16000000000000003
0.0,0.0,0.0,0.0,0.0,-0.16000000000000003
0.0,0.0,0.0,0.0,0.0,-0.16000000000000003
0.0,0.0,0.0,0.0,0.0,-0.16000000000000003
0.0,0.0,0.0,0.0,0.0,-0.16000000000000003
0.0,0.0,0.0,0.0,0.0,-0.16000000000000003
0.0,0.0,0.0,0.0,0.0,-0.16000000000000003
0.0,0.0,0.0,0.0,0.0,-0.16000000000000003
0.0,0.0,0.0,0.0,0.0,-0.16000000000000003
0.0,0.0,0.0,0.0,0.0,-0.16000000000000003
0.0,0.0,0.0,0.0,0.0,-0.16000000000000003
0.0,0.0,0.0,0.0,0.0,-0.16000000000000003
0.0,0.0,0.0,0.0,0.0,-0.16000000000000003
0.0,0.0,0.0,0.0,0.0,-0.16000000000000003
0.0,0.0,0.0,0.0,0.0,-0.16000000000000003
0.0,0.0,0.0,0.0,0.0,-0.16000000000000003
0.0,0.0,0.0,0.0,0.0,-0.16000000000000003
0.0,0.0,0.0,0.0,0.0,-0.16000000000000003
0.0,0.0,0.0,0.0,0.0,-0.16000000000000003
0.0,0.0,0.0,0.0,0.0,-0.16000000000000003
0.0,0.0,0.0,0.0,0.0,-0.16000000000000003
0.0,0.0,0.0,0.0,0.0,-0.16000000000000003
0.0,0.0,0.0,0.0,0.0,-0.16000000000000003
0.0,0.0,0.0,0.0,0.0,-0.16000000000000003
0.0,0.0,0.0,0.0,0.0,-0.16000000000000003
0.0,0.0,0.0,0.0,0.0,-0.16000000000000003
0.0,0.0,0.0,0.0,0.0,-0.16000000000000003
0.0,0.0,0.0,0.0,0.0,-0.16000000000000003
0.0,0.0,0.0,0.0,0.0,-0.16000000000000003
0.0,0.0,0.0,0.0,0.0,-0.16000000000000003
0.0,0.0,0.0,0.0,0.0,-0.16000000000000003
0.0,0.0,0.0,0.0,0.0,-0.16000000000000003
0.0,0.0,0.0,0.0,0.0,-0.16000000000000003
0.0,0.0,0.0,0.0,0.0,-0.16000000000000003
0.0,0.0,0.0,0.0,0.0,-0.16000000000000003
0.0,0.0,0.0,0.0,0.0,-0.16000000000000003
0.0,0.0,0.0,0.0,0.0,-0.16000000000000003
0.0,0.0,0.0,0.0,0.0,-0.16000000000000003
0.0,0.0,0.0,0.0,0.0,-0.16000000000000003
0.0,0.0,0.0,0.0,0.0,-0.16000000000000003
0.0,0.0,0.0,0.0,0.0,-0.16000000000000003
0.0,0.0,0.0,0.0,0.0,-0.16000000000000003
0.0,0.0,0.0,0.0,0.0,-0.16000000000000003
0.0,0.0,0.0,0.0,0.0,-0.16000000000000003
0.0,0.0,0.0,0.0,0.0,-0.16000000000000003
0.0,0.0,0.0,0.0,0.0,-0.16000000000000003
0.0,0.0,0.0,0.0,0.0,-0.16000000000000003
0.0,0.0,0.0,0.0,0.0,-0.16000000000000003
0.0,0.0,0.0,0.0,0.0,-0.16000000000000003
0.0,0.0,0.0,0.0,0.0,-0.16000000000000003
0.0,0.0,0.0,0.0,0.0,-0.16000000000000003
0.0,0.0,0.0,0.0,0.0,-0.16000000000000003
0.0,0.0,0.0,0.0,0.0,-0.16000000000000003
0.0,0.0,0.0,0.0,0.0,-0.16000000000000003
0.0,0.0,0.0,0.0,0.0,-0.16000000000000003
0.0,0.0,0.0,0.0,0.0,-0.16000000000000003
0.0,0.0,0.0,0.0,0.0,-0.16000000000000003
0.0,0.0,0.0,0.0,0.0,-0.16000000000000003
0.0,0.0,0.0,0.0,0.0,-0.16000000000000003
0.0,0.0,0.0,0.0,0.0,-0.16000000000000003
0.0,0.0,0.0,0.0,0.0,-0.16000000000000003
0.0,0.0,0.0,0.0,0.0,-0.16000000000000003
0.0,0.0,0.0,0.0,0.0,-0.16000000000000003
0.0,0.0,0.0,0.0,0.0,-0.16000000000000003
0.0,0.0,0.0,0.0,0.0,-0.16000000000000003
0.0,0.0,0.0,0.0,0.0,-0.16000000000000003
0.0,0.0,0.0,0.0,0.0,-0.16000000000000003
0.0,0.0,0.0,0.0,0.0,-0.16000000000000003
0.0,0.0,0.0,0.0,0.0,-0.16000000000000003
0.0,0.0,0.0,0.0,0.0,0.16000000000000003
0.0,0.0,0.0,0.0,0.0,0.16000000000000003
0.0,0.0,0.0,0.0,0.0,0.16000000000000003
0.0,0.0,0.0,0.0,0.0,0.16000000000000003
0.0,0.0,0.0,0.0,0.0,0.16000000000000003
0.0,0.0,0.0,0.0,0.0,0.16000000000000003
0.0,0.0,0.0,0.0,0.0,0.16000000000000003
0.0,0.0,0.0,0.0,0.0,0.16000000000000003
0.0,0.0,0.0,0.0,0.0,0.16000000000000003
0.0,0.0,0.0,0.0,0.0,0.16000000000000003
0.0,0.0,0.0,0.0,0.0,0.16000000000000003
0.0,0.0,0.0,0.0,0.0,0.16000000000000003
0.0,0.0,0.0,0.0,0.0,0.16000000000000003
0.0,0.0,0.0,0.0,0.0,0.16000000000000003
0.0,0.0,0.0,0.0,0.0,0.16000000000000003
0.0,0.0,0.0,0.0,0.0,0.16000000000000003
0.0,0.0,0.0,0.0,0.0,0.16000000000000003
0.0,0.0,0.0,0.0,0.0,0.16000000000000003
0.0,0.0,0.0,0.0,0.0,0.16000000000000003
0.0,0.0,0.0,0.0,0.0,0.16000000000000003
0.0,0.0,0.0,0.0,0.0,0.16000000000000003
0.0,0.0,0.0,0.0,0.0,0.16000000000000003
0.0,0.0,0.0,0.0,0.0,0.16000000000000003
0.0,0.0,0.0,0.0,0.0,0.16000000000000003
0.0,0.0,0.0,0.0,0.0,0.16000000000000003
0.0,0.0,0.0,0.0,0.0,0.16000000000000003
0.0,0.0,0.0,0.0,0.0,0.16000000000000003
0.0,0.0,0.0,0.0,0.0,0.16000000000000003
0.0,0.0,0.0,0.0,0.0,0.16000000000000003
0.0,0.0,0.0,0.0,0.0,0.16000000000000003
0.0,0.0,0.0,0.0,0.0,0.16000000000000003
0.0,0.0,0.0,0.0,0.0,0.16000000000000003
0.0,0.0,0.0,0.0,0.0,0.16000000000000003
0.0,0.0,0.0,0.0,0.0,0.16000000000000003
0.0,0.0,0.0,0.0,0.0,0.16000000000000003
0.0,0.0,0.0,0.0,0.0,0.16000000000000003
0.0,0.0,0.0,0.0,0.0,0.16000000000000003
0.0,0.0,0.0,0.0,0.0,0.16000000000000003
0.0,0.0,0.0,0.0,0.0,0.16000000000000003
0.0,0.0,0.0,0.0,0.0,0.16000000000000003
0.0,0.0,0.0,0.0,0.0,0.16000000000000003
0.0,0.0,0.0,0.0,0.0,0.16000000000000003
0.0,0.0,0.0,0.0,0.0,0.16000000000000003
0.0,0.0,0.0,0.0,0.0,0.16000000000000003
0.0,0.0,0.0,0.0,0.0,0.16000000000000003
0.0,0.0,0.0,0.0,0.0,0.16000000000000003
0.0,0.0,0.0,0.0,0.0,0.16000000000000003
0.0,0.0,0.0,0.0,0.0,0.16000000000000003
0.0,0.0,0.0,0.0,0.0,0.16000000000000003
0.0,0.0,0.0,0.0,0.0,0.16000000000000003
0.0,0.0,0.0,0.0,0.0,0.16000000000000003
0.0,0.0,0.0,0.0,0.0,0.16000000000000003
0.0,0.0,0.0,0.0,0.0,0.16000000000000003
0.0,0.0,0.0,0.0,0.0,0.16000000000000003
0.0,0.0,0.0,0.0,0.0,0.16000000000000003
0.0,0.0,0.0,0.0,0.0,0.16000000000000003
0.0,0.0,0.0,0.0,0.0,0.16000000000000003
0.0,0.0,0.0,0.0,0.0,0.16000000000000003
0.0,0.0,0.0,0.0,0.0,0.16000000000000003
0.0,0.0,0.0,0.0,0.0,0.16000000000000003
0.0,0.0,0.0,0.0,0.0,0.16000000000000003
0.0,0.0,0.0,0.0,0.0,0.16000000000000003
0.0,0.0,0.0,0.0,0.0,0.16000000000000003
0.0,0.0,0.0,0.0,0.0,0.16000000000000003
0.0,0.0,0.0,0.0,0.0,0.16000000000000003
0.0,0.0,0.0,0.0,0.0,0.16000000000000003
0.0,0.0,0.0,0.0,0.0,0.16000000000000003
0.0,0.0,0.0,0.0,0.0,0.16000000000000003
0.0,0.0,0.0,0.0,0.0,0.16000000000000003
0.0,0.0,0.0,0.0,0.0,0.16000000000000003
0.0,0.0,0.0,0.0,0.0,0.16000000000000003
0.0,0.0,0.0,0.0,0.0,0.16000000000000003
0.0,0.0,0.0,0.0,0.0,0.16000000000000003
0.0,0.0,0.0,0.0,0.0,0.16000000000000003
0.0,0.0,0.0,0.0,0.0,0.16000000000000003
0.0,0.0,0.0,0.0,0.0,0.16000000000000003
0.0,0.0,0.0,0.0,0.0,0.16000000000000003
0.0,0.0,0.0,0.0,0.0,0.16000000000000003
0.0,0.0,0.0,0.0,0.0,0.16000000000000003
0.0,0.0,0.0,0.0,0.0,0.16000000000000003
0.0,0.0,0.0,0.0,0.0,0.16000000000000003
0.0,0.0,0.0,0.0,0.0,0.16000000000000003
0.0,0.0,0.0,0.0,0.0,0.16000000000000003
0.0,0.0,0.0,0.0,0.0,-0.16000000000000003
0.0,0.0,0.0,0.0,0.0,-0.16000000000000003
0.0,0.0,0.0,0.0,0.0,-0.16000000000000003
0.0,0.0,0.0,0.0,0.0,-0.16000000000000003
0.0,0.0,0.0,0.0,0.0,-0.16000000000000003
0.0,0.0,0.0,0.0,0.0,-0.16000000000000003
0.0,0.0,0.0,0.0,0.0,-0.16000000000000003
0.0,0.0,0.0,0.0,0.0,-0.16000000000000003
0.0,0.0,0.0,0.0,0.0,-0.16000000000000003
0.0,0.0,0.0,0.0,0.0,-0.16000000000000003
0.0,0.0,0.0,0.0,0.0,-0.16000000000000003
0.0,0.0,0.0,0.0,0.0,-0.16000000000000003
0.0,0.0,0.0,0.0,0.0,-0.16000000000000003
0.0,0.0,0.0,0.0,0.0,-0.16000000000000003
0.0,0.0,0.0,0.0,0.0,-0.16000000000000003
0.0,0.0,0.0,0.0,0.0,-0.16000000000000003
0.0,0.0,0.0,0.0,0.0,-0.16000000000000003
0.0,0.0,0.0,0.0,0.0,-0.16000000000000003
0.0,0.0,0.0,0.0,0.0,-0.16000000000000003
0.0,0.0,0.0,0.0,0.0,-0.16000000000000003
0.0,0.0,0.0,0.0,0.0,-0.16000000000000003
0.0,0.0,0.0,0.0,0.0,-0.16000000000000003
0.0,0.0,0.0,0.0,0.0,-0.16000000000000003
0.0,0.0,0.0,0.0,0.0,-0.16000000000000003
0.0,0.0,0.0,0.0,0.0,-0.16000000000000003
0.0,0.0,0.0,0.0,0.0,-0.16000000000000003
0.0,0.0,0.0,0.0,0.0,-0.16000000000000003
0.0,0.0,0.0,0.0,0.0,-0.16000000000000003
0.0,0.0,0.0,0.0,0.0,-0.16000000000000003
0.0,0.0,0.0,0.0,0.0,-0.16000000000000003
0.0,0.0,0.0,0.0,0.0,-0.16000000000000003
0.0,0.0,0.0,0.0,0.0,-0.16000000000000003
0.0,0.0,0.0,0.0,0.0,-0.16000000000000003
0.0,0.0,0.0,0.0,0.0,-0.16000000000000003
0.0,0.0,0.0,0.0,0.0,-0.16000000000000003
0.0,0.0,0.0,0.0,0.0,-0.16000000000000003
0.0,0.0,0.0,0.0,0.0,-0.16000000000000003
0.0,0.0,0.0,0.0,0.0,-0.16000000000000003
0.0,0.0,0.0,0.0,0.0,-0.16000000000000003
0.0,0.0,0.0,0.0,0.0,-0.16000000000000003
0.0,0.0,0.0,0.0,0.0,-0.16000000000000003
0.0,0.0,0.0,0.0,0.0,-0.16000000000000003
0.0,0.0,0.0,0.0,0.0,-0.16000000000000003
0.0,0.0,0.0,0.0,0.0,-0.16000000000000003
0.0,0.0,0.0,0.0,0.0,-0.16000000000000003
0.0,0.0,0.0,0.0,0.0,-0.16000000000000003
0.0,0.0,0.0,0.0,0.0,-0.16000000000000003
0.0,0.0,0.0,0.0,0.0,-0.16000000000000003
0.0,0.0,0.0,0.0,0.0,-0.16000000000000003
0.0,0.0,0.0,0.0,0.0,-0.16000000000000003
0.0,0.0,0.0,0.0,0.0,-0.16000000000000003
0.0,0.0,0.0,0.0,0.0,-0.16000000000000003
0.0,0.0,0.0,0.0,0.0,-0.16000000000000003
0.0,0.0,0.0,0.0,0.0,-0.16000000000000003
0.0,0.0,0.0,0.0,0.0,-0.16000000000000003
0.0,0.0,0.0,0.0,0.0,-0.16000000000000003
0.0,0.0,0.0,0.0,0.0,-0.16000000000000003
0.0,0.0,0.0,0.0,0.0,-0.16000000000000003
0.0,0.0,0.0,0.0,0.0,-0.16000000000000003
0.0,0.0,0.0,0.0,0.0,-0.16000000000000003
0.0,0.0,0.0,0.0,0.0,-0.16000000000000003
0.0,0.0,0.0,0.0,0.0,-0.16000000000000003
0.0,0.0,0.0,0.0,0.0,-0.16000000000000003
0.0,0.0,0.0,0.0,0.0,-0.16000000000000003
0.0,0.0,0.0,0.0,0.0,-0.16000000000000003
0.0,0.0,0.0,0.0,0.0,-0.16000000000000003
0.0,0.0,0.0,0.0,0.0,-0.16000000000000003
0.0,0.0,0.0,0.0,0.0,-0.16000000000000003
0.0,0.0,0.0,0.0,0.0,-0.16000000000000003
0.0,0.0,0.0,0.0,0.0,-0.16000000000000003
0.0,0.0,0.0,0.0,0.0,-0.16000000000000003
0.0,0.0,0.0,0.0,0.0,-0.16000000000000003
0.0,0.0,0.0,0.0,0.0,-0.16000000000000003
0.0,0.0,0.0,0.0,0.0,-0.16000000000000003
0.0,0.0,0.0,0.0,0.0,-0.16000000000000003
0.0,0.0,0.0,0.0,0.0,-0.16000000000000003
0.0,0.0,0.0,0.0,0.0,-0.16000000000000003
0.0,0.0,0.0,0.0,0.0,-0.16000000000000003
0.0,0.0,0.0,0.0,0.0,-0.16000000000000003
0.0,0.0,0.0,0.0,0.0,-0.16000000000000003
0.0,0.0,0.0,0.0,0.0,-0.16000000000000003
0.0,0.0,0.0,0.0,0.0,-0.16000000000000003
0.0,0.0,0.0,0.0,0.0,0.14181501425363713
0.0,0.0,0.0,0.0,0.0,0.16000000000000003
0.0,0.0,0.0,0.0,0.0,0.16000000000000003
0.0,0.0,0.0,0.0,0.0,0.16000000000000003
0.0,0.0,0.0,0.0,0.0,0.16000000000000003
0.0,0.0,0.0,0.0,0.0,0.16000000000000003
0.0,0.0,0.0,0.0,0.0,0.16000000000000003
0.0,0.0,0.0,0.0,0.0,0.16000000000000003
0.0,0.0,0.0,0.0,0.0,0.16000000000000003
0.0,0.0,0.0,0.0,0.0,0.16000000000000003
0.0,0.0,0.0,0.0,0.0,0.16000000000000003
0.0,0.0,0.0,0.0,0.0,0.16000000000000003
0.0,0.0,0.0,0.0,0.0,0.16000000000000003
0.0,0.0,0.0,0.0,0.0,0.16000000000000003
0.0,0.0,0.0,0.0,0.0,0.16000000000000003
0.0,0.0,0.0,0.0,0.0,0.16000000000000003
0.0,0.0,0.0,0.0,0.0,0.16000000000000003
0.0,0.0,0.0,0.0,0.0,0.16000000000000003
0.0,0.0,0.0,0.0,0.0,0.16000000000000003
0.0,0.0,0.0,0.0,0.0,0.16000000000000003
0.0,0.0,0.0,0.0,0.0,0.16000000000000003
0.0,0.0,0.0,0.0,0.0,0.16000000000000003
0.0,0.0,0.0,0.0,0.0,0.16000000000000003
0.0,0.0,0.0,0.0,0.0,0.16000000000000003
0.0,0.0,0.0,0.0,0.0,0.16000000000000003
0.0,0.0,0.0,0.0,0.0,0.16000000000000003
0.0,0.0,0.0,0.0,0.0,0.16000000000000003
0.0,0.0,0.0,0.0,0.0,0.16000000000000003
0.0,0.0,0.0,0.0,0.0,0.16000000000000003
0.0,0.0,0.0,0.0,0.0,0.16000000000000003
0.0,0.0,0.0,0.0,0.0,0.16000000000000003
0.0,0.0,0.0,0.0,0.0,0.16000000000000003
0.0,0.0,0.0,0.0,0.0,0.16000000000000003
0.0,0.0,0.0,0.0,0.0,0.16000000000000003
0.0,0.0,0.0,0.0,0.0,0.16000000000000003
0.0,0.0,0.0,0.0,0.0,0.16000000000000003
0.0,0.0,0.0,0.0,0.0,0.16000000000000003
0.0,0.0,0.0,0.0,0.0,0.16000000000000003
0.0,0.0,0.0,0.0,0.0,0.16000000000000003
0.0,0.0,0.0,0.0,0.0,0.16000000000000003
0.0,0.0,0.0,0.0,0.0,0.16000000000000003
0.0,0.0,0.0,0.0,0.0,0.16000000000000003
0.0,0.0,0.0,0.0,0.0,0.16000000000000003
0.0,0.0,0.0,0.0,0.0,0.16000000000000003
0.0,0.0,0.0,0.0,0.0,0.16000000000000003
0.0,0.0,0.0,0.0,0.0,0.16000000000000003
0.0,0.0,0.0,0.0,0.0,0.16000000000000003
0.0,0.0,0.0,0.0,0.0,0.16000000000000003
0.0,0.0,0.0,0.0,0.0,0.16000000000000003
0.0,0.0,0.0,0.0,0.0,0.16000000000000003
0.0,0.0,0.0,0.0,0.0,0.16000000000000003
0.0,0.0,0.0,0.0,0.0,0.16000000000000003
0.0,0.0,0.0,0.0,0.0,0.16000000000000003
0.0,0.0,0.0,0.0,0.0,0.16000000000000003
0.0,0.0,0.0,0.0,0.0,0.16000000000000003
0.0,0.0,0.0,0.0,0.0,0.16000000000000003
0.0,0.0,0.0,0.0,0.0,0.16000000000000003
0.0,0.0,0.0,0.0,0.0,0.16000000000000003
0.0,0.0,0.0,0.0,0.0,0.16000000000000003
0.0,0.0,0.0,0.0,0.0,0.16000000000000003
0.0,0.0,0.0,0.0,0.0,0.16000000000000003
0.0,0.0,0.0,0.0,0.0,0.16000000000000003
0.0,0.0,0.0,0.0,0.0,0.16000000000000003
0.0,0.0,0.0,0.0,0.0,0.16000000000000003
0.0,0.0,0.0,0.0,0.0,0.16000000000000003
0.0,0.0,0.0,0.0,0.0,0.16000000000000003
0.0,0.0,0.0,0.0,0.0,0.16000000000000003
0.0,0.0,0.0,0.0,0.0,0.16000000000000003
0.0,0.0,0.0,0.0,0.0,0.16000000000000003
0.0,0.0,0.0,0.0,0.0,0.16000000000000003
0.0,0.0,0.0,0.0,0.0,0.16000000000000003
0.0,0.0,0.0,0.0,0.0,0.16000000000000003
0.0,0.0,0.0,0.0,0.0,0.16000000000000003
0.0,0.0,0.0,0.0,0.0,0.16000000000000003
0.0,0.0,0.0,0.0,0.0,-0.10929992703687706
0.0,0.0,0.0,0.0,0.0,-0.16000000000000003
0.0,0.0,0.0,0.0,0.0,-0.16000000000000003
0.0,0.0,0.0,0.0,0.0,-0.16000000000000003
0.0,0.0,0.0,0.0,0.0,-0.16000000000000003
0.0,0.0,0.0,0.0,0.0,-0.16000000000000003
0.0,0.0,0.0,0.0,0.0,-0.16000000000000003
0.0,0.0,0.0,0.0,0.0,-0.16000000000000003
0.0,0.0,0.0,0.0,0.0,-0.16000000000000003
0.0,0.0,0.0,0.0,0.0,-0.16000000000000003
0.0,0.0,0.0,0.0,0.0,-0.16000000000000003
0.0,0.0,0.0,0.0,0.0,-0.16000000000000003
0.0,0.0,0.0,0.0,0.0,-0.16000000000000003
0.0,0.0,0.0,0.0,0.0,-0.16000000000000003
0.0,0.0,0.0,0.0,0.0,-0.16000000000000003
0.0,0.0,0.0,0.0,0.0,-0.16000000000000003
0.0,0.0,0.0,0.0,0.0,-0.16000000000000003
0.0,0.0,0.0,0.0,0.0,-0.16000000000000003
0.0,0.0,0.0,0.0,0.0,-0.16000000000000003
0.0,0.0,0.0,0.0,0.0,-0.16000000000000003
0.0,0.0,0.0,0.0,0.0,-0.16000000000000003
0.0,0.0,0.0,0.0,0.0,-0.16000000000000003
0.0,0.0,0.0,0.0,0.0,-0.16000000000000003
0.0,0.0,0.0,0.0,0.0,-0.16000000000000003
0.0,0.0,0.0,0.0,0.0,-0.16000000000000003
0.0,0.0,0.0,0.0,0.0,-0.16000000000000003
0.0,0.0,0.0,0.0,0.0,-0.16000000000000003
0.0,0.0,0.0,0.0,0.0,-0.16000000000000003
0.0,0.0,0.0,0.0,0.0,-0.16000000000000003
0.0,0.0,0.0,0.0,0.0,-0.16000000000000003
0.0,0.0,0.0,0.0,0.0,-0.16000000000000003
0.0,0.0,0.0,0.0,0.0,-0.16000000000000003
0.0,0.0,0.0,0.0,0.0,-0.16000000000000003
0.0,0.0,0.0,0.0,0.0,-0.16000000000000003
0.0,0.0,0.0,0.0,0.0,-0.16000000000000003
0.0,0.0,0.0,0.0,0.0,-0.16000000000000003
0.0,0.0,0.0,0.0,0.0,-0.16000000000000003
0.0,0.0,0.0,0.0,0.0,-0.16000000000000003
0.0,0.0,0.0,0.0,0.0,-0.16000000000000003
0.0,0.0,0.0,0.0,0.0,-0.16000000000000003
0.0,0.0,0.0,0.0,0.0,-0.16000000000000003
0.0,0.0,0.0,0.0,0.0,-0.16000000000000003
0.0,0.0,0.0,0.0,0.0,-0.16000000000000003
0.0,0.0,0.0,0.0,0.0,-0.16000000000000003
0.0,0.0,0.0,0.0,0.0,-0.16000000000000003
0.0,0.0,0.0,0.0,0.0,-0.16000000000000003
0.0,0.0,0.0,0.0,0.0,-0.16000000000000003
0.0,0.0,0.0,0.0,0.0,-0.16000000000000003
0.0,0.0,0.0,0.0,0.0,-0.16000000000000003
0.0,0.0,0.0,0.0,0.0,-0.16000000000000003
0.0,0.0,0.0,0.0,0.0,-0.16000000000000003
0.0,0.0,0.0,0.0,0.0,-0.16000000000000003
0.0,0.0,0.0,0.0,0.0,-0.16000000000000003
0.0,0.0,0.0,0.0,0.0,-0.16000000000000003
0.0,0.0,0.0,0.0,0.0,-0.16000000000000003
0.0,0.0,0.0,0.0,0.0,-0.16000000000000003
0.0,0.0,0.0,0.0,0.0,-0.16000000000000003
0.0,0.0,0.0,0.0,0.0,-0.16000000000000003
0.0,0.0,0.0,0.0,0.0,-0.16000000000000003
0.0,0.0,0.0,0.0,0.0,-0.16000000000000003
0.0,0.0,0.0,0.0,0.0,-0.16000000000000003
0.0,0.0,0.0,0.0,0.0,-0.16000000000000003
0.0,0.0,0.0,0.0,0.0,-0.16000000000000003
0.0,0.0,0.0,0.0,0.0,-0.16000000000000003
0.0,0.0,0.0,0.0,0.0,-0.16000000000000003
0.0,0.0,0.0,0.0,0.0,-0.16000000000000003
0.0,0.0,0.0,0.0,0.0,-0.16000000000000003
0.0,0.0,0.0,0.0,0.0,-0.16000000000000003
0.0,0.0,0.0,0.0,0.0,-0.16000000000000003
0.0,0.0,0.0,0.0,0.0,-0.16000000000000003
0.0,0.0,0.0,0.0,0.0,-0.16000000000000003
0.0,0.0,0.0,0.0,0.0,-0.16000000000000003
0.0,0.0,0.0,0.0,0.0,-0.16000000000000003
0.0,0.0,0.0,0.0,0.0,-0.16000000000000003
0.0,0.0,0.0,0.0,0.0,0.16000000000000003
0.0,0.0,0.0,0.0,0.0,0.16000000000000003
0.0,0.0,0.0,0.0,0.0,0.16000000000000003
0.0,0.0,0.0,0.0,0.0,0.16000000000000003
0.0,0.0,0.0,0.0,0.0,0.16000000000000003
0.0,0.0,0.0,0.0,0.0,0.16000000000000003
0.0,0.0,0.0,0.0,0.0,0.16000000000000003
0.0,0.0,0.0,0.0,0.0,0.16000000000000003
0.0,0.0,0.0,0.0,0.0,0.16000000000000003
0.0,0.0,0.0,0.0,0.0,0.16000000000000003
0.0,0.0,0.0,0.0,0.0,0.16000000000000003
0.0,0.0,0.0,0.0,0.0,0.16000000000000003
0.0,0.0,0.0,0.0,0.0,0.16000000000000003
0.0,0.0,0.0,0.0,0.0,0.16000000000000003
0.0,0.0,0.0,0.0,0.0,0.16000000000000003
0.0,0.0,0.0,0.0,0.0,0.16000000000000003
0.0,0.0,0.0,0.0,0.0,0.16000000000000003
0.0,0.0,0.0,0.0,0.0,0.16000000000000003
0.0,0.0,0.0,0.0,0.0,0.16000000000000003
0.0,0.0,0.0,0.0,0.0,0.16000000000000003
0.0,0.0,0.0,0.0,0.0,0.16000000000000003
0.0,0.0,0.0,0.0,0.0,0.16000000000000003
0.0,0.0,0.0,0.0,0.0,0.16000000000000003
0.0,0.0,0.0,0.0,0.0,0.16000000000000003
0.0,0.0,0.0,0.0,0.0,0.16000000000000003
0.0,0.0,0.0,0.0,0.0,0.16000000000000003
0.0,0.0,0.0,0.0,0.0,0.16000000000000003
0.0,0.0,0.0,0.0,0.0,0.16000000000000003
0.0,0.0,0.0,0.0,0.0,0.16000000000000003
0.0,0.0,0.0,0.0,0.0,0.16000000000000003
0.0,0.0,0.0,0.0,0.0,0.16000000000000003
0.0,0.0,0.0,0.0,0.0,0.16000000000000003
0.0,0.0,0.0,0.0,0.0,0.16000000000000003
0.0,0.0,0.0,0.0,0.0,0.16000000000000003
0.0,0.0,0.0,0.0,0.0,0.16000000000000003
0.0,0.0,0.0,0.0,0.0,0.16000000000000003
0.0,0.0,0.0,0.0,0.0,0.16000000000000003
0.0,0.0,0.0,0.0,0.0,0.16000000000000003
0.0,0.0,0.0,0.0,0.0,0.16000000000000003
0.0,0.0,0.0,0.0,0.0,0.16000000000000003
0.0,0.0,0.0,0.0,0.0,0.16000000000000003
0.0,0.0,0.0,0.0,0.0,0.16000000000000003
0.0,0.0,0.0,0.0,0.0,0.16000000000000003
0.0,0.0,0.0,0.0,0.0,0.16000000000000003
0.0,0.0,0.0,0.0,0.0,0.16000000000000003
0.0,0.0,0.0,0.0,0.0,0.16000000000000003
0.0,0.0,0.0,0.0,0.0,0.16000000000000003
0.0,0.0,0.0,0.0,0.0,0.16000000000000003
0.0,0.0,0.0,0.0,0.0,0.16000000000000003
0.0,0.0,0.0,0.0,0.0,0.16000000000000003
0.0,0.0,0.0,0.0,0.0,0.16000000000000003
0.0,0.0,0.0,0.0,0.0,0.16000000000000003
0.0,0.0,0.0,0.0,0.0,0.16000000000000003
0.0,0.0,0.0,0.0,0.0,0.16000000000000003
0.0,0.0,0.0,0.0,0.0,0.16000000000000003
0.0,0.0,0.0,0.0,0.0,0.16000000000000003
0.0,0.0,0.0,0.0,0.0,0.16000000000000003
0.0,0.0,0.0,0.0,0.0,0.16000000000000003
0.0,0.0,0.0,0.0,0.0,0.16000000000000003
0.0,0.0,0.0,0.0,0.0,0.16000000000000003
0.0,0.0,0.0,0.0,0.0,0.16000000000000003
0.0,0.0,0.0,0.0,0.0,0.16000000000000003
0.0,0.0,0.0,0.0,0.0,0.16000000000000003
0.0,0.0,0.0,0.0,0.0,0.16000000000000003
0.0,0.0,0.0,0.0,0.0,0.16000000000000003
0.0,0.0,0.0,0.0,0.0,0.16000000000000003
0.0,0.0,0.0,0.0,0.0,0.16000000000000003
0.0,0.0,0.0,0.0,0.0,0.16000000000000003
0.0,0.0,0.0,0.0,0.0,0.16000000000000003
0.0,0.0,0.0,0.0,0.0,0.16000000000000003
0.0,0.0,0.0,0.0,0.0,0.16000000000000003
0.0,0.0,0.0,0.0,0.0,0.16000000000000003
0.0,0.0,0.0,0.0,0.0,0.16000000000000003
0.0,0.0,0.0,0.0,0.0,0.16000000000000003
0.0,0.0,0.0,0.0,0.0,0.16000000000000003
0.0,0.0,0.0,0.0,0.0,0.16000000000000003
0.0,0.0,0.0,0.0,0.0,0.16000000000000003
0.0,0.0,0.0,0.0,0.0,0.16000000000000003
0.0,0.0,0.0,0.0,0.0,-0.16000000000000003
0.0,0.0,0.0,0.0,0.0,-0.16000000000000003
0.0,0.0,0.0,0.0,0.0,-0.16000000000000003
0.0,0.0,0.0,0.0,0.0,-0.16000000000000003
0.0,0.0,0.0,0.0,0.0,-0.16000000000000003
0.0,0.0,0.0,0.0,0.0,-0.16000000000000003
0.0,0.0,0.0,0.0,0.0,-0.16000000000000003
0.0,0.0,0.0,0.0,0.0,-0.16000000000000003
0.0,0.0,0.0,0.0,0.0,-0.16000000000000003
0.0,0.0,0.0,0.0,0.0,-0.16000000000000003
0.0,0.0,0.0,0.0,0.0,-0.16000000000000003
0.0,0.0,0.0,0.0,0.0,-0.16000000000000003
0.0,0.0,0.0,0.0,0.0,-0.16000000000000003
0.0,0.0,0.0,0.0,0.0,-0.16000000000000003
0.0,0.0,0.0,0.0,0.0,-0.16000000000000003
0.0,0.0,0.0,0.0,0.0,-0.16000000000000003
0.0,0.0,0.0,0.0,0.0,-0.16000000000000003
0.0,0.0,0.0,0.0,0.0,-0.16000000000000003
0.0,0.0,0.0,0.0,0.0,-0.16000000000000003
0.0,0.0,0.0,0.0,0.0,-0.16000000000000003
0.0,0.0,0.0,0.0,0.0,-0.16000000000000003
0.0,0.0,0.0,0.0,0.0,-0.16000000000000003
0.0,0.0,0.0,0.0,0.0,-0.16000000000000003
0.0,0.0,0.0,0.0,0.0,-0.16000000000000003
0.0,0.0,0.0,0.0,0.0,-0.16000000000000003
0.0,0.0,0.0,0.0,0.0,-0.16000000000000003
0.0,0.0,0.0,0.0,0.0,-0.16000000000000003
0.0,0.0,0.0,0.0,0.0,-0.16000000000000003
0.0,0.0,0.0,0.0,0.0,-0.16000000000000003
0.0,0.0,0.0,0.0,0.0,-0.16000000000000003
0.0,0.0,0.0,0.0,0.0,-0.16000000000000003
0.0,0.0,0.0,0.0,0.0,-0.16000000000000003
0.0,0.0,0.0,0.0,0.0,-0.16000000000000003
0.0,0.0,0.0,0.0,0.0,-0.16000000000000003
0.0,0.0,0.0,0.0,0.0,-0.16000000000000003
0.0,0.0,0.0,0.0,0.0,-0.16000000000000003
0.0,0.0,0.0,0.0,0.0,-0.16000000000000003
0.0,0.0,0.0,0.0,0.0,-0.16000000000000003
0.0,0.0,0.0,0.0,0.0,-0.16000000000000003
0.0,0.0,0.0,0.0,0.0,-0.16000000000000003
0.0,0.0,0.0,0.0,0.0,-0.16000000000000003
0.0,0.0,0.0,0.0,0.0,-0.16000000000000003
0.0,0.0,0.0,0.0,0.0,-0.16000000000000003
0.0,0.0,0.0,0.0,0.0,-0.16000000000000003
0.0,0.0,0.0,0.0,0.0,-0.16000000000000003
0.0,0.0,0.0,0.0,0.0,-0.16000000000000003
0.0,0.0,0.0,0.0,0.0,-0.16000000000000003
0.0,0.0,0.0,0.0,0.0,-0.16000000000000003
0.0,0.0,0.0,0.0,0.0,-0.16000000000000003
0.0,0.0,0.0,0.0,0.0,-0.16000000000000003
0.0,0.0,0.0,0.0,0.0,-0.16000000000000003
0.0,0.0,0.0,0.0,0.0,-0.16000000000000003
0.0,0.0,0.0,0.0,0.0,-0.16000000000000003
0.0,0.0,0.0,0.0,0.0,-0.16000000000000003
0.0,0.0,0.0,0.0,0.0,-0.16000000000000003
0.0,0.0,0.0,0.0,0.0,-0.16000000000000003
0.0,0.0,0.0,0.0,0.0,-0.16000000000000003
0.0,0.0,0.0,0.0,0.0,-0.16000000000000003
0.0,0.0,0.0,0.0,0.0,-0.16000000000000003
0.0,0.0,0.0,0.0,0.0,-0.16000000000000003
0.0,0.0,0.0,0.0,0.0,-0.16000000000000003
0.0,0.0,0.0,0.0,0.0,-0.16000000000000003
0.0,0.0,0.0,0.0,0.0,-0.16000000000000003
0.0,0.0,0.0,0.0,0.0,-0.16000000000000003
0.0,0.0,0.0,0.0,0.0,-0.16000000000000003
0.0,0.0,0.0,0.0,0.0,-0.16000000000000003
0.0,0.0,0.0,0.0,0.0,-0.16000000000000003
0.0,0.0,0.0,0.0,0.0,-0.16000000000000003
0.0,0.0,0.0,0.0,0.0,-0.16000000000000003
0.0,0.0,0.0,0.0,0.0,-0.16000000000000003
0.0,0.0,0.0,0.0,0.0,-0.16000000000000003
0.0,0.0,0.0,0.0,0.0,-0.16000000000000003
0.0,0.0,0.0,0.0,0.0,-0.16000000000000003
0.0,0.0,0.0,0.0,0.0,-0.16000000000000003
0.0,0.0,0.0,0.0,0.0,-0.16000000000000003
0.0,0.0,0.0,0.0,0.0,-0.16000000000000003
0.0,0.0,0.0,0.0,0.0,-0.16000000000000003
0.0,0.0,0.0,0.0,0.0,0.1367783154813505
0.0,0.0,0.0,0.0,0.0,0.16000000000000003
0.0,0.0,0.0,0.0,0.0,0.16000000000000003
0.0,0.0,0.0,0.0,0.0,0.16000000000000003
0.0,0.0,0.0,0.0,0.0,0.16000000000000003
0.0,0.0,0.0,0.0,0.0,0.16000000000000003
0.0,0.0,0.0,0.0,0.0,0.16000000000000003
0.0,0.0,0.0,0.0,0.0,0.16000000000000003
0.0,0.0,0.0,0.0,0.0,0.16000000000000003
0.0,0.0,0.0,0.0,0.0,0.16000000000000003
0.0,0.0,0.0,0.0,0.0,0.16000000000000003
0.0,0.0,0.0,0.0,0.0,0.16000000000000003
0.0,0.0,0.0,0.0,0.0,0.16000000000000003
0.0,0.0,0.0,0.0,0.0,0.16000000000000003
0.0,0.0,0.0,0.0,0.0,0.16000000000000003
0.0,0.0,0.0,0.0,0.0,0.16000000000000003
0.0,0.0,0.0,0.0,0.0,0.16000000000000003
0.0,0.0,0.0,0.0,0.0,0.16000000000000003
0.0,0.0,0.0,0.0,0.0,0.16000000000000003
0.0,0.0,0.0,0.0,0.0,0.16000000000000003
0.0,0.0,0.0,0.0,0.0,0.16000000000000003
0.0,0.0,0.0,0.0,0.0,0.16000000000000003
0.0,0.0,0.0,0.0,0.0,0.16000000000000003
0.0,0.0,0.0,0.0,0.0,0.16000000000000003
0.0,0.0,0.0,0.0,0.0,0.16000000000000003
0.0,0.0,0.0,0.0,0.0,0.16000000000000003
0.0,0.0,0.0,0.0,0.0,0.16000000000000003
0.0,0.0,0.0,0.0,0.0,0.16000000000000003
0.0,0.0,0.0,0.0,0.0,0.16000000000000003
0.0,0.0,0.0,0.0,0.0,0.16000000000000003
0.0,0.0,0.0,0.0,0.0,0.16000000000000003
0.0,0.0,0.0,0.0,0.0,0.16000000000000003
0.0,0.0,0.0,0.0,0.0,0.16000000000000003
0.0,0.0,0.0,0.0,0.0,0.16000000000000003
0.0,0.0,0.0,0.0,0.0,0.16000000000000003
0.0,0.0,0.0,0.0,0.0,0.16000000000000003
0.0,0.0,0.0,0.0,0.0,0.16000000000000003
0.0,0.0,0.0,0.0,0.0,0.16000000000000003
0.0,0.0,0.0,0.0,0.0,0.16000000000000003
0.0,0.0,0.0,0.0,0.0,0.16000000000000003
0.0,0.0,0.0,0.0,0.0,0.16000000000000003
0.0,0.0,0.0,0.0,0.0,0.16000000000000003
0.0,0.0,0.0,0.0,0.0,0.16000000000000003
0.0,0.0,0.0,0.0,0.0,0.16000000000000003
0.0,0.0,0.0,0.0,0.0,0.16000000000000003
0.0,0.0,0.0,0.0,0.0,0.16000000000000003
0.0,0.0,0.0,0.0,0.0,0.16000000000000003
0.0,0.0,0.0,0.0,0.0,0.16000000000000003
0.0,0.0,0.0,0.0,0.0,0.16000000000000003
0.0,0.0,0.0,0.0,0.0,0.16000000000000003
0.0,0.0,0.0,0.0,0.0,0.16000000000000003
0.0,0.0,0.0,0.0,0.0,0.16000000000000003
0.0,0.0,0.0,0.0,0.0,0.16000000000000003
0.0,0.0,0.0,0.0,0.0,0.16000000000000003
0.0,0.0,0.0,0.0,0.0,0.16000000000000003
0.0,0.0,0.0,0.0,0.0,0.16000000000000003
0.0,0.0,0.0,0.0,0.0,0.16000000000000003
0.0,0.0,0.0,0.0,0.0,0.16000000000000003
0.0,0.0,0.0,0.0,0.0,0.16000000000000003
0.0,0.0,0.0,0.0,0.0,0.16000000000000003
0.0,0.0,0.0,0.0,0.0,0.16000000000000003
0.0,0.0,0.0,0.0,0.0,0.16000000000000003
0.0,0.0,0.0,0.0,0.0,0.16000000000000003
0.0,0.0,0.0,0.0,0.0,0.16000000000000003
0.0,0.0,0.0,0.0,0.0,0.16000000000000003
0.0,0.0,0.0,0.0,0.0,0.16000000000000003
0.0,0.0,0.0,0.0,0.0,0.16000000000000003
0.0,0.0,0.0,0.0,0.0,0.16000000000000003
0.0,0.0,0.0,0.0,0.0,0.16000000000000003
0.0,0.0,0.0,0.0,0.0,0.16000000000000003
0.0,0.0,0.0,0.0,0.0,0.16000000000000003
0.0,0.0,0.0,0.0,0.0,0.16000000000000003
0.0,0.0,0.0,0.0,0.0,0.16000000000000003
0.0,0.0,0.0,0.0,0.0,0.16000000000000003
0.0,0.0,0.0,0.0,0.0,0.16000000000000003
0.0,0.0,0.0,0.0,0.0,0.16000000000000003
0.0,0.0,0.0,0.0,0.0,0.16000000000000003
0.0,0.0,0.0,0.0,0.0,0.16000000000000003
0.0,0.0,0.0,0.0,0.0,0.16000000000000003
0.0,0.0,0.0,0.0,0.0,0.16000000000000003
0.0,0.0,0.0,0.0,0.0,0.16000000000000003
0.0,0.0,0.0,0.0,0.0,0.12678390367315456
0.0,0.0,0.0,0.0,0.0,0.12678390367315456
0.0,0.0,0.0,0.0,0.0,0.12678390367315456
0.0,0.0,0.0,0.0,0.0,-0.16000000000000003
0.0,0.0,0.0,0.0,0.0,-0.16000000000000003
0.0,0.0,0.0,0.0,0.0,-0.16000000000000003
0.0,0.0,0.0,0.0,0.0,-0.16000000000000003
0.0,0.0,0.0,0.0,0.0,-0.16000000000000003
0.0,0.0,0.0,0.0,0.0,-0.16000000000000003
0.0,0.0,0.0,0.0,0.0,-0.16000000000000003
0.0,0.0,0.0,0.0,0.0,-0.16000000000000003
0.0,0.0,0.0,0.0,0.0,-0.16000000000000003
0.0,0.0,0.0,0.0,0.0,-0.16000000000000003
0.0,0.0,0.0,0.0,0.0,-0.16000000000000003
0.0,0.0,0.0,0.0,0.0,-0.16000000000000003
0.0,0.0,0.0,0.0,0.0,-0.16000000000000003
0.0,0.0,0.0,0.0,0.0,-0.16000000000000003
0.0,0.0,0.0,0.0,0.0,-0.16000000000000003
0.0,0.0,0.0,0.0,0.0,-0.16000000000000003
0.0,0.0,0.0,0.0,0.0,-0.16000000000000003
0.0,0.0,0.0,0.0,0.0,-0.16000000000000003
0.0,0.0,0.0,0.0,0.0,-0.16000000000000003
0.0,0.0,0.0,0.0,0.0,-0.16000000000000003
0.0,0.0,0.0,0.0,0.0,-0.16000000000000003
0.0,0.0,0.0,0.0,0.0,-0.16000000000000003
0.0,0.0,0.0,0.0,0.0,-0.16000000000000003
0.0,0.0,0.0,0.0,0.0,-0.16000000000000003
0.0,0.0,0.0,0.0,0.0,-0.16000000000000003
0.0,0.0,0.0,0.0,0.0,-0.16000000000000003
0.0,0.0,0.0,0.0,0.0,-0.16000000000000003
0.0,0.0,0.0,0.0,0.0,-0.16000000000000003
0.0,0.0,0.0,0.0,0.0,-0.16000000000000003
0.0,0.0,0.0,0.0,0.0,-0.16000000000000003
0.0,0.0,0.0,0.0,0.0,-0.16000000000000003
0.0,0.0,0.0,0.0,0.0,-0.16000000000000003
0.0,0.0,0.0,0.0,0.0,-0.16000000000000003
0.0,0.0,0.0,0.0,0.0,-0.16000000000000003
0.0,0.0,0.0,0.0,0.0,-0.16000000000000003
0.0,0.0,0.0,0.0,0.0,-0.16000000000000003
0.0,0.0,0.0,0.0,0.0,-0.16000000000000003
0.0,0.0,0.0,0.0,0.0,-0.16000000000000003
0.0,0.0,0.0,0.0,0.0,-0.16000000000000003
0.0,0.0,0.0,0.0,0.0,-0.16000000000000003
0.0,0.0,0.0,0.0,0.0,-0.16000000000000003
0.0,0.0,0.0,0.0,0.0,-0.16000000000000003
0.0,0.0,0.0,0.0,0.0,-0.16000000000000003
0.0,0.0,0.0,0.0,0.0,-0.16000000000000003
0.0,0.0,0.0,0.0,0.0,-0.16000000000000003
0.0,0.0,0.0,0.0,0.0,-0.16000000000000003
0.0,0.0,0.0,0.0,0.0,-0.16000000000000003
0.0,0.0,0.0,0.0,0.0,-0.16000000000000003
0.0,0.0,0.0,0.0,0.0,-0.16000000000000003
0.0,0.0,0.0,0.0,0.0,-0.16000000000000003
0.0,0.0,0.0,0.0,0.0,-0.16000000000000003
0.0,0.0,0.0,0.0,0.0,-0.16000000000000003
0.0,0.0,0.0,0.0,0.0,-0.16000000000000003
0.0,0.0,0.0,0.0,0.0,-0.16000000000000003
0.0,0.0,0.0,0.0,0.0,-0.16000000000000003
0.0,0.0,0.0,0.0,0.0,-0.16000000000000003
0.0,0.0,0.0,0.0,0.0,-0.16000000000000003
0.0,0.0,0.0,0.0,0.0,-0.16000000000000003
0.0,0.0,0.0,0.0,0.0,-0.16000000000000003
0.0,0.0,0.0,0.0,0.0,-0.16000000000000003
0.0,0.0,0.0,0.0,0.0,-0.16000000000000003
0.0,0.0,0.0,0.0,0.0,-0.16000000000000003
0.0,0.0,0.0,0.0,0.0,-0.16000000000000003
0.0,0.0,0.0,0.0,0.0,-0.16000000000000003
0.0,0.0,0.0,0.0,0.0,-0.16000000000000003
0.0,0.0,0.0,0.0,0.0,0.0
0.1,0.0,0.0,0.0,0.0,-0.4175587892584129
0.1,0.0,0.0,0.0,0.0,-0.4175587892584129
0.1,0.0,0.0,0.0,0.0,-0.4175587892584129
0.1,0.0,0.0,0.0,0.0,-0.4175587892584129
0.1,0.0,0.0,0.0,0.0,-0.4175587892584129
0.1,0.0,0.0,0.0,0.0,-0.4175587892584129
0.1,0.0,0.0,0.0,0.0,-0.4175587892584129
0.1,0.0,0.0,0.0,0.0,-0.4175587892584129
0.1,0.0,0.0,0.0,0.0,-0.4175587892584129
0.1,0.0,0.0,0.0,0.0,-0.4175587892584129
0.1,0.0,0.0,0.0,0.0,-0.4175587892584129
0.1,0.0,0.0,0.0,0.0,-0.4175587892584129
0.1,0.0,0.0,0.0,0.0,-0.4175587892584129
0.1,0.0,0.0,0.0,0.0,-0.4175587892584129
0.1,0.0,0.0,0.0,0.0,-0.4175587892584129
0.1,0.0,0.0,0.0,0.0,-0.4175587892584129
0.1,0.0,0.0,0.0,0.0,-0.4175587892584129
0.1,0.0,0.0,0.0,0.0,-0.4175587892584129
0.1,0.0,0.0,0.0,0.0,-0.4175587892584129
0.1,0.0,0.0,0.0,0.0,-0.4175587892584129
0.1,0.0,0.0,0.0,0.0,-0.4175587892584129
0.1,0.0,0.0,0.0,0.0,-0.4175587892584129
0.1,0.0,0.0,0.0,0.0,-0.4175587892584129
0.1,0.0,0.0,0.0,0.0,-0.4175587892584129
0.1,0.0,0.0,0.0,0.0,-0.4175587892584129
0.1,0.0,0.0,0.0,0.0,-0.4175587892584129
0.1,0.0,0.0,0.0,0.0,-0.4175587892584129
0.1,0.0,0.0,0.0,0.0,-0.4175587892584129
0.1,0.0,0.0,0.0,0.0,-0.4175587892584129
0.1,0.0,0.0,0.0,0.0,-0.4175587892584129
0.1,0.0,0.0,0.0,0.0,-0.4175587892584129
0.1,0.0,0.0,0.0,0.0,-0.4175587892584129
0.1,0.0,0.0,0.0,0.0,-0.4175587892584129
0.1,0.0,0.0,0.0,0.0,-0.4175587892584129
0.1,0.0,0.0,0.0,0.0,-0.4175587892584129
0.1,0.0,0.0,0.0,0.0,-0.4175587892584129
0.1,0.0,0.0,0.0,0.0,-0.4175587892584129
0.1,0.0,0.0,0.0,0.0,-0.4175587892584129
0.1,0.0,0.0,0.0,0.0,-0.4175587892584129
0.1,0.0,0.0,0.0,0.0,-0.4175587892584129
0.1,0.0,0.0,0.0,0.0,-0.4175587892584129
0.1,0.0,0.0,0.0,0.0,-0.40905233019685056
0.1,0.0,0.0,0.0,0.0,-0.40905233019685056
0.1,0.0,0.0,0.0,0.0,-0.40905233019685056
0.1,0.0,0.0,0.0,0.0,-0.3996164073772723
0.1,0.0,0.0,0.0,0.0,-0.3996164073772723
0.1,0.0,0.0,0.0,0.0,-0.39191269521245753
0.1,0.0,0.0,0.0,0.0,-0.3899430943260075
0.1,0.0,0.0,0.0,0.0,-0.3899430943260075
0.1,0.0,0.0,0.0,0.0,-0.37880735702296986
0.1,0.0,0.0,0.0,0.0,-0.37880735702296986
0.1,0.0,0.0,0.0,0.0,-0.37880735702296986
0.1,0.0,0.0,0.0,0.0,-0.32256763386609444
0.1,0.0,0.0,0.0,0.0,-0.32256763386609444
0.1,0.0,0.0,0.0,0.0,-0.32256763386609444
0.1,0.0,0.0,0.0,0.0,-0.3056536745730195
0.1,0.0,0.0,0.0,0.0,-0.3056536745730195
0.1,0.0,0.0,0.0,0.0,-0.3056536745730195
0.10064088675053989,0.0,0.0,0.0,0.0,-0.288888888888889
0.1166071333580714,0.0,0.0,0.0,0.0,-0.28888888888888886
0.12471055249913918,0.0,0.0,0.0,0.0,-0.2888888888888889
0.12471055249913918,0.0,0.0,0.0,0.0,-0.2888888888888889
0.13760101315640208,0.0,0.0,0.0,0.0,-0.28888888888888886
0.13760101315640208,0.0,0.0,0.0,0.0,-0.28888888888888886
0.13760101315640208,0.0,0.0,0.0,0.0,-0.28888888888888886
0.15499541778899723,0.0,0.0,0.0,0.0,-0.2888888888888889
0.15499541778899723,0.0,0.0,0.0,0.0,-0.2888888888888889
0.15499541778899723,0.0,0.0,0.0,0.0,-0.2888888888888889
0.17946009741340893,0.0,0.0,0.0,0.0,-0.2888888888888889
0.17946009741340893,0.0,0.0,0.0,0.0,-0.2888888888888889
0.17946009741340893,0.0,0.0,0.0,0.0,-0.2888888888888889
0.22577611995209565,0.0,0.0,0.0,0.0,-0.28888888888888886
0.22577611995209565,0.0,0.0,0.0,0.0,-0.28888888888888886
0.22577611995209565,0.0,0.0,0.0,0.0,-0.28888888888888886
0.26,0.0,0.0,0.0,0.0,-0.25555250479878555
0.26,0.0,0.0,0.0,0.0,-0.25555250479878555
0.26,0.0,0.0,0.0,0.0,-0.25555250479878555
0.26,0.0,0.0,0.0,0.0,0.18570323598750113
0.26,0.0,0.0,0.0,0.0,0.18570323598750113
0.23612598055767606,0.0,0.0,0.0,0.0,0.2888888888888889
0.2089008667687886,0.0,0.0,0.0,0.0,0.28888888888888886
0.16156156094056914,0.0,0.0,0.0,0.0,0.2888888888888889
0.16156156094056914,0.0,0.0,0.0,0.0,0.2888888888888889
0.16156156094056914,0.0,0.0,0.0,0.0,0.2888888888888889
0.13321951083546296,0.0,0.0,0.0,0.0,0.2888888888888889
0.13321951083546296,0.0,0.0,0.0,0.0,0.2888888888888889
0.13321951083546296,0.0,0.0,0.0,0.0,0.2888888888888889
0.11098994779841821,0.0,0.0,0.0,0.0,0.28888888888888886
0.11098994779841821,0.0,0.0,0.0,0.0,0.28888888888888886
0.11098994779841821,0.0,0.0,0.0,0.0,0.28888888888888886
0.1,0.0,0.0,0.0,0.0,0.2944974079658866
0.1,0.0,0.0,0.0,0.0,0.2944974079658866
0.1,0.0,0.0,0.0,0.0,0.30122910166657024
0.1,0.0,0.0,0.0,0.0,0.32113697840135147
0.1,0.0,0.0,0.0,0.0,0.32113697840135147
0.1,0.0,0.0,0.0,0.0,0.3505930342987768
0.1,0.0,0.0,0.0,0.0,0.3505930342987768
0.1,0.0,0.0,0.0,0.0,0.3505930342987768
0.1,0.0,0.0,0.0,0.0,0.3602203850100454
0.1,0.0,0.0,0.0,0.0,0.38707206042604003
0.1,0.0,0.0,0.0,0.0,0.38707206042604003
0.1,0.0,0.0,0.0,0.0,0.38707206042604003
0.1,0.0,0.0,0.0,0.0,0.41237039272688203
0.1,0.0,0.0,0.0,0.0,0.41237039272688203
0.1,0.0,0.0,0.0,0.0,0.41237039272688203
0.1,0.0,0.0,0.0,0.0,0.43776937044864583
0.1,0.0,0.0,0.0,0.0,0.43776937044864583
0.1,0.0,0.0,0.0,0.0,0.4632741223967216
0.1,0.0,0.0,0.0,0.0,0.4632741223967216
0.1,0.0,0.0,0.0,0.0,0.4632741223967216
0.0,0.0,0.0,0.0,0.0,0.16000000000000003
0.0,0.0,0.0,0.0,0.0,0.16000000000000003
0.0,0.0,0.0,0.0,0.0,0.16000000000000003
0.0,0.0,0.0,0.0,0.0,0.16000000000000003
0.0,0.0,0.0,0.0,0.0,0.16000000000000003
0.0,0.0,0.0,0.0,0.0,0.16000000000000003
0.0,0.0,0.0,0.0,0.0,0.16000000000000003
0.0,0.0,0.0,0.0,0.0,0.16000000000000003
0.0,0.0,0.0,0.0,0.0,0.16000000000000003
0.0,0.0,0.0,0.0,0.0,0.16000000000000003
0.0,0.0,0.0,0.0,0.0,0.16000000000000003
0.0,0.0,0.0,0.0,0.0,0.16000000000000003
0.0,0.0,0.0,0.0,0.0,0.16000000000000003
0.0,0.0,0.0,0.0,0.0,0.16000000000000003
0.0,0.0,0.0,0.0,0.0,0.16000000000000003
0.0,0.0,0.0,0.0,0.0,0.16000000000000003
0.0,0.0,0.0,0.0,0.0,0.16000000000000003
0.0,0.0,0.0,0.0,0.0,0.16000000000000003
0.0,0.0,0.0,0.0,0.0,0.16000000000000003
0.0,0.0,0.0,0.0,0.0,0.16000000000000003
0.0,0.0,0.0,0.0,0.0,0.16000000000000003
0.0,0.0,0.0,0.0,0.0,0.16000000000000003
0.0,0.0,0.0,0.0,0.0,0.16000000000000003
0.0,0.0,0.0,0.0,0.0,0.16000000000000003
0.0,0.0,0.0,0.0,0.0,0.16000000000000003
0.0,0.0,0.0,0.0,0.0,0.16000000000000003
0.0,0.0,0.0,0.0,0.0,0.16000000000000003
0.0,0.0,0.0,0.0,0.0,0.16000000000000003
0.0,0.0,0.0,0.0,0.0,0.16000000000000003
0.0,0.0,0.0,0.0,0.0,0.16000000000000003
0.0,0.0,0.0,0.0,0.0,0.16000000000000003
0.0,0.0,0.0,0.0,0.0,0.16000000000000003
0.0,0.0,0.0,0.0,0.0,0.16000000000000003
0.0,0.0,0.0,0.0,0.0,0.16000000000000003
0.0,0.0,0.0,0.0,0.0,0.16000000000000003
0.0,0.0,0.0,0.0,0.0,0.16000000000000003
0.0,0.0,0.0,0.0,0.0,0.16000000000000003
0.0,0.0,0.0,0.0,0.0,0.16000000000000003
0.0,0.0,0.0,0.0,0.0,0.16000000000000003
0.0,0.0,0.0,0.0,0.0,0.16000000000000003
0.0,0.0,0.0,0.0,0.0,0.16000000000000003
0.0,0.0,0.0,0.0,0.0,0.16000000000000003
0.0,0.0,0.0,0.0,0.0,0.16000000000000003
0.0,0.0,0.0,0.0,0.0,0.16000000000000003
0.1,0.0,0.0,0.0,0.0,0.38167380315440863
0.1,0.0,0.0,0.0,0.0,0.38167380315440863
0.1,0.0,0.0,0.0,0.0,0.3731977077549263
0.1,0.0,0.0,0.0,0.0,0.3731977077549263
0.1,0.0,0.0,0.0,0.0,0.3731977077549263
0.1,0.0,0.0,0.0,0.0,0.36428926037607423
0.1,0.0,0.0,0.0,0.0,0.36428926037607423
0.1,0.0,0.0,0.0,0.0,0.3606016654635258
0.1,0.0,0.0,0.0,0.0,0.3568417561347919
0.1,0.0,0.0,0.0,0.0,0.3568417561347919
0.1,0.0,0.0,0.0,0.0,0.34711986489032065
0.1,0.0,0.0,0.0,0.0,0.34711986489032065
0.1,0.0,0.0,0.0,0.0,0.34711986489032065
0.1,0.0,0.0,0.0,0.0,0.33483083851412904
0.1,0.0,0.0,0.0,0.0,0.33483083851412904
0.1,0.0,0.0,0.0,0.0,0.32405571604052724
0.1,0.0,0.0,0.0,0.0,0.32405571604052724
0.1,0.0,0.0,0.0,0.0,0.32405571604052724
0.1,0.0,0.0,0.0,0.0,0.3127814968630215
0.1,0.0,0.0,0.0,0.0,0.3127814968630215
0.1,0.0,0.0,0.0,0.0,0.30339468086454624
0.1,0.0,0.0,0.0,0.0,0.30339468086454624
0.12987661125386166,0.0,0.0,0.0,0.0,0.2888888888888889
0.12987661125386166,0.0,0.0,0.0,0.0,0.2888888888888889
0.12987661125386166,0.0,0.0,0.0,0.0,0.2888888888888889
0.12987661125386166,0.0,0.0,0.0,0.0,0.2888888888888889
0.13799032273007728,0.0,0.0,0.0,0.0,0.2888888888888889
0.13799032273007728,0.0,0.0,0.0,0.0,0.2888888888888889
0.13799032273007728,0.0,0.0,0.0,0.0,0.2888888888888889
0.1470750304000115,0.0,0.0,0.0,0.0,0.28888888888888886
0.1470750304000115,0.0,0.0,0.0,0.0,0.28888888888888886
0.1470750304000115,0.0,0.0,0.0,0.0,0.28888888888888886
0.15730652563802974,0.0,0.0,0.0,0.0,0.28888888888888886
0.15730652563802974,0.0,0.0,0.0,0.0,0.28888888888888886
0.16890716127514102,0.0,0.0,0.0,0.0,0.2888888888888888
0.16890716127514102,0.0,0.0,0.0,0.0,0.2888888888888888
0.16890716127514102,0.0,0.0,0.0,0.0,0.2888888888888888
0.18216083377416487,0.0,0.0,0.0,0.0,0.2888888888888888
0.18216083377416487,0.0,0.0,0.0,0.0,0.2888888888888888
0.1910552834178856,0.0,0.0,0.0,0.0,0.28888888888888886
0.19419782886006387,0.0,0.0,0.0,0.0,0.28888888888888886
0.21621613779340157,0.0,0.0,0.0,0.0,0.28888888888888886
0.21621613779340157,0.0,0.0,0.0,0.0,0.28888888888888886
0.24044618485864208,0.0,0.0,0.0,0.0,0.2888888888888889
0.24044618485864208,0.0,0.0,0.0,0.0,0.2888888888888889
0.24044618485864208,0.0,0.0,0.0,0.0,0.2888888888888889
0.26,0.0,0.0,0.0,0.0,0.2654134875440479
0.26,0.0,0.0,0.0,0.0,0.2654134875440479
0.26,0.0,0.0,0.0,0.0,0.2654134875440479
0.26,0.0,0.0,0.0,0.0,0.21854219397716607
0.26,0.0,0.0,0.0,0.0,0.21854219397716607
0.26,0.0,0.0,0.0,0.0,0.1719125733497108
0.26,0.0,0.0,0.0,0.0,0.1719125733497108
0.26,0.0,0.0,0.0,0.0,0.1719125733497108
0.26,0.0,0.0,0.0,0.0,0.12481433067505547
0.26,0.0,0.0,0.0,0.0,0.12481433067505547
0.26,0.0,0.0,0.0,0.0,-0.1608532442583834
0.26,0.0,0.0,0.0,0.0,-0.20078034284806964
0.26,0.0,0.0,0.0,0.0,-0.20078034284806964
0.26,0.0,0.0,0.0,0.0,-0.24711778747231825
0.26,0.0,0.0,0.0,0.0,-0.24711778747231825
0.26,0.0,0.0,0.0,0.0,-0.24711778747231825
0.26,0.0,0.0,0.0,0.0,-0.24711778747231825
0.253367146961361,0.0,0.0,0.0,0.0,-0.28888888888888886
0.253367146961361,0.0,0.0,0.0,0.0,-0.28888888888888886
0.253367146961361,0.0,0.0,0.0,0.0,-0.28888888888888886
0.21516466666495768,0.0,0.0,0.0,0.0,-0.2888888888888889
0.21516466666495768,0.0,0.0,0.0,0.0,-0.2888888888888889
0.21516466666495768,0.0,0.0,0.0,0.0,-0.2888888888888889
0.21516466666495768,0.0,0.0,0.0,0.0,-0.2888888888888889
0.19123465713479018,0.0,0.0,0.0,0.0,-0.28888888888888886
0.19123465713479018,0.0,0.0,0.0,0.0,-0.28888888888888886
0.19123465713479018,0.0,0.0,0.0,0.0,-0.28888888888888886
0.16696216946125222,0.0,0.0,0.0,0.0,-0.2888888888888889
0.16696216946125222,0.0,0.0,0.0,0.0,-0.2888888888888889
0.21269033835036413,0.0,0.0,0.0,0.0,-0.2888888888888889
0.1779368117795641,0.0,0.0,0.0,0.0,-0.28888888888888886
0.1779368117795641,0.0,0.0,0.0,0.0,-0.28888888888888886
0.15202166736348993,0.0,0.0,0.0,0.0,-0.2888888888888889
0.15202166736348993,0.0,0.0,0.0,0.0,-0.2888888888888889
0.15202166736348993,0.0,0.0,0.0,0.0,-0.2888888888888889
0.1315703993316503,0.0,0.0,0.0,0.0,-0.2888888888888889
0.1315703993316503,0.0,0.0,0.0,0.0,-0.2888888888888889
0.1315703993316503,0.0,0.0,0.0,0.0,-0.2888888888888889
0.1151098963334111,0.0,0.0,0.0,0.0,-0.28888888888888886
0.1151098963334111,0.0,0.0,0.0,0.0,-0.28888888888888886
0.1151098963334111,0.0,0.0,0.0,0.0,-0.28888888888888886
0.10952085271270608,0.0,0.0,0.0,0.0,-0.28888888888888886
0.1016458948250947,0.0,0.0,0.0,0.0,-0.2888888888888889
0.1016458948250947,0.0,0.0,0.0,0.0,-0.2888888888888889
0.1016458948250947,0.0,0.0,0.0,0.0,-0.2888888888888889
0.1,0.0,0.0,0.0,0.0,-0.32655124963239124
0.1,0.0,0.0,0.0,0.0,-0.32655124963239124
0.1,0.0,0.0,0.0,0.0,-0.32655124963239124
0.1,0.0,0.0,0.0,0.0,-0.3861151938490232
0.1,0.0,0.0,0.0,0.0,-0.3861151938490232
0.1,0.0,0.0,0.0,0.0,-0.3861151938490232
0.1,0.0,0.0,0.0,0.0,-0.4217598825869031
0.1,0.0,0.0,0.0,0.0,-0.4217598825869031
0.1,0.0,0.0,0.0,0.0,-0.448567341570302
0.1,0.0,0.0,0.0,0.0,-0.45487570996971355
0.1,0.0,0.0,0.0,0.0,-0.45487570996971355
0.0,0.0,0.0,0.0,0.0,-0.16000000000000003
0.0,0.0,0.0,0.0,0.0,-0.16000000000000003
0.0,0.0,0.0,0.0,0.0,-0.16000000000000003
0.0,0.0,0.0,0.0,0.0,-0.16000000000000003
0.0,0.0,0.0,0.0,0.0,-0.16000000000000003
0.0,0.0,0.0,0.0,0.0,-0.16000000000000003
0.0,0.0,0.0,0.0,0.0,-0.16000000000000003
0.0,0.0,0.0,0.0,0.0,-0.16000000000000003
0.0,0.0,0.0,0.0,0.0,-0.16000000000000003
0.0,0.0,0.0,0.0,0.0,-0.16000000000000003
0.0,0.0,0.0,0.0,0.0,-0.16000000000000003
0.0,0.0,0.0,0.0,0.0,-0.16000000000000003
0.0,0.0,0.0,0.0,0.0,-0.16000000000000003
0.0,0.0,0.0,0.0,0.0,-0.16000000000000003
0.0,0.0,0.0,0.0,0.0,-0.16000000000000003
0.0,0.0,0.0,0.0,0.0,-0.16000000000000003
0.0,0.0,0.0,0.0,0.0,-0.16000000000000003
0.0,0.0,0.0,0.0,0.0,-0.16000000000000003
0.0,0.0,0.0,0.0,0.0,-0.16000000000000003
0.0,0.0,0.0,0.0,0.0,-0.16000000000000003
0.0,0.0,0.0,0.0,0.0,-0.16000000000000003
0.0,0.0,0.0,0.0,0.0,-0.16000000000000003
0.0,0.0,0.0,0.0,0.0,-0.16000000000000003
0.0,0.0,0.0,0.0,0.0,-0.16000000000000003
0.0,0.0,0.0,0.0,0.0,-0.16000000000000003
0.0,0.0,0.0,0.0,0.0,-0.16000000000000003
0.05220722584412534,0.0,0.0,0.0,0.0,-0.23624946118347945
0.05220722584412534,0.0,0.0,0.0,0.0,-0.23624946118347945
0.05220722584412534,0.0,0.0,0.0,0.0,-0.23624946118347945
0.05065050845079793,0.0,0.0,0.0,0.0,-0.19711444201847245
0.05065050845079793,0.0,0.0,0.0,0.0,-0.19711444201847245
0.05,0.0,0.0,0.0,0.0,-0.18500889549301658
0.05,0.0,0.0,0.0,0.0,-0.18500889549301658
0.05,0.0,0.0,0.0,0.0,-0.18500889549301658
0.05,0.0,0.0,0.0,0.0,-0.17614935822188457
0.05,0.0,0.0,0.0,0.0,-0.17614935822188457
0.05,0.0,0.0,0.0,0.0,-0.17614935822188457
0.05,0.0,0.0,0.0,0.0,-0.1628321093708475
0.05,0.0,0.0,0.0,0.0,-0.1628321093708475
0.05,0.0,0.0,0.0,0.0,-0.1505886623299364
0.05,0.0,0.0,0.0,0.0,-0.1505886623299364
0.05,0.0,0.0,0.0,0.0,-0.1505886623299364
0.05,0.0,0.0,0.0,0.0,-0.14746585520840175
0.05,0.0,0.0,0.0,0.0,-0.14746585520840175
0.05,0.0,0.0,0.0,0.0,-0.1423083731025453
0.05,0.0,0.0,0.0,0.0,-0.1423083731025453
0.05,0.0,0.0,0.0,0.0,-0.1423083731025453
0.05605216944913254,0.0,0.0,0.0,0.0,-0.13033214820878733
0.05605216944913254,0.0,0.0,0.0,0.0,-0.13033214820878733
0.10443941413628181,0.0,0.0,0.0,0.0,-0.13047214614306527
0.10443941413628181,0.0,0.0,0.0,0.0,-0.13047214614306527
0.10443941413628181,0.0,0.0,0.0,0.0,-0.13047214614306527
0.11759342354435565,0.0,0.0,0.0,0.0,-0.13025106035842698
0.11759342354435565,0.0,0.0,0.0,0.0,-0.13025106035842698
0.11759342354435565,0.0,0.0,0.0,0.0,-0.13025106035842698
0.11777450810830362,0.0,0.0,0.0,0.0,-0.1134011952644464
0.11777450810830362,0.0,0.0,0.0,0.0,-0.1134011952644464
0.11777450810830362,0.0,0.0,0.0,0.0,-0.1134011952644464
0.11796860816627719,0.0,0.0,0.0,0.0,-0.09614709779616944
0.11796860816627719,0.0,0.0,0.0,0.0,-0.09614709779616944
0.11817616656396021,0.0,0.0,0.0,0.0,-0.07849190372486761
0.11817616656396021,0.0,0.0,0.0,0.0,-0.07849190372486761
0.11817616656396021,0.0,0.0,0.0,0.0,-0.07849190372486761
0.1184436535557606,0.0,0.0,0.0,0.0,-0.056782040603695155
0.1184436535557606,0.0,0.0,0.0,0.0,-0.056782040603695155
0.1184436535557606,0.0,0.0,0.0,0.0,-0.056782040603695155
0.11863352511256908,0.0,0.0,0.0,0.0,-0.041995550124506925
0.11863352511256908,0.0,0.0,0.0,0.0,-0.041995550124506925
0.11713729307132126,0.0,0.0,0.0,0.0,-0.020521329436172086
0.11713729307132126,0.0,0.0,0.0,0.0,-0.020521329436172086
0.11713729307132126,0.0,0.0,0.0,0.0,-0.020521329436172086
0.11512688139894346,0.0,0.0,0.0,0.0,0.002511662421421672
0.11512688139894346,0.0,0.0,0.0,0.0,0.002511662421421672
0.11512688139894346,0.0,0.0,0.0,0.0,0.002511662421421672
0.11281225581598742,0.0,0.0,0.0,0.0,0.02982014413880983
0.11281225581598742,0.0,0.0,0.0,0.0,0.02982014413880983
0.11281225581598742,0.0,0.0,0.0,0.0,0.02982014413880983
0.11095246887138249,0.0,0.0,0.0,0.0,0.05345950230325803
0.11095246887138249,0.0,0.0,0.0,0.0,0.05345950230325803
0.109503162096295,0.0,0.0,0.0,0.0,0.07293713100958434
0.109503162096295,0.0,0.0,0.0,0.0,0.07293713100958434
0.109503162096295,0.0,0.0,0.0,0.0,0.07293713100958434
0.0,0.0,0.0,0.0,0.0,0.16000000000000003
0.0,0.0,0.0,0.0,0.0,0.16000000000000003
0.0,0.0,0.0,0.0,0.0,0.16000000000000003
0.0,0.0,0.0,0.0,0.0,0.16000000000000003
0.0,0.0,0.0,0.0,0.0,0.16000000000000003
0.0,0.0,0.0,0.0,0.0,0.16000000000000003
0.0,0.0,0.0,0.0,0.0,0.16000000000000003
0.0,0.0,0.0,0.0,0.0,0.16000000000000003
0.0,0.0,0.0,0.0,0.0,0.16000000000000003
0.0,0.0,0.0,0.0,0.0,0.16000000000000003
0.0,0.0,0.0,0.0,0.0,0.16000000000000003
0.0,0.0,0.0,0.0,0.0,0.16000000000000003
0.0,0.0,0.0,0.0,0.0,0.16000000000000003
0.0,0.0,0.0,0.0,0.0,0.16000000000000003
0.0,0.0,0.0,0.0,0.0,0.16000000000000003
0.0,0.0,0.0,0.0,0.0,0.16000000000000003
0.0,0.0,0.0,0.0,0.0,0.16000000000000003
0.0,0.0,0.0,0.0,0.0,0.16000000000000003
0.0,0.0,0.0,0.0,0.0,0.16000000000000003
0.0,0.0,0.0,0.0,0.0,0.16000000000000003
0.0,0.0,0.0,0.0,0.0,0.16000000000000003
0.0,0.0,0.0,0.0,0.0,0.16000000000000003
0.0,0.0,0.0,0.0,0.0,0.16000000000000003
0.0,0.0,0.0,0.0,0.0,0.16000000000000003
0.0,0.0,0.0,0.0,0.0,0.16000000000000003
0.0,0.0,0.0,0.0,0.0,0.16000000000000003
0.0,0.0,0.0,0.0,0.0,0.16000000000000003
0.0,0.0,0.0,0.0,0.0,0.16000000000000003
0.0,0.0,0.0,0.0,0.0,0.16000000000000003
0.0,0.0,0.0,0.0,0.0,0.16000000000000003
0.0,0.0,0.0,0.0,0.0,0.16000000000000003
0.0,0.0,0.0,0.0,0.0,0.16000000000000003
0.0,0.0,0.0,0.0,0.0,0.16000000000000003
0.0,0.0,0.0,0.0,0.0,0.16000000000000003
0.0,0.0,0.0,0.0,0.0,0.16000000000000003
0.0,0.0,0.0,0.0,0.0,0.16000000000000003
0.0,0.0,0.0,0.0,0.0,0.16000000000000003
0.0,0.0,0.0,0.0,0.0,0.16000000000000003
0.0,0.0,0.0,0.0,0.0,0.16000000000000003
0.0,0.0,0.0,0.0,0.0,0.16000000000000003
0.0,0.0,0.0,0.0,0.0,0.16000000000000003
0.0,0.0,0.0,0.0,0.0,0.16000000000000003
0.0,0.0,0.0,0.0,0.0,0.16000000000000003
0.0,0.0,0.0,0.0,0.0,0.16000000000000003
0.0,0.0,0.0,0.0,0.0,0.16000000000000003
0.0,0.0,0.0,0.0,0.0,0.16000000000000003
0.0,0.0,0.0,0.0,0.0,0.16000000000000003
0.0,0.0,0.0,0.0,0.0,0.16000000000000003
0.0,0.0,0.0,0.0,0.0,0.16000000000000003
0.0,0.0,0.0,0.0,0.0,0.16000000000000003
0.0,0.0,0.0,0.0,0.0,0.16000000000000003
0.0,0.0,0.0,0.0,0.0,0.16000000000000003
0.0,0.0,0.0,0.0,0.0,0.16000000000000003
0.0,0.0,0.0,0.0,0.0,0.16000000000000003
0.0,0.0,0.0,0.0,0.0,0.16000000000000003
0.0,0.0,0.0,0.0,0.0,0.16000000000000003
0.0,0.0,0.0,0.0,0.0,0.16000000000000003
0.0,0.0,0.0,0.0,0.0,0.16000000000000003
0.0,0.0,0.0,0.0,0.0,0.16000000000000003
0.0,0.0,0.0,0.0,0.0,0.16000000000000003
0.0,0.0,0.0,0.0,0.0,0.16000000000000003
0.0,0.0,0.0,0.0,0.0,0.16000000000000003
0.0,0.0,0.0,0.0,0.0,0.16000000000000003
0.0,0.0,0.0,0.0,0.0,0.16000000000000003
0.0,0.0,0.0,0.0,0.0,0.16000000000000003
0.0,0.0,0.0,0.0,0.0,0.16000000000000003
0.0,0.0,0.0,0.0,0.0,0.16000000000000003
0.0,0.0,0.0,0.0,0.0,0.16000000000000003
0.0,0.0,0.0,0.0,0.0,0.16000000000000003
0.0,0.0,0.0,0.0,0.0,0.16000000000000003
0.0,0.0,0.0,0.0,0.0,0.16000000000000003
0.0,0.0,0.0,0.0,0.0,0.16000000000000003
0.0,0.0,0.0,0.0,0.0,0.16000000000000003
0.0,0.0,0.0,0.0,0.0,0.16000000000000003
0.0,0.0,0.0,0.0,0.0,0.16000000000000003
0.0,0.0,0.0,0.0,0.0,0.16000000000000003
0.0,0.0,0.0,0.0,0.0,0.16000000000000003
0.0,0.0,0.0,0.0,0.0,0.16000000000000003
0.0,0.0,0.0,0.0,0.0,0.16000000000000003
0.0,0.0,0.0,0.0,0.0,0.16000000000000003
0.0,0.0,0.0,0.0,0.0,0.16000000000000003
0.0,0.0,0.0,0.0,0.0,0.16000000000000003
0.0,0.0,0.0,0.0,0.0,0.16000000000000003
0.0,0.0,0.0,0.0,0.0,0.16000000000000003
0.0,0.0,0.0,0.0,0.0,0.16000000000000003
0.0,0.0,0.0,0.0,0.0,0.16000000000000003
0.0,0.0,0.0,0.0,0.0,0.16000000000000003
0.0,0.0,0.0,0.0,0.0,0.16000000000000003
0.0,0.0,0.0,0.0,0.0,0.16000000000000003
0.0,0.0,0.0,0.0,0.0,0.16000000000000003
0.0,0.0,0.0,0.0,0.0,0.16000000000000003
0.0,0.0,0.0,0.0,0.0,0.16000000000000003
0.0,0.0,0.0,0.0,0.0,0.16000000000000003
0.0,0.0,0.0,0.0,0.0,0.16000000000000003
0.0,0.0,0.0,0.0,0.0,0.16000000000000003
0.0,0.0,0.0,0.0,0.0,0.16000000000000003
0.0,0.0,0.0,0.0,0.0,0.16000000000000003
0.0,0.0,0.0,0.0,0.0,0.16000000000000003
0.0,0.0,0.0,0.0,0.0,0.16000000000000003
0.0,0.0,0.0,0.0,0.0,0.16000000000000003
0.0,0.0,0.0,0.0,0.0,0.16000000000000003
0.0,0.0,0.0,0.0,0.0,0.16000000000000003
0.0,0.0,0.0,0.0,0.0,0.16000000000000003
0.0,0.0,0.0,0.0,0.0,0.16000000000000003
0.0,0.0,0.0,0.0,0.0,0.16000000000000003
0.0,0.0,0.0,0.0,0.0,0.16000000000000003
0.0,0.0,0.0,0.0,0.0,0.16000000000000003
0.0,0.0,0.0,0.0,0.0,0.16000000000000003
0.0,0.0,0.0,0.0,0.0,0.16000000000000003
0.0,0.0,0.0,0.0,0.0,0.16000000000000003
0.0,0.0,0.0,0.0,0.0,0.16000000000000003
0.0,0.0,0.0,0.0,0.0,0.16000000000000003
0.0,0.0,0.0,0.0,0.0,0.16000000000000003
0.0,0.0,0.0,0.0,0.0,0.16000000000000003
0.0,0.0,0.0,0.0,0.0,0.16000000000000003
0.0,0.0,0.0,0.0,0.0,0.16000000000000003
0.0,0.0,0.0,0.0,0.0,0.16000000000000003
0.0,0.0,0.0,0.0,0.0,0.16000000000000003
0.0,0.0,0.0,0.0,0.0,0.16000000000000003
0.0,0.0,0.0,0.0,0.0,0.16000000000000003
0.0,0.0,0.0,0.0,0.0,0.16000000000000003
0.0,0.0,0.0,0.0,0.0,0.16000000000000003
0.0,0.0,0.0,0.0,0.0,0.16000000000000003
0.0,0.0,0.0,0.0,0.0,0.16000000000000003
0.0,0.0,0.0,0.0,0.0,0.16000000000000003
0.0,0.0,0.0,0.0,0.0,0.16000000000000003
0.0,0.0,0.0,0.0,0.0,0.16000000000000003
0.0,0.0,0.0,0.0,0.0,0.16000000000000003
0.0,0.0,0.0,0.0,0.0,0.16000000000000003
0.0,0.0,0.0,0.0,0.0,0.16000000000000003
0.0,0.0,0.0,0.0,0.0,0.16000000000000003
0.0,0.0,0.0,0.0,0.0,0.16000000000000003
0.0,0.0,0.0,0.0,0.0,0.16000000000000003
0.0,0.0,0.0,0.0,0.0,0.16000000000000003
0.0,0.0,0.0,0.0,0.0,0.16000000000000003
0.0,0.0,0.0,0.0,0.0,0.16000000000000003
0.0,0.0,0.0,0.0,0.0,0.16000000000000003
0.0,0.0,0.0,0.0,0.0,0.16000000000000003
0.0,0.0,0.0,0.0,0.0,0.16000000000000003
0.0,0.0,0.0,0.0,0.0,0.16000000000000003
0.0,0.0,0.0,0.0,0.0,0.16000000000000003
0.0,0.0,0.0,0.0,0.0,0.16000000000000003
0.0,0.0,0.0,0.0,0.0,0.16000000000000003
0.0,0.0,0.0,0.0,0.0,0.16000000000000003
0.0,0.0,0.0,0.0,0.0,0.16000000000000003
0.0,0.0,0.0,0.0,0.0,0.16000000000000003
0.0,0.0,0.0,0.0,0.0,0.16000000000000003
0.0,0.0,0.0,0.0,0.0,0.16000000000000003
0.0,0.0,0.0,0.0,0.0,0.16000000000000003
0.0,0.0,0.0,0.0,0.0,0.16000000000000003
0.0,0.0,0.0,0.0,0.0,0.16000000000000003
0.0,0.0,0.0,0.0,0.0,0.16000000000000003
0.0,0.0,0.0,0.0,0.0,0.16000000000000003
0.0,0.0,0.0,0.0,0.0,0.16000000000000003
0.0,0.0,0.0,0.0,0.0,0.16000000000000003
0.0,0.0,0.0,0.0,0.0,0.16000000000000003
0.0,0.0,0.0,0.0,0.0,0.16000000000000003
0.0,0.0,0.0,0.0,0.0,0.16000000000000003
0.0,0.0,0.0,0.0,0.0,0.16000000000000003
0.0,0.0,0.0,0.0,0.0,0.16000000000000003
0.0,0.0,0.0,0.0,0.0,0.16000000000000003
0.0,0.0,0.0,0.0,0.0,0.16000000000000003
0.0,0.0,0.0,0.0,0.0,0.16000000000000003
0.0,0.0,0.0,0.0,0.0,0.16000000000000003
0.0,0.0,0.0,0.0,0.0,0.16000000000000003
0.0,0.0,0.0,0.0,0.0,0.16000000000000003
0.0,0.0,0.0,0.0,0.0,0.16000000000000003
0.0,0.0,0.0,0.0,0.0,0.16000000000000003
0.0,0.0,0.0,0.0,0.0,0.16000000000000003
0.0,0.0,0.0,0.0,0.0,0.16000000000000003
0.0,0.0,0.0,0.0,0.0,0.16000000000000003
0.0,0.0,0.0,0.0,0.0,0.16000000000000003
0.0,0.0,0.0,0.0,0.0,0.16000000000000003
0.0,0.0,0.0,0.0,0.0,0.16000000000000003
0.0,0.0,0.0,0.0,0.0,0.16000000000000003
0.0,0.0,0.0,0.0,0.0,0.16000000000000003
0.0,0.0,0.0,0.0,0.0,0.16000000000000003
0.0,0.0,0.0,0.0,0.0,0.16000000000000003
0.0,0.0,0.0,0.0,0.0,0.16000000000000003
0.0,0.0,0.0,0.0,0.0,0.16000000000000003
0.0,0.0,0.0,0.0,0.0,0.16000000000000003
0.0,0.0,0.0,0.0,0.0,0.16000000000000003
0.0,0.0,0.0,0.0,0.0,0.16000000000000003
0.0,0.0,0.0,0.0,0.0,0.16000000000000003
0.0,0.0,0.0,0.0,0.0,0.16000000000000003
0.0,0.0,0.0,0.0,0.0,0.16000000000000003
0.0,0.0,0.0,0.0,0.0,0.16000000000000003
0.0,0.0,0.0,0.0,0.0,0.16000000000000003
0.0,0.0,0.0,0.0,0.0,0.16000000000000003
0.0,0.0,0.0,0.0,0.0,0.16000000000000003
0.0,0.0,0.0,0.0,0.0,0.16000000000000003
0.0,0.0,0.0,0.0,0.0,0.16000000000000003
0.0,0.0,0.0,0.0,0.0,0.16000000000000003
0.0,0.0,0.0,0.0,0.0,0.16000000000000003
0.0,0.0,0.0,0.0,0.0,0.16000000000000003
0.0,0.0,0.0,0.0,0.0,0.16000000000000003
0.0,0.0,0.0,0.0,0.0,0.16000000000000003
0.0,0.0,0.0,0.0,0.0,0.16000000000000003
0.0,0.0,0.0,0.0,0.0,0.16000000000000003
0.0,0.0,0.0,0.0,0.0,0.16000000000000003
0.0,0.0,0.0,0.0,0.0,0.16000000000000003
0.0,0.0,0.0,0.0,0.0,0.16000000000000003
0.0,0.0,0.0,0.0,0.0,0.16000000000000003
0.0,0.0,0.0,0.0,0.0,0.16000000000000003
0.0,0.0,0.0,0.0,0.0,0.16000000000000003
0.0,0.0,0.0,0.0,0.0,0.16000000000000003
0.0,0.0,0.0,0.0,0.0,0.16000000000000003
0.0,0.0,0.0,0.0,0.0,0.16000000000000003
0.0,0.0,0.0,0.0,0.0,0.16000000000000003
0.0,0.0,0.0,0.0,0.0,0.16000000000000003
0.0,0.0,0.0,0.0,0.0,0.16000000000000003
0.0,0.0,0.0,0.0,0.0,0.16000000000000003
0.0,0.0,0.0,0.0,0.0,0.16000000000000003
0.0,0.0,0.0,0.0,0.0,0.16000000000000003
0.0,0.0,0.0,0.0,0.0,0.16000000000000003
0.0,0.0,0.0,0.0,0.0,0.16000000000000003
0.0,0.0,0.0,0.0,0.0,0.16000000000000003
0.0,0.0,0.0,0.0,0.0,0.16000000000000003
0.0,0.0,0.0,0.0,0.0,0.16000000000000003
0.0,0.0,0.0,0.0,0.0,0.16000000000000003
0.0,0.0,0.0,0.0,0.0,0.16000000000000003
0.0,0.0,0.0,0.0,0.0,0.16000000000000003
0.0,0.0,0.0,0.0,0.0,0.16000000000000003
0.0,0.0,0.0,0.0,0.0,0.16000000000000003
0.0,0.0,0.0,0.0,0.0,0.16000000000000003
0.0,0.0,0.0,0.0,0.0,0.16000000000000003
0.0,0.0,0.0,0.0,0.0,0.16000000000000003
0.0,0.0,0.0,0.0,0.0,0.16000000000000003
0.0,0.0,0.0,0.0,0.0,0.16000000000000003
0.0,0.0,0.0,0.0,0.0,0.16000000000000003
0.0,0.0,0.0,0.0,0.0,0.16000000000000003
0.0,0.0,0.0,0.0,0.0,0.16000000000000003
0.0,0.0,0.0,0.0,0.0,0.16000000000000003
0.0,0.0,0.0,0.0,0.0,0.16000000000000003
0.0,0.0,0.0,0.0,0.0,0.16000000000000003
0.0,0.0,0.0,0.0,0.0,0.16000000000000003
0.0,0.0,0.0,0.0,0.0,0.16000000000000003
0.0,0.0,0.0,0.0,0.0,0.16000000000000003
0.0,0.0,0.0,0.0,0.0,0.16000000000000003
0.0,0.0,0.0,0.0,0.0,0.16000000000000003
0.0,0.0,0.0,0.0,0.0,0.16000000000000003
0.0,0.0,0.0,0.0,0.0,0.16000000000000003
0.0,0.0,0.0,0.0,0.0,0.16000000000000003
0.0,0.0,0.0,0.0,0.0,0.16000000000000003
0.0,0.0,0.0,0.0,0.0,0.16000000000000003
0.0,0.0,0.0,0.0,0.0,0.16000000000000003
0.0,0.0,0.0,0.0,0.0,0.16000000000000003
0.0,0.0,0.0,0.0,0.0,0.16000000000000003
0.0,0.0,0.0,0.0,0.0,0.16000000000000003
0.0,0.0,0.0,0.0,0.0,0.16000000000000003
0.0,0.0,0.0,0.0,0.0,0.16000000000000003
0.0,0.0,0.0,0.0,0.0,0.16000000000000003
0.0,0.0,0.0,0.0,0.0,0.16000000000000003
0.0,0.0,0.0,0.0,0.0,0.16000000000000003
0.0,0.0,0.0,0.0,0.0,0.16000000000000003
0.0,0.0,0.0,0.0,0.0,0.16000000000000003
0.0,0.0,0.0,0.0,0.0,0.16000000000000003
0.0,0.0,0.0,0.0,0.0,0.16000000000000003
0.0,0.0,0.0,0.0,0.0,0.16000000000000003
0.0,0.0,0.0,0.0,0.0,0.16000000000000003
0.0,0.0,0.0,0.0,0.0,0.16000000000000003
0.0,0.0,0.0,0.0,0.0,0.16000000000000003
0.0,0.0,0.0,0.0,0.0,0.16000000000000003
0.0,0.0,0.0,0.0,0.0,0.16000000000000003
0.0,0.0,0.0,0.0,0.0,0.16000000000000003
0.0,0.0,0.0,0.0,0.0,0.16000000000000003
0.0,0.0,0.0,0.0,0.0,0.16000000000000003
0.0,0.0,0.0,0.0,0.0,0.16000000000000003
0.0,0.0,0.0,0.0,0.0,0.16000000000000003
0.0,0.0,0.0,0.0,0.0,0.16000000000000003
0.0,0.0,0.0,0.0,0.0,0.16000000000000003
0.0,0.0,0.0,0.0,0.0,0.16000000000000003
0.0,0.0,0.0,0.0,0.0,0.16000000000000003
0.0,0.0,0.0,0.0,0.0,0.16000000000000003
0.0,0.0,0.0,0.0,0.0,0.16000000000000003
0.0,0.0,0.0,0.0,0.0,0.16000000000000003
0.0,0.0,0.0,0.0,0.0,0.16000000000000003
0.0,0.0,0.0,0.0,0.0,0.16000000000000003
0.0,0.0,0.0,0.0,0.0,0.16000000000000003
0.0,0.0,0.0,0.0,0.0,0.16000000000000003
0.0,0.0,0.0,0.0,0.0,0.16000000000000003
0.0,0.0,0.0,0.0,0.0,0.16000000000000003
0.0,0.0,0.0,0.0,0.0,0.16000000000000003
0.0,0.0,0.0,0.0,0.0,0.16000000000000003
0.0,0.0,0.0,0.0,0.0,0.16000000000000003
0.0,0.0,0.0,0.0,0.0,0.16000000000000003
0.0,0.0,0.0,0.0,0.0,0.16000000000000003
0.0,0.0,0.0,0.0,0.0,0.16000000000000003
0.0,0.0,0.0,0.0,0.0,0.16000000000000003
0.0,0.0,0.0,0.0,0.0,0.16000000000000003
0.0,0.0,0.0,0.0,0.0,0.16000000000000003
0.0,0.0,0.0,0.0,0.0,0.16000000000000003
0.0,0.0,0.0,0.0,0.0,0.16000000000000003
0.0,0.0,0.0,0.0,0.0,0.16000000000000003
0.0,0.0,0.0,0.0,0.0,0.16000000000000003
0.0,0.0,0.0,0.0,0.0,0.16000000000000003
0.0,0.0,0.0,0.0,0.0,0.16000000000000003
0.0,0.0,0.0,0.0,0.0,0.16000000000000003
0.0,0.0,0.0,0.0,0.0,0.16000000000000003
0.0,0.0,0.0,0.0,0.0,0.16000000000000003
0.0,0.0,0.0,0.0,0.0,0.16000000000000003
0.0,0.0,0.0,0.0,0.0,0.16000000000000003
0.0,0.0,0.0,0.0,0.0,0.16000000000000003
0.0,0.0,0.0,0.0,0.0,0.16000000000000003
0.0,0.0,0.0,0.0,0.0,0.16000000000000003
0.0,0.0,0.0,0.0,0.0,0.16000000000000003
0.0,0.0,0.0,0.0,0.0,0.16000000000000003
0.0,0.0,0.0,0.0,0.0,0.16000000000000003
0.0,0.0,0.0,0.0,0.0,0.16000000000000003
0.0,0.0,0.0,0.0,0.0,0.16000000000000003
0.0,0.0,0.0,0.0,0.0,0.16000000000000003
0.0,0.0,0.0,0.0,0.0,0.16000000000000003
0.0,0.0,0.0,0.0,0.0,0.16000000000000003
0.0,0.0,0.0,0.0,0.0,0.16000000000000003
0.0,0.0,0.0,0.0,0.0,0.16000000000000003
0.0,0.0,0.0,0.0,0.0,0.16000000000000003
0.0,0.0,0.0,0.0,0.0,0.16000000000000003
0.0,0.0,0.0,0.0,0.0,0.16000000000000003
0.0,0.0,0.0,0.0,0.0,0.16000000000000003
0.0,0.0,0.0,0.0,0.0,0.16000000000000003
0.0,0.0,0.0,0.0,0.0,0.16000000000000003
0.0,0.0,0.0,0.0,0.0,0.16000000000000003
0.0,0.0,0.0,0.0,0.0,0.16000000000000003
0.0,0.0,0.0,0.0,0.0,0.16000000000000003
0.0,0.0,0.0,0.0,0.0,0.16000000000000003
0.0,0.0,0.0,0.0,0.0,0.16000000000000003
0.0,0.0,0.0,0.0,0.0,0.16000000000000003
0.0,0.0,0.0,0.0,0.0,0.16000000000000003
0.0,0.0,0.0,0.0,0.0,0.16000000000000003
0.0,0.0,0.0,0.0,0.0,0.16000000000000003
0.0,0.0,0.0,0.0,0.0,0.16000000000000003
0.0,0.0,0.0,0.0,0.0,0.16000000000000003
0.0,0.0,0.0,0.0,0.0,0.16000000000000003
0.0,0.0,0.0,0.0,0.0,0.16000000000000003
0.0,0.0,0.0,0.0,0.0,0.16000000000000003
0.0,0.0,0.0,0.0,0.0,0.16000000000000003
0.0,0.0,0.0,0.0,0.0,0.16000000000000003
0.0,0.0,0.0,0.0,0.0,0.16000000000000003
0.0,0.0,0.0,0.0,0.0,0.16000000000000003
0.0,0.0,0.0,0.0,0.0,0.16000000000000003
0.0,0.0,0.0,0.0,0.0,0.16000000000000003
0.0,0.0,0.0,0.0,0.0,0.16000000000000003
0.0,0.0,0.0,0.0,0.0,0.16000000000000003
0.0,0.0,0.0,0.0,0.0,0.16000000000000003
0.0,0.0,0.0,0.0,0.0,0.16000000000000003
0.0,0.0,0.0,0.0,0.0,0.16000000000000003
0.0,0.0,0.0,0.0,0.0,0.16000000000000003
0.0,0.0,0.0,0.0,0.0,0.16000000000000003
0.0,0.0,0.0,0.0,0.0,0.16000000000000003
0.0,0.0,0.0,0.0,0.0,0.16000000000000003
0.0,0.0,0.0,0.0,0.0,0.16000000000000003
0.0,0.0,0.0,0.0,0.0,0.16000000000000003
0.0,0.0,0.0,0.0,0.0,0.16000000000000003
0.0,0.0,0.0,0.0,0.0,0.16000000000000003
0.0,0.0,0.0,0.0,0.0,-0.16000000000000003
0.0,0.0,0.0,0.0,0.0,-0.16000000000000003
0.0,0.0,0.0,0.0,0.0,-0.16000000000000003
0.0,0.0,0.0,0.0,0.0,-0.16000000000000003
0.0,0.0,0.0,0.0,0.0,-0.16000000000000003
0.0,0.0,0.0,0.0,0.0,-0.16000000000000003
0.0,0.0,0.0,0.0,0.0,-0.16000000000000003
0.0,0.0,0.0,0.0,0.0,-0.16000000000000003
0.0,0.0,0.0,0.0,0.0,-0.16000000000000003
0.0,0.0,0.0,0.0,0.0,-0.16000000000000003
0.0,0.0,0.0,0.0,0.0,-0.16000000000000003
0.0,0.0,0.0,0.0,0.0,-0.16000000000000003
0.0,0.0,0.0,0.0,0.0,-0.16000000000000003
0.0,0.0,0.0,0.0,0.0,-0.16000000000000003
0.0,0.0,0.0,0.0,0.0,-0.16000000000000003
0.0,0.0,0.0,0.0,0.0,-0.16000000000000003
0.0,0.0,0.0,0.0,0.0,-0.16000000000000003
0.0,0.0,0.0,0.0,0.0,-0.16000000000000003
0.0,0.0,0.0,0.0,0.0,-0.16000000000000003
0.0,0.0,0.0,0.0,0.0,-0.16000000000000003
0.0,0.0,0.0,0.0,0.0,-0.16000000000000003
0.0,0.0,0.0,0.0,0.0,-0.16000000000000003
0.0,0.0,0.0,0.0,0.0,-0.16000000000000003
0.0,0.0,0.0,0.0,0.0,-0.16000000000000003
0.0,0.0,0.0,0.0,0.0,-0.16000000000000003
0.0,0.0,0.0,0.0,0.0,-0.16000000000000003
0.0,0.0,0.0,0.0,0.0,-0.16000000000000003
0.0,0.0,0.0,0.0,0.0,-0.16000000000000003
0.0,0.0,0.0,0.0,0.0,-0.16000000000000003
0.0,0.0,0.0,0.0,0.0,-0.16000000000000003
0.0,0.0,0.0,0.0,0.0,-0.16000000000000003
0.0,0.0,0.0,0.0,0.0,-0.16000000000000003
0.0,0.0,0.0,0.0,0.0,-0.16000000000000003
0.0,0.0,0.0,0.0,0.0,-0.16000000000000003
0.0,0.0,0.0,0.0,0.0,-0.16000000000000003
0.0,0.0,0.0,0.0,0.0,-0.16000000000000003
0.0,0.0,0.0,0.0,0.0,-0.16000000000000003
0.0,0.0,0.0,0.0,0.0,-0.16000000000000003
0.0,0.0,0.0,0.0,0.0,-0.16000000000000003
0.0,0.0,0.0,0.0,0.0,-0.16000000000000003
0.0,0.0,0.0,0.0,0.0,-0.16000000000000003
0.0,0.0,0.0,0.0,0.0,-0.16000000000000003
0.0,0.0,0.0,0.0,0.0,-0.16000000000000003
0.0,0.0,0.0,0.0,0.0,-0.16000000000000003
0.0,0.0,0.0,0.0,0.0,-0.16000000000000003
0.0,0.0,0.0,0.0,0.0,-0.16000000000000003
0.0,0.0,0.0,0.0,0.0,-0.16000000000000003
0.0,0.0,0.0,0.0,0.0,-0.16000000000000003
0.0,0.0,0.0,0.0,0.0,-0.16000000000000003
0.0,0.0,0.0,0.0,0.0,-0.16000000000000003
0.0,0.0,0.0,0.0,0.0,-0.16000000000000003
0.0,0.0,0.0,0.0,0.0,-0.16000000000000003
0.0,0.0,0.0,0.0,0.0,-0.16000000000000003
0.0,0.0,0.0,0.0,0.0,-0.16000000000000003
0.0,0.0,0.0,0.0,0.0,-0.16000000000000003
0.0,0.0,0.0,0.0,0.0,-0.16000000000000003
0.0,0.0,0.0,0.0,0.0,-0.16000000000000003
0.0,0.0,0.0,0.0,0.0,-0.16000000000000003
0.0,0.0,0.0,0.0,0.0,-0.16000000000000003
0.0,0.0,0.0,0.0,0.0,-0.16000000000000003
0.0,0.0,0.0,0.0,0.0,-0.16000000000000003
0.0,0.0,0.0,0.0,0.0,-0.16000000000000003
0.0,0.0,0.0,0.0,0.0,-0.16000000000000003
0.0,0.0,0.0,0.0,0.0,-0.16000000000000003
0.0,0.0,0.0,0.0,0.0,-0.16000000000000003
0.0,0.0,0.0,0.0,0.0,-0.16000000000000003
0.0,0.0,0.0,0.0,0.0,-0.16000000000000003
0.0,0.0,0.0,0.0,0.0,-0.16000000000000003
0.0,0.0,0.0,0.0,0.0,-0.16000000000000003
0.0,0.0,0.0,0.0,0.0,-0.16000000000000003
0.0,0.0,0.0,0.0,0.0,-0.16000000000000003
0.0,0.0,0.0,0.0,0.0,-0.16000000000000003
0.0,0.0,0.0,0.0,0.0,0.0
0.0,0.0,0.0,0.0,0.0,0.16000000000000003
0.0,0.0,0.0,0.0,0.0,0.16000000000000003
0.0,0.0,0.0,0.0,0.0,0.16000000000000003
0.0,0.0,0.0,0.0,0.0,0.16000000000000003
0.0,0.0,0.0,0.0,0.0,0.16000000000000003
0.0,0.0,0.0,0.0,0.0,0.16000000000000003
0.0,0.0,0.0,0.0,0.0,0.16000000000000003
0.0,0.0,0.0,0.0,0.0,0.16000000000000003
0.0,0.0,0.0,0.0,0.0,0.16000000000000003
0.0,0.0,0.0,0.0,0.0,0.16000000000000003
0.0,0.0,0.0,0.0,0.0,0.16000000000000003
0.0,0.0,0.0,0.0,0.0,0.16000000000000003
0.0,0.0,0.0,0.0,0.0,0.16000000000000003
0.0,0.0,0.0,0.0,0.0,0.16000000000000003
0.0,0.0,0.0,0.0,0.0,0.16000000000000003
0.0,0.0,0.0,0.0,0.0,0.16000000000000003
0.0,0.0,0.0,0.0,0.0,0.16000000000000003
0.0,0.0,0.0,0.0,0.0,0.16000000000000003
0.0,0.0,0.0,0.0,0.0,0.16000000000000003
0.0,0.0,0.0,0.0,0.0,0.16000000000000003
0.0,0.0,0.0,0.0,0.0,0.16000000000000003
0.0,0.0,0.0,0.0,0.0,0.16000000000000003
0.0,0.0,0.0,0.0,0.0,0.16000000000000003
0.0,0.0,0.0,0.0,0.0,0.16000000000000003
0.0,0.0,0.0,0.0,0.0,0.16000000000000003
0.0,0.0,0.0,0.0,0.0,0.16000000000000003
0.0,0.0,0.0,0.0,0.0,0.16000000000000003
0.0,0.0,0.0,0.0,0.0,0.16000000000000003
0.0,0.0,0.0,0.0,0.0,0.16000000000000003
0.0,0.0,0.0,0.0,0.0,0.16000000000000003
0.0,0.0,0.0,0.0,0.0,0.16000000000000003
0.0,0.0,0.0,0.0,0.0,0.16000000000000003
0.0,0.0,0.0,0.0,0.0,0.16000000000000003
0.0,0.0,0.0,0.0,0.0,0.16000000000000003
0.0,0.0,0.0,0.0,0.0,0.16000000000000003
0.0,0.0,0.0,0.0,0.0,0.16000000000000003
0.0,0.0,0.0,0.0,0.0,0.16000000000000003
0.0,0.0,0.0,0.0,0.0,0.16000000000000003
0.0,0.0,0.0,0.0,0.0,0.16000000000000003
0.0,0.0,0.0,0.0,0.0,0.16000000000000003
0.0,0.0,0.0,0.0,0.0,0.16000000000000003
0.0,0.0,0.0,0.0,0.0,0.16000000000000003
0.0,0.0,0.0,0.0,0.0,0.16000000000000003
0.0,0.0,0.0,0.0,0.0,0.16000000000000003
0.0,0.0,0.0,0.0,0.0,0.16000000000000003
0.0,0.0,0.0,0.0,0.0,0.16000000000000003
0.0,0.0,0.0,0.0,0.0,0.16000000000000003
0.0,0.0,0.0,0.0,0.0,0.16000000000000003
0.0,0.0,0.0,0.0,0.0,0.16000000000000003
0.0,0.0,0.0,0.0,0.0,0.16000000000000003
0.0,0.0,0.0,0.0,0.0,0.16000000000000003
0.0,0.0,0.0,0.0,0.0,0.16000000000000003
0.0,0.0,0.0,0.0,0.0,0.16000000000000003
0.0,0.0,0.0,0.0,0.0,0.16000000000000003
0.0,0.0,0.0,0.0,0.0,0.16000000000000003
0.0,0.0,0.0,0.0,0.0,0.16000000000000003
0.0,0.0,0.0,0.0,0.0,0.16000000000000003
0.0,0.0,0.0,0.0,0.0,0.16000000000000003
0.0,0.0,0.0,0.0,0.0,0.16000000000000003
0.0,0.0,0.0,0.0,0.0,0.16000000000000003
0.0,0.0,0.0,0.0,0.0,0.16000000000000003
0.0,0.0,0.0,0.0,0.0,0.16000000000000003
0.0,0.0,0.0,0.0,0.0,0.16000000000000003
0.0,0.0,0.0,0.0,0.0,0.16000000000000003
0.0,0.0,0.0,0.0,0.0,0.16000000000000003
0.0,0.0,0.0,0.0,0.0,0.16000000000000003
0.0,0.0,0.0,0.0,0.0,0.16000000000000003
0.0,0.0,0.0,0.0,0.0,0.16000000000000003
0.0,0.0,0.0,0.0,0.0,0.16000000000000003
0.0,0.0,0.0,0.0,0.0,0.16000000000000003
0.0,0.0,0.0,0.0,0.0,0.16000000000000003
0.0,0.0,0.0,0.0,0.0,0.16000000000000003
0.0,0.0,0.0,0.0,0.0,0.16000000000000003
0.0,0.0,0.0,0.0,0.0,0.16000000000000003
0.0,0.0,0.0,0.0,0.0,0.16000000000000003
0.0,0.0,0.0,0.0,0.0,0.16000000000000003
0.0,0.0,0.0,0.0,0.0,0.16000000000000003
0.0,0.0,0.0,0.0,0.0,0.16000000000000003
0.0,0.0,0.0,0.0,0.0,0.16000000000000003
0.0,0.0,0.0,0.0,0.0,0.16000000000000003
0.0,0.0,0.0,0.0,0.0,0.16000000000000003
0.0,0.0,0.0,0.0,0.0,0.16000000000000003
0.0,0.0,0.0,0.0,0.0,0.16000000000000003
0.0,0.0,0.0,0.0,0.0,0.16000000000000003
0.0,0.0,0.0,0.0,0.0,0.16000000000000003
0.0,0.0,0.0,0.0,0.0,0.16000000000000003
0.0,0.0,0.0,0.0,0.0,0.16000000000000003
0.0,0.0,0.0,0.0,0.0,0.16000000000000003
0.0,0.0,0.0,0.0,0.0,0.16000000000000003
0.0,0.0,0.0,0.0,0.0,0.16000000000000003
0.0,0.0,0.0,0.0,0.0,0.16000000000000003
0.0,0.0,0.0,0.0,0.0,0.16000000000000003
0.0,0.0,0.0,0.0,0.0,0.16000000000000003
0.0,0.0,0.0,0.0,0.0,0.16000000000000003
0.0,0.0,0.0,0.0,0.0,0.16000000000000003
0.0,0.0,0.0,0.0,0.0,0.16000000000000003
0.0,0.0,0.0,0.0,0.0,0.16000000000000003
0.0,0.0,0.0,0.0,0.0,0.16000000000000003
0.0,0.0,0.0,0.0,0.0,0.16000000000000003
0.0,0.0,0.0,0.0,0.0,0.16000000000000003
0.0,0.0,0.0,0.0,0.0,0.16000000000000003
0.0,0.0,0.0,0.0,0.0,0.16000000000000003
0.0,0.0,0.0,0.0,0.0,0.16000000000000003
0.0,0.0,0.0,0.0,0.0,0.16000000000000003
0.0,0.0,0.0,0.0,0.0,0.16000000000000003
0.0,0.0,0.0,0.0,0.0,0.16000000000000003
0.0,0.0,0.0,0.0,0.0,0.16000000000000003
0.0,0.0,0.0,0.0,0.0,0.16000000000000003
0.0,0.0,0.0,0.0,0.0,0.16000000000000003
0.0,0.0,0.0,0.0,0.0,0.16000000000000003
0.0,0.0,0.0,0.0,0.0,0.16000000000000003
0.0,0.0,0.0,0.0,0.0,0.16000000000000003
0.0,0.0,0.0,0.0,0.0,0.16000000000000003
0.0,0.0,0.0,0.0,0.0,0.16000000000000003
0.0,0.0,0.0,0.0,0.0,0.16000000000000003
0.1,0.0,0.0,0.0,0.0,0.46936540159414375
0.1,0.0,0.0,0.0,0.0,0.46936540159414375
0.1,0.0,0.0,0.0,0.0,0.46936540159414375
0.1,0.0,0.0,0.0,0.0,0.46936540159414375
0.1,0.0,0.0,0.0,0.0,0.4547036665747863
0.1,0.0,0.0,0.0,0.0,0.4547036665747863
0.1,0.0,0.0,0.0,0.0,0.4399015006141868
0.1,0.0,0.0,0.0,0.0,0.4399015006141868
0.1,0.0,0.0,0.0,0.0,0.4399015006141868
0.1,0.0,0.0,0.0,0.0,0.42498797353040935
0.1,0.0,0.0,0.0,0.0,0.42498797353040935
0.1,0.0,0.0,0.0,0.0,0.41899741614797564
0.1,0.0,0.0,0.0,0.0,0.4099897883234139
0.1,0.0,0.0,0.0,0.0,0.4099897883234139
0.1,0.0,0.0,0.0,0.0,0.3949320940305614
0.1,0.0,0.0,0.0,0.0,0.3949320940305614
0.1,0.0,0.0,0.0,0.0,0.3949320940305614
0.1,0.0,0.0,0.0,0.0,0.3798385644081099
0.1,0.0,0.0,0.0,0.0,0.3798385644081099
0.1,0.0,0.0,0.0,0.0,0.36473146981278903
0.1,0.0,0.0,0.0,0.0,0.36473146981278903
0.1,0.0,0.0,0.0,0.0,0.30262923667169916
0.1,0.0,0.0,0.0,0.0,0.30262923667169916
0.10082384216846346,0.0,0.0,0.0,0.0,0.288888888888889
0.10082384216846346,0.0,0.0,0.0,0.0,0.288888888888889
0.10082384216846346,0.0,0.0,0.0,0.0,0.288888888888889
0.1067774720275239,0.0,0.0,0.0,0.0,0.2888888888888889
0.1067774720275239,0.0,0.0,0.0,0.0,0.2888888888888889
0.11341527022494582,0.0,0.0,0.0,0.0,0.28888888888888886
0.11341527022494582,0.0,0.0,0.0,0.0,0.28888888888888886
0.11341527022494582,0.0,0.0,0.0,0.0,0.28888888888888886
0.12085362781916083,0.0,0.0,0.0,0.0,0.2888888888888889
0.12085362781916083,0.0,0.0,0.0,0.0,0.2888888888888889
0.12923716874215257,0.0,0.0,0.0,0.0,0.28888888888888886
0.12923716874215257,0.0,0.0,0.0,0.0,0.28888888888888886
0.12923716874215257,0.0,0.0,0.0,0.0,0.28888888888888886
0.13874782443538516,0.0,0.0,0.0,0.0,0.2888888888888889
0.20095389587661894,0.0,0.0,0.0,0.0,0.2888888888888889
0.2263194377425549,0.0,0.0,0.0,0.0,0.2888888888888889
0.2263194377425549,0.0,0.0,0.0,0.0,0.2888888888888889
0.26,0.0,0.0,0.0,0.0,0.2674827510372481
0.26,0.0,0.0,0.0,0.0,0.2674827510372481
0.26,0.0,0.0,0.0,0.0,0.2674827510372481
0.26,0.0,0.0,0.0,0.0,0.18806256486843198
0.26,0.0,0.0,0.0,0.0,0.18806256486843198
0.26,0.0,0.0,0.0,0.0,0.15627031103537004
0.26,0.0,0.0,0.0,0.0,0.10969912452983173
0.26,0.0,0.0,0.0,0.0,0.10969912452983173
0.26,0.0,0.0,0.0,0.0,0.03207248872346424
0.26,0.0,0.0,0.0,0.0,0.03207248872346424
0.26,0.0,0.0,0.0,0.0,0.03207248872346424
0.26,0.0,0.0,0.0,0.0,-0.04502718043681883
0.26,0.0,0.0,0.0,0.0,-0.04502718043681883
0.26,0.0,0.0,0.0,0.0,-0.04502718043681883
0.26,0.0,0.0,0.0,0.0,-0.12135106325245153
0.26,0.0,0.0,0.0,0.0,-0.12135106325245153
0.26,0.0,0.0,0.0,0.0,-0.19560535715675395
0.26,0.0,0.0,0.0,0.0,-0.12722983971198834
0.26,0.0,0.0,0.0,0.0,-0.2185688407277916
0.26,0.0,0.0,0.0,0.0,-0.2185688407277916
0.26,0.0,0.0,0.0,0.0,-0.2185688407277916
0.24142819400964435,0.0,0.0,0.0,0.0,-0.2888888888888889
0.24142819400964435,0.0,0.0,0.0,0.0,-0.2888888888888889
0.24142819400964435,0.0,0.0,0.0,0.0,-0.2888888888888889
0.10417798522545316,0.0,0.0,0.0,0.0,-0.2888888888888889
0.1,0.0,0.0,0.0,0.0,-0.309746814602989
0.1,0.0,0.0,0.0,0.0,-0.309746814602989
0.1,0.0,0.0,0.0,0.0,-0.309746814602989
0.1,0.0,0.0,0.0,0.0,-0.3434715933354026
0.1,0.0,0.0,0.0,0.0,-0.3434715933354026
0.1,0.0,0.0,0.0,0.0,-0.3434715933354026
0.1,0.0,0.0,0.0,0.0,-0.37742611483008087
0.1,0.0,0.0,0.0,0.0,-0.37742611483008087
0.1,0.0,0.0,0.0,0.0,-0.37742611483008087
0.1,0.0,0.0,0.0,0.0,-0.4092235901752198
0.1,0.0,0.0,0.0,0.0,-0.41552381020868784
0.1,0.0,0.0,0.0,0.0,-0.4515827505342769
0.1,0.0,0.0,0.0,0.0,-0.4515827505342769
0.1,0.0,0.0,0.0,0.0,-0.4515827505342769
0.0,0.0,0.0,0.0,0.0,-0.16000000000000003
0.0,0.0,0.0,0.0,0.0,-0.16000000000000003
0.0,0.0,0.0,0.0,0.0,-0.16000000000000003
