[INFO] [launch]: All log files can be found below /root/.ros/log/2026-07-06-09-53-32-253010-10053b3a2637-600
[INFO] [launch]: Default logging verbosity is set to INFO
[INFO] [controller_server-1]: process started with pid [668]
[INFO] [planner_server-2]: process started with pid [670]
[INFO] [behavior_server-3]: process started with pid [672]
[INFO] [bt_navigator-4]: process started with pid [674]
[INFO] [waypoint_follower-5]: process started with pid [676]
[INFO] [lifecycle_manager-6]: process started with pid [678]
[INFO] [controller_server-7]: process started with pid [680]
[INFO] [planner_server-8]: process started with pid [682]
[INFO] [behavior_server-9]: process started with pid [684]
[INFO] [bt_navigator-10]: process started with pid [686]
[INFO] [waypoint_follower-11]: process started with pid [688]
[INFO] [lifecycle_manager-12]: process started with pid [690]
[lifecycle_manager-6] [INFO] [1783331613.350388169] [leo1.lifecycle_manager_navigation]: Creating
[waypoint_follower-5] [INFO] [1783331613.358150336] [leo1.waypoint_follower]: 
[waypoint_follower-5] 	waypoint_follower lifecycle node launched. 
[waypoint_follower-5] 	Waiting on external lifecycle transitions to activate
[waypoint_follower-5] 	See https://design.ros2.org/articles/node_lifecycle.html for more information.
[lifecycle_manager-6] [INFO] [1783331613.369390802] [leo1.lifecycle_manager_navigation]: [34m[1mCreating and initializing lifecycle service clients[0m[0m
[lifecycle_manager-12] [INFO] [1783331613.373135923] [leo2.lifecycle_manager_navigation]: Creating
[planner_server-2] [INFO] [1783331613.374277125] [leo1.planner_server]: 
[planner_server-2] 	planner_server lifecycle node launched. 
[planner_server-2] 	Waiting on external lifecycle transitions to activate
[planner_server-2] 	See https://design.ros2.org/articles/node_lifecycle.html for more information.
[planner_server-8] [INFO] [1783331613.374778902] [leo2.planner_server]: 
[planner_server-8] 	planner_server lifecycle node launched. 
[planner_server-8] 	Waiting on external lifecycle transitions to activate
[planner_server-8] 	See https://design.ros2.org/articles/node_lifecycle.html for more information.
[controller_server-1] [INFO] [1783331613.382613250] [leo1.controller_server]: 
[controller_server-1] 	controller_server lifecycle node launched. 
[controller_server-1] 	Waiting on external lifecycle transitions to activate
[controller_server-1] 	See https://design.ros2.org/articles/node_lifecycle.html for more information.
[controller_server-7] [INFO] [1783331613.385384356] [leo2.controller_server]: 
[controller_server-7] 	controller_server lifecycle node launched. 
[controller_server-7] 	Waiting on external lifecycle transitions to activate
[controller_server-7] 	See https://design.ros2.org/articles/node_lifecycle.html for more information.
[waypoint_follower-11] [INFO] [1783331613.392732913] [leo2.waypoint_follower]: 
[waypoint_follower-11] 	waypoint_follower lifecycle node launched. 
[waypoint_follower-11] 	Waiting on external lifecycle transitions to activate
[waypoint_follower-11] 	See https://design.ros2.org/articles/node_lifecycle.html for more information.
[lifecycle_manager-12] [INFO] [1783331613.395976906] [leo2.lifecycle_manager_navigation]: [34m[1mCreating and initializing lifecycle service clients[0m[0m
[bt_navigator-4] [INFO] [1783331613.425897461] [leo1.bt_navigator]: 
[bt_navigator-4] 	bt_navigator lifecycle node launched. 
[bt_navigator-4] 	Waiting on external lifecycle transitions to activate
[bt_navigator-4] 	See https://design.ros2.org/articles/node_lifecycle.html for more information.
[bt_navigator-4] [INFO] [1783331613.425974808] [leo1.bt_navigator]: Creating
[bt_navigator-10] [INFO] [1783331613.432958474] [leo2.bt_navigator]: 
[bt_navigator-10] 	bt_navigator lifecycle node launched. 
[bt_navigator-10] 	Waiting on external lifecycle transitions to activate
[bt_navigator-10] 	See https://design.ros2.org/articles/node_lifecycle.html for more information.
[bt_navigator-10] [INFO] [1783331613.433037464] [leo2.bt_navigator]: Creating
[behavior_server-3] [INFO] [1783331613.446181906] [leo1.behavior_server]: 
[behavior_server-3] 	behavior_server lifecycle node launched. 
[behavior_server-3] 	Waiting on external lifecycle transitions to activate
[behavior_server-3] 	See https://design.ros2.org/articles/node_lifecycle.html for more information.
[lifecycle_manager-12] [INFO] [1783331613.463619487] [leo2.lifecycle_manager_navigation]: [34m[1mStarting managed nodes bringup...[0m[0m
[lifecycle_manager-12] [INFO] [1783331613.463671299] [leo2.lifecycle_manager_navigation]: [34m[1mConfiguring controller_server[0m[0m
[behavior_server-9] [INFO] [1783331613.463609260] [leo2.behavior_server]: 
[behavior_server-9] 	behavior_server lifecycle node launched. 
[behavior_server-9] 	Waiting on external lifecycle transitions to activate
[behavior_server-9] 	See https://design.ros2.org/articles/node_lifecycle.html for more information.
[lifecycle_manager-6] [INFO] [1783331613.484461558] [leo1.lifecycle_manager_navigation]: [34m[1mStarting managed nodes bringup...[0m[0m
[lifecycle_manager-6] [INFO] [1783331613.484514394] [leo1.lifecycle_manager_navigation]: [34m[1mConfiguring controller_server[0m[0m
[waypoint_follower-5] [INFO] [1783331613.494774306] [leo1.waypoint_follower]: Creating
[waypoint_follower-11] [INFO] [1783331613.518453961] [leo2.waypoint_follower]: Creating
[planner_server-8] [INFO] [1783331613.753238047] [leo2.planner_server]: Creating
[planner_server-2] [INFO] [1783331613.753250143] [leo1.planner_server]: Creating
[planner_server-8] [INFO] [1783331613.762167300] [leo2.global_costmap.global_costmap]: 
[planner_server-8] 	global_costmap lifecycle node launched. 
[planner_server-8] 	Waiting on external lifecycle transitions to activate
[planner_server-8] 	See https://design.ros2.org/articles/node_lifecycle.html for more information.
[planner_server-2] [INFO] [1783331613.763331895] [leo1.global_costmap.global_costmap]: 
[planner_server-2] 	global_costmap lifecycle node launched. 
[planner_server-2] 	Waiting on external lifecycle transitions to activate
[planner_server-2] 	See https://design.ros2.org/articles/node_lifecycle.html for more information.
[planner_server-2] [INFO] [1783331613.841876022] [leo1.global_costmap.global_costmap]: Creating Costmap
[planner_server-8] [INFO] [1783331613.842156783] [leo2.global_costmap.global_costmap]: Creating Costmap
[controller_server-1] [INFO] [1783331614.385330443] [leo1.controller_server]: Creating controller server
[controller_server-7] [INFO] [1783331614.385770026] [leo2.controller_server]: Creating controller server
[controller_server-1] [INFO] [1783331614.397717145] [leo1.local_costmap.local_costmap]: 
[controller_server-1] 	local_costmap lifecycle node launched. 
[controller_server-1] 	Waiting on external lifecycle transitions to activate
[controller_server-1] 	See https://design.ros2.org/articles/node_lifecycle.html for more information.
[controller_server-7] [INFO] [1783331614.398816770] [leo2.local_costmap.local_costmap]: 
[controller_server-7] 	local_costmap lifecycle node launched. 
[controller_server-7] 	Waiting on external lifecycle transitions to activate
[controller_server-7] 	See https://design.ros2.org/articles/node_lifecycle.html for more information.
[controller_server-7] [INFO] [1783331614.478466081] [leo2.local_costmap.local_costmap]: Creating Costmap
[controller_server-1] [INFO] [1783331614.478864110] [leo1.local_costmap.local_costmap]: Creating Costmap
[controller_server-7] [INFO] [1783331614.483509194] [leo2.controller_server]: Configuring controller interface
[controller_server-7] [INFO] [1783331614.483869525] [leo2.controller_server]: getting goal checker plugins..
[controller_server-7] [INFO] [1783331614.484209111] [leo2.controller_server]: Controller frequency set to 20.0000Hz
[controller_server-7] [INFO] [1783331614.484235302] [leo2.local_costmap.local_costmap]: Configuring
[controller_server-1] [INFO] [1783331614.483929947] [leo1.controller_server]: Configuring controller interface
[controller_server-1] [INFO] [1783331614.484211477] [leo1.controller_server]: getting goal checker plugins..
[controller_server-1] [INFO] [1783331614.484535545] [leo1.controller_server]: Controller frequency set to 20.0000Hz
[controller_server-1] [INFO] [1783331614.484556170] [leo1.local_costmap.local_costmap]: Configuring
[controller_server-1] [INFO] [1783331614.498300399] [leo1.local_costmap.local_costmap]: Using plugin "obstacle_layer"
[controller_server-7] [INFO] [1783331614.498300369] [leo2.local_costmap.local_costmap]: Using plugin "obstacle_layer"
[controller_server-7] [INFO] [1783331614.539716298] [leo2.local_costmap.local_costmap]: Subscribed to Topics: scan camera
[controller_server-1] [INFO] [1783331614.539717411] [leo1.local_costmap.local_costmap]: Subscribed to Topics: scan camera
[controller_server-1] [INFO] [1783331614.549578317] [leo1.local_costmap.local_costmap]: Initialized plugin "obstacle_layer"
[controller_server-1] [INFO] [1783331614.549641027] [leo1.local_costmap.local_costmap]: Using plugin "inflation_layer"
[controller_server-7] [INFO] [1783331614.550567769] [leo2.local_costmap.local_costmap]: Initialized plugin "obstacle_layer"
[controller_server-7] [INFO] [1783331614.550586362] [leo2.local_costmap.local_costmap]: Using plugin "inflation_layer"
[controller_server-1] [INFO] [1783331614.550875910] [leo1.local_costmap.local_costmap]: Initialized plugin "inflation_layer"
[controller_server-7] [INFO] [1783331614.551539935] [leo2.local_costmap.local_costmap]: Initialized plugin "inflation_layer"
[controller_server-7] [INFO] [1783331614.594611342] [leo2.controller_server]: Created progress_checker : progress_checker of type nav2_controller::PoseProgressChecker
[controller_server-1] [INFO] [1783331614.594678331] [leo1.controller_server]: Created progress_checker : progress_checker of type nav2_controller::PoseProgressChecker
[controller_server-1] [INFO] [1783331614.625178167] [leo1.controller_server]: Created goal checker : general_goal_checker of type nav2_controller::SimpleGoalChecker
[controller_server-7] [INFO] [1783331614.625495516] [leo2.controller_server]: Created goal checker : general_goal_checker of type nav2_controller::SimpleGoalChecker
[controller_server-7] [INFO] [1783331614.626120269] [leo2.controller_server]: Controller Server has general_goal_checker  goal checkers available.
[controller_server-1] [INFO] [1783331614.626154011] [leo1.controller_server]: Controller Server has general_goal_checker  goal checkers available.
[controller_server-1] [INFO] [1783331614.971374081] [leo1.controller_server]: Created controller : FollowPath of type nav2_rotation_shim_controller::RotationShimController
[controller_server-7] [INFO] [1783331614.972209150] [leo2.controller_server]: Created controller : FollowPath of type nav2_rotation_shim_controller::RotationShimController
[controller_server-1] [INFO] [1783331615.002182833] [leo1.controller_server]: Created internal controller for rotation shimming: FollowPath of type nav2_regulated_pure_pursuit_controller::RegulatedPurePursuitController
[controller_server-7] [INFO] [1783331615.002697419] [leo2.controller_server]: Created internal controller for rotation shimming: FollowPath of type nav2_regulated_pure_pursuit_controller::RegulatedPurePursuitController
[controller_server-1] [INFO] [1783331615.007948378] [leo1.controller_server]: Controller Server has FollowPath  controllers available.
[controller_server-7] [INFO] [1783331615.008454390] [leo2.controller_server]: Controller Server has FollowPath  controllers available.
[lifecycle_manager-12] [INFO] [1783331615.015214161] [leo2.lifecycle_manager_navigation]: [34m[1mConfiguring planner_server[0m[0m
[planner_server-8] [INFO] [1783331615.015476732] [leo2.planner_server]: Configuring
[planner_server-8] [INFO] [1783331615.015503051] [leo2.global_costmap.global_costmap]: Configuring
[lifecycle_manager-6] [INFO] [1783331615.015554959] [leo1.lifecycle_manager_navigation]: [34m[1mConfiguring planner_server[0m[0m
[planner_server-2] [INFO] [1783331615.015776368] [leo1.planner_server]: Configuring
[planner_server-2] [INFO] [1783331615.015802042] [leo1.global_costmap.global_costmap]: Configuring
[planner_server-8] [INFO] [1783331615.029528641] [leo2.global_costmap.global_costmap]: Using plugin "static_layer"
[planner_server-2] [INFO] [1783331615.029539764] [leo1.global_costmap.global_costmap]: Using plugin "static_layer"
[planner_server-2] [INFO] [1783331615.070629555] [leo1.global_costmap.global_costmap]: Subscribing to the map topic (/map) with transient local durability
[planner_server-8] [INFO] [1783331615.070630526] [leo2.global_costmap.global_costmap]: Subscribing to the map topic (/map) with transient local durability
[planner_server-8] [INFO] [1783331615.074196789] [leo2.global_costmap.global_costmap]: Subscribing to updates
[planner_server-2] [INFO] [1783331615.074471602] [leo1.global_costmap.global_costmap]: Subscribing to updates
[planner_server-8] [INFO] [1783331615.081111458] [leo2.global_costmap.global_costmap]: Initialized plugin "static_layer"
[planner_server-8] [INFO] [1783331615.081140939] [leo2.global_costmap.global_costmap]: Using plugin "obstacle_layer"
[planner_server-2] [INFO] [1783331615.081315299] [leo1.global_costmap.global_costmap]: Initialized plugin "static_layer"
[planner_server-2] [INFO] [1783331615.081335248] [leo1.global_costmap.global_costmap]: Using plugin "obstacle_layer"
[planner_server-2] [INFO] [1783331615.082055541] [leo1.global_costmap.global_costmap]: Subscribed to Topics: scan camera
[planner_server-8] [INFO] [1783331615.081696311] [leo2.global_costmap.global_costmap]: Subscribed to Topics: scan camera
[planner_server-8] [INFO] [1783331615.086490607] [leo2.global_costmap.global_costmap]: Initialized plugin "obstacle_layer"
[planner_server-8] [INFO] [1783331615.086527323] [leo2.global_costmap.global_costmap]: Using plugin "inflation_layer"
[planner_server-8] [INFO] [1783331615.087288059] [leo2.global_costmap.global_costmap]: Initialized plugin "inflation_layer"
[planner_server-2] [INFO] [1783331615.088882983] [leo1.global_costmap.global_costmap]: Initialized plugin "obstacle_layer"
[planner_server-2] [INFO] [1783331615.088909813] [leo1.global_costmap.global_costmap]: Using plugin "inflation_layer"
[planner_server-2] [INFO] [1783331615.089863618] [leo1.global_costmap.global_costmap]: Initialized plugin "inflation_layer"
[planner_server-8] [INFO] [1783331615.096590752] [leo2.global_costmap.global_costmap]: StaticLayer: Resizing costmap to 476 X 206 at 0.050000 m/pix
[planner_server-2] [INFO] [1783331615.100113978] [leo1.global_costmap.global_costmap]: StaticLayer: Resizing costmap to 476 X 206 at 0.050000 m/pix
[planner_server-2] [INFO] [1783331615.138538496] [leo1.planner_server]: Created global planner plugin GridBased of type nav2_navfn_planner/NavfnPlanner
[planner_server-2] [INFO] [1783331615.138580021] [leo1.planner_server]: Configuring plugin GridBased of type NavfnPlanner
[planner_server-2] [INFO] [1783331615.139550550] [leo1.planner_server]: Planner Server has GridBased  planners available.
[planner_server-8] [INFO] [1783331615.139550919] [leo2.planner_server]: Created global planner plugin GridBased of type nav2_navfn_planner/NavfnPlanner
[planner_server-8] [INFO] [1783331615.139591496] [leo2.planner_server]: Configuring plugin GridBased of type NavfnPlanner
[planner_server-8] [INFO] [1783331615.140198167] [leo2.planner_server]: Planner Server has GridBased  planners available.
[lifecycle_manager-12] [INFO] [1783331615.148130917] [leo2.lifecycle_manager_navigation]: [34m[1mConfiguring behavior_server[0m[0m
[behavior_server-9] [INFO] [1783331615.148403428] [leo2.behavior_server]: Configuring
[lifecycle_manager-6] [INFO] [1783331615.148760938] [leo1.lifecycle_manager_navigation]: [34m[1mConfiguring behavior_server[0m[0m
[behavior_server-3] [INFO] [1783331615.148915906] [leo1.behavior_server]: Configuring
[behavior_server-9] [INFO] [1783331615.164802798] [leo2.behavior_server]: Creating behavior plugin spin of type nav2_behaviors/Spin
[behavior_server-3] [INFO] [1783331615.164916256] [leo1.behavior_server]: Creating behavior plugin spin of type nav2_behaviors/Spin
[behavior_server-3] [INFO] [1783331615.189038802] [leo1.behavior_server]: Configuring spin
[behavior_server-9] [INFO] [1783331615.189432738] [leo2.behavior_server]: Configuring spin
[behavior_server-9] [INFO] [1783331615.194959507] [leo2.behavior_server]: Creating behavior plugin backup of type nav2_behaviors/BackUp
[behavior_server-3] [INFO] [1783331615.195714509] [leo1.behavior_server]: Creating behavior plugin backup of type nav2_behaviors/BackUp
[behavior_server-3] [INFO] [1783331615.225284846] [leo1.behavior_server]: Configuring backup
[behavior_server-9] [INFO] [1783331615.225808235] [leo2.behavior_server]: Configuring backup
[behavior_server-3] [INFO] [1783331615.228460256] [leo1.behavior_server]: Creating behavior plugin drive_on_heading of type nav2_behaviors/DriveOnHeading
[behavior_server-9] [INFO] [1783331615.229510315] [leo2.behavior_server]: Creating behavior plugin drive_on_heading of type nav2_behaviors/DriveOnHeading
[behavior_server-9] [INFO] [1783331615.256565869] [leo2.behavior_server]: Configuring drive_on_heading
[behavior_server-3] [INFO] [1783331615.257020538] [leo1.behavior_server]: Configuring drive_on_heading
[behavior_server-3] [INFO] [1783331615.259679121] [leo1.behavior_server]: Creating behavior plugin wait of type nav2_behaviors/Wait
[behavior_server-9] [INFO] [1783331615.259883890] [leo2.behavior_server]: Creating behavior plugin wait of type nav2_behaviors/Wait
[behavior_server-3] [INFO] [1783331615.287632226] [leo1.behavior_server]: Configuring wait
[behavior_server-9] [INFO] [1783331615.288444597] [leo2.behavior_server]: Configuring wait
[lifecycle_manager-6] [INFO] [1783331615.290548635] [leo1.lifecycle_manager_navigation]: [34m[1mConfiguring bt_navigator[0m[0m
[bt_navigator-4] [INFO] [1783331615.290734112] [leo1.bt_navigator]: Configuring
[lifecycle_manager-12] [INFO] [1783331615.291434320] [leo2.lifecycle_manager_navigation]: [34m[1mConfiguring bt_navigator[0m[0m
[bt_navigator-10] [INFO] [1783331615.291740074] [leo2.bt_navigator]: Configuring
[lifecycle_manager-12] [INFO] [1783331615.549919772] [leo2.lifecycle_manager_navigation]: [34m[1mConfiguring waypoint_follower[0m[0m
[waypoint_follower-11] [INFO] [1783331615.550195104] [leo2.waypoint_follower]: Configuring
[lifecycle_manager-6] [INFO] [1783331615.550444605] [leo1.lifecycle_manager_navigation]: [34m[1mConfiguring waypoint_follower[0m[0m
[waypoint_follower-5] [INFO] [1783331615.550590237] [leo1.waypoint_follower]: Configuring
[waypoint_follower-11] [INFO] [1783331615.605794171] [leo2.waypoint_follower]: Created waypoint_task_executor : wait_at_waypoint of type nav2_waypoint_follower::WaitAtWaypoint
[waypoint_follower-5] [INFO] [1783331615.606371742] [leo1.waypoint_follower]: Created waypoint_task_executor : wait_at_waypoint of type nav2_waypoint_follower::WaitAtWaypoint
[waypoint_follower-11] [INFO] [1783331615.606386414] [leo2.waypoint_follower]: Waypoint pause duration is set to zero, disabling task executor plugin.
[lifecycle_manager-12] [INFO] [1783331615.606734186] [leo2.lifecycle_manager_navigation]: [34m[1mActivating controller_server[0m[0m
[waypoint_follower-5] [INFO] [1783331615.606841712] [leo1.waypoint_follower]: Waypoint pause duration is set to zero, disabling task executor plugin.
[controller_server-7] [INFO] [1783331615.606917930] [leo2.controller_server]: Activating
[controller_server-7] [INFO] [1783331615.606942016] [leo2.local_costmap.local_costmap]: Activating
[controller_server-7] [INFO] [1783331615.606948588] [leo2.local_costmap.local_costmap]: Checking transform
[controller_server-7] [INFO] [1783331615.607043526] [leo2.local_costmap.local_costmap]: start
[lifecycle_manager-6] [INFO] [1783331615.607266689] [leo1.lifecycle_manager_navigation]: [34m[1mActivating controller_server[0m[0m
[controller_server-1] [INFO] [1783331615.607450267] [leo1.controller_server]: Activating
[controller_server-1] [INFO] [1783331615.607473557] [leo1.local_costmap.local_costmap]: Activating
[controller_server-1] [INFO] [1783331615.607480692] [leo1.local_costmap.local_costmap]: Checking transform
[controller_server-1] [INFO] [1783331615.607554992] [leo1.local_costmap.local_costmap]: start
[controller_server-1] [INFO] [1783331615.808486158] [leo1.controller_server]: Activating controller: FollowPath of type nav2_rotation_shim_controller::RotationShimController
[controller_server-1] [INFO] [1783331615.808549684] [leo1.controller_server]: Activating controller: FollowPath of type regulated_pure_pursuit_controller::RegulatedPurePursuitController
[controller_server-1] [INFO] [1783331615.808578222] [leo1.controller_server]: Creating bond (controller_server) to lifecycle manager.
[controller_server-7] [INFO] [1783331615.858461981] [leo2.controller_server]: Activating controller: FollowPath of type nav2_rotation_shim_controller::RotationShimController
[controller_server-7] [INFO] [1783331615.858495694] [leo2.controller_server]: Activating controller: FollowPath of type regulated_pure_pursuit_controller::RegulatedPurePursuitController
[controller_server-7] [INFO] [1783331615.858510461] [leo2.controller_server]: Creating bond (controller_server) to lifecycle manager.
[lifecycle_manager-6] [INFO] [1783331615.919463710] [leo1.lifecycle_manager_navigation]: Server controller_server connected with bond.
[lifecycle_manager-6] [INFO] [1783331615.919526977] [leo1.lifecycle_manager_navigation]: [34m[1mActivating planner_server[0m[0m
[planner_server-2] [INFO] [1783331615.919779539] [leo1.planner_server]: Activating
[planner_server-2] [INFO] [1783331615.919817110] [leo1.global_costmap.global_costmap]: Activating
[planner_server-2] [INFO] [1783331615.919831539] [leo1.global_costmap.global_costmap]: Checking transform
[planner_server-2] [INFO] [1783331615.919995706] [leo1.global_costmap.global_costmap]: start
[lifecycle_manager-12] [INFO] [1783331615.968150800] [leo2.lifecycle_manager_navigation]: Server controller_server connected with bond.
[lifecycle_manager-12] [INFO] [1783331615.968196524] [leo2.lifecycle_manager_navigation]: [34m[1mActivating planner_server[0m[0m
[planner_server-8] [INFO] [1783331615.968339202] [leo2.planner_server]: Activating
[planner_server-8] [INFO] [1783331615.968362554] [leo2.global_costmap.global_costmap]: Activating
[planner_server-8] [INFO] [1783331615.968369629] [leo2.global_costmap.global_costmap]: Checking transform
[planner_server-8] [INFO] [1783331615.968462893] [leo2.global_costmap.global_costmap]: start
[planner_server-2] [INFO] [1783331616.120785897] [leo1.planner_server]: Activating plugin GridBased of type NavfnPlanner
[planner_server-2] [INFO] [1783331616.121388408] [leo1.planner_server]: Creating bond (planner_server) to lifecycle manager.
[planner_server-8] [INFO] [1783331616.169324629] [leo2.planner_server]: Activating plugin GridBased of type NavfnPlanner
[planner_server-8] [INFO] [1783331616.169651734] [leo2.planner_server]: Creating bond (planner_server) to lifecycle manager.
[lifecycle_manager-6] [INFO] [1783331616.230360871] [leo1.lifecycle_manager_navigation]: Server planner_server connected with bond.
[lifecycle_manager-6] [INFO] [1783331616.230400591] [leo1.lifecycle_manager_navigation]: [34m[1mActivating behavior_server[0m[0m
[behavior_server-3] [INFO] [1783331616.230559767] [leo1.behavior_server]: Activating
[behavior_server-3] [INFO] [1783331616.230574356] [leo1.behavior_server]: Activating spin
[behavior_server-3] [INFO] [1783331616.230580929] [leo1.behavior_server]: Activating backup
[behavior_server-3] [INFO] [1783331616.230586230] [leo1.behavior_server]: Activating drive_on_heading
[behavior_server-3] [INFO] [1783331616.230591233] [leo1.behavior_server]: Activating wait
[behavior_server-3] [INFO] [1783331616.230598217] [leo1.behavior_server]: Creating bond (behavior_server) to lifecycle manager.
[lifecycle_manager-12] [INFO] [1783331616.277526508] [leo2.lifecycle_manager_navigation]: Server planner_server connected with bond.
[lifecycle_manager-12] [INFO] [1783331616.277575225] [leo2.lifecycle_manager_navigation]: [34m[1mActivating behavior_server[0m[0m
[behavior_server-9] [INFO] [1783331616.277851320] [leo2.behavior_server]: Activating
[behavior_server-9] [INFO] [1783331616.277871424] [leo2.behavior_server]: Activating spin
[behavior_server-9] [INFO] [1783331616.277878659] [leo2.behavior_server]: Activating backup
[behavior_server-9] [INFO] [1783331616.277884135] [leo2.behavior_server]: Activating drive_on_heading
[behavior_server-9] [INFO] [1783331616.277889213] [leo2.behavior_server]: Activating wait
[behavior_server-9] [INFO] [1783331616.277896381] [leo2.behavior_server]: Creating bond (behavior_server) to lifecycle manager.
[lifecycle_manager-6] [INFO] [1783331616.337266711] [leo1.lifecycle_manager_navigation]: Server behavior_server connected with bond.
[lifecycle_manager-6] [INFO] [1783331616.337302532] [leo1.lifecycle_manager_navigation]: [34m[1mActivating bt_navigator[0m[0m
[bt_navigator-4] [INFO] [1783331616.337493275] [leo1.bt_navigator]: Activating
[bt_navigator-4] [INFO] [1783331616.364676699] [leo1.bt_navigator]: Creating bond (bt_navigator) to lifecycle manager.
[lifecycle_manager-12] [INFO] [1783331616.384382988] [leo2.lifecycle_manager_navigation]: Server behavior_server connected with bond.
[lifecycle_manager-12] [INFO] [1783331616.384420606] [leo2.lifecycle_manager_navigation]: [34m[1mActivating bt_navigator[0m[0m
[bt_navigator-10] [INFO] [1783331616.384614895] [leo2.bt_navigator]: Activating
[bt_navigator-10] [INFO] [1783331616.410789085] [leo2.bt_navigator]: Creating bond (bt_navigator) to lifecycle manager.
[lifecycle_manager-6] [INFO] [1783331616.471362863] [leo1.lifecycle_manager_navigation]: Server bt_navigator connected with bond.
[lifecycle_manager-6] [INFO] [1783331616.471404442] [leo1.lifecycle_manager_navigation]: [34m[1mActivating waypoint_follower[0m[0m
[waypoint_follower-5] [INFO] [1783331616.471656638] [leo1.waypoint_follower]: Activating
[waypoint_follower-5] [INFO] [1783331616.471682840] [leo1.waypoint_follower]: Creating bond (waypoint_follower) to lifecycle manager.
[lifecycle_manager-12] [INFO] [1783331616.521373460] [leo2.lifecycle_manager_navigation]: Server bt_navigator connected with bond.
[lifecycle_manager-12] [INFO] [1783331616.521446229] [leo2.lifecycle_manager_navigation]: [34m[1mActivating waypoint_follower[0m[0m
[waypoint_follower-11] [INFO] [1783331616.521767486] [leo2.waypoint_follower]: Activating
[waypoint_follower-11] [INFO] [1783331616.521791345] [leo2.waypoint_follower]: Creating bond (waypoint_follower) to lifecycle manager.
[lifecycle_manager-6] [INFO] [1783331616.578345130] [leo1.lifecycle_manager_navigation]: Server waypoint_follower connected with bond.
[lifecycle_manager-6] [INFO] [1783331616.578385663] [leo1.lifecycle_manager_navigation]: [34m[1mManaged nodes are active[0m[0m
[lifecycle_manager-6] [INFO] [1783331616.578391803] [leo1.lifecycle_manager_navigation]: [34m[1mCreating bond timer...[0m[0m
[lifecycle_manager-12] [INFO] [1783331616.629042946] [leo2.lifecycle_manager_navigation]: Server waypoint_follower connected with bond.
[lifecycle_manager-12] [INFO] [1783331616.629079129] [leo2.lifecycle_manager_navigation]: [34m[1mManaged nodes are active[0m[0m
[lifecycle_manager-12] [INFO] [1783331616.629084673] [leo2.lifecycle_manager_navigation]: [34m[1mCreating bond timer...[0m[0m
[planner_server-8] [INFO] [1783331654.767904673] [leo2.global_costmap.global_costmap]: StaticLayer: Resizing costmap to 477 X 194 at 0.050000 m/pix
[planner_server-2] [INFO] [1783331654.919537636] [leo1.global_costmap.global_costmap]: StaticLayer: Resizing costmap to 477 X 194 at 0.050000 m/pix
[controller_server-7] [INFO] [1783331663.501148556] [leo2.local_costmap.local_costmap]: Received request to clear entirely the local_costmap
[planner_server-8] [INFO] [1783331663.501290956] [leo2.global_costmap.global_costmap]: Received request to clear entirely the global_costmap
[planner_server-2] [INFO] [1783331663.502271789] [leo1.global_costmap.global_costmap]: Received request to clear entirely the global_costmap
[controller_server-1] [INFO] [1783331663.502414310] [leo1.local_costmap.local_costmap]: Received request to clear entirely the local_costmap
[planner_server-2] [WARN] [1783331664.780611093] [leo1.planner_server]: No planners specified in action call. Server will use only plugin GridBased  in server. This warning will appear once.
[planner_server-8] [WARN] [1783331664.780876124] [leo2.planner_server]: No planners specified in action call. Server will use only plugin GridBased  in server. This warning will appear once.
[bt_navigator-10] [INFO] [1783331664.812851503] [leo2.bt_navigator]: Begin navigating from current location (4.17, -0.00) to (0.17, -0.47)
[bt_navigator-4] [INFO] [1783331664.814268093] [leo1.bt_navigator]: Begin navigating from current location (0.82, -0.00) to (0.17, -0.47)
[controller_server-7] [INFO] [1783331664.834131483] [leo2.controller_server]: Received a goal, begin computing control effort.
[controller_server-7] [WARN] [1783331664.834198242] [leo2.controller_server]: No goal checker was specified in parameter 'current_goal_checker'. Server will use only plugin loaded general_goal_checker . This warning will appear once.
[controller_server-1] [INFO] [1783331664.835068510] [leo1.controller_server]: Received a goal, begin computing control effort.
[controller_server-1] [WARN] [1783331664.835109834] [leo1.controller_server]: No goal checker was specified in parameter 'current_goal_checker'. Server will use only plugin loaded general_goal_checker . This warning will appear once.
[controller_server-1] [WARN] [1783331665.017328727] [leo1.controller_server]: Control loop missed its desired rate of 20.0000Hz
[controller_server-7] [ERROR] [1783331665.046392643] [transformPoseInTargetFrame]: Extrapolation Error looking up target frame: Lookup would require extrapolation into the future.  Requested time 44.100000 but the latest data is at time 44.093000, when looking up transform from frame [map] to frame [leo2/base_link]
[controller_server-7] 
[controller_server-7] [WARN] [1783331665.047333421] [leo2.controller_server]: Control loop missed its desired rate of 20.0000Hz
[controller_server-1] [WARN] [1783331665.312589042] [leo1.controller_server]: Control loop missed its desired rate of 20.0000Hz
[controller_server-1] [WARN] [1783331665.641744259] [leo1.controller_server]: Control loop missed its desired rate of 20.0000Hz
[controller_server-7] [INFO] [1783331665.867616067] [leo2.controller_server]: Passing new path to controller.
[controller_server-1] [WARN] [1783331665.937596417] [leo1.controller_server]: Control loop missed its desired rate of 20.0000Hz
[controller_server-1] [INFO] [1783331665.937693371] [leo1.controller_server]: Passing new path to controller.
[controller_server-7] [WARN] [1783331665.979266834] [leo2.controller_server]: Control loop missed its desired rate of 20.0000Hz
[controller_server-1] [WARN] [1783331666.244255498] [leo1.controller_server]: Control loop missed its desired rate of 20.0000Hz
[controller_server-7] [WARN] [1783331666.279771243] [leo2.controller_server]: Control loop missed its desired rate of 20.0000Hz
[controller_server-1] [WARN] [1783331666.559510740] [leo1.controller_server]: Control loop missed its desired rate of 20.0000Hz
[controller_server-7] [ERROR] [1783331666.588141282] [transformPoseInTargetFrame]: Extrapolation Error looking up target frame: Lookup would require extrapolation into the future.  Requested time 45.100000 but the latest data is at time 45.093000, when looking up transform from frame [map] to frame [leo2/base_link]
[controller_server-7] 
[controller_server-7] [WARN] [1783331666.589284464] [leo2.controller_server]: Control loop missed its desired rate of 20.0000Hz
[controller_server-1] [WARN] [1783331666.874473734] [leo1.controller_server]: Control loop missed its desired rate of 20.0000Hz
[controller_server-7] [INFO] [1783331666.896036626] [leo2.controller_server]: Passing new path to controller.
[controller_server-1] [INFO] [1783331666.956959806] [leo1.controller_server]: Passing new path to controller.
[controller_server-1] [WARN] [1783331667.189892857] [leo1.controller_server]: Control loop missed its desired rate of 20.0000Hz
[controller_server-7] [WARN] [1783331667.229811438] [leo2.controller_server]: Control loop missed its desired rate of 20.0000Hz
[controller_server-1] [WARN] [1783331667.503191240] [leo1.controller_server]: Control loop missed its desired rate of 20.0000Hz
[controller_server-7] [ERROR] [1783331667.535670813] [transformPoseInTargetFrame]: Extrapolation Error looking up target frame: Lookup would require extrapolation into the future.  Requested time 45.700000 but the latest data is at time 45.693000, when looking up transform from frame [map] to frame [leo2/base_link]
[controller_server-7] 
[controller_server-7] [WARN] [1783331667.536785343] [leo2.controller_server]: Control loop missed its desired rate of 20.0000Hz
[controller_server-1] [WARN] [1783331667.818054183] [leo1.controller_server]: Control loop missed its desired rate of 20.0000Hz
[controller_server-1] [INFO] [1783331667.940586705] [leo1.controller_server]: Passing new path to controller.
[controller_server-7] [INFO] [1783331667.945367369] [leo2.controller_server]: Passing new path to controller.
[controller_server-1] [WARN] [1783331668.133416006] [leo1.controller_server]: Control loop missed its desired rate of 20.0000Hz
[controller_server-7] [WARN] [1783331668.178338410] [leo2.controller_server]: Control loop missed its desired rate of 20.0000Hz
[controller_server-1] [WARN] [1783331668.438426682] [leo1.controller_server]: Control loop missed its desired rate of 20.0000Hz
[controller_server-7] [WARN] [1783331668.491606943] [leo2.controller_server]: Control loop missed its desired rate of 20.0000Hz
[controller_server-1] [WARN] [1783331668.743418559] [leo1.controller_server]: Control loop missed its desired rate of 20.0000Hz
[controller_server-7] [WARN] [1783331668.797090865] [leo2.controller_server]: Control loop missed its desired rate of 20.0000Hz
[controller_server-1] [WARN] [1783331669.068451857] [leo1.controller_server]: Control loop missed its desired rate of 20.0000Hz
[controller_server-1] [INFO] [1783331669.068502968] [leo1.controller_server]: Passing new path to controller.
[controller_server-7] [WARN] [1783331669.120814534] [leo2.controller_server]: Control loop missed its desired rate of 20.0000Hz
[controller_server-7] [INFO] [1783331669.120899182] [leo2.controller_server]: Passing new path to controller.
[controller_server-1] [WARN] [1783331669.383839596] [leo1.controller_server]: Control loop missed its desired rate of 20.0000Hz
[controller_server-7] [WARN] [1783331669.446596590] [leo2.controller_server]: Control loop missed its desired rate of 20.0000Hz
[controller_server-1] [WARN] [1783331669.706137379] [leo1.controller_server]: Control loop missed its desired rate of 20.0000Hz
[controller_server-7] [ERROR] [1783331669.749604974] [transformPoseInTargetFrame]: Extrapolation Error looking up target frame: Lookup would require extrapolation into the future.  Requested time 47.100000 but the latest data is at time 47.073000, when looking up transform from frame [map] to frame [leo2/base_link]
[controller_server-7] 
[controller_server-7] [WARN] [1783331669.750306684] [leo2.controller_server]: Control loop missed its desired rate of 20.0000Hz
[controller_server-7] [INFO] [1783331670.007519763] [leo2.controller_server]: Passing new path to controller.
[controller_server-1] [WARN] [1783331670.029941375] [leo1.controller_server]: Control loop missed its desired rate of 20.0000Hz
[controller_server-1] [INFO] [1783331670.030004194] [leo1.controller_server]: Passing new path to controller.
[controller_server-1] [WARN] [1783331670.324757543] [leo1.controller_server]: Control loop missed its desired rate of 20.0000Hz
[controller_server-7] [ERROR] [1783331670.372505918] [transformPoseInTargetFrame]: Extrapolation Error looking up target frame: Lookup would require extrapolation into the future.  Requested time 47.500000 but the latest data is at time 47.493000, when looking up transform from frame [map] to frame [leo2/base_link]
[controller_server-7] 
[controller_server-7] [WARN] [1783331670.373800747] [leo2.controller_server]: Control loop missed its desired rate of 20.0000Hz
[controller_server-1] [WARN] [1783331670.632509191] [leo1.controller_server]: Control loop missed its desired rate of 20.0000Hz
[controller_server-1] [WARN] [1783331670.936878444] [leo1.controller_server]: Control loop missed its desired rate of 20.0000Hz
[controller_server-7] [INFO] [1783331671.037554635] [leo2.controller_server]: Passing new path to controller.
[controller_server-1] [INFO] [1783331671.069551872] [leo1.controller_server]: Passing new path to controller.
[controller_server-1] [WARN] [1783331671.252335544] [leo1.controller_server]: Control loop missed its desired rate of 20.0000Hz
[controller_server-7] [ERROR] [1783331671.300913962] [transformPoseInTargetFrame]: Extrapolation Error looking up target frame: Lookup would require extrapolation into the future.  Requested time 48.097000 but the latest data is at time 48.093000, when looking up transform from frame [map] to frame [leo2/base_link]
[controller_server-7] 
[controller_server-7] [WARN] [1783331671.301873553] [leo2.controller_server]: Control loop missed its desired rate of 20.0000Hz
[controller_server-1] [ERROR] [1783331671.600368998] [transformPoseInTargetFrame]: Extrapolation Error looking up target frame: Lookup would require extrapolation into the future.  Requested time 48.249000 but the latest data is at time 48.232000, when looking up transform from frame [map] to frame [leo1/base_link]
[controller_server-1] 
[controller_server-1] [WARN] [1783331671.600993907] [leo1.controller_server]: Control loop missed its desired rate of 20.0000Hz
[controller_server-1] [INFO] [1783331672.054786281] [leo1.controller_server]: Passing new path to controller.
[controller_server-7] [INFO] [1783331672.071962983] [leo2.controller_server]: Passing new path to controller.
[controller_server-1] [WARN] [1783331672.237755224] [leo1.controller_server]: Control loop missed its desired rate of 20.0000Hz
[controller_server-7] [ERROR] [1783331672.284539192] [transformPoseInTargetFrame]: Extrapolation Error looking up target frame: Lookup would require extrapolation into the future.  Requested time 48.700000 but the latest data is at time 48.693000, when looking up transform from frame [map] to frame [leo2/base_link]
[controller_server-7] 
[controller_server-7] [WARN] [1783331672.285297901] [leo2.controller_server]: Control loop missed its desired rate of 20.0000Hz
[controller_server-1] [INFO] [1783331673.097523589] [leo1.controller_server]: Passing new path to controller.
[controller_server-7] [INFO] [1783331673.103231952] [leo2.controller_server]: Passing new path to controller.
[controller_server-7] [ERROR] [1783331673.214758891] [transformPoseInTargetFrame]: Extrapolation Error looking up target frame: Lookup would require extrapolation into the future.  Requested time 49.305000 but the latest data is at time 49.293000, when looking up transform from frame [map] to frame [leo2/base_link]
[controller_server-7] 
[controller_server-7] [WARN] [1783331673.215524056] [leo2.controller_server]: Control loop missed its desired rate of 20.0000Hz
[controller_server-1] [INFO] [1783331674.087867557] [leo1.controller_server]: Passing new path to controller.
[controller_server-7] [INFO] [1783331674.135397016] [leo2.controller_server]: Passing new path to controller.
[controller_server-7] [INFO] [1783331675.134712111] [leo2.controller_server]: Passing new path to controller.
[controller_server-1] [INFO] [1783331675.137188385] [leo1.controller_server]: Passing new path to controller.
[controller_server-7] [INFO] [1783331676.184717276] [leo2.controller_server]: Passing new path to controller.
[controller_server-1] [INFO] [1783331676.187165451] [leo1.controller_server]: Passing new path to controller.
[controller_server-7] [INFO] [1783331677.184713625] [leo2.controller_server]: Passing new path to controller.
[controller_server-1] [INFO] [1783331677.187183132] [leo1.controller_server]: Passing new path to controller.
[controller_server-1] [INFO] [1783331678.087323791] [leo1.controller_server]: Reached the goal!
[bt_navigator-4] [INFO] [1783331678.124605948] [leo1.bt_navigator]: Goal succeeded
[controller_server-7] [INFO] [1783331678.234730426] [leo2.controller_server]: Passing new path to controller.
[controller_server-7] [INFO] [1783331679.234727910] [leo2.controller_server]: Passing new path to controller.
[controller_server-7] [ERROR] [1783331679.437445060] [transformPoseInTargetFrame]: Extrapolation Error looking up target frame: Lookup would require extrapolation into the future.  Requested time 53.099000 but the latest data is at time 53.093000, when looking up transform from frame [map] to frame [leo2/base_link]
[controller_server-7] 
[controller_server-7] [WARN] [1783331679.438065897] [leo2.controller_server]: Control loop missed its desired rate of 20.0000Hz
[controller_server-7] [INFO] [1783331680.304234631] [leo2.controller_server]: Passing new path to controller.
[controller_server-7] [WARN] [1783331680.406803613] [leo2.controller_server]: Control loop missed its desired rate of 20.0000Hz
[controller_server-7] [INFO] [1783331681.338170535] [leo2.controller_server]: Passing new path to controller.
[controller_server-7] [WARN] [1783331681.399833937] [leo2.controller_server]: Control loop missed its desired rate of 20.0000Hz
[controller_server-7] [INFO] [1783331682.338177922] [leo2.controller_server]: Passing new path to controller.
[controller_server-7] [INFO] [1783331683.388158984] [leo2.controller_server]: Passing new path to controller.
[controller_server-7] [ERROR] [1783331683.602436612] [transformPoseInTargetFrame]: Extrapolation Error looking up target frame: Lookup would require extrapolation into the future.  Requested time 55.696000 but the latest data is at time 55.693000, when looking up transform from frame [map] to frame [leo2/base_link]
[controller_server-7] 
[controller_server-7] [WARN] [1783331683.602989176] [leo2.controller_server]: Control loop missed its desired rate of 20.0000Hz
[bt_navigator-4] [INFO] [1783331684.029317985] [leo1.bt_navigator]: Begin navigating from current location (0.37, -0.34) to (-1.73, 0.00)
[bt_navigator-10] [INFO] [1783331684.032542760] [leo2.bt_navigator]: Received goal preemption request
[bt_navigator-10] [INFO] [1783331684.033533564] [leo2.bt_navigator]: Begin navigating from current location (2.69, -0.09) to (-1.73, 0.00)
[controller_server-1] [INFO] [1783331684.049996742] [leo1.controller_server]: Received a goal, begin computing control effort.
[controller_server-1] [WARN] [1783331684.181966811] [leo1.controller_server]: Control loop missed its desired rate of 20.0000Hz
[controller_server-7] [INFO] [1783331684.416479187] [leo2.controller_server]: Passing new path to controller.
[controller_server-1] [WARN] [1783331684.505294009] [leo1.controller_server]: Control loop missed its desired rate of 20.0000Hz
[controller_server-7] [ERROR] [1783331684.568575854] [transformPoseInTargetFrame]: Extrapolation Error looking up target frame: Lookup would require extrapolation into the future.  Requested time 56.300000 but the latest data is at time 56.293000, when looking up transform from frame [map] to frame [leo2/base_link]
[controller_server-7] 
[controller_server-7] [WARN] [1783331684.569556235] [leo2.controller_server]: Control loop missed its desired rate of 20.0000Hz
[planner_server-8] [INFO] [1783331684.767261783] [leo2.global_costmap.global_costmap]: StaticLayer: Resizing costmap to 477 X 199 at 0.050000 m/pix
[controller_server-1] [WARN] [1783331684.820215299] [leo1.controller_server]: Control loop missed its desired rate of 20.0000Hz
[planner_server-2] [INFO] [1783331684.918793463] [leo1.global_costmap.global_costmap]: StaticLayer: Resizing costmap to 477 X 199 at 0.050000 m/pix
[controller_server-1] [WARN] [1783331685.135608644] [leo1.controller_server]: Control loop missed its desired rate of 20.0000Hz
[controller_server-1] [INFO] [1783331685.135690253] [leo1.controller_server]: Passing new path to controller.
[controller_server-7] [INFO] [1783331685.436512002] [leo2.controller_server]: Passing new path to controller.
[controller_server-7] [WARN] [1783331685.548900935] [leo2.controller_server]: Control loop missed its desired rate of 20.0000Hz
[controller_server-1] [INFO] [1783331686.112558643] [leo1.controller_server]: Passing new path to controller.
[controller_server-7] [INFO] [1783331686.469686549] [leo2.controller_server]: Passing new path to controller.
[controller_server-1] [INFO] [1783331687.185690254] [leo1.controller_server]: Passing new path to controller.
[controller_server-1] [WARN] [1783331687.299852109] [leo1.controller_server]: Control loop missed its desired rate of 20.0000Hz
[controller_server-7] [INFO] [1783331687.519701565] [leo2.controller_server]: Passing new path to controller.
[controller_server-7] [WARN] [1783331687.632200225] [leo2.controller_server]: Control loop missed its desired rate of 20.0000Hz
[controller_server-1] [INFO] [1783331688.212280875] [leo1.controller_server]: Passing new path to controller.
[controller_server-7] [INFO] [1783331688.553497125] [leo2.controller_server]: Passing new path to controller.
[controller_server-1] [INFO] [1783331689.199977080] [leo1.controller_server]: Passing new path to controller.
[controller_server-1] [WARN] [1783331689.332285892] [leo1.controller_server]: Control loop missed its desired rate of 20.0000Hz
[controller_server-7] [INFO] [1783331689.582309649] [leo2.controller_server]: Passing new path to controller.
[controller_server-7] [WARN] [1783331689.684765640] [leo2.controller_server]: Control loop missed its desired rate of 20.0000Hz
[controller_server-1] [INFO] [1783331690.245417032] [leo1.controller_server]: Passing new path to controller.
[controller_server-7] [INFO] [1783331690.602791940] [leo2.controller_server]: Passing new path to controller.
[controller_server-1] [INFO] [1783331691.266247562] [leo1.controller_server]: Passing new path to controller.
[controller_server-1] [WARN] [1783331691.439495218] [leo1.controller_server]: Control loop missed its desired rate of 20.0000Hz
[controller_server-7] [INFO] [1783331691.634847926] [leo2.controller_server]: Passing new path to controller.
[controller_server-7] [ERROR] [1783331691.766598097] [transformPoseInTargetFrame]: Extrapolation Error looking up target frame: Lookup would require extrapolation into the future.  Requested time 61.100000 but the latest data is at time 61.073000, when looking up transform from frame [map] to frame [leo2/base_link]
[controller_server-7] 
[controller_server-7] [WARN] [1783331691.767153407] [leo2.controller_server]: Control loop missed its desired rate of 20.0000Hz
[controller_server-1] [INFO] [1783331692.301055270] [leo1.controller_server]: Passing new path to controller.
[controller_server-7] [INFO] [1783331692.630331580] [leo2.controller_server]: Passing new path to controller.
[controller_server-1] [INFO] [1783331693.339592904] [leo1.controller_server]: Passing new path to controller.
[controller_server-1] [WARN] [1783331693.512344379] [leo1.controller_server]: Control loop missed its desired rate of 20.0000Hz
[controller_server-7] [INFO] [1783331693.667256222] [leo2.controller_server]: Passing new path to controller.
[controller_server-7] [ERROR] [1783331693.839836558] [transformPoseInTargetFrame]: Extrapolation Error looking up target frame: Lookup would require extrapolation into the future.  Requested time 62.478000 but the latest data is at time 62.473000, when looking up transform from frame [map] to frame [leo2/base_link]
[controller_server-7] 
[controller_server-7] [WARN] [1783331693.840573062] [leo2.controller_server]: Control loop missed its desired rate of 20.0000Hz
[controller_server-1] [INFO] [1783331694.373471483] [leo1.controller_server]: Passing new path to controller.
[controller_server-7] [INFO] [1783331694.705102472] [leo2.controller_server]: Passing new path to controller.
[planner_server-8] [INFO] [1783331694.767250394] [leo2.global_costmap.global_costmap]: StaticLayer: Resizing costmap to 477 X 232 at 0.050000 m/pix
[planner_server-2] [INFO] [1783331694.918785535] [leo1.global_costmap.global_costmap]: StaticLayer: Resizing costmap to 477 X 232 at 0.050000 m/pix
[controller_server-1] [INFO] [1783331695.412441870] [leo1.controller_server]: Passing new path to controller.
[controller_server-1] [WARN] [1783331695.564948557] [leo1.controller_server]: Control loop missed its desired rate of 20.0000Hz
[controller_server-7] [INFO] [1783331695.740660897] [leo2.controller_server]: Passing new path to controller.
[controller_server-7] [ERROR] [1783331695.882593449] [transformPoseInTargetFrame]: Extrapolation Error looking up target frame: Lookup would require extrapolation into the future.  Requested time 63.900000 but the latest data is at time 63.873000, when looking up transform from frame [map] to frame [leo2/base_link]
[controller_server-7] 
[controller_server-7] [WARN] [1783331695.883066704] [leo2.controller_server]: Control loop missed its desired rate of 20.0000Hz
[controller_server-1] [INFO] [1783331696.421371071] [leo1.controller_server]: Passing new path to controller.
[controller_server-7] [INFO] [1783331696.747209737] [leo2.controller_server]: Passing new path to controller.
[controller_server-1] [INFO] [1783331697.477802772] [leo1.controller_server]: Passing new path to controller.
[controller_server-1] [INFO] [1783331697.528517109] [leo1.controller_server]: Reached the goal!
[bt_navigator-4] [INFO] [1783331697.560293292] [leo1.bt_navigator]: Goal succeeded
[controller_server-7] [INFO] [1783331697.783156740] [leo2.controller_server]: Passing new path to controller.
[controller_server-7] [INFO] [1783331698.833155426] [leo2.controller_server]: Passing new path to controller.
[controller_server-7] [INFO] [1783331699.833153332] [leo2.controller_server]: Passing new path to controller.
[controller_server-7] [INFO] [1783331700.883139137] [leo2.controller_server]: Passing new path to controller.
[controller_server-7] [INFO] [1783331701.933150883] [leo2.controller_server]: Passing new path to controller.
[bt_navigator-4] [INFO] [1783331702.762404991] [leo1.bt_navigator]: Begin navigating from current location (-1.92, -0.03) to (-4.80, 0.00)
[bt_navigator-10] [INFO] [1783331702.762480352] [leo2.bt_navigator]: Received goal preemption request
[bt_navigator-10] [INFO] [1783331702.763406246] [leo2.bt_navigator]: Begin navigating from current location (-0.00, -0.06) to (7.65, -0.10)
[controller_server-1] [INFO] [1783331702.783279072] [leo1.controller_server]: Received a goal, begin computing control effort.
[controller_server-7] [INFO] [1783331702.933169084] [leo2.controller_server]: Passing new path to controller.
[controller_server-7] [ERROR] [1783331703.135027578] [transformPoseInTargetFrame]: Extrapolation Error looking up target frame: Lookup would require extrapolation into the future.  Requested time 68.289000 but the latest data is at time 68.273000, when looking up transform from frame [map] to frame [leo2/base_link]
[controller_server-7] 
[controller_server-7] [WARN] [1783331703.135850890] [leo2.controller_server]: Control loop missed its desired rate of 20.0000Hz
[controller_server-1] [INFO] [1783331703.833526893] [leo1.controller_server]: Passing new path to controller.
[controller_server-7] [INFO] [1783331703.956288893] [leo2.controller_server]: Passing new path to controller.
[controller_server-1] [WARN] [1783331703.986184861] [leo1.controller_server]: Control loop missed its desired rate of 20.0000Hz
[controller_server-7] [WARN] [1783331704.047630994] [leo2.controller_server]: Control loop missed its desired rate of 20.0000Hz
[controller_server-7] [ERROR] [1783331704.318042571] [transformPoseInTargetFrame]: Extrapolation Error looking up target frame: Lookup would require extrapolation into the future.  Requested time 69.096000 but the latest data is at time 69.093000, when looking up transform from frame [map] to frame [leo2/base_link]
[controller_server-7] 
[controller_server-7] [WARN] [1783331704.318864371] [leo2.controller_server]: Control loop missed its desired rate of 20.0000Hz
[controller_server-1] [INFO] [1783331704.845685352] [leo1.controller_server]: Passing new path to controller.
[controller_server-7] [INFO] [1783331704.985621269] [leo2.controller_server]: Passing new path to controller.
[controller_server-7] [ERROR] [1783331705.228460379] [transformPoseInTargetFrame]: Extrapolation Error looking up target frame: Lookup would require extrapolation into the future.  Requested time 69.694000 but the latest data is at time 69.673000, when looking up transform from frame [map] to frame [leo2/base_link]
[controller_server-7] 
[controller_server-7] [WARN] [1783331705.230824571] [leo2.controller_server]: Control loop missed its desired rate of 20.0000Hz
[controller_server-1] [INFO] [1783331705.885570484] [leo1.controller_server]: Passing new path to controller.
[controller_server-7] [INFO] [1783331706.048779665] [leo2.controller_server]: Passing new path to controller.
[controller_server-1] [ERROR] [1783331706.078472551] [transformPoseInTargetFrame]: Extrapolation Error looking up target frame: Lookup would require extrapolation into the future.  Requested time 70.244000 but the latest data is at time 70.232000, when looking up transform from frame [map] to frame [leo1/base_link]
[controller_server-1] 
[controller_server-1] [WARN] [1783331706.079211475] [leo1.controller_server]: Control loop missed its desired rate of 20.0000Hz
[controller_server-7] [WARN] [1783331706.150414498] [leo2.controller_server]: Control loop missed its desired rate of 20.0000Hz
[controller_server-7] [ERROR] [1783331706.433495676] [transformPoseInTargetFrame]: Extrapolation Error looking up target frame: Lookup would require extrapolation into the future.  Requested time 70.500000 but the latest data is at time 70.493000, when looking up transform from frame [map] to frame [leo2/base_link]
[controller_server-7] 
[controller_server-7] [WARN] [1783331706.435037754] [leo2.controller_server]: Control loop missed its desired rate of 20.0000Hz
[controller_server-1] [INFO] [1783331706.893043870] [leo1.controller_server]: Passing new path to controller.
[controller_server-1] [WARN] [1783331707.005281912] [leo1.controller_server]: Control loop missed its desired rate of 20.0000Hz
[controller_server-7] [INFO] [1783331707.054825050] [leo2.controller_server]: Passing new path to controller.
[controller_server-7] [ERROR] [1783331707.337033385] [transformPoseInTargetFrame]: Extrapolation Error looking up target frame: Lookup would require extrapolation into the future.  Requested time 71.100000 but the latest data is at time 71.093000, when looking up transform from frame [map] to frame [leo2/base_link]
[controller_server-7] 
[controller_server-7] [WARN] [1783331707.337828559] [leo2.controller_server]: Control loop missed its desired rate of 20.0000Hz
[controller_server-1] [INFO] [1783331707.929300156] [leo1.controller_server]: Passing new path to controller.
[controller_server-7] [INFO] [1783331708.105547447] [leo2.controller_server]: Passing new path to controller.
[controller_server-7] [ERROR] [1783331708.217277062] [transformPoseInTargetFrame]: Extrapolation Error looking up target frame: Lookup would require extrapolation into the future.  Requested time 71.703000 but the latest data is at time 71.673000, when looking up transform from frame [map] to frame [leo2/base_link]
[controller_server-7] 
[controller_server-7] [WARN] [1783331708.219596668] [leo2.controller_server]: Control loop missed its desired rate of 20.0000Hz
[controller_server-1] [INFO] [1783331708.979313369] [leo1.controller_server]: Passing new path to controller.
[controller_server-1] [WARN] [1783331709.061099395] [leo1.controller_server]: Control loop missed its desired rate of 20.0000Hz
[controller_server-7] [INFO] [1783331709.137927863] [leo2.controller_server]: Passing new path to controller.
[controller_server-7] [WARN] [1783331709.400471975] [leo2.controller_server]: Control loop missed its desired rate of 20.0000Hz
[controller_server-7] [ERROR] [1783331709.682321785] [transformPoseInTargetFrame]: Extrapolation Error looking up target frame: Lookup would require extrapolation into the future.  Requested time 72.700000 but the latest data is at time 72.673000, when looking up transform from frame [map] to frame [leo2/base_link]
[controller_server-7] 
[controller_server-7] [WARN] [1783331709.683900827] [leo2.controller_server]: Control loop missed its desired rate of 20.0000Hz
[controller_server-1] [INFO] [1783331710.029304488] [leo1.controller_server]: Passing new path to controller.
[controller_server-7] [INFO] [1783331710.145854056] [leo2.controller_server]: Passing new path to controller.
[controller_server-1] [ERROR] [1783331710.212521264] [transformPoseInTargetFrame]: Extrapolation Error looking up target frame: Lookup would require extrapolation into the future.  Requested time 73.039000 but the latest data is at time 73.032000, when looking up transform from frame [map] to frame [leo1/base_link]
[controller_server-1] 
[controller_server-1] [WARN] [1783331710.214941807] [leo1.controller_server]: Control loop missed its desired rate of 20.0000Hz
[controller_server-7] [ERROR] [1783331710.277983614] [transformPoseInTargetFrame]: Extrapolation Error looking up target frame: Lookup would require extrapolation into the future.  Requested time 73.100000 but the latest data is at time 73.073000, when looking up transform from frame [map] to frame [leo2/base_link]
[controller_server-7] 
[controller_server-7] [WARN] [1783331710.278930428] [leo2.controller_server]: Control loop missed its desired rate of 20.0000Hz
[controller_server-1] [INFO] [1783331711.023708573] [leo1.controller_server]: Passing new path to controller.
[controller_server-1] [WARN] [1783331711.136154830] [leo1.controller_server]: Control loop missed its desired rate of 20.0000Hz
[controller_server-7] [INFO] [1783331711.184007977] [leo2.controller_server]: Passing new path to controller.
[controller_server-7] [ERROR] [1783331711.516644272] [transformPoseInTargetFrame]: Extrapolation Error looking up target frame: Lookup would require extrapolation into the future.  Requested time 73.898000 but the latest data is at time 73.893000, when looking up transform from frame [map] to frame [leo2/base_link]
[controller_server-7] 
[controller_server-7] [WARN] [1783331711.518244996] [leo2.controller_server]: Control loop missed its desired rate of 20.0000Hz
[controller_server-1] [INFO] [1783331712.065023417] [leo1.controller_server]: Passing new path to controller.
[controller_server-7] [INFO] [1783331712.238088683] [leo2.controller_server]: Passing new path to controller.
[controller_server-7] [WARN] [1783331712.370686705] [leo2.controller_server]: Control loop missed its desired rate of 20.0000Hz
[controller_server-1] [INFO] [1783331713.115038317] [leo1.controller_server]: Passing new path to controller.
[controller_server-1] [WARN] [1783331713.177747398] [leo1.controller_server]: Control loop missed its desired rate of 20.0000Hz
[controller_server-7] [INFO] [1783331713.238016829] [leo2.controller_server]: Passing new path to controller.
[controller_server-1] [INFO] [1783331714.115047847] [leo1.controller_server]: Passing new path to controller.
[controller_server-7] [INFO] [1783331714.270756643] [leo2.controller_server]: Passing new path to controller.
[controller_server-1] [WARN] [1783331714.287710471] [leo1.controller_server]: Control loop missed its desired rate of 20.0000Hz
[controller_server-7] [WARN] [1783331714.342987313] [leo2.controller_server]: Control loop missed its desired rate of 20.0000Hz
[planner_server-8] [INFO] [1783331714.766502732] [leo2.global_costmap.global_costmap]: StaticLayer: Resizing costmap to 477 X 277 at 0.050000 m/pix
[planner_server-2] [INFO] [1783331714.918066284] [leo1.global_costmap.global_costmap]: StaticLayer: Resizing costmap to 477 X 277 at 0.050000 m/pix
[controller_server-1] [INFO] [1783331715.147924669] [leo1.controller_server]: Passing new path to controller.
[planner_server-8] [ERROR] [1783331715.265009633] [leo2.planner_server]: Failed to create a plan from potential when a legal potential was found. This shouldn't happen.
[planner_server-8] [WARN] [1783331715.265119809] [leo2.planner_server]: GridBased: failed to create plan with tolerance 0.50.
[planner_server-8] [WARN] [1783331715.265135875] [leo2.planner_server]: Planning algorithm GridBased failed to generate a valid path to (7.65, -0.10)
[planner_server-8] [WARN] [1783331715.265146622] [leo2.planner_server]: [compute_path_to_pose] [ActionServer] Aborting handle.
[planner_server-8] [INFO] [1783331715.281822442] [leo2.global_costmap.global_costmap]: Received request to clear entirely the global_costmap
[planner_server-8] [ERROR] [1783331715.374680008] [leo2.planner_server]: Failed to create a plan from potential when a legal potential was found. This shouldn't happen.
[planner_server-8] [WARN] [1783331715.374775469] [leo2.planner_server]: GridBased: failed to create plan with tolerance 0.50.
[planner_server-8] [WARN] [1783331715.374791805] [leo2.planner_server]: Planning algorithm GridBased failed to generate a valid path to (7.65, -0.10)
[planner_server-8] [WARN] [1783331715.374803541] [leo2.planner_server]: [compute_path_to_pose] [ActionServer] Aborting handle.
[bt_navigator-10] [ERROR] [1783331715.412330608] [leo2.bt_navigator_navigate_to_pose_rclcpp_node]: Failed to get result for follow_path in node halt!
[controller_server-7] [INFO] [1783331715.412565932] [leo2.local_costmap.local_costmap]: Received request to clear entirely the local_costmap
[planner_server-8] [INFO] [1783331715.413387487] [leo2.global_costmap.global_costmap]: Received request to clear entirely the global_costmap
[bt_navigator-10] [WARN] [1783331715.414798224] [BehaviorTreeEngine]: Behavior Tree tick rate 100.00 was exceeded!
[controller_server-7] [INFO] [1783331715.420790279] [leo2.controller_server]: Goal was canceled. Stopping the robot.
[controller_server-7] [INFO] [1783331715.420869378] [leo2.controller_server]: [follow_path] [ActionServer] Client requested to cancel the goal. Cancelling.
[planner_server-8] [ERROR] [1783331715.575564402] [leo2.planner_server]: Failed to create a plan from potential when a legal potential was found. This shouldn't happen.
[planner_server-8] [WARN] [1783331715.575652594] [leo2.planner_server]: GridBased: failed to create plan with tolerance 0.50.
[planner_server-8] [WARN] [1783331715.575668202] [leo2.planner_server]: Planning algorithm GridBased failed to generate a valid path to (7.65, -0.10)
[planner_server-8] [WARN] [1783331715.575680842] [leo2.planner_server]: [compute_path_to_pose] [ActionServer] Aborting handle.
[planner_server-8] [INFO] [1783331715.595093199] [leo2.global_costmap.global_costmap]: Received request to clear entirely the global_costmap
[planner_server-8] [ERROR] [1783331715.777240620] [leo2.planner_server]: Failed to create a plan from potential when a legal potential was found. This shouldn't happen.
[planner_server-8] [WARN] [1783331715.777319212] [leo2.planner_server]: GridBased: failed to create plan with tolerance 0.50.
[planner_server-8] [WARN] [1783331715.777329986] [leo2.planner_server]: Planning algorithm GridBased failed to generate a valid path to (7.65, -0.10)
[planner_server-8] [WARN] [1783331715.777339414] [leo2.planner_server]: [compute_path_to_pose] [ActionServer] Aborting handle.
[behavior_server-9] [INFO] [1783331715.795324914] [leo2.behavior_server]: Running spin
[behavior_server-9] [INFO] [1783331715.795491044] [leo2.behavior_server]: Turning 1.57 for spin behavior.
[controller_server-1] [INFO] [1783331716.166287952] [leo1.controller_server]: Passing new path to controller.
[controller_server-1] [WARN] [1783331716.257793286] [leo1.controller_server]: Control loop missed its desired rate of 20.0000Hz
[controller_server-1] [INFO] [1783331717.187856158] [leo1.controller_server]: Passing new path to controller.
[controller_server-1] [INFO] [1783331718.237810910] [leo1.controller_server]: Passing new path to controller.
[behavior_server-9] [INFO] [1783331718.295732949] [leo2.behavior_server]: spin completed successfully
[planner_server-8] [ERROR] [1783331718.326839905] [leo2.planner_server]: Failed to create a plan from potential when a legal potential was found. This shouldn't happen.
[planner_server-8] [WARN] [1783331718.326920398] [leo2.planner_server]: GridBased: failed to create plan with tolerance 0.50.
[planner_server-8] [WARN] [1783331718.326931138] [leo2.planner_server]: Planning algorithm GridBased failed to generate a valid path to (7.65, -0.10)
[planner_server-8] [WARN] [1783331718.326939152] [leo2.planner_server]: [compute_path_to_pose] [ActionServer] Aborting handle.
[planner_server-8] [INFO] [1783331718.345082398] [leo2.global_costmap.global_costmap]: Received request to clear entirely the global_costmap
[planner_server-8] [ERROR] [1783331718.378591631] [leo2.planner_server]: Failed to create a plan from potential when a legal potential was found. This shouldn't happen.
[planner_server-8] [WARN] [1783331718.378741802] [leo2.planner_server]: GridBased: failed to create plan with tolerance 0.50.
[planner_server-8] [WARN] [1783331718.378764477] [leo2.planner_server]: Planning algorithm GridBased failed to generate a valid path to (7.65, -0.10)
[planner_server-8] [WARN] [1783331718.378782267] [leo2.planner_server]: [compute_path_to_pose] [ActionServer] Aborting handle.
[behavior_server-9] [INFO] [1783331718.395470082] [leo2.behavior_server]: Running wait
[controller_server-1] [INFO] [1783331718.837948583] [leo1.controller_server]: Reached the goal!
[bt_navigator-4] [INFO] [1783331718.872758906] [leo1.bt_navigator]: Goal succeeded
[bt_navigator-4] [INFO] [1783331720.308035032] [leo1.bt_navigator]: Begin navigating from current location (-4.55, 0.03) to (-8.41, 0.01)
[controller_server-1] [INFO] [1783331720.329250984] [leo1.controller_server]: Received a goal, begin computing control effort.
[controller_server-1] [INFO] [1783331721.379626529] [leo1.controller_server]: Passing new path to controller.
[controller_server-1] [WARN] [1783331721.492125490] [leo1.controller_server]: Control loop missed its desired rate of 20.0000Hz
[controller_server-1] [INFO] [1783331722.412206182] [leo1.controller_server]: Passing new path to controller.
[controller_server-1] [ERROR] [1783331722.594909886] [transformPoseInTargetFrame]: Extrapolation Error looking up target frame: Lookup would require extrapolation into the future.  Requested time 81.633000 but the latest data is at time 81.632000, when looking up transform from frame [map] to frame [leo1/base_link]
[controller_server-1] 
[controller_server-1] [WARN] [1783331722.595574540] [leo1.controller_server]: Control loop missed its desired rate of 20.0000Hz
[controller_server-1] [INFO] [1783331723.462312061] [leo1.controller_server]: Passing new path to controller.
[controller_server-1] [INFO] [1783331724.445672832] [leo1.controller_server]: Passing new path to controller.
[controller_server-1] [WARN] [1783331724.629262172] [leo1.controller_server]: Control loop missed its desired rate of 20.0000Hz
[planner_server-8] [INFO] [1783331724.766541525] [leo2.global_costmap.global_costmap]: StaticLayer: Resizing costmap to 477 X 232 at 0.050000 m/pix
[planner_server-2] [INFO] [1783331724.918063721] [leo1.global_costmap.global_costmap]: StaticLayer: Resizing costmap to 477 X 232 at 0.050000 m/pix
[controller_server-1] [INFO] [1783331725.494831118] [leo1.controller_server]: Passing new path to controller.
[behavior_server-9] [INFO] [1783331725.695751490] [leo2.behavior_server]: wait completed successfully
[controller_server-7] [INFO] [1783331725.745767313] [leo2.controller_server]: Received a goal, begin computing control effort.
[controller_server-7] [WARN] [1783331725.857341196] [leo2.controller_server]: Control loop missed its desired rate of 20.0000Hz
[controller_server-7] [ERROR] [1783331726.114482723] [transformPoseInTargetFrame]: Extrapolation Error looking up target frame: Lookup would require extrapolation into the future.  Requested time 84.078000 but the latest data is at time 84.073000, when looking up transform from frame [map] to frame [leo2/base_link]
[controller_server-7] 
[controller_server-7] [WARN] [1783331726.115451860] [leo2.controller_server]: Control loop missed its desired rate of 20.0000Hz
[controller_server-1] [INFO] [1783331726.529350606] [leo1.controller_server]: Passing new path to controller.
[controller_server-1] [WARN] [1783331726.662036685] [leo1.controller_server]: Control loop missed its desired rate of 20.0000Hz
[controller_server-7] [INFO] [1783331726.780952836] [leo2.controller_server]: Passing new path to controller.
[controller_server-7] [WARN] [1783331726.996867486] [leo2.controller_server]: Control loop missed its desired rate of 20.0000Hz
[controller_server-7] [WARN] [1783331727.289758389] [leo2.controller_server]: Control loop missed its desired rate of 20.0000Hz
[controller_server-7] [ERROR] [1783331727.573700499] [transformPoseInTargetFrame]: Extrapolation Error looking up target frame: Lookup would require extrapolation into the future.  Requested time 85.100000 but the latest data is at time 85.073000, when looking up transform from frame [map] to frame [leo2/base_link]
[controller_server-7] 
[controller_server-7] [WARN] [1783331727.574486594] [leo2.controller_server]: Control loop missed its desired rate of 20.0000Hz
[controller_server-1] [INFO] [1783331727.577173368] [leo1.controller_server]: Passing new path to controller.
[controller_server-7] [INFO] [1783331727.830467593] [leo2.controller_server]: Passing new path to controller.
[controller_server-7] [ERROR] [1783331728.083535153] [transformPoseInTargetFrame]: Extrapolation Error looking up target frame: Lookup would require extrapolation into the future.  Requested time 85.458000 but the latest data is at time 85.453000, when looking up transform from frame [map] to frame [leo2/base_link]
[controller_server-7] 
[controller_server-7] [WARN] [1783331728.085368297] [leo2.controller_server]: Control loop missed its desired rate of 20.0000Hz
[controller_server-1] [INFO] [1783331728.603149400] [leo1.controller_server]: Passing new path to controller.
[controller_server-1] [WARN] [1783331728.664724564] [leo1.controller_server]: Control loop missed its desired rate of 20.0000Hz
[controller_server-7] [INFO] [1783331728.855539669] [leo2.controller_server]: Passing new path to controller.
[controller_server-7] [WARN] [1783331728.977957553] [leo2.controller_server]: Control loop missed its desired rate of 20.0000Hz
[controller_server-1] [INFO] [1783331729.612136030] [leo1.controller_server]: Passing new path to controller.
[controller_server-1] [WARN] [1783331729.764800799] [leo1.controller_server]: Control loop missed its desired rate of 20.0000Hz
[controller_server-7] [INFO] [1783331729.885474711] [leo2.controller_server]: Passing new path to controller.
[controller_server-7] [ERROR] [1783331730.047732806] [transformPoseInTargetFrame]: Extrapolation Error looking up target frame: Lookup would require extrapolation into the future.  Requested time 86.863000 but the latest data is at time 86.853000, when looking up transform from frame [map] to frame [leo2/base_link]
[controller_server-7] 
[controller_server-7] [WARN] [1783331730.049221120] [leo2.controller_server]: Control loop missed its desired rate of 20.0000Hz
[controller_server-1] [INFO] [1783331730.626896786] [leo1.controller_server]: Passing new path to controller.
[controller_server-7] [INFO] [1783331730.920932791] [leo2.controller_server]: Passing new path to controller.
[controller_server-1] [INFO] [1783331731.655257687] [leo1.controller_server]: Passing new path to controller.
[controller_server-1] [WARN] [1783331731.861180121] [leo1.controller_server]: Control loop missed its desired rate of 20.0000Hz
[controller_server-7] [INFO] [1783331731.949356752] [leo2.controller_server]: Passing new path to controller.
[controller_server-1] [INFO] [1783331732.727482736] [leo1.controller_server]: Passing new path to controller.
[controller_server-7] [INFO] [1783331732.999362722] [leo2.controller_server]: Passing new path to controller.
[controller_server-1] [INFO] [1783331733.749901765] [leo1.controller_server]: Passing new path to controller.
[controller_server-7] [INFO] [1783331733.999320516] [leo2.controller_server]: Passing new path to controller.
[controller_server-7] [WARN] [1783331734.102293179] [leo2.controller_server]: Control loop missed its desired rate of 20.0000Hz
[controller_server-1] [INFO] [1783331734.761300766] [leo1.controller_server]: Passing new path to controller.
[planner_server-8] [INFO] [1783331734.766673944] [leo2.global_costmap.global_costmap]: StaticLayer: Resizing costmap to 477 X 317 at 0.050000 m/pix
[controller_server-1] [WARN] [1783331734.903520416] [leo1.controller_server]: Control loop missed its desired rate of 20.0000Hz
[controller_server-7] [INFO] [1783331735.025645946] [leo2.controller_server]: Passing new path to controller.
[controller_server-1] [INFO] [1783331735.817293188] [leo1.controller_server]: Passing new path to controller.
[controller_server-1] [ERROR] [1783331735.980060418] [transformPoseInTargetFrame]: Extrapolation Error looking up target frame: Lookup would require extrapolation into the future.  Requested time 91.044000 but the latest data is at time 91.032000, when looking up transform from frame [map] to frame [leo1/base_link]
[controller_server-1] 
[controller_server-1] [WARN] [1783331735.980649922] [leo1.controller_server]: Control loop missed its desired rate of 20.0000Hz
[controller_server-7] [INFO] [1783331736.051819855] [leo2.controller_server]: Passing new path to controller.
[controller_server-1] [INFO] [1783331736.839232923] [leo1.controller_server]: Passing new path to controller.
[controller_server-7] [INFO] [1783331737.101785001] [leo2.controller_server]: Passing new path to controller.
[controller_server-1] [INFO] [1783331737.865632135] [leo1.controller_server]: Passing new path to controller.
[controller_server-1] [WARN] [1783331737.937226892] [leo1.controller_server]: Control loop missed its desired rate of 20.0000Hz
[controller_server-7] [INFO] [1783331738.151808733] [leo2.controller_server]: Passing new path to controller.
[controller_server-7] [WARN] [1783331738.255238577] [leo2.controller_server]: Control loop missed its desired rate of 20.0000Hz
[controller_server-1] [INFO] [1783331738.880752705] [leo1.controller_server]: Passing new path to controller.
[controller_server-1] [WARN] [1783331739.033431078] [leo1.controller_server]: Control loop missed its desired rate of 20.0000Hz
[controller_server-7] [INFO] [1783331739.182413662] [leo2.controller_server]: Passing new path to controller.
[controller_server-7] [ERROR] [1783331739.334663015] [transformPoseInTargetFrame]: Extrapolation Error looking up target frame: Lookup would require extrapolation into the future.  Requested time 93.494000 but the latest data is at time 93.453000, when looking up transform from frame [map] to frame [leo2/base_link]
[controller_server-7] 
[controller_server-7] [WARN] [1783331739.335641158] [leo2.controller_server]: Control loop missed its desired rate of 20.0000Hz
[controller_server-1] [INFO] [1783331739.893871054] [leo1.controller_server]: Passing new path to controller.
[controller_server-7] [INFO] [1783331740.211971582] [leo2.controller_server]: Passing new path to controller.
[controller_server-1] [INFO] [1783331740.922883841] [leo1.controller_server]: Passing new path to controller.
[controller_server-7] [INFO] [1783331741.235748584] [leo2.controller_server]: Passing new path to controller.
[controller_server-7] [WARN] [1783331741.288320919] [leo2.controller_server]: Control loop missed its desired rate of 20.0000Hz
[controller_server-1] [INFO] [1783331741.981590147] [leo1.controller_server]: Passing new path to controller.
[controller_server-7] [INFO] [1783331742.235743260] [leo2.controller_server]: Passing new path to controller.
[controller_server-1] [INFO] [1783331742.433838940] [leo1.controller_server]: Reached the goal!
[bt_navigator-4] [INFO] [1783331742.468443223] [leo1.bt_navigator]: Goal succeeded
[bt_navigator-4] [INFO] [1783331743.116860757] [leo1.bt_navigator]: Begin navigating from current location (-8.17, -0.01) to (-7.40, 0.05)
[controller_server-1] [INFO] [1783331743.137503027] [leo1.controller_server]: Received a goal, begin computing control effort.
[controller_server-1] [WARN] [1783331743.259521644] [leo1.controller_server]: Control loop missed its desired rate of 20.0000Hz
[controller_server-7] [INFO] [1783331743.285724244] [leo2.controller_server]: Passing new path to controller.
[controller_server-1] [ERROR] [1783331743.484837020] [transformPoseInTargetFrame]: Extrapolation Error looking up target frame: Lookup would require extrapolation into the future.  Requested time 96.433000 but the latest data is at time 96.432000, when looking up transform from frame [map] to frame [leo1/base_link]
[controller_server-1] 
[controller_server-1] [WARN] [1783331743.485232156] [leo1.controller_server]: Control loop missed its desired rate of 20.0000Hz
[controller_server-1] [INFO] [1783331744.194761670] [leo1.controller_server]: Passing new path to controller.
[controller_server-7] [INFO] [1783331744.285728624] [leo2.controller_server]: Passing new path to controller.
[controller_server-1] [ERROR] [1783331744.356988641] [transformPoseInTargetFrame]: Extrapolation Error looking up target frame: Lookup would require extrapolation into the future.  Requested time 97.063000 but the latest data is at time 97.032000, when looking up transform from frame [map] to frame [leo1/base_link]
[controller_server-1] 
[controller_server-1] [WARN] [1783331744.357316481] [leo1.controller_server]: Control loop missed its desired rate of 20.0000Hz
[controller_server-7] [WARN] [1783331744.408863024] [leo2.controller_server]: Control loop missed its desired rate of 20.0000Hz
[planner_server-2] [INFO] [1783331744.917440978] [leo1.global_costmap.global_costmap]: StaticLayer: Resizing costmap to 477 X 317 at 0.050000 m/pix
[controller_server-1] [INFO] [1783331745.217966693] [leo1.controller_server]: Passing new path to controller.
[controller_server-7] [INFO] [1783331745.332631995] [leo2.controller_server]: Passing new path to controller.
[controller_server-1] [ERROR] [1783331745.461067054] [transformPoseInTargetFrame]: Extrapolation Error looking up target frame: Lookup would require extrapolation into the future.  Requested time 97.859000 but the latest data is at time 97.832000, when looking up transform from frame [map] to frame [leo1/base_link]
[controller_server-1] 
[controller_server-1] [WARN] [1783331745.461630448] [leo1.controller_server]: Control loop missed its desired rate of 20.0000Hz
[controller_server-7] [ERROR] [1783331745.495037800] [transformPoseInTargetFrame]: Extrapolation Error looking up target frame: Lookup would require extrapolation into the future.  Requested time 97.884000 but the latest data is at time 97.853000, when looking up transform from frame [map] to frame [leo2/base_link]
[controller_server-7] 
[controller_server-7] [WARN] [1783331745.496157041] [leo2.controller_server]: Control loop missed its desired rate of 20.0000Hz
[controller_server-1] [INFO] [1783331746.269588885] [leo1.controller_server]: Passing new path to controller.
[controller_server-7] [INFO] [1783331746.364974703] [leo2.controller_server]: Passing new path to controller.
[controller_server-1] [ERROR] [1783331746.584002970] [transformPoseInTargetFrame]: Extrapolation Error looking up target frame: Lookup would require extrapolation into the future.  Requested time 98.652000 but the latest data is at time 98.632000, when looking up transform from frame [map] to frame [leo1/base_link]
[controller_server-1] 
[controller_server-1] [WARN] [1783331746.584467446] [leo1.controller_server]: Control loop missed its desired rate of 20.0000Hz
[controller_server-1] [INFO] [1783331747.291362413] [leo1.controller_server]: Passing new path to controller.
[controller_server-7] [INFO] [1783331747.393501994] [leo2.controller_server]: Passing new path to controller.
[controller_server-1] [WARN] [1783331747.433862861] [leo1.controller_server]: Control loop missed its desired rate of 20.0000Hz
[controller_server-1] [WARN] [1783331747.445492432] [leo1.controller_server]: Control loop missed its desired rate of 20.0000Hz
[controller_server-7] [WARN] [1783331747.486073442] [leo2.controller_server]: Control loop missed its desired rate of 20.0000Hz
[controller_server-1] [ERROR] [1783331747.696612941] [transformPoseInTargetFrame]: Extrapolation Error looking up target frame: Lookup would require extrapolation into the future.  Requested time 99.458000 but the latest data is at time 99.432000, when looking up transform from frame [map] to frame [leo1/base_link]
[controller_server-1] 
[controller_server-1] [WARN] [1783331747.696961100] [leo1.controller_server]: Control loop missed its desired rate of 20.0000Hz
[controller_server-1] [INFO] [1783331748.301377894] [leo1.controller_server]: Passing new path to controller.
[controller_server-7] [INFO] [1783331748.446261476] [leo2.controller_server]: Passing new path to controller.
[controller_server-1] [WARN] [1783331748.534491059] [leo1.controller_server]: Control loop missed its desired rate of 20.0000Hz
[controller_server-7] [WARN] [1783331748.589196878] [leo2.controller_server]: Control loop missed its desired rate of 20.0000Hz
[controller_server-1] [WARN] [1783331748.833592452] [leo1.controller_server]: Control loop missed its desired rate of 20.0000Hz
[controller_server-1] [ERROR] [1783331749.078135829] [transformPoseInTargetFrame]: Extrapolation Error looking up target frame: Lookup would require extrapolation into the future.  Requested time 100.441000 but the latest data is at time 100.432000, when looking up transform from frame [map] to frame [leo1/base_link]
[controller_server-1] 
[controller_server-1] [WARN] [1783331749.078439342] [leo1.controller_server]: Control loop missed its desired rate of 20.0000Hz
[controller_server-1] [INFO] [1783331749.331884545] [leo1.controller_server]: Passing new path to controller.
[controller_server-7] [INFO] [1783331749.455045549] [leo2.controller_server]: Passing new path to controller.
[controller_server-1] [ERROR] [1783331749.650862786] [transformPoseInTargetFrame]: Extrapolation Error looking up target frame: Lookup would require extrapolation into the future.  Requested time 100.844000 but the latest data is at time 100.832000, when looking up transform from frame [map] to frame [leo1/base_link]
[controller_server-1] 
[controller_server-1] [WARN] [1783331749.651367836] [leo1.controller_server]: Control loop missed its desired rate of 20.0000Hz
[controller_server-1] [INFO] [1783331750.359447747] [leo1.controller_server]: Passing new path to controller.
[controller_server-7] [INFO] [1783331750.483953164] [leo2.controller_server]: Passing new path to controller.
[controller_server-1] [WARN] [1783331750.532782792] [leo1.controller_server]: Control loop missed its desired rate of 20.0000Hz
[controller_server-7] [WARN] [1783331750.586404619] [leo2.controller_server]: Control loop missed its desired rate of 20.0000Hz
[controller_server-1] [WARN] [1783331750.827842382] [leo1.controller_server]: Control loop missed its desired rate of 20.0000Hz
[controller_server-1] [ERROR] [1783331751.071164996] [transformPoseInTargetFrame]: Extrapolation Error looking up target frame: Lookup would require extrapolation into the future.  Requested time 101.841000 but the latest data is at time 101.832000, when looking up transform from frame [map] to frame [leo1/base_link]
[controller_server-1] 
[controller_server-1] [WARN] [1783331751.071467387] [leo1.controller_server]: Control loop missed its desired rate of 20.0000Hz
[controller_server-1] [INFO] [1783331751.375250370] [leo1.controller_server]: Passing new path to controller.
[controller_server-7] [INFO] [1783331751.539312938] [leo2.controller_server]: Passing new path to controller.
[controller_server-1] [INFO] [1783331752.421557332] [leo1.controller_server]: Passing new path to controller.
[controller_server-7] [INFO] [1783331752.539281803] [leo2.controller_server]: Passing new path to controller.
[controller_server-7] [ERROR] [1783331752.661035016] [transformPoseInTargetFrame]: Extrapolation Error looking up target frame: Lookup would require extrapolation into the future.  Requested time 102.900000 but the latest data is at time 102.893000, when looking up transform from frame [map] to frame [leo2/base_link]
[controller_server-7] 
[controller_server-7] [WARN] [1783331752.661619926] [leo2.controller_server]: Control loop missed its desired rate of 20.0000Hz
[controller_server-1] [INFO] [1783331753.471570729] [leo1.controller_server]: Passing new path to controller.
[controller_server-7] [INFO] [1783331753.577842619] [leo2.controller_server]: Passing new path to controller.
[controller_server-1] [WARN] [1783331753.583576094] [leo1.controller_server]: Control loop missed its desired rate of 20.0000Hz
[controller_server-1] [INFO] [1783331754.490607136] [leo1.controller_server]: Passing new path to controller.
[controller_server-7] [INFO] [1783331754.611706582] [leo2.controller_server]: Passing new path to controller.
[controller_server-1] [INFO] [1783331755.497367282] [leo1.controller_server]: Passing new path to controller.
[controller_server-7] [INFO] [1783331755.661717366] [leo2.controller_server]: Passing new path to controller.
[controller_server-7] [ERROR] [1783331755.783716982] [transformPoseInTargetFrame]: Extrapolation Error looking up target frame: Lookup would require extrapolation into the future.  Requested time 104.908000 but the latest data is at time 104.893000, when looking up transform from frame [map] to frame [leo2/base_link]
[controller_server-7] 
[controller_server-7] [WARN] [1783331755.784300248] [leo2.controller_server]: Control loop missed its desired rate of 20.0000Hz
[controller_server-1] [INFO] [1783331756.402898986] [leo1.controller_server]: Reached the goal!
[bt_navigator-4] [INFO] [1783331756.438127937] [leo1.bt_navigator]: Goal succeeded
[controller_server-7] [INFO] [1783331756.646316198] [leo2.controller_server]: Passing new path to controller.
[controller_server-7] [INFO] [1783331757.684425770] [leo2.controller_server]: Passing new path to controller.
[controller_server-7] [INFO] [1783331758.734407383] [leo2.controller_server]: Passing new path to controller.
[controller_server-7] [INFO] [1783331759.784414083] [leo2.controller_server]: Passing new path to controller.
[controller_server-7] [INFO] [1783331760.784411313] [leo2.controller_server]: Passing new path to controller.
[bt_navigator-4] [INFO] [1783331761.085086014] [leo1.bt_navigator]: Begin navigating from current location (-7.64, 0.07) to (7.92, -0.05)
[controller_server-1] [INFO] [1783331761.106934837] [leo1.controller_server]: Received a goal, begin computing control effort.
[controller_server-7] [INFO] [1783331761.834401890] [leo2.controller_server]: Passing new path to controller.
[controller_server-7] [ERROR] [1783331762.047534879] [transformPoseInTargetFrame]: Extrapolation Error looking up target frame: Lookup would require extrapolation into the future.  Requested time 108.694000 but the latest data is at time 108.693000, when looking up transform from frame [map] to frame [leo2/base_link]
[controller_server-7] 
[controller_server-7] [WARN] [1783331762.048093412] [leo2.controller_server]: Control loop missed its desired rate of 20.0000Hz
[controller_server-1] [INFO] [1783331762.157234909] [leo1.controller_server]: Passing new path to controller.
[controller_server-1] [WARN] [1783331762.360894317] [leo1.controller_server]: Control loop missed its desired rate of 20.0000Hz
[controller_server-7] [INFO] [1783331762.859415943] [leo2.controller_server]: Passing new path to controller.
[controller_server-7] [ERROR] [1783331763.082609627] [transformPoseInTargetFrame]: Extrapolation Error looking up target frame: Lookup would require extrapolation into the future.  Requested time 109.297000 but the latest data is at time 109.293000, when looking up transform from frame [map] to frame [leo2/base_link]
[controller_server-7] 
[controller_server-7] [WARN] [1783331763.083007091] [leo2.controller_server]: Control loop missed its desired rate of 20.0000Hz
[controller_server-1] [INFO] [1783331763.181687610] [leo1.controller_server]: Passing new path to controller.
[controller_server-7] [INFO] [1783331763.845588435] [leo2.controller_server]: Passing new path to controller.
[controller_server-7] [ERROR] [1783331764.048471828] [transformPoseInTargetFrame]: Extrapolation Error looking up target frame: Lookup would require extrapolation into the future.  Requested time 109.900000 but the latest data is at time 109.893000, when looking up transform from frame [map] to frame [leo2/base_link]
[controller_server-7] 
[controller_server-7] [WARN] [1783331764.048909542] [leo2.controller_server]: Control loop missed its desired rate of 20.0000Hz
[controller_server-1] [INFO] [1783331764.210984266] [leo1.controller_server]: Passing new path to controller.
[controller_server-1] [WARN] [1783331764.333400649] [leo1.controller_server]: Control loop missed its desired rate of 20.0000Hz
[planner_server-8] [INFO] [1783331764.765908103] [leo2.global_costmap.global_costmap]: StaticLayer: Resizing costmap to 477 X 317 at 0.050000 m/pix
[controller_server-7] [INFO] [1783331764.909822368] [leo2.controller_server]: Passing new path to controller.
[planner_server-2] [INFO] [1783331764.916004586] [leo1.global_costmap.global_costmap]: StaticLayer: Resizing costmap to 477 X 317 at 0.050000 m/pix
[controller_server-1] [INFO] [1783331765.251579751] [leo1.controller_server]: Passing new path to controller.
[controller_server-7] [INFO] [1783331765.947567812] [leo2.controller_server]: Passing new path to controller.
[controller_server-1] [INFO] [1783331766.282102949] [leo1.controller_server]: Passing new path to controller.
[controller_server-7] [INFO] [1783331766.947523894] [leo2.controller_server]: Passing new path to controller.
[controller_server-1] [INFO] [1783331767.332026180] [leo1.controller_server]: Passing new path to controller.
[controller_server-1] [WARN] [1783331767.566915159] [leo1.controller_server]: Control loop missed its desired rate of 20.0000Hz
[bt_navigator-10] [INFO] [1783331767.782981352] [leo2.bt_navigator]: Received goal preemption request
[bt_navigator-10] [INFO] [1783331767.784454296] [leo2.bt_navigator]: Begin navigating from current location (7.09, -0.03) to (-0.55, 3.54)
[controller_server-7] [INFO] [1783331767.997582139] [leo2.controller_server]: Passing new path to controller.
[controller_server-7] [ERROR] [1783331768.300305440] [transformPoseInTargetFrame]: Extrapolation Error looking up target frame: Lookup would require extrapolation into the future.  Requested time 112.500000 but the latest data is at time 112.493000, when looking up transform from frame [map] to frame [leo2/base_link]
[controller_server-7] 
[controller_server-7] [WARN] [1783331768.303482634] [leo2.controller_server]: Control loop missed its desired rate of 20.0000Hz
[controller_server-1] [INFO] [1783331768.340962250] [leo1.controller_server]: Passing new path to controller.
[controller_server-7] [INFO] [1783331769.021776505] [leo2.controller_server]: Passing new path to controller.
[controller_server-7] [ERROR] [1783331769.295405196] [transformPoseInTargetFrame]: Extrapolation Error looking up target frame: Lookup would require extrapolation into the future.  Requested time 113.100000 but the latest data is at time 113.093000, when looking up transform from frame [map] to frame [leo2/base_link]
[controller_server-7] 
[controller_server-7] [WARN] [1783331769.296414259] [leo2.controller_server]: Control loop missed its desired rate of 20.0000Hz
[controller_server-1] [INFO] [1783331769.367025665] [leo1.controller_server]: Passing new path to controller.
[controller_server-7] [INFO] [1783331770.014001806] [leo2.controller_server]: Passing new path to controller.
[controller_server-7] [ERROR] [1783331770.246774304] [transformPoseInTargetFrame]: Extrapolation Error looking up target frame: Lookup would require extrapolation into the future.  Requested time 113.700000 but the latest data is at time 113.693000, when looking up transform from frame [map] to frame [leo2/base_link]
[controller_server-7] 
[controller_server-7] [WARN] [1783331770.247612708] [leo2.controller_server]: Control loop missed its desired rate of 20.0000Hz
[controller_server-1] [INFO] [1783331770.417002010] [leo1.controller_server]: Passing new path to controller.
[controller_server-1] [WARN] [1783331770.529562547] [leo1.controller_server]: Control loop missed its desired rate of 20.0000Hz
[controller_server-7] [INFO] [1783331771.067010020] [leo2.controller_server]: Passing new path to controller.
[controller_server-7] [ERROR] [1783331771.198894262] [transformPoseInTargetFrame]: Extrapolation Error looking up target frame: Lookup would require extrapolation into the future.  Requested time 114.300000 but the latest data is at time 114.293000, when looking up transform from frame [map] to frame [leo2/base_link]
[controller_server-7] 
[controller_server-7] [WARN] [1783331771.199785604] [leo2.controller_server]: Control loop missed its desired rate of 20.0000Hz
[controller_server-1] [INFO] [1783331771.449031763] [leo1.controller_server]: Passing new path to controller.
[controller_server-1] [WARN] [1783331771.531834419] [leo1.controller_server]: Control loop missed its desired rate of 20.0000Hz
[controller_server-7] [INFO] [1783331772.120997493] [leo2.controller_server]: Passing new path to controller.
[controller_server-7] [WARN] [1783331772.222901980] [leo2.controller_server]: Control loop missed its desired rate of 20.0000Hz
[controller_server-1] [INFO] [1783331772.479659541] [leo1.controller_server]: Passing new path to controller.
[controller_server-7] [ERROR] [1783331772.513014708] [transformPoseInTargetFrame]: Extrapolation Error looking up target frame: Lookup would require extrapolation into the future.  Requested time 115.098000 but the latest data is at time 115.093000, when looking up transform from frame [map] to frame [leo2/base_link]
[controller_server-7] 
[controller_server-7] [WARN] [1783331772.514056241] [leo2.controller_server]: Control loop missed its desired rate of 20.0000Hz
[controller_server-7] [INFO] [1783331773.128263180] [leo2.controller_server]: Passing new path to controller.
[controller_server-7] [ERROR] [1783331773.466982466] [transformPoseInTargetFrame]: Extrapolation Error looking up target frame: Lookup would require extrapolation into the future.  Requested time 115.700000 but the latest data is at time 115.693000, when looking up transform from frame [map] to frame [leo2/base_link]
[controller_server-7] 
[controller_server-7] [WARN] [1783331773.467924515] [leo2.controller_server]: Control loop missed its desired rate of 20.0000Hz
[controller_server-1] [INFO] [1783331773.479672589] [leo1.controller_server]: Passing new path to controller.
[controller_server-7] [INFO] [1783331774.133639036] [leo2.controller_server]: Passing new path to controller.
[controller_server-7] [WARN] [1783331774.437129451] [leo2.controller_server]: Control loop missed its desired rate of 20.0000Hz
[controller_server-1] [INFO] [1783331774.529669309] [leo1.controller_server]: Passing new path to controller.
[controller_server-1] [WARN] [1783331774.713760185] [leo1.controller_server]: Control loop missed its desired rate of 20.0000Hz
[controller_server-7] [ERROR] [1783331774.743021121] [transformPoseInTargetFrame]: Extrapolation Error looking up target frame: Lookup would require extrapolation into the future.  Requested time 116.500000 but the latest data is at time 116.493000, when looking up transform from frame [map] to frame [leo2/base_link]
[controller_server-7] 
[controller_server-7] [WARN] [1783331774.744818523] [leo2.controller_server]: Control loop missed its desired rate of 20.0000Hz
[planner_server-8] [INFO] [1783331774.764482104] [leo2.global_costmap.global_costmap]: StaticLayer: Resizing costmap to 478 X 317 at 0.050000 m/pix
[planner_server-2] [INFO] [1783331774.916022943] [leo1.global_costmap.global_costmap]: StaticLayer: Resizing costmap to 478 X 317 at 0.050000 m/pix
[planner_server-8] [ERROR] [1783331775.146721330] [leo2.planner_server]: Failed to create a plan from potential when a legal potential was found. This shouldn't happen.
[planner_server-8] [WARN] [1783331775.146828959] [leo2.planner_server]: GridBased: failed to create plan with tolerance 0.50.
[planner_server-8] [WARN] [1783331775.146847155] [leo2.planner_server]: Planning algorithm GridBased failed to generate a valid path to (-0.55, 3.54)
[planner_server-8] [WARN] [1783331775.146860442] [leo2.planner_server]: [compute_path_to_pose] [ActionServer] Aborting handle.
[planner_server-8] [INFO] [1783331775.162981751] [leo2.global_costmap.global_costmap]: Received request to clear entirely the global_costmap
[controller_server-7] [INFO] [1783331775.205356298] [leo2.controller_server]: Passing new path to controller.
[controller_server-7] [ERROR] [1783331775.377750215] [transformPoseInTargetFrame]: Extrapolation Error looking up target frame: Lookup would require extrapolation into the future.  Requested time 116.900000 but the latest data is at time 116.893000, when looking up transform from frame [map] to frame [leo2/base_link]
[controller_server-7] 
[controller_server-7] [WARN] [1783331775.379000156] [leo2.controller_server]: Control loop missed its desired rate of 20.0000Hz
[controller_server-1] [INFO] [1783331775.537693570] [leo1.controller_server]: Passing new path to controller.
[controller_server-1] [WARN] [1783331775.671118438] [leo1.controller_server]: Control loop missed its desired rate of 20.0000Hz
[controller_server-7] [INFO] [1783331776.247386196] [leo2.controller_server]: Passing new path to controller.
[controller_server-7] [ERROR] [1783331776.369076006] [transformPoseInTargetFrame]: Extrapolation Error looking up target frame: Lookup would require extrapolation into the future.  Requested time 117.500000 but the latest data is at time 117.493000, when looking up transform from frame [map] to frame [leo2/base_link]
[controller_server-7] 
[controller_server-7] [WARN] [1783331776.369999066] [leo2.controller_server]: Control loop missed its desired rate of 20.0000Hz
[controller_server-1] [INFO] [1783331776.592559482] [leo1.controller_server]: Passing new path to controller.
[controller_server-1] [WARN] [1783331776.676229463] [leo1.controller_server]: Control loop missed its desired rate of 20.0000Hz
[controller_server-7] [INFO] [1783331777.279100981] [leo2.controller_server]: Passing new path to controller.
[controller_server-7] [WARN] [1783331777.381651755] [leo2.controller_server]: Control loop missed its desired rate of 20.0000Hz
[controller_server-1] [INFO] [1783331777.621230008] [leo1.controller_server]: Passing new path to controller.
[controller_server-7] [INFO] [1783331778.301590772] [leo2.controller_server]: Passing new path to controller.
[controller_server-7] [WARN] [1783331778.406210471] [leo2.controller_server]: Control loop missed its desired rate of 20.0000Hz
[controller_server-1] [INFO] [1783331778.621207710] [leo1.controller_server]: Passing new path to controller.
[controller_server-7] [INFO] [1783331779.331748368] [leo2.controller_server]: Passing new path to controller.
[controller_server-7] [ERROR] [1783331779.453786837] [transformPoseInTargetFrame]: Extrapolation Error looking up target frame: Lookup would require extrapolation into the future.  Requested time 119.310000 but the latest data is at time 119.293000, when looking up transform from frame [map] to frame [leo2/base_link]
[controller_server-7] 
[controller_server-7] [WARN] [1783331779.454621046] [leo2.controller_server]: Control loop missed its desired rate of 20.0000Hz
[controller_server-1] [INFO] [1783331779.671203061] [leo1.controller_server]: Passing new path to controller.
[controller_server-1] [WARN] [1783331779.723444729] [leo1.controller_server]: Control loop missed its desired rate of 20.0000Hz
[controller_server-7] [INFO] [1783331780.374899054] [leo2.controller_server]: Passing new path to controller.
[controller_server-7] [ERROR] [1783331780.496745247] [transformPoseInTargetFrame]: Extrapolation Error looking up target frame: Lookup would require extrapolation into the future.  Requested time 119.901000 but the latest data is at time 119.893000, when looking up transform from frame [map] to frame [leo2/base_link]
[controller_server-7] 
[controller_server-7] [WARN] [1783331780.497560195] [leo2.controller_server]: Control loop missed its desired rate of 20.0000Hz
[controller_server-1] [INFO] [1783331780.721236087] [leo1.controller_server]: Passing new path to controller.
[controller_server-1] [WARN] [1783331780.793919245] [leo1.controller_server]: Control loop missed its desired rate of 20.0000Hz
[planner_server-8] [ERROR] [1783331781.355513700] [leo2.planner_server]: Failed to create a plan from potential when a legal potential was found. This shouldn't happen.
[planner_server-8] [WARN] [1783331781.355607364] [leo2.planner_server]: GridBased: failed to create plan with tolerance 0.50.
[planner_server-8] [WARN] [1783331781.355619032] [leo2.planner_server]: Planning algorithm GridBased failed to generate a valid path to (-0.55, 3.54)
[planner_server-8] [WARN] [1783331781.355627307] [leo2.planner_server]: [compute_path_to_pose] [ActionServer] Aborting handle.
[planner_server-8] [INFO] [1783331781.373098308] [leo2.global_costmap.global_costmap]: Received request to clear entirely the global_costmap
[planner_server-8] [ERROR] [1783331781.575884110] [leo2.planner_server]: Failed to create a plan from potential when a legal potential was found. This shouldn't happen.
[planner_server-8] [WARN] [1783331781.575967101] [leo2.planner_server]: GridBased: failed to create plan with tolerance 0.50.
[planner_server-8] [WARN] [1783331781.575979180] [leo2.planner_server]: Planning algorithm GridBased failed to generate a valid path to (-0.55, 3.54)
[planner_server-8] [WARN] [1783331781.575988181] [leo2.planner_server]: [compute_path_to_pose] [ActionServer] Aborting handle.
[controller_server-7] [INFO] [1783331781.604746137] [leo2.controller_server]: Goal was canceled. Stopping the robot.
[controller_server-7] [INFO] [1783331781.604806939] [leo2.controller_server]: [follow_path] [ActionServer] Client requested to cancel the goal. Cancelling.
[behavior_server-9] [INFO] [1783331781.605943588] [leo2.behavior_server]: Running backup
[behavior_server-9] [INFO] [1783331781.606114579] [leo2.behavior_server]: DriveOnHeading: no acceleration or deceleration limits set
[bt_navigator-10] [WARN] [1783331781.605999656] [BehaviorTreeEngine]: Behavior Tree tick rate 100.00 was exceeded!
[controller_server-1] [INFO] [1783331781.721214150] [leo1.controller_server]: Passing new path to controller.
[controller_server-1] [WARN] [1783331781.894809351] [leo1.controller_server]: Control loop missed its desired rate of 20.0000Hz
[controller_server-1] [INFO] [1783331782.764606384] [leo1.controller_server]: Passing new path to controller.
[controller_server-1] [WARN] [1783331782.968623821] [leo1.controller_server]: Control loop missed its desired rate of 20.0000Hz
[controller_server-1] [INFO] [1783331783.786529178] [leo1.controller_server]: Passing new path to controller.
[controller_server-1] [INFO] [1783331784.818719246] [leo1.controller_server]: Passing new path to controller.
[controller_server-1] [INFO] [1783331785.868643258] [leo1.controller_server]: Passing new path to controller.
[controller_server-1] [INFO] [1783331786.868713471] [leo1.controller_server]: Passing new path to controller.
[controller_server-1] [INFO] [1783331787.918735312] [leo1.controller_server]: Passing new path to controller.
[bt_navigator-4] [INFO] [1783331788.183873824] [leo1.bt_navigator]: Received goal preemption request
[bt_navigator-4] [INFO] [1783331788.185390145] [leo1.bt_navigator]: Begin navigating from current location (-3.49, 0.07) to (-6.08, -3.51)
[bt_navigator-10] [INFO] [1783331788.203623124] [leo2.bt_navigator]: Received goal preemption request
[bt_navigator-10] [INFO] [1783331788.204296460] [leo2.bt_navigator]: Begin navigating from current location (6.75, 0.13) to (9.07, -0.06)
[controller_server-1] [INFO] [1783331788.918716772] [leo1.controller_server]: Passing new path to controller.
[controller_server-1] [WARN] [1783331789.282960301] [leo1.controller_server]: Control loop missed its desired rate of 20.0000Hz
[controller_server-1] [WARN] [1783331789.624739603] [leo1.controller_server]: Control loop missed its desired rate of 20.0000Hz
[controller_server-1] [WARN] [1783331789.990869609] [leo1.controller_server]: Control loop missed its desired rate of 20.0000Hz
[controller_server-1] [INFO] [1783331789.990925471] [leo1.controller_server]: Passing new path to controller.
[controller_server-1] [WARN] [1783331790.334305031] [leo1.controller_server]: Control loop missed its desired rate of 20.0000Hz
[controller_server-1] [WARN] [1783331790.676202872] [leo1.controller_server]: Control loop missed its desired rate of 20.0000Hz
[controller_server-1] [WARN] [1783331791.028169901] [leo1.controller_server]: Control loop missed its desired rate of 20.0000Hz
[controller_server-1] [INFO] [1783331791.028217931] [leo1.controller_server]: Passing new path to controller.
[controller_server-1] [WARN] [1783331791.375554815] [leo1.controller_server]: Control loop missed its desired rate of 20.0000Hz
[controller_server-1] [WARN] [1783331791.747885429] [leo1.controller_server]: Control loop missed its desired rate of 20.0000Hz
[controller_server-1] [WARN] [1783331792.145052708] [leo1.controller_server]: Control loop missed its desired rate of 20.0000Hz
[controller_server-1] [INFO] [1783331792.145115107] [leo1.controller_server]: Passing new path to controller.
[controller_server-1] [WARN] [1783331792.464137019] [leo1.controller_server]: Control loop missed its desired rate of 20.0000Hz
[controller_server-1] [WARN] [1783331792.811031174] [leo1.controller_server]: Control loop missed its desired rate of 20.0000Hz
[controller_server-1] [WARN] [1783331793.137880603] [leo1.controller_server]: Control loop missed its desired rate of 20.0000Hz
[controller_server-1] [INFO] [1783331793.137963755] [leo1.controller_server]: Passing new path to controller.
[controller_server-1] [WARN] [1783331793.471981366] [leo1.controller_server]: Control loop missed its desired rate of 20.0000Hz
[behavior_server-9] [INFO] [1783331793.606325143] [leo2.behavior_server]: backup completed successfully
[controller_server-7] [INFO] [1783331793.653507437] [leo2.controller_server]: Received a goal, begin computing control effort.
[controller_server-1] [WARN] [1783331793.789372906] [leo1.controller_server]: Control loop missed its desired rate of 20.0000Hz
[controller_server-7] [ERROR] [1783331793.875875587] [transformPoseInTargetFrame]: Extrapolation Error looking up target frame: Lookup would require extrapolation into the future.  Requested time 127.500000 but the latest data is at time 127.493000, when looking up transform from frame [map] to frame [leo2/base_link]
[controller_server-7] 
[controller_server-7] [WARN] [1783331793.876818425] [leo2.controller_server]: Control loop missed its desired rate of 20.0000Hz
[controller_server-1] [WARN] [1783331794.112880392] [leo1.controller_server]: Control loop missed its desired rate of 20.0000Hz
[controller_server-1] [INFO] [1783331794.112962806] [leo1.controller_server]: Passing new path to controller.
[controller_server-1] [WARN] [1783331794.450548409] [leo1.controller_server]: Control loop missed its desired rate of 20.0000Hz
[controller_server-7] [INFO] [1783331794.691088300] [leo2.controller_server]: Passing new path to controller.
[controller_server-1] [WARN] [1783331794.775212314] [leo1.controller_server]: Control loop missed its desired rate of 20.0000Hz
[controller_server-7] [ERROR] [1783331794.872802861] [transformPoseInTargetFrame]: Extrapolation Error looking up target frame: Lookup would require extrapolation into the future.  Requested time 128.100000 but the latest data is at time 128.093000, when looking up transform from frame [map] to frame [leo2/base_link]
[controller_server-7] 
[controller_server-7] [WARN] [1783331794.873903308] [leo2.controller_server]: Control loop missed its desired rate of 20.0000Hz
[controller_server-1] [WARN] [1783331795.136605960] [leo1.controller_server]: Control loop missed its desired rate of 20.0000Hz
[controller_server-1] [INFO] [1783331795.136654977] [leo1.controller_server]: Passing new path to controller.
[controller_server-1] [WARN] [1783331795.488837511] [leo1.controller_server]: Control loop missed its desired rate of 20.0000Hz
[controller_server-7] [INFO] [1783331795.740114487] [leo2.controller_server]: Passing new path to controller.
[controller_server-1] [WARN] [1783331795.872279241] [leo1.controller_server]: Control loop missed its desired rate of 20.0000Hz
[controller_server-7] [ERROR] [1783331795.953195093] [transformPoseInTargetFrame]: Extrapolation Error looking up target frame: Lookup would require extrapolation into the future.  Requested time 128.700000 but the latest data is at time 128.693000, when looking up transform from frame [map] to frame [leo2/base_link]
[controller_server-7] 
[controller_server-7] [WARN] [1783331795.953902296] [leo2.controller_server]: Control loop missed its desired rate of 20.0000Hz
[controller_server-1] [WARN] [1783331796.194568567] [leo1.controller_server]: Control loop missed its desired rate of 20.0000Hz
[controller_server-1] [INFO] [1783331796.194612238] [leo1.controller_server]: Passing new path to controller.
[controller_server-1] [WARN] [1783331796.529612357] [leo1.controller_server]: Control loop missed its desired rate of 20.0000Hz
[controller_server-7] [INFO] [1783331796.766136968] [leo2.controller_server]: Passing new path to controller.
[controller_server-7] [WARN] [1783331796.887960899] [leo2.controller_server]: Control loop missed its desired rate of 20.0000Hz
[controller_server-7] [ERROR] [1783331797.176570779] [transformPoseInTargetFrame]: Extrapolation Error looking up target frame: Lookup would require extrapolation into the future.  Requested time 129.499000 but the latest data is at time 129.473000, when looking up transform from frame [map] to frame [leo2/base_link]
[controller_server-7] 
[controller_server-7] [WARN] [1783331797.178108277] [leo2.controller_server]: Control loop missed its desired rate of 20.0000Hz
[controller_server-1] [INFO] [1783331797.194892109] [leo1.controller_server]: Passing new path to controller.
[controller_server-1] [WARN] [1783331797.418080448] [leo1.controller_server]: Control loop missed its desired rate of 20.0000Hz
[controller_server-1] [WARN] [1783331797.682380799] [leo1.controller_server]: Control loop missed its desired rate of 20.0000Hz
[controller_server-7] [INFO] [1783331797.786649822] [leo2.controller_server]: Passing new path to controller.
[controller_server-7] [ERROR] [1783331798.039890135] [transformPoseInTargetFrame]: Extrapolation Error looking up target frame: Lookup would require extrapolation into the future.  Requested time 130.079000 but the latest data is at time 130.073000, when looking up transform from frame [map] to frame [leo2/base_link]
[controller_server-7] 
[controller_server-7] [WARN] [1783331798.040461566] [leo2.controller_server]: Control loop missed its desired rate of 20.0000Hz
[controller_server-1] [INFO] [1783331798.228524413] [leo1.controller_server]: Passing new path to controller.
[controller_server-1] [WARN] [1783331798.300497790] [leo1.controller_server]: Control loop missed its desired rate of 20.0000Hz
[controller_server-7] [INFO] [1783331798.807625195] [leo2.controller_server]: Passing new path to controller.
[controller_server-7] [ERROR] [1783331799.000583392] [transformPoseInTargetFrame]: Extrapolation Error looking up target frame: Lookup would require extrapolation into the future.  Requested time 130.684000 but the latest data is at time 130.673000, when looking up transform from frame [map] to frame [leo2/base_link]
[controller_server-7] 
[controller_server-7] [WARN] [1783331799.001083363] [leo2.controller_server]: Control loop missed its desired rate of 20.0000Hz
[controller_server-1] [INFO] [1783331799.232465151] [leo1.controller_server]: Passing new path to controller.
[controller_server-1] [WARN] [1783331799.294459724] [leo1.controller_server]: Control loop missed its desired rate of 20.0000Hz
[controller_server-7] [INFO] [1783331799.864070894] [leo2.controller_server]: Passing new path to controller.
[controller_server-7] [WARN] [1783331799.986184915] [leo2.controller_server]: Control loop missed its desired rate of 20.0000Hz
[controller_server-7] [ERROR] [1783331800.273345870] [transformPoseInTargetFrame]: Extrapolation Error looking up target frame: Lookup would require extrapolation into the future.  Requested time 131.494000 but the latest data is at time 131.473000, when looking up transform from frame [map] to frame [leo2/base_link]
[controller_server-7] 
[controller_server-7] [WARN] [1783331800.273933269] [leo2.controller_server]: Control loop missed its desired rate of 20.0000Hz
[controller_server-1] [INFO] [1783331800.282470569] [leo1.controller_server]: Passing new path to controller.
[controller_server-7] [INFO] [1783331800.885174132] [leo2.controller_server]: Passing new path to controller.
[controller_server-7] [ERROR] [1783331801.117910819] [transformPoseInTargetFrame]: Extrapolation Error looking up target frame: Lookup would require extrapolation into the future.  Requested time 132.073000 but the latest data is at time 132.053000, when looking up transform from frame [map] to frame [leo2/base_link]
[controller_server-7] 
[controller_server-7] [WARN] [1783331801.118720167] [leo2.controller_server]: Control loop missed its desired rate of 20.0000Hz
[controller_server-1] [INFO] [1783331801.282484554] [leo1.controller_server]: Passing new path to controller.
[controller_server-1] [WARN] [1783331801.426165139] [leo1.controller_server]: Control loop missed its desired rate of 20.0000Hz
[controller_server-7] [INFO] [1783331801.933500735] [leo2.controller_server]: Passing new path to controller.
[controller_server-7] [ERROR] [1783331802.055549904] [transformPoseInTargetFrame]: Extrapolation Error looking up target frame: Lookup would require extrapolation into the future.  Requested time 132.700000 but the latest data is at time 132.673000, when looking up transform from frame [map] to frame [leo2/base_link]
[controller_server-7] 
[controller_server-7] [WARN] [1783331802.056297721] [leo2.controller_server]: Control loop missed its desired rate of 20.0000Hz
[controller_server-1] [INFO] [1783331802.347703260] [leo1.controller_server]: Passing new path to controller.
[controller_server-7] [INFO] [1783331802.968818858] [leo2.controller_server]: Passing new path to controller.
[controller_server-7] [WARN] [1783331803.081081964] [leo2.controller_server]: Control loop missed its desired rate of 20.0000Hz
[controller_server-1] [INFO] [1783331803.376306183] [leo1.controller_server]: Passing new path to controller.
[controller_server-7] [INFO] [1783331803.994454970] [leo2.controller_server]: Passing new path to controller.
[controller_server-1] [INFO] [1783331804.376259795] [leo1.controller_server]: Passing new path to controller.
[controller_server-1] [ERROR] [1783331804.569502904] [transformPoseInTargetFrame]: Extrapolation Error looking up target frame: Lookup would require extrapolation into the future.  Requested time 134.233000 but the latest data is at time 134.232000, when looking up transform from frame [map] to frame [leo1/base_link]
[controller_server-1] 
[controller_server-1] [WARN] [1783331804.570505509] [leo1.controller_server]: Control loop missed its desired rate of 20.0000Hz
[controller_server-7] [INFO] [1783331805.031175877] [leo2.controller_server]: Passing new path to controller.
[controller_server-1] [INFO] [1783331805.388812772] [leo1.controller_server]: Passing new path to controller.
[controller_server-1] [WARN] [1783331805.572387754] [leo1.controller_server]: Control loop missed its desired rate of 20.0000Hz
[controller_server-7] [INFO] [1783331806.031202663] [leo2.controller_server]: Passing new path to controller.
[controller_server-7] [ERROR] [1783331806.214074832] [transformPoseInTargetFrame]: Extrapolation Error looking up target frame: Lookup would require extrapolation into the future.  Requested time 135.299000 but the latest data is at time 135.293000, when looking up transform from frame [map] to frame [leo2/base_link]
[controller_server-7] 
[controller_server-7] [WARN] [1783331806.214585281] [leo2.controller_server]: Control loop missed its desired rate of 20.0000Hz
[controller_server-1] [INFO] [1783331806.446716519] [leo1.controller_server]: Passing new path to controller.
[controller_server-7] [INFO] [1783331807.082661464] [leo2.controller_server]: Passing new path to controller.
[controller_server-7] [WARN] [1783331807.194786519] [leo2.controller_server]: Control loop missed its desired rate of 20.0000Hz
[controller_server-1] [INFO] [1783331807.472471854] [leo1.controller_server]: Passing new path to controller.
[planner_server-8] [ERROR] [1783331808.053561169] [leo2.planner_server]: Failed to create a plan from potential when a legal potential was found. This shouldn't happen.
[planner_server-8] [WARN] [1783331808.053647279] [leo2.planner_server]: GridBased: failed to create plan with tolerance 0.50.
[planner_server-8] [WARN] [1783331808.053658280] [leo2.planner_server]: Planning algorithm GridBased failed to generate a valid path to (9.07, -0.06)
[planner_server-8] [WARN] [1783331808.053667424] [leo2.planner_server]: [compute_path_to_pose] [ActionServer] Aborting handle.
[planner_server-8] [INFO] [1783331808.072097121] [leo2.global_costmap.global_costmap]: Received request to clear entirely the global_costmap
[controller_server-7] [INFO] [1783331808.214684506] [leo2.controller_server]: Passing new path to controller.
[controller_server-7] [WARN] [1783331808.388128348] [leo2.controller_server]: Control loop missed its desired rate of 20.0000Hz
[controller_server-1] [INFO] [1783331808.522503923] [leo1.controller_server]: Passing new path to controller.
[controller_server-1] [WARN] [1783331808.645770991] [leo1.controller_server]: Control loop missed its desired rate of 20.0000Hz
[controller_server-7] [INFO] [1783331809.250772340] [leo2.controller_server]: Passing new path to controller.
[controller_server-1] [INFO] [1783331809.512845832] [leo1.controller_server]: Passing new path to controller.
[controller_server-7] [INFO] [1783331810.288238959] [leo2.controller_server]: Passing new path to controller.
[controller_server-7] [ERROR] [1783331810.470981866] [transformPoseInTargetFrame]: Extrapolation Error looking up target frame: Lookup would require extrapolation into the future.  Requested time 138.084000 but the latest data is at time 138.053000, when looking up transform from frame [map] to frame [leo2/base_link]
[controller_server-7] 
[controller_server-7] [WARN] [1783331810.471437532] [leo2.controller_server]: Control loop missed its desired rate of 20.0000Hz
[controller_server-1] [INFO] [1783331810.545883469] [leo1.controller_server]: Passing new path to controller.
[controller_server-1] [ERROR] [1783331810.728916156] [transformPoseInTargetFrame]: Extrapolation Error looking up target frame: Lookup would require extrapolation into the future.  Requested time 138.246000 but the latest data is at time 138.232000, when looking up transform from frame [map] to frame [leo1/base_link]
[controller_server-1] 
[controller_server-1] [WARN] [1783331810.729663256] [leo1.controller_server]: Control loop missed its desired rate of 20.0000Hz
[controller_server-7] [INFO] [1783331811.332379270] [leo2.controller_server]: Passing new path to controller.
[controller_server-1] [INFO] [1783331811.595999754] [leo1.controller_server]: Passing new path to controller.
[controller_server-7] [INFO] [1783331812.321575647] [leo2.controller_server]: Passing new path to controller.
[controller_server-1] [INFO] [1783331812.629759149] [leo1.controller_server]: Passing new path to controller.
[controller_server-1] [WARN] [1783331812.793017185] [leo1.controller_server]: Control loop missed its desired rate of 20.0000Hz
[controller_server-7] [INFO] [1783331813.371556104] [leo2.controller_server]: Passing new path to controller.
[controller_server-1] [INFO] [1783331813.657418776] [leo1.controller_server]: Passing new path to controller.
[controller_server-7] [INFO] [1783331814.371528657] [leo2.controller_server]: Passing new path to controller.
[controller_server-1] [INFO] [1783331814.693153108] [leo1.controller_server]: Passing new path to controller.
[planner_server-8] [INFO] [1783331814.763566063] [leo2.global_costmap.global_costmap]: StaticLayer: Resizing costmap to 478 X 317 at 0.050000 m/pix
[controller_server-1] [WARN] [1783331814.846421595] [leo1.controller_server]: Control loop missed its desired rate of 20.0000Hz
[planner_server-2] [INFO] [1783331814.915101428] [leo1.global_costmap.global_costmap]: StaticLayer: Resizing costmap to 478 X 317 at 0.050000 m/pix
[controller_server-7] [INFO] [1783331815.421532241] [leo2.controller_server]: Passing new path to controller.
[controller_server-1] [INFO] [1783331815.710231953] [leo1.controller_server]: Passing new path to controller.
[controller_server-7] [INFO] [1783331816.471539553] [leo2.controller_server]: Passing new path to controller.
[controller_server-1] [INFO] [1783331816.746532065] [leo1.controller_server]: Passing new path to controller.
[controller_server-1] [WARN] [1783331816.848817067] [leo1.controller_server]: Control loop missed its desired rate of 20.0000Hz
[controller_server-7] [INFO] [1783331817.221715960] [leo2.controller_server]: Reached the goal!
[bt_navigator-10] [INFO] [1783331817.253593519] [leo2.bt_navigator]: Goal succeeded
[controller_server-1] [INFO] [1783331817.765210020] [leo1.controller_server]: Passing new path to controller.
[controller_server-1] [ERROR] [1783331817.927766762] [transformPoseInTargetFrame]: Extrapolation Error looking up target frame: Lookup would require extrapolation into the future.  Requested time 143.249000 but the latest data is at time 143.232000, when looking up transform from frame [map] to frame [leo1/base_link]
[controller_server-1] 
[controller_server-1] [WARN] [1783331817.930871841] [leo1.controller_server]: Control loop missed its desired rate of 20.0000Hz
[controller_server-1] [INFO] [1783331818.794215003] [leo1.controller_server]: Passing new path to controller.
[bt_navigator-4] [INFO] [1783331819.503083719] [leo1.bt_navigator]: Received goal preemption request
[bt_navigator-4] [INFO] [1783331819.504308731] [leo1.bt_navigator]: Begin navigating from current location (-5.95, -1.26) to (-6.78, -3.56)
[bt_navigator-10] [INFO] [1783331819.625822821] [leo2.bt_navigator]: Begin navigating from current location (8.85, 0.04) to (-6.78, -3.56)
[controller_server-7] [INFO] [1783331819.647572002] [leo2.controller_server]: Received a goal, begin computing control effort.
[controller_server-7] [WARN] [1783331819.708554040] [leo2.controller_server]: Control loop missed its desired rate of 20.0000Hz
[controller_server-1] [INFO] [1783331819.827727520] [leo1.controller_server]: Passing new path to controller.
[controller_server-1] [WARN] [1783331819.940369705] [leo1.controller_server]: Control loop missed its desired rate of 20.0000Hz
[controller_server-7] [ERROR] [1783331819.960610994] [transformPoseInTargetFrame]: Extrapolation Error looking up target frame: Lookup would require extrapolation into the future.  Requested time 144.677000 but the latest data is at time 144.653000, when looking up transform from frame [map] to frame [leo2/base_link]
[controller_server-7] 
[controller_server-7] [WARN] [1783331819.961467214] [leo2.controller_server]: Control loop missed its desired rate of 20.0000Hz
[controller_server-7] [INFO] [1783331820.680845064] [leo2.controller_server]: Passing new path to controller.
[controller_server-7] [WARN] [1783331820.833122275] [leo2.controller_server]: Control loop missed its desired rate of 20.0000Hz
[controller_server-1] [INFO] [1783331820.852964562] [leo1.controller_server]: Passing new path to controller.
[controller_server-7] [ERROR] [1783331821.077755466] [transformPoseInTargetFrame]: Extrapolation Error looking up target frame: Lookup would require extrapolation into the future.  Requested time 145.461000 but the latest data is at time 145.453000, when looking up transform from frame [map] to frame [leo2/base_link]
[controller_server-7] 
[controller_server-7] [WARN] [1783331821.079002387] [leo2.controller_server]: Control loop missed its desired rate of 20.0000Hz
[controller_server-7] [INFO] [1783331821.744419723] [leo2.controller_server]: Passing new path to controller.
[controller_server-1] [INFO] [1783331821.876266696] [leo1.controller_server]: Passing new path to controller.
[controller_server-1] [WARN] [1783331821.978216300] [leo1.controller_server]: Control loop missed its desired rate of 20.0000Hz
[controller_server-7] [ERROR] [1783331821.987482984] [transformPoseInTargetFrame]: Extrapolation Error looking up target frame: Lookup would require extrapolation into the future.  Requested time 146.078000 but the latest data is at time 146.053000, when looking up transform from frame [map] to frame [leo2/base_link]
[controller_server-7] 
[controller_server-7] [WARN] [1783331821.988505780] [leo2.controller_server]: Control loop missed its desired rate of 20.0000Hz
[controller_server-7] [INFO] [1783331822.756938565] [leo2.controller_server]: Passing new path to controller.
[controller_server-7] [WARN] [1783331822.868896069] [leo2.controller_server]: Control loop missed its desired rate of 20.0000Hz
[controller_server-1] [INFO] [1783331822.890477163] [leo1.controller_server]: Passing new path to controller.
[controller_server-7] [ERROR] [1783331823.100628017] [transformPoseInTargetFrame]: Extrapolation Error looking up target frame: Lookup would require extrapolation into the future.  Requested time 146.860000 but the latest data is at time 146.853000, when looking up transform from frame [map] to frame [leo2/base_link]
[controller_server-7] 
[controller_server-7] [WARN] [1783331823.102304822] [leo2.controller_server]: Control loop missed its desired rate of 20.0000Hz
[controller_server-7] [INFO] [1783331823.770258513] [leo2.controller_server]: Passing new path to controller.
[controller_server-1] [INFO] [1783331823.940454892] [leo1.controller_server]: Passing new path to controller.
[controller_server-7] [ERROR] [1783331824.003370309] [transformPoseInTargetFrame]: Extrapolation Error looking up target frame: Lookup would require extrapolation into the future.  Requested time 147.494000 but the latest data is at time 147.453000, when looking up transform from frame [map] to frame [leo2/base_link]
[controller_server-7] 
[controller_server-7] [WARN] [1783331824.004188962] [leo2.controller_server]: Control loop missed its desired rate of 20.0000Hz
[planner_server-8] [INFO] [1783331824.763531187] [leo2.global_costmap.global_costmap]: StaticLayer: Resizing costmap to 478 X 318 at 0.050000 m/pix
[controller_server-7] [INFO] [1783331824.823191821] [leo2.controller_server]: Passing new path to controller.
[controller_server-7] [WARN] [1783331824.904828824] [leo2.controller_server]: Control loop missed its desired rate of 20.0000Hz
[planner_server-2] [INFO] [1783331824.914189437] [leo1.global_costmap.global_costmap]: StaticLayer: Resizing costmap to 478 X 318 at 0.050000 m/pix
[controller_server-1] [INFO] [1783331824.989594740] [leo1.controller_server]: Passing new path to controller.
[controller_server-1] [WARN] [1783331825.142615063] [leo1.controller_server]: Control loop missed its desired rate of 20.0000Hz
[controller_server-7] [ERROR] [1783331825.195871595] [transformPoseInTargetFrame]: Extrapolation Error looking up target frame: Lookup would require extrapolation into the future.  Requested time 148.283000 but the latest data is at time 148.253000, when looking up transform from frame [map] to frame [leo2/base_link]
[controller_server-7] 
[controller_server-7] [WARN] [1783331825.196721836] [leo2.controller_server]: Control loop missed its desired rate of 20.0000Hz
[controller_server-7] [INFO] [1783331825.863752942] [leo2.controller_server]: Passing new path to controller.
[controller_server-1] [INFO] [1783331826.007338990] [leo1.controller_server]: Passing new path to controller.
[controller_server-1] [WARN] [1783331826.109556086] [leo1.controller_server]: Control loop missed its desired rate of 20.0000Hz
[controller_server-7] [ERROR] [1783331826.127214554] [transformPoseInTargetFrame]: Extrapolation Error looking up target frame: Lookup would require extrapolation into the future.  Requested time 148.878000 but the latest data is at time 148.873000, when looking up transform from frame [map] to frame [leo2/base_link]
[controller_server-7] 
[controller_server-7] [WARN] [1783331826.128469987] [leo2.controller_server]: Control loop missed its desired rate of 20.0000Hz
[controller_server-7] [INFO] [1783331826.894540888] [leo2.controller_server]: Passing new path to controller.
[controller_server-1] [INFO] [1783331827.042719465] [leo1.controller_server]: Passing new path to controller.
[controller_server-7] [ERROR] [1783331827.066844712] [transformPoseInTargetFrame]: Extrapolation Error looking up target frame: Lookup would require extrapolation into the future.  Requested time 149.500000 but the latest data is at time 149.473000, when looking up transform from frame [map] to frame [leo2/base_link]
[controller_server-7] 
[controller_server-7] [WARN] [1783331827.067603665] [leo2.controller_server]: Control loop missed its desired rate of 20.0000Hz
[controller_server-7] [INFO] [1783331827.935932960] [leo2.controller_server]: Passing new path to controller.
[controller_server-7] [WARN] [1783331828.028259355] [leo2.controller_server]: Control loop missed its desired rate of 20.0000Hz
[controller_server-1] [INFO] [1783331828.042697515] [leo1.controller_server]: Passing new path to controller.
[controller_server-1] [WARN] [1783331828.245852983] [leo1.controller_server]: Control loop missed its desired rate of 20.0000Hz
[controller_server-7] [INFO] [1783331828.917705433] [leo2.controller_server]: Passing new path to controller.
[controller_server-7] [WARN] [1783331829.010667547] [leo2.controller_server]: Control loop missed its desired rate of 20.0000Hz
[controller_server-1] [INFO] [1783331829.107878821] [leo1.controller_server]: Passing new path to controller.
[controller_server-1] [WARN] [1783331829.230015231] [leo1.controller_server]: Control loop missed its desired rate of 20.0000Hz
[controller_server-7] [INFO] [1783331829.967704687] [leo2.controller_server]: Passing new path to controller.
[controller_server-1] [INFO] [1783331830.095946939] [leo1.controller_server]: Passing new path to controller.
[controller_server-1] [WARN] [1783331830.218006958] [leo1.controller_server]: Control loop missed its desired rate of 20.0000Hz
[controller_server-7] [INFO] [1783331831.017704857] [leo2.controller_server]: Passing new path to controller.
[controller_server-1] [INFO] [1783331831.127582898] [leo1.controller_server]: Passing new path to controller.
[controller_server-7] [INFO] [1783331832.017716905] [leo2.controller_server]: Passing new path to controller.
[controller_server-1] [INFO] [1783331832.185269048] [leo1.controller_server]: Passing new path to controller.
[controller_server-7] [INFO] [1783331833.067698862] [leo2.controller_server]: Passing new path to controller.
[controller_server-1] [INFO] [1783331833.191833459] [leo1.controller_server]: Passing new path to controller.
[controller_server-7] [ERROR] [1783331833.271218838] [transformPoseInTargetFrame]: Extrapolation Error looking up target frame: Lookup would require extrapolation into the future.  Requested time 153.300000 but the latest data is at time 153.293000, when looking up transform from frame [map] to frame [leo2/base_link]
[controller_server-7] 
[controller_server-7] [WARN] [1783331833.275025628] [leo2.controller_server]: Control loop missed its desired rate of 20.0000Hz
[controller_server-1] [INFO] [1783331833.544220517] [leo1.controller_server]: Reached the goal!
[bt_navigator-4] [INFO] [1783331833.582857978] [leo1.bt_navigator]: Goal succeeded
[controller_server-7] [INFO] [1783331834.091582090] [leo2.controller_server]: Passing new path to controller.
[controller_server-7] [ERROR] [1783331834.254709303] [transformPoseInTargetFrame]: Extrapolation Error looking up target frame: Lookup would require extrapolation into the future.  Requested time 153.900000 but the latest data is at time 153.893000, when looking up transform from frame [map] to frame [leo2/base_link]
[controller_server-7] 
[controller_server-7] [WARN] [1783331834.256077020] [leo2.controller_server]: Control loop missed its desired rate of 20.0000Hz
[controller_server-7] [INFO] [1783331835.129509247] [leo2.controller_server]: Passing new path to controller.
[controller_server-7] [ERROR] [1783331835.251480314] [transformPoseInTargetFrame]: Extrapolation Error looking up target frame: Lookup would require extrapolation into the future.  Requested time 154.500000 but the latest data is at time 154.493000, when looking up transform from frame [map] to frame [leo2/base_link]
[controller_server-7] 
[controller_server-7] [WARN] [1783331835.254814597] [leo2.controller_server]: Control loop missed its desired rate of 20.0000Hz
[controller_server-7] [INFO] [1783331836.156183218] [leo2.controller_server]: Passing new path to controller.
[controller_server-7] [WARN] [1783331836.239604865] [leo2.controller_server]: Control loop missed its desired rate of 20.0000Hz
[controller_server-7] [INFO] [1783331837.206154254] [leo2.controller_server]: Passing new path to controller.
[bt_navigator-4] [INFO] [1783331837.980906536] [leo1.bt_navigator]: Begin navigating from current location (-6.64, -3.36) to (-2.93, -5.47)
[controller_server-1] [INFO] [1783331838.001727955] [leo1.controller_server]: Received a goal, begin computing control effort.
[bt_navigator-10] [INFO] [1783331838.005291190] [leo2.bt_navigator]: Received goal preemption request
[bt_navigator-10] [INFO] [1783331838.006193125] [leo2.bt_navigator]: Begin navigating from current location (7.29, -0.08) to (-2.93, -5.47)
[controller_server-1] [WARN] [1783331838.125458971] [leo1.controller_server]: Control loop missed its desired rate of 20.0000Hz
[controller_server-7] [INFO] [1783331838.206172875] [leo2.controller_server]: Passing new path to controller.
[controller_server-1] [WARN] [1783331838.441958118] [leo1.controller_server]: Control loop missed its desired rate of 20.0000Hz
[controller_server-1] [WARN] [1783331838.759266425] [leo1.controller_server]: Control loop missed its desired rate of 20.0000Hz
[controller_server-1] [WARN] [1783331839.095231814] [leo1.controller_server]: Control loop missed its desired rate of 20.0000Hz
[controller_server-1] [INFO] [1783331839.095296878] [leo1.controller_server]: Passing new path to controller.
[controller_server-7] [INFO] [1783331839.256167467] [leo2.controller_server]: Passing new path to controller.
[controller_server-1] [WARN] [1783331839.420776360] [leo1.controller_server]: Control loop missed its desired rate of 20.0000Hz
[controller_server-1] [WARN] [1783331839.735775966] [leo1.controller_server]: Control loop missed its desired rate of 20.0000Hz
[controller_server-1] [WARN] [1783331840.050826092] [leo1.controller_server]: Control loop missed its desired rate of 20.0000Hz
[controller_server-1] [INFO] [1783331840.133745149] [leo1.controller_server]: Passing new path to controller.
[controller_server-7] [INFO] [1783331840.256171578] [leo2.controller_server]: Passing new path to controller.
[controller_server-1] [WARN] [1783331840.393591241] [leo1.controller_server]: Control loop missed its desired rate of 20.0000Hz
[controller_server-1] [WARN] [1783331840.732876037] [leo1.controller_server]: Control loop missed its desired rate of 20.0000Hz
[controller_server-1] [WARN] [1783331841.039003073] [leo1.controller_server]: Control loop missed its desired rate of 20.0000Hz
[controller_server-1] [INFO] [1783331841.121128380] [leo1.controller_server]: Passing new path to controller.
[controller_server-7] [INFO] [1783331841.306164760] [leo2.controller_server]: Passing new path to controller.
[controller_server-1] [WARN] [1783331841.353982661] [leo1.controller_server]: Control loop missed its desired rate of 20.0000Hz
[controller_server-7] [ERROR] [1783331841.458222702] [transformPoseInTargetFrame]: Extrapolation Error looking up target frame: Lookup would require extrapolation into the future.  Requested time 158.300000 but the latest data is at time 158.293000, when looking up transform from frame [map] to frame [leo2/base_link]
[controller_server-7] 
[controller_server-7] [WARN] [1783331841.459962905] [leo2.controller_server]: Control loop missed its desired rate of 20.0000Hz
[controller_server-1] [INFO] [1783331842.133221060] [leo1.controller_server]: Passing new path to controller.
[controller_server-7] [INFO] [1783331842.333194144] [leo2.controller_server]: Passing new path to controller.
[controller_server-7] [WARN] [1783331842.436334245] [leo2.controller_server]: Control loop missed its desired rate of 20.0000Hz
[controller_server-1] [INFO] [1783331843.154091980] [leo1.controller_server]: Passing new path to controller.
[controller_server-1] [WARN] [1783331843.287530283] [leo1.controller_server]: Control loop missed its desired rate of 20.0000Hz
[planner_server-8] [ERROR] [1783331843.318395644] [leo2.planner_server]: Failed to create a plan from potential when a legal potential was found. This shouldn't happen.
[planner_server-8] [WARN] [1783331843.318464609] [leo2.planner_server]: GridBased: failed to create plan with tolerance 0.50.
[planner_server-8] [WARN] [1783331843.318475839] [leo2.planner_server]: Planning algorithm GridBased failed to generate a valid path to (-2.93, -5.47)
[planner_server-8] [WARN] [1783331843.318483473] [leo2.planner_server]: [compute_path_to_pose] [ActionServer] Aborting handle.
[planner_server-8] [INFO] [1783331843.335273016] [leo2.global_costmap.global_costmap]: Received request to clear entirely the global_costmap
[planner_server-8] [ERROR] [1783331843.368440961] [leo2.planner_server]: Failed to create a plan from potential when a legal potential was found. This shouldn't happen.
[planner_server-8] [WARN] [1783331843.368515256] [leo2.planner_server]: GridBased: failed to create plan with tolerance 0.50.
[planner_server-8] [WARN] [1783331843.368526265] [leo2.planner_server]: Planning algorithm GridBased failed to generate a valid path to (-2.93, -5.47)
[planner_server-8] [WARN] [1783331843.368545399] [leo2.planner_server]: [compute_path_to_pose] [ActionServer] Aborting handle.
[bt_navigator-10] [ERROR] [1783331843.406035582] [leo2.bt_navigator_navigate_to_pose_rclcpp_node]: Failed to get result for follow_path in node halt!
[controller_server-7] [INFO] [1783331843.406444083] [leo2.local_costmap.local_costmap]: Received request to clear entirely the local_costmap
[planner_server-8] [INFO] [1783331843.407207726] [leo2.global_costmap.global_costmap]: Received request to clear entirely the global_costmap
[bt_navigator-10] [WARN] [1783331843.408847031] [BehaviorTreeEngine]: Behavior Tree tick rate 100.00 was exceeded!
[controller_server-7] [INFO] [1783331843.410048731] [leo2.controller_server]: Goal was canceled. Stopping the robot.
[controller_server-7] [INFO] [1783331843.410075640] [leo2.controller_server]: [follow_path] [ActionServer] Client requested to cancel the goal. Cancelling.
[controller_server-7] [INFO] [1783331843.590341698] [leo2.controller_server]: Received a goal, begin computing control effort.
[controller_server-7] [WARN] [1783331843.723172591] [leo2.controller_server]: Control loop missed its desired rate of 20.0000Hz
[controller_server-1] [INFO] [1783331844.209539218] [leo1.controller_server]: Passing new path to controller.
[controller_server-7] [INFO] [1783331844.644082453] [leo2.controller_server]: Passing new path to controller.
[planner_server-8] [INFO] [1783331844.762687851] [leo2.global_costmap.global_costmap]: StaticLayer: Resizing costmap to 477 X 318 at 0.050000 m/pix
[planner_server-8] [INFO] [1783331844.962654144] [leo2.global_costmap.global_costmap]: StaticLayer: Resizing costmap to 478 X 318 at 0.050000 m/pix
[controller_server-1] [INFO] [1783331845.237623018] [leo1.controller_server]: Passing new path to controller.
[controller_server-7] [INFO] [1783331845.673277947] [leo2.controller_server]: Passing new path to controller.
[controller_server-1] [INFO] [1783331846.287634459] [leo1.controller_server]: Passing new path to controller.
[controller_server-7] [INFO] [1783331846.723258284] [leo2.controller_server]: Passing new path to controller.
[controller_server-1] [INFO] [1783331847.287638678] [leo1.controller_server]: Passing new path to controller.
[controller_server-7] [INFO] [1783331847.723279873] [leo2.controller_server]: Passing new path to controller.
[controller_server-1] [INFO] [1783331848.337655017] [leo1.controller_server]: Passing new path to controller.
[controller_server-7] [INFO] [1783331848.773248145] [leo2.controller_server]: Passing new path to controller.
[controller_server-7] [ERROR] [1783331848.996412246] [transformPoseInTargetFrame]: Extrapolation Error looking up target frame: Lookup would require extrapolation into the future.  Requested time 162.900000 but the latest data is at time 162.893000, when looking up transform from frame [map] to frame [leo2/base_link]
[controller_server-7] 
[controller_server-7] [WARN] [1783331848.997571938] [leo2.controller_server]: Control loop missed its desired rate of 20.0000Hz
[controller_server-1] [INFO] [1783331849.337647687] [leo1.controller_server]: Passing new path to controller.
[controller_server-7] [INFO] [1783331849.818394755] [leo2.controller_server]: Passing new path to controller.
[controller_server-7] [ERROR] [1783331850.000793541] [transformPoseInTargetFrame]: Extrapolation Error looking up target frame: Lookup would require extrapolation into the future.  Requested time 163.500000 but the latest data is at time 163.493000, when looking up transform from frame [map] to frame [leo2/base_link]
[controller_server-7] 
[controller_server-7] [WARN] [1783331850.001940596] [leo2.controller_server]: Control loop missed its desired rate of 20.0000Hz
[planner_server-2] [ERROR] [1783331850.344028943] [leo1.planner_server]: Failed to create a plan from potential when a legal potential was found. This shouldn't happen.
[planner_server-2] [WARN] [1783331850.344121000] [leo1.planner_server]: GridBased: failed to create plan with tolerance 0.50.
[planner_server-2] [WARN] [1783331850.344135037] [leo1.planner_server]: Planning algorithm GridBased failed to generate a valid path to (-2.93, -5.47)
[planner_server-2] [WARN] [1783331850.344145000] [leo1.planner_server]: [compute_path_to_pose] [ActionServer] Aborting handle.
[planner_server-2] [INFO] [1783331850.361364372] [leo1.global_costmap.global_costmap]: Received request to clear entirely the global_costmap
[planner_server-2] [ERROR] [1783331850.524549450] [leo1.planner_server]: Failed to create a plan from potential when a legal potential was found. This shouldn't happen.
[planner_server-2] [WARN] [1783331850.524625522] [leo1.planner_server]: GridBased: failed to create plan with tolerance 0.50.
[planner_server-2] [WARN] [1783331850.524635641] [leo1.planner_server]: Planning algorithm GridBased failed to generate a valid path to (-2.93, -5.47)
[planner_server-2] [WARN] [1783331850.524644488] [leo1.planner_server]: [compute_path_to_pose] [ActionServer] Aborting handle.
[bt_navigator-4] [ERROR] [1783331850.561915687] [leo1.bt_navigator_navigate_to_pose_rclcpp_node]: Failed to get result for follow_path in node halt!
[controller_server-1] [INFO] [1783331850.562102910] [leo1.local_costmap.local_costmap]: Received request to clear entirely the local_costmap
[planner_server-2] [INFO] [1783331850.562982457] [leo1.global_costmap.global_costmap]: Received request to clear entirely the global_costmap
[bt_navigator-4] [WARN] [1783331850.564257801] [BehaviorTreeEngine]: Behavior Tree tick rate 100.00 was exceeded!
[controller_server-1] [INFO] [1783331850.587609263] [leo1.controller_server]: Goal was canceled. Stopping the robot.
[controller_server-1] [INFO] [1783331850.587656581] [leo1.controller_server]: [follow_path] [ActionServer] Client requested to cancel the goal. Cancelling.
[planner_server-2] [ERROR] [1783331850.725468187] [leo1.planner_server]: Failed to create a plan from potential when a legal potential was found. This shouldn't happen.
[planner_server-2] [WARN] [1783331850.725590679] [leo1.planner_server]: GridBased: failed to create plan with tolerance 0.50.
[planner_server-2] [WARN] [1783331850.725643527] [leo1.planner_server]: Planning algorithm GridBased failed to generate a valid path to (-2.93, -5.47)
[planner_server-2] [WARN] [1783331850.725662412] [leo1.planner_server]: [compute_path_to_pose] [ActionServer] Aborting handle.
[planner_server-2] [INFO] [1783331850.745160437] [leo1.global_costmap.global_costmap]: Received request to clear entirely the global_costmap
[controller_server-7] [INFO] [1783331850.820693729] [leo2.controller_server]: Passing new path to controller.
[planner_server-2] [ERROR] [1783331850.928275376] [leo1.planner_server]: Failed to create a plan from potential when a legal potential was found. This shouldn't happen.
[planner_server-2] [WARN] [1783331850.928357099] [leo1.planner_server]: GridBased: failed to create plan with tolerance 0.50.
[planner_server-2] [WARN] [1783331850.928424857] [leo1.planner_server]: Planning algorithm GridBased failed to generate a valid path to (-2.93, -5.47)
[planner_server-2] [WARN] [1783331850.928437526] [leo1.planner_server]: [compute_path_to_pose] [ActionServer] Aborting handle.
[behavior_server-3] [INFO] [1783331850.945025760] [leo1.behavior_server]: Running spin
[behavior_server-3] [INFO] [1783331850.945279207] [leo1.behavior_server]: Turning 1.57 for spin behavior.
[controller_server-7] [ERROR] [1783331851.003487973] [transformPoseInTargetFrame]: Extrapolation Error looking up target frame: Lookup would require extrapolation into the future.  Requested time 164.100000 but the latest data is at time 164.093000, when looking up transform from frame [map] to frame [leo2/base_link]
[controller_server-7] 
[controller_server-7] [WARN] [1783331851.004749592] [leo2.controller_server]: Control loop missed its desired rate of 20.0000Hz
[controller_server-7] [INFO] [1783331851.876455026] [leo2.controller_server]: Passing new path to controller.
[controller_server-7] [ERROR] [1783331852.069028882] [transformPoseInTargetFrame]: Extrapolation Error looking up target frame: Lookup would require extrapolation into the future.  Requested time 164.700000 but the latest data is at time 164.693000, when looking up transform from frame [map] to frame [leo2/base_link]
[controller_server-7] 
[controller_server-7] [WARN] [1783331852.069899554] [leo2.controller_server]: Control loop missed its desired rate of 20.0000Hz
[controller_server-7] [INFO] [1783331852.891283602] [leo2.controller_server]: Passing new path to controller.
[behavior_server-3] [INFO] [1783331853.845548867] [leo1.behavior_server]: spin completed successfully
[planner_server-2] [ERROR] [1783331853.876241120] [leo1.planner_server]: Failed to create a plan from potential when a legal potential was found. This shouldn't happen.
[planner_server-2] [WARN] [1783331853.876426810] [leo1.planner_server]: GridBased: failed to create plan with tolerance 0.50.
[planner_server-2] [WARN] [1783331853.876454385] [leo1.planner_server]: Planning algorithm GridBased failed to generate a valid path to (-2.93, -5.47)
[planner_server-2] [WARN] [1783331853.876470723] [leo1.planner_server]: [compute_path_to_pose] [ActionServer] Aborting handle.
[planner_server-2] [INFO] [1783331853.894462641] [leo1.global_costmap.global_costmap]: Received request to clear entirely the global_costmap
[controller_server-7] [INFO] [1783331853.920029022] [leo2.controller_server]: Passing new path to controller.
[planner_server-2] [ERROR] [1783331853.926952837] [leo1.planner_server]: Failed to create a plan from potential when a legal potential was found. This shouldn't happen.
[planner_server-2] [WARN] [1783331853.927046574] [leo1.planner_server]: GridBased: failed to create plan with tolerance 0.50.
[planner_server-2] [WARN] [1783331853.927064338] [leo1.planner_server]: Planning algorithm GridBased failed to generate a valid path to (-2.93, -5.47)
[planner_server-2] [WARN] [1783331853.927077102] [leo1.planner_server]: [compute_path_to_pose] [ActionServer] Aborting handle.
[behavior_server-3] [INFO] [1783331853.945079785] [leo1.behavior_server]: Running wait
[planner_server-8] [INFO] [1783331854.762679170] [leo2.global_costmap.global_costmap]: StaticLayer: Resizing costmap to 477 X 318 at 0.050000 m/pix
[planner_server-8] [INFO] [1783331854.961496537] [leo2.global_costmap.global_costmap]: StaticLayer: Resizing costmap to 478 X 318 at 0.050000 m/pix
[controller_server-7] [INFO] [1783331854.968836939] [leo2.controller_server]: Passing new path to controller.
[controller_server-7] [INFO] [1783331855.968898294] [leo2.controller_server]: Passing new path to controller.
[controller_server-7] [INFO] [1783331857.018863522] [leo2.controller_server]: Passing new path to controller.
[controller_server-7] [INFO] [1783331858.018883481] [leo2.controller_server]: Passing new path to controller.
[planner_server-8] [ERROR] [1783331858.047525521] [leo2.planner_server]: Failed to create a plan from potential when a legal potential was found. This shouldn't happen.
[planner_server-8] [WARN] [1783331858.047599726] [leo2.planner_server]: GridBased: failed to create plan with tolerance 0.50.
[planner_server-8] [WARN] [1783331858.047612369] [leo2.planner_server]: Planning algorithm  failed to generate a valid path to (-2.18, -5.27)
[planner_server-8] [WARN] [1783331858.047621507] [leo2.planner_server]: [compute_path_to_pose] [ActionServer] Aborting handle.
[controller_server-7] [WARN] [1783331858.090917492] [leo2.controller_server]: Control loop missed its desired rate of 20.0000Hz
[bt_navigator-4] [INFO] [1783331858.103312349] [leo1.bt_navigator]: Received goal preemption request
[bt_navigator-4] [INFO] [1783331858.104247802] [leo1.bt_navigator]: Begin navigating from current location (-5.55, -3.85) to (-2.18, -5.27)
[controller_server-7] [INFO] [1783331859.068858853] [leo2.controller_server]: Passing new path to controller.
[controller_server-7] [WARN] [1783331859.130905778] [leo2.controller_server]: Control loop missed its desired rate of 20.0000Hz
[controller_server-7] [INFO] [1783331860.118856506] [leo2.controller_server]: Passing new path to controller.
[controller_server-7] [INFO] [1783331861.118852777] [leo2.controller_server]: Passing new path to controller.
[controller_server-7] [INFO] [1783331862.168852140] [leo2.controller_server]: Passing new path to controller.
[behavior_server-3] [INFO] [1783331862.544298595] [leo1.behavior_server]: wait completed successfully
[controller_server-1] [INFO] [1783331862.593874886] [leo1.controller_server]: Received a goal, begin computing control effort.
[controller_server-1] [WARN] [1783331862.695451561] [leo1.controller_server]: Control loop missed its desired rate of 20.0000Hz
[controller_server-1] [WARN] [1783331863.041315421] [leo1.controller_server]: Control loop missed its desired rate of 20.0000Hz
[controller_server-7] [INFO] [1783331863.168986699] [leo2.controller_server]: Passing new path to controller.
[controller_server-1] [WARN] [1783331863.377029257] [leo1.controller_server]: Control loop missed its desired rate of 20.0000Hz
[controller_server-1] [WARN] [1783331863.719174712] [leo1.controller_server]: Control loop missed its desired rate of 20.0000Hz
[controller_server-1] [INFO] [1783331863.719234385] [leo1.controller_server]: Passing new path to controller.
[controller_server-1] [WARN] [1783331864.091410117] [leo1.controller_server]: Control loop missed its desired rate of 20.0000Hz
[controller_server-7] [INFO] [1783331864.218853662] [leo2.controller_server]: Passing new path to controller.
[controller_server-1] [WARN] [1783331864.425100741] [leo1.controller_server]: Control loop missed its desired rate of 20.0000Hz
[controller_server-1] [WARN] [1783331864.800973179] [leo1.controller_server]: Control loop missed its desired rate of 20.0000Hz
[controller_server-1] [INFO] [1783331864.801033820] [leo1.controller_server]: Passing new path to controller.
[bt_navigator-10] [INFO] [1783331864.907937341] [leo2.bt_navigator]: Received goal preemption request
[bt_navigator-10] [INFO] [1783331864.908673199] [leo2.bt_navigator]: Begin navigating from current location (3.21, -0.09) to (-10.48, -4.62)
[controller_server-1] [WARN] [1783331865.175652717] [leo1.controller_server]: Control loop missed its desired rate of 20.0000Hz
[controller_server-7] [INFO] [1783331865.268928626] [leo2.controller_server]: Passing new path to controller.
[controller_server-1] [WARN] [1783331865.537809930] [leo1.controller_server]: Control loop missed its desired rate of 20.0000Hz
[controller_server-1] [INFO] [1783331865.737893334] [leo1.controller_server]: Passing new path to controller.
[controller_server-1] [WARN] [1783331865.890200127] [leo1.controller_server]: Control loop missed its desired rate of 20.0000Hz
[controller_server-7] [INFO] [1783331866.268849428] [leo2.controller_server]: Passing new path to controller.
[controller_server-7] [WARN] [1783331866.351942282] [leo2.controller_server]: Control loop missed its desired rate of 20.0000Hz
[planner_server-2] [ERROR] [1783331866.695027007] [leo1.planner_server]: Failed to create a plan from potential when a legal potential was found. This shouldn't happen.
[planner_server-2] [WARN] [1783331866.695119561] [leo1.planner_server]: GridBased: failed to create plan with tolerance 0.50.
[planner_server-2] [WARN] [1783331866.695130966] [leo1.planner_server]: Planning algorithm GridBased failed to generate a valid path to (-2.18, -5.27)
[planner_server-2] [WARN] [1783331866.695139613] [leo1.planner_server]: [compute_path_to_pose] [ActionServer] Aborting handle.
[planner_server-2] [INFO] [1783331866.713329445] [leo1.global_costmap.global_costmap]: Received request to clear entirely the global_costmap
[planner_server-2] [ERROR] [1783331866.917938959] [leo1.planner_server]: Failed to create a plan from potential when a legal potential was found. This shouldn't happen.
[planner_server-2] [WARN] [1783331866.918024098] [leo1.planner_server]: GridBased: failed to create plan with tolerance 0.50.
[planner_server-2] [WARN] [1783331866.918034592] [leo1.planner_server]: Planning algorithm GridBased failed to generate a valid path to (-2.18, -5.27)
[planner_server-2] [WARN] [1783331866.918043746] [leo1.planner_server]: [compute_path_to_pose] [ActionServer] Aborting handle.
[controller_server-1] [INFO] [1783331866.940329563] [leo1.controller_server]: Goal was canceled. Stopping the robot.
[controller_server-1] [INFO] [1783331866.940412112] [leo1.controller_server]: [follow_path] [ActionServer] Client requested to cancel the goal. Cancelling.
[behavior_server-3] [INFO] [1783331866.941166526] [leo1.behavior_server]: Running backup
[behavior_server-3] [INFO] [1783331866.941277494] [leo1.behavior_server]: DriveOnHeading: no acceleration or deceleration limits set
[controller_server-7] [INFO] [1783331867.318842908] [leo2.controller_server]: Passing new path to controller.
[controller_server-7] [WARN] [1783331867.431639136] [leo2.controller_server]: Control loop missed its desired rate of 20.0000Hz
[controller_server-7] [INFO] [1783331868.355098244] [leo2.controller_server]: Passing new path to controller.
[controller_server-7] [ERROR] [1783331868.466762841] [transformPoseInTargetFrame]: Extrapolation Error looking up target frame: Lookup would require extrapolation into the future.  Requested time 174.100000 but the latest data is at time 174.093000, when looking up transform from frame [map] to frame [leo2/base_link]
[controller_server-7] 
[controller_server-7] [WARN] [1783331868.467735210] [leo2.controller_server]: Control loop missed its desired rate of 20.0000Hz
[controller_server-7] [INFO] [1783331869.381725039] [leo2.controller_server]: Passing new path to controller.
[controller_server-7] [ERROR] [1783331869.533738460] [transformPoseInTargetFrame]: Extrapolation Error looking up target frame: Lookup would require extrapolation into the future.  Requested time 174.700000 but the latest data is at time 174.693000, when looking up transform from frame [map] to frame [leo2/base_link]
[controller_server-7] 
[controller_server-7] [WARN] [1783331869.534705761] [leo2.controller_server]: Control loop missed its desired rate of 20.0000Hz
[controller_server-7] [INFO] [1783331870.404535020] [leo2.controller_server]: Passing new path to controller.
[controller_server-7] [ERROR] [1783331870.566859040] [transformPoseInTargetFrame]: Extrapolation Error looking up target frame: Lookup would require extrapolation into the future.  Requested time 175.300000 but the latest data is at time 175.293000, when looking up transform from frame [map] to frame [leo2/base_link]
[controller_server-7] 
[controller_server-7] [WARN] [1783331870.567703598] [leo2.controller_server]: Control loop missed its desired rate of 20.0000Hz
[controller_server-7] [INFO] [1783331871.433694326] [leo2.controller_server]: Passing new path to controller.
[controller_server-7] [ERROR] [1783331871.626682315] [transformPoseInTargetFrame]: Extrapolation Error looking up target frame: Lookup would require extrapolation into the future.  Requested time 175.900000 but the latest data is at time 175.893000, when looking up transform from frame [map] to frame [leo2/base_link]
[controller_server-7] 
[controller_server-7] [WARN] [1783331871.627954443] [leo2.controller_server]: Control loop missed its desired rate of 20.0000Hz
[controller_server-7] [INFO] [1783331872.451017001] [leo2.controller_server]: Passing new path to controller.
[controller_server-7] [ERROR] [1783331872.674018757] [transformPoseInTargetFrame]: Extrapolation Error looking up target frame: Lookup would require extrapolation into the future.  Requested time 176.500000 but the latest data is at time 176.493000, when looking up transform from frame [map] to frame [leo2/base_link]
[controller_server-7] 
[controller_server-7] [WARN] [1783331872.675240402] [leo2.controller_server]: Control loop missed its desired rate of 20.0000Hz
[controller_server-7] [INFO] [1783331873.498065792] [leo2.controller_server]: Passing new path to controller.
[controller_server-7] [ERROR] [1783331873.660253301] [transformPoseInTargetFrame]: Extrapolation Error looking up target frame: Lookup would require extrapolation into the future.  Requested time 177.100000 but the latest data is at time 177.093000, when looking up transform from frame [map] to frame [leo2/base_link]
[controller_server-7] 
[controller_server-7] [WARN] [1783331873.661173433] [leo2.controller_server]: Control loop missed its desired rate of 20.0000Hz
[controller_server-7] [INFO] [1783331874.530082249] [leo2.controller_server]: Passing new path to controller.
[controller_server-7] [ERROR] [1783331874.652109013] [transformPoseInTargetFrame]: Extrapolation Error looking up target frame: Lookup would require extrapolation into the future.  Requested time 177.700000 but the latest data is at time 177.693000, when looking up transform from frame [map] to frame [leo2/base_link]
[controller_server-7] 
[controller_server-7] [WARN] [1783331874.653083409] [leo2.controller_server]: Control loop missed its desired rate of 20.0000Hz
[controller_server-7] [INFO] [1783331875.561255634] [leo2.controller_server]: Passing new path to controller.
[controller_server-7] [WARN] [1783331875.664337729] [leo2.controller_server]: Control loop missed its desired rate of 20.0000Hz
[controller_server-7] [INFO] [1783331876.585752173] [leo2.controller_server]: Passing new path to controller.
[controller_server-7] [WARN] [1783331876.668588397] [leo2.controller_server]: Control loop missed its desired rate of 20.0000Hz
[behavior_server-3] [INFO] [1783331877.441415743] [leo1.behavior_server]: backup completed successfully
[controller_server-1] [INFO] [1783331877.483799788] [leo1.controller_server]: Received a goal, begin computing control effort.
[controller_server-1] [WARN] [1783331877.606157126] [leo1.controller_server]: Control loop missed its desired rate of 20.0000Hz
[controller_server-7] [INFO] [1783331877.614431573] [leo2.controller_server]: Passing new path to controller.
[controller_server-7] [WARN] [1783331877.676383616] [leo2.controller_server]: Control loop missed its desired rate of 20.0000Hz
[controller_server-1] [INFO] [1783331878.526106336] [leo1.controller_server]: Passing new path to controller.
[controller_server-1] [WARN] [1783331878.608199955] [leo1.controller_server]: Control loop missed its desired rate of 20.0000Hz
[controller_server-7] [INFO] [1783331878.614429701] [leo2.controller_server]: Passing new path to controller.
[controller_server-7] [WARN] [1783331878.686493406] [leo2.controller_server]: Control loop missed its desired rate of 20.0000Hz
[controller_server-1] [INFO] [1783331879.556244708] [leo1.controller_server]: Passing new path to controller.
[controller_server-7] [INFO] [1783331879.664456963] [leo2.controller_server]: Passing new path to controller.
[controller_server-1] [INFO] [1783331880.606265450] [leo1.controller_server]: Passing new path to controller.
[controller_server-7] [INFO] [1783331880.714423137] [leo2.controller_server]: Passing new path to controller.
[controller_server-1] [WARN] [1783331880.799747927] [leo1.controller_server]: Control loop missed its desired rate of 20.0000Hz
[controller_server-7] [WARN] [1783331880.847719091] [leo2.controller_server]: Control loop missed its desired rate of 20.0000Hz
[controller_server-1] [INFO] [1783331881.618704152] [leo1.controller_server]: Passing new path to controller.
[controller_server-7] [INFO] [1783331881.719797893] [leo2.controller_server]: Passing new path to controller.
[controller_server-1] [WARN] [1783331881.742054744] [leo1.controller_server]: Control loop missed its desired rate of 20.0000Hz
[controller_server-1] [INFO] [1783331882.649818553] [leo1.controller_server]: Passing new path to controller.
[controller_server-7] [INFO] [1783331882.747830118] [leo2.controller_server]: Passing new path to controller.
[controller_server-1] [INFO] [1783331883.699875444] [leo1.controller_server]: Passing new path to controller.
[controller_server-7] [INFO] [1783331883.797806769] [leo2.controller_server]: Passing new path to controller.
[controller_server-7] [WARN] [1783331883.960907219] [leo2.controller_server]: Control loop missed its desired rate of 20.0000Hz
[planner_server-2] [ERROR] [1783331884.675321004] [leo1.planner_server]: Failed to create a plan from potential when a legal potential was found. This shouldn't happen.
[planner_server-2] [WARN] [1783331884.675445890] [leo1.planner_server]: GridBased: failed to create plan with tolerance 0.50.
[planner_server-2] [WARN] [1783331884.675472508] [leo1.planner_server]: Planning algorithm GridBased failed to generate a valid path to (-2.18, -5.27)
[planner_server-2] [WARN] [1783331884.675491431] [leo1.planner_server]: [compute_path_to_pose] [ActionServer] Aborting handle.
[planner_server-2] [INFO] [1783331884.693365107] [leo1.global_costmap.global_costmap]: Received request to clear entirely the global_costmap
[planner_server-2] [ERROR] [1783331884.726049782] [leo1.planner_server]: Failed to create a plan from potential when a legal potential was found. This shouldn't happen.
[planner_server-2] [WARN] [1783331884.726131124] [leo1.planner_server]: GridBased: failed to create plan with tolerance 0.50.
[planner_server-2] [WARN] [1783331884.726142870] [leo1.planner_server]: Planning algorithm GridBased failed to generate a valid path to (-2.18, -5.27)
[planner_server-2] [WARN] [1783331884.726152030] [leo1.planner_server]: [compute_path_to_pose] [ActionServer] Aborting handle.
[controller_server-1] [INFO] [1783331884.749890647] [leo1.controller_server]: Goal was canceled. Stopping the robot.
[controller_server-1] [INFO] [1783331884.749975312] [leo1.controller_server]: [follow_path] [ActionServer] Client requested to cancel the goal. Cancelling.
[controller_server-1] [INFO] [1783331884.750311105] [leo1.local_costmap.local_costmap]: Received request to clear entirely the local_costmap
[planner_server-2] [INFO] [1783331884.750825550] [leo1.global_costmap.global_costmap]: Received request to clear entirely the global_costmap
[controller_server-7] [INFO] [1783331884.832950581] [leo2.controller_server]: Passing new path to controller.
[planner_server-2] [INFO] [1783331884.912179497] [leo1.global_costmap.global_costmap]: StaticLayer: Resizing costmap to 477 X 318 at 0.050000 m/pix
[controller_server-1] [INFO] [1783331884.942935240] [leo1.controller_server]: Received a goal, begin computing control effort.
[planner_server-8] [INFO] [1783331884.960724526] [leo2.global_costmap.global_costmap]: StaticLayer: Resizing costmap to 477 X 318 at 0.050000 m/pix
[controller_server-1] [ERROR] [1783331885.125326582] [transformPoseInTargetFrame]: Extrapolation Error looking up target frame: Lookup would require extrapolation into the future.  Requested time 184.258000 but the latest data is at time 184.252000, when looking up transform from frame [map] to frame [leo1/base_link]
[controller_server-1] 
[controller_server-1] [WARN] [1783331885.125950661] [leo1.controller_server]: Control loop missed its desired rate of 20.0000Hz
[controller_server-7] [INFO] [1783331885.860112324] [leo2.controller_server]: Passing new path to controller.
[controller_server-1] [INFO] [1783331885.993229539] [leo1.controller_server]: Passing new path to controller.
[controller_server-7] [INFO] [1783331886.860100633] [leo2.controller_server]: Passing new path to controller.
[controller_server-7] [ERROR] [1783331886.982011528] [transformPoseInTargetFrame]: Extrapolation Error looking up target frame: Lookup would require extrapolation into the future.  Requested time 185.500000 but the latest data is at time 185.473000, when looking up transform from frame [map] to frame [leo2/base_link]
[controller_server-7] 
[controller_server-7] [WARN] [1783331886.982914541] [leo2.controller_server]: Control loop missed its desired rate of 20.0000Hz
[controller_server-1] [INFO] [1783331887.026092795] [leo1.controller_server]: Passing new path to controller.
[controller_server-1] [ERROR] [1783331887.209071079] [transformPoseInTargetFrame]: Extrapolation Error looking up target frame: Lookup would require extrapolation into the future.  Requested time 185.641000 but the latest data is at time 185.632000, when looking up transform from frame [map] to frame [leo1/base_link]
[controller_server-1] 
[controller_server-1] [WARN] [1783331887.209596929] [leo1.controller_server]: Control loop missed its desired rate of 20.0000Hz
[controller_server-7] [INFO] [1783331887.903512164] [leo2.controller_server]: Passing new path to controller.
[controller_server-1] [INFO] [1783331888.074402957] [leo1.controller_server]: Passing new path to controller.
[controller_server-7] [INFO] [1783331888.933025907] [leo2.controller_server]: Passing new path to controller.
[controller_server-7] [WARN] [1783331889.066855291] [leo2.controller_server]: Control loop missed its desired rate of 20.0000Hz
[controller_server-1] [INFO] [1783331889.109723312] [leo1.controller_server]: Passing new path to controller.
[controller_server-1] [ERROR] [1783331889.282221385] [transformPoseInTargetFrame]: Extrapolation Error looking up target frame: Lookup would require extrapolation into the future.  Requested time 187.042000 but the latest data is at time 187.032000, when looking up transform from frame [map] to frame [leo1/base_link]
[controller_server-1] 
[controller_server-1] [WARN] [1783331889.282891119] [leo1.controller_server]: Control loop missed its desired rate of 20.0000Hz
[controller_server-7] [INFO] [1783331889.940761366] [leo2.controller_server]: Passing new path to controller.
[controller_server-1] [INFO] [1783331890.095072324] [leo1.controller_server]: Passing new path to controller.
[controller_server-7] [INFO] [1783331891.016958286] [leo2.controller_server]: Passing new path to controller.
[planner_server-8] [ERROR] [1783331891.078782168] [leo2.planner_server]: Failed to create a plan from potential when a legal potential was found. This shouldn't happen.
[planner_server-8] [WARN] [1783331891.078883493] [leo2.planner_server]: GridBased: failed to create plan with tolerance 0.50.
[planner_server-8] [WARN] [1783331891.078899357] [leo2.planner_server]: Planning algorithm  failed to generate a valid path to (-0.56, 4.82)
[planner_server-8] [WARN] [1783331891.078912516] [leo2.planner_server]: [compute_path_to_pose] [ActionServer] Aborting handle.
[controller_server-7] [WARN] [1783331891.130344962] [leo2.controller_server]: Control loop missed its desired rate of 20.0000Hz
[controller_server-1] [INFO] [1783331891.132996794] [leo1.controller_server]: Passing new path to controller.
[bt_navigator-4] [INFO] [1783331891.172432854] [leo1.bt_navigator]: Received goal preemption request
[bt_navigator-4] [INFO] [1783331891.173953675] [leo1.bt_navigator]: Begin navigating from current location (-3.80, -4.44) to (-0.56, 4.82)
[controller_server-7] [INFO] [1783331892.001816081] [leo2.controller_server]: Passing new path to controller.
[controller_server-1] [INFO] [1783331892.182997145] [leo1.controller_server]: Passing new path to controller.
[controller_server-1] [WARN] [1783331892.295341249] [leo1.controller_server]: Control loop missed its desired rate of 20.0000Hz
[controller_server-1] [WARN] [1783331892.612047870] [leo1.controller_server]: Control loop missed its desired rate of 20.0000Hz
[controller_server-1] [WARN] [1783331892.897971279] [leo1.controller_server]: Control loop missed its desired rate of 20.0000Hz
[controller_server-7] [INFO] [1783331893.030492490] [leo2.controller_server]: Passing new path to controller.
[controller_server-1] [WARN] [1783331893.183689786] [leo1.controller_server]: Control loop missed its desired rate of 20.0000Hz
[controller_server-1] [INFO] [1783331893.183739596] [leo1.controller_server]: Passing new path to controller.
[controller_server-7] [ERROR] [1783331893.213464088] [transformPoseInTargetFrame]: Extrapolation Error looking up target frame: Lookup would require extrapolation into the future.  Requested time 189.674000 but the latest data is at time 189.673000, when looking up transform from frame [map] to frame [leo2/base_link]
[controller_server-7] 
[controller_server-7] [WARN] [1783331893.214408798] [leo2.controller_server]: Control loop missed its desired rate of 20.0000Hz
[controller_server-1] [WARN] [1783331893.485775486] [leo1.controller_server]: Control loop missed its desired rate of 20.0000Hz
[controller_server-1] [WARN] [1783331893.802645473] [leo1.controller_server]: Control loop missed its desired rate of 20.0000Hz
[controller_server-7] [INFO] [1783331894.085836637] [leo2.controller_server]: Passing new path to controller.
[controller_server-1] [WARN] [1783331894.125198381] [leo1.controller_server]: Control loop missed its desired rate of 20.0000Hz
[controller_server-7] [WARN] [1783331894.178878773] [leo2.controller_server]: Control loop missed its desired rate of 20.0000Hz
[controller_server-1] [INFO] [1783331894.269078039] [leo1.controller_server]: Passing new path to controller.
[controller_server-1] [WARN] [1783331894.431574767] [leo1.controller_server]: Control loop missed its desired rate of 20.0000Hz
[controller_server-1] [WARN] [1783331894.737444330] [leo1.controller_server]: Control loop missed its desired rate of 20.0000Hz
[planner_server-2] [INFO] [1783331894.912150931] [leo1.global_costmap.global_costmap]: StaticLayer: Resizing costmap to 478 X 318 at 0.050000 m/pix
[planner_server-8] [INFO] [1783331894.960634332] [leo2.global_costmap.global_costmap]: StaticLayer: Resizing costmap to 478 X 318 at 0.050000 m/pix
[controller_server-1] [WARN] [1783331895.025925199] [leo1.controller_server]: Control loop missed its desired rate of 20.0000Hz
[controller_server-7] [INFO] [1783331895.114512901] [leo2.controller_server]: Passing new path to controller.
[planner_server-2] [ERROR] [1783331895.216239431] [leo1.planner_server]: Failed to create a plan from potential when a legal potential was found. This shouldn't happen.
[planner_server-2] [WARN] [1783331895.216314920] [leo1.planner_server]: GridBased: failed to create plan with tolerance 0.50.
[planner_server-2] [WARN] [1783331895.216326001] [leo1.planner_server]: Planning algorithm GridBased failed to generate a valid path to (-0.56, 4.82)
[planner_server-2] [WARN] [1783331895.216335191] [leo1.planner_server]: [compute_path_to_pose] [ActionServer] Aborting handle.
[planner_server-2] [INFO] [1783331895.232384794] [leo1.global_costmap.global_costmap]: Received request to clear entirely the global_costmap
[controller_server-1] [WARN] [1783331895.323868189] [leo1.controller_server]: Control loop missed its desired rate of 20.0000Hz
[planner_server-2] [ERROR] [1783331895.326388902] [leo1.planner_server]: Failed to create a plan from potential when a legal potential was found. This shouldn't happen.
[planner_server-2] [WARN] [1783331895.326497417] [leo1.planner_server]: GridBased: failed to create plan with tolerance 0.50.
[planner_server-2] [WARN] [1783331895.326516673] [leo1.planner_server]: Planning algorithm GridBased failed to generate a valid path to (-0.56, 4.82)
[planner_server-2] [WARN] [1783331895.326530127] [leo1.planner_server]: [compute_path_to_pose] [ActionServer] Aborting handle.
[bt_navigator-4] [ERROR] [1783331895.362929984] [leo1.bt_navigator_navigate_to_pose_rclcpp_node]: Failed to get result for follow_path in node halt!
[behavior_server-3] [INFO] [1783331895.363611558] [leo1.behavior_server]: Running spin
[behavior_server-3] [INFO] [1783331895.363727503] [leo1.behavior_server]: Turning 1.57 for spin behavior.
[bt_navigator-4] [WARN] [1783331895.364202535] [BehaviorTreeEngine]: Behavior Tree tick rate 100.00 was exceeded!
[controller_server-1] [INFO] [1783331895.398004537] [leo1.controller_server]: Goal was canceled. Stopping the robot.
[controller_server-1] [INFO] [1783331895.398210581] [leo1.controller_server]: [follow_path] [ActionServer] Client requested to cancel the goal. Cancelling.
[controller_server-7] [INFO] [1783331896.164514705] [leo2.controller_server]: Passing new path to controller.
[controller_server-7] [WARN] [1783331896.267524644] [leo2.controller_server]: Control loop missed its desired rate of 20.0000Hz
[bt_navigator-10] [INFO] [1783331896.946919602] [leo2.bt_navigator]: Received goal preemption request
[bt_navigator-10] [INFO] [1783331896.948008804] [leo2.bt_navigator]: Begin navigating from current location (-2.01, -0.10) to (-10.03, 3.88)
[controller_server-7] [INFO] [1783331897.192204715] [leo2.controller_server]: Passing new path to controller.
[behavior_server-3] [INFO] [1783331898.063953012] [leo1.behavior_server]: spin completed successfully
[planner_server-2] [ERROR] [1783331898.088847245] [leo1.planner_server]: Failed to create a plan from potential when a legal potential was found. This shouldn't happen.
[planner_server-2] [WARN] [1783331898.088931557] [leo1.planner_server]: GridBased: failed to create plan with tolerance 0.50.
[planner_server-2] [WARN] [1783331898.088946643] [leo1.planner_server]: Planning algorithm GridBased failed to generate a valid path to (-0.56, 4.82)
[planner_server-2] [WARN] [1783331898.088958277] [leo1.planner_server]: [compute_path_to_pose] [ActionServer] Aborting handle.
[planner_server-2] [INFO] [1783331898.104516323] [leo1.global_costmap.global_costmap]: Received request to clear entirely the global_costmap
[planner_server-2] [ERROR] [1783331898.129212614] [leo1.planner_server]: Failed to create a plan from potential when a legal potential was found. This shouldn't happen.
[planner_server-2] [WARN] [1783331898.129296550] [leo1.planner_server]: GridBased: failed to create plan with tolerance 0.50.
[planner_server-2] [WARN] [1783331898.129309523] [leo1.planner_server]: Planning algorithm GridBased failed to generate a valid path to (-0.56, 4.82)
[planner_server-2] [WARN] [1783331898.129319114] [leo1.planner_server]: [compute_path_to_pose] [ActionServer] Aborting handle.
[bt_navigator-4] [WARN] [1783331898.154483712] [leo1.bt_navigator]: [navigate_to_pose] [ActionServer] Aborting handle.
[bt_navigator-4] [ERROR] [1783331898.155329153] [leo1.bt_navigator]: Goal failed
[controller_server-7] [INFO] [1783331898.217626961] [leo2.controller_server]: Passing new path to controller.
[controller_server-7] [ERROR] [1783331898.400525407] [transformPoseInTargetFrame]: Extrapolation Error looking up target frame: Lookup would require extrapolation into the future.  Requested time 193.097000 but the latest data is at time 193.073000, when looking up transform from frame [map] to frame [leo2/base_link]
[controller_server-7] 
[controller_server-7] [WARN] [1783331898.401426532] [leo2.controller_server]: Control loop missed its desired rate of 20.0000Hz
[controller_server-7] [INFO] [1783331899.224064657] [leo2.controller_server]: Passing new path to controller.
[controller_server-7] [WARN] [1783331899.306612386] [leo2.controller_server]: Control loop missed its desired rate of 20.0000Hz
[controller_server-7] [INFO] [1783331900.251576624] [leo2.controller_server]: Passing new path to controller.
[controller_server-7] [INFO] [1783331901.301517029] [leo2.controller_server]: Passing new path to controller.
[controller_server-7] [WARN] [1783331901.394733936] [leo2.controller_server]: Control loop missed its desired rate of 20.0000Hz
[controller_server-7] [INFO] [1783331902.301510924] [leo2.controller_server]: Passing new path to controller.
[bt_navigator-4] [INFO] [1783331902.979158685] [leo1.bt_navigator]: Begin navigating from current location (-3.63, -4.52) to (-10.33, -5.92)
[controller_server-1] [INFO] [1783331903.000502970] [leo1.controller_server]: Received a goal, begin computing control effort.
[controller_server-1] [WARN] [1783331903.185511175] [leo1.controller_server]: Control loop missed its desired rate of 20.0000Hz
[controller_server-7] [INFO] [1783331903.351510787] [leo2.controller_server]: Passing new path to controller.
[controller_server-1] [WARN] [1783331903.478941322] [leo1.controller_server]: Control loop missed its desired rate of 20.0000Hz
[controller_server-7] [ERROR] [1783331903.534245832] [transformPoseInTargetFrame]: Extrapolation Error looking up target frame: Lookup would require extrapolation into the future.  Requested time 196.500000 but the latest data is at time 196.493000, when looking up transform from frame [map] to frame [leo2/base_link]
[controller_server-7] 
[controller_server-7] [WARN] [1783331903.535410139] [leo2.controller_server]: Control loop missed its desired rate of 20.0000Hz
[controller_server-1] [WARN] [1783331903.792516368] [leo1.controller_server]: Control loop missed its desired rate of 20.0000Hz
[controller_server-1] [WARN] [1783331904.085776313] [leo1.controller_server]: Control loop missed its desired rate of 20.0000Hz
[controller_server-1] [INFO] [1783331904.085844811] [leo1.controller_server]: Passing new path to controller.
[controller_server-7] [INFO] [1783331904.358742231] [leo2.controller_server]: Passing new path to controller.
[controller_server-1] [WARN] [1783331904.382425103] [leo1.controller_server]: Control loop missed its desired rate of 20.0000Hz
[controller_server-7] [WARN] [1783331904.441028641] [leo2.controller_server]: Control loop missed its desired rate of 20.0000Hz
[controller_server-1] [WARN] [1783331904.695663172] [leo1.controller_server]: Control loop missed its desired rate of 20.0000Hz
[controller_server-1] [WARN] [1783331904.987491677] [leo1.controller_server]: Control loop missed its desired rate of 20.0000Hz
[controller_server-1] [INFO] [1783331905.128497332] [leo1.controller_server]: Passing new path to controller.
[controller_server-1] [WARN] [1783331905.311215092] [leo1.controller_server]: Control loop missed its desired rate of 20.0000Hz
[controller_server-7] [INFO] [1783331905.435505035] [leo2.controller_server]: Passing new path to controller.
[controller_server-1] [WARN] [1783331905.617337802] [leo1.controller_server]: Control loop missed its desired rate of 20.0000Hz
[controller_server-1] [WARN] [1783331905.932609897] [leo1.controller_server]: Control loop missed its desired rate of 20.0000Hz
[controller_server-1] [WARN] [1783331906.225727386] [leo1.controller_server]: Control loop missed its desired rate of 20.0000Hz
[controller_server-1] [INFO] [1783331906.225773609] [leo1.controller_server]: Passing new path to controller.
[controller_server-7] [INFO] [1783331906.435492230] [leo2.controller_server]: Passing new path to controller.
[controller_server-1] [WARN] [1783331906.542260193] [leo1.controller_server]: Control loop missed its desired rate of 20.0000Hz
[controller_server-7] [ERROR] [1783331906.577500839] [transformPoseInTargetFrame]: Extrapolation Error looking up target frame: Lookup would require extrapolation into the future.  Requested time 198.500000 but the latest data is at time 198.493000, when looking up transform from frame [map] to frame [leo2/base_link]
[controller_server-7] 
[controller_server-7] [WARN] [1783331906.578361345] [leo2.controller_server]: Control loop missed its desired rate of 20.0000Hz
[controller_server-1] [WARN] [1783331906.829014638] [leo1.controller_server]: Control loop missed its desired rate of 20.0000Hz
[controller_server-1] [WARN] [1783331907.125614276] [leo1.controller_server]: Control loop missed its desired rate of 20.0000Hz
[controller_server-1] [INFO] [1783331907.125661752] [leo1.controller_server]: Passing new path to controller.
[controller_server-7] [INFO] [1783331907.448301709] [leo2.controller_server]: Passing new path to controller.
[controller_server-1] [WARN] [1783331907.457318917] [leo1.controller_server]: Control loop missed its desired rate of 20.0000Hz
[controller_server-1] [WARN] [1783331907.770986803] [leo1.controller_server]: Control loop missed its desired rate of 20.0000Hz
[controller_server-1] [WARN] [1783331908.087745978] [leo1.controller_server]: Control loop missed its desired rate of 20.0000Hz
[controller_server-1] [INFO] [1783331908.151081986] [leo1.controller_server]: Passing new path to controller.
[controller_server-1] [WARN] [1783331908.394382303] [leo1.controller_server]: Control loop missed its desired rate of 20.0000Hz
[controller_server-7] [INFO] [1783331908.478454235] [leo2.controller_server]: Passing new path to controller.
[controller_server-1] [WARN] [1783331908.736225542] [leo1.controller_server]: Control loop missed its desired rate of 20.0000Hz
[controller_server-1] [WARN] [1783331909.073199733] [leo1.controller_server]: Control loop missed its desired rate of 20.0000Hz
[controller_server-1] [INFO] [1783331909.217370914] [leo1.controller_server]: Passing new path to controller.
[controller_server-1] [WARN] [1783331909.400334088] [leo1.controller_server]: Control loop missed its desired rate of 20.0000Hz
[controller_server-7] [INFO] [1783331909.528482272] [leo2.controller_server]: Passing new path to controller.
[controller_server-1] [WARN] [1783331909.742951900] [leo1.controller_server]: Control loop missed its desired rate of 20.0000Hz
[controller_server-1] [WARN] [1783331910.064551162] [leo1.controller_server]: Control loop missed its desired rate of 20.0000Hz
[controller_server-1] [INFO] [1783331910.218182541] [leo1.controller_server]: Passing new path to controller.
[controller_server-1] [WARN] [1783331910.381979142] [leo1.controller_server]: Control loop missed its desired rate of 20.0000Hz
[controller_server-7] [INFO] [1783331910.578447709] [leo2.controller_server]: Passing new path to controller.
[controller_server-7] [ERROR] [1783331910.730763017] [transformPoseInTargetFrame]: Extrapolation Error looking up target frame: Lookup would require extrapolation into the future.  Requested time 201.100000 but the latest data is at time 201.093000, when looking up transform from frame [map] to frame [leo2/base_link]
[controller_server-7] 
[controller_server-7] [WARN] [1783331910.731896855] [leo2.controller_server]: Control loop missed its desired rate of 20.0000Hz
[controller_server-1] [INFO] [1783331911.252547338] [leo1.controller_server]: Passing new path to controller.
[controller_server-7] [INFO] [1783331911.607090933] [leo2.controller_server]: Passing new path to controller.
[controller_server-1] [INFO] [1783331912.282081376] [leo1.controller_server]: Passing new path to controller.
[controller_server-1] [ERROR] [1783331912.475467631] [transformPoseInTargetFrame]: Extrapolation Error looking up target frame: Lookup would require extrapolation into the future.  Requested time 202.244000 but the latest data is at time 202.232000, when looking up transform from frame [map] to frame [leo1/base_link]
[controller_server-1] 
[controller_server-1] [WARN] [1783331912.476697285] [leo1.controller_server]: Control loop missed its desired rate of 20.0000Hz
[controller_server-7] [INFO] [1783331912.632016124] [leo2.controller_server]: Passing new path to controller.
[controller_server-1] [INFO] [1783331913.297780470] [leo1.controller_server]: Passing new path to controller.
[controller_server-1] [WARN] [1783331913.410815680] [leo1.controller_server]: Control loop missed its desired rate of 20.0000Hz
[controller_server-7] [INFO] [1783331913.632011532] [leo2.controller_server]: Passing new path to controller.
[controller_server-7] [WARN] [1783331913.734644678] [leo2.controller_server]: Control loop missed its desired rate of 20.0000Hz
[controller_server-1] [INFO] [1783331914.326807774] [leo1.controller_server]: Passing new path to controller.
[controller_server-1] [ERROR] [1783331914.499492831] [transformPoseInTargetFrame]: Extrapolation Error looking up target frame: Lookup would require extrapolation into the future.  Requested time 203.640000 but the latest data is at time 203.632000, when looking up transform from frame [map] to frame [leo1/base_link]
[controller_server-1] 
[controller_server-1] [WARN] [1783331914.500391977] [leo1.controller_server]: Control loop missed its desired rate of 20.0000Hz
[controller_server-7] [INFO] [1783331914.659009971] [leo2.controller_server]: Passing new path to controller.
[controller_server-7] [ERROR] [1783331914.831470752] [transformPoseInTargetFrame]: Extrapolation Error looking up target frame: Lookup would require extrapolation into the future.  Requested time 203.876000 but the latest data is at time 203.873000, when looking up transform from frame [map] to frame [leo2/base_link]
[controller_server-7] 
[controller_server-7] [WARN] [1783331914.832405864] [leo2.controller_server]: Control loop missed its desired rate of 20.0000Hz
[controller_server-1] [INFO] [1783331915.371385403] [leo1.controller_server]: Passing new path to controller.
[controller_server-7] [INFO] [1783331915.707702405] [leo2.controller_server]: Passing new path to controller.
[controller_server-1] [INFO] [1783331916.399758598] [leo1.controller_server]: Passing new path to controller.
[controller_server-1] [WARN] [1783331916.564121838] [leo1.controller_server]: Control loop missed its desired rate of 20.0000Hz
[controller_server-7] [INFO] [1783331916.732489302] [leo2.controller_server]: Passing new path to controller.
[controller_server-7] [ERROR] [1783331916.874984946] [transformPoseInTargetFrame]: Extrapolation Error looking up target frame: Lookup would require extrapolation into the future.  Requested time 205.300000 but the latest data is at time 205.273000, when looking up transform from frame [map] to frame [leo2/base_link]
[controller_server-7] 
[controller_server-7] [WARN] [1783331916.876520190] [leo2.controller_server]: Control loop missed its desired rate of 20.0000Hz
[controller_server-1] [INFO] [1783331917.434891695] [leo1.controller_server]: Passing new path to controller.
[controller_server-7] [INFO] [1783331917.752035415] [leo2.controller_server]: Passing new path to controller.
[controller_server-1] [INFO] [1783331918.464233365] [leo1.controller_server]: Passing new path to controller.
[controller_server-1] [WARN] [1783331918.556619728] [leo1.controller_server]: Control loop missed its desired rate of 20.0000Hz
[controller_server-7] [INFO] [1783331918.826618114] [leo2.controller_server]: Passing new path to controller.
[controller_server-7] [WARN] [1783331918.898742673] [leo2.controller_server]: Control loop missed its desired rate of 20.0000Hz
[controller_server-1] [INFO] [1783331919.514206265] [leo1.controller_server]: Passing new path to controller.
[controller_server-1] [ERROR] [1783331919.686883409] [transformPoseInTargetFrame]: Extrapolation Error looking up target frame: Lookup would require extrapolation into the future.  Requested time 207.260000 but the latest data is at time 207.232000, when looking up transform from frame [map] to frame [leo1/base_link]
[controller_server-1] 
[controller_server-1] [WARN] [1783331919.688584138] [leo1.controller_server]: Control loop missed its desired rate of 20.0000Hz
[planner_server-8] [ERROR] [1783331919.791513790] [leo2.planner_server]: Failed to create a plan from potential when a legal potential was found. This shouldn't happen.
[planner_server-8] [WARN] [1783331919.791592362] [leo2.planner_server]: GridBased: failed to create plan with tolerance 0.50.
[planner_server-8] [WARN] [1783331919.791605270] [leo2.planner_server]: Planning algorithm GridBased failed to generate a valid path to (-10.03, 3.88)
[planner_server-8] [WARN] [1783331919.791615007] [leo2.planner_server]: [compute_path_to_pose] [ActionServer] Aborting handle.
[planner_server-8] [INFO] [1783331919.806339609] [leo2.global_costmap.global_costmap]: Received request to clear entirely the global_costmap
[planner_server-8] [ERROR] [1783331919.971598876] [leo2.planner_server]: Failed to create a plan from potential when a legal potential was found. This shouldn't happen.
[planner_server-8] [WARN] [1783331919.971673646] [leo2.planner_server]: GridBased: failed to create plan with tolerance 0.50.
[planner_server-8] [WARN] [1783331919.971685573] [leo2.planner_server]: Planning algorithm GridBased failed to generate a valid path to (-10.03, 3.88)
[planner_server-8] [WARN] [1783331919.971695548] [leo2.planner_server]: [compute_path_to_pose] [ActionServer] Aborting handle.
[bt_navigator-10] [ERROR] [1783331920.007064028] [leo2.bt_navigator_navigate_to_pose_rclcpp_node]: Failed to get result for follow_path in node halt!
[behavior_server-9] [INFO] [1783331920.007579020] [leo2.behavior_server]: Running spin
[behavior_server-9] [INFO] [1783331920.007638381] [leo2.behavior_server]: Turning 1.57 for spin behavior.
[bt_navigator-10] [WARN] [1783331920.007925518] [BehaviorTreeEngine]: Behavior Tree tick rate 100.00 was exceeded!
[controller_server-7] [INFO] [1783331920.026606075] [leo2.controller_server]: Goal was canceled. Stopping the robot.
[controller_server-7] [INFO] [1783331920.026656961] [leo2.controller_server]: [follow_path] [ActionServer] Client requested to cancel the goal. Cancelling.
[controller_server-1] [INFO] [1783331920.510839488] [leo1.controller_server]: Passing new path to controller.
[controller_server-1] [INFO] [1783331921.538689663] [leo1.controller_server]: Passing new path to controller.
[controller_server-1] [INFO] [1783331922.588657128] [leo1.controller_server]: Passing new path to controller.
[controller_server-1] [WARN] [1783331922.691793398] [leo1.controller_server]: Control loop missed its desired rate of 20.0000Hz
[behavior_server-9] [INFO] [1783331922.807837593] [leo2.behavior_server]: spin completed successfully
[planner_server-8] [ERROR] [1783331922.832657132] [leo2.planner_server]: Failed to create a plan from potential when a legal potential was found. This shouldn't happen.
[planner_server-8] [WARN] [1783331922.832731377] [leo2.planner_server]: GridBased: failed to create plan with tolerance 0.50.
[planner_server-8] [WARN] [1783331922.832746573] [leo2.planner_server]: Planning algorithm GridBased failed to generate a valid path to (-10.03, 3.88)
[planner_server-8] [WARN] [1783331922.832756404] [leo2.planner_server]: [compute_path_to_pose] [ActionServer] Aborting handle.
[planner_server-8] [INFO] [1783331922.848129373] [leo2.global_costmap.global_costmap]: Received request to clear entirely the global_costmap
[controller_server-7] [INFO] [1783331922.989182844] [leo2.controller_server]: Received a goal, begin computing control effort.
[controller_server-7] [WARN] [1783331923.080470283] [leo2.controller_server]: Control loop missed its desired rate of 20.0000Hz
[controller_server-7] [WARN] [1783331923.095032061] [leo2.controller_server]: Control loop missed its desired rate of 20.0000Hz
[controller_server-7] [ERROR] [1783331923.391735338] [transformPoseInTargetFrame]: Extrapolation Error looking up target frame: Lookup would require extrapolation into the future.  Requested time 209.700000 but the latest data is at time 209.693000, when looking up transform from frame [map] to frame [leo2/base_link]
[controller_server-7] 
[controller_server-7] [WARN] [1783331923.393098635] [leo2.controller_server]: Control loop missed its desired rate of 20.0000Hz
[controller_server-1] [INFO] [1783331923.615031404] [leo1.controller_server]: Passing new path to controller.
[controller_server-7] [INFO] [1783331924.062803102] [leo2.controller_server]: Passing new path to controller.
[controller_server-7] [ERROR] [1783331924.365234125] [transformPoseInTargetFrame]: Extrapolation Error looking up target frame: Lookup would require extrapolation into the future.  Requested time 210.300000 but the latest data is at time 210.293000, when looking up transform from frame [map] to frame [leo2/base_link]
[controller_server-7] 
[controller_server-7] [WARN] [1783331924.366131100] [leo2.controller_server]: Control loop missed its desired rate of 20.0000Hz
[controller_server-1] [INFO] [1783331924.641910009] [leo1.controller_server]: Passing new path to controller.
[planner_server-2] [INFO] [1783331924.911439985] [leo1.global_costmap.global_costmap]: StaticLayer: Resizing costmap to 478 X 318 at 0.050000 m/pix
[planner_server-8] [INFO] [1783331924.959861149] [leo2.global_costmap.global_costmap]: StaticLayer: Resizing costmap to 478 X 318 at 0.050000 m/pix
[controller_server-7] [INFO] [1783331925.085543175] [leo2.controller_server]: Passing new path to controller.
[controller_server-7] [WARN] [1783331925.298584209] [leo2.controller_server]: Control loop missed its desired rate of 20.0000Hz
[controller_server-7] [WARN] [1783331925.602603880] [leo2.controller_server]: Control loop missed its desired rate of 20.0000Hz
[controller_server-1] [INFO] [1783331925.691924290] [leo1.controller_server]: Passing new path to controller.
[controller_server-1] [WARN] [1783331925.845530353] [leo1.controller_server]: Control loop missed its desired rate of 20.0000Hz
[controller_server-7] [ERROR] [1783331925.906940652] [transformPoseInTargetFrame]: Extrapolation Error looking up target frame: Lookup would require extrapolation into the future.  Requested time 211.300000 but the latest data is at time 211.293000, when looking up transform from frame [map] to frame [leo2/base_link]
[controller_server-7] 
[controller_server-7] [WARN] [1783331925.907927215] [leo2.controller_server]: Control loop missed its desired rate of 20.0000Hz
[controller_server-7] [INFO] [1783331926.114812793] [leo2.controller_server]: Passing new path to controller.
[controller_server-7] [WARN] [1783331926.226765138] [leo2.controller_server]: Control loop missed its desired rate of 20.0000Hz
[controller_server-1] [INFO] [1783331926.715739943] [leo1.controller_server]: Passing new path to controller.
[controller_server-7] [INFO] [1783331927.158024238] [leo2.controller_server]: Passing new path to controller.
[bt_navigator-10] [INFO] [1783331927.498164383] [leo2.bt_navigator]: Received goal preemption request
[bt_navigator-10] [INFO] [1783331927.499372037] [leo2.bt_navigator]: Begin navigating from current location (-5.95, 0.40) to (-0.43, 4.97)
[bt_navigator-4] [INFO] [1783331927.528762026] [leo1.bt_navigator]: Received goal preemption request
[bt_navigator-4] [INFO] [1783331927.529659597] [leo1.bt_navigator]: Begin navigating from current location (-6.40, -4.10) to (6.57, -3.43)
[controller_server-1] [INFO] [1783331927.745618692] [leo1.controller_server]: Passing new path to controller.
[controller_server-1] [ERROR] [1783331927.988105167] [transformPoseInTargetFrame]: Extrapolation Error looking up target frame: Lookup would require extrapolation into the future.  Requested time 212.643000 but the latest data is at time 212.632000, when looking up transform from frame [map] to frame [leo1/base_link]
[controller_server-1] 
[controller_server-1] [WARN] [1783331927.990410883] [leo1.controller_server]: Control loop missed its desired rate of 20.0000Hz
[controller_server-7] [INFO] [1783331928.158015880] [leo2.controller_server]: Passing new path to controller.
[controller_server-7] [WARN] [1783331928.350851490] [leo2.controller_server]: Control loop missed its desired rate of 20.0000Hz
[controller_server-7] [ERROR] [1783331928.656073422] [transformPoseInTargetFrame]: Extrapolation Error looking up target frame: Lookup would require extrapolation into the future.  Requested time 213.100000 but the latest data is at time 213.093000, when looking up transform from frame [map] to frame [leo2/base_link]
[controller_server-7] 
[controller_server-7] [WARN] [1783331928.657120368] [leo2.controller_server]: Control loop missed its desired rate of 20.0000Hz
[controller_server-1] [INFO] [1783331928.771003016] [leo1.controller_server]: Passing new path to controller.
[controller_server-1] [WARN] [1783331928.913299395] [leo1.controller_server]: Control loop missed its desired rate of 20.0000Hz
[controller_server-7] [INFO] [1783331929.170724252] [leo2.controller_server]: Passing new path to controller.
[controller_server-1] [WARN] [1783331929.220693161] [leo1.controller_server]: Control loop missed its desired rate of 20.0000Hz
[controller_server-7] [WARN] [1783331929.272763973] [leo2.controller_server]: Control loop missed its desired rate of 20.0000Hz
[controller_server-1] [WARN] [1783331929.506001654] [leo1.controller_server]: Control loop missed its desired rate of 20.0000Hz
[controller_server-7] [ERROR] [1783331929.559607851] [transformPoseInTargetFrame]: Extrapolation Error looking up target frame: Lookup would require extrapolation into the future.  Requested time 213.700000 but the latest data is at time 213.693000, when looking up transform from frame [map] to frame [leo2/base_link]
[controller_server-7] 
[controller_server-7] [WARN] [1783331929.560767284] [leo2.controller_server]: Control loop missed its desired rate of 20.0000Hz
[planner_server-2] [ERROR] [1783331929.751404055] [leo1.planner_server]: Failed to create a plan from potential when a legal potential was found. This shouldn't happen.
[planner_server-2] [WARN] [1783331929.751511505] [leo1.planner_server]: GridBased: failed to create plan with tolerance 0.50.
[planner_server-2] [WARN] [1783331929.751533155] [leo1.planner_server]: Planning algorithm GridBased failed to generate a valid path to (6.57, -3.43)
[planner_server-2] [WARN] [1783331929.751548593] [leo1.planner_server]: [compute_path_to_pose] [ActionServer] Aborting handle.
[planner_server-2] [INFO] [1783331929.768842040] [leo1.global_costmap.global_costmap]: Received request to clear entirely the global_costmap
[controller_server-1] [WARN] [1783331929.817170303] [leo1.controller_server]: Control loop missed its desired rate of 20.0000Hz
[planner_server-2] [ERROR] [1783331929.922342550] [leo1.planner_server]: Failed to create a plan from potential when a legal potential was found. This shouldn't happen.
[planner_server-2] [WARN] [1783331929.922470918] [leo1.planner_server]: GridBased: failed to create plan with tolerance 0.50.
[planner_server-2] [WARN] [1783331929.922498561] [leo1.planner_server]: Planning algorithm GridBased failed to generate a valid path to (6.57, -3.43)
[planner_server-2] [WARN] [1783331929.922516530] [leo1.planner_server]: [compute_path_to_pose] [ActionServer] Aborting handle.
[bt_navigator-4] [ERROR] [1783331929.959385212] [leo1.bt_navigator_navigate_to_pose_rclcpp_node]: Failed to get result for follow_path in node halt!
[behavior_server-3] [INFO] [1783331929.959894552] [leo1.behavior_server]: Running wait
[bt_navigator-4] [WARN] [1783331929.960245918] [BehaviorTreeEngine]: Behavior Tree tick rate 100.00 was exceeded!
[controller_server-1] [INFO] [1783331929.975589942] [leo1.controller_server]: Goal was canceled. Stopping the robot.
[controller_server-1] [INFO] [1783331929.975667539] [leo1.controller_server]: [follow_path] [ActionServer] Client requested to cancel the goal. Cancelling.
[controller_server-7] [INFO] [1783331930.225265955] [leo2.controller_server]: Passing new path to controller.
[controller_server-7] [WARN] [1783331930.488490491] [leo2.controller_server]: Control loop missed its desired rate of 20.0000Hz
[controller_server-7] [ERROR] [1783331930.791521263] [transformPoseInTargetFrame]: Extrapolation Error looking up target frame: Lookup would require extrapolation into the future.  Requested time 214.500000 but the latest data is at time 214.493000, when looking up transform from frame [map] to frame [leo2/base_link]
[controller_server-7] 
[controller_server-7] [WARN] [1783331930.792427484] [leo2.controller_server]: Control loop missed its desired rate of 20.0000Hz
[controller_server-7] [INFO] [1783331931.251433028] [leo2.controller_server]: Passing new path to controller.
[controller_server-7] [ERROR] [1783331931.423882450] [transformPoseInTargetFrame]: Extrapolation Error looking up target frame: Lookup would require extrapolation into the future.  Requested time 214.900000 but the latest data is at time 214.893000, when looking up transform from frame [map] to frame [leo2/base_link]
[controller_server-7] 
[controller_server-7] [WARN] [1783331931.424914614] [leo2.controller_server]: Control loop missed its desired rate of 20.0000Hz
[controller_server-7] [INFO] [1783331932.296029728] [leo2.controller_server]: Passing new path to controller.
[controller_server-7] [WARN] [1783331932.418095409] [leo2.controller_server]: Control loop missed its desired rate of 20.0000Hz
[controller_server-7] [WARN] [1783331932.429988458] [leo2.controller_server]: Control loop missed its desired rate of 20.0000Hz
[controller_server-7] [ERROR] [1783331932.737466663] [transformPoseInTargetFrame]: Extrapolation Error looking up target frame: Lookup would require extrapolation into the future.  Requested time 215.700000 but the latest data is at time 215.693000, when looking up transform from frame [map] to frame [leo2/base_link]
[controller_server-7] 
[controller_server-7] [WARN] [1783331932.740336344] [leo2.controller_server]: Control loop missed its desired rate of 20.0000Hz
[controller_server-7] [INFO] [1783331933.302313640] [leo2.controller_server]: Passing new path to controller.
[controller_server-7] [ERROR] [1783331933.732834510] [transformPoseInTargetFrame]: Extrapolation Error looking up target frame: Lookup would require extrapolation into the future.  Requested time 216.300000 but the latest data is at time 216.293000, when looking up transform from frame [map] to frame [leo2/base_link]
[controller_server-7] 
[controller_server-7] [WARN] [1783331933.735291166] [leo2.controller_server]: Control loop missed its desired rate of 20.0000Hz
[controller_server-7] [INFO] [1783331934.347194242] [leo2.controller_server]: Passing new path to controller.
[controller_server-7] [ERROR] [1783331934.737844871] [transformPoseInTargetFrame]: Extrapolation Error looking up target frame: Lookup would require extrapolation into the future.  Requested time 216.900000 but the latest data is at time 216.893000, when looking up transform from frame [map] to frame [leo2/base_link]
[controller_server-7] 
[controller_server-7] [WARN] [1783331934.738808272] [leo2.controller_server]: Control loop missed its desired rate of 20.0000Hz
[planner_server-2] [INFO] [1783331934.911388133] [leo1.global_costmap.global_costmap]: StaticLayer: Resizing costmap to 478 X 318 at 0.050000 m/pix
[planner_server-8] [INFO] [1783331934.959826273] [leo2.global_costmap.global_costmap]: StaticLayer: Resizing costmap to 478 X 318 at 0.050000 m/pix
[planner_server-8] [ERROR] [1783331935.330518313] [leo2.planner_server]: Failed to create a plan from potential when a legal potential was found. This shouldn't happen.
[planner_server-8] [WARN] [1783331935.330617396] [leo2.planner_server]: GridBased: failed to create plan with tolerance 0.50.
[planner_server-8] [WARN] [1783331935.330633963] [leo2.planner_server]: Planning algorithm GridBased failed to generate a valid path to (-0.43, 4.97)
[planner_server-8] [WARN] [1783331935.330646585] [leo2.planner_server]: [compute_path_to_pose] [ActionServer] Aborting handle.
[planner_server-8] [INFO] [1783331935.348242761] [leo2.global_costmap.global_costmap]: Received request to clear entirely the global_costmap
[planner_server-8] [ERROR] [1783331935.371542436] [leo2.planner_server]: Failed to create a plan from potential when a legal potential was found. This shouldn't happen.
[planner_server-8] [WARN] [1783331935.371624015] [leo2.planner_server]: GridBased: failed to create plan with tolerance 0.50.
[planner_server-8] [WARN] [1783331935.371635857] [leo2.planner_server]: Planning algorithm GridBased failed to generate a valid path to (-0.43, 4.97)
[planner_server-8] [WARN] [1783331935.371644802] [leo2.planner_server]: [compute_path_to_pose] [ActionServer] Aborting handle.
[controller_server-7] [INFO] [1783331935.404934024] [leo2.controller_server]: Goal was canceled. Stopping the robot.
[controller_server-7] [INFO] [1783331935.404983406] [leo2.controller_server]: [follow_path] [ActionServer] Client requested to cancel the goal. Cancelling.
[behavior_server-9] [INFO] [1783331935.405409572] [leo2.behavior_server]: Running wait
[bt_navigator-10] [WARN] [1783331935.405818015] [BehaviorTreeEngine]: Behavior Tree tick rate 100.00 was exceeded!
[behavior_server-3] [INFO] [1783331938.260055499] [leo1.behavior_server]: wait completed successfully
[controller_server-1] [INFO] [1783331938.301410084] [leo1.controller_server]: Received a goal, begin computing control effort.
[controller_server-1] [WARN] [1783331938.404176111] [leo1.controller_server]: Control loop missed its desired rate of 20.0000Hz
[controller_server-1] [WARN] [1783331938.730220878] [leo1.controller_server]: Control loop missed its desired rate of 20.0000Hz
[controller_server-1] [WARN] [1783331939.077041284] [leo1.controller_server]: Control loop missed its desired rate of 20.0000Hz
[controller_server-1] [WARN] [1783331939.414764248] [leo1.controller_server]: Control loop missed its desired rate of 20.0000Hz
[controller_server-1] [INFO] [1783331939.414843132] [leo1.controller_server]: Passing new path to controller.
[controller_server-1] [WARN] [1783331939.768049237] [leo1.controller_server]: Control loop missed its desired rate of 20.0000Hz
[controller_server-1] [INFO] [1783331940.382414222] [leo1.controller_server]: Passing new path to controller.
[controller_server-1] [WARN] [1783331940.508732048] [leo1.controller_server]: Control loop missed its desired rate of 20.0000Hz
[controller_server-1] [INFO] [1783331941.418152043] [leo1.controller_server]: Passing new path to controller.
[controller_server-1] [WARN] [1783331941.613616680] [leo1.controller_server]: Control loop missed its desired rate of 20.0000Hz
[controller_server-1] [INFO] [1783331942.436252409] [leo1.controller_server]: Passing new path to controller.
[controller_server-1] [INFO] [1783331943.463741201] [leo1.controller_server]: Passing new path to controller.
[behavior_server-9] [INFO] [1783331944.205637792] [leo2.behavior_server]: wait completed successfully
[planner_server-8] [ERROR] [1783331944.231500249] [leo2.planner_server]: Failed to create a plan from potential when a legal potential was found. This shouldn't happen.
[planner_server-8] [WARN] [1783331944.231579581] [leo2.planner_server]: GridBased: failed to create plan with tolerance 0.50.
[planner_server-8] [WARN] [1783331944.231591865] [leo2.planner_server]: Planning algorithm GridBased failed to generate a valid path to (-0.43, 4.97)
[planner_server-8] [WARN] [1783331944.231600299] [leo2.planner_server]: [compute_path_to_pose] [ActionServer] Aborting handle.
[planner_server-8] [INFO] [1783331944.248172998] [leo2.global_costmap.global_costmap]: Received request to clear entirely the global_costmap
[planner_server-8] [ERROR] [1783331944.371004984] [leo2.planner_server]: Failed to create a plan from potential when a legal potential was found. This shouldn't happen.
[planner_server-8] [WARN] [1783331944.371087914] [leo2.planner_server]: GridBased: failed to create plan with tolerance 0.50.
[planner_server-8] [WARN] [1783331944.371097984] [leo2.planner_server]: Planning algorithm GridBased failed to generate a valid path to (-0.43, 4.97)
[planner_server-8] [WARN] [1783331944.371106284] [leo2.planner_server]: [compute_path_to_pose] [ActionServer] Aborting handle.
[behavior_server-9] [INFO] [1783331944.388372005] [leo2.behavior_server]: Running backup
[controller_server-1] [INFO] [1783331944.513693336] [leo1.controller_server]: Passing new path to controller.
[planner_server-2] [INFO] [1783331944.910782532] [leo1.global_costmap.global_costmap]: StaticLayer: Resizing costmap to 478 X 318 at 0.050000 m/pix
[planner_server-8] [INFO] [1783331944.959259856] [leo2.global_costmap.global_costmap]: StaticLayer: Resizing costmap to 478 X 318 at 0.050000 m/pix
[controller_server-1] [INFO] [1783331945.513125605] [leo1.controller_server]: Passing new path to controller.
[planner_server-2] [ERROR] [1783331946.522788355] [leo1.planner_server]: Failed to create a plan from potential when a legal potential was found. This shouldn't happen.
[planner_server-2] [WARN] [1783331946.522876590] [leo1.planner_server]: GridBased: failed to create plan with tolerance 0.50.
[planner_server-2] [WARN] [1783331946.522888494] [leo1.planner_server]: Planning algorithm GridBased failed to generate a valid path to (6.57, -3.43)
[planner_server-2] [WARN] [1783331946.522897185] [leo1.planner_server]: [compute_path_to_pose] [ActionServer] Aborting handle.
[planner_server-2] [INFO] [1783331946.539940936] [leo1.global_costmap.global_costmap]: Received request to clear entirely the global_costmap
[planner_server-2] [ERROR] [1783331946.723010712] [leo1.planner_server]: Failed to create a plan from potential when a legal potential was found. This shouldn't happen.
[planner_server-2] [WARN] [1783331946.723102096] [leo1.planner_server]: GridBased: failed to create plan with tolerance 0.50.
[planner_server-2] [WARN] [1783331946.723113994] [leo1.planner_server]: Planning algorithm GridBased failed to generate a valid path to (6.57, -3.43)
[planner_server-2] [WARN] [1783331946.723123561] [leo1.planner_server]: [compute_path_to_pose] [ActionServer] Aborting handle.
[bt_navigator-4] [ERROR] [1783331946.760629905] [leo1.bt_navigator_navigate_to_pose_rclcpp_node]: Failed to get result for follow_path in node halt!
[behavior_server-3] [INFO] [1783331946.761134436] [leo1.behavior_server]: Running backup
[bt_navigator-4] [WARN] [1783331946.761698535] [BehaviorTreeEngine]: Behavior Tree tick rate 100.00 was exceeded!
[controller_server-1] [INFO] [1783331946.763120045] [leo1.controller_server]: Goal was canceled. Stopping the robot.
[controller_server-1] [INFO] [1783331946.763171591] [leo1.controller_server]: [follow_path] [ActionServer] Client requested to cancel the goal. Cancelling.
[behavior_server-9] [INFO] [1783331955.388053268] [leo2.behavior_server]: backup completed successfully
[controller_server-7] [INFO] [1783331955.438516222] [leo2.controller_server]: Received a goal, begin computing control effort.
[controller_server-7] [ERROR] [1783331955.681614964] [transformPoseInTargetFrame]: Extrapolation Error looking up target frame: Lookup would require extrapolation into the future.  Requested time 228.700000 but the latest data is at time 228.693000, when looking up transform from frame [map] to frame [leo2/base_link]
[controller_server-7] 
[controller_server-7] [WARN] [1783331955.684206114] [leo2.controller_server]: Control loop missed its desired rate of 20.0000Hz
[controller_server-7] [INFO] [1783331956.501512139] [leo2.controller_server]: Passing new path to controller.
[controller_server-7] [INFO] [1783331957.533484248] [leo2.controller_server]: Passing new path to controller.
[behavior_server-3] [INFO] [1783331958.261540048] [leo1.behavior_server]: backup completed successfully
[controller_server-1] [INFO] [1783331958.302885099] [leo1.controller_server]: Received a goal, begin computing control effort.
[controller_server-1] [WARN] [1783331958.446059867] [leo1.controller_server]: Control loop missed its desired rate of 20.0000Hz
[controller_server-7] [INFO] [1783331958.534298517] [leo2.controller_server]: Passing new path to controller.
[planner_server-2] [ERROR] [1783331959.314610415] [leo1.planner_server]: Failed to create a plan from potential when a legal potential was found. This shouldn't happen.
[planner_server-2] [WARN] [1783331959.314685929] [leo1.planner_server]: GridBased: failed to create plan with tolerance 0.50.
[planner_server-2] [WARN] [1783331959.314697273] [leo1.planner_server]: Planning algorithm GridBased failed to generate a valid path to (6.57, -3.43)
[planner_server-2] [WARN] [1783331959.314705438] [leo1.planner_server]: [compute_path_to_pose] [ActionServer] Aborting handle.
[planner_server-2] [INFO] [1783331959.331955339] [leo1.global_costmap.global_costmap]: Received request to clear entirely the global_costmap
[controller_server-1] [INFO] [1783331959.582890977] [leo1.controller_server]: Passing new path to controller.
[controller_server-7] [INFO] [1783331959.584294521] [leo2.controller_server]: Passing new path to controller.
[planner_server-2] [ERROR] [1783331960.555187760] [leo1.planner_server]: Failed to create a plan from potential when a legal potential was found. This shouldn't happen.
[planner_server-2] [WARN] [1783331960.555327620] [leo1.planner_server]: GridBased: failed to create plan with tolerance 0.50.
[planner_server-2] [WARN] [1783331960.555352073] [leo1.planner_server]: Planning algorithm GridBased failed to generate a valid path to (6.57, -3.43)
[planner_server-2] [WARN] [1783331960.555390756] [leo1.planner_server]: [compute_path_to_pose] [ActionServer] Aborting handle.
[planner_server-2] [INFO] [1783331960.571985076] [leo1.global_costmap.global_costmap]: Received request to clear entirely the global_costmap
[controller_server-7] [INFO] [1783331960.634311817] [leo2.controller_server]: Passing new path to controller.
[planner_server-2] [ERROR] [1783331960.716032250] [leo1.planner_server]: Failed to create a plan from potential when a legal potential was found. This shouldn't happen.
[planner_server-2] [WARN] [1783331960.716181279] [leo1.planner_server]: GridBased: failed to create plan with tolerance 0.50.
[planner_server-2] [WARN] [1783331960.716229144] [leo1.planner_server]: Planning algorithm GridBased failed to generate a valid path to (6.57, -3.43)
[planner_server-2] [WARN] [1783331960.716254009] [leo1.planner_server]: [compute_path_to_pose] [ActionServer] Aborting handle.
[controller_server-1] [INFO] [1783331960.746144582] [leo1.controller_server]: Goal was canceled. Stopping the robot.
[controller_server-1] [INFO] [1783331960.746225405] [leo1.controller_server]: [follow_path] [ActionServer] Client requested to cancel the goal. Cancelling.
[controller_server-1] [INFO] [1783331960.746615838] [leo1.local_costmap.local_costmap]: Received request to clear entirely the local_costmap
[planner_server-2] [INFO] [1783331960.746985233] [leo1.global_costmap.global_costmap]: Received request to clear entirely the global_costmap
[bt_navigator-4] [WARN] [1783331960.748313702] [BehaviorTreeEngine]: Behavior Tree tick rate 100.00 was exceeded!
[controller_server-7] [ERROR] [1783331960.817008140] [transformPoseInTargetFrame]: Extrapolation Error looking up target frame: Lookup would require extrapolation into the future.  Requested time 231.700000 but the latest data is at time 231.693000, when looking up transform from frame [map] to frame [leo2/base_link]
[controller_server-7] 
[controller_server-7] [WARN] [1783331960.817956245] [leo2.controller_server]: Control loop missed its desired rate of 20.0000Hz
[planner_server-2] [ERROR] [1783331960.920540390] [leo1.planner_server]: Failed to create a plan from potential when a legal potential was found. This shouldn't happen.
[planner_server-2] [WARN] [1783331960.920708035] [leo1.planner_server]: GridBased: failed to create plan with tolerance 0.50.
[planner_server-2] [WARN] [1783331960.920736939] [leo1.planner_server]: Planning algorithm GridBased failed to generate a valid path to (6.57, -3.43)
[planner_server-2] [WARN] [1783331960.920747258] [leo1.planner_server]: [compute_path_to_pose] [ActionServer] Aborting handle.
[planner_server-2] [INFO] [1783331960.931920376] [leo1.global_costmap.global_costmap]: Received request to clear entirely the global_costmap
[planner_server-2] [ERROR] [1783331961.124601814] [leo1.planner_server]: Failed to create a plan from potential when a legal potential was found. This shouldn't happen.
[planner_server-2] [WARN] [1783331961.124674219] [leo1.planner_server]: GridBased: failed to create plan with tolerance 0.50.
[planner_server-2] [WARN] [1783331961.124685205] [leo1.planner_server]: Planning algorithm GridBased failed to generate a valid path to (6.57, -3.43)
[planner_server-2] [WARN] [1783331961.124693848] [leo1.planner_server]: [compute_path_to_pose] [ActionServer] Aborting handle.
[behavior_server-3] [INFO] [1783331961.142258325] [leo1.behavior_server]: Running spin
[behavior_server-3] [INFO] [1783331961.142466460] [leo1.behavior_server]: Turning 1.57 for spin behavior.
[controller_server-7] [INFO] [1783331961.645235418] [leo2.controller_server]: Passing new path to controller.
[controller_server-7] [WARN] [1783331961.839418988] [leo2.controller_server]: Control loop missed its desired rate of 20.0000Hz
[controller_server-7] [INFO] [1783331962.663274868] [leo2.controller_server]: Passing new path to controller.
[controller_server-7] [ERROR] [1783331962.785769668] [transformPoseInTargetFrame]: Extrapolation Error looking up target frame: Lookup would require extrapolation into the future.  Requested time 232.900000 but the latest data is at time 232.893000, when looking up transform from frame [map] to frame [leo2/base_link]
[controller_server-7] 
[controller_server-7] [WARN] [1783331962.786633929] [leo2.controller_server]: Control loop missed its desired rate of 20.0000Hz
[controller_server-7] [INFO] [1783331963.689525186] [leo2.controller_server]: Passing new path to controller.
[behavior_server-3] [INFO] [1783331963.942674597] [leo1.behavior_server]: spin completed successfully
[planner_server-2] [ERROR] [1783331963.974576954] [leo1.planner_server]: Failed to create a plan from potential when a legal potential was found. This shouldn't happen.
[planner_server-2] [WARN] [1783331963.974721176] [leo1.planner_server]: GridBased: failed to create plan with tolerance 0.50.
[planner_server-2] [WARN] [1783331963.974745359] [leo1.planner_server]: Planning algorithm GridBased failed to generate a valid path to (6.57, -3.43)
[planner_server-2] [WARN] [1783331963.974762264] [leo1.planner_server]: [compute_path_to_pose] [ActionServer] Aborting handle.
[planner_server-2] [INFO] [1783331963.991968194] [leo1.global_costmap.global_costmap]: Received request to clear entirely the global_costmap
[planner_server-2] [ERROR] [1783331964.115168774] [leo1.planner_server]: Failed to create a plan from potential when a legal potential was found. This shouldn't happen.
[planner_server-2] [WARN] [1783331964.115255348] [leo1.planner_server]: GridBased: failed to create plan with tolerance 0.50.
[planner_server-2] [WARN] [1783331964.115265671] [leo1.planner_server]: Planning algorithm GridBased failed to generate a valid path to (6.57, -3.43)
[planner_server-2] [WARN] [1783331964.115274621] [leo1.planner_server]: [compute_path_to_pose] [ActionServer] Aborting handle.
[behavior_server-3] [INFO] [1783331964.132108279] [leo1.behavior_server]: Running wait
[controller_server-7] [INFO] [1783331964.739514239] [leo2.controller_server]: Passing new path to controller.
[controller_server-7] [ERROR] [1783331964.861431173] [transformPoseInTargetFrame]: Extrapolation Error looking up target frame: Lookup would require extrapolation into the future.  Requested time 234.300000 but the latest data is at time 234.293000, when looking up transform from frame [map] to frame [leo2/base_link]
[controller_server-7] 
[controller_server-7] [WARN] [1783331964.862284715] [leo2.controller_server]: Control loop missed its desired rate of 20.0000Hz
[planner_server-8] [INFO] [1783331964.959256169] [leo2.global_costmap.global_costmap]: StaticLayer: Resizing costmap to 478 X 318 at 0.050000 m/pix
[planner_server-8] [ERROR] [1783331965.720164787] [leo2.planner_server]: Failed to create a plan from potential when a legal potential was found. This shouldn't happen.
[planner_server-8] [WARN] [1783331965.720243273] [leo2.planner_server]: GridBased: failed to create plan with tolerance 0.50.
[planner_server-8] [WARN] [1783331965.720254359] [leo2.planner_server]: Planning algorithm GridBased failed to generate a valid path to (-0.43, 4.97)
[planner_server-8] [WARN] [1783331965.720279029] [leo2.planner_server]: [compute_path_to_pose] [ActionServer] Aborting handle.
[planner_server-8] [INFO] [1783331965.737516260] [leo2.global_costmap.global_costmap]: Received request to clear entirely the global_costmap
[planner_server-8] [ERROR] [1783331965.771215888] [leo2.planner_server]: Failed to create a plan from potential when a legal potential was found. This shouldn't happen.
[planner_server-8] [WARN] [1783331965.771292983] [leo2.planner_server]: GridBased: failed to create plan with tolerance 0.50.
[planner_server-8] [WARN] [1783331965.771305071] [leo2.planner_server]: Planning algorithm GridBased failed to generate a valid path to (-0.43, 4.97)
[planner_server-8] [WARN] [1783331965.771325310] [leo2.planner_server]: [compute_path_to_pose] [ActionServer] Aborting handle.
[bt_navigator-10] [ERROR] [1783331965.808087869] [leo2.bt_navigator_navigate_to_pose_rclcpp_node]: Failed to get result for follow_path in node halt!
[controller_server-7] [INFO] [1783331965.808312102] [leo2.local_costmap.local_costmap]: Received request to clear entirely the local_costmap
[planner_server-8] [INFO] [1783331965.808846080] [leo2.global_costmap.global_costmap]: Received request to clear entirely the global_costmap
[bt_navigator-10] [WARN] [1783331965.810788696] [BehaviorTreeEngine]: Behavior Tree tick rate 100.00 was exceeded!
[controller_server-7] [INFO] [1783331965.836252694] [leo2.controller_server]: Goal was canceled. Stopping the robot.
[controller_server-7] [INFO] [1783331965.836301832] [leo2.controller_server]: [follow_path] [ActionServer] Client requested to cancel the goal. Cancelling.
[planner_server-8] [ERROR] [1783331965.972284520] [leo2.planner_server]: Failed to create a plan from potential when a legal potential was found. This shouldn't happen.
[planner_server-8] [WARN] [1783331965.972376197] [leo2.planner_server]: GridBased: failed to create plan with tolerance 0.50.
[planner_server-8] [WARN] [1783331965.972393689] [leo2.planner_server]: Planning algorithm GridBased failed to generate a valid path to (-0.43, 4.97)
[planner_server-8] [WARN] [1783331965.972404931] [leo2.planner_server]: [compute_path_to_pose] [ActionServer] Aborting handle.
[planner_server-8] [INFO] [1783331965.991058496] [leo2.global_costmap.global_costmap]: Received request to clear entirely the global_costmap
[planner_server-8] [ERROR] [1783331966.163965140] [leo2.planner_server]: Failed to create a plan from potential when a legal potential was found. This shouldn't happen.
[planner_server-8] [WARN] [1783331966.164049749] [leo2.planner_server]: GridBased: failed to create plan with tolerance 0.50.
[planner_server-8] [WARN] [1783331966.164073015] [leo2.planner_server]: Planning algorithm GridBased failed to generate a valid path to (-0.43, 4.97)
[planner_server-8] [WARN] [1783331966.164087373] [leo2.planner_server]: [compute_path_to_pose] [ActionServer] Aborting handle.
[behavior_server-9] [INFO] [1783331966.181413846] [leo2.behavior_server]: Running spin
[behavior_server-9] [INFO] [1783331966.181547534] [leo2.behavior_server]: Turning 1.57 for spin behavior.
[bt_navigator-10] [INFO] [1783331967.530977929] [leo2.bt_navigator]: Received goal preemption request
[bt_navigator-10] [INFO] [1783331967.532028505] [leo2.bt_navigator]: Begin navigating from current location (-4.97, 0.46) to (-10.03, 3.88)
[bt_navigator-4] [INFO] [1783331967.541807349] [leo1.bt_navigator]: Received goal preemption request
[bt_navigator-4] [INFO] [1783331967.542709855] [leo1.bt_navigator]: Begin navigating from current location (-6.50, -3.22) to (-10.03, 3.88)
[behavior_server-9] [INFO] [1783331968.781751965] [leo2.behavior_server]: spin completed successfully
[controller_server-7] [INFO] [1783331968.831976713] [leo2.controller_server]: Received a goal, begin computing control effort.
[controller_server-7] [ERROR] [1783331968.994075221] [transformPoseInTargetFrame]: Extrapolation Error looking up target frame: Lookup would require extrapolation into the future.  Requested time 237.100000 but the latest data is at time 237.093000, when looking up transform from frame [map] to frame [leo2/base_link]
[controller_server-7] 
[controller_server-7] [WARN] [1783331968.995499194] [leo2.controller_server]: Control loop missed its desired rate of 20.0000Hz
[controller_server-7] [INFO] [1783331969.867080876] [leo2.controller_server]: Passing new path to controller.
[controller_server-7] [ERROR] [1783331970.110315458] [transformPoseInTargetFrame]: Extrapolation Error looking up target frame: Lookup would require extrapolation into the future.  Requested time 237.875000 but the latest data is at time 237.873000, when looking up transform from frame [map] to frame [leo2/base_link]
[controller_server-7] 
[controller_server-7] [WARN] [1783331970.111779131] [leo2.controller_server]: Control loop missed its desired rate of 20.0000Hz
[controller_server-7] [INFO] [1783331970.933429590] [leo2.controller_server]: Passing new path to controller.
[controller_server-7] [ERROR] [1783331971.294120161] [transformPoseInTargetFrame]: Extrapolation Error looking up target frame: Lookup would require extrapolation into the future.  Requested time 238.696000 but the latest data is at time 238.673000, when looking up transform from frame [map] to frame [leo2/base_link]
[controller_server-7] 
[controller_server-7] [WARN] [1783331971.295488752] [leo2.controller_server]: Control loop missed its desired rate of 20.0000Hz
[behavior_server-3] [INFO] [1783331971.432442258] [leo1.behavior_server]: wait completed successfully
[controller_server-1] [INFO] [1783331971.483030733] [leo1.controller_server]: Received a goal, begin computing control effort.
[controller_server-1] [WARN] [1783331971.574670135] [leo1.controller_server]: Control loop missed its desired rate of 20.0000Hz
[controller_server-1] [WARN] [1783331971.595281800] [leo1.controller_server]: Control loop missed its desired rate of 20.0000Hz
[controller_server-1] [WARN] [1783331971.865766618] [leo1.controller_server]: Control loop missed its desired rate of 20.0000Hz
[controller_server-7] [INFO] [1783331971.966423686] [leo2.controller_server]: Passing new path to controller.
[controller_server-1] [WARN] [1783331972.163250825] [leo1.controller_server]: Control loop missed its desired rate of 20.0000Hz
[controller_server-1] [WARN] [1783331972.457197973] [leo1.controller_server]: Control loop missed its desired rate of 20.0000Hz
[controller_server-1] [INFO] [1783331972.524062029] [leo1.controller_server]: Passing new path to controller.
[controller_server-1] [WARN] [1783331972.798332954] [leo1.controller_server]: Control loop missed its desired rate of 20.0000Hz
[controller_server-7] [INFO] [1783331972.945601521] [leo2.controller_server]: Passing new path to controller.
[controller_server-1] [WARN] [1783331973.095462601] [leo1.controller_server]: Control loop missed its desired rate of 20.0000Hz
[controller_server-7] [ERROR] [1783331973.118300590] [transformPoseInTargetFrame]: Extrapolation Error looking up target frame: Lookup would require extrapolation into the future.  Requested time 239.884000 but the latest data is at time 239.873000, when looking up transform from frame [map] to frame [leo2/base_link]
[controller_server-7] 
[controller_server-7] [WARN] [1783331973.119244706] [leo2.controller_server]: Control loop missed its desired rate of 20.0000Hz
[controller_server-1] [WARN] [1783331973.391134055] [leo1.controller_server]: Control loop missed its desired rate of 20.0000Hz
[controller_server-1] [ERROR] [1783331973.694343537] [transformPoseInTargetFrame]: Extrapolation Error looking up target frame: Lookup would require extrapolation into the future.  Requested time 240.260000 but the latest data is at time 240.252000, when looking up transform from frame [map] to frame [leo1/base_link]
[controller_server-1] 
[controller_server-1] [WARN] [1783331973.696415004] [leo1.controller_server]: Control loop missed its desired rate of 20.0000Hz
[controller_server-1] [INFO] [1783331973.696460459] [leo1.controller_server]: Passing new path to controller.
[controller_server-1] [WARN] [1783331973.996307197] [leo1.controller_server]: Control loop missed its desired rate of 20.0000Hz
[controller_server-7] [INFO] [1783331973.996766715] [leo2.controller_server]: Passing new path to controller.
[controller_server-1] [WARN] [1783331974.279410559] [leo1.controller_server]: Control loop missed its desired rate of 20.0000Hz
[controller_server-1] [WARN] [1783331974.597526268] [leo1.controller_server]: Control loop missed its desired rate of 20.0000Hz
[controller_server-1] [INFO] [1783331974.597604941] [leo1.controller_server]: Passing new path to controller.
[controller_server-1] [WARN] [1783331974.902805989] [leo1.controller_server]: Control loop missed its desired rate of 20.0000Hz
[planner_server-2] [INFO] [1783331974.909269517] [leo1.global_costmap.global_costmap]: StaticLayer: Resizing costmap to 478 X 318 at 0.050000 m/pix
[controller_server-7] [INFO] [1783331975.017859682] [leo2.controller_server]: Passing new path to controller.
[controller_server-1] [INFO] [1783331975.644667366] [leo1.controller_server]: Passing new path to controller.
[controller_server-7] [INFO] [1783331976.067843619] [leo2.controller_server]: Passing new path to controller.
[controller_server-7] [ERROR] [1783331976.230074802] [transformPoseInTargetFrame]: Extrapolation Error looking up target frame: Lookup would require extrapolation into the future.  Requested time 241.900000 but the latest data is at time 241.893000, when looking up transform from frame [map] to frame [leo2/base_link]
[controller_server-7] 
[controller_server-7] [WARN] [1783331976.233970435] [leo2.controller_server]: Control loop missed its desired rate of 20.0000Hz
[controller_server-1] [INFO] [1783331976.652882541] [leo1.controller_server]: Passing new path to controller.
[controller_server-1] [WARN] [1783331976.826689961] [leo1.controller_server]: Control loop missed its desired rate of 20.0000Hz
[controller_server-7] [INFO] [1783331977.106819280] [leo2.controller_server]: Passing new path to controller.
[controller_server-7] [WARN] [1783331977.209597704] [leo2.controller_server]: Control loop missed its desired rate of 20.0000Hz
[controller_server-1] [INFO] [1783331977.698932499] [leo1.controller_server]: Passing new path to controller.
[controller_server-1] [WARN] [1783331977.821748564] [leo1.controller_server]: Control loop missed its desired rate of 20.0000Hz
[planner_server-8] [ERROR] [1783331978.074689705] [leo2.planner_server]: Failed to create a plan from potential when a legal potential was found. This shouldn't happen.
[planner_server-8] [WARN] [1783331978.074811766] [leo2.planner_server]: GridBased: failed to create plan with tolerance 0.50.
[planner_server-8] [WARN] [1783331978.074827222] [leo2.planner_server]: Planning algorithm GridBased failed to generate a valid path to (-10.03, 3.88)
[planner_server-8] [WARN] [1783331978.074836937] [leo2.planner_server]: [compute_path_to_pose] [ActionServer] Aborting handle.
[planner_server-8] [INFO] [1783331978.089518617] [leo2.global_costmap.global_costmap]: Received request to clear entirely the global_costmap
[planner_server-8] [ERROR] [1783331978.174833644] [leo2.planner_server]: Failed to create a plan from potential when a legal potential was found. This shouldn't happen.
[planner_server-8] [WARN] [1783331978.174932209] [leo2.planner_server]: GridBased: failed to create plan with tolerance 0.50.
[planner_server-8] [WARN] [1783331978.174948841] [leo2.planner_server]: Planning algorithm GridBased failed to generate a valid path to (-10.03, 3.88)
[planner_server-8] [WARN] [1783331978.174959504] [leo2.planner_server]: [compute_path_to_pose] [ActionServer] Aborting handle.
[bt_navigator-10] [ERROR] [1783331978.210088150] [leo2.bt_navigator_navigate_to_pose_rclcpp_node]: Failed to get result for follow_path in node halt!
[bt_navigator-10] [WARN] [1783331978.210666180] [BehaviorTreeEngine]: Behavior Tree tick rate 100.00 was exceeded!
[bt_navigator-10] [WARN] [1783331978.210701583] [leo2.bt_navigator]: [navigate_to_pose] [ActionServer] Aborting handle.
[bt_navigator-10] [ERROR] [1783331978.211796257] [leo2.bt_navigator]: Goal failed
[controller_server-7] [INFO] [1783331978.234072197] [leo2.controller_server]: Goal was canceled. Stopping the robot.
[controller_server-7] [INFO] [1783331978.234156258] [leo2.controller_server]: [follow_path] [ActionServer] Client requested to cancel the goal. Cancelling.
[controller_server-1] [INFO] [1783331978.726788227] [leo1.controller_server]: Passing new path to controller.
[controller_server-1] [WARN] [1783331978.805788973] [leo1.controller_server]: Control loop missed its desired rate of 20.0000Hz
[controller_server-1] [INFO] [1783331979.726791251] [leo1.controller_server]: Passing new path to controller.
[bt_navigator-10] [INFO] [1783331979.802488721] [leo2.bt_navigator]: Begin navigating from current location (-5.68, 0.49) to (-10.28, -6.27)
[controller_server-7] [INFO] [1783331979.823989868] [leo2.controller_server]: Received a goal, begin computing control effort.
[controller_server-7] [ERROR] [1783331980.126644271] [transformPoseInTargetFrame]: Extrapolation Error looking up target frame: Lookup would require extrapolation into the future.  Requested time 244.300000 but the latest data is at time 244.293000, when looking up transform from frame [map] to frame [leo2/base_link]
[controller_server-7] 
[controller_server-7] [WARN] [1783331980.127726174] [leo2.controller_server]: Control loop missed its desired rate of 20.0000Hz
[controller_server-1] [INFO] [1783331980.776789869] [leo1.controller_server]: Passing new path to controller.
[controller_server-7] [INFO] [1783331980.847252040] [leo2.controller_server]: Passing new path to controller.
[controller_server-7] [ERROR] [1783331981.100659249] [transformPoseInTargetFrame]: Extrapolation Error looking up target frame: Lookup would require extrapolation into the future.  Requested time 244.900000 but the latest data is at time 244.893000, when looking up transform from frame [map] to frame [leo2/base_link]
[controller_server-7] 
[controller_server-7] [WARN] [1783331981.101484487] [leo2.controller_server]: Control loop missed its desired rate of 20.0000Hz
[controller_server-1] [INFO] [1783331981.826776848] [leo1.controller_server]: Passing new path to controller.
[controller_server-7] [INFO] [1783331981.923042808] [leo2.controller_server]: Passing new path to controller.
[controller_server-7] [ERROR] [1783331982.095511211] [transformPoseInTargetFrame]: Extrapolation Error looking up target frame: Lookup would require extrapolation into the future.  Requested time 245.500000 but the latest data is at time 245.493000, when looking up transform from frame [map] to frame [leo2/base_link]
[controller_server-7] 
[controller_server-7] [WARN] [1783331982.096566388] [leo2.controller_server]: Control loop missed its desired rate of 20.0000Hz
[controller_server-1] [INFO] [1783331982.826783705] [leo1.controller_server]: Passing new path to controller.
[controller_server-7] [INFO] [1783331982.915155615] [leo2.controller_server]: Passing new path to controller.
[controller_server-7] [ERROR] [1783331983.077444346] [transformPoseInTargetFrame]: Extrapolation Error looking up target frame: Lookup would require extrapolation into the future.  Requested time 246.100000 but the latest data is at time 246.093000, when looking up transform from frame [map] to frame [leo2/base_link]
[controller_server-7] 
[controller_server-7] [WARN] [1783331983.078416052] [leo2.controller_server]: Control loop missed its desired rate of 20.0000Hz
[controller_server-1] [INFO] [1783331983.876783270] [leo1.controller_server]: Passing new path to controller.
[controller_server-7] [INFO] [1783331983.947304989] [leo2.controller_server]: Passing new path to controller.
[controller_server-1] [WARN] [1783331983.989258019] [leo1.controller_server]: Control loop missed its desired rate of 20.0000Hz
[controller_server-7] [WARN] [1783331984.050246810] [leo2.controller_server]: Control loop missed its desired rate of 20.0000Hz
[planner_server-2] [INFO] [1783331984.909283278] [leo1.global_costmap.global_costmap]: StaticLayer: Resizing costmap to 478 X 318 at 0.050000 m/pix
[controller_server-1] [INFO] [1783331984.912870095] [leo1.controller_server]: Passing new path to controller.
[planner_server-8] [INFO] [1783331984.957737320] [leo2.global_costmap.global_costmap]: StaticLayer: Resizing costmap to 478 X 318 at 0.050000 m/pix
[controller_server-7] [INFO] [1783331984.978521589] [leo2.controller_server]: Passing new path to controller.
[controller_server-1] [INFO] [1783331985.939343552] [leo1.controller_server]: Passing new path to controller.
[controller_server-7] [INFO] [1783331986.028535313] [leo2.controller_server]: Passing new path to controller.
[controller_server-1] [WARN] [1783331986.153385894] [leo1.controller_server]: Control loop missed its desired rate of 20.0000Hz
[controller_server-7] [WARN] [1783331986.211627279] [leo2.controller_server]: Control loop missed its desired rate of 20.0000Hz
[controller_server-7] [WARN] [1783331986.527878685] [leo2.controller_server]: Control loop missed its desired rate of 20.0000Hz
[controller_server-7] [ERROR] [1783331986.853526956] [transformPoseInTargetFrame]: Extrapolation Error looking up target frame: Lookup would require extrapolation into the future.  Requested time 248.500000 but the latest data is at time 248.493000, when looking up transform from frame [map] to frame [leo2/base_link]
[controller_server-7] 
[controller_server-7] [WARN] [1783331986.855121019] [leo2.controller_server]: Control loop missed its desired rate of 20.0000Hz
[controller_server-1] [INFO] [1783331986.978281498] [leo1.controller_server]: Passing new path to controller.
[controller_server-7] [INFO] [1783331987.063577676] [leo2.controller_server]: Passing new path to controller.
[controller_server-1] [WARN] [1783331987.101748450] [leo1.controller_server]: Control loop missed its desired rate of 20.0000Hz
[controller_server-1] [WARN] [1783331987.105582403] [leo1.controller_server]: Control loop missed its desired rate of 20.0000Hz
[controller_server-7] [WARN] [1783331987.175435431] [leo2.controller_server]: Control loop missed its desired rate of 20.0000Hz
[controller_server-7] [ERROR] [1783331987.497540430] [transformPoseInTargetFrame]: Extrapolation Error looking up target frame: Lookup would require extrapolation into the future.  Requested time 248.900000 but the latest data is at time 248.893000, when looking up transform from frame [map] to frame [leo2/base_link]
[controller_server-7] 
[controller_server-7] [WARN] [1783331987.498378271] [leo2.controller_server]: Control loop missed its desired rate of 20.0000Hz
[controller_server-1] [INFO] [1783331988.003468522] [leo1.controller_server]: Passing new path to controller.
[controller_server-1] [WARN] [1783331988.065344793] [leo1.controller_server]: Control loop missed its desired rate of 20.0000Hz
[controller_server-7] [INFO] [1783331988.112579051] [leo2.controller_server]: Passing new path to controller.
[controller_server-7] [ERROR] [1783331988.460899375] [transformPoseInTargetFrame]: Extrapolation Error looking up target frame: Lookup would require extrapolation into the future.  Requested time 249.496000 but the latest data is at time 249.493000, when looking up transform from frame [map] to frame [leo2/base_link]
[controller_server-7] 
[controller_server-7] [WARN] [1783331988.461795649] [leo2.controller_server]: Control loop missed its desired rate of 20.0000Hz
[controller_server-1] [INFO] [1783331989.003468284] [leo1.controller_server]: Passing new path to controller.
[controller_server-7] [INFO] [1783331989.125524685] [leo2.controller_server]: Passing new path to controller.
[controller_server-1] [INFO] [1783331990.053492155] [leo1.controller_server]: Passing new path to controller.
[controller_server-7] [INFO] [1783331990.161913902] [leo2.controller_server]: Passing new path to controller.
[controller_server-1] [INFO] [1783331991.053533286] [leo1.controller_server]: Passing new path to controller.
[controller_server-7] [INFO] [1783331991.161943794] [leo2.controller_server]: Passing new path to controller.
[controller_server-1] [INFO] [1783331992.103485493] [leo1.controller_server]: Passing new path to controller.
[controller_server-7] [INFO] [1783331992.211899402] [leo2.controller_server]: Passing new path to controller.
[controller_server-1] [INFO] [1783331993.153516416] [leo1.controller_server]: Passing new path to controller.
[controller_server-7] [INFO] [1783331993.261914474] [leo2.controller_server]: Passing new path to controller.
[controller_server-1] [INFO] [1783331994.153456485] [leo1.controller_server]: Passing new path to controller.
[controller_server-7] [INFO] [1783331994.311903300] [leo2.controller_server]: Passing new path to controller.
[planner_server-2] [INFO] [1783331994.909314262] [leo1.global_costmap.global_costmap]: StaticLayer: Resizing costmap to 478 X 318 at 0.050000 m/pix
[planner_server-8] [INFO] [1783331994.957755072] [leo2.global_costmap.global_costmap]: StaticLayer: Resizing costmap to 478 X 318 at 0.050000 m/pix
[controller_server-1] [INFO] [1783331995.203499228] [leo1.controller_server]: Passing new path to controller.
[controller_server-7] [INFO] [1783331995.311881839] [leo2.controller_server]: Passing new path to controller.
[controller_server-7] [ERROR] [1783331995.474070321] [transformPoseInTargetFrame]: Extrapolation Error looking up target frame: Lookup would require extrapolation into the future.  Requested time 253.700000 but the latest data is at time 253.693000, when looking up transform from frame [map] to frame [leo2/base_link]
[controller_server-7] 
[controller_server-7] [WARN] [1783331995.474880855] [leo2.controller_server]: Control loop missed its desired rate of 20.0000Hz
[controller_server-1] [INFO] [1783331996.203505410] [leo1.controller_server]: Passing new path to controller.
[controller_server-7] [INFO] [1783331996.347016983] [leo2.controller_server]: Passing new path to controller.
[controller_server-1] [WARN] [1783331996.357019196] [leo1.controller_server]: Control loop missed its desired rate of 20.0000Hz
[controller_server-7] [ERROR] [1783331996.727365489] [transformPoseInTargetFrame]: Extrapolation Error looking up target frame: Lookup would require extrapolation into the future.  Requested time 254.497000 but the latest data is at time 254.493000, when looking up transform from frame [map] to frame [leo2/base_link]
[controller_server-7] 
[controller_server-7] [WARN] [1783331996.728262605] [leo2.controller_server]: Control loop missed its desired rate of 20.0000Hz
[controller_server-1] [INFO] [1783331997.275675895] [leo1.controller_server]: Passing new path to controller.
[controller_server-7] [INFO] [1783331997.396870222] [leo2.controller_server]: Passing new path to controller.
[controller_server-7] [ERROR] [1783331997.660973318] [transformPoseInTargetFrame]: Extrapolation Error looking up target frame: Lookup would require extrapolation into the future.  Requested time 255.098000 but the latest data is at time 255.093000, when looking up transform from frame [map] to frame [leo2/base_link]
[controller_server-7] 
[controller_server-7] [WARN] [1783331997.661883793] [leo2.controller_server]: Control loop missed its desired rate of 20.0000Hz
[controller_server-1] [INFO] [1783331998.307106414] [leo1.controller_server]: Passing new path to controller.
[controller_server-7] [INFO] [1783331998.431705215] [leo2.controller_server]: Passing new path to controller.
[controller_server-7] [WARN] [1783331998.644679574] [leo2.controller_server]: Control loop missed its desired rate of 20.0000Hz
[controller_server-7] [WARN] [1783331998.949821542] [leo2.controller_server]: Control loop missed its desired rate of 20.0000Hz
[controller_server-7] [WARN] [1783331999.272699789] [leo2.controller_server]: Control loop missed its desired rate of 20.0000Hz
[controller_server-1] [INFO] [1783331999.307160895] [leo1.controller_server]: Passing new path to controller.
[controller_server-7] [WARN] [1783331999.574750726] [leo2.controller_server]: Control loop missed its desired rate of 20.0000Hz
[controller_server-7] [INFO] [1783331999.574797170] [leo2.controller_server]: Passing new path to controller.
[controller_server-7] [ERROR] [1783331999.888037676] [transformPoseInTargetFrame]: Extrapolation Error looking up target frame: Lookup would require extrapolation into the future.  Requested time 256.492000 but the latest data is at time 256.473000, when looking up transform from frame [map] to frame [leo2/base_link]
[controller_server-7] 
[controller_server-7] [WARN] [1783331999.888912399] [leo2.controller_server]: Control loop missed its desired rate of 20.0000Hz
[controller_server-1] [INFO] [1783332000.357111243] [leo1.controller_server]: Passing new path to controller.
[controller_server-7] [INFO] [1783332000.456378159] [leo2.controller_server]: Passing new path to controller.
[controller_server-1] [WARN] [1783332000.490710787] [leo1.controller_server]: Control loop missed its desired rate of 20.0000Hz
[controller_server-7] [WARN] [1783332000.548894158] [leo2.controller_server]: Control loop missed its desired rate of 20.0000Hz
[controller_server-1] [INFO] [1783332001.363506566] [leo1.controller_server]: Passing new path to controller.
[controller_server-7] [INFO] [1783332001.489011299] [leo2.controller_server]: Passing new path to controller.
[controller_server-1] [WARN] [1783332001.527371142] [leo1.controller_server]: Control loop missed its desired rate of 20.0000Hz
[controller_server-7] [WARN] [1783332001.612276940] [leo2.controller_server]: Control loop missed its desired rate of 20.0000Hz
[controller_server-1] [INFO] [1783332002.397762157] [leo1.controller_server]: Passing new path to controller.
[planner_server-8] [WARN] [1783332002.497401819] [leo2.planner_server]: GridBased: failed to create plan with tolerance 0.50.
[planner_server-8] [WARN] [1783332002.497530596] [leo2.planner_server]: Planning algorithm GridBased failed to generate a valid path to (-10.28, -6.27)
[planner_server-8] [WARN] [1783332002.497542764] [leo2.planner_server]: [compute_path_to_pose] [ActionServer] Aborting handle.
[planner_server-8] [INFO] [1783332002.512900925] [leo2.global_costmap.global_costmap]: Received request to clear entirely the global_costmap
[controller_server-1] [WARN] [1783332002.542466637] [leo1.controller_server]: Control loop missed its desired rate of 20.0000Hz
[planner_server-8] [WARN] [1783332002.568084046] [leo2.planner_server]: GridBased: failed to create plan with tolerance 0.50.
[planner_server-8] [WARN] [1783332002.568167918] [leo2.planner_server]: Planning algorithm GridBased failed to generate a valid path to (-10.28, -6.27)
[planner_server-8] [WARN] [1783332002.568181059] [leo2.planner_server]: [compute_path_to_pose] [ActionServer] Aborting handle.
[controller_server-7] [INFO] [1783332002.587356856] [leo2.controller_server]: Goal was canceled. Stopping the robot.
[controller_server-7] [INFO] [1783332002.587405937] [leo2.controller_server]: [follow_path] [ActionServer] Client requested to cancel the goal. Cancelling.
[behavior_server-9] [INFO] [1783332002.587926700] [leo2.behavior_server]: Running wait
[controller_server-1] [INFO] [1783332003.412485411] [leo1.controller_server]: Passing new path to controller.
[controller_server-1] [WARN] [1783332003.546097758] [leo1.controller_server]: Control loop missed its desired rate of 20.0000Hz
[controller_server-1] [INFO] [1783332004.466424709] [leo1.controller_server]: Passing new path to controller.
[planner_server-2] [INFO] [1783332004.907426329] [leo1.global_costmap.global_costmap]: StaticLayer: Resizing costmap to 478 X 318 at 0.050000 m/pix
[planner_server-8] [INFO] [1783332004.955893487] [leo2.global_costmap.global_costmap]: StaticLayer: Resizing costmap to 478 X 318 at 0.050000 m/pix
[controller_server-1] [INFO] [1783332005.494342743] [leo1.controller_server]: Passing new path to controller.
[bt_navigator-10] [INFO] [1783332006.450974432] [leo2.bt_navigator]: Received goal preemption request
[bt_navigator-10] [INFO] [1783332006.452292917] [leo2.bt_navigator]: Begin navigating from current location (-5.09, 0.25) to (-0.43, 4.97)
[controller_server-1] [INFO] [1783332006.544389298] [leo1.controller_server]: Passing new path to controller.
[controller_server-1] [INFO] [1783332007.544382984] [leo1.controller_server]: Passing new path to controller.
[controller_server-1] [WARN] [1783332007.749661580] [leo1.controller_server]: Control loop missed its desired rate of 20.0000Hz
[controller_server-1] [INFO] [1783332008.575683733] [leo1.controller_server]: Passing new path to controller.
[controller_server-1] [WARN] [1783332008.671455023] [leo1.controller_server]: Control loop missed its desired rate of 20.0000Hz
[controller_server-1] [INFO] [1783332009.599754938] [leo1.controller_server]: Passing new path to controller.
[behavior_server-9] [INFO] [1783332010.586276632] [leo2.behavior_server]: wait completed successfully
[controller_server-7] [INFO] [1783332010.632160227] [leo2.controller_server]: Received a goal, begin computing control effort.
[controller_server-1] [INFO] [1783332010.649780309] [leo1.controller_server]: Passing new path to controller.
[controller_server-1] [WARN] [1783332010.823062145] [leo1.controller_server]: Control loop missed its desired rate of 20.0000Hz
[controller_server-7] [ERROR] [1783332010.865573584] [transformPoseInTargetFrame]: Extrapolation Error looking up target frame: Lookup would require extrapolation into the future.  Requested time 263.300000 but the latest data is at time 263.293000, when looking up transform from frame [map] to frame [leo2/base_link]
[controller_server-7] 
[controller_server-7] [WARN] [1783332010.866579689] [leo2.controller_server]: Control loop missed its desired rate of 20.0000Hz
[controller_server-1] [INFO] [1783332011.649328084] [leo1.controller_server]: Passing new path to controller.
[controller_server-7] [INFO] [1783332011.688055247] [leo2.controller_server]: Passing new path to controller.
[controller_server-1] [WARN] [1783332011.792264341] [leo1.controller_server]: Control loop missed its desired rate of 20.0000Hz
[controller_server-7] [WARN] [1783332011.840639663] [leo2.controller_server]: Control loop missed its desired rate of 20.0000Hz
[controller_server-7] [WARN] [1783332012.146741598] [leo2.controller_server]: Control loop missed its desired rate of 20.0000Hz
[controller_server-7] [WARN] [1783332012.472872030] [leo2.controller_server]: Control loop missed its desired rate of 20.0000Hz
[controller_server-1] [INFO] [1783332012.711963874] [leo1.controller_server]: Passing new path to controller.
[controller_server-7] [WARN] [1783332012.812037976] [leo2.controller_server]: Control loop missed its desired rate of 20.0000Hz
[controller_server-7] [INFO] [1783332012.812087452] [leo2.controller_server]: Passing new path to controller.
[controller_server-7] [WARN] [1783332013.116201708] [leo2.controller_server]: Control loop missed its desired rate of 20.0000Hz
[controller_server-7] [WARN] [1783332013.423816987] [leo2.controller_server]: Control loop missed its desired rate of 20.0000Hz
[controller_server-7] [ERROR] [1783332013.728584720] [transformPoseInTargetFrame]: Extrapolation Error looking up target frame: Lookup would require extrapolation into the future.  Requested time 265.100000 but the latest data is at time 265.093000, when looking up transform from frame [map] to frame [leo2/base_link]
[controller_server-7] 
[controller_server-7] [WARN] [1783332013.730112698] [leo2.controller_server]: Control loop missed its desired rate of 20.0000Hz
[controller_server-7] [INFO] [1783332013.730148164] [leo2.controller_server]: Passing new path to controller.
[controller_server-1] [INFO] [1783332013.742402119] [leo1.controller_server]: Passing new path to controller.
[controller_server-7] [WARN] [1783332014.034785529] [leo2.controller_server]: Control loop missed its desired rate of 20.0000Hz
[controller_server-7] [WARN] [1783332014.339260030] [leo2.controller_server]: Control loop missed its desired rate of 20.0000Hz
[controller_server-7] [WARN] [1783332014.644717419] [leo2.controller_server]: Control loop missed its desired rate of 20.0000Hz
[controller_server-1] [INFO] [1783332014.742361546] [leo1.controller_server]: Passing new path to controller.
[controller_server-7] [INFO] [1783332014.777209312] [leo2.controller_server]: Passing new path to controller.
[controller_server-1] [WARN] [1783332014.896238590] [leo1.controller_server]: Control loop missed its desired rate of 20.0000Hz
[planner_server-2] [INFO] [1783332014.907428454] [leo1.global_costmap.global_costmap]: StaticLayer: Resizing costmap to 478 X 318 at 0.050000 m/pix
[planner_server-8] [INFO] [1783332014.955862766] [leo2.global_costmap.global_costmap]: StaticLayer: Resizing costmap to 478 X 318 at 0.050000 m/pix
[controller_server-7] [WARN] [1783332014.959946163] [leo2.controller_server]: Control loop missed its desired rate of 20.0000Hz
[controller_server-7] [ERROR] [1783332015.254738352] [transformPoseInTargetFrame]: Extrapolation Error looking up target frame: Lookup would require extrapolation into the future.  Requested time 266.100000 but the latest data is at time 266.093000, when looking up transform from frame [map] to frame [leo2/base_link]
[controller_server-7] 
[controller_server-7] [WARN] [1783332015.255845096] [leo2.controller_server]: Control loop missed its desired rate of 20.0000Hz
[planner_server-8] [ERROR] [1783332015.763214063] [leo2.planner_server]: Failed to create a plan from potential when a legal potential was found. This shouldn't happen.
[planner_server-8] [WARN] [1783332015.763297850] [leo2.planner_server]: GridBased: failed to create plan with tolerance 0.50.
[planner_server-8] [WARN] [1783332015.763307617] [leo2.planner_server]: Planning algorithm GridBased failed to generate a valid path to (-0.43, 4.97)
[planner_server-8] [WARN] [1783332015.763315446] [leo2.planner_server]: [compute_path_to_pose] [ActionServer] Aborting handle.
[planner_server-8] [INFO] [1783332015.780995321] [leo2.global_costmap.global_costmap]: Received request to clear entirely the global_costmap
[controller_server-1] [INFO] [1783332015.817957961] [leo1.controller_server]: Passing new path to controller.
[planner_server-8] [ERROR] [1783332015.964697510] [leo2.planner_server]: Failed to create a plan from potential when a legal potential was found. This shouldn't happen.
[planner_server-8] [WARN] [1783332015.964784320] [leo2.planner_server]: GridBased: failed to create plan with tolerance 0.50.
[planner_server-8] [WARN] [1783332015.964797095] [leo2.planner_server]: Planning algorithm GridBased failed to generate a valid path to (-0.43, 4.97)
[planner_server-8] [WARN] [1783332015.964806185] [leo2.planner_server]: [compute_path_to_pose] [ActionServer] Aborting handle.
[bt_navigator-10] [ERROR] [1783332016.001608833] [leo2.bt_navigator_navigate_to_pose_rclcpp_node]: Failed to get result for follow_path in node halt!
[behavior_server-9] [INFO] [1783332016.002285163] [leo2.behavior_server]: Running backup
[bt_navigator-10] [WARN] [1783332016.002782476] [BehaviorTreeEngine]: Behavior Tree tick rate 100.00 was exceeded!
[controller_server-7] [INFO] [1783332016.025866595] [leo2.controller_server]: Goal was canceled. Stopping the robot.
[controller_server-7] [INFO] [1783332016.025950854] [leo2.controller_server]: [follow_path] [ActionServer] Client requested to cancel the goal. Cancelling.
[controller_server-1] [INFO] [1783332016.846357752] [leo1.controller_server]: Passing new path to controller.
[controller_server-1] [INFO] [1783332017.846347705] [leo1.controller_server]: Passing new path to controller.
[controller_server-1] [WARN] [1783332017.968830819] [leo1.controller_server]: Control loop missed its desired rate of 20.0000Hz
[bt_navigator-4] [INFO] [1783332018.398542723] [leo1.bt_navigator]: Received goal preemption request
[bt_navigator-4] [INFO] [1783332018.399492977] [leo1.bt_navigator]: Begin navigating from current location (-8.27, 1.87) to (-11.03, 4.38)
[controller_server-1] [INFO] [1783332018.883156286] [leo1.controller_server]: Passing new path to controller.
[controller_server-1] [INFO] [1783332019.914522160] [leo1.controller_server]: Passing new path to controller.
[controller_server-1] [WARN] [1783332020.047533094] [leo1.controller_server]: Control loop missed its desired rate of 20.0000Hz
[controller_server-1] [INFO] [1783332020.965499555] [leo1.controller_server]: Passing new path to controller.
[controller_server-1] [INFO] [1783332021.997628299] [leo1.controller_server]: Passing new path to controller.
[controller_server-1] [WARN] [1783332022.130337364] [leo1.controller_server]: Control loop missed its desired rate of 20.0000Hz
[controller_server-1] [INFO] [1783332022.994553661] [leo1.controller_server]: Passing new path to controller.
[controller_server-1] [INFO] [1783332024.030470456] [leo1.controller_server]: Passing new path to controller.
[controller_server-1] [WARN] [1783332024.184245893] [leo1.controller_server]: Control loop missed its desired rate of 20.0000Hz
[bt_navigator-10] [INFO] [1783332024.252992834] [leo2.bt_navigator]: Received goal preemption request
[bt_navigator-10] [INFO] [1783332024.253906695] [leo2.bt_navigator]: Begin navigating from current location (-5.17, 0.46) to (-11.03, 4.38)
[controller_server-1] [INFO] [1783332025.051863873] [leo1.controller_server]: Passing new path to controller.
[behavior_server-9] [INFO] [1783332025.102534852] [leo2.behavior_server]: backup completed successfully
[controller_server-7] [INFO] [1783332025.144056571] [leo2.controller_server]: Received a goal, begin computing control effort.
[controller_server-7] [ERROR] [1783332025.366333747] [transformPoseInTargetFrame]: Extrapolation Error looking up target frame: Lookup would require extrapolation into the future.  Requested time 272.887000 but the latest data is at time 272.873000, when looking up transform from frame [map] to frame [leo2/base_link]
[controller_server-7] 
[controller_server-7] [WARN] [1783332025.367517025] [leo2.controller_server]: Control loop missed its desired rate of 20.0000Hz
[controller_server-1] [INFO] [1783332026.076782758] [leo1.controller_server]: Passing new path to controller.
[controller_server-7] [INFO] [1783332026.191195457] [leo2.controller_server]: Passing new path to controller.
[controller_server-1] [WARN] [1783332026.199602405] [leo1.controller_server]: Control loop missed its desired rate of 20.0000Hz
[controller_server-7] [ERROR] [1783332026.519562384] [transformPoseInTargetFrame]: Extrapolation Error looking up target frame: Lookup would require extrapolation into the future.  Requested time 273.700000 but the latest data is at time 273.673000, when looking up transform from frame [map] to frame [leo2/base_link]
[controller_server-7] 
[controller_server-7] [WARN] [1783332026.521047847] [leo2.controller_server]: Control loop missed its desired rate of 20.0000Hz
[controller_server-1] [INFO] [1783332027.115199744] [leo1.controller_server]: Passing new path to controller.
[controller_server-7] [INFO] [1783332027.240545599] [leo2.controller_server]: Passing new path to controller.
[controller_server-1] [ERROR] [1783332027.287720775] [transformPoseInTargetFrame]: Extrapolation Error looking up target frame: Lookup would require extrapolation into the future.  Requested time 274.236000 but the latest data is at time 274.232000, when looking up transform from frame [map] to frame [leo1/base_link]
[controller_server-1] 
[controller_server-1] [WARN] [1783332027.288572018] [leo1.controller_server]: Control loop missed its desired rate of 20.0000Hz
[controller_server-7] [WARN] [1783332027.362466129] [leo2.controller_server]: Control loop missed its desired rate of 20.0000Hz
[controller_server-7] [WARN] [1783332027.372887572] [leo2.controller_server]: Control loop missed its desired rate of 20.0000Hz
[controller_server-7] [ERROR] [1783332027.584523285] [transformPoseInTargetFrame]: Extrapolation Error looking up target frame: Lookup would require extrapolation into the future.  Requested time 274.457000 but the latest data is at time 274.453000, when looking up transform from frame [map] to frame [leo2/base_link]
[controller_server-7] 
[controller_server-7] [WARN] [1783332027.586016957] [leo2.controller_server]: Control loop missed its desired rate of 20.0000Hz
[controller_server-1] [INFO] [1783332028.154137931] [leo1.controller_server]: Passing new path to controller.
[controller_server-7] [INFO] [1783332028.251792145] [leo2.controller_server]: Passing new path to controller.
[controller_server-7] [WARN] [1783332028.484713002] [leo2.controller_server]: Control loop missed its desired rate of 20.0000Hz
[controller_server-7] [WARN] [1783332028.769411508] [leo2.controller_server]: Control loop missed its desired rate of 20.0000Hz
[controller_server-7] [WARN] [1783332029.052343931] [leo2.controller_server]: Control loop missed its desired rate of 20.0000Hz
[controller_server-1] [INFO] [1783332029.176922895] [leo1.controller_server]: Passing new path to controller.
[controller_server-1] [WARN] [1783332029.290367456] [leo1.controller_server]: Control loop missed its desired rate of 20.0000Hz
[controller_server-7] [WARN] [1783332029.339258428] [leo2.controller_server]: Control loop missed its desired rate of 20.0000Hz
[controller_server-7] [INFO] [1783332029.339337153] [leo2.controller_server]: Passing new path to controller.
[controller_server-7] [WARN] [1783332029.626471817] [leo2.controller_server]: Control loop missed its desired rate of 20.0000Hz
[controller_server-7] [WARN] [1783332029.935571100] [leo2.controller_server]: Control loop missed its desired rate of 20.0000Hz
[controller_server-1] [INFO] [1783332030.203523137] [leo1.controller_server]: Passing new path to controller.
[controller_server-7] [INFO] [1783332030.293817147] [leo2.controller_server]: Passing new path to controller.
[controller_server-1] [INFO] [1783332031.236157884] [leo1.controller_server]: Passing new path to controller.
[controller_server-7] [INFO] [1783332031.335699903] [leo2.controller_server]: Passing new path to controller.
[controller_server-1] [WARN] [1783332031.338164589] [leo1.controller_server]: Control loop missed its desired rate of 20.0000Hz
[controller_server-7] [WARN] [1783332031.387919843] [leo2.controller_server]: Control loop missed its desired rate of 20.0000Hz
[controller_server-1] [INFO] [1783332032.290474848] [leo1.controller_server]: Passing new path to controller.
[controller_server-7] [INFO] [1783332032.385702934] [leo2.controller_server]: Passing new path to controller.
[controller_server-1] [INFO] [1783332033.290461110] [leo1.controller_server]: Passing new path to controller.
[controller_server-7] [INFO] [1783332033.385643994] [leo2.controller_server]: Passing new path to controller.
[controller_server-1] [ERROR] [1783332033.462928788] [transformPoseInTargetFrame]: Extrapolation Error looking up target frame: Lookup would require extrapolation into the future.  Requested time 278.438000 but the latest data is at time 278.432000, when looking up transform from frame [map] to frame [leo1/base_link]
[controller_server-1] 
[controller_server-1] [WARN] [1783332033.463623578] [leo1.controller_server]: Control loop missed its desired rate of 20.0000Hz
[controller_server-7] [ERROR] [1783332033.538253597] [transformPoseInTargetFrame]: Extrapolation Error looking up target frame: Lookup would require extrapolation into the future.  Requested time 278.500000 but the latest data is at time 278.473000, when looking up transform from frame [map] to frame [leo2/base_link]
[controller_server-7] 
[controller_server-7] [WARN] [1783332033.539351225] [leo2.controller_server]: Control loop missed its desired rate of 20.0000Hz
[controller_server-1] [INFO] [1783332034.326483931] [leo1.controller_server]: Passing new path to controller.
[planner_server-8] [WARN] [1783332034.397038328] [leo2.planner_server]: GridBased: failed to create plan with tolerance 0.50.
[planner_server-8] [WARN] [1783332034.397155310] [leo2.planner_server]: Planning algorithm GridBased failed to generate a valid path to (-11.03, 4.38)
[planner_server-8] [WARN] [1783332034.397175298] [leo2.planner_server]: [compute_path_to_pose] [ActionServer] Aborting handle.
[planner_server-8] [INFO] [1783332034.413016516] [leo2.global_costmap.global_costmap]: Received request to clear entirely the global_costmap
[planner_server-8] [WARN] [1783332034.568239957] [leo2.planner_server]: GridBased: failed to create plan with tolerance 0.50.
[planner_server-8] [WARN] [1783332034.568306355] [leo2.planner_server]: Planning algorithm GridBased failed to generate a valid path to (-11.03, 4.38)
[planner_server-8] [WARN] [1783332034.568318381] [leo2.planner_server]: [compute_path_to_pose] [ActionServer] Aborting handle.
[bt_navigator-10] [ERROR] [1783332034.603457133] [leo2.bt_navigator_navigate_to_pose_rclcpp_node]: Failed to get result for follow_path in node halt!
[controller_server-7] [INFO] [1783332034.603703532] [leo2.local_costmap.local_costmap]: Received request to clear entirely the local_costmap
[planner_server-8] [INFO] [1783332034.604265446] [leo2.global_costmap.global_costmap]: Received request to clear entirely the global_costmap
[bt_navigator-10] [WARN] [1783332034.605166076] [BehaviorTreeEngine]: Behavior Tree tick rate 100.00 was exceeded!
[controller_server-7] [INFO] [1783332034.617916530] [leo2.controller_server]: Goal was canceled. Stopping the robot.
[controller_server-7] [INFO] [1783332034.617973316] [leo2.controller_server]: [follow_path] [ActionServer] Client requested to cancel the goal. Cancelling.
[planner_server-8] [WARN] [1783332034.769874317] [leo2.planner_server]: GridBased: failed to create plan with tolerance 0.50.
[planner_server-8] [WARN] [1783332034.769952578] [leo2.planner_server]: Planning algorithm GridBased failed to generate a valid path to (-11.03, 4.38)
[planner_server-8] [WARN] [1783332034.769965014] [leo2.planner_server]: [compute_path_to_pose] [ActionServer] Aborting handle.
[planner_server-8] [INFO] [1783332034.785477424] [leo2.global_costmap.global_costmap]: Received request to clear entirely the global_costmap
[planner_server-2] [INFO] [1783332034.906355983] [leo1.global_costmap.global_costmap]: StaticLayer: Resizing costmap to 478 X 319 at 0.050000 m/pix
[planner_server-8] [INFO] [1783332034.954835665] [leo2.global_costmap.global_costmap]: StaticLayer: Resizing costmap to 478 X 319 at 0.050000 m/pix
[planner_server-8] [WARN] [1783332034.972748589] [leo2.planner_server]: GridBased: failed to create plan with tolerance 0.50.
[planner_server-8] [WARN] [1783332034.972818944] [leo2.planner_server]: Planning algorithm GridBased failed to generate a valid path to (-11.03, 4.38)
[planner_server-8] [WARN] [1783332034.972831595] [leo2.planner_server]: [compute_path_to_pose] [ActionServer] Aborting handle.
[behavior_server-9] [INFO] [1783332034.984483911] [leo2.behavior_server]: Running spin
[behavior_server-9] [INFO] [1783332034.984754215] [leo2.behavior_server]: Turning 1.57 for spin behavior.
[controller_server-1] [INFO] [1783332035.362642309] [leo1.controller_server]: Passing new path to controller.
[controller_server-1] [ERROR] [1783332035.545266912] [transformPoseInTargetFrame]: Extrapolation Error looking up target frame: Lookup would require extrapolation into the future.  Requested time 279.847000 but the latest data is at time 279.832000, when looking up transform from frame [map] to frame [leo1/base_link]
[controller_server-1] 
[controller_server-1] [WARN] [1783332035.545683106] [leo1.controller_server]: Control loop missed its desired rate of 20.0000Hz
[bt_navigator-4] [INFO] [1783332035.947477166] [leo1.bt_navigator]: Received goal preemption request
[bt_navigator-4] [INFO] [1783332035.948322144] [leo1.bt_navigator]: Begin navigating from current location (-10.52, 3.97) to (-5.73, 4.86)
[controller_server-1] [INFO] [1783332036.404269155] [leo1.controller_server]: Passing new path to controller.
[controller_server-1] [ERROR] [1783332036.758542590] [transformPoseInTargetFrame]: Extrapolation Error looking up target frame: Lookup would require extrapolation into the future.  Requested time 280.642000 but the latest data is at time 280.632000, when looking up transform from frame [map] to frame [leo1/base_link]
[controller_server-1] 
[controller_server-1] [WARN] [1783332036.759557017] [leo1.controller_server]: Control loop missed its desired rate of 20.0000Hz
[controller_server-1] [INFO] [1783332037.427584973] [leo1.controller_server]: Passing new path to controller.
[controller_server-1] [ERROR] [1783332037.681202431] [transformPoseInTargetFrame]: Extrapolation Error looking up target frame: Lookup would require extrapolation into the future.  Requested time 281.235000 but the latest data is at time 281.232000, when looking up transform from frame [map] to frame [leo1/base_link]
[controller_server-1] 
[controller_server-1] [WARN] [1783332037.682268525] [leo1.controller_server]: Control loop missed its desired rate of 20.0000Hz
[behavior_server-9] [INFO] [1783332037.785053669] [leo2.behavior_server]: spin completed successfully
[planner_server-8] [WARN] [1783332037.819249847] [leo2.planner_server]: GridBased: failed to create plan with tolerance 0.50.
[planner_server-8] [WARN] [1783332037.819323967] [leo2.planner_server]: Planning algorithm GridBased failed to generate a valid path to (-11.03, 4.38)
[planner_server-8] [WARN] [1783332037.819336078] [leo2.planner_server]: [compute_path_to_pose] [ActionServer] Aborting handle.
[planner_server-8] [INFO] [1783332037.834390260] [leo2.global_costmap.global_costmap]: Received request to clear entirely the global_costmap
[controller_server-7] [INFO] [1783332037.985178453] [leo2.controller_server]: Received a goal, begin computing control effort.
[controller_server-7] [WARN] [1783332038.066581299] [leo2.controller_server]: Control loop missed its desired rate of 20.0000Hz
[controller_server-7] [WARN] [1783332038.098229563] [leo2.controller_server]: Control loop missed its desired rate of 20.0000Hz
[controller_server-7] [WARN] [1783332038.357807977] [leo2.controller_server]: Control loop missed its desired rate of 20.0000Hz
[controller_server-1] [INFO] [1783332038.452717096] [leo1.controller_server]: Passing new path to controller.
[controller_server-7] [ERROR] [1783332038.603064588] [transformPoseInTargetFrame]: Extrapolation Error looking up target frame: Lookup would require extrapolation into the future.  Requested time 281.855000 but the latest data is at time 281.853000, when looking up transform from frame [map] to frame [leo2/base_link]
[controller_server-7] 
[controller_server-7] [WARN] [1783332038.604713101] [leo2.controller_server]: Control loop missed its desired rate of 20.0000Hz
[controller_server-1] [WARN] [1783332038.615253959] [leo1.controller_server]: Control loop missed its desired rate of 20.0000Hz
[controller_server-1] [WARN] [1783332038.911446105] [leo1.controller_server]: Control loop missed its desired rate of 20.0000Hz
[controller_server-7] [INFO] [1783332039.015043986] [leo2.controller_server]: Passing new path to controller.
[controller_server-1] [WARN] [1783332039.206392768] [leo1.controller_server]: Control loop missed its desired rate of 20.0000Hz
[controller_server-7] [WARN] [1783332039.258656379] [leo2.controller_server]: Control loop missed its desired rate of 20.0000Hz
[controller_server-1] [WARN] [1783332039.506050999] [leo1.controller_server]: Control loop missed its desired rate of 20.0000Hz
[controller_server-1] [INFO] [1783332039.506097396] [leo1.controller_server]: Passing new path to controller.
[controller_server-7] [WARN] [1783332039.562817245] [leo2.controller_server]: Control loop missed its desired rate of 20.0000Hz
[controller_server-1] [WARN] [1783332039.801353641] [leo1.controller_server]: Control loop missed its desired rate of 20.0000Hz
[controller_server-7] [WARN] [1783332039.864870291] [leo2.controller_server]: Control loop missed its desired rate of 20.0000Hz
[controller_server-1] [WARN] [1783332040.087148583] [leo1.controller_server]: Control loop missed its desired rate of 20.0000Hz
[controller_server-7] [WARN] [1783332040.149218245] [leo2.controller_server]: Control loop missed its desired rate of 20.0000Hz
[controller_server-7] [INFO] [1783332040.149258330] [leo2.controller_server]: Passing new path to controller.
[controller_server-7] [ERROR] [1783332040.382058106] [transformPoseInTargetFrame]: Extrapolation Error looking up target frame: Lookup would require extrapolation into the future.  Requested time 283.059000 but the latest data is at time 283.053000, when looking up transform from frame [map] to frame [leo2/base_link]
[controller_server-7] 
[controller_server-7] [WARN] [1783332040.383016102] [leo2.controller_server]: Control loop missed its desired rate of 20.0000Hz
[controller_server-1] [WARN] [1783332040.387866125] [leo1.controller_server]: Control loop missed its desired rate of 20.0000Hz
[controller_server-1] [INFO] [1783332040.518662602] [leo1.controller_server]: Passing new path to controller.
[controller_server-1] [WARN] [1783332040.671148576] [leo1.controller_server]: Control loop missed its desired rate of 20.0000Hz
[controller_server-1] [ERROR] [1783332040.927300455] [transformPoseInTargetFrame]: Extrapolation Error looking up target frame: Lookup would require extrapolation into the future.  Requested time 283.441000 but the latest data is at time 283.432000, when looking up transform from frame [map] to frame [leo1/base_link]
[controller_server-1] 
[controller_server-1] [WARN] [1783332040.928154756] [leo1.controller_server]: Control loop missed its desired rate of 20.0000Hz
[controller_server-7] [INFO] [1783332041.099909385] [leo2.controller_server]: Passing new path to controller.
[controller_server-7] [ERROR] [1783332041.272482029] [transformPoseInTargetFrame]: Extrapolation Error looking up target frame: Lookup would require extrapolation into the future.  Requested time 283.693000 but the latest data is at time 283.673000, when looking up transform from frame [map] to frame [leo2/base_link]
[controller_server-7] 
[controller_server-7] [WARN] [1783332041.273344499] [leo2.controller_server]: Control loop missed its desired rate of 20.0000Hz
[controller_server-1] [INFO] [1783332041.544120131] [leo1.controller_server]: Passing new path to controller.
[controller_server-1] [WARN] [1783332041.871000576] [leo1.controller_server]: Control loop missed its desired rate of 20.0000Hz
[bt_navigator-10] [INFO] [1783332041.994377866] [leo2.bt_navigator]: Received goal preemption request
[bt_navigator-10] [INFO] [1783332041.995130526] [leo2.bt_navigator]: Begin navigating from current location (-5.84, 0.40) to (-5.73, 4.86)
[controller_server-7] [INFO] [1783332042.098494513] [leo2.controller_server]: Passing new path to controller.
[controller_server-1] [WARN] [1783332042.166856695] [leo1.controller_server]: Control loop missed its desired rate of 20.0000Hz
[controller_server-7] [WARN] [1783332042.211490083] [leo2.controller_server]: Control loop missed its desired rate of 20.0000Hz
[controller_server-1] [WARN] [1783332042.450033189] [leo1.controller_server]: Control loop missed its desired rate of 20.0000Hz
[controller_server-1] [INFO] [1783332042.592777479] [leo1.controller_server]: Passing new path to controller.
[controller_server-1] [WARN] [1783332042.755451316] [leo1.controller_server]: Control loop missed its desired rate of 20.0000Hz
[controller_server-1] [WARN] [1783332043.041245409] [leo1.controller_server]: Control loop missed its desired rate of 20.0000Hz
[controller_server-7] [INFO] [1783332043.173434612] [leo2.controller_server]: Passing new path to controller.
[controller_server-1] [WARN] [1783332043.341634767] [leo1.controller_server]: Control loop missed its desired rate of 20.0000Hz
[controller_server-1] [WARN] [1783332043.627695006] [leo1.controller_server]: Control loop missed its desired rate of 20.0000Hz
[controller_server-1] [INFO] [1783332043.627739884] [leo1.controller_server]: Passing new path to controller.
[controller_server-1] [WARN] [1783332043.930996154] [leo1.controller_server]: Control loop missed its desired rate of 20.0000Hz
[controller_server-7] [INFO] [1783332044.173454123] [leo2.controller_server]: Passing new path to controller.
[controller_server-7] [WARN] [1783332044.297335009] [leo2.controller_server]: Control loop missed its desired rate of 20.0000Hz
[controller_server-1] [INFO] [1783332044.648332039] [leo1.controller_server]: Passing new path to controller.
[controller_server-1] [WARN] [1783332044.822291269] [leo1.controller_server]: Control loop missed its desired rate of 20.0000Hz
[controller_server-7] [INFO] [1783332045.225019114] [leo2.controller_server]: Passing new path to controller.
[controller_server-1] [INFO] [1783332045.643690836] [leo1.controller_server]: Passing new path to controller.
[controller_server-1] [WARN] [1783332045.725866996] [leo1.controller_server]: Control loop missed its desired rate of 20.0000Hz
[planner_server-8] [WARN] [1783332046.198111791] [leo2.planner_server]: GridBased: failed to create plan with tolerance 0.50.
[planner_server-8] [WARN] [1783332046.198179847] [leo2.planner_server]: Planning algorithm GridBased failed to generate a valid path to (-5.73, 4.86)
[planner_server-8] [WARN] [1783332046.198189503] [leo2.planner_server]: [compute_path_to_pose] [ActionServer] Aborting handle.
[planner_server-8] [INFO] [1783332046.214347215] [leo2.global_costmap.global_costmap]: Received request to clear entirely the global_costmap
[planner_server-8] [WARN] [1783332046.369953731] [leo2.planner_server]: GridBased: failed to create plan with tolerance 0.50.
[planner_server-8] [WARN] [1783332046.370042712] [leo2.planner_server]: Planning algorithm GridBased failed to generate a valid path to (-5.73, 4.86)
[planner_server-8] [WARN] [1783332046.370059104] [leo2.planner_server]: [compute_path_to_pose] [ActionServer] Aborting handle.
[controller_server-7] [INFO] [1783332046.397434435] [leo2.controller_server]: Goal was canceled. Stopping the robot.
[controller_server-7] [INFO] [1783332046.397517803] [leo2.controller_server]: [follow_path] [ActionServer] Client requested to cancel the goal. Cancelling.
[behavior_server-9] [INFO] [1783332046.398147075] [leo2.behavior_server]: Running wait
[bt_navigator-10] [WARN] [1783332046.398493972] [BehaviorTreeEngine]: Behavior Tree tick rate 100.00 was exceeded!
[controller_server-1] [INFO] [1783332046.672387826] [leo1.controller_server]: Passing new path to controller.
[controller_server-1] [INFO] [1783332047.722386791] [leo1.controller_server]: Passing new path to controller.
[controller_server-1] [WARN] [1783332047.795588802] [leo1.controller_server]: Control loop missed its desired rate of 20.0000Hz
[controller_server-1] [INFO] [1783332048.772393285] [leo1.controller_server]: Passing new path to controller.
[planner_server-2] [ERROR] [1783332049.740591618] [leo1.planner_server]: Failed to create a plan from potential when a legal potential was found. This shouldn't happen.
[planner_server-2] [WARN] [1783332049.740683413] [leo1.planner_server]: GridBased: failed to create plan with tolerance 0.50.
[planner_server-2] [WARN] [1783332049.740694369] [leo1.planner_server]: Planning algorithm GridBased failed to generate a valid path to (-5.73, 4.86)
[planner_server-2] [WARN] [1783332049.740703043] [leo1.planner_server]: [compute_path_to_pose] [ActionServer] Aborting handle.
[planner_server-2] [INFO] [1783332049.757589591] [leo1.global_costmap.global_costmap]: Received request to clear entirely the global_costmap
[planner_server-2] [ERROR] [1783332049.920129177] [leo1.planner_server]: Failed to create a plan from potential when a legal potential was found. This shouldn't happen.
[planner_server-2] [WARN] [1783332049.920201168] [leo1.planner_server]: GridBased: failed to create plan with tolerance 0.50.
[planner_server-2] [WARN] [1783332049.920281810] [leo1.planner_server]: Planning algorithm GridBased failed to generate a valid path to (-5.73, 4.86)
[planner_server-2] [WARN] [1783332049.920298704] [leo1.planner_server]: [compute_path_to_pose] [ActionServer] Aborting handle.
[bt_navigator-4] [ERROR] [1783332049.958188181] [leo1.bt_navigator_navigate_to_pose_rclcpp_node]: Failed to get result for follow_path in node halt!
[behavior_server-3] [INFO] [1783332049.958530821] [leo1.behavior_server]: Running backup
[bt_navigator-4] [WARN] [1783332049.959097399] [BehaviorTreeEngine]: Behavior Tree tick rate 100.00 was exceeded!
[controller_server-1] [INFO] [1783332049.972393189] [leo1.controller_server]: Goal was canceled. Stopping the robot.
[controller_server-1] [INFO] [1783332049.972477369] [leo1.controller_server]: [follow_path] [ActionServer] Client requested to cancel the goal. Cancelling.
[behavior_server-9] [INFO] [1783332053.998542629] [leo2.behavior_server]: wait completed successfully
[planner_server-8] [WARN] [1783332054.028800431] [leo2.planner_server]: GridBased: failed to create plan with tolerance 0.50.
[planner_server-8] [WARN] [1783332054.028865843] [leo2.planner_server]: Planning algorithm GridBased failed to generate a valid path to (-5.73, 4.86)
[planner_server-8] [WARN] [1783332054.028875141] [leo2.planner_server]: [compute_path_to_pose] [ActionServer] Aborting handle.
[planner_server-8] [INFO] [1783332054.044341310] [leo2.global_costmap.global_costmap]: Received request to clear entirely the global_costmap
[controller_server-7] [INFO] [1783332054.185178702] [leo2.controller_server]: Received a goal, begin computing control effort.
[controller_server-7] [INFO] [1783332055.235429393] [leo2.controller_server]: Passing new path to controller.
[controller_server-7] [ERROR] [1783332055.377916701] [transformPoseInTargetFrame]: Extrapolation Error looking up target frame: Lookup would require extrapolation into the future.  Requested time 293.100000 but the latest data is at time 293.093000, when looking up transform from frame [map] to frame [leo2/base_link]
[controller_server-7] 
[controller_server-7] [WARN] [1783332055.379575744] [leo2.controller_server]: Control loop missed its desired rate of 20.0000Hz
[controller_server-7] [INFO] [1783332056.251720157] [leo2.controller_server]: Passing new path to controller.
[controller_server-7] [INFO] [1783332057.279680277] [leo2.controller_server]: Passing new path to controller.
[controller_server-7] [ERROR] [1783332057.452419619] [transformPoseInTargetFrame]: Extrapolation Error looking up target frame: Lookup would require extrapolation into the future.  Requested time 294.500000 but the latest data is at time 294.493000, when looking up transform from frame [map] to frame [leo2/base_link]
[controller_server-7] 
[controller_server-7] [WARN] [1783332057.453492670] [leo2.controller_server]: Control loop missed its desired rate of 20.0000Hz
[controller_server-7] [INFO] [1783332058.326930846] [leo2.controller_server]: Passing new path to controller.
[controller_server-7] [INFO] [1783332059.353587948] [leo2.controller_server]: Passing new path to controller.
[controller_server-7] [ERROR] [1783332059.526233665] [transformPoseInTargetFrame]: Extrapolation Error looking up target frame: Lookup would require extrapolation into the future.  Requested time 295.900000 but the latest data is at time 295.893000, when looking up transform from frame [map] to frame [leo2/base_link]
[controller_server-7] 
[controller_server-7] [WARN] [1783332059.527142450] [leo2.controller_server]: Control loop missed its desired rate of 20.0000Hz
[behavior_server-3] [INFO] [1783332059.559379769] [leo1.behavior_server]: backup completed successfully
[controller_server-1] [INFO] [1783332059.610061868] [leo1.controller_server]: Received a goal, begin computing control effort.
[controller_server-1] [WARN] [1783332059.795954794] [leo1.controller_server]: Control loop missed its desired rate of 20.0000Hz
[controller_server-7] [INFO] [1783332060.399906164] [leo2.controller_server]: Passing new path to controller.
[controller_server-1] [INFO] [1783332060.664808892] [leo1.controller_server]: Passing new path to controller.
[controller_server-7] [INFO] [1783332061.427261760] [leo2.controller_server]: Passing new path to controller.
[controller_server-1] [INFO] [1783332061.696041824] [leo1.controller_server]: Passing new path to controller.
[planner_server-8] [WARN] [1783332062.410223848] [leo2.planner_server]: GridBased: failed to create plan with tolerance 0.50.
[planner_server-8] [WARN] [1783332062.410303320] [leo2.planner_server]: Planning algorithm GridBased failed to generate a valid path to (-5.73, 4.86)
[planner_server-8] [WARN] [1783332062.410315393] [leo2.planner_server]: [compute_path_to_pose] [ActionServer] Aborting handle.
[planner_server-8] [INFO] [1783332062.424391842] [leo2.global_costmap.global_costmap]: Received request to clear entirely the global_costmap
[planner_server-8] [WARN] [1783332062.570745724] [leo2.planner_server]: GridBased: failed to create plan with tolerance 0.50.
[planner_server-8] [WARN] [1783332062.570823973] [leo2.planner_server]: Planning algorithm GridBased failed to generate a valid path to (-5.73, 4.86)
[planner_server-8] [WARN] [1783332062.570839339] [leo2.planner_server]: [compute_path_to_pose] [ActionServer] Aborting handle.
[bt_navigator-10] [ERROR] [1783332062.605201566] [leo2.bt_navigator_navigate_to_pose_rclcpp_node]: Failed to get result for follow_path in node halt!
[behavior_server-9] [INFO] [1783332062.605704497] [leo2.behavior_server]: Running backup
[bt_navigator-10] [WARN] [1783332062.606470112] [BehaviorTreeEngine]: Behavior Tree tick rate 100.00 was exceeded!
[controller_server-7] [INFO] [1783332062.627234801] [leo2.controller_server]: Goal was canceled. Stopping the robot.
[controller_server-7] [INFO] [1783332062.627282696] [leo2.controller_server]: [follow_path] [ActionServer] Client requested to cancel the goal. Cancelling.
[controller_server-1] [INFO] [1783332062.746063239] [leo1.controller_server]: Passing new path to controller.
[controller_server-1] [WARN] [1783332062.909515305] [leo1.controller_server]: Control loop missed its desired rate of 20.0000Hz
[controller_server-1] [INFO] [1783332063.777447839] [leo1.controller_server]: Passing new path to controller.
[controller_server-1] [WARN] [1783332063.870190975] [leo1.controller_server]: Control loop missed its desired rate of 20.0000Hz
[controller_server-1] [INFO] [1783332064.808966941] [leo1.controller_server]: Passing new path to controller.
[controller_server-1] [INFO] [1783332065.808954030] [leo1.controller_server]: Passing new path to controller.
[controller_server-1] [INFO] [1783332066.858937726] [leo1.controller_server]: Passing new path to controller.
[controller_server-1] [WARN] [1783332067.021922217] [leo1.controller_server]: Control loop missed its desired rate of 20.0000Hz
[controller_server-1] [INFO] [1783332067.888004849] [leo1.controller_server]: Passing new path to controller.
[controller_server-1] [INFO] [1783332068.922019070] [leo1.controller_server]: Passing new path to controller.
[controller_server-1] [INFO] [1783332069.922008924] [leo1.controller_server]: Passing new path to controller.
[controller_server-1] [INFO] [1783332070.972031923] [leo1.controller_server]: Passing new path to controller.
[controller_server-1] [INFO] [1783332071.972020998] [leo1.controller_server]: Passing new path to controller.
[controller_server-1] [WARN] [1783332072.145290348] [leo1.controller_server]: Control loop missed its desired rate of 20.0000Hz
[behavior_server-9] [INFO] [1783332072.905300210] [leo2.behavior_server]: backup completed successfully
[planner_server-8] [WARN] [1783332072.931322309] [leo2.planner_server]: GridBased: failed to create plan with tolerance 0.50.
[planner_server-8] [WARN] [1783332072.931407238] [leo2.planner_server]: Planning algorithm GridBased failed to generate a valid path to (-5.73, 4.86)
[planner_server-8] [WARN] [1783332072.931418126] [leo2.planner_server]: [compute_path_to_pose] [ActionServer] Aborting handle.
[planner_server-8] [INFO] [1783332072.946035666] [leo2.global_costmap.global_costmap]: Received request to clear entirely the global_costmap
[planner_server-8] [WARN] [1783332072.961515019] [leo2.planner_server]: GridBased: failed to create plan with tolerance 0.50.
[planner_server-8] [WARN] [1783332072.961613720] [leo2.planner_server]: Planning algorithm GridBased failed to generate a valid path to (-5.73, 4.86)
[planner_server-8] [WARN] [1783332072.961627412] [leo2.planner_server]: [compute_path_to_pose] [ActionServer] Aborting handle.
[bt_navigator-10] [WARN] [1783332072.985906799] [leo2.bt_navigator]: [navigate_to_pose] [ActionServer] Aborting handle.
[bt_navigator-10] [ERROR] [1783332072.986931189] [leo2.bt_navigator]: Goal failed
[controller_server-1] [INFO] [1783332073.009950486] [leo1.controller_server]: Passing new path to controller.
[controller_server-1] [INFO] [1783332074.045400836] [leo1.controller_server]: Passing new path to controller.
[controller_server-1] [INFO] [1783332075.095391658] [leo1.controller_server]: Passing new path to controller.
[controller_server-1] [WARN] [1783332075.278983975] [leo1.controller_server]: Control loop missed its desired rate of 20.0000Hz
[controller_server-1] [INFO] [1783332076.092475777] [leo1.controller_server]: Passing new path to controller.
[controller_server-1] [WARN] [1783332076.215122815] [leo1.controller_server]: Control loop missed its desired rate of 20.0000Hz
[controller_server-1] [INFO] [1783332077.129094925] [leo1.controller_server]: Passing new path to controller.
[controller_server-1] [INFO] [1783332078.179097570] [leo1.controller_server]: Passing new path to controller.
[planner_server-8] [WARN] [1783332078.699959440] [leo2.planner_server]: GridBased: failed to create plan with tolerance 0.50.
[planner_server-8] [WARN] [1783332078.700033375] [leo2.planner_server]: Planning algorithm  failed to generate a valid path to (-6.08, 7.06)
[planner_server-8] [WARN] [1783332078.700045144] [leo2.planner_server]: [compute_path_to_pose] [ActionServer] Aborting handle.
[controller_server-1] [INFO] [1783332079.229098322] [leo1.controller_server]: Passing new path to controller.
[controller_server-1] [WARN] [1783332079.371718230] [leo1.controller_server]: Control loop missed its desired rate of 20.0000Hz
[controller_server-1] [INFO] [1783332080.231607027] [leo1.controller_server]: Passing new path to controller.
[controller_server-1] [INFO] [1783332081.271819878] [leo1.controller_server]: Passing new path to controller.
[controller_server-7] [INFO] [1783332081.668953510] [leo2.local_costmap.local_costmap]: Received request to clear entirely the local_costmap
[planner_server-8] [INFO] [1783332081.669993002] [leo2.global_costmap.global_costmap]: Received request to clear entirely the global_costmap
[controller_server-1] [INFO] [1783332082.271812605] [leo1.controller_server]: Passing new path to controller.
[controller_server-1] [ERROR] [1783332082.454650544] [transformPoseInTargetFrame]: Extrapolation Error looking up target frame: Lookup would require extrapolation into the future.  Requested time 310.442000 but the latest data is at time 310.432000, when looking up transform from frame [map] to frame [leo1/base_link]
[controller_server-1] 
[controller_server-1] [WARN] [1783332082.455233494] [leo1.controller_server]: Control loop missed its desired rate of 20.0000Hz
[controller_server-1] [INFO] [1783332083.314581512] [leo1.controller_server]: Passing new path to controller.
[controller_server-1] [INFO] [1783332084.355321782] [leo1.controller_server]: Passing new path to controller.
[bt_navigator-10] [INFO] [1783332084.862042468] [leo2.bt_navigator]: Begin navigating from current location (-7.29, 0.37) to (1.02, 2.26)
[controller_server-7] [INFO] [1783332084.883552113] [leo2.controller_server]: Received a goal, begin computing control effort.
[controller_server-7] [ERROR] [1783332085.155790713] [transformPoseInTargetFrame]: Extrapolation Error looking up target frame: Lookup would require extrapolation into the future.  Requested time 312.288000 but the latest data is at time 312.273000, when looking up transform from frame [map] to frame [leo2/base_link]
[controller_server-7] 
[controller_server-7] [WARN] [1783332085.156706777] [leo2.controller_server]: Control loop missed its desired rate of 20.0000Hz
[controller_server-1] [INFO] [1783332085.405324683] [leo1.controller_server]: Passing new path to controller.
[controller_server-7] [INFO] [1783332085.925673260] [leo2.controller_server]: Passing new path to controller.
[controller_server-7] [ERROR] [1783332086.077996199] [transformPoseInTargetFrame]: Extrapolation Error looking up target frame: Lookup would require extrapolation into the future.  Requested time 312.900000 but the latest data is at time 312.893000, when looking up transform from frame [map] to frame [leo2/base_link]
[controller_server-7] 
[controller_server-7] [WARN] [1783332086.079127923] [leo2.controller_server]: Control loop missed its desired rate of 20.0000Hz
[controller_server-1] [INFO] [1783332086.405355941] [leo1.controller_server]: Passing new path to controller.
[controller_server-1] [INFO] [1783332086.655591822] [leo1.controller_server]: Reached the goal!
[bt_navigator-4] [INFO] [1783332086.689540741] [leo1.bt_navigator]: Goal succeeded
[controller_server-7] [INFO] [1783332086.948730433] [leo2.controller_server]: Passing new path to controller.
[controller_server-7] [ERROR] [1783332087.251314337] [transformPoseInTargetFrame]: Extrapolation Error looking up target frame: Lookup would require extrapolation into the future.  Requested time 313.689000 but the latest data is at time 313.673000, when looking up transform from frame [map] to frame [leo2/base_link]
[controller_server-7] 
[controller_server-7] [WARN] [1783332087.252122802] [leo2.controller_server]: Control loop missed its desired rate of 20.0000Hz
[controller_server-7] [INFO] [1783332088.021970045] [leo2.controller_server]: Passing new path to controller.
[controller_server-7] [ERROR] [1783332088.133702903] [transformPoseInTargetFrame]: Extrapolation Error looking up target frame: Lookup would require extrapolation into the future.  Requested time 314.300000 but the latest data is at time 314.293000, when looking up transform from frame [map] to frame [leo2/base_link]
[controller_server-7] 
[controller_server-7] [WARN] [1783332088.134545565] [leo2.controller_server]: Control loop missed its desired rate of 20.0000Hz
[controller_server-7] [INFO] [1783332089.052263319] [leo2.controller_server]: Passing new path to controller.
[controller_server-7] [ERROR] [1783332089.374291559] [transformPoseInTargetFrame]: Extrapolation Error looking up target frame: Lookup would require extrapolation into the future.  Requested time 315.100000 but the latest data is at time 315.093000, when looking up transform from frame [map] to frame [leo2/base_link]
[controller_server-7] 
[controller_server-7] [WARN] [1783332089.375119967] [leo2.controller_server]: Control loop missed its desired rate of 20.0000Hz
[controller_server-7] [INFO] [1783332090.037024907] [leo2.controller_server]: Passing new path to controller.
[bt_navigator-4] [INFO] [1783332090.943115286] [leo1.bt_navigator]: Begin navigating from current location (-5.94, 4.74) to (1.02, 2.26)
[controller_server-1] [INFO] [1783332090.964577862] [leo1.controller_server]: Received a goal, begin computing control effort.
[controller_server-7] [INFO] [1783332091.069913156] [leo2.controller_server]: Passing new path to controller.
[controller_server-1] [WARN] [1783332091.216708831] [leo1.controller_server]: Control loop missed its desired rate of 20.0000Hz
[controller_server-1] [WARN] [1783332091.541200253] [leo1.controller_server]: Control loop missed its desired rate of 20.0000Hz
[controller_server-1] [WARN] [1783332091.885748431] [leo1.controller_server]: Control loop missed its desired rate of 20.0000Hz
[controller_server-1] [INFO] [1783332092.028017583] [leo1.controller_server]: Passing new path to controller.
[controller_server-7] [INFO] [1783332092.125240440] [leo2.controller_server]: Passing new path to controller.
[controller_server-1] [WARN] [1783332092.170507795] [leo1.controller_server]: Control loop missed its desired rate of 20.0000Hz
[controller_server-7] [WARN] [1783332092.238487087] [leo2.controller_server]: Control loop missed its desired rate of 20.0000Hz
[controller_server-1] [WARN] [1783332092.462589179] [leo1.controller_server]: Control loop missed its desired rate of 20.0000Hz
[controller_server-1] [WARN] [1783332092.774734700] [leo1.controller_server]: Control loop missed its desired rate of 20.0000Hz
[controller_server-1] [WARN] [1783332093.097334188] [leo1.controller_server]: Control loop missed its desired rate of 20.0000Hz
[controller_server-1] [INFO] [1783332093.097427460] [leo1.controller_server]: Passing new path to controller.
[controller_server-7] [INFO] [1783332093.165212428] [leo2.controller_server]: Passing new path to controller.
[controller_server-1] [WARN] [1783332093.440343424] [leo1.controller_server]: Control loop missed its desired rate of 20.0000Hz
[controller_server-1] [WARN] [1783332093.724560983] [leo1.controller_server]: Control loop missed its desired rate of 20.0000Hz
[controller_server-1] [WARN] [1783332094.018577307] [leo1.controller_server]: Control loop missed its desired rate of 20.0000Hz
[planner_server-2] [ERROR] [1783332094.036629075] [leo1.planner_server]: Failed to create a plan from potential when a legal potential was found. This shouldn't happen.
[planner_server-2] [WARN] [1783332094.036753169] [leo1.planner_server]: GridBased: failed to create plan with tolerance 0.50.
[planner_server-2] [WARN] [1783332094.036801113] [leo1.planner_server]: Planning algorithm GridBased failed to generate a valid path to (1.02, 2.26)
[planner_server-2] [WARN] [1783332094.036823177] [leo1.planner_server]: [compute_path_to_pose] [ActionServer] Aborting handle.
[planner_server-2] [INFO] [1783332094.053567488] [leo1.global_costmap.global_costmap]: Received request to clear entirely the global_costmap
[planner_server-2] [ERROR] [1783332094.117700066] [leo1.planner_server]: Failed to create a plan from potential when a legal potential was found. This shouldn't happen.
[planner_server-2] [WARN] [1783332094.117837500] [leo1.planner_server]: GridBased: failed to create plan with tolerance 0.50.
[planner_server-2] [WARN] [1783332094.117859657] [leo1.planner_server]: Planning algorithm GridBased failed to generate a valid path to (1.02, 2.26)
[planner_server-2] [WARN] [1783332094.117873548] [leo1.planner_server]: [compute_path_to_pose] [ActionServer] Aborting handle.
[bt_navigator-4] [ERROR] [1783332094.154298476] [leo1.bt_navigator_navigate_to_pose_rclcpp_node]: Failed to get result for follow_path in node halt!
[controller_server-1] [INFO] [1783332094.154525938] [leo1.local_costmap.local_costmap]: Received request to clear entirely the local_costmap
[planner_server-2] [INFO] [1783332094.155026054] [leo1.global_costmap.global_costmap]: Received request to clear entirely the global_costmap
[bt_navigator-4] [WARN] [1783332094.156348123] [BehaviorTreeEngine]: Behavior Tree tick rate 100.00 was exceeded!
[controller_server-1] [INFO] [1783332094.168716069] [leo1.controller_server]: Goal was canceled. Stopping the robot.
[controller_server-1] [INFO] [1783332094.168817791] [leo1.controller_server]: [follow_path] [ActionServer] Client requested to cancel the goal. Cancelling.
[controller_server-7] [INFO] [1783332094.188573115] [leo2.controller_server]: Passing new path to controller.
[planner_server-2] [ERROR] [1783332094.318526163] [leo1.planner_server]: Failed to create a plan from potential when a legal potential was found. This shouldn't happen.
[planner_server-2] [WARN] [1783332094.318609472] [leo1.planner_server]: GridBased: failed to create plan with tolerance 0.50.
[planner_server-2] [WARN] [1783332094.318621020] [leo1.planner_server]: Planning algorithm GridBased failed to generate a valid path to (1.02, 2.26)
[planner_server-2] [WARN] [1783332094.318630163] [leo1.planner_server]: [compute_path_to_pose] [ActionServer] Aborting handle.
[planner_server-2] [INFO] [1783332094.336581339] [leo1.global_costmap.global_costmap]: Received request to clear entirely the global_costmap
[controller_server-7] [ERROR] [1783332094.382017875] [transformPoseInTargetFrame]: Extrapolation Error looking up target frame: Lookup would require extrapolation into the future.  Requested time 318.280000 but the latest data is at time 318.273000, when looking up transform from frame [map] to frame [leo2/base_link]
[controller_server-7] 
[controller_server-7] [WARN] [1783332094.383159862] [leo2.controller_server]: Control loop missed its desired rate of 20.0000Hz
[planner_server-2] [ERROR] [1783332094.520253012] [leo1.planner_server]: Failed to create a plan from potential when a legal potential was found. This shouldn't happen.
[planner_server-2] [WARN] [1783332094.520338035] [leo1.planner_server]: GridBased: failed to create plan with tolerance 0.50.
[planner_server-2] [WARN] [1783332094.520350262] [leo1.planner_server]: Planning algorithm GridBased failed to generate a valid path to (1.02, 2.26)
[planner_server-2] [WARN] [1783332094.520359680] [leo1.planner_server]: [compute_path_to_pose] [ActionServer] Aborting handle.
[behavior_server-3] [INFO] [1783332094.537205019] [leo1.behavior_server]: Running spin
[behavior_server-3] [INFO] [1783332094.537299259] [leo1.behavior_server]: Turning 1.57 for spin behavior.
[controller_server-7] [INFO] [1783332095.201343574] [leo2.controller_server]: Passing new path to controller.
[controller_server-7] [ERROR] [1783332095.363977081] [transformPoseInTargetFrame]: Extrapolation Error looking up target frame: Lookup would require extrapolation into the future.  Requested time 318.900000 but the latest data is at time 318.873000, when looking up transform from frame [map] to frame [leo2/base_link]
[controller_server-7] 
[controller_server-7] [WARN] [1783332095.365414702] [leo2.controller_server]: Control loop missed its desired rate of 20.0000Hz
[controller_server-7] [INFO] [1783332096.235499211] [leo2.controller_server]: Passing new path to controller.
[controller_server-7] [WARN] [1783332096.337861006] [leo2.controller_server]: Control loop missed its desired rate of 20.0000Hz
[behavior_server-3] [INFO] [1783332097.136360890] [leo1.behavior_server]: spin completed successfully
[planner_server-2] [ERROR] [1783332097.168318376] [leo1.planner_server]: Failed to create a plan from potential when a legal potential was found. This shouldn't happen.
[planner_server-2] [WARN] [1783332097.168402175] [leo1.planner_server]: GridBased: failed to create plan with tolerance 0.50.
[planner_server-2] [WARN] [1783332097.168416376] [leo1.planner_server]: Planning algorithm GridBased failed to generate a valid path to (1.02, 2.26)
[planner_server-2] [WARN] [1783332097.168427018] [leo1.planner_server]: [compute_path_to_pose] [ActionServer] Aborting handle.
[planner_server-2] [INFO] [1783332097.185528021] [leo1.global_costmap.global_costmap]: Received request to clear entirely the global_costmap
[controller_server-7] [INFO] [1783332097.265514328] [leo2.controller_server]: Passing new path to controller.
[planner_server-2] [ERROR] [1783332097.318812961] [leo1.planner_server]: Failed to create a plan from potential when a legal potential was found. This shouldn't happen.
[planner_server-2] [WARN] [1783332097.318892527] [leo1.planner_server]: GridBased: failed to create plan with tolerance 0.50.
[planner_server-2] [WARN] [1783332097.318902533] [leo1.planner_server]: Planning algorithm GridBased failed to generate a valid path to (1.02, 2.26)
[planner_server-2] [WARN] [1783332097.318911473] [leo1.planner_server]: [compute_path_to_pose] [ActionServer] Aborting handle.
[behavior_server-3] [INFO] [1783332097.335615992] [leo1.behavior_server]: Running wait
[controller_server-7] [ERROR] [1783332097.438270320] [transformPoseInTargetFrame]: Extrapolation Error looking up target frame: Lookup would require extrapolation into the future.  Requested time 320.277000 but the latest data is at time 320.273000, when looking up transform from frame [map] to frame [leo2/base_link]
[controller_server-7] 
[controller_server-7] [WARN] [1783332097.439095370] [leo2.controller_server]: Control loop missed its desired rate of 20.0000Hz
[controller_server-7] [INFO] [1783332098.307544414] [leo2.controller_server]: Passing new path to controller.
[controller_server-7] [INFO] [1783332099.339219212] [leo2.controller_server]: Passing new path to controller.
[controller_server-7] [WARN] [1783332099.421791456] [leo2.controller_server]: Control loop missed its desired rate of 20.0000Hz
[controller_server-7] [INFO] [1783332100.339218850] [leo2.controller_server]: Passing new path to controller.
[controller_server-7] [ERROR] [1783332100.522554822] [transformPoseInTargetFrame]: Extrapolation Error looking up target frame: Lookup would require extrapolation into the future.  Requested time 322.478000 but the latest data is at time 322.473000, when looking up transform from frame [map] to frame [leo2/base_link]
[controller_server-7] 
[controller_server-7] [WARN] [1783332100.524040071] [leo2.controller_server]: Control loop missed its desired rate of 20.0000Hz
[controller_server-7] [INFO] [1783332101.394761558] [leo2.controller_server]: Passing new path to controller.
[controller_server-7] [INFO] [1783332102.424107422] [leo2.controller_server]: Passing new path to controller.
[controller_server-7] [ERROR] [1783332102.576369233] [transformPoseInTargetFrame]: Extrapolation Error looking up target frame: Lookup would require extrapolation into the future.  Requested time 323.900000 but the latest data is at time 323.893000, when looking up transform from frame [map] to frame [leo2/base_link]
[controller_server-7] 
[controller_server-7] [WARN] [1783332102.577852116] [leo2.controller_server]: Control loop missed its desired rate of 20.0000Hz
[controller_server-7] [INFO] [1783332103.447177745] [leo2.controller_server]: Passing new path to controller.
[behavior_server-3] [INFO] [1783332104.435887832] [leo1.behavior_server]: wait completed successfully
[planner_server-2] [ERROR] [1783332104.468858891] [leo1.planner_server]: Failed to create a plan from potential when a legal potential was found. This shouldn't happen.
[planner_server-2] [WARN] [1783332104.468968822] [leo1.planner_server]: GridBased: failed to create plan with tolerance 0.50.
[planner_server-2] [WARN] [1783332104.468993140] [leo1.planner_server]: Planning algorithm GridBased failed to generate a valid path to (1.02, 2.26)
[planner_server-2] [WARN] [1783332104.469001417] [leo1.planner_server]: [compute_path_to_pose] [ActionServer] Aborting handle.
[controller_server-7] [INFO] [1783332104.477947739] [leo2.controller_server]: Passing new path to controller.
[planner_server-2] [INFO] [1783332104.485487443] [leo1.global_costmap.global_costmap]: Received request to clear entirely the global_costmap
[planner_server-2] [ERROR] [1783332104.519365103] [leo1.planner_server]: Failed to create a plan from potential when a legal potential was found. This shouldn't happen.
[planner_server-2] [WARN] [1783332104.519464559] [leo1.planner_server]: GridBased: failed to create plan with tolerance 0.50.
[planner_server-2] [WARN] [1783332104.519488606] [leo1.planner_server]: Planning algorithm GridBased failed to generate a valid path to (1.02, 2.26)
[planner_server-2] [WARN] [1783332104.519506292] [leo1.planner_server]: [compute_path_to_pose] [ActionServer] Aborting handle.
[behavior_server-3] [INFO] [1783332104.535798485] [leo1.behavior_server]: Running backup
[controller_server-7] [WARN] [1783332104.590556399] [leo2.controller_server]: Control loop missed its desired rate of 20.0000Hz
[controller_server-7] [INFO] [1783332105.513248975] [leo2.controller_server]: Passing new path to controller.
[controller_server-7] [ERROR] [1783332105.696172716] [transformPoseInTargetFrame]: Extrapolation Error looking up target frame: Lookup would require extrapolation into the future.  Requested time 326.076000 but the latest data is at time 326.073000, when looking up transform from frame [map] to frame [leo2/base_link]
[controller_server-7] 
[controller_server-7] [WARN] [1783332105.697198368] [leo2.controller_server]: Control loop missed its desired rate of 20.0000Hz
[controller_server-7] [INFO] [1783332106.519041580] [leo2.controller_server]: Passing new path to controller.
[controller_server-7] [INFO] [1783332107.547283995] [leo2.controller_server]: Passing new path to controller.
[controller_server-7] [ERROR] [1783332107.679365301] [transformPoseInTargetFrame]: Extrapolation Error looking up target frame: Lookup would require extrapolation into the future.  Requested time 327.500000 but the latest data is at time 327.473000, when looking up transform from frame [map] to frame [leo2/base_link]
[controller_server-7] 
[controller_server-7] [WARN] [1783332107.681013633] [leo2.controller_server]: Control loop missed its desired rate of 20.0000Hz
[controller_server-7] [INFO] [1783332108.602905182] [leo2.controller_server]: Passing new path to controller.
[controller_server-7] [INFO] [1783332109.631095664] [leo2.controller_server]: Passing new path to controller.
[controller_server-7] [WARN] [1783332109.683483062] [leo2.controller_server]: Control loop missed its desired rate of 20.0000Hz
[controller_server-7] [INFO] [1783332110.631104433] [leo2.controller_server]: Passing new path to controller.
[controller_server-7] [WARN] [1783332110.805398940] [leo2.controller_server]: Control loop missed its desired rate of 20.0000Hz
[controller_server-7] [INFO] [1783332111.680426357] [leo2.controller_server]: Passing new path to controller.
[controller_server-7] [INFO] [1783332112.705527677] [leo2.controller_server]: Passing new path to controller.
[controller_server-7] [WARN] [1783332112.829322169] [leo2.controller_server]: Control loop missed its desired rate of 20.0000Hz
[behavior_server-3] [INFO] [1783332113.136125296] [leo1.behavior_server]: backup completed successfully
[planner_server-2] [ERROR] [1783332113.168881293] [leo1.planner_server]: Failed to create a plan from potential when a legal potential was found. This shouldn't happen.
[planner_server-2] [WARN] [1783332113.168959450] [leo1.planner_server]: GridBased: failed to create plan with tolerance 0.50.
[planner_server-2] [WARN] [1783332113.168970581] [leo1.planner_server]: Planning algorithm GridBased failed to generate a valid path to (1.02, 2.26)
[planner_server-2] [WARN] [1783332113.168978106] [leo1.planner_server]: [compute_path_to_pose] [ActionServer] Aborting handle.
[planner_server-2] [INFO] [1783332113.185473467] [leo1.global_costmap.global_costmap]: Received request to clear entirely the global_costmap
[planner_server-2] [ERROR] [1783332113.319231066] [leo1.planner_server]: Failed to create a plan from potential when a legal potential was found. This shouldn't happen.
[planner_server-2] [WARN] [1783332113.319322402] [leo1.planner_server]: GridBased: failed to create plan with tolerance 0.50.
[planner_server-2] [WARN] [1783332113.319337147] [leo1.planner_server]: Planning algorithm GridBased failed to generate a valid path to (1.02, 2.26)
[planner_server-2] [WARN] [1783332113.319349973] [leo1.planner_server]: [compute_path_to_pose] [ActionServer] Aborting handle.
[controller_server-1] [INFO] [1783332113.335572417] [leo1.local_costmap.local_costmap]: Received request to clear entirely the local_costmap
[planner_server-2] [INFO] [1783332113.336155078] [leo1.global_costmap.global_costmap]: Received request to clear entirely the global_costmap
[planner_server-2] [ERROR] [1783332113.519024580] [leo1.planner_server]: Failed to create a plan from potential when a legal potential was found. This shouldn't happen.
[planner_server-2] [WARN] [1783332113.519105616] [leo1.planner_server]: GridBased: failed to create plan with tolerance 0.50.
[planner_server-2] [WARN] [1783332113.519115607] [leo1.planner_server]: Planning algorithm GridBased failed to generate a valid path to (1.02, 2.26)
[planner_server-2] [WARN] [1783332113.519123843] [leo1.planner_server]: [compute_path_to_pose] [ActionServer] Aborting handle.
[planner_server-2] [INFO] [1783332113.535484331] [leo1.global_costmap.global_costmap]: Received request to clear entirely the global_costmap
[planner_server-2] [ERROR] [1783332113.719180402] [leo1.planner_server]: Failed to create a plan from potential when a legal potential was found. This shouldn't happen.
[planner_server-2] [WARN] [1783332113.719305848] [leo1.planner_server]: GridBased: failed to create plan with tolerance 0.50.
[planner_server-2] [WARN] [1783332113.719329879] [leo1.planner_server]: Planning algorithm GridBased failed to generate a valid path to (1.02, 2.26)
[planner_server-2] [WARN] [1783332113.719346864] [leo1.planner_server]: [compute_path_to_pose] [ActionServer] Aborting handle.
[behavior_server-3] [INFO] [1783332113.735736051] [leo1.behavior_server]: Running spin
[behavior_server-3] [INFO] [1783332113.735822919] [leo1.behavior_server]: Turning 1.57 for spin behavior.
[controller_server-7] [INFO] [1783332113.752663614] [leo2.controller_server]: Passing new path to controller.
[controller_server-7] [ERROR] [1783332113.915209811] [transformPoseInTargetFrame]: Extrapolation Error looking up target frame: Lookup would require extrapolation into the future.  Requested time 331.874000 but the latest data is at time 331.873000, when looking up transform from frame [map] to frame [leo2/base_link]
[controller_server-7] 
[controller_server-7] [WARN] [1783332113.918892655] [leo2.controller_server]: Control loop missed its desired rate of 20.0000Hz
[controller_server-7] [INFO] [1783332114.738505034] [leo2.controller_server]: Passing new path to controller.
[controller_server-7] [WARN] [1783332114.852426091] [leo2.controller_server]: Control loop missed its desired rate of 20.0000Hz
[controller_server-7] [INFO] [1783332115.769036472] [leo2.controller_server]: Passing new path to controller.
[behavior_server-3] [INFO] [1783332116.236073932] [leo1.behavior_server]: spin completed successfully
[planner_server-2] [ERROR] [1783332116.268095149] [leo1.planner_server]: Failed to create a plan from potential when a legal potential was found. This shouldn't happen.
[planner_server-2] [WARN] [1783332116.268169107] [leo1.planner_server]: GridBased: failed to create plan with tolerance 0.50.
[planner_server-2] [WARN] [1783332116.268181805] [leo1.planner_server]: Planning algorithm GridBased failed to generate a valid path to (1.02, 2.26)
[planner_server-2] [WARN] [1783332116.268190406] [leo1.planner_server]: [compute_path_to_pose] [ActionServer] Aborting handle.
[planner_server-2] [INFO] [1783332116.285523138] [leo1.global_costmap.global_costmap]: Received request to clear entirely the global_costmap
[planner_server-2] [ERROR] [1783332116.319382515] [leo1.planner_server]: Failed to create a plan from potential when a legal potential was found. This shouldn't happen.
[planner_server-2] [WARN] [1783332116.319499555] [leo1.planner_server]: GridBased: failed to create plan with tolerance 0.50.
[planner_server-2] [WARN] [1783332116.319514320] [leo1.planner_server]: Planning algorithm GridBased failed to generate a valid path to (1.02, 2.26)
[planner_server-2] [WARN] [1783332116.319523112] [leo1.planner_server]: [compute_path_to_pose] [ActionServer] Aborting handle.
[bt_navigator-4] [WARN] [1783332116.345335843] [leo1.bt_navigator]: [navigate_to_pose] [ActionServer] Aborting handle.
[bt_navigator-4] [ERROR] [1783332116.346121281] [leo1.bt_navigator]: Goal failed
[controller_server-7] [INFO] [1783332116.819002643] [leo2.controller_server]: Passing new path to controller.
[controller_server-7] [WARN] [1783332116.892441261] [leo2.controller_server]: Control loop missed its desired rate of 20.0000Hz
[controller_server-7] [INFO] [1783332117.869031728] [leo2.controller_server]: Passing new path to controller.
[controller_server-7] [ERROR] [1783332118.042134977] [transformPoseInTargetFrame]: Extrapolation Error looking up target frame: Lookup would require extrapolation into the future.  Requested time 334.666000 but the latest data is at time 334.653000, when looking up transform from frame [map] to frame [leo2/base_link]
[controller_server-7] 
[controller_server-7] [WARN] [1783332118.043128935] [leo2.controller_server]: Control loop missed its desired rate of 20.0000Hz
[controller_server-7] [INFO] [1783332118.864229850] [leo2.controller_server]: Passing new path to controller.
[controller_server-7] [WARN] [1783332118.946923752] [leo2.controller_server]: Control loop missed its desired rate of 20.0000Hz
[controller_server-7] [INFO] [1783332119.893191018] [leo2.controller_server]: Passing new path to controller.
[controller_server-7] [ERROR] [1783332120.076077388] [transformPoseInTargetFrame]: Extrapolation Error looking up target frame: Lookup would require extrapolation into the future.  Requested time 336.079000 but the latest data is at time 336.053000, when looking up transform from frame [map] to frame [leo2/base_link]
[controller_server-7] 
[controller_server-7] [WARN] [1783332120.077157712] [leo2.controller_server]: Control loop missed its desired rate of 20.0000Hz
[bt_navigator-4] [INFO] [1783332120.112607883] [leo1.bt_navigator]: Begin navigating from current location (-6.13, 4.44) to (-10.18, 7.16)
[controller_server-1] [INFO] [1783332120.134077469] [leo1.controller_server]: Received a goal, begin computing control effort.
[controller_server-1] [ERROR] [1783332120.306511149] [transformPoseInTargetFrame]: Extrapolation Error looking up target frame: Lookup would require extrapolation into the future.  Requested time 336.233000 but the latest data is at time 336.232000, when looking up transform from frame [map] to frame [leo1/base_link]
[controller_server-1] 
[controller_server-1] [WARN] [1783332120.308156861] [leo1.controller_server]: Control loop missed its desired rate of 20.0000Hz
[controller_server-7] [INFO] [1783332120.950078495] [leo2.controller_server]: Passing new path to controller.
[controller_server-1] [INFO] [1783332121.186851157] [leo1.controller_server]: Passing new path to controller.
[controller_server-7] [INFO] [1783332121.977241035] [leo2.controller_server]: Passing new path to controller.
[controller_server-7] [ERROR] [1783332122.139780566] [transformPoseInTargetFrame]: Extrapolation Error looking up target frame: Lookup would require extrapolation into the future.  Requested time 337.496000 but the latest data is at time 337.473000, when looking up transform from frame [map] to frame [leo2/base_link]
[controller_server-7] 
[controller_server-7] [WARN] [1783332122.140838417] [leo2.controller_server]: Control loop missed its desired rate of 20.0000Hz
[controller_server-1] [INFO] [1783332122.208242103] [leo1.controller_server]: Passing new path to controller.
[controller_server-1] [ERROR] [1783332122.371059975] [transformPoseInTargetFrame]: Extrapolation Error looking up target frame: Lookup would require extrapolation into the future.  Requested time 337.656000 but the latest data is at time 337.632000, when looking up transform from frame [map] to frame [leo1/base_link]
[controller_server-1] 
[controller_server-1] [WARN] [1783332122.372520703] [leo1.controller_server]: Control loop missed its desired rate of 20.0000Hz
[controller_server-7] [INFO] [1783332123.015100888] [leo2.controller_server]: Passing new path to controller.
[controller_server-1] [INFO] [1783332123.245936169] [leo1.controller_server]: Passing new path to controller.
[controller_server-7] [INFO] [1783332124.040944211] [leo2.controller_server]: Passing new path to controller.
[controller_server-7] [WARN] [1783332124.124455392] [leo2.controller_server]: Control loop missed its desired rate of 20.0000Hz
[controller_server-1] [INFO] [1783332124.272638208] [leo1.controller_server]: Passing new path to controller.
[controller_server-1] [WARN] [1783332124.365229633] [leo1.controller_server]: Control loop missed its desired rate of 20.0000Hz
[controller_server-7] [INFO] [1783332125.040254867] [leo2.controller_server]: Passing new path to controller.
[controller_server-1] [INFO] [1783332125.321956807] [leo1.controller_server]: Passing new path to controller.
[controller_server-1] [ERROR] [1783332125.495237360] [transformPoseInTargetFrame]: Extrapolation Error looking up target frame: Lookup would require extrapolation into the future.  Requested time 339.852000 but the latest data is at time 339.832000, when looking up transform from frame [map] to frame [leo1/base_link]
[controller_server-1] 
[controller_server-1] [WARN] [1783332125.497182583] [leo1.controller_server]: Control loop missed its desired rate of 20.0000Hz
[controller_server-7] [INFO] [1783332126.090231903] [leo2.controller_server]: Passing new path to controller.
[controller_server-1] [INFO] [1783332126.329278984] [leo1.controller_server]: Passing new path to controller.
[controller_server-7] [INFO] [1783332127.140257637] [leo2.controller_server]: Passing new path to controller.
[controller_server-7] [WARN] [1783332127.243608072] [leo2.controller_server]: Control loop missed its desired rate of 20.0000Hz
[controller_server-1] [INFO] [1783332127.347303609] [leo1.controller_server]: Passing new path to controller.
[controller_server-1] [WARN] [1783332127.480297408] [leo1.controller_server]: Control loop missed its desired rate of 20.0000Hz
[controller_server-7] [INFO] [1783332128.164232201] [leo2.controller_server]: Passing new path to controller.
[controller_server-7] [ERROR] [1783332128.326874312] [transformPoseInTargetFrame]: Extrapolation Error looking up target frame: Lookup would require extrapolation into the future.  Requested time 341.877000 but the latest data is at time 341.873000, when looking up transform from frame [map] to frame [leo2/base_link]
[controller_server-7] 
[controller_server-7] [WARN] [1783332128.327993278] [leo2.controller_server]: Control loop missed its desired rate of 20.0000Hz
[controller_server-1] [INFO] [1783332128.408380599] [leo1.controller_server]: Passing new path to controller.
[controller_server-1] [ERROR] [1783332128.581212762] [transformPoseInTargetFrame]: Extrapolation Error looking up target frame: Lookup would require extrapolation into the future.  Requested time 342.053000 but the latest data is at time 342.032000, when looking up transform from frame [map] to frame [leo1/base_link]
[controller_server-1] 
[controller_server-1] [WARN] [1783332128.582444934] [leo1.controller_server]: Control loop missed its desired rate of 20.0000Hz
[controller_server-7] [INFO] [1783332129.201903270] [leo2.controller_server]: Passing new path to controller.
[controller_server-1] [INFO] [1783332129.404407220] [leo1.controller_server]: Passing new path to controller.
[controller_server-7] [INFO] [1783332130.228105395] [leo2.controller_server]: Passing new path to controller.
[controller_server-7] [WARN] [1783332130.320686203] [leo2.controller_server]: Control loop missed its desired rate of 20.0000Hz
[controller_server-1] [INFO] [1783332130.482557401] [leo1.controller_server]: Passing new path to controller.
[controller_server-1] [WARN] [1783332130.555573341] [leo1.controller_server]: Control loop missed its desired rate of 20.0000Hz
[controller_server-7] [INFO] [1783332131.228089978] [leo2.controller_server]: Passing new path to controller.
[controller_server-1] [INFO] [1783332131.482536140] [leo1.controller_server]: Passing new path to controller.
[controller_server-7] [INFO] [1783332132.278141678] [leo2.controller_server]: Passing new path to controller.
[controller_server-7] [WARN] [1783332132.381063513] [leo2.controller_server]: Control loop missed its desired rate of 20.0000Hz
[controller_server-1] [INFO] [1783332132.532526494] [leo1.controller_server]: Passing new path to controller.
[controller_server-1] [WARN] [1783332132.604804949] [leo1.controller_server]: Control loop missed its desired rate of 20.0000Hz
[controller_server-7] [INFO] [1783332133.302902344] [leo2.controller_server]: Passing new path to controller.
[controller_server-7] [ERROR] [1783332133.465497342] [transformPoseInTargetFrame]: Extrapolation Error looking up target frame: Lookup would require extrapolation into the future.  Requested time 345.482000 but the latest data is at time 345.453000, when looking up transform from frame [map] to frame [leo2/base_link]
[controller_server-7] 
[controller_server-7] [WARN] [1783332133.466374375] [leo2.controller_server]: Control loop missed its desired rate of 20.0000Hz
[controller_server-1] [INFO] [1783332133.532555765] [leo1.controller_server]: Passing new path to controller.
[controller_server-1] [ERROR] [1783332133.695250813] [transformPoseInTargetFrame]: Extrapolation Error looking up target frame: Lookup would require extrapolation into the future.  Requested time 345.639000 but the latest data is at time 345.632000, when looking up transform from frame [map] to frame [leo1/base_link]
[controller_server-1] 
[controller_server-1] [WARN] [1783332133.696336026] [leo1.controller_server]: Control loop missed its desired rate of 20.0000Hz
[controller_server-7] [INFO] [1783332134.337598105] [leo2.controller_server]: Passing new path to controller.
[controller_server-1] [INFO] [1783332134.571858344] [leo1.controller_server]: Passing new path to controller.
[planner_server-2] [INFO] [1783332134.903869972] [leo1.global_costmap.global_costmap]: StaticLayer: Resizing costmap to 478 X 318 at 0.050000 m/pix
[planner_server-8] [INFO] [1783332134.952332632] [leo2.global_costmap.global_costmap]: StaticLayer: Resizing costmap to 478 X 318 at 0.050000 m/pix
[controller_server-7] [INFO] [1783332135.366459151] [leo2.controller_server]: Passing new path to controller.
[controller_server-7] [WARN] [1783332135.508896550] [leo2.controller_server]: Control loop missed its desired rate of 20.0000Hz
[controller_server-1] [INFO] [1783332135.596436095] [leo1.controller_server]: Passing new path to controller.
[controller_server-1] [WARN] [1783332135.748955628] [leo1.controller_server]: Control loop missed its desired rate of 20.0000Hz
[controller_server-7] [ERROR] [1783332135.784363568] [transformPoseInTargetFrame]: Extrapolation Error looking up target frame: Lookup would require extrapolation into the future.  Requested time 347.100000 but the latest data is at time 347.073000, when looking up transform from frame [map] to frame [leo2/base_link]
[controller_server-7] 
[controller_server-7] [WARN] [1783332135.784932872] [leo2.controller_server]: Control loop missed its desired rate of 20.0000Hz
[controller_server-1] [WARN] [1783332136.032094563] [leo1.controller_server]: Control loop missed its desired rate of 20.0000Hz
[controller_server-1] [ERROR] [1783332136.278747781] [transformPoseInTargetFrame]: Extrapolation Error looking up target frame: Lookup would require extrapolation into the future.  Requested time 347.438000 but the latest data is at time 347.432000, when looking up transform from frame [map] to frame [leo1/base_link]
[controller_server-1] 
[controller_server-1] [WARN] [1783332136.279719470] [leo1.controller_server]: Control loop missed its desired rate of 20.0000Hz
[controller_server-7] [INFO] [1783332136.396341783] [leo2.controller_server]: Passing new path to controller.
[controller_server-7] [WARN] [1783332136.629725297] [leo2.controller_server]: Control loop missed its desired rate of 20.0000Hz
[controller_server-1] [INFO] [1783332136.646390769] [leo1.controller_server]: Passing new path to controller.
[controller_server-1] [WARN] [1783332136.869701222] [leo1.controller_server]: Control loop missed its desired rate of 20.0000Hz
[controller_server-7] [ERROR] [1783332136.875276978] [transformPoseInTargetFrame]: Extrapolation Error looking up target frame: Lookup would require extrapolation into the future.  Requested time 347.861000 but the latest data is at time 347.853000, when looking up transform from frame [map] to frame [leo2/base_link]
[controller_server-7] 
[controller_server-7] [WARN] [1783332136.875777490] [leo2.controller_server]: Control loop missed its desired rate of 20.0000Hz
[controller_server-1] [WARN] [1783332137.176371540] [leo1.controller_server]: Control loop missed its desired rate of 20.0000Hz
[controller_server-7] [INFO] [1783332137.384942604] [leo2.controller_server]: Passing new path to controller.
[controller_server-1] [WARN] [1783332137.469636507] [leo1.controller_server]: Control loop missed its desired rate of 20.0000Hz
[controller_server-7] [WARN] [1783332137.517010909] [leo2.controller_server]: Control loop missed its desired rate of 20.0000Hz
[controller_server-7] [WARN] [1783332137.539461625] [leo2.controller_server]: Control loop missed its desired rate of 20.0000Hz
[controller_server-1] [WARN] [1783332137.763108921] [leo1.controller_server]: Control loop missed its desired rate of 20.0000Hz
[controller_server-1] [INFO] [1783332137.763196448] [leo1.controller_server]: Passing new path to controller.
[planner_server-8] [ERROR] [1783332137.769675046] [leo2.planner_server]: Failed to create a plan from potential when a legal potential was found. This shouldn't happen.
[planner_server-8] [WARN] [1783332137.769820532] [leo2.planner_server]: GridBased: failed to create plan with tolerance 0.50.
[planner_server-8] [WARN] [1783332137.769839705] [leo2.planner_server]: Planning algorithm  failed to generate a valid path to (-0.09, 4.77)
[planner_server-8] [WARN] [1783332137.769851329] [leo2.planner_server]: [compute_path_to_pose] [ActionServer] Aborting handle.
[controller_server-7] [WARN] [1783332137.808243722] [leo2.controller_server]: Control loop missed its desired rate of 20.0000Hz
[bt_navigator-4] [INFO] [1783332137.922313558] [leo1.bt_navigator]: Received goal preemption request
[bt_navigator-4] [INFO] [1783332137.922896640] [leo1.bt_navigator]: Begin navigating from current location (-8.69, 3.97) to (-0.09, 4.77)
[controller_server-7] [ERROR] [1783332138.103129418] [transformPoseInTargetFrame]: Extrapolation Error looking up target frame: Lookup would require extrapolation into the future.  Requested time 348.694000 but the latest data is at time 348.653000, when looking up transform from frame [map] to frame [leo2/base_link]
[controller_server-7] 
[controller_server-7] [WARN] [1783332138.104020938] [leo2.controller_server]: Control loop missed its desired rate of 20.0000Hz
[controller_server-7] [INFO] [1783332138.460008925] [leo2.controller_server]: Passing new path to controller.
[controller_server-7] [ERROR] [1783332138.622625159] [transformPoseInTargetFrame]: Extrapolation Error looking up target frame: Lookup would require extrapolation into the future.  Requested time 349.054000 but the latest data is at time 349.053000, when looking up transform from frame [map] to frame [leo2/base_link]
[controller_server-7] 
[controller_server-7] [WARN] [1783332138.623515591] [leo2.controller_server]: Control loop missed its desired rate of 20.0000Hz
[controller_server-1] [INFO] [1783332138.697449218] [leo1.controller_server]: Passing new path to controller.
[controller_server-1] [WARN] [1783332138.915449640] [leo1.controller_server]: Control loop missed its desired rate of 20.0000Hz
[controller_server-1] [WARN] [1783332139.202708277] [leo1.controller_server]: Control loop missed its desired rate of 20.0000Hz
[controller_server-7] [INFO] [1783332139.485997178] [leo2.controller_server]: Passing new path to controller.
[controller_server-1] [WARN] [1783332139.491035408] [leo1.controller_server]: Control loop missed its desired rate of 20.0000Hz
[controller_server-1] [WARN] [1783332139.777246838] [leo1.controller_server]: Control loop missed its desired rate of 20.0000Hz
[controller_server-1] [INFO] [1783332139.777306899] [leo1.controller_server]: Passing new path to controller.
[controller_server-7] [ERROR] [1783332139.795748836] [transformPoseInTargetFrame]: Extrapolation Error looking up target frame: Lookup would require extrapolation into the future.  Requested time 349.877000 but the latest data is at time 349.873000, when looking up transform from frame [map] to frame [leo2/base_link]
[controller_server-7] 
[controller_server-7] [WARN] [1783332139.796480045] [leo2.controller_server]: Control loop missed its desired rate of 20.0000Hz
[controller_server-1] [WARN] [1783332140.071972975] [leo1.controller_server]: Control loop missed its desired rate of 20.0000Hz
[controller_server-1] [WARN] [1783332140.368994911] [leo1.controller_server]: Control loop missed its desired rate of 20.0000Hz
[controller_server-7] [INFO] [1783332140.509112006] [leo2.controller_server]: Passing new path to controller.
[controller_server-1] [WARN] [1783332140.672631851] [leo1.controller_server]: Control loop missed its desired rate of 20.0000Hz
[controller_server-7] [ERROR] [1783332140.691984869] [transformPoseInTargetFrame]: Extrapolation Error looking up target frame: Lookup would require extrapolation into the future.  Requested time 350.486000 but the latest data is at time 350.473000, when looking up transform from frame [map] to frame [leo2/base_link]
[controller_server-7] 
[controller_server-7] [WARN] [1783332140.692478396] [leo2.controller_server]: Control loop missed its desired rate of 20.0000Hz
[controller_server-1] [INFO] [1783332140.756607731] [leo1.controller_server]: Passing new path to controller.
[controller_server-1] [ERROR] [1783332140.919411429] [transformPoseInTargetFrame]: Extrapolation Error looking up target frame: Lookup would require extrapolation into the future.  Requested time 350.643000 but the latest data is at time 350.632000, when looking up transform from frame [map] to frame [leo1/base_link]
[controller_server-1] 
[controller_server-1] [WARN] [1783332140.920323774] [leo1.controller_server]: Control loop missed its desired rate of 20.0000Hz
[controller_server-7] [INFO] [1783332141.509758557] [leo2.controller_server]: Passing new path to controller.
[controller_server-7] [WARN] [1783332141.611768651] [leo2.controller_server]: Control loop missed its desired rate of 20.0000Hz
[controller_server-1] [INFO] [1783332141.802254511] [leo1.controller_server]: Passing new path to controller.
[controller_server-1] [WARN] [1783332141.883918841] [leo1.controller_server]: Control loop missed its desired rate of 20.0000Hz
[controller_server-7] [ERROR] [1783332141.925012588] [transformPoseInTargetFrame]: Extrapolation Error looking up target frame: Lookup would require extrapolation into the future.  Requested time 351.290000 but the latest data is at time 351.273000, when looking up transform from frame [map] to frame [leo2/base_link]
[controller_server-7] 
[controller_server-7] [WARN] [1783332141.925626597] [leo2.controller_server]: Control loop missed its desired rate of 20.0000Hz
[controller_server-1] [ERROR] [1783332142.163082311] [transformPoseInTargetFrame]: Extrapolation Error looking up target frame: Lookup would require extrapolation into the future.  Requested time 351.434000 but the latest data is at time 351.432000, when looking up transform from frame [map] to frame [leo1/base_link]
[controller_server-1] 
[controller_server-1] [WARN] [1783332142.164234838] [leo1.controller_server]: Control loop missed its desired rate of 20.0000Hz
[controller_server-7] [INFO] [1783332142.538768771] [leo2.controller_server]: Passing new path to controller.
[controller_server-1] [INFO] [1783332142.832788686] [leo1.controller_server]: Passing new path to controller.
[controller_server-7] [WARN] [1783332142.862634417] [leo2.controller_server]: Control loop missed its desired rate of 20.0000Hz
[controller_server-1] [WARN] [1783332143.126772900] [leo1.controller_server]: Control loop missed its desired rate of 20.0000Hz
[controller_server-7] [WARN] [1783332143.199743072] [leo2.controller_server]: Control loop missed its desired rate of 20.0000Hz
[controller_server-7] [ERROR] [1783332143.545984144] [transformPoseInTargetFrame]: Extrapolation Error looking up target frame: Lookup would require extrapolation into the future.  Requested time 352.300000 but the latest data is at time 352.293000, when looking up transform from frame [map] to frame [leo2/base_link]
[controller_server-7] 
[controller_server-7] [WARN] [1783332143.546926939] [leo2.controller_server]: Control loop missed its desired rate of 20.0000Hz
[controller_server-7] [INFO] [1783332143.599769544] [leo2.controller_server]: Passing new path to controller.
[bt_navigator-10] [INFO] [1783332143.820521402] [leo2.bt_navigator]: Received goal preemption request
[bt_navigator-10] [INFO] [1783332143.821604892] [leo2.bt_navigator]: Begin navigating from current location (0.56, 0.46) to (-3.89, -5.48)
[controller_server-1] [INFO] [1783332143.858876377] [leo1.controller_server]: Passing new path to controller.
[controller_server-7] [ERROR] [1783332143.893298809] [transformPoseInTargetFrame]: Extrapolation Error looking up target frame: Lookup would require extrapolation into the future.  Requested time 352.500000 but the latest data is at time 352.493000, when looking up transform from frame [map] to frame [leo2/base_link]
[controller_server-7] 
[controller_server-7] [WARN] [1783332143.894845626] [leo2.controller_server]: Control loop missed its desired rate of 20.0000Hz
[controller_server-7] [INFO] [1783332144.614048663] [leo2.controller_server]: Passing new path to controller.
[controller_server-1] [INFO] [1783332144.876883886] [leo1.controller_server]: Passing new path to controller.
[controller_server-7] [ERROR] [1783332144.887700515] [transformPoseInTargetFrame]: Extrapolation Error looking up target frame: Lookup would require extrapolation into the future.  Requested time 353.100000 but the latest data is at time 353.093000, when looking up transform from frame [map] to frame [leo2/base_link]
[controller_server-7] 
[controller_server-7] [WARN] [1783332144.888714546] [leo2.controller_server]: Control loop missed its desired rate of 20.0000Hz
[planner_server-2] [INFO] [1783332144.903875524] [leo1.global_costmap.global_costmap]: StaticLayer: Resizing costmap to 478 X 319 at 0.050000 m/pix
[planner_server-8] [INFO] [1783332144.952338450] [leo2.global_costmap.global_costmap]: StaticLayer: Resizing costmap to 478 X 319 at 0.050000 m/pix
[controller_server-7] [INFO] [1783332145.654395711] [leo2.controller_server]: Passing new path to controller.
[controller_server-7] [ERROR] [1783332145.870894259] [transformPoseInTargetFrame]: Extrapolation Error looking up target frame: Lookup would require extrapolation into the future.  Requested time 353.698000 but the latest data is at time 353.693000, when looking up transform from frame [map] to frame [leo2/base_link]
[controller_server-7] 
[controller_server-7] [WARN] [1783332145.871993287] [leo2.controller_server]: Control loop missed its desired rate of 20.0000Hz
[controller_server-1] [INFO] [1783332145.926877366] [leo1.controller_server]: Passing new path to controller.
[controller_server-7] [INFO] [1783332146.692858767] [leo2.controller_server]: Passing new path to controller.
[controller_server-7] [ERROR] [1783332146.875374448] [transformPoseInTargetFrame]: Extrapolation Error looking up target frame: Lookup would require extrapolation into the future.  Requested time 354.300000 but the latest data is at time 354.293000, when looking up transform from frame [map] to frame [leo2/base_link]
[controller_server-7] 
[controller_server-7] [WARN] [1783332146.876312788] [leo2.controller_server]: Control loop missed its desired rate of 20.0000Hz
[controller_server-1] [INFO] [1783332146.927246564] [leo1.controller_server]: Passing new path to controller.
[controller_server-1] [WARN] [1783332147.123152707] [leo1.controller_server]: Control loop missed its desired rate of 20.0000Hz
[controller_server-7] [INFO] [1783332147.697125769] [leo2.controller_server]: Passing new path to controller.
[controller_server-7] [ERROR] [1783332147.869732452] [transformPoseInTargetFrame]: Extrapolation Error looking up target frame: Lookup would require extrapolation into the future.  Requested time 354.900000 but the latest data is at time 354.893000, when looking up transform from frame [map] to frame [leo2/base_link]
[controller_server-7] 
[controller_server-7] [WARN] [1783332147.870575206] [leo2.controller_server]: Control loop missed its desired rate of 20.0000Hz
[controller_server-1] [INFO] [1783332147.943264570] [leo1.controller_server]: Passing new path to controller.
[controller_server-1] [WARN] [1783332148.109627084] [leo1.controller_server]: Control loop missed its desired rate of 20.0000Hz
[controller_server-7] [INFO] [1783332148.740609655] [leo2.controller_server]: Passing new path to controller.
[controller_server-7] [ERROR] [1783332148.852383255] [transformPoseInTargetFrame]: Extrapolation Error looking up target frame: Lookup would require extrapolation into the future.  Requested time 355.503000 but the latest data is at time 355.493000, when looking up transform from frame [map] to frame [leo2/base_link]
[controller_server-7] 
[controller_server-7] [WARN] [1783332148.853615778] [leo2.controller_server]: Control loop missed its desired rate of 20.0000Hz
[controller_server-1] [INFO] [1783332148.980517789] [leo1.controller_server]: Passing new path to controller.
[controller_server-1] [WARN] [1783332149.103234418] [leo1.controller_server]: Control loop missed its desired rate of 20.0000Hz
[controller_server-7] [INFO] [1783332149.770695198] [leo2.controller_server]: Passing new path to controller.
[controller_server-7] [WARN] [1783332149.863363261] [leo2.controller_server]: Control loop missed its desired rate of 20.0000Hz
[controller_server-1] [INFO] [1783332150.009714202] [leo1.controller_server]: Passing new path to controller.
[controller_server-1] [WARN] [1783332150.102371852] [leo1.controller_server]: Control loop missed its desired rate of 20.0000Hz
[controller_server-7] [INFO] [1783332150.770647971] [leo2.controller_server]: Passing new path to controller.
[controller_server-7] [WARN] [1783332150.853068165] [leo2.controller_server]: Control loop missed its desired rate of 20.0000Hz
[controller_server-1] [INFO] [1783332151.059705381] [leo1.controller_server]: Passing new path to controller.
[controller_server-7] [INFO] [1783332151.820687215] [leo2.controller_server]: Passing new path to controller.
[controller_server-1] [INFO] [1783332152.109736202] [leo1.controller_server]: Passing new path to controller.
[controller_server-7] [INFO] [1783332152.870681329] [leo2.controller_server]: Passing new path to controller.
[planner_server-2] [ERROR] [1783332153.075764740] [leo1.planner_server]: Failed to create a plan from potential when a legal potential was found. This shouldn't happen.
[planner_server-2] [WARN] [1783332153.075838756] [leo1.planner_server]: GridBased: failed to create plan with tolerance 0.50.
[planner_server-2] [WARN] [1783332153.075848249] [leo1.planner_server]: Planning algorithm GridBased failed to generate a valid path to (-0.09, 4.77)
[planner_server-2] [WARN] [1783332153.075855891] [leo1.planner_server]: [compute_path_to_pose] [ActionServer] Aborting handle.
[planner_server-2] [INFO] [1783332153.092278408] [leo1.global_costmap.global_costmap]: Received request to clear entirely the global_costmap
[planner_server-2] [ERROR] [1783332153.120884039] [leo1.planner_server]: Failed to create a plan from potential when a legal potential was found. This shouldn't happen.
[planner_server-2] [WARN] [1783332153.121401442] [leo1.planner_server]: GridBased: failed to create plan with tolerance 0.50.
[planner_server-2] [WARN] [1783332153.121426454] [leo1.planner_server]: Planning algorithm GridBased failed to generate a valid path to (-0.09, 4.77)
[planner_server-2] [WARN] [1783332153.121444893] [leo1.planner_server]: [compute_path_to_pose] [ActionServer] Aborting handle.
[bt_navigator-4] [ERROR] [1783332153.143079482] [leo1.bt_navigator_navigate_to_pose_rclcpp_node]: Failed to get result for follow_path in node halt!
[behavior_server-3] [INFO] [1783332153.143578982] [leo1.behavior_server]: Running wait
[bt_navigator-4] [WARN] [1783332153.144237751] [BehaviorTreeEngine]: Behavior Tree tick rate 100.00 was exceeded!
[controller_server-1] [INFO] [1783332153.159694417] [leo1.controller_server]: Goal was canceled. Stopping the robot.
[controller_server-1] [INFO] [1783332153.159746837] [leo1.controller_server]: [follow_path] [ActionServer] Client requested to cancel the goal. Cancelling.
[controller_server-7] [INFO] [1783332153.870665242] [leo2.controller_server]: Passing new path to controller.
[controller_server-7] [WARN] [1783332153.953092094] [leo2.controller_server]: Control loop missed its desired rate of 20.0000Hz
[controller_server-7] [INFO] [1783332154.919623349] [leo2.controller_server]: Passing new path to controller.
[controller_server-7] [INFO] [1783332155.919787866] [leo2.controller_server]: Passing new path to controller.
[bt_navigator-4] [INFO] [1783332156.533379727] [leo1.bt_navigator]: Received goal preemption request
[bt_navigator-4] [INFO] [1783332156.534220472] [leo1.bt_navigator]: Begin navigating from current location (-8.60, 2.61) to (-10.13, 6.86)
[controller_server-7] [INFO] [1783332156.969615048] [leo2.controller_server]: Passing new path to controller.
[controller_server-7] [INFO] [1783332158.019634862] [leo2.controller_server]: Passing new path to controller.
[controller_server-7] [ERROR] [1783332158.212279802] [transformPoseInTargetFrame]: Extrapolation Error looking up target frame: Lookup would require extrapolation into the future.  Requested time 361.100000 but the latest data is at time 361.093000, when looking up transform from frame [map] to frame [leo2/base_link]
[controller_server-7] 
[controller_server-7] [WARN] [1783332158.214878598] [leo2.controller_server]: Control loop missed its desired rate of 20.0000Hz
[controller_server-7] [INFO] [1783332159.032282242] [leo2.controller_server]: Passing new path to controller.
[controller_server-7] [ERROR] [1783332159.184758632] [transformPoseInTargetFrame]: Extrapolation Error looking up target frame: Lookup would require extrapolation into the future.  Requested time 361.700000 but the latest data is at time 361.693000, when looking up transform from frame [map] to frame [leo2/base_link]
[controller_server-7] 
[controller_server-7] [WARN] [1783332159.185541241] [leo2.controller_server]: Control loop missed its desired rate of 20.0000Hz
[controller_server-7] [INFO] [1783332160.054691055] [leo2.controller_server]: Passing new path to controller.
[controller_server-7] [ERROR] [1783332160.166605831] [transformPoseInTargetFrame]: Extrapolation Error looking up target frame: Lookup would require extrapolation into the future.  Requested time 362.308000 but the latest data is at time 362.293000, when looking up transform from frame [map] to frame [leo2/base_link]
[controller_server-7] 
[controller_server-7] [WARN] [1783332160.168172396] [leo2.controller_server]: Control loop missed its desired rate of 20.0000Hz
[controller_server-7] [INFO] [1783332161.085623632] [leo2.controller_server]: Passing new path to controller.
[controller_server-7] [WARN] [1783332161.157802475] [leo2.controller_server]: Control loop missed its desired rate of 20.0000Hz
[behavior_server-3] [INFO] [1783332161.442748029] [leo1.behavior_server]: wait completed successfully
[controller_server-1] [INFO] [1783332161.484423626] [leo1.controller_server]: Received a goal, begin computing control effort.
[controller_server-1] [WARN] [1783332161.737445754] [leo1.controller_server]: Control loop missed its desired rate of 20.0000Hz
[controller_server-1] [WARN] [1783332162.055152565] [leo1.controller_server]: Control loop missed its desired rate of 20.0000Hz
[controller_server-7] [INFO] [1783332162.135635070] [leo2.controller_server]: Passing new path to controller.
[controller_server-7] [WARN] [1783332162.188342020] [leo2.controller_server]: Control loop missed its desired rate of 20.0000Hz
[controller_server-1] [WARN] [1783332162.397152244] [leo1.controller_server]: Control loop missed its desired rate of 20.0000Hz
[controller_server-1] [INFO] [1783332162.530438971] [leo1.controller_server]: Passing new path to controller.
[controller_server-1] [WARN] [1783332162.735092295] [leo1.controller_server]: Control loop missed its desired rate of 20.0000Hz
[controller_server-1] [WARN] [1783332163.062415117] [leo1.controller_server]: Control loop missed its desired rate of 20.0000Hz
[bt_navigator-10] [INFO] [1783332163.109555818] [leo2.bt_navigator]: Received goal preemption request
[bt_navigator-10] [INFO] [1783332163.110459975] [leo2.bt_navigator]: Begin navigating from current location (-1.74, 0.45) to (1.02, 2.26)
[controller_server-7] [INFO] [1783332163.135641587] [leo2.controller_server]: Passing new path to controller.
[controller_server-7] [WARN] [1783332163.188025220] [leo2.controller_server]: Control loop missed its desired rate of 20.0000Hz
[controller_server-1] [WARN] [1783332163.410043816] [leo1.controller_server]: Control loop missed its desired rate of 20.0000Hz
[controller_server-1] [INFO] [1783332163.545143056] [leo1.controller_server]: Passing new path to controller.
[controller_server-1] [WARN] [1783332163.737945687] [leo1.controller_server]: Control loop missed its desired rate of 20.0000Hz
[controller_server-1] [WARN] [1783332164.074049897] [leo1.controller_server]: Control loop missed its desired rate of 20.0000Hz
[controller_server-7] [INFO] [1783332164.185642467] [leo2.controller_server]: Passing new path to controller.
[controller_server-1] [WARN] [1783332164.388551097] [leo1.controller_server]: Control loop missed its desired rate of 20.0000Hz
[controller_server-7] [ERROR] [1783332164.467802367] [transformPoseInTargetFrame]: Extrapolation Error looking up target frame: Lookup would require extrapolation into the future.  Requested time 364.900000 but the latest data is at time 364.893000, when looking up transform from frame [map] to frame [leo2/base_link]
[controller_server-7] 
[controller_server-7] [WARN] [1783332164.469252623] [leo2.controller_server]: Control loop missed its desired rate of 20.0000Hz
[controller_server-1] [WARN] [1783332164.712185092] [leo1.controller_server]: Control loop missed its desired rate of 20.0000Hz
[controller_server-1] [INFO] [1783332164.712229976] [leo1.controller_server]: Passing new path to controller.
[controller_server-1] [WARN] [1783332165.026109709] [leo1.controller_server]: Control loop missed its desired rate of 20.0000Hz
[controller_server-7] [INFO] [1783332165.188123285] [leo2.controller_server]: Passing new path to controller.
[controller_server-1] [WARN] [1783332165.340891722] [leo1.controller_server]: Control loop missed its desired rate of 20.0000Hz
[controller_server-7] [ERROR] [1783332165.400922541] [transformPoseInTargetFrame]: Extrapolation Error looking up target frame: Lookup would require extrapolation into the future.  Requested time 365.500000 but the latest data is at time 365.493000, when looking up transform from frame [map] to frame [leo2/base_link]
[controller_server-7] 
[controller_server-7] [WARN] [1783332165.401757460] [leo2.controller_server]: Control loop missed its desired rate of 20.0000Hz
[controller_server-1] [WARN] [1783332165.645373825] [leo1.controller_server]: Control loop missed its desired rate of 20.0000Hz
[controller_server-1] [INFO] [1783332165.645438077] [leo1.controller_server]: Passing new path to controller.
[controller_server-1] [WARN] [1783332165.950297923] [leo1.controller_server]: Control loop missed its desired rate of 20.0000Hz
[controller_server-7] [INFO] [1783332166.220206162] [leo2.controller_server]: Passing new path to controller.
[controller_server-1] [WARN] [1783332166.255667432] [leo1.controller_server]: Control loop missed its desired rate of 20.0000Hz
[controller_server-7] [WARN] [1783332166.322277498] [leo2.controller_server]: Control loop missed its desired rate of 20.0000Hz
[controller_server-1] [WARN] [1783332166.557815332] [leo1.controller_server]: Control loop missed its desired rate of 20.0000Hz
[controller_server-7] [ERROR] [1783332166.584026528] [transformPoseInTargetFrame]: Extrapolation Error looking up target frame: Lookup would require extrapolation into the future.  Requested time 366.274000 but the latest data is at time 366.273000, when looking up transform from frame [map] to frame [leo2/base_link]
[controller_server-7] 
[controller_server-7] [WARN] [1783332166.585002357] [leo2.controller_server]: Control loop missed its desired rate of 20.0000Hz
[controller_server-1] [INFO] [1783332166.628447212] [leo1.controller_server]: Passing new path to controller.
[controller_server-1] [WARN] [1783332166.851996554] [leo1.controller_server]: Control loop missed its desired rate of 20.0000Hz
[controller_server-1] [WARN] [1783332167.147494451] [leo1.controller_server]: Control loop missed its desired rate of 20.0000Hz
[controller_server-7] [INFO] [1783332167.248221044] [leo2.controller_server]: Passing new path to controller.
[controller_server-1] [WARN] [1783332167.441019195] [leo1.controller_server]: Control loop missed its desired rate of 20.0000Hz
[controller_server-7] [ERROR] [1783332167.471244658] [transformPoseInTargetFrame]: Extrapolation Error looking up target frame: Lookup would require extrapolation into the future.  Requested time 366.900000 but the latest data is at time 366.873000, when looking up transform from frame [map] to frame [leo2/base_link]
[controller_server-7] 
[controller_server-7] [WARN] [1783332167.473545035] [leo2.controller_server]: Control loop missed its desired rate of 20.0000Hz
[controller_server-1] [ERROR] [1783332167.676429546] [transformPoseInTargetFrame]: Extrapolation Error looking up target frame: Lookup would require extrapolation into the future.  Requested time 367.037000 but the latest data is at time 367.032000, when looking up transform from frame [map] to frame [leo1/base_link]
[controller_server-1] 
[controller_server-1] [WARN] [1783332167.677297814] [leo1.controller_server]: Control loop missed its desired rate of 20.0000Hz
[controller_server-1] [INFO] [1783332167.677325321] [leo1.controller_server]: Passing new path to controller.
[controller_server-1] [WARN] [1783332167.990320093] [leo1.controller_server]: Control loop missed its desired rate of 20.0000Hz
[controller_server-1] [WARN] [1783332168.288446607] [leo1.controller_server]: Control loop missed its desired rate of 20.0000Hz
[controller_server-7] [INFO] [1783332168.297175646] [leo2.controller_server]: Passing new path to controller.
[controller_server-1] [ERROR] [1783332168.524881866] [transformPoseInTargetFrame]: Extrapolation Error looking up target frame: Lookup would require extrapolation into the future.  Requested time 367.634000 but the latest data is at time 367.632000, when looking up transform from frame [map] to frame [leo1/base_link]
[controller_server-1] 
[controller_server-1] [WARN] [1783332168.525972701] [leo1.controller_server]: Control loop missed its desired rate of 20.0000Hz
[controller_server-7] [ERROR] [1783332168.586014859] [transformPoseInTargetFrame]: Extrapolation Error looking up target frame: Lookup would require extrapolation into the future.  Requested time 367.683000 but the latest data is at time 367.673000, when looking up transform from frame [map] to frame [leo2/base_link]
[controller_server-7] 
[controller_server-7] [WARN] [1783332168.587192368] [leo2.controller_server]: Control loop missed its desired rate of 20.0000Hz
[controller_server-1] [INFO] [1783332168.734602418] [leo1.controller_server]: Passing new path to controller.
[controller_server-1] [WARN] [1783332168.847462478] [leo1.controller_server]: Control loop missed its desired rate of 20.0000Hz
[controller_server-7] [INFO] [1783332169.304139167] [leo2.controller_server]: Passing new path to controller.
[controller_server-7] [ERROR] [1783332169.466856387] [transformPoseInTargetFrame]: Extrapolation Error looking up target frame: Lookup would require extrapolation into the future.  Requested time 368.294000 but the latest data is at time 368.293000, when looking up transform from frame [map] to frame [leo2/base_link]
[controller_server-7] 
[controller_server-7] [WARN] [1783332169.467865368] [leo2.controller_server]: Control loop missed its desired rate of 20.0000Hz
[controller_server-1] [INFO] [1783332169.726065273] [leo1.controller_server]: Passing new path to controller.
[controller_server-7] [INFO] [1783332170.339022487] [leo2.controller_server]: Passing new path to controller.
[controller_server-7] [ERROR] [1783332170.562034099] [transformPoseInTargetFrame]: Extrapolation Error looking up target frame: Lookup would require extrapolation into the future.  Requested time 369.075000 but the latest data is at time 369.073000, when looking up transform from frame [map] to frame [leo2/base_link]
[controller_server-7] 
[controller_server-7] [WARN] [1783332170.562801631] [leo2.controller_server]: Control loop missed its desired rate of 20.0000Hz
[planner_server-2] [ERROR] [1783332170.725120727] [leo1.planner_server]: Failed to create a plan from potential when a legal potential was found. This shouldn't happen.
[planner_server-2] [WARN] [1783332170.725261010] [leo1.planner_server]: GridBased: failed to create plan with tolerance 0.50.
[planner_server-2] [WARN] [1783332170.725275190] [leo1.planner_server]: Planning algorithm GridBased failed to generate a valid path to (-10.13, 6.86)
[planner_server-2] [WARN] [1783332170.725284555] [leo1.planner_server]: [compute_path_to_pose] [ActionServer] Aborting handle.
[planner_server-2] [INFO] [1783332170.743438490] [leo1.global_costmap.global_costmap]: Received request to clear entirely the global_costmap
[controller_server-1] [INFO] [1783332170.976057945] [leo1.controller_server]: Passing new path to controller.
[controller_server-1] [WARN] [1783332171.139923073] [leo1.controller_server]: Control loop missed its desired rate of 20.0000Hz
[controller_server-7] [INFO] [1783332171.381001946] [leo2.controller_server]: Passing new path to controller.
[controller_server-7] [WARN] [1783332171.472812217] [leo2.controller_server]: Control loop missed its desired rate of 20.0000Hz
[controller_server-7] [ERROR] [1783332171.765621807] [transformPoseInTargetFrame]: Extrapolation Error looking up target frame: Lookup would require extrapolation into the future.  Requested time 369.882000 but the latest data is at time 369.873000, when looking up transform from frame [map] to frame [leo2/base_link]
[controller_server-7] 
[controller_server-7] [WARN] [1783332171.766722863] [leo2.controller_server]: Control loop missed its desired rate of 20.0000Hz
[controller_server-1] [INFO] [1783332172.011914401] [leo1.controller_server]: Passing new path to controller.
[controller_server-7] [INFO] [1783332172.434816370] [leo2.controller_server]: Passing new path to controller.
[controller_server-7] [ERROR] [1783332172.708721890] [transformPoseInTargetFrame]: Extrapolation Error looking up target frame: Lookup would require extrapolation into the future.  Requested time 370.495000 but the latest data is at time 370.453000, when looking up transform from frame [map] to frame [leo2/base_link]
[controller_server-7] 
[controller_server-7] [WARN] [1783332172.709674995] [leo2.controller_server]: Control loop missed its desired rate of 20.0000Hz
[controller_server-1] [INFO] [1783332173.040031296] [leo1.controller_server]: Passing new path to controller.
[controller_server-7] [INFO] [1783332173.426840060] [leo2.controller_server]: Passing new path to controller.
[controller_server-7] [ERROR] [1783332173.599704542] [transformPoseInTargetFrame]: Extrapolation Error looking up target frame: Lookup would require extrapolation into the future.  Requested time 371.066000 but the latest data is at time 371.053000, when looking up transform from frame [map] to frame [leo2/base_link]
[controller_server-7] 
[controller_server-7] [WARN] [1783332173.600974756] [leo2.controller_server]: Control loop missed its desired rate of 20.0000Hz
[controller_server-1] [INFO] [1783332174.040023156] [leo1.controller_server]: Passing new path to controller.
[controller_server-1] [WARN] [1783332174.183682174] [leo1.controller_server]: Control loop missed its desired rate of 20.0000Hz
[controller_server-7] [INFO] [1783332174.472516721] [leo2.controller_server]: Passing new path to controller.
[planner_server-2] [INFO] [1783332174.902831723] [leo1.global_costmap.global_costmap]: StaticLayer: Resizing costmap to 478 X 318 at 0.050000 m/pix
[planner_server-8] [INFO] [1783332174.951262032] [leo2.global_costmap.global_costmap]: StaticLayer: Resizing costmap to 478 X 318 at 0.050000 m/pix
[controller_server-1] [INFO] [1783332175.103437370] [leo1.controller_server]: Passing new path to controller.
[controller_server-7] [INFO] [1783332175.501117798] [leo2.controller_server]: Passing new path to controller.
[bt_navigator-4] [INFO] [1783332175.863436320] [leo1.bt_navigator]: Received goal preemption request
[bt_navigator-4] [INFO] [1783332175.864410522] [leo1.bt_navigator]: Begin navigating from current location (-9.33, 3.38) to (-0.09, 4.77)
[controller_server-1] [INFO] [1783332176.133797998] [leo1.controller_server]: Passing new path to controller.
[controller_server-1] [WARN] [1783332176.286793071] [leo1.controller_server]: Control loop missed its desired rate of 20.0000Hz
[controller_server-7] [INFO] [1783332176.551094147] [leo2.controller_server]: Passing new path to controller.
[controller_server-1] [WARN] [1783332176.593207633] [leo1.controller_server]: Control loop missed its desired rate of 20.0000Hz
[controller_server-7] [WARN] [1783332176.644008439] [leo2.controller_server]: Control loop missed its desired rate of 20.0000Hz
[controller_server-1] [ERROR] [1783332176.838789371] [transformPoseInTargetFrame]: Extrapolation Error looking up target frame: Lookup would require extrapolation into the future.  Requested time 373.233000 but the latest data is at time 373.232000, when looking up transform from frame [map] to frame [leo1/base_link]
[controller_server-1] 
[controller_server-1] [WARN] [1783332176.839694768] [leo1.controller_server]: Control loop missed its desired rate of 20.0000Hz
[controller_server-1] [INFO] [1783332177.148855734] [leo1.controller_server]: Passing new path to controller.
[controller_server-1] [ERROR] [1783332177.461998879] [transformPoseInTargetFrame]: Extrapolation Error looking up target frame: Lookup would require extrapolation into the future.  Requested time 373.661000 but the latest data is at time 373.632000, when looking up transform from frame [map] to frame [leo1/base_link]
[controller_server-1] 
[controller_server-1] [WARN] [1783332177.463968199] [leo1.controller_server]: Control loop missed its desired rate of 20.0000Hz
[controller_server-7] [INFO] [1783332177.551081575] [leo2.controller_server]: Passing new path to controller.
[controller_server-1] [INFO] [1783332178.185830080] [leo1.controller_server]: Passing new path to controller.
[controller_server-1] [WARN] [1783332178.328391949] [leo1.controller_server]: Control loop missed its desired rate of 20.0000Hz
[controller_server-1] [ERROR] [1783332178.562535385] [transformPoseInTargetFrame]: Extrapolation Error looking up target frame: Lookup would require extrapolation into the future.  Requested time 374.436000 but the latest data is at time 374.432000, when looking up transform from frame [map] to frame [leo1/base_link]
[controller_server-1] 
[controller_server-1] [WARN] [1783332178.564151634] [leo1.controller_server]: Control loop missed its desired rate of 20.0000Hz
[controller_server-7] [INFO] [1783332178.601084297] [leo2.controller_server]: Passing new path to controller.
[controller_server-7] [WARN] [1783332178.653364162] [leo2.controller_server]: Control loop missed its desired rate of 20.0000Hz
[controller_server-1] [INFO] [1783332179.178994462] [leo1.controller_server]: Passing new path to controller.
[controller_server-1] [WARN] [1783332179.462627171] [leo1.controller_server]: Control loop missed its desired rate of 20.0000Hz
[controller_server-7] [INFO] [1783332179.601109410] [leo2.controller_server]: Passing new path to controller.
[controller_server-1] [ERROR] [1783332179.697302978] [transformPoseInTargetFrame]: Extrapolation Error looking up target frame: Lookup would require extrapolation into the future.  Requested time 375.234000 but the latest data is at time 375.232000, when looking up transform from frame [map] to frame [leo1/base_link]
[controller_server-1] 
[controller_server-1] [WARN] [1783332179.698492035] [leo1.controller_server]: Control loop missed its desired rate of 20.0000Hz
[controller_server-7] [ERROR] [1783332179.763848074] [transformPoseInTargetFrame]: Extrapolation Error looking up target frame: Lookup would require extrapolation into the future.  Requested time 375.286000 but the latest data is at time 375.253000, when looking up transform from frame [map] to frame [leo2/base_link]
[controller_server-7] 
[controller_server-7] [WARN] [1783332179.764682642] [leo2.controller_server]: Control loop missed its desired rate of 20.0000Hz
[controller_server-1] [INFO] [1783332180.213365628] [leo1.controller_server]: Passing new path to controller.
[controller_server-1] [WARN] [1783332180.305051163] [leo1.controller_server]: Control loop missed its desired rate of 20.0000Hz
[controller_server-1] [ERROR] [1783332180.560701689] [transformPoseInTargetFrame]: Extrapolation Error looking up target frame: Lookup would require extrapolation into the future.  Requested time 375.856000 but the latest data is at time 375.832000, when looking up transform from frame [map] to frame [leo1/base_link]
[controller_server-1] 
[controller_server-1] [WARN] [1783332180.561624879] [leo1.controller_server]: Control loop missed its desired rate of 20.0000Hz
[controller_server-7] [INFO] [1783332180.688096308] [leo2.controller_server]: Passing new path to controller.
[controller_server-1] [INFO] [1783332181.280464039] [leo1.controller_server]: Passing new path to controller.
[controller_server-1] [ERROR] [1783332181.466715715] [transformPoseInTargetFrame]: Extrapolation Error looking up target frame: Lookup would require extrapolation into the future.  Requested time 376.448000 but the latest data is at time 376.432000, when looking up transform from frame [map] to frame [leo1/base_link]
[controller_server-1] 
[controller_server-1] [WARN] [1783332181.468127718] [leo1.controller_server]: Control loop missed its desired rate of 20.0000Hz
[bt_navigator-10] [INFO] [1783332181.619523185] [leo2.bt_navigator]: Received goal preemption request
[bt_navigator-10] [INFO] [1783332181.620655955] [leo2.bt_navigator]: Begin navigating from current location (-0.57, 0.42) to (-0.09, 4.77)
[controller_server-7] [INFO] [1783332181.714774398] [leo2.controller_server]: Passing new path to controller.
[controller_server-7] [ERROR] [1783332181.857176490] [transformPoseInTargetFrame]: Extrapolation Error looking up target frame: Lookup would require extrapolation into the future.  Requested time 376.700000 but the latest data is at time 376.653000, when looking up transform from frame [map] to frame [leo2/base_link]
[controller_server-7] 
[controller_server-7] [WARN] [1783332181.858089460] [leo2.controller_server]: Control loop missed its desired rate of 20.0000Hz
[controller_server-1] [INFO] [1783332182.292186908] [leo1.controller_server]: Passing new path to controller.
[controller_server-1] [WARN] [1783332182.414511519] [leo1.controller_server]: Control loop missed its desired rate of 20.0000Hz
[controller_server-1] [WARN] [1783332182.426508791] [leo1.controller_server]: Control loop missed its desired rate of 20.0000Hz
[controller_server-1] [WARN] [1783332182.701944929] [leo1.controller_server]: Control loop missed its desired rate of 20.0000Hz
[controller_server-7] [INFO] [1783332182.730015836] [leo2.controller_server]: Passing new path to controller.
[controller_server-1] [WARN] [1783332182.997813518] [leo1.controller_server]: Control loop missed its desired rate of 20.0000Hz
[controller_server-7] [ERROR] [1783332183.030166012] [transformPoseInTargetFrame]: Extrapolation Error looking up target frame: Lookup would require extrapolation into the future.  Requested time 377.500000 but the latest data is at time 377.493000, when looking up transform from frame [map] to frame [leo2/base_link]
[controller_server-7] 
[controller_server-7] [WARN] [1783332183.031312624] [leo2.controller_server]: Control loop missed its desired rate of 20.0000Hz
[controller_server-1] [WARN] [1783332183.283119207] [leo1.controller_server]: Control loop missed its desired rate of 20.0000Hz
[controller_server-1] [INFO] [1783332183.345821630] [leo1.controller_server]: Passing new path to controller.
[controller_server-1] [WARN] [1783332183.599209114] [leo1.controller_server]: Control loop missed its desired rate of 20.0000Hz
[controller_server-7] [INFO] [1783332183.750257355] [leo2.controller_server]: Passing new path to controller.
[controller_server-7] [ERROR] [1783332183.953187573] [transformPoseInTargetFrame]: Extrapolation Error looking up target frame: Lookup would require extrapolation into the future.  Requested time 378.100000 but the latest data is at time 378.093000, when looking up transform from frame [map] to frame [leo2/base_link]
[controller_server-7] 
[controller_server-7] [WARN] [1783332183.954171324] [leo2.controller_server]: Control loop missed its desired rate of 20.0000Hz
[controller_server-1] [INFO] [1783332184.349292557] [leo1.controller_server]: Passing new path to controller.
[controller_server-7] [INFO] [1783332184.823814424] [leo2.controller_server]: Passing new path to controller.
[controller_server-7] [WARN] [1783332184.935943182] [leo2.controller_server]: Control loop missed its desired rate of 20.0000Hz
[controller_server-7] [WARN] [1783332184.956369169] [leo2.controller_server]: Control loop missed its desired rate of 20.0000Hz
[controller_server-7] [WARN] [1783332185.246275203] [leo2.controller_server]: Control loop missed its desired rate of 20.0000Hz
[controller_server-1] [INFO] [1783332185.398689242] [leo1.controller_server]: Passing new path to controller.
[controller_server-1] [WARN] [1783332185.542749603] [leo1.controller_server]: Control loop missed its desired rate of 20.0000Hz
[controller_server-7] [ERROR] [1783332185.564085929] [transformPoseInTargetFrame]: Extrapolation Error looking up target frame: Lookup would require extrapolation into the future.  Requested time 379.100000 but the latest data is at time 379.093000, when looking up transform from frame [map] to frame [leo2/base_link]
[controller_server-7] 
[controller_server-7] [WARN] [1783332185.565170116] [leo2.controller_server]: Control loop missed its desired rate of 20.0000Hz
[controller_server-7] [INFO] [1783332185.822244543] [leo2.controller_server]: Passing new path to controller.
[controller_server-7] [ERROR] [1783332186.207742532] [transformPoseInTargetFrame]: Extrapolation Error looking up target frame: Lookup would require extrapolation into the future.  Requested time 379.500000 but the latest data is at time 379.493000, when looking up transform from frame [map] to frame [leo2/base_link]
[controller_server-7] 
[controller_server-7] [WARN] [1783332186.209647351] [leo2.controller_server]: Control loop missed its desired rate of 20.0000Hz
[controller_server-1] [INFO] [1783332186.415305229] [leo1.controller_server]: Passing new path to controller.
[controller_server-1] [WARN] [1783332186.508456449] [leo1.controller_server]: Control loop missed its desired rate of 20.0000Hz
[controller_server-7] [INFO] [1783332186.879964972] [leo2.controller_server]: Passing new path to controller.
[controller_server-7] [WARN] [1783332187.214155326] [leo2.controller_server]: Control loop missed its desired rate of 20.0000Hz
[controller_server-1] [INFO] [1783332187.442821637] [leo1.controller_server]: Passing new path to controller.
[controller_server-1] [WARN] [1783332187.515596607] [leo1.controller_server]: Control loop missed its desired rate of 20.0000Hz
[controller_server-7] [WARN] [1783332187.560352315] [leo2.controller_server]: Control loop missed its desired rate of 20.0000Hz
[controller_server-7] [ERROR] [1783332187.907971668] [transformPoseInTargetFrame]: Extrapolation Error looking up target frame: Lookup would require extrapolation into the future.  Requested time 380.500000 but the latest data is at time 380.493000, when looking up transform from frame [map] to frame [leo2/base_link]
[controller_server-7] 
[controller_server-7] [WARN] [1783332187.909671322] [leo2.controller_server]: Control loop missed its desired rate of 20.0000Hz
[controller_server-7] [INFO] [1783332187.909709637] [leo2.controller_server]: Passing new path to controller.
[controller_server-7] [WARN] [1783332188.227202527] [leo2.controller_server]: Control loop missed its desired rate of 20.0000Hz
[controller_server-1] [INFO] [1783332188.492850755] [leo1.controller_server]: Passing new path to controller.
[controller_server-7] [WARN] [1783332188.524467022] [leo2.controller_server]: Control loop missed its desired rate of 20.0000Hz
[controller_server-7] [ERROR] [1783332188.822844212] [transformPoseInTargetFrame]: Extrapolation Error looking up target frame: Lookup would require extrapolation into the future.  Requested time 381.100000 but the latest data is at time 381.093000, when looking up transform from frame [map] to frame [leo2/base_link]
[controller_server-7] 
[controller_server-7] [WARN] [1783332188.823867090] [leo2.controller_server]: Control loop missed its desired rate of 20.0000Hz
[controller_server-7] [INFO] [1783332188.928171966] [leo2.controller_server]: Passing new path to controller.
[controller_server-7] [ERROR] [1783332189.122407216] [transformPoseInTargetFrame]: Extrapolation Error looking up target frame: Lookup would require extrapolation into the future.  Requested time 381.300000 but the latest data is at time 381.293000, when looking up transform from frame [map] to frame [leo2/base_link]
[controller_server-7] 
[controller_server-7] [WARN] [1783332189.123257493] [leo2.controller_server]: Control loop missed its desired rate of 20.0000Hz
[controller_server-7] [WARN] [1783332189.123964667] [leo2.controller_server]: Control loop missed its desired rate of 20.0000Hz
[controller_server-1] [INFO] [1783332189.492844262] [leo1.controller_server]: Passing new path to controller.
[controller_server-7] [INFO] [1783332189.973973318] [leo2.controller_server]: Passing new path to controller.
[controller_server-7] [WARN] [1783332190.096340022] [leo2.controller_server]: Control loop missed its desired rate of 20.0000Hz
[controller_server-7] [WARN] [1783332190.400134068] [leo2.controller_server]: Control loop missed its desired rate of 20.0000Hz
[controller_server-1] [INFO] [1783332190.542814720] [leo1.controller_server]: Passing new path to controller.
[controller_server-1] [WARN] [1783332190.686574958] [leo1.controller_server]: Control loop missed its desired rate of 20.0000Hz
[controller_server-7] [WARN] [1783332190.726877447] [leo2.controller_server]: Control loop missed its desired rate of 20.0000Hz
[controller_server-7] [WARN] [1783332191.031747263] [leo2.controller_server]: Control loop missed its desired rate of 20.0000Hz
[controller_server-7] [INFO] [1783332191.031831492] [leo2.controller_server]: Passing new path to controller.
[controller_server-1] [INFO] [1783332191.560363183] [leo1.controller_server]: Passing new path to controller.
[controller_server-7] [INFO] [1783332192.014438342] [leo2.controller_server]: Passing new path to controller.
[controller_server-1] [INFO] [1783332192.586677741] [leo1.controller_server]: Passing new path to controller.
[controller_server-7] [INFO] [1783332193.031842223] [leo2.controller_server]: Passing new path to controller.
[controller_server-1] [INFO] [1783332193.636704862] [leo1.controller_server]: Passing new path to controller.
[controller_server-1] [WARN] [1783332193.862032847] [leo1.controller_server]: Control loop missed its desired rate of 20.0000Hz
[controller_server-7] [INFO] [1783332194.081881126] [leo2.controller_server]: Passing new path to controller.
[controller_server-7] [WARN] [1783332194.316631109] [leo2.controller_server]: Control loop missed its desired rate of 20.0000Hz
[controller_server-1] [INFO] [1783332194.643540332] [leo1.controller_server]: Passing new path to controller.
[planner_server-8] [ERROR] [1783332195.085156361] [leo2.planner_server]: Failed to create a plan from potential when a legal potential was found. This shouldn't happen.
[planner_server-8] [WARN] [1783332195.085253684] [leo2.planner_server]: GridBased: failed to create plan with tolerance 0.50.
[planner_server-8] [WARN] [1783332195.085271340] [leo2.planner_server]: Planning algorithm GridBased failed to generate a valid path to (-0.09, 4.77)
[planner_server-8] [WARN] [1783332195.085284423] [leo2.planner_server]: [compute_path_to_pose] [ActionServer] Aborting handle.
[planner_server-8] [INFO] [1783332195.098893006] [leo2.global_costmap.global_costmap]: Received request to clear entirely the global_costmap
[controller_server-7] [INFO] [1783332195.190803153] [leo2.controller_server]: Passing new path to controller.
[controller_server-7] [ERROR] [1783332195.342987867] [transformPoseInTargetFrame]: Extrapolation Error looking up target frame: Lookup would require extrapolation into the future.  Requested time 385.100000 but the latest data is at time 385.093000, when looking up transform from frame [map] to frame [leo2/base_link]
[controller_server-7] 
[controller_server-7] [WARN] [1783332195.343719914] [leo2.controller_server]: Control loop missed its desired rate of 20.0000Hz
[controller_server-1] [INFO] [1783332195.662129474] [leo1.controller_server]: Passing new path to controller.
[controller_server-7] [INFO] [1783332196.211056251] [leo2.controller_server]: Passing new path to controller.
[controller_server-7] [ERROR] [1783332196.393842721] [transformPoseInTargetFrame]: Extrapolation Error looking up target frame: Lookup would require extrapolation into the future.  Requested time 385.700000 but the latest data is at time 385.693000, when looking up transform from frame [map] to frame [leo2/base_link]
[controller_server-7] 
[controller_server-7] [WARN] [1783332196.395421055] [leo2.controller_server]: Control loop missed its desired rate of 20.0000Hz
[controller_server-1] [INFO] [1783332196.712131372] [leo1.controller_server]: Passing new path to controller.
[controller_server-7] [INFO] [1783332197.264699334] [leo2.controller_server]: Passing new path to controller.
[controller_server-7] [ERROR] [1783332197.427128538] [transformPoseInTargetFrame]: Extrapolation Error looking up target frame: Lookup would require extrapolation into the future.  Requested time 386.300000 but the latest data is at time 386.293000, when looking up transform from frame [map] to frame [leo2/base_link]
[controller_server-7] 
[controller_server-7] [WARN] [1783332197.428074337] [leo2.controller_server]: Control loop missed its desired rate of 20.0000Hz
[controller_server-1] [INFO] [1783332197.762161421] [leo1.controller_server]: Passing new path to controller.
[controller_server-7] [INFO] [1783332198.298460349] [leo2.controller_server]: Passing new path to controller.
[controller_server-7] [ERROR] [1783332198.440561467] [transformPoseInTargetFrame]: Extrapolation Error looking up target frame: Lookup would require extrapolation into the future.  Requested time 386.900000 but the latest data is at time 386.893000, when looking up transform from frame [map] to frame [leo2/base_link]
[controller_server-7] 
[controller_server-7] [WARN] [1783332198.441591049] [leo2.controller_server]: Control loop missed its desired rate of 20.0000Hz
[controller_server-1] [INFO] [1783332198.762142153] [leo1.controller_server]: Passing new path to controller.
[controller_server-7] [INFO] [1783332199.311213391] [leo2.controller_server]: Passing new path to controller.
[controller_server-7] [WARN] [1783332199.433516982] [leo2.controller_server]: Control loop missed its desired rate of 20.0000Hz
[controller_server-7] [WARN] [1783332199.456473545] [leo2.controller_server]: Control loop missed its desired rate of 20.0000Hz
[controller_server-7] [ERROR] [1783332199.723947555] [transformPoseInTargetFrame]: Extrapolation Error looking up target frame: Lookup would require extrapolation into the future.  Requested time 387.700000 but the latest data is at time 387.693000, when looking up transform from frame [map] to frame [leo2/base_link]
[controller_server-7] 
[controller_server-7] [WARN] [1783332199.725287062] [leo2.controller_server]: Control loop missed its desired rate of 20.0000Hz
[controller_server-1] [INFO] [1783332199.812175408] [leo1.controller_server]: Passing new path to controller.
[controller_server-1] [WARN] [1783332199.976183783] [leo1.controller_server]: Control loop missed its desired rate of 20.0000Hz
[controller_server-7] [INFO] [1783332200.340196351] [leo2.controller_server]: Passing new path to controller.
[controller_server-7] [ERROR] [1783332200.667813057] [transformPoseInTargetFrame]: Extrapolation Error looking up target frame: Lookup would require extrapolation into the future.  Requested time 388.289000 but the latest data is at time 388.273000, when looking up transform from frame [map] to frame [leo2/base_link]
[controller_server-7] 
[controller_server-7] [WARN] [1783332200.669105142] [leo2.controller_server]: Control loop missed its desired rate of 20.0000Hz
[controller_server-1] [INFO] [1783332200.849514383] [leo1.controller_server]: Passing new path to controller.
[controller_server-1] [WARN] [1783332200.942595063] [leo1.controller_server]: Control loop missed its desired rate of 20.0000Hz
[controller_server-7] [INFO] [1783332201.388261299] [leo2.controller_server]: Passing new path to controller.
[controller_server-7] [ERROR] [1783332201.571026151] [transformPoseInTargetFrame]: Extrapolation Error looking up target frame: Lookup would require extrapolation into the future.  Requested time 388.881000 but the latest data is at time 388.873000, when looking up transform from frame [map] to frame [leo2/base_link]
[controller_server-7] 
[controller_server-7] [WARN] [1783332201.571889705] [leo2.controller_server]: Control loop missed its desired rate of 20.0000Hz
[controller_server-1] [INFO] [1783332201.876252448] [leo1.controller_server]: Passing new path to controller.
[controller_server-7] [INFO] [1783332202.393178523] [leo2.controller_server]: Passing new path to controller.
[controller_server-7] [ERROR] [1783332202.545530667] [transformPoseInTargetFrame]: Extrapolation Error looking up target frame: Lookup would require extrapolation into the future.  Requested time 389.500000 but the latest data is at time 389.493000, when looking up transform from frame [map] to frame [leo2/base_link]
[controller_server-7] 
[controller_server-7] [WARN] [1783332202.546677407] [leo2.controller_server]: Control loop missed its desired rate of 20.0000Hz
[controller_server-1] [INFO] [1783332202.876279736] [leo1.controller_server]: Passing new path to controller.
[controller_server-1] [ERROR] [1783332203.059083875] [transformPoseInTargetFrame]: Extrapolation Error looking up target frame: Lookup would require extrapolation into the future.  Requested time 389.834000 but the latest data is at time 389.832000, when looking up transform from frame [map] to frame [leo1/base_link]
[controller_server-1] 
[controller_server-1] [WARN] [1783332203.062112900] [leo1.controller_server]: Control loop missed its desired rate of 20.0000Hz
[controller_server-7] [INFO] [1783332203.467130287] [leo2.controller_server]: Passing new path to controller.
[controller_server-7] [ERROR] [1783332203.710237991] [transformPoseInTargetFrame]: Extrapolation Error looking up target frame: Lookup would require extrapolation into the future.  Requested time 390.275000 but the latest data is at time 390.273000, when looking up transform from frame [map] to frame [leo2/base_link]
[controller_server-7] 
[controller_server-7] [WARN] [1783332203.711403043] [leo2.controller_server]: Control loop missed its desired rate of 20.0000Hz
[controller_server-1] [INFO] [1783332203.930984559] [leo1.controller_server]: Passing new path to controller.
[controller_server-7] [INFO] [1783332204.485286470] [leo2.controller_server]: Passing new path to controller.
[controller_server-7] [WARN] [1783332204.637839157] [leo2.controller_server]: Control loop missed its desired rate of 20.0000Hz
[planner_server-2] [INFO] [1783332204.902233107] [leo1.global_costmap.global_costmap]: StaticLayer: Resizing costmap to 478 X 319 at 0.050000 m/pix
[planner_server-8] [INFO] [1783332204.950652710] [leo2.global_costmap.global_costmap]: StaticLayer: Resizing costmap to 478 X 319 at 0.050000 m/pix
[controller_server-1] [INFO] [1783332204.962216522] [leo1.controller_server]: Passing new path to controller.
[controller_server-7] [WARN] [1783332204.963742560] [leo2.controller_server]: Control loop missed its desired rate of 20.0000Hz
[controller_server-7] [WARN] [1783332205.269850497] [leo2.controller_server]: Control loop missed its desired rate of 20.0000Hz
[controller_server-7] [WARN] [1783332205.576272750] [leo2.controller_server]: Control loop missed its desired rate of 20.0000Hz
[controller_server-7] [INFO] [1783332205.576332344] [leo2.controller_server]: Passing new path to controller.
[controller_server-1] [INFO] [1783332205.962221286] [leo1.controller_server]: Passing new path to controller.
[controller_server-1] [ERROR] [1783332206.155324210] [transformPoseInTargetFrame]: Extrapolation Error looking up target frame: Lookup would require extrapolation into the future.  Requested time 391.851000 but the latest data is at time 391.832000, when looking up transform from frame [map] to frame [leo1/base_link]
[controller_server-1] 
[controller_server-1] [WARN] [1783332206.156196802] [leo1.controller_server]: Control loop missed its desired rate of 20.0000Hz
[bt_navigator-4] [INFO] [1783332206.512791392] [leo1.bt_navigator]: Received goal preemption request
[bt_navigator-4] [INFO] [1783332206.513226792] [leo1.bt_navigator]: Begin navigating from current location (-7.73, 0.67) to (-10.13, 6.86)
[bt_navigator-10] [INFO] [1783332206.518985512] [leo2.bt_navigator]: Received goal preemption request
[bt_navigator-10] [INFO] [1783332206.520583004] [leo2.bt_navigator]: Begin navigating from current location (-0.81, 0.45) to (1.02, 2.26)
[controller_server-7] [INFO] [1783332206.570436124] [leo2.controller_server]: Passing new path to controller.
[controller_server-1] [INFO] [1783332207.030084155] [leo1.controller_server]: Passing new path to controller.
[controller_server-1] [WARN] [1783332207.152234717] [leo1.controller_server]: Control loop missed its desired rate of 20.0000Hz
[controller_server-1] [WARN] [1783332207.172666088] [leo1.controller_server]: Control loop missed its desired rate of 20.0000Hz
[controller_server-1] [ERROR] [1783332207.458839593] [transformPoseInTargetFrame]: Extrapolation Error looking up target frame: Lookup would require extrapolation into the future.  Requested time 392.653000 but the latest data is at time 392.652000, when looking up transform from frame [map] to frame [leo1/base_link]
[controller_server-1] 
[controller_server-1] [WARN] [1783332207.459917749] [leo1.controller_server]: Control loop missed its desired rate of 20.0000Hz
[controller_server-7] [INFO] [1783332207.576364175] [leo2.controller_server]: Passing new path to controller.
[controller_server-1] [INFO] [1783332208.025179094] [leo1.controller_server]: Passing new path to controller.
[controller_server-1] [WARN] [1783332208.421956402] [leo1.controller_server]: Control loop missed its desired rate of 20.0000Hz
[controller_server-7] [INFO] [1783332208.626363173] [leo2.controller_server]: Passing new path to controller.
[controller_server-1] [WARN] [1783332208.758093612] [leo1.controller_server]: Control loop missed its desired rate of 20.0000Hz
[controller_server-7] [ERROR] [1783332208.789318507] [transformPoseInTargetFrame]: Extrapolation Error looking up target frame: Lookup would require extrapolation into the future.  Requested time 393.500000 but the latest data is at time 393.493000, when looking up transform from frame [map] to frame [leo2/base_link]
[controller_server-7] 
[controller_server-7] [WARN] [1783332208.790185892] [leo2.controller_server]: Control loop missed its desired rate of 20.0000Hz
[controller_server-1] [WARN] [1783332209.083841701] [leo1.controller_server]: Control loop missed its desired rate of 20.0000Hz
[controller_server-1] [INFO] [1783332209.083897755] [leo1.controller_server]: Passing new path to controller.
[controller_server-1] [WARN] [1783332209.398978489] [leo1.controller_server]: Control loop missed its desired rate of 20.0000Hz
[controller_server-7] [INFO] [1783332209.660368879] [leo2.controller_server]: Passing new path to controller.
[controller_server-1] [WARN] [1783332209.724737491] [leo1.controller_server]: Control loop missed its desired rate of 20.0000Hz
[controller_server-7] [WARN] [1783332209.763601344] [leo2.controller_server]: Control loop missed its desired rate of 20.0000Hz
[controller_server-1] [WARN] [1783332210.030224633] [leo1.controller_server]: Control loop missed its desired rate of 20.0000Hz
[controller_server-1] [INFO] [1783332210.094106162] [leo1.controller_server]: Passing new path to controller.
[controller_server-1] [WARN] [1783332210.347465419] [leo1.controller_server]: Control loop missed its desired rate of 20.0000Hz
[controller_server-1] [WARN] [1783332210.663581788] [leo1.controller_server]: Control loop missed its desired rate of 20.0000Hz
[controller_server-7] [INFO] [1783332210.690287346] [leo2.controller_server]: Passing new path to controller.
[controller_server-1] [WARN] [1783332210.980714848] [leo1.controller_server]: Control loop missed its desired rate of 20.0000Hz
[controller_server-1] [INFO] [1783332211.122041985] [leo1.controller_server]: Passing new path to controller.
[controller_server-1] [WARN] [1783332211.305028576] [leo1.controller_server]: Control loop missed its desired rate of 20.0000Hz
[controller_server-1] [WARN] [1783332211.592282906] [leo1.controller_server]: Control loop missed its desired rate of 20.0000Hz
[controller_server-7] [INFO] [1783332211.740507683] [leo2.controller_server]: Passing new path to controller.
[controller_server-1] [WARN] [1783332211.919879630] [leo1.controller_server]: Control loop missed its desired rate of 20.0000Hz
[controller_server-1] [WARN] [1783332212.225199405] [leo1.controller_server]: Control loop missed its desired rate of 20.0000Hz
[controller_server-1] [INFO] [1783332212.225620773] [leo1.controller_server]: Passing new path to controller.
[controller_server-1] [ERROR] [1783332212.490877272] [transformPoseInTargetFrame]: Extrapolation Error looking up target frame: Lookup would require extrapolation into the future.  Requested time 395.842000 but the latest data is at time 395.832000, when looking up transform from frame [map] to frame [leo1/base_link]
[controller_server-1] 
[controller_server-1] [WARN] [1783332212.493069603] [leo1.controller_server]: Control loop missed its desired rate of 20.0000Hz
[controller_server-7] [INFO] [1783332212.740272833] [leo2.controller_server]: Passing new path to controller.
[controller_server-7] [WARN] [1783332212.874269482] [leo2.controller_server]: Control loop missed its desired rate of 20.0000Hz
[controller_server-1] [INFO] [1783332213.175202046] [leo1.controller_server]: Passing new path to controller.
[controller_server-1] [WARN] [1783332213.416067318] [leo1.controller_server]: Control loop missed its desired rate of 20.0000Hz
[controller_server-1] [ERROR] [1783332213.681809105] [transformPoseInTargetFrame]: Extrapolation Error looking up target frame: Lookup would require extrapolation into the future.  Requested time 396.640000 but the latest data is at time 396.632000, when looking up transform from frame [map] to frame [leo1/base_link]
[controller_server-1] 
[controller_server-1] [WARN] [1783332213.684749934] [leo1.controller_server]: Control loop missed its desired rate of 20.0000Hz
[controller_server-7] [INFO] [1783332213.796968722] [leo2.controller_server]: Passing new path to controller.
[controller_server-1] [INFO] [1783332214.208008909] [leo1.controller_server]: Passing new path to controller.
[controller_server-1] [WARN] [1783332214.321758469] [leo1.controller_server]: Control loop missed its desired rate of 20.0000Hz
[controller_server-7] [INFO] [1783332214.822738926] [leo2.controller_server]: Passing new path to controller.
[controller_server-7] [WARN] [1783332214.935611628] [leo2.controller_server]: Control loop missed its desired rate of 20.0000Hz
[controller_server-1] [INFO] [1783332215.233180596] [leo1.controller_server]: Passing new path to controller.
[controller_server-7] [INFO] [1783332215.856955985] [leo2.controller_server]: Passing new path to controller.
[controller_server-1] [INFO] [1783332216.283220659] [leo1.controller_server]: Passing new path to controller.
[controller_server-1] [WARN] [1783332216.356550732] [leo1.controller_server]: Control loop missed its desired rate of 20.0000Hz
[controller_server-7] [INFO] [1783332216.885718984] [leo2.controller_server]: Passing new path to controller.
[controller_server-7] [ERROR] [1783332217.038848995] [transformPoseInTargetFrame]: Extrapolation Error looking up target frame: Lookup would require extrapolation into the future.  Requested time 398.900000 but the latest data is at time 398.853000, when looking up transform from frame [map] to frame [leo2/base_link]
[controller_server-7] 
[controller_server-7] [WARN] [1783332217.039746441] [leo2.controller_server]: Control loop missed its desired rate of 20.0000Hz
[controller_server-1] [INFO] [1783332217.283210333] [leo1.controller_server]: Passing new path to controller.
[controller_server-7] [INFO] [1783332217.911470926] [leo2.controller_server]: Passing new path to controller.
[controller_server-1] [INFO] [1783332218.333181941] [leo1.controller_server]: Passing new path to controller.
[controller_server-1] [ERROR] [1783332218.526569171] [transformPoseInTargetFrame]: Extrapolation Error looking up target frame: Lookup would require extrapolation into the future.  Requested time 399.853000 but the latest data is at time 399.832000, when looking up transform from frame [map] to frame [leo1/base_link]
[controller_server-1] 
[controller_server-1] [WARN] [1783332218.527508845] [leo1.controller_server]: Control loop missed its desired rate of 20.0000Hz
[controller_server-7] [INFO] [1783332218.939838975] [leo2.controller_server]: Passing new path to controller.
[planner_server-2] [ERROR] [1783332219.313218761] [leo1.planner_server]: Failed to create a plan from potential when a legal potential was found. This shouldn't happen.
[planner_server-2] [WARN] [1783332219.313300534] [leo1.planner_server]: GridBased: failed to create plan with tolerance 0.50.
[planner_server-2] [WARN] [1783332219.313311331] [leo1.planner_server]: Planning algorithm GridBased failed to generate a valid path to (-10.13, 6.86)
[planner_server-2] [WARN] [1783332219.313321352] [leo1.planner_server]: [compute_path_to_pose] [ActionServer] Aborting handle.
[planner_server-2] [INFO] [1783332219.331257944] [leo1.global_costmap.global_costmap]: Received request to clear entirely the global_costmap
[controller_server-1] [INFO] [1783332219.556319389] [leo1.controller_server]: Passing new path to controller.
[controller_server-7] [INFO] [1783332219.939835045] [leo2.controller_server]: Passing new path to controller.
[controller_server-7] [ERROR] [1783332220.102393517] [transformPoseInTargetFrame]: Extrapolation Error looking up target frame: Lookup would require extrapolation into the future.  Requested time 400.894000 but the latest data is at time 400.853000, when looking up transform from frame [map] to frame [leo2/base_link]
[controller_server-7] 
[controller_server-7] [WARN] [1783332220.103259581] [leo2.controller_server]: Control loop missed its desired rate of 20.0000Hz
[controller_server-1] [INFO] [1783332220.577589357] [leo1.controller_server]: Passing new path to controller.
[controller_server-1] [WARN] [1783332220.639758361] [leo1.controller_server]: Control loop missed its desired rate of 20.0000Hz
[controller_server-7] [INFO] [1783332220.974703134] [leo2.controller_server]: Passing new path to controller.
[controller_server-1] [INFO] [1783332221.627611348] [leo1.controller_server]: Passing new path to controller.
[controller_server-1] [ERROR] [1783332221.831381157] [transformPoseInTargetFrame]: Extrapolation Error looking up target frame: Lookup would require extrapolation into the future.  Requested time 402.051000 but the latest data is at time 402.032000, when looking up transform from frame [map] to frame [leo1/base_link]
[controller_server-1] 
[controller_server-1] [WARN] [1783332221.835250661] [leo1.controller_server]: Control loop missed its desired rate of 20.0000Hz
[controller_server-7] [INFO] [1783332222.003361250] [leo2.controller_server]: Passing new path to controller.
[controller_server-7] [ERROR] [1783332222.166356435] [transformPoseInTargetFrame]: Extrapolation Error looking up target frame: Lookup would require extrapolation into the future.  Requested time 402.294000 but the latest data is at time 402.253000, when looking up transform from frame [map] to frame [leo2/base_link]
[controller_server-7] 
[controller_server-7] [WARN] [1783332222.167480482] [leo2.controller_server]: Control loop missed its desired rate of 20.0000Hz
[controller_server-1] [INFO] [1783332222.656753610] [leo1.controller_server]: Passing new path to controller.
[controller_server-7] [INFO] [1783332223.038762181] [leo2.controller_server]: Passing new path to controller.
[controller_server-1] [INFO] [1783332223.685335432] [leo1.controller_server]: Passing new path to controller.
[controller_server-1] [WARN] [1783332223.849855784] [leo1.controller_server]: Control loop missed its desired rate of 20.0000Hz
[controller_server-7] [INFO] [1783332224.067614564] [leo2.controller_server]: Passing new path to controller.
[controller_server-7] [WARN] [1783332224.170346015] [leo2.controller_server]: Control loop missed its desired rate of 20.0000Hz
[controller_server-1] [INFO] [1783332224.673108682] [leo1.controller_server]: Passing new path to controller.
[controller_server-7] [INFO] [1783332225.091847553] [leo2.controller_server]: Passing new path to controller.
[controller_server-1] [INFO] [1783332225.749943504] [leo1.controller_server]: Passing new path to controller.
[controller_server-1] [ERROR] [1783332225.922902580] [transformPoseInTargetFrame]: Extrapolation Error looking up target frame: Lookup would require extrapolation into the future.  Requested time 404.844000 but the latest data is at time 404.832000, when looking up transform from frame [map] to frame [leo1/base_link]
[controller_server-1] 
[controller_server-1] [WARN] [1783332225.923839221] [leo1.controller_server]: Control loop missed its desired rate of 20.0000Hz
[controller_server-7] [INFO] [1783332226.120437578] [leo2.controller_server]: Passing new path to controller.
[controller_server-7] [WARN] [1783332226.284568104] [leo2.controller_server]: Control loop missed its desired rate of 20.0000Hz
[controller_server-1] [INFO] [1783332226.748826739] [leo1.controller_server]: Passing new path to controller.
[controller_server-1] [WARN] [1783332226.832035755] [leo1.controller_server]: Control loop missed its desired rate of 20.0000Hz
[controller_server-7] [INFO] [1783332227.169510666] [leo2.controller_server]: Passing new path to controller.
[controller_server-1] [INFO] [1783332227.773976979] [leo1.controller_server]: Passing new path to controller.
[controller_server-7] [INFO] [1783332228.184675887] [leo2.controller_server]: Passing new path to controller.
[controller_server-7] [ERROR] [1783332228.357495662] [transformPoseInTargetFrame]: Extrapolation Error looking up target frame: Lookup would require extrapolation into the future.  Requested time 406.483000 but the latest data is at time 406.453000, when looking up transform from frame [map] to frame [leo2/base_link]
[controller_server-7] 
[controller_server-7] [WARN] [1783332228.359577853] [leo2.controller_server]: Control loop missed its desired rate of 20.0000Hz
[controller_server-1] [INFO] [1783332228.824020625] [leo1.controller_server]: Passing new path to controller.
[controller_server-1] [WARN] [1783332228.927331035] [leo1.controller_server]: Control loop missed its desired rate of 20.0000Hz
[controller_server-7] [INFO] [1783332229.251202403] [leo2.controller_server]: Passing new path to controller.
[controller_server-1] [INFO] [1783332229.851660707] [leo1.controller_server]: Passing new path to controller.
[controller_server-7] [INFO] [1783332230.259669305] [leo2.controller_server]: Passing new path to controller.
[controller_server-7] [ERROR] [1783332230.422273440] [transformPoseInTargetFrame]: Extrapolation Error looking up target frame: Lookup would require extrapolation into the future.  Requested time 407.890000 but the latest data is at time 407.853000, when looking up transform from frame [map] to frame [leo2/base_link]
[controller_server-7] 
[controller_server-7] [WARN] [1783332230.423878118] [leo2.controller_server]: Control loop missed its desired rate of 20.0000Hz
[controller_server-1] [INFO] [1783332230.877426560] [leo1.controller_server]: Passing new path to controller.
[controller_server-1] [WARN] [1783332231.000289523] [leo1.controller_server]: Control loop missed its desired rate of 20.0000Hz
[controller_server-7] [INFO] [1783332231.312668947] [leo2.controller_server]: Passing new path to controller.
[controller_server-1] [INFO] [1783332231.923971845] [leo1.controller_server]: Passing new path to controller.
[controller_server-7] [INFO] [1783332232.323991634] [leo2.controller_server]: Passing new path to controller.
[controller_server-7] [ERROR] [1783332232.496947611] [transformPoseInTargetFrame]: Extrapolation Error looking up target frame: Lookup would require extrapolation into the future.  Requested time 409.293000 but the latest data is at time 409.273000, when looking up transform from frame [map] to frame [leo2/base_link]
[controller_server-7] 
[controller_server-7] [WARN] [1783332232.498622408] [leo2.controller_server]: Control loop missed its desired rate of 20.0000Hz
[controller_server-1] [INFO] [1783332232.950378260] [leo1.controller_server]: Passing new path to controller.
[controller_server-1] [WARN] [1783332233.053257280] [leo1.controller_server]: Control loop missed its desired rate of 20.0000Hz
[controller_server-7] [INFO] [1783332233.332917705] [leo2.controller_server]: Passing new path to controller.
[controller_server-1] [INFO] [1783332233.977603835] [leo1.controller_server]: Passing new path to controller.
[controller_server-7] [INFO] [1783332234.398784911] [leo2.controller_server]: Passing new path to controller.
[controller_server-7] [ERROR] [1783332234.561501182] [transformPoseInTargetFrame]: Extrapolation Error looking up target frame: Lookup would require extrapolation into the future.  Requested time 410.700000 but the latest data is at time 410.653000, when looking up transform from frame [map] to frame [leo2/base_link]
[controller_server-7] 
[controller_server-7] [WARN] [1783332234.563248191] [leo2.controller_server]: Control loop missed its desired rate of 20.0000Hz
[controller_server-1] [INFO] [1783332235.003405617] [leo1.controller_server]: Passing new path to controller.
[controller_server-1] [WARN] [1783332235.115898600] [leo1.controller_server]: Control loop missed its desired rate of 20.0000Hz
[controller_server-7] [INFO] [1783332235.397668092] [leo2.controller_server]: Passing new path to controller.
[planner_server-2] [ERROR] [1783332235.983377230] [leo1.planner_server]: Failed to create a plan from potential when a legal potential was found. This shouldn't happen.
[planner_server-2] [WARN] [1783332235.983469369] [leo1.planner_server]: GridBased: failed to create plan with tolerance 0.50.
[planner_server-2] [WARN] [1783332235.983483364] [leo1.planner_server]: Planning algorithm GridBased failed to generate a valid path to (-10.13, 6.86)
[planner_server-2] [WARN] [1783332235.983492584] [leo1.planner_server]: [compute_path_to_pose] [ActionServer] Aborting handle.
[planner_server-2] [INFO] [1783332236.001322672] [leo1.global_costmap.global_costmap]: Received request to clear entirely the global_costmap
[controller_server-1] [INFO] [1783332236.138273348] [leo1.controller_server]: Passing new path to controller.
[controller_server-1] [WARN] [1783332236.302199647] [leo1.controller_server]: Control loop missed its desired rate of 20.0000Hz
[controller_server-7] [INFO] [1783332236.463358997] [leo2.controller_server]: Passing new path to controller.
[controller_server-7] [ERROR] [1783332236.636787755] [transformPoseInTargetFrame]: Extrapolation Error looking up target frame: Lookup would require extrapolation into the future.  Requested time 412.097000 but the latest data is at time 412.053000, when looking up transform from frame [map] to frame [leo2/base_link]
[controller_server-7] 
[controller_server-7] [WARN] [1783332236.639721730] [leo2.controller_server]: Control loop missed its desired rate of 20.0000Hz
[controller_server-1] [INFO] [1783332237.170970603] [leo1.controller_server]: Passing new path to controller.
[controller_server-7] [INFO] [1783332237.480166631] [leo2.controller_server]: Passing new path to controller.
[controller_server-1] [INFO] [1783332238.202328701] [leo1.controller_server]: Passing new path to controller.
[controller_server-1] [ERROR] [1783332238.416095701] [transformPoseInTargetFrame]: Extrapolation Error looking up target frame: Lookup would require extrapolation into the future.  Requested time 413.248000 but the latest data is at time 413.232000, when looking up transform from frame [map] to frame [leo1/base_link]
[controller_server-1] 
[controller_server-1] [WARN] [1783332238.417260587] [leo1.controller_server]: Control loop missed its desired rate of 20.0000Hz
[controller_server-7] [INFO] [1783332238.489810512] [leo2.controller_server]: Passing new path to controller.
[controller_server-1] [INFO] [1783332239.230180012] [leo1.controller_server]: Passing new path to controller.
[controller_server-7] [INFO] [1783332239.539812665] [leo2.controller_server]: Passing new path to controller.
[controller_server-7] [WARN] [1783332239.633424441] [leo2.controller_server]: Control loop missed its desired rate of 20.0000Hz
[planner_server-2] [ERROR] [1783332240.233716938] [leo1.planner_server]: Failed to create a plan from potential when a legal potential was found. This shouldn't happen.
[planner_server-2] [WARN] [1783332240.233808947] [leo1.planner_server]: GridBased: failed to create plan with tolerance 0.50.
[planner_server-2] [WARN] [1783332240.233820064] [leo1.planner_server]: Planning algorithm GridBased failed to generate a valid path to (-10.13, 6.86)
[planner_server-2] [WARN] [1783332240.233829675] [leo1.planner_server]: [compute_path_to_pose] [ActionServer] Aborting handle.
[planner_server-2] [INFO] [1783332240.251198308] [leo1.global_costmap.global_costmap]: Received request to clear entirely the global_costmap
[planner_server-2] [ERROR] [1783332240.314469036] [leo1.planner_server]: Failed to create a plan from potential when a legal potential was found. This shouldn't happen.
[planner_server-2] [WARN] [1783332240.314542938] [leo1.planner_server]: GridBased: failed to create plan with tolerance 0.50.
[planner_server-2] [WARN] [1783332240.314554330] [leo1.planner_server]: Planning algorithm GridBased failed to generate a valid path to (-10.13, 6.86)
[planner_server-2] [WARN] [1783332240.314564023] [leo1.planner_server]: [compute_path_to_pose] [ActionServer] Aborting handle.
[bt_navigator-4] [ERROR] [1783332240.351987080] [leo1.bt_navigator_navigate_to_pose_rclcpp_node]: Failed to get result for follow_path in node halt!
[behavior_server-3] [INFO] [1783332240.352620609] [leo1.behavior_server]: Running backup
[bt_navigator-4] [WARN] [1783332240.353118858] [BehaviorTreeEngine]: Behavior Tree tick rate 100.00 was exceeded!
[controller_server-1] [INFO] [1783332240.367368136] [leo1.controller_server]: Goal was canceled. Stopping the robot.
[controller_server-1] [INFO] [1783332240.367421641] [leo1.controller_server]: [follow_path] [ActionServer] Client requested to cancel the goal. Cancelling.
[controller_server-7] [INFO] [1783332240.539834376] [leo2.controller_server]: Passing new path to controller.
[controller_server-7] [INFO] [1783332241.589817480] [leo2.controller_server]: Passing new path to controller.
[controller_server-7] [WARN] [1783332241.643297185] [leo2.controller_server]: Control loop missed its desired rate of 20.0000Hz
[controller_server-7] [INFO] [1783332242.639821567] [leo2.controller_server]: Passing new path to controller.
[controller_server-7] [ERROR] [1783332242.823331718] [transformPoseInTargetFrame]: Extrapolation Error looking up target frame: Lookup would require extrapolation into the future.  Requested time 416.277000 but the latest data is at time 416.253000, when looking up transform from frame [map] to frame [leo2/base_link]
[controller_server-7] 
[controller_server-7] [WARN] [1783332242.826214718] [leo2.controller_server]: Control loop missed its desired rate of 20.0000Hz
[controller_server-7] [INFO] [1783332243.671210776] [leo2.controller_server]: Passing new path to controller.
[controller_server-7] [WARN] [1783332243.786965249] [leo2.controller_server]: Control loop missed its desired rate of 20.0000Hz
[controller_server-7] [INFO] [1783332244.676373898] [leo2.controller_server]: Passing new path to controller.
[planner_server-2] [INFO] [1783332244.898814370] [leo1.global_costmap.global_costmap]: StaticLayer: Resizing costmap to 478 X 319 at 0.050000 m/pix
[planner_server-8] [INFO] [1783332244.947247078] [leo2.global_costmap.global_costmap]: StaticLayer: Resizing costmap to 478 X 319 at 0.050000 m/pix
[controller_server-7] [INFO] [1783332245.735302921] [leo2.controller_server]: Passing new path to controller.
[controller_server-7] [ERROR] [1783332245.997310681] [transformPoseInTargetFrame]: Extrapolation Error looking up target frame: Lookup would require extrapolation into the future.  Requested time 418.479000 but the latest data is at time 418.453000, when looking up transform from frame [map] to frame [leo2/base_link]
[controller_server-7] 
[controller_server-7] [WARN] [1783332245.998356769] [leo2.controller_server]: Control loop missed its desired rate of 20.0000Hz
[controller_server-7] [INFO] [1783332246.766329854] [leo2.controller_server]: Passing new path to controller.
[controller_server-7] [ERROR] [1783332247.060318007] [transformPoseInTargetFrame]: Extrapolation Error looking up target frame: Lookup would require extrapolation into the future.  Requested time 419.254000 but the latest data is at time 419.253000, when looking up transform from frame [map] to frame [leo2/base_link]
[controller_server-7] 
[controller_server-7] [WARN] [1783332247.061155863] [leo2.controller_server]: Control loop missed its desired rate of 20.0000Hz
[controller_server-7] [INFO] [1783332247.780405366] [leo2.controller_server]: Passing new path to controller.
[controller_server-7] [ERROR] [1783332247.943267183] [transformPoseInTargetFrame]: Extrapolation Error looking up target frame: Lookup would require extrapolation into the future.  Requested time 419.898000 but the latest data is at time 419.853000, when looking up transform from frame [map] to frame [leo2/base_link]
[controller_server-7] 
[controller_server-7] [WARN] [1783332247.944189969] [leo2.controller_server]: Control loop missed its desired rate of 20.0000Hz
[controller_server-7] [INFO] [1783332248.815976072] [leo2.controller_server]: Passing new path to controller.
[controller_server-7] [ERROR] [1783332249.038793252] [transformPoseInTargetFrame]: Extrapolation Error looking up target frame: Lookup would require extrapolation into the future.  Requested time 420.655000 but the latest data is at time 420.653000, when looking up transform from frame [map] to frame [leo2/base_link]
[controller_server-7] 
[controller_server-7] [WARN] [1783332249.040187698] [leo2.controller_server]: Control loop missed its desired rate of 20.0000Hz
[controller_server-7] [INFO] [1783332249.809621578] [leo2.controller_server]: Passing new path to controller.
[controller_server-7] [ERROR] [1783332249.982448836] [transformPoseInTargetFrame]: Extrapolation Error looking up target frame: Lookup would require extrapolation into the future.  Requested time 421.274000 but the latest data is at time 421.273000, when looking up transform from frame [map] to frame [leo2/base_link]
[controller_server-7] 
[controller_server-7] [WARN] [1783332249.983506178] [leo2.controller_server]: Control loop missed its desired rate of 20.0000Hz
[behavior_server-3] [INFO] [1783332250.251183182] [leo1.behavior_server]: backup completed successfully
[controller_server-1] [INFO] [1783332250.292696155] [leo1.controller_server]: Received a goal, begin computing control effort.
[controller_server-7] [INFO] [1783332250.851295352] [leo2.controller_server]: Passing new path to controller.
[controller_server-7] [ERROR] [1783332251.226217337] [transformPoseInTargetFrame]: Extrapolation Error looking up target frame: Lookup would require extrapolation into the future.  Requested time 422.084000 but the latest data is at time 422.053000, when looking up transform from frame [map] to frame [leo2/base_link]
[controller_server-7] 
[controller_server-7] [WARN] [1783332251.227860404] [leo2.controller_server]: Control loop missed its desired rate of 20.0000Hz
[controller_server-1] [INFO] [1783332251.342939132] [leo1.controller_server]: Passing new path to controller.
[controller_server-1] [WARN] [1783332251.526663647] [leo1.controller_server]: Control loop missed its desired rate of 20.0000Hz
[controller_server-7] [INFO] [1783332251.897643504] [leo2.controller_server]: Passing new path to controller.
[controller_server-7] [ERROR] [1783332252.260518766] [transformPoseInTargetFrame]: Extrapolation Error looking up target frame: Lookup would require extrapolation into the future.  Requested time 422.690000 but the latest data is at time 422.673000, when looking up transform from frame [map] to frame [leo2/base_link]
[controller_server-7] 
[controller_server-7] [WARN] [1783332252.261540811] [leo2.controller_server]: Control loop missed its desired rate of 20.0000Hz
[controller_server-1] [INFO] [1783332252.401797525] [leo1.controller_server]: Passing new path to controller.
[controller_server-1] [WARN] [1783332252.565700321] [leo1.controller_server]: Control loop missed its desired rate of 20.0000Hz
[controller_server-7] [INFO] [1783332252.930389425] [leo2.controller_server]: Passing new path to controller.
[controller_server-7] [ERROR] [1783332253.265343252] [transformPoseInTargetFrame]: Extrapolation Error looking up target frame: Lookup would require extrapolation into the future.  Requested time 423.296000 but the latest data is at time 423.253000, when looking up transform from frame [map] to frame [leo2/base_link]
[controller_server-7] 
[controller_server-7] [WARN] [1783332253.266217376] [leo2.controller_server]: Control loop missed its desired rate of 20.0000Hz
[controller_server-1] [INFO] [1783332253.380194607] [leo1.controller_server]: Passing new path to controller.
[controller_server-1] [WARN] [1783332253.533446084] [leo1.controller_server]: Control loop missed its desired rate of 20.0000Hz
[controller_server-7] [INFO] [1783332253.933743296] [leo2.controller_server]: Passing new path to controller.
[controller_server-7] [ERROR] [1783332254.197536656] [transformPoseInTargetFrame]: Extrapolation Error looking up target frame: Lookup would require extrapolation into the future.  Requested time 423.896000 but the latest data is at time 423.853000, when looking up transform from frame [map] to frame [leo2/base_link]
[controller_server-7] 
[controller_server-7] [WARN] [1783332254.199204739] [leo2.controller_server]: Control loop missed its desired rate of 20.0000Hz
[controller_server-1] [INFO] [1783332254.403702314] [leo1.controller_server]: Passing new path to controller.
[controller_server-7] [INFO] [1783332254.968645048] [leo2.controller_server]: Passing new path to controller.
[controller_server-7] [WARN] [1783332255.142813176] [leo2.controller_server]: Control loop missed its desired rate of 20.0000Hz
[controller_server-1] [INFO] [1783332255.433602226] [leo1.controller_server]: Passing new path to controller.
[controller_server-7] [INFO] [1783332256.014475337] [leo2.controller_server]: Passing new path to controller.
[controller_server-7] [WARN] [1783332256.097961662] [leo2.controller_server]: Control loop missed its desired rate of 20.0000Hz
[controller_server-1] [INFO] [1783332256.483546147] [leo1.controller_server]: Passing new path to controller.
[controller_server-1] [WARN] [1783332256.687127791] [leo1.controller_server]: Control loop missed its desired rate of 20.0000Hz
[controller_server-7] [INFO] [1783332257.042917207] [leo2.controller_server]: Passing new path to controller.
[controller_server-7] [WARN] [1783332257.115880894] [leo2.controller_server]: Control loop missed its desired rate of 20.0000Hz
[controller_server-1] [INFO] [1783332257.507404220] [leo1.controller_server]: Passing new path to controller.
[controller_server-7] [INFO] [1783332258.092934936] [leo2.controller_server]: Passing new path to controller.
[controller_server-7] [WARN] [1783332258.237194821] [leo2.controller_server]: Control loop missed its desired rate of 20.0000Hz
[controller_server-1] [INFO] [1783332258.530628079] [leo1.controller_server]: Passing new path to controller.
[controller_server-7] [INFO] [1783332259.111698093] [leo2.controller_server]: Passing new path to controller.
[controller_server-7] [ERROR] [1783332259.294856502] [transformPoseInTargetFrame]: Extrapolation Error looking up target frame: Lookup would require extrapolation into the future.  Requested time 426.900000 but the latest data is at time 426.893000, when looking up transform from frame [map] to frame [leo2/base_link]
[controller_server-7] 
[controller_server-7] [WARN] [1783332259.295829561] [leo2.controller_server]: Control loop missed its desired rate of 20.0000Hz
[controller_server-1] [INFO] [1783332259.587217024] [leo1.controller_server]: Passing new path to controller.
[controller_server-7] [INFO] [1783332260.117278218] [leo2.controller_server]: Passing new path to controller.
[controller_server-1] [INFO] [1783332260.587228859] [leo1.controller_server]: Passing new path to controller.
[controller_server-1] [WARN] [1783332260.640189259] [leo1.controller_server]: Control loop missed its desired rate of 20.0000Hz
[controller_server-7] [INFO] [1783332261.145924062] [leo2.controller_server]: Passing new path to controller.
[controller_server-1] [INFO] [1783332261.637213376] [leo1.controller_server]: Passing new path to controller.
[controller_server-1] [WARN] [1783332261.688705621] [leo1.controller_server]: Control loop missed its desired rate of 20.0000Hz
[controller_server-7] [INFO] [1783332262.195919976] [leo2.controller_server]: Passing new path to controller.
[controller_server-1] [INFO] [1783332262.687239931] [leo1.controller_server]: Passing new path to controller.
[controller_server-1] [WARN] [1783332262.739070108] [leo1.controller_server]: Control loop missed its desired rate of 20.0000Hz
[controller_server-7] [INFO] [1783332263.245917667] [leo2.controller_server]: Passing new path to controller.
[controller_server-1] [INFO] [1783332263.687226223] [leo1.controller_server]: Passing new path to controller.
[controller_server-1] [WARN] [1783332263.758921956] [leo1.controller_server]: Control loop missed its desired rate of 20.0000Hz
[controller_server-7] [INFO] [1783332264.245947424] [leo2.controller_server]: Passing new path to controller.
[controller_server-1] [INFO] [1783332264.737238552] [leo1.controller_server]: Passing new path to controller.
[controller_server-1] [WARN] [1783332264.849981819] [leo1.controller_server]: Control loop missed its desired rate of 20.0000Hz
[controller_server-7] [INFO] [1783332265.295937414] [leo2.controller_server]: Passing new path to controller.
[controller_server-1] [INFO] [1783332265.763171853] [leo1.controller_server]: Passing new path to controller.
[controller_server-7] [INFO] [1783332266.295953313] [leo2.controller_server]: Passing new path to controller.
[controller_server-1] [INFO] [1783332266.800081753] [leo1.controller_server]: Passing new path to controller.
[controller_server-7] [INFO] [1783332267.345944793] [leo2.controller_server]: Passing new path to controller.
[controller_server-1] [INFO] [1783332267.800086974] [leo1.controller_server]: Passing new path to controller.
[controller_server-7] [INFO] [1783332268.341752681] [leo2.local_costmap.local_costmap]: Received request to clear entirely the local_costmap
[planner_server-8] [INFO] [1783332268.341958179] [leo2.global_costmap.global_costmap]: Received request to clear entirely the global_costmap
[bt_navigator-4] [INFO] [1783332268.391525085] [leo1.bt_navigator]: Received goal preemption request
[bt_navigator-4] [INFO] [1783332268.392581354] [leo1.bt_navigator]: Begin navigating from current location (-10.27, 6.49) to (-10.38, -6.81)
[controller_server-7] [INFO] [1783332268.396074456] [leo2.controller_server]: Passing new path to controller.
[controller_server-7] [WARN] [1783332268.500292677] [leo2.controller_server]: Control loop missed its desired rate of 20.0000Hz
[controller_server-1] [INFO] [1783332268.850076711] [leo1.controller_server]: Passing new path to controller.
[controller_server-1] [WARN] [1783332269.142788600] [leo1.controller_server]: Control loop missed its desired rate of 20.0000Hz
[controller_server-7] [INFO] [1783332269.425439226] [leo2.controller_server]: Passing new path to controller.
[controller_server-1] [WARN] [1783332269.516186390] [leo1.controller_server]: Control loop missed its desired rate of 20.0000Hz
[controller_server-7] [WARN] [1783332269.631083130] [leo2.controller_server]: Control loop missed its desired rate of 20.0000Hz
[controller_server-1] [WARN] [1783332269.908980408] [leo1.controller_server]: Control loop missed its desired rate of 20.0000Hz
[controller_server-1] [INFO] [1783332269.909018288] [leo1.controller_server]: Passing new path to controller.
[controller_server-1] [WARN] [1783332270.282487847] [leo1.controller_server]: Control loop missed its desired rate of 20.0000Hz
[controller_server-7] [INFO] [1783332270.406496130] [leo2.controller_server]: Passing new path to controller.
[controller_server-1] [WARN] [1783332270.635989555] [leo1.controller_server]: Control loop missed its desired rate of 20.0000Hz
[controller_server-1] [WARN] [1783332271.018541692] [leo1.controller_server]: Control loop missed its desired rate of 20.0000Hz
[controller_server-1] [INFO] [1783332271.018634055] [leo1.controller_server]: Passing new path to controller.
[controller_server-1] [WARN] [1783332271.372028426] [leo1.controller_server]: Control loop missed its desired rate of 20.0000Hz
[controller_server-7] [INFO] [1783332271.481175093] [leo2.controller_server]: Passing new path to controller.
[controller_server-1] [WARN] [1783332271.735226244] [leo1.controller_server]: Control loop missed its desired rate of 20.0000Hz
[controller_server-1] [INFO] [1783332271.935320985] [leo1.controller_server]: Passing new path to controller.
[controller_server-1] [WARN] [1783332272.131676453] [leo1.controller_server]: Control loop missed its desired rate of 20.0000Hz
[controller_server-7] [INFO] [1783332272.481174594] [leo2.controller_server]: Passing new path to controller.
[controller_server-1] [WARN] [1783332272.498099629] [leo1.controller_server]: Control loop missed its desired rate of 20.0000Hz
[controller_server-7] [WARN] [1783332272.614838672] [leo2.controller_server]: Control loop missed its desired rate of 20.0000Hz
[controller_server-1] [WARN] [1783332272.861111335] [leo1.controller_server]: Control loop missed its desired rate of 20.0000Hz
[controller_server-1] [INFO] [1783332273.003515213] [leo1.controller_server]: Passing new path to controller.
[controller_server-1] [WARN] [1783332273.227061252] [leo1.controller_server]: Control loop missed its desired rate of 20.0000Hz
[controller_server-7] [INFO] [1783332273.541608508] [leo2.controller_server]: Passing new path to controller.
[controller_server-1] [WARN] [1783332273.580015011] [leo1.controller_server]: Control loop missed its desired rate of 20.0000Hz
[controller_server-7] [ERROR] [1783332273.674004619] [transformPoseInTargetFrame]: Extrapolation Error looking up target frame: Lookup would require extrapolation into the future.  Requested time 434.901000 but the latest data is at time 434.893000, when looking up transform from frame [map] to frame [leo2/base_link]
[controller_server-7] 
[controller_server-7] [WARN] [1783332273.675597594] [leo2.controller_server]: Control loop missed its desired rate of 20.0000Hz
[controller_server-1] [WARN] [1783332273.978987295] [leo1.controller_server]: Control loop missed its desired rate of 20.0000Hz
[controller_server-1] [INFO] [1783332273.979042150] [leo1.controller_server]: Passing new path to controller.
[controller_server-1] [WARN] [1783332274.341530619] [leo1.controller_server]: Control loop missed its desired rate of 20.0000Hz
[controller_server-7] [INFO] [1783332274.551103837] [leo2.controller_server]: Passing new path to controller.
[controller_server-1] [WARN] [1783332274.737948486] [leo1.controller_server]: Control loop missed its desired rate of 20.0000Hz
[planner_server-2] [INFO] [1783332274.897903177] [leo1.global_costmap.global_costmap]: StaticLayer: Resizing costmap to 478 X 318 at 0.050000 m/pix
[planner_server-8] [INFO] [1783332274.946362289] [leo2.global_costmap.global_costmap]: StaticLayer: Resizing costmap to 478 X 318 at 0.050000 m/pix
[controller_server-1] [WARN] [1783332275.109476609] [leo1.controller_server]: Control loop missed its desired rate of 20.0000Hz
[controller_server-1] [INFO] [1783332275.109523481] [leo1.controller_server]: Passing new path to controller.
[controller_server-1] [WARN] [1783332275.512760804] [leo1.controller_server]: Control loop missed its desired rate of 20.0000Hz
[controller_server-7] [INFO] [1783332275.574760157] [leo2.controller_server]: Passing new path to controller.
[controller_server-7] [WARN] [1783332275.636882601] [leo2.controller_server]: Control loop missed its desired rate of 20.0000Hz
[controller_server-1] [WARN] [1783332275.914969972] [leo1.controller_server]: Control loop missed its desired rate of 20.0000Hz
[controller_server-1] [INFO] [1783332276.057787778] [leo1.controller_server]: Passing new path to controller.
[controller_server-1] [WARN] [1783332276.307539110] [leo1.controller_server]: Control loop missed its desired rate of 20.0000Hz
[bt_navigator-10] [INFO] [1783332276.334420536] [leo2.bt_navigator]: Received goal preemption request
[bt_navigator-10] [INFO] [1783332276.335177404] [leo2.bt_navigator]: Begin navigating from current location (2.94, 0.26) to (0.15, 5.68)
[controller_server-7] [INFO] [1783332276.624808222] [leo2.controller_server]: Passing new path to controller.
[controller_server-1] [WARN] [1783332276.719931204] [leo1.controller_server]: Control loop missed its desired rate of 20.0000Hz
[controller_server-7] [ERROR] [1783332276.818045148] [transformPoseInTargetFrame]: Extrapolation Error looking up target frame: Lookup would require extrapolation into the future.  Requested time 436.500000 but the latest data is at time 436.493000, when looking up transform from frame [map] to frame [leo2/base_link]
[controller_server-7] 
[controller_server-7] [WARN] [1783332276.819269864] [leo2.controller_server]: Control loop missed its desired rate of 20.0000Hz
[controller_server-1] [WARN] [1783332277.121954133] [leo1.controller_server]: Control loop missed its desired rate of 20.0000Hz
[controller_server-1] [INFO] [1783332277.122030596] [leo1.controller_server]: Passing new path to controller.
[controller_server-1] [WARN] [1783332277.518642622] [leo1.controller_server]: Control loop missed its desired rate of 20.0000Hz
[controller_server-7] [INFO] [1783332277.646081622] [leo2.controller_server]: Passing new path to controller.
[controller_server-1] [WARN] [1783332277.887253444] [leo1.controller_server]: Control loop missed its desired rate of 20.0000Hz
[controller_server-1] [WARN] [1783332278.269746278] [leo1.controller_server]: Control loop missed its desired rate of 20.0000Hz
[controller_server-1] [INFO] [1783332278.269829974] [leo1.controller_server]: Passing new path to controller.
[controller_server-1] [WARN] [1783332278.632732895] [leo1.controller_server]: Control loop missed its desired rate of 20.0000Hz
[controller_server-7] [INFO] [1783332278.669379951] [leo2.controller_server]: Passing new path to controller.
[controller_server-7] [WARN] [1783332278.752408441] [leo2.controller_server]: Control loop missed its desired rate of 20.0000Hz
[controller_server-1] [WARN] [1783332279.026307176] [leo1.controller_server]: Control loop missed its desired rate of 20.0000Hz
[controller_server-1] [INFO] [1783332279.181945632] [leo1.controller_server]: Passing new path to controller.
[controller_server-1] [WARN] [1783332279.356244342] [leo1.controller_server]: Control loop missed its desired rate of 20.0000Hz
[planner_server-8] [ERROR] [1783332279.656800903] [leo2.planner_server]: Failed to create a plan from potential when a legal potential was found. This shouldn't happen.
[planner_server-8] [WARN] [1783332279.656891420] [leo2.planner_server]: GridBased: failed to create plan with tolerance 0.50.
[planner_server-8] [WARN] [1783332279.656903506] [leo2.planner_server]: Planning algorithm GridBased failed to generate a valid path to (0.15, 5.68)
[planner_server-8] [WARN] [1783332279.656914487] [leo2.planner_server]: [compute_path_to_pose] [ActionServer] Aborting handle.
[planner_server-8] [INFO] [1783332279.674510406] [leo2.global_costmap.global_costmap]: Received request to clear entirely the global_costmap
[planner_server-8] [ERROR] [1783332279.757411866] [leo2.planner_server]: Failed to create a plan from potential when a legal potential was found. This shouldn't happen.
[planner_server-8] [WARN] [1783332279.757495596] [leo2.planner_server]: GridBased: failed to create plan with tolerance 0.50.
[planner_server-8] [WARN] [1783332279.757508764] [leo2.planner_server]: Planning algorithm GridBased failed to generate a valid path to (0.15, 5.68)
[planner_server-8] [WARN] [1783332279.757518339] [leo2.planner_server]: [compute_path_to_pose] [ActionServer] Aborting handle.
[bt_navigator-10] [ERROR] [1783332279.795529011] [leo2.bt_navigator_navigate_to_pose_rclcpp_node]: Failed to get result for follow_path in node halt!
[controller_server-7] [INFO] [1783332279.795729305] [leo2.local_costmap.local_costmap]: Received request to clear entirely the local_costmap
[planner_server-8] [INFO] [1783332279.796117704] [leo2.global_costmap.global_costmap]: Received request to clear entirely the global_costmap
[bt_navigator-10] [WARN] [1783332279.797919004] [BehaviorTreeEngine]: Behavior Tree tick rate 100.00 was exceeded!
[controller_server-7] [INFO] [1783332279.819395758] [leo2.controller_server]: Goal was canceled. Stopping the robot.
[controller_server-7] [INFO] [1783332279.819483284] [leo2.controller_server]: [follow_path] [ActionServer] Client requested to cancel the goal. Cancelling.
[controller_server-7] [INFO] [1783332279.969293247] [leo2.controller_server]: Received a goal, begin computing control effort.
[controller_server-7] [ERROR] [1783332280.131214074] [transformPoseInTargetFrame]: Extrapolation Error looking up target frame: Lookup would require extrapolation into the future.  Requested time 438.300000 but the latest data is at time 438.293000, when looking up transform from frame [map] to frame [leo2/base_link]
[controller_server-7] 
[controller_server-7] [WARN] [1783332280.132645444] [leo2.controller_server]: Control loop missed its desired rate of 20.0000Hz
[controller_server-1] [INFO] [1783332280.185042311] [leo1.controller_server]: Passing new path to controller.
[controller_server-7] [INFO] [1783332281.007065831] [leo2.controller_server]: Passing new path to controller.
[controller_server-7] [ERROR] [1783332281.129196903] [transformPoseInTargetFrame]: Extrapolation Error looking up target frame: Lookup would require extrapolation into the future.  Requested time 438.900000 but the latest data is at time 438.893000, when looking up transform from frame [map] to frame [leo2/base_link]
[controller_server-7] 
[controller_server-7] [WARN] [1783332281.130522085] [leo2.controller_server]: Control loop missed its desired rate of 20.0000Hz
[controller_server-1] [INFO] [1783332281.206355645] [leo1.controller_server]: Passing new path to controller.
[controller_server-1] [WARN] [1783332281.380661731] [leo1.controller_server]: Control loop missed its desired rate of 20.0000Hz
[planner_server-8] [ERROR] [1783332282.014383042] [leo2.planner_server]: Failed to create a plan from potential when a legal potential was found. This shouldn't happen.
[planner_server-8] [WARN] [1783332282.014781097] [leo2.planner_server]: GridBased: failed to create plan with tolerance 0.50.
[planner_server-8] [WARN] [1783332282.014821230] [leo2.planner_server]: Planning algorithm GridBased failed to generate a valid path to (0.15, 5.68)
[planner_server-8] [WARN] [1783332282.014839050] [leo2.planner_server]: [compute_path_to_pose] [ActionServer] Aborting handle.
[planner_server-8] [INFO] [1783332282.028229398] [leo2.global_costmap.global_costmap]: Received request to clear entirely the global_costmap
[planner_server-8] [ERROR] [1783332282.156731078] [leo2.planner_server]: Failed to create a plan from potential when a legal potential was found. This shouldn't happen.
[planner_server-8] [WARN] [1783332282.156872848] [leo2.planner_server]: GridBased: failed to create plan with tolerance 0.50.
[planner_server-8] [WARN] [1783332282.156893386] [leo2.planner_server]: Planning algorithm GridBased failed to generate a valid path to (0.15, 5.68)
[planner_server-8] [WARN] [1783332282.156910897] [leo2.planner_server]: [compute_path_to_pose] [ActionServer] Aborting handle.
[bt_navigator-10] [ERROR] [1783332282.179337728] [leo2.bt_navigator_navigate_to_pose_rclcpp_node]: Failed to get result for follow_path in node halt!
[behavior_server-9] [INFO] [1783332282.179789134] [leo2.behavior_server]: Running spin
[behavior_server-9] [INFO] [1783332282.179944135] [leo2.behavior_server]: Turning 1.57 for spin behavior.
[bt_navigator-10] [WARN] [1783332282.180390385] [BehaviorTreeEngine]: Behavior Tree tick rate 100.00 was exceeded!
[controller_server-7] [INFO] [1783332282.182758883] [leo2.controller_server]: Goal was canceled. Stopping the robot.
[controller_server-7] [INFO] [1783332282.182815217] [leo2.controller_server]: [follow_path] [ActionServer] Client requested to cancel the goal. Cancelling.
[controller_server-1] [INFO] [1783332282.256726572] [leo1.controller_server]: Passing new path to controller.
[controller_server-1] [WARN] [1783332282.389772958] [leo1.controller_server]: Control loop missed its desired rate of 20.0000Hz
[controller_server-1] [INFO] [1783332283.263788740] [leo1.controller_server]: Passing new path to controller.
[controller_server-1] [WARN] [1783332283.407315952] [leo1.controller_server]: Control loop missed its desired rate of 20.0000Hz
[controller_server-1] [INFO] [1783332284.333296977] [leo1.controller_server]: Passing new path to controller.
[planner_server-2] [INFO] [1783332284.897869398] [leo1.global_costmap.global_costmap]: StaticLayer: Resizing costmap to 478 X 319 at 0.050000 m/pix
[planner_server-8] [INFO] [1783332284.946366698] [leo2.global_costmap.global_costmap]: StaticLayer: Resizing costmap to 478 X 319 at 0.050000 m/pix
[behavior_server-9] [INFO] [1783332285.080171307] [leo2.behavior_server]: spin completed successfully
[planner_server-8] [ERROR] [1783332285.104617472] [leo2.planner_server]: Failed to create a plan from potential when a legal potential was found. This shouldn't happen.
[planner_server-8] [WARN] [1783332285.104741248] [leo2.planner_server]: GridBased: failed to create plan with tolerance 0.50.
[planner_server-8] [WARN] [1783332285.104766221] [leo2.planner_server]: Planning algorithm GridBased failed to generate a valid path to (0.15, 5.68)
[planner_server-8] [WARN] [1783332285.104809923] [leo2.planner_server]: [compute_path_to_pose] [ActionServer] Aborting handle.
[planner_server-8] [INFO] [1783332285.120703078] [leo2.global_costmap.global_costmap]: Received request to clear entirely the global_costmap
[planner_server-8] [ERROR] [1783332285.154403636] [leo2.planner_server]: Failed to create a plan from potential when a legal potential was found. This shouldn't happen.
[planner_server-8] [WARN] [1783332285.154501245] [leo2.planner_server]: GridBased: failed to create plan with tolerance 0.50.
[planner_server-8] [WARN] [1783332285.154519187] [leo2.planner_server]: Planning algorithm GridBased failed to generate a valid path to (0.15, 5.68)
[planner_server-8] [WARN] [1783332285.154531034] [leo2.planner_server]: [compute_path_to_pose] [ActionServer] Aborting handle.
[behavior_server-9] [INFO] [1783332285.170949897] [leo2.behavior_server]: Running wait
[controller_server-1] [INFO] [1783332285.357410252] [leo1.controller_server]: Passing new path to controller.
[controller_server-1] [WARN] [1783332285.531480649] [leo1.controller_server]: Control loop missed its desired rate of 20.0000Hz
[controller_server-1] [INFO] [1783332286.353343297] [leo1.controller_server]: Passing new path to controller.
[controller_server-1] [INFO] [1783332287.381589034] [leo1.controller_server]: Passing new path to controller.
[controller_server-1] [WARN] [1783332287.546107055] [leo1.controller_server]: Control loop missed its desired rate of 20.0000Hz
[controller_server-1] [INFO] [1783332288.422724277] [leo1.controller_server]: Passing new path to controller.
[controller_server-1] [INFO] [1783332289.446201567] [leo1.controller_server]: Passing new path to controller.
[controller_server-1] [WARN] [1783332289.579488005] [leo1.controller_server]: Control loop missed its desired rate of 20.0000Hz
[controller_server-1] [INFO] [1783332290.499493773] [leo1.controller_server]: Passing new path to controller.
[controller_server-1] [INFO] [1783332291.529603019] [leo1.controller_server]: Passing new path to controller.
[controller_server-1] [WARN] [1783332291.633172260] [leo1.controller_server]: Control loop missed its desired rate of 20.0000Hz
[controller_server-1] [INFO] [1783332292.558668138] [leo1.controller_server]: Passing new path to controller.
[behavior_server-9] [INFO] [1783332292.571234701] [leo2.behavior_server]: wait completed successfully
[planner_server-8] [ERROR] [1783332292.603601627] [leo2.planner_server]: Failed to create a plan from potential when a legal potential was found. This shouldn't happen.
[planner_server-8] [WARN] [1783332292.603688998] [leo2.planner_server]: GridBased: failed to create plan with tolerance 0.50.
[planner_server-8] [WARN] [1783332292.603699920] [leo2.planner_server]: Planning algorithm GridBased failed to generate a valid path to (0.15, 5.68)
[planner_server-8] [WARN] [1783332292.603708247] [leo2.planner_server]: [compute_path_to_pose] [ActionServer] Aborting handle.
[planner_server-8] [INFO] [1783332292.620712208] [leo2.global_costmap.global_costmap]: Received request to clear entirely the global_costmap
[planner_server-8] [ERROR] [1783332292.753974027] [leo2.planner_server]: Failed to create a plan from potential when a legal potential was found. This shouldn't happen.
[planner_server-8] [WARN] [1783332292.754062839] [leo2.planner_server]: GridBased: failed to create plan with tolerance 0.50.
[planner_server-8] [WARN] [1783332292.754073521] [leo2.planner_server]: Planning algorithm GridBased failed to generate a valid path to (0.15, 5.68)
[planner_server-8] [WARN] [1783332292.754082808] [leo2.planner_server]: [compute_path_to_pose] [ActionServer] Aborting handle.
[behavior_server-9] [INFO] [1783332292.771040037] [leo2.behavior_server]: Running backup
[controller_server-1] [INFO] [1783332293.583275809] [leo1.controller_server]: Passing new path to controller.
[controller_server-1] [WARN] [1783332293.778720693] [leo1.controller_server]: Control loop missed its desired rate of 20.0000Hz
[controller_server-1] [INFO] [1783332294.601379788] [leo1.controller_server]: Passing new path to controller.
[controller_server-1] [WARN] [1783332294.684366461] [leo1.controller_server]: Control loop missed its desired rate of 20.0000Hz
[bt_navigator-10] [INFO] [1783332295.030654744] [leo2.bt_navigator]: Received goal preemption request
[bt_navigator-10] [INFO] [1783332295.031868337] [leo2.bt_navigator]: Begin navigating from current location (2.30, 0.45) to (0.97, 2.34)
[controller_server-1] [INFO] [1783332295.628814851] [leo1.controller_server]: Passing new path to controller.
[controller_server-1] [INFO] [1783332296.678817837] [leo1.controller_server]: Passing new path to controller.
[controller_server-1] [WARN] [1783332296.802413492] [leo1.controller_server]: Control loop missed its desired rate of 20.0000Hz
[controller_server-1] [INFO] [1783332297.674671532] [leo1.controller_server]: Passing new path to controller.
[controller_server-1] [INFO] [1783332298.702510114] [leo1.controller_server]: Passing new path to controller.
[controller_server-1] [WARN] [1783332298.886693671] [leo1.controller_server]: Control loop missed its desired rate of 20.0000Hz
[controller_server-1] [INFO] [1783332299.758429001] [leo1.controller_server]: Passing new path to controller.
[controller_server-1] [INFO] [1783332300.786848529] [leo1.controller_server]: Passing new path to controller.
[controller_server-1] [ERROR] [1783332300.993243535] [transformPoseInTargetFrame]: Extrapolation Error looking up target frame: Lookup would require extrapolation into the future.  Requested time 452.062000 but the latest data is at time 452.052000, when looking up transform from frame [map] to frame [leo1/base_link]
[controller_server-1] 
[controller_server-1] [WARN] [1783332300.994891635] [leo1.controller_server]: Control loop missed its desired rate of 20.0000Hz
[controller_server-1] [INFO] [1783332301.816548979] [leo1.controller_server]: Passing new path to controller.
[controller_server-1] [WARN] [1783332301.939936826] [leo1.controller_server]: Control loop missed its desired rate of 20.0000Hz
[behavior_server-9] [INFO] [1783332302.071343177] [leo2.behavior_server]: backup completed successfully
[controller_server-7] [INFO] [1783332302.121415201] [leo2.controller_server]: Received a goal, begin computing control effort.
[controller_server-7] [ERROR] [1783332302.273488770] [transformPoseInTargetFrame]: Extrapolation Error looking up target frame: Lookup would require extrapolation into the future.  Requested time 452.900000 but the latest data is at time 452.873000, when looking up transform from frame [map] to frame [leo2/base_link]
[controller_server-7] 
[controller_server-7] [WARN] [1783332302.274933492] [leo2.controller_server]: Control loop missed its desired rate of 20.0000Hz
[controller_server-1] [INFO] [1783332302.844964733] [leo1.controller_server]: Passing new path to controller.
[controller_server-7] [INFO] [1783332303.196023003] [leo2.controller_server]: Passing new path to controller.
[controller_server-7] [ERROR] [1783332303.507305974] [transformPoseInTargetFrame]: Extrapolation Error looking up target frame: Lookup would require extrapolation into the future.  Requested time 453.698000 but the latest data is at time 453.693000, when looking up transform from frame [map] to frame [leo2/base_link]
[controller_server-7] 
[controller_server-7] [WARN] [1783332303.508113268] [leo2.controller_server]: Control loop missed its desired rate of 20.0000Hz
[controller_server-1] [INFO] [1783332303.894970969] [leo1.controller_server]: Passing new path to controller.
[controller_server-1] [WARN] [1783332304.089791623] [leo1.controller_server]: Control loop missed its desired rate of 20.0000Hz
[controller_server-7] [INFO] [1783332304.223728187] [leo2.controller_server]: Passing new path to controller.
[controller_server-7] [ERROR] [1783332304.416724602] [transformPoseInTargetFrame]: Extrapolation Error looking up target frame: Lookup would require extrapolation into the future.  Requested time 454.281000 but the latest data is at time 454.273000, when looking up transform from frame [map] to frame [leo2/base_link]
[controller_server-7] 
[controller_server-7] [WARN] [1783332304.417458425] [leo2.controller_server]: Control loop missed its desired rate of 20.0000Hz
[controller_server-1] [INFO] [1783332304.909431424] [leo1.controller_server]: Passing new path to controller.
[controller_server-1] [WARN] [1783332305.002603505] [leo1.controller_server]: Control loop missed its desired rate of 20.0000Hz
[controller_server-7] [INFO] [1783332305.232769464] [leo2.controller_server]: Passing new path to controller.
[controller_server-7] [WARN] [1783332305.345801330] [leo2.controller_server]: Control loop missed its desired rate of 20.0000Hz
[controller_server-1] [INFO] [1783332305.938719563] [leo1.controller_server]: Passing new path to controller.
[controller_server-7] [INFO] [1783332306.266441141] [leo2.controller_server]: Passing new path to controller.
[controller_server-7] [WARN] [1783332306.390122515] [leo2.controller_server]: Control loop missed its desired rate of 20.0000Hz
[controller_server-1] [INFO] [1783332306.988695242] [leo1.controller_server]: Passing new path to controller.
[controller_server-7] [INFO] [1783332307.308531470] [leo2.controller_server]: Passing new path to controller.
[controller_server-7] [WARN] [1783332307.432307137] [leo2.controller_server]: Control loop missed its desired rate of 20.0000Hz
[controller_server-1] [INFO] [1783332307.988706707] [leo1.controller_server]: Passing new path to controller.
[controller_server-1] [WARN] [1783332308.081856211] [leo1.controller_server]: Control loop missed its desired rate of 20.0000Hz
[controller_server-7] [INFO] [1783332308.340209493] [leo2.controller_server]: Passing new path to controller.
[controller_server-7] [ERROR] [1783332308.492489119] [transformPoseInTargetFrame]: Extrapolation Error looking up target frame: Lookup would require extrapolation into the future.  Requested time 456.700000 but the latest data is at time 456.693000, when looking up transform from frame [map] to frame [leo2/base_link]
[controller_server-7] 
[controller_server-7] [WARN] [1783332308.493409745] [leo2.controller_server]: Control loop missed its desired rate of 20.0000Hz
[controller_server-1] [INFO] [1783332309.038710678] [leo1.controller_server]: Passing new path to controller.
[controller_server-1] [WARN] [1783332309.191792229] [leo1.controller_server]: Control loop missed its desired rate of 20.0000Hz
[controller_server-7] [INFO] [1783332309.360710391] [leo2.controller_server]: Passing new path to controller.
[controller_server-1] [INFO] [1783332310.061611279] [leo1.controller_server]: Passing new path to controller.
[controller_server-7] [INFO] [1783332310.393522732] [leo2.controller_server]: Passing new path to controller.
[controller_server-7] [WARN] [1783332310.445897514] [leo2.controller_server]: Control loop missed its desired rate of 20.0000Hz
[controller_server-1] [INFO] [1783332311.091899880] [leo1.controller_server]: Passing new path to controller.
[planner_server-8] [ERROR] [1783332311.374531342] [leo2.planner_server]: Failed to create a plan from potential when a legal potential was found. This shouldn't happen.
[planner_server-8] [WARN] [1783332311.374613033] [leo2.planner_server]: GridBased: failed to create plan with tolerance 0.50.
[planner_server-8] [WARN] [1783332311.374625143] [leo2.planner_server]: Planning algorithm GridBased failed to generate a valid path to (0.97, 2.34)
[planner_server-8] [WARN] [1783332311.374633678] [leo2.planner_server]: [compute_path_to_pose] [ActionServer] Aborting handle.
[planner_server-8] [INFO] [1783332311.389502116] [leo2.global_costmap.global_costmap]: Received request to clear entirely the global_costmap
[planner_server-8] [ERROR] [1783332311.558124017] [leo2.planner_server]: Failed to create a plan from potential when a legal potential was found. This shouldn't happen.
[planner_server-8] [WARN] [1783332311.558229861] [leo2.planner_server]: GridBased: failed to create plan with tolerance 0.50.
[planner_server-8] [WARN] [1783332311.558245396] [leo2.planner_server]: Planning algorithm GridBased failed to generate a valid path to (0.97, 2.34)
[planner_server-8] [WARN] [1783332311.558256197] [leo2.planner_server]: [compute_path_to_pose] [ActionServer] Aborting handle.
[bt_navigator-10] [ERROR] [1783332311.580514063] [leo2.bt_navigator_navigate_to_pose_rclcpp_node]: Failed to get result for follow_path in node halt!
[controller_server-7] [INFO] [1783332311.580719027] [leo2.local_costmap.local_costmap]: Received request to clear entirely the local_costmap
[planner_server-8] [INFO] [1783332311.581199581] [leo2.global_costmap.global_costmap]: Received request to clear entirely the global_costmap
[bt_navigator-10] [WARN] [1783332311.582463943] [BehaviorTreeEngine]: Behavior Tree tick rate 100.00 was exceeded!
[controller_server-7] [INFO] [1783332311.593523533] [leo2.controller_server]: Goal was canceled. Stopping the robot.
[controller_server-7] [INFO] [1783332311.593573520] [leo2.controller_server]: [follow_path] [ActionServer] Client requested to cancel the goal. Cancelling.
[planner_server-8] [ERROR] [1783332311.760236868] [leo2.planner_server]: Failed to create a plan from potential when a legal potential was found. This shouldn't happen.
[planner_server-8] [WARN] [1783332311.760347940] [leo2.planner_server]: GridBased: failed to create plan with tolerance 0.50.
[planner_server-8] [WARN] [1783332311.760366140] [leo2.planner_server]: Planning algorithm GridBased failed to generate a valid path to (0.97, 2.34)
[planner_server-8] [WARN] [1783332311.760380950] [leo2.planner_server]: [compute_path_to_pose] [ActionServer] Aborting handle.
[planner_server-8] [INFO] [1783332311.762749270] [leo2.global_costmap.global_costmap]: Received request to clear entirely the global_costmap
[planner_server-8] [ERROR] [1783332311.960040113] [leo2.planner_server]: Failed to create a plan from potential when a legal potential was found. This shouldn't happen.
[planner_server-8] [WARN] [1783332311.960155880] [leo2.planner_server]: GridBased: failed to create plan with tolerance 0.50.
[planner_server-8] [WARN] [1783332311.960172293] [leo2.planner_server]: Planning algorithm GridBased failed to generate a valid path to (0.97, 2.34)
[planner_server-8] [WARN] [1783332311.960182907] [leo2.planner_server]: [compute_path_to_pose] [ActionServer] Aborting handle.
[behavior_server-9] [INFO] [1783332311.973138796] [leo2.behavior_server]: Running spin
[behavior_server-9] [INFO] [1783332311.973255619] [leo2.behavior_server]: Turning 1.57 for spin behavior.
[controller_server-1] [INFO] [1783332312.091906819] [leo1.controller_server]: Passing new path to controller.
[controller_server-1] [INFO] [1783332313.141927214] [leo1.controller_server]: Passing new path to controller.
[controller_server-1] [INFO] [1783332314.191894363] [leo1.controller_server]: Passing new path to controller.
[controller_server-1] [WARN] [1783332314.255021868] [leo1.controller_server]: Control loop missed its desired rate of 20.0000Hz
[behavior_server-9] [INFO] [1783332315.073418137] [leo2.behavior_server]: spin completed successfully
[planner_server-8] [ERROR] [1783332315.108574995] [leo2.planner_server]: Failed to create a plan from potential when a legal potential was found. This shouldn't happen.
[planner_server-8] [WARN] [1783332315.108669374] [leo2.planner_server]: GridBased: failed to create plan with tolerance 0.50.
[planner_server-8] [WARN] [1783332315.108683429] [leo2.planner_server]: Planning algorithm GridBased failed to generate a valid path to (0.97, 2.34)
[planner_server-8] [WARN] [1783332315.108692533] [leo2.planner_server]: [compute_path_to_pose] [ActionServer] Aborting handle.
[planner_server-8] [INFO] [1783332315.122741573] [leo2.global_costmap.global_costmap]: Received request to clear entirely the global_costmap
[controller_server-7] [INFO] [1783332315.173333341] [leo2.controller_server]: Received a goal, begin computing control effort.
[controller_server-1] [INFO] [1783332315.191877161] [leo1.controller_server]: Passing new path to controller.
[controller_server-7] [WARN] [1783332315.284919658] [leo2.controller_server]: Control loop missed its desired rate of 20.0000Hz
[controller_server-7] [ERROR] [1783332315.579365119] [transformPoseInTargetFrame]: Extrapolation Error looking up target frame: Lookup would require extrapolation into the future.  Requested time 460.500000 but the latest data is at time 460.493000, when looking up transform from frame [map] to frame [leo2/base_link]
[controller_server-7] 
[controller_server-7] [WARN] [1783332315.580275803] [leo2.controller_server]: Control loop missed its desired rate of 20.0000Hz
[controller_server-1] [INFO] [1783332316.241892058] [leo1.controller_server]: Passing new path to controller.
[controller_server-7] [INFO] [1783332316.244618942] [leo2.controller_server]: Passing new path to controller.
[controller_server-7] [ERROR] [1783332316.508451296] [transformPoseInTargetFrame]: Extrapolation Error looking up target frame: Lookup would require extrapolation into the future.  Requested time 461.075000 but the latest data is at time 461.073000, when looking up transform from frame [map] to frame [leo2/base_link]
[controller_server-7] 
[controller_server-7] [WARN] [1783332316.509270474] [leo2.controller_server]: Control loop missed its desired rate of 20.0000Hz
[controller_server-1] [INFO] [1783332317.241893629] [leo1.controller_server]: Passing new path to controller.
[controller_server-7] [INFO] [1783332317.272929009] [leo2.controller_server]: Passing new path to controller.
[controller_server-1] [WARN] [1783332317.427002195] [leo1.controller_server]: Control loop missed its desired rate of 20.0000Hz
[controller_server-7] [ERROR] [1783332317.475759528] [transformPoseInTargetFrame]: Extrapolation Error looking up target frame: Lookup would require extrapolation into the future.  Requested time 461.700000 but the latest data is at time 461.693000, when looking up transform from frame [map] to frame [leo2/base_link]
[controller_server-7] 
[controller_server-7] [WARN] [1783332317.476677820] [leo2.controller_server]: Control loop missed its desired rate of 20.0000Hz
[controller_server-7] [INFO] [1783332318.296328333] [leo2.controller_server]: Passing new path to controller.
[controller_server-1] [INFO] [1783332318.301670120] [leo1.controller_server]: Passing new path to controller.
[controller_server-7] [WARN] [1783332318.418778388] [leo2.controller_server]: Control loop missed its desired rate of 20.0000Hz
[controller_server-7] [WARN] [1783332318.431324859] [leo2.controller_server]: Control loop missed its desired rate of 20.0000Hz
[controller_server-7] [INFO] [1783332319.326778915] [leo2.controller_server]: Passing new path to controller.
[controller_server-1] [INFO] [1783332319.327082799] [leo1.controller_server]: Passing new path to controller.
[controller_server-7] [WARN] [1783332319.388702934] [leo2.controller_server]: Control loop missed its desired rate of 20.0000Hz
[controller_server-7] [INFO] [1783332320.326760018] [leo2.controller_server]: Passing new path to controller.
[controller_server-1] [INFO] [1783332320.377086599] [leo1.controller_server]: Passing new path to controller.
[controller_server-7] [WARN] [1783332320.388773877] [leo2.controller_server]: Control loop missed its desired rate of 20.0000Hz
[controller_server-7] [INFO] [1783332321.376770086] [leo2.controller_server]: Passing new path to controller.
[controller_server-1] [INFO] [1783332321.377094799] [leo1.controller_server]: Passing new path to controller.
[controller_server-7] [WARN] [1783332321.459183143] [leo2.controller_server]: Control loop missed its desired rate of 20.0000Hz
[controller_server-7] [INFO] [1783332322.426780789] [leo2.controller_server]: Passing new path to controller.
[controller_server-1] [INFO] [1783332322.427095134] [leo1.controller_server]: Passing new path to controller.
[controller_server-7] [WARN] [1783332322.499174977] [leo2.controller_server]: Control loop missed its desired rate of 20.0000Hz
[controller_server-7] [INFO] [1783332323.426775567] [leo2.controller_server]: Passing new path to controller.
[controller_server-1] [INFO] [1783332323.427089087] [leo1.controller_server]: Passing new path to controller.
[controller_server-7] [WARN] [1783332323.488744584] [leo2.controller_server]: Control loop missed its desired rate of 20.0000Hz
[controller_server-7] [INFO] [1783332324.476778963] [leo2.controller_server]: Passing new path to controller.
[controller_server-1] [INFO] [1783332324.477073461] [leo1.controller_server]: Passing new path to controller.
[controller_server-7] [INFO] [1783332325.476807682] [leo2.controller_server]: Passing new path to controller.
[controller_server-1] [INFO] [1783332325.527121010] [leo1.controller_server]: Passing new path to controller.
[controller_server-1] [WARN] [1783332325.741839251] [leo1.controller_server]: Control loop missed its desired rate of 20.0000Hz
[controller_server-1] [INFO] [1783332326.514801838] [leo1.controller_server]: Passing new path to controller.
[controller_server-7] [INFO] [1783332326.526769778] [leo2.controller_server]: Passing new path to controller.
[controller_server-1] [INFO] [1783332327.541941335] [leo1.controller_server]: Passing new path to controller.
[controller_server-7] [INFO] [1783332327.576801555] [leo2.controller_server]: Passing new path to controller.
[controller_server-7] [INFO] [1783332328.576765905] [leo2.controller_server]: Passing new path to controller.
[controller_server-1] [INFO] [1783332328.591936622] [leo1.controller_server]: Passing new path to controller.
[controller_server-7] [WARN] [1783332328.638792382] [leo2.controller_server]: Control loop missed its desired rate of 20.0000Hz
[controller_server-7] [INFO] [1783332329.626798894] [leo2.controller_server]: Passing new path to controller.
[controller_server-1] [INFO] [1783332329.641936690] [leo1.controller_server]: Passing new path to controller.
[controller_server-7] [INFO] [1783332330.626791387] [leo2.controller_server]: Passing new path to controller.
[controller_server-1] [INFO] [1783332330.641945014] [leo1.controller_server]: Passing new path to controller.
[controller_server-1] [ERROR] [1783332330.845333087] [transformPoseInTargetFrame]: Extrapolation Error looking up target frame: Lookup would require extrapolation into the future.  Requested time 469.637000 but the latest data is at time 469.632000, when looking up transform from frame [map] to frame [leo1/base_link]
[controller_server-1] 
[controller_server-1] [WARN] [1783332330.846610442] [leo1.controller_server]: Control loop missed its desired rate of 20.0000Hz
[controller_server-1] [INFO] [1783332331.666047307] [leo1.controller_server]: Passing new path to controller.
[controller_server-7] [INFO] [1783332331.676774835] [leo2.controller_server]: Passing new path to controller.
[controller_server-1] [WARN] [1783332331.851174108] [leo1.controller_server]: Control loop missed its desired rate of 20.0000Hz
[controller_server-7] [ERROR] [1783332331.900383686] [transformPoseInTargetFrame]: Extrapolation Error looking up target frame: Lookup would require extrapolation into the future.  Requested time 470.290000 but the latest data is at time 470.273000, when looking up transform from frame [map] to frame [leo2/base_link]
[controller_server-7] 
[controller_server-7] [WARN] [1783332331.900868767] [leo2.controller_server]: Control loop missed its desired rate of 20.0000Hz
[controller_server-7] [INFO] [1783332332.714915013] [leo2.controller_server]: Passing new path to controller.
[controller_server-1] [INFO] [1783332332.721768988] [leo1.controller_server]: Passing new path to controller.
[controller_server-1] [WARN] [1783332332.824816932] [leo1.controller_server]: Control loop missed its desired rate of 20.0000Hz
[controller_server-7] [WARN] [1783332332.878282821] [leo2.controller_server]: Control loop missed its desired rate of 20.0000Hz
[controller_server-1] [INFO] [1783332333.751271007] [leo1.controller_server]: Passing new path to controller.
[controller_server-7] [INFO] [1783332333.761349139] [leo2.controller_server]: Passing new path to controller.
[controller_server-1] [WARN] [1783332333.844795746] [leo1.controller_server]: Control loop missed its desired rate of 20.0000Hz
[controller_server-7] [WARN] [1783332333.894670266] [leo2.controller_server]: Control loop missed its desired rate of 20.0000Hz
[controller_server-7] [ERROR] [1783332333.948894496] [leo2.controller_server]: RegulatedPurePursuitController detected collision ahead!
[controller_server-7] [WARN] [1783332333.949093525] [leo2.controller_server]: [follow_path] [ActionServer] Aborting handle.
[controller_server-7] [INFO] [1783332333.962778029] [leo2.local_costmap.local_costmap]: Received request to clear entirely the local_costmap
[controller_server-7] [INFO] [1783332333.964289190] [leo2.controller_server]: Received a goal, begin computing control effort.
[controller_server-7] [WARN] [1783332334.018639921] [leo2.controller_server]: Control loop missed its desired rate of 20.0000Hz
[controller_server-1] [INFO] [1783332334.751266867] [leo1.controller_server]: Passing new path to controller.
[controller_server-7] [INFO] [1783332334.764498021] [leo2.controller_server]: Passing new path to controller.
[controller_server-1] [WARN] [1783332334.853615600] [leo1.controller_server]: Control loop missed its desired rate of 20.0000Hz
[planner_server-2] [INFO] [1783332334.895720883] [leo1.global_costmap.global_costmap]: StaticLayer: Resizing costmap to 478 X 319 at 0.050000 m/pix
[controller_server-7] [WARN] [1783332334.907055294] [leo2.controller_server]: Control loop missed its desired rate of 20.0000Hz
[planner_server-8] [INFO] [1783332334.944171727] [leo2.global_costmap.global_costmap]: StaticLayer: Resizing costmap to 478 X 319 at 0.050000 m/pix
[controller_server-7] [INFO] [1783332335.817865207] [leo2.controller_server]: Passing new path to controller.
[controller_server-1] [INFO] [1783332335.828695338] [leo1.controller_server]: Passing new path to controller.
[controller_server-7] [INFO] [1783332336.851178335] [leo2.controller_server]: Passing new path to controller.
[controller_server-1] [INFO] [1783332336.853697147] [leo1.controller_server]: Passing new path to controller.
[controller_server-1] [WARN] [1783332336.926691168] [leo1.controller_server]: Control loop missed its desired rate of 20.0000Hz
[controller_server-7] [WARN] [1783332336.974253245] [leo2.controller_server]: Control loop missed its desired rate of 20.0000Hz
[controller_server-7] [INFO] [1783332337.835543356] [leo2.controller_server]: Passing new path to controller.
[controller_server-1] [INFO] [1783332337.853720614] [leo1.controller_server]: Passing new path to controller.
[controller_server-7] [INFO] [1783332338.874346592] [leo2.controller_server]: Passing new path to controller.
[controller_server-1] [INFO] [1783332338.903702027] [leo1.controller_server]: Passing new path to controller.
[controller_server-1] [INFO] [1783332339.903718927] [leo1.controller_server]: Passing new path to controller.
[controller_server-7] [INFO] [1783332339.924332452] [leo2.controller_server]: Passing new path to controller.
[controller_server-7] [INFO] [1783332340.924305668] [leo2.controller_server]: Passing new path to controller.
[controller_server-1] [INFO] [1783332340.953765121] [leo1.controller_server]: Passing new path to controller.
[controller_server-1] [WARN] [1783332341.117451233] [leo1.controller_server]: Control loop missed its desired rate of 20.0000Hz
[controller_server-7] [INFO] [1783332341.974339748] [leo2.controller_server]: Passing new path to controller.
[controller_server-1] [INFO] [1783332341.995525993] [leo1.controller_server]: Passing new path to controller.
[controller_server-1] [WARN] [1783332342.149420941] [leo1.controller_server]: Control loop missed its desired rate of 20.0000Hz
[controller_server-7] [ERROR] [1783332342.177978511] [transformPoseInTargetFrame]: Extrapolation Error looking up target frame: Lookup would require extrapolation into the future.  Requested time 476.676000 but the latest data is at time 476.653000, when looking up transform from frame [map] to frame [leo2/base_link]
[controller_server-7] 
[controller_server-7] [WARN] [1783332342.178754489] [leo2.controller_server]: Control loop missed its desired rate of 20.0000Hz
[controller_server-7] [INFO] [1783332342.989670151] [leo2.controller_server]: Passing new path to controller.
[controller_server-1] [INFO] [1783332343.021854239] [leo1.controller_server]: Passing new path to controller.
[controller_server-1] [WARN] [1783332343.115125774] [leo1.controller_server]: Control loop missed its desired rate of 20.0000Hz
[controller_server-7] [ERROR] [1783332343.163098666] [transformPoseInTargetFrame]: Extrapolation Error looking up target frame: Lookup would require extrapolation into the future.  Requested time 477.287000 but the latest data is at time 477.253000, when looking up transform from frame [map] to frame [leo2/base_link]
[controller_server-7] 
[controller_server-7] [WARN] [1783332343.164038132] [leo2.controller_server]: Control loop missed its desired rate of 20.0000Hz
[controller_server-7] [INFO] [1783332344.025677935] [leo2.controller_server]: Passing new path to controller.
[controller_server-1] [INFO] [1783332344.049567324] [leo1.controller_server]: Passing new path to controller.
[controller_server-7] [WARN] [1783332344.139070209] [leo2.controller_server]: Control loop missed its desired rate of 20.0000Hz
[controller_server-1] [INFO] [1783332345.049526088] [leo1.controller_server]: Passing new path to controller.
[controller_server-7] [INFO] [1783332345.064194363] [leo2.controller_server]: Passing new path to controller.
[controller_server-7] [INFO] [1783332346.064138995] [leo2.controller_server]: Passing new path to controller.
[controller_server-1] [INFO] [1783332346.099506136] [leo1.controller_server]: Passing new path to controller.
[controller_server-1] [WARN] [1783332346.182305521] [leo1.controller_server]: Control loop missed its desired rate of 20.0000Hz
[controller_server-7] [WARN] [1783332346.227874638] [leo2.controller_server]: Control loop missed its desired rate of 20.0000Hz
[controller_server-7] [INFO] [1783332347.140649213] [leo2.controller_server]: Passing new path to controller.
[controller_server-1] [INFO] [1783332347.149538684] [leo1.controller_server]: Passing new path to controller.
[controller_server-7] [INFO] [1783332348.127964645] [leo2.controller_server]: Passing new path to controller.
[controller_server-1] [INFO] [1783332348.149515151] [leo1.controller_server]: Passing new path to controller.
[controller_server-7] [INFO] [1783332349.178013562] [leo2.controller_server]: Passing new path to controller.
[controller_server-1] [INFO] [1783332349.199520749] [leo1.controller_server]: Passing new path to controller.
[controller_server-1] [WARN] [1783332349.312166574] [leo1.controller_server]: Control loop missed its desired rate of 20.0000Hz
[controller_server-7] [ERROR] [1783332349.350963602] [transformPoseInTargetFrame]: Extrapolation Error looking up target frame: Lookup would require extrapolation into the future.  Requested time 481.290000 but the latest data is at time 481.253000, when looking up transform from frame [map] to frame [leo2/base_link]
[controller_server-7] 
[controller_server-7] [WARN] [1783332349.351615768] [leo2.controller_server]: Control loop missed its desired rate of 20.0000Hz
[controller_server-7] [INFO] [1783332350.213378245] [leo2.controller_server]: Passing new path to controller.
[controller_server-1] [INFO] [1783332350.233451575] [leo1.controller_server]: Passing new path to controller.
[controller_server-7] [INFO] [1783332351.251730022] [leo2.controller_server]: Passing new path to controller.
[controller_server-1] [INFO] [1783332351.262257371] [leo1.controller_server]: Passing new path to controller.
[controller_server-1] [WARN] [1783332351.385022551] [leo1.controller_server]: Control loop missed its desired rate of 20.0000Hz
[controller_server-7] [WARN] [1783332351.426772015] [leo2.controller_server]: Control loop missed its desired rate of 20.0000Hz
[controller_server-7] [INFO] [1783332352.288712197] [leo2.controller_server]: Passing new path to controller.
[controller_server-1] [INFO] [1783332352.308007594] [leo1.controller_server]: Passing new path to controller.
[controller_server-7] [INFO] [1783332353.276856464] [leo2.controller_server]: Passing new path to controller.
[controller_server-1] [INFO] [1783332353.335107800] [leo1.controller_server]: Passing new path to controller.
[controller_server-1] [WARN] [1783332353.519284030] [leo1.controller_server]: Control loop missed its desired rate of 20.0000Hz
[controller_server-7] [INFO] [1783332354.326868907] [leo2.controller_server]: Passing new path to controller.
[controller_server-1] [INFO] [1783332354.341405346] [leo1.controller_server]: Passing new path to controller.
[controller_server-1] [WARN] [1783332354.424333815] [leo1.controller_server]: Control loop missed its desired rate of 20.0000Hz
[controller_server-7] [WARN] [1783332354.469472502] [leo2.controller_server]: Control loop missed its desired rate of 20.0000Hz
[planner_server-2] [INFO] [1783332354.895705377] [leo1.global_costmap.global_costmap]: StaticLayer: Resizing costmap to 478 X 319 at 0.050000 m/pix
[planner_server-8] [INFO] [1783332354.944146935] [leo2.global_costmap.global_costmap]: StaticLayer: Resizing costmap to 478 X 319 at 0.050000 m/pix
[controller_server-1] [INFO] [1783332355.369404379] [leo1.controller_server]: Passing new path to controller.
[controller_server-7] [INFO] [1783332355.381063184] [leo2.controller_server]: Passing new path to controller.
[controller_server-7] [INFO] [1783332356.405611214] [leo2.controller_server]: Passing new path to controller.
[controller_server-1] [INFO] [1783332356.419389866] [leo1.controller_server]: Passing new path to controller.
[controller_server-1] [WARN] [1783332356.564182489] [leo1.controller_server]: Control loop missed its desired rate of 20.0000Hz
[controller_server-7] [ERROR] [1783332356.588774395] [transformPoseInTargetFrame]: Extrapolation Error looking up target frame: Lookup would require extrapolation into the future.  Requested time 486.077000 but the latest data is at time 486.053000, when looking up transform from frame [map] to frame [leo2/base_link]
[controller_server-7] 
[controller_server-7] [WARN] [1783332356.589691171] [leo2.controller_server]: Control loop missed its desired rate of 20.0000Hz
[controller_server-7] [ERROR] [1783332357.351883172] [leo2.controller_server]: Failed to make progress
[controller_server-7] [WARN] [1783332357.352092641] [leo2.controller_server]: [follow_path] [ActionServer] Aborting handle.
[bt_navigator-10] [WARN] [1783332357.381543779] [leo2.bt_navigator]: [navigate_to_pose] [ActionServer] Aborting handle.
[bt_navigator-10] [ERROR] [1783332357.382657559] [leo2.bt_navigator]: Goal failed
[controller_server-1] [INFO] [1783332357.434065001] [leo1.controller_server]: Passing new path to controller.
[controller_server-1] [INFO] [1783332358.464319547] [leo1.controller_server]: Passing new path to controller.
[controller_server-1] [WARN] [1783332358.630914734] [leo1.controller_server]: Control loop missed its desired rate of 20.0000Hz
[controller_server-1] [INFO] [1783332359.502261048] [leo1.controller_server]: Passing new path to controller.
[controller_server-1] [WARN] [1783332359.636988249] [leo1.controller_server]: Control loop missed its desired rate of 20.0000Hz
[bt_navigator-10] [INFO] [1783332359.702207630] [leo2.bt_navigator]: Begin navigating from current location (0.33, 0.83) to (0.17, 1.99)
[controller_server-7] [INFO] [1783332359.724663320] [leo2.controller_server]: Received a goal, begin computing control effort.
[controller_server-1] [INFO] [1783332360.508991553] [leo1.controller_server]: Passing new path to controller.
[controller_server-1] [WARN] [1783332360.703876886] [leo1.controller_server]: Control loop missed its desired rate of 20.0000Hz
[controller_server-7] [INFO] [1783332360.774847363] [leo2.controller_server]: Passing new path to controller.
[controller_server-1] [INFO] [1783332361.579969024] [leo1.controller_server]: Passing new path to controller.
[controller_server-1] [WARN] [1783332361.774430969] [leo1.controller_server]: Control loop missed its desired rate of 20.0000Hz
[controller_server-7] [INFO] [1783332361.824875441] [leo2.controller_server]: Passing new path to controller.
[controller_server-1] [INFO] [1783332362.595088952] [leo1.controller_server]: Passing new path to controller.
[controller_server-1] [WARN] [1783332362.759163609] [leo1.controller_server]: Control loop missed its desired rate of 20.0000Hz
[controller_server-7] [INFO] [1783332362.824896456] [leo2.controller_server]: Passing new path to controller.
[controller_server-1] [INFO] [1783332363.627789200] [leo1.controller_server]: Passing new path to controller.
[controller_server-1] [WARN] [1783332363.761339853] [leo1.controller_server]: Control loop missed its desired rate of 20.0000Hz
[controller_server-7] [INFO] [1783332363.874875232] [leo2.controller_server]: Passing new path to controller.
[controller_server-1] [INFO] [1783332364.629595924] [leo1.controller_server]: Passing new path to controller.
[controller_server-1] [WARN] [1783332364.752858925] [leo1.controller_server]: Control loop missed its desired rate of 20.0000Hz
[controller_server-7] [INFO] [1783332364.873323177] [leo2.controller_server]: Passing new path to controller.
[controller_server-7] [ERROR] [1783332365.066857349] [transformPoseInTargetFrame]: Extrapolation Error looking up target frame: Lookup would require extrapolation into the future.  Requested time 491.256000 but the latest data is at time 491.253000, when looking up transform from frame [map] to frame [leo2/base_link]
[controller_server-7] 
[controller_server-7] [WARN] [1783332365.067602352] [leo2.controller_server]: Control loop missed its desired rate of 20.0000Hz
[controller_server-1] [INFO] [1783332365.659944620] [leo1.controller_server]: Passing new path to controller.
[controller_server-1] [WARN] [1783332365.732874774] [leo1.controller_server]: Control loop missed its desired rate of 20.0000Hz
[controller_server-7] [INFO] [1783332365.928416854] [leo2.controller_server]: Passing new path to controller.
[controller_server-7] [WARN] [1783332366.112214509] [leo2.controller_server]: Control loop missed its desired rate of 20.0000Hz
[planner_server-2] [ERROR] [1783332366.311382255] [leo1.planner_server]: Failed to create a plan from potential when a legal potential was found. This shouldn't happen.
[planner_server-2] [WARN] [1783332366.311466881] [leo1.planner_server]: GridBased: failed to create plan with tolerance 0.50.
[planner_server-2] [WARN] [1783332366.311477838] [leo1.planner_server]: Planning algorithm  failed to generate a valid path to (-7.93, -6.76)
[planner_server-2] [WARN] [1783332366.311485291] [leo1.planner_server]: [compute_path_to_pose] [ActionServer] Aborting handle.
[controller_server-1] [INFO] [1783332366.709940105] [leo1.controller_server]: Passing new path to controller.
[controller_server-7] [INFO] [1783332366.922273354] [leo2.controller_server]: Passing new path to controller.
[controller_server-7] [WARN] [1783332367.075804120] [leo2.controller_server]: Control loop missed its desired rate of 20.0000Hz
[controller_server-1] [INFO] [1783332367.709919222] [leo1.controller_server]: Passing new path to controller.
[controller_server-7] [INFO] [1783332367.987190935] [leo2.controller_server]: Passing new path to controller.
[controller_server-1] [INFO] [1783332368.759912087] [leo1.controller_server]: Passing new path to controller.
[controller_server-7] [INFO] [1783332369.025919081] [leo2.controller_server]: Passing new path to controller.
[controller_server-7] [WARN] [1783332369.077678612] [leo2.controller_server]: Control loop missed its desired rate of 20.0000Hz
[controller_server-1] [INFO] [1783332369.809953898] [leo1.controller_server]: Passing new path to controller.
[controller_server-7] [INFO] [1783332370.025916701] [leo2.controller_server]: Passing new path to controller.
[controller_server-7] [WARN] [1783332370.107892362] [leo2.controller_server]: Control loop missed its desired rate of 20.0000Hz
[controller_server-1] [INFO] [1783332370.809904197] [leo1.controller_server]: Passing new path to controller.
[controller_server-7] [INFO] [1783332371.075919989] [leo2.controller_server]: Passing new path to controller.
[controller_server-7] [WARN] [1783332371.150545944] [leo2.controller_server]: Control loop missed its desired rate of 20.0000Hz
[controller_server-1] [INFO] [1783332371.859936520] [leo1.controller_server]: Passing new path to controller.
[controller_server-7] [INFO] [1783332372.075909889] [leo2.controller_server]: Passing new path to controller.
[controller_server-7] [WARN] [1783332372.179080935] [leo2.controller_server]: Control loop missed its desired rate of 20.0000Hz
[controller_server-1] [INFO] [1783332372.859918503] [leo1.controller_server]: Passing new path to controller.
[planner_server-2] [ERROR] [1783332372.940935774] [leo1.planner_server]: Failed to create a plan from potential when a legal potential was found. This shouldn't happen.
[planner_server-2] [WARN] [1783332372.941014396] [leo1.planner_server]: GridBased: failed to create plan with tolerance 0.50.
[planner_server-2] [WARN] [1783332372.941025312] [leo1.planner_server]: Planning algorithm  failed to generate a valid path to (1.07, 2.29)
[planner_server-2] [WARN] [1783332372.941033269] [leo1.planner_server]: [compute_path_to_pose] [ActionServer] Aborting handle.
[controller_server-1] [WARN] [1783332373.023951297] [leo1.controller_server]: Control loop missed its desired rate of 20.0000Hz
[controller_server-7] [INFO] [1783332373.140301905] [leo2.controller_server]: Passing new path to controller.
[controller_server-1] [INFO] [1783332373.888737218] [leo1.controller_server]: Passing new path to controller.
[controller_server-1] [WARN] [1783332373.974245598] [leo1.controller_server]: Control loop missed its desired rate of 20.0000Hz
[controller_server-7] [INFO] [1783332374.163120420] [leo2.controller_server]: Passing new path to controller.
[controller_server-7] [WARN] [1783332374.336556706] [leo2.controller_server]: Control loop missed its desired rate of 20.0000Hz
[controller_server-1] [INFO] [1783332374.924093625] [leo1.controller_server]: Passing new path to controller.
[controller_server-7] [INFO] [1783332375.195854880] [leo2.controller_server]: Passing new path to controller.
[controller_server-1] [INFO] [1783332375.974086687] [leo1.controller_server]: Passing new path to controller.
[controller_server-1] [WARN] [1783332376.157914817] [leo1.controller_server]: Control loop missed its desired rate of 20.0000Hz
[controller_server-7] [INFO] [1783332376.236651285] [leo2.controller_server]: Passing new path to controller.
[controller_server-1] [INFO] [1783332377.019714364] [leo1.controller_server]: Passing new path to controller.
[controller_server-7] [INFO] [1783332377.236671790] [leo2.controller_server]: Passing new path to controller.
[controller_server-7] [ERROR] [1783332377.420551217] [transformPoseInTargetFrame]: Extrapolation Error looking up target frame: Lookup would require extrapolation into the future.  Requested time 498.871000 but the latest data is at time 498.853000, when looking up transform from frame [map] to frame [leo2/base_link]
[controller_server-7] 
[controller_server-7] [WARN] [1783332377.421007176] [leo2.controller_server]: Control loop missed its desired rate of 20.0000Hz
[controller_server-1] [INFO] [1783332378.008017540] [leo1.controller_server]: Passing new path to controller.
[controller_server-7] [INFO] [1783332378.281212588] [leo2.controller_server]: Passing new path to controller.
[controller_server-1] [INFO] [1783332379.058027686] [leo1.controller_server]: Passing new path to controller.
[bt_navigator-4] [INFO] [1783332379.177035855] [leo1.bt_navigator]: Received goal preemption request
[bt_navigator-4] [INFO] [1783332379.177942143] [leo1.bt_navigator]: Begin navigating from current location (-9.79, -6.14) to (-7.48, -6.01)
[controller_server-1] [WARN] [1783332379.201136631] [leo1.controller_server]: Control loop missed its desired rate of 20.0000Hz
[controller_server-7] [INFO] [1783332379.321120298] [leo2.controller_server]: Passing new path to controller.
[controller_server-1] [INFO] [1783332380.110433259] [leo1.controller_server]: Passing new path to controller.
[controller_server-7] [INFO] [1783332380.321129340] [leo2.controller_server]: Passing new path to controller.
[controller_server-1] [WARN] [1783332380.413335112] [leo1.controller_server]: Control loop missed its desired rate of 20.0000Hz
[controller_server-7] [WARN] [1783332380.443654151] [leo2.controller_server]: Control loop missed its desired rate of 20.0000Hz
[controller_server-1] [WARN] [1783332380.697156002] [leo1.controller_server]: Control loop missed its desired rate of 20.0000Hz
[controller_server-1] [ERROR] [1783332381.002417838] [transformPoseInTargetFrame]: Extrapolation Error looking up target frame: Lookup would require extrapolation into the future.  Requested time 501.253000 but the latest data is at time 501.232000, when looking up transform from frame [map] to frame [leo1/base_link]
[controller_server-1] 
[controller_server-1] [WARN] [1783332381.004181845] [leo1.controller_server]: Control loop missed its desired rate of 20.0000Hz
[controller_server-1] [INFO] [1783332381.105675846] [leo1.controller_server]: Passing new path to controller.
[controller_server-1] [WARN] [1783332381.318965725] [leo1.controller_server]: Control loop missed its desired rate of 20.0000Hz
[controller_server-7] [INFO] [1783332381.353809680] [leo2.controller_server]: Passing new path to controller.
[controller_server-1] [WARN] [1783332381.643781088] [leo1.controller_server]: Control loop missed its desired rate of 20.0000Hz
[controller_server-1] [WARN] [1783332381.979270550] [leo1.controller_server]: Control loop missed its desired rate of 20.0000Hz
[controller_server-1] [WARN] [1783332382.272781386] [leo1.controller_server]: Control loop missed its desired rate of 20.0000Hz
[controller_server-1] [INFO] [1783332382.272830436] [leo1.controller_server]: Passing new path to controller.
[controller_server-7] [INFO] [1783332382.393803810] [leo2.controller_server]: Passing new path to controller.
[controller_server-1] [WARN] [1783332382.585480731] [leo1.controller_server]: Control loop missed its desired rate of 20.0000Hz
[controller_server-1] [WARN] [1783332382.900157070] [leo1.controller_server]: Control loop missed its desired rate of 20.0000Hz
[controller_server-1] [WARN] [1783332383.232877570] [leo1.controller_server]: Control loop missed its desired rate of 20.0000Hz
[controller_server-1] [INFO] [1783332383.232944142] [leo1.controller_server]: Passing new path to controller.
[controller_server-7] [INFO] [1783332383.393782879] [leo2.controller_server]: Passing new path to controller.
[controller_server-1] [WARN] [1783332383.517442707] [leo1.controller_server]: Control loop missed its desired rate of 20.0000Hz
[controller_server-7] [WARN] [1783332383.566883482] [leo2.controller_server]: Control loop missed its desired rate of 20.0000Hz
[controller_server-1] [WARN] [1783332383.832819289] [leo1.controller_server]: Control loop missed its desired rate of 20.0000Hz
[controller_server-7] [ERROR] [1783332383.920367137] [leo2.controller_server]: Failed to make progress
[controller_server-7] [WARN] [1783332383.920480187] [leo2.controller_server]: [follow_path] [ActionServer] Aborting handle.
[controller_server-7] [INFO] [1783332383.920989844] [leo2.local_costmap.local_costmap]: Received request to clear entirely the local_costmap
[controller_server-7] [INFO] [1783332383.922531091] [leo2.controller_server]: Received a goal, begin computing control effort.
[controller_server-1] [WARN] [1783332384.155302579] [leo1.controller_server]: Control loop missed its desired rate of 20.0000Hz
[controller_server-7] [ERROR] [1783332384.165072129] [transformPoseInTargetFrame]: Extrapolation Error looking up target frame: Lookup would require extrapolation into the future.  Requested time 503.269000 but the latest data is at time 503.253000, when looking up transform from frame [map] to frame [leo2/base_link]
[controller_server-7] 
[controller_server-7] [WARN] [1783332384.165915390] [leo2.controller_server]: Control loop missed its desired rate of 20.0000Hz
[controller_server-1] [INFO] [1783332384.225823970] [leo1.controller_server]: Passing new path to controller.
[controller_server-1] [WARN] [1783332384.447424070] [leo1.controller_server]: Control loop missed its desired rate of 20.0000Hz
[controller_server-7] [INFO] [1783332384.469008555] [leo2.controller_server]: Passing new path to controller.
[controller_server-1] [WARN] [1783332384.743848839] [leo1.controller_server]: Control loop missed its desired rate of 20.0000Hz
[controller_server-1] [WARN] [1783332385.061151633] [leo1.controller_server]: Control loop missed its desired rate of 20.0000Hz
[controller_server-1] [WARN] [1783332385.377024702] [leo1.controller_server]: Control loop missed its desired rate of 20.0000Hz
[controller_server-1] [INFO] [1783332385.377074113] [leo1.controller_server]: Passing new path to controller.
[controller_server-7] [INFO] [1783332385.462660915] [leo2.controller_server]: Passing new path to controller.
[controller_server-1] [WARN] [1783332385.679509815] [leo1.controller_server]: Control loop missed its desired rate of 20.0000Hz
[controller_server-1] [INFO] [1783332386.292227061] [leo1.controller_server]: Passing new path to controller.
[controller_server-7] [INFO] [1783332386.516022065] [leo2.controller_server]: Passing new path to controller.
[controller_server-7] [WARN] [1783332386.659271370] [leo2.controller_server]: Control loop missed its desired rate of 20.0000Hz
[controller_server-1] [INFO] [1783332387.279657064] [leo1.controller_server]: Passing new path to controller.
[controller_server-7] [INFO] [1783332387.519390357] [leo2.controller_server]: Passing new path to controller.
[controller_server-7] [WARN] [1783332387.611597821] [leo2.controller_server]: Control loop missed its desired rate of 20.0000Hz
[controller_server-1] [INFO] [1783332388.329615731] [leo1.controller_server]: Passing new path to controller.
[controller_server-1] [WARN] [1783332388.503162956] [leo1.controller_server]: Control loop missed its desired rate of 20.0000Hz
[controller_server-7] [INFO] [1783332388.559387267] [leo2.controller_server]: Passing new path to controller.
[controller_server-1] [INFO] [1783332389.367423430] [leo1.controller_server]: Passing new path to controller.
[controller_server-1] [WARN] [1783332389.470329390] [leo1.controller_server]: Control loop missed its desired rate of 20.0000Hz
[controller_server-7] [INFO] [1783332389.609382307] [leo2.controller_server]: Passing new path to controller.
[controller_server-7] [ERROR] [1783332389.813212326] [transformPoseInTargetFrame]: Extrapolation Error looking up target frame: Lookup would require extrapolation into the future.  Requested time 506.877000 but the latest data is at time 506.873000, when looking up transform from frame [map] to frame [leo2/base_link]
[controller_server-7] 
[controller_server-7] [WARN] [1783332389.813652601] [leo2.controller_server]: Control loop missed its desired rate of 20.0000Hz
[controller_server-1] [INFO] [1783332390.403238973] [leo1.controller_server]: Passing new path to controller.
[controller_server-7] [INFO] [1783332390.623136567] [leo2.controller_server]: Passing new path to controller.
[controller_server-7] [ERROR] [1783332390.805957307] [transformPoseInTargetFrame]: Extrapolation Error looking up target frame: Lookup would require extrapolation into the future.  Requested time 507.500000 but the latest data is at time 507.493000, when looking up transform from frame [map] to frame [leo2/base_link]
[controller_server-7] 
[controller_server-7] [WARN] [1783332390.806605147] [leo2.controller_server]: Control loop missed its desired rate of 20.0000Hz
[controller_server-1] [INFO] [1783332391.403280805] [leo1.controller_server]: Passing new path to controller.
[controller_server-7] [INFO] [1783332391.667086219] [leo2.controller_server]: Passing new path to controller.
[controller_server-7] [WARN] [1783332391.826602523] [leo2.controller_server]: Control loop missed its desired rate of 20.0000Hz
[controller_server-1] [INFO] [1783332392.453256783] [leo1.controller_server]: Passing new path to controller.
[controller_server-7] [INFO] [1783332392.688444890] [leo2.controller_server]: Passing new path to controller.
[controller_server-7] [WARN] [1783332392.821086883] [leo2.controller_server]: Control loop missed its desired rate of 20.0000Hz
[controller_server-1] [INFO] [1783332393.503245232] [leo1.controller_server]: Passing new path to controller.
[controller_server-7] [INFO] [1783332393.726699657] [leo2.controller_server]: Passing new path to controller.
[controller_server-1] [INFO] [1783332394.503258404] [leo1.controller_server]: Passing new path to controller.
[controller_server-1] [WARN] [1783332394.697028363] [leo1.controller_server]: Control loop missed its desired rate of 20.0000Hz
[controller_server-7] [INFO] [1783332394.726706868] [leo2.controller_server]: Passing new path to controller.
[controller_server-1] [INFO] [1783332395.555773243] [leo1.controller_server]: Passing new path to controller.
[controller_server-7] [INFO] [1783332395.775803019] [leo2.controller_server]: Passing new path to controller.
[controller_server-1] [INFO] [1783332396.596220608] [leo1.controller_server]: Passing new path to controller.
[controller_server-1] [WARN] [1783332396.658326053] [leo1.controller_server]: Control loop missed its desired rate of 20.0000Hz
[controller_server-7] [INFO] [1783332396.775817199] [leo2.controller_server]: Passing new path to controller.
[controller_server-1] [INFO] [1783332397.596242250] [leo1.controller_server]: Passing new path to controller.
[controller_server-1] [WARN] [1783332397.749388633] [leo1.controller_server]: Control loop missed its desired rate of 20.0000Hz
[controller_server-7] [INFO] [1783332397.825800646] [leo2.controller_server]: Passing new path to controller.
[controller_server-1] [INFO] [1783332398.607946915] [leo1.controller_server]: Passing new path to controller.
[controller_server-7] [INFO] [1783332398.825816195] [leo2.controller_server]: Passing new path to controller.
[controller_server-1] [WARN] [1783332398.832437248] [leo1.controller_server]: Control loop missed its desired rate of 20.0000Hz
[controller_server-7] [WARN] [1783332398.888767965] [leo2.controller_server]: Control loop missed its desired rate of 20.0000Hz
[controller_server-1] [INFO] [1783332399.645107197] [leo1.controller_server]: Passing new path to controller.
[controller_server-7] [INFO] [1783332399.875830538] [leo2.controller_server]: Passing new path to controller.
[controller_server-7] [WARN] [1783332399.978281889] [leo2.controller_server]: Control loop missed its desired rate of 20.0000Hz
[controller_server-1] [INFO] [1783332400.704194205] [leo1.controller_server]: Passing new path to controller.
[controller_server-7] [INFO] [1783332400.888901248] [leo2.controller_server]: Passing new path to controller.
[controller_server-7] [WARN] [1783332400.991321576] [leo2.controller_server]: Control loop missed its desired rate of 20.0000Hz
[controller_server-1] [INFO] [1783332401.712748738] [leo1.controller_server]: Passing new path to controller.
[controller_server-7] [INFO] [1783332401.928476220] [leo2.controller_server]: Passing new path to controller.
[controller_server-7] [WARN] [1783332402.041319238] [leo2.controller_server]: Control loop missed its desired rate of 20.0000Hz
[controller_server-1] [INFO] [1783332402.368727239] [leo1.controller_server]: Reached the goal!
[bt_navigator-4] [INFO] [1783332402.406734943] [leo1.bt_navigator]: Goal succeeded
[controller_server-7] [INFO] [1783332402.954643403] [leo2.controller_server]: Passing new path to controller.
[controller_server-7] [WARN] [1783332403.078133088] [leo2.controller_server]: Control loop missed its desired rate of 20.0000Hz
[controller_server-7] [INFO] [1783332403.991468570] [leo2.controller_server]: Passing new path to controller.
[controller_server-7] [WARN] [1783332404.114430715] [leo2.controller_server]: Control loop missed its desired rate of 20.0000Hz
[controller_server-7] [INFO] [1783332405.024331209] [leo2.controller_server]: Passing new path to controller.
[bt_navigator-4] [INFO] [1783332405.335023201] [leo1.bt_navigator]: Begin navigating from current location (-7.71, -6.09) to (0.17, 1.99)
[controller_server-1] [INFO] [1783332405.357219414] [leo1.controller_server]: Received a goal, begin computing control effort.
[controller_server-1] [WARN] [1783332405.741071024] [leo1.controller_server]: Control loop missed its desired rate of 20.0000Hz
[controller_server-7] [INFO] [1783332406.064547580] [leo2.controller_server]: Passing new path to controller.
[controller_server-1] [WARN] [1783332406.107456241] [leo1.controller_server]: Control loop missed its desired rate of 20.0000Hz
[controller_server-7] [WARN] [1783332406.146621795] [leo2.controller_server]: Control loop missed its desired rate of 20.0000Hz
[controller_server-1] [WARN] [1783332406.453580840] [leo1.controller_server]: Control loop missed its desired rate of 20.0000Hz
[controller_server-1] [INFO] [1783332406.453635919] [leo1.controller_server]: Passing new path to controller.
[controller_server-1] [WARN] [1783332406.809534715] [leo1.controller_server]: Control loop missed its desired rate of 20.0000Hz
[controller_server-7] [INFO] [1783332407.064532143] [leo2.controller_server]: Passing new path to controller.
[controller_server-1] [WARN] [1783332407.171790940] [leo1.controller_server]: Control loop missed its desired rate of 20.0000Hz
[controller_server-7] [WARN] [1783332407.217583901] [leo2.controller_server]: Control loop missed its desired rate of 20.0000Hz
[controller_server-1] [WARN] [1783332407.535973821] [leo1.controller_server]: Control loop missed its desired rate of 20.0000Hz
[controller_server-1] [INFO] [1783332407.536056193] [leo1.controller_server]: Passing new path to controller.
[controller_server-1] [WARN] [1783332407.886086678] [leo1.controller_server]: Control loop missed its desired rate of 20.0000Hz
[controller_server-7] [INFO] [1783332408.128219458] [leo2.controller_server]: Passing new path to controller.
[controller_server-1] [WARN] [1783332408.221874667] [leo1.controller_server]: Control loop missed its desired rate of 20.0000Hz
[controller_server-7] [ERROR] [1783332408.270748571] [transformPoseInTargetFrame]: Extrapolation Error looking up target frame: Lookup would require extrapolation into the future.  Requested time 517.700000 but the latest data is at time 517.693000, when looking up transform from frame [map] to frame [leo2/base_link]
[controller_server-7] 
[controller_server-7] [WARN] [1783332408.271443228] [leo2.controller_server]: Control loop missed its desired rate of 20.0000Hz
[controller_server-1] [WARN] [1783332408.581429647] [leo1.controller_server]: Control loop missed its desired rate of 20.0000Hz
[controller_server-1] [INFO] [1783332408.581482969] [leo1.controller_server]: Passing new path to controller.
[controller_server-1] [WARN] [1783332408.937467829] [leo1.controller_server]: Control loop missed its desired rate of 20.0000Hz
[controller_server-7] [ERROR] [1783332409.080903423] [leo2.controller_server]: Failed to make progress
[controller_server-7] [WARN] [1783332409.081092476] [leo2.controller_server]: [follow_path] [ActionServer] Aborting handle.
[planner_server-8] [INFO] [1783332409.102188992] [leo2.planner_server]: Goal was canceled. Canceling planning action.
[planner_server-8] [INFO] [1783332409.102300510] [leo2.planner_server]: [compute_path_to_pose] [ActionServer] Client requested to cancel the goal. Cancelling.
[behavior_server-9] [INFO] [1783332409.105917807] [leo2.behavior_server]: Running wait
[controller_server-1] [WARN] [1783332409.275313867] [leo1.controller_server]: Control loop missed its desired rate of 20.0000Hz
[controller_server-1] [WARN] [1783332409.622248793] [leo1.controller_server]: Control loop missed its desired rate of 20.0000Hz
[controller_server-1] [INFO] [1783332409.622310469] [leo1.controller_server]: Passing new path to controller.
[controller_server-1] [WARN] [1783332409.999483425] [leo1.controller_server]: Control loop missed its desired rate of 20.0000Hz
[controller_server-1] [WARN] [1783332410.342293465] [leo1.controller_server]: Control loop missed its desired rate of 20.0000Hz
[controller_server-1] [INFO] [1783332410.533611496] [leo1.controller_server]: Passing new path to controller.
[controller_server-1] [WARN] [1783332410.706669430] [leo1.controller_server]: Control loop missed its desired rate of 20.0000Hz
[controller_server-1] [WARN] [1783332411.029313494] [leo1.controller_server]: Control loop missed its desired rate of 20.0000Hz
[controller_server-1] [WARN] [1783332411.352290865] [leo1.controller_server]: Control loop missed its desired rate of 20.0000Hz
[controller_server-1] [INFO] [1783332411.538393134] [leo1.controller_server]: Passing new path to controller.
[controller_server-1] [WARN] [1783332411.670920674] [leo1.controller_server]: Control loop missed its desired rate of 20.0000Hz
[controller_server-1] [INFO] [1783332412.571012125] [leo1.controller_server]: Passing new path to controller.
[controller_server-1] [WARN] [1783332412.714604452] [leo1.controller_server]: Control loop missed its desired rate of 20.0000Hz
[controller_server-1] [INFO] [1783332413.642189383] [leo1.controller_server]: Passing new path to controller.
[controller_server-1] [INFO] [1783332414.664687783] [leo1.controller_server]: Passing new path to controller.
[controller_server-1] [INFO] [1783332415.664751416] [leo1.controller_server]: Passing new path to controller.
[controller_server-1] [WARN] [1783332415.860144979] [leo1.controller_server]: Control loop missed its desired rate of 20.0000Hz
[controller_server-1] [INFO] [1783332416.733856893] [leo1.controller_server]: Passing new path to controller.
[behavior_server-9] [INFO] [1783332417.306273968] [leo2.behavior_server]: wait completed successfully
[controller_server-7] [INFO] [1783332417.351197386] [leo2.controller_server]: Received a goal, begin computing control effort.
[controller_server-7] [WARN] [1783332417.402230821] [leo2.controller_server]: Control loop missed its desired rate of 20.0000Hz
[controller_server-1] [INFO] [1783332417.760275326] [leo1.controller_server]: Passing new path to controller.
[controller_server-1] [WARN] [1783332417.913769809] [leo1.controller_server]: Control loop missed its desired rate of 20.0000Hz
[controller_server-7] [INFO] [1783332418.401455535] [leo2.controller_server]: Passing new path to controller.
[controller_server-7] [INFO] [1783332418.464874070] [leo2.local_costmap.local_costmap]: Received request to clear entirely the local_costmap
[planner_server-8] [INFO] [1783332418.465030706] [leo2.global_costmap.global_costmap]: Received request to clear entirely the global_costmap
[controller_server-7] [WARN] [1783332418.555754772] [leo2.controller_server]: Control loop missed its desired rate of 20.0000Hz
[controller_server-1] [INFO] [1783332418.787342676] [leo1.controller_server]: Passing new path to controller.
[controller_server-7] [INFO] [1783332419.444729878] [leo2.controller_server]: Passing new path to controller.
[controller_server-1] [INFO] [1783332419.813884190] [leo1.controller_server]: Passing new path to controller.
[controller_server-1] [WARN] [1783332419.977392719] [leo1.controller_server]: Control loop missed its desired rate of 20.0000Hz
[controller_server-7] [INFO] [1783332420.455918712] [leo2.controller_server]: Passing new path to controller.
[controller_server-7] [WARN] [1783332420.619058642] [leo2.controller_server]: Control loop missed its desired rate of 20.0000Hz
[controller_server-1] [INFO] [1783332420.851673558] [leo1.controller_server]: Passing new path to controller.
[controller_server-7] [INFO] [1783332421.479686024] [leo2.controller_server]: Passing new path to controller.
[controller_server-1] [INFO] [1783332421.877502964] [leo1.controller_server]: Passing new path to controller.
[controller_server-7] [INFO] [1783332422.519173595] [leo2.controller_server]: Passing new path to controller.
[controller_server-1] [INFO] [1783332422.877487033] [leo1.controller_server]: Passing new path to controller.
[controller_server-1] [ERROR] [1783332423.050857308] [transformPoseInTargetFrame]: Extrapolation Error looking up target frame: Lookup would require extrapolation into the future.  Requested time 527.065000 but the latest data is at time 527.032000, when looking up transform from frame [map] to frame [leo1/base_link]
[controller_server-1] 
[controller_server-1] [WARN] [1783332423.052248156] [leo1.controller_server]: Control loop missed its desired rate of 20.0000Hz
[controller_server-7] [INFO] [1783332423.569147405] [leo2.controller_server]: Passing new path to controller.
[controller_server-7] [WARN] [1783332423.701940198] [leo2.controller_server]: Control loop missed its desired rate of 20.0000Hz
[controller_server-1] [INFO] [1783332423.922414066] [leo1.controller_server]: Passing new path to controller.
[controller_server-7] [INFO] [1783332424.562273026] [leo2.controller_server]: Passing new path to controller.
[controller_server-1] [INFO] [1783332424.951116218] [leo1.controller_server]: Passing new path to controller.
[controller_server-7] [INFO] [1783332425.600784122] [leo2.controller_server]: Passing new path to controller.
[controller_server-1] [INFO] [1783332426.001112753] [leo1.controller_server]: Passing new path to controller.
[controller_server-1] [WARN] [1783332426.124439442] [leo1.controller_server]: Control loop missed its desired rate of 20.0000Hz
[controller_server-7] [INFO] [1783332426.650801973] [leo2.controller_server]: Passing new path to controller.
[controller_server-7] [WARN] [1783332426.783385137] [leo2.controller_server]: Control loop missed its desired rate of 20.0000Hz
[controller_server-1] [INFO] [1783332426.995906235] [leo1.controller_server]: Passing new path to controller.
[controller_server-7] [INFO] [1783332427.642635084] [leo2.controller_server]: Passing new path to controller.
[controller_server-1] [INFO] [1783332428.024530120] [leo1.controller_server]: Passing new path to controller.
[controller_server-7] [INFO] [1783332428.683471818] [leo2.controller_server]: Passing new path to controller.
[controller_server-1] [INFO] [1783332429.074524801] [leo1.controller_server]: Passing new path to controller.
[controller_server-1] [WARN] [1783332429.237982801] [leo1.controller_server]: Control loop missed its desired rate of 20.0000Hz
[controller_server-7] [INFO] [1783332429.733497144] [leo2.controller_server]: Passing new path to controller.
[controller_server-7] [ERROR] [1783332429.926698400] [transformPoseInTargetFrame]: Extrapolation Error looking up target frame: Lookup would require extrapolation into the future.  Requested time 531.500000 but the latest data is at time 531.493000, when looking up transform from frame [map] to frame [leo2/base_link]
[controller_server-7] 
[controller_server-7] [WARN] [1783332429.927263531] [leo2.controller_server]: Control loop missed its desired rate of 20.0000Hz
[controller_server-1] [INFO] [1783332430.115923900] [leo1.controller_server]: Passing new path to controller.
[controller_server-1] [WARN] [1783332430.209659091] [leo1.controller_server]: Control loop missed its desired rate of 20.0000Hz
[controller_server-7] [INFO] [1783332430.736844320] [leo2.controller_server]: Passing new path to controller.
[controller_server-7] [WARN] [1783332430.961211892] [leo2.controller_server]: Control loop missed its desired rate of 20.0000Hz
[controller_server-1] [INFO] [1783332431.138088442] [leo1.controller_server]: Passing new path to controller.
[controller_server-1] [WARN] [1783332431.283070291] [leo1.controller_server]: Control loop missed its desired rate of 20.0000Hz
[controller_server-7] [INFO] [1783332431.770363483] [leo2.controller_server]: Passing new path to controller.
[controller_server-7] [WARN] [1783332432.015211310] [leo2.controller_server]: Control loop missed its desired rate of 20.0000Hz
[controller_server-1] [INFO] [1783332432.155760025] [leo1.controller_server]: Passing new path to controller.
[controller_server-1] [WARN] [1783332432.319401924] [leo1.controller_server]: Control loop missed its desired rate of 20.0000Hz
[controller_server-7] [INFO] [1783332432.823723364] [leo2.controller_server]: Passing new path to controller.
[controller_server-7] [WARN] [1783332433.037382774] [leo2.controller_server]: Control loop missed its desired rate of 20.0000Hz
[controller_server-1] [INFO] [1783332433.195065488] [leo1.controller_server]: Passing new path to controller.
[controller_server-1] [WARN] [1783332433.338880225] [leo1.controller_server]: Control loop missed its desired rate of 20.0000Hz
[controller_server-7] [INFO] [1783332433.845625157] [leo2.controller_server]: Passing new path to controller.
[controller_server-7] [ERROR] [1783332434.028898164] [transformPoseInTargetFrame]: Extrapolation Error looking up target frame: Lookup would require extrapolation into the future.  Requested time 533.900000 but the latest data is at time 533.893000, when looking up transform from frame [map] to frame [leo2/base_link]
[controller_server-7] 
[controller_server-7] [WARN] [1783332434.029281842] [leo2.controller_server]: Control loop missed its desired rate of 20.0000Hz
[controller_server-1] [INFO] [1783332434.208637063] [leo1.controller_server]: Passing new path to controller.
[controller_server-1] [WARN] [1783332434.342572275] [leo1.controller_server]: Control loop missed its desired rate of 20.0000Hz
[controller_server-7] [INFO] [1783332434.889924005] [leo2.controller_server]: Passing new path to controller.
[controller_server-7] [ERROR] [1783332435.103285143] [transformPoseInTargetFrame]: Extrapolation Error looking up target frame: Lookup would require extrapolation into the future.  Requested time 534.500000 but the latest data is at time 534.493000, when looking up transform from frame [map] to frame [leo2/base_link]
[controller_server-7] 
[controller_server-7] [WARN] [1783332435.103807352] [leo2.controller_server]: Control loop missed its desired rate of 20.0000Hz
[controller_server-1] [INFO] [1783332435.264582706] [leo1.controller_server]: Passing new path to controller.
[controller_server-1] [WARN] [1783332435.418656950] [leo1.controller_server]: Control loop missed its desired rate of 20.0000Hz
[controller_server-7] [INFO] [1783332435.912899907] [leo2.controller_server]: Passing new path to controller.
[controller_server-7] [WARN] [1783332436.137001044] [leo2.controller_server]: Control loop missed its desired rate of 20.0000Hz
[controller_server-1] [INFO] [1783332436.294624684] [leo1.controller_server]: Passing new path to controller.
[controller_server-1] [WARN] [1783332436.438095101] [leo1.controller_server]: Control loop missed its desired rate of 20.0000Hz
[controller_server-7] [INFO] [1783332436.948185660] [leo2.controller_server]: Passing new path to controller.
[controller_server-1] [INFO] [1783332437.311784485] [leo1.controller_server]: Passing new path to controller.
[controller_server-1] [WARN] [1783332437.516081529] [leo1.controller_server]: Control loop missed its desired rate of 20.0000Hz
[controller_server-7] [INFO] [1783332437.987095137] [leo2.controller_server]: Passing new path to controller.
[controller_server-1] [INFO] [1783332438.341539267] [leo1.controller_server]: Passing new path to controller.
[controller_server-7] [INFO] [1783332438.987111421] [leo2.controller_server]: Passing new path to controller.
[controller_server-1] [INFO] [1783332439.366227399] [leo1.controller_server]: Passing new path to controller.
[controller_server-7] [INFO] [1783332440.037087706] [leo2.controller_server]: Passing new path to controller.
[controller_server-1] [INFO] [1783332440.366165410] [leo1.controller_server]: Passing new path to controller.
[controller_server-7] [INFO] [1783332441.037113384] [leo2.controller_server]: Passing new path to controller.
[controller_server-1] [INFO] [1783332441.416166527] [leo1.controller_server]: Passing new path to controller.
[controller_server-1] [WARN] [1783332441.579878482] [leo1.controller_server]: Control loop missed its desired rate of 20.0000Hz
[controller_server-7] [ERROR] [1783332441.637132626] [leo2.controller_server]: Failed to make progress
[controller_server-7] [WARN] [1783332441.637313539] [leo2.controller_server]: [follow_path] [ActionServer] Aborting handle.
[controller_server-7] [INFO] [1783332441.648773602] [leo2.local_costmap.local_costmap]: Received request to clear entirely the local_costmap
[controller_server-7] [INFO] [1783332441.650261202] [leo2.controller_server]: Received a goal, begin computing control effort.
[controller_server-7] [WARN] [1783332441.973686780] [leo2.controller_server]: Control loop missed its desired rate of 20.0000Hz
[controller_server-7] [INFO] [1783332442.074575334] [leo2.controller_server]: Passing new path to controller.
[controller_server-1] [INFO] [1783332442.461472361] [leo1.controller_server]: Passing new path to controller.
[controller_server-1] [WARN] [1783332442.615051583] [leo1.controller_server]: Control loop missed its desired rate of 20.0000Hz
[controller_server-7] [INFO] [1783332443.105567179] [leo2.controller_server]: Passing new path to controller.
[controller_server-7] [WARN] [1783332443.298690980] [leo2.controller_server]: Control loop missed its desired rate of 20.0000Hz
[controller_server-1] [INFO] [1783332443.489228657] [leo1.controller_server]: Passing new path to controller.
[controller_server-1] [WARN] [1783332443.591795733] [leo1.controller_server]: Control loop missed its desired rate of 20.0000Hz
[controller_server-7] [INFO] [1783332444.157504709] [leo2.controller_server]: Passing new path to controller.
[controller_server-7] [WARN] [1783332444.279904242] [leo2.controller_server]: Control loop missed its desired rate of 20.0000Hz
[controller_server-1] [INFO] [1783332444.515168651] [leo1.controller_server]: Passing new path to controller.
[controller_server-1] [WARN] [1783332444.597713526] [leo1.controller_server]: Control loop missed its desired rate of 20.0000Hz
[controller_server-7] [INFO] [1783332445.148786036] [leo2.controller_server]: Passing new path to controller.
[controller_server-7] [WARN] [1783332445.352795658] [leo2.controller_server]: Control loop missed its desired rate of 20.0000Hz
[controller_server-1] [INFO] [1783332445.515153855] [leo1.controller_server]: Passing new path to controller.
[controller_server-1] [WARN] [1783332445.649294869] [leo1.controller_server]: Control loop missed its desired rate of 20.0000Hz
[controller_server-7] [INFO] [1783332446.215062009] [leo2.controller_server]: Passing new path to controller.
[controller_server-7] [ERROR] [1783332446.337043825] [transformPoseInTargetFrame]: Extrapolation Error looking up target frame: Lookup would require extrapolation into the future.  Requested time 541.100000 but the latest data is at time 541.093000, when looking up transform from frame [map] to frame [leo2/base_link]
[controller_server-7] 
[controller_server-7] [WARN] [1783332446.337728983] [leo2.controller_server]: Control loop missed its desired rate of 20.0000Hz
[controller_server-1] [INFO] [1783332446.572940717] [leo1.controller_server]: Passing new path to controller.
[controller_server-7] [INFO] [1783332447.202885823] [leo2.controller_server]: Passing new path to controller.
[controller_server-7] [WARN] [1783332447.315342783] [leo2.controller_server]: Control loop missed its desired rate of 20.0000Hz
[controller_server-1] [INFO] [1783332447.599405197] [leo1.controller_server]: Passing new path to controller.
[controller_server-7] [INFO] [1783332448.275039817] [leo2.controller_server]: Passing new path to controller.
[controller_server-1] [INFO] [1783332448.599382351] [leo1.controller_server]: Passing new path to controller.
[controller_server-7] [INFO] [1783332449.265434092] [leo2.controller_server]: Passing new path to controller.
[controller_server-1] [INFO] [1783332449.649404775] [leo1.controller_server]: Passing new path to controller.
[controller_server-7] [INFO] [1783332450.315464510] [leo2.controller_server]: Passing new path to controller.
[controller_server-1] [INFO] [1783332450.699386294] [leo1.controller_server]: Passing new path to controller.
[controller_server-7] [INFO] [1783332451.365443616] [leo2.controller_server]: Passing new path to controller.
[controller_server-1] [INFO] [1783332451.699404781] [leo1.controller_server]: Passing new path to controller.
[controller_server-1] [ERROR] [1783332451.903908655] [transformPoseInTargetFrame]: Extrapolation Error looking up target frame: Lookup would require extrapolation into the future.  Requested time 544.433000 but the latest data is at time 544.432000, when looking up transform from frame [map] to frame [leo1/base_link]
[controller_server-1] 
[controller_server-1] [WARN] [1783332451.905345703] [leo1.controller_server]: Control loop missed its desired rate of 20.0000Hz
[controller_server-7] [INFO] [1783332452.365435791] [leo2.controller_server]: Passing new path to controller.
[controller_server-1] [INFO] [1783332452.728480254] [leo1.controller_server]: Passing new path to controller.
[controller_server-1] [WARN] [1783332452.923329303] [leo1.controller_server]: Control loop missed its desired rate of 20.0000Hz
[controller_server-7] [INFO] [1783332453.415451462] [leo2.controller_server]: Passing new path to controller.
[controller_server-7] [WARN] [1783332453.609468619] [leo2.controller_server]: Control loop missed its desired rate of 20.0000Hz
[controller_server-1] [INFO] [1783332453.796112891] [leo1.controller_server]: Passing new path to controller.
[controller_server-1] [WARN] [1783332453.879674868] [leo1.controller_server]: Control loop missed its desired rate of 20.0000Hz
[controller_server-7] [INFO] [1783332454.420187904] [leo2.controller_server]: Passing new path to controller.
[controller_server-7] [WARN] [1783332454.614551265] [leo2.controller_server]: Control loop missed its desired rate of 20.0000Hz
[controller_server-1] [INFO] [1783332454.823114970] [leo1.controller_server]: Passing new path to controller.
[controller_server-1] [WARN] [1783332454.956442003] [leo1.controller_server]: Control loop missed its desired rate of 20.0000Hz
[controller_server-7] [INFO] [1783332455.475309586] [leo2.controller_server]: Passing new path to controller.
[controller_server-7] [WARN] [1783332455.628231333] [leo2.controller_server]: Control loop missed its desired rate of 20.0000Hz
[controller_server-1] [INFO] [1783332455.827924008] [leo1.controller_server]: Passing new path to controller.
[controller_server-1] [WARN] [1783332455.910499058] [leo1.controller_server]: Control loop missed its desired rate of 20.0000Hz
[controller_server-7] [INFO] [1783332456.489052477] [leo2.controller_server]: Passing new path to controller.
[controller_server-7] [WARN] [1783332456.601722791] [leo2.controller_server]: Control loop missed its desired rate of 20.0000Hz
[controller_server-1] [INFO] [1783332456.856535086] [leo1.controller_server]: Passing new path to controller.
[controller_server-7] [INFO] [1783332457.528350728] [leo2.controller_server]: Passing new path to controller.
[controller_server-7] [WARN] [1783332457.610586613] [leo2.controller_server]: Control loop missed its desired rate of 20.0000Hz
[controller_server-1] [INFO] [1783332457.906546920] [leo1.controller_server]: Passing new path to controller.
[controller_server-7] [INFO] [1783332458.528337350] [leo2.controller_server]: Passing new path to controller.
[controller_server-7] [WARN] [1783332458.651518613] [leo2.controller_server]: Control loop missed its desired rate of 20.0000Hz
[controller_server-1] [INFO] [1783332458.906560244] [leo1.controller_server]: Passing new path to controller.
[controller_server-7] [INFO] [1783332459.560746309] [leo2.controller_server]: Passing new path to controller.
[controller_server-7] [WARN] [1783332459.653643407] [leo2.controller_server]: Control loop missed its desired rate of 20.0000Hz
[controller_server-1] [INFO] [1783332459.956518574] [leo1.controller_server]: Passing new path to controller.
[controller_server-7] [INFO] [1783332460.601623621] [leo2.controller_server]: Passing new path to controller.
[controller_server-7] [WARN] [1783332460.663757579] [leo2.controller_server]: Control loop missed its desired rate of 20.0000Hz
[controller_server-1] [INFO] [1783332460.956582534] [leo1.controller_server]: Passing new path to controller.
[controller_server-7] [INFO] [1783332461.651644396] [leo2.controller_server]: Passing new path to controller.
[controller_server-1] [INFO] [1783332462.006551775] [leo1.controller_server]: Passing new path to controller.
[controller_server-7] [INFO] [1783332462.651622393] [leo2.controller_server]: Passing new path to controller.
[controller_server-7] [WARN] [1783332462.703451458] [leo2.controller_server]: Control loop missed its desired rate of 20.0000Hz
[controller_server-1] [INFO] [1783332463.006538523] [leo1.controller_server]: Passing new path to controller.
[controller_server-7] [INFO] [1783332463.701614757] [leo2.controller_server]: Passing new path to controller.
[controller_server-1] [INFO] [1783332464.056539254] [leo1.controller_server]: Passing new path to controller.
[controller_server-7] [INFO] [1783332464.701649176] [leo2.controller_server]: Passing new path to controller.
[planner_server-2] [INFO] [1783332464.891593659] [leo1.global_costmap.global_costmap]: StaticLayer: Resizing costmap to 478 X 319 at 0.050000 m/pix
[planner_server-8] [INFO] [1783332464.940076213] [leo2.global_costmap.global_costmap]: StaticLayer: Resizing costmap to 478 X 319 at 0.050000 m/pix
[controller_server-1] [INFO] [1783332465.106538581] [leo1.controller_server]: Passing new path to controller.
[controller_server-1] [WARN] [1783332465.280722556] [leo1.controller_server]: Control loop missed its desired rate of 20.0000Hz
[controller_server-7] [INFO] [1783332465.751625075] [leo2.controller_server]: Passing new path to controller.
[controller_server-7] [ERROR] [1783332465.954814339] [transformPoseInTargetFrame]: Extrapolation Error looking up target frame: Lookup would require extrapolation into the future.  Requested time 552.900000 but the latest data is at time 552.893000, when looking up transform from frame [map] to frame [leo2/base_link]
[controller_server-7] 
[controller_server-7] [WARN] [1783332465.955213558] [leo2.controller_server]: Control loop missed its desired rate of 20.0000Hz
[controller_server-1] [INFO] [1783332466.101950906] [leo1.controller_server]: Passing new path to controller.
[controller_server-1] [WARN] [1783332466.245686266] [leo1.controller_server]: Control loop missed its desired rate of 20.0000Hz
[controller_server-7] [INFO] [1783332466.763726079] [leo2.controller_server]: Passing new path to controller.
[controller_server-7] [WARN] [1783332466.937104064] [leo2.controller_server]: Control loop missed its desired rate of 20.0000Hz
[controller_server-7] [ERROR] [1783332466.937177920] [leo2.controller_server]: Failed to make progress
[controller_server-7] [WARN] [1783332466.937251276] [leo2.controller_server]: [follow_path] [ActionServer] Aborting handle.
[behavior_server-9] [INFO] [1783332466.958801103] [leo2.behavior_server]: Running backup
[controller_server-1] [INFO] [1783332467.170873791] [leo1.controller_server]: Passing new path to controller.
[controller_server-1] [INFO] [1783332468.195819153] [leo1.controller_server]: Passing new path to controller.
[controller_server-1] [WARN] [1783332468.268773870] [leo1.controller_server]: Control loop missed its desired rate of 20.0000Hz
[controller_server-1] [INFO] [1783332469.195791699] [leo1.controller_server]: Passing new path to controller.
[controller_server-1] [INFO] [1783332470.245803857] [leo1.controller_server]: Passing new path to controller.
[controller_server-1] [INFO] [1783332471.245774861] [leo1.controller_server]: Passing new path to controller.
[controller_server-1] [INFO] [1783332472.295857412] [leo1.controller_server]: Passing new path to controller.
[controller_server-1] [INFO] [1783332473.345783594] [leo1.controller_server]: Passing new path to controller.
[controller_server-1] [WARN] [1783332473.519561462] [leo1.controller_server]: Control loop missed its desired rate of 20.0000Hz
[controller_server-1] [INFO] [1783332474.339018072] [leo1.controller_server]: Passing new path to controller.
[controller_server-1] [WARN] [1783332474.574813059] [leo1.controller_server]: Control loop missed its desired rate of 20.0000Hz
[controller_server-1] [INFO] [1783332475.397344654] [leo1.controller_server]: Passing new path to controller.
[controller_server-1] [INFO] [1783332476.424895357] [leo1.controller_server]: Passing new path to controller.
[behavior_server-9] [INFO] [1783332477.159157141] [leo2.behavior_server]: backup completed successfully
[controller_server-7] [INFO] [1783332477.209144082] [leo2.controller_server]: Received a goal, begin computing control effort.
[controller_server-1] [INFO] [1783332477.424904493] [leo1.controller_server]: Passing new path to controller.
[controller_server-7] [WARN] [1783332477.432439529] [leo2.controller_server]: Control loop missed its desired rate of 20.0000Hz
[controller_server-7] [WARN] [1783332477.770350560] [leo2.controller_server]: Control loop missed its desired rate of 20.0000Hz
[bt_navigator-10] [ERROR] [1783332477.999415973] [leo2.bt_navigator_navigate_to_pose_rclcpp_node]: Failed to get result for follow_path in node halt!
[bt_navigator-10] [INFO] [1783332477.999628445] [leo2.bt_navigator]: [navigate_to_pose] [ActionServer] Client requested to cancel the goal. Cancelling.
[bt_navigator-10] [INFO] [1783332478.000517661] [leo2.bt_navigator]: Goal canceled
[controller_server-7] [WARN] [1783332478.131121157] [leo2.controller_server]: Control loop missed its desired rate of 20.0000Hz
[controller_server-7] [INFO] [1783332478.131168086] [leo2.controller_server]: Goal was canceled. Stopping the robot.
[controller_server-7] [INFO] [1783332478.131176002] [leo2.controller_server]: [follow_path] [ActionServer] Client requested to cancel the goal. Cancelling.
[controller_server-1] [INFO] [1783332478.474937831] [leo1.controller_server]: Passing new path to controller.
[controller_server-1] [INFO] [1783332479.524899280] [leo1.controller_server]: Passing new path to controller.
[controller_server-1] [INFO] [1783332480.524950554] [leo1.controller_server]: Passing new path to controller.
[controller_server-1] [INFO] [1783332481.579147160] [leo1.controller_server]: Passing new path to controller.
[controller_server-1] [WARN] [1783332481.723018112] [leo1.controller_server]: Control loop missed its desired rate of 20.0000Hz
[controller_server-1] [INFO] [1783332482.588711439] [leo1.controller_server]: Passing new path to controller.
[controller_server-1] [WARN] [1783332482.742585703] [leo1.controller_server]: Control loop missed its desired rate of 20.0000Hz
[controller_server-1] [INFO] [1783332483.606643605] [leo1.controller_server]: Passing new path to controller.
[controller_server-1] [WARN] [1783332483.739598819] [leo1.controller_server]: Control loop missed its desired rate of 20.0000Hz
[controller_server-1] [INFO] [1783332484.642697625] [leo1.controller_server]: Passing new path to controller.
[bt_navigator-10] [INFO] [1783332484.687960853] [leo2.bt_navigator]: Begin navigating from current location (0.44, 0.55) to (1.67, 1.94)
[controller_server-7] [INFO] [1783332484.709235184] [leo2.controller_server]: Received a goal, begin computing control effort.
[controller_server-1] [WARN] [1783332484.755824538] [leo1.controller_server]: Control loop missed its desired rate of 20.0000Hz
[controller_server-7] [WARN] [1783332484.810952582] [leo2.controller_server]: Control loop missed its desired rate of 20.0000Hz
[controller_server-7] [WARN] [1783332485.136218686] [leo2.controller_server]: Control loop missed its desired rate of 20.0000Hz
[controller_server-7] [ERROR] [1783332485.466017089] [transformPoseInTargetFrame]: Extrapolation Error looking up target frame: Lookup would require extrapolation into the future.  Requested time 564.500000 but the latest data is at time 564.493000, when looking up transform from frame [map] to frame [leo2/base_link]
[controller_server-7] 
[controller_server-7] [WARN] [1783332485.466780762] [leo2.controller_server]: Control loop missed its desired rate of 20.0000Hz
[controller_server-1] [INFO] [1783332485.670210324] [leo1.controller_server]: Passing new path to controller.
[controller_server-7] [INFO] [1783332485.774984764] [leo2.controller_server]: Passing new path to controller.
[controller_server-7] [ERROR] [1783332486.119162914] [transformPoseInTargetFrame]: Extrapolation Error looking up target frame: Lookup would require extrapolation into the future.  Requested time 564.900000 but the latest data is at time 564.893000, when looking up transform from frame [map] to frame [leo2/base_link]
[controller_server-7] 
[controller_server-7] [WARN] [1783332486.120170564] [leo2.controller_server]: Control loop missed its desired rate of 20.0000Hz
[controller_server-1] [INFO] [1783332486.705442560] [leo1.controller_server]: Passing new path to controller.
[controller_server-7] [INFO] [1783332486.790620586] [leo2.controller_server]: Passing new path to controller.
[controller_server-7] [ERROR] [1783332487.054227047] [transformPoseInTargetFrame]: Extrapolation Error looking up target frame: Lookup would require extrapolation into the future.  Requested time 565.500000 but the latest data is at time 565.493000, when looking up transform from frame [map] to frame [leo2/base_link]
[controller_server-7] 
[controller_server-7] [WARN] [1783332487.055095951] [leo2.controller_server]: Control loop missed its desired rate of 20.0000Hz
[controller_server-1] [INFO] [1783332487.755465525] [leo1.controller_server]: Passing new path to controller.
[controller_server-7] [INFO] [1783332487.826119263] [leo2.controller_server]: Passing new path to controller.
[controller_server-1] [WARN] [1783332487.939313732] [leo1.controller_server]: Control loop missed its desired rate of 20.0000Hz
[controller_server-7] [WARN] [1783332487.988996818] [leo2.controller_server]: Control loop missed its desired rate of 20.0000Hz
[controller_server-7] [WARN] [1783332488.288842883] [leo2.controller_server]: Control loop missed its desired rate of 20.0000Hz
[controller_server-7] [ERROR] [1783332488.588731298] [transformPoseInTargetFrame]: Extrapolation Error looking up target frame: Lookup would require extrapolation into the future.  Requested time 566.500000 but the latest data is at time 566.473000, when looking up transform from frame [map] to frame [leo2/base_link]
[controller_server-7] 
[controller_server-7] [WARN] [1783332488.589713835] [leo2.controller_server]: Control loop missed its desired rate of 20.0000Hz
[controller_server-1] [INFO] [1783332488.804876499] [leo1.controller_server]: Passing new path to controller.
[controller_server-7] [INFO] [1783332488.848240200] [leo2.controller_server]: Passing new path to controller.
[controller_server-7] [ERROR] [1783332489.292796642] [transformPoseInTargetFrame]: Extrapolation Error looking up target frame: Lookup would require extrapolation into the future.  Requested time 566.890000 but the latest data is at time 566.873000, when looking up transform from frame [map] to frame [leo2/base_link]
[controller_server-7] 
[controller_server-7] [WARN] [1783332489.293795460] [leo2.controller_server]: Control loop missed its desired rate of 20.0000Hz
[controller_server-1] [INFO] [1783332489.789434782] [leo1.controller_server]: Passing new path to controller.
[controller_server-1] [WARN] [1783332489.902142829] [leo1.controller_server]: Control loop missed its desired rate of 20.0000Hz
[controller_server-7] [INFO] [1783332489.911615600] [leo2.controller_server]: Passing new path to controller.
[controller_server-7] [ERROR] [1783332490.226166319] [transformPoseInTargetFrame]: Extrapolation Error looking up target frame: Lookup would require extrapolation into the future.  Requested time 567.478000 but the latest data is at time 567.473000, when looking up transform from frame [map] to frame [leo2/base_link]
[controller_server-7] 
[controller_server-7] [WARN] [1783332490.226983075] [leo2.controller_server]: Control loop missed its desired rate of 20.0000Hz
[controller_server-1] [INFO] [1783332490.864214573] [leo1.controller_server]: Passing new path to controller.
[controller_server-7] [INFO] [1783332490.944957827] [leo2.controller_server]: Passing new path to controller.
[controller_server-7] [WARN] [1783332491.188788234] [leo2.controller_server]: Control loop missed its desired rate of 20.0000Hz
[controller_server-7] [ERROR] [1783332491.500876478] [transformPoseInTargetFrame]: Extrapolation Error looking up target frame: Lookup would require extrapolation into the future.  Requested time 568.300000 but the latest data is at time 568.273000, when looking up transform from frame [map] to frame [leo2/base_link]
[controller_server-7] 
[controller_server-7] [WARN] [1783332491.502348568] [leo2.controller_server]: Control loop missed its desired rate of 20.0000Hz
[controller_server-1] [INFO] [1783332491.891964007] [leo1.controller_server]: Passing new path to controller.
[controller_server-7] [INFO] [1783332491.968275066] [leo2.controller_server]: Passing new path to controller.
[controller_server-1] [WARN] [1783332492.095782818] [leo1.controller_server]: Control loop missed its desired rate of 20.0000Hz
[controller_server-7] [ERROR] [1783332492.131270687] [transformPoseInTargetFrame]: Extrapolation Error looking up target frame: Lookup would require extrapolation into the future.  Requested time 568.700000 but the latest data is at time 568.673000, when looking up transform from frame [map] to frame [leo2/base_link]
[controller_server-7] 
[controller_server-7] [WARN] [1783332492.132447491] [leo2.controller_server]: Control loop missed its desired rate of 20.0000Hz
[controller_server-1] [INFO] [1783332492.908550404] [leo1.controller_server]: Passing new path to controller.
[controller_server-1] [WARN] [1783332493.001053387] [leo1.controller_server]: Control loop missed its desired rate of 20.0000Hz
[controller_server-7] [INFO] [1783332493.009048584] [leo2.controller_server]: Passing new path to controller.
[controller_server-7] [WARN] [1783332493.365603881] [leo2.controller_server]: Control loop missed its desired rate of 20.0000Hz
[controller_server-7] [ERROR] [1783332493.648777051] [transformPoseInTargetFrame]: Extrapolation Error looking up target frame: Lookup would require extrapolation into the future.  Requested time 569.700000 but the latest data is at time 569.673000, when looking up transform from frame [map] to frame [leo2/base_link]
[controller_server-7] 
[controller_server-7] [WARN] [1783332493.649825785] [leo2.controller_server]: Control loop missed its desired rate of 20.0000Hz
[controller_server-1] [INFO] [1783332493.895898222] [leo1.controller_server]: Passing new path to controller.
[controller_server-7] [INFO] [1783332494.009467944] [leo2.controller_server]: Passing new path to controller.
[controller_server-7] [ERROR] [1783332494.273320415] [transformPoseInTargetFrame]: Extrapolation Error looking up target frame: Lookup would require extrapolation into the future.  Requested time 570.096000 but the latest data is at time 570.073000, when looking up transform from frame [map] to frame [leo2/base_link]
[controller_server-7] 
[controller_server-7] [WARN] [1783332494.274416162] [leo2.controller_server]: Control loop missed its desired rate of 20.0000Hz
[controller_server-1] [INFO] [1783332494.945898841] [leo1.controller_server]: Passing new path to controller.
[controller_server-7] [INFO] [1783332495.042973615] [leo2.controller_server]: Passing new path to controller.
[controller_server-1] [WARN] [1783332495.119947553] [leo1.controller_server]: Control loop missed its desired rate of 20.0000Hz
[controller_server-7] [WARN] [1783332495.175492588] [leo2.controller_server]: Control loop missed its desired rate of 20.0000Hz
[controller_server-7] [WARN] [1783332495.468624665] [leo2.controller_server]: Control loop missed its desired rate of 20.0000Hz
[controller_server-7] [ERROR] [1783332495.752760050] [transformPoseInTargetFrame]: Extrapolation Error looking up target frame: Lookup would require extrapolation into the future.  Requested time 571.100000 but the latest data is at time 571.073000, when looking up transform from frame [map] to frame [leo2/base_link]
[controller_server-7] 
[controller_server-7] [WARN] [1783332495.753493508] [leo2.controller_server]: Control loop missed its desired rate of 20.0000Hz
[controller_server-1] [INFO] [1783332495.987990423] [leo1.controller_server]: Passing new path to controller.
[controller_server-7] [INFO] [1783332496.059692986] [leo2.controller_server]: Passing new path to controller.
[controller_server-7] [ERROR] [1783332496.383860786] [transformPoseInTargetFrame]: Extrapolation Error looking up target frame: Lookup would require extrapolation into the future.  Requested time 571.500000 but the latest data is at time 571.493000, when looking up transform from frame [map] to frame [leo2/base_link]
[controller_server-7] 
[controller_server-7] [WARN] [1783332496.385416546] [leo2.controller_server]: Control loop missed its desired rate of 20.0000Hz
[controller_server-1] [INFO] [1783332497.020042588] [leo1.controller_server]: Passing new path to controller.
[controller_server-7] [INFO] [1783332497.108922303] [leo2.controller_server]: Passing new path to controller.
[controller_server-1] [INFO] [1783332498.020038024] [leo1.controller_server]: Passing new path to controller.
[controller_server-7] [INFO] [1783332498.135522151] [leo2.controller_server]: Passing new path to controller.
[controller_server-1] [INFO] [1783332499.070045539] [leo1.controller_server]: Passing new path to controller.
[controller_server-7] [INFO] [1783332499.185521813] [leo2.controller_server]: Passing new path to controller.
[controller_server-1] [WARN] [1783332499.203007200] [leo1.controller_server]: Control loop missed its desired rate of 20.0000Hz
[controller_server-7] [WARN] [1783332499.258517527] [leo2.controller_server]: Control loop missed its desired rate of 20.0000Hz
[controller_server-1] [INFO] [1783332500.064863723] [leo1.controller_server]: Passing new path to controller.
[controller_server-7] [INFO] [1783332500.185524818] [leo2.controller_server]: Passing new path to controller.
[controller_server-1] [INFO] [1783332501.103113258] [leo1.controller_server]: Passing new path to controller.
[controller_server-1] [WARN] [1783332501.155398943] [leo1.controller_server]: Control loop missed its desired rate of 20.0000Hz
[controller_server-7] [INFO] [1783332501.235518935] [leo2.controller_server]: Passing new path to controller.
[controller_server-1] [INFO] [1783332502.153101184] [leo1.controller_server]: Passing new path to controller.
[controller_server-7] [INFO] [1783332502.285494348] [leo2.controller_server]: Passing new path to controller.
[controller_server-7] [ERROR] [1783332502.458867664] [transformPoseInTargetFrame]: Extrapolation Error looking up target frame: Lookup would require extrapolation into the future.  Requested time 575.286000 but the latest data is at time 575.273000, when looking up transform from frame [map] to frame [leo2/base_link]
[controller_server-7] 
[controller_server-7] [WARN] [1783332502.460068753] [leo2.controller_server]: Control loop missed its desired rate of 20.0000Hz
[controller_server-1] [INFO] [1783332503.203111332] [leo1.controller_server]: Passing new path to controller.
[controller_server-7] [INFO] [1783332503.280770769] [leo2.controller_server]: Passing new path to controller.
[controller_server-1] [WARN] [1783332503.376830073] [leo1.controller_server]: Control loop missed its desired rate of 20.0000Hz
[controller_server-7] [WARN] [1783332503.434954990] [leo2.controller_server]: Control loop missed its desired rate of 20.0000Hz
[controller_server-1] [INFO] [1783332504.187201050] [leo1.controller_server]: Passing new path to controller.
[controller_server-7] [INFO] [1783332504.357552964] [leo2.controller_server]: Passing new path to controller.
[controller_server-1] [WARN] [1783332504.381300076] [leo1.controller_server]: Control loop missed its desired rate of 20.0000Hz
[controller_server-7] [WARN] [1783332504.440406681] [leo2.controller_server]: Control loop missed its desired rate of 20.0000Hz
[controller_server-1] [INFO] [1783332505.245589177] [leo1.controller_server]: Passing new path to controller.
[controller_server-7] [INFO] [1783332505.385066052] [leo2.controller_server]: Passing new path to controller.
[controller_server-1] [INFO] [1783332506.281390384] [leo1.controller_server]: Passing new path to controller.
[controller_server-7] [INFO] [1783332506.385047366] [leo2.controller_server]: Passing new path to controller.
[controller_server-1] [INFO] [1783332507.281383188] [leo1.controller_server]: Passing new path to controller.
[controller_server-7] [INFO] [1783332507.435046754] [leo2.controller_server]: Passing new path to controller.
[controller_server-7] [WARN] [1783332507.578098922] [leo2.controller_server]: Control loop missed its desired rate of 20.0000Hz
[controller_server-1] [INFO] [1783332508.331403290] [leo1.controller_server]: Passing new path to controller.
[controller_server-7] [INFO] [1783332508.448773192] [leo2.controller_server]: Passing new path to controller.
[controller_server-1] [WARN] [1783332508.454683594] [leo1.controller_server]: Control loop missed its desired rate of 20.0000Hz
[controller_server-1] [INFO] [1783332509.367028362] [leo1.controller_server]: Passing new path to controller.
[controller_server-7] [INFO] [1783332509.480752656] [leo2.controller_server]: Passing new path to controller.
[controller_server-1] [INFO] [1783332510.389919799] [leo1.controller_server]: Passing new path to controller.
[controller_server-7] [INFO] [1783332510.528185932] [leo2.controller_server]: Passing new path to controller.
[controller_server-7] [WARN] [1783332510.691475994] [leo2.controller_server]: Control loop missed its desired rate of 20.0000Hz
[controller_server-1] [INFO] [1783332511.404789024] [leo1.controller_server]: Passing new path to controller.
[controller_server-7] [INFO] [1783332511.560727466] [leo2.controller_server]: Passing new path to controller.
[controller_server-1] [WARN] [1783332511.568550177] [leo1.controller_server]: Control loop missed its desired rate of 20.0000Hz
[controller_server-1] [INFO] [1783332512.428430113] [leo1.controller_server]: Passing new path to controller.
[controller_server-1] [WARN] [1783332512.541732536] [leo1.controller_server]: Control loop missed its desired rate of 20.0000Hz
[controller_server-7] [INFO] [1783332512.591562012] [leo2.controller_server]: Passing new path to controller.
[controller_server-1] [INFO] [1783332513.468733042] [leo1.controller_server]: Passing new path to controller.
[controller_server-1] [ERROR] [1783332513.518767229] [leo1.controller_server]: Failed to make progress
[controller_server-1] [WARN] [1783332513.518973284] [leo1.controller_server]: [follow_path] [ActionServer] Aborting handle.
[controller_server-1] [INFO] [1783332513.533364557] [leo1.local_costmap.local_costmap]: Received request to clear entirely the local_costmap
[controller_server-1] [INFO] [1783332513.534568879] [leo1.controller_server]: Received a goal, begin computing control effort.
[controller_server-7] [INFO] [1783332513.591562852] [leo2.controller_server]: Passing new path to controller.
[controller_server-1] [ERROR] [1783332513.767002564] [transformPoseInTargetFrame]: Extrapolation Error looking up target frame: Lookup would require extrapolation into the future.  Requested time 582.447000 but the latest data is at time 582.432000, when looking up transform from frame [map] to frame [leo1/base_link]
[controller_server-1] 
[controller_server-1] [WARN] [1783332513.767426207] [leo1.controller_server]: Control loop missed its desired rate of 20.0000Hz
[controller_server-1] [INFO] [1783332514.525346967] [leo1.controller_server]: Passing new path to controller.
[controller_server-7] [INFO] [1783332514.641616488] [leo2.controller_server]: Passing new path to controller.
[controller_server-1] [WARN] [1783332514.709355793] [leo1.controller_server]: Control loop missed its desired rate of 20.0000Hz
[controller_server-7] [WARN] [1783332514.765987341] [leo2.controller_server]: Control loop missed its desired rate of 20.0000Hz
[controller_server-1] [INFO] [1783332515.524442377] [leo1.controller_server]: Passing new path to controller.
[controller_server-7] [INFO] [1783332515.686913365] [leo2.controller_server]: Passing new path to controller.
[controller_server-1] [WARN] [1783332515.708587027] [leo1.controller_server]: Control loop missed its desired rate of 20.0000Hz
[controller_server-7] [WARN] [1783332515.769418665] [leo2.controller_server]: Control loop missed its desired rate of 20.0000Hz
[controller_server-7] [ERROR] [1783332516.165800934] [leo2.controller_server]: Failed to make progress
[controller_server-7] [WARN] [1783332516.165975488] [leo2.controller_server]: [follow_path] [ActionServer] Aborting handle.
[controller_server-7] [INFO] [1783332516.177509517] [leo2.local_costmap.local_costmap]: Received request to clear entirely the local_costmap
[controller_server-7] [INFO] [1783332516.179114797] [leo2.controller_server]: Received a goal, begin computing control effort.
[controller_server-1] [INFO] [1783332516.576037141] [leo1.controller_server]: Passing new path to controller.
[controller_server-1] [WARN] [1783332516.678293497] [leo1.controller_server]: Control loop missed its desired rate of 20.0000Hz
[controller_server-7] [INFO] [1783332516.679313313] [leo2.controller_server]: Passing new path to controller.
[controller_server-7] [WARN] [1783332516.731302606] [leo2.controller_server]: Control loop missed its desired rate of 20.0000Hz
[controller_server-1] [INFO] [1783332517.608711609] [leo1.controller_server]: Passing new path to controller.
[controller_server-7] [INFO] [1783332517.729323104] [leo2.controller_server]: Passing new path to controller.
[controller_server-1] [INFO] [1783332518.608705457] [leo1.controller_server]: Passing new path to controller.
[controller_server-7] [INFO] [1783332518.779301770] [leo2.controller_server]: Passing new path to controller.
[controller_server-7] [WARN] [1783332518.943604337] [leo2.controller_server]: Control loop missed its desired rate of 20.0000Hz
[controller_server-1] [INFO] [1783332519.658688422] [leo1.controller_server]: Passing new path to controller.
[controller_server-7] [INFO] [1783332519.808658724] [leo2.controller_server]: Passing new path to controller.
[controller_server-1] [WARN] [1783332519.832428635] [leo1.controller_server]: Control loop missed its desired rate of 20.0000Hz
[controller_server-1] [INFO] [1783332520.694492891] [leo1.controller_server]: Passing new path to controller.
[controller_server-7] [INFO] [1783332520.843693248] [leo2.controller_server]: Passing new path to controller.
[controller_server-1] [INFO] [1783332521.732521170] [leo1.controller_server]: Passing new path to controller.
[controller_server-7] [INFO] [1783332521.843704818] [leo2.controller_server]: Passing new path to controller.
[controller_server-7] [ERROR] [1783332522.101477283] [transformPoseInTargetFrame]: Extrapolation Error looking up target frame: Lookup would require extrapolation into the future.  Requested time 587.659000 but the latest data is at time 587.653000, when looking up transform from frame [map] to frame [leo2/base_link]
[controller_server-7] 
[controller_server-7] [WARN] [1783332522.102657481] [leo2.controller_server]: Control loop missed its desired rate of 20.0000Hz
[controller_server-1] [INFO] [1783332522.732550680] [leo1.controller_server]: Passing new path to controller.
[controller_server-7] [INFO] [1783332522.869347528] [leo2.controller_server]: Passing new path to controller.
[controller_server-1] [INFO] [1783332523.782544195] [leo1.controller_server]: Passing new path to controller.
[controller_server-7] [INFO] [1783332523.902739951] [leo2.controller_server]: Passing new path to controller.
[controller_server-1] [ERROR] [1783332523.975649442] [transformPoseInTargetFrame]: Extrapolation Error looking up target frame: Lookup would require extrapolation into the future.  Requested time 588.845000 but the latest data is at time 588.832000, when looking up transform from frame [map] to frame [leo1/base_link]
[controller_server-1] 
[controller_server-1] [WARN] [1783332523.976514774] [leo1.controller_server]: Control loop missed its desired rate of 20.0000Hz
[controller_server-7] [WARN] [1783332524.047017958] [leo2.controller_server]: Control loop missed its desired rate of 20.0000Hz
[controller_server-1] [INFO] [1783332524.788769505] [leo1.controller_server]: Passing new path to controller.
[controller_server-7] [INFO] [1783332524.919136825] [leo2.controller_server]: Passing new path to controller.
[controller_server-1] [WARN] [1783332524.941978612] [leo1.controller_server]: Control loop missed its desired rate of 20.0000Hz
[controller_server-7] [WARN] [1783332525.001954612] [leo2.controller_server]: Control loop missed its desired rate of 20.0000Hz
[controller_server-1] [INFO] [1783332525.854662205] [leo1.controller_server]: Passing new path to controller.
[controller_server-7] [INFO] [1783332525.997115595] [leo2.controller_server]: Passing new path to controller.
[controller_server-1] [INFO] [1783332526.892070517] [leo1.controller_server]: Passing new path to controller.
[controller_server-7] [INFO] [1783332526.997140996] [leo2.controller_server]: Passing new path to controller.
[controller_server-1] [INFO] [1783332527.892103375] [leo1.controller_server]: Passing new path to controller.
[controller_server-7] [INFO] [1783332528.047113255] [leo2.controller_server]: Passing new path to controller.
[controller_server-7] [WARN] [1783332528.180237888] [leo2.controller_server]: Control loop missed its desired rate of 20.0000Hz
[controller_server-1] [INFO] [1783332528.942096218] [leo1.controller_server]: Passing new path to controller.
[controller_server-7] [INFO] [1783332529.053421403] [leo2.controller_server]: Passing new path to controller.
[controller_server-1] [WARN] [1783332529.096138524] [leo1.controller_server]: Control loop missed its desired rate of 20.0000Hz
[controller_server-7] [WARN] [1783332529.156959959] [leo2.controller_server]: Control loop missed its desired rate of 20.0000Hz
[controller_server-1] [INFO] [1783332529.959202693] [leo1.controller_server]: Passing new path to controller.
[controller_server-1] [WARN] [1783332530.071930526] [leo1.controller_server]: Control loop missed its desired rate of 20.0000Hz
[controller_server-7] [INFO] [1783332530.080383744] [leo2.controller_server]: Passing new path to controller.
[controller_server-1] [INFO] [1783332530.996247778] [leo1.controller_server]: Passing new path to controller.
[controller_server-1] [WARN] [1783332531.048417946] [leo1.controller_server]: Control loop missed its desired rate of 20.0000Hz
[controller_server-7] [INFO] [1783332531.130386611] [leo2.controller_server]: Passing new path to controller.
[controller_server-1] [INFO] [1783332531.996235859] [leo1.controller_server]: Passing new path to controller.
[controller_server-7] [INFO] [1783332532.180340273] [leo2.controller_server]: Passing new path to controller.
[controller_server-1] [INFO] [1783332533.046229739] [leo1.controller_server]: Passing new path to controller.
[controller_server-7] [INFO] [1783332533.230341281] [leo2.controller_server]: Passing new path to controller.
[controller_server-7] [WARN] [1783332533.374036419] [leo2.controller_server]: Control loop missed its desired rate of 20.0000Hz
[controller_server-1] [INFO] [1783332534.096238750] [leo1.controller_server]: Passing new path to controller.
[controller_server-7] [INFO] [1783332534.245924234] [leo2.controller_server]: Passing new path to controller.
[controller_server-1] [WARN] [1783332534.259767175] [leo1.controller_server]: Control loop missed its desired rate of 20.0000Hz
[controller_server-7] [WARN] [1783332534.328585450] [leo2.controller_server]: Control loop missed its desired rate of 20.0000Hz
[controller_server-1] [INFO] [1783332535.123909487] [leo1.controller_server]: Passing new path to controller.
[controller_server-1] [WARN] [1783332535.257842238] [leo1.controller_server]: Control loop missed its desired rate of 20.0000Hz
[controller_server-1] [WARN] [1783332535.262320647] [leo1.controller_server]: Control loop missed its desired rate of 20.0000Hz
[controller_server-7] [INFO] [1783332535.274129650] [leo2.controller_server]: Passing new path to controller.
[controller_server-1] [INFO] [1783332536.159856938] [leo1.controller_server]: Passing new path to controller.
[controller_server-1] [WARN] [1783332536.262423091] [leo1.controller_server]: Control loop missed its desired rate of 20.0000Hz
[controller_server-7] [INFO] [1783332536.324118785] [leo2.controller_server]: Passing new path to controller.
[controller_server-1] [INFO] [1783332537.178469569] [leo1.controller_server]: Passing new path to controller.
[controller_server-7] [INFO] [1783332537.324131230] [leo2.controller_server]: Passing new path to controller.
[controller_server-1] [ERROR] [1783332537.712580898] [leo1.controller_server]: Failed to make progress
[controller_server-1] [WARN] [1783332537.712709427] [leo1.controller_server]: [follow_path] [ActionServer] Aborting handle.
[controller_server-1] [INFO] [1783332537.713020059] [leo1.local_costmap.local_costmap]: Received request to clear entirely the local_costmap
[planner_server-2] [INFO] [1783332537.713556573] [leo1.global_costmap.global_costmap]: Received request to clear entirely the global_costmap
[controller_server-1] [INFO] [1783332537.914033703] [leo1.controller_server]: Received a goal, begin computing control effort.
[controller_server-7] [INFO] [1783332538.374143809] [leo2.controller_server]: Passing new path to controller.
[controller_server-7] [ERROR] [1783332538.557704470] [transformPoseInTargetFrame]: Extrapolation Error looking up target frame: Lookup would require extrapolation into the future.  Requested time 597.879000 but the latest data is at time 597.873000, when looking up transform from frame [map] to frame [leo2/base_link]
[controller_server-7] 
[controller_server-7] [WARN] [1783332538.558593958] [leo2.controller_server]: Control loop missed its desired rate of 20.0000Hz
[controller_server-1] [INFO] [1783332538.964257212] [leo1.controller_server]: Passing new path to controller.
[controller_server-1] [WARN] [1783332539.160283800] [leo1.controller_server]: Control loop missed its desired rate of 20.0000Hz
[controller_server-7] [INFO] [1783332539.379161791] [leo2.controller_server]: Passing new path to controller.
[controller_server-7] [WARN] [1783332539.523126807] [leo2.controller_server]: Control loop missed its desired rate of 20.0000Hz
[controller_server-1] [INFO] [1783332540.022873667] [leo1.controller_server]: Passing new path to controller.
[controller_server-1] [WARN] [1783332540.166475456] [leo1.controller_server]: Control loop missed its desired rate of 20.0000Hz
[controller_server-7] [ERROR] [1783332540.342100863] [leo2.controller_server]: Failed to make progress
[controller_server-7] [WARN] [1783332540.342244157] [leo2.controller_server]: [follow_path] [ActionServer] Aborting handle.
[controller_server-7] [INFO] [1783332540.357567432] [leo2.local_costmap.local_costmap]: Received request to clear entirely the local_costmap
[planner_server-8] [INFO] [1783332540.358157907] [leo2.global_costmap.global_costmap]: Received request to clear entirely the global_costmap
[controller_server-7] [INFO] [1783332540.568823591] [leo2.controller_server]: Received a goal, begin computing control effort.
[controller_server-7] [WARN] [1783332540.901883572] [leo2.controller_server]: Control loop missed its desired rate of 20.0000Hz
[controller_server-1] [INFO] [1783332541.030998006] [leo1.controller_server]: Passing new path to controller.
[controller_server-1] [WARN] [1783332541.184702491] [leo1.controller_server]: Control loop missed its desired rate of 20.0000Hz
[controller_server-7] [WARN] [1783332541.235023062] [leo2.controller_server]: Control loop missed its desired rate of 20.0000Hz
[controller_server-7] [ERROR] [1783332541.570088381] [transformPoseInTargetFrame]: Extrapolation Error looking up target frame: Lookup would require extrapolation into the future.  Requested time 599.700000 but the latest data is at time 599.673000, when looking up transform from frame [map] to frame [leo2/base_link]
[controller_server-7] 
[controller_server-7] [WARN] [1783332541.570752400] [leo2.controller_server]: Control loop missed its desired rate of 20.0000Hz
[controller_server-7] [INFO] [1783332541.623107611] [leo2.controller_server]: Passing new path to controller.
[controller_server-7] [ERROR] [1783332541.887941934] [transformPoseInTargetFrame]: Extrapolation Error looking up target frame: Lookup would require extrapolation into the future.  Requested time 599.887000 but the latest data is at time 599.873000, when looking up transform from frame [map] to frame [leo2/base_link]
[controller_server-7] 
[controller_server-7] [WARN] [1783332541.888588597] [leo2.controller_server]: Control loop missed its desired rate of 20.0000Hz
[controller_server-1] [INFO] [1783332542.049332010] [leo1.controller_server]: Passing new path to controller.
[controller_server-7] [INFO] [1783332542.214033249] [leo2.local_costmap.local_costmap]: Received request to clear entirely the local_costmap
[planner_server-8] [INFO] [1783332542.214140466] [leo2.global_costmap.global_costmap]: Received request to clear entirely the global_costmap
[controller_server-1] [WARN] [1783332542.223348756] [leo1.controller_server]: Control loop missed its desired rate of 20.0000Hz
[controller_server-7] [WARN] [1783332542.388215442] [leo2.controller_server]: Control loop missed its desired rate of 20.0000Hz
[controller_server-7] [WARN] [1783332542.389292393] [leo2.controller_server]: Control loop missed its desired rate of 20.0000Hz
[controller_server-7] [INFO] [1783332542.638680187] [leo2.controller_server]: Passing new path to controller.
[controller_server-7] [ERROR] [1783332542.941330385] [transformPoseInTargetFrame]: Extrapolation Error looking up target frame: Lookup would require extrapolation into the future.  Requested time 600.493000 but the latest data is at time 600.473000, when looking up transform from frame [map] to frame [leo2/base_link]
[controller_server-7] 
[controller_server-7] [WARN] [1783332542.941889154] [leo2.controller_server]: Control loop missed its desired rate of 20.0000Hz
[controller_server-1] [INFO] [1783332543.090887378] [leo1.controller_server]: Passing new path to controller.
[controller_server-1] [WARN] [1783332543.264631334] [leo1.controller_server]: Control loop missed its desired rate of 20.0000Hz
[controller_server-7] [INFO] [1783332543.656467003] [leo2.controller_server]: Passing new path to controller.
[controller_server-7] [WARN] [1783332543.974403946] [leo2.controller_server]: Control loop missed its desired rate of 20.0000Hz
[controller_server-1] [INFO] [1783332544.129303850] [leo1.controller_server]: Passing new path to controller.
[controller_server-1] [WARN] [1783332544.242281616] [leo1.controller_server]: Control loop missed its desired rate of 20.0000Hz
[controller_server-7] [WARN] [1783332544.296702872] [leo2.controller_server]: Control loop missed its desired rate of 20.0000Hz
[controller_server-7] [ERROR] [1783332544.618850041] [transformPoseInTargetFrame]: Extrapolation Error looking up target frame: Lookup would require extrapolation into the future.  Requested time 601.500000 but the latest data is at time 601.493000, when looking up transform from frame [map] to frame [leo2/base_link]
[controller_server-7] 
[controller_server-7] [WARN] [1783332544.619674264] [leo2.controller_server]: Control loop missed its desired rate of 20.0000Hz
[controller_server-7] [INFO] [1783332544.723440602] [leo2.controller_server]: Passing new path to controller.
[controller_server-7] [ERROR] [1783332544.926639714] [transformPoseInTargetFrame]: Extrapolation Error looking up target frame: Lookup would require extrapolation into the future.  Requested time 601.674000 but the latest data is at time 601.673000, when looking up transform from frame [map] to frame [leo2/base_link]
[controller_server-7] 
[controller_server-7] [WARN] [1783332544.927857789] [leo2.controller_server]: Control loop missed its desired rate of 20.0000Hz
[controller_server-1] [INFO] [1783332545.164462759] [leo1.controller_server]: Passing new path to controller.
[controller_server-1] [WARN] [1783332545.237229314] [leo1.controller_server]: Control loop missed its desired rate of 20.0000Hz
[controller_server-7] [INFO] [1783332545.742264052] [leo2.controller_server]: Passing new path to controller.
[controller_server-7] [WARN] [1783332545.936040847] [leo2.controller_server]: Control loop missed its desired rate of 20.0000Hz
[controller_server-1] [INFO] [1783332546.164482897] [leo1.controller_server]: Passing new path to controller.
[controller_server-7] [ERROR] [1783332546.258346438] [transformPoseInTargetFrame]: Extrapolation Error looking up target frame: Lookup would require extrapolation into the future.  Requested time 602.500000 but the latest data is at time 602.493000, when looking up transform from frame [map] to frame [leo2/base_link]
[controller_server-7] 
[controller_server-7] [WARN] [1783332546.258960407] [leo2.controller_server]: Control loop missed its desired rate of 20.0000Hz
[controller_server-7] [INFO] [1783332546.772387386] [leo2.controller_server]: Passing new path to controller.
[controller_server-7] [WARN] [1783332546.915370677] [leo2.controller_server]: Control loop missed its desired rate of 20.0000Hz
[controller_server-1] [INFO] [1783332547.214460587] [leo1.controller_server]: Passing new path to controller.
[controller_server-7] [WARN] [1783332547.232460908] [leo2.controller_server]: Control loop missed its desired rate of 20.0000Hz
[controller_server-7] [ERROR] [1783332547.554903506] [transformPoseInTargetFrame]: Extrapolation Error looking up target frame: Lookup would require extrapolation into the future.  Requested time 603.300000 but the latest data is at time 603.273000, when looking up transform from frame [map] to frame [leo2/base_link]
[controller_server-7] 
[controller_server-7] [WARN] [1783332547.555670546] [leo2.controller_server]: Control loop missed its desired rate of 20.0000Hz
[controller_server-7] [INFO] [1783332547.810182129] [leo2.controller_server]: Passing new path to controller.
[controller_server-7] [ERROR] [1783332548.198339627] [transformPoseInTargetFrame]: Extrapolation Error looking up target frame: Lookup would require extrapolation into the future.  Requested time 603.695000 but the latest data is at time 603.693000, when looking up transform from frame [map] to frame [leo2/base_link]
[controller_server-7] 
[controller_server-7] [WARN] [1783332548.199336406] [leo2.controller_server]: Control loop missed its desired rate of 20.0000Hz
[controller_server-1] [INFO] [1783332548.214502658] [leo1.controller_server]: Passing new path to controller.
[controller_server-7] [INFO] [1783332548.813372625] [leo2.controller_server]: Passing new path to controller.
[controller_server-7] [ERROR] [1783332549.141882745] [transformPoseInTargetFrame]: Extrapolation Error looking up target frame: Lookup would require extrapolation into the future.  Requested time 604.278000 but the latest data is at time 604.273000, when looking up transform from frame [map] to frame [leo2/base_link]
[controller_server-7] 
[controller_server-7] [WARN] [1783332549.142621902] [leo2.controller_server]: Control loop missed its desired rate of 20.0000Hz
[controller_server-1] [INFO] [1783332549.264465307] [leo1.controller_server]: Passing new path to controller.
[controller_server-1] [WARN] [1783332549.438127527] [leo1.controller_server]: Control loop missed its desired rate of 20.0000Hz
[controller_server-7] [INFO] [1783332549.857296755] [leo2.controller_server]: Passing new path to controller.
[controller_server-7] [ERROR] [1783332550.090946180] [transformPoseInTargetFrame]: Extrapolation Error looking up target frame: Lookup would require extrapolation into the future.  Requested time 604.887000 but the latest data is at time 604.873000, when looking up transform from frame [map] to frame [leo2/base_link]
[controller_server-7] 
[controller_server-7] [WARN] [1783332550.091713019] [leo2.controller_server]: Control loop missed its desired rate of 20.0000Hz
[controller_server-1] [INFO] [1783332550.300275552] [leo1.controller_server]: Passing new path to controller.
[controller_server-7] [INFO] [1783332550.909837491] [leo2.controller_server]: Passing new path to controller.
[controller_server-7] [WARN] [1783332551.062397205] [leo2.controller_server]: Control loop missed its desired rate of 20.0000Hz
[controller_server-1] [INFO] [1783332551.338239201] [leo1.controller_server]: Passing new path to controller.
[controller_server-7] [ERROR] [1783332551.394839108] [transformPoseInTargetFrame]: Extrapolation Error looking up target frame: Lookup would require extrapolation into the future.  Requested time 605.700000 but the latest data is at time 605.693000, when looking up transform from frame [map] to frame [leo2/base_link]
[controller_server-7] 
[controller_server-7] [WARN] [1783332551.396047431] [leo2.controller_server]: Control loop missed its desired rate of 20.0000Hz
[controller_server-7] [INFO] [1783332551.911357089] [leo2.controller_server]: Passing new path to controller.
[controller_server-7] [ERROR] [1783332552.084581390] [transformPoseInTargetFrame]: Extrapolation Error looking up target frame: Lookup would require extrapolation into the future.  Requested time 606.100000 but the latest data is at time 606.073000, when looking up transform from frame [map] to frame [leo2/base_link]
[controller_server-7] 
[controller_server-7] [WARN] [1783332552.085609475] [leo2.controller_server]: Control loop missed its desired rate of 20.0000Hz
[controller_server-1] [INFO] [1783332552.338217819] [leo1.controller_server]: Passing new path to controller.
[controller_server-7] [INFO] [1783332552.954880647] [leo2.controller_server]: Passing new path to controller.
[controller_server-7] [WARN] [1783332553.097650672] [leo2.controller_server]: Control loop missed its desired rate of 20.0000Hz
[controller_server-7] [ERROR] [1783332553.372986373] [transformPoseInTargetFrame]: Extrapolation Error looking up target frame: Lookup would require extrapolation into the future.  Requested time 606.876000 but the latest data is at time 606.873000, when looking up transform from frame [map] to frame [leo2/base_link]
[controller_server-7] 
[controller_server-7] [WARN] [1783332553.373720700] [leo2.controller_server]: Control loop missed its desired rate of 20.0000Hz
[controller_server-1] [INFO] [1783332553.388233707] [leo1.controller_server]: Passing new path to controller.
[controller_server-7] [INFO] [1783332553.988590552] [leo2.controller_server]: Passing new path to controller.
[controller_server-7] [ERROR] [1783332554.356132165] [transformPoseInTargetFrame]: Extrapolation Error looking up target frame: Lookup would require extrapolation into the future.  Requested time 607.490000 but the latest data is at time 607.473000, when looking up transform from frame [map] to frame [leo2/base_link]
[controller_server-7] 
[controller_server-7] [WARN] [1783332554.357025553] [leo2.controller_server]: Control loop missed its desired rate of 20.0000Hz
[controller_server-1] [INFO] [1783332554.438227588] [leo1.controller_server]: Passing new path to controller.
[controller_server-1] [WARN] [1783332554.632113203] [leo1.controller_server]: Control loop missed its desired rate of 20.0000Hz
[controller_server-7] [INFO] [1783332555.023338521] [leo2.controller_server]: Passing new path to controller.
[bt_navigator-4] [INFO] [1783332555.322668106] [leo1.bt_navigator]: Received goal preemption request
[bt_navigator-4] [INFO] [1783332555.323444121] [leo1.bt_navigator]: Begin navigating from current location (-0.47, 0.46) to (1.27, 2.89)
[bt_navigator-10] [INFO] [1783332555.327269308] [leo2.bt_navigator]: Received goal preemption request
[bt_navigator-10] [INFO] [1783332555.328138377] [leo2.bt_navigator]: Begin navigating from current location (1.27, 0.68) to (1.27, 2.89)
[controller_server-7] [WARN] [1783332555.338186854] [leo2.controller_server]: Control loop missed its desired rate of 20.0000Hz
[controller_server-1] [INFO] [1783332555.446156970] [leo1.controller_server]: Passing new path to controller.
[controller_server-1] [WARN] [1783332555.630283836] [leo1.controller_server]: Control loop missed its desired rate of 20.0000Hz
[controller_server-7] [ERROR] [1783332555.665902509] [transformPoseInTargetFrame]: Extrapolation Error looking up target frame: Lookup would require extrapolation into the future.  Requested time 608.300000 but the latest data is at time 608.293000, when looking up transform from frame [map] to frame [leo2/base_link]
[controller_server-7] 
[controller_server-7] [WARN] [1783332555.666596238] [leo2.controller_server]: Control loop missed its desired rate of 20.0000Hz
[controller_server-7] [INFO] [1783332556.026802249] [leo2.controller_server]: Passing new path to controller.
[controller_server-7] [ERROR] [1783332556.280669601] [transformPoseInTargetFrame]: Extrapolation Error looking up target frame: Lookup would require extrapolation into the future.  Requested time 608.676000 but the latest data is at time 608.673000, when looking up transform from frame [map] to frame [leo2/base_link]
[controller_server-7] 
[controller_server-7] [WARN] [1783332556.281502258] [leo2.controller_server]: Control loop missed its desired rate of 20.0000Hz
[controller_server-1] [INFO] [1783332556.496655743] [leo1.controller_server]: Passing new path to controller.
[controller_server-7] [INFO] [1783332557.048038199] [leo2.controller_server]: Passing new path to controller.
[controller_server-7] [ERROR] [1783332557.241728479] [transformPoseInTargetFrame]: Extrapolation Error looking up target frame: Lookup would require extrapolation into the future.  Requested time 609.277000 but the latest data is at time 609.273000, when looking up transform from frame [map] to frame [leo2/base_link]
[controller_server-7] 
[controller_server-7] [WARN] [1783332557.242437052] [leo2.controller_server]: Control loop missed its desired rate of 20.0000Hz
[controller_server-1] [INFO] [1783332557.530398702] [leo1.controller_server]: Passing new path to controller.
[controller_server-7] [INFO] [1783332558.058969507] [leo2.controller_server]: Passing new path to controller.
[controller_server-7] [ERROR] [1783332558.232105041] [transformPoseInTargetFrame]: Extrapolation Error looking up target frame: Lookup would require extrapolation into the future.  Requested time 609.900000 but the latest data is at time 609.873000, when looking up transform from frame [map] to frame [leo2/base_link]
[controller_server-7] 
[controller_server-7] [WARN] [1783332558.233478655] [leo2.controller_server]: Control loop missed its desired rate of 20.0000Hz
[controller_server-1] [INFO] [1783332558.530374016] [leo1.controller_server]: Passing new path to controller.
[controller_server-7] [INFO] [1783332559.100686591] [leo2.controller_server]: Passing new path to controller.
[controller_server-7] [WARN] [1783332559.193323504] [leo2.controller_server]: Control loop missed its desired rate of 20.0000Hz
[controller_server-7] [WARN] [1783332559.515990330] [leo2.controller_server]: Control loop missed its desired rate of 20.0000Hz
[controller_server-1] [INFO] [1783332559.580373961] [leo1.controller_server]: Passing new path to controller.
[controller_server-1] [ERROR] [1783332559.773684181] [transformPoseInTargetFrame]: Extrapolation Error looking up target frame: Lookup would require extrapolation into the future.  Requested time 610.838000 but the latest data is at time 610.832000, when looking up transform from frame [map] to frame [leo1/base_link]
[controller_server-1] 
[controller_server-1] [WARN] [1783332559.774652967] [leo1.controller_server]: Control loop missed its desired rate of 20.0000Hz
[controller_server-7] [WARN] [1783332559.845322380] [leo2.controller_server]: Control loop missed its desired rate of 20.0000Hz
[controller_server-7] [WARN] [1783332560.187971760] [leo2.controller_server]: Control loop missed its desired rate of 20.0000Hz
[controller_server-7] [INFO] [1783332560.188051490] [leo2.controller_server]: Passing new path to controller.
[controller_server-7] [ERROR] [1783332560.525927707] [transformPoseInTargetFrame]: Extrapolation Error looking up target frame: Lookup would require extrapolation into the future.  Requested time 611.288000 but the latest data is at time 611.273000, when looking up transform from frame [map] to frame [leo2/base_link]
[controller_server-7] 
[controller_server-7] [WARN] [1783332560.526826737] [leo2.controller_server]: Control loop missed its desired rate of 20.0000Hz
[controller_server-1] [INFO] [1783332560.586673950] [leo1.controller_server]: Passing new path to controller.
[controller_server-1] [ERROR] [1783332560.780047078] [transformPoseInTargetFrame]: Extrapolation Error looking up target frame: Lookup would require extrapolation into the future.  Requested time 611.435000 but the latest data is at time 611.432000, when looking up transform from frame [map] to frame [leo1/base_link]
[controller_server-1] 
[controller_server-1] [WARN] [1783332560.780594532] [leo1.controller_server]: Control loop missed its desired rate of 20.0000Hz
[controller_server-7] [INFO] [1783332561.194302585] [leo2.controller_server]: Passing new path to controller.
[controller_server-7] [WARN] [1783332561.539143518] [leo2.controller_server]: Control loop missed its desired rate of 20.0000Hz
[controller_server-1] [INFO] [1783332561.645730528] [leo1.controller_server]: Passing new path to controller.
[controller_server-1] [WARN] [1783332561.829940981] [leo1.controller_server]: Control loop missed its desired rate of 20.0000Hz
[controller_server-7] [WARN] [1783332561.884733403] [leo2.controller_server]: Control loop missed its desired rate of 20.0000Hz
[controller_server-7] [WARN] [1783332562.267601186] [leo2.controller_server]: Control loop missed its desired rate of 20.0000Hz
[controller_server-7] [INFO] [1783332562.267692010] [leo2.controller_server]: Passing new path to controller.
[controller_server-7] [ERROR] [1783332562.593393918] [transformPoseInTargetFrame]: Extrapolation Error looking up target frame: Lookup would require extrapolation into the future.  Requested time 612.488000 but the latest data is at time 612.473000, when looking up transform from frame [map] to frame [leo2/base_link]
[controller_server-7] 
[controller_server-7] [WARN] [1783332562.594330472] [leo2.controller_server]: Control loop missed its desired rate of 20.0000Hz
[controller_server-1] [INFO] [1783332562.646018580] [leo1.controller_server]: Passing new path to controller.
[planner_server-8] [ERROR] [1783332563.190377208] [leo2.planner_server]: Failed to create a plan from potential when a legal potential was found. This shouldn't happen.
[planner_server-8] [WARN] [1783332563.190458267] [leo2.planner_server]: GridBased: failed to create plan with tolerance 0.50.
[planner_server-8] [WARN] [1783332563.190468939] [leo2.planner_server]: Planning algorithm GridBased failed to generate a valid path to (1.27, 2.89)
[planner_server-8] [WARN] [1783332563.190476733] [leo2.planner_server]: [compute_path_to_pose] [ActionServer] Aborting handle.
[planner_server-8] [INFO] [1783332563.207303251] [leo2.global_costmap.global_costmap]: Received request to clear entirely the global_costmap
[planner_server-8] [ERROR] [1783332563.351178097] [leo2.planner_server]: Failed to create a plan from potential when a legal potential was found. This shouldn't happen.
[planner_server-8] [WARN] [1783332563.351281823] [leo2.planner_server]: GridBased: failed to create plan with tolerance 0.50.
[planner_server-8] [WARN] [1783332563.351293702] [leo2.planner_server]: Planning algorithm GridBased failed to generate a valid path to (1.27, 2.89)
[planner_server-8] [WARN] [1783332563.351302984] [leo2.planner_server]: [compute_path_to_pose] [ActionServer] Aborting handle.
[bt_navigator-10] [ERROR] [1783332563.388197762] [leo2.bt_navigator_navigate_to_pose_rclcpp_node]: Failed to get result for follow_path in node halt!
[behavior_server-9] [INFO] [1783332563.388656241] [leo2.behavior_server]: Running spin
[behavior_server-9] [INFO] [1783332563.388777532] [leo2.behavior_server]: Turning 1.57 for spin behavior.
[bt_navigator-10] [WARN] [1783332563.389212093] [BehaviorTreeEngine]: Behavior Tree tick rate 100.00 was exceeded!
[controller_server-7] [INFO] [1783332563.412939553] [leo2.controller_server]: Goal was canceled. Stopping the robot.
[controller_server-7] [INFO] [1783332563.413011474] [leo2.controller_server]: [follow_path] [ActionServer] Client requested to cancel the goal. Cancelling.
[controller_server-1] [INFO] [1783332563.673070826] [leo1.controller_server]: Passing new path to controller.
[behavior_server-9] [WARN] [1783332564.089157980] [leo2.behavior_server]: Collision Ahead - Exiting Spin
[behavior_server-9] [WARN] [1783332564.089237131] [leo2.behavior_server]: spin failed
[behavior_server-9] [WARN] [1783332564.089255662] [leo2.behavior_server]: [spin] [ActionServer] Aborting handle.
[behavior_server-9] [INFO] [1783332564.109735291] [leo2.behavior_server]: Running wait
[controller_server-1] [INFO] [1783332564.730090805] [leo1.controller_server]: Passing new path to controller.
[controller_server-1] [WARN] [1783332564.923987495] [leo1.controller_server]: Control loop missed its desired rate of 20.0000Hz
[controller_server-1] [INFO] [1783332565.740150201] [leo1.controller_server]: Passing new path to controller.
[controller_server-1] [WARN] [1783332565.904149985] [leo1.controller_server]: Control loop missed its desired rate of 20.0000Hz
[controller_server-1] [INFO] [1783332566.770200641] [leo1.controller_server]: Passing new path to controller.
[controller_server-1] [WARN] [1783332566.882946387] [leo1.controller_server]: Control loop missed its desired rate of 20.0000Hz
[controller_server-1] [INFO] [1783332567.804264284] [leo1.controller_server]: Passing new path to controller.
[controller_server-1] [WARN] [1783332567.867314977] [leo1.controller_server]: Control loop missed its desired rate of 20.0000Hz
[controller_server-1] [INFO] [1783332568.854300053] [leo1.controller_server]: Passing new path to controller.
[controller_server-1] [INFO] [1783332569.854254487] [leo1.controller_server]: Passing new path to controller.
[controller_server-1] [INFO] [1783332570.904271791] [leo1.controller_server]: Passing new path to controller.
[controller_server-1] [WARN] [1783332571.078010611] [leo1.controller_server]: Control loop missed its desired rate of 20.0000Hz
[controller_server-1] [INFO] [1783332571.943430149] [leo1.controller_server]: Passing new path to controller.
[behavior_server-9] [INFO] [1783332572.210038331] [leo2.behavior_server]: wait completed successfully
[planner_server-8] [ERROR] [1783332572.242398356] [leo2.planner_server]: Failed to create a plan from potential when a legal potential was found. This shouldn't happen.
[planner_server-8] [WARN] [1783332572.242522048] [leo2.planner_server]: GridBased: failed to create plan with tolerance 0.50.
[planner_server-8] [WARN] [1783332572.242544590] [leo2.planner_server]: Planning algorithm GridBased failed to generate a valid path to (1.27, 2.89)
[planner_server-8] [WARN] [1783332572.242560411] [leo2.planner_server]: [compute_path_to_pose] [ActionServer] Aborting handle.
[planner_server-8] [INFO] [1783332572.259519784] [leo2.global_costmap.global_costmap]: Received request to clear entirely the global_costmap
[planner_server-8] [ERROR] [1783332572.353053483] [leo2.planner_server]: Failed to create a plan from potential when a legal potential was found. This shouldn't happen.
[planner_server-8] [WARN] [1783332572.353125386] [leo2.planner_server]: GridBased: failed to create plan with tolerance 0.50.
[planner_server-8] [WARN] [1783332572.353136193] [leo2.planner_server]: Planning algorithm GridBased failed to generate a valid path to (1.27, 2.89)
[planner_server-8] [WARN] [1783332572.353144734] [leo2.planner_server]: [compute_path_to_pose] [ActionServer] Aborting handle.
[behavior_server-9] [INFO] [1783332572.369728137] [leo2.behavior_server]: Running backup
[behavior_server-9] [WARN] [1783332572.369928933] [leo2.behavior_server]: Collision Ahead - Exiting DriveOnHeading
[behavior_server-9] [WARN] [1783332572.369948936] [leo2.behavior_server]: backup failed
[behavior_server-9] [WARN] [1783332572.369957923] [leo2.behavior_server]: [backup] [ActionServer] Aborting handle.
[controller_server-7] [INFO] [1783332572.399489665] [leo2.local_costmap.local_costmap]: Received request to clear entirely the local_costmap
[planner_server-8] [INFO] [1783332572.399893149] [leo2.global_costmap.global_costmap]: Received request to clear entirely the global_costmap
[planner_server-8] [ERROR] [1783332572.543656410] [leo2.planner_server]: Failed to create a plan from potential when a legal potential was found. This shouldn't happen.
[planner_server-8] [WARN] [1783332572.543736087] [leo2.planner_server]: GridBased: failed to create plan with tolerance 0.50.
[planner_server-8] [WARN] [1783332572.543746375] [leo2.planner_server]: Planning algorithm GridBased failed to generate a valid path to (1.27, 2.89)
[planner_server-8] [WARN] [1783332572.543754466] [leo2.planner_server]: [compute_path_to_pose] [ActionServer] Aborting handle.
[planner_server-8] [INFO] [1783332572.559539944] [leo2.global_costmap.global_costmap]: Received request to clear entirely the global_costmap
[planner_server-8] [ERROR] [1783332572.753160660] [leo2.planner_server]: Failed to create a plan from potential when a legal potential was found. This shouldn't happen.
[planner_server-8] [WARN] [1783332572.753245090] [leo2.planner_server]: GridBased: failed to create plan with tolerance 0.50.
[planner_server-8] [WARN] [1783332572.753256954] [leo2.planner_server]: Planning algorithm GridBased failed to generate a valid path to (1.27, 2.89)
[planner_server-8] [WARN] [1783332572.753265500] [leo2.planner_server]: [compute_path_to_pose] [ActionServer] Aborting handle.
[behavior_server-9] [INFO] [1783332572.769850925] [leo2.behavior_server]: Running spin
[behavior_server-9] [INFO] [1783332572.769972350] [leo2.behavior_server]: Turning 1.57 for spin behavior.
[behavior_server-9] [WARN] [1783332572.870362094] [leo2.behavior_server]: Collision Ahead - Exiting Spin
[behavior_server-9] [WARN] [1783332572.870434699] [leo2.behavior_server]: spin failed
[behavior_server-9] [WARN] [1783332572.870451312] [leo2.behavior_server]: [spin] [ActionServer] Aborting handle.
[behavior_server-9] [INFO] [1783332572.899776648] [leo2.behavior_server]: Running wait
[controller_server-1] [INFO] [1783332572.978096122] [leo1.controller_server]: Passing new path to controller.
[controller_server-1] [INFO] [1783332573.978157253] [leo1.controller_server]: Passing new path to controller.
[controller_server-1] [INFO] [1783332575.027584651] [leo1.controller_server]: Passing new path to controller.
[controller_server-1] [INFO] [1783332576.027583536] [leo1.controller_server]: Passing new path to controller.
[controller_server-1] [INFO] [1783332577.077842180] [leo1.controller_server]: Passing new path to controller.
[controller_server-1] [ERROR] [1783332577.271495793] [transformPoseInTargetFrame]: Extrapolation Error looking up target frame: Lookup would require extrapolation into the future.  Requested time 621.439000 but the latest data is at time 621.432000, when looking up transform from frame [map] to frame [leo1/base_link]
[controller_server-1] 
[controller_server-1] [WARN] [1783332577.272052757] [leo1.controller_server]: Control loop missed its desired rate of 20.0000Hz
[controller_server-1] [INFO] [1783332578.086887369] [leo1.controller_server]: Passing new path to controller.
[controller_server-1] [WARN] [1783332578.271481154] [leo1.controller_server]: Control loop missed its desired rate of 20.0000Hz
[controller_server-1] [INFO] [1783332579.139667367] [leo1.controller_server]: Passing new path to controller.
[controller_server-1] [WARN] [1783332579.283088408] [leo1.controller_server]: Control loop missed its desired rate of 20.0000Hz
[controller_server-1] [INFO] [1783332580.149426238] [leo1.controller_server]: Passing new path to controller.
[controller_server-1] [WARN] [1783332580.282336702] [leo1.controller_server]: Control loop missed its desired rate of 20.0000Hz
[controller_server-1] [WARN] [1783332580.284823481] [leo1.controller_server]: Control loop missed its desired rate of 20.0000Hz
[controller_server-1] [ERROR] [1783332580.683231339] [leo1.controller_server]: Failed to make progress
[controller_server-1] [WARN] [1783332580.683356609] [leo1.controller_server]: [follow_path] [ActionServer] Aborting handle.
[controller_server-1] [INFO] [1783332580.702151448] [leo1.local_costmap.local_costmap]: Received request to clear entirely the local_costmap
[controller_server-1] [INFO] [1783332580.703434417] [leo1.controller_server]: Received a goal, begin computing control effort.
[controller_server-1] [WARN] [1783332580.956445412] [leo1.controller_server]: Control loop missed its desired rate of 20.0000Hz
[controller_server-1] [INFO] [1783332581.210345987] [leo1.controller_server]: Passing new path to controller.
[behavior_server-9] [INFO] [1783332581.299503393] [leo2.behavior_server]: wait completed successfully
[planner_server-8] [WARN] [1783332581.331292850] [leo2.planner_server]: GridBased: failed to create plan with tolerance 0.50.
[planner_server-8] [WARN] [1783332581.331424415] [leo2.planner_server]: Planning algorithm GridBased failed to generate a valid path to (1.27, 2.89)
[planner_server-8] [WARN] [1783332581.331452295] [leo2.planner_server]: [compute_path_to_pose] [ActionServer] Aborting handle.
[planner_server-8] [INFO] [1783332581.348988192] [leo2.global_costmap.global_costmap]: Received request to clear entirely the global_costmap
[planner_server-8] [WARN] [1783332581.542929325] [leo2.planner_server]: GridBased: failed to create plan with tolerance 0.50.
[planner_server-8] [WARN] [1783332581.543040222] [leo2.planner_server]: Planning algorithm GridBased failed to generate a valid path to (1.27, 2.89)
[planner_server-8] [WARN] [1783332581.543062832] [leo2.planner_server]: [compute_path_to_pose] [ActionServer] Aborting handle.
[behavior_server-9] [INFO] [1783332581.559150089] [leo2.behavior_server]: Running backup
[controller_server-1] [INFO] [1783332582.206573522] [leo1.controller_server]: Passing new path to controller.
[controller_server-1] [WARN] [1783332582.360489759] [leo1.controller_server]: Control loop missed its desired rate of 20.0000Hz
[controller_server-1] [INFO] [1783332583.275993868] [leo1.controller_server]: Passing new path to controller.
[controller_server-1] [WARN] [1783332583.388784964] [leo1.controller_server]: Control loop missed its desired rate of 20.0000Hz
[controller_server-1] [INFO] [1783332584.310619512] [leo1.controller_server]: Passing new path to controller.
[controller_server-1] [WARN] [1783332584.403242297] [leo1.controller_server]: Control loop missed its desired rate of 20.0000Hz
[controller_server-1] [INFO] [1783332585.310606823] [leo1.controller_server]: Passing new path to controller.
[controller_server-1] [WARN] [1783332585.403837057] [leo1.controller_server]: Control loop missed its desired rate of 20.0000Hz
[controller_server-1] [INFO] [1783332586.360614929] [leo1.controller_server]: Passing new path to controller.
[controller_server-1] [WARN] [1783332586.433236027] [leo1.controller_server]: Control loop missed its desired rate of 20.0000Hz
[controller_server-1] [INFO] [1783332587.360610581] [leo1.controller_server]: Passing new path to controller.
[controller_server-1] [WARN] [1783332587.433244953] [leo1.controller_server]: Control loop missed its desired rate of 20.0000Hz
[controller_server-1] [INFO] [1783332588.410616532] [leo1.controller_server]: Passing new path to controller.
[controller_server-1] [INFO] [1783332589.460611679] [leo1.controller_server]: Passing new path to controller.
[controller_server-1] [INFO] [1783332590.460602785] [leo1.controller_server]: Passing new path to controller.
[controller_server-1] [INFO] [1783332591.510601075] [leo1.controller_server]: Passing new path to controller.
[controller_server-1] [INFO] [1783332592.510614380] [leo1.controller_server]: Passing new path to controller.
[behavior_server-9] [INFO] [1783332593.259501995] [leo2.behavior_server]: backup completed successfully
[controller_server-7] [INFO] [1783332593.309900721] [leo2.controller_server]: Received a goal, begin computing control effort.
[controller_server-7] [WARN] [1783332593.441814503] [leo2.controller_server]: Control loop missed its desired rate of 20.0000Hz
[controller_server-1] [INFO] [1783332593.560575219] [leo1.controller_server]: Passing new path to controller.
[controller_server-1] [WARN] [1783332593.693452728] [leo1.controller_server]: Control loop missed its desired rate of 20.0000Hz
[controller_server-7] [WARN] [1783332593.753886488] [leo2.controller_server]: Control loop missed its desired rate of 20.0000Hz
[controller_server-7] [WARN] [1783332594.056122814] [leo2.controller_server]: Control loop missed its desired rate of 20.0000Hz
[controller_server-7] [WARN] [1783332594.375978036] [leo2.controller_server]: Control loop missed its desired rate of 20.0000Hz
[controller_server-7] [INFO] [1783332594.376025662] [leo2.controller_server]: Passing new path to controller.
[controller_server-1] [INFO] [1783332594.608222718] [leo1.controller_server]: Passing new path to controller.
[controller_server-7] [WARN] [1783332594.713747425] [leo2.controller_server]: Control loop missed its desired rate of 20.0000Hz
[controller_server-7] [WARN] [1783332595.053765947] [leo2.controller_server]: Control loop missed its desired rate of 20.0000Hz
[controller_server-7] [WARN] [1783332595.376041927] [leo2.controller_server]: Control loop missed its desired rate of 20.0000Hz
[controller_server-7] [INFO] [1783332595.376082968] [leo2.controller_server]: Passing new path to controller.
[controller_server-1] [INFO] [1783332595.593537444] [leo1.controller_server]: Passing new path to controller.
[controller_server-7] [WARN] [1783332595.678039967] [leo2.controller_server]: Control loop missed its desired rate of 20.0000Hz
[controller_server-7] [WARN] [1783332595.990249165] [leo2.controller_server]: Control loop missed its desired rate of 20.0000Hz
[controller_server-7] [WARN] [1783332596.292302485] [leo2.controller_server]: Control loop missed its desired rate of 20.0000Hz
[controller_server-7] [INFO] [1783332596.442384968] [leo2.controller_server]: Passing new path to controller.
[controller_server-7] [WARN] [1783332596.615301766] [leo2.controller_server]: Control loop missed its desired rate of 20.0000Hz
[controller_server-1] [INFO] [1783332596.643546201] [leo1.controller_server]: Passing new path to controller.
[controller_server-7] [WARN] [1783332596.927718191] [leo2.controller_server]: Control loop missed its desired rate of 20.0000Hz
[controller_server-7] [WARN] [1783332597.233894431] [leo2.controller_server]: Control loop missed its desired rate of 20.0000Hz
[controller_server-7] [WARN] [1783332597.541099947] [leo2.controller_server]: Control loop missed its desired rate of 20.0000Hz
[controller_server-7] [INFO] [1783332597.541178692] [leo2.controller_server]: Passing new path to controller.
[controller_server-1] [INFO] [1783332597.693546136] [leo1.controller_server]: Passing new path to controller.
[controller_server-1] [WARN] [1783332597.806671644] [leo1.controller_server]: Control loop missed its desired rate of 20.0000Hz
[controller_server-7] [WARN] [1783332597.865432753] [leo2.controller_server]: Control loop missed its desired rate of 20.0000Hz
[controller_server-7] [WARN] [1783332598.201481663] [leo2.controller_server]: Control loop missed its desired rate of 20.0000Hz
[controller_server-7] [WARN] [1783332598.542097928] [leo2.controller_server]: Control loop missed its desired rate of 20.0000Hz
[controller_server-7] [INFO] [1783332598.542151273] [leo2.controller_server]: Passing new path to controller.
[controller_server-1] [INFO] [1783332598.722138590] [leo1.controller_server]: Passing new path to controller.
[controller_server-1] [WARN] [1783332598.825175208] [leo1.controller_server]: Control loop missed its desired rate of 20.0000Hz
[controller_server-7] [WARN] [1783332598.877713806] [leo2.controller_server]: Control loop missed its desired rate of 20.0000Hz
[controller_server-7] [WARN] [1783332599.211329096] [leo2.controller_server]: Control loop missed its desired rate of 20.0000Hz
[controller_server-7] [WARN] [1783332599.554577585] [leo2.controller_server]: Control loop missed its desired rate of 20.0000Hz
[controller_server-7] [INFO] [1783332599.554637066] [leo2.controller_server]: Passing new path to controller.
[controller_server-1] [INFO] [1783332599.756759042] [leo1.controller_server]: Passing new path to controller.
[controller_server-1] [WARN] [1783332599.840830126] [leo1.controller_server]: Control loop missed its desired rate of 20.0000Hz
[controller_server-7] [WARN] [1783332599.900601689] [leo2.controller_server]: Control loop missed its desired rate of 20.0000Hz
[controller_server-7] [WARN] [1783332600.252818063] [leo2.controller_server]: Control loop missed its desired rate of 20.0000Hz
[controller_server-7] [WARN] [1783332600.575204344] [leo2.controller_server]: Control loop missed its desired rate of 20.0000Hz
[controller_server-7] [INFO] [1783332600.575250531] [leo2.controller_server]: Passing new path to controller.
[controller_server-1] [INFO] [1783332600.756765033] [leo1.controller_server]: Passing new path to controller.
[controller_server-1] [WARN] [1783332600.839186317] [leo1.controller_server]: Control loop missed its desired rate of 20.0000Hz
[controller_server-7] [WARN] [1783332600.897447549] [leo2.controller_server]: Control loop missed its desired rate of 20.0000Hz
[controller_server-7] [WARN] [1783332601.215842047] [leo2.controller_server]: Control loop missed its desired rate of 20.0000Hz
[controller_server-7] [WARN] [1783332601.538132915] [leo2.controller_server]: Control loop missed its desired rate of 20.0000Hz
[controller_server-7] [INFO] [1783332601.600324227] [leo2.controller_server]: Passing new path to controller.
[controller_server-1] [INFO] [1783332601.806766150] [leo1.controller_server]: Passing new path to controller.
[controller_server-7] [ERROR] [1783332601.864441004] [transformPoseInTargetFrame]: Extrapolation Error looking up target frame: Lookup would require extrapolation into the future.  Requested time 636.290000 but the latest data is at time 636.273000, when looking up transform from frame [map] to frame [leo2/base_link]
[controller_server-7] 
[controller_server-7] [WARN] [1783332601.865422968] [leo2.controller_server]: Control loop missed its desired rate of 20.0000Hz
[controller_server-7] [INFO] [1783332602.588011590] [leo2.controller_server]: Passing new path to controller.
[controller_server-1] [INFO] [1783332602.806773661] [leo1.controller_server]: Passing new path to controller.
[controller_server-7] [ERROR] [1783332602.831776181] [transformPoseInTargetFrame]: Extrapolation Error looking up target frame: Lookup would require extrapolation into the future.  Requested time 636.874000 but the latest data is at time 636.873000, when looking up transform from frame [map] to frame [leo2/base_link]
[controller_server-7] 
[controller_server-7] [WARN] [1783332602.832782822] [leo2.controller_server]: Control loop missed its desired rate of 20.0000Hz
[controller_server-7] [INFO] [1783332603.650342935] [leo2.controller_server]: Passing new path to controller.
[controller_server-7] [WARN] [1783332603.792975228] [leo2.controller_server]: Control loop missed its desired rate of 20.0000Hz
[controller_server-1] [INFO] [1783332603.856760919] [leo1.controller_server]: Passing new path to controller.
[controller_server-1] [WARN] [1783332604.050457013] [leo1.controller_server]: Control loop missed its desired rate of 20.0000Hz
[controller_server-7] [WARN] [1783332604.105187840] [leo2.controller_server]: Control loop missed its desired rate of 20.0000Hz
[controller_server-7] [WARN] [1783332604.427673823] [leo2.controller_server]: Control loop missed its desired rate of 20.0000Hz
[controller_server-7] [ERROR] [1783332604.734026628] [transformPoseInTargetFrame]: Extrapolation Error looking up target frame: Lookup would require extrapolation into the future.  Requested time 638.090000 but the latest data is at time 638.073000, when looking up transform from frame [map] to frame [leo2/base_link]
[controller_server-7] 
[controller_server-7] [WARN] [1783332604.735015071] [leo2.controller_server]: Control loop missed its desired rate of 20.0000Hz
[controller_server-7] [INFO] [1783332604.735041988] [leo2.controller_server]: Passing new path to controller.
[controller_server-1] [INFO] [1783332604.865120643] [leo1.controller_server]: Passing new path to controller.
[controller_server-1] [WARN] [1783332604.998073243] [leo1.controller_server]: Control loop missed its desired rate of 20.0000Hz
[controller_server-7] [WARN] [1783332605.056996627] [leo2.controller_server]: Control loop missed its desired rate of 20.0000Hz
[controller_server-7] [WARN] [1783332605.369191677] [leo2.controller_server]: Control loop missed its desired rate of 20.0000Hz
[controller_server-7] [WARN] [1783332605.671281989] [leo2.controller_server]: Control loop missed its desired rate of 20.0000Hz
[controller_server-7] [INFO] [1783332605.744146183] [leo2.controller_server]: Passing new path to controller.
[controller_server-1] [INFO] [1783332605.900110935] [leo1.controller_server]: Passing new path to controller.
[controller_server-7] [WARN] [1783332605.973368079] [leo2.controller_server]: Control loop missed its desired rate of 20.0000Hz
[controller_server-7] [ERROR] [1783332606.285594692] [transformPoseInTargetFrame]: Extrapolation Error looking up target frame: Lookup would require extrapolation into the future.  Requested time 639.100000 but the latest data is at time 639.093000, when looking up transform from frame [map] to frame [leo2/base_link]
[controller_server-7] 
[controller_server-7] [WARN] [1783332606.286826943] [leo2.controller_server]: Control loop missed its desired rate of 20.0000Hz
[controller_server-7] [INFO] [1783332606.750418288] [leo2.controller_server]: Passing new path to controller.
[controller_server-7] [WARN] [1783332606.902977717] [leo2.controller_server]: Control loop missed its desired rate of 20.0000Hz
[controller_server-1] [INFO] [1783332606.950103348] [leo1.controller_server]: Passing new path to controller.
[controller_server-1] [ERROR] [1783332607.133289480] [transformPoseInTargetFrame]: Extrapolation Error looking up target frame: Lookup would require extrapolation into the future.  Requested time 639.640000 but the latest data is at time 639.632000, when looking up transform from frame [map] to frame [leo1/base_link]
[controller_server-1] 
[controller_server-1] [WARN] [1783332607.134160178] [leo1.controller_server]: Control loop missed its desired rate of 20.0000Hz
[controller_server-7] [ERROR] [1783332607.198003546] [transformPoseInTargetFrame]: Extrapolation Error looking up target frame: Lookup would require extrapolation into the future.  Requested time 639.688000 but the latest data is at time 639.673000, when looking up transform from frame [map] to frame [leo2/base_link]
[controller_server-7] 
[controller_server-7] [WARN] [1783332607.199294130] [leo2.controller_server]: Control loop missed its desired rate of 20.0000Hz
[controller_server-7] [INFO] [1783332607.768433055] [leo2.controller_server]: Passing new path to controller.
[controller_server-7] [WARN] [1783332607.880984838] [leo2.controller_server]: Control loop missed its desired rate of 20.0000Hz
[controller_server-7] [WARN] [1783332607.903391643] [leo2.controller_server]: Control loop missed its desired rate of 20.0000Hz
[controller_server-1] [INFO] [1783332607.999133552] [leo1.controller_server]: Passing new path to controller.
[controller_server-1] [WARN] [1783332608.142570484] [leo1.controller_server]: Control loop missed its desired rate of 20.0000Hz
[controller_server-7] [ERROR] [1783332608.181870476] [transformPoseInTargetFrame]: Extrapolation Error looking up target frame: Lookup would require extrapolation into the future.  Requested time 640.277000 but the latest data is at time 640.273000, when looking up transform from frame [map] to frame [leo2/base_link]
[controller_server-7] 
[controller_server-7] [WARN] [1783332608.182811251] [leo2.controller_server]: Control loop missed its desired rate of 20.0000Hz
[controller_server-7] [INFO] [1783332608.798265304] [leo2.controller_server]: Passing new path to controller.
[controller_server-1] [INFO] [1783332609.007064687] [leo1.controller_server]: Passing new path to controller.
[controller_server-7] [WARN] [1783332609.144990123] [leo2.controller_server]: Control loop missed its desired rate of 20.0000Hz
[controller_server-7] [WARN] [1783332609.458665907] [leo2.controller_server]: Control loop missed its desired rate of 20.0000Hz
[controller_server-7] [WARN] [1783332609.760590265] [leo2.controller_server]: Control loop missed its desired rate of 20.0000Hz
[controller_server-7] [INFO] [1783332609.831094199] [leo2.controller_server]: Passing new path to controller.
[controller_server-1] [INFO] [1783332610.042686779] [leo1.controller_server]: Passing new path to controller.
[controller_server-7] [ERROR] [1783332610.074945754] [transformPoseInTargetFrame]: Extrapolation Error looking up target frame: Lookup would require extrapolation into the future.  Requested time 641.494000 but the latest data is at time 641.473000, when looking up transform from frame [map] to frame [leo2/base_link]
[controller_server-7] 
[controller_server-7] [WARN] [1783332610.076807511] [leo2.controller_server]: Control loop missed its desired rate of 20.0000Hz
[planner_server-8] [WARN] [1783332610.821769020] [leo2.planner_server]: GridBased: failed to create plan with tolerance 0.50.
[planner_server-8] [WARN] [1783332610.821847889] [leo2.planner_server]: Planning algorithm GridBased failed to generate a valid path to (1.27, 2.89)
[planner_server-8] [WARN] [1783332610.821858321] [leo2.planner_server]: [compute_path_to_pose] [ActionServer] Aborting handle.
[planner_server-8] [INFO] [1783332610.838428563] [leo2.global_costmap.global_costmap]: Received request to clear entirely the global_costmap
[planner_server-8] [WARN] [1783332610.951460456] [leo2.planner_server]: GridBased: failed to create plan with tolerance 0.50.
[planner_server-8] [WARN] [1783332610.951583756] [leo2.planner_server]: Planning algorithm GridBased failed to generate a valid path to (1.27, 2.89)
[planner_server-8] [WARN] [1783332610.951608550] [leo2.planner_server]: [compute_path_to_pose] [ActionServer] Aborting handle.
[bt_navigator-10] [ERROR] [1783332610.989616545] [leo2.bt_navigator_navigate_to_pose_rclcpp_node]: Failed to get result for follow_path in node halt!
[controller_server-7] [INFO] [1783332610.989829977] [leo2.local_costmap.local_costmap]: Received request to clear entirely the local_costmap
[planner_server-8] [INFO] [1783332610.990310768] [leo2.global_costmap.global_costmap]: Received request to clear entirely the global_costmap
[bt_navigator-10] [WARN] [1783332610.991611177] [BehaviorTreeEngine]: Behavior Tree tick rate 100.00 was exceeded!
[controller_server-7] [INFO] [1783332610.999741819] [leo2.controller_server]: Goal was canceled. Stopping the robot.
[controller_server-7] [INFO] [1783332610.999822533] [leo2.controller_server]: [follow_path] [ActionServer] Client requested to cancel the goal. Cancelling.
[controller_server-1] [INFO] [1783332611.042670450] [leo1.controller_server]: Passing new path to controller.
[planner_server-8] [WARN] [1783332611.143506108] [leo2.planner_server]: GridBased: failed to create plan with tolerance 0.50.
[planner_server-8] [WARN] [1783332611.143582931] [leo2.planner_server]: Planning algorithm GridBased failed to generate a valid path to (1.27, 2.89)
[planner_server-8] [WARN] [1783332611.143593985] [leo2.planner_server]: [compute_path_to_pose] [ActionServer] Aborting handle.
[planner_server-8] [INFO] [1783332611.161880987] [leo2.global_costmap.global_costmap]: Received request to clear entirely the global_costmap
[planner_server-8] [WARN] [1783332611.344565247] [leo2.planner_server]: GridBased: failed to create plan with tolerance 0.50.
[planner_server-8] [WARN] [1783332611.344634545] [leo2.planner_server]: Planning algorithm GridBased failed to generate a valid path to (1.27, 2.89)
[planner_server-8] [WARN] [1783332611.344644760] [leo2.planner_server]: [compute_path_to_pose] [ActionServer] Aborting handle.
[bt_navigator-10] [WARN] [1783332611.371733353] [leo2.bt_navigator]: [navigate_to_pose] [ActionServer] Aborting handle.
[bt_navigator-10] [ERROR] [1783332611.372087626] [leo2.bt_navigator]: Goal failed
[controller_server-1] [INFO] [1783332612.092730269] [leo1.controller_server]: Passing new path to controller.
[controller_server-1] [WARN] [1783332612.256957810] [leo1.controller_server]: Control loop missed its desired rate of 20.0000Hz
[controller_server-1] [INFO] [1783332613.119620599] [leo1.controller_server]: Passing new path to controller.
[planner_server-8] [WARN] [1783332614.103570379] [leo2.planner_server]: GridBased: failed to create plan with tolerance 0.50.
[planner_server-8] [WARN] [1783332614.103834509] [leo2.planner_server]: Planning algorithm  failed to generate a valid path to (1.37, 3.74)
[planner_server-8] [WARN] [1783332614.103850339] [leo2.planner_server]: [compute_path_to_pose] [ActionServer] Aborting handle.
[controller_server-1] [INFO] [1783332614.157038005] [leo1.controller_server]: Passing new path to controller.
[controller_server-1] [INFO] [1783332615.207048478] [leo1.controller_server]: Passing new path to controller.
[controller_server-1] [INFO] [1783332616.207089747] [leo1.controller_server]: Passing new path to controller.
[controller_server-1] [INFO] [1783332617.257072948] [leo1.controller_server]: Passing new path to controller.
[controller_server-1] [ERROR] [1783332617.461425576] [transformPoseInTargetFrame]: Extrapolation Error looking up target frame: Lookup would require extrapolation into the future.  Requested time 646.035000 but the latest data is at time 646.032000, when looking up transform from frame [map] to frame [leo1/base_link]
[controller_server-1] 
[controller_server-1] [WARN] [1783332617.461992848] [leo1.controller_server]: Control loop missed its desired rate of 20.0000Hz
[controller_server-1] [INFO] [1783332618.276661772] [leo1.controller_server]: Passing new path to controller.
[controller_server-1] [INFO] [1783332619.305701956] [leo1.controller_server]: Passing new path to controller.
[controller_server-1] [WARN] [1783332619.509949943] [leo1.controller_server]: Control loop missed its desired rate of 20.0000Hz
[controller_server-1] [INFO] [1783332620.328164312] [leo1.controller_server]: Passing new path to controller.
[controller_server-1] [WARN] [1783332620.522349675] [leo1.controller_server]: Control loop missed its desired rate of 20.0000Hz
[planner_server-8] [WARN] [1783332620.840423342] [leo2.planner_server]: GridBased: failed to create plan with tolerance 0.50.
[planner_server-8] [WARN] [1783332620.840544439] [leo2.planner_server]: Planning algorithm  failed to generate a valid path to (0.47, 3.19)
[planner_server-8] [WARN] [1783332620.840569962] [leo2.planner_server]: [compute_path_to_pose] [ActionServer] Aborting handle.
[controller_server-1] [INFO] [1783332621.388825849] [leo1.controller_server]: Passing new path to controller.
[controller_server-1] [WARN] [1783332621.552314443] [leo1.controller_server]: Control loop missed its desired rate of 20.0000Hz
[controller_server-1] [INFO] [1783332622.414863386] [leo1.controller_server]: Passing new path to controller.
[controller_server-1] [WARN] [1783332622.568998972] [leo1.controller_server]: Control loop missed its desired rate of 20.0000Hz
[controller_server-1] [INFO] [1783332623.435903939] [leo1.controller_server]: Passing new path to controller.
[controller_server-1] [WARN] [1783332623.549387339] [leo1.controller_server]: Control loop missed its desired rate of 20.0000Hz
[controller_server-7] [INFO] [1783332623.999036753] [leo2.local_costmap.local_costmap]: Received request to clear entirely the local_costmap
[planner_server-8] [INFO] [1783332623.999146163] [leo2.global_costmap.global_costmap]: Received request to clear entirely the global_costmap
[controller_server-1] [INFO] [1783332624.469116719] [leo1.controller_server]: Passing new path to controller.
[controller_server-1] [WARN] [1783332624.531606863] [leo1.controller_server]: Control loop missed its desired rate of 20.0000Hz
[controller_server-1] [INFO] [1783332625.469111741] [leo1.controller_server]: Passing new path to controller.
[controller_server-1] [INFO] [1783332626.519087901] [leo1.controller_server]: Passing new path to controller.
[controller_server-1] [WARN] [1783332626.692412085] [leo1.controller_server]: Control loop missed its desired rate of 20.0000Hz
[planner_server-8] [WARN] [1783332627.355049469] [leo2.planner_server]: GridBased: failed to create plan with tolerance 0.50.
[planner_server-8] [WARN] [1783332627.355117489] [leo2.planner_server]: Planning algorithm  failed to generate a valid path to (1.37, 3.74)
[planner_server-8] [WARN] [1783332627.355127687] [leo2.planner_server]: [compute_path_to_pose] [ActionServer] Aborting handle.
[controller_server-1] [INFO] [1783332627.557829583] [leo1.controller_server]: Passing new path to controller.
[controller_server-1] [WARN] [1783332627.701247438] [leo1.controller_server]: Control loop missed its desired rate of 20.0000Hz
[controller_server-1] [ERROR] [1783332628.059452601] [leo1.controller_server]: Failed to make progress
[controller_server-1] [WARN] [1783332628.059570268] [leo1.controller_server]: [follow_path] [ActionServer] Aborting handle.
[behavior_server-3] [INFO] [1783332628.072003637] [leo1.behavior_server]: Running spin
[behavior_server-3] [INFO] [1783332628.072088885] [leo1.behavior_server]: Turning 1.57 for spin behavior.
[behavior_server-3] [INFO] [1783332632.472315262] [leo1.behavior_server]: spin completed successfully
[controller_server-1] [INFO] [1783332632.522856491] [leo1.controller_server]: Received a goal, begin computing control effort.
[controller_server-1] [WARN] [1783332632.745588769] [leo1.controller_server]: Control loop missed its desired rate of 20.0000Hz
[controller_server-1] [ERROR] [1783332633.169631111] [transformPoseInTargetFrame]: Extrapolation Error looking up target frame: Lookup would require extrapolation into the future.  Requested time 655.440000 but the latest data is at time 655.432000, when looking up transform from frame [map] to frame [leo1/base_link]
[controller_server-1] 
[controller_server-1] [WARN] [1783332633.170752647] [leo1.controller_server]: Control loop missed its desired rate of 20.0000Hz
[controller_server-1] [INFO] [1783332633.581720361] [leo1.controller_server]: Passing new path to controller.
[controller_server-1] [WARN] [1783332633.924758165] [leo1.controller_server]: Control loop missed its desired rate of 20.0000Hz
[planner_server-8] [WARN] [1783332634.296553504] [leo2.planner_server]: GridBased: failed to create plan with tolerance 0.50.
[planner_server-8] [WARN] [1783332634.296633699] [leo2.planner_server]: Planning algorithm  failed to generate a valid path to (0.92, 3.24)
[planner_server-8] [WARN] [1783332634.296644993] [leo2.planner_server]: [compute_path_to_pose] [ActionServer] Aborting handle.
[controller_server-1] [INFO] [1783332634.624876876] [leo1.controller_server]: Passing new path to controller.
[controller_server-1] [INFO] [1783332635.623927256] [leo1.controller_server]: Passing new path to controller.
[controller_server-1] [WARN] [1783332635.828743107] [leo1.controller_server]: Control loop missed its desired rate of 20.0000Hz
[controller_server-1] [INFO] [1783332636.643693953] [leo1.controller_server]: Passing new path to controller.
[controller_server-1] [INFO] [1783332637.678833327] [leo1.controller_server]: Passing new path to controller.
[controller_server-1] [INFO] [1783332638.728826128] [leo1.controller_server]: Passing new path to controller.
[controller_server-1] [WARN] [1783332638.892449087] [leo1.controller_server]: Control loop missed its desired rate of 20.0000Hz
[controller_server-1] [INFO] [1783332639.757735698] [leo1.controller_server]: Passing new path to controller.
[controller_server-1] [WARN] [1783332639.862830957] [leo1.controller_server]: Control loop missed its desired rate of 20.0000Hz
[controller_server-1] [INFO] [1783332640.792579770] [leo1.controller_server]: Passing new path to controller.
[planner_server-8] [WARN] [1783332641.135808944] [leo2.planner_server]: GridBased: failed to create plan with tolerance 0.50.
[planner_server-8] [WARN] [1783332641.135885594] [leo2.planner_server]: Planning algorithm  failed to generate a valid path to (2.32, 5.99)
[planner_server-8] [WARN] [1783332641.135900658] [leo2.planner_server]: [compute_path_to_pose] [ActionServer] Aborting handle.
[controller_server-1] [INFO] [1783332641.792554620] [leo1.controller_server]: Passing new path to controller.
[controller_server-1] [INFO] [1783332642.842555994] [leo1.controller_server]: Passing new path to controller.
[controller_server-1] [INFO] [1783332643.892545402] [leo1.controller_server]: Passing new path to controller.
[controller_server-1] [WARN] [1783332644.066005534] [leo1.controller_server]: Control loop missed its desired rate of 20.0000Hz
[controller_server-1] [INFO] [1783332644.932125974] [leo1.controller_server]: Passing new path to controller.
[controller_server-1] [WARN] [1783332645.055589546] [leo1.controller_server]: Control loop missed its desired rate of 20.0000Hz
[controller_server-1] [INFO] [1783332645.916117771] [leo1.controller_server]: Passing new path to controller.
[controller_server-1] [WARN] [1783332646.039140268] [leo1.controller_server]: Control loop missed its desired rate of 20.0000Hz
[controller_server-1] [INFO] [1783332646.953929123] [leo1.controller_server]: Passing new path to controller.
[planner_server-8] [WARN] [1783332647.623595097] [leo2.planner_server]: GridBased: failed to create plan with tolerance 0.50.
[planner_server-8] [WARN] [1783332647.623679289] [leo2.planner_server]: Planning algorithm  failed to generate a valid path to (-0.38, 5.04)
[planner_server-8] [WARN] [1783332647.623692677] [leo2.planner_server]: [compute_path_to_pose] [ActionServer] Aborting handle.
[controller_server-1] [INFO] [1783332647.989192031] [leo1.controller_server]: Passing new path to controller.
[controller_server-1] [INFO] [1783332649.039239971] [leo1.controller_server]: Passing new path to controller.
[controller_server-1] [ERROR] [1783332649.243207332] [transformPoseInTargetFrame]: Extrapolation Error looking up target frame: Lookup would require extrapolation into the future.  Requested time 665.038000 but the latest data is at time 665.032000, when looking up transform from frame [map] to frame [leo1/base_link]
[controller_server-1] 
[controller_server-1] [WARN] [1783332649.243735822] [leo1.controller_server]: Control loop missed its desired rate of 20.0000Hz
[controller_server-1] [INFO] [1783332650.057623740] [leo1.controller_server]: Passing new path to controller.
[controller_server-1] [WARN] [1783332650.200742995] [leo1.controller_server]: Control loop missed its desired rate of 20.0000Hz
[controller_server-1] [INFO] [1783332651.065282634] [leo1.controller_server]: Passing new path to controller.
[controller_server-1] [WARN] [1783332651.199074264] [leo1.controller_server]: Control loop missed its desired rate of 20.0000Hz
[controller_server-1] [WARN] [1783332651.201754059] [leo1.controller_server]: Control loop missed its desired rate of 20.0000Hz
[controller_server-1] [INFO] [1783332652.100843172] [leo1.controller_server]: Passing new path to controller.
