[INFO] [launch]: All log files can be found below /root/.ros/log/2026-07-13-21-04-06-876426-cb5ce652d7ec-503
[INFO] [launch]: Default logging verbosity is set to INFO
[INFO] [controller_server-1]: process started with pid [571]
[INFO] [planner_server-2]: process started with pid [573]
[INFO] [behavior_server-3]: process started with pid [575]
[INFO] [bt_navigator-4]: process started with pid [577]
[INFO] [waypoint_follower-5]: process started with pid [579]
[INFO] [lifecycle_manager-6]: process started with pid [581]
[INFO] [controller_server-7]: process started with pid [583]
[INFO] [planner_server-8]: process started with pid [585]
[INFO] [behavior_server-9]: process started with pid [587]
[INFO] [bt_navigator-10]: process started with pid [589]
[INFO] [waypoint_follower-11]: process started with pid [591]
[INFO] [lifecycle_manager-12]: process started with pid [593]
[waypoint_follower-5] [INFO] [1783976647.923967576] [leo1.waypoint_follower]: 
[waypoint_follower-5] 	waypoint_follower lifecycle node launched. 
[waypoint_follower-5] 	Waiting on external lifecycle transitions to activate
[waypoint_follower-5] 	See https://design.ros2.org/articles/node_lifecycle.html for more information.
[lifecycle_manager-6] [INFO] [1783976647.924579512] [leo1.lifecycle_manager_navigation]: Creating
[waypoint_follower-11] [INFO] [1783976647.941463036] [leo2.waypoint_follower]: 
[waypoint_follower-11] 	waypoint_follower lifecycle node launched. 
[waypoint_follower-11] 	Waiting on external lifecycle transitions to activate
[waypoint_follower-11] 	See https://design.ros2.org/articles/node_lifecycle.html for more information.
[planner_server-2] [INFO] [1783976647.945455420] [leo1.planner_server]: 
[planner_server-2] 	planner_server lifecycle node launched. 
[planner_server-2] 	Waiting on external lifecycle transitions to activate
[planner_server-2] 	See https://design.ros2.org/articles/node_lifecycle.html for more information.
[lifecycle_manager-6] [INFO] [1783976647.945541514] [leo1.lifecycle_manager_navigation]: [34m[1mCreating and initializing lifecycle service clients[0m[0m
[lifecycle_manager-12] [INFO] [1783976647.945564286] [leo2.lifecycle_manager_navigation]: Creating
[planner_server-8] [INFO] [1783976647.968466510] [leo2.planner_server]: 
[planner_server-8] 	planner_server lifecycle node launched. 
[planner_server-8] 	Waiting on external lifecycle transitions to activate
[planner_server-8] 	See https://design.ros2.org/articles/node_lifecycle.html for more information.
[lifecycle_manager-12] [INFO] [1783976647.969833067] [leo2.lifecycle_manager_navigation]: [34m[1mCreating and initializing lifecycle service clients[0m[0m
[controller_server-1] [INFO] [1783976647.972692795] [leo1.controller_server]: 
[controller_server-1] 	controller_server lifecycle node launched. 
[controller_server-1] 	Waiting on external lifecycle transitions to activate
[controller_server-1] 	See https://design.ros2.org/articles/node_lifecycle.html for more information.
[controller_server-7] [INFO] [1783976647.973123164] [leo2.controller_server]: 
[controller_server-7] 	controller_server lifecycle node launched. 
[controller_server-7] 	Waiting on external lifecycle transitions to activate
[controller_server-7] 	See https://design.ros2.org/articles/node_lifecycle.html for more information.
[bt_navigator-4] [INFO] [1783976648.009946894] [leo1.bt_navigator]: 
[bt_navigator-4] 	bt_navigator lifecycle node launched. 
[bt_navigator-4] 	Waiting on external lifecycle transitions to activate
[bt_navigator-4] 	See https://design.ros2.org/articles/node_lifecycle.html for more information.
[bt_navigator-4] [INFO] [1783976648.010055275] [leo1.bt_navigator]: Creating
[behavior_server-9] [INFO] [1783976648.038885005] [leo2.behavior_server]: 
[behavior_server-9] 	behavior_server lifecycle node launched. 
[behavior_server-9] 	Waiting on external lifecycle transitions to activate
[behavior_server-9] 	See https://design.ros2.org/articles/node_lifecycle.html for more information.
[behavior_server-3] [INFO] [1783976648.039422392] [leo1.behavior_server]: 
[behavior_server-3] 	behavior_server lifecycle node launched. 
[behavior_server-3] 	Waiting on external lifecycle transitions to activate
[behavior_server-3] 	See https://design.ros2.org/articles/node_lifecycle.html for more information.
[bt_navigator-10] [INFO] [1783976648.065761058] [leo2.bt_navigator]: 
[bt_navigator-10] 	bt_navigator lifecycle node launched. 
[bt_navigator-10] 	Waiting on external lifecycle transitions to activate
[bt_navigator-10] 	See https://design.ros2.org/articles/node_lifecycle.html for more information.
[bt_navigator-10] [INFO] [1783976648.065872584] [leo2.bt_navigator]: Creating
[lifecycle_manager-12] [INFO] [1783976648.066020499] [leo2.lifecycle_manager_navigation]: [34m[1mStarting managed nodes bringup...[0m[0m
[lifecycle_manager-12] [INFO] [1783976648.066098462] [leo2.lifecycle_manager_navigation]: [34m[1mConfiguring controller_server[0m[0m
[lifecycle_manager-6] [INFO] [1783976648.077298662] [leo1.lifecycle_manager_navigation]: [34m[1mStarting managed nodes bringup...[0m[0m
[lifecycle_manager-6] [INFO] [1783976648.077355846] [leo1.lifecycle_manager_navigation]: [34m[1mConfiguring controller_server[0m[0m
[waypoint_follower-5] [INFO] [1783976648.098871769] [leo1.waypoint_follower]: Creating
[waypoint_follower-11] [INFO] [1783976648.107345291] [leo2.waypoint_follower]: Creating
[planner_server-8] [INFO] [1783976648.413615562] [leo2.planner_server]: Creating
[planner_server-2] [INFO] [1783976648.413615174] [leo1.planner_server]: Creating
[planner_server-2] [INFO] [1783976648.424227143] [leo1.global_costmap.global_costmap]: 
[planner_server-2] 	global_costmap lifecycle node launched. 
[planner_server-2] 	Waiting on external lifecycle transitions to activate
[planner_server-2] 	See https://design.ros2.org/articles/node_lifecycle.html for more information.
[planner_server-8] [INFO] [1783976648.426120210] [leo2.global_costmap.global_costmap]: 
[planner_server-8] 	global_costmap lifecycle node launched. 
[planner_server-8] 	Waiting on external lifecycle transitions to activate
[planner_server-8] 	See https://design.ros2.org/articles/node_lifecycle.html for more information.
[planner_server-2] [INFO] [1783976648.521335936] [leo1.global_costmap.global_costmap]: Creating Costmap
[planner_server-8] [INFO] [1783976648.521365986] [leo2.global_costmap.global_costmap]: Creating Costmap
[controller_server-7] [INFO] [1783976649.058862733] [leo2.controller_server]: Creating controller server
[controller_server-1] [INFO] [1783976649.059116943] [leo1.controller_server]: Creating controller server
[controller_server-7] [INFO] [1783976649.071963115] [leo2.local_costmap.local_costmap]: 
[controller_server-7] 	local_costmap lifecycle node launched. 
[controller_server-7] 	Waiting on external lifecycle transitions to activate
[controller_server-7] 	See https://design.ros2.org/articles/node_lifecycle.html for more information.
[controller_server-1] [INFO] [1783976649.072272517] [leo1.local_costmap.local_costmap]: 
[controller_server-1] 	local_costmap lifecycle node launched. 
[controller_server-1] 	Waiting on external lifecycle transitions to activate
[controller_server-1] 	See https://design.ros2.org/articles/node_lifecycle.html for more information.
[controller_server-1] [INFO] [1783976649.152530779] [leo1.local_costmap.local_costmap]: Creating Costmap
[controller_server-7] [INFO] [1783976649.153011757] [leo2.local_costmap.local_costmap]: Creating Costmap
[controller_server-1] [INFO] [1783976649.157870672] [leo1.controller_server]: Configuring controller interface
[controller_server-7] [INFO] [1783976649.158083449] [leo2.controller_server]: Configuring controller interface
[controller_server-7] [INFO] [1783976649.158341144] [leo2.controller_server]: getting goal checker plugins..
[controller_server-7] [INFO] [1783976649.158744001] [leo2.controller_server]: Controller frequency set to 20.0000Hz
[controller_server-7] [INFO] [1783976649.158780985] [leo2.local_costmap.local_costmap]: Configuring
[controller_server-1] [INFO] [1783976649.158167875] [leo1.controller_server]: getting goal checker plugins..
[controller_server-1] [INFO] [1783976649.158493131] [leo1.controller_server]: Controller frequency set to 20.0000Hz
[controller_server-1] [INFO] [1783976649.158519267] [leo1.local_costmap.local_costmap]: Configuring
[controller_server-1] [INFO] [1783976649.172551316] [leo1.local_costmap.local_costmap]: Using plugin "obstacle_layer"
[controller_server-7] [INFO] [1783976649.172554418] [leo2.local_costmap.local_costmap]: Using plugin "obstacle_layer"
[controller_server-7] [INFO] [1783976649.214341002] [leo2.local_costmap.local_costmap]: Subscribed to Topics: scan camera
[controller_server-1] [INFO] [1783976649.214375203] [leo1.local_costmap.local_costmap]: Subscribed to Topics: scan camera
[controller_server-7] [INFO] [1783976649.225420071] [leo2.local_costmap.local_costmap]: Initialized plugin "obstacle_layer"
[controller_server-7] [INFO] [1783976649.225453178] [leo2.local_costmap.local_costmap]: Using plugin "inflation_layer"
[controller_server-1] [INFO] [1783976649.225487863] [leo1.local_costmap.local_costmap]: Initialized plugin "obstacle_layer"
[controller_server-1] [INFO] [1783976649.225518438] [leo1.local_costmap.local_costmap]: Using plugin "inflation_layer"
[controller_server-1] [INFO] [1783976649.227053489] [leo1.local_costmap.local_costmap]: Initialized plugin "inflation_layer"
[controller_server-7] [INFO] [1783976649.226515582] [leo2.local_costmap.local_costmap]: Initialized plugin "inflation_layer"
[controller_server-1] [INFO] [1783976649.279948616] [leo1.controller_server]: Created progress_checker : progress_checker of type nav2_controller::PoseProgressChecker
[controller_server-7] [INFO] [1783976649.280176804] [leo2.controller_server]: Created progress_checker : progress_checker of type nav2_controller::PoseProgressChecker
[controller_server-1] [INFO] [1783976649.310628745] [leo1.controller_server]: Created goal checker : general_goal_checker of type nav2_controller::SimpleGoalChecker
[controller_server-7] [INFO] [1783976649.311178684] [leo2.controller_server]: Created goal checker : general_goal_checker of type nav2_controller::SimpleGoalChecker
[controller_server-1] [INFO] [1783976649.311474817] [leo1.controller_server]: Controller Server has general_goal_checker  goal checkers available.
[controller_server-7] [INFO] [1783976649.311999673] [leo2.controller_server]: Controller Server has general_goal_checker  goal checkers available.
[controller_server-1] [INFO] [1783976649.652381709] [leo1.controller_server]: Created controller : FollowPath of type nav2_rotation_shim_controller::RotationShimController
[controller_server-7] [INFO] [1783976649.652769906] [leo2.controller_server]: Created controller : FollowPath of type nav2_rotation_shim_controller::RotationShimController
[controller_server-7] [INFO] [1783976649.682444387] [leo2.controller_server]: Created internal controller for rotation shimming: FollowPath of type nav2_regulated_pure_pursuit_controller::RegulatedPurePursuitController
[controller_server-1] [INFO] [1783976649.683086170] [leo1.controller_server]: Created internal controller for rotation shimming: FollowPath of type nav2_regulated_pure_pursuit_controller::RegulatedPurePursuitController
[controller_server-7] [INFO] [1783976649.688409940] [leo2.controller_server]: Controller Server has FollowPath  controllers available.
[controller_server-1] [INFO] [1783976649.688855286] [leo1.controller_server]: Controller Server has FollowPath  controllers available.
[lifecycle_manager-12] [INFO] [1783976649.701200843] [leo2.lifecycle_manager_navigation]: [34m[1mConfiguring planner_server[0m[0m
[planner_server-8] [INFO] [1783976649.701362783] [leo2.planner_server]: Configuring
[planner_server-8] [INFO] [1783976649.701385636] [leo2.global_costmap.global_costmap]: Configuring
[lifecycle_manager-6] [INFO] [1783976649.701562995] [leo1.lifecycle_manager_navigation]: [34m[1mConfiguring planner_server[0m[0m
[planner_server-2] [INFO] [1783976649.701759342] [leo1.planner_server]: Configuring
[planner_server-2] [INFO] [1783976649.701780932] [leo1.global_costmap.global_costmap]: Configuring
[planner_server-2] [INFO] [1783976649.716077247] [leo1.global_costmap.global_costmap]: Using plugin "static_layer"
[planner_server-8] [INFO] [1783976649.716397191] [leo2.global_costmap.global_costmap]: Using plugin "static_layer"
[planner_server-2] [INFO] [1783976649.760556192] [leo1.global_costmap.global_costmap]: Subscribing to the map topic (/leo1/map) with transient local durability
[planner_server-8] [INFO] [1783976649.761084408] [leo2.global_costmap.global_costmap]: Subscribing to the map topic (/leo2/map) with transient local durability
[planner_server-2] [INFO] [1783976649.764247940] [leo1.global_costmap.global_costmap]: Subscribing to updates
[planner_server-8] [INFO] [1783976649.764598174] [leo2.global_costmap.global_costmap]: Subscribing to updates
[planner_server-2] [INFO] [1783976649.770235538] [leo1.global_costmap.global_costmap]: Initialized plugin "static_layer"
[planner_server-2] [INFO] [1783976649.770261113] [leo1.global_costmap.global_costmap]: Using plugin "obstacle_layer"
[planner_server-8] [INFO] [1783976649.770437668] [leo2.global_costmap.global_costmap]: Initialized plugin "static_layer"
[planner_server-8] [INFO] [1783976649.770455504] [leo2.global_costmap.global_costmap]: Using plugin "obstacle_layer"
[planner_server-2] [INFO] [1783976649.771593762] [leo1.global_costmap.global_costmap]: Subscribed to Topics: scan camera
[planner_server-8] [INFO] [1783976649.771815355] [leo2.global_costmap.global_costmap]: Subscribed to Topics: scan camera
[planner_server-8] [INFO] [1783976649.779739631] [leo2.global_costmap.global_costmap]: Initialized plugin "obstacle_layer"
[planner_server-8] [INFO] [1783976649.779775872] [leo2.global_costmap.global_costmap]: Using plugin "inflation_layer"
[planner_server-2] [INFO] [1783976649.780697759] [leo1.global_costmap.global_costmap]: Initialized plugin "obstacle_layer"
[planner_server-2] [INFO] [1783976649.780748626] [leo1.global_costmap.global_costmap]: Using plugin "inflation_layer"
[planner_server-8] [INFO] [1783976649.781361813] [leo2.global_costmap.global_costmap]: Initialized plugin "inflation_layer"
[planner_server-2] [INFO] [1783976649.782426077] [leo1.global_costmap.global_costmap]: Initialized plugin "inflation_layer"
[planner_server-8] [INFO] [1783976649.789364272] [leo2.global_costmap.global_costmap]: StaticLayer: Resizing costmap to 182 X 277 at 0.050000 m/pix
[planner_server-2] [INFO] [1783976649.790797372] [leo1.global_costmap.global_costmap]: StaticLayer: Resizing costmap to 256 X 277 at 0.050000 m/pix
[planner_server-8] [INFO] [1783976649.822660742] [leo2.planner_server]: Created global planner plugin GridBased of type nav2_navfn_planner/NavfnPlanner
[planner_server-8] [INFO] [1783976649.822749983] [leo2.planner_server]: Configuring plugin GridBased of type NavfnPlanner
[planner_server-2] [INFO] [1783976649.823154369] [leo1.planner_server]: Created global planner plugin GridBased of type nav2_navfn_planner/NavfnPlanner
[planner_server-2] [INFO] [1783976649.823177784] [leo1.planner_server]: Configuring plugin GridBased of type NavfnPlanner
[planner_server-8] [INFO] [1783976649.823931316] [leo2.planner_server]: Planner Server has GridBased  planners available.
[planner_server-2] [INFO] [1783976649.824176750] [leo1.planner_server]: Planner Server has GridBased  planners available.
[lifecycle_manager-12] [INFO] [1783976649.832559150] [leo2.lifecycle_manager_navigation]: [34m[1mConfiguring behavior_server[0m[0m
[behavior_server-9] [INFO] [1783976649.832821221] [leo2.behavior_server]: Configuring
[lifecycle_manager-6] [INFO] [1783976649.833842177] [leo1.lifecycle_manager_navigation]: [34m[1mConfiguring behavior_server[0m[0m
[behavior_server-3] [INFO] [1783976649.834161671] [leo1.behavior_server]: Configuring
[behavior_server-3] [INFO] [1783976649.856511806] [leo1.behavior_server]: Creating behavior plugin spin of type nav2_behaviors/Spin
[behavior_server-9] [INFO] [1783976649.856859417] [leo2.behavior_server]: Creating behavior plugin spin of type nav2_behaviors/Spin
[behavior_server-9] [INFO] [1783976649.889430595] [leo2.behavior_server]: Configuring spin
[behavior_server-3] [INFO] [1783976649.890230826] [leo1.behavior_server]: Configuring spin
[behavior_server-3] [INFO] [1783976649.895682094] [leo1.behavior_server]: Creating behavior plugin backup of type nav2_behaviors/BackUp
[behavior_server-9] [INFO] [1783976649.897048202] [leo2.behavior_server]: Creating behavior plugin backup of type nav2_behaviors/BackUp
[behavior_server-9] [INFO] [1783976649.926863554] [leo2.behavior_server]: Configuring backup
[behavior_server-3] [INFO] [1783976649.927125214] [leo1.behavior_server]: Configuring backup
[behavior_server-9] [INFO] [1783976649.929889086] [leo2.behavior_server]: Creating behavior plugin drive_on_heading of type nav2_behaviors/DriveOnHeading
[behavior_server-3] [INFO] [1783976649.930731659] [leo1.behavior_server]: Creating behavior plugin drive_on_heading of type nav2_behaviors/DriveOnHeading
[behavior_server-3] [INFO] [1783976649.960943104] [leo1.behavior_server]: Configuring drive_on_heading
[behavior_server-9] [INFO] [1783976649.961586110] [leo2.behavior_server]: Configuring drive_on_heading
[behavior_server-3] [INFO] [1783976649.964423146] [leo1.behavior_server]: Creating behavior plugin wait of type nav2_behaviors/Wait
[behavior_server-9] [INFO] [1783976649.964818254] [leo2.behavior_server]: Creating behavior plugin wait of type nav2_behaviors/Wait
[behavior_server-3] [INFO] [1783976649.994747723] [leo1.behavior_server]: Configuring wait
[behavior_server-9] [INFO] [1783976649.995307573] [leo2.behavior_server]: Configuring wait
[lifecycle_manager-12] [INFO] [1783976649.998526650] [leo2.lifecycle_manager_navigation]: [34m[1mConfiguring bt_navigator[0m[0m
[lifecycle_manager-6] [INFO] [1783976649.998605518] [leo1.lifecycle_manager_navigation]: [34m[1mConfiguring bt_navigator[0m[0m
[bt_navigator-10] [INFO] [1783976649.998728839] [leo2.bt_navigator]: Configuring
[bt_navigator-4] [INFO] [1783976649.998815043] [leo1.bt_navigator]: Configuring
[lifecycle_manager-6] [INFO] [1783976650.286897454] [leo1.lifecycle_manager_navigation]: [34m[1mConfiguring waypoint_follower[0m[0m
[waypoint_follower-5] [INFO] [1783976650.287110602] [leo1.waypoint_follower]: Configuring
[lifecycle_manager-12] [INFO] [1783976650.287687381] [leo2.lifecycle_manager_navigation]: [34m[1mConfiguring waypoint_follower[0m[0m
[waypoint_follower-11] [INFO] [1783976650.287880541] [leo2.waypoint_follower]: Configuring
[waypoint_follower-5] [INFO] [1783976650.346813536] [leo1.waypoint_follower]: Created waypoint_task_executor : wait_at_waypoint of type nav2_waypoint_follower::WaitAtWaypoint
[waypoint_follower-5] [INFO] [1783976650.347377539] [leo1.waypoint_follower]: Waypoint pause duration is set to zero, disabling task executor plugin.
[waypoint_follower-11] [INFO] [1783976650.347525161] [leo2.waypoint_follower]: Created waypoint_task_executor : wait_at_waypoint of type nav2_waypoint_follower::WaitAtWaypoint
[lifecycle_manager-6] [INFO] [1783976650.347764338] [leo1.lifecycle_manager_navigation]: [34m[1mActivating controller_server[0m[0m
[controller_server-1] [INFO] [1783976650.347947800] [leo1.controller_server]: Activating
[controller_server-1] [INFO] [1783976650.347977242] [leo1.local_costmap.local_costmap]: Activating
[controller_server-1] [INFO] [1783976650.347985475] [leo1.local_costmap.local_costmap]: Checking transform
[controller_server-1] [INFO] [1783976650.348101274] [leo1.local_costmap.local_costmap]: start
[waypoint_follower-11] [INFO] [1783976650.348340941] [leo2.waypoint_follower]: Waypoint pause duration is set to zero, disabling task executor plugin.
[lifecycle_manager-12] [INFO] [1783976650.349000833] [leo2.lifecycle_manager_navigation]: [34m[1mActivating controller_server[0m[0m
[controller_server-7] [INFO] [1783976650.349177625] [leo2.controller_server]: Activating
[controller_server-7] [INFO] [1783976650.349204275] [leo2.local_costmap.local_costmap]: Activating
[controller_server-7] [INFO] [1783976650.349212382] [leo2.local_costmap.local_costmap]: Checking transform
[controller_server-7] [INFO] [1783976650.349320657] [leo2.local_costmap.local_costmap]: start
[controller_server-1] [INFO] [1783976650.548750837] [leo1.controller_server]: Activating controller: FollowPath of type nav2_rotation_shim_controller::RotationShimController
[controller_server-1] [INFO] [1783976650.548786760] [leo1.controller_server]: Activating controller: FollowPath of type regulated_pure_pursuit_controller::RegulatedPurePursuitController
[controller_server-1] [INFO] [1783976650.548801700] [leo1.controller_server]: Creating bond (controller_server) to lifecycle manager.
[controller_server-7] [INFO] [1783976650.550627941] [leo2.controller_server]: Activating controller: FollowPath of type nav2_rotation_shim_controller::RotationShimController
[controller_server-7] [INFO] [1783976650.550660270] [leo2.controller_server]: Activating controller: FollowPath of type regulated_pure_pursuit_controller::RegulatedPurePursuitController
[controller_server-7] [INFO] [1783976650.550674679] [leo2.controller_server]: Creating bond (controller_server) to lifecycle manager.
[lifecycle_manager-6] [INFO] [1783976650.660346042] [leo1.lifecycle_manager_navigation]: Server controller_server connected with bond.
[lifecycle_manager-6] [INFO] [1783976650.660407206] [leo1.lifecycle_manager_navigation]: [34m[1mActivating planner_server[0m[0m
[planner_server-2] [INFO] [1783976650.660647193] [leo1.planner_server]: Activating
[planner_server-2] [INFO] [1783976650.660675047] [leo1.global_costmap.global_costmap]: Activating
[planner_server-2] [INFO] [1783976650.660682856] [leo1.global_costmap.global_costmap]: Checking transform
[planner_server-2] [INFO] [1783976650.660779263] [leo1.global_costmap.global_costmap]: start
[lifecycle_manager-12] [INFO] [1783976650.661480467] [leo2.lifecycle_manager_navigation]: Server controller_server connected with bond.
[lifecycle_manager-12] [INFO] [1783976650.661507976] [leo2.lifecycle_manager_navigation]: [34m[1mActivating planner_server[0m[0m
[planner_server-8] [INFO] [1783976650.661733738] [leo2.planner_server]: Activating
[planner_server-8] [INFO] [1783976650.661765739] [leo2.global_costmap.global_costmap]: Activating
[planner_server-8] [INFO] [1783976650.661775715] [leo2.global_costmap.global_costmap]: Checking transform
[planner_server-8] [INFO] [1783976650.661901816] [leo2.global_costmap.global_costmap]: start
[planner_server-2] [INFO] [1783976650.861812504] [leo1.planner_server]: Activating plugin GridBased of type NavfnPlanner
[planner_server-2] [INFO] [1783976650.862299020] [leo1.planner_server]: Creating bond (planner_server) to lifecycle manager.
[planner_server-8] [INFO] [1783976650.862834213] [leo2.planner_server]: Activating plugin GridBased of type NavfnPlanner
[planner_server-8] [INFO] [1783976650.863421185] [leo2.planner_server]: Creating bond (planner_server) to lifecycle manager.
[lifecycle_manager-12] [INFO] [1783976650.968040004] [leo2.lifecycle_manager_navigation]: Server planner_server connected with bond.
[lifecycle_manager-12] [INFO] [1783976650.968085217] [leo2.lifecycle_manager_navigation]: [34m[1mActivating behavior_server[0m[0m
[behavior_server-9] [INFO] [1783976650.968302873] [leo2.behavior_server]: Activating
[behavior_server-9] [INFO] [1783976650.968333828] [leo2.behavior_server]: Activating spin
[behavior_server-9] [INFO] [1783976650.968348570] [leo2.behavior_server]: Activating backup
[behavior_server-9] [INFO] [1783976650.968361591] [leo2.behavior_server]: Activating drive_on_heading
[behavior_server-9] [INFO] [1783976650.968373605] [leo2.behavior_server]: Activating wait
[behavior_server-9] [INFO] [1783976650.968387729] [leo2.behavior_server]: Creating bond (behavior_server) to lifecycle manager.
[lifecycle_manager-6] [INFO] [1783976650.968700175] [leo1.lifecycle_manager_navigation]: Server planner_server connected with bond.
[lifecycle_manager-6] [INFO] [1783976650.968735276] [leo1.lifecycle_manager_navigation]: [34m[1mActivating behavior_server[0m[0m
[behavior_server-3] [INFO] [1783976650.968986673] [leo1.behavior_server]: Activating
[behavior_server-3] [INFO] [1783976650.969020799] [leo1.behavior_server]: Activating spin
[behavior_server-3] [INFO] [1783976650.969029177] [leo1.behavior_server]: Activating backup
[behavior_server-3] [INFO] [1783976650.969034790] [leo1.behavior_server]: Activating drive_on_heading
[behavior_server-3] [INFO] [1783976650.969039677] [leo1.behavior_server]: Activating wait
[behavior_server-3] [INFO] [1783976650.969046758] [leo1.behavior_server]: Creating bond (behavior_server) to lifecycle manager.
[lifecycle_manager-6] [INFO] [1783976651.074857777] [leo1.lifecycle_manager_navigation]: Server behavior_server connected with bond.
[lifecycle_manager-6] [INFO] [1783976651.074896368] [leo1.lifecycle_manager_navigation]: [34m[1mActivating bt_navigator[0m[0m
[lifecycle_manager-12] [INFO] [1783976651.075068150] [leo2.lifecycle_manager_navigation]: Server behavior_server connected with bond.
[lifecycle_manager-12] [INFO] [1783976651.075114433] [leo2.lifecycle_manager_navigation]: [34m[1mActivating bt_navigator[0m[0m
[bt_navigator-4] [INFO] [1783976651.075151098] [leo1.bt_navigator]: Activating
[bt_navigator-10] [INFO] [1783976651.075287255] [leo2.bt_navigator]: Activating
[bt_navigator-10] [INFO] [1783976651.108754430] [leo2.bt_navigator]: Creating bond (bt_navigator) to lifecycle manager.
[bt_navigator-4] [INFO] [1783976651.108818191] [leo1.bt_navigator]: Creating bond (bt_navigator) to lifecycle manager.
[lifecycle_manager-12] [INFO] [1783976651.214971266] [leo2.lifecycle_manager_navigation]: Server bt_navigator connected with bond.
[lifecycle_manager-12] [INFO] [1783976651.215020278] [leo2.lifecycle_manager_navigation]: [34m[1mActivating waypoint_follower[0m[0m
[waypoint_follower-11] [INFO] [1783976651.215231627] [leo2.waypoint_follower]: Activating
[waypoint_follower-11] [INFO] [1783976651.215256799] [leo2.waypoint_follower]: Creating bond (waypoint_follower) to lifecycle manager.
[lifecycle_manager-6] [INFO] [1783976651.215577849] [leo1.lifecycle_manager_navigation]: Server bt_navigator connected with bond.
[lifecycle_manager-6] [INFO] [1783976651.215601780] [leo1.lifecycle_manager_navigation]: [34m[1mActivating waypoint_follower[0m[0m
[waypoint_follower-5] [INFO] [1783976651.215814565] [leo1.waypoint_follower]: Activating
[waypoint_follower-5] [INFO] [1783976651.215837455] [leo1.waypoint_follower]: Creating bond (waypoint_follower) to lifecycle manager.
[lifecycle_manager-12] [INFO] [1783976651.321533363] [leo2.lifecycle_manager_navigation]: Server waypoint_follower connected with bond.
[lifecycle_manager-12] [INFO] [1783976651.321571733] [leo2.lifecycle_manager_navigation]: [34m[1mManaged nodes are active[0m[0m
[lifecycle_manager-12] [INFO] [1783976651.321577985] [leo2.lifecycle_manager_navigation]: [34m[1mCreating bond timer...[0m[0m
[lifecycle_manager-6] [INFO] [1783976651.321624488] [leo1.lifecycle_manager_navigation]: Server waypoint_follower connected with bond.
[lifecycle_manager-6] [INFO] [1783976651.321647940] [leo1.lifecycle_manager_navigation]: [34m[1mManaged nodes are active[0m[0m
[lifecycle_manager-6] [INFO] [1783976651.321653535] [leo1.lifecycle_manager_navigation]: [34m[1mCreating bond timer...[0m[0m
[planner_server-2] [INFO] [1783976679.541518822] [leo1.global_costmap.global_costmap]: StaticLayer: Resizing costmap to 256 X 277 at 0.050000 m/pix
[controller_server-1] [INFO] [1783976695.334496197] [leo1.local_costmap.local_costmap]: Received request to clear entirely the local_costmap
[planner_server-2] [INFO] [1783976695.334603221] [leo1.global_costmap.global_costmap]: Received request to clear entirely the global_costmap
[controller_server-7] [INFO] [1783976695.335527860] [leo2.local_costmap.local_costmap]: Received request to clear entirely the local_costmap
[planner_server-8] [INFO] [1783976695.335599177] [leo2.global_costmap.global_costmap]: Received request to clear entirely the global_costmap
[planner_server-8] [WARN] [1783976698.055730970] [leo2.planner_server]: No planners specified in action call. Server will use only plugin GridBased  in server. This warning will appear once.
[bt_navigator-10] [INFO] [1783976698.094301197] [leo2.bt_navigator]: Begin navigating from current location (1.68, -0.00) to (1.05, 0.31)
[controller_server-7] [INFO] [1783976698.115155421] [leo2.controller_server]: Received a goal, begin computing control effort.
[controller_server-7] [WARN] [1783976698.115203414] [leo2.controller_server]: No goal checker was specified in parameter 'current_goal_checker'. Server will use only plugin loaded general_goal_checker . This warning will appear once.
[planner_server-2] [WARN] [1783976698.170415931] [leo1.planner_server]: No planners specified in action call. Server will use only plugin GridBased  in server. This warning will appear once.
[bt_navigator-4] [INFO] [1783976698.222555092] [leo1.bt_navigator]: Begin navigating from current location (1.10, 0.00) to (-0.48, 0.61)
[controller_server-1] [INFO] [1783976698.243284887] [leo1.controller_server]: Received a goal, begin computing control effort.
[controller_server-1] [WARN] [1783976698.243359702] [leo1.controller_server]: No goal checker was specified in parameter 'current_goal_checker'. Server will use only plugin loaded general_goal_checker . This warning will appear once.
[controller_server-7] [INFO] [1783976699.165309908] [leo2.controller_server]: Passing new path to controller.
[controller_server-1] [INFO] [1783976699.293455630] [leo1.controller_server]: Passing new path to controller.
[controller_server-7] [INFO] [1783976700.215281829] [leo2.controller_server]: Passing new path to controller.
[controller_server-1] [INFO] [1783976700.343449228] [leo1.controller_server]: Passing new path to controller.
[controller_server-7] [INFO] [1783976701.215293021] [leo2.controller_server]: Passing new path to controller.
[controller_server-1] [INFO] [1783976701.343438817] [leo1.controller_server]: Passing new path to controller.
[controller_server-7] [INFO] [1783976702.265311501] [leo2.controller_server]: Passing new path to controller.
[controller_server-1] [INFO] [1783976702.393475535] [leo1.controller_server]: Passing new path to controller.
[controller_server-7] [INFO] [1783976703.265353081] [leo2.controller_server]: Passing new path to controller.
[controller_server-1] [INFO] [1783976703.393471513] [leo1.controller_server]: Passing new path to controller.
[controller_server-7] [INFO] [1783976704.315299666] [leo2.controller_server]: Passing new path to controller.
[controller_server-1] [INFO] [1783976704.443478447] [leo1.controller_server]: Passing new path to controller.
[controller_server-7] [INFO] [1783976705.365288461] [leo2.controller_server]: Passing new path to controller.
[controller_server-1] [INFO] [1783976705.493488877] [leo1.controller_server]: Passing new path to controller.
[controller_server-7] [INFO] [1783976706.365262524] [leo2.controller_server]: Passing new path to controller.
[controller_server-1] [INFO] [1783976706.493496043] [leo1.controller_server]: Passing new path to controller.
[controller_server-7] [INFO] [1783976707.415300607] [leo2.controller_server]: Passing new path to controller.
[controller_server-1] [INFO] [1783976707.543449069] [leo1.controller_server]: Passing new path to controller.
[controller_server-7] [INFO] [1783976708.415310309] [leo2.controller_server]: Passing new path to controller.
[controller_server-1] [INFO] [1783976708.543459358] [leo1.controller_server]: Passing new path to controller.
[controller_server-7] [INFO] [1783976709.465286052] [leo2.controller_server]: Passing new path to controller.
[controller_server-1] [INFO] [1783976709.593446269] [leo1.controller_server]: Passing new path to controller.
[controller_server-7] [INFO] [1783976710.515308543] [leo2.controller_server]: Passing new path to controller.
[controller_server-1] [INFO] [1783976710.643481690] [leo1.controller_server]: Passing new path to controller.
[controller_server-7] [INFO] [1783976711.515314873] [leo2.controller_server]: Passing new path to controller.
[controller_server-1] [INFO] [1783976711.643499206] [leo1.controller_server]: Passing new path to controller.
[controller_server-7] [INFO] [1783976712.065433887] [leo2.controller_server]: Reached the goal!
[bt_navigator-10] [INFO] [1783976712.105235118] [leo2.bt_navigator]: Goal succeeded
[controller_server-1] [INFO] [1783976712.693450214] [leo1.controller_server]: Passing new path to controller.
[controller_server-1] [INFO] [1783976713.693458408] [leo1.controller_server]: Passing new path to controller.
[controller_server-1] [INFO] [1783976714.743456432] [leo1.controller_server]: Passing new path to controller.
[controller_server-1] [INFO] [1783976715.793462540] [leo1.controller_server]: Passing new path to controller.
[controller_server-1] [INFO] [1783976716.193715333] [leo1.controller_server]: Reached the goal!
[bt_navigator-4] [INFO] [1783976716.233543757] [leo1.bt_navigator]: Goal succeeded
[planner_server-2] [INFO] [1783976719.404859534] [leo1.global_costmap.global_costmap]: StaticLayer: Resizing costmap to 264 X 277 at 0.050000 m/pix
[bt_navigator-4] [INFO] [1783976722.660791919] [leo1.bt_navigator]: Begin navigating from current location (-0.25, 0.50) to (-0.43, -2.30)
[controller_server-1] [INFO] [1783976722.681457547] [leo1.controller_server]: Received a goal, begin computing control effort.
[controller_server-1] [INFO] [1783976723.731614955] [leo1.controller_server]: Passing new path to controller.
[controller_server-1] [INFO] [1783976726.151455553] [leo1.controller_server]: Passing new path to controller.
[controller_server-1] [INFO] [1783976727.151514157] [leo1.controller_server]: Passing new path to controller.
[controller_server-1] [INFO] [1783976728.201481384] [leo1.controller_server]: Passing new path to controller.
[controller_server-7] [INFO] [1783976728.738400051] [leo2.local_costmap.local_costmap]: Received request to clear entirely the local_costmap
[planner_server-8] [INFO] [1783976728.738463491] [leo2.global_costmap.global_costmap]: Received request to clear entirely the global_costmap
[controller_server-1] [INFO] [1783976729.201485545] [leo1.controller_server]: Passing new path to controller.
[controller_server-1] [INFO] [1783976730.251522976] [leo1.controller_server]: Passing new path to controller.
[planner_server-2] [INFO] [1783976731.074685021] [leo1.global_costmap.global_costmap]: StaticLayer: Resizing costmap to 276 X 277 at 0.050000 m/pix
[controller_server-1] [INFO] [1783976731.251479249] [leo1.controller_server]: Passing new path to controller.
[controller_server-1] [INFO] [1783976732.301441075] [leo1.controller_server]: Passing new path to controller.
[controller_server-1] [INFO] [1783976733.351460960] [leo1.controller_server]: Passing new path to controller.
[controller_server-1] [INFO] [1783976734.351475664] [leo1.controller_server]: Passing new path to controller.
[controller_server-1] [INFO] [1783976735.401434877] [leo1.controller_server]: Passing new path to controller.
[controller_server-1] [INFO] [1783976736.401437575] [leo1.controller_server]: Passing new path to controller.
[bt_navigator-4] [INFO] [1783976736.410845671] [leo1.bt_navigator]: Received goal preemption request
[bt_navigator-4] [INFO] [1783976736.411840098] [leo1.bt_navigator]: Begin navigating from current location (-0.32, -1.76) to (-1.28, -2.70)
[controller_server-1] [INFO] [1783976737.451474186] [leo1.controller_server]: Passing new path to controller.
[controller_server-1] [INFO] [1783976738.501420470] [leo1.controller_server]: Passing new path to controller.
[planner_server-2] [INFO] [1783976739.474681800] [leo1.global_costmap.global_costmap]: StaticLayer: Resizing costmap to 277 X 278 at 0.050000 m/pix
[controller_server-1] [INFO] [1783976739.501431434] [leo1.controller_server]: Passing new path to controller.
[controller_server-1] [INFO] [1783976740.551461472] [leo1.controller_server]: Passing new path to controller.
[controller_server-7] [INFO] [1783976740.773616888] [leo2.local_costmap.local_costmap]: Received request to clear entirely the local_costmap
[planner_server-8] [INFO] [1783976740.773703881] [leo2.global_costmap.global_costmap]: Received request to clear entirely the global_costmap
[controller_server-1] [INFO] [1783976741.551428749] [leo1.controller_server]: Passing new path to controller.
[controller_server-1] [INFO] [1783976742.601415654] [leo1.controller_server]: Passing new path to controller.
[controller_server-1] [INFO] [1783976743.651469065] [leo1.controller_server]: Passing new path to controller.
[controller_server-1] [INFO] [1783976743.651753876] [leo1.controller_server]: Reached the goal!
[bt_navigator-4] [INFO] [1783976743.701583839] [leo1.bt_navigator]: Goal succeeded
[bt_navigator-4] [INFO] [1783976744.172315282] [leo1.bt_navigator]: Begin navigating from current location (-1.08, -2.56) to (-2.53, -4.31)
[controller_server-1] [INFO] [1783976744.192908209] [leo1.controller_server]: Received a goal, begin computing control effort.
[controller_server-1] [INFO] [1783976745.243057963] [leo1.controller_server]: Passing new path to controller.
[controller_server-1] [INFO] [1783976746.293040701] [leo1.controller_server]: Passing new path to controller.
[planner_server-2] [ERROR] [1783976747.263827105] [leo1.planner_server]: Failed to create a plan from potential when a legal potential was found. This shouldn't happen.
[planner_server-2] [WARN] [1783976747.263894378] [leo1.planner_server]: GridBased: failed to create plan with tolerance 0.50.
[planner_server-2] [WARN] [1783976747.263902569] [leo1.planner_server]: Planning algorithm GridBased failed to generate a valid path to (-2.53, -4.31)
[planner_server-2] [WARN] [1783976747.263908671] [leo1.planner_server]: [compute_path_to_pose] [ActionServer] Aborting handle.
[planner_server-2] [INFO] [1783976747.282633075] [leo1.global_costmap.global_costmap]: Received request to clear entirely the global_costmap
[planner_server-2] [ERROR] [1783976747.483991708] [leo1.planner_server]: Failed to create a plan from potential when a legal potential was found. This shouldn't happen.
[planner_server-2] [WARN] [1783976747.484059100] [leo1.planner_server]: GridBased: failed to create plan with tolerance 0.50.
[planner_server-2] [WARN] [1783976747.484067500] [leo1.planner_server]: Planning algorithm GridBased failed to generate a valid path to (-2.53, -4.31)
[planner_server-2] [WARN] [1783976747.484074512] [leo1.planner_server]: [compute_path_to_pose] [ActionServer] Aborting handle.
[bt_navigator-4] [ERROR] [1783976747.522923880] [leo1.bt_navigator_navigate_to_pose_rclcpp_node]: Failed to get result for follow_path in node halt!
[controller_server-1] [INFO] [1783976747.523059286] [leo1.local_costmap.local_costmap]: Received request to clear entirely the local_costmap
[planner_server-2] [INFO] [1783976747.523348157] [leo1.global_costmap.global_costmap]: Received request to clear entirely the global_costmap
[bt_navigator-4] [WARN] [1783976747.524483239] [BehaviorTreeEngine]: Behavior Tree tick rate 100.00 was exceeded!
[controller_server-1] [INFO] [1783976747.543031028] [leo1.controller_server]: Goal was canceled. Stopping the robot.
[controller_server-1] [INFO] [1783976747.543071151] [leo1.controller_server]: [follow_path] [ActionServer] Client requested to cancel the goal. Cancelling.
[planner_server-2] [ERROR] [1783976747.685001775] [leo1.planner_server]: Failed to create a plan from potential when a legal potential was found. This shouldn't happen.
[planner_server-2] [WARN] [1783976747.685064143] [leo1.planner_server]: GridBased: failed to create plan with tolerance 0.50.
[planner_server-2] [WARN] [1783976747.685072745] [leo1.planner_server]: Planning algorithm GridBased failed to generate a valid path to (-2.53, -4.31)
[planner_server-2] [WARN] [1783976747.685080064] [leo1.planner_server]: [compute_path_to_pose] [ActionServer] Aborting handle.
[planner_server-2] [INFO] [1783976747.703676323] [leo1.global_costmap.global_costmap]: Received request to clear entirely the global_costmap
[planner_server-2] [ERROR] [1783976747.885310156] [leo1.planner_server]: Failed to create a plan from potential when a legal potential was found. This shouldn't happen.
[planner_server-2] [WARN] [1783976747.885371751] [leo1.planner_server]: GridBased: failed to create plan with tolerance 0.50.
[planner_server-2] [WARN] [1783976747.885379239] [leo1.planner_server]: Planning algorithm GridBased failed to generate a valid path to (-2.53, -4.31)
[planner_server-2] [WARN] [1783976747.885386275] [leo1.planner_server]: [compute_path_to_pose] [ActionServer] Aborting handle.
[behavior_server-3] [INFO] [1783976747.904957715] [leo1.behavior_server]: Running spin
[behavior_server-3] [INFO] [1783976747.905071647] [leo1.behavior_server]: Turning 1.57 for spin behavior.
[planner_server-2] [INFO] [1783976749.474692612] [leo1.global_costmap.global_costmap]: StaticLayer: Resizing costmap to 278 X 278 at 0.050000 m/pix
[behavior_server-3] [INFO] [1783976749.605217238] [leo1.behavior_server]: spin completed successfully
[controller_server-1] [INFO] [1783976749.654996714] [leo1.controller_server]: Received a goal, begin computing control effort.
[controller_server-7] [INFO] [1783976750.056719103] [leo2.local_costmap.local_costmap]: Received request to clear entirely the local_costmap
[planner_server-8] [INFO] [1783976750.056906068] [leo2.global_costmap.global_costmap]: Received request to clear entirely the global_costmap
[controller_server-1] [INFO] [1783976750.705156683] [leo1.controller_server]: Passing new path to controller.
[controller_server-1] [INFO] [1783976751.755183700] [leo1.controller_server]: Passing new path to controller.
[controller_server-1] [INFO] [1783976752.755180401] [leo1.controller_server]: Passing new path to controller.
[controller_server-7] [INFO] [1783976752.821661879] [leo2.local_costmap.local_costmap]: Received request to clear entirely the local_costmap
[planner_server-8] [INFO] [1783976752.821738123] [leo2.global_costmap.global_costmap]: Received request to clear entirely the global_costmap
[controller_server-1] [INFO] [1783976753.805163091] [leo1.controller_server]: Passing new path to controller.
[controller_server-1] [INFO] [1783976754.805162375] [leo1.controller_server]: Passing new path to controller.
[controller_server-1] [INFO] [1783976755.855186592] [leo1.controller_server]: Passing new path to controller.
[controller_server-1] [INFO] [1783976757.526986215] [leo1.controller_server]: Passing new path to controller.
[controller_server-1] [INFO] [1783976758.526970112] [leo1.controller_server]: Passing new path to controller.
[controller_server-1] [INFO] [1783976758.977289968] [leo1.controller_server]: Reached the goal!
[bt_navigator-4] [INFO] [1783976759.017276931] [leo1.bt_navigator]: Goal succeeded
[planner_server-8] [INFO] [1783976760.847636689] [leo2.global_costmap.global_costmap]: StaticLayer: Resizing costmap to 184 X 277 at 0.050000 m/pix
[bt_navigator-10] [INFO] [1783976761.596397064] [leo2.bt_navigator]: Begin navigating from current location (1.60, 0.59) to (0.32, 0.66)
[controller_server-7] [INFO] [1783976761.617810622] [leo2.controller_server]: Received a goal, begin computing control effort.
[bt_navigator-4] [INFO] [1783976761.692214061] [leo1.bt_navigator]: Begin navigating from current location (-2.35, -4.14) to (-5.93, -4.52)
[controller_server-1] [INFO] [1783976761.713181294] [leo1.controller_server]: Received a goal, begin computing control effort.
[controller_server-7] [INFO] [1783976762.668112934] [leo2.controller_server]: Passing new path to controller.
[controller_server-1] [INFO] [1783976762.763348811] [leo1.controller_server]: Passing new path to controller.
[controller_server-7] [INFO] [1783976763.718096851] [leo2.controller_server]: Passing new path to controller.
[controller_server-1] [INFO] [1783976763.813313492] [leo1.controller_server]: Passing new path to controller.
[controller_server-7] [INFO] [1783976764.718120700] [leo2.controller_server]: Passing new path to controller.
[controller_server-1] [INFO] [1783976764.813302563] [leo1.controller_server]: Passing new path to controller.
[controller_server-7] [INFO] [1783976765.768097999] [leo2.controller_server]: Passing new path to controller.
[controller_server-1] [INFO] [1783976765.863351009] [leo1.controller_server]: Passing new path to controller.
[controller_server-7] [INFO] [1783976766.768087479] [leo2.controller_server]: Passing new path to controller.
[controller_server-1] [INFO] [1783976766.863355359] [leo1.controller_server]: Passing new path to controller.
[controller_server-7] [INFO] [1783976767.818104865] [leo2.controller_server]: Passing new path to controller.
[controller_server-1] [INFO] [1783976767.913315870] [leo1.controller_server]: Passing new path to controller.
[controller_server-7] [INFO] [1783976768.868081007] [leo2.controller_server]: Passing new path to controller.
[controller_server-1] [INFO] [1783976768.963341039] [leo1.controller_server]: Passing new path to controller.
[planner_server-8] [INFO] [1783976769.647664254] [leo2.global_costmap.global_costmap]: StaticLayer: Resizing costmap to 245 X 277 at 0.050000 m/pix
[controller_server-7] [INFO] [1783976769.868133323] [leo2.controller_server]: Passing new path to controller.
[controller_server-1] [INFO] [1783976769.963333208] [leo1.controller_server]: Passing new path to controller.
[controller_server-7] [INFO] [1783976770.668282547] [leo2.controller_server]: Reached the goal!
[bt_navigator-10] [INFO] [1783976770.707525222] [leo2.bt_navigator]: Goal succeeded
[controller_server-1] [INFO] [1783976771.013349290] [leo1.controller_server]: Passing new path to controller.
[controller_server-1] [INFO] [1783976772.013297768] [leo1.controller_server]: Passing new path to controller.
[controller_server-1] [INFO] [1783976773.063340116] [leo1.controller_server]: Passing new path to controller.
[bt_navigator-10] [INFO] [1783976774.031418478] [leo2.bt_navigator]: Begin navigating from current location (0.57, 0.64) to (-0.19, -1.14)
[controller_server-7] [INFO] [1783976774.052344669] [leo2.controller_server]: Received a goal, begin computing control effort.
[controller_server-1] [INFO] [1783976774.113297087] [leo1.controller_server]: Passing new path to controller.
[controller_server-7] [INFO] [1783976775.102502242] [leo2.controller_server]: Passing new path to controller.
[controller_server-1] [INFO] [1783976775.113304836] [leo1.controller_server]: Passing new path to controller.
[controller_server-7] [INFO] [1783976776.152507169] [leo2.controller_server]: Passing new path to controller.
[controller_server-1] [INFO] [1783976776.163345101] [leo1.controller_server]: Passing new path to controller.
[controller_server-7] [INFO] [1783976777.152542321] [leo2.controller_server]: Passing new path to controller.
[controller_server-1] [INFO] [1783976777.163361682] [leo1.controller_server]: Passing new path to controller.
[controller_server-7] [INFO] [1783976778.202543027] [leo2.controller_server]: Passing new path to controller.
[controller_server-1] [INFO] [1783976778.213363712] [leo1.controller_server]: Passing new path to controller.
[controller_server-1] [INFO] [1783976778.913664362] [leo1.controller_server]: Reached the goal!
[bt_navigator-4] [INFO] [1783976778.953106912] [leo1.bt_navigator]: Goal succeeded
[controller_server-7] [INFO] [1783976779.202519978] [leo2.controller_server]: Passing new path to controller.
[planner_server-8] [INFO] [1783976779.647638426] [leo2.global_costmap.global_costmap]: StaticLayer: Resizing costmap to 254 X 278 at 0.050000 m/pix
[controller_server-7] [INFO] [1783976780.252475637] [leo2.controller_server]: Passing new path to controller.
[controller_server-7] [INFO] [1783976781.252485370] [leo2.controller_server]: Passing new path to controller.
[bt_navigator-4] [INFO] [1783976781.798384836] [leo1.bt_navigator]: Begin navigating from current location (-5.72, -4.38) to (-5.43, -6.17)
[controller_server-1] [INFO] [1783976781.818917388] [leo1.controller_server]: Received a goal, begin computing control effort.
[controller_server-7] [INFO] [1783976782.302499209] [leo2.controller_server]: Passing new path to controller.
[controller_server-1] [INFO] [1783976782.869059694] [leo1.controller_server]: Passing new path to controller.
[controller_server-7] [INFO] [1783976783.352496854] [leo2.controller_server]: Passing new path to controller.
[controller_server-7] [INFO] [1783976783.652612388] [leo2.controller_server]: Reached the goal!
[bt_navigator-10] [INFO] [1783976783.692690993] [leo2.bt_navigator]: Goal succeeded
[controller_server-1] [INFO] [1783976783.919056981] [leo1.controller_server]: Passing new path to controller.
[controller_server-1] [INFO] [1783976784.919091008] [leo1.controller_server]: Passing new path to controller.
[controller_server-1] [INFO] [1783976785.969097570] [leo1.controller_server]: Passing new path to controller.
[bt_navigator-10] [INFO] [1783976786.137786458] [leo2.bt_navigator]: Begin navigating from current location (-0.05, -0.94) to (-0.59, -2.35)
[controller_server-7] [INFO] [1783976786.158579113] [leo2.controller_server]: Received a goal, begin computing control effort.
[controller_server-1] [INFO] [1783976786.969098977] [leo1.controller_server]: Passing new path to controller.
[controller_server-7] [INFO] [1783976787.208775077] [leo2.controller_server]: Passing new path to controller.
[controller_server-7] [INFO] [1783976788.974387473] [leo2.controller_server]: Passing new path to controller.
[controller_server-1] [INFO] [1783976788.984695991] [leo1.controller_server]: Passing new path to controller.
[controller_server-7] [INFO] [1783976790.024329963] [leo2.controller_server]: Passing new path to controller.
[controller_server-1] [INFO] [1783976790.034702364] [leo1.controller_server]: Passing new path to controller.
[controller_server-1] [INFO] [1783976791.034688155] [leo1.controller_server]: Passing new path to controller.
[controller_server-7] [INFO] [1783976791.074331749] [leo2.controller_server]: Passing new path to controller.
[planner_server-8] [INFO] [1783976791.113236225] [leo2.global_costmap.global_costmap]: StaticLayer: Resizing costmap to 271 X 278 at 0.050000 m/pix
[controller_server-7] [INFO] [1783976792.074327220] [leo2.controller_server]: Passing new path to controller.
[controller_server-1] [INFO] [1783976792.084693229] [leo1.controller_server]: Passing new path to controller.
[controller_server-1] [INFO] [1783976792.684814159] [leo1.controller_server]: Reached the goal!
[bt_navigator-4] [INFO] [1783976792.724733847] [leo1.bt_navigator]: Goal succeeded
[controller_server-7] [INFO] [1783976793.124357459] [leo2.controller_server]: Passing new path to controller.
[controller_server-7] [INFO] [1783976793.424466442] [leo2.controller_server]: Reached the goal!
[bt_navigator-10] [INFO] [1783976793.464220252] [leo2.bt_navigator]: Goal succeeded
[bt_navigator-4] [INFO] [1783976795.376565254] [leo1.bt_navigator]: Begin navigating from current location (-5.47, -5.93) to (0.72, 5.23)
[bt_navigator-10] [INFO] [1783976795.386213842] [leo2.bt_navigator]: Begin navigating from current location (-0.54, -2.11) to (-2.04, -3.62)
[controller_server-1] [INFO] [1783976795.398038088] [leo1.controller_server]: Received a goal, begin computing control effort.
[controller_server-7] [INFO] [1783976795.406897212] [leo2.controller_server]: Received a goal, begin computing control effort.
[controller_server-1] [INFO] [1783976796.448244222] [leo1.controller_server]: Passing new path to controller.
[controller_server-7] [INFO] [1783976796.457087877] [leo2.controller_server]: Passing new path to controller.
[controller_server-1] [INFO] [1783976797.498222377] [leo1.controller_server]: Passing new path to controller.
[controller_server-7] [INFO] [1783976797.507000841] [leo2.controller_server]: Passing new path to controller.
[controller_server-1] [INFO] [1783976798.498233853] [leo1.controller_server]: Passing new path to controller.
[controller_server-7] [INFO] [1783976798.507033616] [leo2.controller_server]: Passing new path to controller.
[planner_server-8] [INFO] [1783976799.513251478] [leo2.global_costmap.global_costmap]: StaticLayer: Resizing costmap to 278 X 278 at 0.050000 m/pix
[controller_server-1] [INFO] [1783976799.548232813] [leo1.controller_server]: Passing new path to controller.
[controller_server-7] [INFO] [1783976799.557040342] [leo2.controller_server]: Passing new path to controller.
[controller_server-1] [INFO] [1783976800.548238971] [leo1.controller_server]: Passing new path to controller.
[controller_server-7] [INFO] [1783976800.557114743] [leo2.controller_server]: Passing new path to controller.
[controller_server-1] [INFO] [1783976801.598234651] [leo1.controller_server]: Passing new path to controller.
[controller_server-7] [INFO] [1783976801.607059962] [leo2.controller_server]: Passing new path to controller.
[planner_server-2] [ERROR] [1783976802.588387650] [leo1.planner_server]: Failed to create a plan from potential when a legal potential was found. This shouldn't happen.
[planner_server-2] [WARN] [1783976802.588510528] [leo1.planner_server]: GridBased: failed to create plan with tolerance 0.50.
[planner_server-2] [WARN] [1783976802.588520111] [leo1.planner_server]: Planning algorithm GridBased failed to generate a valid path to (0.72, 5.23)
[planner_server-2] [WARN] [1783976802.588526972] [leo1.planner_server]: [compute_path_to_pose] [ActionServer] Aborting handle.
[planner_server-2] [INFO] [1783976802.607057303] [leo1.global_costmap.global_costmap]: Received request to clear entirely the global_costmap
[controller_server-7] [INFO] [1783976802.657065397] [leo2.controller_server]: Passing new path to controller.
[controller_server-1] [INFO] [1783976802.748245504] [leo1.controller_server]: Passing new path to controller.
[controller_server-7] [INFO] [1783976803.657060604] [leo2.controller_server]: Passing new path to controller.
[controller_server-1] [INFO] [1783976803.798248441] [leo1.controller_server]: Passing new path to controller.
[controller_server-7] [INFO] [1783976804.607241733] [leo2.controller_server]: Reached the goal!
[bt_navigator-10] [INFO] [1783976804.647099093] [leo2.bt_navigator]: Goal succeeded
[controller_server-1] [INFO] [1783976804.798251743] [leo1.controller_server]: Passing new path to controller.
[controller_server-1] [INFO] [1783976805.848241364] [leo1.controller_server]: Passing new path to controller.
[planner_server-2] [ERROR] [1783976806.838822723] [leo1.planner_server]: Failed to create a plan from potential when a legal potential was found. This shouldn't happen.
[planner_server-2] [WARN] [1783976806.838890278] [leo1.planner_server]: GridBased: failed to create plan with tolerance 0.50.
[planner_server-2] [WARN] [1783976806.838898942] [leo1.planner_server]: Planning algorithm GridBased failed to generate a valid path to (0.72, 5.23)
[planner_server-2] [WARN] [1783976806.838905332] [leo1.planner_server]: [compute_path_to_pose] [ActionServer] Aborting handle.
[planner_server-2] [INFO] [1783976806.856886612] [leo1.global_costmap.global_costmap]: Received request to clear entirely the global_costmap
[planner_server-2] [ERROR] [1783976806.918792176] [leo1.planner_server]: Failed to create a plan from potential when a legal potential was found. This shouldn't happen.
[planner_server-2] [WARN] [1783976806.918853684] [leo1.planner_server]: GridBased: failed to create plan with tolerance 0.50.
[planner_server-2] [WARN] [1783976806.918862348] [leo1.planner_server]: Planning algorithm GridBased failed to generate a valid path to (0.72, 5.23)
[planner_server-2] [WARN] [1783976806.918869831] [leo1.planner_server]: [compute_path_to_pose] [ActionServer] Aborting handle.
[controller_server-1] [INFO] [1783976806.948233268] [leo1.controller_server]: Goal was canceled. Stopping the robot.
[controller_server-1] [INFO] [1783976806.948273778] [leo1.controller_server]: [follow_path] [ActionServer] Client requested to cancel the goal. Cancelling.
[behavior_server-3] [INFO] [1783976806.949274510] [leo1.behavior_server]: Running wait
[bt_navigator-4] [WARN] [1783976806.949483144] [BehaviorTreeEngine]: Behavior Tree tick rate 100.00 was exceeded!
[bt_navigator-10] [INFO] [1783976807.405158032] [leo2.bt_navigator]: Begin navigating from current location (-1.86, -3.45) to (-3.19, -4.33)
[controller_server-7] [INFO] [1783976807.425727067] [leo2.controller_server]: Received a goal, begin computing control effort.
[controller_server-7] [INFO] [1783976808.475848885] [leo2.controller_server]: Passing new path to controller.
[planner_server-8] [INFO] [1783976809.513267543] [leo2.global_costmap.global_costmap]: StaticLayer: Resizing costmap to 278 X 278 at 0.050000 m/pix
[controller_server-7] [INFO] [1783976809.525845238] [leo2.controller_server]: Passing new path to controller.
[controller_server-7] [INFO] [1783976810.525870496] [leo2.controller_server]: Passing new path to controller.
[controller_server-7] [INFO] [1783976811.575879502] [leo2.controller_server]: Passing new path to controller.
[behavior_server-3] [INFO] [1783976812.049592189] [leo1.behavior_server]: wait completed successfully
[controller_server-1] [INFO] [1783976812.097848498] [leo1.controller_server]: Received a goal, begin computing control effort.
[controller_server-7] [INFO] [1783976812.575868328] [leo2.controller_server]: Passing new path to controller.
[controller_server-1] [INFO] [1783976813.148010556] [leo1.controller_server]: Passing new path to controller.
[controller_server-7] [INFO] [1783976813.625846148] [leo2.controller_server]: Passing new path to controller.
[controller_server-1] [INFO] [1783976814.197986884] [leo1.controller_server]: Passing new path to controller.
[controller_server-7] [INFO] [1783976814.675862452] [leo2.controller_server]: Passing new path to controller.
[controller_server-1] [INFO] [1783976815.197993025] [leo1.controller_server]: Passing new path to controller.
[controller_server-7] [INFO] [1783976815.675861372] [leo2.controller_server]: Passing new path to controller.
[controller_server-1] [INFO] [1783976816.247959724] [leo1.controller_server]: Passing new path to controller.
[controller_server-7] [INFO] [1783976816.725840986] [leo2.controller_server]: Passing new path to controller.
[controller_server-1] [INFO] [1783976817.248000288] [leo1.controller_server]: Passing new path to controller.
[controller_server-7] [INFO] [1783976817.725865261] [leo2.controller_server]: Passing new path to controller.
[controller_server-1] [INFO] [1783976818.298008119] [leo1.controller_server]: Passing new path to controller.
[controller_server-7] [INFO] [1783976818.775868655] [leo2.controller_server]: Passing new path to controller.
[controller_server-7] [INFO] [1783976820.653879973] [leo2.controller_server]: Passing new path to controller.
[controller_server-1] [INFO] [1783976820.676006451] [leo1.controller_server]: Passing new path to controller.
[bt_navigator-10] [INFO] [1783976821.113338036] [leo2.bt_navigator]: Received goal preemption request
[bt_navigator-10] [INFO] [1783976821.114267429] [leo2.bt_navigator]: Begin navigating from current location (-3.26, -4.08) to (-6.09, -4.03)
[planner_server-2] [INFO] [1783976821.190144418] [leo1.global_costmap.global_costmap]: StaticLayer: Resizing costmap to 279 X 279 at 0.050000 m/pix
[controller_server-7] [INFO] [1783976821.354011427] [leo2.controller_server]: Reached the goal!
[bt_navigator-10] [INFO] [1783976821.393807385] [leo2.bt_navigator]: Goal succeeded
[planner_server-2] [ERROR] [1783976821.646393120] [leo1.planner_server]: Failed to create a plan from potential when a legal potential was found. This shouldn't happen.
[planner_server-2] [WARN] [1783976821.646463522] [leo1.planner_server]: GridBased: failed to create plan with tolerance 0.50.
[planner_server-2] [WARN] [1783976821.646472490] [leo1.planner_server]: Planning algorithm GridBased failed to generate a valid path to (0.72, 5.23)
[planner_server-2] [WARN] [1783976821.646480070] [leo1.planner_server]: [compute_path_to_pose] [ActionServer] Aborting handle.
[planner_server-2] [INFO] [1783976821.664899359] [leo1.global_costmap.global_costmap]: Received request to clear entirely the global_costmap
[planner_server-2] [ERROR] [1783976821.797145726] [leo1.planner_server]: Failed to create a plan from potential when a legal potential was found. This shouldn't happen.
[planner_server-2] [WARN] [1783976821.797270774] [leo1.planner_server]: GridBased: failed to create plan with tolerance 0.50.
[planner_server-2] [WARN] [1783976821.797294369] [leo1.planner_server]: Planning algorithm GridBased failed to generate a valid path to (0.72, 5.23)
[planner_server-2] [WARN] [1783976821.797311442] [leo1.planner_server]: [compute_path_to_pose] [ActionServer] Aborting handle.
[controller_server-1] [INFO] [1783976821.826014443] [leo1.controller_server]: Goal was canceled. Stopping the robot.
[controller_server-1] [INFO] [1783976821.826059570] [leo1.controller_server]: [follow_path] [ActionServer] Client requested to cancel the goal. Cancelling.
[behavior_server-3] [INFO] [1783976821.826857725] [leo1.behavior_server]: Running backup
[behavior_server-3] [INFO] [1783976821.827005263] [leo1.behavior_server]: DriveOnHeading: no acceleration or deceleration limits set
[bt_navigator-4] [WARN] [1783976821.827191676] [BehaviorTreeEngine]: Behavior Tree tick rate 100.00 was exceeded!
[bt_navigator-10] [INFO] [1783976825.097340142] [leo2.bt_navigator]: Begin navigating from current location (-3.26, -4.08) to (-5.89, -1.18)
[controller_server-7] [INFO] [1783976825.118129878] [leo2.controller_server]: Received a goal, begin computing control effort.
[controller_server-7] [INFO] [1783976826.168347182] [leo2.controller_server]: Passing new path to controller.
[controller_server-7] [INFO] [1783976827.218320092] [leo2.controller_server]: Passing new path to controller.
[behavior_server-3] [INFO] [1783976828.027197407] [leo1.behavior_server]: backup completed successfully
[controller_server-1] [INFO] [1783976828.076003711] [leo1.controller_server]: Received a goal, begin computing control effort.
[controller_server-7] [INFO] [1783976828.218349724] [leo2.controller_server]: Passing new path to controller.
[planner_server-2] [ERROR] [1783976829.086344049] [leo1.planner_server]: Failed to create a plan from potential when a legal potential was found. This shouldn't happen.
[planner_server-2] [WARN] [1783976829.086418099] [leo1.planner_server]: GridBased: failed to create plan with tolerance 0.50.
[planner_server-2] [WARN] [1783976829.086426846] [leo1.planner_server]: Planning algorithm GridBased failed to generate a valid path to (0.72, 5.23)
[planner_server-2] [WARN] [1783976829.086433984] [leo1.planner_server]: [compute_path_to_pose] [ActionServer] Aborting handle.
[planner_server-2] [INFO] [1783976829.104952727] [leo1.global_costmap.global_costmap]: Received request to clear entirely the global_costmap
[planner_server-2] [ERROR] [1783976829.197469869] [leo1.planner_server]: Failed to create a plan from potential when a legal potential was found. This shouldn't happen.
[planner_server-2] [WARN] [1783976829.197531292] [leo1.planner_server]: GridBased: failed to create plan with tolerance 0.50.
[planner_server-2] [WARN] [1783976829.197541020] [leo1.planner_server]: Planning algorithm GridBased failed to generate a valid path to (0.72, 5.23)
[planner_server-2] [WARN] [1783976829.197548611] [leo1.planner_server]: [compute_path_to_pose] [ActionServer] Aborting handle.
[controller_server-1] [INFO] [1783976829.226176887] [leo1.controller_server]: Goal was canceled. Stopping the robot.
[controller_server-1] [INFO] [1783976829.226221802] [leo1.controller_server]: [follow_path] [ActionServer] Client requested to cancel the goal. Cancelling.
[controller_server-1] [INFO] [1783976829.226459686] [leo1.local_costmap.local_costmap]: Received request to clear entirely the local_costmap
[planner_server-2] [INFO] [1783976829.226846026] [leo1.global_costmap.global_costmap]: Received request to clear entirely the global_costmap
[bt_navigator-4] [WARN] [1783976829.228027218] [BehaviorTreeEngine]: Behavior Tree tick rate 100.00 was exceeded!
[controller_server-7] [INFO] [1783976829.268375176] [leo2.controller_server]: Passing new path to controller.
[planner_server-2] [ERROR] [1783976829.398952155] [leo1.planner_server]: Failed to create a plan from potential when a legal potential was found. This shouldn't happen.
[planner_server-2] [WARN] [1783976829.399020152] [leo1.planner_server]: GridBased: failed to create plan with tolerance 0.50.
[planner_server-2] [WARN] [1783976829.399029424] [leo1.planner_server]: Planning algorithm GridBased failed to generate a valid path to (0.72, 5.23)
[planner_server-2] [WARN] [1783976829.399037459] [leo1.planner_server]: [compute_path_to_pose] [ActionServer] Aborting handle.
[planner_server-2] [INFO] [1783976829.414869424] [leo1.global_costmap.global_costmap]: Received request to clear entirely the global_costmap
[planner_server-2] [ERROR] [1783976829.597097408] [leo1.planner_server]: Failed to create a plan from potential when a legal potential was found. This shouldn't happen.
[planner_server-2] [WARN] [1783976829.597167297] [leo1.planner_server]: GridBased: failed to create plan with tolerance 0.50.
[planner_server-2] [WARN] [1783976829.597234881] [leo1.planner_server]: Planning algorithm GridBased failed to generate a valid path to (0.72, 5.23)
[planner_server-2] [WARN] [1783976829.597248521] [leo1.planner_server]: [compute_path_to_pose] [ActionServer] Aborting handle.
[behavior_server-3] [INFO] [1783976829.615312140] [leo1.behavior_server]: Running spin
[behavior_server-3] [INFO] [1783976829.615411872] [leo1.behavior_server]: Turning 1.57 for spin behavior.
[controller_server-7] [INFO] [1783976830.268349099] [leo2.controller_server]: Passing new path to controller.
[behavior_server-3] [INFO] [1783976831.315544895] [leo1.behavior_server]: spin completed successfully
[controller_server-7] [INFO] [1783976831.318310601] [leo2.controller_server]: Passing new path to controller.
[planner_server-2] [ERROR] [1783976831.346252511] [leo1.planner_server]: Failed to create a plan from potential when a legal potential was found. This shouldn't happen.
[planner_server-2] [WARN] [1783976831.346330004] [leo1.planner_server]: GridBased: failed to create plan with tolerance 0.50.
[planner_server-2] [WARN] [1783976831.346342194] [leo1.planner_server]: Planning algorithm GridBased failed to generate a valid path to (0.72, 5.23)
[planner_server-2] [WARN] [1783976831.346351212] [leo1.planner_server]: [compute_path_to_pose] [ActionServer] Aborting handle.
[planner_server-2] [INFO] [1783976831.364827832] [leo1.global_costmap.global_costmap]: Received request to clear entirely the global_costmap
[planner_server-2] [ERROR] [1783976831.396442955] [leo1.planner_server]: Failed to create a plan from potential when a legal potential was found. This shouldn't happen.
[planner_server-2] [WARN] [1783976831.396504348] [leo1.planner_server]: GridBased: failed to create plan with tolerance 0.50.
[planner_server-2] [WARN] [1783976831.396513059] [leo1.planner_server]: Planning algorithm GridBased failed to generate a valid path to (0.72, 5.23)
[planner_server-2] [WARN] [1783976831.396520712] [leo1.planner_server]: [compute_path_to_pose] [ActionServer] Aborting handle.
[behavior_server-3] [INFO] [1783976831.415005324] [leo1.behavior_server]: Running wait
[controller_server-7] [INFO] [1783976832.318326615] [leo2.controller_server]: Passing new path to controller.
[controller_server-7] [INFO] [1783976833.368392772] [leo2.controller_server]: Passing new path to controller.
[controller_server-7] [INFO] [1783976834.418320414] [leo2.controller_server]: Passing new path to controller.
[controller_server-7] [INFO] [1783976835.418334264] [leo2.controller_server]: Passing new path to controller.
[controller_server-7] [INFO] [1783976836.468350443] [leo2.controller_server]: Passing new path to controller.
[behavior_server-3] [INFO] [1783976836.515295566] [leo1.behavior_server]: wait completed successfully
[planner_server-2] [ERROR] [1783976836.546590965] [leo1.planner_server]: Failed to create a plan from potential when a legal potential was found. This shouldn't happen.
[planner_server-2] [WARN] [1783976836.546666335] [leo1.planner_server]: GridBased: failed to create plan with tolerance 0.50.
[planner_server-2] [WARN] [1783976836.546676856] [leo1.planner_server]: Planning algorithm GridBased failed to generate a valid path to (0.72, 5.23)
[planner_server-2] [WARN] [1783976836.546684452] [leo1.planner_server]: [compute_path_to_pose] [ActionServer] Aborting handle.
[planner_server-2] [INFO] [1783976836.564929800] [leo1.global_costmap.global_costmap]: Received request to clear entirely the global_costmap
[planner_server-2] [ERROR] [1783976836.596930747] [leo1.planner_server]: Failed to create a plan from potential when a legal potential was found. This shouldn't happen.
[planner_server-2] [WARN] [1783976836.596995914] [leo1.planner_server]: GridBased: failed to create plan with tolerance 0.50.
[planner_server-2] [WARN] [1783976836.597005905] [leo1.planner_server]: Planning algorithm GridBased failed to generate a valid path to (0.72, 5.23)
[planner_server-2] [WARN] [1783976836.597014167] [leo1.planner_server]: [compute_path_to_pose] [ActionServer] Aborting handle.
[behavior_server-3] [INFO] [1783976836.615059588] [leo1.behavior_server]: Running backup
[controller_server-7] [INFO] [1783976837.468361009] [leo2.controller_server]: Passing new path to controller.
[controller_server-7] [INFO] [1783976838.518333071] [leo2.controller_server]: Passing new path to controller.
[controller_server-7] [INFO] [1783976839.518311153] [leo2.controller_server]: Passing new path to controller.
[planner_server-8] [INFO] [1783976839.591247978] [leo2.global_costmap.global_costmap]: StaticLayer: Resizing costmap to 280 X 279 at 0.050000 m/pix
[controller_server-7] [INFO] [1783976840.568344908] [leo2.controller_server]: Passing new path to controller.
[controller_server-7] [INFO] [1783976841.618352634] [leo2.controller_server]: Passing new path to controller.
[controller_server-7] [INFO] [1783976842.618261783] [leo2.controller_server]: Passing new path to controller.
[behavior_server-3] [INFO] [1783976842.715291590] [leo1.behavior_server]: backup completed successfully
[controller_server-1] [INFO] [1783976842.765810676] [leo1.controller_server]: Received a goal, begin computing control effort.
[controller_server-7] [INFO] [1783976843.118435725] [leo2.controller_server]: Reached the goal!
[bt_navigator-10] [INFO] [1783976843.158079323] [leo2.bt_navigator]: Goal succeeded
[controller_server-1] [INFO] [1783976843.815984975] [leo1.controller_server]: Passing new path to controller.
[controller_server-1] [INFO] [1783976844.865981627] [leo1.controller_server]: Passing new path to controller.
[bt_navigator-10] [INFO] [1783976845.244569219] [leo2.bt_navigator]: Begin navigating from current location (-5.71, -1.34) to (1.21, 4.90)
[controller_server-7] [INFO] [1783976845.265944544] [leo2.controller_server]: Received a goal, begin computing control effort.
[controller_server-1] [INFO] [1783976845.865976403] [leo1.controller_server]: Passing new path to controller.
[controller_server-7] [INFO] [1783976846.316286663] [leo2.controller_server]: Passing new path to controller.
[controller_server-1] [INFO] [1783976846.915959858] [leo1.controller_server]: Passing new path to controller.
[controller_server-7] [INFO] [1783976847.366253638] [leo2.controller_server]: Passing new path to controller.
[controller_server-1] [INFO] [1783976847.915969962] [leo1.controller_server]: Passing new path to controller.
[controller_server-7] [INFO] [1783976848.366258482] [leo2.controller_server]: Passing new path to controller.
[controller_server-1] [INFO] [1783976848.965976224] [leo1.controller_server]: Passing new path to controller.
[controller_server-7] [INFO] [1783976849.416237175] [leo2.controller_server]: Passing new path to controller.
[controller_server-1] [INFO] [1783976850.015976464] [leo1.controller_server]: Passing new path to controller.
[controller_server-7] [INFO] [1783976850.416273070] [leo2.controller_server]: Passing new path to controller.
[controller_server-1] [INFO] [1783976852.339559803] [leo1.controller_server]: Passing new path to controller.
[controller_server-7] [INFO] [1783976852.339808206] [leo2.controller_server]: Passing new path to controller.
[controller_server-1] [INFO] [1783976853.339512144] [leo1.controller_server]: Passing new path to controller.
[controller_server-7] [INFO] [1783976853.389851367] [leo2.controller_server]: Passing new path to controller.
[planner_server-2] [ERROR] [1783976854.349804649] [leo1.planner_server]: Failed to create a plan from potential when a legal potential was found. This shouldn't happen.
[planner_server-2] [WARN] [1783976854.349900776] [leo1.planner_server]: GridBased: failed to create plan with tolerance 0.50.
[planner_server-2] [WARN] [1783976854.349937517] [leo1.planner_server]: Planning algorithm GridBased failed to generate a valid path to (0.72, 5.23)
[planner_server-2] [WARN] [1783976854.349949163] [leo1.planner_server]: [compute_path_to_pose] [ActionServer] Aborting handle.
[planner_server-2] [INFO] [1783976854.368465778] [leo1.global_costmap.global_costmap]: Received request to clear entirely the global_costmap
[controller_server-7] [INFO] [1783976854.389824625] [leo2.controller_server]: Passing new path to controller.
[controller_server-1] [INFO] [1783976854.489508692] [leo1.controller_server]: Passing new path to controller.
[controller_server-7] [INFO] [1783976855.439808344] [leo2.controller_server]: Passing new path to controller.
[controller_server-1] [INFO] [1783976855.539522289] [leo1.controller_server]: Passing new path to controller.
[controller_server-7] [INFO] [1783976856.489826447] [leo2.controller_server]: Passing new path to controller.
[controller_server-1] [INFO] [1783976856.589484817] [leo1.controller_server]: Passing new path to controller.
[controller_server-7] [INFO] [1783976857.489806305] [leo2.controller_server]: Passing new path to controller.
[controller_server-1] [INFO] [1783976857.589483573] [leo1.controller_server]: Passing new path to controller.
[controller_server-7] [INFO] [1783976858.539792056] [leo2.controller_server]: Passing new path to controller.
[controller_server-1] [INFO] [1783976858.639518149] [leo1.controller_server]: Passing new path to controller.
[controller_server-7] [INFO] [1783976859.539810958] [leo2.controller_server]: Passing new path to controller.
[controller_server-1] [INFO] [1783976859.639509488] [leo1.controller_server]: Passing new path to controller.
[controller_server-7] [INFO] [1783976860.589794397] [leo2.controller_server]: Passing new path to controller.
[controller_server-1] [INFO] [1783976860.689484995] [leo1.controller_server]: Passing new path to controller.
[planner_server-2] [INFO] [1783976861.063624248] [leo1.global_costmap.global_costmap]: StaticLayer: Resizing costmap to 279 X 280 at 0.050000 m/pix
[controller_server-7] [INFO] [1783976861.639801015] [leo2.controller_server]: Passing new path to controller.
[controller_server-1] [INFO] [1783976861.739506741] [leo1.controller_server]: Passing new path to controller.
[controller_server-7] [INFO] [1783976862.639856557] [leo2.controller_server]: Passing new path to controller.
[planner_server-2] [ERROR] [1783976862.710163471] [leo1.planner_server]: Failed to create a plan from potential when a legal potential was found. This shouldn't happen.
[planner_server-2] [WARN] [1783976862.710254363] [leo1.planner_server]: GridBased: failed to create plan with tolerance 0.50.
[planner_server-2] [WARN] [1783976862.710267375] [leo1.planner_server]: Planning algorithm GridBased failed to generate a valid path to (0.72, 5.23)
[planner_server-2] [WARN] [1783976862.710277077] [leo1.planner_server]: [compute_path_to_pose] [ActionServer] Aborting handle.
[planner_server-2] [INFO] [1783976862.728523061] [leo1.global_costmap.global_costmap]: Received request to clear entirely the global_costmap
[planner_server-2] [ERROR] [1783976862.871193480] [leo1.planner_server]: Failed to create a plan from potential when a legal potential was found. This shouldn't happen.
[planner_server-2] [WARN] [1783976862.871265400] [leo1.planner_server]: GridBased: failed to create plan with tolerance 0.50.
[planner_server-2] [WARN] [1783976862.871274991] [leo1.planner_server]: Planning algorithm GridBased failed to generate a valid path to (0.72, 5.23)
[planner_server-2] [WARN] [1783976862.871283588] [leo1.planner_server]: [compute_path_to_pose] [ActionServer] Aborting handle.
[controller_server-1] [INFO] [1783976862.889542651] [leo1.controller_server]: Goal was canceled. Stopping the robot.
[controller_server-1] [INFO] [1783976862.889592902] [leo1.controller_server]: [follow_path] [ActionServer] Client requested to cancel the goal. Cancelling.
[bt_navigator-4] [WARN] [1783976862.898313434] [leo1.bt_navigator]: [navigate_to_pose] [ActionServer] Aborting handle.
[bt_navigator-4] [ERROR] [1783976862.899186632] [leo1.bt_navigator]: Goal failed
[controller_server-7] [INFO] [1783976863.689805612] [leo2.controller_server]: Passing new path to controller.
[controller_server-7] [INFO] [1783976864.689775155] [leo2.controller_server]: Passing new path to controller.
[controller_server-7] [INFO] [1783976865.739808827] [leo2.controller_server]: Passing new path to controller.
[controller_server-7] [INFO] [1783976866.789792431] [leo2.controller_server]: Passing new path to controller.
[bt_navigator-4] [INFO] [1783976866.991241944] [leo1.bt_navigator]: Begin navigating from current location (-0.80, 0.18) to (-4.79, 2.22)
[controller_server-1] [INFO] [1783976867.012184735] [leo1.controller_server]: Received a goal, begin computing control effort.
[controller_server-7] [INFO] [1783976867.789787074] [leo2.controller_server]: Passing new path to controller.
[controller_server-1] [INFO] [1783976868.062306391] [leo1.controller_server]: Passing new path to controller.
[controller_server-7] [INFO] [1783976868.839800681] [leo2.controller_server]: Passing new path to controller.
[planner_server-2] [ERROR] [1783976869.053523670] [leo1.planner_server]: Failed to create a plan from potential when a legal potential was found. This shouldn't happen.
[planner_server-2] [WARN] [1783976869.053597287] [leo1.planner_server]: GridBased: failed to create plan with tolerance 0.50.
[planner_server-2] [WARN] [1783976869.053605785] [leo1.planner_server]: Planning algorithm GridBased failed to generate a valid path to (-4.79, 2.22)
[planner_server-2] [WARN] [1783976869.053612836] [leo1.planner_server]: [compute_path_to_pose] [ActionServer] Aborting handle.
[planner_server-2] [INFO] [1783976869.071482678] [leo1.global_costmap.global_costmap]: Received request to clear entirely the global_costmap
[planner_server-2] [ERROR] [1783976869.273707361] [leo1.planner_server]: Failed to create a plan from potential when a legal potential was found. This shouldn't happen.
[planner_server-2] [WARN] [1783976869.273776668] [leo1.planner_server]: GridBased: failed to create plan with tolerance 0.50.
[planner_server-2] [WARN] [1783976869.273788671] [leo1.planner_server]: Planning algorithm GridBased failed to generate a valid path to (-4.79, 2.22)
[planner_server-2] [WARN] [1783976869.273797208] [leo1.planner_server]: [compute_path_to_pose] [ActionServer] Aborting handle.
[bt_navigator-4] [ERROR] [1783976869.311826821] [leo1.bt_navigator_navigate_to_pose_rclcpp_node]: Failed to get result for follow_path in node halt!
[controller_server-1] [INFO] [1783976869.312048033] [leo1.local_costmap.local_costmap]: Received request to clear entirely the local_costmap
[controller_server-1] [INFO] [1783976869.312307530] [leo1.controller_server]: Goal was canceled. Stopping the robot.
[controller_server-1] [INFO] [1783976869.312336207] [leo1.controller_server]: [follow_path] [ActionServer] Client requested to cancel the goal. Cancelling.
[planner_server-2] [INFO] [1783976869.312420673] [leo1.global_costmap.global_costmap]: Received request to clear entirely the global_costmap
[bt_navigator-4] [WARN] [1783976869.313425583] [BehaviorTreeEngine]: Behavior Tree tick rate 100.00 was exceeded!
[planner_server-8] [INFO] [1783976869.464806317] [leo2.global_costmap.global_costmap]: StaticLayer: Resizing costmap to 280 X 279 at 0.050000 m/pix
[planner_server-2] [ERROR] [1783976869.475067014] [leo1.planner_server]: Failed to create a plan from potential when a legal potential was found. This shouldn't happen.
[planner_server-2] [WARN] [1783976869.475198128] [leo1.planner_server]: GridBased: failed to create plan with tolerance 0.50.
[planner_server-2] [WARN] [1783976869.475212671] [leo1.planner_server]: Planning algorithm GridBased failed to generate a valid path to (-4.79, 2.22)
[planner_server-2] [WARN] [1783976869.475221098] [leo1.planner_server]: [compute_path_to_pose] [ActionServer] Aborting handle.
[planner_server-2] [INFO] [1783976869.493681283] [leo1.global_costmap.global_costmap]: Received request to clear entirely the global_costmap
[planner_server-2] [ERROR] [1783976869.666429049] [leo1.planner_server]: Failed to create a plan from potential when a legal potential was found. This shouldn't happen.
[planner_server-2] [WARN] [1783976869.666500764] [leo1.planner_server]: GridBased: failed to create plan with tolerance 0.50.
[planner_server-2] [WARN] [1783976869.666510896] [leo1.planner_server]: Planning algorithm GridBased failed to generate a valid path to (-4.79, 2.22)
[planner_server-2] [WARN] [1783976869.666519746] [leo1.planner_server]: [compute_path_to_pose] [ActionServer] Aborting handle.
[behavior_server-3] [INFO] [1783976869.684054880] [leo1.behavior_server]: Running spin
[behavior_server-3] [INFO] [1783976869.684178476] [leo1.behavior_server]: Turning 1.57 for spin behavior.
[controller_server-7] [INFO] [1783976869.839821072] [leo2.controller_server]: Passing new path to controller.
[controller_server-7] [INFO] [1783976870.889839102] [leo2.controller_server]: Passing new path to controller.
[behavior_server-3] [INFO] [1783976871.384356483] [leo1.behavior_server]: spin completed successfully
[planner_server-2] [ERROR] [1783976871.417174357] [leo1.planner_server]: Failed to create a plan from potential when a legal potential was found. This shouldn't happen.
[planner_server-2] [WARN] [1783976871.417258307] [leo1.planner_server]: GridBased: failed to create plan with tolerance 0.50.
[planner_server-2] [WARN] [1783976871.417273809] [leo1.planner_server]: Planning algorithm GridBased failed to generate a valid path to (-4.79, 2.22)
[planner_server-2] [WARN] [1783976871.417285512] [leo1.planner_server]: [compute_path_to_pose] [ActionServer] Aborting handle.
[planner_server-2] [INFO] [1783976871.433746339] [leo1.global_costmap.global_costmap]: Received request to clear entirely the global_costmap
[planner_server-2] [ERROR] [1783976871.466950735] [leo1.planner_server]: Failed to create a plan from potential when a legal potential was found. This shouldn't happen.
[planner_server-2] [WARN] [1783976871.467050808] [leo1.planner_server]: GridBased: failed to create plan with tolerance 0.50.
[planner_server-2] [WARN] [1783976871.467069276] [leo1.planner_server]: Planning algorithm GridBased failed to generate a valid path to (-4.79, 2.22)
[planner_server-2] [WARN] [1783976871.467083494] [leo1.planner_server]: [compute_path_to_pose] [ActionServer] Aborting handle.
[behavior_server-3] [INFO] [1783976871.483962962] [leo1.behavior_server]: Running wait
[controller_server-7] [INFO] [1783976871.939815103] [leo2.controller_server]: Passing new path to controller.
[controller_server-7] [INFO] [1783976872.939799569] [leo2.controller_server]: Passing new path to controller.
[controller_server-7] [INFO] [1783976873.989830178] [leo2.controller_server]: Passing new path to controller.
[controller_server-7] [INFO] [1783976874.989759763] [leo2.controller_server]: Passing new path to controller.
[controller_server-7] [INFO] [1783976876.039794905] [leo2.controller_server]: Passing new path to controller.
[behavior_server-3] [INFO] [1783976876.584208966] [leo1.behavior_server]: wait completed successfully
[planner_server-2] [ERROR] [1783976876.615620517] [leo1.planner_server]: Failed to create a plan from potential when a legal potential was found. This shouldn't happen.
[planner_server-2] [WARN] [1783976876.615695138] [leo1.planner_server]: GridBased: failed to create plan with tolerance 0.50.
[planner_server-2] [WARN] [1783976876.615705251] [leo1.planner_server]: Planning algorithm GridBased failed to generate a valid path to (-4.79, 2.22)
[planner_server-2] [WARN] [1783976876.615712183] [leo1.planner_server]: [compute_path_to_pose] [ActionServer] Aborting handle.
[planner_server-2] [INFO] [1783976876.633598399] [leo1.global_costmap.global_costmap]: Received request to clear entirely the global_costmap
[planner_server-2] [ERROR] [1783976876.666237676] [leo1.planner_server]: Failed to create a plan from potential when a legal potential was found. This shouldn't happen.
[planner_server-2] [WARN] [1783976876.666298380] [leo1.planner_server]: GridBased: failed to create plan with tolerance 0.50.
[planner_server-2] [WARN] [1783976876.666308095] [leo1.planner_server]: Planning algorithm GridBased failed to generate a valid path to (-4.79, 2.22)
[planner_server-2] [WARN] [1783976876.666316023] [leo1.planner_server]: [compute_path_to_pose] [ActionServer] Aborting handle.
[behavior_server-3] [INFO] [1783976876.683898888] [leo1.behavior_server]: Running backup
[controller_server-7] [INFO] [1783976877.089815071] [leo2.controller_server]: Passing new path to controller.
[controller_server-7] [INFO] [1783976878.089810847] [leo2.controller_server]: Passing new path to controller.
[controller_server-7] [INFO] [1783976879.139816497] [leo2.controller_server]: Passing new path to controller.
[controller_server-7] [INFO] [1783976880.139805703] [leo2.controller_server]: Passing new path to controller.
[controller_server-7] [INFO] [1783976881.189814543] [leo2.controller_server]: Passing new path to controller.
[controller_server-7] [INFO] [1783976882.239798322] [leo2.controller_server]: Passing new path to controller.
[controller_server-7] [INFO] [1783976883.846562453] [leo2.controller_server]: Passing new path to controller.
[behavior_server-3] [INFO] [1783976884.390937500] [leo1.behavior_server]: backup completed successfully
[planner_server-2] [ERROR] [1783976884.422624118] [leo1.planner_server]: Failed to create a plan from potential when a legal potential was found. This shouldn't happen.
[planner_server-2] [WARN] [1783976884.422691740] [leo1.planner_server]: GridBased: failed to create plan with tolerance 0.50.
[planner_server-2] [WARN] [1783976884.422700520] [leo1.planner_server]: Planning algorithm GridBased failed to generate a valid path to (-4.79, 2.22)
[planner_server-2] [WARN] [1783976884.422707302] [leo1.planner_server]: [compute_path_to_pose] [ActionServer] Aborting handle.
[planner_server-2] [INFO] [1783976884.440406549] [leo1.global_costmap.global_costmap]: Received request to clear entirely the global_costmap
[planner_server-2] [ERROR] [1783976884.572893623] [leo1.planner_server]: Failed to create a plan from potential when a legal potential was found. This shouldn't happen.
[planner_server-2] [WARN] [1783976884.572966765] [leo1.planner_server]: GridBased: failed to create plan with tolerance 0.50.
[planner_server-2] [WARN] [1783976884.572977162] [leo1.planner_server]: Planning algorithm GridBased failed to generate a valid path to (-4.79, 2.22)
[planner_server-2] [WARN] [1783976884.572985670] [leo1.planner_server]: [compute_path_to_pose] [ActionServer] Aborting handle.
[controller_server-1] [INFO] [1783976884.590398903] [leo1.local_costmap.local_costmap]: Received request to clear entirely the local_costmap
[planner_server-2] [INFO] [1783976884.590785142] [leo1.global_costmap.global_costmap]: Received request to clear entirely the global_costmap
[planner_server-2] [ERROR] [1783976884.773594911] [leo1.planner_server]: Failed to create a plan from potential when a legal potential was found. This shouldn't happen.
[planner_server-2] [WARN] [1783976884.773665267] [leo1.planner_server]: GridBased: failed to create plan with tolerance 0.50.
[planner_server-2] [WARN] [1783976884.773675143] [leo1.planner_server]: Planning algorithm GridBased failed to generate a valid path to (-4.79, 2.22)
[planner_server-2] [WARN] [1783976884.773683685] [leo1.planner_server]: [compute_path_to_pose] [ActionServer] Aborting handle.
[planner_server-2] [INFO] [1783976884.790391788] [leo1.global_costmap.global_costmap]: Received request to clear entirely the global_costmap
[controller_server-7] [INFO] [1783976884.896586154] [leo2.controller_server]: Passing new path to controller.
[planner_server-2] [ERROR] [1783976884.972953210] [leo1.planner_server]: Failed to create a plan from potential when a legal potential was found. This shouldn't happen.
[planner_server-2] [WARN] [1783976884.973060995] [leo1.planner_server]: GridBased: failed to create plan with tolerance 0.50.
[planner_server-2] [WARN] [1783976884.973075240] [leo1.planner_server]: Planning algorithm GridBased failed to generate a valid path to (-4.79, 2.22)
[planner_server-2] [WARN] [1783976884.973083628] [leo1.planner_server]: [compute_path_to_pose] [ActionServer] Aborting handle.
[behavior_server-3] [INFO] [1783976884.990660833] [leo1.behavior_server]: Running spin
[behavior_server-3] [INFO] [1783976884.990792950] [leo1.behavior_server]: Turning 1.57 for spin behavior.
[controller_server-7] [INFO] [1783976885.896581201] [leo2.controller_server]: Passing new path to controller.
[controller_server-7] [INFO] [1783976886.946603780] [leo2.controller_server]: Passing new path to controller.
[controller_server-7] [INFO] [1783976887.946579721] [leo2.controller_server]: Passing new path to controller.
[behavior_server-3] [INFO] [1783976888.190965089] [leo1.behavior_server]: spin completed successfully
[planner_server-2] [ERROR] [1783976888.222563228] [leo1.planner_server]: Failed to create a plan from potential when a legal potential was found. This shouldn't happen.
[planner_server-2] [WARN] [1783976888.222636403] [leo1.planner_server]: GridBased: failed to create plan with tolerance 0.50.
[planner_server-2] [WARN] [1783976888.222646065] [leo1.planner_server]: Planning algorithm GridBased failed to generate a valid path to (-4.79, 2.22)
[planner_server-2] [WARN] [1783976888.222653525] [leo1.planner_server]: [compute_path_to_pose] [ActionServer] Aborting handle.
[planner_server-2] [INFO] [1783976888.240447464] [leo1.global_costmap.global_costmap]: Received request to clear entirely the global_costmap
[planner_server-2] [ERROR] [1783976888.372887663] [leo1.planner_server]: Failed to create a plan from potential when a legal potential was found. This shouldn't happen.
[planner_server-2] [WARN] [1783976888.372960955] [leo1.planner_server]: GridBased: failed to create plan with tolerance 0.50.
[planner_server-2] [WARN] [1783976888.372971863] [leo1.planner_server]: Planning algorithm GridBased failed to generate a valid path to (-4.79, 2.22)
[planner_server-2] [WARN] [1783976888.372979893] [leo1.planner_server]: [compute_path_to_pose] [ActionServer] Aborting handle.
[bt_navigator-4] [WARN] [1783976888.400291316] [leo1.bt_navigator]: [navigate_to_pose] [ActionServer] Aborting handle.
[bt_navigator-4] [ERROR] [1783976888.401037451] [leo1.bt_navigator]: Goal failed
[bt_navigator-4] [INFO] [1783976888.994573311] [leo1.bt_navigator]: Begin navigating from current location (-0.54, 0.81) to (5.11, -3.73)
[controller_server-7] [INFO] [1783976888.996589452] [leo2.controller_server]: Passing new path to controller.
[controller_server-1] [INFO] [1783976889.016097541] [leo1.controller_server]: Received a goal, begin computing control effort.
[controller_server-7] [INFO] [1783976890.046584201] [leo2.controller_server]: Passing new path to controller.
[controller_server-1] [INFO] [1783976890.066308759] [leo1.controller_server]: Passing new path to controller.
[planner_server-2] [INFO] [1783976890.970431965] [leo1.global_costmap.global_costmap]: StaticLayer: Resizing costmap to 279 X 279 at 0.050000 m/pix
[planner_server-8] [INFO] [1783976890.971536901] [leo2.global_costmap.global_costmap]: StaticLayer: Resizing costmap to 280 X 279 at 0.050000 m/pix
[controller_server-7] [INFO] [1783976891.046570881] [leo2.controller_server]: Passing new path to controller.
[controller_server-1] [INFO] [1783976891.116282436] [leo1.controller_server]: Passing new path to controller.
[controller_server-7] [INFO] [1783976892.096569654] [leo2.controller_server]: Passing new path to controller.
[controller_server-1] [INFO] [1783976892.116278157] [leo1.controller_server]: Passing new path to controller.
[controller_server-7] [INFO] [1783976893.096545135] [leo2.controller_server]: Passing new path to controller.
[controller_server-1] [INFO] [1783976893.166292751] [leo1.controller_server]: Passing new path to controller.
[controller_server-7] [INFO] [1783976894.146584123] [leo2.controller_server]: Passing new path to controller.
[controller_server-1] [INFO] [1783976894.166299483] [leo1.controller_server]: Passing new path to controller.
[controller_server-7] [INFO] [1783976895.196573635] [leo2.controller_server]: Passing new path to controller.
[controller_server-1] [INFO] [1783976895.216313410] [leo1.controller_server]: Passing new path to controller.
[controller_server-7] [INFO] [1783976896.196556886] [leo2.controller_server]: Passing new path to controller.
[controller_server-1] [INFO] [1783976896.266297311] [leo1.controller_server]: Passing new path to controller.
[controller_server-7] [INFO] [1783976897.246588983] [leo2.controller_server]: Passing new path to controller.
[controller_server-1] [INFO] [1783976897.266303884] [leo1.controller_server]: Passing new path to controller.
[controller_server-7] [INFO] [1783976898.246571674] [leo2.controller_server]: Passing new path to controller.
[controller_server-1] [INFO] [1783976898.316303484] [leo1.controller_server]: Passing new path to controller.
[planner_server-2] [WARN] [1783976899.296117875] [leo1.planner_server]: GridBased: failed to create plan with tolerance 0.50.
[planner_server-2] [WARN] [1783976899.296175514] [leo1.planner_server]: Planning algorithm GridBased failed to generate a valid path to (5.11, -3.73)
[planner_server-2] [WARN] [1783976899.296183751] [leo1.planner_server]: [compute_path_to_pose] [ActionServer] Aborting handle.
[controller_server-7] [INFO] [1783976899.296581797] [leo2.controller_server]: Passing new path to controller.
[planner_server-2] [INFO] [1783976899.314799680] [leo1.global_costmap.global_costmap]: Received request to clear entirely the global_costmap
[planner_server-2] [WARN] [1783976899.376572782] [leo1.planner_server]: GridBased: failed to create plan with tolerance 0.50.
[planner_server-2] [WARN] [1783976899.376671569] [leo1.planner_server]: Planning algorithm GridBased failed to generate a valid path to (5.11, -3.73)
[planner_server-2] [WARN] [1783976899.376684792] [leo1.planner_server]: [compute_path_to_pose] [ActionServer] Aborting handle.
[bt_navigator-4] [ERROR] [1783976899.415078211] [leo1.bt_navigator_navigate_to_pose_rclcpp_node]: Failed to get result for follow_path in node halt!
[behavior_server-3] [INFO] [1783976899.415420867] [leo1.behavior_server]: Running wait
[bt_navigator-4] [WARN] [1783976899.415832561] [BehaviorTreeEngine]: Behavior Tree tick rate 100.00 was exceeded!
[controller_server-1] [INFO] [1783976899.416297096] [leo1.controller_server]: Goal was canceled. Stopping the robot.
[controller_server-1] [INFO] [1783976899.416339113] [leo1.controller_server]: [follow_path] [ActionServer] Client requested to cancel the goal. Cancelling.
[controller_server-7] [INFO] [1783976900.346588250] [leo2.controller_server]: Passing new path to controller.
[bt_navigator-10] [INFO] [1783976901.255072993] [leo2.bt_navigator]: Received goal preemption request
[bt_navigator-10] [INFO] [1783976901.256066761] [leo2.bt_navigator]: Begin navigating from current location (-0.17, 0.78) to (-0.05, 5.20)
[controller_server-7] [INFO] [1783976901.346574549] [leo2.controller_server]: Passing new path to controller.
[controller_server-7] [INFO] [1783976902.396568865] [leo2.controller_server]: Passing new path to controller.
[controller_server-7] [INFO] [1783976903.396586092] [leo2.controller_server]: Passing new path to controller.
[controller_server-7] [INFO] [1783976904.446588753] [leo2.controller_server]: Passing new path to controller.
[behavior_server-3] [INFO] [1783976904.715662460] [leo1.behavior_server]: wait completed successfully
[planner_server-2] [WARN] [1783976904.737556683] [leo1.planner_server]: GridBased: failed to create plan with tolerance 0.50.
[planner_server-2] [WARN] [1783976904.737659792] [leo1.planner_server]: Planning algorithm GridBased failed to generate a valid path to (5.11, -3.73)
[planner_server-2] [WARN] [1783976904.737680934] [leo1.planner_server]: [compute_path_to_pose] [ActionServer] Aborting handle.
[planner_server-2] [INFO] [1783976904.756055581] [leo1.global_costmap.global_costmap]: Received request to clear entirely the global_costmap
[planner_server-2] [WARN] [1783976904.777888895] [leo1.planner_server]: GridBased: failed to create plan with tolerance 0.50.
[planner_server-2] [WARN] [1783976904.777947586] [leo1.planner_server]: Planning algorithm GridBased failed to generate a valid path to (5.11, -3.73)
[planner_server-2] [WARN] [1783976904.777957735] [leo1.planner_server]: [compute_path_to_pose] [ActionServer] Aborting handle.
[behavior_server-3] [INFO] [1783976904.796352296] [leo1.behavior_server]: Running backup
[controller_server-7] [INFO] [1783976905.496581674] [leo2.controller_server]: Passing new path to controller.
[controller_server-7] [INFO] [1783976906.496551909] [leo2.controller_server]: Passing new path to controller.
[controller_server-7] [INFO] [1783976907.546575074] [leo2.controller_server]: Passing new path to controller.
[controller_server-7] [INFO] [1783976908.546562953] [leo2.controller_server]: Passing new path to controller.
[controller_server-7] [INFO] [1783976909.596564033] [leo2.controller_server]: Passing new path to controller.
[controller_server-7] [INFO] [1783976910.646598756] [leo2.controller_server]: Passing new path to controller.
[controller_server-7] [INFO] [1783976911.646601738] [leo2.controller_server]: Passing new path to controller.
[controller_server-7] [ERROR] [1783976912.346744925] [leo2.controller_server]: Failed to make progress
[controller_server-7] [WARN] [1783976912.346872906] [leo2.controller_server]: [follow_path] [ActionServer] Aborting handle.
[controller_server-7] [INFO] [1783976912.365211359] [leo2.local_costmap.local_costmap]: Received request to clear entirely the local_costmap
[controller_server-7] [INFO] [1783976912.366144774] [leo2.controller_server]: Received a goal, begin computing control effort.
[controller_server-7] [WARN] [1783976912.477123987] [leo2.controller_server]: Control loop missed its desired rate of 20.0000Hz
[controller_server-7] [INFO] [1783976912.680707286] [leo2.controller_server]: Passing new path to controller.
[controller_server-7] [INFO] [1783976913.727211864] [leo2.controller_server]: Passing new path to controller.
[controller_server-7] [INFO] [1783976915.356038497] [leo2.controller_server]: Passing new path to controller.
[controller_server-7] [INFO] [1783976916.355995015] [leo2.controller_server]: Passing new path to controller.
[behavior_server-3] [WARN] [1783976916.875387320] [leo1.behavior_server]: Exceeded time allowance before reaching the DriveOnHeading goal - Exiting DriveOnHeading
[behavior_server-3] [WARN] [1783976916.875431129] [leo1.behavior_server]: backup failed
[behavior_server-3] [WARN] [1783976916.875455017] [leo1.behavior_server]: [backup] [ActionServer] Aborting handle.
[controller_server-1] [INFO] [1783976916.894821988] [leo1.local_costmap.local_costmap]: Received request to clear entirely the local_costmap
[planner_server-2] [INFO] [1783976916.895240481] [leo1.global_costmap.global_costmap]: Received request to clear entirely the global_costmap
[planner_server-2] [WARN] [1783976917.057441201] [leo1.planner_server]: GridBased: failed to create plan with tolerance 0.50.
[planner_server-2] [WARN] [1783976917.057530004] [leo1.planner_server]: Planning algorithm GridBased failed to generate a valid path to (5.11, -3.73)
[planner_server-2] [WARN] [1783976917.057582216] [leo1.planner_server]: [compute_path_to_pose] [ActionServer] Aborting handle.
[planner_server-2] [INFO] [1783976917.075162386] [leo1.global_costmap.global_costmap]: Received request to clear entirely the global_costmap
[planner_server-2] [WARN] [1783976917.257353497] [leo1.planner_server]: GridBased: failed to create plan with tolerance 0.50.
[planner_server-2] [WARN] [1783976917.257406635] [leo1.planner_server]: Planning algorithm GridBased failed to generate a valid path to (5.11, -3.73)
[planner_server-2] [WARN] [1783976917.257415876] [leo1.planner_server]: [compute_path_to_pose] [ActionServer] Aborting handle.
[behavior_server-3] [INFO] [1783976917.275010707] [leo1.behavior_server]: Running spin
[behavior_server-3] [INFO] [1783976917.275118150] [leo1.behavior_server]: Turning 1.57 for spin behavior.
[controller_server-7] [INFO] [1783976917.406033867] [leo2.controller_server]: Passing new path to controller.
[controller_server-7] [INFO] [1783976918.406013771] [leo2.controller_server]: Passing new path to controller.
[planner_server-8] [ERROR] [1783976919.415361282] [leo2.planner_server]: Failed to create a plan from potential when a legal potential was found. This shouldn't happen.
[planner_server-8] [WARN] [1783976919.415447368] [leo2.planner_server]: GridBased: failed to create plan with tolerance 0.50.
[planner_server-8] [WARN] [1783976919.415474572] [leo2.planner_server]: Planning algorithm GridBased failed to generate a valid path to (-0.05, 5.20)
[planner_server-8] [WARN] [1783976919.415486257] [leo2.planner_server]: [compute_path_to_pose] [ActionServer] Aborting handle.
[planner_server-8] [INFO] [1783976919.433971383] [leo2.global_costmap.global_costmap]: Received request to clear entirely the global_costmap
[planner_server-8] [ERROR] [1783976919.455758630] [leo2.planner_server]: Failed to create a plan from potential when a legal potential was found. This shouldn't happen.
[planner_server-8] [WARN] [1783976919.455837960] [leo2.planner_server]: GridBased: failed to create plan with tolerance 0.50.
[planner_server-8] [WARN] [1783976919.455847628] [leo2.planner_server]: Planning algorithm GridBased failed to generate a valid path to (-0.05, 5.20)
[planner_server-8] [WARN] [1783976919.455855908] [leo2.planner_server]: [compute_path_to_pose] [ActionServer] Aborting handle.
[bt_navigator-10] [ERROR] [1783976919.494254720] [leo2.bt_navigator_navigate_to_pose_rclcpp_node]: Failed to get result for follow_path in node halt!
[controller_server-7] [INFO] [1783976919.494551273] [leo2.local_costmap.local_costmap]: Received request to clear entirely the local_costmap
[planner_server-8] [INFO] [1783976919.494806332] [leo2.global_costmap.global_costmap]: Received request to clear entirely the global_costmap
[bt_navigator-10] [WARN] [1783976919.496036772] [BehaviorTreeEngine]: Behavior Tree tick rate 100.00 was exceeded!
[controller_server-7] [INFO] [1783976919.506025018] [leo2.controller_server]: Goal was canceled. Stopping the robot.
[controller_server-7] [INFO] [1783976919.506073932] [leo2.controller_server]: [follow_path] [ActionServer] Client requested to cancel the goal. Cancelling.
[planner_server-8] [ERROR] [1783976919.656744926] [leo2.planner_server]: Failed to create a plan from potential when a legal potential was found. This shouldn't happen.
[planner_server-8] [WARN] [1783976919.656810359] [leo2.planner_server]: GridBased: failed to create plan with tolerance 0.50.
[planner_server-8] [WARN] [1783976919.656818342] [leo2.planner_server]: Planning algorithm GridBased failed to generate a valid path to (-0.05, 5.20)
[planner_server-8] [WARN] [1783976919.656825991] [leo2.planner_server]: [compute_path_to_pose] [ActionServer] Aborting handle.
[planner_server-8] [INFO] [1783976919.675680655] [leo2.global_costmap.global_costmap]: Received request to clear entirely the global_costmap
[planner_server-8] [ERROR] [1783976919.857512154] [leo2.planner_server]: Failed to create a plan from potential when a legal potential was found. This shouldn't happen.
[planner_server-8] [WARN] [1783976919.857575855] [leo2.planner_server]: GridBased: failed to create plan with tolerance 0.50.
[planner_server-8] [WARN] [1783976919.857585376] [leo2.planner_server]: Planning algorithm GridBased failed to generate a valid path to (-0.05, 5.20)
[planner_server-8] [WARN] [1783976919.857593016] [leo2.planner_server]: [compute_path_to_pose] [ActionServer] Aborting handle.
[behavior_server-9] [INFO] [1783976919.876594085] [leo2.behavior_server]: Running spin
[behavior_server-9] [INFO] [1783976919.876962896] [leo2.behavior_server]: Turning 1.57 for spin behavior.
[behavior_server-3] [INFO] [1783976921.775333311] [leo1.behavior_server]: spin completed successfully
[controller_server-1] [INFO] [1783976921.825559469] [leo1.controller_server]: Received a goal, begin computing control effort.
[behavior_server-9] [INFO] [1783976922.677139952] [leo2.behavior_server]: spin completed successfully
[controller_server-7] [INFO] [1783976922.726714956] [leo2.controller_server]: Received a goal, begin computing control effort.
[controller_server-1] [INFO] [1783976922.875759356] [leo1.controller_server]: Passing new path to controller.
[planner_server-8] [ERROR] [1783976923.737283920] [leo2.planner_server]: Failed to create a plan from potential when a legal potential was found. This shouldn't happen.
[planner_server-8] [WARN] [1783976923.737355456] [leo2.planner_server]: GridBased: failed to create plan with tolerance 0.50.
[planner_server-8] [WARN] [1783976923.737365052] [leo2.planner_server]: Planning algorithm GridBased failed to generate a valid path to (-0.05, 5.20)
[planner_server-8] [WARN] [1783976923.737371760] [leo2.planner_server]: [compute_path_to_pose] [ActionServer] Aborting handle.
[planner_server-8] [INFO] [1783976923.756136221] [leo2.global_costmap.global_costmap]: Received request to clear entirely the global_costmap
[planner_server-8] [ERROR] [1783976923.857794076] [leo2.planner_server]: Failed to create a plan from potential when a legal potential was found. This shouldn't happen.
[planner_server-8] [WARN] [1783976923.857860837] [leo2.planner_server]: GridBased: failed to create plan with tolerance 0.50.
[planner_server-8] [WARN] [1783976923.857869424] [leo2.planner_server]: Planning algorithm GridBased failed to generate a valid path to (-0.05, 5.20)
[planner_server-8] [WARN] [1783976923.857877464] [leo2.planner_server]: [compute_path_to_pose] [ActionServer] Aborting handle.
[controller_server-7] [INFO] [1783976923.876899666] [leo2.controller_server]: Goal was canceled. Stopping the robot.
[controller_server-7] [INFO] [1783976923.876939321] [leo2.controller_server]: [follow_path] [ActionServer] Client requested to cancel the goal. Cancelling.
[behavior_server-9] [INFO] [1783976923.877408990] [leo2.behavior_server]: Running wait
[controller_server-1] [INFO] [1783976923.925710563] [leo1.controller_server]: Passing new path to controller.
[controller_server-1] [INFO] [1783976924.925698260] [leo1.controller_server]: Passing new path to controller.
[controller_server-1] [INFO] [1783976925.975722084] [leo1.controller_server]: Passing new path to controller.
[controller_server-1] [INFO] [1783976927.025720203] [leo1.controller_server]: Passing new path to controller.
[controller_server-1] [INFO] [1783976927.936077943] [leo1.local_costmap.local_costmap]: Received request to clear entirely the local_costmap
[planner_server-2] [INFO] [1783976927.936152786] [leo1.global_costmap.global_costmap]: Received request to clear entirely the global_costmap
[controller_server-1] [INFO] [1783976928.075701804] [leo1.controller_server]: Passing new path to controller.
[behavior_server-9] [INFO] [1783976928.977537294] [leo2.behavior_server]: wait completed successfully
[planner_server-8] [ERROR] [1783976929.007337656] [leo2.planner_server]: Failed to create a plan from potential when a legal potential was found. This shouldn't happen.
[planner_server-8] [WARN] [1783976929.007482201] [leo2.planner_server]: GridBased: failed to create plan with tolerance 0.50.
[planner_server-8] [WARN] [1783976929.007502509] [leo2.planner_server]: Planning algorithm GridBased failed to generate a valid path to (-0.05, 5.20)
[planner_server-8] [WARN] [1783976929.007513604] [leo2.planner_server]: [compute_path_to_pose] [ActionServer] Aborting handle.
[planner_server-8] [INFO] [1783976929.026191775] [leo2.global_costmap.global_costmap]: Received request to clear entirely the global_costmap
[planner_server-8] [ERROR] [1783976929.058089803] [leo2.planner_server]: Failed to create a plan from potential when a legal potential was found. This shouldn't happen.
[planner_server-8] [WARN] [1783976929.058156785] [leo2.planner_server]: GridBased: failed to create plan with tolerance 0.50.
[planner_server-8] [WARN] [1783976929.058166219] [leo2.planner_server]: Planning algorithm GridBased failed to generate a valid path to (-0.05, 5.20)
[planner_server-8] [WARN] [1783976929.058174258] [leo2.planner_server]: [compute_path_to_pose] [ActionServer] Aborting handle.
[behavior_server-9] [INFO] [1783976929.076464112] [leo2.behavior_server]: Running backup
[behavior_server-9] [INFO] [1783976929.076597509] [leo2.behavior_server]: DriveOnHeading: no acceleration or deceleration limits set
[controller_server-1] [INFO] [1783976929.125726717] [leo1.controller_server]: Passing new path to controller.
[controller_server-1] [INFO] [1783976930.175724457] [leo1.controller_server]: Passing new path to controller.
[controller_server-1] [INFO] [1783976931.175718313] [leo1.controller_server]: Passing new path to controller.
[controller_server-1] [INFO] [1783976932.225714518] [leo1.controller_server]: Passing new path to controller.
[controller_server-1] [INFO] [1783976933.225728654] [leo1.controller_server]: Passing new path to controller.
[controller_server-1] [INFO] [1783976934.275705369] [leo1.controller_server]: Passing new path to controller.
[behavior_server-9] [INFO] [1783976935.276694083] [leo2.behavior_server]: backup completed successfully
[planner_server-8] [ERROR] [1783976935.307418633] [leo2.planner_server]: Failed to create a plan from potential when a legal potential was found. This shouldn't happen.
[planner_server-8] [WARN] [1783976935.307488392] [leo2.planner_server]: GridBased: failed to create plan with tolerance 0.50.
[planner_server-8] [WARN] [1783976935.307498031] [leo2.planner_server]: Planning algorithm GridBased failed to generate a valid path to (-0.05, 5.20)
[planner_server-8] [WARN] [1783976935.307504808] [leo2.planner_server]: [compute_path_to_pose] [ActionServer] Aborting handle.
[controller_server-1] [INFO] [1783976935.325710400] [leo1.controller_server]: Passing new path to controller.
[planner_server-8] [INFO] [1783976935.326178861] [leo2.global_costmap.global_costmap]: Received request to clear entirely the global_costmap
[planner_server-8] [ERROR] [1783976935.457877402] [leo2.planner_server]: Failed to create a plan from potential when a legal potential was found. This shouldn't happen.
[planner_server-8] [WARN] [1783976935.457941054] [leo2.planner_server]: GridBased: failed to create plan with tolerance 0.50.
[planner_server-8] [WARN] [1783976935.457949659] [leo2.planner_server]: Planning algorithm GridBased failed to generate a valid path to (-0.05, 5.20)
[planner_server-8] [WARN] [1783976935.457957499] [leo2.planner_server]: [compute_path_to_pose] [ActionServer] Aborting handle.
[controller_server-7] [INFO] [1783976935.476194129] [leo2.local_costmap.local_costmap]: Received request to clear entirely the local_costmap
[planner_server-8] [INFO] [1783976935.476638494] [leo2.global_costmap.global_costmap]: Received request to clear entirely the global_costmap
[planner_server-8] [ERROR] [1783976935.658437095] [leo2.planner_server]: Failed to create a plan from potential when a legal potential was found. This shouldn't happen.
[planner_server-8] [WARN] [1783976935.658533091] [leo2.planner_server]: GridBased: failed to create plan with tolerance 0.50.
[planner_server-8] [WARN] [1783976935.658552092] [leo2.planner_server]: Planning algorithm GridBased failed to generate a valid path to (-0.05, 5.20)
[planner_server-8] [WARN] [1783976935.658566397] [leo2.planner_server]: [compute_path_to_pose] [ActionServer] Aborting handle.
[planner_server-8] [INFO] [1783976935.676150212] [leo2.global_costmap.global_costmap]: Received request to clear entirely the global_costmap
[planner_server-8] [ERROR] [1783976935.858095845] [leo2.planner_server]: Failed to create a plan from potential when a legal potential was found. This shouldn't happen.
[planner_server-8] [WARN] [1783976935.858195365] [leo2.planner_server]: GridBased: failed to create plan with tolerance 0.50.
[planner_server-8] [WARN] [1783976935.858207283] [leo2.planner_server]: Planning algorithm GridBased failed to generate a valid path to (-0.05, 5.20)
[planner_server-8] [WARN] [1783976935.858215589] [leo2.planner_server]: [compute_path_to_pose] [ActionServer] Aborting handle.
[behavior_server-9] [INFO] [1783976935.876370660] [leo2.behavior_server]: Running spin
[behavior_server-9] [INFO] [1783976935.876509614] [leo2.behavior_server]: Turning 1.57 for spin behavior.
[controller_server-1] [INFO] [1783976936.325718547] [leo1.controller_server]: Passing new path to controller.
[controller_server-1] [INFO] [1783976937.375744659] [leo1.controller_server]: Passing new path to controller.
[behavior_server-9] [INFO] [1783976937.676702294] [leo2.behavior_server]: spin completed successfully
[controller_server-7] [INFO] [1783976937.726879932] [leo2.controller_server]: Received a goal, begin computing control effort.
[controller_server-1] [INFO] [1783976938.375715563] [leo1.controller_server]: Passing new path to controller.
[controller_server-7] [INFO] [1783976938.777098783] [leo2.controller_server]: Passing new path to controller.
[controller_server-1] [INFO] [1783976939.425737871] [leo1.controller_server]: Passing new path to controller.
[controller_server-7] [INFO] [1783976939.827082770] [leo2.controller_server]: Passing new path to controller.
[controller_server-1] [INFO] [1783976940.475697803] [leo1.controller_server]: Passing new path to controller.
[controller_server-7] [INFO] [1783976940.827082042] [leo2.controller_server]: Passing new path to controller.
[controller_server-1] [INFO] [1783976941.475704908] [leo1.controller_server]: Passing new path to controller.
[controller_server-7] [INFO] [1783976941.877087809] [leo2.controller_server]: Passing new path to controller.
[controller_server-1] [INFO] [1783976942.525723151] [leo1.controller_server]: Passing new path to controller.
[controller_server-7] [INFO] [1783976942.877077656] [leo2.controller_server]: Passing new path to controller.
[controller_server-1] [INFO] [1783976943.525728739] [leo1.controller_server]: Passing new path to controller.
[controller_server-7] [INFO] [1783976943.927091520] [leo2.controller_server]: Passing new path to controller.
[controller_server-1] [INFO] [1783976944.575744238] [leo1.controller_server]: Passing new path to controller.
[controller_server-7] [INFO] [1783976944.977102833] [leo2.controller_server]: Passing new path to controller.
[controller_server-1] [INFO] [1783976946.987024304] [leo1.controller_server]: Passing new path to controller.
[controller_server-7] [INFO] [1783976946.988401841] [leo2.controller_server]: Passing new path to controller.
[controller_server-1] [INFO] [1783976947.987026041] [leo1.controller_server]: Passing new path to controller.
[controller_server-7] [INFO] [1783976948.038404873] [leo2.controller_server]: Passing new path to controller.
[controller_server-1] [INFO] [1783976949.037033330] [leo1.controller_server]: Passing new path to controller.
[controller_server-7] [INFO] [1783976949.038431454] [leo2.controller_server]: Passing new path to controller.
[controller_server-1] [INFO] [1783976950.087017907] [leo1.controller_server]: Passing new path to controller.
[controller_server-7] [INFO] [1783976950.088398456] [leo2.controller_server]: Passing new path to controller.
[controller_server-1] [INFO] [1783976951.087019226] [leo1.controller_server]: Passing new path to controller.
[controller_server-7] [INFO] [1783976951.138381704] [leo2.controller_server]: Passing new path to controller.
[controller_server-1] [INFO] [1783976952.137039959] [leo1.controller_server]: Passing new path to controller.
[controller_server-7] [INFO] [1783976952.138382851] [leo2.controller_server]: Passing new path to controller.
[controller_server-1] [INFO] [1783976953.137007216] [leo1.controller_server]: Passing new path to controller.
[controller_server-7] [INFO] [1783976953.188383753] [leo2.controller_server]: Passing new path to controller.
[bt_navigator-10] [INFO] [1783976953.917458404] [leo2.bt_navigator]: Received goal preemption request
[bt_navigator-10] [INFO] [1783976953.918294267] [leo2.bt_navigator]: Begin navigating from current location (0.47, 3.32) to (4.90, 5.25)
[controller_server-1] [INFO] [1783976954.187004064] [leo1.controller_server]: Passing new path to controller.
[controller_server-7] [INFO] [1783976954.188375915] [leo2.controller_server]: Passing new path to controller.
[controller_server-1] [INFO] [1783976955.237088549] [leo1.controller_server]: Passing new path to controller.
[controller_server-7] [INFO] [1783976955.238430381] [leo2.controller_server]: Passing new path to controller.
[controller_server-1] [INFO] [1783976956.237025338] [leo1.controller_server]: Passing new path to controller.
[controller_server-7] [INFO] [1783976956.288420136] [leo2.controller_server]: Passing new path to controller.
[controller_server-1] [INFO] [1783976957.287030613] [leo1.controller_server]: Passing new path to controller.
[controller_server-7] [INFO] [1783976957.288400350] [leo2.controller_server]: Passing new path to controller.
[controller_server-1] [INFO] [1783976958.287009192] [leo1.controller_server]: Passing new path to controller.
[controller_server-7] [INFO] [1783976958.338401072] [leo2.controller_server]: Passing new path to controller.
[controller_server-1] [INFO] [1783976959.337046235] [leo1.controller_server]: Passing new path to controller.
[controller_server-7] [INFO] [1783976959.338398115] [leo2.controller_server]: Passing new path to controller.
[controller_server-1] [INFO] [1783976960.387017869] [leo1.controller_server]: Passing new path to controller.
[controller_server-7] [INFO] [1783976960.388371443] [leo2.controller_server]: Passing new path to controller.
[controller_server-1] [INFO] [1783976961.387023045] [leo1.controller_server]: Passing new path to controller.
[controller_server-7] [INFO] [1783976961.438378527] [leo2.controller_server]: Passing new path to controller.
[controller_server-1] [INFO] [1783976962.437047734] [leo1.controller_server]: Passing new path to controller.
[controller_server-7] [INFO] [1783976962.438442294] [leo2.controller_server]: Passing new path to controller.
[controller_server-1] [INFO] [1783976963.437037220] [leo1.controller_server]: Passing new path to controller.
[controller_server-7] [INFO] [1783976963.488427407] [leo2.controller_server]: Passing new path to controller.
[controller_server-1] [INFO] [1783976964.487050684] [leo1.controller_server]: Passing new path to controller.
[controller_server-7] [INFO] [1783976964.488422158] [leo2.controller_server]: Passing new path to controller.
[controller_server-1] [INFO] [1783976965.487005595] [leo1.controller_server]: Passing new path to controller.
[controller_server-7] [INFO] [1783976965.538382500] [leo2.controller_server]: Passing new path to controller.
[controller_server-1] [INFO] [1783976966.537008827] [leo1.controller_server]: Passing new path to controller.
[controller_server-7] [INFO] [1783976966.538352761] [leo2.controller_server]: Passing new path to controller.
[controller_server-1] [INFO] [1783976967.587014069] [leo1.controller_server]: Passing new path to controller.
[controller_server-7] [INFO] [1783976967.588366384] [leo2.controller_server]: Passing new path to controller.
[controller_server-1] [INFO] [1783976968.586959909] [leo1.controller_server]: Passing new path to controller.
[controller_server-7] [INFO] [1783976968.638391112] [leo2.controller_server]: Passing new path to controller.
[planner_server-8] [INFO] [1783976969.511710307] [leo2.global_costmap.global_costmap]: StaticLayer: Resizing costmap to 280 X 279 at 0.050000 m/pix
[controller_server-1] [INFO] [1783976969.637012750] [leo1.controller_server]: Passing new path to controller.
[controller_server-7] [INFO] [1783976969.638391502] [leo2.controller_server]: Passing new path to controller.
[bt_navigator-10] [INFO] [1783976969.997413333] [leo2.bt_navigator]: Received goal preemption request
[bt_navigator-10] [INFO] [1783976969.998294658] [leo2.bt_navigator]: Begin navigating from current location (3.69, 4.45) to (6.00, 2.70)
[controller_server-1] [INFO] [1783976970.637048282] [leo1.controller_server]: Passing new path to controller.
[controller_server-7] [INFO] [1783976970.688410627] [leo2.controller_server]: Passing new path to controller.
[controller_server-1] [INFO] [1783976971.687029345] [leo1.controller_server]: Passing new path to controller.
[controller_server-7] [INFO] [1783976971.688440587] [leo2.controller_server]: Passing new path to controller.
[controller_server-1] [INFO] [1783976972.737050479] [leo1.controller_server]: Passing new path to controller.
[controller_server-7] [INFO] [1783976972.738409858] [leo2.controller_server]: Passing new path to controller.
[controller_server-1] [INFO] [1783976973.737039387] [leo1.controller_server]: Passing new path to controller.
[controller_server-7] [INFO] [1783976973.788372142] [leo2.controller_server]: Passing new path to controller.
[controller_server-1] [INFO] [1783976974.787028967] [leo1.controller_server]: Passing new path to controller.
[controller_server-7] [INFO] [1783976974.788363847] [leo2.controller_server]: Passing new path to controller.
[controller_server-1] [INFO] [1783976974.887167985] [leo1.controller_server]: Reached the goal!
[bt_navigator-4] [INFO] [1783976974.926887272] [leo1.bt_navigator]: Goal succeeded
[controller_server-7] [INFO] [1783976975.838405830] [leo2.controller_server]: Passing new path to controller.
[controller_server-7] [INFO] [1783976976.838378586] [leo2.controller_server]: Passing new path to controller.
[controller_server-7] [INFO] [1783976978.643077013] [leo2.controller_server]: Passing new path to controller.
[controller_server-7] [INFO] [1783976979.693126928] [leo2.controller_server]: Passing new path to controller.
[bt_navigator-4] [INFO] [1783976979.822230467] [leo1.bt_navigator]: Begin navigating from current location (4.87, -3.68) to (4.35, -2.36)
[controller_server-1] [INFO] [1783976979.842916842] [leo1.controller_server]: Received a goal, begin computing control effort.
[controller_server-7] [INFO] [1783976980.693123639] [leo2.controller_server]: Passing new path to controller.
[controller_server-1] [INFO] [1783976980.893173845] [leo1.controller_server]: Passing new path to controller.
[controller_server-7] [INFO] [1783976981.743143494] [leo2.controller_server]: Passing new path to controller.
[controller_server-1] [INFO] [1783976981.943155313] [leo1.controller_server]: Passing new path to controller.
[controller_server-7] [INFO] [1783976982.793127592] [leo2.controller_server]: Passing new path to controller.
[controller_server-1] [INFO] [1783976982.943187057] [leo1.controller_server]: Passing new path to controller.
[controller_server-7] [INFO] [1783976983.793090007] [leo2.controller_server]: Passing new path to controller.
[controller_server-1] [INFO] [1783976983.993126493] [leo1.controller_server]: Passing new path to controller.
[controller_server-7] [INFO] [1783976984.843099764] [leo2.controller_server]: Passing new path to controller.
[controller_server-1] [INFO] [1783976984.993124625] [leo1.controller_server]: Passing new path to controller.
[controller_server-7] [INFO] [1783976985.343201951] [leo2.controller_server]: Reached the goal!
[bt_navigator-10] [INFO] [1783976985.382678242] [leo2.bt_navigator]: Goal succeeded
[controller_server-1] [INFO] [1783976986.043111269] [leo1.controller_server]: Passing new path to controller.
[controller_server-1] [INFO] [1783976987.093122755] [leo1.controller_server]: Passing new path to controller.
[bt_navigator-10] [INFO] [1783976987.864952634] [leo2.bt_navigator]: Begin navigating from current location (5.80, 2.85) to (-4.90, 2.15)
[controller_server-7] [INFO] [1783976987.886088931] [leo2.controller_server]: Received a goal, begin computing control effort.
[controller_server-1] [INFO] [1783976988.093151486] [leo1.controller_server]: Passing new path to controller.
[controller_server-7] [INFO] [1783976988.936303595] [leo2.controller_server]: Passing new path to controller.
[controller_server-1] [INFO] [1783976989.093438236] [leo1.controller_server]: Reached the goal!
[controller_server-1] [INFO] [1783976989.102877405] [leo1.controller_server]: Received a goal, begin computing control effort.
[controller_server-1] [INFO] [1783976989.103258223] [leo1.controller_server]: Reached the goal!
[bt_navigator-4] [INFO] [1783976989.143331180] [leo1.bt_navigator]: Goal succeeded
[controller_server-7] [INFO] [1783976989.986261653] [leo2.controller_server]: Passing new path to controller.
[controller_server-7] [INFO] [1783976990.986253493] [leo2.controller_server]: Passing new path to controller.
[bt_navigator-4] [INFO] [1783976991.703377791] [leo1.bt_navigator]: Begin navigating from current location (4.51, -2.55) to (5.40, 0.74)
[controller_server-1] [INFO] [1783976991.724104026] [leo1.controller_server]: Received a goal, begin computing control effort.
[controller_server-7] [INFO] [1783976992.036240580] [leo2.controller_server]: Passing new path to controller.
[controller_server-1] [INFO] [1783976992.774231036] [leo1.controller_server]: Passing new path to controller.
[controller_server-7] [INFO] [1783976993.086224430] [leo2.controller_server]: Passing new path to controller.
[controller_server-1] [INFO] [1783976993.824248477] [leo1.controller_server]: Passing new path to controller.
[controller_server-7] [INFO] [1783976994.086225920] [leo2.controller_server]: Passing new path to controller.
[controller_server-1] [INFO] [1783976994.824186028] [leo1.controller_server]: Passing new path to controller.
[controller_server-7] [INFO] [1783976995.136185629] [leo2.controller_server]: Passing new path to controller.
[controller_server-1] [INFO] [1783976995.874262202] [leo1.controller_server]: Passing new path to controller.
[controller_server-7] [INFO] [1783976996.136264270] [leo2.controller_server]: Passing new path to controller.
[controller_server-1] [INFO] [1783976996.874247026] [leo1.controller_server]: Passing new path to controller.
[controller_server-7] [INFO] [1783976997.186258450] [leo2.controller_server]: Passing new path to controller.
[controller_server-1] [INFO] [1783976997.924247382] [leo1.controller_server]: Passing new path to controller.
[controller_server-7] [INFO] [1783976998.186294199] [leo2.controller_server]: Passing new path to controller.
[controller_server-1] [INFO] [1783976998.974254037] [leo1.controller_server]: Passing new path to controller.
[controller_server-7] [INFO] [1783976999.236184923] [leo2.controller_server]: Passing new path to controller.
[controller_server-1] [INFO] [1783976999.974227028] [leo1.controller_server]: Passing new path to controller.
[controller_server-7] [INFO] [1783977000.286232339] [leo2.controller_server]: Passing new path to controller.
[controller_server-1] [INFO] [1783977001.024189325] [leo1.controller_server]: Passing new path to controller.
[controller_server-7] [INFO] [1783977001.286222137] [leo2.controller_server]: Passing new path to controller.
[controller_server-1] [INFO] [1783977002.074229717] [leo1.controller_server]: Passing new path to controller.
[controller_server-7] [INFO] [1783977002.336238565] [leo2.controller_server]: Passing new path to controller.
[controller_server-1] [INFO] [1783977003.074229526] [leo1.controller_server]: Passing new path to controller.
[controller_server-7] [INFO] [1783977003.336187196] [leo2.controller_server]: Passing new path to controller.
[controller_server-1] [INFO] [1783977004.074248817] [leo1.controller_server]: Passing new path to controller.
[controller_server-7] [INFO] [1783977004.386246216] [leo2.controller_server]: Passing new path to controller.
[controller_server-1] [INFO] [1783977005.124244539] [leo1.controller_server]: Passing new path to controller.
[controller_server-7] [INFO] [1783977005.436264457] [leo2.controller_server]: Passing new path to controller.
[controller_server-1] [INFO] [1783977005.474389514] [leo1.controller_server]: Reached the goal!
[bt_navigator-4] [INFO] [1783977005.514335055] [leo1.bt_navigator]: Goal succeeded
[controller_server-7] [INFO] [1783977006.436278075] [leo2.controller_server]: Passing new path to controller.
[controller_server-7] [INFO] [1783977007.486236172] [leo2.controller_server]: Passing new path to controller.
[planner_server-2] [ERROR] [1783977007.753730008] [leo1.planner_server]: Failed to create a plan from potential when a legal potential was found. This shouldn't happen.
[planner_server-2] [WARN] [1783977007.753799194] [leo1.planner_server]: GridBased: failed to create plan with tolerance 0.50.
[planner_server-2] [WARN] [1783977007.753808064] [leo1.planner_server]: Planning algorithm  failed to generate a valid path to (5.95, 3.59)
[planner_server-2] [WARN] [1783977007.753814931] [leo1.planner_server]: [compute_path_to_pose] [ActionServer] Aborting handle.
[controller_server-7] [INFO] [1783977008.536198680] [leo2.controller_server]: Passing new path to controller.
[controller_server-7] [INFO] [1783977010.045113626] [leo2.controller_server]: Passing new path to controller.
[controller_server-7] [INFO] [1783977011.095133420] [leo2.controller_server]: Passing new path to controller.
[controller_server-7] [INFO] [1783977012.145110649] [leo2.controller_server]: Passing new path to controller.
[controller_server-7] [INFO] [1783977013.145383373] [leo2.controller_server]: Passing new path to controller.
[bt_navigator-4] [INFO] [1783977013.224192073] [leo1.bt_navigator]: Begin navigating from current location (5.28, 0.52) to (5.20, 4.79)
[controller_server-1] [INFO] [1783977013.245132051] [leo1.controller_server]: Received a goal, begin computing control effort.
[controller_server-7] [INFO] [1783977014.195177462] [leo2.controller_server]: Passing new path to controller.
[controller_server-1] [INFO] [1783977014.295336645] [leo1.controller_server]: Passing new path to controller.
[controller_server-7] [INFO] [1783977015.195121235] [leo2.controller_server]: Passing new path to controller.
[controller_server-1] [INFO] [1783977015.345353988] [leo1.controller_server]: Passing new path to controller.
[planner_server-8] [ERROR] [1783977016.206088293] [leo2.planner_server]: Failed to create a plan from potential when a legal potential was found. This shouldn't happen.
[planner_server-8] [WARN] [1783977016.206155557] [leo2.planner_server]: GridBased: failed to create plan with tolerance 0.50.
[planner_server-8] [WARN] [1783977016.206164909] [leo2.planner_server]: Planning algorithm GridBased failed to generate a valid path to (-4.90, 2.15)
[planner_server-8] [WARN] [1783977016.206172469] [leo2.planner_server]: [compute_path_to_pose] [ActionServer] Aborting handle.
[planner_server-8] [INFO] [1783977016.224106270] [leo2.global_costmap.global_costmap]: Received request to clear entirely the global_costmap
[controller_server-1] [INFO] [1783977016.345337156] [leo1.controller_server]: Passing new path to controller.
[controller_server-7] [INFO] [1783977016.445081869] [leo2.controller_server]: Passing new path to controller.
[controller_server-1] [INFO] [1783977017.395306449] [leo1.controller_server]: Passing new path to controller.
[controller_server-7] [INFO] [1783977017.445057249] [leo2.controller_server]: Passing new path to controller.
[controller_server-1] [INFO] [1783977018.395310312] [leo1.controller_server]: Passing new path to controller.
[controller_server-7] [INFO] [1783977018.495091638] [leo2.controller_server]: Passing new path to controller.
[controller_server-1] [INFO] [1783977019.445316893] [leo1.controller_server]: Passing new path to controller.
[controller_server-7] [INFO] [1783977019.495114404] [leo2.controller_server]: Passing new path to controller.
[planner_server-8] [INFO] [1783977019.575248330] [leo2.global_costmap.global_costmap]: StaticLayer: Resizing costmap to 280 X 279 at 0.050000 m/pix
[controller_server-1] [INFO] [1783977020.495305453] [leo1.controller_server]: Passing new path to controller.
[controller_server-7] [INFO] [1783977020.545054176] [leo2.controller_server]: Passing new path to controller.
[controller_server-1] [INFO] [1783977021.495325442] [leo1.controller_server]: Passing new path to controller.
[controller_server-7] [INFO] [1783977021.545077770] [leo2.controller_server]: Passing new path to controller.
[planner_server-2] [ERROR] [1783977022.495981456] [leo1.planner_server]: Failed to create a plan from potential when a legal potential was found. This shouldn't happen.
[planner_server-2] [WARN] [1783977022.496080868] [leo1.planner_server]: GridBased: failed to create plan with tolerance 0.50.
[planner_server-2] [WARN] [1783977022.496129112] [leo1.planner_server]: Planning algorithm GridBased failed to generate a valid path to (5.20, 4.79)
[planner_server-2] [WARN] [1783977022.496145667] [leo1.planner_server]: [compute_path_to_pose] [ActionServer] Aborting handle.
[planner_server-2] [INFO] [1783977022.514505968] [leo1.global_costmap.global_costmap]: Received request to clear entirely the global_costmap
[planner_server-2] [ERROR] [1783977022.576384071] [leo1.planner_server]: Failed to create a plan from potential when a legal potential was found. This shouldn't happen.
[planner_server-2] [WARN] [1783977022.576450086] [leo1.planner_server]: GridBased: failed to create plan with tolerance 0.50.
[planner_server-2] [WARN] [1783977022.576459319] [leo1.planner_server]: Planning algorithm GridBased failed to generate a valid path to (5.20, 4.79)
[planner_server-2] [WARN] [1783977022.576466360] [leo1.planner_server]: [compute_path_to_pose] [ActionServer] Aborting handle.
[controller_server-7] [INFO] [1783977022.595104091] [leo2.controller_server]: Passing new path to controller.
[controller_server-1] [INFO] [1783977022.595326532] [leo1.controller_server]: Goal was canceled. Stopping the robot.
[controller_server-1] [INFO] [1783977022.595364188] [leo1.controller_server]: [follow_path] [ActionServer] Client requested to cancel the goal. Cancelling.
[behavior_server-3] [INFO] [1783977022.595741459] [leo1.behavior_server]: Running wait
[controller_server-7] [INFO] [1783977023.645119756] [leo2.controller_server]: Passing new path to controller.
[controller_server-7] [INFO] [1783977024.645105659] [leo2.controller_server]: Passing new path to controller.
[controller_server-7] [INFO] [1783977025.695058103] [leo2.controller_server]: Passing new path to controller.
[controller_server-7] [INFO] [1783977026.695091886] [leo2.controller_server]: Passing new path to controller.
[behavior_server-3] [INFO] [1783977027.695881815] [leo1.behavior_server]: wait completed successfully
[planner_server-2] [ERROR] [1783977027.725881449] [leo1.planner_server]: Failed to create a plan from potential when a legal potential was found. This shouldn't happen.
[planner_server-2] [WARN] [1783977027.725944595] [leo1.planner_server]: GridBased: failed to create plan with tolerance 0.50.
[planner_server-2] [WARN] [1783977027.725952664] [leo1.planner_server]: Planning algorithm GridBased failed to generate a valid path to (5.20, 4.79)
[planner_server-2] [WARN] [1783977027.725959619] [leo1.planner_server]: [compute_path_to_pose] [ActionServer] Aborting handle.
[planner_server-2] [INFO] [1783977027.744534922] [leo1.global_costmap.global_costmap]: Received request to clear entirely the global_costmap
[controller_server-7] [INFO] [1783977027.745058051] [leo2.controller_server]: Passing new path to controller.
[planner_server-2] [ERROR] [1783977027.776347100] [leo1.planner_server]: Failed to create a plan from potential when a legal potential was found. This shouldn't happen.
[planner_server-2] [WARN] [1783977027.776404964] [leo1.planner_server]: GridBased: failed to create plan with tolerance 0.50.
[planner_server-2] [WARN] [1783977027.776413810] [leo1.planner_server]: Planning algorithm GridBased failed to generate a valid path to (5.20, 4.79)
[planner_server-2] [WARN] [1783977027.776421611] [leo1.planner_server]: [compute_path_to_pose] [ActionServer] Aborting handle.
[behavior_server-3] [INFO] [1783977027.794675036] [leo1.behavior_server]: Running backup
[controller_server-7] [INFO] [1783977028.795105848] [leo2.controller_server]: Passing new path to controller.
[planner_server-2] [INFO] [1783977029.374161530] [leo1.global_costmap.global_costmap]: StaticLayer: Resizing costmap to 279 X 280 at 0.050000 m/pix
[planner_server-8] [INFO] [1783977029.575297825] [leo2.global_costmap.global_costmap]: StaticLayer: Resizing costmap to 280 X 279 at 0.050000 m/pix
[controller_server-7] [INFO] [1783977029.795114513] [leo2.controller_server]: Passing new path to controller.
[controller_server-7] [INFO] [1783977030.845113966] [leo2.controller_server]: Passing new path to controller.
[controller_server-7] [INFO] [1783977031.845114710] [leo2.controller_server]: Passing new path to controller.
[controller_server-7] [INFO] [1783977032.895139066] [leo2.controller_server]: Passing new path to controller.
[bt_navigator-4] [INFO] [1783977033.334485945] [leo1.bt_navigator]: Received goal preemption request
[bt_navigator-4] [INFO] [1783977033.335216928] [leo1.bt_navigator]: Begin navigating from current location (5.35, 2.51) to (-0.75, 4.99)
[behavior_server-3] [INFO] [1783977033.894912447] [leo1.behavior_server]: backup completed successfully
[controller_server-7] [INFO] [1783977033.945088458] [leo2.controller_server]: Passing new path to controller.
[controller_server-1] [INFO] [1783977033.945283641] [leo1.controller_server]: Received a goal, begin computing control effort.
[controller_server-7] [INFO] [1783977034.945080233] [leo2.controller_server]: Passing new path to controller.
[controller_server-1] [INFO] [1783977034.995428401] [leo1.controller_server]: Passing new path to controller.
[planner_server-8] [ERROR] [1783977035.945399011] [leo2.planner_server]: Failed to create a plan from potential when a legal potential was found. This shouldn't happen.
[planner_server-8] [WARN] [1783977035.945505409] [leo2.planner_server]: GridBased: failed to create plan with tolerance 0.50.
[planner_server-8] [WARN] [1783977035.945516189] [leo2.planner_server]: Planning algorithm GridBased failed to generate a valid path to (-4.90, 2.15)
[planner_server-8] [WARN] [1783977035.945522292] [leo2.planner_server]: [compute_path_to_pose] [ActionServer] Aborting handle.
[planner_server-8] [INFO] [1783977035.964179788] [leo2.global_costmap.global_costmap]: Received request to clear entirely the global_costmap
[planner_server-8] [ERROR] [1783977035.986198460] [leo2.planner_server]: Failed to create a plan from potential when a legal potential was found. This shouldn't happen.
[planner_server-8] [WARN] [1783977035.986263895] [leo2.planner_server]: GridBased: failed to create plan with tolerance 0.50.
[planner_server-8] [WARN] [1783977035.986272384] [leo2.planner_server]: Planning algorithm GridBased failed to generate a valid path to (-4.90, 2.15)
[planner_server-8] [WARN] [1783977035.986279295] [leo2.planner_server]: [compute_path_to_pose] [ActionServer] Aborting handle.
[bt_navigator-10] [ERROR] [1783977036.024673665] [leo2.bt_navigator_navigate_to_pose_rclcpp_node]: Failed to get result for follow_path in node halt!
[behavior_server-9] [INFO] [1783977036.025212434] [leo2.behavior_server]: Running wait
[bt_navigator-10] [WARN] [1783977036.025482062] [BehaviorTreeEngine]: Behavior Tree tick rate 100.00 was exceeded!
[controller_server-7] [INFO] [1783977036.045100198] [leo2.controller_server]: Goal was canceled. Stopping the robot.
[controller_server-7] [INFO] [1783977036.045141706] [leo2.controller_server]: [follow_path] [ActionServer] Client requested to cancel the goal. Cancelling.
[controller_server-1] [INFO] [1783977036.045426195] [leo1.controller_server]: Passing new path to controller.
[controller_server-1] [INFO] [1783977037.045456383] [leo1.controller_server]: Passing new path to controller.
[planner_server-2] [ERROR] [1783977038.046204406] [leo1.planner_server]: Failed to create a plan from potential when a legal potential was found. This shouldn't happen.
[planner_server-2] [WARN] [1783977038.046290646] [leo1.planner_server]: GridBased: failed to create plan with tolerance 0.50.
[planner_server-2] [WARN] [1783977038.046305216] [leo1.planner_server]: Planning algorithm GridBased failed to generate a valid path to (-0.75, 4.99)
[planner_server-2] [WARN] [1783977038.046316469] [leo1.planner_server]: [compute_path_to_pose] [ActionServer] Aborting handle.
[planner_server-2] [INFO] [1783977038.064531669] [leo1.global_costmap.global_costmap]: Received request to clear entirely the global_costmap
[controller_server-1] [INFO] [1783977038.195494931] [leo1.controller_server]: Passing new path to controller.
[controller_server-1] [INFO] [1783977039.245464676] [leo1.controller_server]: Passing new path to controller.
[controller_server-1] [INFO] [1783977041.524621648] [leo1.controller_server]: Passing new path to controller.
[controller_server-1] [INFO] [1783977042.574598545] [leo1.controller_server]: Passing new path to controller.
[behavior_server-9] [INFO] [1783977042.604518488] [leo2.behavior_server]: wait completed successfully
[controller_server-7] [INFO] [1783977042.645723920] [leo2.controller_server]: Received a goal, begin computing control effort.
[controller_server-1] [INFO] [1783977043.574620801] [leo1.controller_server]: Passing new path to controller.
[controller_server-7] [INFO] [1783977043.696132266] [leo2.controller_server]: Passing new path to controller.
[controller_server-1] [INFO] [1783977044.624625539] [leo1.controller_server]: Passing new path to controller.
[planner_server-8] [ERROR] [1783977044.686045081] [leo2.planner_server]: Failed to create a plan from potential when a legal potential was found. This shouldn't happen.
[planner_server-8] [WARN] [1783977044.686107495] [leo2.planner_server]: GridBased: failed to create plan with tolerance 0.50.
[planner_server-8] [WARN] [1783977044.686115335] [leo2.planner_server]: Planning algorithm GridBased failed to generate a valid path to (-4.90, 2.15)
[planner_server-8] [WARN] [1783977044.686121472] [leo2.planner_server]: [compute_path_to_pose] [ActionServer] Aborting handle.
[planner_server-8] [INFO] [1783977044.704848709] [leo2.global_costmap.global_costmap]: Received request to clear entirely the global_costmap
[controller_server-7] [INFO] [1783977044.895885089] [leo2.controller_server]: Passing new path to controller.
[controller_server-1] [INFO] [1783977045.624640186] [leo1.controller_server]: Passing new path to controller.
[controller_server-7] [INFO] [1783977045.945896414] [leo2.controller_server]: Passing new path to controller.
[controller_server-1] [INFO] [1783977046.674635165] [leo1.controller_server]: Passing new path to controller.
[controller_server-7] [INFO] [1783977046.945924881] [leo2.controller_server]: Passing new path to controller.
[controller_server-1] [INFO] [1783977047.724716042] [leo1.controller_server]: Passing new path to controller.
[planner_server-8] [ERROR] [1783977047.947328418] [leo2.planner_server]: Failed to create a plan from potential when a legal potential was found. This shouldn't happen.
[planner_server-8] [WARN] [1783977047.947438862] [leo2.planner_server]: GridBased: failed to create plan with tolerance 0.50.
[planner_server-8] [WARN] [1783977047.947459920] [leo2.planner_server]: Planning algorithm GridBased failed to generate a valid path to (-4.90, 2.15)
[planner_server-8] [WARN] [1783977047.947474803] [leo2.planner_server]: [compute_path_to_pose] [ActionServer] Aborting handle.
[planner_server-8] [INFO] [1783977047.965034019] [leo2.global_costmap.global_costmap]: Received request to clear entirely the global_costmap
[planner_server-8] [ERROR] [1783977048.056804547] [leo2.planner_server]: Failed to create a plan from potential when a legal potential was found. This shouldn't happen.
[planner_server-8] [WARN] [1783977048.056871873] [leo2.planner_server]: GridBased: failed to create plan with tolerance 0.50.
[planner_server-8] [WARN] [1783977048.056880916] [leo2.planner_server]: Planning algorithm GridBased failed to generate a valid path to (-4.90, 2.15)
[planner_server-8] [WARN] [1783977048.056888536] [leo2.planner_server]: [compute_path_to_pose] [ActionServer] Aborting handle.
[bt_navigator-10] [ERROR] [1783977048.095335919] [leo2.bt_navigator_navigate_to_pose_rclcpp_node]: Failed to get result for follow_path in node halt!
[behavior_server-9] [INFO] [1783977048.095666657] [leo2.behavior_server]: Running backup
[controller_server-7] [INFO] [1783977048.095922940] [leo2.controller_server]: Goal was canceled. Stopping the robot.
[controller_server-7] [INFO] [1783977048.095949042] [leo2.controller_server]: [follow_path] [ActionServer] Client requested to cancel the goal. Cancelling.
[bt_navigator-10] [WARN] [1783977048.096063229] [BehaviorTreeEngine]: Behavior Tree tick rate 100.00 was exceeded!
[controller_server-1] [INFO] [1783977048.724804444] [leo1.controller_server]: Passing new path to controller.
[controller_server-1] [INFO] [1783977049.774636238] [leo1.controller_server]: Passing new path to controller.
[controller_server-1] [INFO] [1783977050.774605020] [leo1.controller_server]: Passing new path to controller.
[planner_server-2] [INFO] [1783977050.853343592] [leo1.global_costmap.global_costmap]: StaticLayer: Resizing costmap to 279 X 280 at 0.050000 m/pix
[planner_server-8] [INFO] [1783977051.054454044] [leo2.global_costmap.global_costmap]: StaticLayer: Resizing costmap to 280 X 279 at 0.050000 m/pix
[controller_server-1] [INFO] [1783977051.824621379] [leo1.controller_server]: Passing new path to controller.
[controller_server-1] [INFO] [1783977052.874613230] [leo1.controller_server]: Passing new path to controller.
[controller_server-1] [INFO] [1783977053.874617109] [leo1.controller_server]: Passing new path to controller.
[behavior_server-9] [INFO] [1783977054.395889272] [leo2.behavior_server]: backup completed successfully
[controller_server-7] [INFO] [1783977054.436736036] [leo2.controller_server]: Received a goal, begin computing control effort.
[bt_navigator-4] [INFO] [1783977054.894080350] [leo1.bt_navigator]: Received goal preemption request
[bt_navigator-4] [INFO] [1783977054.895840922] [leo1.bt_navigator]: Begin navigating from current location (1.06, 4.02) to (-3.77, 6.14)
[controller_server-1] [INFO] [1783977054.924654349] [leo1.controller_server]: Passing new path to controller.
[bt_navigator-10] [INFO] [1783977054.926241837] [leo2.bt_navigator]: Received goal preemption request
[bt_navigator-10] [INFO] [1783977054.927973847] [leo2.bt_navigator]: Begin navigating from current location (-4.43, 0.16) to (-4.95, 3.88)
[controller_server-7] [INFO] [1783977055.486915917] [leo2.controller_server]: Passing new path to controller.
[controller_server-1] [INFO] [1783977055.924638308] [leo1.controller_server]: Passing new path to controller.
[controller_server-7] [INFO] [1783977056.536884644] [leo2.controller_server]: Passing new path to controller.
[controller_server-1] [INFO] [1783977056.974628590] [leo1.controller_server]: Passing new path to controller.
[controller_server-7] [INFO] [1783977057.536886207] [leo2.controller_server]: Passing new path to controller.
[controller_server-1] [INFO] [1783977058.024595932] [leo1.controller_server]: Passing new path to controller.
[controller_server-7] [INFO] [1783977058.586887046] [leo2.controller_server]: Passing new path to controller.
[controller_server-1] [INFO] [1783977059.024616034] [leo1.controller_server]: Passing new path to controller.
[controller_server-7] [INFO] [1783977059.586857426] [leo2.controller_server]: Passing new path to controller.
[controller_server-1] [INFO] [1783977060.074618671] [leo1.controller_server]: Passing new path to controller.
[controller_server-7] [INFO] [1783977060.636870263] [leo2.controller_server]: Passing new path to controller.
[controller_server-1] [INFO] [1783977061.074605025] [leo1.controller_server]: Passing new path to controller.
[controller_server-7] [INFO] [1783977061.636892175] [leo2.controller_server]: Passing new path to controller.
[controller_server-1] [INFO] [1783977062.124629588] [leo1.controller_server]: Passing new path to controller.
[controller_server-7] [INFO] [1783977062.686884881] [leo2.controller_server]: Passing new path to controller.
[controller_server-1] [INFO] [1783977063.174630286] [leo1.controller_server]: Passing new path to controller.
[controller_server-7] [INFO] [1783977063.686883866] [leo2.controller_server]: Passing new path to controller.
[controller_server-1] [INFO] [1783977064.174629214] [leo1.controller_server]: Passing new path to controller.
[controller_server-7] [INFO] [1783977064.736888930] [leo2.controller_server]: Passing new path to controller.
[controller_server-1] [INFO] [1783977065.224644631] [leo1.controller_server]: Passing new path to controller.
[controller_server-7] [INFO] [1783977065.786896830] [leo2.controller_server]: Passing new path to controller.
[controller_server-1] [INFO] [1783977066.224635471] [leo1.controller_server]: Passing new path to controller.
[controller_server-7] [INFO] [1783977066.786866195] [leo2.controller_server]: Passing new path to controller.
[controller_server-1] [INFO] [1783977067.274607213] [leo1.controller_server]: Passing new path to controller.
[controller_server-7] [INFO] [1783977067.836876519] [leo2.controller_server]: Passing new path to controller.
[controller_server-1] [INFO] [1783977068.324642315] [leo1.controller_server]: Passing new path to controller.
[controller_server-7] [INFO] [1783977068.836863482] [leo2.controller_server]: Passing new path to controller.
[controller_server-1] [INFO] [1783977069.324621932] [leo1.controller_server]: Passing new path to controller.
[controller_server-7] [INFO] [1783977069.337019447] [leo2.controller_server]: Reached the goal!
[bt_navigator-10] [INFO] [1783977069.376950526] [leo2.bt_navigator]: Goal succeeded
[controller_server-1] [INFO] [1783977070.374645717] [leo1.controller_server]: Passing new path to controller.
[planner_server-2] [ERROR] [1783977070.955938079] [leo1.planner_server]: Failed to create a plan from potential when a legal potential was found. This shouldn't happen.
[planner_server-2] [WARN] [1783977070.956019421] [leo1.planner_server]: GridBased: failed to create plan with tolerance 0.50.
[planner_server-2] [WARN] [1783977070.956029721] [leo1.planner_server]: Planning algorithm  failed to generate a valid path to (-4.92, 3.24)
[planner_server-2] [WARN] [1783977070.956037272] [leo1.planner_server]: [compute_path_to_pose] [ActionServer] Aborting handle.
[bt_navigator-10] [INFO] [1783977071.002910348] [leo2.bt_navigator]: Begin navigating from current location (-4.83, 3.67) to (5.00, -6.22)
[controller_server-7] [INFO] [1783977071.024549867] [leo2.controller_server]: Received a goal, begin computing control effort.
[controller_server-1] [INFO] [1783977071.374658419] [leo1.controller_server]: Passing new path to controller.
[controller_server-1] [INFO] [1783977073.206895353] [leo1.controller_server]: Passing new path to controller.
[controller_server-7] [INFO] [1783977073.207127067] [leo2.controller_server]: Passing new path to controller.
[controller_server-1] [INFO] [1783977074.206856431] [leo1.controller_server]: Passing new path to controller.
[controller_server-7] [INFO] [1783977074.207108458] [leo2.controller_server]: Passing new path to controller.
[controller_server-1] [INFO] [1783977075.256854425] [leo1.controller_server]: Passing new path to controller.
[controller_server-7] [INFO] [1783977075.257077241] [leo2.controller_server]: Passing new path to controller.
[controller_server-1] [INFO] [1783977076.256827176] [leo1.controller_server]: Passing new path to controller.
[controller_server-7] [INFO] [1783977076.257079933] [leo2.controller_server]: Passing new path to controller.
[bt_navigator-4] [INFO] [1783977076.655853528] [leo1.bt_navigator]: Received goal preemption request
[bt_navigator-4] [INFO] [1783977076.656516514] [leo1.bt_navigator]: Begin navigating from current location (-3.39, 6.11) to (-2.82, 4.19)
[controller_server-1] [INFO] [1783977077.306844002] [leo1.controller_server]: Passing new path to controller.
[controller_server-7] [INFO] [1783977077.307067799] [leo2.controller_server]: Passing new path to controller.
[controller_server-1] [INFO] [1783977078.356826475] [leo1.controller_server]: Passing new path to controller.
[controller_server-7] [INFO] [1783977078.357090187] [leo2.controller_server]: Passing new path to controller.
[planner_server-8] [ERROR] [1783977079.327746537] [leo2.planner_server]: Failed to create a plan from potential when a legal potential was found. This shouldn't happen.
[planner_server-8] [WARN] [1783977079.327801760] [leo2.planner_server]: GridBased: failed to create plan with tolerance 0.50.
[planner_server-8] [WARN] [1783977079.327810347] [leo2.planner_server]: Planning algorithm GridBased failed to generate a valid path to (5.00, -6.22)
[planner_server-8] [WARN] [1783977079.327817460] [leo2.planner_server]: [compute_path_to_pose] [ActionServer] Aborting handle.
[planner_server-8] [INFO] [1783977079.345386801] [leo2.global_costmap.global_costmap]: Received request to clear entirely the global_costmap
[controller_server-1] [INFO] [1783977079.356845008] [leo1.controller_server]: Passing new path to controller.
[controller_server-7] [INFO] [1783977079.557068146] [leo2.controller_server]: Passing new path to controller.
[controller_server-1] [INFO] [1783977080.406814687] [leo1.controller_server]: Passing new path to controller.
[controller_server-7] [INFO] [1783977080.557039407] [leo2.controller_server]: Passing new path to controller.
[controller_server-1] [INFO] [1783977081.406858385] [leo1.controller_server]: Passing new path to controller.
[controller_server-7] [INFO] [1783977081.607106828] [leo2.controller_server]: Passing new path to controller.
[controller_server-1] [INFO] [1783977082.456875192] [leo1.controller_server]: Passing new path to controller.
[controller_server-7] [INFO] [1783977082.607086088] [leo2.controller_server]: Passing new path to controller.
[planner_server-2] [ERROR] [1783977083.448072636] [leo1.planner_server]: Failed to create a plan from potential when a legal potential was found. This shouldn't happen.
[planner_server-2] [WARN] [1783977083.448157823] [leo1.planner_server]: GridBased: failed to create plan with tolerance 0.50.
[planner_server-2] [WARN] [1783977083.448177939] [leo1.planner_server]: Planning algorithm GridBased failed to generate a valid path to (-2.82, 4.19)
[planner_server-2] [WARN] [1783977083.448193541] [leo1.planner_server]: [compute_path_to_pose] [ActionServer] Aborting handle.
[planner_server-2] [INFO] [1783977083.465921715] [leo1.global_costmap.global_costmap]: Received request to clear entirely the global_costmap
[planner_server-2] [ERROR] [1783977083.497985662] [leo1.planner_server]: Failed to create a plan from potential when a legal potential was found. This shouldn't happen.
[planner_server-2] [WARN] [1783977083.498094659] [leo1.planner_server]: GridBased: failed to create plan with tolerance 0.50.
[planner_server-2] [WARN] [1783977083.498108242] [leo1.planner_server]: Planning algorithm GridBased failed to generate a valid path to (-2.82, 4.19)
[planner_server-2] [WARN] [1783977083.498116490] [leo1.planner_server]: [compute_path_to_pose] [ActionServer] Aborting handle.
[bt_navigator-4] [ERROR] [1783977083.536347269] [leo1.bt_navigator_navigate_to_pose_rclcpp_node]: Failed to get result for follow_path in node halt!
[controller_server-1] [INFO] [1783977083.536502578] [leo1.local_costmap.local_costmap]: Received request to clear entirely the local_costmap
[planner_server-2] [INFO] [1783977083.536855316] [leo1.global_costmap.global_costmap]: Received request to clear entirely the global_costmap
[bt_navigator-4] [WARN] [1783977083.537993949] [BehaviorTreeEngine]: Behavior Tree tick rate 100.00 was exceeded!
[controller_server-1] [INFO] [1783977083.556855266] [leo1.controller_server]: Goal was canceled. Stopping the robot.
[controller_server-1] [INFO] [1783977083.556933054] [leo1.controller_server]: [follow_path] [ActionServer] Client requested to cancel the goal. Cancelling.
[controller_server-7] [INFO] [1783977083.657083029] [leo2.controller_server]: Passing new path to controller.
[planner_server-2] [ERROR] [1783977083.689149387] [leo1.planner_server]: Failed to create a plan from potential when a legal potential was found. This shouldn't happen.
[planner_server-2] [WARN] [1783977083.689240500] [leo1.planner_server]: GridBased: failed to create plan with tolerance 0.50.
[planner_server-2] [WARN] [1783977083.689258798] [leo1.planner_server]: Planning algorithm GridBased failed to generate a valid path to (-2.82, 4.19)
[planner_server-2] [WARN] [1783977083.689273670] [leo1.planner_server]: [compute_path_to_pose] [ActionServer] Aborting handle.
[planner_server-2] [INFO] [1783977083.706806351] [leo1.global_costmap.global_costmap]: Received request to clear entirely the global_costmap
[planner_server-2] [ERROR] [1783977083.888585666] [leo1.planner_server]: Failed to create a plan from potential when a legal potential was found. This shouldn't happen.
[planner_server-2] [WARN] [1783977083.888650066] [leo1.planner_server]: GridBased: failed to create plan with tolerance 0.50.
[planner_server-2] [WARN] [1783977083.888658199] [leo1.planner_server]: Planning algorithm GridBased failed to generate a valid path to (-2.82, 4.19)
[planner_server-2] [WARN] [1783977083.888665073] [leo1.planner_server]: [compute_path_to_pose] [ActionServer] Aborting handle.
[behavior_server-3] [INFO] [1783977083.908270989] [leo1.behavior_server]: Running spin
[behavior_server-3] [INFO] [1783977083.908337955] [leo1.behavior_server]: Turning 1.57 for spin behavior.
[controller_server-7] [INFO] [1783977084.657078700] [leo2.controller_server]: Passing new path to controller.
[behavior_server-3] [INFO] [1783977085.608493542] [leo1.behavior_server]: spin completed successfully
[planner_server-2] [ERROR] [1783977085.640384070] [leo1.planner_server]: Failed to create a plan from potential when a legal potential was found. This shouldn't happen.
[planner_server-2] [WARN] [1783977085.640579476] [leo1.planner_server]: GridBased: failed to create plan with tolerance 0.50.
[planner_server-2] [WARN] [1783977085.640599906] [leo1.planner_server]: Planning algorithm GridBased failed to generate a valid path to (-2.82, 4.19)
[planner_server-2] [WARN] [1783977085.640607183] [leo1.planner_server]: [compute_path_to_pose] [ActionServer] Aborting handle.
[planner_server-2] [INFO] [1783977085.658211441] [leo1.global_costmap.global_costmap]: Received request to clear entirely the global_costmap
[planner_server-8] [ERROR] [1783977085.667514957] [leo2.planner_server]: Failed to create a plan from potential when a legal potential was found. This shouldn't happen.
[planner_server-8] [WARN] [1783977085.667572427] [leo2.planner_server]: GridBased: failed to create plan with tolerance 0.50.
[planner_server-8] [WARN] [1783977085.667581073] [leo2.planner_server]: Planning algorithm GridBased failed to generate a valid path to (5.00, -6.22)
[planner_server-8] [WARN] [1783977085.667588243] [leo2.planner_server]: [compute_path_to_pose] [ActionServer] Aborting handle.
[planner_server-8] [INFO] [1783977085.685360843] [leo2.global_costmap.global_costmap]: Received request to clear entirely the global_costmap
[planner_server-2] [ERROR] [1783977085.689901131] [leo1.planner_server]: Failed to create a plan from potential when a legal potential was found. This shouldn't happen.
[planner_server-2] [WARN] [1783977085.689965996] [leo1.planner_server]: GridBased: failed to create plan with tolerance 0.50.
[planner_server-2] [WARN] [1783977085.689974315] [leo1.planner_server]: Planning algorithm GridBased failed to generate a valid path to (-2.82, 4.19)
[planner_server-2] [WARN] [1783977085.689981559] [leo1.planner_server]: [compute_path_to_pose] [ActionServer] Aborting handle.
[planner_server-8] [ERROR] [1783977085.697842313] [leo2.planner_server]: Failed to create a plan from potential when a legal potential was found. This shouldn't happen.
[planner_server-8] [WARN] [1783977085.697918741] [leo2.planner_server]: GridBased: failed to create plan with tolerance 0.50.
[planner_server-8] [WARN] [1783977085.697932169] [leo2.planner_server]: Planning algorithm GridBased failed to generate a valid path to (5.00, -6.22)
[planner_server-8] [WARN] [1783977085.697943306] [leo2.planner_server]: [compute_path_to_pose] [ActionServer] Aborting handle.
[behavior_server-3] [INFO] [1783977085.708382860] [leo1.behavior_server]: Running wait
[bt_navigator-10] [ERROR] [1783977085.735969975] [leo2.bt_navigator_navigate_to_pose_rclcpp_node]: Failed to get result for follow_path in node halt!
[controller_server-7] [INFO] [1783977085.736192455] [leo2.local_costmap.local_costmap]: Received request to clear entirely the local_costmap
[planner_server-8] [INFO] [1783977085.736558489] [leo2.global_costmap.global_costmap]: Received request to clear entirely the global_costmap
[bt_navigator-10] [WARN] [1783977085.737472402] [BehaviorTreeEngine]: Behavior Tree tick rate 100.00 was exceeded!
[controller_server-7] [INFO] [1783977085.757091214] [leo2.controller_server]: Goal was canceled. Stopping the robot.
[controller_server-7] [INFO] [1783977085.757138981] [leo2.controller_server]: [follow_path] [ActionServer] Client requested to cancel the goal. Cancelling.
[controller_server-7] [INFO] [1783977085.907442682] [leo2.controller_server]: Received a goal, begin computing control effort.
[controller_server-7] [INFO] [1783977086.957575344] [leo2.controller_server]: Passing new path to controller.
[controller_server-7] [INFO] [1783977088.007554540] [leo2.controller_server]: Passing new path to controller.
[controller_server-7] [INFO] [1783977089.007598458] [leo2.controller_server]: Passing new path to controller.
[controller_server-7] [INFO] [1783977090.057614804] [leo2.controller_server]: Passing new path to controller.
[behavior_server-3] [INFO] [1783977090.808607420] [leo1.behavior_server]: wait completed successfully
[controller_server-1] [INFO] [1783977090.858742096] [leo1.controller_server]: Received a goal, begin computing control effort.
[controller_server-7] [INFO] [1783977091.057606689] [leo2.controller_server]: Passing new path to controller.
[controller_server-1] [INFO] [1783977091.908915662] [leo1.controller_server]: Passing new path to controller.
[controller_server-7] [INFO] [1783977092.107568521] [leo2.controller_server]: Passing new path to controller.
[bt_navigator-4] [INFO] [1783977092.648139744] [leo1.bt_navigator]: Received goal preemption request
[bt_navigator-4] [INFO] [1783977092.648850053] [leo1.bt_navigator]: Begin navigating from current location (-3.66, 5.67) to (-5.77, 3.19)
[controller_server-1] [INFO] [1783977092.958904660] [leo1.controller_server]: Passing new path to controller.
[controller_server-7] [INFO] [1783977093.157572909] [leo2.controller_server]: Passing new path to controller.
[controller_server-1] [INFO] [1783977093.958902505] [leo1.controller_server]: Passing new path to controller.
[controller_server-7] [INFO] [1783977094.157607236] [leo2.controller_server]: Passing new path to controller.
[controller_server-1] [INFO] [1783977095.008893772] [leo1.controller_server]: Passing new path to controller.
[controller_server-7] [INFO] [1783977095.207575866] [leo2.controller_server]: Passing new path to controller.
[controller_server-1] [INFO] [1783977096.008901372] [leo1.controller_server]: Passing new path to controller.
[controller_server-7] [INFO] [1783977096.207594140] [leo2.controller_server]: Passing new path to controller.
[controller_server-1] [INFO] [1783977097.058902882] [leo1.controller_server]: Passing new path to controller.
[controller_server-7] [INFO] [1783977097.257588459] [leo2.controller_server]: Passing new path to controller.
[controller_server-1] [INFO] [1783977098.108903605] [leo1.controller_server]: Passing new path to controller.
[controller_server-7] [INFO] [1783977098.307602006] [leo2.controller_server]: Passing new path to controller.
[controller_server-1] [INFO] [1783977099.108906120] [leo1.controller_server]: Passing new path to controller.
[controller_server-7] [INFO] [1783977099.307575974] [leo2.controller_server]: Passing new path to controller.
[controller_server-1] [INFO] [1783977100.158907851] [leo1.controller_server]: Passing new path to controller.
[controller_server-7] [INFO] [1783977100.357582167] [leo2.controller_server]: Passing new path to controller.
[controller_server-1] [INFO] [1783977101.158921718] [leo1.controller_server]: Passing new path to controller.
[controller_server-7] [INFO] [1783977101.357591312] [leo2.controller_server]: Passing new path to controller.
[controller_server-1] [INFO] [1783977102.208913798] [leo1.controller_server]: Passing new path to controller.
[controller_server-7] [INFO] [1783977102.407578810] [leo2.controller_server]: Passing new path to controller.
[controller_server-7] [INFO] [1783977104.794419602] [leo2.controller_server]: Passing new path to controller.
[controller_server-1] [INFO] [1783977104.795708231] [leo1.controller_server]: Passing new path to controller.
[controller_server-7] [INFO] [1783977105.844448814] [leo2.controller_server]: Passing new path to controller.
[controller_server-1] [INFO] [1783977105.845754176] [leo1.controller_server]: Passing new path to controller.
[bt_navigator-4] [INFO] [1783977106.344998639] [leo1.bt_navigator]: Received goal preemption request
[bt_navigator-4] [INFO] [1783977106.345723468] [leo1.bt_navigator]: Begin navigating from current location (-5.35, 3.61) to (-6.42, 2.49)
[planner_server-2] [ERROR] [1783977106.816712614] [leo1.planner_server]: Failed to create a plan from potential when a legal potential was found. This shouldn't happen.
[planner_server-2] [WARN] [1783977106.816792227] [leo1.planner_server]: GridBased: failed to create plan with tolerance 0.50.
[planner_server-2] [WARN] [1783977106.816804836] [leo1.planner_server]: Planning algorithm GridBased failed to generate a valid path to (-6.42, 2.49)
[planner_server-2] [WARN] [1783977106.816815496] [leo1.planner_server]: [compute_path_to_pose] [ActionServer] Aborting handle.
[planner_server-2] [INFO] [1783977106.835093126] [leo1.global_costmap.global_costmap]: Received request to clear entirely the global_costmap
[controller_server-7] [INFO] [1783977106.844497208] [leo2.controller_server]: Passing new path to controller.
[planner_server-2] [ERROR] [1783977106.927440717] [leo1.planner_server]: Failed to create a plan from potential when a legal potential was found. This shouldn't happen.
[planner_server-2] [WARN] [1783977106.927566218] [leo1.planner_server]: GridBased: failed to create plan with tolerance 0.50.
[planner_server-2] [WARN] [1783977106.927580202] [leo1.planner_server]: Planning algorithm GridBased failed to generate a valid path to (-6.42, 2.49)
[planner_server-2] [WARN] [1783977106.927589844] [leo1.planner_server]: [compute_path_to_pose] [ActionServer] Aborting handle.
[controller_server-1] [INFO] [1783977106.945762106] [leo1.controller_server]: Goal was canceled. Stopping the robot.
[controller_server-1] [INFO] [1783977106.945838186] [leo1.controller_server]: [follow_path] [ActionServer] Client requested to cancel the goal. Cancelling.
[behavior_server-3] [INFO] [1783977106.946373252] [leo1.behavior_server]: Running backup
[controller_server-7] [INFO] [1783977107.894470844] [leo2.controller_server]: Passing new path to controller.
[controller_server-7] [INFO] [1783977108.944453955] [leo2.controller_server]: Passing new path to controller.
[controller_server-7] [INFO] [1783977109.944406404] [leo2.controller_server]: Passing new path to controller.
[controller_server-7] [INFO] [1783977110.994410648] [leo2.controller_server]: Passing new path to controller.
[controller_server-7] [INFO] [1783977111.994404201] [leo2.controller_server]: Passing new path to controller.
[controller_server-7] [INFO] [1783977113.044385143] [leo2.controller_server]: Passing new path to controller.
[behavior_server-3] [INFO] [1783977113.146564678] [leo1.behavior_server]: backup completed successfully
[controller_server-1] [INFO] [1783977113.195783145] [leo1.controller_server]: Received a goal, begin computing control effort.
[controller_server-7] [INFO] [1783977114.094401106] [leo2.controller_server]: Passing new path to controller.
[controller_server-1] [INFO] [1783977114.245985596] [leo1.controller_server]: Passing new path to controller.
[controller_server-7] [INFO] [1783977115.094416246] [leo2.controller_server]: Passing new path to controller.
[controller_server-1] [INFO] [1783977115.245979626] [leo1.controller_server]: Passing new path to controller.
[controller_server-7] [INFO] [1783977116.144421301] [leo2.controller_server]: Passing new path to controller.
[controller_server-1] [INFO] [1783977116.295970249] [leo1.controller_server]: Passing new path to controller.
[controller_server-7] [INFO] [1783977117.144431145] [leo2.controller_server]: Passing new path to controller.
[controller_server-1] [INFO] [1783977117.345958796] [leo1.controller_server]: Passing new path to controller.
[controller_server-7] [INFO] [1783977118.194406952] [leo2.controller_server]: Passing new path to controller.
[controller_server-1] [INFO] [1783977118.345956430] [leo1.controller_server]: Passing new path to controller.
[controller_server-7] [INFO] [1783977119.194396409] [leo2.controller_server]: Passing new path to controller.
[controller_server-1] [INFO] [1783977119.395969617] [leo1.controller_server]: Passing new path to controller.
[planner_server-8] [INFO] [1783977119.523482195] [leo2.global_costmap.global_costmap]: StaticLayer: Resizing costmap to 280 X 279 at 0.050000 m/pix
[controller_server-1] [INFO] [1783977119.596046692] [leo1.controller_server]: Reached the goal!
[bt_navigator-4] [INFO] [1783977119.635540357] [leo1.bt_navigator]: Goal succeeded
[controller_server-7] [INFO] [1783977120.244379652] [leo2.controller_server]: Passing new path to controller.
[controller_server-7] [INFO] [1783977121.294398134] [leo2.controller_server]: Passing new path to controller.
[controller_server-7] [INFO] [1783977122.294420827] [leo2.controller_server]: Passing new path to controller.
[bt_navigator-4] [INFO] [1783977122.387664612] [leo1.bt_navigator]: Begin navigating from current location (-6.23, 2.65) to (-2.77, 0.94)
[controller_server-1] [INFO] [1783977122.408617293] [leo1.controller_server]: Received a goal, begin computing control effort.
[controller_server-7] [INFO] [1783977123.344436615] [leo2.controller_server]: Passing new path to controller.
[controller_server-1] [INFO] [1783977123.458886867] [leo1.controller_server]: Passing new path to controller.
[controller_server-7] [INFO] [1783977124.344409671] [leo2.controller_server]: Passing new path to controller.
[controller_server-1] [INFO] [1783977124.508897355] [leo1.controller_server]: Passing new path to controller.
[controller_server-7] [INFO] [1783977125.394401962] [leo2.controller_server]: Passing new path to controller.
[controller_server-1] [INFO] [1783977125.508854171] [leo1.controller_server]: Passing new path to controller.
[controller_server-7] [INFO] [1783977126.444399251] [leo2.controller_server]: Passing new path to controller.
[controller_server-1] [INFO] [1783977126.558863604] [leo1.controller_server]: Passing new path to controller.
[controller_server-7] [INFO] [1783977127.444379941] [leo2.controller_server]: Passing new path to controller.
[controller_server-1] [INFO] [1783977127.558845523] [leo1.controller_server]: Passing new path to controller.
[controller_server-7] [INFO] [1783977128.494449108] [leo2.controller_server]: Passing new path to controller.
[controller_server-1] [INFO] [1783977128.608864616] [leo1.controller_server]: Passing new path to controller.
[controller_server-7] [INFO] [1783977129.494435193] [leo2.controller_server]: Passing new path to controller.
[controller_server-1] [INFO] [1783977129.658866192] [leo1.controller_server]: Passing new path to controller.
[controller_server-7] [INFO] [1783977130.544412645] [leo2.controller_server]: Passing new path to controller.
[controller_server-1] [INFO] [1783977130.658874657] [leo1.controller_server]: Passing new path to controller.
[controller_server-7] [INFO] [1783977131.594435259] [leo2.controller_server]: Passing new path to controller.
[controller_server-1] [INFO] [1783977131.708884036] [leo1.controller_server]: Passing new path to controller.
[controller_server-7] [INFO] [1783977132.594450113] [leo2.controller_server]: Passing new path to controller.
[controller_server-1] [INFO] [1783977132.708883987] [leo1.controller_server]: Passing new path to controller.
[controller_server-7] [INFO] [1783977133.644412490] [leo2.controller_server]: Passing new path to controller.
[controller_server-1] [INFO] [1783977133.758879095] [leo1.controller_server]: Passing new path to controller.
[controller_server-7] [INFO] [1783977134.644408397] [leo2.controller_server]: Passing new path to controller.
[controller_server-1] [WARN] [1783977136.201252803] [leo1.controller_server]: [follow_path] [ActionServer] Aborting handle.
[controller_server-1] [INFO] [1783977136.201865341] [leo1.controller_server]: Passing new path to controller.
[controller_server-7] [INFO] [1783977136.237410458] [leo2.controller_server]: Passing new path to controller.
[controller_server-7] [INFO] [1783977137.237378870] [leo2.controller_server]: Passing new path to controller.
[controller_server-1] [INFO] [1783977137.251868642] [leo1.controller_server]: Passing new path to controller.
[controller_server-7] [INFO] [1783977138.287427478] [leo2.controller_server]: Passing new path to controller.
[controller_server-1] [INFO] [1783977138.301888633] [leo1.controller_server]: Passing new path to controller.
[controller_server-7] [INFO] [1783977138.637599563] [leo2.controller_server]: Reached the goal!
[bt_navigator-10] [INFO] [1783977138.678067015] [leo2.bt_navigator]: Goal succeeded
[controller_server-1] [INFO] [1783977139.301893441] [leo1.controller_server]: Passing new path to controller.
[bt_navigator-10] [INFO] [1783977139.943436758] [leo2.bt_navigator]: Begin navigating from current location (4.77, -6.11) to (5.05, -1.56)
[controller_server-7] [INFO] [1783977139.964507335] [leo2.controller_server]: Received a goal, begin computing control effort.
[controller_server-1] [INFO] [1783977140.351879514] [leo1.controller_server]: Passing new path to controller.
[controller_server-7] [INFO] [1783977141.014669509] [leo2.controller_server]: Passing new path to controller.
[controller_server-1] [INFO] [1783977141.351876954] [leo1.controller_server]: Passing new path to controller.
[controller_server-7] [INFO] [1783977142.064673563] [leo2.controller_server]: Passing new path to controller.
[controller_server-1] [INFO] [1783977142.152021198] [leo1.controller_server]: Reached the goal!
[bt_navigator-4] [INFO] [1783977142.191912580] [leo1.bt_navigator]: Goal succeeded
[controller_server-7] [INFO] [1783977143.064642649] [leo2.controller_server]: Passing new path to controller.
[bt_navigator-4] [INFO] [1783977143.844296200] [leo1.bt_navigator]: Begin navigating from current location (-2.95, 1.10) to (2.43, 0.04)
[controller_server-1] [INFO] [1783977143.865446900] [leo1.controller_server]: Received a goal, begin computing control effort.
[controller_server-7] [INFO] [1783977144.114652708] [leo2.controller_server]: Passing new path to controller.
[controller_server-1] [INFO] [1783977144.915583845] [leo1.controller_server]: Passing new path to controller.
[controller_server-7] [INFO] [1783977145.114678528] [leo2.controller_server]: Passing new path to controller.
[controller_server-1] [INFO] [1783977145.965570963] [leo1.controller_server]: Passing new path to controller.
[controller_server-7] [INFO] [1783977146.164659555] [leo2.controller_server]: Passing new path to controller.
[controller_server-1] [INFO] [1783977146.965593796] [leo1.controller_server]: Passing new path to controller.
[controller_server-7] [INFO] [1783977147.214599047] [leo2.controller_server]: Passing new path to controller.
[controller_server-1] [INFO] [1783977148.015602560] [leo1.controller_server]: Passing new path to controller.
[controller_server-7] [INFO] [1783977148.214692705] [leo2.controller_server]: Passing new path to controller.
[controller_server-1] [INFO] [1783977149.065597564] [leo1.controller_server]: Passing new path to controller.
[controller_server-7] [INFO] [1783977149.265156317] [leo2.controller_server]: Passing new path to controller.
[controller_server-1] [INFO] [1783977150.065632068] [leo1.controller_server]: Passing new path to controller.
[controller_server-7] [INFO] [1783977150.264670251] [leo2.controller_server]: Passing new path to controller.
[controller_server-1] [INFO] [1783977151.115585718] [leo1.controller_server]: Passing new path to controller.
[controller_server-7] [INFO] [1783977151.314675614] [leo2.controller_server]: Passing new path to controller.
[controller_server-1] [INFO] [1783977152.115577719] [leo1.controller_server]: Passing new path to controller.
[controller_server-7] [INFO] [1783977152.364640348] [leo2.controller_server]: Passing new path to controller.
[controller_server-1] [INFO] [1783977153.165583966] [leo1.controller_server]: Passing new path to controller.
[controller_server-7] [INFO] [1783977153.364636292] [leo2.controller_server]: Passing new path to controller.
[controller_server-1] [INFO] [1783977154.165584705] [leo1.controller_server]: Passing new path to controller.
[controller_server-7] [INFO] [1783977154.414658392] [leo2.controller_server]: Passing new path to controller.
[controller_server-1] [INFO] [1783977155.215580231] [leo1.controller_server]: Passing new path to controller.
[controller_server-7] [INFO] [1783977155.414658036] [leo2.controller_server]: Passing new path to controller.
[controller_server-1] [INFO] [1783977156.265624739] [leo1.controller_server]: Passing new path to controller.
[controller_server-7] [INFO] [1783977156.464687139] [leo2.controller_server]: Passing new path to controller.
[controller_server-1] [INFO] [1783977157.265599007] [leo1.controller_server]: Passing new path to controller.
[controller_server-7] [INFO] [1783977157.514657663] [leo2.controller_server]: Passing new path to controller.
[controller_server-1] [INFO] [1783977158.315613288] [leo1.controller_server]: Passing new path to controller.
[controller_server-7] [INFO] [1783977158.514663261] [leo2.controller_server]: Passing new path to controller.
[controller_server-1] [INFO] [1783977159.315601344] [leo1.controller_server]: Passing new path to controller.
[planner_server-2] [INFO] [1783977159.515385240] [leo1.global_costmap.global_costmap]: StaticLayer: Resizing costmap to 280 X 281 at 0.050000 m/pix
[controller_server-7] [INFO] [1783977159.564642449] [leo2.controller_server]: Passing new path to controller.
[bt_navigator-10] [INFO] [1783977159.883585876] [leo2.bt_navigator]: Received goal preemption request
[bt_navigator-10] [INFO] [1783977159.884301441] [leo2.bt_navigator]: Begin navigating from current location (5.23, -1.92) to (4.10, 1.39)
[controller_server-1] [INFO] [1783977160.365588216] [leo1.controller_server]: Passing new path to controller.
[controller_server-7] [INFO] [1783977160.564643528] [leo2.controller_server]: Passing new path to controller.
[controller_server-1] [INFO] [1783977161.415579202] [leo1.controller_server]: Passing new path to controller.
[controller_server-7] [INFO] [1783977161.614651343] [leo2.controller_server]: Passing new path to controller.
[controller_server-1] [INFO] [1783977162.415569618] [leo1.controller_server]: Passing new path to controller.
[controller_server-7] [INFO] [1783977162.664643942] [leo2.controller_server]: Passing new path to controller.
[controller_server-1] [INFO] [1783977163.465618041] [leo1.controller_server]: Passing new path to controller.
[controller_server-7] [INFO] [1783977163.664663634] [leo2.controller_server]: Passing new path to controller.
[controller_server-1] [INFO] [1783977164.515646379] [leo1.controller_server]: Passing new path to controller.
[controller_server-7] [INFO] [1783977164.714690199] [leo2.controller_server]: Passing new path to controller.
[controller_server-1] [INFO] [1783977165.515595794] [leo1.controller_server]: Passing new path to controller.
[controller_server-7] [INFO] [1783977165.714669788] [leo2.controller_server]: Passing new path to controller.
[controller_server-7] [INFO] [1783977167.697695808] [leo2.controller_server]: Passing new path to controller.
[controller_server-1] [INFO] [1783977167.698622752] [leo1.controller_server]: Passing new path to controller.
[controller_server-7] [INFO] [1783977168.747705129] [leo2.controller_server]: Passing new path to controller.
[controller_server-1] [INFO] [1783977168.748611499] [leo1.controller_server]: Passing new path to controller.
[controller_server-7] [INFO] [1783977169.747684891] [leo2.controller_server]: Passing new path to controller.
[controller_server-1] [INFO] [1783977169.748648013] [leo1.controller_server]: Passing new path to controller.
[controller_server-7] [INFO] [1783977170.797683237] [leo2.controller_server]: Passing new path to controller.
[controller_server-1] [INFO] [1783977170.798613779] [leo1.controller_server]: Passing new path to controller.
[planner_server-2] [INFO] [1783977170.998403099] [leo1.global_costmap.global_costmap]: StaticLayer: Resizing costmap to 279 X 280 at 0.050000 m/pix
[controller_server-1] [INFO] [1783977171.798607178] [leo1.controller_server]: Passing new path to controller.
[controller_server-7] [INFO] [1783977171.847689344] [leo2.controller_server]: Passing new path to controller.
[controller_server-7] [INFO] [1783977172.847699045] [leo2.controller_server]: Passing new path to controller.
[controller_server-1] [INFO] [1783977172.848615959] [leo1.controller_server]: Passing new path to controller.
[bt_navigator-10] [INFO] [1783977173.426712637] [leo2.bt_navigator]: Received goal preemption request
[bt_navigator-10] [INFO] [1783977173.427493114] [leo2.bt_navigator]: Begin navigating from current location (4.33, 0.94) to (3.40, 1.54)
[controller_server-7] [INFO] [1783977173.897694180] [leo2.controller_server]: Passing new path to controller.
[controller_server-1] [INFO] [1783977173.898644250] [leo1.controller_server]: Passing new path to controller.
[controller_server-7] [INFO] [1783977174.897693774] [leo2.controller_server]: Passing new path to controller.
[controller_server-1] [INFO] [1783977174.898646253] [leo1.controller_server]: Passing new path to controller.
[controller_server-7] [INFO] [1783977175.947703688] [leo2.controller_server]: Passing new path to controller.
[controller_server-1] [INFO] [1783977175.948653454] [leo1.controller_server]: Passing new path to controller.
[controller_server-1] [INFO] [1783977176.948636639] [leo1.controller_server]: Passing new path to controller.
[controller_server-7] [INFO] [1783977176.997710828] [leo2.controller_server]: Passing new path to controller.
[controller_server-7] [INFO] [1783977177.997698883] [leo2.controller_server]: Passing new path to controller.
[controller_server-1] [INFO] [1783977177.998607023] [leo1.controller_server]: Passing new path to controller.
[controller_server-7] [INFO] [1783977178.347807671] [leo2.controller_server]: Reached the goal!
[bt_navigator-10] [INFO] [1783977178.387276525] [leo2.bt_navigator]: Goal succeeded
[controller_server-1] [INFO] [1783977179.048567645] [leo1.controller_server]: Passing new path to controller.
[controller_server-1] [INFO] [1783977180.048626020] [leo1.controller_server]: Passing new path to controller.
[controller_server-1] [INFO] [1783977181.098613504] [leo1.controller_server]: Passing new path to controller.
[bt_navigator-10] [INFO] [1783977181.454786814] [leo2.bt_navigator]: Begin navigating from current location (3.63, 1.46) to (2.65, 1.69)
[controller_server-7] [INFO] [1783977181.475631945] [leo2.controller_server]: Received a goal, begin computing control effort.
[controller_server-1] [INFO] [1783977182.098632714] [leo1.controller_server]: Passing new path to controller.
[controller_server-7] [INFO] [1783977182.525852291] [leo2.controller_server]: Passing new path to controller.
[controller_server-1] [INFO] [1783977183.148662112] [leo1.controller_server]: Passing new path to controller.
[controller_server-7] [INFO] [1783977183.575816273] [leo2.controller_server]: Passing new path to controller.
[controller_server-1] [INFO] [1783977184.198618211] [leo1.controller_server]: Passing new path to controller.
[controller_server-7] [INFO] [1783977184.575788982] [leo2.controller_server]: Passing new path to controller.
[controller_server-7] [INFO] [1783977185.025933811] [leo2.controller_server]: Reached the goal!
[bt_navigator-10] [INFO] [1783977185.065810316] [leo2.bt_navigator]: Goal succeeded
[controller_server-1] [INFO] [1783977185.198625422] [leo1.controller_server]: Passing new path to controller.
[bt_navigator-10] [INFO] [1783977185.513578666] [leo2.bt_navigator]: Begin navigating from current location (2.89, 1.58) to (3.15, 6.39)
[controller_server-7] [INFO] [1783977185.535329234] [leo2.controller_server]: Received a goal, begin computing control effort.
[controller_server-1] [INFO] [1783977186.248631291] [leo1.controller_server]: Passing new path to controller.
[controller_server-7] [INFO] [1783977186.585444224] [leo2.controller_server]: Passing new path to controller.
[controller_server-1] [INFO] [1783977187.248653263] [leo1.controller_server]: Passing new path to controller.
[controller_server-7] [INFO] [1783977187.635458479] [leo2.controller_server]: Passing new path to controller.
[controller_server-1] [INFO] [1783977188.298606838] [leo1.controller_server]: Passing new path to controller.
[controller_server-7] [INFO] [1783977188.635456817] [leo2.controller_server]: Passing new path to controller.
[controller_server-1] [INFO] [1783977189.348660901] [leo1.controller_server]: Passing new path to controller.
[planner_server-2] [INFO] [1783977189.398406906] [leo1.global_costmap.global_costmap]: StaticLayer: Resizing costmap to 279 X 279 at 0.050000 m/pix
[controller_server-7] [INFO] [1783977189.685534941] [leo2.controller_server]: Passing new path to controller.
[controller_server-1] [INFO] [1783977190.348657508] [leo1.controller_server]: Passing new path to controller.
[controller_server-7] [INFO] [1783977190.685492954] [leo2.controller_server]: Passing new path to controller.
[controller_server-1] [INFO] [1783977191.398622355] [leo1.controller_server]: Passing new path to controller.
[controller_server-7] [INFO] [1783977191.735481635] [leo2.controller_server]: Passing new path to controller.
[controller_server-1] [INFO] [1783977192.398621377] [leo1.controller_server]: Passing new path to controller.
[controller_server-7] [INFO] [1783977192.785471822] [leo2.controller_server]: Passing new path to controller.
[controller_server-1] [INFO] [1783977193.448636653] [leo1.controller_server]: Passing new path to controller.
[controller_server-7] [INFO] [1783977193.785473325] [leo2.controller_server]: Passing new path to controller.
[controller_server-1] [INFO] [1783977194.448641861] [leo1.controller_server]: Passing new path to controller.
[controller_server-7] [INFO] [1783977194.835454207] [leo2.controller_server]: Passing new path to controller.
[controller_server-1] [INFO] [1783977195.498618071] [leo1.controller_server]: Passing new path to controller.
[controller_server-7] [INFO] [1783977195.835472797] [leo2.controller_server]: Passing new path to controller.
[controller_server-1] [INFO] [1783977196.498644232] [leo1.controller_server]: Passing new path to controller.
[controller_server-7] [INFO] [1783977196.885482770] [leo2.controller_server]: Passing new path to controller.
[controller_server-1] [INFO] [1783977197.548674383] [leo1.controller_server]: Passing new path to controller.
[controller_server-7] [INFO] [1783977199.434084601] [leo2.controller_server]: Passing new path to controller.
[controller_server-1] [INFO] [1783977199.447224834] [leo1.controller_server]: Passing new path to controller.
[controller_server-7] [INFO] [1783977200.484074728] [leo2.controller_server]: Passing new path to controller.
[controller_server-1] [INFO] [1783977200.497280686] [leo1.controller_server]: Passing new path to controller.
[planner_server-2] [INFO] [1783977201.147003088] [leo1.global_costmap.global_costmap]: StaticLayer: Resizing costmap to 279 X 279 at 0.050000 m/pix
[controller_server-7] [INFO] [1783977201.484072517] [leo2.controller_server]: Passing new path to controller.
[controller_server-1] [INFO] [1783977201.497240476] [leo1.controller_server]: Passing new path to controller.
[controller_server-7] [INFO] [1783977202.534062794] [leo2.controller_server]: Passing new path to controller.
[controller_server-1] [INFO] [1783977202.547235213] [leo1.controller_server]: Passing new path to controller.
[bt_navigator-4] [INFO] [1783977203.296175908] [leo1.bt_navigator]: Received goal preemption request
[bt_navigator-4] [INFO] [1783977203.296931030] [leo1.bt_navigator]: Begin navigating from current location (2.77, -1.53) to (3.10, 1.63)
[controller_server-7] [INFO] [1783977203.534069909] [leo2.controller_server]: Passing new path to controller.
[controller_server-1] [INFO] [1783977203.547223626] [leo1.controller_server]: Passing new path to controller.
[controller_server-7] [INFO] [1783977204.584067273] [leo2.controller_server]: Passing new path to controller.
[controller_server-1] [INFO] [1783977204.597229132] [leo1.controller_server]: Passing new path to controller.
[controller_server-7] [INFO] [1783977205.634055732] [leo2.controller_server]: Passing new path to controller.
[controller_server-1] [INFO] [1783977205.647212077] [leo1.controller_server]: Passing new path to controller.
[controller_server-7] [INFO] [1783977206.634085190] [leo2.controller_server]: Passing new path to controller.
[controller_server-1] [INFO] [1783977206.647217727] [leo1.controller_server]: Passing new path to controller.
[controller_server-7] [INFO] [1783977207.684059387] [leo2.controller_server]: Passing new path to controller.
[controller_server-1] [INFO] [1783977207.697256973] [leo1.controller_server]: Passing new path to controller.
[controller_server-7] [ERROR] [1783977208.084149363] [leo2.controller_server]: Failed to make progress
[controller_server-7] [WARN] [1783977208.084293634] [leo2.controller_server]: [follow_path] [ActionServer] Aborting handle.
[controller_server-7] [INFO] [1783977208.102481660] [leo2.local_costmap.local_costmap]: Received request to clear entirely the local_costmap
[controller_server-7] [INFO] [1783977208.104040121] [leo2.controller_server]: Received a goal, begin computing control effort.
[controller_server-7] [WARN] [1783977208.255537604] [leo2.controller_server]: Control loop missed its desired rate of 20.0000Hz
[controller_server-1] [INFO] [1783977208.697262917] [leo1.controller_server]: Passing new path to controller.
[controller_server-7] [INFO] [1783977208.718773924] [leo2.controller_server]: Passing new path to controller.
[controller_server-1] [INFO] [1783977209.747210264] [leo1.controller_server]: Passing new path to controller.
[controller_server-7] [INFO] [1783977209.755615241] [leo2.controller_server]: Passing new path to controller.
[controller_server-7] [INFO] [1783977210.755550505] [leo2.controller_server]: Passing new path to controller.
[controller_server-1] [INFO] [1783977210.797201476] [leo1.controller_server]: Passing new path to controller.
[controller_server-1] [INFO] [1783977211.797216332] [leo1.controller_server]: Passing new path to controller.
[controller_server-7] [INFO] [1783977211.805589370] [leo2.controller_server]: Passing new path to controller.
[controller_server-7] [INFO] [1783977212.805591807] [leo2.controller_server]: Passing new path to controller.
[controller_server-1] [INFO] [1783977212.847224475] [leo1.controller_server]: Passing new path to controller.
[controller_server-1] [INFO] [1783977213.847235050] [leo1.controller_server]: Passing new path to controller.
[controller_server-7] [INFO] [1783977213.855603266] [leo2.controller_server]: Passing new path to controller.
[controller_server-1] [INFO] [1783977214.897231298] [leo1.controller_server]: Passing new path to controller.
[controller_server-7] [INFO] [1783977214.905610512] [leo2.controller_server]: Passing new path to controller.
[controller_server-1] [INFO] [1783977215.897230723] [leo1.controller_server]: Passing new path to controller.
[controller_server-7] [INFO] [1783977215.905633672] [leo2.controller_server]: Passing new path to controller.
[controller_server-1] [INFO] [1783977216.947222349] [leo1.controller_server]: Passing new path to controller.
[controller_server-7] [INFO] [1783977216.955626053] [leo2.controller_server]: Passing new path to controller.
[controller_server-1] [INFO] [1783977217.947225436] [leo1.controller_server]: Passing new path to controller.
[controller_server-7] [INFO] [1783977217.955656032] [leo2.controller_server]: Passing new path to controller.
[controller_server-1] [INFO] [1783977218.997211756] [leo1.controller_server]: Passing new path to controller.
[controller_server-7] [INFO] [1783977219.005591719] [leo2.controller_server]: Passing new path to controller.
[controller_server-1] [INFO] [1783977219.997207149] [leo1.controller_server]: Passing new path to controller.
[controller_server-7] [INFO] [1783977220.055611069] [leo2.controller_server]: Passing new path to controller.
[controller_server-1] [INFO] [1783977221.047200426] [leo1.controller_server]: Passing new path to controller.
[controller_server-7] [INFO] [1783977221.055605283] [leo2.controller_server]: Passing new path to controller.
[controller_server-1] [INFO] [1783977222.097210175] [leo1.controller_server]: Passing new path to controller.
[controller_server-7] [INFO] [1783977222.105583774] [leo2.controller_server]: Passing new path to controller.
[controller_server-1] [INFO] [1783977223.097264549] [leo1.controller_server]: Passing new path to controller.
[controller_server-7] [INFO] [1783977223.105616104] [leo2.controller_server]: Passing new path to controller.
[controller_server-7] [ERROR] [1783977223.355651367] [leo2.controller_server]: Failed to make progress
[controller_server-7] [WARN] [1783977223.355739492] [leo2.controller_server]: [follow_path] [ActionServer] Aborting handle.
[controller_server-7] [INFO] [1783977223.362545914] [leo2.local_costmap.local_costmap]: Received request to clear entirely the local_costmap
[planner_server-8] [INFO] [1783977223.362662707] [leo2.global_costmap.global_costmap]: Received request to clear entirely the global_costmap
[behavior_server-9] [INFO] [1783977223.372591988] [leo2.behavior_server]: Running spin
[behavior_server-9] [INFO] [1783977223.372721821] [leo2.behavior_server]: Turning 1.57 for spin behavior.
[controller_server-1] [INFO] [1783977224.147218853] [leo1.controller_server]: Passing new path to controller.
[controller_server-1] [INFO] [1783977225.147215813] [leo1.controller_server]: Passing new path to controller.
[behavior_server-9] [INFO] [1783977226.172864363] [leo2.behavior_server]: spin completed successfully
[controller_server-1] [INFO] [1783977226.197238642] [leo1.controller_server]: Passing new path to controller.
[controller_server-7] [INFO] [1783977226.223216384] [leo2.controller_server]: Received a goal, begin computing control effort.
[controller_server-1] [INFO] [1783977227.247222351] [leo1.controller_server]: Passing new path to controller.
[controller_server-7] [INFO] [1783977227.273364603] [leo2.controller_server]: Passing new path to controller.
[controller_server-1] [INFO] [1783977227.747337896] [leo1.controller_server]: Reached the goal!
[bt_navigator-4] [INFO] [1783977227.786692687] [leo1.bt_navigator]: Goal succeeded
[controller_server-7] [INFO] [1783977228.323352538] [leo2.controller_server]: Passing new path to controller.
[controller_server-7] [INFO] [1783977229.323349795] [leo2.controller_server]: Passing new path to controller.
[controller_server-7] [INFO] [1783977231.067754741] [leo2.controller_server]: Passing new path to controller.
[controller_server-7] [INFO] [1783977232.067750710] [leo2.controller_server]: Passing new path to controller.
[controller_server-7] [INFO] [1783977233.117756545] [leo2.controller_server]: Passing new path to controller.
[bt_navigator-4] [INFO] [1783977233.382175771] [leo1.bt_navigator]: Begin navigating from current location (3.34, 1.57) to (2.50, 1.58)
[controller_server-1] [INFO] [1783977233.403055040] [leo1.controller_server]: Received a goal, begin computing control effort.
[controller_server-7] [INFO] [1783977234.167799811] [leo2.controller_server]: Passing new path to controller.
[controller_server-1] [INFO] [1783977234.453204285] [leo1.controller_server]: Passing new path to controller.
[controller_server-7] [INFO] [1783977235.167753743] [leo2.controller_server]: Passing new path to controller.
[controller_server-1] [INFO] [1783977235.503233189] [leo1.controller_server]: Passing new path to controller.
[controller_server-7] [INFO] [1783977236.217743108] [leo2.controller_server]: Passing new path to controller.
[controller_server-1] [INFO] [1783977236.503197367] [leo1.controller_server]: Passing new path to controller.
[controller_server-7] [INFO] [1783977237.217746007] [leo2.controller_server]: Passing new path to controller.
[controller_server-1] [INFO] [1783977237.553200698] [leo1.controller_server]: Passing new path to controller.
[controller_server-7] [INFO] [1783977238.267746858] [leo2.controller_server]: Passing new path to controller.
[controller_server-1] [INFO] [1783977238.553180261] [leo1.controller_server]: Passing new path to controller.
[controller_server-7] [INFO] [1783977239.267736102] [leo2.controller_server]: Passing new path to controller.
[controller_server-1] [INFO] [1783977239.603211814] [leo1.controller_server]: Passing new path to controller.
[controller_server-7] [INFO] [1783977240.317737835] [leo2.controller_server]: Passing new path to controller.
[controller_server-1] [INFO] [1783977240.653188411] [leo1.controller_server]: Passing new path to controller.
[controller_server-7] [INFO] [1783977241.367785322] [leo2.controller_server]: Passing new path to controller.
[controller_server-1] [INFO] [1783977241.653209583] [leo1.controller_server]: Passing new path to controller.
[controller_server-7] [INFO] [1783977242.367755980] [leo2.controller_server]: Passing new path to controller.
[controller_server-1] [INFO] [1783977242.703215819] [leo1.controller_server]: Passing new path to controller.
[controller_server-7] [INFO] [1783977243.417763992] [leo2.controller_server]: Passing new path to controller.
[controller_server-1] [INFO] [1783977243.703188865] [leo1.controller_server]: Passing new path to controller.
[controller_server-7] [INFO] [1783977244.417725279] [leo2.controller_server]: Passing new path to controller.
[controller_server-1] [INFO] [1783977244.753208952] [leo1.controller_server]: Passing new path to controller.
[controller_server-7] [INFO] [1783977245.467751537] [leo2.controller_server]: Passing new path to controller.
[controller_server-1] [INFO] [1783977245.803193120] [leo1.controller_server]: Passing new path to controller.
[controller_server-7] [INFO] [1783977246.517743310] [leo2.controller_server]: Passing new path to controller.
[controller_server-1] [INFO] [1783977246.803189999] [leo1.controller_server]: Passing new path to controller.
[controller_server-7] [INFO] [1783977247.517738663] [leo2.controller_server]: Passing new path to controller.
[controller_server-1] [INFO] [1783977247.853183529] [leo1.controller_server]: Passing new path to controller.
[controller_server-7] [INFO] [1783977248.567755893] [leo2.controller_server]: Passing new path to controller.
[controller_server-1] [INFO] [1783977248.853219870] [leo1.controller_server]: Passing new path to controller.
[controller_server-7] [INFO] [1783977249.617765355] [leo2.controller_server]: Passing new path to controller.
[controller_server-1] [INFO] [1783977249.903202225] [leo1.controller_server]: Passing new path to controller.
[controller_server-7] [ERROR] [1783977250.267780545] [leo2.controller_server]: Failed to make progress
[controller_server-7] [WARN] [1783977250.267863702] [leo2.controller_server]: [follow_path] [ActionServer] Aborting handle.
[controller_server-7] [INFO] [1783977250.286830550] [leo2.local_costmap.local_costmap]: Received request to clear entirely the local_costmap
[controller_server-7] [INFO] [1783977250.288052514] [leo2.controller_server]: Received a goal, begin computing control effort.
[controller_server-7] [WARN] [1783977250.449744199] [leo2.controller_server]: Control loop missed its desired rate of 20.0000Hz
[controller_server-7] [INFO] [1783977250.604726373] [leo2.controller_server]: Passing new path to controller.
[controller_server-1] [INFO] [1783977250.903201245] [leo1.controller_server]: Passing new path to controller.
[controller_server-7] [INFO] [1783977251.646730177] [leo2.controller_server]: Passing new path to controller.
[controller_server-1] [INFO] [1783977251.953187223] [leo1.controller_server]: Passing new path to controller.
[controller_server-1] [ERROR] [1783977252.053244083] [leo1.controller_server]: Failed to make progress
[controller_server-1] [WARN] [1783977252.053322124] [leo1.controller_server]: [follow_path] [ActionServer] Aborting handle.
[controller_server-1] [INFO] [1783977252.072359851] [leo1.local_costmap.local_costmap]: Received request to clear entirely the local_costmap
[controller_server-1] [INFO] [1783977252.073031021] [leo1.controller_server]: Received a goal, begin computing control effort.
[controller_server-1] [WARN] [1783977252.253507575] [leo1.controller_server]: Control loop missed its desired rate of 20.0000Hz
[controller_server-7] [INFO] [1783977252.699843327] [leo2.controller_server]: Passing new path to controller.
[controller_server-1] [INFO] [1783977253.007808578] [leo1.controller_server]: Passing new path to controller.
[controller_server-7] [INFO] [1783977253.699833579] [leo2.controller_server]: Passing new path to controller.
[controller_server-1] [INFO] [1783977254.024220872] [leo1.controller_server]: Passing new path to controller.
[controller_server-7] [INFO] [1783977254.749813205] [leo2.controller_server]: Passing new path to controller.
[controller_server-1] [INFO] [1783977255.040953143] [leo1.controller_server]: Passing new path to controller.
[controller_server-7] [INFO] [1783977255.749844056] [leo2.controller_server]: Passing new path to controller.
[controller_server-1] [INFO] [1783977256.053590468] [leo1.controller_server]: Passing new path to controller.
[controller_server-7] [INFO] [1783977256.799827490] [leo2.controller_server]: Passing new path to controller.
[controller_server-1] [INFO] [1783977257.103615964] [leo1.controller_server]: Passing new path to controller.
[controller_server-7] [INFO] [1783977257.849829940] [leo2.controller_server]: Passing new path to controller.
[controller_server-1] [INFO] [1783977258.153607493] [leo1.controller_server]: Passing new path to controller.
[controller_server-7] [INFO] [1783977258.849879311] [leo2.controller_server]: Passing new path to controller.
[controller_server-1] [INFO] [1783977259.153609006] [leo1.controller_server]: Passing new path to controller.
[controller_server-7] [INFO] [1783977259.899807441] [leo2.controller_server]: Passing new path to controller.
[controller_server-1] [INFO] [1783977260.203600108] [leo1.controller_server]: Passing new path to controller.
[controller_server-7] [INFO] [1783977260.899829701] [leo2.controller_server]: Passing new path to controller.
[controller_server-1] [WARN] [1783977262.477083736] [leo1.controller_server]: [follow_path] [ActionServer] Aborting handle.
[controller_server-7] [INFO] [1783977262.484117285] [leo2.controller_server]: Passing new path to controller.
[controller_server-1] [INFO] [1783977262.487873323] [leo1.controller_server]: Passing new path to controller.
[controller_server-7] [INFO] [1783977263.534103742] [leo2.controller_server]: Passing new path to controller.
[controller_server-1] [INFO] [1783977263.537848489] [leo1.controller_server]: Passing new path to controller.
[controller_server-7] [INFO] [1783977264.534124948] [leo2.controller_server]: Passing new path to controller.
[controller_server-1] [INFO] [1783977264.537936021] [leo1.controller_server]: Passing new path to controller.
[controller_server-7] [INFO] [1783977265.584117192] [leo2.controller_server]: Passing new path to controller.
[controller_server-1] [INFO] [1783977265.587887799] [leo1.controller_server]: Passing new path to controller.
[controller_server-1] [INFO] [1783977266.587901291] [leo1.controller_server]: Passing new path to controller.
[controller_server-7] [INFO] [1783977266.634140506] [leo2.controller_server]: Passing new path to controller.
[controller_server-7] [ERROR] [1783977267.234182309] [leo2.controller_server]: Failed to make progress
[controller_server-7] [WARN] [1783977267.234309536] [leo2.controller_server]: [follow_path] [ActionServer] Aborting handle.
[behavior_server-9] [INFO] [1783977267.251824628] [leo2.behavior_server]: Running wait
[bt_navigator-10] [ERROR] [1783977267.521458943] [leo2.bt_navigator_navigate_to_pose_rclcpp_node]: Failed to get result for wait in node halt!
[bt_navigator-10] [INFO] [1783977267.521543345] [leo2.bt_navigator]: [navigate_to_pose] [ActionServer] Client requested to cancel the goal. Cancelling.
[bt_navigator-10] [INFO] [1783977267.522290417] [leo2.bt_navigator]: Goal canceled
[behavior_server-9] [INFO] [1783977267.552030159] [leo2.behavior_server]: Canceling wait
[behavior_server-9] [INFO] [1783977267.552288742] [leo2.behavior_server]: [wait] [ActionServer] Client requested to cancel the goal. Cancelling.
[controller_server-1] [INFO] [1783977267.637893842] [leo1.controller_server]: Passing new path to controller.
[controller_server-1] [INFO] [1783977268.687891289] [leo1.controller_server]: Passing new path to controller.
[controller_server-1] [ERROR] [1783977269.137942236] [leo1.controller_server]: Failed to make progress
[controller_server-1] [WARN] [1783977269.138086700] [leo1.controller_server]: [follow_path] [ActionServer] Aborting handle.
[controller_server-1] [INFO] [1783977269.156691325] [leo1.local_costmap.local_costmap]: Received request to clear entirely the local_costmap
[planner_server-2] [INFO] [1783977269.157024089] [leo1.global_costmap.global_costmap]: Received request to clear entirely the global_costmap
[controller_server-1] [INFO] [1783977269.197188357] [leo1.controller_server]: Received a goal, begin computing control effort.
[controller_server-1] [WARN] [1783977269.277594669] [leo1.controller_server]: Control loop missed its desired rate of 20.0000Hz
[controller_server-1] [INFO] [1783977270.247315836] [leo1.controller_server]: Passing new path to controller.
[controller_server-1] [INFO] [1783977271.297270577] [leo1.controller_server]: Passing new path to controller.
[controller_server-1] [INFO] [1783977271.662476397] [leo1.local_costmap.local_costmap]: Received request to clear entirely the local_costmap
[planner_server-2] [INFO] [1783977271.662529872] [leo1.global_costmap.global_costmap]: Received request to clear entirely the global_costmap
[bt_navigator-10] [INFO] [1783977271.686031606] [leo2.bt_navigator]: Begin navigating from current location (3.11, 1.53) to (2.30, -0.16)
[controller_server-7] [INFO] [1783977271.707008360] [leo2.controller_server]: Received a goal, begin computing control effort.
[controller_server-1] [INFO] [1783977272.297313152] [leo1.controller_server]: Passing new path to controller.
[controller_server-7] [INFO] [1783977272.757171990] [leo2.controller_server]: Passing new path to controller.
[controller_server-1] [INFO] [1783977273.347316627] [leo1.controller_server]: Passing new path to controller.
[controller_server-7] [INFO] [1783977273.807195902] [leo2.controller_server]: Passing new path to controller.
[controller_server-1] [INFO] [1783977274.347311672] [leo1.controller_server]: Passing new path to controller.
[controller_server-7] [INFO] [1783977274.807181337] [leo2.controller_server]: Passing new path to controller.
[controller_server-1] [INFO] [1783977275.397337298] [leo1.controller_server]: Passing new path to controller.
[controller_server-7] [INFO] [1783977275.857211301] [leo2.controller_server]: Passing new path to controller.
[controller_server-1] [INFO] [1783977276.447328848] [leo1.controller_server]: Passing new path to controller.
[controller_server-7] [INFO] [1783977276.857214565] [leo2.controller_server]: Passing new path to controller.
[controller_server-1] [INFO] [1783977277.447316817] [leo1.controller_server]: Passing new path to controller.
[controller_server-7] [INFO] [1783977277.907194447] [leo2.controller_server]: Passing new path to controller.
[controller_server-1] [INFO] [1783977278.497324537] [leo1.controller_server]: Passing new path to controller.
[controller_server-7] [INFO] [1783977278.957182412] [leo2.controller_server]: Passing new path to controller.
[controller_server-1] [INFO] [1783977279.497305047] [leo1.controller_server]: Passing new path to controller.
[controller_server-7] [INFO] [1783977279.957189337] [leo2.controller_server]: Passing new path to controller.
[controller_server-1] [INFO] [1783977280.547323231] [leo1.controller_server]: Passing new path to controller.
[controller_server-7] [INFO] [1783977281.007203939] [leo2.controller_server]: Passing new path to controller.
[controller_server-1] [INFO] [1783977281.597334134] [leo1.controller_server]: Passing new path to controller.
[controller_server-7] [INFO] [1783977282.057203497] [leo2.controller_server]: Passing new path to controller.
[controller_server-1] [INFO] [1783977282.597353420] [leo1.controller_server]: Passing new path to controller.
[controller_server-7] [INFO] [1783977283.057219105] [leo2.controller_server]: Passing new path to controller.
[controller_server-1] [INFO] [1783977283.647336425] [leo1.controller_server]: Passing new path to controller.
[controller_server-7] [INFO] [1783977284.107248602] [leo2.controller_server]: Passing new path to controller.
[controller_server-1] [ERROR] [1783977284.597416331] [leo1.controller_server]: Failed to make progress
[controller_server-1] [WARN] [1783977284.597565582] [leo1.controller_server]: [follow_path] [ActionServer] Aborting handle.
[controller_server-1] [INFO] [1783977284.616728459] [leo1.local_costmap.local_costmap]: Received request to clear entirely the local_costmap
[controller_server-1] [INFO] [1783977284.617545021] [leo1.controller_server]: Received a goal, begin computing control effort.
[controller_server-1] [INFO] [1783977284.667713431] [leo1.controller_server]: Passing new path to controller.
[controller_server-1] [WARN] [1783977284.688661166] [leo1.controller_server]: Control loop missed its desired rate of 20.0000Hz
[controller_server-7] [INFO] [1783977285.107238457] [leo2.controller_server]: Passing new path to controller.
[controller_server-1] [INFO] [1783977285.717679164] [leo1.controller_server]: Passing new path to controller.
[controller_server-7] [INFO] [1783977286.157174618] [leo2.controller_server]: Passing new path to controller.
[controller_server-1] [INFO] [1783977286.717680445] [leo1.controller_server]: Passing new path to controller.
[controller_server-7] [ERROR] [1783977287.007220341] [leo2.controller_server]: Failed to make progress
[controller_server-7] [WARN] [1783977287.007299741] [leo2.controller_server]: [follow_path] [ActionServer] Aborting handle.
[controller_server-7] [INFO] [1783977287.026284366] [leo2.local_costmap.local_costmap]: Received request to clear entirely the local_costmap
[controller_server-7] [INFO] [1783977287.027523885] [leo2.controller_server]: Received a goal, begin computing control effort.
[controller_server-7] [WARN] [1783977287.088447478] [leo2.controller_server]: Control loop missed its desired rate of 20.0000Hz
[controller_server-7] [INFO] [1783977287.177693332] [leo2.controller_server]: Passing new path to controller.
[controller_server-1] [INFO] [1783977287.767693467] [leo1.controller_server]: Passing new path to controller.
[controller_server-7] [INFO] [1783977288.227628135] [leo2.controller_server]: Passing new path to controller.
[controller_server-1] [INFO] [1783977288.767697449] [leo1.controller_server]: Passing new path to controller.
[controller_server-7] [INFO] [1783977289.227636327] [leo2.controller_server]: Passing new path to controller.
[controller_server-1] [INFO] [1783977289.817760357] [leo1.controller_server]: Passing new path to controller.
[controller_server-7] [INFO] [1783977290.277657380] [leo2.controller_server]: Passing new path to controller.
[controller_server-1] [INFO] [1783977290.817683707] [leo1.controller_server]: Passing new path to controller.
[controller_server-7] [INFO] [1783977291.277671604] [leo2.controller_server]: Passing new path to controller.
[controller_server-1] [INFO] [1783977291.867706730] [leo1.controller_server]: Passing new path to controller.
[controller_server-7] [INFO] [1783977292.327665872] [leo2.controller_server]: Passing new path to controller.
[controller_server-1] [INFO] [1783977293.972809992] [leo1.controller_server]: Passing new path to controller.
[controller_server-7] [INFO] [1783977293.982754557] [leo2.controller_server]: Passing new path to controller.
[controller_server-1] [INFO] [1783977295.022790662] [leo1.controller_server]: Passing new path to controller.
[controller_server-7] [INFO] [1783977295.032744996] [leo2.controller_server]: Passing new path to controller.
[controller_server-7] [INFO] [1783977296.032763733] [leo2.controller_server]: Passing new path to controller.
[controller_server-1] [INFO] [1783977296.072809467] [leo1.controller_server]: Passing new path to controller.
[controller_server-1] [INFO] [1783977297.072786741] [leo1.controller_server]: Passing new path to controller.
[controller_server-7] [INFO] [1783977297.082738564] [leo2.controller_server]: Passing new path to controller.
[controller_server-1] [INFO] [1783977298.072805526] [leo1.controller_server]: Passing new path to controller.
[controller_server-7] [INFO] [1783977298.132743117] [leo2.controller_server]: Passing new path to controller.
[controller_server-1] [INFO] [1783977299.122776660] [leo1.controller_server]: Passing new path to controller.
[controller_server-7] [INFO] [1783977299.132734701] [leo2.controller_server]: Passing new path to controller.
[controller_server-1] [INFO] [1783977300.122802773] [leo1.controller_server]: Passing new path to controller.
[controller_server-7] [INFO] [1783977300.182748632] [leo2.controller_server]: Passing new path to controller.
[controller_server-1] [INFO] [1783977301.172827517] [leo1.controller_server]: Passing new path to controller.
[controller_server-7] [INFO] [1783977301.182749436] [leo2.controller_server]: Passing new path to controller.
[controller_server-1] [ERROR] [1783977301.422836743] [leo1.controller_server]: Failed to make progress
[controller_server-1] [WARN] [1783977301.422958109] [leo1.controller_server]: [follow_path] [ActionServer] Aborting handle.
[behavior_server-3] [INFO] [1783977301.441987408] [leo1.behavior_server]: Running spin
[behavior_server-3] [INFO] [1783977301.442122659] [leo1.behavior_server]: Turning 1.57 for spin behavior.
[controller_server-7] [INFO] [1783977302.232753343] [leo2.controller_server]: Passing new path to controller.
[controller_server-7] [INFO] [1783977303.232754413] [leo2.controller_server]: Passing new path to controller.
[controller_server-7] [INFO] [1783977304.282742032] [leo2.controller_server]: Passing new path to controller.
[controller_server-7] [INFO] [1783977305.332742062] [leo2.controller_server]: Passing new path to controller.
[controller_server-7] [INFO] [1783977306.332752073] [leo2.controller_server]: Passing new path to controller.
[controller_server-7] [INFO] [1783977307.382731493] [leo2.controller_server]: Passing new path to controller.
[behavior_server-3] [INFO] [1783977307.442293300] [leo1.behavior_server]: spin completed successfully
[controller_server-1] [INFO] [1783977307.492341928] [leo1.controller_server]: Received a goal, begin computing control effort.
[controller_server-7] [INFO] [1783977308.382757772] [leo2.controller_server]: Passing new path to controller.
[controller_server-1] [INFO] [1783977308.542528529] [leo1.controller_server]: Passing new path to controller.
[controller_server-7] [INFO] [1783977309.432757493] [leo2.controller_server]: Passing new path to controller.
[controller_server-1] [INFO] [1783977309.592532959] [leo1.controller_server]: Passing new path to controller.
[controller_server-7] [INFO] [1783977309.914484931] [leo2.local_costmap.local_costmap]: Received request to clear entirely the local_costmap
[planner_server-8] [INFO] [1783977309.914586071] [leo2.global_costmap.global_costmap]: Received request to clear entirely the global_costmap
[bt_navigator-4] [ERROR] [1783977309.942454486] [leo1.bt_navigator_navigate_to_pose_rclcpp_node]: Failed to get result for follow_path in node halt!
[bt_navigator-4] [INFO] [1783977309.942529117] [leo1.bt_navigator]: [navigate_to_pose] [ActionServer] Client requested to cancel the goal. Cancelling.
[controller_server-1] [INFO] [1783977309.942558124] [leo1.controller_server]: Goal was canceled. Stopping the robot.
[controller_server-1] [INFO] [1783977309.942599743] [leo1.controller_server]: [follow_path] [ActionServer] Client requested to cancel the goal. Cancelling.
[bt_navigator-4] [INFO] [1783977309.943176522] [leo1.bt_navigator]: Goal canceled
[controller_server-7] [INFO] [1783977310.482756344] [leo2.controller_server]: Passing new path to controller.
[controller_server-7] [INFO] [1783977311.482724543] [leo2.controller_server]: Passing new path to controller.
[controller_server-7] [INFO] [1783977312.532743349] [leo2.controller_server]: Passing new path to controller.
[controller_server-7] [INFO] [1783977313.532739878] [leo2.controller_server]: Passing new path to controller.
[bt_navigator-4] [INFO] [1783977314.052211028] [leo1.bt_navigator]: Begin navigating from current location (4.10, 1.58) to (3.05, 6.58)
[controller_server-1] [INFO] [1783977314.073181524] [leo1.controller_server]: Received a goal, begin computing control effort.
[controller_server-7] [INFO] [1783977314.582750311] [leo2.controller_server]: Passing new path to controller.
[controller_server-1] [INFO] [1783977315.123382427] [leo1.controller_server]: Passing new path to controller.
[controller_server-7] [INFO] [1783977315.582759007] [leo2.controller_server]: Passing new path to controller.
[controller_server-1] [INFO] [1783977316.173369055] [leo1.controller_server]: Passing new path to controller.
[controller_server-7] [INFO] [1783977316.632765211] [leo2.controller_server]: Passing new path to controller.
[controller_server-1] [INFO] [1783977317.173369016] [leo1.controller_server]: Passing new path to controller.
[controller_server-7] [INFO] [1783977317.682741219] [leo2.controller_server]: Passing new path to controller.
[controller_server-1] [INFO] [1783977318.223383737] [leo1.controller_server]: Passing new path to controller.
[controller_server-7] [INFO] [1783977318.682711541] [leo2.controller_server]: Passing new path to controller.
[controller_server-1] [INFO] [1783977319.273338491] [leo1.controller_server]: Passing new path to controller.
[controller_server-7] [INFO] [1783977319.732741672] [leo2.controller_server]: Passing new path to controller.
[controller_server-1] [INFO] [1783977320.273346089] [leo1.controller_server]: Passing new path to controller.
[controller_server-7] [INFO] [1783977320.732738019] [leo2.controller_server]: Passing new path to controller.
[controller_server-1] [INFO] [1783977321.323337350] [leo1.controller_server]: Passing new path to controller.
[controller_server-7] [INFO] [1783977321.782738094] [leo2.controller_server]: Passing new path to controller.
[controller_server-1] [INFO] [1783977322.323340502] [leo1.controller_server]: Passing new path to controller.
[controller_server-7] [INFO] [1783977322.832734480] [leo2.controller_server]: Passing new path to controller.
[controller_server-1] [INFO] [1783977323.373376007] [leo1.controller_server]: Passing new path to controller.
[controller_server-7] [INFO] [1783977323.832786070] [leo2.controller_server]: Passing new path to controller.
[controller_server-1] [INFO] [1783977325.726562999] [leo1.controller_server]: Passing new path to controller.
[controller_server-7] [INFO] [1783977325.735945270] [leo2.controller_server]: Passing new path to controller.
[controller_server-1] [INFO] [1783977325.776569402] [leo1.controller_server]: Passing new path to controller.
[controller_server-1] [INFO] [1783977326.776545191] [leo1.controller_server]: Passing new path to controller.
[controller_server-7] [INFO] [1783977326.785950340] [leo2.controller_server]: Passing new path to controller.
[controller_server-1] [INFO] [1783977327.826581298] [leo1.controller_server]: Passing new path to controller.
[controller_server-7] [INFO] [1783977327.835977208] [leo2.controller_server]: Passing new path to controller.
[controller_server-1] [INFO] [1783977328.826551262] [leo1.controller_server]: Passing new path to controller.
[controller_server-7] [INFO] [1783977328.835909288] [leo2.controller_server]: Passing new path to controller.
[controller_server-1] [INFO] [1783977329.876544485] [leo1.controller_server]: Passing new path to controller.
[controller_server-7] [INFO] [1783977329.885949912] [leo2.controller_server]: Passing new path to controller.
[controller_server-7] [INFO] [1783977330.885908237] [leo2.controller_server]: Passing new path to controller.
[controller_server-1] [INFO] [1783977330.926538516] [leo1.controller_server]: Passing new path to controller.
[planner_server-2] [INFO] [1783977331.233946354] [leo1.global_costmap.global_costmap]: StaticLayer: Resizing costmap to 279 X 280 at 0.050000 m/pix
[controller_server-1] [INFO] [1783977331.926544800] [leo1.controller_server]: Passing new path to controller.
[controller_server-7] [INFO] [1783977331.935931619] [leo2.controller_server]: Passing new path to controller.
[controller_server-1] [INFO] [1783977332.976526870] [leo1.controller_server]: Passing new path to controller.
[controller_server-7] [INFO] [1783977332.985941832] [leo2.controller_server]: Passing new path to controller.
[controller_server-1] [INFO] [1783977333.976562703] [leo1.controller_server]: Passing new path to controller.
[controller_server-7] [INFO] [1783977333.985963321] [leo2.controller_server]: Passing new path to controller.
[controller_server-1] [INFO] [1783977335.026565645] [leo1.controller_server]: Passing new path to controller.
[controller_server-7] [INFO] [1783977335.035961223] [leo2.controller_server]: Passing new path to controller.
[controller_server-7] [INFO] [1783977336.035955471] [leo2.controller_server]: Passing new path to controller.
[controller_server-1] [INFO] [1783977336.076560989] [leo1.controller_server]: Passing new path to controller.
[controller_server-1] [INFO] [1783977337.076527508] [leo1.controller_server]: Passing new path to controller.
[controller_server-7] [INFO] [1783977337.085922380] [leo2.controller_server]: Passing new path to controller.
[controller_server-1] [INFO] [1783977338.126539315] [leo1.controller_server]: Passing new path to controller.
[controller_server-7] [INFO] [1783977338.135930370] [leo2.controller_server]: Passing new path to controller.
[controller_server-1] [INFO] [1783977339.126543033] [leo1.controller_server]: Passing new path to controller.
[controller_server-7] [INFO] [1783977339.135912075] [leo2.controller_server]: Passing new path to controller.
[planner_server-2] [INFO] [1783977339.433972161] [leo1.global_costmap.global_costmap]: StaticLayer: Resizing costmap to 279 X 280 at 0.050000 m/pix
[controller_server-1] [INFO] [1783977340.176543745] [leo1.controller_server]: Passing new path to controller.
[controller_server-7] [INFO] [1783977340.185925712] [leo2.controller_server]: Passing new path to controller.
[controller_server-7] [INFO] [1783977341.185930749] [leo2.controller_server]: Passing new path to controller.
[controller_server-1] [INFO] [1783977341.226572282] [leo1.controller_server]: Passing new path to controller.
[controller_server-1] [INFO] [1783977342.226572065] [leo1.controller_server]: Passing new path to controller.
[controller_server-7] [INFO] [1783977342.235973379] [leo2.controller_server]: Passing new path to controller.
[controller_server-1] [INFO] [1783977343.276585281] [leo1.controller_server]: Passing new path to controller.
[controller_server-7] [INFO] [1783977343.285965204] [leo2.controller_server]: Passing new path to controller.
[controller_server-1] [INFO] [1783977344.276554985] [leo1.controller_server]: Passing new path to controller.
[controller_server-7] [INFO] [1783977344.285929289] [leo2.controller_server]: Passing new path to controller.
[controller_server-1] [INFO] [1783977345.326576661] [leo1.controller_server]: Passing new path to controller.
[controller_server-7] [INFO] [1783977345.335954250] [leo2.controller_server]: Passing new path to controller.
[controller_server-7] [INFO] [1783977346.335939726] [leo2.controller_server]: Passing new path to controller.
[controller_server-1] [INFO] [1783977346.376531587] [leo1.controller_server]: Passing new path to controller.
[controller_server-1] [INFO] [1783977347.376541893] [leo1.controller_server]: Passing new path to controller.
[controller_server-7] [INFO] [1783977347.385930304] [leo2.controller_server]: Passing new path to controller.
[controller_server-7] [INFO] [1783977348.385952902] [leo2.controller_server]: Passing new path to controller.
[controller_server-1] [INFO] [1783977348.426535658] [leo1.controller_server]: Passing new path to controller.
[controller_server-1] [INFO] [1783977349.426573861] [leo1.controller_server]: Passing new path to controller.
[planner_server-2] [INFO] [1783977349.434014756] [leo1.global_costmap.global_costmap]: StaticLayer: Resizing costmap to 280 X 280 at 0.050000 m/pix
[controller_server-7] [INFO] [1783977349.435956292] [leo2.controller_server]: Passing new path to controller.
[controller_server-1] [INFO] [1783977350.476578104] [leo1.controller_server]: Passing new path to controller.
[controller_server-7] [INFO] [1783977350.485966480] [leo2.controller_server]: Passing new path to controller.
[controller_server-7] [INFO] [1783977351.485966414] [leo2.controller_server]: Passing new path to controller.
[controller_server-1] [INFO] [1783977351.526590022] [leo1.controller_server]: Passing new path to controller.
[bt_navigator-4] [INFO] [1783977352.305638024] [leo1.bt_navigator]: Received goal preemption request
[bt_navigator-4] [INFO] [1783977352.306378169] [leo1.bt_navigator]: Begin navigating from current location (3.19, 6.38) to (5.91, 4.28)
[controller_server-1] [INFO] [1783977352.426802043] [leo1.controller_server]: Reached the goal!
[bt_navigator-4] [INFO] [1783977352.466196184] [leo1.bt_navigator]: Goal succeeded
[controller_server-7] [INFO] [1783977352.535938606] [leo2.controller_server]: Passing new path to controller.
[controller_server-7] [INFO] [1783977353.535928257] [leo2.controller_server]: Passing new path to controller.
[controller_server-7] [INFO] [1783977354.585923638] [leo2.controller_server]: Passing new path to controller.
[controller_server-7] [INFO] [1783977355.585927397] [leo2.controller_server]: Passing new path to controller.
[controller_server-7] [INFO] [1783977357.302489330] [leo2.controller_server]: Passing new path to controller.
[bt_navigator-4] [INFO] [1783977357.944254014] [leo1.bt_navigator]: Begin navigating from current location (3.19, 6.38) to (-3.79, -5.87)
[controller_server-1] [INFO] [1783977357.966316798] [leo1.controller_server]: Received a goal, begin computing control effort.
[controller_server-7] [INFO] [1783977358.352485017] [leo2.controller_server]: Passing new path to controller.
[controller_server-1] [INFO] [1783977359.016504274] [leo1.controller_server]: Passing new path to controller.
[controller_server-7] [INFO] [1783977359.402489125] [leo2.controller_server]: Passing new path to controller.
[controller_server-1] [INFO] [1783977360.066516239] [leo1.controller_server]: Passing new path to controller.
[controller_server-7] [INFO] [1783977360.402498953] [leo2.controller_server]: Passing new path to controller.
[controller_server-1] [INFO] [1783977361.066514498] [leo1.controller_server]: Passing new path to controller.
[controller_server-7] [INFO] [1783977361.452480104] [leo2.controller_server]: Passing new path to controller.
[controller_server-1] [INFO] [1783977362.116515754] [leo1.controller_server]: Passing new path to controller.
[controller_server-7] [INFO] [1783977362.452460551] [leo2.controller_server]: Passing new path to controller.
[controller_server-1] [INFO] [1783977363.116511756] [leo1.controller_server]: Passing new path to controller.
[controller_server-7] [INFO] [1783977363.502505354] [leo2.controller_server]: Passing new path to controller.
[controller_server-1] [INFO] [1783977364.166504855] [leo1.controller_server]: Passing new path to controller.
[controller_server-7] [INFO] [1783977364.552487214] [leo2.controller_server]: Passing new path to controller.
[controller_server-1] [INFO] [1783977365.216490418] [leo1.controller_server]: Passing new path to controller.
[controller_server-7] [INFO] [1783977365.552489366] [leo2.controller_server]: Passing new path to controller.
[controller_server-1] [INFO] [1783977366.216495015] [leo1.controller_server]: Passing new path to controller.
[controller_server-7] [INFO] [1783977366.602449049] [leo2.controller_server]: Passing new path to controller.
[controller_server-7] [ERROR] [1783977367.052495772] [leo2.controller_server]: Failed to make progress
[controller_server-7] [WARN] [1783977367.052579972] [leo2.controller_server]: [follow_path] [ActionServer] Aborting handle.
[controller_server-7] [INFO] [1783977367.071165824] [leo2.local_costmap.local_costmap]: Received request to clear entirely the local_costmap
[planner_server-8] [INFO] [1783977367.071571939] [leo2.global_costmap.global_costmap]: Received request to clear entirely the global_costmap
[controller_server-7] [INFO] [1783977367.221641138] [leo2.controller_server]: Received a goal, begin computing control effort.
[controller_server-1] [INFO] [1783977367.266492189] [leo1.controller_server]: Passing new path to controller.
[controller_server-1] [INFO] [1783977368.266502342] [leo1.controller_server]: Passing new path to controller.
[controller_server-7] [INFO] [1783977368.271786563] [leo2.controller_server]: Passing new path to controller.
[controller_server-1] [INFO] [1783977369.316519414] [leo1.controller_server]: Passing new path to controller.
[controller_server-7] [INFO] [1783977369.321857861] [leo2.controller_server]: Passing new path to controller.
[controller_server-7] [INFO] [1783977370.321770907] [leo2.controller_server]: Passing new path to controller.
[controller_server-1] [INFO] [1783977370.366496635] [leo1.controller_server]: Passing new path to controller.
[controller_server-1] [INFO] [1783977371.366478205] [leo1.controller_server]: Passing new path to controller.
[controller_server-7] [INFO] [1783977371.371760748] [leo2.controller_server]: Passing new path to controller.
[controller_server-7] [INFO] [1783977372.371767206] [leo2.controller_server]: Passing new path to controller.
[controller_server-1] [INFO] [1783977372.416531548] [leo1.controller_server]: Passing new path to controller.
[controller_server-1] [INFO] [1783977373.416492144] [leo1.controller_server]: Passing new path to controller.
[controller_server-7] [INFO] [1783977373.421762737] [leo2.controller_server]: Passing new path to controller.
[controller_server-7] [INFO] [1783977373.921749809] [leo2.controller_server]: Goal was canceled. Stopping the robot.
[controller_server-7] [INFO] [1783977373.921785562] [leo2.controller_server]: [follow_path] [ActionServer] Client requested to cancel the goal. Cancelling.
[bt_navigator-10] [INFO] [1783977373.922030878] [leo2.bt_navigator]: [navigate_to_pose] [ActionServer] Client requested to cancel the goal. Cancelling.
[bt_navigator-10] [INFO] [1783977373.922832052] [leo2.bt_navigator]: Goal canceled
[controller_server-1] [INFO] [1783977374.466496753] [leo1.controller_server]: Passing new path to controller.
[controller_server-1] [INFO] [1783977375.516518672] [leo1.controller_server]: Passing new path to controller.
[controller_server-1] [INFO] [1783977376.516496923] [leo1.controller_server]: Passing new path to controller.
[controller_server-1] [INFO] [1783977377.566501179] [leo1.controller_server]: Passing new path to controller.
[bt_navigator-10] [INFO] [1783977377.973496576] [leo2.bt_navigator]: Begin navigating from current location (2.42, -0.37) to (2.25, 1.19)
[controller_server-7] [INFO] [1783977377.994832060] [leo2.controller_server]: Received a goal, begin computing control effort.
[controller_server-1] [INFO] [1783977378.566492010] [leo1.controller_server]: Passing new path to controller.
[controller_server-7] [INFO] [1783977379.045002835] [leo2.controller_server]: Passing new path to controller.
[planner_server-2] [INFO] [1783977379.400502005] [leo1.global_costmap.global_costmap]: StaticLayer: Resizing costmap to 280 X 280 at 0.050000 m/pix
[controller_server-1] [INFO] [1783977379.616520466] [leo1.controller_server]: Passing new path to controller.
[controller_server-7] [INFO] [1783977380.094957758] [leo2.controller_server]: Passing new path to controller.
[controller_server-1] [INFO] [1783977380.666494244] [leo1.controller_server]: Passing new path to controller.
[controller_server-7] [INFO] [1783977381.094961977] [leo2.controller_server]: Passing new path to controller.
[controller_server-1] [INFO] [1783977381.666489384] [leo1.controller_server]: Passing new path to controller.
[controller_server-7] [INFO] [1783977382.144954118] [leo2.controller_server]: Passing new path to controller.
[controller_server-1] [INFO] [1783977382.716521075] [leo1.controller_server]: Passing new path to controller.
[controller_server-7] [INFO] [1783977383.144982831] [leo2.controller_server]: Passing new path to controller.
[controller_server-1] [INFO] [1783977383.716508721] [leo1.controller_server]: Passing new path to controller.
[controller_server-7] [INFO] [1783977384.194973375] [leo2.controller_server]: Passing new path to controller.
[controller_server-1] [INFO] [1783977384.766510161] [leo1.controller_server]: Passing new path to controller.
[controller_server-7] [INFO] [1783977385.244976948] [leo2.controller_server]: Passing new path to controller.
[controller_server-1] [INFO] [1783977385.816515069] [leo1.controller_server]: Passing new path to controller.
[controller_server-7] [INFO] [1783977386.244978313] [leo2.controller_server]: Passing new path to controller.
[controller_server-1] [INFO] [1783977386.816496321] [leo1.controller_server]: Passing new path to controller.
[controller_server-7] [INFO] [1783977388.755114926] [leo2.controller_server]: Passing new path to controller.
[controller_server-1] [INFO] [1783977388.776646675] [leo1.controller_server]: Passing new path to controller.
[controller_server-7] [INFO] [1783977388.805104621] [leo2.controller_server]: Passing new path to controller.
[controller_server-7] [INFO] [1783977389.805093771] [leo2.controller_server]: Passing new path to controller.
[controller_server-1] [INFO] [1783977389.826620240] [leo1.controller_server]: Passing new path to controller.
[controller_server-1] [INFO] [1783977390.826651902] [leo1.controller_server]: Passing new path to controller.
[controller_server-7] [INFO] [1783977390.855111827] [leo2.controller_server]: Passing new path to controller.
[controller_server-7] [INFO] [1783977391.855109877] [leo2.controller_server]: Passing new path to controller.
[controller_server-1] [INFO] [1783977391.876645316] [leo1.controller_server]: Passing new path to controller.
[controller_server-1] [INFO] [1783977392.876650997] [leo1.controller_server]: Passing new path to controller.
[controller_server-7] [INFO] [1783977392.905115058] [leo2.controller_server]: Passing new path to controller.
[controller_server-1] [INFO] [1783977393.926650135] [leo1.controller_server]: Passing new path to controller.
[controller_server-7] [INFO] [1783977393.955137853] [leo2.controller_server]: Passing new path to controller.
[controller_server-7] [INFO] [1783977394.955136205] [leo2.controller_server]: Passing new path to controller.
[controller_server-1] [INFO] [1783977394.976651899] [leo1.controller_server]: Passing new path to controller.
[controller_server-1] [INFO] [1783977395.976647037] [leo1.controller_server]: Passing new path to controller.
[controller_server-7] [INFO] [1783977396.005094475] [leo2.controller_server]: Passing new path to controller.
[controller_server-7] [INFO] [1783977397.005113091] [leo2.controller_server]: Passing new path to controller.
[controller_server-1] [INFO] [1783977397.026664656] [leo1.controller_server]: Passing new path to controller.
[controller_server-1] [INFO] [1783977398.026655962] [leo1.controller_server]: Passing new path to controller.
[controller_server-7] [INFO] [1783977398.055119181] [leo2.controller_server]: Passing new path to controller.
[controller_server-1] [INFO] [1783977399.076642396] [leo1.controller_server]: Passing new path to controller.
[controller_server-7] [INFO] [1783977399.105096468] [leo2.controller_server]: Passing new path to controller.
[planner_server-2] [INFO] [1783977399.460662982] [leo1.global_costmap.global_costmap]: StaticLayer: Resizing costmap to 280 X 279 at 0.050000 m/pix
[controller_server-7] [INFO] [1783977400.105117527] [leo2.controller_server]: Passing new path to controller.
[controller_server-1] [INFO] [1783977400.126635588] [leo1.controller_server]: Passing new path to controller.
[controller_server-1] [INFO] [1783977401.126618705] [leo1.controller_server]: Passing new path to controller.
[controller_server-7] [INFO] [1783977401.155131504] [leo2.controller_server]: Passing new path to controller.
[controller_server-7] [INFO] [1783977402.155119420] [leo2.controller_server]: Passing new path to controller.
[controller_server-1] [INFO] [1783977402.176662888] [leo1.controller_server]: Passing new path to controller.
[controller_server-1] [INFO] [1783977403.176652638] [leo1.controller_server]: Passing new path to controller.
[controller_server-7] [INFO] [1783977403.205162480] [leo2.controller_server]: Passing new path to controller.
[controller_server-1] [INFO] [1783977404.226585877] [leo1.controller_server]: Passing new path to controller.
[controller_server-7] [INFO] [1783977404.255107772] [leo2.controller_server]: Passing new path to controller.
[controller_server-1] [INFO] [1783977405.226624305] [leo1.controller_server]: Passing new path to controller.
[controller_server-7] [INFO] [1783977405.255117124] [leo2.controller_server]: Passing new path to controller.
[controller_server-1] [INFO] [1783977406.276632814] [leo1.controller_server]: Passing new path to controller.
[controller_server-7] [INFO] [1783977406.305147505] [leo2.controller_server]: Passing new path to controller.
[controller_server-7] [INFO] [1783977407.305100819] [leo2.controller_server]: Passing new path to controller.
[controller_server-1] [INFO] [1783977407.326651871] [leo1.controller_server]: Passing new path to controller.
[controller_server-1] [INFO] [1783977408.326660946] [leo1.controller_server]: Passing new path to controller.
[controller_server-7] [INFO] [1783977408.355124463] [leo2.controller_server]: Passing new path to controller.
[controller_server-7] [INFO] [1783977409.355112493] [leo2.controller_server]: Passing new path to controller.
[controller_server-1] [INFO] [1783977409.376662600] [leo1.controller_server]: Passing new path to controller.
[controller_server-1] [INFO] [1783977410.376708213] [leo1.controller_server]: Passing new path to controller.
[controller_server-7] [INFO] [1783977410.405152687] [leo2.controller_server]: Passing new path to controller.
[controller_server-7] [INFO] [1783977411.405118617] [leo2.controller_server]: Passing new path to controller.
[controller_server-1] [INFO] [1783977411.426649380] [leo1.controller_server]: Passing new path to controller.
[bt_navigator-10] [INFO] [1783977411.623768165] [leo2.bt_navigator]: Received goal preemption request
[bt_navigator-10] [INFO] [1783977411.624454959] [leo2.bt_navigator]: Begin navigating from current location (2.46, 1.41) to (3.15, 6.39)
[controller_server-7] [INFO] [1783977412.455094343] [leo2.controller_server]: Passing new path to controller.
[controller_server-1] [INFO] [1783977412.476631978] [leo1.controller_server]: Passing new path to controller.
[controller_server-1] [INFO] [1783977413.476626173] [leo1.controller_server]: Passing new path to controller.
[controller_server-7] [INFO] [1783977413.505110905] [leo2.controller_server]: Passing new path to controller.
[controller_server-7] [INFO] [1783977414.505102607] [leo2.controller_server]: Passing new path to controller.
[controller_server-1] [INFO] [1783977414.526623967] [leo1.controller_server]: Passing new path to controller.
[controller_server-1] [INFO] [1783977415.526622007] [leo1.controller_server]: Passing new path to controller.
[controller_server-7] [INFO] [1783977415.555103420] [leo2.controller_server]: Passing new path to controller.
[controller_server-7] [INFO] [1783977416.555121449] [leo2.controller_server]: Passing new path to controller.
[controller_server-1] [INFO] [1783977416.576660358] [leo1.controller_server]: Passing new path to controller.
[controller_server-7] [INFO] [1783977417.605155092] [leo2.controller_server]: Passing new path to controller.
[controller_server-1] [INFO] [1783977417.626640028] [leo1.controller_server]: Passing new path to controller.
[controller_server-1] [INFO] [1783977418.626709701] [leo1.controller_server]: Passing new path to controller.
[controller_server-7] [INFO] [1783977418.655128742] [leo2.controller_server]: Passing new path to controller.
[controller_server-1] [INFO] [1783977420.328288485] [leo1.controller_server]: Passing new path to controller.
[controller_server-7] [INFO] [1783977420.356717455] [leo2.controller_server]: Passing new path to controller.
[planner_server-2] [INFO] [1783977421.012236128] [leo1.global_costmap.global_costmap]: StaticLayer: Resizing costmap to 280 X 279 at 0.050000 m/pix
[bt_navigator-4] [INFO] [1783977421.176225336] [leo1.bt_navigator]: Received goal preemption request
[bt_navigator-4] [INFO] [1783977421.177022813] [leo1.bt_navigator]: Begin navigating from current location (-2.21, -5.81) to (4.88, -4.96)
[controller_server-7] [INFO] [1783977421.356701828] [leo2.controller_server]: Passing new path to controller.
[controller_server-1] [INFO] [1783977421.378214327] [leo1.controller_server]: Passing new path to controller.
[controller_server-1] [INFO] [1783977422.378232854] [leo1.controller_server]: Passing new path to controller.
[controller_server-7] [INFO] [1783977422.406684519] [leo2.controller_server]: Passing new path to controller.
[controller_server-7] [INFO] [1783977423.406714585] [leo2.controller_server]: Passing new path to controller.
[controller_server-1] [INFO] [1783977423.428234404] [leo1.controller_server]: Passing new path to controller.
[controller_server-7] [INFO] [1783977424.456691384] [leo2.controller_server]: Passing new path to controller.
[controller_server-1] [INFO] [1783977424.478253179] [leo1.controller_server]: Passing new path to controller.
[controller_server-1] [INFO] [1783977425.478211219] [leo1.controller_server]: Passing new path to controller.
[controller_server-7] [INFO] [1783977425.506686790] [leo2.controller_server]: Passing new path to controller.
[controller_server-7] [INFO] [1783977426.506734093] [leo2.controller_server]: Passing new path to controller.
[controller_server-1] [INFO] [1783977426.528248495] [leo1.controller_server]: Passing new path to controller.
[controller_server-1] [INFO] [1783977427.528259343] [leo1.controller_server]: Passing new path to controller.
[controller_server-7] [INFO] [1783977427.556708083] [leo2.controller_server]: Passing new path to controller.
[controller_server-7] [INFO] [1783977428.556739751] [leo2.controller_server]: Passing new path to controller.
[controller_server-1] [INFO] [1783977428.578256732] [leo1.controller_server]: Passing new path to controller.
[controller_server-1] [INFO] [1783977429.578222270] [leo1.controller_server]: Passing new path to controller.
[controller_server-7] [INFO] [1783977429.606691979] [leo2.controller_server]: Passing new path to controller.
[controller_server-1] [INFO] [1783977430.628232681] [leo1.controller_server]: Passing new path to controller.
[controller_server-7] [INFO] [1783977430.656690112] [leo2.controller_server]: Passing new path to controller.
[controller_server-7] [INFO] [1783977431.656714374] [leo2.controller_server]: Passing new path to controller.
[controller_server-1] [INFO] [1783977431.678221489] [leo1.controller_server]: Passing new path to controller.
[controller_server-1] [INFO] [1783977432.678216622] [leo1.controller_server]: Passing new path to controller.
[controller_server-7] [INFO] [1783977432.706684063] [leo2.controller_server]: Passing new path to controller.
[controller_server-7] [INFO] [1783977433.706702817] [leo2.controller_server]: Passing new path to controller.
[controller_server-1] [INFO] [1783977433.728235679] [leo1.controller_server]: Passing new path to controller.
[controller_server-1] [INFO] [1783977434.728262760] [leo1.controller_server]: Passing new path to controller.
[controller_server-7] [INFO] [1783977434.756721748] [leo2.controller_server]: Passing new path to controller.
[controller_server-1] [INFO] [1783977435.778280501] [leo1.controller_server]: Passing new path to controller.
[controller_server-7] [INFO] [1783977435.806714695] [leo2.controller_server]: Passing new path to controller.
[controller_server-7] [INFO] [1783977436.806730887] [leo2.controller_server]: Passing new path to controller.
[controller_server-1] [INFO] [1783977436.828267787] [leo1.controller_server]: Passing new path to controller.
[controller_server-1] [INFO] [1783977437.828239155] [leo1.controller_server]: Passing new path to controller.
[controller_server-7] [INFO] [1783977437.856727601] [leo2.controller_server]: Passing new path to controller.
[controller_server-7] [INFO] [1783977438.856700077] [leo2.controller_server]: Passing new path to controller.
[controller_server-1] [INFO] [1783977438.878218436] [leo1.controller_server]: Passing new path to controller.
[planner_server-8] [INFO] [1783977439.613347079] [leo2.global_costmap.global_costmap]: StaticLayer: Resizing costmap to 280 X 279 at 0.050000 m/pix
[controller_server-1] [INFO] [1783977439.878217265] [leo1.controller_server]: Passing new path to controller.
[controller_server-7] [INFO] [1783977439.906695089] [leo2.controller_server]: Passing new path to controller.
[controller_server-1] [INFO] [1783977440.928222200] [leo1.controller_server]: Passing new path to controller.
[controller_server-7] [INFO] [1783977440.956702844] [leo2.controller_server]: Passing new path to controller.
[controller_server-1] [INFO] [1783977441.928256764] [leo1.controller_server]: Passing new path to controller.
[controller_server-7] [INFO] [1783977441.956757369] [leo2.controller_server]: Passing new path to controller.
[controller_server-1] [INFO] [1783977442.978246404] [leo1.controller_server]: Passing new path to controller.
[controller_server-7] [INFO] [1783977443.006707364] [leo2.controller_server]: Passing new path to controller.
[controller_server-7] [INFO] [1783977444.006732684] [leo2.controller_server]: Passing new path to controller.
[controller_server-1] [INFO] [1783977444.028258297] [leo1.controller_server]: Passing new path to controller.
[controller_server-1] [INFO] [1783977445.028266495] [leo1.controller_server]: Passing new path to controller.
[controller_server-7] [INFO] [1783977445.056701440] [leo2.controller_server]: Passing new path to controller.
[controller_server-1] [INFO] [1783977446.078226714] [leo1.controller_server]: Passing new path to controller.
[controller_server-7] [INFO] [1783977446.106683326] [leo2.controller_server]: Passing new path to controller.
[controller_server-1] [INFO] [1783977447.078211474] [leo1.controller_server]: Passing new path to controller.
[controller_server-7] [INFO] [1783977447.106705520] [leo2.controller_server]: Passing new path to controller.
[controller_server-1] [INFO] [1783977448.128223468] [leo1.controller_server]: Passing new path to controller.
[controller_server-7] [INFO] [1783977448.156686239] [leo2.controller_server]: Passing new path to controller.
[controller_server-7] [INFO] [1783977449.156700606] [leo2.controller_server]: Passing new path to controller.
[controller_server-1] [INFO] [1783977449.178231032] [leo1.controller_server]: Passing new path to controller.
[planner_server-2] [INFO] [1783977449.412284135] [leo1.global_costmap.global_costmap]: StaticLayer: Resizing costmap to 280 X 279 at 0.050000 m/pix
[planner_server-8] [INFO] [1783977449.613371948] [leo2.global_costmap.global_costmap]: StaticLayer: Resizing costmap to 280 X 279 at 0.050000 m/pix
[controller_server-1] [INFO] [1783977450.178241373] [leo1.controller_server]: Passing new path to controller.
[controller_server-7] [INFO] [1783977450.206707726] [leo2.controller_server]: Passing new path to controller.
[controller_server-1] [INFO] [1783977452.081087187] [leo1.controller_server]: Passing new path to controller.
[controller_server-7] [INFO] [1783977452.109576358] [leo2.controller_server]: Passing new path to controller.
[controller_server-7] [INFO] [1783977453.109548663] [leo2.controller_server]: Passing new path to controller.
[controller_server-1] [INFO] [1783977453.131098337] [leo1.controller_server]: Passing new path to controller.
[controller_server-1] [INFO] [1783977454.131072080] [leo1.controller_server]: Passing new path to controller.
[controller_server-7] [INFO] [1783977454.159553698] [leo2.controller_server]: Passing new path to controller.
[bt_navigator-10] [INFO] [1783977455.068200561] [leo2.bt_navigator]: Received goal preemption request
[bt_navigator-10] [INFO] [1783977455.068865967] [leo2.bt_navigator]: Begin navigating from current location (3.33, 6.22) to (2.12, 6.29)
[controller_server-7] [INFO] [1783977455.159529438] [leo2.controller_server]: Passing new path to controller.
[controller_server-1] [INFO] [1783977455.181038002] [leo1.controller_server]: Passing new path to controller.
[controller_server-7] [INFO] [1783977456.209524717] [leo2.controller_server]: Passing new path to controller.
[controller_server-1] [INFO] [1783977456.231060804] [leo1.controller_server]: Passing new path to controller.
[controller_server-1] [INFO] [1783977457.231045439] [leo1.controller_server]: Passing new path to controller.
[controller_server-7] [INFO] [1783977457.259534541] [leo2.controller_server]: Passing new path to controller.
[controller_server-7] [INFO] [1783977458.259544424] [leo2.controller_server]: Passing new path to controller.
[controller_server-1] [INFO] [1783977458.281086105] [leo1.controller_server]: Passing new path to controller.
[controller_server-1] [INFO] [1783977459.281072918] [leo1.controller_server]: Passing new path to controller.
[controller_server-7] [INFO] [1783977459.309502187] [leo2.controller_server]: Passing new path to controller.
[controller_server-7] [INFO] [1783977460.309559461] [leo2.controller_server]: Passing new path to controller.
[controller_server-1] [INFO] [1783977460.331087861] [leo1.controller_server]: Passing new path to controller.
[controller_server-1] [INFO] [1783977461.331082949] [leo1.controller_server]: Passing new path to controller.
[controller_server-7] [INFO] [1783977461.359551666] [leo2.controller_server]: Passing new path to controller.
[controller_server-7] [INFO] [1783977462.359548634] [leo2.controller_server]: Passing new path to controller.
[controller_server-7] [INFO] [1783977462.360194514] [leo2.controller_server]: Reached the goal!
[controller_server-1] [INFO] [1783977462.381087172] [leo1.controller_server]: Passing new path to controller.
[bt_navigator-10] [INFO] [1783977462.408972547] [leo2.bt_navigator]: Goal succeeded
[bt_navigator-4] [INFO] [1783977463.079077458] [leo1.bt_navigator]: Received goal preemption request
[bt_navigator-4] [INFO] [1783977463.079796804] [leo1.bt_navigator]: Begin navigating from current location (4.89, -5.31) to (2.63, 1.34)
[bt_navigator-10] [INFO] [1783977463.112343585] [leo2.bt_navigator]: Begin navigating from current location (2.36, 6.35) to (-2.58, 6.44)
[controller_server-7] [INFO] [1783977463.133974009] [leo2.controller_server]: Received a goal, begin computing control effort.
[controller_server-1] [INFO] [1783977463.431069164] [leo1.controller_server]: Passing new path to controller.
[controller_server-7] [INFO] [1783977464.184146734] [leo2.controller_server]: Passing new path to controller.
[controller_server-1] [INFO] [1783977464.431052520] [leo1.controller_server]: Passing new path to controller.
[controller_server-7] [INFO] [1783977465.234120514] [leo2.controller_server]: Passing new path to controller.
[controller_server-1] [INFO] [1783977465.481094725] [leo1.controller_server]: Passing new path to controller.
[controller_server-7] [INFO] [1783977466.234151104] [leo2.controller_server]: Passing new path to controller.
[controller_server-1] [INFO] [1783977466.481066245] [leo1.controller_server]: Passing new path to controller.
[controller_server-7] [INFO] [1783977467.284140597] [leo2.controller_server]: Passing new path to controller.
[controller_server-1] [INFO] [1783977467.531046715] [leo1.controller_server]: Passing new path to controller.
[controller_server-7] [INFO] [1783977468.284169442] [leo2.controller_server]: Passing new path to controller.
[controller_server-1] [INFO] [1783977468.581080008] [leo1.controller_server]: Passing new path to controller.
[controller_server-7] [INFO] [1783977469.334158305] [leo2.controller_server]: Passing new path to controller.
[controller_server-1] [INFO] [1783977469.581085657] [leo1.controller_server]: Passing new path to controller.
[controller_server-7] [INFO] [1783977470.384163718] [leo2.controller_server]: Passing new path to controller.
[controller_server-1] [INFO] [1783977470.631068255] [leo1.controller_server]: Passing new path to controller.
[controller_server-7] [INFO] [1783977471.384153904] [leo2.controller_server]: Passing new path to controller.
[controller_server-1] [INFO] [1783977471.631057675] [leo1.controller_server]: Passing new path to controller.
[controller_server-7] [INFO] [1783977472.434141276] [leo2.controller_server]: Passing new path to controller.
[controller_server-1] [INFO] [1783977472.681061226] [leo1.controller_server]: Passing new path to controller.
[controller_server-7] [INFO] [1783977473.434150846] [leo2.controller_server]: Passing new path to controller.
[controller_server-1] [INFO] [1783977473.731049877] [leo1.controller_server]: Passing new path to controller.
[controller_server-7] [INFO] [1783977474.484143182] [leo2.controller_server]: Passing new path to controller.
[controller_server-1] [INFO] [1783977474.731044768] [leo1.controller_server]: Passing new path to controller.
[controller_server-7] [INFO] [1783977475.534138555] [leo2.controller_server]: Passing new path to controller.
[controller_server-1] [INFO] [1783977475.781093600] [leo1.controller_server]: Passing new path to controller.
[controller_server-7] [INFO] [1783977476.534176814] [leo2.controller_server]: Passing new path to controller.
[controller_server-1] [INFO] [1783977476.781073780] [leo1.controller_server]: Passing new path to controller.
[controller_server-7] [INFO] [1783977477.584178522] [leo2.controller_server]: Passing new path to controller.
[controller_server-1] [INFO] [1783977477.831095661] [leo1.controller_server]: Passing new path to controller.
[controller_server-7] [INFO] [1783977478.584171684] [leo2.controller_server]: Passing new path to controller.
[controller_server-1] [INFO] [1783977478.881069927] [leo1.controller_server]: Passing new path to controller.
[planner_server-2] [INFO] [1783977479.565084418] [leo1.global_costmap.global_costmap]: StaticLayer: Resizing costmap to 280 X 279 at 0.050000 m/pix
[controller_server-7] [INFO] [1783977479.634119523] [leo2.controller_server]: Passing new path to controller.
[controller_server-1] [INFO] [1783977479.881087165] [leo1.controller_server]: Passing new path to controller.
[controller_server-7] [INFO] [1783977480.684270352] [leo2.controller_server]: Passing new path to controller.
[controller_server-1] [INFO] [1783977480.931053851] [leo1.controller_server]: Passing new path to controller.
[controller_server-7] [INFO] [1783977481.684098841] [leo2.controller_server]: Passing new path to controller.
[controller_server-1] [INFO] [1783977481.931056393] [leo1.controller_server]: Passing new path to controller.
[controller_server-1] [INFO] [1783977483.650208182] [leo1.controller_server]: Passing new path to controller.
[controller_server-7] [INFO] [1783977483.653308701] [leo2.controller_server]: Passing new path to controller.
[controller_server-1] [INFO] [1783977484.700191093] [leo1.controller_server]: Passing new path to controller.
[controller_server-7] [INFO] [1783977484.703300102] [leo2.controller_server]: Passing new path to controller.
[controller_server-1] [INFO] [1783977485.700191700] [leo1.controller_server]: Passing new path to controller.
[controller_server-7] [INFO] [1783977485.703267180] [leo2.controller_server]: Passing new path to controller.
[controller_server-1] [INFO] [1783977486.750193886] [leo1.controller_server]: Passing new path to controller.
[controller_server-7] [INFO] [1783977486.753281022] [leo2.controller_server]: Passing new path to controller.
[controller_server-1] [INFO] [1783977487.800185308] [leo1.controller_server]: Passing new path to controller.
[controller_server-7] [INFO] [1783977487.803292782] [leo2.controller_server]: Passing new path to controller.
[controller_server-1] [INFO] [1783977488.800151426] [leo1.controller_server]: Passing new path to controller.
[controller_server-7] [INFO] [1783977488.803254506] [leo2.controller_server]: Passing new path to controller.
[controller_server-1] [INFO] [1783977489.850171478] [leo1.controller_server]: Passing new path to controller.
[controller_server-7] [INFO] [1783977489.853195060] [leo2.controller_server]: Passing new path to controller.
[controller_server-1] [INFO] [1783977490.850179956] [leo1.controller_server]: Passing new path to controller.
[controller_server-7] [INFO] [1783977490.853286301] [leo2.controller_server]: Passing new path to controller.
[controller_server-1] [INFO] [1783977491.900169747] [leo1.controller_server]: Passing new path to controller.
[controller_server-7] [INFO] [1783977491.903271994] [leo2.controller_server]: Passing new path to controller.
[bt_navigator-10] [INFO] [1783977492.771585471] [leo2.bt_navigator]: Received goal preemption request
[bt_navigator-10] [INFO] [1783977492.772297291] [leo2.bt_navigator]: Begin navigating from current location (-2.69, 6.21) to (-4.18, -6.26)
[controller_server-1] [INFO] [1783977492.950170781] [leo1.controller_server]: Passing new path to controller.
[controller_server-7] [INFO] [1783977492.953254254] [leo2.controller_server]: Passing new path to controller.
[controller_server-1] [INFO] [1783977493.950171735] [leo1.controller_server]: Passing new path to controller.
[controller_server-7] [INFO] [1783977493.953308649] [leo2.controller_server]: Passing new path to controller.
[controller_server-1] [INFO] [1783977495.000187978] [leo1.controller_server]: Passing new path to controller.
[controller_server-7] [INFO] [1783977495.003310299] [leo2.controller_server]: Passing new path to controller.
[controller_server-1] [INFO] [1783977496.000188773] [leo1.controller_server]: Passing new path to controller.
[controller_server-7] [INFO] [1783977496.003271546] [leo2.controller_server]: Passing new path to controller.
[controller_server-1] [INFO] [1783977497.050170255] [leo1.controller_server]: Passing new path to controller.
[controller_server-7] [INFO] [1783977497.053204675] [leo2.controller_server]: Passing new path to controller.
[controller_server-1] [INFO] [1783977498.100164694] [leo1.controller_server]: Passing new path to controller.
[controller_server-7] [INFO] [1783977498.103240207] [leo2.controller_server]: Passing new path to controller.
[controller_server-1] [INFO] [1783977499.100164768] [leo1.controller_server]: Passing new path to controller.
[controller_server-7] [INFO] [1783977499.103241051] [leo2.controller_server]: Passing new path to controller.
[controller_server-1] [INFO] [1783977500.150173077] [leo1.controller_server]: Passing new path to controller.
[controller_server-7] [INFO] [1783977500.153252631] [leo2.controller_server]: Passing new path to controller.
[controller_server-1] [INFO] [1783977501.150162195] [leo1.controller_server]: Passing new path to controller.
[controller_server-7] [INFO] [1783977501.153267072] [leo2.controller_server]: Passing new path to controller.
[controller_server-1] [INFO] [1783977502.200185740] [leo1.controller_server]: Passing new path to controller.
[controller_server-7] [INFO] [1783977502.203295546] [leo2.controller_server]: Passing new path to controller.
[controller_server-1] [INFO] [1783977503.200184580] [leo1.controller_server]: Passing new path to controller.
[controller_server-7] [INFO] [1783977503.253277922] [leo2.controller_server]: Passing new path to controller.
[controller_server-1] [INFO] [1783977504.250185373] [leo1.controller_server]: Passing new path to controller.
[controller_server-7] [INFO] [1783977504.253269084] [leo2.controller_server]: Passing new path to controller.
[controller_server-1] [INFO] [1783977505.300162827] [leo1.controller_server]: Passing new path to controller.
[controller_server-7] [INFO] [1783977505.303242981] [leo2.controller_server]: Passing new path to controller.
[controller_server-1] [INFO] [1783977506.300179931] [leo1.controller_server]: Passing new path to controller.
[controller_server-7] [INFO] [1783977506.303246057] [leo2.controller_server]: Passing new path to controller.
[controller_server-1] [INFO] [1783977507.350165936] [leo1.controller_server]: Passing new path to controller.
[controller_server-7] [INFO] [1783977507.353256066] [leo2.controller_server]: Passing new path to controller.
[controller_server-1] [INFO] [1783977508.350173947] [leo1.controller_server]: Passing new path to controller.
[controller_server-7] [INFO] [1783977508.403239186] [leo2.controller_server]: Passing new path to controller.
[controller_server-1] [INFO] [1783977509.400198991] [leo1.controller_server]: Passing new path to controller.
[controller_server-7] [INFO] [1783977509.403283814] [leo2.controller_server]: Passing new path to controller.
[controller_server-1] [INFO] [1783977510.400207298] [leo1.controller_server]: Passing new path to controller.
[controller_server-7] [INFO] [1783977510.453274195] [leo2.controller_server]: Passing new path to controller.
[controller_server-1] [INFO] [1783977511.450178870] [leo1.controller_server]: Passing new path to controller.
[controller_server-7] [INFO] [1783977511.453269691] [leo2.controller_server]: Passing new path to controller.
[controller_server-1] [INFO] [1783977512.450174301] [leo1.controller_server]: Passing new path to controller.
[controller_server-7] [INFO] [1783977512.503254624] [leo2.controller_server]: Passing new path to controller.
[controller_server-1] [INFO] [1783977513.500165626] [leo1.controller_server]: Passing new path to controller.
[controller_server-7] [INFO] [1783977513.553204601] [leo2.controller_server]: Passing new path to controller.
[controller_server-1] [INFO] [1783977515.135475525] [leo1.controller_server]: Passing new path to controller.
[controller_server-7] [INFO] [1783977515.138546671] [leo2.controller_server]: Passing new path to controller.
[controller_server-1] [INFO] [1783977516.185474519] [leo1.controller_server]: Passing new path to controller.
[controller_server-7] [INFO] [1783977516.188549160] [leo2.controller_server]: Passing new path to controller.
[controller_server-1] [INFO] [1783977517.185498209] [leo1.controller_server]: Passing new path to controller.
[controller_server-7] [INFO] [1783977517.188584038] [leo2.controller_server]: Passing new path to controller.
[controller_server-1] [INFO] [1783977518.235488738] [leo1.controller_server]: Passing new path to controller.
[controller_server-7] [INFO] [1783977518.238567888] [leo2.controller_server]: Passing new path to controller.
[controller_server-1] [INFO] [1783977519.285502497] [leo1.controller_server]: Passing new path to controller.
[controller_server-7] [INFO] [1783977519.288567086] [leo2.controller_server]: Passing new path to controller.
[controller_server-1] [INFO] [1783977520.285493714] [leo1.controller_server]: Passing new path to controller.
[controller_server-7] [INFO] [1783977520.288575276] [leo2.controller_server]: Passing new path to controller.
[controller_server-1] [ERROR] [1783977521.085565275] [leo1.controller_server]: Failed to make progress
[controller_server-1] [WARN] [1783977521.085730552] [leo1.controller_server]: [follow_path] [ActionServer] Aborting handle.
[controller_server-1] [INFO] [1783977521.103705230] [leo1.local_costmap.local_costmap]: Received request to clear entirely the local_costmap
[controller_server-1] [INFO] [1783977521.104740234] [leo1.controller_server]: Received a goal, begin computing control effort.
[controller_server-1] [INFO] [1783977521.304867252] [leo1.controller_server]: Passing new path to controller.
[controller_server-7] [INFO] [1783977521.338563919] [leo2.controller_server]: Passing new path to controller.
[controller_server-7] [INFO] [1783977522.338495658] [leo2.controller_server]: Passing new path to controller.
[controller_server-1] [INFO] [1783977522.354854077] [leo1.controller_server]: Passing new path to controller.
[controller_server-1] [INFO] [1783977523.354849502] [leo1.controller_server]: Passing new path to controller.
[controller_server-7] [INFO] [1783977523.388545349] [leo2.controller_server]: Passing new path to controller.
[controller_server-1] [INFO] [1783977524.404843591] [leo1.controller_server]: Passing new path to controller.
[controller_server-7] [INFO] [1783977524.438547702] [leo2.controller_server]: Passing new path to controller.
[controller_server-7] [INFO] [1783977525.438566102] [leo2.controller_server]: Passing new path to controller.
[controller_server-1] [INFO] [1783977525.454831387] [leo1.controller_server]: Passing new path to controller.
[controller_server-1] [INFO] [1783977526.454868237] [leo1.controller_server]: Passing new path to controller.
[controller_server-7] [INFO] [1783977526.488559758] [leo2.controller_server]: Passing new path to controller.
[controller_server-7] [INFO] [1783977527.488593543] [leo2.controller_server]: Passing new path to controller.
[controller_server-1] [INFO] [1783977527.504854695] [leo1.controller_server]: Passing new path to controller.
[controller_server-1] [INFO] [1783977528.504866675] [leo1.controller_server]: Passing new path to controller.
[controller_server-7] [INFO] [1783977528.538579559] [leo2.controller_server]: Passing new path to controller.
[controller_server-7] [INFO] [1783977529.538589886] [leo2.controller_server]: Passing new path to controller.
[controller_server-1] [INFO] [1783977529.554860003] [leo1.controller_server]: Passing new path to controller.
[planner_server-8] [INFO] [1783977529.620621618] [leo2.global_costmap.global_costmap]: StaticLayer: Resizing costmap to 280 X 279 at 0.050000 m/pix
[controller_server-1] [INFO] [1783977530.554856955] [leo1.controller_server]: Passing new path to controller.
[controller_server-7] [INFO] [1783977530.588563181] [leo2.controller_server]: Passing new path to controller.
[controller_server-1] [INFO] [1783977531.604843082] [leo1.controller_server]: Passing new path to controller.
[controller_server-7] [INFO] [1783977531.638536185] [leo2.controller_server]: Passing new path to controller.
[controller_server-1] [INFO] [1783977532.604841231] [leo1.controller_server]: Passing new path to controller.
[controller_server-7] [INFO] [1783977532.638555164] [leo2.controller_server]: Passing new path to controller.
[controller_server-1] [INFO] [1783977533.654865758] [leo1.controller_server]: Passing new path to controller.
[controller_server-7] [INFO] [1783977533.688524187] [leo2.controller_server]: Passing new path to controller.
[controller_server-1] [INFO] [1783977534.654864124] [leo1.controller_server]: Passing new path to controller.
[controller_server-7] [INFO] [1783977534.688552273] [leo2.controller_server]: Passing new path to controller.
[controller_server-1] [INFO] [1783977535.704887516] [leo1.controller_server]: Passing new path to controller.
[controller_server-7] [INFO] [1783977535.738549122] [leo2.controller_server]: Passing new path to controller.
[controller_server-1] [ERROR] [1783977536.204902664] [leo1.controller_server]: Failed to make progress
[controller_server-1] [WARN] [1783977536.204995355] [leo1.controller_server]: [follow_path] [ActionServer] Aborting handle.
[behavior_server-3] [INFO] [1783977536.223733132] [leo1.behavior_server]: Running wait
[controller_server-7] [INFO] [1783977536.788571734] [leo2.controller_server]: Passing new path to controller.
[controller_server-7] [INFO] [1783977537.788565239] [leo2.controller_server]: Passing new path to controller.
[controller_server-1] [INFO] [1783977538.421229796] [leo1.local_costmap.local_costmap]: Received request to clear entirely the local_costmap
[planner_server-2] [INFO] [1783977538.421320268] [leo1.global_costmap.global_costmap]: Received request to clear entirely the global_costmap
[controller_server-7] [INFO] [1783977538.838498161] [leo2.controller_server]: Passing new path to controller.
[planner_server-8] [INFO] [1783977539.620607819] [leo2.global_costmap.global_costmap]: StaticLayer: Resizing costmap to 280 X 279 at 0.050000 m/pix
[controller_server-7] [INFO] [1783977539.838558551] [leo2.controller_server]: Passing new path to controller.
[controller_server-7] [INFO] [1783977540.888549504] [leo2.controller_server]: Passing new path to controller.
[behavior_server-3] [INFO] [1783977541.323930396] [leo1.behavior_server]: wait completed successfully
[controller_server-1] [INFO] [1783977541.374084035] [leo1.controller_server]: Received a goal, begin computing control effort.
[controller_server-7] [INFO] [1783977541.888579438] [leo2.controller_server]: Passing new path to controller.
[controller_server-1] [INFO] [1783977542.424223636] [leo1.controller_server]: Passing new path to controller.
[controller_server-7] [INFO] [1783977542.938593609] [leo2.controller_server]: Passing new path to controller.
[controller_server-1] [INFO] [1783977543.474230701] [leo1.controller_server]: Passing new path to controller.
[controller_server-7] [INFO] [1783977543.988570732] [leo2.controller_server]: Passing new path to controller.
[controller_server-1] [INFO] [1783977544.474222437] [leo1.controller_server]: Passing new path to controller.
[controller_server-7] [INFO] [1783977544.988573991] [leo2.controller_server]: Passing new path to controller.
[controller_server-1] [INFO] [1783977546.687015366] [leo1.controller_server]: Passing new path to controller.
[controller_server-7] [INFO] [1783977546.701344230] [leo2.controller_server]: Passing new path to controller.
[controller_server-1] [INFO] [1783977547.736965731] [leo1.controller_server]: Passing new path to controller.
[controller_server-7] [INFO] [1783977547.751328925] [leo2.controller_server]: Passing new path to controller.
[controller_server-1] [INFO] [1783977548.736980121] [leo1.controller_server]: Passing new path to controller.
[controller_server-7] [INFO] [1783977548.801280556] [leo2.controller_server]: Passing new path to controller.
[controller_server-1] [INFO] [1783977549.787030315] [leo1.controller_server]: Passing new path to controller.
[controller_server-7] [INFO] [1783977549.801311911] [leo2.controller_server]: Passing new path to controller.
[controller_server-1] [INFO] [1783977550.836962329] [leo1.controller_server]: Passing new path to controller.
[controller_server-7] [INFO] [1783977550.851352125] [leo2.controller_server]: Passing new path to controller.
[controller_server-1] [INFO] [1783977551.836958506] [leo1.controller_server]: Passing new path to controller.
[controller_server-7] [INFO] [1783977551.851340963] [leo2.controller_server]: Passing new path to controller.
[bt_navigator-10] [INFO] [1783977552.069669971] [leo2.bt_navigator]: Received goal preemption request
[bt_navigator-10] [INFO] [1783977552.070279829] [leo2.bt_navigator]: Begin navigating from current location (-4.62, -6.03) to (-3.42, -6.02)
[controller_server-1] [INFO] [1783977552.887010752] [leo1.controller_server]: Passing new path to controller.
[controller_server-7] [INFO] [1783977552.901345760] [leo2.controller_server]: Passing new path to controller.
[controller_server-7] [INFO] [1783977553.901383977] [leo2.controller_server]: Passing new path to controller.
[controller_server-1] [INFO] [1783977553.937039068] [leo1.controller_server]: Passing new path to controller.
[controller_server-1] [INFO] [1783977554.937002109] [leo1.controller_server]: Passing new path to controller.
[controller_server-7] [INFO] [1783977554.951357149] [leo2.controller_server]: Passing new path to controller.
[controller_server-7] [INFO] [1783977555.951360676] [leo2.controller_server]: Passing new path to controller.
[controller_server-1] [INFO] [1783977555.986975583] [leo1.controller_server]: Passing new path to controller.
[controller_server-1] [INFO] [1783977556.986978881] [leo1.controller_server]: Passing new path to controller.
[controller_server-7] [INFO] [1783977557.001295059] [leo2.controller_server]: Passing new path to controller.
[controller_server-1] [INFO] [1783977558.036965846] [leo1.controller_server]: Passing new path to controller.
[controller_server-1] [ERROR] [1783977558.037552764] [leo1.controller_server]: Failed to make progress
[controller_server-1] [WARN] [1783977558.037614129] [leo1.controller_server]: [follow_path] [ActionServer] Aborting handle.
[controller_server-7] [INFO] [1783977558.051325724] [leo2.controller_server]: Passing new path to controller.
[controller_server-1] [INFO] [1783977558.066320821] [leo1.local_costmap.local_costmap]: Received request to clear entirely the local_costmap
[controller_server-1] [INFO] [1783977558.067499093] [leo1.controller_server]: Received a goal, begin computing control effort.
[controller_server-7] [INFO] [1783977559.051349941] [leo2.controller_server]: Passing new path to controller.
[controller_server-1] [INFO] [1783977559.067597066] [leo1.controller_server]: Passing new path to controller.
[controller_server-1] [INFO] [1783977560.067615271] [leo1.controller_server]: Passing new path to controller.
[controller_server-7] [INFO] [1783977560.101275932] [leo2.controller_server]: Passing new path to controller.
[controller_server-7] [INFO] [1783977561.101368231] [leo2.controller_server]: Passing new path to controller.
[controller_server-1] [INFO] [1783977561.117622659] [leo1.controller_server]: Passing new path to controller.
[controller_server-7] [INFO] [1783977562.151339944] [leo2.controller_server]: Passing new path to controller.
[controller_server-1] [INFO] [1783977562.167632647] [leo1.controller_server]: Passing new path to controller.
[controller_server-1] [INFO] [1783977563.167633251] [leo1.controller_server]: Passing new path to controller.
[controller_server-7] [INFO] [1783977563.201350075] [leo2.controller_server]: Passing new path to controller.
[controller_server-7] [INFO] [1783977564.201281030] [leo2.controller_server]: Passing new path to controller.
[controller_server-1] [INFO] [1783977564.217644825] [leo1.controller_server]: Passing new path to controller.
[controller_server-1] [INFO] [1783977565.217649006] [leo1.controller_server]: Passing new path to controller.
[controller_server-7] [INFO] [1783977565.251321268] [leo2.controller_server]: Passing new path to controller.
[controller_server-7] [INFO] [1783977566.251320974] [leo2.controller_server]: Passing new path to controller.
[controller_server-1] [INFO] [1783977566.267606484] [leo1.controller_server]: Passing new path to controller.
[controller_server-7] [INFO] [1783977567.301328219] [leo2.controller_server]: Passing new path to controller.
[controller_server-1] [INFO] [1783977567.317614618] [leo1.controller_server]: Passing new path to controller.
[controller_server-7] [INFO] [1783977568.301368343] [leo2.controller_server]: Passing new path to controller.
[controller_server-1] [INFO] [1783977568.317643878] [leo1.controller_server]: Passing new path to controller.
[controller_server-7] [INFO] [1783977569.351357756] [leo2.controller_server]: Passing new path to controller.
[controller_server-1] [INFO] [1783977569.367629158] [leo1.controller_server]: Passing new path to controller.
[controller_server-1] [INFO] [1783977570.367661460] [leo1.controller_server]: Passing new path to controller.
[controller_server-7] [INFO] [1783977570.401350501] [leo2.controller_server]: Passing new path to controller.
[controller_server-7] [INFO] [1783977571.401374294] [leo2.controller_server]: Passing new path to controller.
[controller_server-1] [INFO] [1783977571.417634227] [leo1.controller_server]: Passing new path to controller.
[controller_server-7] [ERROR] [1783977572.351386003] [leo2.controller_server]: Failed to make progress
[controller_server-7] [WARN] [1783977572.351523416] [leo2.controller_server]: [follow_path] [ActionServer] Aborting handle.
[controller_server-7] [INFO] [1783977572.369825255] [leo2.local_costmap.local_costmap]: Received request to clear entirely the local_costmap
[controller_server-7] [INFO] [1783977572.371200097] [leo2.controller_server]: Received a goal, begin computing control effort.
[controller_server-1] [INFO] [1783977572.467646658] [leo1.controller_server]: Passing new path to controller.
[controller_server-7] [INFO] [1783977572.471319851] [leo2.controller_server]: Passing new path to controller.
[controller_server-7] [WARN] [1783977572.472345380] [leo2.controller_server]: Control loop missed its desired rate of 20.0000Hz
[controller_server-1] [ERROR] [1783977573.167637413] [leo1.controller_server]: Failed to make progress
[controller_server-1] [WARN] [1783977573.167727584] [leo1.controller_server]: [follow_path] [ActionServer] Aborting handle.
[behavior_server-3] [INFO] [1783977573.187544415] [leo1.behavior_server]: Running backup
[controller_server-7] [INFO] [1783977573.476923022] [leo2.controller_server]: Passing new path to controller.
[controller_server-7] [INFO] [1783977574.481934951] [leo2.controller_server]: Passing new path to controller.
[controller_server-7] [INFO] [1783977575.538037686] [leo2.controller_server]: Passing new path to controller.
[behavior_server-3] [INFO] [1783977576.187719153] [leo1.behavior_server]: Canceling backup
[behavior_server-3] [INFO] [1783977576.187796695] [leo1.behavior_server]: [backup] [ActionServer] Client requested to cancel the goal. Cancelling.
[bt_navigator-4] [INFO] [1783977576.190435800] [leo1.bt_navigator]: [navigate_to_pose] [ActionServer] Client requested to cancel the goal. Cancelling.
[bt_navigator-4] [INFO] [1783977576.191249465] [leo1.bt_navigator]: Goal canceled
[controller_server-7] [INFO] [1783977576.544577079] [leo2.controller_server]: Passing new path to controller.
[controller_server-7] [INFO] [1783977578.585127177] [leo2.controller_server]: Passing new path to controller.
[controller_server-7] [INFO] [1783977579.591254964] [leo2.controller_server]: Passing new path to controller.
[controller_server-1] [INFO] [1783977579.962931854] [leo1.local_costmap.local_costmap]: Received request to clear entirely the local_costmap
[planner_server-2] [INFO] [1783977579.963093663] [leo1.global_costmap.global_costmap]: Received request to clear entirely the global_costmap
[controller_server-7] [INFO] [1783977580.647476005] [leo2.controller_server]: Passing new path to controller.
[controller_server-7] [INFO] [1783977581.653264602] [leo2.controller_server]: Passing new path to controller.
[controller_server-7] [INFO] [1783977582.708890803] [leo2.controller_server]: Passing new path to controller.
[controller_server-7] [INFO] [1783977583.710878333] [leo2.controller_server]: Passing new path to controller.
[controller_server-7] [INFO] [1783977584.760865555] [leo2.controller_server]: Passing new path to controller.
[controller_server-7] [INFO] [1783977585.760896049] [leo2.controller_server]: Passing new path to controller.
[controller_server-7] [INFO] [1783977586.810900388] [leo2.controller_server]: Passing new path to controller.
[controller_server-7] [INFO] [1783977587.810905756] [leo2.controller_server]: Passing new path to controller.
[controller_server-7] [INFO] [1783977588.860960709] [leo2.controller_server]: Passing new path to controller.
[controller_server-7] [ERROR] [1783977589.510913539] [leo2.controller_server]: Failed to make progress
[controller_server-7] [WARN] [1783977589.510993368] [leo2.controller_server]: [follow_path] [ActionServer] Aborting handle.
[behavior_server-9] [INFO] [1783977589.528904973] [leo2.behavior_server]: Running spin
[behavior_server-9] [INFO] [1783977589.529012336] [leo2.behavior_server]: Turning 1.57 for spin behavior.
[planner_server-2] [INFO] [1783977590.882353077] [leo1.global_costmap.global_costmap]: Message Filter dropping message: frame 'leo1/sensor_lidar_link' at time 900.500 for reason 'the timestamp on the message is earlier than all the data in the transform cache'
[behavior_server-9] [INFO] [1783977591.229221505] [leo2.behavior_server]: spin completed successfully
[controller_server-7] [INFO] [1783977591.278918784] [leo2.controller_server]: Received a goal, begin computing control effort.
[controller_server-7] [INFO] [1783977592.329057523] [leo2.controller_server]: Passing new path to controller.
[controller_server-7] [INFO] [1783977593.379055332] [leo2.controller_server]: Passing new path to controller.
[planner_server-2] [INFO] [1783977593.462258646] [leo1.global_costmap.global_costmap]: Message Filter dropping message: frame 'leo1/sensor_lidar_link' at time 903.000 for reason 'the timestamp on the message is earlier than all the data in the transform cache'
[controller_server-7] [INFO] [1783977594.182560983] [leo2.local_costmap.local_costmap]: Received request to clear entirely the local_costmap
[planner_server-8] [INFO] [1783977594.182667035] [leo2.global_costmap.global_costmap]: Received request to clear entirely the global_costmap
[controller_server-7] [INFO] [1783977594.429047191] [leo2.controller_server]: Passing new path to controller.
[controller_server-7] [INFO] [1783977595.429062994] [leo2.controller_server]: Passing new path to controller.
[controller_server-7] [INFO] [1783977596.479069796] [leo2.controller_server]: Passing new path to controller.
[controller_server-7] [INFO] [1783977597.529054706] [leo2.controller_server]: Passing new path to controller.
[controller_server-7] [INFO] [1783977598.529045243] [leo2.controller_server]: Passing new path to controller.
[planner_server-8] [INFO] [1783977599.571840199] [leo2.global_costmap.global_costmap]: StaticLayer: Resizing costmap to 280 X 280 at 0.050000 m/pix
[controller_server-7] [INFO] [1783977599.579032204] [leo2.controller_server]: Passing new path to controller.
[controller_server-7] [INFO] [1783977600.579037880] [leo2.controller_server]: Passing new path to controller.
[controller_server-7] [INFO] [1783977601.629066401] [leo2.controller_server]: Passing new path to controller.
[controller_server-7] [INFO] [1783977602.679072260] [leo2.controller_server]: Passing new path to controller.
[controller_server-7] [INFO] [1783977603.679084863] [leo2.controller_server]: Passing new path to controller.
[controller_server-7] [INFO] [1783977604.729101565] [leo2.controller_server]: Passing new path to controller.
[controller_server-7] [INFO] [1783977605.729045588] [leo2.controller_server]: Passing new path to controller.
[controller_server-7] [INFO] [1783977606.779046550] [leo2.controller_server]: Passing new path to controller.
[controller_server-7] [INFO] [1783977607.779049333] [leo2.controller_server]: Passing new path to controller.
[controller_server-7] [INFO] [1783977610.024394870] [leo2.controller_server]: Passing new path to controller.
[controller_server-7] [ERROR] [1783977610.974456771] [leo2.controller_server]: Failed to make progress
[controller_server-7] [WARN] [1783977610.974547498] [leo2.controller_server]: [follow_path] [ActionServer] Aborting handle.
[controller_server-7] [INFO] [1783977610.993663324] [leo2.local_costmap.local_costmap]: Received request to clear entirely the local_costmap
[controller_server-7] [INFO] [1783977610.994788234] [leo2.controller_server]: Received a goal, begin computing control effort.
[controller_server-7] [INFO] [1783977611.044921700] [leo2.controller_server]: Passing new path to controller.
[controller_server-7] [INFO] [1783977612.094928565] [leo2.controller_server]: Passing new path to controller.
[controller_server-7] [INFO] [1783977613.144939388] [leo2.controller_server]: Passing new path to controller.
[controller_server-7] [INFO] [1783977614.144950716] [leo2.controller_server]: Passing new path to controller.
[controller_server-7] [INFO] [1783977615.194867642] [leo2.controller_server]: Passing new path to controller.
[controller_server-7] [INFO] [1783977616.194882589] [leo2.controller_server]: Passing new path to controller.
[controller_server-7] [INFO] [1783977617.244893296] [leo2.controller_server]: Passing new path to controller.
[controller_server-7] [INFO] [1783977618.244894221] [leo2.controller_server]: Passing new path to controller.
[controller_server-7] [INFO] [1783977619.294861144] [leo2.controller_server]: Passing new path to controller.
[controller_server-7] [INFO] [1783977620.294875135] [leo2.controller_server]: Passing new path to controller.
[controller_server-7] [INFO] [1783977621.344926464] [leo2.controller_server]: Passing new path to controller.
[controller_server-7] [INFO] [1783977622.394916984] [leo2.controller_server]: Passing new path to controller.
[controller_server-7] [INFO] [1783977623.394861804] [leo2.controller_server]: Passing new path to controller.
[controller_server-7] [INFO] [1783977624.444908977] [leo2.controller_server]: Passing new path to controller.
[controller_server-7] [INFO] [1783977625.444908482] [leo2.controller_server]: Passing new path to controller.
[controller_server-7] [ERROR] [1783977626.144924482] [leo2.controller_server]: Failed to make progress
[controller_server-7] [WARN] [1783977626.145007419] [leo2.controller_server]: [follow_path] [ActionServer] Aborting handle.
[behavior_server-9] [INFO] [1783977626.170358611] [leo2.behavior_server]: Running wait
[behavior_server-9] [INFO] [1783977631.270785742] [leo2.behavior_server]: wait completed successfully
[controller_server-7] [INFO] [1783977631.314319707] [leo2.controller_server]: Received a goal, begin computing control effort.
[controller_server-7] [INFO] [1783977632.064444652] [leo2.controller_server]: Goal was canceled. Stopping the robot.
[controller_server-7] [INFO] [1783977632.064513590] [leo2.controller_server]: [follow_path] [ActionServer] Client requested to cancel the goal. Cancelling.
[bt_navigator-10] [INFO] [1783977632.065733135] [leo2.bt_navigator]: [navigate_to_pose] [ActionServer] Client requested to cancel the goal. Cancelling.
[bt_navigator-10] [INFO] [1783977632.066530010] [leo2.bt_navigator]: Goal canceled
[controller_server-7] [INFO] [1783977632.089821738] [leo2.local_costmap.local_costmap]: Received request to clear entirely the local_costmap
[planner_server-8] [INFO] [1783977632.089895681] [leo2.global_costmap.global_costmap]: Received request to clear entirely the global_costmap
[planner_server-8] [INFO] [1783977646.450167610] [leo2.global_costmap.global_costmap]: Message Filter dropping message: frame 'leo2/sensor_lidar_link' at time 952.500 for reason 'the timestamp on the message is earlier than all the data in the transform cache'
[planner_server-8] [INFO] [1783977649.123054943] [leo2.global_costmap.global_costmap]: Message Filter dropping message: frame 'leo2/sensor_lidar_link' at time 955.100 for reason 'the timestamp on the message is earlier than all the data in the transform cache'
