t,gt_x,gt_y,gt_yaw,odom_x,odom_y,odom_yaw,slam_x,slam_y,slam_yaw
53.00,-0.0000,0.0000,0.0000,0.0000,0.0000,0.1031,,,
53.50,-0.0000,0.0000,0.0000,0.0000,0.0000,0.1045,0.0000,0.0000,0.1045
54.00,-0.0000,0.0000,0.0000,0.0000,0.0000,0.1057,0.0000,0.0000,0.1057
54.50,-0.0000,0.0000,0.0000,0.0000,0.0000,0.1067,0.0000,0.0000,0.1067
55.00,-0.0000,0.0000,0.0000,0.0000,0.0000,0.1084,0.0000,0.0000,0.1084
55.50,-0.0000,0.0000,0.0000,0.0000,0.0000,0.1102,0.0000,0.0000,0.1102
56.00,-0.0000,0.0000,0.0000,0.0000,0.0000,0.1110,0.0000,0.0000,0.1110
56.50,-0.0000,0.0000,0.0000,0.0000,0.0000,0.1126,0.0000,0.0000,0.1126
57.00,-0.0000,0.0000,0.0000,0.0000,0.0000,0.1140,0.0000,0.0000,0.1140
57.50,-0.0000,0.0000,0.0000,0.0000,0.0000,0.1155,0.0000,0.0000,0.1155
58.00,-0.0000,0.0000,0.0000,0.0000,0.0000,0.1171,0.0000,0.0000,0.1171
58.50,-0.0000,0.0000,0.0000,0.0000,0.0000,0.1184,0.0000,0.0000,0.1184
59.00,-0.0000,0.0000,0.0000,0.0000,0.0000,0.1198,0.0000,0.0000,0.1198
59.50,-0.0000,0.0000,0.0000,0.0000,0.0000,0.1215,0.0000,0.0000,0.1215
60.00,-0.0000,0.0000,0.0000,0.0000,0.0000,0.1229,0.0000,0.0000,0.1229
60.50,-0.0000,0.0000,0.0000,0.0000,0.0000,0.1243,0.0000,0.0000,0.1243
61.00,-0.0000,0.0000,0.0000,0.0000,0.0000,0.1264,0.0000,0.0000,0.1264
61.50,-0.0000,0.0000,0.0000,0.0000,0.0000,0.1281,0.0000,0.0000,0.1281
62.00,0.0573,-0.0000,-0.0000,0.0576,0.0075,0.1294,0.0576,0.0075,0.1294
62.50,0.1173,-0.0000,-0.0000,0.1168,0.0152,0.1308,0.0858,-0.0019,0.0296
63.00,0.1773,-0.0000,-0.0000,0.1747,0.0229,0.1324,0.0713,0.0004,0.0280
63.50,0.2373,-0.0000,-0.0000,0.2378,0.0313,0.1329,0.1278,0.0023,0.0282
64.00,0.2973,-0.0000,-0.0000,0.2944,0.0389,0.1347,0.1049,0.0039,0.0300
64.50,0.3573,-0.0000,-0.0000,0.3577,0.0475,0.1360,0.1688,0.0059,0.0313
65.00,0.4173,-0.0000,-0.0000,0.4191,0.0560,0.1378,0.1052,-0.0008,0.0296
65.50,0.4773,-0.0000,-0.0000,0.4799,0.0645,0.1391,0.1621,0.0001,0.0309
66.00,0.5373,-0.0000,-0.0000,0.5413,0.0731,0.1405,0.1439,0.0026,0.0288
66.50,0.5973,-0.0000,-0.0000,0.6063,0.0823,0.1419,0.1796,0.0045,0.0302
67.00,0.6573,-0.0000,-0.0000,0.6658,0.0909,0.1429,0.1997,0.0064,0.0312
67.50,0.7173,-0.0000,-0.0000,0.7246,0.0994,0.1444,0.2391,0.0088,0.0292
68.00,0.7773,-0.0000,-0.0000,0.7845,0.1081,0.1457,0.2996,0.0106,0.0306
68.50,0.8373,-0.0000,-0.0000,0.8465,0.1172,0.1468,0.3222,0.0130,0.0282
69.00,0.8973,-0.0000,-0.0000,0.9046,0.1259,0.1488,0.3509,0.0047,0.0302
69.50,0.9573,-0.0000,-0.0000,0.9680,0.1354,0.1500,0.4150,0.0172,0.0278
70.00,1.0173,-0.0000,-0.0000,1.0265,0.1443,0.1510,0.4641,0.0189,0.0289
70.50,1.0773,-0.0000,-0.0000,1.0854,0.1533,0.1519,0.5237,0.0206,0.0297
71.00,1.1373,-0.0000,-0.0000,1.1499,0.1632,0.1525,0.5598,0.0139,0.0269
71.50,1.1973,-0.0000,-0.0000,1.2118,0.1728,0.1543,0.6115,0.0147,0.0287
72.00,1.2235,-0.0000,-0.0000,1.2382,0.1769,0.1555,0.6382,0.0155,0.0299
72.50,1.2235,-0.0000,-0.0000,1.2382,0.1769,0.1571,0.6382,0.0155,0.0314
73.00,1.2235,-0.0000,-0.0000,1.2382,0.1769,0.1590,0.6382,0.0155,0.0333
73.50,1.2235,-0.0000,-0.0000,1.2382,0.1769,0.1604,0.6382,0.0155,0.0347
74.00,1.2235,-0.0000,-0.0000,1.2382,0.1769,0.1620,0.6382,0.0155,0.0364
74.50,1.2235,-0.0000,-0.0000,1.2382,0.1769,0.1632,0.6382,0.0155,0.0376
75.00,1.2235,-0.0000,-0.0000,1.2382,0.1769,0.1650,0.6382,0.0155,0.0393
75.50,1.2235,-0.0000,-0.0000,1.2382,0.1769,0.1661,0.6382,0.0155,0.0404
76.00,1.2235,-0.0000,-0.0000,1.2382,0.1769,0.1679,0.6382,0.0155,0.0423
76.50,1.2235,-0.0000,-0.0000,1.2382,0.1769,0.1691,0.6382,0.0155,0.0434
77.00,1.2235,-0.0000,-0.0000,1.2382,0.1769,0.1704,0.6382,0.0155,0.0447
77.50,1.2235,-0.0000,-0.0000,1.2382,0.1769,0.1717,0.6382,0.0155,0.0461
78.00,1.2235,-0.0000,-0.0000,1.2382,0.1769,0.1728,0.6382,0.0155,0.0472
78.50,1.2235,-0.0000,-0.0000,1.2382,0.1769,0.1744,0.6382,0.0155,0.0488
79.00,1.2235,-0.0000,-0.0000,1.2382,0.1769,0.1753,0.6382,0.0155,0.0497
79.50,1.2235,-0.0000,-0.0000,1.2382,0.1769,0.1761,0.6382,0.0155,0.0505
80.00,1.2235,0.0000,0.0026,1.2382,0.1769,0.1778,0.6382,0.0155,0.0521
80.50,1.2235,0.0052,0.0540,1.2432,0.1780,0.2330,0.6433,0.0159,0.1073
81.00,1.2235,0.0126,0.1049,1.2510,0.1801,0.2854,0.6513,0.0170,0.1598
81.50,1.2235,0.0195,0.1540,1.2570,0.1820,0.3352,0.6575,0.0182,0.2095
82.00,1.2236,0.0259,0.2014,1.2630,0.1842,0.3846,0.6527,0.0350,0.2311
82.50,1.2236,0.0319,0.2474,1.2684,0.1866,0.4318,0.6584,0.0364,0.2782
83.00,1.2236,0.0373,0.2919,1.2737,0.1892,0.4780,0.6640,0.0382,0.3244
83.50,1.2237,0.0423,0.3351,1.2790,0.1921,0.5220,0.6697,0.0403,0.3684
84.00,1.2237,0.0468,0.3771,1.2834,0.1947,0.5652,0.6744,0.0422,0.4116
84.50,1.2237,0.0508,0.4180,1.2859,0.1964,0.6077,0.6772,0.0435,0.4541
85.00,1.2238,0.0543,0.4577,1.2898,0.1991,0.6488,0.6814,0.0456,0.4952
85.50,1.2238,0.0573,0.4964,1.2925,0.2013,0.6889,0.6844,0.0473,0.5353
86.00,1.2239,0.0599,0.5340,1.2952,0.2036,0.7280,0.6875,0.0492,0.5744
86.50,1.2239,0.0620,0.5707,1.2971,0.2054,0.7660,0.7065,0.0801,0.5998
87.00,1.2240,0.0636,0.6064,1.2985,0.2068,0.8033,0.7097,0.0841,0.6358
87.50,1.2240,0.0648,0.6411,1.2992,0.2075,0.8392,0.7105,0.0848,0.6716
88.00,1.2241,0.0656,0.6750,1.2998,0.2082,0.8747,0.7112,0.0853,0.7072
88.50,1.2241,0.0659,0.7081,1.3000,0.2084,0.9088,0.7114,0.0855,0.7412
89.00,1.2241,0.0658,0.7406,1.2998,0.2082,0.9427,0.7112,0.0853,0.7752
89.50,1.2238,0.0658,0.7741,1.2994,0.2077,0.9772,0.7108,0.0848,0.8097
90.00,1.2239,0.0656,0.8083,1.2993,0.2074,1.0117,0.7106,0.0846,0.8442
90.50,1.2239,0.0652,0.8414,1.2991,0.2071,1.0465,0.7104,0.0844,0.8790
91.00,1.2239,0.0651,0.8739,1.2991,0.2071,1.0803,0.7103,0.0843,0.9128
91.50,1.2234,0.0651,0.9073,1.2990,0.2070,1.1144,0.7103,0.0842,0.9469
92.00,1.2225,0.0650,0.9414,1.2987,0.2062,1.1493,0.7097,0.0835,0.9817
92.50,1.2212,0.0650,0.9765,1.2985,0.2059,1.1858,0.7096,0.0833,1.0183
93.00,1.2194,0.0649,1.0126,1.2981,0.2047,1.2234,0.7090,0.0822,1.0559
93.50,1.2171,0.0649,1.0496,1.2973,0.2024,1.2621,0.7078,0.0800,1.0946
94.00,1.2144,0.0648,1.0875,1.2965,0.1999,1.3018,0.7066,0.0776,1.1343
94.50,1.2112,0.0648,1.1265,1.2957,0.1967,1.3422,0.7053,0.0747,1.1747
95.00,1.2075,0.0647,1.1666,1.2949,0.1929,1.3836,0.7039,0.0710,1.2161
95.50,1.2034,0.0647,1.2079,1.2943,0.1891,1.4260,0.7026,0.0674,1.2585
96.00,1.1987,0.0646,1.2503,1.2936,0.1840,1.4696,0.7011,0.0625,1.3021
96.50,1.1936,0.0646,1.2939,1.2931,0.1773,1.5146,0.6995,0.0560,1.3471
97.00,1.1879,0.0646,1.3389,1.2930,0.1728,1.5608,0.6986,0.0516,1.3933
97.50,1.1818,0.0646,1.3854,1.2930,0.1668,1.6081,0.6976,0.0456,1.4406
98.00,1.1752,0.0645,1.4334,1.2935,0.1588,1.6578,0.6968,0.0376,1.4903
98.50,1.1682,0.0645,1.4830,1.2943,0.1514,1.7085,0.6099,0.0708,1.5096
99.00,1.1606,0.0645,1.5346,1.2958,0.1429,1.7616,0.6096,0.0622,1.5627
99.50,1.1526,0.0645,1.5879,1.2963,0.1402,1.8164,0.6096,0.0594,1.6175
100.00,1.1450,0.0645,1.6394,1.2941,0.1480,1.8702,0.6089,0.0675,1.6713
100.50,1.1426,0.0645,1.6704,1.2935,0.1499,1.9017,0.6087,0.0695,1.7027
101.00,1.1357,0.0645,1.7196,1.2912,0.1559,1.9523,0.6077,0.0758,1.7534
101.50,1.1292,0.0646,1.7673,1.2882,0.1628,2.0013,0.6061,0.0832,1.8024
102.00,1.1232,0.0646,1.8134,1.2858,0.1678,2.0487,0.6048,0.0886,1.8498
102.50,1.1177,0.0646,1.8580,1.2828,0.1733,2.0944,0.6029,0.0945,1.8954
103.00,1.1127,0.0646,1.9014,1.2799,0.1781,2.1390,0.6010,0.0998,1.9400
103.50,1.1082,0.0647,1.9435,1.2773,0.1820,2.1828,0.5992,0.1042,1.9838
104.00,1.1041,0.0647,1.9845,1.2749,0.1853,2.2248,0.5975,0.1079,2.0258
104.50,1.1005,0.0648,2.0243,1.2721,0.1887,2.2660,0.5955,0.1118,2.0671
105.00,1.0975,0.0648,2.0631,1.2700,0.1912,2.3063,0.5939,0.1146,2.1074
105.50,1.0948,0.0649,2.1008,1.2683,0.1930,2.3452,0.5926,0.1168,2.1463
106.00,1.0810,0.0888,2.1977,1.2472,0.2124,2.4435,0.5189,0.1111,2.2287
106.50,1.0242,0.1594,2.2979,1.1742,0.2654,2.5492,0.4526,0.1751,2.3265
107.00,0.9382,0.2562,2.2815,1.0632,0.3403,2.5332,0.3690,0.2727,2.3098
107.50,0.8542,0.3554,2.2731,0.9565,0.4157,2.5251,0.2735,0.3598,2.3017
108.00,0.7692,0.4538,2.3095,0.8463,0.4920,2.5621,0.1848,0.4587,2.3388
108.50,0.6788,0.5466,2.3765,0.7353,0.5595,2.6316,0.0994,0.5489,2.4047
109.00,0.5826,0.6336,2.4449,0.6157,0.6214,2.6997,0.0446,0.6363,2.4728
109.50,0.4780,0.7126,2.5719,0.4972,0.6682,2.8320,-0.0948,0.7079,2.6051
110.00,0.3728,0.7783,2.5958,0.3768,0.7038,2.8566,-0.1928,0.7683,2.6213
110.50,0.3139,0.8171,2.5595,0.3049,0.7260,2.8205,-0.2598,0.8072,2.5849
111.00,0.3041,0.8250,2.5241,0.2925,0.7302,2.7868,-0.2711,0.8142,2.5512
111.50,0.3040,0.8261,2.4896,0.2915,0.7307,2.7532,-0.2720,0.8149,2.5177
112.00,0.3040,0.8267,2.4560,0.2912,0.7308,2.7213,-0.2723,0.8151,2.4857
112.50,0.3039,0.8269,2.4233,0.2910,0.7309,2.6900,-0.2725,0.8152,2.4545
113.00,0.3036,0.8268,2.3905,0.2906,0.7311,2.6591,-0.2728,0.8155,2.4236
113.50,0.3033,0.8267,2.3566,0.2901,0.7313,2.6266,-0.2732,0.8158,2.3911
114.00,0.3032,0.8269,2.3227,0.2902,0.7313,2.5939,-0.2732,0.8158,2.3584
114.50,0.3032,0.8271,2.2899,0.2899,0.7314,2.5626,-0.2734,0.8160,2.3270
115.00,0.3033,0.8270,2.2572,0.2902,0.7312,2.5318,-0.2732,0.8158,2.2962
115.50,0.3039,0.8270,2.2236,0.2906,0.7309,2.4995,-0.2728,0.8154,2.2639
116.00,0.3050,0.8269,2.1891,0.2913,0.7304,2.4669,-0.2723,0.8146,2.2313
116.50,0.3065,0.8269,2.1537,0.2926,0.7293,2.4331,-0.2712,0.8133,2.1975
117.00,0.3084,0.8268,2.1174,0.2945,0.7276,2.3989,-0.2698,0.8112,2.1633
117.50,0.3108,0.8268,2.0801,0.2963,0.7260,2.3629,-0.2685,0.8092,2.1273
118.00,0.3137,0.8267,2.0418,0.2985,0.7236,2.3258,-0.2668,0.8064,2.0902
118.50,0.3170,0.8267,2.0025,0.3011,0.7207,2.2875,-0.2650,0.8030,2.0519
119.00,0.3184,0.8357,1.9380,0.2972,0.7258,2.2261,-0.2677,0.8088,1.9905
119.50,0.3134,0.8994,1.8093,0.2631,0.7779,2.0956,-0.2886,0.8674,1.8600
120.00,0.2920,1.0176,1.7858,0.2048,0.8845,2.0720,-0.2716,1.0044,1.8137
120.50,0.2606,1.1076,1.8836,0.1547,0.9666,2.1778,-0.2909,1.1054,1.9161
121.00,0.2230,1.2191,1.8726,0.0895,1.0592,2.1682,-0.3405,1.2015,1.8995
121.50,0.1915,1.3271,1.7873,0.0314,1.1543,2.0812,-0.3816,1.3185,1.8090
122.00,0.1773,1.3771,1.7419,0.0066,1.2005,2.0356,-0.3925,1.3699,1.7669
122.50,0.1747,1.3803,1.6939,0.0044,1.2050,1.9881,-0.3935,1.3747,1.7193
123.00,0.1806,1.3803,1.6437,0.0066,1.1995,1.9387,-0.3928,1.3689,1.6700
123.50,0.1882,1.3803,1.5916,0.0089,1.1930,1.8882,-0.3923,1.3620,1.6194
124.00,0.1962,1.3803,1.5382,0.0086,1.1942,1.8364,-0.3923,1.3632,1.5677
124.50,0.2038,1.3803,1.4865,0.0068,1.2016,1.7866,-0.3921,1.3708,1.5178
125.00,0.2109,1.3803,1.4367,0.0054,1.2087,1.7385,-0.3915,1.3781,1.4697
125.50,0.2152,1.3803,1.4084,0.0047,1.2129,1.7098,-0.3910,1.3823,1.4410
126.00,0.2098,1.3803,1.4566,0.0058,1.2069,1.7613,-0.3916,1.3762,1.4926
126.50,0.2025,1.3803,1.5071,0.0072,1.2002,1.8127,-0.3920,1.3693,1.5440
127.00,0.1947,1.3803,1.5596,0.0095,1.1919,1.8665,-0.3920,1.3608,1.5977
127.50,0.1867,1.3803,1.6128,0.0076,1.1976,1.9218,-0.3924,1.3668,1.6531
128.00,0.1792,1.3803,1.6641,0.0045,1.2053,1.9744,-0.3933,1.3750,1.7057
128.50,0.1722,1.3803,1.7136,0.0012,1.2126,2.0254,-0.3945,1.3829,1.7566
129.00,0.1657,1.3803,1.7614,-0.0021,1.2190,2.0747,-0.3961,1.3899,1.8060
129.50,0.1596,1.3804,1.8077,-0.0052,1.2243,2.1221,-0.3977,1.3959,1.8533
130.00,0.1540,1.3804,1.8526,-0.0081,1.2288,2.1686,-0.3993,1.4010,1.8998
130.50,0.1490,1.3804,1.8961,-0.0115,1.2335,2.2130,-0.4012,1.4064,1.9443
131.00,0.1444,1.3805,1.9384,-0.0140,1.2367,2.2563,-0.4028,1.4101,1.9875
131.50,0.1403,1.3805,1.9795,-0.0169,1.2401,2.2984,-0.4291,1.3724,2.0053
132.00,0.1366,1.3806,2.0194,-0.0200,1.2435,2.3396,-0.4311,1.3766,2.0464
132.50,0.1335,1.3806,2.0583,-0.0220,1.2455,2.3799,-0.4324,1.3791,2.0867
133.00,0.1308,1.3806,2.0962,-0.0244,1.2477,2.4189,-0.4341,1.3819,2.1257
133.50,0.1286,1.3807,2.1331,-0.0253,1.2484,2.4570,-0.4347,1.3828,2.1638
134.00,0.1268,1.3807,2.1690,-0.0268,1.2496,2.4942,-0.4358,1.3844,2.2011
134.50,0.1256,1.3808,2.2040,-0.0279,1.2504,2.5300,-0.4366,1.3855,2.2368
135.00,0.1247,1.3809,2.2381,-0.0289,1.2511,2.5657,-0.4374,1.3864,2.2725
135.50,0.1243,1.3809,2.2713,-0.0291,1.2512,2.6008,-0.4375,1.3866,2.3076
136.00,0.1243,1.3809,2.3038,-0.0291,1.2512,2.6344,-0.4375,1.3866,2.3413
136.50,0.1243,1.3806,2.3371,-0.0286,1.2510,2.6695,-0.4372,1.3862,2.3764
137.00,0.1245,1.3806,2.3713,-0.0284,1.2509,2.7051,-0.4370,1.3861,2.4120
137.50,0.1249,1.3807,2.4047,-0.0279,1.2506,2.7398,-0.4365,1.3857,2.4466
138.00,0.1250,1.3807,2.4372,-0.0277,1.2505,2.7737,-0.4364,1.3856,2.4805
138.50,0.1251,1.3803,2.4703,-0.0272,1.2503,2.8079,-0.4359,1.3852,2.5148
139.00,0.1251,1.3795,2.5043,-0.0264,1.2501,2.8431,-0.4353,1.3847,2.5500
139.50,0.1252,1.3783,2.5392,-0.0248,1.2496,2.8795,-0.4339,1.3839,2.5863
140.00,0.1252,1.3766,2.5750,-0.0231,1.2492,2.9171,-0.4324,1.3830,2.6239
140.50,0.1253,1.3745,2.6117,-0.0205,1.2487,2.9544,-0.4301,1.3817,2.6613
141.00,0.1253,1.3718,2.6495,-0.0185,1.2483,2.9937,-0.4282,1.3808,2.7005
141.50,0.1254,1.3688,2.6883,-0.0145,1.2478,3.0338,-0.4245,1.3791,2.7406
142.00,0.1254,1.3652,2.7281,-0.0108,1.2475,3.0756,-0.4211,1.3778,2.7825
142.50,0.1255,1.3611,2.7691,-0.0055,1.2472,3.1176,-0.4162,1.3760,2.8245
143.00,0.1255,1.3566,2.8112,-0.0004,1.2472,-3.1222,-0.4112,1.3745,2.8679
143.50,0.1255,1.3516,2.8546,0.0040,1.2474,-3.0771,-0.4070,1.3734,2.9129
144.00,0.1256,1.3461,2.8992,0.0105,1.2480,-3.0310,-0.4006,1.3721,2.9591
144.50,0.1256,1.3401,2.9453,0.0155,1.2486,-2.9828,-0.3956,1.3713,3.0072
145.00,0.1256,1.3336,2.9930,0.0209,1.2497,-2.9342,-0.3901,1.3707,3.0558
145.50,0.1256,1.3266,3.0422,0.0280,1.2514,-2.8835,-0.3829,1.3702,3.1065
146.00,0.1256,1.3192,3.0933,0.0377,1.2542,-2.8308,-0.4330,1.3122,3.1208
146.50,0.1256,1.3113,-3.1368,0.0433,1.2562,-2.7767,-0.4271,1.3123,-3.1082
147.00,0.1256,1.3034,-3.0841,0.0346,1.2526,-2.7230,-0.4365,1.3117,-3.0546
147.50,0.1256,1.2961,-3.0333,0.0253,1.2481,-2.6705,-0.4468,1.3105,-3.0021
148.00,0.1256,1.2892,-2.9844,0.0189,1.2447,-2.6192,-0.4539,1.3093,-2.9507
148.50,0.1256,1.2828,-2.9370,0.0139,1.2416,-2.5706,-0.4597,1.3080,-2.9022
149.00,0.1255,1.2769,-2.8912,0.0090,1.2383,-2.5230,-0.4653,1.3065,-2.8546
149.50,0.1255,1.2714,-2.8467,0.0032,1.2340,-2.4770,-0.4723,1.3043,-2.8086
150.00,0.1255,1.2665,-2.8036,-0.0010,1.2306,-2.4326,-0.4774,1.3025,-2.7642
150.50,0.1254,1.2621,-2.7617,-0.0044,1.2275,-2.3891,-0.4816,1.3007,-2.7206
151.00,0.1254,1.2581,-2.7209,-0.0079,1.2241,-2.3468,-0.4304,1.2508,-2.6910
151.50,0.1254,1.2546,-2.6813,-0.0104,1.2214,-2.3056,-0.4281,1.2444,-2.6511
152.00,0.1253,1.2516,-2.6427,-0.0123,1.2193,-2.2657,-0.4306,1.2430,-2.6112
152.50,0.1253,1.2499,-2.6176,-0.0132,1.2181,-2.2398,-0.4319,1.2423,-2.5853
153.00,0.1253,1.2496,-2.6092,-0.0134,1.2178,-2.2305,-0.4322,1.2421,-2.5760
153.50,0.1252,1.2475,-2.5725,-0.0145,1.2164,-2.1920,-0.4337,1.2411,-2.5375
154.00,0.1252,1.2458,-2.5368,-0.0157,1.2146,-2.1543,-0.4354,1.2398,-2.4998
154.50,0.1251,1.2446,-2.5020,-0.0166,1.2132,-2.1180,-0.4368,1.2388,-2.4635
155.00,0.1251,1.2438,-2.4680,-0.0170,1.2126,-2.0820,-0.4373,1.2383,-2.4276
155.50,0.1250,1.2435,-2.4350,-0.0171,1.2124,-2.0473,-0.4374,1.2382,-2.3928
156.00,0.1250,1.2435,-2.4025,-0.0171,1.2124,-2.0134,-0.4375,1.2382,-2.3589
156.50,0.1253,1.2436,-2.3690,-0.0169,1.2128,-1.9781,-0.4372,1.2385,-2.3236
157.00,0.1253,1.2438,-2.3348,-0.0168,1.2131,-1.9429,-0.4370,1.2387,-2.2885
157.50,0.1252,1.2442,-2.3016,-0.0166,1.2137,-1.9082,-0.4366,1.2392,-2.2537
158.00,0.1253,1.2442,-2.2691,-0.0166,1.2137,-1.8744,-0.4366,1.2392,-2.2199
158.50,0.1257,1.2443,-2.2358,-0.0164,1.2142,-1.8401,-0.4362,1.2396,-2.1856
159.00,0.1266,1.2444,-2.2017,-0.0163,1.2149,-1.8040,-0.4358,1.2403,-2.1495
159.50,0.1279,1.2444,-2.1666,-0.0160,1.2159,-1.7674,-0.4353,1.2412,-2.1129
160.00,0.1297,1.2445,-2.1306,-0.0157,1.2177,-1.7301,-0.4344,1.2427,-2.0756
160.50,0.1319,1.2445,-2.0937,-0.0154,1.2200,-1.6914,-0.4333,1.2447,-2.0369
161.00,0.1346,1.2446,-2.0558,-0.0151,1.2230,-1.6520,-0.4320,1.2475,-1.9975
161.50,0.1378,1.2446,-2.0168,-0.0149,1.2262,-1.6116,-0.4307,1.2505,-1.9571
162.00,0.1415,1.2447,-1.9768,-0.0148,1.2295,-1.5695,-0.4295,1.2535,-1.9150
162.50,0.1456,1.2447,-1.9356,-0.0149,1.2337,-1.5268,-0.4282,1.2575,-1.8723
163.00,0.1502,1.2447,-1.8932,-0.0152,1.2383,-1.4833,-0.4269,1.2620,-1.8288
163.50,0.1553,1.2448,-1.8496,-0.0156,1.2421,-1.4387,-0.4260,1.2657,-1.7842
164.00,0.1609,1.2448,-1.8047,-0.0165,1.2475,-1.3921,-0.4250,1.2710,-1.7376
164.50,0.1670,1.2448,-1.7583,-0.0175,1.2525,-1.3443,-0.4242,1.2761,-1.6898
165.00,0.1736,1.2448,-1.7104,-0.0192,1.2591,-1.2954,-0.4236,1.2829,-1.6409
165.50,0.1807,1.2449,-1.6608,-0.0211,1.2653,-1.2445,-0.4233,1.2894,-1.5900
166.00,0.1882,1.2449,-1.6094,-0.0240,1.2732,-1.1917,-0.4233,1.2978,-1.5372
166.50,0.1979,1.2312,-1.5261,-0.0193,1.2634,-1.1050,-0.3525,1.2267,-1.4976
167.00,0.2130,1.1591,-1.4310,0.0195,1.1939,-1.0085,-0.3432,1.1476,-1.4011
167.50,0.2377,1.0375,-1.2719,0.0958,1.0918,-0.8467,-0.2954,1.0182,-1.2428
168.00,0.2743,0.9175,-1.0966,0.1891,1.0050,-0.6688,-0.2444,0.9048,-1.0632
168.50,0.3316,0.8123,-0.9098,0.2877,0.9410,-0.4780,-0.2054,0.8073,-0.8794
169.00,0.4079,0.7306,-0.6978,0.3959,0.8979,-0.2638,-0.1208,0.7195,-0.6669
169.50,0.4970,0.6607,-0.4654,0.5111,0.8796,-0.0303,-0.0303,0.6616,-0.4368
170.00,0.6006,0.6040,-0.1890,0.6285,0.8918,0.2478,0.0823,0.6214,-0.1587
170.50,0.7222,0.5604,0.1136,0.7496,0.9431,0.5552,0.1939,0.5950,0.1451
171.00,0.8497,0.5668,0.2496,0.8547,1.0203,0.6924,0.3257,0.5889,0.2806
171.50,0.9675,0.5963,0.2113,0.9520,1.1006,0.6544,0.4439,0.6065,0.2408
172.00,1.0930,0.6178,-0.0122,1.0565,1.1658,0.4281,0.5477,0.6241,0.0145
172.50,1.2220,0.6236,-0.1816,1.1816,1.2091,0.2582,0.6675,0.6289,-0.1536
173.00,1.3497,0.6020,-0.1639,1.3129,1.2433,0.2768,0.8003,0.6237,-0.1368
173.50,1.4787,0.5864,-0.1022,1.4434,1.2867,0.3431,0.9372,0.6111,-0.0705
174.00,1.6009,0.5704,-0.1310,1.5642,1.3274,0.3139,1.0526,0.5999,-0.1014
174.50,1.6698,0.5613,-0.1310,1.6377,1.3513,0.3157,1.1117,0.5928,-0.1027
175.00,1.6767,0.5604,-0.1310,1.6443,1.3535,0.3176,1.1173,0.5921,-0.1012
175.50,1.6390,0.5653,-0.1310,1.6107,1.3424,0.3191,1.0821,0.5957,-0.0997
176.00,1.5994,0.5706,-0.1310,1.5677,1.3282,0.3201,1.0370,0.6002,-0.0987
176.50,1.5597,0.5758,-0.1310,1.5296,1.3155,0.3218,0.9970,0.6041,-0.0970
177.00,1.5201,0.5810,-0.1310,1.4921,1.3030,0.3228,0.9576,0.6079,-0.0960
177.50,1.4804,0.5862,-0.1310,1.4541,1.2902,0.3243,0.9252,0.6137,-0.1015
178.00,1.4408,0.5915,-0.1310,1.4160,1.2774,0.3255,0.8852,0.6177,-0.1002
178.50,1.4011,0.5967,-0.1310,1.3808,1.2655,0.3271,0.8538,0.6226,-0.1039
179.00,1.3614,0.6019,-0.1310,1.3445,1.2532,0.3279,0.8156,0.6266,-0.1031
179.50,1.3218,0.6071,-0.1310,1.3038,1.2393,0.3294,0.7675,0.6317,-0.1034
180.00,1.2821,0.6124,-0.1310,1.2646,1.2259,0.3305,0.7263,0.6360,-0.1023
180.50,1.2492,0.6165,-0.1369,1.2317,1.2145,0.3274,0.6947,0.6399,-0.1054
181.00,1.2482,0.6123,-0.1848,1.2340,1.2152,0.2789,0.6970,0.6396,-0.1538
181.50,1.2482,0.6062,-0.2313,1.2419,1.2173,0.2337,0.7051,0.6381,-0.1991
182.00,1.2482,0.6006,-0.2763,1.2486,1.2187,0.1897,0.7118,0.6366,-0.2431
182.50,1.2483,0.5954,-0.3200,1.2545,1.2197,0.1470,0.7175,0.6351,-0.2857
183.00,1.2483,0.5908,-0.3624,1.2587,1.2203,0.1060,0.7216,0.6338,-0.3267
183.50,1.2483,0.5866,-0.4036,1.2624,1.2206,0.0664,0.7251,0.6325,-0.3663
184.00,1.2484,0.5829,-0.4438,1.2668,1.2208,0.0274,0.7291,0.6309,-0.4054
184.50,1.2484,0.5797,-0.4828,1.2697,1.2208,-0.0106,0.7318,0.6297,-0.4434
185.00,1.2485,0.5770,-0.5208,1.2725,1.2207,-0.0470,0.7343,0.6284,-0.4798
185.50,1.2485,0.5747,-0.5578,1.2748,1.2206,-0.0824,0.7363,0.6273,-0.5152
186.00,1.2486,0.5729,-0.5938,1.2764,1.2204,-0.1170,0.7378,0.6265,-0.5497
186.50,1.2486,0.5715,-0.6289,1.2777,1.2202,-0.1507,0.7389,0.6258,-0.5835
187.00,1.2487,0.5706,-0.6631,1.2782,1.2202,-0.1837,0.7392,0.6255,-0.6164
187.50,1.2487,0.5702,-0.6965,1.2788,1.2200,-0.2158,0.7398,0.6251,-0.6485
188.00,1.2488,0.5701,-0.7290,1.2790,1.2200,-0.2464,0.7399,0.6250,-0.6791
188.50,1.2492,0.5702,-0.7621,1.2794,1.2199,-0.2782,0.7402,0.6248,-0.7109
189.00,1.2494,0.5702,-0.7963,1.2797,1.2198,-0.3109,0.7405,0.6246,-0.7436
189.50,1.2495,0.5699,-0.8298,1.2801,1.2197,-0.3429,0.7408,0.6243,-0.7756
190.00,1.2495,0.5699,-0.8623,1.2802,1.2196,-0.3743,0.7408,0.6242,-0.8070
190.50,1.2492,0.5700,-0.8954,1.2799,1.2197,-0.4065,0.7406,0.6244,-0.8392
191.00,1.2485,0.5700,-0.9292,1.2794,1.2200,-0.4384,0.7402,0.6249,-0.8711
191.50,1.2473,0.5701,-0.9640,1.2785,1.2204,-0.4717,0.7396,0.6257,-0.9045
192.00,1.2456,0.5701,-0.9997,1.2773,1.2210,-0.5062,0.7388,0.6267,-0.9389
192.50,1.2435,0.5702,-1.0363,1.2760,1.2218,-0.5415,0.7380,0.6279,-0.9742
193.00,1.2410,0.5702,-1.0740,1.2737,1.2232,-0.5776,0.7365,0.6302,-1.0103
193.50,1.2380,0.5703,-1.1126,1.2707,1.2253,-0.6145,0.7346,0.6333,-1.0473
194.00,1.2344,0.5703,-1.1523,1.2676,1.2275,-0.6531,0.7327,0.6367,-1.0858
194.50,1.2305,0.5703,-1.1931,1.2648,1.2298,-0.6925,0.7311,0.6399,-1.1252
195.00,1.2260,0.5704,-1.2351,1.2601,1.2338,-0.7330,0.7285,0.6455,-1.1657
195.50,1.2210,0.5704,-1.2783,1.2562,1.2375,-0.7748,0.7265,0.6504,-1.2076
196.00,1.2156,0.5705,-1.3228,1.2531,1.2407,-0.8172,0.7250,0.6547,-1.2500
196.50,1.2096,0.5705,-1.3688,1.2491,1.2451,-0.8616,0.7233,0.6604,-1.2943
197.00,1.2032,0.5705,-1.4162,1.2451,1.2500,-0.9069,0.7217,0.6665,-1.3397
197.50,1.1963,0.5705,-1.4652,1.2405,1.2561,-0.9545,0.7201,0.6739,-1.3872
198.00,1.1889,0.5705,-1.5161,1.2360,1.2628,-1.0044,0.7189,0.6820,-1.4371
198.50,1.1810,0.5705,-1.5689,1.2323,1.2690,-1.0561,0.6298,0.6008,-1.5412
199.00,1.1732,0.5705,-1.6219,1.2357,1.2625,-1.1075,0.6298,0.5934,-1.5926
199.50,1.1658,0.5705,-1.6729,1.2393,1.2548,-1.1577,0.6294,0.5850,-1.6428
200.00,1.1588,0.5705,-1.7221,1.2424,1.2473,-1.2052,0.6286,0.5768,-1.6903
200.50,1.1527,0.5705,-1.7672,1.2446,1.2411,-1.2517,0.6277,0.5703,-1.7368
201.00,1.1483,0.5705,-1.8086,1.2460,1.2367,-1.2898,0.6268,0.5658,-1.7749
201.50,1.1428,0.5704,-1.8535,1.2472,1.2320,-1.3331,0.6257,0.5610,-1.8182
202.00,1.1377,0.5704,-1.8970,1.2480,1.2287,-1.3753,0.6249,0.5578,-1.8605
202.50,1.1331,0.5704,-1.9392,1.2486,1.2251,-1.4161,0.6237,0.5543,-1.9012
203.00,1.1290,0.5703,-1.9803,1.2493,1.2207,-1.4556,0.6222,0.5501,-1.9407
203.50,1.1254,0.5703,-2.0202,1.2497,1.2164,-1.4949,0.5721,0.5860,-1.9922
204.00,1.1222,0.5702,-2.0591,1.2498,1.2135,-1.5321,0.5709,0.5833,-2.0294
204.50,1.1196,0.5702,-2.0970,1.2499,1.2114,-1.5678,0.5699,0.5815,-2.0651
205.00,1.1174,0.5701,-2.1338,1.2498,1.2092,-1.6037,0.5688,0.5796,-2.1010
205.50,1.1156,0.5701,-2.1697,1.2497,1.2076,-1.6377,0.5680,0.5782,-2.1350
206.00,1.1144,0.5700,-2.2047,1.2496,1.2058,-1.6715,0.5670,0.5766,-2.1688
206.50,1.1135,0.5700,-2.2388,1.2494,1.2043,-1.7048,0.5661,0.5755,-2.2021
207.00,1.1131,0.5699,-2.2720,1.2493,1.2035,-1.7367,0.5656,0.5748,-2.2340
207.50,1.1131,0.5698,-2.3045,1.2493,1.2034,-1.7680,0.5656,0.5747,-2.2653
208.00,1.1132,0.5694,-2.3378,1.2492,1.2028,-1.7998,0.5652,0.5743,-2.2971
208.50,1.1132,0.5693,-2.3720,1.2491,1.2026,-1.8329,0.5651,0.5741,-2.3302
209.00,1.1129,0.5692,-2.4053,1.2491,1.2024,-1.8658,0.5649,0.5739,-2.3631
209.50,1.1129,0.5692,-2.4379,1.2491,1.2025,-1.8966,0.5650,0.5740,-2.3939
210.00,1.1129,0.5695,-2.4710,1.2491,1.2027,-1.9287,0.5651,0.5741,-2.4260
210.50,1.1130,0.5704,-2.5050,1.2496,1.2038,-1.9615,0.5660,0.5749,-2.4588
211.00,1.1130,0.5716,-2.5399,1.2502,1.2053,-1.9945,0.5673,0.5759,-2.4919
211.50,1.1131,0.5733,-2.5757,1.2510,1.2069,-2.0291,0.5687,0.5769,-2.5264
212.00,1.1131,0.5755,-2.6125,1.2520,1.2089,-2.0650,0.5706,0.5783,-2.5624
212.50,1.1132,0.5781,-2.6503,1.2529,1.2105,-2.1011,0.5721,0.5792,-2.5984
213.00,1.1132,0.5812,-2.6891,1.2544,1.2129,-2.1387,0.5746,0.5806,-2.6360
213.50,1.1133,0.5848,-2.7289,1.2566,1.2162,-2.1774,0.5781,0.5825,-2.6747
214.00,1.1133,0.5888,-2.7699,1.2594,1.2201,-2.2168,0.5824,0.5845,-2.7141
214.50,1.1134,0.5934,-2.8121,1.2621,1.2235,-2.2581,0.5864,0.5862,-2.7555
215.00,1.1134,0.5984,-2.8555,1.2652,1.2271,-2.2996,0.5909,0.5879,-2.7970
215.50,1.1134,0.6039,-2.9002,1.2680,1.2301,-2.3428,0.5947,0.5892,-2.8401
216.00,1.1040,0.6100,-2.9731,1.2633,1.2257,-2.4136,0.5885,0.5877,-2.9109
216.50,1.0378,0.6242,3.1134,1.2063,1.1857,-2.6153,0.5194,0.5797,-3.1126
217.00,0.9171,0.6406,3.0606,1.0909,1.1246,-2.6667,0.3505,0.6428,3.0878
217.50,0.8180,0.6464,-3.0818,0.9995,1.0715,-2.5213,0.2581,0.6469,-3.0512
218.00,0.6987,0.6398,-2.9711,0.9039,0.9923,-2.4064,0.1582,0.6430,-2.9398
218.50,0.5701,0.6213,-3.0445,0.8042,0.9060,-2.4784,0.0354,0.6233,-3.0153
219.00,0.4403,0.6117,3.1048,0.6949,0.8339,-2.6151,-0.1208,0.6120,3.1312
219.50,0.3104,0.6142,3.1412,0.5869,0.7696,-2.5748,-0.2358,0.6058,-3.1117
220.00,0.1804,0.6138,3.1269,0.4769,0.6984,-2.5902,-0.3479,0.5999,-3.1334
220.50,0.0504,0.6150,-3.1136,0.3699,0.6313,-2.5459,-0.4729,0.6006,-3.0909
221.00,-0.0792,0.6071,-3.0484,0.2654,0.5530,-2.4742,-0.5797,0.5882,-3.0180
221.50,-0.2087,0.5950,-3.0480,0.1614,0.4710,-2.4733,-0.7154,0.5731,-3.0195
222.00,-0.3381,0.5824,-3.0637,0.0638,0.3935,-2.4876,-0.8485,0.5583,-3.0350
222.50,-0.4677,0.5720,-3.0324,-0.0387,0.3143,-2.4556,-0.9950,0.5429,-3.0041
223.00,-0.5960,0.5525,-2.9545,-0.1421,0.2201,-2.3722,-1.1211,0.5174,-2.9247
223.50,-0.7241,0.5321,-2.9827,-0.2372,0.1313,-2.4032,-1.2644,0.4949,-2.9560
224.00,-0.8519,0.5074,-2.9470,-0.3310,0.0413,-2.3622,-1.3766,0.4704,-2.9151
224.50,-0.9803,0.4876,-3.0307,-0.4241,-0.0437,-2.4489,-1.4896,0.4469,-3.0018
225.00,-1.1095,0.4725,-3.0137,-0.5265,-0.1287,-2.4318,-1.6313,0.4280,-2.9879
225.50,-1.2377,0.4492,-2.9293,-0.6245,-0.2201,-2.3446,-1.7528,0.4024,-2.8974
226.00,-1.3640,0.4180,-2.8984,-0.7154,-0.3182,-2.3096,-1.8908,0.3664,-2.8659
226.50,-1.4913,0.3925,-2.9889,-0.8132,-0.4167,-2.4032,-2.0067,0.3343,-2.9631
227.00,-1.6199,0.3733,-2.9995,-0.9154,-0.5089,-2.4091,-2.1322,0.3101,-2.9687
227.50,-1.7489,0.3573,-3.0020,-1.0108,-0.5919,-2.4151,-2.2671,0.2904,-2.9750
228.00,-1.8763,0.3333,-2.8929,-1.1025,-0.6836,-2.3004,-2.3825,0.2615,-2.8602
228.50,-2.0023,0.3029,-2.9202,-1.1936,-0.7851,-2.3286,-2.5045,0.2337,-2.8920
229.00,-2.1296,0.2772,-2.9413,-1.2863,-0.8803,-2.3454,-2.6256,0.2027,-2.9088
229.50,-2.2576,0.2563,-2.9795,-1.3882,-0.9789,-2.3868,-2.7726,0.1737,-2.9537
230.00,-2.3851,0.2302,-2.9117,-1.4860,-1.0781,-2.3119,-2.8873,0.1421,-2.8784
230.50,-2.5118,0.2016,-2.9184,-1.5768,-1.1763,-2.3195,-2.9875,0.1179,-2.8899
231.00,-2.6355,0.1671,-2.8553,-1.6617,-1.2730,-2.2530,-3.1212,0.0823,-2.8233
231.50,-2.7139,0.1382,-2.8123,-1.7142,-1.3401,-2.2099,-3.2107,0.0448,-2.7837
232.00,-2.7334,0.1271,-2.7704,-1.7278,-1.3588,-2.1664,-3.2231,0.0355,-2.7402
232.50,-2.7335,0.1236,-2.7349,-1.7299,-1.3620,-2.1278,-3.2266,0.0340,-2.7016
233.00,-2.7335,0.1236,-2.7349,-1.7299,-1.3620,-2.1279,-3.2266,0.0340,-2.7017
233.50,-2.7335,0.1236,-2.7349,-1.7299,-1.3620,-2.1266,-3.2266,0.0340,-2.7004
234.00,-2.7335,0.1236,-2.7349,-1.7299,-1.3620,-2.1252,-3.2266,0.0340,-2.6990
234.50,-2.7335,0.1236,-2.7349,-1.7299,-1.3620,-2.1240,-3.2266,0.0340,-2.6978
235.00,-2.7335,0.1232,-2.7249,-1.7300,-1.3622,-2.1147,-3.2268,0.0339,-2.6885
235.50,-2.7336,0.1160,-2.6000,-1.7331,-1.3680,-1.9879,-3.2326,0.0307,-2.5618
236.00,-2.7339,0.1105,-2.4269,-1.7350,-1.3733,-1.8123,-3.2371,0.0273,-2.3861
236.50,-2.7336,0.1113,-2.2609,-1.7349,-1.3724,-1.6453,-3.2364,0.0280,-2.2191
237.00,-2.7286,0.1115,-2.1123,-1.7350,-1.3671,-1.4924,-3.2336,0.0325,-2.0662
237.50,-2.7264,0.1115,-2.0823,-1.7352,-1.3649,-1.4606,-3.2326,0.0345,-2.0344
238.00,-2.7287,0.1115,-2.1196,-1.7350,-1.3669,-1.4972,-3.2336,0.0327,-2.0710
238.50,-2.7306,0.1114,-2.1559,-1.7349,-1.3686,-1.5322,-3.2344,0.0312,-2.1060
239.00,-2.7321,0.1114,-2.1912,-1.7349,-1.3699,-1.5661,-3.2351,0.0301,-2.1399
239.50,-2.7331,0.1113,-2.2256,-1.7349,-1.3707,-1.5995,-3.2356,0.0294,-2.1733
240.00,-2.7337,0.1113,-2.2591,-1.7350,-1.3714,-1.6321,-3.2360,0.0288,-2.2059
240.50,-2.7338,0.1112,-2.2918,-1.7350,-1.3717,-1.6637,-3.2361,0.0286,-2.2375
241.00,-2.7337,0.1109,-2.3247,-1.7350,-1.3721,-1.6951,-3.2364,0.0283,-2.2689
241.50,-2.7337,0.1106,-2.3586,-1.7351,-1.3725,-1.7279,-3.2366,0.0280,-2.3017
242.00,-2.7339,0.1106,-2.3925,-1.7351,-1.3729,-1.7610,-3.2369,0.0277,-2.3348
242.50,-2.7340,0.1105,-2.4252,-1.7352,-1.3732,-1.7927,-3.2371,0.0275,-2.3665
243.00,-2.7340,0.1107,-2.4580,-1.7352,-1.3732,-1.8237,-3.2371,0.0275,-2.3975
243.50,-2.7339,0.1113,-2.4916,-1.7350,-1.3724,-1.8564,-3.2365,0.0281,-2.4302
244.00,-2.7339,0.1124,-2.5262,-1.7346,-1.3712,-1.8895,-3.2356,0.0288,-2.4633
244.50,-2.7338,0.1139,-2.5616,-1.7340,-1.3695,-1.9233,-3.2342,0.0299,-2.4972
245.00,-2.7338,0.1159,-2.5980,-1.7329,-1.3667,-1.9585,-3.2317,0.0317,-2.5323
245.50,-2.7337,0.1184,-2.6354,-1.7317,-1.3638,-1.9949,-3.2291,0.0334,-2.5687
246.00,-2.7337,0.1213,-2.6738,-1.7306,-1.3614,-2.0321,-3.2268,0.0348,-2.6059
246.50,-2.7425,0.1218,-2.7367,-1.7341,-1.3679,-2.0922,-3.2333,0.0314,-2.6660
247.00,-2.8055,0.1199,-2.9502,-1.7704,-1.4183,-2.3071,-3.2912,0.0087,-2.8809
247.50,-2.9266,0.1278,3.1079,-1.8650,-1.4989,-2.5342,-3.4225,0.0209,3.1333
248.00,-3.0326,0.1389,3.0709,-1.9558,-1.5579,-2.5691,-3.5207,0.0351,3.0984
248.50,-3.0788,0.1408,3.1239,-1.9921,-1.5822,-2.5145,-3.5544,0.0363,-3.1302
249.00,-3.1434,0.1331,-2.9842,-2.0402,-1.6241,-2.3337,-3.6378,0.0293,-2.9528
249.50,-3.2590,0.1133,-2.7512,-2.1095,-1.7184,-2.0929,-3.7479,0.0007,-2.7219
250.00,-3.3767,0.0650,-2.6775,-2.1682,-1.8329,-2.0174,-3.8736,-0.0463,-2.6470
250.50,-3.4942,0.0106,-2.7422,-2.2280,-1.9501,-2.0835,-4.0000,-0.1060,-2.7167
251.00,-3.6162,-0.0348,-2.8273,-2.3027,-2.0691,-2.1689,-4.1216,-0.1579,-2.8020
251.50,-3.7396,-0.0771,-2.7936,-2.3797,-2.1840,-2.1346,-4.2516,-0.1949,-2.7643
252.00,-3.8613,-0.1230,-2.7985,-2.4503,-2.2986,-2.1358,-4.3561,-0.2459,-2.7655
252.50,-3.9851,-0.1608,-2.8524,-2.5214,-2.4023,-2.1919,-4.4637,-0.2880,-2.8251
253.00,-4.1102,-0.1950,-2.8745,-2.5968,-2.5054,-2.2150,-4.5964,-0.3265,-2.8482
253.50,-4.2345,-0.2345,-2.8074,-2.6732,-2.6140,-2.1451,-4.7132,-0.3688,-2.7782
254.00,-4.3566,-0.2799,-2.7969,-2.7426,-2.7255,-2.1312,-4.8441,-0.4177,-2.7643
254.50,-4.4801,-0.3182,-2.8425,-2.8144,-2.8328,-2.1803,-4.9555,-0.4619,-2.8169
255.00,-4.6045,-0.3554,-2.8708,-2.8907,-2.9418,-2.2063,-5.0816,-0.5042,-2.8429
255.50,-4.7302,-0.3879,-2.8801,-2.9710,-3.0478,-2.2162,-5.2000,-0.5417,-2.8528
256.00,-4.8548,-0.4267,-2.8382,-3.0496,-3.1591,-2.1714,-5.3286,-0.5845,-2.8080
256.50,-4.9776,-0.4714,-2.7584,-3.1216,-3.2718,-2.0873,-5.4534,-0.6324,-2.7274
257.00,-5.0968,-0.5238,-2.7266,-3.1838,-3.3883,-2.0526,-5.5729,-0.6888,-2.6962
257.50,-5.2174,-0.5705,-2.7868,-3.2498,-3.5048,-2.1151,-5.6955,-0.7425,-2.7622
258.00,-5.3391,-0.6173,-2.7674,-3.3177,-3.6190,-2.0934,-5.8185,-0.7928,-2.7440
258.50,-5.4575,-0.6714,-2.6507,-3.3750,-3.7316,-1.9733,-5.9305,-0.8477,-2.6239
259.00,-5.5678,-0.7351,-2.5042,-3.4178,-3.8536,-1.8252,-6.0402,-0.9188,-2.4758
259.50,-5.6665,-0.8178,-2.3684,-3.4429,-3.9858,-1.6889,-6.1501,-0.9999,-2.3430
260.00,-5.7537,-0.9137,-2.2531,-3.4500,-4.1181,-1.5694,-6.2262,-1.0997,-2.2235
260.50,-5.8340,-1.0156,-2.2349,-3.4482,-4.2503,-1.5502,-6.3050,-1.2051,-2.2109
261.00,-5.9101,-1.1124,-2.2338,-3.4458,-4.3673,-1.5488,-6.3750,-1.2897,-2.2064
261.50,-5.9524,-1.1678,-2.1996,-3.4433,-4.4315,-1.5119,-6.4119,-1.3624,-2.1729
262.00,-5.9592,-1.1773,-2.1646,-3.4425,-4.4440,-1.4751,-6.4189,-1.3727,-2.1361
262.50,-5.9574,-1.1772,-2.1285,-3.4427,-4.4425,-1.4378,-6.4181,-1.3714,-2.0989
263.00,-5.9551,-1.1772,-2.0915,-3.4430,-4.4406,-1.3994,-6.4172,-1.3697,-2.0604
263.50,-5.9524,-1.1771,-2.0535,-3.4435,-4.4382,-1.3602,-6.4161,-1.3675,-2.0213
264.00,-5.9492,-1.1771,-2.0145,-3.4441,-4.4355,-1.3198,-6.4149,-1.3650,-1.9809
264.50,-5.9455,-1.1770,-1.9744,-3.4452,-4.4318,-1.2785,-6.4135,-1.3614,-1.9396
265.00,-5.9413,-1.1770,-1.9332,-3.4462,-4.4285,-1.2361,-6.4123,-1.3581,-1.8972
265.50,-5.9367,-1.1770,-1.8907,-3.4480,-4.4238,-1.1926,-6.4108,-1.3534,-1.8537
266.00,-5.9315,-1.1769,-1.8471,-3.4500,-4.4191,-1.1472,-6.4095,-1.3485,-1.8083
266.50,-5.9259,-1.1769,-1.8020,-3.4523,-4.4142,-1.1013,-6.4084,-1.3432,-1.7623
267.00,-5.9198,-1.1769,-1.7556,-3.4553,-4.4088,-1.0537,-6.4073,-1.3371,-1.7147
267.50,-5.9132,-1.1769,-1.7076,-3.4597,-4.4015,-1.0045,-6.4063,-1.3286,-1.6655
268.00,-5.9061,-1.1768,-1.6579,-3.4644,-4.3944,-0.9540,-6.4057,-1.3201,-1.6150
268.50,-5.8985,-1.1768,-1.6063,-3.4692,-4.3879,-0.9014,-6.3620,-1.3522,-1.5799
269.00,-5.8906,-1.1768,-1.5530,-3.4713,-4.3853,-0.8468,-6.3620,-1.3489,-1.5254
269.50,-5.8829,-1.1768,-1.5007,-3.4658,-4.3913,-0.7934,-6.3614,-1.3569,-1.4720
270.00,-5.8756,-1.1769,-1.4504,-3.4608,-4.3960,-0.7419,-6.3605,-1.3637,-1.4204
270.50,-5.8689,-1.1769,-1.4019,-3.4555,-4.4007,-0.6916,-6.3593,-1.3707,-1.3701
271.00,-5.8626,-1.1769,-1.3549,-3.4505,-4.4046,-0.6431,-6.3578,-1.3770,-1.3216
271.50,-5.8568,-1.1769,-1.3094,-3.4450,-4.4086,-0.5961,-6.3561,-1.3835,-1.2747
272.00,-5.8515,-1.1770,-1.2653,-3.4411,-4.4111,-0.5511,-6.3546,-1.3879,-1.2296
272.50,-5.8414,-1.2042,-1.2162,-3.4145,-4.4263,-0.4992,-6.3434,-1.4164,-1.1777
273.00,-5.8100,-1.2892,-1.1847,-3.3351,-4.4671,-0.4639,-6.2759,-1.4675,-1.1564
273.50,-5.7675,-1.4108,-1.2814,-3.2200,-4.5302,-0.5627,-6.2175,-1.5895,-1.2587
274.00,-5.7328,-1.5363,-1.3042,-3.1120,-4.6017,-0.5848,-6.1805,-1.7136,-1.2807
274.50,-5.6987,-1.6328,-1.2438,-3.0262,-4.6544,-0.5197,-6.1480,-1.8090,-1.2192
275.00,-5.6819,-1.6690,-1.2019,-2.9876,-4.6757,-0.4762,-6.1321,-1.8501,-1.1757
275.50,-5.6776,-1.6695,-1.1609,-2.9834,-4.6778,-0.4340,-6.1197,-1.8541,-1.1369
276.00,-5.6740,-1.6696,-1.1209,-2.9804,-4.6791,-0.3924,-6.1182,-1.8571,-1.0954
276.50,-5.6709,-1.6696,-1.0821,-2.9773,-4.6803,-0.3521,-6.1167,-1.8601,-1.0550
277.00,-5.6682,-1.6697,-1.0442,-2.9746,-4.6813,-0.3130,-6.1153,-1.8625,-1.0160
277.50,-5.6660,-1.6697,-1.0074,-2.9726,-4.6819,-0.2744,-6.1141,-1.8643,-0.9773
278.00,-5.6643,-1.6698,-0.9715,-2.9715,-4.6822,-0.2371,-6.1134,-1.8652,-0.9400
278.50,-5.6630,-1.6698,-0.9365,-2.9700,-4.6825,-0.2010,-6.1126,-1.8664,-0.9039
279.00,-5.6622,-1.6699,-0.9024,-2.9692,-4.6827,-0.1657,-6.1120,-1.8671,-0.8687
279.50,-5.6618,-1.6699,-0.8693,-2.9685,-4.6828,-0.1313,-6.1116,-1.8676,-0.8342
280.00,-5.6618,-1.6699,-0.8367,-2.9686,-4.6828,-0.0972,-6.1117,-1.8675,-0.8001
280.50,-5.6618,-1.6696,-0.8034,-2.9688,-4.6828,-0.0622,-6.1118,-1.8674,-0.7651
281.00,-5.6620,-1.6696,-0.7693,-2.9690,-4.6828,-0.0263,-6.1119,-1.8673,-0.7292
281.50,-5.6624,-1.6697,-0.7359,-2.9694,-4.6827,0.0086,-6.1122,-1.8670,-0.6944
282.00,-5.6625,-1.6697,-0.7034,-2.9695,-4.6827,0.0423,-6.1123,-1.8669,-0.6607
282.50,-5.6626,-1.6693,-0.6702,-2.9697,-4.6828,0.0771,-6.1125,-1.8668,-0.6258
283.00,-5.6626,-1.6685,-0.6362,-2.9711,-4.6829,0.1128,-6.1136,-1.8660,-0.5902
283.50,-5.6627,-1.6673,-0.6013,-2.9723,-4.6831,0.1493,-6.1146,-1.8654,-0.5537
284.00,-5.6627,-1.6656,-0.5655,-2.9737,-4.6833,0.1864,-6.1158,-1.8647,-0.5166
284.50,-5.6628,-1.6634,-0.5287,-2.9760,-4.6838,0.2247,-6.1179,-1.8635,-0.4782
285.00,-5.6628,-1.6608,-0.4909,-2.9781,-4.6843,0.2634,-6.1199,-1.8626,-0.4396
285.50,-5.6629,-1.6577,-0.4521,-2.9820,-4.6854,0.3033,-6.1236,-1.8609,-0.3996
286.00,-5.6629,-1.6541,-0.4122,-2.9849,-4.6864,0.3441,-6.1264,-1.8598,-0.3588
286.50,-5.6629,-1.6500,-0.3712,-2.9888,-4.6879,0.3865,-6.1303,-1.8584,-0.3164
287.00,-5.6630,-1.6455,-0.3291,-2.9936,-4.6899,0.4305,-6.1353,-1.8569,-0.2725
287.50,-5.6630,-1.6404,-0.2857,-2.9971,-4.6917,0.4751,-6.1391,-1.8559,-0.2278
288.00,-5.6631,-1.6349,-0.2409,-3.0025,-4.6946,0.5210,-6.1451,-1.8546,-0.1819
288.50,-5.6631,-1.6289,-0.1948,-3.0080,-4.6979,0.5680,-6.1514,-1.8536,-0.1350
289.00,-5.6631,-1.6224,-0.1471,-3.0119,-4.7005,0.6177,-6.1561,-1.8531,-0.0852
289.50,-5.6631,-1.6154,-0.0978,-3.0173,-4.7046,0.6689,-6.1629,-1.8527,-0.0340
290.00,-5.6631,-1.6079,-0.0467,-3.0237,-4.7100,0.7213,-6.1713,-1.8526,0.0184
290.50,-5.6631,-1.6000,0.0065,-3.0276,-4.7136,0.7757,-6.1165,-1.7842,0.0309
291.00,-5.6631,-1.5922,0.0591,-3.0220,-4.7077,0.8298,-6.1084,-1.7837,0.0850
291.50,-5.6631,-1.5849,0.1098,-3.0174,-4.7025,0.8817,-6.1015,-1.7830,0.1369
292.00,-5.6631,-1.5780,0.1587,-3.0131,-4.6969,0.9327,-6.0945,-1.7818,0.1879
292.50,-5.6631,-1.5716,0.2060,-3.0088,-4.6909,0.9808,-6.0873,-1.7803,0.2360
293.00,-5.6630,-1.5657,0.2518,-3.0048,-4.6846,1.0280,-6.0800,-1.7784,0.2832
293.50,-5.6630,-1.5603,0.2962,-3.0017,-4.6793,1.0741,-6.0742,-1.7765,0.3293
294.00,-5.6630,-1.5554,0.3393,-2.9997,-4.6753,1.1184,-6.0700,-1.7750,0.3735
294.50,-5.6629,-1.5511,0.3791,-2.9981,-4.6718,1.1621,-6.0664,-1.7735,0.4173
295.00,-5.6629,-1.5491,0.4057,-2.9973,-4.6699,1.1877,-6.0646,-1.7727,0.4429
295.50,-5.6629,-1.5455,0.4458,-2.9958,-4.6661,1.2292,-6.1118,-1.7290,0.4740
296.00,-5.6628,-1.5423,0.4847,-2.9946,-4.6626,1.2692,-6.1085,-1.7272,0.5139
296.50,-5.6628,-1.5396,0.5227,-2.9938,-4.6598,1.3085,-6.1060,-1.7258,0.5532
297.00,-5.6627,-1.5373,0.5596,-2.9933,-4.6575,1.3470,-6.1040,-1.7245,0.5917
297.50,-5.6627,-1.5356,0.5956,-2.9930,-4.6560,1.3843,-6.1028,-1.7236,0.6290
298.00,-5.6626,-1.5342,0.6307,-2.9927,-4.6544,1.4206,-6.1015,-1.7226,0.6653
298.50,-5.6626,-1.5334,0.6648,-2.9925,-4.6527,1.4560,-6.1002,-1.7216,0.7007
299.00,-5.6625,-1.5329,0.6981,-2.9925,-4.6525,1.4906,-6.1000,-1.7214,0.7353
299.50,-5.6625,-1.5329,0.7306,-2.9925,-4.6525,1.5244,-6.1000,-1.7214,0.7691
300.00,-5.6628,-1.5330,0.7638,-2.9925,-4.6527,1.5588,-6.1002,-1.7216,0.8035
300.50,-5.6628,-1.5330,0.7980,-2.9925,-4.6527,1.5941,-6.1002,-1.7216,0.8388
301.00,-5.6627,-1.5335,0.8315,-2.9924,-4.6533,1.6285,-6.1005,-1.7220,0.8732
301.50,-5.6627,-1.5336,0.8640,-2.9924,-4.6535,1.6613,-6.1007,-1.7222,0.9060
302.00,-5.6630,-1.5337,0.8971,-2.9924,-4.6537,1.6957,-6.1008,-1.7223,0.9404
302.50,-5.6638,-1.5337,0.9310,-2.9923,-4.6543,1.7306,-6.1011,-1.7228,0.9753
303.00,-5.6650,-1.5338,0.9658,-2.9923,-4.6545,1.7667,-6.1012,-1.7230,1.0114
303.50,-5.6667,-1.5338,1.0015,-2.9920,-4.6559,1.8036,-6.1020,-1.7243,1.0483
304.00,-5.6688,-1.5339,1.0382,-2.9914,-4.6581,1.8412,-6.1031,-1.7262,1.0859
304.50,-5.6714,-1.5339,1.0759,-2.9906,-4.6609,1.8804,-6.1044,-1.7288,1.1251
305.00,-5.6744,-1.5340,1.1146,-2.9898,-4.6632,1.9197,-6.1054,-1.7311,1.1644
305.50,-5.6780,-1.5340,1.1544,-2.9885,-4.6664,1.9609,-6.1067,-1.7342,1.2056
306.00,-5.6820,-1.5341,1.1952,-2.9867,-4.6707,2.0033,-6.1082,-1.7386,1.2480
306.50,-5.6865,-1.5341,1.2373,-2.9852,-4.6736,2.0463,-6.1092,-1.7417,1.2911
307.00,-5.6915,-1.5341,1.2805,-2.9832,-4.6773,2.0902,-6.1103,-1.7458,1.3349
307.50,-5.6969,-1.5342,1.3251,-2.9803,-4.6823,2.1360,-6.1115,-1.7514,1.3807
308.00,-5.7024,-1.5342,1.3681,-2.9778,-4.6860,2.1810,-6.1123,-1.7559,1.4257
308.50,-5.7088,-1.5342,1.4155,-2.9733,-4.6921,2.2294,-6.1132,-1.7634,1.4741
309.00,-5.7157,-1.5342,1.4645,-2.9685,-4.6980,2.2797,-6.1137,-1.7710,1.5244
309.50,-5.7231,-1.5342,1.5153,-2.9634,-4.7036,2.3317,-6.1139,-1.7786,1.5764
310.00,-5.7312,-1.5304,1.5800,-2.9633,-4.7040,2.3964,-6.1717,-1.7087,1.6028
310.50,-5.7473,-1.4768,1.7327,-3.0067,-4.6709,2.5582,-6.1786,-1.6545,1.7645
311.00,-5.7692,-1.3647,1.7370,-3.1067,-4.6070,2.5642,-6.2238,-1.5386,1.7636
311.50,-5.7835,-1.2360,1.5660,-3.2121,-4.5278,2.3938,-6.2394,-1.4178,1.5897
312.00,-5.7895,-1.1077,1.3229,-3.3003,-4.4242,2.1525,-6.2266,-1.2824,1.3519
312.50,-5.7728,-0.9965,1.0676,-3.3515,-4.3214,1.8936,-6.2087,-1.1742,1.0860
313.00,-5.7091,-0.8916,0.8741,-3.3797,-4.1997,1.7023,-6.1703,-1.0696,0.8950
313.50,-5.6266,-0.8085,0.6753,-3.3848,-4.0816,1.5055,-6.0984,-0.9843,0.6996
314.00,-5.5207,-0.7382,0.4764,-3.3645,-3.9596,1.3066,-5.9835,-0.9145,0.5007
314.50,-5.4016,-0.6769,0.3477,-3.3206,-3.8316,1.1818,-5.8610,-0.8525,0.3777
315.00,-5.2848,-0.6244,0.1198,-3.2591,-3.7167,0.9519,-5.7493,-0.8076,0.1427
315.50,-5.1550,-0.5960,-0.0553,-3.1676,-3.6118,0.7759,-5.6306,-0.7806,-0.0318
316.00,-5.0295,-0.6013,-0.0599,-3.0717,-3.5186,0.7755,-5.5028,-0.7651,-0.0318
316.50,-4.9539,-0.6059,-0.0599,-3.0148,-3.4632,0.7768,-5.4185,-0.7677,-0.0326
317.00,-4.9407,-0.6066,-0.0599,-3.0030,-3.4517,0.7786,-5.4121,-0.7686,-0.0290
317.50,-4.9766,-0.6045,-0.0599,-3.0303,-3.4787,0.7802,-5.4504,-0.7675,-0.0274
318.00,-5.0166,-0.6021,-0.0599,-3.0636,-3.5117,0.7817,-5.4974,-0.7663,-0.0259
318.50,-5.0565,-0.5997,-0.0599,-3.0942,-3.5421,0.7825,-5.5466,-0.7633,-0.0321
319.00,-5.0964,-0.5973,-0.0599,-3.1207,-3.5684,0.7837,-5.5677,-0.7623,-0.0309
319.50,-5.1364,-0.5949,-0.0599,-3.1511,-3.5988,0.7847,-5.6108,-0.7610,-0.0299
320.00,-5.1763,-0.5925,-0.0599,-3.1798,-3.6274,0.7863,-5.6585,-0.7595,-0.0299
320.50,-5.2162,-0.5901,-0.0599,-3.2102,-3.6579,0.7881,-5.7022,-0.7582,-0.0283
321.00,-5.2561,-0.5877,-0.0599,-3.2384,-3.6863,0.7894,-5.7322,-0.7557,-0.0322
321.50,-5.2961,-0.5853,-0.0599,-3.2696,-3.7178,0.7907,-5.7765,-0.7543,-0.0309
322.00,-5.3360,-0.5829,-0.0599,-3.2977,-3.7462,0.7918,-5.8102,-0.7522,-0.0333
322.50,-5.3663,-0.5799,-0.0402,-3.3212,-3.7701,0.8123,-5.8437,-0.7511,-0.0128
323.00,-5.3396,-0.5734,0.0154,-3.3039,-3.7500,0.8721,-5.8171,-0.7502,0.0470
323.50,-5.2504,-0.5723,0.0098,-3.2442,-3.6793,0.8657,-5.7247,-0.7460,0.0406
324.00,-5.1237,-0.5735,-0.0023,-3.1596,-3.5812,0.8553,-5.5950,-0.7418,0.0267
324.50,-5.0417,-0.5736,-0.0023,-3.1048,-3.5181,0.8565,-5.5237,-0.7348,0.0279
325.00,-5.0210,-0.5737,-0.0023,-3.0920,-3.5032,0.8580,-5.4961,-0.7336,0.0259
325.50,-5.0210,-0.5737,-0.0023,-3.0920,-3.5032,0.8589,-5.4961,-0.7336,0.0268
326.00,-5.0210,-0.5737,-0.0023,-3.0920,-3.5032,0.8605,-5.4961,-0.7336,0.0285
326.50,-5.0210,-0.5737,-0.0023,-3.0920,-3.5032,0.8616,-5.4961,-0.7336,0.0295
327.00,-5.0210,-0.5737,-0.0023,-3.0920,-3.5032,0.8627,-5.4961,-0.7336,0.0306
327.50,-5.0210,-0.5737,-0.0023,-3.0920,-3.5032,0.8638,-5.4961,-0.7336,0.0317
328.00,-5.0210,-0.5733,0.0110,-3.0921,-3.5034,0.8761,-5.4963,-0.7336,0.0440
328.50,-5.0210,-0.5663,0.1740,-3.0886,-3.4983,1.0413,-5.4902,-0.7328,0.2092
329.00,-5.0209,-0.5507,0.3943,-3.0828,-3.4849,1.2657,-5.4765,-0.7280,0.4337
329.50,-5.0206,-0.5367,0.5808,-3.0798,-3.4715,1.4559,-5.4645,-0.7212,0.6238
330.00,-5.0205,-0.5339,0.6576,-3.0796,-3.4682,1.5342,-5.4619,-0.7192,0.7021
330.50,-5.0206,-0.5346,0.6317,-3.0796,-3.4694,1.5081,-5.4628,-0.7200,0.6760
331.00,-5.0206,-0.5359,0.5967,-3.0797,-3.4708,1.4748,-5.4639,-0.7209,0.6427
331.50,-5.0207,-0.5376,0.5607,-3.0799,-3.4725,1.4404,-5.4653,-0.7218,0.6083
332.00,-5.0207,-0.5399,0.5238,-3.0803,-3.4748,1.4043,-5.4672,-0.7231,0.5723
332.50,-5.0208,-0.5422,0.4911,-3.0807,-3.4772,1.3711,-5.4693,-0.7244,0.5390
333.00,-5.0208,-0.5422,0.4911,-3.0807,-3.4772,1.3738,-5.4693,-0.7244,0.5418
333.50,-5.0245,-0.5442,0.4911,-3.0814,-3.4809,1.3752,-5.4725,-0.7264,0.5431
334.00,-5.0576,-0.5619,0.4911,-3.0890,-3.5194,1.3763,-5.5061,-0.7467,0.5442
334.50,-5.0929,-0.5808,0.4911,-3.0974,-3.5620,1.3774,-5.5433,-0.7692,0.5453
335.00,-5.1282,-0.5996,0.4911,-3.1046,-3.5989,1.3786,-5.5989,-0.7628,0.5186
335.50,-5.1635,-0.6185,0.4911,-3.1126,-3.6403,1.3796,-5.6355,-0.7837,0.5196
336.00,-5.1987,-0.6374,0.4911,-3.1203,-3.6798,1.3809,-5.6665,-0.8037,0.5209
336.50,-5.2340,-0.6562,0.4911,-3.1282,-3.7210,1.3824,-5.7029,-0.8246,0.5224
337.00,-5.2605,-0.6710,0.4784,-3.1335,-3.7487,1.3701,-5.7273,-0.8387,0.5101
337.50,-5.2607,-0.6744,0.4393,-3.1344,-3.7527,1.3323,-5.7296,-0.8395,0.4661
338.00,-5.2608,-0.6781,0.3990,-3.1353,-3.7562,1.2930,-5.7328,-0.8411,0.4269
338.50,-5.2608,-0.6823,0.3577,-3.1364,-3.7600,1.2531,-5.7364,-0.8426,0.3870
339.00,-5.2609,-0.6870,0.3151,-3.1380,-3.7646,1.2120,-5.7410,-0.8444,0.3459
339.50,-5.2385,-0.6915,0.2120,-3.1298,-3.7464,1.1082,-5.7218,-0.8388,0.2421
340.00,-5.1541,-0.6933,0.1056,-3.0895,-3.6765,1.0037,-5.6424,-0.8243,0.1376
340.50,-5.0259,-0.6931,0.0371,-3.0190,-3.5735,0.9383,-5.4965,-0.8517,0.0669
341.00,-4.8960,-0.6903,0.0443,-2.9408,-3.4683,0.9441,-5.3711,-0.8501,0.0710
341.50,-4.7666,-0.6772,0.1369,-2.8694,-3.3583,1.0429,-5.2409,-0.8340,0.1681
342.00,-4.6376,-0.6622,0.0728,-2.8030,-3.2488,0.9786,-5.1113,-0.8146,0.1020
342.50,-4.5077,-0.6563,-0.0070,-2.7272,-3.1461,0.9016,-4.9804,-0.8072,0.0251
343.00,-4.3780,-0.6595,-0.1184,-2.6394,-3.0484,0.7859,-4.8503,-0.8073,-0.0933
343.50,-4.2511,-0.6718,-0.0813,-2.5545,-2.9614,0.8288,-4.7311,-0.8122,-0.0485
344.00,-4.1694,-0.6782,-0.0785,-2.5004,-2.9022,0.8311,-4.6437,-0.8156,-0.0499
344.50,-4.1489,-0.6798,-0.0785,-2.4859,-2.8864,0.8326,-4.6304,-0.8161,-0.0519
345.00,-4.1489,-0.6798,-0.0785,-2.4859,-2.8864,0.8341,-4.6304,-0.8161,-0.0503
345.50,-4.1467,-0.6802,-0.0848,-2.4847,-2.8850,0.8302,-4.6286,-0.8162,-0.0542
346.00,-4.0992,-0.6873,-0.1142,-2.4540,-2.8532,0.7962,-4.5845,-0.8198,-0.0882
346.50,-3.9907,-0.6895,-0.0401,-2.3812,-2.7734,0.8734,-4.4766,-0.8255,-0.0110
347.00,-3.8611,-0.6824,0.1673,-2.3052,-2.6642,1.0863,-4.3340,-0.8098,0.1984
347.50,-3.7350,-0.6629,0.2942,-2.2544,-2.5480,1.2145,-4.2111,-0.7812,0.3231
348.00,-3.6158,-0.6271,0.2528,-2.2087,-2.4276,1.1732,-4.0819,-0.7516,0.2818
348.50,-3.5306,-0.5977,0.0256,-2.1644,-2.3441,0.9467,-4.0001,-0.7235,0.0553
349.00,-3.4195,-0.5837,-0.2287,-2.0864,-2.2636,0.6886,-3.8986,-0.7286,-0.2045
349.50,-3.2943,-0.6107,-0.2902,-1.9821,-2.1846,0.6282,-3.7780,-0.7259,-0.2632
350.00,-3.1686,-0.6430,-0.1822,-1.8795,-2.1039,0.7371,-3.6404,-0.7502,-0.1526
350.50,-3.0392,-0.6667,0.0565,-1.7940,-2.0056,0.9819,-3.5194,-0.7550,0.0905
351.00,-2.9101,-0.6642,0.1375,-1.7277,-1.8943,1.0638,-3.3779,-0.7563,0.1689
351.50,-2.7808,-0.6511,0.0531,-1.6611,-1.7838,0.9772,-3.2601,-0.7490,0.0805
352.00,-2.6550,-0.6459,0.0356,-1.5889,-1.6806,0.9597,-3.1407,-0.7410,0.0630
352.50,-2.5788,-0.6382,0.1584,-1.5427,-1.6086,1.0862,-3.0491,-0.7274,0.1881
353.00,-2.5628,-0.6238,0.3776,-1.5327,-1.5849,1.3100,-3.0240,-0.7196,0.4099
353.50,-2.5626,-0.6089,0.5700,-1.5297,-1.5684,1.5054,-3.0093,-0.7117,0.6053
354.00,-2.5625,-0.6053,0.6719,-1.5296,-1.5650,1.6099,-3.0065,-0.7097,0.7097
354.50,-2.5625,-0.6056,0.6574,-1.5295,-1.5656,1.5953,-3.0070,-0.7101,0.6952
355.00,-2.5625,-0.6065,0.6231,-1.5295,-1.5667,1.5621,-3.0078,-0.7108,0.6620
355.50,-2.5626,-0.6080,0.5878,-1.5295,-1.5687,1.5284,-3.0094,-0.7120,0.6282
356.00,-2.5626,-0.6098,0.5516,-1.5297,-1.5708,1.4935,-3.0111,-0.7132,0.5933
356.50,-2.5627,-0.6122,0.5144,-1.5299,-1.5736,1.4575,-3.0134,-0.7147,0.5573
357.00,-2.5627,-0.6150,0.4763,-1.5304,-1.5768,1.4209,-3.0162,-0.7164,0.5208
357.50,-2.5628,-0.6183,0.4371,-1.5309,-1.5801,1.3829,-3.0192,-0.7180,0.4828
358.00,-2.5628,-0.6220,0.3968,-1.5319,-1.5845,1.3437,-3.0232,-0.7200,0.4436
358.50,-2.5629,-0.6263,0.3553,-1.5330,-1.5889,1.3038,-3.0274,-0.7219,0.4036
359.00,-2.5629,-0.6310,0.3127,-1.5346,-1.5944,1.2629,-3.0327,-0.7240,0.3627
359.50,-2.5629,-0.6363,0.2688,-1.5364,-1.5996,1.2196,-3.0378,-0.7259,0.3194
360.00,-2.5630,-0.6420,0.2236,-1.5385,-1.6050,1.1755,-3.0434,-0.7276,0.2754
360.50,-2.5630,-0.6482,0.1768,-1.5409,-1.6102,1.1299,-3.0489,-0.7290,0.2298
361.00,-2.5495,-0.6558,0.0887,-1.5350,-1.5994,1.0439,-3.0369,-0.7269,0.1438
361.50,-2.4769,-0.6728,-0.1027,-1.4900,-1.5396,0.8478,-2.9620,-0.7250,-0.0524
362.00,-2.3532,-0.6925,-0.1213,-1.4064,-1.4490,0.8299,-2.8310,-0.7728,-0.0929
362.50,-2.2336,-0.7027,0.0520,-1.3300,-1.3532,1.0063,-2.7068,-0.7757,0.0835
363.00,-2.1081,-0.7006,0.2567,-1.2749,-1.2380,1.2188,-2.5949,-0.7600,0.2925
363.50,-1.9947,-0.6698,0.2762,-1.2369,-1.1285,1.2388,-2.4945,-0.7422,0.3090
364.00,-1.8686,-0.6402,0.1315,-1.1875,-1.0076,1.0965,-2.3499,-0.7093,0.1632
364.50,-1.7406,-0.6199,-0.0985,-1.1118,-0.8972,0.8622,-2.2141,-0.7045,-0.0711
365.00,-1.6118,-0.6300,-0.1428,-1.0226,-0.8000,0.8193,-2.1022,-0.6938,-0.1139
365.50,-1.4825,-0.6428,-0.0236,-0.9363,-0.6968,0.9442,-1.9619,-0.7014,0.0092
366.00,-1.3525,-0.6457,0.0239,-0.8591,-0.5832,0.9914,-1.8222,-0.6961,0.0529
366.50,-1.2225,-0.6408,0.0285,-0.7885,-0.4729,0.9991,-1.6936,-0.6877,0.0605
367.00,-1.0926,-0.6427,-0.0342,-0.7130,-0.3647,0.9327,-1.5790,-0.6844,-0.0076
367.50,-0.9626,-0.6458,-0.0303,-0.6377,-0.2616,0.9396,-1.4436,-0.6844,0.0011
368.00,-0.8327,-0.6522,-0.0363,-0.5597,-0.1567,0.9315,-1.3224,-0.6912,-0.0098
368.50,-0.7027,-0.6516,0.0027,-0.4794,-0.0421,0.9758,-1.2097,-0.6908,0.0345
369.00,-0.5728,-0.6557,-0.0251,-0.4002,0.0709,0.9457,-1.0797,-0.6863,0.0018
369.50,-0.4428,-0.6568,-0.0146,-0.3214,0.1823,0.9613,-0.9448,-0.6844,0.0158
370.00,-0.3128,-0.6602,-0.0236,-0.2420,0.2943,0.9502,-0.8166,-0.6846,0.0039
370.50,-0.1828,-0.6602,0.0098,-0.1657,0.4031,0.9826,-0.6823,-0.6833,0.0343
371.00,-0.0530,-0.6525,0.0622,-0.0936,0.5219,1.0412,-0.5618,-0.6726,0.0911
371.50,0.0769,-0.6504,-0.0399,-0.0189,0.6368,0.9346,-0.4147,-0.6669,-0.0158
372.00,0.2067,-0.6551,-0.0422,0.0585,0.7404,0.9383,-0.2916,-0.6700,-0.0095
372.50,0.3365,-0.6647,-0.0700,0.1394,0.8464,0.9065,-0.1267,-0.6676,-0.0456
373.00,0.4664,-0.6686,0.0015,0.2199,0.9567,0.9832,0.0091,-0.6688,0.0326
373.50,0.5963,-0.6709,-0.0523,0.2929,1.0622,0.9281,0.0925,-0.6685,-0.0261
374.00,0.7261,-0.6776,-0.0284,0.3714,1.1669,0.9538,0.2254,-0.6754,0.0007
374.50,0.8561,-0.6792,-0.0210,0.4453,1.2751,0.9624,0.3351,-0.6728,0.0036
375.00,0.9861,-0.6801,0.0005,0.5212,1.3865,0.9885,0.4758,-0.6697,0.0319
375.50,1.1161,-0.6840,-0.0323,0.5990,1.4987,0.9529,0.6085,-0.6686,-0.0071
376.00,1.2460,-0.6893,-0.0419,0.6775,1.6088,0.9442,0.7320,-0.6695,-0.0178
376.50,1.3759,-0.6893,0.0672,0.7505,1.7202,1.0555,0.8610,-0.6661,0.0955
377.00,1.5045,-0.6797,0.1943,0.8057,1.8376,1.1884,0.9857,-0.6453,0.2217
377.50,1.6322,-0.6568,0.1514,0.8564,1.9609,1.1471,1.1226,-0.6238,0.1813
378.00,1.7617,-0.6413,-0.0489,0.9190,2.0716,0.9443,1.2474,-0.6147,-0.0241
378.50,1.8911,-0.6439,-0.1280,0.9980,2.1704,0.8655,1.3666,-0.6136,-0.1026
379.00,2.0201,-0.6579,-0.1027,1.0872,2.2769,0.8919,1.5024,-0.6163,-0.0762
379.50,2.1498,-0.6639,0.0573,1.1625,2.3859,1.0582,1.6242,-0.6164,0.0889
380.00,2.2792,-0.6572,0.1078,1.2244,2.5067,1.1103,1.7582,-0.6063,0.1376
380.50,2.4088,-0.6492,0.0408,1.2872,2.6229,1.0422,1.8792,-0.5927,0.0659
381.00,2.5388,-0.6487,0.0103,1.3581,2.7392,1.0143,2.0192,-0.5895,0.0404
381.50,2.6688,-0.6524,-0.0151,1.4316,2.8535,0.9885,2.1541,-0.5862,0.0146
382.00,2.7988,-0.6541,-0.0040,1.5033,2.9625,0.9983,2.2751,-0.5941,0.0207
382.50,2.9245,-0.6499,0.0275,1.5706,3.0730,1.0338,2.4095,-0.5883,0.0563
383.00,3.0002,-0.6478,0.0275,1.6124,3.1433,1.0352,2.4782,-0.5788,0.0560
383.50,3.0161,-0.6474,0.0275,1.6202,3.1564,1.0367,2.4834,-0.5779,0.0576
384.00,3.0161,-0.6474,0.0275,1.6202,3.1564,1.0378,2.4834,-0.5779,0.0587
384.50,3.0161,-0.6474,0.0275,1.6202,3.1564,1.0395,2.4834,-0.5779,0.0604
385.00,3.0228,-0.6483,0.0069,1.6237,3.1622,1.0211,2.4901,-0.5775,0.0419
385.50,3.0832,-0.6543,-0.0369,1.6576,3.2136,0.9754,2.5518,-0.5771,-0.0038
386.00,3.2013,-0.6569,-0.0170,1.7222,3.3105,0.9967,2.6682,-0.5862,0.0105
386.50,3.3312,-0.6516,0.0617,1.7892,3.4229,1.0793,2.7990,-0.5798,0.0897
387.00,3.4608,-0.6408,0.0728,1.8524,3.5461,1.0930,2.9275,-0.5648,0.1034
387.50,3.5907,-0.6382,0.0174,1.9172,3.6624,1.0365,3.0493,-0.5552,0.0469
388.00,3.7207,-0.6413,-0.0062,1.9854,3.7741,1.0120,3.1819,-0.5596,0.0192
388.50,3.8506,-0.6371,0.0460,2.0482,3.8812,1.0699,3.3041,-0.5547,0.0768
389.00,3.9805,-0.6340,0.0245,2.1117,3.9953,1.0485,3.4544,-0.5456,0.0553
389.50,4.1105,-0.6376,-0.0065,2.1796,4.1091,1.0184,3.5768,-0.5402,0.0218
390.00,4.2405,-0.6410,-0.0125,2.2497,4.2210,1.0114,3.7088,-0.5393,0.0144
390.50,4.3416,-0.6374,0.0964,2.3005,4.3106,1.1280,3.8117,-0.5323,0.1279
391.00,4.3797,-0.6286,0.1487,2.3159,4.3449,1.1807,3.8296,-0.5361,0.1774
391.50,4.4123,-0.6170,0.2714,2.3271,4.3775,1.3072,3.8623,-0.5279,0.3036
392.00,4.5031,-0.5912,0.3919,2.3448,4.4705,1.4320,3.9601,-0.4822,0.4214
392.50,4.6220,-0.5413,0.4446,2.3595,4.5986,1.4850,4.0682,-0.4356,0.4709
393.00,4.7379,-0.4812,0.4949,2.3675,4.7298,1.5378,4.1919,-0.3739,0.5237
393.50,4.8521,-0.4189,0.4790,2.3715,4.8628,1.5243,4.3079,-0.3070,0.5102
394.00,4.9701,-0.3650,0.3962,2.3839,4.9951,1.4379,4.4356,-0.2473,0.4169
394.50,5.0898,-0.3133,0.4098,2.4004,5.1237,1.4529,4.5431,-0.1942,0.4353
395.00,5.2076,-0.2548,0.4732,2.4120,5.2548,1.5192,4.6716,-0.1354,0.5051
395.50,5.3063,-0.2007,0.4862,2.4162,5.3701,1.5331,4.7531,-0.0773,0.5123
396.00,5.3516,-0.1760,0.4480,2.4190,5.4238,1.4956,4.8086,-0.0516,0.4745
396.50,5.3545,-0.1749,0.4083,2.4192,5.4259,1.4569,4.8105,-0.0507,0.4359
397.00,5.3545,-0.1790,0.3672,2.4186,5.4218,1.4168,4.8067,-0.0523,0.3957
397.50,5.3544,-0.1836,0.3249,2.4178,5.4173,1.3757,4.8024,-0.0540,0.3546
398.00,5.3544,-0.1887,0.2813,2.4166,5.4118,1.3334,4.7971,-0.0558,0.3123
398.50,5.3544,-0.1942,0.2365,2.4148,5.4052,1.2901,4.7905,-0.0578,0.2691
399.00,5.3544,-0.2003,0.1902,2.4130,5.3995,1.2454,4.7848,-0.0592,0.2243
399.50,5.3543,-0.2068,0.1424,2.4111,5.3942,1.1990,4.7792,-0.0603,0.1779
400.00,5.3543,-0.2139,0.0929,2.4082,5.3874,1.1505,4.7719,-0.0615,0.1295
400.50,5.3543,-0.2214,0.0415,2.4054,5.3814,1.1012,4.7653,-0.0622,0.0801
401.00,5.3543,-0.2293,-0.0117,2.4029,5.3769,1.0493,4.7602,-0.0624,0.0282
401.50,5.3543,-0.2371,-0.0642,2.4061,5.3820,0.9984,4.8061,-0.1004,-0.0332
402.00,5.3543,-0.2444,-0.1147,2.4107,5.3888,0.9489,4.8143,-0.1009,-0.0826
402.50,5.3543,-0.2512,-0.1634,2.4163,5.3962,0.9017,4.8236,-0.1019,-0.1298
403.00,5.3544,-0.2575,-0.2106,2.4205,5.4013,0.8557,4.8301,-0.1029,-0.1758
403.50,5.3544,-0.2634,-0.2562,2.4238,5.4049,0.8120,4.8349,-0.1038,-0.2195
404.00,5.3544,-0.2688,-0.3005,2.4280,5.4092,0.7693,4.8407,-0.1053,-0.2622
404.50,5.3545,-0.2736,-0.3435,2.4314,5.4123,0.7270,4.8451,-0.1066,-0.3045
405.00,5.3545,-0.2780,-0.3853,2.4348,5.4153,0.6865,4.8100,-0.1460,-0.3555
405.50,5.3545,-0.2819,-0.4259,2.4384,5.4181,0.6478,4.8142,-0.1477,-0.3942
406.00,5.3546,-0.2854,-0.4654,2.4413,5.4202,0.6095,4.8176,-0.1492,-0.4325
406.50,5.3546,-0.2883,-0.5038,2.4444,5.4223,0.5723,4.8210,-0.1508,-0.4697
407.00,5.3547,-0.2908,-0.5413,2.4457,5.4231,0.5364,4.8223,-0.1515,-0.5056
407.50,5.3547,-0.2928,-0.5777,2.4482,5.4245,0.5018,4.8248,-0.1529,-0.5402
408.00,5.3548,-0.2943,-0.6133,2.4492,5.4251,0.4671,4.8257,-0.1535,-0.5749
408.50,5.3548,-0.2954,-0.6479,2.4496,5.4252,0.4335,4.8261,-0.1538,-0.6085
409.00,5.3549,-0.2961,-0.6816,2.4499,5.4254,0.4012,4.8264,-0.1540,-0.6408
409.50,5.3549,-0.2963,-0.7144,2.4500,5.4254,0.3695,4.8265,-0.1541,-0.6725
410.00,5.3552,-0.2963,-0.7471,2.4502,5.4255,0.3380,4.8267,-0.1542,-0.7040
410.50,5.3555,-0.2962,-0.7808,2.4506,5.4256,0.3057,4.8270,-0.1545,-0.7363
411.00,5.3556,-0.2963,-0.8149,2.4506,5.4257,0.2729,4.8270,-0.1545,-0.7691
411.50,5.3557,-0.2966,-0.8478,2.4510,5.4258,0.2412,4.8273,-0.1548,-0.8008
412.00,5.3556,-0.2965,-0.8804,2.4509,5.4257,0.2099,4.8271,-0.1546,-0.8321
412.50,5.3550,-0.2964,-0.9139,2.4503,5.4256,0.1778,4.8268,-0.1542,-0.8642
413.00,5.3540,-0.2964,-0.9483,2.4493,5.4255,0.1440,4.8261,-0.1534,-0.8979
413.50,5.3526,-0.2963,-0.9835,2.4475,5.4252,0.1101,4.8251,-0.1520,-0.9319
414.00,5.3586,-0.3118,-1.0602,2.4627,5.4263,0.0362,4.8336,-0.1646,-1.0058
414.50,5.3794,-0.3838,-1.2050,2.5380,5.4224,-0.1112,4.8515,-0.2595,-1.1811
415.00,5.4209,-0.5029,-1.2113,2.6632,5.4066,-0.1162,4.8888,-0.3769,-1.1858
415.50,5.4729,-0.6186,-1.0689,2.7911,5.3994,0.0288,4.9430,-0.4926,-1.0411
416.00,5.5383,-0.7270,-0.9265,2.9197,5.4138,0.1764,5.0095,-0.5983,-0.8970
416.50,5.6109,-0.8213,-0.9170,3.0361,5.4365,0.1876,5.0935,-0.6896,-0.8893
417.00,5.6611,-0.8923,-1.0400,3.1278,5.4494,0.0669,5.1483,-0.7642,-1.0100
417.50,5.7020,-0.9902,-1.2880,3.2382,5.4434,-0.1827,5.1956,-0.8641,-1.2631
418.00,5.7337,-1.1178,-1.4673,3.3674,5.4063,-0.3622,5.2138,-0.9955,-1.4422
418.50,5.7553,-1.2476,-1.5745,3.4901,5.3524,-0.4673,5.2239,-1.1192,-1.5442
419.00,5.7613,-1.3774,-1.6801,3.6049,5.2881,-0.5680,5.2518,-1.2507,-1.6484
419.50,5.7505,-1.5056,-1.7615,3.7089,5.2136,-0.6503,5.2453,-1.3776,-1.7342
420.00,5.7231,-1.6330,-1.7813,3.8120,5.1339,-0.6692,5.2243,-1.5060,-1.7563
420.50,5.7003,-1.7432,-1.6729,3.9013,5.0686,-0.5583,5.2074,-1.6154,-1.6456
421.00,5.6867,-1.8681,-1.4555,4.0184,5.0135,-0.3329,5.2030,-1.7448,-1.4202
421.50,5.6916,-1.9493,-1.3884,4.0991,4.9888,-0.2656,5.2091,-1.8277,-1.3599
422.00,5.7005,-1.9697,-1.3425,4.1220,4.9829,-0.2177,5.2149,-1.8506,-1.3155
422.50,5.7062,-1.9697,-1.2973,4.1279,4.9817,-0.1710,5.2165,-1.8564,-1.2689
423.00,5.7113,-1.9698,-1.2536,4.1339,4.9807,-0.1259,5.2184,-1.8622,-1.2237
423.50,5.7160,-1.9698,-1.2111,4.1396,4.9801,-0.0819,5.2204,-1.8676,-1.1797
424.00,5.7202,-1.9698,-1.1698,4.1439,4.9798,-0.0393,5.2222,-1.8716,-1.1371
424.50,5.7240,-1.9699,-1.1296,4.1475,4.9797,0.0022,5.2237,-1.8748,-1.0956
425.00,5.7272,-1.9699,-1.0905,4.1505,4.9798,0.0428,5.2251,-1.8775,-1.0551
425.50,5.7300,-1.9700,-1.0524,4.1538,4.9800,0.0823,5.2268,-1.8803,-1.0155
426.00,5.7322,-1.9700,-1.0154,4.1556,4.9802,0.1207,5.2278,-1.8818,-0.9772
426.50,5.7341,-1.9701,-0.9793,4.1575,4.9804,0.1580,5.2289,-1.8834,-0.9398
427.00,5.7355,-1.9701,-0.9441,4.1584,4.9806,0.1945,5.2295,-1.8841,-0.9033
427.50,5.7364,-1.9702,-0.9098,4.1596,4.9808,0.2299,5.2302,-1.8851,-0.8679
428.00,5.7369,-1.9702,-0.8764,4.1599,4.9809,0.2649,5.2304,-1.8853,-0.8330
428.50,5.7369,-1.9703,-0.8439,4.1599,4.9809,0.2987,5.2304,-1.8853,-0.7991
429.00,5.7369,-1.9700,-0.8108,4.1595,4.9808,0.3332,5.2301,-1.8850,-0.7647
429.50,5.7368,-1.9699,-0.7767,4.1592,4.9807,0.3687,5.2299,-1.8848,-0.7291
430.00,5.7364,-1.9700,-0.7431,4.1587,4.9805,0.4036,5.2295,-1.8845,-0.6942
430.50,5.7362,-1.9700,-0.7105,4.1586,4.9804,0.4375,5.2294,-1.8844,-0.6603
431.00,5.7362,-1.9698,-0.6776,4.1581,4.9802,0.4720,5.2290,-1.8841,-0.6258
431.50,5.7361,-1.9691,-0.6438,4.1574,4.9798,0.5068,5.2283,-1.8836,-0.5910
432.00,5.7361,-1.9679,-0.6090,4.1564,4.9792,0.5430,5.2273,-1.8830,-0.5548
432.50,5.7360,-1.9663,-0.5734,4.1546,4.9781,0.5801,5.2255,-1.8819,-0.5177
433.00,5.7360,-1.9642,-0.5368,4.1530,4.9770,0.6184,5.2238,-1.8810,-0.4794
433.50,5.7359,-1.9617,-0.4993,4.1515,4.9759,0.6572,5.2221,-1.8801,-0.4407
434.00,5.7359,-1.9587,-0.4607,4.1493,4.9741,0.6966,5.2195,-1.8790,-0.4012
434.50,5.7358,-1.9552,-0.4211,4.1457,4.9710,0.7378,5.2151,-1.8772,-0.3600
435.00,5.7358,-1.9513,-0.3803,4.1424,4.9679,0.7798,5.2109,-1.8757,-0.3181
435.50,5.7357,-1.9468,-0.3384,4.1394,4.9648,0.8222,5.2068,-1.8744,-0.2757
436.00,5.7357,-1.9419,-0.2953,4.1361,4.9611,0.8665,5.2019,-1.8732,-0.2314
436.50,5.7357,-1.9365,-0.2508,4.1330,4.9572,0.9122,5.1970,-1.8721,-0.1856
437.00,5.7356,-1.9306,-0.2050,4.1297,4.9528,0.9597,5.1917,-1.8712,-0.1382
437.50,5.7356,-1.9242,-0.1577,4.1264,4.9478,1.0086,5.1857,-1.8706,-0.0892
438.00,5.7356,-1.9173,-0.1088,4.1232,4.9424,1.0591,5.1794,-1.8701,-0.0387
438.50,5.7356,-1.9099,-0.0580,4.1198,4.9361,1.1109,5.1723,-1.8700,0.0131
439.00,5.7356,-1.9021,-0.0053,4.1167,4.9295,1.1651,5.2252,-1.7815,0.0254
439.50,5.7356,-1.8942,0.0478,4.1187,4.9344,1.2196,5.2305,-1.7812,0.0799
440.00,5.7356,-1.8877,0.0921,4.1208,4.9409,1.2664,5.2373,-1.7805,0.1267
440.50,5.7356,-1.8875,0.0987,4.1209,4.9411,1.2702,5.2375,-1.7805,0.1304
441.00,5.7356,-1.8818,0.1480,4.1221,4.9455,1.3228,5.2420,-1.7798,0.1831
441.50,5.7356,-1.8753,0.1956,4.1237,4.9523,1.3723,5.2488,-1.7783,0.2326
442.00,5.7357,-1.8693,0.2418,4.1249,4.9591,1.4197,5.2555,-1.7766,0.2800
442.50,5.7357,-1.8638,0.2865,4.1258,4.9660,1.4655,5.2621,-1.7745,0.3257
443.00,5.7357,-1.8588,0.3299,4.1261,4.9704,1.5099,5.2663,-1.7730,0.3702
443.50,5.7358,-1.8542,0.3720,4.1263,4.9756,1.5537,5.2711,-1.7710,0.4140
444.00,5.7358,-1.8502,0.4130,4.1264,4.9790,1.5955,5.2742,-1.7696,0.4558
444.50,5.7358,-1.8466,0.4528,4.1262,4.9827,1.6367,5.2775,-1.7679,0.4970
445.00,5.7359,-1.8435,0.4916,4.1259,4.9859,1.6773,5.2587,-1.7233,0.5201
445.50,5.7359,-1.8409,0.5294,4.1256,4.9883,1.7170,5.2607,-1.7220,0.5598
446.00,5.7360,-1.8387,0.5662,4.1252,4.9906,1.7550,5.2627,-1.7208,0.5978
446.50,5.7360,-1.8370,0.6020,4.1249,4.9924,1.7920,5.2642,-1.7197,0.6348
447.00,5.7361,-1.8358,0.6369,4.1245,4.9941,1.8284,5.2656,-1.7186,0.6712
447.50,5.7362,-1.8350,0.6709,4.1243,4.9948,1.8635,5.2661,-1.7182,0.7064
448.00,5.7362,-1.8346,0.7040,4.1242,4.9951,1.8976,5.2664,-1.7180,0.7404
448.50,5.7362,-1.8346,0.7365,4.1241,4.9953,1.9311,5.2665,-1.7179,0.7739
449.00,5.7359,-1.8347,0.7699,4.1242,4.9949,1.9659,5.2663,-1.7181,0.8088
449.50,5.7359,-1.8348,0.8041,4.1243,4.9947,2.0015,5.2661,-1.7183,0.8444
450.00,5.7360,-1.8352,0.8374,4.1244,4.9945,2.0354,5.2660,-1.7185,0.8782
450.50,5.7360,-1.8353,0.8699,4.1246,4.9943,2.0689,5.2658,-1.7187,0.9118
451.00,5.7356,-1.8354,0.9031,4.1247,4.9941,2.1038,5.2657,-1.7189,0.9466
451.50,5.7386,-1.8299,0.9514,4.1216,4.9990,2.1513,5.2690,-1.7140,0.9942
452.00,5.7616,-1.7786,1.1203,4.0888,5.0410,2.3230,5.2942,-1.6672,1.1659
452.50,5.7834,-1.6677,1.3050,3.9997,5.1177,2.5109,5.3088,-1.5345,1.3296
453.00,5.8086,-1.5434,1.3375,3.8925,5.1914,2.5443,5.3146,-1.4065,1.3662
453.50,5.8414,-1.4556,1.2061,3.8151,5.2496,2.4121,5.3386,-1.3227,1.2305
454.00,5.8844,-1.3674,0.9839,3.7494,5.3241,2.1867,5.3931,-1.2338,1.0086
454.50,5.9593,-1.2639,0.8851,3.6822,5.4317,2.0883,5.4671,-1.1307,0.9137
455.00,6.0407,-1.1637,0.9146,3.6168,5.5450,2.1182,5.5555,-1.0268,0.9401
455.50,6.1084,-1.0626,1.0621,3.5447,5.6471,2.2706,5.6131,-0.9311,1.0925
456.00,6.1660,-0.9457,1.1608,3.4569,5.7403,2.3701,5.6654,-0.8041,1.1888
456.50,6.2197,-0.8269,1.1167,3.3651,5.8314,2.3271,5.7002,-0.6845,1.1437
457.00,6.2820,-0.7167,0.9673,3.2817,5.9339,2.1752,5.7700,-0.5734,0.9918
457.50,6.3578,-0.6122,0.9169,3.2076,6.0486,2.1271,5.8435,-0.4627,0.9455
458.00,6.4380,-0.5096,0.9009,3.1395,6.1598,2.1111,5.9188,-0.3622,0.9254
458.50,6.5175,-0.4070,0.9199,3.0697,6.2734,2.1334,5.9883,-0.2553,0.9474
459.00,6.5975,-0.3042,0.9001,3.0017,6.3830,2.1133,6.0649,-0.1551,0.9242
459.50,6.6765,-0.2011,0.9557,2.9328,6.4926,2.1707,6.1499,-0.0413,0.9830
460.00,6.7475,-0.0925,1.0082,2.8532,6.6001,2.2278,6.2077,0.0683,1.0369
460.50,6.8004,-0.0132,0.9744,2.7939,6.6792,2.1936,6.2526,0.1527,1.0007
461.00,6.8199,0.0132,0.9394,2.7735,6.7083,2.1598,6.2844,0.1824,0.9669
461.50,6.8208,0.0132,0.9052,2.7729,6.7093,2.1276,6.2851,0.1834,0.9347
462.00,6.8212,0.0133,0.8720,2.7726,6.7097,2.0957,6.2853,0.1838,0.9028
462.50,6.8213,0.0134,0.8394,2.7725,6.7099,2.0648,6.2854,0.1839,0.8719
463.00,6.8212,0.0138,0.8062,2.7723,6.7102,2.0334,6.2857,0.1842,0.8405
463.50,6.8212,0.0140,0.7721,2.7722,6.7104,2.0005,6.2858,0.1844,0.8076
464.00,6.8215,0.0140,0.7386,2.7720,6.7108,1.9686,6.2862,0.1847,0.7756
464.50,6.8215,0.0140,0.7061,2.7720,6.7109,1.9374,6.2862,0.1848,0.7445
465.00,6.8215,0.0137,0.6730,2.7721,6.7107,1.9058,6.2860,0.1846,0.7128
465.50,6.8214,0.0129,0.6391,2.7723,6.7100,1.8729,6.2855,0.1842,0.6799
466.00,6.8213,0.0117,0.6042,2.7726,6.7089,1.8393,6.2846,0.1834,0.6463
466.50,6.8213,0.0100,0.5685,2.7731,6.7070,1.8048,6.2830,0.1823,0.6118
467.00,6.8212,0.0079,0.5318,2.7735,6.7051,1.7694,6.2814,0.1812,0.5765
467.50,6.8212,0.0053,0.4941,2.7740,6.7025,1.7328,6.2792,0.1798,0.5399
468.00,6.8211,0.0023,0.4553,2.7743,6.7002,1.6954,6.2772,0.1787,0.5025
468.50,6.8211,-0.0013,0.4156,2.7747,6.6965,1.6568,6.2738,0.1769,0.4638
469.00,6.8211,-0.0053,0.3747,2.7750,6.6913,1.6176,6.2691,0.1747,0.4247
469.50,6.8210,-0.0098,0.3326,2.7752,6.6860,1.5770,6.2643,0.1726,0.3841
470.00,6.8210,-0.0148,0.2893,2.7751,6.6811,1.5345,6.2596,0.1709,0.3415
470.50,6.8210,-0.0203,0.2447,2.7748,6.6754,1.4914,6.2543,0.1691,0.2985
471.00,6.8209,-0.0263,0.1986,2.7742,6.6700,1.4471,6.2490,0.1676,0.2542
471.50,6.8209,-0.0327,0.1511,2.7733,6.6640,1.4011,6.2431,0.1662,0.2082
472.00,6.8209,-0.0397,0.1019,2.7722,6.6583,1.3528,6.2374,0.1652,0.1599
472.50,6.8209,-0.0471,0.0509,2.7701,6.6500,1.3031,6.2748,0.1206,0.0788
473.00,6.8209,-0.0550,-0.0020,2.7674,6.6409,1.2514,6.2653,0.1201,0.0270
473.50,6.8209,-0.0628,-0.0549,2.7699,6.6481,1.1989,6.2729,0.1202,-0.0255
474.00,6.8209,-0.0702,-0.1057,2.7734,6.6565,1.1498,6.2820,0.1197,-0.0746
474.50,6.8209,-0.0771,-0.1548,2.7766,6.6632,1.1018,6.2894,0.1190,-0.1226
475.00,6.8209,-0.0836,-0.2022,2.7795,6.6685,1.0555,6.2953,0.1181,-0.1689
475.50,6.8210,-0.0895,-0.2481,2.7826,6.6737,1.0105,6.3013,0.1170,-0.2138
476.00,6.8210,-0.0949,-0.2926,2.7861,6.6791,0.9673,6.3076,0.1155,-0.2571
476.50,6.8210,-0.0999,-0.3358,2.7894,6.6836,0.9253,6.3129,0.1140,-0.2990
477.00,6.8211,-0.1044,-0.3778,2.7923,6.6873,0.8848,6.3174,0.1125,-0.3396
477.50,6.8211,-0.1084,-0.4186,2.7951,6.6906,0.8451,6.3215,0.1110,-0.3792
478.00,6.8212,-0.1119,-0.4583,2.7971,6.6928,0.8066,6.3242,0.1098,-0.4177
478.50,6.8212,-0.1149,-0.4970,2.7988,6.6945,0.7691,6.3264,0.1088,-0.4552
479.00,6.8212,-0.1175,-0.5346,2.8004,6.6961,0.7327,6.3284,0.1078,-0.4917
479.50,6.8213,-0.1196,-0.5712,2.8026,6.6979,0.6975,6.2879,0.0439,-0.5443
480.00,6.8213,-0.1212,-0.6069,2.8038,6.6990,0.6627,6.2893,0.0430,-0.5791
480.50,6.8214,-0.1224,-0.6417,2.8045,6.6995,0.6292,6.2900,0.0426,-0.6126
481.00,6.8215,-0.1230,-0.6705,2.8054,6.7001,0.6022,6.2908,0.0419,-0.6396
481.50,6.8215,-0.1234,-0.7037,2.8057,6.7003,0.5704,6.2911,0.0417,-0.6714
482.00,6.8216,-0.1234,-0.7362,2.8057,6.7003,0.5390,6.2912,0.0417,-0.7028
482.50,6.8220,-0.1233,-0.7696,2.8063,6.7007,0.5074,6.2917,0.0412,-0.7344
483.00,6.8222,-0.1233,-0.8037,2.8066,6.7008,0.4744,6.2919,0.0410,-0.7674
483.50,6.8222,-0.1236,-0.8370,2.8070,6.7010,0.4427,6.2922,0.0407,-0.7991
484.00,6.8222,-0.1236,-0.8695,2.8069,6.7010,0.4118,6.2922,0.0408,-0.8300
484.50,6.8218,-0.1235,-0.9027,2.8066,6.7009,0.3802,6.2919,0.0410,-0.8616
485.00,6.8210,-0.1235,-0.9368,2.8059,6.7006,0.3470,6.2915,0.0416,-0.8948
485.50,6.8197,-0.1234,-0.9718,2.8048,6.7002,0.3136,6.2908,0.0425,-0.9282
486.00,6.8180,-0.1234,-1.0077,2.8031,6.6997,0.2784,6.2897,0.0439,-0.9634
486.50,6.8158,-0.1233,-1.0445,2.8018,6.6993,0.2430,6.2890,0.0451,-0.9988
487.00,6.8131,-0.1233,-1.0824,2.7994,6.6988,0.2061,6.2877,0.0472,-1.0357
487.50,6.8100,-0.1232,-1.1212,2.7965,6.6983,0.1684,6.2862,0.0498,-1.0734
488.00,6.8064,-0.1232,-1.1612,2.7939,6.6979,0.1295,6.2850,0.0521,-1.1123
488.50,6.8023,-0.1231,-1.2023,2.7898,6.6974,0.0896,6.2833,0.0558,-1.1522
489.00,6.7977,-0.1231,-1.2445,2.7854,6.6971,0.0484,6.2815,0.0598,-1.1934
489.50,6.7926,-0.1231,-1.2880,2.7798,6.6970,0.0060,6.2796,0.0651,-1.2358
490.00,6.7870,-0.1230,-1.3328,2.7743,6.6970,-0.0378,6.2779,0.0704,-1.2796
490.50,6.7810,-0.1230,-1.3791,2.7673,6.6975,-0.0830,6.2760,0.0771,-1.3248
491.00,6.7745,-0.1230,-1.4268,2.7610,6.6981,-0.1295,6.2746,0.0833,-1.3713
491.50,6.7674,-0.1230,-1.4763,2.7548,6.6991,-0.1771,6.2735,0.0894,-1.4189
492.00,6.7600,-0.1230,-1.5275,2.7487,6.7004,-0.2280,6.2292,0.0465,-1.5012
492.50,6.7520,-0.1230,-1.5807,2.7437,6.7016,-0.2800,6.2289,0.0516,-1.5532
493.00,6.7442,-0.1230,-1.6333,2.7511,6.6993,-0.3312,6.2289,0.0439,-1.6044
493.50,6.7369,-0.1230,-1.6838,2.7582,6.6967,-0.3801,6.2284,0.0364,-1.6534
494.00,6.7301,-0.1230,-1.7326,2.7646,6.6939,-0.4279,6.2277,0.0294,-1.7011
494.50,6.7237,-0.1230,-1.7798,2.7703,6.6911,-0.4741,6.2267,0.0232,-1.7473
495.00,6.7186,-0.1230,-1.8192,2.7770,6.6876,-0.5148,6.2252,0.0158,-1.7881
495.50,6.7224,-0.1230,-1.7798,2.7741,6.6891,-0.4723,6.2259,0.0190,-1.7455
496.00,6.7288,-0.1230,-1.7326,2.7684,6.6918,-0.4234,6.2268,0.0252,-1.6966
496.50,6.7356,-0.1230,-1.6838,2.7620,6.6945,-0.3736,6.2275,0.0321,-1.6469
497.00,6.7429,-0.1230,-1.6333,2.7536,6.6976,-0.3221,6.2280,0.0411,-1.5953
497.50,6.7507,-0.1230,-1.5807,2.7453,6.7001,-0.2689,6.2279,0.0497,-1.5422
498.00,6.7587,-0.1230,-1.5275,2.7502,6.6989,-0.2143,6.2283,0.0446,-1.4875
498.50,6.7661,-0.1230,-1.4762,2.7579,6.6975,-0.1618,6.2291,0.0368,-1.4350
499.00,6.7732,-0.1230,-1.4268,2.7655,6.6964,-0.1110,6.2304,0.0293,-1.3842
499.50,6.7797,-0.1230,-1.3790,2.7716,6.6959,-0.0621,6.2316,0.0233,-1.3354
500.00,6.7857,-0.1230,-1.3328,2.7771,6.6957,-0.0151,6.2330,0.0180,-1.2883
500.50,6.7913,-0.1231,-1.2880,2.7832,6.6957,0.0309,6.2348,0.0122,-1.2423
501.00,6.7926,-0.1165,-1.2590,2.7799,6.6955,0.0607,6.2337,0.0152,-1.2125
501.50,6.7806,-0.0794,-1.2590,2.7375,6.6929,0.0614,6.2188,0.0550,-1.2118
502.00,6.7684,-0.0413,-1.2590,2.6947,6.6902,0.0631,6.2037,0.0952,-1.2101
502.50,6.7561,-0.0032,-1.2590,2.6500,6.6874,0.0643,6.2132,0.1591,-1.2316
503.00,6.7438,0.0349,-1.2590,2.6066,6.6846,0.0656,6.2047,0.2000,-1.2302
503.50,6.7315,0.0729,-1.2590,2.5674,6.6820,0.0665,6.1931,0.2372,-1.2311
504.00,6.7193,0.1108,-1.2590,2.5257,6.6792,0.0669,6.1792,0.2766,-1.2307
504.50,6.7161,0.1208,-1.2285,2.5143,6.6784,0.0996,6.1754,0.2873,-1.1981
505.00,6.7202,0.1208,-1.1867,2.5186,6.6789,0.1426,6.1770,0.2833,-1.1551
505.50,6.7241,0.1207,-1.1461,2.5216,6.6794,0.1844,6.1784,0.2805,-1.1133
506.00,6.7276,0.1207,-1.1066,2.5252,6.6802,0.2253,6.1800,0.2773,-1.0723
506.50,6.7305,0.1207,-1.0681,2.5292,6.6812,0.2649,6.1820,0.2738,-1.0327
507.00,6.7330,0.1206,-1.0306,2.5323,6.6821,0.3037,6.1838,0.2710,-0.9940
507.50,6.7351,0.1206,-0.9941,2.5349,6.6830,0.3413,6.1853,0.2687,-0.9564
508.00,6.7366,0.1205,-0.9586,2.5361,6.6834,0.3777,6.1861,0.2676,-0.9200
508.50,6.7377,0.1204,-0.9239,2.5374,6.6839,0.4139,6.1870,0.2665,-0.8838
509.00,6.7384,0.1204,-0.8902,2.5377,6.6841,0.4482,6.1871,0.2663,-0.8494
509.50,6.7386,0.1203,-0.8573,2.5380,6.6843,0.4819,6.1874,0.2660,-0.8157
510.00,6.7386,0.1204,-0.8247,2.5379,6.6842,0.5157,6.1873,0.2661,-0.7819
510.50,6.7385,0.1207,-0.7910,2.5374,6.6839,0.5508,6.1869,0.2665,-0.7469
511.00,6.7383,0.1206,-0.7569,2.5371,6.6837,0.5858,6.1866,0.2667,-0.7119
511.50,6.7379,0.1206,-0.7240,2.5369,6.6836,0.6197,6.1865,0.2669,-0.6780
512.00,6.7379,0.1207,-0.6913,2.5369,6.6835,0.6534,6.1864,0.2670,-0.6443
512.50,6.7378,0.1212,-0.6579,2.5362,6.6830,0.6883,6.1857,0.2674,-0.6093
513.00,6.7378,0.1222,-0.6235,2.5356,6.6824,0.7231,6.1850,0.2679,-0.5745
513.50,6.7377,0.1236,-0.5883,2.5346,6.6816,0.7595,6.1839,0.2686,-0.5382
514.00,6.7377,0.1255,-0.5521,2.5334,6.6803,0.7969,6.1824,0.2695,-0.5007
514.50,6.7376,0.1278,-0.5150,2.5312,6.6781,0.8351,6.1796,0.2709,-0.4625
515.00,6.7376,0.1306,-0.4768,2.5291,6.6756,0.8736,6.1767,0.2723,-0.4241
515.50,6.7375,0.1339,-0.4376,2.5272,6.6733,0.9137,6.1739,0.2735,-0.3840
516.00,6.7375,0.1376,-0.3973,2.5253,6.6707,0.9558,6.1709,0.2747,-0.3419
516.50,6.7374,0.1419,-0.3559,2.5228,6.6669,0.9988,6.1666,0.2761,-0.2988
517.00,6.7374,0.1466,-0.3133,2.5208,6.6638,1.0426,6.1630,0.2771,-0.2551
517.50,6.7374,0.1518,-0.2694,2.5184,6.6594,1.0874,6.1582,0.2782,-0.2102
518.00,6.7373,0.1575,-0.2242,2.5162,6.6548,1.1337,6.1532,0.2792,-0.1640
518.50,6.7373,0.1637,-0.1775,2.5134,6.6486,1.1818,6.1810,0.3188,-0.1476
519.00,6.7373,0.1704,-0.1293,2.5110,6.6424,1.2315,6.1775,0.3235,-0.1011
519.50,6.7373,0.1776,-0.0793,2.5089,6.6357,1.2822,6.1704,0.3241,-0.0504
520.00,6.7373,0.1852,-0.0274,2.5072,6.6294,1.3353,6.1639,0.3242,0.0028
520.50,6.7373,0.1932,0.0260,2.5070,6.6289,1.3899,6.1634,0.3243,0.0574
521.00,6.7373,0.2008,0.0779,2.5083,6.6375,1.4430,6.1721,0.3250,0.1105
521.50,6.7373,0.2080,0.1279,2.5093,6.6466,1.4947,6.1811,0.3263,0.1621
522.00,6.7373,0.2147,0.1762,2.5096,6.6530,1.5444,6.1874,0.3274,0.2119
522.50,6.7373,0.2209,0.2230,2.5096,6.6604,1.5924,6.1946,0.3291,0.2598
523.00,6.7374,0.2266,0.2682,2.5094,6.6663,1.6388,6.2003,0.3308,0.3062
523.50,6.7374,0.2318,0.3122,2.5089,6.6715,1.6836,6.2052,0.3325,0.3511
524.00,6.7374,0.2366,0.3548,2.5084,6.6750,1.7276,6.2085,0.3338,0.3950
524.50,6.7504,0.2433,0.4291,2.5055,6.6897,1.8055,6.2221,0.3401,0.4729
525.00,6.8135,0.2694,0.5937,2.4842,6.7527,1.9753,6.2527,0.4380,0.6236
525.50,6.9133,0.3416,0.6695,2.4293,6.8655,2.0526,6.3609,0.5116,0.6991
526.00,7.0159,0.4212,0.6520,2.3689,6.9838,2.0347,6.4601,0.5917,0.6794
526.50,7.1198,0.4987,0.6335,2.3098,7.1044,2.0157,6.5659,0.6664,0.6573
527.00,7.2255,0.5736,0.6008,2.2559,7.2210,1.9827,6.6675,0.7429,0.6240
527.50,7.3346,0.6424,0.5526,2.2066,7.3416,1.9345,6.7842,0.8214,0.5776
528.00,7.4440,0.7136,0.6118,2.1564,7.4659,1.9958,6.8817,0.8925,0.6371
528.50,7.5456,0.7943,0.7450,2.0942,7.5842,2.1316,6.9831,0.9783,0.7729
529.00,7.6327,0.8864,0.9006,2.0158,7.6916,2.2856,7.0726,1.0776,0.9269
529.50,7.7050,0.9942,1.0723,1.9180,7.7858,2.4604,7.1432,1.1839,1.1017
530.00,7.7650,1.1069,1.1381,1.8118,7.8653,2.5262,7.1893,1.3037,1.1640
530.50,7.7981,1.1763,1.1780,1.7487,7.9081,2.5674,7.2181,1.3743,1.2052
531.00,7.8063,1.1912,1.2191,1.7320,7.9187,2.6105,7.2250,1.3828,1.2483
531.50,7.8029,1.1911,1.2619,1.7347,7.9173,2.6543,7.2242,1.3799,1.2921
532.00,7.7977,1.1911,1.3059,1.7401,7.9145,2.6998,7.2226,1.3740,1.3376
532.50,7.7919,1.1911,1.3513,1.7469,7.9115,2.7462,7.2211,1.3667,1.3840
533.00,7.7857,1.1911,1.3981,1.7520,7.9096,2.7942,7.2202,1.3613,1.4320
533.50,7.7789,1.1910,1.4465,1.7585,7.9074,2.8442,7.2195,1.3546,1.4820
534.00,7.7717,1.1910,1.4967,1.7657,7.9054,2.8956,7.2190,1.3471,1.5334
534.50,7.7641,1.1910,1.5487,1.7738,7.9036,2.9491,7.2189,1.3388,1.5869
535.00,7.7561,1.1910,1.6022,1.7739,7.9035,3.0042,7.2188,1.3386,1.6420
535.50,7.7485,1.1910,1.6539,1.7663,7.9043,3.0566,7.2181,1.3463,1.6944
536.00,7.7414,1.1910,1.7037,1.7594,7.9047,3.1077,7.2170,1.3531,1.7455
536.50,7.7337,1.1974,1.7692,1.7482,7.9048,-3.1087,7.2148,1.3641,1.8123
537.00,7.7168,1.2556,1.8622,1.6870,7.8992,-3.0117,7.1966,1.4228,1.9093
537.50,7.6826,1.3678,1.9065,1.5633,7.8793,-2.9666,7.1008,1.5596,1.9334
538.00,7.6346,1.4822,2.0321,1.4381,7.8506,-2.8390,7.0489,1.6681,2.0576
538.50,7.5788,1.5597,2.2548,1.3488,7.8116,-2.6113,6.9938,1.7476,2.2821
539.00,7.5072,1.6316,2.4702,1.2629,7.7484,-2.3959,6.9162,1.8207,2.4972
539.50,7.4212,1.6923,2.7076,1.1904,7.6637,-2.1577,6.8299,1.8669,2.7353
540.00,7.3133,1.7442,2.9911,1.1360,7.5525,-1.8737,6.7207,1.9103,3.0194
540.50,7.2100,1.7825,-3.0046,1.1171,7.4346,-1.5828,6.6103,1.9266,-2.9764
541.00,7.1666,1.7879,-2.9046,1.1190,7.3894,-1.4815,6.5671,1.9377,-2.8751
541.50,7.1652,1.7902,-2.9405,1.1188,7.3910,-1.5181,6.5688,1.9575,-2.9152
542.00,7.1653,1.7967,-2.9880,1.1185,7.3990,-1.5643,6.5767,1.9592,-2.9614
542.50,7.1653,1.8036,-3.0371,1.1186,7.4060,-1.6118,6.5836,1.9603,-3.0089
543.00,7.1653,1.8110,-3.0880,1.1192,7.4140,-1.6615,6.5915,1.9611,-3.0586
543.50,7.1653,1.8188,-3.1408,1.1201,7.4217,-1.7134,6.5992,1.9616,-3.1105
544.00,7.1653,1.8267,3.0894,1.1185,7.4125,-1.7644,6.5899,1.9615,3.1217
544.50,7.1653,1.8341,3.0385,1.1168,7.4049,-1.8142,6.5821,1.9619,3.0718
545.00,7.1653,1.8410,2.9893,1.1148,7.3976,-1.8617,6.5746,1.9626,3.0244
545.50,7.1652,1.8475,2.9418,1.1126,7.3907,-1.9086,6.5674,1.9636,2.9774
546.00,7.1652,1.8535,2.8958,1.1103,7.3847,-1.9532,6.5611,1.9648,2.9329
546.50,7.1652,1.8589,2.8512,1.1078,7.3787,-1.9969,6.5548,1.9662,2.8892
547.00,7.1651,1.8639,2.8080,1.1055,7.3740,-2.0393,6.5498,1.9676,2.8468
547.50,7.1651,1.8684,2.7659,1.1034,7.3700,-2.0801,6.5454,1.9690,2.8060
548.00,7.1651,1.8724,2.7250,1.1010,7.3659,-2.1200,6.5410,1.9707,2.7661
548.50,7.1650,1.8760,2.6853,1.0992,7.3632,-2.1586,6.5380,1.9720,2.7275
549.00,7.1650,1.8790,2.6466,1.0975,7.3606,-2.1959,6.5352,1.9732,2.6901
549.50,7.1649,1.8816,2.6089,1.0961,7.3588,-2.2325,6.5500,2.0443,2.6377
550.00,7.1649,1.8837,2.5722,1.0948,7.3571,-2.2680,6.5497,2.0522,2.6006
550.50,7.1648,1.8854,2.5365,1.0938,7.3560,-2.3030,6.5484,2.0530,2.5656
551.00,7.1648,1.8866,2.5017,1.0931,7.3552,-2.3371,6.5475,2.0536,2.5315
551.50,7.1647,1.8874,2.4678,1.0926,7.3547,-2.3698,6.5470,2.0540,2.4988
552.00,7.1647,1.8877,2.4347,1.0922,7.3543,-2.4019,6.5465,2.0543,2.4667
552.50,7.1645,1.8876,2.4022,1.0920,7.3542,-2.4334,6.5464,2.0545,2.4352
553.00,7.1641,1.8876,2.3687,1.0916,7.3538,-2.4657,6.5460,2.0548,2.4029
553.50,7.1640,1.8876,2.3345,1.0914,7.3536,-2.4986,6.5457,2.0551,2.3700
554.00,7.1639,1.8879,2.3013,1.0909,7.3533,-2.5307,6.5453,2.0555,2.3380
554.50,7.1640,1.8879,2.2688,1.0910,7.3534,-2.5620,6.5454,2.0554,2.3066
555.00,7.1644,1.8878,2.2355,1.0913,7.3536,-2.5937,6.5457,2.0551,2.2749
555.50,7.1653,1.8878,2.2014,1.0920,7.3540,-2.6270,6.5462,2.0545,2.2416
556.00,7.1666,1.8877,2.1663,1.0933,7.3547,-2.6605,6.5470,2.0533,2.2081
556.50,7.1684,1.8877,2.1303,1.0954,7.3557,-2.6952,6.5484,2.0514,2.1734
557.00,7.1706,1.8876,2.0934,1.0977,7.3568,-2.7312,6.5498,2.0493,2.1375
557.50,7.1734,1.8876,2.0554,1.1008,7.3581,-2.7681,6.5516,2.0464,2.1006
558.00,7.1765,1.8875,2.0165,1.1043,7.3593,-2.8062,6.5534,2.0432,2.0624
558.50,7.1802,1.8875,1.9764,1.1077,7.3605,-2.8446,6.5550,2.0400,2.0240
559.00,7.1843,1.8874,1.9352,1.1116,7.3616,-2.8845,6.5567,2.0363,1.9841
559.50,7.1890,1.8874,1.8929,1.1154,7.3625,-2.9258,6.5582,2.0327,1.9428
560.00,7.1941,1.8874,1.8492,1.1198,7.3634,-2.9681,6.5598,2.0285,1.9006
560.50,7.1997,1.8873,1.8043,1.1245,7.3641,-3.0115,6.5612,2.0240,1.8572
561.00,7.2013,1.8873,1.7922,1.1258,7.3642,-3.0223,6.5616,2.0227,1.8463
561.50,7.2013,1.8873,1.7922,1.1258,7.3642,-3.0214,6.5616,2.0227,1.8473
562.00,7.2013,1.8873,1.7922,1.1258,7.3642,-3.0199,6.5616,2.0227,1.8487
562.50,7.2013,1.8873,1.7922,1.1258,7.3642,-3.0188,6.5616,2.0227,1.8498
563.00,7.2031,1.8873,1.7674,1.1284,7.3645,-3.0423,6.5622,2.0202,1.8263
563.50,7.2096,1.8873,1.7198,1.1348,7.3650,-3.0885,6.5637,2.0139,1.7801
564.00,7.2166,1.8873,1.6706,1.1408,7.3652,-3.1366,6.5648,2.0081,1.7321
564.50,7.2240,1.8873,1.6195,1.1483,7.3650,3.0967,6.6187,2.0597,1.6472
565.00,7.2319,1.8873,1.5664,1.1569,7.3644,3.0448,6.6192,2.0511,1.5953
565.50,7.2397,1.8873,1.5137,1.1502,7.3653,2.9929,6.6192,2.0578,1.5434
566.00,7.2471,1.8873,1.4629,1.1427,7.3666,2.9433,6.6196,2.0654,1.4938
566.50,7.2540,1.8873,1.4139,1.1371,7.3679,2.8950,6.6202,2.0711,1.4456
567.00,7.2604,1.8873,1.3666,1.1318,7.3693,2.8488,6.6210,2.0765,1.3993
567.50,7.2663,1.8874,1.3207,1.1252,7.3714,2.8039,6.6223,2.0834,1.3544
568.00,7.2717,1.8874,1.2763,1.1197,7.3735,2.7599,6.6237,2.0890,1.3105
568.50,7.2767,1.8874,1.2331,1.1151,7.3755,2.7180,6.6251,2.0939,1.2686
569.00,7.2811,1.8875,1.1912,1.1107,7.3776,2.6771,6.6266,2.0985,1.2276
569.50,7.2851,1.8875,1.1504,1.1068,7.3796,2.6376,6.6282,2.1026,1.1881
570.00,7.2886,1.8875,1.1108,1.1027,7.3820,2.5992,6.6300,2.1070,1.1497
570.50,7.2916,1.8876,1.0722,1.1008,7.3832,2.5616,6.6310,2.1090,1.1122
571.00,7.2947,1.8896,1.0308,1.0977,7.3853,2.5215,6.7108,2.0732,1.0616
571.50,7.3181,1.9289,0.9045,1.0647,7.4120,2.3966,6.7338,2.1090,0.9367
572.00,7.3932,2.0068,0.7038,0.9884,7.4996,2.1944,6.8124,2.1946,0.7345
572.50,7.4978,2.0871,0.5794,0.9168,7.6152,2.0712,6.8999,2.2688,0.6046
573.00,7.6072,2.1582,0.5823,0.8519,7.7364,2.0750,7.0130,2.3456,0.6115
573.50,7.7123,2.2354,0.6808,0.7825,7.8488,2.1786,7.1072,2.4269,0.7117
574.00,7.8116,2.3195,0.7146,0.7047,7.9560,2.2128,7.2157,2.5154,0.7459
574.50,7.9082,2.4063,0.7508,0.6261,8.0576,2.2517,7.2986,2.5942,0.7813
575.00,8.0029,2.4953,0.7495,0.5427,8.1598,2.2520,7.3920,2.6974,0.7816
575.50,8.1004,2.5813,0.6910,0.4624,8.2640,2.1938,7.4875,2.7778,0.7199
576.00,8.2021,2.6617,0.6604,0.3841,8.3772,2.1633,7.5926,2.8666,0.6860
576.50,8.3042,2.7426,0.6866,0.3074,8.4890,2.1916,7.6866,2.9435,0.7142
577.00,8.4036,2.8265,0.7071,0.2329,8.5903,2.2141,7.7804,3.0273,0.7368
577.50,8.5032,2.9097,0.6785,0.1568,8.6935,2.1862,7.8760,3.1127,0.7089
578.00,8.6054,2.9897,0.6592,0.0845,8.7983,2.1679,7.9737,3.1945,0.6870
578.50,8.7078,3.0701,0.6818,0.0091,8.9078,2.1937,8.0860,3.2892,0.7163
579.00,8.8090,3.1515,0.6525,-0.0678,9.0158,2.1660,8.1815,3.3657,0.6817
579.50,8.9158,3.2260,0.5689,-0.1365,9.1279,2.0816,8.2872,3.4439,0.5955
580.00,9.0251,3.2966,0.5956,-0.1999,9.2403,2.1090,8.3936,3.5168,0.6195
580.50,9.1304,3.3739,0.6615,-0.2740,9.3554,2.1766,8.5023,3.5999,0.6905
581.00,9.2243,3.4575,0.8164,-0.3492,9.4496,2.3340,8.5901,3.6826,0.8479
581.50,9.2960,3.5423,1.0368,-0.4388,9.5262,2.5553,8.6586,3.7787,1.0623
582.00,9.3534,3.6314,1.3005,-0.5315,9.5721,2.8188,8.7059,3.8658,1.3226
582.50,9.4010,3.7522,1.5925,-0.6674,9.5961,3.1137,8.7310,4.0019,1.6241
583.00,9.4078,3.8813,1.7321,-0.7972,9.5890,-3.0276,8.7529,4.1109,1.7556
583.50,9.3892,4.0098,1.6934,-0.9273,9.5749,-3.0643,8.7395,4.2396,1.7189
584.00,9.3780,4.1395,1.4890,-1.0545,9.5770,3.0102,8.7317,4.3666,1.5032
584.50,9.3848,4.2682,1.4055,-1.1804,9.6004,2.9278,8.7471,4.4938,1.4243
585.00,9.4015,4.3969,1.4846,-1.3088,9.6239,3.0108,8.7417,4.6235,1.5072
585.50,9.4090,4.5267,1.5505,-1.4442,9.6370,3.0797,8.7555,4.7595,1.5726
586.00,9.4072,4.6567,1.5871,-1.5749,9.6429,3.1156,8.7529,4.8903,1.6050
586.50,9.3983,4.7867,1.6174,-1.7072,9.6439,-3.1345,8.7459,5.0224,1.6382
587.00,9.3958,4.9166,1.5931,-1.8410,9.6452,3.1215,8.7288,5.1460,1.6075
587.50,9.3897,5.0464,1.6537,-1.9714,9.6456,-3.1016,8.7319,5.2762,1.6710
588.00,9.3745,5.1748,1.7978,-2.1011,9.6313,-2.9560,8.7097,5.4049,1.8132
588.50,9.3498,5.2991,1.9398,-2.2294,9.5980,-2.8122,8.6693,5.5312,1.9569
589.00,9.3038,5.4184,2.0098,-2.3487,9.5519,-2.7438,8.6262,5.6475,2.0219
589.50,9.2458,5.5258,2.1585,-2.4612,9.4963,-2.5925,8.5746,5.7478,2.1735
590.00,9.1779,5.6059,2.3758,-2.5441,9.4327,-2.3736,8.5063,5.8270,2.3886
590.50,9.0919,5.6774,2.5975,-2.6156,9.3475,-2.1514,8.4174,5.9020,2.6076
591.00,9.0285,5.7236,2.7690,-2.6532,9.2775,-1.9780,8.3462,5.9379,2.7877
591.50,9.0167,5.7325,2.8240,-2.6592,9.2624,-1.9238,8.3304,5.9522,2.8349
592.00,9.0167,5.7286,2.8678,-2.6587,9.2643,-1.8791,8.3322,5.9517,2.8796
592.50,9.0167,5.7229,2.9129,-2.6569,9.2708,-1.8330,8.3388,5.9502,2.9257
593.00,9.0168,5.7168,2.9594,-2.6551,9.2783,-1.7859,8.3464,5.9487,2.9728
593.50,9.0168,5.7101,3.0075,-2.6539,9.2844,-1.7364,8.3525,5.9479,3.0223
594.00,9.0168,5.7030,3.0573,-2.6531,9.2906,-1.6857,8.3588,5.9473,3.0729
594.50,9.0168,5.6954,3.1090,-2.6524,9.2982,-1.6325,8.3664,5.9470,3.1262
595.00,9.0168,5.6875,-3.1208,-2.6522,9.3021,-1.5776,8.3703,5.9470,-3.1021
595.50,9.0168,5.6798,-3.0687,-2.6520,9.2941,-1.5250,8.3624,5.9464,-3.0495
596.00,9.0168,5.6726,-3.0190,-2.6516,9.2872,-1.4733,8.3555,5.9456,-2.9978
596.50,9.0168,5.6675,-2.9824,-2.6510,9.2826,-1.4361,8.3509,5.9449,-2.9606
597.00,9.0168,5.6627,-2.9468,-2.6505,9.2790,-1.3996,8.3473,5.9442,-2.9241
597.50,9.0167,5.6581,-2.9121,-2.6499,9.2758,-1.3638,8.3442,5.9434,-2.8883
598.00,9.0167,5.6539,-2.8782,-2.6490,9.2723,-1.3287,8.3406,5.9424,-2.8532
598.50,9.0167,5.6498,-2.8450,-2.6479,9.2677,-1.2943,8.3362,5.9410,-2.8188
599.00,9.0167,5.6461,-2.8125,-2.6467,9.2640,-1.2608,8.3325,5.9397,-2.7852
599.50,9.0166,5.6427,-2.7808,-2.6455,9.2603,-1.2283,8.3288,5.9383,-2.7527
600.00,9.0166,5.6395,-2.7497,-2.6445,9.2578,-1.1964,8.3264,5.9373,-2.7209
600.50,9.0166,5.6366,-2.7193,-2.6431,9.2543,-1.1648,8.3230,5.9357,-2.6893
601.00,9.0165,5.6348,-2.6955,-2.6424,9.2527,-1.1402,8.3428,5.8618,-2.6822
601.50,9.0165,5.6324,-2.6662,-2.6415,9.2508,-1.1094,8.3410,5.8608,-2.6513
602.00,9.0165,5.6302,-2.6374,-2.6405,9.2489,-1.0793,8.3391,5.8598,-2.6213
602.50,9.0164,5.6283,-2.6093,-2.6394,9.2468,-1.0501,8.3371,5.8586,-2.5921
603.00,9.0164,5.6267,-2.5817,-2.6385,9.2455,-1.0212,8.3357,5.8577,-2.5632
603.50,9.0164,5.6253,-2.5546,-2.6376,9.2440,-0.9934,8.3343,5.8567,-2.5354
604.00,9.0163,5.6242,-2.5280,-2.6370,9.2431,-0.9655,8.3334,5.8561,-2.5074
604.50,9.0163,5.6233,-2.5020,-2.6367,9.2426,-0.9385,8.3329,5.8558,-2.4804
605.00,9.0162,5.6227,-2.4765,-2.6362,9.2419,-0.9116,8.3323,5.8552,-2.4535
605.50,9.0162,5.6223,-2.4514,-2.6359,9.2416,-0.8857,8.3319,5.8549,-2.4276
606.00,9.0162,5.6222,-2.4269,-2.6358,9.2415,-0.8603,8.3318,5.8549,-2.4023
606.50,9.0162,5.6223,-2.4025,-2.6359,9.2416,-0.8346,8.3319,5.8550,-2.3765
607.00,9.0165,5.6223,-2.3775,-2.6362,9.2420,-0.8084,8.3323,5.8553,-2.3504
607.50,9.0165,5.6224,-2.3519,-2.6363,9.2421,-0.7822,8.3324,5.8554,-2.3241
608.00,9.0165,5.6226,-2.3264,-2.6366,9.2423,-0.7557,8.3326,5.8557,-2.2977
608.50,9.0164,5.6229,-2.3016,-2.6368,9.2425,-0.7298,8.3328,5.8559,-2.2717
609.00,9.0164,5.6230,-2.2773,-2.6369,9.2426,-0.7044,8.3329,5.8560,-2.2464
609.50,9.0166,5.6230,-2.2526,-2.6372,9.2429,-0.6783,8.3332,5.8563,-2.2202
610.00,9.0171,5.6230,-2.2274,-2.6378,9.2433,-0.6520,8.3336,5.8569,-2.1939
610.50,9.0178,5.6231,-2.2017,-2.6384,9.2437,-0.6248,8.3340,5.8575,-2.1668
611.00,9.0187,5.6231,-2.1755,-2.6390,9.2442,-0.5977,8.3344,5.8581,-2.1396
611.50,9.0194,5.6232,-2.1563,-2.6396,9.2446,-0.5770,8.3348,5.8587,-2.1190
612.00,9.0213,5.6232,-2.1200,-2.6410,9.2455,-0.5389,8.3357,5.8602,-2.0808
612.50,9.0237,5.6233,-2.0828,-2.6440,9.2472,-0.5005,8.3373,5.8632,-2.0424
613.00,9.0266,5.6233,-2.0445,-2.6471,9.2488,-0.4613,8.3388,5.8664,-2.0032
613.50,9.0299,5.6234,-2.0053,-2.6508,9.2505,-0.4213,8.3404,5.8701,-1.9633
614.00,9.0337,5.6234,-1.9649,-2.6533,9.2516,-0.3797,8.3414,5.8727,-1.9217
614.50,9.0380,5.6234,-1.9234,-2.6573,9.2531,-0.3373,8.3428,5.8767,-1.8792
615.00,9.0427,5.6235,-1.8807,-2.6615,9.2544,-0.2941,8.3440,5.8809,-1.8360
615.50,9.0480,5.6235,-1.8367,-2.6672,9.2560,-0.2485,8.3455,5.8866,-1.7904
616.00,9.0537,5.6235,-1.7913,-2.6713,9.2570,-0.2023,8.3463,5.8908,-1.7442
616.50,9.0600,5.6236,-1.7445,-2.6769,9.2580,-0.1538,8.3471,5.8964,-1.6957
617.00,9.0667,5.6236,-1.6961,-2.6848,9.2590,-0.1042,8.3480,5.9044,-1.6461
617.50,9.0734,5.6236,-1.6491,-2.6928,9.2597,-0.0563,8.3484,5.9123,-1.5982
618.00,9.0791,5.6236,-1.6103,-2.6985,9.2599,-0.0162,8.3971,5.8575,-1.6000
618.50,9.0851,5.6236,-1.5704,-2.7047,9.2599,0.0240,8.3972,5.8637,-1.5598
619.00,9.0910,5.6236,-1.5306,-2.6998,9.2601,0.0657,8.3973,5.8587,-1.5181
619.50,9.0967,5.6236,-1.4919,-2.6923,9.2607,0.1059,8.3978,5.8513,-1.4779
620.00,9.1021,5.6236,-1.4542,-2.6865,9.2614,0.1451,8.3985,5.8454,-1.4387
620.50,9.1072,5.6236,-1.4175,-2.6817,9.2622,0.1832,8.3992,5.8406,-1.4006
621.00,9.1121,5.6236,-1.3818,-2.6770,9.2632,0.2206,8.4001,5.8360,-1.3632
621.50,9.1167,5.6235,-1.3469,-2.6720,9.2644,0.2571,8.4013,5.8309,-1.3267
622.00,9.1211,5.6235,-1.3128,-2.6674,9.2657,0.2924,8.4025,5.8263,-1.2914
622.50,9.1251,5.6235,-1.2795,-2.6633,9.2670,0.3260,8.4038,5.8222,-1.2578
623.00,9.1289,5.6235,-1.2470,-2.6603,9.2681,0.3601,8.4048,5.8192,-1.2238
623.50,9.1324,5.6234,-1.2151,-2.6573,9.2693,0.3927,8.4060,5.8161,-1.1911
624.00,9.1364,5.6234,-1.1754,-2.6523,9.2714,0.4344,8.4081,5.8112,-1.1494
624.50,9.1402,5.6234,-1.1350,-2.6492,9.2730,0.4759,8.4096,5.8081,-1.1079
625.00,9.1435,5.6233,-1.0958,-2.6468,9.2743,0.5160,8.4108,5.8056,-1.0678
625.50,9.1487,5.6150,-1.0369,-2.6381,9.2796,0.5761,8.4790,5.8383,-1.0251
626.00,9.1820,5.5598,-0.9409,-2.5864,9.3181,0.6767,8.5158,5.7855,-0.9246
626.50,9.2540,5.4619,-0.9420,-2.4904,9.3960,0.6790,8.5810,5.6873,-0.9258
627.00,9.3250,5.3592,-1.0553,-2.3894,9.4708,0.5668,8.6524,5.5840,-1.0415
627.50,9.3815,5.2696,-1.3096,-2.2927,9.5177,0.3132,8.6957,5.4856,-1.2950
628.00,9.4276,5.1466,-1.5739,-2.1641,9.5411,0.0478,8.7346,5.3763,-1.5639
628.50,9.4382,5.0171,-1.7167,-2.0324,9.5378,-0.0906,8.7651,5.2448,-1.7020
629.00,9.4218,4.8893,-1.7611,-1.9046,9.5217,-0.1357,8.7544,5.1178,-1.7457
629.50,9.4030,4.7607,-1.6282,-1.7675,9.5103,0.0017,8.7418,4.9812,-1.6067
630.00,9.3953,4.6307,-1.5301,-1.6328,9.5189,0.1023,8.7455,4.8561,-1.5095
630.50,9.4003,4.5008,-1.5319,-1.4971,9.5323,0.1002,8.7430,4.7291,-1.5100
631.00,9.4025,4.3709,-1.5502,-1.3630,9.5444,0.0822,8.7499,4.5956,-1.5278
631.50,9.3974,4.2409,-1.5919,-1.2275,9.5529,0.0410,8.7528,4.4641,-1.5677
632.00,9.3919,4.1110,-1.5941,-1.0914,9.5573,0.0403,8.7461,4.3384,-1.5680
632.50,9.3863,3.9810,-1.6223,-0.9579,9.5616,0.0131,8.7456,4.2049,-1.5969
633.00,9.3736,3.8514,-1.6594,-0.8202,9.5599,-0.0240,8.7339,4.0820,-1.6305
633.50,9.3592,3.7221,-1.7078,-0.6864,9.5551,-0.0691,8.7205,3.9484,-1.6807
634.00,9.3358,3.5943,-1.8014,-0.5505,9.5391,-0.1635,8.6985,3.8233,-1.7735
634.50,9.3032,3.4693,-1.9015,-0.4174,9.5108,-0.2620,8.6655,3.6912,-1.8752
635.00,9.2607,3.3485,-1.9793,-0.2892,9.4701,-0.3417,8.6247,3.5750,-1.9551
635.50,9.2055,3.2299,-2.0251,-0.1585,9.4218,-0.3841,8.5767,3.4526,-1.9984
636.00,9.1430,3.1147,-2.0650,-0.0322,9.3666,-0.4255,8.5161,3.3328,-2.0378
636.50,9.0838,2.9994,-2.0470,0.0901,9.3135,-0.4036,8.4581,3.2198,-2.0175
637.00,9.0225,2.8844,-2.0540,0.2084,9.2618,-0.4119,8.4010,3.1082,-2.0277
637.50,8.9622,2.7691,-2.0644,0.3345,9.2074,-0.4175,8.3428,2.9847,-2.0331
638.00,8.8954,2.6562,-2.1087,0.4519,9.1514,-0.4633,8.2857,2.8757,-2.0826
638.50,8.8266,2.5452,-2.1260,0.5654,9.0933,-0.4803,8.2166,2.7653,-2.0998
639.00,8.7569,2.4352,-2.1307,0.6861,9.0296,-0.4859,8.1458,2.6478,-2.1052
639.50,8.6928,2.3229,-2.0687,0.8047,8.9722,-0.4191,8.0869,2.5323,-2.0367
640.00,8.6291,2.2090,-2.0863,0.9251,8.9175,-0.4391,8.0266,2.4204,-2.0584
640.50,8.5634,2.0963,-2.1058,1.0473,8.8597,-0.4551,7.9630,2.3011,-2.0760
641.00,8.4916,1.9861,-2.1589,1.1676,8.7972,-0.5060,7.8986,2.1884,-2.1288
641.50,8.4149,1.8798,-2.2045,1.2831,8.7291,-0.5519,7.8249,2.0809,-2.1781
642.00,8.3367,1.7757,-2.2175,1.3975,8.6573,-0.5649,7.7421,1.9745,-2.1912
642.50,8.2611,1.6705,-2.1745,1.5060,8.5917,-0.5183,7.6758,1.8758,-2.1430
643.00,8.1882,1.5631,-2.1694,1.6181,8.5285,-0.5127,7.6031,1.7671,-2.1425
643.50,8.1129,1.4565,-2.1918,1.7339,8.4616,-0.5347,7.5345,1.6463,-2.1645
644.00,8.0346,1.3522,-2.2267,1.8509,8.3894,-0.5691,7.4518,1.5386,-2.2023
644.50,7.9567,1.2485,-2.2036,1.9638,8.3187,-0.5431,7.3737,1.4402,-2.1762
645.00,7.8800,1.1435,-2.2049,2.0809,8.2482,-0.5440,7.2999,1.3275,-2.1773
645.50,7.8008,1.0398,-2.2362,2.1981,8.1753,-0.5733,7.2320,1.2258,-2.2054
646.00,7.7177,0.9394,-2.2871,2.3070,8.1015,-0.6229,7.1517,1.1217,-2.2585
646.50,7.6289,0.8439,-2.3650,2.4091,8.0227,-0.6994,7.0674,1.0302,-2.3367
647.00,7.5307,0.7582,-2.5184,2.5057,7.9301,-0.8519,6.9755,0.9399,-2.4904
647.50,7.4217,0.6820,-2.7322,2.5844,7.8199,-1.0635,6.8528,0.8690,-2.7031
648.00,7.3057,0.6150,-3.0068,2.6368,7.6885,-1.3376,6.7319,0.8158,-2.9790
648.50,7.1777,0.5776,3.0259,2.6510,7.5507,-1.5900,6.6081,0.7867,3.0500
649.00,7.0494,0.5891,2.9602,2.6432,7.4208,-1.6544,6.4991,0.7634,2.9868
649.50,6.9212,0.6092,3.0103,2.6342,7.2873,-1.6023,6.3549,0.7750,3.0377
650.00,6.7916,0.6211,-3.1014,2.6414,7.1547,-1.4256,6.2361,0.7807,-3.0711
650.50,6.6618,0.6178,-3.0843,2.6639,7.0216,-1.4073,6.0946,0.7681,-3.0551
651.00,6.5319,0.6148,-3.1190,2.6815,6.8912,-1.4437,5.9712,0.7706,-3.0915
651.50,6.4019,0.6152,-3.1372,2.6966,6.7670,-1.4610,5.8610,0.7652,-3.1077
652.00,6.2719,0.6187,3.1280,2.7099,6.6354,-1.4780,5.7112,0.7688,-3.1281
652.50,6.1419,0.6179,-3.1366,2.7236,6.5028,-1.4576,5.5705,0.7656,-3.1078
653.00,6.0119,0.6177,-3.1391,2.7383,6.3719,-1.4597,5.4543,0.7582,-3.1110
653.50,5.8819,0.6205,3.1193,2.7524,6.2361,-1.4834,5.3164,0.7549,-3.1370
654.00,5.7520,0.6248,3.1139,2.7629,6.1047,-1.4869,5.1989,0.7585,-3.1405
654.50,5.6220,0.6259,3.1250,2.7756,5.9662,-1.4743,5.0495,0.7572,-3.1303
655.00,5.4920,0.6285,3.1228,2.7885,5.8324,-1.4751,4.9329,0.7524,-3.1333
655.50,5.3661,0.6258,-3.1284,2.8026,5.7022,-1.4415,4.8022,0.7496,-3.1021
656.00,5.2903,0.6172,-3.0771,2.8145,5.6249,-1.3883,4.7148,0.7453,-3.0466
656.50,5.2742,0.6096,-3.0272,2.8188,5.6033,-1.3363,4.7002,0.7423,-2.9986
657.00,5.2742,0.6028,-2.9784,2.8202,5.5979,-1.2865,4.6947,0.7414,-2.9488
657.50,5.2742,0.5964,-2.9313,2.8223,5.5915,-1.2380,4.6881,0.7400,-2.9003
658.00,5.2742,0.5906,-2.8856,2.8243,5.5861,-1.1913,4.6825,0.7385,-2.8537
658.50,5.2741,0.5852,-2.8413,2.8264,5.5810,-1.1458,4.6773,0.7368,-2.8081
659.00,5.2741,0.5803,-2.7983,2.8283,5.5772,-1.1021,4.6733,0.7353,-2.7645
659.50,5.2741,0.5759,-2.7565,2.8300,5.5738,-1.0592,4.6698,0.7339,-2.7216
660.00,5.2740,0.5720,-2.7159,2.8317,5.5709,-1.0173,4.6667,0.7324,-2.6797
660.50,5.2740,0.5686,-2.6764,2.8338,5.5677,-0.9763,4.7218,0.6923,-2.6491
661.00,5.2739,0.5657,-2.6380,2.8357,5.5650,-0.9364,4.7189,0.6907,-2.6092
661.50,5.2739,0.5632,-2.6005,2.8375,5.5627,-0.8982,4.7164,0.6891,-2.5710
662.00,5.2738,0.5612,-2.5640,2.8395,5.5602,-0.8605,4.7137,0.6873,-2.5334
662.50,5.2738,0.5596,-2.5285,2.8408,5.5588,-0.8244,4.7122,0.6863,-2.4972
663.00,5.2737,0.5585,-2.4939,2.8415,5.5580,-0.7889,4.7113,0.6856,-2.4617
663.50,5.2737,0.5578,-2.4602,2.8420,5.5576,-0.7541,4.7108,0.6852,-2.4269
664.00,5.2736,0.5576,-2.4273,2.8423,5.5573,-0.7198,4.7106,0.6849,-2.3927
664.50,5.2737,0.5577,-2.3947,2.8422,5.5574,-0.6860,4.7106,0.6850,-2.3589
665.00,5.2740,0.5577,-2.3609,2.8419,5.5576,-0.6512,4.7109,0.6853,-2.3240
665.50,5.2739,0.5580,-2.3269,2.8418,5.5577,-0.6169,4.7110,0.6854,-2.2898
666.00,5.2738,0.5583,-2.2940,2.8414,5.5579,-0.5827,4.7113,0.6857,-2.2555
666.50,5.2740,0.5584,-2.2613,2.8412,5.5581,-0.5496,4.7115,0.6859,-2.2224
667.00,5.2745,0.5584,-2.2279,2.8407,5.5584,-0.5153,4.7118,0.6864,-2.1881
667.50,5.2755,0.5585,-2.1935,2.8395,5.5590,-0.4804,4.7125,0.6875,-2.1532
668.00,5.2769,0.5586,-2.1582,2.8378,5.5599,-0.4435,4.7136,0.6891,-2.1163
668.50,5.2788,0.5586,-2.1220,2.8356,5.5609,-0.4065,4.7148,0.6912,-2.0793
669.00,5.2811,0.5587,-2.0849,2.8334,5.5617,-0.3686,4.7159,0.6932,-2.0414
669.50,5.2839,0.5587,-2.0467,2.8309,5.5626,-0.3303,4.7170,0.6957,-2.0031
670.00,5.2872,0.5587,-2.0075,2.8293,5.5632,-0.2905,4.7177,0.6972,-1.9633
670.50,5.2910,0.5588,-1.9672,2.8247,5.5645,-0.2496,4.7195,0.7017,-1.9224
671.00,5.2953,0.5588,-1.9257,2.8210,5.5653,-0.2074,4.7207,0.7053,-1.8803
671.50,5.3000,0.5589,-1.8831,2.8157,5.5663,-0.1637,4.7222,0.7105,-1.8365
672.00,5.3052,0.5589,-1.8392,2.8102,5.5671,-0.1194,4.7236,0.7159,-1.7922
672.50,5.3110,0.5589,-1.7939,2.8037,5.5677,-0.0732,4.7249,0.7222,-1.7460
673.00,5.3172,0.5590,-1.7472,2.7972,5.5681,-0.0253,4.7259,0.7287,-1.6981
673.50,5.3239,0.5590,-1.6989,2.7916,5.5681,0.0236,4.7265,0.7342,-1.6492
674.00,5.3310,0.5590,-1.6488,2.7848,5.5678,0.0746,4.7268,0.7410,-1.5982
674.50,5.3389,0.5552,-1.5853,2.7829,5.5676,0.1380,4.7746,0.6827,-1.5593
675.00,5.3536,0.5013,-1.4806,2.8347,5.5784,0.2460,4.7788,0.6300,-1.4513
675.50,5.3772,0.3887,-1.3923,2.9409,5.6105,0.3393,4.8244,0.5136,-1.3603
676.00,5.4055,0.2612,-1.3474,3.0648,5.6564,0.3815,4.8541,0.3848,-1.3193
676.50,5.4420,0.1362,-1.2351,3.1844,5.7129,0.4987,4.8959,0.2590,-1.2055
677.00,5.4877,0.0149,-1.1832,3.3008,5.7809,0.5508,4.9425,0.1344,-1.1558
677.50,5.5342,-0.1061,-1.2370,3.4128,5.8476,0.4968,4.9974,0.0212,-1.2097
678.00,5.5722,-0.2304,-1.2876,3.5394,5.9106,0.4465,5.0428,-0.1127,-1.2600
678.50,5.6090,-0.3552,-1.2776,3.6578,5.9675,0.4576,5.0805,-0.2272,-1.2525
679.00,5.6541,-0.4784,-1.2031,3.7772,6.0313,0.5351,5.1313,-0.3542,-1.1726
679.50,5.7032,-0.5990,-1.1933,3.8925,6.1018,0.5447,5.1845,-0.4738,-1.1665
680.00,5.7512,-0.7199,-1.1891,4.0086,6.1723,0.5507,5.2345,-0.5898,-1.1622
680.50,5.8003,-0.8403,-1.1927,4.1258,6.2451,0.5472,5.2903,-0.7081,-1.1681
681.00,5.8499,-0.9609,-1.1691,4.2449,6.3188,0.5729,5.3409,-0.8353,-1.1412
681.50,5.9030,-1.0799,-1.1649,4.3578,6.3938,0.5782,5.3956,-0.9508,-1.1382
682.00,5.9533,-1.1997,-1.1679,4.4698,6.4659,0.5764,5.4506,-1.0675,-1.1418
682.50,6.0093,-1.3182,-1.1133,4.5799,6.5409,0.6331,5.5047,-1.1882,-1.0851
683.00,6.0722,-1.4334,-1.0735,4.6866,6.6234,0.6744,5.5733,-1.3002,-1.0462
683.50,6.1319,-1.5483,-1.1128,4.7980,6.7103,0.6342,5.6438,-1.4133,-1.0863
684.00,6.1863,-1.6659,-1.1290,4.9038,6.7852,0.6185,5.6962,-1.5271,-1.1038
684.50,6.2467,-1.7823,-1.0910,5.0104,6.8646,0.6595,5.7665,-1.6445,-1.0627
685.00,6.3097,-1.8969,-1.0543,5.1154,6.9481,0.6967,5.8245,-1.7610,-1.0266
685.50,6.3707,-1.9967,-1.0181,5.2104,7.0305,0.7341,5.8936,-1.8619,-0.9908
686.00,6.4031,-2.0449,-0.9820,5.2562,7.0731,0.7715,5.9144,-1.9036,-0.9534
686.50,6.4075,-2.0494,-0.9467,5.2624,7.0792,0.8082,5.9198,-1.9005,-0.9184
687.00,6.4085,-2.0494,-0.9124,5.2633,7.0801,0.8437,5.9205,-1.9015,-0.8829
687.50,6.4090,-2.0495,-0.8790,5.2633,7.0801,0.8779,5.9205,-1.9016,-0.8487
688.00,6.4091,-2.0495,-0.8464,5.2634,7.0801,0.9116,5.9205,-1.9016,-0.8150
688.50,6.4090,-2.0493,-0.8134,5.2633,7.0800,0.9455,5.9204,-1.9015,-0.7811
689.00,6.4090,-2.0492,-0.7793,5.2632,7.0798,0.9806,5.9203,-1.9014,-0.7460
689.50,6.4086,-2.0493,-0.7456,5.2630,7.0795,1.0153,5.9200,-1.9011,-0.7113
690.00,6.4084,-2.0493,-0.7130,5.2629,7.0794,1.0489,5.9198,-1.9010,-0.6777
690.50,6.4083,-2.0491,-0.6801,5.2629,7.0793,1.0827,5.9198,-1.9010,-0.6439
691.00,6.4083,-2.0484,-0.6464,5.2626,7.0787,1.1179,5.9192,-1.9006,-0.6087
691.50,6.4082,-2.0473,-0.6117,5.2622,7.0780,1.1531,5.9186,-1.9001,-0.5735
692.00,6.4082,-2.0457,-0.5761,5.2619,7.0772,1.1898,5.9179,-1.8997,-0.5368
692.50,6.4081,-2.0437,-0.5396,5.2614,7.0757,1.2270,5.9165,-1.8989,-0.4996
693.00,6.4081,-2.0412,-0.5022,5.2606,7.0735,1.2658,5.9144,-1.8979,-0.4609
693.50,6.4080,-2.0382,-0.4637,5.2595,7.0699,1.3053,5.9110,-1.8962,-0.4213
694.00,6.4080,-2.0348,-0.4241,5.2585,7.0656,1.3466,5.9070,-1.8945,-0.3800
694.50,6.4079,-2.0308,-0.3834,5.2578,7.0622,1.3878,5.9037,-1.8933,-0.3388
695.00,6.4079,-2.0264,-0.3416,5.2572,7.0584,1.4310,5.9000,-1.8921,-0.2956
695.50,6.4079,-2.0215,-0.2986,5.2565,7.0532,1.4756,5.8950,-1.8907,-0.2510
696.00,6.4078,-2.0162,-0.2543,5.2561,7.0473,1.5208,5.8893,-1.8893,-0.2058
696.50,6.4078,-2.0103,-0.2085,5.2559,7.0417,1.5675,5.8837,-1.8883,-0.1591
697.00,6.4078,-2.0039,-0.1613,5.2561,7.0353,1.6153,5.8773,-1.8875,-0.1113
697.50,6.4078,-1.9971,-0.1125,5.2567,7.0265,1.6656,5.9196,-1.8550,-0.0832
698.00,6.4077,-1.9898,-0.0619,5.2578,7.0176,1.7167,5.9155,-1.8511,-0.0343
698.50,6.4077,-1.9820,-0.0094,5.2589,7.0110,1.7706,5.9088,-1.8511,0.0196
699.00,6.4077,-1.9740,0.0438,5.2577,7.0161,1.8248,5.9140,-1.8508,0.0738
699.50,6.4078,-1.9666,0.0951,5.2554,7.0243,1.8769,5.9225,-1.8500,0.1259
700.00,6.4078,-1.9596,0.1445,5.2535,7.0296,1.9274,5.9280,-1.8491,0.1764
700.50,6.4078,-1.9530,0.1922,5.2509,7.0362,1.9761,5.9351,-1.8477,0.2250
701.00,6.4078,-1.9470,0.2385,5.2489,7.0407,2.0230,5.9398,-1.8465,0.2719
701.50,6.4078,-1.9414,0.2833,5.2462,7.0459,2.0694,5.9454,-1.8448,0.3183
702.00,6.4079,-1.9364,0.3268,5.2440,7.0497,2.1136,5.9496,-1.8433,0.3626
702.50,6.4079,-1.9318,0.3690,5.2418,7.0532,2.1568,5.9534,-1.8418,0.4057
703.00,6.4080,-1.9277,0.4100,5.2394,7.0566,2.1988,5.9572,-1.8400,0.4478
703.50,6.4080,-1.9241,0.4500,5.2378,7.0588,2.2393,5.9596,-1.8388,0.4882
704.00,6.4081,-1.9209,0.4888,5.2356,7.0615,2.2789,5.9626,-1.8371,0.5279
704.50,6.4081,-1.9183,0.5267,5.2332,7.0641,2.3180,5.9656,-1.8353,0.5669
705.00,6.4082,-1.9161,0.5635,5.2320,7.0654,2.3559,5.9671,-1.8343,0.6049
705.50,6.4082,-1.9144,0.5994,5.2312,7.0661,2.3930,5.9680,-1.8337,0.6420
706.00,6.4083,-1.9126,0.6824,5.2291,7.0679,2.4755,5.9702,-1.8319,0.7244
706.50,6.4081,-1.9131,0.8460,5.2297,7.0676,2.6416,5.9143,-1.7709,0.8766
707.00,6.4043,-1.9134,1.0177,5.2330,7.0662,2.8129,5.9123,-1.7738,1.0479
707.50,6.3917,-1.9136,1.2020,5.2456,7.0633,2.9992,5.9070,-1.7856,1.2342
708.00,6.3823,-1.9137,1.2859,5.2551,7.0624,3.0828,5.9043,-1.7947,1.3178
708.50,6.3767,-1.9137,1.3307,5.2605,7.0622,3.1285,5.9030,-1.8000,1.3635
709.00,6.3707,-1.9137,1.3768,5.2657,7.0622,-3.1073,5.9021,-1.8051,1.4109
709.50,6.3642,-1.9138,1.4245,5.2718,7.0626,-3.0588,5.9012,-1.8112,1.4594
710.00,6.3572,-1.9138,1.4739,5.2797,7.0634,-3.0083,5.9005,-1.8191,1.5099
710.50,6.3497,-1.9138,1.5251,5.2889,7.0649,-2.9566,5.8672,-1.7784,1.5528
711.00,6.3418,-1.9138,1.5782,5.2949,7.0662,-2.9025,5.8673,-1.7845,1.6070
711.50,6.3340,-1.9138,1.6308,5.2863,7.0639,-2.8490,5.8667,-1.7757,1.6604
712.00,6.3267,-1.9138,1.6815,5.2784,7.0613,-2.7969,5.8657,-1.7674,1.7125
712.50,6.3198,-1.9138,1.7304,5.2717,7.0587,-2.7473,5.8645,-1.7603,1.7622
713.00,6.3135,-1.9137,1.7776,5.2656,7.0560,-2.6988,5.8631,-1.7538,1.8106
713.50,6.3076,-1.9137,1.8234,5.2603,7.0533,-2.6519,5.8616,-1.7481,1.8576
714.00,6.3016,-1.9100,1.8771,5.2554,7.0505,-2.5983,5.8598,-1.7426,1.9112
714.50,6.2865,-1.8600,2.0151,5.2137,7.0205,-2.4531,5.8388,-1.6957,2.0564
715.00,6.2364,-1.7559,2.0565,5.1273,6.9447,-2.4110,5.7413,-1.6170,2.0845
715.50,6.1764,-1.6406,2.0570,5.0269,6.8558,-2.4114,5.6794,-1.4946,2.0840
716.00,6.1100,-1.5272,2.1080,4.9310,6.7654,-2.3582,5.6160,-1.3916,2.1356
716.50,6.0437,-1.4155,2.0983,4.8370,6.6719,-2.3692,5.5423,-1.2796,2.1229
717.00,5.9761,-1.3037,2.1249,4.7463,6.5817,-2.3404,5.4744,-1.1671,2.1533
717.50,5.9051,-1.1940,2.1470,4.6583,6.4884,-2.3177,5.3982,-1.0607,2.1743
718.00,5.8312,-1.0861,2.1829,4.5728,6.3930,-2.2801,5.3220,-0.9533,2.2113
718.50,5.7526,-0.9815,2.2384,4.4883,6.2894,-2.2246,5.2371,-0.8483,2.2644
719.00,5.6674,-0.8834,2.3437,4.4104,6.1776,-2.1188,5.1513,-0.7528,2.3703
719.50,5.5701,-0.7971,2.5123,4.3511,6.0594,-1.9478,5.0471,-0.6687,2.5413
720.00,5.4595,-0.7208,2.6686,4.3128,5.9349,-1.7914,4.9364,-0.6037,2.6951
720.50,5.3403,-0.6571,2.8109,4.2918,5.8011,-1.6476,4.8121,-0.5458,2.8389
721.00,5.2158,-0.6131,2.8666,4.2868,5.6676,-1.5908,4.6876,-0.4965,2.8939
721.50,5.0907,-0.5778,2.8636,4.2838,5.5364,-1.5953,4.5649,-0.4614,2.8894
722.00,4.9666,-0.5360,2.8089,4.2770,5.4033,-1.6503,4.4394,-0.4250,2.8362
722.50,4.8446,-0.4891,2.7904,4.2637,5.2673,-1.6697,4.3130,-0.3795,2.8163
723.00,4.7206,-0.4502,2.9143,4.2576,5.1330,-1.5423,4.1852,-0.3431,2.9446
723.50,4.5929,-0.4218,2.9668,4.2665,5.0013,-1.4874,4.0552,-0.3207,2.9962
724.00,4.4660,-0.3936,2.8531,4.2716,4.8677,-1.6020,3.9268,-0.2952,2.8791
724.50,4.3436,-0.3555,2.7625,4.2607,4.7378,-1.6933,3.8080,-0.2517,2.7878
725.00,4.2221,-0.3104,2.8168,4.2459,4.5978,-1.6369,3.6697,-0.2093,2.8454
725.50,4.0987,-0.2739,2.8688,4.2405,4.4703,-1.5864,3.5637,-0.1819,2.8935
726.00,3.9788,-0.2454,3.0566,4.2483,4.3463,-1.3952,3.4423,-0.1611,3.0835
726.50,3.8489,-0.2295,-3.0629,4.2833,4.2197,-1.2281,3.3076,-0.1523,-3.0341
727.00,3.7193,-0.2376,-3.0945,4.3277,4.0953,-1.2579,3.1819,-0.1566,-3.0658
727.50,3.5897,-0.2395,2.9906,4.3560,3.9684,-1.4606,3.0481,-0.1546,3.0131
728.00,3.4624,-0.2231,2.9158,4.3643,3.8355,-1.5341,2.9131,-0.1369,2.9429
728.50,3.3348,-0.1986,3.0180,4.3737,3.7069,-1.4313,2.8019,-0.1219,3.0466
729.00,3.2051,-0.1833,-3.0919,4.4055,3.5775,-1.2520,2.6601,-0.1223,-3.0590
729.50,3.0753,-0.1879,-3.1006,4.4472,3.4541,-1.2644,2.5383,-0.1234,-3.0761
730.00,2.9454,-0.1929,-3.1065,4.4857,3.3328,-1.2648,2.4034,-0.1291,-3.0765
730.50,2.8154,-0.1914,3.0800,4.5173,3.2131,-1.3661,2.2820,-0.1311,3.1054
731.00,2.6857,-0.1843,3.1064,4.5443,3.0836,-1.3358,2.1524,-0.1235,3.1357
731.50,2.5558,-0.1813,3.1046,4.5766,2.9551,-1.3381,2.0110,-0.1243,3.1308
732.00,2.4258,-0.1783,-3.1326,4.6104,2.8192,-1.2899,1.8796,-0.1240,-3.1025
732.50,2.2958,-0.1797,3.1305,4.6472,2.6943,-1.3092,1.7545,-0.1298,-3.1240
733.00,2.1659,-0.1766,3.1299,4.6801,2.5647,-1.3094,1.6217,-0.1301,-3.1250
733.50,2.0359,-0.1726,3.0852,4.7126,2.4369,-1.3549,1.4911,-0.1305,3.1127
734.00,1.9062,-0.1655,3.1140,4.7411,2.3084,-1.3233,1.3577,-0.1265,-3.1398
734.50,1.7762,-0.1624,3.1011,4.7750,2.1780,-1.3356,1.2372,-0.1275,3.1285
735.00,1.6463,-0.1564,3.1219,4.8057,2.0466,-1.3155,1.0962,-0.1244,-3.1333
735.50,1.5163,-0.1568,3.1349,4.8430,1.9172,-1.2975,0.9811,-0.1284,-3.1161
736.00,1.3864,-0.1543,3.1346,4.8780,1.7853,-1.2987,0.8434,-0.1322,-3.1208
736.50,1.2564,-0.1510,3.0862,4.9122,1.6553,-1.3477,0.7166,-0.1334,3.1125
737.00,1.1267,-0.1418,3.0858,4.9405,1.5223,-1.3485,0.5997,-0.1279,3.1099
737.50,0.9968,-0.1392,3.1219,4.9756,1.3883,-1.3073,0.4548,-0.1281,-3.1294
738.00,0.8669,-0.1341,3.1193,5.0082,1.2582,-1.3134,0.3271,-0.1275,-3.1374
738.50,0.7369,-0.1343,3.1340,5.0460,1.1275,-1.2941,0.1945,-0.1315,-3.1173
739.00,0.6070,-0.1280,3.0841,5.0773,0.9988,-1.3483,0.0938,-0.1279,3.1082
739.50,0.4771,-0.1257,3.1353,5.1104,0.8729,-1.2915,-0.0135,-0.1280,-3.1147
740.00,0.3471,-0.1227,3.1269,5.1449,0.7452,-1.3002,-0.1796,-0.1279,-3.1275
740.50,0.2172,-0.1184,3.0976,5.1772,0.6246,-1.3305,-0.2902,-0.1282,3.1246
741.00,0.0874,-0.1077,3.0756,5.2061,0.4958,-1.3541,-0.4285,-0.1230,3.1016
741.50,-0.0425,-0.1051,-3.1394,5.2392,0.3710,-1.2808,-0.5446,-0.1239,-3.1083
742.00,-0.1724,-0.1010,3.0971,5.2731,0.2449,-1.3316,-0.6915,-0.1252,3.1235
742.50,-0.3024,-0.0998,-3.1272,5.3091,0.1152,-1.2671,-0.8227,-0.1258,-3.0946
743.00,-0.4324,-0.0985,3.1156,5.3475,-0.0164,-1.3109,-0.9567,-0.1295,-3.1412
743.50,-0.5624,-0.0982,3.1305,5.3839,-0.1451,-1.2899,-1.0893,-0.1318,-3.1209
744.00,-0.6922,-0.0914,3.0761,5.4174,-0.2772,-1.3472,-1.2220,-0.1303,3.1007
744.50,-0.8221,-0.0875,-3.1387,5.4503,-0.4037,-1.2735,-1.3431,-0.1278,-3.1092
745.00,-0.9521,-0.0866,3.1303,5.4895,-0.5343,-1.2892,-1.4665,-0.1315,-3.1251
745.50,-1.0821,-0.0882,-3.1384,5.5271,-0.6591,-1.2701,-1.5900,-0.1321,-3.1060
746.00,-1.2120,-0.0834,3.0843,5.5627,-0.7865,-1.3326,-1.7100,-0.1332,3.1112
746.50,-1.3419,-0.0785,3.1229,5.5959,-0.9146,-1.2886,-1.8531,-0.1312,-3.1280
747.00,-1.4718,-0.0737,3.0904,5.6302,-1.0385,-1.3233,-1.9639,-0.1314,3.1182
747.50,-1.6017,-0.0704,3.1335,5.6645,-1.1632,-1.2746,-2.1062,-0.1314,-3.1174
748.00,-1.7317,-0.0661,3.0754,5.7003,-1.2899,-1.3340,-2.2375,-0.1322,3.1040
748.50,-1.8613,-0.0575,3.0951,5.7317,-1.4209,-1.3112,-2.3696,-0.1269,3.1245
749.00,-1.9912,-0.0521,3.0865,5.7672,-1.5518,-1.3199,-2.4960,-0.1243,3.1140
749.50,-2.1211,-0.0473,-3.1411,5.8011,-1.6764,-1.2597,-2.6275,-0.1225,-3.1089
750.00,-2.2511,-0.0489,3.1400,5.8436,-1.8026,-1.2616,-2.7482,-0.1290,-3.1143
750.50,-2.3811,-0.0481,3.1395,5.8837,-1.9322,-1.2608,-2.8796,-0.1313,-3.1125
751.00,-2.5110,-0.0445,3.0891,5.9216,-2.0583,-1.3114,-3.0034,-0.1330,3.1167
751.50,-2.6408,-0.0380,3.1139,5.9544,-2.1808,-1.2829,-3.1365,-0.1301,-3.1380
752.00,-2.7708,-0.0338,3.0923,5.9929,-2.3106,-1.3029,-3.2714,-0.1278,3.1217
752.50,-2.9005,-0.0249,3.0936,6.0254,-2.4366,-1.3037,-3.3888,-0.1233,3.1197
753.00,-3.0305,-0.0240,-3.1331,6.0650,-2.5601,-1.2413,-3.5268,-0.1261,-3.0999
753.50,-3.1605,-0.0237,-3.1362,6.1036,-2.6775,-1.2448,-3.6478,-0.1299,-3.1068
754.00,-3.2905,-0.0221,3.1061,6.1450,-2.8037,-1.2833,-3.7804,-0.1336,3.1355
754.50,-3.4203,-0.0143,3.0944,6.1795,-2.9299,-1.2972,-3.9141,-0.1270,3.1216
755.00,-3.5502,-0.0119,3.1147,6.2204,-3.0618,-1.2712,-4.0421,-0.1280,-3.1367
755.50,-3.6800,-0.0046,3.0890,6.2559,-3.1885,-1.3006,-4.1698,-0.1285,3.1147
756.00,-3.8100,-0.0031,-3.1415,6.2965,-3.3156,-1.2413,-4.3071,-0.1276,-3.1074
756.50,-3.9400,0.0002,3.1173,6.3389,-3.4497,-1.2689,-4.4345,-0.1289,-3.1378
757.00,-4.0700,0.0009,3.1183,6.3790,-3.5716,-1.2621,-4.5647,-0.1316,-3.1330
757.50,-4.1997,0.0085,3.0794,6.4151,-3.6986,-1.3048,-4.6865,-0.1287,3.1040
758.00,-4.3297,0.0109,-3.1390,6.4562,-3.8289,-1.2344,-4.8279,-0.1291,-3.1076
758.50,-4.4596,0.0152,3.0433,6.4950,-3.9535,-1.3346,-4.9575,-0.1292,3.0719
759.00,-4.5843,0.0278,2.8068,6.5114,-4.0824,-1.5751,-5.0735,-0.1060,2.8313
759.50,-4.7035,0.0668,2.6796,6.5017,-4.2086,-1.7021,-5.1953,-0.0777,2.7055
760.00,-4.8198,0.1235,2.7043,6.4848,-4.3385,-1.6770,-5.3074,-0.0262,2.7306
760.50,-4.9341,0.1730,2.8252,6.4783,-4.4665,-1.5543,-5.4302,0.0115,2.8522
761.00,-5.0104,0.2079,2.9862,6.4851,-4.5472,-1.3928,-5.5061,0.0291,3.0125
761.50,-5.1016,0.2307,-3.0084,6.5157,-4.6381,-1.0982,-5.5932,0.0472,-2.9796
762.00,-5.2254,0.2220,-2.8741,6.5825,-4.7463,-0.9629,-5.7224,0.0467,-2.8454
762.50,-5.3164,0.1976,-2.9124,6.6375,-4.8260,-1.0008,-5.8194,0.0257,-2.8856
763.00,-5.4057,0.1822,-3.1403,6.6781,-4.9061,-1.2268,-5.8992,0.0145,-3.1128
763.50,-5.5287,0.1782,2.8812,6.7028,-5.0312,-1.4942,-6.0264,0.0203,2.9065
764.00,-5.6514,0.2041,2.7296,6.7031,-5.1531,-1.6451,-6.1424,0.0410,2.7532
764.50,-5.7667,0.2539,2.6047,6.6851,-5.2811,-1.7724,-6.2734,0.0806,2.6271
765.00,-5.8776,0.3205,2.6016,6.6566,-5.4134,-1.7746,-6.3816,0.1417,2.6273
765.50,-5.9903,0.3819,2.7306,6.6382,-5.5366,-1.6419,-6.4877,0.1902,2.7587
766.00,-6.0667,0.4187,2.8030,6.6351,-5.6269,-1.5702,-6.5769,0.2239,2.8293
766.50,-6.0864,0.4283,2.8455,6.6355,-5.6507,-1.5255,-6.5997,0.2375,2.8716
767.00,-6.0863,0.4255,2.8899,6.6351,-5.6469,-1.4805,-6.5961,0.2366,2.9166
767.50,-6.0863,0.4196,2.9357,6.6344,-5.6410,-1.4339,-6.5902,0.2354,2.9633
768.00,-6.0863,0.4132,2.9830,6.6334,-5.6348,-1.3859,-6.5840,0.2345,3.0113
768.50,-6.0863,0.4063,3.0319,6.6322,-5.6290,-1.3361,-6.5781,0.2339,3.0610
769.00,-6.0863,0.3990,3.0826,6.6304,-5.6222,-1.2840,-6.5711,0.2335,3.1132
769.50,-6.0863,0.3912,3.1353,6.6281,-5.6154,-1.2298,-6.5639,0.2335,-3.1159
770.00,-6.0863,0.3833,-3.0948,6.6299,-5.6200,-1.1761,-6.5688,0.2332,-3.0622
770.50,-6.0863,0.3758,-3.0437,6.6323,-5.6254,-1.1239,-6.5747,0.2326,-3.0099
771.00,-6.0863,0.3688,-2.9943,6.6356,-5.6317,-1.0731,-6.5817,0.2315,-2.9591
771.50,-6.0863,0.3623,-2.9467,6.6390,-5.6377,-1.0244,-6.5885,0.2300,-2.9104
772.00,-6.0863,0.3563,-2.9005,6.6425,-5.6431,-0.9768,-6.5947,0.2284,-2.8628
772.50,-6.0864,0.3508,-2.8558,6.6454,-5.6473,-0.9313,-6.5996,0.2270,-2.8173
773.00,-6.0864,0.3458,-2.8124,6.6485,-5.6513,-0.8869,-6.6044,0.2252,-2.7729
773.50,-6.0864,0.3412,-2.7702,6.6500,-5.6530,-0.8440,-6.6065,0.2244,-2.7300
774.00,-6.0865,0.3371,-2.7292,6.6526,-5.6558,-0.8021,-6.6099,0.2228,-2.6881
774.50,-6.0865,0.3336,-2.6894,6.6555,-5.6587,-0.7614,-6.6136,0.2209,-2.6474
775.00,-6.0866,0.3304,-2.6506,6.6576,-5.6606,-0.7217,-6.6160,0.2195,-2.6078
775.50,-6.0866,0.3278,-2.6128,6.6598,-5.6625,-0.6830,-6.6185,0.2180,-2.5691
776.00,-6.0867,0.3257,-2.5760,6.6615,-5.6638,-0.6446,-6.6203,0.2168,-2.5306
776.50,-6.0867,0.3239,-2.5402,6.6631,-5.6650,-0.6074,-6.6219,0.2156,-2.4935
777.00,-6.0868,0.3227,-2.5052,6.6642,-5.6657,-0.5713,-6.6229,0.2148,-2.4574
777.50,-6.0868,0.3219,-2.4712,6.6650,-5.6662,-0.5360,-6.6236,0.2142,-2.4220
778.00,-6.0869,0.3215,-2.4381,6.6651,-5.6663,-0.5011,-6.6237,0.2141,-2.3871
778.50,-6.0869,0.3215,-2.4056,6.6650,-5.6662,-0.4675,-6.6237,0.2142,-2.3536
779.00,-6.0866,0.3216,-2.3722,6.6646,-5.6660,-0.4336,-6.6234,0.2145,-2.3196
779.50,-6.0866,0.3217,-2.3380,6.6643,-5.6659,-0.3981,-6.6231,0.2148,-2.2841
780.00,-6.0867,0.3221,-2.3047,6.6640,-5.6658,-0.3638,-6.6229,0.2150,-2.2498
780.50,-6.0866,0.3222,-2.2722,6.6636,-5.6657,-0.3299,-6.6227,0.2153,-2.2159
781.00,-6.0862,0.3223,-2.2390,6.6633,-5.6656,-0.2962,-6.6225,0.2156,-2.1822
781.50,-6.0854,0.3224,-2.2050,6.6625,-5.6653,-0.2616,-6.6220,0.2163,-2.1476
782.00,-6.0841,0.3224,-2.1700,6.6612,-5.6650,-0.2254,-6.6213,0.2174,-2.1114
782.50,-6.0824,0.3225,-2.1341,6.6597,-5.6647,-0.1885,-6.6205,0.2188,-2.0745
783.00,-6.0802,0.3225,-2.0973,6.6574,-5.6643,-0.1507,-6.6195,0.2208,-2.0368
783.50,-6.0775,0.3226,-2.0594,6.6558,-5.6641,-0.1116,-6.6188,0.2223,-1.9977
784.00,-6.0744,0.3226,-2.0205,6.6525,-5.6638,-0.0716,-6.6175,0.2253,-1.9577
784.50,-6.0708,0.3226,-1.9806,6.6492,-5.6636,-0.0304,-6.6163,0.2284,-1.9164
785.00,-6.0668,0.3225,-1.9391,6.6454,-5.6636,0.0115,-6.6151,0.2320,-1.8745
785.50,-6.0651,0.2893,-1.8096,6.6781,-5.6609,0.1449,-6.6227,0.2001,-1.7411
786.00,-6.0669,0.1929,-1.7001,6.7756,-5.6395,0.2557,-6.5750,0.0031,-1.6746
786.50,-6.0771,0.0637,-1.6714,6.8992,-5.6046,0.2846,-6.5755,-0.1249,-1.6468
787.00,-6.0931,-0.0655,-1.6909,7.0301,-5.5673,0.2639,-6.5859,-0.2605,-1.6675
787.50,-6.1053,-0.1948,-1.6352,7.1591,-5.5293,0.3228,-6.5925,-0.3882,-1.6086
788.00,-6.1117,-0.3247,-1.6235,7.2872,-5.4848,0.3361,-6.6040,-0.5178,-1.5988
788.50,-6.1179,-0.4545,-1.6137,7.4198,-5.4384,0.3443,-6.6002,-0.6540,-1.5905
789.00,-6.1206,-0.5844,-1.6038,7.5425,-5.3926,0.3595,-6.6000,-0.7795,-1.5754
789.50,-6.1282,-0.7143,-1.6262,7.6632,-5.3499,0.3343,-6.5990,-0.9051,-1.6029
790.00,-6.1384,-0.8440,-1.6429,7.7889,-5.3074,0.3193,-6.6106,-1.0376,-1.6168
790.50,-6.1507,-0.9735,-1.6517,7.9223,-5.2653,0.3120,-6.6188,-1.1772,-1.6252
791.00,-6.1632,-1.1030,-1.6946,8.0469,-5.2262,0.2723,-6.6267,-1.2976,-1.6667
791.50,-6.1849,-1.2309,-1.7955,8.1728,-5.1980,0.1702,-6.6454,-1.4267,-1.7711
792.00,-6.2159,-1.3565,-1.8656,8.2978,-5.1813,0.1007,-6.6790,-1.5440,-1.8406
792.50,-6.2560,-1.4797,-1.9283,8.4255,-5.1719,0.0402,-6.7070,-1.6717,-1.9011
793.00,-6.3052,-1.5990,-2.0350,8.5592,-5.1736,-0.0684,-6.7661,-1.7958,-2.0097
793.50,-6.3636,-1.7137,-2.0862,8.6900,-5.1858,-0.1169,-6.8207,-1.9087,-2.0599
794.00,-6.4313,-1.8253,-2.1347,8.8204,-5.2039,-0.1641,-6.8707,-2.0233,-2.1088
794.50,-6.5050,-1.9334,-2.1700,8.9489,-5.2286,-0.2003,-6.9454,-2.1339,-2.1468
795.00,-6.5743,-2.0428,-2.1016,9.0808,-5.2511,-0.1283,-7.0190,-2.2439,-2.0766
795.50,-6.6354,-2.1523,-2.0850,9.2068,-5.2657,-0.1102,-7.0737,-2.3514,-2.0585
796.00,-6.6756,-2.2177,-2.1220,9.2852,-5.2757,-0.1479,-7.1160,-2.4204,-2.0993
796.50,-6.6859,-2.2313,-2.1582,9.3038,-5.2786,-0.1829,-7.1261,-2.4366,-2.1346
797.00,-6.6874,-2.2314,-2.1935,9.3054,-5.2789,-0.2173,-7.1270,-2.4379,-2.1691
797.50,-6.6883,-2.2314,-2.2278,9.3061,-5.2791,-0.2505,-7.1274,-2.4386,-2.2023
798.00,-6.6889,-2.2315,-2.2613,9.3067,-5.2792,-0.2833,-7.1277,-2.4390,-2.2350
798.50,-6.6890,-2.2315,-2.2939,9.3070,-5.2793,-0.3152,-7.1279,-2.4393,-2.2670
799.00,-6.6889,-2.2319,-2.3269,9.3071,-5.2793,-0.3475,-7.1280,-2.4394,-2.2992
799.50,-6.6889,-2.2321,-2.3609,9.3075,-5.2795,-0.3804,-7.1283,-2.4397,-2.3321
800.00,-6.6891,-2.2322,-2.3946,9.3078,-5.2796,-0.4127,-7.1285,-2.4400,-2.3644
800.50,-6.6892,-2.2323,-2.4273,9.3081,-5.2797,-0.4439,-7.1287,-2.4401,-2.3956
801.00,-6.6892,-2.2320,-2.4601,9.3079,-5.2796,-0.4751,-7.1286,-2.4400,-2.4269
801.50,-6.6891,-2.2314,-2.4939,9.3068,-5.2790,-0.5081,-7.1276,-2.4392,-2.4599
802.00,-6.6891,-2.2303,-2.5285,9.3058,-5.2785,-0.5418,-7.1267,-2.4385,-2.4935
802.50,-6.6890,-2.2287,-2.5640,9.3049,-5.2779,-0.5763,-7.1258,-2.4379,-2.5281
803.00,-6.6890,-2.2267,-2.6005,9.3031,-5.2767,-0.6117,-7.1240,-2.4367,-2.5635
803.50,-6.6889,-2.2242,-2.6379,9.3006,-5.2748,-0.6488,-7.1214,-2.4350,-2.6005
804.00,-6.6889,-2.2213,-2.6764,9.2975,-5.2724,-0.6860,-7.1180,-2.4330,-2.6377
804.50,-6.6888,-2.2179,-2.7159,9.2947,-5.2700,-0.7238,-7.1147,-2.4313,-2.6756
805.00,-6.6888,-2.2140,-2.7565,9.2913,-5.2669,-0.7635,-7.1106,-2.4293,-2.7153
805.50,-6.6887,-2.2096,-2.7982,9.2887,-5.2643,-0.8040,-7.1072,-2.4279,-2.7558
806.00,-6.6887,-2.2047,-2.8412,9.2853,-5.2607,-0.8461,-7.1026,-2.4261,-2.7978
806.50,-6.6887,-2.1993,-2.8855,9.2822,-5.2570,-0.8892,-7.0980,-2.4246,-2.8410
807.00,-6.6886,-2.1935,-2.9312,9.2790,-5.2529,-0.9337,-7.0930,-2.4232,-2.8854
807.50,-6.6886,-2.1871,-2.9783,9.2751,-5.2473,-0.9796,-7.0864,-2.4216,-2.9314
808.00,-6.6886,-2.1803,-3.0271,9.2716,-5.2418,-1.0269,-7.0799,-2.4204,-2.9786
808.50,-6.6886,-2.1730,-3.0776,9.2678,-5.2353,-1.0764,-7.0725,-2.4193,-3.0281
809.00,-6.6886,-2.1653,-3.1300,9.2641,-5.2279,-1.1278,-7.1077,-2.3741,-3.1058
809.50,-6.6886,-2.1573,3.0999,9.2653,-5.2309,-1.1798,-7.1111,-2.3741,3.1254
810.00,-6.6886,-2.1498,3.0486,9.2681,-5.2382,-1.2301,-7.1188,-2.3738,3.0751
810.50,-6.6886,-2.1428,2.9991,9.2700,-5.2441,-1.2789,-7.1250,-2.3732,3.0264
811.00,-6.6886,-2.1362,2.9513,9.2720,-5.2511,-1.3253,-7.1322,-2.3722,2.9799
811.50,-6.6887,-2.1302,2.9050,9.2734,-5.2574,-1.3704,-7.1385,-2.3710,2.9348
812.00,-6.6887,-2.1246,2.8601,9.2743,-5.2623,-1.4145,-7.1434,-2.3699,2.8908
812.50,-6.6887,-2.1195,2.8166,9.2752,-5.2687,-1.4572,-7.1496,-2.3682,2.8480
813.00,-6.6888,-2.1149,2.7743,9.2756,-5.2735,-1.4983,-7.1542,-2.3667,2.8070
813.50,-6.6888,-2.1108,2.7332,9.2758,-5.2772,-1.5384,-7.1577,-2.3654,2.7668
814.00,-6.6888,-2.1072,2.6932,9.2759,-5.2808,-1.5774,-7.1610,-2.3640,2.7278
814.50,-6.6889,-2.1040,2.6543,9.2758,-5.2838,-1.6152,-7.1637,-2.3627,2.6900
815.00,-6.6889,-2.1013,2.6164,9.2756,-5.2859,-1.6521,-7.1362,-2.3033,2.6427
815.50,-6.6890,-2.0991,2.5795,9.2755,-5.2878,-1.6879,-7.1378,-2.3024,2.6069
816.00,-6.6890,-2.0974,2.5436,9.2753,-5.2893,-1.7225,-7.1391,-2.3016,2.5723
816.50,-6.6891,-2.0963,2.5160,9.2750,-5.2910,-1.7495,-7.1406,-2.3006,2.5453
817.00,-6.6891,-2.0955,2.4843,9.2748,-5.2921,-1.7801,-7.1415,-2.3000,2.5146
817.50,-6.6892,-2.0950,2.4508,9.2746,-5.2927,-1.8119,-7.1419,-2.2996,2.4828
818.00,-6.6892,-2.0949,2.4182,9.2746,-5.2928,-1.8436,-7.1420,-2.2996,2.4512
818.50,-6.6896,-2.0949,2.3853,9.2747,-5.2926,-1.8752,-7.1419,-2.2997,2.4195
819.00,-6.6898,-2.0950,2.3512,9.2746,-5.2928,-1.9086,-7.1421,-2.2995,2.3862
819.50,-6.6899,-2.0948,2.3175,9.2745,-5.2931,-1.9408,-7.1423,-2.2993,2.3540
820.00,-6.6900,-2.0946,2.2849,9.2744,-5.2933,-1.9722,-7.1424,-2.2992,2.3226
820.50,-6.6897,-2.0947,2.2520,9.2745,-5.2930,-2.0038,-7.1422,-2.2994,2.2910
821.00,-6.6891,-2.0948,2.2183,9.2752,-5.2917,-2.0363,-7.1413,-2.3005,2.2585
821.50,-6.6880,-2.0948,2.1837,9.2756,-5.2909,-2.0698,-7.1407,-2.3012,2.2250
822.00,-6.6864,-2.0949,2.1481,9.2762,-5.2898,-2.1047,-7.1399,-2.3023,2.1901
822.50,-6.6844,-2.0949,2.1117,9.2770,-5.2884,-2.1397,-7.1391,-2.3035,2.1551
823.00,-6.6819,-2.0950,2.0742,9.2787,-5.2860,-2.1759,-7.1375,-2.3060,2.1189
823.50,-6.6790,-2.0950,2.0357,9.2801,-5.2840,-2.2135,-7.1362,-2.3082,2.0813
824.00,-6.6755,-2.0951,1.9962,9.2816,-5.2821,-2.2518,-7.1351,-2.3103,2.0429
824.50,-6.6716,-2.0951,1.9556,9.2841,-5.2792,-2.2918,-7.1334,-2.3137,2.0030
825.00,-6.6672,-2.0951,1.9138,9.2867,-5.2763,-2.3324,-7.1319,-2.3173,1.9624
825.50,-6.6624,-2.0952,1.8708,9.2890,-5.2740,-2.3742,-7.1307,-2.3203,1.9206
826.00,-6.6570,-2.0952,1.8265,9.2927,-5.2705,-2.4172,-7.1291,-2.3251,1.8775
826.50,-6.6511,-2.0952,1.7809,9.2974,-5.2666,-2.4619,-7.1273,-2.3310,1.8329
827.00,-6.6448,-2.0953,1.7337,9.3024,-5.2627,-2.5086,-7.1258,-2.3372,1.7862
827.50,-6.6380,-2.0953,1.6850,9.3068,-5.2596,-2.5560,-7.1248,-2.3425,1.7388
828.00,-6.6307,-2.0953,1.6344,9.3136,-5.2554,-2.6053,-7.1237,-2.3504,1.6895
828.50,-6.6222,-2.0885,1.5669,9.3097,-5.2573,-2.6732,-7.0747,-2.2923,1.5902
829.00,-6.6095,-2.0284,1.4915,9.2534,-5.2831,-2.7468,-7.0735,-2.2303,1.5166
829.50,-6.5881,-1.9112,1.4150,9.1364,-5.3255,-2.8218,-7.0410,-2.1065,1.4398
830.00,-6.5586,-1.7846,1.2670,9.0156,-5.3574,-2.9697,-7.0058,-1.9840,1.2919
830.50,-6.5172,-1.6815,1.0320,8.9063,-5.3635,3.0765,-6.9637,-1.8831,1.0549
831.00,-6.4464,-1.5801,0.8467,8.7832,-5.3431,2.8905,-6.8974,-1.7757,0.8704
831.50,-6.3563,-1.4859,0.7815,8.6554,-5.3049,2.8258,-6.8077,-1.6773,0.8060
832.00,-6.2859,-1.4140,0.8385,8.5550,-5.2736,2.8874,-6.7415,-1.6047,0.8658
832.50,-6.2608,-1.3852,0.8801,8.5166,-5.2643,2.9286,-6.7211,-1.5773,0.9059
833.00,-6.2610,-1.3849,0.9135,8.5167,-5.2643,2.9630,-6.7212,-1.5774,0.9403
833.50,-6.2619,-1.3849,0.9479,8.5174,-5.2644,2.9985,-6.7216,-1.5779,0.9757
834.00,-6.2634,-1.3850,0.9832,8.5184,-5.2645,3.0352,-6.7221,-1.5788,1.0124
834.50,-6.2652,-1.3850,1.0194,8.5208,-5.2647,3.0724,-6.7233,-1.5808,1.0497
835.00,-6.2676,-1.3851,1.0565,8.5227,-5.2648,3.1106,-6.7243,-1.5826,1.0878
835.50,-6.2704,-1.3851,1.0947,8.5255,-5.2648,-3.1333,-6.7255,-1.5850,1.1272
836.00,-6.2737,-1.3852,1.1339,8.5292,-5.2647,-3.0923,-6.7270,-1.5885,1.1682
836.50,-6.2775,-1.3852,1.1742,8.5326,-5.2645,-3.0499,-6.7283,-1.5916,1.2106
837.00,-6.2817,-1.3852,1.2157,8.5362,-5.2641,-3.0072,-6.7295,-1.5950,1.2532
837.50,-6.2865,-1.3853,1.2583,8.5410,-5.2633,-2.9633,-6.7309,-1.5997,1.2971
838.00,-6.2908,-1.3760,1.3269,8.5353,-5.2646,-2.8939,-6.7296,-1.5939,1.3666
838.50,-6.2911,-1.3108,1.4290,8.4767,-5.2833,-2.7877,-6.7208,-1.5331,1.4727
839.00,-6.2899,-1.1898,1.5100,8.3643,-5.3312,-2.7061,-6.7453,-1.3817,1.5334
839.50,-6.2934,-1.0599,1.6061,8.2491,-5.3909,-2.6095,-6.7536,-1.2519,1.6323
840.00,-6.3058,-0.9312,1.8069,8.1396,-5.4702,-2.4055,-6.7862,-1.1196,1.8338
840.50,-6.3295,-0.8082,1.9916,8.0575,-5.5601,-2.2196,-6.8177,-1.0117,2.0185
841.00,-6.3800,-0.6938,2.1373,7.9942,-5.6574,-2.0733,-6.8586,-0.8981,2.1604
841.50,-6.4528,-0.5893,2.2702,7.9401,-5.7753,-1.9382,-6.9356,-0.7904,2.2973
842.00,-6.5399,-0.4932,2.3265,7.8969,-5.9010,-1.8783,-7.0144,-0.6966,2.3563
842.50,-6.6282,-0.3975,2.3030,7.8573,-6.0214,-1.9012,-7.1112,-0.6061,2.3299
843.00,-6.7142,-0.3000,2.2971,7.8142,-6.1440,-1.9060,-7.1942,-0.5088,2.3242
843.50,-6.8011,-0.2033,2.3061,7.7715,-6.2687,-1.8949,-7.2925,-0.4110,2.3345
844.00,-6.8881,-0.1068,2.3107,7.7290,-6.3941,-1.8900,-7.3803,-0.3175,2.3369
844.50,-6.9758,-0.0108,2.3099,7.6877,-6.5193,-1.8893,-7.4665,-0.2244,2.3368
845.00,-7.0621,0.0865,2.2660,7.6435,-6.6479,-1.9305,-7.5531,-0.1273,2.2942
845.50,-7.1409,0.1911,2.1430,7.5886,-6.7702,-2.0548,-7.6388,-0.0235,2.1664
846.00,-7.2101,0.3023,2.1082,7.5242,-6.8852,-2.0900,-7.7117,0.0820,2.1335
846.50,-7.2813,0.4122,2.1595,7.4611,-7.0028,-2.0354,-7.7951,0.1927,2.1864
847.00,-7.3560,0.5193,2.1952,7.4039,-7.1217,-1.9994,-7.8642,0.2991,2.2189
847.50,-7.4372,0.6213,2.2847,7.3546,-7.2445,-1.9059,-7.9589,0.4007,2.3125
848.00,-7.5250,0.7168,2.3322,7.3135,-7.3736,-1.8572,-8.0533,0.4980,2.3577
848.50,-7.6133,0.8124,2.2815,7.2739,-7.5014,-1.9057,-8.1466,0.5846,2.3092
849.00,-7.6902,0.9101,2.1001,7.2243,-7.6158,-2.0871,-8.2138,0.6917,2.1242
849.50,-7.7535,1.0126,1.8356,7.1459,-7.7208,-2.3502,-8.2682,0.8010,1.8612
850.00,-7.8070,1.1269,1.5269,7.0451,-7.7958,-2.6601,-8.3052,0.9153,1.5512
850.50,-7.8140,1.2555,1.3477,6.9209,-7.8466,-2.8339,-8.3387,1.0388,1.3743
851.00,-7.7968,1.3777,1.1319,6.7990,-7.8719,-3.0528,-8.3241,1.1477,1.1516
851.50,-7.7433,1.4902,0.9605,6.6779,-7.8726,3.0602,-8.2850,1.2626,0.9878
852.00,-7.6646,1.5917,0.8443,6.5442,-7.8532,2.9435,-8.2038,1.3804,0.8678
852.50,-7.5761,1.6873,0.8024,6.4186,-7.8252,2.9041,-8.1185,1.4677,0.8288
853.00,-7.4844,1.7795,0.7764,6.2897,-7.7920,2.8785,-8.0374,1.5648,0.7997
853.50,-7.3916,1.8706,0.7787,6.1669,-7.7592,2.8834,-7.9390,1.6561,0.8047
854.00,-7.2984,1.9613,0.7591,6.0325,-7.7229,2.8645,-7.8419,1.7558,0.7822
854.50,-7.2044,2.0510,0.7644,5.8979,-7.6853,2.8723,-7.7533,1.8450,0.7865
855.00,-7.1110,2.1403,0.7612,5.7694,-7.6496,2.8683,-7.6591,1.9392,0.7825
855.50,-7.0479,2.2019,0.7934,5.6791,-7.6257,2.9029,-7.6038,1.9960,0.8171
856.00,-7.0297,2.2205,0.8271,5.6535,-7.6197,2.9372,-7.5859,2.0154,0.8514
856.50,-7.0296,2.2203,0.8597,5.6538,-7.6198,2.9717,-7.5861,2.0151,0.8859
857.00,-7.0299,2.2202,0.8926,5.6541,-7.6198,3.0060,-7.5863,2.0149,0.9202
857.50,-7.0306,2.2202,0.9264,5.6543,-7.6198,3.0410,-7.5864,2.0147,0.9553
858.00,-7.0318,2.2201,0.9611,5.6556,-7.6199,3.0773,-7.5871,2.0136,0.9916
858.50,-7.0334,2.2201,0.9967,5.6574,-7.6200,3.1143,-7.5881,2.0121,1.0285
859.00,-7.0354,2.2200,1.0333,5.6595,-7.6200,-3.1307,-7.5891,2.0103,1.0667
859.50,-7.0379,2.2200,1.0708,5.6624,-7.6199,-3.0918,-7.5905,2.0077,1.1056
860.00,-7.0409,2.2199,1.1094,5.6653,-7.6197,-3.0523,-7.5918,2.0050,1.1452
860.50,-7.0444,2.2199,1.1490,5.6681,-7.6194,-3.0118,-7.5929,2.0025,1.1856
861.00,-7.0484,2.2198,1.1897,5.6724,-7.6188,-2.9697,-7.5944,1.9984,1.2277
861.50,-7.0528,2.2198,1.2316,5.6777,-7.6177,-2.9268,-7.5961,1.9933,1.2707
862.00,-7.0577,2.2198,1.2747,5.6823,-7.6166,-2.8816,-7.5974,1.9888,1.3158
862.50,-7.0631,2.2197,1.3191,5.6868,-7.6153,-2.8358,-7.5985,1.9842,1.3616
863.00,-7.0690,2.2197,1.3649,5.6925,-7.6134,-2.7890,-7.5996,1.9783,1.4084
863.50,-7.0776,2.2478,1.4945,5.6663,-7.6251,-2.6569,-7.5969,2.0068,1.5405
864.00,-7.0946,2.3394,1.6333,5.5859,-7.6773,-2.5126,-7.6027,2.1025,1.6848
864.50,-7.1020,2.4687,1.5981,5.4826,-7.7522,-2.5451,-7.6673,2.2594,1.6247
865.00,-7.1003,2.5984,1.4415,5.3658,-7.8185,-2.7056,-7.6648,2.3936,1.4604
865.50,-7.0852,2.7270,1.4438,5.2449,-7.8732,-2.7027,-7.6486,2.5253,1.4668
866.00,-7.0742,2.8565,1.6387,5.1270,-7.9403,-2.5050,-7.6556,2.6510,1.6610
866.50,-7.0772,2.9847,1.8019,5.0306,-8.0270,-2.3385,-7.6606,2.7783,1.8275
867.00,-7.1055,3.1110,1.7887,4.9377,-8.1246,-2.3499,-7.6849,2.9083,1.8126
867.50,-7.1280,3.2390,1.7128,4.8397,-8.2156,-2.4245,-7.7022,3.0304,1.7380
868.00,-7.1420,3.3681,1.6742,4.7384,-8.2988,-2.4664,-7.7293,3.1593,1.6961
868.50,-7.1605,3.4971,1.7206,4.6339,-8.3866,-2.4142,-7.7498,3.2943,1.7448
869.00,-7.1818,3.6255,1.7365,4.5308,-8.4789,-2.3991,-7.7742,3.4205,1.7600
869.50,-7.2102,3.7533,1.7722,4.4352,-8.5702,-2.3602,-7.8018,3.5398,1.7954
870.00,-7.2317,3.8811,1.7293,4.3439,-8.6574,-2.4058,-7.8276,3.6634,1.7497
870.50,-7.2549,4.0083,1.7803,4.2466,-8.7487,-2.3493,-7.8537,3.7951,1.8062
871.00,-7.2797,4.0944,1.8263,4.1845,-8.8141,-2.3045,-7.8767,3.8814,1.8476
871.50,-7.2913,4.1198,1.8702,4.1652,-8.8362,-2.2592,-7.8852,3.9095,1.8929
872.00,-7.2962,4.1198,1.9132,4.1628,-8.8392,-2.2149,-7.8864,3.9132,1.9371
872.50,-7.3006,4.1198,1.9550,4.1599,-8.8431,-2.1723,-7.8989,3.9074,1.9762
873.00,-7.3045,4.1199,1.9956,4.1575,-8.8468,-2.1305,-7.9006,3.9114,2.0180
873.50,-7.3080,4.1199,2.0352,4.1556,-8.8499,-2.0902,-7.9023,3.9147,2.0584
874.00,-7.3109,4.1200,2.0737,4.1544,-8.8521,-2.0504,-7.9035,3.9169,2.0981
874.50,-7.3134,4.1200,2.1111,4.1532,-8.8545,-2.0119,-7.9049,3.9192,2.1366
875.00,-7.3154,4.1201,2.1476,4.1525,-8.8561,-1.9745,-7.9059,3.9207,2.1740
875.50,-7.3170,4.1201,2.1832,4.1519,-8.8576,-1.9382,-7.9068,3.9220,2.2104
876.00,-7.3181,4.1202,2.2178,4.1515,-8.8587,-1.9028,-7.9075,3.9230,2.2457
876.50,-7.3188,4.1202,2.2515,4.1513,-8.8592,-1.8681,-7.9078,3.9233,2.2805
877.00,-7.3190,4.1203,2.2844,4.1512,-8.8596,-1.8337,-7.9081,3.9236,2.3149
877.50,-7.3190,4.1202,2.3170,4.1513,-8.8593,-1.8000,-7.9079,3.9234,2.3485
878.00,-7.3189,4.1199,2.3508,4.1513,-8.8592,-1.7656,-7.9078,3.9233,2.3830
878.50,-7.3187,4.1200,2.3848,4.1514,-8.8587,-1.7299,-7.9075,3.9230,2.4187
879.00,-7.3183,4.1201,2.4178,4.1515,-8.8581,-1.6965,-7.9070,3.9226,2.4521
879.50,-7.3183,4.1199,2.4504,4.1515,-8.8580,-1.6627,-7.9069,3.9225,2.4858
880.00,-7.3182,4.1194,2.4838,4.1515,-8.8574,-1.6281,-7.9064,3.9222,2.5205
880.50,-7.3181,4.1184,2.5182,4.1515,-8.8566,-1.5927,-7.9058,3.9217,2.5559
881.00,-7.3181,4.1170,2.5534,4.1516,-8.8554,-1.5555,-7.9047,3.9211,2.5931
881.50,-7.3180,4.1152,2.5896,4.1515,-8.8530,-1.5183,-7.9026,3.9199,2.6303
882.00,-7.3180,4.1128,2.6268,4.1514,-8.8514,-1.4803,-7.9012,3.9191,2.6682
882.50,-7.3179,4.1100,2.6649,4.1510,-8.8482,-1.4408,-7.8984,3.9177,2.7077
883.00,-7.3179,4.1067,2.7041,4.1507,-8.8458,-1.4004,-7.8961,3.9167,2.7482
883.50,-7.3179,4.1030,2.7444,4.1498,-8.8412,-1.3587,-7.8918,3.9150,2.7899
884.00,-7.3178,4.0987,2.7858,4.1489,-8.8377,-1.3166,-7.8884,3.9138,2.8320
884.50,-7.3178,4.0940,2.8284,4.1477,-8.8332,-1.2726,-7.8839,3.9125,2.8759
885.00,-7.3198,4.0892,2.8778,4.1469,-8.8307,-1.2237,-7.8813,3.9119,2.9249
885.50,-7.3663,4.0808,3.0409,4.1666,-8.8734,-1.0544,-7.9280,3.9180,3.0942
886.00,-7.4755,4.0725,3.1280,4.2273,-8.9660,-0.9642,-8.0789,3.8628,-3.1303
886.50,-7.6053,4.0787,3.0226,4.3002,-9.0802,-1.0694,-8.2143,3.8563,3.0443
887.00,-7.7329,4.0950,2.9056,4.3521,-9.1941,-1.1899,-8.3367,3.8779,2.9270
887.50,-7.8427,4.1213,2.9629,4.3938,-9.2940,-1.1311,-8.4439,3.8889,2.9826
888.00,-7.9648,4.1387,-3.0824,4.4577,-9.3986,-0.8867,-8.5663,3.9048,-3.0598
888.50,-8.0930,4.1382,-2.9352,4.5464,-9.4900,-0.7380,-8.7009,3.8924,-2.9110
889.00,-8.2034,4.1162,-2.9684,4.6298,-9.5665,-0.7712,-8.8120,3.8777,-2.9477
889.50,-8.3190,4.1017,3.0915,4.7004,-9.6494,-0.9972,-8.9205,3.8672,3.1130
890.00,-8.4472,4.1018,2.9131,4.7592,-9.7656,-1.1765,-9.0595,3.8744,2.9302
890.50,-8.5602,4.1276,2.9163,4.8033,-9.8749,-1.1722,-9.1643,3.8818,2.9377
891.00,-8.6611,4.1478,3.1026,4.8521,-9.9692,-0.9852,-9.2698,3.8937,3.1218
891.50,-8.7872,4.1562,-2.9720,4.9391,-10.0708,-0.7695,-9.3938,3.8984,-2.9526
892.00,-8.9148,4.1362,-2.9479,5.0384,-10.1630,-0.7453,-9.5254,3.8811,-2.9288
892.50,-9.0422,4.1085,-2.9254,5.1334,-10.2494,-0.7221,-9.6461,3.8579,-2.9021
893.00,-9.1687,4.0748,-2.8988,5.2346,-10.3354,-0.6934,-9.7697,3.8239,-2.8786
893.50,-9.2958,4.0488,-2.9798,5.3325,-10.4228,-0.7787,-9.8973,3.7895,-2.9605
894.00,-9.4242,4.0278,-2.9719,5.4299,-10.5193,-0.7657,-10.0322,3.7651,-2.9474
894.50,-9.5521,4.0039,-2.9630,5.5241,-10.6090,-0.7560,-10.1498,3.7393,-2.9377
895.00,-9.6796,3.9867,-3.0973,5.6147,-10.7032,-0.8885,-10.2788,3.7189,-3.0737
895.50,-9.7961,3.9771,2.8885,5.6763,-10.8056,-1.1897,-10.3979,3.7188,2.9079
896.00,-9.8999,3.9922,2.6223,5.7030,-10.9094,-1.4567,-10.4981,3.7281,2.6447
896.50,-10.0010,4.0575,2.4187,5.7040,-11.0331,-1.6591,-10.6092,3.7861,2.4389
897.00,-10.0739,4.1354,2.2061,5.6825,-11.1481,-1.8698,-10.6816,3.8600,2.2282
897.50,-10.1286,4.2392,1.9804,5.6343,-11.2591,-2.0941,-10.7343,3.9634,2.0039
898.00,-10.1742,4.3624,1.8185,5.5595,-11.3660,-2.2571,-10.7786,4.0861,1.8409
898.50,-10.2071,4.4892,1.7586,5.4723,-11.4671,-2.3132,-10.8207,4.2157,1.7847
899.00,-10.2295,4.6177,1.7106,5.3783,-11.5620,-2.3631,-10.8439,4.3372,1.7348
899.50,-10.2529,4.7460,1.7478,5.2861,-11.6571,-2.3250,-10.8687,4.4674,1.7695
900.00,-10.2829,4.8731,1.8010,5.1975,-11.7589,-2.2660,-10.9095,4.5985,1.8285
900.50,-10.3074,5.0005,1.7334,5.1118,-11.8552,-2.3342,-10.9294,4.7241,1.7567
901.00,-10.3230,5.1297,1.5774,5.0147,-11.9457,-2.4858,-10.9467,4.8557,1.6020
901.50,-10.3296,5.2575,1.3177,4.8995,-12.0121,-2.7470,-10.9430,4.9781,1.3440
902.00,-10.3129,5.3672,1.0622,4.7953,-12.0414,-3.0048,-10.9346,5.0796,1.0890
902.50,-10.2517,5.4644,0.8504,4.6696,-12.0444,3.0685,-10.8841,5.1845,0.8795
903.00,-10.1685,5.5415,0.6383,4.5568,-12.0244,2.8572,-10.8035,5.2642,0.6650
903.50,-10.0597,5.6095,0.4355,4.4326,-11.9750,2.6544,-10.6913,5.3367,0.4587
904.00,-9.9376,5.6677,0.2718,4.3181,-11.9009,2.4921,-10.5732,5.3859,0.2999
904.50,-9.8111,5.7076,0.1906,4.2176,-11.8177,2.4121,-10.4480,5.4296,0.2164
905.00,-9.6831,5.7305,0.1506,4.1218,-11.7305,2.3762,-10.3213,5.4662,0.1805
905.50,-9.5560,5.7444,0.0379,4.0297,-11.6298,2.2612,-10.1857,5.4824,0.0620
906.00,-9.4737,5.7506,-0.0137,3.9763,-11.5622,2.2098,-10.1096,5.4856,0.0141
906.50,-9.4528,5.7497,-0.0648,3.9639,-11.5448,2.1580,-10.0883,5.4855,-0.0377
907.00,-9.4528,5.7429,-0.1141,3.9599,-11.5387,2.1083,-10.0810,5.4951,-0.0874
907.50,-9.4528,5.7378,-0.1508,3.9583,-11.5360,2.0734,-10.0779,5.4948,-0.1223
908.00,-9.4528,5.7329,-0.1866,3.9559,-11.5313,2.0385,-10.0727,5.4941,-0.1572
908.50,-9.4528,5.7282,-0.2216,3.9541,-11.5278,2.0047,-10.0688,5.4935,-0.1910
909.00,-9.4527,5.7239,-0.2557,3.9525,-11.5241,1.9719,-10.0648,5.4926,-0.2238
909.50,-9.4527,5.7198,-0.2890,3.9509,-11.5201,1.9391,-10.0607,5.4916,-0.2566
910.00,-9.4527,5.7160,-0.3216,3.9496,-11.5168,1.9071,-10.0572,5.4906,-0.2886
910.50,-9.4527,5.7125,-0.3535,3.9487,-11.5139,1.8765,-10.0543,5.4897,-0.3192
911.00,-9.4526,5.7092,-0.3848,3.9479,-11.5114,1.8466,-10.0519,5.4889,-0.3491
911.50,-9.4526,5.7063,-0.4153,3.9470,-11.5079,1.8176,-10.0485,5.4876,-0.3781
912.00,-9.4526,5.7036,-0.4453,3.9464,-11.5055,1.7888,-10.0462,5.4866,-0.4069
912.50,-9.4525,5.7011,-0.4746,3.9457,-11.5020,1.7604,-10.0822,5.4471,-0.4457
913.00,-9.4525,5.6990,-0.5034,3.9453,-11.4995,1.7326,-10.0799,5.4459,-0.4735
913.50,-9.4525,5.6971,-0.5316,3.9451,-11.4984,1.7055,-10.0789,5.4454,-0.5006
914.00,-9.4524,5.6954,-0.5592,3.9449,-11.4965,1.6789,-10.0772,5.4445,-0.5272
914.50,-9.4524,5.6940,-0.5863,3.9448,-11.4958,1.6530,-10.0766,5.4441,-0.5532
915.00,-9.4523,5.6929,-0.6128,3.9446,-11.4939,1.6273,-10.0750,5.4431,-0.5789
915.50,-9.4523,5.6920,-0.6389,3.9446,-11.4932,1.6024,-10.0744,5.4427,-0.6038
916.00,-9.4523,5.6914,-0.6644,3.9446,-11.4930,1.5782,-10.0743,5.4426,-0.6280
916.50,-9.4522,5.6910,-0.6895,3.9446,-11.4929,1.5540,-10.0742,5.4425,-0.6522
917.00,-9.4522,5.6909,-0.7140,3.9446,-11.4928,1.5310,-10.0741,5.4425,-0.6752
917.50,-9.4521,5.6909,-0.7384,3.9446,-11.4926,1.5081,-10.0739,5.4424,-0.6981
918.00,-9.4517,5.6910,-0.7634,3.9447,-11.4921,1.4844,-10.0735,5.4420,-0.7218
918.50,-9.4516,5.6910,-0.7890,3.9447,-11.4920,1.4599,-10.0735,5.4419,-0.7462
919.00,-9.4515,5.6909,-0.8145,3.9447,-11.4919,1.4355,-10.0734,5.4419,-0.7707
919.50,-9.4515,5.6907,-0.8393,3.9447,-11.4915,1.4118,-10.0731,5.4416,-0.7943
920.00,-9.4515,5.6907,-0.8636,3.9447,-11.4915,1.3887,-10.0731,5.4416,-0.8175
920.50,-9.4517,5.6907,-0.8883,3.9447,-11.4919,1.3652,-10.0734,5.4419,-0.8410
921.00,-9.4521,5.6908,-0.9135,3.9445,-11.4926,1.3409,-10.0738,5.4424,-0.8652
921.50,-9.4528,5.6908,-0.9392,3.9444,-11.4932,1.3165,-10.0742,5.4429,-0.8897
922.00,-9.4537,5.6909,-0.9654,3.9442,-11.4939,1.2913,-10.0747,5.4435,-0.9149
922.50,-9.4549,5.6909,-0.9921,3.9438,-11.4952,1.2655,-10.0755,5.4446,-0.9407
923.00,-9.4564,5.6909,-1.0193,3.9435,-11.4961,1.2394,-10.0760,5.4453,-0.9668
923.50,-9.4581,5.6910,-1.0471,3.9431,-11.4972,1.2128,-10.0767,5.4463,-0.9934
924.00,-9.4601,5.6910,-1.0754,3.9424,-11.4991,1.1859,-10.0778,5.4480,-1.0203
924.50,-9.4623,5.6911,-1.1043,3.9414,-11.5013,1.1575,-10.0790,5.4501,-1.0487
925.00,-9.4648,5.6911,-1.1339,3.9405,-11.5034,1.1291,-10.0801,5.4521,-1.0771
925.50,-9.4676,5.6911,-1.1640,3.9391,-11.5062,1.1001,-10.0816,5.4548,-1.1060
926.00,-9.4707,5.6911,-1.1947,3.9377,-11.5088,1.0703,-10.0828,5.4575,-1.1359
926.50,-9.4740,5.6912,-1.2261,3.9364,-11.5111,1.0394,-10.0839,5.4599,-1.1668
927.00,-9.4776,5.6912,-1.2593,3.9345,-11.5143,1.0081,-10.0854,5.4634,-1.1981
927.50,-9.4828,5.6912,-1.3032,3.9320,-11.5181,0.9647,-10.0869,5.4677,-1.2415
928.00,-9.4886,5.6913,-1.3485,3.9288,-11.5225,0.9205,-10.0886,5.4729,-1.2857
928.50,-9.4948,5.6913,-1.3952,3.9237,-11.5288,0.8751,-10.0907,5.4807,-1.3310
929.00,-9.5015,5.6913,-1.4436,3.9190,-11.5342,0.8288,-10.0922,5.4876,-1.3774
929.50,-9.5087,5.6913,-1.4936,3.9140,-11.5394,0.7794,-10.0935,5.4948,-1.4268
930.00,-9.5155,5.6913,-1.5397,3.9097,-11.5436,0.7348,-10.1456,5.4419,-1.5132
930.50,-9.5214,5.6913,-1.5798,3.9062,-11.5466,0.6955,-10.1458,5.4465,-1.5525
931.00,-9.5273,5.6913,-1.6194,3.9119,-11.5420,0.6568,-10.1458,5.4392,-1.5912
931.50,-9.5329,5.6913,-1.6579,3.9166,-11.5386,0.6197,-10.1461,5.4333,-1.6284
932.00,-9.5348,5.6913,-1.6763,3.9182,-11.5375,0.6031,-10.1462,5.4314,-1.6449
932.50,-9.5396,5.6913,-1.7132,3.9230,-11.5343,0.5669,-10.1467,5.4257,-1.6811
933.00,-9.5446,5.6913,-1.7492,3.9275,-11.5315,0.5324,-10.1474,5.4204,-1.7156
933.50,-9.5493,5.6913,-1.7844,3.9313,-11.5293,0.4983,-10.1481,5.4161,-1.7498
934.00,-9.5537,5.6912,-1.8187,3.9361,-11.5269,0.4646,-10.1491,5.4108,-1.7835
934.50,-9.5578,5.6912,-1.8522,3.9400,-11.5250,0.4324,-10.1501,5.4066,-1.8156
935.00,-9.5617,5.6912,-1.8850,3.9431,-11.5236,0.4011,-10.1510,5.4033,-1.8470
935.50,-9.5653,5.6912,-1.9170,3.9453,-11.5227,0.3699,-10.1517,5.4010,-1.8781
936.00,-9.5686,5.6911,-1.9484,3.9482,-11.5216,0.3398,-10.1526,5.3981,-1.9083
936.50,-9.5716,5.6911,-1.9791,3.9515,-11.5205,0.3101,-10.1539,5.3948,-1.9380
937.00,-9.5744,5.6911,-2.0092,3.9543,-11.5197,0.2811,-10.1549,5.3922,-1.9669
937.50,-9.5769,5.6910,-2.0387,3.9567,-11.5190,0.2532,-10.1559,5.3899,-1.9949
938.00,-9.5791,5.6910,-2.0676,3.9597,-11.5183,0.2253,-10.2147,5.4260,-2.0367
938.50,-9.5811,5.6910,-2.0959,3.9618,-11.5178,0.1981,-10.2158,5.4240,-2.0639
939.00,-9.5828,5.6909,-2.1236,3.9633,-11.5175,0.1715,-10.2165,5.4227,-2.0905
939.50,-9.5842,5.6909,-2.1509,3.9643,-11.5174,0.1451,-10.2170,5.4218,-2.1170
940.00,-9.5854,5.6909,-2.1775,3.9651,-11.5173,0.1200,-10.2174,5.4211,-2.1421
940.50,-9.5863,5.6908,-2.2037,3.9662,-11.5172,0.0947,-10.2180,5.4202,-2.1673
941.00,-9.5870,5.6908,-2.2294,3.9666,-11.5171,0.0706,-10.2183,5.4198,-2.1914
941.50,-9.5874,5.6907,-2.2545,3.9671,-11.5171,0.0465,-10.2186,5.4195,-2.2155
942.00,-9.5876,5.6907,-2.2792,3.9670,-11.5171,0.0234,-10.2185,5.4196,-2.2386
942.50,-9.5876,5.6906,-2.3035,3.9670,-11.5171,0.0002,-10.2185,5.4195,-2.2618
943.00,-9.5876,5.6903,-2.3284,3.9675,-11.5171,-0.0236,-10.2188,5.4192,-2.2856
943.50,-9.5875,5.6901,-2.3539,3.9675,-11.5171,-0.0476,-10.2188,5.4192,-2.3096
944.00,-9.5876,5.6900,-2.3794,3.9675,-11.5171,-0.0720,-10.2189,5.4191,-2.3341
944.50,-9.5878,5.6900,-2.4044,3.9679,-11.5171,-0.0965,-10.2191,5.4189,-2.3585
945.00,-9.5879,5.6900,-2.4288,3.9680,-11.5171,-0.1203,-10.2192,5.4188,-2.3823
945.50,-9.5878,5.6901,-2.4533,3.9677,-11.5171,-0.1435,-10.2189,5.4190,-2.4055
946.00,-9.5878,5.6905,-2.4784,3.9675,-11.5171,-0.1679,-10.2188,5.4191,-2.4299
946.50,-9.5877,5.6911,-2.5040,3.9666,-11.5169,-0.1920,-10.2181,5.4198,-2.4540
947.00,-9.5877,5.6920,-2.5301,3.9658,-11.5167,-0.2169,-10.2175,5.4202,-2.4789
947.50,-9.5877,5.6931,-2.5566,3.9651,-11.5166,-0.2424,-10.2169,5.4207,-2.5045
948.00,-9.5876,5.6945,-2.5838,3.9643,-11.5164,-0.2682,-10.2162,5.4212,-2.5302
948.50,-9.5876,5.6962,-2.6114,3.9628,-11.5159,-0.2946,-10.2149,5.4221,-2.5566
949.00,-9.5875,5.6981,-2.6396,3.9604,-11.5152,-0.3218,-10.2128,5.4234,-2.5839
949.50,-9.5875,5.7003,-2.6684,3.9586,-11.5146,-0.3495,-10.2112,5.4244,-2.6115
950.00,-9.5875,5.7027,-2.6978,3.9569,-11.5139,-0.3779,-10.2096,5.4253,-2.6399
950.50,-9.5874,5.7060,-2.7348,3.9533,-11.5124,-0.4133,-10.2062,5.4271,-2.6753
951.00,-9.5874,5.7102,-2.7759,3.9491,-11.5105,-0.4535,-10.2020,5.4291,-2.7155
951.50,-9.5874,5.7148,-2.8183,3.9460,-11.5089,-0.4945,-10.1988,5.4305,-2.7565
952.00,-9.5873,5.7187,-2.8525,3.9414,-11.5063,-0.5288,-10.1939,5.4324,-2.7908
952.50,-9.5875,5.7227,-2.8939,3.9392,-11.5050,-0.5686,-10.1915,5.4332,-2.8306
953.00,-9.6218,5.7307,-3.0397,3.9677,-11.5262,-0.7142,-10.2259,5.4248,-2.9762
953.50,-9.7195,5.7489,3.0642,4.0337,-11.5978,-0.8983,-10.3232,5.4196,3.1229
954.00,-9.8309,5.7613,3.0688,4.1056,-11.6898,-0.8893,-10.4794,5.4923,3.0966
954.50,-9.8818,5.7647,3.1196,4.1410,-11.7318,-0.8366,-10.5343,5.4933,-3.1370
955.00,-9.8850,5.7606,-3.1105,4.1460,-11.7372,-0.7820,-10.5417,5.4931,-3.0824
955.50,-9.8850,5.7530,-3.0587,4.1519,-11.7427,-0.7287,-10.5497,5.4925,-3.0291
956.00,-9.8850,5.7459,-3.0089,4.1571,-11.7471,-0.6780,-10.5565,5.4915,-2.9784
956.50,-9.8850,5.7392,-2.9608,4.1623,-11.7512,-0.6288,-10.5630,5.4903,-2.9292
957.00,-9.8851,5.7330,-2.9142,4.1681,-11.7552,-0.5815,-10.5699,5.4887,-2.8819
957.50,-9.8851,5.7274,-2.8690,4.1742,-11.7590,-0.5350,-10.5767,5.4867,-2.8354
958.00,-9.8887,5.7217,-2.8161,4.1799,-11.7622,-0.4813,-10.5323,5.4626,-2.7922
958.50,-9.9388,5.7057,-2.7253,4.2293,-11.7846,-0.3875,-10.5822,5.4412,-2.6983
959.00,-10.0401,5.6624,-2.6071,4.3375,-11.8221,-0.2687,-10.6828,5.3855,-2.5831
959.50,-10.1352,5.5986,-2.3962,4.4564,-11.8420,-0.0543,-10.7777,5.3220,-2.3721
960.00,-10.2033,5.5207,-2.1782,4.5645,-11.8362,0.1650,-10.8467,5.2385,-2.1564
960.50,-10.2611,5.4103,-1.9633,4.6841,-11.8030,0.3817,-10.9033,5.1286,-1.9362
961.00,-10.3100,5.2861,-1.7628,4.8074,-11.7382,0.5836,-10.9357,4.9941,-1.7360
961.50,-10.3500,5.1570,-1.5450,4.9125,-11.6535,0.8025,-10.9551,4.8746,-1.5206
962.00,-10.3570,5.0279,-1.3966,4.9994,-11.5466,0.9508,-10.9668,4.7381,-1.3741
962.50,-10.3391,4.9013,-1.2984,5.0684,-11.4378,1.0539,-10.9538,4.6234,-1.2725
963.00,-10.3026,4.7767,-1.2636,5.1306,-11.3239,1.0901,-10.9199,4.4951,-1.2365
963.50,-10.2646,4.6527,-1.2735,5.1923,-11.2068,1.0794,-10.8770,4.3699,-1.2473
964.00,-10.2296,4.5281,-1.2997,5.2561,-11.0896,1.0542,-10.8348,4.2432,-1.2811
964.50,-10.1974,4.4025,-1.3071,5.3217,-10.9764,1.0467,-10.8088,4.1219,-1.2833
965.00,-10.1575,4.2784,-1.2195,5.3855,-10.8552,1.1379,-10.7647,3.9922,-1.1939
965.50,-10.1086,4.1588,-1.1182,5.4339,-10.7346,1.2405,-10.7106,3.8840,-1.0966
966.00,-10.0503,4.0444,-1.0399,5.4712,-10.6092,1.3221,-10.6461,3.7701,-1.0167
966.50,-9.9818,3.9334,-1.0033,5.5009,-10.4840,1.3581,-10.5864,3.6620,-0.9841
967.00,-9.9065,3.8261,-0.9433,5.5259,-10.3467,1.4215,-10.5054,3.5483,-0.9191
967.50,-9.8317,3.7201,-0.9781,5.5455,-10.2250,1.3861,-10.4318,3.4544,-0.9563
968.00,-9.7614,3.6114,-0.9966,5.5711,-10.0962,1.3689,-10.3472,3.3363,-0.9752
968.50,-9.6893,3.5026,-0.9776,5.5954,-9.9731,1.3901,-10.2807,3.2385,-0.9539
969.00,-9.6148,3.3955,-0.9602,5.6176,-9.8445,1.4090,-10.2040,3.1328,-0.9385
969.50,-9.5397,3.2892,-0.9527,5.6389,-9.7121,1.4177,-10.1214,3.0249,-0.9298
970.00,-9.4635,3.1837,-0.9422,5.6591,-9.5762,1.4307,-10.0366,2.9151,-0.9169
970.50,-9.3904,3.0766,-1.0114,5.6804,-9.4506,1.3607,-9.9723,2.8149,-0.9892
971.00,-9.3236,2.9651,-1.0267,5.7092,-9.3261,1.3464,-9.9089,2.7099,-1.0081
971.50,-9.2515,2.8555,-0.9800,5.7358,-9.1949,1.3942,-9.8282,2.5980,-0.9591
972.00,-9.1755,2.7490,-0.9431,5.7566,-9.0634,1.4334,-9.7497,2.4892,-0.9199
972.50,-9.0984,2.6441,-0.9342,5.7749,-8.9272,1.4418,-9.6660,2.3870,-0.9115
973.00,-9.0201,2.5400,-0.9200,5.7914,-8.7932,1.4568,-9.5897,2.2836,-0.8988
973.50,-8.9419,2.4364,-0.9274,5.8073,-8.6565,1.4510,-9.5075,2.1787,-0.9058
974.00,-8.8637,2.3324,-0.9257,5.8225,-8.5289,1.4539,-9.4251,2.0777,-0.9018
974.50,-8.7865,2.2281,-0.9375,5.8379,-8.4031,1.4440,-9.3468,1.9837,-0.9134
975.00,-8.7098,2.1231,-0.9368,5.8548,-8.2725,1.4448,-9.2665,1.8794,-0.9143
975.50,-8.6328,2.0184,-0.9424,5.8715,-8.1391,1.4409,-9.1944,1.7725,-0.9205
976.00,-8.5550,1.9138,-0.9219,5.8880,-8.0041,1.4625,-9.1118,1.6668,-0.8978
976.50,-8.4741,1.8118,-0.8882,5.9003,-7.8665,1.4986,-9.0229,1.5695,-0.8628
977.00,-8.3925,1.7106,-0.8980,5.9106,-7.7301,1.4884,-8.9408,1.4647,-0.8754
977.50,-8.3130,1.6080,-0.9428,5.9227,-7.6006,1.4467,-8.8585,1.3681,-0.9165
978.00,-8.2410,1.5002,-1.0014,5.9443,-7.4664,1.3864,-8.7859,1.2670,-0.9809
978.50,-8.1724,1.3901,-1.0155,5.9692,-7.3390,1.3727,-8.7118,1.1542,-0.9930
979.00,-8.1023,1.2801,-0.9981,5.9943,-7.2085,1.3916,-8.6379,1.0433,-0.9739
979.50,-8.0288,1.1719,-0.9682,6.0159,-7.0784,1.4219,-8.5625,0.9354,-0.9438
980.00,-7.9532,1.0656,-0.9480,6.0342,-6.9454,1.4431,-8.4872,0.8278,-0.9242
980.50,-7.8762,0.9606,-0.9442,6.0500,-6.8130,1.4492,-8.4019,0.7264,-0.9197
981.00,-7.8029,0.8538,-0.9742,6.0692,-6.6810,1.4171,-8.3293,0.6240,-0.9519
981.50,-7.7275,0.7474,-0.9255,6.0875,-6.5481,1.4673,-8.2456,0.5159,-0.9000
982.00,-7.6448,0.6466,-0.8548,6.0957,-6.4207,1.5392,-8.1682,0.4193,-0.8299
982.50,-7.5579,0.5500,-0.8363,6.0978,-6.2811,1.5605,-8.0628,0.3180,-0.8086
983.00,-7.4725,0.4520,-0.8679,6.1014,-6.1523,1.5281,-7.9890,0.2333,-0.8444
983.50,-7.3883,0.3529,-0.8587,6.1069,-6.0180,1.5383,-7.8955,0.1302,-0.8342
984.00,-7.3025,0.2552,-0.8439,6.1098,-5.8901,1.5546,-7.8030,0.0361,-0.8179
984.50,-7.2164,0.1578,-0.8574,6.1123,-5.7552,1.5444,-7.7139,-0.0625,-0.8304
985.00,-7.1338,0.0577,-0.8941,6.1189,-5.6231,1.5062,-7.6269,-0.1593,-0.8690
985.50,-7.0525,-0.0438,-0.8867,6.1276,-5.4880,1.5137,-7.5456,-0.2617,-0.8621
986.00,-6.9687,-0.1433,-0.8605,6.1334,-5.3481,1.5422,-7.4503,-0.3604,-0.8343
986.50,-6.8832,-0.2412,-0.8441,6.1360,-5.2135,1.5608,-7.3646,-0.4557,-0.8172
987.00,-6.7957,-0.3372,-0.8238,6.1357,-5.0831,1.5831,-7.2795,-0.5478,-0.7969
987.50,-6.7075,-0.4329,-0.8368,6.1343,-4.9512,1.5727,-7.1853,-0.6403,-0.8081
988.00,-6.6222,-0.5310,-0.8633,6.1366,-4.8176,1.5446,-7.0984,-0.7367,-0.8382
988.50,-6.5380,-0.6300,-0.8702,6.1403,-4.6853,1.5407,-7.0134,-0.8313,-0.8414
989.00,-6.4567,-0.7309,-0.9169,6.1472,-4.5480,1.4945,-6.9242,-0.9338,-0.8891
989.50,-6.3831,-0.8366,-0.9834,6.1615,-4.4172,1.4307,-6.8493,-1.0385,-0.9555
990.00,-6.3172,-0.9485,-1.1180,6.1868,-4.2895,1.2978,-6.7848,-1.1449,-1.0901
990.50,-6.2598,-1.0683,-1.3547,6.2401,-4.1576,1.0627,-6.7333,-1.2775,-1.3272
991.00,-6.2134,-1.1929,-1.6410,6.3255,-4.0463,0.7727,-6.7088,-1.3966,-1.6184
991.50,-6.2091,-1.3210,-1.8264,6.4257,-3.9648,0.5932,-6.6941,-1.5146,-1.7979
992.00,-6.2362,-1.4440,-1.9528,6.5363,-3.9015,0.4651,-6.7018,-1.6363,-1.9260
992.50,-6.2818,-1.5620,-2.0563,6.6547,-3.8492,0.3621,-6.7487,-1.7555,-2.0302
993.00,-6.3430,-1.6756,-2.0877,6.7787,-3.8056,0.3318,-6.7997,-1.8719,-2.0604
993.50,-6.4094,-1.7881,-2.1075,6.9050,-3.7630,0.3137,-6.8580,-1.9861,-2.0821
994.00,-6.4760,-1.8997,-2.0901,7.0274,-3.7235,0.3327,-6.9180,-2.0984,-2.0642
994.50,-6.5379,-2.0135,-2.0723,7.1534,-3.6779,0.3536,-6.9836,-2.2174,-2.0445
995.00,-6.6001,-2.1275,-2.0640,7.2728,-3.6339,0.3625,-7.0394,-2.3277,-2.0378
995.50,-6.6647,-2.2413,-2.0948,7.3996,-3.5874,0.3320,-7.1043,-2.4478,-2.0708
996.00,-6.7321,-2.3532,-2.1133,7.5314,-3.5433,0.3154,-7.1744,-2.5626,-2.0867
996.50,-6.8011,-2.4639,-2.1405,7.6586,-3.5031,0.2901,-7.2281,-2.6748,-2.1155
997.00,-6.8739,-2.5722,-2.1535,7.7807,-3.4688,0.2758,-7.3025,-2.7755,-2.1310
997.50,-6.9404,-2.6835,-2.0681,7.8985,-3.4299,0.3657,-7.3608,-2.8897,-2.0411
998.00,-7.0024,-2.7980,-2.0861,8.0249,-3.3812,0.3481,-7.4286,-3.0112,-2.0611
998.50,-7.0726,-2.9086,-2.1618,8.1556,-3.3392,0.2741,-7.4908,-3.1300,-2.1362
999.00,-7.1494,-3.0145,-2.2014,8.2833,-3.3074,0.2320,-7.5675,-3.2296,-2.1794
999.50,-7.2240,-3.1205,-2.1810,8.4100,-3.2754,0.2565,-7.6403,-3.3382,-2.1549
1000.00,-7.2993,-3.2267,-2.1907,8.5373,-3.2425,0.2469,-7.7031,-3.4446,-2.1686
1000.50,-7.3770,-3.3314,-2.2172,8.6638,-3.2127,0.2204,-7.7875,-3.5480,-2.1951
1001.00,-7.4555,-3.4350,-2.2197,8.7976,-3.1828,0.2190,-7.8637,-3.6593,-2.1965
1001.50,-7.5350,-3.5381,-2.2335,8.9307,-3.1540,0.2061,-7.9434,-3.7632,-2.2094
1002.00,-7.6149,-3.6405,-2.2246,9.0616,-3.1265,0.2161,-8.0229,-3.8662,-2.2012
1002.50,-7.6920,-3.7448,-2.2051,9.1839,-3.0978,0.2386,-8.0911,-3.9687,-2.1787
1003.00,-7.7706,-3.8487,-2.2245,9.3149,-3.0675,0.2189,-8.1690,-4.0783,-2.2019
1003.50,-7.8502,-3.9516,-2.2283,9.4427,-3.0395,0.2164,-8.2461,-4.1795,-2.2044
1004.00,-7.9292,-4.0547,-2.2140,9.5761,-3.0098,0.2299,-8.3267,-4.2899,-2.1909
1004.50,-8.0023,-4.1611,-2.1442,9.7039,-2.9755,0.2998,-8.3907,-4.3911,-2.1241
1005.00,-8.0664,-4.2736,-2.0371,9.8311,-2.9288,0.4089,-8.4549,-4.5089,-2.0118
1005.50,-8.1213,-4.3921,-1.9640,9.9467,-2.8726,0.4856,-8.5047,-4.6275,-1.9351
1006.00,-8.1668,-4.5130,-1.9117,10.0589,-2.8109,0.5357,-8.5483,-4.7479,-1.8885
1006.50,-8.2035,-4.6370,-1.8533,10.1695,-2.7394,0.5995,-8.5844,-4.8745,-1.8283
1007.00,-8.2432,-4.7613,-1.8879,10.2812,-2.6653,0.5620,-8.6304,-5.0037,-1.8657
1007.50,-8.2814,-4.8852,-1.8614,10.3929,-2.5931,0.5948,-8.6576,-5.1314,-1.8329
1008.00,-8.3147,-5.0087,-1.7773,10.5013,-2.5158,0.6753,-8.6989,-5.2508,-1.7559
1008.50,-8.3401,-5.1262,-1.5137,10.5889,-2.4259,0.9444,-8.7061,-5.3761,-1.4836
1009.00,-8.3428,-5.2544,-1.3380,10.6556,-2.3096,1.1232,-8.6910,-5.5077,-1.3115
1009.50,-8.3154,-5.3798,-1.2518,10.7095,-2.1881,1.2070,-8.6727,-5.6252,-1.2347
1010.00,-8.2772,-5.4998,-1.1049,10.7443,-2.0699,1.3568,-8.6435,-5.7380,-1.0814
1010.50,-8.2297,-5.5881,-1.0396,10.7629,-1.9666,1.4237,-8.5908,-5.8289,-1.0180
1011.00,-8.2078,-5.6209,-1.0029,10.7682,-1.9250,1.4611,-8.5676,-5.8639,-0.9841
1011.50,-8.2059,-5.6214,-0.9672,10.7685,-1.9227,1.4978,-8.5664,-5.8658,-0.9474
1012.00,-8.2046,-5.6215,-0.9323,10.7687,-1.9209,1.5335,-8.5653,-5.8673,-0.9117
1012.50,-8.2039,-5.6215,-0.8984,10.7688,-1.9202,1.5687,-8.5649,-5.8587,-0.8765
1013.00,-8.2035,-5.6216,-0.8653,10.7688,-1.9199,1.6029,-8.5647,-5.8581,-0.8423
1013.50,-8.2035,-5.6216,-0.8327,10.7688,-1.9199,1.6362,-8.5648,-5.8581,-0.8090
1014.00,-8.2036,-5.6213,-0.7993,10.7688,-1.9200,1.6702,-8.5648,-5.8580,-0.7750
1014.50,-8.2038,-5.6213,-0.7651,10.7688,-1.9201,1.7056,-8.5649,-5.8579,-0.7396
1015.00,-8.2042,-5.6214,-0.7319,10.7689,-1.9206,1.7397,-8.5653,-5.8576,-0.7055
1015.50,-8.2043,-5.6213,-0.6994,10.7689,-1.9209,1.7730,-8.5655,-5.8575,-0.6721
1016.00,-8.2043,-5.6209,-0.6662,10.7690,-1.9213,1.8075,-8.5658,-5.8572,-0.6377
1016.50,-8.2044,-5.6201,-0.6320,10.7692,-1.9220,1.8432,-8.5664,-5.8568,-0.6020
1017.00,-8.2044,-5.6187,-0.5970,10.7697,-1.9235,1.8791,-8.5678,-5.8559,-0.5661
1017.50,-8.2045,-5.6170,-0.5611,10.7698,-1.9239,1.9158,-8.5681,-5.8557,-0.5294
1018.00,-8.2045,-5.6148,-0.5241,10.7706,-1.9258,1.9539,-8.5699,-5.8547,-0.4913
1018.50,-8.2046,-5.6121,-0.4862,10.7712,-1.9274,1.9927,-8.5714,-5.8539,-0.4525
1019.00,-8.2046,-5.6089,-0.4473,10.7727,-1.9305,2.0328,-8.5746,-5.8525,-0.4124
1019.50,-8.2047,-5.6053,-0.4073,10.7742,-1.9334,2.0742,-8.5776,-5.8512,-0.3710
1020.00,-8.2047,-5.6011,-0.3662,10.7768,-1.9378,2.1168,-8.5824,-5.8495,-0.3284
1020.50,-8.2047,-5.5965,-0.3239,10.7789,-1.9412,2.1601,-8.5862,-5.8482,-0.2851
1021.00,-8.2048,-5.5914,-0.2803,10.7821,-1.9457,2.2049,-8.5915,-5.8468,-0.2403
1021.50,-8.2048,-5.5858,-0.2354,10.7858,-1.9506,2.2508,-8.5975,-5.8455,-0.1944
1022.00,-8.2048,-5.5798,-0.1891,10.7897,-1.9551,2.2982,-8.6034,-5.8445,-0.1470
1022.50,-8.2048,-5.5732,-0.1412,10.7948,-1.9606,2.3470,-8.6108,-5.8436,-0.0982
1023.00,-8.2049,-5.5662,-0.0917,10.7993,-1.9650,2.3975,-8.5765,-5.8081,-0.0722
1023.50,-8.2049,-5.5586,-0.0403,10.8063,-1.9711,2.4503,-8.5858,-5.8076,-0.0194
1024.00,-8.2049,-5.5507,0.0130,10.8098,-1.9739,2.5049,-8.5902,-5.8076,0.0353
1024.50,-8.2049,-5.5429,0.0654,10.8037,-1.9696,2.5579,-8.5828,-5.8072,0.0882
1025.00,-8.2049,-5.5357,0.1159,10.7980,-1.9661,2.6088,-8.5761,-5.8064,0.1392
1025.50,-8.2048,-5.5288,0.1646,10.7926,-1.9631,2.6586,-8.5701,-5.8054,0.1890
1026.00,-8.2048,-5.5225,0.2117,10.7869,-1.9602,2.7071,-8.5638,-5.8041,0.2375
1026.50,-8.2048,-5.5167,0.2573,10.7821,-1.9581,2.7541,-8.5587,-5.8027,0.2845
1027.00,-8.2048,-5.5113,0.3016,10.7766,-1.9560,2.7994,-8.5531,-5.8009,0.3297
1027.50,-8.2047,-5.5065,0.3445,10.7731,-1.9549,2.8428,-8.5497,-5.7997,0.3732
1028.00,-8.2047,-5.5021,0.3862,10.7686,-1.9536,2.8857,-8.5454,-5.7979,0.4161
1028.50,-8.2046,-5.4982,0.4268,10.7645,-1.9526,2.9275,-8.5415,-5.7961,0.4578
1029.00,-8.2046,-5.4948,0.4663,10.7608,-1.9519,2.9683,-8.5382,-5.7944,0.4987
1029.50,-8.2045,-5.4919,0.5047,10.7568,-1.9512,3.0076,-8.5347,-5.7924,0.5380
1030.00,-8.2045,-5.4894,0.5422,10.7540,-1.9509,3.0460,-8.5323,-5.7909,0.5763
1030.50,-8.2044,-5.4874,0.5786,10.7519,-1.9508,3.0827,-8.5305,-5.7897,0.6131
1031.00,-8.2101,-5.4903,0.6023,10.7570,-1.9510,3.1073,-8.5347,-5.7927,0.6377
1031.50,-8.2423,-5.5123,0.6023,10.7977,-1.9524,3.1078,-8.5674,-5.8169,0.6382
1032.00,-8.2752,-5.5350,0.6023,10.8409,-1.9538,3.1091,-8.6021,-5.8427,0.6395
1032.50,-8.3082,-5.5577,0.6023,10.8855,-1.9552,3.1102,-8.6804,-5.8060,0.6231
1033.00,-8.3411,-5.5803,0.6023,10.9245,-1.9564,3.1114,-8.7025,-5.8181,0.6209
1033.50,-8.3741,-5.6030,0.6023,10.9630,-1.9575,3.1129,-8.7338,-5.8405,0.6223
1034.00,-8.4071,-5.6256,0.6023,11.0024,-1.9587,3.1134,-8.7659,-5.8635,0.6229
1034.50,-8.4286,-5.6403,0.6138,11.0324,-1.9595,3.1260,-8.7907,-5.8903,0.6320
1035.00,-8.4286,-5.6393,0.6484,11.0310,-1.9595,-3.1218,-8.7895,-5.8895,0.6673
1035.50,-8.4285,-5.6387,0.6821,11.0301,-1.9595,-3.0869,-8.7889,-5.8889,0.7023
1036.00,-8.4284,-5.6385,0.7150,11.0301,-1.9595,-3.0536,-8.7889,-5.8889,0.7355
1036.50,-8.4286,-5.6385,0.7476,11.0301,-1.9595,-3.0202,-8.7889,-5.8889,0.7690
1037.00,-8.4288,-5.6386,0.7814,11.0303,-1.9595,-2.9855,-8.7891,-5.8891,0.8036
1037.50,-8.4287,-5.6388,0.8154,11.0306,-1.9595,-2.9510,-8.7892,-5.8893,0.8382
1038.00,-8.4287,-5.6392,0.8483,11.0309,-1.9594,-2.9170,-8.7895,-5.8895,0.8722
1038.50,-8.4288,-5.6392,0.8810,11.0312,-1.9593,-2.8839,-8.7896,-5.8897,0.9052
1039.00,-8.4293,-5.6393,0.9144,11.0320,-1.9591,-2.8493,-8.7901,-5.8904,0.9399
1039.50,-8.4303,-5.6393,0.9488,11.0329,-1.9588,-2.8136,-8.7907,-5.8911,0.9755
1040.00,-8.4318,-5.6394,0.9841,11.0340,-1.9584,-2.7777,-8.7913,-5.8922,1.0114
1040.50,-8.4337,-5.6394,1.0203,11.0353,-1.9579,-2.7401,-8.7920,-5.8933,1.0491
1041.00,-8.4360,-5.6395,1.0575,11.0368,-1.9572,-2.7015,-8.7928,-5.8948,1.0876
1041.50,-8.4388,-5.6395,1.0957,11.0391,-1.9561,-2.6618,-8.7940,-5.8971,1.1274
1042.00,-8.4421,-5.6396,1.1350,11.0424,-1.9543,-2.6220,-8.7955,-5.9005,1.1672
1042.50,-8.4459,-5.6396,1.1753,11.0461,-1.9520,-2.5808,-8.7971,-5.9045,1.2084
1043.00,-8.4463,-5.6128,1.2893,11.0242,-1.9677,-2.4663,-8.7891,-5.8789,1.3228
1043.50,-8.4538,-5.5228,1.5286,10.9671,-2.0272,-2.2213,-8.7795,-5.7969,1.5679
1044.00,-8.4675,-5.4016,1.6245,10.8999,-2.1276,-2.1237,-8.8269,-5.6458,1.6480
1044.50,-8.4690,-5.3336,1.5795,10.8606,-2.1893,-2.1713,-8.8410,-5.5828,1.6039
1045.00,-8.4623,-5.2923,1.4726,10.8355,-2.2223,-2.2781,-8.8408,-5.5413,1.4936
1045.50,-8.4451,-5.1930,1.2252,10.7583,-2.2917,-2.5296,-8.8102,-5.4307,1.2421
1046.00,-8.4051,-5.0755,1.0613,10.6490,-2.3543,-2.6937,-8.7776,-5.3249,1.0815
1046.50,-8.3414,-4.9632,1.0462,10.5291,-2.4093,-2.7089,-8.7224,-5.1997,1.0663
1047.00,-8.2816,-4.8477,1.1700,10.4127,-2.4704,-2.5816,-8.6657,-5.0916,1.1936
1047.50,-8.2309,-4.7251,1.2963,10.3023,-2.5500,-2.4561,-8.6241,-4.9619,1.3156
1048.00,-8.1942,-4.5989,1.3396,10.2023,-2.6374,-2.4114,-8.5855,-4.8326,1.3620
1048.50,-8.1675,-4.4721,1.3623,10.0989,-2.7320,-2.3857,-8.5530,-4.6990,1.3875
1049.00,-8.1370,-4.3455,1.2965,9.9960,-2.8244,-2.4508,-8.5253,-4.5740,1.3192
1049.50,-8.0978,-4.2230,1.1613,9.8904,-2.9006,-2.5893,-8.4856,-4.4605,1.1790
1050.00,-8.0464,-4.1056,1.1042,9.7743,-2.9671,-2.6430,-8.4358,-4.3387,1.1287
1050.50,-7.9836,-3.9914,1.0312,9.6613,-3.0243,-2.7158,-8.3839,-4.2259,1.0559
1051.00,-7.9119,-3.8823,0.9688,9.5417,-3.0736,-2.7780,-8.3100,-4.1157,0.9925
1051.50,-7.8366,-3.7758,0.9463,9.4191,-3.1193,-2.7983,-8.2375,-4.0035,0.9710
1052.00,-7.7588,-3.6712,0.9293,9.2888,-3.1642,-2.8144,-8.1582,-3.8906,0.9527
1052.50,-7.6810,-3.5670,0.9280,9.1632,-3.2069,-2.8146,-8.0882,-3.7950,0.9524
1053.00,-7.6025,-3.4632,0.9185,9.0367,-3.2494,-2.8224,-8.0078,-3.6851,0.9438
1053.50,-7.5221,-3.3607,0.8986,8.9061,-3.2913,-2.8416,-7.9286,-3.5746,0.9220
1054.00,-7.4410,-3.2592,0.9065,8.7815,-3.3296,-2.8342,-7.8564,-3.4785,0.9294
1054.50,-7.3649,-3.1543,0.9657,8.6549,-3.3746,-2.7729,-7.7797,-3.3682,0.9907
1055.00,-7.2916,-3.0470,0.9653,8.5337,-3.4220,-2.7711,-7.7088,-3.2615,0.9916
1055.50,-7.2143,-2.9415,0.9278,8.4044,-3.4696,-2.8084,-7.6314,-3.1476,0.9534
1056.00,-7.1345,-2.8385,0.9085,8.2814,-3.5104,-2.8272,-7.5573,-3.0511,0.9320
1056.50,-7.0576,-2.7342,0.9577,8.1579,-3.5542,-2.7751,-7.4842,-2.9438,0.9832
1057.00,-6.9836,-2.6275,0.9660,8.0355,-3.6018,-2.7660,-7.4112,-2.8341,0.9915
1057.50,-6.9085,-2.5209,0.9480,7.9103,-3.6504,-2.7837,-7.3371,-2.7221,0.9729
1058.00,-6.8302,-2.4165,0.9193,7.7831,-3.6959,-2.8118,-7.2606,-2.6203,0.9448
1058.50,-6.7515,-2.3130,0.9207,7.6565,-3.7395,-2.8084,-7.1899,-2.5116,0.9465
1059.00,-6.6714,-2.2104,0.9046,7.5257,-3.7833,-2.8245,-7.1035,-2.4079,0.9277
1059.50,-6.5938,-2.1065,0.9548,7.4019,-3.8271,-2.7723,-7.0294,-2.3010,0.9799
1060.00,-6.5190,-2.0001,0.9498,7.2782,-3.8754,-2.7773,-6.9601,-2.1954,0.9740
1060.50,-6.4415,-1.8952,0.9263,7.1554,-3.9207,-2.8006,-6.8886,-2.0903,0.9508
1061.00,-6.3609,-1.7926,0.8926,7.0244,-3.9648,-2.8340,-6.8062,-1.9841,0.9182
1061.50,-6.2788,-1.6917,0.8872,6.8951,-4.0053,-2.8388,-6.7248,-1.8790,0.9125
1062.00,-6.1964,-1.5911,0.8804,6.7714,-4.0437,-2.8446,-6.6521,-1.7840,0.9055
1062.50,-6.1153,-1.4899,0.9170,6.6469,-4.0833,-2.8080,-6.5696,-1.6804,0.9420
1063.00,-6.0378,-1.3858,0.9316,6.5243,-4.1273,-2.7926,-6.4945,-1.5743,0.9574
1063.50,-5.9582,-1.2827,0.8926,6.3988,-4.1706,-2.8332,-6.4147,-1.4645,0.9154
1064.00,-5.8777,-1.1810,0.9207,6.2700,-4.2129,-2.8028,-6.3416,-1.3664,0.9468
1064.50,-5.8021,-1.0759,0.9546,6.1428,-4.2609,-2.7671,-6.2647,-1.2505,0.9810
1065.00,-5.7281,-0.9693,0.9617,6.0211,-4.3099,-2.7571,-6.1923,-1.1464,0.9886
1065.50,-5.6502,-0.8646,0.9001,5.8979,-4.3560,-2.8181,-6.1211,-1.0383,0.9276
1066.00,-5.5840,-0.7909,0.7330,5.8046,-4.3806,-2.9861,-6.0572,-0.9668,0.7585
1066.50,-5.5015,-0.7357,0.5074,5.7044,-4.3853,3.0732,-5.9789,-0.9061,0.5346
1067.00,-5.3837,-0.6896,0.3163,5.5751,-4.3630,2.8829,-5.8563,-0.8542,0.3425
1067.50,-5.2573,-0.6524,0.1369,5.4490,-4.3172,2.7014,-5.7270,-0.8237,0.1599
1068.00,-5.1277,-0.6239,-0.0576,5.3385,-4.2540,2.5078,-5.6050,-0.8084,-0.0325
1068.50,-4.9987,-0.6253,-0.1554,5.2399,-4.1725,2.4107,-5.4767,-0.7956,-0.1296
1069.00,-4.8698,-0.6417,-0.0668,5.1304,-4.0799,2.5003,-5.3305,-0.8001,-0.0406
1069.50,-4.7399,-0.6485,0.0693,5.0172,-4.0092,2.6423,-5.2121,-0.7952,0.0997
1070.00,-4.6102,-0.6423,0.0240,4.8997,-3.9432,2.5936,-5.0840,-0.7908,0.0500
1070.50,-4.4802,-0.6419,-0.0066,4.7865,-3.8723,2.5662,-4.9498,-0.7880,0.0218
1071.00,-4.3502,-0.6471,-0.0299,4.6738,-3.7966,2.5424,-4.8206,-0.7871,-0.0037
1071.50,-4.2202,-0.6463,0.0047,4.5639,-3.7249,2.5823,-4.7000,-0.7867,0.0346
1072.00,-4.0903,-0.6503,-0.0377,4.4570,-3.6546,2.5374,-4.5663,-0.7824,-0.0105
1072.50,-3.9603,-0.6544,-0.0279,4.3452,-3.5782,2.5523,-4.4348,-0.7855,0.0032
1073.00,-3.8305,-0.6616,-0.0471,4.2338,-3.5014,2.5291,-4.3014,-0.7869,-0.0209
1073.50,-3.7005,-0.6628,0.0094,4.1211,-3.4262,2.5873,-4.1664,-0.7866,0.0374
1074.00,-3.5708,-0.6548,0.0897,4.0050,-3.3625,2.6727,-4.0458,-0.7746,0.1202
1074.50,-3.4411,-0.6479,-0.0083,3.8912,-3.3000,2.5702,-3.9291,-0.7633,0.0159
1075.00,-3.3112,-0.6501,-0.0851,3.7805,-3.2226,2.4936,-3.7850,-0.7665,-0.0585
1075.50,-3.1818,-0.6599,-0.0825,3.6747,-3.1414,2.4964,-3.6551,-0.7703,-0.0575
1076.00,-3.0520,-0.6632,0.0257,3.5648,-3.0684,2.6106,-3.5369,-0.7677,0.0576
1076.50,-2.9220,-0.6614,-0.0147,3.4479,-2.9989,2.5701,-3.3911,-0.7605,0.0144
1077.00,-2.7921,-0.6658,-0.0297,3.3406,-2.9263,2.5524,-3.2819,-0.7616,-0.0037
1077.50,-2.6622,-0.6636,0.0745,3.2267,-2.8593,2.6605,-3.1453,-0.7546,0.1052
1078.00,-2.5325,-0.6556,0.0351,3.1076,-2.7963,2.6197,-3.0089,-0.7410,0.0619
1078.50,-2.4025,-0.6543,0.0066,2.9978,-2.7297,2.5935,-2.8825,-0.7362,0.0374
1079.00,-2.2725,-0.6548,-0.0355,2.8860,-2.6599,2.5507,-2.7483,-0.7326,-0.0063
1079.50,-2.1427,-0.6608,-0.0352,2.7759,-2.5845,2.5534,-2.6208,-0.7348,-0.0053
1080.00,-2.0128,-0.6590,0.0674,2.6611,-2.5151,2.6582,-2.4878,-0.7297,0.1010
1080.50,-1.8831,-0.6506,0.0508,2.5406,-2.4527,2.6428,-2.3587,-0.7151,0.0823
1081.00,-1.7532,-0.6493,-0.0481,2.4328,-2.3848,2.5383,-2.2264,-0.7157,-0.0198
1081.50,-1.6235,-0.6585,-0.0778,2.3226,-2.3072,2.5110,-2.1064,-0.7193,-0.0508
1082.00,-1.4937,-0.6640,-0.0055,2.2094,-2.2286,2.5863,-1.9745,-0.7230,0.0259
1082.50,-1.3637,-0.6621,0.0149,2.0957,-2.1621,2.6092,-1.8328,-0.7160,0.0470
1083.00,-1.2338,-0.6661,-0.0471,1.9824,-2.0882,2.5422,-1.7117,-0.7159,-0.0200
1083.50,-1.1039,-0.6722,-0.0627,1.8723,-2.0139,2.5284,-1.5850,-0.7178,-0.0337
1084.00,-0.9742,-0.6806,-0.0332,1.7623,-1.9365,2.5565,-1.4644,-0.7222,-0.0065
1084.50,-0.8442,-0.6801,0.0263,1.6522,-1.8708,2.6219,-1.3431,-0.7163,0.0583
1085.00,-0.7143,-0.6819,-0.0247,1.5329,-1.7971,2.5693,-1.2167,-0.7171,0.0047
1085.50,-0.5844,-0.6891,-0.0634,1.4182,-1.7201,2.5295,-1.0780,-0.7205,-0.0377
1086.00,-0.4545,-0.6924,-0.0135,1.3069,-1.6466,2.5846,-0.9564,-0.7218,0.0191
1086.50,-0.3245,-0.6919,0.0352,1.1954,-1.5785,2.6313,-0.8354,-0.7172,0.0642
1087.00,-0.1954,-0.6827,0.1795,1.0710,-1.5208,2.7798,-0.6796,-0.6987,0.2116
1087.50,-0.0678,-0.6610,0.1783,0.9504,-1.4769,2.7798,-0.5645,-0.6769,0.2076
1088.00,0.0611,-0.6440,0.0532,0.8276,-1.4216,2.6537,-0.4340,-0.6569,0.0809
1088.50,0.1910,-0.6358,-0.1036,0.7148,-1.3514,2.4948,-0.3106,-0.6585,-0.0791
1089.00,0.3197,-0.6468,-0.1476,0.6144,-1.2699,2.4507,-0.1709,-0.6619,-0.1202
1089.50,0.4490,-0.6603,-0.0119,0.5096,-1.1926,2.5892,-0.0358,-0.6625,0.0177
1090.00,0.5787,-0.6634,0.0978,0.3936,-1.1309,2.7015,0.0678,-0.6511,0.1277
1090.50,0.7083,-0.6538,0.0459,0.2691,-1.0696,2.6480,0.2100,-0.6481,0.0727
1091.00,0.8382,-0.6495,0.0318,0.1506,-1.0043,2.6371,0.3444,-0.6392,0.0632
1091.50,0.9682,-0.6508,-0.0201,0.0378,-0.9373,2.5834,0.4588,-0.6383,0.0053
1092.00,1.0982,-0.6504,-0.0001,-0.0788,-0.8664,2.6079,0.5894,-0.6363,0.0312
1092.50,1.2281,-0.6550,-0.0375,-0.1939,-0.7947,2.5678,0.7164,-0.6352,-0.0109
1093.00,1.3581,-0.6552,-0.0010,-0.3087,-0.7234,2.6074,0.8451,-0.6339,0.0286
1093.50,1.4881,-0.6576,-0.0344,-0.4239,-0.6533,2.5747,0.9705,-0.6315,-0.0067
1094.00,1.6180,-0.6629,-0.0256,-0.5344,-0.5821,2.5822,1.1082,-0.6331,0.0006
1094.50,1.7479,-0.6594,0.0769,-0.6473,-0.5194,2.6883,1.2299,-0.6260,0.1075
1095.00,1.8775,-0.6511,0.0331,-0.7627,-0.4622,2.6461,1.3512,-0.6128,0.0632
1095.50,2.0074,-0.6508,-0.0652,-0.8748,-0.3924,2.5469,1.4776,-0.6121,-0.0388
1096.00,2.1369,-0.6601,-0.0995,-0.9825,-0.3149,2.5091,1.6135,-0.6210,-0.0766
1096.50,2.2666,-0.6673,0.0012,-1.0945,-0.2405,2.6156,1.7541,-0.6215,0.0333
1097.00,2.3966,-0.6677,-0.0159,-1.2120,-0.1733,2.5987,1.8762,-0.6162,0.0126
1097.50,2.5264,-0.6732,-0.0384,-1.3247,-0.1011,2.5733,2.0065,-0.6181,-0.0135
1098.00,2.6564,-0.6765,-0.0431,-1.4386,-0.0308,2.5718,2.1368,-0.6179,-0.0150
1098.50,2.7862,-0.6822,-0.0189,-1.5479,0.0395,2.5998,2.2649,-0.6200,0.0117
1099.00,2.9162,-0.6852,-0.0386,-1.6669,0.1113,2.5774,2.4021,-0.6185,-0.0142
1099.50,3.0462,-0.6879,0.0035,-1.7767,0.1787,2.6250,2.5209,-0.6185,0.0343
1100.00,3.1762,-0.6896,-0.0363,-1.8838,0.2414,2.5818,2.6426,-0.6156,-0.0124
1100.50,3.3060,-0.6953,-0.0310,-1.9934,0.3104,2.5872,2.7721,-0.6175,-0.0070
1101.00,3.4358,-0.6941,0.1243,-2.1124,0.3739,2.7440,2.9144,-0.6132,0.1510
1101.50,3.5630,-0.6805,0.2584,-2.2400,0.4154,2.8838,3.0429,-0.5882,0.2875
1102.00,3.6889,-0.6494,0.2179,-2.3668,0.4496,2.8446,3.1597,-0.5618,0.2469
1102.50,3.8175,-0.6260,0.0453,-2.4942,0.5007,2.6684,3.2876,-0.5428,0.0695
1103.00,3.9475,-0.6168,-0.0203,-2.6072,0.5640,2.6058,3.4188,-0.5353,0.0085
1103.50,4.0774,-0.6210,-0.0546,-2.7207,0.6340,2.5710,3.5468,-0.5295,-0.0280
1104.00,4.2072,-0.6294,-0.0587,-2.8299,0.7049,2.5678,3.6733,-0.5337,-0.0321
1104.50,4.3370,-0.6333,-0.0413,-2.9398,0.7745,2.5861,3.8044,-0.5368,-0.0138
1105.00,4.4669,-0.6366,-0.0323,-3.0476,0.8405,2.5969,3.9357,-0.5378,-0.0030
1105.50,4.5969,-0.6402,-0.0297,-3.1575,0.9069,2.6000,4.0689,-0.5379,-0.0025
1106.00,4.7268,-0.6438,-0.0282,-3.2666,0.9723,2.6023,4.1992,-0.5381,-0.0003
1106.50,4.8567,-0.6486,-0.0349,-3.3872,1.0448,2.5965,4.3377,-0.5383,-0.0069
1107.00,4.9867,-0.6519,-0.0286,-3.5057,1.1161,2.6036,4.4670,-0.5386,-0.0012
1107.50,5.1166,-0.6573,-0.0429,-3.6154,1.1820,2.5923,4.5881,-0.5390,-0.0132
1108.00,5.2461,-0.6710,-0.1399,-3.7251,1.2552,2.4964,4.7280,-0.5476,-0.1118
1108.50,5.3728,-0.6933,-0.3195,-3.8238,1.3428,2.3195,4.8511,-0.5762,-0.2915
1109.00,5.4912,-0.7281,-0.5228,-3.8996,1.4421,2.1160,4.9694,-0.6193,-0.4954
1109.50,5.5890,-0.7915,-0.7364,-3.9540,1.5570,1.9027,5.0738,-0.6720,-0.7091
1110.00,5.6694,-0.8809,-0.9442,-3.9814,1.6751,1.6957,5.1526,-0.7535,-0.9154
1110.50,5.7395,-0.9913,-1.0716,-3.9892,1.8106,1.5686,5.2255,-0.8619,-1.0450
1111.00,5.8016,-1.1060,-1.0794,-3.9878,1.9449,1.5635,5.2910,-0.9763,-1.0499
1111.50,5.8656,-1.2200,-1.0571,-3.9884,2.0758,1.5875,5.3584,-1.0859,-1.0282
1112.00,5.9292,-1.3334,-1.0599,-3.9903,2.2103,1.5851,5.4342,-1.2012,-1.0340
1112.50,5.9942,-1.4465,-1.0455,-3.9928,2.3453,1.6005,5.5008,-1.3135,-1.0164
1113.00,6.0583,-1.5593,-1.0559,-3.9960,2.4764,1.5904,5.5654,-1.4214,-1.0288
1113.50,6.1248,-1.6718,-1.0323,-4.0001,2.6100,1.6163,5.6367,-1.5341,-1.0041
1114.00,6.1894,-1.7841,-1.0644,-4.0048,2.7460,1.5839,5.7061,-1.6496,-1.0408
1114.50,6.2524,-1.8979,-1.0605,-4.0064,2.8787,1.5890,5.7685,-1.7572,-1.0336
1115.00,6.3154,-2.0115,-1.0664,-4.0087,3.0113,1.5850,5.8363,-1.8713,-1.0389
1115.50,6.3819,-2.1243,-1.0234,-4.0129,3.1452,1.6314,5.9047,-1.9854,-0.9959
1116.00,6.4525,-2.2343,-0.9987,-4.0229,3.2790,1.6559,5.9750,-2.0870,-0.9725
1116.50,6.5254,-2.3427,-0.9737,-4.0358,3.4090,1.6822,6.0439,-2.1938,-0.9463
1117.00,6.5975,-2.4505,-0.9958,-4.0501,3.5393,1.6620,6.1238,-2.3001,-0.9698
1117.50,6.6663,-2.5603,-1.0102,-4.0609,3.6697,1.6485,6.1999,-2.4087,-0.9823
1118.00,6.7357,-2.6703,-1.0054,-4.0712,3.8000,1.6547,6.2697,-2.5172,-0.9773
1118.50,6.8078,-2.7793,-0.9806,-4.0836,3.9294,1.6797,6.3407,-2.6239,-0.9535
1119.00,6.8810,-2.8869,-0.9870,-4.0989,4.0608,1.6759,6.4209,-2.7313,-0.9585
1119.50,6.9500,-2.9965,-1.0088,-4.1104,4.1910,1.6525,6.4891,-2.8364,-0.9830
1120.00,7.0215,-3.1057,-0.9855,-4.1232,4.3259,1.6774,6.5656,-2.9483,-0.9582
1120.50,7.0962,-3.2131,-0.9532,-4.1392,4.4578,1.7110,6.6428,-3.0498,-0.9257
1121.00,7.1720,-3.3187,-0.9523,-4.1582,4.5889,1.7125,6.7224,-3.1551,-0.9253
1121.50,7.2474,-3.4247,-0.9485,-4.1771,4.7214,1.7170,6.8027,-3.2620,-0.9208
1122.00,7.3238,-3.5300,-0.9456,-4.1969,4.8506,1.7209,6.8763,-3.3568,-0.9171
1122.50,7.3996,-3.6356,-0.9461,-4.2158,4.9773,1.7207,6.9508,-3.4577,-0.9194
1123.00,7.4772,-3.7402,-0.9345,-4.2366,5.1056,1.7342,7.0350,-3.5645,-0.9059
1123.50,7.5516,-3.8460,-0.9659,-4.2551,5.2308,1.7023,7.1114,-3.6654,-0.9396
1124.00,7.6228,-3.9539,-0.9994,-4.2709,5.3637,1.6701,7.1890,-3.7744,-0.9718
1124.50,7.6868,-4.0652,-1.0584,-4.2805,5.4949,1.6124,7.2502,-3.8850,-1.0295
1125.00,7.7456,-4.1799,-1.1241,-4.2829,5.6272,1.5476,7.3161,-3.9998,-1.0974
1125.50,7.7959,-4.2995,-1.2276,-4.2737,5.7678,1.4482,7.3659,-4.1187,-1.1972
1126.00,7.8374,-4.4250,-1.4255,-4.2459,5.8980,1.2511,7.4027,-4.2454,-1.3977
1126.50,7.8688,-4.5547,-1.6424,-4.1882,6.0248,1.0372,7.4219,-4.3742,-1.6152
1127.00,7.8738,-4.6827,-1.8357,-4.1112,6.1310,0.8438,7.4239,-4.5042,-1.8085
1127.50,7.8493,-4.8046,-2.0201,-4.0254,6.2129,0.6604,7.4171,-4.6170,-1.9955
1128.00,7.7939,-4.9151,-2.2124,-3.9189,6.2800,0.4684,7.3743,-4.7353,-2.1839
1128.50,7.7095,-5.0133,-2.3673,-3.7982,6.3297,0.3144,7.3014,-4.8270,-2.3414
1129.00,7.6113,-5.0992,-2.4841,-3.6727,6.3632,0.1987,7.1968,-4.9252,-2.4537
1129.50,7.5056,-5.1757,-2.5509,-3.5421,6.3849,0.1345,7.1009,-5.0056,-2.5182
1130.00,7.3949,-5.2431,-2.6627,-3.4112,6.3954,0.0203,6.9904,-5.0765,-2.6356
1130.50,7.3154,-5.2853,-2.7135,-3.3196,6.3949,-0.0283,6.9091,-5.1189,-2.6842
1131.00,7.2913,-5.2979,-2.7535,-3.2928,6.3938,-0.0676,6.8849,-5.1304,-2.7235
1131.50,7.2580,-5.3035,-2.8225,-3.2616,6.3904,-0.1369,6.8557,-5.1419,-2.7927
1132.00,7.1644,-5.3272,-2.8693,-3.1659,6.3752,-0.1831,6.7642,-5.1735,-2.8421
1132.50,7.0381,-5.3537,-2.9898,-3.0361,6.3454,-0.2984,6.6353,-5.1972,-2.9543
1133.00,6.9085,-5.3718,3.0703,-2.9131,6.2913,-0.5243,6.5013,-5.2065,3.0995
1133.50,6.7801,-5.3754,2.8988,-2.8018,6.2147,-0.6931,6.3767,-5.2094,2.9308
1134.00,6.6602,-5.3559,2.6705,-2.7152,6.1252,-0.9238,6.2590,-5.1912,2.7001
1134.50,6.5554,-5.2989,2.4609,-2.6549,6.0255,-1.1344,6.1495,-5.1505,2.4926
1135.00,6.4624,-5.2098,2.3002,-2.6076,5.8968,-1.2955,6.0475,-5.0634,2.3302
1135.50,6.3796,-5.1099,2.2412,-2.5755,5.7661,-1.3538,5.9584,-4.9679,2.2736
1136.00,6.3017,-5.0061,2.1785,-2.5509,5.6403,-1.4133,5.8776,-4.8684,2.2106
1136.50,6.2324,-4.8958,2.0759,-2.5367,5.5064,-1.5137,5.8031,-4.7563,2.1136
1137.00,6.1720,-4.7780,1.9134,-2.5390,5.3715,-1.6747,5.7520,-4.6360,1.9457
1137.50,6.1201,-4.6525,1.6724,-2.5695,5.2334,-1.9147,5.6960,-4.5089,1.7091
1138.00,6.0919,-4.5228,1.4794,-2.6289,5.1089,-2.1071,5.6706,-4.3817,1.5132
1138.50,6.0969,-4.3944,1.3664,-2.7062,4.9973,-2.2234,5.6589,-4.2570,1.4001
1139.00,6.1203,-4.2668,1.4256,-2.7857,4.8897,-2.1644,5.6785,-4.1293,1.4576
1139.50,6.1349,-4.1374,1.5323,-2.8519,4.7752,-2.0514,5.6831,-4.0026,1.5690
1140.00,6.1379,-4.0074,1.5476,-2.9108,4.6613,-2.0374,5.6841,-3.8744,1.5864
1140.50,6.1367,-3.8774,1.5576,-2.9727,4.5346,-2.0239,5.6799,-3.7334,1.5999
1141.00,6.1423,-3.7475,1.5293,-3.0367,4.4110,-2.0560,5.6793,-3.6043,1.5644
1141.50,6.1439,-3.6176,1.5478,-3.0945,4.2969,-2.0339,5.6785,-3.4859,1.5900
1142.00,6.1493,-3.4877,1.5353,-3.1551,4.1805,-2.0503,5.6777,-3.3552,1.5666
1142.50,6.1474,-3.3577,1.5777,-3.2157,4.0563,-2.0030,5.6660,-3.2170,1.6205
1143.00,6.1512,-3.2278,1.5006,-3.2728,3.9428,-2.0849,5.6673,-3.1000,1.5339
1143.50,6.1591,-3.0981,1.5187,-3.3348,3.8316,-2.0606,5.6770,-2.9636,1.5595
1144.00,6.1621,-2.9682,1.5481,-3.3955,3.7151,-2.0303,5.6675,-2.8414,1.5901
1144.50,6.1602,-2.8382,1.6047,-3.4522,3.5962,-1.9771,5.6629,-2.6997,1.6398
1145.00,6.1494,-2.7087,1.6869,-3.4978,3.4729,-1.8898,5.6469,-2.5692,1.7270
1145.50,6.1307,-2.5798,1.7086,-3.5384,3.3438,-1.8659,5.6241,-2.4449,1.7475
1146.00,6.1179,-2.4505,1.6165,-3.5838,3.2138,-1.9617,5.6055,-2.3093,1.6517
1146.50,6.1116,-2.3206,1.6216,-3.6348,3.0923,-1.9538,5.5959,-2.1880,1.6595
1147.00,6.0980,-2.1910,1.6752,-3.6832,2.9638,-1.9006,5.5715,-2.0515,1.7127
1147.50,6.0754,-2.0622,1.7375,-3.7236,2.8322,-1.8326,5.5462,-1.9261,1.7744
1148.00,6.0545,-1.9339,1.7330,-3.7575,2.7080,-1.8400,5.5208,-1.7998,1.7664
1148.50,6.0274,-1.8060,1.7744,-3.7899,2.5814,-1.7963,5.4930,-1.6721,1.8136
1149.00,6.0013,-1.6787,1.7699,-3.8190,2.4545,-1.8031,5.4614,-1.5458,1.7998
1149.50,5.9703,-1.5519,1.8237,-3.8460,2.3250,-1.7446,5.4272,-1.4178,1.8618
1150.00,5.9360,-1.4262,1.8362,-3.8696,2.1868,-1.7326,5.3868,-1.2938,1.8703
1150.50,5.8946,-1.3015,1.8891,-3.8883,2.0547,-1.6799,5.3457,-1.1763,1.9230
1151.00,5.8487,-1.1791,1.9161,-3.8993,1.9217,-1.6512,5.2941,-1.0433,1.9488
1151.50,5.8010,-1.0577,1.9776,-3.9070,1.7898,-1.5887,5.2440,-0.9315,2.0140
1152.00,5.7444,-0.9422,2.1350,-3.9003,1.6564,-1.4306,5.1885,-0.8151,2.1689
1152.50,5.6701,-0.8391,2.3079,-3.8710,1.5317,-1.2548,5.0969,-0.7163,2.3446
1153.00,5.5763,-0.7501,2.4642,-3.8245,1.4193,-1.0968,5.0152,-0.6362,2.4992
1153.50,5.4705,-0.6714,2.5743,-3.7588,1.3079,-0.9869,4.8980,-0.5644,2.6058
1154.00,5.3663,-0.6068,2.7278,-3.6887,1.2153,-0.8326,4.7936,-0.5026,2.7599
1154.50,5.2433,-0.5537,2.8979,-3.5848,1.1215,-0.6582,4.6592,-0.4537,2.9345
1155.00,5.1166,-0.5207,2.9096,-3.4763,1.0406,-0.6453,4.5408,-0.4183,2.9490
1155.50,4.9922,-0.4848,2.7601,-3.3789,0.9574,-0.7964,4.4214,-0.3864,2.7928
1156.00,4.8753,-0.4364,2.6405,-3.2941,0.8574,-0.9170,4.2927,-0.3326,2.6754
1156.50,4.7612,-0.3752,2.6684,-3.2145,0.7543,-0.8893,4.1861,-0.2845,2.7031
1157.00,4.6420,-0.3216,2.8010,-3.1236,0.6565,-0.7513,4.0516,-0.2361,2.8411
1157.50,4.5187,-0.2777,2.8105,-3.0197,0.5627,-0.7401,3.9282,-0.1969,2.8489
1158.00,4.3975,-0.2292,2.7437,-2.9245,0.4680,-0.8103,3.8003,-0.1531,2.7752
1158.50,4.2767,-0.1824,2.8163,-2.8351,0.3786,-0.7373,3.6913,-0.1107,2.8517
1159.00,4.1515,-0.1446,2.8960,-2.7284,0.2918,-0.6520,3.5484,-0.0786,2.9369
1159.50,4.0263,-0.1085,2.8229,-2.6247,0.2079,-0.7259,3.4186,-0.0479,2.8596
1160.00,3.9112,-0.0644,2.7462,-2.5368,0.1231,-0.8034,3.3119,-0.0090,2.7821
1160.50,3.8467,-0.0366,2.7749,-2.4852,0.0705,-0.7718,3.2327,0.0163,2.8137
1161.00,3.8275,-0.0302,2.8328,-2.4685,0.0550,-0.7129,3.2109,0.0232,2.8726
1161.50,3.7644,-0.0350,3.0410,-2.4185,0.0202,-0.4983,3.1507,0.0327,3.0837
1162.00,3.6436,-0.0502,-3.0426,-2.3106,-0.0231,-0.2945,3.0446,0.0055,-2.9992
1162.50,3.5175,-0.0678,-3.0372,-2.1821,-0.0599,-0.2885,2.9045,-0.0260,-2.9999
1163.00,3.4115,-0.0764,3.0577,-2.0755,-0.1003,-0.4780,2.7998,-0.0335,3.0970
1163.50,3.2872,-0.0728,2.8126,-1.9714,-0.1727,-0.7271,2.6840,-0.0213,2.8479
1164.00,3.1686,-0.0364,2.6652,-1.8849,-0.2619,-0.8735,2.5862,-0.0059,2.7018
1164.50,3.0910,0.0059,2.6356,-1.8283,-0.3327,-0.9014,2.4969,0.0336,2.6736
1165.00,3.0669,0.0200,2.6751,-1.8094,-0.3561,-0.8608,2.4599,0.0470,2.7142
1165.50,3.0247,0.0274,2.8153,-1.7797,-0.3860,-0.7174,2.4301,0.0611,2.8541
1166.00,2.9189,0.0281,3.0910,-1.6867,-0.4464,-0.4365,2.3203,0.0668,3.1315
1166.50,2.7892,0.0191,-3.0439,-1.5632,-0.4913,-0.2852,2.1983,0.0366,-3.0038
1167.00,2.6718,0.0077,-3.0890,-1.4559,-0.5234,-0.3304,2.1073,0.0218,-3.0491
1167.50,2.5769,0.0040,2.9581,-1.3689,-0.5635,-0.5678,1.9924,0.0226,2.9967
1168.00,2.4685,0.0168,2.6937,-1.2898,-0.6315,-0.8346,1.8832,0.0331,2.7299
1168.50,2.3561,0.0725,2.5603,-1.2119,-0.7319,-0.9685,1.7603,0.0822,2.5995
1169.00,2.2483,0.1438,2.5675,-1.1364,-0.8429,-0.9606,1.6565,0.1419,2.6074
1169.50,2.1549,0.2030,2.7162,-1.0687,-0.9288,-0.8109,1.5583,0.1919,2.7536
1170.00,2.0349,0.2502,2.9245,-0.9726,-1.0087,-0.5976,1.4387,0.2342,2.9638
1170.50,1.9090,0.2802,2.9810,-0.8629,-1.0771,-0.5398,1.3096,0.2628,3.0212
1171.00,1.8080,0.3034,2.8645,-0.7753,-1.1348,-0.6563,1.2162,0.2798,2.9048
1171.50,1.7008,0.3379,2.6935,-0.6915,-1.2138,-0.8321,1.0974,0.3175,2.7254
1172.00,1.5852,0.3942,2.6551,-0.6063,-1.3122,-0.8710,1.0763,0.4216,2.6808
1172.50,1.4895,0.4466,2.7433,-0.5276,-1.4004,-0.7814,0.9880,0.4695,2.7694
1173.00,1.4009,0.4858,2.9952,-0.4516,-1.4598,-0.5247,0.9070,0.4952,3.0249
1173.50,1.2862,0.5129,-3.0748,-0.3393,-1.5088,-0.3088,0.7845,0.5110,-3.0447
1174.00,1.2166,0.5119,-3.0522,-0.2735,-1.5283,-0.2872,0.7256,0.5230,-3.0277
1174.50,1.1311,0.5131,3.0713,-0.1902,-1.5594,-0.4490,0.6383,0.5213,3.0954
1175.00,1.0044,0.5252,2.9453,-0.0793,-1.6236,-0.5762,0.5094,0.5368,2.9693
1175.50,0.8767,0.5475,2.9686,0.0317,-1.6943,-0.5499,0.3870,0.5561,2.9974
1176.00,0.7491,0.5732,2.9115,0.1473,-1.7682,-0.6074,0.2605,0.5774,2.9375
1176.50,0.6291,0.6077,2.7945,0.2493,-1.8458,-0.7210,0.1343,0.6087,2.8229
1177.00,0.5233,0.6516,2.5752,0.3296,-1.9336,-0.9424,0.0447,0.6574,2.6011
1177.50,0.4205,0.7255,2.4154,0.3947,-2.0418,-1.1019,-0.0685,0.7203,2.4405
1178.00,0.3394,0.8091,2.2311,0.4401,-2.1510,-1.2849,-0.1606,0.8013,2.2564
1178.50,0.2798,0.9124,2.0108,0.4619,-2.2719,-1.5036,-0.2140,0.9035,2.0383
1179.00,0.2287,1.0338,1.8102,0.4564,-2.4047,-1.7062,-0.2475,1.0277,1.8347
1179.50,0.1876,1.1619,1.6200,0.4285,-2.5363,-1.8928,-0.2822,1.1566,1.6484
1180.00,0.1585,1.2824,1.3233,0.3738,-2.6481,-2.1909,-0.3059,1.2696,1.3485
1180.50,0.1767,1.3950,1.0726,0.2931,-2.7353,-2.4412,-0.2871,1.3806,1.0959
1181.00,0.2370,1.4948,0.8575,0.1992,-2.7986,-2.6584,-0.2632,1.4811,0.8788
1181.50,0.3249,1.5822,0.6898,0.0830,-2.8487,-2.8211,-0.1722,1.5765,0.7183
1182.00,0.3994,1.6400,0.4985,-0.0150,-2.8711,-3.0141,-0.0935,1.6345,0.5219
1182.50,0.4261,1.6590,0.4299,-0.0479,-2.8739,-3.0819,-0.0767,1.6504,0.4517
1183.00,0.4261,1.6590,0.4299,-0.0478,-2.8741,-3.0789,-0.0768,1.6505,0.4548
1183.50,0.4261,1.6590,0.4299,-0.0478,-2.8741,-3.0778,-0.0768,1.6505,0.4558
1184.00,0.4261,1.6590,0.4299,-0.0478,-2.8742,-3.0765,-0.0769,1.6505,0.4571
1184.50,0.4261,1.6586,0.4210,-0.0474,-2.8741,-3.0835,-0.0772,1.6504,0.4502
1185.00,0.4261,1.6547,0.3802,-0.0435,-2.8740,-3.1236,-0.0808,1.6487,0.4100
1185.50,0.4260,1.6503,0.3383,-0.0380,-2.8740,3.1186,-0.0859,1.6466,0.3690
1186.00,0.4260,1.6453,0.2952,-0.0326,-2.8743,3.0768,-0.0909,1.6448,0.3272
1186.50,0.4260,1.6399,0.2508,-0.0271,-2.8747,3.0334,-0.0962,1.6431,0.2839
1187.00,0.4259,1.6340,0.2049,-0.0207,-2.8756,2.9882,-0.1024,1.6415,0.2387
1187.50,0.4259,1.6276,0.1576,-0.0147,-2.8767,2.9414,-0.1084,1.6402,0.1919
1188.00,0.4259,1.6207,0.1087,-0.0089,-2.8780,2.8927,-0.1142,1.6392,0.1432
1188.50,0.4259,1.6139,0.0618,-0.0018,-2.8800,2.8461,-0.1216,1.6383,0.0965
1189.00,0.4259,1.6081,0.0225,0.0051,-2.8822,2.8077,-0.1289,1.6377,0.0582
1189.50,0.4259,1.6021,-0.0176,0.0062,-2.8826,2.7685,-0.1300,1.6376,0.0190
1190.00,0.4259,1.5963,-0.0570,0.0009,-2.8803,2.7307,-0.1242,1.6376,-0.0189
1190.50,0.4259,1.5907,-0.0952,-0.0048,-2.8778,2.6933,-0.1180,1.6374,-0.0562
1191.00,0.4259,1.5854,-0.1325,-0.0094,-2.8754,2.6571,-0.1128,1.6370,-0.0925
1191.50,0.4259,1.5804,-0.1687,-0.0138,-2.8730,2.6216,-0.1079,1.6365,-0.1279
1192.00,0.4259,1.5756,-0.2041,-0.0177,-2.8707,2.5874,-0.1034,1.6358,-0.1621
1192.50,0.4259,1.5712,-0.2386,-0.0210,-2.8686,2.5539,-0.0995,1.6351,-0.1956
1193.00,0.4260,1.5668,-0.2750,-0.0249,-2.8659,2.5190,-0.0949,1.6341,-0.2306
1193.50,0.4260,1.5617,-0.3187,-0.0291,-2.8627,2.4757,-0.0898,1.6328,-0.2739
1194.00,0.4260,1.5570,-0.3612,-0.0327,-2.8598,2.4347,-0.0853,1.6315,-0.3149
1194.50,0.4261,1.5528,-0.4024,-0.0362,-2.8566,2.3944,-0.0808,1.6299,-0.3551
1195.00,0.4261,1.5491,-0.4426,-0.0392,-2.8538,2.3551,-0.0771,1.6284,-0.3944
1195.50,0.4262,1.5459,-0.4816,-0.0415,-2.8514,2.3167,-0.0740,1.6271,-0.4329
1196.00,0.4262,1.5431,-0.5197,-0.0435,-2.8492,2.2794,-0.0712,1.6258,-0.4701
1196.50,0.4263,1.5409,-0.5567,-0.0451,-2.8472,2.2430,-0.0690,1.6246,-0.5065
1197.00,0.4263,1.5391,-0.5928,-0.0466,-2.8453,2.2077,-0.0670,1.6234,-0.5419
1197.50,0.4264,1.5377,-0.6279,-0.0475,-2.8440,2.1737,-0.0656,1.6225,-0.5759
1198.00,0.4264,1.5368,-0.6621,-0.0480,-2.8434,2.1406,-0.0650,1.6221,-0.6089
1198.50,0.4265,1.5363,-0.6955,-0.0483,-2.8429,2.1077,-0.0645,1.6218,-0.6419
1199.00,0.4266,1.5362,-0.7280,-0.0484,-2.8426,2.0763,-0.0643,1.6216,-0.6732
1199.50,0.4269,1.5363,-0.7611,-0.0487,-2.8421,2.0444,-0.0638,1.6212,-0.7052
1200.00,0.4271,1.5363,-0.7952,-0.0488,-2.8419,2.0110,-0.0636,1.6210,-0.7386
1200.50,0.4272,1.5361,-0.8288,-0.0490,-2.8415,1.9786,-0.0633,1.6208,-0.7710
1201.00,0.4272,1.5360,-0.8614,-0.0490,-2.8414,1.9472,-0.0632,1.6207,-0.8023
1201.50,0.4270,1.5361,-0.8944,-0.0488,-2.8418,1.9153,-0.0636,1.6210,-0.8343
1202.00,0.4262,1.5361,-0.9282,-0.0485,-2.8428,1.8834,-0.0642,1.6218,-0.8661
1202.50,0.4251,1.5362,-0.9630,-0.0482,-2.8438,1.8491,-0.0649,1.6226,-0.9005
1203.00,0.4234,1.5362,-0.9986,-0.0478,-2.8452,1.8142,-0.0658,1.6238,-0.9353
1203.50,0.4214,1.5363,-1.0352,-0.0476,-2.8464,1.7785,-0.0665,1.6247,-0.9710
1204.00,0.4188,1.5363,-1.0728,-0.0471,-2.8487,1.7416,-0.0678,1.6267,-1.0079
1204.50,0.4161,1.5364,-1.1094,-0.0467,-2.8513,1.7077,-0.0692,1.6290,-1.0418
1205.00,0.4127,1.5364,-1.1490,-0.0464,-2.8538,1.6684,-0.0704,1.6312,-1.0812
1205.50,0.4092,1.5365,-1.1845,-0.0462,-2.8569,1.6330,-0.0718,1.6340,-1.1166
1206.00,0.4060,1.5365,-1.2157,-0.0459,-2.8613,1.6018,-0.0737,1.6379,-1.1478
1206.50,0.4025,1.5365,-1.2476,-0.0459,-2.8648,1.5708,-0.0750,1.6411,-1.1787
1207.00,0.3987,1.5365,-1.2802,-0.0460,-2.8686,1.5391,-0.0764,1.6447,-1.2105
1207.50,0.3946,1.5366,-1.3135,-0.0461,-2.8711,1.5066,-0.0773,1.6470,-1.2430
1208.00,0.3903,1.5366,-1.3476,-0.0465,-2.8759,1.4739,-0.0788,1.6516,-1.2756
1208.50,0.3857,1.5366,-1.3824,-0.0470,-2.8805,1.4400,-0.0800,1.6561,-1.3095
1209.00,0.3808,1.5366,-1.4182,-0.0478,-2.8859,1.4047,-0.0813,1.6614,-1.3448
1209.50,0.3757,1.5366,-1.4549,-0.0488,-2.8912,1.3693,-0.0825,1.6667,-1.3803
1210.00,0.3703,1.5366,-1.4926,-0.0500,-2.8968,1.3329,-0.0834,1.6723,-1.4167
1210.50,0.3646,1.5366,-1.5313,-0.0515,-2.9024,1.2951,-0.0842,1.6780,-1.4544
1211.00,0.3586,1.5366,-1.5712,-0.0534,-2.9086,1.2565,-0.0849,1.6845,-1.4931
1211.50,0.3512,1.5366,-1.6227,-0.0514,-2.9030,1.2058,-0.1445,1.5260,-1.5970
1212.00,0.3438,1.5366,-1.6737,-0.0483,-2.8954,1.1552,-0.1449,1.5178,-1.6476
1212.50,0.3368,1.5366,-1.7228,-0.0453,-2.8890,1.1064,-0.1456,1.5108,-1.6964
1213.00,0.3304,1.5366,-1.7703,-0.0416,-2.8820,1.0599,-0.1468,1.5030,-1.7429
1213.50,0.3244,1.5366,-1.8163,-0.0387,-2.8771,1.0148,-0.1479,1.4974,-1.7880
1214.00,0.3189,1.5365,-1.8609,-0.0362,-2.8732,0.9710,-0.1490,1.4929,-1.8318
1214.50,0.3139,1.5365,-1.9042,-0.0329,-2.8687,0.9291,-0.1506,1.4875,-1.8737
1215.00,0.3094,1.5365,-1.9463,-0.0307,-2.8658,0.8882,-0.1849,1.5222,-1.9179
1215.50,0.3054,1.5364,-1.9871,-0.0271,-2.8616,0.8484,-0.1884,1.5188,-1.9579
1216.00,0.3019,1.5364,-2.0269,-0.0250,-2.8593,0.8094,-0.1896,1.5160,-1.9969
1216.50,0.2988,1.5363,-2.0656,-0.0229,-2.8572,0.7713,-0.1909,1.5133,-2.0350
1217.00,0.2935,1.5279,-2.1246,-0.0153,-2.8502,0.7140,-0.1958,1.5042,-2.0923
1217.50,0.2584,1.4741,-2.2632,0.0351,-2.8133,0.5726,-0.2312,1.4527,-2.2337
1218.00,0.1774,1.3833,-2.3233,0.1419,-2.7502,0.5128,-0.3234,1.3683,-2.2970
1218.50,0.0889,1.2881,-2.3174,0.2593,-2.6832,0.5216,-0.4033,1.2719,-2.2898
1219.00,0.0001,1.1931,-2.3267,0.3740,-2.6182,0.5125,-0.4931,1.1781,-2.2998
1219.50,-0.0889,1.0983,-2.3211,0.4894,-2.5528,0.5195,-0.5898,1.0780,-2.2941
1220.00,-0.1777,1.0034,-2.3243,0.6055,-2.4868,0.5157,-0.6781,0.9792,-2.2984
1220.50,-0.2671,0.9089,-2.3435,0.7224,-2.4212,0.4986,-0.7614,0.8799,-2.3155
1221.00,-0.3615,0.8190,-2.4217,0.8437,-2.3607,0.4215,-0.8560,0.7870,-2.3935
1221.50,-0.4643,0.7380,-2.5793,0.9679,-2.3148,0.2640,-0.9613,0.7074,-2.5528
1222.00,-0.5791,0.6659,-2.7936,1.1057,-2.2915,0.0504,-1.0783,0.6415,-2.7665
1222.50,-0.7047,0.6101,-2.9883,1.2450,-2.2971,-0.1440,-1.2054,0.5915,-2.9611
1223.00,-0.8343,0.5801,-3.1337,1.3737,-2.3269,-0.2920,-1.3404,0.5558,-3.1082
1223.50,-0.9642,0.5768,-3.0881,1.5058,-2.3652,-0.2444,-1.4891,0.5286,-3.0617
1224.00,-1.0932,0.5661,-2.9481,1.6436,-2.3898,-0.1036,-1.6095,0.5081,-2.9203
1224.50,-1.2193,0.5450,-2.8531,1.7746,-2.3968,-0.0043,-1.7294,0.4829,-2.8217
1225.00,-1.3439,0.5099,-2.8692,1.9029,-2.3973,-0.0211,-1.8573,0.4522,-2.8433
1225.50,-1.4691,0.4752,-2.8624,2.0349,-2.4002,-0.0109,-1.9887,0.4135,-2.8325
1226.00,-1.5950,0.4438,-2.9343,2.1717,-2.4055,-0.0847,-2.1153,0.3770,-2.9082
1226.50,-1.7225,0.4181,-2.9317,2.3005,-2.4176,-0.0780,-2.2291,0.3502,-2.8996
1227.00,-1.8496,0.3909,-2.9273,2.4388,-2.4286,-0.0751,-2.3654,0.3169,-2.9002
1227.50,-1.9758,0.3570,-2.8621,2.5684,-2.4344,-0.0075,-2.4884,0.2848,-2.8328
1228.00,-2.1006,0.3205,-2.8814,2.7053,-2.4349,-0.0243,-2.6148,0.2426,-2.8511
1228.50,-2.2272,0.2917,-2.9222,2.8346,-2.4424,-0.0677,-2.7357,0.2100,-2.8947
1229.00,-2.3533,0.2572,-2.8680,2.9637,-2.4480,-0.0125,-2.8582,0.1754,-2.8386
1229.50,-2.4774,0.2136,-2.8101,3.0994,-2.4457,0.0469,-2.9918,0.1313,-2.7813
1230.00,-2.6005,0.1720,-2.8452,3.2338,-2.4398,0.0139,-3.1130,0.0842,-2.8156
1230.50,-2.7260,0.1387,-2.8896,3.3661,-2.4427,-0.0338,-3.2335,0.0463,-2.8634
1231.00,-2.8520,0.1070,-2.8977,3.4975,-2.4472,-0.0395,-3.3561,0.0101,-2.8719
1231.50,-2.9775,0.0697,-2.8437,3.6313,-2.4495,0.0158,-3.4872,-0.0246,-2.8155
1232.00,-3.1013,0.0290,-2.8460,3.7575,-2.4458,0.0172,-3.6011,-0.0735,-2.8173
1232.50,-3.2267,-0.0039,-2.8850,3.8852,-2.4476,-0.0242,-3.7288,-0.1085,-2.8586
1233.00,-3.3520,-0.0390,-2.8819,4.0235,-2.4489,-0.0177,-3.8516,-0.1492,-2.8515
1233.50,-3.4779,-0.0712,-2.8767,4.1628,-2.4523,-0.0134,-3.9814,-0.1817,-2.8489
1234.00,-3.6026,-0.1090,-2.8543,4.3031,-2.4509,0.0120,-4.1091,-0.2249,-2.8248
1234.50,-3.7272,-0.1479,-2.8388,4.4343,-2.4489,0.0275,-4.2256,-0.2625,-2.8094
1235.00,-3.8508,-0.1897,-2.8342,4.5736,-2.4433,0.0355,-4.3551,-0.3102,-2.8014
1235.50,-3.9762,-0.2229,-2.9053,4.7110,-2.4443,-0.0388,-4.4822,-0.3484,-2.8786
1236.00,-4.1024,-0.2539,-2.9087,4.8433,-2.4484,-0.0390,-4.6017,-0.3819,-2.8768
1236.50,-4.2290,-0.2843,-2.8948,4.9799,-2.4539,-0.0247,-4.7257,-0.4158,-2.8653
1237.00,-4.3542,-0.3212,-2.8648,5.1131,-2.4536,0.0094,-4.8449,-0.4529,-2.8324
1237.50,-4.4802,-0.3519,-2.9042,5.2497,-2.4563,-0.0334,-4.9746,-0.4906,-2.8767
1238.00,-4.6058,-0.3868,-2.8662,5.3776,-2.4573,0.0075,-5.0905,-0.5239,-2.8353
1238.50,-4.7304,-0.4272,-2.8347,5.5107,-2.4546,0.0406,-5.2109,-0.5657,-2.8047
1239.00,-4.8535,-0.4722,-2.8091,5.6436,-2.4463,0.0696,-5.3346,-0.6140,-2.7762
1239.50,-4.9777,-0.5089,-2.8675,5.7768,-2.4416,0.0081,-5.4608,-0.6602,-2.8407
1240.00,-5.1022,-0.5477,-2.8273,5.9130,-2.4377,0.0530,-5.5883,-0.7034,-2.7953
1240.50,-5.2250,-0.5925,-2.7732,6.0471,-2.4282,0.1064,-5.7036,-0.7499,-2.7439
1241.00,-5.3443,-0.6464,-2.6919,6.1761,-2.4093,0.1898,-5.8197,-0.8037,-2.6605
1241.50,-5.4583,-0.7095,-2.5806,6.3067,-2.3770,0.3029,-5.9299,-0.8722,-2.5504
1242.00,-5.5635,-0.7830,-2.4336,6.4306,-2.3284,0.4511,-6.0377,-0.9541,-2.4036
1242.50,-5.6498,-0.8712,-2.2380,6.5382,-2.2634,0.6487,-6.1234,-1.0417,-2.2065
1243.00,-5.7238,-0.9758,-2.0245,6.6295,-2.1793,0.8621,-6.1862,-1.1454,-1.9954
1243.50,-5.7891,-1.0932,-1.7863,6.7076,-2.0640,1.0992,-6.2369,-1.2779,-1.7583
1244.00,-5.8409,-1.2083,-1.4721,6.7461,-1.9475,1.4175,-6.2658,-1.3803,-1.4406
1244.50,-5.8400,-1.3352,-1.2854,6.7524,-1.8215,1.6055,-6.2727,-1.5032,-1.2533
1245.00,-5.8047,-1.4586,-1.2735,6.7457,-1.6944,1.6183,-6.2572,-1.6252,-1.2426
1245.50,-5.7715,-1.5465,-1.4316,6.7465,-1.5976,1.4593,-6.2311,-1.7184,-1.4016
1246.00,-5.7460,-1.6338,-1.7521,6.7704,-1.5110,1.1350,-6.2194,-1.8072,-1.7252
1246.50,-5.7581,-1.7552,-1.9609,6.8348,-1.4061,0.9247,-6.2317,-1.9244,-1.9327
1247.00,-5.8029,-1.8634,-2.0013,6.9108,-1.3118,0.8846,-6.2483,-2.0362,-1.9721
1247.50,-5.8375,-1.9384,-1.8880,6.9615,-1.2445,0.9982,-6.2724,-2.1151,-1.8585
1248.00,-5.8636,-2.0249,-1.6033,7.0026,-1.1567,1.2852,-6.2900,-2.2009,-1.5715
1248.50,-5.8750,-2.1495,-1.3814,7.0224,-1.0309,1.5110,-6.2846,-2.3272,-1.3485
1249.00,-5.8544,-2.2663,-1.3516,7.0263,-0.9082,1.5418,-6.2752,-2.4442,-1.3198
1249.50,-5.8366,-2.3705,-1.5024,7.0361,-0.7973,1.3917,-6.2565,-2.5536,-1.4706
1250.00,-5.8278,-2.4953,-1.7622,7.0761,-0.6765,1.1263,-6.2655,-2.6708,-1.7366
1250.50,-5.8455,-2.6103,-1.8475,7.1319,-0.5735,1.0413,-6.2692,-2.7852,-1.8189
1251.00,-5.8678,-2.7000,-1.7625,7.1795,-0.4867,1.1271,-6.2807,-2.8819,-1.7338
1251.50,-5.8805,-2.8145,-1.5925,7.2186,-0.3771,1.3034,-6.2879,-2.9904,-1.5569
1252.00,-5.8838,-2.9445,-1.5904,7.2540,-0.2408,1.3043,-6.2900,-3.1293,-1.5608
1252.50,-5.8910,-3.0744,-1.6154,7.2901,-0.1164,1.2790,-6.2908,-3.2507,-1.5868
1253.00,-5.8971,-3.2043,-1.6109,7.3306,0.0177,1.2813,-6.2951,-3.3849,-1.5835
1253.50,-5.8978,-3.3342,-1.5800,7.3649,0.1453,1.3157,-6.2934,-3.5088,-1.5487
1254.00,-5.9034,-3.4642,-1.6057,7.4023,0.2789,1.2881,-6.2907,-3.6478,-1.5778
1254.50,-5.9042,-3.5942,-1.5783,7.4368,0.4096,1.3205,-6.2889,-3.7748,-1.5449
1255.00,-5.9046,-3.7241,-1.5463,7.4701,0.5393,1.3491,-6.2837,-3.9004,-1.5163
1255.50,-5.8964,-3.8539,-1.4964,7.4939,0.6657,1.4028,-6.2739,-4.0285,-1.4634
1256.00,-5.8906,-3.9837,-1.5289,7.5186,0.7918,1.3661,-6.2614,-4.1566,-1.5028
1256.50,-5.8791,-4.1133,-1.4624,7.5409,0.9238,1.4354,-6.2474,-4.2898,-1.4308
1257.00,-5.8583,-4.2422,-1.4059,7.5565,1.0613,1.4912,-6.2249,-4.4181,-1.3763
1257.50,-5.8291,-4.3696,-1.3504,7.5626,1.1958,1.5497,-6.1943,-4.5492,-1.3170
1258.00,-5.8003,-4.4909,-1.3420,7.5646,1.3230,1.5594,-6.1574,-4.6623,-1.3091
1258.50,-5.7798,-4.5834,-1.4340,7.5696,1.4223,1.4643,-6.1354,-4.7592,-1.4041
1259.00,-5.7698,-4.6534,-1.4756,7.5786,1.4952,1.4250,-6.1246,-4.8219,-1.4434
1259.50,-5.7685,-4.7063,-1.5163,7.5880,1.5508,1.3825,-6.1186,-4.8779,-1.4860
1260.00,-5.7632,-4.7170,-1.4714,7.5907,1.5661,1.4313,-6.1172,-4.8934,-1.4371
1260.50,-5.7562,-4.7170,-1.4221,7.5917,1.5744,1.4816,-6.1159,-4.9016,-1.3868
1261.00,-5.7497,-4.7171,-1.3745,7.5921,1.5800,1.5298,-6.1147,-4.9071,-1.3387
1261.50,-5.7437,-4.7171,-1.3284,7.5922,1.5851,1.5766,-6.1134,-4.9121,-1.2918
1262.00,-5.7382,-4.7171,-1.2837,7.5921,1.5890,1.6222,-6.1123,-4.9158,-1.2462
1262.50,-5.7332,-4.7172,-1.2403,7.5917,1.5943,1.6665,-6.0892,-4.8904,-1.2089
1263.00,-5.7287,-4.7172,-1.1982,7.5911,1.5999,1.7093,-6.0871,-4.8956,-1.1661
1263.50,-5.7246,-4.7172,-1.1572,7.5904,1.6038,1.7514,-6.0855,-4.8993,-1.1240
1264.00,-5.7210,-4.7173,-1.1174,7.5899,1.6064,1.7921,-6.0843,-4.9016,-1.0833
1264.50,-5.7180,-4.7173,-1.0786,7.5893,1.6089,1.8318,-6.0830,-4.9039,-1.0435
1265.00,-5.7153,-4.7174,-1.0409,7.5887,1.6110,1.8703,-6.0820,-4.9057,-1.0051
1265.50,-5.7132,-4.7174,-1.0041,7.5879,1.6134,1.9079,-6.0805,-4.9079,-0.9675
1266.00,-5.7115,-4.7175,-0.9683,7.5876,1.6143,1.9443,-6.0800,-4.9087,-0.9311
1266.50,-5.7103,-4.7175,-0.9334,7.5874,1.6150,1.9797,-6.0796,-4.9092,-0.8957
1267.00,-5.7095,-4.7176,-0.8994,7.5870,1.6158,2.0142,-6.0790,-4.9099,-0.8611
1267.50,-5.7091,-4.7176,-0.8663,7.5866,1.6166,2.0482,-6.0784,-4.9106,-0.8272
1268.00,-5.7091,-4.7176,-0.8338,7.5866,1.6165,2.0813,-6.0785,-4.9105,-0.7941
1268.50,-5.7092,-4.7173,-0.8004,7.5868,1.6162,2.1156,-6.0788,-4.9102,-0.7598
1269.00,-5.7093,-4.7173,-0.7662,7.5868,1.6162,2.1503,-6.0787,-4.9102,-0.7251
1269.50,-5.7097,-4.7174,-0.7330,7.5871,1.6158,2.1843,-6.0791,-4.9099,-0.6911
1270.00,-5.7098,-4.7174,-0.7004,7.5871,1.6157,2.2176,-6.0792,-4.9099,-0.6578
1270.50,-5.7099,-4.7170,-0.6672,7.5874,1.6154,2.2511,-6.0795,-4.9096,-0.6243
1271.00,-5.7099,-4.7161,-0.6331,7.5875,1.6153,2.2862,-6.0796,-4.9095,-0.5892
1271.50,-5.7100,-4.7148,-0.5981,7.5882,1.6145,2.3222,-6.0805,-4.9090,-0.5532
1272.00,-5.7100,-4.7131,-0.5622,7.5890,1.6136,2.3594,-6.0816,-4.9083,-0.5160
1272.50,-5.7101,-4.7109,-0.5253,7.5908,1.6119,2.3979,-6.0837,-4.9072,-0.4775
1273.00,-5.7101,-4.7087,-0.4936,7.5920,1.6109,2.4305,-6.0851,-4.9065,-0.4449
1273.50,-5.7102,-4.7063,-0.4608,7.5941,1.6092,2.4642,-6.0876,-4.9053,-0.4112
1274.00,-5.7102,-4.7037,-0.4312,7.5964,1.6074,2.4939,-6.0903,-4.9042,-0.3814
1274.50,-5.7102,-4.7009,-0.4009,7.5992,1.6053,2.5255,-6.0935,-4.9030,-0.3499
1275.00,-5.7103,-4.6978,-0.3700,7.6011,1.6040,2.5573,-6.0957,-4.9022,-0.3181
1275.50,-5.7103,-4.6944,-0.3385,7.6035,1.6024,2.5900,-6.0985,-4.9013,-0.2853
1276.00,-5.7103,-4.6907,-0.3063,7.6067,1.6005,2.6231,-6.1021,-4.9003,-0.2522
1276.50,-5.7104,-4.6857,-0.2633,7.6116,1.5979,2.6654,-6.1074,-4.8991,-0.2100
1277.00,-5.7104,-4.6799,-0.2179,7.6161,1.5957,2.7121,-6.1124,-4.8981,-0.1633
1277.50,-5.7104,-4.6736,-0.1710,7.6225,1.5929,2.7596,-6.1193,-4.8972,-0.1158
1278.00,-5.7104,-4.6669,-0.1225,7.6289,1.5905,2.8088,-6.1261,-4.8965,-0.0666
1278.50,-5.7105,-4.6597,-0.0723,7.6354,1.5885,2.8600,-6.1329,-4.8963,-0.0154
1279.00,-5.7105,-4.6520,-0.0202,7.6431,1.5865,2.9124,-6.0773,-4.8276,0.0116
1279.50,-5.7105,-4.6440,0.0332,7.6415,1.5867,2.9664,-6.0692,-4.8205,0.0631
1280.00,-5.7104,-4.6364,0.0849,7.6330,1.5880,3.0189,-6.0606,-4.8197,0.1156
1280.50,-5.7104,-4.6309,0.1235,7.6266,1.5886,3.0600,-6.0542,-4.8188,0.1567
1281.00,-5.7104,-4.6309,0.1235,7.6266,1.5886,3.0599,-6.0542,-4.8188,0.1566
1281.50,-5.7104,-4.6309,0.1235,7.6266,1.5886,3.0604,-6.0542,-4.8189,0.1571
1282.00,-5.7104,-4.6309,0.1235,7.6266,1.5886,3.0606,-6.0542,-4.8189,0.1573
1282.50,-5.7104,-4.6309,0.1241,7.6266,1.5886,3.0617,-6.0542,-4.8189,0.1584
1283.00,-5.7104,-4.6264,0.1687,7.6216,1.5889,3.1080,-6.0494,-4.8179,0.2047
1283.50,-5.7104,-4.6202,0.2157,7.6150,1.5890,-3.1278,-6.0429,-4.8164,0.2521
1284.00,-5.7104,-4.6144,0.2612,7.6089,1.5887,-3.0814,-6.0370,-4.8148,0.2985
1284.50,-5.7103,-4.6090,0.3053,7.6033,1.5883,-3.0364,-6.0317,-4.8130,0.3435
1285.00,-5.7103,-4.6042,0.3482,7.5996,1.5878,-2.9925,-6.0282,-4.8117,0.3873
1285.50,-5.7103,-4.5999,0.3898,7.5948,1.5870,-2.9498,-6.0238,-4.8098,0.4301
1286.00,-5.7102,-4.5960,0.4303,7.5926,1.5865,-2.9081,-6.0590,-4.7707,0.4623
1286.50,-5.7102,-4.5927,0.4697,7.5888,1.5855,-2.8680,-6.0591,-4.7651,0.5014
1287.00,-5.7101,-4.5898,0.5080,7.5863,1.5848,-2.8288,-6.0569,-4.7638,0.5406
1287.50,-5.7101,-4.5874,0.5453,7.5836,1.5839,-2.7909,-6.0545,-4.7623,0.5785
1288.00,-5.7100,-4.5854,0.5817,7.5812,1.5829,-2.7539,-6.0524,-4.7609,0.6155
1288.50,-5.7100,-4.5839,0.6171,7.5800,1.5824,-2.7178,-6.0512,-4.7601,0.6516
