[INFO] [launch]: All log files can be found below /root/.ros/log/2026-07-13-22-56-29-336381-13727b129820-503
[INFO] [launch]: Default logging verbosity is set to INFO
[INFO] [controller_server-1]: process started with pid [571]
[INFO] [planner_server-2]: process started with pid [573]
[INFO] [behavior_server-3]: process started with pid [575]
[INFO] [bt_navigator-4]: process started with pid [577]
[INFO] [waypoint_follower-5]: process started with pid [579]
[INFO] [lifecycle_manager-6]: process started with pid [581]
[INFO] [controller_server-7]: process started with pid [583]
[INFO] [planner_server-8]: process started with pid [585]
[INFO] [behavior_server-9]: process started with pid [587]
[INFO] [bt_navigator-10]: process started with pid [589]
[INFO] [waypoint_follower-11]: process started with pid [591]
[INFO] [lifecycle_manager-12]: process started with pid [593]
[lifecycle_manager-6] [INFO] [1783983390.443057758] [leo1.lifecycle_manager_navigation]: Creating
[waypoint_follower-5] [INFO] [1783983390.443340333] [leo1.waypoint_follower]: 
[waypoint_follower-5] 	waypoint_follower lifecycle node launched. 
[waypoint_follower-5] 	Waiting on external lifecycle transitions to activate
[waypoint_follower-5] 	See https://design.ros2.org/articles/node_lifecycle.html for more information.
[lifecycle_manager-6] [INFO] [1783983390.461307279] [leo1.lifecycle_manager_navigation]: [34m[1mCreating and initializing lifecycle service clients[0m[0m
[waypoint_follower-11] [INFO] [1783983390.463480478] [leo2.waypoint_follower]: 
[waypoint_follower-11] 	waypoint_follower lifecycle node launched. 
[waypoint_follower-11] 	Waiting on external lifecycle transitions to activate
[waypoint_follower-11] 	See https://design.ros2.org/articles/node_lifecycle.html for more information.
[planner_server-2] [INFO] [1783983390.474801995] [leo1.planner_server]: 
[planner_server-2] 	planner_server lifecycle node launched. 
[planner_server-2] 	Waiting on external lifecycle transitions to activate
[planner_server-2] 	See https://design.ros2.org/articles/node_lifecycle.html for more information.
[controller_server-7] [INFO] [1783983390.488458441] [leo2.controller_server]: 
[controller_server-7] 	controller_server lifecycle node launched. 
[controller_server-7] 	Waiting on external lifecycle transitions to activate
[controller_server-7] 	See https://design.ros2.org/articles/node_lifecycle.html for more information.
[planner_server-8] [INFO] [1783983390.490131200] [leo2.planner_server]: 
[planner_server-8] 	planner_server lifecycle node launched. 
[planner_server-8] 	Waiting on external lifecycle transitions to activate
[planner_server-8] 	See https://design.ros2.org/articles/node_lifecycle.html for more information.
[controller_server-1] [INFO] [1783983390.491752425] [leo1.controller_server]: 
[controller_server-1] 	controller_server lifecycle node launched. 
[controller_server-1] 	Waiting on external lifecycle transitions to activate
[controller_server-1] 	See https://design.ros2.org/articles/node_lifecycle.html for more information.
[lifecycle_manager-12] [INFO] [1783983390.504103863] [leo2.lifecycle_manager_navigation]: Creating
[lifecycle_manager-12] [INFO] [1783983390.532138539] [leo2.lifecycle_manager_navigation]: [34m[1mCreating and initializing lifecycle service clients[0m[0m
[bt_navigator-4] [INFO] [1783983390.547670636] [leo1.bt_navigator]: 
[bt_navigator-4] 	bt_navigator lifecycle node launched. 
[bt_navigator-4] 	Waiting on external lifecycle transitions to activate
[bt_navigator-4] 	See https://design.ros2.org/articles/node_lifecycle.html for more information.
[bt_navigator-4] [INFO] [1783983390.548086796] [leo1.bt_navigator]: Creating
[behavior_server-3] [INFO] [1783983390.571604610] [leo1.behavior_server]: 
[behavior_server-3] 	behavior_server lifecycle node launched. 
[behavior_server-3] 	Waiting on external lifecycle transitions to activate
[behavior_server-3] 	See https://design.ros2.org/articles/node_lifecycle.html for more information.
[behavior_server-9] [INFO] [1783983390.578064030] [leo2.behavior_server]: 
[behavior_server-9] 	behavior_server lifecycle node launched. 
[behavior_server-9] 	Waiting on external lifecycle transitions to activate
[behavior_server-9] 	See https://design.ros2.org/articles/node_lifecycle.html for more information.
[bt_navigator-10] [INFO] [1783983390.585361886] [leo2.bt_navigator]: 
[bt_navigator-10] 	bt_navigator lifecycle node launched. 
[bt_navigator-10] 	Waiting on external lifecycle transitions to activate
[bt_navigator-10] 	See https://design.ros2.org/articles/node_lifecycle.html for more information.
[bt_navigator-10] [INFO] [1783983390.585457133] [leo2.bt_navigator]: Creating
[lifecycle_manager-6] [INFO] [1783983390.595188146] [leo1.lifecycle_manager_navigation]: [34m[1mStarting managed nodes bringup...[0m[0m
[lifecycle_manager-6] [INFO] [1783983390.595281356] [leo1.lifecycle_manager_navigation]: [34m[1mConfiguring controller_server[0m[0m
[waypoint_follower-5] [INFO] [1783983390.619042285] [leo1.waypoint_follower]: Creating
[waypoint_follower-11] [INFO] [1783983390.626854129] [leo2.waypoint_follower]: Creating
[lifecycle_manager-12] [INFO] [1783983390.678465862] [leo2.lifecycle_manager_navigation]: [34m[1mStarting managed nodes bringup...[0m[0m
[lifecycle_manager-12] [INFO] [1783983390.678655758] [leo2.lifecycle_manager_navigation]: [34m[1mConfiguring controller_server[0m[0m
[planner_server-8] [INFO] [1783983390.950265343] [leo2.planner_server]: Creating
[planner_server-2] [INFO] [1783983390.950871874] [leo1.planner_server]: Creating
[planner_server-8] [INFO] [1783983390.961391191] [leo2.global_costmap.global_costmap]: 
[planner_server-8] 	global_costmap lifecycle node launched. 
[planner_server-8] 	Waiting on external lifecycle transitions to activate
[planner_server-8] 	See https://design.ros2.org/articles/node_lifecycle.html for more information.
[planner_server-2] [INFO] [1783983390.963994145] [leo1.global_costmap.global_costmap]: 
[planner_server-2] 	global_costmap lifecycle node launched. 
[planner_server-2] 	Waiting on external lifecycle transitions to activate
[planner_server-2] 	See https://design.ros2.org/articles/node_lifecycle.html for more information.
[planner_server-8] [INFO] [1783983391.053314812] [leo2.global_costmap.global_costmap]: Creating Costmap
[planner_server-2] [INFO] [1783983391.053546007] [leo1.global_costmap.global_costmap]: Creating Costmap
[controller_server-7] [INFO] [1783983391.652084536] [leo2.controller_server]: Creating controller server
[controller_server-1] [INFO] [1783983391.652555827] [leo1.controller_server]: Creating controller server
[controller_server-7] [INFO] [1783983391.663789631] [leo2.local_costmap.local_costmap]: 
[controller_server-7] 	local_costmap lifecycle node launched. 
[controller_server-7] 	Waiting on external lifecycle transitions to activate
[controller_server-7] 	See https://design.ros2.org/articles/node_lifecycle.html for more information.
[controller_server-1] [INFO] [1783983391.667102619] [leo1.local_costmap.local_costmap]: 
[controller_server-1] 	local_costmap lifecycle node launched. 
[controller_server-1] 	Waiting on external lifecycle transitions to activate
[controller_server-1] 	See https://design.ros2.org/articles/node_lifecycle.html for more information.
[controller_server-7] [INFO] [1783983391.758062729] [leo2.local_costmap.local_costmap]: Creating Costmap
[controller_server-1] [INFO] [1783983391.758629242] [leo1.local_costmap.local_costmap]: Creating Costmap
[controller_server-7] [INFO] [1783983391.763844386] [leo2.controller_server]: Configuring controller interface
[controller_server-7] [INFO] [1783983391.764124813] [leo2.controller_server]: getting goal checker plugins..
[controller_server-7] [INFO] [1783983391.764412306] [leo2.controller_server]: Controller frequency set to 20.0000Hz
[controller_server-7] [INFO] [1783983391.764444102] [leo2.local_costmap.local_costmap]: Configuring
[controller_server-1] [INFO] [1783983391.764145454] [leo1.controller_server]: Configuring controller interface
[controller_server-1] [INFO] [1783983391.764384624] [leo1.controller_server]: getting goal checker plugins..
[controller_server-1] [INFO] [1783983391.764645560] [leo1.controller_server]: Controller frequency set to 20.0000Hz
[controller_server-1] [INFO] [1783983391.764680251] [leo1.local_costmap.local_costmap]: Configuring
[controller_server-1] [INFO] [1783983391.779826550] [leo1.local_costmap.local_costmap]: Using plugin "obstacle_layer"
[controller_server-7] [INFO] [1783983391.779826344] [leo2.local_costmap.local_costmap]: Using plugin "obstacle_layer"
[controller_server-1] [INFO] [1783983391.823453753] [leo1.local_costmap.local_costmap]: Subscribed to Topics: scan camera
[controller_server-7] [INFO] [1783983391.823693461] [leo2.local_costmap.local_costmap]: Subscribed to Topics: scan camera
[controller_server-1] [INFO] [1783983391.834020196] [leo1.local_costmap.local_costmap]: Initialized plugin "obstacle_layer"
[controller_server-1] [INFO] [1783983391.834054153] [leo1.local_costmap.local_costmap]: Using plugin "inflation_layer"
[controller_server-7] [INFO] [1783983391.835224275] [leo2.local_costmap.local_costmap]: Initialized plugin "obstacle_layer"
[controller_server-7] [INFO] [1783983391.835246022] [leo2.local_costmap.local_costmap]: Using plugin "inflation_layer"
[controller_server-1] [INFO] [1783983391.835582073] [leo1.local_costmap.local_costmap]: Initialized plugin "inflation_layer"
[controller_server-7] [INFO] [1783983391.836526984] [leo2.local_costmap.local_costmap]: Initialized plugin "inflation_layer"
[controller_server-1] [INFO] [1783983391.886690796] [leo1.controller_server]: Created progress_checker : progress_checker of type nav2_controller::PoseProgressChecker
[controller_server-7] [INFO] [1783983391.887384351] [leo2.controller_server]: Created progress_checker : progress_checker of type nav2_controller::PoseProgressChecker
[controller_server-7] [INFO] [1783983391.921331305] [leo2.controller_server]: Created goal checker : general_goal_checker of type nav2_controller::SimpleGoalChecker
[controller_server-1] [INFO] [1783983391.921786614] [leo1.controller_server]: Created goal checker : general_goal_checker of type nav2_controller::SimpleGoalChecker
[controller_server-7] [INFO] [1783983391.922408730] [leo2.controller_server]: Controller Server has general_goal_checker  goal checkers available.
[controller_server-1] [INFO] [1783983391.922789021] [leo1.controller_server]: Controller Server has general_goal_checker  goal checkers available.
[controller_server-7] [INFO] [1783983392.282591594] [leo2.controller_server]: Created controller : FollowPath of type nav2_rotation_shim_controller::RotationShimController
[controller_server-1] [INFO] [1783983392.282755762] [leo1.controller_server]: Created controller : FollowPath of type nav2_rotation_shim_controller::RotationShimController
[controller_server-1] [INFO] [1783983392.319735981] [leo1.controller_server]: Created internal controller for rotation shimming: FollowPath of type nav2_regulated_pure_pursuit_controller::RegulatedPurePursuitController
[controller_server-7] [INFO] [1783983392.320423975] [leo2.controller_server]: Created internal controller for rotation shimming: FollowPath of type nav2_regulated_pure_pursuit_controller::RegulatedPurePursuitController
[controller_server-1] [INFO] [1783983392.326780999] [leo1.controller_server]: Controller Server has FollowPath  controllers available.
[controller_server-7] [INFO] [1783983392.327541429] [leo2.controller_server]: Controller Server has FollowPath  controllers available.
[lifecycle_manager-12] [INFO] [1783983392.334681452] [leo2.lifecycle_manager_navigation]: [34m[1mConfiguring planner_server[0m[0m
[planner_server-8] [INFO] [1783983392.335114168] [leo2.planner_server]: Configuring
[planner_server-8] [INFO] [1783983392.335145600] [leo2.global_costmap.global_costmap]: Configuring
[lifecycle_manager-6] [INFO] [1783983392.335421730] [leo1.lifecycle_manager_navigation]: [34m[1mConfiguring planner_server[0m[0m
[planner_server-2] [INFO] [1783983392.335736787] [leo1.planner_server]: Configuring
[planner_server-2] [INFO] [1783983392.335768358] [leo1.global_costmap.global_costmap]: Configuring
[planner_server-8] [INFO] [1783983392.351816057] [leo2.global_costmap.global_costmap]: Using plugin "static_layer"
[planner_server-2] [INFO] [1783983392.352619362] [leo1.global_costmap.global_costmap]: Using plugin "static_layer"
[planner_server-8] [INFO] [1783983392.402725343] [leo2.global_costmap.global_costmap]: Subscribing to the map topic (/leo2/map) with transient local durability
[planner_server-2] [INFO] [1783983392.402996642] [leo1.global_costmap.global_costmap]: Subscribing to the map topic (/leo1/map) with transient local durability
[planner_server-2] [INFO] [1783983392.406628756] [leo1.global_costmap.global_costmap]: Subscribing to updates
[planner_server-8] [INFO] [1783983392.407270358] [leo2.global_costmap.global_costmap]: Subscribing to updates
[planner_server-2] [INFO] [1783983392.413055809] [leo1.global_costmap.global_costmap]: Initialized plugin "static_layer"
[planner_server-2] [INFO] [1783983392.413088938] [leo1.global_costmap.global_costmap]: Using plugin "obstacle_layer"
[planner_server-8] [INFO] [1783983392.413325553] [leo2.global_costmap.global_costmap]: Initialized plugin "static_layer"
[planner_server-8] [INFO] [1783983392.413347635] [leo2.global_costmap.global_costmap]: Using plugin "obstacle_layer"
[planner_server-2] [INFO] [1783983392.414313845] [leo1.global_costmap.global_costmap]: Subscribed to Topics: scan camera
[planner_server-8] [INFO] [1783983392.414863132] [leo2.global_costmap.global_costmap]: Subscribed to Topics: scan camera
[planner_server-2] [INFO] [1783983392.422800803] [leo1.global_costmap.global_costmap]: Initialized plugin "obstacle_layer"
[planner_server-2] [INFO] [1783983392.422836705] [leo1.global_costmap.global_costmap]: Using plugin "inflation_layer"
[planner_server-8] [INFO] [1783983392.423261145] [leo2.global_costmap.global_costmap]: Initialized plugin "obstacle_layer"
[planner_server-8] [INFO] [1783983392.423283331] [leo2.global_costmap.global_costmap]: Using plugin "inflation_layer"
[planner_server-8] [INFO] [1783983392.423884412] [leo2.global_costmap.global_costmap]: Initialized plugin "inflation_layer"
[planner_server-2] [INFO] [1783983392.423956959] [leo1.global_costmap.global_costmap]: Initialized plugin "inflation_layer"
[planner_server-8] [INFO] [1783983392.432799074] [leo2.global_costmap.global_costmap]: StaticLayer: Resizing costmap to 476 X 181 at 0.050000 m/pix
[planner_server-2] [INFO] [1783983392.432853772] [leo1.global_costmap.global_costmap]: StaticLayer: Resizing costmap to 476 X 206 at 0.050000 m/pix
[planner_server-8] [INFO] [1783983392.469575508] [leo2.planner_server]: Created global planner plugin GridBased of type nav2_navfn_planner/NavfnPlanner
[planner_server-8] [INFO] [1783983392.469619765] [leo2.planner_server]: Configuring plugin GridBased of type NavfnPlanner
[planner_server-2] [INFO] [1783983392.470255211] [leo1.planner_server]: Created global planner plugin GridBased of type nav2_navfn_planner/NavfnPlanner
[planner_server-2] [INFO] [1783983392.470282254] [leo1.planner_server]: Configuring plugin GridBased of type NavfnPlanner
[planner_server-8] [INFO] [1783983392.470843531] [leo2.planner_server]: Planner Server has GridBased  planners available.
[planner_server-2] [INFO] [1783983392.471440203] [leo1.planner_server]: Planner Server has GridBased  planners available.
[lifecycle_manager-6] [INFO] [1783983392.482016137] [leo1.lifecycle_manager_navigation]: [34m[1mConfiguring behavior_server[0m[0m
[behavior_server-3] [INFO] [1783983392.482267893] [leo1.behavior_server]: Configuring
[lifecycle_manager-12] [INFO] [1783983392.482432462] [leo2.lifecycle_manager_navigation]: [34m[1mConfiguring behavior_server[0m[0m
[behavior_server-9] [INFO] [1783983392.482714461] [leo2.behavior_server]: Configuring
[behavior_server-9] [INFO] [1783983392.510117453] [leo2.behavior_server]: Creating behavior plugin spin of type nav2_behaviors/Spin
[behavior_server-3] [INFO] [1783983392.511317618] [leo1.behavior_server]: Creating behavior plugin spin of type nav2_behaviors/Spin
[behavior_server-3] [INFO] [1783983392.550548391] [leo1.behavior_server]: Configuring spin
[behavior_server-9] [INFO] [1783983392.550844879] [leo2.behavior_server]: Configuring spin
[behavior_server-9] [INFO] [1783983392.558504769] [leo2.behavior_server]: Creating behavior plugin backup of type nav2_behaviors/BackUp
[behavior_server-3] [INFO] [1783983392.559613886] [leo1.behavior_server]: Creating behavior plugin backup of type nav2_behaviors/BackUp
[behavior_server-9] [INFO] [1783983392.593769740] [leo2.behavior_server]: Configuring backup
[behavior_server-3] [INFO] [1783983392.593954356] [leo1.behavior_server]: Configuring backup
[behavior_server-9] [INFO] [1783983392.597682255] [leo2.behavior_server]: Creating behavior plugin drive_on_heading of type nav2_behaviors/DriveOnHeading
[behavior_server-3] [INFO] [1783983392.598622551] [leo1.behavior_server]: Creating behavior plugin drive_on_heading of type nav2_behaviors/DriveOnHeading
[behavior_server-3] [INFO] [1783983392.630560273] [leo1.behavior_server]: Configuring drive_on_heading
[behavior_server-9] [INFO] [1783983392.631381144] [leo2.behavior_server]: Configuring drive_on_heading
[behavior_server-3] [INFO] [1783983392.633969524] [leo1.behavior_server]: Creating behavior plugin wait of type nav2_behaviors/Wait
[behavior_server-9] [INFO] [1783983392.635755577] [leo2.behavior_server]: Creating behavior plugin wait of type nav2_behaviors/Wait
[behavior_server-9] [INFO] [1783983392.670951174] [leo2.behavior_server]: Configuring wait
[behavior_server-3] [INFO] [1783983392.671891039] [leo1.behavior_server]: Configuring wait
[lifecycle_manager-12] [INFO] [1783983392.675348972] [leo2.lifecycle_manager_navigation]: [34m[1mConfiguring bt_navigator[0m[0m
[bt_navigator-10] [INFO] [1783983392.675598763] [leo2.bt_navigator]: Configuring
[lifecycle_manager-6] [INFO] [1783983392.675697267] [leo1.lifecycle_manager_navigation]: [34m[1mConfiguring bt_navigator[0m[0m
[bt_navigator-4] [INFO] [1783983392.676007037] [leo1.bt_navigator]: Configuring
[lifecycle_manager-12] [INFO] [1783983392.981533152] [leo2.lifecycle_manager_navigation]: [34m[1mConfiguring waypoint_follower[0m[0m
[lifecycle_manager-6] [INFO] [1783983392.981621559] [leo1.lifecycle_manager_navigation]: [34m[1mConfiguring waypoint_follower[0m[0m
[waypoint_follower-11] [INFO] [1783983392.981753659] [leo2.waypoint_follower]: Configuring
[waypoint_follower-5] [INFO] [1783983392.981807528] [leo1.waypoint_follower]: Configuring
[waypoint_follower-11] [INFO] [1783983393.042329015] [leo2.waypoint_follower]: Created waypoint_task_executor : wait_at_waypoint of type nav2_waypoint_follower::WaitAtWaypoint
[waypoint_follower-11] [INFO] [1783983393.043058987] [leo2.waypoint_follower]: Waypoint pause duration is set to zero, disabling task executor plugin.
[waypoint_follower-5] [INFO] [1783983393.043075497] [leo1.waypoint_follower]: Created waypoint_task_executor : wait_at_waypoint of type nav2_waypoint_follower::WaitAtWaypoint
[lifecycle_manager-12] [INFO] [1783983393.043514715] [leo2.lifecycle_manager_navigation]: [34m[1mActivating controller_server[0m[0m
[waypoint_follower-5] [INFO] [1783983393.043671062] [leo1.waypoint_follower]: Waypoint pause duration is set to zero, disabling task executor plugin.
[controller_server-7] [INFO] [1783983393.043712034] [leo2.controller_server]: Activating
[controller_server-7] [INFO] [1783983393.043745810] [leo2.local_costmap.local_costmap]: Activating
[controller_server-7] [INFO] [1783983393.043757095] [leo2.local_costmap.local_costmap]: Checking transform
[controller_server-7] [INFO] [1783983393.043862476] [leo2.local_costmap.local_costmap]: start
[lifecycle_manager-6] [INFO] [1783983393.044106015] [leo1.lifecycle_manager_navigation]: [34m[1mActivating controller_server[0m[0m
[controller_server-1] [INFO] [1783983393.044350916] [leo1.controller_server]: Activating
[controller_server-1] [INFO] [1783983393.044378451] [leo1.local_costmap.local_costmap]: Activating
[controller_server-1] [INFO] [1783983393.044386155] [leo1.local_costmap.local_costmap]: Checking transform
[controller_server-1] [INFO] [1783983393.044465862] [leo1.local_costmap.local_costmap]: start
[controller_server-7] [INFO] [1783983393.244759934] [leo2.controller_server]: Activating controller: FollowPath of type nav2_rotation_shim_controller::RotationShimController
[controller_server-7] [INFO] [1783983393.244786264] [leo2.controller_server]: Activating controller: FollowPath of type regulated_pure_pursuit_controller::RegulatedPurePursuitController
[controller_server-7] [INFO] [1783983393.244802880] [leo2.controller_server]: Creating bond (controller_server) to lifecycle manager.
[controller_server-1] [INFO] [1783983393.245305901] [leo1.controller_server]: Activating controller: FollowPath of type nav2_rotation_shim_controller::RotationShimController
[controller_server-1] [INFO] [1783983393.245324481] [leo1.controller_server]: Activating controller: FollowPath of type regulated_pure_pursuit_controller::RegulatedPurePursuitController
[controller_server-1] [INFO] [1783983393.245337968] [leo1.controller_server]: Creating bond (controller_server) to lifecycle manager.
[lifecycle_manager-6] [INFO] [1783983393.353986498] [leo1.lifecycle_manager_navigation]: Server controller_server connected with bond.
[lifecycle_manager-6] [INFO] [1783983393.354025093] [leo1.lifecycle_manager_navigation]: [34m[1mActivating planner_server[0m[0m
[planner_server-2] [INFO] [1783983393.354218804] [leo1.planner_server]: Activating
[planner_server-2] [INFO] [1783983393.354247719] [leo1.global_costmap.global_costmap]: Activating
[planner_server-2] [INFO] [1783983393.354262300] [leo1.global_costmap.global_costmap]: Checking transform
[planner_server-2] [INFO] [1783983393.354367313] [leo1.global_costmap.global_costmap]: start
[lifecycle_manager-12] [INFO] [1783983393.354296402] [leo2.lifecycle_manager_navigation]: Server controller_server connected with bond.
[lifecycle_manager-12] [INFO] [1783983393.354317444] [leo2.lifecycle_manager_navigation]: [34m[1mActivating planner_server[0m[0m
[planner_server-8] [INFO] [1783983393.354487592] [leo2.planner_server]: Activating
[planner_server-8] [INFO] [1783983393.354513554] [leo2.global_costmap.global_costmap]: Activating
[planner_server-8] [INFO] [1783983393.354520610] [leo2.global_costmap.global_costmap]: Checking transform
[planner_server-8] [INFO] [1783983393.354609811] [leo2.global_costmap.global_costmap]: start
[planner_server-2] [INFO] [1783983393.555056751] [leo1.planner_server]: Activating plugin GridBased of type NavfnPlanner
[planner_server-8] [INFO] [1783983393.555490259] [leo2.planner_server]: Activating plugin GridBased of type NavfnPlanner
[planner_server-2] [INFO] [1783983393.555542995] [leo1.planner_server]: Creating bond (planner_server) to lifecycle manager.
[planner_server-8] [INFO] [1783983393.556334902] [leo2.planner_server]: Creating bond (planner_server) to lifecycle manager.
[lifecycle_manager-12] [INFO] [1783983393.662908277] [leo2.lifecycle_manager_navigation]: Server planner_server connected with bond.
[lifecycle_manager-12] [INFO] [1783983393.662971738] [leo2.lifecycle_manager_navigation]: [34m[1mActivating behavior_server[0m[0m
[lifecycle_manager-6] [INFO] [1783983393.662985004] [leo1.lifecycle_manager_navigation]: Server planner_server connected with bond.
[lifecycle_manager-6] [INFO] [1783983393.663012846] [leo1.lifecycle_manager_navigation]: [34m[1mActivating behavior_server[0m[0m
[behavior_server-9] [INFO] [1783983393.663221818] [leo2.behavior_server]: Activating
[behavior_server-9] [INFO] [1783983393.663246145] [leo2.behavior_server]: Activating spin
[behavior_server-9] [INFO] [1783983393.663258130] [leo2.behavior_server]: Activating backup
[behavior_server-9] [INFO] [1783983393.663267618] [leo2.behavior_server]: Activating drive_on_heading
[behavior_server-9] [INFO] [1783983393.663276430] [leo2.behavior_server]: Activating wait
[behavior_server-9] [INFO] [1783983393.663287296] [leo2.behavior_server]: Creating bond (behavior_server) to lifecycle manager.
[behavior_server-3] [INFO] [1783983393.663229472] [leo1.behavior_server]: Activating
[behavior_server-3] [INFO] [1783983393.663263254] [leo1.behavior_server]: Activating spin
[behavior_server-3] [INFO] [1783983393.663279552] [leo1.behavior_server]: Activating backup
[behavior_server-3] [INFO] [1783983393.663298714] [leo1.behavior_server]: Activating drive_on_heading
[behavior_server-3] [INFO] [1783983393.663312166] [leo1.behavior_server]: Activating wait
[behavior_server-3] [INFO] [1783983393.663328119] [leo1.behavior_server]: Creating bond (behavior_server) to lifecycle manager.
[lifecycle_manager-12] [INFO] [1783983393.769840627] [leo2.lifecycle_manager_navigation]: Server behavior_server connected with bond.
[lifecycle_manager-12] [INFO] [1783983393.769892659] [leo2.lifecycle_manager_navigation]: [34m[1mActivating bt_navigator[0m[0m
[bt_navigator-10] [INFO] [1783983393.770083885] [leo2.bt_navigator]: Activating
[lifecycle_manager-6] [INFO] [1783983393.770903215] [leo1.lifecycle_manager_navigation]: Server behavior_server connected with bond.
[lifecycle_manager-6] [INFO] [1783983393.770978588] [leo1.lifecycle_manager_navigation]: [34m[1mActivating bt_navigator[0m[0m
[bt_navigator-4] [INFO] [1783983393.771563115] [leo1.bt_navigator]: Activating
[bt_navigator-10] [INFO] [1783983393.808837403] [leo2.bt_navigator]: Creating bond (bt_navigator) to lifecycle manager.
[bt_navigator-4] [INFO] [1783983393.811618823] [leo1.bt_navigator]: Creating bond (bt_navigator) to lifecycle manager.
[lifecycle_manager-12] [INFO] [1783983393.918465417] [leo2.lifecycle_manager_navigation]: Server bt_navigator connected with bond.
[lifecycle_manager-12] [INFO] [1783983393.918538567] [leo2.lifecycle_manager_navigation]: [34m[1mActivating waypoint_follower[0m[0m
[waypoint_follower-11] [INFO] [1783983393.918929660] [leo2.waypoint_follower]: Activating
[waypoint_follower-11] [INFO] [1783983393.918971174] [leo2.waypoint_follower]: Creating bond (waypoint_follower) to lifecycle manager.
[lifecycle_manager-6] [INFO] [1783983393.921116569] [leo1.lifecycle_manager_navigation]: Server bt_navigator connected with bond.
[lifecycle_manager-6] [INFO] [1783983393.921143558] [leo1.lifecycle_manager_navigation]: [34m[1mActivating waypoint_follower[0m[0m
[waypoint_follower-5] [INFO] [1783983393.921342658] [leo1.waypoint_follower]: Activating
[waypoint_follower-5] [INFO] [1783983393.921366999] [leo1.waypoint_follower]: Creating bond (waypoint_follower) to lifecycle manager.
[lifecycle_manager-12] [INFO] [1783983394.027812270] [leo2.lifecycle_manager_navigation]: Server waypoint_follower connected with bond.
[lifecycle_manager-12] [INFO] [1783983394.027886231] [leo2.lifecycle_manager_navigation]: [34m[1mManaged nodes are active[0m[0m
[lifecycle_manager-12] [INFO] [1783983394.027903002] [leo2.lifecycle_manager_navigation]: [34m[1mCreating bond timer...[0m[0m
[lifecycle_manager-6] [INFO] [1783983394.027855103] [leo1.lifecycle_manager_navigation]: Server waypoint_follower connected with bond.
[lifecycle_manager-6] [INFO] [1783983394.027885047] [leo1.lifecycle_manager_navigation]: [34m[1mManaged nodes are active[0m[0m
[lifecycle_manager-6] [INFO] [1783983394.027892245] [leo1.lifecycle_manager_navigation]: [34m[1mCreating bond timer...[0m[0m
[planner_server-2] [INFO] [1783983433.097917641] [leo1.global_costmap.global_costmap]: StaticLayer: Resizing costmap to 477 X 214 at 0.050000 m/pix
[planner_server-8] [INFO] [1783983433.098280606] [leo2.global_costmap.global_costmap]: StaticLayer: Resizing costmap to 477 X 194 at 0.050000 m/pix
[controller_server-1] [INFO] [1783983441.400110411] [leo1.local_costmap.local_costmap]: Received request to clear entirely the local_costmap
[planner_server-2] [INFO] [1783983441.400343385] [leo1.global_costmap.global_costmap]: Received request to clear entirely the global_costmap
[controller_server-7] [INFO] [1783983441.401324020] [leo2.local_costmap.local_costmap]: Received request to clear entirely the local_costmap
[planner_server-8] [INFO] [1783983441.401502478] [leo2.global_costmap.global_costmap]: Received request to clear entirely the global_costmap
[planner_server-8] [WARN] [1783983445.446134283] [leo2.planner_server]: No planners specified in action call. Server will use only plugin GridBased  in server. This warning will appear once.
[planner_server-2] [WARN] [1783983445.468424883] [leo1.planner_server]: No planners specified in action call. Server will use only plugin GridBased  in server. This warning will appear once.
[bt_navigator-10] [INFO] [1783983445.497548710] [leo2.bt_navigator]: Begin navigating from current location (3.08, -0.00) to (-1.53, 0.05)
[bt_navigator-4] [INFO] [1783983445.514461611] [leo1.bt_navigator]: Begin navigating from current location (1.12, -0.00) to (-1.74, 0.03)
[controller_server-7] [INFO] [1783983445.518918174] [leo2.controller_server]: Received a goal, begin computing control effort.
[controller_server-7] [WARN] [1783983445.519093353] [leo2.controller_server]: No goal checker was specified in parameter 'current_goal_checker'. Server will use only plugin loaded general_goal_checker . This warning will appear once.
[controller_server-1] [INFO] [1783983445.535253070] [leo1.controller_server]: Received a goal, begin computing control effort.
[controller_server-1] [WARN] [1783983445.535360719] [leo1.controller_server]: No goal checker was specified in parameter 'current_goal_checker'. Server will use only plugin loaded general_goal_checker . This warning will appear once.
[controller_server-1] [WARN] [1783983445.586285750] [leo1.controller_server]: Control loop missed its desired rate of 20.0000Hz
[controller_server-7] [WARN] [1783983445.610632273] [leo2.controller_server]: Control loop missed its desired rate of 20.0000Hz
[controller_server-7] [WARN] [1783983445.623145033] [leo2.controller_server]: Control loop missed its desired rate of 20.0000Hz
[controller_server-7] [ERROR] [1783983445.735004480] [transformPoseInTargetFrame]: Extrapolation Error looking up target frame: Lookup would require extrapolation into the future.  Requested time 64.250000 but the latest data is at time 64.241000, when looking up transform from frame [leo2/map] to frame [leo2/base_link]
[controller_server-7] 
[controller_server-7] [WARN] [1783983445.736425520] [leo2.controller_server]: Control loop missed its desired rate of 20.0000Hz
[controller_server-1] [ERROR] [1783983445.747163933] [transformPoseInTargetFrame]: Extrapolation Error looking up target frame: Lookup would require extrapolation into the future.  Requested time 64.261000 but the latest data is at time 64.220000, when looking up transform from frame [leo1/map] to frame [leo1/base_link]
[controller_server-1] 
[controller_server-1] [WARN] [1783983445.747755926] [leo1.controller_server]: Control loop missed its desired rate of 20.0000Hz
[controller_server-7] [INFO] [1783983446.556724225] [leo2.controller_server]: Passing new path to controller.
[controller_server-1] [INFO] [1783983446.610359280] [leo1.controller_server]: Passing new path to controller.
[controller_server-7] [ERROR] [1783983446.668304420] [transformPoseInTargetFrame]: Extrapolation Error looking up target frame: Lookup would require extrapolation into the future.  Requested time 65.079000 but the latest data is at time 65.041000, when looking up transform from frame [leo2/map] to frame [leo2/base_link]
[controller_server-7] 
[controller_server-7] [WARN] [1783983446.669340406] [leo2.controller_server]: Control loop missed its desired rate of 20.0000Hz
[controller_server-1] [WARN] [1783983446.701736474] [leo1.controller_server]: Control loop missed its desired rate of 20.0000Hz
[controller_server-1] [ERROR] [1783983446.859224377] [transformPoseInTargetFrame]: Extrapolation Error looking up target frame: Lookup would require extrapolation into the future.  Requested time 65.250000 but the latest data is at time 65.220000, when looking up transform from frame [leo1/map] to frame [leo1/base_link]
[controller_server-1] 
[controller_server-1] [WARN] [1783983446.860191722] [leo1.controller_server]: Control loop missed its desired rate of 20.0000Hz
[controller_server-7] [INFO] [1783983447.586471850] [leo2.controller_server]: Passing new path to controller.
[controller_server-1] [INFO] [1783983447.621359261] [leo1.controller_server]: Passing new path to controller.
[controller_server-1] [ERROR] [1783983447.742794576] [transformPoseInTargetFrame]: Extrapolation Error looking up target frame: Lookup would require extrapolation into the future.  Requested time 66.071000 but the latest data is at time 66.020000, when looking up transform from frame [leo1/map] to frame [leo1/base_link]
[controller_server-1] 
[controller_server-1] [WARN] [1783983447.743473079] [leo1.controller_server]: Control loop missed its desired rate of 20.0000Hz
[controller_server-7] [ERROR] [1783983447.757830735] [transformPoseInTargetFrame]: Extrapolation Error looking up target frame: Lookup would require extrapolation into the future.  Requested time 66.085000 but the latest data is at time 66.041000, when looking up transform from frame [leo2/map] to frame [leo2/base_link]
[controller_server-7] 
[controller_server-7] [WARN] [1783983447.758869886] [leo2.controller_server]: Control loop missed its desired rate of 20.0000Hz
[controller_server-7] [INFO] [1783983448.625522513] [leo2.controller_server]: Passing new path to controller.
[controller_server-1] [INFO] [1783983448.660307494] [leo1.controller_server]: Passing new path to controller.
[controller_server-1] [ERROR] [1783983448.771663205] [transformPoseInTargetFrame]: Extrapolation Error looking up target frame: Lookup would require extrapolation into the future.  Requested time 67.040000 but the latest data is at time 67.020000, when looking up transform from frame [leo1/map] to frame [leo1/base_link]
[controller_server-1] 
[controller_server-1] [WARN] [1783983448.772466933] [leo1.controller_server]: Control loop missed its desired rate of 20.0000Hz
[controller_server-7] [ERROR] [1783983448.807194787] [transformPoseInTargetFrame]: Extrapolation Error looking up target frame: Lookup would require extrapolation into the future.  Requested time 67.075000 but the latest data is at time 67.041000, when looking up transform from frame [leo2/map] to frame [leo2/base_link]
[controller_server-7] 
[controller_server-7] [WARN] [1783983448.807863246] [leo2.controller_server]: Control loop missed its desired rate of 20.0000Hz
[controller_server-7] [WARN] [1783983448.810162166] [leo2.controller_server]: Control loop missed its desired rate of 20.0000Hz
[controller_server-7] [INFO] [1783983449.658991271] [leo2.controller_server]: Passing new path to controller.
[controller_server-1] [INFO] [1783983449.685447750] [leo1.controller_server]: Passing new path to controller.
[controller_server-7] [WARN] [1783983449.709866353] [leo2.controller_server]: Control loop missed its desired rate of 20.0000Hz
[controller_server-1] [ERROR] [1783983449.867125779] [transformPoseInTargetFrame]: Extrapolation Error looking up target frame: Lookup would require extrapolation into the future.  Requested time 68.071000 but the latest data is at time 68.020000, when looking up transform from frame [leo1/map] to frame [leo1/base_link]
[controller_server-1] 
[controller_server-1] [WARN] [1783983449.867989339] [leo1.controller_server]: Control loop missed its desired rate of 20.0000Hz
[controller_server-7] [ERROR] [1783983449.869979470] [transformPoseInTargetFrame]: Extrapolation Error looking up target frame: Lookup would require extrapolation into the future.  Requested time 68.074000 but the latest data is at time 68.041000, when looking up transform from frame [leo2/map] to frame [leo2/base_link]
[controller_server-7] 
[controller_server-7] [WARN] [1783983449.870695618] [leo2.controller_server]: Control loop missed its desired rate of 20.0000Hz
[controller_server-7] [INFO] [1783983450.686764069] [leo2.controller_server]: Passing new path to controller.
[controller_server-1] [INFO] [1783983450.722521537] [leo1.controller_server]: Passing new path to controller.
[controller_server-1] [ERROR] [1783983450.883738330] [transformPoseInTargetFrame]: Extrapolation Error looking up target frame: Lookup would require extrapolation into the future.  Requested time 69.041000 but the latest data is at time 69.020000, when looking up transform from frame [leo1/map] to frame [leo1/base_link]
[controller_server-1] 
[controller_server-1] [WARN] [1783983450.884715518] [leo1.controller_server]: Control loop missed its desired rate of 20.0000Hz
[controller_server-7] [ERROR] [1783983450.931976710] [transformPoseInTargetFrame]: Extrapolation Error looking up target frame: Lookup would require extrapolation into the future.  Requested time 69.086000 but the latest data is at time 69.041000, when looking up transform from frame [leo2/map] to frame [leo2/base_link]
[controller_server-7] 
[controller_server-7] [WARN] [1783983450.932579606] [leo2.controller_server]: Control loop missed its desired rate of 20.0000Hz
[controller_server-1] [INFO] [1783983451.747516151] [leo1.controller_server]: Passing new path to controller.
[controller_server-7] [INFO] [1783983451.747702392] [leo2.controller_server]: Passing new path to controller.
[controller_server-7] [ERROR] [1783983451.954140520] [transformPoseInTargetFrame]: Extrapolation Error looking up target frame: Lookup would require extrapolation into the future.  Requested time 70.045000 but the latest data is at time 70.041000, when looking up transform from frame [leo2/map] to frame [leo2/base_link]
[controller_server-7] 
[controller_server-7] [WARN] [1783983451.955415406] [leo2.controller_server]: Control loop missed its desired rate of 20.0000Hz
[controller_server-1] [ERROR] [1783983451.956677265] [transformPoseInTargetFrame]: Extrapolation Error looking up target frame: Lookup would require extrapolation into the future.  Requested time 70.047000 but the latest data is at time 70.020000, when looking up transform from frame [leo1/map] to frame [leo1/base_link]
[controller_server-1] 
[controller_server-1] [WARN] [1783983451.957139022] [leo1.controller_server]: Control loop missed its desired rate of 20.0000Hz
[controller_server-1] [INFO] [1783983452.769182436] [leo1.controller_server]: Passing new path to controller.
[controller_server-7] [INFO] [1783983452.770618101] [leo2.controller_server]: Passing new path to controller.
[controller_server-1] [ERROR] [1783983452.890963383] [transformPoseInTargetFrame]: Extrapolation Error looking up target frame: Lookup would require extrapolation into the future.  Requested time 70.871000 but the latest data is at time 70.820000, when looking up transform from frame [leo1/map] to frame [leo1/base_link]
[controller_server-1] 
[controller_server-1] [WARN] [1783983452.891435134] [leo1.controller_server]: Control loop missed its desired rate of 20.0000Hz
[controller_server-7] [ERROR] [1783983452.892237202] [transformPoseInTargetFrame]: Extrapolation Error looking up target frame: Lookup would require extrapolation into the future.  Requested time 70.873000 but the latest data is at time 70.841000, when looking up transform from frame [leo2/map] to frame [leo2/base_link]
[controller_server-7] 
[controller_server-7] [WARN] [1783983452.893724993] [leo2.controller_server]: Control loop missed its desired rate of 20.0000Hz
[controller_server-7] [INFO] [1783983453.805490520] [leo2.controller_server]: Passing new path to controller.
[controller_server-1] [INFO] [1783983453.807261726] [leo1.controller_server]: Passing new path to controller.
[controller_server-7] [WARN] [1783983453.867942742] [leo2.controller_server]: Control loop missed its desired rate of 20.0000Hz
[controller_server-7] [INFO] [1783983454.805515026] [leo2.controller_server]: Passing new path to controller.
[controller_server-1] [INFO] [1783983454.807262125] [leo1.controller_server]: Passing new path to controller.
[controller_server-7] [ERROR] [1783983454.927268627] [transformPoseInTargetFrame]: Extrapolation Error looking up target frame: Lookup would require extrapolation into the future.  Requested time 72.653000 but the latest data is at time 72.641000, when looking up transform from frame [leo2/map] to frame [leo2/base_link]
[controller_server-7] 
[controller_server-1] [ERROR] [1783983454.928865105] [transformPoseInTargetFrame]: Extrapolation Error looking up target frame: Lookup would require extrapolation into the future.  Requested time 72.655000 but the latest data is at time 72.620000, when looking up transform from frame [leo1/map] to frame [leo1/base_link]
[controller_server-1] 
[controller_server-7] [WARN] [1783983454.929198980] [leo2.controller_server]: Control loop missed its desired rate of 20.0000Hz
[controller_server-1] [WARN] [1783983454.929309702] [leo1.controller_server]: Control loop missed its desired rate of 20.0000Hz
[controller_server-1] [INFO] [1783983455.840997401] [leo1.controller_server]: Passing new path to controller.
[controller_server-7] [INFO] [1783983455.870777742] [leo2.controller_server]: Passing new path to controller.
[controller_server-7] [ERROR] [1783983455.982201437] [transformPoseInTargetFrame]: Extrapolation Error looking up target frame: Lookup would require extrapolation into the future.  Requested time 73.647000 but the latest data is at time 73.641000, when looking up transform from frame [leo2/map] to frame [leo2/base_link]
[controller_server-7] 
[controller_server-7] [WARN] [1783983455.983688965] [leo2.controller_server]: Control loop missed its desired rate of 20.0000Hz
[controller_server-7] [INFO] [1783983456.862463253] [leo2.controller_server]: Passing new path to controller.
[controller_server-1] [INFO] [1783983456.915225922] [leo1.controller_server]: Passing new path to controller.
[controller_server-1] [ERROR] [1783983457.026622578] [transformPoseInTargetFrame]: Extrapolation Error looking up target frame: Lookup would require extrapolation into the future.  Requested time 74.623000 but the latest data is at time 74.620000, when looking up transform from frame [leo1/map] to frame [leo1/base_link]
[controller_server-1] 
[controller_server-1] [WARN] [1783983457.027135422] [leo1.controller_server]: Control loop missed its desired rate of 20.0000Hz
[controller_server-7] [INFO] [1783983457.883783014] [leo2.controller_server]: Passing new path to controller.
[controller_server-1] [INFO] [1783983457.929396092] [leo1.controller_server]: Passing new path to controller.
[controller_server-7] [WARN] [1783983457.996870088] [leo2.controller_server]: Control loop missed its desired rate of 20.0000Hz
[controller_server-1] [INFO] [1783983458.929383060] [leo1.controller_server]: Passing new path to controller.
[controller_server-7] [INFO] [1783983458.934857160] [leo2.controller_server]: Passing new path to controller.
[controller_server-1] [WARN] [1783983459.030729402] [leo1.controller_server]: Control loop missed its desired rate of 20.0000Hz
[controller_server-7] [WARN] [1783983459.048335858] [leo2.controller_server]: Control loop missed its desired rate of 20.0000Hz
[controller_server-1] [INFO] [1783983461.288138370] [leo1.controller_server]: Passing new path to controller.
[controller_server-7] [INFO] [1783983461.318276198] [leo2.controller_server]: Passing new path to controller.
[controller_server-1] [INFO] [1783983461.349164468] [leo1.controller_server]: Passing new path to controller.
[controller_server-7] [ERROR] [1783983461.429854620] [transformPoseInTargetFrame]: Extrapolation Error looking up target frame: Lookup would require extrapolation into the future.  Requested time 77.044000 but the latest data is at time 77.041000, when looking up transform from frame [leo2/map] to frame [leo2/base_link]
[controller_server-7] 
[controller_server-7] [WARN] [1783983461.432205578] [leo2.controller_server]: Control loop missed its desired rate of 20.0000Hz
[controller_server-1] [ERROR] [1783983461.460635200] [transformPoseInTargetFrame]: Extrapolation Error looking up target frame: Lookup would require extrapolation into the future.  Requested time 77.072000 but the latest data is at time 77.020000, when looking up transform from frame [leo1/map] to frame [leo1/base_link]
[controller_server-1] 
[controller_server-1] [WARN] [1783983461.460971826] [leo1.controller_server]: Control loop missed its desired rate of 20.0000Hz
[controller_server-1] [INFO] [1783983462.331194622] [leo1.controller_server]: Passing new path to controller.
[controller_server-7] [INFO] [1783983462.348801638] [leo2.controller_server]: Passing new path to controller.
[controller_server-1] [WARN] [1783983462.413041049] [leo1.controller_server]: Control loop missed its desired rate of 20.0000Hz
[controller_server-7] [WARN] [1783983462.431205823] [leo2.controller_server]: Control loop missed its desired rate of 20.0000Hz
[planner_server-2] [INFO] [1783983463.298341894] [leo1.global_costmap.global_costmap]: StaticLayer: Resizing costmap to 477 X 215 at 0.050000 m/pix
[planner_server-8] [INFO] [1783983463.298680750] [leo2.global_costmap.global_costmap]: StaticLayer: Resizing costmap to 477 X 231 at 0.050000 m/pix
[controller_server-7] [INFO] [1783983463.348829935] [leo2.controller_server]: Passing new path to controller.
[controller_server-1] [INFO] [1783983463.381225472] [leo1.controller_server]: Passing new path to controller.
[controller_server-1] [ERROR] [1783983463.492670955] [transformPoseInTargetFrame]: Extrapolation Error looking up target frame: Lookup would require extrapolation into the future.  Requested time 78.870000 but the latest data is at time 78.820000, when looking up transform from frame [leo1/map] to frame [leo1/base_link]
[controller_server-1] 
[controller_server-1] [WARN] [1783983463.493211363] [leo1.controller_server]: Control loop missed its desired rate of 20.0000Hz
[controller_server-7] [INFO] [1783983464.398791854] [leo2.controller_server]: Passing new path to controller.
[controller_server-1] [INFO] [1783983464.401979532] [leo1.controller_server]: Passing new path to controller.
[controller_server-7] [WARN] [1783983464.470168061] [leo2.controller_server]: Control loop missed its desired rate of 20.0000Hz
[bt_navigator-10] [INFO] [1783983464.998182683] [leo2.bt_navigator]: Received goal preemption request
[bt_navigator-10] [INFO] [1783983464.998993950] [leo2.bt_navigator]: Begin navigating from current location (0.65, 0.07) to (-2.94, -0.05)
[bt_navigator-4] [INFO] [1783983465.145009434] [leo1.bt_navigator]: Received goal preemption request
[bt_navigator-4] [INFO] [1783983465.145639876] [leo1.bt_navigator]: Begin navigating from current location (-1.31, 0.12) to (-4.24, 0.01)
[controller_server-7] [INFO] [1783983465.398771589] [leo2.controller_server]: Passing new path to controller.
[controller_server-1] [INFO] [1783983465.443311909] [leo1.controller_server]: Passing new path to controller.
[controller_server-7] [ERROR] [1783983465.509935796] [transformPoseInTargetFrame]: Extrapolation Error looking up target frame: Lookup would require extrapolation into the future.  Requested time 80.670000 but the latest data is at time 80.641000, when looking up transform from frame [leo2/map] to frame [leo2/base_link]
[controller_server-7] 
[controller_server-7] [WARN] [1783983465.510611730] [leo2.controller_server]: Control loop missed its desired rate of 20.0000Hz
[controller_server-1] [WARN] [1783983465.535504298] [leo1.controller_server]: Control loop missed its desired rate of 20.0000Hz
[controller_server-7] [INFO] [1783983466.425585345] [leo2.controller_server]: Passing new path to controller.
[controller_server-1] [INFO] [1783983466.493293322] [leo1.controller_server]: Passing new path to controller.
[controller_server-7] [ERROR] [1783983466.526849168] [transformPoseInTargetFrame]: Extrapolation Error looking up target frame: Lookup would require extrapolation into the future.  Requested time 81.646000 but the latest data is at time 81.641000, when looking up transform from frame [leo2/map] to frame [leo2/base_link]
[controller_server-7] 
[controller_server-7] [WARN] [1783983466.527706492] [leo2.controller_server]: Control loop missed its desired rate of 20.0000Hz
[controller_server-1] [WARN] [1783983466.584956318] [leo1.controller_server]: Control loop missed its desired rate of 20.0000Hz
[controller_server-7] [INFO] [1783983467.460707612] [leo2.controller_server]: Passing new path to controller.
[controller_server-1] [INFO] [1783983467.493297445] [leo1.controller_server]: Passing new path to controller.
[controller_server-1] [ERROR] [1783983467.604645656] [transformPoseInTargetFrame]: Extrapolation Error looking up target frame: Lookup would require extrapolation into the future.  Requested time 82.664000 but the latest data is at time 82.620000, when looking up transform from frame [leo1/map] to frame [leo1/base_link]
[controller_server-1] 
[controller_server-1] [WARN] [1783983467.605076562] [leo1.controller_server]: Control loop missed its desired rate of 20.0000Hz
[controller_server-7] [INFO] [1783983468.510698305] [leo2.controller_server]: Passing new path to controller.
[controller_server-1] [INFO] [1783983468.517498434] [leo1.controller_server]: Passing new path to controller.
[controller_server-7] [INFO] [1783983469.510728202] [leo2.controller_server]: Passing new path to controller.
[controller_server-1] [INFO] [1783983469.538382930] [leo1.controller_server]: Passing new path to controller.
[controller_server-7] [WARN] [1783983469.612675622] [leo2.controller_server]: Control loop missed its desired rate of 20.0000Hz
[controller_server-7] [INFO] [1783983470.575867010] [leo2.controller_server]: Passing new path to controller.
[controller_server-1] [INFO] [1783983470.605162567] [leo1.controller_server]: Passing new path to controller.
[controller_server-1] [WARN] [1783983470.656250348] [leo1.controller_server]: Control loop missed its desired rate of 20.0000Hz
[controller_server-7] [WARN] [1783983470.677557668] [leo2.controller_server]: Control loop missed its desired rate of 20.0000Hz
[planner_server-2] [INFO] [1783983471.498347993] [leo1.global_costmap.global_costmap]: StaticLayer: Resizing costmap to 477 X 236 at 0.050000 m/pix
[planner_server-8] [INFO] [1783983471.498891999] [leo2.global_costmap.global_costmap]: StaticLayer: Resizing costmap to 477 X 232 at 0.050000 m/pix
[controller_server-7] [INFO] [1783983471.562778273] [leo2.controller_server]: Passing new path to controller.
[controller_server-1] [INFO] [1783983471.605162944] [leo1.controller_server]: Passing new path to controller.
[controller_server-1] [ERROR] [1783983471.726745942] [transformPoseInTargetFrame]: Extrapolation Error looking up target frame: Lookup would require extrapolation into the future.  Requested time 86.462000 but the latest data is at time 86.420000, when looking up transform from frame [leo1/map] to frame [leo1/base_link]
[controller_server-1] 
[controller_server-1] [WARN] [1783983471.727164113] [leo1.controller_server]: Control loop missed its desired rate of 20.0000Hz
[controller_server-7] [INFO] [1783983472.612783672] [leo2.controller_server]: Passing new path to controller.
[controller_server-1] [INFO] [1783983472.636760234] [leo1.controller_server]: Passing new path to controller.
[controller_server-7] [WARN] [1783983472.704649214] [leo2.controller_server]: Control loop missed its desired rate of 20.0000Hz
[controller_server-7] [INFO] [1783983473.662771991] [leo2.controller_server]: Passing new path to controller.
[controller_server-1] [INFO] [1783983473.677235795] [leo1.controller_server]: Passing new path to controller.
[controller_server-1] [WARN] [1783983473.748559135] [leo1.controller_server]: Control loop missed its desired rate of 20.0000Hz
[controller_server-7] [WARN] [1783983473.774448242] [leo2.controller_server]: Control loop missed its desired rate of 20.0000Hz
[controller_server-1] [INFO] [1783983474.677260835] [leo1.controller_server]: Passing new path to controller.
[controller_server-7] [INFO] [1783983474.683124731] [leo2.controller_server]: Passing new path to controller.
[controller_server-1] [WARN] [1783983474.788824418] [leo1.controller_server]: Control loop missed its desired rate of 20.0000Hz
[controller_server-7] [ERROR] [1783983474.794616959] [transformPoseInTargetFrame]: Extrapolation Error looking up target frame: Lookup would require extrapolation into the future.  Requested time 89.298000 but the latest data is at time 89.241000, when looking up transform from frame [leo2/map] to frame [leo2/base_link]
[controller_server-7] 
[controller_server-7] [WARN] [1783983474.794930004] [leo2.controller_server]: Control loop missed its desired rate of 20.0000Hz
[controller_server-7] [INFO] [1783983475.724534424] [leo2.controller_server]: Passing new path to controller.
[controller_server-1] [INFO] [1783983475.748178050] [leo1.controller_server]: Passing new path to controller.
[controller_server-7] [ERROR] [1783983475.835779149] [transformPoseInTargetFrame]: Extrapolation Error looking up target frame: Lookup would require extrapolation into the future.  Requested time 90.286000 but the latest data is at time 90.241000, when looking up transform from frame [leo2/map] to frame [leo2/base_link]
[controller_server-7] 
[controller_server-7] [WARN] [1783983475.836362145] [leo2.controller_server]: Control loop missed its desired rate of 20.0000Hz
[controller_server-7] [INFO] [1783983476.745397820] [leo2.controller_server]: Passing new path to controller.
[controller_server-1] [INFO] [1783983476.754475801] [leo1.controller_server]: Passing new path to controller.
[controller_server-7] [ERROR] [1783983476.856861480] [transformPoseInTargetFrame]: Extrapolation Error looking up target frame: Lookup would require extrapolation into the future.  Requested time 91.251000 but the latest data is at time 91.241000, when looking up transform from frame [leo2/map] to frame [leo2/base_link]
[controller_server-7] 
[controller_server-7] [WARN] [1783983476.857126253] [leo2.controller_server]: Control loop missed its desired rate of 20.0000Hz
[controller_server-1] [INFO] [1783983476.905857403] [leo1.controller_server]: Reached the goal!
[bt_navigator-4] [INFO] [1783983476.945932799] [leo1.bt_navigator]: Goal succeeded
[controller_server-7] [INFO] [1783983477.786481690] [leo2.controller_server]: Passing new path to controller.
[bt_navigator-4] [INFO] [1783983477.959917416] [leo1.bt_navigator]: Begin navigating from current location (-4.00, 0.07) to (-7.74, -0.11)
[controller_server-1] [INFO] [1783983477.980964346] [leo1.controller_server]: Received a goal, begin computing control effort.
[controller_server-7] [INFO] [1783983478.786541354] [leo2.controller_server]: Passing new path to controller.
[controller_server-1] [INFO] [1783983479.031213795] [leo1.controller_server]: Passing new path to controller.
[controller_server-1] [WARN] [1783983479.133079065] [leo1.controller_server]: Control loop missed its desired rate of 20.0000Hz
[controller_server-7] [INFO] [1783983479.636739435] [leo2.controller_server]: Reached the goal!
[bt_navigator-10] [INFO] [1783983479.668875302] [leo2.bt_navigator]: Goal succeeded
[controller_server-1] [INFO] [1783983480.049978024] [leo1.controller_server]: Passing new path to controller.
[controller_server-1] [INFO] [1783983481.076335985] [leo1.controller_server]: Passing new path to controller.
[controller_server-1] [WARN] [1783983481.137581490] [leo1.controller_server]: Control loop missed its desired rate of 20.0000Hz
[planner_server-2] [INFO] [1783983481.498300564] [leo1.global_costmap.global_costmap]: StaticLayer: Resizing costmap to 477 X 317 at 0.050000 m/pix
[planner_server-8] [INFO] [1783983481.498684906] [leo2.global_costmap.global_costmap]: StaticLayer: Resizing costmap to 477 X 233 at 0.050000 m/pix
[bt_navigator-10] [INFO] [1783983482.104114145] [leo2.bt_navigator]: Begin navigating from current location (-2.73, 0.02) to (4.15, 0.04)
[controller_server-7] [INFO] [1783983482.125225940] [leo2.controller_server]: Received a goal, begin computing control effort.
[controller_server-1] [INFO] [1783983482.133158342] [leo1.controller_server]: Passing new path to controller.
[controller_server-1] [WARN] [1783983482.204555006] [leo1.controller_server]: Control loop missed its desired rate of 20.0000Hz
[controller_server-7] [WARN] [1783983482.226696206] [leo2.controller_server]: Control loop missed its desired rate of 20.0000Hz
[controller_server-7] [ERROR] [1783983482.399311058] [transformPoseInTargetFrame]: Extrapolation Error looking up target frame: Lookup would require extrapolation into the future.  Requested time 96.292000 but the latest data is at time 96.241000, when looking up transform from frame [leo2/map] to frame [leo2/base_link]
[controller_server-7] 
[controller_server-7] [WARN] [1783983482.400392138] [leo2.controller_server]: Control loop missed its desired rate of 20.0000Hz
[controller_server-1] [INFO] [1783983483.133138895] [leo1.controller_server]: Passing new path to controller.
[controller_server-7] [INFO] [1783983483.176782548] [leo2.controller_server]: Passing new path to controller.
[controller_server-1] [ERROR] [1783983483.234229122] [transformPoseInTargetFrame]: Extrapolation Error looking up target frame: Lookup would require extrapolation into the future.  Requested time 97.090000 but the latest data is at time 97.020000, when looking up transform from frame [leo1/map] to frame [leo1/base_link]
[controller_server-1] 
[controller_server-1] [WARN] [1783983483.234918841] [leo1.controller_server]: Control loop missed its desired rate of 20.0000Hz
[controller_server-7] [WARN] [1783983483.278170275] [leo2.controller_server]: Control loop missed its desired rate of 20.0000Hz
[controller_server-7] [ERROR] [1783983483.461023080] [transformPoseInTargetFrame]: Extrapolation Error looking up target frame: Lookup would require extrapolation into the future.  Requested time 97.298000 but the latest data is at time 97.241000, when looking up transform from frame [leo2/map] to frame [leo2/base_link]
[controller_server-7] 
[controller_server-7] [WARN] [1783983483.461992922] [leo2.controller_server]: Control loop missed its desired rate of 20.0000Hz
[controller_server-1] [INFO] [1783983484.198680959] [leo1.controller_server]: Passing new path to controller.
[controller_server-7] [INFO] [1783983484.228230303] [leo2.controller_server]: Passing new path to controller.
[controller_server-1] [WARN] [1783983484.300585751] [leo1.controller_server]: Control loop missed its desired rate of 20.0000Hz
[controller_server-7] [WARN] [1783983484.329979622] [leo2.controller_server]: Control loop missed its desired rate of 20.0000Hz
[controller_server-7] [ERROR] [1783983484.511468025] [transformPoseInTargetFrame]: Extrapolation Error looking up target frame: Lookup would require extrapolation into the future.  Requested time 98.295000 but the latest data is at time 98.241000, when looking up transform from frame [leo2/map] to frame [leo2/base_link]
[controller_server-7] 
[controller_server-7] [WARN] [1783983484.512763615] [leo2.controller_server]: Control loop missed its desired rate of 20.0000Hz
[controller_server-7] [INFO] [1783983485.230048902] [leo2.controller_server]: Passing new path to controller.
[controller_server-1] [INFO] [1783983485.234977118] [leo1.controller_server]: Passing new path to controller.
[controller_server-7] [ERROR] [1783983485.341311700] [transformPoseInTargetFrame]: Extrapolation Error looking up target frame: Lookup would require extrapolation into the future.  Requested time 99.067000 but the latest data is at time 99.041000, when looking up transform from frame [leo2/map] to frame [leo2/base_link]
[controller_server-7] 
[controller_server-7] [WARN] [1783983485.342065790] [leo2.controller_server]: Control loop missed its desired rate of 20.0000Hz
[controller_server-1] [ERROR] [1783983485.346358080] [transformPoseInTargetFrame]: Extrapolation Error looking up target frame: Lookup would require extrapolation into the future.  Requested time 99.071000 but the latest data is at time 99.020000, when looking up transform from frame [leo1/map] to frame [leo1/base_link]
[controller_server-1] 
[controller_server-1] [WARN] [1783983485.346921082] [leo1.controller_server]: Control loop missed its desired rate of 20.0000Hz
[controller_server-1] [INFO] [1783983486.258647754] [leo1.controller_server]: Passing new path to controller.
[controller_server-7] [INFO] [1783983486.261051615] [leo2.controller_server]: Passing new path to controller.
[controller_server-7] [WARN] [1783983486.352482287] [leo2.controller_server]: Control loop missed its desired rate of 20.0000Hz
[controller_server-7] [ERROR] [1783983486.513946388] [transformPoseInTargetFrame]: Extrapolation Error looking up target frame: Lookup would require extrapolation into the future.  Requested time 100.063000 but the latest data is at time 100.041000, when looking up transform from frame [leo2/map] to frame [leo2/base_link]
[controller_server-7] 
[controller_server-7] [WARN] [1783983486.514811381] [leo2.controller_server]: Control loop missed its desired rate of 20.0000Hz
[controller_server-7] [INFO] [1783983487.279986899] [leo2.controller_server]: Passing new path to controller.
[controller_server-1] [INFO] [1783983487.297029426] [leo1.controller_server]: Passing new path to controller.
[controller_server-1] [ERROR] [1783983487.439479467] [transformPoseInTargetFrame]: Extrapolation Error looking up target frame: Lookup would require extrapolation into the future.  Requested time 100.855000 but the latest data is at time 100.820000, when looking up transform from frame [leo1/map] to frame [leo1/base_link]
[controller_server-1] 
[controller_server-1] [WARN] [1783983487.439936812] [leo1.controller_server]: Control loop missed its desired rate of 20.0000Hz
[controller_server-7] [ERROR] [1783983487.472309322] [transformPoseInTargetFrame]: Extrapolation Error looking up target frame: Lookup would require extrapolation into the future.  Requested time 100.886000 but the latest data is at time 100.841000, when looking up transform from frame [leo2/map] to frame [leo2/base_link]
[controller_server-7] 
[controller_server-7] [WARN] [1783983487.473361048] [leo2.controller_server]: Control loop missed its desired rate of 20.0000Hz
[controller_server-1] [INFO] [1783983488.303196695] [leo1.controller_server]: Passing new path to controller.
[controller_server-7] [INFO] [1783983488.344990040] [leo2.controller_server]: Passing new path to controller.
[controller_server-1] [WARN] [1783983488.405253005] [leo1.controller_server]: Control loop missed its desired rate of 20.0000Hz
[controller_server-7] [WARN] [1783983488.427856599] [leo2.controller_server]: Control loop missed its desired rate of 20.0000Hz
[controller_server-1] [INFO] [1783983489.340033724] [leo1.controller_server]: Passing new path to controller.
[controller_server-7] [INFO] [1783983489.373455740] [leo2.controller_server]: Passing new path to controller.
[controller_server-1] [ERROR] [1783983489.451513785] [transformPoseInTargetFrame]: Extrapolation Error looking up target frame: Lookup would require extrapolation into the future.  Requested time 102.660000 but the latest data is at time 102.620000, when looking up transform from frame [leo1/map] to frame [leo1/base_link]
[controller_server-1] 
[controller_server-1] [WARN] [1783983489.451834704] [leo1.controller_server]: Control loop missed its desired rate of 20.0000Hz
[controller_server-7] [ERROR] [1783983489.484944842] [transformPoseInTargetFrame]: Extrapolation Error looking up target frame: Lookup would require extrapolation into the future.  Requested time 102.691000 but the latest data is at time 102.641000, when looking up transform from frame [leo2/map] to frame [leo2/base_link]
[controller_server-7] 
[controller_server-7] [WARN] [1783983489.486208514] [leo2.controller_server]: Control loop missed its desired rate of 20.0000Hz
[controller_server-1] [INFO] [1783983490.362331995] [leo1.controller_server]: Passing new path to controller.
[controller_server-7] [INFO] [1783983490.403930123] [leo2.controller_server]: Passing new path to controller.
[controller_server-1] [ERROR] [1783983490.473608743] [transformPoseInTargetFrame]: Extrapolation Error looking up target frame: Lookup would require extrapolation into the future.  Requested time 103.628000 but the latest data is at time 103.620000, when looking up transform from frame [leo1/map] to frame [leo1/base_link]
[controller_server-1] 
[controller_server-1] [WARN] [1783983490.474033909] [leo1.controller_server]: Control loop missed its desired rate of 20.0000Hz
[controller_server-7] [ERROR] [1783983490.515207715] [transformPoseInTargetFrame]: Extrapolation Error looking up target frame: Lookup would require extrapolation into the future.  Requested time 103.668000 but the latest data is at time 103.641000, when looking up transform from frame [leo2/map] to frame [leo2/base_link]
[controller_server-7] 
[controller_server-7] [WARN] [1783983490.515923868] [leo2.controller_server]: Control loop missed its desired rate of 20.0000Hz
[bt_navigator-4] [INFO] [1783983491.120065131] [leo1.bt_navigator]: Received goal preemption request
[bt_navigator-4] [INFO] [1783983491.120531038] [leo1.bt_navigator]: Begin navigating from current location (-7.06, 0.02) to (-9.65, -0.16)
[controller_server-7] [INFO] [1783983492.950236484] [leo2.controller_server]: Passing new path to controller.
[controller_server-1] [INFO] [1783983492.965861128] [leo1.controller_server]: Passing new path to controller.
[controller_server-1] [WARN] [1783983493.047533744] [leo1.controller_server]: Control loop missed its desired rate of 20.0000Hz
[controller_server-7] [WARN] [1783983493.062605578] [leo2.controller_server]: Control loop missed its desired rate of 20.0000Hz
[controller_server-7] [INFO] [1783983493.062654792] [leo2.controller_server]: Passing new path to controller.
[planner_server-2] [INFO] [1783983493.162410340] [leo1.global_costmap.global_costmap]: StaticLayer: Resizing costmap to 477 X 318 at 0.050000 m/pix
[controller_server-1] [INFO] [1783983493.965897642] [leo1.controller_server]: Passing new path to controller.
[controller_server-7] [INFO] [1783983494.007164424] [leo2.controller_server]: Passing new path to controller.
[controller_server-1] [INFO] [1783983495.015938780] [leo1.controller_server]: Passing new path to controller.
[controller_server-7] [INFO] [1783983495.062689193] [leo2.controller_server]: Passing new path to controller.
[controller_server-1] [WARN] [1783983495.108042262] [leo1.controller_server]: Control loop missed its desired rate of 20.0000Hz
[controller_server-7] [WARN] [1783983495.134851864] [leo2.controller_server]: Control loop missed its desired rate of 20.0000Hz
[controller_server-7] [INFO] [1783983496.062720823] [leo2.controller_server]: Passing new path to controller.
[controller_server-1] [INFO] [1783983496.065878095] [leo1.controller_server]: Passing new path to controller.
[controller_server-1] [ERROR] [1783983496.187564824] [transformPoseInTargetFrame]: Extrapolation Error looking up target frame: Lookup would require extrapolation into the future.  Requested time 107.236000 but the latest data is at time 107.220000, when looking up transform from frame [leo1/map] to frame [leo1/base_link]
[controller_server-1] 
[controller_server-1] [WARN] [1783983496.188006018] [leo1.controller_server]: Control loop missed its desired rate of 20.0000Hz
[controller_server-1] [INFO] [1783983497.048249881] [leo1.controller_server]: Passing new path to controller.
[controller_server-7] [INFO] [1783983497.112707450] [leo2.controller_server]: Passing new path to controller.
[controller_server-1] [ERROR] [1783983497.169970676] [transformPoseInTargetFrame]: Extrapolation Error looking up target frame: Lookup would require extrapolation into the future.  Requested time 108.092000 but the latest data is at time 108.040000, when looking up transform from frame [leo1/map] to frame [leo1/base_link]
[controller_server-1] 
[controller_server-1] [WARN] [1783983497.170448687] [leo1.controller_server]: Control loop missed its desired rate of 20.0000Hz
[controller_server-7] [WARN] [1783983497.204833203] [leo2.controller_server]: Control loop missed its desired rate of 20.0000Hz
[controller_server-1] [INFO] [1783983498.088113265] [leo1.controller_server]: Passing new path to controller.
[controller_server-7] [INFO] [1783983498.112719142] [leo2.controller_server]: Passing new path to controller.
[controller_server-1] [INFO] [1783983499.138101113] [leo1.controller_server]: Passing new path to controller.
[controller_server-7] [INFO] [1783983499.162682033] [leo2.controller_server]: Passing new path to controller.
[controller_server-1] [WARN] [1783983499.209483508] [leo1.controller_server]: Control loop missed its desired rate of 20.0000Hz
[controller_server-7] [WARN] [1783983499.234971558] [leo2.controller_server]: Control loop missed its desired rate of 20.0000Hz
[controller_server-1] [INFO] [1783983500.138108485] [leo1.controller_server]: Passing new path to controller.
[controller_server-7] [INFO] [1783983500.212694497] [leo2.controller_server]: Passing new path to controller.
[controller_server-1] [ERROR] [1783983500.249546784] [transformPoseInTargetFrame]: Extrapolation Error looking up target frame: Lookup would require extrapolation into the future.  Requested time 110.857000 but the latest data is at time 110.820000, when looking up transform from frame [leo1/map] to frame [leo1/base_link]
[controller_server-1] 
[controller_server-1] [WARN] [1783983500.250021617] [leo1.controller_server]: Control loop missed its desired rate of 20.0000Hz
[controller_server-7] [WARN] [1783983500.314677541] [leo2.controller_server]: Control loop missed its desired rate of 20.0000Hz
[controller_server-1] [INFO] [1783983501.209481408] [leo1.controller_server]: Passing new path to controller.
[controller_server-7] [INFO] [1783983501.233668069] [leo2.controller_server]: Passing new path to controller.
[controller_server-1] [ERROR] [1783983501.320856487] [transformPoseInTargetFrame]: Extrapolation Error looking up target frame: Lookup would require extrapolation into the future.  Requested time 111.865000 but the latest data is at time 111.820000, when looking up transform from frame [leo1/map] to frame [leo1/base_link]
[controller_server-1] 
[controller_server-1] [WARN] [1783983501.321112775] [leo1.controller_server]: Control loop missed its desired rate of 20.0000Hz
[controller_server-7] [ERROR] [1783983501.345038533] [transformPoseInTargetFrame]: Extrapolation Error looking up target frame: Lookup would require extrapolation into the future.  Requested time 111.888000 but the latest data is at time 111.841000, when looking up transform from frame [leo2/map] to frame [leo2/base_link]
[controller_server-7] 
[controller_server-7] [WARN] [1783983501.346378949] [leo2.controller_server]: Control loop missed its desired rate of 20.0000Hz
[controller_server-1] [INFO] [1783983502.200170595] [leo1.controller_server]: Passing new path to controller.
[controller_server-7] [INFO] [1783983502.264753867] [leo2.controller_server]: Passing new path to controller.
[controller_server-7] [ERROR] [1783983502.375885989] [transformPoseInTargetFrame]: Extrapolation Error looking up target frame: Lookup would require extrapolation into the future.  Requested time 112.856000 but the latest data is at time 112.841000, when looking up transform from frame [leo2/map] to frame [leo2/base_link]
[controller_server-7] 
[controller_server-7] [WARN] [1783983502.376565258] [leo2.controller_server]: Control loop missed its desired rate of 20.0000Hz
[controller_server-1] [INFO] [1783983503.250126223] [leo1.controller_server]: Passing new path to controller.
[controller_server-7] [INFO] [1783983503.293253902] [leo2.controller_server]: Passing new path to controller.
[controller_server-1] [INFO] [1783983503.300236201] [leo1.controller_server]: Reached the goal!
[bt_navigator-4] [INFO] [1783983503.334866894] [leo1.bt_navigator]: Goal succeeded
[controller_server-7] [INFO] [1783983504.320803776] [leo2.controller_server]: Passing new path to controller.
[controller_server-7] [INFO] [1783983505.326671484] [leo2.controller_server]: Passing new path to controller.
[controller_server-7] [WARN] [1783983505.398948567] [leo2.controller_server]: Control loop missed its desired rate of 20.0000Hz
[bt_navigator-4] [INFO] [1783983506.079257223] [leo1.bt_navigator]: Begin navigating from current location (-9.44, -0.09) to (8.39, 0.23)
[controller_server-1] [INFO] [1783983506.100933352] [leo1.controller_server]: Received a goal, begin computing control effort.
[controller_server-1] [ERROR] [1783983506.222795211] [transformPoseInTargetFrame]: Extrapolation Error looking up target frame: Lookup would require extrapolation into the future.  Requested time 116.428000 but the latest data is at time 116.420000, when looking up transform from frame [leo1/map] to frame [leo1/base_link]
[controller_server-1] 
[controller_server-1] [WARN] [1783983506.224202235] [leo1.controller_server]: Control loop missed its desired rate of 20.0000Hz
[controller_server-7] [INFO] [1783983506.376665072] [leo2.controller_server]: Passing new path to controller.
[controller_server-7] [ERROR] [1783983506.498241474] [transformPoseInTargetFrame]: Extrapolation Error looking up target frame: Lookup would require extrapolation into the future.  Requested time 116.662000 but the latest data is at time 116.641000, when looking up transform from frame [leo2/map] to frame [leo2/base_link]
[controller_server-7] 
[controller_server-7] [WARN] [1783983506.498861118] [leo2.controller_server]: Control loop missed its desired rate of 20.0000Hz
[controller_server-1] [INFO] [1783983507.144835735] [leo1.controller_server]: Passing new path to controller.
[controller_server-1] [ERROR] [1783983507.335432150] [transformPoseInTargetFrame]: Extrapolation Error looking up target frame: Lookup would require extrapolation into the future.  Requested time 117.456000 but the latest data is at time 117.420000, when looking up transform from frame [leo1/map] to frame [leo1/base_link]
[controller_server-1] 
[controller_server-1] [WARN] [1783983507.336210515] [leo1.controller_server]: Control loop missed its desired rate of 20.0000Hz
[controller_server-7] [INFO] [1783983507.414170127] [leo2.controller_server]: Passing new path to controller.
[controller_server-1] [INFO] [1783983508.204012658] [leo1.controller_server]: Passing new path to controller.
[controller_server-1] [ERROR] [1783983508.397346712] [transformPoseInTargetFrame]: Extrapolation Error looking up target frame: Lookup would require extrapolation into the future.  Requested time 118.435000 but the latest data is at time 118.420000, when looking up transform from frame [leo1/map] to frame [leo1/base_link]
[controller_server-1] 
[controller_server-1] [WARN] [1783983508.398597490] [leo1.controller_server]: Control loop missed its desired rate of 20.0000Hz
[controller_server-7] [INFO] [1783983508.440148213] [leo2.controller_server]: Passing new path to controller.
[controller_server-1] [INFO] [1783983509.214972950] [leo1.controller_server]: Passing new path to controller.
[controller_server-1] [WARN] [1783983509.306262101] [leo1.controller_server]: Control loop missed its desired rate of 20.0000Hz
[controller_server-7] [INFO] [1783983509.448924352] [leo2.controller_server]: Passing new path to controller.
[controller_server-1] [ERROR] [1783983509.459725530] [transformPoseInTargetFrame]: Extrapolation Error looking up target frame: Lookup would require extrapolation into the future.  Requested time 119.438000 but the latest data is at time 119.420000, when looking up transform from frame [leo1/map] to frame [leo1/base_link]
[controller_server-1] 
[controller_server-1] [WARN] [1783983509.460559879] [leo1.controller_server]: Control loop missed its desired rate of 20.0000Hz
[controller_server-7] [WARN] [1783983509.540408425] [leo2.controller_server]: Control loop missed its desired rate of 20.0000Hz
[controller_server-1] [INFO] [1783983510.225369512] [leo1.controller_server]: Passing new path to controller.
[controller_server-1] [ERROR] [1783983510.336802052] [transformPoseInTargetFrame]: Extrapolation Error looking up target frame: Lookup would require extrapolation into the future.  Requested time 120.266000 but the latest data is at time 120.220000, when looking up transform from frame [leo1/map] to frame [leo1/base_link]
[controller_server-1] 
[controller_server-1] [WARN] [1783983510.337604396] [leo1.controller_server]: Control loop missed its desired rate of 20.0000Hz
[controller_server-7] [INFO] [1783983510.498906018] [leo2.controller_server]: Passing new path to controller.
[controller_server-7] [WARN] [1783983510.600391460] [leo2.controller_server]: Control loop missed its desired rate of 20.0000Hz
[controller_server-1] [INFO] [1783983511.260664790] [leo1.controller_server]: Passing new path to controller.
[controller_server-1] [ERROR] [1783983511.372257819] [transformPoseInTargetFrame]: Extrapolation Error looking up target frame: Lookup would require extrapolation into the future.  Requested time 121.225000 but the latest data is at time 121.220000, when looking up transform from frame [leo1/map] to frame [leo1/base_link]
[controller_server-1] 
[controller_server-1] [WARN] [1783983511.373396163] [leo1.controller_server]: Control loop missed its desired rate of 20.0000Hz
[controller_server-7] [INFO] [1783983511.511171022] [leo2.controller_server]: Passing new path to controller.
[controller_server-7] [ERROR] [1783983511.633093308] [transformPoseInTargetFrame]: Extrapolation Error looking up target frame: Lookup would require extrapolation into the future.  Requested time 121.459000 but the latest data is at time 121.441000, when looking up transform from frame [leo2/map] to frame [leo2/base_link]
[controller_server-7] 
[controller_server-7] [WARN] [1783983511.633793716] [leo2.controller_server]: Control loop missed its desired rate of 20.0000Hz
[controller_server-1] [INFO] [1783983512.293821922] [leo1.controller_server]: Passing new path to controller.
[controller_server-7] [INFO] [1783983512.550475102] [leo2.controller_server]: Passing new path to controller.
[controller_server-7] [WARN] [1783983512.611814452] [leo2.controller_server]: Control loop missed its desired rate of 20.0000Hz
[controller_server-1] [INFO] [1783983513.323496062] [leo1.controller_server]: Passing new path to controller.
[controller_server-1] [ERROR] [1783983513.435269073] [transformPoseInTargetFrame]: Extrapolation Error looking up target frame: Lookup would require extrapolation into the future.  Requested time 123.046000 but the latest data is at time 123.020000, when looking up transform from frame [leo1/map] to frame [leo1/base_link]
[controller_server-1] 
[controller_server-1] [WARN] [1783983513.436247164] [leo1.controller_server]: Control loop missed its desired rate of 20.0000Hz
[controller_server-7] [INFO] [1783983513.550445385] [leo2.controller_server]: Passing new path to controller.
[controller_server-7] [ERROR] [1783983513.672206959] [transformPoseInTargetFrame]: Extrapolation Error looking up target frame: Lookup would require extrapolation into the future.  Requested time 123.245000 but the latest data is at time 123.241000, when looking up transform from frame [leo2/map] to frame [leo2/base_link]
[controller_server-7] 
[controller_server-7] [WARN] [1783983513.672578890] [leo2.controller_server]: Control loop missed its desired rate of 20.0000Hz
[controller_server-1] [INFO] [1783983514.356348418] [leo1.controller_server]: Passing new path to controller.
[controller_server-7] [INFO] [1783983514.584058457] [leo2.controller_server]: Passing new path to controller.
[controller_server-7] [INFO] [1783983515.022652273] [leo2.controller_server]: Goal was canceled. Stopping the robot.
[controller_server-7] [INFO] [1783983515.022716618] [leo2.controller_server]: [follow_path] [ActionServer] Client requested to cancel the goal. Cancelling.
[bt_navigator-10] [INFO] [1783983515.022905418] [leo2.bt_navigator]: [navigate_to_pose] [ActionServer] Client requested to cancel the goal. Cancelling.
[bt_navigator-10] [INFO] [1783983515.023487104] [leo2.bt_navigator]: Goal canceled
[controller_server-1] [INFO] [1783983515.386286229] [leo1.controller_server]: Passing new path to controller.
[controller_server-1] [WARN] [1783983515.488796750] [leo1.controller_server]: Control loop missed its desired rate of 20.0000Hz
[controller_server-1] [INFO] [1783983516.408342189] [leo1.controller_server]: Passing new path to controller.
[controller_server-1] [ERROR] [1783983516.520209793] [transformPoseInTargetFrame]: Extrapolation Error looking up target frame: Lookup would require extrapolation into the future.  Requested time 125.868000 but the latest data is at time 125.820000, when looking up transform from frame [leo1/map] to frame [leo1/base_link]
[controller_server-1] 
[controller_server-1] [WARN] [1783983516.521522176] [leo1.controller_server]: Control loop missed its desired rate of 20.0000Hz
[controller_server-1] [INFO] [1783983517.438867895] [leo1.controller_server]: Passing new path to controller.
[controller_server-1] [INFO] [1783983518.488908206] [leo1.controller_server]: Passing new path to controller.
[bt_navigator-10] [INFO] [1783983519.179690974] [leo2.bt_navigator]: Begin navigating from current location (3.04, -0.07) to (-0.41, 3.66)
[controller_server-7] [INFO] [1783983519.200857558] [leo2.controller_server]: Received a goal, begin computing control effort.
[controller_server-7] [ERROR] [1783983519.373121341] [transformPoseInTargetFrame]: Extrapolation Error looking up target frame: Lookup would require extrapolation into the future.  Requested time 128.477000 but the latest data is at time 128.441000, when looking up transform from frame [leo2/map] to frame [leo2/base_link]
[controller_server-7] 
[controller_server-7] [WARN] [1783983519.374189519] [leo2.controller_server]: Control loop missed its desired rate of 20.0000Hz
[controller_server-1] [INFO] [1783983519.538934928] [leo1.controller_server]: Passing new path to controller.
[controller_server-1] [WARN] [1783983519.631857247] [leo1.controller_server]: Control loop missed its desired rate of 20.0000Hz
[controller_server-7] [INFO] [1783983520.247329140] [leo2.controller_server]: Passing new path to controller.
[controller_server-7] [WARN] [1783983520.348961493] [leo2.controller_server]: Control loop missed its desired rate of 20.0000Hz
[controller_server-7] [ERROR] [1783983520.495799966] [transformPoseInTargetFrame]: Extrapolation Error looking up target frame: Lookup would require extrapolation into the future.  Requested time 129.457000 but the latest data is at time 129.441000, when looking up transform from frame [leo2/map] to frame [leo2/base_link]
[controller_server-7] 
[controller_server-7] [WARN] [1783983520.497511671] [leo2.controller_server]: Control loop missed its desired rate of 20.0000Hz
[controller_server-1] [INFO] [1783983520.538903555] [leo1.controller_server]: Passing new path to controller.
[controller_server-7] [INFO] [1783983521.269682659] [leo2.controller_server]: Passing new path to controller.
[controller_server-7] [ERROR] [1783983521.441717892] [transformPoseInTargetFrame]: Extrapolation Error looking up target frame: Lookup would require extrapolation into the future.  Requested time 130.293000 but the latest data is at time 130.241000, when looking up transform from frame [leo2/map] to frame [leo2/base_link]
[controller_server-7] 
[controller_server-7] [WARN] [1783983521.442663198] [leo2.controller_server]: Control loop missed its desired rate of 20.0000Hz
[planner_server-2] [INFO] [1783983521.562269209] [leo1.global_costmap.global_costmap]: StaticLayer: Resizing costmap to 478 X 318 at 0.050000 m/pix
[controller_server-1] [INFO] [1783983521.588887025] [leo1.controller_server]: Passing new path to controller.
[controller_server-1] [WARN] [1783983521.682342525] [leo1.controller_server]: Control loop missed its desired rate of 20.0000Hz
[controller_server-7] [INFO] [1783983522.297635066] [leo2.controller_server]: Passing new path to controller.
[controller_server-7] [WARN] [1783983522.399227332] [leo2.controller_server]: Control loop missed its desired rate of 20.0000Hz
[controller_server-7] [ERROR] [1783983522.580896239] [transformPoseInTargetFrame]: Extrapolation Error looking up target frame: Lookup would require extrapolation into the future.  Requested time 131.286000 but the latest data is at time 131.241000, when looking up transform from frame [leo2/map] to frame [leo2/base_link]
[controller_server-7] 
[controller_server-7] [WARN] [1783983522.582276714] [leo2.controller_server]: Control loop missed its desired rate of 20.0000Hz
[controller_server-1] [INFO] [1783983522.588875848] [leo1.controller_server]: Passing new path to controller.
[controller_server-1] [INFO] [1783983524.516796937] [leo1.controller_server]: Passing new path to controller.
[controller_server-7] [INFO] [1783983524.527296385] [leo2.controller_server]: Passing new path to controller.
[controller_server-7] [ERROR] [1783983524.738393880] [transformPoseInTargetFrame]: Extrapolation Error looking up target frame: Lookup would require extrapolation into the future.  Requested time 131.881000 but the latest data is at time 131.841000, when looking up transform from frame [leo2/map] to frame [leo2/base_link]
[controller_server-7] 
[controller_server-7] [WARN] [1783983524.739212894] [leo2.controller_server]: Control loop missed its desired rate of 20.0000Hz
[bt_navigator-4] [INFO] [1783983525.387339287] [leo1.bt_navigator]: Received goal preemption request
[bt_navigator-4] [INFO] [1783983525.388196023] [leo1.bt_navigator]: Begin navigating from current location (-6.92, -0.15) to (9.12, -0.12)
[controller_server-7] [INFO] [1783983525.509088921] [leo2.controller_server]: Passing new path to controller.
[controller_server-1] [INFO] [1783983525.516813935] [leo1.controller_server]: Passing new path to controller.
[controller_server-7] [ERROR] [1783983525.620562985] [transformPoseInTargetFrame]: Extrapolation Error looking up target frame: Lookup would require extrapolation into the future.  Requested time 132.689000 but the latest data is at time 132.641000, when looking up transform from frame [leo2/map] to frame [leo2/base_link]
[controller_server-7] 
[controller_server-7] [WARN] [1783983525.621791872] [leo2.controller_server]: Control loop missed its desired rate of 20.0000Hz
[controller_server-1] [WARN] [1783983525.629127256] [leo1.controller_server]: Control loop missed its desired rate of 20.0000Hz
[controller_server-7] [INFO] [1783983526.539359115] [leo2.controller_server]: Passing new path to controller.
[controller_server-1] [INFO] [1783983526.548411391] [leo1.controller_server]: Passing new path to controller.
[controller_server-7] [ERROR] [1783983526.661369775] [transformPoseInTargetFrame]: Extrapolation Error looking up target frame: Lookup would require extrapolation into the future.  Requested time 133.654000 but the latest data is at time 133.641000, when looking up transform from frame [leo2/map] to frame [leo2/base_link]
[controller_server-7] 
[controller_server-7] [WARN] [1783983526.662921305] [leo2.controller_server]: Control loop missed its desired rate of 20.0000Hz
[controller_server-1] [ERROR] [1783983526.670225890] [transformPoseInTargetFrame]: Extrapolation Error looking up target frame: Lookup would require extrapolation into the future.  Requested time 133.662000 but the latest data is at time 133.620000, when looking up transform from frame [leo1/map] to frame [leo1/base_link]
[controller_server-1] 
[controller_server-1] [WARN] [1783983526.671004418] [leo1.controller_server]: Control loop missed its desired rate of 20.0000Hz
[controller_server-1] [INFO] [1783983527.579227347] [leo1.controller_server]: Passing new path to controller.
[controller_server-7] [INFO] [1783983527.587153685] [leo2.controller_server]: Passing new path to controller.
[controller_server-7] [INFO] [1783983528.613008460] [leo2.controller_server]: Passing new path to controller.
[controller_server-1] [INFO] [1783983528.629272965] [leo1.controller_server]: Passing new path to controller.
[controller_server-7] [ERROR] [1783983528.755216949] [transformPoseInTargetFrame]: Extrapolation Error looking up target frame: Lookup would require extrapolation into the future.  Requested time 135.458000 but the latest data is at time 135.441000, when looking up transform from frame [leo2/map] to frame [leo2/base_link]
[controller_server-7] 
[controller_server-7] [WARN] [1783983528.756121740] [leo2.controller_server]: Control loop missed its desired rate of 20.0000Hz
[controller_server-1] [ERROR] [1783983528.761339135] [transformPoseInTargetFrame]: Extrapolation Error looking up target frame: Lookup would require extrapolation into the future.  Requested time 135.467000 but the latest data is at time 135.420000, when looking up transform from frame [leo1/map] to frame [leo1/base_link]
[controller_server-1] 
[controller_server-1] [WARN] [1783983528.762843363] [leo1.controller_server]: Control loop missed its desired rate of 20.0000Hz
[controller_server-1] [INFO] [1783983529.633990713] [leo1.controller_server]: Passing new path to controller.
[controller_server-7] [INFO] [1783983529.677258084] [leo2.controller_server]: Passing new path to controller.
[controller_server-1] [WARN] [1783983529.746469846] [leo1.controller_server]: Control loop missed its desired rate of 20.0000Hz
[controller_server-7] [WARN] [1783983529.770075447] [leo2.controller_server]: Control loop missed its desired rate of 20.0000Hz
[controller_server-1] [INFO] [1783983530.662923663] [leo1.controller_server]: Passing new path to controller.
[controller_server-7] [INFO] [1783983530.706242577] [leo2.controller_server]: Passing new path to controller.
[controller_server-7] [INFO] [1783983531.706249268] [leo2.controller_server]: Passing new path to controller.
[controller_server-1] [INFO] [1783983531.712949434] [leo1.controller_server]: Passing new path to controller.
[controller_server-7] [ERROR] [1783983531.817894661] [transformPoseInTargetFrame]: Extrapolation Error looking up target frame: Lookup would require extrapolation into the future.  Requested time 138.099000 but the latest data is at time 138.041000, when looking up transform from frame [leo2/map] to frame [leo2/base_link]
[controller_server-7] 
[controller_server-7] [WARN] [1783983531.820368818] [leo2.controller_server]: Control loop missed its desired rate of 20.0000Hz
[controller_server-1] [WARN] [1783983531.826430923] [leo1.controller_server]: Control loop missed its desired rate of 20.0000Hz
[controller_server-7] [INFO] [1783983532.743356375] [leo2.controller_server]: Passing new path to controller.
[controller_server-1] [INFO] [1783983532.747630085] [leo1.controller_server]: Passing new path to controller.
[controller_server-7] [ERROR] [1783983532.854815506] [transformPoseInTargetFrame]: Extrapolation Error looking up target frame: Lookup would require extrapolation into the future.  Requested time 139.065000 but the latest data is at time 139.041000, when looking up transform from frame [leo2/map] to frame [leo2/base_link]
[controller_server-7] 
[controller_server-7] [WARN] [1783983532.855709121] [leo2.controller_server]: Control loop missed its desired rate of 20.0000Hz
[controller_server-1] [ERROR] [1783983532.859122785] [transformPoseInTargetFrame]: Extrapolation Error looking up target frame: Lookup would require extrapolation into the future.  Requested time 139.068000 but the latest data is at time 139.020000, when looking up transform from frame [leo1/map] to frame [leo1/base_link]
[controller_server-1] 
[controller_server-1] [WARN] [1783983532.860107017] [leo1.controller_server]: Control loop missed its desired rate of 20.0000Hz
[planner_server-8] [INFO] [1783983533.090588342] [leo2.global_costmap.global_costmap]: StaticLayer: Resizing costmap to 477 X 236 at 0.050000 m/pix
[controller_server-7] [INFO] [1783983533.770431150] [leo2.controller_server]: Passing new path to controller.
[controller_server-1] [INFO] [1783983533.776514301] [leo1.controller_server]: Passing new path to controller.
[controller_server-1] [ERROR] [1783983533.887912536] [transformPoseInTargetFrame]: Extrapolation Error looking up target frame: Lookup would require extrapolation into the future.  Requested time 140.043000 but the latest data is at time 140.020000, when looking up transform from frame [leo1/map] to frame [leo1/base_link]
[controller_server-1] 
[controller_server-1] [WARN] [1783983533.889275434] [leo1.controller_server]: Control loop missed its desired rate of 20.0000Hz
[controller_server-7] [INFO] [1783983534.770438651] [leo2.controller_server]: Passing new path to controller.
[controller_server-1] [INFO] [1783983534.811546615] [leo1.controller_server]: Passing new path to controller.
[controller_server-7] [WARN] [1783983534.852839743] [leo2.controller_server]: Control loop missed its desired rate of 20.0000Hz
[controller_server-7] [INFO] [1783983535.820459761] [leo2.controller_server]: Passing new path to controller.
[controller_server-1] [INFO] [1783983535.839346801] [leo1.controller_server]: Passing new path to controller.
[controller_server-7] [WARN] [1783983535.902289442] [leo2.controller_server]: Control loop missed its desired rate of 20.0000Hz
[controller_server-1] [INFO] [1783983536.839347051] [leo1.controller_server]: Passing new path to controller.
[controller_server-7] [INFO] [1783983536.870454677] [leo2.controller_server]: Passing new path to controller.
[controller_server-1] [WARN] [1783983536.942053405] [leo1.controller_server]: Control loop missed its desired rate of 20.0000Hz
[controller_server-7] [WARN] [1783983536.962008395] [leo2.controller_server]: Control loop missed its desired rate of 20.0000Hz
[controller_server-7] [INFO] [1783983537.870482506] [leo2.controller_server]: Passing new path to controller.
[controller_server-1] [INFO] [1783983537.911983243] [leo1.controller_server]: Passing new path to controller.
[controller_server-7] [ERROR] [1783983537.981928306] [transformPoseInTargetFrame]: Extrapolation Error looking up target frame: Lookup would require extrapolation into the future.  Requested time 143.894000 but the latest data is at time 143.841000, when looking up transform from frame [leo2/map] to frame [leo2/base_link]
[controller_server-7] 
[controller_server-7] [WARN] [1783983537.983051575] [leo2.controller_server]: Control loop missed its desired rate of 20.0000Hz
[controller_server-1] [WARN] [1783983537.994493879] [leo1.controller_server]: Control loop missed its desired rate of 20.0000Hz
[controller_server-7] [INFO] [1783983538.900194906] [leo2.controller_server]: Passing new path to controller.
[controller_server-1] [INFO] [1783983538.942148192] [leo1.controller_server]: Passing new path to controller.
[controller_server-1] [ERROR] [1783983539.054007210] [transformPoseInTargetFrame]: Extrapolation Error looking up target frame: Lookup would require extrapolation into the future.  Requested time 144.853000 but the latest data is at time 144.820000, when looking up transform from frame [leo1/map] to frame [leo1/base_link]
[controller_server-1] 
[controller_server-1] [WARN] [1783983539.054802536] [leo1.controller_server]: Control loop missed its desired rate of 20.0000Hz
[controller_server-7] [INFO] [1783983539.928245955] [leo2.controller_server]: Passing new path to controller.
[controller_server-1] [INFO] [1783983539.979368559] [leo1.controller_server]: Passing new path to controller.
[controller_server-7] [WARN] [1783983540.051261071] [leo2.controller_server]: Control loop missed its desired rate of 20.0000Hz
[planner_server-8] [ERROR] [1783983540.920208860] [leo2.planner_server]: Failed to create a plan from potential when a legal potential was found. This shouldn't happen.
[planner_server-8] [WARN] [1783983540.920283028] [leo2.planner_server]: GridBased: failed to create plan with tolerance 0.50.
[planner_server-8] [WARN] [1783983540.920292179] [leo2.planner_server]: Planning algorithm GridBased failed to generate a valid path to (-0.41, 3.66)
[planner_server-8] [WARN] [1783983540.920299420] [leo2.planner_server]: [compute_path_to_pose] [ActionServer] Aborting handle.
[planner_server-8] [INFO] [1783983540.938032488] [leo2.global_costmap.global_costmap]: Received request to clear entirely the global_costmap
[controller_server-1] [INFO] [1783983541.004877148] [leo1.controller_server]: Passing new path to controller.
[controller_server-1] [WARN] [1783983541.096814268] [leo1.controller_server]: Control loop missed its desired rate of 20.0000Hz
[planner_server-8] [ERROR] [1783983541.100103243] [leo2.planner_server]: Failed to create a plan from potential when a legal potential was found. This shouldn't happen.
[planner_server-8] [WARN] [1783983541.100183184] [leo2.planner_server]: GridBased: failed to create plan with tolerance 0.50.
[planner_server-8] [WARN] [1783983541.100192787] [leo2.planner_server]: Planning algorithm GridBased failed to generate a valid path to (-0.41, 3.66)
[planner_server-8] [WARN] [1783983541.100201533] [leo2.planner_server]: [compute_path_to_pose] [ActionServer] Aborting handle.
[bt_navigator-10] [ERROR] [1783983541.138372773] [leo2.bt_navigator_navigate_to_pose_rclcpp_node]: Failed to get result for follow_path in node halt!
[controller_server-7] [INFO] [1783983541.138567498] [leo2.local_costmap.local_costmap]: Received request to clear entirely the local_costmap
[planner_server-8] [INFO] [1783983541.139088349] [leo2.global_costmap.global_costmap]: Received request to clear entirely the global_costmap
[bt_navigator-10] [WARN] [1783983541.140314972] [BehaviorTreeEngine]: Behavior Tree tick rate 100.00 was exceeded!
[controller_server-7] [INFO] [1783983541.168455902] [leo2.controller_server]: Goal was canceled. Stopping the robot.
[controller_server-7] [INFO] [1783983541.168526098] [leo2.controller_server]: [follow_path] [ActionServer] Client requested to cancel the goal. Cancelling.
[planner_server-8] [ERROR] [1783983541.301162413] [leo2.planner_server]: Failed to create a plan from potential when a legal potential was found. This shouldn't happen.
[planner_server-8] [WARN] [1783983541.301267964] [leo2.planner_server]: GridBased: failed to create plan with tolerance 0.50.
[planner_server-8] [WARN] [1783983541.301288324] [leo2.planner_server]: Planning algorithm GridBased failed to generate a valid path to (-0.41, 3.66)
[planner_server-8] [WARN] [1783983541.301304344] [leo2.planner_server]: [compute_path_to_pose] [ActionServer] Aborting handle.
[planner_server-8] [INFO] [1783983541.320312385] [leo2.global_costmap.global_costmap]: Received request to clear entirely the global_costmap
[controller_server-7] [INFO] [1783983541.521240561] [leo2.controller_server]: Received a goal, begin computing control effort.
[controller_server-1] [INFO] [1783983542.004867061] [leo1.controller_server]: Passing new path to controller.
[controller_server-1] [ERROR] [1783983542.116294947] [transformPoseInTargetFrame]: Extrapolation Error looking up target frame: Lookup would require extrapolation into the future.  Requested time 147.668000 but the latest data is at time 147.620000, when looking up transform from frame [leo1/map] to frame [leo1/base_link]
[controller_server-1] 
[controller_server-1] [WARN] [1783983542.117113411] [leo1.controller_server]: Control loop missed its desired rate of 20.0000Hz
[controller_server-7] [INFO] [1783983542.571455339] [leo2.controller_server]: Passing new path to controller.
[controller_server-1] [INFO] [1783983543.037112466] [leo1.controller_server]: Passing new path to controller.
[controller_server-7] [INFO] [1783983543.571399078] [leo2.controller_server]: Passing new path to controller.
[controller_server-7] [WARN] [1783983543.683148602] [leo2.controller_server]: Control loop missed its desired rate of 20.0000Hz
[controller_server-1] [INFO] [1783983544.067161564] [leo1.controller_server]: Passing new path to controller.
[controller_server-7] [INFO] [1783983544.646825976] [leo2.controller_server]: Passing new path to controller.
[controller_server-7] [WARN] [1783983544.738706128] [leo2.controller_server]: Control loop missed its desired rate of 20.0000Hz
[controller_server-1] [INFO] [1783983545.117229931] [leo1.controller_server]: Passing new path to controller.
[controller_server-7] [INFO] [1783983545.633226711] [leo2.controller_server]: Passing new path to controller.
[controller_server-1] [INFO] [1783983546.117210702] [leo1.controller_server]: Passing new path to controller.
[controller_server-7] [INFO] [1783983546.683222988] [leo2.controller_server]: Passing new path to controller.
[controller_server-7] [ERROR] [1783983546.805180671] [transformPoseInTargetFrame]: Extrapolation Error looking up target frame: Lookup would require extrapolation into the future.  Requested time 151.907000 but the latest data is at time 151.841000, when looking up transform from frame [leo2/map] to frame [leo2/base_link]
[controller_server-7] 
[controller_server-7] [WARN] [1783983546.806075850] [leo2.controller_server]: Control loop missed its desired rate of 20.0000Hz
[controller_server-1] [INFO] [1783983547.167202915] [leo1.controller_server]: Passing new path to controller.
[controller_server-1] [WARN] [1783983547.270244898] [leo1.controller_server]: Control loop missed its desired rate of 20.0000Hz
[controller_server-7] [INFO] [1783983547.719944750] [leo2.controller_server]: Passing new path to controller.
[controller_server-1] [INFO] [1783983548.193381809] [leo1.controller_server]: Passing new path to controller.
[controller_server-7] [INFO] [1783983548.756170179] [leo2.controller_server]: Passing new path to controller.
[controller_server-7] [ERROR] [1783983548.867690231] [transformPoseInTargetFrame]: Extrapolation Error looking up target frame: Lookup would require extrapolation into the future.  Requested time 153.705000 but the latest data is at time 153.641000, when looking up transform from frame [leo2/map] to frame [leo2/base_link]
[controller_server-7] 
[controller_server-7] [WARN] [1783983548.868233781] [leo2.controller_server]: Control loop missed its desired rate of 20.0000Hz
[controller_server-1] [INFO] [1783983549.220337311] [leo1.controller_server]: Passing new path to controller.
[controller_server-1] [WARN] [1783983549.271751939] [leo1.controller_server]: Control loop missed its desired rate of 20.0000Hz
[controller_server-7] [INFO] [1783983549.775664012] [leo2.controller_server]: Passing new path to controller.
[controller_server-7] [ERROR] [1783983549.887007300] [transformPoseInTargetFrame]: Extrapolation Error looking up target frame: Lookup would require extrapolation into the future.  Requested time 154.661000 but the latest data is at time 154.641000, when looking up transform from frame [leo2/map] to frame [leo2/base_link]
[controller_server-7] 
[controller_server-7] [WARN] [1783983549.887451030] [leo2.controller_server]: Control loop missed its desired rate of 20.0000Hz
[controller_server-1] [INFO] [1783983550.270347899] [leo1.controller_server]: Passing new path to controller.
[controller_server-1] [WARN] [1783983550.342085704] [leo1.controller_server]: Control loop missed its desired rate of 20.0000Hz
[controller_server-7] [INFO] [1783983550.768316245] [leo2.controller_server]: Passing new path to controller.
[controller_server-1] [INFO] [1783983551.270319258] [leo1.controller_server]: Passing new path to controller.
[controller_server-1] [ERROR] [1783983551.381747761] [transformPoseInTargetFrame]: Extrapolation Error looking up target frame: Lookup would require extrapolation into the future.  Requested time 156.078000 but the latest data is at time 156.020000, when looking up transform from frame [leo1/map] to frame [leo1/base_link]
[controller_server-1] 
[controller_server-1] [WARN] [1783983551.382666977] [leo1.controller_server]: Control loop missed its desired rate of 20.0000Hz
[planner_server-8] [INFO] [1783983551.490602816] [leo2.global_costmap.global_costmap]: StaticLayer: Resizing costmap to 477 X 238 at 0.050000 m/pix
[controller_server-7] [INFO] [1783983551.818324659] [leo2.controller_server]: Passing new path to controller.
[controller_server-7] [WARN] [1783983551.869559158] [leo2.controller_server]: Control loop missed its desired rate of 20.0000Hz
[controller_server-1] [INFO] [1783983552.303373529] [leo1.controller_server]: Passing new path to controller.
[controller_server-1] [ERROR] [1783983552.425193178] [transformPoseInTargetFrame]: Extrapolation Error looking up target frame: Lookup would require extrapolation into the future.  Requested time 157.027000 but the latest data is at time 157.020000, when looking up transform from frame [leo1/map] to frame [leo1/base_link]
[controller_server-1] 
[controller_server-1] [WARN] [1783983552.426127770] [leo1.controller_server]: Control loop missed its desired rate of 20.0000Hz
[controller_server-7] [INFO] [1783983552.868381578] [leo2.controller_server]: Passing new path to controller.
[controller_server-1] [INFO] [1783983553.332778734] [leo1.controller_server]: Passing new path to controller.
[controller_server-1] [WARN] [1783983553.415025168] [leo1.controller_server]: Control loop missed its desired rate of 20.0000Hz
[controller_server-7] [INFO] [1783983553.868332053] [leo2.controller_server]: Passing new path to controller.
[controller_server-1] [INFO] [1783983554.382757868] [leo1.controller_server]: Passing new path to controller.
[controller_server-7] [INFO] [1783983556.105036018] [leo2.controller_server]: Passing new path to controller.
[controller_server-1] [ERROR] [1783983556.141315406] [transformPoseInTargetFrame]: Extrapolation Error looking up target frame: Lookup would require extrapolation into the future.  Requested time 158.823000 but the latest data is at time 158.820000, when looking up transform from frame [leo1/map] to frame [leo1/base_link]
[controller_server-1] 
[controller_server-1] [WARN] [1783983556.142818245] [leo1.controller_server]: Control loop missed its desired rate of 20.0000Hz
[controller_server-1] [INFO] [1783983556.142844372] [leo1.controller_server]: Passing new path to controller.
[controller_server-7] [INFO] [1783983556.255347606] [leo2.controller_server]: Reached the goal!
[bt_navigator-10] [INFO] [1783983556.288045320] [leo2.bt_navigator]: Goal succeeded
[controller_server-1] [INFO] [1783983557.192932995] [leo1.controller_server]: Passing new path to controller.
[controller_server-1] [ERROR] [1783983557.305508810] [transformPoseInTargetFrame]: Extrapolation Error looking up target frame: Lookup would require extrapolation into the future.  Requested time 159.855000 but the latest data is at time 159.820000, when looking up transform from frame [leo1/map] to frame [leo1/base_link]
[controller_server-1] 
[controller_server-1] [WARN] [1783983557.306966778] [leo1.controller_server]: Control loop missed its desired rate of 20.0000Hz
[bt_navigator-10] [INFO] [1783983557.549371210] [leo2.bt_navigator]: Begin navigating from current location (-0.30, 3.45) to (2.64, 5.26)
[controller_server-7] [INFO] [1783983557.570264457] [leo2.controller_server]: Received a goal, begin computing control effort.
[controller_server-7] [WARN] [1783983557.621233430] [leo2.controller_server]: Control loop missed its desired rate of 20.0000Hz
[controller_server-7] [ERROR] [1783983557.782167555] [transformPoseInTargetFrame]: Extrapolation Error looking up target frame: Lookup would require extrapolation into the future.  Requested time 160.265000 but the latest data is at time 160.241000, when looking up transform from frame [leo2/map] to frame [leo2/base_link]
[controller_server-7] 
[controller_server-7] [WARN] [1783983557.782760512] [leo2.controller_server]: Control loop missed its desired rate of 20.0000Hz
[controller_server-1] [INFO] [1783983558.227720037] [leo1.controller_server]: Passing new path to controller.
[controller_server-7] [INFO] [1783983558.647062757] [leo2.controller_server]: Passing new path to controller.
[controller_server-7] [ERROR] [1783983558.854152665] [transformPoseInTargetFrame]: Extrapolation Error looking up target frame: Lookup would require extrapolation into the future.  Requested time 161.243000 but the latest data is at time 161.241000, when looking up transform from frame [leo2/map] to frame [leo2/base_link]
[controller_server-7] 
[controller_server-7] [WARN] [1783983558.854967977] [leo2.controller_server]: Control loop missed its desired rate of 20.0000Hz
[controller_server-1] [INFO] [1783983559.207075036] [leo1.controller_server]: Passing new path to controller.
[controller_server-1] [ERROR] [1783983559.318739321] [transformPoseInTargetFrame]: Extrapolation Error looking up target frame: Lookup would require extrapolation into the future.  Requested time 161.679000 but the latest data is at time 161.620000, when looking up transform from frame [leo1/map] to frame [leo1/base_link]
[controller_server-1] 
[controller_server-1] [WARN] [1783983559.319939008] [leo1.controller_server]: Control loop missed its desired rate of 20.0000Hz
[controller_server-7] [INFO] [1783983559.672692481] [leo2.controller_server]: Passing new path to controller.
[controller_server-7] [WARN] [1783983559.774692060] [leo2.controller_server]: Control loop missed its desired rate of 20.0000Hz
[controller_server-7] [ERROR] [1783983559.916364120] [transformPoseInTargetFrame]: Extrapolation Error looking up target frame: Lookup would require extrapolation into the future.  Requested time 162.246000 but the latest data is at time 162.241000, when looking up transform from frame [leo2/map] to frame [leo2/base_link]
[controller_server-7] 
[controller_server-7] [WARN] [1783983559.916992374] [leo2.controller_server]: Control loop missed its desired rate of 20.0000Hz
[controller_server-1] [INFO] [1783983560.241323578] [leo1.controller_server]: Passing new path to controller.
[controller_server-1] [ERROR] [1783983560.353493467] [transformPoseInTargetFrame]: Extrapolation Error looking up target frame: Lookup would require extrapolation into the future.  Requested time 162.651000 but the latest data is at time 162.620000, when looking up transform from frame [leo1/map] to frame [leo1/base_link]
[controller_server-1] 
[controller_server-1] [WARN] [1783983560.354588160] [leo1.controller_server]: Control loop missed its desired rate of 20.0000Hz
[controller_server-7] [INFO] [1783983560.682536257] [leo2.controller_server]: Passing new path to controller.
[controller_server-7] [ERROR] [1783983560.793926476] [transformPoseInTargetFrame]: Extrapolation Error looking up target frame: Lookup would require extrapolation into the future.  Requested time 163.067000 but the latest data is at time 163.041000, when looking up transform from frame [leo2/map] to frame [leo2/base_link]
[controller_server-7] 
[controller_server-7] [WARN] [1783983560.794878009] [leo2.controller_server]: Control loop missed its desired rate of 20.0000Hz
[controller_server-1] [INFO] [1783983561.270016365] [leo1.controller_server]: Passing new path to controller.
[controller_server-7] [INFO] [1783983561.717093539] [leo2.controller_server]: Passing new path to controller.
[controller_server-1] [INFO] [1783983562.320621968] [leo1.controller_server]: Passing new path to controller.
[controller_server-7] [INFO] [1783983562.767058208] [leo2.controller_server]: Passing new path to controller.
[controller_server-1] [INFO] [1783983563.370043901] [leo1.controller_server]: Passing new path to controller.
[controller_server-1] [WARN] [1783983563.421862175] [leo1.controller_server]: Control loop missed its desired rate of 20.0000Hz
[controller_server-7] [INFO] [1783983563.767088865] [leo2.controller_server]: Passing new path to controller.
[controller_server-7] [ERROR] [1783983563.889269395] [transformPoseInTargetFrame]: Extrapolation Error looking up target frame: Lookup would require extrapolation into the future.  Requested time 165.902000 but the latest data is at time 165.841000, when looking up transform from frame [leo2/map] to frame [leo2/base_link]
[controller_server-7] 
[controller_server-7] [WARN] [1783983563.889937889] [leo2.controller_server]: Control loop missed its desired rate of 20.0000Hz
[controller_server-1] [INFO] [1783983564.370016675] [leo1.controller_server]: Passing new path to controller.
[controller_server-1] [ERROR] [1783983564.492269808] [transformPoseInTargetFrame]: Extrapolation Error looking up target frame: Lookup would require extrapolation into the future.  Requested time 166.429000 but the latest data is at time 166.420000, when looking up transform from frame [leo1/map] to frame [leo1/base_link]
[controller_server-1] 
[controller_server-1] [WARN] [1783983564.493243136] [leo1.controller_server]: Control loop missed its desired rate of 20.0000Hz
[controller_server-7] [INFO] [1783983564.803092415] [leo2.controller_server]: Passing new path to controller.
[controller_server-1] [INFO] [1783983565.416187389] [leo1.controller_server]: Passing new path to controller.
[planner_server-8] [ERROR] [1783983565.781305456] [leo2.planner_server]: Failed to create a plan from potential when a legal potential was found. This shouldn't happen.
[planner_server-8] [WARN] [1783983565.781412131] [leo2.planner_server]: GridBased: failed to create plan with tolerance 0.50.
[planner_server-8] [WARN] [1783983565.781432838] [leo2.planner_server]: Planning algorithm GridBased failed to generate a valid path to (2.64, 5.26)
[planner_server-8] [WARN] [1783983565.781447846] [leo2.planner_server]: [compute_path_to_pose] [ActionServer] Aborting handle.
[planner_server-8] [INFO] [1783983565.799858092] [leo2.global_costmap.global_costmap]: Received request to clear entirely the global_costmap
[controller_server-7] [INFO] [1783983565.990025547] [leo2.controller_server]: Passing new path to controller.
[controller_server-7] [ERROR] [1783983566.101487475] [transformPoseInTargetFrame]: Extrapolation Error looking up target frame: Lookup would require extrapolation into the future.  Requested time 167.886000 but the latest data is at time 167.841000, when looking up transform from frame [leo2/map] to frame [leo2/base_link]
[controller_server-7] 
[controller_server-7] [WARN] [1783983566.101948213] [leo2.controller_server]: Control loop missed its desired rate of 20.0000Hz
[controller_server-1] [INFO] [1783983566.443321206] [leo1.controller_server]: Passing new path to controller.
[controller_server-1] [WARN] [1783983566.545289592] [leo1.controller_server]: Control loop missed its desired rate of 20.0000Hz
[controller_server-7] [INFO] [1783983567.016029297] [leo2.controller_server]: Passing new path to controller.
[bt_navigator-4] [INFO] [1783983567.034143811] [leo1.bt_navigator]: Received goal preemption request
[bt_navigator-4] [INFO] [1783983567.034925234] [leo1.bt_navigator]: Begin navigating from current location (2.55, -0.15) to (0.12, 4.33)
[controller_server-1] [INFO] [1783983567.461947825] [leo1.controller_server]: Passing new path to controller.
[controller_server-1] [ERROR] [1783983567.573374366] [transformPoseInTargetFrame]: Extrapolation Error looking up target frame: Lookup would require extrapolation into the future.  Requested time 169.258000 but the latest data is at time 169.220000, when looking up transform from frame [leo1/map] to frame [leo1/base_link]
[controller_server-1] 
[controller_server-1] [WARN] [1783983567.574866995] [leo1.controller_server]: Control loop missed its desired rate of 20.0000Hz
[planner_server-8] [ERROR] [1783983567.991254934] [leo2.planner_server]: Failed to create a plan from potential when a legal potential was found. This shouldn't happen.
[planner_server-8] [WARN] [1783983567.991368407] [leo2.planner_server]: GridBased: failed to create plan with tolerance 0.50.
[planner_server-8] [WARN] [1783983567.991390723] [leo2.planner_server]: Planning algorithm GridBased failed to generate a valid path to (2.64, 5.26)
[planner_server-8] [WARN] [1783983567.991406481] [leo2.planner_server]: [compute_path_to_pose] [ActionServer] Aborting handle.
[planner_server-8] [INFO] [1783983568.009724363] [leo2.global_costmap.global_costmap]: Received request to clear entirely the global_costmap
[planner_server-8] [ERROR] [1783983568.141900627] [leo2.planner_server]: Failed to create a plan from potential when a legal potential was found. This shouldn't happen.
[planner_server-8] [WARN] [1783983568.142039798] [leo2.planner_server]: GridBased: failed to create plan with tolerance 0.50.
[planner_server-8] [WARN] [1783983568.142066816] [leo2.planner_server]: Planning algorithm GridBased failed to generate a valid path to (2.64, 5.26)
[planner_server-8] [WARN] [1783983568.142084633] [leo2.planner_server]: [compute_path_to_pose] [ActionServer] Aborting handle.
[bt_navigator-10] [ERROR] [1783983568.180143651] [leo2.bt_navigator_navigate_to_pose_rclcpp_node]: Failed to get result for follow_path in node halt!
[behavior_server-9] [INFO] [1783983568.180793171] [leo2.behavior_server]: Running spin
[behavior_server-9] [INFO] [1783983568.181177115] [leo2.behavior_server]: Turning 1.57 for spin behavior.
[bt_navigator-10] [WARN] [1783983568.180826026] [BehaviorTreeEngine]: Behavior Tree tick rate 100.00 was exceeded!
[controller_server-7] [INFO] [1783983568.194008274] [leo2.controller_server]: Goal was canceled. Stopping the robot.
[controller_server-7] [INFO] [1783983568.194064919] [leo2.controller_server]: [follow_path] [ActionServer] Client requested to cancel the goal. Cancelling.
[controller_server-1] [INFO] [1783983568.495362742] [leo1.controller_server]: Passing new path to controller.
[controller_server-1] [ERROR] [1783983568.656420932] [transformPoseInTargetFrame]: Extrapolation Error looking up target frame: Lookup would require extrapolation into the future.  Requested time 170.256000 but the latest data is at time 170.220000, when looking up transform from frame [leo1/map] to frame [leo1/base_link]
[controller_server-1] 
[controller_server-1] [WARN] [1783983568.657159086] [leo1.controller_server]: Control loop missed its desired rate of 20.0000Hz
[controller_server-1] [INFO] [1783983569.524226301] [leo1.controller_server]: Passing new path to controller.
[controller_server-1] [ERROR] [1783983569.696039854] [transformPoseInTargetFrame]: Extrapolation Error looking up target frame: Lookup would require extrapolation into the future.  Requested time 171.252000 but the latest data is at time 171.220000, when looking up transform from frame [leo1/map] to frame [leo1/base_link]
[controller_server-1] 
[controller_server-1] [WARN] [1783983569.696813088] [leo1.controller_server]: Control loop missed its desired rate of 20.0000Hz
[behavior_server-9] [INFO] [1783983570.081383996] [leo2.behavior_server]: spin completed successfully
[planner_server-8] [ERROR] [1783983570.112556242] [leo2.planner_server]: Failed to create a plan from potential when a legal potential was found. This shouldn't happen.
[planner_server-8] [WARN] [1783983570.112624741] [leo2.planner_server]: GridBased: failed to create plan with tolerance 0.50.
[planner_server-8] [WARN] [1783983570.112633892] [leo2.planner_server]: Planning algorithm GridBased failed to generate a valid path to (2.64, 5.26)
[planner_server-8] [WARN] [1783983570.112640993] [leo2.planner_server]: [compute_path_to_pose] [ActionServer] Aborting handle.
[planner_server-8] [INFO] [1783983570.131042520] [leo2.global_costmap.global_costmap]: Received request to clear entirely the global_costmap
[planner_server-8] [ERROR] [1783983570.332872548] [leo2.planner_server]: Failed to create a plan from potential when a legal potential was found. This shouldn't happen.
[planner_server-8] [WARN] [1783983570.332941476] [leo2.planner_server]: GridBased: failed to create plan with tolerance 0.50.
[planner_server-8] [WARN] [1783983570.332951234] [leo2.planner_server]: Planning algorithm GridBased failed to generate a valid path to (2.64, 5.26)
[planner_server-8] [WARN] [1783983570.332959434] [leo2.planner_server]: [compute_path_to_pose] [ActionServer] Aborting handle.
[behavior_server-9] [INFO] [1783983570.351355861] [leo2.behavior_server]: Running wait
[controller_server-1] [INFO] [1783983570.557241099] [leo1.controller_server]: Passing new path to controller.
[controller_server-1] [WARN] [1783983570.608104457] [leo1.controller_server]: Control loop missed its desired rate of 20.0000Hz
[controller_server-1] [ERROR] [1783983570.768421852] [transformPoseInTargetFrame]: Extrapolation Error looking up target frame: Lookup would require extrapolation into the future.  Requested time 172.243000 but the latest data is at time 172.220000, when looking up transform from frame [leo1/map] to frame [leo1/base_link]
[controller_server-1] 
[controller_server-1] [WARN] [1783983570.769289381] [leo1.controller_server]: Control loop missed its desired rate of 20.0000Hz
[controller_server-1] [INFO] [1783983571.589952499] [leo1.controller_server]: Passing new path to controller.
[controller_server-1] [ERROR] [1783983571.701621471] [transformPoseInTargetFrame]: Extrapolation Error looking up target frame: Lookup would require extrapolation into the future.  Requested time 173.066000 but the latest data is at time 173.020000, when looking up transform from frame [leo1/map] to frame [leo1/base_link]
[controller_server-1] 
[controller_server-1] [WARN] [1783983571.702908577] [leo1.controller_server]: Control loop missed its desired rate of 20.0000Hz
[controller_server-1] [INFO] [1783983572.619385807] [leo1.controller_server]: Passing new path to controller.
[controller_server-1] [ERROR] [1783983572.790851104] [transformPoseInTargetFrame]: Extrapolation Error looking up target frame: Lookup would require extrapolation into the future.  Requested time 174.022000 but the latest data is at time 174.020000, when looking up transform from frame [leo1/map] to frame [leo1/base_link]
[controller_server-1] 
[controller_server-1] [WARN] [1783983572.792044190] [leo1.controller_server]: Control loop missed its desired rate of 20.0000Hz
[controller_server-1] [INFO] [1783983573.661105912] [leo1.controller_server]: Passing new path to controller.
[controller_server-1] [WARN] [1783983573.773896180] [leo1.controller_server]: Control loop missed its desired rate of 20.0000Hz
[controller_server-1] [INFO] [1783983574.692062546] [leo1.controller_server]: Passing new path to controller.
[controller_server-1] [ERROR] [1783983574.803683687] [transformPoseInTargetFrame]: Extrapolation Error looking up target frame: Lookup would require extrapolation into the future.  Requested time 175.881000 but the latest data is at time 175.820000, when looking up transform from frame [leo1/map] to frame [leo1/base_link]
[controller_server-1] 
[controller_server-1] [WARN] [1783983574.804726285] [leo1.controller_server]: Control loop missed its desired rate of 20.0000Hz
[bt_navigator-10] [INFO] [1783983574.991013958] [leo2.bt_navigator]: Received goal preemption request
[bt_navigator-10] [INFO] [1783983574.991538213] [leo2.bt_navigator]: Begin navigating from current location (1.17, 4.21) to (-2.96, 6.86)
[controller_server-1] [INFO] [1783983575.726240730] [leo1.controller_server]: Passing new path to controller.
[controller_server-1] [ERROR] [1783983575.837786502] [transformPoseInTargetFrame]: Extrapolation Error looking up target frame: Lookup would require extrapolation into the future.  Requested time 176.825000 but the latest data is at time 176.820000, when looking up transform from frame [leo1/map] to frame [leo1/base_link]
[controller_server-1] 
[controller_server-1] [WARN] [1783983575.839411712] [leo1.controller_server]: Control loop missed its desired rate of 20.0000Hz
[behavior_server-9] [INFO] [1783983575.951855644] [leo2.behavior_server]: wait completed successfully
[controller_server-7] [INFO] [1783983576.001656709] [leo2.controller_server]: Received a goal, begin computing control effort.
[controller_server-7] [ERROR] [1783983576.112729436] [transformPoseInTargetFrame]: Extrapolation Error looking up target frame: Lookup would require extrapolation into the future.  Requested time 177.081000 but the latest data is at time 177.041000, when looking up transform from frame [leo2/map] to frame [leo2/base_link]
[controller_server-7] 
[controller_server-7] [WARN] [1783983576.113462560] [leo2.controller_server]: Control loop missed its desired rate of 20.0000Hz
[controller_server-1] [INFO] [1783983576.754798248] [leo1.controller_server]: Passing new path to controller.
[controller_server-7] [INFO] [1783983577.035266190] [leo2.controller_server]: Passing new path to controller.
[controller_server-7] [ERROR] [1783983577.146559153] [transformPoseInTargetFrame]: Extrapolation Error looking up target frame: Lookup would require extrapolation into the future.  Requested time 178.058000 but the latest data is at time 178.041000, when looking up transform from frame [leo2/map] to frame [leo2/base_link]
[controller_server-7] 
[controller_server-7] [WARN] [1783983577.147464713] [leo2.controller_server]: Control loop missed its desired rate of 20.0000Hz
[controller_server-1] [INFO] [1783983577.754804824] [leo1.controller_server]: Passing new path to controller.
[controller_server-1] [WARN] [1783983577.846688574] [leo1.controller_server]: Control loop missed its desired rate of 20.0000Hz
[controller_server-7] [INFO] [1783983578.063497501] [leo2.controller_server]: Passing new path to controller.
[controller_server-1] [INFO] [1783983578.804859334] [leo1.controller_server]: Passing new path to controller.
[controller_server-1] [ERROR] [1783983578.926796835] [transformPoseInTargetFrame]: Extrapolation Error looking up target frame: Lookup would require extrapolation into the future.  Requested time 179.683000 but the latest data is at time 179.620000, when looking up transform from frame [leo1/map] to frame [leo1/base_link]
[controller_server-1] 
[controller_server-1] [WARN] [1783983578.927892833] [leo1.controller_server]: Control loop missed its desired rate of 20.0000Hz
[controller_server-7] [INFO] [1783983579.113556171] [leo2.controller_server]: Passing new path to controller.
[controller_server-7] [WARN] [1783983579.186306378] [leo2.controller_server]: Control loop missed its desired rate of 20.0000Hz
[controller_server-1] [INFO] [1783983579.851821498] [leo1.controller_server]: Passing new path to controller.
[controller_server-7] [INFO] [1783983580.163602554] [leo2.controller_server]: Passing new path to controller.
[controller_server-7] [ERROR] [1783983580.275628999] [transformPoseInTargetFrame]: Extrapolation Error looking up target frame: Lookup would require extrapolation into the future.  Requested time 180.843000 but the latest data is at time 180.841000, when looking up transform from frame [leo2/map] to frame [leo2/base_link]
[controller_server-7] 
[controller_server-7] [WARN] [1783983580.276909178] [leo2.controller_server]: Control loop missed its desired rate of 20.0000Hz
[controller_server-1] [INFO] [1783983580.878000326] [leo1.controller_server]: Passing new path to controller.
[controller_server-1] [ERROR] [1783983580.999999206] [transformPoseInTargetFrame]: Extrapolation Error looking up target frame: Lookup would require extrapolation into the future.  Requested time 181.469000 but the latest data is at time 181.420000, when looking up transform from frame [leo1/map] to frame [leo1/base_link]
[controller_server-1] 
[controller_server-1] [WARN] [1783983581.001334504] [leo1.controller_server]: Control loop missed its desired rate of 20.0000Hz
[controller_server-7] [INFO] [1783983581.196825444] [leo2.controller_server]: Passing new path to controller.
[controller_server-1] [INFO] [1783983581.866829648] [leo1.controller_server]: Passing new path to controller.
[controller_server-7] [INFO] [1783983582.226975247] [leo2.controller_server]: Passing new path to controller.
[controller_server-7] [ERROR] [1783983582.328132506] [transformPoseInTargetFrame]: Extrapolation Error looking up target frame: Lookup would require extrapolation into the future.  Requested time 182.693000 but the latest data is at time 182.641000, when looking up transform from frame [leo2/map] to frame [leo2/base_link]
[controller_server-7] 
[controller_server-7] [WARN] [1783983582.328722336] [leo2.controller_server]: Control loop missed its desired rate of 20.0000Hz
[controller_server-1] [INFO] [1783983582.901408177] [leo1.controller_server]: Passing new path to controller.
[controller_server-1] [WARN] [1783983582.973620921] [leo1.controller_server]: Control loop missed its desired rate of 20.0000Hz
[controller_server-7] [INFO] [1783983583.243469308] [leo2.controller_server]: Passing new path to controller.
[controller_server-7] [ERROR] [1783983583.355050949] [transformPoseInTargetFrame]: Extrapolation Error looking up target frame: Lookup would require extrapolation into the future.  Requested time 183.664000 but the latest data is at time 183.641000, when looking up transform from frame [leo2/map] to frame [leo2/base_link]
[controller_server-7] 
[controller_server-7] [WARN] [1783983583.355869063] [leo2.controller_server]: Control loop missed its desired rate of 20.0000Hz
[controller_server-1] [INFO] [1783983583.951435793] [leo1.controller_server]: Passing new path to controller.
[controller_server-1] [WARN] [1783983584.033668326] [leo1.controller_server]: Control loop missed its desired rate of 20.0000Hz
[controller_server-7] [INFO] [1783983584.278791281] [leo2.controller_server]: Passing new path to controller.
[controller_server-1] [INFO] [1783983585.001434464] [leo1.controller_server]: Passing new path to controller.
[controller_server-1] [WARN] [1783983585.103433003] [leo1.controller_server]: Control loop missed its desired rate of 20.0000Hz
[controller_server-7] [INFO] [1783983585.278780293] [leo2.controller_server]: Passing new path to controller.
[controller_server-7] [WARN] [1783983585.340134229] [leo2.controller_server]: Control loop missed its desired rate of 20.0000Hz
[controller_server-1] [INFO] [1783983586.018910995] [leo1.controller_server]: Passing new path to controller.
[controller_server-7] [INFO] [1783983587.913688862] [leo2.controller_server]: Passing new path to controller.
[controller_server-1] [ERROR] [1783983587.925580238] [transformPoseInTargetFrame]: Extrapolation Error looking up target frame: Lookup would require extrapolation into the future.  Requested time 186.261000 but the latest data is at time 186.220000, when looking up transform from frame [leo1/map] to frame [leo1/base_link]
[controller_server-1] 
[controller_server-1] [WARN] [1783983587.926287728] [leo1.controller_server]: Control loop missed its desired rate of 20.0000Hz
[controller_server-1] [INFO] [1783983587.926317819] [leo1.controller_server]: Passing new path to controller.
[controller_server-1] [WARN] [1783983587.968023075] [leo1.controller_server]: Control loop missed its desired rate of 20.0000Hz
[controller_server-7] [WARN] [1783983587.985317908] [leo2.controller_server]: Control loop missed its desired rate of 20.0000Hz
[controller_server-7] [INFO] [1783983588.963699426] [leo2.controller_server]: Passing new path to controller.
[controller_server-1] [INFO] [1783983588.988409225] [leo1.controller_server]: Passing new path to controller.
[controller_server-7] [ERROR] [1783983589.075422182] [transformPoseInTargetFrame]: Extrapolation Error looking up target frame: Lookup would require extrapolation into the future.  Requested time 187.255000 but the latest data is at time 187.241000, when looking up transform from frame [leo2/map] to frame [leo2/base_link]
[controller_server-7] 
[controller_server-7] [WARN] [1783983589.075974669] [leo2.controller_server]: Control loop missed its desired rate of 20.0000Hz
[controller_server-1] [ERROR] [1783983589.100283345] [transformPoseInTargetFrame]: Extrapolation Error looking up target frame: Lookup would require extrapolation into the future.  Requested time 187.276000 but the latest data is at time 187.220000, when looking up transform from frame [leo1/map] to frame [leo1/base_link]
[controller_server-1] 
[controller_server-1] [WARN] [1783983589.101238876] [leo1.controller_server]: Control loop missed its desired rate of 20.0000Hz
[controller_server-7] [INFO] [1783983589.993736655] [leo2.controller_server]: Passing new path to controller.
[controller_server-1] [INFO] [1783983590.018296596] [leo1.controller_server]: Passing new path to controller.
[controller_server-7] [WARN] [1783983590.095880736] [leo2.controller_server]: Control loop missed its desired rate of 20.0000Hz
[controller_server-1] [INFO] [1783983591.001330812] [leo1.controller_server]: Passing new path to controller.
[controller_server-7] [INFO] [1783983591.026076365] [leo2.controller_server]: Passing new path to controller.
[controller_server-7] [INFO] [1783983592.026068571] [leo2.controller_server]: Passing new path to controller.
[controller_server-1] [INFO] [1783983592.051304739] [leo1.controller_server]: Passing new path to controller.
[controller_server-1] [WARN] [1783983592.113041530] [leo1.controller_server]: Control loop missed its desired rate of 20.0000Hz
[controller_server-7] [WARN] [1783983592.138009658] [leo2.controller_server]: Control loop missed its desired rate of 20.0000Hz
[controller_server-7] [INFO] [1783983593.047578408] [leo2.controller_server]: Passing new path to controller.
[controller_server-1] [INFO] [1783983593.051270337] [leo1.controller_server]: Passing new path to controller.
[controller_server-7] [ERROR] [1783983593.159350369] [transformPoseInTargetFrame]: Extrapolation Error looking up target frame: Lookup would require extrapolation into the future.  Requested time 190.880000 but the latest data is at time 190.841000, when looking up transform from frame [leo2/map] to frame [leo2/base_link]
[controller_server-7] 
[controller_server-7] [WARN] [1783983593.159715146] [leo2.controller_server]: Control loop missed its desired rate of 20.0000Hz
[controller_server-1] [ERROR] [1783983593.162983869] [transformPoseInTargetFrame]: Extrapolation Error looking up target frame: Lookup would require extrapolation into the future.  Requested time 190.883000 but the latest data is at time 190.820000, when looking up transform from frame [leo1/map] to frame [leo1/base_link]
[controller_server-1] 
[controller_server-1] [WARN] [1783983593.163587155] [leo1.controller_server]: Control loop missed its desired rate of 20.0000Hz
[controller_server-7] [INFO] [1783983594.088099224] [leo2.controller_server]: Passing new path to controller.
[controller_server-1] [INFO] [1783983594.125554187] [leo1.controller_server]: Passing new path to controller.
[controller_server-7] [ERROR] [1783983594.199428162] [transformPoseInTargetFrame]: Extrapolation Error looking up target frame: Lookup would require extrapolation into the future.  Requested time 191.858000 but the latest data is at time 191.841000, when looking up transform from frame [leo2/map] to frame [leo2/base_link]
[controller_server-7] 
[controller_server-7] [WARN] [1783983594.200015056] [leo2.controller_server]: Control loop missed its desired rate of 20.0000Hz
[controller_server-1] [ERROR] [1783983594.226751524] [transformPoseInTargetFrame]: Extrapolation Error looking up target frame: Lookup would require extrapolation into the future.  Requested time 191.893000 but the latest data is at time 191.880000, when looking up transform from frame [leo1/map] to frame [leo1/base_link]
[controller_server-1] 
[controller_server-1] [WARN] [1783983594.227512493] [leo1.controller_server]: Control loop missed its desired rate of 20.0000Hz
[bt_navigator-10] [INFO] [1783983594.395945985] [leo2.bt_navigator]: Received goal preemption request
[bt_navigator-10] [INFO] [1783983594.396799509] [leo2.bt_navigator]: Begin navigating from current location (-1.90, 6.24) to (-10.61, 0.66)
[controller_server-7] [INFO] [1783983595.108511659] [leo2.controller_server]: Passing new path to controller.
[controller_server-1] [INFO] [1783983595.113674263] [leo1.controller_server]: Passing new path to controller.
[controller_server-7] [ERROR] [1783983595.290273732] [transformPoseInTargetFrame]: Extrapolation Error looking up target frame: Lookup would require extrapolation into the future.  Requested time 192.874000 but the latest data is at time 192.841000, when looking up transform from frame [leo2/map] to frame [leo2/base_link]
[controller_server-7] 
[controller_server-7] [WARN] [1783983595.291198654] [leo2.controller_server]: Control loop missed its desired rate of 20.0000Hz
[controller_server-7] [INFO] [1783983596.150082306] [leo2.controller_server]: Passing new path to controller.
[controller_server-1] [INFO] [1783983596.163664031] [leo1.controller_server]: Passing new path to controller.
[controller_server-7] [ERROR] [1783983596.361050259] [transformPoseInTargetFrame]: Extrapolation Error looking up target frame: Lookup would require extrapolation into the future.  Requested time 193.877000 but the latest data is at time 193.841000, when looking up transform from frame [leo2/map] to frame [leo2/base_link]
[controller_server-7] 
[controller_server-7] [WARN] [1783983596.361848265] [leo2.controller_server]: Control loop missed its desired rate of 20.0000Hz
[controller_server-1] [INFO] [1783983597.163658832] [leo1.controller_server]: Passing new path to controller.
[controller_server-7] [INFO] [1783983597.178288194] [leo2.controller_server]: Passing new path to controller.
[controller_server-1] [WARN] [1783983597.235356884] [leo1.controller_server]: Control loop missed its desired rate of 20.0000Hz
[controller_server-7] [ERROR] [1783983597.422935809] [transformPoseInTargetFrame]: Extrapolation Error looking up target frame: Lookup would require extrapolation into the future.  Requested time 194.878000 but the latest data is at time 194.841000, when looking up transform from frame [leo2/map] to frame [leo2/base_link]
[controller_server-7] 
[controller_server-7] [WARN] [1783983597.423881778] [leo2.controller_server]: Control loop missed its desired rate of 20.0000Hz
[controller_server-7] [INFO] [1783983598.189456516] [leo2.controller_server]: Passing new path to controller.
[controller_server-1] [INFO] [1783983598.213700970] [leo1.controller_server]: Passing new path to controller.
[controller_server-7] [ERROR] [1783983598.331940032] [transformPoseInTargetFrame]: Extrapolation Error looking up target frame: Lookup would require extrapolation into the future.  Requested time 195.684000 but the latest data is at time 195.641000, when looking up transform from frame [leo2/map] to frame [leo2/base_link]
[controller_server-7] 
[controller_server-7] [WARN] [1783983598.333091151] [leo2.controller_server]: Control loop missed its desired rate of 20.0000Hz
[controller_server-1] [WARN] [1783983598.356974942] [leo1.controller_server]: Control loop missed its desired rate of 20.0000Hz
[controller_server-1] [INFO] [1783983599.215969284] [leo1.controller_server]: Passing new path to controller.
[controller_server-7] [INFO] [1783983599.260872891] [leo2.controller_server]: Passing new path to controller.
[controller_server-7] [WARN] [1783983599.333442491] [leo2.controller_server]: Control loop missed its desired rate of 20.0000Hz
[controller_server-1] [INFO] [1783983600.257118745] [leo1.controller_server]: Passing new path to controller.
[controller_server-7] [INFO] [1783983600.283160386] [leo2.controller_server]: Passing new path to controller.
[controller_server-1] [ERROR] [1783983600.368576077] [transformPoseInTargetFrame]: Extrapolation Error looking up target frame: Lookup would require extrapolation into the future.  Requested time 197.484000 but the latest data is at time 197.420000, when looking up transform from frame [leo1/map] to frame [leo1/base_link]
[controller_server-1] 
[controller_server-1] [WARN] [1783983600.369046317] [leo1.controller_server]: Control loop missed its desired rate of 20.0000Hz
[controller_server-7] [WARN] [1783983600.405404456] [leo2.controller_server]: Control loop missed its desired rate of 20.0000Hz
[controller_server-1] [INFO] [1783983601.276046770] [leo1.controller_server]: Passing new path to controller.
[controller_server-7] [INFO] [1783983601.328192209] [leo2.controller_server]: Passing new path to controller.
[controller_server-1] [ERROR] [1783983601.387527182] [transformPoseInTargetFrame]: Extrapolation Error looking up target frame: Lookup would require extrapolation into the future.  Requested time 198.432000 but the latest data is at time 198.420000, when looking up transform from frame [leo1/map] to frame [leo1/base_link]
[controller_server-1] 
[controller_server-1] [WARN] [1783983601.388043340] [leo1.controller_server]: Control loop missed its desired rate of 20.0000Hz
[controller_server-7] [ERROR] [1783983601.439563425] [transformPoseInTargetFrame]: Extrapolation Error looking up target frame: Lookup would require extrapolation into the future.  Requested time 198.479000 but the latest data is at time 198.441000, when looking up transform from frame [leo2/map] to frame [leo2/base_link]
[controller_server-7] 
[controller_server-7] [WARN] [1783983601.441101211] [leo2.controller_server]: Control loop missed its desired rate of 20.0000Hz
[controller_server-1] [INFO] [1783983602.319115036] [leo1.controller_server]: Passing new path to controller.
[controller_server-7] [INFO] [1783983602.355484327] [leo2.controller_server]: Passing new path to controller.
[controller_server-7] [ERROR] [1783983602.467013460] [transformPoseInTargetFrame]: Extrapolation Error looking up target frame: Lookup would require extrapolation into the future.  Requested time 199.454000 but the latest data is at time 199.441000, when looking up transform from frame [leo2/map] to frame [leo2/base_link]
[controller_server-7] 
[controller_server-7] [WARN] [1783983602.468063179] [leo2.controller_server]: Control loop missed its desired rate of 20.0000Hz
[controller_server-7] [INFO] [1783983603.339638304] [leo2.controller_server]: Passing new path to controller.
[controller_server-1] [INFO] [1783983603.369148951] [leo1.controller_server]: Passing new path to controller.
[bt_navigator-4] [INFO] [1783983603.668937422] [leo1.bt_navigator]: Received goal preemption request
[bt_navigator-4] [INFO] [1783983603.669541484] [leo1.bt_navigator]: Begin navigating from current location (0.07, 4.08) to (-2.73, 5.33)
[controller_server-7] [INFO] [1783983604.368149539] [leo2.controller_server]: Passing new path to controller.
[controller_server-1] [INFO] [1783983604.369148596] [leo1.controller_server]: Passing new path to controller.
[controller_server-1] [WARN] [1783983604.430382100] [leo1.controller_server]: Control loop missed its desired rate of 20.0000Hz
[controller_server-7] [WARN] [1783983604.450246727] [leo2.controller_server]: Control loop missed its desired rate of 20.0000Hz
[controller_server-1] [ERROR] [1783983604.580474960] [transformPoseInTargetFrame]: Extrapolation Error looking up target frame: Lookup would require extrapolation into the future.  Requested time 201.446000 but the latest data is at time 201.420000, when looking up transform from frame [leo1/map] to frame [leo1/base_link]
[controller_server-1] 
[controller_server-1] [WARN] [1783983604.581002762] [leo1.controller_server]: Control loop missed its desired rate of 20.0000Hz
[controller_server-1] [INFO] [1783983605.393654356] [leo1.controller_server]: Passing new path to controller.
[controller_server-7] [INFO] [1783983605.418176686] [leo2.controller_server]: Passing new path to controller.
[controller_server-1] [ERROR] [1783983605.515518984] [transformPoseInTargetFrame]: Extrapolation Error looking up target frame: Lookup would require extrapolation into the future.  Requested time 202.260000 but the latest data is at time 202.220000, when looking up transform from frame [leo1/map] to frame [leo1/base_link]
[controller_server-1] 
[controller_server-1] [WARN] [1783983605.516491945] [leo1.controller_server]: Control loop missed its desired rate of 20.0000Hz
[controller_server-7] [ERROR] [1783983605.530294218] [transformPoseInTargetFrame]: Extrapolation Error looking up target frame: Lookup would require extrapolation into the future.  Requested time 202.280000 but the latest data is at time 202.241000, when looking up transform from frame [leo2/map] to frame [leo2/base_link]
[controller_server-7] 
[controller_server-7] [WARN] [1783983605.531142859] [leo2.controller_server]: Control loop missed its desired rate of 20.0000Hz
[controller_server-1] [INFO] [1783983606.431089312] [leo1.controller_server]: Passing new path to controller.
[controller_server-7] [INFO] [1783983606.452657599] [leo2.controller_server]: Passing new path to controller.
[controller_server-1] [WARN] [1783983606.513446035] [leo1.controller_server]: Control loop missed its desired rate of 20.0000Hz
[controller_server-7] [WARN] [1783983606.544195495] [leo2.controller_server]: Control loop missed its desired rate of 20.0000Hz
[controller_server-7] [ERROR] [1783983606.702931412] [transformPoseInTargetFrame]: Extrapolation Error looking up target frame: Lookup would require extrapolation into the future.  Requested time 203.267000 but the latest data is at time 203.241000, when looking up transform from frame [leo2/map] to frame [leo2/base_link]
[controller_server-7] 
[controller_server-7] [WARN] [1783983606.703894038] [leo2.controller_server]: Control loop missed its desired rate of 20.0000Hz
[controller_server-7] [INFO] [1783983607.475184452] [leo2.controller_server]: Passing new path to controller.
[controller_server-1] [INFO] [1783983607.481509401] [leo1.controller_server]: Passing new path to controller.
[controller_server-7] [ERROR] [1783983607.597366570] [transformPoseInTargetFrame]: Extrapolation Error looking up target frame: Lookup would require extrapolation into the future.  Requested time 204.046000 but the latest data is at time 204.041000, when looking up transform from frame [leo2/map] to frame [leo2/base_link]
[controller_server-7] 
[controller_server-7] [WARN] [1783983607.598216820] [leo2.controller_server]: Control loop missed its desired rate of 20.0000Hz
[controller_server-1] [ERROR] [1783983607.603131093] [transformPoseInTargetFrame]: Extrapolation Error looking up target frame: Lookup would require extrapolation into the future.  Requested time 204.051000 but the latest data is at time 204.020000, when looking up transform from frame [leo1/map] to frame [leo1/base_link]
[controller_server-1] 
[controller_server-1] [WARN] [1783983607.603762586] [leo1.controller_server]: Control loop missed its desired rate of 20.0000Hz
[controller_server-7] [INFO] [1783983608.503925703] [leo2.controller_server]: Passing new path to controller.
[controller_server-1] [INFO] [1783983608.519683663] [leo1.controller_server]: Passing new path to controller.
[controller_server-7] [WARN] [1783983608.566081653] [leo2.controller_server]: Control loop missed its desired rate of 20.0000Hz
[controller_server-1] [INFO] [1783983609.553849796] [leo1.controller_server]: Passing new path to controller.
[controller_server-7] [INFO] [1783983609.553976304] [leo2.controller_server]: Passing new path to controller.
[controller_server-7] [WARN] [1783983609.617632601] [leo2.controller_server]: Control loop missed its desired rate of 20.0000Hz
[controller_server-1] [INFO] [1783983610.553854127] [leo1.controller_server]: Passing new path to controller.
[controller_server-7] [INFO] [1783983610.554025757] [leo2.controller_server]: Passing new path to controller.
[controller_server-1] [WARN] [1783983610.655623760] [leo1.controller_server]: Control loop missed its desired rate of 20.0000Hz
[controller_server-7] [ERROR] [1783983610.665586911] [transformPoseInTargetFrame]: Extrapolation Error looking up target frame: Lookup would require extrapolation into the future.  Requested time 206.915000 but the latest data is at time 206.841000, when looking up transform from frame [leo2/map] to frame [leo2/base_link]
[controller_server-7] 
[controller_server-7] [WARN] [1783983610.666857052] [leo2.controller_server]: Control loop missed its desired rate of 20.0000Hz
[controller_server-1] [INFO] [1783983611.570541096] [leo1.controller_server]: Passing new path to controller.
[controller_server-7] [INFO] [1783983611.591208707] [leo2.controller_server]: Passing new path to controller.
[controller_server-1] [ERROR] [1783983611.682148629] [transformPoseInTargetFrame]: Extrapolation Error looking up target frame: Lookup would require extrapolation into the future.  Requested time 207.876000 but the latest data is at time 207.820000, when looking up transform from frame [leo1/map] to frame [leo1/base_link]
[controller_server-1] 
[controller_server-1] [WARN] [1783983611.682530474] [leo1.controller_server]: Control loop missed its desired rate of 20.0000Hz
[controller_server-7] [ERROR] [1783983611.702665127] [transformPoseInTargetFrame]: Extrapolation Error looking up target frame: Lookup would require extrapolation into the future.  Requested time 207.896000 but the latest data is at time 207.841000, when looking up transform from frame [leo2/map] to frame [leo2/base_link]
[controller_server-7] 
[controller_server-7] [WARN] [1783983611.703933447] [leo2.controller_server]: Control loop missed its desired rate of 20.0000Hz
[controller_server-1] [INFO] [1783983612.605706086] [leo1.controller_server]: Passing new path to controller.
[controller_server-7] [INFO] [1783983612.616941486] [leo2.controller_server]: Passing new path to controller.
[controller_server-1] [INFO] [1783983613.655720745] [leo1.controller_server]: Passing new path to controller.
[controller_server-7] [INFO] [1783983613.666931617] [leo2.controller_server]: Passing new path to controller.
[controller_server-1] [WARN] [1783983613.757571323] [leo1.controller_server]: Control loop missed its desired rate of 20.0000Hz
[controller_server-7] [ERROR] [1783983613.778876013] [transformPoseInTargetFrame]: Extrapolation Error looking up target frame: Lookup would require extrapolation into the future.  Requested time 209.731000 but the latest data is at time 209.661000, when looking up transform from frame [leo2/map] to frame [leo2/base_link]
[controller_server-7] 
[controller_server-7] [WARN] [1783983613.780167781] [leo2.controller_server]: Control loop missed its desired rate of 20.0000Hz
[controller_server-1] [INFO] [1783983614.668243296] [leo1.controller_server]: Passing new path to controller.
[controller_server-7] [INFO] [1783983614.709136848] [leo2.controller_server]: Passing new path to controller.
[controller_server-1] [INFO] [1783983615.689588549] [leo1.controller_server]: Passing new path to controller.
[controller_server-7] [INFO] [1783983615.730276862] [leo2.controller_server]: Passing new path to controller.
[controller_server-1] [ERROR] [1783983615.800847965] [transformPoseInTargetFrame]: Extrapolation Error looking up target frame: Lookup would require extrapolation into the future.  Requested time 211.478000 but the latest data is at time 211.420000, when looking up transform from frame [leo1/map] to frame [leo1/base_link]
[controller_server-1] 
[controller_server-1] [WARN] [1783983615.801168419] [leo1.controller_server]: Control loop missed its desired rate of 20.0000Hz
[controller_server-7] [WARN] [1783983615.844211257] [leo2.controller_server]: Control loop missed its desired rate of 20.0000Hz
[controller_server-1] [INFO] [1783983616.707668498] [leo1.controller_server]: Passing new path to controller.
[controller_server-7] [INFO] [1783983616.778375360] [leo2.controller_server]: Passing new path to controller.
[controller_server-1] [INFO] [1783983617.757649416] [leo1.controller_server]: Passing new path to controller.
[controller_server-7] [INFO] [1783983617.794266978] [leo2.controller_server]: Passing new path to controller.
[controller_server-7] [INFO] [1783983619.621709204] [leo2.controller_server]: Passing new path to controller.
[controller_server-1] [INFO] [1783983619.635098762] [leo1.controller_server]: Passing new path to controller.
[controller_server-7] [WARN] [1783983619.674005800] [leo2.controller_server]: Control loop missed its desired rate of 20.0000Hz
[controller_server-7] [INFO] [1783983620.621751988] [leo2.controller_server]: Passing new path to controller.
[controller_server-1] [INFO] [1783983620.635110778] [leo1.controller_server]: Passing new path to controller.
[controller_server-1] [WARN] [1783983620.727145737] [leo1.controller_server]: Control loop missed its desired rate of 20.0000Hz
[controller_server-7] [WARN] [1783983620.747306491] [leo2.controller_server]: Control loop missed its desired rate of 20.0000Hz
[controller_server-7] [INFO] [1783983621.677335336] [leo2.controller_server]: Passing new path to controller.
[controller_server-1] [INFO] [1783983621.685107963] [leo1.controller_server]: Passing new path to controller.
[controller_server-1] [WARN] [1783983621.766829145] [leo1.controller_server]: Control loop missed its desired rate of 20.0000Hz
[controller_server-7] [WARN] [1783983621.791011538] [leo2.controller_server]: Control loop missed its desired rate of 20.0000Hz
[controller_server-1] [INFO] [1783983622.685109447] [leo1.controller_server]: Passing new path to controller.
[controller_server-7] [INFO] [1783983622.697401610] [leo2.controller_server]: Passing new path to controller.
[controller_server-1] [WARN] [1783983622.776925644] [leo1.controller_server]: Control loop missed its desired rate of 20.0000Hz
[controller_server-7] [WARN] [1783983622.800627712] [leo2.controller_server]: Control loop missed its desired rate of 20.0000Hz
[controller_server-7] [INFO] [1783983623.732455935] [leo2.controller_server]: Passing new path to controller.
[controller_server-1] [INFO] [1783983623.735138216] [leo1.controller_server]: Passing new path to controller.
[controller_server-1] [WARN] [1783983623.827054166] [leo1.controller_server]: Control loop missed its desired rate of 20.0000Hz
[controller_server-7] [WARN] [1783983623.846433001] [leo2.controller_server]: Control loop missed its desired rate of 20.0000Hz
[controller_server-7] [INFO] [1783983624.750730593] [leo2.controller_server]: Passing new path to controller.
[controller_server-1] [INFO] [1783983624.785159992] [leo1.controller_server]: Passing new path to controller.
[controller_server-1] [WARN] [1783983624.846772559] [leo1.controller_server]: Control loop missed its desired rate of 20.0000Hz
[controller_server-7] [WARN] [1783983624.873838412] [leo2.controller_server]: Control loop missed its desired rate of 20.0000Hz
[controller_server-1] [INFO] [1783983625.785115053] [leo1.controller_server]: Passing new path to controller.
[controller_server-7] [INFO] [1783983625.803745703] [leo2.controller_server]: Passing new path to controller.
[controller_server-1] [WARN] [1783983625.836540991] [leo1.controller_server]: Control loop missed its desired rate of 20.0000Hz
[controller_server-7] [INFO] [1783983626.823895201] [leo2.controller_server]: Passing new path to controller.
[controller_server-1] [INFO] [1783983626.835117696] [leo1.controller_server]: Passing new path to controller.
[controller_server-1] [INFO] [1783983627.835098366] [leo1.controller_server]: Passing new path to controller.
[controller_server-7] [INFO] [1783983627.874132132] [leo2.controller_server]: Passing new path to controller.
[controller_server-1] [ERROR] [1783983627.956621456] [transformPoseInTargetFrame]: Extrapolation Error looking up target frame: Lookup would require extrapolation into the future.  Requested time 219.865000 but the latest data is at time 219.820000, when looking up transform from frame [leo1/map] to frame [leo1/base_link]
[controller_server-1] 
[controller_server-1] [WARN] [1783983627.958477695] [leo1.controller_server]: Control loop missed its desired rate of 20.0000Hz
[controller_server-7] [WARN] [1783983627.997827281] [leo2.controller_server]: Control loop missed its desired rate of 20.0000Hz
[bt_navigator-4] [INFO] [1783983628.746462992] [leo1.bt_navigator]: Received goal preemption request
[bt_navigator-4] [INFO] [1783983628.747497979] [leo1.bt_navigator]: Begin navigating from current location (-1.50, 4.50) to (-6.18, -3.27)
[controller_server-1] [INFO] [1783983628.865972127] [leo1.controller_server]: Passing new path to controller.
[controller_server-7] [INFO] [1783983628.878947449] [leo2.controller_server]: Passing new path to controller.
[controller_server-1] [WARN] [1783983628.997959169] [leo1.controller_server]: Control loop missed its desired rate of 20.0000Hz
[controller_server-7] [WARN] [1783983629.014410861] [leo2.controller_server]: Control loop missed its desired rate of 20.0000Hz
[controller_server-1] [WARN] [1783983629.029140526] [leo1.controller_server]: Control loop missed its desired rate of 20.0000Hz
[controller_server-1] [ERROR] [1783983629.179825434] [transformPoseInTargetFrame]: Extrapolation Error looking up target frame: Lookup would require extrapolation into the future.  Requested time 220.837000 but the latest data is at time 220.820000, when looking up transform from frame [leo1/map] to frame [leo1/base_link]
[controller_server-1] 
[controller_server-1] [WARN] [1783983629.181067634] [leo1.controller_server]: Control loop missed its desired rate of 20.0000Hz
[controller_server-7] [INFO] [1783983629.889282909] [leo2.controller_server]: Passing new path to controller.
[controller_server-1] [INFO] [1783983629.897672113] [leo1.controller_server]: Passing new path to controller.
[controller_server-1] [ERROR] [1783983630.092659380] [transformPoseInTargetFrame]: Extrapolation Error looking up target frame: Lookup would require extrapolation into the future.  Requested time 221.622000 but the latest data is at time 221.620000, when looking up transform from frame [leo1/map] to frame [leo1/base_link]
[controller_server-1] 
[controller_server-1] [WARN] [1783983630.093720487] [leo1.controller_server]: Control loop missed its desired rate of 20.0000Hz
[controller_server-7] [INFO] [1783983630.914516828] [leo2.controller_server]: Passing new path to controller.
[controller_server-1] [INFO] [1783983630.963918811] [leo1.controller_server]: Passing new path to controller.
[controller_server-7] [ERROR] [1783983631.046451910] [transformPoseInTargetFrame]: Extrapolation Error looking up target frame: Lookup would require extrapolation into the future.  Requested time 222.451000 but the latest data is at time 222.421000, when looking up transform from frame [leo2/map] to frame [leo2/base_link]
[controller_server-7] 
[controller_server-7] [WARN] [1783983631.048459814] [leo2.controller_server]: Control loop missed its desired rate of 20.0000Hz
[controller_server-1] [WARN] [1783983631.065344392] [leo1.controller_server]: Control loop missed its desired rate of 20.0000Hz
[controller_server-1] [ERROR] [1783983631.264917387] [transformPoseInTargetFrame]: Extrapolation Error looking up target frame: Lookup would require extrapolation into the future.  Requested time 222.637000 but the latest data is at time 222.620000, when looking up transform from frame [leo1/map] to frame [leo1/base_link]
[controller_server-1] 
[controller_server-1] [WARN] [1783983631.265934048] [leo1.controller_server]: Control loop missed its desired rate of 20.0000Hz
[controller_server-7] [INFO] [1783983631.975856397] [leo2.controller_server]: Passing new path to controller.
[controller_server-1] [INFO] [1783983631.980508536] [leo1.controller_server]: Passing new path to controller.
[controller_server-7] [WARN] [1783983632.058089304] [leo2.controller_server]: Control loop missed its desired rate of 20.0000Hz
[controller_server-1] [ERROR] [1783983632.247394403] [transformPoseInTargetFrame]: Extrapolation Error looking up target frame: Lookup would require extrapolation into the future.  Requested time 223.440000 but the latest data is at time 223.420000, when looking up transform from frame [leo1/map] to frame [leo1/base_link]
[controller_server-1] 
[controller_server-1] [WARN] [1783983632.248916666] [leo1.controller_server]: Control loop missed its desired rate of 20.0000Hz
[controller_server-7] [INFO] [1783983632.998551978] [leo2.controller_server]: Passing new path to controller.
[controller_server-1] [INFO] [1783983633.020910581] [leo1.controller_server]: Passing new path to controller.
[controller_server-7] [WARN] [1783983633.091422391] [leo2.controller_server]: Control loop missed its desired rate of 20.0000Hz
[controller_server-7] [INFO] [1783983634.048589380] [leo2.controller_server]: Passing new path to controller.
[controller_server-1] [INFO] [1783983634.048989332] [leo1.controller_server]: Passing new path to controller.
[controller_server-7] [INFO] [1783983635.048537067] [leo2.controller_server]: Passing new path to controller.
[controller_server-1] [INFO] [1783983635.048995270] [leo1.controller_server]: Passing new path to controller.
[controller_server-1] [WARN] [1783983635.152001483] [leo1.controller_server]: Control loop missed its desired rate of 20.0000Hz
[controller_server-7] [WARN] [1783983635.171987408] [leo2.controller_server]: Control loop missed its desired rate of 20.0000Hz
[controller_server-1] [INFO] [1783983636.076043634] [leo1.controller_server]: Passing new path to controller.
[controller_server-7] [INFO] [1783983636.107102408] [leo2.controller_server]: Passing new path to controller.
[controller_server-1] [INFO] [1783983637.102076892] [leo1.controller_server]: Passing new path to controller.
[controller_server-7] [INFO] [1783983637.122063114] [leo2.controller_server]: Passing new path to controller.
[controller_server-1] [INFO] [1783983638.152085312] [leo1.controller_server]: Passing new path to controller.
[controller_server-7] [INFO] [1783983638.172054787] [leo2.controller_server]: Passing new path to controller.
[controller_server-1] [ERROR] [1783983638.284011295] [transformPoseInTargetFrame]: Extrapolation Error looking up target frame: Lookup would require extrapolation into the future.  Requested time 228.445000 but the latest data is at time 228.420000, when looking up transform from frame [leo1/map] to frame [leo1/base_link]
[controller_server-1] 
[controller_server-1] [WARN] [1783983638.285484530] [leo1.controller_server]: Control loop missed its desired rate of 20.0000Hz
[controller_server-7] [ERROR] [1783983638.314203070] [transformPoseInTargetFrame]: Extrapolation Error looking up target frame: Lookup would require extrapolation into the future.  Requested time 228.462000 but the latest data is at time 228.441000, when looking up transform from frame [leo2/map] to frame [leo2/base_link]
[controller_server-7] 
[controller_server-7] [WARN] [1783983638.315537673] [leo2.controller_server]: Control loop missed its desired rate of 20.0000Hz
[controller_server-1] [INFO] [1783983639.162926322] [leo1.controller_server]: Passing new path to controller.
[controller_server-7] [INFO] [1783983639.195059938] [leo2.controller_server]: Passing new path to controller.
[controller_server-1] [WARN] [1783983639.276659879] [leo1.controller_server]: Control loop missed its desired rate of 20.0000Hz
[controller_server-7] [WARN] [1783983639.308672184] [leo2.controller_server]: Control loop missed its desired rate of 20.0000Hz
[controller_server-7] [INFO] [1783983640.215620772] [leo2.controller_server]: Passing new path to controller.
[controller_server-1] [INFO] [1783983640.235582132] [leo1.controller_server]: Passing new path to controller.
[controller_server-7] [WARN] [1783983640.298387898] [leo2.controller_server]: Control loop missed its desired rate of 20.0000Hz
[controller_server-7] [INFO] [1783983641.215604849] [leo2.controller_server]: Passing new path to controller.
[controller_server-1] [INFO] [1783983641.235562458] [leo1.controller_server]: Passing new path to controller.
[controller_server-7] [WARN] [1783983641.268390669] [leo2.controller_server]: Control loop missed its desired rate of 20.0000Hz
[controller_server-7] [INFO] [1783983642.265600745] [leo2.controller_server]: Passing new path to controller.
[controller_server-1] [INFO] [1783983642.285577046] [leo1.controller_server]: Passing new path to controller.
[controller_server-7] [ERROR] [1783983642.387182875] [transformPoseInTargetFrame]: Extrapolation Error looking up target frame: Lookup would require extrapolation into the future.  Requested time 231.874000 but the latest data is at time 231.841000, when looking up transform from frame [leo2/map] to frame [leo2/base_link]
[controller_server-7] 
[controller_server-7] [WARN] [1783983642.389097428] [leo2.controller_server]: Control loop missed its desired rate of 20.0000Hz
[controller_server-1] [WARN] [1783983642.399078209] [leo1.controller_server]: Control loop missed its desired rate of 20.0000Hz
[controller_server-7] [INFO] [1783983643.317481407] [leo2.controller_server]: Passing new path to controller.
[controller_server-1] [INFO] [1783983643.324660132] [leo1.controller_server]: Passing new path to controller.
[controller_server-7] [ERROR] [1783983643.550150760] [transformPoseInTargetFrame]: Extrapolation Error looking up target frame: Lookup would require extrapolation into the future.  Requested time 232.877000 but the latest data is at time 232.841000, when looking up transform from frame [leo2/map] to frame [leo2/base_link]
[controller_server-7] 
[controller_server-7] [WARN] [1783983643.551768807] [leo2.controller_server]: Control loop missed its desired rate of 20.0000Hz
[controller_server-7] [INFO] [1783983644.326543433] [leo2.controller_server]: Passing new path to controller.
[controller_server-1] [INFO] [1783983644.349132037] [leo1.controller_server]: Passing new path to controller.
[controller_server-1] [ERROR] [1783983644.471294832] [transformPoseInTargetFrame]: Extrapolation Error looking up target frame: Lookup would require extrapolation into the future.  Requested time 233.652000 but the latest data is at time 233.620000, when looking up transform from frame [leo1/map] to frame [leo1/base_link]
[controller_server-1] 
[controller_server-1] [WARN] [1783983644.472222253] [leo1.controller_server]: Control loop missed its desired rate of 20.0000Hz
[controller_server-7] [WARN] [1783983644.518872294] [leo2.controller_server]: Control loop missed its desired rate of 20.0000Hz
[controller_server-7] [ERROR] [1783983644.703706409] [transformPoseInTargetFrame]: Extrapolation Error looking up target frame: Lookup would require extrapolation into the future.  Requested time 233.852000 but the latest data is at time 233.841000, when looking up transform from frame [leo2/map] to frame [leo2/base_link]
[controller_server-7] 
[controller_server-7] [WARN] [1783983644.705743563] [leo2.controller_server]: Control loop missed its desired rate of 20.0000Hz
[controller_server-1] [INFO] [1783983645.346163708] [leo1.controller_server]: Passing new path to controller.
[controller_server-7] [INFO] [1783983645.368963026] [leo2.controller_server]: Passing new path to controller.
[controller_server-1] [WARN] [1783983645.448904227] [leo1.controller_server]: Control loop missed its desired rate of 20.0000Hz
[controller_server-7] [WARN] [1783983645.480718623] [leo2.controller_server]: Control loop missed its desired rate of 20.0000Hz
[controller_server-7] [ERROR] [1783983645.673787469] [transformPoseInTargetFrame]: Extrapolation Error looking up target frame: Lookup would require extrapolation into the future.  Requested time 234.665000 but the latest data is at time 234.641000, when looking up transform from frame [leo2/map] to frame [leo2/base_link]
[controller_server-7] 
[controller_server-7] [WARN] [1783983645.675098188] [leo2.controller_server]: Control loop missed its desired rate of 20.0000Hz
[controller_server-1] [INFO] [1783983646.372345739] [leo1.controller_server]: Passing new path to controller.
[controller_server-7] [INFO] [1783983646.380808758] [leo2.controller_server]: Passing new path to controller.
[controller_server-1] [WARN] [1783983646.434677764] [leo1.controller_server]: Control loop missed its desired rate of 20.0000Hz
[controller_server-7] [WARN] [1783983646.462260042] [leo2.controller_server]: Control loop missed its desired rate of 20.0000Hz
[controller_server-7] [WARN] [1783983646.482668083] [leo2.controller_server]: Control loop missed its desired rate of 20.0000Hz
[controller_server-7] [ERROR] [1783983646.662555010] [transformPoseInTargetFrame]: Extrapolation Error looking up target frame: Lookup would require extrapolation into the future.  Requested time 235.468000 but the latest data is at time 235.441000, when looking up transform from frame [leo2/map] to frame [leo2/base_link]
[controller_server-7] 
[controller_server-7] [WARN] [1783983646.664266654] [leo2.controller_server]: Control loop missed its desired rate of 20.0000Hz
[controller_server-1] [INFO] [1783983647.422314170] [leo1.controller_server]: Passing new path to controller.
[controller_server-7] [INFO] [1783983647.440188404] [leo2.controller_server]: Passing new path to controller.
[controller_server-1] [ERROR] [1783983647.654246624] [transformPoseInTargetFrame]: Extrapolation Error looking up target frame: Lookup would require extrapolation into the future.  Requested time 236.240000 but the latest data is at time 236.220000, when looking up transform from frame [leo1/map] to frame [leo1/base_link]
[controller_server-1] 
[controller_server-1] [WARN] [1783983647.655365928] [leo1.controller_server]: Control loop missed its desired rate of 20.0000Hz
[controller_server-7] [ERROR] [1783983647.685916203] [transformPoseInTargetFrame]: Extrapolation Error looking up target frame: Lookup would require extrapolation into the future.  Requested time 236.273000 but the latest data is at time 236.241000, when looking up transform from frame [leo2/map] to frame [leo2/base_link]
[controller_server-7] 
[controller_server-7] [WARN] [1783983647.687540982] [leo2.controller_server]: Control loop missed its desired rate of 20.0000Hz
[controller_server-7] [INFO] [1783983648.464016207] [leo2.controller_server]: Passing new path to controller.
[controller_server-1] [INFO] [1783983648.479508765] [leo1.controller_server]: Passing new path to controller.
[controller_server-1] [ERROR] [1783983648.602405800] [transformPoseInTargetFrame]: Extrapolation Error looking up target frame: Lookup would require extrapolation into the future.  Requested time 237.028000 but the latest data is at time 237.020000, when looking up transform from frame [leo1/map] to frame [leo1/base_link]
[controller_server-1] 
[controller_server-1] [WARN] [1783983648.603887574] [leo1.controller_server]: Control loop missed its desired rate of 20.0000Hz
[controller_server-7] [ERROR] [1783983648.656422510] [transformPoseInTargetFrame]: Extrapolation Error looking up target frame: Lookup would require extrapolation into the future.  Requested time 237.072000 but the latest data is at time 237.041000, when looking up transform from frame [leo2/map] to frame [leo2/base_link]
[controller_server-7] 
[controller_server-7] [WARN] [1783983648.657804446] [leo2.controller_server]: Control loop missed its desired rate of 20.0000Hz
[controller_server-7] [INFO] [1783983649.483459619] [leo2.controller_server]: Passing new path to controller.
[controller_server-1] [INFO] [1783983649.505429194] [leo1.controller_server]: Passing new path to controller.
[controller_server-1] [WARN] [1783983651.127944478] [leo1.controller_server]: Control loop missed its desired rate of 20.0000Hz
[controller_server-7] [WARN] [1783983651.145151200] [leo2.controller_server]: Control loop missed its desired rate of 20.0000Hz
[controller_server-7] [INFO] [1783983651.145192375] [leo2.controller_server]: Passing new path to controller.
[controller_server-1] [INFO] [1783983651.155434612] [leo1.controller_server]: Passing new path to controller.
[controller_server-1] [ERROR] [1783983651.266907046] [transformPoseInTargetFrame]: Extrapolation Error looking up target frame: Lookup would require extrapolation into the future.  Requested time 238.022000 but the latest data is at time 238.020000, when looking up transform from frame [leo1/map] to frame [leo1/base_link]
[controller_server-1] 
[controller_server-1] [WARN] [1783983651.268176811] [leo1.controller_server]: Control loop missed its desired rate of 20.0000Hz
[controller_server-7] [ERROR] [1783983651.329001226] [transformPoseInTargetFrame]: Extrapolation Error looking up target frame: Lookup would require extrapolation into the future.  Requested time 238.073000 but the latest data is at time 238.041000, when looking up transform from frame [leo2/map] to frame [leo2/base_link]
[controller_server-7] 
[controller_server-7] [WARN] [1783983651.330856014] [leo2.controller_server]: Control loop missed its desired rate of 20.0000Hz
[controller_server-1] [INFO] [1783983652.197103323] [leo1.controller_server]: Passing new path to controller.
[controller_server-7] [INFO] [1783983652.207349516] [leo2.controller_server]: Passing new path to controller.
[controller_server-1] [INFO] [1783983653.218290027] [leo1.controller_server]: Passing new path to controller.
[controller_server-7] [INFO] [1783983653.230928639] [leo2.controller_server]: Passing new path to controller.
[controller_server-1] [ERROR] [1783983653.350460760] [transformPoseInTargetFrame]: Extrapolation Error looking up target frame: Lookup would require extrapolation into the future.  Requested time 239.828000 but the latest data is at time 239.820000, when looking up transform from frame [leo1/map] to frame [leo1/base_link]
[controller_server-1] 
[controller_server-1] [WARN] [1783983653.351796197] [leo1.controller_server]: Control loop missed its desired rate of 20.0000Hz
[controller_server-1] [INFO] [1783983654.227901387] [leo1.controller_server]: Passing new path to controller.
[controller_server-7] [INFO] [1783983654.280981287] [leo2.controller_server]: Passing new path to controller.
[controller_server-7] [ERROR] [1783983654.413087041] [transformPoseInTargetFrame]: Extrapolation Error looking up target frame: Lookup would require extrapolation into the future.  Requested time 240.649000 but the latest data is at time 240.641000, when looking up transform from frame [leo2/map] to frame [leo2/base_link]
[controller_server-7] 
[controller_server-7] [WARN] [1783983654.415277542] [leo2.controller_server]: Control loop missed its desired rate of 20.0000Hz
[controller_server-7] [INFO] [1783983655.292567175] [leo2.controller_server]: Passing new path to controller.
[controller_server-1] [INFO] [1783983655.301899590] [leo1.controller_server]: Passing new path to controller.
[controller_server-7] [ERROR] [1783983655.424468062] [transformPoseInTargetFrame]: Extrapolation Error looking up target frame: Lookup would require extrapolation into the future.  Requested time 241.449000 but the latest data is at time 241.441000, when looking up transform from frame [leo2/map] to frame [leo2/base_link]
[controller_server-7] 
[controller_server-7] [WARN] [1783983655.425718931] [leo2.controller_server]: Control loop missed its desired rate of 20.0000Hz
[controller_server-1] [ERROR] [1783983655.434046079] [transformPoseInTargetFrame]: Extrapolation Error looking up target frame: Lookup would require extrapolation into the future.  Requested time 241.456000 but the latest data is at time 241.420000, when looking up transform from frame [leo1/map] to frame [leo1/base_link]
[controller_server-1] 
[controller_server-1] [WARN] [1783983655.435202514] [leo1.controller_server]: Control loop missed its desired rate of 20.0000Hz
[controller_server-7] [INFO] [1783983656.304832044] [leo2.controller_server]: Passing new path to controller.
[controller_server-1] [INFO] [1783983656.310825936] [leo1.controller_server]: Passing new path to controller.
[controller_server-7] [ERROR] [1783983656.446969011] [transformPoseInTargetFrame]: Extrapolation Error looking up target frame: Lookup would require extrapolation into the future.  Requested time 242.246000 but the latest data is at time 242.221000, when looking up transform from frame [leo2/map] to frame [leo2/base_link]
[controller_server-7] 
[controller_server-7] [WARN] [1783983656.448406309] [leo2.controller_server]: Control loop missed its desired rate of 20.0000Hz
[controller_server-1] [ERROR] [1783983656.452802697] [transformPoseInTargetFrame]: Extrapolation Error looking up target frame: Lookup would require extrapolation into the future.  Requested time 242.250000 but the latest data is at time 242.220000, when looking up transform from frame [leo1/map] to frame [leo1/base_link]
[controller_server-1] 
[controller_server-1] [WARN] [1783983656.453932748] [leo1.controller_server]: Control loop missed its desired rate of 20.0000Hz
[controller_server-1] [INFO] [1783983657.328965013] [leo1.controller_server]: Passing new path to controller.
[controller_server-7] [INFO] [1783983657.376649144] [leo2.controller_server]: Passing new path to controller.
[controller_server-7] [ERROR] [1783983657.508642762] [transformPoseInTargetFrame]: Extrapolation Error looking up target frame: Lookup would require extrapolation into the future.  Requested time 243.054000 but the latest data is at time 243.021000, when looking up transform from frame [leo2/map] to frame [leo2/base_link]
[controller_server-7] 
[controller_server-7] [WARN] [1783983657.509747761] [leo2.controller_server]: Control loop missed its desired rate of 20.0000Hz
[controller_server-1] [INFO] [1783983658.354030809] [leo1.controller_server]: Passing new path to controller.
[controller_server-7] [INFO] [1783983658.387416803] [leo2.controller_server]: Passing new path to controller.
[controller_server-1] [INFO] [1783983659.403991146] [leo1.controller_server]: Passing new path to controller.
[controller_server-7] [INFO] [1783983659.409811106] [leo2.controller_server]: Passing new path to controller.
[controller_server-1] [INFO] [1783983660.454014888] [leo1.controller_server]: Passing new path to controller.
[controller_server-7] [INFO] [1783983660.459794035] [leo2.controller_server]: Passing new path to controller.
[controller_server-1] [ERROR] [1783983660.565805985] [transformPoseInTargetFrame]: Extrapolation Error looking up target frame: Lookup would require extrapolation into the future.  Requested time 245.454000 but the latest data is at time 245.420000, when looking up transform from frame [leo1/map] to frame [leo1/base_link]
[controller_server-1] 
[controller_server-1] [WARN] [1783983660.567427448] [leo1.controller_server]: Control loop missed its desired rate of 20.0000Hz
[controller_server-7] [ERROR] [1783983660.581447679] [transformPoseInTargetFrame]: Extrapolation Error looking up target frame: Lookup would require extrapolation into the future.  Requested time 245.458000 but the latest data is at time 245.441000, when looking up transform from frame [leo2/map] to frame [leo2/base_link]
[controller_server-7] 
[controller_server-7] [WARN] [1783983660.582575164] [leo2.controller_server]: Control loop missed its desired rate of 20.0000Hz
[controller_server-1] [INFO] [1783983661.438226403] [leo1.controller_server]: Passing new path to controller.
[controller_server-7] [INFO] [1783983661.455999919] [leo2.controller_server]: Passing new path to controller.
[controller_server-1] [INFO] [1783983662.467515222] [leo1.controller_server]: Passing new path to controller.
[controller_server-7] [INFO] [1783983662.482589195] [leo2.controller_server]: Passing new path to controller.
[controller_server-1] [ERROR] [1783983662.578649537] [transformPoseInTargetFrame]: Extrapolation Error looking up target frame: Lookup would require extrapolation into the future.  Requested time 247.274000 but the latest data is at time 247.220000, when looking up transform from frame [leo1/map] to frame [leo1/base_link]
[controller_server-1] 
[controller_server-1] [WARN] [1783983662.579575484] [leo1.controller_server]: Control loop missed its desired rate of 20.0000Hz
[controller_server-7] [ERROR] [1783983662.604117018] [transformPoseInTargetFrame]: Extrapolation Error looking up target frame: Lookup would require extrapolation into the future.  Requested time 247.289000 but the latest data is at time 247.241000, when looking up transform from frame [leo2/map] to frame [leo2/base_link]
[controller_server-7] 
[controller_server-7] [WARN] [1783983662.605026778] [leo2.controller_server]: Control loop missed its desired rate of 20.0000Hz
[controller_server-1] [INFO] [1783983663.501697563] [leo1.controller_server]: Passing new path to controller.
[controller_server-7] [INFO] [1783983663.525208494] [leo2.controller_server]: Passing new path to controller.
[controller_server-1] [INFO] [1783983664.529651797] [leo1.controller_server]: Passing new path to controller.
[controller_server-7] [INFO] [1783983664.555083130] [leo2.controller_server]: Passing new path to controller.
[controller_server-1] [INFO] [1783983665.579647419] [leo1.controller_server]: Passing new path to controller.
[controller_server-7] [INFO] [1783983665.605101524] [leo2.controller_server]: Passing new path to controller.
[controller_server-1] [WARN] [1783983665.651641767] [leo1.controller_server]: Control loop missed its desired rate of 20.0000Hz
[controller_server-7] [WARN] [1783983665.668152174] [leo2.controller_server]: Control loop missed its desired rate of 20.0000Hz
[controller_server-7] [INFO] [1783983666.605135575] [leo2.controller_server]: Passing new path to controller.
[controller_server-1] [INFO] [1783983666.629684280] [leo1.controller_server]: Passing new path to controller.
[controller_server-1] [INFO] [1783983667.629664869] [leo1.controller_server]: Passing new path to controller.
[controller_server-7] [INFO] [1783983667.655109916] [leo2.controller_server]: Passing new path to controller.
[controller_server-1] [ERROR] [1783983667.753135577] [transformPoseInTargetFrame]: Extrapolation Error looking up target frame: Lookup would require extrapolation into the future.  Requested time 251.637000 but the latest data is at time 251.620000, when looking up transform from frame [leo1/map] to frame [leo1/base_link]
[controller_server-1] 
[controller_server-1] [WARN] [1783983667.753913384] [leo1.controller_server]: Control loop missed its desired rate of 20.0000Hz
[controller_server-7] [ERROR] [1783983667.777509636] [transformPoseInTargetFrame]: Extrapolation Error looking up target frame: Lookup would require extrapolation into the future.  Requested time 251.659000 but the latest data is at time 251.641000, when looking up transform from frame [leo2/map] to frame [leo2/base_link]
[controller_server-7] 
[controller_server-7] [WARN] [1783983667.779106991] [leo2.controller_server]: Control loop missed its desired rate of 20.0000Hz
[controller_server-1] [INFO] [1783983668.675497164] [leo1.controller_server]: Passing new path to controller.
[controller_server-7] [INFO] [1783983668.702928272] [leo2.controller_server]: Passing new path to controller.
[controller_server-1] [WARN] [1783983668.767672663] [leo1.controller_server]: Control loop missed its desired rate of 20.0000Hz
[controller_server-7] [WARN] [1783983668.795985720] [leo2.controller_server]: Control loop missed its desired rate of 20.0000Hz
[controller_server-1] [INFO] [1783983669.703939274] [leo1.controller_server]: Passing new path to controller.
[controller_server-7] [INFO] [1783983669.729172278] [leo2.controller_server]: Passing new path to controller.
[controller_server-7] [ERROR] [1783983669.850607208] [transformPoseInTargetFrame]: Extrapolation Error looking up target frame: Lookup would require extrapolation into the future.  Requested time 253.427000 but the latest data is at time 253.421000, when looking up transform from frame [leo2/map] to frame [leo2/base_link]
[controller_server-7] 
[controller_server-7] [WARN] [1783983669.851678613] [leo2.controller_server]: Control loop missed its desired rate of 20.0000Hz
[controller_server-7] [INFO] [1783983670.725438247] [leo2.controller_server]: Passing new path to controller.
[controller_server-1] [INFO] [1783983670.753982424] [leo1.controller_server]: Passing new path to controller.
[controller_server-1] [WARN] [1783983670.835995208] [leo1.controller_server]: Control loop missed its desired rate of 20.0000Hz
[controller_server-7] [WARN] [1783983670.848176181] [leo2.controller_server]: Control loop missed its desired rate of 20.0000Hz
[controller_server-7] [WARN] [1783983670.851752189] [leo2.controller_server]: Control loop missed its desired rate of 20.0000Hz
[controller_server-7] [INFO] [1783983671.751795020] [leo2.controller_server]: Passing new path to controller.
[controller_server-1] [INFO] [1783983671.754005098] [leo1.controller_server]: Passing new path to controller.
[controller_server-7] [INFO] [1783983672.801804416] [leo2.controller_server]: Passing new path to controller.
[controller_server-1] [INFO] [1783983672.804009845] [leo1.controller_server]: Passing new path to controller.
[controller_server-7] [ERROR] [1783983672.933907876] [transformPoseInTargetFrame]: Extrapolation Error looking up target frame: Lookup would require extrapolation into the future.  Requested time 256.076000 but the latest data is at time 256.041000, when looking up transform from frame [leo2/map] to frame [leo2/base_link]
[controller_server-7] 
[controller_server-7] [WARN] [1783983672.935221060] [leo2.controller_server]: Control loop missed its desired rate of 20.0000Hz
[controller_server-1] [WARN] [1783983672.937700526] [leo1.controller_server]: Control loop missed its desired rate of 20.0000Hz
[controller_server-7] [INFO] [1783983673.809995848] [leo2.controller_server]: Passing new path to controller.
[controller_server-1] [INFO] [1783983673.813901422] [leo1.controller_server]: Passing new path to controller.
[controller_server-1] [WARN] [1783983673.917559683] [leo1.controller_server]: Control loop missed its desired rate of 20.0000Hz
[controller_server-7] [ERROR] [1783983673.931991899] [transformPoseInTargetFrame]: Extrapolation Error looking up target frame: Lookup would require extrapolation into the future.  Requested time 256.892000 but the latest data is at time 256.821000, when looking up transform from frame [leo2/map] to frame [leo2/base_link]
[controller_server-7] 
[controller_server-7] [WARN] [1783983673.933049832] [leo2.controller_server]: Control loop missed its desired rate of 20.0000Hz
[controller_server-7] [WARN] [1783983673.936315941] [leo2.controller_server]: Control loop missed its desired rate of 20.0000Hz
[controller_server-7] [INFO] [1783983674.835273160] [leo2.controller_server]: Passing new path to controller.
[controller_server-1] [INFO] [1783983674.837759742] [leo1.controller_server]: Passing new path to controller.
[controller_server-1] [WARN] [1783983674.909967689] [leo1.controller_server]: Control loop missed its desired rate of 20.0000Hz
[controller_server-7] [WARN] [1783983674.927667931] [leo2.controller_server]: Control loop missed its desired rate of 20.0000Hz
[controller_server-7] [INFO] [1783983675.885295502] [leo2.controller_server]: Passing new path to controller.
[controller_server-1] [INFO] [1783983675.887739930] [leo1.controller_server]: Passing new path to controller.
[controller_server-7] [ERROR] [1783983675.996860490] [transformPoseInTargetFrame]: Extrapolation Error looking up target frame: Lookup would require extrapolation into the future.  Requested time 258.666000 but the latest data is at time 258.641000, when looking up transform from frame [leo2/map] to frame [leo2/base_link]
[controller_server-7] 
[controller_server-7] [WARN] [1783983675.997849402] [leo2.controller_server]: Control loop missed its desired rate of 20.0000Hz
[controller_server-1] [ERROR] [1783983675.999356852] [transformPoseInTargetFrame]: Extrapolation Error looking up target frame: Lookup would require extrapolation into the future.  Requested time 258.668000 but the latest data is at time 258.620000, when looking up transform from frame [leo1/map] to frame [leo1/base_link]
[controller_server-1] 
[controller_server-1] [WARN] [1783983676.000242253] [leo1.controller_server]: Control loop missed its desired rate of 20.0000Hz
[controller_server-7] [INFO] [1783983676.917372404] [leo2.controller_server]: Passing new path to controller.
[controller_server-1] [INFO] [1783983676.920785770] [leo1.controller_server]: Passing new path to controller.
[controller_server-7] [INFO] [1783983677.947903506] [leo2.controller_server]: Passing new path to controller.
[controller_server-1] [INFO] [1783983677.950336320] [leo1.controller_server]: Passing new path to controller.
[controller_server-7] [ERROR] [1783983678.069685191] [transformPoseInTargetFrame]: Extrapolation Error looking up target frame: Lookup would require extrapolation into the future.  Requested time 260.460000 but the latest data is at time 260.441000, when looking up transform from frame [leo2/map] to frame [leo2/base_link]
[controller_server-7] 
[controller_server-7] [WARN] [1783983678.070580322] [leo2.controller_server]: Control loop missed its desired rate of 20.0000Hz
[controller_server-1] [ERROR] [1783983678.071907705] [transformPoseInTargetFrame]: Extrapolation Error looking up target frame: Lookup would require extrapolation into the future.  Requested time 260.462000 but the latest data is at time 260.420000, when looking up transform from frame [leo1/map] to frame [leo1/base_link]
[controller_server-1] 
[controller_server-1] [WARN] [1783983678.073372744] [leo1.controller_server]: Control loop missed its desired rate of 20.0000Hz
[controller_server-1] [INFO] [1783983678.947643080] [leo1.controller_server]: Passing new path to controller.
[controller_server-7] [INFO] [1783983678.993706357] [leo2.controller_server]: Passing new path to controller.
[controller_server-7] [INFO] [1783983680.020687635] [leo2.controller_server]: Passing new path to controller.
[controller_server-1] [INFO] [1783983680.023478670] [leo1.controller_server]: Passing new path to controller.
[controller_server-1] [ERROR] [1783983680.145455642] [transformPoseInTargetFrame]: Extrapolation Error looking up target frame: Lookup would require extrapolation into the future.  Requested time 262.227000 but the latest data is at time 262.220000, when looking up transform from frame [leo1/map] to frame [leo1/base_link]
[controller_server-1] 
[controller_server-1] [WARN] [1783983680.147036451] [leo1.controller_server]: Control loop missed its desired rate of 20.0000Hz
[controller_server-7] [INFO] [1783983681.020693075] [leo2.controller_server]: Passing new path to controller.
[controller_server-1] [INFO] [1783983681.021299505] [leo1.controller_server]: Passing new path to controller.
[controller_server-7] [ERROR] [1783983682.835990243] [transformPoseInTargetFrame]: Extrapolation Error looking up target frame: Lookup would require extrapolation into the future.  Requested time 263.044000 but the latest data is at time 263.041000, when looking up transform from frame [leo2/map] to frame [leo2/base_link]
[controller_server-7] 
[controller_server-1] [ERROR] [1783983682.836699229] [transformPoseInTargetFrame]: Extrapolation Error looking up target frame: Lookup would require extrapolation into the future.  Requested time 263.045000 but the latest data is at time 263.020000, when looking up transform from frame [leo1/map] to frame [leo1/base_link]
[controller_server-1] 
[controller_server-7] [WARN] [1783983682.836928361] [leo2.controller_server]: Control loop missed its desired rate of 20.0000Hz
[controller_server-1] [WARN] [1783983682.838237506] [leo1.controller_server]: Control loop missed its desired rate of 20.0000Hz
[controller_server-7] [INFO] [1783983682.890935275] [leo2.controller_server]: Passing new path to controller.
[controller_server-1] [INFO] [1783983682.892424376] [leo1.controller_server]: Passing new path to controller.
[controller_server-7] [INFO] [1783983683.874530042] [leo2.controller_server]: Passing new path to controller.
[controller_server-1] [INFO] [1783983683.875077986] [leo1.controller_server]: Passing new path to controller.
[controller_server-7] [INFO] [1783983684.937003548] [leo2.controller_server]: Passing new path to controller.
[controller_server-1] [INFO] [1783983684.938299285] [leo1.controller_server]: Passing new path to controller.
[controller_server-1] [WARN] [1783983685.050942264] [leo1.controller_server]: Control loop missed its desired rate of 20.0000Hz
[controller_server-7] [ERROR] [1783983685.058435337] [transformPoseInTargetFrame]: Extrapolation Error looking up target frame: Lookup would require extrapolation into the future.  Requested time 264.878000 but the latest data is at time 264.841000, when looking up transform from frame [leo2/map] to frame [leo2/base_link]
[controller_server-7] 
[controller_server-7] [WARN] [1783983685.059264908] [leo2.controller_server]: Control loop missed its desired rate of 20.0000Hz
[controller_server-1] [INFO] [1783983685.971534478] [leo1.controller_server]: Passing new path to controller.
[controller_server-7] [INFO] [1783983685.978031962] [leo2.controller_server]: Passing new path to controller.
[controller_server-7] [INFO] [1783983686.959348343] [leo2.controller_server]: Passing new path to controller.
[controller_server-1] [INFO] [1783983687.001003368] [leo1.controller_server]: Passing new path to controller.
[controller_server-1] [INFO] [1783983688.001038126] [leo1.controller_server]: Passing new path to controller.
[controller_server-7] [INFO] [1783983688.009360951] [leo2.controller_server]: Passing new path to controller.
[controller_server-1] [ERROR] [1783983688.122757880] [transformPoseInTargetFrame]: Extrapolation Error looking up target frame: Lookup would require extrapolation into the future.  Requested time 267.444000 but the latest data is at time 267.420000, when looking up transform from frame [leo1/map] to frame [leo1/base_link]
[controller_server-1] 
[controller_server-1] [WARN] [1783983688.123585623] [leo1.controller_server]: Control loop missed its desired rate of 20.0000Hz
[controller_server-7] [ERROR] [1783983688.131108197] [transformPoseInTargetFrame]: Extrapolation Error looking up target frame: Lookup would require extrapolation into the future.  Requested time 267.451000 but the latest data is at time 267.421000, when looking up transform from frame [leo2/map] to frame [leo2/base_link]
[controller_server-7] 
[controller_server-7] [WARN] [1783983688.132264141] [leo2.controller_server]: Control loop missed its desired rate of 20.0000Hz
[controller_server-7] [INFO] [1783983688.818303212] [leo2.local_costmap.local_costmap]: Received request to clear entirely the local_costmap
[planner_server-8] [INFO] [1783983688.818456378] [leo2.global_costmap.global_costmap]: Received request to clear entirely the global_costmap
[controller_server-7] [INFO] [1783983689.032334446] [leo2.controller_server]: Passing new path to controller.
[controller_server-1] [INFO] [1783983689.045177750] [leo1.controller_server]: Passing new path to controller.
[controller_server-7] [ERROR] [1783983689.154441687] [transformPoseInTargetFrame]: Extrapolation Error looking up target frame: Lookup would require extrapolation into the future.  Requested time 268.270000 but the latest data is at time 268.221000, when looking up transform from frame [leo2/map] to frame [leo2/base_link]
[controller_server-7] 
[controller_server-7] [WARN] [1783983689.156013123] [leo2.controller_server]: Control loop missed its desired rate of 20.0000Hz
[controller_server-1] [WARN] [1783983689.158046156] [leo1.controller_server]: Control loop missed its desired rate of 20.0000Hz
[controller_server-1] [INFO] [1783983689.336113671] [leo1.local_costmap.local_costmap]: Received request to clear entirely the local_costmap
[planner_server-2] [INFO] [1783983689.336233751] [leo1.global_costmap.global_costmap]: Received request to clear entirely the global_costmap
[controller_server-1] [WARN] [1783983689.524976321] [leo1.controller_server]: Control loop missed its desired rate of 20.0000Hz
[controller_server-7] [INFO] [1783983690.079168827] [leo2.controller_server]: Passing new path to controller.
[controller_server-1] [INFO] [1783983690.086486879] [leo1.controller_server]: Passing new path to controller.
[controller_server-7] [WARN] [1783983690.161374763] [leo2.controller_server]: Control loop missed its desired rate of 20.0000Hz
[controller_server-7] [INFO] [1783983691.106108260] [leo2.controller_server]: Passing new path to controller.
[controller_server-1] [INFO] [1783983691.125405839] [leo1.controller_server]: Passing new path to controller.
[controller_server-1] [WARN] [1783983691.197499713] [leo1.controller_server]: Control loop missed its desired rate of 20.0000Hz
[controller_server-7] [WARN] [1783983691.209774618] [leo2.controller_server]: Control loop missed its desired rate of 20.0000Hz
[controller_server-1] [INFO] [1783983692.125068086] [leo1.controller_server]: Passing new path to controller.
[controller_server-7] [INFO] [1783983692.134090220] [leo2.controller_server]: Passing new path to controller.
[controller_server-1] [WARN] [1783983692.227403037] [leo1.controller_server]: Control loop missed its desired rate of 20.0000Hz
[controller_server-7] [WARN] [1783983692.257162121] [leo2.controller_server]: Control loop missed its desired rate of 20.0000Hz
[controller_server-7] [ERROR] [1783983693.059910785] [leo2.controller_server]: Failed to make progress
[controller_server-7] [WARN] [1783983693.060001754] [leo2.controller_server]: [follow_path] [ActionServer] Aborting handle.
[controller_server-7] [INFO] [1783983693.076639306] [leo2.local_costmap.local_costmap]: Received request to clear entirely the local_costmap
[controller_server-7] [INFO] [1783983693.077798329] [leo2.controller_server]: Received a goal, begin computing control effort.
[controller_server-1] [INFO] [1783983693.145255734] [leo1.controller_server]: Passing new path to controller.
[controller_server-7] [WARN] [1783983693.219779523] [leo2.controller_server]: Control loop missed its desired rate of 20.0000Hz
[controller_server-7] [INFO] [1783983693.219818497] [leo2.controller_server]: Passing new path to controller.
[controller_server-1] [INFO] [1783983694.177481464] [leo1.controller_server]: Passing new path to controller.
[controller_server-7] [INFO] [1783983694.210976664] [leo2.controller_server]: Passing new path to controller.
[controller_server-7] [INFO] [1783983695.219909926] [leo2.controller_server]: Passing new path to controller.
[controller_server-1] [INFO] [1783983695.227493907] [leo1.controller_server]: Passing new path to controller.
[controller_server-1] [ERROR] [1783983695.349221950] [transformPoseInTargetFrame]: Extrapolation Error looking up target frame: Lookup would require extrapolation into the future.  Requested time 273.256000 but the latest data is at time 273.220000, when looking up transform from frame [leo1/map] to frame [leo1/base_link]
[controller_server-1] 
[controller_server-1] [WARN] [1783983695.350131698] [leo1.controller_server]: Control loop missed its desired rate of 20.0000Hz
[controller_server-7] [ERROR] [1783983695.351593608] [transformPoseInTargetFrame]: Extrapolation Error looking up target frame: Lookup would require extrapolation into the future.  Requested time 273.250000 but the latest data is at time 273.241000, when looking up transform from frame [leo2/map] to frame [leo2/base_link]
[controller_server-7] 
[controller_server-7] [WARN] [1783983695.352376527] [leo2.controller_server]: Control loop missed its desired rate of 20.0000Hz
[controller_server-1] [INFO] [1783983696.272110540] [leo1.controller_server]: Passing new path to controller.
[controller_server-7] [INFO] [1783983696.277433407] [leo2.controller_server]: Passing new path to controller.
[controller_server-7] [WARN] [1783983696.360296882] [leo2.controller_server]: Control loop missed its desired rate of 20.0000Hz
[controller_server-1] [INFO] [1783983697.300175483] [leo1.controller_server]: Passing new path to controller.
[controller_server-7] [INFO] [1783983697.302466190] [leo2.controller_server]: Passing new path to controller.
[controller_server-1] [INFO] [1783983698.300200848] [leo1.controller_server]: Passing new path to controller.
[controller_server-7] [INFO] [1783983698.302486088] [leo2.controller_server]: Passing new path to controller.
[controller_server-1] [WARN] [1783983698.372598424] [leo1.controller_server]: Control loop missed its desired rate of 20.0000Hz
[controller_server-7] [WARN] [1783983698.395630605] [leo2.controller_server]: Control loop missed its desired rate of 20.0000Hz
[controller_server-1] [INFO] [1783983699.350235349] [leo1.controller_server]: Passing new path to controller.
[controller_server-7] [INFO] [1783983699.352473826] [leo2.controller_server]: Passing new path to controller.
[controller_server-1] [WARN] [1783983699.412946761] [leo1.controller_server]: Control loop missed its desired rate of 20.0000Hz
[controller_server-7] [WARN] [1783983699.445666061] [leo2.controller_server]: Control loop missed its desired rate of 20.0000Hz
[controller_server-7] [INFO] [1783983700.352467687] [leo2.controller_server]: Passing new path to controller.
[controller_server-1] [INFO] [1783983700.400232069] [leo1.controller_server]: Passing new path to controller.
[controller_server-1] [WARN] [1783983700.452115187] [leo1.controller_server]: Control loop missed its desired rate of 20.0000Hz
[controller_server-7] [WARN] [1783983700.475526220] [leo2.controller_server]: Control loop missed its desired rate of 20.0000Hz
[controller_server-7] [INFO] [1783983701.396345343] [leo2.controller_server]: Passing new path to controller.
[controller_server-1] [INFO] [1783983701.400243706] [leo1.controller_server]: Passing new path to controller.
[controller_server-7] [INFO] [1783983702.425585866] [leo2.controller_server]: Passing new path to controller.
[controller_server-1] [INFO] [1783983702.450254292] [leo1.controller_server]: Passing new path to controller.
[controller_server-1] [WARN] [1783983702.511908270] [leo1.controller_server]: Control loop missed its desired rate of 20.0000Hz
[controller_server-7] [WARN] [1783983702.528092334] [leo2.controller_server]: Control loop missed its desired rate of 20.0000Hz
[controller_server-1] [INFO] [1783983703.450221276] [leo1.controller_server]: Passing new path to controller.
[controller_server-7] [INFO] [1783983703.450884977] [leo2.controller_server]: Passing new path to controller.
[controller_server-7] [INFO] [1783983704.478156575] [leo2.controller_server]: Passing new path to controller.
[controller_server-1] [INFO] [1783983704.500203866] [leo1.controller_server]: Passing new path to controller.
[controller_server-1] [WARN] [1783983704.582303353] [leo1.controller_server]: Control loop missed its desired rate of 20.0000Hz
[controller_server-7] [WARN] [1783983704.601251339] [leo2.controller_server]: Control loop missed its desired rate of 20.0000Hz
[controller_server-7] [INFO] [1783983705.523811431] [leo2.controller_server]: Passing new path to controller.
[controller_server-1] [INFO] [1783983705.550227062] [leo1.controller_server]: Passing new path to controller.
[controller_server-1] [ERROR] [1783983705.682184284] [transformPoseInTargetFrame]: Extrapolation Error looking up target frame: Lookup would require extrapolation into the future.  Requested time 281.836000 but the latest data is at time 281.820000, when looking up transform from frame [leo1/map] to frame [leo1/base_link]
[controller_server-1] 
[controller_server-1] [WARN] [1783983705.683062283] [leo1.controller_server]: Control loop missed its desired rate of 20.0000Hz
[controller_server-7] [INFO] [1783983706.551354235] [leo2.controller_server]: Passing new path to controller.
[controller_server-1] [INFO] [1783983706.552989868] [leo1.controller_server]: Passing new path to controller.
[controller_server-7] [ERROR] [1783983706.683431384] [transformPoseInTargetFrame]: Extrapolation Error looking up target frame: Lookup would require extrapolation into the future.  Requested time 282.648000 but the latest data is at time 282.641000, when looking up transform from frame [leo2/map] to frame [leo2/base_link]
[controller_server-7] 
[controller_server-7] [WARN] [1783983706.684423738] [leo2.controller_server]: Control loop missed its desired rate of 20.0000Hz
[controller_server-1] [ERROR] [1783983706.685415629] [transformPoseInTargetFrame]: Extrapolation Error looking up target frame: Lookup would require extrapolation into the future.  Requested time 282.649000 but the latest data is at time 282.620000, when looking up transform from frame [leo1/map] to frame [leo1/base_link]
[controller_server-1] 
[controller_server-1] [WARN] [1783983706.686927265] [leo1.controller_server]: Control loop missed its desired rate of 20.0000Hz
[controller_server-7] [INFO] [1783983707.608181114] [leo2.controller_server]: Passing new path to controller.
[controller_server-1] [INFO] [1783983707.609792293] [leo1.controller_server]: Passing new path to controller.
[controller_server-7] [ERROR] [1783983707.740333122] [transformPoseInTargetFrame]: Extrapolation Error looking up target frame: Lookup would require extrapolation into the future.  Requested time 283.480000 but the latest data is at time 283.421000, when looking up transform from frame [leo2/map] to frame [leo2/base_link]
[controller_server-7] 
[controller_server-7] [WARN] [1783983707.742034377] [leo2.controller_server]: Control loop missed its desired rate of 20.0000Hz
[controller_server-1] [WARN] [1783983707.743246493] [leo1.controller_server]: Control loop missed its desired rate of 20.0000Hz
[controller_server-7] [INFO] [1783983708.617555475] [leo2.controller_server]: Passing new path to controller.
[controller_server-1] [INFO] [1783983708.617691374] [leo1.controller_server]: Passing new path to controller.
[controller_server-1] [WARN] [1783983708.730096024] [leo1.controller_server]: Control loop missed its desired rate of 20.0000Hz
[controller_server-7] [ERROR] [1783983708.739485029] [transformPoseInTargetFrame]: Extrapolation Error looking up target frame: Lookup would require extrapolation into the future.  Requested time 284.294000 but the latest data is at time 284.241000, when looking up transform from frame [leo2/map] to frame [leo2/base_link]
[controller_server-7] 
[controller_server-7] [WARN] [1783983708.740370389] [leo2.controller_server]: Control loop missed its desired rate of 20.0000Hz
[controller_server-7] [WARN] [1783983708.744392346] [leo2.controller_server]: Control loop missed its desired rate of 20.0000Hz
[controller_server-7] [INFO] [1783983709.642114319] [leo2.controller_server]: Passing new path to controller.
[controller_server-1] [INFO] [1783983709.643313598] [leo1.controller_server]: Passing new path to controller.
[controller_server-7] [INFO] [1783983710.692105150] [leo2.controller_server]: Passing new path to controller.
[controller_server-1] [INFO] [1783983710.693310792] [leo1.controller_server]: Passing new path to controller.
[controller_server-1] [WARN] [1783983710.755183091] [leo1.controller_server]: Control loop missed its desired rate of 20.0000Hz
[controller_server-7] [WARN] [1783983710.784103751] [leo2.controller_server]: Control loop missed its desired rate of 20.0000Hz
[controller_server-7] [ERROR] [1783983711.192150196] [leo2.controller_server]: Failed to make progress
[controller_server-7] [WARN] [1783983711.192243501] [leo2.controller_server]: [follow_path] [ActionServer] Aborting handle.
[behavior_server-9] [INFO] [1783983711.206791273] [leo2.behavior_server]: Running backup
[behavior_server-9] [INFO] [1783983711.206943690] [leo2.behavior_server]: DriveOnHeading: no acceleration or deceleration limits set
[controller_server-1] [INFO] [1783983711.693311191] [leo1.controller_server]: Passing new path to controller.
[controller_server-1] [INFO] [1783983712.743349605] [leo1.controller_server]: Passing new path to controller.
[controller_server-1] [ERROR] [1783983714.681178846] [transformPoseInTargetFrame]: Extrapolation Error looking up target frame: Lookup would require extrapolation into the future.  Requested time 287.873000 but the latest data is at time 287.820000, when looking up transform from frame [leo1/map] to frame [leo1/base_link]
[controller_server-1] 
[controller_server-1] [WARN] [1783983714.682052670] [leo1.controller_server]: Control loop missed its desired rate of 20.0000Hz
[controller_server-1] [INFO] [1783983714.682075536] [leo1.controller_server]: Passing new path to controller.
[controller_server-1] [INFO] [1783983715.682194964] [leo1.controller_server]: Passing new path to controller.
[controller_server-1] [INFO] [1783983716.732133716] [leo1.controller_server]: Passing new path to controller.
[controller_server-1] [WARN] [1783983716.814444406] [leo1.controller_server]: Control loop missed its desired rate of 20.0000Hz
[controller_server-1] [INFO] [1783983717.782137398] [leo1.controller_server]: Passing new path to controller.
[controller_server-1] [ERROR] [1783983717.904105442] [transformPoseInTargetFrame]: Extrapolation Error looking up target frame: Lookup would require extrapolation into the future.  Requested time 290.648000 but the latest data is at time 290.620000, when looking up transform from frame [leo1/map] to frame [leo1/base_link]
[controller_server-1] 
[controller_server-1] [WARN] [1783983717.905113833] [leo1.controller_server]: Control loop missed its desired rate of 20.0000Hz
[controller_server-1] [INFO] [1783983718.774242078] [leo1.controller_server]: Passing new path to controller.
[controller_server-1] [INFO] [1783983719.805182378] [leo1.controller_server]: Passing new path to controller.
[controller_server-1] [ERROR] [1783983719.916883108] [transformPoseInTargetFrame]: Extrapolation Error looking up target frame: Lookup would require extrapolation into the future.  Requested time 292.479000 but the latest data is at time 292.420000, when looking up transform from frame [leo1/map] to frame [leo1/base_link]
[controller_server-1] 
[controller_server-1] [WARN] [1783983719.917694494] [leo1.controller_server]: Control loop missed its desired rate of 20.0000Hz
[behavior_server-9] [INFO] [1783983720.223069549] [leo2.behavior_server]: backup completed successfully
[controller_server-7] [INFO] [1783983720.273771108] [leo2.controller_server]: Received a goal, begin computing control effort.
[controller_server-7] [WARN] [1783983720.386187415] [leo2.controller_server]: Control loop missed its desired rate of 20.0000Hz
[controller_server-1] [INFO] [1783983720.837664866] [leo1.controller_server]: Passing new path to controller.
[controller_server-1] [ERROR] [1783983720.949425351] [transformPoseInTargetFrame]: Extrapolation Error looking up target frame: Lookup would require extrapolation into the future.  Requested time 293.442000 but the latest data is at time 293.420000, when looking up transform from frame [leo1/map] to frame [leo1/base_link]
[controller_server-1] 
[controller_server-1] [WARN] [1783983720.950436710] [leo1.controller_server]: Control loop missed its desired rate of 20.0000Hz
[controller_server-7] [INFO] [1783983721.309447820] [leo2.controller_server]: Passing new path to controller.
[controller_server-7] [ERROR] [1783983721.421147004] [transformPoseInTargetFrame]: Extrapolation Error looking up target frame: Lookup would require extrapolation into the future.  Requested time 293.886000 but the latest data is at time 293.841000, when looking up transform from frame [leo2/map] to frame [leo2/base_link]
[controller_server-7] 
[controller_server-7] [WARN] [1783983721.422512349] [leo2.controller_server]: Control loop missed its desired rate of 20.0000Hz
[controller_server-1] [INFO] [1783983721.867795049] [leo1.controller_server]: Passing new path to controller.
[controller_server-7] [INFO] [1783983722.336270923] [leo2.controller_server]: Passing new path to controller.
[controller_server-7] [ERROR] [1783983722.447645327] [transformPoseInTargetFrame]: Extrapolation Error looking up target frame: Lookup would require extrapolation into the future.  Requested time 294.857000 but the latest data is at time 294.841000, when looking up transform from frame [leo2/map] to frame [leo2/base_link]
[controller_server-7] 
[controller_server-7] [WARN] [1783983722.448488989] [leo2.controller_server]: Control loop missed its desired rate of 20.0000Hz
[controller_server-1] [INFO] [1783983722.917771819] [leo1.controller_server]: Passing new path to controller.
[planner_server-8] [INFO] [1783983723.238702907] [leo2.global_costmap.global_costmap]: StaticLayer: Resizing costmap to 477 X 238 at 0.050000 m/pix
[controller_server-7] [INFO] [1783983723.367976479] [leo2.controller_server]: Passing new path to controller.
[controller_server-1] [INFO] [1783983723.917772075] [leo1.controller_server]: Passing new path to controller.
[controller_server-1] [WARN] [1783983723.979589422] [leo1.controller_server]: Control loop missed its desired rate of 20.0000Hz
[controller_server-7] [INFO] [1783983724.398521067] [leo2.controller_server]: Passing new path to controller.
[controller_server-7] [WARN] [1783983724.450332707] [leo2.controller_server]: Control loop missed its desired rate of 20.0000Hz
[controller_server-1] [INFO] [1783983724.967779168] [leo1.controller_server]: Passing new path to controller.
[controller_server-1] [WARN] [1783983725.070737307] [leo1.controller_server]: Control loop missed its desired rate of 20.0000Hz
[controller_server-7] [INFO] [1783983725.448576020] [leo2.controller_server]: Passing new path to controller.
[controller_server-7] [WARN] [1783983725.551265066] [leo2.controller_server]: Control loop missed its desired rate of 20.0000Hz
[controller_server-1] [INFO] [1783983725.991895493] [leo1.controller_server]: Passing new path to controller.
[controller_server-7] [INFO] [1783983726.474961947] [leo2.controller_server]: Passing new path to controller.
[controller_server-1] [INFO] [1783983727.020830965] [leo1.controller_server]: Passing new path to controller.
[controller_server-1] [WARN] [1783983727.073625728] [leo1.controller_server]: Control loop missed its desired rate of 20.0000Hz
[controller_server-7] [INFO] [1783983727.501360490] [leo2.controller_server]: Passing new path to controller.
[controller_server-7] [WARN] [1783983727.553604992] [leo2.controller_server]: Control loop missed its desired rate of 20.0000Hz
[controller_server-1] [INFO] [1783983728.070823609] [leo1.controller_server]: Passing new path to controller.
[controller_server-1] [WARN] [1783983728.174051565] [leo1.controller_server]: Control loop missed its desired rate of 20.0000Hz
[controller_server-7] [INFO] [1783983728.551325645] [leo2.controller_server]: Passing new path to controller.
[controller_server-7] [WARN] [1783983728.643609589] [leo2.controller_server]: Control loop missed its desired rate of 20.0000Hz
[controller_server-1] [INFO] [1783983729.096785338] [leo1.controller_server]: Passing new path to controller.
[controller_server-1] [ERROR] [1783983729.208412372] [transformPoseInTargetFrame]: Extrapolation Error looking up target frame: Lookup would require extrapolation into the future.  Requested time 301.043000 but the latest data is at time 301.020000, when looking up transform from frame [leo1/map] to frame [leo1/base_link]
[controller_server-1] 
[controller_server-1] [WARN] [1783983729.209306545] [leo1.controller_server]: Control loop missed its desired rate of 20.0000Hz
[controller_server-7] [INFO] [1783983729.551350108] [leo2.controller_server]: Passing new path to controller.
[controller_server-7] [ERROR] [1783983729.663315749] [transformPoseInTargetFrame]: Extrapolation Error looking up target frame: Lookup would require extrapolation into the future.  Requested time 301.482000 but the latest data is at time 301.441000, when looking up transform from frame [leo2/map] to frame [leo2/base_link]
[controller_server-7] 
[controller_server-7] [WARN] [1783983729.664484960] [leo2.controller_server]: Control loop missed its desired rate of 20.0000Hz
[controller_server-1] [INFO] [1783983730.124122395] [leo1.controller_server]: Passing new path to controller.
[controller_server-7] [INFO] [1783983730.582752198] [leo2.controller_server]: Passing new path to controller.
[controller_server-7] [ERROR] [1783983730.694577571] [transformPoseInTargetFrame]: Extrapolation Error looking up target frame: Lookup would require extrapolation into the future.  Requested time 302.449000 but the latest data is at time 302.441000, when looking up transform from frame [leo2/map] to frame [leo2/base_link]
[controller_server-7] 
[controller_server-7] [WARN] [1783983730.695891694] [leo2.controller_server]: Control loop missed its desired rate of 20.0000Hz
[controller_server-1] [INFO] [1783983731.174137614] [leo1.controller_server]: Passing new path to controller.
[controller_server-7] [INFO] [1783983731.614571855] [leo2.controller_server]: Passing new path to controller.
[controller_server-1] [INFO] [1783983732.174139863] [leo1.controller_server]: Passing new path to controller.
[controller_server-1] [WARN] [1783983732.297777370] [leo1.controller_server]: Control loop missed its desired rate of 20.0000Hz
[controller_server-7] [INFO] [1783983732.664587256] [leo2.controller_server]: Passing new path to controller.
[controller_server-7] [WARN] [1783983732.788016844] [leo2.controller_server]: Control loop missed its desired rate of 20.0000Hz
[controller_server-1] [INFO] [1783983733.219757027] [leo1.controller_server]: Passing new path to controller.
[controller_server-7] [INFO] [1783983733.711148489] [leo2.controller_server]: Passing new path to controller.
[controller_server-1] [INFO] [1783983734.247874951] [leo1.controller_server]: Passing new path to controller.
[controller_server-1] [WARN] [1783983734.370812183] [leo1.controller_server]: Control loop missed its desired rate of 20.0000Hz
[controller_server-7] [INFO] [1783983734.738099356] [leo2.controller_server]: Passing new path to controller.
[controller_server-7] [WARN] [1783983734.820474672] [leo2.controller_server]: Control loop missed its desired rate of 20.0000Hz
[controller_server-1] [INFO] [1783983735.289345363] [leo1.controller_server]: Passing new path to controller.
[controller_server-1] [ERROR] [1783983735.401294425] [transformPoseInTargetFrame]: Extrapolation Error looking up target frame: Lookup would require extrapolation into the future.  Requested time 306.676000 but the latest data is at time 306.620000, when looking up transform from frame [leo1/map] to frame [leo1/base_link]
[controller_server-1] 
[controller_server-1] [WARN] [1783983735.402193943] [leo1.controller_server]: Control loop missed its desired rate of 20.0000Hz
[controller_server-7] [INFO] [1783983735.738084524] [leo2.controller_server]: Passing new path to controller.
[controller_server-7] [ERROR] [1783983735.849556105] [transformPoseInTargetFrame]: Extrapolation Error looking up target frame: Lookup would require extrapolation into the future.  Requested time 307.093000 but the latest data is at time 307.041000, when looking up transform from frame [leo2/map] to frame [leo2/base_link]
[controller_server-7] 
[controller_server-7] [WARN] [1783983735.850465684] [leo2.controller_server]: Control loop missed its desired rate of 20.0000Hz
[controller_server-1] [INFO] [1783983736.320893735] [leo1.controller_server]: Passing new path to controller.
[controller_server-1] [ERROR] [1783983736.432628153] [transformPoseInTargetFrame]: Extrapolation Error looking up target frame: Lookup would require extrapolation into the future.  Requested time 307.643000 but the latest data is at time 307.620000, when looking up transform from frame [leo1/map] to frame [leo1/base_link]
[controller_server-1] 
[controller_server-1] [WARN] [1783983736.433445242] [leo1.controller_server]: Control loop missed its desired rate of 20.0000Hz
[controller_server-7] [INFO] [1783983736.770066719] [leo2.controller_server]: Passing new path to controller.
[controller_server-7] [ERROR] [1783983736.881832077] [transformPoseInTargetFrame]: Extrapolation Error looking up target frame: Lookup would require extrapolation into the future.  Requested time 308.069000 but the latest data is at time 308.041000, when looking up transform from frame [leo2/map] to frame [leo2/base_link]
[controller_server-7] 
[controller_server-7] [WARN] [1783983736.882854407] [leo2.controller_server]: Control loop missed its desired rate of 20.0000Hz
[controller_server-1] [INFO] [1783983737.353730274] [leo1.controller_server]: Passing new path to controller.
[controller_server-7] [INFO] [1783983737.800540013] [leo2.controller_server]: Passing new path to controller.
[controller_server-1] [INFO] [1783983738.383550768] [leo1.controller_server]: Passing new path to controller.
[controller_server-1] [WARN] [1783983738.435436831] [leo1.controller_server]: Control loop missed its desired rate of 20.0000Hz
[controller_server-7] [INFO] [1783983738.850520851] [leo2.controller_server]: Passing new path to controller.
[controller_server-1] [INFO] [1783983739.383586031] [leo1.controller_server]: Passing new path to controller.
[controller_server-1] [ERROR] [1783983739.505677586] [transformPoseInTargetFrame]: Extrapolation Error looking up target frame: Lookup would require extrapolation into the future.  Requested time 310.452000 but the latest data is at time 310.420000, when looking up transform from frame [leo1/map] to frame [leo1/base_link]
[controller_server-1] 
[controller_server-1] [WARN] [1783983739.506437470] [leo1.controller_server]: Control loop missed its desired rate of 20.0000Hz
[controller_server-7] [INFO] [1783983739.850582449] [leo2.controller_server]: Passing new path to controller.
[controller_server-7] [ERROR] [1783983739.972470224] [transformPoseInTargetFrame]: Extrapolation Error looking up target frame: Lookup would require extrapolation into the future.  Requested time 310.851000 but the latest data is at time 310.841000, when looking up transform from frame [leo2/map] to frame [leo2/base_link]
[controller_server-7] 
[controller_server-7] [WARN] [1783983739.973303765] [leo2.controller_server]: Control loop missed its desired rate of 20.0000Hz
[controller_server-1] [INFO] [1783983740.425335209] [leo1.controller_server]: Passing new path to controller.
[controller_server-7] [INFO] [1783983740.897993351] [leo2.controller_server]: Passing new path to controller.
[planner_server-8] [INFO] [1783983741.438790447] [leo2.global_costmap.global_costmap]: StaticLayer: Resizing costmap to 477 X 280 at 0.050000 m/pix
[controller_server-1] [INFO] [1783983741.456522628] [leo1.controller_server]: Passing new path to controller.
[controller_server-1] [ERROR] [1783983741.578539651] [transformPoseInTargetFrame]: Extrapolation Error looking up target frame: Lookup would require extrapolation into the future.  Requested time 312.247000 but the latest data is at time 312.220000, when looking up transform from frame [leo1/map] to frame [leo1/base_link]
[controller_server-1] 
[controller_server-1] [WARN] [1783983741.579974493] [leo1.controller_server]: Control loop missed its desired rate of 20.0000Hz
[controller_server-7] [INFO] [1783983741.923411586] [leo2.controller_server]: Passing new path to controller.
[controller_server-7] [ERROR] [1783983742.045324593] [transformPoseInTargetFrame]: Extrapolation Error looking up target frame: Lookup would require extrapolation into the future.  Requested time 312.647000 but the latest data is at time 312.641000, when looking up transform from frame [leo2/map] to frame [leo2/base_link]
[controller_server-7] 
[controller_server-7] [WARN] [1783983742.046269596] [leo2.controller_server]: Control loop missed its desired rate of 20.0000Hz
[controller_server-1] [INFO] [1783983742.500827809] [leo1.controller_server]: Passing new path to controller.
[controller_server-7] [INFO] [1783983742.968042843] [leo2.controller_server]: Passing new path to controller.
[controller_server-1] [INFO] [1783983743.530041629] [leo1.controller_server]: Passing new path to controller.
[controller_server-1] [WARN] [1783983743.602079227] [leo1.controller_server]: Control loop missed its desired rate of 20.0000Hz
[controller_server-7] [INFO] [1783983743.996364778] [leo2.controller_server]: Passing new path to controller.
[controller_server-7] [WARN] [1783983744.078661536] [leo2.controller_server]: Control loop missed its desired rate of 20.0000Hz
[controller_server-1] [INFO] [1783983744.530074097] [leo1.controller_server]: Passing new path to controller.
[controller_server-1] [ERROR] [1783983746.308141249] [transformPoseInTargetFrame]: Extrapolation Error looking up target frame: Lookup would require extrapolation into the future.  Requested time 315.045000 but the latest data is at time 315.020000, when looking up transform from frame [leo1/map] to frame [leo1/base_link]
[controller_server-1] 
[controller_server-1] [WARN] [1783983746.308685270] [leo1.controller_server]: Control loop missed its desired rate of 20.0000Hz
[controller_server-7] [INFO] [1783983746.312895279] [leo2.controller_server]: Passing new path to controller.
[controller_server-1] [INFO] [1783983746.359560306] [leo1.controller_server]: Passing new path to controller.
[controller_server-7] [WARN] [1783983746.385326794] [leo2.controller_server]: Control loop missed its desired rate of 20.0000Hz
[controller_server-1] [INFO] [1783983747.344788346] [leo1.controller_server]: Passing new path to controller.
[controller_server-7] [INFO] [1783983747.362848392] [leo2.controller_server]: Passing new path to controller.
[controller_server-1] [ERROR] [1783983747.466637146] [transformPoseInTargetFrame]: Extrapolation Error looking up target frame: Lookup would require extrapolation into the future.  Requested time 316.046000 but the latest data is at time 316.020000, when looking up transform from frame [leo1/map] to frame [leo1/base_link]
[controller_server-1] 
[controller_server-1] [WARN] [1783983747.467623797] [leo1.controller_server]: Control loop missed its desired rate of 20.0000Hz
[controller_server-7] [ERROR] [1783983747.484882650] [transformPoseInTargetFrame]: Extrapolation Error looking up target frame: Lookup would require extrapolation into the future.  Requested time 316.061000 but the latest data is at time 316.041000, when looking up transform from frame [leo2/map] to frame [leo2/base_link]
[controller_server-7] 
[controller_server-7] [WARN] [1783983747.486239808] [leo2.controller_server]: Control loop missed its desired rate of 20.0000Hz
[bt_navigator-4] [INFO] [1783983748.002109268] [leo1.bt_navigator]: Received goal preemption request
[bt_navigator-4] [INFO] [1783983748.003274414] [leo1.bt_navigator]: Begin navigating from current location (-5.62, -0.57) to (-7.23, -3.37)
[controller_server-1] [INFO] [1783983748.382589593] [leo1.controller_server]: Passing new path to controller.
[controller_server-7] [INFO] [1783983748.410052017] [leo2.controller_server]: Passing new path to controller.
[controller_server-7] [WARN] [1783983748.492192237] [leo2.controller_server]: Control loop missed its desired rate of 20.0000Hz
[controller_server-1] [INFO] [1783983749.417779934] [leo1.controller_server]: Passing new path to controller.
[controller_server-7] [INFO] [1783983749.436336014] [leo2.controller_server]: Passing new path to controller.
[controller_server-7] [INFO] [1783983750.436337509] [leo2.controller_server]: Passing new path to controller.
[controller_server-1] [INFO] [1783983750.467740898] [leo1.controller_server]: Passing new path to controller.
[controller_server-1] [WARN] [1783983750.549968622] [leo1.controller_server]: Control loop missed its desired rate of 20.0000Hz
[controller_server-7] [ERROR] [1783983750.558226794] [transformPoseInTargetFrame]: Extrapolation Error looking up target frame: Lookup would require extrapolation into the future.  Requested time 318.702000 but the latest data is at time 318.641000, when looking up transform from frame [leo2/map] to frame [leo2/base_link]
[controller_server-7] 
[controller_server-7] [WARN] [1783983750.559608377] [leo2.controller_server]: Control loop missed its desired rate of 20.0000Hz
[controller_server-1] [INFO] [1783983751.467732201] [leo1.controller_server]: Passing new path to controller.
[controller_server-7] [INFO] [1783983751.479868354] [leo2.controller_server]: Passing new path to controller.
[controller_server-7] [INFO] [1783983752.509645702] [leo2.controller_server]: Passing new path to controller.
[controller_server-1] [INFO] [1783983752.517715669] [leo1.controller_server]: Passing new path to controller.
[controller_server-1] [WARN] [1783983752.609992289] [leo1.controller_server]: Control loop missed its desired rate of 20.0000Hz
[controller_server-7] [ERROR] [1783983752.622263360] [transformPoseInTargetFrame]: Extrapolation Error looking up target frame: Lookup would require extrapolation into the future.  Requested time 320.509000 but the latest data is at time 320.441000, when looking up transform from frame [leo2/map] to frame [leo2/base_link]
[controller_server-7] 
[controller_server-7] [WARN] [1783983752.623262746] [leo2.controller_server]: Control loop missed its desired rate of 20.0000Hz
[planner_server-2] [INFO] [1783983753.104799009] [leo1.global_costmap.global_costmap]: StaticLayer: Resizing costmap to 478 X 318 at 0.050000 m/pix
[planner_server-8] [INFO] [1783983753.105198411] [leo2.global_costmap.global_costmap]: StaticLayer: Resizing costmap to 477 X 319 at 0.050000 m/pix
[controller_server-7] [INFO] [1783983753.541674258] [leo2.controller_server]: Passing new path to controller.
[controller_server-1] [INFO] [1783983753.567705236] [leo1.controller_server]: Passing new path to controller.
[controller_server-7] [ERROR] [1783983753.663583036] [transformPoseInTargetFrame]: Extrapolation Error looking up target frame: Lookup would require extrapolation into the future.  Requested time 321.478000 but the latest data is at time 321.441000, when looking up transform from frame [leo2/map] to frame [leo2/base_link]
[controller_server-7] 
[controller_server-7] [WARN] [1783983753.664645224] [leo2.controller_server]: Control loop missed its desired rate of 20.0000Hz
[controller_server-1] [WARN] [1783983753.690133382] [leo1.controller_server]: Control loop missed its desired rate of 20.0000Hz
[controller_server-1] [INFO] [1783983754.552981198] [leo1.controller_server]: Passing new path to controller.
[controller_server-7] [INFO] [1783983754.573361545] [leo2.controller_server]: Passing new path to controller.
[controller_server-7] [INFO] [1783983755.573312762] [leo2.controller_server]: Passing new path to controller.
[controller_server-1] [INFO] [1783983755.625856009] [leo1.controller_server]: Passing new path to controller.
[controller_server-1] [ERROR] [1783983755.737364678] [transformPoseInTargetFrame]: Extrapolation Error looking up target frame: Lookup would require extrapolation into the future.  Requested time 323.422000 but the latest data is at time 323.420000, when looking up transform from frame [leo1/map] to frame [leo1/base_link]
[controller_server-1] 
[controller_server-1] [WARN] [1783983755.737705738] [leo1.controller_server]: Control loop missed its desired rate of 20.0000Hz
[controller_server-7] [INFO] [1783983756.623327710] [leo2.controller_server]: Passing new path to controller.
[controller_server-1] [INFO] [1783983756.640237018] [leo1.controller_server]: Passing new path to controller.
[controller_server-7] [WARN] [1783983756.705638765] [leo2.controller_server]: Control loop missed its desired rate of 20.0000Hz
[controller_server-7] [INFO] [1783983757.623336677] [leo2.controller_server]: Passing new path to controller.
[controller_server-1] [INFO] [1783983757.690223183] [leo1.controller_server]: Passing new path to controller.
[controller_server-7] [ERROR] [1783983757.734864994] [transformPoseInTargetFrame]: Extrapolation Error looking up target frame: Lookup would require extrapolation into the future.  Requested time 325.286000 but the latest data is at time 325.241000, when looking up transform from frame [leo2/map] to frame [leo2/base_link]
[controller_server-7] 
[controller_server-7] [WARN] [1783983757.735817072] [leo2.controller_server]: Control loop missed its desired rate of 20.0000Hz
[controller_server-1] [WARN] [1783983757.741648258] [leo1.controller_server]: Control loop missed its desired rate of 20.0000Hz
[controller_server-7] [INFO] [1783983758.650955022] [leo2.controller_server]: Passing new path to controller.
[controller_server-1] [INFO] [1783983758.690221346] [leo1.controller_server]: Passing new path to controller.
[controller_server-1] [ERROR] [1783983758.801759996] [transformPoseInTargetFrame]: Extrapolation Error looking up target frame: Lookup would require extrapolation into the future.  Requested time 326.264000 but the latest data is at time 326.220000, when looking up transform from frame [leo1/map] to frame [leo1/base_link]
[controller_server-1] 
[controller_server-1] [WARN] [1783983758.802077497] [leo1.controller_server]: Control loop missed its desired rate of 20.0000Hz
[controller_server-7] [INFO] [1783983759.685906982] [leo2.controller_server]: Passing new path to controller.
[controller_server-1] [INFO] [1783983759.710778659] [leo1.controller_server]: Passing new path to controller.
[controller_server-7] [WARN] [1783983759.747703181] [leo2.controller_server]: Control loop missed its desired rate of 20.0000Hz
[controller_server-7] [INFO] [1783983760.735904366] [leo2.controller_server]: Passing new path to controller.
[controller_server-1] [INFO] [1783983760.781057904] [leo1.controller_server]: Passing new path to controller.
[controller_server-7] [WARN] [1783983760.838583397] [leo2.controller_server]: Control loop missed its desired rate of 20.0000Hz
[planner_server-8] [INFO] [1783983761.505156322] [leo2.global_costmap.global_costmap]: StaticLayer: Resizing costmap to 478 X 319 at 0.050000 m/pix
[controller_server-7] [INFO] [1783983761.754246432] [leo2.controller_server]: Passing new path to controller.
[controller_server-1] [INFO] [1783983761.788255407] [leo1.controller_server]: Passing new path to controller.
[controller_server-7] [ERROR] [1783983761.865581144] [transformPoseInTargetFrame]: Extrapolation Error looking up target frame: Lookup would require extrapolation into the future.  Requested time 329.075000 but the latest data is at time 329.041000, when looking up transform from frame [leo2/map] to frame [leo2/base_link]
[controller_server-7] 
[controller_server-7] [WARN] [1783983761.866086054] [leo2.controller_server]: Control loop missed its desired rate of 20.0000Hz
[controller_server-1] [INFO] [1783983762.342620845] [leo1.controller_server]: Reached the goal!
[bt_navigator-4] [INFO] [1783983762.382699138] [leo1.bt_navigator]: Goal succeeded
[controller_server-7] [INFO] [1783983762.788659898] [leo2.controller_server]: Passing new path to controller.
[controller_server-7] [ERROR] [1783983762.900329107] [transformPoseInTargetFrame]: Extrapolation Error looking up target frame: Lookup would require extrapolation into the future.  Requested time 330.060000 but the latest data is at time 330.041000, when looking up transform from frame [leo2/map] to frame [leo2/base_link]
[controller_server-7] 
[controller_server-7] [WARN] [1783983762.900811861] [leo2.controller_server]: Control loop missed its desired rate of 20.0000Hz
[controller_server-7] [INFO] [1783983763.815600899] [leo2.controller_server]: Passing new path to controller.
[controller_server-7] [ERROR] [1783983763.927126483] [transformPoseInTargetFrame]: Extrapolation Error looking up target frame: Lookup would require extrapolation into the future.  Requested time 331.043000 but the latest data is at time 331.041000, when looking up transform from frame [leo2/map] to frame [leo2/base_link]
[controller_server-7] 
[controller_server-7] [WARN] [1783983763.927926324] [leo2.controller_server]: Control loop missed its desired rate of 20.0000Hz
[controller_server-7] [INFO] [1783983764.850902749] [leo2.controller_server]: Passing new path to controller.
[bt_navigator-10] [INFO] [1783983765.008850736] [leo2.bt_navigator]: Received goal preemption request
[bt_navigator-10] [INFO] [1783983765.009656625] [leo2.bt_navigator]: Begin navigating from current location (-8.59, 0.37) to (-6.48, -2.00)
[bt_navigator-4] [INFO] [1783983765.230738088] [leo1.bt_navigator]: Begin navigating from current location (-7.07, -3.21) to (-3.53, -5.22)
[controller_server-1] [INFO] [1783983765.252085468] [leo1.controller_server]: Received a goal, begin computing control effort.
[controller_server-1] [ERROR] [1783983765.423841102] [transformPoseInTargetFrame]: Extrapolation Error looking up target frame: Lookup would require extrapolation into the future.  Requested time 332.451000 but the latest data is at time 332.420000, when looking up transform from frame [leo1/map] to frame [leo1/base_link]
[controller_server-1] 
[controller_server-1] [WARN] [1783983765.425312086] [leo1.controller_server]: Control loop missed its desired rate of 20.0000Hz
[controller_server-7] [INFO] [1783983765.901004656] [leo2.controller_server]: Passing new path to controller.
[controller_server-7] [WARN] [1783983765.962561183] [leo2.controller_server]: Control loop missed its desired rate of 20.0000Hz
[controller_server-7] [ERROR] [1783983766.122438651] [transformPoseInTargetFrame]: Extrapolation Error looking up target frame: Lookup would require extrapolation into the future.  Requested time 333.059000 but the latest data is at time 333.041000, when looking up transform from frame [leo2/map] to frame [leo2/base_link]
[controller_server-7] 
[controller_server-7] [WARN] [1783983766.123672547] [leo2.controller_server]: Control loop missed its desired rate of 20.0000Hz
[controller_server-1] [INFO] [1783983766.297804997] [leo1.controller_server]: Passing new path to controller.
[controller_server-1] [WARN] [1783983766.389541763] [leo1.controller_server]: Control loop missed its desired rate of 20.0000Hz
[controller_server-1] [ERROR] [1783983766.546868367] [transformPoseInTargetFrame]: Extrapolation Error looking up target frame: Lookup would require extrapolation into the future.  Requested time 333.428000 but the latest data is at time 333.420000, when looking up transform from frame [leo1/map] to frame [leo1/base_link]
[controller_server-1] 
[controller_server-1] [WARN] [1783983766.547732028] [leo1.controller_server]: Control loop missed its desired rate of 20.0000Hz
[controller_server-7] [INFO] [1783983766.938364871] [leo2.controller_server]: Passing new path to controller.
[controller_server-7] [ERROR] [1783983767.050279595] [transformPoseInTargetFrame]: Extrapolation Error looking up target frame: Lookup would require extrapolation into the future.  Requested time 333.884000 but the latest data is at time 333.841000, when looking up transform from frame [leo2/map] to frame [leo2/base_link]
[controller_server-7] 
[controller_server-7] [WARN] [1783983767.051073989] [leo2.controller_server]: Control loop missed its desired rate of 20.0000Hz
[controller_server-1] [INFO] [1783983767.317349880] [leo1.controller_server]: Passing new path to controller.
[controller_server-1] [ERROR] [1783983767.489546020] [transformPoseInTargetFrame]: Extrapolation Error looking up target frame: Lookup would require extrapolation into the future.  Requested time 334.272000 but the latest data is at time 334.220000, when looking up transform from frame [leo1/map] to frame [leo1/base_link]
[controller_server-1] 
[controller_server-1] [WARN] [1783983767.490431993] [leo1.controller_server]: Control loop missed its desired rate of 20.0000Hz
[controller_server-7] [INFO] [1783983767.923807034] [leo2.controller_server]: Passing new path to controller.
[controller_server-7] [WARN] [1783983768.046611204] [leo2.controller_server]: Control loop missed its desired rate of 20.0000Hz
[controller_server-7] [ERROR] [1783983768.221011986] [transformPoseInTargetFrame]: Extrapolation Error looking up target frame: Lookup would require extrapolation into the future.  Requested time 334.889000 but the latest data is at time 334.841000, when looking up transform from frame [leo2/map] to frame [leo2/base_link]
[controller_server-7] 
[controller_server-7] [WARN] [1783983768.222184647] [leo2.controller_server]: Control loop missed its desired rate of 20.0000Hz
[controller_server-1] [INFO] [1783983768.347806581] [leo1.controller_server]: Passing new path to controller.
[controller_server-1] [WARN] [1783983768.439229214] [leo1.controller_server]: Control loop missed its desired rate of 20.0000Hz
[controller_server-1] [WARN] [1783983768.461444092] [leo1.controller_server]: Control loop missed its desired rate of 20.0000Hz
[controller_server-1] [ERROR] [1783983768.572897914] [transformPoseInTargetFrame]: Extrapolation Error looking up target frame: Lookup would require extrapolation into the future.  Requested time 335.222000 but the latest data is at time 335.220000, when looking up transform from frame [leo1/map] to frame [leo1/base_link]
[controller_server-1] 
[controller_server-1] [WARN] [1783983768.573760187] [leo1.controller_server]: Control loop missed its desired rate of 20.0000Hz
[controller_server-7] [INFO] [1783983768.996679304] [leo2.controller_server]: Passing new path to controller.
[controller_server-7] [WARN] [1783983769.098508446] [leo2.controller_server]: Control loop missed its desired rate of 20.0000Hz
[controller_server-7] [ERROR] [1783983769.270541288] [transformPoseInTargetFrame]: Extrapolation Error looking up target frame: Lookup would require extrapolation into the future.  Requested time 335.875000 but the latest data is at time 335.841000, when looking up transform from frame [leo2/map] to frame [leo2/base_link]
[controller_server-7] 
[controller_server-7] [WARN] [1783983769.271520900] [leo2.controller_server]: Control loop missed its desired rate of 20.0000Hz
[controller_server-1] [INFO] [1783983769.392080922] [leo1.controller_server]: Passing new path to controller.
[controller_server-1] [WARN] [1783983769.504734502] [leo1.controller_server]: Control loop missed its desired rate of 20.0000Hz
[controller_server-7] [INFO] [1783983769.998598988] [leo2.controller_server]: Passing new path to controller.
[controller_server-7] [ERROR] [1783983770.110120124] [transformPoseInTargetFrame]: Extrapolation Error looking up target frame: Lookup would require extrapolation into the future.  Requested time 336.658000 but the latest data is at time 336.641000, when looking up transform from frame [leo2/map] to frame [leo2/base_link]
[controller_server-7] 
[controller_server-7] [WARN] [1783983770.110772627] [leo2.controller_server]: Control loop missed its desired rate of 20.0000Hz
[controller_server-1] [INFO] [1783983770.423843669] [leo1.controller_server]: Passing new path to controller.
[controller_server-1] [ERROR] [1783983770.535607084] [transformPoseInTargetFrame]: Extrapolation Error looking up target frame: Lookup would require extrapolation into the future.  Requested time 337.053000 but the latest data is at time 337.020000, when looking up transform from frame [leo1/map] to frame [leo1/base_link]
[controller_server-1] 
[controller_server-1] [WARN] [1783983770.536235845] [leo1.controller_server]: Control loop missed its desired rate of 20.0000Hz
[controller_server-7] [INFO] [1783983771.027527088] [leo2.controller_server]: Passing new path to controller.
[controller_server-7] [ERROR] [1783983771.222041717] [transformPoseInTargetFrame]: Extrapolation Error looking up target frame: Lookup would require extrapolation into the future.  Requested time 337.675000 but the latest data is at time 337.641000, when looking up transform from frame [leo2/map] to frame [leo2/base_link]
[controller_server-7] 
[controller_server-7] [WARN] [1783983771.223220852] [leo2.controller_server]: Control loop missed its desired rate of 20.0000Hz
[controller_server-1] [INFO] [1783983771.452564730] [leo1.controller_server]: Passing new path to controller.
[planner_server-8] [INFO] [1783983771.505212900] [leo2.global_costmap.global_costmap]: StaticLayer: Resizing costmap to 479 X 319 at 0.050000 m/pix
[controller_server-7] [INFO] [1783983772.088727461] [leo2.controller_server]: Passing new path to controller.
[controller_server-1] [INFO] [1783983772.486319020] [leo1.controller_server]: Passing new path to controller.
[controller_server-1] [WARN] [1783983772.558584993] [leo1.controller_server]: Control loop missed its desired rate of 20.0000Hz
[controller_server-7] [INFO] [1783983773.073322656] [leo2.controller_server]: Passing new path to controller.
[controller_server-7] [ERROR] [1783983773.195247728] [transformPoseInTargetFrame]: Extrapolation Error looking up target frame: Lookup would require extrapolation into the future.  Requested time 339.459000 but the latest data is at time 339.441000, when looking up transform from frame [leo2/map] to frame [leo2/base_link]
[controller_server-7] 
[controller_server-7] [WARN] [1783983773.196521225] [leo2.controller_server]: Control loop missed its desired rate of 20.0000Hz
[controller_server-1] [INFO] [1783983773.536330504] [leo1.controller_server]: Passing new path to controller.
[controller_server-1] [ERROR] [1783983773.648135922] [transformPoseInTargetFrame]: Extrapolation Error looking up target frame: Lookup would require extrapolation into the future.  Requested time 339.862000 but the latest data is at time 339.820000, when looking up transform from frame [leo1/map] to frame [leo1/base_link]
[controller_server-1] 
[controller_server-1] [WARN] [1783983773.649151047] [leo1.controller_server]: Control loop missed its desired rate of 20.0000Hz
[controller_server-7] [INFO] [1783983774.116098997] [leo2.controller_server]: Passing new path to controller.
[controller_server-7] [WARN] [1783983774.198489634] [leo2.controller_server]: Control loop missed its desired rate of 20.0000Hz
[planner_server-2] [ERROR] [1783983774.502929015] [leo1.planner_server]: Failed to create a plan from potential when a legal potential was found. This shouldn't happen.
[planner_server-2] [WARN] [1783983774.503028682] [leo1.planner_server]: GridBased: failed to create plan with tolerance 0.50.
[planner_server-2] [WARN] [1783983774.503045952] [leo1.planner_server]: Planning algorithm GridBased failed to generate a valid path to (-3.53, -5.22)
[planner_server-2] [WARN] [1783983774.503057993] [leo1.planner_server]: [compute_path_to_pose] [ActionServer] Aborting handle.
[planner_server-2] [INFO] [1783983774.521113837] [leo1.global_costmap.global_costmap]: Received request to clear entirely the global_costmap
[planner_server-2] [ERROR] [1783983774.713734886] [leo1.planner_server]: Failed to create a plan from potential when a legal potential was found. This shouldn't happen.
[planner_server-2] [WARN] [1783983774.713913233] [leo1.planner_server]: GridBased: failed to create plan with tolerance 0.50.
[planner_server-2] [WARN] [1783983774.713970144] [leo1.planner_server]: Planning algorithm GridBased failed to generate a valid path to (-3.53, -5.22)
[planner_server-2] [WARN] [1783983774.713980968] [leo1.planner_server]: [compute_path_to_pose] [ActionServer] Aborting handle.
[bt_navigator-4] [ERROR] [1783983774.751697153] [leo1.bt_navigator_navigate_to_pose_rclcpp_node]: Failed to get result for follow_path in node halt!
[controller_server-1] [INFO] [1783983774.751973918] [leo1.local_costmap.local_costmap]: Received request to clear entirely the local_costmap
[planner_server-2] [INFO] [1783983774.752543096] [leo1.global_costmap.global_costmap]: Received request to clear entirely the global_costmap
[bt_navigator-4] [WARN] [1783983774.753795865] [BehaviorTreeEngine]: Behavior Tree tick rate 100.00 was exceeded!
[controller_server-1] [INFO] [1783983774.772739418] [leo1.controller_server]: Goal was canceled. Stopping the robot.
[controller_server-1] [INFO] [1783983774.772820258] [leo1.controller_server]: [follow_path] [ActionServer] Client requested to cancel the goal. Cancelling.
[planner_server-2] [ERROR] [1783983774.914715978] [leo1.planner_server]: Failed to create a plan from potential when a legal potential was found. This shouldn't happen.
[planner_server-2] [WARN] [1783983774.914797115] [leo1.planner_server]: GridBased: failed to create plan with tolerance 0.50.
[planner_server-2] [WARN] [1783983774.914808469] [leo1.planner_server]: Planning algorithm GridBased failed to generate a valid path to (-3.53, -5.22)
[planner_server-2] [WARN] [1783983774.914817698] [leo1.planner_server]: [compute_path_to_pose] [ActionServer] Aborting handle.
[planner_server-2] [INFO] [1783983774.934084706] [leo1.global_costmap.global_costmap]: Received request to clear entirely the global_costmap
[planner_server-2] [ERROR] [1783983775.117173935] [leo1.planner_server]: Failed to create a plan from potential when a legal potential was found. This shouldn't happen.
[planner_server-2] [WARN] [1783983775.117244233] [leo1.planner_server]: GridBased: failed to create plan with tolerance 0.50.
[planner_server-2] [WARN] [1783983775.117255281] [leo1.planner_server]: Planning algorithm GridBased failed to generate a valid path to (-3.53, -5.22)
[planner_server-2] [WARN] [1783983775.117264319] [leo1.planner_server]: [compute_path_to_pose] [ActionServer] Aborting handle.
[behavior_server-3] [INFO] [1783983775.134596681] [leo1.behavior_server]: Running spin
[behavior_server-3] [INFO] [1783983775.134841881] [leo1.behavior_server]: Turning 1.57 for spin behavior.
[controller_server-7] [INFO] [1783983775.146662337] [leo2.controller_server]: Passing new path to controller.
[controller_server-7] [ERROR] [1783983775.258699977] [transformPoseInTargetFrame]: Extrapolation Error looking up target frame: Lookup would require extrapolation into the future.  Requested time 341.263000 but the latest data is at time 341.241000, when looking up transform from frame [leo2/map] to frame [leo2/base_link]
[controller_server-7] 
[controller_server-7] [WARN] [1783983775.259361379] [leo2.controller_server]: Control loop missed its desired rate of 20.0000Hz
[controller_server-7] [INFO] [1783983776.176133223] [leo2.controller_server]: Passing new path to controller.
[controller_server-7] [INFO] [1783983777.912260333] [leo2.controller_server]: Passing new path to controller.
[controller_server-7] [WARN] [1783983778.004894807] [leo2.controller_server]: Control loop missed its desired rate of 20.0000Hz
[behavior_server-3] [INFO] [1783983778.687794696] [leo1.behavior_server]: spin completed successfully
[planner_server-2] [ERROR] [1783983778.718709913] [leo1.planner_server]: Failed to create a plan from potential when a legal potential was found. This shouldn't happen.
[planner_server-2] [WARN] [1783983778.718860190] [leo1.planner_server]: GridBased: failed to create plan with tolerance 0.50.
[planner_server-2] [WARN] [1783983778.718883785] [leo1.planner_server]: Planning algorithm GridBased failed to generate a valid path to (-3.53, -5.22)
[planner_server-2] [WARN] [1783983778.718892393] [leo1.planner_server]: [compute_path_to_pose] [ActionServer] Aborting handle.
[planner_server-2] [INFO] [1783983778.736849963] [leo1.global_costmap.global_costmap]: Received request to clear entirely the global_costmap
[planner_server-2] [ERROR] [1783983778.869297520] [leo1.planner_server]: Failed to create a plan from potential when a legal potential was found. This shouldn't happen.
[planner_server-2] [WARN] [1783983778.869370705] [leo1.planner_server]: GridBased: failed to create plan with tolerance 0.50.
[planner_server-2] [WARN] [1783983778.869385287] [leo1.planner_server]: Planning algorithm GridBased failed to generate a valid path to (-3.53, -5.22)
[planner_server-2] [WARN] [1783983778.869430634] [leo1.planner_server]: [compute_path_to_pose] [ActionServer] Aborting handle.
[behavior_server-3] [INFO] [1783983778.887144119] [leo1.behavior_server]: Running wait
[controller_server-7] [INFO] [1783983778.912293381] [leo2.controller_server]: Passing new path to controller.
[controller_server-7] [ERROR] [1783983779.034497396] [transformPoseInTargetFrame]: Extrapolation Error looking up target frame: Lookup would require extrapolation into the future.  Requested time 343.268000 but the latest data is at time 343.241000, when looking up transform from frame [leo2/map] to frame [leo2/base_link]
[controller_server-7] 
[controller_server-7] [WARN] [1783983779.035283087] [leo2.controller_server]: Control loop missed its desired rate of 20.0000Hz
[bt_navigator-10] [INFO] [1783983779.951622769] [leo2.bt_navigator]: Received goal preemption request
[controller_server-7] [INFO] [1783983779.951956026] [leo2.controller_server]: Passing new path to controller.
[bt_navigator-10] [INFO] [1783983779.952452053] [leo2.bt_navigator]: Begin navigating from current location (-7.56, -0.20) to (-7.41, -1.75)
[controller_server-7] [INFO] [1783983780.985400543] [leo2.controller_server]: Passing new path to controller.
[controller_server-7] [WARN] [1783983781.098598518] [leo2.controller_server]: Control loop missed its desired rate of 20.0000Hz
[controller_server-7] [INFO] [1783983782.014912650] [leo2.controller_server]: Passing new path to controller.
[controller_server-7] [INFO] [1783983783.044172000] [leo2.controller_server]: Passing new path to controller.
[controller_server-7] [WARN] [1783983783.156969286] [leo2.controller_server]: Control loop missed its desired rate of 20.0000Hz
[controller_server-7] [INFO] [1783983784.074253124] [leo2.controller_server]: Passing new path to controller.
[controller_server-7] [ERROR] [1783983784.196190198] [transformPoseInTargetFrame]: Extrapolation Error looking up target frame: Lookup would require extrapolation into the future.  Requested time 347.847000 but the latest data is at time 347.841000, when looking up transform from frame [leo2/map] to frame [leo2/base_link]
[controller_server-7] 
[controller_server-7] [WARN] [1783983784.196942018] [leo2.controller_server]: Control loop missed its desired rate of 20.0000Hz
[behavior_server-3] [INFO] [1783983784.587339587] [leo1.behavior_server]: wait completed successfully
[planner_server-2] [ERROR] [1783983784.612658250] [leo1.planner_server]: Failed to create a plan from potential when a legal potential was found. This shouldn't happen.
[planner_server-2] [WARN] [1783983784.612804795] [leo1.planner_server]: GridBased: failed to create plan with tolerance 0.50.
[planner_server-2] [WARN] [1783983784.612821861] [leo1.planner_server]: Planning algorithm  failed to generate a valid path to (-2.53, -5.07)
[planner_server-2] [WARN] [1783983784.612830405] [leo1.planner_server]: [compute_path_to_pose] [ActionServer] Aborting handle.
[planner_server-2] [ERROR] [1783983784.618782410] [leo1.planner_server]: Failed to create a plan from potential when a legal potential was found. This shouldn't happen.
[planner_server-2] [WARN] [1783983784.618897210] [leo1.planner_server]: GridBased: failed to create plan with tolerance 0.50.
[planner_server-2] [WARN] [1783983784.618915483] [leo1.planner_server]: Planning algorithm GridBased failed to generate a valid path to (-3.53, -5.22)
[planner_server-2] [WARN] [1783983784.618927861] [leo1.planner_server]: [compute_path_to_pose] [ActionServer] Aborting handle.
[planner_server-2] [INFO] [1783983784.636767289] [leo1.global_costmap.global_costmap]: Received request to clear entirely the global_costmap
[planner_server-2] [ERROR] [1783983784.669928887] [leo1.planner_server]: Failed to create a plan from potential when a legal potential was found. This shouldn't happen.
[planner_server-2] [WARN] [1783983784.670010386] [leo1.planner_server]: GridBased: failed to create plan with tolerance 0.50.
[planner_server-2] [WARN] [1783983784.670021990] [leo1.planner_server]: Planning algorithm GridBased failed to generate a valid path to (-3.53, -5.22)
[planner_server-2] [WARN] [1783983784.670031372] [leo1.planner_server]: [compute_path_to_pose] [ActionServer] Aborting handle.
[behavior_server-3] [INFO] [1783983784.687152188] [leo1.behavior_server]: Running backup
[behavior_server-3] [INFO] [1783983784.687547508] [leo1.behavior_server]: DriveOnHeading: no acceleration or deceleration limits set
[controller_server-7] [INFO] [1783983785.107077419] [leo2.controller_server]: Passing new path to controller.
[controller_server-7] [WARN] [1783983785.209313064] [leo2.controller_server]: Control loop missed its desired rate of 20.0000Hz
[controller_server-7] [INFO] [1783983786.123353519] [leo2.controller_server]: Passing new path to controller.
[controller_server-7] [ERROR] [1783983786.235170088] [transformPoseInTargetFrame]: Extrapolation Error looking up target frame: Lookup would require extrapolation into the future.  Requested time 349.668000 but the latest data is at time 349.641000, when looking up transform from frame [leo2/map] to frame [leo2/base_link]
[controller_server-7] 
[controller_server-7] [WARN] [1783983786.235688733] [leo2.controller_server]: Control loop missed its desired rate of 20.0000Hz
[controller_server-7] [INFO] [1783983787.159408374] [leo2.controller_server]: Passing new path to controller.
[controller_server-7] [ERROR] [1783983787.270898384] [transformPoseInTargetFrame]: Extrapolation Error looking up target frame: Lookup would require extrapolation into the future.  Requested time 350.646000 but the latest data is at time 350.641000, when looking up transform from frame [leo2/map] to frame [leo2/base_link]
[controller_server-7] 
[controller_server-7] [WARN] [1783983787.271375557] [leo2.controller_server]: Control loop missed its desired rate of 20.0000Hz
[controller_server-7] [INFO] [1783983788.183275631] [leo2.controller_server]: Passing new path to controller.
[bt_navigator-4] [INFO] [1783983789.106666948] [leo1.bt_navigator]: Received goal preemption request
[bt_navigator-4] [INFO] [1783983789.107536028] [leo1.bt_navigator]: Begin navigating from current location (-6.03, -3.79) to (-10.18, -5.67)
[controller_server-7] [INFO] [1783983789.221421051] [leo2.controller_server]: Passing new path to controller.
[controller_server-7] [ERROR] [1783983789.332999584] [transformPoseInTargetFrame]: Extrapolation Error looking up target frame: Lookup would require extrapolation into the future.  Requested time 352.502000 but the latest data is at time 352.441000, when looking up transform from frame [leo2/map] to frame [leo2/base_link]
[controller_server-7] 
[controller_server-7] [WARN] [1783983789.333361297] [leo2.controller_server]: Control loop missed its desired rate of 20.0000Hz
[controller_server-7] [INFO] [1783983790.244002317] [leo2.controller_server]: Passing new path to controller.
[controller_server-7] [ERROR] [1783983790.355632307] [transformPoseInTargetFrame]: Extrapolation Error looking up target frame: Lookup would require extrapolation into the future.  Requested time 353.462000 but the latest data is at time 353.441000, when looking up transform from frame [leo2/map] to frame [leo2/base_link]
[controller_server-7] 
[controller_server-7] [WARN] [1783983790.356030085] [leo2.controller_server]: Control loop missed its desired rate of 20.0000Hz
[controller_server-7] [INFO] [1783983791.283500192] [leo2.controller_server]: Passing new path to controller.
[behavior_server-3] [INFO] [1783983791.287555040] [leo1.behavior_server]: backup completed successfully
[controller_server-1] [INFO] [1783983791.337605921] [leo1.controller_server]: Received a goal, begin computing control effort.
[controller_server-7] [ERROR] [1783983791.395187926] [transformPoseInTargetFrame]: Extrapolation Error looking up target frame: Lookup would require extrapolation into the future.  Requested time 354.444000 but the latest data is at time 354.441000, when looking up transform from frame [leo2/map] to frame [leo2/base_link]
[controller_server-7] 
[controller_server-7] [WARN] [1783983791.395829978] [leo2.controller_server]: Control loop missed its desired rate of 20.0000Hz
[controller_server-1] [WARN] [1783983791.448879513] [leo1.controller_server]: Control loop missed its desired rate of 20.0000Hz
[controller_server-1] [ERROR] [1783983791.623015916] [transformPoseInTargetFrame]: Extrapolation Error looking up target frame: Lookup would require extrapolation into the future.  Requested time 354.657000 but the latest data is at time 354.620000, when looking up transform from frame [leo1/map] to frame [leo1/base_link]
[controller_server-1] 
[controller_server-1] [WARN] [1783983791.623776603] [leo1.controller_server]: Control loop missed its desired rate of 20.0000Hz
[controller_server-7] [INFO] [1783983792.306519224] [leo2.controller_server]: Passing new path to controller.
[controller_server-1] [INFO] [1783983792.398938177] [leo1.controller_server]: Passing new path to controller.
[controller_server-1] [WARN] [1783983792.510591558] [leo1.controller_server]: Control loop missed its desired rate of 20.0000Hz
[controller_server-1] [ERROR] [1783983792.702308472] [transformPoseInTargetFrame]: Extrapolation Error looking up target frame: Lookup would require extrapolation into the future.  Requested time 355.677000 but the latest data is at time 355.620000, when looking up transform from frame [leo1/map] to frame [leo1/base_link]
[controller_server-1] 
[controller_server-1] [WARN] [1783983792.703526398] [leo1.controller_server]: Control loop missed its desired rate of 20.0000Hz
[controller_server-7] [INFO] [1783983793.345922623] [leo2.controller_server]: Passing new path to controller.
[controller_server-1] [INFO] [1783983793.410674982] [leo1.controller_server]: Passing new path to controller.
[controller_server-7] [WARN] [1783983793.448194608] [leo2.controller_server]: Control loop missed its desired rate of 20.0000Hz
[controller_server-1] [ERROR] [1783983793.582358031] [transformPoseInTargetFrame]: Extrapolation Error looking up target frame: Lookup would require extrapolation into the future.  Requested time 356.440000 but the latest data is at time 356.420000, when looking up transform from frame [leo1/map] to frame [leo1/base_link]
[controller_server-1] 
[controller_server-1] [WARN] [1783983793.583091761] [leo1.controller_server]: Control loop missed its desired rate of 20.0000Hz
[bt_navigator-10] [INFO] [1783983793.601773380] [leo2.bt_navigator]: Received goal preemption request
[bt_navigator-10] [INFO] [1783983793.602788907] [leo2.bt_navigator]: Begin navigating from current location (-6.45, -1.94) to (-3.81, -4.45)
[controller_server-7] [INFO] [1783983794.358228446] [leo2.controller_server]: Passing new path to controller.
[controller_server-1] [INFO] [1783983794.457147040] [leo1.controller_server]: Passing new path to controller.
[controller_server-7] [ERROR] [1783983794.469859465] [transformPoseInTargetFrame]: Extrapolation Error looking up target frame: Lookup would require extrapolation into the future.  Requested time 357.270000 but the latest data is at time 357.241000, when looking up transform from frame [leo2/map] to frame [leo2/base_link]
[controller_server-7] 
[controller_server-7] [WARN] [1783983794.470874016] [leo2.controller_server]: Control loop missed its desired rate of 20.0000Hz
[controller_server-7] [INFO] [1783983795.398254595] [leo2.controller_server]: Passing new path to controller.
[controller_server-1] [INFO] [1783983795.483181233] [leo1.controller_server]: Passing new path to controller.
[controller_server-7] [ERROR] [1783983795.510032105] [transformPoseInTargetFrame]: Extrapolation Error looking up target frame: Lookup would require extrapolation into the future.  Requested time 358.252000 but the latest data is at time 358.241000, when looking up transform from frame [leo2/map] to frame [leo2/base_link]
[controller_server-7] 
[controller_server-7] [WARN] [1783983795.510771780] [leo2.controller_server]: Control loop missed its desired rate of 20.0000Hz
[controller_server-1] [WARN] [1783983795.555433376] [leo1.controller_server]: Control loop missed its desired rate of 20.0000Hz
[controller_server-7] [INFO] [1783983796.423734110] [leo2.controller_server]: Passing new path to controller.
[controller_server-1] [INFO] [1783983796.483164779] [leo1.controller_server]: Passing new path to controller.
[controller_server-1] [ERROR] [1783983796.594606918] [transformPoseInTargetFrame]: Extrapolation Error looking up target frame: Lookup would require extrapolation into the future.  Requested time 359.279000 but the latest data is at time 359.220000, when looking up transform from frame [leo1/map] to frame [leo1/base_link]
[controller_server-1] 
[controller_server-1] [WARN] [1783983796.595226087] [leo1.controller_server]: Control loop missed its desired rate of 20.0000Hz
[controller_server-7] [ERROR] [1783983796.605616725] [transformPoseInTargetFrame]: Extrapolation Error looking up target frame: Lookup would require extrapolation into the future.  Requested time 359.290000 but the latest data is at time 359.241000, when looking up transform from frame [leo2/map] to frame [leo2/base_link]
[controller_server-7] 
[controller_server-7] [WARN] [1783983796.608809767] [leo2.controller_server]: Control loop missed its desired rate of 20.0000Hz
[controller_server-7] [INFO] [1783983797.460843462] [leo2.controller_server]: Passing new path to controller.
[controller_server-1] [INFO] [1783983797.513509663] [leo1.controller_server]: Passing new path to controller.
[controller_server-1] [ERROR] [1783983797.625117793] [transformPoseInTargetFrame]: Extrapolation Error looking up target frame: Lookup would require extrapolation into the future.  Requested time 360.242000 but the latest data is at time 360.220000, when looking up transform from frame [leo1/map] to frame [leo1/base_link]
[controller_server-1] 
[controller_server-1] [WARN] [1783983797.626000227] [leo1.controller_server]: Control loop missed its desired rate of 20.0000Hz
[controller_server-7] [ERROR] [1783983797.671981118] [transformPoseInTargetFrame]: Extrapolation Error looking up target frame: Lookup would require extrapolation into the future.  Requested time 360.285000 but the latest data is at time 360.241000, when looking up transform from frame [leo2/map] to frame [leo2/base_link]
[controller_server-7] 
[controller_server-7] [WARN] [1783983797.672896537] [leo2.controller_server]: Control loop missed its desired rate of 20.0000Hz
[controller_server-7] [INFO] [1783983798.486631538] [leo2.controller_server]: Passing new path to controller.
[controller_server-1] [INFO] [1783983798.545295919] [leo1.controller_server]: Passing new path to controller.
[controller_server-7] [WARN] [1783983798.588302372] [leo2.controller_server]: Control loop missed its desired rate of 20.0000Hz
[controller_server-7] [ERROR] [1783983798.734433750] [transformPoseInTargetFrame]: Extrapolation Error looking up target frame: Lookup would require extrapolation into the future.  Requested time 361.259000 but the latest data is at time 361.241000, when looking up transform from frame [leo2/map] to frame [leo2/base_link]
[controller_server-7] 
[controller_server-7] [WARN] [1783983798.735045978] [leo2.controller_server]: Control loop missed its desired rate of 20.0000Hz
[controller_server-7] [INFO] [1783983799.550293184] [leo2.controller_server]: Passing new path to controller.
[controller_server-1] [INFO] [1783983799.595341096] [leo1.controller_server]: Passing new path to controller.
[controller_server-7] [ERROR] [1783983799.682611036] [transformPoseInTargetFrame]: Extrapolation Error looking up target frame: Lookup would require extrapolation into the future.  Requested time 362.066000 but the latest data is at time 362.041000, when looking up transform from frame [leo2/map] to frame [leo2/base_link]
[controller_server-7] 
[controller_server-7] [WARN] [1783983799.683595077] [leo2.controller_server]: Control loop missed its desired rate of 20.0000Hz
[controller_server-1] [WARN] [1783983799.718407673] [leo1.controller_server]: Control loop missed its desired rate of 20.0000Hz
[controller_server-7] [INFO] [1783983800.535157287] [leo2.controller_server]: Passing new path to controller.
[controller_server-1] [INFO] [1783983800.633730086] [leo1.controller_server]: Passing new path to controller.
[controller_server-7] [ERROR] [1783983800.647015431] [transformPoseInTargetFrame]: Extrapolation Error looking up target frame: Lookup would require extrapolation into the future.  Requested time 362.897000 but the latest data is at time 362.841000, when looking up transform from frame [leo2/map] to frame [leo2/base_link]
[controller_server-7] 
[controller_server-7] [WARN] [1783983800.648166186] [leo2.controller_server]: Control loop missed its desired rate of 20.0000Hz
[controller_server-7] [INFO] [1783983801.566179559] [leo2.controller_server]: Passing new path to controller.
[controller_server-1] [INFO] [1783983801.618507104] [leo1.controller_server]: Passing new path to controller.
[controller_server-1] [ERROR] [1783983801.730161071] [transformPoseInTargetFrame]: Extrapolation Error looking up target frame: Lookup would require extrapolation into the future.  Requested time 363.840000 but the latest data is at time 363.820000, when looking up transform from frame [leo1/map] to frame [leo1/base_link]
[controller_server-1] 
[controller_server-1] [WARN] [1783983801.730656842] [leo1.controller_server]: Control loop missed its desired rate of 20.0000Hz
[controller_server-7] [INFO] [1783983802.598243033] [leo2.controller_server]: Passing new path to controller.
[controller_server-7] [WARN] [1783983802.690300766] [leo2.controller_server]: Control loop missed its desired rate of 20.0000Hz
[controller_server-1] [INFO] [1783983802.696441899] [leo1.controller_server]: Passing new path to controller.
[controller_server-1] [ERROR] [1783983802.807994955] [transformPoseInTargetFrame]: Extrapolation Error looking up target frame: Lookup would require extrapolation into the future.  Requested time 364.836000 but the latest data is at time 364.820000, when looking up transform from frame [leo1/map] to frame [leo1/base_link]
[controller_server-1] 
[controller_server-1] [WARN] [1783983802.808523103] [leo1.controller_server]: Control loop missed its desired rate of 20.0000Hz
[controller_server-7] [INFO] [1783983803.648253502] [leo2.controller_server]: Passing new path to controller.
[controller_server-1] [INFO] [1783983803.680722106] [leo1.controller_server]: Passing new path to controller.
[controller_server-1] [WARN] [1783983803.732365627] [leo1.controller_server]: Control loop missed its desired rate of 20.0000Hz
[controller_server-7] [WARN] [1783983803.750455500] [leo2.controller_server]: Control loop missed its desired rate of 20.0000Hz
[controller_server-7] [INFO] [1783983804.665656094] [leo2.controller_server]: Passing new path to controller.
[controller_server-1] [INFO] [1783983804.730706008] [leo1.controller_server]: Passing new path to controller.
[controller_server-7] [ERROR] [1783983804.777323070] [transformPoseInTargetFrame]: Extrapolation Error looking up target frame: Lookup would require extrapolation into the future.  Requested time 366.676000 but the latest data is at time 366.641000, when looking up transform from frame [leo2/map] to frame [leo2/base_link]
[controller_server-7] 
[controller_server-7] [WARN] [1783983804.777839685] [leo2.controller_server]: Control loop missed its desired rate of 20.0000Hz
[controller_server-1] [WARN] [1783983804.812265453] [leo1.controller_server]: Control loop missed its desired rate of 20.0000Hz
[controller_server-7] [INFO] [1783983805.700532058] [leo2.controller_server]: Passing new path to controller.
[controller_server-1] [INFO] [1783983805.780753901] [leo1.controller_server]: Passing new path to controller.
[controller_server-7] [ERROR] [1783983805.822090028] [transformPoseInTargetFrame]: Extrapolation Error looking up target frame: Lookup would require extrapolation into the future.  Requested time 367.652000 but the latest data is at time 367.641000, when looking up transform from frame [leo2/map] to frame [leo2/base_link]
[controller_server-7] 
[controller_server-7] [WARN] [1783983805.822762478] [leo2.controller_server]: Control loop missed its desired rate of 20.0000Hz
[controller_server-1] [WARN] [1783983805.872976417] [leo1.controller_server]: Control loop missed its desired rate of 20.0000Hz
[controller_server-7] [INFO] [1783983806.737953642] [leo2.controller_server]: Passing new path to controller.
[controller_server-1] [INFO] [1783983806.780748315] [leo1.controller_server]: Passing new path to controller.
[controller_server-7] [WARN] [1783983806.830333841] [leo2.controller_server]: Control loop missed its desired rate of 20.0000Hz
[controller_server-7] [INFO] [1783983807.772894119] [leo2.controller_server]: Passing new path to controller.
[controller_server-1] [INFO] [1783983808.334129528] [leo1.controller_server]: Passing new path to controller.
[controller_server-7] [INFO] [1783983809.542283401] [leo2.controller_server]: Passing new path to controller.
[controller_server-1] [ERROR] [1783983809.622545971] [transformPoseInTargetFrame]: Extrapolation Error looking up target frame: Lookup would require extrapolation into the future.  Requested time 369.475000 but the latest data is at time 369.420000, when looking up transform from frame [leo1/map] to frame [leo1/base_link]
[controller_server-1] 
[controller_server-1] [WARN] [1783983809.623324774] [leo1.controller_server]: Control loop missed its desired rate of 20.0000Hz
[controller_server-1] [INFO] [1783983809.623351478] [leo1.controller_server]: Passing new path to controller.
[controller_server-7] [ERROR] [1783983809.664472663] [transformPoseInTargetFrame]: Extrapolation Error looking up target frame: Lookup would require extrapolation into the future.  Requested time 369.509000 but the latest data is at time 369.441000, when looking up transform from frame [leo2/map] to frame [leo2/base_link]
[controller_server-7] 
[controller_server-7] [WARN] [1783983809.665113542] [leo2.controller_server]: Control loop missed its desired rate of 20.0000Hz
[controller_server-7] [INFO] [1783983810.577981985] [leo2.controller_server]: Passing new path to controller.
[controller_server-1] [INFO] [1783983810.617941030] [leo1.controller_server]: Passing new path to controller.
[controller_server-1] [ERROR] [1783983810.741997625] [transformPoseInTargetFrame]: Extrapolation Error looking up target frame: Lookup would require extrapolation into the future.  Requested time 370.449000 but the latest data is at time 370.420000, when looking up transform from frame [leo1/map] to frame [leo1/base_link]
[controller_server-1] 
[controller_server-1] [WARN] [1783983810.742567101] [leo1.controller_server]: Control loop missed its desired rate of 20.0000Hz
[controller_server-7] [INFO] [1783983811.611229713] [leo2.controller_server]: Passing new path to controller.
[controller_server-1] [INFO] [1783983811.651615492] [leo1.controller_server]: Passing new path to controller.
[controller_server-7] [WARN] [1783983811.713238767] [leo2.controller_server]: Control loop missed its desired rate of 20.0000Hz
[controller_server-7] [WARN] [1783983811.715612236] [leo2.controller_server]: Control loop missed its desired rate of 20.0000Hz
[controller_server-1] [INFO] [1783983812.642699242] [leo1.controller_server]: Passing new path to controller.
[controller_server-7] [INFO] [1783983812.665186146] [leo2.controller_server]: Passing new path to controller.
[controller_server-1] [ERROR] [1783983812.754205196] [transformPoseInTargetFrame]: Extrapolation Error looking up target frame: Lookup would require extrapolation into the future.  Requested time 372.283000 but the latest data is at time 372.220000, when looking up transform from frame [leo1/map] to frame [leo1/base_link]
[controller_server-1] 
[controller_server-1] [WARN] [1783983812.754482154] [leo1.controller_server]: Control loop missed its desired rate of 20.0000Hz
[controller_server-7] [ERROR] [1783983812.777164676] [transformPoseInTargetFrame]: Extrapolation Error looking up target frame: Lookup would require extrapolation into the future.  Requested time 372.304000 but the latest data is at time 372.241000, when looking up transform from frame [leo2/map] to frame [leo2/base_link]
[controller_server-7] 
[controller_server-7] [WARN] [1783983812.777676997] [leo2.controller_server]: Control loop missed its desired rate of 20.0000Hz
[planner_server-8] [INFO] [1783983813.127316809] [leo2.global_costmap.global_costmap]: StaticLayer: Resizing costmap to 479 X 319 at 0.050000 m/pix
[controller_server-7] [INFO] [1783983813.686167603] [leo2.controller_server]: Passing new path to controller.
[controller_server-1] [INFO] [1783983813.711327923] [leo1.controller_server]: Passing new path to controller.
[controller_server-7] [ERROR] [1783983813.798008255] [transformPoseInTargetFrame]: Extrapolation Error looking up target frame: Lookup would require extrapolation into the future.  Requested time 373.258000 but the latest data is at time 373.241000, when looking up transform from frame [leo2/map] to frame [leo2/base_link]
[controller_server-7] 
[controller_server-7] [WARN] [1783983813.798496223] [leo2.controller_server]: Control loop missed its desired rate of 20.0000Hz
[controller_server-1] [ERROR] [1783983813.822774704] [transformPoseInTargetFrame]: Extrapolation Error looking up target frame: Lookup would require extrapolation into the future.  Requested time 373.281000 but the latest data is at time 373.240000, when looking up transform from frame [leo1/map] to frame [leo1/base_link]
[controller_server-1] 
[controller_server-1] [WARN] [1783983813.823399979] [leo1.controller_server]: Control loop missed its desired rate of 20.0000Hz
[controller_server-1] [INFO] [1783983814.704568797] [leo1.controller_server]: Passing new path to controller.
[controller_server-7] [INFO] [1783983814.727692548] [leo2.controller_server]: Passing new path to controller.
[controller_server-7] [INFO] [1783983815.727720694] [leo2.controller_server]: Passing new path to controller.
[controller_server-1] [INFO] [1783983815.754593528] [leo1.controller_server]: Passing new path to controller.
[controller_server-7] [WARN] [1783983815.788942808] [leo2.controller_server]: Control loop missed its desired rate of 20.0000Hz
[controller_server-1] [INFO] [1783983816.654688895] [leo1.controller_server]: Reached the goal!
[bt_navigator-4] [INFO] [1783983816.686703008] [leo1.bt_navigator]: Goal succeeded
[controller_server-7] [INFO] [1783983816.777760518] [leo2.controller_server]: Passing new path to controller.
[bt_navigator-10] [INFO] [1783983816.961214520] [leo2.bt_navigator]: Received goal preemption request
[bt_navigator-10] [INFO] [1783983816.962456760] [leo2.bt_navigator]: Begin navigating from current location (-4.03, -4.20) to (-1.94, -5.40)
[bt_navigator-4] [INFO] [1783983817.004331048] [leo1.bt_navigator]: Begin navigating from current location (-10.00, -5.53) to (-1.58, -5.17)
[controller_server-1] [INFO] [1783983817.026264486] [leo1.controller_server]: Received a goal, begin computing control effort.
[controller_server-1] [WARN] [1783983817.087207650] [leo1.controller_server]: Control loop missed its desired rate of 20.0000Hz
[controller_server-1] [ERROR] [1783983817.248134798] [transformPoseInTargetFrame]: Extrapolation Error looking up target frame: Lookup would require extrapolation into the future.  Requested time 376.449000 but the latest data is at time 376.420000, when looking up transform from frame [leo1/map] to frame [leo1/base_link]
[controller_server-1] 
[controller_server-1] [WARN] [1783983817.249422681] [leo1.controller_server]: Control loop missed its desired rate of 20.0000Hz
[controller_server-7] [INFO] [1783983817.827764245] [leo2.controller_server]: Passing new path to controller.
[controller_server-7] [ERROR] [1783983817.949824993] [transformPoseInTargetFrame]: Extrapolation Error looking up target frame: Lookup would require extrapolation into the future.  Requested time 377.049000 but the latest data is at time 377.041000, when looking up transform from frame [leo2/map] to frame [leo2/base_link]
[controller_server-7] 
[controller_server-7] [WARN] [1783983817.950625158] [leo2.controller_server]: Control loop missed its desired rate of 20.0000Hz
[controller_server-1] [INFO] [1783983818.071175458] [leo1.controller_server]: Passing new path to controller.
[controller_server-1] [ERROR] [1783983818.193350365] [transformPoseInTargetFrame]: Extrapolation Error looking up target frame: Lookup would require extrapolation into the future.  Requested time 377.260000 but the latest data is at time 377.220000, when looking up transform from frame [leo1/map] to frame [leo1/base_link]
[controller_server-1] 
[controller_server-1] [WARN] [1783983818.194999881] [leo1.controller_server]: Control loop missed its desired rate of 20.0000Hz
[controller_server-7] [INFO] [1783983818.813397268] [leo2.controller_server]: Passing new path to controller.
[controller_server-7] [ERROR] [1783983818.925434060] [transformPoseInTargetFrame]: Extrapolation Error looking up target frame: Lookup would require extrapolation into the future.  Requested time 377.884000 but the latest data is at time 377.841000, when looking up transform from frame [leo2/map] to frame [leo2/base_link]
[controller_server-7] 
[controller_server-7] [WARN] [1783983818.926452349] [leo2.controller_server]: Control loop missed its desired rate of 20.0000Hz
[controller_server-1] [INFO] [1783983819.099549499] [leo1.controller_server]: Passing new path to controller.
[controller_server-1] [WARN] [1783983819.171262998] [leo1.controller_server]: Control loop missed its desired rate of 20.0000Hz
[controller_server-1] [ERROR] [1783983819.360850521] [transformPoseInTargetFrame]: Extrapolation Error looking up target frame: Lookup would require extrapolation into the future.  Requested time 378.262000 but the latest data is at time 378.220000, when looking up transform from frame [leo1/map] to frame [leo1/base_link]
[controller_server-1] 
[controller_server-1] [WARN] [1783983819.362113562] [leo1.controller_server]: Control loop missed its desired rate of 20.0000Hz
[controller_server-7] [INFO] [1783983819.850692572] [leo2.controller_server]: Passing new path to controller.
[controller_server-1] [INFO] [1783983820.129164187] [leo1.controller_server]: Passing new path to controller.
[controller_server-1] [ERROR] [1783983820.240568230] [transformPoseInTargetFrame]: Extrapolation Error looking up target frame: Lookup would require extrapolation into the future.  Requested time 379.080000 but the latest data is at time 379.020000, when looking up transform from frame [leo1/map] to frame [leo1/base_link]
[controller_server-1] 
[controller_server-1] [WARN] [1783983820.241677456] [leo1.controller_server]: Control loop missed its desired rate of 20.0000Hz
[controller_server-7] [INFO] [1783983820.900688176] [leo2.controller_server]: Passing new path to controller.
[controller_server-1] [INFO] [1783983821.162211556] [leo1.controller_server]: Passing new path to controller.
[controller_server-1] [ERROR] [1783983821.274177808] [transformPoseInTargetFrame]: Extrapolation Error looking up target frame: Lookup would require extrapolation into the future.  Requested time 380.051000 but the latest data is at time 380.020000, when looking up transform from frame [leo1/map] to frame [leo1/base_link]
[controller_server-1] 
[controller_server-1] [WARN] [1783983821.274992831] [leo1.controller_server]: Control loop missed its desired rate of 20.0000Hz
[planner_server-8] [INFO] [1783983821.527312781] [leo2.global_costmap.global_costmap]: StaticLayer: Resizing costmap to 480 X 319 at 0.050000 m/pix
[controller_server-7] [INFO] [1783983821.950695377] [leo2.controller_server]: Passing new path to controller.
[controller_server-1] [INFO] [1783983822.196014939] [leo1.controller_server]: Passing new path to controller.
[controller_server-1] [ERROR] [1783983822.378036758] [transformPoseInTargetFrame]: Extrapolation Error looking up target frame: Lookup would require extrapolation into the future.  Requested time 381.077000 but the latest data is at time 381.020000, when looking up transform from frame [leo1/map] to frame [leo1/base_link]
[controller_server-1] 
[controller_server-1] [WARN] [1783983822.378861408] [leo1.controller_server]: Control loop missed its desired rate of 20.0000Hz
[controller_server-7] [INFO] [1783983822.950720441] [leo2.controller_server]: Passing new path to controller.
[controller_server-7] [WARN] [1783983823.042521460] [leo2.controller_server]: Control loop missed its desired rate of 20.0000Hz
[controller_server-1] [INFO] [1783983823.247170153] [leo1.controller_server]: Passing new path to controller.
[controller_server-1] [ERROR] [1783983823.429772010] [transformPoseInTargetFrame]: Extrapolation Error looking up target frame: Lookup would require extrapolation into the future.  Requested time 382.076000 but the latest data is at time 382.020000, when looking up transform from frame [leo1/map] to frame [leo1/base_link]
[controller_server-1] 
[controller_server-1] [WARN] [1783983823.430551242] [leo1.controller_server]: Control loop missed its desired rate of 20.0000Hz
[controller_server-7] [INFO] [1783983824.000723225] [leo2.controller_server]: Passing new path to controller.
[controller_server-7] [WARN] [1783983824.112671243] [leo2.controller_server]: Control loop missed its desired rate of 20.0000Hz
[controller_server-1] [INFO] [1783983824.252299433] [leo1.controller_server]: Passing new path to controller.
[controller_server-7] [INFO] [1783983825.027052572] [leo2.controller_server]: Passing new path to controller.
[controller_server-7] [ERROR] [1783983825.148846257] [transformPoseInTargetFrame]: Extrapolation Error looking up target frame: Lookup would require extrapolation into the future.  Requested time 383.657000 but the latest data is at time 383.641000, when looking up transform from frame [leo2/map] to frame [leo2/base_link]
[controller_server-7] 
[controller_server-7] [WARN] [1783983825.149133946] [leo2.controller_server]: Control loop missed its desired rate of 20.0000Hz
[controller_server-1] [INFO] [1783983825.280675809] [leo1.controller_server]: Passing new path to controller.
[controller_server-1] [ERROR] [1783983825.392539499] [transformPoseInTargetFrame]: Extrapolation Error looking up target frame: Lookup would require extrapolation into the future.  Requested time 383.877000 but the latest data is at time 383.820000, when looking up transform from frame [leo1/map] to frame [leo1/base_link]
[controller_server-1] 
[controller_server-1] [WARN] [1783983825.393892175] [leo1.controller_server]: Control loop missed its desired rate of 20.0000Hz
[controller_server-7] [INFO] [1783983826.062801304] [leo2.controller_server]: Passing new path to controller.
[controller_server-7] [WARN] [1783983826.144453589] [leo2.controller_server]: Control loop missed its desired rate of 20.0000Hz
[controller_server-1] [INFO] [1783983826.316677256] [leo1.controller_server]: Passing new path to controller.
[controller_server-7] [INFO] [1783983827.062796298] [leo2.controller_server]: Passing new path to controller.
[controller_server-1] [INFO] [1783983827.344003284] [leo1.controller_server]: Passing new path to controller.
[controller_server-1] [ERROR] [1783983827.455529626] [transformPoseInTargetFrame]: Extrapolation Error looking up target frame: Lookup would require extrapolation into the future.  Requested time 385.673000 but the latest data is at time 385.620000, when looking up transform from frame [leo1/map] to frame [leo1/base_link]
[controller_server-1] 
[controller_server-1] [WARN] [1783983827.456432580] [leo1.controller_server]: Control loop missed its desired rate of 20.0000Hz
[controller_server-7] [INFO] [1783983828.112755799] [leo2.controller_server]: Passing new path to controller.
[controller_server-1] [INFO] [1783983828.378036149] [leo1.controller_server]: Passing new path to controller.
[controller_server-1] [ERROR] [1783983828.489788585] [transformPoseInTargetFrame]: Extrapolation Error looking up target frame: Lookup would require extrapolation into the future.  Requested time 386.624000 but the latest data is at time 386.620000, when looking up transform from frame [leo1/map] to frame [leo1/base_link]
[controller_server-1] 
[controller_server-1] [WARN] [1783983828.490654377] [leo1.controller_server]: Control loop missed its desired rate of 20.0000Hz
[controller_server-7] [INFO] [1783983828.813043378] [leo2.controller_server]: Reached the goal!
[bt_navigator-10] [INFO] [1783983828.851706124] [leo2.bt_navigator]: Goal succeeded
[controller_server-1] [INFO] [1783983829.406491781] [leo1.controller_server]: Passing new path to controller.
[bt_navigator-10] [INFO] [1783983830.316221248] [leo2.bt_navigator]: Begin navigating from current location (-2.11, -5.24) to (-9.87, -4.56)
[controller_server-7] [INFO] [1783983830.337927306] [leo2.controller_server]: Received a goal, begin computing control effort.
[controller_server-1] [INFO] [1783983830.456580415] [leo1.controller_server]: Passing new path to controller.
[controller_server-7] [ERROR] [1783983830.499331263] [transformPoseInTargetFrame]: Extrapolation Error looking up target frame: Lookup would require extrapolation into the future.  Requested time 388.469000 but the latest data is at time 388.441000, when looking up transform from frame [leo2/map] to frame [leo2/base_link]
[controller_server-7] 
[controller_server-7] [WARN] [1783983830.500185471] [leo2.controller_server]: Control loop missed its desired rate of 20.0000Hz
[controller_server-1] [WARN] [1783983830.529113577] [leo1.controller_server]: Control loop missed its desired rate of 20.0000Hz
[controller_server-7] [INFO] [1783983831.371346492] [leo2.controller_server]: Passing new path to controller.
[controller_server-1] [INFO] [1783983831.456549281] [leo1.controller_server]: Passing new path to controller.
[controller_server-7] [ERROR] [1783983831.553586991] [transformPoseInTargetFrame]: Extrapolation Error looking up target frame: Lookup would require extrapolation into the future.  Requested time 389.468000 but the latest data is at time 389.441000, when looking up transform from frame [leo2/map] to frame [leo2/base_link]
[controller_server-7] 
[controller_server-7] [WARN] [1783983831.554568698] [leo2.controller_server]: Control loop missed its desired rate of 20.0000Hz
[controller_server-1] [ERROR] [1783983831.568284987] [transformPoseInTargetFrame]: Extrapolation Error looking up target frame: Lookup would require extrapolation into the future.  Requested time 389.482000 but the latest data is at time 389.420000, when looking up transform from frame [leo1/map] to frame [leo1/base_link]
[controller_server-1] 
[controller_server-1] [WARN] [1783983831.569196798] [leo1.controller_server]: Control loop missed its desired rate of 20.0000Hz
[controller_server-7] [INFO] [1783983832.423692981] [leo2.controller_server]: Passing new path to controller.
[controller_server-1] [INFO] [1783983832.489504205] [leo1.controller_server]: Passing new path to controller.
[controller_server-1] [ERROR] [1783983832.612467813] [transformPoseInTargetFrame]: Extrapolation Error looking up target frame: Lookup would require extrapolation into the future.  Requested time 390.436000 but the latest data is at time 390.420000, when looking up transform from frame [leo1/map] to frame [leo1/base_link]
[controller_server-1] 
[controller_server-1] [WARN] [1783983832.614031449] [leo1.controller_server]: Control loop missed its desired rate of 20.0000Hz
[controller_server-7] [ERROR] [1783983832.626341632] [transformPoseInTargetFrame]: Extrapolation Error looking up target frame: Lookup would require extrapolation into the future.  Requested time 390.448000 but the latest data is at time 390.441000, when looking up transform from frame [leo2/map] to frame [leo2/base_link]
[controller_server-7] 
[controller_server-7] [WARN] [1783983832.627277517] [leo2.controller_server]: Control loop missed its desired rate of 20.0000Hz
[controller_server-7] [INFO] [1783983833.445095123] [leo2.controller_server]: Passing new path to controller.
[controller_server-1] [INFO] [1783983833.519277841] [leo1.controller_server]: Passing new path to controller.
[controller_server-7] [ERROR] [1783983833.567212547] [transformPoseInTargetFrame]: Extrapolation Error looking up target frame: Lookup would require extrapolation into the future.  Requested time 391.271000 but the latest data is at time 391.241000, when looking up transform from frame [leo2/map] to frame [leo2/base_link]
[controller_server-7] 
[controller_server-7] [WARN] [1783983833.568575903] [leo2.controller_server]: Control loop missed its desired rate of 20.0000Hz
[controller_server-1] [WARN] [1783983833.612265799] [leo1.controller_server]: Control loop missed its desired rate of 20.0000Hz
[controller_server-7] [INFO] [1783983834.477363652] [leo2.controller_server]: Passing new path to controller.
[controller_server-7] [WARN] [1783983834.558823094] [leo2.controller_server]: Control loop missed its desired rate of 20.0000Hz
[controller_server-1] [INFO] [1783983834.569295147] [leo1.controller_server]: Passing new path to controller.
[controller_server-1] [ERROR] [1783983834.691228418] [transformPoseInTargetFrame]: Extrapolation Error looking up target frame: Lookup would require extrapolation into the future.  Requested time 392.225000 but the latest data is at time 392.220000, when looking up transform from frame [leo1/map] to frame [leo1/base_link]
[controller_server-1] 
[controller_server-1] [WARN] [1783983834.692435589] [leo1.controller_server]: Control loop missed its desired rate of 20.0000Hz
[controller_server-7] [ERROR] [1783983834.748881844] [transformPoseInTargetFrame]: Extrapolation Error looking up target frame: Lookup would require extrapolation into the future.  Requested time 392.272000 but the latest data is at time 392.241000, when looking up transform from frame [leo2/map] to frame [leo2/base_link]
[controller_server-7] 
[controller_server-7] [WARN] [1783983834.750349137] [leo2.controller_server]: Control loop missed its desired rate of 20.0000Hz
[controller_server-7] [INFO] [1783983835.516026477] [leo2.controller_server]: Passing new path to controller.
[controller_server-1] [INFO] [1783983835.614710779] [leo1.controller_server]: Passing new path to controller.
[controller_server-7] [ERROR] [1783983835.627664476] [transformPoseInTargetFrame]: Extrapolation Error looking up target frame: Lookup would require extrapolation into the future.  Requested time 393.058000 but the latest data is at time 393.041000, when looking up transform from frame [leo2/map] to frame [leo2/base_link]
[controller_server-7] 
[controller_server-7] [WARN] [1783983835.628370948] [leo2.controller_server]: Control loop missed its desired rate of 20.0000Hz
[controller_server-7] [INFO] [1783983836.550409292] [leo2.controller_server]: Passing new path to controller.
[controller_server-1] [INFO] [1783983836.642531474] [leo1.controller_server]: Passing new path to controller.
[controller_server-1] [WARN] [1783983836.725174180] [leo1.controller_server]: Control loop missed its desired rate of 20.0000Hz
[controller_server-7] [INFO] [1783983837.550423450] [leo2.controller_server]: Passing new path to controller.
[controller_server-7] [WARN] [1783983837.622981344] [leo2.controller_server]: Control loop missed its desired rate of 20.0000Hz
[controller_server-1] [INFO] [1783983837.642513514] [leo1.controller_server]: Passing new path to controller.
[controller_server-1] [ERROR] [1783983837.754144506] [transformPoseInTargetFrame]: Extrapolation Error looking up target frame: Lookup would require extrapolation into the future.  Requested time 395.047000 but the latest data is at time 395.020000, when looking up transform from frame [leo1/map] to frame [leo1/base_link]
[controller_server-1] 
[controller_server-1] [WARN] [1783983837.755476931] [leo1.controller_server]: Control loop missed its desired rate of 20.0000Hz
[controller_server-7] [INFO] [1783983838.600418688] [leo2.controller_server]: Passing new path to controller.
[controller_server-1] [INFO] [1783983838.672613048] [leo1.controller_server]: Passing new path to controller.
[controller_server-7] [WARN] [1783983838.692440040] [leo2.controller_server]: Control loop missed its desired rate of 20.0000Hz
[controller_server-1] [ERROR] [1783983838.794668661] [transformPoseInTargetFrame]: Extrapolation Error looking up target frame: Lookup would require extrapolation into the future.  Requested time 396.022000 but the latest data is at time 396.020000, when looking up transform from frame [leo1/map] to frame [leo1/base_link]
[controller_server-1] 
[controller_server-1] [WARN] [1783983838.795822275] [leo1.controller_server]: Control loop missed its desired rate of 20.0000Hz
[controller_server-7] [INFO] [1783983841.347125983] [leo2.controller_server]: Passing new path to controller.
[controller_server-1] [INFO] [1783983841.352287802] [leo1.controller_server]: Passing new path to controller.
[controller_server-1] [ERROR] [1783983841.464358199] [transformPoseInTargetFrame]: Extrapolation Error looking up target frame: Lookup would require extrapolation into the future.  Requested time 396.837000 but the latest data is at time 396.820000, when looking up transform from frame [leo1/map] to frame [leo1/base_link]
[controller_server-1] 
[controller_server-1] [WARN] [1783983841.465228661] [leo1.controller_server]: Control loop missed its desired rate of 20.0000Hz
[controller_server-7] [INFO] [1783983842.347230878] [leo2.controller_server]: Passing new path to controller.
[controller_server-1] [INFO] [1783983842.387086919] [leo1.controller_server]: Passing new path to controller.
[controller_server-7] [ERROR] [1783983842.469671247] [transformPoseInTargetFrame]: Extrapolation Error looking up target frame: Lookup would require extrapolation into the future.  Requested time 397.699000 but the latest data is at time 397.641000, when looking up transform from frame [leo2/map] to frame [leo2/base_link]
[controller_server-7] 
[controller_server-1] [WARN] [1783983842.470436856] [leo1.controller_server]: Control loop missed its desired rate of 20.0000Hz
[controller_server-7] [WARN] [1783983842.471296539] [leo2.controller_server]: Control loop missed its desired rate of 20.0000Hz
[planner_server-8] [INFO] [1783983843.324123235] [leo2.global_costmap.global_costmap]: StaticLayer: Resizing costmap to 480 X 319 at 0.050000 m/pix
[controller_server-7] [INFO] [1783983843.394029520] [leo2.controller_server]: Passing new path to controller.
[controller_server-1] [INFO] [1783983843.415374977] [leo1.controller_server]: Passing new path to controller.
[controller_server-1] [INFO] [1783983844.415385161] [leo1.controller_server]: Passing new path to controller.
[controller_server-7] [INFO] [1783983844.421382267] [leo2.controller_server]: Passing new path to controller.
[controller_server-1] [ERROR] [1783983844.537937572] [transformPoseInTargetFrame]: Extrapolation Error looking up target frame: Lookup would require extrapolation into the future.  Requested time 399.486000 but the latest data is at time 399.420000, when looking up transform from frame [leo1/map] to frame [leo1/base_link]
[controller_server-1] 
[controller_server-1] [WARN] [1783983844.539387142] [leo1.controller_server]: Control loop missed its desired rate of 20.0000Hz
[controller_server-7] [ERROR] [1783983844.543599198] [transformPoseInTargetFrame]: Extrapolation Error looking up target frame: Lookup would require extrapolation into the future.  Requested time 399.491000 but the latest data is at time 399.441000, when looking up transform from frame [leo2/map] to frame [leo2/base_link]
[controller_server-7] 
[controller_server-7] [WARN] [1783983844.545123963] [leo2.controller_server]: Control loop missed its desired rate of 20.0000Hz
[controller_server-1] [INFO] [1783983845.461513060] [leo1.controller_server]: Passing new path to controller.
[controller_server-7] [INFO] [1783983845.467531625] [leo2.controller_server]: Passing new path to controller.
[controller_server-1] [INFO] [1783983846.489459603] [leo1.controller_server]: Passing new path to controller.
[controller_server-7] [INFO] [1783983846.495204601] [leo2.controller_server]: Passing new path to controller.
[controller_server-7] [WARN] [1783983846.547184227] [leo2.controller_server]: Control loop missed its desired rate of 20.0000Hz
[controller_server-7] [INFO] [1783983847.495188884] [leo2.controller_server]: Passing new path to controller.
[controller_server-1] [INFO] [1783983847.539466119] [leo1.controller_server]: Passing new path to controller.
[controller_server-1] [WARN] [1783983847.591297290] [leo1.controller_server]: Control loop missed its desired rate of 20.0000Hz
[controller_server-7] [ERROR] [1783983847.606746311] [transformPoseInTargetFrame]: Extrapolation Error looking up target frame: Lookup would require extrapolation into the future.  Requested time 402.309000 but the latest data is at time 402.281000, when looking up transform from frame [leo2/map] to frame [leo2/base_link]
[controller_server-7] 
[controller_server-7] [WARN] [1783983847.607604617] [leo2.controller_server]: Control loop missed its desired rate of 20.0000Hz
[controller_server-7] [INFO] [1783983848.528844927] [leo2.controller_server]: Passing new path to controller.
[controller_server-1] [INFO] [1783983848.539471189] [leo1.controller_server]: Passing new path to controller.
[controller_server-7] [ERROR] [1783983848.640432440] [transformPoseInTargetFrame]: Extrapolation Error looking up target frame: Lookup would require extrapolation into the future.  Requested time 403.246000 but the latest data is at time 403.241000, when looking up transform from frame [leo2/map] to frame [leo2/base_link]
[controller_server-7] 
[controller_server-7] [WARN] [1783983848.641253682] [leo2.controller_server]: Control loop missed its desired rate of 20.0000Hz
[controller_server-1] [ERROR] [1783983848.651305910] [transformPoseInTargetFrame]: Extrapolation Error looking up target frame: Lookup would require extrapolation into the future.  Requested time 403.255000 but the latest data is at time 403.220000, when looking up transform from frame [leo1/map] to frame [leo1/base_link]
[controller_server-1] 
[controller_server-1] [WARN] [1783983848.652503020] [leo1.controller_server]: Control loop missed its desired rate of 20.0000Hz
[controller_server-7] [INFO] [1783983849.557719116] [leo2.controller_server]: Passing new path to controller.
[controller_server-1] [INFO] [1783983849.571386197] [leo1.controller_server]: Passing new path to controller.
[controller_server-1] [INFO] [1783983850.602592775] [leo1.controller_server]: Passing new path to controller.
[controller_server-7] [INFO] [1783983850.607649154] [leo2.controller_server]: Passing new path to controller.
[controller_server-7] [WARN] [1783983850.669292620] [leo2.controller_server]: Control loop missed its desired rate of 20.0000Hz
[planner_server-8] [INFO] [1783983851.524054669] [leo2.global_costmap.global_costmap]: StaticLayer: Resizing costmap to 480 X 319 at 0.050000 m/pix
[controller_server-1] [INFO] [1783983851.652603722] [leo1.controller_server]: Passing new path to controller.
[controller_server-7] [INFO] [1783983851.657717189] [leo2.controller_server]: Passing new path to controller.
[controller_server-1] [ERROR] [1783983851.774666676] [transformPoseInTargetFrame]: Extrapolation Error looking up target frame: Lookup would require extrapolation into the future.  Requested time 406.085000 but the latest data is at time 406.060000, when looking up transform from frame [leo1/map] to frame [leo1/base_link]
[controller_server-1] 
[controller_server-1] [WARN] [1783983851.775971349] [leo1.controller_server]: Control loop missed its desired rate of 20.0000Hz
[controller_server-7] [ERROR] [1783983851.779807877] [transformPoseInTargetFrame]: Extrapolation Error looking up target frame: Lookup would require extrapolation into the future.  Requested time 406.090000 but the latest data is at time 406.041000, when looking up transform from frame [leo2/map] to frame [leo2/base_link]
[controller_server-7] 
[controller_server-7] [WARN] [1783983851.781050934] [leo2.controller_server]: Control loop missed its desired rate of 20.0000Hz
[controller_server-7] [INFO] [1783983852.649054224] [leo2.controller_server]: Passing new path to controller.
[controller_server-1] [INFO] [1783983852.691444105] [leo1.controller_server]: Passing new path to controller.
[controller_server-7] [INFO] [1783983853.681131297] [leo2.controller_server]: Passing new path to controller.
[controller_server-1] [INFO] [1783983853.720578955] [leo1.controller_server]: Passing new path to controller.
[controller_server-1] [WARN] [1783983853.782445904] [leo1.controller_server]: Control loop missed its desired rate of 20.0000Hz
[controller_server-7] [ERROR] [1783983853.792592021] [transformPoseInTargetFrame]: Extrapolation Error looking up target frame: Lookup would require extrapolation into the future.  Requested time 407.905000 but the latest data is at time 407.901000, when looking up transform from frame [leo2/map] to frame [leo2/base_link]
[controller_server-7] 
[controller_server-7] [WARN] [1783983853.793846382] [leo2.controller_server]: Control loop missed its desired rate of 20.0000Hz
[planner_server-8] [ERROR] [1783983854.004112332] [leo2.planner_server]: Failed to create a plan from potential when a legal potential was found. This shouldn't happen.
[planner_server-8] [WARN] [1783983854.004184758] [leo2.planner_server]: GridBased: failed to create plan with tolerance 0.50.
[planner_server-8] [WARN] [1783983854.004195527] [leo2.planner_server]: Planning algorithm  failed to generate a valid path to (-9.37, -6.41)
[planner_server-8] [WARN] [1783983854.004204419] [leo2.planner_server]: [compute_path_to_pose] [ActionServer] Aborting handle.
[controller_server-7] [INFO] [1783983854.711095459] [leo2.controller_server]: Passing new path to controller.
[controller_server-1] [INFO] [1783983854.726062120] [leo1.controller_server]: Passing new path to controller.
[controller_server-7] [ERROR] [1783983854.823042368] [transformPoseInTargetFrame]: Extrapolation Error looking up target frame: Lookup would require extrapolation into the future.  Requested time 408.861000 but the latest data is at time 408.841000, when looking up transform from frame [leo2/map] to frame [leo2/base_link]
[controller_server-7] 
[controller_server-7] [WARN] [1783983854.823790939] [leo2.controller_server]: Control loop missed its desired rate of 20.0000Hz
[controller_server-1] [ERROR] [1783983854.837790591] [transformPoseInTargetFrame]: Extrapolation Error looking up target frame: Lookup would require extrapolation into the future.  Requested time 408.875000 but the latest data is at time 408.820000, when looking up transform from frame [leo1/map] to frame [leo1/base_link]
[controller_server-1] 
[controller_server-1] [WARN] [1783983854.838249746] [leo1.controller_server]: Control loop missed its desired rate of 20.0000Hz
[controller_server-7] [INFO] [1783983855.743890204] [leo2.controller_server]: Passing new path to controller.
[controller_server-1] [INFO] [1783983855.751764326] [leo1.controller_server]: Passing new path to controller.
[controller_server-1] [ERROR] [1783983855.863318308] [transformPoseInTargetFrame]: Extrapolation Error looking up target frame: Lookup would require extrapolation into the future.  Requested time 409.837000 but the latest data is at time 409.820000, when looking up transform from frame [leo1/map] to frame [leo1/base_link]
[controller_server-1] 
[controller_server-1] [WARN] [1783983855.863832030] [leo1.controller_server]: Control loop missed its desired rate of 20.0000Hz
[controller_server-1] [INFO] [1783983856.788305550] [leo1.controller_server]: Passing new path to controller.
[controller_server-7] [INFO] [1783983856.793958456] [leo2.controller_server]: Passing new path to controller.
[controller_server-7] [INFO] [1783983857.793953967] [leo2.controller_server]: Passing new path to controller.
[controller_server-1] [INFO] [1783983857.838363731] [leo1.controller_server]: Passing new path to controller.
[controller_server-7] [WARN] [1783983857.855685084] [leo2.controller_server]: Control loop missed its desired rate of 20.0000Hz
[bt_navigator-10] [INFO] [1783983858.413158836] [leo2.bt_navigator]: Received goal preemption request
[bt_navigator-10] [INFO] [1783983858.413766642] [leo2.bt_navigator]: Begin navigating from current location (-6.70, -4.04) to (-10.77, 4.69)
[controller_server-1] [INFO] [1783983858.838339162] [leo1.controller_server]: Passing new path to controller.
[controller_server-7] [INFO] [1783983858.843956133] [leo2.controller_server]: Passing new path to controller.
[controller_server-1] [ERROR] [1783983858.960479549] [transformPoseInTargetFrame]: Extrapolation Error looking up target frame: Lookup would require extrapolation into the future.  Requested time 412.668000 but the latest data is at time 412.620000, when looking up transform from frame [leo1/map] to frame [leo1/base_link]
[controller_server-1] 
[controller_server-1] [WARN] [1783983858.961047081] [leo1.controller_server]: Control loop missed its desired rate of 20.0000Hz
[controller_server-7] [ERROR] [1783983858.966038874] [transformPoseInTargetFrame]: Extrapolation Error looking up target frame: Lookup would require extrapolation into the future.  Requested time 412.672000 but the latest data is at time 412.641000, when looking up transform from frame [leo2/map] to frame [leo2/base_link]
[controller_server-7] 
[controller_server-7] [WARN] [1783983858.968159607] [leo2.controller_server]: Control loop missed its desired rate of 20.0000Hz
[controller_server-1] [INFO] [1783983859.877549715] [leo1.controller_server]: Passing new path to controller.
[controller_server-7] [INFO] [1783983859.891547511] [leo2.controller_server]: Passing new path to controller.
[controller_server-7] [ERROR] [1783983860.089889358] [transformPoseInTargetFrame]: Extrapolation Error looking up target frame: Lookup would require extrapolation into the future.  Requested time 413.651000 but the latest data is at time 413.641000, when looking up transform from frame [leo2/map] to frame [leo2/base_link]
[controller_server-7] 
[controller_server-7] [WARN] [1783983860.091198545] [leo2.controller_server]: Control loop missed its desired rate of 20.0000Hz
[controller_server-1] [INFO] [1783983860.911153473] [leo1.controller_server]: Passing new path to controller.
[controller_server-7] [INFO] [1783983860.913554383] [leo2.controller_server]: Passing new path to controller.
[controller_server-1] [ERROR] [1783983861.033247262] [transformPoseInTargetFrame]: Extrapolation Error looking up target frame: Lookup would require extrapolation into the future.  Requested time 414.482000 but the latest data is at time 414.420000, when looking up transform from frame [leo1/map] to frame [leo1/base_link]
[controller_server-1] 
[controller_server-1] [WARN] [1783983861.033944382] [leo1.controller_server]: Control loop missed its desired rate of 20.0000Hz
[controller_server-7] [ERROR] [1783983861.035628101] [transformPoseInTargetFrame]: Extrapolation Error looking up target frame: Lookup would require extrapolation into the future.  Requested time 414.484000 but the latest data is at time 414.441000, when looking up transform from frame [leo2/map] to frame [leo2/base_link]
[controller_server-7] 
[controller_server-7] [WARN] [1783983861.037470973] [leo2.controller_server]: Control loop missed its desired rate of 20.0000Hz
[controller_server-7] [WARN] [1783983861.042447095] [leo2.controller_server]: Control loop missed its desired rate of 20.0000Hz
[controller_server-7] [INFO] [1783983861.941308746] [leo2.controller_server]: Passing new path to controller.
[controller_server-1] [INFO] [1783983861.946114503] [leo1.controller_server]: Passing new path to controller.
[controller_server-1] [ERROR] [1783983862.057712658] [transformPoseInTargetFrame]: Extrapolation Error looking up target frame: Lookup would require extrapolation into the future.  Requested time 415.429000 but the latest data is at time 415.420000, when looking up transform from frame [leo1/map] to frame [leo1/base_link]
[controller_server-1] 
[controller_server-1] [WARN] [1783983862.060008824] [leo1.controller_server]: Control loop missed its desired rate of 20.0000Hz
[bt_navigator-4] [INFO] [1783983862.881380435] [leo1.bt_navigator]: Received goal preemption request
[bt_navigator-4] [INFO] [1783983862.882198421] [leo1.bt_navigator]: Begin navigating from current location (-2.29, -4.71) to (-9.23, 3.53)
[controller_server-1] [INFO] [1783983862.984023266] [leo1.controller_server]: Passing new path to controller.
[controller_server-7] [INFO] [1783983862.991290501] [leo2.controller_server]: Passing new path to controller.
[controller_server-1] [ERROR] [1783983863.145908340] [transformPoseInTargetFrame]: Extrapolation Error looking up target frame: Lookup would require extrapolation into the future.  Requested time 416.445000 but the latest data is at time 416.420000, when looking up transform from frame [leo1/map] to frame [leo1/base_link]
[controller_server-1] 
[controller_server-1] [WARN] [1783983863.146732858] [leo1.controller_server]: Control loop missed its desired rate of 20.0000Hz
[controller_server-7] [INFO] [1783983863.991279341] [leo2.controller_server]: Passing new path to controller.
[controller_server-1] [INFO] [1783983864.012965361] [leo1.controller_server]: Passing new path to controller.
[controller_server-7] [WARN] [1783983864.063297588] [leo2.controller_server]: Control loop missed its desired rate of 20.0000Hz
[controller_server-1] [ERROR] [1783983864.207057414] [transformPoseInTargetFrame]: Extrapolation Error looking up target frame: Lookup would require extrapolation into the future.  Requested time 417.451000 but the latest data is at time 417.420000, when looking up transform from frame [leo1/map] to frame [leo1/base_link]
[controller_server-1] 
[controller_server-1] [WARN] [1783983864.207884616] [leo1.controller_server]: Control loop missed its desired rate of 20.0000Hz
[controller_server-1] [INFO] [1783983865.024053861] [leo1.controller_server]: Passing new path to controller.
[controller_server-7] [INFO] [1783983865.041267423] [leo2.controller_server]: Passing new path to controller.
[controller_server-7] [WARN] [1783983865.123162632] [leo2.controller_server]: Control loop missed its desired rate of 20.0000Hz
[controller_server-1] [ERROR] [1783983865.269142850] [transformPoseInTargetFrame]: Extrapolation Error looking up target frame: Lookup would require extrapolation into the future.  Requested time 418.459000 but the latest data is at time 418.420000, when looking up transform from frame [leo1/map] to frame [leo1/base_link]
[controller_server-1] 
[controller_server-1] [WARN] [1783983865.269896940] [leo1.controller_server]: Control loop missed its desired rate of 20.0000Hz
[controller_server-1] [INFO] [1783983866.036634808] [leo1.controller_server]: Passing new path to controller.
[controller_server-7] [INFO] [1783983866.041314654] [leo2.controller_server]: Passing new path to controller.
[controller_server-1] [ERROR] [1783983866.148527052] [transformPoseInTargetFrame]: Extrapolation Error looking up target frame: Lookup would require extrapolation into the future.  Requested time 419.279000 but the latest data is at time 419.220000, when looking up transform from frame [leo1/map] to frame [leo1/base_link]
[controller_server-1] 
[controller_server-1] [WARN] [1783983866.149339380] [leo1.controller_server]: Control loop missed its desired rate of 20.0000Hz
[controller_server-7] [ERROR] [1783983866.153502444] [transformPoseInTargetFrame]: Extrapolation Error looking up target frame: Lookup would require extrapolation into the future.  Requested time 419.284000 but the latest data is at time 419.241000, when looking up transform from frame [leo2/map] to frame [leo2/base_link]
[controller_server-7] 
[controller_server-7] [WARN] [1783983866.154644111] [leo2.controller_server]: Control loop missed its desired rate of 20.0000Hz
[controller_server-1] [INFO] [1783983867.070003051] [leo1.controller_server]: Passing new path to controller.
[controller_server-7] [INFO] [1783983867.076638886] [leo2.controller_server]: Passing new path to controller.
[controller_server-1] [ERROR] [1783983867.291664880] [transformPoseInTargetFrame]: Extrapolation Error looking up target frame: Lookup would require extrapolation into the future.  Requested time 420.258000 but the latest data is at time 420.220000, when looking up transform from frame [leo1/map] to frame [leo1/base_link]
[controller_server-1] 
[controller_server-1] [WARN] [1783983867.292476005] [leo1.controller_server]: Control loop missed its desired rate of 20.0000Hz
[controller_server-7] [INFO] [1783983868.104735662] [leo2.controller_server]: Passing new path to controller.
[controller_server-1] [INFO] [1783983868.119097362] [leo1.controller_server]: Passing new path to controller.
[controller_server-7] [ERROR] [1783983868.226783588] [transformPoseInTargetFrame]: Extrapolation Error looking up target frame: Lookup would require extrapolation into the future.  Requested time 421.046000 but the latest data is at time 421.041000, when looking up transform from frame [leo2/map] to frame [leo2/base_link]
[controller_server-7] 
[controller_server-7] [WARN] [1783983868.228326556] [leo2.controller_server]: Control loop missed its desired rate of 20.0000Hz
[controller_server-1] [ERROR] [1783983868.241537684] [transformPoseInTargetFrame]: Extrapolation Error looking up target frame: Lookup would require extrapolation into the future.  Requested time 421.059000 but the latest data is at time 421.020000, when looking up transform from frame [leo1/map] to frame [leo1/base_link]
[controller_server-1] 
[controller_server-1] [WARN] [1783983868.242554199] [leo1.controller_server]: Control loop missed its desired rate of 20.0000Hz
[controller_server-7] [INFO] [1783983869.155937908] [leo2.controller_server]: Passing new path to controller.
[controller_server-1] [INFO] [1783983869.166383842] [leo1.controller_server]: Passing new path to controller.
[controller_server-7] [INFO] [1783983870.178430553] [leo2.controller_server]: Passing new path to controller.
[controller_server-1] [INFO] [1783983870.192581424] [leo1.controller_server]: Passing new path to controller.
[controller_server-1] [WARN] [1783983870.265905238] [leo1.controller_server]: Control loop missed its desired rate of 20.0000Hz
[controller_server-7] [WARN] [1783983870.291156130] [leo2.controller_server]: Control loop missed its desired rate of 20.0000Hz
[controller_server-1] [INFO] [1783983871.192766317] [leo1.controller_server]: Passing new path to controller.
[controller_server-7] [INFO] [1783983871.215608855] [leo2.controller_server]: Passing new path to controller.
[controller_server-1] [ERROR] [1783983871.666511805] [transformPoseInTargetFrame]: Extrapolation Error looking up target frame: Lookup would require extrapolation into the future.  Requested time 423.879000 but the latest data is at time 423.820000, when looking up transform from frame [leo1/map] to frame [leo1/base_link]
[controller_server-1] 
[controller_server-1] [WARN] [1783983871.667333127] [leo1.controller_server]: Control loop missed its desired rate of 20.0000Hz
[controller_server-7] [ERROR] [1783983872.853460176] [transformPoseInTargetFrame]: Extrapolation Error looking up target frame: Lookup would require extrapolation into the future.  Requested time 423.900000 but the latest data is at time 423.841000, when looking up transform from frame [leo2/map] to frame [leo2/base_link]
[controller_server-7] 
[controller_server-7] [WARN] [1783983872.854690729] [leo2.controller_server]: Control loop missed its desired rate of 20.0000Hz
[controller_server-1] [INFO] [1783983872.882456821] [leo1.controller_server]: Passing new path to controller.
[controller_server-7] [INFO] [1783983872.917323807] [leo2.controller_server]: Passing new path to controller.
[controller_server-1] [ERROR] [1783983873.004234217] [transformPoseInTargetFrame]: Extrapolation Error looking up target frame: Lookup would require extrapolation into the future.  Requested time 424.034000 but the latest data is at time 424.020000, when looking up transform from frame [leo1/map] to frame [leo1/base_link]
[controller_server-1] 
[controller_server-1] [WARN] [1783983873.004999545] [leo1.controller_server]: Control loop missed its desired rate of 20.0000Hz
[controller_server-7] [ERROR] [1783983873.038894027] [transformPoseInTargetFrame]: Extrapolation Error looking up target frame: Lookup would require extrapolation into the future.  Requested time 424.065000 but the latest data is at time 424.041000, when looking up transform from frame [leo2/map] to frame [leo2/base_link]
[controller_server-7] 
[controller_server-7] [WARN] [1783983873.039955378] [leo2.controller_server]: Control loop missed its desired rate of 20.0000Hz
[controller_server-7] [INFO] [1783983873.913143100] [leo2.controller_server]: Passing new path to controller.
[controller_server-1] [INFO] [1783983873.931640816] [leo1.controller_server]: Passing new path to controller.
[controller_server-1] [INFO] [1783983874.981650484] [leo1.controller_server]: Passing new path to controller.
[controller_server-7] [INFO] [1783983874.990051663] [leo2.controller_server]: Passing new path to controller.
[controller_server-1] [WARN] [1783983875.084254672] [leo1.controller_server]: Control loop missed its desired rate of 20.0000Hz
[controller_server-7] [WARN] [1783983875.103523602] [leo2.controller_server]: Control loop missed its desired rate of 20.0000Hz
[controller_server-7] [INFO] [1783983875.975559120] [leo2.controller_server]: Passing new path to controller.
[controller_server-1] [INFO] [1783983876.008073676] [leo1.controller_server]: Passing new path to controller.
[controller_server-7] [INFO] [1783983877.003613260] [leo2.controller_server]: Passing new path to controller.
[controller_server-1] [INFO] [1783983877.034345881] [leo1.controller_server]: Passing new path to controller.
[controller_server-7] [ERROR] [1783983877.125590814] [transformPoseInTargetFrame]: Extrapolation Error looking up target frame: Lookup would require extrapolation into the future.  Requested time 427.686000 but the latest data is at time 427.641000, when looking up transform from frame [leo2/map] to frame [leo2/base_link]
[controller_server-7] 
[controller_server-7] [WARN] [1783983877.127087085] [leo2.controller_server]: Control loop missed its desired rate of 20.0000Hz
[controller_server-1] [WARN] [1783983877.138262340] [leo1.controller_server]: Control loop missed its desired rate of 20.0000Hz
[controller_server-7] [INFO] [1783983878.051212988] [leo2.controller_server]: Passing new path to controller.
[controller_server-1] [INFO] [1783983878.058608129] [leo1.controller_server]: Passing new path to controller.
[controller_server-7] [INFO] [1783983879.077156700] [leo2.controller_server]: Passing new path to controller.
[controller_server-1] [INFO] [1783983879.088342059] [leo1.controller_server]: Passing new path to controller.
[controller_server-7] [ERROR] [1783983879.199011961] [transformPoseInTargetFrame]: Extrapolation Error looking up target frame: Lookup would require extrapolation into the future.  Requested time 429.495000 but the latest data is at time 429.441000, when looking up transform from frame [leo2/map] to frame [leo2/base_link]
[controller_server-7] 
[controller_server-7] [WARN] [1783983879.199894226] [leo2.controller_server]: Control loop missed its desired rate of 20.0000Hz
[controller_server-1] [WARN] [1783983879.200996159] [leo1.controller_server]: Control loop missed its desired rate of 20.0000Hz
[controller_server-1] [INFO] [1783983880.121957393] [leo1.controller_server]: Passing new path to controller.
[controller_server-7] [INFO] [1783983880.123053868] [leo2.controller_server]: Passing new path to controller.
[controller_server-1] [ERROR] [1783983880.234000601] [transformPoseInTargetFrame]: Extrapolation Error looking up target frame: Lookup would require extrapolation into the future.  Requested time 430.433000 but the latest data is at time 430.420000, when looking up transform from frame [leo1/map] to frame [leo1/base_link]
[controller_server-1] 
[controller_server-1] [WARN] [1783983880.234764341] [leo1.controller_server]: Control loop missed its desired rate of 20.0000Hz
[planner_server-2] [ERROR] [1783983881.099357685] [leo1.planner_server]: Failed to create a plan from potential when a legal potential was found. This shouldn't happen.
[planner_server-2] [WARN] [1783983881.099432303] [leo1.planner_server]: GridBased: failed to create plan with tolerance 0.50.
[planner_server-2] [WARN] [1783983881.099441721] [leo1.planner_server]: Planning algorithm GridBased failed to generate a valid path to (-9.23, 3.53)
[planner_server-2] [WARN] [1783983881.099449345] [leo1.planner_server]: [compute_path_to_pose] [ActionServer] Aborting handle.
[planner_server-2] [INFO] [1783983881.117515994] [leo1.global_costmap.global_costmap]: Received request to clear entirely the global_costmap
[controller_server-7] [INFO] [1783983881.149958189] [leo2.controller_server]: Passing new path to controller.
[controller_server-1] [INFO] [1783983881.301059258] [leo1.controller_server]: Passing new path to controller.
[controller_server-1] [WARN] [1783983881.383887826] [leo1.controller_server]: Control loop missed its desired rate of 20.0000Hz
[planner_server-2] [INFO] [1783983881.449765328] [leo1.global_costmap.global_costmap]: StaticLayer: Resizing costmap to 478 X 318 at 0.050000 m/pix
[planner_server-8] [INFO] [1783983881.450165496] [leo2.global_costmap.global_costmap]: StaticLayer: Resizing costmap to 480 X 319 at 0.050000 m/pix
[controller_server-7] [INFO] [1783983882.199979546] [leo2.controller_server]: Passing new path to controller.
[controller_server-7] [WARN] [1783983882.261657101] [leo2.controller_server]: Control loop missed its desired rate of 20.0000Hz
[controller_server-1] [INFO] [1783983882.351093264] [leo1.controller_server]: Passing new path to controller.
[controller_server-1] [WARN] [1783983882.453962377] [leo1.controller_server]: Control loop missed its desired rate of 20.0000Hz
[controller_server-7] [INFO] [1783983883.199969675] [leo2.controller_server]: Passing new path to controller.
[controller_server-7] [WARN] [1783983883.312325388] [leo2.controller_server]: Control loop missed its desired rate of 20.0000Hz
[controller_server-1] [INFO] [1783983883.371451924] [leo1.controller_server]: Passing new path to controller.
[controller_server-1] [ERROR] [1783983883.483215033] [transformPoseInTargetFrame]: Extrapolation Error looking up target frame: Lookup would require extrapolation into the future.  Requested time 433.472000 but the latest data is at time 433.420000, when looking up transform from frame [leo1/map] to frame [leo1/base_link]
[controller_server-1] 
[controller_server-1] [WARN] [1783983883.484256332] [leo1.controller_server]: Control loop missed its desired rate of 20.0000Hz
[controller_server-7] [INFO] [1783983884.231134739] [leo2.controller_server]: Passing new path to controller.
[controller_server-7] [ERROR] [1783983884.342980686] [transformPoseInTargetFrame]: Extrapolation Error looking up target frame: Lookup would require extrapolation into the future.  Requested time 434.286000 but the latest data is at time 434.241000, when looking up transform from frame [leo2/map] to frame [leo2/base_link]
[controller_server-7] 
[controller_server-7] [WARN] [1783983884.344353745] [leo2.controller_server]: Control loop missed its desired rate of 20.0000Hz
[controller_server-1] [INFO] [1783983884.404040900] [leo1.controller_server]: Passing new path to controller.
[controller_server-1] [ERROR] [1783983884.515465980] [transformPoseInTargetFrame]: Extrapolation Error looking up target frame: Lookup would require extrapolation into the future.  Requested time 434.445000 but the latest data is at time 434.420000, when looking up transform from frame [leo1/map] to frame [leo1/base_link]
[controller_server-1] 
[controller_server-1] [WARN] [1783983884.516488970] [leo1.controller_server]: Control loop missed its desired rate of 20.0000Hz
[controller_server-7] [INFO] [1783983885.262414225] [leo2.controller_server]: Passing new path to controller.
[controller_server-1] [INFO] [1783983885.436235173] [leo1.controller_server]: Passing new path to controller.
[controller_server-7] [INFO] [1783983886.312406406] [leo2.controller_server]: Passing new path to controller.
[controller_server-7] [WARN] [1783983886.404901376] [leo2.controller_server]: Control loop missed its desired rate of 20.0000Hz
[controller_server-1] [INFO] [1783983886.466578794] [leo1.controller_server]: Passing new path to controller.
[controller_server-1] [ERROR] [1783983886.588527964] [transformPoseInTargetFrame]: Extrapolation Error looking up target frame: Lookup would require extrapolation into the future.  Requested time 436.277000 but the latest data is at time 436.220000, when looking up transform from frame [leo1/map] to frame [leo1/base_link]
[controller_server-1] 
[controller_server-1] [WARN] [1783983886.589502662] [leo1.controller_server]: Control loop missed its desired rate of 20.0000Hz
[controller_server-7] [INFO] [1783983887.312456156] [leo2.controller_server]: Passing new path to controller.
[controller_server-7] [ERROR] [1783983887.424648333] [transformPoseInTargetFrame]: Extrapolation Error looking up target frame: Lookup would require extrapolation into the future.  Requested time 437.055000 but the latest data is at time 437.041000, when looking up transform from frame [leo2/map] to frame [leo2/base_link]
[controller_server-7] 
[controller_server-7] [WARN] [1783983887.427102658] [leo2.controller_server]: Control loop missed its desired rate of 20.0000Hz
[controller_server-1] [INFO] [1783983887.460722445] [leo1.controller_server]: Passing new path to controller.
[controller_server-7] [INFO] [1783983888.344918108] [leo2.controller_server]: Passing new path to controller.
[controller_server-1] [INFO] [1783983888.489581252] [leo1.controller_server]: Passing new path to controller.
[controller_server-1] [WARN] [1783983888.561694627] [leo1.controller_server]: Control loop missed its desired rate of 20.0000Hz
[controller_server-7] [INFO] [1783983889.377167327] [leo2.controller_server]: Passing new path to controller.
[controller_server-7] [WARN] [1783983889.428783853] [leo2.controller_server]: Control loop missed its desired rate of 20.0000Hz
[controller_server-1] [INFO] [1783983889.539573313] [leo1.controller_server]: Passing new path to controller.
[controller_server-1] [WARN] [1783983889.622892102] [leo1.controller_server]: Control loop missed its desired rate of 20.0000Hz
[controller_server-7] [INFO] [1783983890.427182271] [leo2.controller_server]: Passing new path to controller.
[controller_server-7] [WARN] [1783983890.480048469] [leo2.controller_server]: Control loop missed its desired rate of 20.0000Hz
[controller_server-1] [INFO] [1783983890.589570129] [leo1.controller_server]: Passing new path to controller.
[controller_server-1] [WARN] [1783983890.681553652] [leo1.controller_server]: Control loop missed its desired rate of 20.0000Hz
[controller_server-7] [INFO] [1783983891.427175108] [leo2.controller_server]: Passing new path to controller.
[planner_server-8] [INFO] [1783983891.450144019] [leo2.global_costmap.global_costmap]: StaticLayer: Resizing costmap to 479 X 319 at 0.050000 m/pix
[controller_server-7] [ERROR] [1783983891.538733164] [transformPoseInTargetFrame]: Extrapolation Error looking up target frame: Lookup would require extrapolation into the future.  Requested time 440.909000 but the latest data is at time 440.841000, when looking up transform from frame [leo2/map] to frame [leo2/base_link]
[controller_server-7] 
[controller_server-7] [WARN] [1783983891.539637197] [leo2.controller_server]: Control loop missed its desired rate of 20.0000Hz
[controller_server-1] [INFO] [1783983891.589627625] [leo1.controller_server]: Passing new path to controller.
[controller_server-1] [ERROR] [1783983891.701628091] [transformPoseInTargetFrame]: Extrapolation Error looking up target frame: Lookup would require extrapolation into the future.  Requested time 441.060000 but the latest data is at time 441.020000, when looking up transform from frame [leo1/map] to frame [leo1/base_link]
[controller_server-1] 
[controller_server-1] [WARN] [1783983891.702773075] [leo1.controller_server]: Control loop missed its desired rate of 20.0000Hz
[controller_server-7] [INFO] [1783983892.460851983] [leo2.controller_server]: Passing new path to controller.
[controller_server-1] [INFO] [1783983892.621847720] [leo1.controller_server]: Passing new path to controller.
[controller_server-7] [INFO] [1783983893.489719605] [leo2.controller_server]: Passing new path to controller.
[controller_server-7] [WARN] [1783983893.582717442] [leo2.controller_server]: Control loop missed its desired rate of 20.0000Hz
[controller_server-1] [INFO] [1783983893.652900991] [leo1.controller_server]: Passing new path to controller.
[controller_server-1] [ERROR] [1783983893.764822746] [transformPoseInTargetFrame]: Extrapolation Error looking up target frame: Lookup would require extrapolation into the future.  Requested time 442.878000 but the latest data is at time 442.820000, when looking up transform from frame [leo1/map] to frame [leo1/base_link]
[controller_server-1] 
[controller_server-1] [WARN] [1783983893.766242847] [leo1.controller_server]: Control loop missed its desired rate of 20.0000Hz
[controller_server-7] [INFO] [1783983894.539711131] [leo2.controller_server]: Passing new path to controller.
[controller_server-7] [ERROR] [1783983894.653472421] [transformPoseInTargetFrame]: Extrapolation Error looking up target frame: Lookup would require extrapolation into the future.  Requested time 443.663000 but the latest data is at time 443.641000, when looking up transform from frame [leo2/map] to frame [leo2/base_link]
[controller_server-7] 
[controller_server-7] [WARN] [1783983894.654712412] [leo2.controller_server]: Control loop missed its desired rate of 20.0000Hz
[controller_server-1] [INFO] [1783983894.687361560] [leo1.controller_server]: Passing new path to controller.
[controller_server-7] [INFO] [1783983895.519899297] [leo2.controller_server]: Passing new path to controller.
[controller_server-1] [INFO] [1783983895.716313482] [leo1.controller_server]: Passing new path to controller.
[controller_server-1] [WARN] [1783983895.768157602] [leo1.controller_server]: Control loop missed its desired rate of 20.0000Hz
[controller_server-7] [INFO] [1783983896.554788379] [leo2.controller_server]: Passing new path to controller.
[controller_server-7] [WARN] [1783983896.636746163] [leo2.controller_server]: Control loop missed its desired rate of 20.0000Hz
[controller_server-1] [INFO] [1783983896.766310340] [leo1.controller_server]: Passing new path to controller.
[controller_server-1] [WARN] [1783983896.828203402] [leo1.controller_server]: Control loop missed its desired rate of 20.0000Hz
[controller_server-7] [INFO] [1783983897.604846534] [leo2.controller_server]: Passing new path to controller.
[controller_server-7] [WARN] [1783983897.687056423] [leo2.controller_server]: Control loop missed its desired rate of 20.0000Hz
[controller_server-1] [INFO] [1783983897.766292902] [leo1.controller_server]: Passing new path to controller.
[controller_server-1] [ERROR] [1783983897.878385930] [transformPoseInTargetFrame]: Extrapolation Error looking up target frame: Lookup would require extrapolation into the future.  Requested time 446.669000 but the latest data is at time 446.620000, when looking up transform from frame [leo1/map] to frame [leo1/base_link]
[controller_server-1] 
[controller_server-1] [WARN] [1783983897.879775911] [leo1.controller_server]: Control loop missed its desired rate of 20.0000Hz
[controller_server-7] [INFO] [1783983898.654806271] [leo2.controller_server]: Passing new path to controller.
[controller_server-7] [ERROR] [1783983898.766509034] [transformPoseInTargetFrame]: Extrapolation Error looking up target frame: Lookup would require extrapolation into the future.  Requested time 447.503000 but the latest data is at time 447.441000, when looking up transform from frame [leo2/map] to frame [leo2/base_link]
[controller_server-7] 
[controller_server-7] [WARN] [1783983898.767088507] [leo2.controller_server]: Control loop missed its desired rate of 20.0000Hz
[controller_server-1] [INFO] [1783983898.799565086] [leo1.controller_server]: Passing new path to controller.
[controller_server-1] [ERROR] [1783983898.911336547] [transformPoseInTargetFrame]: Extrapolation Error looking up target frame: Lookup would require extrapolation into the future.  Requested time 447.635000 but the latest data is at time 447.620000, when looking up transform from frame [leo1/map] to frame [leo1/base_link]
[controller_server-1] 
[controller_server-1] [WARN] [1783983898.912089725] [leo1.controller_server]: Control loop missed its desired rate of 20.0000Hz
[controller_server-7] [INFO] [1783983899.681819276] [leo2.controller_server]: Passing new path to controller.
[controller_server-1] [INFO] [1783983899.829876603] [leo1.controller_server]: Passing new path to controller.
[controller_server-1] [WARN] [1783983899.892073984] [leo1.controller_server]: Control loop missed its desired rate of 20.0000Hz
[controller_server-7] [INFO] [1783983900.717181854] [leo2.controller_server]: Passing new path to controller.
[controller_server-7] [WARN] [1783983900.830118281] [leo2.controller_server]: Control loop missed its desired rate of 20.0000Hz
[controller_server-1] [INFO] [1783983900.879913989] [leo1.controller_server]: Passing new path to controller.
[controller_server-1] [ERROR] [1783983901.002464348] [transformPoseInTargetFrame]: Extrapolation Error looking up target frame: Lookup would require extrapolation into the future.  Requested time 449.463000 but the latest data is at time 449.420000, when looking up transform from frame [leo1/map] to frame [leo1/base_link]
[controller_server-1] 
[controller_server-1] [WARN] [1783983901.003177187] [leo1.controller_server]: Control loop missed its desired rate of 20.0000Hz
[planner_server-2] [INFO] [1783983901.449798273] [leo1.global_costmap.global_costmap]: StaticLayer: Resizing costmap to 478 X 318 at 0.050000 m/pix
[controller_server-7] [INFO] [1783983901.748492528] [leo2.controller_server]: Passing new path to controller.
[controller_server-1] [INFO] [1783983901.921658529] [leo1.controller_server]: Passing new path to controller.
[controller_server-7] [INFO] [1783983902.773146514] [leo2.controller_server]: Passing new path to controller.
[controller_server-1] [INFO] [1783983904.409219515] [leo1.controller_server]: Passing new path to controller.
[controller_server-7] [WARN] [1783983904.441071460] [leo2.controller_server]: Control loop missed its desired rate of 20.0000Hz
[controller_server-7] [INFO] [1783983904.441116213] [leo2.controller_server]: Passing new path to controller.
[bt_navigator-10] [INFO] [1783983905.415241127] [leo2.bt_navigator]: Received goal preemption request
[bt_navigator-10] [INFO] [1783983905.415876356] [leo2.bt_navigator]: Begin navigating from current location (-9.62, 3.31) to (-5.90, 5.15)
[controller_server-1] [INFO] [1783983905.459218884] [leo1.controller_server]: Passing new path to controller.
[controller_server-7] [INFO] [1783983905.463031380] [leo2.controller_server]: Passing new path to controller.
[controller_server-7] [ERROR] [1783983905.652447250] [transformPoseInTargetFrame]: Extrapolation Error looking up target frame: Lookup would require extrapolation into the future.  Requested time 452.252000 but the latest data is at time 452.241000, when looking up transform from frame [leo2/map] to frame [leo2/base_link]
[controller_server-7] 
[controller_server-7] [WARN] [1783983905.653055096] [leo2.controller_server]: Control loop missed its desired rate of 20.0000Hz
[controller_server-1] [INFO] [1783983906.459256349] [leo1.controller_server]: Passing new path to controller.
[controller_server-7] [INFO] [1783983906.519046525] [leo2.controller_server]: Passing new path to controller.
[controller_server-1] [WARN] [1783983906.551482426] [leo1.controller_server]: Control loop missed its desired rate of 20.0000Hz
[controller_server-7] [ERROR] [1783983906.714485661] [transformPoseInTargetFrame]: Extrapolation Error looking up target frame: Lookup would require extrapolation into the future.  Requested time 453.252000 but the latest data is at time 453.241000, when looking up transform from frame [leo2/map] to frame [leo2/base_link]
[controller_server-7] 
[controller_server-7] [WARN] [1783983906.715138948] [leo2.controller_server]: Control loop missed its desired rate of 20.0000Hz
[controller_server-1] [INFO] [1783983907.509249237] [leo1.controller_server]: Passing new path to controller.
[controller_server-7] [INFO] [1783983907.531354790] [leo2.controller_server]: Passing new path to controller.
[controller_server-1] [ERROR] [1783983907.621349794] [transformPoseInTargetFrame]: Extrapolation Error looking up target frame: Lookup would require extrapolation into the future.  Requested time 454.067000 but the latest data is at time 454.020000, when looking up transform from frame [leo1/map] to frame [leo1/base_link]
[controller_server-1] 
[controller_server-1] [WARN] [1783983907.622138587] [leo1.controller_server]: Control loop missed its desired rate of 20.0000Hz
[controller_server-7] [ERROR] [1783983907.653266017] [transformPoseInTargetFrame]: Extrapolation Error looking up target frame: Lookup would require extrapolation into the future.  Requested time 454.086000 but the latest data is at time 454.041000, when looking up transform from frame [leo2/map] to frame [leo2/base_link]
[controller_server-7] 
[controller_server-7] [WARN] [1783983907.654016797] [leo2.controller_server]: Control loop missed its desired rate of 20.0000Hz
[controller_server-1] [INFO] [1783983908.536787121] [leo1.controller_server]: Passing new path to controller.
[controller_server-7] [INFO] [1783983908.565257893] [leo2.controller_server]: Passing new path to controller.
[controller_server-1] [WARN] [1783983908.629898819] [leo1.controller_server]: Control loop missed its desired rate of 20.0000Hz
[controller_server-7] [WARN] [1783983908.647089145] [leo2.controller_server]: Control loop missed its desired rate of 20.0000Hz
[controller_server-7] [ERROR] [1783983908.826488500] [transformPoseInTargetFrame]: Extrapolation Error looking up target frame: Lookup would require extrapolation into the future.  Requested time 455.079000 but the latest data is at time 455.041000, when looking up transform from frame [leo2/map] to frame [leo2/base_link]
[controller_server-7] 
[controller_server-7] [WARN] [1783983908.827696270] [leo2.controller_server]: Control loop missed its desired rate of 20.0000Hz
[controller_server-1] [INFO] [1783983909.572264193] [leo1.controller_server]: Passing new path to controller.
[controller_server-7] [INFO] [1783983909.593469111] [leo2.controller_server]: Passing new path to controller.
[controller_server-1] [INFO] [1783983910.622219681] [leo1.controller_server]: Passing new path to controller.
[controller_server-7] [INFO] [1783983910.627786750] [leo2.controller_server]: Passing new path to controller.
[controller_server-1] [WARN] [1783983910.714332422] [leo1.controller_server]: Control loop missed its desired rate of 20.0000Hz
[controller_server-7] [WARN] [1783983910.731209340] [leo2.controller_server]: Control loop missed its desired rate of 20.0000Hz
[controller_server-1] [INFO] [1783983911.622253577] [leo1.controller_server]: Passing new path to controller.
[controller_server-7] [INFO] [1783983911.650422077] [leo2.controller_server]: Passing new path to controller.
[controller_server-1] [INFO] [1783983912.672237281] [leo1.controller_server]: Passing new path to controller.
[controller_server-7] [INFO] [1783983912.681316303] [leo2.controller_server]: Passing new path to controller.
[controller_server-1] [WARN] [1783983912.734130489] [leo1.controller_server]: Control loop missed its desired rate of 20.0000Hz
[controller_server-7] [WARN] [1783983912.753225975] [leo2.controller_server]: Control loop missed its desired rate of 20.0000Hz
[planner_server-2] [INFO] [1783983913.005746403] [leo1.global_costmap.global_costmap]: StaticLayer: Resizing costmap to 478 X 318 at 0.050000 m/pix
[controller_server-1] [INFO] [1783983913.672221323] [leo1.controller_server]: Passing new path to controller.
[controller_server-7] [INFO] [1783983913.731332565] [leo2.controller_server]: Passing new path to controller.
[controller_server-1] [ERROR] [1783983913.784037158] [transformPoseInTargetFrame]: Extrapolation Error looking up target frame: Lookup would require extrapolation into the future.  Requested time 459.491000 but the latest data is at time 459.420000, when looking up transform from frame [leo1/map] to frame [leo1/base_link]
[controller_server-1] 
[controller_server-1] [WARN] [1783983913.784853409] [leo1.controller_server]: Control loop missed its desired rate of 20.0000Hz
[controller_server-7] [WARN] [1783983913.823372063] [leo2.controller_server]: Control loop missed its desired rate of 20.0000Hz
[bt_navigator-4] [INFO] [1783983914.453324547] [leo1.bt_navigator]: Received goal preemption request
[bt_navigator-4] [INFO] [1783983914.454124431] [leo1.bt_navigator]: Begin navigating from current location (-8.43, 2.35) to (-6.58, 5.16)
[controller_server-1] [INFO] [1783983914.695235031] [leo1.controller_server]: Passing new path to controller.
[controller_server-7] [INFO] [1783983914.731323949] [leo2.controller_server]: Passing new path to controller.
[controller_server-1] [ERROR] [1783983914.809039147] [transformPoseInTargetFrame]: Extrapolation Error looking up target frame: Lookup would require extrapolation into the future.  Requested time 460.442000 but the latest data is at time 460.420000, when looking up transform from frame [leo1/map] to frame [leo1/base_link]
[controller_server-1] 
[controller_server-1] [WARN] [1783983914.809581583] [leo1.controller_server]: Control loop missed its desired rate of 20.0000Hz
[controller_server-7] [ERROR] [1783983914.843127932] [transformPoseInTargetFrame]: Extrapolation Error looking up target frame: Lookup would require extrapolation into the future.  Requested time 460.475000 but the latest data is at time 460.441000, when looking up transform from frame [leo2/map] to frame [leo2/base_link]
[controller_server-7] 
[controller_server-7] [WARN] [1783983914.843733027] [leo2.controller_server]: Control loop missed its desired rate of 20.0000Hz
[controller_server-1] [INFO] [1783983915.734919049] [leo1.controller_server]: Passing new path to controller.
[controller_server-7] [INFO] [1783983915.757888906] [leo2.controller_server]: Passing new path to controller.
[controller_server-1] [ERROR] [1783983915.846489135] [transformPoseInTargetFrame]: Extrapolation Error looking up target frame: Lookup would require extrapolation into the future.  Requested time 461.430000 but the latest data is at time 461.420000, when looking up transform from frame [leo1/map] to frame [leo1/base_link]
[controller_server-1] 
[controller_server-1] [WARN] [1783983915.847136068] [leo1.controller_server]: Control loop missed its desired rate of 20.0000Hz
[controller_server-7] [ERROR] [1783983915.869466698] [transformPoseInTargetFrame]: Extrapolation Error looking up target frame: Lookup would require extrapolation into the future.  Requested time 461.451000 but the latest data is at time 461.441000, when looking up transform from frame [leo2/map] to frame [leo2/base_link]
[controller_server-7] 
[controller_server-7] [WARN] [1783983915.870408120] [leo2.controller_server]: Control loop missed its desired rate of 20.0000Hz
[controller_server-1] [INFO] [1783983916.763145204] [leo1.controller_server]: Passing new path to controller.
[controller_server-7] [INFO] [1783983916.793817471] [leo2.controller_server]: Passing new path to controller.
[controller_server-1] [INFO] [1783983917.797202048] [leo1.controller_server]: Passing new path to controller.
[controller_server-7] [INFO] [1783983917.843847257] [leo2.controller_server]: Passing new path to controller.
[controller_server-7] [ERROR] [1783983917.955671969] [transformPoseInTargetFrame]: Extrapolation Error looking up target frame: Lookup would require extrapolation into the future.  Requested time 463.444000 but the latest data is at time 463.441000, when looking up transform from frame [leo2/map] to frame [leo2/base_link]
[controller_server-7] 
[controller_server-7] [WARN] [1783983917.956144488] [leo2.controller_server]: Control loop missed its desired rate of 20.0000Hz
[controller_server-1] [INFO] [1783983918.847269997] [leo1.controller_server]: Passing new path to controller.
[controller_server-7] [INFO] [1783983918.871610610] [leo2.controller_server]: Passing new path to controller.
[controller_server-1] [INFO] [1783983919.847232367] [leo1.controller_server]: Passing new path to controller.
[controller_server-7] [INFO] [1783983919.906249559] [leo2.controller_server]: Passing new path to controller.
[controller_server-1] [ERROR] [1783983919.969607385] [transformPoseInTargetFrame]: Extrapolation Error looking up target frame: Lookup would require extrapolation into the future.  Requested time 465.229000 but the latest data is at time 465.220000, when looking up transform from frame [leo1/map] to frame [leo1/base_link]
[controller_server-1] 
[controller_server-1] [WARN] [1783983919.970830965] [leo1.controller_server]: Control loop missed its desired rate of 20.0000Hz
[controller_server-7] [ERROR] [1783983920.028357092] [transformPoseInTargetFrame]: Extrapolation Error looking up target frame: Lookup would require extrapolation into the future.  Requested time 465.280000 but the latest data is at time 465.241000, when looking up transform from frame [leo2/map] to frame [leo2/base_link]
[controller_server-7] 
[controller_server-7] [WARN] [1783983920.028779947] [leo2.controller_server]: Control loop missed its desired rate of 20.0000Hz
[controller_server-1] [INFO] [1783983920.888348275] [leo1.controller_server]: Passing new path to controller.
[controller_server-7] [INFO] [1783983920.939031045] [leo2.controller_server]: Passing new path to controller.
[planner_server-2] [INFO] [1783983921.405779179] [leo1.global_costmap.global_costmap]: StaticLayer: Resizing costmap to 478 X 318 at 0.050000 m/pix
[controller_server-1] [INFO] [1783983921.920913755] [leo1.controller_server]: Passing new path to controller.
[controller_server-7] [INFO] [1783983921.969570741] [leo2.controller_server]: Passing new path to controller.
[controller_server-1] [WARN] [1783983921.973135104] [leo1.controller_server]: Control loop missed its desired rate of 20.0000Hz
[bt_navigator-10] [INFO] [1783983922.955563178] [leo2.bt_navigator]: Received goal preemption request
[bt_navigator-10] [INFO] [1783983922.956334428] [leo2.bt_navigator]: Begin navigating from current location (-6.89, 4.47) to (-10.65, -6.40)
[controller_server-1] [INFO] [1783983922.970905120] [leo1.controller_server]: Passing new path to controller.
[controller_server-7] [INFO] [1783983922.978868973] [leo2.controller_server]: Passing new path to controller.
[controller_server-1] [WARN] [1783983923.032355525] [leo1.controller_server]: Control loop missed its desired rate of 20.0000Hz
[controller_server-7] [WARN] [1783983923.050305815] [leo2.controller_server]: Control loop missed its desired rate of 20.0000Hz
[controller_server-1] [INFO] [1783983923.970891287] [leo1.controller_server]: Passing new path to controller.
[controller_server-7] [INFO] [1783983924.028841062] [leo2.controller_server]: Passing new path to controller.
[controller_server-1] [WARN] [1783983924.083052494] [leo1.controller_server]: Control loop missed its desired rate of 20.0000Hz
[controller_server-7] [WARN] [1783983924.110434638] [leo2.controller_server]: Control loop missed its desired rate of 20.0000Hz
[controller_server-7] [WARN] [1783983924.133581050] [leo2.controller_server]: Control loop missed its desired rate of 20.0000Hz
[controller_server-7] [ERROR] [1783983924.244720895] [transformPoseInTargetFrame]: Extrapolation Error looking up target frame: Lookup would require extrapolation into the future.  Requested time 469.247000 but the latest data is at time 469.241000, when looking up transform from frame [leo2/map] to frame [leo2/base_link]
[controller_server-7] 
[controller_server-7] [WARN] [1783983924.245522918] [leo2.controller_server]: Control loop missed its desired rate of 20.0000Hz
[controller_server-1] [INFO] [1783983925.042863401] [leo1.controller_server]: Passing new path to controller.
[controller_server-7] [INFO] [1783983925.066880843] [leo2.controller_server]: Passing new path to controller.
[controller_server-1] [WARN] [1783983925.154782214] [leo1.controller_server]: Control loop missed its desired rate of 20.0000Hz
[controller_server-7] [WARN] [1783983925.168712657] [leo2.controller_server]: Control loop missed its desired rate of 20.0000Hz
[controller_server-7] [ERROR] [1783983925.306803831] [transformPoseInTargetFrame]: Extrapolation Error looking up target frame: Lookup would require extrapolation into the future.  Requested time 470.242000 but the latest data is at time 470.241000, when looking up transform from frame [leo2/map] to frame [leo2/base_link]
[controller_server-7] 
[controller_server-7] [WARN] [1783983925.307949197] [leo2.controller_server]: Control loop missed its desired rate of 20.0000Hz
[controller_server-1] [INFO] [1783983926.033165828] [leo1.controller_server]: Passing new path to controller.
[controller_server-7] [INFO] [1783983926.079893793] [leo2.controller_server]: Passing new path to controller.
[controller_server-7] [ERROR] [1783983926.272633974] [transformPoseInTargetFrame]: Extrapolation Error looking up target frame: Lookup would require extrapolation into the future.  Requested time 471.087000 but the latest data is at time 471.041000, when looking up transform from frame [leo2/map] to frame [leo2/base_link]
[controller_server-7] 
[controller_server-7] [WARN] [1783983926.274283149] [leo2.controller_server]: Control loop missed its desired rate of 20.0000Hz
[controller_server-1] [INFO] [1783983927.083144782] [leo1.controller_server]: Passing new path to controller.
[controller_server-7] [INFO] [1783983927.094850632] [leo2.controller_server]: Passing new path to controller.
[controller_server-1] [WARN] [1783983927.185210916] [leo1.controller_server]: Control loop missed its desired rate of 20.0000Hz
[controller_server-7] [WARN] [1783983927.218872852] [leo2.controller_server]: Control loop missed its desired rate of 20.0000Hz
[controller_server-7] [WARN] [1783983927.249467750] [leo2.controller_server]: Control loop missed its desired rate of 20.0000Hz
[controller_server-7] [ERROR] [1783983927.381643697] [transformPoseInTargetFrame]: Extrapolation Error looking up target frame: Lookup would require extrapolation into the future.  Requested time 472.045000 but the latest data is at time 472.041000, when looking up transform from frame [leo2/map] to frame [leo2/base_link]
[controller_server-7] 
[controller_server-7] [WARN] [1783983927.382731910] [leo2.controller_server]: Control loop missed its desired rate of 20.0000Hz
[controller_server-1] [INFO] [1783983928.096764576] [leo1.controller_server]: Passing new path to controller.
[controller_server-7] [INFO] [1783983928.154915046] [leo2.controller_server]: Passing new path to controller.
[controller_server-1] [WARN] [1783983928.200493394] [leo1.controller_server]: Control loop missed its desired rate of 20.0000Hz
[controller_server-7] [ERROR] [1783983928.404065664] [transformPoseInTargetFrame]: Extrapolation Error looking up target frame: Lookup would require extrapolation into the future.  Requested time 472.860000 but the latest data is at time 472.841000, when looking up transform from frame [leo2/map] to frame [leo2/base_link]
[controller_server-7] 
[controller_server-7] [WARN] [1783983928.405338999] [leo2.controller_server]: Control loop missed its desired rate of 20.0000Hz
[controller_server-1] [INFO] [1783983929.135287708] [leo1.controller_server]: Passing new path to controller.
[controller_server-7] [INFO] [1783983929.175576808] [leo2.controller_server]: Passing new path to controller.
[controller_server-1] [INFO] [1783983930.185313129] [leo1.controller_server]: Passing new path to controller.
[controller_server-7] [INFO] [1783983930.205405359] [leo2.controller_server]: Passing new path to controller.
[controller_server-1] [INFO] [1783983931.185289892] [leo1.controller_server]: Passing new path to controller.
[controller_server-7] [INFO] [1783983931.205447542] [leo2.controller_server]: Passing new path to controller.
[controller_server-7] [WARN] [1783983931.298218764] [leo2.controller_server]: Control loop missed its desired rate of 20.0000Hz
[bt_navigator-4] [INFO] [1783983931.823434345] [leo1.bt_navigator]: Received goal preemption request
[bt_navigator-4] [INFO] [1783983931.824192741] [leo1.bt_navigator]: Begin navigating from current location (-6.76, 5.01) to (-5.03, 7.14)
[controller_server-1] [INFO] [1783983931.935568231] [leo1.controller_server]: Reached the goal!
[bt_navigator-4] [INFO] [1783983931.974028727] [leo1.bt_navigator]: Goal succeeded
[controller_server-7] [INFO] [1783983932.255416274] [leo2.controller_server]: Passing new path to controller.
[controller_server-7] [WARN] [1783983932.358024953] [leo2.controller_server]: Control loop missed its desired rate of 20.0000Hz
[controller_server-7] [INFO] [1783983933.283273748] [leo2.controller_server]: Passing new path to controller.
[controller_server-7] [ERROR] [1783983933.405286946] [transformPoseInTargetFrame]: Extrapolation Error looking up target frame: Lookup would require extrapolation into the future.  Requested time 477.453000 but the latest data is at time 477.441000, when looking up transform from frame [leo2/map] to frame [leo2/base_link]
[controller_server-7] 
[controller_server-7] [WARN] [1783983933.406411007] [leo2.controller_server]: Control loop missed its desired rate of 20.0000Hz
[controller_server-7] [WARN] [1783983933.409339147] [leo2.controller_server]: Control loop missed its desired rate of 20.0000Hz
[controller_server-7] [INFO] [1783983934.308117919] [leo2.controller_server]: Passing new path to controller.
[controller_server-7] [WARN] [1783983934.380642881] [leo2.controller_server]: Control loop missed its desired rate of 20.0000Hz
[controller_server-7] [INFO] [1783983936.138712545] [leo2.controller_server]: Passing new path to controller.
[controller_server-7] [ERROR] [1783983936.260862549] [transformPoseInTargetFrame]: Extrapolation Error looking up target frame: Lookup would require extrapolation into the future.  Requested time 478.491000 but the latest data is at time 478.441000, when looking up transform from frame [leo2/map] to frame [leo2/base_link]
[controller_server-7] 
[controller_server-7] [WARN] [1783983936.261749484] [leo2.controller_server]: Control loop missed its desired rate of 20.0000Hz
[controller_server-7] [INFO] [1783983937.189269446] [leo2.controller_server]: Passing new path to controller.
[bt_navigator-4] [INFO] [1783983938.092063386] [leo1.bt_navigator]: Begin navigating from current location (-6.76, 5.01) to (-4.63, 2.29)
[controller_server-1] [INFO] [1783983938.113553601] [leo1.controller_server]: Received a goal, begin computing control effort.
[controller_server-7] [INFO] [1783983938.211821720] [leo2.controller_server]: Passing new path to controller.
[controller_server-1] [ERROR] [1783983938.274887125] [transformPoseInTargetFrame]: Extrapolation Error looking up target frame: Lookup would require extrapolation into the future.  Requested time 480.248000 but the latest data is at time 480.220000, when looking up transform from frame [leo1/map] to frame [leo1/base_link]
[controller_server-1] 
[controller_server-1] [WARN] [1783983938.275862795] [leo1.controller_server]: Control loop missed its desired rate of 20.0000Hz
[controller_server-7] [ERROR] [1783983938.323317558] [transformPoseInTargetFrame]: Extrapolation Error looking up target frame: Lookup would require extrapolation into the future.  Requested time 480.292000 but the latest data is at time 480.241000, when looking up transform from frame [leo2/map] to frame [leo2/base_link]
[controller_server-7] 
[controller_server-7] [WARN] [1783983938.324892696] [leo2.controller_server]: Control loop missed its desired rate of 20.0000Hz
[controller_server-1] [INFO] [1783983939.143663318] [leo1.controller_server]: Passing new path to controller.
[controller_server-7] [INFO] [1783983939.250766189] [leo2.controller_server]: Passing new path to controller.
[controller_server-7] [ERROR] [1783983939.362608946] [transformPoseInTargetFrame]: Extrapolation Error looking up target frame: Lookup would require extrapolation into the future.  Requested time 481.242000 but the latest data is at time 481.241000, when looking up transform from frame [leo2/map] to frame [leo2/base_link]
[controller_server-7] 
[controller_server-7] [WARN] [1783983939.363988184] [leo2.controller_server]: Control loop missed its desired rate of 20.0000Hz
[controller_server-1] [ERROR] [1783983939.387519347] [transformPoseInTargetFrame]: Extrapolation Error looking up target frame: Lookup would require extrapolation into the future.  Requested time 481.266000 but the latest data is at time 481.220000, when looking up transform from frame [leo1/map] to frame [leo1/base_link]
[controller_server-1] 
[controller_server-1] [WARN] [1783983939.388080809] [leo1.controller_server]: Control loop missed its desired rate of 20.0000Hz
[controller_server-1] [INFO] [1783983940.206180909] [leo1.controller_server]: Passing new path to controller.
[controller_server-7] [INFO] [1783983940.274964876] [leo2.controller_server]: Passing new path to controller.
[controller_server-1] [ERROR] [1783983940.449279090] [transformPoseInTargetFrame]: Extrapolation Error looking up target frame: Lookup would require extrapolation into the future.  Requested time 482.265000 but the latest data is at time 482.220000, when looking up transform from frame [leo1/map] to frame [leo1/base_link]
[controller_server-1] 
[controller_server-1] [WARN] [1783983940.449846830] [leo1.controller_server]: Control loop missed its desired rate of 20.0000Hz
[controller_server-1] [INFO] [1783983941.214687137] [leo1.controller_server]: Passing new path to controller.
[controller_server-7] [INFO] [1783983941.274973259] [leo2.controller_server]: Passing new path to controller.
[controller_server-1] [WARN] [1783983941.326794285] [leo1.controller_server]: Control loop missed its desired rate of 20.0000Hz
[controller_server-7] [WARN] [1783983941.357840979] [leo2.controller_server]: Control loop missed its desired rate of 20.0000Hz
[controller_server-1] [INFO] [1783983942.249940865] [leo1.controller_server]: Passing new path to controller.
[controller_server-7] [INFO] [1783983942.324957874] [leo2.controller_server]: Passing new path to controller.
[controller_server-1] [ERROR] [1783983942.361861788] [transformPoseInTargetFrame]: Extrapolation Error looking up target frame: Lookup would require extrapolation into the future.  Requested time 484.062000 but the latest data is at time 484.020000, when looking up transform from frame [leo1/map] to frame [leo1/base_link]
[controller_server-1] 
[controller_server-1] [WARN] [1783983942.362776682] [leo1.controller_server]: Control loop missed its desired rate of 20.0000Hz
[controller_server-7] [WARN] [1783983942.418145719] [leo2.controller_server]: Control loop missed its desired rate of 20.0000Hz
[controller_server-1] [INFO] [1783983943.280200933] [leo1.controller_server]: Passing new path to controller.
[controller_server-7] [INFO] [1783983943.374926467] [leo2.controller_server]: Passing new path to controller.
[controller_server-1] [ERROR] [1783983943.392116354] [transformPoseInTargetFrame]: Extrapolation Error looking up target frame: Lookup would require extrapolation into the future.  Requested time 485.027000 but the latest data is at time 485.020000, when looking up transform from frame [leo1/map] to frame [leo1/base_link]
[controller_server-1] 
[controller_server-1] [WARN] [1783983943.393102954] [leo1.controller_server]: Control loop missed its desired rate of 20.0000Hz
[controller_server-7] [WARN] [1783983943.487835823] [leo2.controller_server]: Control loop missed its desired rate of 20.0000Hz
[controller_server-1] [INFO] [1783983944.312856929] [leo1.controller_server]: Passing new path to controller.
[controller_server-7] [INFO] [1783983944.363835714] [leo2.controller_server]: Passing new path to controller.
[controller_server-1] [WARN] [1783983944.385039249] [leo1.controller_server]: Control loop missed its desired rate of 20.0000Hz
[controller_server-1] [INFO] [1783983945.362955966] [leo1.controller_server]: Passing new path to controller.
[controller_server-7] [INFO] [1783983945.387972858] [leo2.controller_server]: Passing new path to controller.
[controller_server-1] [ERROR] [1783983945.485042815] [transformPoseInTargetFrame]: Extrapolation Error looking up target frame: Lookup would require extrapolation into the future.  Requested time 486.864000 but the latest data is at time 486.820000, when looking up transform from frame [leo1/map] to frame [leo1/base_link]
[controller_server-1] 
[controller_server-1] [WARN] [1783983945.485574325] [leo1.controller_server]: Control loop missed its desired rate of 20.0000Hz
[controller_server-7] [ERROR] [1783983945.499859758] [transformPoseInTargetFrame]: Extrapolation Error looking up target frame: Lookup would require extrapolation into the future.  Requested time 486.885000 but the latest data is at time 486.841000, when looking up transform from frame [leo2/map] to frame [leo2/base_link]
[controller_server-7] 
[controller_server-7] [WARN] [1783983945.501526722] [leo2.controller_server]: Control loop missed its desired rate of 20.0000Hz
[controller_server-1] [INFO] [1783983946.401697288] [leo1.controller_server]: Passing new path to controller.
[controller_server-7] [INFO] [1783983946.426638477] [leo2.controller_server]: Passing new path to controller.
[controller_server-1] [INFO] [1783983947.385664140] [leo1.controller_server]: Passing new path to controller.
[controller_server-7] [INFO] [1783983947.451616166] [leo2.controller_server]: Passing new path to controller.
[controller_server-1] [WARN] [1783983947.497626445] [leo1.controller_server]: Control loop missed its desired rate of 20.0000Hz
[controller_server-7] [WARN] [1783983947.534008063] [leo2.controller_server]: Control loop missed its desired rate of 20.0000Hz
[controller_server-1] [INFO] [1783983948.459020513] [leo1.controller_server]: Passing new path to controller.
[controller_server-7] [INFO] [1783983948.501623703] [leo2.controller_server]: Passing new path to controller.
[controller_server-1] [ERROR] [1783983948.581052359] [transformPoseInTargetFrame]: Extrapolation Error looking up target frame: Lookup would require extrapolation into the future.  Requested time 489.701000 but the latest data is at time 489.700000, when looking up transform from frame [leo1/map] to frame [leo1/base_link]
[controller_server-1] 
[controller_server-1] [WARN] [1783983948.581794263] [leo1.controller_server]: Control loop missed its desired rate of 20.0000Hz
[controller_server-7] [WARN] [1783983948.604544713] [leo2.controller_server]: Control loop missed its desired rate of 20.0000Hz
[controller_server-1] [INFO] [1783983949.447719139] [leo1.controller_server]: Passing new path to controller.
[controller_server-7] [INFO] [1783983949.529855888] [leo2.controller_server]: Passing new path to controller.
[controller_server-7] [ERROR] [1783983949.631434381] [transformPoseInTargetFrame]: Extrapolation Error looking up target frame: Lookup would require extrapolation into the future.  Requested time 490.697000 but the latest data is at time 490.641000, when looking up transform from frame [leo2/map] to frame [leo2/base_link]
[controller_server-7] 
[controller_server-7] [WARN] [1783983949.632797858] [leo2.controller_server]: Control loop missed its desired rate of 20.0000Hz
[controller_server-1] [INFO] [1783983950.497682246] [leo1.controller_server]: Passing new path to controller.
[controller_server-7] [INFO] [1783983950.554635914] [leo2.controller_server]: Passing new path to controller.
[controller_server-7] [ERROR] [1783983950.666340036] [transformPoseInTargetFrame]: Extrapolation Error looking up target frame: Lookup would require extrapolation into the future.  Requested time 491.665000 but the latest data is at time 491.641000, when looking up transform from frame [leo2/map] to frame [leo2/base_link]
[controller_server-7] 
[controller_server-7] [WARN] [1783983950.669277822] [leo2.controller_server]: Control loop missed its desired rate of 20.0000Hz
[controller_server-1] [INFO] [1783983951.547740789] [leo1.controller_server]: Passing new path to controller.
[controller_server-7] [INFO] [1783983951.593167073] [leo2.controller_server]: Passing new path to controller.
[controller_server-1] [INFO] [1783983952.547717749] [leo1.controller_server]: Passing new path to controller.
[controller_server-7] [INFO] [1783983952.619411829] [leo2.controller_server]: Passing new path to controller.
[controller_server-1] [ERROR] [1783983952.669978980] [transformPoseInTargetFrame]: Extrapolation Error looking up target frame: Lookup would require extrapolation into the future.  Requested time 493.453000 but the latest data is at time 493.420000, when looking up transform from frame [leo1/map] to frame [leo1/base_link]
[controller_server-1] 
[controller_server-1] [WARN] [1783983952.670593817] [leo1.controller_server]: Control loop missed its desired rate of 20.0000Hz
[controller_server-7] [WARN] [1783983952.742822243] [leo2.controller_server]: Control loop missed its desired rate of 20.0000Hz
[controller_server-1] [INFO] [1783983953.581594269] [leo1.controller_server]: Passing new path to controller.
[controller_server-7] [INFO] [1783983953.665322918] [leo2.controller_server]: Passing new path to controller.
[controller_server-1] [INFO] [1783983954.620691172] [leo1.controller_server]: Passing new path to controller.
[controller_server-7] [INFO] [1783983954.692892224] [leo2.controller_server]: Passing new path to controller.
[controller_server-1] [WARN] [1783983954.712888851] [leo1.controller_server]: Control loop missed its desired rate of 20.0000Hz
[bt_navigator-4] [INFO] [1783983955.472277750] [leo1.bt_navigator]: Received goal preemption request
[bt_navigator-4] [INFO] [1783983955.472997568] [leo1.bt_navigator]: Begin navigating from current location (-4.91, 2.58) to (-8.63, 6.84)
[controller_server-1] [INFO] [1783983955.670687932] [leo1.controller_server]: Passing new path to controller.
[controller_server-7] [INFO] [1783983955.692898142] [leo2.controller_server]: Passing new path to controller.
[controller_server-1] [WARN] [1783983955.772461173] [leo1.controller_server]: Control loop missed its desired rate of 20.0000Hz
[controller_server-7] [WARN] [1783983955.785809448] [leo2.controller_server]: Control loop missed its desired rate of 20.0000Hz
[controller_server-1] [ERROR] [1783983955.944051837] [transformPoseInTargetFrame]: Extrapolation Error looking up target frame: Lookup would require extrapolation into the future.  Requested time 496.455000 but the latest data is at time 496.420000, when looking up transform from frame [leo1/map] to frame [leo1/base_link]
[controller_server-1] 
[controller_server-1] [WARN] [1783983955.944728761] [leo1.controller_server]: Control loop missed its desired rate of 20.0000Hz
[controller_server-1] [INFO] [1783983956.672666030] [leo1.controller_server]: Passing new path to controller.
[controller_server-7] [INFO] [1783983956.742908928] [leo2.controller_server]: Passing new path to controller.
[controller_server-1] [ERROR] [1783983956.784426275] [transformPoseInTargetFrame]: Extrapolation Error looking up target frame: Lookup would require extrapolation into the future.  Requested time 497.245000 but the latest data is at time 497.220000, when looking up transform from frame [leo1/map] to frame [leo1/base_link]
[controller_server-1] 
[controller_server-1] [WARN] [1783983956.785130646] [leo1.controller_server]: Control loop missed its desired rate of 20.0000Hz
[controller_server-7] [ERROR] [1783983956.854937072] [transformPoseInTargetFrame]: Extrapolation Error looking up target frame: Lookup would require extrapolation into the future.  Requested time 497.311000 but the latest data is at time 497.301000, when looking up transform from frame [leo2/map] to frame [leo2/base_link]
[controller_server-7] 
[controller_server-7] [WARN] [1783983956.856015449] [leo2.controller_server]: Control loop missed its desired rate of 20.0000Hz
[controller_server-1] [INFO] [1783983957.707489405] [leo1.controller_server]: Passing new path to controller.
[controller_server-7] [INFO] [1783983957.778776846] [leo2.controller_server]: Passing new path to controller.
[controller_server-1] [ERROR] [1783983957.889544756] [transformPoseInTargetFrame]: Extrapolation Error looking up target frame: Lookup would require extrapolation into the future.  Requested time 498.273000 but the latest data is at time 498.220000, when looking up transform from frame [leo1/map] to frame [leo1/base_link]
[controller_server-1] 
[controller_server-1] [WARN] [1783983957.890715755] [leo1.controller_server]: Control loop missed its desired rate of 20.0000Hz
[controller_server-7] [ERROR] [1783983957.900667257] [transformPoseInTargetFrame]: Extrapolation Error looking up target frame: Lookup would require extrapolation into the future.  Requested time 498.283000 but the latest data is at time 498.241000, when looking up transform from frame [leo2/map] to frame [leo2/base_link]
[controller_server-7] 
[controller_server-7] [WARN] [1783983957.901765255] [leo2.controller_server]: Control loop missed its desired rate of 20.0000Hz
[controller_server-1] [INFO] [1783983958.761116427] [leo1.controller_server]: Passing new path to controller.
[controller_server-7] [INFO] [1783983958.806109265] [leo2.controller_server]: Passing new path to controller.
[controller_server-1] [ERROR] [1783983958.943282072] [transformPoseInTargetFrame]: Extrapolation Error looking up target frame: Lookup would require extrapolation into the future.  Requested time 499.259000 but the latest data is at time 499.220000, when looking up transform from frame [leo1/map] to frame [leo1/base_link]
[controller_server-1] 
[controller_server-1] [WARN] [1783983958.944715857] [leo1.controller_server]: Control loop missed its desired rate of 20.0000Hz
[controller_server-1] [INFO] [1783983959.761552777] [leo1.controller_server]: Passing new path to controller.
[controller_server-7] [INFO] [1783983959.856116204] [leo2.controller_server]: Passing new path to controller.
[controller_server-1] [ERROR] [1783983959.883762928] [transformPoseInTargetFrame]: Extrapolation Error looking up target frame: Lookup would require extrapolation into the future.  Requested time 500.073000 but the latest data is at time 500.020000, when looking up transform from frame [leo1/map] to frame [leo1/base_link]
[controller_server-1] 
[controller_server-1] [WARN] [1783983959.884683323] [leo1.controller_server]: Control loop missed its desired rate of 20.0000Hz
[controller_server-7] [WARN] [1783983959.938681446] [leo2.controller_server]: Control loop missed its desired rate of 20.0000Hz
[controller_server-1] [INFO] [1783983960.794868147] [leo1.controller_server]: Passing new path to controller.
[controller_server-7] [INFO] [1783983960.856108949] [leo2.controller_server]: Passing new path to controller.
[controller_server-1] [ERROR] [1783983960.966764959] [transformPoseInTargetFrame]: Extrapolation Error looking up target frame: Lookup would require extrapolation into the future.  Requested time 501.023000 but the latest data is at time 501.020000, when looking up transform from frame [leo1/map] to frame [leo1/base_link]
[controller_server-1] 
[controller_server-1] [WARN] [1783983960.967570539] [leo1.controller_server]: Control loop missed its desired rate of 20.0000Hz
[planner_server-2] [INFO] [1783983961.486299127] [leo1.global_costmap.global_costmap]: StaticLayer: Resizing costmap to 478 X 319 at 0.050000 m/pix
[planner_server-8] [INFO] [1783983961.486708757] [leo2.global_costmap.global_costmap]: StaticLayer: Resizing costmap to 479 X 319 at 0.050000 m/pix
[controller_server-1] [INFO] [1783983961.835480766] [leo1.controller_server]: Passing new path to controller.
[controller_server-7] [INFO] [1783983961.906098890] [leo2.controller_server]: Passing new path to controller.
[controller_server-1] [WARN] [1783983961.949309650] [leo1.controller_server]: Control loop missed its desired rate of 20.0000Hz
[controller_server-7] [WARN] [1783983961.988661028] [leo2.controller_server]: Control loop missed its desired rate of 20.0000Hz
[controller_server-1] [ERROR] [1783983962.128853724] [transformPoseInTargetFrame]: Extrapolation Error looking up target frame: Lookup would require extrapolation into the future.  Requested time 502.055000 but the latest data is at time 502.020000, when looking up transform from frame [leo1/map] to frame [leo1/base_link]
[controller_server-1] 
[controller_server-1] [WARN] [1783983962.129853718] [leo1.controller_server]: Control loop missed its desired rate of 20.0000Hz
[controller_server-1] [INFO] [1783983962.844414903] [leo1.controller_server]: Passing new path to controller.
[controller_server-7] [INFO] [1783983962.906064192] [leo2.controller_server]: Passing new path to controller.
[controller_server-1] [ERROR] [1783983962.955870104] [transformPoseInTargetFrame]: Extrapolation Error looking up target frame: Lookup would require extrapolation into the future.  Requested time 502.837000 but the latest data is at time 502.820000, when looking up transform from frame [leo1/map] to frame [leo1/base_link]
[controller_server-1] 
[controller_server-1] [WARN] [1783983962.956919440] [leo1.controller_server]: Control loop missed its desired rate of 20.0000Hz
[controller_server-7] [ERROR] [1783983963.018180480] [transformPoseInTargetFrame]: Extrapolation Error looking up target frame: Lookup would require extrapolation into the future.  Requested time 502.896000 but the latest data is at time 502.841000, when looking up transform from frame [leo2/map] to frame [leo2/base_link]
[controller_server-7] 
[controller_server-7] [WARN] [1783983963.019151109] [leo2.controller_server]: Control loop missed its desired rate of 20.0000Hz
[controller_server-1] [INFO] [1783983963.879938126] [leo1.controller_server]: Passing new path to controller.
[controller_server-7] [INFO] [1783983963.939025427] [leo2.controller_server]: Passing new path to controller.
[controller_server-1] [ERROR] [1783983963.991527724] [transformPoseInTargetFrame]: Extrapolation Error looking up target frame: Lookup would require extrapolation into the future.  Requested time 503.825000 but the latest data is at time 503.820000, when looking up transform from frame [leo1/map] to frame [leo1/base_link]
[controller_server-1] 
[controller_server-1] [WARN] [1783983963.992747060] [leo1.controller_server]: Control loop missed its desired rate of 20.0000Hz
[controller_server-7] [ERROR] [1783983964.051007450] [transformPoseInTargetFrame]: Extrapolation Error looking up target frame: Lookup would require extrapolation into the future.  Requested time 503.882000 but the latest data is at time 503.841000, when looking up transform from frame [leo2/map] to frame [leo2/base_link]
[controller_server-7] 
[controller_server-7] [WARN] [1783983964.051805355] [leo2.controller_server]: Control loop missed its desired rate of 20.0000Hz
[controller_server-1] [INFO] [1783983964.913242623] [leo1.controller_server]: Passing new path to controller.
[controller_server-7] [INFO] [1783983964.969202765] [leo2.controller_server]: Passing new path to controller.
[controller_server-7] [ERROR] [1783983965.080824126] [transformPoseInTargetFrame]: Extrapolation Error looking up target frame: Lookup would require extrapolation into the future.  Requested time 504.844000 but the latest data is at time 504.841000, when looking up transform from frame [leo2/map] to frame [leo2/base_link]
[controller_server-7] 
[controller_server-7] [WARN] [1783983965.081599017] [leo2.controller_server]: Control loop missed its desired rate of 20.0000Hz
[controller_server-1] [INFO] [1783983965.942837852] [leo1.controller_server]: Passing new path to controller.
[controller_server-7] [INFO] [1783983966.002797985] [leo2.controller_server]: Passing new path to controller.
[controller_server-1] [WARN] [1783983966.004680101] [leo1.controller_server]: Control loop missed its desired rate of 20.0000Hz
[controller_server-7] [INFO] [1783983967.930123880] [leo2.controller_server]: Passing new path to controller.
[controller_server-1] [INFO] [1783983967.947117104] [leo1.controller_server]: Passing new path to controller.
[controller_server-1] [WARN] [1783983968.029879264] [leo1.controller_server]: Control loop missed its desired rate of 20.0000Hz
[controller_server-7] [WARN] [1783983968.042862633] [leo2.controller_server]: Control loop missed its desired rate of 20.0000Hz
[controller_server-1] [INFO] [1783983968.947145963] [leo1.controller_server]: Passing new path to controller.
[controller_server-7] [INFO] [1783983968.966104174] [leo2.controller_server]: Passing new path to controller.
[controller_server-1] [WARN] [1783983969.032663562] [leo1.controller_server]: Control loop missed its desired rate of 20.0000Hz
[controller_server-7] [INFO] [1783983969.992990890] [leo2.controller_server]: Passing new path to controller.
[controller_server-1] [INFO] [1783983969.997198674] [leo1.controller_server]: Passing new path to controller.
[controller_server-1] [ERROR] [1783983970.119450296] [transformPoseInTargetFrame]: Extrapolation Error looking up target frame: Lookup would require extrapolation into the future.  Requested time 507.624000 but the latest data is at time 507.620000, when looking up transform from frame [leo1/map] to frame [leo1/base_link]
[controller_server-1] 
[controller_server-1] [WARN] [1783983970.120476969] [leo1.controller_server]: Control loop missed its desired rate of 20.0000Hz
[controller_server-1] [INFO] [1783983971.040702213] [leo1.controller_server]: Passing new path to controller.
[controller_server-7] [INFO] [1783983971.042998803] [leo2.controller_server]: Passing new path to controller.
[controller_server-1] [WARN] [1783983971.143690518] [leo1.controller_server]: Control loop missed its desired rate of 20.0000Hz
[controller_server-7] [WARN] [1783983971.166681937] [leo2.controller_server]: Control loop missed its desired rate of 20.0000Hz
[controller_server-1] [INFO] [1783983972.070543340] [leo1.controller_server]: Passing new path to controller.
[controller_server-7] [INFO] [1783983972.088481627] [leo2.controller_server]: Passing new path to controller.
[controller_server-1] [INFO] [1783983973.070555208] [leo1.controller_server]: Passing new path to controller.
[controller_server-7] [INFO] [1783983973.116768274] [leo2.controller_server]: Passing new path to controller.
[controller_server-1] [WARN] [1783983973.152756779] [leo1.controller_server]: Control loop missed its desired rate of 20.0000Hz
[controller_server-7] [WARN] [1783983973.178690062] [leo2.controller_server]: Control loop missed its desired rate of 20.0000Hz
[planner_server-8] [INFO] [1783983973.290925372] [leo2.global_costmap.global_costmap]: StaticLayer: Resizing costmap to 479 X 320 at 0.050000 m/pix
[controller_server-7] [INFO] [1783983974.116788109] [leo2.controller_server]: Passing new path to controller.
[controller_server-1] [INFO] [1783983974.120570530] [leo1.controller_server]: Passing new path to controller.
[controller_server-1] [WARN] [1783983974.222636009] [leo1.controller_server]: Control loop missed its desired rate of 20.0000Hz
[controller_server-7] [ERROR] [1783983974.228844160] [transformPoseInTargetFrame]: Extrapolation Error looking up target frame: Lookup would require extrapolation into the future.  Requested time 511.301000 but the latest data is at time 511.241000, when looking up transform from frame [leo2/map] to frame [leo2/base_link]
[controller_server-7] 
[controller_server-7] [WARN] [1783983974.229594265] [leo2.controller_server]: Control loop missed its desired rate of 20.0000Hz
[bt_navigator-4] [INFO] [1783983974.986657552] [leo1.bt_navigator]: Received goal preemption request
[bt_navigator-4] [INFO] [1783983974.987614094] [leo1.bt_navigator]: Begin navigating from current location (-6.40, 4.43) to (-9.43, 6.79)
[controller_server-1] [INFO] [1783983975.138633294] [leo1.controller_server]: Passing new path to controller.
[controller_server-7] [INFO] [1783983975.149150500] [leo2.controller_server]: Passing new path to controller.
[controller_server-1] [ERROR] [1783983975.250080920] [transformPoseInTargetFrame]: Extrapolation Error looking up target frame: Lookup would require extrapolation into the future.  Requested time 512.250000 but the latest data is at time 512.220000, when looking up transform from frame [leo1/map] to frame [leo1/base_link]
[controller_server-1] 
[controller_server-1] [WARN] [1783983975.251049647] [leo1.controller_server]: Control loop missed its desired rate of 20.0000Hz
[controller_server-7] [ERROR] [1783983975.260658535] [transformPoseInTargetFrame]: Extrapolation Error looking up target frame: Lookup would require extrapolation into the future.  Requested time 512.260000 but the latest data is at time 512.241000, when looking up transform from frame [leo2/map] to frame [leo2/base_link]
[controller_server-7] 
[controller_server-7] [WARN] [1783983975.261959356] [leo2.controller_server]: Control loop missed its desired rate of 20.0000Hz
[controller_server-1] [INFO] [1783983976.172690566] [leo1.controller_server]: Passing new path to controller.
[controller_server-7] [INFO] [1783983976.179696861] [leo2.controller_server]: Passing new path to controller.
[controller_server-7] [INFO] [1783983977.179673618] [leo2.controller_server]: Passing new path to controller.
[controller_server-1] [INFO] [1783983977.222758483] [leo1.controller_server]: Passing new path to controller.
[controller_server-7] [WARN] [1783983977.273701173] [leo2.controller_server]: Control loop missed its desired rate of 20.0000Hz
[controller_server-1] [INFO] [1783983978.222772381] [leo1.controller_server]: Passing new path to controller.
[controller_server-7] [INFO] [1783983978.229683200] [leo2.controller_server]: Passing new path to controller.
[controller_server-1] [WARN] [1783983978.345940498] [leo1.controller_server]: Control loop missed its desired rate of 20.0000Hz
[controller_server-7] [ERROR] [1783983978.351815707] [transformPoseInTargetFrame]: Extrapolation Error looking up target frame: Lookup would require extrapolation into the future.  Requested time 515.102000 but the latest data is at time 515.041000, when looking up transform from frame [leo2/map] to frame [leo2/base_link]
[controller_server-7] 
[controller_server-7] [WARN] [1783983978.352928926] [leo2.controller_server]: Control loop missed its desired rate of 20.0000Hz
[controller_server-1] [INFO] [1783983979.260379782] [leo1.controller_server]: Passing new path to controller.
[controller_server-7] [INFO] [1783983979.268888046] [leo2.controller_server]: Passing new path to controller.
[controller_server-1] [INFO] [1783983980.296023512] [leo1.controller_server]: Passing new path to controller.
[controller_server-7] [INFO] [1783983980.302992170] [leo2.controller_server]: Passing new path to controller.
[controller_server-1] [WARN] [1783983980.408344785] [leo1.controller_server]: Control loop missed its desired rate of 20.0000Hz
[controller_server-7] [ERROR] [1783983980.414578471] [transformPoseInTargetFrame]: Extrapolation Error looking up target frame: Lookup would require extrapolation into the future.  Requested time 516.906000 but the latest data is at time 516.841000, when looking up transform from frame [leo2/map] to frame [leo2/base_link]
[controller_server-7] 
[controller_server-7] [WARN] [1783983980.415329059] [leo2.controller_server]: Control loop missed its desired rate of 20.0000Hz
[controller_server-1] [INFO] [1783983981.323982910] [leo1.controller_server]: Passing new path to controller.
[controller_server-7] [INFO] [1783983981.333420084] [leo2.controller_server]: Passing new path to controller.
[controller_server-1] [ERROR] [1783983981.435617545] [transformPoseInTargetFrame]: Extrapolation Error looking up target frame: Lookup would require extrapolation into the future.  Requested time 517.858000 but the latest data is at time 517.820000, when looking up transform from frame [leo1/map] to frame [leo1/base_link]
[controller_server-1] 
[controller_server-1] [WARN] [1783983981.436057950] [leo1.controller_server]: Control loop missed its desired rate of 20.0000Hz
[controller_server-7] [ERROR] [1783983981.445496394] [transformPoseInTargetFrame]: Extrapolation Error looking up target frame: Lookup would require extrapolation into the future.  Requested time 517.867000 but the latest data is at time 517.841000, when looking up transform from frame [leo2/map] to frame [leo2/base_link]
[controller_server-7] 
[controller_server-7] [WARN] [1783983981.445985844] [leo2.controller_server]: Control loop missed its desired rate of 20.0000Hz
[controller_server-1] [INFO] [1783983982.358441683] [leo1.controller_server]: Passing new path to controller.
[controller_server-7] [INFO] [1783983982.365416928] [leo2.controller_server]: Passing new path to controller.
[controller_server-1] [ERROR] [1783983982.470334803] [transformPoseInTargetFrame]: Extrapolation Error looking up target frame: Lookup would require extrapolation into the future.  Requested time 518.826000 but the latest data is at time 518.820000, when looking up transform from frame [leo1/map] to frame [leo1/base_link]
[controller_server-1] 
[controller_server-1] [WARN] [1783983982.471121435] [leo1.controller_server]: Control loop missed its desired rate of 20.0000Hz
[controller_server-7] [INFO] [1783983983.365392859] [leo2.controller_server]: Passing new path to controller.
[controller_server-1] [INFO] [1783983983.380293232] [leo1.controller_server]: Passing new path to controller.
[controller_server-7] [WARN] [1783983983.417439493] [leo2.controller_server]: Control loop missed its desired rate of 20.0000Hz
[controller_server-1] [INFO] [1783983984.413411174] [leo1.controller_server]: Passing new path to controller.
[controller_server-7] [INFO] [1783983984.415373987] [leo2.controller_server]: Passing new path to controller.
[controller_server-7] [WARN] [1783983984.476992111] [leo2.controller_server]: Control loop missed its desired rate of 20.0000Hz
[controller_server-7] [INFO] [1783983985.415439784] [leo2.controller_server]: Passing new path to controller.
[controller_server-1] [INFO] [1783983985.421236959] [leo1.controller_server]: Passing new path to controller.
[controller_server-7] [ERROR] [1783983985.527299656] [transformPoseInTargetFrame]: Extrapolation Error looking up target frame: Lookup would require extrapolation into the future.  Requested time 521.670000 but the latest data is at time 521.641000, when looking up transform from frame [leo2/map] to frame [leo2/base_link]
[controller_server-7] 
[controller_server-7] [WARN] [1783983985.527717778] [leo2.controller_server]: Control loop missed its desired rate of 20.0000Hz
[controller_server-1] [ERROR] [1783983985.533190216] [transformPoseInTargetFrame]: Extrapolation Error looking up target frame: Lookup would require extrapolation into the future.  Requested time 521.674000 but the latest data is at time 521.620000, when looking up transform from frame [leo1/map] to frame [leo1/base_link]
[controller_server-1] 
[controller_server-1] [WARN] [1783983985.533653658] [leo1.controller_server]: Control loop missed its desired rate of 20.0000Hz
[controller_server-7] [INFO] [1783983986.441927503] [leo2.controller_server]: Passing new path to controller.
[controller_server-1] [INFO] [1783983986.494557274] [leo1.controller_server]: Passing new path to controller.
[controller_server-7] [INFO] [1783983987.477834678] [leo2.controller_server]: Passing new path to controller.
[controller_server-1] [INFO] [1783983987.514342864] [leo1.controller_server]: Passing new path to controller.
[controller_server-7] [ERROR] [1783983987.599877399] [transformPoseInTargetFrame]: Extrapolation Error looking up target frame: Lookup would require extrapolation into the future.  Requested time 523.476000 but the latest data is at time 523.441000, when looking up transform from frame [leo2/map] to frame [leo2/base_link]
[controller_server-7] 
[controller_server-7] [WARN] [1783983987.600316005] [leo2.controller_server]: Control loop missed its desired rate of 20.0000Hz
[controller_server-1] [WARN] [1783983987.617162554] [leo1.controller_server]: Control loop missed its desired rate of 20.0000Hz
[controller_server-7] [INFO] [1783983988.512246558] [leo2.controller_server]: Passing new path to controller.
[controller_server-1] [INFO] [1783983988.533726095] [leo1.controller_server]: Passing new path to controller.
[controller_server-1] [ERROR] [1783983988.645355891] [transformPoseInTargetFrame]: Extrapolation Error looking up target frame: Lookup would require extrapolation into the future.  Requested time 524.423000 but the latest data is at time 524.420000, when looking up transform from frame [leo1/map] to frame [leo1/base_link]
[controller_server-1] 
[controller_server-1] [WARN] [1783983988.645706559] [leo1.controller_server]: Control loop missed its desired rate of 20.0000Hz
[controller_server-7] [INFO] [1783983989.542068338] [leo2.controller_server]: Passing new path to controller.
[controller_server-1] [INFO] [1783983989.554985531] [leo1.controller_server]: Passing new path to controller.
[controller_server-7] [WARN] [1783983989.614234961] [leo2.controller_server]: Control loop missed its desired rate of 20.0000Hz
[controller_server-7] [INFO] [1783983990.600369682] [leo2.controller_server]: Passing new path to controller.
[controller_server-1] [INFO] [1783983990.611817555] [leo1.controller_server]: Passing new path to controller.
[controller_server-7] [WARN] [1783983990.662172249] [leo2.controller_server]: Control loop missed its desired rate of 20.0000Hz
[controller_server-1] [INFO] [1783983990.863620073] [leo1.controller_server]: Reached the goal!
[bt_navigator-4] [INFO] [1783983990.897274104] [leo1.bt_navigator]: Goal succeeded
[controller_server-7] [INFO] [1783983991.600399234] [leo2.controller_server]: Passing new path to controller.
[controller_server-7] [ERROR] [1783983991.712486851] [transformPoseInTargetFrame]: Extrapolation Error looking up target frame: Lookup would require extrapolation into the future.  Requested time 527.309000 but the latest data is at time 527.261000, when looking up transform from frame [leo2/map] to frame [leo2/base_link]
[controller_server-7] 
[controller_server-7] [WARN] [1783983991.712794559] [leo2.controller_server]: Control loop missed its desired rate of 20.0000Hz
[bt_navigator-4] [INFO] [1783983992.401577077] [leo1.bt_navigator]: Begin navigating from current location (-9.23, 6.66) to (-9.98, 5.84)
[bt_navigator-10] [INFO] [1783983992.410097933] [leo2.bt_navigator]: Received goal preemption request
[bt_navigator-10] [INFO] [1783983992.410952901] [leo2.bt_navigator]: Begin navigating from current location (-10.41, -6.15) to (-7.20, -5.72)
[controller_server-1] [INFO] [1783983992.422438199] [leo1.controller_server]: Received a goal, begin computing control effort.
[controller_server-1] [ERROR] [1783983992.533547958] [transformPoseInTargetFrame]: Extrapolation Error looking up target frame: Lookup would require extrapolation into the future.  Requested time 528.088000 but the latest data is at time 528.020000, when looking up transform from frame [leo1/map] to frame [leo1/base_link]
[controller_server-1] 
[controller_server-1] [WARN] [1783983992.533831257] [leo1.controller_server]: Control loop missed its desired rate of 20.0000Hz
[controller_server-7] [INFO] [1783983992.618172017] [leo2.controller_server]: Passing new path to controller.
[controller_server-7] [ERROR] [1783983992.730251918] [transformPoseInTargetFrame]: Extrapolation Error looking up target frame: Lookup would require extrapolation into the future.  Requested time 528.268000 but the latest data is at time 528.241000, when looking up transform from frame [leo2/map] to frame [leo2/base_link]
[controller_server-7] 
[controller_server-7] [WARN] [1783983992.731371485] [leo2.controller_server]: Control loop missed its desired rate of 20.0000Hz
[controller_server-1] [INFO] [1783983993.493041665] [leo1.controller_server]: Passing new path to controller.
[controller_server-1] [ERROR] [1783983993.615324114] [transformPoseInTargetFrame]: Extrapolation Error looking up target frame: Lookup would require extrapolation into the future.  Requested time 529.041000 but the latest data is at time 529.020000, when looking up transform from frame [leo1/map] to frame [leo1/base_link]
[controller_server-1] 
[controller_server-1] [WARN] [1783983993.615732020] [leo1.controller_server]: Control loop missed its desired rate of 20.0000Hz
[controller_server-7] [INFO] [1783983993.662884899] [leo2.controller_server]: Passing new path to controller.
[controller_server-7] [WARN] [1783983993.714093940] [leo2.controller_server]: Control loop missed its desired rate of 20.0000Hz
[controller_server-7] [ERROR] [1783983993.874428825] [transformPoseInTargetFrame]: Extrapolation Error looking up target frame: Lookup would require extrapolation into the future.  Requested time 529.274000 but the latest data is at time 529.241000, when looking up transform from frame [leo2/map] to frame [leo2/base_link]
[controller_server-7] 
[controller_server-7] [WARN] [1783983993.875370255] [leo2.controller_server]: Control loop missed its desired rate of 20.0000Hz
[controller_server-1] [INFO] [1783983994.483951769] [leo1.controller_server]: Passing new path to controller.
[controller_server-1] [ERROR] [1783983994.596212805] [transformPoseInTargetFrame]: Extrapolation Error looking up target frame: Lookup would require extrapolation into the future.  Requested time 529.906000 but the latest data is at time 529.820000, when looking up transform from frame [leo1/map] to frame [leo1/base_link]
[controller_server-1] 
[controller_server-1] [WARN] [1783983994.596591587] [leo1.controller_server]: Control loop missed its desired rate of 20.0000Hz
[controller_server-7] [INFO] [1783983994.690701134] [leo2.controller_server]: Passing new path to controller.
[controller_server-7] [ERROR] [1783983994.802593841] [transformPoseInTargetFrame]: Extrapolation Error looking up target frame: Lookup would require extrapolation into the future.  Requested time 530.081000 but the latest data is at time 530.041000, when looking up transform from frame [leo2/map] to frame [leo2/base_link]
[controller_server-7] 
[controller_server-7] [WARN] [1783983994.803433594] [leo2.controller_server]: Control loop missed its desired rate of 20.0000Hz
[controller_server-1] [INFO] [1783983995.557552471] [leo1.controller_server]: Passing new path to controller.
[controller_server-1] [ERROR] [1783983995.679726550] [transformPoseInTargetFrame]: Extrapolation Error looking up target frame: Lookup would require extrapolation into the future.  Requested time 530.848000 but the latest data is at time 530.820000, when looking up transform from frame [leo1/map] to frame [leo1/base_link]
[controller_server-1] 
[controller_server-1] [WARN] [1783983995.680037090] [leo1.controller_server]: Control loop missed its desired rate of 20.0000Hz
[controller_server-7] [INFO] [1783983995.725470112] [leo2.controller_server]: Passing new path to controller.
[controller_server-7] [ERROR] [1783983995.936703032] [transformPoseInTargetFrame]: Extrapolation Error looking up target frame: Lookup would require extrapolation into the future.  Requested time 531.079000 but the latest data is at time 531.041000, when looking up transform from frame [leo2/map] to frame [leo2/base_link]
[controller_server-7] 
[controller_server-7] [WARN] [1783983995.937665092] [leo2.controller_server]: Control loop missed its desired rate of 20.0000Hz
[controller_server-1] [INFO] [1783983996.546644762] [leo1.controller_server]: Passing new path to controller.
[controller_server-1] [WARN] [1783983996.618052998] [leo1.controller_server]: Control loop missed its desired rate of 20.0000Hz
[controller_server-7] [INFO] [1783983996.750014567] [leo2.controller_server]: Passing new path to controller.
[controller_server-7] [ERROR] [1783983996.998995798] [transformPoseInTargetFrame]: Extrapolation Error looking up target frame: Lookup would require extrapolation into the future.  Requested time 532.063000 but the latest data is at time 532.041000, when looking up transform from frame [leo2/map] to frame [leo2/base_link]
[controller_server-7] 
[controller_server-7] [WARN] [1783983996.999757366] [leo2.controller_server]: Control loop missed its desired rate of 20.0000Hz
[controller_server-1] [INFO] [1783983997.596658217] [leo1.controller_server]: Passing new path to controller.
[controller_server-1] [WARN] [1783983997.688249531] [leo1.controller_server]: Control loop missed its desired rate of 20.0000Hz
[controller_server-7] [INFO] [1783983997.762049638] [leo2.controller_server]: Passing new path to controller.
[controller_server-7] [ERROR] [1783983997.874070706] [transformPoseInTargetFrame]: Extrapolation Error looking up target frame: Lookup would require extrapolation into the future.  Requested time 532.866000 but the latest data is at time 532.841000, when looking up transform from frame [leo2/map] to frame [leo2/base_link]
[controller_server-7] 
[controller_server-7] [WARN] [1783983997.874636370] [leo2.controller_server]: Control loop missed its desired rate of 20.0000Hz
[controller_server-1] [INFO] [1783983999.440687155] [leo1.controller_server]: Passing new path to controller.
[controller_server-7] [INFO] [1783983999.443903144] [leo2.controller_server]: Passing new path to controller.
[controller_server-1] [ERROR] [1783983999.552395652] [transformPoseInTargetFrame]: Extrapolation Error looking up target frame: Lookup would require extrapolation into the future.  Requested time 533.037000 but the latest data is at time 533.020000, when looking up transform from frame [leo1/map] to frame [leo1/base_link]
[controller_server-1] 
[controller_server-1] [WARN] [1783983999.554966234] [leo1.controller_server]: Control loop missed its desired rate of 20.0000Hz
[controller_server-1] [INFO] [1783984000.461610223] [leo1.controller_server]: Passing new path to controller.
[controller_server-7] [INFO] [1783984000.493903797] [leo2.controller_server]: Passing new path to controller.
[controller_server-7] [INFO] [1783984001.493940230] [leo2.controller_server]: Passing new path to controller.
[controller_server-1] [INFO] [1783984001.519162818] [leo1.controller_server]: Passing new path to controller.
[controller_server-7] [ERROR] [1783984001.605807227] [transformPoseInTargetFrame]: Extrapolation Error looking up target frame: Lookup would require extrapolation into the future.  Requested time 534.897000 but the latest data is at time 534.841000, when looking up transform from frame [leo2/map] to frame [leo2/base_link]
[controller_server-7] 
[controller_server-7] [WARN] [1783984001.606332480] [leo2.controller_server]: Control loop missed its desired rate of 20.0000Hz
[controller_server-1] [INFO] [1783984001.872400781] [leo1.controller_server]: Reached the goal!
[bt_navigator-4] [INFO] [1783984001.906313170] [leo1.bt_navigator]: Goal succeeded
[controller_server-7] [INFO] [1783984002.520413500] [leo2.controller_server]: Passing new path to controller.
[bt_navigator-4] [INFO] [1783984002.902023082] [leo1.bt_navigator]: Begin navigating from current location (-9.79, 5.98) to (-10.48, 6.54)
[controller_server-1] [INFO] [1783984002.923138002] [leo1.controller_server]: Received a goal, begin computing control effort.
[controller_server-1] [WARN] [1783984002.984001406] [leo1.controller_server]: Control loop missed its desired rate of 20.0000Hz
[controller_server-1] [ERROR] [1783984003.144804421] [transformPoseInTargetFrame]: Extrapolation Error looking up target frame: Lookup would require extrapolation into the future.  Requested time 536.238000 but the latest data is at time 536.220000, when looking up transform from frame [leo1/map] to frame [leo1/base_link]
[controller_server-1] 
[controller_server-1] [WARN] [1783984003.145175655] [leo1.controller_server]: Control loop missed its desired rate of 20.0000Hz
[controller_server-7] [INFO] [1783984003.556431211] [leo2.controller_server]: Passing new path to controller.
[controller_server-7] [ERROR] [1783984003.678683996] [transformPoseInTargetFrame]: Extrapolation Error looking up target frame: Lookup would require extrapolation into the future.  Requested time 536.698000 but the latest data is at time 536.641000, when looking up transform from frame [leo2/map] to frame [leo2/base_link]
[controller_server-7] 
[controller_server-7] [WARN] [1783984003.679619060] [leo2.controller_server]: Control loop missed its desired rate of 20.0000Hz
[controller_server-1] [INFO] [1783984004.002261001] [leo1.controller_server]: Passing new path to controller.
[controller_server-1] [ERROR] [1783984004.114213739] [transformPoseInTargetFrame]: Extrapolation Error looking up target frame: Lookup would require extrapolation into the future.  Requested time 537.091000 but the latest data is at time 537.020000, when looking up transform from frame [leo1/map] to frame [leo1/base_link]
[controller_server-1] 
[controller_server-1] [WARN] [1783984004.114669103] [leo1.controller_server]: Control loop missed its desired rate of 20.0000Hz
[controller_server-7] [INFO] [1783984004.595354954] [leo2.controller_server]: Passing new path to controller.
[controller_server-1] [INFO] [1783984004.995261749] [leo1.controller_server]: Passing new path to controller.
[controller_server-1] [WARN] [1783984005.047005829] [leo1.controller_server]: Control loop missed its desired rate of 20.0000Hz
[controller_server-1] [ERROR] [1783984005.216691625] [transformPoseInTargetFrame]: Extrapolation Error looking up target frame: Lookup would require extrapolation into the future.  Requested time 538.045000 but the latest data is at time 538.020000, when looking up transform from frame [leo1/map] to frame [leo1/base_link]
[controller_server-1] 
[controller_server-1] [WARN] [1783984005.217267012] [leo1.controller_server]: Control loop missed its desired rate of 20.0000Hz
[controller_server-7] [INFO] [1783984005.629763434] [leo2.controller_server]: Passing new path to controller.
[controller_server-7] [WARN] [1783984005.721730420] [leo2.controller_server]: Control loop missed its desired rate of 20.0000Hz
[controller_server-1] [INFO] [1783984006.024419074] [leo1.controller_server]: Passing new path to controller.
[controller_server-7] [INFO] [1783984006.629715471] [leo2.controller_server]: Passing new path to controller.
[controller_server-7] [ERROR] [1783984006.741378605] [transformPoseInTargetFrame]: Extrapolation Error looking up target frame: Lookup would require extrapolation into the future.  Requested time 539.482000 but the latest data is at time 539.441000, when looking up transform from frame [leo2/map] to frame [leo2/base_link]
[controller_server-7] 
[controller_server-7] [WARN] [1783984006.742226285] [leo2.controller_server]: Control loop missed its desired rate of 20.0000Hz
[controller_server-1] [INFO] [1783984007.067334245] [leo1.controller_server]: Passing new path to controller.
[controller_server-1] [WARN] [1783984007.179325309] [leo1.controller_server]: Control loop missed its desired rate of 20.0000Hz
[controller_server-7] [INFO] [1783984007.705308228] [leo2.controller_server]: Passing new path to controller.
[controller_server-7] [ERROR] [1783984007.817181715] [transformPoseInTargetFrame]: Extrapolation Error looking up target frame: Lookup would require extrapolation into the future.  Requested time 540.499000 but the latest data is at time 540.441000, when looking up transform from frame [leo2/map] to frame [leo2/base_link]
[controller_server-7] 
[controller_server-7] [WARN] [1783984007.817798837] [leo2.controller_server]: Control loop missed its desired rate of 20.0000Hz
[controller_server-1] [INFO] [1783984008.086556493] [leo1.controller_server]: Passing new path to controller.
[controller_server-7] [INFO] [1783984008.692299111] [leo2.controller_server]: Passing new path to controller.
[controller_server-1] [INFO] [1783984009.143969198] [leo1.controller_server]: Passing new path to controller.
[controller_server-1] [INFO] [1783984009.547142616] [leo1.controller_server]: Reached the goal!
[bt_navigator-4] [INFO] [1783984009.582796838] [leo1.bt_navigator]: Goal succeeded
[controller_server-7] [INFO] [1783984009.742293256] [leo2.controller_server]: Passing new path to controller.
[controller_server-7] [INFO] [1783984010.792285215] [leo2.controller_server]: Passing new path to controller.
[bt_navigator-4] [INFO] [1783984011.522275573] [leo1.bt_navigator]: Begin navigating from current location (-10.30, 6.40) to (-9.93, 4.74)
[controller_server-1] [INFO] [1783984011.543561155] [leo1.controller_server]: Received a goal, begin computing control effort.
[bt_navigator-10] [INFO] [1783984011.564197726] [leo2.bt_navigator]: Received goal preemption request
[bt_navigator-10] [INFO] [1783984011.565015946] [leo2.bt_navigator]: Begin navigating from current location (-7.67, -6.12) to (9.10, -2.07)
[controller_server-1] [ERROR] [1783984011.644851169] [transformPoseInTargetFrame]: Extrapolation Error looking up target frame: Lookup would require extrapolation into the future.  Requested time 544.102000 but the latest data is at time 544.040000, when looking up transform from frame [leo1/map] to frame [leo1/base_link]
[controller_server-1] 
[controller_server-1] [WARN] [1783984011.645677958] [leo1.controller_server]: Control loop missed its desired rate of 20.0000Hz
[controller_server-7] [INFO] [1783984011.792315977] [leo2.controller_server]: Passing new path to controller.
[controller_server-7] [WARN] [1783984011.894797841] [leo2.controller_server]: Control loop missed its desired rate of 20.0000Hz
[controller_server-7] [ERROR] [1783984012.078715029] [transformPoseInTargetFrame]: Extrapolation Error looking up target frame: Lookup would require extrapolation into the future.  Requested time 544.493000 but the latest data is at time 544.441000, when looking up transform from frame [leo2/map] to frame [leo2/base_link]
[controller_server-7] 
[controller_server-7] [WARN] [1783984012.080093681] [leo2.controller_server]: Control loop missed its desired rate of 20.0000Hz
[controller_server-1] [INFO] [1783984012.606736224] [leo1.controller_server]: Passing new path to controller.
[controller_server-1] [ERROR] [1783984012.718720564] [transformPoseInTargetFrame]: Extrapolation Error looking up target frame: Lookup would require extrapolation into the future.  Requested time 545.050000 but the latest data is at time 545.020000, when looking up transform from frame [leo1/map] to frame [leo1/base_link]
[controller_server-1] 
[controller_server-1] [WARN] [1783984012.719509448] [leo1.controller_server]: Control loop missed its desired rate of 20.0000Hz
[controller_server-7] [INFO] [1783984012.844866514] [leo2.controller_server]: Passing new path to controller.
[controller_server-7] [ERROR] [1783984012.967507793] [transformPoseInTargetFrame]: Extrapolation Error looking up target frame: Lookup would require extrapolation into the future.  Requested time 545.255000 but the latest data is at time 545.241000, when looking up transform from frame [leo2/map] to frame [leo2/base_link]
[controller_server-7] 
[controller_server-7] [WARN] [1783984012.968897064] [leo2.controller_server]: Control loop missed its desired rate of 20.0000Hz
[controller_server-1] [INFO] [1783984013.645770561] [leo1.controller_server]: Passing new path to controller.
[controller_server-1] [ERROR] [1783984013.806896681] [transformPoseInTargetFrame]: Extrapolation Error looking up target frame: Lookup would require extrapolation into the future.  Requested time 546.023000 but the latest data is at time 546.020000, when looking up transform from frame [leo1/map] to frame [leo1/base_link]
[controller_server-1] 
[controller_server-1] [WARN] [1783984013.807287547] [leo1.controller_server]: Control loop missed its desired rate of 20.0000Hz
[controller_server-7] [INFO] [1783984013.843729027] [leo2.controller_server]: Passing new path to controller.
[controller_server-7] [WARN] [1783984013.927119673] [leo2.controller_server]: Control loop missed its desired rate of 20.0000Hz
[controller_server-1] [INFO] [1783984014.666947417] [leo1.controller_server]: Passing new path to controller.
[controller_server-7] [INFO] [1783984014.868981346] [leo2.controller_server]: Passing new path to controller.
[controller_server-1] [ERROR] [1783984014.918513635] [transformPoseInTargetFrame]: Extrapolation Error looking up target frame: Lookup would require extrapolation into the future.  Requested time 547.065000 but the latest data is at time 547.020000, when looking up transform from frame [leo1/map] to frame [leo1/base_link]
[controller_server-1] 
[controller_server-1] [WARN] [1783984014.919177190] [leo1.controller_server]: Control loop missed its desired rate of 20.0000Hz
[controller_server-7] [WARN] [1783984014.972910926] [leo2.controller_server]: Control loop missed its desired rate of 20.0000Hz
[controller_server-1] [INFO] [1783984015.678124613] [leo1.controller_server]: Passing new path to controller.
[controller_server-1] [WARN] [1783984015.790242212] [leo1.controller_server]: Control loop missed its desired rate of 20.0000Hz
[controller_server-7] [INFO] [1783984015.899724941] [leo2.controller_server]: Passing new path to controller.
[controller_server-7] [ERROR] [1783984016.011517706] [transformPoseInTargetFrame]: Extrapolation Error looking up target frame: Lookup would require extrapolation into the future.  Requested time 548.102000 but the latest data is at time 548.041000, when looking up transform from frame [leo2/map] to frame [leo2/base_link]
[controller_server-7] 
[controller_server-7] [WARN] [1783984016.013368607] [leo2.controller_server]: Control loop missed its desired rate of 20.0000Hz
[controller_server-1] [INFO] [1783984016.719253453] [leo1.controller_server]: Passing new path to controller.
[controller_server-1] [ERROR] [1783984016.830910780] [transformPoseInTargetFrame]: Extrapolation Error looking up target frame: Lookup would require extrapolation into the future.  Requested time 548.876000 but the latest data is at time 548.820000, when looking up transform from frame [leo1/map] to frame [leo1/base_link]
[controller_server-1] 
[controller_server-1] [WARN] [1783984016.831270364] [leo1.controller_server]: Control loop missed its desired rate of 20.0000Hz
[controller_server-7] [INFO] [1783984016.972995651] [leo2.controller_server]: Passing new path to controller.
[controller_server-7] [WARN] [1783984017.085541525] [leo2.controller_server]: Control loop missed its desired rate of 20.0000Hz
[controller_server-1] [INFO] [1783984017.740350863] [leo1.controller_server]: Passing new path to controller.
[controller_server-1] [ERROR] [1783984017.852311645] [transformPoseInTargetFrame]: Extrapolation Error looking up target frame: Lookup would require extrapolation into the future.  Requested time 549.846000 but the latest data is at time 549.820000, when looking up transform from frame [leo1/map] to frame [leo1/base_link]
[controller_server-1] 
[controller_server-1] [WARN] [1783984017.852795193] [leo1.controller_server]: Control loop missed its desired rate of 20.0000Hz
[controller_server-7] [INFO] [1783984017.958966607] [leo2.controller_server]: Passing new path to controller.
[controller_server-7] [ERROR] [1783984018.070709135] [transformPoseInTargetFrame]: Extrapolation Error looking up target frame: Lookup would require extrapolation into the future.  Requested time 550.053000 but the latest data is at time 550.041000, when looking up transform from frame [leo2/map] to frame [leo2/base_link]
[controller_server-7] 
[controller_server-7] [WARN] [1783984018.072137369] [leo2.controller_server]: Control loop missed its desired rate of 20.0000Hz
[controller_server-1] [INFO] [1783984018.781366865] [leo1.controller_server]: Passing new path to controller.
[controller_server-1] [WARN] [1783984018.833453321] [leo1.controller_server]: Control loop missed its desired rate of 20.0000Hz
[controller_server-7] [INFO] [1783984019.035638074] [leo2.controller_server]: Passing new path to controller.
[controller_server-1] [INFO] [1783984019.831375411] [leo1.controller_server]: Passing new path to controller.
[controller_server-1] [ERROR] [1783984019.953638819] [transformPoseInTargetFrame]: Extrapolation Error looking up target frame: Lookup would require extrapolation into the future.  Requested time 551.684000 but the latest data is at time 551.620000, when looking up transform from frame [leo1/map] to frame [leo1/base_link]
[controller_server-1] 
[controller_server-1] [WARN] [1783984019.954137733] [leo1.controller_server]: Control loop missed its desired rate of 20.0000Hz
[controller_server-7] [INFO] [1783984020.035658380] [leo2.controller_server]: Passing new path to controller.
[controller_server-7] [ERROR] [1783984020.157962524] [transformPoseInTargetFrame]: Extrapolation Error looking up target frame: Lookup would require extrapolation into the future.  Requested time 551.861000 but the latest data is at time 551.841000, when looking up transform from frame [leo2/map] to frame [leo2/base_link]
[controller_server-7] 
[controller_server-7] [WARN] [1783984020.158901175] [leo2.controller_server]: Control loop missed its desired rate of 20.0000Hz
[controller_server-1] [INFO] [1783984020.866362198] [leo1.controller_server]: Passing new path to controller.
[controller_server-7] [INFO] [1783984021.081332559] [leo2.controller_server]: Passing new path to controller.
[controller_server-1] [INFO] [1783984021.904244784] [leo1.controller_server]: Passing new path to controller.
[controller_server-1] [WARN] [1783984021.995790318] [leo1.controller_server]: Control loop missed its desired rate of 20.0000Hz
[controller_server-7] [INFO] [1783984022.108976672] [leo2.controller_server]: Passing new path to controller.
[controller_server-7] [WARN] [1783984022.221566747] [leo2.controller_server]: Control loop missed its desired rate of 20.0000Hz
[controller_server-1] [INFO] [1783984022.904201303] [leo1.controller_server]: Passing new path to controller.
[controller_server-1] [ERROR] [1783984023.015954802] [transformPoseInTargetFrame]: Extrapolation Error looking up target frame: Lookup would require extrapolation into the future.  Requested time 554.475000 but the latest data is at time 554.420000, when looking up transform from frame [leo1/map] to frame [leo1/base_link]
[controller_server-1] 
[controller_server-1] [WARN] [1783984023.016215864] [leo1.controller_server]: Control loop missed its desired rate of 20.0000Hz
[controller_server-7] [INFO] [1783984023.141644581] [leo2.controller_server]: Passing new path to controller.
[controller_server-7] [ERROR] [1783984023.243458797] [transformPoseInTargetFrame]: Extrapolation Error looking up target frame: Lookup would require extrapolation into the future.  Requested time 554.698000 but the latest data is at time 554.641000, when looking up transform from frame [leo2/map] to frame [leo2/base_link]
[controller_server-7] 
[controller_server-7] [WARN] [1783984023.244628893] [leo2.controller_server]: Control loop missed its desired rate of 20.0000Hz
[controller_server-1] [INFO] [1783984023.973262381] [leo1.controller_server]: Passing new path to controller.
[controller_server-7] [INFO] [1783984024.171631732] [leo2.controller_server]: Passing new path to controller.
[controller_server-7] [ERROR] [1783984024.283205623] [transformPoseInTargetFrame]: Extrapolation Error looking up target frame: Lookup would require extrapolation into the future.  Requested time 555.665000 but the latest data is at time 555.641000, when looking up transform from frame [leo2/map] to frame [leo2/base_link]
[controller_server-7] 
[controller_server-7] [WARN] [1783984024.284001566] [leo2.controller_server]: Control loop missed its desired rate of 20.0000Hz
[bt_navigator-4] [INFO] [1783984024.642453764] [leo1.bt_navigator]: Received goal preemption request
[bt_navigator-4] [INFO] [1783984024.643155423] [leo1.bt_navigator]: Begin navigating from current location (-10.37, 4.92) to (-6.88, -5.76)
[controller_server-1] [INFO] [1783984024.981647697] [leo1.controller_server]: Passing new path to controller.
[controller_server-1] [ERROR] [1783984025.093638317] [transformPoseInTargetFrame]: Extrapolation Error looking up target frame: Lookup would require extrapolation into the future.  Requested time 556.434000 but the latest data is at time 556.420000, when looking up transform from frame [leo1/map] to frame [leo1/base_link]
[controller_server-1] 
[controller_server-1] [WARN] [1783984025.094588516] [leo1.controller_server]: Control loop missed its desired rate of 20.0000Hz
[controller_server-7] [INFO] [1783984025.205799373] [leo2.controller_server]: Passing new path to controller.
[controller_server-7] [ERROR] [1783984025.317914282] [transformPoseInTargetFrame]: Extrapolation Error looking up target frame: Lookup would require extrapolation into the future.  Requested time 556.642000 but the latest data is at time 556.641000, when looking up transform from frame [leo2/map] to frame [leo2/base_link]
[controller_server-7] 
[controller_server-7] [WARN] [1783984025.318805136] [leo2.controller_server]: Control loop missed its desired rate of 20.0000Hz
[controller_server-1] [INFO] [1783984026.016320127] [leo1.controller_server]: Passing new path to controller.
[controller_server-1] [ERROR] [1783984026.188024393] [transformPoseInTargetFrame]: Extrapolation Error looking up target frame: Lookup would require extrapolation into the future.  Requested time 557.455000 but the latest data is at time 557.420000, when looking up transform from frame [leo1/map] to frame [leo1/base_link]
[controller_server-1] 
[controller_server-1] [WARN] [1783984026.189437402] [leo1.controller_server]: Control loop missed its desired rate of 20.0000Hz
[controller_server-7] [INFO] [1783984026.234079608] [leo2.controller_server]: Passing new path to controller.
[controller_server-1] [INFO] [1783984027.061298154] [leo1.controller_server]: Passing new path to controller.
[controller_server-1] [WARN] [1783984027.164873733] [leo1.controller_server]: Control loop missed its desired rate of 20.0000Hz
[controller_server-7] [INFO] [1783984027.234116060] [leo2.controller_server]: Passing new path to controller.
[controller_server-7] [ERROR] [1783984027.356680297] [transformPoseInTargetFrame]: Extrapolation Error looking up target frame: Lookup would require extrapolation into the future.  Requested time 558.468000 but the latest data is at time 558.441000, when looking up transform from frame [leo2/map] to frame [leo2/base_link]
[controller_server-7] 
[controller_server-7] [WARN] [1783984027.358535472] [leo2.controller_server]: Control loop missed its desired rate of 20.0000Hz
[controller_server-1] [INFO] [1783984028.089530265] [leo1.controller_server]: Passing new path to controller.
[controller_server-1] [WARN] [1783984028.151652156] [leo1.controller_server]: Control loop missed its desired rate of 20.0000Hz
[controller_server-7] [INFO] [1783984028.287777660] [leo2.controller_server]: Passing new path to controller.
[controller_server-7] [WARN] [1783984028.401218871] [leo2.controller_server]: Control loop missed its desired rate of 20.0000Hz
[controller_server-1] [INFO] [1783984029.089889651] [leo1.controller_server]: Passing new path to controller.
[controller_server-1] [ERROR] [1783984029.212062801] [transformPoseInTargetFrame]: Extrapolation Error looking up target frame: Lookup would require extrapolation into the future.  Requested time 560.029000 but the latest data is at time 560.020000, when looking up transform from frame [leo1/map] to frame [leo1/base_link]
[controller_server-1] 
[controller_server-1] [WARN] [1783984029.212916566] [leo1.controller_server]: Control loop missed its desired rate of 20.0000Hz
[controller_server-7] [INFO] [1783984029.308635628] [leo2.controller_server]: Passing new path to controller.
[controller_server-7] [INFO] [1783984031.008197472] [leo2.controller_server]: Passing new path to controller.
[controller_server-1] [INFO] [1783984031.018229599] [leo1.controller_server]: Passing new path to controller.
[controller_server-7] [WARN] [1783984031.080714907] [leo2.controller_server]: Control loop missed its desired rate of 20.0000Hz
[controller_server-7] [INFO] [1783984032.008222863] [leo2.controller_server]: Passing new path to controller.
[controller_server-1] [INFO] [1783984032.012570354] [leo1.controller_server]: Passing new path to controller.
[controller_server-7] [ERROR] [1783984032.109899096] [transformPoseInTargetFrame]: Extrapolation Error looking up target frame: Lookup would require extrapolation into the future.  Requested time 561.281000 but the latest data is at time 561.241000, when looking up transform from frame [leo2/map] to frame [leo2/base_link]
[controller_server-7] 
[controller_server-7] [WARN] [1783984032.111485191] [leo2.controller_server]: Control loop missed its desired rate of 20.0000Hz
[controller_server-1] [ERROR] [1783984032.124186995] [transformPoseInTargetFrame]: Extrapolation Error looking up target frame: Lookup would require extrapolation into the future.  Requested time 561.286000 but the latest data is at time 561.220000, when looking up transform from frame [leo1/map] to frame [leo1/base_link]
[controller_server-1] 
[controller_server-1] [WARN] [1783984032.125054126] [leo1.controller_server]: Control loop missed its desired rate of 20.0000Hz
[controller_server-7] [INFO] [1783984033.039695521] [leo2.controller_server]: Passing new path to controller.
[controller_server-1] [INFO] [1783984033.044872366] [leo1.controller_server]: Passing new path to controller.
[planner_server-2] [INFO] [1783984033.134207012] [leo1.global_costmap.global_costmap]: StaticLayer: Resizing costmap to 478 X 319 at 0.050000 m/pix
[planner_server-8] [INFO] [1783984033.134556170] [leo2.global_costmap.global_costmap]: StaticLayer: Resizing costmap to 480 X 320 at 0.050000 m/pix
[controller_server-7] [ERROR] [1783984033.151495514] [transformPoseInTargetFrame]: Extrapolation Error looking up target frame: Lookup would require extrapolation into the future.  Requested time 562.258000 but the latest data is at time 562.241000, when looking up transform from frame [leo2/map] to frame [leo2/base_link]
[controller_server-7] 
[controller_server-7] [WARN] [1783984033.152777376] [leo2.controller_server]: Control loop missed its desired rate of 20.0000Hz
[controller_server-1] [ERROR] [1783984033.156750789] [transformPoseInTargetFrame]: Extrapolation Error looking up target frame: Lookup would require extrapolation into the future.  Requested time 562.262000 but the latest data is at time 562.220000, when looking up transform from frame [leo1/map] to frame [leo1/base_link]
[controller_server-1] 
[controller_server-1] [WARN] [1783984033.157537836] [leo1.controller_server]: Control loop missed its desired rate of 20.0000Hz
[controller_server-7] [INFO] [1783984034.061591227] [leo2.controller_server]: Passing new path to controller.
[controller_server-1] [INFO] [1783984034.075384591] [leo1.controller_server]: Passing new path to controller.
[controller_server-1] [ERROR] [1783984034.187183079] [transformPoseInTargetFrame]: Extrapolation Error looking up target frame: Lookup would require extrapolation into the future.  Requested time 563.237000 but the latest data is at time 563.220000, when looking up transform from frame [leo1/map] to frame [leo1/base_link]
[controller_server-1] 
[controller_server-1] [WARN] [1783984034.187867015] [leo1.controller_server]: Control loop missed its desired rate of 20.0000Hz
[controller_server-1] [INFO] [1783984035.108165732] [leo1.controller_server]: Passing new path to controller.
[controller_server-7] [INFO] [1783984035.111586039] [leo2.controller_server]: Passing new path to controller.
[controller_server-7] [WARN] [1783984035.204634105] [leo2.controller_server]: Control loop missed its desired rate of 20.0000Hz
[controller_server-1] [INFO] [1783984036.137969697] [leo1.controller_server]: Passing new path to controller.
[controller_server-7] [INFO] [1783984036.161618622] [leo2.controller_server]: Passing new path to controller.
[controller_server-1] [ERROR] [1783984036.260519616] [transformPoseInTargetFrame]: Extrapolation Error looking up target frame: Lookup would require extrapolation into the future.  Requested time 565.048000 but the latest data is at time 565.020000, when looking up transform from frame [leo1/map] to frame [leo1/base_link]
[controller_server-1] 
[controller_server-1] [WARN] [1783984036.261711828] [leo1.controller_server]: Control loop missed its desired rate of 20.0000Hz
[controller_server-7] [ERROR] [1783984036.283839466] [transformPoseInTargetFrame]: Extrapolation Error looking up target frame: Lookup would require extrapolation into the future.  Requested time 565.066000 but the latest data is at time 565.041000, when looking up transform from frame [leo2/map] to frame [leo2/base_link]
[controller_server-7] 
[controller_server-7] [WARN] [1783984036.284936689] [leo2.controller_server]: Control loop missed its desired rate of 20.0000Hz
[controller_server-7] [INFO] [1783984037.160800088] [leo2.controller_server]: Passing new path to controller.
[controller_server-1] [INFO] [1783984037.184393972] [leo1.controller_server]: Passing new path to controller.
[controller_server-7] [WARN] [1783984037.264389350] [leo2.controller_server]: Control loop missed its desired rate of 20.0000Hz
[controller_server-1] [INFO] [1783984038.211804748] [leo1.controller_server]: Passing new path to controller.
[controller_server-7] [INFO] [1783984038.235060870] [leo2.controller_server]: Passing new path to controller.
[controller_server-1] [ERROR] [1783984038.334568471] [transformPoseInTargetFrame]: Extrapolation Error looking up target frame: Lookup would require extrapolation into the future.  Requested time 566.839000 but the latest data is at time 566.820000, when looking up transform from frame [leo1/map] to frame [leo1/base_link]
[controller_server-1] 
[controller_server-1] [WARN] [1783984038.335361838] [leo1.controller_server]: Control loop missed its desired rate of 20.0000Hz
[controller_server-7] [ERROR] [1783984038.357489079] [transformPoseInTargetFrame]: Extrapolation Error looking up target frame: Lookup would require extrapolation into the future.  Requested time 566.859000 but the latest data is at time 566.841000, when looking up transform from frame [leo2/map] to frame [leo2/base_link]
[controller_server-7] 
[controller_server-7] [WARN] [1783984038.358808425] [leo2.controller_server]: Control loop missed its desired rate of 20.0000Hz
[controller_server-7] [INFO] [1783984039.231637985] [leo2.controller_server]: Passing new path to controller.
[controller_server-1] [INFO] [1783984039.258681740] [leo1.controller_server]: Passing new path to controller.
[controller_server-7] [WARN] [1783984039.335025969] [leo2.controller_server]: Control loop missed its desired rate of 20.0000Hz
[controller_server-7] [INFO] [1783984040.258882782] [leo2.controller_server]: Passing new path to controller.
[controller_server-1] [INFO] [1783984040.285470985] [leo1.controller_server]: Passing new path to controller.
[controller_server-7] [ERROR] [1783984040.370829193] [transformPoseInTargetFrame]: Extrapolation Error looking up target frame: Lookup would require extrapolation into the future.  Requested time 568.691000 but the latest data is at time 568.641000, when looking up transform from frame [leo2/map] to frame [leo2/base_link]
[controller_server-7] 
[controller_server-7] [WARN] [1783984040.371905905] [leo2.controller_server]: Control loop missed its desired rate of 20.0000Hz
[controller_server-1] [WARN] [1783984040.378115365] [leo1.controller_server]: Control loop missed its desired rate of 20.0000Hz
[controller_server-1] [INFO] [1783984041.285442585] [leo1.controller_server]: Passing new path to controller.
[controller_server-7] [INFO] [1783984041.294509819] [leo2.controller_server]: Passing new path to controller.
[controller_server-1] [ERROR] [1783984041.397709324] [transformPoseInTargetFrame]: Extrapolation Error looking up target frame: Lookup would require extrapolation into the future.  Requested time 569.658000 but the latest data is at time 569.620000, when looking up transform from frame [leo1/map] to frame [leo1/base_link]
[controller_server-1] 
[controller_server-1] [WARN] [1783984041.398539825] [leo1.controller_server]: Control loop missed its desired rate of 20.0000Hz
[controller_server-7] [ERROR] [1783984041.406695919] [transformPoseInTargetFrame]: Extrapolation Error looking up target frame: Lookup would require extrapolation into the future.  Requested time 569.666000 but the latest data is at time 569.641000, when looking up transform from frame [leo2/map] to frame [leo2/base_link]
[controller_server-7] 
[controller_server-7] [WARN] [1783984041.408327215] [leo2.controller_server]: Control loop missed its desired rate of 20.0000Hz
[planner_server-2] [INFO] [1783984041.534192536] [leo1.global_costmap.global_costmap]: StaticLayer: Resizing costmap to 478 X 319 at 0.050000 m/pix
[controller_server-1] [INFO] [1783984042.317536883] [leo1.controller_server]: Passing new path to controller.
[controller_server-7] [INFO] [1783984042.321977824] [leo2.controller_server]: Passing new path to controller.
[controller_server-1] [ERROR] [1783984042.429542095] [transformPoseInTargetFrame]: Extrapolation Error looking up target frame: Lookup would require extrapolation into the future.  Requested time 570.631000 but the latest data is at time 570.620000, when looking up transform from frame [leo1/map] to frame [leo1/base_link]
[controller_server-1] 
[controller_server-1] [WARN] [1783984042.430616979] [leo1.controller_server]: Control loop missed its desired rate of 20.0000Hz
[controller_server-1] [INFO] [1783984043.348648339] [leo1.controller_server]: Passing new path to controller.
[controller_server-7] [INFO] [1783984043.371986059] [leo2.controller_server]: Passing new path to controller.
[controller_server-7] [INFO] [1783984044.372002573] [leo2.controller_server]: Passing new path to controller.
[controller_server-1] [INFO] [1783984044.398636558] [leo1.controller_server]: Passing new path to controller.
[controller_server-7] [WARN] [1783984044.444498623] [leo2.controller_server]: Control loop missed its desired rate of 20.0000Hz
[controller_server-1] [INFO] [1783984045.398671722] [leo1.controller_server]: Passing new path to controller.
[controller_server-7] [INFO] [1783984045.421987001] [leo2.controller_server]: Passing new path to controller.
[controller_server-1] [WARN] [1783984045.491515801] [leo1.controller_server]: Control loop missed its desired rate of 20.0000Hz
[controller_server-7] [WARN] [1783984045.504486314] [leo2.controller_server]: Control loop missed its desired rate of 20.0000Hz
[controller_server-1] [INFO] [1783984046.448652862] [leo1.controller_server]: Passing new path to controller.
[controller_server-7] [INFO] [1783984046.472043684] [leo2.controller_server]: Passing new path to controller.
[controller_server-1] [ERROR] [1783984046.570935144] [transformPoseInTargetFrame]: Extrapolation Error looking up target frame: Lookup would require extrapolation into the future.  Requested time 574.452000 but the latest data is at time 574.420000, when looking up transform from frame [leo1/map] to frame [leo1/base_link]
[controller_server-1] 
[controller_server-1] [WARN] [1783984046.571777978] [leo1.controller_server]: Control loop missed its desired rate of 20.0000Hz
[controller_server-7] [ERROR] [1783984046.594567676] [transformPoseInTargetFrame]: Extrapolation Error looking up target frame: Lookup would require extrapolation into the future.  Requested time 574.473000 but the latest data is at time 574.441000, when looking up transform from frame [leo2/map] to frame [leo2/base_link]
[controller_server-7] 
[controller_server-7] [WARN] [1783984046.595358027] [leo2.controller_server]: Control loop missed its desired rate of 20.0000Hz
[controller_server-7] [INFO] [1783984047.464153071] [leo2.controller_server]: Passing new path to controller.
[controller_server-1] [INFO] [1783984047.493192946] [leo1.controller_server]: Passing new path to controller.
[controller_server-7] [INFO] [1783984048.495455315] [leo2.controller_server]: Passing new path to controller.
[controller_server-1] [INFO] [1783984048.521867802] [leo1.controller_server]: Passing new path to controller.
[controller_server-1] [WARN] [1783984048.583690072] [leo1.controller_server]: Control loop missed its desired rate of 20.0000Hz
[controller_server-7] [WARN] [1783984048.597911158] [leo2.controller_server]: Control loop missed its desired rate of 20.0000Hz
[controller_server-7] [INFO] [1783984049.516019140] [leo2.controller_server]: Passing new path to controller.
[controller_server-1] [INFO] [1783984049.521864049] [leo1.controller_server]: Passing new path to controller.
[controller_server-7] [ERROR] [1783984049.617783938] [transformPoseInTargetFrame]: Extrapolation Error looking up target frame: Lookup would require extrapolation into the future.  Requested time 577.289000 but the latest data is at time 577.241000, when looking up transform from frame [leo2/map] to frame [leo2/base_link]
[controller_server-7] 
[controller_server-7] [WARN] [1783984049.619001387] [leo2.controller_server]: Control loop missed its desired rate of 20.0000Hz
[controller_server-1] [WARN] [1783984049.634911284] [leo1.controller_server]: Control loop missed its desired rate of 20.0000Hz
[controller_server-7] [INFO] [1783984050.547953244] [leo2.controller_server]: Passing new path to controller.
[controller_server-1] [INFO] [1783984050.554742610] [leo1.controller_server]: Passing new path to controller.
[controller_server-7] [ERROR] [1783984050.659635041] [transformPoseInTargetFrame]: Extrapolation Error looking up target frame: Lookup would require extrapolation into the future.  Requested time 578.252000 but the latest data is at time 578.241000, when looking up transform from frame [leo2/map] to frame [leo2/base_link]
[controller_server-7] 
[controller_server-7] [WARN] [1783984050.661031105] [leo2.controller_server]: Control loop missed its desired rate of 20.0000Hz
[controller_server-1] [ERROR] [1783984050.666541695] [transformPoseInTargetFrame]: Extrapolation Error looking up target frame: Lookup would require extrapolation into the future.  Requested time 578.258000 but the latest data is at time 578.220000, when looking up transform from frame [leo1/map] to frame [leo1/base_link]
[controller_server-1] 
[controller_server-1] [WARN] [1783984050.668007161] [leo1.controller_server]: Control loop missed its desired rate of 20.0000Hz
[planner_server-8] [INFO] [1783984051.534544538] [leo2.global_costmap.global_costmap]: StaticLayer: Resizing costmap to 480 X 320 at 0.050000 m/pix
[controller_server-7] [INFO] [1783984051.582774225] [leo2.controller_server]: Passing new path to controller.
[controller_server-1] [INFO] [1783984051.584984605] [leo1.controller_server]: Passing new path to controller.
[controller_server-1] [ERROR] [1783984051.697182961] [transformPoseInTargetFrame]: Extrapolation Error looking up target frame: Lookup would require extrapolation into the future.  Requested time 579.238000 but the latest data is at time 579.220000, when looking up transform from frame [leo1/map] to frame [leo1/base_link]
[controller_server-1] 
[controller_server-1] [WARN] [1783984051.697950889] [leo1.controller_server]: Control loop missed its desired rate of 20.0000Hz
[controller_server-7] [INFO] [1783984052.611134381] [leo2.controller_server]: Passing new path to controller.
[controller_server-1] [INFO] [1783984052.619009998] [leo1.controller_server]: Passing new path to controller.
[controller_server-7] [WARN] [1783984052.683665411] [leo2.controller_server]: Control loop missed its desired rate of 20.0000Hz
[controller_server-1] [INFO] [1783984053.648070473] [leo1.controller_server]: Passing new path to controller.
[controller_server-7] [INFO] [1783984053.661132487] [leo2.controller_server]: Passing new path to controller.
[controller_server-1] [ERROR] [1783984053.760118777] [transformPoseInTargetFrame]: Extrapolation Error looking up target frame: Lookup would require extrapolation into the future.  Requested time 581.072000 but the latest data is at time 581.020000, when looking up transform from frame [leo1/map] to frame [leo1/base_link]
[controller_server-1] 
[controller_server-1] [WARN] [1783984053.761149342] [leo1.controller_server]: Control loop missed its desired rate of 20.0000Hz
[controller_server-7] [ERROR] [1783984053.773296491] [transformPoseInTargetFrame]: Extrapolation Error looking up target frame: Lookup would require extrapolation into the future.  Requested time 581.084000 but the latest data is at time 581.041000, when looking up transform from frame [leo2/map] to frame [leo2/base_link]
[controller_server-7] 
[controller_server-7] [WARN] [1783984053.774291113] [leo2.controller_server]: Control loop missed its desired rate of 20.0000Hz
[planner_server-8] [ERROR] [1783984054.647268834] [leo2.planner_server]: Failed to create a plan from potential when a legal potential was found. This shouldn't happen.
[planner_server-8] [WARN] [1783984054.647347181] [leo2.planner_server]: GridBased: failed to create plan with tolerance 0.50.
[planner_server-8] [WARN] [1783984054.647361898] [leo2.planner_server]: Planning algorithm GridBased failed to generate a valid path to (9.10, -2.07)
[planner_server-8] [WARN] [1783984054.647373067] [leo2.planner_server]: [compute_path_to_pose] [ActionServer] Aborting handle.
[planner_server-8] [INFO] [1783984054.663905454] [leo2.global_costmap.global_costmap]: Received request to clear entirely the global_costmap
[controller_server-1] [INFO] [1783984054.683025715] [leo1.controller_server]: Passing new path to controller.
[planner_server-8] [ERROR] [1783984054.748092115] [leo2.planner_server]: Failed to create a plan from potential when a legal potential was found. This shouldn't happen.
[planner_server-8] [WARN] [1783984054.748171547] [leo2.planner_server]: GridBased: failed to create plan with tolerance 0.50.
[planner_server-8] [WARN] [1783984054.748183173] [leo2.planner_server]: Planning algorithm GridBased failed to generate a valid path to (9.10, -2.07)
[planner_server-8] [WARN] [1783984054.748192858] [leo2.planner_server]: [compute_path_to_pose] [ActionServer] Aborting handle.
[bt_navigator-10] [ERROR] [1783984054.784434185] [leo2.bt_navigator_navigate_to_pose_rclcpp_node]: Failed to get result for follow_path in node halt!
[controller_server-7] [INFO] [1783984054.784773248] [leo2.local_costmap.local_costmap]: Received request to clear entirely the local_costmap
[planner_server-8] [INFO] [1783984054.785413576] [leo2.global_costmap.global_costmap]: Received request to clear entirely the global_costmap
[bt_navigator-10] [WARN] [1783984054.786584527] [BehaviorTreeEngine]: Behavior Tree tick rate 100.00 was exceeded!
[controller_server-7] [INFO] [1783984054.797663464] [leo2.controller_server]: Goal was canceled. Stopping the robot.
[controller_server-7] [INFO] [1783984054.797714007] [leo2.controller_server]: [follow_path] [ActionServer] Client requested to cancel the goal. Cancelling.
[planner_server-8] [ERROR] [1783984054.949819017] [leo2.planner_server]: Failed to create a plan from potential when a legal potential was found. This shouldn't happen.
[planner_server-8] [WARN] [1783984054.949916917] [leo2.planner_server]: GridBased: failed to create plan with tolerance 0.50.
[planner_server-8] [WARN] [1783984054.949933499] [leo2.planner_server]: Planning algorithm GridBased failed to generate a valid path to (9.10, -2.07)
[planner_server-8] [WARN] [1783984054.949946198] [leo2.planner_server]: [compute_path_to_pose] [ActionServer] Aborting handle.
[planner_server-8] [INFO] [1783984054.966851311] [leo2.global_costmap.global_costmap]: Received request to clear entirely the global_costmap
[planner_server-8] [ERROR] [1783984055.140829438] [leo2.planner_server]: Failed to create a plan from potential when a legal potential was found. This shouldn't happen.
[planner_server-8] [WARN] [1783984055.140913980] [leo2.planner_server]: GridBased: failed to create plan with tolerance 0.50.
[planner_server-8] [WARN] [1783984055.140925875] [leo2.planner_server]: Planning algorithm GridBased failed to generate a valid path to (9.10, -2.07)
[planner_server-8] [WARN] [1783984055.140934945] [leo2.planner_server]: [compute_path_to_pose] [ActionServer] Aborting handle.
[behavior_server-9] [INFO] [1783984055.157150018] [leo2.behavior_server]: Running spin
[behavior_server-9] [INFO] [1783984055.157271695] [leo2.behavior_server]: Turning 1.57 for spin behavior.
[controller_server-1] [INFO] [1783984055.711235323] [leo1.controller_server]: Passing new path to controller.
[controller_server-1] [WARN] [1783984055.783603550] [leo1.controller_server]: Control loop missed its desired rate of 20.0000Hz
[controller_server-1] [INFO] [1783984056.761265768] [leo1.controller_server]: Passing new path to controller.
[controller_server-1] [WARN] [1783984056.844245289] [leo1.controller_server]: Control loop missed its desired rate of 20.0000Hz
[behavior_server-9] [INFO] [1783984057.157504987] [leo2.behavior_server]: spin completed successfully
[planner_server-8] [ERROR] [1783984057.189953428] [leo2.planner_server]: Failed to create a plan from potential when a legal potential was found. This shouldn't happen.
[planner_server-8] [WARN] [1783984057.190036792] [leo2.planner_server]: GridBased: failed to create plan with tolerance 0.50.
[planner_server-8] [WARN] [1783984057.190052347] [leo2.planner_server]: Planning algorithm GridBased failed to generate a valid path to (9.10, -2.07)
[planner_server-8] [WARN] [1783984057.190060507] [leo2.planner_server]: [compute_path_to_pose] [ActionServer] Aborting handle.
[planner_server-8] [INFO] [1783984057.206832495] [leo2.global_costmap.global_costmap]: Received request to clear entirely the global_costmap
[planner_server-8] [ERROR] [1783984057.340792218] [leo2.planner_server]: Failed to create a plan from potential when a legal potential was found. This shouldn't happen.
[planner_server-8] [WARN] [1783984057.340862769] [leo2.planner_server]: GridBased: failed to create plan with tolerance 0.50.
[planner_server-8] [WARN] [1783984057.340874444] [leo2.planner_server]: Planning algorithm GridBased failed to generate a valid path to (9.10, -2.07)
[planner_server-8] [WARN] [1783984057.340883203] [leo2.planner_server]: [compute_path_to_pose] [ActionServer] Aborting handle.
[behavior_server-9] [INFO] [1783984057.357061364] [leo2.behavior_server]: Running wait
[controller_server-1] [INFO] [1783984057.761272113] [leo1.controller_server]: Passing new path to controller.
[controller_server-1] [ERROR] [1783984057.873267112] [transformPoseInTargetFrame]: Extrapolation Error looking up target frame: Lookup would require extrapolation into the future.  Requested time 584.859000 but the latest data is at time 584.820000, when looking up transform from frame [leo1/map] to frame [leo1/base_link]
[controller_server-1] 
[controller_server-1] [WARN] [1783984057.874078612] [leo1.controller_server]: Control loop missed its desired rate of 20.0000Hz
[controller_server-1] [INFO] [1783984058.792940437] [leo1.controller_server]: Passing new path to controller.
[controller_server-1] [INFO] [1783984059.824162909] [leo1.controller_server]: Passing new path to controller.
[controller_server-1] [WARN] [1783984059.919003785] [leo1.controller_server]: Control loop missed its desired rate of 20.0000Hz
[controller_server-1] [INFO] [1783984060.874182586] [leo1.controller_server]: Passing new path to controller.
[controller_server-1] [ERROR] [1783984062.718318823] [transformPoseInTargetFrame]: Extrapolation Error looking up target frame: Lookup would require extrapolation into the future.  Requested time 587.661000 but the latest data is at time 587.620000, when looking up transform from frame [leo1/map] to frame [leo1/base_link]
[controller_server-1] 
[controller_server-1] [WARN] [1783984062.719382968] [leo1.controller_server]: Control loop missed its desired rate of 20.0000Hz
[controller_server-1] [INFO] [1783984062.719409519] [leo1.controller_server]: Passing new path to controller.
[planner_server-2] [INFO] [1783984063.255720205] [leo1.global_costmap.global_costmap]: StaticLayer: Resizing costmap to 478 X 318 at 0.050000 m/pix
[controller_server-1] [INFO] [1783984063.769464571] [leo1.controller_server]: Passing new path to controller.
[controller_server-1] [WARN] [1783984063.892249554] [leo1.controller_server]: Control loop missed its desired rate of 20.0000Hz
[behavior_server-9] [INFO] [1783984064.678772019] [leo2.behavior_server]: wait completed successfully
[planner_server-8] [ERROR] [1783984064.711633395] [leo2.planner_server]: Failed to create a plan from potential when a legal potential was found. This shouldn't happen.
[planner_server-8] [WARN] [1783984064.711708075] [leo2.planner_server]: GridBased: failed to create plan with tolerance 0.50.
[planner_server-8] [WARN] [1783984064.711723298] [leo2.planner_server]: Planning algorithm GridBased failed to generate a valid path to (9.10, -2.07)
[planner_server-8] [WARN] [1783984064.711734215] [leo2.planner_server]: [compute_path_to_pose] [ActionServer] Aborting handle.
[planner_server-8] [INFO] [1783984064.728241096] [leo2.global_costmap.global_costmap]: Received request to clear entirely the global_costmap
[controller_server-1] [INFO] [1783984064.812434305] [leo1.controller_server]: Passing new path to controller.
[planner_server-8] [ERROR] [1783984064.861573792] [leo2.planner_server]: Failed to create a plan from potential when a legal potential was found. This shouldn't happen.
[planner_server-8] [WARN] [1783984064.861659194] [leo2.planner_server]: GridBased: failed to create plan with tolerance 0.50.
[planner_server-8] [WARN] [1783984064.861674499] [leo2.planner_server]: Planning algorithm GridBased failed to generate a valid path to (9.10, -2.07)
[planner_server-8] [WARN] [1783984064.861714902] [leo2.planner_server]: [compute_path_to_pose] [ActionServer] Aborting handle.
[behavior_server-9] [INFO] [1783984064.878510837] [leo2.behavior_server]: Running backup
[controller_server-1] [ERROR] [1783984064.924411283] [transformPoseInTargetFrame]: Extrapolation Error looking up target frame: Lookup would require extrapolation into the future.  Requested time 589.626000 but the latest data is at time 589.620000, when looking up transform from frame [leo1/map] to frame [leo1/base_link]
[controller_server-1] 
[controller_server-1] [WARN] [1783984064.925362057] [leo1.controller_server]: Control loop missed its desired rate of 20.0000Hz
[controller_server-1] [INFO] [1783984065.842359031] [leo1.controller_server]: Passing new path to controller.
[controller_server-1] [INFO] [1783984066.842335696] [leo1.controller_server]: Passing new path to controller.
[controller_server-1] [WARN] [1783984066.915407883] [leo1.controller_server]: Control loop missed its desired rate of 20.0000Hz
[controller_server-1] [INFO] [1783984067.892301503] [leo1.controller_server]: Passing new path to controller.
[controller_server-1] [WARN] [1783984067.985299098] [leo1.controller_server]: Control loop missed its desired rate of 20.0000Hz
[controller_server-1] [INFO] [1783984068.892302189] [leo1.controller_server]: Passing new path to controller.
[controller_server-1] [ERROR] [1783984069.014413824] [transformPoseInTargetFrame]: Extrapolation Error looking up target frame: Lookup would require extrapolation into the future.  Requested time 593.449000 but the latest data is at time 593.420000, when looking up transform from frame [leo1/map] to frame [leo1/base_link]
[controller_server-1] 
[controller_server-1] [WARN] [1783984069.015252715] [leo1.controller_server]: Control loop missed its desired rate of 20.0000Hz
[controller_server-1] [INFO] [1783984069.935690815] [leo1.controller_server]: Passing new path to controller.
[controller_server-1] [ERROR] [1783984070.047572975] [transformPoseInTargetFrame]: Extrapolation Error looking up target frame: Lookup would require extrapolation into the future.  Requested time 594.429000 but the latest data is at time 594.420000, when looking up transform from frame [leo1/map] to frame [leo1/base_link]
[controller_server-1] 
[controller_server-1] [WARN] [1783984070.048353975] [leo1.controller_server]: Control loop missed its desired rate of 20.0000Hz
[controller_server-1] [INFO] [1783984070.965482773] [leo1.controller_server]: Passing new path to controller.
[controller_server-1] [WARN] [1783984071.078747222] [leo1.controller_server]: Control loop missed its desired rate of 20.0000Hz
[planner_server-2] [INFO] [1783984071.455718159] [leo1.global_costmap.global_costmap]: StaticLayer: Resizing costmap to 478 X 318 at 0.050000 m/pix
[behavior_server-9] [INFO] [1783984071.578806085] [leo2.behavior_server]: backup completed successfully
[controller_server-7] [INFO] [1783984071.630174362] [leo2.controller_server]: Received a goal, begin computing control effort.
[controller_server-7] [ERROR] [1783984071.741622130] [transformPoseInTargetFrame]: Extrapolation Error looking up target frame: Lookup would require extrapolation into the future.  Requested time 595.893000 but the latest data is at time 595.841000, when looking up transform from frame [leo2/map] to frame [leo2/base_link]
[controller_server-7] 
[controller_server-7] [WARN] [1783984071.742633018] [leo2.controller_server]: Control loop missed its desired rate of 20.0000Hz
[controller_server-1] [INFO] [1783984071.998820197] [leo1.controller_server]: Passing new path to controller.
[controller_server-7] [INFO] [1783984072.662379941] [leo2.controller_server]: Passing new path to controller.
[controller_server-7] [ERROR] [1783984072.853914707] [transformPoseInTargetFrame]: Extrapolation Error looking up target frame: Lookup would require extrapolation into the future.  Requested time 596.862000 but the latest data is at time 596.841000, when looking up transform from frame [leo2/map] to frame [leo2/base_link]
[controller_server-7] 
[controller_server-7] [WARN] [1783984072.855139803] [leo2.controller_server]: Control loop missed its desired rate of 20.0000Hz
[controller_server-1] [INFO] [1783984073.028844752] [leo1.controller_server]: Passing new path to controller.
[controller_server-1] [WARN] [1783984073.111211215] [leo1.controller_server]: Control loop missed its desired rate of 20.0000Hz
[controller_server-7] [INFO] [1783984073.722002971] [leo2.controller_server]: Passing new path to controller.
[controller_server-7] [ERROR] [1783984073.916346505] [transformPoseInTargetFrame]: Extrapolation Error looking up target frame: Lookup would require extrapolation into the future.  Requested time 597.856000 but the latest data is at time 597.841000, when looking up transform from frame [leo2/map] to frame [leo2/base_link]
[controller_server-7] 
[controller_server-7] [WARN] [1783984073.917142476] [leo2.controller_server]: Control loop missed its desired rate of 20.0000Hz
[controller_server-1] [INFO] [1783984074.078823128] [leo1.controller_server]: Passing new path to controller.
[controller_server-1] [WARN] [1783984074.181347914] [leo1.controller_server]: Control loop missed its desired rate of 20.0000Hz
[controller_server-7] [INFO] [1783984074.733690672] [leo2.controller_server]: Passing new path to controller.
[controller_server-7] [WARN] [1783984074.826701170] [leo2.controller_server]: Control loop missed its desired rate of 20.0000Hz
[controller_server-1] [INFO] [1783984075.097854153] [leo1.controller_server]: Passing new path to controller.
[controller_server-1] [ERROR] [1783984075.209734226] [transformPoseInTargetFrame]: Extrapolation Error looking up target frame: Lookup would require extrapolation into the future.  Requested time 599.079000 but the latest data is at time 599.020000, when looking up transform from frame [leo1/map] to frame [leo1/base_link]
[controller_server-1] 
[controller_server-1] [WARN] [1783984075.210355667] [leo1.controller_server]: Control loop missed its desired rate of 20.0000Hz
[controller_server-7] [INFO] [1783984075.767168540] [leo2.controller_server]: Passing new path to controller.
[controller_server-7] [ERROR] [1783984075.878776423] [transformPoseInTargetFrame]: Extrapolation Error looking up target frame: Lookup would require extrapolation into the future.  Requested time 599.690000 but the latest data is at time 599.641000, when looking up transform from frame [leo2/map] to frame [leo2/base_link]
[controller_server-7] 
[controller_server-7] [WARN] [1783984075.879512904] [leo2.controller_server]: Control loop missed its desired rate of 20.0000Hz
[controller_server-1] [INFO] [1783984076.131450865] [leo1.controller_server]: Passing new path to controller.
[controller_server-1] [ERROR] [1783984076.243405355] [transformPoseInTargetFrame]: Extrapolation Error looking up target frame: Lookup would require extrapolation into the future.  Requested time 600.033000 but the latest data is at time 600.020000, when looking up transform from frame [leo1/map] to frame [leo1/base_link]
[controller_server-1] 
[controller_server-1] [WARN] [1783984076.244585409] [leo1.controller_server]: Control loop missed its desired rate of 20.0000Hz
[controller_server-7] [INFO] [1783984076.801989130] [leo2.controller_server]: Passing new path to controller.
[controller_server-7] [ERROR] [1783984076.913954140] [transformPoseInTargetFrame]: Extrapolation Error looking up target frame: Lookup would require extrapolation into the future.  Requested time 600.665000 but the latest data is at time 600.641000, when looking up transform from frame [leo2/map] to frame [leo2/base_link]
[controller_server-7] 
[controller_server-7] [WARN] [1783984076.914840256] [leo2.controller_server]: Control loop missed its desired rate of 20.0000Hz
[controller_server-1] [INFO] [1783984077.160200232] [leo1.controller_server]: Passing new path to controller.
[controller_server-7] [INFO] [1783984077.829598089] [leo2.controller_server]: Passing new path to controller.
[controller_server-1] [INFO] [1783984078.144687310] [leo1.controller_server]: Passing new path to controller.
[controller_server-1] [WARN] [1783984078.207048331] [leo1.controller_server]: Control loop missed its desired rate of 20.0000Hz
[controller_server-7] [INFO] [1783984078.879620734] [leo2.controller_server]: Passing new path to controller.
[controller_server-7] [WARN] [1783984078.942305681] [leo2.controller_server]: Control loop missed its desired rate of 20.0000Hz
[controller_server-1] [INFO] [1783984079.194678133] [leo1.controller_server]: Passing new path to controller.
[controller_server-1] [ERROR] [1783984079.317012438] [transformPoseInTargetFrame]: Extrapolation Error looking up target frame: Lookup would require extrapolation into the future.  Requested time 602.840000 but the latest data is at time 602.820000, when looking up transform from frame [leo1/map] to frame [leo1/base_link]
[controller_server-1] 
[controller_server-1] [WARN] [1783984079.317741066] [leo1.controller_server]: Control loop missed its desired rate of 20.0000Hz
[controller_server-7] [INFO] [1783984079.879597203] [leo2.controller_server]: Passing new path to controller.
[controller_server-1] [INFO] [1783984080.232290798] [leo1.controller_server]: Passing new path to controller.
[controller_server-7] [INFO] [1783984080.929591277] [leo2.controller_server]: Passing new path to controller.
[controller_server-7] [WARN] [1783984080.991510151] [leo2.controller_server]: Control loop missed its desired rate of 20.0000Hz
[controller_server-1] [INFO] [1783984081.267836525] [leo1.controller_server]: Passing new path to controller.
[controller_server-1] [ERROR] [1783984081.369897841] [transformPoseInTargetFrame]: Extrapolation Error looking up target frame: Lookup would require extrapolation into the future.  Requested time 604.683000 but the latest data is at time 604.620000, when looking up transform from frame [leo1/map] to frame [leo1/base_link]
[controller_server-1] 
[controller_server-1] [WARN] [1783984081.370614092] [leo1.controller_server]: Control loop missed its desired rate of 20.0000Hz
[controller_server-7] [INFO] [1783984081.929590623] [leo2.controller_server]: Passing new path to controller.
[controller_server-7] [ERROR] [1783984082.041209094] [transformPoseInTargetFrame]: Extrapolation Error looking up target frame: Lookup would require extrapolation into the future.  Requested time 605.305000 but the latest data is at time 605.241000, when looking up transform from frame [leo2/map] to frame [leo2/base_link]
[controller_server-7] 
[controller_server-7] [WARN] [1783984082.042350456] [leo2.controller_server]: Control loop missed its desired rate of 20.0000Hz
[controller_server-1] [INFO] [1783984082.285395710] [leo1.controller_server]: Passing new path to controller.
[controller_server-1] [ERROR] [1783984082.397173840] [transformPoseInTargetFrame]: Extrapolation Error looking up target frame: Lookup would require extrapolation into the future.  Requested time 605.642000 but the latest data is at time 605.620000, when looking up transform from frame [leo1/map] to frame [leo1/base_link]
[controller_server-1] 
[controller_server-1] [WARN] [1783984082.397609869] [leo1.controller_server]: Control loop missed its desired rate of 20.0000Hz
[controller_server-7] [INFO] [1783984082.965780156] [leo2.controller_server]: Passing new path to controller.
[controller_server-7] [ERROR] [1783984083.077599700] [transformPoseInTargetFrame]: Extrapolation Error looking up target frame: Lookup would require extrapolation into the future.  Requested time 606.293000 but the latest data is at time 606.241000, when looking up transform from frame [leo2/map] to frame [leo2/base_link]
[controller_server-7] 
[controller_server-7] [WARN] [1783984083.078328710] [leo2.controller_server]: Control loop missed its desired rate of 20.0000Hz
[controller_server-1] [INFO] [1783984083.320712306] [leo1.controller_server]: Passing new path to controller.
[controller_server-1] [ERROR] [1783984083.432512586] [transformPoseInTargetFrame]: Extrapolation Error looking up target frame: Lookup would require extrapolation into the future.  Requested time 606.628000 but the latest data is at time 606.620000, when looking up transform from frame [leo1/map] to frame [leo1/base_link]
[controller_server-1] 
[controller_server-1] [WARN] [1783984083.432923169] [leo1.controller_server]: Control loop missed its desired rate of 20.0000Hz
[controller_server-7] [INFO] [1783984083.992453332] [leo2.controller_server]: Passing new path to controller.
[controller_server-7] [ERROR] [1783984084.104254186] [transformPoseInTargetFrame]: Extrapolation Error looking up target frame: Lookup would require extrapolation into the future.  Requested time 607.268000 but the latest data is at time 607.241000, when looking up transform from frame [leo2/map] to frame [leo2/base_link]
[controller_server-7] 
[controller_server-7] [WARN] [1783984084.105507859] [leo2.controller_server]: Control loop missed its desired rate of 20.0000Hz
[controller_server-1] [INFO] [1783984084.346096188] [leo1.controller_server]: Passing new path to controller.
[controller_server-7] [INFO] [1783984085.024765235] [leo2.controller_server]: Passing new path to controller.
[controller_server-7] [ERROR] [1783984085.136521494] [transformPoseInTargetFrame]: Extrapolation Error looking up target frame: Lookup would require extrapolation into the future.  Requested time 608.243000 but the latest data is at time 608.241000, when looking up transform from frame [leo2/map] to frame [leo2/base_link]
[controller_server-7] 
[controller_server-7] [WARN] [1783984085.137777500] [leo2.controller_server]: Control loop missed its desired rate of 20.0000Hz
[controller_server-1] [INFO] [1783984085.379495378] [leo1.controller_server]: Passing new path to controller.
[controller_server-7] [INFO] [1783984086.055622096] [leo2.controller_server]: Passing new path to controller.
[controller_server-1] [INFO] [1783984086.433030979] [leo1.controller_server]: Passing new path to controller.
[controller_server-1] [WARN] [1783984086.535673472] [leo1.controller_server]: Control loop missed its desired rate of 20.0000Hz
[controller_server-7] [INFO] [1783984087.105626873] [leo2.controller_server]: Passing new path to controller.
[controller_server-7] [ERROR] [1783984087.227892511] [transformPoseInTargetFrame]: Extrapolation Error looking up target frame: Lookup would require extrapolation into the future.  Requested time 610.097000 but the latest data is at time 610.041000, when looking up transform from frame [leo2/map] to frame [leo2/base_link]
[controller_server-7] 
[controller_server-7] [WARN] [1783984087.228899598] [leo2.controller_server]: Control loop missed its desired rate of 20.0000Hz
[controller_server-1] [INFO] [1783984087.444981882] [leo1.controller_server]: Passing new path to controller.
[controller_server-7] [INFO] [1783984088.153446693] [leo2.controller_server]: Passing new path to controller.
[controller_server-7] [WARN] [1783984088.256699401] [leo2.controller_server]: Control loop missed its desired rate of 20.0000Hz
[controller_server-1] [INFO] [1783984088.476133566] [leo1.controller_server]: Passing new path to controller.
[controller_server-7] [INFO] [1783984089.178987678] [leo2.controller_server]: Passing new path to controller.
[controller_server-7] [ERROR] [1783984089.290802375] [transformPoseInTargetFrame]: Extrapolation Error looking up target frame: Lookup would require extrapolation into the future.  Requested time 611.859000 but the latest data is at time 611.841000, when looking up transform from frame [leo2/map] to frame [leo2/base_link]
[controller_server-7] 
[controller_server-7] [WARN] [1783984089.292151747] [leo2.controller_server]: Control loop missed its desired rate of 20.0000Hz
[controller_server-1] [INFO] [1783984089.485747917] [leo1.controller_server]: Passing new path to controller.
[controller_server-1] [WARN] [1783984089.547351582] [leo1.controller_server]: Control loop missed its desired rate of 20.0000Hz
[controller_server-7] [INFO] [1783984090.212396016] [leo2.controller_server]: Passing new path to controller.
[controller_server-1] [INFO] [1783984090.535734433] [leo1.controller_server]: Passing new path to controller.
[controller_server-1] [WARN] [1783984090.627477504] [leo1.controller_server]: Control loop missed its desired rate of 20.0000Hz
[controller_server-7] [INFO] [1783984091.242220889] [leo2.controller_server]: Passing new path to controller.
[controller_server-7] [WARN] [1783984091.293988809] [leo2.controller_server]: Control loop missed its desired rate of 20.0000Hz
[controller_server-1] [INFO] [1783984091.535742906] [leo1.controller_server]: Passing new path to controller.
[controller_server-7] [INFO] [1783984092.242221815] [leo2.controller_server]: Passing new path to controller.
[controller_server-7] [ERROR] [1783984092.354248211] [transformPoseInTargetFrame]: Extrapolation Error looking up target frame: Lookup would require extrapolation into the future.  Requested time 614.713000 but the latest data is at time 614.641000, when looking up transform from frame [leo2/map] to frame [leo2/base_link]
[controller_server-7] 
[controller_server-7] [WARN] [1783984092.355550414] [leo2.controller_server]: Control loop missed its desired rate of 20.0000Hz
[controller_server-1] [INFO] [1783984092.585767784] [leo1.controller_server]: Passing new path to controller.
[controller_server-7] [INFO] [1783984094.462858360] [leo2.controller_server]: Passing new path to controller.
[controller_server-1] [INFO] [1783984094.484876229] [leo1.controller_server]: Passing new path to controller.
[controller_server-7] [INFO] [1783984095.454803266] [leo2.controller_server]: Passing new path to controller.
[controller_server-1] [INFO] [1783984095.484841416] [leo1.controller_server]: Passing new path to controller.
[bt_navigator-4] [INFO] [1783984095.602570760] [leo1.bt_navigator]: Received goal preemption request
[bt_navigator-4] [INFO] [1783984095.603232638] [leo1.bt_navigator]: Begin navigating from current location (-6.88, -6.10) to (7.46, -1.64)
[controller_server-7] [INFO] [1783984096.504749858] [leo2.controller_server]: Passing new path to controller.
[controller_server-1] [INFO] [1783984096.534861200] [leo1.controller_server]: Passing new path to controller.
[controller_server-1] [WARN] [1783984096.596563464] [leo1.controller_server]: Control loop missed its desired rate of 20.0000Hz
[controller_server-7] [WARN] [1783984096.617648202] [leo2.controller_server]: Control loop missed its desired rate of 20.0000Hz
[controller_server-1] [ERROR] [1783984096.756349491] [transformPoseInTargetFrame]: Extrapolation Error looking up target frame: Lookup would require extrapolation into the future.  Requested time 617.035000 but the latest data is at time 617.020000, when looking up transform from frame [leo1/map] to frame [leo1/base_link]
[controller_server-1] 
[controller_server-1] [WARN] [1783984096.757406126] [leo1.controller_server]: Control loop missed its desired rate of 20.0000Hz
[planner_server-8] [ERROR] [1783984097.490102217] [leo2.planner_server]: Failed to create a plan from potential when a legal potential was found. This shouldn't happen.
[planner_server-8] [WARN] [1783984097.490182208] [leo2.planner_server]: GridBased: failed to create plan with tolerance 0.50.
[planner_server-8] [WARN] [1783984097.490192861] [leo2.planner_server]: Planning algorithm GridBased failed to generate a valid path to (9.10, -2.07)
[planner_server-8] [WARN] [1783984097.490201314] [leo2.planner_server]: [compute_path_to_pose] [ActionServer] Aborting handle.
[planner_server-8] [INFO] [1783984097.507451507] [leo2.global_costmap.global_costmap]: Received request to clear entirely the global_costmap
[controller_server-1] [INFO] [1783984097.582460613] [leo1.controller_server]: Passing new path to controller.
[planner_server-8] [ERROR] [1783984097.611370958] [leo2.planner_server]: Failed to create a plan from potential when a legal potential was found. This shouldn't happen.
[planner_server-8] [WARN] [1783984097.611493395] [leo2.planner_server]: GridBased: failed to create plan with tolerance 0.50.
[planner_server-8] [WARN] [1783984097.611506819] [leo2.planner_server]: Planning algorithm GridBased failed to generate a valid path to (9.10, -2.07)
[planner_server-8] [WARN] [1783984097.611516019] [leo2.planner_server]: [compute_path_to_pose] [ActionServer] Aborting handle.
[controller_server-7] [INFO] [1783984097.642991663] [leo2.controller_server]: Goal was canceled. Stopping the robot.
[controller_server-7] [INFO] [1783984097.643040191] [leo2.controller_server]: [follow_path] [ActionServer] Client requested to cancel the goal. Cancelling.
[controller_server-7] [INFO] [1783984097.643399761] [leo2.local_costmap.local_costmap]: Received request to clear entirely the local_costmap
[planner_server-8] [INFO] [1783984097.643941705] [leo2.global_costmap.global_costmap]: Received request to clear entirely the global_costmap
[bt_navigator-10] [WARN] [1783984097.644989293] [BehaviorTreeEngine]: Behavior Tree tick rate 100.00 was exceeded!
[controller_server-1] [ERROR] [1783984097.695040561] [transformPoseInTargetFrame]: Extrapolation Error looking up target frame: Lookup would require extrapolation into the future.  Requested time 617.864000 but the latest data is at time 617.820000, when looking up transform from frame [leo1/map] to frame [leo1/base_link]
[controller_server-1] 
[controller_server-1] [WARN] [1783984097.696235648] [leo1.controller_server]: Control loop missed its desired rate of 20.0000Hz
[controller_server-7] [INFO] [1783984097.838602713] [leo2.controller_server]: Received a goal, begin computing control effort.
[controller_server-7] [ERROR] [1783984097.960433080] [transformPoseInTargetFrame]: Extrapolation Error looking up target frame: Lookup would require extrapolation into the future.  Requested time 618.088000 but the latest data is at time 618.041000, when looking up transform from frame [leo2/map] to frame [leo2/base_link]
[controller_server-7] 
[controller_server-7] [WARN] [1783984097.962173688] [leo2.controller_server]: Control loop missed its desired rate of 20.0000Hz
[controller_server-1] [INFO] [1783984098.607485014] [leo1.controller_server]: Passing new path to controller.
[controller_server-1] [ERROR] [1783984098.818819566] [transformPoseInTargetFrame]: Extrapolation Error looking up target frame: Lookup would require extrapolation into the future.  Requested time 618.864000 but the latest data is at time 618.820000, when looking up transform from frame [leo1/map] to frame [leo1/base_link]
[controller_server-1] 
[controller_server-1] [WARN] [1783984098.820323958] [leo1.controller_server]: Control loop missed its desired rate of 20.0000Hz
[controller_server-7] [INFO] [1783984098.882898288] [leo2.controller_server]: Passing new path to controller.
[controller_server-1] [INFO] [1783984099.641773515] [leo1.controller_server]: Passing new path to controller.
[controller_server-1] [WARN] [1783984099.723672511] [leo1.controller_server]: Control loop missed its desired rate of 20.0000Hz
[controller_server-1] [ERROR] [1783984099.881718133] [transformPoseInTargetFrame]: Extrapolation Error looking up target frame: Lookup would require extrapolation into the future.  Requested time 619.848000 but the latest data is at time 619.820000, when looking up transform from frame [leo1/map] to frame [leo1/base_link]
[controller_server-1] 
[controller_server-1] [WARN] [1783984099.883578885] [leo1.controller_server]: Control loop missed its desired rate of 20.0000Hz
[controller_server-7] [INFO] [1783984099.912245016] [leo2.controller_server]: Passing new path to controller.
[controller_server-1] [INFO] [1783984100.655227661] [leo1.controller_server]: Passing new path to controller.
[controller_server-1] [ERROR] [1783984100.767415062] [transformPoseInTargetFrame]: Extrapolation Error looking up target frame: Lookup would require extrapolation into the future.  Requested time 620.678000 but the latest data is at time 620.620000, when looking up transform from frame [leo1/map] to frame [leo1/base_link]
[controller_server-1] 
[controller_server-1] [WARN] [1783984100.768357525] [leo1.controller_server]: Control loop missed its desired rate of 20.0000Hz
[controller_server-7] [INFO] [1783984100.962248917] [leo2.controller_server]: Passing new path to controller.
[controller_server-7] [WARN] [1783984101.014768203] [leo2.controller_server]: Control loop missed its desired rate of 20.0000Hz
[controller_server-1] [INFO] [1783984101.683652645] [leo1.controller_server]: Passing new path to controller.
[controller_server-1] [ERROR] [1783984101.795541142] [transformPoseInTargetFrame]: Extrapolation Error looking up target frame: Lookup would require extrapolation into the future.  Requested time 621.652000 but the latest data is at time 621.620000, when looking up transform from frame [leo1/map] to frame [leo1/base_link]
[controller_server-1] 
[controller_server-1] [WARN] [1783984101.796548791] [leo1.controller_server]: Control loop missed its desired rate of 20.0000Hz
[controller_server-7] [INFO] [1783984101.962283022] [leo2.controller_server]: Passing new path to controller.
[controller_server-7] [WARN] [1783984102.075137046] [leo2.controller_server]: Control loop missed its desired rate of 20.0000Hz
[controller_server-1] [INFO] [1783984102.718005858] [leo1.controller_server]: Passing new path to controller.
[controller_server-1] [ERROR] [1783984102.829699204] [transformPoseInTargetFrame]: Extrapolation Error looking up target frame: Lookup would require extrapolation into the future.  Requested time 622.633000 but the latest data is at time 622.620000, when looking up transform from frame [leo1/map] to frame [leo1/base_link]
[controller_server-1] 
[controller_server-1] [WARN] [1783984102.830662509] [leo1.controller_server]: Control loop missed its desired rate of 20.0000Hz
[controller_server-7] [INFO] [1783984102.994179687] [leo2.controller_server]: Passing new path to controller.
[controller_server-7] [ERROR] [1783984103.115997036] [transformPoseInTargetFrame]: Extrapolation Error looking up target frame: Lookup would require extrapolation into the future.  Requested time 622.896000 but the latest data is at time 622.841000, when looking up transform from frame [leo2/map] to frame [leo2/base_link]
[controller_server-7] 
[controller_server-7] [WARN] [1783984103.117352474] [leo2.controller_server]: Control loop missed its desired rate of 20.0000Hz
[planner_server-8] [INFO] [1783984103.205124640] [leo2.global_costmap.global_costmap]: StaticLayer: Resizing costmap to 480 X 319 at 0.050000 m/pix
[controller_server-1] [INFO] [1783984103.746626317] [leo1.controller_server]: Passing new path to controller.
[controller_server-7] [INFO] [1783984104.025267124] [leo2.controller_server]: Passing new path to controller.
[controller_server-7] [ERROR] [1783984104.137334602] [transformPoseInTargetFrame]: Extrapolation Error looking up target frame: Lookup would require extrapolation into the future.  Requested time 623.846000 but the latest data is at time 623.841000, when looking up transform from frame [leo2/map] to frame [leo2/base_link]
[controller_server-7] 
[controller_server-7] [WARN] [1783984104.139759888] [leo2.controller_server]: Control loop missed its desired rate of 20.0000Hz
[controller_server-1] [INFO] [1783984104.746592587] [leo1.controller_server]: Passing new path to controller.
[controller_server-1] [WARN] [1783984104.869920204] [leo1.controller_server]: Control loop missed its desired rate of 20.0000Hz
[controller_server-7] [INFO] [1783984105.061716847] [leo2.controller_server]: Passing new path to controller.
[controller_server-1] [INFO] [1783984105.792412097] [leo1.controller_server]: Passing new path to controller.
[controller_server-7] [INFO] [1783984106.089877973] [leo2.controller_server]: Passing new path to controller.
[controller_server-7] [ERROR] [1783984106.211985744] [transformPoseInTargetFrame]: Extrapolation Error looking up target frame: Lookup would require extrapolation into the future.  Requested time 625.663000 but the latest data is at time 625.641000, when looking up transform from frame [leo2/map] to frame [leo2/base_link]
[controller_server-7] 
[controller_server-7] [WARN] [1783984106.212817557] [leo2.controller_server]: Control loop missed its desired rate of 20.0000Hz
[controller_server-1] [INFO] [1783984106.819985584] [leo1.controller_server]: Passing new path to controller.
[controller_server-1] [WARN] [1783984106.892400219] [leo1.controller_server]: Control loop missed its desired rate of 20.0000Hz
[controller_server-7] [INFO] [1783984107.132730366] [leo2.controller_server]: Passing new path to controller.
[controller_server-1] [INFO] [1783984107.870022442] [leo1.controller_server]: Passing new path to controller.
[controller_server-1] [WARN] [1783984107.974761853] [leo1.controller_server]: Control loop missed its desired rate of 20.0000Hz
[controller_server-7] [INFO] [1783984108.162887639] [leo2.controller_server]: Passing new path to controller.
[controller_server-1] [INFO] [1783984108.893484449] [leo1.controller_server]: Passing new path to controller.
[controller_server-1] [ERROR] [1783984109.005386569] [transformPoseInTargetFrame]: Extrapolation Error looking up target frame: Lookup would require extrapolation into the future.  Requested time 628.249000 but the latest data is at time 628.220000, when looking up transform from frame [leo1/map] to frame [leo1/base_link]
[controller_server-1] 
[controller_server-1] [WARN] [1783984109.006192635] [leo1.controller_server]: Control loop missed its desired rate of 20.0000Hz
[controller_server-7] [INFO] [1783984109.212925859] [leo2.controller_server]: Passing new path to controller.
[controller_server-7] [WARN] [1783984109.286651164] [leo2.controller_server]: Control loop missed its desired rate of 20.0000Hz
[controller_server-1] [INFO] [1783984109.924863519] [leo1.controller_server]: Passing new path to controller.
[controller_server-7] [INFO] [1783984110.212894503] [leo2.controller_server]: Passing new path to controller.
[controller_server-7] [ERROR] [1783984110.324825703] [transformPoseInTargetFrame]: Extrapolation Error looking up target frame: Lookup would require extrapolation into the future.  Requested time 629.491000 but the latest data is at time 629.441000, when looking up transform from frame [leo2/map] to frame [leo2/base_link]
[controller_server-7] 
[controller_server-7] [WARN] [1783984110.325960185] [leo2.controller_server]: Control loop missed its desired rate of 20.0000Hz
[controller_server-1] [INFO] [1783984110.924841365] [leo1.controller_server]: Passing new path to controller.
[controller_server-1] [WARN] [1783984110.976689397] [leo1.controller_server]: Control loop missed its desired rate of 20.0000Hz
[controller_server-7] [INFO] [1783984111.250252137] [leo2.controller_server]: Passing new path to controller.
[controller_server-7] [ERROR] [1783984111.362171176] [transformPoseInTargetFrame]: Extrapolation Error looking up target frame: Lookup would require extrapolation into the future.  Requested time 630.461000 but the latest data is at time 630.441000, when looking up transform from frame [leo2/map] to frame [leo2/base_link]
[controller_server-7] 
[controller_server-7] [WARN] [1783984111.363655181] [leo2.controller_server]: Control loop missed its desired rate of 20.0000Hz
[controller_server-1] [INFO] [1783984111.974891416] [leo1.controller_server]: Passing new path to controller.
[controller_server-1] [WARN] [1783984112.068560928] [leo1.controller_server]: Control loop missed its desired rate of 20.0000Hz
[controller_server-7] [INFO] [1783984112.276068672] [leo2.controller_server]: Passing new path to controller.
[controller_server-7] [WARN] [1783984112.328397417] [leo2.controller_server]: Control loop missed its desired rate of 20.0000Hz
[controller_server-1] [INFO] [1783984113.024864659] [leo1.controller_server]: Passing new path to controller.
[controller_server-1] [ERROR] [1783984113.147641706] [transformPoseInTargetFrame]: Extrapolation Error looking up target frame: Lookup would require extrapolation into the future.  Requested time 632.034000 but the latest data is at time 632.020000, when looking up transform from frame [leo1/map] to frame [leo1/base_link]
[controller_server-1] 
[controller_server-1] [WARN] [1783984113.148725376] [leo1.controller_server]: Control loop missed its desired rate of 20.0000Hz
[controller_server-7] [INFO] [1783984113.326064176] [leo2.controller_server]: Passing new path to controller.
[controller_server-7] [ERROR] [1783984113.438007219] [transformPoseInTargetFrame]: Extrapolation Error looking up target frame: Lookup would require extrapolation into the future.  Requested time 632.298000 but the latest data is at time 632.241000, when looking up transform from frame [leo2/map] to frame [leo2/base_link]
[controller_server-7] 
[controller_server-7] [WARN] [1783984113.439814062] [leo2.controller_server]: Control loop missed its desired rate of 20.0000Hz
[controller_server-1] [INFO] [1783984114.026493862] [leo1.controller_server]: Passing new path to controller.
[controller_server-1] [WARN] [1783984114.141141171] [leo1.controller_server]: Control loop missed its desired rate of 20.0000Hz
[controller_server-7] [INFO] [1783984114.366321651] [leo2.controller_server]: Passing new path to controller.
[controller_server-1] [INFO] [1783984115.048815340] [leo1.controller_server]: Passing new path to controller.
[controller_server-1] [ERROR] [1783984115.160477889] [transformPoseInTargetFrame]: Extrapolation Error looking up target frame: Lookup would require extrapolation into the future.  Requested time 633.852000 but the latest data is at time 633.820000, when looking up transform from frame [leo1/map] to frame [leo1/base_link]
[controller_server-1] 
[controller_server-1] [WARN] [1783984115.161413849] [leo1.controller_server]: Control loop missed its desired rate of 20.0000Hz
[controller_server-7] [INFO] [1783984115.389894096] [leo2.controller_server]: Passing new path to controller.
[controller_server-7] [WARN] [1783984115.442130457] [leo2.controller_server]: Control loop missed its desired rate of 20.0000Hz
[controller_server-1] [INFO] [1783984116.088292449] [leo1.controller_server]: Passing new path to controller.
[controller_server-1] [ERROR] [1783984116.200016920] [transformPoseInTargetFrame]: Extrapolation Error looking up target frame: Lookup would require extrapolation into the future.  Requested time 634.834000 but the latest data is at time 634.820000, when looking up transform from frame [leo1/map] to frame [leo1/base_link]
[controller_server-1] 
[controller_server-1] [WARN] [1783984116.201872248] [leo1.controller_server]: Control loop missed its desired rate of 20.0000Hz
[controller_server-7] [INFO] [1783984116.389839254] [leo2.controller_server]: Passing new path to controller.
[controller_server-7] [WARN] [1783984116.502602344] [leo2.controller_server]: Control loop missed its desired rate of 20.0000Hz
[controller_server-1] [INFO] [1783984117.111522430] [leo1.controller_server]: Passing new path to controller.
[controller_server-7] [INFO] [1783984117.430205010] [leo2.controller_server]: Passing new path to controller.
[controller_server-7] [ERROR] [1783984117.541792749] [transformPoseInTargetFrame]: Extrapolation Error looking up target frame: Lookup would require extrapolation into the future.  Requested time 636.090000 but the latest data is at time 636.041000, when looking up transform from frame [leo2/map] to frame [leo2/base_link]
[controller_server-7] 
[controller_server-7] [WARN] [1783984117.543383590] [leo2.controller_server]: Control loop missed its desired rate of 20.0000Hz
[controller_server-1] [INFO] [1783984118.161485737] [leo1.controller_server]: Passing new path to controller.
[controller_server-1] [WARN] [1783984118.214479944] [leo1.controller_server]: Control loop missed its desired rate of 20.0000Hz
[controller_server-7] [INFO] [1783984118.452685904] [leo2.controller_server]: Passing new path to controller.
[controller_server-1] [INFO] [1783984119.211514259] [leo1.controller_server]: Passing new path to controller.
[controller_server-1] [WARN] [1783984119.264871811] [leo1.controller_server]: Control loop missed its desired rate of 20.0000Hz
[controller_server-7] [INFO] [1783984119.502748762] [leo2.controller_server]: Passing new path to controller.
[controller_server-1] [INFO] [1783984120.211509221] [leo1.controller_server]: Passing new path to controller.
[controller_server-1] [ERROR] [1783984120.333845850] [transformPoseInTargetFrame]: Extrapolation Error looking up target frame: Lookup would require extrapolation into the future.  Requested time 638.625000 but the latest data is at time 638.620000, when looking up transform from frame [leo1/map] to frame [leo1/base_link]
[controller_server-1] 
[controller_server-1] [WARN] [1783984120.334974491] [leo1.controller_server]: Control loop missed its desired rate of 20.0000Hz
[controller_server-7] [INFO] [1783984120.502695849] [leo2.controller_server]: Passing new path to controller.
[controller_server-7] [ERROR] [1783984120.614947426] [transformPoseInTargetFrame]: Extrapolation Error looking up target frame: Lookup would require extrapolation into the future.  Requested time 638.876000 but the latest data is at time 638.841000, when looking up transform from frame [leo2/map] to frame [leo2/base_link]
[controller_server-7] 
[controller_server-7] [WARN] [1783984120.616525350] [leo2.controller_server]: Control loop missed its desired rate of 20.0000Hz
[controller_server-1] [INFO] [1783984121.264191465] [leo1.controller_server]: Passing new path to controller.
[controller_server-7] [INFO] [1783984121.539981686] [leo2.controller_server]: Passing new path to controller.
[controller_server-1] [INFO] [1783984122.285064860] [leo1.controller_server]: Passing new path to controller.
[controller_server-1] [ERROR] [1783984122.407809501] [transformPoseInTargetFrame]: Extrapolation Error looking up target frame: Lookup would require extrapolation into the future.  Requested time 640.440000 but the latest data is at time 640.420000, when looking up transform from frame [leo1/map] to frame [leo1/base_link]
[controller_server-1] 
[controller_server-1] [WARN] [1783984122.409000984] [leo1.controller_server]: Control loop missed its desired rate of 20.0000Hz
[controller_server-7] [INFO] [1783984122.566587139] [leo2.controller_server]: Passing new path to controller.
[controller_server-7] [ERROR] [1783984122.678498341] [transformPoseInTargetFrame]: Extrapolation Error looking up target frame: Lookup would require extrapolation into the future.  Requested time 640.688000 but the latest data is at time 640.641000, when looking up transform from frame [leo2/map] to frame [leo2/base_link]
[controller_server-7] 
[controller_server-7] [WARN] [1783984122.679258286] [leo2.controller_server]: Control loop missed its desired rate of 20.0000Hz
[controller_server-1] [INFO] [1783984123.333663472] [leo1.controller_server]: Passing new path to controller.
[controller_server-7] [INFO] [1783984123.596099679] [leo2.controller_server]: Passing new path to controller.
[controller_server-7] [ERROR] [1783984123.708271764] [transformPoseInTargetFrame]: Extrapolation Error looking up target frame: Lookup would require extrapolation into the future.  Requested time 641.656000 but the latest data is at time 641.641000, when looking up transform from frame [leo2/map] to frame [leo2/base_link]
[controller_server-7] 
[controller_server-7] [WARN] [1783984123.708909083] [leo2.controller_server]: Control loop missed its desired rate of 20.0000Hz
[controller_server-1] [INFO] [1783984124.359075370] [leo1.controller_server]: Passing new path to controller.
[controller_server-7] [INFO] [1783984125.984881917] [leo2.controller_server]: Passing new path to controller.
[controller_server-1] [INFO] [1783984126.014491949] [leo1.controller_server]: Passing new path to controller.
[controller_server-7] [INFO] [1783984126.034745928] [leo2.controller_server]: Passing new path to controller.
[controller_server-1] [ERROR] [1783984126.126194332] [transformPoseInTargetFrame]: Extrapolation Error looking up target frame: Lookup would require extrapolation into the future.  Requested time 642.460000 but the latest data is at time 642.420000, when looking up transform from frame [leo1/map] to frame [leo1/base_link]
[controller_server-1] 
[controller_server-1] [WARN] [1783984126.127273391] [leo1.controller_server]: Control loop missed its desired rate of 20.0000Hz
[controller_server-7] [ERROR] [1783984126.146463654] [transformPoseInTargetFrame]: Extrapolation Error looking up target frame: Lookup would require extrapolation into the future.  Requested time 642.479000 but the latest data is at time 642.441000, when looking up transform from frame [leo2/map] to frame [leo2/base_link]
[controller_server-7] 
[controller_server-7] [WARN] [1783984126.147085770] [leo2.controller_server]: Control loop missed its desired rate of 20.0000Hz
[controller_server-1] [INFO] [1783984127.051516758] [leo1.controller_server]: Passing new path to controller.
[controller_server-7] [INFO] [1783984127.065384123] [leo2.controller_server]: Passing new path to controller.
[controller_server-1] [ERROR] [1783984127.164824956] [transformPoseInTargetFrame]: Extrapolation Error looking up target frame: Lookup would require extrapolation into the future.  Requested time 643.431000 but the latest data is at time 643.420000, when looking up transform from frame [leo1/map] to frame [leo1/base_link]
[controller_server-1] 
[controller_server-1] [WARN] [1783984127.165732708] [leo1.controller_server]: Control loop missed its desired rate of 20.0000Hz
[controller_server-7] [ERROR] [1783984127.177039470] [transformPoseInTargetFrame]: Extrapolation Error looking up target frame: Lookup would require extrapolation into the future.  Requested time 643.442000 but the latest data is at time 643.441000, when looking up transform from frame [leo2/map] to frame [leo2/base_link]
[controller_server-7] 
[controller_server-7] [WARN] [1783984127.177615728] [leo2.controller_server]: Control loop missed its desired rate of 20.0000Hz
[controller_server-1] [INFO] [1783984128.077369672] [leo1.controller_server]: Passing new path to controller.
[controller_server-7] [INFO] [1783984128.097173359] [leo2.controller_server]: Passing new path to controller.
[controller_server-1] [WARN] [1783984128.149757362] [leo1.controller_server]: Control loop missed its desired rate of 20.0000Hz
[controller_server-7] [WARN] [1783984128.169716866] [leo2.controller_server]: Control loop missed its desired rate of 20.0000Hz
[controller_server-1] [INFO] [1783984129.127356694] [leo1.controller_server]: Passing new path to controller.
[controller_server-7] [INFO] [1783984129.147215919] [leo2.controller_server]: Passing new path to controller.
[controller_server-1] [ERROR] [1783984129.260119528] [transformPoseInTargetFrame]: Extrapolation Error looking up target frame: Lookup would require extrapolation into the future.  Requested time 645.258000 but the latest data is at time 645.220000, when looking up transform from frame [leo1/map] to frame [leo1/base_link]
[controller_server-1] 
[controller_server-1] [WARN] [1783984129.261350706] [leo1.controller_server]: Control loop missed its desired rate of 20.0000Hz
[controller_server-7] [ERROR] [1783984129.279616252] [transformPoseInTargetFrame]: Extrapolation Error looking up target frame: Lookup would require extrapolation into the future.  Requested time 645.275000 but the latest data is at time 645.241000, when looking up transform from frame [leo2/map] to frame [leo2/base_link]
[controller_server-7] 
[controller_server-7] [WARN] [1783984129.280926746] [leo2.controller_server]: Control loop missed its desired rate of 20.0000Hz
[controller_server-1] [INFO] [1783984130.137130284] [leo1.controller_server]: Passing new path to controller.
[controller_server-7] [INFO] [1783984130.147805111] [leo2.controller_server]: Passing new path to controller.
[controller_server-1] [WARN] [1783984130.250857149] [leo1.controller_server]: Control loop missed its desired rate of 20.0000Hz
[controller_server-7] [WARN] [1783984130.260740896] [leo2.controller_server]: Control loop missed its desired rate of 20.0000Hz
[controller_server-1] [INFO] [1783984131.161473024] [leo1.controller_server]: Passing new path to controller.
[controller_server-7] [INFO] [1783984131.181027927] [leo2.controller_server]: Passing new path to controller.
[controller_server-1] [INFO] [1783984132.211428370] [leo1.controller_server]: Passing new path to controller.
[controller_server-7] [INFO] [1783984132.231154669] [leo2.controller_server]: Passing new path to controller.
[controller_server-1] [WARN] [1783984132.294297730] [leo1.controller_server]: Control loop missed its desired rate of 20.0000Hz
[controller_server-7] [WARN] [1783984132.323370125] [leo2.controller_server]: Control loop missed its desired rate of 20.0000Hz
[planner_server-2] [INFO] [1783984132.960133119] [leo1.global_costmap.global_costmap]: StaticLayer: Resizing costmap to 479 X 318 at 0.050000 m/pix
[controller_server-7] [INFO] [1783984133.230992304] [leo2.controller_server]: Passing new path to controller.
[controller_server-1] [INFO] [1783984133.261453916] [leo1.controller_server]: Passing new path to controller.
[controller_server-7] [ERROR] [1783984133.343442785] [transformPoseInTargetFrame]: Extrapolation Error looking up target frame: Lookup would require extrapolation into the future.  Requested time 648.878000 but the latest data is at time 648.841000, when looking up transform from frame [leo2/map] to frame [leo2/base_link]
[controller_server-7] 
[controller_server-7] [WARN] [1783984133.343993472] [leo2.controller_server]: Control loop missed its desired rate of 20.0000Hz
[controller_server-1] [WARN] [1783984133.364573217] [leo1.controller_server]: Control loop missed its desired rate of 20.0000Hz
[controller_server-7] [INFO] [1783984134.259580799] [leo2.controller_server]: Passing new path to controller.
[controller_server-1] [INFO] [1783984134.282414870] [leo1.controller_server]: Passing new path to controller.
[controller_server-7] [ERROR] [1783984134.371277839] [transformPoseInTargetFrame]: Extrapolation Error looking up target frame: Lookup would require extrapolation into the future.  Requested time 649.843000 but the latest data is at time 649.841000, when looking up transform from frame [leo2/map] to frame [leo2/base_link]
[controller_server-7] 
[controller_server-7] [WARN] [1783984134.371667733] [leo2.controller_server]: Control loop missed its desired rate of 20.0000Hz
[controller_server-1] [ERROR] [1783984134.394223709] [transformPoseInTargetFrame]: Extrapolation Error looking up target frame: Lookup would require extrapolation into the future.  Requested time 649.864000 but the latest data is at time 649.820000, when looking up transform from frame [leo1/map] to frame [leo1/base_link]
[controller_server-1] 
[controller_server-1] [WARN] [1783984134.394982004] [leo1.controller_server]: Control loop missed its desired rate of 20.0000Hz
[controller_server-7] [INFO] [1783984135.294071717] [leo2.controller_server]: Passing new path to controller.
[controller_server-1] [INFO] [1783984135.314643307] [leo1.controller_server]: Passing new path to controller.
[controller_server-1] [ERROR] [1783984135.426496462] [transformPoseInTargetFrame]: Extrapolation Error looking up target frame: Lookup would require extrapolation into the future.  Requested time 650.843000 but the latest data is at time 650.820000, when looking up transform from frame [leo1/map] to frame [leo1/base_link]
[controller_server-1] 
[controller_server-1] [WARN] [1783984135.427311458] [leo1.controller_server]: Control loop missed its desired rate of 20.0000Hz
[controller_server-7] [INFO] [1783984136.294056469] [leo2.controller_server]: Passing new path to controller.
[controller_server-7] [WARN] [1783984136.345410715] [leo2.controller_server]: Control loop missed its desired rate of 20.0000Hz
[controller_server-1] [INFO] [1783984136.345756090] [leo1.controller_server]: Passing new path to controller.
[bt_navigator-10] [INFO] [1783984136.992798930] [leo2.bt_navigator]: Received goal preemption request
[bt_navigator-10] [INFO] [1783984136.994125533] [leo2.bt_navigator]: Begin navigating from current location (7.66, -1.97) to (9.52, -3.53)
[controller_server-7] [INFO] [1783984137.344080578] [leo2.controller_server]: Passing new path to controller.
[controller_server-1] [INFO] [1783984137.377410377] [leo1.controller_server]: Passing new path to controller.
[controller_server-7] [WARN] [1783984137.427889680] [leo2.controller_server]: Control loop missed its desired rate of 20.0000Hz
[controller_server-7] [INFO] [1783984138.344063080] [leo2.controller_server]: Passing new path to controller.
[controller_server-1] [INFO] [1783984138.377422531] [leo1.controller_server]: Passing new path to controller.
[controller_server-1] [WARN] [1783984138.450175556] [leo1.controller_server]: Control loop missed its desired rate of 20.0000Hz
[controller_server-7] [ERROR] [1783984138.455817046] [transformPoseInTargetFrame]: Extrapolation Error looking up target frame: Lookup would require extrapolation into the future.  Requested time 653.706000 but the latest data is at time 653.641000, when looking up transform from frame [leo2/map] to frame [leo2/base_link]
[controller_server-7] 
[controller_server-7] [WARN] [1783984138.456652859] [leo2.controller_server]: Control loop missed its desired rate of 20.0000Hz
[controller_server-7] [INFO] [1783984139.424363959] [leo2.controller_server]: Passing new path to controller.
[controller_server-1] [INFO] [1783984139.427405015] [leo1.controller_server]: Passing new path to controller.
[controller_server-7] [ERROR] [1783984139.546541986] [transformPoseInTargetFrame]: Extrapolation Error looking up target frame: Lookup would require extrapolation into the future.  Requested time 654.662000 but the latest data is at time 654.641000, when looking up transform from frame [leo2/map] to frame [leo2/base_link]
[controller_server-7] 
[controller_server-7] [WARN] [1783984139.547359933] [leo2.controller_server]: Control loop missed its desired rate of 20.0000Hz
[controller_server-1] [ERROR] [1783984139.549810913] [transformPoseInTargetFrame]: Extrapolation Error looking up target frame: Lookup would require extrapolation into the future.  Requested time 654.665000 but the latest data is at time 654.620000, when looking up transform from frame [leo1/map] to frame [leo1/base_link]
[controller_server-1] 
[controller_server-1] [WARN] [1783984139.551193043] [leo1.controller_server]: Control loop missed its desired rate of 20.0000Hz
[planner_server-8] [ERROR] [1783984140.385053352] [leo2.planner_server]: Failed to create a plan from potential when a legal potential was found. This shouldn't happen.
[planner_server-8] [WARN] [1783984140.385127861] [leo2.planner_server]: GridBased: failed to create plan with tolerance 0.50.
[planner_server-8] [WARN] [1783984140.385137684] [leo2.planner_server]: Planning algorithm GridBased failed to generate a valid path to (9.52, -3.53)
[planner_server-8] [WARN] [1783984140.385145096] [leo2.planner_server]: [compute_path_to_pose] [ActionServer] Aborting handle.
[planner_server-8] [INFO] [1783984140.402749878] [leo2.global_costmap.global_costmap]: Received request to clear entirely the global_costmap
[controller_server-1] [INFO] [1783984140.470989596] [leo1.controller_server]: Passing new path to controller.
[planner_server-8] [ERROR] [1783984140.565763934] [leo2.planner_server]: Failed to create a plan from potential when a legal potential was found. This shouldn't happen.
[planner_server-8] [WARN] [1783984140.565878062] [leo2.planner_server]: GridBased: failed to create plan with tolerance 0.50.
[planner_server-8] [WARN] [1783984140.565901452] [leo2.planner_server]: Planning algorithm GridBased failed to generate a valid path to (9.52, -3.53)
[planner_server-8] [WARN] [1783984140.565918765] [leo2.planner_server]: [compute_path_to_pose] [ActionServer] Aborting handle.
[bt_navigator-10] [ERROR] [1783984140.603818029] [leo2.bt_navigator_navigate_to_pose_rclcpp_node]: Failed to get result for follow_path in node halt!
[behavior_server-9] [INFO] [1783984140.604729603] [leo2.behavior_server]: Running spin
[behavior_server-9] [INFO] [1783984140.604819931] [leo2.behavior_server]: Turning 1.57 for spin behavior.
[bt_navigator-10] [WARN] [1783984140.605085566] [BehaviorTreeEngine]: Behavior Tree tick rate 100.00 was exceeded!
[controller_server-7] [INFO] [1783984140.606722972] [leo2.controller_server]: Goal was canceled. Stopping the robot.
[controller_server-7] [INFO] [1783984140.606756030] [leo2.controller_server]: [follow_path] [ActionServer] Client requested to cancel the goal. Cancelling.
[controller_server-1] [INFO] [1783984141.501268251] [leo1.controller_server]: Passing new path to controller.
[planner_server-2] [INFO] [1783984141.560139756] [leo1.global_costmap.global_costmap]: StaticLayer: Resizing costmap to 478 X 318 at 0.050000 m/pix
[controller_server-1] [INFO] [1783984142.501273106] [leo1.controller_server]: Passing new path to controller.
[behavior_server-9] [INFO] [1783984142.504959976] [leo2.behavior_server]: spin completed successfully
[controller_server-7] [INFO] [1783984142.546220485] [leo2.controller_server]: Received a goal, begin computing control effort.
[controller_server-1] [ERROR] [1783984142.613301086] [transformPoseInTargetFrame]: Extrapolation Error looking up target frame: Lookup would require extrapolation into the future.  Requested time 657.502000 but the latest data is at time 657.480000, when looking up transform from frame [leo1/map] to frame [leo1/base_link]
[controller_server-1] 
[controller_server-1] [WARN] [1783984142.614132034] [leo1.controller_server]: Control loop missed its desired rate of 20.0000Hz
[controller_server-7] [WARN] [1783984142.647385813] [leo2.controller_server]: Control loop missed its desired rate of 20.0000Hz
[controller_server-7] [ERROR] [1783984142.818899653] [transformPoseInTargetFrame]: Extrapolation Error looking up target frame: Lookup would require extrapolation into the future.  Requested time 657.697000 but the latest data is at time 657.641000, when looking up transform from frame [leo2/map] to frame [leo2/base_link]
[controller_server-7] 
[controller_server-7] [WARN] [1783984142.819558138] [leo2.controller_server]: Control loop missed its desired rate of 20.0000Hz
[controller_server-1] [INFO] [1783984143.530627569] [leo1.controller_server]: Passing new path to controller.
[controller_server-7] [INFO] [1783984143.597500261] [leo2.controller_server]: Passing new path to controller.
[controller_server-1] [ERROR] [1783984143.642565093] [transformPoseInTargetFrame]: Extrapolation Error looking up target frame: Lookup would require extrapolation into the future.  Requested time 658.479000 but the latest data is at time 658.420000, when looking up transform from frame [leo1/map] to frame [leo1/base_link]
[controller_server-1] 
[controller_server-1] [WARN] [1783984143.643871459] [leo1.controller_server]: Control loop missed its desired rate of 20.0000Hz
[controller_server-7] [WARN] [1783984143.679261605] [leo2.controller_server]: Control loop missed its desired rate of 20.0000Hz
[controller_server-7] [ERROR] [1783984143.858988937] [transformPoseInTargetFrame]: Extrapolation Error looking up target frame: Lookup would require extrapolation into the future.  Requested time 658.682000 but the latest data is at time 658.641000, when looking up transform from frame [leo2/map] to frame [leo2/base_link]
[controller_server-7] 
[controller_server-7] [WARN] [1783984143.859712346] [leo2.controller_server]: Control loop missed its desired rate of 20.0000Hz
[controller_server-1] [INFO] [1783984144.564201875] [leo1.controller_server]: Passing new path to controller.
[controller_server-7] [INFO] [1783984144.618507003] [leo2.controller_server]: Passing new path to controller.
[controller_server-1] [ERROR] [1783984144.676549803] [transformPoseInTargetFrame]: Extrapolation Error looking up target frame: Lookup would require extrapolation into the future.  Requested time 659.460000 but the latest data is at time 659.420000, when looking up transform from frame [leo1/map] to frame [leo1/base_link]
[controller_server-1] 
[controller_server-1] [WARN] [1783984144.678496640] [leo1.controller_server]: Control loop missed its desired rate of 20.0000Hz
[controller_server-7] [ERROR] [1783984144.730568462] [transformPoseInTargetFrame]: Extrapolation Error looking up target frame: Lookup would require extrapolation into the future.  Requested time 659.511000 but the latest data is at time 659.441000, when looking up transform from frame [leo2/map] to frame [leo2/base_link]
[controller_server-7] 
[controller_server-7] [WARN] [1783984144.730978302] [leo2.controller_server]: Control loop missed its desired rate of 20.0000Hz
[controller_server-1] [INFO] [1783984145.596785066] [leo1.controller_server]: Passing new path to controller.
[controller_server-7] [INFO] [1783984145.659786904] [leo2.controller_server]: Passing new path to controller.
[controller_server-7] [ERROR] [1783984145.831389963] [transformPoseInTargetFrame]: Extrapolation Error looking up target frame: Lookup would require extrapolation into the future.  Requested time 660.482000 but the latest data is at time 660.441000, when looking up transform from frame [leo2/map] to frame [leo2/base_link]
[controller_server-7] 
[controller_server-7] [WARN] [1783984145.831809106] [leo2.controller_server]: Control loop missed its desired rate of 20.0000Hz
[controller_server-1] [INFO] [1783984146.628597734] [leo1.controller_server]: Passing new path to controller.
[controller_server-7] [INFO] [1783984146.692176464] [leo2.controller_server]: Passing new path to controller.
[controller_server-1] [ERROR] [1783984146.752288537] [transformPoseInTargetFrame]: Extrapolation Error looking up target frame: Lookup would require extrapolation into the future.  Requested time 661.291000 but the latest data is at time 661.220000, when looking up transform from frame [leo1/map] to frame [leo1/base_link]
[controller_server-1] 
[controller_server-1] [WARN] [1783984146.753281127] [leo1.controller_server]: Control loop missed its desired rate of 20.0000Hz
[controller_server-7] [WARN] [1783984146.794406648] [leo2.controller_server]: Control loop missed its desired rate of 20.0000Hz
[controller_server-7] [ERROR] [1783984146.953456748] [transformPoseInTargetFrame]: Extrapolation Error looking up target frame: Lookup would require extrapolation into the future.  Requested time 661.466000 but the latest data is at time 661.441000, when looking up transform from frame [leo2/map] to frame [leo2/base_link]
[controller_server-7] 
[controller_server-7] [WARN] [1783984146.953889046] [leo2.controller_server]: Control loop missed its desired rate of 20.0000Hz
[controller_server-1] [INFO] [1783984147.674571514] [leo1.controller_server]: Passing new path to controller.
[controller_server-7] [INFO] [1783984147.715092911] [leo2.controller_server]: Passing new path to controller.
[controller_server-7] [ERROR] [1783984147.887814609] [transformPoseInTargetFrame]: Extrapolation Error looking up target frame: Lookup would require extrapolation into the future.  Requested time 662.292000 but the latest data is at time 662.241000, when looking up transform from frame [leo2/map] to frame [leo2/base_link]
[controller_server-7] 
[controller_server-7] [WARN] [1783984147.888239205] [leo2.controller_server]: Control loop missed its desired rate of 20.0000Hz
[controller_server-1] [INFO] [1783984148.703340064] [leo1.controller_server]: Passing new path to controller.
[controller_server-7] [INFO] [1783984148.753992619] [leo2.controller_server]: Passing new path to controller.
[controller_server-1] [ERROR] [1783984148.815128350] [transformPoseInTargetFrame]: Extrapolation Error looking up target frame: Lookup would require extrapolation into the future.  Requested time 663.087000 but the latest data is at time 663.080000, when looking up transform from frame [leo1/map] to frame [leo1/base_link]
[controller_server-1] 
[controller_server-1] [WARN] [1783984148.815854757] [leo1.controller_server]: Control loop missed its desired rate of 20.0000Hz
[controller_server-7] [WARN] [1783984148.845580617] [leo2.controller_server]: Control loop missed its desired rate of 20.0000Hz
[controller_server-7] [WARN] [1783984148.856008815] [leo2.controller_server]: Control loop missed its desired rate of 20.0000Hz
[controller_server-7] [ERROR] [1783984149.015068297] [transformPoseInTargetFrame]: Extrapolation Error looking up target frame: Lookup would require extrapolation into the future.  Requested time 663.277000 but the latest data is at time 663.241000, when looking up transform from frame [leo2/map] to frame [leo2/base_link]
[controller_server-7] 
[controller_server-7] [WARN] [1783984149.015438953] [leo2.controller_server]: Control loop missed its desired rate of 20.0000Hz
[controller_server-1] [INFO] [1783984149.735828220] [leo1.controller_server]: Passing new path to controller.
[controller_server-7] [INFO] [1783984149.773800023] [leo2.controller_server]: Passing new path to controller.
[controller_server-1] [ERROR] [1783984149.847934381] [transformPoseInTargetFrame]: Extrapolation Error looking up target frame: Lookup would require extrapolation into the future.  Requested time 664.069000 but the latest data is at time 664.020000, when looking up transform from frame [leo1/map] to frame [leo1/base_link]
[controller_server-1] 
[controller_server-1] [WARN] [1783984149.848713694] [leo1.controller_server]: Control loop missed its desired rate of 20.0000Hz
[controller_server-7] [ERROR] [1783984149.885605824] [transformPoseInTargetFrame]: Extrapolation Error looking up target frame: Lookup would require extrapolation into the future.  Requested time 664.104000 but the latest data is at time 664.041000, when looking up transform from frame [leo2/map] to frame [leo2/base_link]
[controller_server-7] 
[controller_server-7] [WARN] [1783984149.886148612] [leo2.controller_server]: Control loop missed its desired rate of 20.0000Hz
[controller_server-1] [INFO] [1783984150.765954416] [leo1.controller_server]: Passing new path to controller.
[controller_server-7] [INFO] [1783984150.815579280] [leo2.controller_server]: Passing new path to controller.
[controller_server-1] [ERROR] [1783984150.878132595] [transformPoseInTargetFrame]: Extrapolation Error looking up target frame: Lookup would require extrapolation into the future.  Requested time 665.027000 but the latest data is at time 665.020000, when looking up transform from frame [leo1/map] to frame [leo1/base_link]
[controller_server-1] 
[controller_server-1] [WARN] [1783984150.880816163] [leo1.controller_server]: Control loop missed its desired rate of 20.0000Hz
[controller_server-7] [ERROR] [1783984150.927708049] [transformPoseInTargetFrame]: Extrapolation Error looking up target frame: Lookup would require extrapolation into the future.  Requested time 665.071000 but the latest data is at time 665.041000, when looking up transform from frame [leo2/map] to frame [leo2/base_link]
[controller_server-7] 
[controller_server-7] [WARN] [1783984150.928081585] [leo2.controller_server]: Control loop missed its desired rate of 20.0000Hz
[controller_server-1] [INFO] [1783984151.798670552] [leo1.controller_server]: Passing new path to controller.
[controller_server-7] [INFO] [1783984151.840095101] [leo2.controller_server]: Passing new path to controller.
[controller_server-1] [INFO] [1783984152.830935326] [leo1.controller_server]: Passing new path to controller.
[controller_server-7] [INFO] [1783984152.860765106] [leo2.controller_server]: Passing new path to controller.
[controller_server-1] [WARN] [1783984152.893916744] [leo1.controller_server]: Control loop missed its desired rate of 20.0000Hz
[controller_server-1] [INFO] [1783984153.830908535] [leo1.controller_server]: Passing new path to controller.
[controller_server-7] [INFO] [1783984153.878203472] [leo2.controller_server]: Passing new path to controller.
[controller_server-1] [ERROR] [1783984153.953108494] [transformPoseInTargetFrame]: Extrapolation Error looking up target frame: Lookup would require extrapolation into the future.  Requested time 667.830000 but the latest data is at time 667.820000, when looking up transform from frame [leo1/map] to frame [leo1/base_link]
[controller_server-1] 
[controller_server-1] [WARN] [1783984153.953965846] [leo1.controller_server]: Control loop missed its desired rate of 20.0000Hz
[controller_server-7] [ERROR] [1783984153.990891324] [transformPoseInTargetFrame]: Extrapolation Error looking up target frame: Lookup would require extrapolation into the future.  Requested time 667.871000 but the latest data is at time 667.841000, when looking up transform from frame [leo2/map] to frame [leo2/base_link]
[controller_server-7] 
[controller_server-7] [WARN] [1783984153.991226710] [leo2.controller_server]: Control loop missed its desired rate of 20.0000Hz
[controller_server-1] [INFO] [1783984154.879957251] [leo1.controller_server]: Passing new path to controller.
[controller_server-7] [INFO] [1783984154.903447813] [leo2.controller_server]: Passing new path to controller.
[controller_server-1] [WARN] [1783984154.963027665] [leo1.controller_server]: Control loop missed its desired rate of 20.0000Hz
[controller_server-1] [INFO] [1783984155.904045740] [leo1.controller_server]: Passing new path to controller.
[controller_server-7] [INFO] [1783984155.941339814] [leo2.controller_server]: Passing new path to controller.
[controller_server-1] [ERROR] [1783984157.593739158] [transformPoseInTargetFrame]: Extrapolation Error looking up target frame: Lookup would require extrapolation into the future.  Requested time 669.626000 but the latest data is at time 669.620000, when looking up transform from frame [leo1/map] to frame [leo1/base_link]
[controller_server-1] 
[controller_server-1] [WARN] [1783984157.594987377] [leo1.controller_server]: Control loop missed its desired rate of 20.0000Hz
[controller_server-1] [INFO] [1783984157.595012655] [leo1.controller_server]: Passing new path to controller.
[controller_server-7] [ERROR] [1783984157.631338022] [transformPoseInTargetFrame]: Extrapolation Error looking up target frame: Lookup would require extrapolation into the future.  Requested time 669.659000 but the latest data is at time 669.641000, when looking up transform from frame [leo2/map] to frame [leo2/base_link]
[controller_server-7] 
[controller_server-7] [WARN] [1783984157.631692861] [leo2.controller_server]: Control loop missed its desired rate of 20.0000Hz
[controller_server-7] [INFO] [1783984157.631713924] [leo2.controller_server]: Passing new path to controller.
[controller_server-7] [INFO] [1783984158.631773302] [leo2.controller_server]: Passing new path to controller.
[controller_server-1] [INFO] [1783984158.645092440] [leo1.controller_server]: Passing new path to controller.
[controller_server-7] [ERROR] [1783984158.743684119] [transformPoseInTargetFrame]: Extrapolation Error looking up target frame: Lookup would require extrapolation into the future.  Requested time 670.693000 but the latest data is at time 670.641000, when looking up transform from frame [leo2/map] to frame [leo2/base_link]
[controller_server-7] 
[controller_server-7] [WARN] [1783984158.744168832] [leo2.controller_server]: Control loop missed its desired rate of 20.0000Hz
[controller_server-1] [WARN] [1783984158.748375266] [leo1.controller_server]: Control loop missed its desired rate of 20.0000Hz
[controller_server-7] [INFO] [1783984159.650513844] [leo2.controller_server]: Passing new path to controller.
[controller_server-1] [INFO] [1783984159.668261560] [leo1.controller_server]: Passing new path to controller.
[controller_server-1] [ERROR] [1783984159.780167870] [transformPoseInTargetFrame]: Extrapolation Error looking up target frame: Lookup would require extrapolation into the future.  Requested time 671.635000 but the latest data is at time 671.620000, when looking up transform from frame [leo1/map] to frame [leo1/base_link]
[controller_server-1] 
[controller_server-1] [WARN] [1783984159.780919873] [leo1.controller_server]: Control loop missed its desired rate of 20.0000Hz
[controller_server-1] [INFO] [1783984160.698460590] [leo1.controller_server]: Passing new path to controller.
[controller_server-7] [INFO] [1783984160.708570621] [leo2.controller_server]: Passing new path to controller.
[controller_server-1] [INFO] [1783984161.698462623] [leo1.controller_server]: Passing new path to controller.
[controller_server-7] [INFO] [1783984161.714922202] [leo2.controller_server]: Passing new path to controller.
[controller_server-1] [WARN] [1783984161.801522088] [leo1.controller_server]: Control loop missed its desired rate of 20.0000Hz
[controller_server-7] [INFO] [1783984162.473259489] [leo2.controller_server]: Reached the goal!
[bt_navigator-10] [INFO] [1783984162.513340292] [leo2.bt_navigator]: Goal succeeded
[controller_server-1] [INFO] [1783984162.773092285] [leo1.controller_server]: Passing new path to controller.
[controller_server-1] [WARN] [1783984162.886305740] [leo1.controller_server]: Control loop missed its desired rate of 20.0000Hz
[controller_server-1] [INFO] [1783984163.801643610] [leo1.controller_server]: Passing new path to controller.
[bt_navigator-10] [INFO] [1783984164.646092536] [leo2.bt_navigator]: Begin navigating from current location (9.44, -3.30) to (-10.58, 5.00)
[controller_server-7] [INFO] [1783984164.669140044] [leo2.controller_server]: Received a goal, begin computing control effort.
[controller_server-7] [WARN] [1783984164.730226242] [leo2.controller_server]: Control loop missed its desired rate of 20.0000Hz
[controller_server-1] [INFO] [1783984164.801672536] [leo1.controller_server]: Passing new path to controller.
[controller_server-7] [ERROR] [1783984164.890901094] [transformPoseInTargetFrame]: Extrapolation Error looking up target frame: Lookup would require extrapolation into the future.  Requested time 676.253000 but the latest data is at time 676.241000, when looking up transform from frame [leo2/map] to frame [leo2/base_link]
[controller_server-7] 
[controller_server-7] [WARN] [1783984164.892083937] [leo2.controller_server]: Control loop missed its desired rate of 20.0000Hz
[controller_server-1] [ERROR] [1783984164.913867398] [transformPoseInTargetFrame]: Extrapolation Error looking up target frame: Lookup would require extrapolation into the future.  Requested time 676.284000 but the latest data is at time 676.220000, when looking up transform from frame [leo1/map] to frame [leo1/base_link]
[controller_server-1] 
[controller_server-1] [WARN] [1783984164.915041976] [leo1.controller_server]: Control loop missed its desired rate of 20.0000Hz
[controller_server-7] [INFO] [1783984165.713144927] [leo2.controller_server]: Passing new path to controller.
[controller_server-7] [ERROR] [1783984165.824940806] [transformPoseInTargetFrame]: Extrapolation Error looking up target frame: Lookup would require extrapolation into the future.  Requested time 677.078000 but the latest data is at time 677.041000, when looking up transform from frame [leo2/map] to frame [leo2/base_link]
[controller_server-7] 
[controller_server-7] [WARN] [1783984165.825912672] [leo2.controller_server]: Control loop missed its desired rate of 20.0000Hz
[controller_server-1] [INFO] [1783984165.839128678] [leo1.controller_server]: Passing new path to controller.
[controller_server-7] [INFO] [1783984166.742179162] [leo2.controller_server]: Passing new path to controller.
[controller_server-1] [INFO] [1783984166.865146476] [leo1.controller_server]: Passing new path to controller.
[controller_server-7] [ERROR] [1783984166.903192065] [transformPoseInTargetFrame]: Extrapolation Error looking up target frame: Lookup would require extrapolation into the future.  Requested time 678.082000 but the latest data is at time 678.041000, when looking up transform from frame [leo2/map] to frame [leo2/base_link]
[controller_server-7] 
[controller_server-7] [WARN] [1783984166.904295256] [leo2.controller_server]: Control loop missed its desired rate of 20.0000Hz
[controller_server-1] [WARN] [1783984166.938245841] [leo1.controller_server]: Control loop missed its desired rate of 20.0000Hz
[controller_server-7] [INFO] [1783984167.778611129] [leo2.controller_server]: Passing new path to controller.
[controller_server-7] [WARN] [1783984167.890696074] [leo2.controller_server]: Control loop missed its desired rate of 20.0000Hz
[controller_server-7] [WARN] [1783984167.913791953] [leo2.controller_server]: Control loop missed its desired rate of 20.0000Hz
[controller_server-1] [INFO] [1783984167.915112962] [leo1.controller_server]: Passing new path to controller.
[controller_server-7] [ERROR] [1783984168.025059243] [transformPoseInTargetFrame]: Extrapolation Error looking up target frame: Lookup would require extrapolation into the future.  Requested time 679.046000 but the latest data is at time 679.041000, when looking up transform from frame [leo2/map] to frame [leo2/base_link]
[controller_server-7] 
[controller_server-7] [WARN] [1783984168.026098576] [leo2.controller_server]: Control loop missed its desired rate of 20.0000Hz
[controller_server-1] [ERROR] [1783984168.026961054] [transformPoseInTargetFrame]: Extrapolation Error looking up target frame: Lookup would require extrapolation into the future.  Requested time 679.048000 but the latest data is at time 679.020000, when looking up transform from frame [leo1/map] to frame [leo1/base_link]
[controller_server-1] 
[controller_server-1] [WARN] [1783984168.030175730] [leo1.controller_server]: Control loop missed its desired rate of 20.0000Hz
[controller_server-7] [INFO] [1783984168.796277541] [leo2.controller_server]: Passing new path to controller.
[controller_server-1] [INFO] [1783984168.898655908] [leo1.controller_server]: Passing new path to controller.
[controller_server-7] [ERROR] [1783984168.968945461] [transformPoseInTargetFrame]: Extrapolation Error looking up target frame: Lookup would require extrapolation into the future.  Requested time 679.869000 but the latest data is at time 679.841000, when looking up transform from frame [leo2/map] to frame [leo2/base_link]
[controller_server-7] 
[controller_server-7] [WARN] [1783984168.969933840] [leo2.controller_server]: Control loop missed its desired rate of 20.0000Hz
[controller_server-1] [WARN] [1783984169.021579036] [leo1.controller_server]: Control loop missed its desired rate of 20.0000Hz
[controller_server-7] [INFO] [1783984169.826158229] [leo2.controller_server]: Passing new path to controller.
[controller_server-7] [WARN] [1783984169.918000482] [leo2.controller_server]: Control loop missed its desired rate of 20.0000Hz
[controller_server-7] [WARN] [1783984169.928366831] [leo2.controller_server]: Control loop missed its desired rate of 20.0000Hz
[controller_server-1] [INFO] [1783984169.930251229] [leo1.controller_server]: Passing new path to controller.
[controller_server-7] [ERROR] [1783984170.039604978] [transformPoseInTargetFrame]: Extrapolation Error looking up target frame: Lookup would require extrapolation into the future.  Requested time 680.845000 but the latest data is at time 680.841000, when looking up transform from frame [leo2/map] to frame [leo2/base_link]
[controller_server-7] 
[controller_server-7] [WARN] [1783984170.040934569] [leo2.controller_server]: Control loop missed its desired rate of 20.0000Hz
[controller_server-1] [ERROR] [1783984170.042366825] [transformPoseInTargetFrame]: Extrapolation Error looking up target frame: Lookup would require extrapolation into the future.  Requested time 680.846000 but the latest data is at time 680.820000, when looking up transform from frame [leo1/map] to frame [leo1/base_link]
[controller_server-1] 
[controller_server-1] [WARN] [1783984170.043117513] [leo1.controller_server]: Control loop missed its desired rate of 20.0000Hz
[controller_server-7] [INFO] [1783984170.858936821] [leo2.controller_server]: Passing new path to controller.
[controller_server-7] [WARN] [1783984170.961596838] [leo2.controller_server]: Control loop missed its desired rate of 20.0000Hz
[controller_server-1] [INFO] [1783984170.963471062] [leo1.controller_server]: Passing new path to controller.
[controller_server-1] [ERROR] [1783984171.075151527] [transformPoseInTargetFrame]: Extrapolation Error looking up target frame: Lookup would require extrapolation into the future.  Requested time 681.823000 but the latest data is at time 681.820000, when looking up transform from frame [leo1/map] to frame [leo1/base_link]
[controller_server-1] 
[controller_server-1] [WARN] [1783984171.076487897] [leo1.controller_server]: Control loop missed its desired rate of 20.0000Hz
[controller_server-7] [INFO] [1783984171.891048040] [leo2.controller_server]: Passing new path to controller.
[controller_server-1] [INFO] [1783984171.993215622] [leo1.controller_server]: Passing new path to controller.
[controller_server-7] [ERROR] [1783984172.013701834] [transformPoseInTargetFrame]: Extrapolation Error looking up target frame: Lookup would require extrapolation into the future.  Requested time 682.664000 but the latest data is at time 682.641000, when looking up transform from frame [leo2/map] to frame [leo2/base_link]
[controller_server-7] 
[controller_server-7] [WARN] [1783984172.015208960] [leo2.controller_server]: Control loop missed its desired rate of 20.0000Hz
[controller_server-1] [WARN] [1783984172.065840657] [leo1.controller_server]: Control loop missed its desired rate of 20.0000Hz
[controller_server-7] [INFO] [1783984172.937686240] [leo2.controller_server]: Passing new path to controller.
[controller_server-1] [INFO] [1783984173.043212908] [leo1.controller_server]: Passing new path to controller.
[controller_server-1] [ERROR] [1783984173.155534891] [transformPoseInTargetFrame]: Extrapolation Error looking up target frame: Lookup would require extrapolation into the future.  Requested time 683.671000 but the latest data is at time 683.620000, when looking up transform from frame [leo1/map] to frame [leo1/base_link]
[controller_server-1] 
[controller_server-1] [WARN] [1783984173.156260745] [leo1.controller_server]: Control loop missed its desired rate of 20.0000Hz
[controller_server-7] [INFO] [1783984173.965248518] [leo2.controller_server]: Passing new path to controller.
[controller_server-1] [INFO] [1783984174.074554748] [leo1.controller_server]: Passing new path to controller.
[controller_server-7] [ERROR] [1783984174.077203779] [transformPoseInTargetFrame]: Extrapolation Error looking up target frame: Lookup would require extrapolation into the future.  Requested time 684.492000 but the latest data is at time 684.441000, when looking up transform from frame [leo2/map] to frame [leo2/base_link]
[controller_server-7] 
[controller_server-7] [WARN] [1783984174.078955045] [leo2.controller_server]: Control loop missed its desired rate of 20.0000Hz
[controller_server-7] [INFO] [1783984175.001449092] [leo2.controller_server]: Passing new path to controller.
[controller_server-1] [INFO] [1783984175.102905268] [leo1.controller_server]: Passing new path to controller.
[controller_server-7] [ERROR] [1783984175.113163581] [transformPoseInTargetFrame]: Extrapolation Error looking up target frame: Lookup would require extrapolation into the future.  Requested time 685.467000 but the latest data is at time 685.441000, when looking up transform from frame [leo2/map] to frame [leo2/base_link]
[controller_server-7] 
[controller_server-7] [WARN] [1783984175.114187182] [leo2.controller_server]: Control loop missed its desired rate of 20.0000Hz
[controller_server-7] [INFO] [1783984176.029053776] [leo2.controller_server]: Passing new path to controller.
[controller_server-1] [INFO] [1783984176.106345446] [leo1.controller_server]: Passing new path to controller.
[controller_server-1] [WARN] [1783984176.210207494] [leo1.controller_server]: Control loop missed its desired rate of 20.0000Hz
[controller_server-7] [INFO] [1783984177.029052362] [leo2.controller_server]: Passing new path to controller.
[controller_server-7] [WARN] [1783984177.101070171] [leo2.controller_server]: Control loop missed its desired rate of 20.0000Hz
[controller_server-1] [INFO] [1783984177.176643564] [leo1.controller_server]: Passing new path to controller.
[controller_server-1] [WARN] [1783984177.289387018] [leo1.controller_server]: Control loop missed its desired rate of 20.0000Hz
[controller_server-7] [INFO] [1783984178.079042278] [leo2.controller_server]: Passing new path to controller.
[controller_server-1] [INFO] [1783984178.160275383] [leo1.controller_server]: Passing new path to controller.
[controller_server-7] [WARN] [1783984178.192233282] [leo2.controller_server]: Control loop missed its desired rate of 20.0000Hz
[controller_server-7] [INFO] [1783984179.113981181] [leo2.controller_server]: Passing new path to controller.
[controller_server-1] [INFO] [1783984179.210318818] [leo1.controller_server]: Passing new path to controller.
[controller_server-7] [ERROR] [1783984179.236466426] [transformPoseInTargetFrame]: Extrapolation Error looking up target frame: Lookup would require extrapolation into the future.  Requested time 689.245000 but the latest data is at time 689.241000, when looking up transform from frame [leo2/map] to frame [leo2/base_link]
[controller_server-7] 
[controller_server-7] [WARN] [1783984179.237350976] [leo2.controller_server]: Control loop missed its desired rate of 20.0000Hz
[controller_server-1] [WARN] [1783984179.303133687] [leo1.controller_server]: Control loop missed its desired rate of 20.0000Hz
[controller_server-7] [INFO] [1783984180.142322787] [leo2.controller_server]: Passing new path to controller.
[controller_server-7] [WARN] [1783984180.246030215] [leo2.controller_server]: Control loop missed its desired rate of 20.0000Hz
[controller_server-1] [INFO] [1783984180.260299940] [leo1.controller_server]: Passing new path to controller.
[controller_server-1] [ERROR] [1783984180.382786183] [transformPoseInTargetFrame]: Extrapolation Error looking up target frame: Lookup would require extrapolation into the future.  Requested time 690.236000 but the latest data is at time 690.220000, when looking up transform from frame [leo1/map] to frame [leo1/base_link]
[controller_server-1] 
[controller_server-1] [WARN] [1783984180.383847837] [leo1.controller_server]: Control loop missed its desired rate of 20.0000Hz
[controller_server-7] [INFO] [1783984181.170611397] [leo2.controller_server]: Passing new path to controller.
[controller_server-1] [INFO] [1783984181.248597517] [leo1.controller_server]: Passing new path to controller.
[controller_server-1] [WARN] [1783984181.361666754] [leo1.controller_server]: Control loop missed its desired rate of 20.0000Hz
[controller_server-7] [INFO] [1783984182.196091644] [leo2.controller_server]: Passing new path to controller.
[controller_server-7] [WARN] [1783984182.268207422] [leo2.controller_server]: Control loop missed its desired rate of 20.0000Hz
[controller_server-1] [INFO] [1783984182.283917897] [leo1.controller_server]: Passing new path to controller.
[planner_server-2] [ERROR] [1783984182.303624962] [leo1.planner_server]: Failed to create a plan from potential when a legal potential was found. This shouldn't happen.
[planner_server-2] [WARN] [1783984182.303728281] [leo1.planner_server]: GridBased: failed to create plan with tolerance 0.50.
[planner_server-2] [WARN] [1783984182.303753856] [leo1.planner_server]: Planning algorithm  failed to generate a valid path to (8.55, -2.04)
[planner_server-2] [WARN] [1783984182.303764782] [leo1.planner_server]: [compute_path_to_pose] [ActionServer] Aborting handle.
[controller_server-1] [ERROR] [1783984182.395773484] [transformPoseInTargetFrame]: Extrapolation Error looking up target frame: Lookup would require extrapolation into the future.  Requested time 692.046000 but the latest data is at time 692.020000, when looking up transform from frame [leo1/map] to frame [leo1/base_link]
[controller_server-1] 
[controller_server-1] [WARN] [1783984182.396380915] [leo1.controller_server]: Control loop missed its desired rate of 20.0000Hz
[controller_server-7] [INFO] [1783984183.246144039] [leo2.controller_server]: Passing new path to controller.
[controller_server-1] [INFO] [1783984183.309780795] [leo1.controller_server]: Passing new path to controller.
[controller_server-7] [WARN] [1783984183.328971037] [leo2.controller_server]: Control loop missed its desired rate of 20.0000Hz
[controller_server-7] [INFO] [1783984184.246106328] [leo2.controller_server]: Passing new path to controller.
[controller_server-1] [INFO] [1783984184.344393297] [leo1.controller_server]: Passing new path to controller.
[controller_server-7] [ERROR] [1783984184.358099340] [transformPoseInTargetFrame]: Extrapolation Error looking up target frame: Lookup would require extrapolation into the future.  Requested time 693.894000 but the latest data is at time 693.841000, when looking up transform from frame [leo2/map] to frame [leo2/base_link]
[controller_server-7] 
[controller_server-7] [WARN] [1783984184.359566672] [leo2.controller_server]: Control loop missed its desired rate of 20.0000Hz
[controller_server-7] [INFO] [1783984185.281572757] [leo2.controller_server]: Passing new path to controller.
[controller_server-7] [ERROR] [1783984185.393274541] [transformPoseInTargetFrame]: Extrapolation Error looking up target frame: Lookup would require extrapolation into the future.  Requested time 694.855000 but the latest data is at time 694.841000, when looking up transform from frame [leo2/map] to frame [leo2/base_link]
[controller_server-7] 
[controller_server-7] [WARN] [1783984185.394358459] [leo2.controller_server]: Control loop missed its desired rate of 20.0000Hz
[controller_server-1] [INFO] [1783984185.396472804] [leo1.controller_server]: Passing new path to controller.
[controller_server-1] [WARN] [1783984185.448470558] [leo1.controller_server]: Control loop missed its desired rate of 20.0000Hz
[controller_server-7] [INFO] [1783984186.309652371] [leo2.controller_server]: Passing new path to controller.
[controller_server-1] [INFO] [1783984186.396470358] [leo1.controller_server]: Passing new path to controller.
[controller_server-1] [ERROR] [1783984186.518702647] [transformPoseInTargetFrame]: Extrapolation Error looking up target frame: Lookup would require extrapolation into the future.  Requested time 695.870000 but the latest data is at time 695.820000, when looking up transform from frame [leo1/map] to frame [leo1/base_link]
[controller_server-1] 
[controller_server-1] [WARN] [1783984186.519252986] [leo1.controller_server]: Control loop missed its desired rate of 20.0000Hz
[bt_navigator-4] [INFO] [1783984186.705568048] [leo1.bt_navigator]: Received goal preemption request
[bt_navigator-4] [INFO] [1783984186.706596662] [leo1.bt_navigator]: Begin navigating from current location (5.79, -0.71) to (8.00, 1.26)
[controller_server-7] [INFO] [1783984187.359659821] [leo2.controller_server]: Passing new path to controller.
[controller_server-1] [INFO] [1783984187.431775116] [leo1.controller_server]: Passing new path to controller.
[controller_server-7] [ERROR] [1783984187.482237378] [transformPoseInTargetFrame]: Extrapolation Error looking up target frame: Lookup would require extrapolation into the future.  Requested time 696.715000 but the latest data is at time 696.641000, when looking up transform from frame [leo2/map] to frame [leo2/base_link]
[controller_server-7] 
[controller_server-7] [WARN] [1783984187.483136002] [leo2.controller_server]: Control loop missed its desired rate of 20.0000Hz
[controller_server-7] [INFO] [1783984189.334805932] [leo2.controller_server]: Passing new path to controller.
[controller_server-1] [ERROR] [1783984189.407164814] [transformPoseInTargetFrame]: Extrapolation Error looking up target frame: Lookup would require extrapolation into the future.  Requested time 696.854000 but the latest data is at time 696.820000, when looking up transform from frame [leo1/map] to frame [leo1/base_link]
[controller_server-1] 
[controller_server-1] [WARN] [1783984189.407924059] [leo1.controller_server]: Control loop missed its desired rate of 20.0000Hz
[controller_server-1] [INFO] [1783984189.407954443] [leo1.controller_server]: Passing new path to controller.
[controller_server-7] [ERROR] [1783984189.468279601] [transformPoseInTargetFrame]: Extrapolation Error looking up target frame: Lookup would require extrapolation into the future.  Requested time 696.907000 but the latest data is at time 696.861000, when looking up transform from frame [leo2/map] to frame [leo2/base_link]
[controller_server-7] 
[controller_server-7] [WARN] [1783984189.469751530] [leo2.controller_server]: Control loop missed its desired rate of 20.0000Hz
[controller_server-1] [ERROR] [1783984189.629853475] [transformPoseInTargetFrame]: Extrapolation Error looking up target frame: Lookup would require extrapolation into the future.  Requested time 697.038000 but the latest data is at time 697.020000, when looking up transform from frame [leo1/map] to frame [leo1/base_link]
[controller_server-1] 
[controller_server-1] [WARN] [1783984189.630611248] [leo1.controller_server]: Control loop missed its desired rate of 20.0000Hz
[controller_server-7] [INFO] [1783984190.378783890] [leo2.controller_server]: Passing new path to controller.
[controller_server-1] [INFO] [1783984190.395912793] [leo1.controller_server]: Passing new path to controller.
[controller_server-1] [ERROR] [1783984190.578927001] [transformPoseInTargetFrame]: Extrapolation Error looking up target frame: Lookup would require extrapolation into the future.  Requested time 697.870000 but the latest data is at time 697.820000, when looking up transform from frame [leo1/map] to frame [leo1/base_link]
[controller_server-1] 
[controller_server-1] [WARN] [1783984190.579485468] [leo1.controller_server]: Control loop missed its desired rate of 20.0000Hz
[controller_server-1] [WARN] [1783984190.582585461] [leo1.controller_server]: Control loop missed its desired rate of 20.0000Hz
[controller_server-7] [INFO] [1783984191.428914392] [leo2.controller_server]: Passing new path to controller.
[controller_server-1] [INFO] [1783984191.430702322] [leo1.controller_server]: Passing new path to controller.
[controller_server-1] [ERROR] [1783984191.542488916] [transformPoseInTargetFrame]: Extrapolation Error looking up target frame: Lookup would require extrapolation into the future.  Requested time 698.666000 but the latest data is at time 698.620000, when looking up transform from frame [leo1/map] to frame [leo1/base_link]
[controller_server-1] 
[controller_server-1] [WARN] [1783984191.543324320] [leo1.controller_server]: Control loop missed its desired rate of 20.0000Hz
[controller_server-7] [ERROR] [1783984191.550802633] [transformPoseInTargetFrame]: Extrapolation Error looking up target frame: Lookup would require extrapolation into the future.  Requested time 698.665000 but the latest data is at time 698.641000, when looking up transform from frame [leo2/map] to frame [leo2/base_link]
[controller_server-7] 
[controller_server-7] [WARN] [1783984191.551728926] [leo2.controller_server]: Control loop missed its desired rate of 20.0000Hz
[controller_server-7] [INFO] [1783984192.420260254] [leo2.controller_server]: Passing new path to controller.
[controller_server-1] [INFO] [1783984192.454875849] [leo1.controller_server]: Passing new path to controller.
[controller_server-7] [WARN] [1783984192.512845811] [leo2.controller_server]: Control loop missed its desired rate of 20.0000Hz
[controller_server-1] [ERROR] [1783984192.664619508] [transformPoseInTargetFrame]: Extrapolation Error looking up target frame: Lookup would require extrapolation into the future.  Requested time 699.633000 but the latest data is at time 699.620000, when looking up transform from frame [leo1/map] to frame [leo1/base_link]
[controller_server-1] 
[controller_server-1] [WARN] [1783984192.667271046] [leo1.controller_server]: Control loop missed its desired rate of 20.0000Hz
[controller_server-7] [INFO] [1783984193.451811475] [leo2.controller_server]: Passing new path to controller.
[controller_server-1] [INFO] [1783984193.479181463] [leo1.controller_server]: Passing new path to controller.
[controller_server-1] [ERROR] [1783984193.681870947] [transformPoseInTargetFrame]: Extrapolation Error looking up target frame: Lookup would require extrapolation into the future.  Requested time 700.429000 but the latest data is at time 700.400000, when looking up transform from frame [leo1/map] to frame [leo1/base_link]
[controller_server-1] 
[controller_server-1] [WARN] [1783984193.682354127] [leo1.controller_server]: Control loop missed its desired rate of 20.0000Hz
[controller_server-1] [INFO] [1783984194.492980353] [leo1.controller_server]: Passing new path to controller.
[controller_server-7] [INFO] [1783984194.501779014] [leo2.controller_server]: Passing new path to controller.
[controller_server-1] [ERROR] [1783984194.604957870] [transformPoseInTargetFrame]: Extrapolation Error looking up target frame: Lookup would require extrapolation into the future.  Requested time 701.234000 but the latest data is at time 701.220000, when looking up transform from frame [leo1/map] to frame [leo1/base_link]
[controller_server-1] 
[controller_server-1] [WARN] [1783984194.605468193] [leo1.controller_server]: Control loop missed its desired rate of 20.0000Hz
[controller_server-7] [ERROR] [1783984194.613458203] [transformPoseInTargetFrame]: Extrapolation Error looking up target frame: Lookup would require extrapolation into the future.  Requested time 701.242000 but the latest data is at time 701.241000, when looking up transform from frame [leo2/map] to frame [leo2/base_link]
[controller_server-7] 
[controller_server-7] [WARN] [1783984194.614240412] [leo2.controller_server]: Control loop missed its desired rate of 20.0000Hz
[controller_server-1] [INFO] [1783984195.532422395] [leo1.controller_server]: Passing new path to controller.
[controller_server-7] [INFO] [1783984195.534506914] [leo2.controller_server]: Passing new path to controller.
[controller_server-1] [ERROR] [1783984195.743772730] [transformPoseInTargetFrame]: Extrapolation Error looking up target frame: Lookup would require extrapolation into the future.  Requested time 702.251000 but the latest data is at time 702.220000, when looking up transform from frame [leo1/map] to frame [leo1/base_link]
[controller_server-1] 
[controller_server-1] [WARN] [1783984195.744237249] [leo1.controller_server]: Control loop missed its desired rate of 20.0000Hz
[controller_server-1] [INFO] [1783984196.554966520] [leo1.controller_server]: Passing new path to controller.
[controller_server-7] [INFO] [1783984196.564338553] [leo2.controller_server]: Passing new path to controller.
[controller_server-1] [ERROR] [1783984196.666702722] [transformPoseInTargetFrame]: Extrapolation Error looking up target frame: Lookup would require extrapolation into the future.  Requested time 703.079000 but the latest data is at time 703.020000, when looking up transform from frame [leo1/map] to frame [leo1/base_link]
[controller_server-1] 
[controller_server-1] [WARN] [1783984196.667205332] [leo1.controller_server]: Control loop missed its desired rate of 20.0000Hz
[controller_server-7] [ERROR] [1783984196.676031567] [transformPoseInTargetFrame]: Extrapolation Error looking up target frame: Lookup would require extrapolation into the future.  Requested time 703.088000 but the latest data is at time 703.041000, when looking up transform from frame [leo2/map] to frame [leo2/base_link]
[controller_server-7] 
[controller_server-7] [WARN] [1783984196.677109372] [leo2.controller_server]: Control loop missed its desired rate of 20.0000Hz
[controller_server-1] [INFO] [1783984197.594346867] [leo1.controller_server]: Passing new path to controller.
[controller_server-7] [INFO] [1783984197.595999760] [leo2.controller_server]: Passing new path to controller.
[controller_server-1] [WARN] [1783984197.646021811] [leo1.controller_server]: Control loop missed its desired rate of 20.0000Hz
[controller_server-1] [ERROR] [1783984197.825930828] [transformPoseInTargetFrame]: Extrapolation Error looking up target frame: Lookup would require extrapolation into the future.  Requested time 704.022000 but the latest data is at time 704.020000, when looking up transform from frame [leo1/map] to frame [leo1/base_link]
[controller_server-1] 
[controller_server-1] [WARN] [1783984197.826673484] [leo1.controller_server]: Control loop missed its desired rate of 20.0000Hz
[controller_server-7] [INFO] [1783984198.627226179] [leo2.controller_server]: Passing new path to controller.
[controller_server-1] [INFO] [1783984198.640398865] [leo1.controller_server]: Passing new path to controller.
[controller_server-7] [WARN] [1783984198.679946400] [leo2.controller_server]: Control loop missed its desired rate of 20.0000Hz
[controller_server-1] [ERROR] [1783984198.853329536] [transformPoseInTargetFrame]: Extrapolation Error looking up target frame: Lookup would require extrapolation into the future.  Requested time 704.828000 but the latest data is at time 704.820000, when looking up transform from frame [leo1/map] to frame [leo1/base_link]
[controller_server-1] 
[controller_server-1] [WARN] [1783984198.854482887] [leo1.controller_server]: Control loop missed its desired rate of 20.0000Hz
[controller_server-7] [INFO] [1783984199.627182901] [leo2.controller_server]: Passing new path to controller.
[controller_server-1] [INFO] [1783984199.666817948] [leo1.controller_server]: Passing new path to controller.
[controller_server-7] [WARN] [1783984199.709810739] [leo2.controller_server]: Control loop missed its desired rate of 20.0000Hz
[controller_server-1] [ERROR] [1783984199.869446560] [transformPoseInTargetFrame]: Extrapolation Error looking up target frame: Lookup would require extrapolation into the future.  Requested time 705.634000 but the latest data is at time 705.620000, when looking up transform from frame [leo1/map] to frame [leo1/base_link]
[controller_server-1] 
[controller_server-1] [WARN] [1783984199.869939124] [leo1.controller_server]: Control loop missed its desired rate of 20.0000Hz
[controller_server-7] [INFO] [1783984200.677171469] [leo2.controller_server]: Passing new path to controller.
[controller_server-1] [INFO] [1783984200.682307076] [leo1.controller_server]: Passing new path to controller.
[controller_server-1] [ERROR] [1783984200.794223358] [transformPoseInTargetFrame]: Extrapolation Error looking up target frame: Lookup would require extrapolation into the future.  Requested time 706.470000 but the latest data is at time 706.420000, when looking up transform from frame [leo1/map] to frame [leo1/base_link]
[controller_server-1] 
[controller_server-1] [WARN] [1783984200.796201344] [leo1.controller_server]: Control loop missed its desired rate of 20.0000Hz
[controller_server-7] [ERROR] [1783984200.799188861] [transformPoseInTargetFrame]: Extrapolation Error looking up target frame: Lookup would require extrapolation into the future.  Requested time 706.466000 but the latest data is at time 706.441000, when looking up transform from frame [leo2/map] to frame [leo2/base_link]
[controller_server-7] 
[controller_server-7] [WARN] [1783984200.800584277] [leo2.controller_server]: Control loop missed its desired rate of 20.0000Hz
[controller_server-7] [INFO] [1783984201.719164944] [leo2.controller_server]: Passing new path to controller.
[controller_server-1] [INFO] [1783984201.720000648] [leo1.controller_server]: Passing new path to controller.
[controller_server-1] [ERROR] [1783984201.891538530] [transformPoseInTargetFrame]: Extrapolation Error looking up target frame: Lookup would require extrapolation into the future.  Requested time 707.437000 but the latest data is at time 707.420000, when looking up transform from frame [leo1/map] to frame [leo1/base_link]
[controller_server-1] 
[controller_server-1] [WARN] [1783984201.892376988] [leo1.controller_server]: Control loop missed its desired rate of 20.0000Hz
[bt_navigator-4] [INFO] [1783984202.601006173] [leo1.bt_navigator]: Received goal preemption request
[bt_navigator-4] [INFO] [1783984202.601841902] [leo1.bt_navigator]: Begin navigating from current location (5.77, -0.39) to (7.70, -1.94)
[controller_server-7] [INFO] [1783984202.750673149] [leo2.controller_server]: Passing new path to controller.
[controller_server-1] [INFO] [1783984202.753150402] [leo1.controller_server]: Passing new path to controller.
[controller_server-7] [ERROR] [1783984202.872422019] [transformPoseInTargetFrame]: Extrapolation Error looking up target frame: Lookup would require extrapolation into the future.  Requested time 708.274000 but the latest data is at time 708.241000, when looking up transform from frame [leo2/map] to frame [leo2/base_link]
[controller_server-7] 
[controller_server-7] [WARN] [1783984202.873553970] [leo2.controller_server]: Control loop missed its desired rate of 20.0000Hz
[controller_server-1] [WARN] [1783984202.876332710] [leo1.controller_server]: Control loop missed its desired rate of 20.0000Hz
[controller_server-1] [INFO] [1783984203.742444675] [leo1.controller_server]: Passing new path to controller.
[controller_server-7] [INFO] [1783984203.792974994] [leo2.controller_server]: Passing new path to controller.
[controller_server-1] [INFO] [1783984204.792463084] [leo1.controller_server]: Passing new path to controller.
[controller_server-7] [INFO] [1783984204.823652733] [leo2.controller_server]: Passing new path to controller.
[controller_server-1] [ERROR] [1783984204.914643607] [transformPoseInTargetFrame]: Extrapolation Error looking up target frame: Lookup would require extrapolation into the future.  Requested time 710.074000 but the latest data is at time 710.060000, when looking up transform from frame [leo1/map] to frame [leo1/base_link]
[controller_server-1] 
[controller_server-1] [WARN] [1783984204.915789107] [leo1.controller_server]: Control loop missed its desired rate of 20.0000Hz
[controller_server-7] [ERROR] [1783984204.946431786] [transformPoseInTargetFrame]: Extrapolation Error looking up target frame: Lookup would require extrapolation into the future.  Requested time 710.103000 but the latest data is at time 710.101000, when looking up transform from frame [leo2/map] to frame [leo2/base_link]
[controller_server-7] 
[controller_server-7] [WARN] [1783984204.947905066] [leo2.controller_server]: Control loop missed its desired rate of 20.0000Hz
[planner_server-2] [ERROR] [1783984205.783867850] [leo1.planner_server]: Failed to create a plan from potential when a legal potential was found. This shouldn't happen.
[planner_server-2] [WARN] [1783984205.783941241] [leo1.planner_server]: GridBased: failed to create plan with tolerance 0.50.
[planner_server-2] [WARN] [1783984205.783952490] [leo1.planner_server]: Planning algorithm GridBased failed to generate a valid path to (7.70, -1.94)
[planner_server-2] [WARN] [1783984205.783961066] [leo1.planner_server]: [compute_path_to_pose] [ActionServer] Aborting handle.
[planner_server-2] [INFO] [1783984205.801146613] [leo1.global_costmap.global_costmap]: Received request to clear entirely the global_costmap
[controller_server-7] [INFO] [1783984205.818205198] [leo2.controller_server]: Passing new path to controller.
[planner_server-2] [ERROR] [1783984205.884606194] [leo1.planner_server]: Failed to create a plan from potential when a legal potential was found. This shouldn't happen.
[planner_server-2] [WARN] [1783984205.884693272] [leo1.planner_server]: GridBased: failed to create plan with tolerance 0.50.
[planner_server-2] [WARN] [1783984205.884708805] [leo1.planner_server]: Planning algorithm GridBased failed to generate a valid path to (7.70, -1.94)
[planner_server-2] [WARN] [1783984205.884721680] [leo1.planner_server]: [compute_path_to_pose] [ActionServer] Aborting handle.
[controller_server-7] [WARN] [1783984205.920910847] [leo2.controller_server]: Control loop missed its desired rate of 20.0000Hz
[bt_navigator-4] [ERROR] [1783984205.922411841] [leo1.bt_navigator_navigate_to_pose_rclcpp_node]: Failed to get result for follow_path in node halt!
[controller_server-1] [INFO] [1783984205.922688708] [leo1.local_costmap.local_costmap]: Received request to clear entirely the local_costmap
[planner_server-2] [INFO] [1783984205.923182647] [leo1.global_costmap.global_costmap]: Received request to clear entirely the global_costmap
[bt_navigator-4] [WARN] [1783984205.924652986] [BehaviorTreeEngine]: Behavior Tree tick rate 100.00 was exceeded!
[controller_server-1] [INFO] [1783984205.936826062] [leo1.controller_server]: Goal was canceled. Stopping the robot.
[controller_server-1] [INFO] [1783984205.936902515] [leo1.controller_server]: [follow_path] [ActionServer] Client requested to cancel the goal. Cancelling.
[planner_server-2] [ERROR] [1783984206.086961401] [leo1.planner_server]: Failed to create a plan from potential when a legal potential was found. This shouldn't happen.
[planner_server-2] [WARN] [1783984206.087046538] [leo1.planner_server]: GridBased: failed to create plan with tolerance 0.50.
[planner_server-2] [WARN] [1783984206.087060932] [leo1.planner_server]: Planning algorithm GridBased failed to generate a valid path to (7.70, -1.94)
[planner_server-2] [WARN] [1783984206.087073919] [leo1.planner_server]: [compute_path_to_pose] [ActionServer] Aborting handle.
[planner_server-2] [INFO] [1783984206.104954173] [leo1.global_costmap.global_costmap]: Received request to clear entirely the global_costmap
[planner_server-2] [ERROR] [1783984206.277818041] [leo1.planner_server]: Failed to create a plan from potential when a legal potential was found. This shouldn't happen.
[planner_server-2] [WARN] [1783984206.277896608] [leo1.planner_server]: GridBased: failed to create plan with tolerance 0.50.
[planner_server-2] [WARN] [1783984206.277906880] [leo1.planner_server]: Planning algorithm GridBased failed to generate a valid path to (7.70, -1.94)
[planner_server-2] [WARN] [1783984206.277914992] [leo1.planner_server]: [compute_path_to_pose] [ActionServer] Aborting handle.
[behavior_server-3] [INFO] [1783984206.295368470] [leo1.behavior_server]: Running spin
[behavior_server-3] [INFO] [1783984206.295470755] [leo1.behavior_server]: Turning 1.57 for spin behavior.
[controller_server-7] [INFO] [1783984206.848003210] [leo2.controller_server]: Passing new path to controller.
[controller_server-7] [WARN] [1783984206.901124869] [leo2.controller_server]: Control loop missed its desired rate of 20.0000Hz
[controller_server-7] [INFO] [1783984207.898007391] [leo2.controller_server]: Passing new path to controller.
[controller_server-7] [INFO] [1783984208.897951871] [leo2.controller_server]: Passing new path to controller.
[controller_server-7] [INFO] [1783984209.947966874] [leo2.controller_server]: Passing new path to controller.
[controller_server-7] [WARN] [1783984209.999845322] [leo2.controller_server]: Control loop missed its desired rate of 20.0000Hz
[behavior_server-3] [INFO] [1783984210.695687824] [leo1.behavior_server]: spin completed successfully
[planner_server-2] [ERROR] [1783984210.727586067] [leo1.planner_server]: Failed to create a plan from potential when a legal potential was found. This shouldn't happen.
[planner_server-2] [WARN] [1783984210.727726893] [leo1.planner_server]: GridBased: failed to create plan with tolerance 0.50.
[planner_server-2] [WARN] [1783984210.727753102] [leo1.planner_server]: Planning algorithm GridBased failed to generate a valid path to (7.70, -1.94)
[planner_server-2] [WARN] [1783984210.727768940] [leo1.planner_server]: [compute_path_to_pose] [ActionServer] Aborting handle.
[planner_server-2] [INFO] [1783984210.744833906] [leo1.global_costmap.global_costmap]: Received request to clear entirely the global_costmap
[planner_server-2] [ERROR] [1783984210.887418738] [leo1.planner_server]: Failed to create a plan from potential when a legal potential was found. This shouldn't happen.
[planner_server-2] [WARN] [1783984210.887499638] [leo1.planner_server]: GridBased: failed to create plan with tolerance 0.50.
[planner_server-2] [WARN] [1783984210.887509945] [leo1.planner_server]: Planning algorithm GridBased failed to generate a valid path to (7.70, -1.94)
[planner_server-2] [WARN] [1783984210.887518273] [leo1.planner_server]: [compute_path_to_pose] [ActionServer] Aborting handle.
[behavior_server-3] [INFO] [1783984210.905218786] [leo1.behavior_server]: Running wait
[controller_server-7] [INFO] [1783984210.997996039] [leo2.controller_server]: Passing new path to controller.
[controller_server-7] [ERROR] [1783984211.110384653] [transformPoseInTargetFrame]: Extrapolation Error looking up target frame: Lookup would require extrapolation into the future.  Requested time 715.287000 but the latest data is at time 715.221000, when looking up transform from frame [leo2/map] to frame [leo2/base_link]
[controller_server-7] 
[controller_server-7] [WARN] [1783984211.111119898] [leo2.controller_server]: Control loop missed its desired rate of 20.0000Hz
[controller_server-7] [INFO] [1783984212.030411109] [leo2.controller_server]: Passing new path to controller.
[controller_server-7] [INFO] [1783984213.061210532] [leo2.controller_server]: Passing new path to controller.
[controller_server-7] [ERROR] [1783984213.183478320] [transformPoseInTargetFrame]: Extrapolation Error looking up target frame: Lookup would require extrapolation into the future.  Requested time 717.042000 but the latest data is at time 717.041000, when looking up transform from frame [leo2/map] to frame [leo2/base_link]
[controller_server-7] 
[controller_server-7] [WARN] [1783984213.184550755] [leo2.controller_server]: Control loop missed its desired rate of 20.0000Hz
[controller_server-7] [INFO] [1783984214.055044433] [leo2.controller_server]: Passing new path to controller.
[controller_server-7] [ERROR] [1783984214.187390932] [transformPoseInTargetFrame]: Extrapolation Error looking up target frame: Lookup would require extrapolation into the future.  Requested time 717.845000 but the latest data is at time 717.841000, when looking up transform from frame [leo2/map] to frame [leo2/base_link]
[controller_server-7] 
[controller_server-7] [WARN] [1783984214.188196994] [leo2.controller_server]: Control loop missed its desired rate of 20.0000Hz
[controller_server-7] [INFO] [1783984215.110741190] [leo2.controller_server]: Passing new path to controller.
[controller_server-7] [ERROR] [1783984215.233854856] [transformPoseInTargetFrame]: Extrapolation Error looking up target frame: Lookup would require extrapolation into the future.  Requested time 718.685000 but the latest data is at time 718.641000, when looking up transform from frame [leo2/map] to frame [leo2/base_link]
[controller_server-7] 
[controller_server-7] [WARN] [1783984215.235520006] [leo2.controller_server]: Control loop missed its desired rate of 20.0000Hz
[controller_server-7] [INFO] [1783984216.138268314] [leo2.controller_server]: Passing new path to controller.
[behavior_server-3] [INFO] [1783984216.905483165] [leo1.behavior_server]: wait completed successfully
[controller_server-1] [INFO] [1783984216.956464900] [leo1.controller_server]: Received a goal, begin computing control effort.
[bt_navigator-4] [INFO] [1783984216.974800170] [leo1.bt_navigator]: Received goal preemption request
[bt_navigator-4] [INFO] [1783984216.975822178] [leo1.bt_navigator]: Begin navigating from current location (5.36, -0.34) to (7.00, -2.24)
[controller_server-1] [ERROR] [1783984217.077842099] [transformPoseInTargetFrame]: Extrapolation Error looking up target frame: Lookup would require extrapolation into the future.  Requested time 720.266000 but the latest data is at time 720.220000, when looking up transform from frame [leo1/map] to frame [leo1/base_link]
[controller_server-1] 
[controller_server-1] [WARN] [1783984217.078376009] [leo1.controller_server]: Control loop missed its desired rate of 20.0000Hz
[controller_server-7] [INFO] [1783984217.138321609] [leo2.controller_server]: Passing new path to controller.
[controller_server-1] [INFO] [1783984217.994695724] [leo1.controller_server]: Passing new path to controller.
[controller_server-7] [INFO] [1783984218.188300760] [leo2.controller_server]: Passing new path to controller.
[controller_server-7] [ERROR] [1783984218.320387327] [transformPoseInTargetFrame]: Extrapolation Error looking up target frame: Lookup would require extrapolation into the future.  Requested time 721.265000 but the latest data is at time 721.221000, when looking up transform from frame [leo2/map] to frame [leo2/base_link]
[controller_server-7] 
[controller_server-7] [WARN] [1783984218.321756209] [leo2.controller_server]: Control loop missed its desired rate of 20.0000Hz
[controller_server-1] [INFO] [1783984219.028457657] [leo1.controller_server]: Passing new path to controller.
[controller_server-7] [INFO] [1783984219.237638014] [leo2.controller_server]: Passing new path to controller.
[controller_server-1] [INFO] [1783984221.106714154] [leo1.controller_server]: Passing new path to controller.
[controller_server-7] [WARN] [1783984221.108524742] [leo2.controller_server]: Control loop missed its desired rate of 20.0000Hz
[controller_server-7] [INFO] [1783984221.108566878] [leo2.controller_server]: Passing new path to controller.
[controller_server-7] [INFO] [1783984222.150132732] [leo2.controller_server]: Passing new path to controller.
[controller_server-1] [INFO] [1783984222.156728257] [leo1.controller_server]: Passing new path to controller.
[controller_server-1] [INFO] [1783984223.156733454] [leo1.controller_server]: Passing new path to controller.
[controller_server-7] [INFO] [1783984223.200097487] [leo2.controller_server]: Passing new path to controller.
[controller_server-7] [INFO] [1783984224.200143076] [leo2.controller_server]: Passing new path to controller.
[controller_server-1] [INFO] [1783984224.206776888] [leo1.controller_server]: Passing new path to controller.
[controller_server-1] [WARN] [1783984224.269127466] [leo1.controller_server]: Control loop missed its desired rate of 20.0000Hz
[controller_server-7] [WARN] [1783984224.293951738] [leo2.controller_server]: Control loop missed its desired rate of 20.0000Hz
[controller_server-1] [INFO] [1783984225.206749493] [leo1.controller_server]: Passing new path to controller.
[controller_server-7] [INFO] [1783984225.250089454] [leo2.controller_server]: Passing new path to controller.
[controller_server-1] [WARN] [1783984225.339387850] [leo1.controller_server]: Control loop missed its desired rate of 20.0000Hz
[controller_server-7] [WARN] [1783984225.363000351] [leo2.controller_server]: Control loop missed its desired rate of 20.0000Hz
[controller_server-1] [INFO] [1783984226.251544138] [leo1.controller_server]: Passing new path to controller.
[controller_server-7] [INFO] [1783984226.283661230] [leo2.controller_server]: Passing new path to controller.
[controller_server-1] [WARN] [1783984226.364053881] [leo1.controller_server]: Control loop missed its desired rate of 20.0000Hz
[controller_server-7] [WARN] [1783984226.386117528] [leo2.controller_server]: Control loop missed its desired rate of 20.0000Hz
[controller_server-1] [INFO] [1783984227.289464948] [leo1.controller_server]: Passing new path to controller.
[controller_server-7] [INFO] [1783984227.313100092] [leo2.controller_server]: Passing new path to controller.
[controller_server-1] [WARN] [1783984227.371949845] [leo1.controller_server]: Control loop missed its desired rate of 20.0000Hz
[controller_server-7] [WARN] [1783984227.395116274] [leo2.controller_server]: Control loop missed its desired rate of 20.0000Hz
[controller_server-7] [INFO] [1783984228.313088510] [leo2.controller_server]: Passing new path to controller.
[controller_server-1] [INFO] [1783984228.339455782] [leo1.controller_server]: Passing new path to controller.
[controller_server-7] [WARN] [1783984228.365513192] [leo2.controller_server]: Control loop missed its desired rate of 20.0000Hz
[controller_server-1] [INFO] [1783984229.339486285] [leo1.controller_server]: Passing new path to controller.
[controller_server-7] [INFO] [1783984229.363065978] [leo2.controller_server]: Passing new path to controller.
[controller_server-1] [INFO] [1783984230.389485369] [leo1.controller_server]: Passing new path to controller.
[controller_server-7] [INFO] [1783984230.413127396] [leo2.controller_server]: Passing new path to controller.
[controller_server-1] [WARN] [1783984230.511847962] [leo1.controller_server]: Control loop missed its desired rate of 20.0000Hz
[controller_server-7] [WARN] [1783984230.535740849] [leo2.controller_server]: Control loop missed its desired rate of 20.0000Hz
[controller_server-7] [INFO] [1783984231.403113966] [leo2.controller_server]: Passing new path to controller.
[controller_server-1] [INFO] [1783984231.424549039] [leo1.controller_server]: Passing new path to controller.
[controller_server-7] [ERROR] [1783984231.535690485] [transformPoseInTargetFrame]: Extrapolation Error looking up target frame: Lookup would require extrapolation into the future.  Requested time 730.268000 but the latest data is at time 730.241000, when looking up transform from frame [leo2/map] to frame [leo2/base_link]
[controller_server-7] 
[controller_server-7] [WARN] [1783984231.537116486] [leo2.controller_server]: Control loop missed its desired rate of 20.0000Hz
[controller_server-1] [WARN] [1783984231.537503628] [leo1.controller_server]: Control loop missed its desired rate of 20.0000Hz
[controller_server-1] [INFO] [1783984232.411951493] [leo1.controller_server]: Passing new path to controller.
[controller_server-7] [INFO] [1783984232.457242831] [leo2.controller_server]: Passing new path to controller.
[controller_server-1] [ERROR] [1783984232.544447328] [transformPoseInTargetFrame]: Extrapolation Error looking up target frame: Lookup would require extrapolation into the future.  Requested time 731.053000 but the latest data is at time 731.020000, when looking up transform from frame [leo1/map] to frame [leo1/base_link]
[controller_server-1] 
[controller_server-1] [WARN] [1783984232.544936201] [leo1.controller_server]: Control loop missed its desired rate of 20.0000Hz
[controller_server-7] [ERROR] [1783984232.589539303] [transformPoseInTargetFrame]: Extrapolation Error looking up target frame: Lookup would require extrapolation into the future.  Requested time 731.089000 but the latest data is at time 731.041000, when looking up transform from frame [leo2/map] to frame [leo2/base_link]
[controller_server-7] 
[controller_server-7] [WARN] [1783984232.590733567] [leo2.controller_server]: Control loop missed its desired rate of 20.0000Hz
[controller_server-7] [ERROR] [1783984233.208365476] [leo2.controller_server]: Failed to make progress
[controller_server-7] [WARN] [1783984233.208491426] [leo2.controller_server]: [follow_path] [ActionServer] Aborting handle.
[controller_server-7] [INFO] [1783984233.220272103] [leo2.local_costmap.local_costmap]: Received request to clear entirely the local_costmap
[controller_server-7] [INFO] [1783984233.222685543] [leo2.controller_server]: Received a goal, begin computing control effort.
[controller_server-7] [WARN] [1783984233.373874408] [leo2.controller_server]: Control loop missed its desired rate of 20.0000Hz
[controller_server-1] [INFO] [1783984233.459293754] [leo1.controller_server]: Passing new path to controller.
[controller_server-7] [INFO] [1783984233.475484846] [leo2.controller_server]: Passing new path to controller.
[controller_server-1] [WARN] [1783984233.571778930] [leo1.controller_server]: Control loop missed its desired rate of 20.0000Hz
[controller_server-7] [WARN] [1783984233.598070002] [leo2.controller_server]: Control loop missed its desired rate of 20.0000Hz
[controller_server-1] [INFO] [1783984234.495009425] [leo1.controller_server]: Passing new path to controller.
[controller_server-7] [INFO] [1783984234.523922422] [leo2.controller_server]: Passing new path to controller.
[controller_server-1] [WARN] [1783984234.577420829] [leo1.controller_server]: Control loop missed its desired rate of 20.0000Hz
[controller_server-7] [WARN] [1783984234.607274326] [leo2.controller_server]: Control loop missed its desired rate of 20.0000Hz
[controller_server-1] [INFO] [1783984235.494991337] [leo1.controller_server]: Passing new path to controller.
[controller_server-7] [INFO] [1783984235.523942531] [leo2.controller_server]: Passing new path to controller.
[controller_server-1] [WARN] [1783984235.567398625] [leo1.controller_server]: Control loop missed its desired rate of 20.0000Hz
[controller_server-7] [WARN] [1783984235.586790789] [leo2.controller_server]: Control loop missed its desired rate of 20.0000Hz
[controller_server-1] [INFO] [1783984236.545027113] [leo1.controller_server]: Passing new path to controller.
[controller_server-7] [INFO] [1783984236.573947638] [leo2.controller_server]: Passing new path to controller.
[controller_server-1] [INFO] [1783984237.545033179] [leo1.controller_server]: Passing new path to controller.
[controller_server-7] [INFO] [1783984237.623937852] [leo2.controller_server]: Passing new path to controller.
[controller_server-1] [ERROR] [1783984237.645094212] [leo1.controller_server]: Failed to make progress
[controller_server-1] [WARN] [1783984237.645184885] [leo1.controller_server]: [follow_path] [ActionServer] Aborting handle.
[controller_server-1] [INFO] [1783984237.663073024] [leo1.local_costmap.local_costmap]: Received request to clear entirely the local_costmap
[controller_server-1] [INFO] [1783984237.664500231] [leo1.controller_server]: Received a goal, begin computing control effort.
[controller_server-7] [ERROR] [1783984237.755962923] [transformPoseInTargetFrame]: Extrapolation Error looking up target frame: Lookup would require extrapolation into the future.  Requested time 735.254000 but the latest data is at time 735.221000, when looking up transform from frame [leo2/map] to frame [leo2/base_link]
[controller_server-7] 
[controller_server-7] [WARN] [1783984237.757241425] [leo2.controller_server]: Control loop missed its desired rate of 20.0000Hz
[controller_server-1] [WARN] [1783984237.775649886] [leo1.controller_server]: Control loop missed its desired rate of 20.0000Hz
[controller_server-1] [INFO] [1783984238.587048581] [leo1.controller_server]: Passing new path to controller.
[controller_server-7] [INFO] [1783984238.677944190] [leo2.controller_server]: Passing new path to controller.
[controller_server-7] [ERROR] [1783984238.821155262] [transformPoseInTargetFrame]: Extrapolation Error looking up target frame: Lookup would require extrapolation into the future.  Requested time 736.069000 but the latest data is at time 736.021000, when looking up transform from frame [leo2/map] to frame [leo2/base_link]
[controller_server-7] 
[controller_server-7] [WARN] [1783984238.822108824] [leo2.controller_server]: Control loop missed its desired rate of 20.0000Hz
[controller_server-1] [INFO] [1783984239.625735586] [leo1.controller_server]: Passing new path to controller.
[controller_server-7] [INFO] [1783984239.691209039] [leo2.controller_server]: Passing new path to controller.
[controller_server-7] [ERROR] [1783984239.844236690] [transformPoseInTargetFrame]: Extrapolation Error looking up target frame: Lookup would require extrapolation into the future.  Requested time 736.837000 but the latest data is at time 736.821000, when looking up transform from frame [leo2/map] to frame [leo2/base_link]
[controller_server-7] 
[controller_server-7] [WARN] [1783984239.845135840] [leo2.controller_server]: Control loop missed its desired rate of 20.0000Hz
[controller_server-1] [INFO] [1783984240.625783764] [leo1.controller_server]: Passing new path to controller.
[controller_server-7] [INFO] [1783984240.716494144] [leo2.controller_server]: Passing new path to controller.
[controller_server-1] [WARN] [1783984240.739273755] [leo1.controller_server]: Control loop missed its desired rate of 20.0000Hz
[controller_server-1] [INFO] [1783984241.704625161] [leo1.controller_server]: Passing new path to controller.
[controller_server-7] [INFO] [1783984241.745242479] [leo2.controller_server]: Passing new path to controller.
[controller_server-1] [INFO] [1783984242.689340259] [leo1.controller_server]: Passing new path to controller.
[controller_server-7] [INFO] [1783984242.795193163] [leo2.controller_server]: Passing new path to controller.
[controller_server-7] [ERROR] [1783984242.917082635] [transformPoseInTargetFrame]: Extrapolation Error looking up target frame: Lookup would require extrapolation into the future.  Requested time 739.223000 but the latest data is at time 739.221000, when looking up transform from frame [leo2/map] to frame [leo2/base_link]
[controller_server-7] 
[controller_server-7] [WARN] [1783984242.918395082] [leo2.controller_server]: Control loop missed its desired rate of 20.0000Hz
[controller_server-1] [INFO] [1783984243.739339052] [leo1.controller_server]: Passing new path to controller.
[controller_server-7] [INFO] [1783984243.785003783] [leo2.controller_server]: Passing new path to controller.
[controller_server-7] [ERROR] [1783984243.917727785] [transformPoseInTargetFrame]: Extrapolation Error looking up target frame: Lookup would require extrapolation into the future.  Requested time 740.039000 but the latest data is at time 740.021000, when looking up transform from frame [leo2/map] to frame [leo2/base_link]
[controller_server-7] 
[controller_server-7] [WARN] [1783984243.919088422] [leo2.controller_server]: Control loop missed its desired rate of 20.0000Hz
[controller_server-1] [INFO] [1783984244.739334535] [leo1.controller_server]: Passing new path to controller.
[controller_server-7] [INFO] [1783984244.836102609] [leo2.controller_server]: Passing new path to controller.
[controller_server-7] [WARN] [1783984244.948823978] [leo2.controller_server]: Control loop missed its desired rate of 20.0000Hz
[controller_server-1] [INFO] [1783984245.789372250] [leo1.controller_server]: Passing new path to controller.
[controller_server-7] [INFO] [1783984245.869186359] [leo2.controller_server]: Passing new path to controller.
[controller_server-1] [ERROR] [1783984245.921155838] [transformPoseInTargetFrame]: Extrapolation Error looking up target frame: Lookup would require extrapolation into the future.  Requested time 741.625000 but the latest data is at time 741.620000, when looking up transform from frame [leo1/map] to frame [leo1/base_link]
[controller_server-1] 
[controller_server-1] [WARN] [1783984245.921632010] [leo1.controller_server]: Control loop missed its desired rate of 20.0000Hz
[controller_server-7] [WARN] [1783984245.992680272] [leo2.controller_server]: Control loop missed its desired rate of 20.0000Hz
[controller_server-1] [INFO] [1783984246.836262411] [leo1.controller_server]: Passing new path to controller.
[controller_server-7] [INFO] [1783984246.913227575] [leo2.controller_server]: Passing new path to controller.
[controller_server-7] [ERROR] [1783984247.055954341] [transformPoseInTargetFrame]: Extrapolation Error looking up target frame: Lookup would require extrapolation into the future.  Requested time 742.475000 but the latest data is at time 742.461000, when looking up transform from frame [leo2/map] to frame [leo2/base_link]
[controller_server-7] 
[controller_server-7] [WARN] [1783984247.057481209] [leo2.controller_server]: Control loop missed its desired rate of 20.0000Hz
[controller_server-1] [INFO] [1783984247.861399086] [leo1.controller_server]: Passing new path to controller.
[controller_server-7] [INFO] [1783984247.930062993] [leo2.controller_server]: Passing new path to controller.
[controller_server-7] [ERROR] [1783984248.093438069] [transformPoseInTargetFrame]: Extrapolation Error looking up target frame: Lookup would require extrapolation into the future.  Requested time 743.227000 but the latest data is at time 743.221000, when looking up transform from frame [leo2/map] to frame [leo2/base_link]
[controller_server-7] 
[controller_server-7] [WARN] [1783984248.094432602] [leo2.controller_server]: Control loop missed its desired rate of 20.0000Hz
[controller_server-1] [INFO] [1783984248.871726480] [leo1.controller_server]: Passing new path to controller.
[controller_server-1] [WARN] [1783984248.954016460] [leo1.controller_server]: Control loop missed its desired rate of 20.0000Hz
[controller_server-7] [INFO] [1783984248.965422911] [leo2.controller_server]: Passing new path to controller.
[controller_server-1] [INFO] [1783984249.921699038] [leo1.controller_server]: Passing new path to controller.
[controller_server-7] [INFO] [1783984249.994503011] [leo2.controller_server]: Passing new path to controller.
[controller_server-1] [INFO] [1783984250.921728340] [leo1.controller_server]: Passing new path to controller.
[controller_server-7] [INFO] [1783984250.994509957] [leo2.controller_server]: Passing new path to controller.
[controller_server-1] [INFO] [1783984252.642035589] [leo1.controller_server]: Passing new path to controller.
[controller_server-7] [ERROR] [1783984252.647172408] [transformPoseInTargetFrame]: Extrapolation Error looking up target frame: Lookup would require extrapolation into the future.  Requested time 745.630000 but the latest data is at time 745.621000, when looking up transform from frame [leo2/map] to frame [leo2/base_link]
[controller_server-7] 
[controller_server-7] [WARN] [1783984252.647924884] [leo2.controller_server]: Control loop missed its desired rate of 20.0000Hz
[controller_server-7] [INFO] [1783984252.647943650] [leo2.controller_server]: Passing new path to controller.
[controller_server-1] [WARN] [1783984252.693719861] [leo1.controller_server]: Control loop missed its desired rate of 20.0000Hz
[controller_server-1] [INFO] [1783984253.692043124] [leo1.controller_server]: Passing new path to controller.
[controller_server-7] [INFO] [1783984253.698035281] [leo2.controller_server]: Passing new path to controller.
[controller_server-1] [INFO] [1783984254.692060797] [leo1.controller_server]: Passing new path to controller.
[controller_server-7] [INFO] [1783984254.698027647] [leo2.controller_server]: Passing new path to controller.
[controller_server-1] [INFO] [1783984255.742067180] [leo1.controller_server]: Passing new path to controller.
[controller_server-7] [INFO] [1783984255.748038211] [leo2.controller_server]: Passing new path to controller.
[controller_server-1] [WARN] [1783984255.793675717] [leo1.controller_server]: Control loop missed its desired rate of 20.0000Hz
[controller_server-7] [WARN] [1783984255.810423792] [leo2.controller_server]: Control loop missed its desired rate of 20.0000Hz
[controller_server-7] [INFO] [1783984256.748005485] [leo2.controller_server]: Passing new path to controller.
[controller_server-1] [INFO] [1783984256.792068156] [leo1.controller_server]: Passing new path to controller.
[controller_server-1] [WARN] [1783984256.874662486] [leo1.controller_server]: Control loop missed its desired rate of 20.0000Hz
[controller_server-7] [WARN] [1783984256.891438763] [leo2.controller_server]: Control loop missed its desired rate of 20.0000Hz
[controller_server-1] [INFO] [1783984257.792056979] [leo1.controller_server]: Passing new path to controller.
[controller_server-7] [INFO] [1783984257.806989888] [leo2.controller_server]: Passing new path to controller.
[controller_server-7] [INFO] [1783984258.841507255] [leo2.controller_server]: Passing new path to controller.
[controller_server-1] [INFO] [1783984258.842087693] [leo1.controller_server]: Passing new path to controller.
[controller_server-1] [WARN] [1783984258.893762247] [leo1.controller_server]: Control loop missed its desired rate of 20.0000Hz
[controller_server-7] [WARN] [1783984258.913643919] [leo2.controller_server]: Control loop missed its desired rate of 20.0000Hz
[controller_server-7] [INFO] [1783984259.841506251] [leo2.controller_server]: Passing new path to controller.
[controller_server-1] [INFO] [1783984259.842046180] [leo1.controller_server]: Passing new path to controller.
[controller_server-1] [ERROR] [1783984260.192055089] [leo1.controller_server]: Failed to make progress
[controller_server-1] [WARN] [1783984260.192125453] [leo1.controller_server]: [follow_path] [ActionServer] Aborting handle.
[behavior_server-3] [INFO] [1783984260.203645123] [leo1.behavior_server]: Running backup
[controller_server-7] [INFO] [1783984260.891523553] [leo2.controller_server]: Passing new path to controller.
[controller_server-7] [WARN] [1783984261.074608589] [leo2.controller_server]: Control loop missed its desired rate of 20.0000Hz
[controller_server-7] [INFO] [1783984261.941073000] [leo2.controller_server]: Passing new path to controller.
[controller_server-7] [INFO] [1783984262.924629068] [leo2.controller_server]: Passing new path to controller.
[controller_server-7] [INFO] [1783984263.974694571] [leo2.controller_server]: Passing new path to controller.
[controller_server-7] [INFO] [1783984265.024693301] [leo2.controller_server]: Passing new path to controller.
[controller_server-7] [INFO] [1783984266.024703279] [leo2.controller_server]: Passing new path to controller.
[controller_server-7] [ERROR] [1783984266.177207368] [transformPoseInTargetFrame]: Extrapolation Error looking up target frame: Lookup would require extrapolation into the future.  Requested time 754.245000 but the latest data is at time 754.221000, when looking up transform from frame [leo2/map] to frame [leo2/base_link]
[controller_server-7] 
[controller_server-7] [WARN] [1783984266.178202331] [leo2.controller_server]: Control loop missed its desired rate of 20.0000Hz
[controller_server-7] [INFO] [1783984267.045512360] [leo2.controller_server]: Passing new path to controller.
[controller_server-7] [WARN] [1783984267.147894178] [leo2.controller_server]: Control loop missed its desired rate of 20.0000Hz
[behavior_server-3] [INFO] [1783984267.803899971] [leo1.behavior_server]: backup completed successfully
[controller_server-1] [INFO] [1783984267.854749002] [leo1.controller_server]: Received a goal, begin computing control effort.
[controller_server-1] [WARN] [1783984267.997135822] [leo1.controller_server]: Control loop missed its desired rate of 20.0000Hz
[controller_server-7] [INFO] [1783984268.078271592] [leo2.controller_server]: Passing new path to controller.
[controller_server-1] [INFO] [1783984268.911433159] [leo1.controller_server]: Passing new path to controller.
[controller_server-1] [INFO] [1783984268.991373581] [leo1.local_costmap.local_costmap]: Received request to clear entirely the local_costmap
[planner_server-2] [INFO] [1783984268.991468321] [leo1.global_costmap.global_costmap]: Received request to clear entirely the global_costmap
[controller_server-1] [WARN] [1783984269.067730217] [leo1.controller_server]: Control loop missed its desired rate of 20.0000Hz
[controller_server-7] [INFO] [1783984269.128267079] [leo2.controller_server]: Passing new path to controller.
[controller_server-1] [INFO] [1783984269.947205232] [leo1.controller_server]: Passing new path to controller.
[controller_server-7] [INFO] [1783984270.178269500] [leo2.controller_server]: Passing new path to controller.
[controller_server-7] [WARN] [1783984270.270442137] [leo2.controller_server]: Control loop missed its desired rate of 20.0000Hz
[controller_server-1] [INFO] [1783984270.947204151] [leo1.controller_server]: Passing new path to controller.
[controller_server-7] [INFO] [1783984271.178272465] [leo2.controller_server]: Passing new path to controller.
[controller_server-1] [INFO] [1783984271.997215996] [leo1.controller_server]: Passing new path to controller.
[controller_server-1] [WARN] [1783984272.069286460] [leo1.controller_server]: Control loop missed its desired rate of 20.0000Hz
[controller_server-7] [INFO] [1783984272.228305837] [leo2.controller_server]: Passing new path to controller.
[controller_server-7] [WARN] [1783984272.381577038] [leo2.controller_server]: Control loop missed its desired rate of 20.0000Hz
[controller_server-1] [INFO] [1783984272.997210648] [leo1.controller_server]: Passing new path to controller.
[controller_server-7] [INFO] [1783984273.248921296] [leo2.controller_server]: Passing new path to controller.
[controller_server-1] [INFO] [1783984274.047224318] [leo1.controller_server]: Passing new path to controller.
[controller_server-1] [WARN] [1783984274.221062779] [leo1.controller_server]: Control loop missed its desired rate of 20.0000Hz
[controller_server-7] [INFO] [1783984274.281661562] [leo2.controller_server]: Passing new path to controller.
[controller_server-1] [INFO] [1783984275.084785661] [leo1.controller_server]: Passing new path to controller.
[controller_server-7] [INFO] [1783984275.331670943] [leo2.controller_server]: Passing new path to controller.
[controller_server-1] [INFO] [1783984276.108684274] [leo1.controller_server]: Passing new path to controller.
[controller_server-7] [INFO] [1783984276.331627892] [leo2.controller_server]: Passing new path to controller.
[controller_server-1] [INFO] [1783984277.121157130] [leo1.controller_server]: Passing new path to controller.
[controller_server-1] [ERROR] [1783984277.253057633] [transformPoseInTargetFrame]: Extrapolation Error looking up target frame: Lookup would require extrapolation into the future.  Requested time 761.848000 but the latest data is at time 761.820000, when looking up transform from frame [leo1/map] to frame [leo1/base_link]
[controller_server-1] 
[controller_server-1] [WARN] [1783984277.253707511] [leo1.controller_server]: Control loop missed its desired rate of 20.0000Hz
[controller_server-7] [INFO] [1783984277.381672910] [leo2.controller_server]: Passing new path to controller.
[controller_server-7] [ERROR] [1783984277.503933805] [transformPoseInTargetFrame]: Extrapolation Error looking up target frame: Lookup would require extrapolation into the future.  Requested time 762.053000 but the latest data is at time 762.021000, when looking up transform from frame [leo2/map] to frame [leo2/base_link]
[controller_server-7] 
[controller_server-7] [WARN] [1783984277.504737589] [leo2.controller_server]: Control loop missed its desired rate of 20.0000Hz
[controller_server-1] [INFO] [1783984278.166616685] [leo1.controller_server]: Passing new path to controller.
[controller_server-1] [WARN] [1783984278.279007428] [leo1.controller_server]: Control loop missed its desired rate of 20.0000Hz
[controller_server-7] [INFO] [1783984278.372477107] [leo2.controller_server]: Passing new path to controller.
[controller_server-7] [ERROR] [1783984278.514424534] [transformPoseInTargetFrame]: Extrapolation Error looking up target frame: Lookup would require extrapolation into the future.  Requested time 762.842000 but the latest data is at time 762.821000, when looking up transform from frame [leo2/map] to frame [leo2/base_link]
[controller_server-7] 
[controller_server-7] [WARN] [1783984278.515318040] [leo2.controller_server]: Control loop missed its desired rate of 20.0000Hz
[controller_server-1] [INFO] [1783984279.203796609] [leo1.controller_server]: Passing new path to controller.
[controller_server-1] [WARN] [1783984279.266206015] [leo1.controller_server]: Control loop missed its desired rate of 20.0000Hz
[controller_server-7] [INFO] [1783984279.437245381] [leo2.controller_server]: Passing new path to controller.
[controller_server-7] [WARN] [1783984279.540249685] [leo2.controller_server]: Control loop missed its desired rate of 20.0000Hz
[controller_server-1] [INFO] [1783984280.253829108] [leo1.controller_server]: Passing new path to controller.
[controller_server-7] [INFO] [1783984280.465429529] [leo2.controller_server]: Passing new path to controller.
[controller_server-7] [WARN] [1783984280.569034976] [leo2.controller_server]: Control loop missed its desired rate of 20.0000Hz
[controller_server-1] [INFO] [1783984281.253801202] [leo1.controller_server]: Passing new path to controller.
[controller_server-1] [WARN] [1783984281.346865599] [leo1.controller_server]: Control loop missed its desired rate of 20.0000Hz
[controller_server-7] [INFO] [1783984281.488178807] [leo2.controller_server]: Passing new path to controller.
[controller_server-7] [WARN] [1783984281.621828187] [leo2.controller_server]: Control loop missed its desired rate of 20.0000Hz
[controller_server-1] [INFO] [1783984282.303815247] [leo1.controller_server]: Passing new path to controller.
[controller_server-1] [WARN] [1783984282.376092772] [leo1.controller_server]: Control loop missed its desired rate of 20.0000Hz
[controller_server-7] [INFO] [1783984282.541616166] [leo2.controller_server]: Passing new path to controller.
[controller_server-1] [INFO] [1783984284.216097418] [leo1.controller_server]: Passing new path to controller.
[controller_server-7] [WARN] [1783984284.229023599] [leo2.controller_server]: Control loop missed its desired rate of 20.0000Hz
[controller_server-7] [INFO] [1783984284.229068333] [leo2.controller_server]: Passing new path to controller.
[controller_server-7] [WARN] [1783984284.250697254] [leo2.controller_server]: Control loop missed its desired rate of 20.0000Hz
[controller_server-7] [INFO] [1783984285.234231896] [leo2.controller_server]: Passing new path to controller.
[controller_server-1] [INFO] [1783984285.266074157] [leo1.controller_server]: Passing new path to controller.
[controller_server-7] [ERROR] [1783984285.356353290] [transformPoseInTargetFrame]: Extrapolation Error looking up target frame: Lookup would require extrapolation into the future.  Requested time 767.032000 but the latest data is at time 767.021000, when looking up transform from frame [leo2/map] to frame [leo2/base_link]
[controller_server-7] 
[controller_server-7] [WARN] [1783984285.357241954] [leo2.controller_server]: Control loop missed its desired rate of 20.0000Hz
[controller_server-1] [ERROR] [1783984285.388044228] [transformPoseInTargetFrame]: Extrapolation Error looking up target frame: Lookup would require extrapolation into the future.  Requested time 767.060000 but the latest data is at time 767.020000, when looking up transform from frame [leo1/map] to frame [leo1/base_link]
[controller_server-1] 
[controller_server-1] [WARN] [1783984285.388534669] [leo1.controller_server]: Control loop missed its desired rate of 20.0000Hz
[controller_server-1] [INFO] [1783984286.250464830] [leo1.controller_server]: Passing new path to controller.
[controller_server-7] [INFO] [1783984286.275584709] [leo2.controller_server]: Passing new path to controller.
[controller_server-1] [WARN] [1783984286.352727458] [leo1.controller_server]: Control loop missed its desired rate of 20.0000Hz
[controller_server-7] [WARN] [1783984286.368715259] [leo2.controller_server]: Control loop missed its desired rate of 20.0000Hz
[controller_server-1] [INFO] [1783984287.288601856] [leo1.controller_server]: Passing new path to controller.
[controller_server-7] [INFO] [1783984287.307318029] [leo2.controller_server]: Passing new path to controller.
[controller_server-7] [ERROR] [1783984287.557319163] [leo2.controller_server]: Failed to make progress
[controller_server-7] [WARN] [1783984287.557386628] [leo2.controller_server]: [follow_path] [ActionServer] Aborting handle.
[behavior_server-9] [INFO] [1783984287.573043792] [leo2.behavior_server]: Running wait
[controller_server-1] [INFO] [1783984288.338599124] [leo1.controller_server]: Passing new path to controller.
[controller_server-1] [ERROR] [1783984288.460626058] [transformPoseInTargetFrame]: Extrapolation Error looking up target frame: Lookup would require extrapolation into the future.  Requested time 769.654000 but the latest data is at time 769.620000, when looking up transform from frame [leo1/map] to frame [leo1/base_link]
[controller_server-1] 
[controller_server-1] [WARN] [1783984288.461287783] [leo1.controller_server]: Control loop missed its desired rate of 20.0000Hz
[controller_server-1] [ERROR] [1783984289.327091638] [leo1.controller_server]: Failed to make progress
[controller_server-1] [WARN] [1783984289.327271040] [leo1.controller_server]: [follow_path] [ActionServer] Aborting handle.
[controller_server-1] [INFO] [1783984289.336932989] [leo1.controller_server]: Received a goal, begin computing control effort.
[controller_server-1] [ERROR] [1783984289.478855671] [transformPoseInTargetFrame]: Extrapolation Error looking up target frame: Lookup would require extrapolation into the future.  Requested time 770.448000 but the latest data is at time 770.420000, when looking up transform from frame [leo1/map] to frame [leo1/base_link]
[controller_server-1] 
[controller_server-1] [WARN] [1783984289.479500789] [leo1.controller_server]: Control loop missed its desired rate of 20.0000Hz
[controller_server-1] [INFO] [1783984290.395392895] [leo1.controller_server]: Passing new path to controller.
[controller_server-1] [WARN] [1783984290.528449168] [leo1.controller_server]: Control loop missed its desired rate of 20.0000Hz
[controller_server-1] [WARN] [1783984290.530480962] [leo1.controller_server]: Control loop missed its desired rate of 20.0000Hz
[controller_server-1] [INFO] [1783984291.429583790] [leo1.controller_server]: Passing new path to controller.
[controller_server-1] [WARN] [1783984291.552217692] [leo1.controller_server]: Control loop missed its desired rate of 20.0000Hz
[controller_server-1] [INFO] [1783984292.466099024] [leo1.controller_server]: Passing new path to controller.
[controller_server-1] [WARN] [1783984292.568422644] [leo1.controller_server]: Control loop missed its desired rate of 20.0000Hz
[controller_server-1] [INFO] [1783984293.502300261] [leo1.controller_server]: Passing new path to controller.
[behavior_server-9] [INFO] [1783984293.773297165] [leo2.behavior_server]: wait completed successfully
[controller_server-7] [INFO] [1783984293.824540491] [leo2.controller_server]: Received a goal, begin computing control effort.
[controller_server-7] [ERROR] [1783984293.946825750] [transformPoseInTargetFrame]: Extrapolation Error looking up target frame: Lookup would require extrapolation into the future.  Requested time 774.040000 but the latest data is at time 774.021000, when looking up transform from frame [leo2/map] to frame [leo2/base_link]
[controller_server-7] 
[controller_server-7] [WARN] [1783984293.947897869] [leo2.controller_server]: Control loop missed its desired rate of 20.0000Hz
[controller_server-1] [INFO] [1783984294.502288514] [leo1.controller_server]: Passing new path to controller.
[controller_server-1] [ERROR] [1783984294.624222551] [transformPoseInTargetFrame]: Extrapolation Error looking up target frame: Lookup would require extrapolation into the future.  Requested time 774.621000 but the latest data is at time 774.620000, when looking up transform from frame [leo1/map] to frame [leo1/base_link]
[controller_server-1] 
[controller_server-1] [WARN] [1783984294.626626694] [leo1.controller_server]: Control loop missed its desired rate of 20.0000Hz
[controller_server-7] [INFO] [1783984294.865401083] [leo2.controller_server]: Passing new path to controller.
[controller_server-1] [INFO] [1783984295.538735299] [leo1.controller_server]: Passing new path to controller.
[controller_server-7] [INFO] [1783984295.897969939] [leo2.controller_server]: Passing new path to controller.
[controller_server-1] [INFO] [1783984296.576691896] [leo1.controller_server]: Passing new path to controller.
[controller_server-7] [INFO] [1783984296.948022066] [leo2.controller_server]: Passing new path to controller.
[controller_server-7] [ERROR] [1783984297.069811080] [transformPoseInTargetFrame]: Extrapolation Error looking up target frame: Lookup would require extrapolation into the future.  Requested time 776.653000 but the latest data is at time 776.621000, when looking up transform from frame [leo2/map] to frame [leo2/base_link]
[controller_server-7] 
[controller_server-7] [WARN] [1783984297.070576157] [leo2.controller_server]: Control loop missed its desired rate of 20.0000Hz
[controller_server-1] [INFO] [1783984297.576713015] [leo1.controller_server]: Passing new path to controller.
[controller_server-7] [INFO] [1783984297.989896472] [leo2.controller_server]: Passing new path to controller.
[controller_server-7] [WARN] [1783984298.082427323] [leo2.controller_server]: Control loop missed its desired rate of 20.0000Hz
[controller_server-1] [INFO] [1783984298.626733588] [leo1.controller_server]: Passing new path to controller.
[controller_server-7] [INFO] [1783984299.020678094] [leo2.controller_server]: Passing new path to controller.
[controller_server-7] [ERROR] [1783984299.153239866] [transformPoseInTargetFrame]: Extrapolation Error looking up target frame: Lookup would require extrapolation into the future.  Requested time 778.279000 but the latest data is at time 778.221000, when looking up transform from frame [leo2/map] to frame [leo2/base_link]
[controller_server-7] 
[controller_server-7] [WARN] [1783984299.154564614] [leo2.controller_server]: Control loop missed its desired rate of 20.0000Hz
[controller_server-1] [INFO] [1783984299.676716662] [leo1.controller_server]: Passing new path to controller.
[controller_server-7] [INFO] [1783984300.026537283] [leo2.controller_server]: Passing new path to controller.
[controller_server-7] [ERROR] [1783984300.159272511] [transformPoseInTargetFrame]: Extrapolation Error looking up target frame: Lookup would require extrapolation into the future.  Requested time 779.062000 but the latest data is at time 779.021000, when looking up transform from frame [leo2/map] to frame [leo2/base_link]
[controller_server-7] 
[controller_server-7] [WARN] [1783984300.160177455] [leo2.controller_server]: Control loop missed its desired rate of 20.0000Hz
[controller_server-1] [INFO] [1783984300.676694780] [leo1.controller_server]: Passing new path to controller.
[controller_server-7] [INFO] [1783984301.079318902] [leo2.controller_server]: Passing new path to controller.
[controller_server-7] [WARN] [1783984301.172179867] [leo2.controller_server]: Control loop missed its desired rate of 20.0000Hz
[controller_server-1] [INFO] [1783984301.726695591] [leo1.controller_server]: Passing new path to controller.
[controller_server-1] [ERROR] [1783984301.848619258] [transformPoseInTargetFrame]: Extrapolation Error looking up target frame: Lookup would require extrapolation into the future.  Requested time 780.462000 but the latest data is at time 780.420000, when looking up transform from frame [leo1/map] to frame [leo1/base_link]
[controller_server-1] 
[controller_server-1] [WARN] [1783984301.849345763] [leo1.controller_server]: Control loop missed its desired rate of 20.0000Hz
[controller_server-7] [INFO] [1783984302.110258738] [leo2.controller_server]: Passing new path to controller.
[controller_server-1] [INFO] [1783984302.764288970] [leo1.controller_server]: Passing new path to controller.
[controller_server-7] [INFO] [1783984303.110211815] [leo2.controller_server]: Passing new path to controller.
[controller_server-1] [INFO] [1783984303.749413430] [leo1.controller_server]: Passing new path to controller.
[controller_server-7] [INFO] [1783984304.160256126] [leo2.controller_server]: Passing new path to controller.
[controller_server-7] [WARN] [1783984304.242576513] [leo2.controller_server]: Control loop missed its desired rate of 20.0000Hz
[controller_server-1] [INFO] [1783984304.799421054] [leo1.controller_server]: Passing new path to controller.
[controller_server-1] [ERROR] [1783984304.921177715] [transformPoseInTargetFrame]: Extrapolation Error looking up target frame: Lookup would require extrapolation into the future.  Requested time 783.056000 but the latest data is at time 783.020000, when looking up transform from frame [leo1/map] to frame [leo1/base_link]
[controller_server-1] 
[controller_server-1] [WARN] [1783984304.921826554] [leo1.controller_server]: Control loop missed its desired rate of 20.0000Hz
[controller_server-7] [INFO] [1783984305.160261868] [leo2.controller_server]: Passing new path to controller.
[controller_server-1] [INFO] [1783984305.838539190] [leo1.controller_server]: Passing new path to controller.
[controller_server-1] [WARN] [1783984305.951478014] [leo1.controller_server]: Control loop missed its desired rate of 20.0000Hz
[controller_server-7] [INFO] [1783984306.210240498] [leo2.controller_server]: Passing new path to controller.
[controller_server-7] [WARN] [1783984306.262779832] [leo2.controller_server]: Control loop missed its desired rate of 20.0000Hz
[controller_server-1] [INFO] [1783984306.871918000] [leo1.controller_server]: Passing new path to controller.
[controller_server-1] [ERROR] [1783984307.004252359] [transformPoseInTargetFrame]: Extrapolation Error looking up target frame: Lookup would require extrapolation into the future.  Requested time 784.672000 but the latest data is at time 784.620000, when looking up transform from frame [leo1/map] to frame [leo1/base_link]
[controller_server-1] 
[controller_server-1] [WARN] [1783984307.004903223] [leo1.controller_server]: Control loop missed its desired rate of 20.0000Hz
[controller_server-7] [INFO] [1783984307.260244188] [leo2.controller_server]: Passing new path to controller.
[controller_server-1] [INFO] [1783984307.869343509] [leo1.controller_server]: Passing new path to controller.
[controller_server-1] [ERROR] [1783984308.012127378] [transformPoseInTargetFrame]: Extrapolation Error looking up target frame: Lookup would require extrapolation into the future.  Requested time 785.437000 but the latest data is at time 785.420000, when looking up transform from frame [leo1/map] to frame [leo1/base_link]
[controller_server-1] 
[controller_server-1] [WARN] [1783984308.012821822] [leo1.controller_server]: Control loop missed its desired rate of 20.0000Hz
[controller_server-1] [ERROR] [1783984308.012862576] [leo1.controller_server]: Failed to make progress
[controller_server-1] [WARN] [1783984308.012883579] [leo1.controller_server]: [follow_path] [ActionServer] Aborting handle.
[controller_server-1] [INFO] [1783984308.035862900] [leo1.local_costmap.local_costmap]: Received request to clear entirely the local_costmap
[controller_server-1] [INFO] [1783984308.037749850] [leo1.controller_server]: Received a goal, begin computing control effort.
[controller_server-7] [INFO] [1783984308.260253832] [leo2.controller_server]: Passing new path to controller.
[controller_server-1] [WARN] [1783984308.350452510] [leo1.controller_server]: Control loop missed its desired rate of 20.0000Hz
[controller_server-7] [WARN] [1783984308.373356604] [leo2.controller_server]: Control loop missed its desired rate of 20.0000Hz
[controller_server-1] [INFO] [1783984308.908740646] [leo1.controller_server]: Passing new path to controller.
[controller_server-1] [ERROR] [1783984309.031086049] [transformPoseInTargetFrame]: Extrapolation Error looking up target frame: Lookup would require extrapolation into the future.  Requested time 786.250000 but the latest data is at time 786.220000, when looking up transform from frame [leo1/map] to frame [leo1/base_link]
[controller_server-1] 
[controller_server-1] [WARN] [1783984309.031723768] [leo1.controller_server]: Control loop missed its desired rate of 20.0000Hz
[controller_server-7] [INFO] [1783984309.291907891] [leo2.controller_server]: Passing new path to controller.
[controller_server-1] [INFO] [1783984309.950529044] [leo1.controller_server]: Passing new path to controller.
[controller_server-7] [INFO] [1783984310.323444950] [leo2.controller_server]: Passing new path to controller.
[controller_server-7] [ERROR] [1783984310.455991999] [transformPoseInTargetFrame]: Extrapolation Error looking up target frame: Lookup would require extrapolation into the future.  Requested time 787.443000 but the latest data is at time 787.421000, when looking up transform from frame [leo2/map] to frame [leo2/base_link]
[controller_server-7] 
[controller_server-7] [WARN] [1783984310.457173455] [leo2.controller_server]: Control loop missed its desired rate of 20.0000Hz
[controller_server-1] [INFO] [1783984311.000525603] [leo1.controller_server]: Passing new path to controller.
[controller_server-7] [INFO] [1783984311.376151137] [leo2.controller_server]: Passing new path to controller.
[controller_server-7] [WARN] [1783984311.489022518] [leo2.controller_server]: Control loop missed its desired rate of 20.0000Hz
[controller_server-1] [INFO] [1783984312.000527757] [leo1.controller_server]: Passing new path to controller.
[controller_server-1] [ERROR] [1783984312.122972981] [transformPoseInTargetFrame]: Extrapolation Error looking up target frame: Lookup would require extrapolation into the future.  Requested time 788.835000 but the latest data is at time 788.820000, when looking up transform from frame [leo1/map] to frame [leo1/base_link]
[controller_server-1] 
[controller_server-1] [WARN] [1783984312.124044231] [leo1.controller_server]: Control loop missed its desired rate of 20.0000Hz
[controller_server-7] [ERROR] [1783984312.257298463] [leo2.controller_server]: Failed to make progress
[controller_server-7] [WARN] [1783984312.257458880] [leo2.controller_server]: [follow_path] [ActionServer] Aborting handle.
[controller_server-7] [INFO] [1783984312.272905616] [leo2.local_costmap.local_costmap]: Received request to clear entirely the local_costmap
[controller_server-7] [INFO] [1783984312.274675204] [leo2.controller_server]: Received a goal, begin computing control effort.
[controller_server-7] [INFO] [1783984312.434879834] [leo2.controller_server]: Passing new path to controller.
[controller_server-7] [WARN] [1783984312.456569408] [leo2.controller_server]: Control loop missed its desired rate of 20.0000Hz
[controller_server-1] [INFO] [1783984313.039459859] [leo1.controller_server]: Passing new path to controller.
[controller_server-1] [WARN] [1783984313.163340308] [leo1.controller_server]: Control loop missed its desired rate of 20.0000Hz
[controller_server-7] [INFO] [1783984313.428033954] [leo2.controller_server]: Passing new path to controller.
[controller_server-1] [INFO] [1783984314.074136982] [leo1.controller_server]: Passing new path to controller.
[controller_server-7] [INFO] [1783984315.938193219] [leo2.controller_server]: Passing new path to controller.
[controller_server-1] [WARN] [1783984315.948652485] [leo1.controller_server]: Control loop missed its desired rate of 20.0000Hz
[controller_server-1] [INFO] [1783984315.948696018] [leo1.controller_server]: Passing new path to controller.
[controller_server-7] [INFO] [1783984316.938193747] [leo2.controller_server]: Passing new path to controller.
[controller_server-1] [INFO] [1783984316.973658714] [leo1.controller_server]: Passing new path to controller.
[controller_server-7] [WARN] [1783984317.002492971] [leo2.controller_server]: Control loop missed its desired rate of 20.0000Hz
[controller_server-7] [INFO] [1783984317.988214816] [leo2.controller_server]: Passing new path to controller.
[controller_server-1] [INFO] [1783984317.998735144] [leo1.controller_server]: Passing new path to controller.
[controller_server-1] [INFO] [1783984318.099075635] [leo1.controller_server]: Goal was canceled. Stopping the robot.
[controller_server-1] [INFO] [1783984318.099138927] [leo1.controller_server]: [follow_path] [ActionServer] Client requested to cancel the goal. Cancelling.
[bt_navigator-4] [INFO] [1783984318.099348868] [leo1.bt_navigator]: [navigate_to_pose] [ActionServer] Client requested to cancel the goal. Cancelling.
[bt_navigator-4] [INFO] [1783984318.100136323] [leo1.bt_navigator]: Goal canceled
[controller_server-7] [INFO] [1783984319.038157293] [leo2.controller_server]: Passing new path to controller.
[controller_server-7] [WARN] [1783984319.150867295] [leo2.controller_server]: Control loop missed its desired rate of 20.0000Hz
[controller_server-7] [INFO] [1783984320.067496173] [leo2.controller_server]: Passing new path to controller.
[controller_server-7] [INFO] [1783984321.100954720] [leo2.controller_server]: Passing new path to controller.
[controller_server-7] [INFO] [1783984322.100915755] [leo2.controller_server]: Passing new path to controller.
[controller_server-7] [ERROR] [1783984322.222558573] [transformPoseInTargetFrame]: Extrapolation Error looking up target frame: Lookup would require extrapolation into the future.  Requested time 795.648000 but the latest data is at time 795.641000, when looking up transform from frame [leo2/map] to frame [leo2/base_link]
[controller_server-7] 
[controller_server-7] [WARN] [1783984322.223391184] [leo2.controller_server]: Control loop missed its desired rate of 20.0000Hz
[bt_navigator-4] [INFO] [1783984322.833545554] [leo1.bt_navigator]: Begin navigating from current location (4.54, -0.35) to (7.85, -2.44)
[controller_server-1] [INFO] [1783984322.854850795] [leo1.controller_server]: Received a goal, begin computing control effort.
[controller_server-1] [WARN] [1783984322.976654114] [leo1.controller_server]: Control loop missed its desired rate of 20.0000Hz
[controller_server-7] [INFO] [1783984323.143885909] [leo2.controller_server]: Passing new path to controller.
[controller_server-7] [WARN] [1783984323.236116183] [leo2.controller_server]: Control loop missed its desired rate of 20.0000Hz
[controller_server-1] [INFO] [1783984323.896068611] [leo1.controller_server]: Passing new path to controller.
[controller_server-1] [WARN] [1783984323.978516892] [leo1.controller_server]: Control loop missed its desired rate of 20.0000Hz
[controller_server-7] [INFO] [1783984324.173531821] [leo2.controller_server]: Passing new path to controller.
[controller_server-7] [WARN] [1783984324.256326119] [leo2.controller_server]: Control loop missed its desired rate of 20.0000Hz
[controller_server-1] [INFO] [1783984324.926759414] [leo1.controller_server]: Passing new path to controller.
[controller_server-1] [WARN] [1783984325.009140052] [leo1.controller_server]: Control loop missed its desired rate of 20.0000Hz
[controller_server-7] [INFO] [1783984325.223473909] [leo2.controller_server]: Passing new path to controller.
[controller_server-7] [WARN] [1783984325.295781605] [leo2.controller_server]: Control loop missed its desired rate of 20.0000Hz
[controller_server-1] [INFO] [1783984325.976765598] [leo1.controller_server]: Passing new path to controller.
[controller_server-1] [WARN] [1783984326.070331775] [leo1.controller_server]: Control loop missed its desired rate of 20.0000Hz
[controller_server-7] [INFO] [1783984326.223459966] [leo2.controller_server]: Passing new path to controller.
[controller_server-7] [WARN] [1783984326.336546773] [leo2.controller_server]: Control loop missed its desired rate of 20.0000Hz
[controller_server-1] [INFO] [1783984326.976735000] [leo1.controller_server]: Passing new path to controller.
[controller_server-1] [WARN] [1783984327.038731808] [leo1.controller_server]: Control loop missed its desired rate of 20.0000Hz
[controller_server-7] [INFO] [1783984327.254671942] [leo2.controller_server]: Passing new path to controller.
[controller_server-1] [INFO] [1783984328.026727131] [leo1.controller_server]: Passing new path to controller.
[controller_server-7] [INFO] [1783984328.286640694] [leo2.controller_server]: Passing new path to controller.
[controller_server-1] [INFO] [1783984329.076725357] [leo1.controller_server]: Passing new path to controller.
[controller_server-1] [ERROR] [1783984329.198517621] [transformPoseInTargetFrame]: Extrapolation Error looking up target frame: Lookup would require extrapolation into the future.  Requested time 801.246000 but the latest data is at time 801.220000, when looking up transform from frame [leo1/map] to frame [leo1/base_link]
[controller_server-1] 
[controller_server-1] [WARN] [1783984329.199224935] [leo1.controller_server]: Control loop missed its desired rate of 20.0000Hz
[controller_server-7] [INFO] [1783984329.336626051] [leo2.controller_server]: Passing new path to controller.
[controller_server-7] [ERROR] [1783984329.468849422] [transformPoseInTargetFrame]: Extrapolation Error looking up target frame: Lookup would require extrapolation into the future.  Requested time 801.467000 but the latest data is at time 801.441000, when looking up transform from frame [leo2/map] to frame [leo2/base_link]
[controller_server-7] 
[controller_server-7] [WARN] [1783984329.469594094] [leo2.controller_server]: Control loop missed its desired rate of 20.0000Hz
[controller_server-1] [INFO] [1783984330.068026245] [leo1.controller_server]: Passing new path to controller.
[controller_server-1] [WARN] [1783984330.201104448] [leo1.controller_server]: Control loop missed its desired rate of 20.0000Hz
[controller_server-7] [INFO] [1783984330.340056375] [leo2.controller_server]: Passing new path to controller.
[controller_server-7] [WARN] [1783984330.462578932] [leo2.controller_server]: Control loop missed its desired rate of 20.0000Hz
[controller_server-1] [INFO] [1783984331.118497577] [leo1.controller_server]: Passing new path to controller.
[controller_server-7] [INFO] [1783984331.369656111] [leo2.controller_server]: Passing new path to controller.
[controller_server-7] [WARN] [1783984331.442048983] [leo2.controller_server]: Control loop missed its desired rate of 20.0000Hz
[controller_server-1] [INFO] [1783984332.151220961] [leo1.controller_server]: Passing new path to controller.
[controller_server-7] [INFO] [1783984332.419681600] [leo2.controller_server]: Passing new path to controller.
[controller_server-7] [WARN] [1783984332.492288920] [leo2.controller_server]: Control loop missed its desired rate of 20.0000Hz
[controller_server-7] [ERROR] [1783984332.769778712] [leo2.controller_server]: Failed to make progress
[controller_server-7] [WARN] [1783984332.769934452] [leo2.controller_server]: [follow_path] [ActionServer] Aborting handle.
[behavior_server-9] [INFO] [1783984332.784570313] [leo2.behavior_server]: Running backup
[controller_server-1] [INFO] [1783984333.151202044] [leo1.controller_server]: Passing new path to controller.
[controller_server-1] [WARN] [1783984333.244052823] [leo1.controller_server]: Control loop missed its desired rate of 20.0000Hz
[controller_server-1] [INFO] [1783984334.201196175] [leo1.controller_server]: Passing new path to controller.
[controller_server-1] [INFO] [1783984335.251175490] [leo1.controller_server]: Passing new path to controller.
[controller_server-1] [ERROR] [1783984335.372989257] [transformPoseInTargetFrame]: Extrapolation Error looking up target frame: Lookup would require extrapolation into the future.  Requested time 806.235000 but the latest data is at time 806.220000, when looking up transform from frame [leo1/map] to frame [leo1/base_link]
[controller_server-1] 
[controller_server-1] [WARN] [1783984335.373920218] [leo1.controller_server]: Control loop missed its desired rate of 20.0000Hz
[controller_server-1] [INFO] [1783984336.239143795] [leo1.controller_server]: Passing new path to controller.
[controller_server-1] [ERROR] [1783984336.361186112] [transformPoseInTargetFrame]: Extrapolation Error looking up target frame: Lookup would require extrapolation into the future.  Requested time 807.056000 but the latest data is at time 807.020000, when looking up transform from frame [leo1/map] to frame [leo1/base_link]
[controller_server-1] 
[controller_server-1] [WARN] [1783984336.362347486] [leo1.controller_server]: Control loop missed its desired rate of 20.0000Hz
[controller_server-1] [INFO] [1783984337.273978868] [leo1.controller_server]: Passing new path to controller.
[controller_server-1] [WARN] [1783984337.346250485] [leo1.controller_server]: Control loop missed its desired rate of 20.0000Hz
[controller_server-1] [INFO] [1783984338.324017050] [leo1.controller_server]: Passing new path to controller.
[controller_server-1] [INFO] [1783984339.374017528] [leo1.controller_server]: Passing new path to controller.
[behavior_server-9] [INFO] [1783984339.384896601] [leo2.behavior_server]: backup completed successfully
[controller_server-7] [INFO] [1783984339.437070701] [leo2.controller_server]: Received a goal, begin computing control effort.
[controller_server-1] [ERROR] [1783984339.526817896] [transformPoseInTargetFrame]: Extrapolation Error looking up target frame: Lookup would require extrapolation into the future.  Requested time 809.636000 but the latest data is at time 809.620000, when looking up transform from frame [leo1/map] to frame [leo1/base_link]
[controller_server-1] 
[controller_server-1] [WARN] [1783984339.528009447] [leo1.controller_server]: Control loop missed its desired rate of 20.0000Hz
[controller_server-7] [ERROR] [1783984339.589213241] [transformPoseInTargetFrame]: Extrapolation Error looking up target frame: Lookup would require extrapolation into the future.  Requested time 809.681000 but the latest data is at time 809.661000, when looking up transform from frame [leo2/map] to frame [leo2/base_link]
[controller_server-7] 
[controller_server-7] [WARN] [1783984339.593841013] [leo2.controller_server]: Control loop missed its desired rate of 20.0000Hz
[controller_server-1] [INFO] [1783984340.392493478] [leo1.controller_server]: Passing new path to controller.
[controller_server-7] [INFO] [1783984340.513107385] [leo2.controller_server]: Passing new path to controller.
[controller_server-7] [WARN] [1783984340.656809204] [leo2.controller_server]: Control loop missed its desired rate of 20.0000Hz
[controller_server-1] [INFO] [1783984341.378118487] [leo1.controller_server]: Passing new path to controller.
[controller_server-1] [WARN] [1783984341.430857713] [leo1.controller_server]: Control loop missed its desired rate of 20.0000Hz
[controller_server-7] [INFO] [1783984341.528246000] [leo2.controller_server]: Passing new path to controller.
[controller_server-7] [ERROR] [1783984341.650460205] [transformPoseInTargetFrame]: Extrapolation Error looking up target frame: Lookup would require extrapolation into the future.  Requested time 811.258000 but the latest data is at time 811.241000, when looking up transform from frame [leo2/map] to frame [leo2/base_link]
[controller_server-7] 
[controller_server-7] [WARN] [1783984341.651375215] [leo2.controller_server]: Control loop missed its desired rate of 20.0000Hz
[controller_server-1] [INFO] [1783984342.428100761] [leo1.controller_server]: Passing new path to controller.
[controller_server-7] [INFO] [1783984342.557331286] [leo2.controller_server]: Passing new path to controller.
[controller_server-7] [ERROR] [1783984342.689464268] [transformPoseInTargetFrame]: Extrapolation Error looking up target frame: Lookup would require extrapolation into the future.  Requested time 812.072000 but the latest data is at time 812.021000, when looking up transform from frame [leo2/map] to frame [leo2/base_link]
[controller_server-7] 
[controller_server-7] [WARN] [1783984342.690238203] [leo2.controller_server]: Control loop missed its desired rate of 20.0000Hz
[controller_server-1] [INFO] [1783984343.478063201] [leo1.controller_server]: Passing new path to controller.
[controller_server-7] [INFO] [1783984343.607703703] [leo2.controller_server]: Passing new path to controller.
[controller_server-1] [ERROR] [1783984343.610110354] [transformPoseInTargetFrame]: Extrapolation Error looking up target frame: Lookup would require extrapolation into the future.  Requested time 812.824000 but the latest data is at time 812.820000, when looking up transform from frame [leo1/map] to frame [leo1/base_link]
[controller_server-1] 
[controller_server-1] [WARN] [1783984343.610767643] [leo1.controller_server]: Control loop missed its desired rate of 20.0000Hz
[controller_server-1] [INFO] [1783984344.476560958] [leo1.controller_server]: Passing new path to controller.
[controller_server-7] [INFO] [1783984344.590273902] [leo2.controller_server]: Passing new path to controller.
[controller_server-1] [ERROR] [1783984344.598415635] [transformPoseInTargetFrame]: Extrapolation Error looking up target frame: Lookup would require extrapolation into the future.  Requested time 813.637000 but the latest data is at time 813.620000, when looking up transform from frame [leo1/map] to frame [leo1/base_link]
[controller_server-1] 
[controller_server-1] [WARN] [1783984344.600804198] [leo1.controller_server]: Control loop missed its desired rate of 20.0000Hz
[controller_server-7] [WARN] [1783984344.662467848] [leo2.controller_server]: Control loop missed its desired rate of 20.0000Hz
[controller_server-1] [INFO] [1783984345.510867948] [leo1.controller_server]: Passing new path to controller.
[controller_server-1] [ERROR] [1783984345.632823560] [transformPoseInTargetFrame]: Extrapolation Error looking up target frame: Lookup would require extrapolation into the future.  Requested time 814.462000 but the latest data is at time 814.420000, when looking up transform from frame [leo1/map] to frame [leo1/base_link]
[controller_server-1] 
[controller_server-1] [WARN] [1783984345.633659249] [leo1.controller_server]: Control loop missed its desired rate of 20.0000Hz
[controller_server-7] [INFO] [1783984345.640303668] [leo2.controller_server]: Passing new path to controller.
[controller_server-1] [INFO] [1783984347.690501634] [leo1.controller_server]: Passing new path to controller.
[controller_server-7] [INFO] [1783984347.690900755] [leo2.controller_server]: Passing new path to controller.
[controller_server-1] [ERROR] [1783984347.823122293] [transformPoseInTargetFrame]: Extrapolation Error looking up target frame: Lookup would require extrapolation into the future.  Requested time 814.833000 but the latest data is at time 814.820000, when looking up transform from frame [leo1/map] to frame [leo1/base_link]
[controller_server-1] 
[controller_server-1] [WARN] [1783984347.823764161] [leo1.controller_server]: Control loop missed its desired rate of 20.0000Hz
[controller_server-1] [INFO] [1783984348.734359962] [leo1.controller_server]: Passing new path to controller.
[controller_server-7] [INFO] [1783984348.740909509] [leo2.controller_server]: Passing new path to controller.
[controller_server-1] [ERROR] [1783984348.867186257] [transformPoseInTargetFrame]: Extrapolation Error looking up target frame: Lookup would require extrapolation into the future.  Requested time 815.641000 but the latest data is at time 815.620000, when looking up transform from frame [leo1/map] to frame [leo1/base_link]
[controller_server-1] 
[controller_server-1] [WARN] [1783984348.867988789] [leo1.controller_server]: Control loop missed its desired rate of 20.0000Hz
[controller_server-7] [ERROR] [1783984348.873581113] [transformPoseInTargetFrame]: Extrapolation Error looking up target frame: Lookup would require extrapolation into the future.  Requested time 815.646000 but the latest data is at time 815.641000, when looking up transform from frame [leo2/map] to frame [leo2/base_link]
[controller_server-7] 
[controller_server-7] [WARN] [1783984348.874434104] [leo2.controller_server]: Control loop missed its desired rate of 20.0000Hz
[controller_server-7] [INFO] [1783984349.256303794] [leo2.local_costmap.local_costmap]: Received request to clear entirely the local_costmap
[planner_server-8] [INFO] [1783984349.256679811] [leo2.global_costmap.global_costmap]: Received request to clear entirely the global_costmap
[controller_server-7] [INFO] [1783984349.773326757] [leo2.controller_server]: Passing new path to controller.
[controller_server-1] [INFO] [1783984349.786041398] [leo1.controller_server]: Passing new path to controller.
[controller_server-1] [INFO] [1783984350.768136948] [leo1.controller_server]: Passing new path to controller.
[controller_server-7] [INFO] [1783984350.774573058] [leo2.controller_server]: Passing new path to controller.
[controller_server-1] [WARN] [1783984350.891196866] [leo1.controller_server]: Control loop missed its desired rate of 20.0000Hz
[controller_server-7] [WARN] [1783984350.918486323] [leo2.controller_server]: Control loop missed its desired rate of 20.0000Hz
[controller_server-1] [INFO] [1783984351.806258233] [leo1.controller_server]: Passing new path to controller.
[controller_server-7] [INFO] [1783984351.839989584] [leo2.controller_server]: Passing new path to controller.
[controller_server-1] [WARN] [1783984351.939492904] [leo1.controller_server]: Control loop missed its desired rate of 20.0000Hz
[controller_server-1] [WARN] [1783984351.941887773] [leo1.controller_server]: Control loop missed its desired rate of 20.0000Hz
[controller_server-7] [WARN] [1783984351.964672739] [leo2.controller_server]: Control loop missed its desired rate of 20.0000Hz
[controller_server-1] [INFO] [1783984352.841279831] [leo1.controller_server]: Passing new path to controller.
[controller_server-7] [INFO] [1783984352.868557171] [leo2.controller_server]: Passing new path to controller.
[controller_server-1] [WARN] [1783984352.913598856] [leo1.controller_server]: Control loop missed its desired rate of 20.0000Hz
[controller_server-7] [WARN] [1783984352.930605268] [leo2.controller_server]: Control loop missed its desired rate of 20.0000Hz
[controller_server-7] [INFO] [1783984353.868546756] [leo2.controller_server]: Passing new path to controller.
[controller_server-1] [INFO] [1783984353.891273032] [leo1.controller_server]: Passing new path to controller.
[controller_server-1] [INFO] [1783984354.891261945] [leo1.controller_server]: Passing new path to controller.
[controller_server-7] [INFO] [1783984354.918563331] [leo2.controller_server]: Passing new path to controller.
[controller_server-7] [ERROR] [1783984355.040450229] [transformPoseInTargetFrame]: Extrapolation Error looking up target frame: Lookup would require extrapolation into the future.  Requested time 820.437000 but the latest data is at time 820.421000, when looking up transform from frame [leo2/map] to frame [leo2/base_link]
[controller_server-7] 
[controller_server-7] [WARN] [1783984355.041497060] [leo2.controller_server]: Control loop missed its desired rate of 20.0000Hz
[controller_server-1] [INFO] [1783984355.941252972] [leo1.controller_server]: Passing new path to controller.
[controller_server-7] [INFO] [1783984355.959013874] [leo2.controller_server]: Passing new path to controller.
[controller_server-1] [WARN] [1783984356.023929883] [leo1.controller_server]: Control loop missed its desired rate of 20.0000Hz
[controller_server-1] [INFO] [1783984356.991272193] [leo1.controller_server]: Passing new path to controller.
[controller_server-7] [INFO] [1783984356.991576745] [leo2.controller_server]: Passing new path to controller.
[controller_server-1] [ERROR] [1783984357.541328708] [leo1.controller_server]: Failed to make progress
[controller_server-1] [WARN] [1783984357.541433653] [leo1.controller_server]: [follow_path] [ActionServer] Aborting handle.
[controller_server-1] [INFO] [1783984357.554426836] [leo1.local_costmap.local_costmap]: Received request to clear entirely the local_costmap
[controller_server-1] [INFO] [1783984357.556142639] [leo1.controller_server]: Received a goal, begin computing control effort.
[controller_server-1] [WARN] [1783984357.737348139] [leo1.controller_server]: Control loop missed its desired rate of 20.0000Hz
[controller_server-7] [INFO] [1783984357.991617300] [leo2.controller_server]: Passing new path to controller.
[controller_server-1] [INFO] [1783984357.991938927] [leo1.controller_server]: Passing new path to controller.
[controller_server-1] [INFO] [1783984359.030468505] [leo1.controller_server]: Passing new path to controller.
[controller_server-7] [INFO] [1783984359.041621404] [leo2.controller_server]: Passing new path to controller.
[controller_server-1] [INFO] [1783984360.037450718] [leo1.controller_server]: Passing new path to controller.
[controller_server-7] [INFO] [1783984360.041587478] [leo2.controller_server]: Passing new path to controller.
[controller_server-1] [WARN] [1783984360.119767678] [leo1.controller_server]: Control loop missed its desired rate of 20.0000Hz
[controller_server-7] [WARN] [1783984360.134624202] [leo2.controller_server]: Control loop missed its desired rate of 20.0000Hz
[controller_server-7] [ERROR] [1783984360.291597678] [leo2.controller_server]: Failed to make progress
[controller_server-7] [WARN] [1783984360.291707796] [leo2.controller_server]: [follow_path] [ActionServer] Aborting handle.
[controller_server-7] [INFO] [1783984360.305423605] [leo2.local_costmap.local_costmap]: Received request to clear entirely the local_costmap
[controller_server-7] [INFO] [1783984360.307159547] [leo2.controller_server]: Received a goal, begin computing control effort.
[controller_server-7] [WARN] [1783984360.378591091] [leo2.controller_server]: Control loop missed its desired rate of 20.0000Hz
[controller_server-1] [INFO] [1783984361.087431827] [leo1.controller_server]: Passing new path to controller.
[controller_server-7] [INFO] [1783984361.107342980] [leo2.controller_server]: Passing new path to controller.
[controller_server-7] [INFO] [1783984362.107319084] [leo2.controller_server]: Passing new path to controller.
[controller_server-1] [INFO] [1783984362.137431637] [leo1.controller_server]: Passing new path to controller.
[controller_server-7] [ERROR] [1783984362.229717987] [transformPoseInTargetFrame]: Extrapolation Error looking up target frame: Lookup would require extrapolation into the future.  Requested time 826.242000 but the latest data is at time 826.221000, when looking up transform from frame [leo2/map] to frame [leo2/base_link]
[controller_server-7] 
[controller_server-7] [WARN] [1783984362.230503301] [leo2.controller_server]: Control loop missed its desired rate of 20.0000Hz
[controller_server-1] [ERROR] [1783984362.259528072] [transformPoseInTargetFrame]: Extrapolation Error looking up target frame: Lookup would require extrapolation into the future.  Requested time 826.265000 but the latest data is at time 826.240000, when looking up transform from frame [leo1/map] to frame [leo1/base_link]
[controller_server-1] 
[controller_server-1] [WARN] [1783984362.260694920] [leo1.controller_server]: Control loop missed its desired rate of 20.0000Hz
[controller_server-7] [INFO] [1783984363.148502434] [leo2.controller_server]: Passing new path to controller.
[controller_server-1] [INFO] [1783984363.175512350] [leo1.controller_server]: Passing new path to controller.
[controller_server-7] [WARN] [1783984363.261500317] [leo2.controller_server]: Control loop missed its desired rate of 20.0000Hz
[controller_server-1] [INFO] [1783984364.160766893] [leo1.controller_server]: Passing new path to controller.
[controller_server-7] [INFO] [1783984364.180557481] [leo2.controller_server]: Passing new path to controller.
[controller_server-1] [ERROR] [1783984364.282708329] [transformPoseInTargetFrame]: Extrapolation Error looking up target frame: Lookup would require extrapolation into the future.  Requested time 827.845000 but the latest data is at time 827.820000, when looking up transform from frame [leo1/map] to frame [leo1/base_link]
[controller_server-1] 
[controller_server-1] [WARN] [1783984364.283331083] [leo1.controller_server]: Control loop missed its desired rate of 20.0000Hz
[controller_server-7] [ERROR] [1783984364.302418942] [transformPoseInTargetFrame]: Extrapolation Error looking up target frame: Lookup would require extrapolation into the future.  Requested time 827.860000 but the latest data is at time 827.841000, when looking up transform from frame [leo2/map] to frame [leo2/base_link]
[controller_server-7] 
[controller_server-7] [WARN] [1783984364.303083855] [leo2.controller_server]: Control loop missed its desired rate of 20.0000Hz
[controller_server-1] [INFO] [1783984365.198327635] [leo1.controller_server]: Passing new path to controller.
[controller_server-7] [INFO] [1783984365.220944701] [leo2.controller_server]: Passing new path to controller.
[controller_server-1] [WARN] [1783984365.301345434] [leo1.controller_server]: Control loop missed its desired rate of 20.0000Hz
[controller_server-7] [WARN] [1783984365.324374999] [leo2.controller_server]: Control loop missed its desired rate of 20.0000Hz
[controller_server-1] [INFO] [1783984366.233434655] [leo1.controller_server]: Passing new path to controller.
[controller_server-7] [INFO] [1783984366.253183540] [leo2.controller_server]: Passing new path to controller.
[controller_server-1] [WARN] [1783984366.316444646] [leo1.controller_server]: Control loop missed its desired rate of 20.0000Hz
[controller_server-7] [WARN] [1783984366.335691082] [leo2.controller_server]: Control loop missed its desired rate of 20.0000Hz
[controller_server-7] [INFO] [1783984367.253175250] [leo2.controller_server]: Passing new path to controller.
[controller_server-1] [INFO] [1783984367.283478703] [leo1.controller_server]: Passing new path to controller.
[controller_server-1] [WARN] [1783984367.356208460] [leo1.controller_server]: Control loop missed its desired rate of 20.0000Hz
[controller_server-7] [WARN] [1783984367.376386602] [leo2.controller_server]: Control loop missed its desired rate of 20.0000Hz
[controller_server-1] [INFO] [1783984368.283414474] [leo1.controller_server]: Passing new path to controller.
[controller_server-7] [INFO] [1783984368.296832534] [leo2.controller_server]: Passing new path to controller.
[controller_server-1] [WARN] [1783984368.406030678] [leo1.controller_server]: Control loop missed its desired rate of 20.0000Hz
[controller_server-7] [WARN] [1783984368.419689593] [leo2.controller_server]: Control loop missed its desired rate of 20.0000Hz
[controller_server-1] [INFO] [1783984369.321938531] [leo1.controller_server]: Passing new path to controller.
[controller_server-7] [INFO] [1783984369.326450053] [leo2.controller_server]: Passing new path to controller.
[controller_server-1] [ERROR] [1783984369.444411496] [transformPoseInTargetFrame]: Extrapolation Error looking up target frame: Lookup would require extrapolation into the future.  Requested time 831.861000 but the latest data is at time 831.800000, when looking up transform from frame [leo1/map] to frame [leo1/base_link]
[controller_server-1] 
[controller_server-1] [WARN] [1783984369.445087620] [leo1.controller_server]: Control loop missed its desired rate of 20.0000Hz
[controller_server-7] [ERROR] [1783984369.448342199] [transformPoseInTargetFrame]: Extrapolation Error looking up target frame: Lookup would require extrapolation into the future.  Requested time 831.865000 but the latest data is at time 831.821000, when looking up transform from frame [leo2/map] to frame [leo2/base_link]
[controller_server-7] 
[controller_server-7] [WARN] [1783984369.449353727] [leo2.controller_server]: Control loop missed its desired rate of 20.0000Hz
[controller_server-1] [INFO] [1783984370.356102819] [leo1.controller_server]: Passing new path to controller.
[controller_server-7] [INFO] [1783984370.366954436] [leo2.controller_server]: Passing new path to controller.
[controller_server-1] [WARN] [1783984370.408662979] [leo1.controller_server]: Control loop missed its desired rate of 20.0000Hz
[controller_server-1] [INFO] [1783984371.356084596] [leo1.controller_server]: Passing new path to controller.
[controller_server-7] [INFO] [1783984371.399423115] [leo2.controller_server]: Passing new path to controller.
[controller_server-7] [INFO] [1783984372.399422498] [leo2.controller_server]: Passing new path to controller.
[controller_server-1] [INFO] [1783984372.406089828] [leo1.controller_server]: Passing new path to controller.
[controller_server-7] [ERROR] [1783984372.531383518] [transformPoseInTargetFrame]: Extrapolation Error looking up target frame: Lookup would require extrapolation into the future.  Requested time 834.435000 but the latest data is at time 834.421000, when looking up transform from frame [leo2/map] to frame [leo2/base_link]
[controller_server-7] 
[controller_server-7] [WARN] [1783984372.532370234] [leo2.controller_server]: Control loop missed its desired rate of 20.0000Hz
[controller_server-1] [ERROR] [1783984372.538628460] [transformPoseInTargetFrame]: Extrapolation Error looking up target frame: Lookup would require extrapolation into the future.  Requested time 834.440000 but the latest data is at time 834.420000, when looking up transform from frame [leo1/map] to frame [leo1/base_link]
[controller_server-1] 
[controller_server-1] [WARN] [1783984372.539239933] [leo1.controller_server]: Control loop missed its desired rate of 20.0000Hz
[controller_server-1] [INFO] [1783984373.406585455] [leo1.controller_server]: Passing new path to controller.
[controller_server-7] [INFO] [1783984373.455045382] [leo2.controller_server]: Passing new path to controller.
[controller_server-1] [ERROR] [1783984373.539344521] [transformPoseInTargetFrame]: Extrapolation Error looking up target frame: Lookup would require extrapolation into the future.  Requested time 835.229000 but the latest data is at time 835.220000, when looking up transform from frame [leo1/map] to frame [leo1/base_link]
[controller_server-1] 
[controller_server-1] [WARN] [1783984373.539985354] [leo1.controller_server]: Control loop missed its desired rate of 20.0000Hz
[controller_server-7] [ERROR] [1783984373.587523822] [transformPoseInTargetFrame]: Extrapolation Error looking up target frame: Lookup would require extrapolation into the future.  Requested time 835.265000 but the latest data is at time 835.241000, when looking up transform from frame [leo2/map] to frame [leo2/base_link]
[controller_server-7] 
[controller_server-7] [WARN] [1783984373.588866936] [leo2.controller_server]: Control loop missed its desired rate of 20.0000Hz
[controller_server-7] [INFO] [1783984374.457835189] [leo2.controller_server]: Passing new path to controller.
[controller_server-1] [INFO] [1783984374.458830290] [leo1.controller_server]: Passing new path to controller.
[controller_server-7] [ERROR] [1783984374.590454001] [transformPoseInTargetFrame]: Extrapolation Error looking up target frame: Lookup would require extrapolation into the future.  Requested time 836.057000 but the latest data is at time 836.041000, when looking up transform from frame [leo2/map] to frame [leo2/base_link]
[controller_server-7] 
[controller_server-1] [ERROR] [1783984374.591169450] [transformPoseInTargetFrame]: Extrapolation Error looking up target frame: Lookup would require extrapolation into the future.  Requested time 836.058000 but the latest data is at time 836.020000, when looking up transform from frame [leo1/map] to frame [leo1/base_link]
[controller_server-1] 
[controller_server-7] [WARN] [1783984374.591250702] [leo2.controller_server]: Control loop missed its desired rate of 20.0000Hz
[controller_server-1] [WARN] [1783984374.599827373] [leo1.controller_server]: Control loop missed its desired rate of 20.0000Hz
[controller_server-7] [INFO] [1783984375.512843796] [leo2.controller_server]: Passing new path to controller.
[controller_server-1] [INFO] [1783984375.516762479] [leo1.controller_server]: Passing new path to controller.
[controller_server-1] [WARN] [1783984375.630068940] [leo1.controller_server]: Control loop missed its desired rate of 20.0000Hz
[controller_server-7] [ERROR] [1783984375.645552418] [transformPoseInTargetFrame]: Extrapolation Error looking up target frame: Lookup would require extrapolation into the future.  Requested time 836.886000 but the latest data is at time 836.821000, when looking up transform from frame [leo2/map] to frame [leo2/base_link]
[controller_server-7] 
[controller_server-7] [WARN] [1783984375.646479663] [leo2.controller_server]: Control loop missed its desired rate of 20.0000Hz
[controller_server-1] [INFO] [1783984376.499909940] [leo1.controller_server]: Passing new path to controller.
[controller_server-7] [INFO] [1783984376.566714472] [leo2.controller_server]: Passing new path to controller.
[controller_server-1] [ERROR] [1783984376.621748552] [transformPoseInTargetFrame]: Extrapolation Error looking up target frame: Lookup would require extrapolation into the future.  Requested time 837.671000 but the latest data is at time 837.620000, when looking up transform from frame [leo1/map] to frame [leo1/base_link]
[controller_server-1] 
[controller_server-1] [WARN] [1783984376.622537688] [leo1.controller_server]: Control loop missed its desired rate of 20.0000Hz
[controller_server-1] [ERROR] [1783984376.622595235] [leo1.controller_server]: Failed to make progress
[controller_server-1] [WARN] [1783984376.622627609] [leo1.controller_server]: [follow_path] [ActionServer] Aborting handle.
[controller_server-1] [INFO] [1783984376.644481832] [leo1.local_costmap.local_costmap]: Received request to clear entirely the local_costmap
[planner_server-2] [INFO] [1783984376.644997886] [leo1.global_costmap.global_costmap]: Received request to clear entirely the global_costmap
[controller_server-7] [WARN] [1783984376.659403371] [leo2.controller_server]: Control loop missed its desired rate of 20.0000Hz
[controller_server-1] [INFO] [1783984376.845571814] [leo1.controller_server]: Received a goal, begin computing control effort.
[controller_server-7] [INFO] [1783984377.596546083] [leo2.controller_server]: Passing new path to controller.
[controller_server-1] [INFO] [1783984379.173071160] [leo1.controller_server]: Passing new path to controller.
[controller_server-7] [INFO] [1783984379.173927016] [leo2.controller_server]: Passing new path to controller.
[controller_server-1] [WARN] [1783984379.285765348] [leo1.controller_server]: Control loop missed its desired rate of 20.0000Hz
[controller_server-7] [ERROR] [1783984379.295947260] [transformPoseInTargetFrame]: Extrapolation Error looking up target frame: Lookup would require extrapolation into the future.  Requested time 838.684000 but the latest data is at time 838.661000, when looking up transform from frame [leo2/map] to frame [leo2/base_link]
[controller_server-7] 
[controller_server-7] [WARN] [1783984379.297383602] [leo2.controller_server]: Control loop missed its desired rate of 20.0000Hz
[controller_server-1] [INFO] [1783984380.200705438] [leo1.controller_server]: Passing new path to controller.
[controller_server-7] [INFO] [1783984380.218394769] [leo2.controller_server]: Passing new path to controller.
[controller_server-7] [WARN] [1783984380.301179735] [leo2.controller_server]: Control loop missed its desired rate of 20.0000Hz
[controller_server-7] [ERROR] [1783984380.447514173] [leo2.controller_server]: Failed to make progress
[controller_server-7] [WARN] [1783984380.447608942] [leo2.controller_server]: [follow_path] [ActionServer] Aborting handle.
[controller_server-7] [INFO] [1783984380.462382124] [leo2.local_costmap.local_costmap]: Received request to clear entirely the local_costmap
[planner_server-8] [INFO] [1783984380.462860647] [leo2.global_costmap.global_costmap]: Received request to clear entirely the global_costmap
[controller_server-7] [INFO] [1783984380.524626626] [leo2.controller_server]: Received a goal, begin computing control effort.
[controller_server-7] [ERROR] [1783984380.726642449] [transformPoseInTargetFrame]: Extrapolation Error looking up target frame: Lookup would require extrapolation into the future.  Requested time 839.849000 but the latest data is at time 839.841000, when looking up transform from frame [leo2/map] to frame [leo2/base_link]
[controller_server-7] 
[controller_server-7] [WARN] [1783984380.728130544] [leo2.controller_server]: Control loop missed its desired rate of 20.0000Hz
[controller_server-1] [INFO] [1783984381.235871269] [leo1.controller_server]: Passing new path to controller.
[controller_server-1] [WARN] [1783984381.288011158] [leo1.controller_server]: Control loop missed its desired rate of 20.0000Hz
[controller_server-7] [INFO] [1783984381.599288889] [leo2.controller_server]: Passing new path to controller.
[controller_server-1] [INFO] [1783984382.235878735] [leo1.controller_server]: Passing new path to controller.
[controller_server-1] [WARN] [1783984382.298779413] [leo1.controller_server]: Control loop missed its desired rate of 20.0000Hz
[controller_server-7] [INFO] [1783984382.628244526] [leo2.controller_server]: Passing new path to controller.
[controller_server-7] [ERROR] [1783984382.760916490] [transformPoseInTargetFrame]: Extrapolation Error looking up target frame: Lookup would require extrapolation into the future.  Requested time 841.449000 but the latest data is at time 841.441000, when looking up transform from frame [leo2/map] to frame [leo2/base_link]
[controller_server-7] 
[controller_server-7] [WARN] [1783984382.762158505] [leo2.controller_server]: Control loop missed its desired rate of 20.0000Hz
[controller_server-1] [INFO] [1783984383.285860439] [leo1.controller_server]: Passing new path to controller.
[controller_server-7] [INFO] [1783984383.631012839] [leo2.controller_server]: Passing new path to controller.
[controller_server-1] [INFO] [1783984384.285881021] [leo1.controller_server]: Passing new path to controller.
[controller_server-7] [INFO] [1783984384.662246340] [leo2.controller_server]: Passing new path to controller.
[controller_server-7] [ERROR] [1783984384.794710684] [transformPoseInTargetFrame]: Extrapolation Error looking up target frame: Lookup would require extrapolation into the future.  Requested time 843.049000 but the latest data is at time 843.041000, when looking up transform from frame [leo2/map] to frame [leo2/base_link]
[controller_server-7] 
[controller_server-7] [WARN] [1783984384.795632525] [leo2.controller_server]: Control loop missed its desired rate of 20.0000Hz
[controller_server-1] [INFO] [1783984385.335875797] [leo1.controller_server]: Passing new path to controller.
[controller_server-7] [INFO] [1783984385.716198805] [leo2.controller_server]: Passing new path to controller.
[controller_server-7] [WARN] [1783984385.819050866] [leo2.controller_server]: Control loop missed its desired rate of 20.0000Hz
[controller_server-1] [INFO] [1783984386.141838778] [leo1.local_costmap.local_costmap]: Received request to clear entirely the local_costmap
[planner_server-2] [INFO] [1783984386.141916807] [leo1.global_costmap.global_costmap]: Received request to clear entirely the global_costmap
[controller_server-1] [INFO] [1783984386.385862602] [leo1.controller_server]: Passing new path to controller.
[controller_server-1] [ERROR] [1783984386.518244625] [transformPoseInTargetFrame]: Extrapolation Error looking up target frame: Lookup would require extrapolation into the future.  Requested time 844.444000 but the latest data is at time 844.420000, when looking up transform from frame [leo1/map] to frame [leo1/base_link]
[controller_server-1] 
[controller_server-1] [WARN] [1783984386.518786105] [leo1.controller_server]: Control loop missed its desired rate of 20.0000Hz
[controller_server-7] [INFO] [1783984386.745729264] [leo2.controller_server]: Passing new path to controller.
[controller_server-7] [WARN] [1783984386.818069443] [leo2.controller_server]: Control loop missed its desired rate of 20.0000Hz
[controller_server-1] [INFO] [1783984387.382744364] [leo1.controller_server]: Passing new path to controller.
[controller_server-1] [ERROR] [1783984387.514722573] [transformPoseInTargetFrame]: Extrapolation Error looking up target frame: Lookup would require extrapolation into the future.  Requested time 845.257000 but the latest data is at time 845.220000, when looking up transform from frame [leo1/map] to frame [leo1/base_link]
[controller_server-1] 
[controller_server-1] [WARN] [1783984387.515512544] [leo1.controller_server]: Control loop missed its desired rate of 20.0000Hz
[controller_server-7] [INFO] [1783984387.745676504] [leo2.controller_server]: Passing new path to controller.
[controller_server-7] [WARN] [1783984387.807761296] [leo2.controller_server]: Control loop missed its desired rate of 20.0000Hz
[controller_server-1] [INFO] [1783984388.418884453] [leo1.controller_server]: Passing new path to controller.
[controller_server-1] [WARN] [1783984388.501603447] [leo1.controller_server]: Control loop missed its desired rate of 20.0000Hz
[controller_server-7] [INFO] [1783984388.795702309] [leo2.controller_server]: Passing new path to controller.
[controller_server-1] [INFO] [1783984389.468881837] [leo1.controller_server]: Passing new path to controller.
[controller_server-7] [INFO] [1783984389.795735397] [leo2.controller_server]: Passing new path to controller.
[controller_server-1] [INFO] [1783984390.468855810] [leo1.controller_server]: Passing new path to controller.
[controller_server-7] [INFO] [1783984390.845691931] [leo2.controller_server]: Passing new path to controller.
[controller_server-7] [ERROR] [1783984390.967705216] [transformPoseInTargetFrame]: Extrapolation Error looking up target frame: Lookup would require extrapolation into the future.  Requested time 848.074000 but the latest data is at time 848.041000, when looking up transform from frame [leo2/map] to frame [leo2/base_link]
[controller_server-7] 
[controller_server-7] [WARN] [1783984390.968843099] [leo2.controller_server]: Control loop missed its desired rate of 20.0000Hz
[controller_server-1] [INFO] [1783984391.518871228] [leo1.controller_server]: Passing new path to controller.
[controller_server-1] [ERROR] [1783984391.650801682] [transformPoseInTargetFrame]: Extrapolation Error looking up target frame: Lookup would require extrapolation into the future.  Requested time 848.638000 but the latest data is at time 848.620000, when looking up transform from frame [leo1/map] to frame [leo1/base_link]
[controller_server-1] 
[controller_server-1] [WARN] [1783984391.651875745] [leo1.controller_server]: Control loop missed its desired rate of 20.0000Hz
[controller_server-7] [INFO] [1783984391.887689488] [leo2.controller_server]: Passing new path to controller.
[controller_server-1] [INFO] [1783984392.568313132] [leo1.controller_server]: Passing new path to controller.
[controller_server-1] [WARN] [1783984392.681894911] [leo1.controller_server]: Control loop missed its desired rate of 20.0000Hz
[controller_server-7] [INFO] [1783984392.918937214] [leo2.controller_server]: Passing new path to controller.
[controller_server-7] [WARN] [1783984392.970933531] [leo2.controller_server]: Control loop missed its desired rate of 20.0000Hz
[controller_server-1] [INFO] [1783984393.601957863] [leo1.controller_server]: Passing new path to controller.
[controller_server-1] [WARN] [1783984393.724851786] [leo1.controller_server]: Control loop missed its desired rate of 20.0000Hz
[controller_server-7] [INFO] [1783984393.918908730] [leo2.controller_server]: Passing new path to controller.
[controller_server-7] [WARN] [1783984393.990911161] [leo2.controller_server]: Control loop missed its desired rate of 20.0000Hz
[controller_server-1] [INFO] [1783984394.588403916] [leo1.controller_server]: Passing new path to controller.
[controller_server-1] [WARN] [1783984394.710603373] [leo1.controller_server]: Control loop missed its desired rate of 20.0000Hz
[controller_server-7] [INFO] [1783984394.968903686] [leo2.controller_server]: Passing new path to controller.
[controller_server-1] [INFO] [1783984395.624976027] [leo1.controller_server]: Passing new path to controller.
[controller_server-1] [WARN] [1783984395.676986277] [leo1.controller_server]: Control loop missed its desired rate of 20.0000Hz
[controller_server-7] [INFO] [1783984395.768916392] [leo2.controller_server]: Goal was canceled. Stopping the robot.
[controller_server-7] [INFO] [1783984395.768992315] [leo2.controller_server]: [follow_path] [ActionServer] Client requested to cancel the goal. Cancelling.
[bt_navigator-10] [INFO] [1783984395.769255801] [leo2.bt_navigator]: [navigate_to_pose] [ActionServer] Client requested to cancel the goal. Cancelling.
[bt_navigator-10] [INFO] [1783984395.770340090] [leo2.bt_navigator]: Goal canceled
[bt_navigator-10] [INFO] [1783984395.979040086] [leo2.bt_navigator]: Begin navigating from current location (5.09, -0.47) to (2.22, -6.28)
[controller_server-7] [INFO] [1783984396.001060356] [leo2.controller_server]: Received a goal, begin computing control effort.
[controller_server-7] [ERROR] [1783984396.122366027] [transformPoseInTargetFrame]: Extrapolation Error looking up target frame: Lookup would require extrapolation into the future.  Requested time 852.239000 but the latest data is at time 852.221000, when looking up transform from frame [leo2/map] to frame [leo2/base_link]
[controller_server-7] 
[controller_server-7] [WARN] [1783984396.123546524] [leo2.controller_server]: Control loop missed its desired rate of 20.0000Hz
[controller_server-1] [INFO] [1783984396.674943995] [leo1.controller_server]: Passing new path to controller.
[controller_server-1] [ERROR] [1783984396.874992419] [leo1.controller_server]: Failed to make progress
[controller_server-1] [WARN] [1783984396.875093251] [leo1.controller_server]: [follow_path] [ActionServer] Aborting handle.
[controller_server-1] [INFO] [1783984396.891900759] [leo1.local_costmap.local_costmap]: Received request to clear entirely the local_costmap
[controller_server-1] [INFO] [1783984396.893264722] [leo1.controller_server]: Received a goal, begin computing control effort.
[controller_server-7] [INFO] [1783984397.044858273] [leo2.controller_server]: Passing new path to controller.
[controller_server-1] [WARN] [1783984397.115631073] [leo1.controller_server]: Control loop missed its desired rate of 20.0000Hz
[controller_server-7] [WARN] [1783984397.136463686] [leo2.controller_server]: Control loop missed its desired rate of 20.0000Hz
[controller_server-7] [ERROR] [1783984397.334929105] [transformPoseInTargetFrame]: Extrapolation Error looking up target frame: Lookup would require extrapolation into the future.  Requested time 853.272000 but the latest data is at time 853.241000, when looking up transform from frame [leo2/map] to frame [leo2/base_link]
[controller_server-7] 
[controller_server-7] [WARN] [1783984397.335946334] [leo2.controller_server]: Control loop missed its desired rate of 20.0000Hz
[controller_server-1] [INFO] [1783984397.676704316] [leo1.controller_server]: Passing new path to controller.
[controller_server-1] [ERROR] [1783984397.799215661] [transformPoseInTargetFrame]: Extrapolation Error looking up target frame: Lookup would require extrapolation into the future.  Requested time 853.659000 but the latest data is at time 853.620000, when looking up transform from frame [leo1/map] to frame [leo1/base_link]
[controller_server-1] 
[controller_server-1] [WARN] [1783984397.800083707] [leo1.controller_server]: Control loop missed its desired rate of 20.0000Hz
[controller_server-7] [INFO] [1783984398.101079153] [leo2.controller_server]: Passing new path to controller.
[controller_server-7] [WARN] [1783984398.377733978] [leo2.controller_server]: Control loop missed its desired rate of 20.0000Hz
[controller_server-1] [INFO] [1783984398.716292178] [leo1.controller_server]: Passing new path to controller.
[controller_server-7] [WARN] [1783984398.739703895] [leo2.controller_server]: Control loop missed its desired rate of 20.0000Hz
[controller_server-7] [WARN] [1783984399.121869083] [leo2.controller_server]: Control loop missed its desired rate of 20.0000Hz
[controller_server-7] [INFO] [1783984399.121914358] [leo2.controller_server]: Passing new path to controller.
[controller_server-7] [ERROR] [1783984399.478460742] [transformPoseInTargetFrame]: Extrapolation Error looking up target frame: Lookup would require extrapolation into the future.  Requested time 854.639000 but the latest data is at time 854.621000, when looking up transform from frame [leo2/map] to frame [leo2/base_link]
[controller_server-7] 
[controller_server-7] [WARN] [1783984399.479403330] [leo2.controller_server]: Control loop missed its desired rate of 20.0000Hz
[controller_server-1] [INFO] [1783984399.765689067] [leo1.controller_server]: Passing new path to controller.
[controller_server-7] [INFO] [1783984400.144726735] [leo2.controller_server]: Passing new path to controller.
[controller_server-7] [WARN] [1783984400.581172461] [leo2.controller_server]: Control loop missed its desired rate of 20.0000Hz
[controller_server-1] [INFO] [1783984400.765705412] [leo1.controller_server]: Passing new path to controller.
[controller_server-1] [WARN] [1783984400.959753105] [leo1.controller_server]: Control loop missed its desired rate of 20.0000Hz
[controller_server-7] [WARN] [1783984400.983233230] [leo2.controller_server]: Control loop missed its desired rate of 20.0000Hz
[controller_server-7] [INFO] [1783984401.183347667] [leo2.controller_server]: Passing new path to controller.
[controller_server-7] [WARN] [1783984401.376918844] [leo2.controller_server]: Control loop missed its desired rate of 20.0000Hz
[controller_server-7] [WARN] [1783984401.778308286] [leo2.controller_server]: Control loop missed its desired rate of 20.0000Hz
[controller_server-1] [INFO] [1783984401.822298686] [leo1.controller_server]: Passing new path to controller.
[controller_server-7] [WARN] [1783984402.129922944] [leo2.controller_server]: Control loop missed its desired rate of 20.0000Hz
[controller_server-7] [INFO] [1783984402.211646866] [leo2.controller_server]: Passing new path to controller.
[controller_server-7] [WARN] [1783984402.471227245] [leo2.controller_server]: Control loop missed its desired rate of 20.0000Hz
[controller_server-7] [ERROR] [1783984402.784589950] [transformPoseInTargetFrame]: Extrapolation Error looking up target frame: Lookup would require extrapolation into the future.  Requested time 856.402000 but the latest data is at time 856.401000, when looking up transform from frame [leo2/map] to frame [leo2/base_link]
[controller_server-7] 
[controller_server-7] [WARN] [1783984402.785431976] [leo2.controller_server]: Control loop missed its desired rate of 20.0000Hz
[controller_server-1] [INFO] [1783984402.846356777] [leo1.controller_server]: Passing new path to controller.
[controller_server-7] [INFO] [1783984403.245049559] [leo2.controller_server]: Passing new path to controller.
[controller_server-7] [WARN] [1783984403.537511272] [leo2.controller_server]: Control loop missed its desired rate of 20.0000Hz
[controller_server-1] [INFO] [1783984403.859821728] [leo1.controller_server]: Passing new path to controller.
[controller_server-7] [WARN] [1783984403.888728913] [leo2.controller_server]: Control loop missed its desired rate of 20.0000Hz
[controller_server-7] [WARN] [1783984404.280205867] [leo2.controller_server]: Control loop missed its desired rate of 20.0000Hz
[controller_server-7] [INFO] [1783984404.280245284] [leo2.controller_server]: Passing new path to controller.
[controller_server-7] [WARN] [1783984404.631662313] [leo2.controller_server]: Control loop missed its desired rate of 20.0000Hz
[controller_server-1] [INFO] [1783984404.909824698] [leo1.controller_server]: Passing new path to controller.
[controller_server-1] [WARN] [1783984404.961773781] [leo1.controller_server]: Control loop missed its desired rate of 20.0000Hz
[controller_server-7] [WARN] [1783984404.965385557] [leo2.controller_server]: Control loop missed its desired rate of 20.0000Hz
[controller_server-7] [WARN] [1783984405.326716957] [leo2.controller_server]: Control loop missed its desired rate of 20.0000Hz
[controller_server-7] [INFO] [1783984405.326757112] [leo2.controller_server]: Passing new path to controller.
[controller_server-7] [WARN] [1783984405.668271971] [leo2.controller_server]: Control loop missed its desired rate of 20.0000Hz
[controller_server-1] [INFO] [1783984405.959838889] [leo1.controller_server]: Passing new path to controller.
[controller_server-7] [WARN] [1783984405.999949297] [leo2.controller_server]: Control loop missed its desired rate of 20.0000Hz
[controller_server-1] [WARN] [1783984406.011598503] [leo1.controller_server]: Control loop missed its desired rate of 20.0000Hz
[controller_server-7] [WARN] [1783984406.382187507] [leo2.controller_server]: Control loop missed its desired rate of 20.0000Hz
[controller_server-7] [INFO] [1783984406.382227870] [leo2.controller_server]: Passing new path to controller.
[controller_server-7] [WARN] [1783984406.794278634] [leo2.controller_server]: Control loop missed its desired rate of 20.0000Hz
[controller_server-1] [INFO] [1783984406.959842932] [leo1.controller_server]: Passing new path to controller.
[controller_server-1] [WARN] [1783984407.123433526] [leo1.controller_server]: Control loop missed its desired rate of 20.0000Hz
[controller_server-7] [WARN] [1783984407.156334608] [leo2.controller_server]: Control loop missed its desired rate of 20.0000Hz
[controller_server-7] [INFO] [1783984407.356449861] [leo2.controller_server]: Passing new path to controller.
[controller_server-7] [WARN] [1783984407.509305010] [leo2.controller_server]: Control loop missed its desired rate of 20.0000Hz
[controller_server-7] [WARN] [1783984407.826265418] [leo2.controller_server]: Control loop missed its desired rate of 20.0000Hz
[controller_server-1] [INFO] [1783984407.988201265] [leo1.controller_server]: Passing new path to controller.
[controller_server-1] [WARN] [1783984408.172162282] [leo1.controller_server]: Control loop missed its desired rate of 20.0000Hz
[controller_server-7] [WARN] [1783984408.188472724] [leo2.controller_server]: Control loop missed its desired rate of 20.0000Hz
[controller_server-7] [INFO] [1783984408.388555252] [leo2.controller_server]: Passing new path to controller.
[controller_server-7] [WARN] [1783984408.630941822] [leo2.controller_server]: Control loop missed its desired rate of 20.0000Hz
[controller_server-7] [WARN] [1783984408.992847031] [leo2.controller_server]: Control loop missed its desired rate of 20.0000Hz
[controller_server-1] [INFO] [1783984409.034183593] [leo1.controller_server]: Passing new path to controller.
[controller_server-7] [INFO] [1783984410.714275299] [leo2.controller_server]: Passing new path to controller.
[controller_server-1] [INFO] [1783984410.737587676] [leo1.controller_server]: Passing new path to controller.
[controller_server-1] [WARN] [1783984410.954259169] [leo1.controller_server]: Control loop missed its desired rate of 20.0000Hz
[controller_server-7] [WARN] [1783984410.966715563] [leo2.controller_server]: Control loop missed its desired rate of 20.0000Hz
[controller_server-7] [WARN] [1783984411.328323559] [leo2.controller_server]: Control loop missed its desired rate of 20.0000Hz
[controller_server-7] [WARN] [1783984411.660209749] [leo2.controller_server]: Control loop missed its desired rate of 20.0000Hz
[controller_server-7] [INFO] [1783984411.744193600] [leo2.controller_server]: Passing new path to controller.
[controller_server-1] [INFO] [1783984411.764340982] [leo1.controller_server]: Passing new path to controller.
[controller_server-7] [WARN] [1783984411.996748404] [leo2.controller_server]: Control loop missed its desired rate of 20.0000Hz
[controller_server-7] [WARN] [1783984412.350572974] [leo2.controller_server]: Control loop missed its desired rate of 20.0000Hz
[controller_server-7] [WARN] [1783984412.662775473] [leo2.controller_server]: Control loop missed its desired rate of 20.0000Hz
[controller_server-7] [INFO] [1783984412.807297689] [leo2.controller_server]: Passing new path to controller.
[controller_server-1] [INFO] [1783984412.838592586] [leo1.controller_server]: Passing new path to controller.
[controller_server-1] [WARN] [1783984412.961577247] [leo1.controller_server]: Control loop missed its desired rate of 20.0000Hz
[controller_server-7] [WARN] [1783984412.979898141] [leo2.controller_server]: Control loop missed its desired rate of 20.0000Hz
[controller_server-7] [ERROR] [1783984413.291526423] [transformPoseInTargetFrame]: Extrapolation Error looking up target frame: Lookup would require extrapolation into the future.  Requested time 861.433000 but the latest data is at time 861.421000, when looking up transform from frame [leo2/map] to frame [leo2/base_link]
[controller_server-7] 
[controller_server-7] [WARN] [1783984413.292368351] [leo2.controller_server]: Control loop missed its desired rate of 20.0000Hz
[controller_server-7] [INFO] [1783984413.803375606] [leo2.controller_server]: Passing new path to controller.
[controller_server-1] [INFO] [1783984413.825585444] [leo1.controller_server]: Passing new path to controller.
[controller_server-1] [WARN] [1783984413.917744107] [leo1.controller_server]: Control loop missed its desired rate of 20.0000Hz
[controller_server-7] [WARN] [1783984413.945627480] [leo2.controller_server]: Control loop missed its desired rate of 20.0000Hz
[controller_server-7] [ERROR] [1783984414.227821434] [transformPoseInTargetFrame]: Extrapolation Error looking up target frame: Lookup would require extrapolation into the future.  Requested time 862.038000 but the latest data is at time 862.021000, when looking up transform from frame [leo2/map] to frame [leo2/base_link]
[controller_server-7] 
[controller_server-7] [WARN] [1783984414.228665741] [leo2.controller_server]: Control loop missed its desired rate of 20.0000Hz
[controller_server-7] [INFO] [1783984414.841391249] [leo2.controller_server]: Passing new path to controller.
[controller_server-1] [INFO] [1783984414.861604552] [leo1.controller_server]: Passing new path to controller.
[controller_server-7] [ERROR] [1783984415.119959962] [transformPoseInTargetFrame]: Extrapolation Error looking up target frame: Lookup would require extrapolation into the future.  Requested time 862.644000 but the latest data is at time 862.621000, when looking up transform from frame [leo2/map] to frame [leo2/base_link]
[controller_server-7] 
[controller_server-7] [WARN] [1783984415.120708222] [leo2.controller_server]: Control loop missed its desired rate of 20.0000Hz
[controller_server-7] [INFO] [1783984415.884719427] [leo2.controller_server]: Passing new path to controller.
[controller_server-1] [INFO] [1783984415.911675267] [leo1.controller_server]: Passing new path to controller.
[controller_server-1] [WARN] [1783984416.024838436] [leo1.controller_server]: Control loop missed its desired rate of 20.0000Hz
[controller_server-7] [ERROR] [1783984416.027263569] [transformPoseInTargetFrame]: Extrapolation Error looking up target frame: Lookup would require extrapolation into the future.  Requested time 863.249000 but the latest data is at time 863.221000, when looking up transform from frame [leo2/map] to frame [leo2/base_link]
[controller_server-7] 
[controller_server-7] [WARN] [1783984416.028410430] [leo2.controller_server]: Control loop missed its desired rate of 20.0000Hz
[controller_server-7] [INFO] [1783984416.896313222] [leo2.controller_server]: Passing new path to controller.
[controller_server-1] [INFO] [1783984416.939383542] [leo1.controller_server]: Passing new path to controller.
[controller_server-1] [WARN] [1783984417.112746914] [leo1.controller_server]: Control loop missed its desired rate of 20.0000Hz
[controller_server-7] [WARN] [1783984417.139485260] [leo2.controller_server]: Control loop missed its desired rate of 20.0000Hz
[controller_server-7] [WARN] [1783984417.472804858] [leo2.controller_server]: Control loop missed its desired rate of 20.0000Hz
[controller_server-7] [ERROR] [1783984417.780617267] [transformPoseInTargetFrame]: Extrapolation Error looking up target frame: Lookup would require extrapolation into the future.  Requested time 864.225000 but the latest data is at time 864.221000, when looking up transform from frame [leo2/map] to frame [leo2/base_link]
[controller_server-7] 
[controller_server-7] [WARN] [1783984417.781579722] [leo2.controller_server]: Control loop missed its desired rate of 20.0000Hz
[controller_server-7] [INFO] [1783984417.936265832] [leo2.controller_server]: Passing new path to controller.
[controller_server-1] [INFO] [1783984417.977893708] [leo1.controller_server]: Passing new path to controller.
[controller_server-1] [WARN] [1783984418.131261404] [leo1.controller_server]: Control loop missed its desired rate of 20.0000Hz
[controller_server-7] [WARN] [1783984418.149133376] [leo2.controller_server]: Control loop missed its desired rate of 20.0000Hz
[controller_server-7] [WARN] [1783984418.490817105] [leo2.controller_server]: Control loop missed its desired rate of 20.0000Hz
[controller_server-7] [WARN] [1783984418.855767361] [leo2.controller_server]: Control loop missed its desired rate of 20.0000Hz
[controller_server-1] [INFO] [1783984418.993416155] [leo1.controller_server]: Passing new path to controller.
[controller_server-7] [INFO] [1783984419.005869232] [leo2.controller_server]: Passing new path to controller.
[controller_server-1] [ERROR] [1783984419.186232513] [transformPoseInTargetFrame]: Extrapolation Error looking up target frame: Lookup would require extrapolation into the future.  Requested time 865.008000 but the latest data is at time 865.000000, when looking up transform from frame [leo1/map] to frame [leo1/base_link]
[controller_server-1] 
[controller_server-1] [WARN] [1783984419.186981211] [leo1.controller_server]: Control loop missed its desired rate of 20.0000Hz
[controller_server-7] [WARN] [1783984419.237861793] [leo2.controller_server]: Control loop missed its desired rate of 20.0000Hz
[controller_server-7] [ERROR] [1783984419.511984513] [transformPoseInTargetFrame]: Extrapolation Error looking up target frame: Lookup would require extrapolation into the future.  Requested time 865.230000 but the latest data is at time 865.221000, when looking up transform from frame [leo2/map] to frame [leo2/base_link]
[controller_server-7] 
[controller_server-7] [WARN] [1783984419.512802483] [leo2.controller_server]: Control loop missed its desired rate of 20.0000Hz
[controller_server-7] [INFO] [1783984420.021114559] [leo2.controller_server]: Passing new path to controller.
[controller_server-1] [INFO] [1783984420.051659724] [leo1.controller_server]: Passing new path to controller.
[controller_server-7] [WARN] [1783984420.153445614] [leo2.controller_server]: Control loop missed its desired rate of 20.0000Hz
[controller_server-7] [WARN] [1783984420.173727989] [leo2.controller_server]: Control loop missed its desired rate of 20.0000Hz
[controller_server-7] [WARN] [1783984420.454218947] [leo2.controller_server]: Control loop missed its desired rate of 20.0000Hz
[controller_server-7] [ERROR] [1783984420.740108872] [transformPoseInTargetFrame]: Extrapolation Error looking up target frame: Lookup would require extrapolation into the future.  Requested time 866.026000 but the latest data is at time 866.021000, when looking up transform from frame [leo2/map] to frame [leo2/base_link]
[controller_server-7] 
[controller_server-7] [WARN] [1783984420.740823539] [leo2.controller_server]: Control loop missed its desired rate of 20.0000Hz
[controller_server-1] [INFO] [1783984421.037081056] [leo1.controller_server]: Passing new path to controller.
[controller_server-7] [INFO] [1783984421.047103905] [leo2.controller_server]: Passing new path to controller.
[controller_server-7] [WARN] [1783984421.341347108] [leo2.controller_server]: Control loop missed its desired rate of 20.0000Hz
[controller_server-7] [WARN] [1783984421.842809992] [leo2.controller_server]: Control loop missed its desired rate of 20.0000Hz
[controller_server-1] [INFO] [1783984422.087056380] [leo1.controller_server]: Passing new path to controller.
[controller_server-7] [ERROR] [1783984422.177437725] [transformPoseInTargetFrame]: Extrapolation Error looking up target frame: Lookup would require extrapolation into the future.  Requested time 866.846000 but the latest data is at time 866.821000, when looking up transform from frame [leo2/map] to frame [leo2/base_link]
[controller_server-7] 
[controller_server-7] [WARN] [1783984422.178881103] [leo2.controller_server]: Control loop missed its desired rate of 20.0000Hz
[controller_server-7] [INFO] [1783984422.178918482] [leo2.controller_server]: Passing new path to controller.
[controller_server-1] [WARN] [1783984422.179197023] [leo1.controller_server]: Control loop missed its desired rate of 20.0000Hz
[controller_server-7] [WARN] [1783984422.472943831] [leo2.controller_server]: Control loop missed its desired rate of 20.0000Hz
[controller_server-7] [WARN] [1783984422.766401888] [leo2.controller_server]: Control loop missed its desired rate of 20.0000Hz
[controller_server-1] [INFO] [1783984423.087064617] [leo1.controller_server]: Passing new path to controller.
[controller_server-7] [WARN] [1783984423.089842923] [leo2.controller_server]: Control loop missed its desired rate of 20.0000Hz
[controller_server-7] [INFO] [1783984423.089917065] [leo2.controller_server]: Passing new path to controller.
[controller_server-7] [ERROR] [1783984423.391407149] [transformPoseInTargetFrame]: Extrapolation Error looking up target frame: Lookup would require extrapolation into the future.  Requested time 867.643000 but the latest data is at time 867.621000, when looking up transform from frame [leo2/map] to frame [leo2/base_link]
[controller_server-7] 
[controller_server-7] [WARN] [1783984423.392780960] [leo2.controller_server]: Control loop missed its desired rate of 20.0000Hz
[controller_server-7] [INFO] [1783984424.107820349] [leo2.controller_server]: Passing new path to controller.
[controller_server-1] [INFO] [1783984424.137078426] [leo1.controller_server]: Passing new path to controller.
[controller_server-1] [WARN] [1783984424.300170412] [leo1.controller_server]: Control loop missed its desired rate of 20.0000Hz
[controller_server-7] [WARN] [1783984424.320139357] [leo2.controller_server]: Control loop missed its desired rate of 20.0000Hz
[controller_server-7] [WARN] [1783984424.621735775] [leo2.controller_server]: Control loop missed its desired rate of 20.0000Hz
[controller_server-7] [ERROR] [1783984424.905714844] [transformPoseInTargetFrame]: Extrapolation Error looking up target frame: Lookup would require extrapolation into the future.  Requested time 868.665000 but the latest data is at time 868.621000, when looking up transform from frame [leo2/map] to frame [leo2/base_link]
[controller_server-7] 
[controller_server-7] [WARN] [1783984424.906525713] [leo2.controller_server]: Control loop missed its desired rate of 20.0000Hz
[controller_server-7] [INFO] [1783984425.161210963] [leo2.controller_server]: Passing new path to controller.
[controller_server-1] [INFO] [1783984425.165961623] [leo1.controller_server]: Passing new path to controller.
[controller_server-7] [ERROR] [1783984425.384746837] [transformPoseInTargetFrame]: Extrapolation Error looking up target frame: Lookup would require extrapolation into the future.  Requested time 869.022000 but the latest data is at time 869.021000, when looking up transform from frame [leo2/map] to frame [leo2/base_link]
[controller_server-7] 
[controller_server-7] [WARN] [1783984425.385625592] [leo2.controller_server]: Control loop missed its desired rate of 20.0000Hz
[controller_server-1] [INFO] [1783984426.200266045] [leo1.controller_server]: Passing new path to controller.
[controller_server-7] [INFO] [1783984426.203322576] [leo2.controller_server]: Passing new path to controller.
[controller_server-7] [ERROR] [1783984426.467261416] [transformPoseInTargetFrame]: Extrapolation Error looking up target frame: Lookup would require extrapolation into the future.  Requested time 869.859000 but the latest data is at time 869.821000, when looking up transform from frame [leo2/map] to frame [leo2/base_link]
[controller_server-7] 
[controller_server-7] [WARN] [1783984426.468110359] [leo2.controller_server]: Control loop missed its desired rate of 20.0000Hz
[controller_server-1] [INFO] [1783984427.200258732] [leo1.controller_server]: Passing new path to controller.
[controller_server-7] [INFO] [1783984427.236046443] [leo2.controller_server]: Passing new path to controller.
[controller_server-1] [WARN] [1783984427.262053824] [leo1.controller_server]: Control loop missed its desired rate of 20.0000Hz
[controller_server-7] [ERROR] [1783984427.489368938] [transformPoseInTargetFrame]: Extrapolation Error looking up target frame: Lookup would require extrapolation into the future.  Requested time 870.677000 but the latest data is at time 870.641000, when looking up transform from frame [leo2/map] to frame [leo2/base_link]
[controller_server-7] 
[controller_server-7] [WARN] [1783984427.490099561] [leo2.controller_server]: Control loop missed its desired rate of 20.0000Hz
[controller_server-1] [INFO] [1783984428.250277962] [leo1.controller_server]: Passing new path to controller.
[controller_server-7] [INFO] [1783984428.255897853] [leo2.controller_server]: Passing new path to controller.
[controller_server-7] [ERROR] [1783984428.448316094] [transformPoseInTargetFrame]: Extrapolation Error looking up target frame: Lookup would require extrapolation into the future.  Requested time 871.469000 but the latest data is at time 871.421000, when looking up transform from frame [leo2/map] to frame [leo2/base_link]
[controller_server-7] 
[controller_server-7] [WARN] [1783984428.449812724] [leo2.controller_server]: Control loop missed its desired rate of 20.0000Hz
[controller_server-7] [INFO] [1783984429.268477481] [leo2.controller_server]: Passing new path to controller.
[controller_server-1] [INFO] [1783984429.300253992] [leo1.controller_server]: Passing new path to controller.
[controller_server-1] [ERROR] [1783984429.422598769] [transformPoseInTargetFrame]: Extrapolation Error looking up target frame: Lookup would require extrapolation into the future.  Requested time 872.243000 but the latest data is at time 872.220000, when looking up transform from frame [leo1/map] to frame [leo1/base_link]
[controller_server-1] 
[controller_server-1] [WARN] [1783984429.423181520] [leo1.controller_server]: Control loop missed its desired rate of 20.0000Hz
[controller_server-7] [ERROR] [1783984429.450896830] [transformPoseInTargetFrame]: Extrapolation Error looking up target frame: Lookup would require extrapolation into the future.  Requested time 872.266000 but the latest data is at time 872.221000, when looking up transform from frame [leo2/map] to frame [leo2/base_link]
[controller_server-7] 
[controller_server-7] [WARN] [1783984429.451832580] [leo2.controller_server]: Control loop missed its desired rate of 20.0000Hz
[controller_server-1] [INFO] [1783984430.288658579] [leo1.controller_server]: Passing new path to controller.
[controller_server-7] [INFO] [1783984430.320147949] [leo2.controller_server]: Passing new path to controller.
[controller_server-1] [ERROR] [1783984430.411249316] [transformPoseInTargetFrame]: Extrapolation Error looking up target frame: Lookup would require extrapolation into the future.  Requested time 873.058000 but the latest data is at time 873.020000, when looking up transform from frame [leo1/map] to frame [leo1/base_link]
[controller_server-1] 
[controller_server-1] [WARN] [1783984430.412000613] [leo1.controller_server]: Control loop missed its desired rate of 20.0000Hz
[controller_server-7] [WARN] [1783984430.452389191] [leo2.controller_server]: Control loop missed its desired rate of 20.0000Hz
[controller_server-7] [ERROR] [1783984430.645483599] [transformPoseInTargetFrame]: Extrapolation Error looking up target frame: Lookup would require extrapolation into the future.  Requested time 873.251000 but the latest data is at time 873.221000, when looking up transform from frame [leo2/map] to frame [leo2/base_link]
[controller_server-7] 
[controller_server-7] [WARN] [1783984430.646332227] [leo2.controller_server]: Control loop missed its desired rate of 20.0000Hz
[controller_server-1] [INFO] [1783984431.323459854] [leo1.controller_server]: Passing new path to controller.
[controller_server-7] [INFO] [1783984431.352467432] [leo2.controller_server]: Passing new path to controller.
[controller_server-1] [WARN] [1783984431.396078815] [leo1.controller_server]: Control loop missed its desired rate of 20.0000Hz
[controller_server-7] [WARN] [1783984431.413888987] [leo2.controller_server]: Control loop missed its desired rate of 20.0000Hz
[controller_server-7] [ERROR] [1783984431.573720579] [transformPoseInTargetFrame]: Extrapolation Error looking up target frame: Lookup would require extrapolation into the future.  Requested time 874.022000 but the latest data is at time 874.021000, when looking up transform from frame [leo2/map] to frame [leo2/base_link]
[controller_server-7] 
[controller_server-7] [WARN] [1783984431.574853737] [leo2.controller_server]: Control loop missed its desired rate of 20.0000Hz
[controller_server-7] [INFO] [1783984432.343207191] [leo2.controller_server]: Passing new path to controller.
[controller_server-1] [INFO] [1783984432.373286650] [leo1.controller_server]: Passing new path to controller.
[controller_server-1] [WARN] [1783984432.425413746] [leo1.controller_server]: Control loop missed its desired rate of 20.0000Hz
[controller_server-7] [WARN] [1783984432.445932772] [leo2.controller_server]: Control loop missed its desired rate of 20.0000Hz
[controller_server-7] [ERROR] [1783984432.656567210] [transformPoseInTargetFrame]: Extrapolation Error looking up target frame: Lookup would require extrapolation into the future.  Requested time 874.856000 but the latest data is at time 874.821000, when looking up transform from frame [leo2/map] to frame [leo2/base_link]
[controller_server-7] 
[controller_server-7] [WARN] [1783984432.657394354] [leo2.controller_server]: Control loop missed its desired rate of 20.0000Hz
[controller_server-7] [INFO] [1783984433.374268425] [leo2.controller_server]: Passing new path to controller.
[controller_server-1] [INFO] [1783984433.423310897] [leo1.controller_server]: Passing new path to controller.
[controller_server-1] [WARN] [1783984433.475514578] [leo1.controller_server]: Control loop missed its desired rate of 20.0000Hz
[controller_server-7] [WARN] [1783984433.486543516] [leo2.controller_server]: Control loop missed its desired rate of 20.0000Hz
[controller_server-7] [WARN] [1783984433.517060765] [leo2.controller_server]: Control loop missed its desired rate of 20.0000Hz
[controller_server-7] [ERROR] [1783984433.699129184] [transformPoseInTargetFrame]: Extrapolation Error looking up target frame: Lookup would require extrapolation into the future.  Requested time 875.638000 but the latest data is at time 875.621000, when looking up transform from frame [leo2/map] to frame [leo2/base_link]
[controller_server-7] 
[controller_server-7] [WARN] [1783984433.699885649] [leo2.controller_server]: Control loop missed its desired rate of 20.0000Hz
[controller_server-7] [INFO] [1783984434.415473215] [leo2.controller_server]: Passing new path to controller.
[controller_server-1] [INFO] [1783984434.423274147] [leo1.controller_server]: Passing new path to controller.
[controller_server-1] [WARN] [1783984434.567209455] [leo1.controller_server]: Control loop missed its desired rate of 20.0000Hz
[controller_server-7] [ERROR] [1783984434.578329515] [transformPoseInTargetFrame]: Extrapolation Error looking up target frame: Lookup would require extrapolation into the future.  Requested time 876.265000 but the latest data is at time 876.221000, when looking up transform from frame [leo2/map] to frame [leo2/base_link]
[controller_server-7] 
[controller_server-7] [WARN] [1783984434.579244331] [leo2.controller_server]: Control loop missed its desired rate of 20.0000Hz
[controller_server-7] [INFO] [1783984435.447087238] [leo2.controller_server]: Passing new path to controller.
[controller_server-1] [INFO] [1783984435.484184313] [leo1.controller_server]: Passing new path to controller.
[controller_server-7] [ERROR] [1783984435.579210976] [transformPoseInTargetFrame]: Extrapolation Error looking up target frame: Lookup would require extrapolation into the future.  Requested time 877.049000 but the latest data is at time 877.041000, when looking up transform from frame [leo2/map] to frame [leo2/base_link]
[controller_server-7] 
[controller_server-7] [WARN] [1783984435.579969983] [leo2.controller_server]: Control loop missed its desired rate of 20.0000Hz
[controller_server-1] [WARN] [1783984435.596831392] [leo1.controller_server]: Control loop missed its desired rate of 20.0000Hz
[controller_server-1] [ERROR] [1783984435.596909366] [leo1.controller_server]: Failed to make progress
[controller_server-1] [WARN] [1783984435.597062522] [leo1.controller_server]: [follow_path] [ActionServer] Aborting handle.
[behavior_server-3] [INFO] [1783984435.623368067] [leo1.behavior_server]: Running spin
[behavior_server-3] [INFO] [1783984435.623485468] [leo1.behavior_server]: Turning 1.57 for spin behavior.
[controller_server-7] [INFO] [1783984436.500274409] [leo2.controller_server]: Passing new path to controller.
[controller_server-7] [ERROR] [1783984436.701125470] [transformPoseInTargetFrame]: Extrapolation Error looking up target frame: Lookup would require extrapolation into the future.  Requested time 878.037000 but the latest data is at time 878.021000, when looking up transform from frame [leo2/map] to frame [leo2/base_link]
[controller_server-7] 
[controller_server-7] [WARN] [1783984436.701858954] [leo2.controller_server]: Control loop missed its desired rate of 20.0000Hz
[controller_server-7] [INFO] [1783984437.516812593] [leo2.controller_server]: Passing new path to controller.
[controller_server-7] [ERROR] [1783984437.710014436] [transformPoseInTargetFrame]: Extrapolation Error looking up target frame: Lookup would require extrapolation into the future.  Requested time 878.893000 but the latest data is at time 878.841000, when looking up transform from frame [leo2/map] to frame [leo2/base_link]
[controller_server-7] 
[controller_server-7] [WARN] [1783984437.710864595] [leo2.controller_server]: Control loop missed its desired rate of 20.0000Hz
[controller_server-7] [INFO] [1783984438.528126626] [leo2.controller_server]: Passing new path to controller.
[controller_server-7] [ERROR] [1783984438.639918920] [transformPoseInTargetFrame]: Extrapolation Error looking up target frame: Lookup would require extrapolation into the future.  Requested time 879.706000 but the latest data is at time 879.681000, when looking up transform from frame [leo2/map] to frame [leo2/base_link]
[controller_server-7] 
[controller_server-7] [WARN] [1783984438.640953231] [leo2.controller_server]: Control loop missed its desired rate of 20.0000Hz
[behavior_server-3] [INFO] [1783984438.923646152] [leo1.behavior_server]: spin completed successfully
[controller_server-1] [INFO] [1783984438.974550007] [leo1.controller_server]: Received a goal, begin computing control effort.
[controller_server-1] [WARN] [1783984439.055793433] [leo1.controller_server]: Control loop missed its desired rate of 20.0000Hz
[controller_server-1] [WARN] [1783984439.076292763] [leo1.controller_server]: Control loop missed its desired rate of 20.0000Hz
[controller_server-1] [ERROR] [1783984439.256382989] [transformPoseInTargetFrame]: Extrapolation Error looking up target frame: Lookup would require extrapolation into the future.  Requested time 880.245000 but the latest data is at time 880.220000, when looking up transform from frame [leo1/map] to frame [leo1/base_link]
[controller_server-1] 
[controller_server-1] [WARN] [1783984439.257194548] [leo1.controller_server]: Control loop missed its desired rate of 20.0000Hz
[controller_server-7] [INFO] [1783984439.560982437] [leo2.controller_server]: Passing new path to controller.
[controller_server-1] [INFO] [1783984440.019694986] [leo1.controller_server]: Passing new path to controller.
[controller_server-1] [ERROR] [1783984440.233260788] [transformPoseInTargetFrame]: Extrapolation Error looking up target frame: Lookup would require extrapolation into the future.  Requested time 881.028000 but the latest data is at time 881.020000, when looking up transform from frame [leo1/map] to frame [leo1/base_link]
[controller_server-1] 
[controller_server-1] [WARN] [1783984440.234429063] [leo1.controller_server]: Control loop missed its desired rate of 20.0000Hz
[controller_server-7] [INFO] [1783984440.610969195] [leo2.controller_server]: Passing new path to controller.
[controller_server-1] [INFO] [1783984442.467564214] [leo1.controller_server]: Passing new path to controller.
[controller_server-7] [ERROR] [1783984442.478364965] [transformPoseInTargetFrame]: Extrapolation Error looking up target frame: Lookup would require extrapolation into the future.  Requested time 881.443000 but the latest data is at time 881.441000, when looking up transform from frame [leo2/map] to frame [leo2/base_link]
[controller_server-7] 
[controller_server-7] [WARN] [1783984442.479246898] [leo2.controller_server]: Control loop missed its desired rate of 20.0000Hz
[controller_server-7] [INFO] [1783984442.479270917] [leo2.controller_server]: Passing new path to controller.
[controller_server-1] [INFO] [1783984442.558809672] [leo1.controller_server]: Passing new path to controller.
[controller_server-1] [ERROR] [1783984442.740695065] [transformPoseInTargetFrame]: Extrapolation Error looking up target frame: Lookup would require extrapolation into the future.  Requested time 881.652000 but the latest data is at time 881.620000, when looking up transform from frame [leo1/map] to frame [leo1/base_link]
[controller_server-1] 
[controller_server-1] [WARN] [1783984442.741302397] [leo1.controller_server]: Control loop missed its desired rate of 20.0000Hz
[controller_server-1] [INFO] [1783984443.504038647] [leo1.controller_server]: Passing new path to controller.
[controller_server-7] [INFO] [1783984443.529312803] [leo2.controller_server]: Passing new path to controller.
[controller_server-1] [ERROR] [1783984443.707706492] [transformPoseInTargetFrame]: Extrapolation Error looking up target frame: Lookup would require extrapolation into the future.  Requested time 882.436000 but the latest data is at time 882.420000, when looking up transform from frame [leo1/map] to frame [leo1/base_link]
[controller_server-1] 
[controller_server-1] [WARN] [1783984443.708768601] [leo1.controller_server]: Control loop missed its desired rate of 20.0000Hz
[controller_server-7] [INFO] [1783984444.529351418] [leo2.controller_server]: Passing new path to controller.
[controller_server-1] [INFO] [1783984444.575117527] [leo1.controller_server]: Passing new path to controller.
[controller_server-1] [ERROR] [1783984444.697594214] [transformPoseInTargetFrame]: Extrapolation Error looking up target frame: Lookup would require extrapolation into the future.  Requested time 883.269000 but the latest data is at time 883.220000, when looking up transform from frame [leo1/map] to frame [leo1/base_link]
[controller_server-1] 
[controller_server-1] [WARN] [1783984444.698184762] [leo1.controller_server]: Control loop missed its desired rate of 20.0000Hz
[controller_server-1] [INFO] [1783984445.558865262] [leo1.controller_server]: Passing new path to controller.
[controller_server-7] [INFO] [1783984445.579317580] [leo2.controller_server]: Passing new path to controller.
[controller_server-1] [WARN] [1783984445.621032232] [leo1.controller_server]: Control loop missed its desired rate of 20.0000Hz
[controller_server-7] [WARN] [1783984445.641708517] [leo2.controller_server]: Control loop missed its desired rate of 20.0000Hz
[controller_server-1] [ERROR] [1783984445.780251953] [transformPoseInTargetFrame]: Extrapolation Error looking up target frame: Lookup would require extrapolation into the future.  Requested time 884.222000 but the latest data is at time 884.220000, when looking up transform from frame [leo1/map] to frame [leo1/base_link]
[controller_server-1] 
[controller_server-1] [WARN] [1783984445.781408447] [leo1.controller_server]: Control loop missed its desired rate of 20.0000Hz
[bt_navigator-4] [INFO] [1783984445.807339026] [leo1.bt_navigator]: Received goal preemption request
[bt_navigator-4] [INFO] [1783984445.808128097] [leo1.bt_navigator]: Begin navigating from current location (5.42, -0.81) to (7.45, -3.64)
[controller_server-1] [INFO] [1783984446.594299400] [leo1.controller_server]: Passing new path to controller.
[controller_server-7] [INFO] [1783984446.629290188] [leo2.controller_server]: Passing new path to controller.
[controller_server-1] [ERROR] [1783984446.716325406] [transformPoseInTargetFrame]: Extrapolation Error looking up target frame: Lookup would require extrapolation into the future.  Requested time 885.057000 but the latest data is at time 885.020000, when looking up transform from frame [leo1/map] to frame [leo1/base_link]
[controller_server-1] 
[controller_server-1] [WARN] [1783984446.716910483] [leo1.controller_server]: Control loop missed its desired rate of 20.0000Hz
[controller_server-7] [WARN] [1783984446.752968295] [leo2.controller_server]: Control loop missed its desired rate of 20.0000Hz
[controller_server-7] [INFO] [1783984447.621033518] [leo2.controller_server]: Passing new path to controller.
[controller_server-1] [INFO] [1783984447.631474910] [leo1.controller_server]: Passing new path to controller.
[controller_server-1] [ERROR] [1783984447.803133142] [transformPoseInTargetFrame]: Extrapolation Error looking up target frame: Lookup would require extrapolation into the future.  Requested time 886.035000 but the latest data is at time 886.020000, when looking up transform from frame [leo1/map] to frame [leo1/base_link]
[controller_server-1] 
[controller_server-1] [WARN] [1783984447.803690039] [leo1.controller_server]: Control loop missed its desired rate of 20.0000Hz
[controller_server-7] [INFO] [1783984448.653049341] [leo2.controller_server]: Passing new path to controller.
[controller_server-1] [INFO] [1783984448.668703269] [leo1.controller_server]: Passing new path to controller.
[controller_server-7] [WARN] [1783984448.765805212] [leo2.controller_server]: Control loop missed its desired rate of 20.0000Hz
[controller_server-1] [ERROR] [1783984448.925322234] [transformPoseInTargetFrame]: Extrapolation Error looking up target frame: Lookup would require extrapolation into the future.  Requested time 887.039000 but the latest data is at time 887.020000, when looking up transform from frame [leo1/map] to frame [leo1/base_link]
[controller_server-1] 
[controller_server-1] [WARN] [1783984448.926395698] [leo1.controller_server]: Control loop missed its desired rate of 20.0000Hz
[controller_server-7] [INFO] [1783984449.686818717] [leo2.controller_server]: Passing new path to controller.
[controller_server-1] [INFO] [1783984449.690490140] [leo1.controller_server]: Passing new path to controller.
[controller_server-1] [ERROR] [1783984449.873318378] [transformPoseInTargetFrame]: Extrapolation Error looking up target frame: Lookup would require extrapolation into the future.  Requested time 887.834000 but the latest data is at time 887.820000, when looking up transform from frame [leo1/map] to frame [leo1/base_link]
[controller_server-1] 
[controller_server-1] [WARN] [1783984449.873870526] [leo1.controller_server]: Control loop missed its desired rate of 20.0000Hz
[controller_server-7] [INFO] [1783984450.147624937] [leo2.local_costmap.local_costmap]: Received request to clear entirely the local_costmap
[planner_server-8] [INFO] [1783984450.147888707] [leo2.global_costmap.global_costmap]: Received request to clear entirely the global_costmap
[controller_server-7] [WARN] [1783984450.289914745] [leo2.controller_server]: Control loop missed its desired rate of 20.0000Hz
[controller_server-7] [INFO] [1783984450.700789815] [leo2.controller_server]: Passing new path to controller.
[controller_server-1] [INFO] [1783984450.726511977] [leo1.controller_server]: Passing new path to controller.
[controller_server-1] [ERROR] [1783984450.908178306] [transformPoseInTargetFrame]: Extrapolation Error looking up target frame: Lookup would require extrapolation into the future.  Requested time 888.637000 but the latest data is at time 888.620000, when looking up transform from frame [leo1/map] to frame [leo1/base_link]
[controller_server-1] 
[controller_server-1] [WARN] [1783984450.909026787] [leo1.controller_server]: Control loop missed its desired rate of 20.0000Hz
[controller_server-7] [INFO] [1783984451.740019026] [leo2.controller_server]: Passing new path to controller.
[controller_server-1] [INFO] [1783984451.774451407] [leo1.controller_server]: Passing new path to controller.
[controller_server-1] [ERROR] [1783984451.906764385] [transformPoseInTargetFrame]: Extrapolation Error looking up target frame: Lookup would require extrapolation into the future.  Requested time 889.437000 but the latest data is at time 889.420000, when looking up transform from frame [leo1/map] to frame [leo1/base_link]
[controller_server-1] 
[controller_server-1] [WARN] [1783984451.908045196] [leo1.controller_server]: Control loop missed its desired rate of 20.0000Hz
[controller_server-1] [WARN] [1783984451.910869575] [leo1.controller_server]: Control loop missed its desired rate of 20.0000Hz
[controller_server-7] [INFO] [1783984452.789974054] [leo2.controller_server]: Passing new path to controller.
[controller_server-1] [INFO] [1783984452.809105710] [leo1.controller_server]: Passing new path to controller.
[controller_server-7] [ERROR] [1783984452.912029063] [transformPoseInTargetFrame]: Extrapolation Error looking up target frame: Lookup would require extrapolation into the future.  Requested time 890.259000 but the latest data is at time 890.241000, when looking up transform from frame [leo2/map] to frame [leo2/base_link]
[controller_server-7] 
[controller_server-7] [WARN] [1783984452.912764478] [leo2.controller_server]: Control loop missed its desired rate of 20.0000Hz
[controller_server-1] [WARN] [1783984452.931587566] [leo1.controller_server]: Control loop missed its desired rate of 20.0000Hz
[controller_server-1] [ERROR] [1783984453.134545118] [transformPoseInTargetFrame]: Extrapolation Error looking up target frame: Lookup would require extrapolation into the future.  Requested time 890.455000 but the latest data is at time 890.420000, when looking up transform from frame [leo1/map] to frame [leo1/base_link]
[controller_server-1] 
[controller_server-1] [WARN] [1783984453.135259929] [leo1.controller_server]: Control loop missed its desired rate of 20.0000Hz
[controller_server-7] [INFO] [1783984453.833762277] [leo2.controller_server]: Passing new path to controller.
[controller_server-1] [INFO] [1783984453.848886064] [leo1.controller_server]: Passing new path to controller.
[controller_server-1] [ERROR] [1783984454.041803223] [transformPoseInTargetFrame]: Extrapolation Error looking up target frame: Lookup would require extrapolation into the future.  Requested time 891.267000 but the latest data is at time 891.220000, when looking up transform from frame [leo1/map] to frame [leo1/base_link]
[controller_server-1] 
[controller_server-1] [WARN] [1783984454.042436782] [leo1.controller_server]: Control loop missed its desired rate of 20.0000Hz
[controller_server-1] [INFO] [1783984454.855309402] [leo1.controller_server]: Passing new path to controller.
[controller_server-7] [INFO] [1783984454.862841366] [leo2.controller_server]: Passing new path to controller.
[controller_server-1] [WARN] [1783984454.967891626] [leo1.controller_server]: Control loop missed its desired rate of 20.0000Hz
[controller_server-7] [WARN] [1783984454.986141145] [leo2.controller_server]: Control loop missed its desired rate of 20.0000Hz
[controller_server-1] [ERROR] [1783984455.163754830] [transformPoseInTargetFrame]: Extrapolation Error looking up target frame: Lookup would require extrapolation into the future.  Requested time 892.252000 but the latest data is at time 892.220000, when looking up transform from frame [leo1/map] to frame [leo1/base_link]
[controller_server-1] 
[controller_server-1] [WARN] [1783984455.164398096] [leo1.controller_server]: Control loop missed its desired rate of 20.0000Hz
[controller_server-7] [INFO] [1783984455.856877533] [leo2.controller_server]: Passing new path to controller.
[controller_server-1] [INFO] [1783984455.877188710] [leo1.controller_server]: Passing new path to controller.
[controller_server-1] [ERROR] [1783984456.070125666] [transformPoseInTargetFrame]: Extrapolation Error looking up target frame: Lookup would require extrapolation into the future.  Requested time 893.052000 but the latest data is at time 893.020000, when looking up transform from frame [leo1/map] to frame [leo1/base_link]
[controller_server-1] 
[controller_server-1] [WARN] [1783984456.070678605] [leo1.controller_server]: Control loop missed its desired rate of 20.0000Hz
[controller_server-7] [INFO] [1783984456.886225456] [leo2.controller_server]: Passing new path to controller.
[controller_server-1] [INFO] [1783984456.935088269] [leo1.controller_server]: Passing new path to controller.
[controller_server-7] [WARN] [1783984457.009491791] [leo2.controller_server]: Control loop missed its desired rate of 20.0000Hz
[controller_server-1] [ERROR] [1783984457.141939327] [transformPoseInTargetFrame]: Extrapolation Error looking up target frame: Lookup would require extrapolation into the future.  Requested time 894.022000 but the latest data is at time 894.020000, when looking up transform from frame [leo1/map] to frame [leo1/base_link]
[controller_server-1] 
[controller_server-1] [WARN] [1783984457.143041529] [leo1.controller_server]: Control loop missed its desired rate of 20.0000Hz
[controller_server-7] [INFO] [1783984457.926452751] [leo2.controller_server]: Passing new path to controller.
[controller_server-1] [INFO] [1783984457.957530476] [leo1.controller_server]: Passing new path to controller.
[controller_server-1] [ERROR] [1783984458.069567561] [transformPoseInTargetFrame]: Extrapolation Error looking up target frame: Lookup would require extrapolation into the future.  Requested time 894.866000 but the latest data is at time 894.820000, when looking up transform from frame [leo1/map] to frame [leo1/base_link]
[controller_server-1] 
[controller_server-1] [WARN] [1783984458.070423549] [leo1.controller_server]: Control loop missed its desired rate of 20.0000Hz
[controller_server-7] [INFO] [1783984458.959595267] [leo2.controller_server]: Passing new path to controller.
[controller_server-1] [INFO] [1783984458.993133086] [leo1.controller_server]: Passing new path to controller.
[controller_server-7] [ERROR] [1783984459.092235451] [transformPoseInTargetFrame]: Extrapolation Error looking up target frame: Lookup would require extrapolation into the future.  Requested time 895.649000 but the latest data is at time 895.621000, when looking up transform from frame [leo2/map] to frame [leo2/base_link]
[controller_server-7] 
[controller_server-7] [WARN] [1783984459.093133308] [leo2.controller_server]: Control loop missed its desired rate of 20.0000Hz
[controller_server-1] [WARN] [1783984459.125770297] [leo1.controller_server]: Control loop missed its desired rate of 20.0000Hz
[controller_server-1] [ERROR] [1783984459.309197126] [transformPoseInTargetFrame]: Extrapolation Error looking up target frame: Lookup would require extrapolation into the future.  Requested time 895.829000 but the latest data is at time 895.820000, when looking up transform from frame [leo1/map] to frame [leo1/base_link]
[controller_server-1] 
[controller_server-1] [WARN] [1783984459.310126669] [leo1.controller_server]: Control loop missed its desired rate of 20.0000Hz
[bt_navigator-4] [INFO] [1783984459.787362674] [leo1.bt_navigator]: Received goal preemption request
[bt_navigator-4] [INFO] [1783984459.788176527] [leo1.bt_navigator]: Begin navigating from current location (5.57, -0.83) to (8.75, -3.89)
[controller_server-7] [INFO] [1783984460.014919748] [leo2.controller_server]: Passing new path to controller.
[controller_server-1] [INFO] [1783984460.025859518] [leo1.controller_server]: Passing new path to controller.
[controller_server-1] [WARN] [1783984460.149336041] [leo1.controller_server]: Control loop missed its desired rate of 20.0000Hz
[controller_server-7] [ERROR] [1783984460.157510650] [transformPoseInTargetFrame]: Extrapolation Error looking up target frame: Lookup would require extrapolation into the future.  Requested time 896.478000 but the latest data is at time 896.441000, when looking up transform from frame [leo2/map] to frame [leo2/base_link]
[controller_server-7] 
[controller_server-7] [WARN] [1783984460.158252661] [leo2.controller_server]: Control loop missed its desired rate of 20.0000Hz
[controller_server-1] [INFO] [1783984461.019849427] [leo1.controller_server]: Passing new path to controller.
[controller_server-7] [INFO] [1783984461.029931069] [leo2.controller_server]: Passing new path to controller.
[controller_server-1] [ERROR] [1783984461.141904742] [transformPoseInTargetFrame]: Extrapolation Error looking up target frame: Lookup would require extrapolation into the future.  Requested time 897.261000 but the latest data is at time 897.220000, when looking up transform from frame [leo1/map] to frame [leo1/base_link]
[controller_server-1] 
[controller_server-1] [WARN] [1783984461.142605082] [leo1.controller_server]: Control loop missed its desired rate of 20.0000Hz
[controller_server-7] [ERROR] [1783984461.152051873] [transformPoseInTargetFrame]: Extrapolation Error looking up target frame: Lookup would require extrapolation into the future.  Requested time 897.270000 but the latest data is at time 897.221000, when looking up transform from frame [leo2/map] to frame [leo2/base_link]
[controller_server-7] 
[controller_server-7] [WARN] [1783984461.152846087] [leo2.controller_server]: Control loop missed its desired rate of 20.0000Hz
[controller_server-1] [INFO] [1783984462.049437252] [leo1.controller_server]: Passing new path to controller.
[controller_server-7] [INFO] [1783984462.058343254] [leo2.controller_server]: Passing new path to controller.
[controller_server-7] [WARN] [1783984462.110291203] [leo2.controller_server]: Control loop missed its desired rate of 20.0000Hz
[controller_server-7] [INFO] [1783984463.058363315] [leo2.controller_server]: Passing new path to controller.
[controller_server-1] [INFO] [1783984463.099406997] [leo1.controller_server]: Passing new path to controller.
[controller_server-7] [ERROR] [1783984463.180238608] [transformPoseInTargetFrame]: Extrapolation Error looking up target frame: Lookup would require extrapolation into the future.  Requested time 899.025000 but the latest data is at time 899.021000, when looking up transform from frame [leo2/map] to frame [leo2/base_link]
[controller_server-7] 
[controller_server-7] [WARN] [1783984463.180951680] [leo2.controller_server]: Control loop missed its desired rate of 20.0000Hz
[controller_server-1] [ERROR] [1783984463.221468247] [transformPoseInTargetFrame]: Extrapolation Error looking up target frame: Lookup would require extrapolation into the future.  Requested time 899.056000 but the latest data is at time 899.020000, when looking up transform from frame [leo1/map] to frame [leo1/base_link]
[controller_server-1] 
[controller_server-1] [WARN] [1783984463.222103966] [leo1.controller_server]: Control loop missed its desired rate of 20.0000Hz
[controller_server-7] [INFO] [1783984464.099845607] [leo2.controller_server]: Passing new path to controller.
[controller_server-1] [INFO] [1783984464.138872103] [leo1.controller_server]: Passing new path to controller.
[planner_server-2] [ERROR] [1783984465.110414007] [leo1.planner_server]: Failed to create a plan from potential when a legal potential was found. This shouldn't happen.
[planner_server-2] [WARN] [1783984465.110603700] [leo1.planner_server]: GridBased: failed to create plan with tolerance 0.50.
[planner_server-2] [WARN] [1783984465.110628464] [leo1.planner_server]: Planning algorithm GridBased failed to generate a valid path to (8.75, -3.89)
[planner_server-2] [WARN] [1783984465.110636788] [leo1.planner_server]: [compute_path_to_pose] [ActionServer] Aborting handle.
[planner_server-2] [INFO] [1783984465.127522645] [leo1.global_costmap.global_costmap]: Received request to clear entirely the global_costmap
[controller_server-7] [INFO] [1783984465.131047963] [leo2.controller_server]: Passing new path to controller.
[planner_server-2] [ERROR] [1783984465.201388522] [leo1.planner_server]: Failed to create a plan from potential when a legal potential was found. This shouldn't happen.
[planner_server-2] [WARN] [1783984465.201495627] [leo1.planner_server]: GridBased: failed to create plan with tolerance 0.50.
[planner_server-2] [WARN] [1783984465.201518054] [leo1.planner_server]: Planning algorithm GridBased failed to generate a valid path to (8.75, -3.89)
[planner_server-2] [WARN] [1783984465.201534944] [leo1.planner_server]: [compute_path_to_pose] [ActionServer] Aborting handle.
[controller_server-1] [INFO] [1783984465.222199252] [leo1.controller_server]: Goal was canceled. Stopping the robot.
[controller_server-1] [INFO] [1783984465.222271616] [leo1.controller_server]: [follow_path] [ActionServer] Client requested to cancel the goal. Cancelling.
[behavior_server-3] [INFO] [1783984465.222814224] [leo1.behavior_server]: Running wait
[controller_server-7] [ERROR] [1783984465.253122796] [transformPoseInTargetFrame]: Extrapolation Error looking up target frame: Lookup would require extrapolation into the future.  Requested time 900.850000 but the latest data is at time 900.841000, when looking up transform from frame [leo2/map] to frame [leo2/base_link]
[controller_server-7] 
[controller_server-7] [WARN] [1783984465.253852768] [leo2.controller_server]: Control loop missed its desired rate of 20.0000Hz
[controller_server-7] [INFO] [1783984466.173860628] [leo2.controller_server]: Passing new path to controller.
[controller_server-7] [WARN] [1783984466.256873207] [leo2.controller_server]: Control loop missed its desired rate of 20.0000Hz
[controller_server-7] [INFO] [1783984467.203944749] [leo2.controller_server]: Passing new path to controller.
[controller_server-7] [WARN] [1783984467.296659098] [leo2.controller_server]: Control loop missed its desired rate of 20.0000Hz
[controller_server-7] [INFO] [1783984468.253955426] [leo2.controller_server]: Passing new path to controller.
[controller_server-7] [WARN] [1783984468.387151432] [leo2.controller_server]: Control loop missed its desired rate of 20.0000Hz
[controller_server-7] [INFO] [1783984469.255059358] [leo2.controller_server]: Passing new path to controller.
[controller_server-7] [ERROR] [1783984469.397166004] [transformPoseInTargetFrame]: Extrapolation Error looking up target frame: Lookup would require extrapolation into the future.  Requested time 904.052000 but the latest data is at time 904.021000, when looking up transform from frame [leo2/map] to frame [leo2/base_link]
[controller_server-7] 
[controller_server-7] [WARN] [1783984469.398454743] [leo2.controller_server]: Control loop missed its desired rate of 20.0000Hz
[controller_server-7] [INFO] [1783984470.317544451] [leo2.controller_server]: Passing new path to controller.
[controller_server-7] [WARN] [1783984470.439998951] [leo2.controller_server]: Control loop missed its desired rate of 20.0000Hz
[controller_server-7] [INFO] [1783984471.298546146] [leo2.controller_server]: Passing new path to controller.
[controller_server-7] [WARN] [1783984471.421344567] [leo2.controller_server]: Control loop missed its desired rate of 20.0000Hz
[behavior_server-3] [INFO] [1783984471.623031450] [leo1.behavior_server]: wait completed successfully
[planner_server-2] [ERROR] [1783984471.650190029] [leo1.planner_server]: Failed to create a plan from potential when a legal potential was found. This shouldn't happen.
[planner_server-2] [WARN] [1783984471.650269015] [leo1.planner_server]: GridBased: failed to create plan with tolerance 0.50.
[planner_server-2] [WARN] [1783984471.650278627] [leo1.planner_server]: Planning algorithm GridBased failed to generate a valid path to (8.75, -3.89)
[planner_server-2] [WARN] [1783984471.650286847] [leo1.planner_server]: [compute_path_to_pose] [ActionServer] Aborting handle.
[planner_server-2] [INFO] [1783984471.667454199] [leo1.global_costmap.global_costmap]: Received request to clear entirely the global_costmap
[planner_server-2] [ERROR] [1783984471.801629479] [leo1.planner_server]: Failed to create a plan from potential when a legal potential was found. This shouldn't happen.
[planner_server-2] [WARN] [1783984471.801695873] [leo1.planner_server]: GridBased: failed to create plan with tolerance 0.50.
[planner_server-2] [WARN] [1783984471.801705684] [leo1.planner_server]: Planning algorithm GridBased failed to generate a valid path to (8.75, -3.89)
[planner_server-2] [WARN] [1783984471.801713689] [leo1.planner_server]: [compute_path_to_pose] [ActionServer] Aborting handle.
[behavior_server-3] [INFO] [1783984471.817783627] [leo1.behavior_server]: Running backup
[controller_server-7] [INFO] [1783984472.339352360] [leo2.controller_server]: Passing new path to controller.
[controller_server-7] [INFO] [1783984474.201046799] [leo2.controller_server]: Passing new path to controller.
[controller_server-7] [ERROR] [1783984474.323486225] [transformPoseInTargetFrame]: Extrapolation Error looking up target frame: Lookup would require extrapolation into the future.  Requested time 906.660000 but the latest data is at time 906.641000, when looking up transform from frame [leo2/map] to frame [leo2/base_link]
[controller_server-7] 
[controller_server-7] [WARN] [1783984474.324697694] [leo2.controller_server]: Control loop missed its desired rate of 20.0000Hz
[controller_server-7] [INFO] [1783984475.248046022] [leo2.controller_server]: Passing new path to controller.
[controller_server-7] [WARN] [1783984475.371776348] [leo2.controller_server]: Control loop missed its desired rate of 20.0000Hz
[controller_server-7] [INFO] [1783984476.274858082] [leo2.controller_server]: Passing new path to controller.
[controller_server-7] [ERROR] [1783984476.407829988] [transformPoseInTargetFrame]: Extrapolation Error looking up target frame: Lookup would require extrapolation into the future.  Requested time 908.272000 but the latest data is at time 908.241000, when looking up transform from frame [leo2/map] to frame [leo2/base_link]
[controller_server-7] 
[controller_server-7] [WARN] [1783984476.409355697] [leo2.controller_server]: Control loop missed its desired rate of 20.0000Hz
[controller_server-7] [INFO] [1783984477.281205501] [leo2.controller_server]: Passing new path to controller.
[controller_server-7] [WARN] [1783984477.405038434] [leo2.controller_server]: Control loop missed its desired rate of 20.0000Hz
[controller_server-7] [INFO] [1783984478.309496404] [leo2.controller_server]: Passing new path to controller.
[controller_server-7] [INFO] [1783984479.359390695] [leo2.controller_server]: Passing new path to controller.
[controller_server-7] [WARN] [1783984479.421634019] [leo2.controller_server]: Control loop missed its desired rate of 20.0000Hz
[controller_server-7] [INFO] [1783984480.409701653] [leo2.controller_server]: Passing new path to controller.
[controller_server-7] [WARN] [1783984480.512630619] [leo2.controller_server]: Control loop missed its desired rate of 20.0000Hz
[behavior_server-3] [INFO] [1783984480.747565233] [leo1.behavior_server]: backup completed successfully
[controller_server-1] [INFO] [1783984480.798936561] [leo1.controller_server]: Received a goal, begin computing control effort.
[controller_server-1] [ERROR] [1783984480.910101426] [transformPoseInTargetFrame]: Extrapolation Error looking up target frame: Lookup would require extrapolation into the future.  Requested time 912.285000 but the latest data is at time 912.220000, when looking up transform from frame [leo1/map] to frame [leo1/base_link]
[controller_server-1] 
[controller_server-1] [WARN] [1783984480.911137656] [leo1.controller_server]: Control loop missed its desired rate of 20.0000Hz
[controller_server-7] [INFO] [1783984481.432831335] [leo2.controller_server]: Passing new path to controller.
[controller_server-7] [ERROR] [1783984481.544814880] [transformPoseInTargetFrame]: Extrapolation Error looking up target frame: Lookup would require extrapolation into the future.  Requested time 912.879000 but the latest data is at time 912.841000, when looking up transform from frame [leo2/map] to frame [leo2/base_link]
[controller_server-7] 
[controller_server-7] [WARN] [1783984481.545972472] [leo2.controller_server]: Control loop missed its desired rate of 20.0000Hz
[controller_server-1] [INFO] [1783984481.832217101] [leo1.controller_server]: Passing new path to controller.
[controller_server-1] [ERROR] [1783984481.944090095] [transformPoseInTargetFrame]: Extrapolation Error looking up target frame: Lookup would require extrapolation into the future.  Requested time 913.248000 but the latest data is at time 913.220000, when looking up transform from frame [leo1/map] to frame [leo1/base_link]
[controller_server-1] 
[controller_server-1] [WARN] [1783984481.944851127] [leo1.controller_server]: Control loop missed its desired rate of 20.0000Hz
[controller_server-7] [INFO] [1783984482.462742079] [leo2.controller_server]: Passing new path to controller.
[controller_server-7] [ERROR] [1783984482.574887048] [transformPoseInTargetFrame]: Extrapolation Error looking up target frame: Lookup would require extrapolation into the future.  Requested time 913.846000 but the latest data is at time 913.841000, when looking up transform from frame [leo2/map] to frame [leo2/base_link]
[controller_server-7] 
[controller_server-7] [WARN] [1783984482.576313955] [leo2.controller_server]: Control loop missed its desired rate of 20.0000Hz
[controller_server-1] [INFO] [1783984482.861226858] [leo1.controller_server]: Passing new path to controller.
[controller_server-1] [ERROR] [1783984482.973979676] [transformPoseInTargetFrame]: Extrapolation Error looking up target frame: Lookup would require extrapolation into the future.  Requested time 914.222000 but the latest data is at time 914.220000, when looking up transform from frame [leo1/map] to frame [leo1/base_link]
[controller_server-1] 
[controller_server-1] [WARN] [1783984482.974730416] [leo1.controller_server]: Control loop missed its desired rate of 20.0000Hz
[controller_server-7] [INFO] [1783984483.496109328] [leo2.controller_server]: Passing new path to controller.
[controller_server-1] [INFO] [1783984483.892548651] [leo1.controller_server]: Passing new path to controller.
[controller_server-7] [INFO] [1783984484.526413155] [leo2.controller_server]: Passing new path to controller.
[controller_server-7] [WARN] [1783984484.620030802] [leo2.controller_server]: Control loop missed its desired rate of 20.0000Hz
[controller_server-1] [INFO] [1783984484.924834348] [leo1.controller_server]: Passing new path to controller.
[controller_server-1] [ERROR] [1783984485.047365504] [transformPoseInTargetFrame]: Extrapolation Error looking up target frame: Lookup would require extrapolation into the future.  Requested time 916.075000 but the latest data is at time 916.060000, when looking up transform from frame [leo1/map] to frame [leo1/base_link]
[controller_server-1] 
[controller_server-1] [WARN] [1783984485.049083183] [leo1.controller_server]: Control loop missed its desired rate of 20.0000Hz
[bt_navigator-10] [INFO] [1783984485.074543216] [leo2.bt_navigator]: Received goal preemption request
[bt_navigator-10] [INFO] [1783984485.075993698] [leo2.bt_navigator]: Begin navigating from current location (5.30, -2.45) to (1.42, -6.48)
[controller_server-7] [INFO] [1783984485.526476349] [leo2.controller_server]: Passing new path to controller.
[controller_server-1] [INFO] [1783984485.973155466] [leo1.controller_server]: Passing new path to controller.
[controller_server-7] [INFO] [1783984486.576400846] [leo2.controller_server]: Passing new path to controller.
[controller_server-7] [WARN] [1783984486.679267338] [leo2.controller_server]: Control loop missed its desired rate of 20.0000Hz
[controller_server-1] [INFO] [1783984486.999130387] [leo1.controller_server]: Passing new path to controller.
[controller_server-1] [WARN] [1783984487.071717117] [leo1.controller_server]: Control loop missed its desired rate of 20.0000Hz
[controller_server-7] [INFO] [1783984487.599345170] [leo2.controller_server]: Passing new path to controller.
[controller_server-7] [ERROR] [1783984487.711739212] [transformPoseInTargetFrame]: Extrapolation Error looking up target frame: Lookup would require extrapolation into the future.  Requested time 918.489000 but the latest data is at time 918.441000, when looking up transform from frame [leo2/map] to frame [leo2/base_link]
[controller_server-7] 
[controller_server-7] [WARN] [1783984487.712581696] [leo2.controller_server]: Control loop missed its desired rate of 20.0000Hz
[controller_server-1] [INFO] [1783984488.049153720] [leo1.controller_server]: Passing new path to controller.
[controller_server-1] [WARN] [1783984488.142019488] [leo1.controller_server]: Control loop missed its desired rate of 20.0000Hz
[controller_server-7] [INFO] [1783984488.629389609] [leo2.controller_server]: Passing new path to controller.
[controller_server-7] [ERROR] [1783984488.741558722] [transformPoseInTargetFrame]: Extrapolation Error looking up target frame: Lookup would require extrapolation into the future.  Requested time 919.459000 but the latest data is at time 919.441000, when looking up transform from frame [leo2/map] to frame [leo2/base_link]
[controller_server-7] 
[controller_server-7] [WARN] [1783984488.742363359] [leo2.controller_server]: Control loop missed its desired rate of 20.0000Hz
[controller_server-1] [INFO] [1783984489.049182152] [leo1.controller_server]: Passing new path to controller.
[controller_server-1] [ERROR] [1783984489.161464427] [transformPoseInTargetFrame]: Extrapolation Error looking up target frame: Lookup would require extrapolation into the future.  Requested time 919.826000 but the latest data is at time 919.820000, when looking up transform from frame [leo1/map] to frame [leo1/base_link]
[controller_server-1] 
[controller_server-1] [WARN] [1783984489.162410722] [leo1.controller_server]: Control loop missed its desired rate of 20.0000Hz
[controller_server-7] [INFO] [1783984489.662532150] [leo2.controller_server]: Passing new path to controller.
[controller_server-1] [INFO] [1783984490.076870964] [leo1.controller_server]: Passing new path to controller.
[controller_server-7] [INFO] [1783984490.692459360] [leo2.controller_server]: Passing new path to controller.
[controller_server-7] [WARN] [1783984490.745009010] [leo2.controller_server]: Control loop missed its desired rate of 20.0000Hz
[controller_server-1] [INFO] [1783984491.112497426] [leo1.controller_server]: Passing new path to controller.
[planner_server-2] [INFO] [1783984491.518692023] [leo1.global_costmap.global_costmap]: StaticLayer: Resizing costmap to 479 X 318 at 0.050000 m/pix
[controller_server-7] [INFO] [1783984491.692475131] [leo2.controller_server]: Passing new path to controller.
[controller_server-7] [ERROR] [1783984491.805165085] [transformPoseInTargetFrame]: Extrapolation Error looking up target frame: Lookup would require extrapolation into the future.  Requested time 922.282000 but the latest data is at time 922.241000, when looking up transform from frame [leo2/map] to frame [leo2/base_link]
[controller_server-7] 
[controller_server-7] [WARN] [1783984491.805908127] [leo2.controller_server]: Control loop missed its desired rate of 20.0000Hz
[controller_server-1] [INFO] [1783984492.162514135] [leo1.controller_server]: Passing new path to controller.
[controller_server-1] [WARN] [1783984492.286050330] [leo1.controller_server]: Control loop missed its desired rate of 20.0000Hz
[controller_server-7] [INFO] [1783984492.724679830] [leo2.controller_server]: Passing new path to controller.
[controller_server-1] [INFO] [1783984493.201646490] [leo1.controller_server]: Passing new path to controller.
[controller_server-7] [INFO] [1783984493.756019893] [leo2.controller_server]: Passing new path to controller.
[controller_server-7] [ERROR] [1783984493.878659968] [transformPoseInTargetFrame]: Extrapolation Error looking up target frame: Lookup would require extrapolation into the future.  Requested time 924.055000 but the latest data is at time 924.041000, when looking up transform from frame [leo2/map] to frame [leo2/base_link]
[controller_server-7] 
[controller_server-7] [WARN] [1783984493.879715920] [leo2.controller_server]: Control loop missed its desired rate of 20.0000Hz
[controller_server-1] [INFO] [1783984494.236131065] [leo1.controller_server]: Passing new path to controller.
[controller_server-1] [ERROR] [1783984494.359070773] [transformPoseInTargetFrame]: Extrapolation Error looking up target frame: Lookup would require extrapolation into the future.  Requested time 924.472000 but the latest data is at time 924.420000, when looking up transform from frame [leo1/map] to frame [leo1/base_link]
[controller_server-1] 
[controller_server-1] [WARN] [1783984494.359550293] [leo1.controller_server]: Control loop missed its desired rate of 20.0000Hz
[controller_server-7] [INFO] [1783984494.798844387] [leo2.controller_server]: Passing new path to controller.
[controller_server-1] [INFO] [1783984495.220968154] [leo1.controller_server]: Passing new path to controller.
[controller_server-7] [INFO] [1783984495.829895917] [leo2.controller_server]: Passing new path to controller.
[controller_server-7] [WARN] [1783984495.902490591] [leo2.controller_server]: Control loop missed its desired rate of 20.0000Hz
[controller_server-1] [INFO] [1783984496.254233179] [leo1.controller_server]: Passing new path to controller.
[controller_server-7] [INFO] [1783984496.829791079] [leo2.controller_server]: Passing new path to controller.
[controller_server-7] [ERROR] [1783984496.941617819] [transformPoseInTargetFrame]: Extrapolation Error looking up target frame: Lookup would require extrapolation into the future.  Requested time 926.883000 but the latest data is at time 926.841000, when looking up transform from frame [leo2/map] to frame [leo2/base_link]
[controller_server-7] 
[controller_server-7] [WARN] [1783984496.942121136] [leo2.controller_server]: Control loop missed its desired rate of 20.0000Hz
[controller_server-1] [INFO] [1783984497.309648905] [leo1.controller_server]: Passing new path to controller.
[controller_server-1] [WARN] [1783984497.381675965] [leo1.controller_server]: Control loop missed its desired rate of 20.0000Hz
[controller_server-7] [INFO] [1783984497.853750078] [leo2.controller_server]: Passing new path to controller.
[controller_server-7] [ERROR] [1783984497.966165900] [transformPoseInTargetFrame]: Extrapolation Error looking up target frame: Lookup would require extrapolation into the future.  Requested time 927.848000 but the latest data is at time 927.841000, when looking up transform from frame [leo2/map] to frame [leo2/base_link]
[controller_server-7] 
[controller_server-7] [WARN] [1783984497.966940536] [leo2.controller_server]: Control loop missed its desired rate of 20.0000Hz
[controller_server-1] [INFO] [1783984498.309624496] [leo1.controller_server]: Passing new path to controller.
[controller_server-1] [ERROR] [1783984498.442392764] [transformPoseInTargetFrame]: Extrapolation Error looking up target frame: Lookup would require extrapolation into the future.  Requested time 928.271000 but the latest data is at time 928.220000, when looking up transform from frame [leo1/map] to frame [leo1/base_link]
[controller_server-1] 
[controller_server-1] [WARN] [1783984498.443823775] [leo1.controller_server]: Control loop missed its desired rate of 20.0000Hz
[controller_server-7] [INFO] [1783984498.892195017] [leo2.controller_server]: Passing new path to controller.
[controller_server-1] [INFO] [1783984499.353819178] [leo1.controller_server]: Passing new path to controller.
[controller_server-1] [ERROR] [1783984499.476273698] [transformPoseInTargetFrame]: Extrapolation Error looking up target frame: Lookup would require extrapolation into the future.  Requested time 929.225000 but the latest data is at time 929.220000, when looking up transform from frame [leo1/map] to frame [leo1/base_link]
[controller_server-1] 
[controller_server-1] [WARN] [1783984499.476875038] [leo1.controller_server]: Control loop missed its desired rate of 20.0000Hz
[controller_server-7] [INFO] [1783984499.942220711] [leo2.controller_server]: Passing new path to controller.
[controller_server-7] [WARN] [1783984500.035453584] [leo2.controller_server]: Control loop missed its desired rate of 20.0000Hz
[controller_server-1] [INFO] [1783984500.393920416] [leo1.controller_server]: Passing new path to controller.
[controller_server-1] [WARN] [1783984500.476409476] [leo1.controller_server]: Control loop missed its desired rate of 20.0000Hz
[controller_server-7] [INFO] [1783984500.942218779] [leo2.controller_server]: Passing new path to controller.
[controller_server-1] [INFO] [1783984501.443926170] [leo1.controller_server]: Passing new path to controller.
[planner_server-8] [INFO] [1783984501.519073091] [leo2.global_costmap.global_costmap]: StaticLayer: Resizing costmap to 481 X 319 at 0.050000 m/pix
[controller_server-7] [INFO] [1783984501.992203253] [leo2.controller_server]: Passing new path to controller.
[controller_server-7] [ERROR] [1783984502.115375798] [transformPoseInTargetFrame]: Extrapolation Error looking up target frame: Lookup would require extrapolation into the future.  Requested time 931.499000 but the latest data is at time 931.441000, when looking up transform from frame [leo2/map] to frame [leo2/base_link]
[controller_server-7] 
[controller_server-7] [WARN] [1783984502.119095981] [leo2.controller_server]: Control loop missed its desired rate of 20.0000Hz
[controller_server-1] [INFO] [1783984502.443920535] [leo1.controller_server]: Passing new path to controller.
[bt_navigator-10] [INFO] [1783984502.754453871] [leo2.bt_navigator]: Received goal preemption request
[bt_navigator-10] [INFO] [1783984502.755356744] [leo2.bt_navigator]: Begin navigating from current location (2.39, -5.40) to (10.17, 3.62)
[bt_navigator-4] [INFO] [1783984502.866970394] [leo1.bt_navigator]: Received goal preemption request
[bt_navigator-4] [INFO] [1783984502.867595051] [leo1.bt_navigator]: Begin navigating from current location (8.61, -3.67) to (3.90, -4.94)
[controller_server-7] [INFO] [1783984503.033794615] [leo2.controller_server]: Passing new path to controller.
[controller_server-1] [INFO] [1783984503.044123239] [leo1.controller_server]: Reached the goal!
[bt_navigator-4] [INFO] [1783984503.077782710] [leo1.bt_navigator]: Goal succeeded
[controller_server-7] [ERROR] [1783984503.205966925] [transformPoseInTargetFrame]: Extrapolation Error looking up target frame: Lookup would require extrapolation into the future.  Requested time 932.490000 but the latest data is at time 932.441000, when looking up transform from frame [leo2/map] to frame [leo2/base_link]
[controller_server-7] 
[controller_server-7] [WARN] [1783984503.207396352] [leo2.controller_server]: Control loop missed its desired rate of 20.0000Hz
[controller_server-7] [INFO] [1783984504.019165590] [leo2.controller_server]: Passing new path to controller.
[controller_server-7] [ERROR] [1783984505.691029367] [transformPoseInTargetFrame]: Extrapolation Error looking up target frame: Lookup would require extrapolation into the future.  Requested time 933.472000 but the latest data is at time 933.441000, when looking up transform from frame [leo2/map] to frame [leo2/base_link]
[controller_server-7] 
[controller_server-7] [WARN] [1783984505.691950636] [leo2.controller_server]: Control loop missed its desired rate of 20.0000Hz
[controller_server-7] [INFO] [1783984505.691976965] [leo2.controller_server]: Passing new path to controller.
[controller_server-7] [ERROR] [1783984505.895856282] [transformPoseInTargetFrame]: Extrapolation Error looking up target frame: Lookup would require extrapolation into the future.  Requested time 933.664000 but the latest data is at time 933.641000, when looking up transform from frame [leo2/map] to frame [leo2/base_link]
[controller_server-7] 
[controller_server-7] [WARN] [1783984505.896578256] [leo2.controller_server]: Control loop missed its desired rate of 20.0000Hz
[controller_server-7] [INFO] [1783984506.715573548] [leo2.controller_server]: Passing new path to controller.
[controller_server-7] [ERROR] [1783984506.957794084] [transformPoseInTargetFrame]: Extrapolation Error looking up target frame: Lookup would require extrapolation into the future.  Requested time 934.688000 but the latest data is at time 934.641000, when looking up transform from frame [leo2/map] to frame [leo2/base_link]
[controller_server-7] 
[controller_server-7] [WARN] [1783984506.958523728] [leo2.controller_server]: Control loop missed its desired rate of 20.0000Hz
[controller_server-7] [INFO] [1783984507.725684615] [leo2.controller_server]: Passing new path to controller.
[controller_server-7] [ERROR] [1783984507.838810886] [transformPoseInTargetFrame]: Extrapolation Error looking up target frame: Lookup would require extrapolation into the future.  Requested time 935.475000 but the latest data is at time 935.441000, when looking up transform from frame [leo2/map] to frame [leo2/base_link]
[controller_server-7] 
[controller_server-7] [WARN] [1783984507.839622637] [leo2.controller_server]: Control loop missed its desired rate of 20.0000Hz
[bt_navigator-4] [INFO] [1783984508.663671479] [leo1.bt_navigator]: Begin navigating from current location (8.63, -3.69) to (10.35, -6.19)
[controller_server-1] [INFO] [1783984508.685046296] [leo1.controller_server]: Received a goal, begin computing control effort.
[controller_server-7] [INFO] [1783984508.758650732] [leo2.controller_server]: Passing new path to controller.
[controller_server-1] [WARN] [1783984508.776865427] [leo1.controller_server]: Control loop missed its desired rate of 20.0000Hz
[controller_server-7] [ERROR] [1783984508.970126311] [transformPoseInTargetFrame]: Extrapolation Error looking up target frame: Lookup would require extrapolation into the future.  Requested time 936.472000 but the latest data is at time 936.441000, when looking up transform from frame [leo2/map] to frame [leo2/base_link]
[controller_server-7] 
[controller_server-7] [WARN] [1783984508.971316945] [leo2.controller_server]: Control loop missed its desired rate of 20.0000Hz
[controller_server-1] [INFO] [1783984509.735282720] [leo1.controller_server]: Passing new path to controller.
[controller_server-7] [INFO] [1783984509.789248426] [leo2.controller_server]: Passing new path to controller.
[controller_server-7] [ERROR] [1783984509.912204302] [transformPoseInTargetFrame]: Extrapolation Error looking up target frame: Lookup would require extrapolation into the future.  Requested time 937.258000 but the latest data is at time 937.241000, when looking up transform from frame [leo2/map] to frame [leo2/base_link]
[controller_server-7] 
[controller_server-7] [WARN] [1783984509.913627279] [leo2.controller_server]: Control loop missed its desired rate of 20.0000Hz
[controller_server-1] [INFO] [1783984510.785254285] [leo1.controller_server]: Passing new path to controller.
[controller_server-7] [INFO] [1783984510.821397134] [leo2.controller_server]: Passing new path to controller.
[controller_server-1] [ERROR] [1783984510.939192319] [transformPoseInTargetFrame]: Extrapolation Error looking up target frame: Lookup would require extrapolation into the future.  Requested time 938.108000 but the latest data is at time 938.020000, when looking up transform from frame [leo1/map] to frame [leo1/base_link]
[controller_server-1] 
[controller_server-1] [WARN] [1783984510.939941414] [leo1.controller_server]: Control loop missed its desired rate of 20.0000Hz
[controller_server-7] [WARN] [1783984510.975862205] [leo2.controller_server]: Control loop missed its desired rate of 20.0000Hz
[controller_server-7] [ERROR] [1783984511.159960992] [transformPoseInTargetFrame]: Extrapolation Error looking up target frame: Lookup would require extrapolation into the future.  Requested time 938.291000 but the latest data is at time 938.241000, when looking up transform from frame [leo2/map] to frame [leo2/base_link]
[controller_server-7] 
[controller_server-7] [WARN] [1783984511.161100707] [leo2.controller_server]: Control loop missed its desired rate of 20.0000Hz
[controller_server-1] [INFO] [1783984511.804744403] [leo1.controller_server]: Passing new path to controller.
[controller_server-7] [INFO] [1783984511.875964470] [leo2.controller_server]: Passing new path to controller.
[controller_server-1] [INFO] [1783984512.839999214] [leo1.controller_server]: Passing new path to controller.
[controller_server-7] [INFO] [1783984512.875943258] [leo2.controller_server]: Passing new path to controller.
[controller_server-1] [WARN] [1783984512.922070753] [leo1.controller_server]: Control loop missed its desired rate of 20.0000Hz
[controller_server-7] [WARN] [1783984512.948417859] [leo2.controller_server]: Control loop missed its desired rate of 20.0000Hz
[controller_server-1] [INFO] [1783984513.839964078] [leo1.controller_server]: Passing new path to controller.
[controller_server-7] [INFO] [1783984513.925934824] [leo2.controller_server]: Passing new path to controller.
[controller_server-1] [ERROR] [1783984513.952419343] [transformPoseInTargetFrame]: Extrapolation Error looking up target frame: Lookup would require extrapolation into the future.  Requested time 940.838000 but the latest data is at time 940.820000, when looking up transform from frame [leo1/map] to frame [leo1/base_link]
[controller_server-1] 
[controller_server-1] [WARN] [1783984513.952806882] [leo1.controller_server]: Control loop missed its desired rate of 20.0000Hz
[controller_server-7] [WARN] [1783984514.039106211] [leo2.controller_server]: Control loop missed its desired rate of 20.0000Hz
[controller_server-1] [INFO] [1783984514.865989321] [leo1.controller_server]: Passing new path to controller.
[controller_server-7] [INFO] [1783984514.957300565] [leo2.controller_server]: Passing new path to controller.
[controller_server-7] [ERROR] [1783984515.069451605] [transformPoseInTargetFrame]: Extrapolation Error looking up target frame: Lookup would require extrapolation into the future.  Requested time 941.892000 but the latest data is at time 941.841000, when looking up transform from frame [leo2/map] to frame [leo2/base_link]
[controller_server-7] 
[controller_server-7] [WARN] [1783984515.070746149] [leo2.controller_server]: Control loop missed its desired rate of 20.0000Hz
[controller_server-1] [INFO] [1783984515.897273740] [leo1.controller_server]: Passing new path to controller.
[controller_server-7] [INFO] [1783984515.989243179] [leo2.controller_server]: Passing new path to controller.
[controller_server-7] [ERROR] [1783984516.101520512] [transformPoseInTargetFrame]: Extrapolation Error looking up target frame: Lookup would require extrapolation into the future.  Requested time 942.858000 but the latest data is at time 942.841000, when looking up transform from frame [leo2/map] to frame [leo2/base_link]
[controller_server-7] 
[controller_server-7] [WARN] [1783984516.102627299] [leo2.controller_server]: Control loop missed its desired rate of 20.0000Hz
[controller_server-1] [INFO] [1783984516.952898235] [leo1.controller_server]: Passing new path to controller.
[controller_server-7] [INFO] [1783984517.022845301] [leo2.controller_server]: Passing new path to controller.
[controller_server-1] [INFO] [1783984518.002865841] [leo1.controller_server]: Passing new path to controller.
[controller_server-7] [INFO] [1783984518.052659706] [leo2.controller_server]: Passing new path to controller.
[controller_server-1] [WARN] [1783984518.064689349] [leo1.controller_server]: Control loop missed its desired rate of 20.0000Hz
[controller_server-1] [INFO] [1783984519.002955870] [leo1.controller_server]: Passing new path to controller.
[controller_server-7] [INFO] [1783984519.052714125] [leo2.controller_server]: Passing new path to controller.
[controller_server-7] [ERROR] [1783984519.175190255] [transformPoseInTargetFrame]: Extrapolation Error looking up target frame: Lookup would require extrapolation into the future.  Requested time 945.646000 but the latest data is at time 945.641000, when looking up transform from frame [leo2/map] to frame [leo2/base_link]
[controller_server-7] 
[controller_server-7] [WARN] [1783984519.176420183] [leo2.controller_server]: Control loop missed its desired rate of 20.0000Hz
[controller_server-1] [INFO] [1783984520.052892895] [leo1.controller_server]: Passing new path to controller.
[controller_server-7] [INFO] [1783984520.101028983] [leo2.controller_server]: Passing new path to controller.
[controller_server-1] [WARN] [1783984520.145307212] [leo1.controller_server]: Control loop missed its desired rate of 20.0000Hz
[controller_server-1] [INFO] [1783984521.052896694] [leo1.controller_server]: Passing new path to controller.
[controller_server-7] [INFO] [1783984521.126503879] [leo2.controller_server]: Passing new path to controller.
[controller_server-7] [WARN] [1783984521.250080970] [leo2.controller_server]: Control loop missed its desired rate of 20.0000Hz
[controller_server-1] [INFO] [1783984521.653067770] [leo1.controller_server]: Reached the goal!
[bt_navigator-4] [INFO] [1783984521.685412533] [leo1.bt_navigator]: Goal succeeded
[planner_server-2] [ERROR] [1783984521.755728249] [leo1.planner_server]: Failed to create a plan from potential when a legal potential was found. This shouldn't happen.
[planner_server-2] [WARN] [1783984521.755791172] [leo1.planner_server]: GridBased: failed to create plan with tolerance 0.50.
[planner_server-2] [WARN] [1783984521.755800793] [leo1.planner_server]: Planning algorithm  failed to generate a valid path to (2.00, -4.79)
[planner_server-2] [WARN] [1783984521.755808678] [leo1.planner_server]: [compute_path_to_pose] [ActionServer] Aborting handle.
[controller_server-7] [INFO] [1783984522.172654304] [leo2.controller_server]: Passing new path to controller.
[controller_server-7] [ERROR] [1783984522.284671703] [transformPoseInTargetFrame]: Extrapolation Error looking up target frame: Lookup would require extrapolation into the future.  Requested time 948.487000 but the latest data is at time 948.441000, when looking up transform from frame [leo2/map] to frame [leo2/base_link]
[controller_server-7] 
[controller_server-7] [WARN] [1783984522.286046426] [leo2.controller_server]: Control loop missed its desired rate of 20.0000Hz
[controller_server-7] [INFO] [1783984523.200163020] [leo2.controller_server]: Passing new path to controller.
[controller_server-7] [ERROR] [1783984523.312400104] [transformPoseInTargetFrame]: Extrapolation Error looking up target frame: Lookup would require extrapolation into the future.  Requested time 949.455000 but the latest data is at time 949.441000, when looking up transform from frame [leo2/map] to frame [leo2/base_link]
[controller_server-7] 
[controller_server-7] [WARN] [1783984523.313279661] [leo2.controller_server]: Control loop missed its desired rate of 20.0000Hz
[controller_server-7] [INFO] [1783984524.233921823] [leo2.controller_server]: Passing new path to controller.
[controller_server-7] [INFO] [1783984525.263388069] [leo2.controller_server]: Passing new path to controller.
[controller_server-7] [WARN] [1783984525.315846040] [leo2.controller_server]: Control loop missed its desired rate of 20.0000Hz
[bt_navigator-4] [INFO] [1783984526.165372743] [leo1.bt_navigator]: Begin navigating from current location (10.21, -5.99) to (9.40, 2.16)
[controller_server-1] [INFO] [1783984526.187929225] [leo1.controller_server]: Received a goal, begin computing control effort.
[controller_server-7] [INFO] [1783984526.263403780] [leo2.controller_server]: Passing new path to controller.
[controller_server-1] [ERROR] [1783984526.359543467] [transformPoseInTargetFrame]: Extrapolation Error looking up target frame: Lookup would require extrapolation into the future.  Requested time 952.226000 but the latest data is at time 952.220000, when looking up transform from frame [leo1/map] to frame [leo1/base_link]
[controller_server-1] 
[controller_server-1] [WARN] [1783984526.361105836] [leo1.controller_server]: Control loop missed its desired rate of 20.0000Hz
[controller_server-7] [ERROR] [1783984526.386049653] [transformPoseInTargetFrame]: Extrapolation Error looking up target frame: Lookup would require extrapolation into the future.  Requested time 952.249000 but the latest data is at time 952.241000, when looking up transform from frame [leo2/map] to frame [leo2/base_link]
[controller_server-7] 
[controller_server-7] [WARN] [1783984526.387403035] [leo2.controller_server]: Control loop missed its desired rate of 20.0000Hz
[controller_server-1] [INFO] [1783984527.231627293] [leo1.controller_server]: Passing new path to controller.
[controller_server-7] [INFO] [1783984527.309398377] [leo2.controller_server]: Passing new path to controller.
[controller_server-1] [ERROR] [1783984527.354092990] [transformPoseInTargetFrame]: Extrapolation Error looking up target frame: Lookup would require extrapolation into the future.  Requested time 953.095000 but the latest data is at time 953.080000, when looking up transform from frame [leo1/map] to frame [leo1/base_link]
[controller_server-1] 
[controller_server-1] [WARN] [1783984527.355743130] [leo1.controller_server]: Control loop missed its desired rate of 20.0000Hz
[controller_server-1] [INFO] [1783984528.261200591] [leo1.controller_server]: Passing new path to controller.
[controller_server-7] [INFO] [1783984528.337472307] [leo2.controller_server]: Passing new path to controller.
[controller_server-1] [ERROR] [1783984528.432953398] [transformPoseInTargetFrame]: Extrapolation Error looking up target frame: Lookup would require extrapolation into the future.  Requested time 954.051000 but the latest data is at time 954.020000, when looking up transform from frame [leo1/map] to frame [leo1/base_link]
[controller_server-1] 
[controller_server-1] [WARN] [1783984528.434505835] [leo1.controller_server]: Control loop missed its desired rate of 20.0000Hz
[controller_server-7] [ERROR] [1783984528.460145113] [transformPoseInTargetFrame]: Extrapolation Error looking up target frame: Lookup would require extrapolation into the future.  Requested time 954.075000 but the latest data is at time 954.041000, when looking up transform from frame [leo2/map] to frame [leo2/base_link]
[controller_server-7] 
[controller_server-7] [WARN] [1783984528.461516024] [leo2.controller_server]: Control loop missed its desired rate of 20.0000Hz
[controller_server-1] [INFO] [1783984529.302873487] [leo1.controller_server]: Passing new path to controller.
[controller_server-7] [INFO] [1783984529.379727115] [leo2.controller_server]: Passing new path to controller.
[controller_server-1] [ERROR] [1783984529.495724380] [transformPoseInTargetFrame]: Extrapolation Error looking up target frame: Lookup would require extrapolation into the future.  Requested time 955.033000 but the latest data is at time 955.020000, when looking up transform from frame [leo1/map] to frame [leo1/base_link]
[controller_server-1] 
[controller_server-1] [WARN] [1783984529.496507588] [leo1.controller_server]: Control loop missed its desired rate of 20.0000Hz
[controller_server-1] [INFO] [1783984530.314718596] [leo1.controller_server]: Passing new path to controller.
[controller_server-1] [WARN] [1783984530.397080177] [leo1.controller_server]: Control loop missed its desired rate of 20.0000Hz
[controller_server-7] [INFO] [1783984530.411596642] [leo2.controller_server]: Passing new path to controller.
[controller_server-1] [ERROR] [1783984530.557903605] [transformPoseInTargetFrame]: Extrapolation Error looking up target frame: Lookup would require extrapolation into the future.  Requested time 956.024000 but the latest data is at time 956.020000, when looking up transform from frame [leo1/map] to frame [leo1/base_link]
[controller_server-1] 
[controller_server-1] [WARN] [1783984530.559067891] [leo1.controller_server]: Control loop missed its desired rate of 20.0000Hz
[controller_server-1] [INFO] [1783984531.377370923] [leo1.controller_server]: Passing new path to controller.
[controller_server-7] [INFO] [1783984531.411630711] [leo2.controller_server]: Passing new path to controller.
[controller_server-1] [WARN] [1783984531.490191608] [leo1.controller_server]: Control loop missed its desired rate of 20.0000Hz
[controller_server-7] [WARN] [1783984531.515270832] [leo2.controller_server]: Control loop missed its desired rate of 20.0000Hz
[controller_server-1] [ERROR] [1783984531.670312070] [transformPoseInTargetFrame]: Extrapolation Error looking up target frame: Lookup would require extrapolation into the future.  Requested time 957.057000 but the latest data is at time 957.020000, when looking up transform from frame [leo1/map] to frame [leo1/base_link]
[controller_server-1] 
[controller_server-1] [WARN] [1783984531.671631315] [leo1.controller_server]: Control loop missed its desired rate of 20.0000Hz
[controller_server-1] [INFO] [1783984532.388237622] [leo1.controller_server]: Passing new path to controller.
[controller_server-7] [INFO] [1783984532.437098456] [leo2.controller_server]: Passing new path to controller.
[controller_server-1] [ERROR] [1783984532.500746775] [transformPoseInTargetFrame]: Extrapolation Error looking up target frame: Lookup would require extrapolation into the future.  Requested time 957.843000 but the latest data is at time 957.820000, when looking up transform from frame [leo1/map] to frame [leo1/base_link]
[controller_server-1] 
[controller_server-1] [WARN] [1783984532.501570563] [leo1.controller_server]: Control loop missed its desired rate of 20.0000Hz
[controller_server-7] [ERROR] [1783984532.549769013] [transformPoseInTargetFrame]: Extrapolation Error looking up target frame: Lookup would require extrapolation into the future.  Requested time 957.888000 but the latest data is at time 957.841000, when looking up transform from frame [leo2/map] to frame [leo2/base_link]
[controller_server-7] 
[controller_server-7] [WARN] [1783984532.550737572] [leo2.controller_server]: Control loop missed its desired rate of 20.0000Hz
[controller_server-1] [INFO] [1783984533.421763501] [leo1.controller_server]: Passing new path to controller.
[controller_server-7] [INFO] [1783984533.465400789] [leo2.controller_server]: Passing new path to controller.
[controller_server-1] [WARN] [1783984533.474551782] [leo1.controller_server]: Control loop missed its desired rate of 20.0000Hz
[controller_server-1] [INFO] [1783984534.471725075] [leo1.controller_server]: Passing new path to controller.
[controller_server-7] [INFO] [1783984534.515385327] [leo2.controller_server]: Passing new path to controller.
[controller_server-1] [ERROR] [1783984534.594183416] [transformPoseInTargetFrame]: Extrapolation Error looking up target frame: Lookup would require extrapolation into the future.  Requested time 959.675000 but the latest data is at time 959.620000, when looking up transform from frame [leo1/map] to frame [leo1/base_link]
[controller_server-1] 
[controller_server-1] [WARN] [1783984534.594921505] [leo1.controller_server]: Control loop missed its desired rate of 20.0000Hz
[controller_server-7] [WARN] [1783984534.639504515] [leo2.controller_server]: Control loop missed its desired rate of 20.0000Hz
[controller_server-1] [INFO] [1783984535.462311006] [leo1.controller_server]: Passing new path to controller.
[controller_server-1] [WARN] [1783984535.545880097] [leo1.controller_server]: Control loop missed its desired rate of 20.0000Hz
[controller_server-7] [INFO] [1783984535.560961637] [leo2.controller_server]: Passing new path to controller.
[controller_server-7] [INFO] [1783984537.231941625] [leo2.controller_server]: Passing new path to controller.
[controller_server-1] [INFO] [1783984537.252818572] [leo1.controller_server]: Passing new path to controller.
[controller_server-1] [WARN] [1783984537.336137098] [leo1.controller_server]: Control loop missed its desired rate of 20.0000Hz
[controller_server-7] [ERROR] [1783984537.344409889] [transformPoseInTargetFrame]: Extrapolation Error looking up target frame: Lookup would require extrapolation into the future.  Requested time 960.713000 but the latest data is at time 960.641000, when looking up transform from frame [leo2/map] to frame [leo2/base_link]
[controller_server-7] 
[controller_server-7] [WARN] [1783984537.345289704] [leo2.controller_server]: Control loop missed its desired rate of 20.0000Hz
[controller_server-1] [INFO] [1783984538.252738212] [leo1.controller_server]: Passing new path to controller.
[controller_server-7] [INFO] [1783984538.297335828] [leo2.controller_server]: Passing new path to controller.
[controller_server-1] [ERROR] [1783984538.364608327] [transformPoseInTargetFrame]: Extrapolation Error looking up target frame: Lookup would require extrapolation into the future.  Requested time 961.649000 but the latest data is at time 961.620000, when looking up transform from frame [leo1/map] to frame [leo1/base_link]
[controller_server-1] 
[controller_server-1] [WARN] [1783984538.365699958] [leo1.controller_server]: Control loop missed its desired rate of 20.0000Hz
[controller_server-7] [ERROR] [1783984538.409661924] [transformPoseInTargetFrame]: Extrapolation Error looking up target frame: Lookup would require extrapolation into the future.  Requested time 961.691000 but the latest data is at time 961.641000, when looking up transform from frame [leo2/map] to frame [leo2/base_link]
[controller_server-7] 
[controller_server-7] [WARN] [1783984538.411097142] [leo2.controller_server]: Control loop missed its desired rate of 20.0000Hz
[controller_server-7] [INFO] [1783984539.279468836] [leo2.controller_server]: Passing new path to controller.
[controller_server-1] [INFO] [1783984539.286015375] [leo1.controller_server]: Passing new path to controller.
[controller_server-7] [INFO] [1783984540.311180134] [leo2.controller_server]: Passing new path to controller.
[controller_server-1] [INFO] [1783984540.315787973] [leo1.controller_server]: Passing new path to controller.
[controller_server-1] [WARN] [1783984540.367905918] [leo1.controller_server]: Control loop missed its desired rate of 20.0000Hz
[controller_server-7] [WARN] [1783984540.384036803] [leo2.controller_server]: Control loop missed its desired rate of 20.0000Hz
[controller_server-7] [INFO] [1783984541.361144193] [leo2.controller_server]: Passing new path to controller.
[controller_server-1] [INFO] [1783984541.365779723] [leo1.controller_server]: Passing new path to controller.
[controller_server-1] [WARN] [1783984541.428962373] [leo1.controller_server]: Control loop missed its desired rate of 20.0000Hz
[controller_server-7] [WARN] [1783984541.454146106] [leo2.controller_server]: Control loop missed its desired rate of 20.0000Hz
[controller_server-1] [INFO] [1783984542.365756901] [leo1.controller_server]: Passing new path to controller.
[controller_server-7] [INFO] [1783984542.411215716] [leo2.controller_server]: Passing new path to controller.
[controller_server-1] [ERROR] [1783984542.478305217] [transformPoseInTargetFrame]: Extrapolation Error looking up target frame: Lookup would require extrapolation into the future.  Requested time 965.473000 but the latest data is at time 965.420000, when looking up transform from frame [leo1/map] to frame [leo1/base_link]
[controller_server-1] 
[controller_server-1] [WARN] [1783984542.479272087] [leo1.controller_server]: Control loop missed its desired rate of 20.0000Hz
[controller_server-7] [WARN] [1783984542.515107162] [leo2.controller_server]: Control loop missed its desired rate of 20.0000Hz
[controller_server-1] [INFO] [1783984543.406726467] [leo1.controller_server]: Passing new path to controller.
[controller_server-7] [INFO] [1783984543.437238231] [leo2.controller_server]: Passing new path to controller.
[controller_server-1] [INFO] [1783984544.429371198] [leo1.controller_server]: Passing new path to controller.
[controller_server-7] [INFO] [1783984544.465151516] [leo2.controller_server]: Passing new path to controller.
[controller_server-1] [ERROR] [1783984544.551937677] [transformPoseInTargetFrame]: Extrapolation Error looking up target frame: Lookup would require extrapolation into the future.  Requested time 967.270000 but the latest data is at time 967.220000, when looking up transform from frame [leo1/map] to frame [leo1/base_link]
[controller_server-1] 
[controller_server-1] [WARN] [1783984544.553994653] [leo1.controller_server]: Control loop missed its desired rate of 20.0000Hz
[controller_server-7] [ERROR] [1783984544.587538439] [transformPoseInTargetFrame]: Extrapolation Error looking up target frame: Lookup would require extrapolation into the future.  Requested time 967.300000 but the latest data is at time 967.241000, when looking up transform from frame [leo2/map] to frame [leo2/base_link]
[controller_server-7] 
[controller_server-7] [WARN] [1783984544.588956999] [leo2.controller_server]: Control loop missed its desired rate of 20.0000Hz
[controller_server-7] [INFO] [1783984545.458795846] [leo2.controller_server]: Passing new path to controller.
[controller_server-1] [INFO] [1783984545.481089503] [leo1.controller_server]: Passing new path to controller.
[controller_server-7] [INFO] [1783984546.489055936] [leo2.controller_server]: Passing new path to controller.
[controller_server-1] [INFO] [1783984546.504066817] [leo1.controller_server]: Passing new path to controller.
[controller_server-1] [WARN] [1783984546.577393913] [leo1.controller_server]: Control loop missed its desired rate of 20.0000Hz
[controller_server-7] [WARN] [1783984546.592280639] [leo2.controller_server]: Control loop missed its desired rate of 20.0000Hz
[controller_server-1] [INFO] [1783984547.554063711] [leo1.controller_server]: Passing new path to controller.
[controller_server-7] [INFO] [1783984547.560118465] [leo2.controller_server]: Passing new path to controller.
[controller_server-1] [WARN] [1783984547.636793841] [leo1.controller_server]: Control loop missed its desired rate of 20.0000Hz
[controller_server-7] [WARN] [1783984547.653141225] [leo2.controller_server]: Control loop missed its desired rate of 20.0000Hz
[controller_server-1] [INFO] [1783984548.554112233] [leo1.controller_server]: Passing new path to controller.
[controller_server-7] [INFO] [1783984548.592349512] [leo2.controller_server]: Passing new path to controller.
[controller_server-1] [ERROR] [1783984548.666848519] [transformPoseInTargetFrame]: Extrapolation Error looking up target frame: Lookup would require extrapolation into the future.  Requested time 971.067000 but the latest data is at time 971.020000, when looking up transform from frame [leo1/map] to frame [leo1/base_link]
[controller_server-1] 
[controller_server-1] [WARN] [1783984548.668143083] [leo1.controller_server]: Control loop missed its desired rate of 20.0000Hz
[controller_server-7] [WARN] [1783984548.705529552] [leo2.controller_server]: Control loop missed its desired rate of 20.0000Hz
[controller_server-1] [INFO] [1783984549.594177820] [leo1.controller_server]: Passing new path to controller.
[controller_server-7] [INFO] [1783984549.622468767] [leo2.controller_server]: Passing new path to controller.
[controller_server-1] [ERROR] [1783984549.706132327] [transformPoseInTargetFrame]: Extrapolation Error looking up target frame: Lookup would require extrapolation into the future.  Requested time 972.030000 but the latest data is at time 972.020000, when looking up transform from frame [leo1/map] to frame [leo1/base_link]
[controller_server-1] 
[controller_server-1] [WARN] [1783984549.707084359] [leo1.controller_server]: Control loop missed its desired rate of 20.0000Hz
[controller_server-7] [ERROR] [1783984549.734463013] [transformPoseInTargetFrame]: Extrapolation Error looking up target frame: Lookup would require extrapolation into the future.  Requested time 972.054000 but the latest data is at time 972.041000, when looking up transform from frame [leo2/map] to frame [leo2/base_link]
[controller_server-7] 
[controller_server-7] [WARN] [1783984549.735226454] [leo2.controller_server]: Control loop missed its desired rate of 20.0000Hz
[controller_server-7] [INFO] [1783984550.605578573] [leo2.controller_server]: Passing new path to controller.
[controller_server-1] [INFO] [1783984550.618264691] [leo1.controller_server]: Passing new path to controller.
[controller_server-7] [INFO] [1783984551.655671258] [leo2.controller_server]: Passing new path to controller.
[controller_server-1] [INFO] [1783984551.668592447] [leo1.controller_server]: Passing new path to controller.
[controller_server-1] [WARN] [1783984551.772129214] [leo1.controller_server]: Control loop missed its desired rate of 20.0000Hz
[controller_server-7] [WARN] [1783984551.789689278] [leo2.controller_server]: Control loop missed its desired rate of 20.0000Hz
[controller_server-1] [INFO] [1783984552.697815572] [leo1.controller_server]: Passing new path to controller.
[controller_server-7] [INFO] [1783984552.702329379] [leo2.controller_server]: Passing new path to controller.
[controller_server-1] [INFO] [1783984553.722227048] [leo1.controller_server]: Passing new path to controller.
[controller_server-7] [INFO] [1783984553.729275804] [leo2.controller_server]: Passing new path to controller.
[controller_server-1] [WARN] [1783984553.835167414] [leo1.controller_server]: Control loop missed its desired rate of 20.0000Hz
[controller_server-7] [ERROR] [1783984553.841267162] [transformPoseInTargetFrame]: Extrapolation Error looking up target frame: Lookup would require extrapolation into the future.  Requested time 975.696000 but the latest data is at time 975.641000, when looking up transform from frame [leo2/map] to frame [leo2/base_link]
[controller_server-7] 
[controller_server-7] [WARN] [1783984553.842052883] [leo2.controller_server]: Control loop missed its desired rate of 20.0000Hz
[bt_navigator-10] [INFO] [1783984554.212698298] [leo2.bt_navigator]: Received goal preemption request
[bt_navigator-10] [INFO] [1783984554.213308980] [leo2.bt_navigator]: Begin navigating from current location (8.30, 1.90) to (10.62, 3.07)
[controller_server-7] [INFO] [1783984554.758274491] [leo2.controller_server]: Passing new path to controller.
[controller_server-1] [INFO] [1783984554.760031209] [leo1.controller_server]: Passing new path to controller.
[controller_server-7] [ERROR] [1783984554.870319977] [transformPoseInTargetFrame]: Extrapolation Error looking up target frame: Lookup would require extrapolation into the future.  Requested time 976.658000 but the latest data is at time 976.641000, when looking up transform from frame [leo2/map] to frame [leo2/base_link]
[controller_server-7] 
[controller_server-7] [WARN] [1783984554.870754518] [leo2.controller_server]: Control loop missed its desired rate of 20.0000Hz
[controller_server-1] [ERROR] [1783984554.872099130] [transformPoseInTargetFrame]: Extrapolation Error looking up target frame: Lookup would require extrapolation into the future.  Requested time 976.660000 but the latest data is at time 976.620000, when looking up transform from frame [leo1/map] to frame [leo1/base_link]
[controller_server-1] 
[controller_server-1] [WARN] [1783984554.873012699] [leo1.controller_server]: Control loop missed its desired rate of 20.0000Hz
[controller_server-1] [INFO] [1783984555.785237538] [leo1.controller_server]: Passing new path to controller.
[controller_server-7] [INFO] [1783984555.792158620] [leo2.controller_server]: Passing new path to controller.
[controller_server-1] [ERROR] [1783984555.897231649] [transformPoseInTargetFrame]: Extrapolation Error looking up target frame: Lookup would require extrapolation into the future.  Requested time 977.626000 but the latest data is at time 977.620000, when looking up transform from frame [leo1/map] to frame [leo1/base_link]
[controller_server-1] 
[controller_server-1] [WARN] [1783984555.898418407] [leo1.controller_server]: Control loop missed its desired rate of 20.0000Hz
[controller_server-7] [INFO] [1783984556.792132433] [leo2.controller_server]: Passing new path to controller.
[controller_server-1] [INFO] [1783984556.822720708] [leo1.controller_server]: Passing new path to controller.
[controller_server-7] [INFO] [1783984557.842165261] [leo2.controller_server]: Passing new path to controller.
[controller_server-1] [INFO] [1783984557.848488424] [leo1.controller_server]: Passing new path to controller.
[controller_server-7] [WARN] [1783984557.894104069] [leo2.controller_server]: Control loop missed its desired rate of 20.0000Hz
[controller_server-1] [INFO] [1783984558.848512054] [leo1.controller_server]: Passing new path to controller.
[controller_server-7] [INFO] [1783984558.892130423] [leo2.controller_server]: Passing new path to controller.
[controller_server-1] [ERROR] [1783984558.971080156] [transformPoseInTargetFrame]: Extrapolation Error looking up target frame: Lookup would require extrapolation into the future.  Requested time 980.459000 but the latest data is at time 980.420000, when looking up transform from frame [leo1/map] to frame [leo1/base_link]
[controller_server-1] 
[controller_server-1] [WARN] [1783984558.971956365] [leo1.controller_server]: Control loop missed its desired rate of 20.0000Hz
[controller_server-7] [ERROR] [1783984559.014475782] [transformPoseInTargetFrame]: Extrapolation Error looking up target frame: Lookup would require extrapolation into the future.  Requested time 980.496000 but the latest data is at time 980.441000, when looking up transform from frame [leo2/map] to frame [leo2/base_link]
[controller_server-7] 
[controller_server-7] [WARN] [1783984559.014873190] [leo2.controller_server]: Control loop missed its desired rate of 20.0000Hz
[controller_server-7] [INFO] [1783984559.875152708] [leo2.controller_server]: Passing new path to controller.
[controller_server-1] [INFO] [1783984559.900398431] [leo1.controller_server]: Passing new path to controller.
[controller_server-7] [WARN] [1783984559.968115929] [leo2.controller_server]: Control loop missed its desired rate of 20.0000Hz
[controller_server-7] [INFO] [1783984560.915010097] [leo2.controller_server]: Passing new path to controller.
[controller_server-1] [INFO] [1783984560.922042570] [leo1.controller_server]: Passing new path to controller.
[controller_server-1] [ERROR] [1783984561.044646373] [transformPoseInTargetFrame]: Extrapolation Error looking up target frame: Lookup would require extrapolation into the future.  Requested time 982.233000 but the latest data is at time 982.220000, when looking up transform from frame [leo1/map] to frame [leo1/base_link]
[controller_server-1] 
[controller_server-1] [WARN] [1783984561.045814150] [leo1.controller_server]: Control loop missed its desired rate of 20.0000Hz
[controller_server-7] [INFO] [1783984561.964954007] [leo2.controller_server]: Passing new path to controller.
[controller_server-1] [INFO] [1783984561.969928666] [leo1.controller_server]: Passing new path to controller.
[controller_server-7] [WARN] [1783984562.016895239] [leo2.controller_server]: Control loop missed its desired rate of 20.0000Hz
[controller_server-7] [INFO] [1783984562.964939863] [leo2.controller_server]: Passing new path to controller.
[controller_server-1] [INFO] [1783984562.995882615] [leo1.controller_server]: Passing new path to controller.
[controller_server-1] [WARN] [1783984563.058030587] [leo1.controller_server]: Control loop missed its desired rate of 20.0000Hz
[controller_server-7] [WARN] [1783984563.077341409] [leo2.controller_server]: Control loop missed its desired rate of 20.0000Hz
[controller_server-1] [INFO] [1783984563.995905919] [leo1.controller_server]: Passing new path to controller.
[controller_server-7] [INFO] [1783984564.035074564] [leo2.controller_server]: Passing new path to controller.
[controller_server-1] [ERROR] [1783984564.108394822] [transformPoseInTargetFrame]: Extrapolation Error looking up target frame: Lookup would require extrapolation into the future.  Requested time 985.079000 but the latest data is at time 985.020000, when looking up transform from frame [leo1/map] to frame [leo1/base_link]
[controller_server-1] 
[controller_server-1] [WARN] [1783984564.109516198] [leo1.controller_server]: Control loop missed its desired rate of 20.0000Hz
[controller_server-1] [INFO] [1783984565.028930338] [leo1.controller_server]: Passing new path to controller.
[controller_server-7] [INFO] [1783984565.043484267] [leo2.controller_server]: Passing new path to controller.
[controller_server-1] [ERROR] [1783984565.141253660] [transformPoseInTargetFrame]: Extrapolation Error looking up target frame: Lookup would require extrapolation into the future.  Requested time 986.051000 but the latest data is at time 986.020000, when looking up transform from frame [leo1/map] to frame [leo1/base_link]
[controller_server-1] 
[controller_server-1] [WARN] [1783984565.141928685] [leo1.controller_server]: Control loop missed its desired rate of 20.0000Hz
[controller_server-7] [INFO] [1783984565.648592542] [leo2.controller_server]: Reached the goal!
[bt_navigator-10] [INFO] [1783984565.683982111] [leo2.bt_navigator]: Goal succeeded
[controller_server-1] [INFO] [1783984566.059630558] [leo1.controller_server]: Passing new path to controller.
[controller_server-1] [INFO] [1783984567.109631448] [leo1.controller_server]: Passing new path to controller.
[controller_server-1] [WARN] [1783984568.929711352] [leo1.controller_server]: Control loop missed its desired rate of 20.0000Hz
[controller_server-1] [INFO] [1783984568.996129434] [leo1.controller_server]: Passing new path to controller.
[controller_server-1] [ERROR] [1783984569.129452996] [transformPoseInTargetFrame]: Extrapolation Error looking up target frame: Lookup would require extrapolation into the future.  Requested time 988.053000 but the latest data is at time 988.020000, when looking up transform from frame [leo1/map] to frame [leo1/base_link]
[controller_server-1] 
[controller_server-1] [WARN] [1783984569.130754193] [leo1.controller_server]: Control loop missed its desired rate of 20.0000Hz
[bt_navigator-10] [INFO] [1783984569.133109315] [leo2.bt_navigator]: Begin navigating from current location (10.43, 2.94) to (-10.58, 5.00)
[controller_server-7] [INFO] [1783984569.155644197] [leo2.controller_server]: Received a goal, begin computing control effort.
[controller_server-7] [WARN] [1783984569.206486630] [leo2.controller_server]: Control loop missed its desired rate of 20.0000Hz
[controller_server-7] [ERROR] [1783984569.377777902] [transformPoseInTargetFrame]: Extrapolation Error looking up target frame: Lookup would require extrapolation into the future.  Requested time 988.266000 but the latest data is at time 988.241000, when looking up transform from frame [leo2/map] to frame [leo2/base_link]
[controller_server-7] 
[controller_server-7] [WARN] [1783984569.378994952] [leo2.controller_server]: Control loop missed its desired rate of 20.0000Hz
[controller_server-1] [INFO] [1783984570.000030942] [leo1.controller_server]: Passing new path to controller.
[controller_server-1] [ERROR] [1783984570.112457487] [transformPoseInTargetFrame]: Extrapolation Error looking up target frame: Lookup would require extrapolation into the future.  Requested time 988.879000 but the latest data is at time 988.820000, when looking up transform from frame [leo1/map] to frame [leo1/base_link]
[controller_server-1] 
[controller_server-1] [WARN] [1783984570.113114107] [leo1.controller_server]: Control loop missed its desired rate of 20.0000Hz
[controller_server-7] [INFO] [1783984570.200107361] [leo2.controller_server]: Passing new path to controller.
[controller_server-7] [ERROR] [1783984570.323145785] [transformPoseInTargetFrame]: Extrapolation Error looking up target frame: Lookup would require extrapolation into the future.  Requested time 989.052000 but the latest data is at time 989.041000, when looking up transform from frame [leo2/map] to frame [leo2/base_link]
[controller_server-7] 
[controller_server-7] [WARN] [1783984570.324008229] [leo2.controller_server]: Control loop missed its desired rate of 20.0000Hz
[controller_server-1] [INFO] [1783984571.030846896] [leo1.controller_server]: Passing new path to controller.
[controller_server-7] [INFO] [1783984571.229147255] [leo2.controller_server]: Passing new path to controller.
[controller_server-7] [WARN] [1783984571.372943436] [leo2.controller_server]: Control loop missed its desired rate of 20.0000Hz
[controller_server-7] [ERROR] [1783984571.556126598] [transformPoseInTargetFrame]: Extrapolation Error looking up target frame: Lookup would require extrapolation into the future.  Requested time 990.097000 but the latest data is at time 990.041000, when looking up transform from frame [leo2/map] to frame [leo2/base_link]
[controller_server-7] 
[controller_server-7] [WARN] [1783984571.556966090] [leo2.controller_server]: Control loop missed its desired rate of 20.0000Hz
[controller_server-1] [INFO] [1783984572.080830023] [leo1.controller_server]: Passing new path to controller.
[controller_server-1] [ERROR] [1783984572.192670554] [transformPoseInTargetFrame]: Extrapolation Error looking up target frame: Lookup would require extrapolation into the future.  Requested time 990.676000 but the latest data is at time 990.620000, when looking up transform from frame [leo1/map] to frame [leo1/base_link]
[controller_server-1] 
[controller_server-1] [WARN] [1783984572.195892472] [leo1.controller_server]: Control loop missed its desired rate of 20.0000Hz
[controller_server-7] [INFO] [1783984572.273016537] [leo2.controller_server]: Passing new path to controller.
[controller_server-7] [ERROR] [1783984572.385385314] [transformPoseInTargetFrame]: Extrapolation Error looking up target frame: Lookup would require extrapolation into the future.  Requested time 990.856000 but the latest data is at time 990.841000, when looking up transform from frame [leo2/map] to frame [leo2/base_link]
[controller_server-7] 
[controller_server-7] [WARN] [1783984572.386447710] [leo2.controller_server]: Control loop missed its desired rate of 20.0000Hz
[controller_server-1] [INFO] [1783984573.110842831] [leo1.controller_server]: Passing new path to controller.
[controller_server-1] [ERROR] [1783984573.223055976] [transformPoseInTargetFrame]: Extrapolation Error looking up target frame: Lookup would require extrapolation into the future.  Requested time 991.644000 but the latest data is at time 991.620000, when looking up transform from frame [leo1/map] to frame [leo1/base_link]
[controller_server-1] 
[controller_server-1] [WARN] [1783984573.223674669] [leo1.controller_server]: Control loop missed its desired rate of 20.0000Hz
[planner_server-2] [INFO] [1783984573.273464528] [leo1.global_costmap.global_costmap]: StaticLayer: Resizing costmap to 479 X 318 at 0.050000 m/pix
[controller_server-7] [INFO] [1783984573.307408786] [leo2.controller_server]: Passing new path to controller.
[controller_server-7] [ERROR] [1783984573.489928973] [transformPoseInTargetFrame]: Extrapolation Error looking up target frame: Lookup would require extrapolation into the future.  Requested time 991.891000 but the latest data is at time 991.841000, when looking up transform from frame [leo2/map] to frame [leo2/base_link]
[controller_server-7] 
[controller_server-7] [WARN] [1783984573.490875146] [leo2.controller_server]: Control loop missed its desired rate of 20.0000Hz
[controller_server-1] [INFO] [1783984574.145976045] [leo1.controller_server]: Passing new path to controller.
[controller_server-7] [INFO] [1783984574.359745408] [leo2.controller_server]: Passing new path to controller.
[controller_server-7] [ERROR] [1783984574.532589011] [transformPoseInTargetFrame]: Extrapolation Error looking up target frame: Lookup would require extrapolation into the future.  Requested time 992.871000 but the latest data is at time 992.841000, when looking up transform from frame [leo2/map] to frame [leo2/base_link]
[controller_server-7] 
[controller_server-7] [WARN] [1783984574.533447138] [leo2.controller_server]: Control loop missed its desired rate of 20.0000Hz
[controller_server-1] [INFO] [1783984575.145951689] [leo1.controller_server]: Passing new path to controller.
[controller_server-1] [WARN] [1783984575.208257411] [leo1.controller_server]: Control loop missed its desired rate of 20.0000Hz
[controller_server-7] [INFO] [1783984575.390987758] [leo2.controller_server]: Passing new path to controller.
[controller_server-7] [WARN] [1783984575.443060754] [leo2.controller_server]: Control loop missed its desired rate of 20.0000Hz
[controller_server-7] [ERROR] [1783984575.602197294] [transformPoseInTargetFrame]: Extrapolation Error looking up target frame: Lookup would require extrapolation into the future.  Requested time 993.867000 but the latest data is at time 993.841000, when looking up transform from frame [leo2/map] to frame [leo2/base_link]
[controller_server-7] 
[controller_server-7] [WARN] [1783984575.603000045] [leo2.controller_server]: Control loop missed its desired rate of 20.0000Hz
[controller_server-1] [INFO] [1783984576.195960935] [leo1.controller_server]: Passing new path to controller.
[controller_server-1] [WARN] [1783984576.268435695] [leo1.controller_server]: Control loop missed its desired rate of 20.0000Hz
[controller_server-7] [INFO] [1783984576.421184223] [leo2.controller_server]: Passing new path to controller.
[controller_server-7] [WARN] [1783984576.504101568] [leo2.controller_server]: Control loop missed its desired rate of 20.0000Hz
[controller_server-1] [INFO] [1783984577.195973285] [leo1.controller_server]: Passing new path to controller.
[controller_server-1] [ERROR] [1783984577.318548036] [transformPoseInTargetFrame]: Extrapolation Error looking up target frame: Lookup would require extrapolation into the future.  Requested time 995.450000 but the latest data is at time 995.420000, when looking up transform from frame [leo1/map] to frame [leo1/base_link]
[controller_server-1] 
[controller_server-1] [WARN] [1783984577.319815313] [leo1.controller_server]: Control loop missed its desired rate of 20.0000Hz
[controller_server-7] [INFO] [1783984577.453079300] [leo2.controller_server]: Passing new path to controller.
[controller_server-7] [ERROR] [1783984577.575438135] [transformPoseInTargetFrame]: Extrapolation Error looking up target frame: Lookup would require extrapolation into the future.  Requested time 995.670000 but the latest data is at time 995.641000, when looking up transform from frame [leo2/map] to frame [leo2/base_link]
[controller_server-7] 
[controller_server-7] [WARN] [1783984577.576693678] [leo2.controller_server]: Control loop missed its desired rate of 20.0000Hz
[controller_server-1] [INFO] [1783984578.230211456] [leo1.controller_server]: Passing new path to controller.
[controller_server-7] [INFO] [1783984578.498525370] [leo2.controller_server]: Passing new path to controller.
[controller_server-1] [INFO] [1783984579.269921632] [leo1.controller_server]: Passing new path to controller.
[controller_server-7] [INFO] [1783984579.526762422] [leo2.controller_server]: Passing new path to controller.
[controller_server-7] [ERROR] [1783984579.648778064] [transformPoseInTargetFrame]: Extrapolation Error looking up target frame: Lookup would require extrapolation into the future.  Requested time 997.448000 but the latest data is at time 997.441000, when looking up transform from frame [leo2/map] to frame [leo2/base_link]
[controller_server-7] 
[controller_server-7] [WARN] [1783984579.649642471] [leo2.controller_server]: Control loop missed its desired rate of 20.0000Hz
[controller_server-1] [INFO] [1783984580.319890826] [leo1.controller_server]: Passing new path to controller.
[controller_server-7] [INFO] [1783984580.572961305] [leo2.controller_server]: Passing new path to controller.
[controller_server-1] [INFO] [1783984581.319894286] [leo1.controller_server]: Passing new path to controller.
[controller_server-1] [WARN] [1783984581.412364355] [leo1.controller_server]: Control loop missed its desired rate of 20.0000Hz
[controller_server-7] [INFO] [1783984581.599735895] [leo2.controller_server]: Passing new path to controller.
[controller_server-7] [WARN] [1783984581.662173151] [leo2.controller_server]: Control loop missed its desired rate of 20.0000Hz
[planner_server-2] [ERROR] [1783984582.357973510] [leo1.planner_server]: Failed to create a plan from potential when a legal potential was found. This shouldn't happen.
[planner_server-2] [WARN] [1783984582.358059137] [leo1.planner_server]: GridBased: failed to create plan with tolerance 0.50.
[planner_server-2] [WARN] [1783984582.358070105] [leo1.planner_server]: Planning algorithm  failed to generate a valid path to (11.05, 4.01)
[planner_server-2] [WARN] [1783984582.358079237] [leo1.planner_server]: [compute_path_to_pose] [ActionServer] Aborting handle.
[controller_server-1] [INFO] [1783984582.369891260] [leo1.controller_server]: Passing new path to controller.
[controller_server-1] [ERROR] [1783984582.482473298] [transformPoseInTargetFrame]: Extrapolation Error looking up target frame: Lookup would require extrapolation into the future.  Requested time 1000.072000 but the latest data is at time 1000.020000, when looking up transform from frame [leo1/map] to frame [leo1/base_link]
[controller_server-1] 
[controller_server-1] [WARN] [1783984582.482731738] [leo1.controller_server]: Control loop missed its desired rate of 20.0000Hz
[controller_server-7] [INFO] [1783984582.599719786] [leo2.controller_server]: Passing new path to controller.
[controller_server-7] [ERROR] [1783984582.711747806] [transformPoseInTargetFrame]: Extrapolation Error looking up target frame: Lookup would require extrapolation into the future.  Requested time 1000.286000 but the latest data is at time 1000.241000, when looking up transform from frame [leo2/map] to frame [leo2/base_link]
[controller_server-7] 
[controller_server-7] [WARN] [1783984582.713035599] [leo2.controller_server]: Control loop missed its desired rate of 20.0000Hz
[controller_server-1] [INFO] [1783984583.390168895] [leo1.controller_server]: Passing new path to controller.
[controller_server-1] [ERROR] [1783984583.502406567] [transformPoseInTargetFrame]: Extrapolation Error looking up target frame: Lookup would require extrapolation into the future.  Requested time 1001.024000 but the latest data is at time 1001.020000, when looking up transform from frame [leo1/map] to frame [leo1/base_link]
[controller_server-1] 
[controller_server-1] [WARN] [1783984583.502698342] [leo1.controller_server]: Control loop missed its desired rate of 20.0000Hz
[controller_server-7] [INFO] [1783984583.634326608] [leo2.controller_server]: Passing new path to controller.
[controller_server-1] [INFO] [1783984584.432823242] [leo1.controller_server]: Passing new path to controller.
[controller_server-1] [WARN] [1783984584.495044601] [leo1.controller_server]: Control loop missed its desired rate of 20.0000Hz
[controller_server-7] [INFO] [1783984584.663166298] [leo2.controller_server]: Passing new path to controller.
[controller_server-7] [WARN] [1783984584.756365117] [leo2.controller_server]: Control loop missed its desired rate of 20.0000Hz
[controller_server-1] [INFO] [1783984585.432836058] [leo1.controller_server]: Passing new path to controller.
[controller_server-7] [INFO] [1783984585.713132586] [leo2.controller_server]: Passing new path to controller.
[controller_server-1] [INFO] [1783984586.482825089] [leo1.controller_server]: Passing new path to controller.
[controller_server-7] [INFO] [1783984586.713152836] [leo2.controller_server]: Passing new path to controller.
[bt_navigator-4] [INFO] [1783984587.159955203] [leo1.bt_navigator]: Received goal preemption request
[bt_navigator-4] [INFO] [1783984587.160691403] [leo1.bt_navigator]: Begin navigating from current location (8.60, 1.86) to (7.65, 2.71)
[controller_server-1] [INFO] [1783984587.482814313] [leo1.controller_server]: Passing new path to controller.
[controller_server-1] [ERROR] [1783984587.704353124] [transformPoseInTargetFrame]: Extrapolation Error looking up target frame: Lookup would require extrapolation into the future.  Requested time 1004.460000 but the latest data is at time 1004.420000, when looking up transform from frame [leo1/map] to frame [leo1/base_link]
[controller_server-1] 
[controller_server-1] [WARN] [1783984587.704858969] [leo1.controller_server]: Control loop missed its desired rate of 20.0000Hz
[controller_server-7] [INFO] [1783984587.763119855] [leo2.controller_server]: Passing new path to controller.
[controller_server-1] [INFO] [1783984588.511894783] [leo1.controller_server]: Passing new path to controller.
[controller_server-1] [WARN] [1783984588.634318411] [leo1.controller_server]: Control loop missed its desired rate of 20.0000Hz
[controller_server-7] [INFO] [1783984588.813112216] [leo2.controller_server]: Passing new path to controller.
[controller_server-1] [ERROR] [1783984588.826285545] [transformPoseInTargetFrame]: Extrapolation Error looking up target frame: Lookup would require extrapolation into the future.  Requested time 1005.433000 but the latest data is at time 1005.420000, when looking up transform from frame [leo1/map] to frame [leo1/base_link]
[controller_server-1] 
[controller_server-1] [WARN] [1783984588.826611757] [leo1.controller_server]: Control loop missed its desired rate of 20.0000Hz
[controller_server-7] [WARN] [1783984588.895787426] [leo2.controller_server]: Control loop missed its desired rate of 20.0000Hz
[controller_server-1] [INFO] [1783984589.586489477] [leo1.controller_server]: Passing new path to controller.
[controller_server-1] [ERROR] [1783984589.779082092] [transformPoseInTargetFrame]: Extrapolation Error looking up target frame: Lookup would require extrapolation into the future.  Requested time 1006.268000 but the latest data is at time 1006.240000, when looking up transform from frame [leo1/map] to frame [leo1/base_link]
[controller_server-1] 
[controller_server-1] [WARN] [1783984589.779523117] [leo1.controller_server]: Control loop missed its desired rate of 20.0000Hz
[controller_server-7] [INFO] [1783984589.813124554] [leo2.controller_server]: Passing new path to controller.
[controller_server-1] [INFO] [1783984590.586674579] [leo1.controller_server]: Passing new path to controller.
[controller_server-1] [WARN] [1783984590.709419986] [leo1.controller_server]: Control loop missed its desired rate of 20.0000Hz
[controller_server-1] [WARN] [1783984590.739803207] [leo1.controller_server]: Control loop missed its desired rate of 20.0000Hz
[controller_server-7] [INFO] [1783984590.863152863] [leo2.controller_server]: Passing new path to controller.
[controller_server-1] [ERROR] [1783984590.901233806] [transformPoseInTargetFrame]: Extrapolation Error looking up target frame: Lookup would require extrapolation into the future.  Requested time 1007.246000 but the latest data is at time 1007.220000, when looking up transform from frame [leo1/map] to frame [leo1/base_link]
[controller_server-1] 
[controller_server-1] [WARN] [1783984590.901538903] [leo1.controller_server]: Control loop missed its desired rate of 20.0000Hz
[controller_server-7] [WARN] [1783984590.956000732] [leo2.controller_server]: Control loop missed its desired rate of 20.0000Hz
[controller_server-1] [INFO] [1783984591.608027170] [leo1.controller_server]: Passing new path to controller.
[controller_server-1] [ERROR] [1783984591.791231436] [transformPoseInTargetFrame]: Extrapolation Error looking up target frame: Lookup would require extrapolation into the future.  Requested time 1008.023000 but the latest data is at time 1008.020000, when looking up transform from frame [leo1/map] to frame [leo1/base_link]
[controller_server-1] 
[controller_server-1] [WARN] [1783984591.791706433] [leo1.controller_server]: Control loop missed its desired rate of 20.0000Hz
[controller_server-7] [INFO] [1783984591.865721461] [leo2.controller_server]: Passing new path to controller.
[controller_server-1] [INFO] [1783984592.651626597] [leo1.controller_server]: Passing new path to controller.
[controller_server-1] [ERROR] [1783984592.784206652] [transformPoseInTargetFrame]: Extrapolation Error looking up target frame: Lookup would require extrapolation into the future.  Requested time 1008.856000 but the latest data is at time 1008.820000, when looking up transform from frame [leo1/map] to frame [leo1/base_link]
[controller_server-1] 
[controller_server-1] [WARN] [1783984592.784602500] [leo1.controller_server]: Control loop missed its desired rate of 20.0000Hz
[controller_server-7] [INFO] [1783984592.913107041] [leo2.controller_server]: Passing new path to controller.
[controller_server-7] [ERROR] [1783984593.035801856] [transformPoseInTargetFrame]: Extrapolation Error looking up target frame: Lookup would require extrapolation into the future.  Requested time 1009.065000 but the latest data is at time 1009.041000, when looking up transform from frame [leo2/map] to frame [leo2/base_link]
[controller_server-7] 
[controller_server-7] [WARN] [1783984593.037262821] [leo2.controller_server]: Control loop missed its desired rate of 20.0000Hz
[controller_server-1] [INFO] [1783984593.697559764] [leo1.controller_server]: Passing new path to controller.
[controller_server-1] [WARN] [1783984593.800666704] [leo1.controller_server]: Control loop missed its desired rate of 20.0000Hz
[controller_server-7] [INFO] [1783984593.960177223] [leo2.controller_server]: Passing new path to controller.
[controller_server-7] [WARN] [1783984594.054047664] [leo2.controller_server]: Control loop missed its desired rate of 20.0000Hz
[controller_server-1] [INFO] [1783984594.684693147] [leo1.controller_server]: Passing new path to controller.
[controller_server-1] [WARN] [1783984594.780368865] [leo1.controller_server]: Control loop missed its desired rate of 20.0000Hz
[controller_server-7] [INFO] [1783984594.987391728] [leo2.controller_server]: Passing new path to controller.
[controller_server-7] [WARN] [1783984595.050820782] [leo2.controller_server]: Control loop missed its desired rate of 20.0000Hz
[controller_server-1] [INFO] [1783984595.734706451] [leo1.controller_server]: Passing new path to controller.
[controller_server-7] [INFO] [1783984595.987333073] [leo2.controller_server]: Passing new path to controller.
[controller_server-1] [INFO] [1783984596.784688000] [leo1.controller_server]: Passing new path to controller.
[controller_server-1] [WARN] [1783984596.867603689] [leo1.controller_server]: Control loop missed its desired rate of 20.0000Hz
[controller_server-7] [INFO] [1783984597.037368286] [leo2.controller_server]: Passing new path to controller.
[controller_server-7] [WARN] [1783984597.120772335] [leo2.controller_server]: Control loop missed its desired rate of 20.0000Hz
[controller_server-1] [INFO] [1783984597.784678342] [leo1.controller_server]: Passing new path to controller.
[controller_server-7] [INFO] [1783984598.037339273] [leo2.controller_server]: Passing new path to controller.
[controller_server-1] [INFO] [1783984598.834690590] [leo1.controller_server]: Passing new path to controller.
[controller_server-7] [INFO] [1783984600.644973411] [leo2.controller_server]: Passing new path to controller.
[controller_server-1] [ERROR] [1783984600.664720198] [transformPoseInTargetFrame]: Extrapolation Error looking up target frame: Lookup would require extrapolation into the future.  Requested time 1014.033000 but the latest data is at time 1014.020000, when looking up transform from frame [leo1/map] to frame [leo1/base_link]
[controller_server-1] 
[controller_server-1] [WARN] [1783984600.665490080] [leo1.controller_server]: Control loop missed its desired rate of 20.0000Hz
[controller_server-1] [INFO] [1783984600.665525055] [leo1.controller_server]: Passing new path to controller.
[controller_server-7] [WARN] [1783984600.727658666] [leo2.controller_server]: Control loop missed its desired rate of 20.0000Hz
[controller_server-7] [INFO] [1783984601.694988460] [leo2.controller_server]: Passing new path to controller.
[controller_server-1] [INFO] [1783984601.715621566] [leo1.controller_server]: Passing new path to controller.
[controller_server-7] [WARN] [1783984601.747916910] [leo2.controller_server]: Control loop missed its desired rate of 20.0000Hz
[controller_server-1] [INFO] [1783984602.715601663] [leo1.controller_server]: Passing new path to controller.
[controller_server-7] [INFO] [1783984602.744996636] [leo2.controller_server]: Passing new path to controller.
[controller_server-1] [WARN] [1783984602.808782145] [leo1.controller_server]: Control loop missed its desired rate of 20.0000Hz
[controller_server-7] [WARN] [1783984602.828074172] [leo2.controller_server]: Control loop missed its desired rate of 20.0000Hz
[controller_server-7] [INFO] [1783984603.745035289] [leo2.controller_server]: Passing new path to controller.
[controller_server-1] [INFO] [1783984603.765604389] [leo1.controller_server]: Passing new path to controller.
[controller_server-7] [ERROR] [1783984603.888520199] [transformPoseInTargetFrame]: Extrapolation Error looking up target frame: Lookup would require extrapolation into the future.  Requested time 1016.446000 but the latest data is at time 1016.421000, when looking up transform from frame [leo2/map] to frame [leo2/base_link]
[controller_server-7] 
[controller_server-7] [WARN] [1783984603.890063829] [leo2.controller_server]: Control loop missed its desired rate of 20.0000Hz
[controller_server-1] [ERROR] [1783984603.908694934] [transformPoseInTargetFrame]: Extrapolation Error looking up target frame: Lookup would require extrapolation into the future.  Requested time 1016.461000 but the latest data is at time 1016.460000, when looking up transform from frame [leo1/map] to frame [leo1/base_link]
[controller_server-1] 
[controller_server-1] [WARN] [1783984603.909655499] [leo1.controller_server]: Control loop missed its desired rate of 20.0000Hz
[controller_server-1] [INFO] [1783984604.774611907] [leo1.controller_server]: Passing new path to controller.
[controller_server-7] [INFO] [1783984604.810267961] [leo2.controller_server]: Passing new path to controller.
[controller_server-1] [ERROR] [1783984604.917529961] [transformPoseInTargetFrame]: Extrapolation Error looking up target frame: Lookup would require extrapolation into the future.  Requested time 1017.230000 but the latest data is at time 1017.220000, when looking up transform from frame [leo1/map] to frame [leo1/base_link]
[controller_server-1] 
[controller_server-1] [WARN] [1783984604.917960809] [leo1.controller_server]: Control loop missed its desired rate of 20.0000Hz
[controller_server-7] [ERROR] [1783984604.953541183] [transformPoseInTargetFrame]: Extrapolation Error looking up target frame: Lookup would require extrapolation into the future.  Requested time 1017.255000 but the latest data is at time 1017.221000, when looking up transform from frame [leo2/map] to frame [leo2/base_link]
[controller_server-7] 
[controller_server-7] [WARN] [1783984604.954987820] [leo2.controller_server]: Control loop missed its desired rate of 20.0000Hz
[controller_server-7] [INFO] [1783984605.822584165] [leo2.controller_server]: Passing new path to controller.
[controller_server-1] [INFO] [1783984605.832324469] [leo1.controller_server]: Passing new path to controller.
[controller_server-1] [WARN] [1783984605.954731804] [leo1.controller_server]: Control loop missed its desired rate of 20.0000Hz
[controller_server-7] [ERROR] [1783984605.955325736] [transformPoseInTargetFrame]: Extrapolation Error looking up target frame: Lookup would require extrapolation into the future.  Requested time 1018.072000 but the latest data is at time 1018.041000, when looking up transform from frame [leo2/map] to frame [leo2/base_link]
[controller_server-7] 
[controller_server-7] [WARN] [1783984605.956574127] [leo2.controller_server]: Control loop missed its desired rate of 20.0000Hz
[controller_server-7] [INFO] [1783984606.825245843] [leo2.controller_server]: Passing new path to controller.
[controller_server-1] [INFO] [1783984606.868025019] [leo1.controller_server]: Passing new path to controller.
[controller_server-7] [WARN] [1783984606.928040344] [leo2.controller_server]: Control loop missed its desired rate of 20.0000Hz
[controller_server-7] [INFO] [1783984607.856660323] [leo2.controller_server]: Passing new path to controller.
[controller_server-1] [INFO] [1783984607.868044683] [leo1.controller_server]: Passing new path to controller.
[bt_navigator-4] [INFO] [1783984608.457466883] [leo1.bt_navigator]: Received goal preemption request
[bt_navigator-4] [INFO] [1783984608.458386479] [leo1.bt_navigator]: Begin navigating from current location (8.17, 0.71) to (10.90, 5.11)
[controller_server-7] [INFO] [1783984608.906655532] [leo2.controller_server]: Passing new path to controller.
[controller_server-1] [INFO] [1783984608.918052157] [leo1.controller_server]: Passing new path to controller.
[controller_server-7] [ERROR] [1783984609.028800314] [transformPoseInTargetFrame]: Extrapolation Error looking up target frame: Lookup would require extrapolation into the future.  Requested time 1020.655000 but the latest data is at time 1020.621000, when looking up transform from frame [leo2/map] to frame [leo2/base_link]
[controller_server-7] 
[controller_server-7] [WARN] [1783984609.029636208] [leo2.controller_server]: Control loop missed its desired rate of 20.0000Hz
[controller_server-1] [WARN] [1783984609.041406961] [leo1.controller_server]: Control loop missed its desired rate of 20.0000Hz
[controller_server-7] [INFO] [1783984609.947240515] [leo2.controller_server]: Passing new path to controller.
[controller_server-1] [INFO] [1783984609.962820313] [leo1.controller_server]: Passing new path to controller.
[controller_server-7] [WARN] [1783984610.049871561] [leo2.controller_server]: Control loop missed its desired rate of 20.0000Hz
[controller_server-7] [INFO] [1783984610.979749178] [leo2.controller_server]: Passing new path to controller.
[controller_server-1] [INFO] [1783984610.991505036] [leo1.controller_server]: Passing new path to controller.
[controller_server-7] [WARN] [1783984611.032127078] [leo2.controller_server]: Control loop missed its desired rate of 20.0000Hz
[controller_server-7] [INFO] [1783984611.979735589] [leo2.controller_server]: Passing new path to controller.
[controller_server-1] [INFO] [1783984611.991516649] [leo1.controller_server]: Passing new path to controller.
[controller_server-1] [WARN] [1783984612.054715041] [leo1.controller_server]: Control loop missed its desired rate of 20.0000Hz
[controller_server-7] [WARN] [1783984612.073396662] [leo2.controller_server]: Control loop missed its desired rate of 20.0000Hz
[controller_server-7] [INFO] [1783984613.029720833] [leo2.controller_server]: Passing new path to controller.
[controller_server-1] [INFO] [1783984613.041518912] [leo1.controller_server]: Passing new path to controller.
[controller_server-1] [WARN] [1783984613.094033982] [leo1.controller_server]: Control loop missed its desired rate of 20.0000Hz
[controller_server-7] [WARN] [1783984613.122460933] [leo2.controller_server]: Control loop missed its desired rate of 20.0000Hz
[controller_server-7] [INFO] [1783984614.029696183] [leo2.controller_server]: Passing new path to controller.
[controller_server-1] [INFO] [1783984614.041735464] [leo1.controller_server]: Passing new path to controller.
[controller_server-1] [ERROR] [1783984614.097904075] [leo1.controller_server]: Failed to make progress
[controller_server-1] [WARN] [1783984614.098071017] [leo1.controller_server]: [follow_path] [ActionServer] Aborting handle.
[controller_server-1] [INFO] [1783984614.117883640] [leo1.local_costmap.local_costmap]: Received request to clear entirely the local_costmap
[controller_server-1] [INFO] [1783984614.119760880] [leo1.controller_server]: Received a goal, begin computing control effort.
[controller_server-1] [WARN] [1783984614.310951140] [leo1.controller_server]: Control loop missed its desired rate of 20.0000Hz
[controller_server-7] [ERROR] [1783984614.629794415] [leo2.controller_server]: Failed to make progress
[controller_server-7] [WARN] [1783984614.629915956] [leo2.controller_server]: [follow_path] [ActionServer] Aborting handle.
[controller_server-7] [INFO] [1783984614.641055733] [leo2.local_costmap.local_costmap]: Received request to clear entirely the local_costmap
[controller_server-7] [INFO] [1783984614.643571486] [leo2.controller_server]: Received a goal, begin computing control effort.
[controller_server-7] [WARN] [1783984614.776145970] [leo2.controller_server]: Control loop missed its desired rate of 20.0000Hz
[controller_server-1] [INFO] [1783984615.078225351] [leo1.controller_server]: Passing new path to controller.
[controller_server-7] [INFO] [1783984615.081674209] [leo2.controller_server]: Passing new path to controller.
[controller_server-1] [ERROR] [1783984615.200630042] [transformPoseInTargetFrame]: Extrapolation Error looking up target frame: Lookup would require extrapolation into the future.  Requested time 1025.649000 but the latest data is at time 1025.620000, when looking up transform from frame [leo1/map] to frame [leo1/base_link]
[controller_server-1] 
[controller_server-1] [WARN] [1783984615.202169775] [leo1.controller_server]: Control loop missed its desired rate of 20.0000Hz
[controller_server-7] [ERROR] [1783984615.203769720] [transformPoseInTargetFrame]: Extrapolation Error looking up target frame: Lookup would require extrapolation into the future.  Requested time 1025.652000 but the latest data is at time 1025.621000, when looking up transform from frame [leo2/map] to frame [leo2/base_link]
[controller_server-7] 
[controller_server-7] [WARN] [1783984615.204503929] [leo2.controller_server]: Control loop missed its desired rate of 20.0000Hz
[controller_server-1] [INFO] [1783984616.111083714] [leo1.controller_server]: Passing new path to controller.
[controller_server-7] [INFO] [1783984616.126241476] [leo2.controller_server]: Passing new path to controller.
[controller_server-1] [WARN] [1783984616.173700523] [leo1.controller_server]: Control loop missed its desired rate of 20.0000Hz
[controller_server-7] [WARN] [1783984616.188804946] [leo2.controller_server]: Control loop missed its desired rate of 20.0000Hz
[controller_server-7] [INFO] [1783984617.126247417] [leo2.controller_server]: Passing new path to controller.
[controller_server-1] [INFO] [1783984617.161017393] [leo1.controller_server]: Passing new path to controller.
[controller_server-1] [ERROR] [1783984617.282950992] [transformPoseInTargetFrame]: Extrapolation Error looking up target frame: Lookup would require extrapolation into the future.  Requested time 1027.435000 but the latest data is at time 1027.420000, when looking up transform from frame [leo1/map] to frame [leo1/base_link]
[controller_server-1] 
[controller_server-1] [WARN] [1783984617.283785770] [leo1.controller_server]: Control loop missed its desired rate of 20.0000Hz
[controller_server-7] [INFO] [1783984618.176242957] [leo2.controller_server]: Passing new path to controller.
[controller_server-1] [INFO] [1783984618.205040620] [leo1.controller_server]: Passing new path to controller.
[controller_server-7] [WARN] [1783984618.289436368] [leo2.controller_server]: Control loop missed its desired rate of 20.0000Hz
[controller_server-1] [INFO] [1783984619.183887935] [leo1.controller_server]: Passing new path to controller.
[controller_server-7] [INFO] [1783984619.211665561] [leo2.controller_server]: Passing new path to controller.
[controller_server-1] [WARN] [1783984619.307401828] [leo1.controller_server]: Control loop missed its desired rate of 20.0000Hz
[controller_server-7] [WARN] [1783984619.325500430] [leo2.controller_server]: Control loop missed its desired rate of 20.0000Hz
[controller_server-1] [INFO] [1783984620.231192189] [leo1.controller_server]: Passing new path to controller.
[controller_server-7] [INFO] [1783984620.239560500] [leo2.controller_server]: Passing new path to controller.
[controller_server-1] [WARN] [1783984620.334322162] [leo1.controller_server]: Control loop missed its desired rate of 20.0000Hz
[controller_server-7] [WARN] [1783984620.363219842] [leo2.controller_server]: Control loop missed its desired rate of 20.0000Hz
[controller_server-7] [INFO] [1783984621.234538235] [leo2.controller_server]: Passing new path to controller.
[controller_server-1] [INFO] [1783984621.257458994] [leo1.controller_server]: Passing new path to controller.
[controller_server-1] [WARN] [1783984621.330059333] [leo1.controller_server]: Control loop missed its desired rate of 20.0000Hz
[controller_server-7] [WARN] [1783984621.347529854] [leo2.controller_server]: Control loop missed its desired rate of 20.0000Hz
[controller_server-1] [INFO] [1783984622.307493657] [leo1.controller_server]: Passing new path to controller.
[controller_server-7] [INFO] [1783984622.313297030] [leo2.controller_server]: Passing new path to controller.
[controller_server-1] [ERROR] [1783984622.439586381] [transformPoseInTargetFrame]: Extrapolation Error looking up target frame: Lookup would require extrapolation into the future.  Requested time 1031.622000 but the latest data is at time 1031.620000, when looking up transform from frame [leo1/map] to frame [leo1/base_link]
[controller_server-1] 
[controller_server-1] [WARN] [1783984622.440578301] [leo1.controller_server]: Control loop missed its desired rate of 20.0000Hz
[controller_server-7] [ERROR] [1783984622.445798115] [transformPoseInTargetFrame]: Extrapolation Error looking up target frame: Lookup would require extrapolation into the future.  Requested time 1031.627000 but the latest data is at time 1031.621000, when looking up transform from frame [leo2/map] to frame [leo2/base_link]
[controller_server-7] 
[controller_server-7] [WARN] [1783984622.446506462] [leo2.controller_server]: Control loop missed its desired rate of 20.0000Hz
[controller_server-1] [INFO] [1783984623.309876831] [leo1.controller_server]: Passing new path to controller.
[controller_server-7] [INFO] [1783984623.315158409] [leo2.controller_server]: Passing new path to controller.
[controller_server-1] [WARN] [1783984623.422623360] [leo1.controller_server]: Control loop missed its desired rate of 20.0000Hz
[controller_server-7] [ERROR] [1783984623.437602005] [transformPoseInTargetFrame]: Extrapolation Error looking up target frame: Lookup would require extrapolation into the future.  Requested time 1032.474000 but the latest data is at time 1032.441000, when looking up transform from frame [leo2/map] to frame [leo2/base_link]
[controller_server-7] 
[controller_server-7] [WARN] [1783984623.439017011] [leo2.controller_server]: Control loop missed its desired rate of 20.0000Hz
[controller_server-1] [INFO] [1783984624.340657642] [leo1.controller_server]: Passing new path to controller.
[controller_server-7] [INFO] [1783984624.346583989] [leo2.controller_server]: Passing new path to controller.
[controller_server-1] [INFO] [1783984625.390666129] [leo1.controller_server]: Passing new path to controller.
[controller_server-7] [INFO] [1783984625.396950429] [leo2.controller_server]: Passing new path to controller.
[controller_server-1] [ERROR] [1783984625.512622885] [transformPoseInTargetFrame]: Extrapolation Error looking up target frame: Lookup would require extrapolation into the future.  Requested time 1034.241000 but the latest data is at time 1034.220000, when looking up transform from frame [leo1/map] to frame [leo1/base_link]
[controller_server-1] 
[controller_server-1] [WARN] [1783984625.513565009] [leo1.controller_server]: Control loop missed its desired rate of 20.0000Hz
[controller_server-7] [ERROR] [1783984625.518972934] [transformPoseInTargetFrame]: Extrapolation Error looking up target frame: Lookup would require extrapolation into the future.  Requested time 1034.246000 but the latest data is at time 1034.241000, when looking up transform from frame [leo2/map] to frame [leo2/base_link]
[controller_server-7] 
[controller_server-7] [WARN] [1783984625.520271376] [leo2.controller_server]: Control loop missed its desired rate of 20.0000Hz
[controller_server-1] [INFO] [1783984626.437782025] [leo1.controller_server]: Passing new path to controller.
[controller_server-7] [INFO] [1783984626.440789802] [leo2.controller_server]: Passing new path to controller.
[controller_server-1] [WARN] [1783984626.550791202] [leo1.controller_server]: Control loop missed its desired rate of 20.0000Hz
[controller_server-7] [WARN] [1783984626.574602014] [leo2.controller_server]: Control loop missed its desired rate of 20.0000Hz
[controller_server-7] [INFO] [1783984627.444400834] [leo2.controller_server]: Passing new path to controller.
[controller_server-1] [INFO] [1783984627.463652580] [leo1.controller_server]: Passing new path to controller.
[controller_server-1] [WARN] [1783984627.536446381] [leo1.controller_server]: Control loop missed its desired rate of 20.0000Hz
[controller_server-7] [WARN] [1783984627.557679858] [leo2.controller_server]: Control loop missed its desired rate of 20.0000Hz
[controller_server-1] [INFO] [1783984628.463651196] [leo1.controller_server]: Passing new path to controller.
[controller_server-7] [INFO] [1783984628.474717460] [leo2.controller_server]: Passing new path to controller.
[controller_server-1] [WARN] [1783984628.577809051] [leo1.controller_server]: Control loop missed its desired rate of 20.0000Hz
[controller_server-7] [WARN] [1783984628.598859346] [leo2.controller_server]: Control loop missed its desired rate of 20.0000Hz
[controller_server-1] [INFO] [1783984629.501942043] [leo1.controller_server]: Passing new path to controller.
[controller_server-7] [INFO] [1783984629.517781820] [leo2.controller_server]: Passing new path to controller.
[controller_server-1] [INFO] [1783984630.527901250] [leo1.controller_server]: Passing new path to controller.
[controller_server-7] [INFO] [1783984630.548923844] [leo2.controller_server]: Passing new path to controller.
[controller_server-1] [INFO] [1783984632.171286297] [leo1.controller_server]: Passing new path to controller.
[controller_server-7] [INFO] [1783984632.192331068] [leo2.controller_server]: Passing new path to controller.
[controller_server-1] [WARN] [1783984632.254848994] [leo1.controller_server]: Control loop missed its desired rate of 20.0000Hz
[controller_server-7] [WARN] [1783984632.265245666] [leo2.controller_server]: Control loop missed its desired rate of 20.0000Hz
[controller_server-7] [INFO] [1783984633.192327648] [leo2.controller_server]: Passing new path to controller.
[controller_server-1] [INFO] [1783984633.221318730] [leo1.controller_server]: Passing new path to controller.
[controller_server-1] [ERROR] [1783984633.921323669] [leo1.controller_server]: Failed to make progress
[controller_server-1] [WARN] [1783984633.921475454] [leo1.controller_server]: [follow_path] [ActionServer] Aborting handle.
[controller_server-1] [INFO] [1783984633.947930137] [leo1.local_costmap.local_costmap]: Received request to clear entirely the local_costmap
[planner_server-2] [INFO] [1783984633.948494992] [leo1.global_costmap.global_costmap]: Received request to clear entirely the global_costmap
[planner_server-2] [ERROR] [1783984634.082670126] [leo1.planner_server]: Failed to create a plan from potential when a legal potential was found. This shouldn't happen.
[planner_server-2] [WARN] [1783984634.082793249] [leo1.planner_server]: GridBased: failed to create plan with tolerance 0.50.
[planner_server-2] [WARN] [1783984634.082806595] [leo1.planner_server]: Planning algorithm GridBased failed to generate a valid path to (10.90, 5.11)
[planner_server-2] [WARN] [1783984634.082815557] [leo1.planner_server]: [compute_path_to_pose] [ActionServer] Aborting handle.
[planner_server-2] [INFO] [1783984634.101012288] [leo1.global_costmap.global_costmap]: Received request to clear entirely the global_costmap
[controller_server-7] [INFO] [1783984634.242360725] [leo2.controller_server]: Passing new path to controller.
[planner_server-2] [ERROR] [1783984634.285656732] [leo1.planner_server]: Failed to create a plan from potential when a legal potential was found. This shouldn't happen.
[planner_server-2] [WARN] [1783984634.285747329] [leo1.planner_server]: GridBased: failed to create plan with tolerance 0.50.
[planner_server-2] [WARN] [1783984634.285757335] [leo1.planner_server]: Planning algorithm GridBased failed to generate a valid path to (10.90, 5.11)
[planner_server-2] [WARN] [1783984634.285768004] [leo1.planner_server]: [compute_path_to_pose] [ActionServer] Aborting handle.
[behavior_server-3] [INFO] [1783984634.302187698] [leo1.behavior_server]: Running spin
[behavior_server-3] [INFO] [1783984634.302304347] [leo1.behavior_server]: Turning 1.57 for spin behavior.
[controller_server-7] [ERROR] [1783984634.442405848] [leo2.controller_server]: Failed to make progress
[controller_server-7] [WARN] [1783984634.442576287] [leo2.controller_server]: [follow_path] [ActionServer] Aborting handle.
[behavior_server-9] [INFO] [1783984634.454848367] [leo2.behavior_server]: Running spin
[behavior_server-9] [INFO] [1783984634.454970852] [leo2.behavior_server]: Turning 1.57 for spin behavior.
[behavior_server-3] [INFO] [1783984637.702484578] [leo1.behavior_server]: spin completed successfully
[planner_server-2] [ERROR] [1783984637.734182419] [leo1.planner_server]: Failed to create a plan from potential when a legal potential was found. This shouldn't happen.
[planner_server-2] [WARN] [1783984637.734262288] [leo1.planner_server]: GridBased: failed to create plan with tolerance 0.50.
[planner_server-2] [WARN] [1783984637.734273299] [leo1.planner_server]: Planning algorithm GridBased failed to generate a valid path to (10.90, 5.11)
[planner_server-2] [WARN] [1783984637.734309405] [leo1.planner_server]: [compute_path_to_pose] [ActionServer] Aborting handle.
[planner_server-2] [INFO] [1783984637.750950945] [leo1.global_costmap.global_costmap]: Received request to clear entirely the global_costmap
[planner_server-2] [ERROR] [1783984637.884862888] [leo1.planner_server]: Failed to create a plan from potential when a legal potential was found. This shouldn't happen.
[planner_server-2] [WARN] [1783984637.884994371] [leo1.planner_server]: GridBased: failed to create plan with tolerance 0.50.
[planner_server-2] [WARN] [1783984637.885018168] [leo1.planner_server]: Planning algorithm GridBased failed to generate a valid path to (10.90, 5.11)
[planner_server-2] [WARN] [1783984637.885036748] [leo1.planner_server]: [compute_path_to_pose] [ActionServer] Aborting handle.
[behavior_server-3] [INFO] [1783984637.902946319] [leo1.behavior_server]: Running wait
[behavior_server-9] [INFO] [1783984638.655125728] [leo2.behavior_server]: spin completed successfully
[controller_server-7] [INFO] [1783984638.706530382] [leo2.controller_server]: Received a goal, begin computing control effort.
[controller_server-7] [ERROR] [1783984638.817724572] [transformPoseInTargetFrame]: Extrapolation Error looking up target frame: Lookup would require extrapolation into the future.  Requested time 1043.289000 but the latest data is at time 1043.241000, when looking up transform from frame [leo2/map] to frame [leo2/base_link]
[controller_server-7] 
[controller_server-7] [WARN] [1783984638.818586651] [leo2.controller_server]: Control loop missed its desired rate of 20.0000Hz
[controller_server-7] [INFO] [1783984639.741078159] [leo2.controller_server]: Passing new path to controller.
[controller_server-7] [ERROR] [1783984639.913332962] [transformPoseInTargetFrame]: Extrapolation Error looking up target frame: Lookup would require extrapolation into the future.  Requested time 1044.291000 but the latest data is at time 1044.241000, when looking up transform from frame [leo2/map] to frame [leo2/base_link]
[controller_server-7] 
[controller_server-7] [WARN] [1783984639.914803568] [leo2.controller_server]: Control loop missed its desired rate of 20.0000Hz
[controller_server-7] [INFO] [1783984640.768766443] [leo2.controller_server]: Passing new path to controller.
[controller_server-7] [ERROR] [1783984640.980588157] [transformPoseInTargetFrame]: Extrapolation Error looking up target frame: Lookup would require extrapolation into the future.  Requested time 1045.284000 but the latest data is at time 1045.241000, when looking up transform from frame [leo2/map] to frame [leo2/base_link]
[controller_server-7] 
[controller_server-7] [WARN] [1783984640.981591187] [leo2.controller_server]: Control loop missed its desired rate of 20.0000Hz
[controller_server-7] [INFO] [1783984641.800074132] [leo2.controller_server]: Passing new path to controller.
[controller_server-7] [WARN] [1783984641.882326292] [leo2.controller_server]: Control loop missed its desired rate of 20.0000Hz
[controller_server-7] [ERROR] [1783984642.102861187] [transformPoseInTargetFrame]: Extrapolation Error looking up target frame: Lookup would require extrapolation into the future.  Requested time 1046.274000 but the latest data is at time 1046.241000, when looking up transform from frame [leo2/map] to frame [leo2/base_link]
[controller_server-7] 
[controller_server-7] [WARN] [1783984642.103654522] [leo2.controller_server]: Control loop missed its desired rate of 20.0000Hz
[controller_server-7] [INFO] [1783984642.868750415] [leo2.controller_server]: Passing new path to controller.
[controller_server-7] [ERROR] [1783984643.051380982] [transformPoseInTargetFrame]: Extrapolation Error looking up target frame: Lookup would require extrapolation into the future.  Requested time 1047.073000 but the latest data is at time 1047.041000, when looking up transform from frame [leo2/map] to frame [leo2/base_link]
[controller_server-7] 
[controller_server-7] [WARN] [1783984643.052704407] [leo2.controller_server]: Control loop missed its desired rate of 20.0000Hz
[controller_server-7] [WARN] [1783984643.055569363] [leo2.controller_server]: Control loop missed its desired rate of 20.0000Hz
[behavior_server-3] [INFO] [1783984643.603281981] [leo1.behavior_server]: wait completed successfully
[planner_server-2] [ERROR] [1783984643.633777501] [leo1.planner_server]: Failed to create a plan from potential when a legal potential was found. This shouldn't happen.
[planner_server-2] [WARN] [1783984643.633856094] [leo1.planner_server]: GridBased: failed to create plan with tolerance 0.50.
[planner_server-2] [WARN] [1783984643.633868290] [leo1.planner_server]: Planning algorithm GridBased failed to generate a valid path to (10.90, 5.11)
[planner_server-2] [WARN] [1783984643.633879164] [leo1.planner_server]: [compute_path_to_pose] [ActionServer] Aborting handle.
[planner_server-2] [INFO] [1783984643.650896543] [leo1.global_costmap.global_costmap]: Received request to clear entirely the global_costmap
[planner_server-2] [ERROR] [1783984643.683832528] [leo1.planner_server]: Failed to create a plan from potential when a legal potential was found. This shouldn't happen.
[planner_server-2] [WARN] [1783984643.683919983] [leo1.planner_server]: GridBased: failed to create plan with tolerance 0.50.
[planner_server-2] [WARN] [1783984643.683933415] [leo1.planner_server]: Planning algorithm GridBased failed to generate a valid path to (10.90, 5.11)
[planner_server-2] [WARN] [1783984643.683942751] [leo1.planner_server]: [compute_path_to_pose] [ActionServer] Aborting handle.
[behavior_server-3] [INFO] [1783984643.702470708] [leo1.behavior_server]: Running backup
[controller_server-7] [INFO] [1783984643.903740068] [leo2.controller_server]: Passing new path to controller.
[controller_server-7] [WARN] [1783984644.015949248] [leo2.controller_server]: Control loop missed its desired rate of 20.0000Hz
[controller_server-7] [ERROR] [1783984644.200079312] [transformPoseInTargetFrame]: Extrapolation Error looking up target frame: Lookup would require extrapolation into the future.  Requested time 1048.072000 but the latest data is at time 1048.041000, when looking up transform from frame [leo2/map] to frame [leo2/base_link]
[controller_server-7] 
[controller_server-7] [WARN] [1783984644.200992169] [leo2.controller_server]: Control loop missed its desired rate of 20.0000Hz
[controller_server-7] [INFO] [1783984644.916032886] [leo2.controller_server]: Passing new path to controller.
[controller_server-7] [ERROR] [1783984645.028437510] [transformPoseInTargetFrame]: Extrapolation Error looking up target frame: Lookup would require extrapolation into the future.  Requested time 1048.851000 but the latest data is at time 1048.841000, when looking up transform from frame [leo2/map] to frame [leo2/base_link]
[controller_server-7] 
[controller_server-7] [WARN] [1783984645.029171723] [leo2.controller_server]: Control loop missed its desired rate of 20.0000Hz
[controller_server-7] [INFO] [1783984645.949478931] [leo2.controller_server]: Passing new path to controller.
[controller_server-7] [ERROR] [1783984646.150831671] [transformPoseInTargetFrame]: Extrapolation Error looking up target frame: Lookup would require extrapolation into the future.  Requested time 1049.866000 but the latest data is at time 1049.841000, when looking up transform from frame [leo2/map] to frame [leo2/base_link]
[controller_server-7] 
[controller_server-7] [WARN] [1783984646.152575181] [leo2.controller_server]: Control loop missed its desired rate of 20.0000Hz
[controller_server-7] [INFO] [1783984646.980250561] [leo2.controller_server]: Passing new path to controller.
[controller_server-7] [WARN] [1783984647.082769796] [leo2.controller_server]: Control loop missed its desired rate of 20.0000Hz
[controller_server-7] [INFO] [1783984648.002646688] [leo2.controller_server]: Passing new path to controller.
[controller_server-7] [ERROR] [1783984648.115476464] [transformPoseInTargetFrame]: Extrapolation Error looking up target frame: Lookup would require extrapolation into the future.  Requested time 1051.674000 but the latest data is at time 1051.641000, when looking up transform from frame [leo2/map] to frame [leo2/base_link]
[controller_server-7] 
[controller_server-7] [WARN] [1783984648.116206231] [leo2.controller_server]: Control loop missed its desired rate of 20.0000Hz
[controller_server-7] [INFO] [1783984649.039612544] [leo2.controller_server]: Passing new path to controller.
[controller_server-7] [INFO] [1783984650.066299356] [leo2.controller_server]: Passing new path to controller.
[controller_server-7] [INFO] [1783984651.116287695] [leo2.controller_server]: Passing new path to controller.
[controller_server-7] [WARN] [1783984651.179077843] [leo2.controller_server]: Control loop missed its desired rate of 20.0000Hz
[behavior_server-3] [INFO] [1783984652.102767918] [leo1.behavior_server]: backup completed successfully
[controller_server-7] [INFO] [1783984652.116344122] [leo2.controller_server]: Passing new path to controller.
[controller_server-1] [INFO] [1783984652.152275718] [leo1.controller_server]: Received a goal, begin computing control effort.
[controller_server-1] [ERROR] [1783984652.284162869] [transformPoseInTargetFrame]: Extrapolation Error looking up target frame: Lookup would require extrapolation into the future.  Requested time 1055.244000 but the latest data is at time 1055.220000, when looking up transform from frame [leo1/map] to frame [leo1/base_link]
[controller_server-1] 
[controller_server-1] [WARN] [1783984652.285743689] [leo1.controller_server]: Control loop missed its desired rate of 20.0000Hz
[planner_server-2] [ERROR] [1783984653.164790935] [leo1.planner_server]: Failed to create a plan from potential when a legal potential was found. This shouldn't happen.
[planner_server-2] [WARN] [1783984653.164897611] [leo1.planner_server]: GridBased: failed to create plan with tolerance 0.50.
[planner_server-2] [WARN] [1783984653.164913411] [leo1.planner_server]: Planning algorithm GridBased failed to generate a valid path to (10.90, 5.11)
[planner_server-2] [WARN] [1783984653.164926428] [leo1.planner_server]: [compute_path_to_pose] [ActionServer] Aborting handle.
[controller_server-7] [INFO] [1783984653.166288232] [leo2.controller_server]: Passing new path to controller.
[planner_server-2] [INFO] [1783984653.181012677] [leo1.global_costmap.global_costmap]: Received request to clear entirely the global_costmap
[planner_server-2] [ERROR] [1783984653.285706272] [leo1.planner_server]: Failed to create a plan from potential when a legal potential was found. This shouldn't happen.
[planner_server-2] [WARN] [1783984653.285841223] [leo1.planner_server]: GridBased: failed to create plan with tolerance 0.50.
[planner_server-2] [WARN] [1783984653.285900388] [leo1.planner_server]: Planning algorithm GridBased failed to generate a valid path to (10.90, 5.11)
[planner_server-2] [WARN] [1783984653.285911527] [leo1.planner_server]: [compute_path_to_pose] [ActionServer] Aborting handle.
[controller_server-7] [ERROR] [1783984653.289061945] [transformPoseInTargetFrame]: Extrapolation Error looking up target frame: Lookup would require extrapolation into the future.  Requested time 1056.072000 but the latest data is at time 1056.041000, when looking up transform from frame [leo2/map] to frame [leo2/base_link]
[controller_server-7] 
[controller_server-7] [WARN] [1783984653.290290337] [leo2.controller_server]: Control loop missed its desired rate of 20.0000Hz
[controller_server-1] [INFO] [1783984653.321873975] [leo1.controller_server]: Goal was canceled. Stopping the robot.
[controller_server-1] [INFO] [1783984653.321942065] [leo1.controller_server]: [follow_path] [ActionServer] Client requested to cancel the goal. Cancelling.
[controller_server-1] [INFO] [1783984653.322430081] [leo1.local_costmap.local_costmap]: Received request to clear entirely the local_costmap
[planner_server-2] [INFO] [1783984653.322989807] [leo1.global_costmap.global_costmap]: Received request to clear entirely the global_costmap
[bt_navigator-4] [WARN] [1783984653.326957220] [BehaviorTreeEngine]: Behavior Tree tick rate 100.00 was exceeded!
[planner_server-2] [ERROR] [1783984653.487285132] [leo1.planner_server]: Failed to create a plan from potential when a legal potential was found. This shouldn't happen.
[planner_server-2] [WARN] [1783984653.487372841] [leo1.planner_server]: GridBased: failed to create plan with tolerance 0.50.
[planner_server-2] [WARN] [1783984653.487396035] [leo1.planner_server]: Planning algorithm GridBased failed to generate a valid path to (10.90, 5.11)
[planner_server-2] [WARN] [1783984653.487414247] [leo1.planner_server]: [compute_path_to_pose] [ActionServer] Aborting handle.
[planner_server-2] [INFO] [1783984653.506965533] [leo1.global_costmap.global_costmap]: Received request to clear entirely the global_costmap
[planner_server-2] [ERROR] [1783984653.680328078] [leo1.planner_server]: Failed to create a plan from potential when a legal potential was found. This shouldn't happen.
[planner_server-2] [WARN] [1783984653.680412328] [leo1.planner_server]: GridBased: failed to create plan with tolerance 0.50.
[planner_server-2] [WARN] [1783984653.680422905] [leo1.planner_server]: Planning algorithm GridBased failed to generate a valid path to (10.90, 5.11)
[planner_server-2] [WARN] [1783984653.680432933] [leo1.planner_server]: [compute_path_to_pose] [ActionServer] Aborting handle.
[behavior_server-3] [INFO] [1783984653.697522584] [leo1.behavior_server]: Running spin
[behavior_server-3] [INFO] [1783984653.697680261] [leo1.behavior_server]: Turning 1.57 for spin behavior.
[controller_server-7] [INFO] [1783984654.161784174] [leo2.controller_server]: Passing new path to controller.
[controller_server-7] [WARN] [1783984654.307770281] [leo2.controller_server]: Control loop missed its desired rate of 20.0000Hz
[controller_server-7] [INFO] [1783984655.187092774] [leo2.controller_server]: Passing new path to controller.
[controller_server-7] [WARN] [1783984655.299833144] [leo2.controller_server]: Control loop missed its desired rate of 20.0000Hz
[behavior_server-3] [INFO] [1783984655.797950607] [leo1.behavior_server]: spin completed successfully
[planner_server-2] [ERROR] [1783984655.830017235] [leo1.planner_server]: Failed to create a plan from potential when a legal potential was found. This shouldn't happen.
[planner_server-2] [WARN] [1783984655.830101695] [leo1.planner_server]: GridBased: failed to create plan with tolerance 0.50.
[planner_server-2] [WARN] [1783984655.830111890] [leo1.planner_server]: Planning algorithm GridBased failed to generate a valid path to (10.90, 5.11)
[planner_server-2] [WARN] [1783984655.830120858] [leo1.planner_server]: [compute_path_to_pose] [ActionServer] Aborting handle.
[planner_server-2] [INFO] [1783984655.846931511] [leo1.global_costmap.global_costmap]: Received request to clear entirely the global_costmap
[planner_server-2] [ERROR] [1783984655.879850183] [leo1.planner_server]: Failed to create a plan from potential when a legal potential was found. This shouldn't happen.
[planner_server-2] [WARN] [1783984655.879926095] [leo1.planner_server]: GridBased: failed to create plan with tolerance 0.50.
[planner_server-2] [WARN] [1783984655.879936345] [leo1.planner_server]: Planning algorithm GridBased failed to generate a valid path to (10.90, 5.11)
[planner_server-2] [WARN] [1783984655.879944684] [leo1.planner_server]: [compute_path_to_pose] [ActionServer] Aborting handle.
[bt_navigator-4] [WARN] [1783984655.909611756] [leo1.bt_navigator]: [navigate_to_pose] [ActionServer] Aborting handle.
[bt_navigator-4] [ERROR] [1783984655.910490695] [leo1.bt_navigator]: Goal failed
[controller_server-7] [INFO] [1783984656.257857990] [leo2.controller_server]: Passing new path to controller.
[controller_server-7] [ERROR] [1783984656.370438462] [transformPoseInTargetFrame]: Extrapolation Error looking up target frame: Lookup would require extrapolation into the future.  Requested time 1058.674000 but the latest data is at time 1058.641000, when looking up transform from frame [leo2/map] to frame [leo2/base_link]
[controller_server-7] 
[controller_server-7] [WARN] [1783984656.371534024] [leo2.controller_server]: Control loop missed its desired rate of 20.0000Hz
[controller_server-7] [INFO] [1783984657.293946744] [leo2.controller_server]: Passing new path to controller.
[bt_navigator-4] [INFO] [1783984658.062882938] [leo1.bt_navigator]: Begin navigating from current location (8.41, 0.84) to (6.55, 3.91)
[controller_server-1] [INFO] [1783984658.084746302] [leo1.controller_server]: Received a goal, begin computing control effort.
[controller_server-1] [WARN] [1783984658.165864188] [leo1.controller_server]: Control loop missed its desired rate of 20.0000Hz
[controller_server-7] [INFO] [1783984658.321606134] [leo2.controller_server]: Passing new path to controller.
[controller_server-1] [ERROR] [1783984658.376504607] [transformPoseInTargetFrame]: Extrapolation Error looking up target frame: Lookup would require extrapolation into the future.  Requested time 1060.449000 but the latest data is at time 1060.420000, when looking up transform from frame [leo1/map] to frame [leo1/base_link]
[controller_server-1] 
[controller_server-1] [WARN] [1783984658.377663491] [leo1.controller_server]: Control loop missed its desired rate of 20.0000Hz
[controller_server-7] [WARN] [1783984658.435370902] [leo2.controller_server]: Control loop missed its desired rate of 20.0000Hz
[controller_server-1] [INFO] [1783984659.143500266] [leo1.controller_server]: Passing new path to controller.
[controller_server-1] [ERROR] [1783984659.266013572] [transformPoseInTargetFrame]: Extrapolation Error looking up target frame: Lookup would require extrapolation into the future.  Requested time 1061.246000 but the latest data is at time 1061.220000, when looking up transform from frame [leo1/map] to frame [leo1/base_link]
[controller_server-1] 
[controller_server-1] [WARN] [1783984659.268143020] [leo1.controller_server]: Control loop missed its desired rate of 20.0000Hz
[controller_server-7] [INFO] [1783984659.357296706] [leo2.controller_server]: Passing new path to controller.
[controller_server-1] [INFO] [1783984660.177766111] [leo1.controller_server]: Passing new path to controller.
[controller_server-1] [WARN] [1783984660.253780417] [leo1.controller_server]: Control loop missed its desired rate of 20.0000Hz
[controller_server-7] [INFO] [1783984660.385505775] [leo2.controller_server]: Passing new path to controller.
[controller_server-1] [ERROR] [1783984660.509799256] [transformPoseInTargetFrame]: Extrapolation Error looking up target frame: Lookup would require extrapolation into the future.  Requested time 1062.238000 but the latest data is at time 1062.220000, when looking up transform from frame [leo1/map] to frame [leo1/base_link]
[controller_server-1] 
[controller_server-1] [WARN] [1783984660.510824070] [leo1.controller_server]: Control loop missed its desired rate of 20.0000Hz
[controller_server-7] [ERROR] [1783984660.518590504] [transformPoseInTargetFrame]: Extrapolation Error looking up target frame: Lookup would require extrapolation into the future.  Requested time 1062.245000 but the latest data is at time 1062.241000, when looking up transform from frame [leo2/map] to frame [leo2/base_link]
[controller_server-7] 
[controller_server-7] [WARN] [1783984660.519437219] [leo2.controller_server]: Control loop missed its desired rate of 20.0000Hz
[controller_server-1] [INFO] [1783984661.225181475] [leo1.controller_server]: Passing new path to controller.
[controller_server-7] [INFO] [1783984661.390644354] [leo2.controller_server]: Passing new path to controller.
[controller_server-1] [ERROR] [1783984661.492698405] [transformPoseInTargetFrame]: Extrapolation Error looking up target frame: Lookup would require extrapolation into the future.  Requested time 1063.030000 but the latest data is at time 1063.020000, when looking up transform from frame [leo1/map] to frame [leo1/base_link]
[controller_server-1] 
[controller_server-1] [WARN] [1783984661.493418701] [leo1.controller_server]: Control loop missed its desired rate of 20.0000Hz
[controller_server-7] [ERROR] [1783984661.513189893] [transformPoseInTargetFrame]: Extrapolation Error looking up target frame: Lookup would require extrapolation into the future.  Requested time 1063.055000 but the latest data is at time 1063.041000, when looking up transform from frame [leo2/map] to frame [leo2/base_link]
[controller_server-7] 
[controller_server-7] [WARN] [1783984661.514696186] [leo2.controller_server]: Control loop missed its desired rate of 20.0000Hz
[controller_server-1] [INFO] [1783984663.738466987] [leo1.controller_server]: Passing new path to controller.
[controller_server-7] [WARN] [1783984663.746201259] [leo2.controller_server]: [follow_path] [ActionServer] Aborting handle.
[controller_server-7] [INFO] [1783984663.749397729] [leo2.controller_server]: Passing new path to controller.
[controller_server-1] [WARN] [1783984663.851115900] [leo1.controller_server]: Control loop missed its desired rate of 20.0000Hz
[controller_server-1] [INFO] [1783984663.851192857] [leo1.controller_server]: Passing new path to controller.
[controller_server-7] [WARN] [1783984663.872830173] [leo2.controller_server]: Control loop missed its desired rate of 20.0000Hz
[controller_server-1] [ERROR] [1783984664.045045189] [transformPoseInTargetFrame]: Extrapolation Error looking up target frame: Lookup would require extrapolation into the future.  Requested time 1063.853000 but the latest data is at time 1063.820000, when looking up transform from frame [leo1/map] to frame [leo1/base_link]
[controller_server-1] 
[controller_server-1] [WARN] [1783984664.046320145] [leo1.controller_server]: Control loop missed its desired rate of 20.0000Hz
[controller_server-7] [INFO] [1783984664.792304734] [leo2.controller_server]: Passing new path to controller.
[controller_server-1] [INFO] [1783984664.812442192] [leo1.controller_server]: Passing new path to controller.
[controller_server-1] [ERROR] [1783984664.924599979] [transformPoseInTargetFrame]: Extrapolation Error looking up target frame: Lookup would require extrapolation into the future.  Requested time 1064.639000 but the latest data is at time 1064.620000, when looking up transform from frame [leo1/map] to frame [leo1/base_link]
[controller_server-1] 
[controller_server-1] [WARN] [1783984664.925209090] [leo1.controller_server]: Control loop missed its desired rate of 20.0000Hz
[controller_server-7] [INFO] [1783984665.822898932] [leo2.controller_server]: Passing new path to controller.
[controller_server-1] [INFO] [1783984665.850368642] [leo1.controller_server]: Passing new path to controller.
[controller_server-7] [WARN] [1783984665.876279936] [leo2.controller_server]: Control loop missed its desired rate of 20.0000Hz
[controller_server-1] [ERROR] [1783984666.007440736] [transformPoseInTargetFrame]: Extrapolation Error looking up target frame: Lookup would require extrapolation into the future.  Requested time 1065.623000 but the latest data is at time 1065.620000, when looking up transform from frame [leo1/map] to frame [leo1/base_link]
[controller_server-1] 
[controller_server-1] [WARN] [1783984666.008245363] [leo1.controller_server]: Control loop missed its desired rate of 20.0000Hz
[controller_server-7] [INFO] [1783984666.873629332] [leo2.controller_server]: Passing new path to controller.
[controller_server-1] [INFO] [1783984666.873857249] [leo1.controller_server]: Passing new path to controller.
[controller_server-1] [WARN] [1783984666.967473879] [leo1.controller_server]: Control loop missed its desired rate of 20.0000Hz
[controller_server-7] [WARN] [1783984666.987044249] [leo2.controller_server]: Control loop missed its desired rate of 20.0000Hz
[controller_server-7] [INFO] [1783984667.907425295] [leo2.controller_server]: Passing new path to controller.
[controller_server-1] [INFO] [1783984667.908322986] [leo1.controller_server]: Passing new path to controller.
[controller_server-1] [ERROR] [1783984668.030837920] [transformPoseInTargetFrame]: Extrapolation Error looking up target frame: Lookup would require extrapolation into the future.  Requested time 1067.431000 but the latest data is at time 1067.420000, when looking up transform from frame [leo1/map] to frame [leo1/base_link]
[controller_server-1] 
[controller_server-1] [WARN] [1783984668.031452458] [leo1.controller_server]: Control loop missed its desired rate of 20.0000Hz
[controller_server-1] [INFO] [1783984668.897566468] [leo1.controller_server]: Passing new path to controller.
[controller_server-7] [INFO] [1783984668.937146490] [leo2.controller_server]: Passing new path to controller.
[controller_server-1] [WARN] [1783984669.000660191] [leo1.controller_server]: Control loop missed its desired rate of 20.0000Hz
[controller_server-7] [WARN] [1783984669.019847831] [leo2.controller_server]: Control loop missed its desired rate of 20.0000Hz
[planner_server-2] [ERROR] [1783984669.906318081] [leo1.planner_server]: Failed to create a plan from potential when a legal potential was found. This shouldn't happen.
[planner_server-2] [WARN] [1783984669.906493218] [leo1.planner_server]: GridBased: failed to create plan with tolerance 0.50.
[planner_server-2] [WARN] [1783984669.906516681] [leo1.planner_server]: Planning algorithm GridBased failed to generate a valid path to (6.55, 3.91)
[planner_server-2] [WARN] [1783984669.906529022] [leo1.planner_server]: [compute_path_to_pose] [ActionServer] Aborting handle.
[planner_server-2] [INFO] [1783984669.923078845] [leo1.global_costmap.global_costmap]: Received request to clear entirely the global_costmap
[controller_server-7] [INFO] [1783984669.937168719] [leo2.controller_server]: Passing new path to controller.
[planner_server-2] [ERROR] [1783984670.067234962] [leo1.planner_server]: Failed to create a plan from potential when a legal potential was found. This shouldn't happen.
[planner_server-2] [WARN] [1783984670.067314134] [leo1.planner_server]: GridBased: failed to create plan with tolerance 0.50.
[planner_server-2] [WARN] [1783984670.067326143] [leo1.planner_server]: Planning algorithm GridBased failed to generate a valid path to (6.55, 3.91)
[planner_server-2] [WARN] [1783984670.067335152] [leo1.planner_server]: [compute_path_to_pose] [ActionServer] Aborting handle.
[bt_navigator-4] [ERROR] [1783984670.104347084] [leo1.bt_navigator_navigate_to_pose_rclcpp_node]: Failed to get result for follow_path in node halt!
[behavior_server-3] [INFO] [1783984670.104771169] [leo1.behavior_server]: Running wait
[bt_navigator-4] [WARN] [1783984670.105299154] [BehaviorTreeEngine]: Behavior Tree tick rate 100.00 was exceeded!
[controller_server-1] [INFO] [1783984670.131564757] [leo1.controller_server]: Goal was canceled. Stopping the robot.
[controller_server-1] [INFO] [1783984670.131615099] [leo1.controller_server]: [follow_path] [ActionServer] Client requested to cancel the goal. Cancelling.
[controller_server-7] [INFO] [1783984670.987136829] [leo2.controller_server]: Passing new path to controller.
[controller_server-7] [ERROR] [1783984671.099658905] [transformPoseInTargetFrame]: Extrapolation Error looking up target frame: Lookup would require extrapolation into the future.  Requested time 1070.086000 but the latest data is at time 1070.041000, when looking up transform from frame [leo2/map] to frame [leo2/base_link]
[controller_server-7] 
[controller_server-7] [WARN] [1783984671.101054664] [leo2.controller_server]: Control loop missed its desired rate of 20.0000Hz
[controller_server-7] [INFO] [1783984672.020270627] [leo2.controller_server]: Passing new path to controller.
[controller_server-7] [INFO] [1783984673.051205746] [leo2.controller_server]: Passing new path to controller.
[controller_server-7] [INFO] [1783984674.051079086] [leo2.controller_server]: Passing new path to controller.
[controller_server-7] [INFO] [1783984675.101135693] [leo2.controller_server]: Passing new path to controller.
[behavior_server-3] [INFO] [1783984675.504930965] [leo1.behavior_server]: wait completed successfully
[planner_server-2] [ERROR] [1783984675.528699119] [leo1.planner_server]: Failed to create a plan from potential when a legal potential was found. This shouldn't happen.
[planner_server-2] [WARN] [1783984675.528783593] [leo1.planner_server]: GridBased: failed to create plan with tolerance 0.50.
[planner_server-2] [WARN] [1783984675.528793575] [leo1.planner_server]: Planning algorithm GridBased failed to generate a valid path to (6.55, 3.91)
[planner_server-2] [WARN] [1783984675.528800794] [leo1.planner_server]: [compute_path_to_pose] [ActionServer] Aborting handle.
[planner_server-2] [INFO] [1783984675.545530116] [leo1.global_costmap.global_costmap]: Received request to clear entirely the global_costmap
[planner_server-2] [ERROR] [1783984675.658868515] [leo1.planner_server]: Failed to create a plan from potential when a legal potential was found. This shouldn't happen.
[planner_server-2] [WARN] [1783984675.658944223] [leo1.planner_server]: GridBased: failed to create plan with tolerance 0.50.
[planner_server-2] [WARN] [1783984675.658954305] [leo1.planner_server]: Planning algorithm GridBased failed to generate a valid path to (6.55, 3.91)
[planner_server-2] [WARN] [1783984675.658962394] [leo1.planner_server]: [compute_path_to_pose] [ActionServer] Aborting handle.
[behavior_server-3] [INFO] [1783984675.675731681] [leo1.behavior_server]: Running backup
[controller_server-7] [INFO] [1783984676.151097649] [leo2.controller_server]: Passing new path to controller.
[controller_server-7] [INFO] [1783984677.151091468] [leo2.controller_server]: Passing new path to controller.
[controller_server-7] [INFO] [1783984678.201155096] [leo2.controller_server]: Passing new path to controller.
[controller_server-7] [WARN] [1783984678.295595603] [leo2.controller_server]: Control loop missed its desired rate of 20.0000Hz
[controller_server-7] [INFO] [1783984679.201136684] [leo2.controller_server]: Passing new path to controller.
[controller_server-7] [INFO] [1783984680.251179658] [leo2.controller_server]: Passing new path to controller.
[controller_server-7] [WARN] [1783984680.333766706] [leo2.controller_server]: Control loop missed its desired rate of 20.0000Hz
[controller_server-7] [INFO] [1783984681.301125690] [leo2.controller_server]: Passing new path to controller.
[controller_server-7] [WARN] [1783984681.373727371] [leo2.controller_server]: Control loop missed its desired rate of 20.0000Hz
[planner_server-8] [INFO] [1783984681.454652651] [leo2.global_costmap.global_costmap]: StaticLayer: Resizing costmap to 481 X 319 at 0.050000 m/pix
