t,gt_x,gt_y,gt_yaw,odom_x,odom_y,odom_yaw,slam_x,slam_y,slam_yaw
53.50,-0.0000,0.0000,0.0000,0.0000,0.0000,0.0372,0.0000,0.0000,0.0372
54.00,-0.0000,0.0000,0.0000,0.0000,0.0000,0.0382,0.0000,0.0000,0.0382
54.50,-0.0000,0.0000,0.0000,0.0000,0.0000,0.0389,0.0000,0.0000,0.0389
55.00,-0.0000,0.0000,0.0000,0.0000,0.0000,0.0395,0.0000,0.0000,0.0395
55.50,-0.0000,0.0000,0.0000,0.0000,0.0000,0.0399,0.0000,0.0000,0.0399
56.00,-0.0000,0.0000,0.0000,0.0000,0.0000,0.0402,0.0000,0.0000,0.0402
56.50,-0.0000,0.0000,0.0000,0.0000,0.0000,0.0414,0.0000,0.0000,0.0414
57.00,-0.0000,0.0000,0.0000,0.0000,0.0000,0.0423,0.0000,0.0000,0.0423
57.50,-0.0000,0.0000,0.0000,0.0000,0.0000,0.0424,0.0000,0.0000,0.0424
58.00,-0.0000,0.0000,0.0000,0.0000,0.0000,0.0431,0.0000,0.0000,0.0431
58.50,-0.0000,0.0000,0.0000,0.0000,0.0000,0.0444,0.0000,0.0000,0.0444
59.00,-0.0000,0.0000,0.0000,0.0000,0.0000,0.0446,0.0000,0.0000,0.0446
59.50,-0.0000,0.0000,0.0000,0.0000,0.0000,0.0452,0.0000,0.0000,0.0452
60.00,-0.0000,0.0000,0.0000,0.0000,0.0000,0.0461,0.0000,0.0000,0.0461
60.50,-0.0000,0.0000,0.0000,0.0000,0.0000,0.0465,0.0000,0.0000,0.0465
61.00,-0.0000,0.0000,0.0000,0.0000,0.0000,0.0472,0.0000,0.0000,0.0472
61.50,-0.0000,0.0000,0.0000,0.0000,0.0000,0.0476,0.0000,0.0000,0.0476
62.00,0.0423,-0.0000,-0.0000,0.0400,0.0019,0.0481,0.0400,0.0019,0.0481
62.50,0.1023,-0.0000,-0.0000,0.1008,0.0049,0.0486,0.0606,0.0013,0.0067
63.00,0.1623,-0.0000,-0.0000,0.1638,0.0079,0.0489,0.0837,0.0017,0.0070
63.50,0.2223,-0.0000,-0.0000,0.2263,0.0110,0.0492,0.1463,0.0022,0.0073
64.00,0.2823,-0.0000,-0.0000,0.2897,0.0141,0.0495,0.1197,0.0027,0.0077
64.50,0.3423,-0.0000,-0.0000,0.3522,0.0173,0.0506,0.1323,0.0032,0.0087
65.00,0.4023,-0.0000,-0.0000,0.4084,0.0201,0.0510,0.0986,0.0037,0.0091
65.50,0.4623,-0.0000,-0.0000,0.4743,0.0235,0.0517,0.1645,0.0043,0.0098
66.00,0.5223,-0.0000,-0.0000,0.5365,0.0268,0.0526,0.1469,0.0049,0.0107
66.50,0.5823,-0.0000,-0.0000,0.5957,0.0299,0.0527,0.1661,0.0056,0.0108
67.00,0.6423,-0.0000,-0.0000,0.6564,0.0331,0.0532,0.2069,0.0068,0.0078
67.50,0.7023,-0.0000,-0.0000,0.7181,0.0364,0.0533,0.2687,0.0072,0.0080
68.00,0.7623,-0.0000,-0.0000,0.7775,0.0396,0.0542,0.2882,0.0077,0.0088
68.50,0.8223,-0.0000,-0.0000,0.8379,0.0429,0.0546,0.3287,0.0089,0.0057
69.00,0.8823,-0.0000,-0.0000,0.8995,0.0463,0.0552,0.3904,0.0092,0.0063
69.50,0.9423,-0.0000,-0.0000,0.9609,0.0497,0.0553,0.4419,0.0096,0.0065
70.00,1.0023,-0.0000,-0.0000,1.0255,0.0532,0.0560,0.5065,0.0100,0.0071
70.50,1.0623,-0.0000,-0.0000,1.0846,0.0565,0.0562,0.5457,0.0105,0.0073
71.00,1.1223,-0.0000,-0.0000,1.1452,0.0600,0.0566,0.6064,0.0109,0.0078
71.50,1.1823,-0.0000,-0.0000,1.2090,0.0636,0.0573,0.6604,0.0114,0.0084
72.00,1.2293,-0.0000,-0.0000,1.2604,0.0666,0.0582,0.7056,0.0119,0.0093
72.50,1.2293,-0.0000,-0.0000,1.2604,0.0666,0.0590,0.7018,0.0119,0.0101
73.00,1.2293,-0.0000,-0.0000,1.2604,0.0666,0.0598,0.7018,0.0119,0.0109
73.50,1.2293,-0.0000,-0.0000,1.2604,0.0666,0.0605,0.7018,0.0119,0.0116
74.00,1.2293,-0.0000,-0.0000,1.2604,0.0666,0.0611,0.7018,0.0119,0.0122
74.50,1.2293,-0.0000,-0.0000,1.2604,0.0666,0.0610,0.7018,0.0119,0.0121
75.00,1.2293,-0.0000,-0.0000,1.2604,0.0666,0.0613,0.7018,0.0119,0.0125
75.50,1.2293,-0.0000,-0.0000,1.2604,0.0666,0.0618,0.7018,0.0119,0.0130
76.00,1.2293,-0.0000,-0.0000,1.2604,0.0666,0.0624,0.7018,0.0119,0.0135
76.50,1.2293,-0.0000,-0.0000,1.2604,0.0666,0.0627,0.7018,0.0119,0.0138
77.00,1.2293,-0.0000,-0.0000,1.2604,0.0666,0.0634,0.7018,0.0119,0.0146
77.50,1.2293,-0.0000,-0.0000,1.2604,0.0666,0.0640,0.7018,0.0119,0.0151
78.00,1.2293,-0.0000,-0.0000,1.2604,0.0666,0.0644,0.7018,0.0119,0.0155
78.50,1.2293,-0.0000,-0.0000,1.2604,0.0666,0.0649,0.7018,0.0119,0.0160
79.00,1.2293,-0.0000,-0.0000,1.2604,0.0666,0.0653,0.7018,0.0119,0.0165
79.50,1.2293,-0.0000,-0.0000,1.2604,0.0666,0.0659,0.7018,0.0119,0.0170
80.00,1.2293,-0.0000,-0.0000,1.2604,0.0666,0.0662,0.7018,0.0119,0.0174
80.50,1.2293,-0.0000,-0.0000,1.2604,0.0666,0.0674,0.7018,0.0119,0.0185
81.00,1.2293,-0.0000,-0.0000,1.2604,0.0666,0.0679,0.7018,0.0119,0.0191
81.50,1.2293,-0.0000,-0.0000,1.2604,0.0666,0.0682,0.7018,0.0119,0.0194
82.00,1.2194,-0.0000,-0.0000,1.2499,0.0659,0.0687,0.6913,0.0117,0.0198
82.50,1.1994,-0.0000,-0.0000,1.2293,0.0644,0.0690,0.6706,0.0113,0.0201
83.00,1.1794,-0.0000,-0.0000,1.2069,0.0629,0.0694,0.6482,0.0108,0.0206
83.50,1.1594,-0.0000,-0.0000,1.1860,0.0614,0.0696,0.6272,0.0104,0.0208
84.00,1.1394,-0.0000,-0.0000,1.1616,0.0597,0.0699,0.6028,0.0099,0.0211
84.50,1.1194,-0.0000,-0.0000,1.1418,0.0583,0.0703,0.5830,0.0095,0.0215
85.00,1.0994,-0.0000,-0.0000,1.1226,0.0570,0.0706,0.6237,0.0121,0.0078
85.50,1.0794,-0.0000,-0.0000,1.1022,0.0555,0.0713,0.6033,0.0120,0.0084
86.00,1.0594,-0.0000,-0.0000,1.0804,0.0540,0.0714,0.5814,0.0118,0.0086
86.50,1.0394,-0.0000,-0.0000,1.0605,0.0525,0.0715,0.5614,0.0116,0.0086
87.00,1.0194,-0.0000,-0.0000,1.0394,0.0510,0.0721,0.5155,0.0114,0.0093
87.50,0.9994,-0.0000,-0.0000,1.0205,0.0497,0.0724,0.4813,0.0112,0.0095
88.00,0.9814,-0.0000,-0.0000,1.0026,0.0484,0.0723,0.4634,0.0111,0.0095
88.50,0.9813,-0.0000,-0.0000,1.0016,0.0483,0.0726,0.4624,0.0111,0.0098
89.00,0.9813,-0.0000,-0.0000,1.0016,0.0483,0.0732,0.4624,0.0111,0.0104
89.50,0.9813,-0.0000,-0.0000,1.0016,0.0483,0.0740,0.4624,0.0111,0.0112
90.00,0.9813,-0.0000,-0.0000,1.0016,0.0483,0.0744,0.4624,0.0111,0.0116
90.50,0.9813,-0.0000,-0.0000,1.0016,0.0483,0.0755,0.4624,0.0111,0.0126
91.00,0.9813,0.0016,0.0426,1.0018,0.0483,0.1124,0.4625,0.0111,0.0495
91.50,0.9813,0.0112,0.2439,1.0111,0.0503,0.3092,0.4720,0.0125,0.2463
92.00,0.9815,0.0286,0.4547,1.0267,0.0573,0.5223,0.4880,0.0184,0.4595
92.50,0.9817,0.0387,0.6171,1.0356,0.0634,0.6902,0.4972,0.0240,0.6274
93.00,0.9818,0.0398,0.6554,1.0366,0.0643,0.7346,0.4983,0.0248,0.6717
93.50,0.9818,0.0398,0.6554,1.0366,0.0643,0.7350,0.4983,0.0248,0.6722
94.00,0.9739,0.0337,0.6554,1.0300,0.0584,0.7360,0.4913,0.0194,0.6731
94.50,0.9580,0.0216,0.6554,1.0150,0.0448,0.7365,0.4755,0.0067,0.6737
95.00,0.9422,0.0094,0.6554,1.0007,0.0318,0.7367,0.4604,-0.0053,0.6739
95.50,0.9263,-0.0028,0.6554,0.9860,0.0185,0.7376,0.4449,-0.0177,0.6748
96.00,0.9105,-0.0150,0.6554,0.9706,0.0045,0.7384,0.4287,-0.0307,0.6756
96.50,0.8946,-0.0272,0.6554,0.9551,-0.0097,0.7390,0.4208,-0.0220,0.6657
97.00,0.8788,-0.0394,0.6554,0.9398,-0.0236,0.7395,0.4046,-0.0348,0.6662
97.50,0.8629,-0.0516,0.6554,0.9238,-0.0382,0.7399,0.3875,-0.0482,0.6666
98.00,0.8471,-0.0638,0.6554,0.9096,-0.0512,0.7408,0.3724,-0.0601,0.6675
98.50,0.8312,-0.0760,0.6554,0.8936,-0.0659,0.7414,0.3649,-0.0629,0.6647
99.00,0.8153,-0.0882,0.6554,0.8794,-0.0788,0.7418,0.3498,-0.0748,0.6651
99.50,0.7995,-0.1003,0.6554,0.8636,-0.0933,0.7427,0.3329,-0.0880,0.6659
100.00,0.7836,-0.1125,0.6554,0.8479,-0.1077,0.7432,0.3162,-0.1012,0.6664
100.50,0.7820,-0.1138,0.6554,0.8453,-0.1101,0.7442,0.3134,-0.1033,0.6674
101.00,0.7820,-0.1138,0.6554,0.8453,-0.1101,0.7447,0.3134,-0.1033,0.6679
101.50,0.7820,-0.1138,0.6554,0.8453,-0.1101,0.7452,0.3134,-0.1033,0.6685
102.00,0.7820,-0.1138,0.6554,0.8453,-0.1101,0.7454,0.3134,-0.1033,0.6686
102.50,0.7820,-0.1138,0.6554,0.8453,-0.1101,0.7463,0.3134,-0.1033,0.6695
103.00,0.7820,-0.1138,0.6554,0.8453,-0.1101,0.7466,0.3134,-0.1033,0.6698
103.50,0.7820,-0.1138,0.6554,0.8453,-0.1101,0.7474,0.3134,-0.1033,0.6707
104.00,0.7820,-0.1138,0.6554,0.8453,-0.1101,0.7480,0.3134,-0.1033,0.6713
104.50,0.7820,-0.1138,0.6554,0.8453,-0.1101,0.7489,0.3134,-0.1033,0.6721
105.00,0.7820,-0.1138,0.6554,0.8453,-0.1101,0.7489,0.3134,-0.1033,0.6721
105.50,0.7820,-0.1136,0.6698,0.8455,-0.1100,0.7613,0.3135,-0.1032,0.6845
106.00,0.7821,-0.1132,0.7030,0.8457,-0.1098,0.7949,0.3137,-0.1031,0.7181
106.50,0.7821,-0.1132,0.7355,0.8456,-0.1098,0.8282,0.3137,-0.1031,0.7514
107.00,0.7818,-0.1132,0.7688,0.8453,-0.1102,0.8626,0.3133,-0.1034,0.7858
107.50,0.7818,-0.1134,0.8030,0.8453,-0.1102,0.8971,0.3133,-0.1035,0.8203
108.00,0.7818,-0.1138,0.8363,0.8450,-0.1106,0.9313,0.3130,-0.1038,0.8545
108.50,0.7818,-0.1139,0.8689,0.8450,-0.1106,0.9642,0.3130,-0.1038,0.8875
109.00,0.7814,-0.1140,0.9020,0.8449,-0.1107,0.9976,0.3129,-0.1040,0.9209
109.50,0.7806,-0.1140,0.9361,0.8445,-0.1114,1.0324,0.3125,-0.1046,0.9556
110.00,0.7793,-0.1141,0.9710,0.8439,-0.1124,1.0682,0.3118,-0.1055,0.9914
110.50,0.7776,-0.1141,1.0069,0.8430,-0.1142,1.1056,0.3107,-0.1072,1.0288
111.00,0.7754,-0.1142,1.0438,0.8419,-0.1163,1.1428,0.3071,-0.1078,1.0521
111.50,0.7728,-0.1142,1.0816,0.8409,-0.1187,1.1815,0.3059,-0.1101,1.0908
112.00,0.7696,-0.1143,1.1204,0.8401,-0.1208,1.2207,0.3049,-0.1121,1.1300
112.50,0.7660,-0.1143,1.1603,0.8388,-0.1245,1.2611,0.3033,-0.1157,1.1703
113.00,0.7620,-0.1143,1.2014,0.8375,-0.1288,1.3029,0.3016,-0.1199,1.2122
113.50,0.7574,-0.1144,1.2436,0.8364,-0.1332,1.3463,0.3001,-0.1241,1.2555
114.00,0.7523,-0.1144,1.2871,0.8351,-0.1395,1.3904,0.2982,-0.1303,1.2997
114.50,0.7468,-0.1145,1.3319,0.8340,-0.1463,1.4357,0.2965,-0.1369,1.3450
115.00,0.7407,-0.1145,1.3781,0.8333,-0.1531,1.4825,0.2951,-0.1436,1.3918
115.50,0.7342,-0.1145,1.4258,0.8328,-0.1596,1.5309,0.2941,-0.1501,1.4402
116.00,0.7272,-0.1127,1.4805,0.8327,-0.1646,1.5845,0.2314,-0.1147,1.4833
116.50,0.7138,-0.0656,1.6066,0.8285,-0.1181,1.7145,0.2320,-0.0681,1.6133
117.00,0.6920,0.0342,1.7840,0.8065,-0.0200,1.8886,0.1800,0.0417,1.7874
117.50,0.6603,0.1576,1.9809,0.7560,0.0954,2.0898,0.1893,0.1577,1.9794
118.00,0.6100,0.2732,2.0876,0.6834,0.2043,2.2057,0.1007,0.2779,2.0976
118.50,0.5475,0.3866,2.0511,0.6040,0.3125,2.1785,0.0558,0.3940,2.0655
119.00,0.4931,0.5055,1.9020,0.5361,0.4251,2.0308,-0.0119,0.5133,1.9122
119.50,0.4503,0.6303,1.8249,0.4821,0.5507,1.9457,-0.0298,0.6362,1.8310
120.00,0.4139,0.7416,1.9096,0.4355,0.6613,2.0246,-0.0678,0.7397,1.9130
120.50,0.3677,0.8596,2.0607,0.3736,0.7656,2.1819,-0.1263,0.8525,2.0657
121.00,0.3079,0.9697,2.0898,0.2994,0.8666,2.2135,-0.1720,0.9645,2.0983
121.50,0.2670,1.0353,2.1268,0.2462,0.9352,2.2517,-0.2204,1.0374,2.1330
122.00,0.2566,1.0490,2.1628,0.2317,0.9527,2.2887,-0.2196,1.0587,2.1701
122.50,0.2552,1.0491,2.1980,0.2306,0.9540,2.3250,-0.2206,1.0601,2.2064
123.00,0.2543,1.0491,2.2322,0.2299,0.9548,2.3597,-0.1767,1.0366,2.2376
123.50,0.2538,1.0492,2.2656,0.2297,0.9549,2.3938,-0.1768,1.0367,2.2716
124.00,0.2537,1.0492,2.2982,0.2298,0.9549,2.4278,-0.1767,1.0367,2.3056
124.50,0.2538,1.0490,2.3312,0.2298,0.9549,2.4614,-0.1767,1.0367,2.3393
125.00,0.2539,1.0489,2.3654,0.2298,0.9550,2.4960,-0.1767,1.0367,2.3738
125.50,0.2543,1.0490,2.3990,0.2299,0.9549,2.5298,-0.1766,1.0366,2.4076
126.00,0.2545,1.0490,2.4315,0.2300,0.9548,2.5631,-0.1765,1.0366,2.4409
126.50,0.2545,1.0487,2.4645,0.2301,0.9547,2.5965,-0.1764,1.0365,2.4743
127.00,0.2546,1.0481,2.4966,0.2309,0.9543,2.6288,-0.1757,1.0359,2.5066
127.50,0.2546,1.0472,2.5225,0.2318,0.9538,2.6550,-0.1749,1.0353,2.5329
128.00,0.2546,1.0462,2.5490,0.2324,0.9535,2.6823,-0.1743,1.0350,2.5602
128.50,0.2547,1.0449,2.5759,0.2332,0.9531,2.7098,-0.1735,1.0345,2.5876
129.00,0.2547,1.0433,2.6034,0.2346,0.9525,2.7378,-0.1722,1.0337,2.6156
129.50,0.2548,1.0414,2.6315,0.2359,0.9519,2.7663,-0.1710,1.0330,2.6441
130.00,0.2548,1.0393,2.6601,0.2380,0.9511,2.7957,-0.1690,1.0319,2.6735
130.50,0.2548,1.0362,2.6991,0.2410,0.9501,2.8356,-0.1662,1.0306,2.7135
131.00,0.2549,1.0325,2.7393,0.2446,0.9491,2.8762,-0.1627,1.0291,2.7541
131.50,0.2549,1.0283,2.7806,0.2485,0.9481,2.9178,-0.1590,1.0276,2.7956
132.00,0.2550,1.0236,2.8230,0.2521,0.9473,2.9611,-0.1555,1.0265,2.8389
132.50,0.2550,1.0185,2.8668,0.2561,0.9467,3.0053,-0.1516,1.0253,2.8832
133.00,0.2550,1.0128,2.9118,0.2631,0.9459,3.0508,-0.1448,1.0237,2.9287
133.50,0.2551,1.0067,2.9583,0.2691,0.9455,3.0980,-0.1388,1.0226,2.9758
134.00,0.2551,1.0001,3.0064,0.2760,0.9454,-3.1362,-0.1320,1.0216,3.0249
134.50,0.2551,0.9930,3.0561,0.2827,0.9455,-3.0866,-0.1980,0.9987,3.0605
135.00,0.2551,0.9854,3.1078,0.2888,0.9460,-3.0343,-0.1919,0.9984,3.1128
135.50,0.2551,0.9774,-3.1220,0.2904,0.9462,-2.9803,-0.1903,0.9983,-3.1164
136.00,0.2551,0.9697,-3.0699,0.2819,0.9445,-2.9275,-0.1989,0.9979,-3.0636
136.50,0.2458,0.9611,-2.9931,0.2690,0.9413,-2.8546,-0.2121,0.9964,-2.9907
137.00,0.1814,0.9427,-2.8886,0.2080,0.9185,-2.7420,-0.2757,0.9821,-2.8781
137.50,0.0649,0.9121,-2.8398,0.0991,0.8684,-2.6875,-0.3857,0.9096,-2.8293
138.00,-0.0600,0.8777,-2.8820,-0.0286,0.8091,-2.7306,-0.5224,0.8702,-2.8737
138.50,-0.1847,0.8398,-2.8031,-0.1475,0.7537,-2.6556,-0.6240,0.8400,-2.8015
139.00,-0.3054,0.7928,-2.7184,-0.2608,0.6874,-2.5694,-0.7558,0.7856,-2.7142
139.50,-0.4231,0.7384,-2.7098,-0.3680,0.6155,-2.5511,-0.8675,0.7330,-2.6981
140.00,-0.5429,0.6902,-2.7868,-0.4843,0.5432,-2.6260,-0.9876,0.6881,-2.7761
140.50,-0.6668,0.6511,-2.9023,-0.5998,0.4845,-2.7376,-1.1122,0.6462,-2.8874
141.00,-0.7851,0.6218,-3.0239,-0.7193,0.4427,-2.8654,-1.2402,0.6263,-3.0190
141.50,-0.8484,0.6139,-3.0297,-0.7838,0.4250,-2.8726,-1.2843,0.6032,-3.0244
142.00,-0.8568,0.6129,-3.0297,-0.7945,0.4220,-2.8713,-1.2954,0.6018,-3.0231
142.50,-0.8568,0.6129,-3.0297,-0.7945,0.4220,-2.8710,-1.2954,0.6018,-3.0228
143.00,-0.8633,0.6121,-3.0290,-0.7993,0.4206,-2.8705,-1.3004,0.6012,-3.0223
143.50,-0.9227,0.6046,-3.0182,-0.8545,0.4050,-2.8602,-1.3573,0.5941,-3.0120
144.00,-1.0391,0.5867,-2.9750,-0.9619,0.3712,-2.8137,-1.4847,0.5767,-2.9690
144.50,-1.1674,0.5653,-2.9679,-1.0878,0.3290,-2.8121,-1.6094,0.5543,-2.9674
145.00,-1.2943,0.5355,-2.8784,-1.2086,0.2821,-2.7212,-1.7399,0.5267,-2.8730
145.50,-1.4198,0.5023,-2.9095,-1.3334,0.2258,-2.7427,-1.8778,0.4898,-2.8980
146.00,-1.5474,0.4778,-2.9699,-1.4539,0.1810,-2.8083,-1.9838,0.4642,-2.9636
146.50,-1.6762,0.4623,-3.0364,-1.5753,0.1438,-2.8762,-2.0996,0.4464,-3.0280
147.00,-1.8050,0.4445,-2.9553,-1.7012,0.1065,-2.7996,-2.2435,0.4287,-2.9562
147.50,-1.9321,0.4184,-2.9271,-1.8195,0.0602,-2.7626,-2.3537,0.4012,-2.9179
148.00,-2.0591,0.3907,-2.9040,-1.9434,0.0115,-2.7480,-2.4912,0.3720,-2.9068
148.50,-2.1840,0.3542,-2.8388,-2.0657,-0.0457,-2.6763,-2.6234,0.3350,-2.8316
149.00,-2.3083,0.3159,-2.8407,-2.1791,-0.1018,-2.6801,-2.7441,0.2969,-2.8389
149.50,-2.4319,0.2725,-2.8131,-2.3016,-0.1650,-2.6500,-2.8651,0.2543,-2.8053
150.00,-2.5561,0.2353,-2.8889,-2.4207,-0.2245,-2.7240,-2.9943,0.2136,-2.8828
150.50,-2.6823,0.2036,-2.8808,-2.5447,-0.2774,-2.7244,-3.1126,0.1810,-2.8832
151.00,-2.7939,0.1644,-2.7869,-2.6545,-0.3315,-2.6284,-3.2358,0.1449,-2.7859
151.50,-2.8467,0.1262,-2.6030,-2.7180,-0.3737,-2.4445,-3.3026,0.1066,-2.6054
152.00,-2.8517,0.1176,-2.4294,-2.7286,-0.3835,-2.2688,-3.3107,0.0946,-2.4310
152.50,-2.8515,0.1183,-2.2770,-2.7282,-0.3827,-2.1130,-3.2902,0.0954,-2.2753
153.00,-2.8509,0.1184,-2.2306,-2.7281,-0.3823,-2.0585,-3.2900,0.0958,-2.2208
153.50,-2.8513,0.1184,-2.2631,-2.7284,-0.3828,-2.0887,-3.2904,0.0953,-2.2510
154.00,-2.8514,0.1183,-2.2957,-2.7285,-0.3829,-2.1208,-3.2905,0.0952,-2.2831
154.50,-2.8514,0.1179,-2.3287,-2.7286,-0.3831,-2.1534,-3.2906,0.0951,-2.3157
155.00,-2.8513,0.1177,-2.3627,-2.7287,-0.3833,-2.1872,-3.2908,0.0949,-2.3495
155.50,-2.8514,0.1177,-2.3822,-2.7288,-0.3834,-2.2086,-3.2909,0.0948,-2.3708
156.00,-2.8514,0.1177,-2.3822,-2.7288,-0.3834,-2.2081,-3.2909,0.0948,-2.3704
156.50,-2.8442,0.1245,-2.3822,-2.7233,-0.3759,-2.2074,-3.2843,0.1013,-2.3697
157.00,-2.8297,0.1383,-2.3822,-2.7108,-0.3590,-2.2067,-3.2692,0.1160,-2.3690
157.50,-2.8152,0.1521,-2.3822,-2.6994,-0.3436,-2.2058,-3.2555,0.1293,-2.3681
158.00,-2.8007,0.1658,-2.3822,-2.6879,-0.3279,-2.2051,-3.2499,0.1413,-2.3778
158.50,-2.7862,0.1796,-2.3822,-2.6739,-0.3090,-2.2046,-3.2330,0.1575,-2.3773
159.00,-2.7717,0.1934,-2.3822,-2.6616,-0.2922,-2.2039,-3.2180,0.1719,-2.3767
159.50,-2.7572,0.2071,-2.3822,-2.6498,-0.2761,-2.2030,-3.2036,0.1857,-2.3757
160.00,-2.7427,0.2209,-2.3822,-2.6374,-0.2591,-2.2024,-3.1884,0.2004,-2.3751
160.50,-2.7282,0.2347,-2.3822,-2.6256,-0.2430,-2.2014,-3.1740,0.2142,-2.3742
161.00,-2.7137,0.2484,-2.3822,-2.6148,-0.2282,-2.2011,-3.1608,0.2270,-2.3738
161.50,-2.6991,0.2622,-2.3822,-2.6030,-0.2120,-2.2003,-3.1464,0.2409,-2.3731
162.00,-2.6846,0.2760,-2.3822,-2.5911,-0.1956,-2.1996,-3.1318,0.2549,-2.3724
162.50,-2.6701,0.2898,-2.3822,-2.5796,-0.1798,-2.1989,-3.1267,0.2674,-2.3787
163.00,-2.6657,0.2939,-2.3822,-2.5756,-0.1743,-2.1987,-3.1218,0.2722,-2.3785
163.50,-2.6657,0.2939,-2.3822,-2.5756,-0.1743,-2.1984,-3.1218,0.2722,-2.3781
164.00,-2.6657,0.2939,-2.3822,-2.5756,-0.1743,-2.1983,-3.1218,0.2722,-2.3780
164.50,-2.6657,0.2939,-2.3822,-2.5756,-0.1743,-2.1975,-3.1218,0.2722,-2.3773
165.00,-2.6657,0.2939,-2.3822,-2.5755,-0.1743,-2.1966,-3.1218,0.2722,-2.3764
165.50,-2.6656,0.2940,-2.3545,-2.5755,-0.1743,-2.1725,-3.1218,0.2722,-2.3523
166.00,-2.6652,0.2947,-2.2164,-2.5754,-0.1741,-2.0379,-3.1217,0.2723,-2.2177
166.50,-2.6576,0.2949,-2.0336,-2.5728,-0.1673,-1.8557,-3.1179,0.2785,-2.0354
167.00,-2.6413,0.2951,-1.8241,-2.5699,-0.1509,-1.6475,-3.1120,0.2942,-1.8272
167.50,-2.6238,0.2952,-1.6872,-2.5699,-0.1348,-1.5001,-3.0784,0.2898,-1.6833
168.00,-2.6228,0.2952,-1.6803,-2.5700,-0.1335,-1.4894,-3.0783,0.2911,-1.6727
168.50,-2.6228,0.2952,-1.6803,-2.5700,-0.1335,-1.4888,-3.0783,0.2911,-1.6721
169.00,-2.6228,0.2952,-1.6803,-2.5700,-0.1335,-1.4882,-3.0783,0.2911,-1.6714
169.50,-2.6228,0.2952,-1.6803,-2.5700,-0.1335,-1.4874,-3.0783,0.2911,-1.6706
170.00,-2.6228,0.2952,-1.6803,-2.5700,-0.1335,-1.4866,-3.0783,0.2911,-1.6698
170.50,-2.6212,0.2952,-1.6543,-2.5701,-0.1324,-1.4616,-3.0782,0.2922,-1.6448
171.00,-2.6138,0.2952,-1.6026,-2.5710,-0.1257,-1.4091,-3.0779,0.2989,-1.5923
171.50,-2.6058,0.2952,-1.5492,-2.5713,-0.1236,-1.3549,-3.0778,0.3010,-1.5382
172.00,-2.5981,0.2952,-1.4971,-2.5694,-0.1314,-1.3017,-3.0773,0.2930,-1.4849
172.50,-2.5909,0.2952,-1.4470,-2.5672,-0.1387,-1.2514,-3.0765,0.2854,-1.4347
173.00,-2.5842,0.2952,-1.3985,-2.5647,-0.1457,-1.2025,-3.0753,0.2782,-1.3857
173.50,-2.5779,0.2951,-1.3517,-2.5626,-0.1506,-1.1550,-3.0742,0.2729,-1.3383
174.00,-2.5722,0.2951,-1.3063,-2.5598,-0.1567,-1.1093,-3.0725,0.2664,-1.2926
174.50,-2.5669,0.2951,-1.2623,-2.5574,-0.1613,-1.0644,-3.0710,0.2614,-1.2476
175.00,-2.5621,0.2950,-1.2195,-2.5545,-0.1663,-1.0205,-3.0690,0.2560,-1.2037
175.50,-2.5578,0.2950,-1.1780,-2.5523,-0.1698,-0.9784,-3.0675,0.2522,-1.1616
176.00,-2.5540,0.2950,-1.1375,-2.5502,-0.1727,-0.9371,-3.0660,0.2489,-1.1203
176.50,-2.5507,0.2949,-1.0982,-2.5480,-0.1756,-0.8968,-3.0643,0.2456,-1.0801
177.00,-2.5478,0.2949,-1.0600,-2.5467,-0.1772,-0.8580,-3.0633,0.2439,-1.0412
177.50,-2.5454,0.2948,-1.0227,-2.5456,-0.1784,-0.8202,-3.0625,0.2425,-1.0034
178.00,-2.5435,0.2948,-0.9864,-2.5436,-0.1805,-0.7833,-3.0609,0.2401,-0.9665
178.50,-2.5420,0.2947,-0.9511,-2.5422,-0.1818,-0.7472,-3.0598,0.2385,-0.9304
179.00,-2.5410,0.2947,-0.9166,-2.5414,-0.1825,-0.7125,-3.0591,0.2377,-0.8957
179.50,-2.5404,0.2946,-0.8831,-2.5411,-0.1828,-0.6782,-3.0589,0.2374,-0.8615
180.00,-2.5403,0.2945,-0.8504,-2.5410,-0.1829,-0.6451,-3.0588,0.2372,-0.8284
180.50,-2.5403,0.2947,-0.8176,-2.5410,-0.1829,-0.6122,-3.0588,0.2372,-0.7954
181.00,-2.5404,0.2949,-0.7836,-2.5410,-0.1829,-0.5781,-3.0588,0.2373,-0.7613
181.50,-2.5407,0.2948,-0.7498,-2.5411,-0.1828,-0.5438,-3.0589,0.2373,-0.7270
182.00,-2.5410,0.2948,-0.7170,-2.5413,-0.1827,-0.5103,-3.0590,0.2375,-0.6935
182.50,-2.5411,0.2950,-0.6843,-2.5412,-0.1828,-0.4767,-3.0589,0.2374,-0.6599
183.00,-2.5411,0.2956,-0.6506,-2.5419,-0.1824,-0.4419,-3.0596,0.2379,-0.6251
183.50,-2.5412,0.2967,-0.6161,-2.5426,-0.1821,-0.4068,-3.0602,0.2383,-0.5900
184.00,-2.5412,0.2982,-0.5806,-2.5439,-0.1816,-0.3712,-3.0614,0.2390,-0.5544
184.50,-2.5413,0.3001,-0.5442,-2.5455,-0.1810,-0.3339,-3.0628,0.2399,-0.5171
185.00,-2.5413,0.3026,-0.5069,-2.5483,-0.1801,-0.2963,-3.0654,0.2413,-0.4795
185.50,-2.5414,0.3055,-0.4685,-2.5513,-0.1792,-0.2578,-3.0682,0.2427,-0.4411
186.00,-2.5414,0.3089,-0.4291,-2.5547,-0.1784,-0.2177,-3.0714,0.2441,-0.4009
186.50,-2.5415,0.3127,-0.3886,-2.5579,-0.1778,-0.1767,-3.0745,0.2453,-0.3599
187.00,-2.5415,0.3171,-0.3469,-2.5623,-0.1771,-0.1343,-3.0786,0.2468,-0.3175
187.50,-2.5415,0.3219,-0.3040,-2.5673,-0.1765,-0.0909,-3.0835,0.2483,-0.2742
188.00,-2.5416,0.3272,-0.2599,-2.5725,-0.1762,-0.0461,-3.0885,0.2496,-0.2293
188.50,-2.5409,0.3329,-0.2125,-2.5773,-0.1761,-0.0003,-3.0932,0.2506,-0.1835
189.00,-2.5009,0.3426,-0.0469,-2.5399,-0.1731,0.1584,-3.0559,0.2466,-0.0248
189.50,-2.3976,0.3628,0.1036,-2.4380,-0.1461,0.3209,-2.8508,0.3279,0.1098
190.00,-2.2783,0.3747,0.0617,-2.3244,-0.1082,0.2882,-2.7318,0.3514,0.0736
190.50,-2.1485,0.3766,-0.1287,-2.1998,-0.0831,0.0985,-2.5947,0.3496,-0.1196
191.00,-2.0203,0.3619,-0.1736,-2.0688,-0.0755,0.0436,-2.4690,0.3387,-0.1745
191.50,-1.8915,0.3449,-0.0693,-1.9366,-0.0639,0.1455,-2.3536,0.3212,-0.0691
192.00,-1.7616,0.3372,-0.0090,-1.8112,-0.0408,0.2081,-2.2263,0.3173,-0.0065
192.50,-1.6316,0.3370,0.0004,-1.6801,-0.0121,0.2193,-2.0939,0.3223,0.0064
193.00,-1.5016,0.3334,-0.0205,-1.5503,0.0153,0.1980,-1.9529,0.3217,-0.0149
193.50,-1.3716,0.3320,-0.0073,-1.4168,0.0425,0.2121,-1.8228,0.3192,-0.0008
194.00,-1.2416,0.3308,-0.0100,-1.2863,0.0706,0.2092,-1.6938,0.3191,-0.0037
194.50,-1.1116,0.3296,-0.0094,-1.1540,0.0987,0.2104,-1.5635,0.3185,-0.0025
195.00,-0.9816,0.3283,-0.0104,-1.0166,0.1281,0.2108,-1.4489,0.3220,-0.0021
195.50,-0.8516,0.3252,-0.0167,-0.8816,0.1561,0.2049,-1.3181,0.3216,-0.0103
196.00,-0.7217,0.3244,-0.0074,-0.7521,0.1834,0.2146,-1.1866,0.3153,0.0001
196.50,-0.5917,0.3264,0.0064,-0.6286,0.2113,0.2303,-1.0479,0.3137,0.0162
197.00,-0.4617,0.3255,-0.0097,-0.5001,0.2409,0.2147,-0.9329,0.3210,-0.0017
197.50,-0.3317,0.3215,-0.0232,-0.3693,0.2682,0.1983,-0.7958,0.3209,-0.0146
198.00,-0.2017,0.3186,-0.0223,-0.2345,0.2953,0.1996,-0.6590,0.3191,-0.0144
198.50,-0.0717,0.3186,-0.0062,-0.1019,0.3229,0.2156,-0.5435,0.3146,0.0015
199.00,0.0583,0.3179,-0.0109,0.0307,0.3524,0.2121,-0.4116,0.3188,-0.0020
199.50,0.1883,0.3157,-0.0135,0.1631,0.3803,0.2083,-0.2769,0.3181,-0.0057
200.00,0.3182,0.3136,-0.0153,0.2886,0.4068,0.2073,-0.1519,0.3171,-0.0050
200.50,0.4482,0.3118,-0.0137,0.4155,0.4335,0.2085,-0.0031,0.3168,-0.0038
201.00,0.5782,0.3085,-0.0211,0.5498,0.4616,0.2021,0.0977,0.3172,-0.0119
201.50,0.7082,0.3070,-0.0118,0.6823,0.4888,0.2101,0.2484,0.3096,-0.0045
202.00,0.8382,0.3089,0.0031,0.8130,0.5185,0.2276,0.3853,0.3159,0.0129
202.50,0.9682,0.3048,-0.0207,0.9451,0.5473,0.2023,0.5023,0.3189,-0.0135
203.00,1.0981,0.2995,-0.0323,1.0721,0.5725,0.1914,0.6174,0.3120,-0.0227
203.50,1.2281,0.2976,-0.0097,1.2030,0.5987,0.2136,0.7471,0.3102,-0.0040
204.00,1.3581,0.2964,-0.0141,1.3301,0.6268,0.2114,0.8701,0.3103,-0.0040
204.50,1.4880,0.2910,-0.0216,1.4601,0.6530,0.2006,1.0058,0.3083,-0.0152
205.00,1.6180,0.2898,-0.0159,1.5909,0.6808,0.2088,1.1259,0.3027,-0.0052
205.50,1.7480,0.2865,-0.0057,1.7298,0.7096,0.2141,1.2680,0.3014,0.0000
206.00,1.8780,0.2884,0.0088,1.8612,0.7408,0.2328,1.3959,0.3037,0.0194
206.50,2.0080,0.2851,-0.0135,1.9957,0.7698,0.2051,1.5173,0.3033,-0.0089
207.00,2.1380,0.2854,-0.0074,2.1237,0.7983,0.2147,1.6416,0.3036,0.0024
207.50,2.2679,0.2779,-0.0519,2.2567,0.8241,0.1695,1.7596,0.3006,-0.0428
208.00,2.3976,0.2657,-0.1050,2.3872,0.8446,0.1208,1.9071,0.2933,-0.0936
208.50,2.5258,0.2446,-0.2103,2.5271,0.8534,0.0112,2.0419,0.2620,-0.2012
209.00,2.6526,0.2142,-0.2437,2.6591,0.8530,-0.0223,2.1584,0.2336,-0.2346
209.50,2.7780,0.1753,-0.2939,2.7919,0.8471,-0.0718,2.2893,0.1994,-0.2806
210.00,2.9026,0.1389,-0.2577,2.9271,0.8377,-0.0422,2.4358,0.1623,-0.2545
210.50,3.0285,0.1062,-0.2647,3.0576,0.8335,-0.0449,2.5262,0.1303,-0.2537
211.00,3.1545,0.0750,-0.2073,3.1928,0.8292,0.0058,2.6813,0.0979,-0.2044
211.50,3.2821,0.0497,-0.2025,3.3237,0.8324,0.0164,2.8061,0.0737,-0.1924
212.00,3.4088,0.0167,-0.2582,3.4553,0.8316,-0.0378,2.9409,0.0457,-0.2466
212.50,3.5333,-0.0255,-0.3274,3.5835,0.8223,-0.1089,3.0483,0.0004,-0.3212
213.00,3.6567,-0.0658,-0.2817,3.7076,0.8094,-0.0711,3.1831,-0.0385,-0.2799
213.50,3.7827,-0.0976,-0.2352,3.8379,0.8052,-0.0186,3.3235,-0.0696,-0.2274
214.00,3.9092,-0.1282,-0.2431,3.9712,0.8032,-0.0244,3.4535,-0.0995,-0.2345
214.50,4.0345,-0.1670,-0.3023,4.1059,0.7963,-0.0820,3.5837,-0.1343,-0.2908
215.00,4.1583,-0.2073,-0.3034,4.2389,0.7840,-0.0857,3.6827,-0.1739,-0.2959
215.50,4.2819,-0.2492,-0.3382,4.3710,0.7715,-0.1134,3.8079,-0.2133,-0.3257
216.00,4.4035,-0.2964,-0.3616,4.4978,0.7534,-0.1456,3.9295,-0.2577,-0.3592
216.50,4.5260,-0.3367,-0.3194,4.6267,0.7377,-0.0996,4.0607,-0.3004,-0.3119
217.00,4.6494,-0.3772,-0.3099,4.7595,0.7242,-0.0909,4.1829,-0.3416,-0.3032
217.50,4.7729,-0.4191,-0.3391,4.8950,0.7111,-0.1133,4.3375,-0.3826,-0.3291
218.00,4.8938,-0.4683,-0.3968,5.0237,0.6911,-0.1759,4.4591,-0.4295,-0.3917
218.50,5.0142,-0.5159,-0.3787,5.1508,0.6700,-0.1579,4.5785,-0.4777,-0.3702
219.00,5.1352,-0.5629,-0.3616,5.2802,0.6496,-0.1427,4.6984,-0.5248,-0.3585
219.50,5.2566,-0.6102,-0.3758,5.4079,0.6312,-0.1524,4.8214,-0.5705,-0.3647
220.00,5.3760,-0.6654,-0.4496,5.5409,0.6064,-0.2241,4.9663,-0.6225,-0.4399
220.50,5.4887,-0.7294,-0.5961,5.6582,0.5708,-0.3689,5.0634,-0.6822,-0.5847
221.00,5.5846,-0.8004,-0.7246,5.7687,0.5212,-0.4944,5.1668,-0.7644,-0.7115
221.50,5.6409,-0.8608,-0.9352,5.8383,0.4746,-0.7010,5.2287,-0.8245,-0.9203
222.00,5.6867,-0.9425,-1.1793,5.9020,0.4069,-0.9418,5.2862,-0.9046,-1.1611
222.50,5.7231,-1.0636,-1.4111,5.9628,0.2974,-1.1775,5.3115,-1.0247,-1.3967
223.00,5.7498,-1.1929,-1.5290,6.0048,0.1753,-1.2983,5.3424,-1.1529,-1.5198
223.50,5.7630,-1.3228,-1.6516,6.0310,0.0484,-1.4267,5.3535,-1.2824,-1.6460
224.00,5.7554,-1.4520,-1.7019,6.0464,-0.0839,-1.4825,5.3495,-1.4150,-1.6983
224.50,5.7427,-1.5813,-1.6043,6.0615,-0.2163,-1.3950,5.3459,-1.5474,-1.6108
225.00,5.7397,-1.7110,-1.4750,6.0952,-0.3439,-1.2560,5.3512,-1.6756,-1.4696
225.50,5.7492,-1.8405,-1.5066,6.1352,-0.4688,-1.2810,5.3540,-1.7999,-1.4968
226.00,5.7520,-1.9664,-1.5323,6.1694,-0.5909,-1.3101,5.3554,-1.9264,-1.5294
226.50,5.7602,-2.0428,-1.4832,6.1919,-0.6683,-1.2601,5.3628,-2.0069,-1.4794
227.00,5.7680,-2.0590,-1.4341,6.1988,-0.6888,-1.2094,5.3689,-2.0284,-1.4287
227.50,5.7746,-2.0590,-1.3861,6.2015,-0.6956,-1.1611,5.3701,-2.0356,-1.3804
228.00,5.7807,-2.0591,-1.3397,6.2040,-0.7011,-1.1141,5.3713,-2.0415,-1.3334
228.50,5.7864,-2.0591,-1.2946,6.2068,-0.7065,-1.0686,5.3729,-2.0473,-1.2879
229.00,5.7915,-2.0591,-1.2509,6.2093,-0.7109,-1.0240,5.3744,-2.0522,-1.2432
229.50,5.7962,-2.0592,-1.2085,6.2123,-0.7157,-0.9807,5.3763,-2.0576,-1.2000
230.00,5.8003,-2.0592,-1.1673,6.2150,-0.7195,-0.9393,5.3781,-2.0619,-1.1585
230.50,5.8040,-2.0592,-1.1272,6.2175,-0.7228,-0.8983,5.4011,-2.0251,-1.1245
231.00,5.8072,-2.0593,-1.0881,6.2191,-0.7248,-0.8586,5.4022,-2.0274,-1.0849
231.50,5.8100,-2.0593,-1.0501,6.2210,-0.7269,-0.8196,5.4035,-2.0298,-1.0459
232.00,5.8122,-2.0594,-1.0131,6.2227,-0.7286,-0.7823,5.4048,-2.0319,-1.0086
232.50,5.8140,-2.0594,-0.9771,6.2240,-0.7299,-0.7455,5.4058,-2.0335,-0.9718
233.00,5.8154,-2.0595,-0.9420,6.2251,-0.7309,-0.7105,5.4067,-2.0347,-0.9368
233.50,5.8163,-2.0596,-0.9078,6.2257,-0.7314,-0.6756,5.4072,-2.0353,-0.9019
234.00,5.8168,-2.0596,-0.8744,6.2259,-0.7315,-0.6422,5.4073,-2.0355,-0.8684
234.50,5.8168,-2.0596,-0.8419,6.2260,-0.7316,-0.6084,5.4074,-2.0356,-0.8347
235.00,5.8167,-2.0594,-0.8088,6.2258,-0.7315,-0.5753,5.4072,-2.0354,-0.8016
235.50,5.8167,-2.0593,-0.7746,6.2255,-0.7313,-0.5406,5.4070,-2.0352,-0.7669
236.00,5.8162,-2.0594,-0.7411,6.2255,-0.7313,-0.5061,5.4070,-2.0352,-0.7323
236.50,5.8161,-2.0594,-0.7085,6.2255,-0.7313,-0.4732,5.4069,-2.0352,-0.6995
237.00,5.8160,-2.0591,-0.6755,6.2252,-0.7312,-0.4400,5.4067,-2.0350,-0.6662
237.50,5.8160,-2.0584,-0.6417,6.2242,-0.7307,-0.4052,5.4058,-2.0343,-0.6315
238.00,5.8159,-2.0572,-0.6069,6.2227,-0.7301,-0.3701,5.4045,-2.0334,-0.5963
238.50,5.8159,-2.0556,-0.5712,6.2216,-0.7297,-0.3343,5.4035,-2.0327,-0.5605
239.00,5.8158,-2.0535,-0.5346,6.2201,-0.7292,-0.2970,5.4022,-2.0319,-0.5233
239.50,5.8158,-2.0509,-0.4969,6.2176,-0.7285,-0.2588,5.3999,-2.0306,-0.4851
240.00,5.8157,-2.0479,-0.4583,6.2155,-0.7279,-0.2196,5.3979,-2.0297,-0.4459
240.50,5.8157,-2.0444,-0.4186,6.2120,-0.7272,-0.1792,5.3947,-2.0282,-0.4055
241.00,5.8156,-2.0404,-0.3778,6.2076,-0.7265,-0.1382,5.3905,-2.0265,-0.3645
241.50,5.8156,-2.0359,-0.3358,6.2034,-0.7260,-0.0958,5.3866,-2.0251,-0.3221
242.00,5.8156,-2.0309,-0.2926,6.1981,-0.7256,-0.0517,5.3815,-2.0235,-0.2780
242.50,5.8155,-2.0255,-0.2481,6.1907,-0.7254,-0.0068,5.3744,-2.0216,-0.2331
243.00,5.8155,-2.0195,-0.2022,6.1851,-0.7255,0.0395,5.3689,-2.0204,-0.1868
243.50,5.8155,-2.0131,-0.1548,6.1786,-0.7259,0.0877,5.3625,-2.0194,-0.1385
244.00,5.8155,-2.0062,-0.1057,6.1714,-0.7267,0.1371,5.3552,-2.0185,-0.0892
244.50,5.8155,-1.9988,-0.0549,6.1626,-0.7282,0.1885,5.4066,-1.9651,-0.0517
245.00,5.8155,-1.9910,-0.0020,6.1556,-0.7297,0.2416,5.3994,-1.9649,0.0014
245.50,5.8155,-1.9831,0.0509,6.1618,-0.7280,0.2948,5.4059,-1.9647,0.0545
246.00,5.8155,-1.9757,0.1019,6.1689,-0.7256,0.3462,5.4134,-1.9642,0.1059
246.50,5.8155,-1.9687,0.1511,6.1758,-0.7229,0.3969,5.4207,-1.9632,0.1567
247.00,5.8155,-1.9623,0.1987,6.1812,-0.7205,0.4448,5.4265,-1.9621,0.2045
247.50,5.8155,-1.9563,0.2447,6.1860,-0.7181,0.4912,5.4317,-1.9609,0.2510
248.00,5.8156,-1.9508,0.2893,6.1905,-0.7156,0.5363,5.4368,-1.9595,0.2961
248.50,5.8156,-1.9458,0.3326,6.1947,-0.7130,0.5800,5.4414,-1.9580,0.3398
249.00,5.8156,-1.9413,0.3747,6.1981,-0.7106,0.6228,5.4452,-1.9565,0.3826
249.50,5.8157,-1.9382,0.4094,6.2004,-0.7089,0.6584,5.4479,-1.9554,0.4182
250.00,5.8157,-1.9347,0.4493,6.2032,-0.7067,0.6993,5.4512,-1.9539,0.4590
250.50,5.8158,-1.9316,0.4882,6.2059,-0.7043,0.7385,5.4543,-1.9523,0.4983
251.00,5.8158,-1.9289,0.5261,6.2076,-0.7027,0.7771,5.4563,-1.9511,0.5368
251.50,5.8159,-1.9267,0.5629,6.2094,-0.7008,0.8144,5.4334,-1.9118,0.5698
252.00,5.8159,-1.9250,0.5988,6.2103,-0.6998,0.8504,5.4190,-1.8878,0.6032
252.50,5.8160,-1.9237,0.6338,6.2114,-0.6985,0.8857,5.4204,-1.8868,0.6385
253.00,5.8160,-1.9228,0.6679,6.2120,-0.6978,0.9203,5.4211,-1.8862,0.6731
253.50,5.8161,-1.9224,0.7011,6.2125,-0.6972,0.9546,5.4217,-1.8857,0.7074
254.00,5.8161,-1.9224,0.7336,6.2124,-0.6972,0.9876,5.4217,-1.8858,0.7404
254.50,5.8158,-1.9225,0.7669,6.2123,-0.6975,1.0215,5.4214,-1.8860,0.7743
255.00,5.8158,-1.9226,0.8011,6.2122,-0.6976,1.0561,5.4214,-1.8860,0.8089
255.50,5.8158,-1.9230,0.8345,6.2120,-0.6980,1.0898,5.4210,-1.8864,0.8426
256.00,5.8158,-1.9232,0.8670,6.2119,-0.6981,1.1228,5.4210,-1.8865,0.8756
256.50,5.8155,-1.9232,0.9001,6.2118,-0.6984,1.1562,5.4208,-1.8867,0.9090
257.00,5.8147,-1.9233,0.9341,6.2113,-0.6995,1.1913,5.4200,-1.8877,0.9440
257.50,5.8134,-1.9233,0.9690,6.2109,-0.7006,1.2267,5.4194,-1.8887,0.9795
258.00,5.8117,-1.9234,1.0048,6.2101,-0.7030,1.2634,5.4180,-1.8908,1.0162
258.50,5.8096,-1.9234,1.0416,6.2097,-0.7044,1.3004,5.4173,-1.8921,1.0532
259.00,5.8069,-1.9235,1.0794,6.2090,-0.7070,1.3384,5.4160,-1.8944,1.0912
259.50,5.8038,-1.9235,1.1182,6.2082,-0.7107,1.3781,5.4143,-1.8978,1.1309
260.00,5.8003,-1.9236,1.1580,6.2075,-0.7151,1.4181,5.4125,-1.9019,1.1709
260.50,5.7962,-1.9236,1.1990,6.2069,-0.7195,1.4597,5.4108,-1.9060,1.2125
261.00,5.7917,-1.9236,1.2412,6.2065,-0.7237,1.5019,5.4094,-1.9100,1.2546
261.50,5.7866,-1.9237,1.2845,6.2063,-0.7293,1.5454,5.4078,-1.9153,1.2981
262.00,5.7816,-1.9177,1.3458,6.2062,-0.7278,1.6039,5.4081,-1.9138,1.3567
262.50,5.7703,-1.8589,1.5167,6.1991,-0.6722,1.7757,5.4148,-1.8582,1.5285
263.00,5.7631,-1.7409,1.5765,6.1705,-0.5598,1.8439,5.3731,-1.7122,1.5828
263.50,5.7667,-1.6110,1.4823,6.1392,-0.4353,1.7559,5.3650,-1.5838,1.4948
264.00,5.7798,-1.4820,1.4427,6.1187,-0.2977,1.7065,5.3906,-1.4457,1.4418
264.50,5.7905,-1.3524,1.5936,6.0940,-0.1691,1.8483,5.3906,-1.3151,1.5871
265.00,5.7908,-1.2233,1.7433,6.0473,-0.0474,2.0043,5.3772,-1.1955,1.7466
265.50,5.7741,-1.0965,1.8603,5.9878,0.0672,2.1169,5.3647,-1.0658,1.8571
266.00,5.7445,-0.9782,2.0788,5.9126,0.1665,2.3351,5.3318,-0.9442,2.0774
266.50,5.6867,-0.8852,2.3023,5.8254,0.2399,2.5600,5.2822,-0.8509,2.3000
267.00,5.5962,-0.8026,2.5015,5.7128,0.2978,2.7609,5.1906,-0.7660,2.4997
267.50,5.4865,-0.7283,2.7015,5.5841,0.3361,2.9584,5.0766,-0.6957,2.6972
268.00,5.3670,-0.6625,2.9470,5.4486,0.3448,-3.0809,4.9605,-0.6422,2.9428
268.50,5.2382,-0.6203,-3.1158,5.3150,0.3206,-2.8534,4.8207,-0.6050,-3.1139
269.00,5.1086,-0.6166,-3.0255,5.1901,0.2761,-2.7583,4.6868,-0.5906,-3.0212
269.50,4.9797,-0.6301,-3.0227,5.0744,0.2268,-2.7469,4.5665,-0.5980,-3.0115
270.00,4.8500,-0.6398,3.0937,4.9495,0.1849,-2.9103,4.4251,-0.6057,3.1083
270.50,4.7206,-0.6352,3.0346,4.8126,0.1596,-2.9794,4.2878,-0.5988,3.0378
271.00,4.5911,-0.6273,3.0814,4.6887,0.1365,-2.9319,4.1573,-0.5881,3.0866
271.50,4.4612,-0.6228,3.0919,4.5589,0.1070,-2.9190,4.0280,-0.5923,3.0995
272.00,4.3314,-0.6178,3.1007,4.4285,0.0772,-2.9105,3.9001,-0.5868,3.1063
272.50,4.2014,-0.6167,3.1203,4.3043,0.0467,-2.8900,3.7638,-0.5833,3.1276
273.00,4.0715,-0.6161,3.1297,4.1749,0.0127,-2.8799,3.6363,-0.5822,3.1378
273.50,3.9415,-0.6149,3.1272,4.0537,-0.0200,-2.8803,3.4946,-0.5871,3.1373
274.00,3.8115,-0.6105,3.1149,3.9336,-0.0509,-2.8933,3.3713,-0.5854,3.1244
274.50,3.6815,-0.6084,3.1250,3.8038,-0.0843,-2.8836,3.2410,-0.5791,3.1318
275.00,3.5515,-0.6103,-3.1391,3.6773,-0.1193,-2.8634,3.1011,-0.5790,-3.1289
275.50,3.4215,-0.6099,3.1407,3.5497,-0.1557,-2.8657,2.9709,-0.5807,-3.1341
276.00,3.2915,-0.6091,3.1373,3.4139,-0.1939,-2.8682,2.8360,-0.5812,-3.1372
276.50,3.1615,-0.6081,3.1355,3.2863,-0.2296,-2.8698,2.7180,-0.5814,-3.1388
277.00,3.0315,-0.6072,3.1349,3.1555,-0.2661,-2.8696,2.5923,-0.5812,-3.1386
277.50,2.9016,-0.6063,3.1351,3.0264,-0.3021,-2.8691,2.4740,-0.5810,-3.1381
278.00,2.7716,-0.6057,3.1360,2.9005,-0.3373,-2.8678,2.3445,-0.5807,-3.1386
278.50,2.6416,-0.6052,3.1372,2.7650,-0.3755,-2.8658,2.1981,-0.5834,-3.1365
279.00,2.5116,-0.6022,3.1221,2.6388,-0.4105,-2.8798,2.0548,-0.5850,3.1303
279.50,2.3816,-0.6010,3.1334,2.5099,-0.4453,-2.8689,1.9144,-0.5797,3.1400
280.00,2.2516,-0.6019,3.1411,2.3829,-0.4817,-2.8602,1.7901,-0.5799,-3.1333
280.50,2.1216,-0.6014,3.1392,2.2546,-0.5187,-2.8620,1.6598,-0.5806,-3.1351
281.00,1.9916,-0.6009,3.1382,2.1274,-0.5551,-2.8631,1.5308,-0.5841,-3.1373
281.50,1.8616,-0.5984,3.1276,1.9939,-0.5924,-2.8732,1.3927,-0.5829,3.1358
282.00,1.7316,-0.5973,3.1313,1.8694,-0.6269,-2.8692,1.2763,-0.5820,3.1386
282.50,1.6016,-0.5967,3.1348,1.7484,-0.6609,-2.8653,1.1428,-0.5814,-3.1407
283.00,1.4716,-0.5959,3.1351,1.6216,-0.6970,-2.8642,1.0043,-0.5815,-3.1396
283.50,1.3416,-0.5950,3.1346,1.4915,-0.7340,-2.8644,0.8842,-0.5814,-3.1406
284.00,1.2116,-0.5946,3.1373,1.3560,-0.7727,-2.8613,0.7601,-0.5803,-3.1379
284.50,1.0816,-0.5947,3.1402,1.2253,-0.8107,-2.8573,0.6080,-0.5820,-3.1343
285.00,0.9516,-0.5926,3.1295,1.1020,-0.8462,-2.8669,0.5016,-0.5831,3.1386
285.50,0.8216,-0.5908,3.1288,0.9746,-0.8820,-2.8671,0.3694,-0.5828,3.1360
286.00,0.6916,-0.5897,3.1312,0.8521,-0.9167,-2.8642,0.2592,-0.5865,3.1390
286.50,0.5617,-0.5852,3.1137,0.7259,-0.9516,-2.8804,0.1487,-0.5838,3.1223
287.00,0.4317,-0.5841,3.1368,0.5960,-0.9872,-2.8581,0.0146,-0.5767,3.1416
287.50,0.3017,-0.5858,-3.1383,0.4708,-1.0249,-2.8486,-0.1537,-0.5823,-3.1299
288.00,0.1717,-0.5830,3.1287,0.3477,-1.0611,-2.8650,-0.2748,-0.5844,3.1372
288.50,0.0417,-0.5805,3.1255,0.2194,-1.0971,-2.8687,-0.4138,-0.5823,3.1324
289.00,-0.0883,-0.5803,3.1354,0.0868,-1.1349,-2.8574,-0.5417,-0.5790,-3.1395
289.50,-0.2183,-0.5812,3.1404,-0.0421,-1.1733,-2.8488,-0.6658,-0.5828,-3.1333
290.00,-0.3483,-0.5791,3.1310,-0.1634,-1.2091,-2.8574,-0.8014,-0.5821,3.1409
290.50,-0.4783,-0.5781,3.1327,-0.2849,-1.2446,-2.8555,-0.9254,-0.5822,3.1393
291.00,-0.6083,-0.5771,3.1331,-0.4150,-1.2831,-2.8535,-1.0602,-0.5822,-3.1410
291.50,-0.7383,-0.5763,3.1334,-0.5472,-1.3224,-2.8511,-1.1799,-0.5864,-3.1401
292.00,-0.8682,-0.5722,3.1182,-0.6717,-1.3582,-2.8679,-1.3033,-0.5855,3.1243
292.50,-0.9982,-0.5703,3.1239,-0.7976,-1.3939,-2.8616,-1.4405,-0.5836,3.1306
293.00,-1.1282,-0.5693,3.1299,-0.9234,-1.4305,-2.8552,-1.5731,-0.5826,3.1370
293.50,-1.2582,-0.5684,3.1327,-1.0500,-1.4680,-2.8523,-1.7026,-0.5821,3.1399
294.00,-1.3882,-0.5676,3.1338,-1.1788,-1.5065,-2.8505,-1.8314,-0.5821,-3.1415
294.50,-1.5182,-0.5665,3.1336,-1.3020,-1.5434,-2.8502,-1.9453,-0.5822,3.1408
295.00,-1.6482,-0.5655,3.1340,-1.4261,-1.5807,-2.8494,-2.0789,-0.5822,3.1416
295.50,-1.7782,-0.5643,3.1329,-1.5560,-1.6198,-2.8499,-2.1963,-0.5824,3.1412
296.00,-1.9082,-0.5630,3.1319,-1.6827,-1.6578,-2.8499,-2.3192,-0.5825,3.1402
296.50,-2.0382,-0.5616,3.1314,-1.8078,-1.6954,-2.8498,-2.4440,-0.5828,3.1386
297.00,-2.1682,-0.5604,3.1321,-1.9355,-1.7338,-2.8484,-2.5754,-0.5828,3.1400
297.50,-2.2981,-0.5589,3.1305,-2.0609,-1.7717,-2.8493,-2.6977,-0.5830,3.1391
298.00,-2.4281,-0.5572,3.1296,-2.1915,-1.8110,-2.8491,-2.8251,-0.5834,3.1376
298.50,-2.5581,-0.5555,3.1289,-2.3161,-1.8485,-2.8493,-2.9573,-0.5833,3.1356
299.00,-2.6881,-0.5552,3.1406,-2.4455,-1.8877,-2.8385,-3.0947,-0.5788,-3.1368
299.50,-2.8181,-0.5568,-3.1355,-2.5706,-1.9278,-2.8296,-3.2260,-0.5805,-3.1290
300.00,-2.9481,-0.5564,-3.1412,-2.6951,-1.9676,-2.8343,-3.3705,-0.5822,-3.1344
300.50,-3.0781,-0.5551,3.1357,-2.8195,-2.0066,-2.8397,-3.4943,-0.5825,-3.1398
301.00,-3.2081,-0.5543,3.1360,-2.9457,-2.0460,-2.8387,-3.6307,-0.5828,-3.1388
301.50,-3.3097,-0.5507,3.0948,-3.0453,-2.0758,-2.8774,-3.7288,-0.5820,3.1022
302.00,-3.3486,-0.5424,3.0450,-3.0876,-2.0864,-2.9283,-3.7743,-0.5751,3.0478
302.50,-3.3491,-0.5356,2.9958,-3.0953,-2.0879,-2.9775,-3.7820,-0.5743,2.9987
303.00,-3.3491,-0.5290,2.9481,-3.1015,-2.0888,-3.0246,-3.7742,-0.5626,2.9550
303.50,-3.3491,-0.5230,2.9019,-3.1079,-2.0895,-3.0702,-3.7805,-0.5613,2.9095
304.00,-3.3491,-0.5175,2.8572,-3.1131,-2.0897,-3.1143,-3.7855,-0.5600,2.8654
304.50,-3.3492,-0.5124,2.8137,-3.1179,-2.0898,3.1268,-3.7901,-0.5586,2.8233
305.00,-3.3492,-0.5078,2.7715,-3.1222,-2.0897,3.0854,-3.7942,-0.5572,2.7819
305.50,-3.3493,-0.5038,2.7305,-3.1266,-2.0893,3.0451,-3.7983,-0.5556,2.7416
306.00,-3.3493,-0.5002,2.6906,-3.1306,-2.0889,3.0053,-3.8019,-0.5540,2.7018
306.50,-3.3493,-0.4971,2.6517,-3.1332,-2.0885,2.9673,-3.8044,-0.5528,2.6638
307.00,-3.3494,-0.4944,2.6139,-3.1363,-2.0879,2.9295,-3.8072,-0.5513,2.6260
307.50,-3.3494,-0.4922,2.5771,-3.1382,-2.0874,2.8933,-3.8088,-0.5503,2.5898
308.00,-3.3495,-0.4905,2.5412,-3.1400,-2.0870,2.8576,-3.8104,-0.5493,2.5540
308.50,-3.3496,-0.4892,2.5063,-3.1414,-2.0865,2.8233,-3.7827,-0.5197,2.5128
309.00,-3.3496,-0.4884,2.4723,-3.1424,-2.0862,2.7892,-3.7835,-0.5191,2.4787
309.50,-3.3497,-0.4880,2.4391,-3.1431,-2.0859,2.7566,-3.7841,-0.5186,2.4461
310.00,-3.3498,-0.4880,2.4066,-3.1432,-2.0859,2.7248,-3.7842,-0.5185,2.4143
310.50,-3.3502,-0.4881,2.3733,-3.1435,-2.0857,2.6917,-3.7844,-0.5183,2.3813
311.00,-3.3503,-0.4881,2.3391,-3.1437,-2.0856,2.6581,-3.7846,-0.5182,2.3476
311.50,-3.3504,-0.4878,2.3057,-3.1441,-2.0854,2.6258,-3.7849,-0.5178,2.3153
312.00,-3.3504,-0.4878,2.2732,-3.1441,-2.0854,2.5937,-3.7849,-0.5179,2.2832
312.50,-3.3500,-0.4879,2.2401,-3.1438,-2.0856,2.5608,-3.7847,-0.5181,2.2504
313.00,-3.3492,-0.4879,2.2060,-3.1432,-2.0860,2.5275,-3.7842,-0.5187,2.2170
313.50,-3.3479,-0.4880,2.1711,-3.1423,-2.0867,2.4928,-3.7835,-0.5196,2.1823
314.00,-3.3462,-0.4880,2.1352,-3.1411,-2.0876,2.4576,-3.7827,-0.5208,2.1471
314.50,-3.3440,-0.4881,2.0984,-3.1397,-2.0888,2.4207,-3.7817,-0.5224,2.1103
315.00,-3.3414,-0.4881,2.0606,-3.1378,-2.0906,2.3833,-3.7804,-0.5247,2.0728
315.50,-3.3383,-0.4882,2.0218,-3.1360,-2.0923,2.3451,-3.7793,-0.5269,2.0346
316.00,-3.3347,-0.4882,1.9819,-3.1336,-2.0949,2.3059,-3.7778,-0.5300,1.9954
316.50,-3.3306,-0.4883,1.9408,-3.1305,-2.0984,2.2656,-3.7759,-0.5343,1.9551
317.00,-3.3260,-0.4883,1.8986,-3.1272,-2.1025,2.2239,-3.7741,-0.5392,1.9134
317.50,-3.3210,-0.4883,1.8552,-3.1240,-2.1070,2.1812,-3.7723,-0.5446,1.8707
318.00,-3.3154,-0.4884,1.8104,-3.1209,-2.1116,2.1370,-3.7708,-0.5499,1.8265
318.50,-3.3094,-0.4884,1.7642,-3.1173,-2.1176,2.0918,-3.7692,-0.5566,1.7813
319.00,-3.3029,-0.4884,1.7165,-3.1138,-2.1240,2.0448,-3.7678,-0.5638,1.7343
319.50,-3.2959,-0.4884,1.6671,-3.1108,-2.1302,1.9961,-3.7326,-0.5210,1.6751
320.00,-3.2884,-0.4884,1.6159,-3.1070,-2.1392,1.9459,-3.7318,-0.5308,1.6249
320.50,-3.2805,-0.4884,1.5628,-3.1041,-2.1470,1.8929,-3.7316,-0.5390,1.5719
321.00,-3.2727,-0.4884,1.5102,-3.1064,-2.1396,1.8408,-3.7314,-0.5314,1.5199
321.50,-3.2653,-0.4884,1.4595,-3.1080,-2.1330,1.7910,-3.7309,-0.5246,1.4700
322.00,-3.2585,-0.4884,1.4107,-3.1092,-2.1272,1.7429,-3.7301,-0.5187,1.4219
322.50,-3.2548,-0.4884,1.3834,-3.1099,-2.1228,1.7126,-3.7294,-0.5143,1.3917
323.00,-3.2536,-0.4884,1.3636,-3.1100,-2.1217,1.6966,-3.7292,-0.5132,1.3756
323.50,-3.2478,-0.4883,1.3178,-3.1105,-2.1173,1.6509,-3.7283,-0.5089,1.3300
324.00,-3.2424,-0.4883,1.2735,-3.1108,-2.1119,1.6070,-3.7268,-0.5037,1.2861
324.50,-3.2375,-0.4883,1.2304,-3.1109,-2.1074,1.5641,-3.7255,-0.4993,1.2431
325.00,-3.2331,-0.4882,1.1885,-3.1108,-2.1037,1.5225,-3.7243,-0.4959,1.2015
325.50,-3.2291,-0.4882,1.1479,-3.1105,-2.1000,1.4824,-3.7228,-0.4925,1.1615
326.00,-3.2257,-0.4881,1.1083,-3.1102,-2.0968,1.4434,-3.7215,-0.4895,1.1225
326.50,-3.2227,-0.4881,1.0697,-3.1095,-2.0923,1.4053,-3.7195,-0.4855,1.0843
327.00,-3.2202,-0.4881,1.0322,-3.1089,-2.0891,1.3680,-3.7179,-0.4826,1.0471
327.50,-3.2181,-0.4880,0.9957,-3.1085,-2.0873,1.3318,-3.7169,-0.4810,1.0109
328.00,-3.2166,-0.4879,0.9601,-3.1080,-2.0852,1.2974,-3.7157,-0.4792,0.9765
328.50,-3.2154,-0.4879,0.9254,-3.1077,-2.0843,1.2633,-3.7152,-0.4785,0.9423
329.00,-3.2147,-0.4878,0.8916,-3.1074,-2.0834,1.2300,-3.7146,-0.4777,0.9091
329.50,-3.2145,-0.4878,0.8587,-3.1072,-2.0830,1.1978,-3.7143,-0.4773,0.8769
330.00,-3.2145,-0.4876,0.8261,-3.1072,-2.0828,1.1658,-3.7142,-0.4772,0.8448
330.50,-3.2146,-0.4872,0.7925,-3.1071,-2.0826,1.1326,-3.7140,-0.4770,0.8117
331.00,-3.2145,-0.4871,0.7584,-3.1069,-2.0823,1.0994,-3.7138,-0.4768,0.7785
331.50,-3.2142,-0.4871,0.7254,-3.1068,-2.0819,1.0674,-3.7136,-0.4765,0.7465
332.00,-3.2143,-0.4871,0.6928,-3.1067,-2.0819,1.0356,-3.7135,-0.4764,0.7146
332.50,-3.2143,-0.4877,0.6594,-3.1070,-2.0824,1.0023,-3.7139,-0.4768,0.6813
333.00,-3.2144,-0.4886,0.6251,-3.1074,-2.0830,0.9680,-3.7145,-0.4773,0.6471
333.50,-3.2145,-0.4900,0.5899,-3.1082,-2.0841,0.9335,-3.7156,-0.4781,0.6126
334.00,-3.2145,-0.4919,0.5537,-3.1092,-2.0853,0.8977,-3.7169,-0.4790,0.5768
334.50,-3.2062,-0.4902,0.4948,-3.1058,-2.0813,0.8443,-3.7124,-0.4763,0.5234
335.00,-3.1457,-0.4794,0.3035,-3.0618,-2.0402,0.6575,-3.5992,-0.4985,0.3174
335.50,-3.0292,-0.4716,0.1586,-2.9588,-1.9742,0.5043,-3.4662,-0.4869,0.1642
336.00,-2.9475,-0.4583,0.1720,-2.8823,-1.9332,0.5132,-3.3878,-0.4875,0.1731
336.50,-2.9267,-0.4490,0.2184,-2.8574,-1.9188,0.5611,-3.3526,-0.4826,0.2227
337.00,-2.9267,-0.4432,0.2638,-2.8531,-1.9159,0.6072,-3.3476,-0.4813,0.2688
337.50,-2.9267,-0.4379,0.3078,-2.8490,-1.9130,0.6522,-3.3429,-0.4799,0.3138
338.00,-2.9266,-0.4331,0.3506,-2.8458,-1.9104,0.6957,-3.3561,-0.4636,0.3538
338.50,-2.9266,-0.4288,0.3922,-2.8424,-1.9075,0.7384,-3.3520,-0.4620,0.3965
339.00,-2.9266,-0.4250,0.4326,-2.8390,-1.9043,0.7793,-3.3477,-0.4601,0.4374
339.50,-2.9265,-0.4216,0.4719,-2.8367,-1.9019,0.8196,-3.3448,-0.4586,0.4777
340.00,-2.9265,-0.4188,0.5102,-2.8345,-1.8995,0.8589,-3.3419,-0.4571,0.5170
340.50,-2.9264,-0.4164,0.5475,-2.8331,-1.8977,0.8973,-3.3399,-0.4559,0.5554
341.00,-2.9264,-0.4144,0.5838,-2.8322,-1.8966,0.9339,-3.3388,-0.4551,0.5920
341.50,-2.9263,-0.4130,0.6192,-2.8316,-1.8957,0.9702,-3.3379,-0.4545,0.6282
342.00,-2.9263,-0.4119,0.6536,-2.8310,-1.8948,1.0061,-3.3370,-0.4538,0.6642
342.50,-2.9262,-0.4114,0.6872,-2.8308,-1.8945,1.0402,-3.3367,-0.4536,0.6983
343.00,-2.9261,-0.4112,0.7199,-2.8307,-1.8942,1.0740,-3.3365,-0.4534,0.7321
343.50,-2.9263,-0.4113,0.7527,-2.8309,-1.8947,1.1075,-3.3369,-0.4538,0.7656
344.00,-2.9265,-0.4113,0.7866,-2.8309,-1.8948,1.1424,-3.3369,-0.4538,0.8005
344.50,-2.9264,-0.4117,0.8205,-2.8311,-1.8951,1.1767,-3.3372,-0.4541,0.8348
345.00,-2.9264,-0.4119,0.8532,-2.8312,-1.8953,1.2099,-3.3373,-0.4543,0.8680
345.50,-2.9266,-0.4120,0.8860,-2.8313,-1.8956,1.2429,-3.3375,-0.4545,0.9010
346.00,-2.9272,-0.4120,0.9196,-2.8316,-1.8966,1.2775,-3.3381,-0.4553,0.9356
346.50,-2.9282,-0.4121,0.9541,-2.8319,-1.8976,1.3128,-3.3387,-0.4562,0.9709
347.00,-2.9297,-0.4121,0.9896,-2.8322,-1.8992,1.3489,-3.3396,-0.4575,1.0070
347.50,-2.9317,-0.4122,1.0259,-2.8324,-1.9001,1.3857,-3.3401,-0.4583,1.0438
348.00,-2.9341,-0.4122,1.0633,-2.8328,-1.9021,1.4237,-3.3411,-0.4601,1.0818
348.50,-2.9370,-0.4123,1.1016,-2.8331,-1.9047,1.4627,-3.3423,-0.4624,1.1208
349.00,-2.9404,-0.4123,1.1410,-2.8334,-1.9084,1.5031,-3.3439,-0.4658,1.1612
349.50,-2.9443,-0.4124,1.1815,-2.8336,-1.9123,1.5442,-3.3453,-0.4695,1.2023
350.00,-2.9486,-0.4124,1.2232,-2.8336,-1.9156,1.5861,-3.3465,-0.4725,1.2442
350.50,-2.9534,-0.4125,1.2661,-2.8334,-1.9214,1.6298,-3.3482,-0.4781,1.2879
351.00,-2.9587,-0.4125,1.3102,-2.8329,-1.9273,1.6747,-3.3497,-0.4838,1.3328
351.50,-2.9645,-0.4125,1.3557,-2.8322,-1.9331,1.7211,-3.3510,-0.4895,1.3792
352.00,-2.9708,-0.4125,1.4027,-2.8312,-1.9390,1.7689,-3.3520,-0.4954,1.4270
352.50,-2.9776,-0.4126,1.4513,-2.8296,-1.9459,1.8177,-3.3528,-0.5024,1.4758
353.00,-2.9849,-0.4126,1.5016,-2.8278,-1.9524,1.8687,-3.3533,-0.5092,1.5268
353.50,-2.9926,-0.4126,1.5539,-2.8258,-1.9587,1.9213,-3.4216,-0.4456,1.5584
354.00,-3.0005,-0.4126,1.6072,-2.8263,-1.9575,1.9758,-3.4217,-0.4442,1.6129
354.50,-3.0081,-0.4126,1.6587,-2.8295,-1.9505,2.0286,-3.4222,-0.4366,1.6658
355.00,-3.0152,-0.4126,1.7084,-2.8325,-1.9448,2.0790,-3.4229,-0.4302,1.7161
355.50,-3.0218,-0.4125,1.7564,-2.8355,-1.9396,2.1278,-3.4239,-0.4242,1.7649
356.00,-3.0279,-0.4125,1.8028,-2.8388,-1.9345,2.1753,-3.4252,-0.4183,1.8124
356.50,-3.0323,-0.4125,1.8378,-2.8420,-1.9301,2.2141,-3.4266,-0.4131,1.8512
357.00,-3.0360,-0.4125,1.8781,-2.8441,-1.9274,2.2536,-3.4276,-0.4098,1.8907
357.50,-3.0408,-0.4124,1.9209,-2.8467,-1.9244,2.2971,-3.4290,-0.4060,1.9342
358.00,-3.0451,-0.4124,1.9625,-2.8499,-1.9209,2.3397,-3.4307,-0.4017,1.9768
358.50,-3.0489,-0.4123,2.0029,-2.8532,-1.9177,2.3812,-3.4326,-0.3975,2.0184
359.00,-3.0522,-0.4123,2.0423,-2.8561,-1.9150,2.4210,-3.4647,-0.4196,2.0495
359.50,-3.0551,-0.4122,2.0806,-2.8581,-1.9133,2.4593,-3.4843,-0.4330,2.0825
360.00,-3.0575,-0.4122,2.1179,-2.8594,-1.9123,2.4970,-3.4851,-0.4316,2.1202
360.50,-3.0595,-0.4121,2.1542,-2.8615,-1.9108,2.5340,-3.4866,-0.4293,2.1572
361.00,-3.0609,-0.4121,2.1896,-2.8627,-1.9100,2.5699,-3.4873,-0.4282,2.1931
361.50,-3.0620,-0.4120,2.2240,-2.8638,-1.9093,2.6048,-3.4881,-0.4272,2.2280
362.00,-3.0626,-0.4120,2.2576,-2.8644,-1.9089,2.6389,-3.4886,-0.4266,2.2621
362.50,-3.0627,-0.4119,2.2903,-2.8649,-1.9087,2.6722,-3.4889,-0.4262,2.2954
363.00,-3.0627,-0.4121,2.3231,-2.8648,-1.9087,2.7060,-3.4889,-0.4262,2.3292
363.50,-3.0626,-0.4123,2.3570,-2.8647,-1.9088,2.7408,-3.4888,-0.4263,2.3640
364.00,-3.0623,-0.4122,2.3909,-2.8644,-1.9089,2.7750,-3.4886,-0.4265,2.3982
364.50,-3.0620,-0.4122,2.4237,-2.8643,-1.9089,2.8082,-3.4885,-0.4266,2.4314
365.00,-3.0619,-0.4123,2.4564,-2.8643,-1.9089,2.8417,-3.4884,-0.4266,2.4649
365.50,-3.0619,-0.4129,2.4900,-2.8638,-1.9091,2.8754,-3.4881,-0.4269,2.4986
366.00,-3.0618,-0.4140,2.5245,-2.8625,-1.9094,2.9105,-3.4869,-0.4277,2.5337
366.50,-3.0618,-0.4155,2.5600,-2.8603,-1.9099,2.9464,-3.4851,-0.4289,2.5696
367.00,-3.0617,-0.4175,2.5963,-2.8586,-1.9102,2.9833,-3.4836,-0.4299,2.6065
367.50,-3.0617,-0.4199,2.6337,-2.8565,-1.9105,3.0207,-3.4818,-0.4309,2.6439
368.00,-3.0616,-0.4228,2.6720,-2.8540,-1.9107,3.0597,-3.4796,-0.4320,2.6829
368.50,-3.0616,-0.4261,2.7114,-2.8506,-1.9109,3.0994,-3.4765,-0.4335,2.7226
369.00,-3.0615,-0.4300,2.7519,-2.8462,-1.9110,3.1410,-3.4724,-0.4352,2.7642
369.50,-3.0615,-0.4343,2.7935,-2.8412,-1.9109,-3.0996,-3.4677,-0.4369,2.8068
370.00,-3.0615,-0.4392,2.8364,-2.8372,-1.9107,-3.0561,-3.4639,-0.4382,2.8503
370.50,-3.0621,-0.4443,2.8823,-2.8326,-1.9101,-3.0123,-3.4595,-0.4394,2.8941
371.00,-3.1018,-0.4522,3.0350,-2.8722,-1.9184,-2.8629,-3.4993,-0.4325,3.0435
371.50,-3.2053,-0.4629,3.1388,-2.9694,-1.9541,-2.7486,-3.6298,-0.4653,-3.1341
372.00,-3.3353,-0.4591,3.0602,-3.0983,-2.0054,-2.8162,-3.7681,-0.4852,3.0763
372.50,-3.4636,-0.4459,2.9359,-3.2235,-2.0376,-2.9460,-3.8912,-0.4675,2.9425
373.00,-3.5798,-0.4230,2.9862,-3.3456,-2.0625,-2.9038,-4.0237,-0.4535,2.9834
373.50,-3.7012,-0.4085,-3.1332,-3.4649,-2.1024,-2.7375,-4.1411,-0.4440,-3.1313
374.00,-3.8312,-0.4077,-3.1269,-3.5892,-2.1583,-2.7253,-4.2756,-0.4378,-3.1178
374.50,-3.9612,-0.4093,-3.1356,-3.7134,-2.2132,-2.7319,-4.3951,-0.4388,-3.1272
375.00,-4.0912,-0.4113,-3.1228,-3.8314,-2.2640,-2.7245,-4.5192,-0.4390,-3.1205
375.50,-4.2211,-0.4182,-3.1137,-3.9507,-2.3191,-2.7083,-4.6459,-0.4490,-3.1021
376.00,-4.3511,-0.4176,3.1397,-4.0711,-2.3709,-2.7454,-4.7811,-0.4506,-3.1402
376.50,-4.4810,-0.4228,-3.0851,-4.1955,-2.4266,-2.6915,-4.9111,-0.4543,-3.0863
377.00,-4.6103,-0.4371,-2.9834,-4.3130,-2.4899,-2.5915,-5.0402,-0.4672,-2.9829
377.50,-4.7374,-0.4606,-2.8917,-4.4239,-2.5665,-2.4928,-5.1781,-0.4994,-2.8828
378.00,-4.8633,-0.4940,-2.8769,-4.5273,-2.6457,-2.4795,-5.3075,-0.5299,-2.8743
378.50,-4.9881,-0.5331,-2.8518,-4.6344,-2.7328,-2.4473,-5.4138,-0.5692,-2.8422
379.00,-5.1136,-0.5654,-2.8928,-4.7414,-2.8172,-2.4902,-5.5611,-0.6061,-2.8886
379.50,-5.2382,-0.6027,-2.7954,-4.8457,-2.9026,-2.3965,-5.6779,-0.6444,-2.7970
380.00,-5.3583,-0.6493,-2.6963,-4.9365,-2.9950,-2.2973,-5.8000,-0.6939,-2.6957
380.50,-5.4716,-0.7054,-2.5495,-5.0148,-3.0953,-2.1533,-5.9112,-0.7459,-2.5538
381.00,-5.5715,-0.7827,-2.3684,-5.0747,-3.2061,-1.9721,-6.0098,-0.8243,-2.3704
381.50,-5.6536,-0.8781,-2.1756,-5.1145,-3.3315,-1.7768,-6.0885,-0.9185,-2.1773
382.00,-5.7255,-0.9903,-2.0077,-5.1320,-3.4685,-1.6110,-6.1643,-1.0341,-2.0128
382.50,-5.7883,-1.1117,-1.7823,-5.1227,-3.6028,-1.3854,-6.2196,-1.1562,-1.7838
383.00,-5.8375,-1.2334,-1.4868,-5.0760,-3.7407,-1.0895,-6.2437,-1.2915,-1.4913
383.50,-5.8375,-1.3612,-1.3209,-5.0056,-3.8490,-0.9168,-6.2735,-1.3987,-1.3208
384.00,-5.8070,-1.4859,-1.2752,-4.9213,-3.9497,-0.8606,-6.2432,-1.5244,-1.2659
384.50,-5.7749,-1.6118,-1.3989,-4.8407,-4.0521,-0.9739,-6.2156,-1.6502,-1.3827
385.00,-5.7508,-1.7370,-1.6764,-4.7840,-4.1648,-1.2514,-6.2119,-1.7761,-1.6636
385.50,-5.7559,-1.8646,-1.8142,-4.7549,-4.2883,-1.3993,-6.2050,-1.9008,-1.8094
386.00,-5.7851,-1.9683,-1.8541,-4.7376,-4.3997,-1.4405,-6.2240,-2.0098,-1.8458
386.50,-5.8026,-2.0115,-1.8969,-4.7320,-4.4497,-1.4836,-6.2386,-2.0480,-1.8890
387.00,-5.8075,-2.0130,-1.9391,-4.7315,-4.4557,-1.5249,-6.2405,-2.0537,-1.9302
387.50,-5.8116,-2.0130,-1.9801,-4.7313,-4.4603,-1.5653,-6.2422,-2.0580,-1.9706
388.00,-5.8153,-2.0131,-2.0201,-4.7313,-4.4638,-1.6048,-6.2436,-2.0612,-2.0101
388.50,-5.8184,-2.0131,-2.0590,-4.7315,-4.4681,-1.6429,-6.2513,-2.0591,-2.0504
389.00,-5.8211,-2.0131,-2.0968,-4.7318,-4.4709,-1.6802,-6.2561,-2.0578,-2.0889
389.50,-5.8233,-2.0132,-2.1337,-4.7321,-4.4735,-1.7158,-6.2575,-2.0601,-2.1246
390.00,-5.8250,-2.0132,-2.1696,-4.7324,-4.4751,-1.7511,-6.2584,-2.0615,-2.1598
390.50,-5.8263,-2.0133,-2.2046,-4.7326,-4.4766,-1.7857,-6.2592,-2.0627,-2.1945
391.00,-5.8271,-2.0134,-2.2387,-4.7328,-4.4772,-1.8186,-6.2596,-2.0632,-2.2274
391.50,-5.8275,-2.0134,-2.2719,-4.7329,-4.4778,-1.8511,-6.2600,-2.0637,-2.2599
392.00,-5.8275,-2.0135,-2.3044,-4.7330,-4.4778,-1.8823,-6.2600,-2.0637,-2.2911
392.50,-5.8275,-2.0139,-2.3377,-4.7331,-4.4783,-1.9152,-6.2604,-2.0641,-2.3240
393.00,-5.8275,-2.0141,-2.3718,-4.7332,-4.4786,-1.9488,-6.2605,-2.0643,-2.3576
393.50,-5.8278,-2.0141,-2.4052,-4.7334,-4.4789,-1.9816,-6.2608,-2.0646,-2.3904
394.00,-5.8278,-2.0141,-2.4377,-4.7334,-4.4790,-2.0128,-6.2609,-2.0646,-2.4216
394.50,-5.8277,-2.0138,-2.4709,-4.7333,-4.4788,-2.0452,-6.2607,-2.0645,-2.4539
395.00,-5.8277,-2.0130,-2.5049,-4.7329,-4.4780,-2.0785,-6.2600,-2.0639,-2.4873
395.50,-5.8276,-2.0117,-2.5398,-4.7326,-4.4775,-2.1125,-6.2595,-2.0636,-2.5212
396.00,-5.8275,-2.0100,-2.5756,-4.7315,-4.4758,-2.1471,-6.2579,-2.0624,-2.5559
396.50,-5.8275,-2.0079,-2.6124,-4.7299,-4.4734,-2.1831,-6.2554,-2.0609,-2.5919
397.00,-5.8275,-2.0052,-2.6501,-4.7282,-4.4711,-2.2203,-6.2530,-2.0594,-2.6291
397.50,-5.8274,-2.0021,-2.6889,-4.7262,-4.4685,-2.2581,-6.2501,-2.0579,-2.6669
398.00,-5.8274,-1.9986,-2.7288,-4.7241,-4.4661,-2.2971,-6.2472,-2.0565,-2.7059
398.50,-5.8273,-1.9945,-2.7698,-4.7214,-4.4632,-2.3374,-6.2436,-2.0549,-2.7462
399.00,-5.8273,-1.9900,-2.8119,-4.7186,-4.4604,-2.3793,-6.2399,-2.0534,-2.7881
399.50,-5.8272,-1.9849,-2.8553,-4.7148,-4.4569,-2.4216,-6.2350,-2.0518,-2.8304
400.00,-5.8272,-1.9794,-2.9000,-4.7112,-4.4539,-2.4652,-6.2305,-2.0504,-2.8740
400.50,-5.8272,-1.9734,-2.9461,-4.7058,-4.4497,-2.5107,-6.2239,-2.0487,-2.9195
401.00,-5.8272,-1.9669,-2.9938,-4.7001,-4.4457,-2.5568,-6.2171,-2.0474,-2.9656
401.50,-5.8272,-1.9599,-3.0431,-4.6959,-4.4431,-2.6053,-6.2121,-2.0466,-3.0141
402.00,-5.8271,-1.9525,-3.0942,-4.6885,-4.4389,-2.6559,-6.2287,-2.0179,-3.0798
402.50,-5.8271,-1.9446,3.1359,-4.6806,-4.4350,-2.7080,-6.2345,-2.0005,-3.1412
403.00,-5.8271,-1.9368,3.0832,-4.6871,-4.4378,-2.7599,-6.2415,-2.0003,3.0900
403.50,-5.8272,-1.9294,3.0325,-4.6945,-4.4406,-2.8097,-6.2494,-1.9997,3.0402
404.00,-5.8272,-1.9225,2.9836,-4.7017,-4.4429,-2.8576,-6.2570,-1.9987,2.9923
404.50,-5.8272,-1.9161,2.9362,-4.7067,-4.4442,-2.9043,-6.2621,-1.9979,2.9457
405.00,-5.8272,-1.9102,2.8904,-4.7126,-4.4455,-2.9498,-6.2680,-1.9966,2.9002
405.50,-5.8273,-1.9048,2.8460,-4.7196,-4.4467,-2.9937,-6.2748,-1.9947,2.8562
406.00,-5.8273,-1.8999,2.8029,-4.7246,-4.4474,-3.0356,-6.2796,-1.9932,2.8143
406.50,-5.8273,-1.8958,2.7622,-4.7286,-4.4477,-3.0738,-6.2834,-1.9919,2.7762
407.00,-5.8274,-1.8918,2.7215,-4.7326,-4.4479,-3.1136,-6.2871,-1.9903,2.7363
407.50,-5.8274,-1.8883,2.6818,-4.7371,-4.4479,3.1311,-6.2912,-1.9885,2.6979
408.00,-5.8275,-1.8853,2.6432,-4.7400,-4.4479,3.0935,-6.2747,-1.9290,2.6498
408.50,-5.8275,-1.8828,2.6056,-4.7426,-4.4477,3.0569,-6.2770,-1.9278,2.6132
409.00,-5.8276,-1.8807,2.5690,-4.7446,-4.4475,3.0211,-6.2787,-1.9267,2.5774
409.50,-5.8276,-1.8791,2.5334,-4.7465,-4.4472,2.9863,-6.2802,-1.9257,2.5426
410.00,-5.8277,-1.8779,2.4986,-4.7470,-4.4471,2.9526,-6.2807,-1.9254,2.5089
410.50,-5.8277,-1.8772,2.4648,-4.7479,-4.4470,2.9191,-6.2814,-1.9249,2.4754
411.00,-5.8278,-1.8769,2.4318,-4.7484,-4.4468,2.8867,-6.2819,-1.9245,2.4430
411.50,-5.8279,-1.8769,2.3992,-4.7489,-4.4467,2.8553,-6.2822,-1.9242,2.4116
412.00,-5.8283,-1.8770,2.3657,-4.7492,-4.4466,2.8229,-6.2825,-1.9239,2.3792
412.50,-5.8284,-1.8769,2.3315,-4.7495,-4.4465,2.7898,-6.2827,-1.9238,2.3461
413.00,-5.8285,-1.8767,2.2984,-4.7498,-4.4464,2.7569,-6.2829,-1.9235,2.3132
413.50,-5.8284,-1.8767,2.2659,-4.7498,-4.4464,2.7253,-6.2829,-1.9235,2.2816
414.00,-5.8280,-1.8768,2.2325,-4.7493,-4.4466,2.6926,-6.2826,-1.9239,2.2489
414.50,-5.8270,-1.8768,2.1983,-4.7488,-4.4469,2.6585,-6.2822,-1.9244,2.2148
415.00,-5.8257,-1.8769,2.1632,-4.7479,-4.4474,2.6244,-6.2816,-1.9252,2.1807
415.50,-5.8238,-1.8769,2.1271,-4.7460,-4.4485,2.5897,-6.2804,-1.9270,2.1460
416.00,-5.8302,-1.8571,2.0380,-4.7612,-4.4382,2.5075,-6.2897,-1.9112,2.0639
416.50,-5.8439,-1.7781,1.8568,-4.8200,-4.3852,2.3256,-6.3090,-1.8325,1.8733
417.00,-5.8654,-1.6540,1.7873,-4.9021,-4.2882,2.2475,-6.3127,-1.6956,1.7899
417.50,-5.8961,-1.5495,1.8806,-4.9752,-4.2020,2.3381,-6.3302,-1.5960,1.8805
418.00,-5.9367,-1.4322,1.9527,-5.0653,-4.1163,2.4150,-6.3832,-1.4793,1.9574
418.50,-5.9866,-1.3127,2.0038,-5.1668,-4.0303,2.4669,-6.4366,-1.3575,2.0057
419.00,-6.0428,-1.1953,2.0179,-5.2753,-3.9462,2.4854,-6.4963,-1.2439,2.0243
419.50,-6.1020,-1.0787,2.0472,-5.3794,-3.8675,2.5127,-6.5548,-1.1271,2.0481
420.00,-6.1694,-0.9649,2.1089,-5.4928,-3.7899,2.5749,-6.6212,-1.0169,2.1137
420.50,-6.2392,-0.8544,2.1385,-5.6054,-3.7212,2.6069,-6.6855,-0.9054,2.1422
421.00,-6.2999,-0.7652,2.1772,-5.7050,-3.6648,2.6467,-6.7515,-0.8055,2.1803
421.50,-6.3272,-0.7285,2.2121,-5.7514,-3.6406,2.6822,-6.7878,-0.7690,2.2159
422.00,-6.3289,-0.7272,2.2459,-5.7536,-3.6395,2.7170,-6.7892,-0.7670,2.2506
422.50,-6.3292,-0.7272,2.2790,-5.7538,-3.6394,2.7511,-6.7894,-0.7668,2.2847
423.00,-6.3291,-0.7272,2.3115,-5.7537,-3.6394,2.7846,-6.7893,-0.7668,2.3182
423.50,-6.3291,-0.7275,2.3450,-5.7533,-3.6395,2.8187,-6.7890,-0.7672,2.3524
424.00,-6.3289,-0.7275,2.3792,-5.7532,-3.6395,2.8538,-6.7889,-0.7672,2.3874
424.50,-6.3285,-0.7274,2.4123,-5.7526,-3.6397,2.8877,-6.7885,-0.7676,2.4213
425.00,-6.3284,-0.7275,2.4449,-5.7526,-3.6397,2.9210,-6.7884,-0.7677,2.4546
425.50,-6.3284,-0.7279,2.4782,-5.7522,-3.6398,2.9549,-6.7882,-0.7679,2.4885
426.00,-6.3283,-0.7288,2.5124,-5.7517,-3.6399,2.9895,-6.7878,-0.7682,2.5231
426.50,-6.3283,-0.7302,2.5475,-5.7510,-3.6400,3.0250,-6.7872,-0.7686,2.5586
427.00,-6.3282,-0.7320,2.5835,-5.7494,-3.6401,3.0622,-6.7858,-0.7694,2.5958
427.50,-6.3282,-0.7342,2.6205,-5.7466,-3.6403,3.0998,-6.7833,-0.7708,2.6334
428.00,-6.3281,-0.7369,2.6585,-5.7439,-3.6403,3.1384,-6.7810,-0.7721,2.6721
428.50,-6.3281,-0.7402,2.6975,-5.7407,-3.6403,-3.1049,-6.7781,-0.7735,2.7119
429.00,-6.3280,-0.7438,2.7376,-5.7375,-3.6401,-3.0641,-6.7752,-0.7748,2.7527
429.50,-6.3280,-0.7480,2.7788,-5.7332,-3.6397,-3.0221,-6.7711,-0.7763,2.7947
430.00,-6.3280,-0.7526,2.8212,-5.7293,-3.6391,-2.9791,-6.7674,-0.7776,2.8377
430.50,-6.3279,-0.7578,2.8649,-5.7229,-3.6379,-2.9351,-6.7612,-0.7794,2.8817
431.00,-6.3279,-0.7634,2.9099,-5.7179,-3.6368,-2.8895,-6.7561,-0.7806,2.9273
431.50,-6.3279,-0.7695,2.9563,-5.7122,-3.6352,-2.8426,-6.7504,-0.7817,2.9742
432.00,-6.3278,-0.7761,3.0043,-5.7053,-3.6329,-2.7939,-6.7431,-0.7828,3.0229
432.50,-6.3278,-0.7832,3.0540,-5.6984,-3.6302,-2.7434,-6.7358,-0.7835,3.0734
433.00,-6.3278,-0.7908,3.1055,-5.6921,-3.6273,-2.6916,-6.7289,-0.7838,3.1252
433.50,-6.3278,-0.7987,-3.1243,-5.6888,-3.6257,-2.6380,-6.7594,-0.8194,-3.1141
434.00,-6.3278,-0.8064,-3.0720,-5.6952,-3.6294,-2.5848,-6.7875,-0.8415,-3.0669
434.50,-6.3278,-0.8137,-3.0217,-5.7002,-3.6327,-2.5339,-6.7935,-0.8421,-3.0160
435.00,-6.3279,-0.8205,-2.9732,-5.7064,-3.6373,-2.4842,-6.8011,-0.8433,-2.9663
435.50,-6.3279,-0.8268,-2.9262,-5.7111,-3.6411,-2.4365,-6.8070,-0.8445,-2.9186
436.00,-6.3279,-0.8326,-2.8807,-5.7152,-3.6447,-2.3900,-6.8124,-0.8458,-2.8721
436.50,-6.3279,-0.8379,-2.8365,-5.7198,-3.6492,-2.3453,-6.8185,-0.8476,-2.8274
437.00,-6.3280,-0.8427,-2.7937,-5.7234,-3.6530,-2.3015,-6.8235,-0.8493,-2.7836
437.50,-6.3280,-0.8470,-2.7520,-5.7262,-3.6563,-2.2587,-6.7870,-0.8922,-2.7477
438.00,-6.3281,-0.8509,-2.7115,-5.7289,-3.6597,-2.2171,-6.7910,-0.8940,-2.7061
438.50,-6.3281,-0.8543,-2.6721,-5.7312,-3.6629,-2.1769,-6.7945,-0.8957,-2.6660
439.00,-6.3281,-0.8571,-2.6338,-5.7333,-3.6660,-2.1377,-6.7978,-0.8975,-2.6267
439.50,-6.3282,-0.8596,-2.5965,-5.7346,-3.6681,-2.0998,-6.7999,-0.8987,-2.5888
440.00,-6.3282,-0.8615,-2.5601,-5.7351,-3.6691,-2.0633,-6.8009,-0.8993,-2.5524
440.50,-6.3283,-0.8630,-2.5247,-5.7360,-3.6708,-2.0271,-6.8025,-0.9005,-2.5162
441.00,-6.3284,-0.8641,-2.4902,-5.7369,-3.6727,-1.9918,-6.8041,-0.9017,-2.4809
441.50,-6.3221,-0.8595,-2.4707,-5.7339,-3.6657,-1.9694,-6.7982,-0.8969,-2.4584
442.00,-6.3064,-0.8471,-2.4707,-5.7263,-3.6476,-1.9689,-6.7830,-0.8845,-2.4579
442.50,-6.2908,-0.8346,-2.4707,-5.7190,-3.6302,-1.9686,-6.7683,-0.8726,-2.4576
443.00,-6.2751,-0.8222,-2.4707,-5.7116,-3.6126,-1.9673,-6.7536,-0.8605,-2.4564
443.50,-6.2594,-0.8098,-2.4707,-5.7043,-3.5951,-1.9663,-6.7175,-0.8603,-2.4658
444.00,-6.2438,-0.7973,-2.4707,-5.6959,-3.5750,-1.9649,-6.7005,-0.8466,-2.4644
444.50,-6.2281,-0.7849,-2.4707,-5.6876,-3.5550,-1.9642,-6.6836,-0.8330,-2.4637
445.00,-6.2124,-0.7725,-2.4707,-5.6797,-3.5358,-1.9636,-6.6675,-0.8200,-2.4631
445.50,-6.1968,-0.7600,-2.4707,-5.6710,-3.5149,-1.9628,-6.6499,-0.8058,-2.4624
446.00,-6.1811,-0.7476,-2.4707,-5.6632,-3.4960,-1.9621,-6.6335,-0.7936,-2.4651
446.50,-6.1654,-0.7352,-2.4707,-5.6552,-3.4765,-1.9613,-6.6170,-0.7803,-2.4643
447.00,-6.1498,-0.7227,-2.4707,-5.6476,-3.4581,-1.9598,-6.6015,-0.7679,-2.4628
447.50,-6.1341,-0.7103,-2.4707,-5.6400,-3.4394,-1.9589,-6.5858,-0.7552,-2.4619
448.00,-6.1310,-0.7081,-2.4499,-5.6380,-3.4347,-1.9400,-6.5809,-0.7531,-2.4500
448.50,-6.1311,-0.7082,-2.4173,-5.6380,-3.4347,-1.9065,-6.5809,-0.7531,-2.4165
449.00,-6.1308,-0.7081,-2.3844,-5.6379,-3.4343,-1.8732,-6.5807,-0.7528,-2.3832
449.50,-6.1307,-0.7080,-2.3503,-5.6379,-3.4344,-1.8382,-6.5807,-0.7529,-2.3482
450.00,-6.1308,-0.7077,-2.3166,-5.6378,-3.4339,-1.8040,-6.5803,-0.7525,-2.3140
450.50,-6.1308,-0.7075,-2.2840,-5.6377,-3.4335,-1.7705,-6.5801,-0.7522,-2.2805
451.00,-6.1306,-0.7074,-2.2511,-5.6376,-3.4329,-1.7373,-6.5797,-0.7517,-2.2473
451.50,-6.1299,-0.7074,-2.2174,-5.6375,-3.4324,-1.7028,-6.5794,-0.7513,-2.2128
452.00,-6.1288,-0.7073,-2.1827,-5.6375,-3.4323,-1.6677,-6.5793,-0.7512,-2.1777
452.50,-6.1272,-0.7072,-2.1472,-5.6374,-3.4305,-1.6318,-6.5784,-0.7498,-2.1418
453.00,-6.1252,-0.7072,-2.1107,-5.6373,-3.4289,-1.5947,-6.5775,-0.7484,-2.1047
453.50,-6.1227,-0.7071,-2.0732,-5.6373,-3.4271,-1.5567,-6.5766,-0.7468,-2.0667
454.00,-6.1198,-0.7071,-2.0347,-5.6373,-3.4255,-1.5176,-6.5759,-0.7454,-2.0276
454.50,-6.1163,-0.7071,-1.9951,-5.6377,-3.4213,-1.4772,-6.5741,-0.7415,-1.9872
455.00,-6.1124,-0.7070,-1.9545,-5.6381,-3.4177,-1.4359,-6.5727,-0.7382,-1.9459
455.50,-6.1080,-0.7070,-1.9127,-5.6387,-3.4135,-1.3932,-6.5712,-0.7343,-1.9032
456.00,-6.1031,-0.7069,-1.8696,-5.6395,-3.4098,-1.3502,-6.5700,-0.7306,-1.8602
456.50,-6.0981,-0.7286,-1.7647,-5.6346,-3.4271,-1.2507,-6.5742,-0.7482,-1.7607
457.00,-6.0841,-0.8128,-1.5701,-5.6016,-3.4982,-1.0500,-6.5802,-0.8263,-1.5600
457.50,-6.0758,-0.9385,-1.5503,-5.5377,-3.6018,-1.0197,-6.5343,-0.9679,-1.5402
458.00,-6.0778,-1.0367,-1.7185,-5.4904,-3.6909,-1.1840,-6.5274,-1.0787,-1.7080
458.50,-6.0940,-1.1580,-1.8246,-5.4526,-3.8067,-1.2961,-6.5520,-1.1981,-1.8236
459.00,-6.1262,-1.2825,-1.9076,-5.4212,-3.9344,-1.3750,-6.5793,-1.3242,-1.8990
459.50,-6.1699,-1.4043,-1.9476,-5.3981,-4.0650,-1.4144,-6.6245,-1.4489,-1.9418
460.00,-6.2234,-1.5237,-2.0152,-5.3810,-4.1990,-1.4798,-6.6772,-1.5671,-2.0086
460.50,-6.2826,-1.6401,-2.0448,-5.3715,-4.3289,-1.5095,-6.7329,-1.6855,-2.0369
461.00,-6.3478,-1.7542,-2.0971,-5.3667,-4.4627,-1.5615,-6.7916,-1.7991,-2.0907
461.50,-6.4141,-1.8662,-2.0861,-5.3667,-4.5941,-1.5574,-6.8649,-1.9128,-2.0849
462.00,-6.4748,-1.9807,-2.0641,-5.3615,-4.7312,-1.5279,-6.9175,-2.0275,-2.0554
462.50,-6.5386,-2.0943,-2.0798,-5.3579,-4.8633,-1.5447,-6.9809,-2.1451,-2.0739
463.00,-6.6055,-2.2067,-2.1176,-5.3565,-4.9980,-1.5818,-7.0487,-2.2523,-2.1131
463.50,-6.6777,-2.3163,-2.1668,-5.3605,-5.1270,-1.6288,-7.1177,-2.3613,-2.1580
464.00,-6.7535,-2.4227,-2.1942,-5.3702,-5.2549,-1.6586,-7.1906,-2.4668,-2.1891
464.50,-6.8289,-2.5285,-2.1694,-5.3820,-5.3902,-1.6386,-7.2692,-2.5776,-2.1679
465.00,-6.8988,-2.6375,-2.1371,-5.3874,-5.5193,-1.6005,-7.3348,-2.6818,-2.1297
465.50,-6.9675,-2.7475,-2.1162,-5.3907,-5.6501,-1.5797,-7.4053,-2.7930,-2.1107
466.00,-7.0352,-2.8587,-2.1261,-5.3914,-5.7849,-1.5835,-7.4738,-2.9091,-2.1166
466.50,-7.1072,-2.9679,-2.1516,-5.3953,-5.9126,-1.6122,-7.5420,-3.0071,-2.1484
467.00,-7.1762,-3.0777,-2.1325,-5.3986,-6.0425,-1.5881,-7.6113,-3.1225,-2.1243
467.50,-7.2490,-3.1864,-2.1686,-5.4034,-6.1773,-1.6228,-7.6843,-3.2360,-2.1590
468.00,-7.3255,-3.2925,-2.2034,-5.4125,-6.3070,-1.6592,-7.7583,-3.3328,-2.1989
468.50,-7.4039,-3.3966,-2.2304,-5.4255,-6.4410,-1.6830,-7.8340,-3.4409,-2.2227
469.00,-7.4865,-3.4976,-2.2728,-5.4430,-6.5706,-1.7252,-7.9156,-3.5432,-2.2666
469.50,-7.5712,-3.5962,-2.2825,-5.4648,-6.7038,-1.7355,-8.0041,-3.6403,-2.2769
470.00,-7.6555,-3.6951,-2.2710,-5.4859,-6.8352,-1.7240,-8.0834,-3.7422,-2.2689
470.50,-7.7357,-3.7891,-2.2922,-5.5060,-6.9622,-1.7414,-8.1627,-3.8404,-2.2863
471.00,-7.7826,-3.8413,-2.3251,-5.5200,-7.0377,-1.7736,-8.2140,-3.8875,-2.3185
471.50,-7.7908,-3.8502,-2.3590,-5.5228,-7.0505,-1.8070,-8.2225,-3.8975,-2.3554
472.00,-7.7910,-3.8503,-2.3929,-5.5228,-7.0505,-1.8398,-8.2225,-3.8975,-2.3882
472.50,-7.7912,-3.8504,-2.4256,-5.5228,-7.0506,-1.8713,-8.2225,-3.8976,-2.4197
473.00,-7.7911,-3.8502,-2.4584,-5.5226,-7.0503,-1.9036,-8.2223,-3.8974,-2.4520
473.50,-7.7910,-3.8495,-2.4920,-5.5225,-7.0499,-1.9357,-8.2219,-3.8971,-2.4841
474.00,-7.7910,-3.8484,-2.5266,-5.5220,-7.0488,-1.9694,-8.2210,-3.8964,-2.5178
474.50,-7.7909,-3.8469,-2.5621,-5.5215,-7.0476,-2.0037,-8.2198,-3.8957,-2.5521
475.00,-7.7909,-3.8449,-2.5985,-5.5202,-7.0450,-2.0390,-8.2174,-3.8941,-2.5874
475.50,-7.7908,-3.8425,-2.6359,-5.5188,-7.0422,-2.0757,-8.2148,-3.8925,-2.6241
476.00,-7.7908,-3.8396,-2.6743,-5.5172,-7.0396,-2.1133,-8.2121,-3.8911,-2.6617
476.50,-7.7907,-3.8362,-2.7137,-5.5155,-7.0369,-2.1520,-8.2092,-3.8896,-2.7004
477.00,-7.7907,-3.8323,-2.7543,-5.5131,-7.0334,-2.1917,-8.2054,-3.8879,-2.7401
477.50,-7.7907,-3.8279,-2.7960,-5.5108,-7.0302,-2.2329,-8.2017,-3.8864,-2.7813
478.00,-7.7906,-3.8231,-2.8389,-5.5082,-7.0270,-2.2749,-8.1978,-3.8850,-2.8233
478.50,-7.7906,-3.8177,-2.8831,-5.5053,-7.0238,-2.3185,-8.1937,-3.8838,-2.8669
479.00,-7.7906,-3.8119,-2.9287,-5.5012,-7.0196,-2.3632,-8.1880,-3.8823,-2.9116
479.50,-7.7905,-3.8056,-2.9757,-5.4969,-7.0155,-2.4096,-8.1822,-3.8811,-2.9580
480.00,-7.7905,-3.7988,-3.0244,-5.4916,-7.0110,-2.4574,-8.1753,-3.8800,-3.0058
480.50,-7.7905,-3.7915,-3.0748,-5.4860,-7.0066,-2.5068,-8.1682,-3.8792,-3.0552
481.00,-7.7905,-3.7838,-3.1272,-5.4804,-7.0027,-2.5587,-8.2111,-3.8417,-3.1210
481.50,-7.7905,-3.7758,3.1027,-5.4827,-7.0040,-2.6112,-8.2138,-3.8416,3.1096
482.00,-7.7905,-3.7683,3.0513,-5.4897,-7.0079,-2.6623,-8.2218,-3.8412,3.0585
482.50,-7.7905,-3.7612,3.0017,-5.4952,-7.0106,-2.7112,-8.2279,-3.8405,3.0096
483.00,-7.7906,-3.7547,2.9538,-5.5020,-7.0135,-2.7585,-8.2352,-3.8394,2.9623
483.50,-7.7906,-3.7486,2.9074,-5.5092,-7.0163,-2.8044,-8.2428,-3.8378,2.9164
484.00,-7.7906,-3.7430,2.8625,-5.5148,-7.0181,-2.8490,-8.2484,-3.8364,2.8719
484.50,-7.7906,-3.7379,2.8189,-5.5201,-7.0196,-2.8923,-8.2538,-3.8348,2.8285
485.00,-7.7907,-3.7332,2.7765,-5.5248,-7.0207,-2.9339,-8.2583,-3.8332,2.7869
485.50,-7.7907,-3.7291,2.7354,-5.5296,-7.0216,-2.9738,-8.2628,-3.8315,2.7470
486.00,-7.7908,-3.7254,2.6953,-5.5326,-7.0220,-3.0128,-8.2261,-3.7815,2.7011
486.50,-7.7908,-3.7223,2.6564,-5.5359,-7.0224,-3.0513,-8.2291,-3.7800,2.6625
487.00,-7.7909,-3.7196,2.6184,-5.5385,-7.0226,-3.0890,-8.2315,-3.7788,2.6249
487.50,-7.7909,-3.7173,2.5815,-5.5408,-7.0227,-3.1254,-8.2334,-3.7776,2.5885
488.00,-7.7910,-3.7155,2.5455,-5.5424,-7.0227,3.1223,-8.2348,-3.7768,2.5529
488.50,-7.7910,-3.7142,2.5105,-5.5437,-7.0226,3.0879,-8.2359,-3.7760,2.5186
489.00,-7.7911,-3.7134,2.4763,-5.5447,-7.0226,3.0540,-8.2366,-3.7754,2.4846
489.50,-7.7911,-3.7129,2.4430,-5.5452,-7.0225,3.0217,-8.2371,-3.7751,2.4524
490.00,-7.7912,-3.7129,2.4105,-5.5455,-7.0225,2.9906,-8.2373,-3.7749,2.4213
490.50,-7.7916,-3.7130,2.3773,-5.5461,-7.0224,2.9581,-8.2377,-3.7745,2.3888
491.00,-7.7918,-3.7130,2.3442,-5.5464,-7.0223,2.9274,-8.2379,-3.7743,2.3581
491.50,-7.7918,-3.7127,2.3107,-5.5466,-7.0223,2.8947,-8.2381,-3.7742,2.3253
492.00,-7.7919,-3.7127,2.2781,-5.5466,-7.0223,2.8633,-8.2381,-3.7741,2.2940
492.50,-7.7916,-3.7127,2.2451,-5.5464,-7.0223,2.8309,-8.2380,-3.7743,2.2616
493.00,-7.7908,-3.7128,2.2112,-5.5458,-7.0225,2.7975,-8.2376,-3.7748,2.2281
493.50,-7.7896,-3.7128,2.1764,-5.5447,-7.0229,2.7628,-8.2369,-3.7757,2.1935
494.00,-7.7880,-3.7129,2.1407,-5.5436,-7.0234,2.7276,-8.2362,-3.7767,2.1582
494.50,-7.7858,-3.7129,2.1040,-5.5422,-7.0241,2.6917,-8.2353,-3.7781,2.1224
495.00,-7.7833,-3.7130,2.0664,-5.5405,-7.0249,2.6546,-8.2344,-3.7796,2.0853
495.50,-7.7802,-3.7130,2.0277,-5.5380,-7.0263,2.6167,-8.2330,-3.7822,2.0474
496.00,-7.7767,-3.7131,1.9879,-5.5345,-7.0284,2.5779,-8.2312,-3.7859,2.0086
496.50,-7.7727,-3.7131,1.9471,-5.5311,-7.0306,2.5378,-8.2296,-3.7895,1.9684
497.00,-7.7682,-3.7131,1.9051,-5.5272,-7.0334,2.4966,-8.2277,-3.7940,1.9272
497.50,-7.7632,-3.7132,1.8618,-5.5229,-7.0368,2.4544,-8.2260,-3.7992,1.8851
498.00,-7.7577,-3.7132,1.8172,-5.5189,-7.0403,2.4107,-8.2244,-3.8043,1.8414
498.50,-7.7518,-3.7132,1.7713,-5.5152,-7.0437,2.3650,-8.2232,-3.8092,1.7957
499.00,-7.7453,-3.7133,1.7238,-5.5107,-7.0484,2.3179,-8.2219,-3.8156,1.7485
499.50,-7.7384,-3.7133,1.6747,-5.5057,-7.0540,2.2696,-8.2207,-3.8230,1.7003
500.00,-7.7310,-3.7133,1.6238,-5.5014,-7.0593,2.2199,-8.2200,-3.8297,1.6506
500.50,-7.7232,-3.7133,1.5709,-5.4970,-7.0654,2.1686,-8.1639,-3.7676,1.5784
501.00,-7.7153,-3.7133,1.5180,-5.4999,-7.0610,2.1165,-8.1638,-3.7623,1.5262
501.50,-7.7079,-3.7133,1.4670,-5.5035,-7.0546,2.0659,-8.1633,-3.7550,1.4756
502.00,-7.7010,-3.7133,1.4179,-5.5067,-7.0483,2.0176,-8.1625,-3.7479,1.4273
502.50,-7.6945,-3.7132,1.3704,-5.5099,-7.0413,1.9705,-8.1612,-3.7404,1.3802
503.00,-7.6886,-3.7132,1.3245,-5.5122,-7.0355,1.9251,-8.1599,-3.7343,1.3349
503.50,-7.6831,-3.7132,1.2799,-5.5142,-7.0296,1.8814,-8.1583,-3.7282,1.2911
504.00,-7.6781,-3.7131,1.2366,-5.5154,-7.0258,1.8387,-8.1571,-3.7244,1.2484
504.50,-7.6736,-3.7131,1.1946,-5.5166,-7.0208,1.7975,-8.1554,-3.7196,1.2072
505.00,-7.6647,-3.6875,1.0880,-5.5208,-6.9971,1.6979,-8.1457,-3.6976,1.1076
505.50,-7.6238,-3.6099,0.9772,-5.5251,-6.9185,1.5815,-8.0533,-3.6690,0.9814
506.00,-7.5504,-3.5031,0.9622,-5.5254,-6.7860,1.5662,-7.9804,-3.5512,0.9666
506.50,-7.4748,-3.3970,0.9497,-5.5237,-6.6572,1.5526,-7.9106,-3.4458,0.9518
507.00,-7.3998,-3.2909,0.9540,-5.5218,-6.5255,1.5566,-7.8374,-3.3408,0.9569
507.50,-7.3244,-3.1850,0.9580,-5.5198,-6.3897,1.5591,-7.7496,-3.2367,0.9583
508.00,-7.2543,-3.0762,1.0242,-5.5228,-6.2498,1.6271,-7.6845,-3.1224,1.0275
508.50,-7.1851,-2.9656,0.9917,-5.5301,-6.1097,1.6001,-7.6184,-3.0090,0.9994
509.00,-7.1097,-2.8585,0.9472,-5.5309,-5.9756,1.5562,-7.5522,-2.9066,0.9554
509.50,-7.0313,-2.7542,0.9229,-5.5268,-5.8451,1.5293,-7.4759,-2.8060,0.9268
510.00,-6.9555,-2.6488,0.9905,-5.5239,-5.7159,1.5928,-7.3962,-2.7009,0.9903
510.50,-6.8881,-2.5377,1.0452,-5.5319,-5.5821,1.6519,-7.3229,-2.5860,1.0494
511.00,-6.8206,-2.4259,1.0093,-5.5419,-5.4455,1.6204,-7.2601,-2.4725,1.0179
511.50,-6.7457,-2.3181,0.9438,-5.5442,-5.3185,1.5557,-7.1840,-2.3709,0.9498
512.00,-6.6683,-2.2135,0.9487,-5.5408,-5.1876,1.5543,-7.1098,-2.2655,0.9497
512.50,-6.5949,-2.1067,0.9708,-5.5409,-5.0482,1.5776,-7.0352,-2.1511,0.9757
513.00,-6.5206,-1.9997,0.9599,-5.5412,-4.9106,1.5671,-6.9566,-2.0436,0.9652
513.50,-6.4438,-1.8942,0.9274,-5.5391,-4.7780,1.5361,-6.8931,-1.9453,0.9330
514.00,-6.3647,-1.7908,0.9153,-5.5333,-4.6427,1.5228,-6.8117,-1.8371,0.9209
514.50,-6.2850,-1.6880,0.9080,-5.5265,-4.5081,1.5160,-6.7299,-1.7401,0.9135
515.00,-6.2040,-1.5860,0.8880,-5.5190,-4.3819,1.4996,-6.6564,-1.6356,0.8961
515.50,-6.1202,-1.4864,0.8593,-5.5075,-4.2490,1.4712,-6.5718,-1.5366,0.8634
516.00,-6.0354,-1.3879,0.8689,-5.4935,-4.1099,1.4776,-6.4756,-1.4368,0.8707
516.50,-5.9531,-1.2875,0.8900,-5.4828,-3.9750,1.5018,-6.3972,-1.3300,0.8949
517.00,-5.8722,-1.1860,0.9101,-5.4744,-3.8436,1.5195,-6.3154,-1.2367,0.9127
517.50,-5.7966,-1.0808,0.9714,-5.4720,-3.7078,1.5831,-6.2452,-1.1268,0.9762
518.00,-5.7246,-0.9730,0.9932,-5.4747,-3.5752,1.6057,-6.1719,-1.0225,0.9971
518.50,-5.6540,-0.8639,0.9814,-5.4798,-3.4417,1.5987,-6.1058,-0.9069,0.9901
519.00,-5.5812,-0.7672,0.8514,-5.4772,-3.3158,1.4754,-6.0280,-0.8090,0.8653
519.50,-5.5095,-0.7006,0.6374,-5.4580,-3.2212,1.2645,-5.9650,-0.7449,0.6536
520.00,-5.4029,-0.6421,0.4209,-5.4089,-3.1095,1.0476,-5.8527,-0.6812,0.4334
520.50,-5.2810,-0.5926,0.3047,-5.3328,-2.9961,0.9243,-5.7314,-0.6357,0.3087
521.00,-5.1570,-0.5515,0.3221,-5.2515,-2.8885,0.9395,-5.6043,-0.5949,0.3257
521.50,-5.0352,-0.5025,0.3941,-5.1779,-2.7801,1.0137,-5.4962,-0.5452,0.3975
522.00,-4.9162,-0.4474,0.4252,-5.1133,-2.6712,1.0510,-5.3666,-0.4903,0.4334
522.50,-4.7963,-0.3984,0.3490,-5.0436,-2.5567,0.9788,-5.2540,-0.4372,0.3592
523.00,-4.6730,-0.3585,0.3004,-4.9719,-2.4561,0.9314,-5.1324,-0.3968,0.3094
523.50,-4.5486,-0.3208,0.3150,-4.8933,-2.3518,0.9417,-4.9843,-0.3574,0.3151
524.00,-4.4269,-0.2741,0.3927,-4.8186,-2.2389,1.0249,-4.8743,-0.3101,0.4017
524.50,-4.3064,-0.2260,0.3759,-4.7475,-2.1233,1.0087,-4.7352,-0.2571,0.3785
525.00,-4.1860,-0.1756,0.3928,-4.6798,-2.0134,1.0278,-4.6294,-0.2108,0.3995
525.50,-4.0645,-0.1303,0.3037,-4.6105,-1.9050,0.9477,-4.5057,-0.1640,0.3182
526.00,-3.9388,-0.0944,0.2352,-4.5285,-1.8021,0.8704,-4.3810,-0.1292,0.2384
526.50,-3.8315,-0.0598,0.3310,-4.4522,-1.7065,0.9599,-4.2698,-0.0934,0.3280
527.00,-3.7260,-0.0160,0.5456,-4.3962,-1.6061,1.1735,-4.1664,-0.0453,0.5416
527.50,-3.6532,0.0334,0.6724,-4.3664,-1.5177,1.3092,-4.0854,0.0083,0.6785
528.00,-3.6316,0.0509,0.6707,-4.3596,-1.4905,1.3147,-4.0757,0.0265,0.6817
528.50,-3.5941,0.0740,0.5492,-4.3463,-1.4498,1.2013,-4.0409,0.0514,0.5683
529.00,-3.4965,0.1028,0.3244,-4.2994,-1.3622,0.9751,-3.9388,0.0849,0.3362
529.50,-3.3709,0.1240,0.2155,-4.2190,-1.2595,0.8579,-3.8047,0.1046,0.2186
530.00,-3.2747,0.1496,0.2732,-4.1485,-1.1768,0.9085,-3.7038,0.1163,0.2708
530.50,-3.1701,0.1843,0.3611,-4.0852,-1.0849,1.0030,-3.6029,0.1599,0.3644
531.00,-3.0497,0.2297,0.4111,-4.0166,-0.9713,1.0530,-3.4977,0.2027,0.4130
531.50,-2.9316,0.2845,0.4492,-3.9520,-0.8516,1.0943,-3.3655,0.2603,0.4521
532.00,-2.8157,0.3463,0.4864,-3.8928,-0.7307,1.1323,-3.2556,0.3217,0.4911
532.50,-2.7006,0.4061,0.4572,-3.8359,-0.6100,1.1099,-3.1462,0.3844,0.4676
533.00,-2.5815,0.4575,0.3798,-3.7727,-0.4960,1.0315,-3.0252,0.4381,0.3845
533.50,-2.4602,0.5031,0.3376,-3.7069,-0.3881,0.9963,-2.9117,0.4826,0.3493
534.00,-2.3367,0.5422,0.3050,-3.6314,-0.2773,0.9605,-2.7831,0.5246,0.3112
534.50,-2.2113,0.5747,0.1998,-3.5501,-0.1696,0.8620,-2.6482,0.5528,0.2139
535.00,-2.0826,0.5982,0.0729,-3.4502,-0.0672,0.7344,-2.5056,0.5743,0.0839
535.50,-1.9528,0.6090,0.0325,-3.3502,0.0166,0.6869,-2.4040,0.5828,0.0347
536.00,-1.8229,0.6152,0.0390,-3.2437,0.1063,0.6967,-2.2722,0.5965,0.0462
536.50,-1.6930,0.6180,0.0433,-3.1388,0.1925,0.6960,-2.1386,0.6014,0.0456
537.00,-1.5632,0.6259,0.0572,-3.0385,0.2788,0.7139,-2.0104,0.6067,0.0649
537.50,-1.4333,0.6284,0.0318,-2.9419,0.3608,0.6899,-1.8880,0.6163,0.0391
538.00,-1.3033,0.6254,-0.0011,-2.8401,0.4418,0.6570,-1.7536,0.6136,0.0062
538.50,-1.1733,0.6268,0.0100,-2.7352,0.5233,0.6680,-1.6350,0.6146,0.0172
539.00,-1.0433,0.6271,0.0042,-2.6293,0.6067,0.6640,-1.4930,0.6170,0.0115
539.50,-0.9133,0.6244,-0.0061,-2.5258,0.6864,0.6503,-1.3767,0.6214,-0.0023
540.00,-0.7835,0.6291,0.1062,-2.4255,0.7702,0.7597,-1.2446,0.6219,0.1082
540.50,-0.6566,0.6427,0.2977,-2.3368,0.8701,0.9483,-1.1092,0.6465,0.2962
541.00,-0.5463,0.6716,0.5405,-2.2803,0.9726,1.1932,-1.0179,0.6750,0.5397
541.50,-0.4435,0.7396,0.7024,-2.2423,1.0981,1.3583,-0.9172,0.7392,0.7048
542.00,-0.3663,0.8202,0.9084,-2.2305,1.2054,1.5659,-0.8392,0.8112,0.9089
542.50,-0.2929,0.9269,1.1113,-2.2430,1.3424,1.7676,-0.7672,0.9299,1.1083
543.00,-0.2277,1.0399,1.3768,-2.2846,1.4675,2.0312,-0.7198,1.0497,1.3710
543.50,-0.1767,1.1515,1.7005,-2.3598,1.5733,2.3582,-0.6938,1.1648,1.6957
544.00,-0.1792,1.2773,1.9215,-2.4588,1.6519,2.5808,-0.6645,1.2720,1.9204
544.50,-0.2154,1.3878,2.1524,-2.5681,1.7044,2.8136,-0.6935,1.3832,2.1545
545.00,-0.2908,1.4865,2.3430,-2.6899,1.7335,3.0053,-0.7518,1.4805,2.3440
545.50,-0.3878,1.5713,2.5258,-2.8182,1.7394,-3.0948,-0.8308,1.5647,2.5305
546.00,-0.4741,1.6316,2.6541,-2.9233,1.7271,-2.9586,-0.9214,1.6170,2.6651
546.50,-0.5086,1.6515,2.6946,-2.9689,1.7176,-2.9151,-0.9609,1.6485,2.7061
547.00,-0.5089,1.6505,2.7346,-2.9692,1.7176,-2.8743,-0.9611,1.6487,2.7469
547.50,-0.5089,1.6464,2.7757,-2.9654,1.7188,-2.8328,-0.9574,1.6473,2.7884
548.00,-0.5088,1.6418,2.8181,-2.9599,1.7207,-2.7894,-0.9518,1.6454,2.8319
548.50,-0.5088,1.6367,2.8616,-2.9549,1.7227,-2.7451,-0.9467,1.6439,2.8761
549.00,-0.5088,1.6311,2.9065,-2.9500,1.7248,-2.6993,-0.9415,1.6426,2.9219
549.50,-0.5087,1.6250,2.9529,-2.9445,1.7276,-2.6521,-0.9355,1.6415,2.9692
550.00,-0.5087,1.6184,3.0007,-2.9402,1.7301,-2.6033,-0.9305,1.6407,3.0179
550.50,-0.5087,1.6123,3.0438,-2.9356,1.7329,-2.5584,-0.9252,1.6402,3.0628
551.00,-0.5087,1.6068,3.0819,-2.9312,1.7359,-2.5200,-0.9199,1.6398,3.1012
551.50,-0.5087,1.6010,3.1212,-2.9269,1.7391,-2.4800,-0.9145,1.6397,3.1413
552.00,-0.5087,1.5950,-3.1218,-2.9269,1.7391,-2.4389,-0.9145,1.6397,-3.1008
552.50,-0.5087,1.5892,-3.0825,-2.9312,1.7354,-2.3981,-0.9202,1.6394,-3.0601
553.00,-0.5087,1.5836,-3.0443,-2.9348,1.7319,-2.3596,-0.9252,1.6389,-3.0215
553.50,-0.5087,1.5825,-3.0369,-2.9353,1.7314,-2.3521,-0.9259,1.6388,-3.0141
554.00,-0.5087,1.5825,-3.0369,-2.9353,1.7314,-2.3509,-0.9259,1.6388,-3.0129
554.50,-0.5087,1.5825,-3.0369,-2.9353,1.7314,-2.3503,-0.9259,1.6388,-3.0123
555.00,-0.5087,1.5825,-3.0369,-2.9353,1.7314,-2.3495,-0.9259,1.6388,-3.0114
555.50,-0.5087,1.5825,-3.0369,-2.9353,1.7314,-2.3488,-0.9259,1.6388,-3.0107
556.00,-0.5087,1.5825,-3.0369,-2.9353,1.7314,-2.3479,-0.9259,1.6388,-3.0098
556.50,-0.5087,1.5825,-3.0369,-2.9353,1.7314,-2.3463,-0.9259,1.6388,-3.0082
557.00,-0.5087,1.5825,-3.0369,-2.9353,1.7314,-2.3452,-0.9259,1.6388,-3.0071
557.50,-0.5087,1.5825,-3.0369,-2.9353,1.7314,-2.3442,-0.9259,1.6388,-3.0062
558.00,-0.5087,1.5825,-3.0369,-2.9353,1.7314,-2.3433,-0.9259,1.6388,-3.0052
558.50,-0.5087,1.5825,-3.0369,-2.9353,1.7314,-2.3424,-0.9259,1.6388,-3.0043
559.00,-0.5087,1.5825,-3.0369,-2.9353,1.7314,-2.3422,-0.9259,1.6388,-3.0041
559.50,-0.5087,1.5825,-3.0369,-2.9353,1.7314,-2.3413,-0.9259,1.6388,-3.0033
560.00,-0.5087,1.5825,-3.0369,-2.9353,1.7314,-2.3404,-0.9259,1.6388,-3.0024
560.50,-0.5087,1.5825,-3.0369,-2.9353,1.7314,-2.3400,-0.9259,1.6388,-3.0019
561.00,-0.5087,1.5825,-3.0369,-2.9353,1.7314,-2.3398,-0.9259,1.6388,-3.0017
561.50,-0.5087,1.5825,-3.0369,-2.9353,1.7314,-2.3385,-0.9259,1.6388,-3.0005
562.00,-0.5087,1.5825,-3.0369,-2.9353,1.7314,-2.3376,-0.9259,1.6388,-2.9995
562.50,-0.5087,1.5825,-3.0369,-2.9353,1.7314,-2.3367,-0.9259,1.6388,-2.9986
563.00,-0.5087,1.5825,-3.0369,-2.9353,1.7314,-2.3360,-0.9259,1.6388,-2.9979
563.50,-0.5087,1.5825,-3.0369,-2.9353,1.7314,-2.3353,-0.9259,1.6388,-2.9972
564.00,-0.5087,1.5825,-3.0369,-2.9353,1.7314,-2.3347,-0.9259,1.6388,-2.9966
564.50,-0.5087,1.5825,-3.0369,-2.9353,1.7314,-2.3338,-0.9259,1.6388,-2.9957
565.00,-0.5087,1.5825,-3.0369,-2.9353,1.7314,-2.3330,-0.9259,1.6388,-2.9949
565.50,-0.5087,1.5825,-3.0369,-2.9353,1.7314,-2.3319,-0.9259,1.6388,-2.9938
566.00,-0.5087,1.5825,-3.0369,-2.9353,1.7314,-2.3314,-0.9259,1.6388,-2.9933
566.50,-0.5087,1.5825,-3.0369,-2.9353,1.7314,-2.3307,-0.9259,1.6388,-2.9926
567.00,-0.5087,1.5825,-3.0369,-2.9353,1.7314,-2.3299,-0.9259,1.6388,-2.9918
567.50,-0.5087,1.5825,-3.0369,-2.9353,1.7314,-2.3290,-0.9259,1.6388,-2.9910
568.00,-0.5087,1.5825,-3.0369,-2.9353,1.7314,-2.3279,-0.9259,1.6388,-2.9898
568.50,-0.5087,1.5825,-3.0369,-2.9353,1.7314,-2.3275,-0.9259,1.6388,-2.9894
569.00,-0.5087,1.5825,-3.0369,-2.9353,1.7314,-2.3272,-0.9259,1.6388,-2.9892
569.50,-0.5087,1.5825,-3.0369,-2.9353,1.7314,-2.3262,-0.9259,1.6388,-2.9881
570.00,-0.5087,1.5825,-3.0369,-2.9353,1.7314,-2.3253,-0.9259,1.6388,-2.9872
570.50,-0.5087,1.5825,-3.0369,-2.9353,1.7314,-2.3246,-0.9259,1.6388,-2.9865
571.00,-0.5087,1.5825,-3.0369,-2.9353,1.7314,-2.3242,-0.9259,1.6388,-2.9862
571.50,-0.5087,1.5825,-3.0369,-2.9353,1.7314,-2.3239,-0.9259,1.6388,-2.9858
572.00,-0.5087,1.5825,-3.0369,-2.9353,1.7314,-2.3229,-0.9259,1.6388,-2.9848
572.50,-0.5087,1.5825,-3.0369,-2.9353,1.7314,-2.3216,-0.9259,1.6388,-2.9835
573.00,-0.5087,1.5825,-3.0369,-2.9353,1.7314,-2.3202,-0.9259,1.6388,-2.9821
573.50,-0.5087,1.5825,-3.0369,-2.9353,1.7314,-2.3192,-0.9259,1.6388,-2.9811
574.00,-0.5087,1.5825,-3.0369,-2.9353,1.7314,-2.3181,-0.9259,1.6388,-2.9801
574.50,-0.5087,1.5825,-3.0369,-2.9353,1.7314,-2.3174,-0.9259,1.6388,-2.9794
575.00,-0.5087,1.5825,-3.0369,-2.9353,1.7314,-2.3160,-0.9259,1.6388,-2.9779
575.50,-0.5087,1.5825,-3.0369,-2.9353,1.7314,-2.3149,-0.9259,1.6388,-2.9768
576.00,-0.5087,1.5825,-3.0369,-2.9353,1.7314,-2.3139,-0.9259,1.6388,-2.9758
576.50,-0.5087,1.5825,-3.0369,-2.9353,1.7314,-2.3129,-0.9259,1.6388,-2.9748
577.00,-0.5087,1.5825,-3.0369,-2.9353,1.7314,-2.3113,-0.9259,1.6388,-2.9733
577.50,-0.5087,1.5825,-3.0369,-2.9353,1.7314,-2.3104,-0.9259,1.6388,-2.9724
578.00,-0.5087,1.5825,-3.0369,-2.9353,1.7314,-2.3099,-0.9259,1.6388,-2.9718
578.50,-0.5087,1.5825,-3.0369,-2.9353,1.7314,-2.3094,-0.9259,1.6388,-2.9713
579.00,-0.5087,1.5825,-3.0369,-2.9353,1.7314,-2.3090,-0.9259,1.6388,-2.9709
579.50,-0.5087,1.5825,-3.0369,-2.9353,1.7314,-2.3085,-0.9259,1.6388,-2.9704
580.00,-0.5087,1.5825,-3.0369,-2.9353,1.7314,-2.3074,-0.9259,1.6388,-2.9693
580.50,-0.5087,1.5825,-3.0369,-2.9353,1.7314,-2.3069,-0.9259,1.6388,-2.9689
581.00,-0.5087,1.5825,-3.0369,-2.9353,1.7314,-2.3065,-0.9259,1.6388,-2.9684
581.50,-0.5087,1.5825,-3.0369,-2.9353,1.7314,-2.3060,-0.9259,1.6388,-2.9679
582.00,-0.5087,1.5825,-3.0369,-2.9353,1.7314,-2.3058,-0.9259,1.6388,-2.9677
582.50,-0.5087,1.5825,-3.0369,-2.9353,1.7314,-2.3053,-0.9259,1.6388,-2.9673
583.00,-0.5087,1.5825,-3.0369,-2.9353,1.7314,-2.3044,-0.9259,1.6388,-2.9664
583.50,-0.5087,1.5825,-3.0369,-2.9353,1.7314,-2.3030,-0.9259,1.6388,-2.9650
584.00,-0.5087,1.5825,-3.0369,-2.9353,1.7314,-2.3019,-0.9259,1.6388,-2.9638
584.50,-0.5087,1.5825,-3.0369,-2.9353,1.7314,-2.3013,-0.9259,1.6388,-2.9632
585.00,-0.5087,1.5825,-3.0369,-2.9353,1.7314,-2.3008,-0.9259,1.6388,-2.9627
585.50,-0.5087,1.5825,-3.0369,-2.9353,1.7314,-2.2997,-0.9259,1.6388,-2.9617
586.00,-0.5087,1.5825,-3.0369,-2.9353,1.7314,-2.2986,-0.9259,1.6388,-2.9605
586.50,-0.5087,1.5825,-3.0369,-2.9353,1.7314,-2.2980,-0.9259,1.6388,-2.9599
587.00,-0.5087,1.5825,-3.0369,-2.9353,1.7314,-2.2974,-0.9259,1.6388,-2.9593
587.50,-0.5087,1.5825,-3.0369,-2.9353,1.7314,-2.2965,-0.9259,1.6388,-2.9584
588.00,-0.5087,1.5825,-3.0369,-2.9353,1.7314,-2.2958,-0.9259,1.6388,-2.9578
588.50,-0.5087,1.5825,-3.0369,-2.9353,1.7314,-2.2950,-0.9259,1.6388,-2.9569
589.00,-0.5087,1.5825,-3.0369,-2.9353,1.7314,-2.2945,-0.9259,1.6388,-2.9564
589.50,-0.5087,1.5825,-3.0369,-2.9353,1.7314,-2.2938,-0.9259,1.6388,-2.9557
590.00,-0.5087,1.5825,-3.0369,-2.9353,1.7314,-2.2924,-0.9259,1.6388,-2.9543
590.50,-0.5087,1.5825,-3.0369,-2.9353,1.7314,-2.2911,-0.9259,1.6388,-2.9530
591.00,-0.5087,1.5825,-3.0369,-2.9353,1.7314,-2.2899,-0.9259,1.6388,-2.9518
591.50,-0.5087,1.5825,-3.0369,-2.9353,1.7314,-2.2887,-0.9259,1.6388,-2.9507
592.00,-0.5087,1.5825,-3.0369,-2.9353,1.7314,-2.2882,-0.9259,1.6388,-2.9501
592.50,-0.5087,1.5825,-3.0369,-2.9353,1.7314,-2.2877,-0.9259,1.6388,-2.9497
593.00,-0.5087,1.5825,-3.0369,-2.9353,1.7314,-2.2869,-0.9259,1.6388,-2.9489
593.50,-0.5087,1.5825,-3.0369,-2.9353,1.7314,-2.2859,-0.9259,1.6388,-2.9479
594.00,-0.5087,1.5825,-3.0369,-2.9353,1.7314,-2.2851,-0.9259,1.6388,-2.9470
594.50,-0.5087,1.5825,-3.0369,-2.9353,1.7314,-2.2843,-0.9259,1.6388,-2.9462
595.00,-0.5087,1.5825,-3.0369,-2.9353,1.7314,-2.2840,-0.9259,1.6388,-2.9460
595.50,-0.5087,1.5825,-3.0369,-2.9353,1.7314,-2.2836,-0.9259,1.6388,-2.9455
596.00,-0.5087,1.5825,-3.0369,-2.9353,1.7314,-2.2827,-0.9259,1.6388,-2.9446
596.50,-0.5087,1.5825,-3.0369,-2.9353,1.7314,-2.2823,-0.9259,1.6388,-2.9443
597.00,-0.5087,1.5825,-3.0369,-2.9353,1.7314,-2.2809,-0.9259,1.6388,-2.9428
597.50,-0.5087,1.5825,-3.0369,-2.9353,1.7314,-2.2803,-0.9259,1.6388,-2.9422
598.00,-0.5087,1.5825,-3.0369,-2.9353,1.7314,-2.2793,-0.9259,1.6388,-2.9413
598.50,-0.5087,1.5825,-3.0369,-2.9353,1.7314,-2.2788,-0.9259,1.6388,-2.9408
599.00,-0.5087,1.5825,-3.0369,-2.9353,1.7314,-2.2784,-0.9259,1.6388,-2.9404
599.50,-0.5087,1.5825,-3.0369,-2.9353,1.7314,-2.2778,-0.9259,1.6388,-2.9397
600.00,-0.5087,1.5825,-3.0369,-2.9353,1.7314,-2.2771,-0.9259,1.6388,-2.9390
600.50,-0.5087,1.5825,-3.0369,-2.9353,1.7314,-2.2762,-0.9259,1.6388,-2.9381
601.00,-0.5087,1.5825,-3.0369,-2.9353,1.7314,-2.2754,-0.9259,1.6388,-2.9373
601.50,-0.5087,1.5825,-3.0369,-2.9353,1.7314,-2.2743,-0.9259,1.6388,-2.9362
602.00,-0.5087,1.5825,-3.0369,-2.9353,1.7314,-2.2728,-0.9259,1.6388,-2.9348
602.50,-0.5087,1.5825,-3.0369,-2.9353,1.7314,-2.2717,-0.9259,1.6388,-2.9336
603.00,-0.5087,1.5825,-3.0369,-2.9353,1.7314,-2.2711,-0.9259,1.6388,-2.9330
603.50,-0.5087,1.5825,-3.0369,-2.9353,1.7314,-2.2703,-0.9259,1.6388,-2.9323
604.00,-0.5087,1.5825,-3.0369,-2.9353,1.7314,-2.2694,-0.9259,1.6388,-2.9313
604.50,-0.5087,1.5825,-3.0369,-2.9353,1.7314,-2.2686,-0.9259,1.6388,-2.9305
605.00,-0.5087,1.5825,-3.0369,-2.9353,1.7314,-2.2681,-0.9259,1.6388,-2.9300
605.50,-0.5087,1.5825,-3.0369,-2.9353,1.7314,-2.2676,-0.9259,1.6388,-2.9296
606.00,-0.5087,1.5825,-3.0369,-2.9353,1.7314,-2.2671,-0.9259,1.6388,-2.9290
606.50,-0.5087,1.5825,-3.0369,-2.9353,1.7314,-2.2660,-0.9259,1.6388,-2.9279
607.00,-0.5087,1.5825,-3.0369,-2.9353,1.7314,-2.2648,-0.9259,1.6388,-2.9267
607.50,-0.5087,1.5825,-3.0369,-2.9353,1.7314,-2.2637,-0.9259,1.6388,-2.9256
608.00,-0.5087,1.5825,-3.0369,-2.9353,1.7314,-2.2628,-0.9259,1.6388,-2.9247
608.50,-0.5087,1.5825,-3.0369,-2.9353,1.7314,-2.2618,-0.9259,1.6388,-2.9237
609.00,-0.5087,1.5825,-3.0369,-2.9353,1.7314,-2.2611,-0.9259,1.6388,-2.9231
609.50,-0.5087,1.5825,-3.0369,-2.9353,1.7314,-2.2603,-0.9259,1.6388,-2.9222
610.00,-0.5087,1.5825,-3.0369,-2.9353,1.7314,-2.2594,-0.9259,1.6388,-2.9213
610.50,-0.5087,1.5825,-3.0369,-2.9353,1.7314,-2.2585,-0.9259,1.6388,-2.9204
611.00,-0.5087,1.5825,-3.0369,-2.9353,1.7314,-2.2576,-0.9259,1.6388,-2.9195
611.50,-0.5087,1.5825,-3.0369,-2.9353,1.7314,-2.2571,-0.9259,1.6388,-2.9190
612.00,-0.5087,1.5825,-3.0369,-2.9353,1.7314,-2.2564,-0.9259,1.6388,-2.9183
612.50,-0.5087,1.5825,-3.0369,-2.9353,1.7314,-2.2556,-0.9259,1.6388,-2.9176
613.00,-0.5087,1.5825,-3.0369,-2.9353,1.7314,-2.2554,-0.9259,1.6388,-2.9173
613.50,-0.5087,1.5825,-3.0369,-2.9353,1.7314,-2.2543,-0.9259,1.6388,-2.9163
614.00,-0.5087,1.5825,-3.0369,-2.9353,1.7314,-2.2537,-0.9259,1.6388,-2.9156
614.50,-0.5087,1.5825,-3.0369,-2.9353,1.7314,-2.2524,-0.9259,1.6388,-2.9144
615.00,-0.5087,1.5825,-3.0369,-2.9353,1.7314,-2.2517,-0.9259,1.6388,-2.9136
615.50,-0.5087,1.5825,-3.0369,-2.9353,1.7314,-2.2513,-0.9259,1.6388,-2.9132
616.00,-0.5087,1.5825,-3.0369,-2.9353,1.7314,-2.2507,-0.9259,1.6388,-2.9126
616.50,-0.5087,1.5825,-3.0369,-2.9353,1.7314,-2.2494,-0.9259,1.6388,-2.9113
617.00,-0.5087,1.5825,-3.0369,-2.9353,1.7314,-2.2485,-0.9259,1.6388,-2.9105
617.50,-0.5087,1.5825,-3.0369,-2.9353,1.7314,-2.2477,-0.9259,1.6388,-2.9096
618.00,-0.5087,1.5825,-3.0369,-2.9353,1.7314,-2.2466,-0.9259,1.6388,-2.9085
618.50,-0.5087,1.5825,-3.0369,-2.9353,1.7314,-2.2461,-0.9259,1.6388,-2.9080
619.00,-0.5087,1.5825,-3.0369,-2.9353,1.7314,-2.2450,-0.9259,1.6388,-2.9069
619.50,-0.5087,1.5825,-3.0369,-2.9353,1.7314,-2.2438,-0.9259,1.6388,-2.9058
620.00,-0.5087,1.5825,-3.0369,-2.9353,1.7314,-2.2429,-0.9259,1.6388,-2.9049
620.50,-0.5087,1.5825,-3.0369,-2.9353,1.7314,-2.2420,-0.9259,1.6388,-2.9039
621.00,-0.5087,1.5825,-3.0369,-2.9353,1.7314,-2.2411,-0.9259,1.6388,-2.9030
621.50,-0.5087,1.5825,-3.0369,-2.9353,1.7314,-2.2400,-0.9259,1.6388,-2.9019
622.00,-0.5087,1.5825,-3.0369,-2.9353,1.7314,-2.2388,-0.9259,1.6388,-2.9008
622.50,-0.5087,1.5825,-3.0369,-2.9353,1.7314,-2.2379,-0.9259,1.6388,-2.8998
623.00,-0.5087,1.5825,-3.0369,-2.9353,1.7314,-2.2371,-0.9259,1.6388,-2.8990
623.50,-0.5087,1.5825,-3.0369,-2.9353,1.7314,-2.2364,-0.9259,1.6388,-2.8984
624.00,-0.5087,1.5825,-3.0369,-2.9353,1.7314,-2.2352,-0.9259,1.6388,-2.8971
624.50,-0.5087,1.5825,-3.0369,-2.9353,1.7314,-2.2347,-0.9259,1.6388,-2.8967
625.00,-0.5087,1.5825,-3.0369,-2.9353,1.7314,-2.2339,-0.9259,1.6388,-2.8958
625.50,-0.5087,1.5825,-3.0369,-2.9353,1.7314,-2.2322,-0.9259,1.6388,-2.8942
626.00,-0.5087,1.5825,-3.0369,-2.9353,1.7314,-2.2309,-0.9259,1.6388,-2.8929
626.50,-0.5087,1.5825,-3.0369,-2.9353,1.7314,-2.2303,-0.9259,1.6388,-2.8922
627.00,-0.5087,1.5825,-3.0369,-2.9353,1.7314,-2.2298,-0.9259,1.6388,-2.8918
627.50,-0.5087,1.5825,-3.0369,-2.9353,1.7314,-2.2289,-0.9259,1.6388,-2.8908
628.00,-0.5087,1.5825,-3.0369,-2.9353,1.7314,-2.2282,-0.9259,1.6388,-2.8902
628.50,-0.5087,1.5825,-3.0369,-2.9353,1.7314,-2.2273,-0.9259,1.6388,-2.8893
629.00,-0.5087,1.5825,-3.0369,-2.9353,1.7314,-2.2267,-0.9259,1.6388,-2.8886
629.50,-0.5087,1.5825,-3.0369,-2.9353,1.7314,-2.2264,-0.9259,1.6388,-2.8883
630.00,-0.5087,1.5825,-3.0369,-2.9353,1.7314,-2.2254,-0.9259,1.6388,-2.8873
630.50,-0.5087,1.5825,-3.0369,-2.9353,1.7314,-2.2242,-0.9259,1.6388,-2.8862
631.00,-0.5087,1.5825,-3.0369,-2.9353,1.7314,-2.2232,-0.9259,1.6388,-2.8851
631.50,-0.5087,1.5825,-3.0369,-2.9353,1.7314,-2.2221,-0.9259,1.6388,-2.8840
632.00,-0.5087,1.5825,-3.0369,-2.9353,1.7314,-2.2217,-0.9259,1.6388,-2.8837
632.50,-0.5087,1.5825,-3.0369,-2.9353,1.7314,-2.2213,-0.9259,1.6388,-2.8833
633.00,-0.5087,1.5825,-3.0369,-2.9353,1.7314,-2.2207,-0.9259,1.6388,-2.8827
633.50,-0.5087,1.5825,-3.0369,-2.9353,1.7314,-2.2194,-0.9259,1.6388,-2.8814
634.00,-0.5087,1.5825,-3.0369,-2.9353,1.7314,-2.2187,-0.9259,1.6388,-2.8806
634.50,-0.5087,1.5825,-3.0369,-2.9353,1.7314,-2.2177,-0.9259,1.6388,-2.8796
635.00,-0.5087,1.5825,-3.0369,-2.9353,1.7314,-2.2170,-0.9259,1.6388,-2.8789
635.50,-0.5087,1.5825,-3.0369,-2.9353,1.7314,-2.2158,-0.9259,1.6388,-2.8777
636.00,-0.5087,1.5825,-3.0369,-2.9353,1.7314,-2.2151,-0.9259,1.6388,-2.8770
636.50,-0.5087,1.5825,-3.0369,-2.9353,1.7314,-2.2147,-0.9259,1.6388,-2.8767
637.00,-0.5087,1.5825,-3.0369,-2.9353,1.7314,-2.2141,-0.9259,1.6388,-2.8761
637.50,-0.5087,1.5825,-3.0369,-2.9353,1.7314,-2.2139,-0.9259,1.6388,-2.8758
638.00,-0.5087,1.5825,-3.0369,-2.9353,1.7314,-2.2130,-0.9259,1.6388,-2.8750
638.50,-0.5087,1.5825,-3.0369,-2.9353,1.7314,-2.2123,-0.9259,1.6388,-2.8742
639.00,-0.5087,1.5825,-3.0369,-2.9353,1.7314,-2.2114,-0.9259,1.6388,-2.8733
639.50,-0.5087,1.5825,-3.0369,-2.9353,1.7314,-2.2105,-0.9259,1.6388,-2.8725
640.00,-0.5087,1.5825,-3.0369,-2.9353,1.7314,-2.2096,-0.9259,1.6388,-2.8716
640.50,-0.5087,1.5825,-3.0369,-2.9353,1.7314,-2.2089,-0.9259,1.6388,-2.8708
641.00,-0.5087,1.5825,-3.0369,-2.9353,1.7314,-2.2076,-0.9259,1.6388,-2.8696
641.50,-0.5087,1.5825,-3.0369,-2.9353,1.7314,-2.2065,-0.9259,1.6388,-2.8684
642.00,-0.5087,1.5825,-3.0369,-2.9353,1.7314,-2.2058,-0.9259,1.6388,-2.8677
642.50,-0.5087,1.5825,-3.0369,-2.9353,1.7314,-2.2049,-0.9259,1.6388,-2.8669
643.00,-0.5087,1.5825,-3.0369,-2.9353,1.7314,-2.2044,-0.9259,1.6388,-2.8664
643.50,-0.5087,1.5825,-3.0369,-2.9353,1.7314,-2.2036,-0.9259,1.6388,-2.8655
644.00,-0.5087,1.5825,-3.0369,-2.9353,1.7314,-2.2025,-0.9259,1.6388,-2.8645
644.50,-0.5087,1.5825,-3.0369,-2.9353,1.7314,-2.2011,-0.9259,1.6388,-2.8631
645.00,-0.5087,1.5825,-3.0369,-2.9353,1.7314,-2.2003,-0.9259,1.6388,-2.8622
645.50,-0.5087,1.5825,-3.0369,-2.9353,1.7314,-2.1997,-0.9259,1.6388,-2.8616
646.00,-0.5087,1.5825,-3.0369,-2.9353,1.7314,-2.1986,-0.9259,1.6388,-2.8606
646.50,-0.5087,1.5825,-3.0369,-2.9353,1.7314,-2.1974,-0.9259,1.6388,-2.8593
647.00,-0.5087,1.5825,-3.0369,-2.9353,1.7314,-2.1967,-0.9259,1.6388,-2.8586
647.50,-0.5087,1.5825,-3.0369,-2.9353,1.7314,-2.1961,-0.9259,1.6388,-2.8580
648.00,-0.5087,1.5825,-3.0369,-2.9353,1.7314,-2.1951,-0.9259,1.6388,-2.8570
648.50,-0.5087,1.5825,-3.0369,-2.9353,1.7314,-2.1937,-0.9259,1.6388,-2.8556
649.00,-0.5087,1.5825,-3.0369,-2.9353,1.7314,-2.1928,-0.9259,1.6388,-2.8547
649.50,-0.5087,1.5825,-3.0369,-2.9353,1.7314,-2.1920,-0.9259,1.6388,-2.8540
650.00,-0.5087,1.5825,-3.0369,-2.9353,1.7314,-2.1910,-0.9259,1.6388,-2.8529
650.50,-0.5087,1.5825,-3.0369,-2.9353,1.7314,-2.1910,-0.9259,1.6388,-2.8529
651.00,-0.5087,1.5825,-3.0369,-2.9353,1.7314,-2.1897,-0.9259,1.6388,-2.8516
651.50,-0.5087,1.5825,-3.0369,-2.9353,1.7314,-2.1887,-0.9259,1.6388,-2.8507
652.00,-0.5087,1.5825,-3.0369,-2.9353,1.7314,-2.1874,-0.9259,1.6388,-2.8494
652.50,-0.5087,1.5825,-3.0369,-2.9353,1.7314,-2.1868,-0.9259,1.6388,-2.8488
653.00,-0.5087,1.5825,-3.0369,-2.9353,1.7314,-2.1852,-0.9259,1.6388,-2.8471
653.50,-0.5087,1.5825,-3.0369,-2.9353,1.7314,-2.1846,-0.9259,1.6388,-2.8465
654.00,-0.5087,1.5825,-3.0369,-2.9353,1.7314,-2.1837,-0.9259,1.6388,-2.8456
654.50,-0.5087,1.5825,-3.0369,-2.9353,1.7314,-2.1830,-0.9259,1.6388,-2.8449
655.00,-0.5087,1.5825,-3.0369,-2.9353,1.7314,-2.1819,-0.9259,1.6388,-2.8438
655.50,-0.5087,1.5825,-3.0369,-2.9353,1.7314,-2.1808,-0.9259,1.6388,-2.8428
656.00,-0.5087,1.5825,-3.0369,-2.9353,1.7314,-2.1799,-0.9259,1.6388,-2.8419
656.50,-0.5087,1.5825,-3.0369,-2.9353,1.7314,-2.1795,-0.9259,1.6388,-2.8414
657.00,-0.5087,1.5825,-3.0369,-2.9353,1.7314,-2.1787,-0.9259,1.6388,-2.8407
657.50,-0.5087,1.5825,-3.0369,-2.9353,1.7314,-2.1780,-0.9259,1.6388,-2.8399
658.00,-0.5087,1.5825,-3.0369,-2.9353,1.7314,-2.1770,-0.9259,1.6388,-2.8389
658.50,-0.5087,1.5825,-3.0369,-2.9353,1.7314,-2.1764,-0.9259,1.6388,-2.8383
659.00,-0.5087,1.5825,-3.0369,-2.9353,1.7314,-2.1750,-0.9259,1.6388,-2.8370
659.50,-0.5087,1.5825,-3.0369,-2.9353,1.7314,-2.1744,-0.9259,1.6388,-2.8363
660.00,-0.5087,1.5825,-3.0369,-2.9353,1.7314,-2.1735,-0.9259,1.6388,-2.8354
660.50,-0.5087,1.5825,-3.0369,-2.9353,1.7314,-2.1728,-0.9259,1.6388,-2.8348
661.00,-0.5087,1.5825,-3.0369,-2.9353,1.7314,-2.1721,-0.9259,1.6388,-2.8340
661.50,-0.5087,1.5825,-3.0369,-2.9353,1.7314,-2.1715,-0.9259,1.6388,-2.8335
662.00,-0.5087,1.5825,-3.0369,-2.9353,1.7314,-2.1699,-0.9259,1.6388,-2.8319
662.50,-0.5087,1.5825,-3.0369,-2.9353,1.7314,-2.1696,-0.9259,1.6388,-2.8315
663.00,-0.5087,1.5825,-3.0369,-2.9353,1.7314,-2.1684,-0.9259,1.6388,-2.8303
663.50,-0.5087,1.5825,-3.0369,-2.9353,1.7314,-2.1671,-0.9259,1.6388,-2.8291
664.00,-0.5087,1.5825,-3.0369,-2.9353,1.7314,-2.1667,-0.9259,1.6388,-2.8287
664.50,-0.5087,1.5825,-3.0369,-2.9353,1.7314,-2.1658,-0.9259,1.6388,-2.8278
665.00,-0.5087,1.5825,-3.0369,-2.9353,1.7314,-2.1649,-0.9259,1.6388,-2.8269
665.50,-0.5087,1.5825,-3.0369,-2.9353,1.7314,-2.1635,-0.9259,1.6388,-2.8255
666.00,-0.5087,1.5825,-3.0369,-2.9353,1.7314,-2.1627,-0.9259,1.6388,-2.8246
666.50,-0.5087,1.5825,-3.0369,-2.9353,1.7314,-2.1617,-0.9259,1.6388,-2.8236
667.00,-0.5087,1.5825,-3.0369,-2.9353,1.7314,-2.1603,-0.9259,1.6388,-2.8222
667.50,-0.5087,1.5825,-3.0369,-2.9353,1.7314,-2.1591,-0.9259,1.6388,-2.8211
668.00,-0.5087,1.5825,-3.0369,-2.9353,1.7314,-2.1578,-0.9259,1.6388,-2.8198
668.50,-0.5087,1.5825,-3.0369,-2.9353,1.7314,-2.1578,-0.9259,1.6388,-2.8197
669.00,-0.5087,1.5825,-3.0369,-2.9353,1.7314,-2.1564,-0.9259,1.6388,-2.8183
669.50,-0.5087,1.5825,-3.0369,-2.9353,1.7314,-2.1554,-0.9259,1.6388,-2.8173
670.00,-0.5087,1.5825,-3.0369,-2.9353,1.7314,-2.1541,-0.9259,1.6388,-2.8160
670.50,-0.5087,1.5825,-3.0369,-2.9353,1.7314,-2.1532,-0.9259,1.6388,-2.8151
671.00,-0.5087,1.5825,-3.0369,-2.9353,1.7314,-2.1520,-0.9259,1.6388,-2.8139
671.50,-0.5087,1.5825,-3.0369,-2.9353,1.7314,-2.1507,-0.9259,1.6388,-2.8126
672.00,-0.5087,1.5825,-3.0369,-2.9353,1.7314,-2.1493,-0.9259,1.6388,-2.8112
672.50,-0.5087,1.5825,-3.0369,-2.9353,1.7314,-2.1481,-0.9259,1.6388,-2.8100
673.00,-0.5087,1.5825,-3.0369,-2.9353,1.7314,-2.1473,-0.9259,1.6388,-2.8093
673.50,-0.5087,1.5825,-3.0369,-2.9353,1.7314,-2.1463,-0.9259,1.6388,-2.8082
674.00,-0.5087,1.5825,-3.0369,-2.9353,1.7314,-2.1452,-0.9259,1.6388,-2.8071
674.50,-0.5087,1.5825,-3.0369,-2.9353,1.7314,-2.1445,-0.9259,1.6388,-2.8064
675.00,-0.5087,1.5825,-3.0369,-2.9353,1.7314,-2.1435,-0.9259,1.6388,-2.8055
675.50,-0.5087,1.5825,-3.0369,-2.9353,1.7314,-2.1427,-0.9259,1.6388,-2.8046
676.00,-0.5087,1.5825,-3.0369,-2.9353,1.7314,-2.1413,-0.9259,1.6388,-2.8033
676.50,-0.5087,1.5825,-3.0369,-2.9353,1.7314,-2.1399,-0.9259,1.6388,-2.8018
677.00,-0.5087,1.5825,-3.0369,-2.9353,1.7314,-2.1389,-0.9259,1.6388,-2.8008
677.50,-0.5087,1.5825,-3.0369,-2.9353,1.7314,-2.1377,-0.9259,1.6388,-2.7996
678.00,-0.5087,1.5825,-3.0369,-2.9353,1.7314,-2.1368,-0.9259,1.6388,-2.7987
678.50,-0.5087,1.5825,-3.0369,-2.9353,1.7314,-2.1359,-0.9259,1.6388,-2.7978
679.00,-0.5087,1.5825,-3.0369,-2.9353,1.7314,-2.1348,-0.9259,1.6388,-2.7968
679.50,-0.5087,1.5825,-3.0369,-2.9353,1.7314,-2.1341,-0.9259,1.6388,-2.7961
680.00,-0.5087,1.5825,-3.0369,-2.9353,1.7314,-2.1333,-0.9259,1.6388,-2.7952
680.50,-0.5087,1.5825,-3.0369,-2.9353,1.7314,-2.1329,-0.9259,1.6388,-2.7948
681.00,-0.5087,1.5825,-3.0369,-2.9353,1.7314,-2.1320,-0.9259,1.6388,-2.7939
681.50,-0.5087,1.5825,-3.0369,-2.9353,1.7314,-2.1305,-0.9259,1.6388,-2.7924
682.00,-0.5087,1.5825,-3.0369,-2.9353,1.7314,-2.1296,-0.9259,1.6388,-2.7915
682.50,-0.5087,1.5825,-3.0369,-2.9353,1.7314,-2.1286,-0.9259,1.6388,-2.7906
683.00,-0.5087,1.5825,-3.0369,-2.9353,1.7314,-2.1275,-0.9259,1.6388,-2.7894
683.50,-0.5087,1.5825,-3.0369,-2.9353,1.7314,-2.1260,-0.9259,1.6388,-2.7880
684.00,-0.5087,1.5825,-3.0369,-2.9353,1.7314,-2.1249,-0.9259,1.6388,-2.7868
684.50,-0.5087,1.5825,-3.0369,-2.9353,1.7314,-2.1245,-0.9259,1.6388,-2.7865
685.00,-0.5087,1.5825,-3.0369,-2.9353,1.7314,-2.1239,-0.9259,1.6388,-2.7858
685.50,-0.5087,1.5825,-3.0369,-2.9353,1.7314,-2.1231,-0.9259,1.6388,-2.7851
686.00,-0.5087,1.5825,-3.0369,-2.9353,1.7314,-2.1224,-0.9259,1.6388,-2.7843
686.50,-0.5087,1.5825,-3.0369,-2.9353,1.7314,-2.1210,-0.9259,1.6388,-2.7830
687.00,-0.5087,1.5825,-3.0369,-2.9353,1.7314,-2.1198,-0.9259,1.6388,-2.7817
687.50,-0.5087,1.5825,-3.0369,-2.9353,1.7314,-2.1188,-0.9259,1.6388,-2.7807
688.00,-0.5087,1.5825,-3.0369,-2.9353,1.7314,-2.1175,-0.9259,1.6388,-2.7795
688.50,-0.5087,1.5825,-3.0369,-2.9353,1.7314,-2.1167,-0.9259,1.6388,-2.7786
689.00,-0.5087,1.5825,-3.0369,-2.9353,1.7314,-2.1155,-0.9259,1.6388,-2.7775
689.50,-0.5087,1.5825,-3.0369,-2.9353,1.7314,-2.1146,-0.9259,1.6388,-2.7766
690.00,-0.5087,1.5825,-3.0369,-2.9353,1.7314,-2.1137,-0.9259,1.6388,-2.7757
690.50,-0.5087,1.5825,-3.0369,-2.9353,1.7314,-2.1125,-0.9259,1.6388,-2.7744
691.00,-0.5087,1.5825,-3.0369,-2.9353,1.7314,-2.1116,-0.9259,1.6388,-2.7735
691.50,-0.5087,1.5825,-3.0369,-2.9353,1.7314,-2.1102,-0.9259,1.6388,-2.7722
692.00,-0.5087,1.5825,-3.0369,-2.9353,1.7314,-2.1095,-0.9259,1.6388,-2.7714
692.50,-0.5087,1.5825,-3.0369,-2.9353,1.7314,-2.1083,-0.9259,1.6388,-2.7702
693.00,-0.5087,1.5825,-3.0369,-2.9353,1.7314,-2.1077,-0.9259,1.6388,-2.7697
693.50,-0.5087,1.5825,-3.0369,-2.9353,1.7314,-2.1072,-0.9259,1.6388,-2.7691
694.00,-0.5087,1.5825,-3.0369,-2.9353,1.7314,-2.1067,-0.9259,1.6388,-2.7686
694.50,-0.5087,1.5825,-3.0369,-2.9353,1.7314,-2.1051,-0.9259,1.6388,-2.7671
695.00,-0.5087,1.5825,-3.0369,-2.9353,1.7314,-2.1044,-0.9259,1.6388,-2.7663
695.50,-0.5087,1.5825,-3.0369,-2.9353,1.7314,-2.1029,-0.9259,1.6388,-2.7649
696.00,-0.5087,1.5825,-3.0369,-2.9353,1.7314,-2.1017,-0.9259,1.6388,-2.7636
696.50,-0.5087,1.5825,-3.0369,-2.9353,1.7314,-2.1007,-0.9259,1.6388,-2.7626
697.00,-0.5087,1.5825,-3.0369,-2.9353,1.7314,-2.1001,-0.9259,1.6388,-2.7621
697.50,-0.5087,1.5825,-3.0369,-2.9353,1.7314,-2.0993,-0.9259,1.6388,-2.7612
698.00,-0.5087,1.5825,-3.0369,-2.9353,1.7314,-2.0983,-0.9259,1.6388,-2.7602
698.50,-0.5087,1.5825,-3.0369,-2.9353,1.7314,-2.0971,-0.9259,1.6388,-2.7591
699.00,-0.5087,1.5825,-3.0369,-2.9353,1.7314,-2.0961,-0.9259,1.6388,-2.7580
699.50,-0.5087,1.5825,-3.0369,-2.9353,1.7314,-2.0954,-0.9259,1.6388,-2.7574
700.00,-0.5087,1.5825,-3.0369,-2.9353,1.7314,-2.0947,-0.9259,1.6388,-2.7566
700.50,-0.5087,1.5825,-3.0369,-2.9353,1.7314,-2.0932,-0.9259,1.6388,-2.7551
701.00,-0.5087,1.5825,-3.0369,-2.9353,1.7314,-2.0926,-0.9259,1.6388,-2.7545
701.50,-0.5087,1.5825,-3.0369,-2.9353,1.7314,-2.0914,-0.9259,1.6388,-2.7533
702.00,-0.5087,1.5825,-3.0369,-2.9353,1.7314,-2.0906,-0.9259,1.6388,-2.7525
702.50,-0.5087,1.5825,-3.0369,-2.9353,1.7314,-2.0896,-0.9259,1.6388,-2.7515
703.00,-0.5087,1.5825,-3.0369,-2.9353,1.7314,-2.0888,-0.9259,1.6388,-2.7507
703.50,-0.5087,1.5825,-3.0369,-2.9353,1.7314,-2.0878,-0.9259,1.6388,-2.7497
704.00,-0.5087,1.5825,-3.0369,-2.9353,1.7314,-2.0870,-0.9259,1.6388,-2.7489
704.50,-0.5087,1.5825,-3.0369,-2.9353,1.7314,-2.0858,-0.9259,1.6388,-2.7477
705.00,-0.5087,1.5825,-3.0369,-2.9353,1.7314,-2.0849,-0.9259,1.6388,-2.7469
705.50,-0.5087,1.5825,-3.0369,-2.9353,1.7314,-2.0842,-0.9259,1.6388,-2.7461
706.00,-0.5087,1.5825,-3.0369,-2.9353,1.7314,-2.0835,-0.9259,1.6388,-2.7455
706.50,-0.5087,1.5825,-3.0369,-2.9353,1.7314,-2.0823,-0.9259,1.6388,-2.7442
707.00,-0.5087,1.5825,-3.0369,-2.9353,1.7314,-2.0810,-0.9259,1.6388,-2.7429
707.50,-0.5087,1.5825,-3.0369,-2.9353,1.7314,-2.0804,-0.9259,1.6388,-2.7424
708.00,-0.5087,1.5825,-3.0369,-2.9353,1.7314,-2.0794,-0.9259,1.6388,-2.7414
708.50,-0.5087,1.5825,-3.0369,-2.9353,1.7314,-2.0781,-0.9259,1.6388,-2.7400
709.00,-0.5087,1.5825,-3.0369,-2.9353,1.7314,-2.0770,-0.9259,1.6388,-2.7390
709.50,-0.5087,1.5825,-3.0369,-2.9353,1.7314,-2.0761,-0.9259,1.6388,-2.7380
710.00,-0.5087,1.5825,-3.0369,-2.9353,1.7314,-2.0753,-0.9259,1.6388,-2.7372
710.50,-0.5087,1.5825,-3.0369,-2.9353,1.7314,-2.0746,-0.9259,1.6388,-2.7365
711.00,-0.5087,1.5825,-3.0369,-2.9353,1.7314,-2.0737,-0.9259,1.6388,-2.7356
711.50,-0.5087,1.5825,-3.0369,-2.9353,1.7314,-2.0729,-0.9259,1.6388,-2.7349
712.00,-0.5087,1.5825,-3.0369,-2.9353,1.7314,-2.0715,-0.9259,1.6388,-2.7334
712.50,-0.5087,1.5825,-3.0369,-2.9353,1.7314,-2.0703,-0.9259,1.6388,-2.7323
713.00,-0.5087,1.5825,-3.0369,-2.9353,1.7314,-2.0692,-0.9259,1.6388,-2.7311
713.50,-0.5087,1.5825,-3.0369,-2.9353,1.7314,-2.0682,-0.9259,1.6388,-2.7301
714.00,-0.5087,1.5825,-3.0369,-2.9353,1.7314,-2.0672,-0.9259,1.6388,-2.7291
714.50,-0.5087,1.5825,-3.0369,-2.9353,1.7314,-2.0654,-0.9259,1.6388,-2.7274
715.00,-0.5087,1.5825,-3.0369,-2.9353,1.7314,-2.0644,-0.9259,1.6388,-2.7263
715.50,-0.5087,1.5825,-3.0369,-2.9353,1.7314,-2.0632,-0.9259,1.6388,-2.7251
716.00,-0.5087,1.5825,-3.0369,-2.9353,1.7314,-2.0618,-0.9259,1.6388,-2.7238
716.50,-0.5087,1.5825,-3.0369,-2.9353,1.7314,-2.0611,-0.9259,1.6388,-2.7230
717.00,-0.5087,1.5825,-3.0369,-2.9353,1.7314,-2.0596,-0.9259,1.6388,-2.7215
717.50,-0.5087,1.5825,-3.0369,-2.9353,1.7314,-2.0584,-0.9259,1.6388,-2.7203
718.00,-0.5087,1.5825,-3.0369,-2.9353,1.7314,-2.0574,-0.9259,1.6388,-2.7193
718.50,-0.5087,1.5825,-3.0369,-2.9353,1.7314,-2.0567,-0.9259,1.6388,-2.7186
719.00,-0.5087,1.5825,-3.0369,-2.9353,1.7314,-2.0554,-0.9259,1.6388,-2.7174
719.50,-0.5087,1.5825,-3.0369,-2.9353,1.7314,-2.0541,-0.9259,1.6388,-2.7160
720.00,-0.5087,1.5825,-3.0369,-2.9353,1.7314,-2.0529,-0.9259,1.6388,-2.7148
720.50,-0.5087,1.5825,-3.0369,-2.9353,1.7314,-2.0525,-0.9259,1.6388,-2.7144
721.00,-0.5087,1.5825,-3.0369,-2.9353,1.7314,-2.0513,-0.9259,1.6388,-2.7132
721.50,-0.5087,1.5825,-3.0369,-2.9353,1.7314,-2.0501,-0.9259,1.6388,-2.7121
722.00,-0.5087,1.5825,-3.0369,-2.9353,1.7314,-2.0492,-0.9259,1.6388,-2.7111
722.50,-0.5087,1.5825,-3.0369,-2.9353,1.7314,-2.0477,-0.9259,1.6388,-2.7097
723.00,-0.5087,1.5825,-3.0369,-2.9353,1.7314,-2.0467,-0.9259,1.6388,-2.7087
723.50,-0.5087,1.5825,-3.0369,-2.9353,1.7314,-2.0456,-0.9259,1.6388,-2.7075
724.00,-0.5087,1.5825,-3.0369,-2.9353,1.7314,-2.0442,-0.9259,1.6388,-2.7061
724.50,-0.5087,1.5825,-3.0369,-2.9353,1.7314,-2.0433,-0.9259,1.6388,-2.7053
725.00,-0.5087,1.5825,-3.0369,-2.9353,1.7314,-2.0422,-0.9259,1.6388,-2.7042
725.50,-0.5087,1.5825,-3.0369,-2.9353,1.7314,-2.0407,-0.9259,1.6388,-2.7026
726.00,-0.5087,1.5825,-3.0369,-2.9353,1.7314,-2.0393,-0.9259,1.6388,-2.7012
726.50,-0.5087,1.5825,-3.0369,-2.9353,1.7314,-2.0383,-0.9259,1.6388,-2.7002
727.00,-0.5087,1.5825,-3.0369,-2.9353,1.7314,-2.0375,-0.9259,1.6388,-2.6994
727.50,-0.5087,1.5825,-3.0369,-2.9353,1.7314,-2.0368,-0.9259,1.6388,-2.6988
728.00,-0.5087,1.5825,-3.0369,-2.9353,1.7314,-2.0356,-0.9259,1.6388,-2.6975
728.50,-0.5087,1.5825,-3.0369,-2.9353,1.7314,-2.0344,-0.9259,1.6388,-2.6963
729.00,-0.5087,1.5825,-3.0369,-2.9353,1.7314,-2.0330,-0.9259,1.6388,-2.6950
729.50,-0.5087,1.5825,-3.0369,-2.9353,1.7314,-2.0319,-0.9259,1.6388,-2.6939
730.00,-0.5087,1.5825,-3.0369,-2.9353,1.7314,-2.0311,-0.9259,1.6388,-2.6931
730.50,-0.5087,1.5825,-3.0369,-2.9353,1.7314,-2.0299,-0.9259,1.6388,-2.6919
731.00,-0.5087,1.5825,-3.0369,-2.9353,1.7314,-2.0286,-0.9259,1.6388,-2.6905
731.50,-0.5087,1.5825,-3.0369,-2.9353,1.7314,-2.0273,-0.9259,1.6388,-2.6892
732.00,-0.5087,1.5825,-3.0369,-2.9353,1.7314,-2.0262,-0.9259,1.6388,-2.6881
732.50,-0.5087,1.5825,-3.0369,-2.9353,1.7314,-2.0245,-0.9259,1.6388,-2.6865
733.00,-0.5087,1.5825,-3.0369,-2.9353,1.7314,-2.0235,-0.9259,1.6388,-2.6854
733.50,-0.5087,1.5825,-3.0369,-2.9353,1.7314,-2.0220,-0.9259,1.6388,-2.6840
734.00,-0.5087,1.5825,-3.0369,-2.9353,1.7314,-2.0210,-0.9259,1.6388,-2.6829
734.50,-0.5087,1.5825,-3.0369,-2.9353,1.7314,-2.0195,-0.9259,1.6388,-2.6815
735.00,-0.5087,1.5825,-3.0369,-2.9353,1.7314,-2.0183,-0.9259,1.6388,-2.6803
735.50,-0.5087,1.5825,-3.0369,-2.9353,1.7314,-2.0172,-0.9259,1.6388,-2.6792
736.00,-0.5087,1.5825,-3.0369,-2.9353,1.7314,-2.0167,-0.9259,1.6388,-2.6786
736.50,-0.5087,1.5825,-3.0369,-2.9353,1.7314,-2.0157,-0.9259,1.6388,-2.6777
737.00,-0.5087,1.5825,-3.0369,-2.9353,1.7314,-2.0147,-0.9259,1.6388,-2.6767
737.50,-0.5087,1.5825,-3.0369,-2.9353,1.7314,-2.0136,-0.9259,1.6388,-2.6755
738.00,-0.5087,1.5825,-3.0369,-2.9353,1.7314,-2.0125,-0.9259,1.6388,-2.6745
738.50,-0.5087,1.5825,-3.0369,-2.9353,1.7314,-2.0113,-0.9259,1.6388,-2.6732
739.00,-0.5087,1.5825,-3.0369,-2.9353,1.7314,-2.0102,-0.9259,1.6388,-2.6722
739.50,-0.5087,1.5825,-3.0369,-2.9353,1.7314,-2.0091,-0.9259,1.6388,-2.6710
740.00,-0.5087,1.5825,-3.0369,-2.9353,1.7314,-2.0073,-0.9259,1.6388,-2.6692
740.50,-0.5087,1.5825,-3.0369,-2.9353,1.7314,-2.0056,-0.9259,1.6388,-2.6676
741.00,-0.5087,1.5825,-3.0369,-2.9353,1.7314,-2.0043,-0.9259,1.6388,-2.6662
741.50,-0.5087,1.5825,-3.0369,-2.9353,1.7314,-2.0035,-0.9259,1.6388,-2.6654
742.00,-0.5087,1.5825,-3.0369,-2.9353,1.7314,-2.0021,-0.9259,1.6388,-2.6640
742.50,-0.5087,1.5825,-3.0369,-2.9353,1.7314,-2.0008,-0.9259,1.6388,-2.6627
743.00,-0.5087,1.5825,-3.0369,-2.9353,1.7314,-2.0003,-0.9259,1.6388,-2.6623
743.50,-0.5087,1.5825,-3.0369,-2.9353,1.7314,-1.9990,-0.9259,1.6388,-2.6610
744.00,-0.5087,1.5825,-3.0369,-2.9353,1.7314,-1.9979,-0.9259,1.6388,-2.6598
744.50,-0.5087,1.5825,-3.0369,-2.9353,1.7314,-1.9965,-0.9259,1.6388,-2.6585
745.00,-0.5087,1.5825,-3.0369,-2.9353,1.7314,-1.9953,-0.9259,1.6388,-2.6573
745.50,-0.5087,1.5825,-3.0369,-2.9353,1.7314,-1.9945,-0.9259,1.6388,-2.6565
746.00,-0.5087,1.5825,-3.0369,-2.9353,1.7314,-1.9935,-0.9259,1.6388,-2.6554
746.50,-0.5087,1.5825,-3.0369,-2.9353,1.7314,-1.9926,-0.9259,1.6388,-2.6546
747.00,-0.5087,1.5825,-3.0369,-2.9353,1.7314,-1.9914,-0.9259,1.6388,-2.6534
747.50,-0.5087,1.5825,-3.0369,-2.9353,1.7314,-1.9907,-0.9259,1.6388,-2.6526
748.00,-0.5087,1.5825,-3.0369,-2.9353,1.7314,-1.9892,-0.9259,1.6388,-2.6511
748.50,-0.5087,1.5825,-3.0369,-2.9353,1.7314,-1.9883,-0.9259,1.6388,-2.6502
749.00,-0.5087,1.5825,-3.0369,-2.9353,1.7314,-1.9865,-0.9259,1.6388,-2.6485
749.50,-0.5087,1.5825,-3.0369,-2.9353,1.7314,-1.9850,-0.9259,1.6388,-2.6469
750.00,-0.5087,1.5825,-3.0369,-2.9353,1.7314,-1.9841,-0.9259,1.6388,-2.6460
750.50,-0.5087,1.5825,-3.0369,-2.9353,1.7314,-1.9829,-0.9259,1.6388,-2.6449
751.00,-0.5087,1.5825,-3.0369,-2.9353,1.7314,-1.9817,-0.9259,1.6388,-2.6436
751.50,-0.5087,1.5825,-3.0369,-2.9353,1.7314,-1.9808,-0.9259,1.6388,-2.6428
752.00,-0.5087,1.5825,-3.0369,-2.9353,1.7314,-1.9796,-0.9259,1.6388,-2.6416
752.50,-0.5087,1.5825,-3.0369,-2.9353,1.7314,-1.9781,-0.9259,1.6388,-2.6400
753.00,-0.5087,1.5825,-3.0369,-2.9353,1.7314,-1.9770,-0.9259,1.6388,-2.6389
753.50,-0.5087,1.5825,-3.0369,-2.9353,1.7314,-1.9753,-0.9259,1.6388,-2.6372
754.00,-0.5087,1.5825,-3.0369,-2.9353,1.7314,-1.9739,-0.9259,1.6388,-2.6358
754.50,-0.5087,1.5825,-3.0369,-2.9353,1.7314,-1.9728,-0.9259,1.6388,-2.6347
755.00,-0.5087,1.5825,-3.0369,-2.9353,1.7314,-1.9716,-0.9259,1.6388,-2.6335
755.50,-0.5087,1.5825,-3.0369,-2.9353,1.7314,-1.9700,-0.9259,1.6388,-2.6320
756.00,-0.5087,1.5825,-3.0369,-2.9353,1.7314,-1.9689,-0.9259,1.6388,-2.6308
756.50,-0.5087,1.5825,-3.0369,-2.9353,1.7314,-1.9680,-0.9259,1.6388,-2.6299
757.00,-0.5087,1.5825,-3.0369,-2.9353,1.7314,-1.9663,-0.9259,1.6388,-2.6282
757.50,-0.5087,1.5825,-3.0369,-2.9353,1.7314,-1.9648,-0.9259,1.6388,-2.6267
758.00,-0.5087,1.5825,-3.0369,-2.9353,1.7314,-1.9636,-0.9259,1.6388,-2.6255
758.50,-0.5087,1.5825,-3.0369,-2.9353,1.7314,-1.9618,-0.9259,1.6388,-2.6237
759.00,-0.5087,1.5825,-3.0369,-2.9353,1.7314,-1.9606,-0.9259,1.6388,-2.6225
759.50,-0.5087,1.5825,-3.0369,-2.9353,1.7314,-1.9599,-0.9259,1.6388,-2.6218
760.00,-0.5087,1.5825,-3.0369,-2.9353,1.7314,-1.9591,-0.9259,1.6388,-2.6210
760.50,-0.5087,1.5825,-3.0369,-2.9353,1.7314,-1.9581,-0.9259,1.6388,-2.6200
761.00,-0.5087,1.5825,-3.0369,-2.9353,1.7314,-1.9569,-0.9259,1.6388,-2.6188
761.50,-0.5087,1.5825,-3.0369,-2.9353,1.7314,-1.9559,-0.9259,1.6388,-2.6178
762.00,-0.5087,1.5825,-3.0369,-2.9353,1.7314,-1.9549,-0.9259,1.6388,-2.6168
762.50,-0.5087,1.5825,-3.0369,-2.9353,1.7314,-1.9531,-0.9259,1.6388,-2.6151
763.00,-0.5087,1.5825,-3.0369,-2.9353,1.7314,-1.9518,-0.9259,1.6388,-2.6137
763.50,-0.5087,1.5825,-3.0369,-2.9353,1.7314,-1.9512,-0.9259,1.6388,-2.6131
764.00,-0.5087,1.5825,-3.0369,-2.9353,1.7314,-1.9503,-0.9259,1.6388,-2.6123
764.50,-0.5087,1.5825,-3.0369,-2.9353,1.7314,-1.9491,-0.9259,1.6388,-2.6110
765.00,-0.5087,1.5825,-3.0369,-2.9353,1.7314,-1.9483,-0.9259,1.6388,-2.6103
765.50,-0.5087,1.5825,-3.0369,-2.9353,1.7314,-1.9471,-0.9259,1.6388,-2.6090
766.00,-0.5087,1.5825,-3.0369,-2.9353,1.7314,-1.9456,-0.9259,1.6388,-2.6075
766.50,-0.5087,1.5825,-3.0369,-2.9353,1.7314,-1.9448,-0.9259,1.6388,-2.6067
767.00,-0.5087,1.5825,-3.0369,-2.9353,1.7314,-1.9432,-0.9259,1.6388,-2.6052
767.50,-0.5087,1.5825,-3.0369,-2.9353,1.7314,-1.9419,-0.9259,1.6388,-2.6038
768.00,-0.5087,1.5825,-3.0369,-2.9353,1.7314,-1.9408,-0.9259,1.6388,-2.6028
768.50,-0.5087,1.5825,-3.0369,-2.9353,1.7314,-1.9398,-0.9259,1.6388,-2.6017
769.00,-0.5087,1.5825,-3.0369,-2.9353,1.7314,-1.9385,-0.9259,1.6388,-2.6004
769.50,-0.5087,1.5825,-3.0369,-2.9353,1.7314,-1.9376,-0.9259,1.6388,-2.5996
770.00,-0.5087,1.5825,-3.0369,-2.9353,1.7314,-1.9366,-0.9259,1.6388,-2.5986
770.50,-0.5087,1.5825,-3.0369,-2.9353,1.7314,-1.9350,-0.9259,1.6388,-2.5969
771.00,-0.5087,1.5825,-3.0369,-2.9353,1.7314,-1.9332,-0.9259,1.6388,-2.5952
771.50,-0.5087,1.5825,-3.0369,-2.9353,1.7314,-1.9320,-0.9259,1.6388,-2.5940
772.00,-0.5087,1.5825,-3.0369,-2.9353,1.7314,-1.9311,-0.9259,1.6388,-2.5931
772.50,-0.5087,1.5825,-3.0369,-2.9353,1.7314,-1.9300,-0.9259,1.6388,-2.5920
773.00,-0.5087,1.5825,-3.0369,-2.9353,1.7314,-1.9286,-0.9259,1.6388,-2.5905
773.50,-0.5087,1.5825,-3.0369,-2.9353,1.7314,-1.9275,-0.9259,1.6388,-2.5894
774.00,-0.5087,1.5825,-3.0369,-2.9353,1.7314,-1.9267,-0.9259,1.6388,-2.5886
774.50,-0.5087,1.5825,-3.0369,-2.9353,1.7314,-1.9255,-0.9259,1.6388,-2.5875
775.00,-0.5087,1.5825,-3.0369,-2.9353,1.7314,-1.9247,-0.9259,1.6388,-2.5866
775.50,-0.5087,1.5825,-3.0369,-2.9353,1.7314,-1.9228,-0.9259,1.6388,-2.5847
776.00,-0.5087,1.5825,-3.0369,-2.9353,1.7314,-1.9218,-0.9259,1.6388,-2.5837
776.50,-0.5087,1.5825,-3.0369,-2.9353,1.7314,-1.9199,-0.9259,1.6388,-2.5818
777.00,-0.5087,1.5825,-3.0369,-2.9353,1.7314,-1.9186,-0.9259,1.6388,-2.5806
777.50,-0.5087,1.5825,-3.0369,-2.9353,1.7314,-1.9170,-0.9259,1.6388,-2.5790
778.00,-0.5087,1.5825,-3.0369,-2.9353,1.7314,-1.9155,-0.9259,1.6388,-2.5774
778.50,-0.5087,1.5825,-3.0369,-2.9353,1.7314,-1.9146,-0.9259,1.6388,-2.5765
779.00,-0.5087,1.5825,-3.0369,-2.9353,1.7314,-1.9136,-0.9259,1.6388,-2.5755
779.50,-0.5087,1.5825,-3.0369,-2.9353,1.7314,-1.9118,-0.9259,1.6388,-2.5738
780.00,-0.5087,1.5825,-3.0369,-2.9353,1.7314,-1.9108,-0.9259,1.6388,-2.5728
780.50,-0.5087,1.5825,-3.0369,-2.9353,1.7314,-1.9095,-0.9259,1.6388,-2.5715
781.00,-0.5087,1.5825,-3.0369,-2.9353,1.7314,-1.9089,-0.9259,1.6388,-2.5708
781.50,-0.5087,1.5825,-3.0369,-2.9353,1.7314,-1.9078,-0.9259,1.6388,-2.5697
782.00,-0.5087,1.5825,-3.0369,-2.9353,1.7314,-1.9069,-0.9259,1.6388,-2.5689
782.50,-0.5087,1.5825,-3.0369,-2.9353,1.7314,-1.9058,-0.9259,1.6388,-2.5677
783.00,-0.5087,1.5825,-3.0369,-2.9353,1.7314,-1.9044,-0.9259,1.6388,-2.5664
783.50,-0.5087,1.5825,-3.0369,-2.9353,1.7314,-1.9033,-0.9259,1.6388,-2.5653
784.00,-0.5087,1.5825,-3.0369,-2.9353,1.7314,-1.9020,-0.9259,1.6388,-2.5639
784.50,-0.5087,1.5825,-3.0369,-2.9353,1.7314,-1.9008,-0.9259,1.6388,-2.5627
785.00,-0.5087,1.5825,-3.0369,-2.9353,1.7314,-1.8998,-0.9259,1.6388,-2.5617
785.50,-0.5087,1.5825,-3.0369,-2.9353,1.7314,-1.8981,-0.9259,1.6388,-2.5600
786.00,-0.5087,1.5825,-3.0369,-2.9353,1.7314,-1.8973,-0.9259,1.6388,-2.5592
786.50,-0.5087,1.5825,-3.0369,-2.9353,1.7314,-1.8962,-0.9259,1.6388,-2.5581
787.00,-0.5087,1.5825,-3.0369,-2.9353,1.7314,-1.8949,-0.9259,1.6388,-2.5568
787.50,-0.5087,1.5825,-3.0369,-2.9353,1.7314,-1.8936,-0.9259,1.6388,-2.5555
788.00,-0.5087,1.5825,-3.0369,-2.9353,1.7314,-1.8926,-0.9259,1.6388,-2.5545
788.50,-0.5087,1.5825,-3.0369,-2.9353,1.7314,-1.8919,-0.9259,1.6388,-2.5539
789.00,-0.5087,1.5825,-3.0369,-2.9353,1.7314,-1.8911,-0.9259,1.6388,-2.5530
789.50,-0.5087,1.5825,-3.0369,-2.9353,1.7314,-1.8900,-0.9259,1.6388,-2.5520
790.00,-0.5087,1.5825,-3.0369,-2.9353,1.7314,-1.8882,-0.9259,1.6388,-2.5501
790.50,-0.5087,1.5825,-3.0369,-2.9353,1.7314,-1.8873,-0.9259,1.6388,-2.5492
791.00,-0.5087,1.5825,-3.0369,-2.9353,1.7314,-1.8861,-0.9259,1.6388,-2.5481
791.50,-0.5087,1.5825,-3.0369,-2.9353,1.7314,-1.8852,-0.9259,1.6388,-2.5472
792.00,-0.5087,1.5825,-3.0369,-2.9353,1.7314,-1.8833,-0.9259,1.6388,-2.5452
792.50,-0.5087,1.5825,-3.0369,-2.9353,1.7314,-1.8816,-0.9259,1.6388,-2.5435
793.00,-0.5087,1.5825,-3.0369,-2.9353,1.7314,-1.8801,-0.9259,1.6388,-2.5420
793.50,-0.5087,1.5825,-3.0369,-2.9353,1.7314,-1.8789,-0.9259,1.6388,-2.5408
794.00,-0.5087,1.5825,-3.0369,-2.9353,1.7314,-1.8782,-0.9259,1.6388,-2.5402
794.50,-0.5087,1.5825,-3.0369,-2.9353,1.7314,-1.8770,-0.9259,1.6388,-2.5389
795.00,-0.5087,1.5825,-3.0369,-2.9353,1.7314,-1.8761,-0.9259,1.6388,-2.5380
795.50,-0.5087,1.5825,-3.0369,-2.9353,1.7314,-1.8747,-0.9259,1.6388,-2.5367
796.00,-0.5087,1.5825,-3.0369,-2.9353,1.7314,-1.8738,-0.9259,1.6388,-2.5358
796.50,-0.5087,1.5825,-3.0369,-2.9353,1.7314,-1.8722,-0.9259,1.6388,-2.5341
797.00,-0.5087,1.5825,-3.0369,-2.9353,1.7314,-1.8708,-0.9259,1.6388,-2.5327
797.50,-0.5087,1.5825,-3.0369,-2.9353,1.7314,-1.8697,-0.9259,1.6388,-2.5316
798.00,-0.5087,1.5825,-3.0369,-2.9353,1.7314,-1.8679,-0.9259,1.6388,-2.5299
798.50,-0.5087,1.5825,-3.0369,-2.9353,1.7314,-1.8668,-0.9259,1.6388,-2.5287
799.00,-0.5087,1.5825,-3.0369,-2.9353,1.7314,-1.8658,-0.9259,1.6388,-2.5278
799.50,-0.5087,1.5825,-3.0369,-2.9353,1.7314,-1.8650,-0.9259,1.6388,-2.5269
800.00,-0.5087,1.5825,-3.0369,-2.9353,1.7314,-1.8637,-0.9259,1.6388,-2.5257
800.50,-0.5087,1.5825,-3.0369,-2.9353,1.7314,-1.8623,-0.9259,1.6388,-2.5243
801.00,-0.5087,1.5825,-3.0369,-2.9353,1.7314,-1.8608,-0.9259,1.6388,-2.5227
801.50,-0.5087,1.5825,-3.0369,-2.9353,1.7314,-1.8594,-0.9259,1.6388,-2.5213
802.00,-0.5087,1.5825,-3.0369,-2.9353,1.7314,-1.8578,-0.9259,1.6388,-2.5198
802.50,-0.5087,1.5825,-3.0369,-2.9353,1.7314,-1.8565,-0.9259,1.6388,-2.5185
803.00,-0.5087,1.5825,-3.0369,-2.9353,1.7314,-1.8555,-0.9259,1.6388,-2.5174
803.50,-0.5087,1.5825,-3.0369,-2.9353,1.7314,-1.8548,-0.9259,1.6388,-2.5167
804.00,-0.5087,1.5825,-3.0369,-2.9353,1.7314,-1.8536,-0.9259,1.6388,-2.5155
804.50,-0.5087,1.5825,-3.0369,-2.9353,1.7314,-1.8524,-0.9259,1.6388,-2.5143
805.00,-0.5087,1.5825,-3.0369,-2.9353,1.7314,-1.8507,-0.9259,1.6388,-2.5126
805.50,-0.5087,1.5825,-3.0369,-2.9353,1.7314,-1.8498,-0.9259,1.6388,-2.5118
806.00,-0.5087,1.5825,-3.0369,-2.9353,1.7314,-1.8480,-0.9259,1.6388,-2.5100
806.50,-0.5087,1.5825,-3.0369,-2.9353,1.7314,-1.8464,-0.9259,1.6388,-2.5084
807.00,-0.5087,1.5825,-3.0369,-2.9353,1.7314,-1.8452,-0.9259,1.6388,-2.5071
807.50,-0.5087,1.5825,-3.0369,-2.9353,1.7314,-1.8443,-0.9259,1.6388,-2.5062
808.00,-0.5087,1.5825,-3.0369,-2.9353,1.7314,-1.8434,-0.9259,1.6388,-2.5054
808.50,-0.5087,1.5825,-3.0369,-2.9353,1.7314,-1.8422,-0.9259,1.6388,-2.5042
809.00,-0.5087,1.5825,-3.0369,-2.9353,1.7314,-1.8407,-0.9259,1.6388,-2.5026
809.50,-0.5087,1.5825,-3.0369,-2.9353,1.7314,-1.8395,-0.9259,1.6388,-2.5014
810.00,-0.5087,1.5825,-3.0369,-2.9353,1.7314,-1.8386,-0.9259,1.6388,-2.5006
810.50,-0.5087,1.5825,-3.0369,-2.9353,1.7314,-1.8378,-0.9259,1.6388,-2.4998
811.00,-0.5087,1.5825,-3.0369,-2.9353,1.7314,-1.8368,-0.9259,1.6388,-2.4987
811.50,-0.5087,1.5825,-3.0369,-2.9353,1.7314,-1.8357,-0.9259,1.6388,-2.4976
812.00,-0.5087,1.5825,-3.0369,-2.9353,1.7314,-1.8344,-0.9259,1.6388,-2.4963
812.50,-0.5087,1.5825,-3.0369,-2.9353,1.7314,-1.8339,-0.9259,1.6388,-2.4958
813.00,-0.5087,1.5825,-3.0369,-2.9353,1.7314,-1.8327,-0.9259,1.6388,-2.4946
813.50,-0.5087,1.5825,-3.0369,-2.9353,1.7314,-1.8310,-0.9259,1.6388,-2.4930
814.00,-0.5087,1.5825,-3.0369,-2.9353,1.7314,-1.8300,-0.9259,1.6388,-2.4919
814.50,-0.5087,1.5825,-3.0369,-2.9353,1.7314,-1.8290,-0.9259,1.6388,-2.4910
815.00,-0.5087,1.5825,-3.0369,-2.9353,1.7314,-1.8274,-0.9259,1.6388,-2.4893
815.50,-0.5087,1.5825,-3.0369,-2.9353,1.7314,-1.8263,-0.9259,1.6388,-2.4883
816.00,-0.5087,1.5825,-3.0369,-2.9353,1.7314,-1.8249,-0.9259,1.6388,-2.4868
816.50,-0.5087,1.5825,-3.0369,-2.9353,1.7314,-1.8240,-0.9259,1.6388,-2.4860
817.00,-0.5087,1.5825,-3.0369,-2.9353,1.7314,-1.8223,-0.9259,1.6388,-2.4842
817.50,-0.5087,1.5825,-3.0369,-2.9353,1.7314,-1.8207,-0.9259,1.6388,-2.4826
818.00,-0.5087,1.5825,-3.0369,-2.9353,1.7314,-1.8201,-0.9259,1.6388,-2.4821
818.50,-0.5087,1.5825,-3.0369,-2.9353,1.7314,-1.8190,-0.9259,1.6388,-2.4809
819.00,-0.5087,1.5825,-3.0369,-2.9353,1.7314,-1.8177,-0.9259,1.6388,-2.4797
819.50,-0.5087,1.5825,-3.0369,-2.9353,1.7314,-1.8158,-0.9259,1.6388,-2.4778
820.00,-0.5087,1.5825,-3.0369,-2.9353,1.7314,-1.8145,-0.9259,1.6388,-2.4764
820.50,-0.5087,1.5825,-3.0369,-2.9353,1.7314,-1.8130,-0.9259,1.6388,-2.4750
821.00,-0.5087,1.5825,-3.0369,-2.9353,1.7314,-1.8121,-0.9259,1.6388,-2.4740
821.50,-0.5087,1.5825,-3.0369,-2.9353,1.7314,-1.8107,-0.9259,1.6388,-2.4726
822.00,-0.5087,1.5825,-3.0369,-2.9353,1.7314,-1.8094,-0.9259,1.6388,-2.4713
822.50,-0.5087,1.5825,-3.0369,-2.9353,1.7314,-1.8080,-0.9259,1.6388,-2.4699
823.00,-0.5087,1.5825,-3.0369,-2.9353,1.7314,-1.8068,-0.9259,1.6388,-2.4687
823.50,-0.5087,1.5825,-3.0369,-2.9353,1.7314,-1.8057,-0.9259,1.6388,-2.4677
824.00,-0.5087,1.5825,-3.0369,-2.9353,1.7314,-1.8045,-0.9259,1.6388,-2.4665
824.50,-0.5087,1.5825,-3.0369,-2.9353,1.7314,-1.8036,-0.9259,1.6388,-2.4655
825.00,-0.5087,1.5825,-3.0369,-2.9353,1.7314,-1.8027,-0.9259,1.6388,-2.4646
825.50,-0.5087,1.5825,-3.0369,-2.9353,1.7314,-1.8007,-0.9259,1.6388,-2.4626
826.00,-0.5087,1.5825,-3.0369,-2.9353,1.7314,-1.7991,-0.9259,1.6388,-2.4611
826.50,-0.5087,1.5825,-3.0369,-2.9353,1.7314,-1.7980,-0.9259,1.6388,-2.4599
827.00,-0.5087,1.5825,-3.0369,-2.9353,1.7314,-1.7973,-0.9259,1.6388,-2.4592
827.50,-0.5087,1.5825,-3.0369,-2.9353,1.7314,-1.7959,-0.9259,1.6388,-2.4578
828.00,-0.5087,1.5825,-3.0369,-2.9353,1.7314,-1.7944,-0.9259,1.6388,-2.4563
828.50,-0.5087,1.5825,-3.0369,-2.9353,1.7314,-1.7930,-0.9259,1.6388,-2.4549
829.00,-0.5087,1.5825,-3.0369,-2.9353,1.7314,-1.7918,-0.9259,1.6388,-2.4537
829.50,-0.5087,1.5825,-3.0369,-2.9353,1.7314,-1.7901,-0.9259,1.6388,-2.4521
830.00,-0.5087,1.5825,-3.0369,-2.9353,1.7314,-1.7889,-0.9259,1.6388,-2.4508
830.50,-0.5087,1.5825,-3.0369,-2.9353,1.7314,-1.7873,-0.9259,1.6388,-2.4493
831.00,-0.5087,1.5825,-3.0369,-2.9353,1.7314,-1.7860,-0.9259,1.6388,-2.4479
831.50,-0.5087,1.5825,-3.0369,-2.9353,1.7314,-1.7852,-0.9259,1.6388,-2.4471
832.00,-0.5087,1.5825,-3.0369,-2.9353,1.7314,-1.7842,-0.9259,1.6388,-2.4461
832.50,-0.5087,1.5825,-3.0369,-2.9353,1.7314,-1.7823,-0.9259,1.6388,-2.4442
833.00,-0.5087,1.5825,-3.0369,-2.9353,1.7314,-1.7808,-0.9259,1.6388,-2.4428
833.50,-0.5087,1.5825,-3.0369,-2.9353,1.7314,-1.7799,-0.9259,1.6388,-2.4418
834.00,-0.5087,1.5825,-3.0369,-2.9353,1.7314,-1.7786,-0.9259,1.6388,-2.4406
834.50,-0.5087,1.5825,-3.0369,-2.9353,1.7314,-1.7776,-0.9259,1.6388,-2.4395
835.00,-0.5087,1.5825,-3.0369,-2.9353,1.7314,-1.7760,-0.9259,1.6388,-2.4380
835.50,-0.5087,1.5825,-3.0369,-2.9353,1.7314,-1.7742,-0.9259,1.6388,-2.4361
836.00,-0.5087,1.5825,-3.0369,-2.9353,1.7314,-1.7730,-0.9259,1.6388,-2.4349
836.50,-0.5087,1.5825,-3.0369,-2.9353,1.7314,-1.7713,-0.9259,1.6388,-2.4332
837.00,-0.5087,1.5825,-3.0369,-2.9353,1.7314,-1.7702,-0.9259,1.6388,-2.4321
837.50,-0.5087,1.5825,-3.0369,-2.9353,1.7314,-1.7689,-0.9259,1.6388,-2.4308
838.00,-0.5087,1.5825,-3.0369,-2.9353,1.7314,-1.7674,-0.9259,1.6388,-2.4293
838.50,-0.5087,1.5825,-3.0369,-2.9353,1.7314,-1.7662,-0.9259,1.6388,-2.4282
839.00,-0.5087,1.5825,-3.0369,-2.9353,1.7314,-1.7656,-0.9259,1.6388,-2.4275
839.50,-0.5087,1.5825,-3.0369,-2.9353,1.7314,-1.7646,-0.9259,1.6388,-2.4265
840.00,-0.5087,1.5825,-3.0369,-2.9353,1.7314,-1.7638,-0.9259,1.6388,-2.4258
840.50,-0.5087,1.5825,-3.0369,-2.9353,1.7314,-1.7629,-0.9259,1.6388,-2.4248
841.00,-0.5087,1.5825,-3.0369,-2.9353,1.7314,-1.7618,-0.9259,1.6388,-2.4237
841.50,-0.5087,1.5825,-3.0369,-2.9353,1.7314,-1.7606,-0.9259,1.6388,-2.4225
842.00,-0.5087,1.5825,-3.0369,-2.9353,1.7314,-1.7593,-0.9259,1.6388,-2.4213
842.50,-0.5087,1.5825,-3.0369,-2.9353,1.7314,-1.7578,-0.9259,1.6388,-2.4198
843.00,-0.5087,1.5825,-3.0369,-2.9353,1.7314,-1.7564,-0.9259,1.6388,-2.4183
843.50,-0.5087,1.5825,-3.0369,-2.9353,1.7314,-1.7548,-0.9259,1.6388,-2.4168
844.00,-0.5087,1.5825,-3.0369,-2.9353,1.7314,-1.7540,-0.9259,1.6388,-2.4160
844.50,-0.5087,1.5825,-3.0369,-2.9353,1.7314,-1.7531,-0.9259,1.6388,-2.4150
845.00,-0.5087,1.5825,-3.0369,-2.9353,1.7314,-1.7523,-0.9259,1.6388,-2.4143
845.50,-0.5087,1.5825,-3.0369,-2.9353,1.7314,-1.7513,-0.9259,1.6388,-2.4132
846.00,-0.5087,1.5825,-3.0369,-2.9353,1.7314,-1.7499,-0.9259,1.6388,-2.4119
846.50,-0.5087,1.5825,-3.0369,-2.9353,1.7314,-1.7479,-0.9259,1.6388,-2.4099
847.00,-0.5087,1.5825,-3.0369,-2.9353,1.7314,-1.7470,-0.9259,1.6388,-2.4089
847.50,-0.5087,1.5825,-3.0369,-2.9353,1.7314,-1.7451,-0.9259,1.6388,-2.4070
848.00,-0.5087,1.5825,-3.0369,-2.9353,1.7314,-1.7442,-0.9259,1.6388,-2.4061
848.50,-0.5087,1.5825,-3.0369,-2.9353,1.7314,-1.7430,-0.9259,1.6388,-2.4049
849.00,-0.5087,1.5825,-3.0369,-2.9353,1.7314,-1.7416,-0.9259,1.6388,-2.4035
849.50,-0.5087,1.5825,-3.0369,-2.9353,1.7314,-1.7401,-0.9259,1.6388,-2.4020
850.00,-0.5087,1.5825,-3.0369,-2.9353,1.7314,-1.7391,-0.9259,1.6388,-2.4010
850.50,-0.5087,1.5825,-3.0369,-2.9353,1.7314,-1.7380,-0.9259,1.6388,-2.3999
851.00,-0.5087,1.5825,-3.0369,-2.9353,1.7314,-1.7365,-0.9259,1.6388,-2.3985
851.50,-0.5087,1.5825,-3.0369,-2.9353,1.7314,-1.7353,-0.9259,1.6388,-2.3973
852.00,-0.5087,1.5825,-3.0369,-2.9353,1.7314,-1.7340,-0.9259,1.6388,-2.3960
852.50,-0.5087,1.5825,-3.0369,-2.9353,1.7314,-1.7331,-0.9259,1.6388,-2.3950
853.00,-0.5087,1.5825,-3.0369,-2.9353,1.7314,-1.7320,-0.9259,1.6388,-2.3940
853.50,-0.5087,1.5825,-3.0369,-2.9353,1.7314,-1.7304,-0.9259,1.6388,-2.3923
854.00,-0.5087,1.5825,-3.0369,-2.9353,1.7314,-1.7291,-0.9259,1.6388,-2.3911
854.50,-0.5087,1.5825,-3.0369,-2.9353,1.7314,-1.7280,-0.9259,1.6388,-2.3900
855.00,-0.5087,1.5825,-3.0369,-2.9353,1.7314,-1.7265,-0.9259,1.6388,-2.3884
855.50,-0.5087,1.5825,-3.0369,-2.9353,1.7314,-1.7246,-0.9259,1.6388,-2.3865
856.00,-0.5087,1.5825,-3.0369,-2.9353,1.7314,-1.7239,-0.9259,1.6388,-2.3858
856.50,-0.5087,1.5825,-3.0369,-2.9353,1.7314,-1.7226,-0.9259,1.6388,-2.3845
857.00,-0.5087,1.5825,-3.0369,-2.9353,1.7314,-1.7211,-0.9259,1.6388,-2.3830
857.50,-0.5087,1.5825,-3.0369,-2.9353,1.7314,-1.7199,-0.9259,1.6388,-2.3818
858.00,-0.5087,1.5825,-3.0369,-2.9353,1.7314,-1.7190,-0.9259,1.6388,-2.3810
858.50,-0.5087,1.5825,-3.0369,-2.9353,1.7314,-1.7176,-0.9259,1.6388,-2.3796
859.00,-0.5087,1.5825,-3.0369,-2.9353,1.7314,-1.7166,-0.9259,1.6388,-2.3785
859.50,-0.5087,1.5825,-3.0369,-2.9353,1.7314,-1.7161,-0.9259,1.6388,-2.3780
860.00,-0.5087,1.5825,-3.0369,-2.9353,1.7314,-1.7151,-0.9259,1.6388,-2.3770
860.50,-0.5087,1.5825,-3.0369,-2.9353,1.7314,-1.7140,-0.9259,1.6388,-2.3759
861.00,-0.5087,1.5825,-3.0369,-2.9353,1.7314,-1.7131,-0.9259,1.6388,-2.3750
861.50,-0.5087,1.5825,-3.0369,-2.9353,1.7314,-1.7118,-0.9259,1.6388,-2.3738
862.00,-0.5087,1.5825,-3.0369,-2.9353,1.7314,-1.7110,-0.9259,1.6388,-2.3729
862.50,-0.5087,1.5825,-3.0369,-2.9353,1.7314,-1.7094,-0.9259,1.6388,-2.3714
863.00,-0.5087,1.5825,-3.0369,-2.9353,1.7314,-1.7079,-0.9259,1.6388,-2.3698
863.50,-0.5087,1.5825,-3.0369,-2.9353,1.7314,-1.7064,-0.9259,1.6388,-2.3683
864.00,-0.5087,1.5825,-3.0369,-2.9353,1.7314,-1.7051,-0.9259,1.6388,-2.3670
864.50,-0.5087,1.5825,-3.0369,-2.9353,1.7314,-1.7041,-0.9259,1.6388,-2.3660
865.00,-0.5087,1.5825,-3.0369,-2.9353,1.7314,-1.7024,-0.9259,1.6388,-2.3643
865.50,-0.5087,1.5825,-3.0369,-2.9353,1.7314,-1.7012,-0.9259,1.6388,-2.3631
866.00,-0.5087,1.5825,-3.0369,-2.9353,1.7314,-1.6992,-0.9259,1.6388,-2.3611
866.50,-0.5087,1.5825,-3.0369,-2.9353,1.7314,-1.6981,-0.9259,1.6388,-2.3600
867.00,-0.5087,1.5825,-3.0369,-2.9353,1.7314,-1.6971,-0.9259,1.6388,-2.3590
867.50,-0.5087,1.5825,-3.0369,-2.9353,1.7314,-1.6961,-0.9259,1.6388,-2.3580
868.00,-0.5087,1.5825,-3.0369,-2.9353,1.7314,-1.6954,-0.9259,1.6388,-2.3574
868.50,-0.5087,1.5825,-3.0369,-2.9353,1.7314,-1.6944,-0.9259,1.6388,-2.3563
