t,gt_x,gt_y,gt_yaw,odom_x,odom_y,odom_yaw,slam_x,slam_y,slam_yaw
54.00,-0.0000,0.0000,0.0000,0.0000,0.0000,-0.0791,,,
54.50,-0.0000,0.0000,0.0000,0.0000,0.0000,-0.0804,0.0000,0.0000,-0.0804
55.00,-0.0000,0.0000,0.0000,0.0000,0.0000,-0.0815,0.0000,0.0000,-0.0815
55.50,-0.0000,0.0000,0.0000,0.0000,0.0000,-0.0830,0.0000,0.0000,-0.0830
56.00,-0.0000,0.0000,0.0000,0.0000,0.0000,-0.0838,0.0000,0.0000,-0.0838
56.50,-0.0000,0.0000,0.0000,0.0000,0.0000,-0.0844,0.0000,0.0000,-0.0844
57.00,-0.0000,0.0000,0.0000,0.0000,0.0000,-0.0855,0.0000,0.0000,-0.0855
57.50,-0.0000,0.0000,0.0000,0.0000,0.0000,-0.0866,0.0000,0.0000,-0.0866
58.00,-0.0000,0.0000,0.0000,0.0000,0.0000,-0.0875,0.0000,0.0000,-0.0875
58.50,-0.0000,0.0000,0.0000,0.0000,0.0000,-0.0883,0.0000,0.0000,-0.0883
59.00,-0.0000,0.0000,0.0000,0.0000,0.0000,-0.0893,0.0000,0.0000,-0.0893
59.50,-0.0000,0.0000,0.0000,0.0000,0.0000,-0.0900,0.0000,0.0000,-0.0900
60.00,-0.0000,0.0000,0.0000,0.0000,0.0000,-0.0916,0.0000,0.0000,-0.0916
60.50,-0.0000,0.0000,0.0000,0.0000,0.0000,-0.0927,0.0000,0.0000,-0.0927
61.00,-0.0000,0.0000,0.0000,0.0000,0.0000,-0.0932,0.0000,0.0000,-0.0932
61.50,-0.0000,0.0000,0.0000,0.0000,0.0000,-0.0945,0.0000,0.0000,-0.0945
62.00,-0.0000,0.0000,0.0000,0.0000,0.0000,-0.0958,0.0000,0.0000,-0.0958
62.50,0.0048,-0.0000,-0.0000,0.0033,-0.0003,-0.0964,0.0033,-0.0003,-0.0964
63.00,0.0648,-0.0000,-0.0000,0.0642,-0.0062,-0.0971,0.0642,-0.0062,-0.0971
63.50,0.1248,-0.0000,-0.0000,0.1266,-0.0123,-0.0984,0.0761,-0.0016,-0.0251
64.00,0.1848,-0.0000,-0.0000,0.1847,-0.0181,-0.0998,0.0844,-0.0031,-0.0265
64.50,0.2448,-0.0000,-0.0000,0.2466,-0.0244,-0.1014,0.0551,-0.0052,-0.0246
65.00,0.3048,-0.0000,-0.0000,0.3046,-0.0303,-0.1024,0.1049,-0.0067,-0.0256
65.50,0.3648,-0.0000,-0.0000,0.3642,-0.0364,-0.1039,0.0747,0.0018,-0.0271
66.00,0.4248,-0.0000,-0.0000,0.4280,-0.0431,-0.1051,0.1389,-0.0000,-0.0284
66.50,0.4848,-0.0000,-0.0000,0.4897,-0.0497,-0.1068,0.0695,-0.0018,-0.0300
67.00,0.5448,-0.0000,-0.0000,0.5514,-0.0563,-0.1080,0.1230,-0.0037,-0.0313
67.50,0.6048,-0.0000,-0.0000,0.6094,-0.0627,-0.1090,0.1213,0.0044,-0.0323
68.00,0.6648,-0.0000,-0.0000,0.6672,-0.0690,-0.1100,0.1793,0.0025,-0.0332
68.50,0.7248,-0.0000,-0.0000,0.7287,-0.0758,-0.1112,0.1813,0.0004,-0.0345
69.00,0.7848,-0.0000,-0.0000,0.7895,-0.0827,-0.1124,0.2124,-0.0017,-0.0356
69.50,0.8448,-0.0000,-0.0000,0.8516,-0.0897,-0.1134,0.2749,-0.0039,-0.0366
70.00,0.9048,-0.0000,-0.0000,0.9083,-0.0962,-0.1149,0.3118,-0.0065,-0.0347
70.50,0.9648,-0.0000,-0.0000,0.9689,-0.1032,-0.1159,0.3562,-0.0087,-0.0356
71.00,1.0248,-0.0000,-0.0000,1.0298,-0.1103,-0.1167,0.4140,-0.0109,-0.0364
71.50,1.0848,-0.0000,-0.0000,1.0935,-0.1178,-0.1173,0.4681,-0.0132,-0.0371
72.00,1.1448,-0.0000,-0.0000,1.1571,-0.1253,-0.1182,0.5122,-0.0156,-0.0380
72.50,1.2048,-0.0000,-0.0000,1.2163,-0.1324,-0.1190,0.5518,-0.0179,-0.0387
73.00,1.2235,-0.0000,-0.0000,1.2376,-0.1349,-0.1203,0.5632,-0.0187,-0.0400
73.50,1.2235,-0.0000,-0.0000,1.2376,-0.1349,-0.1214,0.5632,-0.0187,-0.0411
74.00,1.2235,-0.0000,-0.0000,1.2376,-0.1349,-0.1223,0.5632,-0.0187,-0.0420
74.50,1.2235,-0.0000,-0.0000,1.2376,-0.1349,-0.1235,0.5632,-0.0187,-0.0432
75.00,1.2235,-0.0000,-0.0000,1.2376,-0.1349,-0.1250,0.5632,-0.0187,-0.0447
75.50,1.2235,-0.0000,-0.0000,1.2376,-0.1349,-0.1256,0.5632,-0.0187,-0.0454
76.00,1.2235,-0.0000,-0.0000,1.2376,-0.1349,-0.1266,0.5632,-0.0187,-0.0463
76.50,1.2235,-0.0000,-0.0000,1.2376,-0.1349,-0.1283,0.5632,-0.0187,-0.0480
77.00,1.2235,-0.0000,-0.0000,1.2376,-0.1349,-0.1297,0.5632,-0.0187,-0.0495
77.50,1.2235,-0.0000,-0.0000,1.2376,-0.1349,-0.1306,0.5632,-0.0187,-0.0504
78.00,1.2235,-0.0000,-0.0000,1.2376,-0.1349,-0.1317,0.5632,-0.0187,-0.0515
78.50,1.2235,-0.0000,-0.0000,1.2376,-0.1349,-0.1331,0.5632,-0.0187,-0.0528
79.00,1.2235,-0.0000,-0.0000,1.2376,-0.1349,-0.1339,0.5632,-0.0187,-0.0536
79.50,1.2235,-0.0000,-0.0000,1.2376,-0.1349,-0.1351,0.5632,-0.0187,-0.0548
80.00,1.2235,-0.0000,-0.0000,1.2376,-0.1349,-0.1359,0.5632,-0.0187,-0.0557
80.50,1.2235,-0.0000,-0.0000,1.2376,-0.1349,-0.1367,0.5632,-0.0187,-0.0564
81.00,1.2235,-0.0000,-0.0000,1.2376,-0.1349,-0.1382,0.5632,-0.0187,-0.0579
81.50,1.2235,-0.0000,-0.0000,1.2376,-0.1349,-0.1394,0.5632,-0.0187,-0.0592
82.00,1.2235,-0.0000,-0.0000,1.2376,-0.1349,-0.1405,0.5632,-0.0187,-0.0603
82.50,1.2219,-0.0000,-0.0000,1.2366,-0.1348,-0.1413,0.5622,-0.0187,-0.0610
83.00,1.2023,-0.0000,-0.0000,1.2185,-0.1322,-0.1424,0.5439,-0.0175,-0.0621
83.50,1.1823,-0.0000,-0.0000,1.1975,-0.1292,-0.1433,0.5227,-0.0162,-0.0631
84.00,1.1623,-0.0000,-0.0000,1.1765,-0.1261,-0.1441,0.5016,-0.0149,-0.0638
84.50,1.1423,-0.0000,-0.0000,1.1577,-0.1234,-0.1448,0.4826,-0.0136,-0.0645
85.00,1.1223,-0.0000,-0.0000,1.1406,-0.1209,-0.1459,0.4654,-0.0125,-0.0656
85.50,1.1023,-0.0000,-0.0000,1.1220,-0.1181,-0.1468,0.4663,-0.0073,-0.0386
86.00,1.0823,-0.0000,-0.0000,1.0992,-0.1148,-0.1483,0.4433,-0.0063,-0.0401
86.50,1.0623,-0.0000,-0.0000,1.0764,-0.1113,-0.1489,0.4202,-0.0054,-0.0407
87.00,1.0423,-0.0000,-0.0000,1.0561,-0.1083,-0.1500,0.3997,-0.0046,-0.0418
87.50,1.0223,-0.0000,-0.0000,1.0350,-0.1051,-0.1508,0.3950,-0.0049,-0.0369
88.00,1.0023,-0.0000,-0.0000,1.0164,-0.1022,-0.1528,0.3795,-0.0045,-0.0376
88.50,0.9823,-0.0000,-0.0000,0.9965,-0.0992,-0.1538,0.3595,-0.0037,-0.0386
89.00,0.9675,-0.0000,-0.0000,0.9806,-0.0967,-0.1544,0.3433,-0.0031,-0.0393
89.50,0.9675,-0.0000,-0.0000,0.9806,-0.0967,-0.1560,0.3433,-0.0031,-0.0408
90.00,0.9675,-0.0000,-0.0000,0.9806,-0.0967,-0.1572,0.3433,-0.0031,-0.0420
90.50,0.9675,-0.0000,-0.0000,0.9806,-0.0967,-0.1584,0.3433,-0.0031,-0.0433
91.00,0.9675,-0.0000,-0.0000,0.9806,-0.0967,-0.1597,0.3433,-0.0031,-0.0445
91.50,0.9675,0.0001,0.0052,0.9805,-0.0967,-0.1609,0.3433,-0.0031,-0.0457
92.00,0.9675,0.0059,0.1443,0.9865,-0.0972,-0.0376,0.3493,-0.0029,0.0776
92.50,0.9677,0.0204,0.3677,0.9993,-0.0961,0.1851,0.3619,-0.0003,0.3002
93.00,0.9679,0.0360,0.5624,1.0140,-0.0920,0.3793,0.3760,0.0054,0.4944
93.50,0.9681,0.0401,0.6803,1.0183,-0.0900,0.5061,0.3800,0.0079,0.6213
94.00,0.9681,0.0402,0.6908,1.0183,-0.0900,0.5192,0.3801,0.0080,0.6344
94.50,0.9676,0.0398,0.6908,1.0178,-0.0903,0.5181,0.3795,0.0076,0.6332
95.00,0.9531,0.0278,0.6908,1.0009,-0.0999,0.5173,0.3639,-0.0039,0.6324
95.50,0.9377,0.0151,0.6908,0.9838,-0.1096,0.5161,0.3480,-0.0155,0.6313
96.00,0.9223,0.0023,0.6908,0.9664,-0.1195,0.5152,0.3318,-0.0273,0.6303
96.50,0.9069,-0.0104,0.6908,0.9472,-0.1303,0.5135,0.3140,-0.0403,0.6286
97.00,0.8914,-0.0231,0.6908,0.9281,-0.1411,0.5125,0.2797,-0.0278,0.6521
97.50,0.8760,-0.0359,0.6908,0.9097,-0.1514,0.5112,0.2630,-0.0405,0.6508
98.00,0.8606,-0.0486,0.6908,0.8902,-0.1623,0.5102,0.2452,-0.0541,0.6498
98.50,0.8452,-0.0614,0.6908,0.8724,-0.1723,0.5080,0.2289,-0.0664,0.6476
99.00,0.8298,-0.0741,0.6908,0.8541,-0.1825,0.5074,0.1932,-0.0703,0.6540
99.50,0.8144,-0.0869,0.6908,0.8362,-0.1924,0.5057,0.1769,-0.0827,0.6523
100.00,0.7990,-0.0996,0.6908,0.8179,-0.2025,0.5044,0.1603,-0.0954,0.6509
100.50,0.7835,-0.1123,0.6908,0.7986,-0.2131,0.5034,0.1428,-0.1088,0.6499
101.00,0.7769,-0.1178,0.6908,0.7896,-0.2181,0.5021,0.1350,-0.1256,0.6522
101.50,0.7769,-0.1178,0.6908,0.7896,-0.2181,0.5001,0.1350,-0.1256,0.6502
102.00,0.7769,-0.1178,0.6908,0.7896,-0.2181,0.4993,0.1350,-0.1256,0.6494
102.50,0.7769,-0.1178,0.6908,0.7896,-0.2181,0.4984,0.1350,-0.1256,0.6484
103.00,0.7769,-0.1178,0.6908,0.7896,-0.2181,0.4978,0.1350,-0.1256,0.6478
103.50,0.7769,-0.1178,0.6908,0.7896,-0.2181,0.4969,0.1350,-0.1256,0.6470
104.00,0.7769,-0.1178,0.6920,0.7896,-0.2181,0.4962,0.1350,-0.1256,0.6463
104.50,0.7767,-0.1178,0.7699,0.7892,-0.2184,0.5614,0.1346,-0.1259,0.7115
105.00,0.7758,-0.1186,0.9343,0.7880,-0.2193,0.7230,0.1336,-0.1270,0.8731
105.50,0.7673,-0.1188,1.1184,0.7830,-0.2247,0.9055,0.1294,-0.1331,1.0556
106.00,0.7501,-0.1190,1.3181,0.7736,-0.2394,1.1098,0.1224,-0.1491,1.2599
106.50,0.7390,-0.1191,1.4027,0.7690,-0.2503,1.2075,0.1195,-0.1604,1.3575
107.00,0.7390,-0.1191,1.4028,0.7690,-0.2503,1.2050,0.0615,-0.1209,1.3656
107.50,0.7387,-0.1207,1.4028,0.7684,-0.2519,1.2039,0.0611,-0.1226,1.3645
108.00,0.7354,-0.1400,1.4028,0.7606,-0.2719,1.2030,0.0567,-0.1436,1.3635
108.50,0.7321,-0.1598,1.4028,0.7535,-0.2903,1.2009,0.0526,-0.1629,1.3615
109.00,0.7287,-0.1795,1.4028,0.7467,-0.3078,1.1997,0.0487,-0.1812,1.3602
109.50,0.7254,-0.1992,1.4028,0.7398,-0.3256,1.1988,0.0447,-0.1999,1.3593
110.00,0.7220,-0.2189,1.4028,0.7322,-0.3450,1.1976,0.0409,-0.2205,1.3611
110.50,0.7187,-0.2386,1.4028,0.7249,-0.3636,1.1971,0.0369,-0.2401,1.3611
111.00,0.7153,-0.2583,1.4028,0.7181,-0.3811,1.1960,0.0330,-0.2584,1.3600
111.50,0.7120,-0.2781,1.4028,0.7114,-0.3980,1.1950,0.0292,-0.2762,1.3590
112.00,0.7087,-0.2978,1.4028,0.7040,-0.4166,1.1934,0.0250,-0.2957,1.3575
112.50,0.7053,-0.3175,1.4028,0.6958,-0.4374,1.1919,0.0417,-0.3179,1.3629
113.00,0.7020,-0.3372,1.4028,0.6882,-0.4563,1.1901,0.0375,-0.3378,1.3611
113.50,0.6986,-0.3569,1.4028,0.6807,-0.4752,1.1891,0.0332,-0.3577,1.3601
114.00,0.6954,-0.3760,1.4028,0.6729,-0.4945,1.1882,0.0289,-0.3781,1.3592
114.50,0.6952,-0.3772,1.4028,0.6723,-0.4960,1.1871,0.0285,-0.3796,1.3581
115.00,0.6952,-0.3772,1.4028,0.6723,-0.4960,1.1866,0.0285,-0.3796,1.3576
115.50,0.6952,-0.3772,1.4028,0.6723,-0.4960,1.1853,0.0285,-0.3796,1.3563
116.00,0.6952,-0.3772,1.4028,0.6723,-0.4960,1.1844,0.0285,-0.3796,1.3554
116.50,0.6952,-0.3772,1.4028,0.6723,-0.4960,1.1830,0.0285,-0.3796,1.3541
117.00,0.6952,-0.3772,1.4046,0.6723,-0.4960,1.1817,0.0285,-0.3796,1.3527
117.50,0.6899,-0.3773,1.5218,0.6706,-0.5006,1.2817,0.0277,-0.3845,1.4527
118.00,0.6762,-0.3772,1.7707,0.6717,-0.4911,1.5289,0.0271,-0.3749,1.7000
118.50,0.6554,-0.3770,1.9865,0.6701,-0.4691,1.7449,0.0218,-0.3535,1.9159
119.00,0.6459,-0.3769,2.1070,0.6677,-0.4596,1.8756,0.0178,-0.3446,2.0466
119.50,0.6454,-0.3769,2.1149,0.6675,-0.4588,1.8858,0.0174,-0.3438,2.0568
120.00,0.6454,-0.3769,2.1149,0.6675,-0.4588,1.8852,0.0174,-0.3438,2.0562
120.50,0.6454,-0.3769,2.1149,0.6675,-0.4588,1.8841,0.0174,-0.3438,2.0551
121.00,0.6454,-0.3769,2.1149,0.6675,-0.4588,1.8831,0.0174,-0.3438,2.0541
121.50,0.6454,-0.3769,2.1149,0.6675,-0.4588,1.8823,0.0174,-0.3438,2.0533
122.00,0.6454,-0.3769,2.1149,0.6675,-0.4588,1.8814,0.0174,-0.3438,2.0524
122.50,0.6458,-0.3774,2.1149,0.6675,-0.4590,1.8799,0.0175,-0.3440,2.0509
123.00,0.6555,-0.3935,2.1149,0.6728,-0.4756,1.8790,0.0256,-0.3595,2.0500
123.50,0.6659,-0.4106,2.1149,0.6793,-0.4961,1.8777,0.0355,-0.3786,2.0488
124.00,0.6762,-0.4278,2.1149,0.6852,-0.5145,1.8763,0.0443,-0.3957,2.0473
124.50,0.6866,-0.4449,2.1149,0.6913,-0.5340,1.8745,0.0599,-0.4405,2.0769
125.00,0.6969,-0.4620,2.1149,0.6973,-0.5534,1.8733,0.0697,-0.4583,2.0757
125.50,0.7073,-0.4791,2.1149,0.7042,-0.5753,1.8716,0.0808,-0.4784,2.0741
126.00,0.7176,-0.4962,2.1149,0.7102,-0.5948,1.8708,0.0906,-0.4963,2.0732
126.50,0.7280,-0.5133,2.1149,0.7157,-0.6125,1.8694,0.1006,-0.5120,2.0776
127.00,0.7383,-0.5304,2.1149,0.7218,-0.6326,1.8682,0.1110,-0.5302,2.0776
127.50,0.7487,-0.5475,2.1149,0.7272,-0.6503,1.8669,0.1200,-0.5464,2.0763
128.00,0.7590,-0.5647,2.1149,0.7339,-0.6720,1.8659,0.1310,-0.5663,2.0753
128.50,0.7694,-0.5818,2.1149,0.7403,-0.6931,1.8645,0.1416,-0.5856,2.0739
129.00,0.7759,-0.5925,2.1149,0.7445,-0.7073,1.8634,0.1294,-0.5982,2.0763
129.50,0.7759,-0.5925,2.1149,0.7445,-0.7073,1.8629,0.1294,-0.5982,2.0757
130.00,0.7759,-0.5925,2.1149,0.7445,-0.7073,1.8617,0.1294,-0.5982,2.0746
130.50,0.7759,-0.5925,2.1149,0.7445,-0.7073,1.8608,0.1294,-0.5982,2.0737
131.00,0.7759,-0.5925,2.1149,0.7445,-0.7073,1.8601,0.1294,-0.5982,2.0730
131.50,0.7758,-0.5925,2.1184,0.7446,-0.7074,1.8595,0.1295,-0.5982,2.0723
132.00,0.7726,-0.5924,2.2155,0.7432,-0.7035,1.9445,0.1273,-0.5947,2.1574
132.50,0.7720,-0.5925,2.3816,0.7429,-0.7027,2.1088,0.1269,-0.5941,2.3217
133.00,0.7726,-0.5948,2.5500,0.7444,-0.7047,2.2752,0.1288,-0.5957,2.4881
133.50,0.7728,-0.6055,2.7342,0.7527,-0.7128,2.4605,0.1386,-0.6019,2.6734
134.00,0.7729,-0.6153,2.8272,0.7619,-0.7193,2.5666,0.1489,-0.6063,2.7795
134.50,0.7729,-0.6154,2.8282,0.7619,-0.7194,2.5665,0.1490,-0.6063,2.7794
135.00,0.7735,-0.6156,2.8282,0.7625,-0.7198,2.5654,0.1496,-0.6066,2.7783
135.50,0.7914,-0.6214,2.8282,0.7759,-0.7285,2.5646,0.1645,-0.6123,2.7775
136.00,0.8105,-0.6276,2.8282,0.7930,-0.7396,2.5632,0.1347,-0.6266,2.7900
136.50,0.8295,-0.6338,2.8282,0.8099,-0.7506,2.5625,0.1536,-0.6336,2.7893
137.00,0.8485,-0.6399,2.8282,0.8267,-0.7616,2.5613,0.1725,-0.6405,2.7881
137.50,0.8675,-0.6461,2.8282,0.8442,-0.7731,2.5597,0.1921,-0.6478,2.7866
138.00,0.8866,-0.6523,2.8282,0.8615,-0.7846,2.5585,0.2286,-0.6539,2.7912
138.50,0.9056,-0.6584,2.8282,0.8790,-0.7961,2.5575,0.2517,-0.6608,2.7913
139.00,0.9246,-0.6646,2.8282,0.8966,-0.8077,2.5564,0.2715,-0.6680,2.7902
139.50,0.9436,-0.6708,2.8282,0.9120,-0.8180,2.5553,0.2889,-0.6744,2.7891
140.00,0.9627,-0.6769,2.8282,0.9275,-0.8282,2.5538,0.3064,-0.6808,2.7876
140.50,0.9817,-0.6831,2.8282,0.9438,-0.8391,2.5531,0.3351,-0.6869,2.7904
141.00,0.9974,-0.6882,2.8282,0.9579,-0.8486,2.5515,0.3510,-0.6928,2.7888
141.50,1.0116,-0.6928,2.8282,0.9694,-0.8563,2.5501,0.3640,-0.6976,2.7874
142.00,1.0199,-0.6955,2.8282,0.9790,-0.8627,2.5496,0.3748,-0.7016,2.7869
142.50,1.0199,-0.6955,2.8282,0.9790,-0.8627,2.5486,0.3748,-0.7016,2.7860
143.00,1.0199,-0.6955,2.8282,0.9790,-0.8627,2.5478,0.3748,-0.7016,2.7852
143.50,1.0199,-0.6955,2.8282,0.9790,-0.8627,2.5466,0.3748,-0.7016,2.7839
144.00,1.0199,-0.6955,2.8282,0.9790,-0.8627,2.5456,0.3748,-0.7016,2.7829
144.50,1.0199,-0.6955,2.8282,0.9790,-0.8627,2.5440,0.3748,-0.7016,2.7813
145.00,1.0199,-0.6955,2.8282,0.9790,-0.8627,2.5431,0.3748,-0.7016,2.7804
145.50,1.0199,-0.6955,2.8282,0.9790,-0.8627,2.5424,0.3748,-0.7016,2.7797
146.00,1.0199,-0.6955,2.8282,0.9790,-0.8627,2.5413,0.3748,-0.7016,2.7786
146.50,0.9964,-0.6945,2.8925,0.9601,-0.8504,2.5943,0.3535,-0.6940,2.8317
147.00,0.9047,-0.6956,-3.1278,0.8749,-0.8121,2.8498,0.2617,-0.6769,3.0871
147.50,0.7811,-0.7062,-2.9136,0.7526,-0.7921,3.0824,0.1293,-0.7157,-2.9379
148.00,0.7145,-0.7226,-2.8860,0.6815,-0.7895,3.1174,0.0569,-0.7236,-2.9162
148.50,0.6502,-0.7296,-2.9878,0.6116,-0.7850,3.0240,-0.0085,-0.7367,-3.0114
149.00,0.5530,-0.7270,3.0286,0.5093,-0.7595,2.7539,-0.1035,-0.7284,2.9877
149.50,0.4539,-0.7165,2.8899,0.4160,-0.7118,2.6005,-0.2152,-0.6933,2.8343
150.00,0.3598,-0.6940,2.8895,0.3276,-0.6569,2.5886,-0.3235,-0.6787,2.8434
150.50,0.2346,-0.6677,3.0053,0.2175,-0.5955,2.6948,-0.4269,-0.6462,2.9589
151.00,0.1049,-0.6504,-3.1244,0.0939,-0.5495,2.8607,-0.5564,-0.6334,3.1330
151.50,-0.0130,-0.6506,-3.1413,-0.0258,-0.5160,2.8499,-0.6494,-0.6266,3.1152
152.00,-0.0727,-0.6459,3.0906,-0.0862,-0.4964,2.7954,-0.7044,-0.6187,3.0540
152.50,-0.0793,-0.6389,3.0420,-0.0971,-0.4923,2.7435,-0.7180,-0.6164,3.0018
153.00,-0.0793,-0.6387,3.0401,-0.0974,-0.4922,2.7383,-0.7183,-0.6164,2.9966
153.50,-0.0793,-0.6387,3.0401,-0.0974,-0.4922,2.7374,-0.7183,-0.6164,2.9956
154.00,-0.0793,-0.6387,3.0401,-0.0974,-0.4922,2.7363,-0.7183,-0.6164,2.9946
154.50,-0.0793,-0.6387,3.0401,-0.0974,-0.4922,2.7350,-0.7183,-0.6164,2.9933
155.00,-0.0793,-0.6388,3.0449,-0.0973,-0.4923,2.7342,-0.7183,-0.6164,2.9925
155.50,-0.0793,-0.6445,-3.0956,-0.0957,-0.4930,2.8605,-0.7165,-0.6167,3.1188
156.00,-0.0794,-0.6588,-2.8577,-0.1103,-0.4906,3.0972,-0.7312,-0.6182,-2.9278
156.50,-0.0795,-0.6763,-2.6715,-0.1262,-0.4913,-2.9927,-0.7645,-0.6270,-2.7012
157.00,-0.0796,-0.6814,-2.5988,-0.1303,-0.4921,-2.9117,-0.7682,-0.6290,-2.6203
157.50,-0.0796,-0.6805,-2.6159,-0.1295,-0.4920,-2.9266,-0.7675,-0.6286,-2.6352
158.00,-0.0796,-0.6785,-2.6442,-0.1270,-0.4914,-2.9561,-0.7652,-0.6274,-2.6647
158.50,-0.0795,-0.6763,-2.6730,-0.1240,-0.4909,-2.9860,-0.7625,-0.6260,-2.6946
159.00,-0.0795,-0.6738,-2.7025,-0.1213,-0.4905,-3.0169,-0.7600,-0.6249,-2.7255
159.50,-0.0795,-0.6710,-2.7326,-0.1193,-0.4903,-3.0482,-0.7581,-0.6241,-2.7568
160.00,-0.0794,-0.6680,-2.7633,-0.1167,-0.4901,-3.0804,-0.7557,-0.6232,-2.7890
160.50,-0.0794,-0.6640,-2.8021,-0.1126,-0.4899,-3.1197,-0.7518,-0.6218,-2.8283
161.00,-0.0794,-0.6591,-2.8452,-0.1087,-0.4899,3.1190,-0.7482,-0.6207,-2.8728
161.50,-0.0793,-0.6537,-2.8896,-0.1030,-0.4902,3.0735,-0.7426,-0.6193,-2.9183
162.00,-0.0793,-0.6478,-2.9353,-0.0967,-0.4908,3.0268,-0.7364,-0.6180,-2.9649
162.50,-0.0793,-0.6414,-2.9826,-0.0905,-0.4916,2.9781,-0.7302,-0.6171,-3.0137
163.00,-0.0793,-0.6345,-3.0315,-0.0823,-0.4932,2.9281,-0.7219,-0.6162,-3.0637
163.50,-0.0793,-0.6272,-3.0822,-0.0755,-0.4948,2.8762,-0.7149,-0.6158,-3.1156
164.00,-0.0792,-0.6194,-3.1348,-0.0690,-0.4968,2.8226,-0.7081,-0.6158,3.1140
164.50,-0.0793,-0.6117,3.0972,-0.0738,-0.4949,2.7679,-0.7133,-0.6155,3.0593
165.00,-0.0793,-0.6114,3.0952,-0.0742,-0.4948,2.7622,-0.7137,-0.6154,3.0536
165.50,-0.0776,-0.6115,3.0952,-0.0728,-0.4953,2.7609,-0.7123,-0.6155,3.0523
166.00,-0.0580,-0.6124,3.0952,-0.0552,-0.5024,2.7601,-0.6933,-0.6172,3.0515
166.50,-0.0380,-0.6134,3.0952,-0.0379,-0.5093,2.7588,-0.7047,-0.5882,3.0537
167.00,-0.0181,-0.6143,3.0952,-0.0182,-0.5173,2.7577,-0.6835,-0.5901,3.0526
167.50,0.0019,-0.6152,3.0952,-0.0011,-0.5242,2.7572,-0.6651,-0.5917,3.0521
168.00,0.0219,-0.6161,3.0952,0.0175,-0.5317,2.7559,-0.6451,-0.5935,3.0508
168.50,0.0419,-0.6171,3.0952,0.0338,-0.5384,2.7548,-0.6277,-0.5951,3.0497
169.00,0.0619,-0.6180,3.0952,0.0502,-0.5450,2.7537,-0.5808,-0.5982,3.0590
169.50,0.0818,-0.6189,3.0952,0.0688,-0.5527,2.7523,-0.5607,-0.5999,3.0576
170.00,0.1018,-0.6199,3.0952,0.0880,-0.5606,2.7506,-0.5400,-0.6016,3.0560
170.50,0.1218,-0.6208,3.0952,0.1062,-0.5681,2.7500,-0.5204,-0.6033,3.0554
171.00,0.1418,-0.6217,3.0952,0.1242,-0.5755,2.7486,-0.5010,-0.6050,3.0540
171.50,0.1617,-0.6226,3.0952,0.1445,-0.5839,2.7471,-0.4965,-0.6057,3.0594
172.00,0.1817,-0.6236,3.0952,0.1619,-0.5912,2.7460,-0.4778,-0.6072,3.0583
172.50,0.1844,-0.6237,3.0952,0.1656,-0.5927,2.7449,-0.4737,-0.6076,3.0573
173.00,0.1844,-0.6237,3.0952,0.1656,-0.5927,2.7438,-0.4737,-0.6076,3.0561
173.50,0.1844,-0.6237,3.0952,0.1656,-0.5927,2.7419,-0.4737,-0.6076,3.0542
174.00,0.1844,-0.6237,3.0952,0.1656,-0.5927,2.7414,-0.4737,-0.6076,3.0538
174.50,0.1844,-0.6237,3.0952,0.1656,-0.5927,2.7403,-0.4737,-0.6076,3.0526
175.00,0.1844,-0.6238,3.1001,0.1658,-0.5928,2.7394,-0.4735,-0.6076,3.0517
175.50,0.1845,-0.6296,-3.0406,0.1648,-0.5926,2.8655,-0.4746,-0.6077,-3.1054
176.00,0.1843,-0.6440,-2.8110,0.1515,-0.5905,3.0943,-0.4878,-0.6097,-2.8766
176.50,0.1841,-0.6602,-2.6265,0.1337,-0.5912,-3.0019,-0.5045,-0.6159,-2.6895
177.00,0.1840,-0.6646,-2.5492,0.1297,-0.5920,-2.9170,-0.5081,-0.6178,-2.6046
177.50,0.1840,-0.6648,-2.5458,0.1296,-0.5920,-2.9134,-0.5082,-0.6179,-2.6010
178.00,0.1840,-0.6648,-2.5458,0.1296,-0.5920,-2.9144,-0.5082,-0.6179,-2.6020
178.50,0.1840,-0.6648,-2.5458,0.1296,-0.5920,-2.9159,-0.5082,-0.6179,-2.6035
179.00,0.1840,-0.6648,-2.5458,0.1296,-0.5920,-2.9173,-0.5082,-0.6179,-2.6050
179.50,0.1840,-0.6648,-2.5458,0.1296,-0.5920,-2.9192,-0.5082,-0.6179,-2.6068
180.00,0.1840,-0.6648,-2.5458,0.1296,-0.5920,-2.9206,-0.5082,-0.6179,-2.6082
180.50,0.1840,-0.6648,-2.5458,0.1296,-0.5920,-2.9215,-0.5082,-0.6179,-2.6091
181.00,0.1840,-0.6648,-2.5458,0.1296,-0.5920,-2.9232,-0.5082,-0.6179,-2.6108
181.50,0.1841,-0.6637,-2.5696,0.1308,-0.5917,-2.9448,-0.5072,-0.6173,-2.6324
182.00,0.1841,-0.6622,-2.5970,0.1324,-0.5914,-2.9736,-0.5057,-0.6165,-2.6612
182.50,0.1841,-0.6604,-2.6249,0.1352,-0.5910,-3.0029,-0.5032,-0.6152,-2.6906
183.00,0.1842,-0.6584,-2.6534,0.1377,-0.5907,-3.0322,-0.5009,-0.6142,-2.7198
183.50,0.1842,-0.6561,-2.6825,0.1404,-0.5904,-3.0629,-0.4984,-0.6131,-2.7506
184.00,0.1842,-0.6532,-2.7163,0.1429,-0.5903,-3.0968,-0.4961,-0.6122,-2.7844
184.50,0.1843,-0.6493,-2.7569,0.1469,-0.5902,-3.1383,-0.4923,-0.6109,-2.8259
185.00,0.1843,-0.6449,-2.7987,0.1521,-0.5902,3.1022,-0.4873,-0.6093,-2.8687
185.50,0.1844,-0.6400,-2.8417,0.1577,-0.5906,3.0572,-0.4819,-0.6079,-2.9136
186.00,0.1586,-0.6348,-2.9586,0.1335,-0.5872,2.9511,-0.5060,-0.6122,-3.0198
186.50,0.0697,-0.6205,3.1380,0.0414,-0.5582,2.7496,-0.5869,-0.6097,3.0851
187.00,-0.0595,-0.6139,3.1316,-0.0815,-0.5035,2.7257,-0.6923,-0.5915,3.0782
187.50,-0.1892,-0.6187,-3.0449,-0.2079,-0.4562,2.8375,-0.8374,-0.5881,-3.0705
188.00,-0.3187,-0.6288,-3.0743,-0.3345,-0.4164,2.8163,-0.9882,-0.5910,-3.1013
188.50,-0.4486,-0.6321,-3.1102,-0.4601,-0.3700,2.7697,-1.1024,-0.5928,3.1265
189.00,-0.5783,-0.6408,-3.0665,-0.5845,-0.3256,2.8205,-1.2444,-0.5938,-3.0953
189.50,-0.7081,-0.6458,-3.1047,-0.7055,-0.2821,2.7751,-1.3629,-0.5976,3.1355
190.00,-0.8380,-0.6544,-3.0856,-0.8275,-0.2372,2.8001,-1.5095,-0.5976,-3.1141
190.50,-0.9679,-0.6562,3.1031,-0.9467,-0.1908,2.7155,-1.6307,-0.5982,3.0759
191.00,-1.0974,-0.6483,3.0476,-1.0619,-0.1312,2.6403,-1.7494,-0.5823,3.0023
191.50,-1.2237,-0.6412,-3.1185,-1.1805,-0.0726,2.7530,-1.9010,-0.5693,3.1203
192.00,-1.3019,-0.6420,-3.1037,-1.2588,-0.0428,2.7769,-1.9747,-0.5690,-3.1285
192.50,-1.3197,-0.6394,3.1274,-1.2802,-0.0343,2.7218,-1.9806,-0.5701,3.0926
193.00,-1.3197,-0.6318,3.0751,-1.2872,-0.0309,2.6681,-1.9884,-0.5696,3.0389
193.50,-1.3197,-0.6245,3.0246,-1.2949,-0.0267,2.6162,-1.9970,-0.5685,2.9870
194.00,-1.3197,-0.6177,2.9760,-1.3017,-0.0227,2.5665,-2.0048,-0.5671,2.9373
194.50,-1.3198,-0.6114,2.9289,-1.3077,-0.0186,2.5180,-2.0119,-0.5655,2.8888
195.00,-1.3198,-0.6056,2.8833,-1.3114,-0.0158,2.4708,-2.0164,-0.5642,2.8416
195.50,-1.3198,-0.6002,2.8391,-1.3151,-0.0127,2.4251,-2.0210,-0.5627,2.7959
196.00,-1.3199,-0.5954,2.7962,-1.3188,-0.0094,2.3812,-2.0126,-0.5262,2.7578
196.50,-1.3199,-0.5910,2.7544,-1.3218,-0.0064,2.3386,-2.0138,-0.5174,2.7164
197.00,-1.3199,-0.5871,2.7139,-1.3246,-0.0034,2.2971,-2.0176,-0.5157,2.6749
197.50,-1.3200,-0.5837,2.6744,-1.3268,-0.0008,2.2566,-2.0205,-0.5141,2.6344
198.00,-1.3200,-0.5808,2.6360,-1.3283,0.0011,2.2170,-2.0226,-0.5129,2.5948
198.50,-1.3201,-0.5783,2.5986,-1.3296,0.0030,2.1784,-2.0246,-0.5116,2.5562
199.00,-1.3201,-0.5763,2.5622,-1.3307,0.0046,2.1402,-2.0261,-0.5105,2.5180
199.50,-1.3202,-0.5748,2.5267,-1.3316,0.0059,2.1037,-2.0275,-0.5096,2.4815
200.00,-1.3202,-0.5737,2.4922,-1.3320,0.0068,2.0677,-2.0282,-0.5090,2.4455
200.50,-1.3203,-0.5731,2.4585,-1.3325,0.0077,2.0330,-2.0290,-0.5083,2.4108
201.00,-1.3203,-0.5729,2.4257,-1.3326,0.0078,1.9991,-2.0291,-0.5082,2.3769
201.50,-1.3206,-0.5730,2.3930,-1.3327,0.0080,1.9652,-2.0293,-0.5080,2.3430
202.00,-1.3209,-0.5730,2.3592,-1.3328,0.0082,1.9297,-2.0294,-0.5079,2.3075
202.50,-1.3210,-0.5729,2.3252,-1.3328,0.0084,1.8945,-2.0295,-0.5077,2.2723
203.00,-1.3211,-0.5727,2.2923,-1.3329,0.0087,1.8602,-2.0297,-0.5075,2.2380
203.50,-1.3209,-0.5727,2.2597,-1.3329,0.0087,1.8266,-2.0297,-0.5075,2.2044
204.00,-1.3204,-0.5728,2.2261,-1.3328,0.0081,1.7918,-2.0294,-0.5080,2.1696
204.50,-1.3194,-0.5728,2.1917,-1.3326,0.0071,1.7563,-2.0288,-0.5088,2.1340
205.00,-1.3179,-0.5729,2.1564,-1.3323,0.0053,1.7199,-2.0279,-0.5104,2.0977
205.50,-1.3160,-0.5729,2.1202,-1.3319,0.0027,1.6822,-2.0266,-0.5127,2.0600
206.00,-1.3136,-0.5730,2.0829,-1.3317,0.0005,1.6437,-2.0256,-0.5147,2.0215
206.50,-1.3108,-0.5730,2.0447,-1.3315,-0.0026,1.6044,-2.0243,-0.5175,1.9821
207.00,-1.3075,-0.5731,2.0054,-1.3315,-0.0056,1.5639,-2.0231,-0.5203,1.9417
207.50,-1.3037,-0.5731,1.9651,-1.3316,-0.0095,1.5223,-2.0218,-0.5239,1.9001
208.00,-1.2994,-0.5732,1.9236,-1.3319,-0.0143,1.4794,-2.0203,-0.5285,1.8572
208.50,-1.2946,-0.5732,1.8809,-1.3325,-0.0193,1.4352,-2.0190,-0.5333,1.8130
209.00,-1.2894,-0.5732,1.8369,-1.3334,-0.0252,1.3897,-2.0177,-0.5391,1.7675
209.50,-1.2836,-0.5733,1.7915,-1.3347,-0.0314,1.3433,-2.0166,-0.5455,1.7211
210.00,-1.2774,-0.5733,1.7447,-1.3363,-0.0375,1.2954,-2.0158,-0.5517,1.6732
210.50,-1.2707,-0.5733,1.6964,-1.3386,-0.0450,1.2458,-2.0152,-0.5595,1.6235
211.00,-1.2638,-0.5733,1.6482,-1.3409,-0.0512,1.1948,-2.0150,-0.5661,1.5726
211.50,-1.2635,-0.5733,1.6443,-1.3410,-0.0514,1.1893,-1.9473,-0.5061,1.6054
212.00,-1.2583,-0.5733,1.5945,-1.3432,-0.0565,1.1400,-1.9473,-0.5117,1.5561
212.50,-1.2503,-0.5733,1.5410,-1.3428,-0.0561,1.0851,-1.9471,-0.5111,1.5013
213.00,-1.2427,-0.5733,1.4893,-1.3385,-0.0483,1.0323,-1.9463,-0.5023,1.4485
213.50,-1.2355,-0.5733,1.4394,-1.3351,-0.0429,0.9814,-1.9454,-0.4959,1.3976
214.00,-1.2289,-0.5733,1.3912,-1.3314,-0.0377,0.9326,-1.9441,-0.4897,1.3488
214.50,-1.2227,-0.5732,1.3446,-1.3277,-0.0329,0.8847,-1.9427,-0.4838,1.3009
215.00,-1.2170,-0.5732,1.2994,-1.3245,-0.0291,0.8381,-1.9412,-0.4791,1.2542
215.50,-1.2118,-0.5732,1.2556,-1.3205,-0.0249,0.7927,-1.9393,-0.4736,1.2089
216.00,-1.2071,-0.5731,1.2130,-1.3159,-0.0204,0.7493,-1.9369,-0.4676,1.1654
216.50,-1.2015,-0.5652,1.1513,-1.3068,-0.0124,0.6929,-1.9318,-0.4566,1.1091
217.00,-1.1891,-0.5377,1.0417,-1.2797,0.0075,0.5749,-1.8941,-0.4680,0.9981
217.50,-1.1894,-0.5375,1.0535,-1.2806,0.0069,0.5791,-1.8946,-0.4688,1.0023
218.00,-1.1922,-0.5375,1.0916,-1.2834,0.0050,0.6159,-1.8964,-0.4717,1.0391
218.50,-1.1954,-0.5375,1.1307,-1.2865,0.0027,0.6533,-1.8983,-0.4751,1.0765
219.00,-1.1992,-0.5376,1.1709,-1.2899,-0.0000,0.6927,-1.9003,-0.4790,1.1159
219.50,-1.2034,-0.5376,1.2123,-1.2928,-0.0026,0.7329,-1.9019,-0.4825,1.1561
220.00,-1.2081,-0.5377,1.2548,-1.2964,-0.0059,0.7746,-1.9038,-0.4870,1.1978
220.50,-1.2133,-0.5377,1.2986,-1.3009,-0.0106,0.8172,-1.9060,-0.4931,1.2404
221.00,-1.2190,-0.5377,1.3437,-1.3049,-0.0150,0.8617,-1.9078,-0.4988,1.2849
221.50,-1.2251,-0.5378,1.3903,-1.3100,-0.0212,0.9065,-1.9099,-0.5065,1.3296
222.00,-1.2318,-0.5378,1.4385,-1.3147,-0.0274,0.9538,-1.9116,-0.5141,1.3769
222.50,-1.2389,-0.5378,1.4884,-1.3186,-0.0333,1.0024,-1.9128,-0.5211,1.4255
223.00,-1.2465,-0.5378,1.5401,-1.3223,-0.0395,1.0529,-1.9137,-0.5282,1.4761
223.50,-1.2545,-0.5378,1.5935,-1.3240,-0.0423,1.1052,-1.9140,-0.5315,1.5284
224.00,-1.2621,-0.5378,1.6455,-1.3203,-0.0346,1.1562,-1.9138,-0.5230,1.5793
224.50,-1.2693,-0.5378,1.6957,-1.3181,-0.0292,1.2050,-1.9140,-0.5171,1.6282
225.00,-1.2761,-0.5378,1.7441,-1.3156,-0.0221,1.2520,-1.9146,-0.5097,1.6752
225.50,-1.2823,-0.5377,1.7909,-1.3135,-0.0153,1.2974,-1.9156,-0.5026,1.7206
226.00,-1.2881,-0.5377,1.8363,-1.3120,-0.0095,1.3412,-1.9166,-0.4967,1.7644
226.50,-1.2933,-0.5377,1.8803,-1.3111,-0.0052,1.3840,-1.9175,-0.4924,1.8072
227.00,-1.2981,-0.5376,1.9230,-1.3103,-0.0003,1.4254,-1.9188,-0.4876,1.8485
227.50,-1.3024,-0.5376,1.9645,-1.3098,0.0034,1.4652,-1.9198,-0.4840,1.8884
228.00,-1.3062,-0.5376,2.0049,-1.3095,0.0064,1.5046,-1.9208,-0.4811,1.9278
228.50,-1.3095,-0.5375,2.0442,-1.3094,0.0100,1.5428,-1.9222,-0.4778,1.9659
229.00,-1.3124,-0.5375,2.0824,-1.3093,0.0133,1.5796,-1.9235,-0.4748,2.0028
229.50,-1.3147,-0.5374,2.1197,-1.3094,0.0164,1.6156,-1.9248,-0.4720,2.0387
230.00,-1.3167,-0.5374,2.1559,-1.3095,0.0188,1.6507,-1.9259,-0.4698,2.0738
230.50,-1.3181,-0.5373,2.1913,-1.3097,0.0201,1.6849,-1.9266,-0.4687,2.1080
231.00,-1.3191,-0.5373,2.2257,-1.3098,0.0214,1.7179,-1.9273,-0.4677,2.1411
231.50,-1.3197,-0.5372,2.2592,-1.3099,0.0217,1.7503,-1.9274,-0.4674,2.1734
232.00,-1.3198,-0.5372,2.2870,-1.3099,0.0219,1.7769,-1.9276,-0.4672,2.2001
232.50,-1.3198,-0.5373,2.3197,-1.3099,0.0219,1.8083,-1.9276,-0.4672,2.2315
233.00,-1.3197,-0.5375,2.3536,-1.3099,0.0217,1.8409,-1.9274,-0.4674,2.2641
233.50,-1.3194,-0.5374,2.3875,-1.3097,0.0211,1.8744,-1.9270,-0.4678,2.2975
234.00,-1.3191,-0.5374,2.4204,-1.3096,0.0207,1.9065,-1.9267,-0.4681,2.3297
234.50,-1.3190,-0.5375,2.4531,-1.3096,0.0207,1.9380,-1.9267,-0.4682,2.3612
235.00,-1.3190,-0.5381,2.4866,-1.3094,0.0202,1.9707,-1.9263,-0.4685,2.3938
235.50,-1.3189,-0.5391,2.5210,-1.3089,0.0191,2.0040,-1.9254,-0.4693,2.4272
236.00,-1.3189,-0.5405,2.5563,-1.3083,0.0179,2.0379,-1.9244,-0.4702,2.4611
236.50,-1.3188,-0.5425,2.5926,-1.3074,0.0162,2.0731,-1.9229,-0.4714,2.4963
237.00,-1.3188,-0.5448,2.6298,-1.3058,0.0135,2.1097,-1.9204,-0.4732,2.5328
237.50,-1.3187,-0.5477,2.6681,-1.3039,0.0103,2.1467,-1.9173,-0.4753,2.5698
238.00,-1.3187,-0.5510,2.7074,-1.3020,0.0075,2.1848,-1.9144,-0.4771,2.6079
238.50,-1.3186,-0.5548,2.7477,-1.2999,0.0046,2.2242,-1.9113,-0.4788,2.6474
239.00,-1.3186,-0.5591,2.7892,-1.2969,0.0009,2.2648,-1.9071,-0.4810,2.6880
239.50,-1.3186,-0.5639,2.8320,-1.2940,-0.0024,2.3063,-1.9031,-0.4829,2.7295
240.00,-1.3185,-0.5691,2.8760,-1.2895,-0.0072,2.3491,-1.8970,-0.4854,2.7722
240.50,-1.3185,-0.5749,2.9213,-1.2857,-0.0109,2.3935,-1.8920,-0.4872,2.8166
241.00,-1.3185,-0.5811,2.9681,-1.2808,-0.0153,2.4392,-1.8857,-0.4892,2.8624
241.50,-1.3185,-0.5878,3.0165,-1.2757,-0.0194,2.4868,-1.8794,-0.4908,2.9100
242.00,-1.3238,-0.5953,3.0827,-1.2752,-0.0199,2.5451,-1.8787,-0.4911,2.9682
242.50,-1.3812,-0.6107,-3.0024,-1.3285,0.0087,2.7429,-1.9390,-0.4868,-3.1171
243.00,-1.4957,-0.6368,-2.9301,-1.4467,0.0507,2.8292,-2.1681,-0.5593,-2.9540
243.50,-1.5983,-0.6594,-3.0329,-1.5515,0.0878,2.7365,-2.2652,-0.5741,-3.0546
244.00,-1.7120,-0.6735,2.9698,-1.6539,0.1489,2.4573,-2.3806,-0.5707,2.9303
244.50,-1.8358,-0.6603,2.8108,-1.7451,0.2394,2.2829,-2.5063,-0.5511,2.7611
245.00,-1.9199,-0.6320,2.8198,-1.8066,0.3129,2.2779,-2.5943,-0.5331,2.7699
245.50,-1.9956,-0.6132,2.9971,-1.8638,0.3715,2.4429,-2.6717,-0.5166,2.9525
246.00,-2.1149,-0.6047,-3.1255,-1.9668,0.4410,2.6210,-2.7722,-0.5060,3.1347
246.50,-2.2449,-0.6048,-3.1305,-2.0774,0.5033,2.6192,-2.8923,-0.4972,3.1183
247.00,-2.3748,-0.6103,-3.0881,-2.1912,0.5663,2.6593,-3.0340,-0.4955,-3.1225
247.50,-2.5046,-0.6166,-3.1027,-2.3079,0.6271,2.6503,-3.1696,-0.5039,-3.1320
248.00,-2.6346,-0.6180,-3.1196,-2.4254,0.6923,2.6269,-3.2940,-0.5031,3.1271
248.50,-2.7645,-0.6214,-3.1170,-2.5384,0.7560,2.6287,-3.4137,-0.5010,3.1330
249.00,-2.8945,-0.6264,-3.1083,-2.6513,0.8191,2.6364,-3.5431,-0.5004,3.1407
249.50,-3.0244,-0.6296,-3.1140,-2.7664,0.8830,2.6307,-3.6747,-0.5000,3.1350
250.00,-3.1543,-0.6341,-3.1094,-2.8766,0.9446,2.6340,-3.8009,-0.4991,-3.1414
250.50,-3.2843,-0.6360,-3.1211,-2.9929,1.0099,2.6225,-3.9343,-0.4985,3.1303
251.00,-3.4143,-0.6394,-3.1167,-3.1083,1.0759,2.6249,-4.0755,-0.4966,3.1356
251.50,-3.5442,-0.6386,-3.1390,-3.2285,1.1453,2.6047,-4.2160,-0.4949,3.1124
252.00,-3.6742,-0.6381,-3.1378,-3.3429,1.2145,2.6029,-4.3396,-0.4898,3.1136
252.50,-3.8042,-0.6342,3.1058,-3.4590,1.2863,2.5641,-4.4760,-0.4843,3.0719
253.00,-3.9341,-0.6313,-3.1338,-3.5701,1.3580,2.5994,-4.5996,-0.4750,3.1101
253.50,-4.0641,-0.6327,3.1409,-3.6847,1.4254,2.5991,-4.7307,-0.4724,3.1139
254.00,-4.1941,-0.6275,3.1100,-3.7993,1.4971,2.5641,-4.8558,-0.4665,3.0754
254.50,-4.3241,-0.6264,3.1322,-3.9122,1.5702,2.5790,-4.9901,-0.4580,3.0903
255.00,-4.4541,-0.6335,-3.1105,-4.0280,1.6401,2.6198,-5.1152,-0.4533,3.1416
255.50,-4.5840,-0.6384,-3.1234,-4.1458,1.7072,2.6128,-5.2507,-0.4643,3.1311
256.00,-4.7140,-0.6387,-3.1317,-4.2606,1.7768,2.5961,-5.3684,-0.4603,3.1172
256.50,-4.8440,-0.6377,3.1243,-4.3725,1.8453,2.5742,-5.5061,-0.4568,3.0960
257.00,-4.9739,-0.6326,3.1216,-4.4898,1.9223,2.5630,-5.6378,-0.4485,3.0848
257.50,-5.1039,-0.6360,-3.1065,-4.6010,1.9910,2.6146,-5.7567,-0.4439,-3.1399
258.00,-5.2336,-0.6486,-3.0429,-4.7123,2.0508,2.6749,-5.8930,-0.4481,-3.0761
258.50,-5.3619,-0.6703,-2.9045,-4.8331,2.1039,2.8020,-6.0141,-0.4739,-2.9524
259.00,-5.4831,-0.7008,-2.6857,-4.9624,2.1354,3.0168,-6.1431,-0.5110,-2.7167
259.50,-5.5938,-0.7570,-2.5008,-5.0896,2.1399,-3.0821,-6.2620,-0.5539,-2.5359
260.00,-5.6905,-0.8413,-2.3466,-5.2210,2.1212,-2.9212,-6.3447,-0.6295,-2.3686
260.50,-5.7788,-0.9363,-2.3085,-5.3502,2.0876,-2.8741,-6.4368,-0.7246,-2.3279
261.00,-5.8671,-1.0319,-2.3210,-5.4820,2.0531,-2.8929,-6.5495,-0.8228,-2.3537
261.50,-5.9538,-1.1286,-2.2841,-5.6099,2.0180,-2.8546,-6.6237,-0.9178,-2.3050
262.00,-6.0387,-1.2248,-2.3065,-5.7320,1.9831,-2.8788,-6.6991,-1.0118,-2.3356
262.50,-6.0948,-1.2879,-2.2792,-5.8177,1.9593,-2.8548,-6.7701,-1.0665,-2.3121
263.00,-6.1094,-1.3052,-2.2461,-5.8387,1.9529,-2.8230,-6.7853,-1.0924,-2.2769
263.50,-6.1086,-1.3051,-2.2122,-5.8385,1.9530,-2.7904,-6.7851,-1.0922,-2.2442
264.00,-6.1074,-1.3051,-2.1775,-5.8370,1.9536,-2.7572,-6.7842,-1.0910,-2.2111
264.50,-6.1058,-1.3050,-2.1418,-5.8358,1.9542,-2.7230,-6.7834,-1.0898,-2.1768
265.00,-6.1037,-1.3050,-2.1051,-5.8338,1.9551,-2.6872,-6.7822,-1.0880,-2.1410
265.50,-6.1011,-1.3049,-2.0675,-5.8314,1.9563,-2.6510,-6.7808,-1.0857,-2.1048
266.00,-6.0981,-1.3049,-2.0288,-5.8282,1.9581,-2.6135,-6.7790,-1.0825,-2.0673
266.50,-6.0993,-1.3049,-2.0490,-5.8290,1.9577,-2.6275,-6.7794,-1.0832,-2.0814
267.00,-6.1021,-1.3050,-2.0871,-5.8313,1.9564,-2.6669,-6.7808,-1.0856,-2.1207
267.50,-6.1044,-1.3050,-2.1242,-5.8333,1.9554,-2.7054,-6.7820,-1.0874,-2.1593
268.00,-6.1063,-1.3051,-2.1604,-5.8354,1.9545,-2.7426,-6.7833,-1.0893,-2.1964
268.50,-6.1077,-1.3051,-2.1956,-5.8360,1.9543,-2.7788,-6.7837,-1.0898,-2.2327
269.00,-6.1086,-1.3052,-2.2299,-5.8371,1.9539,-2.8141,-6.7844,-1.0907,-2.2680
269.50,-6.1091,-1.3052,-2.2633,-5.8376,1.9537,-2.8486,-6.7847,-1.0911,-2.3024
270.00,-6.1092,-1.3053,-2.2959,-5.8378,1.9537,-2.8823,-6.7849,-1.0913,-2.3361
270.50,-6.1092,-1.3057,-2.3289,-5.8383,1.9536,-2.9161,-6.7852,-1.0916,-2.3700
271.00,-6.1091,-1.3059,-2.3630,-5.8385,1.9535,-2.9513,-6.7854,-1.0918,-2.4051
271.50,-6.1094,-1.3060,-2.3967,-5.8389,1.9534,-2.9855,-6.7857,-1.0920,-2.4393
272.00,-6.1095,-1.3060,-2.4293,-5.8388,1.9534,-3.0197,-6.7856,-1.0920,-2.4736
272.50,-6.1094,-1.3057,-2.4622,-5.8386,1.9535,-3.0533,-6.7854,-1.0919,-2.5071
273.00,-6.1093,-1.3051,-2.4960,-5.8382,1.9535,-3.0876,-6.7852,-1.0917,-2.5415
273.50,-6.1093,-1.3039,-2.5306,-5.8368,1.9535,-3.1235,-6.7839,-1.0908,-2.5774
274.00,-6.1092,-1.3024,-2.5662,-5.8352,1.9535,3.1235,-6.7826,-1.0900,-2.6135
274.50,-6.1092,-1.3003,-2.6027,-5.8330,1.9535,3.0861,-6.7807,-1.0890,-2.6509
275.00,-6.1091,-1.2978,-2.6402,-5.8304,1.9533,3.0479,-6.7784,-1.0878,-2.6891
275.50,-6.1091,-1.2948,-2.6788,-5.8276,1.9529,3.0079,-6.7758,-1.0866,-2.7291
276.00,-6.1090,-1.2914,-2.7183,-5.8242,1.9524,2.9678,-6.7726,-1.0853,-2.7692
276.50,-6.1090,-1.2874,-2.7590,-5.8201,1.9516,2.9263,-6.7687,-1.0838,-2.8107
277.00,-6.1090,-1.2830,-2.8009,-5.8157,1.9506,2.8841,-6.7644,-1.0824,-2.8529
277.50,-6.1089,-1.2781,-2.8439,-5.8113,1.9493,2.8401,-6.7600,-1.0812,-2.8969
278.00,-6.1089,-1.2727,-2.8883,-5.8078,1.9481,2.7949,-6.7564,-1.0804,-2.9421
278.50,-6.1089,-1.2668,-2.9340,-5.8029,1.9462,2.7481,-6.7512,-1.0795,-2.9889
279.00,-6.1088,-1.2605,-2.9813,-5.7976,1.9439,2.6999,-6.7454,-1.0788,-3.0371
279.50,-6.1088,-1.2536,-3.0301,-5.7911,1.9406,2.6506,-6.7382,-1.0782,-3.0864
280.00,-6.1088,-1.2463,-3.0807,-5.7846,1.9369,2.5995,-6.7307,-1.0779,-3.1375
280.50,-6.1088,-1.2385,-3.1333,-5.7774,1.9323,2.5453,-6.7222,-1.0781,3.0915
281.00,-6.1088,-1.2306,3.0967,-5.7824,1.9359,2.4910,-6.7283,-1.0776,3.0372
281.50,-6.1088,-1.2231,3.0455,-5.7871,1.9397,2.4387,-6.7343,-1.0768,2.9849
282.00,-6.1088,-1.2161,2.9961,-5.7926,1.9447,2.3876,-6.7416,-1.0755,2.9338
282.50,-6.1089,-1.2096,2.9484,-5.7978,1.9498,2.3392,-6.7487,-1.0738,2.8853
283.00,-6.1016,-1.2080,2.9245,-5.7950,1.9467,2.3098,-6.7447,-1.0750,2.8559
283.50,-6.0821,-1.2123,2.9245,-5.7814,1.9317,2.3085,-6.7252,-1.0807,2.8547
284.00,-6.0625,-1.2167,2.9245,-5.7678,1.9167,2.3077,-6.7335,-0.9978,2.8957
284.50,-6.0430,-1.2210,2.9245,-5.7540,1.9015,2.3066,-6.7136,-1.0028,2.8947
285.00,-6.0235,-1.2253,2.9245,-5.7405,1.8867,2.3053,-6.6941,-1.0077,2.8934
285.50,-6.0039,-1.2296,2.9245,-5.7263,1.8709,2.3042,-6.6735,-1.0129,2.8922
286.00,-5.9844,-1.2339,2.9245,-5.7124,1.8555,2.3031,-6.6535,-1.0180,2.8912
286.50,-5.9649,-1.2382,2.9245,-5.6988,1.8403,2.3016,-6.6334,-1.0216,2.8966
287.00,-5.9453,-1.2425,2.9245,-5.6835,1.8232,2.3010,-6.6110,-1.0272,2.8960
287.50,-5.9258,-1.2468,2.9245,-5.6706,1.8088,2.3003,-6.5923,-1.0319,2.8953
288.00,-5.9063,-1.2511,2.9245,-5.6567,1.7932,2.2992,-6.5721,-1.0370,2.8942
288.50,-5.8868,-1.2554,2.9245,-5.6435,1.7785,2.2987,-6.5526,-1.0489,2.8995
289.00,-5.8672,-1.2597,2.9245,-5.6300,1.7633,2.2969,-6.5328,-1.0553,2.8990
289.50,-5.8588,-1.2608,2.9026,-5.6240,1.7565,2.2783,-6.5240,-1.0574,2.8803
290.00,-5.8588,-1.2555,2.8578,-5.6273,1.7606,2.2323,-6.5291,-1.0559,2.8343
290.50,-5.8589,-1.2504,2.8143,-5.6299,1.7641,2.1870,-6.5331,-1.0545,2.7890
291.00,-5.8589,-1.2459,2.7721,-5.6327,1.7682,2.1437,-6.5378,-1.0527,2.7458
291.50,-5.8589,-1.2418,2.7311,-5.6345,1.7711,2.1018,-6.5409,-1.0513,2.7038
292.00,-5.8590,-1.2382,2.6912,-5.6359,1.7736,2.0610,-6.5435,-1.0500,2.6630
292.50,-5.8590,-1.2350,2.6523,-5.6370,1.7757,2.0211,-6.5456,-1.0489,2.6231
293.00,-5.8591,-1.2324,2.6145,-5.6381,1.7782,1.9828,-6.5479,-1.0475,2.5848
293.50,-5.8591,-1.2302,2.5776,-5.6390,1.7803,1.9453,-6.5498,-1.0463,2.5473
294.00,-5.8592,-1.2285,2.5418,-5.6397,1.7823,1.9085,-6.5515,-1.0451,2.5105
294.50,-5.8592,-1.2272,2.5068,-5.6402,1.7837,1.8727,-6.5527,-1.0442,2.4747
295.00,-5.8593,-1.2264,2.4728,-5.6404,1.7844,1.8376,-6.5533,-1.0437,2.4396
295.50,-5.8606,-1.2250,2.4364,-5.6410,1.7866,1.8033,-6.5551,-1.0422,2.4053
296.00,-5.8935,-1.1935,2.3137,-5.6489,1.8313,1.6874,-6.5869,-1.0099,2.2894
296.50,-5.9596,-1.1101,2.2089,-5.6541,1.9399,1.5704,-6.6328,-0.8936,2.1689
297.00,-6.0367,-1.0055,2.2259,-5.6529,2.0713,1.5758,-6.7034,-0.7920,2.1912
297.50,-6.1208,-0.9068,2.3280,-5.6602,2.2099,1.6780,-6.7804,-0.6843,2.3044
298.00,-6.2118,-0.8141,2.3441,-5.6779,2.3464,1.7039,-6.8668,-0.5926,2.3240
298.50,-6.2989,-0.7171,2.2414,-5.6906,2.4802,1.6058,-6.9535,-0.4932,2.2183
299.00,-6.3767,-0.6117,2.1667,-5.6888,2.6073,1.5198,-7.0351,-0.3882,2.1288
299.50,-6.4521,-0.5049,2.2027,-5.6831,2.7409,1.5492,-7.1057,-0.2747,2.1721
300.00,-6.5329,-0.4022,2.2621,-5.6838,2.8735,1.6076,-7.1888,-0.1672,2.2323
300.50,-6.6173,-0.3032,2.2817,-5.6912,3.0117,1.6324,-7.2704,-0.0651,2.2571
301.00,-6.7002,-0.2034,2.2419,-5.6975,3.1446,1.5928,-7.3534,0.0389,2.2140
301.50,-6.7797,-0.1007,2.2347,-5.6986,3.2797,1.5767,-7.4276,0.1475,2.1962
302.00,-6.8485,-0.0164,2.2707,-5.7013,3.3962,1.6122,-7.4826,0.2360,2.2404
302.50,-6.8791,0.0191,2.3033,-5.7039,3.4437,1.6444,-7.5221,0.2621,2.2744
303.00,-6.8797,0.0196,2.3366,-5.7039,3.4446,1.6767,-7.5226,0.2627,2.3066
303.50,-6.8796,0.0195,2.3708,-5.7039,3.4445,1.7097,-7.5225,0.2627,2.3397
304.00,-6.8792,0.0196,2.4042,-5.7038,3.4443,1.7423,-7.5224,0.2625,2.3723
304.50,-6.8791,0.0196,2.4367,-5.7038,3.4441,1.7741,-7.5222,0.2624,2.4040
305.00,-6.8790,0.0193,2.4698,-5.7037,3.4438,1.8057,-7.5219,0.2622,2.4356
305.50,-6.8790,0.0185,2.5038,-5.7035,3.4428,1.8388,-7.5212,0.2616,2.4687
306.00,-6.8789,0.0173,2.5387,-5.7032,3.4420,1.8728,-7.5205,0.2610,2.5027
306.50,-6.8789,0.0156,2.5744,-5.7027,3.4404,1.9082,-7.5191,0.2601,2.5382
307.00,-6.8788,0.0134,2.6112,-5.7017,3.4378,1.9438,-7.5168,0.2585,2.5738
307.50,-6.8788,0.0108,2.6489,-5.7008,3.4356,1.9808,-7.5148,0.2573,2.6107
308.00,-6.8787,0.0077,2.6877,-5.6993,3.4324,2.0185,-7.5117,0.2556,2.6484
308.50,-6.8787,0.0042,2.7275,-5.6979,3.4296,2.0574,-7.5089,0.2541,2.6874
309.00,-6.8786,0.0001,2.7684,-5.6958,3.4258,2.0975,-7.5049,0.2523,2.7274
309.50,-6.8786,-0.0044,2.8106,-5.6936,3.4222,2.1385,-7.5011,0.2507,2.7684
310.00,-6.8786,-0.0094,2.8539,-5.6907,3.4178,2.1810,-7.4961,0.2489,2.8110
310.50,-6.8785,-0.0149,2.8986,-5.6881,3.4143,2.2251,-7.4920,0.2476,2.8550
311.00,-6.8785,-0.0209,2.9447,-5.6848,3.4102,2.2704,-7.4869,0.2462,2.9003
311.50,-6.8785,-0.0274,2.9923,-5.6797,3.4044,2.3166,-7.4794,0.2445,2.9466
312.00,-6.8785,-0.0344,3.0415,-5.6751,3.3997,2.3645,-7.5080,0.2170,3.0119
312.50,-6.8785,-0.0418,3.0926,-5.6699,3.3948,2.4142,-7.5009,0.2162,3.0616
313.00,-6.8784,-0.0497,-3.1376,-5.6632,3.3891,2.4654,-7.4922,0.2157,3.1128
313.50,-6.8785,-0.0575,-3.0848,-5.6688,3.3934,2.5179,-7.4992,0.2158,-3.1179
314.00,-6.8785,-0.0649,-3.0341,-5.6753,3.3978,2.5673,-7.5070,0.2154,-3.0685
314.50,-6.8785,-0.0718,-2.9851,-5.6803,3.4009,2.6155,-7.5130,0.2148,-3.0203
315.00,-6.8785,-0.0782,-2.9377,-5.6862,3.4042,2.6616,-7.5196,0.2139,-2.9742
315.50,-6.8785,-0.0841,-2.8918,-5.6916,3.4068,2.7070,-7.5254,0.2127,-2.9288
316.00,-6.8786,-0.0895,-2.8474,-5.6959,3.4087,2.7509,-7.5301,0.2116,-2.8849
316.50,-6.8786,-0.0945,-2.8042,-5.7008,3.4106,2.7931,-7.5351,0.2102,-2.8427
317.00,-6.8786,-0.0989,-2.7623,-5.7064,3.4125,2.8338,-7.5408,0.2083,-2.8020
317.50,-6.8787,-0.1029,-2.7215,-5.7105,3.4138,2.8739,-7.5448,0.2068,-2.7619
318.00,-6.8787,-0.1064,-2.6818,-5.7140,3.4147,2.9123,-7.5481,0.2054,-2.7235
318.50,-6.8788,-0.1094,-2.6432,-5.7170,3.4153,2.9492,-7.5508,0.2042,-2.6866
319.00,-6.8788,-0.1120,-2.6056,-5.7203,3.4159,2.9858,-7.5538,0.2026,-2.6500
319.50,-6.8789,-0.1140,-2.5690,-5.7225,3.4162,3.0219,-7.5558,0.2015,-2.6139
320.00,-6.8789,-0.1157,-2.5334,-5.7234,3.4163,3.0564,-7.5566,0.2011,-2.5794
320.50,-6.8790,-0.1168,-2.4986,-5.7241,3.4163,3.0904,-7.5572,0.2007,-2.5454
321.00,-6.8790,-0.1175,-2.4648,-5.7250,3.4164,3.1237,-7.5201,0.1233,-2.4929
321.50,-6.8791,-0.1178,-2.4318,-5.7251,3.4164,-3.1274,-7.5202,0.1232,-2.4609
322.00,-6.8790,-0.1178,-2.4005,-5.7249,3.4164,-3.0964,-7.5200,0.1234,-2.4298
322.50,-6.8788,-0.1177,-2.3674,-5.7245,3.4164,-3.0664,-7.5197,0.1236,-2.3998
323.00,-6.8788,-0.1176,-2.3333,-5.7241,3.4164,-3.0334,-7.5194,0.1239,-2.3668
323.50,-6.8789,-0.1172,-2.3002,-5.7235,3.4165,-3.0008,-7.5190,0.1243,-2.3342
324.00,-6.8788,-0.1171,-2.2676,-5.7233,3.4165,-2.9690,-7.5189,0.1245,-2.3024
324.50,-6.8783,-0.1170,-2.2343,-5.7228,3.4166,-2.9371,-7.5185,0.1249,-2.2705
325.00,-6.8775,-0.1170,-2.2001,-5.7221,3.4168,-2.9039,-7.5181,0.1254,-2.2373
325.50,-6.8761,-0.1169,-2.1650,-5.7206,3.4172,-2.8704,-7.5171,0.1267,-2.2038
326.00,-6.8743,-0.1169,-2.1290,-5.7192,3.4176,-2.8358,-7.5163,0.1279,-2.1692
326.50,-6.8721,-0.1168,-2.0920,-5.7173,3.4183,-2.7998,-7.5152,0.1296,-2.1332
327.00,-6.8693,-0.1168,-2.0540,-5.7139,3.4195,-2.7628,-7.5133,0.1326,-2.0962
327.50,-6.8661,-0.1167,-2.0150,-5.7106,3.4209,-2.7247,-7.5116,0.1358,-2.0581
328.00,-6.8624,-0.1167,-1.9749,-5.7074,3.4224,-2.6860,-7.5100,0.1389,-2.0194
328.50,-6.8583,-0.1166,-1.9337,-5.7034,3.4244,-2.6462,-7.5081,0.1430,-1.9796
329.00,-6.8536,-0.1166,-1.8913,-5.6992,3.4268,-2.6049,-7.5063,0.1474,-1.9384
329.50,-6.8485,-0.1166,-1.8476,-5.6948,3.4296,-2.5628,-7.5045,0.1523,-1.8962
330.00,-6.8429,-0.1165,-1.8026,-5.6912,3.4321,-2.5197,-7.5032,0.1566,-1.8531
330.50,-6.8368,-0.1165,-1.7562,-5.6865,3.4355,-2.4740,-7.5017,0.1622,-1.8074
331.00,-6.8302,-0.1165,-1.7082,-5.6818,3.4394,-2.4270,-7.4761,0.1358,-1.7402
331.50,-6.8231,-0.1165,-1.6585,-5.6771,3.4437,-2.3783,-7.4699,0.1355,-1.6873
332.00,-6.8155,-0.1165,-1.6070,-5.6719,3.4489,-2.3280,-7.4692,0.1428,-1.6370
332.50,-6.8076,-0.1165,-1.5536,-5.6695,3.4515,-2.2756,-7.4690,0.1464,-1.5846
333.00,-6.7998,-0.1165,-1.5014,-5.6747,3.4450,-2.2242,-7.4689,0.1380,-1.5332
333.50,-6.7926,-0.1165,-1.4511,-5.6786,3.4397,-2.1743,-7.4685,0.1314,-1.4833
334.00,-6.7858,-0.1165,-1.4025,-5.6828,3.4333,-2.1271,-7.4676,0.1239,-1.4361
334.50,-6.7795,-0.1165,-1.3555,-5.6864,3.4272,-2.0812,-7.4665,0.1169,-1.3902
335.00,-6.7737,-0.1166,-1.3100,-5.6892,3.4220,-2.0369,-7.4653,0.1110,-1.3459
335.50,-6.7684,-0.1166,-1.2658,-5.6915,3.4172,-1.9944,-7.4641,0.1059,-1.3034
336.00,-6.7636,-0.1166,-1.2230,-5.6934,3.4125,-1.9528,-7.4626,0.1011,-1.2618
336.50,-6.7593,-0.1167,-1.1813,-5.6952,3.4080,-1.9118,-7.4611,0.0965,-1.2207
337.00,-6.7535,-0.1274,-1.1139,-5.6982,3.3984,-1.8518,-7.4573,0.0871,-1.1608
337.50,-6.7258,-0.1877,-0.9716,-5.7111,3.3343,-1.7081,-7.3542,0.0482,-0.9961
338.00,-6.6546,-0.2877,-0.9364,-5.7237,3.2139,-1.6627,-7.2992,-0.0512,-0.9542
338.50,-6.5802,-0.3937,-0.9641,-5.7378,3.0854,-1.6946,-7.2257,-0.1575,-0.9966
339.00,-6.5041,-0.4994,-0.9135,-5.7532,2.9512,-1.6554,-7.1518,-0.2705,-0.9510
339.50,-6.4201,-0.5986,-0.8335,-5.7585,2.8150,-1.5710,-7.0681,-0.3780,-0.8555
340.00,-6.3317,-0.6939,-0.8297,-5.7567,2.6829,-1.5595,-6.9801,-0.4766,-0.8476
340.50,-6.2479,-0.7936,-0.9392,-5.7607,2.5528,-1.6653,-6.9079,-0.5673,-0.9638
341.00,-6.1735,-0.9017,-1.0046,-5.7795,2.4205,-1.7437,-6.8377,-0.6858,-1.0457
341.50,-6.1006,-1.0099,-0.9376,-5.8005,2.2880,-1.6887,-6.7654,-0.7961,-0.9750
342.00,-6.0180,-1.1097,-0.8280,-5.8079,2.1564,-1.5736,-6.6851,-0.9004,-0.8512
342.50,-5.9292,-1.2047,-0.8317,-5.8066,2.0213,-1.5683,-6.5947,-0.9946,-0.8511
343.00,-5.8458,-1.3046,-0.9240,-5.8123,1.8854,-1.6628,-6.5190,-1.0919,-0.9569
343.50,-5.7686,-1.4092,-0.9310,-5.8264,1.7535,-1.6781,-6.4446,-1.2007,-0.9662
344.00,-5.6885,-1.5123,-0.8936,-5.8387,1.6197,-1.6437,-6.3632,-1.3045,-0.9247
344.50,-5.6045,-1.6117,-0.8371,-5.8452,1.4910,-1.5924,-6.2917,-1.4056,-0.8700
345.00,-5.5234,-1.6912,-0.6721,-5.8401,1.3764,-1.4382,-6.2069,-1.4885,-0.7106
345.50,-5.4429,-1.7537,-0.4346,-5.8149,1.2747,-1.2019,-6.1211,-1.5483,-0.4655
346.00,-5.3454,-1.8072,-0.1506,-5.7588,1.1718,-0.9196,-6.0186,-1.5970,-0.1814
346.50,-5.2196,-1.8441,0.1220,-5.6631,1.0791,-0.6350,-5.9021,-1.6273,0.1026
347.00,-5.0951,-1.8339,0.2146,-5.5600,1.0122,-0.5335,-5.7841,-1.6347,0.1959
347.50,-5.0189,-1.8123,0.2593,-5.4874,0.9714,-0.4893,-5.7071,-1.6262,0.2349
348.00,-5.0019,-1.8028,0.3031,-5.4671,0.9610,-0.4463,-5.6808,-1.6200,0.2744
348.50,-5.0018,-1.7980,0.3460,-5.4621,0.9587,-0.4036,-5.6810,-1.6128,0.3188
349.00,-5.0018,-1.7936,0.3877,-5.4577,0.9568,-0.3631,-5.6765,-1.6112,0.3593
349.50,-5.0017,-1.7897,0.4283,-5.4531,0.9551,-0.3234,-5.6719,-1.6094,0.3990
350.00,-5.0017,-1.7863,0.4677,-5.4499,0.9541,-0.2852,-5.6688,-1.6081,0.4372
350.50,-5.0016,-1.7834,0.5061,-5.4472,0.9534,-0.2483,-5.6663,-1.6069,0.4742
351.00,-5.0016,-1.7810,0.5435,-5.4447,0.9528,-0.2118,-5.6640,-1.6057,0.5106
351.50,-5.0015,-1.7790,0.5799,-5.4427,0.9524,-0.1762,-5.6623,-1.6047,0.5462
352.00,-5.0015,-1.7775,0.6154,-5.4412,0.9522,-0.1418,-5.6610,-1.6039,0.5806
352.50,-5.0014,-1.7764,0.6499,-5.4401,0.9520,-0.1084,-5.6601,-1.6032,0.6140
353.00,-5.0014,-1.7758,0.6836,-5.4392,0.9519,-0.0761,-5.6594,-1.6027,0.6463
353.50,-5.0013,-1.7756,0.7164,-5.4389,0.9519,-0.0444,-5.6591,-1.6025,0.6780
354.00,-5.0015,-1.7756,0.7491,-5.4392,0.9519,-0.0132,-5.6593,-1.6027,0.7092
354.50,-5.0017,-1.7757,0.7829,-5.4394,0.9519,0.0195,-5.6595,-1.6028,0.7419
355.00,-5.0016,-1.7760,0.8169,-5.4397,0.9519,0.0519,-5.6597,-1.6030,0.7743
355.50,-5.0016,-1.7763,0.8497,-5.4400,0.9519,0.0837,-5.6599,-1.6033,0.8061
356.00,-5.0017,-1.7763,0.8824,-5.4401,0.9519,0.1146,-5.6600,-1.6033,0.8370
356.50,-5.0023,-1.7764,0.9159,-5.4409,0.9518,0.1471,-5.6605,-1.6039,0.8695
357.00,-5.0033,-1.7765,0.9504,-5.4421,0.9516,0.1811,-5.6613,-1.6048,0.9036
357.50,-5.0047,-1.7765,0.9857,-5.4440,0.9512,0.2149,-5.6625,-1.6064,0.9374
358.00,-5.0066,-1.7766,1.0220,-5.4454,0.9508,0.2505,-5.6633,-1.6076,0.9729
358.50,-5.0090,-1.7766,1.0592,-5.4480,0.9501,0.2868,-5.6648,-1.6099,1.0093
359.00,-5.0119,-1.7767,1.0974,-5.4507,0.9493,0.3238,-5.6662,-1.6122,1.0462
359.50,-5.0152,-1.7767,1.1367,-5.4537,0.9482,0.3626,-5.6678,-1.6151,1.0850
360.00,-5.0190,-1.7767,1.1771,-5.4573,0.9468,0.4019,-5.6695,-1.6185,1.1243
360.50,-5.0233,-1.7768,1.2186,-5.4620,0.9447,0.4423,-5.6717,-1.6232,1.1648
361.00,-5.0281,-1.7768,1.2614,-5.4657,0.9428,0.4837,-5.6733,-1.6271,1.2061
361.50,-5.0333,-1.7769,1.3054,-5.4708,0.9400,0.5266,-5.6752,-1.6325,1.2490
362.00,-5.0391,-1.7769,1.3507,-5.4758,0.9370,0.5702,-5.6769,-1.6380,1.2926
362.50,-5.0453,-1.7769,1.3975,-5.4805,0.9339,0.6160,-5.6784,-1.6435,1.3384
363.00,-5.0520,-1.7769,1.4459,-5.4849,0.9306,0.6639,-5.6795,-1.6489,1.3863
363.50,-5.0592,-1.7769,1.4961,-5.4907,0.9258,0.7126,-5.6807,-1.6564,1.4350
364.00,-5.0669,-1.7769,1.5481,-5.4965,0.9205,0.7634,-5.6816,-1.6641,1.4858
364.50,-5.0749,-1.7769,1.6015,-5.4963,0.9208,0.8158,-5.7544,-1.5888,1.5749
365.00,-5.0825,-1.7769,1.6533,-5.4916,0.9261,0.8669,-5.7546,-1.5817,1.6259
365.50,-5.0896,-1.7769,1.7031,-5.4875,0.9312,0.9151,-5.7551,-1.5751,1.6742
366.00,-5.0963,-1.7769,1.7513,-5.4836,0.9365,0.9624,-5.7559,-1.5686,1.7215
366.50,-5.1024,-1.7769,1.7979,-5.4804,0.9414,1.0077,-5.7569,-1.5629,1.7668
367.00,-5.1081,-1.7768,1.8430,-5.4770,0.9470,1.0520,-5.7583,-1.5565,1.8111
367.50,-5.1133,-1.7768,1.8868,-5.4740,0.9524,1.0951,-5.7599,-1.5505,1.8542
368.00,-5.1180,-1.7768,1.9294,-5.4717,0.9572,1.1362,-5.7615,-1.5454,1.8953
368.50,-5.1222,-1.7767,1.9707,-5.4703,0.9605,1.1766,-5.7627,-1.5420,1.9357
369.00,-5.1259,-1.7767,2.0109,-5.4687,0.9644,1.2165,-5.8126,-1.5855,1.9835
369.50,-5.1263,-1.7767,2.0154,-5.4687,0.9645,1.2235,-5.8127,-1.5854,1.9904
370.00,-5.1263,-1.7767,2.0154,-5.4687,0.9645,1.2220,-5.8127,-1.5854,1.9889
370.50,-5.1263,-1.7767,2.0154,-5.4687,0.9645,1.2219,-5.8127,-1.5854,1.9888
371.00,-5.1263,-1.7767,2.0154,-5.4687,0.9645,1.2201,-5.8127,-1.5853,1.9871
371.50,-5.1281,-1.7767,2.0423,-5.4680,0.9666,1.2422,-5.8136,-1.5834,2.0092
372.00,-5.1310,-1.7766,2.0806,-5.4670,0.9696,1.2793,-5.8150,-1.5806,2.0463
372.50,-5.1334,-1.7766,2.1179,-5.4662,0.9724,1.3153,-5.8164,-1.5779,2.0822
373.00,-5.1354,-1.7765,2.1542,-5.4659,0.9736,1.3509,-5.8170,-1.5769,2.1178
373.50,-5.1368,-1.7765,2.1896,-5.4656,0.9753,1.3856,-5.8179,-1.5755,2.1525
374.00,-5.1379,-1.7764,2.2240,-5.4654,0.9762,1.4192,-5.8184,-1.5747,2.1861
374.50,-5.1385,-1.7764,2.2576,-5.4654,0.9764,1.4517,-5.8185,-1.5745,2.2186
375.00,-5.1386,-1.7763,2.2903,-5.4653,0.9766,1.4834,-5.8187,-1.5744,2.2503
375.50,-5.1385,-1.7765,2.3231,-5.4654,0.9764,1.5154,-5.8185,-1.5745,2.2823
376.00,-5.1385,-1.7767,2.3570,-5.4654,0.9760,1.5484,-5.8183,-1.5748,2.3153
376.50,-5.1382,-1.7766,2.3909,-5.4654,0.9754,1.5808,-5.8179,-1.5752,2.3477
377.00,-5.1379,-1.7765,2.4237,-5.4654,0.9751,1.6132,-5.8177,-1.5755,2.3801
377.50,-5.1378,-1.7767,2.4564,-5.4654,0.9750,1.6450,-5.8176,-1.5755,2.4119
378.00,-5.1378,-1.7773,2.4900,-5.4653,0.9745,1.6779,-5.8172,-1.5759,2.4448
378.50,-5.1377,-1.7784,2.5245,-5.4652,0.9734,1.7112,-5.8163,-1.5766,2.4782
379.00,-5.1377,-1.7799,2.5600,-5.4649,0.9713,1.7450,-5.8146,-1.5778,2.5119
379.50,-5.1376,-1.7818,2.5963,-5.4644,0.9691,1.7796,-5.8128,-1.5791,2.5465
380.00,-5.1376,-1.7843,2.6337,-5.4639,0.9670,1.8160,-5.8110,-1.5803,2.5829
380.50,-5.1389,-1.7864,2.6756,-5.4639,0.9667,1.8536,-5.8108,-1.5804,2.6205
381.00,-5.1803,-1.7808,2.8261,-5.4771,1.0028,1.9925,-5.8454,-1.5637,2.7594
381.50,-5.2828,-1.7824,3.0431,-5.5309,1.0909,2.2211,-5.9693,-1.5732,3.0299
382.00,-5.3620,-1.7881,3.1200,-5.5818,1.1512,2.3046,-6.0499,-1.5840,3.0960
382.50,-5.3806,-1.7948,-3.1106,-5.5968,1.1672,2.3567,-6.0722,-1.5844,-3.1368
383.00,-5.3807,-1.8024,-3.0589,-5.6015,1.1716,2.4076,-6.0786,-1.5846,-3.0860
383.50,-5.3807,-1.8095,-3.0090,-5.6071,1.1765,2.4558,-6.0860,-1.5851,-3.0378
384.00,-5.3807,-1.8162,-2.9609,-5.6126,1.1809,2.5031,-6.0930,-1.5860,-2.9904
384.50,-5.3807,-1.8223,-2.9143,-5.6177,1.1845,2.5490,-6.0991,-1.5871,-2.9446
385.00,-5.3807,-1.8280,-2.8691,-5.6221,1.1873,2.5932,-6.1043,-1.5882,-2.9004
385.50,-5.3808,-1.8332,-2.8253,-5.6261,1.1896,2.6355,-6.0645,-1.6328,-2.8528
386.00,-5.3808,-1.8379,-2.7828,-5.6296,1.1915,2.6768,-6.0682,-1.6340,-2.8115
386.50,-5.3809,-1.8421,-2.7415,-5.6341,1.1937,2.7169,-6.0730,-1.6357,-2.7714
387.00,-5.3809,-1.8458,-2.7013,-5.6372,1.1950,2.7561,-6.0760,-1.6370,-2.7322
387.50,-5.3809,-1.8491,-2.6621,-5.6398,1.1960,2.7941,-6.0786,-1.6381,-2.6943
388.00,-5.3810,-1.8518,-2.6241,-5.6421,1.1968,2.8308,-6.0808,-1.6393,-2.6575
388.50,-5.3810,-1.8541,-2.5870,-5.6439,1.1973,2.8664,-6.0824,-1.6401,-2.6219
389.00,-5.3811,-1.8560,-2.5509,-5.6460,1.1979,2.9011,-6.0843,-1.6413,-2.5872
389.50,-5.3811,-1.8574,-2.5157,-5.6472,1.1981,2.9351,-6.0853,-1.6419,-2.5532
390.00,-5.3812,-1.8583,-2.4814,-5.6483,1.1983,2.9683,-6.0862,-1.6425,-2.5200
390.50,-5.3813,-1.8588,-2.4480,-5.6488,1.1984,3.0004,-6.0866,-1.6428,-2.4879
391.00,-5.3813,-1.8589,-2.4154,-5.6489,1.1984,3.0318,-6.0867,-1.6429,-2.4565
391.50,-5.3810,-1.8588,-2.3824,-5.6486,1.1984,3.0641,-6.0865,-1.6427,-2.4242
392.00,-5.3810,-1.8588,-2.3483,-5.6484,1.1984,3.0973,-6.0863,-1.6426,-2.3910
392.50,-5.3810,-1.8584,-2.3147,-5.6481,1.1984,3.1300,-6.0861,-1.6424,-2.3583
393.00,-5.3811,-1.8582,-2.2821,-5.6475,1.1984,-3.1218,-6.0857,-1.6420,-2.3270
393.50,-5.3808,-1.8581,-2.2491,-5.6472,1.1984,-3.0902,-6.0855,-1.6418,-2.2954
394.00,-5.3801,-1.8581,-2.2153,-5.6463,1.1985,-3.0575,-6.0849,-1.6411,-2.2627
394.50,-5.3790,-1.8580,-2.1806,-5.6451,1.1986,-3.0242,-6.0842,-1.6401,-2.2293
395.00,-5.3774,-1.8580,-2.1450,-5.6429,1.1989,-2.9898,-6.0829,-1.6383,-2.1949
395.50,-5.3753,-1.8579,-2.1085,-5.6412,1.1992,-2.9548,-6.0818,-1.6369,-2.1599
396.00,-5.3728,-1.8579,-2.0709,-5.6380,1.1998,-2.9180,-6.0801,-1.6342,-2.1231
396.50,-5.3698,-1.8578,-2.0324,-5.6353,1.2005,-2.8813,-6.0787,-1.6318,-2.0864
397.00,-5.3663,-1.8578,-1.9928,-5.6315,1.2016,-2.8423,-6.0768,-1.6283,-2.0474
397.50,-5.3624,-1.8577,-1.9520,-5.6255,1.2035,-2.8025,-6.0740,-1.6227,-2.0077
398.00,-5.3579,-1.8577,-1.9102,-5.6215,1.2051,-2.7618,-6.0723,-1.6187,-1.9670
398.50,-5.3530,-1.8576,-1.8671,-5.6165,1.2072,-2.7197,-6.0703,-1.6137,-1.9249
399.00,-5.3476,-1.8576,-1.8227,-5.6104,1.2101,-2.6765,-6.0681,-1.6072,-1.8817
399.50,-5.3419,-1.8629,-1.7621,-5.6109,1.2098,-2.6228,-6.0682,-1.6079,-1.8280
400.00,-5.3294,-1.9202,-1.5798,-5.6575,1.1767,-2.4382,-6.0773,-1.6643,-1.6433
400.50,-5.3161,-2.0368,-1.5214,-5.7444,1.0948,-2.3647,-6.0133,-1.8435,-1.5350
401.00,-5.3141,-2.1467,-1.6484,-5.8270,1.0202,-2.4892,-6.0087,-1.9547,-1.6717
401.50,-5.3242,-2.2747,-1.6948,-5.9343,0.9456,-2.5517,-6.0256,-2.0821,-1.7333
402.00,-5.3345,-2.4042,-1.6010,-6.0414,0.8675,-2.4603,-6.0386,-2.2093,-1.6270
402.50,-5.3356,-2.5342,-1.5522,-6.1401,0.7810,-2.4023,-6.0368,-2.3405,-1.5691
403.00,-5.3363,-2.6642,-1.5704,-6.2441,0.6884,-2.4232,-6.0436,-2.4797,-1.6004
403.50,-5.3324,-2.7941,-1.5243,-6.3383,0.6030,-2.3773,-6.0415,-2.5930,-1.5452
404.00,-5.3304,-2.9241,-1.5783,-6.4397,0.5093,-2.4289,-6.0499,-2.7310,-1.6026
404.50,-5.3308,-3.0540,-1.5457,-6.5353,0.4272,-2.4079,-6.0465,-2.8569,-1.5787
405.00,-5.3257,-3.1839,-1.5486,-6.6317,0.3369,-2.3958,-6.0433,-2.9889,-1.5626
405.50,-5.3267,-3.3139,-1.5780,-6.7322,0.2505,-2.4417,-6.0485,-3.1214,-1.6161
406.00,-5.3257,-3.4439,-1.5859,-6.8312,0.1641,-2.4344,-6.0512,-3.2527,-1.5941
406.50,-5.3323,-3.5523,-1.6674,-6.9227,0.0933,-2.5241,-6.0689,-3.3679,-1.6979
407.00,-5.3428,-3.5992,-1.7156,-6.9660,0.0638,-2.5743,-6.0668,-3.4097,-1.7446
407.50,-5.3494,-3.6013,-1.7631,-6.9727,0.0597,-2.6228,-6.0683,-3.4175,-1.7931
408.00,-5.3554,-3.6013,-1.8093,-6.9778,0.0569,-2.6700,-6.0697,-3.4231,-1.8403
408.50,-5.3610,-3.6013,-1.8541,-6.9839,0.0540,-2.7159,-6.0716,-3.4296,-1.8861
409.00,-5.3661,-3.6014,-1.8976,-6.9869,0.0527,-2.7601,-6.0727,-3.4327,-1.9303
409.50,-5.3706,-3.6014,-1.9398,-6.9912,0.0510,-2.8034,-6.0744,-3.4369,-1.9736
410.00,-5.3747,-3.6015,-1.9809,-6.9951,0.0498,-2.8454,-6.0761,-3.4407,-2.0157
410.50,-5.3783,-3.6015,-2.0208,-6.9988,0.0487,-2.8862,-6.0778,-3.4441,-2.0564
411.00,-5.3815,-3.6015,-2.0597,-7.0017,0.0480,-2.9267,-6.0793,-3.4468,-2.0970
411.50,-5.3841,-3.6016,-2.0975,-7.0029,0.0478,-2.9657,-6.0799,-3.4478,-2.1360
412.00,-5.3863,-3.6016,-2.1344,-7.0057,0.0473,-3.0036,-6.1138,-3.4087,-2.1599
412.50,-5.3881,-3.6017,-2.1702,-7.0076,0.0471,-3.0405,-6.1149,-3.4103,-2.1967
413.00,-5.3893,-3.6018,-2.2052,-7.0081,0.0471,-3.0761,-6.1152,-3.4107,-2.2324
413.50,-5.3902,-3.6018,-2.2393,-7.0083,0.0470,-3.1110,-6.1153,-3.4108,-2.2673
414.00,-5.3906,-3.6019,-2.2725,-7.0088,0.0470,3.1381,-6.1156,-3.4112,-2.3014
414.50,-5.3906,-3.6020,-2.3050,-7.0091,0.0470,3.1047,-6.1158,-3.4114,-2.3348
415.00,-5.3905,-3.6024,-2.3383,-7.0094,0.0471,3.0702,-6.1161,-3.4117,-2.3693
415.50,-5.3905,-3.6025,-2.3724,-7.0096,0.0471,3.0346,-6.1162,-3.4118,-2.4049
416.00,-5.3908,-3.6026,-2.4058,-7.0100,0.0471,3.0002,-6.1165,-3.4120,-2.4392
416.50,-5.3908,-3.6026,-2.4383,-7.0100,0.0471,2.9663,-6.1165,-3.4120,-2.4732
417.00,-5.3907,-3.6022,-2.4715,-7.0097,0.0471,2.9322,-6.1163,-3.4119,-2.5073
417.50,-5.3907,-3.6014,-2.5055,-7.0084,0.0468,2.8972,-6.1151,-3.4111,-2.5423
418.00,-5.3906,-3.6002,-2.5404,-7.0071,0.0464,2.8613,-6.1140,-3.4103,-2.5782
418.50,-5.3906,-3.5984,-2.5762,-7.0055,0.0459,2.8242,-6.1126,-3.4095,-2.6153
419.00,-5.3905,-3.5963,-2.6130,-7.0034,0.0452,2.7859,-6.1107,-3.4084,-2.6536
419.50,-5.3905,-3.5936,-2.6508,-7.0005,0.0441,2.7472,-6.1079,-3.4070,-2.6923
420.00,-5.3904,-3.5905,-2.6896,-6.9969,0.0425,2.7073,-6.1043,-3.4053,-2.7321
420.50,-5.3904,-3.5870,-2.7295,-6.9933,0.0407,2.6660,-6.1006,-3.4038,-2.7735
421.00,-5.3904,-3.5829,-2.7705,-6.9890,0.0383,2.6238,-6.0960,-3.4022,-2.8157
421.50,-5.3903,-3.5783,-2.8127,-6.9853,0.0362,2.5807,-6.0919,-3.4009,-2.8588
422.00,-5.3903,-3.5733,-2.8561,-6.9815,0.0336,2.5364,-6.0874,-3.3997,-2.9030
422.50,-5.4107,-3.5678,-2.9585,-6.9953,0.0443,2.4443,-6.1047,-3.4030,-2.9951
423.00,-5.4933,-3.5534,3.1356,-7.0513,0.1034,2.2421,-6.1860,-3.4055,3.0858
423.50,-5.6209,-3.5451,3.1220,-7.1271,0.2052,2.2108,-6.3526,-3.3439,3.0841
424.00,-5.7506,-3.5480,-3.0748,-7.2136,0.3116,2.2997,-6.4795,-3.3496,-3.0979
424.50,-5.8803,-3.5550,-3.0917,-7.3060,0.4147,2.2840,-6.6094,-3.3468,-3.1194
425.00,-6.0101,-3.5620,-3.0897,-7.3966,0.5181,2.2870,-6.7452,-3.3499,-3.1106
425.50,-6.1399,-3.5691,-3.0819,-7.4820,0.6169,2.2882,-6.8716,-3.3536,-3.1149
426.00,-6.2696,-3.5791,-3.0912,-7.5718,0.7177,2.2887,-7.0065,-3.3641,-3.1089
426.50,-6.3996,-3.5808,-3.1353,-7.6535,0.8189,2.2309,-7.1301,-3.3553,3.1078
427.00,-6.5294,-3.5873,-3.0670,-7.7374,0.9189,2.3045,-7.2605,-3.3548,-3.0878
427.50,-6.6590,-3.5976,-3.0600,-7.8302,1.0219,2.3063,-7.3974,-3.3675,-3.0889
428.00,-6.7881,-3.6149,-2.9611,-7.9223,1.1176,2.3925,-7.5256,-3.3778,-2.9987
428.50,-6.9140,-3.6413,-2.8287,-8.0200,1.1964,2.5290,-7.6462,-3.4041,-2.8552
429.00,-7.0361,-3.6800,-2.7737,-8.1287,1.2663,2.5939,-7.7670,-3.4403,-2.7920
429.50,-7.1587,-3.7218,-2.8458,-8.2427,1.3403,2.5220,-7.8999,-3.4783,-2.8748
430.00,-7.2832,-3.7595,-2.8311,-8.3562,1.4230,2.5223,-8.0348,-3.5097,-2.8718
430.50,-7.4049,-3.8057,-2.7316,-8.4683,1.4951,2.6214,-8.1505,-3.5506,-2.7611
431.00,-7.5231,-3.8595,-2.7125,-8.5849,1.5582,2.6516,-8.2623,-3.6031,-2.7309
431.50,-7.6428,-3.9083,-2.7609,-8.6992,1.6240,2.5951,-8.3845,-3.6524,-2.7978
432.00,-7.7620,-3.9611,-2.6755,-8.8111,1.6884,2.6675,-8.5052,-3.6979,-2.7150
432.50,-7.8730,-4.0235,-2.5062,-8.9260,1.7366,2.8334,-8.6147,-3.7570,-2.5357
433.00,-7.9706,-4.1072,-2.3428,-9.0517,1.7658,2.9990,-8.7145,-3.8388,-2.3696
433.50,-8.0543,-4.2042,-2.1674,-9.1803,1.7750,-3.1173,-8.8103,-3.9352,-2.2032
434.00,-8.1268,-4.3154,-1.9498,-9.3067,1.7589,-2.8986,-8.8751,-4.0447,-1.9770
434.50,-8.1818,-4.4396,-1.8035,-9.4406,1.7130,-2.7390,-8.9294,-4.1792,-1.8208
435.00,-8.2117,-4.5665,-1.7840,-9.5641,1.6580,-2.7219,-8.9701,-4.2910,-1.8212
435.50,-8.2339,-4.6944,-1.7016,-9.6790,1.6017,-2.6386,-9.0083,-4.4158,-1.7287
436.00,-8.2527,-4.8232,-1.7471,-9.7906,1.5405,-2.6697,-9.0274,-4.5416,-1.7690
436.50,-8.2800,-4.9493,-1.8696,-9.9060,1.4916,-2.8010,-9.0600,-4.6625,-1.9108
437.00,-8.3169,-5.0676,-1.8474,-10.0280,1.4492,-2.7897,-9.0948,-4.7836,-1.8890
437.50,-8.3392,-5.1360,-1.8013,-10.1006,1.4208,-2.7418,-9.1180,-4.8580,-1.8341
438.00,-8.3453,-5.1484,-1.7555,-10.1148,1.4146,-2.6964,-9.1319,-4.8730,-1.7887
438.50,-8.3416,-5.1483,-1.7075,-10.1118,1.4161,-2.6496,-9.1313,-4.8697,-1.7419
439.00,-8.3345,-5.1483,-1.6578,-10.1058,1.4196,-2.6010,-9.1303,-4.8628,-1.6933
439.50,-8.3269,-5.1483,-1.6062,-10.0992,1.4238,-2.5504,-9.1296,-4.8550,-1.6427
440.00,-8.3190,-5.1483,-1.5529,-10.0974,1.4250,-2.4981,-9.1294,-4.8528,-1.5904
440.50,-8.3113,-5.1483,-1.5006,-10.1033,1.4204,-2.4468,-9.1294,-4.8603,-1.5391
441.00,-8.3040,-5.1483,-1.4504,-10.1082,1.4161,-2.3976,-9.1290,-4.8668,-1.4899
441.50,-8.2973,-5.1483,-1.4018,-10.1123,1.4122,-2.3501,-9.1285,-4.8725,-1.4424
442.00,-8.2910,-5.1484,-1.3548,-10.1169,1.4073,-2.3046,-9.1275,-4.8791,-1.3970
442.50,-8.2852,-5.1484,-1.3093,-10.1216,1.4019,-2.2602,-9.0774,-4.8664,-1.3456
443.00,-8.2799,-5.1484,-1.2652,-10.1257,1.3967,-2.2175,-9.0758,-4.8728,-1.3028
443.50,-8.2751,-5.1485,-1.2224,-10.1290,1.3922,-2.1759,-9.0743,-4.8782,-1.2612
444.00,-8.2707,-5.1485,-1.1808,-10.1309,1.3893,-2.1357,-9.0731,-4.8815,-1.2210
444.50,-8.2669,-5.1485,-1.1403,-10.1335,1.3849,-2.0966,-9.0713,-4.8862,-1.1819
445.00,-8.2635,-5.1486,-1.1009,-10.1347,1.3829,-2.0582,-9.0704,-4.8884,-1.1435
445.50,-8.2606,-5.1486,-1.0626,-10.1363,1.3797,-2.0211,-9.0689,-4.8916,-1.1064
446.00,-8.2584,-5.1487,-1.0286,-10.1376,1.3770,-1.9869,-9.0674,-4.8943,-1.0722
446.50,-8.2569,-5.1487,-1.0011,-10.1383,1.3753,-1.9612,-9.0666,-4.8959,-1.0465
447.00,-8.2556,-5.1488,-0.9743,-10.1387,1.3744,-1.9356,-9.0660,-4.8967,-1.0209
447.50,-8.2545,-5.1488,-0.9479,-10.1391,1.3732,-1.9108,-9.0653,-4.8978,-0.9961
448.00,-8.2538,-5.1488,-0.9220,-10.1393,1.3725,-1.8862,-9.0650,-4.8984,-0.9715
448.50,-8.2532,-5.1489,-0.8967,-10.1394,1.3722,-1.8618,-9.0648,-4.8986,-0.9471
449.00,-8.2530,-5.1489,-0.8718,-10.1395,1.3719,-1.8380,-9.0646,-4.8989,-0.9234
449.50,-8.2529,-5.1490,-0.8474,-10.1395,1.3718,-1.8150,-9.0645,-4.8990,-0.9003
450.00,-8.2530,-5.1488,-0.8228,-10.1395,1.3720,-1.7916,-9.0647,-4.8988,-0.8769
450.50,-8.2530,-5.1486,-0.7976,-10.1394,1.3722,-1.7675,-9.0648,-4.8987,-0.8528
451.00,-8.2531,-5.1486,-0.7719,-10.1394,1.3723,-1.7430,-9.0649,-4.8986,-0.8284
451.50,-8.2534,-5.1487,-0.7467,-10.1394,1.3727,-1.7188,-9.0651,-4.8983,-0.8041
452.00,-8.2536,-5.1487,-0.7222,-10.1393,1.3729,-1.6957,-9.0653,-4.8982,-0.7810
452.50,-8.2537,-5.1487,-0.6978,-10.1393,1.3732,-1.6720,-9.0655,-4.8980,-0.7574
453.00,-8.2537,-5.1484,-0.6729,-10.1393,1.3734,-1.6488,-9.0657,-4.8978,-0.7341
453.50,-8.2538,-5.1478,-0.6475,-10.1393,1.3738,-1.6244,-9.0660,-4.8975,-0.7097
454.00,-8.2538,-5.1471,-0.6216,-10.1392,1.3744,-1.6000,-9.0664,-4.8972,-0.6853
454.50,-8.2538,-5.1460,-0.5952,-10.1392,1.3760,-1.5743,-9.0677,-4.8962,-0.6596
455.00,-8.2539,-5.1447,-0.5683,-10.1392,1.3769,-1.5486,-9.0684,-4.8956,-0.6340
455.50,-8.2539,-5.1432,-0.5409,-10.1393,1.3783,-1.5223,-9.0695,-4.8948,-0.6076
456.00,-8.2539,-5.1414,-0.5129,-10.1393,1.3795,-1.4954,-9.0705,-4.8941,-0.5808
456.50,-8.2540,-5.1393,-0.4843,-10.1395,1.3815,-1.4681,-9.0722,-4.8930,-0.5534
457.00,-8.2540,-5.1369,-0.4552,-10.1399,1.3846,-1.4400,-9.0749,-4.8914,-0.5253
457.50,-8.2541,-5.1343,-0.4255,-10.1402,1.3871,-1.4108,-9.0770,-4.8902,-0.4962
458.00,-8.2541,-5.1317,-0.3967,-10.1408,1.3904,-1.3840,-9.0801,-4.8886,-0.4693
458.50,-8.2541,-5.1285,-0.3647,-10.1413,1.3929,-1.3538,-9.0824,-4.8875,-0.4392
459.00,-8.2542,-5.1239,-0.3224,-10.1426,1.3983,-1.3125,-9.0874,-4.8853,-0.3978
459.50,-8.2542,-5.1188,-0.2788,-10.1443,1.4042,-1.2699,-9.0931,-4.8830,-0.3553
460.00,-8.2542,-5.1132,-0.2338,-10.1464,1.4105,-1.2268,-9.0994,-4.8808,-0.3121
460.50,-8.2542,-5.1071,-0.1874,-10.1488,1.4167,-1.1815,-9.1058,-4.8789,-0.2668
461.00,-8.2543,-5.1005,-0.1395,-10.1511,1.4221,-1.1349,-9.1115,-4.8775,-0.2202
461.50,-8.2543,-5.0934,-0.0899,-10.1547,1.4292,-1.0870,-9.1193,-4.8760,-0.1724
462.00,-8.2543,-5.0859,-0.0385,-10.1587,1.4364,-1.0369,-9.0487,-4.8047,-0.0734
462.50,-8.2543,-5.0780,0.0148,-10.1605,1.4393,-0.9846,-9.0522,-4.8045,-0.0211
463.00,-8.2543,-5.0702,0.0672,-10.1562,1.4332,-0.9333,-9.0447,-4.8045,0.0302
463.50,-8.2543,-5.0630,0.1176,-10.1516,1.4273,-0.8840,-9.0373,-4.8041,0.0795
464.00,-8.2543,-5.0562,0.1662,-10.1473,1.4223,-0.8366,-9.0307,-4.8034,0.1269
464.50,-8.2542,-5.0498,0.2133,-10.1438,1.4186,-0.7914,-9.0256,-4.8027,0.1721
465.00,-8.2542,-5.0440,0.2588,-10.1397,1.4146,-0.7473,-9.0200,-4.8016,0.2163
465.50,-8.2542,-5.0397,0.2954,-10.1366,1.4118,-0.7120,-9.0159,-4.8006,0.2515
466.00,-8.2541,-5.0359,0.3279,-10.1332,1.4090,-0.6805,-9.0118,-4.7995,0.2830
466.50,-8.2541,-5.0325,0.3596,-10.1304,1.4068,-0.6501,-9.0083,-4.7984,0.3135
467.00,-8.2541,-5.0293,0.3907,-10.1278,1.4049,-0.6199,-9.0052,-4.7974,0.3436
467.50,-8.2541,-5.0264,0.4212,-10.1259,1.4035,-0.5907,-9.0031,-4.7966,0.3728
468.00,-8.2540,-5.0237,0.4510,-10.1239,1.4023,-0.5619,-9.0009,-4.7957,0.4017
468.50,-8.2540,-5.0213,0.4802,-10.1210,1.4005,-0.5334,-8.9978,-4.7943,0.4302
469.00,-8.2540,-5.0192,0.5089,-10.1193,1.3995,-0.5060,-9.0348,-4.7359,0.4715
469.50,-8.2539,-5.0173,0.5369,-10.1184,1.3990,-0.4800,-9.0340,-4.7355,0.4975
470.00,-8.2539,-5.0158,0.5645,-10.1171,1.3983,-0.4538,-9.0327,-4.7348,0.5237
470.50,-8.2538,-5.0144,0.5915,-10.1161,1.3979,-0.4280,-9.0317,-4.7342,0.5495
471.00,-8.2538,-5.0133,0.6179,-10.1151,1.3975,-0.4029,-9.0308,-4.7336,0.5746
471.50,-8.2538,-5.0125,0.6439,-10.1145,1.3972,-0.3779,-9.0303,-4.7333,0.5996
472.00,-8.2537,-5.0119,0.6693,-10.1138,1.3969,-0.3536,-9.0297,-4.7328,0.6239
472.50,-8.2537,-5.0116,0.6943,-10.1135,1.3968,-0.3300,-9.0294,-4.7327,0.6475
473.00,-8.2536,-5.0115,0.7187,-10.1134,1.3968,-0.3066,-9.0293,-4.7326,0.6709
473.50,-8.2537,-5.0116,0.7432,-10.1137,1.3969,-0.2838,-9.0295,-4.7328,0.6937
474.00,-8.2540,-5.0116,0.7683,-10.1142,1.3970,-0.2601,-9.0299,-4.7331,0.7174
474.50,-8.2540,-5.0117,0.7940,-10.1142,1.3970,-0.2352,-9.0300,-4.7332,0.7423
475.00,-8.2539,-5.0120,0.8193,-10.1145,1.3971,-0.2112,-9.0302,-4.7333,0.7663
475.50,-8.2539,-5.0122,0.8440,-10.1150,1.3972,-0.1878,-9.0306,-4.7337,0.7897
476.00,-8.2539,-5.0123,0.8683,-10.1151,1.3972,-0.1648,-9.0306,-4.7338,0.8127
476.50,-8.2541,-5.0123,0.8931,-10.1152,1.3972,-0.1411,-9.0307,-4.7338,0.8364
477.00,-8.2546,-5.0124,0.9184,-10.1160,1.3973,-0.1168,-9.0312,-4.7344,0.8607
477.50,-8.2554,-5.0124,0.9442,-10.1168,1.3974,-0.0923,-9.0317,-4.7350,0.8852
478.00,-8.2572,-5.0125,0.9975,-10.1181,1.3975,-0.0469,-9.0325,-4.7361,0.9306
478.50,-8.2649,-5.0127,1.1509,-10.1248,1.3973,0.0973,-9.0361,-4.7417,1.0748
479.00,-8.2802,-5.0129,1.3671,-10.1407,1.3940,0.3112,-9.0423,-4.7567,1.2886
479.50,-8.3040,-5.0129,1.6084,-10.1578,1.3864,0.5569,-9.0455,-4.7752,1.5344
480.00,-8.3197,-4.9963,1.7028,-10.1363,1.4020,0.6657,-9.0464,-4.7486,1.6431
480.50,-8.3218,-4.9203,1.6102,-10.0718,1.4493,0.5857,-9.0496,-4.6688,1.5632
481.00,-8.3138,-4.7965,1.3723,-9.9629,1.5045,0.3502,-9.0940,-4.5172,1.3429
481.50,-8.2948,-4.6892,1.1136,-9.8515,1.5289,0.0866,-9.0537,-4.4103,1.0793
482.00,-8.2378,-4.5772,0.9868,-9.7263,1.5296,-0.0534,-9.0050,-4.2956,0.9485
482.50,-8.1774,-4.4864,0.9996,-9.6136,1.5223,-0.0531,-8.9371,-4.2054,0.9610
483.00,-8.1344,-4.4075,1.1549,-9.5252,1.5229,0.0907,-8.8998,-4.1308,1.1170
483.50,-8.1013,-4.2869,1.3709,-9.4033,1.5485,0.3170,-8.8583,-4.0140,1.3520
484.00,-8.0782,-4.1585,1.4370,-9.2753,1.5979,0.3966,-8.8325,-3.8779,1.4168
484.50,-8.0567,-4.0530,1.3279,-9.1725,1.6374,0.2978,-8.8130,-3.7842,1.3085
485.00,-8.0260,-3.9516,1.0953,-9.0649,1.6582,0.0635,-8.7699,-3.6849,1.0631
485.50,-7.9663,-3.8405,0.9806,-8.9369,1.6567,-0.0635,-8.7085,-3.5701,0.9442
486.00,-7.8947,-3.7324,1.0065,-8.8072,1.6482,-0.0497,-8.6374,-3.4656,0.9697
486.50,-7.8295,-3.6206,1.0485,-8.6771,1.6456,-0.0017,-8.5714,-3.3556,1.0252
487.00,-7.7623,-3.5086,1.0168,-8.5417,1.6445,-0.0284,-8.4970,-3.2401,0.9927
487.50,-7.6906,-3.3992,0.9903,-8.4049,1.6378,-0.0606,-8.4223,-3.1317,0.9599
488.00,-7.6186,-3.2908,0.9846,-8.2736,1.6291,-0.0710,-8.3466,-3.0291,0.9527
488.50,-7.5498,-3.1813,1.0166,-8.1449,1.6222,-0.0382,-8.2755,-2.9232,0.9919
489.00,-7.4804,-3.0710,1.0062,-8.0129,1.6166,-0.0509,-8.2029,-2.8173,0.9772
489.50,-7.4107,-2.9612,1.0047,-7.8828,1.6098,-0.0540,-8.1274,-2.7069,0.9760
490.00,-7.3404,-2.8517,0.9999,-7.7480,1.6022,-0.0604,-8.0517,-2.5973,0.9702
490.50,-7.2730,-2.7412,1.0298,-7.6098,1.5957,-0.0326,-7.9784,-2.4839,1.0042
491.00,-7.2054,-2.6299,1.0193,-7.4698,1.5910,-0.0401,-7.9126,-2.3781,0.9931
491.50,-7.1339,-2.5203,0.9891,-7.3334,1.5833,-0.0730,-7.8345,-2.2693,0.9579
492.00,-7.0622,-2.4118,0.9875,-7.1961,1.5728,-0.0768,-7.7647,-2.1639,0.9595
492.50,-6.9918,-2.3029,1.0013,-7.0678,1.5635,-0.0646,-7.6882,-2.0642,0.9727
493.00,-6.9211,-2.1935,0.9906,-6.9348,1.5548,-0.0725,-7.6151,-1.9540,0.9656
493.50,-6.8456,-2.0867,0.9294,-6.8005,1.5419,-0.1329,-7.5364,-1.8462,0.9000
494.00,-6.7650,-1.9840,0.8941,-6.6694,1.5215,-0.1716,-7.4547,-1.7457,0.8642
494.50,-6.6837,-1.8827,0.9014,-6.5397,1.4987,-0.1697,-7.3642,-1.6462,0.8708
495.00,-6.6030,-1.7807,0.8955,-6.4115,1.4769,-0.1729,-7.2840,-1.5468,0.8699
495.50,-6.5188,-1.6814,0.8238,-6.2776,1.4500,-0.2392,-7.1970,-1.4503,0.7976
496.00,-6.4272,-1.5889,0.7723,-6.1481,1.4129,-0.3029,-7.1004,-1.3613,0.7335
496.50,-6.3448,-1.5050,0.8460,-6.0274,1.3776,-0.2413,-7.0160,-1.2758,0.8055
497.00,-6.2979,-1.4456,1.0436,-5.9531,1.3654,-0.0520,-6.9729,-1.2185,1.0058
497.50,-6.2613,-1.3721,1.3088,-5.8677,1.3718,0.2110,-6.9383,-1.1434,1.2792
498.00,-6.2340,-1.2595,1.6194,-5.7596,1.4128,0.5262,-6.9197,-1.0364,1.5944
498.50,-6.2291,-1.1316,1.8152,-5.6533,1.4913,0.7351,-6.9140,-0.9080,1.8011
499.00,-6.2599,-1.0063,1.8670,-5.5583,1.5827,0.7845,-6.9270,-0.7828,1.8383
499.50,-6.3018,-0.8846,1.9983,-5.4707,1.6801,0.9095,-6.9666,-0.6602,1.9671
500.00,-6.3548,-0.7698,2.1174,-5.3948,1.7915,1.0318,-7.0282,-0.5391,2.0929
500.50,-6.4234,-0.6615,2.1882,-5.3322,1.9059,1.1011,-7.0838,-0.4308,2.1595
501.00,-6.5026,-0.5578,2.2521,-5.2757,2.0264,1.1649,-7.1509,-0.3225,2.2233
501.50,-6.5872,-0.4589,2.2882,-5.2260,2.1514,1.2085,-7.2346,-0.2277,2.2681
502.00,-6.6699,-0.3587,2.2195,-5.1764,2.2733,1.1421,-7.3243,-0.1250,2.1947
502.50,-6.7451,-0.2532,2.1738,-5.1181,2.3917,1.0902,-7.3851,-0.0125,2.1405
503.00,-6.8194,-0.1462,2.1919,-5.0591,2.5040,1.0994,-7.4572,0.0947,2.1520
503.50,-6.8975,-0.0417,2.2204,-5.0037,2.6178,1.1276,-7.5358,0.2031,2.1894
504.00,-6.9787,0.0604,2.2557,-4.9477,2.7417,1.1643,-7.6153,0.3097,2.2273
504.50,-7.0624,0.1600,2.2803,-4.8956,2.8666,1.1894,-7.7015,0.4128,2.2532
505.00,-7.1450,0.2600,2.2356,-4.8452,2.9868,1.1457,-7.7872,0.5153,2.2099
505.50,-7.2233,0.3634,2.2147,-4.7879,3.1082,1.1215,-7.8569,0.6195,2.1831
506.00,-7.3019,0.4671,2.2368,-4.7304,3.2274,1.1345,-7.9255,0.7279,2.1999
506.50,-7.3869,0.5649,2.3422,-4.6788,3.3524,1.2382,-8.0152,0.8239,2.3135
507.00,-7.4799,0.6554,2.3913,-4.6395,3.4782,1.2909,-8.0974,0.9181,2.3650
507.50,-7.5757,0.7422,2.4093,-4.6046,3.6069,1.3121,-8.2055,1.0102,2.3856
508.00,-7.6557,0.8192,2.3121,-4.5721,3.7152,1.2229,-8.2839,1.0900,2.2900
508.50,-7.7077,0.8870,2.1024,-4.5345,3.7949,1.0168,-8.3263,1.1606,2.0740
509.00,-7.7497,0.9785,1.8382,-4.4701,3.8746,0.7517,-8.3744,1.2556,1.8048
509.50,-7.7829,1.1020,1.5587,-4.3555,3.9551,0.4680,-8.3876,1.3952,1.5247
510.00,-7.7934,1.2306,1.3593,-4.2274,4.0016,0.2502,-8.3914,1.5098,1.3167
510.50,-7.7681,1.3523,1.3457,-4.1019,4.0301,0.2209,-8.3782,1.6333,1.3020
511.00,-7.7467,1.4721,1.5125,-3.9812,4.0649,0.3721,-8.3506,1.7457,1.4718
511.50,-7.7357,1.6010,1.7384,-3.8662,4.1276,0.6108,-8.3529,1.8764,1.7268
512.00,-7.7552,1.7284,1.7752,-3.7609,4.2073,0.6606,-8.3497,2.0059,1.7568
512.50,-7.7756,1.8527,1.6313,-3.6532,4.2826,0.5291,-8.3582,2.1359,1.6137
513.00,-7.7857,1.9823,1.4414,-3.5319,4.3363,0.3215,-8.3656,2.2580,1.4020
513.50,-7.7707,2.1068,1.4419,-3.4112,4.3737,0.3062,-8.3540,2.3821,1.4013
514.00,-7.7595,2.2331,1.6338,-3.2937,4.4205,0.4847,-8.3402,2.5076,1.5984
514.50,-7.7624,2.3613,1.7988,-3.1858,4.4921,0.6635,-8.3465,2.6358,1.7865
515.00,-7.7876,2.4728,1.7844,-3.0931,4.5663,0.6608,-8.3640,2.7513,1.7698
515.50,-7.8060,2.5773,1.5843,-3.0048,4.6245,0.4732,-8.3681,2.8560,1.5694
516.00,-7.8123,2.7063,1.3789,-2.8822,4.6689,0.2478,-8.3597,2.9852,1.3417
516.50,-7.7944,2.8085,1.3591,-2.7743,4.6926,0.2124,-8.3424,3.0919,1.3144
517.00,-7.7804,2.9041,1.4840,-2.6791,4.7192,0.3347,-8.3412,3.1782,1.4576
517.50,-7.7768,3.0335,1.5527,-2.5552,4.7682,0.4108,-8.3323,3.3112,1.5303
518.00,-7.7807,3.1635,1.5834,-2.4250,4.8272,0.4404,-8.3287,3.4458,1.5564
518.50,-7.7856,3.2935,1.5976,-2.3021,4.8864,0.4544,-8.3278,3.5705,1.5704
519.00,-7.7874,3.4234,1.5699,-2.1835,4.9436,0.4301,-8.3371,3.7022,1.5461
519.50,-7.7857,3.5534,1.5801,-2.0666,4.9956,0.4277,-8.3323,3.8301,1.5437
520.00,-7.7891,3.6834,1.5984,-1.9538,5.0490,0.4516,-8.3225,3.9548,1.5722
520.50,-7.7954,3.8133,1.6133,-1.8370,5.1069,0.4696,-8.3220,4.0952,1.5926
521.00,-7.7954,3.9433,1.5279,-1.7207,5.1604,0.3791,-8.3203,4.2231,1.4951
521.50,-7.7911,4.0732,1.5384,-1.5952,5.2103,0.3897,-8.3190,4.3577,1.5162
522.00,-7.7815,4.1971,1.4662,-1.4749,5.2551,0.3129,-8.3086,4.4756,1.4329
522.50,-7.7742,4.2689,1.5008,-1.4051,5.2781,0.3430,-8.2976,4.5483,1.4718
523.00,-7.7743,4.2823,1.5522,-1.3926,5.2826,0.3939,-8.2962,4.5615,1.5238
523.50,-7.7815,4.2823,1.6056,-1.3909,5.2835,0.4460,-8.2962,4.5634,1.5759
524.00,-7.7891,4.2823,1.6571,-1.3849,5.2865,0.4963,-8.2964,4.5700,1.6262
524.50,-7.7962,4.2823,1.7069,-1.3783,5.2902,0.5442,-8.2969,4.5776,1.6741
525.00,-7.8028,4.2823,1.7549,-1.3724,5.2940,0.5910,-8.2978,4.5846,1.7210
525.50,-7.8089,4.2824,1.8014,-1.3671,5.2977,0.6361,-8.2989,4.5910,1.7660
526.00,-7.8145,4.2824,1.8464,-1.3617,5.3019,0.6796,-8.3004,4.5977,1.8096
526.50,-7.8197,4.2824,1.8901,-1.3582,5.3048,0.7221,-8.3015,4.6021,1.8521
527.00,-7.8244,4.2825,1.9326,-1.3551,5.3077,0.7637,-8.3028,4.6061,1.8936
527.50,-7.8285,4.2825,1.9738,-1.3519,5.3108,0.8032,-8.3424,4.5710,1.9436
528.00,-7.8322,4.2825,2.0140,-1.3493,5.3136,0.8418,-8.3438,4.5744,1.9822
528.50,-7.8354,4.2826,2.0530,-1.3466,5.3167,0.8790,-8.3455,4.5782,2.0194
529.00,-7.8382,4.2826,2.0910,-1.3448,5.3190,0.9153,-8.3468,4.5808,2.0557
529.50,-7.8404,4.2827,2.1280,-1.3436,5.3206,0.9505,-8.3478,4.5826,2.0909
530.00,-7.8423,4.2827,2.1641,-1.3426,5.3221,0.9853,-8.3487,4.5841,2.1257
530.50,-7.8436,4.2828,2.1992,-1.3417,5.3235,1.0191,-8.3496,4.5855,2.1595
531.00,-7.8445,4.2828,2.2334,-1.3412,5.3243,1.0523,-8.3501,4.5863,2.1927
531.50,-7.8450,4.2829,2.2668,-1.3411,5.3245,1.0839,-8.3503,4.5865,2.2243
532.00,-7.8450,4.2829,2.2993,-1.3411,5.3245,1.1151,-8.3503,4.5865,2.2555
532.50,-7.8450,4.2827,2.3324,-1.3412,5.3242,1.1469,-8.3501,4.5862,2.2874
533.00,-7.8449,4.2826,2.3665,-1.3414,5.3239,1.1798,-8.3499,4.5860,2.3202
533.50,-7.8445,4.2827,2.4001,-1.3416,5.3234,1.2117,-8.3495,4.5856,2.3521
534.00,-7.8443,4.2827,2.4327,-1.3416,5.3232,1.2429,-8.3493,4.5854,2.3833
534.50,-7.8443,4.2824,2.4656,-1.3418,5.3227,1.2744,-8.3489,4.5851,2.4148
535.00,-7.8442,4.2817,2.4995,-1.3420,5.3219,1.3067,-8.3483,4.5846,2.4472
535.50,-7.8442,4.2805,2.5343,-1.3424,5.3203,1.3405,-8.3470,4.5835,2.4809
536.00,-7.8441,4.2789,2.5699,-1.3428,5.3184,1.3747,-8.3454,4.5823,2.5151
536.50,-7.8441,4.2768,2.6066,-1.3430,5.3177,1.4095,-8.3449,4.5819,2.5499
537.00,-7.8440,4.2742,2.6442,-1.3435,5.3142,1.4456,-8.3419,4.5800,2.5860
537.50,-7.8440,4.2712,2.6828,-1.3438,5.3116,1.4828,-8.3397,4.5787,2.6232
538.00,-7.8439,4.2677,2.7225,-1.3440,5.3085,1.5208,-8.3370,4.5772,2.6612
538.50,-7.8439,4.2637,2.7633,-1.3441,5.3035,1.5601,-8.3324,4.5750,2.7005
539.00,-7.8438,4.2592,2.8053,-1.3441,5.2992,1.6005,-8.3285,4.5732,2.7409
539.50,-7.8438,4.2543,2.8485,-1.3439,5.2943,1.6421,-8.3240,4.5714,2.7825
540.00,-7.8438,4.2488,2.8930,-1.3432,5.2874,1.6851,-8.3174,4.5690,2.8255
540.50,-7.8437,4.2429,2.9389,-1.3424,5.2814,1.7293,-8.3116,4.5673,2.8697
541.00,-7.8437,4.2365,2.9863,-1.3414,5.2759,1.7747,-8.3063,4.5659,2.9152
541.50,-7.8555,4.2288,3.0705,-1.3437,5.2845,1.8483,-8.3150,4.5674,2.9887
542.00,-7.9257,4.2118,-3.0250,-1.3716,5.3524,2.0433,-8.3884,4.5704,-3.0994
542.50,-8.0480,4.1902,-2.9973,-1.4325,5.4626,2.0782,-8.5740,4.4848,-3.0158
543.00,-8.1773,4.1778,-3.1278,-1.4927,5.5823,1.9633,-8.7074,4.4731,-3.1410
543.50,-8.3068,4.1756,2.9979,-1.5311,5.7102,1.7886,-8.8400,4.4779,2.9563
544.00,-8.4199,4.1912,3.0290,-1.5563,5.8278,1.8038,-8.9479,4.4903,2.9860
544.50,-8.5305,4.1998,-3.0287,-1.5930,5.9373,2.0143,-9.0528,4.4989,-3.0726
545.00,-8.6566,4.1921,-2.8359,-1.6622,6.0487,2.2235,-9.1814,4.4833,-2.8553
545.50,-8.7797,4.1541,-2.8176,-1.7454,6.1518,2.2537,-9.3074,4.4539,-2.8333
546.00,-8.9047,4.1189,-2.9092,-1.8253,6.2603,2.1552,-9.4372,4.4283,-2.9480
546.50,-9.0314,4.0910,-2.9298,-1.8953,6.3684,2.1351,-9.5541,4.4058,-2.9518
547.00,-9.1595,4.0712,-3.0275,-1.9609,6.4817,2.0390,-9.6887,4.3817,-3.0514
547.50,-9.2889,4.0589,-3.0424,-2.0175,6.6025,2.0055,-9.8221,4.3796,-3.0849
548.00,-9.4172,4.0406,-2.9187,-2.0798,6.7194,2.1288,-9.9496,4.3647,-2.9459
548.50,-9.5434,4.0126,-2.9052,-2.1503,6.8273,2.1526,-10.0756,4.3389,-2.9221
549.00,-9.6564,3.9877,-3.0607,-2.2122,6.9327,2.0083,-10.1959,4.3177,-3.0774
549.50,-9.7425,3.9696,2.9085,-2.2384,7.0202,1.6955,-10.2783,4.3231,2.8737
550.00,-9.8507,3.9855,2.6767,-2.2375,7.1310,1.4518,-10.3786,4.3465,2.6324
550.50,-9.9632,4.0425,2.5465,-2.2146,7.2558,1.3218,-10.4945,4.3885,2.5215
551.00,-10.0552,4.1134,2.3513,-2.1758,7.3686,1.1317,-10.5858,4.4633,2.3262
551.50,-10.1046,4.1745,2.1303,-2.1359,7.4343,0.9093,-10.6327,4.5143,2.1003
552.00,-10.1430,4.2695,1.8820,-2.0667,7.5031,0.6533,-10.6709,4.6140,1.8444
552.50,-10.1721,4.3961,1.7264,-1.9600,7.5697,0.4816,-10.6924,4.7481,1.6831
553.00,-10.1932,4.5246,1.7424,-1.8397,7.6301,0.4804,-10.7143,4.8741,1.7022
553.50,-10.2199,4.6520,1.7814,-1.7276,7.6938,0.5322,-10.7355,4.9994,1.7651
554.00,-10.2425,4.7797,1.7443,-1.6099,7.7590,0.4863,-10.7589,5.1320,1.7093
554.50,-10.2702,4.9071,1.7969,-1.4950,7.8235,0.5409,-10.7797,5.2620,1.7738
555.00,-10.3014,5.0335,1.8003,-1.3792,7.8942,0.5491,-10.8076,5.3848,1.7849
555.50,-10.3253,5.1486,1.6459,-1.2784,7.9485,0.4066,-10.8264,5.4977,1.6360
556.00,-10.3415,5.2592,1.3391,-1.1677,7.9773,0.0985,-10.8264,5.6114,1.3122
556.50,-10.3334,5.3447,1.1614,-1.0768,7.9773,-0.0952,-10.8252,5.6963,1.1272
557.00,-10.3207,5.3701,1.1133,-1.0451,7.9733,-0.1492,-10.8196,5.7243,1.0802
557.50,-10.3176,5.3701,1.0747,-1.0416,7.9729,-0.1895,-10.8161,5.7263,1.0515
558.00,-10.3150,5.3702,1.0370,-1.0397,7.9725,-0.2287,-10.8146,5.7278,1.0147
558.50,-10.3129,5.3702,1.0004,-1.0380,7.9722,-0.2667,-10.8137,5.7293,0.9766
559.00,-10.3113,5.3703,0.9647,-1.0365,7.9717,-0.3047,-10.8128,5.7306,0.9387
559.50,-10.3101,5.3703,0.9299,-1.0357,7.9715,-0.3411,-10.8123,5.7313,0.9023
560.00,-10.3094,5.3704,0.8960,-1.0346,7.9710,-0.3766,-10.8115,5.7322,0.8667
560.50,-10.3090,5.3704,0.8630,-1.0341,7.9709,-0.4111,-10.8112,5.7326,0.8323
561.00,-10.3091,5.3706,0.8304,-1.0339,7.9708,-0.4461,-10.8110,5.7327,0.7973
561.50,-10.3091,5.3710,0.7969,-1.0331,7.9704,-0.4810,-10.8104,5.7334,0.7624
562.00,-10.3091,5.3711,0.7627,-1.0329,7.9703,-0.5172,-10.8102,5.7335,0.7262
562.50,-10.3088,5.3712,0.7296,-1.0327,7.9701,-0.5519,-10.8101,5.7337,0.6915
563.00,-10.3088,5.3711,0.6971,-1.0328,7.9702,-0.5860,-10.8102,5.7336,0.6574
563.50,-10.3089,5.3707,0.6638,-1.0332,7.9705,-0.6209,-10.8106,5.7333,0.6224
564.00,-10.3090,5.3698,0.6296,-1.0341,7.9712,-0.6567,-10.8115,5.7327,0.5867
564.50,-10.3090,5.3684,0.5945,-1.0353,7.9721,-0.6935,-10.8128,5.7318,0.5499
565.00,-10.3091,5.3666,0.5585,-1.0362,7.9729,-0.7306,-10.8138,5.7312,0.5128
565.50,-10.3091,5.3644,0.5215,-1.0382,7.9748,-0.7687,-10.8162,5.7299,0.4747
566.00,-10.3092,5.3617,0.4835,-1.0403,7.9769,-0.8085,-10.8189,5.7286,0.4349
566.50,-10.3092,5.3585,0.4445,-1.0428,7.9796,-0.8495,-10.8223,5.7271,0.3939
567.00,-10.3092,5.3548,0.4044,-1.0453,7.9826,-0.8913,-10.8260,5.7257,0.3520
567.50,-10.3093,5.3506,0.3632,-1.0484,7.9866,-0.9347,-10.8307,5.7241,0.3087
568.00,-10.3093,5.3460,0.3208,-1.0505,7.9896,-0.9787,-10.8342,5.7230,0.2647
568.50,-10.3094,5.3409,0.2771,-1.0535,7.9943,-1.0236,-10.8396,5.7217,0.2198
569.00,-10.3094,5.3352,0.2321,-1.0564,7.9992,-1.0699,-10.8452,5.7206,0.1734
569.50,-10.3094,5.3291,0.1857,-1.0590,8.0043,-1.1178,-10.8508,5.7197,0.1256
570.00,-10.3094,5.3225,0.1377,-1.0619,8.0107,-1.1678,-10.8579,5.7190,0.0756
570.50,-10.3095,5.3155,0.0881,-1.0645,8.0171,-1.2195,-10.8237,5.6786,0.0586
571.00,-10.3095,5.3079,0.0366,-1.0673,8.0253,-1.2727,-10.8228,5.6698,0.0126
571.50,-10.3095,5.2999,-0.0168,-1.0685,8.0297,-1.3278,-10.8273,5.6699,-0.0426
572.00,-10.3095,5.2922,-0.0690,-1.0667,8.0215,-1.3819,-10.8190,5.6692,-0.0966
572.50,-10.3094,5.2850,-0.1194,-1.0657,8.0149,-1.4337,-10.8124,5.6684,-0.1484
573.00,-10.3094,5.2782,-0.1680,-1.0647,8.0069,-1.4843,-10.8045,5.6670,-0.1990
573.50,-10.3094,5.2719,-0.2150,-1.0644,8.0006,-1.5329,-10.7983,5.6656,-0.2476
574.00,-10.3094,5.2661,-0.2605,-1.0642,7.9932,-1.5797,-10.7911,5.6637,-0.2945
574.50,-10.3093,5.2608,-0.3046,-1.0644,7.9870,-1.6256,-10.7852,5.6617,-0.3404
575.00,-10.3093,5.2559,-0.3475,-1.0648,7.9819,-1.6704,-10.7805,5.6599,-0.3852
575.50,-10.3093,5.2516,-0.3892,-1.0653,7.9778,-1.7139,-10.7767,5.6583,-0.4287
576.00,-10.3092,5.2477,-0.4297,-1.0660,7.9735,-1.7555,-10.7727,5.6564,-0.4703
576.50,-10.3092,5.2444,-0.4691,-1.0666,7.9705,-1.7970,-10.7700,5.6550,-0.5118
577.00,-10.3091,5.2421,-0.5017,-1.0672,7.9680,-1.8298,-10.7678,5.6537,-0.5446
577.50,-10.3091,5.2397,-0.5392,-1.0679,7.9655,-1.8705,-10.8077,5.5887,-0.5643
578.00,-10.3090,5.2377,-0.5757,-1.0684,7.9640,-1.9094,-10.8064,5.5879,-0.6032
578.50,-10.3090,5.2361,-0.6113,-1.0692,7.9621,-1.9469,-10.8047,5.5867,-0.6407
579.00,-10.3089,5.2350,-0.6459,-1.0696,7.9609,-1.9827,-10.8037,5.5859,-0.6765
579.50,-10.3089,5.2343,-0.6797,-1.0697,7.9608,-2.0181,-10.8036,5.5859,-0.7119
580.00,-10.3088,5.2340,-0.7126,-1.0697,7.9607,-2.0527,-10.8035,5.5858,-0.7465
580.50,-10.3086,5.2341,-0.7452,-1.0700,7.9603,-2.0864,-10.8032,5.5854,-0.7802
581.00,-10.3083,5.2341,-0.7741,-1.0702,7.9599,-2.1180,-10.8028,5.5851,-0.8118
581.50,-10.3082,5.2341,-0.7998,-1.0702,7.9599,-2.1455,-10.8028,5.5851,-0.8393
582.00,-10.3081,5.2339,-0.8249,-1.0702,7.9598,-2.1717,-10.8028,5.5850,-0.8655
582.50,-10.3081,5.2338,-0.8495,-1.0702,7.9599,-2.1980,-10.8029,5.5851,-0.8918
583.00,-10.3081,5.2338,-0.8739,-1.0701,7.9600,-2.2241,-10.8030,5.5852,-0.9179
583.50,-10.3085,5.2339,-0.8988,-1.0698,7.9603,-2.2510,-10.8032,5.5856,-0.9448
584.00,-10.3090,5.2339,-0.9242,-1.0696,7.9606,-2.2772,-10.8034,5.5858,-0.9710
584.50,-10.3098,5.2340,-0.9501,-1.0689,7.9615,-2.3049,-10.8040,5.5868,-0.9987
585.00,-10.3109,5.2340,-0.9792,-1.0678,7.9626,-2.3348,-10.8048,5.5881,-1.0286
585.50,-10.3128,5.2341,-1.0153,-1.0667,7.9637,-2.3723,-10.8056,5.5895,-1.0661
586.00,-10.3151,5.2341,-1.0523,-1.0652,7.9651,-2.4108,-10.8066,5.5913,-1.1046
586.50,-10.3178,5.2342,-1.0904,-1.0630,7.9670,-2.4507,-10.8078,5.5939,-1.1445
587.00,-10.3210,5.2342,-1.1295,-1.0612,7.9685,-2.4914,-10.8088,5.5960,-1.1852
587.50,-10.3248,5.2343,-1.1697,-1.0587,7.9703,-2.5334,-10.8099,5.5990,-1.2273
588.00,-10.3290,5.2343,-1.2110,-1.0558,7.9722,-2.5761,-10.8110,5.6023,-1.2700
588.50,-10.3334,5.2338,-1.2550,-1.0517,7.9747,-2.6201,-10.8123,5.6069,-1.3139
589.00,-10.3385,5.1961,-1.4035,-1.0869,7.9576,-2.7588,-10.8050,5.5684,-1.4526
589.50,-10.3486,5.0948,-1.5418,-1.1826,7.9296,-2.9170,-10.8030,5.4687,-1.6108
590.00,-10.3439,4.9679,-1.4914,-1.3032,7.9021,-2.8839,-10.8521,5.3247,-1.5236
590.50,-10.3297,4.8401,-1.3191,-1.4211,7.8600,-2.7105,-10.8346,5.2007,-1.3415
591.00,-10.2988,4.7154,-1.2727,-1.5400,7.7997,-2.6549,-10.8171,5.0621,-1.2929
591.50,-10.2590,4.5914,-1.2510,-1.6635,7.7341,-2.6365,-10.7806,4.9376,-1.2745
592.00,-10.2201,4.4677,-1.2692,-1.7796,7.6708,-2.6559,-10.7428,4.8109,-1.2950
592.50,-10.1851,4.3430,-1.3016,-1.8949,7.6119,-2.6911,-10.7088,4.6860,-1.3326
593.00,-10.1465,4.2186,-1.2248,-2.0129,7.5522,-2.6288,-10.6760,4.5630,-1.2589
593.50,-10.0987,4.1007,-1.0499,-2.1223,7.4778,-2.4525,-10.6257,4.4458,-1.0713
594.00,-10.0335,3.9915,-0.9534,-2.2154,7.3923,-2.3539,-10.5646,4.3386,-0.9762
594.50,-9.9568,3.8872,-0.9280,-2.3045,7.2981,-2.3193,-10.4894,4.2280,-0.9451
595.00,-9.8809,3.7821,-0.9478,-2.3988,7.1999,-2.3461,-10.4116,4.1164,-0.9794
595.50,-9.8034,3.6773,-0.9191,-2.4928,7.1026,-2.3230,-10.3456,4.0101,-0.9539
596.00,-9.7220,3.5754,-0.8870,-2.5817,7.0040,-2.2882,-10.2660,3.9083,-0.9116
596.50,-9.6408,3.4740,-0.9223,-2.6660,6.9088,-2.3168,-10.1893,3.8052,-0.9402
597.00,-9.5667,3.3668,-1.0058,-2.7575,6.8193,-2.4105,-10.1170,3.6925,-1.0416
597.50,-9.4955,3.2576,-0.9696,-2.8542,6.7318,-2.3840,-10.0484,3.5810,-1.0033
598.00,-9.4170,3.1527,-0.9108,-2.9491,6.6362,-2.3221,-9.9725,3.4727,-0.9358
598.50,-9.3365,3.0506,-0.9160,-3.0390,6.5383,-2.3204,-9.8928,3.3695,-0.9363
599.00,-9.2617,2.9440,-1.0089,-3.1314,6.4479,-2.4174,-9.8217,3.2601,-1.0420
599.50,-9.1930,2.8334,-1.0024,-3.2323,6.3610,-2.4242,-9.7560,3.1477,-1.0418
600.00,-9.1171,2.7269,-0.9208,-3.3276,6.2708,-2.3406,-9.6858,3.0469,-0.9466
600.50,-9.0367,2.6245,-0.9081,-3.4206,6.1721,-2.3220,-9.6046,2.9362,-0.9326
601.00,-8.9607,2.5197,-0.9685,-3.5162,6.0754,-2.3865,-9.5310,2.8306,-1.0023
601.50,-8.8862,2.4128,-0.9465,-3.6120,5.9854,-2.3728,-9.4658,2.7198,-0.9869
602.00,-8.8061,2.3093,-0.8972,-3.7055,5.8902,-2.3216,-9.3886,2.6150,-0.9250
602.50,-8.7239,2.2085,-0.8875,-3.7930,5.7948,-2.3080,-9.3058,2.5131,-0.9081
603.00,-8.6453,2.1050,-0.9618,-3.8819,5.7026,-2.3840,-9.2294,2.4102,-0.9937
603.50,-8.5723,1.9976,-0.9726,-3.9766,5.6157,-2.4017,-9.1608,2.2974,-1.0106
604.00,-8.4971,1.8909,-0.9464,-4.0754,5.5241,-2.3812,-9.0854,2.1860,-0.9779
604.50,-8.4177,1.7871,-0.9004,-4.1649,5.4356,-2.3384,-9.0096,2.0864,-0.9310
605.00,-8.3350,1.6865,-0.8713,-4.2570,5.3370,-2.3085,-8.9258,1.9779,-0.8984
605.50,-8.2501,1.5879,-0.8472,-4.3396,5.2442,-2.2875,-8.8490,1.8820,-0.8778
606.00,-8.1623,1.4923,-0.8173,-4.4249,5.1428,-2.2566,-8.7687,1.7816,-0.8468
606.50,-8.0729,1.3981,-0.8086,-4.5068,5.0418,-2.2476,-8.6787,1.6846,-0.8361
607.00,-7.9856,1.3014,-0.8760,-4.5923,4.9406,-2.3124,-8.5905,1.5848,-0.9053
607.50,-7.9050,1.1998,-0.9082,-4.6868,4.8426,-2.3526,-8.5149,1.4704,-0.9446
608.00,-7.8248,1.0976,-0.9125,-4.7796,4.7484,-2.3541,-8.4417,1.3746,-0.9395
608.50,-7.7465,0.9940,-0.9181,-4.8741,4.6560,-2.3695,-8.3705,1.2671,-0.9563
609.00,-7.6683,0.8903,-0.9423,-4.9660,4.5666,-2.3902,-8.2911,1.1622,-0.9712
609.50,-7.5925,0.7862,-0.9207,-5.0636,4.4761,-2.3798,-8.2124,1.0489,-0.9608
610.00,-7.5283,0.7111,-0.7768,-5.1315,4.4042,-2.2486,-8.1593,0.9742,-0.8179
610.50,-7.4690,0.6615,-0.5561,-5.1761,4.3355,-2.0298,-8.0864,0.9192,-0.5852
611.00,-7.3946,0.6214,-0.2966,-5.2037,4.2570,-1.7734,-8.0208,0.8817,-0.3276
611.50,-7.2828,0.5905,0.0023,-5.2095,4.1416,-1.4713,-7.9084,0.8614,-0.0231
612.00,-7.1537,0.5810,0.1724,-5.1832,4.0147,-1.2848,-7.7753,0.8544,0.1589
612.50,-7.0257,0.6016,0.1541,-5.1434,3.8860,-1.2903,-7.6456,0.8505,0.1352
613.00,-6.8965,0.6162,0.0600,-5.1138,3.7570,-1.3927,-7.5116,0.8612,0.0223
613.50,-6.7666,0.6224,0.0436,-5.0920,3.6255,-1.4151,-7.3899,0.8617,0.0086
614.00,-6.6367,0.6247,0.0164,-5.0738,3.5025,-1.4409,-7.2677,0.8640,-0.0128
614.50,-6.5067,0.6188,-0.0254,-5.0599,3.3721,-1.4872,-7.1219,0.8564,-0.0582
615.00,-6.3768,0.6158,0.0109,-5.0486,3.2357,-1.4655,-6.9832,0.8434,-0.0331
615.50,-6.2469,0.6212,0.0537,-5.0301,3.1117,-1.4069,-6.8668,0.8465,0.0360
616.00,-6.1170,0.6220,-0.0475,-5.0149,2.9816,-1.5119,-6.7356,0.8454,-0.0743
616.50,-5.9872,0.6168,-0.0233,-5.0080,2.8469,-1.5009,-6.6015,0.8310,-0.0641
617.00,-5.8572,0.6173,-0.0043,-4.9950,2.7137,-1.4689,-6.4711,0.8286,-0.0208
617.50,-5.7272,0.6119,-0.0414,-4.9855,2.5806,-1.5173,-6.3480,0.8221,-0.0796
618.00,-5.5973,0.6122,0.0103,-4.9761,2.4459,-1.4713,-6.2148,0.8129,-0.0250
618.50,-5.4674,0.6184,0.0345,-4.9604,2.3170,-1.4404,-6.0846,0.8171,0.0120
619.00,-5.3374,0.6175,0.0063,-4.9456,2.1878,-1.4723,-5.9513,0.8165,-0.0259
619.50,-5.2074,0.6181,0.0060,-4.9332,2.0599,-1.4749,-5.8227,0.8125,-0.0242
620.00,-5.0774,0.6183,0.0089,-4.9205,1.9252,-1.4779,-5.7020,0.8089,-0.0263
620.50,-4.9474,0.6238,0.0345,-4.9063,1.7997,-1.4469,-5.5717,0.8078,0.0102
621.00,-4.8175,0.6245,0.0132,-4.8921,1.6744,-1.4719,-5.4390,0.8082,-0.0196
621.50,-4.6875,0.6263,0.0098,-4.8785,1.5397,-1.4732,-5.3079,0.8051,-0.0167
622.00,-4.5575,0.6205,-0.0539,-4.8693,1.4139,-1.5380,-5.1815,0.7999,-0.0829
622.50,-4.4277,0.6140,-0.0325,-4.8656,1.2839,-1.5284,-5.0420,0.7833,-0.0715
623.00,-4.2977,0.6160,0.0103,-4.8564,1.1561,-1.4772,-4.9227,0.7774,-0.0122
623.50,-4.1678,0.6120,-0.0398,-4.8472,1.0263,-1.5288,-4.7862,0.7784,-0.0746
624.00,-4.0379,0.6078,-0.0271,-4.8424,0.8969,-1.5249,-4.6504,0.7679,-0.0671
624.50,-3.9079,0.6124,0.0265,-4.8327,0.7638,-1.4715,-4.5371,0.7615,0.0002
625.00,-3.7779,0.6151,0.0074,-4.8204,0.6400,-1.4870,-4.4062,0.7671,-0.0217
625.50,-3.6479,0.6163,0.0111,-4.8104,0.5106,-1.4900,-4.2711,0.7641,-0.0288
626.00,-3.5179,0.6180,0.0098,-4.7996,0.3811,-1.4904,-4.1394,0.7606,-0.0219
626.50,-3.3880,0.6219,0.0256,-4.7887,0.2538,-1.4773,-4.0199,0.7584,-0.0091
627.00,-3.2580,0.6212,-0.0026,-4.7774,0.1226,-1.5025,-3.8733,0.7565,-0.0340
627.50,-3.1280,0.6210,0.0091,-4.7692,-0.0085,-1.4975,-3.7502,0.7511,-0.0276
628.00,-2.9980,0.6197,-0.0273,-4.7603,-0.1396,-1.5263,-3.6193,0.7469,-0.0531
628.50,-2.8681,0.6133,-0.0366,-4.7573,-0.2756,-1.5487,-3.4891,0.7368,-0.0832
629.00,-2.7381,0.6147,0.0087,-4.7511,-0.4102,-1.5021,-3.3547,0.7321,-0.0226
629.50,-2.6081,0.6145,-0.0296,-4.7423,-0.5490,-1.5350,-3.2254,0.7294,-0.0572
630.00,-2.4783,0.6087,-0.0380,-4.7401,-0.6791,-1.5553,-3.0950,0.7201,-0.0807
630.50,-2.3483,0.6110,0.0238,-4.7343,-0.8177,-1.4958,-2.9596,0.7121,-0.0117
631.00,-2.2183,0.6160,0.0140,-4.7230,-0.9505,-1.4978,-2.8419,0.7212,-0.0142
631.50,-2.0884,0.6144,-0.0070,-4.7164,-1.0798,-1.5292,-2.7045,0.7170,-0.0496
632.00,-1.9584,0.6190,0.0244,-4.7094,-1.2083,-1.4982,-2.5884,0.7091,-0.0082
632.50,-1.8284,0.6237,0.0335,-4.6992,-1.3415,-1.4902,-2.4464,0.7094,-0.0019
633.00,-1.6985,0.6259,0.0191,-4.6889,-1.4732,-1.5026,-2.3182,0.7091,-0.0143
633.50,-1.5685,0.6227,-0.0094,-4.6818,-1.6027,-1.5306,-2.1999,0.7057,-0.0424
634.00,-1.4386,0.6125,-0.0696,-4.6803,-1.7309,-1.5946,-2.0683,0.6924,-0.1104
634.50,-1.3088,0.6054,-0.0114,-4.6823,-1.8617,-1.5495,-1.9253,0.6775,-0.0572
635.00,-1.1789,0.6074,0.0401,-4.6746,-1.9873,-1.4866,-1.8040,0.6753,0.0148
635.50,-1.0489,0.6079,0.0006,-4.6652,-2.1181,-1.5244,-1.6730,0.6717,-0.0304
636.00,-0.9190,0.6072,0.0080,-4.6607,-2.2488,-1.5289,-1.5427,0.6661,-0.0345
636.50,-0.7890,0.6133,0.0334,-4.6529,-2.3831,-1.5020,-1.4012,0.6635,-0.0009
637.00,-0.6591,0.6169,0.0254,-4.6441,-2.5112,-1.5093,-1.2864,0.6664,-0.0105
637.50,-0.5291,0.6193,0.0330,-4.6368,-2.6406,-1.5094,-1.1325,0.6595,-0.0089
638.00,-0.3993,0.6282,0.0597,-4.6259,-2.7782,-1.4793,-1.0098,0.6660,0.0257
638.50,-0.2694,0.6325,0.0116,-4.6158,-2.9085,-1.5268,-0.8984,0.6692,-0.0249
639.00,-0.1394,0.6335,0.0200,-4.6112,-3.0359,-1.5259,-0.7365,0.6595,-0.0217
639.50,-0.0095,0.6391,0.0342,-4.6038,-3.1689,-1.5125,-0.6075,0.6632,-0.0002
640.00,0.1205,0.6398,0.0129,-4.5972,-3.2964,-1.5332,-0.4909,0.6613,-0.0220
640.50,0.2505,0.6377,-0.0047,-4.5937,-3.4219,-1.5543,-0.3393,0.6533,-0.0408
641.00,0.3805,0.6386,-0.0027,-4.5907,-3.5463,-1.5466,-0.2246,0.6487,-0.0319
641.50,0.5104,0.6321,-0.0577,-4.5919,-3.6811,-1.6084,-0.0821,0.6406,-0.1007
642.00,0.6403,0.6286,0.0034,-4.5945,-3.8080,-1.5549,0.0398,0.6293,-0.0402
642.50,0.7703,0.6309,0.0152,-4.5900,-3.9388,-1.5359,0.1757,0.6302,-0.0113
643.00,0.9002,0.6256,-0.0431,-4.5898,-4.0710,-1.6018,0.3105,0.6207,-0.0830
643.50,1.0302,0.6241,-0.0041,-4.5924,-4.2133,-1.5664,0.4111,0.6140,-0.0429
644.00,1.1602,0.6261,0.0028,-4.5901,-4.3463,-1.5554,0.5592,0.6100,-0.0285
644.50,1.2901,0.6192,-0.0393,-4.5906,-4.4781,-1.5992,0.6962,0.6038,-0.0775
645.00,1.4200,0.6156,0.0166,-4.5935,-4.6115,-1.5547,0.8111,0.5947,-0.0330
645.50,1.5500,0.6183,0.0063,-4.5891,-4.7399,-1.5490,0.9486,0.5888,-0.0186
646.00,1.6800,0.6155,-0.0183,-4.5909,-4.8658,-1.5903,1.0643,0.5822,-0.0669
646.50,1.8100,0.6191,0.0251,-4.5901,-4.9941,-1.5447,1.1928,0.5763,-0.0084
647.00,1.9132,0.6205,-0.0198,-4.5882,-5.0977,-1.5889,1.3160,0.5752,-0.0562
647.50,1.9541,0.6151,-0.0704,-4.5898,-5.1397,-1.6422,1.3232,0.5718,-0.1112
648.00,1.9757,0.6050,-0.1806,-4.5929,-5.1661,-1.7433,1.3494,0.5676,-0.2123
648.50,2.0546,0.5844,-0.3902,-4.6158,-5.2428,-1.9586,1.4307,0.5342,-0.4334
649.00,2.1705,0.5367,-0.4609,-4.6715,-5.3608,-2.0430,1.5609,0.4806,-0.5091
649.50,2.2883,0.4828,-0.3816,-4.7306,-5.4818,-1.9778,1.6731,0.4220,-0.4328
650.00,2.4118,0.4378,-0.2639,-4.7765,-5.6143,-1.8495,1.7796,0.3822,-0.2935
650.50,2.5371,0.4015,-0.3052,-4.8143,-5.7452,-1.8794,1.9232,0.3329,-0.3309
651.00,2.6584,0.3574,-0.4174,-4.8625,-5.8686,-2.0009,2.0257,0.2826,-0.4658
651.50,2.7773,0.3063,-0.4027,-4.9171,-5.9866,-1.9908,2.1612,0.2330,-0.4424
652.00,2.8968,0.2555,-0.3887,-4.9698,-6.1038,-1.9856,2.2672,0.1776,-0.4336
652.50,3.0188,0.2120,-0.3312,-5.0177,-6.2251,-1.9207,2.4071,0.1264,-0.3583
653.00,3.1409,0.1662,-0.3621,-5.0667,-6.3521,-1.9571,2.5174,0.0771,-0.4074
653.50,3.2636,0.1251,-0.3146,-5.1126,-6.4729,-1.9075,2.6434,0.0279,-0.3485
654.00,3.3868,0.0827,-0.3267,-5.1572,-6.5957,-1.9271,2.7576,-0.0175,-0.3746
654.50,3.5105,0.0442,-0.3095,-5.2024,-6.7240,-1.9031,2.9131,-0.0656,-0.3407
655.00,3.6329,-0.0013,-0.3762,-5.2494,-6.8454,-1.9769,3.0163,-0.1125,-0.4273
655.50,3.7544,-0.0459,-0.3378,-5.3010,-6.9686,-1.9434,3.1361,-0.1677,-0.3775
656.00,3.8770,-0.0889,-0.3404,-5.3496,-7.0941,-1.9478,3.2414,-0.2068,-0.3819
656.50,4.0003,-0.1288,-0.3188,-5.3967,-7.2197,-1.9200,3.3865,-0.2553,-0.3471
657.00,4.1223,-0.1751,-0.3868,-5.4462,-7.3428,-1.9923,3.4915,-0.3039,-0.4299
657.50,4.2431,-0.2221,-0.3445,-5.5006,-7.4655,-1.9598,3.6116,-0.3603,-0.3869
658.00,4.3662,-0.2628,-0.3194,-5.5488,-7.5902,-1.9333,3.7282,-0.3979,-0.3598
658.50,4.4900,-0.3016,-0.3093,-5.5970,-7.7208,-1.9209,3.8754,-0.4479,-0.3457
659.00,4.6130,-0.3463,-0.3653,-5.6461,-7.8476,-1.9749,3.9925,-0.4946,-0.4020
659.50,4.7340,-0.3939,-0.3525,-5.7002,-7.9699,-1.9770,4.0963,-0.5489,-0.4006
660.00,4.8582,-0.4328,-0.2573,-5.7439,-8.0884,-1.8771,4.2247,-0.5827,-0.2902
660.50,4.9835,-0.4682,-0.3104,-5.7857,-8.2171,-1.9180,4.3642,-0.6318,-0.3381
661.00,5.1042,-0.5120,-0.4371,-5.8415,-8.3435,-2.0521,4.4630,-0.6774,-0.4850
661.50,5.2214,-0.5668,-0.4473,-5.9071,-8.4645,-2.0694,4.5917,-0.7426,-0.4895
662.00,5.3374,-0.6270,-0.5049,-5.9723,-8.5793,-2.1198,4.7072,-0.8047,-0.5387
662.50,5.4472,-0.6961,-0.6375,-6.0492,-8.6902,-2.2479,4.8191,-0.8817,-0.6716
663.00,5.5464,-0.7791,-0.7647,-6.1417,-8.7897,-2.3830,4.9073,-0.9638,-0.8072
663.50,5.6358,-0.8740,-0.8735,-6.2461,-8.8796,-2.4888,4.9890,-1.0682,-0.9054
664.00,5.7155,-0.9773,-0.9485,-6.3595,-8.9570,-2.5770,5.0682,-1.1802,-1.0007
664.50,5.7881,-1.0847,-1.0225,-6.4704,-9.0239,-2.6435,5.1355,-1.2810,-1.0532
665.00,5.8520,-1.1998,-1.1389,-6.5929,-9.0799,-2.7721,5.1889,-1.4073,-1.1858
665.50,5.9078,-1.3179,-1.1146,-6.7138,-9.1259,-2.7619,5.2459,-1.5178,-1.1646
666.00,5.9709,-1.4304,-0.9597,-6.8438,-9.1873,-2.6126,5.3112,-1.6383,-0.9990
666.50,6.0397,-1.5196,-0.8662,-6.9401,-9.2511,-2.5105,5.3675,-1.7199,-0.8957
667.00,6.0746,-1.5596,-0.8337,-6.9819,-9.2825,-2.4808,5.4015,-1.7696,-0.8730
667.50,6.0772,-1.5622,-0.8002,-6.9859,-9.2855,-2.4490,5.4047,-1.7734,-0.8412
668.00,6.0770,-1.5622,-0.7660,-6.9858,-9.2854,-2.4162,5.4046,-1.7733,-0.8084
668.50,6.0766,-1.5623,-0.7328,-6.9851,-9.2847,-2.3847,5.4039,-1.7727,-0.7769
669.00,6.0765,-1.5623,-0.7003,-6.9850,-9.2846,-2.3541,5.4038,-1.7726,-0.7463
669.50,6.0765,-1.5618,-0.6671,-6.9847,-9.2843,-2.3225,5.4035,-1.7723,-0.7147
670.00,6.0764,-1.5610,-0.6330,-6.9842,-9.2837,-2.2903,5.4029,-1.7718,-0.6825
670.50,6.0764,-1.5597,-0.5980,-6.9837,-9.2831,-2.2572,5.4022,-1.7713,-0.6494
671.00,6.0763,-1.5579,-0.5620,-6.9826,-9.2818,-2.2230,5.4009,-1.7703,-0.6153
671.50,6.0763,-1.5564,-0.5359,-6.9815,-9.2803,-2.1951,5.3993,-1.7693,-0.5873
672.00,6.0763,-1.5564,-0.5359,-6.9815,-9.2803,-2.1969,5.3993,-1.7693,-0.5891
672.50,6.0698,-1.5526,-0.5359,-6.9775,-9.2747,-2.1992,5.3936,-1.7654,-0.5914
673.00,6.0527,-1.5424,-0.5359,-6.9661,-9.2590,-2.2010,5.3775,-1.7546,-0.5932
673.50,6.0355,-1.5322,-0.5359,-6.9548,-9.2436,-2.2032,5.3617,-1.7439,-0.5954
674.00,6.0183,-1.5220,-0.5359,-6.9433,-9.2280,-2.2055,5.3457,-1.7330,-0.5978
674.50,6.0011,-1.5118,-0.5359,-6.9310,-9.2113,-2.2075,5.3266,-1.7169,-0.5794
675.00,5.9839,-1.5015,-0.5359,-6.9191,-9.1952,-2.2088,5.3089,-1.7047,-0.5766
675.50,5.9667,-1.4913,-0.5359,-6.9063,-9.1780,-2.2101,5.2909,-1.6930,-0.5779
676.00,5.9495,-1.4811,-0.5359,-6.8945,-9.1622,-2.2118,5.2744,-1.6822,-0.5796
676.50,5.9323,-1.4709,-0.5359,-6.8816,-9.1448,-2.2134,5.2563,-1.6704,-0.5812
677.00,5.9151,-1.4607,-0.5359,-6.8700,-9.1294,-2.2150,5.2493,-1.6610,-0.5758
677.50,5.8979,-1.4505,-0.5359,-6.8595,-9.1154,-2.2160,5.2347,-1.6515,-0.5768
678.00,5.8807,-1.4403,-0.5359,-6.8471,-9.0990,-2.2180,5.2175,-1.6403,-0.5788
678.50,5.8635,-1.4301,-0.5359,-6.8346,-9.0825,-2.2199,5.2002,-1.6290,-0.5807
679.00,5.8527,-1.4234,-0.5286,-6.8263,-9.0716,-2.2182,5.1887,-1.6214,-0.5790
679.50,5.8526,-1.4208,-0.4908,-6.8243,-9.0688,-2.1815,5.1846,-1.6214,-0.5319
680.00,5.8526,-1.4176,-0.4520,-6.8231,-9.0670,-2.1445,5.1827,-1.6203,-0.4948
680.50,5.8526,-1.4141,-0.4121,-6.8216,-9.0647,-2.1068,5.1803,-1.6191,-0.4571
681.00,5.8525,-1.4100,-0.3711,-6.8198,-9.0614,-2.0674,5.1769,-1.6175,-0.4177
681.50,5.8525,-1.4054,-0.3290,-6.8178,-9.0576,-2.0268,5.1730,-1.6158,-0.3771
682.00,5.8524,-1.4004,-0.2855,-6.8155,-9.0527,-1.9851,5.1679,-1.6139,-0.3355
682.50,5.8524,-1.3949,-0.2408,-6.8134,-9.0475,-1.9424,5.1625,-1.6122,-0.2927
683.00,5.8524,-1.3889,-0.1947,-6.8113,-9.0418,-1.8979,5.1566,-1.6105,-0.2482
683.50,5.8524,-1.3823,-0.1470,-6.8093,-9.0355,-1.8516,5.1502,-1.6091,-0.2019
684.00,5.8523,-1.3754,-0.0977,-6.8074,-9.0284,-1.8042,5.1430,-1.6078,-0.1546
684.50,5.8523,-1.3679,-0.0465,-6.8061,-9.0221,-1.7544,5.1559,-1.5712,-0.0838
685.00,5.8523,-1.3600,0.0066,-6.8049,-9.0146,-1.7032,5.1484,-1.5708,-0.0326
685.50,5.8523,-1.3522,0.0593,-6.8058,-9.0229,-1.6522,5.1567,-1.5709,0.0184
686.00,5.8523,-1.3448,0.1100,-6.8062,-9.0298,-1.6033,5.1636,-1.5706,0.0673
686.50,5.8524,-1.3380,0.1589,-6.8063,-9.0366,-1.5564,5.1704,-1.5700,0.1142
687.00,5.8524,-1.3316,0.2062,-6.8060,-9.0431,-1.5111,5.1768,-1.5691,0.1595
687.50,5.8524,-1.3257,0.2519,-6.8056,-9.0481,-1.4670,5.1817,-1.5682,0.2036
688.00,5.8524,-1.3203,0.2963,-6.8051,-9.0524,-1.4242,5.1860,-1.5672,0.2464
688.50,5.8525,-1.3154,0.3395,-6.8044,-9.0564,-1.3830,5.1899,-1.5661,0.2876
689.00,5.8525,-1.3109,0.3813,-6.8035,-9.0607,-1.3426,5.1941,-1.5648,0.3280
689.50,5.8526,-1.3070,0.4220,-6.8026,-9.0643,-1.3041,5.1976,-1.5636,0.3665
690.00,5.8526,-1.3035,0.4617,-6.8014,-9.0683,-1.2662,5.2014,-1.5620,0.4044
690.50,5.8527,-1.3005,0.5002,-6.8003,-9.0717,-1.2299,5.2047,-1.5605,0.4407
691.00,5.8527,-1.2980,0.5378,-6.7997,-9.0732,-1.1945,5.2061,-1.5598,0.4761
691.50,5.8528,-1.2959,0.5743,-6.7989,-9.0751,-1.1598,5.2080,-1.5588,0.5108
692.00,5.8528,-1.2943,0.6099,-6.7983,-9.0765,-1.1267,5.1721,-1.4929,0.5718
692.50,5.8842,-1.2714,0.6341,-6.7816,-9.1106,-1.1036,5.2038,-1.4719,0.5949
693.00,5.9627,-1.2098,0.7095,-6.7340,-9.1989,-1.0380,5.2955,-1.4139,0.6640
693.50,6.0468,-1.1245,0.8827,-6.6655,-9.2960,-0.8670,5.3730,-1.3337,0.8420
694.00,6.1261,-1.0192,0.9935,-6.5667,-9.3985,-0.7500,5.4706,-1.2216,0.9625
694.50,6.1969,-0.9098,0.9979,-6.4661,-9.4903,-0.7433,5.5486,-1.1188,0.9622
695.00,6.2704,-0.8019,0.9392,-6.3671,-9.5841,-0.7935,5.6165,-1.0180,0.9085
695.50,6.3523,-0.7007,0.8604,-6.2785,-9.6839,-0.8836,5.7136,-0.9170,0.8115
696.00,6.4376,-0.6026,0.8549,-6.1948,-9.7874,-0.8927,5.7945,-0.8224,0.8128
696.50,6.5232,-0.5047,0.8461,-6.1150,-9.8869,-0.9031,5.8868,-0.7301,0.8059
697.00,6.6091,-0.4072,0.8480,-6.0315,-9.9923,-0.9017,5.9855,-0.6332,0.8108
697.50,6.6949,-0.3095,0.8557,-5.9452,-10.1015,-0.8969,6.0773,-0.5323,0.8138
698.00,6.7797,-0.2110,0.8598,-5.8611,-10.2061,-0.8914,6.1523,-0.4400,0.8246
698.50,6.8661,-0.1137,0.8338,-5.7799,-10.3100,-0.9229,6.2581,-0.3501,0.7881
699.00,6.9516,-0.0160,0.8843,-5.6982,-10.4146,-0.8789,6.3459,-0.2507,0.8388
699.50,7.0301,0.0869,0.9342,-5.6096,-10.5151,-0.8253,6.4292,-0.1545,0.8994
700.00,7.1074,0.1915,0.9267,-5.5231,-10.6083,-0.8327,6.5013,-0.0548,0.8885
700.50,7.1856,0.2955,0.9244,-5.4361,-10.7041,-0.8368,6.6029,0.0456,0.8844
701.00,7.2622,0.3984,0.9254,-5.3497,-10.7990,-0.8333,6.6641,0.1451,0.8914
701.50,7.3146,0.4650,0.8916,-5.2940,-10.8624,-0.8703,6.7279,0.2101,0.8509
702.00,7.3292,0.4826,0.8586,-5.2782,-10.8816,-0.9051,6.7448,0.2282,0.8196
702.50,7.3292,0.4828,0.8260,-5.2781,-10.8817,-0.9400,6.7449,0.2284,0.7847
703.00,7.3291,0.4832,0.7924,-5.2780,-10.8818,-0.9753,6.7450,0.2285,0.7494
703.50,7.3292,0.4833,0.7583,-5.2780,-10.8818,-1.0116,6.7450,0.2285,0.7131
704.00,7.3295,0.4833,0.7253,-5.2778,-10.8820,-1.0469,6.7452,0.2287,0.6778
704.50,7.3294,0.4832,0.6927,-5.2778,-10.8820,-1.0808,6.7452,0.2287,0.6439
705.00,7.3294,0.4827,0.6593,-5.2782,-10.8812,-1.1158,6.7445,0.2282,0.6089
705.50,7.3293,0.4818,0.6250,-5.2788,-10.8799,-1.1522,6.7432,0.2273,0.5725
706.00,7.3293,0.4804,0.5898,-5.2794,-10.8785,-1.1897,6.7420,0.2265,0.5350
706.50,7.3293,0.4810,0.6081,-5.2794,-10.8785,-1.1794,6.7419,0.2265,0.5453
707.00,7.3293,0.4822,0.6429,-5.2791,-10.8793,-1.1458,6.7427,0.2270,0.5789
707.50,7.3294,0.4829,0.6767,-5.2787,-10.8801,-1.1137,6.7434,0.2275,0.6110
708.00,7.3294,0.4832,0.7097,-5.2786,-10.8802,-1.0825,6.7436,0.2276,0.6422
708.50,7.3294,0.4831,0.7422,-5.2787,-10.8802,-1.0515,6.7435,0.2276,0.6732
709.00,7.3482,0.5019,0.8306,-5.2648,-10.9023,-0.9746,6.7632,0.2447,0.7501
709.50,7.3988,0.5728,1.0002,-5.2117,-10.9670,-0.8038,6.8190,0.3071,0.9209
710.00,7.4592,0.6846,1.0707,-5.1156,-11.0572,-0.7224,6.8912,0.4250,1.0413
710.50,7.5250,0.7973,1.0024,-5.0185,-11.1459,-0.7811,6.9508,0.5375,0.9750
711.00,7.5997,0.9029,0.9051,-4.9272,-11.2474,-0.8873,7.0337,0.6375,0.8612
711.50,7.6744,0.9977,0.9236,-4.8484,-11.3454,-0.8808,7.1066,0.7403,0.8753
712.00,7.7142,1.0508,1.0047,-4.8022,-11.3972,-0.7955,7.1495,0.7949,0.9675
712.50,7.7193,1.0585,1.0414,-4.7945,-11.4049,-0.7617,7.1561,0.7935,1.0049
713.00,7.7167,1.0585,1.0791,-4.7958,-11.4038,-0.7259,7.1552,0.7921,1.0407
713.50,7.7136,1.0584,1.1179,-4.7988,-11.4013,-0.6890,7.1533,0.7887,1.0776
714.00,7.7100,1.0584,1.1578,-4.8017,-11.3990,-0.6509,7.1516,0.7853,1.1156
714.50,7.7060,1.0584,1.1987,-4.8051,-11.3965,-0.6120,7.1499,0.7815,1.1546
715.00,7.7014,1.0583,1.2409,-4.8094,-11.3936,-0.5714,7.1479,0.7767,1.1952
715.50,7.6964,1.0583,1.2843,-4.8134,-11.3911,-0.5298,7.1462,0.7723,1.2368
716.00,7.6909,1.0582,1.3290,-4.8188,-11.3881,-0.4869,7.1443,0.7664,1.2796
716.50,7.6831,1.0900,1.4672,-4.7892,-11.4014,-0.3630,7.1516,0.7980,1.4036
717.00,7.6649,1.1849,1.7062,-4.6918,-11.4236,-0.1152,7.1177,0.9274,1.6793
717.50,7.6393,1.3071,1.7653,-4.5703,-11.4318,-0.0438,7.0876,1.0376,1.7367
718.00,7.6181,1.4204,1.7727,-4.4502,-11.4385,-0.0495,7.0687,1.1564,1.7241
718.50,7.5880,1.5202,1.9283,-4.3434,-11.4377,0.1012,7.0474,1.2609,1.8853
719.00,7.5648,1.5577,2.0149,-4.2994,-11.4310,0.1951,7.0220,1.2927,1.9826
719.50,7.5613,1.5584,2.0539,-4.2961,-11.4304,0.2328,7.0207,1.2958,2.0203
720.00,7.5586,1.5585,2.0918,-4.2939,-11.4298,0.2690,7.0191,1.2976,2.0531
720.50,7.5563,1.5585,2.1288,-4.2917,-11.4292,0.3043,7.0180,1.2996,2.0883
721.00,7.5545,1.5586,2.1649,-4.2904,-11.4288,0.3385,7.0174,1.3007,2.1225
721.50,7.5532,1.5586,2.2000,-4.2887,-11.4282,0.3716,7.0164,1.3023,2.1557
722.00,7.5523,1.5587,2.2342,-4.2880,-11.4279,0.4041,7.0159,1.3029,2.1882
722.50,7.5518,1.5587,2.2675,-4.2873,-11.4276,0.4356,7.0155,1.3035,2.2196
723.00,7.5517,1.5588,2.3000,-4.2873,-11.4276,0.4659,7.0155,1.3035,2.2499
723.50,7.5518,1.5585,2.3331,-4.2876,-11.4278,0.4978,7.0157,1.3033,2.2818
724.00,7.5519,1.5584,2.3673,-4.2877,-11.4278,0.5305,7.0158,1.3032,2.3145
724.50,7.5523,1.5585,2.4008,-4.2885,-11.4283,0.5626,7.0164,1.3026,2.3466
725.00,7.5525,1.5585,2.4334,-4.2885,-11.4283,0.5937,7.0165,1.3025,2.3777
725.50,7.5525,1.5582,2.4664,-4.2888,-11.4285,0.6246,7.0167,1.3023,2.4086
726.00,7.5526,1.5575,2.5003,-4.2892,-11.4288,0.6568,7.0171,1.3019,2.4408
726.50,7.5526,1.5563,2.5351,-4.2904,-11.4297,0.6904,7.0182,1.3010,2.4744
727.00,7.5527,1.5546,2.5708,-4.2923,-11.4314,0.7247,7.0203,1.2994,2.5087
727.50,7.5527,1.5525,2.6074,-4.2939,-11.4329,0.7600,7.0221,1.2982,2.5441
728.00,7.5528,1.5500,2.6450,-4.2963,-11.4352,0.7966,7.0248,1.2964,2.5806
728.50,7.5528,1.5469,2.6837,-4.2988,-11.4379,0.8332,7.0280,1.2945,2.6172
729.00,7.5529,1.5441,2.7163,-4.3011,-11.4404,0.8650,7.0310,1.2928,2.6490
729.50,7.5529,1.5412,2.7467,-4.3026,-11.4423,0.8939,7.0331,1.2917,2.6780
730.00,7.5529,1.5380,2.7777,-4.3047,-11.4449,0.9233,7.0361,1.2902,2.7073
730.50,7.5530,1.5346,2.8094,-4.3067,-11.4477,0.9535,7.0392,1.2888,2.7375
731.00,7.5530,1.5309,2.8418,-4.3087,-11.4506,0.9842,7.0424,1.2875,2.7683
731.50,7.5530,1.5269,2.8748,-4.3108,-11.4538,1.0158,7.0461,1.2861,2.7998
732.00,7.5530,1.5227,2.9087,-4.3131,-11.4577,1.0479,7.0504,1.2847,2.8320
732.50,7.5531,1.5181,2.9434,-4.3154,-11.4619,1.0810,7.0549,1.2833,2.8650
733.00,7.5531,1.5151,2.9659,-4.3171,-11.4651,1.1064,7.0585,1.2824,2.8904
733.50,7.5531,1.5151,2.9659,-4.3171,-11.4651,1.1041,7.0585,1.2824,2.8881
734.00,7.5531,1.5151,2.9659,-4.3171,-11.4651,1.1023,7.0585,1.2824,2.8863
734.50,7.5531,1.5151,2.9659,-4.3171,-11.4651,1.1012,7.0585,1.2824,2.8852
735.00,7.5531,1.5151,2.9659,-4.3171,-11.4651,1.0995,7.0585,1.2824,2.8835
735.50,7.5531,1.5151,2.9659,-4.3171,-11.4651,1.0978,7.0585,1.2824,2.8818
736.00,7.5531,1.5151,2.9659,-4.3171,-11.4651,1.0962,7.0585,1.2824,2.8803
736.50,7.5531,1.5151,2.9659,-4.3171,-11.4651,1.0946,7.0585,1.2824,2.8786
737.00,7.5531,1.5151,2.9659,-4.3171,-11.4651,1.0927,7.0585,1.2824,2.8767
737.50,7.5531,1.5151,2.9659,-4.3171,-11.4651,1.0907,7.0585,1.2824,2.8748
738.00,7.5531,1.5151,2.9659,-4.3171,-11.4651,1.0891,7.0585,1.2824,2.8731
738.50,7.5531,1.5151,2.9659,-4.3171,-11.4651,1.0868,7.0585,1.2824,2.8708
739.00,7.5531,1.5151,2.9659,-4.3171,-11.4651,1.0850,7.0585,1.2824,2.8690
739.50,7.5531,1.5151,2.9659,-4.3171,-11.4651,1.0830,7.0585,1.2824,2.8670
740.00,7.5531,1.5151,2.9659,-4.3171,-11.4651,1.0814,7.0585,1.2824,2.8654
740.50,7.5531,1.5151,2.9659,-4.3171,-11.4651,1.0800,7.0585,1.2824,2.8640
741.00,7.5531,1.5151,2.9659,-4.3171,-11.4651,1.0786,7.0585,1.2824,2.8626
741.50,7.5531,1.5151,2.9659,-4.3171,-11.4651,1.0772,7.0585,1.2824,2.8612
742.00,7.5531,1.5151,2.9659,-4.3171,-11.4651,1.0758,7.0585,1.2824,2.8599
742.50,7.5531,1.5151,2.9659,-4.3171,-11.4651,1.0739,7.0585,1.2824,2.8579
743.00,7.5531,1.5151,2.9659,-4.3171,-11.4651,1.0727,7.0585,1.2824,2.8567
743.50,7.5531,1.5151,2.9659,-4.3171,-11.4651,1.0709,7.0585,1.2824,2.8549
744.00,7.5531,1.5151,2.9659,-4.3171,-11.4651,1.0691,7.0585,1.2824,2.8531
744.50,7.5531,1.5151,2.9659,-4.3171,-11.4651,1.0676,7.0585,1.2824,2.8516
745.00,7.5531,1.5151,2.9659,-4.3171,-11.4651,1.0655,7.0585,1.2824,2.8496
745.50,7.5531,1.5151,2.9659,-4.3171,-11.4651,1.0640,7.0585,1.2824,2.8480
746.00,7.5531,1.5151,2.9659,-4.3171,-11.4651,1.0622,7.0585,1.2824,2.8462
746.50,7.5531,1.5151,2.9659,-4.3171,-11.4651,1.0607,7.0585,1.2824,2.8447
747.00,7.5531,1.5151,2.9659,-4.3171,-11.4651,1.0582,7.0585,1.2824,2.8422
747.50,7.5531,1.5151,2.9659,-4.3171,-11.4651,1.0559,7.0585,1.2824,2.8399
748.00,7.5531,1.5151,2.9659,-4.3171,-11.4651,1.0544,7.0585,1.2824,2.8384
748.50,7.5531,1.5151,2.9659,-4.3171,-11.4651,1.0522,7.0585,1.2824,2.8363
749.00,7.5531,1.5151,2.9659,-4.3171,-11.4651,1.0511,7.0585,1.2824,2.8352
749.50,7.5531,1.5151,2.9659,-4.3171,-11.4651,1.0495,7.0585,1.2824,2.8335
750.00,7.5531,1.5151,2.9659,-4.3171,-11.4651,1.0482,7.0585,1.2824,2.8322
750.50,7.5531,1.5151,2.9659,-4.3171,-11.4651,1.0467,7.0585,1.2824,2.8307
751.00,7.5531,1.5151,2.9659,-4.3171,-11.4651,1.0448,7.0585,1.2824,2.8288
751.50,7.5531,1.5151,2.9659,-4.3171,-11.4651,1.0429,7.0585,1.2824,2.8270
752.00,7.5531,1.5151,2.9659,-4.3171,-11.4651,1.0412,7.0585,1.2824,2.8253
752.50,7.5531,1.5151,2.9659,-4.3171,-11.4651,1.0397,7.0585,1.2824,2.8237
753.00,7.5531,1.5151,2.9659,-4.3171,-11.4651,1.0383,7.0585,1.2824,2.8223
753.50,7.5531,1.5151,2.9659,-4.3171,-11.4651,1.0364,7.0585,1.2824,2.8205
754.00,7.5531,1.5151,2.9659,-4.3171,-11.4651,1.0347,7.0585,1.2824,2.8187
754.50,7.5531,1.5151,2.9659,-4.3171,-11.4651,1.0331,7.0585,1.2824,2.8171
755.00,7.5531,1.5151,2.9659,-4.3171,-11.4651,1.0316,7.0585,1.2824,2.8156
755.50,7.5531,1.5151,2.9659,-4.3171,-11.4651,1.0299,7.0585,1.2824,2.8139
756.00,7.5531,1.5151,2.9659,-4.3171,-11.4651,1.0283,7.0585,1.2824,2.8123
756.50,7.5531,1.5151,2.9659,-4.3171,-11.4651,1.0260,7.0585,1.2824,2.8100
757.00,7.5531,1.5151,2.9659,-4.3171,-11.4651,1.0240,7.0585,1.2824,2.8080
757.50,7.5531,1.5151,2.9659,-4.3171,-11.4651,1.0225,7.0585,1.2824,2.8066
758.00,7.5531,1.5151,2.9659,-4.3171,-11.4651,1.0213,7.0585,1.2824,2.8053
758.50,7.5531,1.5151,2.9659,-4.3171,-11.4651,1.0192,7.0585,1.2824,2.8032
759.00,7.5531,1.5151,2.9659,-4.3171,-11.4651,1.0177,7.0585,1.2824,2.8017
759.50,7.5531,1.5151,2.9659,-4.3171,-11.4651,1.0156,7.0585,1.2824,2.7997
760.00,7.5531,1.5151,2.9659,-4.3171,-11.4651,1.0137,7.0585,1.2824,2.7977
760.50,7.5531,1.5151,2.9659,-4.3171,-11.4651,1.0121,7.0585,1.2824,2.7962
761.00,7.5531,1.5151,2.9659,-4.3171,-11.4651,1.0101,7.0585,1.2824,2.7941
761.50,7.5531,1.5151,2.9659,-4.3171,-11.4651,1.0090,7.0585,1.2824,2.7931
762.00,7.5531,1.5151,2.9659,-4.3171,-11.4651,1.0071,7.0585,1.2824,2.7911
762.50,7.5531,1.5151,2.9659,-4.3171,-11.4651,1.0047,7.0585,1.2824,2.7887
763.00,7.5531,1.5151,2.9659,-4.3171,-11.4651,1.0036,7.0585,1.2824,2.7876
763.50,7.5531,1.5151,2.9659,-4.3171,-11.4651,1.0016,7.0585,1.2824,2.7856
764.00,7.5531,1.5151,2.9659,-4.3171,-11.4651,0.9998,7.0585,1.2824,2.7838
764.50,7.5531,1.5151,2.9659,-4.3171,-11.4651,0.9979,7.0585,1.2824,2.7819
765.00,7.5531,1.5151,2.9659,-4.3171,-11.4651,0.9959,7.0585,1.2824,2.7800
765.50,7.5531,1.5151,2.9659,-4.3171,-11.4651,0.9943,7.0585,1.2824,2.7784
766.00,7.5531,1.5151,2.9659,-4.3171,-11.4651,0.9920,7.0585,1.2824,2.7760
766.50,7.5531,1.5151,2.9659,-4.3171,-11.4651,0.9902,7.0585,1.2824,2.7742
767.00,7.5531,1.5151,2.9659,-4.3171,-11.4651,0.9885,7.0585,1.2824,2.7725
767.50,7.5531,1.5151,2.9659,-4.3171,-11.4651,0.9866,7.0585,1.2824,2.7707
768.00,7.5531,1.5151,2.9659,-4.3171,-11.4651,0.9849,7.0585,1.2824,2.7689
768.50,7.5531,1.5151,2.9659,-4.3171,-11.4651,0.9831,7.0585,1.2824,2.7672
769.00,7.5531,1.5151,2.9659,-4.3171,-11.4651,0.9813,7.0585,1.2824,2.7653
769.50,7.5531,1.5151,2.9659,-4.3171,-11.4651,0.9794,7.0585,1.2824,2.7634
770.00,7.5531,1.5151,2.9659,-4.3171,-11.4651,0.9779,7.0585,1.2824,2.7619
770.50,7.5531,1.5151,2.9659,-4.3171,-11.4651,0.9760,7.0585,1.2824,2.7600
771.00,7.5531,1.5151,2.9659,-4.3171,-11.4651,0.9738,7.0585,1.2824,2.7578
771.50,7.5531,1.5151,2.9659,-4.3171,-11.4651,0.9720,7.0585,1.2824,2.7561
772.00,7.5531,1.5151,2.9659,-4.3171,-11.4651,0.9703,7.0585,1.2824,2.7544
772.50,7.5531,1.5151,2.9659,-4.3171,-11.4651,0.9685,7.0585,1.2824,2.7525
773.00,7.5531,1.5151,2.9659,-4.3171,-11.4651,0.9668,7.0585,1.2824,2.7508
773.50,7.5531,1.5151,2.9659,-4.3171,-11.4651,0.9654,7.0585,1.2824,2.7494
774.00,7.5531,1.5151,2.9659,-4.3171,-11.4651,0.9637,7.0585,1.2824,2.7477
774.50,7.5531,1.5151,2.9659,-4.3171,-11.4651,0.9612,7.0585,1.2824,2.7452
775.00,7.5531,1.5151,2.9659,-4.3171,-11.4651,0.9597,7.0585,1.2824,2.7437
775.50,7.5531,1.5151,2.9659,-4.3171,-11.4651,0.9580,7.0585,1.2824,2.7420
776.00,7.5531,1.5151,2.9659,-4.3171,-11.4651,0.9562,7.0585,1.2824,2.7402
776.50,7.5531,1.5151,2.9659,-4.3171,-11.4651,0.9546,7.0585,1.2824,2.7386
777.00,7.5531,1.5151,2.9659,-4.3171,-11.4651,0.9529,7.0585,1.2824,2.7369
777.50,7.5531,1.5151,2.9659,-4.3171,-11.4651,0.9506,7.0585,1.2824,2.7346
778.00,7.5531,1.5151,2.9659,-4.3171,-11.4651,0.9492,7.0585,1.2824,2.7333
778.50,7.5531,1.5151,2.9659,-4.3171,-11.4651,0.9475,7.0585,1.2824,2.7315
779.00,7.5531,1.5151,2.9659,-4.3171,-11.4651,0.9459,7.0585,1.2824,2.7299
779.50,7.5531,1.5151,2.9659,-4.3171,-11.4651,0.9445,7.0585,1.2824,2.7285
780.00,7.5531,1.5151,2.9659,-4.3171,-11.4651,0.9426,7.0585,1.2824,2.7266
780.50,7.5531,1.5151,2.9659,-4.3171,-11.4651,0.9410,7.0585,1.2824,2.7250
781.00,7.5531,1.5151,2.9659,-4.3171,-11.4651,0.9396,7.0585,1.2824,2.7237
781.50,7.5531,1.5151,2.9659,-4.3171,-11.4651,0.9376,7.0585,1.2824,2.7217
782.00,7.5531,1.5151,2.9659,-4.3171,-11.4651,0.9356,7.0585,1.2824,2.7196
782.50,7.5531,1.5151,2.9659,-4.3171,-11.4651,0.9342,7.0585,1.2824,2.7182
783.00,7.5531,1.5151,2.9659,-4.3171,-11.4651,0.9321,7.0585,1.2824,2.7162
783.50,7.5531,1.5151,2.9659,-4.3171,-11.4651,0.9305,7.0585,1.2824,2.7145
784.00,7.5531,1.5151,2.9659,-4.3171,-11.4651,0.9286,7.0585,1.2824,2.7127
784.50,7.5531,1.5151,2.9659,-4.3171,-11.4651,0.9264,7.0585,1.2824,2.7105
785.00,7.5531,1.5151,2.9659,-4.3171,-11.4651,0.9239,7.0585,1.2824,2.7079
785.50,7.5531,1.5151,2.9659,-4.3171,-11.4651,0.9221,7.0585,1.2824,2.7061
786.00,7.5531,1.5151,2.9659,-4.3171,-11.4651,0.9202,7.0585,1.2824,2.7042
786.50,7.5531,1.5151,2.9659,-4.3171,-11.4651,0.9188,7.0585,1.2824,2.7029
787.00,7.5531,1.5151,2.9659,-4.3171,-11.4651,0.9174,7.0585,1.2824,2.7015
787.50,7.5531,1.5151,2.9659,-4.3171,-11.4651,0.9157,7.0585,1.2824,2.6997
788.00,7.5531,1.5151,2.9659,-4.3171,-11.4651,0.9138,7.0585,1.2824,2.6979
788.50,7.5531,1.5151,2.9659,-4.3171,-11.4651,0.9120,7.0585,1.2824,2.6960
789.00,7.5531,1.5151,2.9659,-4.3171,-11.4651,0.9105,7.0585,1.2824,2.6946
789.50,7.5531,1.5151,2.9659,-4.3171,-11.4651,0.9088,7.0585,1.2824,2.6928
790.00,7.5531,1.5151,2.9659,-4.3171,-11.4651,0.9070,7.0585,1.2824,2.6910
790.50,7.5531,1.5151,2.9659,-4.3171,-11.4651,0.9052,7.0585,1.2824,2.6892
791.00,7.5531,1.5151,2.9659,-4.3171,-11.4651,0.9037,7.0585,1.2824,2.6878
791.50,7.5531,1.5151,2.9659,-4.3171,-11.4651,0.9023,7.0585,1.2824,2.6863
792.00,7.5531,1.5151,2.9659,-4.3171,-11.4651,0.9006,7.0585,1.2824,2.6846
792.50,7.5531,1.5151,2.9659,-4.3171,-11.4651,0.8993,7.0585,1.2824,2.6833
793.00,7.5531,1.5151,2.9659,-4.3171,-11.4651,0.8978,7.0585,1.2824,2.6818
793.50,7.5531,1.5151,2.9659,-4.3171,-11.4651,0.8960,7.0585,1.2824,2.6800
794.00,7.5531,1.5151,2.9659,-4.3171,-11.4651,0.8939,7.0585,1.2824,2.6779
794.50,7.5531,1.5151,2.9659,-4.3171,-11.4651,0.8920,7.0585,1.2824,2.6760
795.00,7.5531,1.5151,2.9659,-4.3171,-11.4651,0.8897,7.0585,1.2824,2.6737
795.50,7.5531,1.5151,2.9659,-4.3171,-11.4651,0.8882,7.0585,1.2824,2.6723
796.00,7.5531,1.5151,2.9659,-4.3171,-11.4651,0.8866,7.0585,1.2824,2.6706
796.50,7.5531,1.5151,2.9659,-4.3171,-11.4651,0.8851,7.0585,1.2824,2.6691
797.00,7.5531,1.5151,2.9659,-4.3171,-11.4651,0.8837,7.0585,1.2824,2.6677
797.50,7.5531,1.5151,2.9659,-4.3171,-11.4651,0.8822,7.0585,1.2824,2.6663
798.00,7.5531,1.5151,2.9659,-4.3171,-11.4651,0.8812,7.0585,1.2824,2.6653
798.50,7.5531,1.5151,2.9659,-4.3171,-11.4651,0.8797,7.0585,1.2824,2.6637
799.00,7.5531,1.5151,2.9659,-4.3171,-11.4651,0.8778,7.0585,1.2824,2.6618
799.50,7.5531,1.5151,2.9659,-4.3171,-11.4651,0.8763,7.0585,1.2824,2.6603
800.00,7.5531,1.5151,2.9659,-4.3171,-11.4651,0.8747,7.0585,1.2824,2.6587
800.50,7.5531,1.5151,2.9659,-4.3171,-11.4651,0.8725,7.0585,1.2824,2.6566
801.00,7.5531,1.5151,2.9659,-4.3171,-11.4651,0.8710,7.0585,1.2824,2.6551
801.50,7.5531,1.5151,2.9659,-4.3171,-11.4651,0.8693,7.0585,1.2824,2.6533
802.00,7.5531,1.5151,2.9659,-4.3171,-11.4651,0.8674,7.0585,1.2824,2.6514
802.50,7.5531,1.5151,2.9659,-4.3171,-11.4651,0.8655,7.0585,1.2824,2.6496
803.00,7.5531,1.5151,2.9659,-4.3171,-11.4651,0.8640,7.0585,1.2824,2.6480
803.50,7.5531,1.5151,2.9659,-4.3171,-11.4651,0.8613,7.0585,1.2824,2.6453
804.00,7.5531,1.5151,2.9659,-4.3171,-11.4651,0.8594,7.0585,1.2824,2.6434
804.50,7.5531,1.5151,2.9659,-4.3171,-11.4651,0.8580,7.0585,1.2824,2.6420
805.00,7.5531,1.5151,2.9659,-4.3171,-11.4651,0.8559,7.0585,1.2824,2.6399
805.50,7.5531,1.5151,2.9659,-4.3171,-11.4651,0.8539,7.0585,1.2824,2.6380
806.00,7.5531,1.5151,2.9659,-4.3171,-11.4651,0.8520,7.0585,1.2824,2.6361
806.50,7.5531,1.5151,2.9659,-4.3171,-11.4651,0.8505,7.0585,1.2824,2.6345
807.00,7.5531,1.5151,2.9659,-4.3171,-11.4651,0.8489,7.0585,1.2824,2.6329
807.50,7.5531,1.5151,2.9659,-4.3171,-11.4651,0.8471,7.0585,1.2824,2.6311
808.00,7.5531,1.5151,2.9659,-4.3171,-11.4651,0.8449,7.0585,1.2824,2.6290
808.50,7.5531,1.5151,2.9659,-4.3171,-11.4651,0.8433,7.0585,1.2824,2.6274
809.00,7.5531,1.5151,2.9659,-4.3171,-11.4651,0.8419,7.0585,1.2824,2.6260
809.50,7.5531,1.5151,2.9659,-4.3171,-11.4651,0.8402,7.0585,1.2824,2.6243
810.00,7.5531,1.5151,2.9659,-4.3171,-11.4651,0.8392,7.0585,1.2824,2.6232
810.50,7.5531,1.5151,2.9659,-4.3171,-11.4651,0.8376,7.0585,1.2824,2.6216
811.00,7.5531,1.5151,2.9659,-4.3171,-11.4651,0.8358,7.0585,1.2824,2.6198
811.50,7.5531,1.5151,2.9659,-4.3171,-11.4651,0.8338,7.0585,1.2824,2.6179
812.00,7.5531,1.5151,2.9659,-4.3171,-11.4651,0.8319,7.0585,1.2824,2.6159
812.50,7.5531,1.5151,2.9659,-4.3171,-11.4651,0.8304,7.0585,1.2824,2.6144
813.00,7.5531,1.5151,2.9659,-4.3171,-11.4651,0.8290,7.0585,1.2824,2.6131
813.50,7.5531,1.5151,2.9659,-4.3171,-11.4651,0.8268,7.0585,1.2824,2.6108
814.00,7.5531,1.5151,2.9659,-4.3171,-11.4651,0.8252,7.0585,1.2824,2.6092
814.50,7.5531,1.5151,2.9659,-4.3171,-11.4651,0.8236,7.0585,1.2824,2.6076
815.00,7.5531,1.5151,2.9659,-4.3171,-11.4651,0.8222,7.0585,1.2824,2.6063
815.50,7.5531,1.5151,2.9659,-4.3171,-11.4651,0.8204,7.0585,1.2824,2.6044
816.00,7.5531,1.5151,2.9659,-4.3171,-11.4651,0.8182,7.0585,1.2824,2.6022
816.50,7.5531,1.5151,2.9659,-4.3171,-11.4651,0.8168,7.0585,1.2824,2.6008
817.00,7.5531,1.5151,2.9659,-4.3171,-11.4651,0.8157,7.0585,1.2824,2.5997
817.50,7.5531,1.5151,2.9659,-4.3171,-11.4651,0.8145,7.0585,1.2824,2.5985
818.00,7.5531,1.5151,2.9659,-4.3171,-11.4651,0.8124,7.0585,1.2824,2.5965
818.50,7.5531,1.5151,2.9659,-4.3171,-11.4651,0.8114,7.0585,1.2824,2.5954
819.00,7.5531,1.5151,2.9659,-4.3171,-11.4651,0.8094,7.0585,1.2824,2.5934
819.50,7.5531,1.5151,2.9659,-4.3171,-11.4651,0.8079,7.0585,1.2824,2.5919
820.00,7.5531,1.5151,2.9659,-4.3171,-11.4651,0.8060,7.0585,1.2824,2.5901
820.50,7.5531,1.5151,2.9659,-4.3171,-11.4651,0.8045,7.0585,1.2824,2.5885
821.00,7.5531,1.5151,2.9659,-4.3171,-11.4651,0.8031,7.0585,1.2824,2.5871
821.50,7.5531,1.5151,2.9659,-4.3171,-11.4651,0.8011,7.0585,1.2824,2.5851
822.00,7.5531,1.5151,2.9659,-4.3171,-11.4651,0.7996,7.0585,1.2824,2.5837
822.50,7.5531,1.5151,2.9659,-4.3171,-11.4651,0.7978,7.0585,1.2824,2.5818
823.00,7.5531,1.5151,2.9659,-4.3171,-11.4651,0.7960,7.0585,1.2824,2.5800
823.50,7.5531,1.5151,2.9659,-4.3171,-11.4651,0.7937,7.0585,1.2824,2.5778
824.00,7.5531,1.5151,2.9659,-4.3171,-11.4651,0.7921,7.0585,1.2824,2.5761
824.50,7.5531,1.5151,2.9659,-4.3171,-11.4651,0.7908,7.0585,1.2824,2.5748
825.00,7.5531,1.5151,2.9659,-4.3171,-11.4651,0.7890,7.0585,1.2824,2.5730
825.50,7.5531,1.5151,2.9659,-4.3171,-11.4651,0.7874,7.0585,1.2824,2.5715
826.00,7.5531,1.5151,2.9659,-4.3171,-11.4651,0.7857,7.0585,1.2824,2.5697
826.50,7.5531,1.5151,2.9659,-4.3171,-11.4651,0.7842,7.0585,1.2824,2.5682
827.00,7.5531,1.5151,2.9659,-4.3171,-11.4651,0.7831,7.0585,1.2824,2.5671
827.50,7.5531,1.5151,2.9659,-4.3171,-11.4651,0.7819,7.0585,1.2824,2.5660
828.00,7.5531,1.5151,2.9659,-4.3171,-11.4651,0.7805,7.0585,1.2824,2.5645
828.50,7.5531,1.5151,2.9659,-4.3171,-11.4651,0.7790,7.0585,1.2824,2.5631
829.00,7.5531,1.5151,2.9659,-4.3171,-11.4651,0.7771,7.0585,1.2824,2.5612
829.50,7.5531,1.5151,2.9659,-4.3171,-11.4651,0.7760,7.0585,1.2824,2.5600
830.00,7.5531,1.5151,2.9659,-4.3171,-11.4651,0.7745,7.0585,1.2824,2.5585
830.50,7.5531,1.5151,2.9659,-4.3171,-11.4651,0.7728,7.0585,1.2824,2.5568
831.00,7.5531,1.5151,2.9659,-4.3171,-11.4651,0.7711,7.0585,1.2824,2.5552
831.50,7.5531,1.5151,2.9659,-4.3171,-11.4651,0.7697,7.0585,1.2824,2.5537
832.00,7.5531,1.5151,2.9659,-4.3171,-11.4651,0.7680,7.0585,1.2824,2.5520
832.50,7.5531,1.5151,2.9659,-4.3171,-11.4651,0.7662,7.0585,1.2824,2.5502
833.00,7.5531,1.5151,2.9659,-4.3171,-11.4651,0.7648,7.0585,1.2824,2.5488
833.50,7.5531,1.5151,2.9659,-4.3171,-11.4651,0.7628,7.0585,1.2824,2.5469
834.00,7.5531,1.5151,2.9659,-4.3171,-11.4651,0.7612,7.0585,1.2824,2.5452
834.50,7.5531,1.5151,2.9659,-4.3171,-11.4651,0.7601,7.0585,1.2824,2.5441
835.00,7.5531,1.5151,2.9659,-4.3171,-11.4651,0.7582,7.0585,1.2824,2.5422
835.50,7.5531,1.5151,2.9659,-4.3171,-11.4651,0.7567,7.0585,1.2824,2.5407
836.00,7.5531,1.5151,2.9659,-4.3171,-11.4651,0.7548,7.0585,1.2824,2.5389
836.50,7.5531,1.5151,2.9659,-4.3171,-11.4651,0.7530,7.0585,1.2824,2.5371
837.00,7.5531,1.5151,2.9659,-4.3171,-11.4651,0.7514,7.0585,1.2824,2.5354
837.50,7.5531,1.5151,2.9659,-4.3171,-11.4651,0.7498,7.0585,1.2824,2.5338
838.00,7.5531,1.5151,2.9659,-4.3171,-11.4651,0.7483,7.0585,1.2824,2.5323
838.50,7.5531,1.5151,2.9659,-4.3171,-11.4651,0.7466,7.0585,1.2824,2.5307
839.00,7.5531,1.5151,2.9659,-4.3171,-11.4651,0.7450,7.0585,1.2824,2.5290
839.50,7.5531,1.5151,2.9659,-4.3171,-11.4651,0.7427,7.0585,1.2824,2.5267
840.00,7.5531,1.5151,2.9659,-4.3171,-11.4651,0.7410,7.0585,1.2824,2.5250
840.50,7.5531,1.5151,2.9659,-4.3171,-11.4651,0.7397,7.0585,1.2824,2.5237
841.00,7.5531,1.5151,2.9659,-4.3171,-11.4651,0.7377,7.0585,1.2824,2.5218
841.50,7.5531,1.5151,2.9659,-4.3171,-11.4651,0.7364,7.0585,1.2824,2.5204
842.00,7.5531,1.5151,2.9659,-4.3171,-11.4651,0.7346,7.0585,1.2824,2.5187
842.50,7.5531,1.5151,2.9659,-4.3171,-11.4651,0.7329,7.0585,1.2824,2.5169
843.00,7.5531,1.5151,2.9659,-4.3171,-11.4651,0.7311,7.0585,1.2824,2.5152
843.50,7.5531,1.5151,2.9659,-4.3171,-11.4651,0.7291,7.0585,1.2824,2.5131
844.00,7.5531,1.5151,2.9659,-4.3171,-11.4651,0.7275,7.0585,1.2824,2.5116
844.50,7.5531,1.5151,2.9659,-4.3171,-11.4651,0.7251,7.0585,1.2824,2.5091
845.00,7.5531,1.5151,2.9659,-4.3171,-11.4651,0.7231,7.0585,1.2824,2.5071
845.50,7.5531,1.5151,2.9659,-4.3171,-11.4651,0.7218,7.0585,1.2824,2.5059
846.00,7.5531,1.5151,2.9659,-4.3171,-11.4651,0.7200,7.0585,1.2824,2.5041
846.50,7.5531,1.5151,2.9659,-4.3171,-11.4651,0.7179,7.0585,1.2824,2.5020
847.00,7.5531,1.5151,2.9659,-4.3171,-11.4651,0.7159,7.0585,1.2824,2.4999
847.50,7.5531,1.5151,2.9659,-4.3171,-11.4651,0.7142,7.0585,1.2824,2.4982
848.00,7.5531,1.5151,2.9659,-4.3171,-11.4651,0.7131,7.0585,1.2824,2.4972
848.50,7.5531,1.5151,2.9659,-4.3171,-11.4651,0.7116,7.0585,1.2824,2.4957
849.00,7.5531,1.5151,2.9659,-4.3171,-11.4651,0.7105,7.0585,1.2824,2.4945
849.50,7.5531,1.5151,2.9659,-4.3171,-11.4651,0.7086,7.0585,1.2824,2.4926
850.00,7.5531,1.5151,2.9659,-4.3171,-11.4651,0.7068,7.0585,1.2824,2.4908
850.50,7.5531,1.5151,2.9659,-4.3171,-11.4651,0.7047,7.0585,1.2824,2.4887
851.00,7.5531,1.5151,2.9659,-4.3171,-11.4651,0.7034,7.0585,1.2824,2.4875
851.50,7.5531,1.5151,2.9659,-4.3171,-11.4651,0.7018,7.0585,1.2824,2.4858
852.00,7.5531,1.5151,2.9659,-4.3171,-11.4651,0.7006,7.0585,1.2824,2.4847
852.50,7.5531,1.5151,2.9659,-4.3171,-11.4651,0.6997,7.0585,1.2824,2.4837
853.00,7.5531,1.5151,2.9659,-4.3171,-11.4651,0.6975,7.0585,1.2824,2.4815
853.50,7.5531,1.5151,2.9659,-4.3171,-11.4651,0.6951,7.0585,1.2824,2.4791
854.00,7.5531,1.5151,2.9659,-4.3171,-11.4651,0.6934,7.0585,1.2824,2.4774
854.50,7.5531,1.5151,2.9659,-4.3171,-11.4651,0.6918,7.0585,1.2824,2.4758
855.00,7.5531,1.5151,2.9659,-4.3171,-11.4651,0.6904,7.0585,1.2824,2.4744
855.50,7.5531,1.5151,2.9659,-4.3171,-11.4651,0.6877,7.0585,1.2824,2.4717
856.00,7.5531,1.5151,2.9659,-4.3171,-11.4651,0.6859,7.0585,1.2824,2.4699
856.50,7.5531,1.5151,2.9659,-4.3171,-11.4651,0.6837,7.0585,1.2824,2.4677
857.00,7.5531,1.5151,2.9659,-4.3171,-11.4651,0.6818,7.0585,1.2824,2.4658
857.50,7.5531,1.5151,2.9659,-4.3171,-11.4651,0.6801,7.0585,1.2824,2.4641
858.00,7.5531,1.5151,2.9659,-4.3171,-11.4651,0.6785,7.0585,1.2824,2.4625
858.50,7.5531,1.5151,2.9659,-4.3171,-11.4651,0.6768,7.0585,1.2824,2.4608
859.00,7.5531,1.5151,2.9659,-4.3171,-11.4651,0.6752,7.0585,1.2824,2.4593
859.50,7.5531,1.5151,2.9659,-4.3171,-11.4651,0.6735,7.0585,1.2824,2.4575
860.00,7.5531,1.5151,2.9659,-4.3171,-11.4651,0.6716,7.0585,1.2824,2.4557
860.50,7.5531,1.5151,2.9659,-4.3171,-11.4651,0.6699,7.0585,1.2824,2.4540
861.00,7.5531,1.5151,2.9659,-4.3171,-11.4651,0.6679,7.0585,1.2824,2.4519
861.50,7.5531,1.5151,2.9659,-4.3171,-11.4651,0.6661,7.0585,1.2824,2.4502
862.00,7.5531,1.5151,2.9659,-4.3171,-11.4651,0.6640,7.0585,1.2824,2.4480
862.50,7.5531,1.5151,2.9659,-4.3171,-11.4651,0.6624,7.0585,1.2824,2.4464
863.00,7.5531,1.5151,2.9659,-4.3171,-11.4651,0.6601,7.0585,1.2824,2.4441
863.50,7.5531,1.5151,2.9659,-4.3171,-11.4651,0.6584,7.0585,1.2824,2.4424
864.00,7.5531,1.5151,2.9659,-4.3171,-11.4651,0.6564,7.0585,1.2824,2.4405
864.50,7.5531,1.5151,2.9659,-4.3171,-11.4651,0.6543,7.0585,1.2824,2.4383
865.00,7.5531,1.5151,2.9659,-4.3171,-11.4651,0.6526,7.0585,1.2824,2.4366
865.50,7.5531,1.5151,2.9659,-4.3171,-11.4651,0.6510,7.0585,1.2824,2.4351
866.00,7.5531,1.5151,2.9659,-4.3171,-11.4651,0.6488,7.0585,1.2824,2.4328
866.50,7.5531,1.5151,2.9659,-4.3171,-11.4651,0.6467,7.0585,1.2824,2.4307
867.00,7.5531,1.5151,2.9659,-4.3171,-11.4651,0.6448,7.0585,1.2824,2.4289
867.50,7.5531,1.5151,2.9659,-4.3171,-11.4651,0.6428,7.0585,1.2824,2.4269
868.00,7.5531,1.5151,2.9659,-4.3171,-11.4651,0.6412,7.0585,1.2824,2.4253
868.50,7.5531,1.5151,2.9659,-4.3171,-11.4651,0.6388,7.0585,1.2824,2.4228
869.00,7.5531,1.5151,2.9659,-4.3171,-11.4651,0.6375,7.0585,1.2824,2.4215
869.50,7.5531,1.5151,2.9659,-4.3171,-11.4651,0.6353,7.0585,1.2824,2.4194
870.00,7.5531,1.5151,2.9659,-4.3171,-11.4651,0.6340,7.0585,1.2824,2.4180
870.50,7.5531,1.5151,2.9659,-4.3171,-11.4651,0.6322,7.0585,1.2824,2.4162
871.00,7.5531,1.5151,2.9659,-4.3171,-11.4651,0.6300,7.0585,1.2824,2.4141
871.50,7.5531,1.5151,2.9659,-4.3171,-11.4651,0.6288,7.0585,1.2824,2.4129
872.00,7.5531,1.5151,2.9659,-4.3171,-11.4651,0.6274,7.0585,1.2824,2.4114
872.50,7.5531,1.5151,2.9659,-4.3171,-11.4651,0.6252,7.0585,1.2824,2.4092
873.00,7.5531,1.5151,2.9659,-4.3171,-11.4651,0.6236,7.0585,1.2824,2.4076
873.50,7.5531,1.5151,2.9659,-4.3171,-11.4651,0.6221,7.0585,1.2824,2.4061
874.00,7.5531,1.5151,2.9659,-4.3171,-11.4651,0.6200,7.0585,1.2824,2.4040
874.50,7.5531,1.5151,2.9659,-4.3171,-11.4651,0.6185,7.0585,1.2824,2.4026
875.00,7.5531,1.5151,2.9659,-4.3171,-11.4651,0.6167,7.0585,1.2824,2.4007
875.50,7.5531,1.5151,2.9659,-4.3171,-11.4651,0.6150,7.0585,1.2824,2.3990
876.00,7.5531,1.5151,2.9659,-4.3171,-11.4651,0.6130,7.0585,1.2824,2.3970
876.50,7.5531,1.5151,2.9659,-4.3171,-11.4651,0.6109,7.0585,1.2824,2.3949
877.00,7.5531,1.5151,2.9659,-4.3171,-11.4651,0.6087,7.0585,1.2824,2.3927
877.50,7.5531,1.5151,2.9659,-4.3171,-11.4651,0.6068,7.0585,1.2824,2.3908
878.00,7.5531,1.5151,2.9659,-4.3171,-11.4651,0.6056,7.0585,1.2824,2.3896
878.50,7.5531,1.5151,2.9659,-4.3171,-11.4651,0.6040,7.0585,1.2824,2.3881
879.00,7.5531,1.5151,2.9659,-4.3171,-11.4651,0.6026,7.0585,1.2824,2.3866
879.50,7.5531,1.5151,2.9659,-4.3171,-11.4651,0.6008,7.0585,1.2824,2.3848
880.00,7.5531,1.5151,2.9659,-4.3171,-11.4651,0.5993,7.0585,1.2824,2.3834
880.50,7.5531,1.5151,2.9659,-4.3171,-11.4651,0.5975,7.0585,1.2824,2.3815
881.00,7.5531,1.5151,2.9659,-4.3171,-11.4651,0.5956,7.0585,1.2824,2.3797
881.50,7.5531,1.5151,2.9659,-4.3171,-11.4651,0.5939,7.0585,1.2824,2.3780
882.00,7.5531,1.5151,2.9659,-4.3171,-11.4651,0.5920,7.0585,1.2824,2.3761
882.50,7.5531,1.5151,2.9659,-4.3171,-11.4651,0.5900,7.0585,1.2824,2.3740
883.00,7.5531,1.5151,2.9659,-4.3171,-11.4651,0.5886,7.0585,1.2824,2.3726
883.50,7.5531,1.5151,2.9659,-4.3171,-11.4651,0.5867,7.0585,1.2824,2.3707
884.00,7.5531,1.5151,2.9659,-4.3171,-11.4651,0.5852,7.0585,1.2824,2.3692
884.50,7.5531,1.5151,2.9659,-4.3171,-11.4651,0.5841,7.0585,1.2824,2.3681
885.00,7.5531,1.5151,2.9659,-4.3171,-11.4651,0.5828,7.0585,1.2824,2.3668
885.50,7.5531,1.5151,2.9659,-4.3171,-11.4651,0.5811,7.0585,1.2824,2.3652
886.00,7.5531,1.5151,2.9659,-4.3171,-11.4651,0.5801,7.0585,1.2824,2.3641
886.50,7.5531,1.5151,2.9659,-4.3171,-11.4651,0.5783,7.0585,1.2824,2.3623
887.00,7.5531,1.5151,2.9659,-4.3171,-11.4651,0.5768,7.0585,1.2824,2.3608
887.50,7.5531,1.5151,2.9659,-4.3171,-11.4651,0.5747,7.0585,1.2824,2.3587
888.00,7.5531,1.5151,2.9659,-4.3171,-11.4651,0.5727,7.0585,1.2824,2.3567
888.50,7.5531,1.5151,2.9659,-4.3171,-11.4651,0.5714,7.0585,1.2824,2.3554
889.00,7.5531,1.5151,2.9659,-4.3171,-11.4651,0.5691,7.0585,1.2824,2.3531
889.50,7.5531,1.5151,2.9659,-4.3171,-11.4651,0.5679,7.0585,1.2824,2.3519
890.00,7.5531,1.5151,2.9659,-4.3171,-11.4651,0.5661,7.0585,1.2824,2.3502
890.50,7.5531,1.5151,2.9659,-4.3171,-11.4651,0.5638,7.0585,1.2824,2.3478
891.00,7.5531,1.5151,2.9659,-4.3171,-11.4651,0.5617,7.0585,1.2824,2.3457
891.50,7.5531,1.5151,2.9659,-4.3171,-11.4651,0.5601,7.0585,1.2824,2.3442
892.00,7.5531,1.5151,2.9659,-4.3171,-11.4651,0.5586,7.0585,1.2824,2.3427
892.50,7.5531,1.5151,2.9659,-4.3171,-11.4651,0.5567,7.0585,1.2824,2.3408
893.00,7.5531,1.5151,2.9659,-4.3171,-11.4651,0.5557,7.0585,1.2824,2.3397
893.50,7.5531,1.5151,2.9659,-4.3171,-11.4651,0.5542,7.0585,1.2824,2.3382
894.00,7.5531,1.5151,2.9659,-4.3171,-11.4651,0.5516,7.0585,1.2824,2.3356
894.50,7.5531,1.5151,2.9659,-4.3171,-11.4651,0.5497,7.0585,1.2824,2.3338
895.00,7.5531,1.5151,2.9659,-4.3171,-11.4651,0.5481,7.0585,1.2824,2.3322
895.50,7.5531,1.5151,2.9659,-4.3171,-11.4651,0.5459,7.0585,1.2824,2.3299
896.00,7.5531,1.5151,2.9659,-4.3171,-11.4651,0.5443,7.0585,1.2824,2.3283
896.50,7.5531,1.5151,2.9659,-4.3171,-11.4651,0.5430,7.0585,1.2824,2.3271
897.00,7.5531,1.5151,2.9659,-4.3171,-11.4651,0.5411,7.0585,1.2824,2.3252
897.50,7.5531,1.5151,2.9659,-4.3171,-11.4651,0.5384,7.0585,1.2824,2.3225
898.00,7.5531,1.5151,2.9659,-4.3171,-11.4651,0.5369,7.0585,1.2824,2.3210
898.50,7.5531,1.5151,2.9659,-4.3171,-11.4651,0.5352,7.0585,1.2824,2.3192
899.00,7.5531,1.5151,2.9659,-4.3171,-11.4651,0.5339,7.0585,1.2824,2.3179
899.50,7.5531,1.5151,2.9659,-4.3171,-11.4651,0.5320,7.0585,1.2824,2.3160
900.00,7.5531,1.5151,2.9659,-4.3171,-11.4651,0.5305,7.0585,1.2824,2.3146
900.50,7.5531,1.5151,2.9659,-4.3171,-11.4651,0.5284,7.0585,1.2824,2.3124
901.00,7.5531,1.5151,2.9659,-4.3171,-11.4651,0.5263,7.0585,1.2824,2.3104
901.50,7.5531,1.5151,2.9659,-4.3171,-11.4651,0.5246,7.0585,1.2824,2.3086
902.00,7.5531,1.5151,2.9659,-4.3171,-11.4651,0.5228,7.0585,1.2824,2.3069
902.50,7.5531,1.5151,2.9659,-4.3171,-11.4651,0.5209,7.0585,1.2824,2.3049
903.00,7.5531,1.5151,2.9659,-4.3171,-11.4651,0.5192,7.0585,1.2824,2.3033
903.50,7.5531,1.5151,2.9659,-4.3171,-11.4651,0.5170,7.0585,1.2824,2.3011
904.00,7.5531,1.5151,2.9659,-4.3171,-11.4651,0.5158,7.0585,1.2824,2.2998
904.50,7.5531,1.5151,2.9659,-4.3171,-11.4651,0.5137,7.0585,1.2824,2.2977
905.00,7.5531,1.5151,2.9659,-4.3171,-11.4651,0.5123,7.0585,1.2824,2.2963
905.50,7.5531,1.5151,2.9659,-4.3171,-11.4651,0.5108,7.0585,1.2824,2.2948
906.00,7.5531,1.5151,2.9659,-4.3171,-11.4651,0.5088,7.0585,1.2824,2.2928
906.50,7.5531,1.5151,2.9659,-4.3171,-11.4651,0.5069,7.0585,1.2824,2.2909
907.00,7.5531,1.5151,2.9659,-4.3171,-11.4651,0.5050,7.0585,1.2824,2.2890
907.50,7.5531,1.5151,2.9659,-4.3171,-11.4651,0.5029,7.0585,1.2824,2.2870
908.00,7.5531,1.5151,2.9659,-4.3171,-11.4651,0.5014,7.0585,1.2824,2.2855
908.50,7.5531,1.5151,2.9659,-4.3171,-11.4651,0.4994,7.0585,1.2824,2.2834
909.00,7.5531,1.5151,2.9659,-4.3171,-11.4651,0.4973,7.0585,1.2824,2.2813
909.50,7.5531,1.5151,2.9659,-4.3171,-11.4651,0.4954,7.0585,1.2824,2.2794
910.00,7.5531,1.5151,2.9659,-4.3171,-11.4651,0.4930,7.0585,1.2824,2.2770
910.50,7.5531,1.5151,2.9659,-4.3171,-11.4651,0.4912,7.0585,1.2824,2.2752
911.00,7.5531,1.5151,2.9659,-4.3171,-11.4651,0.4888,7.0585,1.2824,2.2729
911.50,7.5531,1.5151,2.9659,-4.3171,-11.4651,0.4870,7.0585,1.2824,2.2710
912.00,7.5531,1.5151,2.9659,-4.3171,-11.4651,0.4848,7.0585,1.2824,2.2688
912.50,7.5531,1.5151,2.9659,-4.3171,-11.4651,0.4835,7.0585,1.2824,2.2675
913.00,7.5531,1.5151,2.9659,-4.3171,-11.4651,0.4822,7.0585,1.2824,2.2663
913.50,7.5531,1.5151,2.9659,-4.3171,-11.4651,0.4804,7.0585,1.2824,2.2645
914.00,7.5531,1.5151,2.9659,-4.3171,-11.4651,0.4787,7.0585,1.2824,2.2628
914.50,7.5531,1.5151,2.9659,-4.3171,-11.4651,0.4768,7.0585,1.2824,2.2609
915.00,7.5531,1.5151,2.9659,-4.3171,-11.4651,0.4753,7.0585,1.2824,2.2593
915.50,7.5531,1.5151,2.9659,-4.3171,-11.4651,0.4733,7.0585,1.2824,2.2573
916.00,7.5531,1.5151,2.9659,-4.3171,-11.4651,0.4715,7.0585,1.2824,2.2555
916.50,7.5531,1.5151,2.9659,-4.3171,-11.4651,0.4689,7.0585,1.2824,2.2530
917.00,7.5531,1.5151,2.9659,-4.3171,-11.4651,0.4669,7.0585,1.2824,2.2510
917.50,7.5531,1.5151,2.9659,-4.3171,-11.4651,0.4651,7.0585,1.2824,2.2492
918.00,7.5531,1.5151,2.9659,-4.3171,-11.4651,0.4628,7.0585,1.2824,2.2469
918.50,7.5531,1.5151,2.9659,-4.3171,-11.4651,0.4609,7.0585,1.2824,2.2449
919.00,7.5531,1.5151,2.9659,-4.3171,-11.4651,0.4592,7.0585,1.2824,2.2433
919.50,7.5531,1.5151,2.9659,-4.3171,-11.4651,0.4569,7.0585,1.2824,2.2409
920.00,7.5531,1.5151,2.9659,-4.3171,-11.4651,0.4548,7.0585,1.2824,2.2388
920.50,7.5531,1.5151,2.9659,-4.3171,-11.4651,0.4530,7.0585,1.2824,2.2370
921.00,7.5531,1.5151,2.9659,-4.3171,-11.4651,0.4506,7.0585,1.2824,2.2346
921.50,7.5531,1.5151,2.9659,-4.3171,-11.4651,0.4487,7.0585,1.2824,2.2327
922.00,7.5531,1.5151,2.9659,-4.3171,-11.4651,0.4468,7.0585,1.2824,2.2308
922.50,7.5531,1.5151,2.9659,-4.3171,-11.4651,0.4448,7.0585,1.2824,2.2289
923.00,7.5531,1.5151,2.9659,-4.3171,-11.4651,0.4431,7.0585,1.2824,2.2271
923.50,7.5531,1.5151,2.9659,-4.3171,-11.4651,0.4410,7.0585,1.2824,2.2251
924.00,7.5531,1.5151,2.9659,-4.3171,-11.4651,0.4394,7.0585,1.2824,2.2235
924.50,7.5531,1.5151,2.9659,-4.3171,-11.4651,0.4370,7.0585,1.2824,2.2210
925.00,7.5531,1.5151,2.9659,-4.3171,-11.4651,0.4349,7.0585,1.2824,2.2189
925.50,7.5531,1.5151,2.9659,-4.3171,-11.4651,0.4330,7.0585,1.2824,2.2171
926.00,7.5531,1.5151,2.9659,-4.3171,-11.4651,0.4310,7.0585,1.2824,2.2150
926.50,7.5531,1.5151,2.9659,-4.3171,-11.4651,0.4295,7.0585,1.2824,2.2135
927.00,7.5531,1.5151,2.9659,-4.3171,-11.4651,0.4277,7.0585,1.2824,2.2117
927.50,7.5531,1.5151,2.9659,-4.3171,-11.4651,0.4258,7.0585,1.2824,2.2098
928.00,7.5531,1.5151,2.9659,-4.3171,-11.4651,0.4240,7.0585,1.2824,2.2080
928.50,7.5531,1.5151,2.9659,-4.3171,-11.4651,0.4224,7.0585,1.2824,2.2064
929.00,7.5531,1.5151,2.9659,-4.3171,-11.4651,0.4208,7.0585,1.2824,2.2049
929.50,7.5531,1.5151,2.9659,-4.3171,-11.4651,0.4190,7.0585,1.2824,2.2031
930.00,7.5531,1.5151,2.9659,-4.3171,-11.4651,0.4174,7.0585,1.2824,2.2014
930.50,7.5531,1.5151,2.9659,-4.3171,-11.4651,0.4154,7.0585,1.2824,2.1994
931.00,7.5531,1.5151,2.9659,-4.3171,-11.4651,0.4131,7.0585,1.2824,2.1972
931.50,7.5531,1.5151,2.9659,-4.3171,-11.4651,0.4117,7.0585,1.2824,2.1957
932.00,7.5531,1.5151,2.9659,-4.3171,-11.4651,0.4096,7.0585,1.2824,2.1937
932.50,7.5531,1.5151,2.9659,-4.3171,-11.4651,0.4075,7.0585,1.2824,2.1915
933.00,7.5531,1.5151,2.9659,-4.3171,-11.4651,0.4060,7.0585,1.2824,2.1900
933.50,7.5531,1.5151,2.9659,-4.3171,-11.4651,0.4041,7.0585,1.2824,2.1881
934.00,7.5531,1.5151,2.9659,-4.3171,-11.4651,0.4020,7.0585,1.2824,2.1860
934.50,7.5531,1.5151,2.9659,-4.3171,-11.4651,0.4001,7.0585,1.2824,2.1842
935.00,7.5531,1.5151,2.9659,-4.3171,-11.4651,0.3984,7.0585,1.2824,2.1825
935.50,7.5531,1.5151,2.9659,-4.3171,-11.4651,0.3967,7.0585,1.2824,2.1807
936.00,7.5531,1.5151,2.9659,-4.3171,-11.4651,0.3943,7.0585,1.2824,2.1783
936.50,7.5531,1.5151,2.9659,-4.3171,-11.4651,0.3922,7.0585,1.2824,2.1762
937.00,7.5531,1.5151,2.9659,-4.3171,-11.4651,0.3901,7.0585,1.2824,2.1741
937.50,7.5531,1.5151,2.9659,-4.3171,-11.4651,0.3887,7.0585,1.2824,2.1727
938.00,7.5531,1.5151,2.9659,-4.3171,-11.4651,0.3867,7.0585,1.2824,2.1708
938.50,7.5531,1.5151,2.9659,-4.3171,-11.4651,0.3855,7.0585,1.2824,2.1695
939.00,7.5531,1.5151,2.9659,-4.3171,-11.4651,0.3833,7.0585,1.2824,2.1673
939.50,7.5531,1.5151,2.9659,-4.3171,-11.4651,0.3818,7.0585,1.2824,2.1658
940.00,7.5531,1.5151,2.9659,-4.3171,-11.4651,0.3797,7.0585,1.2824,2.1638
940.50,7.5531,1.5151,2.9659,-4.3171,-11.4651,0.3777,7.0585,1.2824,2.1617
941.00,7.5531,1.5151,2.9659,-4.3171,-11.4651,0.3759,7.0585,1.2824,2.1599
941.50,7.5531,1.5151,2.9659,-4.3171,-11.4651,0.3735,7.0585,1.2824,2.1576
942.00,7.5531,1.5151,2.9659,-4.3171,-11.4651,0.3719,7.0585,1.2824,2.1559
942.50,7.5531,1.5151,2.9659,-4.3171,-11.4651,0.3702,7.0585,1.2824,2.1542
943.00,7.5531,1.5151,2.9659,-4.3171,-11.4651,0.3679,7.0585,1.2824,2.1519
943.50,7.5531,1.5151,2.9659,-4.3171,-11.4651,0.3656,7.0585,1.2824,2.1496
944.00,7.5531,1.5151,2.9659,-4.3171,-11.4651,0.3639,7.0585,1.2824,2.1479
944.50,7.5531,1.5151,2.9659,-4.3171,-11.4651,0.3622,7.0585,1.2824,2.1462
945.00,7.5531,1.5151,2.9659,-4.3171,-11.4651,0.3604,7.0585,1.2824,2.1445
945.50,7.5531,1.5151,2.9659,-4.3171,-11.4651,0.3583,7.0585,1.2824,2.1423
946.00,7.5531,1.5151,2.9659,-4.3171,-11.4651,0.3564,7.0585,1.2824,2.1404
946.50,7.5531,1.5151,2.9659,-4.3171,-11.4651,0.3542,7.0585,1.2824,2.1383
947.00,7.5531,1.5151,2.9659,-4.3171,-11.4651,0.3529,7.0585,1.2824,2.1369
947.50,7.5531,1.5151,2.9659,-4.3171,-11.4651,0.3514,7.0585,1.2824,2.1355
948.00,7.5531,1.5151,2.9659,-4.3171,-11.4651,0.3494,7.0585,1.2824,2.1334
948.50,7.5531,1.5151,2.9659,-4.3171,-11.4651,0.3475,7.0585,1.2824,2.1315
949.00,7.5531,1.5151,2.9659,-4.3171,-11.4651,0.3458,7.0585,1.2824,2.1299
949.50,7.5531,1.5151,2.9659,-4.3171,-11.4651,0.3438,7.0585,1.2824,2.1278
950.00,7.5531,1.5151,2.9659,-4.3171,-11.4651,0.3423,7.0585,1.2824,2.1263
950.50,7.5531,1.5151,2.9659,-4.3171,-11.4651,0.3405,7.0585,1.2824,2.1246
951.00,7.5531,1.5151,2.9659,-4.3171,-11.4651,0.3387,7.0585,1.2824,2.1227
951.50,7.5531,1.5151,2.9659,-4.3171,-11.4651,0.3370,7.0585,1.2824,2.1211
952.00,7.5531,1.5151,2.9659,-4.3171,-11.4651,0.3350,7.0585,1.2824,2.1190
952.50,7.5531,1.5151,2.9659,-4.3171,-11.4651,0.3336,7.0585,1.2824,2.1176
953.00,7.5531,1.5151,2.9659,-4.3171,-11.4651,0.3313,7.0585,1.2824,2.1154
953.50,7.5531,1.5151,2.9659,-4.3171,-11.4651,0.3295,7.0585,1.2824,2.1135
954.00,7.5531,1.5151,2.9659,-4.3171,-11.4651,0.3273,7.0585,1.2824,2.1113
954.50,7.5531,1.5151,2.9659,-4.3171,-11.4651,0.3256,7.0585,1.2824,2.1096
955.00,7.5531,1.5151,2.9659,-4.3171,-11.4651,0.3242,7.0585,1.2824,2.1082
955.50,7.5531,1.5151,2.9659,-4.3171,-11.4651,0.3219,7.0585,1.2824,2.1059
956.00,7.5531,1.5151,2.9659,-4.3171,-11.4651,0.3201,7.0585,1.2824,2.1042
956.50,7.5531,1.5151,2.9659,-4.3171,-11.4651,0.3183,7.0585,1.2824,2.1024
957.00,7.5531,1.5151,2.9659,-4.3171,-11.4651,0.3159,7.0585,1.2824,2.0999
957.50,7.5531,1.5151,2.9659,-4.3171,-11.4651,0.3144,7.0585,1.2824,2.0985
958.00,7.5531,1.5151,2.9659,-4.3171,-11.4651,0.3130,7.0585,1.2824,2.0970
958.50,7.5531,1.5151,2.9659,-4.3171,-11.4651,0.3107,7.0585,1.2824,2.0947
959.00,7.5531,1.5151,2.9659,-4.3171,-11.4651,0.3088,7.0585,1.2824,2.0929
959.50,7.5531,1.5151,2.9659,-4.3171,-11.4651,0.3067,7.0585,1.2824,2.0908
960.00,7.5531,1.5151,2.9659,-4.3171,-11.4651,0.3052,7.0585,1.2824,2.0893
960.50,7.5531,1.5151,2.9659,-4.3171,-11.4651,0.3039,7.0585,1.2824,2.0879
961.00,7.5531,1.5151,2.9659,-4.3171,-11.4651,0.3021,7.0585,1.2824,2.0861
961.50,7.5531,1.5151,2.9659,-4.3171,-11.4651,0.3000,7.0585,1.2824,2.0840
962.00,7.5531,1.5151,2.9659,-4.3171,-11.4651,0.2981,7.0585,1.2824,2.0821
962.50,7.5531,1.5151,2.9659,-4.3171,-11.4651,0.2959,7.0585,1.2824,2.0799
963.00,7.5531,1.5151,2.9659,-4.3171,-11.4651,0.2938,7.0585,1.2824,2.0778
963.50,7.5531,1.5151,2.9659,-4.3171,-11.4651,0.2918,7.0585,1.2824,2.0758
964.00,7.5531,1.5151,2.9659,-4.3171,-11.4651,0.2902,7.0585,1.2824,2.0743
964.50,7.5531,1.5151,2.9659,-4.3171,-11.4651,0.2882,7.0585,1.2824,2.0723
965.00,7.5531,1.5151,2.9659,-4.3171,-11.4651,0.2857,7.0585,1.2824,2.0698
965.50,7.5531,1.5151,2.9659,-4.3171,-11.4651,0.2833,7.0585,1.2824,2.0673
966.00,7.5531,1.5151,2.9659,-4.3171,-11.4651,0.2819,7.0585,1.2824,2.0659
966.50,7.5531,1.5151,2.9659,-4.3171,-11.4651,0.2802,7.0585,1.2824,2.0642
967.00,7.5531,1.5151,2.9659,-4.3171,-11.4651,0.2784,7.0585,1.2824,2.0624
967.50,7.5531,1.5151,2.9659,-4.3171,-11.4651,0.2764,7.0585,1.2824,2.0605
968.00,7.5531,1.5151,2.9659,-4.3171,-11.4651,0.2746,7.0585,1.2824,2.0587
968.50,7.5531,1.5151,2.9659,-4.3171,-11.4651,0.2723,7.0585,1.2824,2.0563
969.00,7.5531,1.5151,2.9659,-4.3171,-11.4651,0.2699,7.0585,1.2824,2.0540
969.50,7.5531,1.5151,2.9659,-4.3171,-11.4651,0.2679,7.0585,1.2824,2.0520
970.00,7.5531,1.5151,2.9659,-4.3171,-11.4651,0.2664,7.0585,1.2824,2.0505
970.50,7.5531,1.5151,2.9659,-4.3171,-11.4651,0.2647,7.0585,1.2824,2.0488
971.00,7.5531,1.5151,2.9659,-4.3171,-11.4651,0.2627,7.0585,1.2824,2.0467
971.50,7.5531,1.5151,2.9659,-4.3171,-11.4651,0.2603,7.0585,1.2824,2.0443
972.00,7.5531,1.5151,2.9659,-4.3171,-11.4651,0.2588,7.0585,1.2824,2.0428
972.50,7.5531,1.5151,2.9659,-4.3171,-11.4651,0.2566,7.0585,1.2824,2.0406
973.00,7.5531,1.5151,2.9659,-4.3171,-11.4651,0.2546,7.0585,1.2824,2.0386
973.50,7.5531,1.5151,2.9659,-4.3171,-11.4651,0.2527,7.0585,1.2824,2.0367
974.00,7.5531,1.5151,2.9659,-4.3171,-11.4651,0.2514,7.0585,1.2824,2.0354
974.50,7.5531,1.5151,2.9659,-4.3171,-11.4651,0.2496,7.0585,1.2824,2.0336
975.00,7.5531,1.5151,2.9659,-4.3171,-11.4651,0.2479,7.0585,1.2824,2.0319
975.50,7.5531,1.5151,2.9659,-4.3171,-11.4651,0.2459,7.0585,1.2824,2.0299
976.00,7.5531,1.5151,2.9659,-4.3171,-11.4651,0.2444,7.0585,1.2824,2.0284
976.50,7.5531,1.5151,2.9659,-4.3171,-11.4651,0.2433,7.0585,1.2824,2.0273
977.00,7.5531,1.5151,2.9659,-4.3171,-11.4651,0.2413,7.0585,1.2824,2.0253
977.50,7.5531,1.5151,2.9659,-4.3171,-11.4651,0.2397,7.0585,1.2824,2.0238
978.00,7.5531,1.5151,2.9659,-4.3171,-11.4651,0.2377,7.0585,1.2824,2.0218
978.50,7.5531,1.5151,2.9659,-4.3171,-11.4651,0.2357,7.0585,1.2824,2.0197
979.00,7.5531,1.5151,2.9659,-4.3171,-11.4651,0.2338,7.0585,1.2824,2.0179
979.50,7.5531,1.5151,2.9659,-4.3171,-11.4651,0.2317,7.0585,1.2824,2.0158
980.00,7.5531,1.5151,2.9659,-4.3171,-11.4651,0.2300,7.0585,1.2824,2.0141
980.50,7.5531,1.5151,2.9659,-4.3171,-11.4651,0.2282,7.0585,1.2824,2.0123
981.00,7.5531,1.5151,2.9659,-4.3171,-11.4651,0.2266,7.0585,1.2824,2.0107
981.50,7.5531,1.5151,2.9659,-4.3171,-11.4651,0.2248,7.0585,1.2824,2.0088
982.00,7.5531,1.5151,2.9659,-4.3171,-11.4651,0.2229,7.0585,1.2824,2.0069
982.50,7.5531,1.5151,2.9659,-4.3171,-11.4651,0.2213,7.0585,1.2824,2.0053
983.00,7.5531,1.5151,2.9659,-4.3171,-11.4651,0.2197,7.0585,1.2824,2.0038
983.50,7.5531,1.5151,2.9659,-4.3171,-11.4651,0.2177,7.0585,1.2824,2.0018
984.00,7.5531,1.5151,2.9659,-4.3171,-11.4651,0.2164,7.0585,1.2824,2.0005
984.50,7.5531,1.5151,2.9659,-4.3171,-11.4651,0.2139,7.0585,1.2824,1.9980
985.00,7.5531,1.5151,2.9659,-4.3171,-11.4651,0.2122,7.0585,1.2824,1.9963
985.50,7.5531,1.5151,2.9659,-4.3171,-11.4651,0.2105,7.0585,1.2824,1.9946
986.00,7.5531,1.5151,2.9659,-4.3171,-11.4651,0.2083,7.0585,1.2824,1.9923
986.50,7.5531,1.5151,2.9659,-4.3171,-11.4651,0.2061,7.0585,1.2824,1.9901
987.00,7.5531,1.5151,2.9659,-4.3171,-11.4651,0.2042,7.0585,1.2824,1.9882
987.50,7.5531,1.5151,2.9659,-4.3171,-11.4651,0.2020,7.0585,1.2824,1.9861
988.00,7.5531,1.5151,2.9659,-4.3171,-11.4651,0.1998,7.0585,1.2824,1.9838
988.50,7.5531,1.5151,2.9659,-4.3171,-11.4651,0.1974,7.0585,1.2824,1.9814
989.00,7.5531,1.5151,2.9659,-4.3171,-11.4651,0.1956,7.0585,1.2824,1.9796
989.50,7.5531,1.5151,2.9659,-4.3171,-11.4651,0.1935,7.0585,1.2824,1.9775
990.00,7.5531,1.5151,2.9659,-4.3171,-11.4651,0.1914,7.0585,1.2824,1.9754
990.50,7.5531,1.5151,2.9659,-4.3171,-11.4651,0.1894,7.0585,1.2824,1.9734
991.00,7.5531,1.5151,2.9659,-4.3171,-11.4651,0.1877,7.0585,1.2824,1.9718
991.50,7.5531,1.5151,2.9659,-4.3171,-11.4651,0.1860,7.0585,1.2824,1.9700
992.00,7.5531,1.5151,2.9659,-4.3171,-11.4651,0.1842,7.0585,1.2824,1.9683
992.50,7.5531,1.5151,2.9659,-4.3171,-11.4651,0.1828,7.0585,1.2824,1.9668
993.00,7.5531,1.5151,2.9659,-4.3171,-11.4651,0.1807,7.0585,1.2824,1.9648
993.50,7.5531,1.5151,2.9659,-4.3171,-11.4651,0.1783,7.0585,1.2824,1.9623
994.00,7.5531,1.5151,2.9659,-4.3171,-11.4651,0.1765,7.0585,1.2824,1.9606
994.50,7.5531,1.5151,2.9659,-4.3171,-11.4651,0.1748,7.0585,1.2824,1.9588
995.00,7.5531,1.5151,2.9659,-4.3171,-11.4651,0.1731,7.0585,1.2824,1.9571
995.50,7.5531,1.5151,2.9659,-4.3171,-11.4651,0.1712,7.0585,1.2824,1.9552
996.00,7.5531,1.5151,2.9659,-4.3171,-11.4651,0.1697,7.0585,1.2824,1.9537
996.50,7.5531,1.5151,2.9659,-4.3171,-11.4651,0.1679,7.0585,1.2824,1.9520
997.00,7.5531,1.5151,2.9659,-4.3171,-11.4651,0.1659,7.0585,1.2824,1.9499
997.50,7.5531,1.5151,2.9659,-4.3171,-11.4651,0.1633,7.0585,1.2824,1.9473
998.00,7.5531,1.5151,2.9659,-4.3171,-11.4651,0.1617,7.0585,1.2824,1.9457
998.50,7.5531,1.5151,2.9659,-4.3171,-11.4651,0.1593,7.0585,1.2824,1.9433
999.00,7.5531,1.5151,2.9659,-4.3171,-11.4651,0.1575,7.0585,1.2824,1.9415
999.50,7.5531,1.5151,2.9659,-4.3171,-11.4651,0.1548,7.0585,1.2824,1.9388
1000.00,7.5531,1.5151,2.9659,-4.3171,-11.4651,0.1526,7.0585,1.2824,1.9367
1000.50,7.5531,1.5151,2.9659,-4.3171,-11.4651,0.1511,7.0585,1.2824,1.9351
1001.00,7.5531,1.5151,2.9659,-4.3171,-11.4651,0.1490,7.0585,1.2824,1.9330
1001.50,7.5531,1.5151,2.9659,-4.3171,-11.4651,0.1471,7.0585,1.2824,1.9311
1002.00,7.5531,1.5151,2.9659,-4.3171,-11.4651,0.1452,7.0585,1.2824,1.9292
1002.50,7.5531,1.5151,2.9659,-4.3171,-11.4651,0.1426,7.0585,1.2824,1.9267
1003.00,7.5531,1.5151,2.9659,-4.3171,-11.4651,0.1408,7.0585,1.2824,1.9248
1003.50,7.5531,1.5151,2.9659,-4.3171,-11.4651,0.1386,7.0585,1.2824,1.9226
1004.00,7.5531,1.5151,2.9659,-4.3171,-11.4651,0.1369,7.0585,1.2824,1.9209
1004.50,7.5531,1.5151,2.9659,-4.3171,-11.4651,0.1351,7.0585,1.2824,1.9192
1005.00,7.5531,1.5151,2.9659,-4.3171,-11.4651,0.1334,7.0585,1.2824,1.9174
1005.50,7.5531,1.5151,2.9659,-4.3171,-11.4651,0.1319,7.0585,1.2824,1.9159
1006.00,7.5531,1.5151,2.9659,-4.3171,-11.4651,0.1298,7.0585,1.2824,1.9138
1006.50,7.5531,1.5151,2.9659,-4.3171,-11.4651,0.1277,7.0585,1.2824,1.9117
1007.00,7.5531,1.5151,2.9659,-4.3171,-11.4651,0.1259,7.0585,1.2824,1.9099
1007.50,7.5531,1.5151,2.9659,-4.3171,-11.4651,0.1238,7.0585,1.2824,1.9078
1008.00,7.5531,1.5151,2.9659,-4.3171,-11.4651,0.1220,7.0585,1.2824,1.9060
1008.50,7.5531,1.5151,2.9659,-4.3171,-11.4651,0.1198,7.0585,1.2824,1.9038
1009.00,7.5531,1.5151,2.9659,-4.3171,-11.4651,0.1177,7.0585,1.2824,1.9017
1009.50,7.5531,1.5151,2.9659,-4.3171,-11.4651,0.1159,7.0585,1.2824,1.8999
1010.00,7.5531,1.5151,2.9659,-4.3171,-11.4651,0.1139,7.0585,1.2824,1.8979
1010.50,7.5531,1.5151,2.9659,-4.3171,-11.4651,0.1123,7.0585,1.2824,1.8963
1011.00,7.5531,1.5151,2.9659,-4.3171,-11.4651,0.1103,7.0585,1.2824,1.8943
1011.50,7.5531,1.5151,2.9659,-4.3171,-11.4651,0.1090,7.0585,1.2824,1.8930
1012.00,7.5531,1.5151,2.9659,-4.3171,-11.4651,0.1075,7.0585,1.2824,1.8915
1012.50,7.5531,1.5151,2.9659,-4.3171,-11.4651,0.1051,7.0585,1.2824,1.8892
1013.00,7.5531,1.5151,2.9659,-4.3171,-11.4651,0.1034,7.0585,1.2824,1.8875
1013.50,7.5531,1.5151,2.9659,-4.3171,-11.4651,0.1012,7.0585,1.2824,1.8852
1014.00,7.5531,1.5151,2.9659,-4.3171,-11.4651,0.0992,7.0585,1.2824,1.8832
1014.50,7.5531,1.5151,2.9659,-4.3171,-11.4651,0.0975,7.0585,1.2824,1.8815
1015.00,7.5531,1.5151,2.9659,-4.3171,-11.4651,0.0953,7.0585,1.2824,1.8793
1015.50,7.5531,1.5151,2.9659,-4.3171,-11.4651,0.0937,7.0585,1.2824,1.8778
1016.00,7.5531,1.5151,2.9659,-4.3171,-11.4651,0.0914,7.0585,1.2824,1.8754
1016.50,7.5531,1.5151,2.9659,-4.3171,-11.4651,0.0897,7.0585,1.2824,1.8737
1017.00,7.5531,1.5151,2.9659,-4.3171,-11.4651,0.0883,7.0585,1.2824,1.8724
1017.50,7.5531,1.5151,2.9659,-4.3171,-11.4651,0.0864,7.0585,1.2824,1.8704
1018.00,7.5531,1.5151,2.9659,-4.3171,-11.4651,0.0839,7.0585,1.2824,1.8679
1018.50,7.5531,1.5151,2.9659,-4.3171,-11.4651,0.0821,7.0585,1.2824,1.8661
1019.00,7.5531,1.5151,2.9659,-4.3171,-11.4651,0.0799,7.0585,1.2824,1.8639
1019.50,7.5531,1.5151,2.9659,-4.3171,-11.4651,0.0782,7.0585,1.2824,1.8622
1020.00,7.5531,1.5151,2.9659,-4.3171,-11.4651,0.0762,7.0585,1.2824,1.8602
1020.50,7.5531,1.5151,2.9659,-4.3171,-11.4651,0.0746,7.0585,1.2824,1.8586
1021.00,7.5531,1.5151,2.9659,-4.3171,-11.4651,0.0733,7.0585,1.2824,1.8573
1021.50,7.5531,1.5151,2.9659,-4.3171,-11.4651,0.0713,7.0585,1.2824,1.8554
1022.00,7.5531,1.5151,2.9659,-4.3171,-11.4651,0.0698,7.0585,1.2824,1.8538
1022.50,7.5531,1.5151,2.9659,-4.3171,-11.4651,0.0680,7.0585,1.2824,1.8521
1023.00,7.5531,1.5151,2.9659,-4.3171,-11.4651,0.0661,7.0585,1.2824,1.8501
1023.50,7.5531,1.5151,2.9659,-4.3171,-11.4651,0.0642,7.0585,1.2824,1.8483
1024.00,7.5531,1.5151,2.9659,-4.3171,-11.4651,0.0628,7.0585,1.2824,1.8468
1024.50,7.5531,1.5151,2.9659,-4.3171,-11.4651,0.0604,7.0585,1.2824,1.8444
1025.00,7.5531,1.5151,2.9659,-4.3171,-11.4651,0.0591,7.0585,1.2824,1.8431
1025.50,7.5531,1.5151,2.9659,-4.3171,-11.4651,0.0567,7.0585,1.2824,1.8407
1026.00,7.5531,1.5151,2.9659,-4.3171,-11.4651,0.0551,7.0585,1.2824,1.8392
1026.50,7.5531,1.5151,2.9659,-4.3171,-11.4651,0.0532,7.0585,1.2824,1.8372
1027.00,7.5531,1.5151,2.9659,-4.3171,-11.4651,0.0515,7.0585,1.2824,1.8355
1027.50,7.5531,1.5151,2.9659,-4.3171,-11.4651,0.0499,7.0585,1.2824,1.8339
1028.00,7.5531,1.5151,2.9659,-4.3171,-11.4651,0.0478,7.0585,1.2824,1.8318
1028.50,7.5531,1.5151,2.9659,-4.3171,-11.4651,0.0460,7.0585,1.2824,1.8301
1029.00,7.5531,1.5151,2.9659,-4.3171,-11.4651,0.0442,7.0585,1.2824,1.8283
1029.50,7.5531,1.5151,2.9659,-4.3171,-11.4651,0.0425,7.0585,1.2824,1.8266
1030.00,7.5531,1.5151,2.9659,-4.3171,-11.4651,0.0406,7.0585,1.2824,1.8246
1030.50,7.5531,1.5151,2.9659,-4.3171,-11.4651,0.0386,7.0585,1.2824,1.8226
1031.00,7.5531,1.5151,2.9659,-4.3171,-11.4651,0.0363,7.0585,1.2824,1.8203
1031.50,7.5531,1.5151,2.9659,-4.3171,-11.4651,0.0349,7.0585,1.2824,1.8189
1032.00,7.5531,1.5151,2.9659,-4.3171,-11.4651,0.0329,7.0585,1.2824,1.8169
1032.50,7.5531,1.5151,2.9659,-4.3171,-11.4651,0.0314,7.0585,1.2824,1.8154
1033.00,7.5531,1.5151,2.9659,-4.3171,-11.4651,0.0295,7.0585,1.2824,1.8135
1033.50,7.5531,1.5151,2.9659,-4.3171,-11.4651,0.0282,7.0585,1.2824,1.8122
1034.00,7.5531,1.5151,2.9659,-4.3171,-11.4651,0.0262,7.0585,1.2824,1.8102
1034.50,7.5531,1.5151,2.9659,-4.3171,-11.4651,0.0244,7.0585,1.2824,1.8085
1035.00,7.5531,1.5151,2.9659,-4.3171,-11.4651,0.0222,7.0585,1.2824,1.8063
1035.50,7.5531,1.5151,2.9659,-4.3171,-11.4651,0.0200,7.0585,1.2824,1.8040
1036.00,7.5531,1.5151,2.9659,-4.3171,-11.4651,0.0185,7.0585,1.2824,1.8025
1036.50,7.5531,1.5151,2.9659,-4.3171,-11.4651,0.0171,7.0585,1.2824,1.8011
1037.00,7.5531,1.5151,2.9659,-4.3171,-11.4651,0.0151,7.0585,1.2824,1.7992
1037.50,7.5531,1.5151,2.9659,-4.3171,-11.4651,0.0141,7.0585,1.2824,1.7981
1038.00,7.5531,1.5151,2.9659,-4.3171,-11.4651,0.0123,7.0585,1.2824,1.7963
1038.50,7.5531,1.5151,2.9659,-4.3171,-11.4651,0.0105,7.0585,1.2824,1.7946
1039.00,7.5531,1.5151,2.9659,-4.3171,-11.4651,0.0087,7.0585,1.2824,1.7927
1039.50,7.5531,1.5151,2.9659,-4.3171,-11.4651,0.0070,7.0585,1.2824,1.7911
1040.00,7.5531,1.5151,2.9659,-4.3171,-11.4651,0.0053,7.0585,1.2824,1.7893
1040.50,7.5531,1.5151,2.9659,-4.3171,-11.4651,0.0032,7.0585,1.2824,1.7873
1041.00,7.5531,1.5151,2.9659,-4.3171,-11.4651,0.0012,7.0585,1.2824,1.7852
1041.50,7.5531,1.5151,2.9659,-4.3171,-11.4651,-0.0004,7.0585,1.2824,1.7836
1042.00,7.5531,1.5151,2.9659,-4.3171,-11.4651,-0.0019,7.0585,1.2824,1.7822
1042.50,7.5531,1.5151,2.9659,-4.3171,-11.4651,-0.0036,7.0585,1.2824,1.7805
1043.00,7.5531,1.5151,2.9659,-4.3171,-11.4651,-0.0053,7.0585,1.2824,1.7787
1043.50,7.5531,1.5151,2.9659,-4.3171,-11.4651,-0.0067,7.0585,1.2824,1.7773
1044.00,7.5531,1.5151,2.9659,-4.3171,-11.4651,-0.0081,7.0585,1.2824,1.7760
1044.50,7.5531,1.5151,2.9659,-4.3171,-11.4651,-0.0101,7.0585,1.2824,1.7740
1045.00,7.5531,1.5151,2.9659,-4.3171,-11.4651,-0.0120,7.0585,1.2824,1.7721
1045.50,7.5531,1.5151,2.9659,-4.3171,-11.4651,-0.0138,7.0585,1.2824,1.7702
1046.00,7.5531,1.5151,2.9659,-4.3171,-11.4651,-0.0158,7.0585,1.2824,1.7683
1046.50,7.5531,1.5151,2.9659,-4.3171,-11.4651,-0.0178,7.0585,1.2824,1.7663
1047.00,7.5531,1.5151,2.9659,-4.3171,-11.4651,-0.0194,7.0585,1.2824,1.7647
1047.50,7.5531,1.5151,2.9659,-4.3171,-11.4651,-0.0207,7.0585,1.2824,1.7633
1048.00,7.5531,1.5151,2.9659,-4.3171,-11.4651,-0.0223,7.0585,1.2824,1.7617
1048.50,7.5531,1.5151,2.9659,-4.3171,-11.4651,-0.0244,7.0585,1.2824,1.7596
1049.00,7.5531,1.5151,2.9659,-4.3171,-11.4651,-0.0258,7.0585,1.2824,1.7582
1049.50,7.5531,1.5151,2.9659,-4.3171,-11.4651,-0.0272,7.0585,1.2824,1.7569
