t,gt_x,gt_y,gt_yaw,odom_x,odom_y,odom_yaw,slam_x,slam_y,slam_yaw
53.50,-0.0000,0.0000,0.0000,0.0000,0.0000,0.0375,,,
54.00,-0.0000,0.0000,0.0000,0.0000,0.0000,0.0383,0.0000,0.0000,0.0383
54.50,-0.0000,0.0000,0.0000,0.0000,0.0000,0.0390,0.0000,0.0000,0.0390
55.00,-0.0000,0.0000,0.0000,0.0000,0.0000,0.0397,0.0000,0.0000,0.0397
55.50,-0.0000,0.0000,0.0000,0.0000,0.0000,0.0399,0.0000,0.0000,0.0399
56.00,-0.0000,0.0000,0.0000,0.0000,0.0000,0.0401,0.0000,0.0000,0.0401
56.50,-0.0000,0.0000,0.0000,0.0000,0.0000,0.0415,0.0000,0.0000,0.0415
57.00,-0.0000,0.0000,0.0000,0.0000,0.0000,0.0422,0.0000,0.0000,0.0422
57.50,-0.0000,0.0000,0.0000,0.0000,0.0000,0.0424,0.0000,0.0000,0.0424
58.00,-0.0000,0.0000,0.0000,0.0000,0.0000,0.0434,0.0000,0.0000,0.0434
58.50,-0.0000,0.0000,0.0000,0.0000,0.0000,0.0445,0.0000,0.0000,0.0445
59.00,-0.0000,0.0000,0.0000,0.0000,0.0000,0.0445,0.0000,0.0000,0.0445
59.50,-0.0000,0.0000,0.0000,0.0000,0.0000,0.0454,0.0000,0.0000,0.0454
60.00,-0.0000,0.0000,0.0000,0.0000,0.0000,0.0462,0.0000,0.0000,0.0462
60.50,-0.0000,0.0000,0.0000,0.0000,0.0000,0.0466,0.0000,0.0000,0.0466
61.00,-0.0000,0.0000,0.0000,0.0000,0.0000,0.0471,0.0000,0.0000,0.0471
61.50,-0.0000,0.0000,0.0000,0.0000,0.0000,0.0480,0.0000,0.0000,0.0480
62.00,0.0169,-0.0000,-0.0000,0.0109,0.0005,0.0482,0.0109,0.0005,0.0482
62.50,0.0769,-0.0000,-0.0000,0.0737,0.0036,0.0486,0.0737,0.0036,0.0486
63.00,0.1369,-0.0000,-0.0000,0.1374,0.0067,0.0490,0.0708,0.0015,0.0071
63.50,0.1969,-0.0000,-0.0000,0.2031,0.0099,0.0491,0.0631,0.0020,0.0072
64.00,0.2569,-0.0000,-0.0000,0.2682,0.0131,0.0497,0.0882,0.0025,0.0078
64.50,0.3169,-0.0000,-0.0000,0.3316,0.0163,0.0507,0.1117,0.0030,0.0089
65.00,0.3769,-0.0000,-0.0000,0.3917,0.0194,0.0511,0.1053,0.0036,0.0092
65.50,0.4369,-0.0000,-0.0000,0.4570,0.0227,0.0518,0.1473,0.0042,0.0100
66.00,0.4969,-0.0000,-0.0000,0.5230,0.0262,0.0526,0.1233,0.0049,0.0107
66.50,0.5569,-0.0000,-0.0000,0.5835,0.0294,0.0529,0.1439,0.0055,0.0110
67.00,0.6169,-0.0000,-0.0000,0.6471,0.0328,0.0531,0.1970,0.0066,0.0094
67.50,0.6769,-0.0000,-0.0000,0.7102,0.0361,0.0536,0.2508,0.0073,0.0082
68.00,0.7369,-0.0000,-0.0000,0.7700,0.0394,0.0544,0.2706,0.0078,0.0090
68.50,0.7969,-0.0000,-0.0000,0.8345,0.0429,0.0546,0.3353,0.0084,0.0093
69.00,0.8569,-0.0000,-0.0000,0.8961,0.0463,0.0552,0.3769,0.0094,0.0063
69.50,0.9169,-0.0000,-0.0000,0.9608,0.0499,0.0553,0.4218,0.0099,0.0065
70.00,0.9769,-0.0000,-0.0000,1.0257,0.0535,0.0560,0.4568,0.0003,0.0071
70.50,1.0369,-0.0000,-0.0000,1.0881,0.0570,0.0563,0.4992,0.0008,0.0074
71.00,1.0969,-0.0000,-0.0000,1.1500,0.0605,0.0569,0.5412,0.0012,0.0080
71.50,1.1569,-0.0000,-0.0000,1.2103,0.0639,0.0574,0.6017,0.0123,0.0050
72.00,1.2169,-0.0000,-0.0000,1.2768,0.0678,0.0585,0.6482,0.0126,0.0061
72.50,1.2253,-0.0000,-0.0000,1.2921,0.0687,0.0591,0.6536,0.0027,0.0067
73.00,1.2253,-0.0000,-0.0000,1.2921,0.0687,0.0600,0.6536,0.0027,0.0076
73.50,1.2253,-0.0000,-0.0000,1.2921,0.0687,0.0607,0.6536,0.0027,0.0083
74.00,1.2253,-0.0000,-0.0000,1.2921,0.0687,0.0612,0.6536,0.0027,0.0088
74.50,1.2253,-0.0000,-0.0000,1.2921,0.0687,0.0612,0.6536,0.0027,0.0088
75.00,1.2253,-0.0000,-0.0000,1.2921,0.0687,0.0615,0.6536,0.0027,0.0091
75.50,1.2253,-0.0000,-0.0000,1.2921,0.0687,0.0620,0.6536,0.0027,0.0096
76.00,1.2253,-0.0000,-0.0000,1.2921,0.0687,0.0623,0.6536,0.0027,0.0100
76.50,1.2253,-0.0000,-0.0000,1.2921,0.0687,0.0630,0.6536,0.0027,0.0106
77.00,1.2253,-0.0000,-0.0000,1.2921,0.0687,0.0635,0.6536,0.0027,0.0111
77.50,1.2253,-0.0000,-0.0000,1.2921,0.0687,0.0641,0.6536,0.0027,0.0118
78.00,1.2253,-0.0000,-0.0000,1.2921,0.0687,0.0645,0.6536,0.0027,0.0121
78.50,1.2253,-0.0000,-0.0000,1.2921,0.0687,0.0650,0.6536,0.0027,0.0127
79.00,1.2253,-0.0000,-0.0000,1.2921,0.0687,0.0654,0.6536,0.0027,0.0131
79.50,1.2253,-0.0000,-0.0000,1.2921,0.0687,0.0660,0.6536,0.0027,0.0136
80.00,1.2253,-0.0000,-0.0000,1.2921,0.0687,0.0665,0.6536,0.0027,0.0142
80.50,1.2253,-0.0000,-0.0000,1.2921,0.0687,0.0676,0.6536,0.0027,0.0152
81.00,1.2253,-0.0000,-0.0000,1.2921,0.0687,0.0678,0.6536,0.0027,0.0154
81.50,1.2253,-0.0000,-0.0000,1.2921,0.0687,0.0683,0.6536,0.0027,0.0160
82.00,1.2165,-0.0000,-0.0000,1.2837,0.0681,0.0686,0.6452,0.0026,0.0163
82.50,1.1965,-0.0000,-0.0000,1.2622,0.0666,0.0691,0.6236,0.0022,0.0168
83.00,1.1765,-0.0000,-0.0000,1.2390,0.0650,0.0695,0.6004,0.0019,0.0171
83.50,1.1565,-0.0000,-0.0000,1.2175,0.0635,0.0696,0.5788,0.0015,0.0172
84.00,1.1365,-0.0000,-0.0000,1.1931,0.0618,0.0700,0.5543,0.0011,0.0177
84.50,1.1165,-0.0000,-0.0000,1.1722,0.0603,0.0703,0.5334,0.0007,0.0180
85.00,1.0965,-0.0000,-0.0000,1.1522,0.0589,0.0707,0.5733,0.0027,0.0078
85.50,1.0765,-0.0000,-0.0000,1.1311,0.0574,0.0714,0.5521,0.0025,0.0086
86.00,1.0565,-0.0000,-0.0000,1.1088,0.0558,0.0716,0.5298,0.0023,0.0088
86.50,1.0365,-0.0000,-0.0000,1.0882,0.0543,0.0717,0.5092,0.0021,0.0089
87.00,1.0165,-0.0000,-0.0000,1.0669,0.0528,0.0721,0.4478,0.0027,0.0058
87.50,0.9965,-0.0000,-0.0000,1.0466,0.0513,0.0725,0.4275,0.0026,0.0062
88.00,0.9853,-0.0000,-0.0000,1.0352,0.0505,0.0724,0.4161,0.0025,0.0061
88.50,0.9853,-0.0000,-0.0000,1.0352,0.0505,0.0727,0.4161,0.0025,0.0064
89.00,0.9853,-0.0000,-0.0000,1.0352,0.0505,0.0733,0.4161,0.0025,0.0070
89.50,0.9853,-0.0000,-0.0000,1.0352,0.0505,0.0739,0.4161,0.0025,0.0076
90.00,0.9853,-0.0000,-0.0000,1.0352,0.0505,0.0747,0.4161,0.0025,0.0084
90.50,0.9853,-0.0000,-0.0000,1.0352,0.0505,0.0757,0.4161,0.0025,0.0094
91.00,0.9853,0.0014,0.0358,1.0348,0.0505,0.0990,0.4156,0.0025,0.0327
91.50,0.9854,0.0107,0.2310,1.0430,0.0521,0.2803,0.4239,0.0036,0.2140
92.00,0.9855,0.0281,0.4436,1.0588,0.0588,0.4967,0.4402,0.0092,0.4304
92.50,0.9858,0.0389,0.6135,1.0695,0.0658,0.6774,0.4513,0.0155,0.6110
93.00,0.9858,0.0403,0.6620,1.0709,0.0670,0.7399,0.4528,0.0166,0.6736
93.50,0.9858,0.0403,0.6620,1.0709,0.0670,0.7404,0.4528,0.0166,0.6741
94.00,0.9788,0.0349,0.6620,1.0655,0.0620,0.7413,0.4470,0.0120,0.6749
94.50,0.9631,0.0226,0.6620,1.0512,0.0489,0.7420,0.4319,-0.0001,0.6756
95.00,0.9473,0.0103,0.6620,1.0353,0.0343,0.7422,0.4150,-0.0137,0.6759
95.50,0.9315,-0.0020,0.6620,1.0195,0.0199,0.7432,0.3984,-0.0270,0.6768
96.00,0.9157,-0.0143,0.6620,1.0056,0.0070,0.7440,0.3935,-0.0221,0.6721
96.50,0.9000,-0.0266,0.6620,0.9883,-0.0089,0.7446,0.3837,-0.0218,0.6678
97.00,0.8842,-0.0389,0.6620,0.9732,-0.0228,0.7453,0.3677,-0.0344,0.6685
97.50,0.8684,-0.0512,0.6620,0.9577,-0.0372,0.7458,0.3510,-0.0476,0.6690
98.00,0.8526,-0.0635,0.6620,0.9416,-0.0520,0.7462,0.3339,-0.0611,0.6694
98.50,0.8369,-0.0758,0.6620,0.9264,-0.0661,0.7471,0.3072,-0.0734,0.6668
99.00,0.8211,-0.0880,0.6620,0.9113,-0.0801,0.7474,0.2909,-0.0861,0.6671
99.50,0.8053,-0.1003,0.6620,0.8961,-0.0941,0.7481,0.2747,-0.0989,0.6678
100.00,0.7906,-0.1118,0.6620,0.8803,-0.1089,0.7487,0.2577,-0.1123,0.6684
100.50,0.7903,-0.1117,0.6910,0.8793,-0.1097,0.7746,0.2368,-0.1031,0.6943
101.00,0.7903,-0.1116,0.7236,0.8795,-0.1096,0.8077,0.2369,-0.1030,0.7275
101.50,0.7901,-0.1117,0.7565,0.8792,-0.1098,0.8408,0.2367,-0.1032,0.7606
102.00,0.7900,-0.1117,0.7906,0.8791,-0.1100,0.8750,0.2365,-0.1033,0.7947
102.50,0.7900,-0.1121,0.8243,0.8788,-0.1103,0.9097,0.2362,-0.1037,0.8295
103.00,0.7901,-0.1123,0.8569,0.8787,-0.1105,0.9427,0.2360,-0.1038,0.8624
103.50,0.7899,-0.1124,0.8898,0.8787,-0.1105,0.9768,0.2360,-0.1038,0.8965
104.00,0.7892,-0.1124,0.9235,0.8785,-0.1108,1.0108,0.2359,-0.1041,0.9305
104.50,0.7881,-0.1125,0.9582,0.8781,-0.1115,1.0460,0.2354,-0.1047,0.9658
105.00,0.7865,-0.1125,0.9937,0.8773,-0.1129,1.0817,0.2345,-0.1061,1.0014
105.50,0.7845,-0.1126,1.0302,0.8763,-0.1148,1.1184,0.2334,-0.1079,1.0382
106.00,0.7820,-0.1126,1.0676,0.8750,-0.1177,1.1560,0.2318,-0.1107,1.0757
106.50,0.7791,-0.1127,1.1061,0.8739,-0.1204,1.1952,0.2304,-0.1133,1.1149
107.00,0.7756,-0.1127,1.1456,0.8728,-0.1232,1.2358,0.2292,-0.1160,1.1555
107.50,0.7717,-0.1128,1.1863,0.8717,-0.1268,1.2769,0.2277,-0.1195,1.1966
108.00,0.7673,-0.1128,1.2280,0.8704,-0.1313,1.3192,0.2261,-0.1239,1.2389
108.50,0.7625,-0.1128,1.2711,0.8692,-0.1364,1.3623,0.2245,-0.1289,1.2820
109.00,0.7571,-0.1129,1.3153,0.8680,-0.1426,1.4069,0.2228,-0.1350,1.3267
109.50,0.7512,-0.1129,1.3610,0.8670,-0.1497,1.4532,0.2213,-0.1420,1.3729
110.00,0.7449,-0.1129,1.4082,0.8663,-0.1569,1.5013,0.2189,-0.1330,1.4154
110.50,0.7380,-0.1129,1.4570,0.8660,-0.1646,1.5512,0.2168,-0.1263,1.4605
111.00,0.7307,-0.1130,1.5075,0.8660,-0.1729,1.6020,0.2162,-0.1346,1.5113
111.50,0.7230,-0.1130,1.5600,0.8664,-0.1801,1.6550,0.2159,-0.1418,1.5643
112.00,0.7150,-0.1130,1.6132,0.8662,-0.1789,1.7091,0.2158,-0.1406,1.6184
112.50,0.7026,-0.0825,1.7448,0.8603,-0.1493,1.8320,0.2126,-0.1106,1.7412
113.00,0.6789,0.0087,1.8316,0.8309,-0.0621,1.9326,0.1912,-0.0211,1.8419
113.50,0.6446,0.1333,1.8592,0.7797,0.0625,1.9726,0.0910,0.1275,1.8712
114.00,0.6127,0.2587,1.8231,0.7299,0.1875,1.9304,0.0438,0.2568,1.8222
114.50,0.5754,0.3837,1.8987,0.6788,0.3160,1.9931,0.0119,0.3802,1.8919
115.00,0.5290,0.5046,2.0052,0.6162,0.4388,2.0972,-0.0222,0.4989,2.0030
115.50,0.4727,0.6176,2.1794,0.5433,0.5453,2.2657,-0.0586,0.6094,2.1707
116.00,0.3943,0.7194,2.2852,0.4545,0.6377,2.3876,-0.1274,0.7090,2.2934
116.50,0.3092,0.8175,2.2649,0.3528,0.7318,2.3827,-0.1911,0.8151,2.2832
117.00,0.2406,0.9068,2.1138,0.2668,0.8220,2.2476,-0.2378,0.9039,2.1464
117.50,0.1858,1.0105,1.8607,0.2023,0.9257,1.9969,-0.2812,1.0066,1.8885
118.00,0.1390,1.1231,1.5685,0.1639,1.0502,1.7091,-0.3144,1.1319,1.5992
118.50,0.1208,1.2491,1.3138,0.1638,1.1820,1.4410,-0.3351,1.2377,1.3346
119.00,0.1508,1.3729,1.2357,0.1881,1.3096,1.3441,-0.3217,1.3671,1.2411
119.50,0.1941,1.4957,1.2246,0.2191,1.4442,1.3361,-0.2869,1.4978,1.2350
120.00,0.2386,1.6179,1.2465,0.2540,1.5856,1.3440,-0.2377,1.6249,1.2445
120.50,0.2742,1.7430,1.3257,0.2784,1.7229,1.4346,-0.2145,1.7444,1.3351
121.00,0.3093,1.8636,1.2732,0.2988,1.8576,1.3870,-0.1765,1.8711,1.2841
121.50,0.3324,1.9342,1.3002,0.3146,1.9429,1.4064,-0.1522,1.9444,1.3000
122.00,0.3394,1.9481,1.3448,0.3182,1.9657,1.4527,-0.1558,1.9566,1.3497
122.50,0.3384,1.9481,1.3694,0.3181,1.9645,1.4843,-0.1560,1.9554,1.3814
123.00,0.3384,1.9481,1.3694,0.3181,1.9645,1.4849,-0.1560,1.9554,1.3819
123.50,0.3384,1.9481,1.3694,0.3181,1.9645,1.4856,-0.1560,1.9554,1.3826
124.00,0.3384,1.9481,1.3694,0.3181,1.9645,1.4870,-0.1560,1.9554,1.3840
124.50,0.3384,1.9481,1.3694,0.3181,1.9645,1.4876,-0.1560,1.9554,1.3846
125.00,0.3384,1.9481,1.3694,0.3181,1.9645,1.4878,-0.1560,1.9554,1.3849
125.50,0.3386,1.9481,1.3619,0.3181,1.9645,1.4848,-0.1559,1.9555,1.3819
126.00,0.3437,1.9482,1.3162,0.3187,1.9697,1.4401,-0.1548,1.9605,1.3371
126.50,0.3491,1.9482,1.2719,0.3196,1.9758,1.3960,-0.1353,1.9570,1.2825
127.00,0.3540,1.9482,1.2289,0.3207,1.9814,1.3532,-0.1335,1.9624,1.2397
127.50,0.3584,1.9483,1.1870,0.3221,1.9870,1.3115,-0.1315,1.9679,1.1980
128.00,0.3623,1.9483,1.1464,0.3229,1.9901,1.2717,-0.1303,1.9708,1.1583
128.50,0.3657,1.9483,1.1069,0.3245,1.9949,1.2326,-0.1282,1.9754,1.1192
129.00,0.3687,1.9484,1.0684,0.3255,1.9976,1.1945,-0.1269,1.9780,1.0810
129.50,0.3712,1.9484,1.0309,0.3266,2.0002,1.1575,-0.1256,1.9804,1.0441
130.00,0.3732,1.9485,0.9944,0.3276,2.0024,1.1218,-0.1243,1.9825,1.0083
130.50,0.3748,1.9485,0.9588,0.3288,2.0048,1.0868,-0.1229,1.9847,0.9733
131.00,0.3759,1.9486,0.9242,0.3294,2.0059,1.0527,-0.1221,1.9857,0.9393
131.50,0.3766,1.9487,0.8904,0.3297,2.0064,1.0196,-0.1218,1.9862,0.9061
132.00,0.3768,1.9487,0.8576,0.3299,2.0067,0.9871,-0.1215,1.9865,0.8737
132.50,0.3768,1.9489,0.8249,0.3299,2.0067,0.9550,-0.1215,1.9865,0.8415
133.00,0.3767,1.9493,0.7912,0.3304,2.0074,0.9225,-0.1210,1.9871,0.8090
133.50,0.3768,1.9494,0.7572,0.3306,2.0076,0.8887,-0.1208,1.9873,0.7752
134.00,0.3771,1.9494,0.7242,0.3310,2.0081,0.8567,-0.1203,1.9878,0.7432
134.50,0.3770,1.9493,0.6916,0.3309,2.0080,0.8241,-0.1204,1.9877,0.7107
135.00,0.3769,1.9488,0.6581,0.3306,2.0077,0.7916,-0.1207,1.9874,0.6782
135.50,0.3769,1.9478,0.6238,0.3300,2.0072,0.7581,-0.1214,1.9869,0.6446
136.00,0.3768,1.9464,0.5886,0.3292,2.0064,0.7235,-0.1223,1.9863,0.6100
136.50,0.3768,1.9446,0.5524,0.3278,2.0052,0.6877,-0.1237,1.9853,0.5743
137.00,0.3767,1.9422,0.5152,0.3260,2.0038,0.6516,-0.1257,1.9841,0.5382
137.50,0.3767,1.9394,0.4771,0.3237,2.0021,0.6140,-0.1282,1.9826,0.5006
138.00,0.3766,1.9361,0.4379,0.3206,2.0000,0.5754,-0.1315,1.9809,0.4620
138.50,0.3766,1.9324,0.3977,0.3182,1.9985,0.5362,-0.1341,1.9797,0.4228
139.00,0.3766,1.9281,0.3562,0.3140,1.9961,0.4959,-0.1385,1.9778,0.3824
139.50,0.3765,1.9234,0.3136,0.3093,1.9936,0.4543,-0.1435,1.9759,0.3409
140.00,0.3765,1.9182,0.2698,0.3034,1.9909,0.4108,-0.1497,1.9739,0.2974
140.50,0.3765,1.9125,0.2245,0.2965,1.9881,0.3663,-0.1568,1.9718,0.2529
141.00,0.3764,1.9063,0.1779,0.2907,1.9860,0.3206,-0.1628,1.9704,0.2072
141.50,0.3764,1.8996,0.1296,0.2835,1.9838,0.2734,-0.1702,1.9690,0.1600
142.00,0.3764,1.8925,0.0797,0.2775,1.9823,0.2248,-0.1763,1.9682,0.1114
142.50,0.3764,1.8849,0.0278,0.2703,1.9809,0.1734,-0.1520,1.9280,0.0471
143.00,0.3764,1.8769,-0.0256,0.2691,1.9806,0.1199,-0.1253,1.8925,-0.0179
143.50,0.3764,1.8692,-0.0775,0.2744,1.9811,0.0685,-0.1199,1.8923,-0.0693
144.00,0.3764,1.8621,-0.1276,0.2840,1.9816,0.0186,-0.1104,1.8914,-0.1192
144.50,0.3764,1.8554,-0.1759,0.2890,1.9815,-0.0293,-0.1054,1.8907,-0.1672
145.00,0.3765,1.8492,-0.2226,0.2962,1.9812,-0.0754,-0.0983,1.8893,-0.2133
145.50,0.3765,1.8443,-0.2606,0.3019,1.9806,-0.1172,-0.0928,1.8880,-0.2551
146.00,0.3765,1.8408,-0.2989,0.3050,1.9802,-0.1494,-0.0898,1.8871,-0.2873
146.50,0.3766,1.8359,-0.3419,0.3105,1.9793,-0.1919,-0.0845,1.8855,-0.3297
147.00,0.3766,1.8315,-0.3837,0.3149,1.9783,-0.2331,-0.0802,1.8839,-0.3709
147.50,0.3766,1.8276,-0.4244,0.3204,1.9769,-0.2732,-0.0750,1.8818,-0.4110
148.00,0.3767,1.8242,-0.4639,0.3232,1.9761,-0.3123,-0.1020,1.8312,-0.4536
148.50,0.3767,1.8212,-0.5024,0.3264,1.9750,-0.3502,-0.0990,1.8296,-0.4915
149.00,0.3768,1.8187,-0.5399,0.3284,1.9742,-0.3872,-0.0971,1.8286,-0.5285
149.50,0.3768,1.8167,-0.5764,0.3303,1.9734,-0.4234,-0.0954,1.8275,-0.5648
150.00,0.3769,1.8151,-0.6120,0.3315,1.9729,-0.4588,-0.0943,1.8268,-0.6002
150.50,0.3769,1.8140,-0.6466,0.3327,1.9722,-0.4928,-0.0932,1.8260,-0.6341
151.00,0.3770,1.8133,-0.6803,0.3336,1.9717,-0.5261,-0.0924,1.8254,-0.6674
151.50,0.3770,1.8131,-0.7132,0.3340,1.9715,-0.5580,-0.0920,1.8251,-0.6994
152.00,0.3773,1.8131,-0.7459,0.3341,1.9714,-0.5898,-0.0919,1.8250,-0.7311
152.50,0.3776,1.8132,-0.7796,0.3344,1.9712,-0.6225,-0.0916,1.8248,-0.7639
153.00,0.3777,1.8131,-0.8136,0.3347,1.9710,-0.6556,-0.0914,1.8246,-0.7969
153.50,0.3778,1.8129,-0.8466,0.3348,1.9709,-0.6877,-0.0912,1.8244,-0.8291
154.00,0.3777,1.8129,-0.8792,0.3348,1.9709,-0.7200,-0.0912,1.8244,-0.8614
154.50,0.3771,1.8130,-0.9126,0.3343,1.9713,-0.7529,-0.0917,1.8249,-0.8942
155.00,0.3762,1.8130,-0.9470,0.3339,1.9718,-0.7870,-0.0921,1.8254,-0.9283
155.50,0.3748,1.8131,-0.9822,0.3329,1.9728,-0.8215,-0.0929,1.8265,-0.9628
156.00,0.3729,1.8131,-1.0184,0.3317,1.9741,-0.8568,-0.0939,1.8280,-0.9982
156.50,0.3706,1.8132,-1.0555,0.3304,1.9757,-0.8931,-0.0950,1.8298,-1.0345
157.00,0.3678,1.8132,-1.0937,0.3286,1.9780,-0.9306,-0.0964,1.8323,-1.0719
157.50,0.3645,1.8133,-1.1329,0.3268,1.9806,-0.9691,-0.0979,1.8351,-1.1105
158.00,0.3607,1.8133,-1.1731,0.3245,1.9841,-1.0083,-0.0996,1.8389,-1.1497
158.50,0.3565,1.8133,-1.2145,0.3221,1.9880,-1.0490,-0.1014,1.8431,-1.1904
159.00,0.3518,1.8134,-1.2571,0.3203,1.9913,-1.0909,-0.1027,1.8466,-1.2323
159.50,0.3465,1.8134,-1.3010,0.3178,1.9963,-1.1336,-0.1045,1.8520,-1.2750
160.00,0.3408,1.8134,-1.3462,0.3150,2.0026,-1.1780,-0.1064,1.8586,-1.3193
160.50,0.3346,1.8135,-1.3929,0.3125,2.0090,-1.2241,-0.1079,1.8652,-1.3654
161.00,0.3280,1.8135,-1.4412,0.3104,2.0153,-1.2714,-0.1091,1.8718,-1.4128
161.50,0.3208,1.8135,-1.4911,0.3086,2.0218,-1.3204,-0.1100,1.8785,-1.4617
162.00,0.3148,1.8057,-1.5354,0.3084,2.0224,-1.3716,-0.1860,1.8196,-1.5339
162.50,0.3200,1.7436,-1.5068,0.3216,1.9634,-1.3378,-0.1824,1.7592,-1.5000
163.00,0.3189,1.6245,-1.6414,0.3443,1.8461,-1.4518,-0.1690,1.6398,-1.6124
163.50,0.3088,1.4972,-1.8623,0.3448,1.7081,-1.6806,-0.1902,1.5035,-1.8464
164.00,0.2733,1.3744,-1.9216,0.3236,1.5778,-1.7584,-0.2176,1.3885,-1.9223
164.50,0.2331,1.2577,-1.8198,0.3025,1.4483,-1.6733,-0.2419,1.2662,-1.8303
165.00,0.2016,1.1322,-1.5916,0.3035,1.3138,-1.4515,-0.2552,1.1386,-1.6067
165.50,0.1798,1.0124,-1.3015,0.3354,1.1869,-1.1664,-0.2687,1.0161,-1.3165
166.00,0.1893,0.9276,-1.0375,0.3811,1.1089,-0.8962,-0.2528,0.9427,-1.0463
166.50,0.2421,0.8496,-0.8143,0.4495,1.0405,-0.6693,-0.2254,0.8562,-0.8246
167.00,0.3224,0.7782,-0.5953,0.5435,0.9808,-0.4511,-0.1557,0.7828,-0.6047
167.50,0.4314,0.7200,-0.3810,0.6680,0.9375,-0.2307,-0.0288,0.7208,-0.3859
168.00,0.5558,0.6713,-0.2147,0.8048,0.9186,-0.0523,0.0660,0.6857,-0.2111
168.50,0.6833,0.6423,-0.1957,0.9476,0.9154,-0.0188,0.2044,0.6506,-0.1828
169.00,0.8103,0.6126,-0.2301,1.0914,0.9099,-0.0561,0.3259,0.6176,-0.2271
169.50,0.9376,0.5882,-0.1167,1.2308,0.9065,0.0375,0.4505,0.5960,-0.1300
170.00,1.0674,0.5729,0.0664,1.3651,0.9258,0.2315,0.5666,0.5941,0.0692
170.50,1.1970,0.5795,0.0625,1.5006,0.9612,0.2501,0.6977,0.5881,0.0816
171.00,1.3218,0.5823,-0.0762,1.6307,0.9860,0.1101,0.8126,0.5876,-0.0662
171.50,1.3954,0.5775,-0.1273,1.7170,0.9932,0.0540,0.8882,0.5854,-0.1188
172.00,1.4097,0.5700,-0.1749,1.7388,0.9941,0.0062,0.9000,0.5817,-0.1630
172.50,1.4098,0.5638,-0.2216,1.7444,0.9941,-0.0407,0.9055,0.5807,-0.2099
173.00,1.4098,0.5580,-0.2670,1.7496,0.9938,-0.0856,0.9104,0.5698,-0.2566
173.50,1.4098,0.5528,-0.3109,1.7559,0.9931,-0.1293,0.9164,0.5681,-0.3003
174.00,1.4098,0.5480,-0.3536,1.7615,0.9923,-0.1717,0.9219,0.5663,-0.3427
174.50,1.4099,0.5438,-0.3951,1.7662,0.9914,-0.2125,0.9263,0.5646,-0.3835
175.00,1.4099,0.5400,-0.4354,1.7700,0.9905,-0.2519,0.9299,0.5631,-0.4229
175.50,1.4100,0.5367,-0.4747,1.7725,0.9898,-0.2909,0.9323,0.5620,-0.4619
176.00,1.4100,0.5338,-0.5129,1.7758,0.9887,-0.3281,0.9354,0.5604,-0.4991
176.50,1.4101,0.5315,-0.5501,1.7781,0.9879,-0.3646,0.9375,0.5592,-0.5357
177.00,1.4101,0.5296,-0.5863,1.7798,0.9872,-0.4006,0.9390,0.5582,-0.5716
177.50,1.4102,0.5281,-0.6216,1.7808,0.9868,-0.4355,0.9400,0.5576,-0.6065
178.00,1.4102,0.5271,-0.6560,1.7817,0.9864,-0.4694,0.9407,0.5571,-0.6405
178.50,1.4103,0.5266,-0.6895,1.7825,0.9859,-0.5023,0.9415,0.5565,-0.6733
179.00,1.4103,0.5265,-0.7222,1.7829,0.9857,-0.5350,0.9418,0.5562,-0.7060
179.50,1.4107,0.5265,-0.7551,1.7832,0.9856,-0.5669,0.9420,0.5560,-0.7379
180.00,1.4109,0.5266,-0.7891,1.7835,0.9854,-0.6004,0.9423,0.5558,-0.7714
180.50,1.4110,0.5263,-0.8229,1.7837,0.9852,-0.6343,0.9425,0.5556,-0.8053
181.00,1.4111,0.5262,-0.8555,1.7836,0.9852,-0.6669,0.9425,0.5556,-0.8379
181.50,1.4108,0.5263,-0.8884,1.7835,0.9853,-0.6991,0.9423,0.5557,-0.8701
182.00,1.4102,0.5263,-0.9221,1.7829,0.9859,-0.7317,0.9418,0.5564,-0.9028
182.50,1.4091,0.5264,-0.9566,1.7820,0.9867,-0.7656,0.9411,0.5574,-0.9366
183.00,1.4076,0.5264,-0.9921,1.7808,0.9879,-0.7998,0.9401,0.5587,-0.9708
183.50,1.4056,0.5265,-1.0286,1.7797,0.9891,-0.8357,0.9392,0.5601,-1.0067
184.00,1.4031,0.5265,-1.0660,1.7789,0.9899,-0.8724,0.9386,0.5610,-1.0434
184.50,1.4002,0.5266,-1.1044,1.7772,0.9921,-0.9104,0.9373,0.5634,-1.0814
185.00,1.3968,0.5266,-1.1439,1.7753,0.9946,-0.9490,0.9358,0.5663,-1.1200
185.50,1.3929,0.5267,-1.1845,1.7726,0.9986,-0.9892,0.9338,0.5707,-1.1602
186.00,1.3885,0.5267,-1.2262,1.7694,1.0037,-1.0302,0.9315,0.5762,-1.2012
186.50,1.3836,0.5267,-1.2692,1.7669,1.0080,-1.0724,0.9298,0.5809,-1.2434
187.00,1.3783,0.5268,-1.3134,1.7648,1.0120,-1.1157,0.9285,0.5852,-1.2867
187.50,1.3725,0.5268,-1.3590,1.7622,1.0177,-1.1607,0.9269,0.5913,-1.3317
188.00,1.3661,0.5268,-1.4061,1.7599,1.0233,-1.2071,0.9255,0.5972,-1.3781
188.50,1.3593,0.5268,-1.4548,1.7572,1.0311,-1.2550,0.9242,0.6053,-1.4260
189.00,1.3520,0.5269,-1.5053,1.7545,1.0400,-1.3043,0.9230,0.6146,-1.4753
189.50,1.3443,0.5269,-1.5577,1.7531,1.0456,-1.3559,0.8282,0.5406,-1.5461
190.00,1.3363,0.5269,-1.6110,1.7532,1.0448,-1.4086,0.8281,0.5398,-1.5989
190.50,1.3288,0.5269,-1.6623,1.7544,1.0363,-1.4595,0.8276,0.5312,-1.6497
191.00,1.3218,0.5268,-1.7119,1.7550,1.0294,-1.5091,0.8269,0.5243,-1.6993
191.50,1.3152,0.5268,-1.7597,1.7553,1.0215,-1.5566,0.8257,0.5165,-1.7468
192.00,1.3125,0.5268,-1.7802,1.7553,1.0182,-1.5811,0.8251,0.5133,-1.7713
192.50,1.3125,0.5268,-1.7802,1.7553,1.0182,-1.5804,0.8251,0.5133,-1.7706
193.00,1.3125,0.5268,-1.7802,1.7553,1.0182,-1.5797,0.8251,0.5133,-1.7699
193.50,1.3125,0.5268,-1.7802,1.7553,1.0182,-1.5790,0.8251,0.5133,-1.7692
194.00,1.3116,0.5268,-1.7968,1.7553,1.0181,-1.5910,0.8251,0.5131,-1.7812
194.50,1.3062,0.5268,-1.8420,1.7551,1.0127,-1.6355,0.8238,0.5079,-1.8257
195.00,1.3010,0.5267,-1.8858,1.7546,1.0069,-1.6794,0.8223,0.5023,-1.8696
195.50,1.2962,0.5267,-1.9284,1.7540,1.0024,-1.7212,0.8208,0.4980,-1.9114
196.00,1.2920,0.5267,-1.9697,1.7534,0.9987,-1.7624,0.8195,0.4945,-1.9526
196.50,1.2883,0.5266,-2.0100,1.7526,0.9954,-1.8022,0.8182,0.4914,-1.9924
197.00,1.2850,0.5266,-2.0491,1.7519,0.9925,-1.8409,0.7893,0.5093,-2.0357
197.50,1.2822,0.5265,-2.0872,1.7510,0.9893,-1.8788,0.7633,0.5247,-2.0778
198.00,1.2799,0.5265,-2.1244,1.7502,0.9869,-1.9153,0.7621,0.5225,-2.1142
198.50,1.2781,0.5264,-2.1605,1.7494,0.9849,-1.9511,0.7609,0.5206,-2.1501
199.00,1.2767,0.5264,-2.1957,1.7486,0.9831,-1.9860,0.7598,0.5190,-2.1849
199.50,1.2757,0.5263,-2.2300,1.7483,0.9824,-2.0195,0.7594,0.5185,-2.2184
200.00,1.2752,0.5263,-2.2634,1.7481,0.9821,-2.0527,0.7591,0.5182,-2.2516
200.50,1.2751,0.5262,-2.2960,1.7480,0.9819,-2.0843,0.7590,0.5180,-2.2833
201.00,1.2752,0.5258,-2.3290,1.7480,0.9817,-2.1166,0.7589,0.5179,-2.3155
201.50,1.2752,0.5256,-2.3631,1.7476,0.9812,-2.1495,0.7584,0.5174,-2.3485
202.00,1.2749,0.5255,-2.3968,1.7475,0.9810,-2.1827,0.7583,0.5173,-2.3817
202.50,1.2749,0.5255,-2.4294,1.7474,0.9809,-2.2154,0.7581,0.5171,-2.4143
203.00,1.2749,0.5257,-2.4623,1.7477,0.9812,-2.2478,0.7585,0.5174,-2.4467
203.50,1.2750,0.5264,-2.4961,1.7481,0.9817,-2.2807,0.7590,0.5178,-2.4796
204.00,1.2750,0.5276,-2.5307,1.7485,0.9822,-2.3146,0.7595,0.5182,-2.5135
204.50,1.2751,0.5291,-2.5663,1.7495,0.9833,-2.3494,0.7607,0.5191,-2.5483
205.00,1.2751,0.5312,-2.6029,1.7505,0.9842,-2.3854,0.7618,0.5198,-2.5844
205.50,1.2752,0.5337,-2.6404,1.7520,0.9856,-2.4222,0.7636,0.5208,-2.6211
206.00,1.2752,0.5367,-2.6789,1.7543,0.9876,-2.4597,0.7663,0.5223,-2.6586
206.50,1.2753,0.5401,-2.7185,1.7571,0.9897,-2.4983,0.7694,0.5239,-2.6972
207.00,1.2753,0.5441,-2.7591,1.7603,0.9920,-2.5381,0.7730,0.5255,-2.7370
207.50,1.2754,0.5485,-2.8010,1.7645,0.9948,-2.5796,0.7777,0.5274,-2.7785
208.00,1.2754,0.5534,-2.8441,1.7685,0.9972,-2.6220,0.7820,0.5289,-2.8209
208.50,1.2754,0.5588,-2.8884,1.7724,0.9993,-2.6662,0.7863,0.5302,-2.8652
209.00,1.2752,0.5646,-2.9347,1.7766,1.0013,-2.7115,0.7908,0.5314,-2.9105
209.50,1.2385,0.5742,-3.0902,1.7436,0.9889,-2.8489,0.7560,0.5257,-3.0479
210.00,1.1386,0.5924,3.0628,1.6404,0.9684,-3.0002,0.6442,0.5592,3.0757
210.50,1.0147,0.6004,3.1269,1.5091,0.9489,-2.9559,0.4934,0.6077,3.1161
211.00,0.8854,0.5993,-2.9605,1.3786,0.9113,-2.7573,0.3724,0.5930,-2.9632
211.50,0.7584,0.5779,-2.9197,1.2524,0.8536,-2.6961,0.2444,0.5820,-2.9073
212.00,0.6304,0.5551,-3.0580,1.1297,0.8011,-2.8125,0.1507,0.5598,-3.0278
212.50,0.5005,0.5425,3.0574,0.9942,0.7699,-2.9974,0.0360,0.5579,3.0665
213.00,0.3711,0.5512,3.0839,0.8576,0.7518,-2.9920,-0.1172,0.5535,3.0778
213.50,0.2413,0.5538,-3.0356,0.7206,0.7204,-2.8298,-0.2468,0.5523,-3.0415
214.00,0.1123,0.5417,-3.0194,0.5876,0.6726,-2.7916,-0.3701,0.5405,-3.0008
214.50,-0.0172,0.5320,-3.0925,0.4556,0.6297,-2.8603,-0.4793,0.5273,-3.0764
215.00,-0.1471,0.5307,-3.1404,0.3207,0.5964,-2.9200,-0.6161,0.5272,-3.1378
215.50,-0.2771,0.5254,-3.1065,0.1925,0.5654,-2.8835,-0.7528,0.5255,-3.0987
216.00,-0.4071,0.5248,3.1296,0.0578,0.5320,-2.9262,-0.8765,0.5223,3.1386
216.50,-0.5371,0.5237,-3.1298,-0.0773,0.5018,-2.9040,-1.0137,0.5244,-3.1253
217.00,-0.6671,0.5255,3.1274,-0.2093,0.4710,-2.9280,-1.1456,0.5208,3.1326
217.50,-0.7971,0.5227,-3.1161,-0.3436,0.4400,-2.8907,-1.2881,0.5205,-3.1141
218.00,-0.9270,0.5184,-3.1070,-0.4768,0.4052,-2.8801,-1.4006,0.5174,-3.1054
218.50,-1.0567,0.5064,-3.0328,-0.6029,0.3679,-2.8114,-1.5272,0.5096,-3.0348
219.00,-1.1858,0.4905,-3.0378,-0.7256,0.3230,-2.7983,-1.6514,0.4877,-3.0217
219.50,-1.3152,0.4801,-3.0445,-0.8549,0.2796,-2.8188,-1.8024,0.4789,-3.0491
220.00,-1.4443,0.4614,-2.9969,-0.9915,0.2300,-2.7680,-1.9414,0.4619,-2.9967
220.50,-1.5723,0.4336,-2.9367,-1.1125,0.1779,-2.7041,-2.0364,0.4386,-2.9345
221.00,-1.6997,0.4076,-2.9716,-1.2298,0.1223,-2.7226,-2.1732,0.4010,-2.9548
221.50,-1.8281,0.3877,-2.9751,-1.3564,0.0694,-2.7431,-2.2885,0.3883,-2.9804
222.00,-1.9553,0.3607,-2.9159,-1.4812,0.0105,-2.6717,-2.4390,0.3606,-2.9055
222.50,-2.0818,0.3288,-2.8879,-1.6081,-0.0549,-2.6480,-2.5722,0.3263,-2.8854
223.00,-2.2069,0.2915,-2.8660,-1.7267,-0.1226,-2.6135,-2.6827,0.2881,-2.8527
223.50,-2.3335,0.2622,-2.9782,-1.8481,-0.1864,-2.7208,-2.8063,0.2547,-2.9651
224.00,-2.4620,0.2406,-2.9729,-1.9814,-0.2427,-2.7355,-2.9393,0.2325,-2.9798
224.50,-2.5886,0.2128,-2.8558,-2.1014,-0.3026,-2.6200,-3.0603,0.2038,-2.8573
225.00,-2.7124,0.1755,-2.8264,-2.2191,-0.3752,-2.5756,-3.1823,0.1662,-2.8129
225.50,-2.8369,0.1399,-2.8625,-2.3349,-0.4449,-2.6156,-3.3005,0.1299,-2.8599
226.00,-2.9620,0.1048,-2.8888,-2.4529,-0.5134,-2.6320,-3.4422,0.0921,-2.8728
226.50,-3.0884,0.0749,-2.8978,-2.5737,-0.5771,-2.6560,-3.5739,0.0684,-2.9038
227.00,-3.2128,0.0371,-2.8064,-2.6918,-0.6467,-2.5602,-3.6856,0.0305,-2.7992
227.50,-3.3360,-0.0034,-2.8538,-2.8023,-0.7192,-2.5900,-3.8000,-0.0139,-2.8308
228.00,-3.4619,-0.0350,-2.9214,-2.9202,-0.7851,-2.6643,-3.9402,-0.0500,-2.9121
228.50,-3.5886,-0.0661,-2.8978,-3.0429,-0.8488,-2.6482,-4.0647,-0.0716,-2.8960
229.00,-3.7135,-0.1051,-2.8429,-3.1628,-0.9187,-2.5865,-4.1827,-0.1199,-2.8324
229.50,-3.8388,-0.1386,-2.9076,-3.2861,-0.9914,-2.6467,-4.3254,-0.1606,-2.8945
230.00,-3.9651,-0.1698,-2.8946,-3.4098,-1.0581,-2.6365,-4.4364,-0.1845,-2.8859
230.50,-4.0918,-0.1972,-2.9320,-3.5285,-1.1206,-2.6749,-4.5720,-0.2162,-2.9261
231.00,-4.2180,-0.2298,-2.8588,-3.6504,-1.1862,-2.6051,-4.6911,-0.2492,-2.8564
231.50,-4.3426,-0.2676,-2.8398,-3.7680,-1.2580,-2.5833,-4.8182,-0.2895,-2.8346
232.00,-4.4658,-0.3124,-2.7975,-3.8842,-1.3342,-2.5372,-4.9345,-0.3342,-2.7884
232.50,-4.5891,-0.3523,-2.8550,-4.0013,-1.4128,-2.5850,-5.0626,-0.3815,-2.8398
233.00,-4.7140,-0.3884,-2.8463,-4.1239,-1.4868,-2.5874,-5.1998,-0.4123,-2.8456
233.50,-4.8374,-0.4333,-2.7955,-4.2403,-1.5627,-2.5366,-5.3218,-0.4558,-2.7913
234.00,-4.9587,-0.4837,-2.7605,-4.3503,-1.6425,-2.4956,-5.4437,-0.5052,-2.7504
234.50,-5.0802,-0.5278,-2.7976,-4.4606,-1.7235,-2.5272,-5.5652,-0.5566,-2.7889
235.00,-5.2026,-0.5716,-2.7953,-4.5678,-1.7986,-2.5264,-5.6935,-0.6014,-2.7882
235.50,-5.3240,-0.6204,-2.7452,-4.6740,-1.8763,-2.4808,-5.8108,-0.6493,-2.7461
236.00,-5.4412,-0.6781,-2.6303,-4.7805,-1.9672,-2.3718,-5.9322,-0.7089,-2.6351
236.50,-5.5435,-0.7447,-2.4430,-4.8662,-2.0641,-2.1930,-6.0456,-0.7699,-2.4548
237.00,-5.6237,-0.8276,-2.2317,-4.9256,-2.1678,-1.9773,-6.1151,-0.8547,-2.2374
237.50,-5.6950,-0.9359,-2.0744,-4.9673,-2.2944,-1.8110,-6.1924,-0.9666,-2.0763
238.00,-5.7575,-1.0539,-1.8672,-4.9887,-2.4321,-1.6127,-6.2493,-1.0838,-1.8796
238.50,-5.8105,-1.1796,-1.6349,-4.9804,-2.5756,-1.3877,-6.2889,-1.2144,-1.6529
239.00,-5.8352,-1.3086,-1.4161,-4.9357,-2.7130,-1.1483,-6.3020,-1.3487,-1.4135
239.50,-5.8172,-1.4365,-1.3897,-4.8763,-2.8340,-1.1010,-6.3158,-1.4610,-1.3732
240.00,-5.8000,-1.5654,-1.5414,-4.8187,-2.9628,-1.2377,-6.3050,-1.6005,-1.5134
240.50,-5.7938,-1.6952,-1.6614,-4.7839,-3.0951,-1.3719,-6.2977,-1.7272,-1.6511
241.00,-5.8024,-1.8247,-1.6409,-4.7561,-3.2335,-1.3564,-6.2995,-1.8625,-1.6338
241.50,-5.8096,-1.9346,-1.6130,-4.7297,-3.3518,-1.3313,-6.3061,-1.9689,-1.6105
242.00,-5.8098,-1.9834,-1.5610,-4.7148,-3.4078,-1.2773,-6.3072,-2.0268,-1.5565
242.50,-5.8075,-1.9859,-1.5437,-4.7123,-3.4157,-1.2465,-6.3071,-2.0351,-1.5257
243.00,-5.8142,-1.9859,-1.5971,-4.7127,-3.4148,-1.2992,-6.3072,-2.0341,-1.5784
243.50,-5.8219,-1.9859,-1.6490,-4.7106,-3.4230,-1.3504,-6.3074,-2.0426,-1.6296
244.00,-5.8291,-1.9859,-1.6990,-4.7092,-3.4299,-1.4000,-6.3080,-2.0495,-1.6792
244.50,-5.8357,-1.9859,-1.7473,-4.7082,-3.4367,-1.4479,-6.3089,-2.0564,-1.7271
245.00,-5.8420,-1.9860,-1.7940,-4.7075,-3.4433,-1.4947,-6.3100,-2.0629,-1.7739
245.50,-5.8477,-1.9860,-1.8393,-4.7072,-3.4485,-1.5398,-6.3112,-2.0680,-1.8190
246.00,-5.8529,-1.9860,-1.8832,-4.7072,-3.4549,-1.5834,-6.3129,-2.0741,-1.8626
246.50,-5.8576,-1.9861,-1.9258,-4.7073,-3.4596,-1.6248,-6.3143,-2.0787,-1.9040
247.00,-5.8619,-1.9861,-1.9673,-4.7076,-3.4634,-1.6662,-6.3156,-2.0822,-1.9454
247.50,-5.8657,-1.9861,-2.0076,-4.7080,-3.4671,-1.7060,-6.3552,-2.0264,-1.9956
248.00,-5.8690,-1.9862,-2.0468,-4.7084,-3.4700,-1.7451,-6.3564,-2.0291,-2.0347
248.50,-5.8718,-1.9862,-2.0850,-4.7092,-3.4739,-1.7831,-6.3582,-2.0326,-2.0728
249.00,-5.8741,-1.9863,-2.1221,-4.7098,-3.4764,-1.8198,-6.3595,-2.0349,-2.1095
249.50,-5.8760,-1.9863,-2.1584,-4.7103,-3.4784,-1.8551,-6.3606,-2.0366,-2.1448
250.00,-5.8774,-1.9864,-2.1936,-4.7109,-3.4802,-1.8900,-6.3616,-2.0382,-2.1797
250.50,-5.8784,-1.9864,-2.2280,-4.7112,-3.4811,-1.9240,-6.3622,-2.0390,-2.2137
251.00,-5.8790,-1.9865,-2.2615,-4.7114,-3.4816,-1.9569,-6.3626,-2.0394,-2.2466
251.50,-5.8791,-1.9866,-2.2941,-4.7115,-3.4819,-1.9895,-6.3628,-2.0397,-2.2791
252.00,-5.8790,-1.9869,-2.3270,-4.7118,-3.4825,-2.0222,-6.3632,-2.0401,-2.3119
252.50,-5.8789,-1.9872,-2.3610,-4.7121,-3.4830,-2.0559,-6.3636,-2.0406,-2.3455
253.00,-5.8792,-1.9872,-2.3948,-4.7121,-3.4832,-2.0889,-6.3637,-2.0407,-2.3785
253.50,-5.8793,-1.9873,-2.4274,-4.7122,-3.4834,-2.1208,-6.3639,-2.0408,-2.4105
254.00,-5.8792,-1.9870,-2.4603,-4.7122,-3.4833,-2.1528,-6.3638,-2.0408,-2.4425
254.50,-5.8792,-1.9864,-2.4940,-4.7120,-3.4830,-2.1859,-6.3635,-2.0406,-2.4756
255.00,-5.8791,-1.9853,-2.5286,-4.7113,-3.4820,-2.2200,-6.3626,-2.0398,-2.5097
255.50,-5.8791,-1.9837,-2.5642,-4.7103,-3.4808,-2.2555,-6.3613,-2.0389,-2.5451
256.00,-5.8790,-1.9817,-2.6006,-4.7089,-3.4791,-2.2911,-6.3594,-2.0377,-2.5808
256.50,-5.8790,-1.9792,-2.6381,-4.7071,-3.4772,-2.3279,-6.3572,-2.0364,-2.6176
257.00,-5.8789,-1.9763,-2.6765,-4.7049,-3.4750,-2.3654,-6.3545,-2.0349,-2.6550
257.50,-5.8789,-1.9729,-2.7161,-4.7026,-3.4728,-2.4041,-6.3516,-2.0334,-2.6938
258.00,-5.8788,-1.9690,-2.7567,-4.6999,-3.4704,-2.4437,-6.3483,-2.0319,-2.7334
258.50,-5.8788,-1.9646,-2.7984,-4.6964,-3.4676,-2.4853,-6.3442,-2.0302,-2.7750
259.00,-5.8788,-1.9597,-2.8414,-4.6920,-3.4643,-2.5277,-6.3390,-2.0284,-2.8174
259.50,-5.8787,-1.9543,-2.8857,-4.6870,-3.4609,-2.5709,-6.3332,-2.0266,-2.8606
260.00,-5.8787,-1.9485,-2.9314,-4.6821,-3.4580,-2.6163,-6.3278,-2.0251,-2.9060
260.50,-5.8787,-1.9421,-2.9785,-4.6763,-3.4548,-2.6625,-6.3213,-2.0237,-2.9522
261.00,-5.8787,-1.9353,-3.0273,-4.6696,-3.4515,-2.7111,-6.3139,-2.0224,-3.0008
261.50,-5.8787,-1.9280,-3.0778,-4.6623,-3.4483,-2.7614,-6.3060,-2.0215,-3.0511
262.00,-5.8787,-1.9202,-3.1303,-4.6550,-3.4456,-2.8134,-6.3679,-1.9647,-3.1205
262.50,-5.8787,-1.9123,3.0996,-4.6557,-3.4457,-2.8665,-6.3686,-1.9646,3.1096
263.00,-5.8787,-1.9048,3.0483,-4.6629,-3.4476,-2.9170,-6.3760,-1.9641,3.0590
263.50,-5.8787,-1.8978,2.9988,-4.6689,-3.4488,-2.9661,-6.3821,-1.9635,3.0100
264.00,-5.8787,-1.8912,2.9510,-4.6761,-3.4499,-3.0137,-6.3893,-1.9624,2.9623
264.50,-5.8787,-1.8851,2.9048,-4.6823,-3.4506,-3.0597,-6.3954,-1.9611,2.9164
265.00,-5.8788,-1.8796,2.8599,-4.6877,-3.4509,-3.1042,-6.4006,-1.9598,2.8719
265.50,-5.8788,-1.8745,2.8164,-4.6931,-3.4510,3.1357,-6.4059,-1.9583,2.8286
266.00,-5.8788,-1.8699,2.7741,-4.6988,-3.4508,3.0937,-6.4112,-1.9564,2.7866
266.50,-5.8789,-1.8658,2.7330,-4.7031,-3.4506,3.0533,-6.4152,-1.9548,2.7462
267.00,-5.8789,-1.8622,2.6930,-4.7069,-3.4501,3.0134,-6.4187,-1.9533,2.7063
267.50,-5.8790,-1.8590,2.6541,-4.7096,-3.4497,2.9749,-6.4212,-1.9521,2.6678
268.00,-5.8790,-1.8566,2.6180,-4.7125,-3.4492,2.9371,-6.3841,-1.9013,2.6265
268.50,-5.8791,-1.8544,2.5811,-4.7146,-3.4487,2.9005,-6.3860,-1.9002,2.5899
269.00,-5.8791,-1.8526,2.5451,-4.7164,-3.4483,2.8652,-6.3875,-1.8992,2.5546
269.50,-5.8792,-1.8513,2.5100,-4.7173,-3.4480,2.8305,-6.3883,-1.8987,2.5199
270.00,-5.8792,-1.8504,2.4759,-4.7183,-3.4477,2.7970,-6.3891,-1.8981,2.4863
270.50,-5.8793,-1.8500,2.4426,-4.7191,-3.4474,2.7642,-6.3898,-1.8976,2.4536
271.00,-5.8794,-1.8499,2.4101,-4.7189,-3.4474,2.7326,-6.3896,-1.8977,2.4220
271.50,-5.8798,-1.8500,2.3769,-4.7193,-3.4472,2.6997,-6.3900,-1.8973,2.3891
272.00,-5.8799,-1.8500,2.3428,-4.7197,-3.4471,2.6661,-6.3903,-1.8971,2.3555
272.50,-5.8800,-1.8497,2.3093,-4.7200,-3.4469,2.6333,-6.3905,-1.8968,2.3227
273.00,-5.8800,-1.8497,2.2768,-4.7201,-3.4468,2.6014,-6.3906,-1.8967,2.2908
273.50,-5.8797,-1.8498,2.2437,-4.7198,-3.4470,2.5688,-6.3904,-1.8970,2.2582
274.00,-5.8789,-1.8498,2.2098,-4.7193,-3.4474,2.5357,-6.3900,-1.8975,2.2251
274.50,-5.8777,-1.8499,2.1749,-4.7184,-3.4480,2.5014,-6.3893,-1.8984,2.1908
275.00,-5.8760,-1.8499,2.1392,-4.7171,-3.4490,2.4659,-6.3884,-1.8997,2.1553
275.50,-5.8739,-1.8500,2.1024,-4.7161,-3.4498,2.4302,-6.3877,-1.9008,2.1196
276.00,-5.8713,-1.8500,2.0647,-4.7142,-3.4515,2.3936,-6.3864,-1.9029,2.0829
276.50,-5.8682,-1.8501,2.0260,-4.7116,-3.4541,2.3552,-6.3847,-1.9062,2.0446
277.00,-5.8647,-1.8501,1.9862,-4.7090,-3.4567,2.3162,-6.3831,-1.9095,2.0056
277.50,-5.8607,-1.8502,1.9453,-4.7061,-3.4600,2.2757,-6.3813,-1.9136,1.9651
278.00,-5.8561,-1.8502,1.9033,-4.7033,-3.4635,2.2342,-6.3797,-1.9177,1.9236
278.50,-5.8511,-1.8502,1.8599,-4.7004,-3.4674,2.1918,-6.3781,-1.9223,1.8812
279.00,-5.8456,-1.8503,1.8153,-4.6973,-3.4719,2.1484,-6.3765,-1.9276,1.8378
279.50,-5.8399,-1.8491,1.7661,-4.6951,-3.4754,2.1028,-6.3755,-1.9315,1.7922
280.00,-5.8290,-1.8061,1.6035,-4.7110,-3.4430,1.9515,-6.3808,-1.8959,1.6409
280.50,-5.8155,-1.7002,1.5252,-4.7436,-3.3413,1.8506,-6.3498,-1.7626,1.5345
281.00,-5.8144,-1.5703,1.6369,-4.7865,-3.2078,1.9488,-6.3103,-1.6088,1.6312
281.50,-5.8238,-1.4409,1.6755,-4.8422,-3.0837,2.0094,-6.3300,-1.4837,1.6919
282.00,-5.8329,-1.3369,1.5227,-4.8865,-2.9775,1.8761,-6.3343,-1.3689,1.5516
282.50,-5.8321,-1.2191,1.2597,-4.9067,-2.8614,1.6105,-6.3168,-1.2625,1.2824
283.00,-5.7964,-1.0984,1.1400,-4.9015,-2.7331,1.4757,-6.3056,-1.1381,1.1495
283.50,-5.7440,-0.9872,0.9940,-4.8826,-2.6062,1.3434,-6.2517,-1.0286,1.0188
284.00,-5.6707,-0.8913,0.7935,-4.8433,-2.4896,1.1413,-6.1816,-0.9307,0.8138
284.50,-5.5723,-0.8051,0.6396,-4.7778,-2.3721,0.9814,-6.0816,-0.8456,0.6559
285.00,-5.4643,-0.7293,0.5188,-4.6877,-2.2518,0.8656,-5.9640,-0.7609,0.5411
285.50,-5.3587,-0.6646,0.2706,-4.5891,-2.1573,0.6277,-5.8632,-0.7074,0.2988
286.00,-5.2329,-0.6121,0.0083,-4.4631,-2.0896,0.3638,-5.7279,-0.6689,0.0348
286.50,-5.1054,-0.5911,-0.2498,-4.3323,-2.0589,0.0987,-5.6072,-0.6430,-0.2268
287.00,-5.0054,-0.6114,-0.3460,-4.2167,-2.0552,-0.0166,-5.5038,-0.6489,-0.3419
287.50,-4.9299,-0.6360,-0.2798,-4.1293,-2.0556,0.0315,-5.4257,-0.6629,-0.2904
288.00,-4.8429,-0.6521,-0.0291,-4.0426,-2.0444,0.2626,-5.3460,-0.6802,-0.0533
288.50,-4.7184,-0.6574,0.2274,-3.9279,-1.9936,0.5388,-5.2215,-0.6677,0.2255
289.00,-4.6209,-0.6387,0.2928,-3.8355,-1.9314,0.6251,-5.1177,-0.6563,0.3058
289.50,-4.5424,-0.6194,0.1897,-3.7636,-1.8823,0.5423,-5.0330,-0.6416,0.2176
290.00,-4.4296,-0.6099,0.0149,-3.6580,-1.8325,0.3594,-4.9185,-0.6376,0.0295
290.50,-4.2996,-0.6084,0.0061,-3.5315,-1.7886,0.3352,-4.7935,-0.6371,0.0054
291.00,-4.1696,-0.6078,-0.0057,-3.4015,-1.7425,0.3328,-4.6609,-0.6307,0.0065
291.50,-4.0396,-0.6106,-0.0139,-3.2696,-1.6979,0.3230,-4.5250,-0.6305,-0.0086
292.00,-3.9096,-0.6117,-0.0103,-3.1458,-1.6563,0.3266,-4.4083,-0.6316,-0.0050
292.50,-3.7796,-0.6124,-0.0077,-3.0142,-1.6114,0.3305,-4.2732,-0.6320,-0.0011
293.00,-3.6496,-0.6132,-0.0070,-2.8837,-1.5665,0.3316,-4.1553,-0.6325,0.0000
293.50,-3.5196,-0.6138,-0.0051,-2.7581,-1.5232,0.3337,-4.0324,-0.6328,0.0021
294.00,-3.3896,-0.6144,-0.0050,-2.6241,-1.4766,0.3344,-3.8953,-0.6330,0.0029
294.50,-3.2596,-0.6148,-0.0038,-2.4907,-1.4302,0.3362,-3.7681,-0.6329,0.0029
295.00,-3.1296,-0.6176,-0.0196,-2.3625,-1.3862,0.3209,-3.6513,-0.6285,-0.0124
295.50,-2.9997,-0.6199,-0.0175,-2.2400,-1.3456,0.3223,-3.5221,-0.6303,-0.0128
296.00,-2.8697,-0.6208,-0.0112,-2.1092,-1.3013,0.3293,-3.3824,-0.6315,-0.0075
296.50,-2.7397,-0.6213,-0.0071,-1.9831,-1.2578,0.3345,-3.2419,-0.6323,-0.0005
297.00,-2.6097,-0.6219,-0.0057,-1.8548,-1.2131,0.3369,-3.1049,-0.6325,0.0018
297.50,-2.4797,-0.6228,-0.0062,-1.7252,-1.1677,0.3369,-2.9840,-0.6324,0.0019
298.00,-2.3497,-0.6239,-0.0076,-1.5991,-1.1235,0.3361,-2.8563,-0.6322,-0.0007
298.50,-2.2197,-0.6246,-0.0065,-1.4721,-1.0790,0.3380,-2.7298,-0.6320,-0.0006
299.00,-2.0897,-0.6255,-0.0065,-1.3472,-1.0352,0.3384,-2.5992,-0.6322,-0.0002
299.50,-1.9597,-0.6261,-0.0055,-1.2168,-0.9891,0.3401,-2.4735,-0.6322,-0.0002
300.00,-1.8297,-0.6268,-0.0054,-1.0888,-0.9438,0.3409,-2.3436,-0.6323,0.0006
300.50,-1.6997,-0.6277,-0.0063,-0.9619,-0.8987,0.3414,-2.2056,-0.6325,0.0029
301.00,-1.5697,-0.6288,-0.0076,-0.8366,-0.8543,0.3407,-2.0842,-0.6317,-0.0013
301.50,-1.4397,-0.6298,-0.0078,-0.7112,-0.8098,0.3411,-1.9526,-0.6316,-0.0027
302.00,-1.3097,-0.6310,-0.0077,-0.5822,-0.7640,0.3405,-1.8420,-0.6356,-0.0032
302.50,-1.1797,-0.6293,0.0069,-0.4589,-0.7190,0.3566,-1.7052,-0.6354,0.0128
303.00,-1.0497,-0.6291,0.0032,-0.3330,-0.6721,0.3550,-1.5622,-0.6336,0.0112
303.50,-0.9197,-0.6301,-0.0033,-0.2089,-0.6265,0.3488,-1.4100,-0.6324,0.0033
304.00,-0.7897,-0.6303,0.0003,-0.0825,-0.5806,0.3531,-1.2835,-0.6347,0.0067
304.50,-0.6597,-0.6300,0.0009,0.0461,-0.5328,0.3562,-1.1574,-0.6335,0.0082
305.00,-0.5297,-0.6309,-0.0038,0.1755,-0.4849,0.3526,-1.0302,-0.6318,0.0030
305.50,-0.3997,-0.6325,-0.0085,0.2978,-0.4402,0.3478,-0.8984,-0.6320,-0.0027
306.00,-0.2697,-0.6332,-0.0071,0.4223,-0.3949,0.3499,-0.7739,-0.6317,-0.0005
306.50,-0.1397,-0.6333,-0.0015,0.5577,-0.3453,0.3555,-0.6438,-0.6345,0.0039
307.00,-0.0097,-0.6327,0.0013,0.6836,-0.2981,0.3595,-0.5123,-0.6339,0.0070
307.50,0.1203,-0.6325,0.0018,0.8157,-0.2484,0.3610,-0.3716,-0.6339,0.0084
308.00,0.2503,-0.6325,0.0008,0.9461,-0.1992,0.3603,-0.2848,-0.6336,0.0066
308.50,0.3803,-0.6328,-0.0009,1.0660,-0.1541,0.3594,-0.1268,-0.6342,0.0074
309.00,0.5103,-0.6331,-0.0028,1.1931,-0.1063,0.3583,0.0015,-0.6315,0.0069
309.50,0.6403,-0.6348,-0.0081,1.3215,-0.0589,0.3525,0.1341,-0.6321,-0.0016
310.00,0.7703,-0.6356,-0.0071,1.4454,-0.0131,0.3542,0.2530,-0.6320,-0.0010
310.50,0.9003,-0.6364,-0.0069,1.5729,0.0341,0.3549,0.3848,-0.6319,-0.0003
311.00,1.0303,-0.6376,-0.0085,1.6973,0.0802,0.3539,0.5126,-0.6314,-0.0013
311.50,1.1603,-0.6391,-0.0102,1.8255,0.1275,0.3530,0.6464,-0.6310,-0.0028
312.00,1.2902,-0.6407,-0.0114,1.9542,0.1747,0.3519,0.7707,-0.6309,-0.0045
312.50,1.4202,-0.6425,-0.0130,2.0857,0.2230,0.3510,0.8894,-0.6309,-0.0054
313.00,1.5502,-0.6442,-0.0130,2.2121,0.2693,0.3515,1.0188,-0.6309,-0.0049
313.50,1.6802,-0.6444,-0.0040,2.3348,0.3145,0.3583,1.1692,-0.6338,0.0019
314.00,1.8102,-0.6443,-0.0015,2.4603,0.3620,0.3625,1.3016,-0.6333,0.0062
314.50,1.9402,-0.6446,-0.0019,2.5859,0.4095,0.3618,1.4173,-0.6334,0.0049
315.00,2.0702,-0.6449,-0.0023,2.7141,0.4581,0.3619,1.5403,-0.6330,0.0038
315.50,2.2002,-0.6456,-0.0044,2.8470,0.5083,0.3606,1.6703,-0.6323,0.0024
316.00,2.3302,-0.6466,-0.0064,2.9723,0.5554,0.3592,1.8017,-0.6321,0.0011
316.50,2.4602,-0.6478,-0.0078,3.0995,0.6031,0.3582,1.9368,-0.6318,-0.0011
317.00,2.5902,-0.6488,-0.0081,3.2257,0.6504,0.3584,2.0571,-0.6319,-0.0009
317.50,2.7202,-0.6500,-0.0089,3.3530,0.6981,0.3583,2.1939,-0.6317,-0.0010
318.00,2.8502,-0.6513,-0.0095,3.4814,0.7462,0.3584,2.3151,-0.6319,-0.0008
318.50,2.9802,-0.6527,-0.0099,3.6052,0.7926,0.3587,2.4067,-0.6320,-0.0005
319.00,3.1102,-0.6540,-0.0101,3.7395,0.8429,0.3590,2.5006,-0.6320,-0.0003
319.50,3.2402,-0.6554,-0.0105,3.8705,0.8921,0.3591,2.5900,-0.6320,-0.0001
320.00,3.3702,-0.6569,-0.0111,3.9981,0.9401,0.3597,2.6869,-0.6320,0.0004
320.50,3.5002,-0.6585,-0.0119,4.1294,0.9894,0.3589,2.7765,-0.6320,-0.0003
321.00,3.6302,-0.6601,-0.0123,4.2589,1.0380,0.3591,2.8654,-0.6320,-0.0001
321.50,3.7601,-0.6618,-0.0129,4.3851,1.0854,0.3596,2.9650,-0.6320,0.0003
322.00,3.8901,-0.6637,-0.0140,4.5131,1.1335,0.3592,3.0670,-0.6320,-0.0001
322.50,4.0201,-0.6657,-0.0140,4.6415,1.1817,0.3592,3.1789,-0.6320,-0.0001
323.00,4.1501,-0.6653,-0.0032,4.7681,1.2301,0.3705,3.2997,-0.6309,0.0077
323.50,4.2801,-0.6634,0.0077,4.8989,1.2816,0.3813,3.4402,-0.6291,0.0186
324.00,4.4101,-0.6624,0.0076,5.0207,1.3306,0.3813,3.5616,-0.6269,0.0221
324.50,4.5401,-0.6569,0.0311,5.1468,1.3823,0.4027,3.6924,-0.6228,0.0435
325.00,4.6699,-0.6455,0.0726,5.2677,1.4369,0.4470,3.8201,-0.6142,0.0878
325.50,4.7996,-0.6392,0.0504,5.3944,1.4969,0.4293,3.9498,-0.6023,0.0665
326.00,4.9295,-0.6342,0.0465,5.5151,1.5508,0.4214,4.0618,-0.5946,0.0586
326.50,5.0594,-0.6326,0.0175,5.6406,1.6059,0.3972,4.2087,-0.5878,0.0379
327.00,5.1894,-0.6379,-0.0217,5.7632,1.6536,0.3516,4.3302,-0.5961,-0.0112
327.50,5.3193,-0.6414,-0.0432,5.8973,1.7032,0.3389,4.4727,-0.5978,-0.0202
328.00,5.4489,-0.6536,-0.1257,6.0243,1.7424,0.2597,4.6059,-0.6055,-0.0995
328.50,5.5766,-0.6748,-0.2483,6.1562,1.7697,0.1395,4.7189,-0.6263,-0.2232
329.00,5.7001,-0.7049,-0.3924,6.2867,1.7790,-0.0004,4.8444,-0.6638,-0.3632
329.50,5.8158,-0.7506,-0.5593,6.4187,1.7684,-0.1622,4.9639,-0.7051,-0.5266
330.00,5.9103,-0.8184,-0.7697,6.5390,1.7363,-0.3698,5.0650,-0.7632,-0.7360
330.50,5.9734,-0.8970,-0.9872,6.6331,1.6877,-0.5871,5.1254,-0.8422,-0.9533
331.00,6.0299,-1.0082,-1.1407,6.7363,1.6043,-0.7538,5.1919,-0.9568,-1.1235
331.50,6.0651,-1.0816,-1.1888,6.8023,1.5385,-0.8080,5.2295,-1.0422,-1.1742
332.00,6.0743,-1.0994,-1.2298,6.8203,1.5191,-0.8491,5.2389,-1.0569,-1.2118
332.50,6.0711,-1.0993,-1.2728,6.8188,1.5210,-0.8921,5.2382,-1.0547,-1.2549
333.00,6.0657,-1.0993,-1.3172,6.8148,1.5263,-0.9361,5.2363,-1.0483,-1.2989
333.50,6.0599,-1.0993,-1.3629,6.8122,1.5301,-0.9810,5.2352,-1.0439,-1.3438
334.00,6.0535,-1.0993,-1.4101,6.8087,1.5356,-1.0277,5.2340,-1.0375,-1.3905
334.50,6.0466,-1.0992,-1.4590,6.8049,1.5423,-1.0757,5.2328,-1.0298,-1.4385
335.00,6.0393,-1.0992,-1.5096,6.8010,1.5499,-1.1250,5.2319,-1.0214,-1.4877
335.50,6.0315,-1.0992,-1.5622,6.7981,1.5566,-1.1774,5.2315,-1.0140,-1.5401
336.00,6.0236,-1.0992,-1.6154,6.7995,1.5529,-1.2301,5.2314,-1.0180,-1.5928
336.50,6.0251,-1.0992,-1.5907,6.7990,1.5541,-1.2173,5.2314,-1.0168,-1.5801
337.00,6.0330,-1.0992,-1.5373,6.7989,1.5546,-1.1632,5.2315,-1.0162,-1.5260
337.50,6.0406,-1.0992,-1.4857,6.8028,1.5461,-1.1107,5.2321,-1.0255,-1.4734
338.00,6.0477,-1.0992,-1.4359,6.8058,1.5404,-1.0599,5.2329,-1.0319,-1.4227
338.50,6.0543,-1.0993,-1.3878,6.8091,1.5349,-1.0106,5.2341,-1.0383,-1.3734
339.00,6.0605,-1.0993,-1.3413,6.8128,1.5294,-0.9636,5.2355,-1.0447,-1.3263
339.50,6.0661,-1.0993,-1.2962,6.8155,1.5256,-0.9177,5.2368,-1.0493,-1.2805
340.00,6.0713,-1.0993,-1.2525,6.8196,1.5205,-0.8726,5.2387,-1.0554,-1.2354
340.50,6.0760,-1.0994,-1.2100,6.8234,1.5161,-0.8290,5.2408,-1.0609,-1.1918
341.00,6.0802,-1.0994,-1.1687,6.8266,1.5128,-0.7874,5.2426,-1.0652,-1.1502
341.50,6.0839,-1.0995,-1.1286,6.8300,1.5095,-0.7462,5.2446,-1.0694,-1.1090
342.00,6.0871,-1.0995,-1.0895,6.8334,1.5064,-0.7056,5.2467,-1.0735,-1.0683
342.50,6.0898,-1.0996,-1.0515,6.8361,1.5042,-0.6668,5.2485,-1.0765,-1.0296
343.00,6.0921,-1.0996,-1.0144,6.8379,1.5029,-0.6290,5.2496,-1.0784,-0.9917
343.50,6.0939,-1.0997,-0.9784,6.8391,1.5021,-0.5920,5.2504,-1.0796,-0.9547
344.00,6.0953,-1.0997,-0.9432,6.8403,1.5013,-0.5557,5.2513,-1.0808,-0.9185
344.50,6.0962,-1.0998,-0.9090,6.8413,1.5006,-0.5212,5.2521,-1.0817,-0.8839
345.00,6.0967,-1.0998,-0.8756,6.8418,1.5004,-0.4870,5.2524,-1.0821,-0.8497
345.50,6.0968,-1.0999,-0.8431,6.8419,1.5004,-0.4542,5.2524,-1.0822,-0.8169
346.00,6.0967,-1.0996,-0.8100,6.8417,1.5004,-0.4201,5.2523,-1.0820,-0.7829
346.50,6.0966,-1.0995,-0.7759,6.8414,1.5006,-0.3851,5.2521,-1.0818,-0.7479
347.00,6.0962,-1.0996,-0.7423,6.8407,1.5008,-0.3510,5.2515,-1.0813,-0.7137
347.50,6.0961,-1.0996,-0.7097,6.8404,1.5010,-0.3178,5.2512,-1.0811,-0.6806
348.00,6.0960,-1.0993,-0.6767,6.8400,1.5011,-0.2842,5.2509,-1.0809,-0.6470
348.50,6.0959,-1.0986,-0.6429,6.8393,1.5012,-0.2497,5.2504,-1.0804,-0.6124
349.00,6.0959,-1.0975,-0.6082,6.8382,1.5015,-0.2140,5.2495,-1.0798,-0.5768
349.50,6.0958,-1.0958,-0.5725,6.8367,1.5018,-0.1781,5.2481,-1.0790,-0.5409
350.00,6.0958,-1.0938,-0.5359,6.8345,1.5022,-0.1411,5.2462,-1.0779,-0.5038
350.50,6.0957,-1.0912,-0.4983,6.8316,1.5025,-0.1025,5.2436,-1.0765,-0.4653
351.00,6.0957,-1.0882,-0.4597,6.8282,1.5028,-0.0630,5.2405,-1.0750,-0.4258
351.50,6.0956,-1.0847,-0.4194,6.8238,1.5030,-0.0225,5.2365,-1.0733,-0.3852
352.00,6.0955,-1.0768,-0.2827,6.8178,1.5028,0.0965,5.2308,-1.0714,-0.2662
352.50,6.0954,-1.0604,-0.0432,6.8026,1.4995,0.3322,5.2154,-1.0690,-0.0306
353.00,6.0954,-1.0359,0.2004,6.8146,1.5068,0.5835,5.2292,-1.0665,0.2208
353.50,6.0955,-1.0241,0.2938,6.8262,1.5155,0.6939,5.2432,-1.0625,0.3311
354.00,6.0955,-1.0191,0.3370,6.8302,1.5190,0.7381,5.2482,-1.0606,0.3753
354.50,6.0956,-1.0147,0.3789,6.8342,1.5228,0.7813,5.2533,-1.0585,0.4185
355.00,6.0956,-1.0107,0.4197,6.8369,1.5256,0.8229,5.2568,-1.0568,0.4601
355.50,6.0957,-1.0072,0.4594,6.8399,1.5289,0.8636,5.2607,-1.0548,0.5008
356.00,6.0957,-1.0042,0.4980,6.8426,1.5322,0.9030,5.2644,-1.0527,0.5402
356.50,6.0958,-1.0016,0.5356,6.8443,1.5344,0.9413,5.2668,-1.0512,0.5785
357.00,6.0958,-0.9995,0.5722,6.8455,1.5362,0.9788,5.2686,-1.0500,0.6161
357.50,6.0959,-0.9979,0.6079,6.8466,1.5378,1.0154,5.2701,-1.0488,0.6527
358.00,6.0959,-0.9968,0.6426,6.8472,1.5389,1.0510,5.2711,-1.0481,0.6882
358.50,6.0960,-0.9960,0.6765,6.8478,1.5400,1.0861,5.2721,-1.0473,0.7234
359.00,6.0962,-0.9956,0.7100,6.8479,1.5401,1.1193,5.2722,-1.0472,0.7565
359.50,6.1229,-0.9699,0.8186,6.8612,1.5710,1.2140,5.2955,-1.0230,0.8513
360.00,6.1842,-0.8923,0.9425,6.8887,1.6672,1.3485,5.3385,-0.8407,0.9543
360.50,6.2564,-0.7898,0.9493,6.9153,1.7970,1.3655,5.4131,-0.7408,0.9660
361.00,6.3027,-0.7244,0.9762,6.9334,1.8867,1.3868,5.4693,-0.6651,0.9856
361.50,6.3139,-0.7086,1.0121,6.9382,1.9144,1.4231,5.4851,-0.6518,1.0255
362.00,6.3117,-0.7087,1.0490,6.9379,1.9117,1.4606,5.4837,-0.6542,1.0629
362.50,6.3090,-0.7087,1.0870,6.9377,1.9090,1.4992,5.4825,-0.6566,1.1016
363.00,6.3058,-0.7088,1.1260,6.9376,1.9061,1.5390,5.4812,-0.6592,1.1413
363.50,6.3021,-0.7088,1.1661,6.9375,1.9020,1.5797,5.4796,-0.6630,1.1821
364.00,6.2980,-0.7089,1.2073,6.9377,1.8980,1.6214,5.4782,-0.6667,1.2237
364.50,6.2933,-0.7089,1.2497,6.9380,1.8931,1.6640,5.4766,-0.6714,1.2663
365.00,6.2882,-0.7089,1.2933,6.9387,1.8874,1.7077,5.4750,-0.6768,1.3101
365.50,6.2826,-0.7090,1.3383,6.9397,1.8810,1.7530,5.4735,-0.6832,1.3554
366.00,6.2765,-0.7090,1.3847,6.9409,1.8754,1.8000,5.4724,-0.6888,1.4023
366.50,6.2699,-0.7090,1.4327,6.9422,1.8704,1.8484,5.4717,-0.6939,1.4507
367.00,6.2628,-0.7090,1.4823,6.9449,1.8618,1.8982,5.4708,-0.7029,1.5006
367.50,6.2553,-0.7090,1.5338,6.9479,1.8535,1.9501,5.4704,-0.7117,1.5525
368.00,6.2473,-0.7090,1.5872,6.9497,1.8493,2.0038,5.4704,-0.7163,1.6061
368.50,6.2396,-0.7090,1.6395,6.9460,1.8569,2.0571,5.4699,-0.7078,1.6594
369.00,6.2323,-0.7090,1.6898,6.9422,1.8637,2.1088,5.4690,-0.7001,1.7111
369.50,6.2255,-0.7090,1.7384,6.9384,1.8697,2.1584,5.4679,-0.6930,1.7608
370.00,6.2192,-0.7090,1.7854,6.9344,1.8754,2.2060,5.4664,-0.6863,1.8084
370.50,6.2134,-0.7090,1.8309,6.9309,1.8800,2.2518,5.4649,-0.6807,1.8542
371.00,6.2081,-0.7089,1.8751,6.9269,1.8847,2.2969,5.4631,-0.6748,1.8992
371.50,6.2033,-0.7089,1.9180,6.9240,1.8879,2.3405,5.4616,-0.6708,1.9428
372.00,6.1989,-0.7089,1.9596,6.9209,1.8909,2.3834,5.4600,-0.6667,1.9857
372.50,6.1951,-0.7088,2.0002,6.9179,1.8936,2.4248,5.4582,-0.6631,2.0271
373.00,6.1917,-0.7088,2.0396,6.9152,1.8959,2.4650,5.4566,-0.6599,2.0673
373.50,6.1888,-0.7087,2.0779,6.9128,1.8978,2.5042,5.4551,-0.6572,2.1065
374.00,6.1864,-0.7087,2.1153,6.9105,1.8994,2.5429,5.4537,-0.6549,2.1453
374.50,6.1844,-0.7086,2.1517,6.9097,1.8999,2.5803,5.4531,-0.6541,2.1827
375.00,6.1829,-0.7086,2.1871,6.9077,1.9011,2.6167,5.4518,-0.6522,2.2191
375.50,6.1818,-0.7085,2.2216,6.9065,1.9018,2.6523,5.4509,-0.6511,2.2546
376.00,6.1812,-0.7085,2.2553,6.9060,1.9021,2.6869,5.4506,-0.6507,2.2893
376.50,6.1810,-0.7084,2.2881,6.9056,1.9023,2.7200,5.4503,-0.6504,2.3224
377.00,6.1811,-0.7085,2.3208,6.9058,1.9022,2.7537,5.4504,-0.6505,2.3561
377.50,6.1811,-0.7088,2.3546,6.9064,1.9020,2.7881,5.4508,-0.6509,2.3904
378.00,6.1814,-0.7087,2.3886,6.9063,1.9020,2.8234,5.4508,-0.6509,2.4257
378.50,6.1817,-0.7086,2.4214,6.9066,1.9019,2.8571,5.4511,-0.6511,2.4595
379.00,6.1818,-0.7088,2.4541,6.9067,1.9019,2.8902,5.4511,-0.6512,2.4926
379.50,6.1818,-0.7094,2.4877,6.9076,1.9017,2.9248,5.4518,-0.6517,2.5272
380.00,6.1819,-0.7104,2.5221,6.9083,1.9015,2.9599,5.4524,-0.6521,2.5622
380.50,6.1819,-0.7119,2.5575,6.9095,1.9013,2.9962,5.4535,-0.6528,2.5986
381.00,6.1820,-0.7138,2.5938,6.9115,1.9011,3.0334,5.4553,-0.6538,2.6357
381.50,6.1820,-0.7159,2.6293,6.9136,1.9009,3.0716,5.4571,-0.6547,2.6740
382.00,6.1821,-0.7188,2.6675,6.9173,1.9007,3.1107,5.4605,-0.6564,2.7131
382.50,6.1821,-0.7221,2.7068,6.9219,1.9006,-3.1318,5.4647,-0.6582,2.7537
383.00,6.1822,-0.7259,2.7472,6.9253,1.9007,-3.0910,5.4679,-0.6594,2.7946
383.50,6.1822,-0.7301,2.7886,6.9285,1.9010,-3.0491,5.4709,-0.6605,2.8365
384.00,6.1822,-0.7349,2.8314,6.9330,1.9015,-3.0058,5.4752,-0.6617,2.8798
384.50,6.1823,-0.7402,2.8753,6.9374,1.9022,-2.9610,5.4795,-0.6628,2.9245
385.00,6.1823,-0.7459,2.9207,6.9435,1.9034,-2.9152,5.4857,-0.6640,2.9703
385.50,6.1823,-0.7521,2.9675,6.9490,1.9048,-2.8678,5.4912,-0.6648,3.0177
386.00,6.1824,-0.7588,3.0158,6.9547,1.9066,-2.8189,5.4972,-0.6654,3.0666
386.50,6.1824,-0.7660,3.0659,6.9608,1.9088,-2.7683,5.5037,-0.6657,3.1172
387.00,6.1824,-0.7737,3.1179,6.9672,1.9114,-2.7157,5.5106,-0.6657,-3.1134
387.50,6.1824,-0.7817,-3.1118,6.9701,1.9128,-2.6615,5.3538,-0.7142,-3.1010
388.00,6.1824,-0.7893,-3.0601,6.9624,1.9085,-2.6092,5.3450,-0.7148,-3.0488
388.50,6.1824,-0.7964,-3.0102,6.9555,1.9042,-2.5581,5.3369,-0.7158,-2.9977
389.00,6.1823,-0.8031,-2.9620,6.9494,1.9000,-2.5090,5.3295,-0.7170,-2.9485
389.50,6.1823,-0.8092,-2.9154,6.9446,1.8963,-2.4610,5.3237,-0.7183,-2.9005
390.00,6.1823,-0.8149,-2.8702,6.9403,1.8926,-2.4152,5.3182,-0.7198,-2.8547
390.50,6.1822,-0.8201,-2.8264,6.9362,1.8888,-2.3705,5.3128,-0.7215,-2.8100
391.00,6.1822,-0.8248,-2.7838,6.9331,1.8857,-2.3270,5.3087,-0.7230,-2.7665
391.50,6.1822,-0.8291,-2.7424,6.9303,1.8826,-2.2845,5.3048,-0.7246,-2.7240
392.00,6.1821,-0.8328,-2.7022,6.9275,1.8792,-2.2429,5.3414,-0.7777,-2.6894
392.50,6.1821,-0.8361,-2.6630,6.9250,1.8760,-2.2034,5.3378,-0.7796,-2.6499
393.00,6.1820,-0.8389,-2.6249,6.9235,1.8739,-2.1645,5.3356,-0.7808,-2.6110
393.50,6.1820,-0.8412,-2.5878,6.9218,1.8712,-2.1268,5.3328,-0.7825,-2.5733
394.00,6.1819,-0.8430,-2.5517,6.9205,1.8691,-2.0891,5.3308,-0.7838,-2.5356
394.50,6.1819,-0.8444,-2.5165,6.9198,1.8677,-2.0531,5.3294,-0.7848,-2.4996
395.00,6.1818,-0.8454,-2.4822,6.9193,1.8668,-2.0180,5.3287,-0.7854,-2.4646
395.50,6.1818,-0.8459,-2.4488,6.9191,1.8663,-1.9835,5.3283,-0.7857,-2.4300
396.00,6.1815,-0.8461,-2.4157,6.9190,1.8662,-1.9501,5.3281,-0.7858,-2.3966
396.50,6.1552,-0.8721,-2.3066,6.9089,1.8366,-1.8539,5.3063,-0.8081,-2.3004
397.00,6.0954,-0.9507,-2.1878,6.8882,1.7379,-1.7223,5.2554,-0.8934,-2.1758
397.50,6.0219,-1.0576,-2.1761,6.8698,1.6003,-1.7002,5.1789,-1.0046,-2.1572
398.00,5.9491,-1.1651,-2.1652,6.8533,1.4675,-1.6871,5.1155,-1.1164,-2.1458
398.50,5.8731,-1.2713,-2.2034,6.8348,1.3303,-1.7232,5.0383,-1.2214,-2.1836
399.00,5.7931,-1.3746,-2.2481,6.8118,1.1964,-1.7636,4.9581,-1.3256,-2.2276
399.50,5.7090,-1.4740,-2.2988,6.7825,1.0621,-1.8104,4.8718,-1.4280,-2.2744
400.00,5.6178,-1.5674,-2.4029,6.7468,0.9382,-1.9066,4.8002,-1.5181,-2.3786
400.50,5.5158,-1.6498,-2.5722,6.6932,0.8138,-2.0683,4.6907,-1.6027,-2.5410
401.00,5.4246,-1.7085,-2.6848,6.6280,0.7111,-2.1946,4.6019,-1.6603,-2.6707
401.50,5.3864,-1.7289,-2.6693,6.5987,0.6712,-2.1885,4.5634,-1.6908,-2.6630
402.00,5.3855,-1.7322,-2.6311,6.5955,0.6667,-2.1495,4.5586,-1.6934,-2.6239
402.50,5.3854,-1.7346,-2.5938,6.5939,0.6641,-2.1112,4.5559,-1.6950,-2.5856
403.00,5.3854,-1.7365,-2.5575,6.5928,0.6622,-2.0741,4.5540,-1.6962,-2.5485
403.50,5.3853,-1.7380,-2.5222,6.5920,0.6606,-2.0374,4.5526,-1.6972,-2.5118
404.00,5.3853,-1.7390,-2.4877,6.5917,0.6600,-2.0020,4.5521,-1.6976,-2.4764
404.50,5.3852,-1.7396,-2.4542,6.5914,0.6595,-1.9674,4.5516,-1.6980,-2.4418
405.00,5.3851,-1.7397,-2.4215,6.5913,0.6591,-1.9344,4.5513,-1.6982,-2.4088
405.50,5.3853,-1.7396,-2.3886,6.5913,0.6591,-1.9008,4.5513,-1.6982,-2.3753
406.00,5.3855,-1.7396,-2.3547,6.5914,0.6594,-1.8657,4.5515,-1.6980,-2.3402
406.50,5.3854,-1.7392,-2.3208,6.5915,0.6597,-1.8311,4.5517,-1.6977,-2.3055
407.00,5.3854,-1.7390,-2.2881,6.5914,0.6594,-1.7973,4.5515,-1.6980,-2.2718
407.50,5.3856,-1.7389,-2.2553,6.5914,0.6594,-1.7634,4.5515,-1.6980,-2.2378
408.00,5.3862,-1.7389,-2.2217,6.5915,0.6600,-1.7288,4.5519,-1.6975,-2.2033
408.50,5.3872,-1.7388,-2.1872,6.5917,0.6615,-1.6933,4.5527,-1.6963,-2.1678
409.00,5.3888,-1.7388,-2.1517,6.5919,0.6634,-1.6571,4.5538,-1.6946,-2.1315
409.50,5.3904,-1.7387,-2.1205,6.5921,0.6660,-1.6235,4.5552,-1.6924,-2.0980
410.00,5.3921,-1.7387,-2.0927,6.5921,0.6679,-1.5948,4.5561,-1.6908,-2.0692
410.50,5.3941,-1.7387,-2.0644,6.5922,0.6693,-1.5659,4.5567,-1.6896,-2.0404
411.00,5.3964,-1.7386,-2.0354,6.5921,0.6710,-1.5364,4.5575,-1.6880,-2.0108
411.50,5.3989,-1.7386,-2.0055,6.5920,0.6734,-1.5057,4.5585,-1.6858,-1.9801
412.00,5.4025,-1.7385,-1.9664,6.5917,0.6776,-1.4643,4.5601,-1.6819,-1.9388
412.50,5.4067,-1.7385,-1.9249,6.5911,0.6817,-1.4221,4.5615,-1.6781,-1.8965
413.00,5.4115,-1.7385,-1.8822,6.5906,0.6847,-1.3793,4.5624,-1.6752,-1.8538
413.50,5.4167,-1.7384,-1.8383,6.5894,0.6902,-1.3346,4.5638,-1.6697,-1.8090
414.00,5.4225,-1.7384,-1.7930,6.5878,0.6965,-1.2891,4.5653,-1.6634,-1.7635
414.50,5.4287,-1.7384,-1.7462,6.5859,0.7025,-1.2422,4.5663,-1.6572,-1.7166
415.00,5.4354,-1.7384,-1.6979,6.5837,0.7084,-1.1930,4.5671,-1.6509,-1.6674
415.50,5.4425,-1.7383,-1.6479,6.5812,0.7144,-1.1418,4.5969,-1.6713,-1.6283
416.00,5.4502,-1.7383,-1.5959,6.5771,0.7227,-1.0891,4.6225,-1.6855,-1.5862
416.50,5.4582,-1.7383,-1.5425,6.5762,0.7245,-1.0355,4.6226,-1.6835,-1.5326
417.00,5.4658,-1.7383,-1.4907,6.5807,0.7174,-0.9826,4.6231,-1.6919,-1.4797
417.50,5.4729,-1.7384,-1.4407,6.5851,0.7110,-0.9317,4.6240,-1.6996,-1.4289
418.00,5.4796,-1.7384,-1.3925,6.5896,0.7054,-0.8828,4.6252,-1.7068,-1.3800
418.50,5.4858,-1.7384,-1.3458,6.5945,0.6996,-0.8350,4.6268,-1.7142,-1.3321
419.00,5.4915,-1.7384,-1.3006,6.5980,0.6959,-0.7890,4.6282,-1.7191,-1.2861
419.50,5.4967,-1.7385,-1.2567,6.6025,0.6916,-0.7439,4.6300,-1.7250,-1.2410
420.00,5.5014,-1.7385,-1.2141,6.6065,0.6881,-0.7009,4.6318,-1.7300,-1.1980
420.50,5.5057,-1.7385,-1.1727,6.6104,0.6849,-0.6584,4.6338,-1.7347,-1.1555
421.00,5.5092,-1.7386,-1.1356,6.6139,0.6823,-0.6173,4.6356,-1.7387,-1.1144
421.50,5.5103,-1.7386,-1.1168,6.6149,0.6816,-0.6006,4.6362,-1.7398,-1.0977
422.00,5.5137,-1.7398,-1.0810,6.6185,0.6792,-0.5610,4.6894,-1.6998,-1.0651
422.50,5.5346,-1.7780,-1.0544,6.6535,0.6576,-0.5386,4.7096,-1.7357,-1.0427
423.00,5.5867,-1.8654,-0.9123,6.7418,0.6117,-0.4079,4.7653,-1.8183,-0.9173
423.50,5.6728,-1.9595,-0.7504,6.8643,0.5713,-0.2369,4.8481,-1.9105,-0.7427
424.00,5.7703,-2.0452,-0.7072,6.9981,0.5445,-0.1783,4.9482,-1.9953,-0.6894
424.50,5.8672,-2.1323,-0.7805,7.1299,0.5179,-0.2399,5.0469,-2.0824,-0.7580
425.00,5.9566,-2.2271,-0.8343,7.2628,0.4802,-0.3009,5.1425,-2.1773,-0.8224
425.50,6.0433,-2.3241,-0.8422,7.3949,0.4380,-0.3112,5.2284,-2.2746,-0.8302
426.00,6.1305,-2.4203,-0.8246,7.5225,0.3978,-0.2954,5.3053,-2.3644,-0.8117
426.50,6.2191,-2.5134,-0.7974,7.6457,0.3621,-0.2686,5.3982,-2.4562,-0.7867
427.00,6.2800,-2.5742,-0.7632,7.7383,0.3381,-0.2336,5.4596,-2.5229,-0.7517
427.50,6.2973,-2.5907,-0.7300,7.7679,0.3314,-0.1995,5.4821,-2.5434,-0.7176
428.00,6.2972,-2.5907,-0.6975,7.7676,0.3314,-0.1664,5.4818,-2.5432,-0.6845
428.50,6.2971,-2.5902,-0.6642,7.7672,0.3315,-0.1324,5.4815,-2.5430,-0.6505
429.00,6.2971,-2.5893,-0.6300,7.7667,0.3315,-0.0975,5.4811,-2.5427,-0.6156
429.50,6.2970,-2.5880,-0.5949,7.7648,0.3317,-0.0620,5.4795,-2.5416,-0.5800
430.00,6.2970,-2.5862,-0.5589,7.7631,0.3317,-0.0250,5.4780,-2.5407,-0.5431
430.50,6.2969,-2.5840,-0.5219,7.7608,0.3317,0.0124,5.4760,-2.5396,-0.5057
431.00,6.2969,-2.5812,-0.4840,7.7578,0.3316,0.0508,5.4734,-2.5382,-0.4673
431.50,6.2968,-2.5780,-0.4450,7.7548,0.3314,0.0903,5.4707,-2.5369,-0.4278
432.00,6.2968,-2.5744,-0.4049,7.7522,0.3312,0.1311,5.4683,-2.5358,-0.3870
432.50,6.2967,-2.5702,-0.3637,7.7474,0.3304,0.1732,5.4637,-2.5341,-0.3449
433.00,6.2967,-2.5656,-0.3213,7.7415,0.3293,0.2155,5.4580,-2.5322,-0.3025
433.50,6.2967,-2.5604,-0.2777,7.7361,0.3280,0.2595,5.4527,-2.5306,-0.2586
434.00,6.2966,-2.5548,-0.2327,7.7311,0.3265,0.3050,5.4477,-2.5294,-0.2131
434.50,6.2966,-2.5487,-0.1863,7.7254,0.3246,0.3518,5.4418,-2.5283,-0.1663
435.00,6.2966,-2.5421,-0.1383,7.7182,0.3217,0.4003,5.4341,-2.5272,-0.1178
435.50,6.2966,-2.5351,-0.0887,7.7117,0.3188,0.4510,5.4269,-2.5265,-0.0671
436.00,6.2966,-2.5275,-0.0372,7.7053,0.3155,0.5029,5.4198,-2.5262,-0.0151
436.50,6.2966,-2.5196,0.0162,7.7020,0.3136,0.5569,5.4159,-2.5262,0.0388
437.00,6.2966,-2.5118,0.0684,7.7098,0.3188,0.6102,5.4253,-2.5256,0.0921
437.50,6.2966,-2.5046,0.1188,7.7154,0.3229,0.6618,5.4322,-2.5248,0.1438
438.00,6.2966,-2.4978,0.1674,7.7210,0.3275,0.7115,5.4394,-2.5236,0.1934
438.50,6.2966,-2.4915,0.2144,7.7259,0.3319,0.7593,5.4458,-2.5222,0.2413
439.00,6.2967,-2.4857,0.2600,7.7301,0.3361,0.8059,5.4515,-2.5206,0.2878
439.50,6.2967,-2.4804,0.3041,7.7342,0.3405,0.8506,5.4573,-2.5188,0.3326
440.00,6.2967,-2.4755,0.3470,7.7383,0.3453,0.8939,5.4632,-2.5166,0.3759
440.50,6.2968,-2.4712,0.3887,7.7414,0.3494,0.9362,5.4679,-2.5147,0.4182
441.00,6.2968,-2.4673,0.4292,7.7439,0.3530,0.9776,5.4719,-2.5128,0.4595
441.50,6.2969,-2.4639,0.4686,7.7456,0.3556,1.0176,5.4747,-2.5113,0.4996
442.00,6.2969,-2.4610,0.5070,7.7469,0.3578,1.0569,5.4769,-2.5101,0.5388
442.50,6.2970,-2.4586,0.5443,7.7482,0.3601,1.0949,5.4791,-2.5087,0.5768
443.00,6.2970,-2.4566,0.5807,7.7494,0.3626,1.1324,5.4814,-2.5071,0.6144
443.50,6.2971,-2.4551,0.6162,7.7498,0.3636,1.1688,5.4823,-2.5065,0.6507
444.00,6.2971,-2.4540,0.6507,7.7504,0.3649,1.2048,5.4834,-2.5056,0.6868
444.50,6.2972,-2.4534,0.6843,7.7506,0.3655,1.2388,5.4839,-2.5052,0.7208
445.00,6.2972,-2.4532,0.7171,7.7507,0.3658,1.2728,5.4841,-2.5050,0.7548
445.50,6.2971,-2.4533,0.7498,7.7506,0.3657,1.3062,5.4840,-2.5051,0.7881
446.00,6.2969,-2.4534,0.7837,7.7506,0.3653,1.3406,5.4838,-2.5053,0.8226
446.50,6.2969,-2.4536,0.8176,7.7505,0.3651,1.3756,5.4836,-2.5055,0.8576
447.00,6.2970,-2.4540,0.8505,7.7504,0.3643,1.4099,5.4831,-2.5062,0.8919
447.50,6.2969,-2.4540,0.8731,7.7504,0.3642,1.4344,5.4830,-2.5062,0.9164
448.00,6.2965,-2.4540,0.9064,7.7503,0.3638,1.4679,5.4828,-2.5066,0.9498
448.50,6.2956,-2.4541,0.9405,7.7502,0.3629,1.5028,5.4823,-2.5073,0.9847
449.00,6.2943,-2.4542,0.9756,7.7502,0.3621,1.5383,5.4819,-2.5079,1.0202
449.50,6.2925,-2.4542,1.0116,7.7502,0.3608,1.5749,5.4812,-2.5091,1.0568
450.00,6.2903,-2.4543,1.0486,7.7502,0.3585,1.6126,5.4801,-2.5111,1.0945
450.50,6.2875,-2.4543,1.0865,7.7504,0.3554,1.6511,5.4787,-2.5139,1.1330
451.00,6.2844,-2.4543,1.1255,7.7507,0.3529,1.6906,5.4777,-2.5162,1.1725
451.50,6.2807,-2.4544,1.1656,7.7512,0.3489,1.7309,5.4762,-2.5200,1.2128
452.00,6.2765,-2.4544,1.2068,7.7519,0.3450,1.7726,5.4749,-2.5237,1.2545
452.50,6.2719,-2.4545,1.2491,7.7529,0.3407,1.8153,5.4736,-2.5279,1.2972
453.00,6.2668,-2.4545,1.2928,7.7540,0.3368,1.8595,5.4726,-2.5319,1.3414
453.50,6.2606,-2.4247,1.4221,7.7458,0.3590,1.9731,5.4765,-2.5085,1.4550
454.00,6.2492,-2.3311,1.5549,7.7031,0.4378,2.1261,5.4785,-2.4189,1.6080
454.50,6.2494,-2.2013,1.5733,7.6255,0.5601,2.1447,5.4276,-2.1436,1.5830
455.00,6.2448,-2.0713,1.5966,7.5491,0.6738,2.1730,5.4234,-2.0237,1.6095
455.50,6.2419,-1.9413,1.5773,7.4696,0.7890,2.1626,5.4174,-1.8906,1.5992
456.00,6.2453,-1.8114,1.5536,7.4002,0.8971,2.1310,5.4126,-1.7689,1.5658
456.50,6.2417,-1.6814,1.6036,7.3251,1.0124,2.1756,5.4209,-1.6413,1.6104
457.00,6.2308,-1.5516,1.6427,7.2434,1.1242,2.2240,5.4016,-1.5132,1.6588
457.50,6.2238,-1.4219,1.6365,7.1610,1.2338,2.2139,5.3904,-1.3764,1.6452
458.00,6.2138,-1.2922,1.6235,7.0801,1.3397,2.2147,5.3792,-1.2537,1.6461
458.50,6.2124,-1.1624,1.4471,7.0094,1.4487,2.0481,5.3881,-1.1238,1.4759
459.00,6.2202,-1.0351,1.2832,6.9578,1.5704,1.8853,5.3952,-0.9935,1.3132
459.50,6.2496,-0.9143,1.1076,6.9282,1.6974,1.7090,5.4310,-0.8707,1.1351
460.00,6.3065,-0.8023,0.9706,6.9189,1.8308,1.5689,5.4656,-0.7548,0.9927
460.50,6.3829,-0.6990,0.8775,6.9263,1.9631,1.4689,5.5385,-0.6480,0.8962
461.00,6.4660,-0.5992,0.8886,6.9406,2.0948,1.4713,5.6198,-0.5450,0.8968
461.50,6.5468,-0.4976,0.9034,6.9527,2.2285,1.4873,5.6984,-0.4442,0.9163
462.00,6.6260,-0.3947,0.9206,6.9626,2.3628,1.5071,5.7731,-0.3365,0.9343
462.50,6.7060,-0.2921,0.9036,6.9721,2.4950,1.4894,5.8598,-0.2405,0.9167
463.00,6.7845,-0.1889,0.9277,6.9817,2.6337,1.5146,5.9302,-0.1297,0.9442
463.50,6.8627,-0.0850,0.9263,6.9891,2.7649,1.5149,6.0083,-0.0332,0.9422
464.00,6.9425,0.0181,0.9028,6.9977,2.8967,1.4946,6.0893,0.0763,0.9207
464.50,7.0249,0.1189,0.8631,7.0102,3.0359,1.4585,6.1588,0.1867,0.8828
465.00,7.1095,0.2175,0.8800,7.0268,3.1738,1.4629,6.2477,0.2875,0.8872
465.50,7.1893,0.3196,0.9232,7.0374,3.3036,1.5105,6.3303,0.3806,0.9348
466.00,7.2641,0.4257,1.0093,7.0416,3.4399,1.5888,6.4080,0.4927,1.0131
466.50,7.3301,0.5390,1.0917,7.0316,3.5757,1.6847,6.4634,0.6021,1.1074
467.00,7.3929,0.6533,1.0341,7.0173,3.7111,1.6431,6.5349,0.7235,1.0639
467.50,7.4507,0.7336,0.8785,7.0159,3.8157,1.4983,6.5803,0.8022,0.9122
468.00,7.5406,0.8241,0.7079,7.0378,3.9427,1.3176,6.6787,0.8961,0.7314
468.50,7.6303,0.8962,0.6541,7.0754,4.0667,1.2507,6.7734,0.9731,0.6645
469.00,7.6842,0.9398,0.7139,7.0987,4.1409,1.3039,6.8294,1.0170,0.7213
469.50,7.6988,0.9527,0.7496,7.1050,4.1651,1.3429,6.8378,1.0339,0.7602
470.00,7.7026,0.9564,0.7946,7.1062,4.1708,1.3901,6.8420,1.0379,0.8074
470.50,7.7274,0.9840,0.9022,7.1102,4.2008,1.4850,6.8619,1.0608,0.9024
471.00,7.7674,1.0374,1.0879,7.1102,4.2754,1.6730,6.8929,1.1231,1.0904
471.50,7.7783,1.0471,1.1634,7.1072,4.2970,1.7616,6.9127,1.1425,1.1824
472.00,7.7753,1.0470,1.2045,7.1077,4.2949,1.8038,6.9120,1.1405,1.2246
472.50,7.7706,1.0470,1.2469,7.1089,4.2902,1.8469,6.9104,1.1359,1.2678
473.00,7.7655,1.0470,1.2904,7.1106,4.2847,1.8910,6.9089,1.1304,1.3119
473.50,7.7600,1.0469,1.3353,7.1132,4.2775,1.9373,6.9071,1.1229,1.3581
474.00,7.7539,1.0469,1.3816,7.1160,4.2708,1.9844,6.9057,1.1158,1.4052
474.50,7.7473,1.0469,1.4295,7.1194,4.2636,2.0332,6.9046,1.1079,1.4541
475.00,7.7401,1.0516,1.4928,7.1206,4.2612,2.0904,6.9043,1.1052,1.5113
475.50,7.7265,1.1077,1.6092,7.0905,4.3057,2.2124,6.9035,1.1589,1.6333
476.00,7.7073,1.2227,1.6908,7.0189,4.3929,2.2999,6.8700,1.2910,1.7068
476.50,7.6804,1.3507,1.8160,6.9204,4.4933,2.4125,6.8292,1.4294,1.8143
477.00,7.6450,1.4638,2.0558,6.8173,4.5679,2.6461,6.7816,1.5391,2.0530
477.50,7.5900,1.5576,2.2838,6.7113,4.6104,2.8791,6.7272,1.6236,2.2825
478.00,7.5023,1.6421,2.4849,6.5843,4.6316,3.0795,6.6391,1.7123,2.4794
478.50,7.4273,1.7005,2.7253,6.4777,4.6265,-2.9669,6.5632,1.7687,2.7197
479.00,7.3214,1.7461,2.9978,6.3629,4.5890,-2.6925,6.4572,1.8075,2.9941
479.50,7.1928,1.7808,-3.0196,6.2483,4.5149,-2.4214,6.3407,1.8249,-3.0215
480.00,7.0654,1.7726,-2.8919,6.1553,4.4181,-2.2714,6.2147,1.8323,-2.8750
480.50,6.9435,1.7429,-2.9386,6.0730,4.3203,-2.2989,6.0963,1.8125,-2.9095
481.00,6.8291,1.7207,3.1054,5.9820,4.2352,-2.5161,5.9630,1.7947,-3.1301
481.50,6.7482,1.7087,2.9082,5.8999,4.1892,-2.7359,5.8794,1.7936,2.9263
482.00,6.7283,1.7122,2.8563,5.8750,4.1791,-2.7954,5.8636,1.7811,2.8737
482.50,6.7282,1.7172,2.8129,5.8685,4.1769,-2.8384,5.8570,1.7829,2.8307
483.00,6.7282,1.7214,2.7741,5.8639,4.1755,-2.8759,5.8524,1.7845,2.7933
483.50,6.7282,1.7245,2.7432,5.8608,4.1747,-2.9063,5.8694,1.7856,2.7629
484.00,6.7281,1.7274,2.7129,5.8586,4.1742,-2.9361,5.8673,1.7865,2.7331
484.50,6.7281,1.7299,2.6832,5.8559,4.1736,-2.9655,5.8648,1.7876,2.7037
485.00,6.7281,1.7323,2.6541,5.8535,4.1732,-2.9935,5.8626,1.7886,2.6756
485.50,6.7280,1.7343,2.6256,5.8513,4.1729,-3.0209,5.8607,1.7896,2.6482
486.00,6.7280,1.7361,2.5977,5.8496,4.1727,-3.0480,5.8591,1.7905,2.6212
486.50,6.7280,1.7376,2.5703,5.8476,4.1726,-3.0750,5.8574,1.7915,2.5941
487.00,6.7279,1.7389,2.5435,5.8463,4.1725,-3.1013,5.8563,1.7922,2.5678
487.50,6.7279,1.7399,2.5171,5.8454,4.1725,-3.1271,5.8555,1.7927,2.5420
488.00,6.7278,1.7407,2.4913,5.8446,4.1725,3.1306,5.8549,1.7931,2.5166
488.50,6.7278,1.7412,2.4660,5.8441,4.1725,3.1056,5.8545,1.7934,2.4916
489.00,6.7278,1.7414,2.4411,5.8438,4.1725,3.0813,5.8542,1.7936,2.4672
489.50,6.7277,1.7415,2.4168,5.8436,4.1725,3.0584,5.8541,1.7937,2.4443
490.00,6.7275,1.7414,2.3921,5.8434,4.1725,3.0347,5.8539,1.7939,2.4207
490.50,6.7272,1.7414,2.3669,5.8432,4.1726,3.0105,5.8538,1.7940,2.3964
491.00,6.7271,1.7414,2.3412,5.8431,4.1726,2.9856,5.8537,1.7941,2.3716
491.50,6.7271,1.7416,2.3160,5.8428,4.1726,2.9611,5.8535,1.7943,2.3471
492.00,6.7270,1.7417,2.2915,5.8428,4.1726,2.9378,5.8535,1.7943,2.3237
492.50,6.7271,1.7417,2.2671,5.8430,4.1726,2.9140,5.8536,1.7942,2.2999
493.00,6.7274,1.7416,2.2422,5.8432,4.1725,2.8893,5.8538,1.7939,2.2752
493.50,6.7279,1.7416,2.2168,5.8441,4.1723,2.8644,5.8543,1.7933,2.2504
494.00,6.7287,1.7416,2.1909,5.8450,4.1720,2.8387,5.8550,1.7925,2.2247
494.50,6.7298,1.7415,2.1644,5.8462,4.1717,2.8131,5.8557,1.7916,2.1990
495.00,6.7311,1.7415,2.1375,5.8472,4.1713,2.7867,5.8563,1.7907,2.1726
495.50,6.7327,1.7414,2.1100,5.8488,4.1707,2.7603,5.8573,1.7892,2.1462
496.00,6.7345,1.7414,2.0820,5.8507,4.1699,2.7330,5.8584,1.7875,2.1190
496.50,6.7366,1.7414,2.0534,5.8531,4.1688,2.7051,5.8597,1.7852,2.0911
497.00,6.7390,1.7413,2.0238,5.8554,4.1677,2.6768,5.8609,1.7830,2.0628
497.50,6.7423,1.7413,1.9852,5.8583,4.1662,2.6382,5.8624,1.7801,2.0241
498.00,6.7464,1.7412,1.9443,5.8616,4.1643,2.5981,5.8640,1.7766,1.9840
498.50,6.7509,1.7412,1.9022,5.8655,4.1618,2.5564,5.8658,1.7724,1.9423
499.00,6.7559,1.7412,1.8588,5.8702,4.1585,2.5134,5.8678,1.7670,1.8994
499.50,6.7614,1.7411,1.8142,5.8734,4.1561,2.4697,5.8690,1.7632,1.8557
500.00,6.7674,1.7411,1.7681,5.8783,4.1520,2.4247,5.8706,1.7570,1.8107
500.50,6.7739,1.7411,1.7205,5.8830,4.1478,2.3788,5.8720,1.7508,1.7647
501.00,6.7808,1.7411,1.6713,5.8865,4.1442,2.3303,5.8729,1.7459,1.7163
501.50,6.7883,1.7411,1.6203,5.8914,4.1388,2.2802,5.8737,1.7386,1.6662
502.00,6.7960,1.7411,1.5681,5.8963,4.1329,2.2282,5.9292,1.8005,1.5897
502.50,6.7964,1.7242,1.5653,5.9055,4.1208,2.2215,5.9294,1.7854,1.5830
503.00,6.7962,1.7042,1.5653,5.9188,4.1032,2.2221,5.9297,1.7633,1.5837
503.50,6.7961,1.6842,1.5653,5.9310,4.0873,2.2228,5.9392,1.7532,1.5808
504.00,6.7960,1.6642,1.5653,5.9445,4.0696,2.2236,5.9394,1.7310,1.5816
504.50,6.7959,1.6442,1.5653,5.9561,4.0545,2.2248,5.9396,1.7119,1.5828
505.00,6.7958,1.6284,1.5653,5.9674,4.0398,2.2259,5.9399,1.6934,1.5840
505.50,6.7958,1.6201,1.5653,5.9749,4.0300,2.2269,5.9400,1.6811,1.5849
506.00,6.7958,1.6201,1.5653,5.9749,4.0300,2.2273,5.9400,1.6811,1.5853
506.50,6.7958,1.6201,1.5653,5.9749,4.0300,2.2280,5.9400,1.6811,1.5861
507.00,6.7958,1.6201,1.5653,5.9749,4.0300,2.2283,5.9400,1.6811,1.5864
507.50,6.7964,1.6201,1.5546,5.9746,4.0303,2.2237,5.9400,1.6815,1.5817
508.00,6.8018,1.6201,1.5152,5.9715,4.0347,2.1855,5.9401,1.6869,1.5436
508.50,6.8074,1.6201,1.4769,5.9682,4.0395,2.1481,5.9404,1.6927,1.5062
509.00,6.8127,1.6201,1.4396,5.9650,4.0446,2.1118,5.9409,1.6987,1.4699
509.50,6.8178,1.6201,1.4033,5.9626,4.0488,2.0766,5.9414,1.7035,1.4346
510.00,6.8225,1.6201,1.3679,5.9595,4.0545,2.0416,5.9424,1.7099,1.3996
510.50,6.8270,1.6202,1.3334,5.9576,4.0584,2.0081,5.9432,1.7142,1.3661
511.00,6.8313,1.6202,1.2996,5.9556,4.0630,1.9751,5.9443,1.7191,1.3332
511.50,6.8352,1.6202,1.2666,5.9538,4.0673,1.9430,5.9455,1.7235,1.3010
512.00,6.8389,1.6202,1.2344,5.9521,4.0718,1.9110,5.9468,1.7282,1.2691
512.50,6.8397,1.6202,1.2268,5.9519,4.0726,1.8983,5.9471,1.7290,1.2563
513.00,6.8397,1.6202,1.2268,5.9519,4.0726,1.8992,5.9471,1.7290,1.2573
513.50,6.8397,1.6202,1.2268,5.9519,4.0726,1.8999,5.9471,1.7290,1.2579
514.00,6.8397,1.6202,1.2268,5.9519,4.0726,1.9005,5.9471,1.7290,1.2586
514.50,6.8397,1.6202,1.2268,5.9519,4.0726,1.9009,5.9471,1.7290,1.2589
515.00,6.8397,1.6202,1.2268,5.9519,4.0726,1.9016,5.9471,1.7290,1.2597
515.50,6.8397,1.6202,1.2268,5.9519,4.0726,1.9022,5.9471,1.7290,1.2602
516.00,6.8397,1.6202,1.2268,5.9519,4.0726,1.9033,5.9471,1.7290,1.2613
516.50,6.8397,1.6202,1.2268,5.9519,4.0726,1.9036,5.9471,1.7290,1.2617
517.00,6.8397,1.6202,1.2268,5.9519,4.0726,1.9043,5.9471,1.7290,1.2623
517.50,6.8397,1.6202,1.2268,5.9519,4.0726,1.9048,5.9471,1.7290,1.2628
518.00,6.8397,1.6202,1.2268,5.9519,4.0726,1.9053,5.9471,1.7290,1.2634
518.50,6.8397,1.6202,1.2268,5.9519,4.0726,1.9062,5.9471,1.7290,1.2643
519.00,6.8397,1.6202,1.2268,5.9519,4.0726,1.9075,5.9471,1.7290,1.2655
519.50,6.8397,1.6202,1.2268,5.9519,4.0726,1.9078,5.9471,1.7290,1.2659
520.00,6.8397,1.6202,1.2268,5.9519,4.0726,1.9086,5.9471,1.7290,1.2666
520.50,6.8397,1.6202,1.2268,5.9519,4.0726,1.9096,5.9471,1.7290,1.2676
521.00,6.8397,1.6202,1.2268,5.9519,4.0726,1.9104,5.9471,1.7290,1.2685
521.50,6.8397,1.6202,1.2268,5.9519,4.0726,1.9109,5.9471,1.7290,1.2689
522.00,6.8397,1.6202,1.2268,5.9519,4.0726,1.9122,5.9471,1.7290,1.2702
522.50,6.8397,1.6202,1.2268,5.9519,4.0726,1.9127,5.9471,1.7290,1.2708
523.00,6.8397,1.6202,1.2268,5.9519,4.0726,1.9135,5.9471,1.7290,1.2716
523.50,6.8397,1.6202,1.2268,5.9519,4.0726,1.9145,5.9471,1.7290,1.2726
524.00,6.8397,1.6202,1.2268,5.9519,4.0726,1.9161,5.9471,1.7290,1.2741
524.50,6.8397,1.6202,1.2268,5.9519,4.0726,1.9167,5.9471,1.7290,1.2747
525.00,6.8397,1.6202,1.2268,5.9519,4.0726,1.9171,5.9471,1.7290,1.2752
525.50,6.8397,1.6202,1.2268,5.9519,4.0726,1.9180,5.9471,1.7290,1.2760
526.00,6.8397,1.6202,1.2268,5.9519,4.0726,1.9183,5.9471,1.7290,1.2764
526.50,6.8397,1.6202,1.2268,5.9519,4.0726,1.9192,5.9471,1.7290,1.2772
527.00,6.8397,1.6202,1.2268,5.9519,4.0726,1.9203,5.9471,1.7290,1.2783
527.50,6.8397,1.6202,1.2268,5.9519,4.0726,1.9212,5.9471,1.7290,1.2792
528.00,6.8397,1.6202,1.2268,5.9519,4.0726,1.9217,5.9471,1.7290,1.2798
528.50,6.8397,1.6202,1.2268,5.9519,4.0726,1.9222,5.9471,1.7290,1.2802
529.00,6.8397,1.6202,1.2268,5.9519,4.0726,1.9225,5.9471,1.7290,1.2805
529.50,6.8397,1.6202,1.2268,5.9519,4.0726,1.9231,5.9471,1.7290,1.2811
530.00,6.8397,1.6202,1.2268,5.9519,4.0726,1.9236,5.9471,1.7290,1.2817
530.50,6.8397,1.6202,1.2268,5.9519,4.0726,1.9249,5.9471,1.7290,1.2830
531.00,6.8397,1.6202,1.2268,5.9519,4.0726,1.9256,5.9471,1.7290,1.2836
531.50,6.8397,1.6202,1.2268,5.9519,4.0726,1.9263,5.9471,1.7290,1.2844
532.00,6.8397,1.6202,1.2268,5.9519,4.0726,1.9271,5.9471,1.7290,1.2851
532.50,6.8397,1.6202,1.2268,5.9519,4.0726,1.9278,5.9471,1.7290,1.2859
533.00,6.8397,1.6202,1.2268,5.9519,4.0726,1.9289,5.9471,1.7290,1.2870
533.50,6.8397,1.6202,1.2268,5.9519,4.0726,1.9298,5.9471,1.7290,1.2878
534.00,6.8397,1.6202,1.2268,5.9519,4.0726,1.9306,5.9471,1.7290,1.2887
534.50,6.8397,1.6202,1.2268,5.9519,4.0726,1.9316,5.9471,1.7290,1.2896
535.00,6.8397,1.6202,1.2268,5.9519,4.0726,1.9322,5.9471,1.7290,1.2903
535.50,6.8397,1.6202,1.2268,5.9519,4.0726,1.9334,5.9471,1.7290,1.2915
536.00,6.8397,1.6202,1.2268,5.9519,4.0726,1.9340,5.9471,1.7290,1.2920
536.50,6.8397,1.6202,1.2268,5.9519,4.0726,1.9347,5.9471,1.7290,1.2927
537.00,6.8397,1.6202,1.2268,5.9519,4.0726,1.9357,5.9471,1.7290,1.2937
537.50,6.8397,1.6202,1.2268,5.9519,4.0726,1.9363,5.9471,1.7290,1.2943
538.00,6.8397,1.6202,1.2268,5.9519,4.0726,1.9374,5.9471,1.7290,1.2954
538.50,6.8397,1.6202,1.2268,5.9519,4.0726,1.9382,5.9471,1.7290,1.2962
539.00,6.8397,1.6202,1.2268,5.9519,4.0726,1.9388,5.9471,1.7290,1.2968
539.50,6.8397,1.6202,1.2268,5.9519,4.0726,1.9397,5.9471,1.7290,1.2978
540.00,6.8397,1.6202,1.2268,5.9519,4.0726,1.9406,5.9471,1.7290,1.2986
540.50,6.8397,1.6202,1.2268,5.9519,4.0726,1.9420,5.9471,1.7290,1.3000
541.00,6.8397,1.6202,1.2268,5.9519,4.0726,1.9427,5.9471,1.7290,1.3007
541.50,6.8397,1.6202,1.2268,5.9519,4.0726,1.9440,5.9471,1.7290,1.3020
542.00,6.8397,1.6202,1.2268,5.9519,4.0726,1.9451,5.9471,1.7290,1.3031
542.50,6.8397,1.6202,1.2268,5.9519,4.0726,1.9462,5.9471,1.7290,1.3043
543.00,6.8397,1.6202,1.2268,5.9519,4.0726,1.9466,5.9471,1.7290,1.3046
543.50,6.8397,1.6202,1.2268,5.9519,4.0726,1.9478,5.9471,1.7290,1.3058
544.00,6.8397,1.6202,1.2268,5.9519,4.0726,1.9483,5.9471,1.7290,1.3063
544.50,6.8397,1.6202,1.2268,5.9519,4.0726,1.9490,5.9471,1.7290,1.3070
545.00,6.8397,1.6202,1.2268,5.9519,4.0726,1.9501,5.9471,1.7290,1.3081
545.50,6.8397,1.6202,1.2268,5.9519,4.0726,1.9512,5.9471,1.7290,1.3093
546.00,6.8397,1.6202,1.2268,5.9519,4.0726,1.9525,5.9471,1.7290,1.3105
546.50,6.8397,1.6202,1.2268,5.9519,4.0726,1.9537,5.9471,1.7290,1.3117
547.00,6.8397,1.6202,1.2268,5.9519,4.0726,1.9543,5.9471,1.7290,1.3124
547.50,6.8397,1.6202,1.2268,5.9519,4.0726,1.9550,5.9471,1.7290,1.3130
548.00,6.8397,1.6202,1.2268,5.9519,4.0726,1.9560,5.9471,1.7290,1.3140
548.50,6.8397,1.6202,1.2268,5.9519,4.0726,1.9567,5.9471,1.7290,1.3148
549.00,6.8397,1.6202,1.2268,5.9519,4.0726,1.9577,5.9471,1.7290,1.3157
549.50,6.8397,1.6202,1.2268,5.9519,4.0726,1.9587,5.9471,1.7290,1.3168
550.00,6.8397,1.6202,1.2268,5.9519,4.0726,1.9598,5.9471,1.7290,1.3179
550.50,6.8397,1.6202,1.2268,5.9519,4.0726,1.9601,5.9471,1.7290,1.3181
551.00,6.8397,1.6202,1.2268,5.9519,4.0726,1.9605,5.9471,1.7290,1.3185
551.50,6.8397,1.6202,1.2268,5.9519,4.0726,1.9616,5.9471,1.7290,1.3196
552.00,6.8397,1.6202,1.2268,5.9519,4.0726,1.9626,5.9471,1.7290,1.3206
552.50,6.8397,1.6202,1.2268,5.9519,4.0726,1.9638,5.9471,1.7290,1.3218
553.00,6.8397,1.6202,1.2268,5.9519,4.0726,1.9638,5.9471,1.7290,1.3218
553.50,6.8397,1.6202,1.2268,5.9519,4.0726,1.9642,5.9471,1.7290,1.3223
554.00,6.8397,1.6202,1.2268,5.9519,4.0726,1.9653,5.9471,1.7290,1.3233
554.50,6.8397,1.6202,1.2268,5.9519,4.0726,1.9660,5.9471,1.7290,1.3240
555.00,6.8397,1.6202,1.2268,5.9519,4.0726,1.9666,5.9471,1.7290,1.3246
555.50,6.8397,1.6202,1.2268,5.9519,4.0726,1.9673,5.9471,1.7290,1.3254
556.00,6.8397,1.6202,1.2268,5.9519,4.0726,1.9686,5.9471,1.7290,1.3267
556.50,6.8397,1.6202,1.2268,5.9519,4.0726,1.9698,5.9471,1.7290,1.3279
557.00,6.8397,1.6202,1.2268,5.9519,4.0726,1.9710,5.9471,1.7290,1.3290
557.50,6.8397,1.6202,1.2268,5.9519,4.0726,1.9719,5.9471,1.7290,1.3300
558.00,6.8397,1.6202,1.2268,5.9519,4.0726,1.9729,5.9471,1.7290,1.3309
558.50,6.8397,1.6202,1.2268,5.9519,4.0726,1.9738,5.9471,1.7290,1.3319
559.00,6.8397,1.6202,1.2268,5.9519,4.0726,1.9742,5.9471,1.7290,1.3322
559.50,6.8397,1.6202,1.2268,5.9519,4.0726,1.9748,5.9471,1.7290,1.3329
560.00,6.8397,1.6202,1.2268,5.9519,4.0726,1.9758,5.9471,1.7290,1.3339
560.50,6.8397,1.6202,1.2268,5.9519,4.0726,1.9762,5.9471,1.7290,1.3343
561.00,6.8397,1.6202,1.2268,5.9519,4.0726,1.9765,5.9471,1.7290,1.3346
561.50,6.8397,1.6202,1.2268,5.9519,4.0726,1.9777,5.9471,1.7290,1.3358
562.00,6.8397,1.6202,1.2268,5.9519,4.0726,1.9787,5.9471,1.7290,1.3367
562.50,6.8397,1.6202,1.2268,5.9519,4.0726,1.9795,5.9471,1.7290,1.3375
563.00,6.8397,1.6202,1.2268,5.9519,4.0726,1.9803,5.9471,1.7290,1.3383
563.50,6.8397,1.6202,1.2268,5.9519,4.0726,1.9810,5.9471,1.7290,1.3390
564.00,6.8397,1.6202,1.2268,5.9519,4.0726,1.9816,5.9471,1.7290,1.3396
564.50,6.8397,1.6202,1.2268,5.9519,4.0726,1.9824,5.9471,1.7290,1.3405
565.00,6.8397,1.6202,1.2268,5.9519,4.0726,1.9832,5.9471,1.7290,1.3413
565.50,6.8397,1.6202,1.2268,5.9519,4.0726,1.9841,5.9471,1.7290,1.3422
566.00,6.8397,1.6202,1.2268,5.9519,4.0726,1.9848,5.9471,1.7290,1.3428
566.50,6.8397,1.6202,1.2268,5.9519,4.0726,1.9857,5.9471,1.7290,1.3437
567.00,6.8397,1.6202,1.2268,5.9519,4.0726,1.9865,5.9471,1.7290,1.3446
567.50,6.8397,1.6202,1.2268,5.9519,4.0726,1.9873,5.9471,1.7290,1.3453
568.00,6.8397,1.6202,1.2268,5.9519,4.0726,1.9881,5.9471,1.7290,1.3461
568.50,6.8397,1.6202,1.2268,5.9519,4.0726,1.9887,5.9471,1.7290,1.3468
569.00,6.8397,1.6202,1.2268,5.9519,4.0726,1.9892,5.9471,1.7290,1.3473
569.50,6.8397,1.6202,1.2268,5.9519,4.0726,1.9902,5.9471,1.7290,1.3482
570.00,6.8397,1.6202,1.2268,5.9519,4.0726,1.9911,5.9471,1.7290,1.3491
570.50,6.8397,1.6202,1.2268,5.9519,4.0726,1.9915,5.9471,1.7290,1.3496
571.00,6.8397,1.6202,1.2268,5.9519,4.0726,1.9919,5.9471,1.7290,1.3499
571.50,6.8397,1.6202,1.2268,5.9519,4.0726,1.9925,5.9471,1.7290,1.3505
572.00,6.8397,1.6202,1.2268,5.9519,4.0726,1.9934,5.9471,1.7290,1.3515
572.50,6.8397,1.6202,1.2268,5.9519,4.0726,1.9947,5.9471,1.7290,1.3528
573.00,6.8397,1.6202,1.2268,5.9519,4.0726,1.9962,5.9471,1.7290,1.3542
573.50,6.8397,1.6202,1.2268,5.9519,4.0726,1.9973,5.9471,1.7290,1.3554
574.00,6.8397,1.6202,1.2268,5.9519,4.0726,1.9982,5.9471,1.7290,1.3562
574.50,6.8397,1.6202,1.2268,5.9519,4.0726,1.9988,5.9471,1.7290,1.3569
575.00,6.8397,1.6202,1.2268,5.9519,4.0726,2.0003,5.9471,1.7290,1.3584
575.50,6.8397,1.6202,1.2268,5.9519,4.0726,2.0012,5.9471,1.7290,1.3593
576.00,6.8397,1.6202,1.2268,5.9519,4.0726,2.0026,5.9471,1.7290,1.3607
576.50,6.8397,1.6202,1.2268,5.9519,4.0726,2.0036,5.9471,1.7290,1.3617
577.00,6.8397,1.6202,1.2268,5.9519,4.0726,2.0049,5.9471,1.7290,1.3630
577.50,6.8397,1.6202,1.2268,5.9519,4.0726,2.0058,5.9471,1.7290,1.3638
578.00,6.8397,1.6202,1.2268,5.9519,4.0726,2.0064,5.9471,1.7290,1.3644
578.50,6.8397,1.6202,1.2268,5.9519,4.0726,2.0067,5.9471,1.7290,1.3648
579.00,6.8397,1.6202,1.2268,5.9519,4.0726,2.0073,5.9471,1.7290,1.3654
579.50,6.8397,1.6202,1.2268,5.9519,4.0726,2.0081,5.9471,1.7290,1.3661
580.00,6.8397,1.6202,1.2268,5.9519,4.0726,2.0089,5.9471,1.7290,1.3670
580.50,6.8397,1.6202,1.2268,5.9519,4.0726,2.0093,5.9471,1.7290,1.3673
581.00,6.8397,1.6202,1.2268,5.9519,4.0726,2.0098,5.9471,1.7290,1.3679
581.50,6.8397,1.6202,1.2268,5.9519,4.0726,2.0102,5.9471,1.7290,1.3682
582.00,6.8397,1.6202,1.2268,5.9519,4.0726,2.0105,5.9471,1.7290,1.3685
582.50,6.8397,1.6202,1.2268,5.9519,4.0726,2.0109,5.9471,1.7290,1.3690
583.00,6.8397,1.6202,1.2268,5.9519,4.0726,2.0119,5.9471,1.7290,1.3699
583.50,6.8397,1.6202,1.2268,5.9519,4.0726,2.0134,5.9471,1.7290,1.3714
584.00,6.8397,1.6202,1.2268,5.9519,4.0726,2.0144,5.9471,1.7290,1.3724
584.50,6.8397,1.6202,1.2268,5.9519,4.0726,2.0151,5.9471,1.7290,1.3731
585.00,6.8397,1.6202,1.2268,5.9519,4.0726,2.0157,5.9471,1.7290,1.3738
585.50,6.8397,1.6202,1.2268,5.9519,4.0726,2.0165,5.9471,1.7290,1.3745
586.00,6.8397,1.6202,1.2268,5.9519,4.0726,2.0177,5.9471,1.7290,1.3757
586.50,6.8397,1.6202,1.2268,5.9519,4.0726,2.0184,5.9471,1.7290,1.3765
587.00,6.8397,1.6202,1.2268,5.9519,4.0726,2.0191,5.9471,1.7290,1.3771
587.50,6.8397,1.6202,1.2268,5.9519,4.0726,2.0195,5.9471,1.7290,1.3776
588.00,6.8397,1.6202,1.2268,5.9519,4.0726,2.0202,5.9471,1.7290,1.3783
588.50,6.8397,1.6202,1.2268,5.9519,4.0726,2.0212,5.9471,1.7290,1.3793
589.00,6.8397,1.6202,1.2268,5.9519,4.0726,2.0218,5.9471,1.7290,1.3799
589.50,6.8397,1.6202,1.2268,5.9519,4.0726,2.0227,5.9471,1.7290,1.3808
590.00,6.8397,1.6202,1.2268,5.9519,4.0726,2.0240,5.9471,1.7290,1.3821
590.50,6.8397,1.6202,1.2268,5.9519,4.0726,2.0251,5.9471,1.7290,1.3831
591.00,6.8397,1.6202,1.2268,5.9519,4.0726,2.0265,5.9471,1.7290,1.3846
591.50,6.8397,1.6202,1.2268,5.9519,4.0726,2.0274,5.9471,1.7290,1.3854
592.00,6.8397,1.6202,1.2268,5.9519,4.0726,2.0282,5.9471,1.7290,1.3862
592.50,6.8397,1.6202,1.2268,5.9519,4.0726,2.0282,5.9471,1.7290,1.3862
593.00,6.8397,1.6202,1.2268,5.9519,4.0726,2.0294,5.9471,1.7290,1.3875
593.50,6.8397,1.6202,1.2268,5.9519,4.0726,2.0304,5.9471,1.7290,1.3884
594.00,6.8397,1.6202,1.2268,5.9519,4.0726,2.0314,5.9471,1.7290,1.3894
594.50,6.8397,1.6202,1.2268,5.9519,4.0726,2.0321,5.9471,1.7290,1.3901
595.00,6.8397,1.6202,1.2268,5.9519,4.0726,2.0321,5.9471,1.7290,1.3901
595.50,6.8397,1.6202,1.2268,5.9519,4.0726,2.0326,5.9471,1.7290,1.3906
596.00,6.8397,1.6202,1.2268,5.9519,4.0726,2.0334,5.9471,1.7290,1.3914
596.50,6.8397,1.6202,1.2268,5.9519,4.0726,2.0340,5.9471,1.7290,1.3920
597.00,6.8397,1.6202,1.2268,5.9519,4.0726,2.0352,5.9471,1.7290,1.3933
597.50,6.8397,1.6202,1.2268,5.9519,4.0726,2.0360,5.9471,1.7290,1.3940
598.00,6.8397,1.6202,1.2268,5.9519,4.0726,2.0368,5.9471,1.7290,1.3948
598.50,6.8397,1.6202,1.2268,5.9519,4.0726,2.0374,5.9471,1.7290,1.3954
599.00,6.8397,1.6202,1.2268,5.9519,4.0726,2.0378,5.9471,1.7290,1.3959
599.50,6.8397,1.6202,1.2268,5.9519,4.0726,2.0386,5.9471,1.7290,1.3967
600.00,6.8397,1.6202,1.2268,5.9519,4.0726,2.0391,5.9471,1.7290,1.3971
600.50,6.8397,1.6202,1.2268,5.9519,4.0726,2.0402,5.9471,1.7290,1.3983
601.00,6.8397,1.6202,1.2268,5.9519,4.0726,2.0408,5.9471,1.7290,1.3989
601.50,6.8397,1.6202,1.2268,5.9519,4.0726,2.0420,5.9471,1.7290,1.4001
602.00,6.8397,1.6202,1.2268,5.9519,4.0726,2.0435,5.9471,1.7290,1.4016
602.50,6.8397,1.6202,1.2268,5.9519,4.0726,2.0445,5.9471,1.7290,1.4026
603.00,6.8397,1.6202,1.2268,5.9519,4.0726,2.0453,5.9471,1.7290,1.4034
603.50,6.8397,1.6202,1.2268,5.9519,4.0726,2.0462,5.9471,1.7290,1.4042
604.00,6.8397,1.6202,1.2268,5.9519,4.0726,2.0469,5.9471,1.7290,1.4050
604.50,6.8397,1.6202,1.2268,5.9519,4.0726,2.0477,5.9471,1.7290,1.4058
605.00,6.8397,1.6202,1.2268,5.9519,4.0726,2.0480,5.9471,1.7290,1.4060
605.50,6.8397,1.6202,1.2268,5.9519,4.0726,2.0485,5.9471,1.7290,1.4066
606.00,6.8397,1.6202,1.2268,5.9519,4.0726,2.0491,5.9471,1.7290,1.4071
606.50,6.8397,1.6202,1.2268,5.9519,4.0726,2.0502,5.9471,1.7290,1.4083
607.00,6.8397,1.6202,1.2268,5.9519,4.0726,2.0515,5.9471,1.7290,1.4096
607.50,6.8397,1.6202,1.2268,5.9519,4.0726,2.0525,5.9471,1.7290,1.4105
608.00,6.8397,1.6202,1.2268,5.9519,4.0726,2.0534,5.9471,1.7290,1.4114
608.50,6.8397,1.6202,1.2268,5.9519,4.0726,2.0545,5.9471,1.7290,1.4126
609.00,6.8397,1.6202,1.2268,5.9519,4.0726,2.0553,5.9471,1.7290,1.4134
609.50,6.8397,1.6202,1.2268,5.9519,4.0726,2.0560,5.9471,1.7290,1.4141
610.00,6.8397,1.6202,1.2268,5.9519,4.0726,2.0571,5.9471,1.7290,1.4151
610.50,6.8397,1.6202,1.2268,5.9519,4.0726,2.0578,5.9471,1.7290,1.4158
611.00,6.8397,1.6202,1.2268,5.9519,4.0726,2.0586,5.9471,1.7290,1.4167
611.50,6.8397,1.6202,1.2268,5.9519,4.0726,2.0589,5.9471,1.7290,1.4170
612.00,6.8397,1.6202,1.2268,5.9519,4.0726,2.0599,5.9471,1.7290,1.4179
612.50,6.8397,1.6202,1.2268,5.9519,4.0726,2.0602,5.9471,1.7290,1.4183
613.00,6.8397,1.6202,1.2268,5.9519,4.0726,2.0610,5.9471,1.7290,1.4190
613.50,6.8397,1.6202,1.2268,5.9519,4.0726,2.0619,5.9471,1.7290,1.4199
614.00,6.8397,1.6202,1.2268,5.9519,4.0726,2.0627,5.9471,1.7290,1.4208
614.50,6.8397,1.6202,1.2268,5.9519,4.0726,2.0637,5.9471,1.7290,1.4217
615.00,6.8397,1.6202,1.2268,5.9519,4.0726,2.0646,5.9471,1.7290,1.4226
615.50,6.8397,1.6202,1.2268,5.9519,4.0726,2.0647,5.9471,1.7290,1.4228
616.00,6.8397,1.6202,1.2268,5.9519,4.0726,2.0658,5.9471,1.7290,1.4238
616.50,6.8397,1.6202,1.2268,5.9519,4.0726,2.0667,5.9471,1.7290,1.4248
617.00,6.8397,1.6202,1.2268,5.9519,4.0726,2.0677,5.9471,1.7290,1.4258
617.50,6.8397,1.6202,1.2268,5.9519,4.0726,2.0686,5.9471,1.7290,1.4266
618.00,6.8397,1.6202,1.2268,5.9519,4.0726,2.0698,5.9471,1.7290,1.4278
618.50,6.8397,1.6202,1.2268,5.9519,4.0726,2.0703,5.9471,1.7290,1.4284
619.00,6.8397,1.6202,1.2268,5.9519,4.0726,2.0711,5.9471,1.7290,1.4292
619.50,6.8397,1.6202,1.2268,5.9519,4.0726,2.0723,5.9471,1.7290,1.4304
620.00,6.8397,1.6202,1.2268,5.9519,4.0726,2.0733,5.9471,1.7290,1.4313
620.50,6.8397,1.6202,1.2268,5.9519,4.0726,2.0739,5.9471,1.7290,1.4320
621.00,6.8397,1.6202,1.2268,5.9519,4.0726,2.0752,5.9471,1.7290,1.4333
621.50,6.8397,1.6202,1.2268,5.9519,4.0726,2.0763,5.9471,1.7290,1.4344
622.00,6.8397,1.6202,1.2268,5.9519,4.0726,2.0775,5.9471,1.7290,1.4356
622.50,6.8397,1.6202,1.2268,5.9519,4.0726,2.0785,5.9471,1.7290,1.4365
623.00,6.8397,1.6202,1.2268,5.9519,4.0726,2.0791,5.9471,1.7290,1.4372
623.50,6.8397,1.6202,1.2268,5.9519,4.0726,2.0796,5.9471,1.7290,1.4377
624.00,6.8397,1.6202,1.2268,5.9519,4.0726,2.0809,5.9471,1.7290,1.4390
624.50,6.8397,1.6202,1.2268,5.9519,4.0726,2.0816,5.9471,1.7290,1.4396
625.00,6.8397,1.6202,1.2268,5.9519,4.0726,2.0826,5.9471,1.7290,1.4407
625.50,6.8397,1.6202,1.2268,5.9519,4.0726,2.0842,5.9471,1.7290,1.4422
626.00,6.8397,1.6202,1.2268,5.9519,4.0726,2.0856,5.9471,1.7290,1.4437
626.50,6.8397,1.6202,1.2268,5.9519,4.0726,2.0859,5.9471,1.7290,1.4440
627.00,6.8397,1.6202,1.2268,5.9519,4.0726,2.0865,5.9471,1.7290,1.4446
627.50,6.8397,1.6202,1.2268,5.9519,4.0726,2.0874,5.9471,1.7290,1.4455
628.00,6.8397,1.6202,1.2268,5.9519,4.0726,2.0879,5.9471,1.7290,1.4460
628.50,6.8397,1.6202,1.2268,5.9519,4.0726,2.0889,5.9471,1.7290,1.4469
629.00,6.8397,1.6202,1.2268,5.9519,4.0726,2.0896,5.9471,1.7290,1.4476
629.50,6.8397,1.6202,1.2268,5.9519,4.0726,2.0898,5.9471,1.7290,1.4478
630.00,6.8397,1.6202,1.2268,5.9519,4.0726,2.0908,5.9471,1.7290,1.4488
630.50,6.8397,1.6202,1.2268,5.9519,4.0726,2.0920,5.9471,1.7290,1.4501
631.00,6.8397,1.6202,1.2268,5.9519,4.0726,2.0933,5.9471,1.7290,1.4513
631.50,6.8397,1.6202,1.2268,5.9519,4.0726,2.0940,5.9471,1.7290,1.4520
632.00,6.8397,1.6202,1.2268,5.9519,4.0726,2.0946,5.9471,1.7290,1.4527
632.50,6.8397,1.6202,1.2268,5.9519,4.0726,2.0949,5.9471,1.7290,1.4529
633.00,6.8397,1.6202,1.2268,5.9519,4.0726,2.0956,5.9471,1.7290,1.4536
633.50,6.8397,1.6202,1.2268,5.9519,4.0726,2.0968,5.9471,1.7290,1.4549
634.00,6.8397,1.6202,1.2268,5.9519,4.0726,2.0975,5.9471,1.7290,1.4556
634.50,6.8397,1.6202,1.2268,5.9519,4.0726,2.0985,5.9471,1.7290,1.4565
635.00,6.8397,1.6202,1.2268,5.9519,4.0726,2.0996,5.9471,1.7290,1.4577
635.50,6.8397,1.6202,1.2268,5.9519,4.0726,2.1005,5.9471,1.7290,1.4586
636.00,6.8397,1.6202,1.2268,5.9519,4.0726,2.1012,5.9471,1.7290,1.4593
636.50,6.8397,1.6202,1.2268,5.9519,4.0726,2.1017,5.9471,1.7290,1.4597
637.00,6.8397,1.6202,1.2268,5.9519,4.0726,2.1019,5.9471,1.7290,1.4599
637.50,6.8397,1.6202,1.2268,5.9519,4.0726,2.1025,5.9471,1.7290,1.4605
638.00,6.8397,1.6202,1.2268,5.9519,4.0726,2.1032,5.9471,1.7290,1.4612
638.50,6.8397,1.6202,1.2268,5.9519,4.0726,2.1038,5.9471,1.7290,1.4619
639.00,6.8397,1.6202,1.2268,5.9519,4.0726,2.1049,5.9471,1.7290,1.4630
639.50,6.8397,1.6202,1.2268,5.9519,4.0726,2.1057,5.9471,1.7290,1.4637
640.00,6.8397,1.6202,1.2268,5.9519,4.0726,2.1066,5.9471,1.7290,1.4647
640.50,6.8397,1.6202,1.2268,5.9519,4.0726,2.1074,5.9471,1.7290,1.4654
641.00,6.8397,1.6202,1.2268,5.9519,4.0726,2.1088,5.9471,1.7290,1.4668
641.50,6.8397,1.6202,1.2268,5.9519,4.0726,2.1097,5.9471,1.7290,1.4678
642.00,6.8397,1.6202,1.2268,5.9519,4.0726,2.1104,5.9471,1.7290,1.4685
642.50,6.8397,1.6202,1.2268,5.9519,4.0726,2.1111,5.9471,1.7290,1.4692
643.00,6.8397,1.6202,1.2268,5.9519,4.0726,2.1121,5.9471,1.7290,1.4701
643.50,6.8397,1.6202,1.2268,5.9519,4.0726,2.1128,5.9471,1.7290,1.4708
644.00,6.8397,1.6202,1.2268,5.9519,4.0726,2.1138,5.9471,1.7290,1.4719
644.50,6.8397,1.6202,1.2268,5.9519,4.0726,2.1151,5.9471,1.7290,1.4732
645.00,6.8397,1.6202,1.2268,5.9519,4.0726,2.1158,5.9471,1.7290,1.4739
645.50,6.8397,1.6202,1.2268,5.9519,4.0726,2.1168,5.9471,1.7290,1.4748
646.00,6.8397,1.6202,1.2268,5.9519,4.0726,2.1178,5.9471,1.7290,1.4758
646.50,6.8397,1.6202,1.2268,5.9519,4.0726,2.1190,5.9471,1.7290,1.4770
647.00,6.8397,1.6202,1.2268,5.9519,4.0726,2.1195,5.9471,1.7290,1.4775
647.50,6.8397,1.6202,1.2268,5.9519,4.0726,2.1201,5.9471,1.7290,1.4782
648.00,6.8397,1.6202,1.2268,5.9519,4.0726,2.1212,5.9471,1.7290,1.4792
648.50,6.8397,1.6202,1.2268,5.9519,4.0726,2.1227,5.9471,1.7290,1.4808
649.00,6.8397,1.6202,1.2268,5.9519,4.0726,2.1233,5.9471,1.7290,1.4814
649.50,6.8397,1.6202,1.2268,5.9519,4.0726,2.1243,5.9471,1.7290,1.4824
650.00,6.8397,1.6202,1.2268,5.9519,4.0726,2.1251,5.9471,1.7290,1.4832
650.50,6.8397,1.6202,1.2268,5.9519,4.0726,2.1255,5.9471,1.7290,1.4835
651.00,6.8397,1.6202,1.2268,5.9519,4.0726,2.1266,5.9471,1.7290,1.4847
651.50,6.8397,1.6202,1.2268,5.9519,4.0726,2.1277,5.9471,1.7290,1.4857
652.00,6.8397,1.6202,1.2268,5.9519,4.0726,2.1290,5.9471,1.7290,1.4871
652.50,6.8397,1.6202,1.2268,5.9519,4.0726,2.1296,5.9471,1.7290,1.4876
653.00,6.8397,1.6202,1.2268,5.9519,4.0726,2.1310,5.9471,1.7290,1.4891
653.50,6.8397,1.6202,1.2268,5.9519,4.0726,2.1321,5.9471,1.7290,1.4901
654.00,6.8397,1.6202,1.2268,5.9519,4.0726,2.1327,5.9471,1.7290,1.4908
654.50,6.8397,1.6202,1.2268,5.9519,4.0726,2.1332,5.9471,1.7290,1.4912
655.00,6.8397,1.6202,1.2268,5.9519,4.0726,2.1343,5.9471,1.7290,1.4923
655.50,6.8397,1.6202,1.2268,5.9519,4.0726,2.1356,5.9471,1.7290,1.4936
656.00,6.8397,1.6202,1.2268,5.9519,4.0726,2.1362,5.9471,1.7290,1.4942
656.50,6.8397,1.6202,1.2268,5.9519,4.0726,2.1368,5.9471,1.7290,1.4949
657.00,6.8397,1.6202,1.2268,5.9519,4.0726,2.1373,5.9471,1.7290,1.4953
657.50,6.8397,1.6202,1.2268,5.9519,4.0726,2.1383,5.9471,1.7290,1.4963
658.00,6.8397,1.6202,1.2268,5.9519,4.0726,2.1393,5.9471,1.7290,1.4974
658.50,6.8397,1.6202,1.2268,5.9519,4.0726,2.1399,5.9471,1.7290,1.4980
659.00,6.8397,1.6202,1.2268,5.9519,4.0726,2.1412,5.9471,1.7290,1.4993
659.50,6.8397,1.6202,1.2268,5.9519,4.0726,2.1419,5.9471,1.7290,1.4999
660.00,6.8397,1.6202,1.2268,5.9519,4.0726,2.1427,5.9471,1.7290,1.5008
660.50,6.8397,1.6202,1.2268,5.9519,4.0726,2.1435,5.9471,1.7290,1.5016
661.00,6.8397,1.6202,1.2268,5.9519,4.0726,2.1441,5.9471,1.7290,1.5022
661.50,6.8397,1.6202,1.2268,5.9519,4.0726,2.1448,5.9471,1.7290,1.5028
662.00,6.8397,1.6202,1.2268,5.9519,4.0726,2.1463,5.9471,1.7290,1.5044
662.50,6.8397,1.6202,1.2268,5.9519,4.0726,2.1467,5.9471,1.7290,1.5048
663.00,6.8397,1.6202,1.2268,5.9519,4.0726,2.1479,5.9471,1.7290,1.5059
663.50,6.8397,1.6202,1.2268,5.9519,4.0726,2.1491,5.9471,1.7290,1.5071
664.00,6.8397,1.6202,1.2268,5.9519,4.0726,2.1495,5.9471,1.7290,1.5075
664.50,6.8397,1.6202,1.2268,5.9519,4.0726,2.1506,5.9471,1.7290,1.5087
665.00,6.8397,1.6202,1.2268,5.9519,4.0726,2.1512,5.9471,1.7290,1.5092
665.50,6.8397,1.6202,1.2268,5.9519,4.0726,2.1529,5.9471,1.7290,1.5109
666.00,6.8397,1.6202,1.2268,5.9519,4.0726,2.1537,5.9471,1.7290,1.5117
666.50,6.8397,1.6202,1.2268,5.9519,4.0726,2.1545,5.9471,1.7290,1.5126
667.00,6.8397,1.6202,1.2268,5.9519,4.0726,2.1561,5.9471,1.7290,1.5141
667.50,6.8397,1.6202,1.2268,5.9519,4.0726,2.1572,5.9471,1.7290,1.5153
668.00,6.8397,1.6202,1.2268,5.9519,4.0726,2.1583,5.9471,1.7290,1.5164
668.50,6.8397,1.6202,1.2268,5.9519,4.0726,2.1586,5.9471,1.7290,1.5167
669.00,6.8397,1.6202,1.2268,5.9519,4.0726,2.1599,5.9471,1.7290,1.5179
669.50,6.8397,1.6202,1.2268,5.9519,4.0726,2.1608,5.9471,1.7290,1.5188
670.00,6.8397,1.6202,1.2268,5.9519,4.0726,2.1624,5.9471,1.7290,1.5204
670.50,6.8397,1.6202,1.2268,5.9519,4.0726,2.1631,5.9471,1.7290,1.5211
671.00,6.8397,1.6202,1.2268,5.9519,4.0726,2.1645,5.9471,1.7290,1.5226
671.50,6.8397,1.6202,1.2268,5.9519,4.0726,2.1656,5.9471,1.7290,1.5237
672.00,6.8397,1.6202,1.2268,5.9519,4.0726,2.1670,5.9471,1.7290,1.5250
672.50,6.8397,1.6202,1.2268,5.9519,4.0726,2.1681,5.9471,1.7290,1.5261
673.00,6.8397,1.6202,1.2268,5.9519,4.0726,2.1691,5.9471,1.7290,1.5271
673.50,6.8397,1.6202,1.2268,5.9519,4.0726,2.1700,5.9471,1.7290,1.5281
674.00,6.8397,1.6202,1.2268,5.9519,4.0726,2.1711,5.9471,1.7290,1.5291
674.50,6.8397,1.6202,1.2268,5.9519,4.0726,2.1718,5.9471,1.7290,1.5298
675.00,6.8397,1.6202,1.2268,5.9519,4.0726,2.1727,5.9471,1.7290,1.5308
675.50,6.8397,1.6202,1.2268,5.9519,4.0726,2.1737,5.9471,1.7290,1.5318
676.00,6.8397,1.6202,1.2268,5.9519,4.0726,2.1751,5.9471,1.7290,1.5332
676.50,6.8397,1.6202,1.2268,5.9519,4.0726,2.1766,5.9471,1.7290,1.5347
677.00,6.8397,1.6202,1.2268,5.9519,4.0726,2.1775,5.9471,1.7290,1.5355
677.50,6.8397,1.6202,1.2268,5.9519,4.0726,2.1787,5.9471,1.7290,1.5367
678.00,6.8397,1.6202,1.2268,5.9519,4.0726,2.1796,5.9471,1.7290,1.5376
678.50,6.8397,1.6202,1.2268,5.9519,4.0726,2.1804,5.9471,1.7290,1.5385
679.00,6.8397,1.6202,1.2268,5.9519,4.0726,2.1812,5.9471,1.7290,1.5393
679.50,6.8397,1.6202,1.2268,5.9519,4.0726,2.1820,5.9471,1.7290,1.5401
680.00,6.8397,1.6202,1.2268,5.9519,4.0726,2.1829,5.9471,1.7290,1.5410
680.50,6.8397,1.6202,1.2268,5.9519,4.0726,2.1835,5.9471,1.7290,1.5416
681.00,6.8397,1.6202,1.2268,5.9519,4.0726,2.1845,5.9471,1.7290,1.5425
681.50,6.8397,1.6202,1.2268,5.9519,4.0726,2.1857,5.9471,1.7290,1.5437
682.00,6.8397,1.6202,1.2268,5.9519,4.0726,2.1867,5.9471,1.7290,1.5448
682.50,6.8397,1.6202,1.2268,5.9519,4.0726,2.1876,5.9471,1.7290,1.5456
683.00,6.8397,1.6202,1.2268,5.9519,4.0726,2.1891,5.9471,1.7290,1.5471
683.50,6.8397,1.6202,1.2268,5.9519,4.0726,2.1904,5.9471,1.7290,1.5484
684.00,6.8397,1.6202,1.2268,5.9519,4.0726,2.1913,5.9471,1.7290,1.5493
684.50,6.8397,1.6202,1.2268,5.9519,4.0726,2.1915,5.9471,1.7290,1.5496
685.00,6.8397,1.6202,1.2268,5.9519,4.0726,2.1924,5.9471,1.7290,1.5504
685.50,6.8397,1.6202,1.2268,5.9519,4.0726,2.1932,5.9471,1.7290,1.5512
686.00,6.8397,1.6202,1.2268,5.9519,4.0726,2.1941,5.9471,1.7290,1.5522
686.50,6.8397,1.6202,1.2268,5.9519,4.0726,2.1953,5.9471,1.7290,1.5533
687.00,6.8397,1.6202,1.2268,5.9519,4.0726,2.1964,5.9471,1.7290,1.5544
687.50,6.8397,1.6202,1.2268,5.9519,4.0726,2.1973,5.9471,1.7290,1.5553
688.00,6.8397,1.6202,1.2268,5.9519,4.0726,2.1987,5.9471,1.7290,1.5568
688.50,6.8397,1.6202,1.2268,5.9519,4.0726,2.1994,5.9471,1.7290,1.5575
689.00,6.8397,1.6202,1.2268,5.9519,4.0726,2.2010,5.9471,1.7290,1.5590
689.50,6.8397,1.6202,1.2268,5.9519,4.0726,2.2017,5.9471,1.7290,1.5597
690.00,6.8397,1.6202,1.2268,5.9519,4.0726,2.2025,5.9471,1.7290,1.5606
690.50,6.8397,1.6202,1.2268,5.9519,4.0726,2.2037,5.9471,1.7290,1.5618
691.00,6.8397,1.6202,1.2268,5.9519,4.0726,2.2046,5.9471,1.7290,1.5626
691.50,6.8397,1.6202,1.2268,5.9519,4.0726,2.2059,5.9471,1.7290,1.5640
692.00,6.8397,1.6202,1.2268,5.9519,4.0726,2.2071,5.9471,1.7290,1.5652
692.50,6.8397,1.6202,1.2268,5.9519,4.0726,2.2081,5.9471,1.7290,1.5661
693.00,6.8397,1.6202,1.2268,5.9519,4.0726,2.2085,5.9471,1.7290,1.5666
693.50,6.8397,1.6202,1.2268,5.9519,4.0726,2.2089,5.9471,1.7290,1.5670
694.00,6.8397,1.6202,1.2268,5.9519,4.0726,2.2097,5.9471,1.7290,1.5678
694.50,6.8397,1.6202,1.2268,5.9519,4.0726,2.2112,5.9471,1.7290,1.5693
695.00,6.8397,1.6202,1.2268,5.9519,4.0726,2.2118,5.9471,1.7290,1.5698
695.50,6.8397,1.6202,1.2268,5.9519,4.0726,2.2134,5.9471,1.7290,1.5714
696.00,6.8397,1.6202,1.2268,5.9519,4.0726,2.2146,5.9471,1.7290,1.5726
696.50,6.8397,1.6202,1.2268,5.9519,4.0726,2.2155,5.9471,1.7290,1.5735
697.00,6.8397,1.6202,1.2268,5.9519,4.0726,2.2160,5.9471,1.7290,1.5740
697.50,6.8397,1.6202,1.2268,5.9519,4.0726,2.2173,5.9471,1.7290,1.5754
698.00,6.8397,1.6202,1.2268,5.9519,4.0726,2.2181,5.9471,1.7290,1.5762
698.50,6.8397,1.6202,1.2268,5.9519,4.0726,2.2191,5.9471,1.7290,1.5771
699.00,6.8397,1.6202,1.2268,5.9519,4.0726,2.2202,5.9471,1.7290,1.5782
699.50,6.8397,1.6202,1.2268,5.9519,4.0726,2.2210,5.9471,1.7290,1.5790
700.00,6.8397,1.6202,1.2268,5.9519,4.0726,2.2217,5.9471,1.7290,1.5797
700.50,6.8397,1.6202,1.2268,5.9519,4.0726,2.2231,5.9471,1.7290,1.5811
701.00,6.8397,1.6202,1.2268,5.9519,4.0726,2.2239,5.9471,1.7290,1.5820
701.50,6.8397,1.6202,1.2268,5.9519,4.0726,2.2248,5.9471,1.7290,1.5828
702.00,6.8397,1.6202,1.2268,5.9519,4.0726,2.2257,5.9471,1.7290,1.5838
702.50,6.8397,1.6202,1.2268,5.9519,4.0726,2.2268,5.9471,1.7290,1.5848
703.00,6.8397,1.6202,1.2268,5.9519,4.0726,2.2276,5.9471,1.7290,1.5856
703.50,6.8397,1.6202,1.2268,5.9519,4.0726,2.2286,5.9471,1.7290,1.5866
704.00,6.8397,1.6202,1.2268,5.9519,4.0726,2.2294,5.9471,1.7290,1.5874
704.50,6.8397,1.6202,1.2268,5.9519,4.0726,2.2305,5.9471,1.7290,1.5885
705.00,6.8397,1.6202,1.2268,5.9519,4.0726,2.2313,5.9471,1.7290,1.5894
705.50,6.8397,1.6202,1.2268,5.9519,4.0726,2.2320,5.9471,1.7290,1.5900
706.00,6.8397,1.6202,1.2268,5.9519,4.0726,2.2329,5.9471,1.7290,1.5909
706.50,6.8397,1.6202,1.2268,5.9519,4.0726,2.2341,5.9471,1.7290,1.5921
707.00,6.8397,1.6202,1.2268,5.9519,4.0726,2.2353,5.9471,1.7290,1.5934
707.50,6.8397,1.6202,1.2268,5.9519,4.0726,2.2360,5.9471,1.7290,1.5940
708.00,6.8397,1.6202,1.2268,5.9519,4.0726,2.2369,5.9471,1.7290,1.5950
708.50,6.8397,1.6202,1.2268,5.9519,4.0726,2.2383,5.9471,1.7290,1.5963
709.00,6.8397,1.6202,1.2268,5.9519,4.0726,2.2392,5.9471,1.7290,1.5973
709.50,6.8397,1.6202,1.2268,5.9519,4.0726,2.2403,5.9471,1.7290,1.5984
710.00,6.8397,1.6202,1.2268,5.9519,4.0726,2.2411,5.9471,1.7290,1.5991
710.50,6.8397,1.6202,1.2268,5.9519,4.0726,2.2418,5.9471,1.7290,1.5999
711.00,6.8397,1.6202,1.2268,5.9519,4.0726,2.2427,5.9471,1.7290,1.6008
711.50,6.8397,1.6202,1.2268,5.9519,4.0726,2.2434,5.9471,1.7290,1.6014
712.00,6.8397,1.6202,1.2268,5.9519,4.0726,2.2448,5.9471,1.7290,1.6029
712.50,6.8397,1.6202,1.2268,5.9519,4.0726,2.2460,5.9471,1.7290,1.6041
713.00,6.8397,1.6202,1.2268,5.9519,4.0726,2.2472,5.9471,1.7290,1.6052
713.50,6.8397,1.6202,1.2268,5.9519,4.0726,2.2483,5.9471,1.7290,1.6063
714.00,6.8397,1.6202,1.2268,5.9519,4.0726,2.2492,5.9471,1.7290,1.6073
714.50,6.8397,1.6202,1.2268,5.9519,4.0726,2.2508,5.9471,1.7290,1.6088
715.00,6.8397,1.6202,1.2268,5.9519,4.0726,2.2518,5.9471,1.7290,1.6099
715.50,6.8397,1.6202,1.2268,5.9519,4.0726,2.2531,5.9471,1.7290,1.6112
716.00,6.8397,1.6202,1.2268,5.9519,4.0726,2.2545,5.9471,1.7290,1.6125
716.50,6.8397,1.6202,1.2268,5.9519,4.0726,2.2556,5.9471,1.7290,1.6136
717.00,6.8397,1.6202,1.2268,5.9519,4.0726,2.2566,5.9471,1.7290,1.6146
717.50,6.8397,1.6202,1.2268,5.9519,4.0726,2.2579,5.9471,1.7290,1.6160
718.00,6.8397,1.6202,1.2268,5.9519,4.0726,2.2590,5.9471,1.7290,1.6171
718.50,6.8397,1.6202,1.2268,5.9519,4.0726,2.2598,5.9471,1.7290,1.6179
719.00,6.8397,1.6202,1.2268,5.9519,4.0726,2.2612,5.9471,1.7290,1.6192
719.50,6.8397,1.6202,1.2268,5.9519,4.0726,2.2624,5.9471,1.7290,1.6205
720.00,6.8397,1.6202,1.2268,5.9519,4.0726,2.2634,5.9471,1.7290,1.6214
720.50,6.8397,1.6202,1.2268,5.9519,4.0726,2.2639,5.9471,1.7290,1.6220
721.00,6.8397,1.6202,1.2268,5.9519,4.0726,2.2650,5.9471,1.7290,1.6230
721.50,6.8397,1.6202,1.2268,5.9519,4.0726,2.2661,5.9471,1.7290,1.6242
722.00,6.8397,1.6202,1.2268,5.9519,4.0726,2.2673,5.9471,1.7290,1.6254
722.50,6.8397,1.6202,1.2268,5.9519,4.0726,2.2686,5.9471,1.7290,1.6266
723.00,6.8397,1.6202,1.2268,5.9519,4.0726,2.2696,5.9471,1.7290,1.6276
723.50,6.8397,1.6202,1.2268,5.9519,4.0726,2.2708,5.9471,1.7290,1.6288
724.00,6.8397,1.6202,1.2268,5.9519,4.0726,2.2721,5.9471,1.7290,1.6301
724.50,6.8397,1.6202,1.2268,5.9519,4.0726,2.2731,5.9471,1.7290,1.6312
725.00,6.8397,1.6202,1.2268,5.9519,4.0726,2.2743,5.9471,1.7290,1.6323
725.50,6.8397,1.6202,1.2268,5.9519,4.0726,2.2758,5.9471,1.7290,1.6339
726.00,6.8397,1.6202,1.2268,5.9519,4.0726,2.2769,5.9471,1.7290,1.6349
726.50,6.8397,1.6202,1.2268,5.9519,4.0726,2.2782,5.9471,1.7290,1.6362
727.00,6.8397,1.6202,1.2268,5.9519,4.0726,2.2788,5.9471,1.7290,1.6368
727.50,6.8397,1.6202,1.2268,5.9519,4.0726,2.2797,5.9471,1.7290,1.6378
728.00,6.8397,1.6202,1.2268,5.9519,4.0726,2.2806,5.9471,1.7290,1.6386
728.50,6.8397,1.6202,1.2268,5.9519,4.0726,2.2820,5.9471,1.7290,1.6400
729.00,6.8397,1.6202,1.2268,5.9519,4.0726,2.2834,5.9471,1.7290,1.6415
729.50,6.8397,1.6202,1.2268,5.9519,4.0726,2.2846,5.9471,1.7290,1.6426
730.00,6.8397,1.6202,1.2268,5.9519,4.0726,2.2852,5.9471,1.7290,1.6433
730.50,6.8397,1.6202,1.2268,5.9519,4.0726,2.2864,5.9471,1.7290,1.6444
731.00,6.8397,1.6202,1.2268,5.9519,4.0726,2.2878,5.9471,1.7290,1.6458
731.50,6.8397,1.6202,1.2268,5.9519,4.0726,2.2890,5.9471,1.7290,1.6471
732.00,6.8397,1.6202,1.2268,5.9519,4.0726,2.2903,5.9471,1.7290,1.6483
732.50,6.8397,1.6202,1.2268,5.9519,4.0726,2.2916,5.9471,1.7290,1.6497
733.00,6.8397,1.6202,1.2268,5.9519,4.0726,2.2929,5.9471,1.7290,1.6509
733.50,6.8397,1.6202,1.2268,5.9519,4.0726,2.2940,5.9471,1.7290,1.6521
734.00,6.8397,1.6202,1.2268,5.9519,4.0726,2.2954,5.9471,1.7290,1.6534
734.50,6.8397,1.6202,1.2268,5.9519,4.0726,2.2968,5.9471,1.7290,1.6549
735.00,6.8397,1.6202,1.2268,5.9519,4.0726,2.2980,5.9471,1.7290,1.6561
735.50,6.8397,1.6202,1.2268,5.9519,4.0726,2.2989,5.9471,1.7290,1.6570
736.00,6.8397,1.6202,1.2268,5.9519,4.0726,2.2997,5.9471,1.7290,1.6577
736.50,6.8397,1.6202,1.2268,5.9519,4.0726,2.3005,5.9471,1.7290,1.6585
737.00,6.8397,1.6202,1.2268,5.9519,4.0726,2.3017,5.9471,1.7290,1.6597
737.50,6.8397,1.6202,1.2268,5.9519,4.0726,2.3028,5.9471,1.7290,1.6608
738.00,6.8397,1.6202,1.2268,5.9519,4.0726,2.3040,5.9471,1.7290,1.6620
738.50,6.8397,1.6202,1.2268,5.9519,4.0726,2.3050,5.9471,1.7290,1.6630
739.00,6.8397,1.6202,1.2268,5.9519,4.0726,2.3062,5.9471,1.7290,1.6642
739.50,6.8397,1.6202,1.2268,5.9519,4.0726,2.3074,5.9471,1.7290,1.6654
740.00,6.8397,1.6202,1.2268,5.9519,4.0726,2.3090,5.9471,1.7290,1.6670
740.50,6.8397,1.6202,1.2268,5.9519,4.0726,2.3107,5.9471,1.7290,1.6687
741.00,6.8397,1.6202,1.2268,5.9519,4.0726,2.3120,5.9471,1.7290,1.6700
741.50,6.8397,1.6202,1.2268,5.9519,4.0726,2.3127,5.9471,1.7290,1.6707
742.00,6.8397,1.6202,1.2268,5.9519,4.0726,2.3142,5.9471,1.7290,1.6722
742.50,6.8397,1.6202,1.2268,5.9519,4.0726,2.3155,5.9471,1.7290,1.6735
743.00,6.8397,1.6202,1.2268,5.9519,4.0726,2.3159,5.9471,1.7290,1.6739
743.50,6.8397,1.6202,1.2268,5.9519,4.0726,2.3169,5.9471,1.7290,1.6750
744.00,6.8397,1.6202,1.2268,5.9519,4.0726,2.3183,5.9471,1.7290,1.6764
744.50,6.8397,1.6202,1.2268,5.9519,4.0726,2.3200,5.9471,1.7290,1.6781
745.00,6.8397,1.6202,1.2268,5.9519,4.0726,2.3209,5.9471,1.7290,1.6789
745.50,6.8397,1.6202,1.2268,5.9519,4.0726,2.3218,5.9471,1.7290,1.6799
746.00,6.8397,1.6202,1.2268,5.9519,4.0726,2.3226,5.9471,1.7290,1.6806
746.50,6.8397,1.6202,1.2268,5.9519,4.0726,2.3237,5.9471,1.7290,1.6817
747.00,6.8397,1.6202,1.2268,5.9519,4.0726,2.3249,5.9471,1.7290,1.6829
747.50,6.8397,1.6202,1.2268,5.9519,4.0726,2.3258,5.9471,1.7290,1.6838
748.00,6.8397,1.6202,1.2268,5.9519,4.0726,2.3272,5.9471,1.7290,1.6852
748.50,6.8397,1.6202,1.2268,5.9519,4.0726,2.3280,5.9471,1.7290,1.6861
749.00,6.8397,1.6202,1.2268,5.9519,4.0726,2.3300,5.9471,1.7290,1.6880
749.50,6.8397,1.6202,1.2268,5.9519,4.0726,2.3315,5.9471,1.7290,1.6895
750.00,6.8397,1.6202,1.2268,5.9519,4.0726,2.3322,5.9471,1.7290,1.6903
750.50,6.8397,1.6202,1.2268,5.9519,4.0726,2.3336,5.9471,1.7290,1.6916
751.00,6.8397,1.6202,1.2268,5.9519,4.0726,2.3346,5.9471,1.7290,1.6926
751.50,6.8397,1.6202,1.2268,5.9519,4.0726,2.3355,5.9471,1.7290,1.6935
752.00,6.8397,1.6202,1.2268,5.9519,4.0726,2.3368,5.9471,1.7290,1.6949
752.50,6.8397,1.6202,1.2268,5.9519,4.0726,2.3381,5.9471,1.7290,1.6961
753.00,6.8397,1.6202,1.2268,5.9519,4.0726,2.3394,5.9471,1.7290,1.6975
753.50,6.8397,1.6202,1.2268,5.9519,4.0726,2.3409,5.9471,1.7290,1.6990
754.00,6.8397,1.6202,1.2268,5.9519,4.0726,2.3424,5.9471,1.7290,1.7005
754.50,6.8397,1.6202,1.2268,5.9519,4.0726,2.3436,5.9471,1.7290,1.7016
755.00,6.8397,1.6202,1.2268,5.9519,4.0726,2.3447,5.9471,1.7290,1.7028
755.50,6.8397,1.6202,1.2268,5.9519,4.0726,2.3462,5.9471,1.7290,1.7042
756.00,6.8397,1.6202,1.2268,5.9519,4.0726,2.3473,5.9471,1.7290,1.7054
756.50,6.8397,1.6202,1.2268,5.9519,4.0726,2.3487,5.9471,1.7290,1.7067
757.00,6.8397,1.6202,1.2268,5.9519,4.0726,2.3499,5.9471,1.7290,1.7080
757.50,6.8397,1.6202,1.2268,5.9519,4.0726,2.3517,5.9471,1.7290,1.7097
758.00,6.8397,1.6202,1.2268,5.9519,4.0726,2.3529,5.9471,1.7290,1.7110
758.50,6.8397,1.6202,1.2268,5.9519,4.0726,2.3545,5.9471,1.7290,1.7126
759.00,6.8397,1.6202,1.2268,5.9519,4.0726,2.3555,5.9471,1.7290,1.7135
759.50,6.8397,1.6202,1.2268,5.9519,4.0726,2.3565,5.9471,1.7290,1.7145
760.00,6.8397,1.6202,1.2268,5.9519,4.0726,2.3572,5.9471,1.7290,1.7152
760.50,6.8397,1.6202,1.2268,5.9519,4.0726,2.3582,5.9471,1.7290,1.7162
761.00,6.8397,1.6202,1.2268,5.9519,4.0726,2.3594,5.9471,1.7290,1.7175
761.50,6.8397,1.6202,1.2268,5.9519,4.0726,2.3604,5.9471,1.7290,1.7184
762.00,6.8397,1.6202,1.2268,5.9519,4.0726,2.3615,5.9471,1.7290,1.7196
762.50,6.8397,1.6202,1.2268,5.9519,4.0726,2.3633,5.9471,1.7290,1.7213
763.00,6.8397,1.6202,1.2268,5.9519,4.0726,2.3645,5.9471,1.7290,1.7226
763.50,6.8397,1.6202,1.2268,5.9519,4.0726,2.3651,5.9471,1.7290,1.7231
764.00,6.8397,1.6202,1.2268,5.9519,4.0726,2.3661,5.9471,1.7290,1.7241
764.50,6.8397,1.6202,1.2268,5.9519,4.0726,2.3670,5.9471,1.7290,1.7250
765.00,6.8397,1.6202,1.2268,5.9519,4.0726,2.3678,5.9471,1.7290,1.7258
765.50,6.8397,1.6202,1.2268,5.9519,4.0726,2.3694,5.9471,1.7290,1.7275
766.00,6.8397,1.6202,1.2268,5.9519,4.0726,2.3707,5.9471,1.7290,1.7288
766.50,6.8397,1.6202,1.2268,5.9519,4.0726,2.3717,5.9471,1.7290,1.7297
767.00,6.8397,1.6202,1.2268,5.9519,4.0726,2.3728,5.9471,1.7290,1.7308
767.50,6.8397,1.6202,1.2268,5.9519,4.0726,2.3745,5.9471,1.7290,1.7326
768.00,6.8397,1.6202,1.2268,5.9519,4.0726,2.3754,5.9471,1.7290,1.7335
768.50,6.8397,1.6202,1.2268,5.9519,4.0726,2.3765,5.9471,1.7290,1.7346
769.00,6.8397,1.6202,1.2268,5.9519,4.0726,2.3778,5.9471,1.7290,1.7358
769.50,6.8397,1.6202,1.2268,5.9519,4.0726,2.3786,5.9471,1.7290,1.7366
770.00,6.8397,1.6202,1.2268,5.9519,4.0726,2.3801,5.9471,1.7290,1.7381
770.50,6.8397,1.6202,1.2268,5.9519,4.0726,2.3818,5.9471,1.7290,1.7399
771.00,6.8397,1.6202,1.2268,5.9519,4.0726,2.3830,5.9471,1.7290,1.7410
771.50,6.8397,1.6202,1.2268,5.9519,4.0726,2.3843,5.9471,1.7290,1.7423
772.00,6.8397,1.6202,1.2268,5.9519,4.0726,2.3850,5.9471,1.7290,1.7431
772.50,6.8397,1.6202,1.2268,5.9519,4.0726,2.3864,5.9471,1.7290,1.7444
773.00,6.8397,1.6202,1.2268,5.9519,4.0726,2.3877,5.9471,1.7290,1.7457
773.50,6.8397,1.6202,1.2268,5.9519,4.0726,2.3889,5.9471,1.7290,1.7469
774.00,6.8397,1.6202,1.2268,5.9519,4.0726,2.3896,5.9471,1.7290,1.7476
774.50,6.8397,1.6202,1.2268,5.9519,4.0726,2.3908,5.9471,1.7290,1.7488
775.00,6.8397,1.6202,1.2268,5.9519,4.0726,2.3915,5.9471,1.7290,1.7496
775.50,6.8397,1.6202,1.2268,5.9519,4.0726,2.3933,5.9471,1.7290,1.7513
776.00,6.8397,1.6202,1.2268,5.9519,4.0726,2.3947,5.9471,1.7290,1.7527
776.50,6.8397,1.6202,1.2268,5.9519,4.0726,2.3965,5.9471,1.7290,1.7546
777.00,6.8397,1.6202,1.2268,5.9519,4.0726,2.3979,5.9471,1.7290,1.7560
777.50,6.8397,1.6202,1.2268,5.9519,4.0726,2.3993,5.9471,1.7290,1.7574
778.00,6.8397,1.6202,1.2268,5.9519,4.0726,2.4008,5.9471,1.7290,1.7588
778.50,6.8397,1.6202,1.2268,5.9519,4.0726,2.4017,5.9471,1.7290,1.7597
779.00,6.8397,1.6202,1.2268,5.9519,4.0726,2.4029,5.9471,1.7290,1.7609
779.50,6.8397,1.6202,1.2268,5.9519,4.0726,2.4044,5.9471,1.7290,1.7625
780.00,6.8397,1.6202,1.2268,5.9519,4.0726,2.4055,5.9471,1.7290,1.7635
780.50,6.8397,1.6202,1.2268,5.9519,4.0726,2.4067,5.9471,1.7290,1.7647
781.00,6.8397,1.6202,1.2268,5.9519,4.0726,2.4075,5.9471,1.7290,1.7655
781.50,6.8397,1.6202,1.2268,5.9519,4.0726,2.4084,5.9471,1.7290,1.7665
782.00,6.8397,1.6202,1.2268,5.9519,4.0726,2.4092,5.9471,1.7290,1.7673
782.50,6.8397,1.6202,1.2268,5.9519,4.0726,2.4106,5.9471,1.7290,1.7687
783.00,6.8397,1.6202,1.2268,5.9519,4.0726,2.4120,5.9471,1.7290,1.7700
783.50,6.8397,1.6202,1.2268,5.9519,4.0726,2.4130,5.9471,1.7290,1.7711
784.00,6.8397,1.6202,1.2268,5.9519,4.0726,2.4145,5.9471,1.7290,1.7725
784.50,6.8397,1.6202,1.2268,5.9519,4.0726,2.4157,5.9471,1.7290,1.7737
785.00,6.8397,1.6202,1.2268,5.9519,4.0726,2.4168,5.9471,1.7290,1.7748
785.50,6.8397,1.6202,1.2268,5.9519,4.0726,2.4181,5.9471,1.7290,1.7762
786.00,6.8397,1.6202,1.2268,5.9519,4.0726,2.4190,5.9471,1.7290,1.7771
786.50,6.8397,1.6202,1.2268,5.9519,4.0726,2.4203,5.9471,1.7290,1.7783
787.00,6.8397,1.6202,1.2268,5.9519,4.0726,2.4213,5.9471,1.7290,1.7793
787.50,6.8397,1.6202,1.2268,5.9519,4.0726,2.4226,5.9471,1.7290,1.7806
788.00,6.8397,1.6202,1.2268,5.9519,4.0726,2.4236,5.9471,1.7290,1.7816
788.50,6.8397,1.6202,1.2268,5.9519,4.0726,2.4244,5.9471,1.7290,1.7825
789.00,6.8397,1.6202,1.2268,5.9519,4.0726,2.4252,5.9471,1.7290,1.7833
789.50,6.8397,1.6202,1.2268,5.9519,4.0726,2.4263,5.9471,1.7290,1.7844
790.00,6.8397,1.6202,1.2268,5.9519,4.0726,2.4280,5.9471,1.7290,1.7860
790.50,6.8397,1.6202,1.2268,5.9519,4.0726,2.4292,5.9471,1.7290,1.7873
791.00,6.8397,1.6202,1.2268,5.9519,4.0726,2.4301,5.9471,1.7290,1.7881
791.50,6.8397,1.6202,1.2268,5.9519,4.0726,2.4312,5.9471,1.7290,1.7892
792.00,6.8397,1.6202,1.2268,5.9519,4.0726,2.4332,5.9471,1.7290,1.7913
792.50,6.8397,1.6202,1.2268,5.9519,4.0726,2.4347,5.9471,1.7290,1.7927
793.00,6.8397,1.6202,1.2268,5.9519,4.0726,2.4362,5.9471,1.7290,1.7942
793.50,6.8397,1.6202,1.2268,5.9519,4.0726,2.4372,5.9471,1.7290,1.7952
794.00,6.8397,1.6202,1.2268,5.9519,4.0726,2.4383,5.9471,1.7290,1.7964
794.50,6.8397,1.6202,1.2268,5.9519,4.0726,2.4394,5.9471,1.7290,1.7975
795.00,6.8397,1.6202,1.2268,5.9519,4.0726,2.4401,5.9471,1.7290,1.7982
795.50,6.8397,1.6202,1.2268,5.9519,4.0726,2.4415,5.9471,1.7290,1.7995
796.00,6.8397,1.6202,1.2268,5.9519,4.0726,2.4426,5.9471,1.7290,1.8007
796.50,6.8397,1.6202,1.2268,5.9519,4.0726,2.4441,5.9471,1.7290,1.8022
797.00,6.8397,1.6202,1.2268,5.9519,4.0726,2.4455,5.9471,1.7290,1.8036
797.50,6.8397,1.6202,1.2268,5.9519,4.0726,2.4469,5.9471,1.7290,1.8049
798.00,6.8397,1.6202,1.2268,5.9519,4.0726,2.4485,5.9471,1.7290,1.8065
798.50,6.8397,1.6202,1.2268,5.9519,4.0726,2.4495,5.9471,1.7290,1.8075
799.00,6.8397,1.6202,1.2268,5.9519,4.0726,2.4506,5.9471,1.7290,1.8086
799.50,6.8397,1.6202,1.2268,5.9519,4.0726,2.4514,5.9471,1.7290,1.8095
800.00,6.8397,1.6202,1.2268,5.9519,4.0726,2.4528,5.9471,1.7290,1.8109
800.50,6.8397,1.6202,1.2268,5.9519,4.0726,2.4540,5.9471,1.7290,1.8121
801.00,6.8397,1.6202,1.2268,5.9519,4.0726,2.4557,5.9471,1.7290,1.8138
801.50,6.8397,1.6202,1.2268,5.9519,4.0726,2.4570,5.9471,1.7290,1.8150
802.00,6.8397,1.6202,1.2268,5.9519,4.0726,2.4585,5.9471,1.7290,1.8165
802.50,6.8397,1.6202,1.2268,5.9519,4.0726,2.4598,5.9471,1.7290,1.8179
803.00,6.8397,1.6202,1.2268,5.9519,4.0726,2.4607,5.9471,1.7290,1.8187
803.50,6.8397,1.6202,1.2268,5.9519,4.0726,2.4615,5.9471,1.7290,1.8196
804.00,6.8397,1.6202,1.2268,5.9519,4.0726,2.4627,5.9471,1.7290,1.8207
804.50,6.8397,1.6202,1.2268,5.9519,4.0726,2.4640,5.9471,1.7290,1.8221
805.00,6.8397,1.6202,1.2268,5.9519,4.0726,2.4655,5.9471,1.7290,1.8235
805.50,6.8397,1.6202,1.2268,5.9519,4.0726,2.4664,5.9471,1.7290,1.8245
806.00,6.8397,1.6202,1.2268,5.9519,4.0726,2.4684,5.9471,1.7290,1.8265
806.50,6.8397,1.6202,1.2268,5.9519,4.0726,2.4699,5.9471,1.7290,1.8280
807.00,6.8397,1.6202,1.2268,5.9519,4.0726,2.4709,5.9471,1.7290,1.8290
807.50,6.8397,1.6202,1.2268,5.9519,4.0726,2.4718,5.9471,1.7290,1.8299
808.00,6.8397,1.6202,1.2268,5.9519,4.0726,2.4728,5.9471,1.7290,1.8309
808.50,6.8397,1.6202,1.2268,5.9519,4.0726,2.4742,5.9471,1.7290,1.8322
809.00,6.8397,1.6202,1.2268,5.9519,4.0726,2.4756,5.9471,1.7290,1.8337
809.50,6.8397,1.6202,1.2268,5.9519,4.0726,2.4766,5.9471,1.7290,1.8346
810.00,6.8397,1.6202,1.2268,5.9519,4.0726,2.4775,5.9471,1.7290,1.8355
810.50,6.8397,1.6202,1.2268,5.9519,4.0726,2.4785,5.9471,1.7290,1.8366
811.00,6.8397,1.6202,1.2268,5.9519,4.0726,2.4794,5.9471,1.7290,1.8374
811.50,6.8397,1.6202,1.2268,5.9519,4.0726,2.4806,5.9471,1.7290,1.8386
812.00,6.8397,1.6202,1.2268,5.9519,4.0726,2.4819,5.9471,1.7290,1.8400
812.50,6.8397,1.6202,1.2268,5.9519,4.0726,2.4822,5.9471,1.7290,1.8403
813.00,6.8397,1.6202,1.2268,5.9519,4.0726,2.4838,5.9471,1.7290,1.8419
813.50,6.8397,1.6202,1.2268,5.9519,4.0726,2.4855,5.9471,1.7290,1.8435
814.00,6.8397,1.6202,1.2268,5.9519,4.0726,2.4862,5.9471,1.7290,1.8442
814.50,6.8397,1.6202,1.2268,5.9519,4.0726,2.4874,5.9471,1.7290,1.8455
815.00,6.8397,1.6202,1.2268,5.9519,4.0726,2.4889,5.9471,1.7290,1.8469
815.50,6.8397,1.6202,1.2268,5.9519,4.0726,2.4899,5.9471,1.7290,1.8479
816.00,6.8397,1.6202,1.2268,5.9519,4.0726,2.4913,5.9471,1.7290,1.8494
816.50,6.8397,1.6202,1.2268,5.9519,4.0726,2.4924,5.9471,1.7290,1.8505
817.00,6.8397,1.6202,1.2268,5.9519,4.0726,2.4942,5.9471,1.7290,1.8522
817.50,6.8397,1.6202,1.2268,5.9519,4.0726,2.4956,5.9471,1.7290,1.8536
818.00,6.8397,1.6202,1.2268,5.9519,4.0726,2.4960,5.9471,1.7290,1.8541
818.50,6.8397,1.6202,1.2268,5.9519,4.0726,2.4972,5.9471,1.7290,1.8553
819.00,6.8397,1.6202,1.2268,5.9519,4.0726,2.4987,5.9471,1.7290,1.8568
819.50,6.8397,1.6202,1.2268,5.9519,4.0726,2.5007,5.9471,1.7290,1.8587
820.00,6.8397,1.6202,1.2268,5.9519,4.0726,2.5018,5.9471,1.7290,1.8598
820.50,6.8397,1.6202,1.2268,5.9519,4.0726,2.5034,5.9471,1.7290,1.8615
821.00,6.8397,1.6202,1.2268,5.9519,4.0726,2.5043,5.9471,1.7290,1.8624
821.50,6.8397,1.6202,1.2268,5.9519,4.0726,2.5058,5.9471,1.7290,1.8639
822.00,6.8397,1.6202,1.2268,5.9519,4.0726,2.5070,5.9471,1.7290,1.8651
822.50,6.8397,1.6202,1.2268,5.9519,4.0726,2.5082,5.9471,1.7290,1.8662
823.00,6.8397,1.6202,1.2268,5.9519,4.0726,2.5096,5.9471,1.7290,1.8676
823.50,6.8397,1.6202,1.2268,5.9519,4.0726,2.5107,5.9471,1.7290,1.8688
824.00,6.8397,1.6202,1.2268,5.9519,4.0726,2.5120,5.9471,1.7290,1.8701
824.50,6.8397,1.6202,1.2268,5.9519,4.0726,2.5128,5.9471,1.7290,1.8709
825.00,6.8397,1.6202,1.2268,5.9519,4.0726,2.5138,5.9471,1.7290,1.8718
825.50,6.8397,1.6202,1.2268,5.9519,4.0726,2.5159,5.9471,1.7290,1.8739
826.00,6.8397,1.6202,1.2268,5.9519,4.0726,2.5171,5.9471,1.7290,1.8751
826.50,6.8397,1.6202,1.2268,5.9519,4.0726,2.5185,5.9471,1.7290,1.8766
827.00,6.8397,1.6202,1.2268,5.9519,4.0726,2.5192,5.9471,1.7290,1.8772
827.50,6.8397,1.6202,1.2268,5.9519,4.0726,2.5205,5.9471,1.7290,1.8785
828.00,6.8397,1.6202,1.2268,5.9519,4.0726,2.5219,5.9471,1.7290,1.8799
828.50,6.8397,1.6202,1.2268,5.9519,4.0726,2.5233,5.9471,1.7290,1.8813
829.00,6.8397,1.6202,1.2268,5.9519,4.0726,2.5246,5.9471,1.7290,1.8827
829.50,6.8397,1.6202,1.2268,5.9519,4.0726,2.5263,5.9471,1.7290,1.8843
830.00,6.8397,1.6202,1.2268,5.9519,4.0726,2.5275,5.9471,1.7290,1.8856
830.50,6.8397,1.6202,1.2268,5.9519,4.0726,2.5291,5.9471,1.7290,1.8872
831.00,6.8397,1.6202,1.2268,5.9519,4.0726,2.5304,5.9471,1.7290,1.8884
831.50,6.8397,1.6202,1.2268,5.9519,4.0726,2.5309,5.9471,1.7290,1.8890
832.00,6.8397,1.6202,1.2268,5.9519,4.0726,2.5323,5.9471,1.7290,1.8904
832.50,6.8397,1.6202,1.2268,5.9519,4.0726,2.5342,5.9471,1.7290,1.8922
833.00,6.8397,1.6202,1.2268,5.9519,4.0726,2.5356,5.9471,1.7290,1.8936
833.50,6.8397,1.6202,1.2268,5.9519,4.0726,2.5362,5.9471,1.7290,1.8943
834.00,6.8397,1.6202,1.2268,5.9519,4.0726,2.5377,5.9471,1.7290,1.8958
834.50,6.8397,1.6202,1.2268,5.9519,4.0726,2.5389,5.9471,1.7290,1.8969
835.00,6.8397,1.6202,1.2268,5.9519,4.0726,2.5404,5.9471,1.7290,1.8984
835.50,6.8397,1.6202,1.2268,5.9519,4.0726,2.5422,5.9471,1.7290,1.9002
836.00,6.8397,1.6202,1.2268,5.9519,4.0726,2.5435,5.9471,1.7290,1.9015
836.50,6.8397,1.6202,1.2268,5.9519,4.0726,2.5450,5.9471,1.7290,1.9030
837.00,6.8397,1.6202,1.2268,5.9519,4.0726,2.5462,5.9471,1.7290,1.9043
837.50,6.8397,1.6202,1.2268,5.9519,4.0726,2.5475,5.9471,1.7290,1.9055
838.00,6.8397,1.6202,1.2268,5.9519,4.0726,2.5490,5.9471,1.7290,1.9071
838.50,6.8397,1.6202,1.2268,5.9519,4.0726,2.5499,5.9471,1.7290,1.9079
839.00,6.8397,1.6202,1.2268,5.9519,4.0726,2.5508,5.9471,1.7290,1.9088
839.50,6.8397,1.6202,1.2268,5.9519,4.0726,2.5517,5.9471,1.7290,1.9097
840.00,6.8397,1.6202,1.2268,5.9519,4.0726,2.5524,5.9471,1.7290,1.9105
840.50,6.8397,1.6202,1.2268,5.9519,4.0726,2.5534,5.9471,1.7290,1.9115
841.00,6.8397,1.6202,1.2268,5.9519,4.0726,2.5546,5.9471,1.7290,1.9126
841.50,6.8397,1.6202,1.2268,5.9519,4.0726,2.5557,5.9471,1.7290,1.9137
842.00,6.8397,1.6202,1.2268,5.9519,4.0726,2.5571,5.9471,1.7290,1.9151
842.50,6.8397,1.6202,1.2268,5.9519,4.0726,2.5587,5.9471,1.7290,1.9167
843.00,6.8397,1.6202,1.2268,5.9519,4.0726,2.5600,5.9471,1.7290,1.9181
843.50,6.8397,1.6202,1.2268,5.9519,4.0726,2.5615,5.9471,1.7290,1.9196
844.00,6.8397,1.6202,1.2268,5.9519,4.0726,2.5623,5.9471,1.7290,1.9203
844.50,6.8397,1.6202,1.2268,5.9519,4.0726,2.5633,5.9471,1.7290,1.9213
845.00,6.8397,1.6202,1.2268,5.9519,4.0726,2.5640,5.9471,1.7290,1.9221
845.50,6.8397,1.6202,1.2268,5.9519,4.0726,2.5649,5.9471,1.7290,1.9230
846.00,6.8397,1.6202,1.2268,5.9519,4.0726,2.5665,5.9471,1.7290,1.9246
846.50,6.8397,1.6202,1.2268,5.9519,4.0726,2.5684,5.9471,1.7290,1.9264
847.00,6.8397,1.6202,1.2268,5.9519,4.0726,2.5695,5.9471,1.7290,1.9276
847.50,6.8397,1.6202,1.2268,5.9519,4.0726,2.5708,5.9471,1.7290,1.9289
848.00,6.8397,1.6202,1.2268,5.9519,4.0726,2.5722,5.9471,1.7290,1.9303
848.50,6.8397,1.6202,1.2268,5.9519,4.0726,2.5734,5.9471,1.7290,1.9314
849.00,6.8397,1.6202,1.2268,5.9519,4.0726,2.5748,5.9471,1.7290,1.9329
849.50,6.8397,1.6202,1.2268,5.9519,4.0726,2.5760,5.9471,1.7290,1.9340
850.00,6.8397,1.6202,1.2268,5.9519,4.0726,2.5773,5.9471,1.7290,1.9354
850.50,6.8397,1.6202,1.2268,5.9519,4.0726,2.5784,5.9471,1.7290,1.9364
851.00,6.8397,1.6202,1.2268,5.9519,4.0726,2.5798,5.9471,1.7290,1.9379
851.50,6.8397,1.6202,1.2268,5.9519,4.0726,2.5810,5.9471,1.7290,1.9390
852.00,6.8397,1.6202,1.2268,5.9519,4.0726,2.5824,5.9471,1.7290,1.9404
852.50,6.8397,1.6202,1.2268,5.9519,4.0726,2.5834,5.9471,1.7290,1.9414
853.00,6.8397,1.6202,1.2268,5.9519,4.0726,2.5844,5.9471,1.7290,1.9425
853.50,6.8397,1.6202,1.2268,5.9519,4.0726,2.5860,5.9471,1.7290,1.9440
854.00,6.8397,1.6202,1.2268,5.9519,4.0726,2.5874,5.9471,1.7290,1.9454
854.50,6.8397,1.6202,1.2268,5.9519,4.0726,2.5883,5.9471,1.7290,1.9463
855.00,6.8397,1.6202,1.2268,5.9519,4.0726,2.5902,5.9471,1.7290,1.9482
855.50,6.8397,1.6202,1.2268,5.9519,4.0726,2.5916,5.9471,1.7290,1.9496
856.00,6.8397,1.6202,1.2268,5.9519,4.0726,2.5924,5.9471,1.7290,1.9505
856.50,6.8397,1.6202,1.2268,5.9519,4.0726,2.5936,5.9471,1.7290,1.9517
857.00,6.8397,1.6202,1.2268,5.9519,4.0726,2.5952,5.9471,1.7290,1.9532
857.50,6.8397,1.6202,1.2268,5.9519,4.0726,2.5965,5.9471,1.7290,1.9546
858.00,6.8397,1.6202,1.2268,5.9519,4.0726,2.5972,5.9471,1.7290,1.9553
858.50,6.8397,1.6202,1.2268,5.9519,4.0726,2.5984,5.9471,1.7290,1.9564
859.00,6.8397,1.6202,1.2268,5.9519,4.0726,2.5998,5.9471,1.7290,1.9579
859.50,6.8397,1.6202,1.2268,5.9519,4.0726,2.6003,5.9471,1.7290,1.9583
860.00,6.8397,1.6202,1.2268,5.9519,4.0726,2.6009,5.9471,1.7290,1.9590
860.50,6.8397,1.6202,1.2268,5.9519,4.0726,2.6022,5.9471,1.7290,1.9603
861.00,6.8397,1.6202,1.2268,5.9519,4.0726,2.6033,5.9471,1.7290,1.9613
861.50,6.8397,1.6202,1.2268,5.9519,4.0726,2.6044,5.9471,1.7290,1.9624
862.00,6.8397,1.6202,1.2268,5.9519,4.0726,2.6054,5.9471,1.7290,1.9635
862.50,6.8397,1.6202,1.2268,5.9519,4.0726,2.6068,5.9471,1.7290,1.9649
863.00,6.8397,1.6202,1.2268,5.9519,4.0726,2.6085,5.9471,1.7290,1.9665
863.50,6.8397,1.6202,1.2268,5.9519,4.0726,2.6099,5.9471,1.7290,1.9679
864.00,6.8397,1.6202,1.2268,5.9519,4.0726,2.6111,5.9471,1.7290,1.9692
864.50,6.8397,1.6202,1.2268,5.9519,4.0726,2.6125,5.9471,1.7290,1.9705
865.00,6.8397,1.6202,1.2268,5.9519,4.0726,2.6137,5.9471,1.7290,1.9717
865.50,6.8397,1.6202,1.2268,5.9519,4.0726,2.6154,5.9471,1.7290,1.9735
866.00,6.8397,1.6202,1.2268,5.9519,4.0726,2.6170,5.9471,1.7290,1.9750
866.50,6.8397,1.6202,1.2268,5.9519,4.0726,2.6184,5.9471,1.7290,1.9764
867.00,6.8397,1.6202,1.2268,5.9519,4.0726,2.6191,5.9471,1.7290,1.9771
867.50,6.8397,1.6202,1.2268,5.9519,4.0726,2.6201,5.9471,1.7290,1.9781
868.00,6.8397,1.6202,1.2268,5.9519,4.0726,2.6210,5.9471,1.7290,1.9791
868.50,6.8397,1.6202,1.2268,5.9519,4.0726,2.6223,5.9471,1.7290,1.9804
