[INFO] [launch]: All log files can be found below /root/.ros/log/2026-06-12-07-31-06-997645-0cbb187b1678-1405
[INFO] [launch]: Default logging verbosity is set to INFO
[INFO] [frontier_explorer-1]: process started with pid [1438]
[INFO] [mock_aruco_detector-2]: process started with pid [1440]
[mock_aruco_detector-2] [INFO] [1781249470.538661107] [mock_aruco_detector]: Mock detector: 6 ground-truth markers
[frontier_explorer-1] [INFO] [1781249470.881924431] [frontier_explorer]: Frontier explorer up for "leo1" (base_frame=leo1/base_link)
[frontier_explorer-1] [WARN] [1781249471.136526417] [frontier_explorer]: Watchdog: work exists but no goal active and robot stationary - clearing costmaps
[frontier_explorer-1] [INFO] [1781249473.090275031] [frontier_explorer]: Initial pose recorded: (0.02, 0.01)
[frontier_explorer-1] [INFO] [1781249473.133881261] [frontier_explorer]: Map has (almost) no walls yet - warmup drive for SLAM
[frontier_explorer-1] [INFO] [1781249477.509285631] [frontier_explorer]: New frontier goal: (-0.81, 0.78)
[frontier_explorer-1] [INFO] [1781249487.045246367] [frontier_explorer]: Item candidate id=4 at (-0.01, 3.89) - queued for verification
[frontier_explorer-1] [INFO] [1781249487.536935119] [frontier_explorer]: Item id=4 CONFIRMED at (-0.02, 3.88) after 2 views
[frontier_explorer-1] [INFO] [1781249489.793636728] [frontier_explorer]: No path to frontier goal (6.93, -1.93), skipping
[frontier_explorer-1] [INFO] [1781249506.227309762] [frontier_explorer]: New frontier goal: (-3.07, -6.13)
[frontier_explorer-1] [INFO] [1781249518.548177619] [frontier_explorer]: No path to frontier goal (6.93, -1.93), skipping
[frontier_explorer-1] [INFO] [1781249543.026510020] [frontier_explorer]: New frontier goal: (7.53, -2.13)
[frontier_explorer-1] [INFO] [1781249555.233861959] [frontier_explorer]: New frontier goal: (-7.92, -4.28)
[frontier_explorer-1] [INFO] [1781249583.891893430] [frontier_explorer]: New frontier goal: (-7.87, -5.63)
[frontier_explorer-1] [INFO] [1781249596.121547499] [frontier_explorer]: New frontier goal: (-7.52, 8.16)
[frontier_explorer-1] [INFO] [1781249616.675475605] [frontier_explorer]: New frontier goal: (-2.82, 7.90)
[frontier_explorer-1] [INFO] [1781249628.990863358] [frontier_explorer]: New frontier goal: (-7.82, -6.45)
[frontier_explorer-1] [INFO] [1781249649.570316912] [frontier_explorer]: New frontier goal: (-7.72, -7.50)
[frontier_explorer-1] [INFO] [1781249665.924255385] [frontier_explorer]: New frontier goal: (-7.37, -8.40)
[frontier_explorer-1] [INFO] [1781249678.263570780] [frontier_explorer]: New frontier goal: (5.23, -7.85)
[frontier_explorer-1] [INFO] [1781249690.740871856] [frontier_explorer]: New frontier goal: (-7.72, -0.50)
[frontier_explorer-1] [INFO] [1781249702.988851615] [frontier_explorer]: New frontier goal: (-8.17, 0.35)
[frontier_explorer-1] [INFO] [1781249715.226092475] [frontier_explorer]: New frontier goal: (6.38, -7.55)
[frontier_explorer-1] [WARN] [1781249744.713634531] [frontier_explorer]: frontier goal failed (status 6), blacklisted (6.38, -7.55)
[frontier_explorer-1] [INFO] [1781249747.821819849] [frontier_explorer]: New frontier goal: (7.37, -7.45)
[frontier_explorer-1] [INFO] [1781249760.003598627] [frontier_explorer]: New frontier goal: (-8.08, 2.90)
[frontier_explorer-1] [INFO] [1781249804.961770976] [frontier_explorer]: New frontier goal: (-7.58, 4.84)
[frontier_explorer-1] [INFO] [1781249817.127237020] [frontier_explorer]: No path to frontier goal (-6.43, 5.89), skipping
[frontier_explorer-1] [INFO] [1781249821.180075020] [frontier_explorer]: New frontier goal: (-8.98, 6.94)
[frontier_explorer-1] [INFO] [1781249823.166324347] [frontier_explorer]: Item candidate id=3 at (-4.12, 1.98) - queued for verification
[frontier_explorer-1] [INFO] [1781249823.685616625] [frontier_explorer]: Item id=3 CONFIRMED at (-4.11, 2.01) after 2 views
[frontier_explorer-1] [INFO] [1781249833.419463401] [frontier_explorer]: New frontier goal: (-8.88, 7.89)
[frontier_explorer-1] [INFO] [1781249845.685310567] [frontier_explorer]: New frontier goal: (-8.03, 8.54)
[frontier_explorer-1] [INFO] [1781249862.281559529] [frontier_explorer]: New frontier goal: (0.12, 7.79)
[frontier_explorer-1] [INFO] [1781249886.690539090] [frontier_explorer]: No path to frontier goal (2.62, 7.54), skipping
[frontier_explorer-1] [INFO] [1781249890.734166227] [frontier_explorer]: New frontier goal: (3.62, 7.49)
[frontier_explorer-1] [INFO] [1781249902.945189639] [frontier_explorer]: New frontier goal: (5.92, 8.29)
[frontier_explorer-1] [INFO] [1781249923.362690305] [frontier_explorer]: New frontier goal: (-7.37, 5.63)
[frontier_explorer-1] [INFO] [1781250001.858787690] [frontier_explorer]: New frontier goal: (-7.57, 4.93)
[frontier_explorer-1] [INFO] [1781250014.277692387] [frontier_explorer]: New frontier goal: (-0.37, -7.42)
[frontier_explorer-1] [INFO] [1781250145.325750227] [frontier_explorer]: New frontier goal: (6.68, -5.73)
[frontier_explorer-1] [INFO] [1781250169.730844882] [frontier_explorer]: New frontier goal: (7.93, -5.18)
[frontier_explorer-1] [INFO] [1781250194.162434181] [frontier_explorer]: New frontier goal: (2.68, -8.83)
[frontier_explorer-1] [INFO] [1781250214.616674506] [frontier_explorer]: New frontier goal: (2.18, -7.53)
[frontier_explorer-1] [INFO] [1781250226.877117040] [frontier_explorer]: New frontier goal: (-1.32, -7.03)
[frontier_explorer-1] [INFO] [1781250280.085667032] [frontier_explorer]: New frontier goal: (8.58, 1.52)
[frontier_explorer-1] [INFO] [1781250329.239119644] [frontier_explorer]: New frontier goal: (7.83, 1.47)
[frontier_explorer-1] [INFO] [1781250378.317366218] [frontier_explorer]: New frontier goal: (7.23, 1.87)
[frontier_explorer-1] [INFO] [1781250407.090317320] [frontier_explorer]: New frontier goal: (7.73, 7.17)
[frontier_explorer-1] [INFO] [1781250546.263793278] [frontier_explorer]: New frontier goal: (-6.93, 4.62)
[frontier_explorer-1] [INFO] [1781250603.535062580] [frontier_explorer]: New frontier goal: (6.92, 7.52)
[frontier_explorer-1] [INFO] [1781250615.819352247] [frontier_explorer]: New frontier goal: (-7.08, 4.62)
[frontier_explorer-1] [INFO] [1781250656.661424424] [frontier_explorer]: New frontier goal: (7.42, 6.92)
[frontier_explorer-1] [WARN] [1781250779.509073862] [frontier_explorer]: No progress for 32s - clearing costmaps and retrying goal (7.42, 6.92)
[frontier_explorer-1] [WARN] [1781250816.410192285] [frontier_explorer]: Still no progress after costmap clear, blacklisting goal (7.42, 6.92)
[frontier_explorer-1] [INFO] [1781250820.561614619] [frontier_explorer]: New frontier goal: (-7.13, 4.67)
[frontier_explorer-1] [WARN] [1781251018.360857909] [frontier_explorer]: No progress for 32s - clearing costmaps and retrying goal (-7.13, 4.67)
[frontier_explorer-1] [WARN] [1781251055.357932183] [frontier_explorer]: Still no progress after costmap clear, blacklisting goal (-7.13, 4.67)
[frontier_explorer-1] [WARN] [1781251057.405950916] [frontier_explorer]: Watchdog: work exists but no goal active and robot stationary - clearing costmaps
[frontier_explorer-1] [INFO] [1781251059.553537992] [frontier_explorer]: Frontiers done - SWEEPING for camera coverage (35% of walls observed)
[frontier_explorer-1] [INFO] [1781251059.653929205] [frontier_explorer]: New sweep goal: (-6.66, -4.39)
[frontier_explorer-1] [INFO] [1781251174.683423954] [frontier_explorer]: New sweep goal: (-5.84, -5.98)
[frontier_explorer-1] [INFO] [1781251199.254255649] [frontier_explorer]: New sweep goal: (-6.03, -6.10)
[frontier_explorer-1] [INFO] [1781251215.624533414] [frontier_explorer]: New sweep goal: (-6.03, -6.11)
[frontier_explorer-1] [INFO] [1781251236.146246756] [frontier_explorer]: New sweep goal: (-6.04, -6.11)
[frontier_explorer-1] [INFO] [1781251240.223352667] [frontier_explorer]: New sweep goal: (-6.04, -6.11)
[frontier_explorer-1] [INFO] [1781251252.472760738] [frontier_explorer]: New sweep goal: (-6.04, -6.11)
[frontier_explorer-1] [INFO] [1781251256.584817535] [frontier_explorer]: New sweep goal: (-6.04, -6.11)
[frontier_explorer-1] [INFO] [1781251260.635771163] [frontier_explorer]: New sweep goal: (-6.04, -6.11)
[frontier_explorer-1] [INFO] [1781251264.714808344] [frontier_explorer]: New sweep goal: (-6.04, -6.11)
[frontier_explorer-1] [INFO] [1781251268.796689482] [frontier_explorer]: New sweep goal: (-6.04, -6.11)
[frontier_explorer-1] [INFO] [1781251276.984492054] [frontier_explorer]: New sweep goal: (-6.04, -6.11)
[frontier_explorer-1] [INFO] [1781251281.065250249] [frontier_explorer]: New sweep goal: (-6.04, -6.11)
[frontier_explorer-1] [WARN] [1781251283.017301362] [frontier_explorer]: Watchdog: work exists but no goal active and robot stationary - clearing costmaps
[frontier_explorer-1] [WARN] [1781251283.058068502] [frontier_explorer]: Watchdog: resetting blacklist
[frontier_explorer-1] [INFO] [1781251285.104248589] [frontier_explorer]: New sweep goal: (-6.04, -6.11)
[frontier_explorer-1] [INFO] [1781251297.370186051] [frontier_explorer]: New sweep goal: (-6.04, -6.11)
[frontier_explorer-1] [INFO] [1781251301.459192895] [frontier_explorer]: New sweep goal: (-6.04, -6.11)
[frontier_explorer-1] [WARN] [1781251303.437948032] [frontier_explorer]: Watchdog: work exists but no goal active and robot stationary - clearing costmaps
[frontier_explorer-1] [INFO] [1781251305.543266988] [frontier_explorer]: New sweep goal: (-6.04, -6.11)
[frontier_explorer-1] [INFO] [1781251313.725700253] [frontier_explorer]: New sweep goal: (-6.04, -6.11)
[frontier_explorer-1] [INFO] [1781251317.806083523] [frontier_explorer]: New sweep goal: (-6.04, -6.11)
[frontier_explorer-1] [INFO] [1781251321.880142822] [frontier_explorer]: New sweep goal: (-6.04, -6.11)
[frontier_explorer-1] [WARN] [1781251323.849510831] [frontier_explorer]: Watchdog: work exists but no goal active and robot stationary - clearing costmaps
[frontier_explorer-1] [INFO] [1781251325.952102399] [frontier_explorer]: New sweep goal: (-6.04, -6.11)
[frontier_explorer-1] [INFO] [1781251330.049602147] [frontier_explorer]: New sweep goal: (-6.04, -6.11)
[frontier_explorer-1] [INFO] [1781251334.130555649] [frontier_explorer]: New sweep goal: (-6.04, -6.11)
[frontier_explorer-1] [INFO] [1781251350.482533045] [frontier_explorer]: New sweep goal: (-6.04, -6.11)
[frontier_explorer-1] [INFO] [1781251358.662561528] [frontier_explorer]: New sweep goal: (-6.04, -6.11)
[frontier_explorer-1] [INFO] [1781251362.734179770] [frontier_explorer]: New sweep goal: (-6.04, -6.11)
[frontier_explorer-1] [INFO] [1781251366.831072183] [frontier_explorer]: New sweep goal: (-6.04, -6.11)
[frontier_explorer-1] [INFO] [1781251370.896410885] [frontier_explorer]: New sweep goal: (-6.04, -6.11)
[frontier_explorer-1] [INFO] [1781251387.275389056] [frontier_explorer]: New sweep goal: (-6.04, -6.11)
[frontier_explorer-1] [WARN] [1781251405.624271194] [frontier_explorer]: Watchdog: work exists but no goal active and robot stationary - clearing costmaps
[frontier_explorer-1] [WARN] [1781251405.666699656] [frontier_explorer]: Watchdog: resetting blacklist
[frontier_explorer-1] [INFO] [1781251407.731039497] [frontier_explorer]: New sweep goal: (-6.04, -6.11)
[frontier_explorer-1] [INFO] [1781251411.807699898] [frontier_explorer]: New sweep goal: (-6.04, -6.11)
[frontier_explorer-1] [INFO] [1781251415.886502013] [frontier_explorer]: New sweep goal: (-6.04, -6.11)
[frontier_explorer-1] [INFO] [1781251419.993994732] [frontier_explorer]: New sweep goal: (-6.04, -6.11)
[frontier_explorer-1] [INFO] [1781251424.060997415] [frontier_explorer]: New sweep goal: (-6.04, -6.11)
[frontier_explorer-1] [WARN] [1781251426.047712449] [frontier_explorer]: Watchdog: work exists but no goal active and robot stationary - clearing costmaps
[frontier_explorer-1] [INFO] [1781251428.143423843] [frontier_explorer]: New sweep goal: (-6.04, -6.11)
[frontier_explorer-1] [INFO] [1781251432.216240166] [frontier_explorer]: New sweep goal: (-6.04, -6.11)
[frontier_explorer-1] [INFO] [1781251436.315340521] [frontier_explorer]: New sweep goal: (-6.04, -6.11)
[frontier_explorer-1] [INFO] [1781251440.384713285] [frontier_explorer]: New sweep goal: (-6.04, -6.11)
[frontier_explorer-1] [INFO] [1781251444.465145347] [frontier_explorer]: New sweep goal: (-6.04, -6.11)
[frontier_explorer-1] [WARN] [1781251446.447979357] [frontier_explorer]: Watchdog: work exists but no goal active and robot stationary - clearing costmaps
[frontier_explorer-1] [INFO] [1781251448.539609080] [frontier_explorer]: New sweep goal: (-6.04, -6.11)
[frontier_explorer-1] [INFO] [1781251452.633922095] [frontier_explorer]: New sweep goal: (-6.04, -6.11)
[frontier_explorer-1] [INFO] [1781251456.730748265] [frontier_explorer]: New sweep goal: (-6.04, -6.11)
[frontier_explorer-1] [INFO] [1781251460.786568897] [frontier_explorer]: New sweep goal: (-6.04, -6.11)
[frontier_explorer-1] [INFO] [1781251464.843481056] [frontier_explorer]: New sweep goal: (-6.04, -6.11)
[frontier_explorer-1] [WARN] [1781251466.829154460] [frontier_explorer]: Watchdog: work exists but no goal active and robot stationary - clearing costmaps
[frontier_explorer-1] [WARN] [1781251466.869553893] [frontier_explorer]: Watchdog: resetting blacklist
[frontier_explorer-1] [INFO] [1781251468.922981998] [frontier_explorer]: New sweep goal: (-6.04, -6.11)
[frontier_explorer-1] [INFO] [1781251473.016764189] [frontier_explorer]: New sweep goal: (-6.04, -6.11)
[frontier_explorer-1] [INFO] [1781251477.100871294] [frontier_explorer]: New sweep goal: (-6.04, -6.11)
[frontier_explorer-1] [INFO] [1781251481.180582809] [frontier_explorer]: New sweep goal: (-6.04, -6.11)
[frontier_explorer-1] [INFO] [1781251485.258090030] [frontier_explorer]: New sweep goal: (-6.04, -6.11)
[frontier_explorer-1] [WARN] [1781251487.237317319] [frontier_explorer]: Watchdog: work exists but no goal active and robot stationary - clearing costmaps
[frontier_explorer-1] [INFO] [1781251489.332847483] [frontier_explorer]: New sweep goal: (-6.04, -6.11)
[frontier_explorer-1] [INFO] [1781251493.446615616] [frontier_explorer]: New sweep goal: (-6.04, -6.11)
[frontier_explorer-1] [INFO] [1781251501.570609581] [frontier_explorer]: New sweep goal: (-6.04, -6.11)
[frontier_explorer-1] [WARN] [1781251507.601880458] [frontier_explorer]: Watchdog: work exists but no goal active and robot stationary - clearing costmaps
[frontier_explorer-1] [INFO] [1781251509.700288426] [frontier_explorer]: New sweep goal: (-6.04, -6.11)
[frontier_explorer-1] [INFO] [1781251513.769454571] [frontier_explorer]: New sweep goal: (-6.04, -6.11)
[frontier_explorer-1] [INFO] [1781251517.829397125] [frontier_explorer]: New sweep goal: (-6.04, -6.11)
[frontier_explorer-1] [INFO] [1781251521.911532643] [frontier_explorer]: New sweep goal: (-6.04, -6.11)
[frontier_explorer-1] [INFO] [1781251525.980257763] [frontier_explorer]: New sweep goal: (-6.04, -6.11)
[frontier_explorer-1] [INFO] [1781251530.062936002] [frontier_explorer]: New sweep goal: (-6.04, -6.11)
[frontier_explorer-1] [INFO] [1781251534.165488798] [frontier_explorer]: New sweep goal: (-6.04, -6.11)
[frontier_explorer-1] [INFO] [1781251538.232183260] [frontier_explorer]: New sweep goal: (-6.04, -6.11)
[frontier_explorer-1] [INFO] [1781251542.314779327] [frontier_explorer]: New sweep goal: (-6.04, -6.11)
[frontier_explorer-1] [INFO] [1781251546.401785608] [frontier_explorer]: New sweep goal: (-6.04, -6.11)
[frontier_explorer-1] [INFO] [1781251550.457913290] [frontier_explorer]: New sweep goal: (-6.04, -6.11)
[frontier_explorer-1] [INFO] [1781251554.539660420] [frontier_explorer]: New sweep goal: (-6.04, -6.11)
[frontier_explorer-1] [INFO] [1781251558.613470207] [frontier_explorer]: New sweep goal: (-6.04, -6.11)
[frontier_explorer-1] [INFO] [1781251562.685958974] [frontier_explorer]: New sweep goal: (-6.04, -6.11)
[frontier_explorer-1] [INFO] [1781251566.798653039] [frontier_explorer]: New sweep goal: (-6.04, -6.11)
[frontier_explorer-1] [WARN] [1781251568.732117936] [frontier_explorer]: Watchdog: work exists but no goal active and robot stationary - clearing costmaps
[frontier_explorer-1] [WARN] [1781251568.773507290] [frontier_explorer]: Watchdog: resetting blacklist
[frontier_explorer-1] [INFO] [1781251570.836575704] [frontier_explorer]: New sweep goal: (-6.04, -6.11)
[frontier_explorer-1] [INFO] [1781251574.909431036] [frontier_explorer]: New sweep goal: (-6.04, -6.11)
[frontier_explorer-1] [INFO] [1781251578.994621273] [frontier_explorer]: New sweep goal: (-6.04, -6.11)
[frontier_explorer-1] [INFO] [1781251583.173304385] [frontier_explorer]: New sweep goal: (-6.04, -6.11)
[frontier_explorer-1] [INFO] [1781251595.558462454] [frontier_explorer]: New sweep goal: (-6.04, -6.11)
[frontier_explorer-1] [INFO] [1781251603.745242696] [frontier_explorer]: New sweep goal: (-6.04, -6.11)
[frontier_explorer-1] [INFO] [1781251607.863409247] [frontier_explorer]: New sweep goal: (-6.04, -6.11)
[frontier_explorer-1] [INFO] [1781251616.069320697] [frontier_explorer]: New sweep goal: (-6.04, -6.11)
[frontier_explorer-1] [INFO] [1781251620.204734866] [frontier_explorer]: New sweep goal: (-6.04, -6.11)
[frontier_explorer-1] [INFO] [1781251628.333853071] [frontier_explorer]: New sweep goal: (-6.04, -6.11)
[frontier_explorer-1] [INFO] [1781251636.520950597] [frontier_explorer]: New sweep goal: (-6.04, -6.11)
[frontier_explorer-1] [INFO] [1781251640.626650858] [frontier_explorer]: New sweep goal: (-6.04, -6.11)
[frontier_explorer-1] [WARN] [1781251650.753794053] [frontier_explorer]: Watchdog: work exists but no goal active and robot stationary - clearing costmaps
[frontier_explorer-1] [INFO] [1781251652.860717566] [frontier_explorer]: New sweep goal: (-6.04, -6.11)
[frontier_explorer-1] [INFO] [1781251661.068618672] [frontier_explorer]: New sweep goal: (-6.04, -6.11)
[frontier_explorer-1] [INFO] [1781251673.310807964] [frontier_explorer]: New sweep goal: (-6.04, -6.11)
[frontier_explorer-1] [INFO] [1781251677.420936253] [frontier_explorer]: New sweep goal: (-6.04, -6.11)
[frontier_explorer-1] [INFO] [1781251681.492177453] [frontier_explorer]: New sweep goal: (-6.04, -6.11)
[frontier_explorer-1] [INFO] [1781251685.604434657] [frontier_explorer]: New sweep goal: (-6.04, -6.11)
[frontier_explorer-1] [INFO] [1781251689.677218749] [frontier_explorer]: New sweep goal: (-6.04, -6.11)
[frontier_explorer-1] [INFO] [1781251693.778310078] [frontier_explorer]: New sweep goal: (-6.04, -6.11)
[frontier_explorer-1] [INFO] [1781251697.868600536] [frontier_explorer]: New sweep goal: (-6.04, -6.11)
[frontier_explorer-1] [INFO] [1781251701.943182059] [frontier_explorer]: New sweep goal: (-6.04, -6.11)
[frontier_explorer-1] [INFO] [1781251706.026348788] [frontier_explorer]: New sweep goal: (-6.04, -6.11)
[frontier_explorer-1] [INFO] [1781251714.203364983] [frontier_explorer]: New sweep goal: (-6.04, -6.11)
[frontier_explorer-1] [INFO] [1781251718.311427999] [frontier_explorer]: New sweep goal: (-6.04, -6.11)
[frontier_explorer-1] [INFO] [1781251722.404920308] [frontier_explorer]: New sweep goal: (-6.04, -6.11)
[frontier_explorer-1] [INFO] [1781251730.556789168] [frontier_explorer]: New sweep goal: (-6.04, -6.11)
[frontier_explorer-1] [INFO] [1781251742.837500521] [frontier_explorer]: New sweep goal: (-6.04, -6.11)
[frontier_explorer-1] [INFO] [1781251751.022144859] [frontier_explorer]: New sweep goal: (-6.04, -6.11)
[frontier_explorer-1] [INFO] [1781251755.098333229] [frontier_explorer]: New sweep goal: (-6.04, -6.11)
[frontier_explorer-1] [INFO] [1781251759.211852307] [frontier_explorer]: New sweep goal: (-6.04, -6.11)
[frontier_explorer-1] [INFO] [1781251763.278608994] [frontier_explorer]: New sweep goal: (-6.04, -6.11)
[frontier_explorer-1] [WARN] [1781251773.437311717] [frontier_explorer]: Watchdog: work exists but no goal active and robot stationary - clearing costmaps
[frontier_explorer-1] [INFO] [1781251775.537990793] [frontier_explorer]: New sweep goal: (-6.04, -6.11)
[frontier_explorer-1] [INFO] [1781251791.891176734] [frontier_explorer]: New sweep goal: (-6.04, -6.11)
[frontier_explorer-1] [INFO] [1781251808.248767941] [frontier_explorer]: New sweep goal: (-6.04, -6.11)
[frontier_explorer-1] [INFO] [1781251812.333698393] [frontier_explorer]: New sweep goal: (-6.04, -6.11)
[frontier_explorer-1] [WARN] [1781251814.317237284] [frontier_explorer]: Watchdog: work exists but no goal active and robot stationary - clearing costmaps
[frontier_explorer-1] [WARN] [1781251814.358361018] [frontier_explorer]: Watchdog: resetting blacklist
[frontier_explorer-1] [INFO] [1781251816.412940214] [frontier_explorer]: New sweep goal: (-6.04, -6.11)
[frontier_explorer-1] [INFO] [1781251824.576459176] [frontier_explorer]: New sweep goal: (-6.04, -6.11)
[frontier_explorer-1] [INFO] [1781251828.675291685] [frontier_explorer]: New sweep goal: (-6.04, -6.11)
[frontier_explorer-1] [INFO] [1781251836.833624498] [frontier_explorer]: New sweep goal: (-6.04, -6.11)
[frontier_explorer-1] [INFO] [1781251840.919831908] [frontier_explorer]: New sweep goal: (-6.04, -6.11)
[frontier_explorer-1] [INFO] [1781251845.012880518] [frontier_explorer]: New sweep goal: (-6.04, -6.11)
[frontier_explorer-1] [INFO] [1781251857.285128756] [frontier_explorer]: New sweep goal: (-6.04, -6.11)
[frontier_explorer-1] [INFO] [1781251869.567006390] [frontier_explorer]: New sweep goal: (-6.04, -6.11)
[frontier_explorer-1] [INFO] [1781251873.650779749] [frontier_explorer]: New sweep goal: (-6.04, -6.11)
[frontier_explorer-1] [INFO] [1781251877.732494196] [frontier_explorer]: New sweep goal: (-6.04, -6.11)
[frontier_explorer-1] [INFO] [1781251881.806908364] [frontier_explorer]: New sweep goal: (-6.04, -6.11)
[frontier_explorer-1] [INFO] [1781251889.969567102] [frontier_explorer]: New sweep goal: (-6.04, -6.11)
[frontier_explorer-1] [INFO] [1781251894.041107766] [frontier_explorer]: New sweep goal: (-6.04, -6.11)
[frontier_explorer-1] [WARN] [1781251896.013893315] [frontier_explorer]: Watchdog: work exists but no goal active and robot stationary - clearing costmaps
[frontier_explorer-1] [INFO] [1781251898.108704831] [frontier_explorer]: New sweep goal: (-6.04, -6.11)
[frontier_explorer-1] [INFO] [1781251902.200814055] [frontier_explorer]: New sweep goal: (-6.04, -6.11)
[frontier_explorer-1] [INFO] [1781251906.282089823] [frontier_explorer]: New sweep goal: (-6.04, -6.11)
[frontier_explorer-1] [INFO] [1781251910.356672232] [frontier_explorer]: New sweep goal: (-6.04, -6.11)
[frontier_explorer-1] [INFO] [1781251914.504778063] [frontier_explorer]: New sweep goal: (-6.04, -6.11)
[frontier_explorer-1] [INFO] [1781251922.662034098] [frontier_explorer]: New sweep goal: (-6.04, -6.11)
[frontier_explorer-1] [INFO] [1781251934.944460197] [frontier_explorer]: New sweep goal: (-6.04, -6.11)
[frontier_explorer-1] [INFO] [1781251943.109037191] [frontier_explorer]: New sweep goal: (-6.04, -6.11)
[frontier_explorer-1] [INFO] [1781251947.201546453] [frontier_explorer]: New sweep goal: (-6.04, -6.11)
[frontier_explorer-1] [INFO] [1781251951.298317441] [frontier_explorer]: New sweep goal: (-6.04, -6.11)
[frontier_explorer-1] [WARN] [1781251957.342994542] [frontier_explorer]: Watchdog: work exists but no goal active and robot stationary - clearing costmaps
[frontier_explorer-1] [INFO] [1781251959.450156310] [frontier_explorer]: New sweep goal: (-6.04, -6.11)
[frontier_explorer-1] [INFO] [1781251963.523075010] [frontier_explorer]: New sweep goal: (-6.04, -6.11)
[frontier_explorer-1] [INFO] [1781251967.602531835] [frontier_explorer]: New sweep goal: (-6.04, -6.11)
[frontier_explorer-1] [INFO] [1781251988.214685502] [frontier_explorer]: New sweep goal: (-6.04, -6.11)
[frontier_explorer-1] [INFO] [1781251992.281707687] [frontier_explorer]: New sweep goal: (-6.04, -6.11)
[frontier_explorer-1] [INFO] [1781251996.366064052] [frontier_explorer]: New sweep goal: (-6.04, -6.11)
[frontier_explorer-1] [INFO] [1781252000.438677227] [frontier_explorer]: New sweep goal: (-6.04, -6.11)
[frontier_explorer-1] [INFO] [1781252004.549822549] [frontier_explorer]: New sweep goal: (-6.04, -6.11)
[frontier_explorer-1] [INFO] [1781252008.617920324] [frontier_explorer]: New sweep goal: (-6.04, -6.11)
[frontier_explorer-1] [INFO] [1781252020.876168860] [frontier_explorer]: New sweep goal: (-6.04, -6.11)
[frontier_explorer-1] [INFO] [1781252024.972372529] [frontier_explorer]: New sweep goal: (-6.04, -6.11)
[frontier_explorer-1] [INFO] [1781252029.078280980] [frontier_explorer]: New sweep goal: (-6.04, -6.11)
[frontier_explorer-1] [INFO] [1781252037.324847002] [frontier_explorer]: New sweep goal: (-6.04, -6.11)
[frontier_explorer-1] [INFO] [1781252041.332477482] [frontier_explorer]: New sweep goal: (-6.04, -6.11)
[frontier_explorer-1] [INFO] [1781252045.422014496] [frontier_explorer]: New sweep goal: (-6.04, -6.11)
[frontier_explorer-1] [INFO] [1781252053.589116425] [frontier_explorer]: New sweep goal: (-6.04, -6.11)
[frontier_explorer-1] [INFO] [1781252069.983277338] [frontier_explorer]: New sweep goal: (-6.04, -6.11)
[frontier_explorer-1] [INFO] [1781252078.151106731] [frontier_explorer]: New sweep goal: (-6.04, -6.11)
[frontier_explorer-1] [INFO] [1781252082.240872222] [frontier_explorer]: New sweep goal: (-6.04, -6.11)
[frontier_explorer-1] [INFO] [1781252086.315104572] [frontier_explorer]: New sweep goal: (-6.04, -6.11)
[frontier_explorer-1] [INFO] [1781252090.415509380] [frontier_explorer]: New sweep goal: (-6.04, -6.11)
[frontier_explorer-1] [INFO] [1781252098.602745553] [frontier_explorer]: New sweep goal: (-6.04, -6.11)
[frontier_explorer-1] [INFO] [1781252110.859142260] [frontier_explorer]: New sweep goal: (-6.04, -6.11)
[frontier_explorer-1] [WARN] [1781252121.020553632] [frontier_explorer]: Watchdog: work exists but no goal active and robot stationary - clearing costmaps
[frontier_explorer-1] [WARN] [1781252121.064034249] [frontier_explorer]: Watchdog: resetting blacklist
[frontier_explorer-1] [INFO] [1781252123.179741146] [frontier_explorer]: New sweep goal: (-6.04, -6.11)
[frontier_explorer-1] [INFO] [1781252131.377669846] [frontier_explorer]: New sweep goal: (-6.04, -6.11)
[frontier_explorer-1] [INFO] [1781252139.556107108] [frontier_explorer]: New sweep goal: (-6.04, -6.11)
[frontier_explorer-1] [INFO] [1781252143.631306776] [frontier_explorer]: New sweep goal: (-6.04, -6.11)
[frontier_explorer-1] [INFO] [1781252147.748194374] [frontier_explorer]: New sweep goal: (-6.04, -6.11)
[frontier_explorer-1] [INFO] [1781252160.014867587] [frontier_explorer]: New sweep goal: (-6.04, -6.11)
[frontier_explorer-1] [INFO] [1781252164.085273143] [frontier_explorer]: New sweep goal: (-6.04, -6.11)
[frontier_explorer-1] [INFO] [1781252168.169225799] [frontier_explorer]: New sweep goal: (-6.04, -6.11)
[frontier_explorer-1] [INFO] [1781252180.430223628] [frontier_explorer]: New sweep goal: (-6.04, -6.11)
[frontier_explorer-1] [INFO] [1781252184.510836754] [frontier_explorer]: New sweep goal: (-6.04, -6.11)
[frontier_explorer-1] [INFO] [1781252196.753763457] [frontier_explorer]: New sweep goal: (-6.04, -6.11)
[frontier_explorer-1] [INFO] [1781252209.017645356] [frontier_explorer]: New sweep goal: (-6.04, -6.11)
[frontier_explorer-1] [INFO] [1781252213.123660051] [frontier_explorer]: New sweep goal: (-6.04, -6.11)
[frontier_explorer-1] [INFO] [1781252217.203366668] [frontier_explorer]: New sweep goal: (-6.04, -6.11)
[frontier_explorer-1] [INFO] [1781252225.392348564] [frontier_explorer]: New sweep goal: (-6.04, -6.11)
[frontier_explorer-1] [INFO] [1781252241.774523906] [frontier_explorer]: New sweep goal: (-6.04, -6.11)
[frontier_explorer-1] [INFO] [1781252245.852634535] [frontier_explorer]: New sweep goal: (-6.04, -6.11)
[frontier_explorer-1] [INFO] [1781252249.930394107] [frontier_explorer]: New sweep goal: (-6.04, -6.11)
[frontier_explorer-1] [INFO] [1781252254.029619746] [frontier_explorer]: New sweep goal: (-6.04, -6.11)
[frontier_explorer-1] [INFO] [1781252262.206637822] [frontier_explorer]: New sweep goal: (-6.04, -6.11)
[frontier_explorer-1] [INFO] [1781252274.485333015] [frontier_explorer]: New sweep goal: (-6.04, -6.11)
[frontier_explorer-1] [INFO] [1781252282.641581079] [frontier_explorer]: New sweep goal: (-6.04, -6.11)
[frontier_explorer-1] [INFO] [1781252290.825566155] [frontier_explorer]: New sweep goal: (-6.04, -6.11)
[frontier_explorer-1] [INFO] [1781252294.909483238] [frontier_explorer]: New sweep goal: (-6.04, -6.11)
[frontier_explorer-1] [INFO] [1781252299.014028384] [frontier_explorer]: New sweep goal: (-6.04, -6.11)
[frontier_explorer-1] [INFO] [1781252303.081868363] [frontier_explorer]: New sweep goal: (-6.04, -6.11)
[frontier_explorer-1] [INFO] [1781252311.281527399] [frontier_explorer]: New sweep goal: (-6.04, -6.11)
[frontier_explorer-1] [INFO] [1781252323.538226910] [frontier_explorer]: New sweep goal: (-6.04, -6.11)
[frontier_explorer-1] [INFO] [1781252327.645417340] [frontier_explorer]: New sweep goal: (-6.04, -6.11)
[frontier_explorer-1] [INFO] [1781252335.832676506] [frontier_explorer]: New sweep goal: (-6.04, -6.11)
[frontier_explorer-1] [WARN] [1781252345.981450230] [frontier_explorer]: Watchdog: work exists but no goal active and robot stationary - clearing costmaps
[frontier_explorer-1] [INFO] [1781252348.085049826] [frontier_explorer]: New sweep goal: (-6.04, -6.11)
[frontier_explorer-1] [INFO] [1781252352.193498005] [frontier_explorer]: New sweep goal: (-6.04, -6.11)
[frontier_explorer-1] [INFO] [1781252372.725589151] [frontier_explorer]: New sweep goal: (-6.04, -6.11)
[frontier_explorer-1] [INFO] [1781252376.810256946] [frontier_explorer]: New sweep goal: (-6.04, -6.11)
[frontier_explorer-1] [INFO] [1781252384.990322366] [frontier_explorer]: New sweep goal: (-6.04, -6.11)
[frontier_explorer-1] [INFO] [1781252401.361698776] [frontier_explorer]: New sweep goal: (-6.04, -6.11)
[frontier_explorer-1] [INFO] [1781252413.627273131] [frontier_explorer]: New sweep goal: (-6.04, -6.11)
[frontier_explorer-1] [INFO] [1781252417.739017553] [frontier_explorer]: New sweep goal: (-6.04, -6.11)
[frontier_explorer-1] [INFO] [1781252421.815577924] [frontier_explorer]: New sweep goal: (-6.04, -6.11)
[frontier_explorer-1] [WARN] [1781252427.898945193] [frontier_explorer]: Watchdog: work exists but no goal active and robot stationary - clearing costmaps
[frontier_explorer-1] [INFO] [1781252430.003032184] [frontier_explorer]: New sweep goal: (-6.04, -6.11)
[frontier_explorer-1] [INFO] [1781252446.355152764] [frontier_explorer]: New sweep goal: (-6.04, -6.11)
[frontier_explorer-1] [INFO] [1781252462.727633024] [frontier_explorer]: New sweep goal: (-6.04, -6.11)
[frontier_explorer-1] [INFO] [1781252466.805440349] [frontier_explorer]: New sweep goal: (-6.04, -6.11)
[frontier_explorer-1] [WARN] [1781252468.789556905] [frontier_explorer]: Watchdog: work exists but no goal active and robot stationary - clearing costmaps
[frontier_explorer-1] [WARN] [1781252468.828610115] [frontier_explorer]: Watchdog: resetting blacklist
[frontier_explorer-1] [INFO] [1781252470.893698239] [frontier_explorer]: New sweep goal: (-6.04, -6.11)
[frontier_explorer-1] [INFO] [1781252474.989194537] [frontier_explorer]: New sweep goal: (-6.04, -6.11)
[frontier_explorer-1] [INFO] [1781252479.077736842] [frontier_explorer]: New sweep goal: (-6.04, -6.11)
[frontier_explorer-1] [INFO] [1781252483.145422815] [frontier_explorer]: New sweep goal: (-6.04, -6.11)
[frontier_explorer-1] [INFO] [1781252487.228786000] [frontier_explorer]: New sweep goal: (-6.04, -6.11)
[frontier_explorer-1] [INFO] [1781252495.407105775] [frontier_explorer]: New sweep goal: (-6.04, -6.11)
[frontier_explorer-1] [INFO] [1781252499.477847627] [frontier_explorer]: New sweep goal: (-6.04, -6.11)
[frontier_explorer-1] [INFO] [1781252503.545282536] [frontier_explorer]: New sweep goal: (-6.04, -6.11)
[frontier_explorer-1] [INFO] [1781252507.631739430] [frontier_explorer]: New sweep goal: (-6.04, -6.11)
[frontier_explorer-1] [INFO] [1781252511.708653844] [frontier_explorer]: New sweep goal: (-6.04, -6.11)
[frontier_explorer-1] [INFO] [1781252515.789499951] [frontier_explorer]: New sweep goal: (-6.04, -6.11)
[frontier_explorer-1] [INFO] [1781252536.279580661] [frontier_explorer]: New sweep goal: (-6.04, -6.11)
[frontier_explorer-1] [INFO] [1781252548.530684867] [frontier_explorer]: New sweep goal: (-6.04, -6.11)
[frontier_explorer-1] [INFO] [1781252560.810043861] [frontier_explorer]: New sweep goal: (-6.04, -6.11)
[frontier_explorer-1] [INFO] [1781252568.988709545] [frontier_explorer]: New sweep goal: (-6.04, -6.11)
[frontier_explorer-1] [INFO] [1781252573.060935563] [frontier_explorer]: New sweep goal: (-6.04, -6.11)
[frontier_explorer-1] [INFO] [1781252577.166499386] [frontier_explorer]: New sweep goal: (-6.04, -6.11)
[frontier_explorer-1] [WARN] [1781252591.431393143] [frontier_explorer]: Watchdog: work exists but no goal active and robot stationary - clearing costmaps
[frontier_explorer-1] [INFO] [1781252593.532043656] [frontier_explorer]: New sweep goal: (-6.04, -6.11)
[frontier_explorer-1] [INFO] [1781252601.705253118] [frontier_explorer]: New sweep goal: (-6.04, -6.11)
[frontier_explorer-1] [INFO] [1781252609.878735410] [frontier_explorer]: New sweep goal: (-6.04, -6.11)
[frontier_explorer-1] [WARN] [1781252611.857013496] [frontier_explorer]: Watchdog: work exists but no goal active and robot stationary - clearing costmaps
[frontier_explorer-1] [INFO] [1781252613.953718999] [frontier_explorer]: New sweep goal: (-6.04, -6.11)
[frontier_explorer-1] [INFO] [1781252626.244195846] [frontier_explorer]: New sweep goal: (-6.04, -6.11)
[frontier_explorer-1] [WARN] [1781252663.003677373] [frontier_explorer]: No progress for 32s - clearing costmaps and retrying goal (-6.04, -6.11)
[frontier_explorer-1] [WARN] [1781252673.230581132] [frontier_explorer]: Watchdog: work exists but no goal active and robot stationary - clearing costmaps
[frontier_explorer-1] [WARN] [1781252673.270615381] [frontier_explorer]: Watchdog: resetting blacklist
[frontier_explorer-1] [INFO] [1781252675.375494639] [frontier_explorer]: New sweep goal: (-6.05, -6.10)
[frontier_explorer-1] [INFO] [1781252683.533151993] [frontier_explorer]: New sweep goal: (-6.05, -6.10)
[frontier_explorer-1] [INFO] [1781252691.688241908] [frontier_explorer]: New sweep goal: (-6.05, -6.10)
[frontier_explorer-1] [INFO] [1781252695.764232348] [frontier_explorer]: New sweep goal: (-6.05, -6.10)
[frontier_explorer-1] [INFO] [1781252712.229310942] [frontier_explorer]: New sweep goal: (-6.05, -6.10)
[frontier_explorer-1] [INFO] [1781252716.320861520] [frontier_explorer]: New sweep goal: (-6.05, -6.10)
[frontier_explorer-1] [INFO] [1781252720.401558758] [frontier_explorer]: New sweep goal: (-6.05, -6.10)
[frontier_explorer-1] [INFO] [1781252728.586645292] [frontier_explorer]: New sweep goal: (-6.05, -6.10)
[frontier_explorer-1] [INFO] [1781252732.674310046] [frontier_explorer]: New sweep goal: (-6.05, -6.10)
[frontier_explorer-1] [INFO] [1781252765.414515359] [frontier_explorer]: New sweep goal: (-6.05, -6.10)
[frontier_explorer-1] [INFO] [1781252777.687268364] [frontier_explorer]: New sweep goal: (-6.05, -6.10)
[frontier_explorer-1] [INFO] [1781252794.072091932] [frontier_explorer]: New sweep goal: (-6.05, -6.10)
[frontier_explorer-1] [WARN] [1781252830.968889412] [frontier_explorer]: No progress for 32s - clearing costmaps and retrying goal (-6.05, -6.10)
[frontier_explorer-1] [WARN] [1781252867.769458382] [frontier_explorer]: Still no progress after costmap clear, blacklisting goal (-6.05, -6.10)
[frontier_explorer-1] [WARN] [1781252867.846678294] [frontier_explorer]: Watchdog: work exists but no goal active and robot stationary - clearing costmaps
[frontier_explorer-1] [INFO] [1781252871.923936019] [frontier_explorer]: New sweep goal: (-6.05, -6.10)
[frontier_explorer-1] [WARN] [1781252908.578680598] [frontier_explorer]: No progress for 32s - clearing costmaps and retrying goal (-6.05, -6.10)
[frontier_explorer-1] [INFO] [1781252916.865486229] [frontier_explorer]: New sweep goal: (-6.05, -6.10)
[frontier_explorer-1] [INFO] [1781252925.045789509] [frontier_explorer]: New sweep goal: (-6.05, -6.10)
[frontier_explorer-1] [INFO] [1781252933.227569357] [frontier_explorer]: New sweep goal: (-6.05, -6.10)
[frontier_explorer-1] [WARN] [1781252969.996944857] [frontier_explorer]: No progress for 32s - clearing costmaps and retrying goal (-6.05, -6.10)
[frontier_explorer-1] [INFO] [1781253015.038025200] [frontier_explorer]: New sweep goal: (-6.06, -6.10)
[frontier_explorer-1] [INFO] [1781253031.443631837] [frontier_explorer]: New sweep goal: (-6.06, -6.10)
[frontier_explorer-1] [WARN] [1781253041.612491718] [frontier_explorer]: Watchdog: work exists but no goal active and robot stationary - clearing costmaps
[frontier_explorer-1] [INFO] [1781253043.707281509] [frontier_explorer]: New sweep goal: (-6.06, -6.10)
[frontier_explorer-1] [INFO] [1781253055.984380315] [frontier_explorer]: New sweep goal: (-6.06, -6.10)
[frontier_explorer-1] [INFO] [1781253072.339920702] [frontier_explorer]: New sweep goal: (-6.06, -6.10)
[frontier_explorer-1] [INFO] [1781253076.416848604] [frontier_explorer]: New sweep goal: (-6.06, -6.10)
[frontier_explorer-1] [WARN] [1781253082.481962501] [frontier_explorer]: Watchdog: work exists but no goal active and robot stationary - clearing costmaps
[frontier_explorer-1] [WARN] [1781253082.525809509] [frontier_explorer]: Watchdog: resetting blacklist
[frontier_explorer-1] [INFO] [1781253084.590572802] [frontier_explorer]: New sweep goal: (-6.06, -6.10)
[frontier_explorer-1] [INFO] [1781253088.696206634] [frontier_explorer]: New sweep goal: (-6.06, -6.10)
[frontier_explorer-1] [INFO] [1781253092.765717585] [frontier_explorer]: New sweep goal: (-6.06, -6.10)
[frontier_explorer-1] [INFO] [1781253100.951479387] [frontier_explorer]: New sweep goal: (-6.06, -6.10)
[frontier_explorer-1] [INFO] [1781253105.055817720] [frontier_explorer]: New sweep goal: (-6.06, -6.10)
[frontier_explorer-1] [INFO] [1781253109.127471529] [frontier_explorer]: New sweep goal: (-6.06, -6.10)
[frontier_explorer-1] [INFO] [1781253113.200805189] [frontier_explorer]: New sweep goal: (-6.06, -6.10)
[frontier_explorer-1] [INFO] [1781253117.291339792] [frontier_explorer]: New sweep goal: (-6.06, -6.10)
[frontier_explorer-1] [WARN] [1781253123.380061608] [frontier_explorer]: Watchdog: work exists but no goal active and robot stationary - clearing costmaps
[frontier_explorer-1] [INFO] [1781253125.498868123] [frontier_explorer]: New sweep goal: (-6.06, -6.10)
[frontier_explorer-1] [INFO] [1781253133.688366207] [frontier_explorer]: New sweep goal: (-6.06, -6.10)
[frontier_explorer-1] [INFO] [1781253137.777739004] [frontier_explorer]: New sweep goal: (-6.06, -6.10)
[frontier_explorer-1] [INFO] [1781253141.892531017] [frontier_explorer]: New sweep goal: (-6.06, -6.10)
[frontier_explorer-1] [WARN] [1781253143.864751776] [frontier_explorer]: Watchdog: work exists but no goal active and robot stationary - clearing costmaps
[frontier_explorer-1] [INFO] [1781253145.970259350] [frontier_explorer]: New sweep goal: (-6.06, -6.10)
[frontier_explorer-1] [INFO] [1781253150.071777513] [frontier_explorer]: New sweep goal: (-6.06, -6.10)
[frontier_explorer-1] [INFO] [1781253154.139334800] [frontier_explorer]: New sweep goal: (-6.06, -6.10)
[frontier_explorer-1] [INFO] [1781253158.217199048] [frontier_explorer]: New sweep goal: (-6.06, -6.10)
[frontier_explorer-1] [INFO] [1781253162.322650813] [frontier_explorer]: New sweep goal: (-6.06, -6.10)
[frontier_explorer-1] [INFO] [1781253170.525658112] [frontier_explorer]: New sweep goal: (-6.06, -6.10)
[frontier_explorer-1] [INFO] [1781253195.088836546] [frontier_explorer]: New sweep goal: (-6.06, -6.10)
[frontier_explorer-1] [INFO] [1781253199.146962699] [frontier_explorer]: New sweep goal: (-6.06, -6.10)
[frontier_explorer-1] [INFO] [1781253203.232859214] [frontier_explorer]: New sweep goal: (-6.06, -6.10)
[frontier_explorer-1] [INFO] [1781253207.339580879] [frontier_explorer]: New sweep goal: (-6.06, -6.10)
[frontier_explorer-1] [INFO] [1781253211.416556930] [frontier_explorer]: New sweep goal: (-6.06, -6.10)
[frontier_explorer-1] [INFO] [1781253215.507218600] [frontier_explorer]: New sweep goal: (-6.06, -6.10)
[frontier_explorer-1] [WARN] [1781253225.727474535] [frontier_explorer]: Watchdog: work exists but no goal active and robot stationary - clearing costmaps
[frontier_explorer-1] [WARN] [1781253225.767528810] [frontier_explorer]: Watchdog: resetting blacklist
[frontier_explorer-1] [INFO] [1781253227.836748508] [frontier_explorer]: New sweep goal: (-6.06, -6.10)
[frontier_explorer-1] [INFO] [1781253236.045066007] [frontier_explorer]: New sweep goal: (-6.06, -6.10)
[frontier_explorer-1] [INFO] [1781253248.313906539] [frontier_explorer]: New sweep goal: (-6.06, -6.10)
[frontier_explorer-1] [INFO] [1781253256.499985722] [frontier_explorer]: New sweep goal: (-6.06, -6.10)
[frontier_explorer-1] [INFO] [1781253260.633985948] [frontier_explorer]: New sweep goal: (-6.06, -6.10)
[frontier_explorer-1] [WARN] [1781253266.652739639] [frontier_explorer]: Watchdog: work exists but no goal active and robot stationary - clearing costmaps
[frontier_explorer-1] [INFO] [1781253268.750972781] [frontier_explorer]: New sweep goal: (-6.06, -6.10)
[frontier_explorer-1] [INFO] [1781253276.927864626] [frontier_explorer]: New sweep goal: (-6.06, -6.10)
[frontier_explorer-1] [INFO] [1781253285.112669909] [frontier_explorer]: New sweep goal: (-6.06, -6.10)
[frontier_explorer-1] [INFO] [1781253297.420121381] [frontier_explorer]: New sweep goal: (-6.06, -6.10)
[frontier_explorer-1] [INFO] [1781253313.791783876] [frontier_explorer]: New sweep goal: (-6.06, -6.10)
[frontier_explorer-1] [INFO] [1781253317.875625345] [frontier_explorer]: New sweep goal: (-6.06, -6.10)
[frontier_explorer-1] [INFO] [1781253321.960011555] [frontier_explorer]: New sweep goal: (-6.06, -6.10)
[frontier_explorer-1] [INFO] [1781253326.045760809] [frontier_explorer]: New sweep goal: (-6.06, -6.10)
[frontier_explorer-1] [WARN] [1781253328.020286097] [frontier_explorer]: Watchdog: work exists but no goal active and robot stationary - clearing costmaps
[frontier_explorer-1] [INFO] [1781253330.117821893] [frontier_explorer]: New sweep goal: (-6.06, -6.10)
[frontier_explorer-1] [INFO] [1781253334.193800124] [frontier_explorer]: New sweep goal: (-6.06, -6.10)
[frontier_explorer-1] [INFO] [1781253338.325667555] [frontier_explorer]: New sweep goal: (-6.06, -6.10)
[frontier_explorer-1] [INFO] [1781253342.346203547] [frontier_explorer]: New sweep goal: (-6.06, -6.10)
[frontier_explorer-1] [INFO] [1781253346.412363936] [frontier_explorer]: New sweep goal: (-6.06, -6.10)
[frontier_explorer-1] [WARN] [1781253348.398701492] [frontier_explorer]: Watchdog: work exists but no goal active and robot stationary - clearing costmaps
[frontier_explorer-1] [WARN] [1781253348.435549163] [frontier_explorer]: Watchdog: resetting blacklist
[frontier_explorer-1] [INFO] [1781253350.488822147] [frontier_explorer]: New sweep goal: (-6.06, -6.10)
[frontier_explorer-1] [INFO] [1781253354.561905129] [frontier_explorer]: New sweep goal: (-6.06, -6.10)
[frontier_explorer-1] [INFO] [1781253358.645023284] [frontier_explorer]: New sweep goal: (-6.06, -6.10)
[frontier_explorer-1] [INFO] [1781253362.720010995] [frontier_explorer]: New sweep goal: (-6.06, -6.10)
[frontier_explorer-1] [INFO] [1781253366.785726906] [frontier_explorer]: New sweep goal: (-6.06, -6.10)
[frontier_explorer-1] [WARN] [1781253368.771697211] [frontier_explorer]: Watchdog: work exists but no goal active and robot stationary - clearing costmaps
[frontier_explorer-1] [INFO] [1781253370.861500571] [frontier_explorer]: New sweep goal: (-6.06, -6.10)
[frontier_explorer-1] [INFO] [1781253374.944852520] [frontier_explorer]: New sweep goal: (-6.06, -6.10)
[frontier_explorer-1] [INFO] [1781253379.028045418] [frontier_explorer]: New sweep goal: (-6.06, -6.10)
[frontier_explorer-1] [INFO] [1781253383.087467578] [frontier_explorer]: New sweep goal: (-6.06, -6.10)
[frontier_explorer-1] [INFO] [1781253387.173236083] [frontier_explorer]: New sweep goal: (-6.06, -6.10)
[frontier_explorer-1] [WARN] [1781253389.167301668] [frontier_explorer]: Watchdog: work exists but no goal active and robot stationary - clearing costmaps
[frontier_explorer-1] [INFO] [1781253391.264423721] [frontier_explorer]: New sweep goal: (-6.06, -6.10)
[frontier_explorer-1] [INFO] [1781253395.347123790] [frontier_explorer]: New sweep goal: (-6.06, -6.10)
[frontier_explorer-1] [INFO] [1781253399.431316672] [frontier_explorer]: New sweep goal: (-6.06, -6.10)
[frontier_explorer-1] [INFO] [1781253403.504260041] [frontier_explorer]: New sweep goal: (-6.06, -6.10)
[frontier_explorer-1] [INFO] [1781253407.576670310] [frontier_explorer]: New sweep goal: (-6.06, -6.10)
[frontier_explorer-1] [WARN] [1781253409.558832928] [frontier_explorer]: Watchdog: work exists but no goal active and robot stationary - clearing costmaps
[frontier_explorer-1] [WARN] [1781253409.599245676] [frontier_explorer]: Watchdog: resetting blacklist
[frontier_explorer-1] [INFO] [1781253411.662055562] [frontier_explorer]: New sweep goal: (-6.06, -6.10)
[frontier_explorer-1] [INFO] [1781253415.732634082] [frontier_explorer]: New sweep goal: (-6.06, -6.10)
[frontier_explorer-1] [INFO] [1781253419.817213793] [frontier_explorer]: New sweep goal: (-6.06, -6.10)
[frontier_explorer-1] [INFO] [1781253423.900612591] [frontier_explorer]: New sweep goal: (-6.06, -6.10)
[frontier_explorer-1] [INFO] [1781253427.984090193] [frontier_explorer]: New sweep goal: (-6.06, -6.10)
[frontier_explorer-1] [WARN] [1781253429.972450779] [frontier_explorer]: Watchdog: work exists but no goal active and robot stationary - clearing costmaps
[frontier_explorer-1] [INFO] [1781253432.067733455] [frontier_explorer]: New sweep goal: (-6.06, -6.10)
[frontier_explorer-1] [INFO] [1781253436.155499986] [frontier_explorer]: New sweep goal: (-6.06, -6.10)
[frontier_explorer-1] [INFO] [1781253440.230766801] [frontier_explorer]: New sweep goal: (-6.06, -6.10)
[frontier_explorer-1] [INFO] [1781253444.313336191] [frontier_explorer]: New sweep goal: (-6.06, -6.10)
[frontier_explorer-1] [INFO] [1781253448.429751852] [frontier_explorer]: New sweep goal: (-6.06, -6.10)
[frontier_explorer-1] [WARN] [1781253450.375780309] [frontier_explorer]: Watchdog: work exists but no goal active and robot stationary - clearing costmaps
[frontier_explorer-1] [INFO] [1781253452.471435708] [frontier_explorer]: New sweep goal: (-6.06, -6.10)
[frontier_explorer-1] [INFO] [1781253456.538381011] [frontier_explorer]: New sweep goal: (-6.06, -6.10)
[frontier_explorer-1] [INFO] [1781253460.636354487] [frontier_explorer]: New sweep goal: (-6.06, -6.10)
[frontier_explorer-1] [INFO] [1781253464.719806630] [frontier_explorer]: New sweep goal: (-6.06, -6.10)
[frontier_explorer-1] [INFO] [1781253468.801525154] [frontier_explorer]: New sweep goal: (-6.06, -6.10)
[frontier_explorer-1] [INFO] [1781253472.877025552] [frontier_explorer]: New sweep goal: (-6.06, -6.10)
[frontier_explorer-1] [INFO] [1781253476.945443558] [frontier_explorer]: New sweep goal: (-6.06, -6.10)
[frontier_explorer-1] [INFO] [1781253481.034723755] [frontier_explorer]: New sweep goal: (-6.06, -6.10)
[frontier_explorer-1] [INFO] [1781253485.112278389] [frontier_explorer]: New sweep goal: (-6.06, -6.10)
[frontier_explorer-1] [INFO] [1781253489.191972922] [frontier_explorer]: New sweep goal: (-6.06, -6.10)
[frontier_explorer-1] [INFO] [1781253493.269181022] [frontier_explorer]: New sweep goal: (-6.06, -6.10)
[frontier_explorer-1] [INFO] [1781253497.346684730] [frontier_explorer]: New sweep goal: (-6.06, -6.10)
[frontier_explorer-1] [INFO] [1781253501.435778264] [frontier_explorer]: New sweep goal: (-6.06, -6.10)
[frontier_explorer-1] [INFO] [1781253505.513185377] [frontier_explorer]: New sweep goal: (-6.06, -6.10)
[frontier_explorer-1] [INFO] [1781253509.608192196] [frontier_explorer]: New sweep goal: (-6.06, -6.10)
[frontier_explorer-1] [WARN] [1781253511.578461787] [frontier_explorer]: Watchdog: work exists but no goal active and robot stationary - clearing costmaps
[frontier_explorer-1] [WARN] [1781253511.616513744] [frontier_explorer]: Watchdog: resetting blacklist
[frontier_explorer-1] [INFO] [1781253513.675683888] [frontier_explorer]: New sweep goal: (-6.06, -6.10)
[frontier_explorer-1] [INFO] [1781253517.757178611] [frontier_explorer]: New sweep goal: (-6.06, -6.10)
[frontier_explorer-1] [INFO] [1781253521.835016511] [frontier_explorer]: New sweep goal: (-6.06, -6.10)
[frontier_explorer-1] [INFO] [1781253525.917748386] [frontier_explorer]: New sweep goal: (-6.06, -6.10)
[frontier_explorer-1] [INFO] [1781253529.994443462] [frontier_explorer]: New sweep goal: (-6.06, -6.10)
[frontier_explorer-1] [INFO] [1781253534.072904274] [frontier_explorer]: New sweep goal: (-6.06, -6.10)
[frontier_explorer-1] [INFO] [1781253538.155702790] [frontier_explorer]: New sweep goal: (-6.06, -6.10)
[frontier_explorer-1] [INFO] [1781253542.237252628] [frontier_explorer]: New sweep goal: (-6.06, -6.10)
[frontier_explorer-1] [INFO] [1781253546.311960624] [frontier_explorer]: New sweep goal: (-6.06, -6.10)
[frontier_explorer-1] [INFO] [1781253550.388380501] [frontier_explorer]: New sweep goal: (-6.06, -6.10)
[frontier_explorer-1] [WARN] [1781253552.360948416] [frontier_explorer]: Watchdog: work exists but no goal active and robot stationary - clearing costmaps
[frontier_explorer-1] [INFO] [1781253554.455704025] [frontier_explorer]: New sweep goal: (-6.06, -6.10)
[frontier_explorer-1] [INFO] [1781253558.524678788] [frontier_explorer]: New sweep goal: (-6.06, -6.10)
[frontier_explorer-1] [INFO] [1781253562.593720349] [frontier_explorer]: New sweep goal: (-6.06, -6.10)
[frontier_explorer-1] [INFO] [1781253566.660333337] [frontier_explorer]: New sweep goal: (-6.06, -6.10)
[frontier_explorer-1] [INFO] [1781253570.740608018] [frontier_explorer]: New sweep goal: (-6.06, -6.10)
[frontier_explorer-1] [WARN] [1781253572.730832526] [frontier_explorer]: Watchdog: work exists but no goal active and robot stationary - clearing costmaps
[frontier_explorer-1] [INFO] [1781253574.816779067] [frontier_explorer]: New sweep goal: (-6.06, -6.10)
[frontier_explorer-1] [INFO] [1781253578.910039649] [frontier_explorer]: New sweep goal: (-6.06, -6.10)
[frontier_explorer-1] [INFO] [1781253582.979764890] [frontier_explorer]: New sweep goal: (-6.06, -6.10)
[frontier_explorer-1] [INFO] [1781253587.070196132] [frontier_explorer]: New sweep goal: (-6.06, -6.10)
[frontier_explorer-1] [INFO] [1781253591.129056884] [frontier_explorer]: New sweep goal: (-6.06, -6.10)
[frontier_explorer-1] [WARN] [1781253593.114824187] [frontier_explorer]: Watchdog: work exists but no goal active and robot stationary - clearing costmaps
[frontier_explorer-1] [WARN] [1781253593.153472181] [frontier_explorer]: Watchdog: resetting blacklist
[frontier_explorer-1] [INFO] [1781253595.206084564] [frontier_explorer]: New sweep goal: (-6.06, -6.10)
[frontier_explorer-1] [INFO] [1781253599.281087291] [frontier_explorer]: New sweep goal: (-6.06, -6.10)
[frontier_explorer-1] [INFO] [1781253603.356284965] [frontier_explorer]: New sweep goal: (-6.06, -6.10)
[frontier_explorer-1] [INFO] [1781253607.424663936] [frontier_explorer]: New sweep goal: (-6.06, -6.10)
[frontier_explorer-1] [INFO] [1781253611.514941461] [frontier_explorer]: New sweep goal: (-6.06, -6.10)
[frontier_explorer-1] [WARN] [1781253613.495006042] [frontier_explorer]: Watchdog: work exists but no goal active and robot stationary - clearing costmaps
[frontier_explorer-1] [INFO] [1781253615.584026405] [frontier_explorer]: New sweep goal: (-6.06, -6.10)
[frontier_explorer-1] [INFO] [1781253619.662183327] [frontier_explorer]: New sweep goal: (-6.06, -6.10)
[frontier_explorer-1] [INFO] [1781253623.741356592] [frontier_explorer]: New sweep goal: (-6.06, -6.10)
[frontier_explorer-1] [INFO] [1781253627.818322425] [frontier_explorer]: New sweep goal: (-6.06, -6.10)
[frontier_explorer-1] [INFO] [1781253631.904510609] [frontier_explorer]: New sweep goal: (-6.06, -6.10)
[frontier_explorer-1] [WARN] [1781253633.884767961] [frontier_explorer]: Watchdog: work exists but no goal active and robot stationary - clearing costmaps
[frontier_explorer-1] [INFO] [1781253635.983101782] [frontier_explorer]: New sweep goal: (-6.06, -6.10)
[frontier_explorer-1] [INFO] [1781253640.053731812] [frontier_explorer]: New sweep goal: (-6.06, -6.10)
[frontier_explorer-1] [INFO] [1781253644.138798307] [frontier_explorer]: New sweep goal: (-6.06, -6.10)
[frontier_explorer-1] [INFO] [1781253648.221590321] [frontier_explorer]: New sweep goal: (-6.06, -6.10)
[frontier_explorer-1] [INFO] [1781253652.291424902] [frontier_explorer]: New sweep goal: (-6.06, -6.10)
[frontier_explorer-1] [WARN] [1781253654.271624671] [frontier_explorer]: Watchdog: work exists but no goal active and robot stationary - clearing costmaps
[frontier_explorer-1] [WARN] [1781253654.310247591] [frontier_explorer]: Watchdog: resetting blacklist
[frontier_explorer-1] [INFO] [1781253656.363581490] [frontier_explorer]: New sweep goal: (-6.06, -6.10)
[frontier_explorer-1] [INFO] [1781253660.447049242] [frontier_explorer]: New sweep goal: (-6.06, -6.10)
[frontier_explorer-1] [INFO] [1781253668.606176523] [frontier_explorer]: New sweep goal: (-6.06, -6.10)
[frontier_explorer-1] [INFO] [1781253672.679323111] [frontier_explorer]: New sweep goal: (-6.06, -6.10)
[frontier_explorer-1] [WARN] [1781253674.651486748] [frontier_explorer]: Watchdog: work exists but no goal active and robot stationary - clearing costmaps
[frontier_explorer-1] [INFO] [1781253676.738065097] [frontier_explorer]: New sweep goal: (-6.06, -6.10)
[frontier_explorer-1] [INFO] [1781253680.817523724] [frontier_explorer]: New sweep goal: (-6.06, -6.10)
[frontier_explorer-1] [INFO] [1781253684.895898258] [frontier_explorer]: New sweep goal: (-6.06, -6.10)
[frontier_explorer-1] [INFO] [1781253688.959774826] [frontier_explorer]: New sweep goal: (-6.06, -6.10)
[frontier_explorer-1] [INFO] [1781253693.039722250] [frontier_explorer]: New sweep goal: (-6.06, -6.10)
[frontier_explorer-1] [WARN] [1781253695.023108618] [frontier_explorer]: Watchdog: work exists but no goal active and robot stationary - clearing costmaps
[frontier_explorer-1] [INFO] [1781253697.113150779] [frontier_explorer]: New sweep goal: (-6.06, -6.10)
[frontier_explorer-1] [INFO] [1781253701.204688720] [frontier_explorer]: New sweep goal: (-6.06, -6.10)
[frontier_explorer-1] [INFO] [1781253705.283125958] [frontier_explorer]: New sweep goal: (-6.06, -6.10)
[frontier_explorer-1] [INFO] [1781253709.350341354] [frontier_explorer]: New sweep goal: (-6.06, -6.10)
[frontier_explorer-1] [INFO] [1781253713.418359586] [frontier_explorer]: New sweep goal: (-6.06, -6.10)
[frontier_explorer-1] [WARN] [1781253715.391110938] [frontier_explorer]: Watchdog: work exists but no goal active and robot stationary - clearing costmaps
[frontier_explorer-1] [WARN] [1781253715.427930521] [frontier_explorer]: Watchdog: resetting blacklist
[frontier_explorer-1] [INFO] [1781253717.489696256] [frontier_explorer]: New sweep goal: (-6.06, -6.10)
[frontier_explorer-1] [INFO] [1781253721.559169888] [frontier_explorer]: New sweep goal: (-6.06, -6.10)
[frontier_explorer-1] [INFO] [1781253725.648707058] [frontier_explorer]: New sweep goal: (-6.06, -6.10)
[frontier_explorer-1] [INFO] [1781253729.726403830] [frontier_explorer]: New sweep goal: (-6.06, -6.10)
[frontier_explorer-1] [INFO] [1781253733.791885635] [frontier_explorer]: New sweep goal: (-6.06, -6.10)
[frontier_explorer-1] [INFO] [1781253737.872397261] [frontier_explorer]: New sweep goal: (-6.06, -6.10)
[frontier_explorer-1] [INFO] [1781253741.941674897] [frontier_explorer]: New sweep goal: (-6.06, -6.10)
[frontier_explorer-1] [INFO] [1781253746.018255889] [frontier_explorer]: New sweep goal: (-6.06, -6.10)
[frontier_explorer-1] [INFO] [1781253750.101781865] [frontier_explorer]: New sweep goal: (-6.06, -6.10)
[frontier_explorer-1] [INFO] [1781253754.178363547] [frontier_explorer]: New sweep goal: (-6.06, -6.10)
[frontier_explorer-1] [WARN] [1781253756.171606182] [frontier_explorer]: Watchdog: work exists but no goal active and robot stationary - clearing costmaps
[frontier_explorer-1] [INFO] [1781253758.251631668] [frontier_explorer]: New sweep goal: (-6.06, -6.10)
[frontier_explorer-1] [INFO] [1781253762.328951762] [frontier_explorer]: New sweep goal: (-6.06, -6.10)
[frontier_explorer-1] [INFO] [1781253766.414328298] [frontier_explorer]: New sweep goal: (-6.06, -6.10)
[frontier_explorer-1] [INFO] [1781253770.494422672] [frontier_explorer]: New sweep goal: (-6.06, -6.10)
[frontier_explorer-1] [INFO] [1781253774.584651531] [frontier_explorer]: New sweep goal: (-6.06, -6.10)
[frontier_explorer-1] [WARN] [1781253776.566306135] [frontier_explorer]: Watchdog: work exists but no goal active and robot stationary - clearing costmaps
[frontier_explorer-1] [INFO] [1781253778.669633776] [frontier_explorer]: New sweep goal: (-6.06, -6.10)
[frontier_explorer-1] [INFO] [1781253782.756039493] [frontier_explorer]: New sweep goal: (-6.06, -6.10)
[frontier_explorer-1] [INFO] [1781253790.935394387] [frontier_explorer]: New sweep goal: (-6.06, -6.10)
[frontier_explorer-1] [INFO] [1781253795.018713451] [frontier_explorer]: New sweep goal: (-6.06, -6.10)
[frontier_explorer-1] [WARN] [1781253796.997817362] [frontier_explorer]: Watchdog: work exists but no goal active and robot stationary - clearing costmaps
[frontier_explorer-1] [WARN] [1781253797.038911136] [frontier_explorer]: Watchdog: resetting blacklist
[frontier_explorer-1] [INFO] [1781253799.089328783] [frontier_explorer]: New sweep goal: (-6.06, -6.10)
[frontier_explorer-1] [INFO] [1781253803.174349259] [frontier_explorer]: New sweep goal: (-6.06, -6.10)
[frontier_explorer-1] [INFO] [1781253807.258714027] [frontier_explorer]: New sweep goal: (-6.06, -6.10)
[frontier_explorer-1] [INFO] [1781253811.336000336] [frontier_explorer]: New sweep goal: (-6.06, -6.10)
[frontier_explorer-1] [INFO] [1781253815.408999488] [frontier_explorer]: New sweep goal: (-6.06, -6.10)
[frontier_explorer-1] [WARN] [1781253817.385665962] [frontier_explorer]: Watchdog: work exists but no goal active and robot stationary - clearing costmaps
[frontier_explorer-1] [INFO] [1781253819.480276262] [frontier_explorer]: New sweep goal: (-6.06, -6.10)
[frontier_explorer-1] [INFO] [1781253823.555324113] [frontier_explorer]: New sweep goal: (-6.06, -6.10)
[frontier_explorer-1] [INFO] [1781253827.632542541] [frontier_explorer]: New sweep goal: (-6.06, -6.10)
[frontier_explorer-1] [INFO] [1781253835.784339559] [frontier_explorer]: New sweep goal: (-6.06, -6.10)
[frontier_explorer-1] [INFO] [1781253839.849962668] [frontier_explorer]: New sweep goal: (-6.06, -6.10)
[frontier_explorer-1] [INFO] [1781253843.944849577] [frontier_explorer]: New sweep goal: (-6.06, -6.10)
[frontier_explorer-1] [INFO] [1781253856.181942921] [frontier_explorer]: New sweep goal: (-6.06, -6.10)
[frontier_explorer-1] [WARN] [1781253858.169871885] [frontier_explorer]: Watchdog: work exists but no goal active and robot stationary - clearing costmaps
[frontier_explorer-1] [INFO] [1781253860.265966807] [frontier_explorer]: New sweep goal: (-6.06, -6.10)
[frontier_explorer-1] [INFO] [1781253864.357245827] [frontier_explorer]: New sweep goal: (-6.06, -6.10)
[frontier_explorer-1] [INFO] [1781253868.417978630] [frontier_explorer]: New sweep goal: (-6.06, -6.10)
[frontier_explorer-1] [INFO] [1781253872.485073346] [frontier_explorer]: New sweep goal: (-6.06, -6.10)
[frontier_explorer-1] [INFO] [1781253876.567803957] [frontier_explorer]: New sweep goal: (-6.06, -6.10)
[frontier_explorer-1] [WARN] [1781253878.562025422] [frontier_explorer]: Watchdog: work exists but no goal active and robot stationary - clearing costmaps
[frontier_explorer-1] [WARN] [1781253878.623126150] [frontier_explorer]: Watchdog: resetting blacklist
[frontier_explorer-1] [INFO] [1781253880.646481572] [frontier_explorer]: New sweep goal: (-6.06, -6.10)
[frontier_explorer-1] [INFO] [1781253884.741019558] [frontier_explorer]: New sweep goal: (-6.06, -6.10)
[frontier_explorer-1] [INFO] [1781253888.806598929] [frontier_explorer]: New sweep goal: (-6.06, -6.10)
[frontier_explorer-1] [INFO] [1781253892.884021611] [frontier_explorer]: New sweep goal: (-6.06, -6.10)
[frontier_explorer-1] [INFO] [1781253896.960351781] [frontier_explorer]: New sweep goal: (-6.06, -6.10)
[frontier_explorer-1] [WARN] [1781253898.948246267] [frontier_explorer]: Watchdog: work exists but no goal active and robot stationary - clearing costmaps
[frontier_explorer-1] [INFO] [1781253901.047847356] [frontier_explorer]: New sweep goal: (-6.06, -6.10)
[frontier_explorer-1] [INFO] [1781253905.137771398] [frontier_explorer]: New sweep goal: (-6.06, -6.10)
[frontier_explorer-1] [INFO] [1781253909.221538614] [frontier_explorer]: New sweep goal: (-6.06, -6.10)
[frontier_explorer-1] [INFO] [1781253917.368038463] [frontier_explorer]: New sweep goal: (-6.06, -6.10)
[frontier_explorer-1] [INFO] [1781253921.439892191] [frontier_explorer]: New sweep goal: (-6.06, -6.10)
[frontier_explorer-1] [INFO] [1781253925.528127688] [frontier_explorer]: New sweep goal: (-6.06, -6.10)
[frontier_explorer-1] [INFO] [1781253929.593551722] [frontier_explorer]: New sweep goal: (-6.06, -6.10)
[frontier_explorer-1] [INFO] [1781253933.664893488] [frontier_explorer]: New sweep goal: (-6.06, -6.10)
[frontier_explorer-1] [INFO] [1781253937.737769212] [frontier_explorer]: New sweep goal: (-6.06, -6.10)
[frontier_explorer-1] [WARN] [1781253939.723453199] [frontier_explorer]: Watchdog: work exists but no goal active and robot stationary - clearing costmaps
[frontier_explorer-1] [INFO] [1781253941.819064962] [frontier_explorer]: New sweep goal: (-6.06, -6.10)
[frontier_explorer-1] [INFO] [1781253945.894323512] [frontier_explorer]: New sweep goal: (-6.06, -6.10)
[frontier_explorer-1] [INFO] [1781253949.972059463] [frontier_explorer]: New sweep goal: (-6.06, -6.10)
[frontier_explorer-1] [INFO] [1781253954.048104495] [frontier_explorer]: New sweep goal: (-6.06, -6.10)
[frontier_explorer-1] [INFO] [1781253958.123184955] [frontier_explorer]: New sweep goal: (-6.06, -6.10)
[frontier_explorer-1] [WARN] [1781253960.110150704] [frontier_explorer]: Watchdog: work exists but no goal active and robot stationary - clearing costmaps
[frontier_explorer-1] [WARN] [1781253960.147628146] [frontier_explorer]: Watchdog: resetting blacklist
[frontier_explorer-1] [INFO] [1781253962.208074753] [frontier_explorer]: New sweep goal: (-6.06, -6.10)
[frontier_explorer-1] [INFO] [1781253966.304100581] [frontier_explorer]: New sweep goal: (-6.06, -6.10)
[frontier_explorer-1] [INFO] [1781253974.447916072] [frontier_explorer]: New sweep goal: (-6.06, -6.10)
[frontier_explorer-1] [INFO] [1781253978.520560330] [frontier_explorer]: New sweep goal: (-6.06, -6.10)
[frontier_explorer-1] [WARN] [1781253980.499999455] [frontier_explorer]: Watchdog: work exists but no goal active and robot stationary - clearing costmaps
[frontier_explorer-1] [INFO] [1781253982.603296051] [frontier_explorer]: New sweep goal: (-6.06, -6.10)
[frontier_explorer-1] [INFO] [1781253986.666066550] [frontier_explorer]: New sweep goal: (-6.06, -6.10)
[frontier_explorer-1] [INFO] [1781253990.751360033] [frontier_explorer]: New sweep goal: (-6.06, -6.10)
[frontier_explorer-1] [INFO] [1781253994.826606862] [frontier_explorer]: New sweep goal: (-6.06, -6.10)
[frontier_explorer-1] [INFO] [1781253998.925696438] [frontier_explorer]: New sweep goal: (-6.06, -6.10)
[frontier_explorer-1] [WARN] [1781254000.881550956] [frontier_explorer]: Watchdog: work exists but no goal active and robot stationary - clearing costmaps
[frontier_explorer-1] [INFO] [1781254002.980153273] [frontier_explorer]: New sweep goal: (-6.06, -6.10)
[frontier_explorer-1] [INFO] [1781254007.062549242] [frontier_explorer]: New sweep goal: (-6.06, -6.10)
[frontier_explorer-1] [INFO] [1781254011.137732053] [frontier_explorer]: New sweep goal: (-6.06, -6.10)
[frontier_explorer-1] [INFO] [1781254015.218499336] [frontier_explorer]: New sweep goal: (-6.06, -6.10)
[frontier_explorer-1] [INFO] [1781254019.296091504] [frontier_explorer]: New sweep goal: (-6.06, -6.10)
[frontier_explorer-1] [WARN] [1781254021.281350166] [frontier_explorer]: Watchdog: work exists but no goal active and robot stationary - clearing costmaps
[frontier_explorer-1] [WARN] [1781254021.317537915] [frontier_explorer]: Watchdog: resetting blacklist
[frontier_explorer-1] [INFO] [1781254023.396165287] [frontier_explorer]: New sweep goal: (-6.06, -6.10)
[frontier_explorer-1] [INFO] [1781254027.452949528] [frontier_explorer]: New sweep goal: (-6.06, -6.10)
[frontier_explorer-1] [INFO] [1781254031.561232430] [frontier_explorer]: New sweep goal: (-6.06, -6.10)
[frontier_explorer-1] [INFO] [1781254039.708675305] [frontier_explorer]: New sweep goal: (-6.06, -6.10)
[frontier_explorer-1] [INFO] [1781254043.783298982] [frontier_explorer]: New sweep goal: (-6.06, -6.10)
[frontier_explorer-1] [INFO] [1781254047.853224818] [frontier_explorer]: New sweep goal: (-6.06, -6.10)
[frontier_explorer-1] [INFO] [1781254051.932553375] [frontier_explorer]: New sweep goal: (-6.06, -6.10)
[frontier_explorer-1] [INFO] [1781254056.006784055] [frontier_explorer]: New sweep goal: (-6.06, -6.10)
[frontier_explorer-1] [INFO] [1781254060.092479064] [frontier_explorer]: New sweep goal: (-6.06, -6.10)
[frontier_explorer-1] [INFO] [1781254068.252724109] [frontier_explorer]: New sweep goal: (-6.06, -6.10)
[frontier_explorer-1] [INFO] [1781254072.322382751] [frontier_explorer]: New sweep goal: (-6.06, -6.10)
[frontier_explorer-1] [INFO] [1781254076.398011314] [frontier_explorer]: New sweep goal: (-6.06, -6.10)
[frontier_explorer-1] [INFO] [1781254080.479477456] [frontier_explorer]: New sweep goal: (-6.06, -6.10)
[frontier_explorer-1] [WARN] [1781254082.460775979] [frontier_explorer]: Watchdog: work exists but no goal active and robot stationary - clearing costmaps
[frontier_explorer-1] [INFO] [1781254084.555619442] [frontier_explorer]: New sweep goal: (-6.06, -6.10)
[frontier_explorer-1] [INFO] [1781254088.640313998] [frontier_explorer]: New sweep goal: (-6.06, -6.10)
[frontier_explorer-1] [INFO] [1781254096.808460567] [frontier_explorer]: New sweep goal: (-6.06, -6.10)
[frontier_explorer-1] [INFO] [1781254100.888869902] [frontier_explorer]: New sweep goal: (-6.06, -6.10)
[frontier_explorer-1] [WARN] [1781254102.869743466] [frontier_explorer]: Watchdog: work exists but no goal active and robot stationary - clearing costmaps
[frontier_explorer-1] [INFO] [1781254104.975645201] [frontier_explorer]: New sweep goal: (-6.06, -6.10)
[frontier_explorer-1] [INFO] [1781254109.048343582] [frontier_explorer]: New sweep goal: (-6.06, -6.10)
[frontier_explorer-1] [INFO] [1781254113.111462781] [frontier_explorer]: New sweep goal: (-6.06, -6.10)
[frontier_explorer-1] [INFO] [1781254117.175711321] [frontier_explorer]: New sweep goal: (-6.06, -6.10)
[frontier_explorer-1] [INFO] [1781254121.235617540] [frontier_explorer]: New sweep goal: (-6.06, -6.10)
[frontier_explorer-1] [WARN] [1781254123.232275766] [frontier_explorer]: Watchdog: work exists but no goal active and robot stationary - clearing costmaps
[frontier_explorer-1] [WARN] [1781254123.271816628] [frontier_explorer]: Watchdog: resetting blacklist
[frontier_explorer-1] [INFO] [1781254125.327691330] [frontier_explorer]: New sweep goal: (-6.06, -6.10)
[frontier_explorer-1] [INFO] [1781254129.397156828] [frontier_explorer]: New sweep goal: (-6.06, -6.10)
[frontier_explorer-1] [INFO] [1781254133.466761951] [frontier_explorer]: New sweep goal: (-6.06, -6.10)
[frontier_explorer-1] [INFO] [1781254137.538307288] [frontier_explorer]: New sweep goal: (-6.06, -6.10)
[frontier_explorer-1] [INFO] [1781254141.613651401] [frontier_explorer]: New sweep goal: (-6.06, -6.10)
[frontier_explorer-1] [WARN] [1781254143.598537319] [frontier_explorer]: Watchdog: work exists but no goal active and robot stationary - clearing costmaps
[frontier_explorer-1] [INFO] [1781254145.683313602] [frontier_explorer]: New sweep goal: (-6.06, -6.10)
[frontier_explorer-1] [INFO] [1781254149.782560783] [frontier_explorer]: New sweep goal: (-6.06, -6.10)
[frontier_explorer-1] [INFO] [1781254153.844225866] [frontier_explorer]: New sweep goal: (-6.06, -6.10)
[frontier_explorer-1] [INFO] [1781254157.921193608] [frontier_explorer]: New sweep goal: (-6.06, -6.10)
[frontier_explorer-1] [INFO] [1781254162.006828862] [frontier_explorer]: New sweep goal: (-6.06, -6.10)
[frontier_explorer-1] [INFO] [1781254166.080012520] [frontier_explorer]: New sweep goal: (-6.06, -6.10)
[frontier_explorer-1] [INFO] [1781254170.148096263] [frontier_explorer]: New sweep goal: (-6.06, -6.10)
[frontier_explorer-1] [INFO] [1781254174.215630252] [frontier_explorer]: New sweep goal: (-6.06, -6.10)
[frontier_explorer-1] [INFO] [1781254178.283161049] [frontier_explorer]: New sweep goal: (-6.06, -6.10)
[frontier_explorer-1] [INFO] [1781254182.395082806] [frontier_explorer]: New sweep goal: (-6.06, -6.10)
[frontier_explorer-1] [WARN] [1781254184.338428708] [frontier_explorer]: Watchdog: work exists but no goal active and robot stationary - clearing costmaps
[frontier_explorer-1] [INFO] [1781254186.423641755] [frontier_explorer]: New sweep goal: (-6.06, -6.10)
[frontier_explorer-1] [INFO] [1781254190.505741390] [frontier_explorer]: New sweep goal: (-6.06, -6.10)
[frontier_explorer-1] [INFO] [1781254194.576236771] [frontier_explorer]: New sweep goal: (-6.06, -6.10)
[frontier_explorer-1] [INFO] [1781254198.660966894] [frontier_explorer]: New sweep goal: (-6.06, -6.10)
[frontier_explorer-1] [INFO] [1781254202.741784803] [frontier_explorer]: New sweep goal: (-6.06, -6.10)
[frontier_explorer-1] [WARN] [1781254204.723502020] [frontier_explorer]: Watchdog: work exists but no goal active and robot stationary - clearing costmaps
[frontier_explorer-1] [WARN] [1781254204.760577914] [frontier_explorer]: Watchdog: resetting blacklist
[frontier_explorer-1] [INFO] [1781254206.814087141] [frontier_explorer]: New sweep goal: (-6.06, -6.10)
[frontier_explorer-1] [INFO] [1781254210.918949136] [frontier_explorer]: New sweep goal: (-6.06, -6.10)
[frontier_explorer-1] [INFO] [1781254214.994404492] [frontier_explorer]: New sweep goal: (-6.06, -6.10)
[frontier_explorer-1] [INFO] [1781254223.138724139] [frontier_explorer]: New sweep goal: (-6.06, -6.10)
[frontier_explorer-1] [WARN] [1781254225.127494109] [frontier_explorer]: Watchdog: work exists but no goal active and robot stationary - clearing costmaps
[frontier_explorer-1] [INFO] [1781254227.211399659] [frontier_explorer]: New sweep goal: (-6.06, -6.10)
[frontier_explorer-1] [INFO] [1781254231.273096259] [frontier_explorer]: New sweep goal: (-6.06, -6.10)
[frontier_explorer-1] [INFO] [1781254235.348352581] [frontier_explorer]: New sweep goal: (-6.06, -6.10)
[frontier_explorer-1] [INFO] [1781254239.405983807] [frontier_explorer]: New sweep goal: (-6.06, -6.10)
[frontier_explorer-1] [INFO] [1781254243.474470716] [frontier_explorer]: New sweep goal: (-6.06, -6.10)
[frontier_explorer-1] [WARN] [1781254245.464184685] [frontier_explorer]: Watchdog: work exists but no goal active and robot stationary - clearing costmaps
[frontier_explorer-1] [INFO] [1781254247.554704579] [frontier_explorer]: New sweep goal: (-6.06, -6.10)
[frontier_explorer-1] [INFO] [1781254251.634401049] [frontier_explorer]: New sweep goal: (-6.06, -6.10)
[frontier_explorer-1] [INFO] [1781254255.695272396] [frontier_explorer]: New sweep goal: (-6.06, -6.10)
[frontier_explorer-1] [INFO] [1781254259.778826597] [frontier_explorer]: New sweep goal: (-6.06, -6.10)
[frontier_explorer-1] [INFO] [1781254263.845430834] [frontier_explorer]: New sweep goal: (-6.06, -6.10)
[frontier_explorer-1] [WARN] [1781254265.829897357] [frontier_explorer]: Watchdog: work exists but no goal active and robot stationary - clearing costmaps
[frontier_explorer-1] [WARN] [1781254265.865483729] [frontier_explorer]: Watchdog: resetting blacklist
[frontier_explorer-1] [INFO] [1781254267.928419742] [frontier_explorer]: New sweep goal: (-6.06, -6.10)
[frontier_explorer-1] [INFO] [1781254272.023664252] [frontier_explorer]: New sweep goal: (-6.06, -6.10)
[frontier_explorer-1] [INFO] [1781254276.090182758] [frontier_explorer]: New sweep goal: (-6.06, -6.10)
[frontier_explorer-1] [INFO] [1781254280.170514113] [frontier_explorer]: New sweep goal: (-6.06, -6.10)
[frontier_explorer-1] [INFO] [1781254284.243692429] [frontier_explorer]: New sweep goal: (-6.06, -6.10)
[frontier_explorer-1] [WARN] [1781254286.225330416] [frontier_explorer]: Watchdog: work exists but no goal active and robot stationary - clearing costmaps
[frontier_explorer-1] [INFO] [1781254288.310921227] [frontier_explorer]: New sweep goal: (-6.06, -6.10)
[frontier_explorer-1] [INFO] [1781254292.382525465] [frontier_explorer]: New sweep goal: (-6.06, -6.10)
[frontier_explorer-1] [INFO] [1781254296.459029109] [frontier_explorer]: New sweep goal: (-6.06, -6.10)
[frontier_explorer-1] [INFO] [1781254300.533007855] [frontier_explorer]: New sweep goal: (-6.06, -6.10)
[frontier_explorer-1] [INFO] [1781254304.605029168] [frontier_explorer]: New sweep goal: (-6.06, -6.10)
[frontier_explorer-1] [WARN] [1781254306.584077026] [frontier_explorer]: Watchdog: work exists but no goal active and robot stationary - clearing costmaps
[frontier_explorer-1] [INFO] [1781254308.673758833] [frontier_explorer]: New sweep goal: (-6.06, -6.10)
[frontier_explorer-1] [INFO] [1781254312.746424473] [frontier_explorer]: New sweep goal: (-6.06, -6.10)
[frontier_explorer-1] [INFO] [1781254316.819142082] [frontier_explorer]: New sweep goal: (-6.06, -6.10)
[frontier_explorer-1] [INFO] [1781254320.908700057] [frontier_explorer]: New sweep goal: (-6.06, -6.10)
[frontier_explorer-1] [INFO] [1781254324.990383639] [frontier_explorer]: New sweep goal: (-6.06, -6.10)
[frontier_explorer-1] [WARN] [1781254326.967462306] [frontier_explorer]: Watchdog: work exists but no goal active and robot stationary - clearing costmaps
[frontier_explorer-1] [WARN] [1781254327.005918521] [frontier_explorer]: Watchdog: resetting blacklist
[frontier_explorer-1] [INFO] [1781254329.082777822] [frontier_explorer]: New sweep goal: (-6.06, -6.10)
[frontier_explorer-1] [INFO] [1781254333.142644299] [frontier_explorer]: New sweep goal: (-6.06, -6.10)
[frontier_explorer-1] [INFO] [1781254337.227295997] [frontier_explorer]: New sweep goal: (-6.06, -6.10)
[frontier_explorer-1] [INFO] [1781254341.295838136] [frontier_explorer]: New sweep goal: (-6.06, -6.10)
[frontier_explorer-1] [INFO] [1781254345.373296160] [frontier_explorer]: New sweep goal: (-6.06, -6.10)
[frontier_explorer-1] [WARN] [1781254347.353358235] [frontier_explorer]: Watchdog: work exists but no goal active and robot stationary - clearing costmaps
[frontier_explorer-1] [INFO] [1781254349.446832893] [frontier_explorer]: New sweep goal: (-6.06, -6.10)
[frontier_explorer-1] [INFO] [1781254353.522659117] [frontier_explorer]: New sweep goal: (-6.06, -6.10)
[frontier_explorer-1] [INFO] [1781254357.594435062] [frontier_explorer]: New sweep goal: (-6.06, -6.10)
[frontier_explorer-1] [INFO] [1781254361.678189265] [frontier_explorer]: New sweep goal: (-6.06, -6.10)
[frontier_explorer-1] [INFO] [1781254365.769602909] [frontier_explorer]: New sweep goal: (-6.06, -6.10)
[frontier_explorer-1] [WARN] [1781254367.756037674] [frontier_explorer]: Watchdog: work exists but no goal active and robot stationary - clearing costmaps
[frontier_explorer-1] [INFO] [1781254369.850184232] [frontier_explorer]: New sweep goal: (-6.06, -6.10)
[frontier_explorer-1] [INFO] [1781254373.919984456] [frontier_explorer]: New sweep goal: (-6.06, -6.10)
[frontier_explorer-1] [INFO] [1781254378.005883853] [frontier_explorer]: New sweep goal: (-6.06, -6.10)
[frontier_explorer-1] [INFO] [1781254382.075772895] [frontier_explorer]: New sweep goal: (-6.06, -6.10)
[frontier_explorer-1] [INFO] [1781254386.155945480] [frontier_explorer]: New sweep goal: (-6.06, -6.10)
[frontier_explorer-1] [WARN] [1781254388.140875732] [frontier_explorer]: Watchdog: work exists but no goal active and robot stationary - clearing costmaps
[frontier_explorer-1] [WARN] [1781254388.180727074] [frontier_explorer]: Watchdog: resetting blacklist
[frontier_explorer-1] [INFO] [1781254390.226471439] [frontier_explorer]: New sweep goal: (-6.06, -6.10)
[frontier_explorer-1] [INFO] [1781254394.317870351] [frontier_explorer]: New sweep goal: (-6.06, -6.10)
[frontier_explorer-1] [INFO] [1781254398.391075183] [frontier_explorer]: New sweep goal: (-6.06, -6.10)
[frontier_explorer-1] [INFO] [1781254402.463745394] [frontier_explorer]: New sweep goal: (-6.06, -6.10)
[frontier_explorer-1] [INFO] [1781254406.546056687] [frontier_explorer]: New sweep goal: (-6.06, -6.10)
[frontier_explorer-1] [WARN] [1781254408.528597576] [frontier_explorer]: Watchdog: work exists but no goal active and robot stationary - clearing costmaps
[frontier_explorer-1] [INFO] [1781254410.611922873] [frontier_explorer]: New sweep goal: (-6.06, -6.10)
[frontier_explorer-1] [INFO] [1781254414.683892746] [frontier_explorer]: New sweep goal: (-6.06, -6.10)
[frontier_explorer-1] [INFO] [1781254418.774798601] [frontier_explorer]: New sweep goal: (-6.06, -6.10)
[frontier_explorer-1] [INFO] [1781254422.842668362] [frontier_explorer]: New sweep goal: (-6.06, -6.10)
[frontier_explorer-1] [INFO] [1781254426.924070073] [frontier_explorer]: New sweep goal: (-6.06, -6.10)
[frontier_explorer-1] [WARN] [1781254428.897676356] [frontier_explorer]: Watchdog: work exists but no goal active and robot stationary - clearing costmaps
[frontier_explorer-1] [INFO] [1781254430.997455939] [frontier_explorer]: New sweep goal: (-6.06, -6.10)
[frontier_explorer-1] [INFO] [1781254435.067567644] [frontier_explorer]: New sweep goal: (-6.06, -6.10)
[frontier_explorer-1] [INFO] [1781254439.145797587] [frontier_explorer]: New sweep goal: (-6.06, -6.10)
[frontier_explorer-1] [INFO] [1781254443.194390191] [frontier_explorer]: New sweep goal: (-6.06, -6.10)
[frontier_explorer-1] [INFO] [1781254447.279232793] [frontier_explorer]: New sweep goal: (-6.06, -6.10)
[frontier_explorer-1] [WARN] [1781254449.254659665] [frontier_explorer]: Watchdog: work exists but no goal active and robot stationary - clearing costmaps
[frontier_explorer-1] [WARN] [1781254449.293098752] [frontier_explorer]: Watchdog: resetting blacklist
[frontier_explorer-1] [INFO] [1781254451.342802015] [frontier_explorer]: New sweep goal: (-6.06, -6.10)
[frontier_explorer-1] [INFO] [1781254455.426248696] [frontier_explorer]: New sweep goal: (-6.06, -6.10)
[frontier_explorer-1] [INFO] [1781254459.508168264] [frontier_explorer]: New sweep goal: (-6.06, -6.10)
[frontier_explorer-1] [INFO] [1781254463.586928534] [frontier_explorer]: New sweep goal: (-6.06, -6.10)
[frontier_explorer-1] [INFO] [1781254467.653615063] [frontier_explorer]: New sweep goal: (-6.06, -6.10)
[frontier_explorer-1] [WARN] [1781254469.643089110] [frontier_explorer]: Watchdog: work exists but no goal active and robot stationary - clearing costmaps
[frontier_explorer-1] [INFO] [1781254471.734141360] [frontier_explorer]: New sweep goal: (-6.06, -6.10)
[frontier_explorer-1] [INFO] [1781254475.809896329] [frontier_explorer]: New sweep goal: (-6.06, -6.10)
[frontier_explorer-1] [INFO] [1781254479.883084445] [frontier_explorer]: New sweep goal: (-6.06, -6.10)
[frontier_explorer-1] [INFO] [1781254483.962492244] [frontier_explorer]: New sweep goal: (-6.06, -6.10)
[frontier_explorer-1] [INFO] [1781254488.044893926] [frontier_explorer]: New sweep goal: (-6.06, -6.10)
[frontier_explorer-1] [WARN] [1781254490.022992413] [frontier_explorer]: Watchdog: work exists but no goal active and robot stationary - clearing costmaps
[frontier_explorer-1] [INFO] [1781254492.103862267] [frontier_explorer]: New sweep goal: (-6.06, -6.10)
[frontier_explorer-1] [INFO] [1781254496.188322581] [frontier_explorer]: New sweep goal: (-6.06, -6.10)
[frontier_explorer-1] [INFO] [1781254500.261181114] [frontier_explorer]: New sweep goal: (-6.06, -6.10)
[frontier_explorer-1] [INFO] [1781254504.335458884] [frontier_explorer]: New sweep goal: (-6.06, -6.10)
[frontier_explorer-1] [INFO] [1781254508.404628565] [frontier_explorer]: New sweep goal: (-6.06, -6.10)
[frontier_explorer-1] [WARN] [1781254510.390536456] [frontier_explorer]: Watchdog: work exists but no goal active and robot stationary - clearing costmaps
[frontier_explorer-1] [WARN] [1781254510.429159048] [frontier_explorer]: Watchdog: resetting blacklist
[frontier_explorer-1] [INFO] [1781254512.483834264] [frontier_explorer]: New sweep goal: (-6.06, -6.10)
[frontier_explorer-1] [INFO] [1781254516.567266851] [frontier_explorer]: New sweep goal: (-6.06, -6.10)
[frontier_explorer-1] [INFO] [1781254520.648100117] [frontier_explorer]: New sweep goal: (-6.06, -6.10)
[frontier_explorer-1] [INFO] [1781254524.724060547] [frontier_explorer]: New sweep goal: (-6.06, -6.10)
[frontier_explorer-1] [INFO] [1781254528.786896482] [frontier_explorer]: New sweep goal: (-6.06, -6.10)
[frontier_explorer-1] [WARN] [1781254530.766371601] [frontier_explorer]: Watchdog: work exists but no goal active and robot stationary - clearing costmaps
[frontier_explorer-1] [INFO] [1781254532.849987035] [frontier_explorer]: New sweep goal: (-6.06, -6.10)
[frontier_explorer-1] [INFO] [1781254536.919867776] [frontier_explorer]: New sweep goal: (-6.06, -6.10)
[frontier_explorer-1] [INFO] [1781254540.991780372] [frontier_explorer]: New sweep goal: (-6.06, -6.10)
[frontier_explorer-1] [INFO] [1781254545.087957510] [frontier_explorer]: New sweep goal: (-6.06, -6.10)
[frontier_explorer-1] [INFO] [1781254549.172322054] [frontier_explorer]: New sweep goal: (-6.06, -6.10)
[frontier_explorer-1] [INFO] [1781254553.220651762] [frontier_explorer]: New sweep goal: (-6.06, -6.10)
[frontier_explorer-1] [INFO] [1781254557.294453386] [frontier_explorer]: New sweep goal: (-6.06, -6.10)
[frontier_explorer-1] [INFO] [1781254561.378348016] [frontier_explorer]: New sweep goal: (-6.06, -6.10)
[frontier_explorer-1] [INFO] [1781254565.450010146] [frontier_explorer]: New sweep goal: (-6.06, -6.10)
[frontier_explorer-1] [INFO] [1781254569.527424205] [frontier_explorer]: New sweep goal: (-6.06, -6.10)
[frontier_explorer-1] [WARN] [1781254571.512307707] [frontier_explorer]: Watchdog: work exists but no goal active and robot stationary - clearing costmaps
[frontier_explorer-1] [INFO] [1781254573.601599355] [frontier_explorer]: New sweep goal: (-6.06, -6.10)
[frontier_explorer-1] [INFO] [1781254577.684734930] [frontier_explorer]: New sweep goal: (-6.06, -6.10)
[frontier_explorer-1] [INFO] [1781254581.769998423] [frontier_explorer]: New sweep goal: (-6.06, -6.10)
[frontier_explorer-1] [INFO] [1781254585.839452284] [frontier_explorer]: New sweep goal: (-6.06, -6.10)
[frontier_explorer-1] [INFO] [1781254589.919857362] [frontier_explorer]: New sweep goal: (-6.06, -6.10)
[frontier_explorer-1] [WARN] [1781254591.915550293] [frontier_explorer]: Watchdog: work exists but no goal active and robot stationary - clearing costmaps
[frontier_explorer-1] [WARN] [1781254591.958978091] [frontier_explorer]: Watchdog: resetting blacklist
[frontier_explorer-1] [INFO] [1781254594.007585854] [frontier_explorer]: New sweep goal: (-6.06, -6.10)
[frontier_explorer-1] [INFO] [1781254598.087312358] [frontier_explorer]: New sweep goal: (-6.06, -6.10)
[frontier_explorer-1] [INFO] [1781254602.160472867] [frontier_explorer]: New sweep goal: (-6.06, -6.10)
[frontier_explorer-1] [INFO] [1781254606.248154763] [frontier_explorer]: New sweep goal: (-6.06, -6.10)
[frontier_explorer-1] [INFO] [1781254610.332103935] [frontier_explorer]: New sweep goal: (-6.06, -6.10)
[frontier_explorer-1] [WARN] [1781254612.309558326] [frontier_explorer]: Watchdog: work exists but no goal active and robot stationary - clearing costmaps
[frontier_explorer-1] [INFO] [1781254614.396794095] [frontier_explorer]: New sweep goal: (-6.06, -6.10)
[frontier_explorer-1] [INFO] [1781254618.467778216] [frontier_explorer]: New sweep goal: (-6.06, -6.10)
[frontier_explorer-1] [INFO] [1781254622.562123196] [frontier_explorer]: New sweep goal: (-6.06, -6.10)
[frontier_explorer-1] [INFO] [1781254626.628789538] [frontier_explorer]: New sweep goal: (-6.06, -6.10)
[frontier_explorer-1] [INFO] [1781254630.698627688] [frontier_explorer]: New sweep goal: (-6.06, -6.10)
[frontier_explorer-1] [WARN] [1781254632.687421216] [frontier_explorer]: Watchdog: work exists but no goal active and robot stationary - clearing costmaps
[frontier_explorer-1] [INFO] [1781254634.792272861] [frontier_explorer]: New sweep goal: (-6.06, -6.10)
[frontier_explorer-1] [INFO] [1781254638.878306321] [frontier_explorer]: New sweep goal: (-6.06, -6.10)
[frontier_explorer-1] [INFO] [1781254642.981377815] [frontier_explorer]: New sweep goal: (-6.06, -6.10)
[frontier_explorer-1] [INFO] [1781254647.045880838] [frontier_explorer]: New sweep goal: (-6.06, -6.10)
[frontier_explorer-1] [INFO] [1781254651.109373623] [frontier_explorer]: New sweep goal: (-6.06, -6.10)
[frontier_explorer-1] [WARN] [1781254653.093763829] [frontier_explorer]: Watchdog: work exists but no goal active and robot stationary - clearing costmaps
[frontier_explorer-1] [WARN] [1781254653.131784322] [frontier_explorer]: Watchdog: resetting blacklist
[frontier_explorer-1] [INFO] [1781254655.177727824] [frontier_explorer]: New sweep goal: (-6.06, -6.10)
[frontier_explorer-1] [INFO] [1781254659.287098066] [frontier_explorer]: New sweep goal: (-6.06, -6.10)
[frontier_explorer-1] [INFO] [1781254663.326870001] [frontier_explorer]: New sweep goal: (-6.06, -6.10)
[frontier_explorer-1] [INFO] [1781254667.426348259] [frontier_explorer]: New sweep goal: (-6.06, -6.10)
[frontier_explorer-1] [WARN] [1781254673.499995626] [frontier_explorer]: Watchdog: work exists but no goal active and robot stationary - clearing costmaps
[frontier_explorer-1] [INFO] [1781254675.589450509] [frontier_explorer]: New sweep goal: (-6.06, -6.10)
[frontier_explorer-1] [INFO] [1781254679.670671729] [frontier_explorer]: New sweep goal: (-6.06, -6.10)
[frontier_explorer-1] [INFO] [1781254683.753149785] [frontier_explorer]: New sweep goal: (-6.06, -6.10)
[frontier_explorer-1] [INFO] [1781254687.853883742] [frontier_explorer]: New sweep goal: (-6.06, -6.10)
[frontier_explorer-1] [INFO] [1781254691.915619871] [frontier_explorer]: New sweep goal: (-6.06, -6.10)
[frontier_explorer-1] [WARN] [1781254693.904540454] [frontier_explorer]: Watchdog: work exists but no goal active and robot stationary - clearing costmaps
[frontier_explorer-1] [INFO] [1781254695.991096189] [frontier_explorer]: New sweep goal: (-6.06, -6.10)
[frontier_explorer-1] [INFO] [1781254700.086311436] [frontier_explorer]: New sweep goal: (-6.06, -6.10)
[frontier_explorer-1] [INFO] [1781254704.156861053] [frontier_explorer]: New sweep goal: (-6.06, -6.10)
[frontier_explorer-1] [INFO] [1781254708.234733882] [frontier_explorer]: New sweep goal: (-6.06, -6.10)
[frontier_explorer-1] [INFO] [1781254712.304520229] [frontier_explorer]: New sweep goal: (-6.06, -6.10)
[frontier_explorer-1] [WARN] [1781254714.297705140] [frontier_explorer]: Watchdog: work exists but no goal active and robot stationary - clearing costmaps
[frontier_explorer-1] [WARN] [1781254714.336443690] [frontier_explorer]: Watchdog: resetting blacklist
[frontier_explorer-1] [INFO] [1781254716.384259924] [frontier_explorer]: New sweep goal: (-6.06, -6.10)
[frontier_explorer-1] [INFO] [1781254720.473401154] [frontier_explorer]: New sweep goal: (-6.06, -6.10)
[frontier_explorer-1] [INFO] [1781254724.554539631] [frontier_explorer]: New sweep goal: (-6.06, -6.10)
[frontier_explorer-1] [INFO] [1781254728.618486281] [frontier_explorer]: New sweep goal: (-6.06, -6.10)
[frontier_explorer-1] [INFO] [1781254732.699895133] [frontier_explorer]: New sweep goal: (-6.06, -6.10)
[frontier_explorer-1] [WARN] [1781254734.692012855] [frontier_explorer]: Watchdog: work exists but no goal active and robot stationary - clearing costmaps
[frontier_explorer-1] [INFO] [1781254736.786469990] [frontier_explorer]: New sweep goal: (-6.06, -6.10)
[frontier_explorer-1] [INFO] [1781254740.860249092] [frontier_explorer]: New sweep goal: (-6.06, -6.10)
[frontier_explorer-1] [INFO] [1781254744.924991581] [frontier_explorer]: New sweep goal: (-6.06, -6.10)
[frontier_explorer-1] [INFO] [1781254749.001266650] [frontier_explorer]: New sweep goal: (-6.06, -6.10)
[frontier_explorer-1] [INFO] [1781254753.074689131] [frontier_explorer]: New sweep goal: (-6.06, -6.10)
[frontier_explorer-1] [WARN] [1781254755.070378217] [frontier_explorer]: Watchdog: work exists but no goal active and robot stationary - clearing costmaps
[frontier_explorer-1] [INFO] [1781254757.176841560] [frontier_explorer]: New sweep goal: (-6.06, -6.10)
[frontier_explorer-1] [INFO] [1781254761.261459275] [frontier_explorer]: New sweep goal: (-6.06, -6.10)
[frontier_explorer-1] [INFO] [1781254765.336230643] [frontier_explorer]: New sweep goal: (-6.06, -6.10)
[frontier_explorer-1] [INFO] [1781254769.427174372] [frontier_explorer]: New sweep goal: (-6.06, -6.10)
[frontier_explorer-1] [INFO] [1781254773.492480748] [frontier_explorer]: New sweep goal: (-6.06, -6.10)
[frontier_explorer-1] [WARN] [1781254775.473471858] [frontier_explorer]: Watchdog: work exists but no goal active and robot stationary - clearing costmaps
[frontier_explorer-1] [WARN] [1781254775.509155194] [frontier_explorer]: Watchdog: resetting blacklist
[frontier_explorer-1] [INFO] [1781254777.563480054] [frontier_explorer]: New sweep goal: (-6.06, -6.10)
[frontier_explorer-1] [INFO] [1781254781.646938204] [frontier_explorer]: New sweep goal: (-6.06, -6.10)
[frontier_explorer-1] [INFO] [1781254785.721521371] [frontier_explorer]: New sweep goal: (-6.06, -6.10)
[frontier_explorer-1] [INFO] [1781254789.807984628] [frontier_explorer]: New sweep goal: (-6.06, -6.10)
[frontier_explorer-1] [INFO] [1781254793.875108155] [frontier_explorer]: New sweep goal: (-6.06, -6.10)
[frontier_explorer-1] [WARN] [1781254795.870573546] [frontier_explorer]: Watchdog: work exists but no goal active and robot stationary - clearing costmaps
[frontier_explorer-1] [INFO] [1781254797.960797899] [frontier_explorer]: New sweep goal: (-6.06, -6.10)
[frontier_explorer-1] [INFO] [1781254802.039882956] [frontier_explorer]: New sweep goal: (-6.06, -6.10)
[frontier_explorer-1] [INFO] [1781254806.107536158] [frontier_explorer]: New sweep goal: (-6.06, -6.10)
[frontier_explorer-1] [INFO] [1781254810.183108506] [frontier_explorer]: New sweep goal: (-6.06, -6.10)
[frontier_explorer-1] [INFO] [1781254814.256053385] [frontier_explorer]: New sweep goal: (-6.06, -6.10)
[frontier_explorer-1] [WARN] [1781254816.239743924] [frontier_explorer]: Watchdog: work exists but no goal active and robot stationary - clearing costmaps
[frontier_explorer-1] [INFO] [1781254818.330186436] [frontier_explorer]: New sweep goal: (-6.06, -6.10)
[frontier_explorer-1] [INFO] [1781254822.412968487] [frontier_explorer]: New sweep goal: (-6.06, -6.10)
[frontier_explorer-1] [INFO] [1781254826.481737924] [frontier_explorer]: New sweep goal: (-6.06, -6.10)
[frontier_explorer-1] [INFO] [1781254830.563929223] [frontier_explorer]: New sweep goal: (-6.06, -6.10)
[frontier_explorer-1] [INFO] [1781254834.631827125] [frontier_explorer]: New sweep goal: (-6.06, -6.10)
[frontier_explorer-1] [WARN] [1781254836.620986760] [frontier_explorer]: Watchdog: work exists but no goal active and robot stationary - clearing costmaps
[frontier_explorer-1] [WARN] [1781254836.661883030] [frontier_explorer]: Watchdog: resetting blacklist
[frontier_explorer-1] [INFO] [1781254838.721826246] [frontier_explorer]: New sweep goal: (-6.06, -6.10)
[frontier_explorer-1] [INFO] [1781254842.780546806] [frontier_explorer]: New sweep goal: (-6.06, -6.10)
[frontier_explorer-1] [INFO] [1781254846.858492623] [frontier_explorer]: New sweep goal: (-6.06, -6.10)
[frontier_explorer-1] [INFO] [1781254850.930060465] [frontier_explorer]: New sweep goal: (-6.06, -6.10)
[frontier_explorer-1] [INFO] [1781254855.005483534] [frontier_explorer]: New sweep goal: (-6.06, -6.10)
[frontier_explorer-1] [WARN] [1781254856.980034610] [frontier_explorer]: Watchdog: work exists but no goal active and robot stationary - clearing costmaps
[frontier_explorer-1] [INFO] [1781254859.069566909] [frontier_explorer]: New sweep goal: (-6.06, -6.10)
[frontier_explorer-1] [INFO] [1781254863.141691787] [frontier_explorer]: New sweep goal: (-6.06, -6.10)
[frontier_explorer-1] [INFO] [1781254867.211739817] [frontier_explorer]: New sweep goal: (-6.06, -6.10)
[frontier_explorer-1] [INFO] [1781254871.279257835] [frontier_explorer]: New sweep goal: (-6.06, -6.10)
[frontier_explorer-1] [INFO] [1781254875.357360704] [frontier_explorer]: New sweep goal: (-6.06, -6.10)
[frontier_explorer-1] [WARN] [1781254877.347021624] [frontier_explorer]: Watchdog: work exists but no goal active and robot stationary - clearing costmaps
[frontier_explorer-1] [INFO] [1781254879.456995924] [frontier_explorer]: New sweep goal: (-6.06, -6.10)
[frontier_explorer-1] [INFO] [1781254883.511936964] [frontier_explorer]: New sweep goal: (-6.06, -6.10)
[frontier_explorer-1] [INFO] [1781254887.582067744] [frontier_explorer]: New sweep goal: (-6.06, -6.10)
[frontier_explorer-1] [INFO] [1781254891.659297069] [frontier_explorer]: New sweep goal: (-6.06, -6.10)
[frontier_explorer-1] [INFO] [1781254895.726975239] [frontier_explorer]: New sweep goal: (-6.06, -6.10)
[frontier_explorer-1] [WARN] [1781254897.715620210] [frontier_explorer]: Watchdog: work exists but no goal active and robot stationary - clearing costmaps
[frontier_explorer-1] [WARN] [1781254897.753847878] [frontier_explorer]: Watchdog: resetting blacklist
[frontier_explorer-1] [INFO] [1781254899.809039675] [frontier_explorer]: New sweep goal: (-6.06, -6.10)
[frontier_explorer-1] [INFO] [1781254903.884827424] [frontier_explorer]: New sweep goal: (-6.06, -6.10)
[frontier_explorer-1] [INFO] [1781254907.970184749] [frontier_explorer]: New sweep goal: (-6.06, -6.10)
[frontier_explorer-1] [INFO] [1781254912.054483466] [frontier_explorer]: New sweep goal: (-6.06, -6.10)
[frontier_explorer-1] [INFO] [1781254916.131138978] [frontier_explorer]: New sweep goal: (-6.06, -6.10)
[frontier_explorer-1] [WARN] [1781254918.115533830] [frontier_explorer]: Watchdog: work exists but no goal active and robot stationary - clearing costmaps
[frontier_explorer-1] [INFO] [1781254920.211676173] [frontier_explorer]: New sweep goal: (-6.06, -6.10)
[frontier_explorer-1] [INFO] [1781254924.277820551] [frontier_explorer]: New sweep goal: (-6.06, -6.10)
[frontier_explorer-1] [INFO] [1781254928.365737730] [frontier_explorer]: New sweep goal: (-6.06, -6.10)
[frontier_explorer-1] [INFO] [1781254932.440158272] [frontier_explorer]: New sweep goal: (-6.06, -6.10)
[frontier_explorer-1] [INFO] [1781254936.515337169] [frontier_explorer]: New sweep goal: (-6.06, -6.10)
[frontier_explorer-1] [WARN] [1781254938.491070903] [frontier_explorer]: Watchdog: work exists but no goal active and robot stationary - clearing costmaps
[frontier_explorer-1] [INFO] [1781254940.588526629] [frontier_explorer]: New sweep goal: (-6.06, -6.10)
[frontier_explorer-1] [INFO] [1781254944.665366475] [frontier_explorer]: New sweep goal: (-6.06, -6.10)
[frontier_explorer-1] [INFO] [1781254948.735225508] [frontier_explorer]: New sweep goal: (-6.06, -6.10)
[frontier_explorer-1] [INFO] [1781254952.815030023] [frontier_explorer]: New sweep goal: (-6.06, -6.10)
[frontier_explorer-1] [INFO] [1781254956.890155294] [frontier_explorer]: New sweep goal: (-6.06, -6.10)
[frontier_explorer-1] [WARN] [1781254958.870079959] [frontier_explorer]: Watchdog: work exists but no goal active and robot stationary - clearing costmaps
[frontier_explorer-1] [WARN] [1781254958.910283936] [frontier_explorer]: Watchdog: resetting blacklist
[frontier_explorer-1] [INFO] [1781254960.957803194] [frontier_explorer]: New sweep goal: (-6.06, -6.10)
[frontier_explorer-1] [INFO] [1781254965.034764004] [frontier_explorer]: New sweep goal: (-6.06, -6.10)
[frontier_explorer-1] [INFO] [1781254969.117512001] [frontier_explorer]: New sweep goal: (-6.06, -6.10)
[frontier_explorer-1] [INFO] [1781254973.197030698] [frontier_explorer]: New sweep goal: (-6.06, -6.10)
[frontier_explorer-1] [INFO] [1781254977.269099122] [frontier_explorer]: New sweep goal: (-6.06, -6.10)
[frontier_explorer-1] [WARN] [1781254979.254109810] [frontier_explorer]: Watchdog: work exists but no goal active and robot stationary - clearing costmaps
[frontier_explorer-1] [INFO] [1781254981.351718679] [frontier_explorer]: New sweep goal: (-6.06, -6.10)
[frontier_explorer-1] [INFO] [1781254985.415063706] [frontier_explorer]: New sweep goal: (-6.06, -6.10)
[frontier_explorer-1] [INFO] [1781254989.529431827] [frontier_explorer]: New sweep goal: (-6.06, -6.10)
[frontier_explorer-1] [INFO] [1781254993.560433728] [frontier_explorer]: New sweep goal: (-6.06, -6.10)
[frontier_explorer-1] [INFO] [1781254997.633826931] [frontier_explorer]: New sweep goal: (-6.06, -6.10)
[frontier_explorer-1] [WARN] [1781254999.616145807] [frontier_explorer]: Watchdog: work exists but no goal active and robot stationary - clearing costmaps
[frontier_explorer-1] [INFO] [1781255001.702415641] [frontier_explorer]: New sweep goal: (-6.06, -6.10)
[frontier_explorer-1] [INFO] [1781255005.793714742] [frontier_explorer]: New sweep goal: (-6.06, -6.10)
[frontier_explorer-1] [INFO] [1781255009.867903830] [frontier_explorer]: New sweep goal: (-6.06, -6.10)
[frontier_explorer-1] [INFO] [1781255013.943284109] [frontier_explorer]: New sweep goal: (-6.06, -6.10)
[frontier_explorer-1] [INFO] [1781255018.011376093] [frontier_explorer]: New sweep goal: (-6.06, -6.10)
[frontier_explorer-1] [WARN] [1781255020.003337190] [frontier_explorer]: Watchdog: work exists but no goal active and robot stationary - clearing costmaps
[frontier_explorer-1] [WARN] [1781255020.050957358] [frontier_explorer]: Watchdog: resetting blacklist
[frontier_explorer-1] [INFO] [1781255022.076504659] [frontier_explorer]: New sweep goal: (-6.06, -6.10)
[frontier_explorer-1] [INFO] [1781255026.157533114] [frontier_explorer]: New sweep goal: (-6.06, -6.10)
[frontier_explorer-1] [INFO] [1781255030.234018239] [frontier_explorer]: New sweep goal: (-6.06, -6.10)
[frontier_explorer-1] [INFO] [1781255034.322065421] [frontier_explorer]: New sweep goal: (-6.06, -6.10)
[frontier_explorer-1] [INFO] [1781255038.390099836] [frontier_explorer]: New sweep goal: (-6.06, -6.10)
[frontier_explorer-1] [WARN] [1781255040.374221296] [frontier_explorer]: Watchdog: work exists but no goal active and robot stationary - clearing costmaps
[frontier_explorer-1] [INFO] [1781255042.460197586] [frontier_explorer]: New sweep goal: (-6.06, -6.10)
[frontier_explorer-1] [INFO] [1781255046.540981415] [frontier_explorer]: New sweep goal: (-6.06, -6.10)
[frontier_explorer-1] [INFO] [1781255050.632753146] [frontier_explorer]: New sweep goal: (-6.06, -6.10)
[frontier_explorer-1] [INFO] [1781255054.707163406] [frontier_explorer]: New sweep goal: (-6.06, -6.10)
[frontier_explorer-1] [INFO] [1781255058.786910446] [frontier_explorer]: New sweep goal: (-6.06, -6.10)
[frontier_explorer-1] [WARN] [1781255060.771253784] [frontier_explorer]: Watchdog: work exists but no goal active and robot stationary - clearing costmaps
[frontier_explorer-1] [INFO] [1781255062.878664082] [frontier_explorer]: New sweep goal: (-6.06, -6.10)
[frontier_explorer-1] [INFO] [1781255066.975240407] [frontier_explorer]: New sweep goal: (-6.06, -6.10)
[frontier_explorer-1] [INFO] [1781255071.042897638] [frontier_explorer]: New sweep goal: (-6.06, -6.10)
[frontier_explorer-1] [INFO] [1781255075.124127277] [frontier_explorer]: New sweep goal: (-6.06, -6.10)
[frontier_explorer-1] [INFO] [1781255079.207475690] [frontier_explorer]: New sweep goal: (-6.06, -6.10)
[frontier_explorer-1] [WARN] [1781255081.185797665] [frontier_explorer]: Watchdog: work exists but no goal active and robot stationary - clearing costmaps
[frontier_explorer-1] [WARN] [1781255081.223506944] [frontier_explorer]: Watchdog: resetting blacklist
[frontier_explorer-1] [INFO] [1781255083.278990767] [frontier_explorer]: New sweep goal: (-6.06, -6.10)
[frontier_explorer-1] [INFO] [1781255087.344887074] [frontier_explorer]: New sweep goal: (-6.06, -6.10)
[frontier_explorer-1] [INFO] [1781255091.435008329] [frontier_explorer]: New sweep goal: (-6.06, -6.10)
[frontier_explorer-1] [INFO] [1781255095.518023266] [frontier_explorer]: New sweep goal: (-6.06, -6.10)
[frontier_explorer-1] [INFO] [1781255099.627268420] [frontier_explorer]: New sweep goal: (-6.06, -6.10)
[frontier_explorer-1] [WARN] [1781255101.586531542] [frontier_explorer]: Watchdog: work exists but no goal active and robot stationary - clearing costmaps
[frontier_explorer-1] [INFO] [1781255103.670097344] [frontier_explorer]: New sweep goal: (-6.06, -6.10)
[frontier_explorer-1] [INFO] [1781255107.751766057] [frontier_explorer]: New sweep goal: (-6.06, -6.10)
[frontier_explorer-1] [INFO] [1781255111.818086684] [frontier_explorer]: New sweep goal: (-6.06, -6.10)
[frontier_explorer-1] [INFO] [1781255115.895390257] [frontier_explorer]: New sweep goal: (-6.06, -6.10)
[frontier_explorer-1] [INFO] [1781255119.971748250] [frontier_explorer]: New sweep goal: (-6.06, -6.10)
[frontier_explorer-1] [WARN] [1781255121.959472980] [frontier_explorer]: Watchdog: work exists but no goal active and robot stationary - clearing costmaps
[frontier_explorer-1] [INFO] [1781255124.052435305] [frontier_explorer]: New sweep goal: (-6.06, -6.10)
[frontier_explorer-1] [INFO] [1781255128.126691581] [frontier_explorer]: New sweep goal: (-6.06, -6.10)
[frontier_explorer-1] [INFO] [1781255132.190796399] [frontier_explorer]: New sweep goal: (-6.06, -6.10)
[frontier_explorer-1] [INFO] [1781255136.281366278] [frontier_explorer]: New sweep goal: (-6.06, -6.10)
[frontier_explorer-1] [INFO] [1781255140.343209033] [frontier_explorer]: New sweep goal: (-6.06, -6.10)
[frontier_explorer-1] [WARN] [1781255142.326815859] [frontier_explorer]: Watchdog: work exists but no goal active and robot stationary - clearing costmaps
[frontier_explorer-1] [WARN] [1781255142.362223636] [frontier_explorer]: Watchdog: resetting blacklist
[frontier_explorer-1] [INFO] [1781255144.412226627] [frontier_explorer]: New sweep goal: (-6.06, -6.10)
[frontier_explorer-1] [INFO] [1781255148.506326802] [frontier_explorer]: New sweep goal: (-6.06, -6.10)
[frontier_explorer-1] [INFO] [1781255152.582152134] [frontier_explorer]: New sweep goal: (-6.06, -6.10)
[frontier_explorer-1] [INFO] [1781255156.671468101] [frontier_explorer]: New sweep goal: (-6.06, -6.10)
[frontier_explorer-1] [INFO] [1781255160.750088680] [frontier_explorer]: New sweep goal: (-6.06, -6.10)
[frontier_explorer-1] [WARN] [1781255162.727838034] [frontier_explorer]: Watchdog: work exists but no goal active and robot stationary - clearing costmaps
[frontier_explorer-1] [INFO] [1781255164.821503663] [frontier_explorer]: New sweep goal: (-6.06, -6.10)
[frontier_explorer-1] [INFO] [1781255168.894598183] [frontier_explorer]: New sweep goal: (-6.06, -6.10)
[frontier_explorer-1] [INFO] [1781255172.975169705] [frontier_explorer]: New sweep goal: (-6.06, -6.10)
[frontier_explorer-1] [INFO] [1781255177.043202530] [frontier_explorer]: New sweep goal: (-6.06, -6.10)
[frontier_explorer-1] [INFO] [1781255181.120071906] [frontier_explorer]: New sweep goal: (-6.06, -6.10)
[frontier_explorer-1] [WARN] [1781255183.099247227] [frontier_explorer]: Watchdog: work exists but no goal active and robot stationary - clearing costmaps
[frontier_explorer-1] [INFO] [1781255185.185908094] [frontier_explorer]: New sweep goal: (-6.06, -6.10)
[frontier_explorer-1] [INFO] [1781255189.263402322] [frontier_explorer]: New sweep goal: (-6.06, -6.10)
[frontier_explorer-1] [INFO] [1781255193.338844139] [frontier_explorer]: New sweep goal: (-6.06, -6.10)
[frontier_explorer-1] [INFO] [1781255197.411573056] [frontier_explorer]: New sweep goal: (-6.06, -6.10)
[frontier_explorer-1] [INFO] [1781255201.486268315] [frontier_explorer]: New sweep goal: (-6.06, -6.10)
[frontier_explorer-1] [WARN] [1781255203.471160918] [frontier_explorer]: Watchdog: work exists but no goal active and robot stationary - clearing costmaps
[frontier_explorer-1] [WARN] [1781255203.510959105] [frontier_explorer]: Watchdog: resetting blacklist
[frontier_explorer-1] [INFO] [1781255205.556765141] [frontier_explorer]: New sweep goal: (-6.06, -6.10)
[frontier_explorer-1] [INFO] [1781255209.642177653] [frontier_explorer]: New sweep goal: (-6.06, -6.10)
[frontier_explorer-1] [INFO] [1781255213.709140231] [frontier_explorer]: New sweep goal: (-6.06, -6.10)
[frontier_explorer-1] [INFO] [1781255217.792310147] [frontier_explorer]: New sweep goal: (-6.06, -6.10)
[frontier_explorer-1] [WARN] [1781255223.852913226] [frontier_explorer]: Watchdog: work exists but no goal active and robot stationary - clearing costmaps
[frontier_explorer-1] [INFO] [1781255225.937898388] [frontier_explorer]: New sweep goal: (-6.06, -6.10)
[frontier_explorer-1] [INFO] [1781255230.032133048] [frontier_explorer]: New sweep goal: (-6.06, -6.10)
[frontier_explorer-1] [INFO] [1781255234.098033898] [frontier_explorer]: New sweep goal: (-6.06, -6.10)
[frontier_explorer-1] [INFO] [1781255238.174635242] [frontier_explorer]: New sweep goal: (-6.06, -6.10)
[frontier_explorer-1] [INFO] [1781255242.265011313] [frontier_explorer]: New sweep goal: (-6.06, -6.10)
[frontier_explorer-1] [WARN] [1781255244.254866917] [frontier_explorer]: Watchdog: work exists but no goal active and robot stationary - clearing costmaps
[frontier_explorer-1] [INFO] [1781255246.338610462] [frontier_explorer]: New sweep goal: (-6.06, -6.10)
[frontier_explorer-1] [INFO] [1781255250.424576262] [frontier_explorer]: New sweep goal: (-6.06, -6.10)
[frontier_explorer-1] [INFO] [1781255254.503265593] [frontier_explorer]: New sweep goal: (-6.06, -6.10)
[frontier_explorer-1] [INFO] [1781255258.570287160] [frontier_explorer]: New sweep goal: (-6.06, -6.10)
[frontier_explorer-1] [INFO] [1781255262.645408834] [frontier_explorer]: New sweep goal: (-6.06, -6.10)
[frontier_explorer-1] [WARN] [1781255264.628877288] [frontier_explorer]: Watchdog: work exists but no goal active and robot stationary - clearing costmaps
[frontier_explorer-1] [WARN] [1781255264.666615452] [frontier_explorer]: Watchdog: resetting blacklist
[frontier_explorer-1] [INFO] [1781255266.738254678] [frontier_explorer]: New sweep goal: (-6.06, -6.10)
[frontier_explorer-1] [INFO] [1781255270.800933928] [frontier_explorer]: New sweep goal: (-6.06, -6.10)
[frontier_explorer-1] [INFO] [1781255274.877168836] [frontier_explorer]: New sweep goal: (-6.06, -6.10)
[frontier_explorer-1] [INFO] [1781255278.968898701] [frontier_explorer]: New sweep goal: (-6.06, -6.10)
[frontier_explorer-1] [INFO] [1781255283.072461936] [frontier_explorer]: New sweep goal: (-6.06, -6.10)
[frontier_explorer-1] [WARN] [1781255285.039380092] [frontier_explorer]: Watchdog: work exists but no goal active and robot stationary - clearing costmaps
[frontier_explorer-1] [INFO] [1781255287.128074447] [frontier_explorer]: New sweep goal: (-6.06, -6.10)
[frontier_explorer-1] [INFO] [1781255291.215910406] [frontier_explorer]: New sweep goal: (-6.06, -6.10)
[frontier_explorer-1] [INFO] [1781255295.307447613] [frontier_explorer]: New sweep goal: (-6.06, -6.10)
[frontier_explorer-1] [INFO] [1781255299.384021582] [frontier_explorer]: New sweep goal: (-6.06, -6.10)
[frontier_explorer-1] [INFO] [1781255303.464852287] [frontier_explorer]: New sweep goal: (-6.06, -6.10)
[frontier_explorer-1] [WARN] [1781255305.440990062] [frontier_explorer]: Watchdog: work exists but no goal active and robot stationary - clearing costmaps
[frontier_explorer-1] [INFO] [1781255307.528067260] [frontier_explorer]: New sweep goal: (-6.06, -6.10)
[frontier_explorer-1] [INFO] [1781255311.593896881] [frontier_explorer]: New sweep goal: (-6.06, -6.10)
[frontier_explorer-1] [INFO] [1781255315.655717465] [frontier_explorer]: New sweep goal: (-6.06, -6.10)
[frontier_explorer-1] [INFO] [1781255319.765838547] [frontier_explorer]: New sweep goal: (-6.06, -6.10)
[frontier_explorer-1] [INFO] [1781255323.809750276] [frontier_explorer]: New sweep goal: (-6.06, -6.10)
[frontier_explorer-1] [WARN] [1781255325.795690976] [frontier_explorer]: Watchdog: work exists but no goal active and robot stationary - clearing costmaps
[frontier_explorer-1] [WARN] [1781255325.834874976] [frontier_explorer]: Watchdog: resetting blacklist
[frontier_explorer-1] [INFO] [1781255327.883128483] [frontier_explorer]: New sweep goal: (-6.06, -6.10)
[frontier_explorer-1] [INFO] [1781255331.977412529] [frontier_explorer]: New sweep goal: (-6.06, -6.10)
[frontier_explorer-1] [INFO] [1781255336.055748680] [frontier_explorer]: New sweep goal: (-6.06, -6.10)
[frontier_explorer-1] [INFO] [1781255340.149030895] [frontier_explorer]: New sweep goal: (-6.06, -6.10)
[frontier_explorer-1] [INFO] [1781255344.222275351] [frontier_explorer]: New sweep goal: (-6.06, -6.10)
[frontier_explorer-1] [INFO] [1781255348.296096740] [frontier_explorer]: New sweep goal: (-6.06, -6.10)
[frontier_explorer-1] [INFO] [1781255352.364225201] [frontier_explorer]: New sweep goal: (-6.06, -6.10)
[frontier_explorer-1] [INFO] [1781255356.445211732] [frontier_explorer]: New sweep goal: (-6.06, -6.10)
[frontier_explorer-1] [INFO] [1781255360.529055382] [frontier_explorer]: New sweep goal: (-6.06, -6.10)
[frontier_explorer-1] [INFO] [1781255364.596108367] [frontier_explorer]: New sweep goal: (-6.06, -6.10)
[frontier_explorer-1] [WARN] [1781255366.581232380] [frontier_explorer]: Watchdog: work exists but no goal active and robot stationary - clearing costmaps
[frontier_explorer-1] [INFO] [1781255368.667088672] [frontier_explorer]: New sweep goal: (-6.06, -6.10)
[frontier_explorer-1] [INFO] [1781255372.747641946] [frontier_explorer]: New sweep goal: (-6.06, -6.10)
[frontier_explorer-1] [INFO] [1781255376.819129189] [frontier_explorer]: New sweep goal: (-6.06, -6.10)
[frontier_explorer-1] [INFO] [1781255380.904570363] [frontier_explorer]: New sweep goal: (-6.06, -6.10)
[frontier_explorer-1] [INFO] [1781255384.975251936] [frontier_explorer]: New sweep goal: (-6.06, -6.10)
[frontier_explorer-1] [WARN] [1781255386.955414907] [frontier_explorer]: Watchdog: work exists but no goal active and robot stationary - clearing costmaps
[frontier_explorer-1] [INFO] [1781255389.054135555] [frontier_explorer]: New sweep goal: (-6.06, -6.10)
[frontier_explorer-1] [INFO] [1781255393.117465991] [frontier_explorer]: New sweep goal: (-6.06, -6.10)
[frontier_explorer-1] [INFO] [1781255397.197141746] [frontier_explorer]: New sweep goal: (-6.06, -6.10)
[frontier_explorer-1] [INFO] [1781255401.280427562] [frontier_explorer]: New sweep goal: (-6.06, -6.10)
[frontier_explorer-1] [INFO] [1781255405.357966605] [frontier_explorer]: New sweep goal: (-6.06, -6.10)
[frontier_explorer-1] [INFO] [1781255409.437702100] [frontier_explorer]: New sweep goal: (-6.06, -6.10)
[frontier_explorer-1] [INFO] [1781255413.507034146] [frontier_explorer]: New sweep goal: (-6.06, -6.10)
[frontier_explorer-1] [INFO] [1781255417.575625407] [frontier_explorer]: New sweep goal: (-6.06, -6.10)
[frontier_explorer-1] [INFO] [1781255421.654769818] [frontier_explorer]: New sweep goal: (-6.06, -6.10)
[frontier_explorer-1] [INFO] [1781255425.719005955] [frontier_explorer]: New sweep goal: (-6.06, -6.10)
[frontier_explorer-1] [WARN] [1781255427.709186543] [frontier_explorer]: Watchdog: work exists but no goal active and robot stationary - clearing costmaps
[frontier_explorer-1] [WARN] [1781255427.752192788] [frontier_explorer]: Watchdog: resetting blacklist
[frontier_explorer-1] [INFO] [1781255429.827379400] [frontier_explorer]: New sweep goal: (-6.06, -6.10)
[frontier_explorer-1] [INFO] [1781255433.889982704] [frontier_explorer]: New sweep goal: (-6.06, -6.10)
[frontier_explorer-1] [INFO] [1781255437.946680535] [frontier_explorer]: New sweep goal: (-6.06, -6.10)
[frontier_explorer-1] [INFO] [1781255442.027879018] [frontier_explorer]: New sweep goal: (-6.06, -6.10)
[frontier_explorer-1] [INFO] [1781255446.094687119] [frontier_explorer]: New sweep goal: (-6.06, -6.10)
[frontier_explorer-1] [WARN] [1781255448.087863820] [frontier_explorer]: Watchdog: work exists but no goal active and robot stationary - clearing costmaps
[frontier_explorer-1] [INFO] [1781255450.170142914] [frontier_explorer]: New sweep goal: (-6.06, -6.10)
[frontier_explorer-1] [INFO] [1781255454.241409263] [frontier_explorer]: New sweep goal: (-6.06, -6.10)
[frontier_explorer-1] [INFO] [1781255458.319299942] [frontier_explorer]: New sweep goal: (-6.06, -6.10)
[frontier_explorer-1] [INFO] [1781255462.407302327] [frontier_explorer]: New sweep goal: (-6.06, -6.10)
[frontier_explorer-1] [INFO] [1781255466.471594473] [frontier_explorer]: New sweep goal: (-6.06, -6.10)
[frontier_explorer-1] [WARN] [1781255468.453204781] [frontier_explorer]: Watchdog: work exists but no goal active and robot stationary - clearing costmaps
[frontier_explorer-1] [INFO] [1781255470.549116512] [frontier_explorer]: New sweep goal: (-6.06, -6.10)
[frontier_explorer-1] [INFO] [1781255474.608256987] [frontier_explorer]: New sweep goal: (-6.06, -6.10)
[frontier_explorer-1] [INFO] [1781255478.684689670] [frontier_explorer]: New sweep goal: (-6.06, -6.10)
[frontier_explorer-1] [INFO] [1781255482.758339871] [frontier_explorer]: New sweep goal: (-6.06, -6.10)
[frontier_explorer-1] [INFO] [1781255486.831318919] [frontier_explorer]: New sweep goal: (-6.06, -6.10)
[frontier_explorer-1] [WARN] [1781255488.816250428] [frontier_explorer]: Watchdog: work exists but no goal active and robot stationary - clearing costmaps
[frontier_explorer-1] [WARN] [1781255488.856632950] [frontier_explorer]: Watchdog: resetting blacklist
[frontier_explorer-1] [INFO] [1781255490.904206715] [frontier_explorer]: New sweep goal: (-6.06, -6.10)
[frontier_explorer-1] [INFO] [1781255494.987451159] [frontier_explorer]: New sweep goal: (-6.06, -6.10)
[frontier_explorer-1] [INFO] [1781255499.062283748] [frontier_explorer]: New sweep goal: (-6.06, -6.10)
[frontier_explorer-1] [INFO] [1781255503.129219694] [frontier_explorer]: New sweep goal: (-6.06, -6.10)
[frontier_explorer-1] [INFO] [1781255507.220717201] [frontier_explorer]: New sweep goal: (-6.06, -6.10)
[frontier_explorer-1] [INFO] [1781255511.292517517] [frontier_explorer]: New sweep goal: (-6.06, -6.10)
[frontier_explorer-1] [INFO] [1781255515.356877245] [frontier_explorer]: New sweep goal: (-6.06, -6.10)
[frontier_explorer-1] [INFO] [1781255519.447909928] [frontier_explorer]: New sweep goal: (-6.06, -6.10)
[frontier_explorer-1] [INFO] [1781255523.522381716] [frontier_explorer]: New sweep goal: (-6.06, -6.10)
[frontier_explorer-1] [INFO] [1781255527.600516960] [frontier_explorer]: New sweep goal: (-6.06, -6.10)
[frontier_explorer-1] [WARN] [1781255529.585181567] [frontier_explorer]: Watchdog: work exists but no goal active and robot stationary - clearing costmaps
[frontier_explorer-1] [INFO] [1781255531.682000185] [frontier_explorer]: New sweep goal: (-6.06, -6.10)
[frontier_explorer-1] [INFO] [1781255535.759895750] [frontier_explorer]: New sweep goal: (-6.06, -6.10)
[frontier_explorer-1] [INFO] [1781255539.833248886] [frontier_explorer]: New sweep goal: (-6.06, -6.10)
[frontier_explorer-1] [INFO] [1781255543.902329543] [frontier_explorer]: New sweep goal: (-6.06, -6.10)
[frontier_explorer-1] [INFO] [1781255547.979882972] [frontier_explorer]: New sweep goal: (-6.06, -6.10)
[frontier_explorer-1] [WARN] [1781255549.977541562] [frontier_explorer]: Watchdog: work exists but no goal active and robot stationary - clearing costmaps
[frontier_explorer-1] [INFO] [1781255552.066712623] [frontier_explorer]: New sweep goal: (-6.06, -6.10)
[frontier_explorer-1] [INFO] [1781255556.139633663] [frontier_explorer]: New sweep goal: (-6.06, -6.10)
[frontier_explorer-1] [INFO] [1781255560.216400375] [frontier_explorer]: New sweep goal: (-6.06, -6.10)
[frontier_explorer-1] [INFO] [1781255564.288876944] [frontier_explorer]: New sweep goal: (-6.06, -6.10)
[frontier_explorer-1] [INFO] [1781255568.366244086] [frontier_explorer]: New sweep goal: (-6.06, -6.10)
[frontier_explorer-1] [WARN] [1781255570.349030350] [frontier_explorer]: Watchdog: work exists but no goal active and robot stationary - clearing costmaps
[frontier_explorer-1] [WARN] [1781255570.390037725] [frontier_explorer]: Watchdog: resetting blacklist
[frontier_explorer-1] [INFO] [1781255572.437391723] [frontier_explorer]: New sweep goal: (-6.06, -6.10)
[frontier_explorer-1] [INFO] [1781255576.514728612] [frontier_explorer]: New sweep goal: (-6.06, -6.10)
[frontier_explorer-1] [INFO] [1781255580.599713909] [frontier_explorer]: New sweep goal: (-6.06, -6.10)
[frontier_explorer-1] [INFO] [1781255584.688793675] [frontier_explorer]: New sweep goal: (-6.06, -6.10)
[frontier_explorer-1] [INFO] [1781255588.791752978] [frontier_explorer]: New sweep goal: (-6.06, -6.10)
[frontier_explorer-1] [WARN] [1781255590.770992756] [frontier_explorer]: Watchdog: work exists but no goal active and robot stationary - clearing costmaps
[frontier_explorer-1] [INFO] [1781255592.865292637] [frontier_explorer]: New sweep goal: (-6.06, -6.10)
[frontier_explorer-1] [INFO] [1781255596.945869802] [frontier_explorer]: New sweep goal: (-6.06, -6.10)
[frontier_explorer-1] [INFO] [1781255601.044642416] [frontier_explorer]: New sweep goal: (-6.06, -6.10)
[frontier_explorer-1] [INFO] [1781255605.108995062] [frontier_explorer]: New sweep goal: (-6.06, -6.10)
[frontier_explorer-1] [INFO] [1781255609.179767627] [frontier_explorer]: New sweep goal: (-6.06, -6.10)
[frontier_explorer-1] [WARN] [1781255611.168023375] [frontier_explorer]: Watchdog: work exists but no goal active and robot stationary - clearing costmaps
[frontier_explorer-1] [INFO] [1781255613.253465599] [frontier_explorer]: New sweep goal: (-6.06, -6.10)
[frontier_explorer-1] [INFO] [1781255617.336979429] [frontier_explorer]: New sweep goal: (-6.06, -6.10)
[frontier_explorer-1] [INFO] [1781255621.413714004] [frontier_explorer]: New sweep goal: (-6.06, -6.10)
[frontier_explorer-1] [INFO] [1781255625.498512267] [frontier_explorer]: New sweep goal: (-6.06, -6.10)
[frontier_explorer-1] [INFO] [1781255629.572985621] [frontier_explorer]: New sweep goal: (-6.06, -6.10)
[frontier_explorer-1] [WARN] [1781255631.564826646] [frontier_explorer]: Watchdog: work exists but no goal active and robot stationary - clearing costmaps
[frontier_explorer-1] [WARN] [1781255631.601311426] [frontier_explorer]: Watchdog: resetting blacklist
[frontier_explorer-1] [INFO] [1781255633.656002371] [frontier_explorer]: New sweep goal: (-6.06, -6.10)
[frontier_explorer-1] [INFO] [1781255637.724040298] [frontier_explorer]: New sweep goal: (-6.06, -6.10)
[frontier_explorer-1] [INFO] [1781255641.815087242] [frontier_explorer]: New sweep goal: (-6.06, -6.10)
[frontier_explorer-1] [INFO] [1781255645.886052279] [frontier_explorer]: New sweep goal: (-6.06, -6.10)
[frontier_explorer-1] [INFO] [1781255650.014169583] [frontier_explorer]: New sweep goal: (-6.06, -6.10)
[frontier_explorer-1] [WARN] [1781255651.956659302] [frontier_explorer]: Watchdog: work exists but no goal active and robot stationary - clearing costmaps
[frontier_explorer-1] [INFO] [1781255654.041918103] [frontier_explorer]: New sweep goal: (-6.06, -6.10)
[frontier_explorer-1] [INFO] [1781255658.128081996] [frontier_explorer]: New sweep goal: (-6.06, -6.10)
[frontier_explorer-1] [INFO] [1781255662.197652034] [frontier_explorer]: New sweep goal: (-6.06, -6.10)
[frontier_explorer-1] [INFO] [1781255666.264242428] [frontier_explorer]: New sweep goal: (-6.06, -6.10)
[frontier_explorer-1] [INFO] [1781255670.335123823] [frontier_explorer]: New sweep goal: (-6.06, -6.10)
[frontier_explorer-1] [WARN] [1781255672.307756955] [frontier_explorer]: Watchdog: work exists but no goal active and robot stationary - clearing costmaps
[frontier_explorer-1] [INFO] [1781255674.400263088] [frontier_explorer]: New sweep goal: (-6.06, -6.10)
[frontier_explorer-1] [INFO] [1781255678.468084789] [frontier_explorer]: New sweep goal: (-6.06, -6.10)
[frontier_explorer-1] [INFO] [1781255682.534100702] [frontier_explorer]: New sweep goal: (-6.06, -6.10)
[frontier_explorer-1] [INFO] [1781255686.612918031] [frontier_explorer]: New sweep goal: (-6.06, -6.10)
[frontier_explorer-1] [INFO] [1781255690.682785927] [frontier_explorer]: New sweep goal: (-6.06, -6.10)
[frontier_explorer-1] [WARN] [1781255692.668802252] [frontier_explorer]: Watchdog: work exists but no goal active and robot stationary - clearing costmaps
[frontier_explorer-1] [WARN] [1781255692.705091794] [frontier_explorer]: Watchdog: resetting blacklist
[frontier_explorer-1] [INFO] [1781255694.749686574] [frontier_explorer]: New sweep goal: (-6.06, -6.10)
[frontier_explorer-1] [INFO] [1781255698.826371404] [frontier_explorer]: New sweep goal: (-6.06, -6.10)
[frontier_explorer-1] [INFO] [1781255702.917425453] [frontier_explorer]: New sweep goal: (-6.06, -6.10)
[frontier_explorer-1] [INFO] [1781255707.007059584] [frontier_explorer]: New sweep goal: (-6.06, -6.10)
[frontier_explorer-1] [INFO] [1781255711.065627211] [frontier_explorer]: New sweep goal: (-6.06, -6.10)
[frontier_explorer-1] [WARN] [1781255713.034506890] [frontier_explorer]: Watchdog: work exists but no goal active and robot stationary - clearing costmaps
[frontier_explorer-1] [INFO] [1781255715.120778247] [frontier_explorer]: New sweep goal: (-6.06, -6.10)
[frontier_explorer-1] [INFO] [1781255719.186400054] [frontier_explorer]: New sweep goal: (-6.06, -6.10)
[frontier_explorer-1] [INFO] [1781255723.269725275] [frontier_explorer]: New sweep goal: (-6.06, -6.10)
[frontier_explorer-1] [INFO] [1781255727.345548252] [frontier_explorer]: New sweep goal: (-6.06, -6.10)
[frontier_explorer-1] [INFO] [1781255731.428374192] [frontier_explorer]: New sweep goal: (-6.06, -6.10)
[frontier_explorer-1] [WARN] [1781255733.393236850] [frontier_explorer]: Watchdog: work exists but no goal active and robot stationary - clearing costmaps
[frontier_explorer-1] [INFO] [1781255735.488053807] [frontier_explorer]: New sweep goal: (-6.06, -6.10)
[frontier_explorer-1] [INFO] [1781255739.578085332] [frontier_explorer]: New sweep goal: (-6.06, -6.10)
[frontier_explorer-1] [INFO] [1781255743.640784405] [frontier_explorer]: New sweep goal: (-6.06, -6.10)
[frontier_explorer-1] [INFO] [1781255747.722658662] [frontier_explorer]: New sweep goal: (-6.06, -6.10)
[frontier_explorer-1] [INFO] [1781255751.797121074] [frontier_explorer]: New sweep goal: (-6.06, -6.10)
[frontier_explorer-1] [WARN] [1781255753.775070641] [frontier_explorer]: Watchdog: work exists but no goal active and robot stationary - clearing costmaps
[frontier_explorer-1] [WARN] [1781255753.813020566] [frontier_explorer]: Watchdog: resetting blacklist
[frontier_explorer-1] [INFO] [1781255755.865177997] [frontier_explorer]: New sweep goal: (-6.06, -6.10)
[frontier_explorer-1] [INFO] [1781255759.934638016] [frontier_explorer]: New sweep goal: (-6.06, -6.10)
[frontier_explorer-1] [INFO] [1781255764.018585186] [frontier_explorer]: New sweep goal: (-6.06, -6.10)
[frontier_explorer-1] [INFO] [1781255768.089636024] [frontier_explorer]: New sweep goal: (-6.06, -6.10)
[frontier_explorer-1] [INFO] [1781255772.174312769] [frontier_explorer]: New sweep goal: (-6.06, -6.10)
[frontier_explorer-1] [WARN] [1781255774.152459247] [frontier_explorer]: Watchdog: work exists but no goal active and robot stationary - clearing costmaps
[frontier_explorer-1] [INFO] [1781255776.242176776] [frontier_explorer]: New sweep goal: (-6.06, -6.10)
[frontier_explorer-1] [INFO] [1781255780.327431040] [frontier_explorer]: New sweep goal: (-6.06, -6.10)
[frontier_explorer-1] [INFO] [1781255784.408048172] [frontier_explorer]: New sweep goal: (-6.06, -6.10)
[frontier_explorer-1] [INFO] [1781255788.487886957] [frontier_explorer]: New sweep goal: (-6.06, -6.10)
[frontier_explorer-1] [INFO] [1781255792.560838549] [frontier_explorer]: New sweep goal: (-6.06, -6.10)
[frontier_explorer-1] [WARN] [1781255794.542171328] [frontier_explorer]: Watchdog: work exists but no goal active and robot stationary - clearing costmaps
[frontier_explorer-1] [INFO] [1781255796.635453908] [frontier_explorer]: New sweep goal: (-6.06, -6.10)
[frontier_explorer-1] [INFO] [1781255800.700975010] [frontier_explorer]: New sweep goal: (-6.06, -6.10)
[frontier_explorer-1] [INFO] [1781255804.788585359] [frontier_explorer]: New sweep goal: (-6.06, -6.10)
[frontier_explorer-1] [INFO] [1781255808.852830177] [frontier_explorer]: New sweep goal: (-6.06, -6.10)
[frontier_explorer-1] [INFO] [1781255812.928789771] [frontier_explorer]: New sweep goal: (-6.06, -6.10)
[frontier_explorer-1] [WARN] [1781255814.912981687] [frontier_explorer]: Watchdog: work exists but no goal active and robot stationary - clearing costmaps
[frontier_explorer-1] [WARN] [1781255814.951924541] [frontier_explorer]: Watchdog: resetting blacklist
[frontier_explorer-1] [INFO] [1781255817.019032463] [frontier_explorer]: New sweep goal: (-6.06, -6.10)
[frontier_explorer-1] [INFO] [1781255821.100446977] [frontier_explorer]: New sweep goal: (-6.06, -6.10)
[frontier_explorer-1] [INFO] [1781255825.167244085] [frontier_explorer]: New sweep goal: (-6.06, -6.10)
[frontier_explorer-1] [INFO] [1781255829.252272923] [frontier_explorer]: New sweep goal: (-6.06, -6.10)
[frontier_explorer-1] [INFO] [1781255833.317948266] [frontier_explorer]: New sweep goal: (-6.06, -6.10)
[frontier_explorer-1] [WARN] [1781255835.296536820] [frontier_explorer]: Watchdog: work exists but no goal active and robot stationary - clearing costmaps
[frontier_explorer-1] [INFO] [1781255837.382192055] [frontier_explorer]: New sweep goal: (-6.06, -6.10)
[frontier_explorer-1] [INFO] [1781255841.462253785] [frontier_explorer]: New sweep goal: (-6.06, -6.10)
[frontier_explorer-1] [INFO] [1781255845.534216467] [frontier_explorer]: New sweep goal: (-6.06, -6.10)
[frontier_explorer-1] [INFO] [1781255849.608953051] [frontier_explorer]: New sweep goal: (-6.06, -6.10)
[frontier_explorer-1] [INFO] [1781255853.679662565] [frontier_explorer]: New sweep goal: (-6.06, -6.10)
[frontier_explorer-1] [WARN] [1781255855.660328934] [frontier_explorer]: Watchdog: work exists but no goal active and robot stationary - clearing costmaps
[frontier_explorer-1] [INFO] [1781255857.754482575] [frontier_explorer]: New sweep goal: (-6.06, -6.10)
[frontier_explorer-1] [INFO] [1781255861.830099415] [frontier_explorer]: New sweep goal: (-6.06, -6.10)
[frontier_explorer-1] [INFO] [1781255865.919015093] [frontier_explorer]: New sweep goal: (-6.06, -6.10)
[frontier_explorer-1] [INFO] [1781255869.999755104] [frontier_explorer]: New sweep goal: (-6.06, -6.10)
[frontier_explorer-1] [INFO] [1781255874.078236631] [frontier_explorer]: New sweep goal: (-6.06, -6.10)
[frontier_explorer-1] [INFO] [1781255878.153051083] [frontier_explorer]: New sweep goal: (-6.06, -6.10)
[frontier_explorer-1] [INFO] [1781255882.247669828] [frontier_explorer]: New sweep goal: (-6.06, -6.10)
[frontier_explorer-1] [INFO] [1781255886.333928228] [frontier_explorer]: New sweep goal: (-6.06, -6.10)
[frontier_explorer-1] [INFO] [1781255890.415781747] [frontier_explorer]: New sweep goal: (-6.06, -6.10)
[frontier_explorer-1] [INFO] [1781255894.503295234] [frontier_explorer]: New sweep goal: (-6.06, -6.10)
[frontier_explorer-1] [INFO] [1781255898.596560039] [frontier_explorer]: New sweep goal: (-6.06, -6.10)
[frontier_explorer-1] [INFO] [1781255902.665266131] [frontier_explorer]: New sweep goal: (-6.06, -6.10)
[frontier_explorer-1] [INFO] [1781255906.745925761] [frontier_explorer]: New sweep goal: (-6.06, -6.10)
[frontier_explorer-1] [INFO] [1781255910.802727533] [frontier_explorer]: New sweep goal: (-6.06, -6.10)
[frontier_explorer-1] [INFO] [1781255914.883310829] [frontier_explorer]: New sweep goal: (-6.06, -6.10)
[frontier_explorer-1] [WARN] [1781255916.870925661] [frontier_explorer]: Watchdog: work exists but no goal active and robot stationary - clearing costmaps
[frontier_explorer-1] [WARN] [1781255916.908712636] [frontier_explorer]: Watchdog: resetting blacklist
[frontier_explorer-1] [INFO] [1781255918.963437757] [frontier_explorer]: New sweep goal: (-6.06, -6.10)
[frontier_explorer-1] [INFO] [1781255923.036643422] [frontier_explorer]: New sweep goal: (-6.06, -6.10)
[frontier_explorer-1] [INFO] [1781255927.110584767] [frontier_explorer]: New sweep goal: (-6.06, -6.10)
[frontier_explorer-1] [INFO] [1781255931.203262008] [frontier_explorer]: New sweep goal: (-6.06, -6.10)
[frontier_explorer-1] [INFO] [1781255935.263957992] [frontier_explorer]: New sweep goal: (-6.06, -6.10)
[frontier_explorer-1] [WARN] [1781255937.254526654] [frontier_explorer]: Watchdog: work exists but no goal active and robot stationary - clearing costmaps
[frontier_explorer-1] [INFO] [1781255939.340624391] [frontier_explorer]: New sweep goal: (-6.06, -6.10)
[frontier_explorer-1] [INFO] [1781255943.419539032] [frontier_explorer]: New sweep goal: (-6.06, -6.10)
[frontier_explorer-1] [INFO] [1781255947.500697887] [frontier_explorer]: New sweep goal: (-6.06, -6.10)
[frontier_explorer-1] [INFO] [1781255951.577506944] [frontier_explorer]: New sweep goal: (-6.06, -6.10)
[frontier_explorer-1] [INFO] [1781255955.657793021] [frontier_explorer]: New sweep goal: (-6.06, -6.10)
[frontier_explorer-1] [WARN] [1781255957.639141357] [frontier_explorer]: Watchdog: work exists but no goal active and robot stationary - clearing costmaps
[frontier_explorer-1] [INFO] [1781255959.722171678] [frontier_explorer]: New sweep goal: (-6.06, -6.10)
[frontier_explorer-1] [INFO] [1781255963.801162224] [frontier_explorer]: New sweep goal: (-6.06, -6.10)
[frontier_explorer-1] [INFO] [1781255967.872892959] [frontier_explorer]: New sweep goal: (-6.06, -6.10)
[frontier_explorer-1] [INFO] [1781255971.946484151] [frontier_explorer]: New sweep goal: (-6.06, -6.10)
[frontier_explorer-1] [INFO] [1781255976.026529858] [frontier_explorer]: New sweep goal: (-6.06, -6.10)
[frontier_explorer-1] [WARN] [1781255978.006304359] [frontier_explorer]: Watchdog: work exists but no goal active and robot stationary - clearing costmaps
[frontier_explorer-1] [WARN] [1781255978.044968521] [frontier_explorer]: Watchdog: resetting blacklist
[frontier_explorer-1] [INFO] [1781255980.093023273] [frontier_explorer]: New sweep goal: (-6.06, -6.10)
[frontier_explorer-1] [INFO] [1781255984.166395943] [frontier_explorer]: New sweep goal: (-6.06, -6.10)
[frontier_explorer-1] [INFO] [1781255988.249021953] [frontier_explorer]: New sweep goal: (-6.06, -6.10)
[frontier_explorer-1] [INFO] [1781255992.333232619] [frontier_explorer]: New sweep goal: (-6.06, -6.10)
[frontier_explorer-1] [INFO] [1781255996.402157926] [frontier_explorer]: New sweep goal: (-6.06, -6.10)
[frontier_explorer-1] [WARN] [1781255998.382048562] [frontier_explorer]: Watchdog: work exists but no goal active and robot stationary - clearing costmaps
[frontier_explorer-1] [INFO] [1781256000.477574036] [frontier_explorer]: New sweep goal: (-6.06, -6.10)
[frontier_explorer-1] [INFO] [1781256004.558273787] [frontier_explorer]: New sweep goal: (-6.06, -6.10)
[frontier_explorer-1] [INFO] [1781256008.636206549] [frontier_explorer]: New sweep goal: (-6.06, -6.10)
[frontier_explorer-1] [INFO] [1781256012.697259356] [frontier_explorer]: New sweep goal: (-6.06, -6.10)
[frontier_explorer-1] [INFO] [1781256016.766296123] [frontier_explorer]: New sweep goal: (-6.06, -6.10)
[frontier_explorer-1] [WARN] [1781256018.751507477] [frontier_explorer]: Watchdog: work exists but no goal active and robot stationary - clearing costmaps
[frontier_explorer-1] [INFO] [1781256020.838635646] [frontier_explorer]: New sweep goal: (-6.06, -6.10)
[frontier_explorer-1] [INFO] [1781256024.920328072] [frontier_explorer]: New sweep goal: (-6.06, -6.10)
[frontier_explorer-1] [INFO] [1781256028.989176432] [frontier_explorer]: New sweep goal: (-6.06, -6.10)
[frontier_explorer-1] [INFO] [1781256033.063215623] [frontier_explorer]: New sweep goal: (-6.06, -6.10)
[frontier_explorer-1] [INFO] [1781256037.139224434] [frontier_explorer]: New sweep goal: (-6.06, -6.10)
[frontier_explorer-1] [WARN] [1781256039.129509722] [frontier_explorer]: Watchdog: work exists but no goal active and robot stationary - clearing costmaps
[frontier_explorer-1] [WARN] [1781256039.165532732] [frontier_explorer]: Watchdog: resetting blacklist
[frontier_explorer-1] [INFO] [1781256041.223533841] [frontier_explorer]: New sweep goal: (-6.06, -6.10)
[frontier_explorer-1] [INFO] [1781256045.313864201] [frontier_explorer]: New sweep goal: (-6.06, -6.10)
[frontier_explorer-1] [INFO] [1781256049.396402290] [frontier_explorer]: New sweep goal: (-6.06, -6.10)
[frontier_explorer-1] [INFO] [1781256053.468344782] [frontier_explorer]: New sweep goal: (-6.06, -6.10)
[frontier_explorer-1] [INFO] [1781256057.549111986] [frontier_explorer]: New sweep goal: (-6.06, -6.10)
[frontier_explorer-1] [WARN] [1781256059.535051320] [frontier_explorer]: Watchdog: work exists but no goal active and robot stationary - clearing costmaps
[frontier_explorer-1] [INFO] [1781256061.625254629] [frontier_explorer]: New sweep goal: (-6.06, -6.10)
[frontier_explorer-1] [INFO] [1781256065.705615186] [frontier_explorer]: New sweep goal: (-6.06, -6.10)
[frontier_explorer-1] [INFO] [1781256069.787488598] [frontier_explorer]: New sweep goal: (-6.06, -6.10)
[frontier_explorer-1] [INFO] [1781256077.935262118] [frontier_explorer]: New sweep goal: (-6.06, -6.10)
[frontier_explorer-1] [WARN] [1781256079.917484088] [frontier_explorer]: Watchdog: work exists but no goal active and robot stationary - clearing costmaps
[frontier_explorer-1] [INFO] [1781256082.011510830] [frontier_explorer]: New sweep goal: (-6.06, -6.10)
[frontier_explorer-1] [INFO] [1781256086.078982639] [frontier_explorer]: New sweep goal: (-6.06, -6.10)
[frontier_explorer-1] [INFO] [1781256090.146116928] [frontier_explorer]: New sweep goal: (-6.06, -6.10)
[frontier_explorer-1] [INFO] [1781256094.226673202] [frontier_explorer]: New sweep goal: (-6.06, -6.10)
[frontier_explorer-1] [INFO] [1781256098.294947414] [frontier_explorer]: New sweep goal: (-6.06, -6.10)
[frontier_explorer-1] [WARN] [1781256100.309325779] [frontier_explorer]: Watchdog: work exists but no goal active and robot stationary - clearing costmaps
[frontier_explorer-1] [WARN] [1781256100.358114082] [frontier_explorer]: Watchdog: resetting blacklist
[frontier_explorer-1] [INFO] [1781256102.383739517] [frontier_explorer]: New sweep goal: (-6.06, -6.10)
[frontier_explorer-1] [INFO] [1781256106.459558810] [frontier_explorer]: New sweep goal: (-6.06, -6.10)
[frontier_explorer-1] [INFO] [1781256110.546843352] [frontier_explorer]: New sweep goal: (-6.06, -6.10)
[frontier_explorer-1] [INFO] [1781256114.621739504] [frontier_explorer]: New sweep goal: (-6.06, -6.10)
[frontier_explorer-1] [INFO] [1781256118.682479364] [frontier_explorer]: New sweep goal: (-6.06, -6.10)
[frontier_explorer-1] [WARN] [1781256120.675273616] [frontier_explorer]: Watchdog: work exists but no goal active and robot stationary - clearing costmaps
[frontier_explorer-1] [INFO] [1781256122.770646244] [frontier_explorer]: New sweep goal: (-6.06, -6.10)
[frontier_explorer-1] [INFO] [1781256126.846167031] [frontier_explorer]: New sweep goal: (-6.06, -6.10)
[frontier_explorer-1] [INFO] [1781256130.932785071] [frontier_explorer]: New sweep goal: (-6.06, -6.10)
[frontier_explorer-1] [INFO] [1781256135.007545101] [frontier_explorer]: New sweep goal: (-6.06, -6.10)
[frontier_explorer-1] [INFO] [1781256139.088018558] [frontier_explorer]: New sweep goal: (-6.06, -6.10)
[frontier_explorer-1] [INFO] [1781256143.169523203] [frontier_explorer]: New sweep goal: (-6.06, -6.10)
[frontier_explorer-1] [INFO] [1781256147.240598939] [frontier_explorer]: New sweep goal: (-6.06, -6.10)
[frontier_explorer-1] [INFO] [1781256151.311476018] [frontier_explorer]: New sweep goal: (-6.06, -6.10)
[frontier_explorer-1] [INFO] [1781256155.392068495] [frontier_explorer]: New sweep goal: (-6.06, -6.10)
[frontier_explorer-1] [INFO] [1781256159.467993934] [frontier_explorer]: New sweep goal: (-6.06, -6.10)
[frontier_explorer-1] [INFO] [1781256167.617930919] [frontier_explorer]: New sweep goal: (-6.06, -6.10)
[frontier_explorer-1] [INFO] [1781256171.684592941] [frontier_explorer]: New sweep goal: (-6.06, -6.10)
[frontier_explorer-1] [INFO] [1781256175.768026809] [frontier_explorer]: New sweep goal: (-6.06, -6.10)
[frontier_explorer-1] [INFO] [1781256179.851913026] [frontier_explorer]: New sweep goal: (-6.06, -6.10)
[frontier_explorer-1] [WARN] [1781256181.828935068] [frontier_explorer]: Watchdog: work exists but no goal active and robot stationary - clearing costmaps
[frontier_explorer-1] [INFO] [1781256183.914409989] [frontier_explorer]: New sweep goal: (-6.06, -6.10)
[frontier_explorer-1] [INFO] [1781256188.008232788] [frontier_explorer]: New sweep goal: (-6.06, -6.10)
[frontier_explorer-1] [INFO] [1781256200.277477315] [frontier_explorer]: New sweep goal: (-6.06, -6.10)
[frontier_explorer-1] [INFO] [1781256204.342240048] [frontier_explorer]: New sweep goal: (-6.06, -6.10)
[frontier_explorer-1] [INFO] [1781256208.424880709] [frontier_explorer]: New sweep goal: (-6.06, -6.10)
[frontier_explorer-1] [INFO] [1781256212.498976470] [frontier_explorer]: New sweep goal: (-6.06, -6.10)
[frontier_explorer-1] [INFO] [1781256216.567726025] [frontier_explorer]: New sweep goal: (-6.06, -6.10)
[frontier_explorer-1] [INFO] [1781256220.649679922] [frontier_explorer]: New sweep goal: (-6.06, -6.10)
[frontier_explorer-1] [WARN] [1781256222.636194652] [frontier_explorer]: Watchdog: work exists but no goal active and robot stationary - clearing costmaps
[frontier_explorer-1] [WARN] [1781256222.672729019] [frontier_explorer]: Watchdog: resetting blacklist
[frontier_explorer-1] [INFO] [1781256224.722518435] [frontier_explorer]: New sweep goal: (-6.06, -6.10)
[frontier_explorer-1] [INFO] [1781256228.801844710] [frontier_explorer]: New sweep goal: (-6.06, -6.10)
[frontier_explorer-1] [INFO] [1781256232.873939877] [frontier_explorer]: New sweep goal: (-6.06, -6.10)
[frontier_explorer-1] [INFO] [1781256236.961060630] [frontier_explorer]: New sweep goal: (-6.06, -6.10)
[frontier_explorer-1] [INFO] [1781256241.035639804] [frontier_explorer]: New sweep goal: (-6.06, -6.10)
[frontier_explorer-1] [WARN] [1781256243.024957333] [frontier_explorer]: Watchdog: work exists but no goal active and robot stationary - clearing costmaps
[frontier_explorer-1] [INFO] [1781256245.111863944] [frontier_explorer]: New sweep goal: (-6.06, -6.10)
[frontier_explorer-1] [INFO] [1781256249.171188945] [frontier_explorer]: New sweep goal: (-6.06, -6.10)
[frontier_explorer-1] [INFO] [1781256253.267009821] [frontier_explorer]: New sweep goal: (-6.06, -6.10)
[frontier_explorer-1] [INFO] [1781256257.341923869] [frontier_explorer]: New sweep goal: (-6.06, -6.10)
[frontier_explorer-1] [INFO] [1781256261.436350267] [frontier_explorer]: New sweep goal: (-6.06, -6.10)
[frontier_explorer-1] [WARN] [1781256263.412125947] [frontier_explorer]: Watchdog: work exists but no goal active and robot stationary - clearing costmaps
[frontier_explorer-1] [INFO] [1781256265.506662345] [frontier_explorer]: New sweep goal: (-6.06, -6.10)
[frontier_explorer-1] [INFO] [1781256269.577190409] [frontier_explorer]: New sweep goal: (-6.06, -6.10)
[frontier_explorer-1] [INFO] [1781256273.636512605] [frontier_explorer]: New sweep goal: (-6.06, -6.10)
[frontier_explorer-1] [INFO] [1781256277.715764145] [frontier_explorer]: New sweep goal: (-6.06, -6.10)
[frontier_explorer-1] [INFO] [1781256281.786455864] [frontier_explorer]: New sweep goal: (-6.06, -6.10)
[frontier_explorer-1] [WARN] [1781256283.770183451] [frontier_explorer]: Watchdog: work exists but no goal active and robot stationary - clearing costmaps
[frontier_explorer-1] [WARN] [1781256283.810592745] [frontier_explorer]: Watchdog: resetting blacklist
[frontier_explorer-1] [INFO] [1781256285.867817360] [frontier_explorer]: New sweep goal: (-6.06, -6.10)
[frontier_explorer-1] [INFO] [1781256289.935686479] [frontier_explorer]: New sweep goal: (-6.06, -6.10)
[frontier_explorer-1] [INFO] [1781256294.022925751] [frontier_explorer]: New sweep goal: (-6.06, -6.10)
[frontier_explorer-1] [INFO] [1781256298.077487334] [frontier_explorer]: New sweep goal: (-6.06, -6.10)
[frontier_explorer-1] [INFO] [1781256302.154103080] [frontier_explorer]: New sweep goal: (-6.06, -6.10)
[frontier_explorer-1] [WARN] [1781256304.136225949] [frontier_explorer]: Watchdog: work exists but no goal active and robot stationary - clearing costmaps
[frontier_explorer-1] [INFO] [1781256306.217727229] [frontier_explorer]: New sweep goal: (-6.06, -6.10)
[frontier_explorer-1] [INFO] [1781256310.300429935] [frontier_explorer]: New sweep goal: (-6.06, -6.10)
[frontier_explorer-1] [INFO] [1781256314.379828650] [frontier_explorer]: New sweep goal: (-6.06, -6.10)
[frontier_explorer-1] [INFO] [1781256318.477331585] [frontier_explorer]: New sweep goal: (-6.06, -6.10)
[frontier_explorer-1] [WARN] [1781256324.535137175] [frontier_explorer]: Watchdog: work exists but no goal active and robot stationary - clearing costmaps
[frontier_explorer-1] [INFO] [1781256326.618070208] [frontier_explorer]: New sweep goal: (-6.06, -6.10)
[frontier_explorer-1] [INFO] [1781256330.692063447] [frontier_explorer]: New sweep goal: (-6.06, -6.10)
[frontier_explorer-1] [INFO] [1781256334.783483329] [frontier_explorer]: New sweep goal: (-6.06, -6.10)
[frontier_explorer-1] [INFO] [1781256338.852649152] [frontier_explorer]: New sweep goal: (-6.06, -6.10)
[frontier_explorer-1] [INFO] [1781256342.921762134] [frontier_explorer]: New sweep goal: (-6.06, -6.10)
[frontier_explorer-1] [WARN] [1781256344.910716265] [frontier_explorer]: Watchdog: work exists but no goal active and robot stationary - clearing costmaps
[frontier_explorer-1] [WARN] [1781256344.952932225] [frontier_explorer]: Watchdog: resetting blacklist
[frontier_explorer-1] [INFO] [1781256347.005706660] [frontier_explorer]: New sweep goal: (-6.06, -6.10)
[frontier_explorer-1] [INFO] [1781256351.107292856] [frontier_explorer]: New sweep goal: (-6.06, -6.10)
[frontier_explorer-1] [INFO] [1781256355.168072035] [frontier_explorer]: New sweep goal: (-6.06, -6.10)
[frontier_explorer-1] [INFO] [1781256359.243254010] [frontier_explorer]: New sweep goal: (-6.06, -6.10)
[frontier_explorer-1] [INFO] [1781256363.321473653] [frontier_explorer]: New sweep goal: (-6.06, -6.10)
[frontier_explorer-1] [WARN] [1781256365.296137876] [frontier_explorer]: Watchdog: work exists but no goal active and robot stationary - clearing costmaps
[frontier_explorer-1] [INFO] [1781256367.387624046] [frontier_explorer]: New sweep goal: (-6.06, -6.10)
[frontier_explorer-1] [INFO] [1781256371.485709535] [frontier_explorer]: New sweep goal: (-6.06, -6.10)
[frontier_explorer-1] [INFO] [1781256375.564574752] [frontier_explorer]: New sweep goal: (-6.06, -6.10)
[frontier_explorer-1] [INFO] [1781256379.632232309] [frontier_explorer]: New sweep goal: (-6.06, -6.10)
[frontier_explorer-1] [INFO] [1781256383.710595383] [frontier_explorer]: New sweep goal: (-6.06, -6.10)
[frontier_explorer-1] [WARN] [1781256385.692853854] [frontier_explorer]: Watchdog: work exists but no goal active and robot stationary - clearing costmaps
[frontier_explorer-1] [INFO] [1781256387.774892614] [frontier_explorer]: New sweep goal: (-6.06, -6.10)
[frontier_explorer-1] [INFO] [1781256391.850150771] [frontier_explorer]: New sweep goal: (-6.06, -6.10)
[frontier_explorer-1] [INFO] [1781256395.924630590] [frontier_explorer]: New sweep goal: (-6.06, -6.10)
[frontier_explorer-1] [INFO] [1781256400.026927735] [frontier_explorer]: New sweep goal: (-6.06, -6.10)
[frontier_explorer-1] [WARN] [1781256406.070161941] [frontier_explorer]: Watchdog: work exists but no goal active and robot stationary - clearing costmaps
[frontier_explorer-1] [WARN] [1781256406.109098262] [frontier_explorer]: Watchdog: resetting blacklist
[frontier_explorer-1] [INFO] [1781256408.163660747] [frontier_explorer]: New sweep goal: (-6.06, -6.10)
[frontier_explorer-1] [INFO] [1781256412.267538817] [frontier_explorer]: New sweep goal: (-6.06, -6.10)
[frontier_explorer-1] [INFO] [1781256416.337408180] [frontier_explorer]: New sweep goal: (-6.06, -6.10)
[frontier_explorer-1] [INFO] [1781256420.410568514] [frontier_explorer]: New sweep goal: (-6.06, -6.10)
[frontier_explorer-1] [INFO] [1781256424.476935996] [frontier_explorer]: New sweep goal: (-6.06, -6.10)
[frontier_explorer-1] [WARN] [1781256426.466409625] [frontier_explorer]: Watchdog: work exists but no goal active and robot stationary - clearing costmaps
[frontier_explorer-1] [INFO] [1781256428.556950312] [frontier_explorer]: New sweep goal: (-6.06, -6.10)
[frontier_explorer-1] [INFO] [1781256432.644605499] [frontier_explorer]: New sweep goal: (-6.06, -6.10)
[frontier_explorer-1] [INFO] [1781256436.720762424] [frontier_explorer]: New sweep goal: (-6.06, -6.10)
[frontier_explorer-1] [INFO] [1781256440.801935144] [frontier_explorer]: New sweep goal: (-6.06, -6.10)
[frontier_explorer-1] [INFO] [1781256444.881372406] [frontier_explorer]: New sweep goal: (-6.06, -6.10)
[frontier_explorer-1] [WARN] [1781256446.871554873] [frontier_explorer]: Watchdog: work exists but no goal active and robot stationary - clearing costmaps
[frontier_explorer-1] [INFO] [1781256448.959299795] [frontier_explorer]: New sweep goal: (-6.06, -6.10)
[frontier_explorer-1] [INFO] [1781256453.043167004] [frontier_explorer]: New sweep goal: (-6.06, -6.10)
[frontier_explorer-1] [INFO] [1781256457.118037863] [frontier_explorer]: New sweep goal: (-6.06, -6.10)
[frontier_explorer-1] [INFO] [1781256461.197953594] [frontier_explorer]: New sweep goal: (-6.06, -6.10)
[frontier_explorer-1] [INFO] [1781256465.262903179] [frontier_explorer]: New sweep goal: (-6.06, -6.10)
[frontier_explorer-1] [WARN] [1781256467.248382685] [frontier_explorer]: Watchdog: work exists but no goal active and robot stationary - clearing costmaps
[frontier_explorer-1] [WARN] [1781256467.285903714] [frontier_explorer]: Watchdog: resetting blacklist
[frontier_explorer-1] [INFO] [1781256469.331109537] [frontier_explorer]: New sweep goal: (-6.06, -6.10)
[frontier_explorer-1] [INFO] [1781256473.394491119] [frontier_explorer]: New sweep goal: (-6.06, -6.10)
[frontier_explorer-1] [INFO] [1781256477.472115607] [frontier_explorer]: New sweep goal: (-6.06, -6.10)
[frontier_explorer-1] [INFO] [1781256481.539885303] [frontier_explorer]: New sweep goal: (-6.06, -6.10)
[frontier_explorer-1] [INFO] [1781256485.613249023] [frontier_explorer]: New sweep goal: (-6.06, -6.10)
[frontier_explorer-1] [WARN] [1781256487.593666604] [frontier_explorer]: Watchdog: work exists but no goal active and robot stationary - clearing costmaps
[frontier_explorer-1] [INFO] [1781256489.685060414] [frontier_explorer]: New sweep goal: (-6.06, -6.10)
[frontier_explorer-1] [INFO] [1781256493.772169166] [frontier_explorer]: New sweep goal: (-6.06, -6.10)
[frontier_explorer-1] [INFO] [1781256497.850290277] [frontier_explorer]: New sweep goal: (-6.06, -6.10)
[frontier_explorer-1] [INFO] [1781256501.915695903] [frontier_explorer]: New sweep goal: (-6.06, -6.10)
[frontier_explorer-1] [INFO] [1781256506.015786448] [frontier_explorer]: New sweep goal: (-6.06, -6.10)
[frontier_explorer-1] [WARN] [1781256507.997392030] [frontier_explorer]: Watchdog: work exists but no goal active and robot stationary - clearing costmaps
[frontier_explorer-1] [INFO] [1781256510.082788140] [frontier_explorer]: New sweep goal: (-6.06, -6.10)
[frontier_explorer-1] [INFO] [1781256514.165814244] [frontier_explorer]: New sweep goal: (-6.06, -6.10)
[frontier_explorer-1] [INFO] [1781256518.241876884] [frontier_explorer]: New sweep goal: (-6.06, -6.10)
[frontier_explorer-1] [INFO] [1781256522.315134583] [frontier_explorer]: New sweep goal: (-6.06, -6.10)
[frontier_explorer-1] [INFO] [1781256526.393079464] [frontier_explorer]: New sweep goal: (-6.06, -6.10)
[frontier_explorer-1] [WARN] [1781256528.374574178] [frontier_explorer]: Watchdog: work exists but no goal active and robot stationary - clearing costmaps
[frontier_explorer-1] [WARN] [1781256528.411295151] [frontier_explorer]: Watchdog: resetting blacklist
[frontier_explorer-1] [INFO] [1781256530.480692360] [frontier_explorer]: New sweep goal: (-6.06, -6.10)
[frontier_explorer-1] [INFO] [1781256534.554044741] [frontier_explorer]: New sweep goal: (-6.06, -6.10)
[frontier_explorer-1] [INFO] [1781256538.634952716] [frontier_explorer]: New sweep goal: (-6.06, -6.10)
[frontier_explorer-1] [INFO] [1781256542.721471508] [frontier_explorer]: New sweep goal: (-6.06, -6.10)
[frontier_explorer-1] [INFO] [1781256546.795302478] [frontier_explorer]: New sweep goal: (-6.06, -6.10)
[frontier_explorer-1] [WARN] [1781256548.782391993] [frontier_explorer]: Watchdog: work exists but no goal active and robot stationary - clearing costmaps
[frontier_explorer-1] [INFO] [1781256550.871798384] [frontier_explorer]: New sweep goal: (-6.06, -6.10)
[frontier_explorer-1] [INFO] [1781256554.962381656] [frontier_explorer]: New sweep goal: (-6.06, -6.10)
[frontier_explorer-1] [INFO] [1781256559.058310415] [frontier_explorer]: New sweep goal: (-6.06, -6.10)
[frontier_explorer-1] [INFO] [1781256563.111589645] [frontier_explorer]: New sweep goal: (-6.06, -6.10)
[frontier_explorer-1] [INFO] [1781256567.181378855] [frontier_explorer]: New sweep goal: (-6.06, -6.10)
[frontier_explorer-1] [WARN] [1781256569.168501431] [frontier_explorer]: Watchdog: work exists but no goal active and robot stationary - clearing costmaps
[frontier_explorer-1] [INFO] [1781256571.258473545] [frontier_explorer]: New sweep goal: (-6.06, -6.10)
[frontier_explorer-1] [INFO] [1781256575.352695572] [frontier_explorer]: New sweep goal: (-6.06, -6.10)
[frontier_explorer-1] [INFO] [1781256579.423650310] [frontier_explorer]: New sweep goal: (-6.06, -6.10)
[frontier_explorer-1] [INFO] [1781256583.494925699] [frontier_explorer]: New sweep goal: (-6.06, -6.10)
[frontier_explorer-1] [INFO] [1781256587.573088493] [frontier_explorer]: New sweep goal: (-6.06, -6.10)
[frontier_explorer-1] [WARN] [1781256589.551876567] [frontier_explorer]: Watchdog: work exists but no goal active and robot stationary - clearing costmaps
[frontier_explorer-1] [WARN] [1781256589.588507915] [frontier_explorer]: Watchdog: resetting blacklist
[frontier_explorer-1] [INFO] [1781256591.640211174] [frontier_explorer]: New sweep goal: (-6.06, -6.10)
[frontier_explorer-1] [INFO] [1781256595.709787723] [frontier_explorer]: New sweep goal: (-6.06, -6.10)
[frontier_explorer-1] [INFO] [1781256599.778931810] [frontier_explorer]: New sweep goal: (-6.06, -6.10)
[frontier_explorer-1] [INFO] [1781256603.851675976] [frontier_explorer]: New sweep goal: (-6.06, -6.10)
[frontier_explorer-1] [INFO] [1781256607.926277802] [frontier_explorer]: New sweep goal: (-6.06, -6.10)
[frontier_explorer-1] [WARN] [1781256609.906172258] [frontier_explorer]: Watchdog: work exists but no goal active and robot stationary - clearing costmaps
[frontier_explorer-1] [INFO] [1781256612.000185409] [frontier_explorer]: New sweep goal: (-6.06, -6.10)
[frontier_explorer-1] [INFO] [1781256616.093855504] [frontier_explorer]: New sweep goal: (-6.06, -6.10)
[frontier_explorer-1] [INFO] [1781256620.156400792] [frontier_explorer]: New sweep goal: (-6.06, -6.10)
[frontier_explorer-1] [INFO] [1781256624.233297420] [frontier_explorer]: New sweep goal: (-6.06, -6.10)
[frontier_explorer-1] [INFO] [1781256628.319517089] [frontier_explorer]: New sweep goal: (-6.06, -6.10)
[frontier_explorer-1] [WARN] [1781256630.305159724] [frontier_explorer]: Watchdog: work exists but no goal active and robot stationary - clearing costmaps
[frontier_explorer-1] [INFO] [1781256632.390993436] [frontier_explorer]: New sweep goal: (-6.06, -6.10)
[frontier_explorer-1] [INFO] [1781256636.472933174] [frontier_explorer]: New sweep goal: (-6.06, -6.10)
[frontier_explorer-1] [INFO] [1781256640.546046349] [frontier_explorer]: New sweep goal: (-6.06, -6.10)
[frontier_explorer-1] [INFO] [1781256644.620475938] [frontier_explorer]: New sweep goal: (-6.06, -6.10)
[frontier_explorer-1] [INFO] [1781256648.708422055] [frontier_explorer]: New sweep goal: (-6.06, -6.10)
[frontier_explorer-1] [WARN] [1781256650.712440286] [frontier_explorer]: Watchdog: work exists but no goal active and robot stationary - clearing costmaps
[frontier_explorer-1] [WARN] [1781256650.761428414] [frontier_explorer]: Watchdog: resetting blacklist
[frontier_explorer-1] [INFO] [1781256652.788139142] [frontier_explorer]: New sweep goal: (-6.06, -6.10)
[frontier_explorer-1] [INFO] [1781256656.876148359] [frontier_explorer]: New sweep goal: (-6.06, -6.10)
[frontier_explorer-1] [INFO] [1781256660.943892054] [frontier_explorer]: New sweep goal: (-6.06, -6.10)
[frontier_explorer-1] [INFO] [1781256665.025447129] [frontier_explorer]: New sweep goal: (-6.06, -6.10)
[frontier_explorer-1] [INFO] [1781256669.092662537] [frontier_explorer]: New sweep goal: (-6.06, -6.10)
[frontier_explorer-1] [WARN] [1781256671.084637012] [frontier_explorer]: Watchdog: work exists but no goal active and robot stationary - clearing costmaps
[frontier_explorer-1] [INFO] [1781256673.178633032] [frontier_explorer]: New sweep goal: (-6.06, -6.10)
[frontier_explorer-1] [INFO] [1781256677.261544330] [frontier_explorer]: New sweep goal: (-6.06, -6.10)
[frontier_explorer-1] [INFO] [1781256681.345708664] [frontier_explorer]: New sweep goal: (-6.06, -6.10)
[frontier_explorer-1] [INFO] [1781256685.423912916] [frontier_explorer]: New sweep goal: (-6.06, -6.10)
[frontier_explorer-1] [INFO] [1781256689.489034217] [frontier_explorer]: New sweep goal: (-6.06, -6.10)
[frontier_explorer-1] [WARN] [1781256691.476369346] [frontier_explorer]: Watchdog: work exists but no goal active and robot stationary - clearing costmaps
[frontier_explorer-1] [INFO] [1781256693.565978114] [frontier_explorer]: New sweep goal: (-6.06, -6.10)
[frontier_explorer-1] [INFO] [1781256697.643277554] [frontier_explorer]: New sweep goal: (-6.06, -6.10)
[frontier_explorer-1] [INFO] [1781256701.720051249] [frontier_explorer]: New sweep goal: (-6.06, -6.10)
[frontier_explorer-1] [INFO] [1781256705.801879024] [frontier_explorer]: New sweep goal: (-6.06, -6.10)
[frontier_explorer-1] [INFO] [1781256709.870392999] [frontier_explorer]: New sweep goal: (-6.06, -6.10)
[frontier_explorer-1] [WARN] [1781256711.861639144] [frontier_explorer]: Watchdog: work exists but no goal active and robot stationary - clearing costmaps
[frontier_explorer-1] [WARN] [1781256711.901156836] [frontier_explorer]: Watchdog: resetting blacklist
[frontier_explorer-1] [INFO] [1781256713.957814989] [frontier_explorer]: New sweep goal: (-6.06, -6.10)
[frontier_explorer-1] [INFO] [1781256718.018814527] [frontier_explorer]: New sweep goal: (-6.06, -6.10)
[frontier_explorer-1] [INFO] [1781256722.090637650] [frontier_explorer]: New sweep goal: (-6.06, -6.10)
[frontier_explorer-1] [INFO] [1781256726.167868152] [frontier_explorer]: New sweep goal: (-6.06, -6.10)
[frontier_explorer-1] [INFO] [1781256730.241838330] [frontier_explorer]: New sweep goal: (-6.06, -6.10)
[frontier_explorer-1] [WARN] [1781256732.227449632] [frontier_explorer]: Watchdog: work exists but no goal active and robot stationary - clearing costmaps
[frontier_explorer-1] [INFO] [1781256734.318912135] [frontier_explorer]: New sweep goal: (-6.06, -6.10)
[frontier_explorer-1] [INFO] [1781256738.395966245] [frontier_explorer]: New sweep goal: (-6.06, -6.10)
[frontier_explorer-1] [INFO] [1781256742.470036528] [frontier_explorer]: New sweep goal: (-6.06, -6.10)
[frontier_explorer-1] [INFO] [1781256746.534867417] [frontier_explorer]: New sweep goal: (-6.06, -6.10)
[frontier_explorer-1] [INFO] [1781256750.606265212] [frontier_explorer]: New sweep goal: (-6.06, -6.10)
[frontier_explorer-1] [WARN] [1781256752.594455097] [frontier_explorer]: Watchdog: work exists but no goal active and robot stationary - clearing costmaps
[frontier_explorer-1] [INFO] [1781256754.677836805] [frontier_explorer]: New sweep goal: (-6.06, -6.10)
[frontier_explorer-1] [INFO] [1781256758.769845983] [frontier_explorer]: New sweep goal: (-6.06, -6.10)
[frontier_explorer-1] [INFO] [1781256762.831650158] [frontier_explorer]: New sweep goal: (-6.06, -6.10)
[frontier_explorer-1] [INFO] [1781256766.908510052] [frontier_explorer]: New sweep goal: (-6.06, -6.10)
[frontier_explorer-1] [INFO] [1781256770.991898473] [frontier_explorer]: New sweep goal: (-6.06, -6.10)
[frontier_explorer-1] [INFO] [1781256775.084810069] [frontier_explorer]: New sweep goal: (-6.06, -6.10)
[frontier_explorer-1] [INFO] [1781256779.151230268] [frontier_explorer]: New sweep goal: (-6.06, -6.10)
[frontier_explorer-1] [INFO] [1781256783.231678580] [frontier_explorer]: New sweep goal: (-6.06, -6.10)
[frontier_explorer-1] [INFO] [1781256787.302353374] [frontier_explorer]: New sweep goal: (-6.06, -6.10)
[frontier_explorer-1] [INFO] [1781256791.390713469] [frontier_explorer]: New sweep goal: (-6.06, -6.10)
[frontier_explorer-1] [WARN] [1781256793.377474719] [frontier_explorer]: Watchdog: work exists but no goal active and robot stationary - clearing costmaps
[frontier_explorer-1] [WARN] [1781256793.414845846] [frontier_explorer]: Watchdog: resetting blacklist
[frontier_explorer-1] [INFO] [1781256795.468636048] [frontier_explorer]: New sweep goal: (-6.06, -6.10)
[frontier_explorer-1] [INFO] [1781256799.554430621] [frontier_explorer]: New sweep goal: (-6.06, -6.10)
[frontier_explorer-1] [INFO] [1781256803.627045896] [frontier_explorer]: New sweep goal: (-6.06, -6.10)
[frontier_explorer-1] [INFO] [1781256807.699866832] [frontier_explorer]: New sweep goal: (-6.06, -6.10)
[frontier_explorer-1] [INFO] [1781256811.794039143] [frontier_explorer]: New sweep goal: (-6.06, -6.10)
[frontier_explorer-1] [INFO] [1781256815.864930056] [frontier_explorer]: New sweep goal: (-6.06, -6.10)
[frontier_explorer-1] [INFO] [1781256819.929499146] [frontier_explorer]: New sweep goal: (-6.06, -6.10)
[frontier_explorer-1] [INFO] [1781256824.027864511] [frontier_explorer]: New sweep goal: (-6.06, -6.10)
[frontier_explorer-1] [INFO] [1781256828.106609526] [frontier_explorer]: New sweep goal: (-6.06, -6.10)
[frontier_explorer-1] [INFO] [1781256832.213331424] [frontier_explorer]: New sweep goal: (-6.06, -6.10)
[frontier_explorer-1] [WARN] [1781256834.170907163] [frontier_explorer]: Watchdog: work exists but no goal active and robot stationary - clearing costmaps
[frontier_explorer-1] [INFO] [1781256836.257496498] [frontier_explorer]: New sweep goal: (-6.06, -6.10)
[frontier_explorer-1] [INFO] [1781256840.328077752] [frontier_explorer]: New sweep goal: (-6.06, -6.10)
[frontier_explorer-1] [INFO] [1781256844.406156127] [frontier_explorer]: New sweep goal: (-6.06, -6.10)
[frontier_explorer-1] [INFO] [1781256848.471124065] [frontier_explorer]: New sweep goal: (-6.06, -6.10)
[frontier_explorer-1] [INFO] [1781256852.541556041] [frontier_explorer]: New sweep goal: (-6.06, -6.10)
[frontier_explorer-1] [WARN] [1781256854.522571691] [frontier_explorer]: Watchdog: work exists but no goal active and robot stationary - clearing costmaps
[frontier_explorer-1] [INFO] [1781256856.611303225] [frontier_explorer]: New sweep goal: (-6.06, -6.10)
[frontier_explorer-1] [INFO] [1781256860.692881988] [frontier_explorer]: New sweep goal: (-6.06, -6.10)
[frontier_explorer-1] [INFO] [1781256868.850074470] [frontier_explorer]: New sweep goal: (-6.06, -6.10)
[frontier_explorer-1] [INFO] [1781256872.924398064] [frontier_explorer]: New sweep goal: (-6.06, -6.10)
[frontier_explorer-1] [WARN] [1781256874.903160800] [frontier_explorer]: Watchdog: work exists but no goal active and robot stationary - clearing costmaps
[frontier_explorer-1] [WARN] [1781256874.940024174] [frontier_explorer]: Watchdog: resetting blacklist
[frontier_explorer-1] [INFO] [1781256876.999287353] [frontier_explorer]: New sweep goal: (-6.06, -6.10)
[frontier_explorer-1] [INFO] [1781256881.080554435] [frontier_explorer]: New sweep goal: (-6.06, -6.10)
[frontier_explorer-1] [INFO] [1781256885.157375447] [frontier_explorer]: New sweep goal: (-6.06, -6.10)
[frontier_explorer-1] [INFO] [1781256889.232273663] [frontier_explorer]: New sweep goal: (-6.06, -6.10)
[frontier_explorer-1] [INFO] [1781256893.313498736] [frontier_explorer]: New sweep goal: (-6.06, -6.10)
[frontier_explorer-1] [WARN] [1781256895.295444154] [frontier_explorer]: Watchdog: work exists but no goal active and robot stationary - clearing costmaps
[frontier_explorer-1] [INFO] [1781256897.385260261] [frontier_explorer]: New sweep goal: (-6.06, -6.10)
[frontier_explorer-1] [INFO] [1781256901.451862487] [frontier_explorer]: New sweep goal: (-6.06, -6.10)
[frontier_explorer-1] [INFO] [1781256905.525304891] [frontier_explorer]: New sweep goal: (-6.06, -6.10)
[frontier_explorer-1] [INFO] [1781256909.610895236] [frontier_explorer]: New sweep goal: (-6.06, -6.10)
[frontier_explorer-1] [INFO] [1781256913.676337569] [frontier_explorer]: New sweep goal: (-6.06, -6.10)
[frontier_explorer-1] [WARN] [1781256915.668542857] [frontier_explorer]: Watchdog: work exists but no goal active and robot stationary - clearing costmaps
[frontier_explorer-1] [INFO] [1781256917.760594429] [frontier_explorer]: New sweep goal: (-6.06, -6.10)
[frontier_explorer-1] [INFO] [1781256921.840373682] [frontier_explorer]: New sweep goal: (-6.06, -6.10)
[frontier_explorer-1] [INFO] [1781256925.919826269] [frontier_explorer]: New sweep goal: (-6.06, -6.10)
[frontier_explorer-1] [INFO] [1781256929.988446357] [frontier_explorer]: New sweep goal: (-6.06, -6.10)
[frontier_explorer-1] [INFO] [1781256934.053087371] [frontier_explorer]: New sweep goal: (-6.06, -6.10)
[frontier_explorer-1] [WARN] [1781256936.042200463] [frontier_explorer]: Watchdog: work exists but no goal active and robot stationary - clearing costmaps
[frontier_explorer-1] [WARN] [1781256936.078506829] [frontier_explorer]: Watchdog: resetting blacklist
[frontier_explorer-1] [INFO] [1781256938.123138437] [frontier_explorer]: New sweep goal: (-6.06, -6.10)
[frontier_explorer-1] [INFO] [1781256942.188291535] [frontier_explorer]: New sweep goal: (-6.06, -6.10)
[frontier_explorer-1] [INFO] [1781256946.265000538] [frontier_explorer]: New sweep goal: (-6.06, -6.10)
[frontier_explorer-1] [INFO] [1781256950.339301428] [frontier_explorer]: New sweep goal: (-6.06, -6.10)
[frontier_explorer-1] [INFO] [1781256954.427039678] [frontier_explorer]: New sweep goal: (-6.06, -6.10)
[frontier_explorer-1] [WARN] [1781256956.405361963] [frontier_explorer]: Watchdog: work exists but no goal active and robot stationary - clearing costmaps
[frontier_explorer-1] [INFO] [1781256958.490704445] [frontier_explorer]: New sweep goal: (-6.06, -6.10)
[frontier_explorer-1] [INFO] [1781256962.578980039] [frontier_explorer]: New sweep goal: (-6.06, -6.10)
[frontier_explorer-1] [INFO] [1781256966.652707907] [frontier_explorer]: New sweep goal: (-6.06, -6.10)
[frontier_explorer-1] [INFO] [1781256970.720093606] [frontier_explorer]: New sweep goal: (-6.06, -6.10)
[frontier_explorer-1] [INFO] [1781256974.789412243] [frontier_explorer]: New sweep goal: (-6.06, -6.10)
[frontier_explorer-1] [WARN] [1781256976.775204020] [frontier_explorer]: Watchdog: work exists but no goal active and robot stationary - clearing costmaps
[frontier_explorer-1] [INFO] [1781256978.856732720] [frontier_explorer]: New sweep goal: (-6.06, -6.10)
[frontier_explorer-1] [INFO] [1781256982.948307341] [frontier_explorer]: New sweep goal: (-6.06, -6.10)
[frontier_explorer-1] [INFO] [1781256987.030958473] [frontier_explorer]: New sweep goal: (-6.06, -6.10)
[frontier_explorer-1] [INFO] [1781256991.109005180] [frontier_explorer]: New sweep goal: (-6.06, -6.10)
[frontier_explorer-1] [INFO] [1781256995.182028085] [frontier_explorer]: New sweep goal: (-6.06, -6.10)
[frontier_explorer-1] [WARN] [1781256997.169398803] [frontier_explorer]: Watchdog: work exists but no goal active and robot stationary - clearing costmaps
[frontier_explorer-1] [WARN] [1781256997.206507964] [frontier_explorer]: Watchdog: resetting blacklist
[frontier_explorer-1] [INFO] [1781256999.256898802] [frontier_explorer]: New sweep goal: (-6.06, -6.10)
[frontier_explorer-1] [INFO] [1781257003.330322468] [frontier_explorer]: New sweep goal: (-6.06, -6.10)
[frontier_explorer-1] [INFO] [1781257007.414481518] [frontier_explorer]: New sweep goal: (-6.06, -6.10)
[frontier_explorer-1] [INFO] [1781257011.480911906] [frontier_explorer]: New sweep goal: (-6.06, -6.10)
[frontier_explorer-1] [INFO] [1781257015.558548129] [frontier_explorer]: New sweep goal: (-6.06, -6.10)
[frontier_explorer-1] [WARN] [1781257017.533176342] [frontier_explorer]: Watchdog: work exists but no goal active and robot stationary - clearing costmaps
[frontier_explorer-1] [INFO] [1781257019.617111785] [frontier_explorer]: New sweep goal: (-6.06, -6.10)
[frontier_explorer-1] [INFO] [1781257023.691822179] [frontier_explorer]: New sweep goal: (-6.06, -6.10)
[frontier_explorer-1] [INFO] [1781257027.776177893] [frontier_explorer]: New sweep goal: (-6.06, -6.10)
[frontier_explorer-1] [INFO] [1781257031.835356730] [frontier_explorer]: New sweep goal: (-6.06, -6.10)
[frontier_explorer-1] [INFO] [1781257035.917527782] [frontier_explorer]: New sweep goal: (-6.06, -6.10)
[frontier_explorer-1] [WARN] [1781257037.900609302] [frontier_explorer]: Watchdog: work exists but no goal active and robot stationary - clearing costmaps
[frontier_explorer-1] [INFO] [1781257039.999461601] [frontier_explorer]: New sweep goal: (-6.06, -6.10)
[frontier_explorer-1] [INFO] [1781257044.065652163] [frontier_explorer]: New sweep goal: (-6.06, -6.10)
[frontier_explorer-1] [INFO] [1781257048.140911701] [frontier_explorer]: New sweep goal: (-6.06, -6.10)
[frontier_explorer-1] [INFO] [1781257052.203991843] [frontier_explorer]: New sweep goal: (-6.06, -6.10)
[frontier_explorer-1] [INFO] [1781257056.276561790] [frontier_explorer]: New sweep goal: (-6.06, -6.10)
[frontier_explorer-1] [WARN] [1781257058.255059302] [frontier_explorer]: Watchdog: work exists but no goal active and robot stationary - clearing costmaps
[frontier_explorer-1] [WARN] [1781257058.292440254] [frontier_explorer]: Watchdog: resetting blacklist
[frontier_explorer-1] [INFO] [1781257060.347317739] [frontier_explorer]: New sweep goal: (-6.06, -6.10)
[frontier_explorer-1] [INFO] [1781257064.429307317] [frontier_explorer]: New sweep goal: (-6.06, -6.10)
[frontier_explorer-1] [INFO] [1781257068.511356101] [frontier_explorer]: New sweep goal: (-6.06, -6.10)
[frontier_explorer-1] [INFO] [1781257072.580963203] [frontier_explorer]: New sweep goal: (-6.06, -6.10)
[frontier_explorer-1] [INFO] [1781257076.659451264] [frontier_explorer]: New sweep goal: (-6.06, -6.10)
[frontier_explorer-1] [WARN] [1781257078.648768435] [frontier_explorer]: Watchdog: work exists but no goal active and robot stationary - clearing costmaps
[frontier_explorer-1] [INFO] [1781257080.733301989] [frontier_explorer]: New sweep goal: (-6.06, -6.10)
[frontier_explorer-1] [INFO] [1781257084.815456498] [frontier_explorer]: New sweep goal: (-6.06, -6.10)
[frontier_explorer-1] [INFO] [1781257088.886280249] [frontier_explorer]: New sweep goal: (-6.06, -6.10)
[frontier_explorer-1] [INFO] [1781257092.960078508] [frontier_explorer]: New sweep goal: (-6.06, -6.10)
[frontier_explorer-1] [INFO] [1781257097.036110094] [frontier_explorer]: New sweep goal: (-6.06, -6.10)
[frontier_explorer-1] [WARN] [1781257099.012043646] [frontier_explorer]: Watchdog: work exists but no goal active and robot stationary - clearing costmaps
[frontier_explorer-1] [INFO] [1781257101.129846916] [frontier_explorer]: New sweep goal: (-6.06, -6.10)
[frontier_explorer-1] [INFO] [1781257109.269213876] [frontier_explorer]: New sweep goal: (-6.06, -6.10)
[frontier_explorer-1] [INFO] [1781257113.326722327] [frontier_explorer]: New sweep goal: (-6.06, -6.10)
[frontier_explorer-1] [INFO] [1781257117.412615552] [frontier_explorer]: New sweep goal: (-6.06, -6.10)
[frontier_explorer-1] [WARN] [1781257119.393439399] [frontier_explorer]: Watchdog: work exists but no goal active and robot stationary - clearing costmaps
[frontier_explorer-1] [WARN] [1781257119.433296641] [frontier_explorer]: Watchdog: resetting blacklist
[frontier_explorer-1] [INFO] [1781257121.482431755] [frontier_explorer]: New sweep goal: (-6.06, -6.10)
[frontier_explorer-1] [INFO] [1781257125.561315786] [frontier_explorer]: New sweep goal: (-6.06, -6.10)
[frontier_explorer-1] [INFO] [1781257129.635004461] [frontier_explorer]: New sweep goal: (-6.06, -6.10)
[frontier_explorer-1] [INFO] [1781257133.725375277] [frontier_explorer]: New sweep goal: (-6.06, -6.10)
[frontier_explorer-1] [INFO] [1781257137.788934407] [frontier_explorer]: New sweep goal: (-6.06, -6.10)
[frontier_explorer-1] [WARN] [1781257139.775968584] [frontier_explorer]: Watchdog: work exists but no goal active and robot stationary - clearing costmaps
[frontier_explorer-1] [INFO] [1781257141.865038578] [frontier_explorer]: New sweep goal: (-6.06, -6.10)
[frontier_explorer-1] [INFO] [1781257145.934204894] [frontier_explorer]: New sweep goal: (-6.06, -6.10)
[frontier_explorer-1] [INFO] [1781257150.017853692] [frontier_explorer]: New sweep goal: (-6.06, -6.10)
[frontier_explorer-1] [INFO] [1781257154.085946620] [frontier_explorer]: New sweep goal: (-6.06, -6.10)
[frontier_explorer-1] [INFO] [1781257158.166607380] [frontier_explorer]: New sweep goal: (-6.06, -6.10)
[frontier_explorer-1] [WARN] [1781257160.144740671] [frontier_explorer]: Watchdog: work exists but no goal active and robot stationary - clearing costmaps
[frontier_explorer-1] [INFO] [1781257162.232606917] [frontier_explorer]: New sweep goal: (-6.06, -6.10)
[frontier_explorer-1] [INFO] [1781257166.303494513] [frontier_explorer]: New sweep goal: (-6.06, -6.10)
[frontier_explorer-1] [INFO] [1781257170.383695088] [frontier_explorer]: New sweep goal: (-6.06, -6.10)
[frontier_explorer-1] [INFO] [1781257174.455928663] [frontier_explorer]: New sweep goal: (-6.06, -6.10)
[frontier_explorer-1] [INFO] [1781257178.533116825] [frontier_explorer]: New sweep goal: (-6.06, -6.10)
[frontier_explorer-1] [WARN] [1781257180.513648632] [frontier_explorer]: Watchdog: work exists but no goal active and robot stationary - clearing costmaps
[frontier_explorer-1] [WARN] [1781257180.549965354] [frontier_explorer]: Watchdog: resetting blacklist
[frontier_explorer-1] [INFO] [1781257182.602678809] [frontier_explorer]: New sweep goal: (-6.06, -6.10)
[frontier_explorer-1] [INFO] [1781257186.671249661] [frontier_explorer]: New sweep goal: (-6.06, -6.10)
[frontier_explorer-1] [INFO] [1781257190.731863279] [frontier_explorer]: New sweep goal: (-6.06, -6.10)
[frontier_explorer-1] [INFO] [1781257194.814452437] [frontier_explorer]: New sweep goal: (-6.06, -6.10)
[frontier_explorer-1] [INFO] [1781257198.891533306] [frontier_explorer]: New sweep goal: (-6.06, -6.10)
[frontier_explorer-1] [WARN] [1781257200.874543814] [frontier_explorer]: Watchdog: work exists but no goal active and robot stationary - clearing costmaps
[frontier_explorer-1] [INFO] [1781257202.960325952] [frontier_explorer]: New sweep goal: (-6.06, -6.10)
[frontier_explorer-1] [INFO] [1781257207.045272781] [frontier_explorer]: New sweep goal: (-6.06, -6.10)
[frontier_explorer-1] [INFO] [1781257211.145052384] [frontier_explorer]: New sweep goal: (-6.06, -6.10)
[frontier_explorer-1] [INFO] [1781257215.186063523] [frontier_explorer]: New sweep goal: (-6.06, -6.10)
[frontier_explorer-1] [INFO] [1781257219.268643973] [frontier_explorer]: New sweep goal: (-6.06, -6.10)
[frontier_explorer-1] [WARN] [1781257221.258664812] [frontier_explorer]: Watchdog: work exists but no goal active and robot stationary - clearing costmaps
[frontier_explorer-1] [INFO] [1781257223.350186322] [frontier_explorer]: New sweep goal: (-6.06, -6.10)
[frontier_explorer-1] [INFO] [1781257227.416790063] [frontier_explorer]: New sweep goal: (-6.06, -6.10)
[frontier_explorer-1] [INFO] [1781257231.490252050] [frontier_explorer]: New sweep goal: (-6.06, -6.10)
[frontier_explorer-1] [INFO] [1781257235.568643178] [frontier_explorer]: New sweep goal: (-6.06, -6.10)
[frontier_explorer-1] [INFO] [1781257239.639390660] [frontier_explorer]: New sweep goal: (-6.06, -6.10)
[frontier_explorer-1] [WARN] [1781257241.627309949] [frontier_explorer]: Watchdog: work exists but no goal active and robot stationary - clearing costmaps
[frontier_explorer-1] [WARN] [1781257241.664392132] [frontier_explorer]: Watchdog: resetting blacklist
[frontier_explorer-1] [INFO] [1781257243.720186670] [frontier_explorer]: New sweep goal: (-6.06, -6.10)
[frontier_explorer-1] [INFO] [1781257247.793264131] [frontier_explorer]: New sweep goal: (-6.06, -6.10)
[frontier_explorer-1] [INFO] [1781257251.864857404] [frontier_explorer]: New sweep goal: (-6.06, -6.10)
[frontier_explorer-1] [INFO] [1781257255.965573305] [frontier_explorer]: New sweep goal: (-6.06, -6.10)
[frontier_explorer-1] [INFO] [1781257260.038508015] [frontier_explorer]: New sweep goal: (-6.06, -6.10)
[frontier_explorer-1] [INFO] [1781257264.123816305] [frontier_explorer]: New sweep goal: (-6.06, -6.10)
[frontier_explorer-1] [INFO] [1781257268.229425443] [frontier_explorer]: New sweep goal: (-6.06, -6.10)
[frontier_explorer-1] [INFO] [1781257272.297862038] [frontier_explorer]: New sweep goal: (-6.06, -6.10)
[frontier_explorer-1] [INFO] [1781257276.376747373] [frontier_explorer]: New sweep goal: (-6.06, -6.10)
[frontier_explorer-1] [INFO] [1781257280.444603614] [frontier_explorer]: New sweep goal: (-6.06, -6.10)
[frontier_explorer-1] [WARN] [1781257282.434074576] [frontier_explorer]: Watchdog: work exists but no goal active and robot stationary - clearing costmaps
[frontier_explorer-1] [INFO] [1781257284.526021812] [frontier_explorer]: New sweep goal: (-6.06, -6.10)
[frontier_explorer-1] [INFO] [1781257288.598317288] [frontier_explorer]: New sweep goal: (-6.06, -6.10)
[frontier_explorer-1] [INFO] [1781257292.679931276] [frontier_explorer]: New sweep goal: (-6.06, -6.10)
[frontier_explorer-1] [INFO] [1781257296.745786467] [frontier_explorer]: New sweep goal: (-6.06, -6.10)
[frontier_explorer-1] [INFO] [1781257300.827790308] [frontier_explorer]: New sweep goal: (-6.06, -6.10)
[frontier_explorer-1] [WARN] [1781257302.819125955] [frontier_explorer]: Watchdog: work exists but no goal active and robot stationary - clearing costmaps
[frontier_explorer-1] [INFO] [1781257304.905863449] [frontier_explorer]: New sweep goal: (-6.06, -6.10)
[frontier_explorer-1] [INFO] [1781257308.987360278] [frontier_explorer]: New sweep goal: (-6.06, -6.10)
[frontier_explorer-1] [INFO] [1781257313.053272546] [frontier_explorer]: New sweep goal: (-6.06, -6.10)
[frontier_explorer-1] [INFO] [1781257317.148707631] [frontier_explorer]: New sweep goal: (-6.06, -6.10)
[frontier_explorer-1] [INFO] [1781257321.264434095] [frontier_explorer]: New sweep goal: (-6.06, -6.10)
[frontier_explorer-1] [WARN] [1781257323.210691144] [frontier_explorer]: Watchdog: work exists but no goal active and robot stationary - clearing costmaps
[frontier_explorer-1] [WARN] [1781257323.247369129] [frontier_explorer]: Watchdog: resetting blacklist
[frontier_explorer-1] [INFO] [1781257325.296604589] [frontier_explorer]: New sweep goal: (-6.06, -6.10)
[frontier_explorer-1] [INFO] [1781257329.371043251] [frontier_explorer]: New sweep goal: (-6.06, -6.10)
[frontier_explorer-1] [INFO] [1781257333.452029870] [frontier_explorer]: New sweep goal: (-6.06, -6.10)
[frontier_explorer-1] [INFO] [1781257337.527328113] [frontier_explorer]: New sweep goal: (-6.06, -6.10)
[frontier_explorer-1] [INFO] [1781257341.589463327] [frontier_explorer]: New sweep goal: (-6.06, -6.10)
[frontier_explorer-1] [WARN] [1781257343.574068347] [frontier_explorer]: Watchdog: work exists but no goal active and robot stationary - clearing costmaps
[frontier_explorer-1] [INFO] [1781257345.669729709] [frontier_explorer]: New sweep goal: (-6.06, -6.10)
[frontier_explorer-1] [INFO] [1781257349.739784811] [frontier_explorer]: New sweep goal: (-6.06, -6.10)
[frontier_explorer-1] [INFO] [1781257353.813223923] [frontier_explorer]: New sweep goal: (-6.06, -6.10)
[frontier_explorer-1] [INFO] [1781257357.888121563] [frontier_explorer]: New sweep goal: (-6.06, -6.10)
[frontier_explorer-1] [INFO] [1781257361.967582935] [frontier_explorer]: New sweep goal: (-6.06, -6.10)
[frontier_explorer-1] [WARN] [1781257363.945090255] [frontier_explorer]: Watchdog: work exists but no goal active and robot stationary - clearing costmaps
[frontier_explorer-1] [INFO] [1781257366.043230042] [frontier_explorer]: New sweep goal: (-6.06, -6.10)
[frontier_explorer-1] [INFO] [1781257370.112881804] [frontier_explorer]: New sweep goal: (-6.06, -6.10)
[frontier_explorer-1] [INFO] [1781257374.216467959] [frontier_explorer]: New sweep goal: (-6.06, -6.10)
[frontier_explorer-1] [INFO] [1781257378.275670084] [frontier_explorer]: New sweep goal: (-6.06, -6.10)
[frontier_explorer-1] [INFO] [1781257382.353104101] [frontier_explorer]: New sweep goal: (-6.06, -6.10)
[frontier_explorer-1] [WARN] [1781257384.332401032] [frontier_explorer]: Watchdog: work exists but no goal active and robot stationary - clearing costmaps
[frontier_explorer-1] [WARN] [1781257384.371372588] [frontier_explorer]: Watchdog: resetting blacklist
[frontier_explorer-1] [INFO] [1781257386.415118718] [frontier_explorer]: New sweep goal: (-6.06, -6.10)
[frontier_explorer-1] [INFO] [1781257390.486278305] [frontier_explorer]: New sweep goal: (-6.06, -6.10)
[frontier_explorer-1] [INFO] [1781257394.563887828] [frontier_explorer]: New sweep goal: (-6.06, -6.10)
[frontier_explorer-1] [INFO] [1781257398.648932952] [frontier_explorer]: New sweep goal: (-6.06, -6.10)
[frontier_explorer-1] [INFO] [1781257402.718906446] [frontier_explorer]: New sweep goal: (-6.06, -6.10)
[frontier_explorer-1] [WARN] [1781257404.702056818] [frontier_explorer]: Watchdog: work exists but no goal active and robot stationary - clearing costmaps
[frontier_explorer-1] [INFO] [1781257406.791251739] [frontier_explorer]: New sweep goal: (-6.06, -6.10)
[frontier_explorer-1] [INFO] [1781257410.859993922] [frontier_explorer]: New sweep goal: (-6.06, -6.10)
[frontier_explorer-1] [INFO] [1781257414.923462644] [frontier_explorer]: New sweep goal: (-6.06, -6.10)
[frontier_explorer-1] [INFO] [1781257419.013604211] [frontier_explorer]: New sweep goal: (-6.06, -6.10)
[frontier_explorer-1] [INFO] [1781257423.088350576] [frontier_explorer]: New sweep goal: (-6.06, -6.10)
[frontier_explorer-1] [WARN] [1781257425.070885876] [frontier_explorer]: Watchdog: work exists but no goal active and robot stationary - clearing costmaps
[frontier_explorer-1] [INFO] [1781257427.164777624] [frontier_explorer]: New sweep goal: (-6.06, -6.10)
[frontier_explorer-1] [INFO] [1781257431.251958772] [frontier_explorer]: New sweep goal: (-6.06, -6.10)
[frontier_explorer-1] [INFO] [1781257435.320392792] [frontier_explorer]: New sweep goal: (-6.06, -6.10)
[frontier_explorer-1] [INFO] [1781257439.403493956] [frontier_explorer]: New sweep goal: (-6.06, -6.10)
[frontier_explorer-1] [INFO] [1781257443.479330429] [frontier_explorer]: New sweep goal: (-6.06, -6.10)
[frontier_explorer-1] [WARN] [1781257445.457228844] [frontier_explorer]: Watchdog: work exists but no goal active and robot stationary - clearing costmaps
[frontier_explorer-1] [WARN] [1781257445.495677849] [frontier_explorer]: Watchdog: resetting blacklist
[frontier_explorer-1] [INFO] [1781257447.550136628] [frontier_explorer]: New sweep goal: (-6.06, -6.10)
[frontier_explorer-1] [INFO] [1781257451.631235816] [frontier_explorer]: New sweep goal: (-6.06, -6.10)
[frontier_explorer-1] [INFO] [1781257455.701478983] [frontier_explorer]: New sweep goal: (-6.06, -6.10)
[frontier_explorer-1] [INFO] [1781257459.780728432] [frontier_explorer]: New sweep goal: (-6.06, -6.10)
[frontier_explorer-1] [INFO] [1781257463.845115191] [frontier_explorer]: New sweep goal: (-6.06, -6.10)
[frontier_explorer-1] [WARN] [1781257465.827352547] [frontier_explorer]: Watchdog: work exists but no goal active and robot stationary - clearing costmaps
[frontier_explorer-1] [INFO] [1781257467.942919530] [frontier_explorer]: New sweep goal: (-6.06, -6.10)
[frontier_explorer-1] [INFO] [1781257471.995118620] [frontier_explorer]: New sweep goal: (-6.06, -6.10)
[frontier_explorer-1] [INFO] [1781257476.071123145] [frontier_explorer]: New sweep goal: (-6.06, -6.10)
[frontier_explorer-1] [INFO] [1781257480.142126066] [frontier_explorer]: New sweep goal: (-6.06, -6.10)
[frontier_explorer-1] [INFO] [1781257484.224901750] [frontier_explorer]: New sweep goal: (-6.06, -6.10)
[frontier_explorer-1] [INFO] [1781257504.858364812] [frontier_explorer]: New sweep goal: (-6.06, -6.10)
[frontier_explorer-1] [WARN] [1781257506.853207402] [frontier_explorer]: Watchdog: work exists but no goal active and robot stationary - clearing costmaps
[frontier_explorer-1] [INFO] [1781257508.951184112] [frontier_explorer]: New sweep goal: (-6.06, -6.10)
[frontier_explorer-1] [INFO] [1781257513.029620653] [frontier_explorer]: New sweep goal: (-6.06, -6.10)
[frontier_explorer-1] [INFO] [1781257517.108454069] [frontier_explorer]: New sweep goal: (-6.06, -6.10)
[frontier_explorer-1] [INFO] [1781257521.191670836] [frontier_explorer]: New sweep goal: (-6.06, -6.10)
[frontier_explorer-1] [INFO] [1781257525.268356487] [frontier_explorer]: New sweep goal: (-6.06, -6.10)
[frontier_explorer-1] [WARN] [1781257527.263492036] [frontier_explorer]: Watchdog: work exists but no goal active and robot stationary - clearing costmaps
[frontier_explorer-1] [WARN] [1781257527.304620761] [frontier_explorer]: Watchdog: resetting blacklist
[frontier_explorer-1] [INFO] [1781257529.361475368] [frontier_explorer]: New sweep goal: (-6.06, -6.10)
[frontier_explorer-1] [INFO] [1781257533.452939458] [frontier_explorer]: New sweep goal: (-6.06, -6.10)
[frontier_explorer-1] [INFO] [1781257537.519617989] [frontier_explorer]: New sweep goal: (-6.06, -6.10)
[frontier_explorer-1] [INFO] [1781257541.610057602] [frontier_explorer]: New sweep goal: (-6.06, -6.10)
[frontier_explorer-1] [INFO] [1781257545.690162516] [frontier_explorer]: New sweep goal: (-6.06, -6.10)
[frontier_explorer-1] [WARN] [1781257547.673650771] [frontier_explorer]: Watchdog: work exists but no goal active and robot stationary - clearing costmaps
[frontier_explorer-1] [INFO] [1781257549.755486646] [frontier_explorer]: New sweep goal: (-6.06, -6.10)
[frontier_explorer-1] [INFO] [1781257553.833107084] [frontier_explorer]: New sweep goal: (-6.06, -6.10)
[frontier_explorer-1] [INFO] [1781257557.913053216] [frontier_explorer]: New sweep goal: (-6.06, -6.10)
[frontier_explorer-1] [INFO] [1781257561.999348702] [frontier_explorer]: New sweep goal: (-6.06, -6.10)
[frontier_explorer-1] [INFO] [1781257566.068827999] [frontier_explorer]: New sweep goal: (-6.06, -6.10)
[frontier_explorer-1] [WARN] [1781257568.055120024] [frontier_explorer]: Watchdog: work exists but no goal active and robot stationary - clearing costmaps
[frontier_explorer-1] [INFO] [1781257570.157741501] [frontier_explorer]: New sweep goal: (-6.06, -6.10)
[frontier_explorer-1] [INFO] [1781257574.242715907] [frontier_explorer]: New sweep goal: (-6.06, -6.10)
[frontier_explorer-1] [INFO] [1781257578.341664456] [frontier_explorer]: New sweep goal: (-6.06, -6.10)
[frontier_explorer-1] [INFO] [1781257582.422195005] [frontier_explorer]: New sweep goal: (-6.06, -6.10)
[frontier_explorer-1] [INFO] [1781257586.497156666] [frontier_explorer]: New sweep goal: (-6.06, -6.10)
[frontier_explorer-1] [WARN] [1781257588.486778080] [frontier_explorer]: Watchdog: work exists but no goal active and robot stationary - clearing costmaps
[frontier_explorer-1] [WARN] [1781257588.529486544] [frontier_explorer]: Watchdog: resetting blacklist
[frontier_explorer-1] [INFO] [1781257590.585649251] [frontier_explorer]: New sweep goal: (-6.06, -6.10)
[frontier_explorer-1] [INFO] [1781257594.662597378] [frontier_explorer]: New sweep goal: (-6.06, -6.10)
[frontier_explorer-1] [INFO] [1781257598.738805722] [frontier_explorer]: New sweep goal: (-6.06, -6.10)
[frontier_explorer-1] [INFO] [1781257602.799115917] [frontier_explorer]: New sweep goal: (-6.06, -6.10)
[frontier_explorer-1] [INFO] [1781257606.885944234] [frontier_explorer]: New sweep goal: (-6.06, -6.10)
[frontier_explorer-1] [WARN] [1781257608.870212471] [frontier_explorer]: Watchdog: work exists but no goal active and robot stationary - clearing costmaps
[frontier_explorer-1] [INFO] [1781257610.966462344] [frontier_explorer]: New sweep goal: (-6.06, -6.10)
[frontier_explorer-1] [INFO] [1781257623.252374002] [frontier_explorer]: New sweep goal: (-6.06, -6.10)
[frontier_explorer-1] [INFO] [1781257627.329027174] [frontier_explorer]: New sweep goal: (-6.06, -6.10)
[frontier_explorer-1] [WARN] [1781257629.310114933] [frontier_explorer]: Watchdog: work exists but no goal active and robot stationary - clearing costmaps
[frontier_explorer-1] [INFO] [1781257631.425343332] [frontier_explorer]: New sweep goal: (-6.06, -6.10)
[frontier_explorer-1] [INFO] [1781257635.477395735] [frontier_explorer]: New sweep goal: (-6.06, -6.10)
[frontier_explorer-1] [INFO] [1781257639.567206815] [frontier_explorer]: New sweep goal: (-6.06, -6.10)
[frontier_explorer-1] [INFO] [1781257643.657827664] [frontier_explorer]: New sweep goal: (-6.06, -6.10)
[frontier_explorer-1] [INFO] [1781257647.762839576] [frontier_explorer]: New sweep goal: (-6.06, -6.10)
[frontier_explorer-1] [WARN] [1781257649.757484855] [frontier_explorer]: Watchdog: work exists but no goal active and robot stationary - clearing costmaps
[frontier_explorer-1] [WARN] [1781257649.809959364] [frontier_explorer]: Watchdog: resetting blacklist
[frontier_explorer-1] [INFO] [1781257651.889279745] [frontier_explorer]: New sweep goal: (-6.06, -6.10)
[frontier_explorer-1] [INFO] [1781257664.149111208] [frontier_explorer]: New sweep goal: (-6.06, -6.10)
[frontier_explorer-1] [INFO] [1781257668.240905546] [frontier_explorer]: New sweep goal: (-6.06, -6.10)
[frontier_explorer-1] [WARN] [1781257670.238191257] [frontier_explorer]: Watchdog: work exists but no goal active and robot stationary - clearing costmaps
[frontier_explorer-1] [INFO] [1781257672.327148339] [frontier_explorer]: New sweep goal: (-6.06, -6.10)
[frontier_explorer-1] [INFO] [1781257676.475092271] [frontier_explorer]: New sweep goal: (-6.06, -6.10)
[frontier_explorer-1] [INFO] [1781257684.650840827] [frontier_explorer]: New sweep goal: (-6.06, -6.10)
[frontier_explorer-1] [INFO] [1781257688.736390130] [frontier_explorer]: New sweep goal: (-6.06, -6.10)
[frontier_explorer-1] [WARN] [1781257690.716427785] [frontier_explorer]: Watchdog: work exists but no goal active and robot stationary - clearing costmaps
[frontier_explorer-1] [INFO] [1781257692.826427051] [frontier_explorer]: New sweep goal: (-6.06, -6.10)
[frontier_explorer-1] [INFO] [1781257696.897093921] [frontier_explorer]: New sweep goal: (-6.06, -6.10)
[frontier_explorer-1] [INFO] [1781257701.065542099] [frontier_explorer]: New sweep goal: (-6.06, -6.10)
[frontier_explorer-1] [INFO] [1781257709.230091659] [frontier_explorer]: New sweep goal: (-6.06, -6.10)
[frontier_explorer-1] [INFO] [1781257713.310200129] [frontier_explorer]: New sweep goal: (-6.06, -6.10)
[frontier_explorer-1] [INFO] [1781257717.390237644] [frontier_explorer]: New sweep goal: (-6.06, -6.10)
[frontier_explorer-1] [INFO] [1781257721.504250385] [frontier_explorer]: New sweep goal: (-6.06, -6.10)
[frontier_explorer-1] [INFO] [1781257725.541229897] [frontier_explorer]: New sweep goal: (-6.06, -6.10)
[frontier_explorer-1] [INFO] [1781257729.634105997] [frontier_explorer]: New sweep goal: (-6.06, -6.10)
[frontier_explorer-1] [WARN] [1781257731.622861493] [frontier_explorer]: Watchdog: work exists but no goal active and robot stationary - clearing costmaps
[frontier_explorer-1] [WARN] [1781257731.670893210] [frontier_explorer]: Watchdog: resetting blacklist
[frontier_explorer-1] [INFO] [1781257733.716347243] [frontier_explorer]: New sweep goal: (-6.06, -6.10)
[frontier_explorer-1] [INFO] [1781257737.796489380] [frontier_explorer]: New sweep goal: (-6.06, -6.10)
[frontier_explorer-1] [INFO] [1781257741.882543779] [frontier_explorer]: New sweep goal: (-6.06, -6.10)
[frontier_explorer-1] [INFO] [1781257745.948110685] [frontier_explorer]: New sweep goal: (-6.06, -6.10)
[frontier_explorer-1] [INFO] [1781257750.037903863] [frontier_explorer]: New sweep goal: (-6.06, -6.10)
[frontier_explorer-1] [WARN] [1781257752.028411361] [frontier_explorer]: Watchdog: work exists but no goal active and robot stationary - clearing costmaps
[frontier_explorer-1] [INFO] [1781257754.104443153] [frontier_explorer]: New sweep goal: (-6.06, -6.10)
[frontier_explorer-1] [INFO] [1781257758.195698424] [frontier_explorer]: New sweep goal: (-6.06, -6.10)
[frontier_explorer-1] [INFO] [1781257762.269075040] [frontier_explorer]: New sweep goal: (-6.06, -6.10)
[frontier_explorer-1] [INFO] [1781257766.352507506] [frontier_explorer]: New sweep goal: (-6.06, -6.10)
[frontier_explorer-1] [INFO] [1781257770.433291575] [frontier_explorer]: New sweep goal: (-6.06, -6.10)
[frontier_explorer-1] [WARN] [1781257772.420896465] [frontier_explorer]: Watchdog: work exists but no goal active and robot stationary - clearing costmaps
[frontier_explorer-1] [INFO] [1781257774.520427373] [frontier_explorer]: New sweep goal: (-6.06, -6.10)
[frontier_explorer-1] [INFO] [1781257778.599676260] [frontier_explorer]: New sweep goal: (-6.06, -6.10)
[frontier_explorer-1] [INFO] [1781257782.695233883] [frontier_explorer]: New sweep goal: (-6.06, -6.10)
[frontier_explorer-1] [INFO] [1781257786.758994921] [frontier_explorer]: New sweep goal: (-6.06, -6.10)
[frontier_explorer-1] [INFO] [1781257790.834151367] [frontier_explorer]: New sweep goal: (-6.06, -6.10)
[frontier_explorer-1] [WARN] [1781257792.818891549] [frontier_explorer]: Watchdog: work exists but no goal active and robot stationary - clearing costmaps
[frontier_explorer-1] [WARN] [1781257792.856445655] [frontier_explorer]: Watchdog: resetting blacklist
[frontier_explorer-1] [INFO] [1781257794.913328513] [frontier_explorer]: New sweep goal: (-6.06, -6.10)
[frontier_explorer-1] [INFO] [1781257798.999683251] [frontier_explorer]: New sweep goal: (-6.06, -6.10)
[frontier_explorer-1] [INFO] [1781257803.068080285] [frontier_explorer]: New sweep goal: (-6.06, -6.10)
[frontier_explorer-1] [INFO] [1781257807.150523926] [frontier_explorer]: New sweep goal: (-6.06, -6.10)
[frontier_explorer-1] [INFO] [1781257811.211980416] [frontier_explorer]: New sweep goal: (-6.06, -6.10)
[frontier_explorer-1] [WARN] [1781257813.202848256] [frontier_explorer]: Watchdog: work exists but no goal active and robot stationary - clearing costmaps
[frontier_explorer-1] [INFO] [1781257815.307906868] [frontier_explorer]: New sweep goal: (-6.06, -6.10)
[frontier_explorer-1] [INFO] [1781257819.383550903] [frontier_explorer]: New sweep goal: (-6.06, -6.10)
[frontier_explorer-1] [INFO] [1781257823.472821818] [frontier_explorer]: New sweep goal: (-6.06, -6.10)
[frontier_explorer-1] [INFO] [1781257827.537225504] [frontier_explorer]: New sweep goal: (-6.06, -6.10)
[frontier_explorer-1] [INFO] [1781257831.656871543] [frontier_explorer]: New sweep goal: (-6.06, -6.10)
[frontier_explorer-1] [WARN] [1781257833.602906146] [frontier_explorer]: Watchdog: work exists but no goal active and robot stationary - clearing costmaps
[frontier_explorer-1] [INFO] [1781257835.692992967] [frontier_explorer]: New sweep goal: (-6.06, -6.10)
[frontier_explorer-1] [INFO] [1781257839.771081212] [frontier_explorer]: New sweep goal: (-6.06, -6.10)
[frontier_explorer-1] [INFO] [1781257843.861500281] [frontier_explorer]: New sweep goal: (-6.06, -6.10)
[frontier_explorer-1] [INFO] [1781257847.921830550] [frontier_explorer]: New sweep goal: (-6.06, -6.10)
[frontier_explorer-1] [INFO] [1781257852.086461413] [frontier_explorer]: New sweep goal: (-6.06, -6.10)
[frontier_explorer-1] [INFO] [1781257864.396713130] [frontier_explorer]: New sweep goal: (-6.06, -6.10)
[frontier_explorer-1] [INFO] [1781257868.474853377] [frontier_explorer]: New sweep goal: (-6.06, -6.10)
[frontier_explorer-1] [INFO] [1781257872.557605610] [frontier_explorer]: New sweep goal: (-6.06, -6.10)
[frontier_explorer-1] [WARN] [1781257874.558085965] [frontier_explorer]: Watchdog: work exists but no goal active and robot stationary - clearing costmaps
[frontier_explorer-1] [WARN] [1781257874.604786760] [frontier_explorer]: Watchdog: resetting blacklist
[frontier_explorer-1] [INFO] [1781257876.647593905] [frontier_explorer]: New sweep goal: (-6.06, -6.10)
[frontier_explorer-1] [INFO] [1781257880.746786095] [frontier_explorer]: New sweep goal: (-6.06, -6.10)
[frontier_explorer-1] [INFO] [1781257884.821077871] [frontier_explorer]: New sweep goal: (-6.06, -6.10)
[frontier_explorer-1] [INFO] [1781257888.915097254] [frontier_explorer]: New sweep goal: (-6.06, -6.10)
[frontier_explorer-1] [INFO] [1781257893.012836585] [frontier_explorer]: New sweep goal: (-6.06, -6.10)
[frontier_explorer-1] [WARN] [1781257894.986877675] [frontier_explorer]: Watchdog: work exists but no goal active and robot stationary - clearing costmaps
[frontier_explorer-1] [INFO] [1781257897.096912336] [frontier_explorer]: New sweep goal: (-6.06, -6.10)
[frontier_explorer-1] [INFO] [1781257901.186742360] [frontier_explorer]: New sweep goal: (-6.06, -6.10)
[frontier_explorer-1] [INFO] [1781257905.279557920] [frontier_explorer]: New sweep goal: (-6.06, -6.10)
[frontier_explorer-1] [INFO] [1781257909.373336824] [frontier_explorer]: New sweep goal: (-6.06, -6.10)
[frontier_explorer-1] [INFO] [1781257913.468018994] [frontier_explorer]: New sweep goal: (-6.06, -6.10)
[frontier_explorer-1] [WARN] [1781257915.443988628] [frontier_explorer]: Watchdog: work exists but no goal active and robot stationary - clearing costmaps
[frontier_explorer-1] [INFO] [1781257917.545281991] [frontier_explorer]: New sweep goal: (-6.06, -6.10)
[frontier_explorer-1] [INFO] [1781257921.648866937] [frontier_explorer]: New sweep goal: (-6.06, -6.10)
[frontier_explorer-1] [INFO] [1781257925.715742308] [frontier_explorer]: New sweep goal: (-6.06, -6.10)
[frontier_explorer-1] [INFO] [1781257929.799071447] [frontier_explorer]: New sweep goal: (-6.06, -6.10)
[frontier_explorer-1] [INFO] [1781257933.896639174] [frontier_explorer]: New sweep goal: (-6.06, -6.10)
[frontier_explorer-1] [INFO] [1781257937.968573706] [frontier_explorer]: New sweep goal: (-6.06, -6.10)
[frontier_explorer-1] [INFO] [1781257942.062468916] [frontier_explorer]: New sweep goal: (-6.06, -6.10)
[frontier_explorer-1] [INFO] [1781257946.159642599] [frontier_explorer]: New sweep goal: (-6.06, -6.10)
[frontier_explorer-1] [INFO] [1781257950.244760561] [frontier_explorer]: New sweep goal: (-6.06, -6.10)
[frontier_explorer-1] [INFO] [1781257954.339528034] [frontier_explorer]: New sweep goal: (-6.06, -6.10)
[frontier_explorer-1] [WARN] [1781257956.324300565] [frontier_explorer]: Watchdog: work exists but no goal active and robot stationary - clearing costmaps
[frontier_explorer-1] [WARN] [1781257956.361485832] [frontier_explorer]: Watchdog: resetting blacklist
[frontier_explorer-1] [INFO] [1781257958.417635571] [frontier_explorer]: New sweep goal: (-6.06, -6.10)
[frontier_explorer-1] [INFO] [1781257962.500890849] [frontier_explorer]: New sweep goal: (-6.06, -6.10)
[frontier_explorer-1] [INFO] [1781257966.579759959] [frontier_explorer]: New sweep goal: (-6.06, -6.10)
[frontier_explorer-1] [INFO] [1781257970.665197969] [frontier_explorer]: New sweep goal: (-6.06, -6.10)
[frontier_explorer-1] [INFO] [1781257974.745838036] [frontier_explorer]: New sweep goal: (-6.06, -6.10)
[frontier_explorer-1] [WARN] [1781257976.741434326] [frontier_explorer]: Watchdog: work exists but no goal active and robot stationary - clearing costmaps
[frontier_explorer-1] [INFO] [1781257978.842437748] [frontier_explorer]: New sweep goal: (-6.06, -6.10)
[frontier_explorer-1] [INFO] [1781257982.942952597] [frontier_explorer]: New sweep goal: (-6.06, -6.10)
[frontier_explorer-1] [INFO] [1781257987.017935344] [frontier_explorer]: New sweep goal: (-6.06, -6.10)
[frontier_explorer-1] [INFO] [1781257991.099749477] [frontier_explorer]: New sweep goal: (-6.06, -6.10)
[frontier_explorer-1] [INFO] [1781257995.197563116] [frontier_explorer]: New sweep goal: (-6.06, -6.10)
[frontier_explorer-1] [WARN] [1781257997.183854396] [frontier_explorer]: Watchdog: work exists but no goal active and robot stationary - clearing costmaps
[frontier_explorer-1] [INFO] [1781257999.277574400] [frontier_explorer]: New sweep goal: (-6.06, -6.10)
[frontier_explorer-1] [INFO] [1781258003.378609036] [frontier_explorer]: New sweep goal: (-6.06, -6.10)
[frontier_explorer-1] [INFO] [1781258007.436781087] [frontier_explorer]: New sweep goal: (-6.06, -6.10)
[frontier_explorer-1] [INFO] [1781258011.511690185] [frontier_explorer]: New sweep goal: (-6.06, -6.10)
[frontier_explorer-1] [INFO] [1781258015.602178390] [frontier_explorer]: New sweep goal: (-6.06, -6.10)
[frontier_explorer-1] [WARN] [1781258017.577494036] [frontier_explorer]: Watchdog: work exists but no goal active and robot stationary - clearing costmaps
[frontier_explorer-1] [WARN] [1781258017.618824851] [frontier_explorer]: Watchdog: resetting blacklist
[frontier_explorer-1] [INFO] [1781258019.689752961] [frontier_explorer]: New sweep goal: (-6.06, -6.10)
[frontier_explorer-1] [INFO] [1781258023.752250581] [frontier_explorer]: New sweep goal: (-6.06, -6.10)
[frontier_explorer-1] [INFO] [1781258027.830075658] [frontier_explorer]: New sweep goal: (-6.06, -6.10)
[frontier_explorer-1] [INFO] [1781258031.904376054] [frontier_explorer]: New sweep goal: (-6.06, -6.10)
[frontier_explorer-1] [INFO] [1781258036.052902216] [frontier_explorer]: New sweep goal: (-6.06, -6.10)
[frontier_explorer-1] [INFO] [1781258044.257407893] [frontier_explorer]: New sweep goal: (-6.06, -6.10)
[frontier_explorer-1] [INFO] [1781258056.521435766] [frontier_explorer]: New sweep goal: (-6.06, -6.10)
[frontier_explorer-1] [WARN] [1781258058.515717088] [frontier_explorer]: Watchdog: work exists but no goal active and robot stationary - clearing costmaps
[frontier_explorer-1] [INFO] [1781258060.617338252] [frontier_explorer]: New sweep goal: (-6.06, -6.10)
[frontier_explorer-1] [INFO] [1781258064.707280991] [frontier_explorer]: New sweep goal: (-6.06, -6.10)
[frontier_explorer-1] [INFO] [1781258068.783619653] [frontier_explorer]: New sweep goal: (-6.06, -6.10)
[frontier_explorer-1] [INFO] [1781258072.879397274] [frontier_explorer]: New sweep goal: (-6.06, -6.10)
[frontier_explorer-1] [INFO] [1781258076.965065180] [frontier_explorer]: New sweep goal: (-6.06, -6.10)
[frontier_explorer-1] [WARN] [1781258078.959040370] [frontier_explorer]: Watchdog: work exists but no goal active and robot stationary - clearing costmaps
[frontier_explorer-1] [INFO] [1781258081.049983711] [frontier_explorer]: New sweep goal: (-6.06, -6.10)
[frontier_explorer-1] [INFO] [1781258085.141978170] [frontier_explorer]: New sweep goal: (-6.06, -6.10)
[frontier_explorer-1] [INFO] [1781258089.237642578] [frontier_explorer]: New sweep goal: (-6.06, -6.10)
[frontier_explorer-1] [INFO] [1781258093.317854951] [frontier_explorer]: New sweep goal: (-6.06, -6.10)
[frontier_explorer-1] [INFO] [1781258097.409835149] [frontier_explorer]: New sweep goal: (-6.06, -6.10)
[frontier_explorer-1] [INFO] [1781258105.581552286] [frontier_explorer]: New sweep goal: (-6.06, -6.10)
[frontier_explorer-1] [INFO] [1781258109.671148832] [frontier_explorer]: New sweep goal: (-6.06, -6.10)
[frontier_explorer-1] [INFO] [1781258113.752332376] [frontier_explorer]: New sweep goal: (-6.06, -6.10)
[frontier_explorer-1] [INFO] [1781258117.832481900] [frontier_explorer]: New sweep goal: (-6.06, -6.10)
[frontier_explorer-1] [WARN] [1781258119.821456460] [frontier_explorer]: Watchdog: work exists but no goal active and robot stationary - clearing costmaps
[frontier_explorer-1] [WARN] [1781258119.859968032] [frontier_explorer]: Watchdog: resetting blacklist
[frontier_explorer-1] [INFO] [1781258121.946866322] [frontier_explorer]: New sweep goal: (-6.06, -6.10)
[frontier_explorer-1] [INFO] [1781258126.025586478] [frontier_explorer]: New sweep goal: (-6.06, -6.10)
[frontier_explorer-1] [INFO] [1781258130.113122539] [frontier_explorer]: New sweep goal: (-6.06, -6.10)
[frontier_explorer-1] [INFO] [1781258134.186157830] [frontier_explorer]: New sweep goal: (-6.06, -6.10)
[frontier_explorer-1] [INFO] [1781258138.264142143] [frontier_explorer]: New sweep goal: (-6.06, -6.10)
[frontier_explorer-1] [WARN] [1781258140.253585503] [frontier_explorer]: Watchdog: work exists but no goal active and robot stationary - clearing costmaps
[frontier_explorer-1] [INFO] [1781258142.353010384] [frontier_explorer]: New sweep goal: (-6.06, -6.10)
[frontier_explorer-1] [INFO] [1781258146.436686766] [frontier_explorer]: New sweep goal: (-6.06, -6.10)
[frontier_explorer-1] [INFO] [1781258150.519330521] [frontier_explorer]: New sweep goal: (-6.06, -6.10)
[frontier_explorer-1] [INFO] [1781258154.612382677] [frontier_explorer]: New sweep goal: (-6.06, -6.10)
[frontier_explorer-1] [INFO] [1781258158.707794478] [frontier_explorer]: New sweep goal: (-6.06, -6.10)
[frontier_explorer-1] [INFO] [1781258162.811356143] [frontier_explorer]: New sweep goal: (-6.06, -6.10)
[frontier_explorer-1] [INFO] [1781258166.908968518] [frontier_explorer]: New sweep goal: (-6.06, -6.10)
[frontier_explorer-1] [INFO] [1781258175.060637668] [frontier_explorer]: New sweep goal: (-6.06, -6.10)
[frontier_explorer-1] [INFO] [1781258179.145405894] [frontier_explorer]: New sweep goal: (-6.06, -6.10)
[frontier_explorer-1] [WARN] [1781258181.124377769] [frontier_explorer]: Watchdog: work exists but no goal active and robot stationary - clearing costmaps
[frontier_explorer-1] [INFO] [1781258183.212024289] [frontier_explorer]: New sweep goal: (-6.06, -6.10)
[frontier_explorer-1] [INFO] [1781258187.288271590] [frontier_explorer]: New sweep goal: (-6.06, -6.10)
[frontier_explorer-1] [INFO] [1781258191.380089551] [frontier_explorer]: New sweep goal: (-6.06, -6.10)
[frontier_explorer-1] [INFO] [1781258195.456888287] [frontier_explorer]: New sweep goal: (-6.06, -6.10)
[frontier_explorer-1] [INFO] [1781258199.564744354] [frontier_explorer]: New sweep goal: (-6.06, -6.10)
[frontier_explorer-1] [WARN] [1781258201.529902134] [frontier_explorer]: Watchdog: work exists but no goal active and robot stationary - clearing costmaps
[frontier_explorer-1] [WARN] [1781258201.568577392] [frontier_explorer]: Watchdog: resetting blacklist
[frontier_explorer-1] [INFO] [1781258203.621799205] [frontier_explorer]: New sweep goal: (-6.06, -6.10)
[frontier_explorer-1] [INFO] [1781258207.714640518] [frontier_explorer]: New sweep goal: (-6.06, -6.10)
[frontier_explorer-1] [INFO] [1781258211.780623491] [frontier_explorer]: New sweep goal: (-6.06, -6.10)
[frontier_explorer-1] [INFO] [1781258215.842718907] [frontier_explorer]: New sweep goal: (-6.06, -6.10)
[frontier_explorer-1] [INFO] [1781258219.932718395] [frontier_explorer]: New sweep goal: (-6.06, -6.10)
[frontier_explorer-1] [WARN] [1781258221.914068563] [frontier_explorer]: Watchdog: work exists but no goal active and robot stationary - clearing costmaps
[frontier_explorer-1] [INFO] [1781258224.003958524] [frontier_explorer]: New sweep goal: (-6.06, -6.10)
[frontier_explorer-1] [INFO] [1781258228.073097982] [frontier_explorer]: New sweep goal: (-6.06, -6.10)
[frontier_explorer-1] [INFO] [1781258232.142540022] [frontier_explorer]: New sweep goal: (-6.06, -6.10)
[frontier_explorer-1] [INFO] [1781258236.210218640] [frontier_explorer]: New sweep goal: (-6.06, -6.10)
[frontier_explorer-1] [INFO] [1781258240.311364449] [frontier_explorer]: New sweep goal: (-6.06, -6.10)
[frontier_explorer-1] [WARN] [1781258242.288799223] [frontier_explorer]: Watchdog: work exists but no goal active and robot stationary - clearing costmaps
[frontier_explorer-1] [INFO] [1781258244.376288216] [frontier_explorer]: New sweep goal: (-6.06, -6.10)
[frontier_explorer-1] [INFO] [1781258248.470457899] [frontier_explorer]: New sweep goal: (-6.06, -6.10)
[frontier_explorer-1] [INFO] [1781258252.573823794] [frontier_explorer]: New sweep goal: (-6.06, -6.10)
[frontier_explorer-1] [INFO] [1781258256.676105746] [frontier_explorer]: New sweep goal: (-6.06, -6.10)
[frontier_explorer-1] [INFO] [1781258273.077882044] [frontier_explorer]: New sweep goal: (-6.06, -6.10)
[frontier_explorer-1] [INFO] [1781258277.158519895] [frontier_explorer]: New sweep goal: (-6.06, -6.10)
[frontier_explorer-1] [INFO] [1781258281.241162012] [frontier_explorer]: New sweep goal: (-6.06, -6.10)
[frontier_explorer-1] [WARN] [1781258283.223176444] [frontier_explorer]: Watchdog: work exists but no goal active and robot stationary - clearing costmaps
[frontier_explorer-1] [WARN] [1781258283.266952834] [frontier_explorer]: Watchdog: resetting blacklist
[frontier_explorer-1] [INFO] [1781258285.312382691] [frontier_explorer]: New sweep goal: (-6.06, -6.10)
[frontier_explorer-1] [INFO] [1781258289.404257984] [frontier_explorer]: New sweep goal: (-6.06, -6.10)
[frontier_explorer-1] [INFO] [1781258293.490569475] [frontier_explorer]: New sweep goal: (-6.06, -6.10)
[frontier_explorer-1] [INFO] [1781258297.576090317] [frontier_explorer]: New sweep goal: (-6.06, -6.10)
[frontier_explorer-1] [INFO] [1781258301.648425515] [frontier_explorer]: New sweep goal: (-6.06, -6.10)
[frontier_explorer-1] [WARN] [1781258303.635792920] [frontier_explorer]: Watchdog: work exists but no goal active and robot stationary - clearing costmaps
[frontier_explorer-1] [INFO] [1781258305.738871899] [frontier_explorer]: New sweep goal: (-6.06, -6.10)
[frontier_explorer-1] [INFO] [1781258309.819060814] [frontier_explorer]: New sweep goal: (-6.06, -6.10)
[frontier_explorer-1] [INFO] [1781258313.902513661] [frontier_explorer]: New sweep goal: (-6.06, -6.10)
[frontier_explorer-1] [INFO] [1781258317.982065356] [frontier_explorer]: New sweep goal: (-6.06, -6.10)
[frontier_explorer-1] [INFO] [1781258322.088046204] [frontier_explorer]: New sweep goal: (-6.06, -6.10)
[frontier_explorer-1] [WARN] [1781258324.048539841] [frontier_explorer]: Watchdog: work exists but no goal active and robot stationary - clearing costmaps
[frontier_explorer-1] [INFO] [1781258326.137115317] [frontier_explorer]: New sweep goal: (-6.06, -6.10)
[frontier_explorer-1] [INFO] [1781258330.211449418] [frontier_explorer]: New sweep goal: (-6.06, -6.10)
[frontier_explorer-1] [INFO] [1781258334.293223320] [frontier_explorer]: New sweep goal: (-6.06, -6.10)
[frontier_explorer-1] [INFO] [1781258338.372441429] [frontier_explorer]: New sweep goal: (-6.06, -6.10)
[frontier_explorer-1] [INFO] [1781258342.462894685] [frontier_explorer]: New sweep goal: (-6.06, -6.10)
[frontier_explorer-1] [INFO] [1781258358.954858092] [frontier_explorer]: New sweep goal: (-6.06, -6.10)
[frontier_explorer-1] [INFO] [1781258371.205887386] [frontier_explorer]: New sweep goal: (-6.06, -6.10)
[frontier_explorer-1] [INFO] [1781258375.291985497] [frontier_explorer]: New sweep goal: (-6.06, -6.10)
[frontier_explorer-1] [INFO] [1781258379.370284019] [frontier_explorer]: New sweep goal: (-6.06, -6.10)
[frontier_explorer-1] [INFO] [1781258383.467551342] [frontier_explorer]: New sweep goal: (-6.06, -6.10)
[frontier_explorer-1] [WARN] [1781258385.458934403] [frontier_explorer]: Watchdog: work exists but no goal active and robot stationary - clearing costmaps
[frontier_explorer-1] [WARN] [1781258385.504203307] [frontier_explorer]: Watchdog: resetting blacklist
[frontier_explorer-1] [INFO] [1781258387.543053294] [frontier_explorer]: New sweep goal: (-6.06, -6.10)
[frontier_explorer-1] [INFO] [1781258391.642173222] [frontier_explorer]: New sweep goal: (-6.06, -6.10)
[frontier_explorer-1] [INFO] [1781258395.736271507] [frontier_explorer]: New sweep goal: (-6.06, -6.10)
[frontier_explorer-1] [INFO] [1781258403.906566262] [frontier_explorer]: New sweep goal: (-6.06, -6.10)
[frontier_explorer-1] [INFO] [1781258408.023786426] [frontier_explorer]: New sweep goal: (-6.06, -6.10)
[frontier_explorer-1] [INFO] [1781258416.195347125] [frontier_explorer]: New sweep goal: (-6.06, -6.10)
[frontier_explorer-1] [INFO] [1781258420.270428393] [frontier_explorer]: New sweep goal: (-6.06, -6.10)
[frontier_explorer-1] [INFO] [1781258424.370414665] [frontier_explorer]: New sweep goal: (-6.06, -6.10)
[frontier_explorer-1] [WARN] [1781258426.357067279] [frontier_explorer]: Watchdog: work exists but no goal active and robot stationary - clearing costmaps
[frontier_explorer-1] [INFO] [1781258428.449892434] [frontier_explorer]: New sweep goal: (-6.06, -6.10)
[frontier_explorer-1] [INFO] [1781258432.527307696] [frontier_explorer]: New sweep goal: (-6.06, -6.10)
[frontier_explorer-1] [INFO] [1781258440.694035001] [frontier_explorer]: New sweep goal: (-6.06, -6.10)
[frontier_explorer-1] [INFO] [1781258444.776653252] [frontier_explorer]: New sweep goal: (-6.06, -6.10)
[frontier_explorer-1] [WARN] [1781258446.765206721] [frontier_explorer]: Watchdog: work exists but no goal active and robot stationary - clearing costmaps
[frontier_explorer-1] [INFO] [1781258448.855799861] [frontier_explorer]: New sweep goal: (-6.06, -6.10)
[frontier_explorer-1] [INFO] [1781258452.965531314] [frontier_explorer]: New sweep goal: (-6.06, -6.10)
[frontier_explorer-1] [INFO] [1781258457.027263249] [frontier_explorer]: New sweep goal: (-6.06, -6.10)
[frontier_explorer-1] [INFO] [1781258461.107797345] [frontier_explorer]: New sweep goal: (-6.06, -6.10)
[frontier_explorer-1] [INFO] [1781258465.212183588] [frontier_explorer]: New sweep goal: (-6.06, -6.10)
[frontier_explorer-1] [INFO] [1781258469.276417399] [frontier_explorer]: New sweep goal: (-6.06, -6.10)
[frontier_explorer-1] [INFO] [1781258473.364662043] [frontier_explorer]: New sweep goal: (-6.06, -6.10)
[frontier_explorer-1] [INFO] [1781258477.469283881] [frontier_explorer]: New sweep goal: (-6.06, -6.10)
[frontier_explorer-1] [INFO] [1781258481.539202938] [frontier_explorer]: New sweep goal: (-6.06, -6.10)
[frontier_explorer-1] [INFO] [1781258485.623602970] [frontier_explorer]: New sweep goal: (-6.06, -6.10)
[frontier_explorer-1] [WARN] [1781258487.609370068] [frontier_explorer]: Watchdog: work exists but no goal active and robot stationary - clearing costmaps
[frontier_explorer-1] [WARN] [1781258487.649409355] [frontier_explorer]: Watchdog: resetting blacklist
[frontier_explorer-1] [INFO] [1781258489.733597064] [frontier_explorer]: New sweep goal: (-6.06, -6.10)
[frontier_explorer-1] [INFO] [1781258493.787784138] [frontier_explorer]: New sweep goal: (-6.06, -6.10)
[frontier_explorer-1] [INFO] [1781258501.995091970] [frontier_explorer]: New sweep goal: (-6.06, -6.10)
[frontier_explorer-1] [INFO] [1781258506.085947657] [frontier_explorer]: New sweep goal: (-6.06, -6.10)
[frontier_explorer-1] [INFO] [1781258510.185891399] [frontier_explorer]: New sweep goal: (-6.06, -6.10)
[frontier_explorer-1] [INFO] [1781258514.266730424] [frontier_explorer]: New sweep goal: (-6.06, -6.10)
[frontier_explorer-1] [INFO] [1781258518.339537192] [frontier_explorer]: New sweep goal: (-6.06, -6.10)
[frontier_explorer-1] [INFO] [1781258522.433680970] [frontier_explorer]: New sweep goal: (-6.06, -6.10)
[frontier_explorer-1] [INFO] [1781258526.542821296] [frontier_explorer]: New sweep goal: (-6.06, -6.10)
[frontier_explorer-1] [INFO] [1781258538.791464957] [frontier_explorer]: New sweep goal: (-6.06, -6.10)
[frontier_explorer-1] [INFO] [1781258542.865805405] [frontier_explorer]: New sweep goal: (-6.06, -6.10)
[frontier_explorer-1] [INFO] [1781258546.957246237] [frontier_explorer]: New sweep goal: (-6.06, -6.10)
[frontier_explorer-1] [INFO] [1781258551.036965191] [frontier_explorer]: New sweep goal: (-6.06, -6.10)
[frontier_explorer-1] [INFO] [1781258555.122878422] [frontier_explorer]: New sweep goal: (-6.06, -6.10)
[frontier_explorer-1] [INFO] [1781258559.207875375] [frontier_explorer]: New sweep goal: (-6.06, -6.10)
[frontier_explorer-1] [INFO] [1781258563.283351161] [frontier_explorer]: New sweep goal: (-6.06, -6.10)
[frontier_explorer-1] [INFO] [1781258567.372531318] [frontier_explorer]: New sweep goal: (-6.06, -6.10)
[frontier_explorer-1] [WARN] [1781258569.353513266] [frontier_explorer]: Watchdog: work exists but no goal active and robot stationary - clearing costmaps
[frontier_explorer-1] [INFO] [1781258571.434220317] [frontier_explorer]: New sweep goal: (-6.06, -6.10)
[frontier_explorer-1] [INFO] [1781258575.524962801] [frontier_explorer]: New sweep goal: (-6.06, -6.10)
[frontier_explorer-1] [INFO] [1781258579.609769698] [frontier_explorer]: New sweep goal: (-6.06, -6.10)
[frontier_explorer-1] [INFO] [1781258583.691063489] [frontier_explorer]: New sweep goal: (-6.06, -6.10)
[frontier_explorer-1] [INFO] [1781258587.847834481] [frontier_explorer]: New sweep goal: (-6.06, -6.10)
[frontier_explorer-1] [INFO] [1781258591.877449225] [frontier_explorer]: New sweep goal: (-6.06, -6.10)
[frontier_explorer-1] [INFO] [1781258595.986832319] [frontier_explorer]: New sweep goal: (-6.06, -6.10)
[frontier_explorer-1] [INFO] [1781258600.073703444] [frontier_explorer]: New sweep goal: (-6.06, -6.10)
[frontier_explorer-1] [INFO] [1781258604.138833555] [frontier_explorer]: New sweep goal: (-6.06, -6.10)
[frontier_explorer-1] [INFO] [1781258608.218702832] [frontier_explorer]: New sweep goal: (-6.06, -6.10)
[frontier_explorer-1] [WARN] [1781258610.203468255] [frontier_explorer]: Watchdog: work exists but no goal active and robot stationary - clearing costmaps
[frontier_explorer-1] [INFO] [1781258612.337540090] [frontier_explorer]: New sweep goal: (-6.06, -6.10)
[frontier_explorer-1] [INFO] [1781258616.401613954] [frontier_explorer]: New sweep goal: (-6.06, -6.10)
[frontier_explorer-1] [INFO] [1781258620.474191854] [frontier_explorer]: New sweep goal: (-6.06, -6.10)
[frontier_explorer-1] [INFO] [1781258624.576952605] [frontier_explorer]: New sweep goal: (-6.06, -6.10)
[frontier_explorer-1] [INFO] [1781258628.658924015] [frontier_explorer]: New sweep goal: (-6.06, -6.10)
[frontier_explorer-1] [WARN] [1781258630.632420423] [frontier_explorer]: Watchdog: work exists but no goal active and robot stationary - clearing costmaps
[frontier_explorer-1] [WARN] [1781258630.673270887] [frontier_explorer]: Watchdog: resetting blacklist
[frontier_explorer-1] [INFO] [1781258632.718911251] [frontier_explorer]: New sweep goal: (-6.06, -6.10)
[frontier_explorer-1] [INFO] [1781258636.829302466] [frontier_explorer]: New sweep goal: (-6.06, -6.10)
[frontier_explorer-1] [INFO] [1781258640.908730656] [frontier_explorer]: New sweep goal: (-6.06, -6.10)
[frontier_explorer-1] [INFO] [1781258644.982200848] [frontier_explorer]: New sweep goal: (-6.06, -6.10)
[frontier_explorer-1] [INFO] [1781258649.083850699] [frontier_explorer]: New sweep goal: (-6.06, -6.10)
[frontier_explorer-1] [INFO] [1781258653.179225241] [frontier_explorer]: New sweep goal: (-6.06, -6.10)
[frontier_explorer-1] [INFO] [1781258661.375634439] [frontier_explorer]: New sweep goal: (-6.06, -6.10)
[frontier_explorer-1] [INFO] [1781258665.457208258] [frontier_explorer]: New sweep goal: (-6.06, -6.10)
[frontier_explorer-1] [INFO] [1781258669.539952528] [frontier_explorer]: New sweep goal: (-6.06, -6.10)
[frontier_explorer-1] [WARN] [1781258671.518234179] [frontier_explorer]: Watchdog: work exists but no goal active and robot stationary - clearing costmaps
[frontier_explorer-1] [INFO] [1781258673.610956705] [frontier_explorer]: New sweep goal: (-6.06, -6.10)
[frontier_explorer-1] [INFO] [1781258677.690786003] [frontier_explorer]: New sweep goal: (-6.06, -6.10)
[frontier_explorer-1] [INFO] [1781258681.773870858] [frontier_explorer]: New sweep goal: (-6.06, -6.10)
[frontier_explorer-1] [INFO] [1781258685.848647909] [frontier_explorer]: New sweep goal: (-6.06, -6.10)
[frontier_explorer-1] [INFO] [1781258689.930612228] [frontier_explorer]: New sweep goal: (-6.06, -6.10)
[frontier_explorer-1] [WARN] [1781258691.915486327] [frontier_explorer]: Watchdog: work exists but no goal active and robot stationary - clearing costmaps
[frontier_explorer-1] [INFO] [1781258694.016469657] [frontier_explorer]: New sweep goal: (-6.06, -6.10)
[frontier_explorer-1] [INFO] [1781258698.073951637] [frontier_explorer]: New sweep goal: (-6.06, -6.10)
[frontier_explorer-1] [INFO] [1781258702.166146952] [frontier_explorer]: New sweep goal: (-6.06, -6.10)
[frontier_explorer-1] [INFO] [1781258706.255487354] [frontier_explorer]: New sweep goal: (-6.06, -6.10)
[frontier_explorer-1] [INFO] [1781258710.337979736] [frontier_explorer]: New sweep goal: (-6.06, -6.10)
[frontier_explorer-1] [WARN] [1781258712.336680862] [frontier_explorer]: Watchdog: work exists but no goal active and robot stationary - clearing costmaps
[frontier_explorer-1] [WARN] [1781258712.383174176] [frontier_explorer]: Watchdog: resetting blacklist
[frontier_explorer-1] [INFO] [1781258714.452032609] [frontier_explorer]: New sweep goal: (-6.06, -6.10)
[frontier_explorer-1] [INFO] [1781258718.517295320] [frontier_explorer]: New sweep goal: (-6.06, -6.10)
[frontier_explorer-1] [INFO] [1781258722.609973577] [frontier_explorer]: New sweep goal: (-6.06, -6.10)
[frontier_explorer-1] [INFO] [1781258730.767041530] [frontier_explorer]: New sweep goal: (-6.06, -6.10)
[frontier_explorer-1] [WARN] [1781258732.749151059] [frontier_explorer]: Watchdog: work exists but no goal active and robot stationary - clearing costmaps
[frontier_explorer-1] [INFO] [1781258734.853012879] [frontier_explorer]: New sweep goal: (-6.06, -6.10)
[frontier_explorer-1] [INFO] [1781258738.943691082] [frontier_explorer]: New sweep goal: (-6.06, -6.10)
[frontier_explorer-1] [INFO] [1781258743.036528009] [frontier_explorer]: New sweep goal: (-6.06, -6.10)
[frontier_explorer-1] [INFO] [1781258747.124577623] [frontier_explorer]: New sweep goal: (-6.06, -6.10)
[frontier_explorer-1] [INFO] [1781258751.203731241] [frontier_explorer]: New sweep goal: (-6.06, -6.10)
[frontier_explorer-1] [WARN] [1781258753.190349801] [frontier_explorer]: Watchdog: work exists but no goal active and robot stationary - clearing costmaps
[frontier_explorer-1] [INFO] [1781258755.293043488] [frontier_explorer]: New sweep goal: (-6.06, -6.10)
[frontier_explorer-1] [INFO] [1781258759.373163259] [frontier_explorer]: New sweep goal: (-6.06, -6.10)
[frontier_explorer-1] [INFO] [1781258763.446025490] [frontier_explorer]: New sweep goal: (-6.06, -6.10)
[frontier_explorer-1] [INFO] [1781258767.555690454] [frontier_explorer]: New sweep goal: (-6.06, -6.10)
[frontier_explorer-1] [INFO] [1781258771.620061855] [frontier_explorer]: New sweep goal: (-6.06, -6.10)
[frontier_explorer-1] [INFO] [1781258779.822753016] [frontier_explorer]: New sweep goal: (-6.06, -6.10)
[frontier_explorer-1] [INFO] [1781258783.899851905] [frontier_explorer]: New sweep goal: (-6.06, -6.10)
[frontier_explorer-1] [INFO] [1781258787.987971189] [frontier_explorer]: New sweep goal: (-6.06, -6.10)
[frontier_explorer-1] [INFO] [1781258792.084280092] [frontier_explorer]: New sweep goal: (-6.06, -6.10)
[frontier_explorer-1] [INFO] [1781258796.165740610] [frontier_explorer]: New sweep goal: (-6.06, -6.10)
[frontier_explorer-1] [INFO] [1781258800.262983691] [frontier_explorer]: New sweep goal: (-6.06, -6.10)
[frontier_explorer-1] [INFO] [1781258804.335628603] [frontier_explorer]: New sweep goal: (-6.06, -6.10)
[frontier_explorer-1] [INFO] [1781258808.416916890] [frontier_explorer]: New sweep goal: (-6.06, -6.10)
[frontier_explorer-1] [INFO] [1781258812.530656516] [frontier_explorer]: New sweep goal: (-6.06, -6.10)
[frontier_explorer-1] [WARN] [1781258814.519665882] [frontier_explorer]: Watchdog: work exists but no goal active and robot stationary - clearing costmaps
[frontier_explorer-1] [WARN] [1781258814.563822441] [frontier_explorer]: Watchdog: resetting blacklist
[frontier_explorer-1] [INFO] [1781258816.629882922] [frontier_explorer]: New sweep goal: (-6.06, -6.10)
[frontier_explorer-1] [INFO] [1781258820.713769564] [frontier_explorer]: New sweep goal: (-6.06, -6.10)
[frontier_explorer-1] [INFO] [1781258824.805081353] [frontier_explorer]: New sweep goal: (-6.06, -6.10)
[frontier_explorer-1] [INFO] [1781258828.897027316] [frontier_explorer]: New sweep goal: (-6.06, -6.10)
[frontier_explorer-1] [INFO] [1781258837.094689296] [frontier_explorer]: New sweep goal: (-6.06, -6.10)
[frontier_explorer-1] [INFO] [1781258841.178183687] [frontier_explorer]: New sweep goal: (-6.06, -6.10)
[frontier_explorer-1] [INFO] [1781258845.265699867] [frontier_explorer]: New sweep goal: (-6.06, -6.10)
[frontier_explorer-1] [INFO] [1781258861.690781444] [frontier_explorer]: New sweep goal: (-6.06, -6.10)
[frontier_explorer-1] [INFO] [1781258869.893393002] [frontier_explorer]: New sweep goal: (-6.06, -6.10)
[frontier_explorer-1] [INFO] [1781258873.973340466] [frontier_explorer]: New sweep goal: (-6.06, -6.10)
[frontier_explorer-1] [WARN] [1781258875.949305175] [frontier_explorer]: Watchdog: work exists but no goal active and robot stationary - clearing costmaps
[frontier_explorer-1] [INFO] [1781258878.064775863] [frontier_explorer]: New sweep goal: (-6.06, -6.10)
[frontier_explorer-1] [INFO] [1781258890.403308550] [frontier_explorer]: New sweep goal: (-6.06, -6.10)
[frontier_explorer-1] [INFO] [1781258898.583671653] [frontier_explorer]: New sweep goal: (-6.06, -6.10)
[frontier_explorer-1] [INFO] [1781258902.678779211] [frontier_explorer]: New sweep goal: (-6.06, -6.10)
[frontier_explorer-1] [INFO] [1781258906.763199164] [frontier_explorer]: New sweep goal: (-6.06, -6.10)
[frontier_explorer-1] [INFO] [1781258910.875339289] [frontier_explorer]: New sweep goal: (-6.06, -6.10)
[frontier_explorer-1] [INFO] [1781258914.947157961] [frontier_explorer]: New sweep goal: (-6.06, -6.10)
[frontier_explorer-1] [WARN] [1781258916.940716109] [frontier_explorer]: Watchdog: work exists but no goal active and robot stationary - clearing costmaps
[frontier_explorer-1] [INFO] [1781258919.045737242] [frontier_explorer]: New sweep goal: (-6.06, -6.10)
[frontier_explorer-1] [INFO] [1781258923.183718722] [frontier_explorer]: New sweep goal: (-6.06, -6.10)
[frontier_explorer-1] [INFO] [1781258931.374714963] [frontier_explorer]: New sweep goal: (-6.06, -6.10)
[frontier_explorer-1] [INFO] [1781258935.441585940] [frontier_explorer]: New sweep goal: (-6.06, -6.10)
[frontier_explorer-1] [WARN] [1781258937.430395541] [frontier_explorer]: Watchdog: work exists but no goal active and robot stationary - clearing costmaps
[frontier_explorer-1] [WARN] [1781258937.473994835] [frontier_explorer]: Watchdog: resetting blacklist
[frontier_explorer-1] [INFO] [1781258939.538952216] [frontier_explorer]: New sweep goal: (-6.06, -6.10)
[frontier_explorer-1] [INFO] [1781258943.643792689] [frontier_explorer]: New sweep goal: (-6.06, -6.10)
[frontier_explorer-1] [INFO] [1781258947.717603699] [frontier_explorer]: New sweep goal: (-6.06, -6.10)
[frontier_explorer-1] [INFO] [1781258951.791335947] [frontier_explorer]: New sweep goal: (-6.06, -6.10)
[frontier_explorer-1] [INFO] [1781258955.886083912] [frontier_explorer]: New sweep goal: (-6.06, -6.10)
[frontier_explorer-1] [WARN] [1781258957.875904673] [frontier_explorer]: Watchdog: work exists but no goal active and robot stationary - clearing costmaps
[frontier_explorer-1] [INFO] [1781258960.052403775] [frontier_explorer]: New sweep goal: (-6.06, -6.10)
[frontier_explorer-1] [INFO] [1781258968.181471398] [frontier_explorer]: New sweep goal: (-6.06, -6.10)
[frontier_explorer-1] [INFO] [1781258972.272844772] [frontier_explorer]: New sweep goal: (-6.06, -6.10)
[frontier_explorer-1] [INFO] [1781258976.363577919] [frontier_explorer]: New sweep goal: (-6.06, -6.10)
[frontier_explorer-1] [INFO] [1781258988.661946872] [frontier_explorer]: New sweep goal: (-6.06, -6.10)
[frontier_explorer-1] [INFO] [1781258992.757566838] [frontier_explorer]: New sweep goal: (-6.06, -6.10)
[frontier_explorer-1] [INFO] [1781258996.845540436] [frontier_explorer]: New sweep goal: (-6.06, -6.10)
[frontier_explorer-1] [INFO] [1781259000.972976830] [frontier_explorer]: New sweep goal: (-6.06, -6.10)
[frontier_explorer-1] [INFO] [1781259009.145308106] [frontier_explorer]: New sweep goal: (-6.06, -6.10)
[frontier_explorer-1] [INFO] [1781259017.326191311] [frontier_explorer]: New sweep goal: (-6.06, -6.10)
[frontier_explorer-1] [INFO] [1781259025.511030306] [frontier_explorer]: New sweep goal: (-6.06, -6.10)
[frontier_explorer-1] [INFO] [1781259029.588218005] [frontier_explorer]: New sweep goal: (-6.06, -6.10)
[frontier_explorer-1] [INFO] [1781259033.703841584] [frontier_explorer]: New sweep goal: (-6.06, -6.10)
[frontier_explorer-1] [INFO] [1781259041.898534338] [frontier_explorer]: New sweep goal: (-6.06, -6.10)
[frontier_explorer-1] [INFO] [1781259046.025369907] [frontier_explorer]: New sweep goal: (-6.06, -6.10)
[frontier_explorer-1] [INFO] [1781259050.087087192] [frontier_explorer]: New sweep goal: (-6.06, -6.10)
[frontier_explorer-1] [INFO] [1781259054.165668470] [frontier_explorer]: New sweep goal: (-6.06, -6.10)
[frontier_explorer-1] [INFO] [1781259058.251985708] [frontier_explorer]: New sweep goal: (-6.06, -6.10)
[frontier_explorer-1] [WARN] [1781259060.232809621] [frontier_explorer]: Watchdog: work exists but no goal active and robot stationary - clearing costmaps
[frontier_explorer-1] [INFO] [1781259062.360113034] [frontier_explorer]: New sweep goal: (-6.06, -6.10)
[frontier_explorer-1] [INFO] [1781259074.608057538] [frontier_explorer]: New sweep goal: (-6.06, -6.10)
[frontier_explorer-1] [INFO] [1781259078.697240624] [frontier_explorer]: New sweep goal: (-6.06, -6.10)
[frontier_explorer-1] [WARN] [1781259080.679037047] [frontier_explorer]: Watchdog: work exists but no goal active and robot stationary - clearing costmaps
[frontier_explorer-1] [WARN] [1781259080.717737798] [frontier_explorer]: Watchdog: resetting blacklist
[frontier_explorer-1] [INFO] [1781259082.784093781] [frontier_explorer]: New sweep goal: (-6.06, -6.10)
[frontier_explorer-1] [INFO] [1781259086.852330178] [frontier_explorer]: New sweep goal: (-6.06, -6.10)
[frontier_explorer-1] [INFO] [1781259090.946528404] [frontier_explorer]: New sweep goal: (-6.06, -6.10)
[frontier_explorer-1] [INFO] [1781259095.123731882] [frontier_explorer]: New sweep goal: (-6.06, -6.10)
[frontier_explorer-1] [INFO] [1781259099.150273394] [frontier_explorer]: New sweep goal: (-6.06, -6.10)
[frontier_explorer-1] [INFO] [1781259111.548636311] [frontier_explorer]: New sweep goal: (-6.06, -6.10)
[frontier_explorer-1] [INFO] [1781259115.611216301] [frontier_explorer]: New sweep goal: (-6.06, -6.10)
[frontier_explorer-1] [INFO] [1781259119.773361226] [frontier_explorer]: New sweep goal: (-6.06, -6.10)
[frontier_explorer-1] [INFO] [1781259123.833918910] [frontier_explorer]: New sweep goal: (-6.06, -6.10)
[frontier_explorer-1] [INFO] [1781259128.084083759] [frontier_explorer]: New sweep goal: (-6.06, -6.10)
[frontier_explorer-1] [WARN] [1781259142.357535844] [frontier_explorer]: Watchdog: work exists but no goal active and robot stationary - clearing costmaps
[frontier_explorer-1] [INFO] [1781259144.490350212] [frontier_explorer]: New sweep goal: (-6.06, -6.10)
[frontier_explorer-1] [INFO] [1781259152.673652692] [frontier_explorer]: New sweep goal: (-6.06, -6.10)
[frontier_explorer-1] [INFO] [1781259156.741565993] [frontier_explorer]: New sweep goal: (-6.06, -6.10)
[frontier_explorer-1] [INFO] [1781259160.852973954] [frontier_explorer]: New sweep goal: (-6.06, -6.10)
[frontier_explorer-1] [WARN] [1781259162.814460596] [frontier_explorer]: Watchdog: work exists but no goal active and robot stationary - clearing costmaps
[frontier_explorer-1] [INFO] [1781259164.910861585] [frontier_explorer]: New sweep goal: (-6.06, -6.10)
[frontier_explorer-1] [INFO] [1781259168.996849239] [frontier_explorer]: New sweep goal: (-6.06, -6.10)
[frontier_explorer-1] [INFO] [1781259173.089008812] [frontier_explorer]: New sweep goal: (-6.06, -6.10)
[frontier_explorer-1] [INFO] [1781259181.271310654] [frontier_explorer]: New sweep goal: (-6.06, -6.10)
[frontier_explorer-1] [WARN] [1781259183.255439319] [frontier_explorer]: Watchdog: work exists but no goal active and robot stationary - clearing costmaps
[frontier_explorer-1] [WARN] [1781259183.302337049] [frontier_explorer]: Watchdog: resetting blacklist
[frontier_explorer-1] [INFO] [1781259185.345777132] [frontier_explorer]: New sweep goal: (-6.06, -6.10)
[frontier_explorer-1] [INFO] [1781259189.443478041] [frontier_explorer]: New sweep goal: (-6.06, -6.10)
[frontier_explorer-1] [INFO] [1781259197.704055244] [frontier_explorer]: New sweep goal: (-6.06, -6.10)
[frontier_explorer-1] [INFO] [1781259205.869641540] [frontier_explorer]: New sweep goal: (-6.06, -6.10)
[frontier_explorer-1] [INFO] [1781259209.937941052] [frontier_explorer]: New sweep goal: (-6.06, -6.10)
[frontier_explorer-1] [INFO] [1781259214.036193776] [frontier_explorer]: New sweep goal: (-6.06, -6.10)
[frontier_explorer-1] [INFO] [1781259218.129240455] [frontier_explorer]: New sweep goal: (-6.06, -6.10)
[frontier_explorer-1] [INFO] [1781259222.225455751] [frontier_explorer]: New sweep goal: (-6.06, -6.10)
[frontier_explorer-1] [INFO] [1781259226.309029058] [frontier_explorer]: New sweep goal: (-6.06, -6.10)
[frontier_explorer-1] [INFO] [1781259259.256862269] [frontier_explorer]: New sweep goal: (-6.06, -6.10)
[frontier_explorer-1] [INFO] [1781259267.425138862] [frontier_explorer]: New sweep goal: (-6.06, -6.10)
[frontier_explorer-1] [INFO] [1781259271.509188367] [frontier_explorer]: New sweep goal: (-6.06, -6.10)
[frontier_explorer-1] [INFO] [1781259275.625363569] [frontier_explorer]: New sweep goal: (-6.06, -6.10)
[frontier_explorer-1] [INFO] [1781259279.712769730] [frontier_explorer]: New sweep goal: (-6.06, -6.10)
[frontier_explorer-1] [INFO] [1781259283.816994252] [frontier_explorer]: New sweep goal: (-6.06, -6.10)
[frontier_explorer-1] [INFO] [1781259292.025592630] [frontier_explorer]: New sweep goal: (-6.06, -6.10)
[frontier_explorer-1] [INFO] [1781259296.105259590] [frontier_explorer]: New sweep goal: (-6.06, -6.10)
[frontier_explorer-1] [INFO] [1781259300.181151261] [frontier_explorer]: New sweep goal: (-6.06, -6.10)
[frontier_explorer-1] [INFO] [1781259304.281354538] [frontier_explorer]: New sweep goal: (-6.06, -6.10)
[frontier_explorer-1] [INFO] [1781259308.375495398] [frontier_explorer]: New sweep goal: (-6.06, -6.10)
[frontier_explorer-1] [INFO] [1781259320.625226942] [frontier_explorer]: New sweep goal: (-6.06, -6.10)
[frontier_explorer-1] [INFO] [1781259324.724798183] [frontier_explorer]: New sweep goal: (-6.06, -6.10)
[frontier_explorer-1] [WARN] [1781259326.712338185] [frontier_explorer]: Watchdog: work exists but no goal active and robot stationary - clearing costmaps
[frontier_explorer-1] [INFO] [1781259328.814253634] [frontier_explorer]: New sweep goal: (-6.06, -6.10)
[frontier_explorer-1] [INFO] [1781259332.958302003] [frontier_explorer]: New sweep goal: (-6.06, -6.10)
[frontier_explorer-1] [INFO] [1781259337.004553256] [frontier_explorer]: New sweep goal: (-6.06, -6.10)
[frontier_explorer-1] [INFO] [1781259345.201111639] [frontier_explorer]: New sweep goal: (-6.06, -6.10)
[frontier_explorer-1] [WARN] [1781259347.172220744] [frontier_explorer]: Watchdog: work exists but no goal active and robot stationary - clearing costmaps
[frontier_explorer-1] [INFO] [1781259349.276315760] [frontier_explorer]: New sweep goal: (-6.06, -6.10)
[frontier_explorer-1] [INFO] [1781259353.358947593] [frontier_explorer]: New sweep goal: (-6.06, -6.10)
[frontier_explorer-1] [INFO] [1781259357.450500852] [frontier_explorer]: New sweep goal: (-6.06, -6.10)
[frontier_explorer-1] [INFO] [1781259361.520285776] [frontier_explorer]: New sweep goal: (-6.06, -6.10)
[frontier_explorer-1] [INFO] [1781259365.636456733] [frontier_explorer]: New sweep goal: (-6.06, -6.10)
[frontier_explorer-1] [WARN] [1781259367.629743843] [frontier_explorer]: Watchdog: work exists but no goal active and robot stationary - clearing costmaps
[frontier_explorer-1] [WARN] [1781259367.670964888] [frontier_explorer]: Watchdog: resetting blacklist
[frontier_explorer-1] [INFO] [1781259369.751871916] [frontier_explorer]: New sweep goal: (-6.06, -6.10)
[frontier_explorer-1] [INFO] [1781259373.829786799] [frontier_explorer]: New sweep goal: (-6.06, -6.10)
[frontier_explorer-1] [INFO] [1781259382.018811623] [frontier_explorer]: New sweep goal: (-6.06, -6.10)
[frontier_explorer-1] [INFO] [1781259386.093045412] [frontier_explorer]: New sweep goal: (-6.06, -6.10)
[frontier_explorer-1] [WARN] [1781259388.081091000] [frontier_explorer]: Watchdog: work exists but no goal active and robot stationary - clearing costmaps
[frontier_explorer-1] [INFO] [1781259390.172921244] [frontier_explorer]: New sweep goal: (-6.06, -6.10)
[frontier_explorer-1] [INFO] [1781259394.280263441] [frontier_explorer]: New sweep goal: (-6.06, -6.10)
[frontier_explorer-1] [WARN] [1781259408.540792927] [frontier_explorer]: Watchdog: work exists but no goal active and robot stationary - clearing costmaps
[frontier_explorer-1] [INFO] [1781259410.628694629] [frontier_explorer]: New sweep goal: (-6.06, -6.10)
[frontier_explorer-1] [INFO] [1781259414.711584818] [frontier_explorer]: New sweep goal: (-6.06, -6.10)
[frontier_explorer-1] [INFO] [1781259418.793646882] [frontier_explorer]: New sweep goal: (-6.06, -6.10)
[frontier_explorer-1] [INFO] [1781259422.890694854] [frontier_explorer]: New sweep goal: (-6.06, -6.10)
[frontier_explorer-1] [INFO] [1781259426.987197392] [frontier_explorer]: New sweep goal: (-6.06, -6.10)
[frontier_explorer-1] [WARN] [1781259428.971982543] [frontier_explorer]: Watchdog: work exists but no goal active and robot stationary - clearing costmaps
[frontier_explorer-1] [WARN] [1781259429.013504620] [frontier_explorer]: Watchdog: resetting blacklist
[frontier_explorer-1] [INFO] [1781259431.077282181] [frontier_explorer]: New sweep goal: (-6.06, -6.10)
[frontier_explorer-1] [INFO] [1781259435.166412508] [frontier_explorer]: New sweep goal: (-6.06, -6.10)
[frontier_explorer-1] [INFO] [1781259439.246074202] [frontier_explorer]: New sweep goal: (-6.06, -6.10)
[frontier_explorer-1] [INFO] [1781259443.325359820] [frontier_explorer]: New sweep goal: (-6.06, -6.10)
[frontier_explorer-1] [INFO] [1781259447.404389412] [frontier_explorer]: New sweep goal: (-6.06, -6.10)
[frontier_explorer-1] [WARN] [1781259449.393967368] [frontier_explorer]: Watchdog: work exists but no goal active and robot stationary - clearing costmaps
[frontier_explorer-1] [INFO] [1781259451.489377742] [frontier_explorer]: New sweep goal: (-6.06, -6.10)
[frontier_explorer-1] [INFO] [1781259455.563995859] [frontier_explorer]: New sweep goal: (-6.06, -6.10)
[frontier_explorer-1] [INFO] [1781259459.643499052] [frontier_explorer]: New sweep goal: (-6.06, -6.10)
[frontier_explorer-1] [INFO] [1781259463.737012407] [frontier_explorer]: New sweep goal: (-6.06, -6.10)
[frontier_explorer-1] [INFO] [1781259467.833539275] [frontier_explorer]: New sweep goal: (-6.06, -6.10)
[frontier_explorer-1] [INFO] [1781259484.336282549] [frontier_explorer]: New sweep goal: (-6.06, -6.10)
[frontier_explorer-1] [INFO] [1781259492.501649084] [frontier_explorer]: New sweep goal: (-6.06, -6.10)
[frontier_explorer-1] [INFO] [1781259496.600681158] [frontier_explorer]: New sweep goal: (-6.06, -6.10)
[frontier_explorer-1] [INFO] [1781259500.678894076] [frontier_explorer]: New sweep goal: (-6.06, -6.10)
[frontier_explorer-1] [INFO] [1781259504.774695810] [frontier_explorer]: New sweep goal: (-6.06, -6.10)
[frontier_explorer-1] [INFO] [1781259508.854537290] [frontier_explorer]: New sweep goal: (-6.06, -6.10)
[frontier_explorer-1] [WARN] [1781259510.844125839] [frontier_explorer]: Watchdog: work exists but no goal active and robot stationary - clearing costmaps
[frontier_explorer-1] [INFO] [1781259512.956869810] [frontier_explorer]: New sweep goal: (-6.06, -6.10)
[frontier_explorer-1] [INFO] [1781259517.081448389] [frontier_explorer]: New sweep goal: (-6.06, -6.10)
[frontier_explorer-1] [INFO] [1781259521.145447801] [frontier_explorer]: New sweep goal: (-6.06, -6.10)
[frontier_explorer-1] [INFO] [1781259525.250320852] [frontier_explorer]: New sweep goal: (-6.06, -6.10)
[frontier_explorer-1] [INFO] [1781259529.353358862] [frontier_explorer]: New sweep goal: (-6.06, -6.10)
[frontier_explorer-1] [INFO] [1781259541.761500918] [frontier_explorer]: New sweep goal: (-6.06, -6.10)
[frontier_explorer-1] [INFO] [1781259545.817507631] [frontier_explorer]: New sweep goal: (-6.06, -6.10)
[frontier_explorer-1] [INFO] [1781259549.916074869] [frontier_explorer]: New sweep goal: (-6.06, -6.10)
[frontier_explorer-1] [WARN] [1781259551.908408177] [frontier_explorer]: Watchdog: work exists but no goal active and robot stationary - clearing costmaps
[frontier_explorer-1] [WARN] [1781259551.949443170] [frontier_explorer]: Watchdog: resetting blacklist
[frontier_explorer-1] [INFO] [1781259554.024212498] [frontier_explorer]: New sweep goal: (-6.06, -6.10)
[frontier_explorer-1] [INFO] [1781259558.116501923] [frontier_explorer]: New sweep goal: (-6.06, -6.10)
[frontier_explorer-1] [INFO] [1781259562.197103261] [frontier_explorer]: New sweep goal: (-6.06, -6.10)
[frontier_explorer-1] [INFO] [1781259566.271550526] [frontier_explorer]: New sweep goal: (-6.06, -6.10)
[frontier_explorer-1] [INFO] [1781259570.363899414] [frontier_explorer]: New sweep goal: (-6.06, -6.10)
[frontier_explorer-1] [WARN] [1781259572.368196474] [frontier_explorer]: Watchdog: work exists but no goal active and robot stationary - clearing costmaps
[frontier_explorer-1] [INFO] [1781259574.455299150] [frontier_explorer]: New sweep goal: (-6.06, -6.10)
[frontier_explorer-1] [INFO] [1781259578.550515630] [frontier_explorer]: New sweep goal: (-6.06, -6.10)
[frontier_explorer-1] [INFO] [1781259582.649346965] [frontier_explorer]: New sweep goal: (-6.06, -6.10)
[frontier_explorer-1] [INFO] [1781259586.741695617] [frontier_explorer]: New sweep goal: (-6.06, -6.10)
[frontier_explorer-1] [INFO] [1781259590.825151696] [frontier_explorer]: New sweep goal: (-6.06, -6.10)
[frontier_explorer-1] [WARN] [1781259592.815492157] [frontier_explorer]: Watchdog: work exists but no goal active and robot stationary - clearing costmaps
[frontier_explorer-1] [INFO] [1781259594.933611006] [frontier_explorer]: New sweep goal: (-6.06, -6.10)
[frontier_explorer-1] [INFO] [1781259599.023973379] [frontier_explorer]: New sweep goal: (-6.06, -6.10)
[frontier_explorer-1] [INFO] [1781259603.168898335] [frontier_explorer]: New sweep goal: (-6.06, -6.10)
[frontier_explorer-1] [INFO] [1781259607.214589650] [frontier_explorer]: New sweep goal: (-6.06, -6.10)
[frontier_explorer-1] [INFO] [1781259611.293545034] [frontier_explorer]: New sweep goal: (-6.06, -6.10)
[frontier_explorer-1] [WARN] [1781259613.280378199] [frontier_explorer]: Watchdog: work exists but no goal active and robot stationary - clearing costmaps
[frontier_explorer-1] [WARN] [1781259613.319180850] [frontier_explorer]: Watchdog: resetting blacklist
[frontier_explorer-1] [INFO] [1781259615.378094798] [frontier_explorer]: New sweep goal: (-6.06, -6.10)
[frontier_explorer-1] [INFO] [1781259619.463651671] [frontier_explorer]: New sweep goal: (-6.06, -6.10)
[frontier_explorer-1] [INFO] [1781259623.571090722] [frontier_explorer]: New sweep goal: (-6.06, -6.10)
[frontier_explorer-1] [INFO] [1781259627.645169245] [frontier_explorer]: New sweep goal: (-6.06, -6.10)
[frontier_explorer-1] [INFO] [1781259631.723840760] [frontier_explorer]: New sweep goal: (-6.06, -6.10)
[frontier_explorer-1] [INFO] [1781259635.806077305] [frontier_explorer]: New sweep goal: (-6.06, -6.10)
[frontier_explorer-1] [INFO] [1781259643.998703543] [frontier_explorer]: New sweep goal: (-6.06, -6.10)
[frontier_explorer-1] [INFO] [1781259648.084089878] [frontier_explorer]: New sweep goal: (-6.06, -6.10)
[frontier_explorer-1] [INFO] [1781259652.178505704] [frontier_explorer]: New sweep goal: (-6.06, -6.10)
[frontier_explorer-1] [INFO] [1781259656.263841789] [frontier_explorer]: New sweep goal: (-6.06, -6.10)
[frontier_explorer-1] [INFO] [1781259660.354674635] [frontier_explorer]: New sweep goal: (-6.06, -6.10)
[frontier_explorer-1] [INFO] [1781259668.543431596] [frontier_explorer]: New sweep goal: (-6.06, -6.10)
[frontier_explorer-1] [INFO] [1781259676.741054277] [frontier_explorer]: New sweep goal: (-6.06, -6.10)
[frontier_explorer-1] [INFO] [1781259680.827153061] [frontier_explorer]: New sweep goal: (-6.06, -6.10)
[frontier_explorer-1] [INFO] [1781259689.045352678] [frontier_explorer]: New sweep goal: (-6.06, -6.10)
[frontier_explorer-1] [INFO] [1781259693.150028439] [frontier_explorer]: New sweep goal: (-6.06, -6.10)
[frontier_explorer-1] [WARN] [1781259695.113942113] [frontier_explorer]: Watchdog: work exists but no goal active and robot stationary - clearing costmaps
[frontier_explorer-1] [INFO] [1781259697.205534918] [frontier_explorer]: New sweep goal: (-6.06, -6.10)
[frontier_explorer-1] [INFO] [1781259701.280940902] [frontier_explorer]: New sweep goal: (-6.06, -6.10)
[frontier_explorer-1] [INFO] [1781259705.396275577] [frontier_explorer]: New sweep goal: (-6.06, -6.10)
[frontier_explorer-1] [INFO] [1781259709.466511935] [frontier_explorer]: New sweep goal: (-6.06, -6.10)
[frontier_explorer-1] [INFO] [1781259713.553377163] [frontier_explorer]: New sweep goal: (-6.06, -6.10)
[frontier_explorer-1] [WARN] [1781259715.555313480] [frontier_explorer]: Watchdog: work exists but no goal active and robot stationary - clearing costmaps
[frontier_explorer-1] [INFO] [1781259717.656383665] [frontier_explorer]: New sweep goal: (-6.06, -6.10)
[frontier_explorer-1] [INFO] [1781259721.734390849] [frontier_explorer]: New sweep goal: (-6.06, -6.10)
[frontier_explorer-1] [INFO] [1781259725.819523607] [frontier_explorer]: New sweep goal: (-6.06, -6.10)
[frontier_explorer-1] [INFO] [1781259729.902102675] [frontier_explorer]: New sweep goal: (-6.06, -6.10)
[frontier_explorer-1] [INFO] [1781259733.979210430] [frontier_explorer]: New sweep goal: (-6.06, -6.10)
[frontier_explorer-1] [WARN] [1781259735.973501966] [frontier_explorer]: Watchdog: work exists but no goal active and robot stationary - clearing costmaps
[frontier_explorer-1] [WARN] [1781259736.014563488] [frontier_explorer]: Watchdog: resetting blacklist
[frontier_explorer-1] [INFO] [1781259738.074230227] [frontier_explorer]: New sweep goal: (-6.06, -6.10)
[frontier_explorer-1] [INFO] [1781259742.168640364] [frontier_explorer]: New sweep goal: (-6.06, -6.10)
[frontier_explorer-1] [INFO] [1781259746.263273393] [frontier_explorer]: New sweep goal: (-6.06, -6.10)
[frontier_explorer-1] [INFO] [1781259750.330310954] [frontier_explorer]: New sweep goal: (-6.06, -6.10)
[frontier_explorer-1] [INFO] [1781259754.443806854] [frontier_explorer]: New sweep goal: (-6.06, -6.10)
[frontier_explorer-1] [WARN] [1781259756.412674759] [frontier_explorer]: Watchdog: work exists but no goal active and robot stationary - clearing costmaps
[frontier_explorer-1] [INFO] [1781259758.525569178] [frontier_explorer]: New sweep goal: (-6.06, -6.10)
[frontier_explorer-1] [INFO] [1781259762.593046668] [frontier_explorer]: New sweep goal: (-6.06, -6.10)
[frontier_explorer-1] [INFO] [1781259766.676284706] [frontier_explorer]: New sweep goal: (-6.06, -6.10)
[frontier_explorer-1] [INFO] [1781259770.771197590] [frontier_explorer]: New sweep goal: (-6.06, -6.10)
[frontier_explorer-1] [WARN] [1781259776.842602960] [frontier_explorer]: Watchdog: work exists but no goal active and robot stationary - clearing costmaps
[frontier_explorer-1] [INFO] [1781259778.942976461] [frontier_explorer]: New sweep goal: (-6.06, -6.10)
[frontier_explorer-1] [INFO] [1781259783.050811975] [frontier_explorer]: New sweep goal: (-6.06, -6.10)
[frontier_explorer-1] [INFO] [1781259787.140071291] [frontier_explorer]: New sweep goal: (-6.06, -6.10)
[frontier_explorer-1] [INFO] [1781259791.245677213] [frontier_explorer]: New sweep goal: (-6.06, -6.10)
[frontier_explorer-1] [INFO] [1781259795.318159589] [frontier_explorer]: New sweep goal: (-6.06, -6.10)
[frontier_explorer-1] [WARN] [1781259797.297381222] [frontier_explorer]: Watchdog: work exists but no goal active and robot stationary - clearing costmaps
[frontier_explorer-1] [WARN] [1781259797.337741628] [frontier_explorer]: Watchdog: resetting blacklist
[frontier_explorer-1] [INFO] [1781259799.419925627] [frontier_explorer]: New sweep goal: (-6.06, -6.10)
[frontier_explorer-1] [INFO] [1781259803.511883130] [frontier_explorer]: New sweep goal: (-6.06, -6.10)
[frontier_explorer-1] [INFO] [1781259807.579000582] [frontier_explorer]: New sweep goal: (-6.06, -6.10)
[frontier_explorer-1] [INFO] [1781259811.662226537] [frontier_explorer]: New sweep goal: (-6.06, -6.10)
[frontier_explorer-1] [INFO] [1781259815.756356219] [frontier_explorer]: New sweep goal: (-6.06, -6.10)
[frontier_explorer-1] [WARN] [1781259817.742975233] [frontier_explorer]: Watchdog: work exists but no goal active and robot stationary - clearing costmaps
[frontier_explorer-1] [INFO] [1781259819.828119392] [frontier_explorer]: New sweep goal: (-6.06, -6.10)
[frontier_explorer-1] [INFO] [1781259823.910698606] [frontier_explorer]: New sweep goal: (-6.06, -6.10)
[frontier_explorer-1] [INFO] [1781259827.991516639] [frontier_explorer]: New sweep goal: (-6.06, -6.10)
[frontier_explorer-1] [INFO] [1781259832.079700351] [frontier_explorer]: New sweep goal: (-6.06, -6.10)
[frontier_explorer-1] [INFO] [1781259836.173716997] [frontier_explorer]: New sweep goal: (-6.06, -6.10)
[frontier_explorer-1] [WARN] [1781259838.141462919] [frontier_explorer]: Watchdog: work exists but no goal active and robot stationary - clearing costmaps
[frontier_explorer-1] [INFO] [1781259840.241854219] [frontier_explorer]: New sweep goal: (-6.06, -6.10)
[frontier_explorer-1] [INFO] [1781259844.351573229] [frontier_explorer]: New sweep goal: (-6.06, -6.10)
[frontier_explorer-1] [INFO] [1781259848.455318089] [frontier_explorer]: New sweep goal: (-6.06, -6.10)
[frontier_explorer-1] [INFO] [1781259852.532367846] [frontier_explorer]: New sweep goal: (-6.06, -6.10)
[frontier_explorer-1] [INFO] [1781259856.632223297] [frontier_explorer]: New sweep goal: (-6.06, -6.10)
[frontier_explorer-1] [WARN] [1781259858.605647918] [frontier_explorer]: Watchdog: work exists but no goal active and robot stationary - clearing costmaps
[frontier_explorer-1] [WARN] [1781259858.644192595] [frontier_explorer]: Watchdog: resetting blacklist
[frontier_explorer-1] [INFO] [1781259860.709225501] [frontier_explorer]: New sweep goal: (-6.06, -6.10)
[frontier_explorer-1] [INFO] [1781259864.798245859] [frontier_explorer]: New sweep goal: (-6.06, -6.10)
[frontier_explorer-1] [INFO] [1781259868.876555838] [frontier_explorer]: New sweep goal: (-6.06, -6.10)
[frontier_explorer-1] [INFO] [1781259872.955437338] [frontier_explorer]: New sweep goal: (-6.06, -6.10)
[frontier_explorer-1] [INFO] [1781259877.064811485] [frontier_explorer]: New sweep goal: (-6.06, -6.10)
[frontier_explorer-1] [INFO] [1781259893.528082332] [frontier_explorer]: New sweep goal: (-6.06, -6.10)
[frontier_explorer-1] [INFO] [1781259897.590412703] [frontier_explorer]: New sweep goal: (-6.06, -6.10)
[frontier_explorer-1] [WARN] [1781259899.567881233] [frontier_explorer]: Watchdog: work exists but no goal active and robot stationary - clearing costmaps
[frontier_explorer-1] [INFO] [1781259901.715268786] [frontier_explorer]: New sweep goal: (-6.06, -6.10)
[frontier_explorer-1] [INFO] [1781259905.779494071] [frontier_explorer]: New sweep goal: (-6.06, -6.10)
[frontier_explorer-1] [INFO] [1781259909.876609950] [frontier_explorer]: New sweep goal: (-6.06, -6.10)
[frontier_explorer-1] [INFO] [1781259914.100048462] [frontier_explorer]: New sweep goal: (-6.06, -6.10)
[frontier_explorer-1] [WARN] [1781259920.177400603] [frontier_explorer]: Watchdog: work exists but no goal active and robot stationary - clearing costmaps
[frontier_explorer-1] [INFO] [1781259922.279666465] [frontier_explorer]: New sweep goal: (-6.06, -6.10)
[frontier_explorer-1] [INFO] [1781259926.369531994] [frontier_explorer]: New sweep goal: (-6.06, -6.10)
[frontier_explorer-1] [INFO] [1781259930.456799059] [frontier_explorer]: New sweep goal: (-6.06, -6.10)
[frontier_explorer-1] [INFO] [1781259934.564491779] [frontier_explorer]: New sweep goal: (-6.06, -6.10)
[frontier_explorer-1] [INFO] [1781259938.627033392] [frontier_explorer]: New sweep goal: (-6.06, -6.10)
[frontier_explorer-1] [WARN] [1781259940.610529679] [frontier_explorer]: Watchdog: work exists but no goal active and robot stationary - clearing costmaps
[frontier_explorer-1] [WARN] [1781259940.648364820] [frontier_explorer]: Watchdog: resetting blacklist
[frontier_explorer-1] [INFO] [1781259942.706845338] [frontier_explorer]: New sweep goal: (-6.06, -6.10)
[frontier_explorer-1] [INFO] [1781259946.799259626] [frontier_explorer]: New sweep goal: (-6.06, -6.10)
[frontier_explorer-1] [INFO] [1781259950.887196242] [frontier_explorer]: New sweep goal: (-6.06, -6.10)
[frontier_explorer-1] [INFO] [1781259954.991709014] [frontier_explorer]: New sweep goal: (-6.06, -6.10)
[frontier_explorer-1] [INFO] [1781259959.078689162] [frontier_explorer]: New sweep goal: (-6.06, -6.10)
[frontier_explorer-1] [WARN] [1781259961.067073912] [frontier_explorer]: Watchdog: work exists but no goal active and robot stationary - clearing costmaps
[frontier_explorer-1] [INFO] [1781259963.195404079] [frontier_explorer]: New sweep goal: (-6.06, -6.10)
[frontier_explorer-1] [INFO] [1781259967.271622063] [frontier_explorer]: New sweep goal: (-6.06, -6.10)
[frontier_explorer-1] [INFO] [1781259971.342112809] [frontier_explorer]: New sweep goal: (-6.06, -6.10)
[frontier_explorer-1] [INFO] [1781259975.441045614] [frontier_explorer]: New sweep goal: (-6.06, -6.10)
[frontier_explorer-1] [INFO] [1781259979.554154087] [frontier_explorer]: New sweep goal: (-6.06, -6.10)
[frontier_explorer-1] [INFO] [1781259983.646105131] [frontier_explorer]: New sweep goal: (-6.06, -6.10)
[frontier_explorer-1] [INFO] [1781259987.735247070] [frontier_explorer]: New sweep goal: (-6.06, -6.10)
[frontier_explorer-1] [INFO] [1781259991.809789636] [frontier_explorer]: New sweep goal: (-6.06, -6.10)
[frontier_explorer-1] [INFO] [1781259995.892738449] [frontier_explorer]: New sweep goal: (-6.06, -6.10)
[frontier_explorer-1] [INFO] [1781259999.992530029] [frontier_explorer]: New sweep goal: (-6.06, -6.10)
[frontier_explorer-1] [INFO] [1781260004.056271912] [frontier_explorer]: New sweep goal: (-6.06, -6.10)
[frontier_explorer-1] [INFO] [1781260008.143551886] [frontier_explorer]: New sweep goal: (-6.06, -6.10)
[frontier_explorer-1] [INFO] [1781260012.221407313] [frontier_explorer]: New sweep goal: (-6.06, -6.10)
[frontier_explorer-1] [INFO] [1781260016.306816680] [frontier_explorer]: New sweep goal: (-6.06, -6.10)
[frontier_explorer-1] [INFO] [1781260020.391459095] [frontier_explorer]: New sweep goal: (-6.06, -6.10)
[frontier_explorer-1] [WARN] [1781260022.370406853] [frontier_explorer]: Watchdog: work exists but no goal active and robot stationary - clearing costmaps
[frontier_explorer-1] [INFO] [1781260024.475677693] [frontier_explorer]: New sweep goal: (-6.06, -6.10)
[frontier_explorer-1] [INFO] [1781260028.559011297] [frontier_explorer]: New sweep goal: (-6.06, -6.10)
[frontier_explorer-1] [INFO] [1781260032.635288408] [frontier_explorer]: New sweep goal: (-6.06, -6.10)
[frontier_explorer-1] [INFO] [1781260036.748013077] [frontier_explorer]: New sweep goal: (-6.06, -6.10)
[frontier_explorer-1] [INFO] [1781260040.823057288] [frontier_explorer]: New sweep goal: (-6.06, -6.10)
[frontier_explorer-1] [WARN] [1781260042.810514309] [frontier_explorer]: Watchdog: work exists but no goal active and robot stationary - clearing costmaps
[frontier_explorer-1] [WARN] [1781260042.847673779] [frontier_explorer]: Watchdog: resetting blacklist
[frontier_explorer-1] [INFO] [1781260044.888096202] [frontier_explorer]: New sweep goal: (-6.06, -6.10)
[frontier_explorer-1] [INFO] [1781260048.989382462] [frontier_explorer]: New sweep goal: (-6.06, -6.10)
[frontier_explorer-1] [INFO] [1781260053.070309635] [frontier_explorer]: New sweep goal: (-6.06, -6.10)
[frontier_explorer-1] [INFO] [1781260057.154602469] [frontier_explorer]: New sweep goal: (-6.06, -6.10)
[frontier_explorer-1] [INFO] [1781260061.228286480] [frontier_explorer]: New sweep goal: (-6.06, -6.10)
[frontier_explorer-1] [WARN] [1781260063.218282804] [frontier_explorer]: Watchdog: work exists but no goal active and robot stationary - clearing costmaps
[frontier_explorer-1] [INFO] [1781260065.319085252] [frontier_explorer]: New sweep goal: (-6.06, -6.10)
[frontier_explorer-1] [INFO] [1781260069.424578836] [frontier_explorer]: New sweep goal: (-6.06, -6.10)
[frontier_explorer-1] [INFO] [1781260073.537299919] [frontier_explorer]: New sweep goal: (-6.06, -6.10)
[frontier_explorer-1] [INFO] [1781260077.601243184] [frontier_explorer]: New sweep goal: (-6.06, -6.10)
[frontier_explorer-1] [INFO] [1781260081.689336941] [frontier_explorer]: New sweep goal: (-6.06, -6.10)
[frontier_explorer-1] [WARN] [1781260083.680034145] [frontier_explorer]: Watchdog: work exists but no goal active and robot stationary - clearing costmaps
[frontier_explorer-1] [INFO] [1781260085.786154181] [frontier_explorer]: New sweep goal: (-6.06, -6.10)
[frontier_explorer-1] [INFO] [1781260089.868414168] [frontier_explorer]: New sweep goal: (-6.06, -6.10)
[frontier_explorer-1] [INFO] [1781260093.971845512] [frontier_explorer]: New sweep goal: (-6.06, -6.10)
[frontier_explorer-1] [INFO] [1781260098.052988249] [frontier_explorer]: New sweep goal: (-6.06, -6.10)
[frontier_explorer-1] [INFO] [1781260102.140978633] [frontier_explorer]: New sweep goal: (-6.06, -6.10)
[frontier_explorer-1] [WARN] [1781260104.125230103] [frontier_explorer]: Watchdog: work exists but no goal active and robot stationary - clearing costmaps
[frontier_explorer-1] [WARN] [1781260104.169115481] [frontier_explorer]: Watchdog: resetting blacklist
[frontier_explorer-1] [INFO] [1781260106.219049772] [frontier_explorer]: New sweep goal: (-6.06, -6.10)
[frontier_explorer-1] [INFO] [1781260118.504073307] [frontier_explorer]: New sweep goal: (-6.06, -6.10)
[frontier_explorer-1] [INFO] [1781260122.597848394] [frontier_explorer]: New sweep goal: (-6.06, -6.10)
[frontier_explorer-1] [WARN] [1781260124.580356148] [frontier_explorer]: Watchdog: work exists but no goal active and robot stationary - clearing costmaps
[frontier_explorer-1] [INFO] [1781260126.677593444] [frontier_explorer]: New sweep goal: (-6.06, -6.10)
[frontier_explorer-1] [INFO] [1781260130.751789933] [frontier_explorer]: New sweep goal: (-6.06, -6.10)
[frontier_explorer-1] [INFO] [1781260134.835652351] [frontier_explorer]: New sweep goal: (-6.06, -6.10)
[frontier_explorer-1] [INFO] [1781260138.903352288] [frontier_explorer]: New sweep goal: (-6.06, -6.10)
[frontier_explorer-1] [INFO] [1781260142.993677947] [frontier_explorer]: New sweep goal: (-6.06, -6.10)
[frontier_explorer-1] [WARN] [1781260144.983103372] [frontier_explorer]: Watchdog: work exists but no goal active and robot stationary - clearing costmaps
[frontier_explorer-1] [INFO] [1781260147.073613312] [frontier_explorer]: New sweep goal: (-6.06, -6.10)
[frontier_explorer-1] [INFO] [1781260151.155830743] [frontier_explorer]: New sweep goal: (-6.06, -6.10)
[frontier_explorer-1] [INFO] [1781260155.236706906] [frontier_explorer]: New sweep goal: (-6.06, -6.10)
[frontier_explorer-1] [INFO] [1781260159.333291523] [frontier_explorer]: New sweep goal: (-6.06, -6.10)
[frontier_explorer-1] [INFO] [1781260163.411007991] [frontier_explorer]: New sweep goal: (-6.06, -6.10)
[frontier_explorer-1] [WARN] [1781260165.395228801] [frontier_explorer]: Watchdog: work exists but no goal active and robot stationary - clearing costmaps
[frontier_explorer-1] [WARN] [1781260165.434788384] [frontier_explorer]: Watchdog: resetting blacklist
[frontier_explorer-1] [INFO] [1781260167.488247125] [frontier_explorer]: New sweep goal: (-6.06, -6.10)
[frontier_explorer-1] [INFO] [1781260171.563660408] [frontier_explorer]: New sweep goal: (-6.06, -6.10)
[frontier_explorer-1] [INFO] [1781260175.642249207] [frontier_explorer]: New sweep goal: (-6.06, -6.10)
[frontier_explorer-1] [INFO] [1781260179.714054249] [frontier_explorer]: New sweep goal: (-6.06, -6.10)
[frontier_explorer-1] [INFO] [1781260183.783404243] [frontier_explorer]: New sweep goal: (-6.06, -6.10)
[frontier_explorer-1] [WARN] [1781260185.772460457] [frontier_explorer]: Watchdog: work exists but no goal active and robot stationary - clearing costmaps
[frontier_explorer-1] [INFO] [1781260187.863705851] [frontier_explorer]: New sweep goal: (-6.06, -6.10)
[frontier_explorer-1] [INFO] [1781260191.928893771] [frontier_explorer]: New sweep goal: (-6.06, -6.10)
[frontier_explorer-1] [INFO] [1781260196.014315755] [frontier_explorer]: New sweep goal: (-6.06, -6.10)
[frontier_explorer-1] [INFO] [1781260200.087055122] [frontier_explorer]: New sweep goal: (-6.06, -6.10)
[frontier_explorer-1] [INFO] [1781260204.173990744] [frontier_explorer]: New sweep goal: (-6.06, -6.10)
[frontier_explorer-1] [WARN] [1781260206.158564641] [frontier_explorer]: Watchdog: work exists but no goal active and robot stationary - clearing costmaps
[frontier_explorer-1] [INFO] [1781260208.257013259] [frontier_explorer]: New sweep goal: (-6.06, -6.10)
[frontier_explorer-1] [INFO] [1781260212.320699008] [frontier_explorer]: New sweep goal: (-6.06, -6.10)
[frontier_explorer-1] [INFO] [1781260216.406170697] [frontier_explorer]: New sweep goal: (-6.06, -6.10)
[frontier_explorer-1] [INFO] [1781260220.486323047] [frontier_explorer]: New sweep goal: (-6.06, -6.10)
[frontier_explorer-1] [INFO] [1781260224.597938379] [frontier_explorer]: New sweep goal: (-6.06, -6.10)
[frontier_explorer-1] [WARN] [1781260226.564354962] [frontier_explorer]: Watchdog: work exists but no goal active and robot stationary - clearing costmaps
[frontier_explorer-1] [WARN] [1781260226.606316460] [frontier_explorer]: Watchdog: resetting blacklist
[frontier_explorer-1] [INFO] [1781260228.646991157] [frontier_explorer]: New sweep goal: (-6.06, -6.10)
[frontier_explorer-1] [INFO] [1781260232.731666375] [frontier_explorer]: New sweep goal: (-6.06, -6.10)
[frontier_explorer-1] [INFO] [1781260236.795408965] [frontier_explorer]: New sweep goal: (-6.06, -6.10)
[frontier_explorer-1] [INFO] [1781260240.872733202] [frontier_explorer]: New sweep goal: (-6.06, -6.10)
[frontier_explorer-1] [INFO] [1781260244.974121408] [frontier_explorer]: New sweep goal: (-6.06, -6.10)
[frontier_explorer-1] [WARN] [1781260246.960061011] [frontier_explorer]: Watchdog: work exists but no goal active and robot stationary - clearing costmaps
[frontier_explorer-1] [INFO] [1781260249.059721732] [frontier_explorer]: New sweep goal: (-6.06, -6.10)
[frontier_explorer-1] [INFO] [1781260253.141250550] [frontier_explorer]: New sweep goal: (-6.06, -6.10)
[frontier_explorer-1] [INFO] [1781260257.245442558] [frontier_explorer]: New sweep goal: (-6.06, -6.10)
[frontier_explorer-1] [INFO] [1781260261.331742476] [frontier_explorer]: New sweep goal: (-6.06, -6.10)
[frontier_explorer-1] [INFO] [1781260265.422647493] [frontier_explorer]: New sweep goal: (-6.06, -6.10)
[frontier_explorer-1] [WARN] [1781260267.416828352] [frontier_explorer]: Watchdog: work exists but no goal active and robot stationary - clearing costmaps
[frontier_explorer-1] [INFO] [1781260269.506064577] [frontier_explorer]: New sweep goal: (-6.06, -6.10)
[frontier_explorer-1] [INFO] [1781260273.627934276] [frontier_explorer]: New sweep goal: (-6.06, -6.10)
[frontier_explorer-1] [INFO] [1781260277.692389140] [frontier_explorer]: New sweep goal: (-6.06, -6.10)
[frontier_explorer-1] [INFO] [1781260281.763202337] [frontier_explorer]: New sweep goal: (-6.06, -6.10)
[frontier_explorer-1] [INFO] [1781260285.829479249] [frontier_explorer]: New sweep goal: (-6.06, -6.10)
[frontier_explorer-1] [WARN] [1781260287.814795879] [frontier_explorer]: Watchdog: work exists but no goal active and robot stationary - clearing costmaps
[frontier_explorer-1] [WARN] [1781260287.850483877] [frontier_explorer]: Watchdog: resetting blacklist
[frontier_explorer-1] [INFO] [1781260289.901072461] [frontier_explorer]: New sweep goal: (-6.06, -6.10)
[frontier_explorer-1] [INFO] [1781260293.985550351] [frontier_explorer]: New sweep goal: (-6.06, -6.10)
[frontier_explorer-1] [INFO] [1781260298.069148762] [frontier_explorer]: New sweep goal: (-6.06, -6.10)
[frontier_explorer-1] [INFO] [1781260302.131158949] [frontier_explorer]: New sweep goal: (-6.06, -6.10)
[frontier_explorer-1] [INFO] [1781260306.209736510] [frontier_explorer]: New sweep goal: (-6.06, -6.10)
[frontier_explorer-1] [WARN] [1781260308.195581671] [frontier_explorer]: Watchdog: work exists but no goal active and robot stationary - clearing costmaps
[frontier_explorer-1] [INFO] [1781260310.289255323] [frontier_explorer]: New sweep goal: (-6.06, -6.10)
[frontier_explorer-1] [INFO] [1781260314.381593482] [frontier_explorer]: New sweep goal: (-6.06, -6.10)
[frontier_explorer-1] [INFO] [1781260318.489799834] [frontier_explorer]: New sweep goal: (-6.06, -6.10)
[frontier_explorer-1] [INFO] [1781260334.963416710] [frontier_explorer]: New sweep goal: (-6.06, -6.10)
[frontier_explorer-1] [INFO] [1781260339.054594997] [frontier_explorer]: New sweep goal: (-6.06, -6.10)
[frontier_explorer-1] [INFO] [1781260343.131214840] [frontier_explorer]: New sweep goal: (-6.06, -6.10)
[frontier_explorer-1] [INFO] [1781260347.213587868] [frontier_explorer]: New sweep goal: (-6.06, -6.10)
[frontier_explorer-1] [WARN] [1781260349.183276151] [frontier_explorer]: Watchdog: work exists but no goal active and robot stationary - clearing costmaps
[frontier_explorer-1] [INFO] [1781260351.272600829] [frontier_explorer]: New sweep goal: (-6.06, -6.10)
[frontier_explorer-1] [INFO] [1781260355.367781014] [frontier_explorer]: New sweep goal: (-6.06, -6.10)
[frontier_explorer-1] [INFO] [1781260359.446630449] [frontier_explorer]: New sweep goal: (-6.06, -6.10)
[frontier_explorer-1] [INFO] [1781260363.550932819] [frontier_explorer]: New sweep goal: (-6.06, -6.10)
[frontier_explorer-1] [INFO] [1781260367.620957785] [frontier_explorer]: New sweep goal: (-6.06, -6.10)
[frontier_explorer-1] [WARN] [1781260369.607969923] [frontier_explorer]: Watchdog: work exists but no goal active and robot stationary - clearing costmaps
[frontier_explorer-1] [WARN] [1781260369.645904726] [frontier_explorer]: Watchdog: resetting blacklist
[frontier_explorer-1] [INFO] [1781260371.703344496] [frontier_explorer]: New sweep goal: (-6.06, -6.10)
[frontier_explorer-1] [INFO] [1781260375.775408093] [frontier_explorer]: New sweep goal: (-6.06, -6.10)
[frontier_explorer-1] [INFO] [1781260379.867003602] [frontier_explorer]: New sweep goal: (-6.06, -6.10)
[frontier_explorer-1] [INFO] [1781260383.962001587] [frontier_explorer]: New sweep goal: (-6.06, -6.10)
[frontier_explorer-1] [INFO] [1781260388.058360238] [frontier_explorer]: New sweep goal: (-6.06, -6.10)
[frontier_explorer-1] [WARN] [1781260390.028762517] [frontier_explorer]: Watchdog: work exists but no goal active and robot stationary - clearing costmaps
[frontier_explorer-1] [INFO] [1781260392.120301138] [frontier_explorer]: New sweep goal: (-6.06, -6.10)
[frontier_explorer-1] [INFO] [1781260396.213487401] [frontier_explorer]: New sweep goal: (-6.06, -6.10)
[frontier_explorer-1] [INFO] [1781260400.291848655] [frontier_explorer]: New sweep goal: (-6.06, -6.10)
[frontier_explorer-1] [INFO] [1781260404.370635917] [frontier_explorer]: New sweep goal: (-6.06, -6.10)
[frontier_explorer-1] [INFO] [1781260408.459491796] [frontier_explorer]: New sweep goal: (-6.06, -6.10)
[frontier_explorer-1] [WARN] [1781260410.442425040] [frontier_explorer]: Watchdog: work exists but no goal active and robot stationary - clearing costmaps
[frontier_explorer-1] [INFO] [1781260412.537551365] [frontier_explorer]: New sweep goal: (-6.06, -6.10)
[frontier_explorer-1] [INFO] [1781260416.612906177] [frontier_explorer]: New sweep goal: (-6.06, -6.10)
[frontier_explorer-1] [INFO] [1781260420.697126028] [frontier_explorer]: New sweep goal: (-6.06, -6.10)
[frontier_explorer-1] [INFO] [1781260424.785426993] [frontier_explorer]: New sweep goal: (-6.06, -6.10)
[frontier_explorer-1] [INFO] [1781260428.870912853] [frontier_explorer]: New sweep goal: (-6.06, -6.10)
[frontier_explorer-1] [WARN] [1781260430.855623538] [frontier_explorer]: Watchdog: work exists but no goal active and robot stationary - clearing costmaps
[frontier_explorer-1] [WARN] [1781260430.894552382] [frontier_explorer]: Watchdog: resetting blacklist
[frontier_explorer-1] [INFO] [1781260432.952071607] [frontier_explorer]: New sweep goal: (-6.06, -6.10)
[frontier_explorer-1] [INFO] [1781260437.034647733] [frontier_explorer]: New sweep goal: (-6.06, -6.10)
[frontier_explorer-1] [INFO] [1781260441.172617315] [frontier_explorer]: New sweep goal: (-6.06, -6.10)
[frontier_explorer-1] [INFO] [1781260449.392609103] [frontier_explorer]: New sweep goal: (-6.06, -6.10)
[frontier_explorer-1] [WARN] [1781260451.372239264] [frontier_explorer]: Watchdog: work exists but no goal active and robot stationary - clearing costmaps
[frontier_explorer-1] [INFO] [1781260453.464615252] [frontier_explorer]: New sweep goal: (-6.06, -6.10)
[frontier_explorer-1] [INFO] [1781260457.540099119] [frontier_explorer]: New sweep goal: (-6.06, -6.10)
[frontier_explorer-1] [INFO] [1781260461.615883357] [frontier_explorer]: New sweep goal: (-6.06, -6.10)
[frontier_explorer-1] [INFO] [1781260465.700857814] [frontier_explorer]: New sweep goal: (-6.06, -6.10)
[frontier_explorer-1] [INFO] [1781260469.779643619] [frontier_explorer]: New sweep goal: (-6.06, -6.10)
[frontier_explorer-1] [WARN] [1781260471.756976787] [frontier_explorer]: Watchdog: work exists but no goal active and robot stationary - clearing costmaps
[frontier_explorer-1] [INFO] [1781260473.856938146] [frontier_explorer]: New sweep goal: (-6.06, -6.10)
[frontier_explorer-1] [INFO] [1781260477.935352661] [frontier_explorer]: New sweep goal: (-6.06, -6.10)
[frontier_explorer-1] [INFO] [1781260482.019286156] [frontier_explorer]: New sweep goal: (-6.06, -6.10)
[frontier_explorer-1] [INFO] [1781260486.088370671] [frontier_explorer]: New sweep goal: (-6.06, -6.10)
[frontier_explorer-1] [INFO] [1781260490.156286256] [frontier_explorer]: New sweep goal: (-6.06, -6.10)
[frontier_explorer-1] [WARN] [1781260492.130936480] [frontier_explorer]: Watchdog: work exists but no goal active and robot stationary - clearing costmaps
[frontier_explorer-1] [WARN] [1781260492.169750768] [frontier_explorer]: Watchdog: resetting blacklist
[frontier_explorer-1] [INFO] [1781260494.227709503] [frontier_explorer]: New sweep goal: (-6.06, -6.10)
[frontier_explorer-1] [INFO] [1781260498.298898332] [frontier_explorer]: New sweep goal: (-6.06, -6.10)
[frontier_explorer-1] [INFO] [1781260502.392460861] [frontier_explorer]: New sweep goal: (-6.06, -6.10)
[frontier_explorer-1] [INFO] [1781260506.466783703] [frontier_explorer]: New sweep goal: (-6.06, -6.10)
[frontier_explorer-1] [INFO] [1781260510.552862797] [frontier_explorer]: New sweep goal: (-6.06, -6.10)
[frontier_explorer-1] [WARN] [1781260512.537490194] [frontier_explorer]: Watchdog: work exists but no goal active and robot stationary - clearing costmaps
[frontier_explorer-1] [INFO] [1781260514.628807010] [frontier_explorer]: New sweep goal: (-6.06, -6.10)
[frontier_explorer-1] [INFO] [1781260518.715624338] [frontier_explorer]: New sweep goal: (-6.06, -6.10)
[frontier_explorer-1] [INFO] [1781260522.784779925] [frontier_explorer]: New sweep goal: (-6.06, -6.10)
[frontier_explorer-1] [INFO] [1781260526.859492168] [frontier_explorer]: New sweep goal: (-6.06, -6.10)
[frontier_explorer-1] [INFO] [1781260530.931432870] [frontier_explorer]: New sweep goal: (-6.06, -6.10)
[frontier_explorer-1] [WARN] [1781260532.915551360] [frontier_explorer]: Watchdog: work exists but no goal active and robot stationary - clearing costmaps
[frontier_explorer-1] [INFO] [1781260535.023979114] [frontier_explorer]: New sweep goal: (-6.06, -6.10)
[frontier_explorer-1] [INFO] [1781260539.103409655] [frontier_explorer]: New sweep goal: (-6.06, -6.10)
[frontier_explorer-1] [INFO] [1781260543.193508083] [frontier_explorer]: New sweep goal: (-6.06, -6.10)
[frontier_explorer-1] [INFO] [1781260547.269712068] [frontier_explorer]: New sweep goal: (-6.06, -6.10)
[frontier_explorer-1] [INFO] [1781260551.341277531] [frontier_explorer]: New sweep goal: (-6.06, -6.10)
[frontier_explorer-1] [WARN] [1781260553.327131914] [frontier_explorer]: Watchdog: work exists but no goal active and robot stationary - clearing costmaps
[frontier_explorer-1] [WARN] [1781260553.368069012] [frontier_explorer]: Watchdog: resetting blacklist
[frontier_explorer-1] [INFO] [1781260555.419132358] [frontier_explorer]: New sweep goal: (-6.06, -6.10)
[frontier_explorer-1] [INFO] [1781260559.491205677] [frontier_explorer]: New sweep goal: (-6.06, -6.10)
[frontier_explorer-1] [INFO] [1781260563.580825501] [frontier_explorer]: New sweep goal: (-6.06, -6.10)
[frontier_explorer-1] [INFO] [1781260567.669136716] [frontier_explorer]: New sweep goal: (-6.06, -6.10)
[frontier_explorer-1] [INFO] [1781260571.740564266] [frontier_explorer]: New sweep goal: (-6.06, -6.10)
[frontier_explorer-1] [WARN] [1781260573.741320827] [frontier_explorer]: Watchdog: work exists but no goal active and robot stationary - clearing costmaps
[frontier_explorer-1] [INFO] [1781260575.831936374] [frontier_explorer]: New sweep goal: (-6.06, -6.10)
[frontier_explorer-1] [INFO] [1781260579.908822024] [frontier_explorer]: New sweep goal: (-6.06, -6.10)
[frontier_explorer-1] [INFO] [1781260583.981364598] [frontier_explorer]: New sweep goal: (-6.06, -6.10)
[frontier_explorer-1] [INFO] [1781260588.060914192] [frontier_explorer]: New sweep goal: (-6.06, -6.10)
[frontier_explorer-1] [INFO] [1781260592.130926717] [frontier_explorer]: New sweep goal: (-6.06, -6.10)
[frontier_explorer-1] [WARN] [1781260594.110284829] [frontier_explorer]: Watchdog: work exists but no goal active and robot stationary - clearing costmaps
[frontier_explorer-1] [INFO] [1781260596.210432974] [frontier_explorer]: New sweep goal: (-6.06, -6.10)
[frontier_explorer-1] [INFO] [1781260600.294051691] [frontier_explorer]: New sweep goal: (-6.06, -6.10)
[frontier_explorer-1] [INFO] [1781260604.377185968] [frontier_explorer]: New sweep goal: (-6.06, -6.10)
[frontier_explorer-1] [INFO] [1781260608.455815969] [frontier_explorer]: New sweep goal: (-6.06, -6.10)
[frontier_explorer-1] [INFO] [1781260612.524235411] [frontier_explorer]: New sweep goal: (-6.06, -6.10)
[frontier_explorer-1] [WARN] [1781260614.513820465] [frontier_explorer]: Watchdog: work exists but no goal active and robot stationary - clearing costmaps
[frontier_explorer-1] [WARN] [1781260614.553374325] [frontier_explorer]: Watchdog: resetting blacklist
[frontier_explorer-1] [INFO] [1781260616.611097443] [frontier_explorer]: New sweep goal: (-6.06, -6.10)
[frontier_explorer-1] [INFO] [1781260620.689487158] [frontier_explorer]: New sweep goal: (-6.06, -6.10)
[frontier_explorer-1] [INFO] [1781260624.780917112] [frontier_explorer]: New sweep goal: (-6.06, -6.10)
[frontier_explorer-1] [INFO] [1781260628.861934717] [frontier_explorer]: New sweep goal: (-6.06, -6.10)
[frontier_explorer-1] [INFO] [1781260632.936755388] [frontier_explorer]: New sweep goal: (-6.06, -6.10)
[frontier_explorer-1] [WARN] [1781260634.930055156] [frontier_explorer]: Watchdog: work exists but no goal active and robot stationary - clearing costmaps
[frontier_explorer-1] [INFO] [1781260637.029924847] [frontier_explorer]: New sweep goal: (-6.06, -6.10)
[frontier_explorer-1] [INFO] [1781260641.104156160] [frontier_explorer]: New sweep goal: (-6.06, -6.10)
[frontier_explorer-1] [INFO] [1781260645.165329966] [frontier_explorer]: New sweep goal: (-6.06, -6.10)
[frontier_explorer-1] [INFO] [1781260649.259940854] [frontier_explorer]: New sweep goal: (-6.06, -6.10)
[frontier_explorer-1] [INFO] [1781260653.332909572] [frontier_explorer]: New sweep goal: (-6.06, -6.10)
[frontier_explorer-1] [WARN] [1781260655.330728018] [frontier_explorer]: Watchdog: work exists but no goal active and robot stationary - clearing costmaps
[frontier_explorer-1] [INFO] [1781260657.414823485] [frontier_explorer]: New sweep goal: (-6.06, -6.10)
[frontier_explorer-1] [INFO] [1781260661.489111733] [frontier_explorer]: New sweep goal: (-6.06, -6.10)
[frontier_explorer-1] [INFO] [1781260665.575472964] [frontier_explorer]: New sweep goal: (-6.06, -6.10)
[frontier_explorer-1] [INFO] [1781260669.649623311] [frontier_explorer]: New sweep goal: (-6.06, -6.10)
[frontier_explorer-1] [INFO] [1781260673.724536237] [frontier_explorer]: New sweep goal: (-6.06, -6.10)
[frontier_explorer-1] [WARN] [1781260675.704533502] [frontier_explorer]: Watchdog: work exists but no goal active and robot stationary - clearing costmaps
[frontier_explorer-1] [WARN] [1781260675.742200171] [frontier_explorer]: Watchdog: resetting blacklist
[frontier_explorer-1] [INFO] [1781260677.801696749] [frontier_explorer]: New sweep goal: (-6.06, -6.10)
[frontier_explorer-1] [INFO] [1781260681.900480577] [frontier_explorer]: New sweep goal: (-6.06, -6.10)
[frontier_explorer-1] [INFO] [1781260685.978887735] [frontier_explorer]: New sweep goal: (-6.06, -6.10)
[frontier_explorer-1] [INFO] [1781260694.139272672] [frontier_explorer]: New sweep goal: (-6.06, -6.10)
[frontier_explorer-1] [WARN] [1781260696.136849500] [frontier_explorer]: Watchdog: work exists but no goal active and robot stationary - clearing costmaps
[frontier_explorer-1] [INFO] [1781260698.235958170] [frontier_explorer]: New sweep goal: (-6.06, -6.10)
[frontier_explorer-1] [INFO] [1781260702.313459000] [frontier_explorer]: New sweep goal: (-6.06, -6.10)
[frontier_explorer-1] [INFO] [1781260706.396303465] [frontier_explorer]: New sweep goal: (-6.06, -6.10)
[frontier_explorer-1] [INFO] [1781260710.468357478] [frontier_explorer]: New sweep goal: (-6.06, -6.10)
[frontier_explorer-1] [INFO] [1781260714.540494124] [frontier_explorer]: New sweep goal: (-6.06, -6.10)
[frontier_explorer-1] [WARN] [1781260716.526336196] [frontier_explorer]: Watchdog: work exists but no goal active and robot stationary - clearing costmaps
[frontier_explorer-1] [INFO] [1781260718.622821269] [frontier_explorer]: New sweep goal: (-6.06, -6.10)
[frontier_explorer-1] [INFO] [1781260722.699458933] [frontier_explorer]: New sweep goal: (-6.06, -6.10)
[frontier_explorer-1] [INFO] [1781260726.784043222] [frontier_explorer]: New sweep goal: (-6.06, -6.10)
[frontier_explorer-1] [INFO] [1781260730.857355739] [frontier_explorer]: New sweep goal: (-6.06, -6.10)
[frontier_explorer-1] [INFO] [1781260734.940172141] [frontier_explorer]: New sweep goal: (-6.06, -6.10)
[frontier_explorer-1] [WARN] [1781260736.922794203] [frontier_explorer]: Watchdog: work exists but no goal active and robot stationary - clearing costmaps
[frontier_explorer-1] [WARN] [1781260736.961503115] [frontier_explorer]: Watchdog: resetting blacklist
[frontier_explorer-1] [INFO] [1781260739.016234864] [frontier_explorer]: New sweep goal: (-6.06, -6.10)
[frontier_explorer-1] [INFO] [1781260743.106767792] [frontier_explorer]: New sweep goal: (-6.06, -6.10)
[frontier_explorer-1] [INFO] [1781260747.197440726] [frontier_explorer]: New sweep goal: (-6.06, -6.10)
[frontier_explorer-1] [INFO] [1781260751.296067620] [frontier_explorer]: New sweep goal: (-6.06, -6.10)
[frontier_explorer-1] [INFO] [1781260755.366503262] [frontier_explorer]: New sweep goal: (-6.06, -6.10)
[frontier_explorer-1] [WARN] [1781260757.354263855] [frontier_explorer]: Watchdog: work exists but no goal active and robot stationary - clearing costmaps
[frontier_explorer-1] [INFO] [1781260759.441620811] [frontier_explorer]: New sweep goal: (-6.06, -6.10)
[frontier_explorer-1] [INFO] [1781260763.523679064] [frontier_explorer]: New sweep goal: (-6.06, -6.10)
[frontier_explorer-1] [INFO] [1781260767.600151336] [frontier_explorer]: New sweep goal: (-6.06, -6.10)
[frontier_explorer-1] [INFO] [1781260771.683245508] [frontier_explorer]: New sweep goal: (-6.06, -6.10)
[frontier_explorer-1] [INFO] [1781260775.751544561] [frontier_explorer]: New sweep goal: (-6.06, -6.10)
[frontier_explorer-1] [WARN] [1781260777.741445194] [frontier_explorer]: Watchdog: work exists but no goal active and robot stationary - clearing costmaps
[frontier_explorer-1] [INFO] [1781260779.837797231] [frontier_explorer]: New sweep goal: (-6.06, -6.10)
[frontier_explorer-1] [INFO] [1781260783.942128806] [frontier_explorer]: New sweep goal: (-6.06, -6.10)
[frontier_explorer-1] [INFO] [1781260787.994717587] [frontier_explorer]: New sweep goal: (-6.06, -6.10)
[frontier_explorer-1] [INFO] [1781260792.077658210] [frontier_explorer]: New sweep goal: (-6.06, -6.10)
[frontier_explorer-1] [INFO] [1781260796.145496511] [frontier_explorer]: New sweep goal: (-6.06, -6.10)
[frontier_explorer-1] [WARN] [1781260798.130818598] [frontier_explorer]: Watchdog: work exists but no goal active and robot stationary - clearing costmaps
[frontier_explorer-1] [WARN] [1781260798.168407281] [frontier_explorer]: Watchdog: resetting blacklist
[frontier_explorer-1] [INFO] [1781260800.221414043] [frontier_explorer]: New sweep goal: (-6.06, -6.10)
[frontier_explorer-1] [INFO] [1781260804.343053264] [frontier_explorer]: New sweep goal: (-6.06, -6.10)
[frontier_explorer-1] [INFO] [1781260812.507882223] [frontier_explorer]: New sweep goal: (-6.06, -6.10)
[frontier_explorer-1] [INFO] [1781260816.581337025] [frontier_explorer]: New sweep goal: (-6.06, -6.10)
[frontier_explorer-1] [WARN] [1781260818.563077471] [frontier_explorer]: Watchdog: work exists but no goal active and robot stationary - clearing costmaps
[frontier_explorer-1] [INFO] [1781260820.646419701] [frontier_explorer]: New sweep goal: (-6.06, -6.10)
[frontier_explorer-1] [INFO] [1781260824.720824331] [frontier_explorer]: New sweep goal: (-6.06, -6.10)
[frontier_explorer-1] [INFO] [1781260828.789954467] [frontier_explorer]: New sweep goal: (-6.06, -6.10)
[frontier_explorer-1] [INFO] [1781260832.865836057] [frontier_explorer]: New sweep goal: (-6.06, -6.10)
[frontier_explorer-1] [INFO] [1781260836.937521501] [frontier_explorer]: New sweep goal: (-6.06, -6.10)
[frontier_explorer-1] [WARN] [1781260838.923567095] [frontier_explorer]: Watchdog: work exists but no goal active and robot stationary - clearing costmaps
[frontier_explorer-1] [INFO] [1781260841.040432342] [frontier_explorer]: New sweep goal: (-6.06, -6.10)
[frontier_explorer-1] [INFO] [1781260845.097347090] [frontier_explorer]: New sweep goal: (-6.06, -6.10)
[frontier_explorer-1] [INFO] [1781260849.162035322] [frontier_explorer]: New sweep goal: (-6.06, -6.10)
[frontier_explorer-1] [INFO] [1781260853.250535030] [frontier_explorer]: New sweep goal: (-6.06, -6.10)
[frontier_explorer-1] [INFO] [1781260857.328142315] [frontier_explorer]: New sweep goal: (-6.06, -6.10)
[frontier_explorer-1] [WARN] [1781260859.319515164] [frontier_explorer]: Watchdog: work exists but no goal active and robot stationary - clearing costmaps
[frontier_explorer-1] [WARN] [1781260859.358789097] [frontier_explorer]: Watchdog: resetting blacklist
[frontier_explorer-1] [INFO] [1781260861.404006093] [frontier_explorer]: New sweep goal: (-6.06, -6.10)
[frontier_explorer-1] [INFO] [1781260865.486468275] [frontier_explorer]: New sweep goal: (-6.06, -6.10)
[frontier_explorer-1] [INFO] [1781260869.578984327] [frontier_explorer]: New sweep goal: (-6.06, -6.10)
[frontier_explorer-1] [INFO] [1781260873.650803567] [frontier_explorer]: New sweep goal: (-6.06, -6.10)
[frontier_explorer-1] [INFO] [1781260877.730835352] [frontier_explorer]: New sweep goal: (-6.06, -6.10)
[frontier_explorer-1] [WARN] [1781260879.719158480] [frontier_explorer]: Watchdog: work exists but no goal active and robot stationary - clearing costmaps
[frontier_explorer-1] [INFO] [1781260881.820477619] [frontier_explorer]: New sweep goal: (-6.06, -6.10)
[frontier_explorer-1] [INFO] [1781260885.900976544] [frontier_explorer]: New sweep goal: (-6.06, -6.10)
[frontier_explorer-1] [INFO] [1781260889.982271164] [frontier_explorer]: New sweep goal: (-6.06, -6.10)
[frontier_explorer-1] [INFO] [1781260894.090840640] [frontier_explorer]: New sweep goal: (-6.06, -6.10)
[frontier_explorer-1] [INFO] [1781260898.122021401] [frontier_explorer]: New sweep goal: (-6.06, -6.10)
[frontier_explorer-1] [WARN] [1781260900.117250626] [frontier_explorer]: Watchdog: work exists but no goal active and robot stationary - clearing costmaps
[frontier_explorer-1] [INFO] [1781260902.202051151] [frontier_explorer]: New sweep goal: (-6.06, -6.10)
[frontier_explorer-1] [INFO] [1781260906.283274111] [frontier_explorer]: New sweep goal: (-6.06, -6.10)
[frontier_explorer-1] [INFO] [1781260910.354613411] [frontier_explorer]: New sweep goal: (-6.06, -6.10)
[frontier_explorer-1] [INFO] [1781260914.430631754] [frontier_explorer]: New sweep goal: (-6.06, -6.10)
[frontier_explorer-1] [INFO] [1781260918.504023498] [frontier_explorer]: New sweep goal: (-6.06, -6.10)
[frontier_explorer-1] [WARN] [1781260920.485033297] [frontier_explorer]: Watchdog: work exists but no goal active and robot stationary - clearing costmaps
[frontier_explorer-1] [WARN] [1781260920.523306518] [frontier_explorer]: Watchdog: resetting blacklist
[frontier_explorer-1] [INFO] [1781260922.577934352] [frontier_explorer]: New sweep goal: (-6.06, -6.10)
[frontier_explorer-1] [INFO] [1781260926.660038735] [frontier_explorer]: New sweep goal: (-6.06, -6.10)
[frontier_explorer-1] [INFO] [1781260930.754790033] [frontier_explorer]: New sweep goal: (-6.06, -6.10)
[frontier_explorer-1] [INFO] [1781260934.823410553] [frontier_explorer]: New sweep goal: (-6.06, -6.10)
[frontier_explorer-1] [INFO] [1781260938.901393181] [frontier_explorer]: New sweep goal: (-6.06, -6.10)
[frontier_explorer-1] [WARN] [1781260940.891091232] [frontier_explorer]: Watchdog: work exists but no goal active and robot stationary - clearing costmaps
[frontier_explorer-1] [INFO] [1781260942.978659381] [frontier_explorer]: New sweep goal: (-6.06, -6.10)
[frontier_explorer-1] [INFO] [1781260947.065019447] [frontier_explorer]: New sweep goal: (-6.06, -6.10)
[frontier_explorer-1] [INFO] [1781260951.132056182] [frontier_explorer]: New sweep goal: (-6.06, -6.10)
[frontier_explorer-1] [INFO] [1781260955.203979937] [frontier_explorer]: New sweep goal: (-6.06, -6.10)
[frontier_explorer-1] [INFO] [1781260959.289480793] [frontier_explorer]: New sweep goal: (-6.06, -6.10)
[frontier_explorer-1] [WARN] [1781260961.275027111] [frontier_explorer]: Watchdog: work exists but no goal active and robot stationary - clearing costmaps
[frontier_explorer-1] [INFO] [1781260963.372283254] [frontier_explorer]: New sweep goal: (-6.06, -6.10)
[frontier_explorer-1] [INFO] [1781260967.457467734] [frontier_explorer]: New sweep goal: (-6.06, -6.10)
[frontier_explorer-1] [INFO] [1781260971.526134350] [frontier_explorer]: New sweep goal: (-6.06, -6.10)
[frontier_explorer-1] [INFO] [1781260975.597827100] [frontier_explorer]: New sweep goal: (-6.06, -6.10)
[frontier_explorer-1] [INFO] [1781260979.687445703] [frontier_explorer]: New sweep goal: (-6.06, -6.10)
[frontier_explorer-1] [WARN] [1781260981.676591939] [frontier_explorer]: Watchdog: work exists but no goal active and robot stationary - clearing costmaps
[frontier_explorer-1] [WARN] [1781260981.716525081] [frontier_explorer]: Watchdog: resetting blacklist
[frontier_explorer-1] [INFO] [1781260983.755714203] [frontier_explorer]: New sweep goal: (-6.06, -6.10)
[frontier_explorer-1] [INFO] [1781260987.868815110] [frontier_explorer]: New sweep goal: (-6.06, -6.10)
[frontier_explorer-1] [INFO] [1781260991.928581916] [frontier_explorer]: New sweep goal: (-6.06, -6.10)
[frontier_explorer-1] [INFO] [1781260996.006622942] [frontier_explorer]: New sweep goal: (-6.06, -6.10)
[frontier_explorer-1] [INFO] [1781261000.091718712] [frontier_explorer]: New sweep goal: (-6.06, -6.10)
[frontier_explorer-1] [WARN] [1781261002.069049206] [frontier_explorer]: Watchdog: work exists but no goal active and robot stationary - clearing costmaps
[frontier_explorer-1] [INFO] [1781261004.187184863] [frontier_explorer]: New sweep goal: (-6.06, -6.10)
[frontier_explorer-1] [INFO] [1781261008.262154923] [frontier_explorer]: New sweep goal: (-6.06, -6.10)
[frontier_explorer-1] [INFO] [1781261012.338182193] [frontier_explorer]: New sweep goal: (-6.06, -6.10)
[frontier_explorer-1] [INFO] [1781261016.414562405] [frontier_explorer]: New sweep goal: (-6.06, -6.10)
[frontier_explorer-1] [INFO] [1781261020.485003925] [frontier_explorer]: New sweep goal: (-6.06, -6.10)
[frontier_explorer-1] [WARN] [1781261022.471781663] [frontier_explorer]: Watchdog: work exists but no goal active and robot stationary - clearing costmaps
[frontier_explorer-1] [INFO] [1781261024.565679585] [frontier_explorer]: New sweep goal: (-6.06, -6.10)
[frontier_explorer-1] [INFO] [1781261028.639781818] [frontier_explorer]: New sweep goal: (-6.06, -6.10)
[frontier_explorer-1] [INFO] [1781261032.713614805] [frontier_explorer]: New sweep goal: (-6.06, -6.10)
[frontier_explorer-1] [INFO] [1781261036.790662054] [frontier_explorer]: New sweep goal: (-6.06, -6.10)
[frontier_explorer-1] [INFO] [1781261040.874192864] [frontier_explorer]: New sweep goal: (-6.06, -6.10)
[frontier_explorer-1] [WARN] [1781261042.868801725] [frontier_explorer]: Watchdog: work exists but no goal active and robot stationary - clearing costmaps
[frontier_explorer-1] [WARN] [1781261042.907522696] [frontier_explorer]: Watchdog: resetting blacklist
[frontier_explorer-1] [INFO] [1781261044.965802213] [frontier_explorer]: New sweep goal: (-6.06, -6.10)
[frontier_explorer-1] [INFO] [1781261049.058490881] [frontier_explorer]: New sweep goal: (-6.06, -6.10)
[frontier_explorer-1] [INFO] [1781261057.221090926] [frontier_explorer]: New sweep goal: (-6.06, -6.10)
[frontier_explorer-1] [INFO] [1781261061.285630667] [frontier_explorer]: New sweep goal: (-6.06, -6.10)
[frontier_explorer-1] [WARN] [1781261063.280078127] [frontier_explorer]: Watchdog: work exists but no goal active and robot stationary - clearing costmaps
[frontier_explorer-1] [INFO] [1781261065.375673084] [frontier_explorer]: New sweep goal: (-6.06, -6.10)
[frontier_explorer-1] [INFO] [1781261069.446087016] [frontier_explorer]: New sweep goal: (-6.06, -6.10)
[frontier_explorer-1] [INFO] [1781261073.523438211] [frontier_explorer]: New sweep goal: (-6.06, -6.10)
[frontier_explorer-1] [INFO] [1781261077.597463971] [frontier_explorer]: New sweep goal: (-6.06, -6.10)
[frontier_explorer-1] [INFO] [1781261081.676973592] [frontier_explorer]: New sweep goal: (-6.06, -6.10)
[frontier_explorer-1] [WARN] [1781261083.664587780] [frontier_explorer]: Watchdog: work exists but no goal active and robot stationary - clearing costmaps
[frontier_explorer-1] [INFO] [1781261085.758228813] [frontier_explorer]: New sweep goal: (-6.06, -6.10)
[frontier_explorer-1] [INFO] [1781261089.838608336] [frontier_explorer]: New sweep goal: (-6.06, -6.10)
[frontier_explorer-1] [INFO] [1781261093.912362732] [frontier_explorer]: New sweep goal: (-6.06, -6.10)
[frontier_explorer-1] [INFO] [1781261098.000663401] [frontier_explorer]: New sweep goal: (-6.06, -6.10)
[frontier_explorer-1] [INFO] [1781261102.077508739] [frontier_explorer]: New sweep goal: (-6.06, -6.10)
[frontier_explorer-1] [WARN] [1781261104.059605540] [frontier_explorer]: Watchdog: work exists but no goal active and robot stationary - clearing costmaps
[frontier_explorer-1] [WARN] [1781261104.109797721] [frontier_explorer]: Watchdog: resetting blacklist
[frontier_explorer-1] [INFO] [1781261106.172137152] [frontier_explorer]: New sweep goal: (-6.06, -6.10)
[frontier_explorer-1] [INFO] [1781261110.261950578] [frontier_explorer]: New sweep goal: (-6.06, -6.10)
[frontier_explorer-1] [INFO] [1781261114.354014096] [frontier_explorer]: New sweep goal: (-6.06, -6.10)
[frontier_explorer-1] [INFO] [1781261118.433486673] [frontier_explorer]: New sweep goal: (-6.06, -6.10)
[frontier_explorer-1] [INFO] [1781261122.503801365] [frontier_explorer]: New sweep goal: (-6.06, -6.10)
[frontier_explorer-1] [WARN] [1781261124.494348361] [frontier_explorer]: Watchdog: work exists but no goal active and robot stationary - clearing costmaps
[frontier_explorer-1] [INFO] [1781261126.577510284] [frontier_explorer]: New sweep goal: (-6.06, -6.10)
[frontier_explorer-1] [INFO] [1781261130.651126839] [frontier_explorer]: New sweep goal: (-6.06, -6.10)
[frontier_explorer-1] [INFO] [1781261134.736885686] [frontier_explorer]: New sweep goal: (-6.06, -6.10)
[frontier_explorer-1] [INFO] [1781261138.813630821] [frontier_explorer]: New sweep goal: (-6.06, -6.10)
[frontier_explorer-1] [INFO] [1781261142.886440159] [frontier_explorer]: New sweep goal: (-6.06, -6.10)
[frontier_explorer-1] [WARN] [1781261144.867169939] [frontier_explorer]: Watchdog: work exists but no goal active and robot stationary - clearing costmaps
[frontier_explorer-1] [INFO] [1781261146.967481645] [frontier_explorer]: New sweep goal: (-6.06, -6.10)
[frontier_explorer-1] [INFO] [1781261151.035232871] [frontier_explorer]: New sweep goal: (-6.06, -6.10)
[frontier_explorer-1] [INFO] [1781261155.101502699] [frontier_explorer]: New sweep goal: (-6.06, -6.10)
[frontier_explorer-1] [INFO] [1781261159.169578028] [frontier_explorer]: New sweep goal: (-6.06, -6.10)
[frontier_explorer-1] [INFO] [1781261163.249750446] [frontier_explorer]: New sweep goal: (-6.06, -6.10)
[frontier_explorer-1] [WARN] [1781261165.247194243] [frontier_explorer]: Watchdog: work exists but no goal active and robot stationary - clearing costmaps
[frontier_explorer-1] [WARN] [1781261165.299929118] [frontier_explorer]: Watchdog: resetting blacklist
[frontier_explorer-1] [INFO] [1781261167.336007097] [frontier_explorer]: New sweep goal: (-6.06, -6.10)
[frontier_explorer-1] [INFO] [1781261171.424113561] [frontier_explorer]: New sweep goal: (-6.06, -6.10)
[frontier_explorer-1] [INFO] [1781261175.511679381] [frontier_explorer]: New sweep goal: (-6.06, -6.10)
[frontier_explorer-1] [INFO] [1781261179.584209324] [frontier_explorer]: New sweep goal: (-6.06, -6.10)
[frontier_explorer-1] [INFO] [1781261183.669472232] [frontier_explorer]: New sweep goal: (-6.06, -6.10)
[frontier_explorer-1] [WARN] [1781261185.654931337] [frontier_explorer]: Watchdog: work exists but no goal active and robot stationary - clearing costmaps
[frontier_explorer-1] [INFO] [1781261187.750710946] [frontier_explorer]: New sweep goal: (-6.06, -6.10)
[frontier_explorer-1] [INFO] [1781261191.826385432] [frontier_explorer]: New sweep goal: (-6.06, -6.10)
[frontier_explorer-1] [INFO] [1781261195.911770317] [frontier_explorer]: New sweep goal: (-6.06, -6.10)
[frontier_explorer-1] [INFO] [1781261200.008777113] [frontier_explorer]: New sweep goal: (-6.06, -6.10)
[frontier_explorer-1] [INFO] [1781261204.086821795] [frontier_explorer]: New sweep goal: (-6.06, -6.10)
[frontier_explorer-1] [WARN] [1781261206.059999907] [frontier_explorer]: Watchdog: work exists but no goal active and robot stationary - clearing costmaps
[frontier_explorer-1] [INFO] [1781261208.153014455] [frontier_explorer]: New sweep goal: (-6.06, -6.10)
[frontier_explorer-1] [INFO] [1781261212.218426354] [frontier_explorer]: New sweep goal: (-6.06, -6.10)
[frontier_explorer-1] [INFO] [1781261216.312926613] [frontier_explorer]: New sweep goal: (-6.06, -6.10)
[frontier_explorer-1] [INFO] [1781261220.406537897] [frontier_explorer]: New sweep goal: (-6.06, -6.10)
[frontier_explorer-1] [INFO] [1781261224.482906379] [frontier_explorer]: New sweep goal: (-6.06, -6.10)
[frontier_explorer-1] [INFO] [1781261228.561555284] [frontier_explorer]: New sweep goal: (-6.06, -6.10)
[frontier_explorer-1] [INFO] [1781261236.740097146] [frontier_explorer]: New sweep goal: (-6.06, -6.10)
[frontier_explorer-1] [INFO] [1781261240.819363008] [frontier_explorer]: New sweep goal: (-6.06, -6.10)
[frontier_explorer-1] [INFO] [1781261244.898063540] [frontier_explorer]: New sweep goal: (-6.06, -6.10)
[frontier_explorer-1] [WARN] [1781261246.875734265] [frontier_explorer]: Watchdog: work exists but no goal active and robot stationary - clearing costmaps
[frontier_explorer-1] [WARN] [1781261246.915943006] [frontier_explorer]: Watchdog: resetting blacklist
[frontier_explorer-1] [INFO] [1781261248.969644891] [frontier_explorer]: New sweep goal: (-6.06, -6.10)
[frontier_explorer-1] [INFO] [1781261253.046812115] [frontier_explorer]: New sweep goal: (-6.06, -6.10)
[frontier_explorer-1] [INFO] [1781261257.114213354] [frontier_explorer]: New sweep goal: (-6.06, -6.10)
[frontier_explorer-1] [INFO] [1781261261.205214430] [frontier_explorer]: New sweep goal: (-6.06, -6.10)
[frontier_explorer-1] [INFO] [1781261265.297221653] [frontier_explorer]: New sweep goal: (-6.06, -6.10)
[frontier_explorer-1] [WARN] [1781261267.272480766] [frontier_explorer]: Watchdog: work exists but no goal active and robot stationary - clearing costmaps
[frontier_explorer-1] [INFO] [1781261269.363737197] [frontier_explorer]: New sweep goal: (-6.06, -6.10)
[frontier_explorer-1] [INFO] [1781261273.444177424] [frontier_explorer]: New sweep goal: (-6.06, -6.10)
[frontier_explorer-1] [INFO] [1781261277.528293661] [frontier_explorer]: New sweep goal: (-6.06, -6.10)
[frontier_explorer-1] [INFO] [1781261281.599351787] [frontier_explorer]: New sweep goal: (-6.06, -6.10)
[frontier_explorer-1] [INFO] [1781261285.680367582] [frontier_explorer]: New sweep goal: (-6.06, -6.10)
[frontier_explorer-1] [WARN] [1781261287.669552268] [frontier_explorer]: Watchdog: work exists but no goal active and robot stationary - clearing costmaps
[frontier_explorer-1] [INFO] [1781261289.774468548] [frontier_explorer]: New sweep goal: (-6.06, -6.10)
[frontier_explorer-1] [INFO] [1781261293.837388535] [frontier_explorer]: New sweep goal: (-6.06, -6.10)
[frontier_explorer-1] [INFO] [1781261297.934742455] [frontier_explorer]: New sweep goal: (-6.06, -6.10)
[frontier_explorer-1] [INFO] [1781261302.014963503] [frontier_explorer]: New sweep goal: (-6.06, -6.10)
[frontier_explorer-1] [INFO] [1781261306.087212126] [frontier_explorer]: New sweep goal: (-6.06, -6.10)
[frontier_explorer-1] [WARN] [1781261308.075820477] [frontier_explorer]: Watchdog: work exists but no goal active and robot stationary - clearing costmaps
[frontier_explorer-1] [WARN] [1781261308.113604889] [frontier_explorer]: Watchdog: resetting blacklist
[frontier_explorer-1] [INFO] [1781261310.164033128] [frontier_explorer]: New sweep goal: (-6.06, -6.10)
[frontier_explorer-1] [INFO] [1781261314.255996075] [frontier_explorer]: New sweep goal: (-6.06, -6.10)
[frontier_explorer-1] [INFO] [1781261318.312164181] [frontier_explorer]: New sweep goal: (-6.06, -6.10)
[frontier_explorer-1] [INFO] [1781261322.417532388] [frontier_explorer]: New sweep goal: (-6.06, -6.10)
[frontier_explorer-1] [INFO] [1781261326.513100987] [frontier_explorer]: New sweep goal: (-6.06, -6.10)
[frontier_explorer-1] [WARN] [1781261328.490223275] [frontier_explorer]: Watchdog: work exists but no goal active and robot stationary - clearing costmaps
[frontier_explorer-1] [INFO] [1781261330.579269392] [frontier_explorer]: New sweep goal: (-6.06, -6.10)
[frontier_explorer-1] [INFO] [1781261334.650548415] [frontier_explorer]: New sweep goal: (-6.06, -6.10)
[frontier_explorer-1] [INFO] [1781261338.726566960] [frontier_explorer]: New sweep goal: (-6.06, -6.10)
[frontier_explorer-1] [INFO] [1781261342.821995966] [frontier_explorer]: New sweep goal: (-6.06, -6.10)
[frontier_explorer-1] [INFO] [1781261346.891232069] [frontier_explorer]: New sweep goal: (-6.06, -6.10)
[frontier_explorer-1] [WARN] [1781261348.883679158] [frontier_explorer]: Watchdog: work exists but no goal active and robot stationary - clearing costmaps
[frontier_explorer-1] [INFO] [1781261350.999502024] [frontier_explorer]: New sweep goal: (-6.06, -6.10)
[frontier_explorer-1] [INFO] [1781261355.087925880] [frontier_explorer]: New sweep goal: (-6.06, -6.10)
[frontier_explorer-1] [INFO] [1781261359.156047271] [frontier_explorer]: New sweep goal: (-6.06, -6.10)
[frontier_explorer-1] [INFO] [1781261363.229765102] [frontier_explorer]: New sweep goal: (-6.06, -6.10)
[frontier_explorer-1] [INFO] [1781261367.310782321] [frontier_explorer]: New sweep goal: (-6.06, -6.10)
[frontier_explorer-1] [WARN] [1781261369.295076767] [frontier_explorer]: Watchdog: work exists but no goal active and robot stationary - clearing costmaps
[frontier_explorer-1] [WARN] [1781261369.333717987] [frontier_explorer]: Watchdog: resetting blacklist
[frontier_explorer-1] [INFO] [1781261371.380370644] [frontier_explorer]: New sweep goal: (-6.06, -6.10)
[frontier_explorer-1] [INFO] [1781261375.464877056] [frontier_explorer]: New sweep goal: (-6.06, -6.10)
[frontier_explorer-1] [INFO] [1781261379.552190146] [frontier_explorer]: New sweep goal: (-6.06, -6.10)
[frontier_explorer-1] [INFO] [1781261383.616266972] [frontier_explorer]: New sweep goal: (-6.06, -6.10)
[frontier_explorer-1] [INFO] [1781261387.696643908] [frontier_explorer]: New sweep goal: (-6.06, -6.10)
[frontier_explorer-1] [WARN] [1781261389.689850523] [frontier_explorer]: Watchdog: work exists but no goal active and robot stationary - clearing costmaps
[frontier_explorer-1] [INFO] [1781261391.784816229] [frontier_explorer]: New sweep goal: (-6.06, -6.10)
[frontier_explorer-1] [INFO] [1781261395.844954204] [frontier_explorer]: New sweep goal: (-6.06, -6.10)
[frontier_explorer-1] [INFO] [1781261399.923450155] [frontier_explorer]: New sweep goal: (-6.06, -6.10)
[frontier_explorer-1] [INFO] [1781261404.000586112] [frontier_explorer]: New sweep goal: (-6.06, -6.10)
[frontier_explorer-1] [INFO] [1781261408.086903472] [frontier_explorer]: New sweep goal: (-6.06, -6.10)
[frontier_explorer-1] [WARN] [1781261410.076880851] [frontier_explorer]: Watchdog: work exists but no goal active and robot stationary - clearing costmaps
[frontier_explorer-1] [INFO] [1781261412.160316043] [frontier_explorer]: New sweep goal: (-6.06, -6.10)
[frontier_explorer-1] [INFO] [1781261416.237029264] [frontier_explorer]: New sweep goal: (-6.06, -6.10)
[frontier_explorer-1] [INFO] [1781261420.317117076] [frontier_explorer]: New sweep goal: (-6.06, -6.10)
[frontier_explorer-1] [INFO] [1781261424.428179624] [frontier_explorer]: New sweep goal: (-6.06, -6.10)
[frontier_explorer-1] [INFO] [1781261428.497000877] [frontier_explorer]: New sweep goal: (-6.06, -6.10)
[frontier_explorer-1] [WARN] [1781261430.472411155] [frontier_explorer]: Watchdog: work exists but no goal active and robot stationary - clearing costmaps
[frontier_explorer-1] [WARN] [1781261430.516098345] [frontier_explorer]: Watchdog: resetting blacklist
[frontier_explorer-1] [INFO] [1781261432.564472628] [frontier_explorer]: New sweep goal: (-6.06, -6.10)
[frontier_explorer-1] [INFO] [1781261436.639415864] [frontier_explorer]: New sweep goal: (-6.06, -6.10)
[frontier_explorer-1] [INFO] [1781261440.713869955] [frontier_explorer]: New sweep goal: (-6.06, -6.10)
[frontier_explorer-1] [INFO] [1781261444.795546709] [frontier_explorer]: New sweep goal: (-6.06, -6.10)
[frontier_explorer-1] [INFO] [1781261448.867298674] [frontier_explorer]: New sweep goal: (-6.06, -6.10)
[frontier_explorer-1] [WARN] [1781261450.862095345] [frontier_explorer]: Watchdog: work exists but no goal active and robot stationary - clearing costmaps
[frontier_explorer-1] [INFO] [1781261452.949407353] [frontier_explorer]: New sweep goal: (-6.06, -6.10)
[frontier_explorer-1] [INFO] [1781261457.029603444] [frontier_explorer]: New sweep goal: (-6.06, -6.10)
[frontier_explorer-1] [INFO] [1781261461.097893956] [frontier_explorer]: New sweep goal: (-6.06, -6.10)
[frontier_explorer-1] [INFO] [1781261465.182460095] [frontier_explorer]: New sweep goal: (-6.06, -6.10)
[frontier_explorer-1] [INFO] [1781261469.247608729] [frontier_explorer]: New sweep goal: (-6.06, -6.10)
[frontier_explorer-1] [WARN] [1781261471.236625847] [frontier_explorer]: Watchdog: work exists but no goal active and robot stationary - clearing costmaps
[frontier_explorer-1] [INFO] [1781261473.326852378] [frontier_explorer]: New sweep goal: (-6.06, -6.10)
[frontier_explorer-1] [INFO] [1781261477.433721934] [frontier_explorer]: New sweep goal: (-6.06, -6.10)
[frontier_explorer-1] [INFO] [1781261481.520079313] [frontier_explorer]: New sweep goal: (-6.06, -6.10)
[frontier_explorer-1] [INFO] [1781261485.609338463] [frontier_explorer]: New sweep goal: (-6.06, -6.10)
[frontier_explorer-1] [INFO] [1781261489.679849863] [frontier_explorer]: New sweep goal: (-6.06, -6.10)
[frontier_explorer-1] [WARN] [1781261491.659908936] [frontier_explorer]: Watchdog: work exists but no goal active and robot stationary - clearing costmaps
[frontier_explorer-1] [WARN] [1781261491.697848181] [frontier_explorer]: Watchdog: resetting blacklist
[frontier_explorer-1] [INFO] [1781261493.750123528] [frontier_explorer]: New sweep goal: (-6.06, -6.10)
[frontier_explorer-1] [INFO] [1781261497.829699373] [frontier_explorer]: New sweep goal: (-6.06, -6.10)
[frontier_explorer-1] [INFO] [1781261501.911493737] [frontier_explorer]: New sweep goal: (-6.06, -6.10)
[frontier_explorer-1] [INFO] [1781261506.003090893] [frontier_explorer]: New sweep goal: (-6.06, -6.10)
[frontier_explorer-1] [INFO] [1781261510.071245835] [frontier_explorer]: New sweep goal: (-6.06, -6.10)
[frontier_explorer-1] [WARN] [1781261512.044353846] [frontier_explorer]: Watchdog: work exists but no goal active and robot stationary - clearing costmaps
[frontier_explorer-1] [INFO] [1781261514.130422681] [frontier_explorer]: New sweep goal: (-6.06, -6.10)
[frontier_explorer-1] [INFO] [1781261518.213816518] [frontier_explorer]: New sweep goal: (-6.06, -6.10)
[frontier_explorer-1] [INFO] [1781261522.285958310] [frontier_explorer]: New sweep goal: (-6.06, -6.10)
[frontier_explorer-1] [INFO] [1781261526.364067031] [frontier_explorer]: New sweep goal: (-6.06, -6.10)
[frontier_explorer-1] [INFO] [1781261530.447315552] [frontier_explorer]: New sweep goal: (-6.06, -6.10)
[frontier_explorer-1] [WARN] [1781261532.434216174] [frontier_explorer]: Watchdog: work exists but no goal active and robot stationary - clearing costmaps
[frontier_explorer-1] [INFO] [1781261534.567781382] [frontier_explorer]: New sweep goal: (-6.06, -6.10)
[frontier_explorer-1] [INFO] [1781261538.615843725] [frontier_explorer]: New sweep goal: (-6.06, -6.10)
[frontier_explorer-1] [INFO] [1781261542.687302488] [frontier_explorer]: New sweep goal: (-6.06, -6.10)
[frontier_explorer-1] [INFO] [1781261546.761390962] [frontier_explorer]: New sweep goal: (-6.06, -6.10)
[frontier_explorer-1] [INFO] [1781261550.839875714] [frontier_explorer]: New sweep goal: (-6.06, -6.10)
[frontier_explorer-1] [WARN] [1781261552.831177805] [frontier_explorer]: Watchdog: work exists but no goal active and robot stationary - clearing costmaps
[frontier_explorer-1] [WARN] [1781261552.869472439] [frontier_explorer]: Watchdog: resetting blacklist
[frontier_explorer-1] [INFO] [1781261554.917512509] [frontier_explorer]: New sweep goal: (-6.06, -6.10)
[frontier_explorer-1] [INFO] [1781261559.000571868] [frontier_explorer]: New sweep goal: (-6.06, -6.10)
[frontier_explorer-1] [INFO] [1781261563.091220892] [frontier_explorer]: New sweep goal: (-6.06, -6.10)
[frontier_explorer-1] [INFO] [1781261567.165714628] [frontier_explorer]: New sweep goal: (-6.06, -6.10)
[frontier_explorer-1] [INFO] [1781261571.232360125] [frontier_explorer]: New sweep goal: (-6.06, -6.10)
[frontier_explorer-1] [WARN] [1781261573.214780964] [frontier_explorer]: Watchdog: work exists but no goal active and robot stationary - clearing costmaps
[frontier_explorer-1] [INFO] [1781261575.315040123] [frontier_explorer]: New sweep goal: (-6.06, -6.10)
[frontier_explorer-1] [INFO] [1781261579.384621794] [frontier_explorer]: New sweep goal: (-6.06, -6.10)
[frontier_explorer-1] [INFO] [1781261583.460499832] [frontier_explorer]: New sweep goal: (-6.06, -6.10)
[frontier_explorer-1] [INFO] [1781261587.539752338] [frontier_explorer]: New sweep goal: (-6.06, -6.10)
[frontier_explorer-1] [INFO] [1781261591.631425888] [frontier_explorer]: New sweep goal: (-6.06, -6.10)
[frontier_explorer-1] [WARN] [1781261593.627107386] [frontier_explorer]: Watchdog: work exists but no goal active and robot stationary - clearing costmaps
[frontier_explorer-1] [INFO] [1781261595.735468737] [frontier_explorer]: New sweep goal: (-6.06, -6.10)
[frontier_explorer-1] [INFO] [1781261599.825803584] [frontier_explorer]: New sweep goal: (-6.06, -6.10)
[frontier_explorer-1] [INFO] [1781261603.900688162] [frontier_explorer]: New sweep goal: (-6.06, -6.10)
[frontier_explorer-1] [INFO] [1781261607.980993979] [frontier_explorer]: New sweep goal: (-6.06, -6.10)
[frontier_explorer-1] [INFO] [1781261612.065870304] [frontier_explorer]: New sweep goal: (-6.06, -6.10)
[frontier_explorer-1] [WARN] [1781261614.038129544] [frontier_explorer]: Watchdog: work exists but no goal active and robot stationary - clearing costmaps
[frontier_explorer-1] [WARN] [1781261614.077201657] [frontier_explorer]: Watchdog: resetting blacklist
[frontier_explorer-1] [INFO] [1781261616.134940785] [frontier_explorer]: New sweep goal: (-6.06, -6.10)
[frontier_explorer-1] [INFO] [1781261620.203049266] [frontier_explorer]: New sweep goal: (-6.06, -6.10)
[frontier_explorer-1] [INFO] [1781261624.327672197] [frontier_explorer]: New sweep goal: (-6.06, -6.10)
[frontier_explorer-1] [INFO] [1781261628.435985517] [frontier_explorer]: New sweep goal: (-6.06, -6.10)
[frontier_explorer-1] [INFO] [1781261632.508850205] [frontier_explorer]: New sweep goal: (-6.06, -6.10)
[frontier_explorer-1] [WARN] [1781261634.522364684] [frontier_explorer]: Watchdog: work exists but no goal active and robot stationary - clearing costmaps
[frontier_explorer-1] [INFO] [1781261636.598393370] [frontier_explorer]: New sweep goal: (-6.06, -6.10)
[frontier_explorer-1] [INFO] [1781261640.692242045] [frontier_explorer]: New sweep goal: (-6.06, -6.10)
[frontier_explorer-1] [INFO] [1781261644.770701734] [frontier_explorer]: New sweep goal: (-6.06, -6.10)
[frontier_explorer-1] [INFO] [1781261648.844452119] [frontier_explorer]: New sweep goal: (-6.06, -6.10)
[frontier_explorer-1] [INFO] [1781261652.968614770] [frontier_explorer]: New sweep goal: (-6.06, -6.10)
[frontier_explorer-1] [WARN] [1781261654.959086714] [frontier_explorer]: Watchdog: work exists but no goal active and robot stationary - clearing costmaps
[frontier_explorer-1] [INFO] [1781261657.066569925] [frontier_explorer]: New sweep goal: (-6.06, -6.10)
[frontier_explorer-1] [INFO] [1781261661.145582197] [frontier_explorer]: New sweep goal: (-6.06, -6.10)
[frontier_explorer-1] [INFO] [1781261673.399824427] [frontier_explorer]: New sweep goal: (-6.06, -6.10)
[frontier_explorer-1] [INFO] [1781261681.611662295] [frontier_explorer]: New sweep goal: (-6.06, -6.10)
[frontier_explorer-1] [INFO] [1781261685.697488631] [frontier_explorer]: New sweep goal: (-6.06, -6.10)
[frontier_explorer-1] [WARN] [1781261695.862478847] [frontier_explorer]: Watchdog: work exists but no goal active and robot stationary - clearing costmaps
[frontier_explorer-1] [WARN] [1781261695.905140155] [frontier_explorer]: Watchdog: resetting blacklist
[frontier_explorer-1] [INFO] [1781261697.970570241] [frontier_explorer]: New sweep goal: (-6.06, -6.10)
[frontier_explorer-1] [INFO] [1781261706.135873516] [frontier_explorer]: New sweep goal: (-6.06, -6.10)
[frontier_explorer-1] [INFO] [1781261710.217250669] [frontier_explorer]: New sweep goal: (-6.06, -6.10)
[frontier_explorer-1] [INFO] [1781261714.309552465] [frontier_explorer]: New sweep goal: (-6.06, -6.10)
[frontier_explorer-1] [WARN] [1781261716.305274089] [frontier_explorer]: Watchdog: work exists but no goal active and robot stationary - clearing costmaps
[frontier_explorer-1] [INFO] [1781261718.407275458] [frontier_explorer]: New sweep goal: (-6.06, -6.10)
[frontier_explorer-1] [INFO] [1781261722.508507311] [frontier_explorer]: New sweep goal: (-6.06, -6.10)
[frontier_explorer-1] [INFO] [1781261726.596960293] [frontier_explorer]: New sweep goal: (-6.06, -6.10)
[frontier_explorer-1] [INFO] [1781261730.668840703] [frontier_explorer]: New sweep goal: (-6.06, -6.10)
[frontier_explorer-1] [INFO] [1781261734.767674971] [frontier_explorer]: New sweep goal: (-6.06, -6.10)
[frontier_explorer-1] [INFO] [1781261738.856648534] [frontier_explorer]: New sweep goal: (-6.06, -6.10)
[frontier_explorer-1] [INFO] [1781261742.923383109] [frontier_explorer]: New sweep goal: (-6.06, -6.10)
[frontier_explorer-1] [INFO] [1781261747.014872018] [frontier_explorer]: New sweep goal: (-6.06, -6.10)
[frontier_explorer-1] [INFO] [1781261751.098626838] [frontier_explorer]: New sweep goal: (-6.06, -6.10)
[frontier_explorer-1] [INFO] [1781261755.179463637] [frontier_explorer]: New sweep goal: (-6.06, -6.10)
[frontier_explorer-1] [WARN] [1781261757.162801152] [frontier_explorer]: Watchdog: work exists but no goal active and robot stationary - clearing costmaps
[frontier_explorer-1] [INFO] [1781261759.252556070] [frontier_explorer]: New sweep goal: (-6.06, -6.10)
[frontier_explorer-1] [INFO] [1781261763.337142493] [frontier_explorer]: New sweep goal: (-6.06, -6.10)
[frontier_explorer-1] [INFO] [1781261767.416419822] [frontier_explorer]: New sweep goal: (-6.06, -6.10)
[frontier_explorer-1] [INFO] [1781261771.526595290] [frontier_explorer]: New sweep goal: (-6.06, -6.10)
[frontier_explorer-1] [INFO] [1781261775.620526690] [frontier_explorer]: New sweep goal: (-6.06, -6.10)
[frontier_explorer-1] [INFO] [1781261779.702280621] [frontier_explorer]: New sweep goal: (-6.06, -6.10)
[frontier_explorer-1] [INFO] [1781261783.776491124] [frontier_explorer]: New sweep goal: (-6.06, -6.10)
[frontier_explorer-1] [INFO] [1781261787.854232338] [frontier_explorer]: New sweep goal: (-6.06, -6.10)
[frontier_explorer-1] [INFO] [1781261791.930545327] [frontier_explorer]: New sweep goal: (-6.06, -6.10)
[frontier_explorer-1] [INFO] [1781261796.025070674] [frontier_explorer]: New sweep goal: (-6.06, -6.10)
[frontier_explorer-1] [WARN] [1781261798.007075801] [frontier_explorer]: Watchdog: work exists but no goal active and robot stationary - clearing costmaps
[frontier_explorer-1] [WARN] [1781261798.049878293] [frontier_explorer]: Watchdog: resetting blacklist
[frontier_explorer-1] [INFO] [1781261800.116395249] [frontier_explorer]: New sweep goal: (-6.06, -6.10)
[frontier_explorer-1] [INFO] [1781261804.190853289] [frontier_explorer]: New sweep goal: (-6.06, -6.10)
[frontier_explorer-1] [INFO] [1781261808.270151198] [frontier_explorer]: New sweep goal: (-6.06, -6.10)
[frontier_explorer-1] [INFO] [1781261812.341678082] [frontier_explorer]: New sweep goal: (-6.06, -6.10)
[frontier_explorer-1] [INFO] [1781261816.448158736] [frontier_explorer]: New sweep goal: (-6.06, -6.10)
[frontier_explorer-1] [WARN] [1781261818.424958126] [frontier_explorer]: Watchdog: work exists but no goal active and robot stationary - clearing costmaps
[frontier_explorer-1] [INFO] [1781261820.527225347] [frontier_explorer]: New sweep goal: (-6.06, -6.10)
[frontier_explorer-1] [INFO] [1781261824.618591119] [frontier_explorer]: New sweep goal: (-6.06, -6.10)
[frontier_explorer-1] [INFO] [1781261828.687143213] [frontier_explorer]: New sweep goal: (-6.06, -6.10)
[frontier_explorer-1] [INFO] [1781261832.785082343] [frontier_explorer]: New sweep goal: (-6.06, -6.10)
[frontier_explorer-1] [INFO] [1781261836.889074500] [frontier_explorer]: New sweep goal: (-6.06, -6.10)
[frontier_explorer-1] [INFO] [1781261840.976883830] [frontier_explorer]: New sweep goal: (-6.06, -6.10)
[frontier_explorer-1] [INFO] [1781261845.063651341] [frontier_explorer]: New sweep goal: (-6.06, -6.10)
[frontier_explorer-1] [INFO] [1781261849.140110428] [frontier_explorer]: New sweep goal: (-6.06, -6.10)
[frontier_explorer-1] [INFO] [1781261853.225611654] [frontier_explorer]: New sweep goal: (-6.06, -6.10)
[frontier_explorer-1] [INFO] [1781261857.306815277] [frontier_explorer]: New sweep goal: (-6.06, -6.10)
[frontier_explorer-1] [WARN] [1781261859.277925590] [frontier_explorer]: Watchdog: work exists but no goal active and robot stationary - clearing costmaps
[frontier_explorer-1] [INFO] [1781261861.366886827] [frontier_explorer]: New sweep goal: (-6.06, -6.10)
[frontier_explorer-1] [INFO] [1781261865.487904396] [frontier_explorer]: New sweep goal: (-6.06, -6.10)
[frontier_explorer-1] [INFO] [1781261869.548732804] [frontier_explorer]: New sweep goal: (-6.06, -6.10)
[frontier_explorer-1] [INFO] [1781261873.618557182] [frontier_explorer]: New sweep goal: (-6.06, -6.10)
[frontier_explorer-1] [INFO] [1781261877.716504263] [frontier_explorer]: New sweep goal: (-6.06, -6.10)
[frontier_explorer-1] [WARN] [1781261879.690386095] [frontier_explorer]: Watchdog: work exists but no goal active and robot stationary - clearing costmaps
[frontier_explorer-1] [WARN] [1781261879.729806063] [frontier_explorer]: Watchdog: resetting blacklist
[frontier_explorer-1] [INFO] [1781261881.791144899] [frontier_explorer]: New sweep goal: (-6.06, -6.10)
[frontier_explorer-1] [INFO] [1781261885.867780849] [frontier_explorer]: New sweep goal: (-6.06, -6.10)
[frontier_explorer-1] [INFO] [1781261889.964889496] [frontier_explorer]: New sweep goal: (-6.06, -6.10)
[frontier_explorer-1] [INFO] [1781261894.060370051] [frontier_explorer]: New sweep goal: (-6.06, -6.10)
[frontier_explorer-1] [INFO] [1781261898.141482124] [frontier_explorer]: New sweep goal: (-6.06, -6.10)
[frontier_explorer-1] [WARN] [1781261900.123697039] [frontier_explorer]: Watchdog: work exists but no goal active and robot stationary - clearing costmaps
[frontier_explorer-1] [INFO] [1781261902.219099886] [frontier_explorer]: New sweep goal: (-6.06, -6.10)
[frontier_explorer-1] [INFO] [1781261906.292918382] [frontier_explorer]: New sweep goal: (-6.06, -6.10)
[frontier_explorer-1] [INFO] [1781261910.386344424] [frontier_explorer]: New sweep goal: (-6.06, -6.10)
[frontier_explorer-1] [INFO] [1781261914.477938182] [frontier_explorer]: New sweep goal: (-6.06, -6.10)
[frontier_explorer-1] [INFO] [1781261918.558549487] [frontier_explorer]: New sweep goal: (-6.06, -6.10)
[frontier_explorer-1] [WARN] [1781261920.556582956] [frontier_explorer]: Watchdog: work exists but no goal active and robot stationary - clearing costmaps
[frontier_explorer-1] [INFO] [1781261922.659312798] [frontier_explorer]: New sweep goal: (-6.06, -6.10)
[frontier_explorer-1] [INFO] [1781261926.738160034] [frontier_explorer]: New sweep goal: (-6.06, -6.10)
[frontier_explorer-1] [INFO] [1781261930.821257317] [frontier_explorer]: New sweep goal: (-6.06, -6.10)
[frontier_explorer-1] [INFO] [1781261934.915418349] [frontier_explorer]: New sweep goal: (-6.06, -6.10)
[frontier_explorer-1] [INFO] [1781261938.997704135] [frontier_explorer]: New sweep goal: (-6.06, -6.10)
[frontier_explorer-1] [WARN] [1781261940.969188208] [frontier_explorer]: Watchdog: work exists but no goal active and robot stationary - clearing costmaps
[frontier_explorer-1] [WARN] [1781261941.010577287] [frontier_explorer]: Watchdog: resetting blacklist
[frontier_explorer-1] [INFO] [1781261943.060629497] [frontier_explorer]: New sweep goal: (-6.06, -6.10)
[frontier_explorer-1] [INFO] [1781261947.151811281] [frontier_explorer]: New sweep goal: (-6.06, -6.10)
[frontier_explorer-1] [INFO] [1781261951.237749378] [frontier_explorer]: New sweep goal: (-6.06, -6.10)
[frontier_explorer-1] [INFO] [1781261955.318949925] [frontier_explorer]: New sweep goal: (-6.06, -6.10)
[frontier_explorer-1] [INFO] [1781261959.415708109] [frontier_explorer]: New sweep goal: (-6.06, -6.10)
[frontier_explorer-1] [WARN] [1781261961.405117995] [frontier_explorer]: Watchdog: work exists but no goal active and robot stationary - clearing costmaps
[frontier_explorer-1] [INFO] [1781261963.501447899] [frontier_explorer]: New sweep goal: (-6.06, -6.10)
[frontier_explorer-1] [INFO] [1781261967.572602764] [frontier_explorer]: New sweep goal: (-6.06, -6.10)
[frontier_explorer-1] [INFO] [1781261971.654331410] [frontier_explorer]: New sweep goal: (-6.06, -6.10)
[frontier_explorer-1] [INFO] [1781261975.721802621] [frontier_explorer]: New sweep goal: (-6.06, -6.10)
[frontier_explorer-1] [INFO] [1781261979.812574286] [frontier_explorer]: New sweep goal: (-6.06, -6.10)
[frontier_explorer-1] [WARN] [1781261981.798214681] [frontier_explorer]: Watchdog: work exists but no goal active and robot stationary - clearing costmaps
[frontier_explorer-1] [INFO] [1781261983.888771365] [frontier_explorer]: New sweep goal: (-6.06, -6.10)
[frontier_explorer-1] [INFO] [1781261987.988312863] [frontier_explorer]: New sweep goal: (-6.06, -6.10)
[frontier_explorer-1] [INFO] [1781261992.059052722] [frontier_explorer]: New sweep goal: (-6.06, -6.10)
[frontier_explorer-1] [INFO] [1781261996.132588568] [frontier_explorer]: New sweep goal: (-6.06, -6.10)
[frontier_explorer-1] [INFO] [1781262000.222498643] [frontier_explorer]: New sweep goal: (-6.06, -6.10)
[frontier_explorer-1] [WARN] [1781262002.192811034] [frontier_explorer]: Watchdog: work exists but no goal active and robot stationary - clearing costmaps
[frontier_explorer-1] [WARN] [1781262002.230430799] [frontier_explorer]: Watchdog: resetting blacklist
[frontier_explorer-1] [INFO] [1781262004.288985978] [frontier_explorer]: New sweep goal: (-6.06, -6.10)
[frontier_explorer-1] [INFO] [1781262008.375556742] [frontier_explorer]: New sweep goal: (-6.06, -6.10)
[frontier_explorer-1] [INFO] [1781262012.468137634] [frontier_explorer]: New sweep goal: (-6.06, -6.10)
[frontier_explorer-1] [INFO] [1781262016.575636180] [frontier_explorer]: New sweep goal: (-6.06, -6.10)
[frontier_explorer-1] [INFO] [1781262020.628962389] [frontier_explorer]: New sweep goal: (-6.06, -6.10)
[frontier_explorer-1] [WARN] [1781262022.612712447] [frontier_explorer]: Watchdog: work exists but no goal active and robot stationary - clearing costmaps
[frontier_explorer-1] [INFO] [1781262024.703636058] [frontier_explorer]: New sweep goal: (-6.06, -6.10)
[frontier_explorer-1] [INFO] [1781262028.789003277] [frontier_explorer]: New sweep goal: (-6.06, -6.10)
[frontier_explorer-1] [INFO] [1781262032.874211036] [frontier_explorer]: New sweep goal: (-6.06, -6.10)
[frontier_explorer-1] [INFO] [1781262036.963932278] [frontier_explorer]: New sweep goal: (-6.06, -6.10)
[frontier_explorer-1] [INFO] [1781262041.032515515] [frontier_explorer]: New sweep goal: (-6.06, -6.10)
[frontier_explorer-1] [WARN] [1781262043.015990675] [frontier_explorer]: Watchdog: work exists but no goal active and robot stationary - clearing costmaps
[frontier_explorer-1] [INFO] [1781262045.116776710] [frontier_explorer]: New sweep goal: (-6.06, -6.10)
[frontier_explorer-1] [INFO] [1781262049.191719262] [frontier_explorer]: New sweep goal: (-6.06, -6.10)
[frontier_explorer-1] [INFO] [1781262053.276955560] [frontier_explorer]: New sweep goal: (-6.06, -6.10)
[frontier_explorer-1] [INFO] [1781262057.356164445] [frontier_explorer]: New sweep goal: (-6.06, -6.10)
[frontier_explorer-1] [INFO] [1781262061.424482249] [frontier_explorer]: New sweep goal: (-6.06, -6.10)
[frontier_explorer-1] [WARN] [1781262063.406894345] [frontier_explorer]: Watchdog: work exists but no goal active and robot stationary - clearing costmaps
[frontier_explorer-1] [WARN] [1781262063.447594242] [frontier_explorer]: Watchdog: resetting blacklist
[frontier_explorer-1] [INFO] [1781262065.505461972] [frontier_explorer]: New sweep goal: (-6.06, -6.10)
[frontier_explorer-1] [INFO] [1781262069.596867791] [frontier_explorer]: New sweep goal: (-6.06, -6.10)
[frontier_explorer-1] [INFO] [1781262073.687930212] [frontier_explorer]: New sweep goal: (-6.06, -6.10)
[frontier_explorer-1] [INFO] [1781262077.767286256] [frontier_explorer]: New sweep goal: (-6.06, -6.10)
[frontier_explorer-1] [INFO] [1781262081.866014982] [frontier_explorer]: New sweep goal: (-6.06, -6.10)
[frontier_explorer-1] [WARN] [1781262083.868978234] [frontier_explorer]: Watchdog: work exists but no goal active and robot stationary - clearing costmaps
[frontier_explorer-1] [INFO] [1781262085.980986225] [frontier_explorer]: New sweep goal: (-6.06, -6.10)
[frontier_explorer-1] [INFO] [1781262094.166623228] [frontier_explorer]: New sweep goal: (-6.06, -6.10)
[frontier_explorer-1] [INFO] [1781262102.351673887] [frontier_explorer]: New sweep goal: (-6.06, -6.10)
[frontier_explorer-1] [INFO] [1781262114.628771548] [frontier_explorer]: New sweep goal: (-6.06, -6.10)
[frontier_explorer-1] [INFO] [1781262118.728161886] [frontier_explorer]: New sweep goal: (-6.06, -6.10)
[frontier_explorer-1] [INFO] [1781262122.826434169] [frontier_explorer]: New sweep goal: (-6.06, -6.10)
[frontier_explorer-1] [INFO] [1781262126.941998369] [frontier_explorer]: New sweep goal: (-6.06, -6.10)
[frontier_explorer-1] [INFO] [1781262131.030110475] [frontier_explorer]: New sweep goal: (-6.06, -6.10)
[frontier_explorer-1] [INFO] [1781262143.298492061] [frontier_explorer]: New sweep goal: (-6.06, -6.10)
[frontier_explorer-1] [INFO] [1781262147.387058613] [frontier_explorer]: New sweep goal: (-6.06, -6.10)
[frontier_explorer-1] [INFO] [1781262151.510965974] [frontier_explorer]: New sweep goal: (-6.06, -6.10)
[frontier_explorer-1] [INFO] [1781262155.594090494] [frontier_explorer]: New sweep goal: (-6.06, -6.10)
[frontier_explorer-1] [INFO] [1781262159.669032836] [frontier_explorer]: New sweep goal: (-6.06, -6.10)
[frontier_explorer-1] [INFO] [1781262196.736562888] [frontier_explorer]: New sweep goal: (-6.06, -6.10)
[frontier_explorer-1] [INFO] [1781262209.098434773] [frontier_explorer]: New sweep goal: (-6.06, -6.10)
[frontier_explorer-1] [INFO] [1781262213.189982615] [frontier_explorer]: New sweep goal: (-6.06, -6.10)
[frontier_explorer-1] [INFO] [1781262217.335369376] [frontier_explorer]: New sweep goal: (-6.06, -6.10)
[frontier_explorer-1] [INFO] [1781262233.736348568] [frontier_explorer]: New sweep goal: (-6.06, -6.10)
[frontier_explorer-1] [INFO] [1781262237.819430124] [frontier_explorer]: New sweep goal: (-6.06, -6.10)
[frontier_explorer-1] [INFO] [1781262241.914435865] [frontier_explorer]: New sweep goal: (-6.06, -6.10)
[frontier_explorer-1] [INFO] [1781262246.021686282] [frontier_explorer]: New sweep goal: (-6.06, -6.10)
[frontier_explorer-1] [INFO] [1781262254.205902172] [frontier_explorer]: New sweep goal: (-6.06, -6.10)
[frontier_explorer-1] [INFO] [1781262262.440053105] [frontier_explorer]: New sweep goal: (-6.06, -6.10)
[frontier_explorer-1] [WARN] [1781262299.452134147] [frontier_explorer]: No progress for 32s - clearing costmaps and retrying goal (-6.06, -6.10)
[frontier_explorer-1] [INFO] [1781262303.584907311] [frontier_explorer]: New sweep goal: (-6.06, -6.10)
[frontier_explorer-1] [INFO] [1781262328.232375211] [frontier_explorer]: New sweep goal: (-6.06, -6.10)
[frontier_explorer-1] [WARN] [1781262330.222517018] [frontier_explorer]: Watchdog: work exists but no goal active and robot stationary - clearing costmaps
[frontier_explorer-1] [INFO] [1781262332.345154234] [frontier_explorer]: New sweep goal: (-6.06, -6.10)
[frontier_explorer-1] [INFO] [1781262340.519021852] [frontier_explorer]: New sweep goal: (-6.06, -6.10)
[frontier_explorer-1] [INFO] [1781262356.912334719] [frontier_explorer]: New sweep goal: (-6.06, -6.10)
[frontier_explorer-1] [INFO] [1781262365.148516248] [frontier_explorer]: New sweep goal: (-6.06, -6.10)
[frontier_explorer-1] [INFO] [1781262381.633314835] [frontier_explorer]: New sweep goal: (-6.06, -6.10)
[frontier_explorer-1] [INFO] [1781262385.728579295] [frontier_explorer]: New sweep goal: (-6.06, -6.10)
[frontier_explorer-1] [INFO] [1781262389.798994181] [frontier_explorer]: New sweep goal: (-6.06, -6.10)
[frontier_explorer-1] [WARN] [1781262391.792251849] [frontier_explorer]: Watchdog: work exists but no goal active and robot stationary - clearing costmaps
[frontier_explorer-1] [WARN] [1781262391.832845371] [frontier_explorer]: Watchdog: resetting blacklist
[frontier_explorer-1] [INFO] [1781262393.926962194] [frontier_explorer]: New sweep goal: (-6.06, -6.10)
[frontier_explorer-1] [INFO] [1781262398.029496487] [frontier_explorer]: New sweep goal: (-6.06, -6.10)
[frontier_explorer-1] [INFO] [1781262402.103142495] [frontier_explorer]: New sweep goal: (-6.06, -6.10)
[frontier_explorer-1] [INFO] [1781262406.206914723] [frontier_explorer]: New sweep goal: (-6.06, -6.10)
[frontier_explorer-1] [INFO] [1781262410.296048237] [frontier_explorer]: New sweep goal: (-6.06, -6.10)
[frontier_explorer-1] [WARN] [1781262412.276405546] [frontier_explorer]: Watchdog: work exists but no goal active and robot stationary - clearing costmaps
[frontier_explorer-1] [INFO] [1781262414.375512590] [frontier_explorer]: New sweep goal: (-6.06, -6.10)
[frontier_explorer-1] [INFO] [1781262418.463211939] [frontier_explorer]: New sweep goal: (-6.06, -6.10)
[frontier_explorer-1] [INFO] [1781262422.537498104] [frontier_explorer]: New sweep goal: (-6.06, -6.10)
[frontier_explorer-1] [INFO] [1781262426.627638252] [frontier_explorer]: New sweep goal: (-6.06, -6.10)
[frontier_explorer-1] [INFO] [1781262430.704012804] [frontier_explorer]: New sweep goal: (-6.06, -6.10)
[frontier_explorer-1] [INFO] [1781262434.799616881] [frontier_explorer]: New sweep goal: (-6.06, -6.10)
[frontier_explorer-1] [INFO] [1781262438.923574147] [frontier_explorer]: New sweep goal: (-6.06, -6.10)
[frontier_explorer-1] [INFO] [1781262443.003561048] [frontier_explorer]: New sweep goal: (-6.06, -6.10)
[frontier_explorer-1] [INFO] [1781262451.202488941] [frontier_explorer]: New sweep goal: (-6.06, -6.10)
[frontier_explorer-1] [WARN] [1781262453.190014243] [frontier_explorer]: Watchdog: work exists but no goal active and robot stationary - clearing costmaps
[frontier_explorer-1] [INFO] [1781262455.309431613] [frontier_explorer]: New sweep goal: (-6.06, -6.10)
[frontier_explorer-1] [INFO] [1781262459.375154302] [frontier_explorer]: New sweep goal: (-6.06, -6.10)
[frontier_explorer-1] [INFO] [1781262463.450052267] [frontier_explorer]: New sweep goal: (-6.06, -6.10)
[frontier_explorer-1] [INFO] [1781262467.547920745] [frontier_explorer]: New sweep goal: (-6.06, -6.10)
[frontier_explorer-1] [INFO] [1781262471.640967339] [frontier_explorer]: New sweep goal: (-6.06, -6.10)
[frontier_explorer-1] [WARN] [1781262473.619414156] [frontier_explorer]: Watchdog: work exists but no goal active and robot stationary - clearing costmaps
[frontier_explorer-1] [WARN] [1781262473.659766833] [frontier_explorer]: Watchdog: resetting blacklist
[frontier_explorer-1] [INFO] [1781262475.725308863] [frontier_explorer]: New sweep goal: (-6.06, -6.10)
[frontier_explorer-1] [INFO] [1781262479.799694843] [frontier_explorer]: New sweep goal: (-6.06, -6.10)
[frontier_explorer-1] [INFO] [1781262483.880307515] [frontier_explorer]: New sweep goal: (-6.06, -6.10)
[frontier_explorer-1] [INFO] [1781262487.969689019] [frontier_explorer]: New sweep goal: (-6.06, -6.10)
[frontier_explorer-1] [INFO] [1781262492.044071216] [frontier_explorer]: New sweep goal: (-6.06, -6.10)
[frontier_explorer-1] [WARN] [1781262494.031765552] [frontier_explorer]: Watchdog: work exists but no goal active and robot stationary - clearing costmaps
[frontier_explorer-1] [INFO] [1781262496.151759203] [frontier_explorer]: New sweep goal: (-6.06, -6.10)
[frontier_explorer-1] [INFO] [1781262500.271626213] [frontier_explorer]: New sweep goal: (-6.06, -6.10)
[frontier_explorer-1] [INFO] [1781262504.338334041] [frontier_explorer]: New sweep goal: (-6.06, -6.10)
[frontier_explorer-1] [INFO] [1781262508.416666840] [frontier_explorer]: New sweep goal: (-6.06, -6.10)
[frontier_explorer-1] [INFO] [1781262512.514816056] [frontier_explorer]: New sweep goal: (-6.06, -6.10)
[frontier_explorer-1] [WARN] [1781262514.489419928] [frontier_explorer]: Watchdog: work exists but no goal active and robot stationary - clearing costmaps
[frontier_explorer-1] [INFO] [1781262516.598767764] [frontier_explorer]: New sweep goal: (-6.06, -6.10)
[frontier_explorer-1] [INFO] [1781262520.675462883] [frontier_explorer]: New sweep goal: (-6.06, -6.10)
[frontier_explorer-1] [INFO] [1781262524.766665127] [frontier_explorer]: New sweep goal: (-6.06, -6.10)
[frontier_explorer-1] [INFO] [1781262528.848446450] [frontier_explorer]: New sweep goal: (-6.06, -6.10)
[frontier_explorer-1] [INFO] [1781262532.933498878] [frontier_explorer]: New sweep goal: (-6.06, -6.10)
[frontier_explorer-1] [WARN] [1781262534.911986346] [frontier_explorer]: Watchdog: work exists but no goal active and robot stationary - clearing costmaps
[frontier_explorer-1] [WARN] [1781262534.954257147] [frontier_explorer]: Watchdog: resetting blacklist
[frontier_explorer-1] [INFO] [1781262537.019858269] [frontier_explorer]: New sweep goal: (-6.06, -6.10)
[frontier_explorer-1] [INFO] [1781262541.108711551] [frontier_explorer]: New sweep goal: (-6.06, -6.10)
[frontier_explorer-1] [INFO] [1781262545.213871304] [frontier_explorer]: New sweep goal: (-6.06, -6.10)
[frontier_explorer-1] [INFO] [1781262549.295751597] [frontier_explorer]: New sweep goal: (-6.06, -6.10)
[frontier_explorer-1] [INFO] [1781262553.393032236] [frontier_explorer]: New sweep goal: (-6.06, -6.10)
[frontier_explorer-1] [INFO] [1781262565.673846240] [frontier_explorer]: New sweep goal: (-6.06, -6.10)
[frontier_explorer-1] [INFO] [1781262569.753190674] [frontier_explorer]: New sweep goal: (-6.06, -6.10)
[frontier_explorer-1] [INFO] [1781262573.847769879] [frontier_explorer]: New sweep goal: (-6.06, -6.10)
[frontier_explorer-1] [INFO] [1781262577.935118320] [frontier_explorer]: New sweep goal: (-6.06, -6.10)
[frontier_explorer-1] [INFO] [1781262586.116705427] [frontier_explorer]: New sweep goal: (-6.06, -6.10)
[frontier_explorer-1] [INFO] [1781262590.206544614] [frontier_explorer]: New sweep goal: (-6.06, -6.10)
[frontier_explorer-1] [INFO] [1781262594.288168698] [frontier_explorer]: New sweep goal: (-6.06, -6.10)
[frontier_explorer-1] [WARN] [1781262596.275670825] [frontier_explorer]: Watchdog: work exists but no goal active and robot stationary - clearing costmaps
[frontier_explorer-1] [INFO] [1781262598.416215515] [frontier_explorer]: New sweep goal: (-6.06, -6.10)
[frontier_explorer-1] [INFO] [1781262602.489115100] [frontier_explorer]: New sweep goal: (-6.06, -6.10)
[frontier_explorer-1] [INFO] [1781262606.594835961] [frontier_explorer]: New sweep goal: (-6.06, -6.10)
[frontier_explorer-1] [INFO] [1781262610.680080958] [frontier_explorer]: New sweep goal: (-6.06, -6.10)
[frontier_explorer-1] [INFO] [1781262614.778988294] [frontier_explorer]: New sweep goal: (-6.06, -6.10)
[frontier_explorer-1] [WARN] [1781262616.788102374] [frontier_explorer]: Watchdog: work exists but no goal active and robot stationary - clearing costmaps
[frontier_explorer-1] [INFO] [1781262618.913240587] [frontier_explorer]: New sweep goal: (-6.06, -6.10)
[frontier_explorer-1] [INFO] [1781262627.081492416] [frontier_explorer]: New sweep goal: (-6.06, -6.10)
[frontier_explorer-1] [INFO] [1781262631.150610468] [frontier_explorer]: New sweep goal: (-6.06, -6.10)
[frontier_explorer-1] [INFO] [1781262635.259060957] [frontier_explorer]: New sweep goal: (-6.06, -6.10)
[frontier_explorer-1] [INFO] [1781262639.351326768] [frontier_explorer]: New sweep goal: (-6.06, -6.10)
[frontier_explorer-1] [INFO] [1781262647.530157894] [frontier_explorer]: New sweep goal: (-6.06, -6.10)
[frontier_explorer-1] [INFO] [1781262651.599069902] [frontier_explorer]: New sweep goal: (-6.06, -6.10)
[frontier_explorer-1] [INFO] [1781262655.691062038] [frontier_explorer]: New sweep goal: (-6.06, -6.10)
[frontier_explorer-1] [WARN] [1781262657.678024500] [frontier_explorer]: Watchdog: work exists but no goal active and robot stationary - clearing costmaps
[frontier_explorer-1] [WARN] [1781262657.717721235] [frontier_explorer]: Watchdog: resetting blacklist
[frontier_explorer-1] [INFO] [1781262659.770443495] [frontier_explorer]: New sweep goal: (-6.06, -6.10)
[frontier_explorer-1] [INFO] [1781262663.853573422] [frontier_explorer]: New sweep goal: (-6.06, -6.10)
[frontier_explorer-1] [INFO] [1781262667.957192599] [frontier_explorer]: New sweep goal: (-6.06, -6.10)
[frontier_explorer-1] [INFO] [1781262672.036306492] [frontier_explorer]: New sweep goal: (-6.06, -6.10)
[frontier_explorer-1] [INFO] [1781262676.160924224] [frontier_explorer]: New sweep goal: (-6.06, -6.10)
[frontier_explorer-1] [INFO] [1781262680.242448156] [frontier_explorer]: New sweep goal: (-6.06, -6.10)
[frontier_explorer-1] [INFO] [1781262684.332539862] [frontier_explorer]: New sweep goal: (-6.06, -6.10)
[frontier_explorer-1] [INFO] [1781262688.428883962] [frontier_explorer]: New sweep goal: (-6.06, -6.10)
[frontier_explorer-1] [INFO] [1781262692.506885482] [frontier_explorer]: New sweep goal: (-6.06, -6.10)
[frontier_explorer-1] [INFO] [1781262696.583227306] [frontier_explorer]: New sweep goal: (-6.06, -6.10)
[frontier_explorer-1] [INFO] [1781262700.652427931] [frontier_explorer]: New sweep goal: (-6.06, -6.10)
[frontier_explorer-1] [INFO] [1781262704.739747782] [frontier_explorer]: New sweep goal: (-6.06, -6.10)
[frontier_explorer-1] [INFO] [1781262708.830892054] [frontier_explorer]: New sweep goal: (-6.06, -6.10)
[frontier_explorer-1] [INFO] [1781262712.907689387] [frontier_explorer]: New sweep goal: (-6.06, -6.10)
[frontier_explorer-1] [INFO] [1781262716.988658086] [frontier_explorer]: New sweep goal: (-6.06, -6.10)
[frontier_explorer-1] [WARN] [1781262718.963790251] [frontier_explorer]: Watchdog: work exists but no goal active and robot stationary - clearing costmaps
[frontier_explorer-1] [INFO] [1781262721.057519965] [frontier_explorer]: New sweep goal: (-6.06, -6.10)
[frontier_explorer-1] [INFO] [1781262725.139662613] [frontier_explorer]: New sweep goal: (-6.06, -6.10)
[frontier_explorer-1] [INFO] [1781262729.251757301] [frontier_explorer]: New sweep goal: (-6.06, -6.10)
[frontier_explorer-1] [INFO] [1781262733.326415803] [frontier_explorer]: New sweep goal: (-6.06, -6.10)
[frontier_explorer-1] [INFO] [1781262737.443278979] [frontier_explorer]: New sweep goal: (-6.06, -6.10)
[frontier_explorer-1] [INFO] [1781262741.513623673] [frontier_explorer]: New sweep goal: (-6.06, -6.10)
[frontier_explorer-1] [INFO] [1781262745.604053410] [frontier_explorer]: New sweep goal: (-6.06, -6.10)
[frontier_explorer-1] [INFO] [1781262749.671817409] [frontier_explorer]: New sweep goal: (-6.06, -6.10)
[frontier_explorer-1] [INFO] [1781262753.760655762] [frontier_explorer]: New sweep goal: (-6.06, -6.10)
[frontier_explorer-1] [INFO] [1781262757.860992001] [frontier_explorer]: New sweep goal: (-6.06, -6.10)
[frontier_explorer-1] [WARN] [1781262759.842849841] [frontier_explorer]: Watchdog: work exists but no goal active and robot stationary - clearing costmaps
[frontier_explorer-1] [INFO] [1781262761.957704467] [frontier_explorer]: New sweep goal: (-6.06, -6.10)
[frontier_explorer-1] [INFO] [1781262766.029885805] [frontier_explorer]: New sweep goal: (-6.06, -6.10)
[frontier_explorer-1] [INFO] [1781262770.111424687] [frontier_explorer]: New sweep goal: (-6.06, -6.10)
[frontier_explorer-1] [INFO] [1781262774.175181224] [frontier_explorer]: New sweep goal: (-6.06, -6.10)
[frontier_explorer-1] [INFO] [1781262778.267723978] [frontier_explorer]: New sweep goal: (-6.06, -6.10)
[frontier_explorer-1] [WARN] [1781262780.252427264] [frontier_explorer]: Watchdog: work exists but no goal active and robot stationary - clearing costmaps
[frontier_explorer-1] [WARN] [1781262780.296886196] [frontier_explorer]: Watchdog: resetting blacklist
[frontier_explorer-1] [INFO] [1781262782.348757739] [frontier_explorer]: New sweep goal: (-6.06, -6.10)
[frontier_explorer-1] [INFO] [1781262786.452507392] [frontier_explorer]: New sweep goal: (-6.06, -6.10)
[frontier_explorer-1] [INFO] [1781262790.523559208] [frontier_explorer]: New sweep goal: (-6.06, -6.10)
[frontier_explorer-1] [INFO] [1781262794.609077721] [frontier_explorer]: New sweep goal: (-6.06, -6.10)
[frontier_explorer-1] [INFO] [1781262798.699547354] [frontier_explorer]: New sweep goal: (-6.06, -6.10)
[frontier_explorer-1] [WARN] [1781262800.689549189] [frontier_explorer]: Watchdog: work exists but no goal active and robot stationary - clearing costmaps
[frontier_explorer-1] [INFO] [1781262802.794505098] [frontier_explorer]: New sweep goal: (-6.06, -6.10)
[frontier_explorer-1] [INFO] [1781262806.882493698] [frontier_explorer]: New sweep goal: (-6.06, -6.10)
[frontier_explorer-1] [INFO] [1781262810.969739972] [frontier_explorer]: New sweep goal: (-6.06, -6.10)
[frontier_explorer-1] [INFO] [1781262815.051165345] [frontier_explorer]: New sweep goal: (-6.06, -6.10)
[frontier_explorer-1] [INFO] [1781262819.152810493] [frontier_explorer]: New sweep goal: (-6.06, -6.10)
[frontier_explorer-1] [WARN] [1781262821.130541150] [frontier_explorer]: Watchdog: work exists but no goal active and robot stationary - clearing costmaps
[frontier_explorer-1] [INFO] [1781262823.241033188] [frontier_explorer]: New sweep goal: (-6.06, -6.10)
[frontier_explorer-1] [INFO] [1781262827.320003252] [frontier_explorer]: New sweep goal: (-6.06, -6.10)
[frontier_explorer-1] [INFO] [1781262831.393100804] [frontier_explorer]: New sweep goal: (-6.06, -6.10)
[frontier_explorer-1] [INFO] [1781262835.530004677] [frontier_explorer]: New sweep goal: (-6.06, -6.10)
[frontier_explorer-1] [INFO] [1781262839.571649423] [frontier_explorer]: New sweep goal: (-6.06, -6.10)
[frontier_explorer-1] [WARN] [1781262841.556758636] [frontier_explorer]: Watchdog: work exists but no goal active and robot stationary - clearing costmaps
[frontier_explorer-1] [WARN] [1781262841.596368285] [frontier_explorer]: Watchdog: resetting blacklist
[frontier_explorer-1] [INFO] [1781262843.661583233] [frontier_explorer]: New sweep goal: (-6.06, -6.10)
[frontier_explorer-1] [INFO] [1781262847.754686510] [frontier_explorer]: New sweep goal: (-6.06, -6.10)
[frontier_explorer-1] [INFO] [1781262851.850106160] [frontier_explorer]: New sweep goal: (-6.06, -6.10)
[frontier_explorer-1] [INFO] [1781262855.935323717] [frontier_explorer]: New sweep goal: (-6.06, -6.10)
[frontier_explorer-1] [INFO] [1781262860.034784444] [frontier_explorer]: New sweep goal: (-6.06, -6.10)
[frontier_explorer-1] [WARN] [1781262862.006141149] [frontier_explorer]: Watchdog: work exists but no goal active and robot stationary - clearing costmaps
[frontier_explorer-1] [INFO] [1781262864.107080428] [frontier_explorer]: New sweep goal: (-6.06, -6.10)
[frontier_explorer-1] [INFO] [1781262868.190622575] [frontier_explorer]: New sweep goal: (-6.06, -6.10)
[frontier_explorer-1] [INFO] [1781262872.283467322] [frontier_explorer]: New sweep goal: (-6.06, -6.10)
[frontier_explorer-1] [INFO] [1781262876.365359650] [frontier_explorer]: New sweep goal: (-6.06, -6.10)
[frontier_explorer-1] [INFO] [1781262880.441789953] [frontier_explorer]: New sweep goal: (-6.06, -6.10)
[frontier_explorer-1] [WARN] [1781262882.412576313] [frontier_explorer]: Watchdog: work exists but no goal active and robot stationary - clearing costmaps
[frontier_explorer-1] [INFO] [1781262884.500583550] [frontier_explorer]: New sweep goal: (-6.06, -6.10)
[frontier_explorer-1] [INFO] [1781262888.602082525] [frontier_explorer]: New sweep goal: (-6.06, -6.10)
[frontier_explorer-1] [INFO] [1781262896.763057815] [frontier_explorer]: New sweep goal: (-6.06, -6.10)
[frontier_explorer-1] [INFO] [1781262900.859216217] [frontier_explorer]: New sweep goal: (-6.06, -6.10)
[frontier_explorer-1] [INFO] [1781262904.934701698] [frontier_explorer]: New sweep goal: (-6.06, -6.10)
[frontier_explorer-1] [INFO] [1781262909.017185737] [frontier_explorer]: New sweep goal: (-6.06, -6.10)
[frontier_explorer-1] [INFO] [1781262913.101341553] [frontier_explorer]: New sweep goal: (-6.06, -6.10)
[frontier_explorer-1] [INFO] [1781262917.219060884] [frontier_explorer]: New sweep goal: (-6.06, -6.10)
[frontier_explorer-1] [INFO] [1781262921.335389185] [frontier_explorer]: New sweep goal: (-6.06, -6.10)
[frontier_explorer-1] [INFO] [1781262925.420818054] [frontier_explorer]: New sweep goal: (-6.06, -6.10)
[frontier_explorer-1] [INFO] [1781262929.493297614] [frontier_explorer]: New sweep goal: (-6.06, -6.10)
[frontier_explorer-1] [INFO] [1781262933.585199055] [frontier_explorer]: New sweep goal: (-6.06, -6.10)
[frontier_explorer-1] [INFO] [1781262937.657346331] [frontier_explorer]: New sweep goal: (-6.06, -6.10)
[frontier_explorer-1] [INFO] [1781262941.743627469] [frontier_explorer]: New sweep goal: (-6.06, -6.10)
[frontier_explorer-1] [WARN] [1781262943.725087860] [frontier_explorer]: Watchdog: work exists but no goal active and robot stationary - clearing costmaps
[frontier_explorer-1] [WARN] [1781262943.766749828] [frontier_explorer]: Watchdog: resetting blacklist
[frontier_explorer-1] [INFO] [1781262945.826781834] [frontier_explorer]: New sweep goal: (-6.06, -6.10)
[frontier_explorer-1] [INFO] [1781262949.922113955] [frontier_explorer]: New sweep goal: (-6.06, -6.10)
[frontier_explorer-1] [INFO] [1781262953.999935977] [frontier_explorer]: New sweep goal: (-6.06, -6.10)
[frontier_explorer-1] [INFO] [1781262958.080101567] [frontier_explorer]: New sweep goal: (-6.06, -6.10)
[frontier_explorer-1] [INFO] [1781262962.150680054] [frontier_explorer]: New sweep goal: (-6.06, -6.10)
[frontier_explorer-1] [WARN] [1781262964.131115814] [frontier_explorer]: Watchdog: work exists but no goal active and robot stationary - clearing costmaps
[frontier_explorer-1] [INFO] [1781262966.227376628] [frontier_explorer]: New sweep goal: (-6.06, -6.10)
[frontier_explorer-1] [INFO] [1781262970.301171143] [frontier_explorer]: New sweep goal: (-6.06, -6.10)
[frontier_explorer-1] [INFO] [1781262974.381385522] [frontier_explorer]: New sweep goal: (-6.06, -6.10)
[frontier_explorer-1] [INFO] [1781262978.485391167] [frontier_explorer]: New sweep goal: (-6.06, -6.10)
[frontier_explorer-1] [INFO] [1781262982.574334971] [frontier_explorer]: New sweep goal: (-6.06, -6.10)
[frontier_explorer-1] [INFO] [1781262986.680014492] [frontier_explorer]: New sweep goal: (-6.06, -6.10)
[frontier_explorer-1] [INFO] [1781262990.785900519] [frontier_explorer]: New sweep goal: (-6.06, -6.10)
[frontier_explorer-1] [INFO] [1781263003.047379487] [frontier_explorer]: New sweep goal: (-6.06, -6.10)
[frontier_explorer-1] [INFO] [1781263015.347731562] [frontier_explorer]: New sweep goal: (-6.06, -6.10)
[frontier_explorer-1] [INFO] [1781263035.926749906] [frontier_explorer]: New sweep goal: (-6.06, -6.10)
[frontier_explorer-1] [INFO] [1781263040.026523420] [frontier_explorer]: New sweep goal: (-6.06, -6.10)
[frontier_explorer-1] [INFO] [1781263044.157224747] [frontier_explorer]: New sweep goal: (-6.06, -6.10)
[frontier_explorer-1] [INFO] [1781263056.429224311] [frontier_explorer]: New sweep goal: (-6.06, -6.10)
[frontier_explorer-1] [INFO] [1781263060.533888751] [frontier_explorer]: New sweep goal: (-6.06, -6.10)
[frontier_explorer-1] [INFO] [1781263068.740278397] [frontier_explorer]: New sweep goal: (-6.06, -6.10)
[frontier_explorer-1] [INFO] [1781263085.163996167] [frontier_explorer]: New sweep goal: (-6.06, -6.10)
[frontier_explorer-1] [INFO] [1781263093.363736270] [frontier_explorer]: New sweep goal: (-6.06, -6.10)
[frontier_explorer-1] [INFO] [1781263097.434367832] [frontier_explorer]: New sweep goal: (-6.06, -6.10)
[frontier_explorer-1] [INFO] [1781263105.640833387] [frontier_explorer]: New sweep goal: (-6.06, -6.10)
[frontier_explorer-1] [INFO] [1781263113.810285111] [frontier_explorer]: New sweep goal: (-6.06, -6.10)
[frontier_explorer-1] [INFO] [1781263126.090785828] [frontier_explorer]: New sweep goal: (-6.06, -6.10)
[frontier_explorer-1] [WARN] [1781263128.077976813] [frontier_explorer]: Watchdog: work exists but no goal active and robot stationary - clearing costmaps
[frontier_explorer-1] [INFO] [1781263130.187931866] [frontier_explorer]: New sweep goal: (-6.06, -6.10)
[frontier_explorer-1] [INFO] [1781263146.620045415] [frontier_explorer]: New sweep goal: (-6.06, -6.10)
[frontier_explorer-1] [INFO] [1781263158.929485308] [frontier_explorer]: New sweep goal: (-6.06, -6.10)
[frontier_explorer-1] [INFO] [1781263163.010739522] [frontier_explorer]: New sweep goal: (-6.06, -6.10)
[frontier_explorer-1] [INFO] [1781263167.109458423] [frontier_explorer]: New sweep goal: (-6.06, -6.10)
[frontier_explorer-1] [INFO] [1781263171.172610531] [frontier_explorer]: New sweep goal: (-6.06, -6.10)
[frontier_explorer-1] [INFO] [1781263175.264251778] [frontier_explorer]: New sweep goal: (-6.06, -6.10)
[frontier_explorer-1] [INFO] [1781263183.445615258] [frontier_explorer]: New sweep goal: (-6.06, -6.10)
[frontier_explorer-1] [INFO] [1781263187.527843257] [frontier_explorer]: New sweep goal: (-6.06, -6.10)
[frontier_explorer-1] [WARN] [1781263189.520530570] [frontier_explorer]: Watchdog: work exists but no goal active and robot stationary - clearing costmaps
[frontier_explorer-1] [WARN] [1781263189.562661624] [frontier_explorer]: Watchdog: resetting blacklist
[frontier_explorer-1] [INFO] [1781263191.629118644] [frontier_explorer]: New sweep goal: (-6.06, -6.10)
[frontier_explorer-1] [INFO] [1781263195.748335169] [frontier_explorer]: New sweep goal: (-6.06, -6.10)
[frontier_explorer-1] [INFO] [1781263199.823208917] [frontier_explorer]: New sweep goal: (-6.06, -6.10)
[frontier_explorer-1] [INFO] [1781263203.909977686] [frontier_explorer]: New sweep goal: (-6.06, -6.10)
[frontier_explorer-1] [INFO] [1781263208.010496458] [frontier_explorer]: New sweep goal: (-6.06, -6.10)
[frontier_explorer-1] [WARN] [1781263209.974105572] [frontier_explorer]: Watchdog: work exists but no goal active and robot stationary - clearing costmaps
[frontier_explorer-1] [INFO] [1781263212.070593286] [frontier_explorer]: New sweep goal: (-6.06, -6.10)
[frontier_explorer-1] [INFO] [1781263216.154302321] [frontier_explorer]: New sweep goal: (-6.06, -6.10)
[frontier_explorer-1] [INFO] [1781263220.262464262] [frontier_explorer]: New sweep goal: (-6.06, -6.10)
[frontier_explorer-1] [INFO] [1781263224.352713298] [frontier_explorer]: New sweep goal: (-6.06, -6.10)
[frontier_explorer-1] [INFO] [1781263228.449335482] [frontier_explorer]: New sweep goal: (-6.06, -6.10)
[frontier_explorer-1] [INFO] [1781263232.526786145] [frontier_explorer]: New sweep goal: (-6.06, -6.10)
[frontier_explorer-1] [INFO] [1781263236.626244293] [frontier_explorer]: New sweep goal: (-6.06, -6.10)
[frontier_explorer-1] [INFO] [1781263240.731083852] [frontier_explorer]: New sweep goal: (-6.06, -6.10)
[frontier_explorer-1] [INFO] [1781263244.838731152] [frontier_explorer]: New sweep goal: (-6.06, -6.10)
[frontier_explorer-1] [WARN] [1781263250.914545594] [frontier_explorer]: Watchdog: work exists but no goal active and robot stationary - clearing costmaps
[frontier_explorer-1] [INFO] [1781263253.017422340] [frontier_explorer]: New sweep goal: (-6.06, -6.10)
[frontier_explorer-1] [INFO] [1781263257.091936458] [frontier_explorer]: New sweep goal: (-6.06, -6.10)
[frontier_explorer-1] [INFO] [1781263265.262974911] [frontier_explorer]: New sweep goal: (-6.06, -6.10)
[frontier_explorer-1] [INFO] [1781263269.349543903] [frontier_explorer]: New sweep goal: (-6.06, -6.10)
[frontier_explorer-1] [WARN] [1781263271.334804584] [frontier_explorer]: Watchdog: work exists but no goal active and robot stationary - clearing costmaps
[frontier_explorer-1] [WARN] [1781263271.377478184] [frontier_explorer]: Watchdog: resetting blacklist
[frontier_explorer-1] [INFO] [1781263273.452641830] [frontier_explorer]: New sweep goal: (-6.06, -6.10)
[frontier_explorer-1] [INFO] [1781263277.539265738] [frontier_explorer]: New sweep goal: (-6.06, -6.10)
[frontier_explorer-1] [INFO] [1781263281.614046928] [frontier_explorer]: New sweep goal: (-6.06, -6.10)
[frontier_explorer-1] [INFO] [1781263285.715051688] [frontier_explorer]: New sweep goal: (-6.06, -6.10)
[frontier_explorer-1] [INFO] [1781263289.794807482] [frontier_explorer]: New sweep goal: (-6.06, -6.10)
[frontier_explorer-1] [WARN] [1781263291.773205775] [frontier_explorer]: Watchdog: work exists but no goal active and robot stationary - clearing costmaps
[frontier_explorer-1] [INFO] [1781263293.871303096] [frontier_explorer]: New sweep goal: (-6.06, -6.10)
[frontier_explorer-1] [INFO] [1781263297.988730851] [frontier_explorer]: New sweep goal: (-6.06, -6.10)
[frontier_explorer-1] [INFO] [1781263302.062493401] [frontier_explorer]: New sweep goal: (-6.06, -6.10)
[frontier_explorer-1] [WARN] [1781263312.236399787] [frontier_explorer]: Watchdog: work exists but no goal active and robot stationary - clearing costmaps
[frontier_explorer-1] [INFO] [1781263314.371839355] [frontier_explorer]: New sweep goal: (-6.06, -6.10)
[frontier_explorer-1] [INFO] [1781263326.689917363] [frontier_explorer]: New sweep goal: (-6.06, -6.10)
[frontier_explorer-1] [WARN] [1781263332.767668509] [frontier_explorer]: Watchdog: work exists but no goal active and robot stationary - clearing costmaps
[frontier_explorer-1] [WARN] [1781263332.808551981] [frontier_explorer]: Watchdog: resetting blacklist
[frontier_explorer-1] [INFO] [1781263334.882417167] [frontier_explorer]: New sweep goal: (-6.06, -6.10)
[frontier_explorer-1] [INFO] [1781263338.990018724] [frontier_explorer]: New sweep goal: (-6.06, -6.10)
[frontier_explorer-1] [INFO] [1781263343.077910252] [frontier_explorer]: New sweep goal: (-6.06, -6.10)
[frontier_explorer-1] [INFO] [1781263347.148801441] [frontier_explorer]: New sweep goal: (-6.06, -6.10)
[frontier_explorer-1] [INFO] [1781263355.336778962] [frontier_explorer]: New sweep goal: (-6.06, -6.10)
[frontier_explorer-1] [INFO] [1781263359.448827340] [frontier_explorer]: New sweep goal: (-6.06, -6.10)
[frontier_explorer-1] [INFO] [1781263367.613389244] [frontier_explorer]: New sweep goal: (-6.06, -6.10)
[frontier_explorer-1] [INFO] [1781263371.707624178] [frontier_explorer]: New sweep goal: (-6.06, -6.10)
[frontier_explorer-1] [INFO] [1781263375.810141554] [frontier_explorer]: New sweep goal: (-6.06, -6.10)
[frontier_explorer-1] [INFO] [1781263379.895121750] [frontier_explorer]: New sweep goal: (-6.06, -6.10)
[frontier_explorer-1] [INFO] [1781263388.098324583] [frontier_explorer]: New sweep goal: (-6.06, -6.10)
[frontier_explorer-1] [INFO] [1781263392.167818396] [frontier_explorer]: New sweep goal: (-6.06, -6.10)
[frontier_explorer-1] [WARN] [1781263394.164579515] [frontier_explorer]: Watchdog: work exists but no goal active and robot stationary - clearing costmaps
[frontier_explorer-1] [INFO] [1781263396.264083298] [frontier_explorer]: New sweep goal: (-6.06, -6.10)
[frontier_explorer-1] [INFO] [1781263400.372115389] [frontier_explorer]: New sweep goal: (-6.06, -6.10)
[frontier_explorer-1] [INFO] [1781263404.511542000] [frontier_explorer]: New sweep goal: (-6.06, -6.10)
[frontier_explorer-1] [INFO] [1781263408.588946204] [frontier_explorer]: New sweep goal: (-6.06, -6.10)
[frontier_explorer-1] [INFO] [1781263412.677264558] [frontier_explorer]: New sweep goal: (-6.06, -6.10)
[frontier_explorer-1] [INFO] [1781263416.760242962] [frontier_explorer]: New sweep goal: (-6.06, -6.10)
[frontier_explorer-1] [INFO] [1781263420.846634367] [frontier_explorer]: New sweep goal: (-6.06, -6.10)
[frontier_explorer-1] [INFO] [1781263424.938808659] [frontier_explorer]: New sweep goal: (-6.06, -6.10)
[frontier_explorer-1] [INFO] [1781263429.018966757] [frontier_explorer]: New sweep goal: (-6.06, -6.10)
[frontier_explorer-1] [INFO] [1781263433.104016210] [frontier_explorer]: New sweep goal: (-6.06, -6.10)
[frontier_explorer-1] [WARN] [1781263435.090642254] [frontier_explorer]: Watchdog: work exists but no goal active and robot stationary - clearing costmaps
[frontier_explorer-1] [INFO] [1781263437.199298075] [frontier_explorer]: New sweep goal: (-6.06, -6.10)
[frontier_explorer-1] [INFO] [1781263441.286031124] [frontier_explorer]: New sweep goal: (-6.06, -6.10)
[frontier_explorer-1] [INFO] [1781263445.406970917] [frontier_explorer]: New sweep goal: (-6.06, -6.10)
[frontier_explorer-1] [INFO] [1781263449.485003205] [frontier_explorer]: New sweep goal: (-6.06, -6.10)
[frontier_explorer-1] [INFO] [1781263466.031066374] [frontier_explorer]: New sweep goal: (-6.06, -6.10)
[frontier_explorer-1] [INFO] [1781263470.068303219] [frontier_explorer]: New sweep goal: (-6.06, -6.10)
[frontier_explorer-1] [INFO] [1781263474.160341368] [frontier_explorer]: New sweep goal: (-6.06, -6.10)
[frontier_explorer-1] [WARN] [1781263476.152612240] [frontier_explorer]: Watchdog: work exists but no goal active and robot stationary - clearing costmaps
[frontier_explorer-1] [WARN] [1781263476.193393583] [frontier_explorer]: Watchdog: resetting blacklist
[frontier_explorer-1] [INFO] [1781263478.253213066] [frontier_explorer]: New sweep goal: (-6.06, -6.10)
[frontier_explorer-1] [INFO] [1781263482.342221107] [frontier_explorer]: New sweep goal: (-6.06, -6.10)
[frontier_explorer-1] [INFO] [1781263486.456055921] [frontier_explorer]: New sweep goal: (-6.06, -6.10)
[frontier_explorer-1] [INFO] [1781263490.544949380] [frontier_explorer]: New sweep goal: (-6.06, -6.10)
[frontier_explorer-1] [INFO] [1781263498.772806188] [frontier_explorer]: New sweep goal: (-6.06, -6.10)
[frontier_explorer-1] [INFO] [1781263502.865334342] [frontier_explorer]: New sweep goal: (-6.06, -6.10)
[frontier_explorer-1] [INFO] [1781263506.961669286] [frontier_explorer]: New sweep goal: (-6.06, -6.10)
[frontier_explorer-1] [INFO] [1781263511.056086304] [frontier_explorer]: New sweep goal: (-6.06, -6.10)
[frontier_explorer-1] [INFO] [1781263515.130771234] [frontier_explorer]: New sweep goal: (-6.06, -6.10)
[frontier_explorer-1] [INFO] [1781263519.233979710] [frontier_explorer]: New sweep goal: (-6.06, -6.10)
[frontier_explorer-1] [INFO] [1781263527.493123147] [frontier_explorer]: New sweep goal: (-6.06, -6.10)
[frontier_explorer-1] [INFO] [1781263531.565197395] [frontier_explorer]: New sweep goal: (-6.06, -6.10)
[frontier_explorer-1] [INFO] [1781263535.683465573] [frontier_explorer]: New sweep goal: (-6.06, -6.10)
[frontier_explorer-1] [WARN] [1781263573.153356653] [frontier_explorer]: No progress for 32s - clearing costmaps and retrying goal (-6.06, -6.10)
[frontier_explorer-1] [INFO] [1781263589.714915347] [frontier_explorer]: New sweep goal: (-6.06, -6.10)
[frontier_explorer-1] [WARN] [1781263628.577200359] [frontier_explorer]: No progress for 32s - clearing costmaps and retrying goal (-6.06, -6.10)
[frontier_explorer-1] [WARN] [1781263665.878279680] [frontier_explorer]: Still no progress after costmap clear, blacklisting goal (-6.06, -6.10)
[frontier_explorer-1] [INFO] [1781263670.039527521] [frontier_explorer]: New sweep goal: (-6.06, -6.10)
[frontier_explorer-1] [INFO] [1781263674.194504082] [frontier_explorer]: New sweep goal: (-6.06, -6.10)
[frontier_explorer-1] [INFO] [1781263678.239369028] [frontier_explorer]: New sweep goal: (-6.06, -6.10)
[frontier_explorer-1] [INFO] [1781263682.320225099] [frontier_explorer]: New sweep goal: (-6.06, -6.10)
[frontier_explorer-1] [INFO] [1781263686.432136434] [frontier_explorer]: New sweep goal: (-6.06, -6.10)
[frontier_explorer-1] [INFO] [1781263690.538907304] [frontier_explorer]: New sweep goal: (-6.06, -6.10)
[frontier_explorer-1] [INFO] [1781263694.621874437] [frontier_explorer]: New sweep goal: (-6.06, -6.10)
[frontier_explorer-1] [INFO] [1781263698.723175035] [frontier_explorer]: New sweep goal: (-6.06, -6.10)
[frontier_explorer-1] [INFO] [1781263702.830967789] [frontier_explorer]: New sweep goal: (-6.06, -6.10)
[frontier_explorer-1] [WARN] [1781263704.816762880] [frontier_explorer]: Watchdog: work exists but no goal active and robot stationary - clearing costmaps
[frontier_explorer-1] [INFO] [1781263706.934032995] [frontier_explorer]: New sweep goal: (-6.06, -6.10)
[frontier_explorer-1] [INFO] [1781263711.039475806] [frontier_explorer]: New sweep goal: (-6.06, -6.10)
[frontier_explorer-1] [INFO] [1781263715.126745585] [frontier_explorer]: New sweep goal: (-6.06, -6.10)
[frontier_explorer-1] [INFO] [1781263719.210666666] [frontier_explorer]: New sweep goal: (-6.06, -6.10)
[frontier_explorer-1] [INFO] [1781263723.303555175] [frontier_explorer]: New sweep goal: (-6.06, -6.10)
[frontier_explorer-1] [WARN] [1781263725.282373994] [frontier_explorer]: Watchdog: work exists but no goal active and robot stationary - clearing costmaps
[frontier_explorer-1] [INFO] [1781263727.399915503] [frontier_explorer]: New sweep goal: (-6.06, -6.10)
[frontier_explorer-1] [INFO] [1781263735.630746713] [frontier_explorer]: New sweep goal: (-6.06, -6.10)
[frontier_explorer-1] [INFO] [1781263752.050964363] [frontier_explorer]: New sweep goal: (-6.06, -6.10)
[frontier_explorer-1] [INFO] [1781263764.344455426] [frontier_explorer]: New sweep goal: (-6.06, -6.10)
[frontier_explorer-1] [INFO] [1781263772.529955899] [frontier_explorer]: New sweep goal: (-6.06, -6.10)
[frontier_explorer-1] [INFO] [1781263776.615085309] [frontier_explorer]: New sweep goal: (-6.06, -6.10)
[frontier_explorer-1] [INFO] [1781263780.702622436] [frontier_explorer]: New sweep goal: (-6.06, -6.10)
[frontier_explorer-1] [INFO] [1781263797.115730565] [frontier_explorer]: New sweep goal: (-6.06, -6.10)
[frontier_explorer-1] [WARN] [1781263818.149994159] [frontier_explorer]: New subscription discovered on topic '~/camera_coverage', requesting incompatible QoS. No messages will be sent to it. Last incompatible policy: DURABILITY
[frontier_explorer-1] [WARN] [1781263833.876851203] [frontier_explorer]: No progress for 32s - clearing costmaps and retrying goal (-6.06, -6.10)
[frontier_explorer-1] [INFO] [1781263846.263336735] [frontier_explorer]: New sweep goal: (-6.06, -6.10)
[frontier_explorer-1] [INFO] [1781263866.663783882] [frontier_explorer]: New sweep goal: (-6.06, -6.10)
[frontier_explorer-1] [INFO] [1781263878.964620814] [frontier_explorer]: New sweep goal: (-6.06, -6.10)
[frontier_explorer-1] [WARN] [1781263889.129684049] [frontier_explorer]: Watchdog: work exists but no goal active and robot stationary - clearing costmaps
[frontier_explorer-1] [WARN] [1781263889.170428986] [frontier_explorer]: Watchdog: resetting blacklist
[frontier_explorer-1] [INFO] [1781263891.234559048] [frontier_explorer]: New sweep goal: (-6.06, -6.10)
[frontier_explorer-1] [INFO] [1781263916.049844930] [frontier_explorer]: New sweep goal: (-6.06, -6.10)
[frontier_explorer-1] [INFO] [1781263924.246383990] [frontier_explorer]: New sweep goal: (-6.06, -6.10)
[frontier_explorer-1] [INFO] [1781263932.460647510] [frontier_explorer]: New sweep goal: (-6.06, -6.10)
[frontier_explorer-1] [WARN] [1781263969.632411594] [frontier_explorer]: No progress for 32s - clearing costmaps and retrying goal (-6.06, -6.10)
[frontier_explorer-1] [WARN] [1781263971.662046116] [frontier_explorer]: Watchdog: work exists but no goal active and robot stationary - clearing costmaps
[frontier_explorer-1] [INFO] [1781263973.777338011] [frontier_explorer]: New sweep goal: (-6.06, -6.10)
[frontier_explorer-1] [WARN] [1781263992.237179147] [frontier_explorer]: Watchdog: work exists but no goal active and robot stationary - clearing costmaps
[frontier_explorer-1] [INFO] [1781263994.337845009] [frontier_explorer]: New sweep goal: (-6.06, -6.10)
[frontier_explorer-1] [INFO] [1781264006.715394942] [frontier_explorer]: New sweep goal: (-6.06, -6.10)
[frontier_explorer-1] [WARN] [1781264043.524832510] [frontier_explorer]: No progress for 32s - clearing costmaps and retrying goal (-6.06, -6.10)
[frontier_explorer-1] [INFO] [1781264060.076349871] [frontier_explorer]: New sweep goal: (-6.06, -6.10)
[frontier_explorer-1] [INFO] [1781264068.323630149] [frontier_explorer]: New sweep goal: (-6.06, -6.10)
[frontier_explorer-1] [INFO] [1781264084.755418255] [frontier_explorer]: New sweep goal: (-6.06, -6.10)
[frontier_explorer-1] [WARN] [1781264094.894967709] [frontier_explorer]: Watchdog: work exists but no goal active and robot stationary - clearing costmaps
[frontier_explorer-1] [WARN] [1781264094.933102263] [frontier_explorer]: Watchdog: resetting blacklist
[frontier_explorer-1] [INFO] [1781264097.042294891] [frontier_explorer]: New sweep goal: (-6.06, -6.10)
[frontier_explorer-1] [WARN] [1781264133.990527881] [frontier_explorer]: No progress for 32s - clearing costmaps and retrying goal (-6.06, -6.10)
[frontier_explorer-1] [INFO] [1781264138.151934327] [frontier_explorer]: New sweep goal: (-6.06, -6.10)
[frontier_explorer-1] [INFO] [1781264154.541892762] [frontier_explorer]: New sweep goal: (-6.06, -6.10)
[frontier_explorer-1] [INFO] [1781264162.729389653] [frontier_explorer]: New sweep goal: (-6.06, -6.10)
[frontier_explorer-1] [INFO] [1781264166.808325954] [frontier_explorer]: New sweep goal: (-6.06, -6.10)
[frontier_explorer-1] [INFO] [1781264170.920022144] [frontier_explorer]: New sweep goal: (-6.06, -6.10)
[frontier_explorer-1] [INFO] [1781264191.471732241] [frontier_explorer]: New sweep goal: (-6.06, -6.10)
[frontier_explorer-1] [INFO] [1781264195.581408669] [frontier_explorer]: New sweep goal: (-6.06, -6.10)
[frontier_explorer-1] [INFO] [1781264199.662818610] [frontier_explorer]: New sweep goal: (-6.06, -6.10)
[frontier_explorer-1] [INFO] [1781264211.933369530] [frontier_explorer]: New sweep goal: (-6.06, -6.10)
[frontier_explorer-1] [INFO] [1781264216.013066240] [frontier_explorer]: New sweep goal: (-6.06, -6.10)
[frontier_explorer-1] [INFO] [1781264224.192613029] [frontier_explorer]: New sweep goal: (-6.06, -6.10)
[frontier_explorer-1] [INFO] [1781264228.290186672] [frontier_explorer]: New sweep goal: (-6.06, -6.10)
[frontier_explorer-1] [INFO] [1781264232.410419973] [frontier_explorer]: New sweep goal: (-6.06, -6.10)
[frontier_explorer-1] [INFO] [1781264244.714290510] [frontier_explorer]: New sweep goal: (-6.06, -6.10)
[frontier_explorer-1] [INFO] [1781264252.887623501] [frontier_explorer]: New sweep goal: (-6.06, -6.10)
[frontier_explorer-1] [INFO] [1781264261.080039469] [frontier_explorer]: New sweep goal: (-6.06, -6.10)
[frontier_explorer-1] [INFO] [1781264273.361878367] [frontier_explorer]: New sweep goal: (-6.06, -6.10)
[frontier_explorer-1] [INFO] [1781264277.470017885] [frontier_explorer]: New sweep goal: (-6.06, -6.10)
[frontier_explorer-1] [WARN] [1781264279.433006917] [frontier_explorer]: Watchdog: work exists but no goal active and robot stationary - clearing costmaps
[frontier_explorer-1] [INFO] [1781264281.533712398] [frontier_explorer]: New sweep goal: (-6.06, -6.10)
[frontier_explorer-1] [INFO] [1781264293.811666276] [frontier_explorer]: New sweep goal: (-6.06, -6.10)
[frontier_explorer-1] [INFO] [1781264302.010864322] [frontier_explorer]: New sweep goal: (-6.06, -6.10)
[frontier_explorer-1] [INFO] [1781264306.089334536] [frontier_explorer]: New sweep goal: (-6.06, -6.10)
