t,gt_x,gt_y,gt_yaw,odom_x,odom_y,odom_yaw,slam_x,slam_y,slam_yaw
53.50,-0.0000,0.0000,0.0000,0.0000,0.0000,0.1695,,,
54.00,-0.0000,0.0000,0.0000,0.0000,0.0000,0.1724,0.0000,0.0000,0.1724
54.50,-0.0000,0.0000,0.0000,0.0000,0.0000,0.1747,0.0000,0.0000,0.1747
55.00,-0.0000,0.0000,0.0000,0.0000,0.0000,0.1771,0.0000,0.0000,0.1771
55.50,-0.0000,0.0000,0.0000,0.0000,0.0000,0.1804,0.0000,0.0000,0.1804
56.00,-0.0000,0.0000,0.0000,0.0000,0.0000,0.1831,0.0000,0.0000,0.1831
56.50,-0.0000,0.0000,0.0000,0.0000,0.0000,0.1860,0.0000,0.0000,0.1860
57.00,-0.0000,0.0000,0.0000,0.0000,0.0000,0.1889,0.0000,0.0000,0.1889
57.50,-0.0000,0.0000,0.0000,0.0000,0.0000,0.1917,0.0000,0.0000,0.1917
58.00,-0.0000,0.0000,0.0000,0.0000,0.0000,0.1936,0.0000,0.0000,0.1936
58.50,-0.0000,0.0000,0.0000,0.0000,0.0000,0.1964,0.0000,0.0000,0.1964
59.00,-0.0000,0.0000,0.0000,0.0000,0.0000,0.1987,0.0000,0.0000,0.1987
59.50,-0.0000,0.0000,0.0000,0.0000,0.0000,0.2011,0.0000,0.0000,0.2011
60.00,-0.0000,0.0000,0.0000,0.0000,0.0000,0.2037,0.0000,0.0000,0.2037
60.50,-0.0000,0.0000,0.0000,0.0000,0.0000,0.2054,0.0000,0.0000,0.2054
61.00,-0.0000,0.0000,0.0000,0.0000,0.0000,0.2078,0.0000,0.0000,0.2078
61.50,-0.0000,0.0000,0.0000,0.0000,0.0000,0.2103,0.0000,0.0000,0.2103
62.00,0.0136,-0.0000,-0.0000,0.0111,0.0024,0.2127,0.0111,0.0024,0.2127
62.50,0.0736,-0.0000,-0.0000,0.0718,0.0156,0.2149,0.0718,0.0156,0.2149
63.00,0.1336,-0.0000,-0.0000,0.1320,0.0288,0.2177,0.0895,-0.0019,0.0467
63.50,0.1936,-0.0000,-0.0000,0.1902,0.0418,0.2201,0.1091,0.0010,0.0490
64.00,0.2536,-0.0000,-0.0000,0.2494,0.0551,0.2228,0.0896,0.0045,0.0483
64.50,0.3136,-0.0000,-0.0000,0.3074,0.0683,0.2254,0.1491,0.0075,0.0509
65.00,0.3736,-0.0000,-0.0000,0.3634,0.0812,0.2286,0.1264,0.0009,0.0506
65.50,0.4336,-0.0000,-0.0000,0.4224,0.0950,0.2308,0.1069,0.0046,0.0493
66.00,0.4936,-0.0000,-0.0000,0.4810,0.1089,0.2335,0.1671,0.0076,0.0520
66.50,0.5536,-0.0000,-0.0000,0.5399,0.1229,0.2362,0.1476,0.0013,0.0512
67.00,0.6136,-0.0000,-0.0000,0.5989,0.1372,0.2388,0.2081,0.0045,0.0538
67.50,0.6736,-0.0000,-0.0000,0.6600,0.1522,0.2406,0.2309,0.0086,0.0487
68.00,0.7336,-0.0000,-0.0000,0.7224,0.1675,0.2427,0.2751,0.0123,0.0473
68.50,0.7936,-0.0000,-0.0000,0.7813,0.1822,0.2452,0.3057,0.0053,0.0498
69.00,0.8536,-0.0000,-0.0000,0.8406,0.1971,0.2482,0.3668,0.0084,0.0527
69.50,0.9136,-0.0000,-0.0000,0.8989,0.2120,0.2509,0.3968,0.0124,0.0485
70.00,0.9736,-0.0000,-0.0000,0.9566,0.2269,0.2534,0.4363,0.0158,0.0475
70.50,1.0336,-0.0000,-0.0000,1.0137,0.2417,0.2556,0.4953,0.0187,0.0497
71.00,1.0936,-0.0000,-0.0000,1.0728,0.2572,0.2580,0.5562,0.0222,0.0486
71.50,1.1536,-0.0000,-0.0000,1.1325,0.2731,0.2605,0.5997,0.0257,0.0476
72.00,1.2136,-0.0000,-0.0000,1.1884,0.2880,0.2627,0.6557,0.0285,0.0498
72.50,1.2220,-0.0000,-0.0000,1.1986,0.2908,0.2653,0.6662,0.0297,0.0489
73.00,1.2220,-0.0000,-0.0000,1.1986,0.2908,0.2683,0.6662,0.0297,0.0519
73.50,1.2220,-0.0000,-0.0000,1.1986,0.2908,0.2708,0.6662,0.0297,0.0544
74.00,1.2220,-0.0000,-0.0000,1.1986,0.2908,0.2738,0.6662,0.0297,0.0574
74.50,1.2220,-0.0000,-0.0000,1.1986,0.2908,0.2758,0.6662,0.0297,0.0594
75.00,1.2220,-0.0000,-0.0000,1.1986,0.2908,0.2781,0.6662,0.0297,0.0617
75.50,1.2220,-0.0000,-0.0000,1.1986,0.2908,0.2802,0.6662,0.0297,0.0639
76.00,1.2220,-0.0000,-0.0000,1.1986,0.2908,0.2827,0.6662,0.0297,0.0663
76.50,1.2220,-0.0000,-0.0000,1.1986,0.2908,0.2857,0.6662,0.0297,0.0693
77.00,1.2220,-0.0000,-0.0000,1.1986,0.2908,0.2887,0.6662,0.0297,0.0723
77.50,1.2220,-0.0000,-0.0000,1.1986,0.2908,0.2919,0.6662,0.0297,0.0755
78.00,1.2220,-0.0000,-0.0000,1.1986,0.2908,0.2941,0.6662,0.0297,0.0777
78.50,1.2220,-0.0000,-0.0000,1.1986,0.2908,0.2968,0.6662,0.0297,0.0804
79.00,1.2220,-0.0000,-0.0000,1.1986,0.2908,0.2986,0.6662,0.0297,0.0822
79.50,1.2220,-0.0000,-0.0000,1.1986,0.2908,0.3019,0.6662,0.0297,0.0855
80.00,1.2220,-0.0000,-0.0000,1.1986,0.2908,0.3040,0.6662,0.0297,0.0876
80.50,1.2220,-0.0000,-0.0000,1.1986,0.2908,0.3062,0.6662,0.0297,0.0898
81.00,1.2220,-0.0000,-0.0000,1.1986,0.2908,0.3092,0.6662,0.0297,0.0928
81.50,1.2220,-0.0000,-0.0000,1.1986,0.2908,0.3116,0.6662,0.0297,0.0952
82.00,1.2163,-0.0000,-0.0000,1.1943,0.2894,0.3140,0.6617,0.0293,0.0976
82.50,1.1963,-0.0000,-0.0000,1.1732,0.2825,0.3166,0.6396,0.0271,0.1002
83.00,1.1763,-0.0000,-0.0000,1.1517,0.2754,0.3194,0.6171,0.0248,0.1030
83.50,1.1563,-0.0000,-0.0000,1.1323,0.2690,0.3223,0.6358,0.0254,0.0466
84.00,1.1363,-0.0000,-0.0000,1.1103,0.2616,0.3246,0.6127,0.0243,0.0489
84.50,1.1163,-0.0000,-0.0000,1.0892,0.2545,0.3270,0.5904,0.0232,0.0513
85.00,1.0963,-0.0000,-0.0000,1.0717,0.2485,0.3291,0.5720,0.0222,0.0534
85.50,1.0763,-0.0000,-0.0000,1.0519,0.2417,0.3313,0.5511,0.0211,0.0556
86.00,1.0563,-0.0000,-0.0000,1.0335,0.2354,0.3340,0.5415,0.0223,0.0478
86.50,1.0363,-0.0000,-0.0000,1.0131,0.2283,0.3363,0.5199,0.0213,0.0501
87.00,1.0163,-0.0000,-0.0000,0.9923,0.2210,0.3387,0.4979,0.0201,0.0525
87.50,0.9963,-0.0000,-0.0000,0.9719,0.2138,0.3410,0.4763,0.0190,0.0548
88.00,0.9782,-0.0000,-0.0000,0.9526,0.2069,0.3433,0.4557,0.0201,0.0466
88.50,0.9779,0.0043,0.0477,0.9566,0.2085,0.3919,0.4600,0.0204,0.0952
89.00,0.9779,0.0117,0.0988,0.9642,0.2119,0.4456,0.4683,0.0215,0.1489
89.50,0.9779,0.0187,0.1481,0.9690,0.2144,0.4980,0.4736,0.0224,0.2013
90.00,0.9779,0.0252,0.1957,0.9747,0.2177,0.5480,0.4801,0.0239,0.2513
90.50,0.9780,0.0312,0.2418,0.9789,0.2203,0.5964,0.4848,0.0252,0.2998
91.00,0.9780,0.0367,0.2865,0.9838,0.2238,0.6432,0.4905,0.0271,0.3465
91.50,0.9780,0.0418,0.3299,0.9875,0.2267,0.6889,0.4949,0.0289,0.3923
92.00,0.9781,0.0463,0.3721,0.9909,0.2297,0.7340,0.4990,0.0307,0.4373
92.50,0.9781,0.0504,0.4130,0.9930,0.2317,0.7773,0.5017,0.0320,0.4806
93.00,0.9781,0.0539,0.4529,0.9955,0.2342,0.8197,0.5048,0.0337,0.5230
93.50,0.9782,0.0570,0.4917,0.9983,0.2373,0.8605,0.5083,0.0358,0.5639
94.00,0.9782,0.0597,0.5294,0.9997,0.2390,0.9005,0.5102,0.0371,0.6038
94.50,0.9783,0.0618,0.5662,1.0010,0.2407,0.9392,0.5119,0.0383,0.6426
95.00,0.9783,0.0635,0.6020,1.0023,0.2425,0.9779,0.4800,0.0746,0.6498
95.50,0.9784,0.0648,0.6369,1.0030,0.2437,1.0155,0.4811,0.0755,0.6874
96.00,0.9785,0.0656,0.6709,1.0033,0.2442,1.0515,0.4816,0.0759,0.7235
96.50,0.9785,0.0659,0.7041,1.0037,0.2448,1.0872,0.4821,0.0764,0.7591
97.00,0.9785,0.0659,0.7366,1.0036,0.2448,1.1218,0.4820,0.0763,0.7937
97.50,0.9782,0.0658,0.7700,1.0035,0.2445,1.1577,0.4818,0.0761,0.8297
98.00,0.9782,0.0657,0.8041,1.0035,0.2443,1.1942,0.4817,0.0760,0.8661
98.50,0.9783,0.0653,0.8374,1.0032,0.2437,1.2295,0.4813,0.0755,0.9014
99.00,0.9783,0.0652,0.8699,1.0032,0.2436,1.2646,0.4812,0.0754,0.9366
99.50,0.9779,0.0651,0.9031,1.0031,0.2433,1.3007,0.4810,0.0751,0.9726
100.00,0.9770,0.0651,0.9372,1.0029,0.2426,1.3370,0.4807,0.0746,1.0089
100.50,0.9757,0.0650,0.9722,1.0028,0.2419,1.3745,0.4803,0.0739,1.0464
101.00,0.9740,0.0650,1.0081,1.0024,0.2400,1.4126,0.4793,0.0722,1.0846
101.50,0.9718,0.0649,1.0450,1.0021,0.2381,1.4521,0.4785,0.0705,1.1240
102.00,0.9691,0.0649,1.0828,1.0019,0.2357,1.4924,0.4775,0.0683,1.1644
102.50,0.9660,0.0648,1.1217,1.0017,0.2324,1.5339,0.4762,0.0652,1.2058
103.00,0.9624,0.0648,1.1617,1.0016,0.2281,1.5763,0.4748,0.0612,1.2482
103.50,0.9583,0.0647,1.2028,1.0018,0.2243,1.6200,0.4736,0.0575,1.2919
104.00,0.9537,0.0647,1.2450,1.0021,0.2198,1.6646,0.4725,0.0532,1.3366
104.50,0.9486,0.0647,1.2885,1.0026,0.2153,1.7100,0.4715,0.0488,1.3820
105.00,0.9430,0.0646,1.3334,1.0035,0.2094,1.7569,0.4706,0.0429,1.4288
105.50,0.9370,0.0646,1.3796,1.0048,0.2033,1.8062,0.4698,0.0367,1.4781
106.00,0.9304,0.0646,1.4274,1.0059,0.1992,1.8565,0.4695,0.0325,1.5285
106.50,0.9234,0.0646,1.4769,1.0077,0.1936,1.9087,0.4694,0.0266,1.5806
107.00,0.9159,0.0646,1.5281,1.0103,0.1868,1.9630,0.3973,0.0698,1.5756
107.50,0.9080,0.0646,1.5814,1.0130,0.1806,2.0189,0.3974,0.0630,1.6315
108.00,0.9002,0.0646,1.6339,1.0097,0.1870,2.0736,0.3968,0.0702,1.6863
108.50,0.8936,0.0646,1.6821,1.0064,0.1926,2.1269,0.3959,0.0766,1.7395
109.00,0.8868,0.0646,1.7310,1.0032,0.1974,2.1781,0.3947,0.0823,1.7907
109.50,0.8804,0.0646,1.7782,0.9994,0.2027,2.2280,0.3931,0.0886,1.8406
110.00,0.8745,0.0646,1.8240,0.9953,0.2077,2.2765,0.3912,0.0948,1.8891
110.50,0.8683,0.0703,1.8830,0.9886,0.2152,2.3324,0.3879,0.1043,1.9450
111.00,0.8518,0.1246,2.0183,0.9468,0.2527,2.4655,0.3633,0.1548,2.0781
111.50,0.8013,0.2287,2.0680,0.8482,0.3264,2.5188,0.2592,0.2401,2.1174
112.00,0.7430,0.3442,2.0290,0.7423,0.4058,2.4792,0.2028,0.3446,2.0779
112.50,0.6821,0.4600,2.0616,0.6351,0.4866,2.5162,0.1457,0.4609,2.1113
113.00,0.6172,0.5734,2.1248,0.5267,0.5615,2.5798,0.0653,0.5722,2.1715
113.50,0.5423,0.6783,2.2887,0.4083,0.6236,2.7489,0.0106,0.6752,2.3371
114.00,0.4532,0.7666,2.4315,0.2885,0.6635,2.8936,-0.0827,0.7537,2.4800
114.50,0.3936,0.8156,2.4691,0.2102,0.6811,2.9329,-0.1560,0.8010,2.5176
115.00,0.3805,0.8260,2.4691,0.1922,0.6847,2.9352,-0.1602,0.8154,2.5182
115.50,0.3805,0.8260,2.4691,0.1922,0.6848,2.9378,-0.1602,0.8155,2.5207
116.00,0.3790,0.8272,2.4653,0.1906,0.6851,2.9371,-0.1616,0.8165,2.5201
116.50,0.3437,0.8582,2.3727,0.1445,0.6970,2.8476,-0.1989,0.8460,2.4305
117.00,0.2934,0.9163,2.1687,0.0706,0.7269,2.6458,-0.2466,0.9007,2.2183
117.50,0.2536,1.0129,1.9339,-0.0175,0.7898,2.4147,-0.2655,0.9992,1.9802
118.00,0.2232,1.1376,1.7780,-0.1064,0.8821,2.2600,-0.3043,1.1110,1.8237
118.50,0.2005,1.2429,1.5457,-0.1689,0.9734,2.0397,-0.3223,1.2301,1.6035
119.00,0.1922,1.3595,1.2654,-0.2067,1.0898,1.7575,-0.3079,1.3414,1.3143
119.50,0.2274,1.4806,1.1544,-0.2225,1.2169,1.6519,-0.2979,1.4631,1.2052
120.00,0.2801,1.5975,1.0778,-0.2280,1.3408,1.5754,-0.2594,1.5772,1.1252
120.50,0.3417,1.7111,1.0720,-0.2267,1.4737,1.5698,-0.2101,1.6961,1.1189
121.00,0.4009,1.8263,1.0915,-0.2292,1.6064,1.5956,-0.1446,1.8167,1.1453
121.50,0.4515,1.9217,1.1047,-0.2318,1.7228,1.6099,-0.1065,1.9227,1.1527
122.00,0.4735,1.9629,1.1437,-0.2345,1.7702,1.6515,-0.0884,1.9566,1.1908
122.50,0.4740,1.9644,1.1841,-0.2346,1.7723,1.6948,-0.0876,1.9586,1.2341
123.00,0.4696,1.9644,1.2259,-0.2341,1.7688,1.7386,-0.0887,1.9552,1.2779
123.50,0.4647,1.9644,1.2688,-0.2332,1.7640,1.7838,-0.0900,1.9505,1.3231
124.00,0.4594,1.9643,1.3130,-0.2319,1.7588,1.8298,-0.0912,1.9452,1.3691
124.50,0.4535,1.9643,1.3586,-0.2303,1.7534,1.8775,-0.0922,1.9397,1.4168
125.00,0.4472,1.9643,1.4057,-0.2282,1.7473,1.9269,-0.0930,1.9333,1.4662
125.50,0.4404,1.9643,1.4544,-0.2259,1.7416,1.9781,-0.0935,1.9272,1.5175
126.00,0.4331,1.9643,1.5048,-0.2220,1.7329,2.0306,-0.0938,1.9177,1.5699
126.50,0.4254,1.9643,1.5572,-0.2183,1.7262,2.0860,-0.0936,1.9100,1.6253
127.00,0.4174,1.9643,1.6105,-0.2211,1.7305,2.1415,-0.1382,1.9550,1.6599
127.50,0.4099,1.9643,1.6619,-0.2260,1.7378,2.1956,-0.1392,1.9637,1.7140
128.00,0.4029,1.9643,1.7115,-0.2308,1.7441,2.2478,-0.1406,1.9715,1.7662
128.50,0.3963,1.9643,1.7594,-0.2356,1.7497,2.2981,-0.1422,1.9787,1.8165
129.00,0.3902,1.9643,1.8057,-0.2402,1.7546,2.3470,-0.1440,1.9852,1.8653
129.50,0.3846,1.9644,1.8506,-0.2438,1.7581,2.3944,-0.1456,1.9900,1.9128
130.00,0.3795,1.9644,1.8942,-0.2470,1.7610,2.4407,-0.1471,1.9940,1.9591
130.50,0.3749,1.9644,1.9365,-0.2508,1.7641,2.4851,-0.1491,1.9985,2.0035
131.00,0.3708,1.9645,1.9777,-0.2535,1.7661,2.5287,-0.1937,1.9602,2.0296
131.50,0.3671,1.9645,2.0177,-0.2561,1.7678,2.5711,-0.1951,1.9630,2.0721
132.00,0.3640,1.9646,2.0566,-0.2584,1.7693,2.6129,-0.1964,1.9654,2.1138
132.50,0.3613,1.9646,2.0946,-0.2614,1.7709,2.6529,-0.1982,1.9682,2.1538
133.00,0.3590,1.9647,2.1315,-0.2634,1.7719,2.6920,-0.1995,1.9700,2.1929
133.50,0.3573,1.9647,2.1674,-0.2647,1.7725,2.7297,-0.2003,1.9712,2.2307
134.00,0.3560,1.9648,2.2025,-0.2658,1.7730,2.7675,-0.2011,1.9721,2.2684
134.50,0.3551,1.9648,2.2366,-0.2666,1.7733,2.8040,-0.2017,1.9728,2.3049
135.00,0.3547,1.9649,2.2699,-0.2672,1.7735,2.8394,-0.2021,1.9733,2.3403
135.50,0.3546,1.9649,2.3024,-0.2674,1.7735,2.8740,-0.2022,1.9734,2.3750
136.00,0.3547,1.9646,2.3356,-0.2671,1.7735,2.9092,-0.2020,1.9732,2.4101
136.50,0.3548,1.9646,2.3698,-0.2670,1.7734,2.9459,-0.2019,1.9731,2.4469
137.00,0.3552,1.9646,2.4032,-0.2665,1.7733,2.9818,-0.2016,1.9728,2.4827
137.50,0.3554,1.9647,2.4357,-0.2662,1.7733,3.0162,-0.2013,1.9726,2.5172
138.00,0.3554,1.9643,2.4688,-0.2658,1.7733,3.0517,-0.2010,1.9724,2.5526
138.50,0.3555,1.9635,2.5028,-0.2650,1.7732,3.0878,-0.2003,1.9719,2.5887
139.00,0.3555,1.9623,2.5376,-0.2632,1.7731,3.1251,-0.1988,1.9710,2.6261
139.50,0.3556,1.9607,2.5734,-0.2615,1.7731,-3.1200,-0.1973,1.9702,2.6641
140.00,0.3556,1.9585,2.6101,-0.2587,1.7732,-3.0810,-0.1947,1.9690,2.7031
140.50,0.3557,1.9559,2.6478,-0.2567,1.7734,-3.0412,-0.1930,1.9682,2.7430
141.00,0.3557,1.9529,2.6865,-0.2538,1.7738,-3.0003,-0.1902,1.9671,2.7838
141.50,0.3558,1.9493,2.7263,-0.2500,1.7744,-2.9587,-0.1866,1.9658,2.8254
142.00,0.3558,1.9455,2.7654,-0.2473,1.7749,-2.9156,-0.1839,1.9650,2.8686
142.50,0.3558,1.9421,2.8025,-0.2438,1.7758,-2.8778,-0.1804,1.9641,2.9063
143.00,0.3559,1.9372,2.8456,-0.2376,1.7776,-2.8323,-0.1741,1.9627,2.9518
143.50,0.3559,1.9317,2.8900,-0.2326,1.7793,-2.7859,-0.1690,1.9618,2.9982
144.00,0.3559,1.9258,2.9358,-0.2275,1.7814,-2.7377,-0.1635,1.9612,3.0464
144.50,0.3560,1.9195,2.9831,-0.2211,1.7843,-2.6884,-0.1565,1.9607,3.0957
145.00,0.3560,1.9126,3.0320,-0.2153,1.7873,-2.6371,-0.1500,1.9605,-3.1361
145.50,0.3560,1.9052,3.0827,-0.2101,1.7903,-2.5838,-0.1929,1.9087,-3.1401
146.00,0.3560,1.8974,3.1354,-0.2028,1.7952,-2.5289,-0.1952,1.8967,-3.0977
146.50,0.3560,1.8895,-3.0947,-0.2080,1.7912,-2.4731,-0.2018,1.8962,-3.0420
147.00,0.3560,1.8821,-3.0436,-0.2141,1.7861,-2.4203,-0.2097,1.8952,-2.9892
147.50,0.3560,1.8751,-2.9942,-0.2193,1.7813,-2.3683,-0.2167,1.8939,-2.9372
148.00,0.3559,1.8686,-2.9466,-0.2229,1.7777,-2.3188,-0.2216,1.8928,-2.8877
148.50,0.3559,1.8626,-2.9004,-0.2269,1.7732,-2.2700,-0.2274,1.8911,-2.8389
149.00,0.3559,1.8570,-2.8557,-0.2301,1.7692,-2.2229,-0.2323,1.8895,-2.7917
149.50,0.3558,1.8520,-2.8123,-0.2326,1.7657,-2.1774,-0.2363,1.8879,-2.7462
150.00,0.3558,1.8474,-2.7701,-0.2357,1.7611,-2.1325,-0.2413,1.8857,-2.7013
150.50,0.3558,1.8434,-2.7291,-0.2381,1.7571,-2.0890,-0.2455,1.8836,-2.6578
151.00,0.3557,1.8398,-2.6893,-0.2397,1.7540,-2.0462,-0.2485,1.8820,-2.6151
151.50,0.3557,1.8367,-2.6505,-0.2413,1.7509,-2.0045,-0.2088,1.8253,-2.6013
152.00,0.3556,1.8341,-2.6127,-0.2422,1.7488,-1.9643,-0.2107,1.8242,-2.5611
152.50,0.3556,1.8319,-2.5759,-0.2427,1.7475,-1.9250,-0.2119,1.8233,-2.5218
153.00,0.3555,1.8302,-2.5401,-0.2434,1.7457,-1.8874,-0.2134,1.8222,-2.4842
153.50,0.3555,1.8289,-2.5052,-0.2438,1.7444,-1.8501,-0.2145,1.8214,-2.4469
154.00,0.3554,1.8281,-2.4712,-0.2440,1.7435,-1.8137,-0.2152,1.8207,-2.4105
154.50,0.3554,1.8278,-2.4380,-0.2441,1.7430,-1.7784,-0.2155,1.8204,-2.3752
155.00,0.3554,1.8278,-2.4055,-0.2441,1.7430,-1.7434,-0.2155,1.8204,-2.3402
155.50,0.3543,1.8265,-2.3683,-0.2444,1.7414,-1.7057,-0.2167,1.8192,-2.3025
156.00,0.3231,1.7924,-2.2431,-0.2475,1.6973,-1.5773,-0.2440,1.7845,-2.1741
156.50,0.2834,1.7398,-2.1263,-0.2439,1.6324,-1.4582,-0.2755,1.7271,-2.0760
157.00,0.2781,1.7318,-2.0882,-0.2426,1.6222,-1.4185,-0.2703,1.7181,-2.0363
157.50,0.2809,1.7319,-2.0501,-0.2430,1.6244,-1.3779,-0.2694,1.7201,-1.9956
158.00,0.2841,1.7319,-2.0110,-0.2436,1.6274,-1.3354,-0.2682,1.7229,-1.9531
158.50,0.2878,1.7320,-1.9708,-0.2446,1.6311,-1.2929,-0.2668,1.7265,-1.9107
159.00,0.2921,1.7320,-1.9294,-0.2457,1.6344,-1.2494,-0.2658,1.7298,-1.8671
159.50,0.2943,1.7000,-1.8027,-0.2345,1.6068,-1.1276,-0.2727,1.7008,-1.7453
160.00,0.2932,1.6047,-1.6942,-0.1870,1.5225,-1.0171,-0.2621,1.5844,-1.6418
160.50,0.2754,1.4760,-1.7506,-0.1181,1.4077,-1.0706,-0.2650,1.4592,-1.6988
161.00,0.2482,1.3498,-1.8488,-0.0626,1.2893,-1.1699,-0.2876,1.3325,-1.8016
161.50,0.2157,1.2325,-1.7808,-0.0147,1.1820,-1.1036,-0.2936,1.2172,-1.7353
162.00,0.1912,1.1210,-1.5193,0.0495,1.0833,-0.8442,-0.2963,1.0989,-1.4776
162.50,0.1786,1.0191,-1.2169,0.1291,1.0165,-0.5387,-0.3056,1.0001,-1.1669
163.00,0.2161,0.9093,-0.9871,0.2370,0.9681,-0.3091,-0.2793,0.8984,-0.9391
163.50,0.2891,0.8145,-0.7939,0.3631,0.9418,-0.1154,-0.2273,0.7897,-0.7482
164.00,0.3465,0.7621,-0.6266,0.4409,0.9386,0.0536,-0.1629,0.7514,-0.5780
164.50,0.3604,0.7429,-0.4413,0.4665,0.9416,0.2412,-0.1158,0.7385,-0.3905
165.00,0.3602,0.7366,-0.2541,0.4733,0.9438,0.4328,-0.1241,0.7267,-0.2024
165.50,0.3602,0.7377,-0.2014,0.4727,0.9434,0.4872,-0.1248,0.7267,-0.1480
166.00,0.3638,0.7368,-0.2116,0.4755,0.9447,0.4833,-0.1217,0.7261,-0.1519
166.50,0.4144,0.7268,-0.3435,0.5213,0.9650,0.3583,-0.0728,0.7153,-0.2769
167.00,0.5189,0.6906,-0.4185,0.6297,0.9994,0.2840,0.0090,0.6801,-0.3721
167.50,0.6292,0.6413,-0.3397,0.7486,1.0372,0.3600,0.1023,0.6442,-0.2979
168.00,0.7386,0.6003,-0.0960,0.8545,1.0912,0.6031,0.2255,0.6186,-0.0531
168.50,0.8645,0.5766,0.0963,0.9567,1.1794,0.7991,0.3538,0.6114,0.1447
169.00,0.9408,0.5821,0.1183,1.0117,1.2383,0.8225,0.4228,0.6058,0.1664
169.50,0.9553,0.5838,0.1183,1.0230,1.2506,0.8250,0.4334,0.5995,0.1671
170.00,0.9356,0.5815,0.1183,1.0080,1.2342,0.8276,0.4115,0.5957,0.1698
170.50,0.9157,0.5791,0.1183,0.9938,1.2186,0.8298,0.3907,0.5921,0.1720
171.00,0.8959,0.5768,0.1183,0.9799,1.2034,0.8316,0.3704,0.5885,0.1737
171.50,0.8760,0.5744,0.1183,0.9664,1.1886,0.8338,0.3507,0.5850,0.1759
172.00,0.8562,0.5720,0.1183,0.9531,1.1739,0.8357,0.3312,0.5815,0.1779
172.50,0.8363,0.5697,0.1183,0.9397,1.1591,0.8378,0.3116,0.5780,0.1799
173.00,0.8164,0.5673,0.1183,0.9255,1.1433,0.8393,0.2986,0.5782,0.1675
173.50,0.7966,0.5650,0.1183,0.9127,1.1289,0.8412,0.2796,0.5749,0.1694
174.00,0.7767,0.5626,0.1183,0.8997,1.1144,0.8435,0.2604,0.5716,0.1717
174.50,0.7569,0.5602,0.1183,0.8874,1.1005,0.8462,0.2421,0.5684,0.1743
175.00,0.7370,0.5579,0.1183,0.8758,1.0874,0.8490,0.2250,0.5654,0.1772
175.50,0.7171,0.5555,0.1183,0.8638,1.0738,0.8506,0.2094,0.5601,0.1683
176.00,0.6973,0.5531,0.1183,0.8507,1.0588,0.8527,0.1898,0.5567,0.1704
176.50,0.6774,0.5508,0.1183,0.8374,1.0435,0.8550,0.1699,0.5533,0.1727
177.00,0.6576,0.5484,0.1183,0.8225,1.0263,0.8571,0.1474,0.5493,0.1748
177.50,0.6377,0.5461,0.1183,0.8080,1.0096,0.8590,0.1192,0.5482,0.1680
178.00,0.6178,0.5437,0.1183,0.7944,0.9938,0.8612,0.0987,0.5447,0.1702
178.50,0.5987,0.5414,0.1183,0.7827,0.9801,0.8636,0.0810,0.5416,0.1726
179.00,0.5977,0.5413,0.1183,0.7818,0.9791,0.8656,0.0797,0.5414,0.1746
179.50,0.5977,0.5413,0.1183,0.7818,0.9791,0.8675,0.0797,0.5414,0.1765
180.00,0.5977,0.5413,0.1183,0.7818,0.9791,0.8693,0.0797,0.5414,0.1783
180.50,0.5977,0.5413,0.1183,0.7818,0.9791,0.8718,0.0797,0.5414,0.1808
181.00,0.6314,0.5368,0.0155,0.8042,1.0037,0.7802,0.1126,0.5461,0.0892
181.50,0.7278,0.5218,-0.1022,0.8805,1.0681,0.6599,0.2124,0.5471,-0.0312
182.00,0.8571,0.5101,-0.0573,0.9737,1.1420,0.7087,0.3273,0.5220,-0.0085
182.50,0.9871,0.5076,0.0174,1.0742,1.2381,0.7914,0.4696,0.5290,0.0689
183.00,1.1171,0.5053,-0.0099,1.1693,1.3318,0.7659,0.5920,0.5326,0.0399
183.50,1.2470,0.4966,-0.0477,1.2668,1.4223,0.7301,0.7335,0.5327,0.0007
184.00,1.3768,0.4874,-0.0452,1.3701,1.5135,0.7360,0.8645,0.5287,0.0031
184.50,1.5068,0.4853,-0.0220,1.4682,1.6060,0.7637,0.9861,0.5291,0.0273
185.00,1.6365,0.4759,-0.1067,1.5660,1.6938,0.6791,1.1104,0.5291,-0.0573
185.50,1.7652,0.4578,-0.1511,1.6697,1.7719,0.6329,1.2388,0.5108,-0.1058
186.00,1.8940,0.4425,-0.1217,1.7719,1.8493,0.6644,1.3639,0.4992,-0.0755
186.50,2.0236,0.4342,-0.0111,1.8732,1.9380,0.7825,1.5036,0.4970,0.0391
187.00,2.1536,0.4323,-0.0346,1.9679,2.0329,0.7610,1.6307,0.5027,0.0176
187.50,2.2829,0.4231,-0.1490,2.0670,2.1160,0.6442,1.7451,0.4976,-0.1061
188.00,2.4113,0.4021,-0.1807,2.1713,2.1928,0.6183,1.8738,0.4829,-0.1331
188.50,2.5381,0.3715,-0.2675,2.2784,2.2630,0.5328,2.0001,0.4615,-0.2228
189.00,2.6627,0.3315,-0.3140,2.3958,2.3295,0.4902,2.1329,0.4294,-0.2654
189.50,2.7852,0.2843,-0.3575,2.5144,2.3888,0.4480,2.2581,0.3814,-0.3111
190.00,2.9081,0.2434,-0.3014,2.6332,2.4501,0.5098,2.3847,0.3442,-0.2527
190.50,3.0320,0.2036,-0.3404,2.7473,2.5132,0.4733,2.5126,0.3110,-0.2893
191.00,3.1216,0.1655,-0.3898,2.8387,2.5572,0.4252,2.5992,0.2802,-0.3437
191.50,3.1524,0.1491,-0.4300,2.8741,2.5725,0.3860,2.6251,0.2662,-0.3801
192.00,3.1526,0.1457,-0.4694,2.8774,2.5739,0.3492,2.6285,0.2648,-0.4169
192.50,3.1526,0.1428,-0.5077,2.8799,2.5748,0.3132,2.6309,0.2638,-0.4528
193.00,3.1527,0.1404,-0.5451,2.8829,2.5757,0.2777,2.6337,0.2624,-0.4883
193.50,3.1527,0.1384,-0.5814,2.8848,2.5763,0.2435,2.6264,0.2533,-0.5330
194.00,3.1528,0.1369,-0.6169,2.8867,2.5767,0.2101,2.6280,0.2523,-0.5664
194.50,3.1528,0.1358,-0.6514,2.8873,2.5768,0.1780,2.6285,0.2519,-0.5986
195.00,3.1529,0.1352,-0.6850,2.8880,2.5769,0.1468,2.6291,0.2515,-0.6297
195.50,3.1529,0.1350,-0.7178,2.8882,2.5770,0.1165,2.6293,0.2514,-0.6601
196.00,3.1532,0.1351,-0.7505,2.8887,2.5770,0.0856,2.6297,0.2511,-0.6909
196.50,3.1535,0.1352,-0.7844,2.8890,2.5771,0.0538,2.6300,0.2509,-0.7227
197.00,3.1536,0.1350,-0.8183,2.8894,2.5771,0.0221,2.6302,0.2506,-0.7545
197.50,3.1536,0.1348,-0.8511,2.8894,2.5771,-0.0079,2.6303,0.2506,-0.7844
198.00,3.1535,0.1349,-0.8838,2.8893,2.5771,-0.0388,2.6302,0.2507,-0.8153
198.50,3.1529,0.1349,-0.9174,2.8884,2.5771,-0.0710,2.6295,0.2514,-0.8475
199.00,3.1519,0.1350,-0.9519,2.8882,2.5771,-0.1029,2.6294,0.2515,-0.8795
199.50,3.1504,0.1350,-0.9872,2.8865,2.5773,-0.1359,2.6284,0.2528,-0.9124
200.00,3.1485,0.1351,-1.0235,2.8858,2.5775,-0.1702,2.6279,0.2534,-0.9467
200.50,3.1461,0.1351,-1.0608,2.8832,2.5779,-0.2050,2.6265,0.2556,-0.9815
201.00,3.1432,0.1352,-1.0991,2.8807,2.5785,-0.2409,2.6251,0.2577,-1.0175
201.50,3.1399,0.1352,-1.1384,2.8778,2.5793,-0.2779,2.6235,0.2603,-1.0545
202.00,3.1360,0.1353,-1.1789,2.8737,2.5805,-0.3160,2.6215,0.2641,-1.0925
202.50,3.1317,0.1353,-1.2204,2.8694,2.5820,-0.3552,2.6195,0.2681,-1.1318
203.00,3.1269,0.1353,-1.2632,2.8636,2.5843,-0.3956,2.6170,0.2739,-1.1721
203.50,3.1216,0.1354,-1.3073,2.8598,2.5860,-0.4372,2.6154,0.2778,-1.2137
204.00,3.1159,0.1354,-1.3527,2.8555,2.5881,-0.4802,2.6138,0.2823,-1.2567
204.50,3.1096,0.1354,-1.3996,2.8501,2.5911,-0.5244,2.6120,0.2882,-1.3010
205.00,3.1029,0.1354,-1.4480,2.8453,2.5940,-0.5710,2.6107,0.2936,-1.3475
205.50,3.0956,0.1355,-1.4983,2.8383,2.5988,-0.6189,2.6090,0.3019,-1.3955
206.00,3.0880,0.1355,-1.5504,2.8327,2.6029,-0.6685,2.5895,0.2607,-1.5009
206.50,3.0800,0.1355,-1.6038,2.8330,2.6027,-0.7191,2.5895,0.2603,-1.5515
207.00,3.0724,0.1355,-1.6554,2.8387,2.5974,-0.7681,2.5894,0.2525,-1.6004
207.50,3.0653,0.1354,-1.7052,2.8432,2.5928,-0.8161,2.5891,0.2461,-1.6484
208.00,3.0587,0.1354,-1.7533,2.8484,2.5870,-0.8616,2.5883,0.2383,-1.6940
208.50,3.0525,0.1354,-1.7998,2.8529,2.5815,-0.9067,2.5873,0.2313,-1.7391
209.00,3.0469,0.1354,-1.8449,2.8568,2.5763,-0.9496,2.5861,0.2250,-1.7820
209.50,3.0417,0.1353,-1.8887,2.8605,2.5710,-0.9911,2.5846,0.2187,-1.8234
210.00,3.0370,0.1353,-1.9312,2.8631,2.5669,-1.0311,2.5833,0.2140,-1.8634
210.50,3.0328,0.1353,-1.9725,2.8656,2.5624,-1.0704,2.5817,0.2091,-1.9028
211.00,3.0293,0.1352,-2.0108,2.8670,2.5599,-1.1086,2.5807,0.2064,-1.9410
211.50,3.0262,0.1352,-2.0496,2.8686,2.5565,-1.1453,2.5044,0.2409,-2.0056
212.00,3.0234,0.1351,-2.0877,2.8701,2.5530,-1.1815,2.5027,0.2375,-2.0418
212.50,3.0211,0.1351,-2.1248,2.8709,2.5508,-1.2158,2.5016,0.2354,-2.0761
213.00,3.0193,0.1350,-2.1610,2.8714,2.5495,-1.2500,2.5009,0.2342,-2.1103
213.50,3.0179,0.1350,-2.1962,2.8717,2.5485,-1.2833,2.5004,0.2334,-2.1436
214.00,3.0169,0.1349,-2.2305,2.8719,2.5477,-1.3146,2.4999,0.2326,-2.1749
214.50,3.0164,0.1349,-2.2639,2.8721,2.5471,-1.3453,2.4996,0.2322,-2.2056
215.00,3.0163,0.1348,-2.2964,2.8721,2.5470,-1.3753,2.4995,0.2320,-2.2356
215.50,3.0164,0.1344,-2.3295,2.8722,2.5466,-1.4055,2.4992,0.2317,-2.2658
216.00,3.0165,0.1342,-2.3635,2.8722,2.5465,-1.4374,2.4992,0.2317,-2.2977
216.50,3.0162,0.1341,-2.3972,2.8722,2.5463,-1.4687,2.4990,0.2315,-2.3290
217.00,3.0161,0.1341,-2.4298,2.8722,2.5461,-1.4990,2.4989,0.2313,-2.3593
217.50,3.0162,0.1343,-2.4627,2.8722,2.5463,-1.5298,2.4990,0.2315,-2.3901
218.00,3.0162,0.1350,-2.4965,2.8722,2.5470,-1.5613,2.4995,0.2320,-2.4216
218.50,3.0163,0.1362,-2.5312,2.8722,2.5482,-1.5939,2.5004,0.2327,-2.4542
219.00,3.0163,0.1378,-2.5668,2.8723,2.5494,-1.6275,2.5014,0.2335,-2.4877
219.50,3.0164,0.1398,-2.6033,2.8724,2.5509,-1.6619,2.5026,0.2344,-2.5222
220.00,3.0164,0.1423,-2.6408,2.8726,2.5535,-1.6971,2.5047,0.2359,-2.5574
220.50,3.0165,0.1453,-2.6794,2.8731,2.5568,-1.7327,2.5076,0.2377,-2.5930
221.00,3.0165,0.1488,-2.7190,2.8739,2.5608,-1.7699,2.5111,0.2397,-2.6302
221.50,3.0166,0.1527,-2.7597,2.8744,2.5634,-1.8082,2.5134,0.2410,-2.6685
222.00,3.0166,0.1571,-2.8015,2.8759,2.5692,-1.8479,2.5188,0.2436,-2.7082
222.50,3.0166,0.1620,-2.8446,2.8772,2.5734,-1.8886,2.5229,0.2454,-2.7489
223.00,3.0167,0.1674,-2.8890,2.8788,2.5779,-1.9304,2.5273,0.2471,-2.7906
223.50,3.0167,0.1733,-2.9348,2.8807,2.5826,-1.9739,2.5321,0.2488,-2.8342
224.00,3.0167,0.1797,-2.9820,2.8836,2.5890,-2.0186,2.5388,0.2507,-2.8789
224.50,2.9831,0.1900,-3.1333,2.8661,2.5580,-2.1578,2.5039,0.2438,-3.0181
225.00,2.8866,0.2103,3.0194,2.8047,2.4808,-2.2897,2.4053,0.2399,3.1332
225.50,2.7667,0.2246,3.0775,2.7238,2.3860,-2.2337,2.2490,0.3171,3.1194
226.00,2.6431,0.2300,3.1193,2.6479,2.2803,-2.1862,2.1107,0.3152,-3.1127
226.50,2.5135,0.2391,3.0181,2.5637,2.1732,-2.2901,1.9678,0.3246,3.0630
227.00,2.3845,0.2533,3.0404,2.4760,2.0724,-2.2648,1.8538,0.3336,3.0865
227.50,2.2549,0.2597,3.0807,2.3941,1.9690,-2.2198,1.7298,0.3372,3.1287
228.00,2.1251,0.2655,3.0902,2.3140,1.8617,-2.2074,1.5803,0.3383,3.1387
228.50,1.9953,0.2707,3.0967,2.2373,1.7570,-2.1982,1.4649,0.3380,-3.1376
229.00,1.8654,0.2773,3.0931,2.1615,1.6526,-2.1995,1.3520,0.3378,3.1408
229.50,1.7356,0.2828,3.0971,2.0854,1.5472,-2.1931,1.2203,0.3376,-3.1371
230.00,1.6057,0.2896,3.0899,2.0069,1.4381,-2.1982,1.0790,0.3345,3.1375
230.50,1.4759,0.2971,3.0878,1.9291,1.3314,-2.1991,0.9498,0.3355,3.1342
231.00,1.3461,0.3038,3.0886,1.8504,1.2226,-2.1963,0.8195,0.3366,3.1371
231.50,1.2162,0.3087,3.0988,1.7736,1.1150,-2.1841,0.7012,0.3370,-3.1363
232.00,1.0863,0.3139,3.0983,1.6963,1.0047,-2.1839,0.5565,0.3361,-3.1385
232.50,0.9564,0.3192,3.1003,1.6239,0.9014,-2.1797,0.4393,0.3347,-3.1354
233.00,0.8266,0.3245,3.0984,1.5502,0.7953,-2.1807,0.3073,0.3337,-3.1376
233.50,0.6967,0.3281,3.1095,1.4757,0.6877,-2.1685,0.1869,0.3329,-3.1265
234.00,0.5667,0.3302,3.1062,1.4025,0.5783,-2.1689,0.0662,0.3295,-3.1293
234.50,0.4368,0.3369,3.0955,1.3291,0.4732,-2.1798,-0.0470,0.3293,-3.1413
235.00,0.3069,0.3407,3.0965,1.2543,0.3641,-2.1763,-0.2023,0.3284,-3.1389
235.50,0.1771,0.3469,3.1024,1.1807,0.2587,-2.1714,-0.3255,0.3289,-3.1375
236.00,0.0471,0.3468,3.1252,1.1085,0.1490,-2.1448,-0.4533,0.3253,-3.1089
236.50,-0.0828,0.3542,3.0792,1.0386,0.0473,-2.1947,-0.5830,0.3195,3.1236
237.00,-0.2126,0.3601,3.0911,0.9638,-0.0589,-2.1794,-0.7039,0.3263,3.1398
237.50,-0.3423,0.3690,3.0774,0.8850,-0.1691,-2.1962,-0.8436,0.3242,3.1220
238.00,-0.4722,0.3724,3.1211,0.8079,-0.2814,-2.1485,-0.9743,0.3268,-3.1126
238.50,-0.6021,0.3792,3.0791,0.7317,-0.3929,-2.1957,-1.1058,0.3209,3.1229
239.00,-0.7319,0.3842,3.1117,0.6524,-0.5055,-2.1627,-1.2423,0.3223,-3.1250
239.50,-0.8618,0.3801,-3.0931,0.5836,-0.6158,-2.0855,-1.3599,0.3147,-3.0478
240.00,-0.9912,0.3668,-3.0043,0.5242,-0.7337,-1.9929,-1.4887,0.2961,-2.9552
240.50,-1.1201,0.3508,-3.0264,0.4669,-0.8599,-2.0160,-1.6185,0.2705,-2.9811
241.00,-1.2490,0.3322,-2.9979,0.4132,-0.9761,-1.9830,-1.7510,0.2486,-2.9488
241.50,-1.3778,0.3156,-3.0113,0.3600,-1.0956,-1.9977,-1.8632,0.2243,-2.9670
242.00,-1.5064,0.2933,-2.9709,0.3059,-1.2213,-1.9527,-1.9939,0.1978,-2.9220
242.50,-1.6346,0.2724,-2.9832,0.2543,-1.3478,-1.9656,-2.1274,0.1687,-2.9349
243.00,-1.7625,0.2467,-2.9274,0.2051,-1.4733,-1.9092,-2.2586,0.1381,-2.8820
243.50,-1.8893,0.2177,-2.9383,0.1608,-1.6031,-1.9174,-2.3661,0.1013,-2.8896
244.00,-2.0171,0.1959,-2.9653,0.1148,-1.7233,-1.9437,-2.5059,0.0716,-2.9165
244.50,-2.1455,0.1765,-3.0243,0.0659,-1.8424,-2.0016,-2.6301,0.0449,-2.9779
245.00,-2.2747,0.1620,-3.0096,0.0119,-1.9581,-1.9851,-2.7479,0.0246,-2.9648
245.50,-2.4026,0.1394,-2.9449,-0.0372,-2.0851,-1.9159,-2.8826,-0.0050,-2.8928
246.00,-2.5306,0.1177,-2.9669,-0.0841,-2.2088,-1.9392,-2.9994,-0.0259,-2.9225
246.50,-2.6584,0.0945,-2.9809,-0.1321,-2.3364,-1.9509,-3.1459,-0.0582,-2.9342
247.00,-2.7868,0.0743,-2.9606,-0.1827,-2.4623,-1.9287,-3.2852,-0.0839,-2.9120
247.50,-2.9133,0.0453,-2.8610,-0.2227,-2.5890,-1.8245,-3.3864,-0.1210,-2.8112
248.00,-3.0378,0.0083,-2.8439,-0.2540,-2.7167,-1.8062,-3.5264,-0.1557,-2.7999
248.50,-3.1616,-0.0323,-2.8385,-0.2837,-2.8479,-1.7960,-3.6390,-0.2124,-2.7897
249.00,-3.2876,-0.0649,-2.9701,-0.3198,-2.9724,-1.9273,-3.7666,-0.2401,-2.9210
249.50,-3.4163,-0.0870,-3.0078,-0.3675,-3.0894,-1.9636,-3.8806,-0.2643,-2.9643
250.00,-3.5440,-0.1106,-2.8726,-0.4120,-3.2164,-1.8230,-4.0115,-0.3058,-2.8272
250.50,-3.6667,-0.1452,-2.7673,-0.4363,-3.3466,-1.7129,-4.1443,-0.3552,-2.7171
251.00,-3.7883,-0.1901,-2.8216,-0.4575,-3.4820,-1.7638,-4.2497,-0.4004,-2.7715
251.50,-3.9146,-0.2265,-3.0059,-0.4957,-3.6141,-1.9479,-4.3881,-0.4288,-2.9591
252.00,-4.0441,-0.2468,-3.0698,-0.5488,-3.7328,-2.0102,-4.5004,-0.4569,-3.0249
252.50,-4.1731,-0.2616,-2.9518,-0.6017,-3.8602,-1.8875,-4.6347,-0.4814,-2.9050
253.00,-4.2983,-0.2855,-2.7919,-0.6322,-3.9869,-1.7230,-4.7504,-0.5202,-2.7411
253.50,-4.4188,-0.3289,-2.7420,-0.6480,-4.1176,-1.6723,-4.8681,-0.5655,-2.6940
254.00,-4.5401,-0.3746,-2.8342,-0.6661,-4.2514,-1.7654,-4.9933,-0.6103,-2.7906
254.50,-4.6657,-0.4112,-2.9186,-0.6979,-4.3819,-1.8457,-5.1178,-0.6525,-2.8708
255.00,-4.7934,-0.4382,-2.9632,-0.7409,-4.5152,-1.8937,-5.2575,-0.6835,-2.9223
255.50,-4.9201,-0.4668,-2.8578,-0.7766,-4.6411,-1.7847,-5.3738,-0.7178,-2.8098
256.00,-5.0429,-0.5046,-2.7604,-0.7970,-4.7663,-1.6860,-5.4914,-0.7657,-2.7181
256.50,-5.1620,-0.5531,-2.7156,-0.8076,-4.8925,-1.6380,-5.5851,-0.8213,-2.6666
257.00,-5.2816,-0.6022,-2.7632,-0.8189,-5.0155,-1.6871,-5.7063,-0.8751,-2.7192
257.50,-5.4019,-0.6525,-2.7258,-0.8326,-5.1427,-1.6502,-5.8506,-0.9289,-2.6852
258.00,-5.5140,-0.7114,-2.5575,-0.8337,-5.2722,-1.4790,-5.9543,-0.9940,-2.5146
258.50,-5.6121,-0.7882,-2.3674,-0.8097,-5.3977,-1.2852,-6.0481,-1.0789,-2.3237
259.00,-5.6992,-0.8840,-2.2645,-0.7658,-5.5201,-1.1794,-6.1428,-1.1691,-2.2220
259.50,-5.7785,-0.9866,-2.1958,-0.7101,-5.6432,-1.1081,-6.2165,-1.2829,-2.1506
260.00,-5.8535,-1.0926,-2.2018,-0.6498,-5.7616,-1.1108,-6.2831,-1.3909,-2.1534
260.50,-5.9337,-1.1956,-2.2433,-0.5943,-5.8809,-1.1512,-6.3662,-1.4991,-2.2007
261.00,-5.9929,-1.2711,-2.2165,-0.5524,-5.9720,-1.1214,-6.4259,-1.5810,-2.1744
261.50,-6.0129,-1.2978,-2.1819,-0.5365,-6.0037,-1.0841,-6.4460,-1.6102,-2.1336
262.00,-6.0117,-1.2978,-2.1463,-0.5371,-6.0029,-1.0459,-6.4456,-1.6093,-2.0955
262.50,-6.0097,-1.2978,-2.1098,-0.5385,-6.0007,-1.0071,-6.4443,-1.6070,-2.0567
263.00,-6.0072,-1.2977,-2.0723,-0.5393,-5.9995,-0.9672,-6.4437,-1.6057,-2.0167
263.50,-6.0042,-1.2977,-2.0338,-0.5413,-5.9967,-0.9271,-6.4423,-1.6025,-1.9766
264.00,-6.0007,-1.2976,-1.9942,-0.5437,-5.9936,-0.8844,-6.4408,-1.5989,-1.9340
264.50,-5.9968,-1.2976,-1.9535,-0.5461,-5.9908,-0.8414,-6.4396,-1.5955,-1.8909
265.00,-5.9924,-1.2976,-1.9117,-0.5489,-5.9879,-0.7976,-6.4384,-1.5916,-1.8472
265.50,-5.9875,-1.2975,-1.8686,-0.5519,-5.9850,-0.7522,-6.4374,-1.5875,-1.8018
266.00,-5.9821,-1.2975,-1.8243,-0.5557,-5.9816,-0.7053,-6.4363,-1.5826,-1.7548
266.50,-5.9762,-1.2975,-1.7785,-0.5598,-5.9782,-0.6576,-6.4355,-1.5773,-1.7071
267.00,-5.9698,-1.2974,-1.7313,-0.5645,-5.9748,-0.6077,-6.4348,-1.5715,-1.6573
267.50,-5.9630,-1.2974,-1.6824,-0.5704,-5.9710,-0.5568,-6.4344,-1.5645,-1.6063
268.00,-5.9557,-1.2974,-1.6318,-0.5763,-5.9675,-0.5038,-6.3872,-1.5980,-1.5883
268.50,-5.9479,-1.2974,-1.5792,-0.5841,-5.9634,-0.4491,-6.3872,-1.5892,-1.5336
269.00,-5.9400,-1.2974,-1.5261,-0.5798,-5.9653,-0.3935,-6.3869,-1.5939,-1.4780
269.50,-5.9325,-1.2974,-1.4748,-0.5731,-5.9679,-0.3401,-6.3860,-1.6010,-1.4245
270.00,-5.9255,-1.2974,-1.4255,-0.5670,-5.9699,-0.2881,-6.3849,-1.6074,-1.3726
270.50,-5.9190,-1.2975,-1.3777,-0.5608,-5.9715,-0.2383,-6.3835,-1.6136,-1.3227
271.00,-5.9142,-1.2975,-1.3413,-0.5558,-5.9726,-0.1976,-6.3821,-1.6185,-1.2820
271.50,-5.9142,-1.2975,-1.3413,-0.5558,-5.9726,-0.1956,-6.3821,-1.6185,-1.2801
272.00,-5.9142,-1.2975,-1.3413,-0.5558,-5.9726,-0.1930,-6.3821,-1.6185,-1.2775
272.50,-5.9142,-1.2975,-1.3413,-0.5558,-5.9726,-0.1908,-6.3821,-1.6185,-1.2752
273.00,-5.9142,-1.2975,-1.3413,-0.5558,-5.9726,-0.1884,-6.3821,-1.6185,-1.2728
273.50,-5.9142,-1.2975,-1.3413,-0.5558,-5.9726,-0.1858,-6.3821,-1.6185,-1.2703
274.00,-5.9142,-1.2975,-1.3413,-0.5558,-5.9726,-0.1833,-6.3821,-1.6185,-1.2678
274.50,-5.9142,-1.2975,-1.3413,-0.5558,-5.9726,-0.1810,-6.3821,-1.6185,-1.2655
275.00,-5.9142,-1.2975,-1.3413,-0.5558,-5.9726,-0.1789,-6.3821,-1.6185,-1.2633
275.50,-5.9142,-1.2975,-1.3413,-0.5558,-5.9726,-0.1767,-6.3821,-1.6185,-1.2612
276.00,-5.9146,-1.2975,-1.3508,-0.5562,-5.9726,-0.1829,-6.3823,-1.6181,-1.2673
276.50,-5.9202,-1.2975,-1.3976,-0.5625,-5.9712,-0.2276,-6.3840,-1.6119,-1.3120
277.00,-5.9269,-1.2974,-1.4460,-0.5692,-5.9695,-0.2740,-6.3857,-1.6053,-1.3585
277.50,-5.9324,-1.2974,-1.4843,-0.5743,-5.9680,-0.3126,-6.3867,-1.6000,-1.3971
278.00,-5.9273,-1.2974,-1.3786,-0.5698,-5.9692,-0.2047,-6.3857,-1.6046,-1.2891
278.50,-5.9133,-1.2976,-1.1658,-0.5572,-5.9702,0.0131,-6.3807,-1.6161,-1.0714
279.00,-5.8998,-1.2978,-0.9757,-0.5444,-5.9689,0.2060,-6.3735,-1.6269,-0.8785
279.50,-5.8970,-1.2980,-0.8404,-0.5419,-5.9683,0.3457,-6.3718,-1.6288,-0.7388
280.00,-5.8971,-1.2978,-0.8096,-0.5422,-5.9684,0.3766,-6.3720,-1.6286,-0.7078
280.50,-5.8972,-1.2977,-0.7755,-0.5423,-5.9685,0.4134,-6.3721,-1.6285,-0.6711
281.00,-5.8976,-1.2978,-0.7419,-0.5427,-5.9686,0.4492,-6.3725,-1.6282,-0.6352
281.50,-5.8978,-1.2978,-0.7093,-0.5430,-5.9688,0.4837,-6.3727,-1.6281,-0.6007
282.00,-5.8978,-1.2975,-0.6764,-0.5436,-5.9691,0.5187,-6.3733,-1.6277,-0.5658
282.50,-5.8979,-1.2968,-0.6425,-0.5443,-5.9695,0.5552,-6.3740,-1.6272,-0.5293
283.00,-5.8979,-1.2956,-0.6078,-0.5454,-5.9702,0.5919,-6.3751,-1.6266,-0.4926
283.50,-5.8980,-1.2940,-0.5721,-0.5464,-5.9709,0.6305,-6.3762,-1.6261,-0.4540
284.00,-5.8980,-1.2919,-0.5355,-0.5476,-5.9719,0.6693,-6.3776,-1.6254,-0.4151
284.50,-5.8981,-1.2894,-0.4979,-0.5495,-5.9734,0.7092,-6.3799,-1.6245,-0.3753
285.00,-5.8981,-1.2873,-0.4710,-0.5514,-5.9751,0.7380,-6.3822,-1.6236,-0.3465
285.50,-5.8981,-1.2873,-0.4710,-0.5514,-5.9751,0.7401,-6.3822,-1.6236,-0.3444
286.00,-5.9031,-1.2847,-0.4710,-0.5554,-5.9788,0.7438,-6.3874,-1.6218,-0.3407
286.50,-5.9210,-1.2757,-0.4710,-0.5701,-5.9923,0.7457,-6.4062,-1.6151,-0.3388
287.00,-5.9388,-1.2666,-0.4710,-0.5842,-6.0054,0.7476,-6.4243,-1.6087,-0.3369
287.50,-5.9566,-1.2575,-0.4710,-0.6008,-6.0207,0.7500,-6.4457,-1.6013,-0.3344
288.00,-5.9744,-1.2484,-0.4710,-0.6179,-6.0367,0.7527,-6.4099,-1.5538,-0.4225
288.50,-5.9922,-1.2394,-0.4710,-0.6315,-6.0495,0.7549,-6.4269,-1.5461,-0.4203
289.00,-6.0101,-1.2303,-0.4710,-0.6450,-6.0623,0.7568,-6.4439,-1.5386,-0.4184
289.50,-6.0279,-1.2212,-0.4710,-0.6602,-6.0766,0.7585,-6.4629,-1.5301,-0.4167
290.00,-6.0457,-1.2121,-0.4710,-0.6741,-6.0898,0.7602,-6.4795,-1.5203,-0.4254
290.50,-6.0635,-1.2031,-0.4710,-0.6911,-6.1060,0.7623,-6.5010,-1.5106,-0.4233
291.00,-6.0814,-1.1940,-0.4710,-0.7053,-6.1196,0.7651,-6.5189,-1.5026,-0.4206
291.50,-6.0992,-1.1849,-0.4710,-0.7194,-6.1332,0.7674,-6.5368,-1.4946,-0.4183
292.00,-6.1170,-1.1758,-0.4710,-0.7312,-6.1445,0.7695,-6.5517,-1.4879,-0.4162
292.50,-6.1298,-1.1692,-0.4667,-0.7433,-6.1563,0.7752,-6.5659,-1.4783,-0.4244
293.00,-6.1299,-1.1659,-0.4274,-0.7452,-6.1582,0.8178,-6.5684,-1.4772,-0.3819
293.50,-6.1299,-1.1620,-0.3869,-0.7477,-6.1611,0.8612,-6.5720,-1.4759,-0.3384
294.00,-6.1299,-1.1577,-0.3452,-0.7504,-6.1643,0.9049,-6.5760,-1.4746,-0.2948
294.50,-6.1300,-1.1528,-0.3022,-0.7533,-6.1681,0.9500,-6.5805,-1.4733,-0.2496
295.00,-6.1300,-1.1475,-0.2580,-0.7568,-6.1733,0.9967,-6.5867,-1.4719,-0.2029
295.50,-6.1300,-1.1416,-0.2124,-0.7600,-6.1786,1.0448,-6.5721,-1.4580,-0.1688
296.00,-6.1301,-1.1353,-0.1653,-0.7637,-6.1853,1.0936,-6.5797,-1.4569,-0.1200
296.50,-6.1301,-1.1285,-0.1166,-0.7665,-6.1912,1.1445,-6.5863,-1.4563,-0.0691
297.00,-6.1301,-1.1212,-0.0662,-0.7693,-6.1978,1.1975,-6.5934,-1.4560,-0.0161
297.50,-6.1301,-1.1135,-0.0138,-0.7719,-6.2048,1.2520,-6.6009,-1.4560,0.0384
298.00,-6.1301,-1.1055,0.0395,-0.7709,-6.2012,1.3072,-6.5972,-1.4557,0.0936
298.50,-6.1301,-1.0980,0.0909,-0.7689,-6.1931,1.3608,-6.5889,-1.4547,0.1472
299.00,-6.1301,-1.0910,0.1404,-0.7674,-6.1852,1.4126,-6.5809,-1.4534,0.1990
299.50,-6.1243,-1.0836,0.2042,-0.7659,-6.1737,1.4728,-6.5697,-1.4507,0.2592
300.00,-6.0681,-1.0675,0.3530,-0.7652,-6.1166,1.6207,-6.5159,-1.4314,0.4071
300.50,-5.9597,-1.0293,0.4263,-0.7757,-5.9991,1.6939,-6.4098,-1.3297,0.4698
301.00,-5.8416,-0.9759,0.4321,-0.7919,-5.8755,1.7023,-6.2991,-1.2723,0.4748
301.50,-5.7247,-0.9165,0.4810,-0.8124,-5.7441,1.7533,-6.1623,-1.2088,0.5258
302.00,-5.6136,-0.8488,0.6271,-0.8456,-5.6144,1.9041,-6.0614,-1.1336,0.6695
302.50,-5.5122,-0.7689,0.7073,-0.8959,-5.4896,1.9868,-5.9801,-1.0450,0.7523
303.00,-5.4300,-0.6997,0.6814,-0.9405,-5.3870,1.9631,-5.8882,-0.9789,0.7251
303.50,-5.3943,-0.6716,0.6478,-0.9586,-5.3422,1.9320,-5.8474,-0.9472,0.6940
304.00,-5.3929,-0.6714,0.6133,-0.9591,-5.3408,1.8996,-5.8462,-0.9462,0.6616
304.50,-5.3930,-0.6730,0.5778,-0.9584,-5.3430,1.8668,-5.8480,-0.9476,0.6287
305.00,-5.3930,-0.6750,0.5413,-0.9579,-5.3446,1.8328,-5.8495,-0.9486,0.5948
305.50,-5.3931,-0.6774,0.5039,-0.9575,-5.3465,1.7977,-5.8511,-0.9496,0.5596
306.00,-5.3931,-0.6804,0.4654,-0.9566,-5.3505,1.7611,-5.8545,-0.9517,0.5231
306.50,-5.3932,-0.6838,0.4259,-0.9562,-5.3529,1.7244,-5.8567,-0.9529,0.4863
307.00,-5.3932,-0.6877,0.3853,-0.9558,-5.3562,1.6858,-5.8597,-0.9544,0.4478
307.50,-5.3932,-0.6921,0.3436,-0.9554,-5.3601,1.6467,-5.8633,-0.9560,0.4087
308.00,-5.3933,-0.6970,0.3006,-0.9551,-5.3646,1.6061,-5.8675,-0.9577,0.3680
308.50,-5.3933,-0.7023,0.2563,-0.9551,-5.3708,1.5638,-5.8732,-0.9598,0.3258
309.00,-5.3916,-0.7080,0.2059,-0.9552,-5.3741,1.5182,-5.8765,-0.9608,0.2802
309.50,-5.3459,-0.7187,0.0243,-0.9482,-5.3260,1.3440,-5.8287,-0.9517,0.1060
310.00,-5.2454,-0.7379,-0.1156,-0.9163,-5.2279,1.2140,-5.7255,-0.9498,-0.0240
310.50,-5.1864,-0.7446,-0.0968,-0.8967,-5.1751,1.2346,-5.6416,-1.0077,-0.0435
311.00,-5.1725,-0.7431,-0.0591,-0.8921,-5.1617,1.2752,-5.6187,-1.0167,-0.0135
311.50,-5.1398,-0.7328,0.0915,-0.8848,-5.1290,1.4155,-5.5852,-1.0145,0.1269
312.00,-5.0599,-0.7122,0.3090,-0.8821,-5.0444,1.6389,-5.5058,-0.9745,0.3572
312.50,-4.9685,-0.6819,0.3778,-0.8928,-4.9497,1.7104,-5.4240,-0.9371,0.4270
313.00,-4.8555,-0.6399,0.3126,-0.9075,-4.8280,1.6486,-5.3065,-0.8931,0.3617
313.50,-4.7575,-0.6015,0.0687,-0.9065,-4.7213,1.4156,-5.2078,-0.8634,0.1217
314.00,-4.6414,-0.5786,-0.2193,-0.8705,-4.6091,1.1280,-5.0849,-0.8468,-0.1729
314.50,-4.5167,-0.6023,-0.3171,-0.8089,-4.4972,1.0318,-4.9651,-0.8522,-0.2726
315.00,-4.4111,-0.6382,-0.2496,-0.7529,-4.4000,1.0989,-4.8374,-0.8659,-0.2055
315.50,-4.3014,-0.6657,-0.0141,-0.7134,-4.2959,1.3344,-4.7533,-0.8865,0.0301
316.00,-4.1719,-0.6754,0.1392,-0.6931,-4.1588,1.4921,-4.6094,-0.8800,0.1895
316.50,-4.0431,-0.6599,0.1034,-0.6828,-4.0321,1.4590,-4.4834,-0.8790,0.1529
317.00,-3.9134,-0.6514,-0.0973,-0.6557,-3.8993,1.2563,-4.3511,-0.8703,-0.0515
317.50,-3.7848,-0.6608,-0.1698,-0.6083,-3.7742,1.1852,-4.2158,-0.8739,-0.1244
318.00,-3.6560,-0.6775,-0.0587,-0.5623,-3.6460,1.2988,-4.0968,-0.8749,-0.0143
318.50,-3.5265,-0.6852,0.1544,-0.5418,-3.5176,1.5182,-3.9718,-0.8668,0.2051
319.00,-3.3988,-0.6674,0.1902,-0.5388,-3.3810,1.5565,-3.8377,-0.8500,0.2382
319.50,-3.2701,-0.6491,0.0652,-0.5298,-3.2452,1.4336,-3.7172,-0.8293,0.1136
320.00,-3.1403,-0.6395,-0.1166,-0.5014,-3.1194,1.2532,-3.5887,-0.8249,-0.0721
320.50,-3.0118,-0.6521,-0.1585,-0.4572,-2.9982,1.2131,-3.4604,-0.8286,-0.1139
321.00,-2.8827,-0.6670,-0.0123,-0.4198,-2.8782,1.3605,-3.3356,-0.8256,0.0317
321.50,-2.7533,-0.6712,0.1489,-0.4047,-2.7508,1.5264,-3.2012,-0.8097,0.1977
322.00,-2.6248,-0.6538,0.1285,-0.3997,-2.6216,1.5088,-3.0709,-0.8038,0.1783
322.50,-2.4952,-0.6424,0.0193,-0.3834,-2.4897,1.3971,-2.9414,-0.7882,0.0635
323.00,-2.3652,-0.6412,-0.0270,-0.3592,-2.3598,1.3561,-2.8068,-0.7812,0.0221
323.50,-2.2354,-0.6482,-0.0674,-0.3258,-2.2291,1.3129,-2.6805,-0.7828,-0.0243
324.00,-2.1055,-0.6520,-0.0262,-0.2963,-2.0993,1.3614,-2.5521,-0.7813,0.0240
324.50,-1.9757,-0.6591,-0.0535,-0.2654,-1.9694,1.3320,-2.4249,-0.7814,-0.0072
325.00,-1.8458,-0.6639,-0.0511,-0.2359,-1.8381,1.3393,-2.2768,-0.7801,-0.0017
325.50,-1.7160,-0.6713,-0.0486,-0.2055,-1.7128,1.3437,-2.1780,-0.7810,-0.0008
326.00,-1.5863,-0.6802,-0.0675,-0.1737,-1.5847,1.3246,-2.0330,-0.7831,-0.0199
326.50,-1.4564,-0.6830,0.0597,-0.1483,-1.4516,1.4560,-1.8915,-0.7777,0.1063
327.00,-1.3269,-0.6754,0.0842,-0.1357,-1.3143,1.4803,-1.7654,-0.7646,0.1306
327.50,-1.1976,-0.6615,0.1424,-0.1263,-1.1832,1.5410,-1.6359,-0.7448,0.1913
328.00,-1.0707,-0.6418,0.1419,-0.1242,-1.0460,1.5454,-1.4892,-0.7165,0.1940
328.50,-0.9534,-0.6289,-0.0520,-0.1120,-0.9267,1.3579,-1.3981,-0.7021,0.0012
329.00,-0.8250,-0.6302,-0.2199,-0.0735,-0.8062,1.1901,-1.2822,-0.7107,-0.1744
329.50,-0.6994,-0.6569,-0.2055,-0.0239,-0.6842,1.2039,-1.1645,-0.7210,-0.1606
330.00,-0.5710,-0.6778,-0.0106,0.0132,-0.5601,1.4009,-1.0213,-0.7298,0.0373
330.50,-0.4414,-0.6843,0.1277,0.0248,-0.4268,1.5427,-0.8974,-0.7162,0.1773
331.00,-0.3123,-0.6704,0.0739,0.0300,-0.2924,1.4918,-0.7636,-0.7097,0.1250
331.50,-0.1824,-0.6651,-0.0105,0.0470,-0.1647,1.4083,-0.6309,-0.7020,0.0374
332.00,-0.0524,-0.6622,0.0500,0.0653,-0.0290,1.4737,-0.5138,-0.6940,0.0983
332.50,0.0775,-0.6582,-0.0160,0.0802,0.0999,1.4060,-0.3749,-0.6831,0.0315
333.00,0.2073,-0.6632,-0.0650,0.1058,0.2285,1.3621,-0.2420,-0.6835,-0.0168
333.50,0.3369,-0.6735,-0.0644,0.1334,0.3517,1.3629,-0.0884,-0.6834,-0.0160
334.00,0.4667,-0.6799,-0.0611,0.1577,0.4758,1.3660,0.0192,-0.6833,-0.0155
334.50,0.5966,-0.6857,0.0065,0.1821,0.6057,1.4353,0.1775,-0.6820,0.0546
335.00,0.7259,-0.6825,0.1553,0.1884,0.7366,1.5920,0.2665,-0.6703,0.2061
335.50,0.8543,-0.6643,0.1392,0.1852,0.8674,1.5775,0.3972,-0.6526,0.1890
336.00,0.9834,-0.6528,0.0770,0.1876,0.9994,1.5192,0.5217,-0.6326,0.1246
336.50,1.1133,-0.6502,-0.0727,0.2030,1.1317,1.3669,0.6286,-0.6271,-0.0277
337.00,1.2425,-0.6594,-0.1097,0.2335,1.2582,1.3311,0.7695,-0.6365,-0.0661
337.50,1.3719,-0.6688,-0.0747,0.2627,1.3855,1.3659,0.8981,-0.6352,-0.0287
338.00,1.5018,-0.6701,-0.0212,0.2854,1.5161,1.4251,1.0352,-0.6343,0.0296
338.50,1.6317,-0.6752,-0.0368,0.3068,1.6474,1.4064,1.1626,-0.6276,0.0074
339.00,1.7617,-0.6736,0.0255,0.3245,1.7801,1.4710,1.2806,-0.6220,0.0720
339.50,1.8912,-0.6629,0.1292,0.3306,1.9107,1.5800,1.4113,-0.6057,0.1784
340.00,2.0202,-0.6479,0.0891,0.3303,2.0412,1.5419,1.5455,-0.5832,0.1377
340.50,2.1500,-0.6411,-0.0796,0.3441,2.1771,1.3735,1.6746,-0.5738,-0.0351
341.00,2.2791,-0.6497,-0.1253,0.3730,2.2991,1.3295,1.7855,-0.5766,-0.0823
341.50,2.4087,-0.6605,0.0071,0.3969,2.4272,1.4674,1.9262,-0.5793,0.0535
342.00,2.5384,-0.6602,0.0779,0.4042,2.5549,1.5406,2.0503,-0.5666,0.1265
342.50,2.6679,-0.6549,-0.0340,0.4132,2.6885,1.4328,2.1762,-0.5640,0.0130
343.00,2.7973,-0.6605,-0.1244,0.4398,2.8224,1.3420,2.3232,-0.5700,-0.0809
343.50,2.9204,-0.6726,-0.0632,0.4669,2.9550,1.4073,2.4505,-0.5689,-0.0173
344.00,2.9909,-0.6771,-0.0617,0.4791,3.0294,1.4097,2.5034,-0.5690,-0.0160
344.50,3.0034,-0.6778,-0.0617,0.4810,3.0414,1.4124,2.5126,-0.5691,-0.0139
345.00,3.0034,-0.6778,-0.0617,0.4810,3.0414,1.4145,2.5126,-0.5691,-0.0118
345.50,3.0071,-0.6774,-0.0508,0.4815,3.0448,1.4228,2.5160,-0.5691,-0.0035
346.00,3.0594,-0.6690,0.1008,0.4853,3.0946,1.5696,2.5659,-0.5657,0.1433
346.50,3.1712,-0.6497,0.1712,0.4795,3.2118,1.6433,2.6810,-0.5333,0.2205
347.00,3.2964,-0.6327,0.0582,0.4751,3.3357,1.5355,2.8163,-0.5100,0.1095
347.50,3.4230,-0.6245,-0.1703,0.4949,3.4614,1.3084,2.9330,-0.5111,-0.1232
348.00,3.5501,-0.6438,-0.2267,0.5352,3.5911,1.2537,3.0686,-0.5125,-0.1799
348.50,3.6732,-0.6677,-0.1058,0.5703,3.7158,1.3765,3.1941,-0.5290,-0.0603
349.00,3.8025,-0.6820,0.0815,0.5819,3.8440,1.5672,3.3166,-0.5237,0.1312
349.50,3.9319,-0.6735,0.0866,0.5805,3.9695,1.5727,3.4502,-0.5152,0.1342
350.00,4.0618,-0.6692,-0.0201,0.5869,4.1034,1.4654,3.5854,-0.5136,0.0251
350.50,4.1917,-0.6701,0.0084,0.6006,4.2367,1.4983,3.7129,-0.5095,0.0546
351.00,4.3215,-0.6631,0.1010,0.6038,4.3653,1.5925,3.8393,-0.4961,0.1487
351.50,4.4510,-0.6524,0.0365,0.6030,4.4989,1.5308,3.9678,-0.4783,0.0870
352.00,4.5809,-0.6503,-0.0881,0.6164,4.6257,1.4038,4.0934,-0.4754,-0.0434
352.50,4.7099,-0.6608,-0.1215,0.6431,4.7590,1.3709,4.2208,-0.4850,-0.0798
353.00,4.8395,-0.6706,0.0105,0.6614,4.8868,1.5084,4.3599,-0.4782,0.0605
353.50,4.9695,-0.6696,0.0271,0.6665,5.0208,1.5277,4.4935,-0.4670,0.0804
354.00,5.0994,-0.6718,-0.0299,0.6756,5.1499,1.4715,4.6227,-0.4599,0.0208
354.50,5.2290,-0.6831,-0.1386,0.6953,5.2805,1.3599,4.7447,-0.4732,-0.0978
355.00,5.3567,-0.7034,-0.2565,0.7283,5.4057,1.2436,4.8747,-0.4919,-0.2107
355.50,5.4786,-0.7324,-0.4483,0.7783,5.5198,1.0540,5.0021,-0.5183,-0.4003
356.00,5.5810,-0.7833,-0.6680,0.8456,5.6146,0.8389,5.0958,-0.5559,-0.6153
356.50,5.6644,-0.8639,-0.8807,0.9367,5.6971,0.6295,5.2070,-0.6342,-0.8346
357.00,5.7380,-0.9699,-1.0473,1.0522,5.7670,0.4656,5.2790,-0.7414,-1.0026
357.50,5.8018,-1.0845,-1.0901,1.1665,5.8200,0.4240,5.3437,-0.8495,-1.0477
358.00,5.8670,-1.1975,-0.9974,1.2895,5.8813,0.5193,5.4169,-0.9558,-0.9523
358.50,5.9414,-1.3033,-0.9139,1.3967,5.9494,0.6041,5.4954,-1.0638,-0.8675
359.00,6.0232,-1.4046,-0.8837,1.5061,6.0284,0.6378,5.5850,-1.1565,-0.8374
359.50,6.1028,-1.5074,-0.9595,1.6129,6.1029,0.5634,5.6695,-1.2555,-0.9118
360.00,6.1738,-1.6162,-1.0180,1.7293,6.1715,0.5080,5.7489,-1.3648,-0.9706
360.50,6.2426,-1.7268,-1.0048,1.8417,6.2346,0.5250,5.8124,-1.4607,-0.9600
361.00,6.3169,-1.8349,-0.9585,1.9546,6.3036,0.5742,5.9007,-1.5774,-0.9115
361.50,6.3926,-1.9368,-0.9199,2.0637,6.3774,0.6150,5.9753,-1.6716,-0.8706
362.00,6.4407,-1.9973,-0.8862,2.1266,6.4233,0.6507,6.0249,-1.7283,-0.8384
362.50,6.4515,-2.0102,-0.8534,2.1406,6.4342,0.6857,6.0373,-1.7409,-0.8070
363.00,6.4514,-2.0100,-0.8207,2.1406,6.4342,0.7203,6.0373,-1.7410,-0.7723
363.50,6.4514,-2.0098,-0.7868,2.1405,6.4340,0.7566,6.0371,-1.7409,-0.7360
364.00,6.4511,-2.0099,-0.7529,2.1404,6.4339,0.7926,6.0370,-1.7408,-0.7000
364.50,6.4508,-2.0099,-0.7200,2.1403,6.4338,0.8279,6.0369,-1.7407,-0.6647
365.00,6.4507,-2.0098,-0.6873,2.1403,6.4337,0.8632,6.0368,-1.7407,-0.6294
365.50,6.4507,-2.0092,-0.6538,2.1401,6.4335,0.8989,6.0366,-1.7405,-0.5938
366.00,6.4506,-2.0085,-0.6246,2.1395,6.4328,0.9296,6.0358,-1.7400,-0.5631
366.50,6.4505,-2.0049,-0.5140,2.1379,6.4302,1.0417,6.0332,-1.7386,-0.4509
367.00,6.4502,-1.9931,-0.3125,2.1324,6.4180,1.2458,6.0205,-1.7341,-0.2468
367.50,6.4501,-1.9727,-0.0787,2.1279,6.3961,1.4808,5.9983,-1.7313,-0.0118
368.00,6.4501,-1.9520,0.0738,2.1272,6.3946,1.6371,5.9968,-1.7307,0.1445
368.50,6.4501,-1.9509,0.0812,2.1270,6.3962,1.6448,5.9984,-1.7304,0.1522
369.00,6.4501,-1.9509,0.0812,2.1270,6.3962,1.6466,5.9984,-1.7304,0.1540
369.50,6.4501,-1.9509,0.0812,2.1270,6.3962,1.6489,5.9984,-1.7304,0.1563
370.00,6.4501,-1.9509,0.0812,2.1270,6.3962,1.6513,5.9984,-1.7304,0.1587
370.50,6.4501,-1.9516,0.0656,2.1270,6.3957,1.6376,5.9979,-1.7304,0.1450
371.00,6.4501,-1.9584,0.0132,2.1273,6.3881,1.5881,5.9903,-1.7313,0.0955
371.50,6.4501,-1.9663,-0.0401,2.1274,6.3930,1.5368,5.9952,-1.7311,0.0442
372.00,6.4501,-1.9738,-0.0915,2.1279,6.4010,1.4880,6.0032,-1.7309,-0.0047
372.50,6.4501,-1.9809,-0.1410,2.1285,6.4074,1.4403,6.0096,-1.7311,-0.0523
373.00,6.4502,-1.9874,-0.1889,2.1295,6.4136,1.3947,6.0159,-1.7315,-0.0979
373.50,6.4502,-1.9935,-0.2352,2.1309,6.4206,1.3503,6.0230,-1.7324,-0.1423
374.00,6.4502,-1.9991,-0.2801,2.1322,6.4261,1.3076,6.0286,-1.7333,-0.1851
374.50,6.4503,-2.0042,-0.3237,2.1340,6.4323,1.2661,6.0349,-1.7346,-0.2265
375.00,6.4503,-2.0088,-0.3660,2.1354,6.4363,1.2263,6.0390,-1.7356,-0.2663
375.50,6.4503,-2.0129,-0.4071,2.1368,6.4400,1.1875,6.0428,-1.7367,-0.3052
376.00,6.4504,-2.0166,-0.4472,2.1382,6.4433,1.1498,6.0463,-1.7379,-0.3428
376.50,6.4504,-2.0198,-0.4861,2.1394,6.4459,1.1127,6.0489,-1.7389,-0.3800
377.00,6.4505,-2.0224,-0.5240,2.1407,6.4484,1.0778,6.0515,-1.7399,-0.4148
377.50,6.4505,-2.0247,-0.5609,2.1419,6.4505,1.0431,6.0537,-1.7410,-0.4495
378.00,6.4506,-2.0264,-0.5969,2.1423,6.4511,1.0097,6.0544,-1.7413,-0.4829
378.50,6.4506,-2.0277,-0.6319,2.1429,6.4522,0.9767,6.0555,-1.7419,-0.5159
379.00,6.4507,-2.0286,-0.6660,2.1437,6.4533,0.9444,6.0567,-1.7426,-0.5482
379.50,6.4507,-2.0290,-0.6993,2.1441,6.4538,0.9135,6.0571,-1.7429,-0.5791
380.00,6.4508,-2.0291,-0.7318,2.1441,6.4538,0.8834,6.0572,-1.7429,-0.6092
380.50,6.4512,-2.0290,-0.7650,2.1441,6.4538,0.8523,6.0572,-1.7429,-0.6403
381.00,6.4514,-2.0290,-0.7992,2.1444,6.4542,0.8204,6.0575,-1.7432,-0.6722
381.50,6.4515,-2.0293,-0.8326,2.1449,6.4547,0.7892,6.0581,-1.7436,-0.7034
382.00,6.4515,-2.0293,-0.8652,2.1449,6.4547,0.7592,6.0581,-1.7437,-0.7334
382.50,6.4511,-2.0292,-0.8982,2.1447,6.4545,0.7284,6.0579,-1.7435,-0.7642
383.00,6.4504,-2.0292,-0.9322,2.1443,6.4542,0.6970,6.0575,-1.7431,-0.7956
383.50,6.4491,-2.0291,-0.9670,2.1434,6.4534,0.6644,6.0567,-1.7422,-0.8282
384.00,6.4475,-2.0291,-1.0028,2.1424,6.4527,0.6304,6.0559,-1.7414,-0.8622
384.50,6.4453,-2.0290,-1.0395,2.1407,6.4515,0.5957,6.0546,-1.7397,-0.8969
385.00,6.4427,-2.0290,-1.0773,2.1384,6.4500,0.5601,6.0529,-1.7375,-0.9325
385.50,6.4397,-2.0289,-1.1160,2.1360,6.4485,0.5234,6.0513,-1.7353,-0.9692
386.00,6.4361,-2.0289,-1.1558,2.1324,6.4465,0.4858,6.0490,-1.7318,-1.0068
386.50,6.4321,-2.0288,-1.1967,2.1280,6.4443,0.4472,6.0464,-1.7276,-1.0454
387.00,6.4276,-2.0288,-1.2388,2.1233,6.4422,0.4067,6.0439,-1.7231,-1.0859
387.50,6.4225,-2.0288,-1.2821,2.1192,6.4405,0.3660,6.0420,-1.7191,-1.1266
388.00,6.4170,-2.0287,-1.3267,2.1142,6.4387,0.3233,6.0398,-1.7143,-1.1693
388.50,6.4111,-2.0287,-1.3728,2.1079,6.4368,0.2794,6.0374,-1.7082,-1.2133
389.00,6.4046,-2.0287,-1.4203,2.1018,6.4352,0.2341,6.0353,-1.7023,-1.2585
389.50,6.3976,-2.0287,-1.4695,2.0964,6.4340,0.1874,6.0337,-1.6969,-1.3053
390.00,6.3902,-2.0287,-1.5206,2.0891,6.4328,0.1392,6.0319,-1.6897,-1.3534
390.50,6.3829,-2.0297,-1.5729,2.0846,6.4323,0.0913,6.0310,-1.6853,-1.4013
391.00,6.3716,-2.0697,-1.6876,2.1227,6.4333,-0.0211,5.9746,-1.8007,-1.6359
391.50,6.3583,-2.1714,-1.6777,2.2267,6.4305,-0.0123,5.9479,-1.9045,-1.6341
392.00,6.3543,-2.3012,-1.5581,2.3593,6.4372,0.1131,5.9476,-2.0373,-1.5052
392.50,6.3552,-2.4311,-1.5751,2.4891,6.4525,0.1009,5.9589,-2.1676,-1.5237
393.00,6.3496,-2.5611,-1.6122,2.6178,6.4616,0.0613,5.9697,-2.2966,-1.5674
393.50,6.3436,-2.6909,-1.6134,2.7533,6.4693,0.0613,5.9593,-2.4241,-1.5646
394.00,6.3371,-2.8208,-1.6205,2.8731,6.4767,0.0563,5.9601,-2.5423,-1.5689
394.50,6.3310,-2.9507,-1.6171,3.0042,6.4843,0.0621,5.9607,-2.6836,-1.5666
395.00,6.3210,-3.0805,-1.6374,3.1377,6.4916,0.0440,5.9607,-2.8173,-1.5917
395.50,6.3141,-3.2102,-1.6203,3.2709,6.4983,0.0630,5.9584,-2.9425,-1.5698
396.00,6.3044,-3.3400,-1.6387,3.3988,6.5056,0.0456,5.9579,-3.0688,-1.5901
396.50,6.2943,-3.4697,-1.6218,3.5263,6.5110,0.0638,5.9451,-3.2046,-1.5754
397.00,6.2882,-3.5995,-1.6362,3.6560,6.5198,0.0512,5.9550,-3.3264,-1.5880
397.50,6.2740,-3.7288,-1.6894,3.7877,6.5213,-0.0038,5.9376,-3.4679,-1.6464
398.00,6.2591,-3.8580,-1.7041,3.9246,6.5217,-0.0156,5.9282,-3.5944,-1.6583
398.50,6.2357,-3.9862,-1.7575,4.0549,6.5157,-0.0690,5.9112,-3.7240,-1.7117
399.00,6.2063,-4.1133,-1.8294,4.1900,6.5030,-0.1395,5.8810,-3.8579,-1.7857
399.50,6.1719,-4.2386,-1.8211,4.3223,6.4835,-0.1304,5.8516,-3.9801,-1.7766
400.00,6.1456,-4.3659,-1.7175,4.4547,6.4727,-0.0252,5.8406,-4.1095,-1.6713
400.50,6.1283,-4.4954,-1.5714,4.5847,6.4802,0.1252,5.8301,-4.2399,-1.5251
401.00,6.1240,-4.6252,-1.4727,4.7153,6.5022,0.2250,5.8403,-4.3717,-1.4281
401.50,6.1302,-4.7445,-1.3863,4.8294,6.5340,0.3129,5.8424,-4.4881,-1.3409
402.00,6.1457,-4.8078,-1.3408,4.8926,6.5559,0.3599,5.8508,-4.5529,-1.2933
402.50,6.1530,-4.8164,-1.2960,4.9056,6.5611,0.4065,5.8531,-4.5663,-1.2467
403.00,6.1582,-4.8164,-1.2523,4.9114,6.5636,0.4525,5.8664,-4.5619,-1.2077
403.50,6.1629,-4.8165,-1.2098,4.9157,6.5658,0.4972,5.8682,-4.5663,-1.1629
404.00,6.1671,-4.8165,-1.1685,4.9193,6.5678,0.5409,5.8699,-4.5701,-1.1192
404.50,6.1708,-4.8166,-1.1284,4.9227,6.5699,0.5833,5.8717,-4.5737,-1.0769
405.00,6.1740,-4.8166,-1.0893,4.9257,6.5720,0.6242,5.8735,-4.5769,-1.0359
405.50,6.1767,-4.8167,-1.0513,4.9277,6.5735,0.6652,5.8748,-4.5790,-0.9949
406.00,6.1790,-4.8167,-1.0142,4.9296,6.5751,0.7046,5.8762,-4.5811,-0.9556
406.50,6.1808,-4.8168,-0.9782,4.9304,6.5757,0.7423,5.8768,-4.5819,-0.9178
407.00,6.1822,-4.8168,-0.9430,4.9315,6.5767,0.7799,5.8777,-4.5830,-0.8802
407.50,6.1831,-4.8169,-0.9088,4.9320,6.5773,0.8169,5.8782,-4.5836,-0.8433
408.00,6.1836,-4.8169,-0.8755,4.9321,6.5774,0.8522,5.8783,-4.5837,-0.8079
408.50,6.1837,-4.8170,-0.8429,4.9322,6.5774,0.8868,5.8783,-4.5838,-0.7734
409.00,6.1836,-4.8167,-0.8098,4.9319,6.5771,0.9222,5.8780,-4.5835,-0.7379
409.50,6.1835,-4.8166,-0.7757,4.9318,6.5769,0.9589,5.8779,-4.5834,-0.7013
410.00,6.1831,-4.8167,-0.7421,4.9316,6.5766,0.9943,5.8776,-4.5831,-0.6659
410.50,6.1829,-4.8167,-0.7095,4.9315,6.5766,1.0291,5.8775,-4.5831,-0.6310
411.00,6.1829,-4.8164,-0.6766,4.9314,6.5764,1.0647,5.8774,-4.5830,-0.5954
411.50,6.1828,-4.8157,-0.6427,4.9313,6.5762,1.1008,5.8772,-4.5829,-0.5593
412.00,6.1828,-4.8145,-0.6080,4.9306,6.5747,1.1377,5.8757,-4.5820,-0.5224
412.50,6.1827,-4.8129,-0.5723,4.9297,6.5727,1.1757,5.8739,-4.5810,-0.4844
413.00,6.1827,-4.8108,-0.5357,4.9292,6.5713,1.2138,5.8725,-4.5803,-0.4463
413.50,6.1826,-4.8083,-0.4981,4.9283,6.5687,1.2533,5.8700,-4.5791,-0.4069
414.00,6.1826,-4.8053,-0.4595,4.9274,6.5658,1.2936,5.8672,-4.5780,-0.3665
414.50,6.1825,-4.8018,-0.4198,4.9265,6.5627,1.3353,5.8641,-4.5769,-0.3248
415.00,6.1825,-4.7978,-0.3791,4.9258,6.5592,1.3784,5.8607,-4.5758,-0.2818
415.50,6.1824,-4.7934,-0.3371,4.9252,6.5556,1.4226,5.8572,-4.5749,-0.2375
416.00,6.1824,-4.7884,-0.2940,4.9246,6.5510,1.4683,5.8527,-4.5739,-0.1918
416.50,6.1824,-4.7830,-0.2495,4.9241,6.5455,1.5146,5.8472,-4.5729,-0.1455
417.00,6.1824,-4.7770,-0.2036,4.9239,6.5383,1.5627,5.8401,-4.5721,-0.0974
417.50,6.1823,-4.7706,-0.1562,4.9240,6.5312,1.6124,5.8330,-4.5715,-0.0478
418.00,6.1823,-4.7637,-0.1072,4.9244,6.5250,1.6638,5.8268,-4.5714,0.0037
418.50,6.1823,-4.7564,-0.0565,4.9255,6.5158,1.7169,5.8175,-4.5717,0.0568
419.00,6.1823,-4.7485,-0.0037,4.9269,6.5078,1.7719,5.8794,-4.4976,0.0419
419.50,6.1823,-4.7406,0.0493,4.9255,6.5140,1.8271,5.8857,-4.4972,0.0972
420.00,6.1823,-4.7332,0.1004,4.9232,6.5219,1.8812,5.8939,-4.4961,0.1513
420.50,6.1823,-4.7263,0.1496,4.9213,6.5273,1.9326,5.8995,-4.4951,0.2026
421.00,6.1824,-4.7198,0.1972,4.9185,6.5341,1.9823,5.9066,-4.4935,0.2524
421.50,6.1824,-4.7138,0.2433,4.9164,6.5386,2.0303,5.9115,-4.4921,0.3004
422.00,6.1824,-4.7083,0.2880,4.9136,6.5441,2.0776,5.9173,-4.4902,0.3477
422.50,6.1824,-4.7033,0.3313,4.9109,6.5486,2.1230,5.9222,-4.4883,0.3931
423.00,6.1825,-4.6987,0.3734,4.9086,6.5522,2.1678,5.9261,-4.4866,0.4379
423.50,6.1825,-4.6947,0.4143,4.9059,6.5560,2.2110,5.9303,-4.4845,0.4810
424.00,6.1826,-4.6911,0.4542,4.9034,6.5592,2.2533,5.9339,-4.4825,0.5234
424.50,6.1826,-4.6881,0.4929,4.9013,6.5617,2.2943,5.8941,-4.4360,0.5365
425.00,6.1827,-4.6854,0.5306,4.8993,6.5639,2.3344,5.8966,-4.4345,0.5765
425.50,6.1761,-4.6884,0.5491,4.9035,6.5597,2.3543,5.8916,-4.4378,0.5965
426.00,6.1590,-4.6988,0.5491,4.9187,6.5444,2.3567,5.8738,-4.4500,0.5989
426.50,6.1420,-4.7092,0.5491,4.9337,6.5295,2.3589,5.8563,-4.4619,0.6010
427.00,6.1249,-4.7197,0.5491,4.9488,6.5145,2.3615,5.8276,-4.4621,0.5931
427.50,6.1078,-4.7301,0.5491,4.9632,6.5003,2.3637,5.8108,-4.4734,0.5954
428.00,6.0908,-4.7406,0.5491,4.9777,6.4861,2.3654,5.7940,-4.4848,0.5971
428.50,6.0737,-4.7510,0.5491,4.9917,6.4723,2.3678,5.7777,-4.4959,0.5995
429.00,6.0567,-4.7614,0.5491,5.0072,6.4573,2.3703,5.7600,-4.5081,0.6020
429.50,6.0396,-4.7719,0.5491,5.0202,6.4446,2.3723,5.7437,-4.5164,0.5935
430.00,6.0225,-4.7823,0.5491,5.0342,6.4311,2.3744,5.7276,-4.5273,0.5956
430.50,6.0055,-4.7927,0.5491,5.0500,6.4159,2.3762,5.7094,-4.5397,0.5974
431.00,5.9884,-4.8032,0.5491,5.0643,6.4022,2.3788,5.6931,-4.5508,0.6000
431.50,5.9714,-4.8136,0.5491,5.0792,6.3880,2.3814,5.6833,-4.5610,0.5940
432.00,5.9644,-4.8171,0.5675,5.0848,6.3827,2.4031,5.6784,-4.5650,0.6139
432.50,5.9645,-4.8154,0.6033,5.0833,6.3840,2.4416,5.6801,-4.5638,0.6523
433.00,5.9645,-4.8142,0.6381,5.0821,6.3849,2.4792,5.6812,-4.5628,0.6899
433.50,5.9646,-4.8134,0.6721,5.0817,6.3852,2.5154,5.6816,-4.5625,0.7261
434.00,5.9646,-4.8131,0.7052,5.0816,6.3853,2.5507,5.6817,-4.5624,0.7614
434.50,5.9646,-4.8131,0.7377,5.0816,6.3853,2.5852,5.6817,-4.5624,0.7960
435.00,5.9643,-4.8132,0.7711,5.0822,6.3850,2.6210,5.6813,-4.5629,0.8318
435.50,5.9643,-4.8133,0.8053,5.0823,6.3849,2.6577,5.6812,-4.5630,0.8684
436.00,5.9644,-4.8137,0.8385,5.0826,6.3847,2.6936,5.6809,-4.5633,0.9044
436.50,5.9644,-4.8138,0.8711,5.0827,6.3847,2.7283,5.6809,-4.5633,0.9391
437.00,5.9639,-4.8139,0.9043,5.0832,6.3845,2.7632,5.6806,-4.5638,0.9739
437.50,5.9631,-4.8139,0.9384,5.0841,6.3842,2.7997,5.6801,-4.5645,1.0105
438.00,5.9618,-4.8140,0.9734,5.0857,6.3836,2.8367,5.6792,-4.5661,1.0474
438.50,5.9600,-4.8140,1.0094,5.0872,6.3832,2.8754,5.6784,-4.5674,1.0861
439.00,5.9578,-4.8141,1.0463,5.0891,6.3827,2.9141,5.6776,-4.5691,1.1249
439.50,5.9551,-4.8141,1.0842,5.0929,6.3819,2.9542,5.6759,-4.5727,1.1649
440.00,5.9520,-4.8142,1.1231,5.0970,6.3812,2.9950,5.6744,-4.5765,1.2057
440.50,5.9483,-4.8142,1.1631,5.1003,6.3808,3.0375,5.6732,-4.5797,1.2482
441.00,5.9442,-4.8143,1.2042,5.1047,6.3804,3.0808,5.6719,-4.5839,1.2915
441.50,5.9396,-4.8143,1.2465,5.1097,6.3802,3.1259,5.6706,-4.5887,1.3366
442.00,5.9356,-4.7934,1.3478,5.0922,6.3795,-3.0618,5.6738,-4.5715,1.4321
442.50,5.9261,-4.7101,1.5115,5.0076,6.3641,-2.8952,5.6771,-4.4855,1.5987
443.00,5.9302,-4.5820,1.5007,4.8806,6.3309,-2.9032,5.6300,-4.3342,1.5489
443.50,5.9431,-4.4526,1.4729,4.7525,6.3038,-2.9339,5.6350,-4.2116,1.5181
444.00,5.9500,-4.3228,1.5902,4.6151,6.2663,-2.8117,5.6356,-4.0610,1.6369
444.50,5.9487,-4.1929,1.5910,4.4874,6.2215,-2.8114,5.6253,-3.9360,1.6343
445.00,5.9533,-4.0629,1.5552,4.3610,6.1805,-2.8456,5.6192,-3.8133,1.6030
445.50,5.9562,-3.9329,1.5607,4.2372,6.1431,-2.8387,5.6252,-3.6841,1.6063
446.00,5.9581,-3.8029,1.5561,4.1123,6.1041,-2.8426,5.6207,-3.5532,1.6025
446.50,5.9638,-3.6730,1.5387,3.9823,6.0651,-2.8582,5.6172,-3.4176,1.5833
447.00,5.9702,-3.5431,1.5283,3.8478,6.0266,-2.8661,5.6157,-3.2877,1.5720
447.50,5.9752,-3.4132,1.5399,3.7204,5.9898,-2.8486,5.6227,-3.1651,1.5866
448.00,5.9777,-3.2832,1.5529,3.5878,5.9492,-2.8344,5.6118,-3.0264,1.6002
448.50,5.9855,-3.1533,1.5099,3.4608,5.9120,-2.8764,5.6186,-2.9041,1.5554
449.00,5.9911,-3.0235,1.5373,3.3358,5.8766,-2.8475,5.6210,-2.7742,1.5836
449.50,5.9937,-2.8936,1.5441,3.2086,5.8373,-2.8388,5.6187,-2.6410,1.5902
450.00,5.9998,-2.7636,1.5237,3.0815,5.7983,-2.8583,5.6145,-2.5080,1.5676
450.50,6.0057,-2.6338,1.5271,2.9576,5.7618,-2.8518,5.6182,-2.3832,1.5723
451.00,6.0102,-2.5039,1.5319,2.8310,5.7234,-2.8451,5.6173,-2.2509,1.5790
451.50,6.0175,-2.3740,1.5167,2.6991,5.6844,-2.8588,5.6172,-2.1134,1.5618
452.00,6.0221,-2.2442,1.5243,2.5771,5.6477,-2.8473,5.6170,-1.9925,1.5734
452.50,6.0336,-2.1145,1.4632,2.4498,5.6133,-2.9105,5.6245,-1.8649,1.5081
453.00,6.0454,-1.9852,1.4915,2.3224,5.5816,-2.8780,5.6327,-1.7341,1.5392
453.50,6.0600,-1.8559,1.4371,2.1941,5.5501,-2.9338,5.6399,-1.6022,1.4833
454.00,6.0778,-1.7270,1.4290,2.0598,5.5215,-2.9380,5.6513,-1.4694,1.4774
454.50,6.1026,-1.5992,1.3461,1.9239,5.4993,-3.0231,5.6699,-1.3429,1.3923
455.00,6.1359,-1.4732,1.3075,1.7913,5.4864,-3.0566,5.6960,-1.2123,1.3553
455.50,6.1644,-1.3471,1.3660,1.6567,5.4718,-2.9967,5.7324,-1.0836,1.4100
456.00,6.1881,-1.2194,1.3689,1.5226,5.4499,-2.9895,5.7440,-0.9613,1.4171
456.50,6.2204,-1.0931,1.2905,1.3913,5.4344,-3.0692,5.7661,-0.8343,1.3343
457.00,6.2618,-0.9695,1.2073,1.2581,5.4294,3.1331,5.8010,-0.7066,1.2531
457.50,6.3122,-0.8506,1.1000,1.1263,5.4370,3.0271,5.8480,-0.5868,1.1460
458.00,6.3723,-0.7365,1.0456,0.9967,5.4554,2.9759,5.8948,-0.4699,1.0941
458.50,6.4420,-0.6264,0.9780,0.8649,5.4824,2.9087,5.9750,-0.3563,1.0241
459.00,6.5177,-0.5200,0.9345,0.7327,5.5162,2.8679,6.0303,-0.2419,0.9826
459.50,6.5985,-0.4176,0.8932,0.6083,5.5549,2.8276,6.1109,-0.1450,0.9407
460.00,6.6787,-0.3156,0.9223,0.4815,5.5945,2.8602,6.1779,-0.0367,0.9698
460.50,6.7566,-0.2117,0.9298,0.3571,5.6300,2.8698,6.2520,0.0668,0.9765
461.00,6.8340,-0.1073,0.9349,0.2311,5.6648,2.8762,6.3291,0.1745,0.9805
461.50,6.9116,-0.0029,0.9277,0.1014,5.7003,2.8701,6.3992,0.2835,0.9748
462.00,6.9888,0.1014,0.9397,-0.0269,5.7353,2.8844,6.4741,0.3961,0.9869
462.50,7.0655,0.2064,0.9377,-0.1538,5.7687,2.8833,6.5386,0.5021,0.9845
463.00,7.1425,0.3111,0.9536,-0.2820,5.8025,2.8996,6.6129,0.6100,1.0004
463.50,7.2129,0.4199,1.0184,-0.4093,5.8284,2.9690,6.6777,0.7183,1.0670
464.00,7.2817,0.5305,0.9991,-0.5453,5.8526,2.9513,6.7447,0.8373,1.0451
464.50,7.3578,0.6355,0.8638,-0.6784,5.8861,2.8172,6.8185,0.9518,0.9139
465.00,7.4490,0.7288,0.7432,-0.8020,5.9371,2.6973,6.8987,1.0421,0.7912
465.50,7.5454,0.8160,0.7464,-0.9233,5.9958,2.7016,6.9940,1.1374,0.7919
466.00,7.6328,0.9051,0.8741,-1.0409,6.0442,2.8311,7.0785,1.2224,0.9179
466.50,7.6916,0.9889,1.1032,-1.1434,6.0654,3.0606,7.1229,1.3217,1.1510
467.00,7.7414,1.0841,1.3805,-1.2586,6.0595,-2.9444,7.1654,1.4243,1.4262
467.50,7.7794,1.2051,1.6688,-1.3769,6.0170,-2.6538,7.1853,1.5481,1.7197
468.00,7.7734,1.3332,1.7788,-1.4907,5.9464,-2.5414,7.1929,1.6689,1.8315
468.50,7.7500,1.4608,1.7165,-1.6044,5.8716,-2.6022,7.1632,1.8009,1.7609
469.00,7.7354,1.5901,1.6371,-1.7196,5.8080,-2.6772,7.1423,1.9208,1.6830
469.50,7.7298,1.7200,1.5177,-1.8406,5.7572,-2.7990,7.1466,2.0519,1.5640
470.00,7.7341,1.8498,1.5785,-1.9694,5.7090,-2.7364,7.1352,2.1894,1.6232
470.50,7.7300,1.9794,1.6846,-2.0866,5.6493,-2.6269,7.1197,2.3100,1.7327
471.00,7.7161,2.1066,1.7132,-2.1947,5.5856,-2.5958,7.1072,2.4335,1.7609
471.50,7.7036,2.1895,1.6700,-2.2731,5.5394,-2.6317,7.0911,2.5330,1.7243
472.00,7.6983,2.2113,1.6205,-2.2927,5.5286,-2.6762,7.0867,2.5450,1.6729
472.50,7.7014,2.2113,1.5675,-2.2900,5.5298,-2.7273,7.0869,2.5421,1.6218
473.00,7.7092,2.2113,1.5147,-2.2970,5.5269,-2.7775,7.0866,2.5496,1.5716
473.50,7.7166,2.2113,1.4639,-2.3039,5.5244,-2.8259,7.0868,2.5570,1.5232
474.00,7.7235,2.2113,1.4149,-2.3102,5.5225,-2.8729,7.1045,2.5437,1.4622
474.50,7.7299,2.2114,1.3675,-2.3173,5.5207,-2.9183,7.1054,2.5510,1.4169
475.00,7.7358,2.2114,1.3216,-2.3230,5.5195,-2.9617,7.1064,2.5567,1.3734
475.50,7.7413,2.2114,1.2771,-2.3282,5.5187,-3.0043,7.1076,2.5619,1.3308
476.00,7.7462,2.2115,1.2339,-2.3338,5.5180,-3.0455,7.1090,2.5673,1.2896
476.50,7.7507,2.2115,1.1920,-2.3382,5.5177,-3.0852,7.1103,2.5715,1.2499
477.00,7.7547,2.2115,1.1512,-2.3421,5.5175,-3.1241,7.1116,2.5752,1.2110
477.50,7.7582,2.2116,1.1115,-2.3455,5.5175,3.1212,7.1129,2.5784,1.1732
478.00,7.7612,2.2116,1.0729,-2.3485,5.5176,3.0851,7.1141,2.5811,1.1370
478.50,7.7637,2.2117,1.0353,-2.3503,5.5177,3.0492,7.1148,2.5827,1.1012
479.00,7.7708,2.2226,0.9713,-2.3643,5.5195,2.9905,7.1381,2.5568,1.0215
479.50,7.8134,2.2782,0.8163,-2.4325,5.5355,2.8347,7.1794,2.6135,0.8657
480.00,7.9037,2.3635,0.7188,-2.5481,5.5795,2.7392,7.2846,2.7030,0.7667
480.50,8.0021,2.4484,0.7113,-2.6706,5.6324,2.7354,7.3810,2.7953,0.7594
481.00,8.1006,2.5332,0.7096,-2.7914,5.6844,2.7353,7.4661,2.8761,0.7558
481.50,8.1990,2.6182,0.7206,-2.9091,5.7345,2.7491,7.5586,2.9727,0.7668
482.00,8.2969,2.7038,0.7168,-3.0289,5.7842,2.7480,7.6517,3.0548,0.7615
482.50,8.3952,2.7888,0.6970,-3.1533,5.8361,2.7321,7.7594,3.1577,0.7456
483.00,8.4971,2.8688,0.6488,-3.2733,5.8923,2.6834,7.8489,3.2352,0.6935
483.50,8.6007,2.9475,0.6596,-3.3972,5.9532,2.6966,7.9546,3.3240,0.6996
484.00,8.7024,3.0289,0.6819,-3.5167,6.0082,2.7223,8.0543,3.4098,0.7324
484.50,8.8034,3.1108,0.6678,-3.6360,6.0613,2.7107,8.1433,3.4971,0.7172
485.00,8.9084,3.1869,0.5831,-3.7465,6.1173,2.6260,8.2474,3.5755,0.6256
485.50,9.0181,3.2565,0.5699,-3.8614,6.1846,2.6162,8.3562,3.6520,0.6123
486.00,9.1259,3.3308,0.6266,-3.9735,6.2459,2.6735,8.4593,3.7276,0.6730
486.50,9.2107,3.4010,0.7822,-4.0747,6.2893,2.8302,8.5405,3.8022,0.8228
487.00,9.2746,3.4766,1.0027,-4.1699,6.3092,3.0535,8.5990,3.8797,1.0496
487.50,9.3306,3.5743,1.2588,-4.2829,6.3049,-2.9730,8.6521,3.9844,1.2993
488.00,9.3775,3.6961,1.5285,-4.4027,6.2667,-2.7011,8.6771,4.1010,1.5706
488.50,9.3918,3.8259,1.6522,-4.5191,6.2004,-2.5735,8.6885,4.2328,1.6988
489.00,9.3838,3.9556,1.6362,-4.6285,6.1320,-2.5903,8.6923,4.3607,1.6728
489.50,9.3762,4.0853,1.6226,-4.7458,6.0599,-2.6013,8.6782,4.4977,1.6605
490.00,9.3773,4.2153,1.5709,-4.8592,5.9955,-2.6514,8.6694,4.6261,1.6111
490.50,9.3812,4.3452,1.5624,-4.9800,5.9324,-2.6543,8.6748,4.7540,1.6040
491.00,9.3795,4.4752,1.5757,-5.0942,5.8704,-2.6397,8.6690,4.8839,1.6158
491.50,9.3794,4.6052,1.5732,-5.2149,5.8044,-2.6405,8.6630,5.0212,1.6144
492.00,9.3818,4.7352,1.5551,-5.3307,5.7421,-2.6557,8.6582,5.1427,1.5956
492.50,9.3797,4.8652,1.5785,-5.4492,5.6778,-2.6289,8.6527,5.2774,1.6155
493.00,9.3793,4.9952,1.5685,-5.5727,5.6084,-2.6364,8.6466,5.4090,1.6074
493.50,9.3743,5.1252,1.6312,-5.6854,5.5419,-2.5675,8.6380,5.5295,1.6734
494.00,9.3603,5.2542,1.7611,-5.7944,5.4624,-2.4356,8.6160,5.6645,1.7954
494.50,9.3374,5.3791,1.9402,-5.8872,5.3675,-2.2506,8.5746,5.7889,1.9798
495.00,9.2971,5.4922,2.1528,-5.9528,5.2666,-2.0351,8.5354,5.8937,2.1912
495.50,9.2257,5.5834,2.3688,-5.9924,5.1606,-1.8171,8.4701,5.9783,2.4063
496.00,9.1450,5.6530,2.5379,-6.0105,5.0478,-1.6449,8.3788,6.0569,2.5751
496.50,9.1072,5.6802,2.6003,-6.0122,5.0010,-1.5810,8.3482,6.0806,2.6390
497.00,9.1059,5.6802,2.6377,-6.0123,5.0004,-1.5416,8.3478,6.0810,2.6783
497.50,9.1059,5.6773,2.6762,-6.0125,5.0030,-1.5010,8.3502,6.0799,2.7189
498.00,9.1060,5.6739,2.7157,-6.0128,5.0065,-1.4588,8.3534,6.0786,2.7611
498.50,9.1060,5.6700,2.7563,-6.0135,5.0112,-1.4160,8.3579,6.0770,2.8040
499.00,9.1061,5.6656,2.7980,-6.0143,5.0154,-1.3719,8.3620,6.0756,2.8481
499.50,9.1061,5.6607,2.8410,-6.0156,5.0212,-1.3268,8.3677,6.0741,2.8931
500.00,9.1061,5.6554,2.8853,-6.0175,5.0281,-1.2802,8.3746,6.0725,2.9397
500.50,9.1061,5.6495,2.9309,-6.0192,5.0332,-1.2324,8.3800,6.0715,2.9876
501.00,9.1062,5.6432,2.9781,-6.0210,5.0382,-1.1829,8.3853,6.0708,3.0371
501.50,9.1062,5.6363,3.0268,-6.0233,5.0434,-1.1324,8.3909,6.0703,3.0876
502.00,9.1062,5.6290,3.0773,-6.0262,5.0493,-1.0797,8.3975,6.0701,3.1403
502.50,9.1062,5.6224,3.1220,-6.0290,5.0543,-1.0340,8.4032,6.0703,-3.0972
503.00,9.1062,5.6164,-3.1210,-6.0288,5.0540,-0.9915,8.4029,6.0702,-3.0548
503.50,9.1062,5.6106,-3.0817,-6.0254,5.0491,-0.9497,8.3969,6.0696,-3.0129
504.00,9.1062,5.6051,-3.0435,-6.0212,5.0434,-0.9097,8.3899,6.0685,-2.9729
504.50,9.1062,5.5998,-3.0064,-6.0179,5.0393,-0.8700,8.3848,6.0675,-2.9332
505.00,9.1062,5.5948,-2.9702,-6.0140,5.0349,-0.8315,8.3791,6.0662,-2.8947
505.50,9.1061,5.5900,-2.9349,-6.0099,5.0305,-0.7945,8.3733,6.0646,-2.8577
506.00,9.1061,5.5856,-2.9004,-6.0067,5.0275,-0.7578,8.3691,6.0633,-2.8210
506.50,9.1061,5.5814,-2.8668,-6.0048,5.0257,-0.7221,8.3666,6.0624,-2.7853
507.00,9.1061,5.5775,-2.8338,-6.0017,5.0231,-0.6872,8.3628,6.0610,-2.7504
507.50,9.1061,5.5738,-2.8016,-5.9988,5.0207,-0.6523,8.3593,6.0595,-2.7155
508.00,9.1060,5.5705,-2.7701,-5.9960,5.0187,-0.6190,8.3562,6.0580,-2.6823
508.50,9.1060,5.5674,-2.7393,-5.9939,5.0172,-0.5859,8.3539,6.0568,-2.6491
509.00,9.1060,5.5645,-2.7091,-5.9910,5.0154,-0.5540,8.3510,6.0552,-2.6173
509.50,9.1059,5.5620,-2.6795,-5.9896,5.0145,-0.5215,8.3496,6.0543,-2.5847
510.00,9.1059,5.5597,-2.6505,-5.9877,5.0135,-0.4902,8.3478,6.0532,-2.5535
510.50,9.1059,5.5577,-2.6220,-5.9856,5.0124,-0.4596,8.3458,6.0518,-2.5228
511.00,9.1058,5.5559,-2.5942,-5.9841,5.0117,-0.4294,8.3444,6.0508,-2.4926
511.50,9.1058,5.5544,-2.5669,-5.9828,5.0111,-0.4003,8.3433,6.0499,-2.4636
512.00,9.1057,5.5532,-2.5401,-5.9815,5.0106,-0.3714,8.3422,6.0490,-2.4346
512.50,9.1057,5.5522,-2.5138,-5.9808,5.0103,-0.3431,8.3416,6.0485,-2.4063
513.00,9.1057,5.5515,-2.4880,-5.9797,5.0099,-0.3148,8.3409,6.0478,-2.3781
513.50,9.1056,5.5510,-2.4628,-5.9792,5.0098,-0.2877,8.3405,6.0474,-2.3509
514.00,9.1056,5.5508,-2.4380,-5.9794,5.0098,-0.2605,8.3405,6.0475,-2.3237
514.50,9.1056,5.5508,-2.4137,-5.9792,5.0098,-0.2342,8.3405,6.0474,-2.2975
515.00,9.1057,5.5508,-2.3890,-5.9793,5.0098,-0.2077,8.3405,6.0475,-2.2710
515.50,9.1059,5.5509,-2.3636,-5.9792,5.0098,-0.1799,8.3405,6.0474,-2.2431
516.00,9.1059,5.5510,-2.3380,-5.9794,5.0098,-0.1518,8.3406,6.0475,-2.2150
516.50,9.1058,5.5512,-2.3201,-5.9798,5.0099,-0.1334,8.3408,6.0479,-2.1966
517.00,9.1058,5.5515,-2.2955,-5.9799,5.0099,-0.1062,8.3409,6.0479,-2.1695
517.50,9.1058,5.5515,-2.2711,-5.9800,5.0099,-0.0803,8.3409,6.0481,-2.1435
518.00,9.1061,5.5516,-2.2462,-5.9805,5.0099,-0.0528,8.3412,6.0485,-2.1161
518.50,9.1066,5.5516,-2.2209,-5.9810,5.0099,-0.0257,8.3414,6.0489,-2.0889
519.00,9.1074,5.5516,-2.1951,-5.9818,5.0100,0.0025,8.3418,6.0496,-2.0608
519.50,9.1084,5.5517,-2.1688,-5.9828,5.0099,0.0312,8.3423,6.0505,-2.0321
520.00,9.1096,5.5517,-2.1419,-5.9843,5.0099,0.0598,8.3429,6.0518,-2.0034
520.50,9.1112,5.5518,-2.1145,-5.9865,5.0097,0.0894,8.3439,6.0539,-1.9738
521.00,9.1130,5.5518,-2.0866,-5.9887,5.0095,0.1193,8.3447,6.0559,-1.9439
521.50,9.1150,5.5518,-2.0581,-5.9898,5.0093,0.1493,8.3451,6.0569,-1.9139
522.00,9.1173,5.5519,-2.0290,-5.9925,5.0089,0.1804,8.3460,6.0596,-1.8828
522.50,9.1199,5.5519,-1.9993,-5.9948,5.0084,0.2119,8.3466,6.0618,-1.8513
523.00,9.1228,5.5519,-1.9690,-5.9984,5.0076,0.2443,8.3476,6.0654,-1.8189
523.50,9.1259,5.5520,-1.9381,-6.0016,5.0068,0.2768,8.3484,6.0685,-1.7864
524.00,9.1293,5.5520,-1.9065,-6.0040,5.0060,0.3103,8.3489,6.0710,-1.7529
524.50,9.1330,5.5520,-1.8742,-6.0075,5.0048,0.3445,8.3495,6.0747,-1.7188
525.00,9.1369,5.5520,-1.8412,-6.0122,5.0031,0.3798,8.3501,6.0797,-1.6834
525.50,9.1412,5.5521,-1.8074,-6.0162,5.0014,0.4154,8.3506,6.0840,-1.6478
526.00,9.1457,5.5521,-1.7728,-6.0208,4.9993,0.4518,8.3509,6.0891,-1.6114
526.50,9.1504,5.5521,-1.7374,-6.0262,4.9965,0.4894,8.3510,6.0951,-1.5739
527.00,9.1555,5.5521,-1.7011,-6.0301,4.9944,0.5279,8.3509,6.0995,-1.5353
527.50,9.1608,5.5521,-1.6638,-6.0355,4.9911,0.5673,8.3506,6.1058,-1.4959
528.00,9.1664,5.5521,-1.6255,-6.0402,4.9880,0.6074,8.4076,5.9613,-1.5885
528.50,9.1722,5.5521,-1.5861,-6.0459,4.9838,0.6490,8.4076,5.9683,-1.5469
529.00,9.1782,5.5521,-1.5459,-6.0456,4.9841,0.6911,8.4076,5.9680,-1.5047
529.50,9.1840,5.5521,-1.5068,-6.0413,4.9878,0.7324,8.4081,5.9623,-1.4635
530.00,9.1895,5.5521,-1.4687,-6.0368,4.9920,0.7731,8.4089,5.9562,-1.4227
530.50,9.1948,5.5521,-1.4317,-6.0326,4.9963,0.8111,8.4099,5.9503,-1.3848
531.00,9.1998,5.5521,-1.3956,-6.0291,5.0001,0.8496,8.4109,5.9452,-1.3463
531.50,9.2058,5.5521,-1.3491,-6.0249,5.0051,0.8989,8.4125,5.9388,-1.2969
532.00,9.2116,5.5514,-1.3022,-6.0211,5.0100,0.9466,8.4143,5.9329,-1.2493
532.50,9.2240,5.5143,-1.1610,-5.9993,5.0450,1.0805,8.4299,5.8948,-1.1153
533.00,9.2628,5.4258,-0.9540,-5.9639,5.1345,1.2888,8.5139,5.8336,-0.9118
533.50,9.3261,5.3442,-0.8796,-5.9388,5.2397,1.3662,8.5828,5.7417,-0.8402
534.00,9.3519,5.3125,-0.9054,-5.9310,5.2774,1.3424,8.6089,5.7234,-0.8674
534.50,9.3515,5.3120,-0.9395,-5.9309,5.2776,1.3101,8.6090,5.7233,-0.8997
535.00,9.3502,5.3120,-0.9745,-5.9312,5.2765,1.2774,8.6083,5.7241,-0.9324
535.50,9.3485,5.3121,-1.0105,-5.9319,5.2743,1.2437,8.6070,5.7260,-0.9661
536.00,9.3462,5.3121,-1.0474,-5.9326,5.2723,1.2087,8.6058,5.7278,-1.0011
536.50,9.3435,5.3122,-1.0854,-5.9335,5.2700,1.1730,8.6045,5.7299,-1.0368
537.00,9.3404,5.3122,-1.1243,-5.9349,5.2670,1.1355,8.6029,5.7328,-1.0744
537.50,9.3367,5.3123,-1.1643,-5.9364,5.2639,1.0980,8.6013,5.7358,-1.1118
538.00,9.3326,5.3123,-1.2055,-5.9394,5.2583,1.0592,8.5986,5.7416,-1.1506
538.50,9.3279,5.3123,-1.2478,-5.9416,5.2547,1.0196,8.5970,5.7455,-1.1902
539.00,9.3228,5.3124,-1.2914,-5.9446,5.2498,0.9785,8.5949,5.7508,-1.2313
539.50,9.3176,5.3035,-1.3613,-5.9411,5.2546,0.9162,8.5967,5.7451,-1.2936
540.00,9.3050,5.2387,-1.5443,-5.8968,5.3017,0.7361,8.6080,5.6815,-1.4738
540.50,9.2930,5.1176,-1.6071,-5.8073,5.3757,0.6730,8.5582,5.5261,-1.5717
541.00,9.2935,4.9877,-1.4842,-5.7076,5.4633,0.8037,8.5630,5.3935,-1.4445
541.50,9.3054,4.8589,-1.4183,-5.6256,5.5567,0.8722,8.5844,5.2710,-1.3760
542.00,9.3200,4.7298,-1.4879,-5.5349,5.6577,0.8034,8.5963,5.1328,-1.4483
542.50,9.3306,4.6003,-1.4638,-5.4446,5.7507,0.8290,8.6120,5.0041,-1.4245
543.00,9.3454,4.4711,-1.4676,-5.3580,5.8472,0.8286,8.6322,4.8761,-1.4240
543.50,9.3518,4.3414,-1.5411,-5.2630,5.9432,0.7547,8.6469,4.7418,-1.5013
544.00,9.3492,4.2115,-1.5830,-5.1643,6.0321,0.7149,8.6531,4.6135,-1.5411
544.50,9.3507,4.0815,-1.5570,-5.0681,6.1178,0.7448,8.6546,4.4890,-1.5159
545.00,9.3495,3.9515,-1.5742,-4.9737,6.2039,0.7294,8.6608,4.3613,-1.5302
545.50,9.3414,3.8215,-1.6155,-4.8740,6.2903,0.6919,8.6610,4.2274,-1.5711
546.00,9.3247,3.6919,-1.6773,-4.7693,6.3720,0.6312,8.6463,4.0954,-1.6335
546.50,9.3044,3.5629,-1.7226,-4.6575,6.4501,0.5893,8.6269,3.9595,-1.6789
547.00,9.2780,3.4356,-1.8372,-4.5437,6.5179,0.4750,8.6092,3.8386,-1.7915
547.50,9.2423,3.3124,-1.9326,-4.4266,6.5702,0.3783,8.5691,3.7135,-1.8934
548.00,9.1963,3.1922,-2.0038,-4.3079,6.6137,0.3126,8.5354,3.5948,-1.9557
548.50,9.1404,3.0767,-2.0738,-4.1806,6.6488,0.2424,8.4816,3.4747,-2.0297
549.00,9.0812,2.9617,-2.0295,-4.0552,6.6827,0.2922,8.4310,3.3527,-1.9813
549.50,9.0216,2.8455,-2.0523,-3.9283,6.7198,0.2686,8.3770,3.2355,-2.0087
550.00,8.9551,2.7320,-2.1110,-3.7991,6.7519,0.2130,8.3087,3.1162,-2.0675
550.50,8.8864,2.6212,-2.1095,-3.6737,6.7778,0.2159,8.2514,3.0040,-2.0663
551.00,8.8245,2.5078,-2.0647,-3.5425,6.8110,0.2662,8.1900,2.8871,-2.0160
551.50,8.7599,2.3942,-2.1165,-3.4129,6.8441,0.2151,8.1306,2.7673,-2.0706
552.00,8.6868,2.2857,-2.1830,-3.2779,6.8686,0.1496,8.0608,2.6590,-2.1396
552.50,8.6116,2.1796,-2.1738,-3.1487,6.8876,0.1585,7.9930,2.5511,-2.1301
553.00,8.5430,2.0699,-2.1044,-3.0209,6.9133,0.2330,7.9281,2.4380,-2.0571
553.50,8.4768,1.9580,-2.1072,-2.8867,6.9451,0.2329,7.8676,2.3200,-2.0589
554.00,8.4081,1.8469,-2.1349,-2.7532,6.9755,0.2099,7.8026,2.2096,-2.0837
554.50,8.3339,1.7388,-2.1876,-2.6260,6.9994,0.1596,7.7362,2.0939,-2.1409
555.00,8.2557,1.6343,-2.2169,-2.4920,7.0185,0.1310,7.6652,1.9812,-2.1713
555.50,8.1761,1.5312,-2.2373,-2.3647,7.0340,0.1103,7.5862,1.8820,-2.1937
556.00,8.0982,1.4273,-2.1737,-2.2268,7.0527,0.1767,7.5128,1.7628,-2.1291
556.50,8.0262,1.3191,-2.1594,-2.0988,7.0775,0.1919,7.4488,1.6581,-2.1124
557.00,7.9510,1.2123,-2.2086,-1.9685,7.1007,0.1464,7.3798,1.5450,-2.1594
557.50,7.8697,1.1101,-2.2569,-1.8355,7.1166,0.0995,7.3030,1.4410,-2.2098
558.00,7.7891,1.0083,-2.2114,-1.7074,7.1316,0.1502,7.2281,1.3424,-2.1602
558.50,7.7134,0.9029,-2.2014,-1.5705,7.1547,0.1640,7.1479,1.2256,-2.1516
559.00,7.6407,0.8119,-2.3148,-1.4490,7.1695,0.0540,7.0906,1.1318,-2.2635
559.50,7.5769,0.7542,-2.5261,-1.3548,7.1656,-0.1549,7.0244,1.0707,-2.4775
560.00,7.4774,0.7098,-2.7480,-1.2460,7.1357,-0.3743,6.9368,1.0192,-2.7013
560.50,7.3542,0.6746,-2.8701,-1.1284,7.0794,-0.4961,6.7982,0.9794,-2.8257
561.00,7.2279,0.6486,-2.9557,-1.0091,7.0100,-0.5778,6.6802,0.9497,-2.9073
561.50,7.0990,0.6317,-3.0697,-0.9024,6.9319,-0.6898,6.5498,0.9292,-3.0240
562.00,6.9691,0.6239,-3.1345,-0.8052,6.8454,-0.7554,6.4256,0.9189,-3.0884
562.50,6.8391,0.6254,3.1166,-0.7078,6.7511,-0.7859,6.2885,0.9100,-3.1179
563.00,6.7092,0.6273,3.1406,-0.6135,6.6575,-0.7603,6.1663,0.9061,-3.0934
563.50,6.5792,0.6263,-3.1396,-0.5204,6.5703,-0.7528,6.0375,0.8984,-3.0894
564.00,6.4492,0.6281,3.1357,-0.4193,6.4744,-0.7613,5.8994,0.8916,-3.1014
564.50,6.3192,0.6228,-3.1076,-0.3271,6.3894,-0.7207,5.7816,0.8908,-3.0608
565.00,6.1894,0.6138,-3.0991,-0.2229,6.3012,-0.7077,5.6487,0.8693,-3.0489
565.50,6.0594,0.6141,3.1211,-0.1293,6.2154,-0.7717,5.5214,0.8617,-3.1153
566.00,5.9295,0.6181,3.1309,-0.0345,6.1227,-0.7587,5.3894,0.8582,-3.1051
566.50,5.7995,0.6166,-3.1374,0.0659,6.0303,-0.7384,5.2602,0.8511,-3.0855
567.00,5.6695,0.6205,3.1187,0.1638,5.9390,-0.7657,5.1331,0.8482,-3.1186
567.50,5.5395,0.6214,3.1298,0.2591,5.8482,-0.7528,4.9947,0.8477,-3.1081
568.00,5.4095,0.6193,-3.1379,0.3553,5.7607,-0.7343,4.8654,0.8413,-3.0907
568.50,5.2795,0.6170,-3.1216,0.4539,5.6723,-0.7185,4.7349,0.8340,-3.0784
569.00,5.1496,0.6093,-3.1037,0.5559,5.5867,-0.6949,4.6033,0.8201,-3.0546
569.50,5.0196,0.6106,3.1203,0.6562,5.4975,-0.7554,4.4784,0.8120,-3.1165
570.00,4.8897,0.6159,3.1201,0.7539,5.4044,-0.7534,4.3485,0.8088,-3.1164
570.50,4.7597,0.6138,-3.1336,0.8531,5.3152,-0.7183,4.2113,0.8055,-3.0816
571.00,4.6297,0.6152,3.1317,0.9495,5.2302,-0.7355,4.1011,0.7978,-3.1075
571.50,4.4997,0.6193,3.1209,1.0485,5.1391,-0.7454,3.9657,0.7943,-3.1169
572.00,4.3697,0.6208,3.1213,1.1505,5.0460,-0.7434,3.8243,0.7905,-3.1149
572.50,4.2397,0.6228,3.1326,1.2491,4.9553,-0.7324,3.6939,0.7865,-3.1074
573.00,4.1098,0.6162,-3.0992,1.3518,4.8680,-0.6779,3.5673,0.7785,-3.0518
573.50,3.9798,0.6146,-3.1364,1.4557,4.7823,-0.7132,3.4319,0.7647,-3.0882
574.00,3.8499,0.6203,3.1141,1.5570,4.6909,-0.7460,3.3055,0.7627,-3.1245
574.50,3.7199,0.6184,-3.1197,1.6556,4.6048,-0.6909,3.1724,0.7572,-3.0706
575.00,3.5899,0.6177,-3.1373,1.7534,4.5235,-0.7032,3.0574,0.7481,-3.0873
575.50,3.4599,0.6241,3.1100,1.8521,4.4358,-0.7412,2.9114,0.7467,-3.1290
576.00,3.3300,0.6242,-3.1411,1.9489,4.3500,-0.7067,2.7964,0.7459,-3.0968
576.50,3.2000,0.6206,-3.1196,2.0512,4.2640,-0.6856,2.6603,0.7393,-3.0734
577.00,3.0701,0.6102,-3.0815,2.1538,4.1841,-0.6450,2.5300,0.7273,-3.0345
577.50,2.9402,0.6066,3.1225,2.2595,4.1000,-0.7238,2.3938,0.7134,-3.1139
578.00,2.8103,0.6105,3.1013,2.3538,4.0134,-0.7431,2.2680,0.7118,-3.1390
578.50,2.6804,0.6089,-3.1188,2.4530,3.9283,-0.6736,2.1388,0.7070,-3.0690
579.00,2.5504,0.6064,-3.1234,2.5569,3.8456,-0.6765,2.0040,0.6916,-3.0782
579.50,2.4204,0.6088,3.1101,2.6611,3.7586,-0.7256,1.8749,0.6917,-3.1279
580.00,2.2905,0.6113,3.1283,2.7550,3.6761,-0.7065,1.7527,0.6898,-3.1106
580.50,2.1605,0.6130,3.1025,2.8568,3.5891,-0.7314,1.6204,0.6846,-3.1337
581.00,2.0306,0.6196,3.0990,2.9550,3.4991,-0.7358,1.4828,0.6852,-3.1407
581.50,1.9007,0.6177,-3.1336,3.0527,3.4145,-0.6844,1.3590,0.6814,-3.0877
582.00,1.7707,0.6122,-3.1147,3.1600,3.3296,-0.6653,1.2254,0.6672,-3.0692
582.50,1.6407,0.6148,3.1064,3.2662,3.2419,-0.7245,1.0971,0.6579,-3.1299
583.00,1.5109,0.6231,3.0881,3.3639,3.1537,-0.7382,0.9695,0.6574,3.1364
583.50,1.3810,0.6262,-3.1247,3.4638,3.0674,-0.6649,0.8453,0.6612,-3.0741
584.00,1.2511,0.6203,-3.0925,3.5684,2.9885,-0.6332,0.7156,0.6500,-3.0459
584.50,1.1212,0.6156,-3.1333,3.6738,2.9101,-0.6720,0.5999,0.6380,-3.0861
585.00,0.9912,0.6176,3.1271,3.7766,2.8253,-0.6893,0.4628,0.6330,-3.1055
585.50,0.8612,0.6186,3.1198,3.8838,2.7379,-0.6955,0.3299,0.6279,-3.1173
586.00,0.7312,0.6191,-3.1209,3.9832,2.6576,-0.6474,0.2109,0.6230,-3.0706
586.50,0.6015,0.6106,-3.0366,4.0953,2.5801,-0.5610,0.0834,0.6106,-2.9891
587.00,0.4727,0.5928,-2.9820,4.2069,2.5142,-0.5042,-0.0486,0.5875,-2.9341
587.50,0.3448,0.5675,-2.9517,4.3281,2.4512,-0.4689,-0.1861,0.5537,-2.9022
588.00,0.2162,0.5485,-3.0758,4.4425,2.3863,-0.5907,-0.3051,0.5286,-3.0258
588.50,0.0863,0.5392,3.1126,4.5430,2.3109,-0.6820,-0.4240,0.5197,-3.1216
589.00,-0.0436,0.5403,-3.1165,4.6483,2.2284,-0.6217,-0.4949,0.5186,-3.0675
589.50,-0.1734,0.5327,-3.0633,4.7589,2.1545,-0.5683,-0.6341,0.5015,-3.0173
590.00,-0.3026,0.5159,-2.9877,4.8751,2.0856,-0.4910,-0.7608,0.4797,-2.9409
590.50,-0.4239,0.4903,-2.9055,4.9909,2.0304,-0.4043,-0.8709,0.4494,-2.8560
591.00,-0.5018,0.4719,-2.9713,5.0674,1.9964,-0.4643,-0.9566,0.4268,-2.9165
591.50,-0.5834,0.4625,3.0778,5.1380,1.9504,-0.6987,-1.0281,0.4175,3.1277
592.00,-0.7074,0.4679,2.9688,5.2283,1.8639,-0.8065,-1.1677,0.4233,3.0142
592.50,-0.8358,0.4865,3.0214,5.3219,1.7703,-0.7513,-1.3025,0.4259,3.0700
593.00,-0.9651,0.4967,3.0572,5.4206,1.6822,-0.7119,-1.4355,0.4294,3.1095
593.50,-1.0948,0.5039,3.0751,5.5243,1.5944,-0.6914,-1.5679,0.4330,3.1287
594.00,-1.2245,0.5107,3.0823,5.6263,1.5111,-0.6804,-1.6896,0.4306,3.1363
594.50,-1.3543,0.5198,3.0762,5.7319,1.4250,-0.6848,-1.8405,0.4319,3.1307
595.00,-1.4840,0.5276,3.0798,5.8359,1.3404,-0.6796,-1.9514,0.4331,3.1338
595.50,-1.6138,0.5345,3.0850,5.9413,1.2560,-0.6714,-2.0925,0.4342,-3.1402
596.00,-1.7436,0.5416,3.0861,6.0492,1.1705,-0.6687,-2.2177,0.4336,3.1412
596.50,-1.8734,0.5483,3.0885,6.1553,1.0870,-0.6638,-2.3386,0.4345,-3.1367
597.00,-2.0032,0.5554,3.0878,6.2557,1.0084,-0.6631,-2.4661,0.4346,-3.1360
597.50,-2.1330,0.5619,3.0908,6.3581,0.9287,-0.6586,-2.5923,0.4345,-3.1350
598.00,-2.2628,0.5685,3.0911,6.4634,0.8472,-0.6564,-2.7266,0.4322,-3.1349
598.50,-2.3926,0.5761,3.0853,6.5676,0.7667,-0.6595,-2.8572,0.4321,-3.1394
599.00,-2.5224,0.5842,3.0822,6.6674,0.6890,-0.6615,-2.9918,0.4322,3.1406
599.50,-2.6522,0.5903,3.0903,6.7734,0.6072,-0.6510,-3.1364,0.4317,-3.1356
600.00,-2.7820,0.5985,3.0817,6.8804,0.5256,-0.6548,-3.2603,0.4275,3.1396
600.50,-2.9118,0.6062,3.0855,6.9851,0.4451,-0.6500,-3.3881,0.4318,-3.1415
601.00,-3.0416,0.6098,3.1036,7.0908,0.3666,-0.6286,-3.5196,0.4305,-3.1201
601.50,-3.1716,0.6091,3.1307,7.1989,0.2902,-0.5986,-3.6395,0.4228,-3.0948
602.00,-3.3015,0.6123,3.0937,7.3051,0.2162,-0.6350,-3.7784,0.4146,-3.1311
602.50,-3.4314,0.6160,3.1259,7.4185,0.1345,-0.5998,-3.9085,0.4110,-3.0995
603.00,-3.5614,0.6157,3.1312,7.5261,0.0631,-0.5916,-4.0377,0.4036,-3.0913
603.50,-3.6914,0.6222,3.1068,7.6356,-0.0124,-0.6143,-4.1577,0.3981,-3.1181
604.00,-3.8213,0.6256,-3.1394,7.7452,-0.0886,-0.5749,-4.2866,0.3972,-3.0807
604.50,-3.9513,0.6229,-3.1225,7.8575,-0.1584,-0.5544,-4.4156,0.3859,-3.0605
605.00,-4.0813,0.6248,3.1253,7.9649,-0.2267,-0.5900,-4.5437,0.3765,-3.0995
605.50,-4.2113,0.6271,3.1330,8.0755,-0.3009,-0.5812,-4.6566,0.3775,-3.0931
606.00,-4.3412,0.6209,-3.1024,8.1862,-0.3691,-0.5291,-4.7938,0.3672,-3.0410
606.50,-4.4712,0.6201,-3.1395,8.3039,-0.4396,-0.5632,-4.9330,0.3515,-3.0763
607.00,-4.6011,0.6249,3.1260,8.4150,-0.5127,-0.5815,-5.0460,0.3478,-3.0994
607.50,-4.7311,0.6230,-3.1315,8.5273,-0.5828,-0.5496,-5.1797,0.3416,-3.0697
608.00,-4.8611,0.6225,3.1396,8.6395,-0.6518,-0.5607,-5.3141,0.3328,-3.0807
608.50,-4.9911,0.6239,3.1377,8.7499,-0.7218,-0.5612,-5.4448,0.3252,-3.0847
609.00,-5.1211,0.6186,-3.1167,8.8658,-0.7919,-0.5275,-5.5890,0.3149,-3.0533
609.50,-5.2511,0.6194,-3.1404,8.9790,-0.8591,-0.5495,-5.6949,0.3044,-3.0765
610.00,-5.3811,0.6248,3.1222,9.0906,-0.9297,-0.5705,-5.8286,0.3032,-3.1029
610.50,-5.5110,0.6222,-3.1125,9.2047,-0.9980,-0.5176,-5.9719,0.2919,-3.0504
611.00,-5.6391,0.6205,-3.1218,9.3213,-1.0650,-0.5249,-6.0955,0.2822,-3.0606
611.50,-5.7226,0.6140,-3.0727,9.3960,-1.1061,-0.4743,-6.1655,0.2736,-3.0141
612.00,-5.7443,0.6060,-3.0231,9.4190,-1.1175,-0.4216,-6.1833,0.2701,-2.9603
612.50,-5.7443,0.5992,-2.9745,9.4266,-1.1208,-0.3707,-6.1914,0.2684,-2.9093
613.00,-5.7443,0.5929,-2.9275,9.4327,-1.1230,-0.3214,-6.1897,0.2552,-2.8682
613.50,-5.7444,0.5871,-2.8819,9.4374,-1.1245,-0.2737,-6.1945,0.2538,-2.8205
614.00,-5.7444,0.5818,-2.8377,9.4442,-1.1263,-0.2270,-6.2010,0.2515,-2.7737
614.50,-5.7444,0.5769,-2.7949,9.4498,-1.1274,-0.1820,-6.2063,0.2493,-2.7288
615.00,-5.7445,0.5726,-2.7532,9.4547,-1.1282,-0.1381,-6.2109,0.2472,-2.6848
615.50,-5.7445,0.5687,-2.7127,9.4588,-1.1287,-0.0954,-6.2146,0.2453,-2.6422
616.00,-5.7446,0.5653,-2.6732,9.4628,-1.1290,-0.0536,-6.2180,0.2434,-2.6004
616.50,-5.7446,0.5624,-2.6349,9.4660,-1.1291,-0.0132,-6.2207,0.2417,-2.5600
617.00,-5.7447,0.5600,-2.5975,9.4687,-1.1291,0.0264,-6.2230,0.2401,-2.5204
617.50,-5.7447,0.5580,-2.5611,9.4701,-1.1291,0.0655,-6.2241,0.2393,-2.4813
618.00,-5.7448,0.5565,-2.5256,9.4716,-1.1289,0.1032,-6.2253,0.2383,-2.4436
618.50,-5.7448,0.5554,-2.4911,9.4725,-1.1288,0.1394,-6.1909,0.2181,-2.4274
619.00,-5.7449,0.5548,-2.4575,9.4731,-1.1287,0.1751,-6.1832,0.2137,-2.3962
619.50,-5.7449,0.5546,-2.4247,9.4731,-1.1287,0.2098,-6.1833,0.2136,-2.3614
620.00,-5.7448,0.5547,-2.3920,9.4728,-1.1288,0.2447,-6.1831,0.2138,-2.3265
620.50,-5.7446,0.5547,-2.3581,9.4727,-1.1288,0.2809,-6.1830,0.2139,-2.2903
621.00,-5.7446,0.5550,-2.3242,9.4725,-1.1289,0.3172,-6.1829,0.2141,-2.2540
621.50,-5.7447,0.5553,-2.2913,9.4723,-1.1290,0.3523,-6.1827,0.2143,-2.2189
622.00,-5.7446,0.5554,-2.2586,9.4721,-1.1290,0.3867,-6.1826,0.2144,-2.1845
622.50,-5.7440,0.5554,-2.2251,9.4714,-1.1293,0.4223,-6.1822,0.2150,-2.1489
623.00,-5.7430,0.5555,-2.1907,9.4709,-1.1296,0.4593,-6.1819,0.2155,-2.1119
623.50,-5.7415,0.5555,-2.1553,9.4697,-1.1302,0.4970,-6.1812,0.2167,-2.0742
624.00,-5.7396,0.5556,-2.1190,9.4679,-1.1312,0.5356,-6.1803,0.2185,-2.0356
624.50,-5.7372,0.5556,-2.0818,9.4660,-1.1324,0.5748,-6.1793,0.2205,-1.9964
625.00,-5.7343,0.5557,-2.0435,9.4632,-1.1343,0.6156,-6.1779,0.2236,-1.9556
625.50,-5.7310,0.5557,-2.0042,9.4606,-1.1362,0.6567,-6.1768,0.2266,-1.9145
626.00,-5.7303,0.5440,-1.9326,9.4688,-1.1293,0.7260,-6.1800,0.2164,-1.8452
626.50,-5.7304,0.4752,-1.7608,9.5156,-1.0787,0.8975,-6.1920,0.1486,-1.6737
627.00,-5.7423,0.3526,-1.7128,9.5901,-0.9778,0.9492,-6.1681,0.0066,-1.6493
627.50,-5.7662,0.2247,-1.8010,9.6736,-0.8707,0.8591,-6.1867,-0.1278,-1.7423
628.00,-5.7951,0.0982,-1.7793,9.7574,-0.7733,0.8812,-6.2075,-0.2443,-1.7220
628.50,-5.8163,-0.0297,-1.7261,9.8390,-0.6673,0.9380,-6.2293,-0.3788,-1.6647
629.00,-5.8293,-0.1589,-1.6335,9.9129,-0.5543,1.0374,-6.2228,-0.5138,-1.5687
629.50,-5.8403,-0.2885,-1.7013,9.9828,-0.4405,0.9719,-6.2310,-0.6376,-1.6377
630.00,-5.8601,-0.4160,-1.8195,10.0560,-0.3452,0.8548,-6.2404,-0.7569,-1.7594
630.50,-5.8904,-0.5411,-1.8728,10.1485,-0.2442,0.8049,-6.2640,-0.9007,-1.8082
631.00,-5.9265,-0.6656,-1.8199,10.2369,-0.1494,0.8621,-6.2942,-1.0174,-1.7562
631.50,-5.9560,-0.7923,-1.8046,10.3191,-0.0492,0.8801,-6.3094,-1.1511,-1.7400
632.00,-5.9922,-0.9182,-1.8532,10.4070,0.0534,0.8348,-6.3324,-1.2836,-1.7888
632.50,-6.0373,-1.0413,-1.9381,10.5054,0.1525,0.7493,-6.3709,-1.4129,-1.8743
633.00,-6.0857,-1.1622,-1.9319,10.6019,0.2409,0.7566,-6.4119,-1.5276,-1.8704
633.50,-6.1272,-1.2849,-1.9009,10.6968,0.3355,0.7929,-6.4511,-1.6571,-1.8342
634.00,-6.1748,-1.4064,-1.9832,10.7923,0.4263,0.7117,-6.4863,-1.7798,-1.9171
634.50,-6.2315,-1.5234,-2.0565,10.8979,0.5107,0.6405,-6.5325,-1.9046,-1.9918
635.00,-6.2964,-1.6371,-2.0931,11.0031,0.5858,0.6043,-6.5842,-2.0159,-2.0297
635.50,-6.3644,-1.7488,-2.1183,11.1102,0.6578,0.5817,-6.6520,-2.1309,-2.0523
636.00,-6.4198,-1.8354,-2.1495,11.2019,0.7167,0.5535,-6.6948,-2.2271,-2.0840
636.50,-6.4434,-1.8684,-2.1850,11.2348,0.7364,0.5199,-6.7235,-2.2605,-2.1211
637.00,-6.4448,-1.8688,-2.2196,11.2358,0.7370,0.4878,-6.7241,-2.2616,-2.1532
637.50,-6.4454,-1.8689,-2.2533,11.2363,0.7373,0.4566,-6.7244,-2.2620,-2.1844
638.00,-6.4456,-1.8690,-2.2861,11.2365,0.7374,0.4259,-6.7245,-2.2622,-2.2151
638.50,-6.4456,-1.8692,-2.3188,11.2368,0.7375,0.3954,-6.7247,-2.2625,-2.2456
639.00,-6.4455,-1.8695,-2.3525,11.2371,0.7377,0.3638,-6.7249,-2.2628,-2.2772
639.50,-6.4456,-1.8696,-2.3866,11.2372,0.7377,0.3323,-6.7250,-2.2629,-2.3087
640.00,-6.4459,-1.8697,-2.4194,11.2373,0.7377,0.3020,-6.7250,-2.2629,-2.3391
640.50,-6.4458,-1.8696,-2.4521,11.2372,0.7377,0.2723,-6.7250,-2.2628,-2.3687
641.00,-6.4457,-1.8690,-2.4856,11.2366,0.7376,0.2409,-6.7246,-2.2624,-2.4001
641.50,-6.4457,-1.8686,-2.5024,11.2361,0.7374,0.2266,-6.7242,-2.2621,-2.4144
642.00,-6.4457,-1.8686,-2.5024,11.2361,0.7374,0.2291,-6.7242,-2.2621,-2.4119
642.50,-6.4457,-1.8686,-2.5024,11.2361,0.7375,0.2308,-6.7242,-2.2621,-2.4102
643.00,-6.4457,-1.8686,-2.5024,11.2361,0.7375,0.2336,-6.7242,-2.2621,-2.4074
643.50,-6.4457,-1.8686,-2.5024,11.2361,0.7375,0.2360,-6.7242,-2.2621,-2.4051
644.00,-6.4458,-1.8690,-2.4668,11.2368,0.7376,0.2727,-6.7247,-2.2626,-2.3683
644.50,-6.4456,-1.8687,-2.3215,11.2362,0.7374,0.4214,-6.7243,-2.2621,-2.2197
645.00,-6.4430,-1.8682,-2.1524,11.2346,0.7365,0.5915,-6.7233,-2.2605,-2.0495
645.50,-6.4317,-1.8680,-1.9615,11.2245,0.7281,0.7850,-6.7184,-2.2483,-1.8560
646.00,-6.4173,-1.8679,-1.8267,11.2149,0.7170,0.9235,-6.7154,-2.2339,-1.7175
646.50,-6.4114,-1.8679,-1.7804,11.2119,0.7129,0.9699,-6.7147,-2.2289,-1.6711
647.00,-6.4050,-1.8678,-1.7333,11.2086,0.7078,1.0196,-6.7143,-2.2229,-1.6214
647.50,-6.3982,-1.8678,-1.6845,11.2063,0.7038,1.0707,-6.7141,-2.2183,-1.5703
648.00,-6.3909,-1.8678,-1.6339,11.2028,0.6970,1.1235,-6.7143,-2.2106,-1.5175
648.50,-6.3831,-1.8678,-1.5814,11.1996,0.6899,1.1784,-6.7149,-2.2029,-1.4626
649.00,-6.3752,-1.8678,-1.5282,11.2015,0.6950,1.2345,-6.7141,-2.2083,-1.4065
649.50,-6.3677,-1.8678,-1.4769,11.2039,0.7025,1.2878,-6.7127,-2.2159,-1.3532
650.00,-6.3607,-1.8678,-1.4274,11.2058,0.7099,1.3395,-6.7108,-2.2233,-1.3015
650.50,-6.3541,-1.8679,-1.3796,11.2073,0.7171,1.3895,-6.7087,-2.2304,-1.2515
651.00,-6.3481,-1.8679,-1.3334,11.2081,0.7220,1.4372,-6.7070,-2.2350,-1.2038
651.50,-6.3425,-1.8679,-1.2885,11.2088,0.7282,1.4850,-6.7046,-2.2408,-1.1561
652.00,-6.3374,-1.8680,-1.2450,11.2091,0.7332,1.5301,-6.7025,-2.2454,-1.1109
652.50,-6.3328,-1.8680,-1.2028,11.2092,0.7372,1.5745,-6.7007,-2.2489,-1.0665
653.00,-6.3287,-1.8680,-1.1617,11.2091,0.7422,1.6176,-6.6982,-2.2532,-1.0234
653.50,-6.3251,-1.8681,-1.1217,11.2089,0.7450,1.6600,-6.6966,-2.2556,-0.9810
654.00,-6.3220,-1.8681,-1.0828,11.2085,0.7484,1.7008,-6.6947,-2.2584,-0.9402
654.50,-6.3193,-1.8682,-1.0450,11.2081,0.7508,1.7409,-6.6932,-2.2603,-0.9001
655.00,-6.3171,-1.8682,-1.0081,11.2076,0.7535,1.7803,-6.6915,-2.2625,-0.8607
655.50,-6.3154,-1.8683,-0.9722,11.2072,0.7551,1.8182,-6.6903,-2.2637,-0.8228
656.00,-6.3141,-1.8683,-0.9372,11.2069,0.7565,1.8554,-6.6894,-2.2647,-0.7857
656.50,-6.3132,-1.8684,-0.9031,11.2065,0.7578,1.8914,-6.6884,-2.2657,-0.7496
657.00,-6.3128,-1.8684,-0.8699,11.2063,0.7583,1.9261,-6.6880,-2.2660,-0.7149
657.50,-6.3128,-1.8684,-0.8374,11.2063,0.7583,1.9609,-6.6880,-2.2661,-0.6801
658.00,-6.3129,-1.8681,-0.8041,11.2064,0.7579,1.9962,-6.6883,-2.2658,-0.6448
658.50,-6.3130,-1.8681,-0.7700,11.2064,0.7579,2.0325,-6.6883,-2.2658,-0.6085
659.00,-6.3134,-1.8682,-0.7366,11.2067,0.7575,2.0687,-6.6887,-2.2655,-0.5723
659.50,-6.3135,-1.8682,-0.7041,11.2067,0.7574,2.1032,-6.6888,-2.2655,-0.5378
660.00,-6.3136,-1.8678,-0.6709,11.2070,0.7570,2.1381,-6.6893,-2.2652,-0.5029
660.50,-6.3136,-1.8671,-0.6369,11.2077,0.7559,2.1744,-6.6904,-2.2646,-0.4666
661.00,-6.3137,-1.8658,-0.6020,11.2082,0.7552,2.2112,-6.6912,-2.2643,-0.4298
661.50,-6.3137,-1.8641,-0.5662,11.2094,0.7537,2.2492,-6.6929,-2.2635,-0.3918
662.00,-6.3138,-1.8620,-0.5295,11.2106,0.7522,2.2876,-6.6947,-2.2628,-0.3534
662.50,-6.3138,-1.8593,-0.4917,11.2122,0.7504,2.3280,-6.6970,-2.2620,-0.3130
663.00,-6.3139,-1.8562,-0.4529,11.2151,0.7475,2.3694,-6.7009,-2.2608,-0.2717
663.50,-6.3139,-1.8527,-0.4131,11.2176,0.7451,2.4112,-6.7043,-2.2600,-0.2298
664.00,-6.3140,-1.8486,-0.3721,11.2214,0.7420,2.4543,-6.7091,-2.2589,-0.1868
664.50,-6.3140,-1.8441,-0.3299,11.2250,0.7391,2.4990,-6.7136,-2.2582,-0.1420
665.00,-6.3141,-1.8390,-0.2866,11.2299,0.7356,2.5443,-6.7196,-2.2575,-0.0968
665.50,-6.3141,-1.8335,-0.2419,11.2347,0.7325,2.5916,-6.7253,-2.2571,-0.0494
666.00,-6.3141,-1.8278,-0.1979,11.2405,0.7291,2.6394,-6.7320,-2.2569,-0.0016
666.50,-6.3141,-1.8230,-0.1555,11.2459,0.7263,2.6819,-6.7381,-2.2570,0.0409
667.00,-6.3141,-1.8161,-0.1065,11.2533,0.7229,2.7327,-6.6405,-2.2175,-0.0170
667.50,-6.3142,-1.8087,-0.0557,11.2598,0.7203,2.7860,-6.6085,-2.2003,0.0123
668.00,-6.3142,-1.8009,-0.0029,11.2664,0.7180,2.8416,-6.6155,-2.2006,0.0679
668.50,-6.3142,-1.7930,0.0502,11.2601,0.7198,2.8964,-6.6090,-2.2000,0.1228
669.00,-6.3142,-1.7856,0.1012,11.2516,0.7217,2.9497,-6.6004,-2.1987,0.1761
669.50,-6.3141,-1.7786,0.1504,11.2441,0.7229,3.0012,-6.5930,-2.1972,0.2275
670.00,-6.3141,-1.7722,0.1979,11.2365,0.7238,3.0512,-6.5856,-2.1952,0.2775
670.50,-6.3141,-1.7662,0.2440,11.2302,0.7242,3.0988,-6.5795,-2.1934,0.3252
671.00,-6.3141,-1.7649,0.2455,11.2291,0.7243,3.1039,-6.5785,-2.1930,0.3302
671.50,-6.3141,-1.7707,0.1995,11.2360,0.7239,3.0602,-6.5851,-2.1951,0.2865
672.00,-6.3141,-1.7772,0.1520,11.2424,0.7232,3.0154,-6.5913,-2.1968,0.2418
672.50,-6.3141,-1.7841,0.1029,11.2483,0.7223,2.9681,-6.5971,-2.1981,0.1944
673.00,-6.3142,-1.7915,0.0519,11.2545,0.7211,2.9190,-6.6033,-2.1992,0.1454
673.50,-6.3142,-1.7994,-0.0010,11.2631,0.7189,2.8678,-6.6121,-2.2002,0.0942
674.00,-6.3142,-1.8072,-0.0539,11.2552,0.7213,2.8170,-6.6039,-2.1996,0.0434
674.50,-6.3141,-1.8146,-0.1048,11.2482,0.7238,2.7683,-6.5964,-2.1995,-0.0053
675.00,-6.3141,-1.8215,-0.1538,11.2422,0.7263,2.7217,-6.5899,-2.1996,-0.0520
675.50,-6.3141,-1.8280,-0.2013,11.2358,0.7294,2.6761,-6.5829,-2.2002,-0.0975
676.00,-6.3141,-1.8339,-0.2472,11.2320,0.7314,2.6322,-6.5786,-2.2007,-0.1414
676.50,-6.3140,-1.8394,-0.2918,11.2282,0.7336,2.5893,-6.5743,-2.2014,-0.1843
677.00,-6.3140,-1.8444,-0.3350,11.2241,0.7363,2.5485,-6.5695,-2.2024,-0.2251
677.50,-6.3140,-1.8489,-0.3770,11.2197,0.7394,2.5087,-6.5642,-2.2037,-0.2649
678.00,-6.3139,-1.8529,-0.4179,11.2163,0.7420,2.4701,-6.5601,-2.2049,-0.3035
678.50,-6.3139,-1.8564,-0.4576,11.2135,0.7443,2.4325,-6.5567,-2.2061,-0.3412
679.00,-6.3138,-1.8594,-0.4962,11.2120,0.7456,2.3961,-6.5548,-2.2068,-0.3775
679.50,-6.3138,-1.8620,-0.5339,11.2102,0.7473,2.3603,-6.5525,-2.2077,-0.4133
680.00,-6.3137,-1.8641,-0.5705,11.2088,0.7488,2.3261,-6.5857,-2.2482,-0.5051
680.50,-6.3137,-1.8657,-0.6063,11.2077,0.7500,2.2929,-6.5843,-2.2490,-0.5383
681.00,-6.3136,-1.8669,-0.6410,11.2067,0.7511,2.2603,-6.5830,-2.2498,-0.5709
681.50,-6.3136,-1.8677,-0.6749,11.2061,0.7518,2.2280,-6.5823,-2.2503,-0.6032
682.00,-6.3135,-1.8680,-0.7080,11.2060,0.7521,2.1970,-6.5820,-2.2505,-0.6343
682.50,-6.3134,-1.8679,-0.7405,11.2059,0.7521,2.1664,-6.5820,-2.2505,-0.6648
683.00,-6.3130,-1.8679,-0.7740,11.2055,0.7527,2.1342,-6.5814,-2.2510,-0.6970
683.50,-6.3129,-1.8679,-0.8082,11.2055,0.7528,2.1027,-6.5814,-2.2511,-0.7286
684.00,-6.3128,-1.8682,-0.8413,11.2054,0.7529,2.0717,-6.5812,-2.2512,-0.7596
684.50,-6.3129,-1.8682,-0.8738,11.2054,0.7529,2.0413,-6.5813,-2.2511,-0.7900
685.00,-6.3133,-1.8681,-0.9072,11.2056,0.7526,2.0105,-6.5815,-2.2509,-0.8207
685.50,-6.3142,-1.8681,-0.9413,11.2059,0.7519,1.9780,-6.5820,-2.2503,-0.8532
686.00,-6.3155,-1.8680,-0.9764,11.2064,0.7507,1.9452,-6.5828,-2.2494,-0.8860
686.50,-6.3169,-1.8680,-1.0070,11.2067,0.7498,1.9169,-6.5834,-2.2486,-0.9143
687.00,-6.3191,-1.8679,-1.0438,11.2076,0.7472,1.8829,-6.5851,-2.2464,-0.9483
687.50,-6.3217,-1.8679,-1.0816,11.2083,0.7447,1.8466,-6.5865,-2.2443,-0.9846
688.00,-6.3248,-1.8678,-1.1205,11.2091,0.7420,1.8102,-6.5880,-2.2419,-1.0210
688.50,-6.3284,-1.8678,-1.1604,11.2101,0.7374,1.7724,-6.5905,-2.2378,-1.0588
689.00,-6.3325,-1.8677,-1.2014,11.2108,0.7333,1.7333,-6.5924,-2.2341,-1.0979
689.50,-6.3371,-1.8677,-1.2437,11.2114,0.7296,1.6935,-6.5941,-2.2307,-1.1377
690.00,-6.3422,-1.8677,-1.2871,11.2119,0.7242,1.6520,-6.5962,-2.2258,-1.1792
690.50,-6.3477,-1.8676,-1.3319,11.2122,0.7195,1.6095,-6.5979,-2.2214,-1.2217
691.00,-6.3538,-1.8676,-1.3781,11.2123,0.7131,1.5657,-6.6000,-2.2153,-1.2655
691.50,-6.3603,-1.8676,-1.4259,11.2122,0.7061,1.5202,-6.6020,-2.2086,-1.3110
692.00,-6.3673,-1.8676,-1.4753,11.2116,0.6989,1.4727,-6.6368,-2.2411,-1.4014
692.50,-6.3748,-1.8676,-1.5265,11.2105,0.6898,1.4237,-6.6427,-2.2397,-1.4599
693.00,-6.3827,-1.8676,-1.5797,11.2097,0.6850,1.3725,-6.6431,-2.2349,-1.5111
693.50,-6.3905,-1.8676,-1.6323,11.2115,0.6927,1.3222,-6.6429,-2.2428,-1.5613
694.00,-6.3978,-1.8676,-1.6829,11.2133,0.6992,1.2739,-6.6430,-2.2496,-1.6097
694.50,-6.4046,-1.8676,-1.7317,11.2148,0.7038,1.2273,-6.6433,-2.2544,-1.6563
695.00,-6.4110,-1.8676,-1.7789,11.2169,0.7092,1.1824,-6.6439,-2.2601,-1.7011
695.50,-6.4169,-1.8676,-1.8247,11.2192,0.7146,1.1396,-6.6448,-2.2660,-1.7440
696.00,-6.4223,-1.8677,-1.8690,11.2218,0.7199,1.0974,-6.6459,-2.2717,-1.7862
696.50,-6.4272,-1.8677,-1.9121,11.2244,0.7247,1.0565,-6.6472,-2.2771,-1.8271
697.00,-6.4370,-1.8987,-2.0320,11.2413,0.7510,0.9438,-6.6569,-2.3068,-1.9397
697.50,-6.4783,-1.9823,-2.1361,11.3053,0.8288,0.8433,-6.7519,-2.3792,-2.0710
698.00,-6.5492,-2.0913,-2.1537,11.3958,0.9286,0.8266,-6.8090,-2.4871,-2.0930
698.50,-6.6226,-2.1992,-2.1781,11.4889,1.0282,0.8039,-6.8774,-2.6045,-2.1146
699.00,-6.6961,-2.3062,-2.1456,11.5838,1.1275,0.8363,-6.9448,-2.7130,-2.0851
699.50,-6.7616,-2.4184,-2.0734,11.6645,1.2257,0.9118,-7.0006,-2.8262,-2.0067
700.00,-6.8273,-2.5316,-2.1077,11.7409,1.3220,0.8776,-7.0536,-2.9372,-2.0440
700.50,-6.8999,-2.6414,-2.1639,11.8288,1.4222,0.8229,-7.1173,-3.0541,-2.1008
701.00,-6.9751,-2.7480,-2.1776,11.9175,1.5149,0.8096,-7.1956,-3.1637,-2.1159
701.50,-7.0466,-2.8561,-2.1559,12.0061,1.6121,0.8372,-7.2571,-3.2877,-2.0882
702.00,-7.1203,-2.9636,-2.1709,12.1017,1.7154,0.8241,-7.3241,-3.3993,-2.1077
702.50,-7.1955,-3.0702,-2.1948,12.1942,1.8138,0.8033,-7.3888,-3.5096,-2.1309
703.00,-7.2736,-3.1746,-2.2098,12.2886,1.9092,0.7896,-7.4615,-3.6124,-2.1481
703.50,-7.3501,-3.2795,-2.2031,12.3821,2.0051,0.7992,-7.5336,-3.7253,-2.1384
704.00,-7.4289,-3.3834,-2.2301,12.4766,2.1001,0.7736,-7.6068,-3.8376,-2.1676
704.50,-7.5104,-3.4851,-2.2577,12.5697,2.1887,0.7481,-7.6803,-3.9430,-2.1931
705.00,-7.5933,-3.5852,-2.2546,12.6685,2.2797,0.7531,-7.7590,-4.0518,-2.1915
705.50,-7.6741,-3.6868,-2.2371,12.7620,2.3692,0.7731,-7.8329,-4.1481,-2.1733
706.00,-7.7494,-3.7812,-2.2567,12.8516,2.4558,0.7558,-7.9039,-4.2505,-2.1940
706.50,-7.7911,-3.8306,-2.2895,12.8986,2.4991,0.7259,-7.9415,-4.3022,-2.2274
707.00,-7.7968,-3.8374,-2.3223,12.9062,2.5057,0.6955,-7.9477,-4.3101,-2.2579
707.50,-7.7968,-3.8378,-2.3562,12.9066,2.5061,0.6637,-7.9480,-4.3106,-2.2897
708.00,-7.7970,-3.8378,-2.3901,12.9068,2.5063,0.6318,-7.9482,-4.3108,-2.3215
708.50,-7.7971,-3.8379,-2.4229,12.9070,2.5065,0.6012,-7.9484,-4.3110,-2.3522
709.00,-7.7971,-3.8377,-2.4556,12.9068,2.5063,0.5704,-7.9482,-4.3108,-2.3830
709.50,-7.7970,-3.8371,-2.4892,12.9064,2.5061,0.5397,-7.9478,-4.3105,-2.4137
710.00,-7.7970,-3.8361,-2.5237,12.9058,2.5058,0.5076,-7.9473,-4.3101,-2.4458
710.50,-7.7969,-3.8346,-2.5591,12.9040,2.5048,0.4741,-7.9457,-4.3088,-2.4793
711.00,-7.7968,-3.8326,-2.5955,12.9029,2.5043,0.4395,-7.9447,-4.3081,-2.5139
711.50,-7.7968,-3.8302,-2.6328,12.9002,2.5031,0.4039,-7.9423,-4.3064,-2.5495
712.00,-7.7968,-3.8273,-2.6711,12.8972,2.5018,0.3682,-7.9396,-4.3046,-2.5852
712.50,-7.7967,-3.8240,-2.7105,12.8948,2.5010,0.3312,-7.9374,-4.3033,-2.6222
713.00,-7.7967,-3.8201,-2.7509,12.8908,2.4997,0.2931,-7.9337,-4.3013,-2.6603
713.50,-7.7966,-3.8158,-2.7925,12.8872,2.4987,0.2535,-7.9303,-4.2996,-2.6999
714.00,-7.7966,-3.8110,-2.8353,12.8829,2.4976,0.2127,-7.9263,-4.2978,-2.7407
714.50,-7.7966,-3.8057,-2.8794,12.8776,2.4966,0.1707,-7.9213,-4.2958,-2.7826
715.00,-7.7965,-3.7999,-2.9249,12.8718,2.4958,0.1274,-7.9158,-4.2939,-2.8259
715.50,-7.7965,-3.7937,-2.9718,12.8657,2.4951,0.0824,-7.9099,-4.2921,-2.8710
716.00,-7.7965,-3.7869,-3.0204,12.8588,2.4947,0.0366,-7.9032,-4.2904,-2.9167
716.50,-7.7965,-3.7797,-3.0706,12.8511,2.4946,-0.0116,-7.8957,-4.2889,-2.9650
717.00,-7.7965,-3.7720,-3.1228,12.8432,2.4949,-0.0617,-7.8878,-4.2877,-3.0150
717.50,-7.7965,-3.7640,3.1070,12.8443,2.4947,-0.1123,-7.8889,-4.2877,-3.0657
718.00,-7.7965,-3.7564,3.0554,12.8519,2.4937,-0.1624,-7.8966,-4.2881,-3.1158
718.50,-7.7965,-3.7493,3.0057,12.8583,2.4925,-0.2096,-7.9031,-4.2881,3.1202
719.00,-7.7965,-3.7427,2.9576,12.8664,2.4906,-0.2560,-7.9114,-4.2878,3.0738
719.50,-7.7965,-3.7366,2.9112,12.8734,2.4885,-0.3005,-7.9187,-4.2871,3.0293
720.00,-7.7966,-3.7309,2.8661,12.8790,2.4867,-0.3429,-7.9245,-4.2863,2.9869
720.50,-7.7966,-3.7258,2.8224,12.8829,2.4852,-0.3842,-7.9287,-4.2856,2.9456
721.00,-7.7966,-3.7211,2.7799,12.8869,2.4835,-0.4245,-7.9328,-4.2847,2.9053
721.50,-7.7967,-3.7169,2.7387,12.8909,2.4816,-0.4638,-7.9371,-4.2836,2.8661
722.00,-7.7967,-3.7133,2.6986,12.8932,2.4804,-0.5020,-7.9396,-4.2828,2.8278
722.50,-7.7968,-3.7100,2.6595,12.8959,2.4788,-0.5387,-7.9426,-4.2818,2.7911
723.00,-7.7968,-3.7073,2.6215,12.8985,2.4772,-0.5749,-7.9455,-4.2807,2.7549
723.50,-7.7969,-3.7050,2.5845,12.9003,2.4760,-0.6095,-7.9475,-4.2798,2.7203
724.00,-7.7969,-3.7032,2.5484,12.9023,2.4746,-0.6436,-7.9497,-4.2788,2.6863
724.50,-7.7970,-3.7019,2.5133,12.9034,2.4738,-0.6768,-7.9509,-4.2782,2.6530
725.00,-7.7970,-3.7009,2.4791,12.9040,2.4732,-0.7088,-7.9516,-4.2778,2.6210
725.50,-7.7971,-3.7005,2.4457,12.9044,2.4729,-0.7401,-7.9520,-4.2775,2.5897
726.00,-7.7971,-3.7004,2.4132,12.9043,2.4729,-0.7704,-7.9520,-4.2776,2.5594
726.50,-7.7975,-3.7005,2.3801,12.9043,2.4730,-0.8012,-7.9519,-4.2776,2.5287
727.00,-7.7977,-3.7005,2.3559,12.9044,2.4729,-0.8221,-7.9521,-4.2775,2.5077
727.50,-7.7978,-3.7003,2.3220,12.9046,2.4727,-0.8537,-7.9522,-4.2774,2.4761
728.00,-7.7978,-3.7002,2.2892,12.9048,2.4725,-0.8840,-7.9525,-4.2772,2.4458
728.50,-7.7977,-3.7002,2.2565,12.9047,2.4725,-0.9143,-7.9524,-4.2772,2.4155
729.00,-7.7971,-3.7003,2.2229,12.9043,2.4731,-0.9459,-7.9519,-4.2777,2.3839
729.50,-7.7960,-3.7003,2.1884,12.9037,2.4740,-0.9789,-7.9512,-4.2784,2.3509
730.00,-7.7945,-3.7004,2.1530,12.9029,2.4751,-1.0118,-7.9502,-4.2794,2.3180
730.50,-7.7926,-3.7004,2.1166,12.9016,2.4774,-1.0459,-7.9485,-4.2814,2.2839
731.00,-7.7902,-3.7005,2.0793,12.9003,2.4797,-1.0808,-7.9467,-4.2834,2.2490
731.50,-7.7873,-3.7005,2.0410,12.8987,2.4828,-1.1171,-7.9446,-4.2862,2.2127
732.00,-7.7839,-3.7006,2.0016,12.8970,2.4865,-1.1541,-7.9422,-4.2895,2.1757
732.50,-7.7801,-3.7006,1.9612,12.8958,2.4893,-1.1926,-7.9406,-4.2920,2.1372
733.00,-7.7757,-3.7007,1.9195,12.8943,2.4933,-1.2318,-7.9383,-4.2957,2.0980
733.50,-7.7709,-3.7007,1.8767,12.8925,2.4987,-1.2719,-7.9355,-4.3007,2.0579
734.00,-7.7656,-3.7007,1.8326,12.8908,2.5047,-1.3139,-7.9327,-4.3062,2.0160
734.50,-7.7598,-3.7008,1.7871,12.8893,2.5110,-1.3571,-7.9301,-4.3121,1.9727
735.00,-7.7536,-3.7008,1.7402,12.8881,2.5172,-1.4017,-7.9277,-4.3180,1.9281
735.50,-7.7468,-3.7008,1.6916,12.8871,2.5236,-1.4479,-7.9256,-4.3241,1.8819
736.00,-7.7452,-3.7008,1.6899,12.8869,2.5254,-1.4489,-7.9002,-4.1719,1.7518
736.50,-7.7516,-3.7008,1.7385,12.8879,2.5187,-1.3980,-7.9016,-4.1652,1.8027
737.00,-7.7579,-3.7008,1.7855,12.8891,2.5129,-1.3482,-7.9030,-4.1595,1.8525
737.50,-7.7637,-3.7007,1.8310,12.8903,2.5080,-1.3010,-7.9046,-4.1547,1.8997
738.00,-7.7690,-3.7007,1.8752,12.8916,2.5037,-1.2554,-7.9061,-4.1505,1.9453
738.50,-7.7738,-3.7007,1.9181,12.8930,2.4997,-1.2109,-7.9077,-4.1466,1.9898
739.00,-7.7782,-3.7006,1.9597,12.8947,2.4955,-1.1667,-7.9097,-4.1424,2.0340
739.50,-7.7820,-3.7006,2.0002,12.8965,2.4914,-1.1241,-7.9118,-4.1385,2.0766
740.00,-7.7854,-3.7005,2.0397,12.8983,2.4880,-1.0823,-7.9137,-4.1352,2.1184
740.50,-7.7883,-3.7005,2.0780,12.8995,2.4858,-1.0425,-7.9151,-4.1331,2.1582
741.00,-7.7907,-3.7004,2.1154,12.9012,2.4829,-1.0034,-7.9170,-4.1303,2.1973
741.50,-7.7927,-3.7004,2.1518,12.9023,2.4813,-0.9647,-7.9416,-4.1711,2.2150
742.00,-7.7942,-3.7003,2.1872,12.9035,2.4797,-0.9270,-7.9427,-4.1696,2.2528
742.50,-7.7953,-3.7003,2.2217,12.9040,2.4790,-0.8903,-7.9433,-4.1689,2.2894
743.00,-7.7959,-3.7002,2.2554,12.9044,2.4786,-0.8549,-7.9437,-4.1685,2.3249
743.50,-7.7961,-3.7002,2.2881,12.9046,2.4784,-0.8201,-7.9439,-4.1683,2.3596
744.00,-7.7960,-3.7003,2.3209,12.9045,2.4784,-0.7848,-7.9438,-4.1684,2.3949
744.50,-7.7960,-3.7005,2.3547,12.9042,2.4787,-0.7491,-7.9435,-4.1686,2.4306
745.00,-7.7957,-3.7005,2.3887,12.9037,2.4792,-0.7127,-7.9430,-4.1691,2.4670
745.50,-7.7954,-3.7004,2.4215,12.9033,2.4795,-0.6773,-7.9426,-4.1694,2.5025
746.00,-7.7953,-3.7005,2.4527,12.9031,2.4796,-0.6423,-7.9424,-4.1695,2.5374
746.50,-7.7954,-3.7004,2.4289,12.9034,2.4794,-0.6647,-7.9427,-4.1693,2.5151
747.00,-7.7912,-3.7042,2.4101,12.8988,2.4831,-0.6824,-7.9380,-4.1728,2.4974
747.50,-7.7763,-3.7176,2.4101,12.8845,2.4947,-0.6801,-7.9233,-4.1839,2.4997
748.00,-7.7614,-3.7309,2.4101,12.8676,2.5084,-0.6780,-7.9058,-4.1969,2.5017
748.50,-7.7465,-3.7443,2.4101,12.8490,2.5233,-0.6761,-7.9004,-4.2159,2.4757
749.00,-7.7317,-3.7577,2.4101,12.8332,2.5360,-0.6741,-7.8844,-4.2285,2.4778
749.50,-7.7168,-3.7710,2.4101,12.8167,2.5491,-0.6721,-7.8678,-4.2414,2.4797
750.00,-7.7019,-3.7844,2.4101,12.8026,2.5603,-0.6694,-7.8536,-4.2525,2.4824
750.50,-7.6870,-3.7977,2.4101,12.7864,2.5731,-0.6671,-7.8373,-4.2651,2.4847
751.00,-7.6721,-3.8111,2.4101,12.7709,2.5853,-0.6646,-7.8231,-4.2690,2.4768
751.50,-7.6572,-3.8245,2.4101,12.7536,2.5988,-0.6627,-7.8058,-4.2825,2.4787
752.00,-7.6424,-3.8378,2.4101,12.7362,2.6124,-0.6606,-7.7884,-4.2961,2.4807
752.50,-7.6275,-3.8512,2.4101,12.7217,2.6236,-0.6584,-7.7739,-4.3073,2.4830
753.00,-7.6126,-3.8645,2.4101,12.7057,2.6360,-0.6565,-7.7579,-4.3197,2.4849
753.50,-7.6078,-3.8688,2.4302,12.6994,2.6408,-0.6359,-7.7530,-4.3263,2.4950
754.00,-7.6078,-3.8690,2.4631,12.6992,2.6410,-0.6010,-7.7528,-4.3265,2.5299
754.50,-7.6077,-3.8697,2.4969,12.6983,2.6416,-0.5650,-7.7519,-4.3271,2.5659
755.00,-7.6076,-3.8709,2.5316,12.6975,2.6421,-0.5278,-7.7511,-4.3276,2.6031
755.50,-7.6076,-3.8724,2.5672,12.6965,2.6426,-0.4908,-7.7501,-4.3282,2.6401
756.00,-7.6075,-3.8745,2.6037,12.6951,2.6433,-0.4527,-7.7487,-4.3289,2.6782
756.50,-7.6075,-3.8770,2.6413,12.6926,2.6445,-0.4126,-7.7463,-4.3301,2.7183
757.00,-7.6074,-3.8800,2.6798,12.6896,2.6457,-0.3722,-7.7433,-4.3314,2.7587
757.50,-7.6074,-3.8835,2.7194,12.6860,2.6471,-0.3303,-7.7397,-4.3327,2.8006
758.00,-7.6074,-3.8874,2.7601,12.6821,2.6483,-0.2874,-7.7358,-4.3340,2.8435
758.50,-7.6073,-3.8918,2.8020,12.6780,2.6494,-0.2437,-7.7317,-4.3352,2.8872
759.00,-7.6073,-3.8968,2.8451,12.6721,2.6508,-0.1988,-7.7441,-4.3494,2.9092
759.50,-7.6073,-3.9022,2.8895,12.6681,2.6515,-0.1523,-7.7433,-4.3529,2.9506
760.00,-7.6072,-3.9081,2.9353,12.6616,2.6523,-0.1046,-7.7368,-4.3541,2.9984
760.50,-7.6072,-3.9145,2.9826,12.6554,2.6528,-0.0559,-7.7306,-4.3548,3.0470
761.00,-7.6072,-3.9213,3.0315,12.6486,2.6531,-0.0047,-7.7238,-4.3553,3.0982
761.50,-7.6072,-3.9287,3.0821,12.6400,2.6529,0.0483,-7.7153,-4.3554,-3.1319
762.00,-7.6072,-3.9365,3.1348,12.6322,2.6523,0.1022,-7.7074,-4.3551,-3.0780
762.50,-7.6072,-3.9444,-3.0953,12.6379,2.6531,0.1575,-7.7131,-4.3557,-3.0227
763.00,-7.6072,-3.9518,-3.0441,12.6460,2.6546,0.2108,-7.7213,-4.3569,-2.9694
763.50,-7.6072,-3.9588,-2.9948,12.6536,2.6564,0.2616,-7.7289,-4.3584,-2.9186
764.00,-7.6072,-3.9653,-2.9471,12.6613,2.6587,0.3117,-7.7368,-4.3604,-2.8685
764.50,-7.6284,-3.9748,-2.8580,12.6826,2.6666,0.3973,-7.7583,-4.3675,-2.7830
765.00,-7.7084,-3.9986,-2.8353,12.7598,2.7010,0.4199,-7.8368,-4.3989,-2.7604
765.50,-7.8303,-4.0388,-2.8177,12.8748,2.7534,0.4347,-7.9634,-4.5075,-2.7629
766.00,-7.9358,-4.0851,-2.7000,12.9808,2.8082,0.5505,-8.0724,-4.5561,-2.6437
766.50,-7.9987,-4.1345,-2.4778,13.0416,2.8548,0.7754,-8.1258,-4.6090,-2.4153
767.00,-8.0591,-4.1933,-2.2623,13.0959,2.9205,0.9931,-8.1831,-4.6723,-2.2011
767.50,-8.1184,-4.2892,-2.0378,13.1466,3.0224,1.2182,-8.2391,-4.7713,-1.9760
768.00,-8.1689,-4.4088,-1.8170,13.1781,3.1515,1.4431,-8.2773,-4.8988,-1.7546
768.50,-8.2042,-4.5364,-1.7231,13.1873,3.2814,1.5399,-8.3032,-5.0227,-1.6613
769.00,-8.2280,-4.6644,-1.7973,13.1945,3.4156,1.4681,-8.3184,-5.1562,-1.7331
769.50,-8.2609,-4.7898,-1.8563,13.2131,3.5449,1.4081,-8.3447,-5.2841,-1.7965
770.00,-8.2957,-4.9147,-1.8266,13.2335,3.6782,1.4412,-8.3750,-5.4159,-1.7669
770.50,-8.3232,-5.0362,-1.6351,13.2404,3.8032,1.6305,-8.3885,-5.5302,-1.5776
771.00,-8.3388,-5.1651,-1.4072,13.2158,3.9312,1.8612,-8.3904,-5.6678,-1.3504
771.50,-8.3325,-5.2886,-1.1842,13.1673,4.0479,2.0877,-8.3720,-5.7794,-1.1239
772.00,-8.2900,-5.3968,-0.9582,13.0967,4.1445,2.3131,-8.3363,-5.8906,-0.9021
772.50,-8.2197,-5.4829,-0.7508,13.0138,4.2199,2.5205,-8.2609,-5.9719,-0.6946
773.00,-8.1278,-5.5486,-0.5438,12.9108,4.2780,2.7288,-8.1624,-6.0374,-0.4863
773.50,-8.0125,-5.6079,-0.3232,12.7777,4.3201,2.9510,-8.0426,-6.0889,-0.2676
774.00,-7.8865,-5.6542,-0.1833,12.6401,4.3352,3.0935,-7.9166,-6.1227,-0.1251
774.50,-7.7586,-5.6800,-0.2134,12.5081,4.3416,3.0661,-7.7955,-6.1409,-0.1560
775.00,-7.6332,-5.7127,-0.3042,12.3824,4.3579,2.9739,-7.6715,-6.1673,-0.2482
775.50,-7.5095,-5.7533,-0.3162,12.2477,4.3817,2.9615,-7.5391,-6.2117,-0.2641
776.00,-7.3895,-5.7932,-0.3311,12.1207,4.4043,2.9522,-7.4163,-6.2448,-0.2734
776.50,-7.3169,-5.8233,-0.3726,12.0439,4.4203,2.9123,-7.3473,-6.2665,-0.3196
777.00,-7.3013,-5.8332,-0.4133,12.0241,4.4252,2.8736,-7.3298,-6.2730,-0.3590
777.50,-7.3012,-5.8367,-0.4532,12.0206,4.4262,2.8358,-7.3266,-6.2750,-0.3933
778.00,-7.3012,-5.8398,-0.4919,12.0174,4.4273,2.7990,-7.3235,-6.2763,-0.4301
778.50,-7.3011,-5.8424,-0.5297,12.0152,4.4281,2.7633,-7.3214,-6.2773,-0.4658
779.00,-7.3011,-5.8446,-0.5665,12.0130,4.4290,2.7286,-7.3192,-6.2784,-0.5005
779.50,-7.3010,-5.8463,-0.6023,12.0112,4.4298,2.6947,-7.3176,-6.2793,-0.5344
780.00,-7.3010,-5.8475,-0.6372,12.0102,4.4303,2.6620,-7.3166,-6.2799,-0.5671
780.50,-7.3009,-5.8483,-0.6712,12.0097,4.4305,2.6301,-7.3161,-6.2802,-0.5990
781.00,-7.3009,-5.8487,-0.7043,12.0094,4.4307,2.5995,-7.3158,-6.2804,-0.6296
781.50,-7.3007,-5.8487,-0.7368,12.0094,4.4307,2.5692,-7.3159,-6.2804,-0.6599
782.00,-7.3003,-5.8486,-0.7702,12.0091,4.4309,2.5384,-7.3155,-6.2807,-0.6907
782.50,-7.3002,-5.8486,-0.8044,12.0089,4.4310,2.5061,-7.3154,-6.2808,-0.7230
783.00,-7.3001,-5.8489,-0.8376,12.0086,4.4312,2.4743,-7.3151,-6.2810,-0.7548
783.50,-7.3002,-5.8489,-0.8701,12.0087,4.4312,2.4441,-7.3152,-6.2810,-0.7850
784.00,-7.3006,-5.8489,-0.9034,12.0093,4.4307,2.4136,-7.3157,-6.2804,-0.8155
784.50,-7.3014,-5.8488,-0.9374,12.0098,4.4302,2.3812,-7.3162,-6.2799,-0.8479
785.00,-7.3027,-5.8487,-0.9724,12.0110,4.4290,2.3486,-7.3173,-6.2786,-0.8805
785.50,-7.3044,-5.8487,-1.0083,12.0122,4.4278,2.3150,-7.3183,-6.2773,-0.9141
786.00,-7.3066,-5.8486,-1.0452,12.0136,4.4262,2.2797,-7.3196,-6.2756,-0.9494
786.50,-7.3093,-5.8486,-1.0831,12.0152,4.4243,2.2437,-7.3210,-6.2736,-0.9854
787.00,-7.3125,-5.8486,-1.1220,12.0163,4.4229,2.2076,-7.3220,-6.2720,-1.0214
787.50,-7.3161,-5.8485,-1.1619,12.0184,4.4199,2.1695,-7.3238,-6.2689,-1.0596
788.00,-7.3202,-5.8485,-1.2030,12.0202,4.4171,2.1303,-7.3254,-6.2660,-1.0988
788.50,-7.3248,-5.8484,-1.2453,12.0225,4.4132,2.0903,-7.3274,-6.2619,-1.1388
789.00,-7.3299,-5.8484,-1.2888,12.0255,4.4078,2.0484,-7.3299,-6.2562,-1.1807
789.50,-7.3354,-5.8484,-1.3337,12.0279,4.4029,2.0053,-7.3318,-6.2511,-1.2238
790.00,-7.3415,-5.8483,-1.3799,12.0304,4.3973,1.9610,-7.3338,-6.2453,-1.2681
790.50,-7.3480,-5.8483,-1.4277,12.0328,4.3909,1.9148,-7.3357,-6.2388,-1.3143
791.00,-7.3551,-5.8483,-1.4772,12.0348,4.3851,1.8676,-7.3371,-6.2328,-1.3615
791.50,-7.3625,-5.8483,-1.5285,12.0371,4.3767,1.8182,-7.3387,-6.2242,-1.4109
792.00,-7.3705,-5.8483,-1.5817,12.0387,4.3701,1.7664,-7.3959,-6.2855,-1.5290
792.50,-7.3783,-5.8483,-1.6342,12.0372,4.3782,1.7158,-7.3957,-6.2937,-1.5795
793.00,-7.3856,-5.8483,-1.6848,12.0363,4.3861,1.6671,-7.3960,-6.3017,-1.6282
793.50,-7.3924,-5.8483,-1.7335,12.0358,4.3928,1.6206,-7.3966,-6.3084,-1.6748
794.00,-7.3987,-5.8484,-1.7807,12.0356,4.3999,1.5750,-7.3975,-6.3154,-1.7204
794.50,-7.4046,-5.8484,-1.8264,12.0357,4.4060,1.5315,-7.3985,-6.3214,-1.7638
795.00,-7.4100,-5.8484,-1.8707,12.0361,4.4121,1.4897,-7.3998,-6.3274,-1.8057
795.50,-7.4149,-5.8484,-1.9137,12.0365,4.4163,1.4493,-7.4008,-6.3315,-1.8461
796.00,-7.4192,-5.8485,-1.9555,12.0370,4.4202,1.4095,-7.4020,-6.3353,-1.8859
796.50,-7.4232,-5.8485,-1.9961,12.0376,4.4236,1.3713,-7.4031,-6.3385,-1.9241
797.00,-7.4260,-5.8486,-2.0300,12.0383,4.4267,1.3406,-7.4610,-6.3027,-1.9723
797.50,-7.4288,-5.8486,-2.0683,12.0391,4.4297,1.3028,-7.4623,-6.3056,-2.0101
798.00,-7.4313,-5.8487,-2.1059,12.0398,4.4321,1.2673,-7.4634,-6.3078,-2.0455
798.50,-7.4334,-5.8487,-2.1426,12.0407,4.4348,1.2323,-7.4647,-6.3103,-2.0805
799.00,-7.4350,-5.8488,-2.1782,12.0410,4.4355,1.1984,-7.4651,-6.3110,-2.1145
799.50,-7.4362,-5.8488,-2.2130,12.0417,4.4373,1.1649,-7.4661,-6.3126,-2.1479
800.00,-7.4369,-5.8489,-2.2469,12.0421,4.4381,1.1329,-7.4666,-6.3133,-2.1799
800.50,-7.4372,-5.8489,-2.2799,12.0421,4.4382,1.1019,-7.4667,-6.3134,-2.2110
801.00,-7.4372,-5.8491,-2.3124,12.0422,4.4384,1.0708,-7.4668,-6.3136,-2.2420
801.50,-7.4371,-5.8495,-2.3460,12.0424,4.4388,1.0396,-7.4671,-6.3140,-2.2732
802.00,-7.4372,-5.8496,-2.3801,12.0425,4.4390,1.0074,-7.4673,-6.3141,-2.3054
802.50,-7.4375,-5.8497,-2.4132,12.0427,4.4392,0.9764,-7.4674,-6.3143,-2.3364
803.00,-7.4374,-5.8496,-2.4458,12.0426,4.4391,0.9460,-7.4674,-6.3143,-2.3668
803.50,-7.4374,-5.8491,-2.4791,12.0422,4.4385,0.9149,-7.4668,-6.3137,-2.3980
804.00,-7.4373,-5.8482,-2.5133,12.0416,4.4378,0.8830,-7.4661,-6.3131,-2.4298
804.50,-7.4373,-5.8469,-2.5484,12.0405,4.4365,0.8499,-7.4648,-6.3120,-2.4629
805.00,-7.4372,-5.8450,-2.5845,12.0393,4.4352,0.8161,-7.4634,-6.3110,-2.4968
805.50,-7.4372,-5.8428,-2.6215,12.0385,4.4344,0.7808,-7.4625,-6.3103,-2.5320
806.00,-7.4371,-5.8400,-2.6595,12.0363,4.4323,0.7444,-7.4600,-6.3086,-2.5684
806.50,-7.4371,-5.8368,-2.6986,12.0342,4.4304,0.7079,-7.4575,-6.3071,-2.6049
807.00,-7.4370,-5.8331,-2.7387,12.0322,4.4288,0.6698,-7.4554,-6.3058,-2.6430
807.50,-7.4370,-5.8289,-2.7800,12.0285,4.4260,0.6304,-7.4512,-6.3037,-2.6825
808.00,-7.4369,-5.8243,-2.8224,12.0253,4.4237,0.5896,-7.4476,-6.3020,-2.7232
808.50,-7.4369,-5.8191,-2.8661,12.0206,4.4207,0.5488,-7.4425,-6.2998,-2.7640
809.00,-7.4369,-5.8135,-2.9112,12.0155,4.4177,0.5056,-7.4369,-6.2978,-2.8072
809.50,-7.4369,-5.8074,-2.9576,12.0096,4.4146,0.4615,-7.4306,-6.2957,-2.8513
810.00,-7.4368,-5.8007,-3.0057,12.0029,4.4115,0.4158,-7.4235,-6.2938,-2.8971
810.50,-7.4368,-5.7937,-3.0554,11.9962,4.4087,0.3678,-7.4165,-6.2922,-2.9450
811.00,-7.4386,-5.7860,-3.1123,11.9937,4.4078,0.3157,-7.4720,-6.2421,-3.0495
811.50,-7.4853,-5.7763,3.1020,12.0415,4.4212,0.2485,-7.5216,-6.2446,-3.1167
812.00,-7.5932,-5.7636,3.0427,12.1461,4.4450,0.1944,-7.6288,-6.2256,3.1019
812.50,-7.7211,-5.7417,2.8798,12.2731,4.4598,0.0308,-7.7559,-6.2110,2.9354
813.00,-7.8449,-5.7101,2.7844,12.3999,4.4580,-0.0639,-7.8787,-6.1794,2.8402
813.50,-7.9644,-5.6678,2.6770,12.5315,4.4434,-0.1684,-8.0114,-6.1445,2.7363
814.00,-8.0763,-5.6110,2.5261,12.6512,4.4144,-0.3196,-8.1127,-6.0979,2.5879
814.50,-8.1773,-5.5312,2.3977,12.7680,4.3669,-0.4455,-8.2246,-6.0219,2.4557
815.00,-8.2594,-5.4438,2.2199,12.8753,4.3060,-0.6209,-8.3099,-5.9374,2.2797
815.50,-8.3232,-5.3406,2.0045,12.9704,4.2232,-0.8311,-8.3795,-5.8352,2.0677
816.00,-8.3798,-5.2562,1.7204,13.0317,4.1360,-1.1096,-8.4228,-5.7465,1.7840
816.50,-8.4194,-5.1401,1.4220,13.0698,4.0144,-1.4055,-8.4616,-5.6338,1.4803
817.00,-8.4140,-5.0146,1.2024,13.0769,3.8909,-1.6278,-8.4724,-5.5235,1.2588
817.50,-8.3693,-4.8963,1.1064,13.0631,3.7701,-1.7232,-8.4487,-5.4054,1.1652
818.00,-8.3136,-4.7794,1.1606,13.0444,3.6331,-1.6679,-8.3962,-5.2674,1.2204
818.50,-8.2665,-4.6570,1.2830,13.0409,3.5027,-1.5407,-8.3677,-5.1473,1.3476
819.00,-8.2281,-4.5322,1.2752,13.0454,3.3681,-1.5487,-8.3344,-5.0204,1.3344
819.50,-8.1919,-4.4076,1.3018,13.0495,3.2339,-1.5186,-8.3045,-4.8952,1.3629
820.00,-8.1551,-4.2826,1.2670,13.0552,3.1007,-1.5533,-8.2753,-4.7698,1.3307
820.50,-8.1127,-4.1593,1.2468,13.0552,2.9714,-1.5713,-8.2428,-4.6447,1.3081
821.00,-8.0677,-4.0369,1.1893,13.0526,2.8322,-1.6258,-8.2044,-4.5151,1.2547
821.50,-8.0137,-3.9183,1.1073,13.0402,2.7014,-1.7055,-8.1593,-4.3958,1.1698
822.00,-7.9505,-3.8042,1.0387,13.0188,2.5754,-1.7719,-8.1009,-4.2838,1.1016
822.50,-7.8831,-3.6927,1.0427,12.9924,2.4498,-1.7668,-8.0424,-4.1695,1.1038
823.00,-7.8214,-3.5789,1.0731,12.9704,2.3218,-1.7308,-7.9869,-4.0466,1.1392
823.50,-7.7564,-3.4657,1.0504,12.9469,2.1897,-1.7530,-7.9292,-3.9286,1.1127
824.00,-7.6952,-3.3518,1.0803,12.9258,2.0600,-1.7174,-7.8733,-3.8141,1.1480
824.50,-7.6309,-3.2379,1.0429,12.9050,1.9297,-1.7528,-7.8213,-3.6963,1.1094
825.00,-7.5600,-3.1274,0.9943,12.8776,1.7999,-1.8000,-7.7548,-3.5796,1.0566
825.50,-7.4881,-3.0188,0.9936,12.8468,1.6698,-1.7987,-7.6888,-3.4679,1.0579
826.00,-7.4222,-2.9076,1.0569,12.8222,1.5426,-1.7301,-7.6294,-3.3527,1.1248
826.50,-7.3576,-2.7944,1.0482,12.8010,1.4114,-1.7366,-7.5746,-3.2359,1.1137
827.00,-7.2890,-2.6830,1.0095,12.7773,1.2831,-1.7731,-7.5102,-3.1229,1.0737
827.50,-7.2171,-2.5739,0.9871,12.7484,1.1508,-1.7947,-7.4446,-3.0047,1.0488
828.00,-7.1492,-2.4640,1.0316,12.7222,1.0223,-1.7438,-7.3870,-2.8995,1.0995
828.50,-7.0809,-2.3529,0.9991,12.6981,0.8893,-1.7744,-7.3178,-2.7764,1.0642
829.00,-7.0054,-2.2456,0.9457,12.6696,0.7678,-1.8250,-7.2547,-2.6729,1.0101
829.50,-6.9266,-2.1415,0.9079,12.6329,0.6350,-1.8616,-7.1813,-2.5572,0.9695
830.00,-6.8473,-2.0387,0.9263,12.5976,0.5145,-1.8388,-7.1121,-2.4561,0.9928
830.50,-6.7694,-1.9347,0.9232,12.5639,0.3902,-1.8406,-7.0369,-2.3479,0.9867
831.00,-6.6889,-1.8323,0.8737,12.5270,0.2645,-1.8867,-6.9592,-2.2395,0.9371
831.50,-6.5997,-1.7371,0.7510,12.4781,0.1396,-2.0057,-6.8796,-2.1360,0.8169
832.00,-6.4997,-1.6533,0.6406,12.4204,0.0318,-2.1161,-6.7897,-2.0518,0.7042
832.50,-6.3942,-1.5774,0.6232,12.3480,-0.0831,-2.1321,-6.6856,-1.9627,0.6865
833.00,-6.3194,-1.5184,0.7243,12.2986,-0.1686,-2.0285,-6.6138,-1.9002,0.7894
833.50,-6.2962,-1.4968,0.7803,12.2843,-0.1998,-1.9713,-6.5938,-1.8750,0.8455
834.00,-6.2961,-1.4970,0.8143,12.2843,-0.1996,-1.9358,-6.5984,-1.8786,0.8787
834.50,-6.2960,-1.4973,0.8472,12.2844,-0.1994,-1.9006,-6.5986,-1.8787,0.9139
835.00,-6.2961,-1.4974,0.8799,12.2844,-0.1993,-1.8665,-6.5986,-1.8788,0.9479
835.50,-6.2967,-1.4975,0.9133,12.2847,-0.1983,-1.8312,-6.5991,-1.8796,0.9833
836.00,-6.2976,-1.4975,0.9477,12.2849,-0.1974,-1.7946,-6.5996,-1.8804,1.0199
836.50,-6.2991,-1.4976,0.9829,12.2850,-0.1965,-1.7574,-6.6001,-1.8812,1.0571
837.00,-6.3009,-1.4976,1.0191,12.2854,-0.1943,-1.7192,-6.6011,-1.8832,1.0953
837.50,-6.3033,-1.4977,1.0563,12.2858,-0.1915,-1.6802,-6.6024,-1.8857,1.1343
838.00,-6.3061,-1.4977,1.0945,12.2861,-0.1886,-1.6398,-6.6036,-1.8884,1.1747
838.50,-6.3094,-1.4978,1.1337,12.2862,-0.1853,-1.5988,-6.6048,-1.8915,1.2156
839.00,-6.3100,-1.4860,1.2052,12.2864,-0.1961,-1.5299,-6.6015,-1.8812,1.2846
839.50,-6.2997,-1.4178,1.3089,12.2933,-0.2645,-1.4252,-6.5861,-1.8142,1.3893
840.00,-6.2869,-1.2965,1.4425,12.3199,-0.3890,-1.2944,-6.5938,-1.6703,1.5015
840.50,-6.2832,-1.1669,1.5628,12.3619,-0.5095,-1.1715,-6.5970,-1.5460,1.6279
841.00,-6.2885,-1.0374,1.7312,12.4233,-0.6271,-0.9968,-6.6247,-1.4146,1.7979
841.50,-6.3031,-0.9113,1.9027,12.5005,-0.7273,-0.8223,-6.6561,-1.2940,1.9689
842.00,-6.3395,-0.7924,2.0662,12.5962,-0.8147,-0.6584,-6.6978,-1.1760,2.1281
842.50,-6.4016,-0.6831,2.2224,12.7021,-0.8841,-0.5015,-6.7618,-1.0710,2.2839
843.00,-6.4848,-0.5843,2.3244,12.8195,-0.9406,-0.3973,-6.8419,-0.9709,2.3881
843.50,-6.5765,-0.4924,2.3736,12.9414,-0.9875,-0.3482,-6.9468,-0.8884,2.4364
844.00,-6.6689,-0.4009,2.3340,13.0705,-1.0364,-0.3857,-7.0398,-0.7983,2.3988
844.50,-6.7542,-0.3026,2.2446,13.1927,-1.0926,-0.4748,-7.1342,-0.7084,2.3080
845.00,-6.8326,-0.1994,2.2167,13.3113,-1.1565,-0.4998,-7.2197,-0.6069,2.2821
845.50,-6.9123,-0.0963,2.2437,13.4254,-1.2171,-0.4705,-7.2961,-0.5100,2.3070
846.00,-6.9960,0.0035,2.2850,13.5491,-1.2766,-0.4281,-7.3928,-0.4151,2.3480
846.50,-7.0817,0.1013,2.2935,13.6621,-1.3274,-0.4180,-7.4750,-0.3270,2.3574
847.00,-7.1679,0.1986,2.2929,13.7820,-1.3802,-0.4159,-7.5789,-0.2326,2.3554
847.50,-7.2506,0.2989,2.2080,13.9069,-1.4403,-0.4981,-7.6787,-0.1315,2.2694
848.00,-7.3252,0.4056,2.1683,14.0236,-1.5079,-0.5343,-7.7527,-0.0360,2.2332
848.50,-7.3995,0.5126,2.1946,14.1399,-1.5756,-0.5068,-7.8264,0.0693,2.2572
849.00,-7.4806,0.6145,2.2872,14.2600,-1.6349,-0.4112,-7.9264,0.1686,2.3493
849.50,-7.5670,0.7116,2.2936,14.3829,-1.6870,-0.4046,-8.0113,0.2525,2.3559
850.00,-7.6522,0.8097,2.2690,14.5050,-1.7399,-0.4241,-8.0970,0.3468,2.3335
850.50,-7.7322,0.9116,2.2161,14.6212,-1.7961,-0.4748,-8.1921,0.4423,2.2787
851.00,-7.8054,1.0172,2.1566,14.7394,-1.8615,-0.5347,-8.2666,0.5476,2.2189
851.50,-7.8546,1.0925,2.1206,14.8202,-1.9110,-0.5680,-8.3229,0.6238,2.1820
852.00,-7.8695,1.1159,2.0840,14.8431,-1.9260,-0.6024,-8.3384,0.6364,2.1476
852.50,-7.8672,1.1159,2.0458,14.8413,-1.9247,-0.6388,-8.3372,0.6345,2.1113
853.00,-7.8639,1.1158,2.0065,14.8391,-1.9229,-0.6759,-8.3358,0.6320,2.0741
853.50,-7.8602,1.1158,1.9662,14.8363,-1.9206,-0.7143,-8.3341,0.6288,2.0357
854.00,-7.8559,1.1158,1.9247,14.8335,-1.9180,-0.7536,-8.3325,0.6254,1.9965
854.50,-7.8511,1.1157,1.8821,14.8301,-1.9148,-0.7942,-8.3307,0.6210,1.9558
855.00,-7.8459,1.1157,1.8381,14.8261,-1.9105,-0.8359,-8.3286,0.6156,1.9142
855.50,-7.8402,1.1157,1.7928,14.8219,-1.9056,-0.8793,-8.3266,0.6095,1.8708
856.00,-7.8339,1.1156,1.7461,14.8173,-1.8998,-0.9242,-8.3245,0.6023,1.8259
856.50,-7.8272,1.1156,1.6977,14.8129,-1.8936,-0.9703,-8.3228,0.5949,1.7798
857.00,-7.8201,1.1156,1.6477,14.8090,-1.8877,-1.0183,-8.3215,0.5880,1.7317
857.50,-7.8124,1.1156,1.5957,14.8052,-1.8812,-1.0685,-8.3204,0.5806,1.6815
858.00,-7.8044,1.1156,1.5423,14.8052,-1.8814,-1.1202,-8.3204,0.5807,1.6298
858.50,-7.7968,1.1156,1.4905,14.8084,-1.8885,-1.1699,-8.3206,0.5885,1.5802
859.00,-7.7897,1.1156,1.4405,14.8118,-1.8969,-1.2183,-8.3205,0.5976,1.5318
859.50,-7.7834,1.1328,1.4166,14.8183,-1.9157,-1.2419,-8.3193,0.6173,1.5081
860.00,-7.7768,1.2100,1.4432,14.8455,-1.9895,-1.2125,-8.3163,0.6960,1.5375
860.50,-7.7578,1.3355,1.3062,14.8842,-2.1124,-1.3444,-8.2369,0.8642,1.3707
861.00,-7.7297,1.4540,1.1166,14.9021,-2.2408,-1.5294,-8.2003,0.9885,1.1823
861.50,-7.6916,1.5304,0.8864,14.8963,-2.3278,-1.7583,-8.1688,1.0652,0.9533
862.00,-7.6204,1.6011,0.6727,14.8663,-2.4251,-1.9704,-8.1113,1.1413,0.7377
862.50,-7.5176,1.6719,0.4558,14.8038,-2.5383,-2.1852,-8.0071,1.2178,0.5194
863.00,-7.3988,1.7337,0.2573,14.7178,-2.6411,-2.3751,-7.8957,1.2744,0.3296
863.50,-7.2707,1.7788,0.0648,14.6062,-2.7279,-2.5677,-7.7682,1.3241,0.1259
864.00,-7.1409,1.7892,0.0502,14.4899,-2.7996,-2.5814,-7.6424,1.3599,0.1128
864.50,-7.0117,1.8013,0.1661,14.3866,-2.8741,-2.4582,-7.5188,1.3828,0.2331
865.00,-6.8837,1.8209,0.1350,14.2843,-2.9572,-2.4869,-7.3887,1.4131,0.2038
865.50,-6.7637,1.8340,-0.0333,14.1764,-3.0274,-2.6572,-7.2693,1.4193,0.0301
866.00,-6.6992,1.8349,-0.0513,14.1175,-3.0567,-2.6741,-7.2053,1.4284,0.0096
866.50,-6.6901,1.8376,0.0010,14.1108,-3.0601,-2.6201,-7.1978,1.4303,0.0637
867.00,-6.6901,1.8454,0.0538,14.1053,-3.0634,-2.5653,-7.1914,1.4309,0.1184
867.50,-6.6901,1.8527,0.1047,14.0998,-3.0672,-2.5127,-7.1949,1.4425,0.1675
868.00,-6.6901,1.8597,0.1538,14.0957,-3.0704,-2.4620,-7.1898,1.4435,0.2182
868.50,-6.6901,1.8661,0.2013,14.0898,-3.0753,-2.4126,-7.1823,1.4453,0.2677
869.00,-6.6900,1.8720,0.2472,14.0853,-3.0795,-2.3646,-7.1764,1.4470,0.3156
869.50,-6.6900,1.8775,0.2917,14.0813,-3.0836,-2.3186,-7.1710,1.4489,0.3616
870.00,-6.6900,1.8825,0.3350,14.0788,-3.0864,-2.2736,-7.1676,1.4503,0.4066
870.50,-6.6899,1.8870,0.3770,14.0755,-3.0904,-2.2303,-7.1628,1.4525,0.4499
871.00,-6.6899,1.8910,0.4178,14.0729,-3.0939,-2.1878,-7.1589,1.4544,0.4925
871.50,-6.6899,1.8945,0.4575,14.0710,-3.0968,-2.1464,-7.1968,1.4880,0.5234
872.00,-6.6898,1.8975,0.4962,14.0693,-3.0995,-2.1057,-7.1941,1.4896,0.5641
872.50,-6.6898,1.9001,0.5338,14.0675,-3.1027,-2.0664,-7.1911,1.4916,0.6034
873.00,-6.6897,1.9022,0.5705,14.0668,-3.1041,-2.0279,-7.1898,1.4925,0.6419
873.50,-6.6897,1.9038,0.6062,14.0663,-3.1052,-1.9899,-7.1889,1.4933,0.6798
874.00,-6.6896,1.9050,0.6410,14.0655,-3.1068,-1.9533,-7.1875,1.4944,0.7164
874.50,-6.6895,1.9058,0.6749,14.0656,-3.1068,-1.9176,-7.1875,1.4944,0.7522
875.00,-6.6895,1.9061,0.7079,14.0654,-3.1073,-1.8824,-7.1872,1.4947,0.7874
875.50,-6.6895,1.9061,0.7405,14.0654,-3.1072,-1.8478,-7.1872,1.4947,0.8219
876.00,-6.6898,1.9060,0.7740,14.0655,-3.1070,-1.8128,-7.1873,1.4946,0.8570
876.50,-6.6898,1.9058,0.8081,14.0655,-3.1067,-1.7766,-7.1875,1.4943,0.8932
877.00,-6.6897,1.9054,0.8413,14.0656,-3.1061,-1.7416,-7.1879,1.4939,0.9282
877.50,-6.6898,1.9053,0.8738,14.0657,-3.1060,-1.7067,-7.1879,1.4938,0.9631
878.00,-6.6902,1.9053,0.9071,14.0657,-3.1058,-1.6714,-7.1881,1.4936,0.9983
878.50,-6.6911,1.9052,0.9413,14.0657,-3.1050,-1.6354,-7.1885,1.4929,1.0343
879.00,-6.6925,1.9052,0.9764,14.0658,-3.1039,-1.5979,-7.1890,1.4920,1.0719
879.50,-6.6943,1.9051,1.0124,14.0658,-3.1021,-1.5603,-7.1899,1.4903,1.1095
880.00,-6.6965,1.9051,1.0494,14.0658,-3.1001,-1.5215,-7.1907,1.4885,1.1483
880.50,-6.6992,1.9050,1.0874,14.0655,-3.0967,-1.4811,-7.1921,1.4854,1.1886
881.00,-6.7024,1.9050,1.1264,14.0652,-3.0935,-1.4398,-7.1932,1.4823,1.2300
881.50,-6.7061,1.9049,1.1665,14.0646,-3.0897,-1.3977,-7.1944,1.4787,1.2721
882.00,-6.7103,1.9049,1.2077,14.0638,-3.0855,-1.3549,-7.1956,1.4746,1.3149
882.50,-6.7149,1.9049,1.2501,14.0627,-3.0809,-1.3106,-7.1967,1.4700,1.3592
883.00,-6.7201,1.9048,1.2938,14.0611,-3.0755,-1.2654,-7.1978,1.4645,1.4044
883.50,-6.7257,1.9048,1.3388,14.0589,-3.0690,-1.2190,-7.1988,1.4577,1.4507
884.00,-6.7321,1.9171,1.4204,14.0631,-3.0789,-1.1424,-7.1981,1.4684,1.5274
884.50,-6.7469,1.9885,1.5843,14.0993,-3.1417,-0.9785,-7.2017,1.5408,1.6912
885.00,-6.7626,2.1116,1.6496,14.1741,-3.2438,-0.9096,-7.2851,1.7057,1.7183
885.50,-6.7678,2.2392,1.5571,14.2498,-3.3469,-0.9980,-7.3004,1.8327,1.6264
886.00,-6.7633,2.3687,1.4471,14.3125,-3.4612,-1.1111,-7.2986,1.9630,1.5098
886.50,-6.7502,2.4841,1.5256,14.3699,-3.5713,-1.0365,-7.3040,2.0770,1.5810
887.00,-6.7454,2.5959,1.7799,14.4384,-3.6604,-0.7841,-7.3185,2.1884,1.8368
887.50,-6.7652,2.7200,1.9326,14.5371,-3.7431,-0.6280,-7.3344,2.3092,1.9998
888.00,-6.8100,2.8397,1.9218,14.6458,-3.8208,-0.6340,-7.3893,2.4303,1.9904
888.50,-6.8494,2.9462,1.7459,14.7363,-3.8968,-0.7982,-7.4207,2.5409,1.8227
889.00,-6.8775,3.0756,1.5587,14.8197,-4.0028,-0.9871,-7.4510,2.6639,1.6198
889.50,-6.8780,3.2017,1.5606,14.8912,-4.1143,-0.9865,-7.4739,2.7862,1.6205
890.00,-6.8814,3.3071,1.7475,14.9565,-4.1979,-0.7957,-7.4893,2.8915,1.8113
890.50,-6.9004,3.4318,1.8697,15.0508,-4.2810,-0.6708,-7.5199,3.0092,1.9361
891.00,-6.9414,3.5554,1.9105,15.1575,-4.3629,-0.6279,-7.5585,3.1358,1.9762
891.50,-6.9814,3.6506,1.9582,15.2452,-4.4230,-0.5761,-7.6038,3.2220,2.0204
892.00,-7.0003,3.6870,1.9985,15.2826,-4.4463,-0.5334,-7.6236,3.2614,2.0631
892.50,-7.0039,3.6875,2.0379,15.2863,-4.4485,-0.4923,-7.6257,3.2652,2.1042
893.00,-7.0068,3.6876,2.0763,15.2899,-4.4504,-0.4519,-7.6278,3.2686,2.1446
893.50,-7.0093,3.6876,2.1137,15.2918,-4.4513,-0.4127,-7.6289,3.2704,2.1838
894.00,-7.0113,3.6877,2.1502,15.2940,-4.4523,-0.3742,-7.6303,3.2724,2.2222
894.50,-7.0128,3.6877,2.1856,15.2946,-4.4525,-0.3370,-7.6307,3.2729,2.2594
895.00,-7.0139,3.6878,2.2202,15.2959,-4.4529,-0.3000,-7.6316,3.2739,2.2964
895.50,-7.0145,3.6879,2.2539,15.2959,-4.4530,-0.2635,-7.6316,3.2739,2.3330
896.00,-7.0147,3.6879,2.2867,15.2962,-4.4530,-0.2288,-7.6318,3.2741,2.3676
896.50,-7.0147,3.6878,2.3194,15.2963,-4.4530,-0.1940,-7.6318,3.2742,2.4025
897.00,-7.0146,3.6876,2.3532,15.2961,-4.4530,-0.1580,-7.6317,3.2741,2.4385
897.50,-7.0143,3.6876,2.3872,15.2958,-4.4530,-0.1220,-7.6315,3.2739,2.4745
898.00,-7.0140,3.6877,2.4200,15.2957,-4.4530,-0.0872,-7.6314,3.2738,2.5093
898.50,-7.0140,3.6875,2.4527,15.2955,-4.4530,-0.0526,-7.6312,3.2737,2.5439
899.00,-7.0139,3.6870,2.4862,15.2952,-4.4529,-0.0174,-7.6310,3.2735,2.5791
899.50,-7.0139,3.6860,2.5206,15.2943,-4.4529,0.0192,-7.6302,3.2731,2.6157
900.00,-7.0138,3.6845,2.5559,15.2930,-4.4530,0.0562,-7.6291,3.2725,2.6527
900.50,-7.0138,3.6826,2.5922,15.2915,-4.4531,0.0942,-7.6277,3.2718,2.6907
901.00,-7.0137,3.6803,2.6294,15.2899,-4.4533,0.1340,-7.6262,3.2711,2.7305
901.50,-7.0137,3.6774,2.6677,15.2868,-4.4538,0.1741,-7.6234,3.2699,2.7706
902.00,-7.0136,3.6741,2.7069,15.2835,-4.4544,0.2159,-7.6202,3.2688,2.8124
902.50,-7.0136,3.6703,2.7473,15.2797,-4.4554,0.2579,-7.6165,3.2676,2.8544
903.00,-7.0451,3.6701,2.8732,15.3073,-4.4462,0.3785,-7.6448,3.2741,2.9750
903.50,-7.1400,3.6728,2.9950,15.3883,-4.4064,0.5048,-7.7655,3.2473,3.0629
904.00,-7.2684,3.6926,2.9522,15.5049,-4.3429,0.4658,-7.8979,3.2484,3.0204
904.50,-7.3938,3.7212,2.9052,15.6235,-4.2879,0.4195,-8.0189,3.2681,2.9700
905.00,-7.5002,3.7446,3.0107,15.7207,-4.2400,0.5265,-8.1345,3.2823,3.0741
905.50,-7.6251,3.7589,-3.0221,15.8220,-4.1622,0.7788,-8.2521,3.2743,-2.9602
906.00,-7.7442,3.7497,-2.9387,15.9063,-4.0691,0.8654,-8.3823,3.2649,-2.8701
906.50,-7.8365,3.7319,-3.0332,15.9700,-3.9982,0.7807,-8.4664,3.2511,-2.9612
907.00,-7.9509,3.7232,2.9800,16.0643,-3.9269,0.5088,-8.5842,3.2449,3.0425
907.50,-8.0767,3.7364,2.8249,16.1844,-3.8734,0.3544,-8.7134,3.2593,2.8846
908.00,-8.1721,3.7661,2.8538,16.2765,-3.8394,0.3816,-8.7984,3.2642,2.9118
908.50,-8.2715,3.7864,3.0528,16.3717,-3.7913,0.5806,-8.9039,3.2793,3.1114
909.00,-8.4008,3.7962,-3.0938,16.4740,-3.7113,0.7204,-9.0335,3.2730,-3.0256
909.50,-8.5308,3.7926,3.1291,16.5767,-3.6236,0.6629,-9.1679,3.2690,-3.0866
910.00,-8.6603,3.7976,3.0159,16.6802,-3.5537,0.5487,-9.2909,3.2703,3.0760
910.50,-8.7891,3.8158,3.0029,16.7928,-3.4854,0.5384,-9.4240,3.2694,3.0651
911.00,-8.9181,3.8297,3.0410,16.9062,-3.4155,0.5776,-9.5570,3.2798,3.1065
911.50,-9.0477,3.8390,3.0486,17.0161,-3.3403,0.5918,-9.6803,3.2821,3.1161
912.00,-9.1768,3.8540,3.0311,17.1274,-3.2690,0.5742,-9.8121,3.2930,3.0951
912.50,-9.3059,3.8704,2.9953,17.2398,-3.1974,0.5426,-9.9450,3.2997,3.0582
913.00,-9.4339,3.8960,2.9183,17.3513,-3.1347,0.4656,-10.0721,3.3121,2.9784
913.50,-9.5596,3.9308,2.8619,17.4708,-3.0795,0.4117,-10.2013,3.3397,2.9273
914.00,-9.6841,3.9711,2.8332,17.5936,-3.0277,0.3859,-10.3313,3.3691,2.8987
914.50,-9.8061,4.0186,2.7201,17.7149,-2.9843,0.2758,-10.4549,3.4050,2.7844
915.00,-9.9194,4.0756,2.5389,17.8426,-2.9601,0.0951,-10.5724,3.4625,2.6009
915.50,-10.0212,4.1538,2.3998,17.9725,-2.9563,-0.0399,-10.6790,3.5350,2.4688
916.00,-10.1010,4.2404,2.2034,18.0893,-2.9712,-0.2336,-10.7644,3.6159,2.2716
916.50,-10.1627,4.3444,1.9694,18.2055,-3.0126,-0.4643,-10.8333,3.7181,2.0374
917.00,-10.2159,4.4661,1.7323,18.3170,-3.0867,-0.7013,-10.8868,3.8440,1.7962
917.50,-10.2434,4.5954,1.6294,18.4155,-3.1807,-0.8028,-10.9214,3.9583,1.6919
918.00,-10.2547,4.7250,1.6672,18.5101,-3.2747,-0.7577,-10.9503,4.0903,1.7376
918.50,-10.2719,4.8543,1.7086,18.6028,-3.3600,-0.7152,-10.9732,4.2142,1.7760
919.00,-10.2937,4.9827,1.7198,18.7071,-3.4471,-0.6984,-11.0038,4.3465,1.7899
919.50,-10.3068,5.1117,1.6380,18.8049,-3.5340,-0.7763,-11.0291,4.4748,1.7045
920.00,-10.3114,5.2414,1.4302,18.8889,-3.6361,-0.9868,-11.0327,4.6070,1.4939
920.50,-10.2956,5.3693,1.3797,18.9582,-3.7497,-1.0356,-11.0279,4.7293,1.4451
921.00,-10.2702,5.4909,1.3584,19.0235,-3.8600,-1.0503,-11.0141,4.8566,1.4282
921.50,-10.2493,5.5600,1.3136,19.0621,-3.9304,-1.0917,-11.0095,4.9357,1.3855
922.00,-10.2412,5.5722,1.2698,19.0695,-3.9451,-1.1332,-10.9962,4.9419,1.3441
922.50,-10.2363,5.5722,1.2268,19.0718,-3.9501,-1.1744,-10.9949,4.9472,1.3028
923.00,-10.2319,5.5723,1.1851,19.0735,-3.9543,-1.2145,-10.9937,4.9516,1.2627
923.50,-10.2280,5.5723,1.1445,19.0749,-3.9580,-1.2526,-10.9924,4.9554,1.2246
924.00,-10.2246,5.5724,1.1050,19.0759,-3.9615,-1.2900,-10.9911,4.9588,1.1873
924.50,-10.2216,5.5724,1.0665,19.0766,-3.9639,-1.3265,-10.9902,4.9611,1.1508
925.00,-10.2192,5.5724,1.0291,19.0774,-3.9672,-1.3620,-10.9888,4.9641,1.1153
925.50,-10.2172,5.5725,0.9927,19.0778,-3.9693,-1.3963,-10.9878,4.9660,1.0809
926.00,-10.2156,5.5726,0.9571,19.0781,-3.9710,-1.4294,-10.9870,4.9676,1.0479
926.50,-10.2145,5.5726,0.9225,19.0782,-3.9722,-1.4621,-10.9864,4.9686,1.0151
927.00,-10.2139,5.5727,0.8888,19.0783,-3.9726,-1.4944,-10.9862,4.9689,0.9829
927.50,-10.2137,5.5727,0.8560,19.0783,-3.9727,-1.5250,-10.9861,4.9691,0.9522
928.00,-10.2137,5.5729,0.8233,19.0783,-3.9728,-1.5551,-10.9860,4.9691,0.9221
928.50,-10.2138,5.5733,0.7896,19.0783,-3.9735,-1.5866,-10.9856,4.9697,0.8906
929.00,-10.2136,5.5734,0.7556,19.0783,-3.9735,-1.6187,-10.9856,4.9697,0.8586
929.50,-10.2134,5.5734,0.7226,19.0783,-3.9738,-1.6493,-10.9854,4.9699,0.8279
930.00,-10.2135,5.5733,0.6900,19.0783,-3.9735,-1.6794,-10.9856,4.9697,0.7978
930.50,-10.2135,5.5728,0.6565,19.0784,-3.9730,-1.7099,-10.9860,4.9693,0.7674
931.00,-10.2136,5.5718,0.6221,19.0786,-3.9718,-1.7417,-10.9868,4.9685,0.7356
931.50,-10.2136,5.5703,0.5869,19.0788,-3.9704,-1.7750,-10.9879,4.9676,0.7022
932.00,-10.2137,5.5685,0.5506,19.0792,-3.9689,-1.8088,-10.9891,4.9666,0.6684
932.50,-10.2137,5.5661,0.5134,19.0797,-3.9668,-1.8434,-10.9908,4.9653,0.6338
933.00,-10.2138,5.5633,0.4753,19.0804,-3.9643,-1.8791,-10.9930,4.9638,0.5981
933.50,-10.2138,5.5600,0.4360,19.0815,-3.9613,-1.9162,-10.9956,4.9620,0.5611
934.00,-10.2139,5.5562,0.3957,19.0829,-3.9576,-1.9547,-10.9990,4.9599,0.5225
934.50,-10.2139,5.5519,0.3542,19.0847,-3.9531,-1.9941,-11.0032,4.9576,0.4831
935.00,-10.2140,5.5472,0.3116,19.0868,-3.9489,-2.0346,-11.0074,4.9555,0.4427
935.50,-10.2140,5.5419,0.2676,19.0893,-3.9441,-2.0764,-11.0124,4.9533,0.4008
936.00,-10.2140,5.5362,0.2223,19.0924,-3.9386,-2.1196,-11.0182,4.9510,0.3577
936.50,-10.2140,5.5300,0.1756,19.0957,-3.9335,-2.1641,-11.0240,4.9489,0.3131
937.00,-10.2141,5.5236,0.1295,19.1001,-3.9274,-2.2066,-11.0312,4.9468,0.2706
937.50,-10.2141,5.5183,0.0922,19.1034,-3.9231,-2.2422,-11.0364,4.9455,0.2351
938.00,-10.2141,5.5111,0.0419,19.1083,-3.9172,-2.2895,-11.0439,4.9438,0.1878
938.50,-10.2141,5.5032,-0.0114,19.1123,-3.9128,-2.3409,-10.9724,4.8793,0.0561
939.00,-10.2141,5.4954,-0.0639,19.1067,-3.9183,-2.3904,-10.9645,4.8795,0.0065
939.50,-10.2141,5.4881,-0.1144,19.1019,-3.9225,-2.4390,-10.9581,4.8794,-0.0420
940.00,-10.2140,5.4813,-0.1631,19.0968,-3.9267,-2.4855,-10.9516,4.8790,-0.0885
940.50,-10.2140,5.4750,-0.2103,19.0933,-3.9292,-2.5302,-10.9472,4.8785,-0.1332
941.00,-10.2140,5.4691,-0.2560,19.0885,-3.9325,-2.5735,-10.9415,4.8776,-0.1765
941.50,-10.2140,5.4637,-0.3002,19.0833,-3.9356,-2.6159,-10.9356,4.8764,-0.2189
942.00,-10.2140,5.4628,-0.3082,19.0826,-3.9360,-2.6226,-10.9348,4.8762,-0.2256
942.50,-10.2140,5.4628,-0.3082,19.0826,-3.9360,-2.6201,-10.9348,4.8762,-0.2231
943.00,-10.2140,5.4628,-0.3082,19.0826,-3.9360,-2.6177,-10.9348,4.8762,-0.2207
943.50,-10.2140,5.4628,-0.3082,19.0826,-3.9360,-2.6158,-10.9348,4.8762,-0.2189
944.00,-10.2139,5.4613,-0.3299,19.0803,-3.9373,-2.6362,-10.9323,4.8756,-0.2392
944.50,-10.2139,5.4568,-0.3720,19.0759,-3.9397,-2.6759,-10.9274,4.8744,-0.2790
945.00,-10.2139,5.4527,-0.4130,19.0720,-3.9416,-2.7144,-10.9232,4.8731,-0.3174
945.50,-10.2138,5.4491,-0.4529,19.0692,-3.9428,-2.7524,-10.9203,4.8721,-0.3554
946.00,-10.2138,5.4461,-0.4916,19.0668,-3.9437,-2.7890,-10.9558,4.8170,-0.4235
946.50,-10.2137,5.4434,-0.5294,19.0647,-3.9444,-2.8246,-10.9537,4.8160,-0.4590
947.00,-10.2137,5.4413,-0.5662,19.0624,-3.9451,-2.8594,-10.9516,4.8149,-0.4939
947.50,-10.2136,5.4396,-0.6020,19.0611,-3.9455,-2.8927,-10.9505,4.8143,-0.5271
948.00,-10.2136,5.4383,-0.6369,19.0595,-3.9459,-2.9254,-10.9490,4.8134,-0.5599
948.50,-10.2135,5.4375,-0.6709,19.0582,-3.9461,-2.9570,-10.9479,4.8127,-0.5915
949.00,-10.2134,5.4372,-0.7040,19.0578,-3.9462,-2.9883,-10.9476,4.8125,-0.6227
949.50,-10.2133,5.4372,-0.7365,19.0578,-3.9462,-3.0183,-10.9476,4.8125,-0.6527
950.00,-10.2129,5.4372,-0.7699,19.0575,-3.9462,-3.0501,-10.9473,4.8122,-0.6846
950.50,-10.2128,5.4372,-0.8041,19.0573,-3.9463,-3.0818,-10.9472,4.8121,-0.7162
951.00,-10.2127,5.4369,-0.8374,19.0570,-3.9463,-3.1131,-10.9469,4.8119,-0.7475
951.50,-10.2127,5.4369,-0.8699,19.0569,-3.9463,3.1402,-10.9469,4.8119,-0.7774
952.00,-10.2131,5.4370,-0.9031,19.0574,-3.9463,3.1095,-10.9473,4.8122,-0.8082
952.50,-10.2140,5.4371,-0.9372,19.0583,-3.9463,3.0779,-10.9478,4.8129,-0.8398
953.00,-10.2153,5.4371,-0.9722,19.0593,-3.9464,3.0455,-10.9485,4.8136,-0.8721
953.50,-10.2170,5.4372,-1.0081,19.0606,-3.9466,3.0119,-10.9494,4.8147,-0.9057
954.00,-10.2192,5.4372,-1.0449,19.0635,-3.9470,2.9775,-10.9511,4.8170,-0.9401
954.50,-10.2219,5.4373,-1.0828,19.0652,-3.9473,2.9418,-10.9521,4.8184,-0.9758
955.00,-10.2250,5.4373,-1.1217,19.0686,-3.9481,2.9051,-10.9540,4.8214,-1.0126
955.50,-10.2286,5.4373,-1.1616,19.0726,-3.9491,2.8673,-10.9561,4.8249,-1.0503
956.00,-10.2319,5.4374,-1.1946,19.0762,-3.9502,2.8372,-10.9580,4.8282,-1.0805
956.50,-10.2352,5.4374,-1.2260,19.0796,-3.9513,2.8082,-10.9596,4.8314,-1.1094
957.00,-10.2388,5.4374,-1.2581,19.0837,-3.9528,2.7790,-10.9615,4.8353,-1.1386
957.50,-10.2427,5.4375,-1.2909,19.0874,-3.9542,2.7483,-10.9631,4.8389,-1.1693
958.00,-10.2469,5.4375,-1.3245,19.0904,-3.9555,2.7173,-10.9643,4.8419,-1.2003
958.50,-10.2513,5.4375,-1.3588,19.0958,-3.9580,2.6854,-10.9664,4.8475,-1.2322
959.00,-10.2568,5.4375,-1.4009,19.1002,-3.9603,2.6452,-10.9679,4.8522,-1.2724
959.50,-10.2635,5.4375,-1.4494,19.1059,-3.9636,2.5986,-10.9697,4.8585,-1.3190
960.00,-10.2708,5.4376,-1.4996,19.1135,-3.9684,2.5506,-10.9718,4.8673,-1.3671
960.50,-10.2805,5.4204,-1.6060,19.1010,-3.9590,2.4541,-11.0071,4.7944,-1.5298
961.00,-10.3005,5.3433,-1.7684,19.0430,-3.9009,2.2915,-11.0119,4.7124,-1.6924
961.50,-10.3266,5.2284,-1.7559,18.9655,-3.8112,2.3025,-11.0561,4.5948,-1.6954
962.00,-10.3450,5.1316,-1.5517,18.8922,-3.7419,2.5060,-11.0609,4.4841,-1.4884
962.50,-10.3509,5.0128,-1.2745,18.7851,-3.6860,2.7857,-11.0515,4.3683,-1.2030
963.00,-10.3169,4.8913,-1.1643,18.6638,-3.6496,2.8978,-11.0199,4.2617,-1.0932
963.50,-10.2679,4.7714,-1.2113,18.5340,-3.6161,2.8538,-10.9693,4.1321,-1.1377
964.00,-10.2274,4.6473,-1.3258,18.4012,-3.5682,2.7411,-10.9173,4.0092,-1.2596
964.50,-10.1969,4.5206,-1.3634,18.2771,-3.5127,2.7064,-10.8782,3.8850,-1.2960
965.00,-10.1710,4.3932,-1.3505,18.1595,-3.4573,2.7204,-10.8484,3.7610,-1.2871
965.50,-10.1362,4.2685,-1.2143,18.0380,-3.4123,2.8607,-10.8046,3.6390,-1.1503
966.00,-10.0919,4.1495,-1.1066,17.9109,-3.3833,2.9692,-10.7402,3.5228,-1.0418
966.50,-10.0347,4.0358,-1.0201,17.7837,-3.3668,3.0601,-10.6805,3.4150,-0.9526
967.00,-9.9647,3.9263,-0.9798,17.6424,-3.3580,3.1026,-10.6015,3.3014,-0.9154
967.50,-9.8883,3.8200,-0.9408,17.5111,-3.3559,-3.1385,-10.5288,3.2093,-0.8765
968.00,-9.8126,3.7146,-0.9548,17.3824,-3.3558,3.1319,-10.4450,3.1102,-0.8892
968.50,-9.7373,3.6085,-0.9420,17.2549,-3.3547,-3.1360,-10.3615,3.0114,-0.8795
969.00,-9.6577,3.5050,-0.9042,17.1237,-3.3584,-3.0959,-10.2713,2.9075,-0.8376
969.50,-9.5766,3.4033,-0.8935,16.9853,-3.3656,-3.0838,-10.1832,2.8049,-0.8273
970.00,-9.4972,3.3005,-0.9547,16.8536,-3.3708,3.1413,-10.0963,2.7140,-0.8888
970.50,-9.4260,3.1901,-1.0616,16.7214,-3.3629,3.0356,-10.0222,2.6098,-0.9986
971.00,-9.3615,3.0766,-1.0370,16.5858,-3.3487,3.0618,-9.9487,2.4959,-0.9742
971.50,-9.2892,2.9683,-0.9399,16.4567,-3.3453,-3.1211,-9.8703,2.4002,-0.8772
972.00,-9.2114,2.8642,-0.9332,16.3203,-3.3498,-3.1118,-9.7839,2.2984,-0.8695
972.50,-9.1349,2.7593,-0.9439,16.1859,-3.3531,-3.1193,-9.7014,2.1974,-0.8793
973.00,-9.0573,2.6548,-0.9097,16.0520,-3.3575,-3.0844,-9.6134,2.0956,-0.8450
973.50,-8.9756,2.5533,-0.8863,15.9139,-3.3674,-3.0592,-9.5247,2.0033,-0.8234
974.00,-8.8956,2.4513,-0.9261,15.7764,-3.3764,-3.0986,-9.4427,1.9060,-0.8628
974.50,-8.8195,2.3464,-0.9479,15.6458,-3.3806,-3.1180,-9.3584,1.8058,-0.8836
975.00,-8.7430,2.2411,-0.9247,15.5152,-3.3841,-3.0941,-9.2760,1.7108,-0.8635
975.50,-8.6632,2.1381,-0.9095,15.3801,-3.3921,-3.0771,-9.1871,1.6055,-0.8448
976.00,-8.5849,2.0347,-0.9347,15.2483,-3.3994,-3.1004,-9.1048,1.5098,-0.8698
976.50,-8.5097,1.9293,-0.9574,15.1097,-3.4036,-3.1219,-9.0183,1.4039,-0.8948
977.00,-8.4363,1.8224,-0.9769,14.9673,-3.4055,-3.1378,-8.9402,1.3025,-0.9141
977.50,-8.3637,1.7145,-0.9754,14.8322,-3.4061,-3.1342,-8.8644,1.2009,-0.9123
978.00,-8.2909,1.6070,-0.9854,14.6965,-3.4074,3.1399,-8.7850,1.0972,-0.9237
978.50,-8.2204,1.4982,-0.9977,14.5577,-3.4064,3.1300,-8.7016,0.9937,-0.9348
979.00,-8.1502,1.3889,-1.0009,14.4298,-3.4050,3.1295,-8.6405,0.8959,-0.9388
979.50,-8.0784,1.2800,-0.9829,14.2946,-3.4047,-3.1322,-8.5472,0.7878,-0.9173
980.00,-8.0065,1.1717,-0.9862,14.1587,-3.4062,-3.1293,-8.4723,0.6802,-0.9193
980.50,-7.9328,1.0639,-0.9626,14.0248,-3.4093,-3.1026,-8.4026,0.5849,-0.9010
981.00,-7.8573,0.9579,-0.9502,13.8954,-3.4155,-3.0882,-8.3132,0.4840,-0.8872
981.50,-7.7830,0.8515,-0.9638,13.7679,-3.4212,-3.1012,-8.2333,0.3844,-0.9002
982.00,-7.7078,0.7451,-0.9473,13.6352,-3.4274,-3.0832,-8.1514,0.2810,-0.8857
982.50,-7.6289,0.6410,-0.9061,13.4961,-3.4383,-3.0407,-8.0654,0.1747,-0.8432
983.00,-7.5464,0.5402,-0.8606,13.3616,-3.4546,-2.9925,-7.9783,0.0808,-0.7968
983.50,-7.4593,0.4438,-0.8238,13.2351,-3.4768,-2.9513,-7.8856,-0.0034,-0.7608
984.00,-7.3718,0.3475,-0.8587,13.0943,-3.5027,-2.9828,-7.7837,-0.1027,-0.7952
984.50,-7.2909,0.2461,-0.9219,12.9623,-3.5188,-3.0481,-7.7006,-0.1956,-0.8613
985.00,-7.2121,0.1426,-0.9096,12.8305,-3.5314,-3.0340,-7.6183,-0.2942,-0.8472
985.50,-7.1303,0.0411,-0.8837,12.6969,-3.5479,-3.0066,-7.5288,-0.3939,-0.8198
986.00,-7.0468,-0.0587,-0.8658,12.5614,-3.5676,-2.9869,-7.4338,-0.4879,-0.8029
986.50,-6.9618,-0.1571,-0.8550,12.4294,-3.5894,-2.9738,-7.3512,-0.5774,-0.7911
987.00,-6.8765,-0.2551,-0.8675,12.3004,-3.6114,-2.9837,-7.2596,-0.6704,-0.8035
987.50,-6.7948,-0.3559,-0.8948,12.1705,-3.6293,-3.0128,-7.1714,-0.7669,-0.8330
988.00,-6.7128,-0.4570,-0.8804,12.0427,-3.6465,-2.9977,-7.0813,-0.8620,-0.8172
988.50,-6.6279,-0.5555,-0.8452,11.9115,-3.6685,-2.9576,-6.9883,-0.9569,-0.7781
989.00,-6.5420,-0.6531,-0.8620,11.7809,-3.6924,-2.9719,-6.8964,-1.0503,-0.7976
989.50,-6.4603,-0.7537,-0.9108,11.6529,-3.7115,-3.0163,-6.8095,-1.1436,-0.8437
990.00,-6.3856,-0.8592,-0.9964,11.5148,-3.7240,-3.0983,-6.7210,-1.2477,-0.9311
990.50,-6.3199,-0.9720,-1.1095,11.3835,-3.7223,3.0730,-6.6571,-1.3573,-1.0447
991.00,-6.2631,-1.0917,-1.2668,11.2491,-3.7052,2.9216,-6.5938,-1.4758,-1.1996
991.50,-6.2138,-1.2047,-1.5718,11.1294,-3.6605,2.6209,-6.5593,-1.5923,-1.5016
992.00,-6.1965,-1.3307,-1.8181,11.0282,-3.5826,2.3714,-6.5308,-1.7041,-1.7571
992.50,-6.2260,-1.4552,-1.8804,10.9412,-3.4906,2.3106,-6.5357,-1.8273,-1.8180
993.00,-6.2607,-1.5720,-1.7763,10.8566,-3.4047,2.4148,-6.5531,-1.9454,-1.7155
993.50,-6.2865,-1.6990,-1.5984,10.7522,-3.3269,2.5970,-6.5640,-2.0807,-1.5315
994.00,-6.2982,-1.8288,-1.4731,10.6338,-3.2660,2.7295,-6.5642,-2.2130,-1.4025
994.50,-6.2877,-1.9577,-1.4449,10.5138,-3.2175,2.7607,-6.5543,-2.3336,-1.3779
995.00,-6.2763,-2.0871,-1.4849,10.3922,-3.1644,2.7194,-6.5405,-2.4667,-1.4212
995.50,-6.2644,-2.2166,-1.5011,10.2738,-3.1124,2.7080,-6.5153,-2.5945,-1.4359
996.00,-6.2609,-2.3465,-1.6025,10.1516,-3.0463,2.6036,-6.5087,-2.7331,-1.5403
996.50,-6.2613,-2.4765,-1.5435,10.0321,-2.9779,2.6618,-6.5009,-2.8606,-1.4830
997.00,-6.2526,-2.6060,-1.4499,9.9035,-2.9186,2.7567,-6.4811,-2.9934,-1.3845
997.50,-6.2369,-2.7349,-1.4566,9.7823,-2.8712,2.7536,-6.4554,-3.1110,-1.3900
998.00,-6.2279,-2.8647,-1.5744,9.6606,-2.8121,2.6356,-6.4455,-3.2453,-1.5100
998.50,-6.2257,-2.9946,-1.5217,9.5375,-2.7458,2.6907,-6.4310,-3.3749,-1.4589
999.00,-6.2154,-3.1238,-1.4058,9.4187,-2.6967,2.8082,-6.4095,-3.4942,-1.3418
999.50,-6.1943,-3.2512,-1.3584,9.2936,-2.6583,2.8592,-6.3796,-3.6206,-1.2917
1000.00,-6.1702,-3.3787,-1.3768,9.1666,-2.6190,2.8387,-6.3482,-3.7490,-1.3152
1000.50,-6.1412,-3.5057,-1.3525,9.0400,-2.5823,2.8667,-6.3123,-3.8758,-1.2867
1001.00,-6.1183,-3.6335,-1.4047,8.9139,-2.5421,2.8129,-6.2794,-4.0012,-1.3414
1001.50,-6.0919,-3.7611,-1.3523,8.7842,-2.5020,2.8709,-6.2469,-4.1324,-1.2875
1002.00,-6.0614,-3.8878,-1.3248,8.6593,-2.4680,2.8944,-6.2038,-4.2528,-1.2637
1002.50,-6.0222,-4.0128,-1.2668,8.5226,-2.4381,2.9549,-6.1611,-4.3848,-1.2021
1003.00,-5.9747,-4.1358,-1.2156,8.3876,-2.4161,3.0069,-6.1072,-4.4970,-1.1512
1003.50,-5.9244,-4.2568,-1.1936,8.2596,-2.4014,3.0335,-6.0504,-4.6077,-1.1241
1004.00,-5.8794,-4.3783,-1.2094,8.1344,-2.3858,3.0141,-5.9948,-4.7222,-1.1478
1004.50,-5.8306,-4.4913,-1.1608,8.0019,-2.3722,3.0683,-5.9373,-4.8453,-1.0924
1005.00,-5.7945,-4.5715,-1.1884,7.9049,-2.3653,3.0458,-5.8924,-4.9216,-1.1149
1005.50,-5.7673,-4.6209,-1.3217,7.8488,-2.3568,2.9149,-5.8689,-4.9632,-1.2556
1006.00,-5.7612,-4.6273,-1.3423,7.8389,-2.3544,2.8977,-5.8658,-4.9728,-1.2735
1006.50,-5.7558,-4.6273,-1.2972,7.8335,-2.3532,2.9455,-5.8641,-4.9781,-1.2257
1007.00,-5.7506,-4.6273,-1.2534,7.8273,-2.3521,2.9912,-5.8618,-4.9840,-1.1800
1007.50,-5.7459,-4.6274,-1.2109,7.8214,-2.3513,3.0359,-5.8594,-4.9895,-1.1353
1008.00,-5.7417,-4.6274,-1.1696,7.8174,-2.3510,3.0793,-5.8577,-4.9930,-1.0919
1008.50,-5.7380,-4.6275,-1.1295,7.8146,-2.3509,3.1215,-5.8563,-4.9955,-1.0497
1009.00,-5.7348,-4.6275,-1.0904,7.8119,-2.3508,-3.1201,-5.8550,-4.9978,-1.0081
1009.50,-5.7320,-4.6276,-1.0523,7.8093,-2.3509,-3.0797,-5.8535,-5.0000,-0.9677
1010.00,-5.7297,-4.6276,-1.0152,7.8070,-2.3511,-3.0406,-5.8522,-5.0019,-0.9286
1010.50,-5.7279,-4.6277,-0.9791,7.8058,-2.3513,-3.0026,-5.8514,-5.0029,-0.8906
1011.00,-5.7265,-4.6277,-0.9440,7.8040,-2.3516,-2.9650,-5.8503,-5.0042,-0.8530
1011.50,-5.7256,-4.6278,-0.9097,7.8034,-2.3517,-2.9288,-5.8498,-5.0047,-0.8168
1012.00,-5.7251,-4.6278,-0.8763,7.8029,-2.3518,-2.8929,-5.8495,-5.0050,-0.7809
1012.50,-5.7250,-4.6279,-0.8438,7.8028,-2.3518,-2.8585,-5.8495,-5.0051,-0.7465
1013.00,-5.7251,-4.6276,-0.8107,7.8031,-2.3517,-2.8235,-5.8496,-5.0049,-0.7115
1013.50,-5.7252,-4.6275,-0.7766,7.8033,-2.3517,-2.7878,-5.8498,-5.0048,-0.6758
1014.00,-5.7256,-4.6276,-0.7430,7.8037,-2.3515,-2.7525,-5.8501,-5.0045,-0.6405
1014.50,-5.7258,-4.6276,-0.7104,7.8039,-2.3514,-2.7173,-5.8503,-5.0044,-0.6054
1015.00,-5.7258,-4.6274,-0.6775,7.8041,-2.3513,-2.6821,-5.8505,-5.0043,-0.5701
1015.50,-5.7259,-4.6266,-0.6437,7.8044,-2.3512,-2.6463,-5.8508,-5.0041,-0.5343
1016.00,-5.7259,-4.6255,-0.6089,7.8051,-2.3508,-2.6095,-5.8515,-5.0037,-0.4975
1016.50,-5.7260,-4.6239,-0.5733,7.8071,-2.3496,-2.5715,-5.8535,-5.0026,-0.4595
1017.00,-5.7260,-4.6218,-0.5367,7.8076,-2.3492,-2.5326,-5.8542,-5.0024,-0.4206
1017.50,-5.7261,-4.6193,-0.4992,7.8093,-2.3480,-2.4927,-5.8561,-5.0015,-0.3808
1018.00,-5.7261,-4.6163,-0.4606,7.8119,-2.3459,-2.4525,-5.8592,-5.0004,-0.3405
1018.50,-5.7262,-4.6128,-0.4209,7.8143,-2.3438,-2.4103,-5.8622,-4.9994,-0.2983
1019.00,-5.7262,-4.6088,-0.3802,7.8169,-2.3414,-2.3677,-5.8656,-4.9984,-0.2557
1019.50,-5.7263,-4.6044,-0.3383,7.8200,-2.3383,-2.3244,-5.8699,-4.9973,-0.2125
1020.00,-5.7263,-4.5995,-0.2951,7.8236,-2.3343,-2.2791,-5.8752,-4.9963,-0.1671
1020.50,-5.7263,-4.5940,-0.2507,7.8276,-2.3295,-2.2330,-5.8813,-4.9954,-0.1210
1021.00,-5.7263,-4.5881,-0.2049,7.8312,-2.3246,-2.1850,-5.8874,-4.9948,-0.0730
1021.50,-5.7264,-4.5817,-0.1576,7.8347,-2.3193,-2.1352,-5.8937,-4.9945,-0.0232
1022.00,-5.7264,-4.5748,-0.1086,7.8388,-2.3125,-2.0839,-5.9016,-4.9945,0.0281
1022.50,-5.7264,-4.5675,-0.0579,7.8428,-2.3049,-2.0313,-5.9103,-4.9950,0.0807
1023.00,-5.7264,-4.5597,-0.0052,7.8459,-2.2982,-1.9764,-5.8380,-4.9104,0.0623
1023.50,-5.7264,-4.5518,0.0479,7.8439,-2.3032,-1.9207,-5.8326,-4.9099,0.1180
1024.00,-5.7264,-4.5443,0.0990,7.8412,-2.3115,-1.8673,-5.8240,-4.9086,0.1714
1024.50,-5.7264,-4.5373,0.1483,7.8390,-2.3192,-1.8154,-5.8162,-4.9071,0.2233
1025.00,-5.7264,-4.5309,0.1959,7.8376,-2.3258,-1.7660,-5.8096,-4.9054,0.2727
1025.50,-5.7263,-4.5267,0.2351,7.8366,-2.3308,-1.7239,-5.8047,-4.9039,0.3148
1026.00,-5.7263,-4.5211,0.2800,7.8359,-2.3368,-1.6771,-5.7991,-4.9019,0.3616
1026.50,-5.7263,-4.5160,0.3236,7.8354,-2.3418,-1.6315,-5.7943,-4.9001,0.4072
1027.00,-5.7262,-4.5114,0.3659,7.8352,-2.3469,-1.5871,-5.7897,-4.8980,0.4516
1027.50,-5.7262,-4.5073,0.4071,7.8352,-2.3504,-1.5441,-5.7866,-4.8963,0.4946
1028.00,-5.7261,-4.5036,0.4471,7.8354,-2.3544,-1.5024,-5.7831,-4.8944,0.5363
1028.50,-5.7261,-4.5005,0.4860,7.8357,-2.3580,-1.4607,-5.8223,-4.8383,0.5536
1029.00,-5.7261,-4.4978,0.5239,7.8360,-2.3598,-1.4198,-5.8208,-4.8373,0.5945
1029.50,-5.7260,-4.4955,0.5608,7.8364,-2.3624,-1.3810,-5.8186,-4.8358,0.6333
1030.00,-5.7260,-4.4938,0.5968,7.8368,-2.3645,-1.3426,-5.8169,-4.8345,0.6716
1030.50,-5.7259,-4.4925,0.6318,7.8373,-2.3661,-1.3053,-5.8156,-4.8335,0.7090
1031.00,-5.7258,-4.4916,0.6660,7.8374,-2.3667,-1.2690,-5.8152,-4.8330,0.7453
1031.50,-5.7258,-4.4912,0.6992,7.8377,-2.3676,-1.2334,-5.8145,-4.8324,0.7808
1032.00,-5.7258,-4.4912,0.7317,7.8378,-2.3679,-1.1991,-5.8143,-4.8322,0.8152
1032.50,-5.7261,-4.4912,0.7649,7.8377,-2.3677,-1.1639,-5.8144,-4.8323,0.8503
1033.00,-5.7261,-4.4913,0.7991,7.8377,-2.3675,-1.1275,-5.8145,-4.8325,0.8868
1033.50,-5.7260,-4.4917,0.8326,7.8374,-2.3671,-1.0912,-5.8149,-4.8329,0.9231
1034.00,-5.7260,-4.4919,0.8651,7.8374,-2.3670,-1.0569,-5.8149,-4.8330,0.9574
1034.50,-5.7263,-4.4919,0.8982,7.8372,-2.3666,-1.0220,-5.8151,-4.8333,0.9923
1035.00,-5.7271,-4.4920,0.9321,7.8368,-2.3661,-0.9863,-5.8155,-4.8339,1.0280
1035.50,-5.7283,-4.4920,0.9670,7.8360,-2.3649,-0.9494,-5.8162,-4.8351,1.0649
1036.00,-5.7300,-4.4921,1.0027,7.8352,-2.3638,-0.9115,-5.8168,-4.8363,1.1028
1036.50,-5.7321,-4.4921,1.0395,7.8337,-2.3620,-0.8730,-5.8178,-4.8384,1.1413
1037.00,-5.7347,-4.4922,1.0772,7.8323,-2.3603,-0.8335,-5.8187,-4.8405,1.1807
1037.50,-5.7378,-4.4922,1.1159,7.8292,-2.3571,-0.7924,-5.8203,-4.8446,1.2219
1038.00,-5.7414,-4.4923,1.1557,7.8265,-2.3545,-0.7508,-5.8215,-4.8481,1.2634
1038.50,-5.7448,-4.4907,1.2009,7.8246,-2.3528,-0.7050,-5.8223,-4.8506,1.3093
1039.00,-5.7462,-4.4471,1.3488,7.8602,-2.3786,-0.5592,-5.8142,-4.8074,1.4551
1039.50,-5.7420,-4.3402,1.4449,7.9608,-2.4330,-0.4588,-5.8479,-4.6726,1.5135
1040.00,-5.7236,-4.2114,1.3958,8.0785,-2.4929,-0.5068,-5.8490,-4.5508,1.4621
1040.50,-5.6978,-4.0840,1.3730,8.1945,-2.5603,-0.5273,-5.8283,-4.4177,1.4358
1041.00,-5.6779,-3.9554,1.5266,8.3161,-2.6217,-0.3725,-5.8214,-4.2879,1.5906
1041.50,-5.6693,-3.8258,1.7044,8.4439,-2.6569,-0.1877,-5.8327,-4.1645,1.7731
1042.00,-5.6821,-3.7177,1.6898,8.5606,-2.6779,-0.1977,-5.8467,-4.0504,1.7608
1042.50,-5.6891,-3.6042,1.4919,8.6687,-2.7098,-0.3917,-5.8481,-3.9383,1.5633
1043.00,-5.6818,-3.4757,1.3844,8.7923,-2.7706,-0.4973,-5.8397,-3.8083,1.4472
1043.50,-5.6614,-3.3475,1.4593,8.9113,-2.8315,-0.4213,-5.8384,-3.6799,1.5231
1044.00,-5.6499,-3.2177,1.5937,9.0397,-2.8771,-0.2797,-5.8453,-3.5508,1.6609
1044.50,-5.6506,-3.0877,1.5836,9.1691,-2.9143,-0.2867,-5.8445,-3.4201,1.6513
1045.00,-5.6458,-2.9577,1.5509,9.2945,-2.9533,-0.3185,-5.8535,-3.2926,1.6173
1045.50,-5.6437,-2.8278,1.5582,9.4191,-2.9945,-0.3106,-5.8548,-3.1615,1.6218
1046.00,-5.6405,-2.6978,1.5409,9.5515,-3.0374,-0.3248,-5.8665,-3.0297,1.6075
1046.50,-5.6364,-2.5679,1.5466,9.6726,-3.0786,-0.3227,-5.8662,-2.9043,1.6069
1047.00,-5.6325,-2.4379,1.5290,9.7999,-3.1210,-0.3365,-5.8704,-2.7702,1.5939
1047.50,-5.6307,-2.3080,1.5694,9.9282,-3.1639,-0.2963,-5.8754,-2.6374,1.6309
1048.00,-5.6347,-2.1780,1.5850,10.0548,-3.1992,-0.2763,-5.8893,-2.5120,1.6523
1048.50,-5.6325,-2.0480,1.5569,10.1778,-3.2379,-0.3054,-5.8962,-2.3832,1.6218
1049.00,-5.6362,-1.9182,1.6659,10.3033,-3.2702,-0.1917,-5.9096,-2.2543,1.7327
1049.50,-5.6490,-1.7895,1.7527,10.4325,-3.2892,-0.1002,-5.9331,-2.1265,1.8202
1050.00,-5.6711,-1.6625,1.8272,10.5660,-3.2982,-0.0243,-5.9649,-1.9981,1.8911
1050.50,-5.7037,-1.5373,1.8452,10.6952,-3.2992,-0.0065,-6.0004,-1.8812,1.9102
1051.00,-5.7409,-1.4126,1.8501,10.8230,-3.2984,0.0021,-6.0462,-1.7597,1.9156
1051.50,-5.7705,-1.2860,1.7246,10.9556,-3.3055,-0.1187,-6.0844,-1.6299,1.7948
1052.00,-5.7917,-1.1598,1.4949,11.0798,-3.3331,-0.3468,-6.0984,-1.5032,1.5591
1052.50,-5.8020,-1.0453,1.2238,11.1898,-3.3881,-0.6122,-6.0999,-1.3852,1.2902
1053.00,-5.7679,-0.9390,0.9797,11.2756,-3.4662,-0.8550,-6.0841,-1.2891,1.0426
1053.50,-5.6951,-0.8467,0.7691,11.3448,-3.5645,-1.0641,-6.0321,-1.1822,0.8335
1054.00,-5.6102,-0.7788,0.5477,11.3860,-3.6605,-1.2816,-5.9610,-1.1134,0.6138
1054.50,-5.4950,-0.7231,0.3566,11.4104,-3.7886,-1.4682,-5.8437,-1.0495,0.4244
1055.00,-5.3695,-0.6760,0.1358,11.4102,-3.9280,-1.6886,-5.7102,-1.0057,0.1995
1055.50,-5.2399,-0.6506,0.0186,11.3844,-4.0632,-1.8034,-5.5916,-0.9728,0.0795
1056.00,-5.1100,-0.6445,0.0568,11.3563,-4.1937,-1.7606,-5.4634,-0.9504,0.1214
1056.50,-4.9801,-0.6407,-0.0215,11.3287,-4.3228,-1.8354,-5.3418,-0.9369,0.0432
1057.00,-4.8507,-0.6461,-0.1468,11.2852,-4.4453,-1.9641,-5.2198,-0.9397,-0.0885
1057.50,-4.7220,-0.6625,-0.0912,11.2366,-4.5673,-1.9062,-5.0958,-0.9463,-0.0319
1058.00,-4.5923,-0.6710,0.1267,11.2063,-4.6957,-1.6848,-4.9705,-0.9346,0.1865
1058.50,-4.4645,-0.6588,0.2131,11.1987,-4.8270,-1.5963,-4.8411,-0.9184,0.2759
1059.00,-4.3376,-0.6300,0.2426,11.1960,-4.9578,-1.5624,-4.7175,-0.8894,0.3079
1059.50,-4.2260,-0.6001,0.2177,11.1974,-5.0778,-1.5794,-4.6267,-0.8520,0.2839
1060.00,-4.1595,-0.5801,0.1051,11.1930,-5.1551,-1.6848,-4.5475,-0.8321,0.1681
1060.50,-4.0516,-0.5718,-0.1435,11.1694,-5.2571,-1.9272,-4.4541,-0.8237,-0.0778
1061.00,-3.9255,-0.5829,-0.3116,11.1158,-5.3678,-2.0952,-4.3332,-0.8344,-0.2545
1061.50,-3.8212,-0.6160,-0.3090,11.0611,-5.4603,-2.0931,-4.2322,-0.8473,-0.2542
1062.00,-3.7399,-0.6420,-0.1342,11.0227,-5.5384,-1.9196,-4.1375,-0.8611,-0.0815
1062.50,-3.6255,-0.6580,0.0447,10.9941,-5.6532,-1.7357,-4.0296,-0.8628,0.1077
1063.00,-3.4957,-0.6543,0.0300,10.9727,-5.7897,-1.7473,-3.8885,-0.8602,0.0924
1063.50,-3.3657,-0.6529,0.0107,10.9478,-5.9180,-1.7614,-3.7653,-0.8504,0.0714
1064.00,-3.2358,-0.6570,-0.0609,10.9178,-6.0471,-1.8366,-3.6422,-0.8504,-0.0072
1064.50,-3.1061,-0.6680,-0.0872,10.8824,-6.1718,-1.8626,-3.5175,-0.8503,-0.0324
1065.00,-2.9764,-0.6749,0.0116,10.8495,-6.2987,-1.7600,-3.3805,-0.8517,0.0685
1065.50,-2.8466,-0.6715,0.0693,10.8307,-6.4287,-1.6973,-3.2509,-0.8368,0.1291
1066.00,-2.7167,-0.6681,-0.0065,10.8092,-6.5565,-1.7749,-3.1240,-0.8323,0.0488
1066.50,-2.5868,-0.6655,0.0644,10.7860,-6.6840,-1.7021,-2.9964,-0.8207,0.1193
1067.00,-2.4571,-0.6570,0.0464,10.7697,-6.8140,-1.7174,-2.8648,-0.8042,0.1041
1067.50,-2.3271,-0.6562,-0.0149,10.7458,-6.9402,-1.7786,-2.7317,-0.7959,0.0400
1068.00,-2.1973,-0.6637,-0.0931,10.7129,-7.0688,-1.8585,-2.5958,-0.7961,-0.0410
1068.50,-2.0679,-0.6757,-0.0931,10.6754,-7.1971,-1.8570,-2.4704,-0.8012,-0.0413
1069.00,-1.9382,-0.6825,0.0133,10.6453,-7.3197,-1.7456,-2.3484,-0.8004,0.0666
1069.50,-1.8084,-0.6792,0.0720,10.6286,-7.4469,-1.6830,-2.2204,-0.7880,0.1252
1070.00,-1.6787,-0.6709,0.0839,10.6123,-7.5817,-1.6727,-2.0811,-0.7722,0.1334
1070.50,-1.5497,-0.6545,0.1399,10.6045,-7.7064,-1.6116,-1.9536,-0.7508,0.1941
1071.00,-1.4203,-0.6416,0.0187,10.5934,-7.8392,-1.7299,-1.8218,-0.7305,0.0729
1071.50,-1.2908,-0.6389,-0.1285,10.5603,-7.9691,-1.8815,-1.6969,-0.7328,-0.0819
1072.00,-1.1618,-0.6531,-0.0863,10.5211,-8.0943,-1.8392,-1.5678,-0.7327,-0.0388
1072.50,-1.0319,-0.6599,0.0581,10.4962,-8.2249,-1.6903,-1.4331,-0.7272,0.1092
1073.00,-0.9021,-0.6548,0.0234,10.4801,-8.3565,-1.7220,-1.3067,-0.7141,0.0767
1073.50,-0.7722,-0.6558,-0.0145,10.4557,-8.4907,-1.7582,-1.1768,-0.7131,0.0344
1074.00,-0.6422,-0.6551,-0.0086,10.4340,-8.6185,-1.7473,-1.0599,-0.7077,0.0435
1074.50,-0.5122,-0.6600,-0.0354,10.4084,-8.7452,-1.7719,-0.9273,-0.7048,0.0171
1075.00,-0.3822,-0.6607,-0.0133,10.3861,-8.8720,-1.7440,-0.7942,-0.7009,0.0369
1075.50,-0.2524,-0.6667,-0.0433,10.3616,-8.9933,-1.7757,-0.6686,-0.7000,0.0033
1076.00,-0.1224,-0.6677,-0.0077,10.3392,-9.1230,-1.7312,-0.5246,-0.6942,0.0447
1076.50,0.0075,-0.6737,-0.0681,10.3128,-9.2529,-1.7903,-0.3934,-0.6931,-0.0190
1077.00,0.1370,-0.6846,-0.0681,10.2830,-9.3793,-1.7909,-0.2670,-0.6972,-0.0196
1077.50,0.2669,-0.6881,0.0736,10.2632,-9.5085,-1.6436,-0.1144,-0.6945,0.1230
1078.00,0.3958,-0.6804,0.1646,10.2605,-9.6372,-1.5502,0.0137,-0.6744,0.2159
1078.50,0.5243,-0.6629,0.1249,10.2611,-9.7660,-1.5908,0.1121,-0.6582,0.1712
1079.00,0.6538,-0.6544,0.0205,10.2534,-9.8934,-1.6886,0.2530,-0.6443,0.0734
1079.50,0.7836,-0.6551,-0.1020,10.2279,-10.0241,-1.8146,0.3746,-0.6473,-0.0590
1080.00,0.9130,-0.6668,-0.0884,10.1969,-10.1533,-1.7972,0.5181,-0.6503,-0.0422
1080.50,1.0426,-0.6730,-0.0429,10.1690,-10.2890,-1.7471,0.6422,-0.6529,0.0055
1081.00,1.1725,-0.6790,-0.0443,10.1454,-10.4179,-1.7497,0.7615,-0.6508,0.0000
1081.50,1.3025,-0.6786,0.0226,10.1261,-10.5472,-1.6808,0.8972,-0.6460,0.0684
1082.00,1.4323,-0.6690,0.0990,10.1151,-10.6802,-1.6051,1.0214,-0.6305,0.1424
1082.50,1.5611,-0.6514,0.1418,10.1155,-10.8135,-1.5574,1.1601,-0.5990,0.1930
1083.00,1.6905,-0.6385,0.0079,10.1102,-10.9498,-1.6884,1.2914,-0.5829,0.0571
1083.50,1.8197,-0.6355,-0.1799,10.0810,-11.0786,-1.8787,1.4047,-0.5889,-0.1359
1084.00,1.9431,-0.6562,-0.1890,10.0386,-11.2044,-1.8852,1.5431,-0.5940,-0.1443
1084.50,2.0642,-0.6729,-0.0113,10.0075,-11.3278,-1.7116,1.6574,-0.6039,0.0288
1085.00,2.1902,-0.6789,0.2175,10.0055,-11.4570,-1.4764,1.7702,-0.5859,0.2654
1085.50,2.2847,-0.6611,0.2623,10.0179,-11.5528,-1.4288,1.8807,-0.5771,0.3106
1086.00,2.3905,-0.6445,0.1339,10.0278,-11.6575,-1.5507,1.9722,-0.5525,0.1838
1086.50,2.5183,-0.6368,-0.1180,10.0130,-11.7914,-1.8029,2.1227,-0.5552,-0.0719
1087.00,2.6441,-0.6479,-0.1981,9.9780,-11.9114,-1.8815,2.2264,-0.5613,-0.1551
1087.50,2.7718,-0.6686,-0.1012,9.9420,-12.0385,-1.7826,2.3636,-0.5660,-0.0569
1088.00,2.9016,-0.6805,0.0745,9.9248,-12.1742,-1.6047,2.4847,-0.5636,0.1196
1088.50,3.0309,-0.6731,0.1059,9.9243,-12.3054,-1.5714,2.6171,-0.5544,0.1530
1089.00,3.1606,-0.6651,0.0214,9.9183,-12.4369,-1.6515,2.7467,-0.5476,0.0716
1089.50,3.2905,-0.6663,-0.0896,9.8999,-12.5683,-1.7662,2.8765,-0.5461,-0.0457
1090.00,3.4199,-0.6765,-0.0877,9.8748,-12.6945,-1.7650,2.9957,-0.5497,-0.0471
1090.50,3.5496,-0.6842,-0.0176,9.8513,-12.8280,-1.6957,3.1314,-0.5513,0.0265
1091.00,3.6794,-0.6829,0.0981,9.8431,-12.9601,-1.5811,3.2571,-0.5369,0.1404
1091.50,3.8080,-0.6705,0.1661,9.8481,-13.0921,-1.5074,3.3912,-0.5223,0.2140
1092.00,3.9367,-0.6541,0.1041,9.8536,-13.2211,-1.5655,3.5054,-0.5013,0.1513
1092.50,4.0664,-0.6466,-0.0706,9.8446,-13.3544,-1.7373,3.6394,-0.4916,-0.0226
1093.00,4.1954,-0.6535,-0.1510,9.8162,-13.4826,-1.8153,3.7738,-0.4928,-0.1074
1093.50,4.3242,-0.6682,-0.1032,9.7859,-13.6159,-1.7661,3.8995,-0.5027,-0.0613
1094.00,4.4540,-0.6739,0.0093,9.7673,-13.7428,-1.6478,4.0195,-0.5012,0.0593
1094.50,4.5839,-0.6709,0.0341,9.7608,-13.8737,-1.6208,4.1547,-0.4870,0.0837
1095.00,4.7138,-0.6726,-0.0541,9.7472,-14.0089,-1.7116,4.2857,-0.4849,-0.0081
1095.50,4.8437,-0.6760,0.0282,9.7318,-14.1429,-1.6269,4.4167,-0.4824,0.0733
1096.00,4.9726,-0.6704,0.1878,9.7368,-14.2772,-1.4601,4.5505,-0.4600,0.2382
1096.50,5.1002,-0.6479,0.1749,9.7527,-14.4109,-1.4701,4.6656,-0.4385,0.2234
1097.00,5.2271,-0.6309,-0.0279,9.7555,-14.5448,-1.6681,4.8041,-0.4214,0.0233
1097.50,5.3541,-0.6242,-0.2858,9.7267,-14.6700,-1.9256,4.9131,-0.4267,-0.2376
1098.00,5.4715,-0.6506,-0.5135,9.6712,-14.7816,-2.1518,5.0336,-0.4485,-0.4665
1098.50,5.5714,-0.7140,-0.7234,9.5971,-14.8727,-2.3604,5.1311,-0.4912,-0.6777
1099.00,5.6566,-0.8036,-0.9238,9.4961,-14.9551,-2.5596,5.2233,-0.5765,-0.8778
1099.50,5.7281,-0.9128,-1.0830,9.3795,-15.0185,-2.7179,5.2984,-0.6853,-1.0370
1100.00,5.7890,-1.0291,-1.1096,9.2591,-15.0696,-2.7435,5.3674,-0.7971,-1.0651
1100.50,5.8467,-1.1456,-1.1107,9.1333,-15.1226,-2.7428,5.4325,-0.9143,-1.0644
1101.00,5.9082,-1.2613,-1.0774,9.0089,-15.1771,-2.7081,5.4963,-1.0293,-1.0321
1101.50,5.9693,-1.3758,-1.0919,8.8889,-15.2326,-2.7211,5.5642,-1.1390,-1.0475
1102.00,6.0297,-1.4912,-1.0813,8.7666,-15.2872,-2.7106,5.6312,-1.2549,-1.0381
1102.50,6.0919,-1.6056,-1.0790,8.6506,-15.3416,-2.7073,5.6925,-1.3648,-1.0342
1103.00,6.1558,-1.7196,-1.0556,8.5332,-15.3976,-2.6826,5.7642,-1.4758,-1.0107
1103.50,6.2201,-1.8326,-1.0642,8.4242,-15.4519,-2.6901,5.8260,-1.5787,-1.0182
1104.00,6.2842,-1.9461,-1.0505,8.3027,-15.5112,-2.6766,5.9013,-1.7036,-1.0058
1104.50,6.3538,-2.0573,-1.0065,8.1841,-15.5744,-2.6312,5.9760,-1.8081,-0.9604
1105.00,6.4255,-2.1665,-0.9856,8.0695,-15.6401,-2.6081,6.0569,-1.9155,-0.9385
1105.50,6.4957,-2.2755,-1.0177,7.9509,-15.7087,-2.6388,6.1248,-2.0168,-0.9692
1106.00,6.5613,-2.3871,-1.0376,7.8302,-15.7731,-2.6555,6.2009,-2.1305,-0.9894
1106.50,6.6294,-2.4985,-1.0167,7.7096,-15.8384,-2.6310,6.2686,-2.2427,-0.9684
1107.00,6.7017,-2.6077,-0.9801,7.5939,-15.9061,-2.5930,6.3442,-2.3413,-0.9328
1107.50,6.7737,-2.7158,-1.0040,7.4769,-15.9775,-2.6131,6.4262,-2.4507,-0.9540
1108.00,6.8401,-2.8271,-1.0343,7.3599,-16.0421,-2.6428,6.5009,-2.5615,-0.9872
1108.50,6.9088,-2.9382,-1.0132,7.2436,-16.1072,-2.6175,6.5703,-2.6691,-0.9663
1109.00,6.9811,-3.0474,-0.9785,7.1246,-16.1789,-2.5805,6.6478,-2.7784,-0.9306
1109.50,7.0555,-3.1544,-0.9647,7.0095,-16.2531,-2.5643,6.7249,-2.8728,-0.9174
1110.00,7.1295,-3.2614,-0.9629,6.8972,-16.3262,-2.5607,6.8049,-2.9792,-0.9149
1110.50,7.2041,-3.3679,-0.9695,6.7927,-16.3954,-2.5634,6.8810,-3.0744,-0.9212
1111.00,7.2746,-3.4765,-0.9971,6.6834,-16.4643,-2.5868,6.9552,-3.1816,-0.9472
1111.50,7.3481,-3.5844,-0.9593,6.5753,-16.5344,-2.5434,7.0363,-3.2920,-0.9098
1112.00,7.4240,-3.6904,-0.9445,6.4652,-16.6106,-2.5273,7.1160,-3.3945,-0.8972
1112.50,7.5012,-3.7952,-0.9376,6.3634,-16.6836,-2.5166,7.1962,-3.4853,-0.8866
1113.00,7.5740,-3.9020,-0.9985,6.2588,-16.7547,-2.5759,7.2687,-3.5951,-0.9493
1113.50,7.6390,-4.0130,-1.0545,6.1462,-16.8222,-2.6303,7.3508,-3.7036,-1.0072
1114.00,7.6880,-4.1027,-1.0885,6.0504,-16.8729,-2.6645,7.3961,-3.7968,-1.0379
1114.50,7.7063,-4.1377,-1.0885,6.0122,-16.8926,-2.6623,7.4179,-3.8239,-1.0357
1115.00,7.7082,-4.1381,-1.0618,6.0099,-16.8939,-2.6328,7.4193,-3.8261,-1.0062
1115.50,7.7106,-4.1382,-1.0245,6.0077,-16.8952,-2.5930,7.4207,-3.8282,-0.9665
1116.00,7.7126,-4.1382,-0.9882,6.0058,-16.8964,-2.5541,7.4237,-3.8189,-0.9380
1116.50,7.7140,-4.1383,-0.9528,6.0049,-16.8970,-2.5170,7.4244,-3.8198,-0.9009
1117.00,7.7151,-4.1384,-0.9183,6.0041,-16.8976,-2.4795,7.4250,-3.8206,-0.8635
1117.50,7.7157,-4.1384,-0.8847,6.0036,-16.8980,-2.4437,7.4254,-3.8210,-0.8276
1118.00,7.7159,-4.1385,-0.8520,6.0035,-16.8980,-2.4084,7.4255,-3.8211,-0.7923
1118.50,7.7158,-4.1383,-0.8192,6.0035,-16.8981,-2.3735,7.4255,-3.8212,-0.7575
1119.00,7.7157,-4.1381,-0.7853,6.0035,-16.8980,-2.3375,7.4255,-3.8211,-0.7214
1119.50,7.7154,-4.1382,-0.7514,6.0037,-16.8978,-2.3013,7.4252,-3.8209,-0.6852
1120.00,7.7151,-4.1382,-0.7186,6.0037,-16.8978,-2.2673,7.4252,-3.8209,-0.6512
1120.50,7.7151,-4.1381,-0.6874,6.0039,-16.8976,-2.2344,7.4250,-3.8208,-0.6183
1121.00,7.7150,-4.1377,-0.6623,6.0041,-16.8973,-2.2076,7.4247,-3.8206,-0.5915
1121.50,7.7150,-4.1370,-0.6367,6.0044,-16.8969,-2.1805,7.4243,-3.8203,-0.5644
1122.00,7.7150,-4.1362,-0.6106,6.0050,-16.8961,-2.1521,7.4234,-3.8198,-0.5360
1122.50,7.7149,-4.1350,-0.5840,6.0057,-16.8950,-2.1230,7.4223,-3.8191,-0.5070
1123.00,7.7149,-4.1336,-0.5569,6.0063,-16.8939,-2.0938,7.4212,-3.8185,-0.4777
1123.50,7.7148,-4.1319,-0.5292,6.0073,-16.8922,-2.0640,7.4194,-3.8176,-0.4479
1124.00,7.7148,-4.1300,-0.5010,6.0079,-16.8909,-2.0332,7.4182,-3.8171,-0.4171
1124.50,7.7148,-4.1278,-0.4722,6.0093,-16.8881,-2.0019,7.4153,-3.8158,-0.3858
1125.00,7.7147,-4.1254,-0.4428,6.0106,-16.8852,-1.9705,7.4123,-3.8147,-0.3544
1125.50,7.7147,-4.1226,-0.4128,6.0116,-16.8827,-1.9386,7.4098,-3.8138,-0.3225
1126.00,7.7147,-4.1196,-0.3822,6.0125,-16.8801,-1.9052,7.4071,-3.8129,-0.2891
1126.50,7.7146,-4.1164,-0.3509,6.0133,-16.8776,-1.8715,7.4046,-3.8122,-0.2554
1127.00,7.7146,-4.1128,-0.3189,6.0144,-16.8739,-1.8377,7.4008,-3.8113,-0.2216
1127.50,7.7146,-4.1090,-0.2863,6.0154,-16.8700,-1.8033,7.3969,-3.8105,-0.1872
1128.00,7.7146,-4.1049,-0.2529,6.0165,-16.8652,-1.7682,7.3921,-3.8097,-0.1521
1128.50,7.7145,-4.1005,-0.2187,6.0173,-16.8603,-1.7319,7.3872,-3.8090,-0.1158
1129.00,7.7145,-4.0959,-0.1837,6.0181,-16.8550,-1.6946,7.3818,-3.8085,-0.0785
1129.50,7.7145,-4.0910,-0.1478,6.0185,-16.8511,-1.6569,7.3779,-3.8083,-0.0408
1130.00,7.7145,-4.0858,-0.1110,6.0189,-16.8453,-1.6177,7.4230,-3.7760,-0.0610
1130.50,7.7145,-4.0803,-0.0732,6.0191,-16.8400,-1.5776,7.4176,-3.7758,-0.0208
1131.00,7.7145,-4.0746,-0.0343,6.0190,-16.8345,-1.5364,7.4122,-3.7758,0.0203
1131.50,7.7145,-4.0686,0.0057,6.0187,-16.8293,-1.4941,7.4069,-3.7760,0.0627
1132.00,7.7145,-4.0614,0.0555,6.0195,-16.8371,-1.4418,7.4147,-3.7753,0.1150
1132.50,7.7145,-4.0541,0.1064,6.0207,-16.8451,-1.3890,7.4227,-3.7741,0.1678
1133.00,7.7145,-4.0472,0.1554,6.0221,-16.8514,-1.3372,7.4291,-3.7729,0.2195
1133.50,7.7145,-4.0407,0.2028,6.0236,-16.8572,-1.2877,7.4349,-3.7714,0.2691
1134.00,7.7146,-4.0348,0.2487,6.0253,-16.8625,-1.2394,7.4402,-3.7698,0.3174
1134.50,7.7146,-4.0294,0.2932,6.0271,-16.8675,-1.1931,7.4452,-3.7681,0.3637
1135.00,7.7146,-4.0257,0.3299,6.0286,-16.8710,-1.1537,7.4488,-3.7666,0.4031
1135.50,7.7147,-4.0212,0.3721,6.0307,-16.8754,-1.1086,7.4532,-3.7646,0.4482
1136.00,7.7147,-4.0171,0.4130,6.0328,-16.8794,-1.0655,7.4572,-3.7626,0.4912
1136.50,7.7147,-4.0135,0.4529,6.0342,-16.8820,-1.0231,7.4599,-3.7611,0.5336
1137.00,7.7148,-4.0104,0.4917,6.0359,-16.8847,-0.9816,7.4625,-3.7595,0.5752
1137.50,7.7148,-4.0078,0.5294,6.0375,-16.8869,-0.9416,7.4647,-3.7580,0.6151
1138.00,7.7149,-4.0057,0.5662,6.0387,-16.8885,-0.9022,7.4664,-3.7567,0.6545
1138.50,7.7149,-4.0040,0.6020,6.0402,-16.8903,-0.8644,7.4682,-3.7553,0.6923
1139.00,7.7150,-4.0027,0.6369,6.0408,-16.8909,-0.8267,7.4288,-3.6933,0.6888
1139.50,7.7150,-4.0019,0.6709,6.0413,-16.8915,-0.7904,7.4238,-3.6872,0.7210
1140.00,7.7151,-4.0016,0.7040,6.0416,-16.8918,-0.7553,7.4242,-3.6869,0.7561
1140.50,7.7151,-4.0016,0.7366,6.0416,-16.8918,-0.7207,7.4242,-3.6869,0.7907
1141.00,7.7148,-4.0016,0.7699,6.0412,-16.8915,-0.6847,7.4238,-3.6873,0.8267
1141.50,7.7148,-4.0018,0.8041,6.0410,-16.8913,-0.6476,7.4237,-3.6875,0.8638
1142.00,7.7149,-4.0022,0.8374,6.0403,-16.8908,-0.6118,7.4231,-3.6882,0.8996
1142.50,7.7149,-4.0023,0.8699,6.0401,-16.8907,-0.5767,7.4230,-3.6883,0.9347
1143.00,7.7145,-4.0023,0.9031,6.0398,-16.8905,-0.5414,7.4227,-3.6886,0.9700
1143.50,7.7136,-4.0024,0.9372,6.0394,-16.8902,-0.5055,7.4225,-3.6890,1.0059
1144.00,7.7123,-4.0025,0.9722,6.0383,-16.8897,-0.4684,7.4218,-3.6901,1.0430
1144.50,7.7106,-4.0025,1.0081,6.0363,-16.8887,-0.4308,7.4207,-3.6920,1.0806
1145.00,7.7084,-4.0026,1.0450,6.0336,-16.8875,-0.3917,7.4194,-3.6947,1.1197
1145.50,7.7057,-4.0026,1.0828,6.0311,-16.8865,-0.3518,7.4183,-3.6970,1.1595
1146.00,7.7026,-4.0027,1.1217,6.0282,-16.8855,-0.3101,7.4171,-3.6999,1.2013
1146.50,7.6990,-4.0027,1.1617,6.0246,-16.8844,-0.2675,7.4158,-3.7035,1.2439
1147.00,7.6949,-4.0027,1.2027,6.0200,-16.8833,-0.2240,7.4144,-3.7080,1.2874
1147.50,7.6903,-4.0028,1.2450,6.0150,-16.8823,-0.1803,7.4131,-3.7128,1.3311
1148.00,7.6861,-4.0028,1.2812,6.0110,-16.8816,-0.1392,7.4122,-3.7168,1.3721
1148.50,7.6821,-4.0028,1.3145,6.0070,-16.8811,-0.1041,7.4115,-3.7208,1.4073
1149.00,7.6777,-4.0028,1.3486,6.0042,-16.8809,-0.0677,7.4111,-3.7236,1.4437
1149.50,7.6731,-4.0029,1.3835,5.9991,-16.8806,-0.0305,7.4105,-3.7287,1.4809
1150.00,7.6682,-4.0029,1.4193,5.9944,-16.8806,0.0077,7.4102,-3.7334,1.5191
1150.50,7.6630,-4.0029,1.4560,5.9899,-16.8807,0.0464,7.3693,-3.6969,1.5055
1151.00,7.6576,-4.0029,1.4937,5.9835,-16.8811,0.0864,7.3690,-3.7032,1.5454
1151.50,7.6519,-4.0029,1.5325,5.9768,-16.8819,0.1277,7.3690,-3.7101,1.5867
1152.00,7.6460,-4.0029,1.5724,5.9709,-16.8828,0.1703,7.3692,-3.7159,1.6294
1152.50,7.6400,-4.0029,1.6123,5.9764,-16.8817,0.2129,7.3688,-3.7104,1.6719
1153.00,7.6344,-4.0029,1.6509,5.9815,-16.8805,0.2537,7.3681,-3.7052,1.7127
1153.50,7.6290,-4.0029,1.6886,5.9865,-16.8791,0.2935,7.3673,-3.7000,1.7526
1154.00,7.6238,-4.0029,1.7252,5.9911,-16.8776,0.3326,7.3664,-3.6953,1.7917
1154.50,7.6190,-4.0029,1.7609,5.9962,-16.8758,0.3711,7.3651,-3.6901,1.8302
1155.00,7.6141,-4.0028,1.8075,6.0015,-16.8736,0.4183,7.3635,-3.6846,1.8774
1155.50,7.6022,-4.0028,1.9526,6.0121,-16.8679,0.5607,7.3590,-3.6734,2.0197
1156.00,7.5880,-4.0025,2.1456,6.0239,-16.8588,0.7587,7.3513,-3.6606,2.2178
1156.50,7.5844,-4.0024,2.3136,6.0262,-16.8563,0.9308,7.3491,-3.6580,2.3898
1157.00,7.5850,-4.0026,2.4092,6.0258,-16.8570,1.0300,7.3497,-3.6585,2.4890
1157.50,7.5848,-4.0026,2.3931,6.0259,-16.8569,1.0161,7.3496,-3.6585,2.4751
1158.00,7.5845,-4.0026,2.3593,6.0261,-16.8565,0.9840,7.3493,-3.6582,2.4430
1158.50,7.5844,-4.0025,2.3253,6.0264,-16.8561,0.9520,7.3489,-3.6579,2.4110
1159.00,7.5843,-4.0023,2.2925,6.0265,-16.8560,0.9214,7.3488,-3.6577,2.3805
1159.50,7.5845,-4.0023,2.2598,6.0264,-16.8561,0.8909,7.3489,-3.6579,2.3499
1160.00,7.5850,-4.0024,2.2263,6.0262,-16.8564,0.8596,7.3492,-3.6581,2.3186
1160.50,7.5860,-4.0025,2.1919,6.0256,-16.8570,0.8277,7.3497,-3.6587,2.2867
1161.00,7.5812,-3.9919,2.1290,6.0334,-16.8492,0.7677,7.3428,-3.6502,2.2268
1161.50,7.5610,-3.9282,1.9547,6.0868,-16.8062,0.5970,7.2510,-3.6222,2.0072
1162.00,7.5425,-3.8409,1.7857,6.1644,-16.7614,0.4390,7.2227,-3.5319,1.8410
1162.50,7.5244,-3.7282,1.6893,6.2691,-16.7192,0.3394,7.2151,-3.4219,1.7315
1163.00,7.5119,-3.6536,1.7185,6.3435,-16.6925,0.3714,7.1990,-3.3439,1.7670
1163.50,7.4969,-3.5982,1.8244,6.3952,-16.6696,0.4707,7.1852,-3.2891,1.8640
1164.00,7.4715,-3.5079,2.0631,6.4767,-16.6161,0.7101,7.1436,-3.2069,2.1081
1164.50,7.4092,-3.4005,2.2262,6.5657,-16.5237,0.8771,7.0779,-3.1034,2.2751
1165.00,7.3281,-3.2994,2.2543,6.6476,-16.4202,0.9083,7.0012,-3.0083,2.3027
1165.50,7.2494,-3.1957,2.1638,6.7355,-16.3154,0.8198,6.9133,-2.8973,2.2107
1166.00,7.1796,-3.0856,2.1110,6.8283,-16.2223,0.7689,6.8404,-2.7940,2.1572
1166.50,7.1138,-2.9738,2.0899,6.9230,-16.1312,0.7524,6.7723,-2.6891,2.1382
1167.00,7.0528,-2.8596,2.0629,7.0162,-16.0472,0.7280,6.7085,-2.5822,2.1095
1167.50,6.9870,-2.7461,2.1049,7.1137,-15.9569,0.7725,6.6384,-2.4669,2.1534
1168.00,6.9160,-2.6357,2.1456,7.2088,-15.8600,0.8146,6.5599,-2.3579,2.1913
1168.50,6.8435,-2.5273,2.1539,7.3003,-15.7606,0.8268,6.4813,-2.2489,2.2035
1169.00,6.7760,-2.4171,2.1096,7.3976,-15.6599,0.7839,6.4078,-2.1442,2.1546
