t,gt_x,gt_y,gt_yaw,odom_x,odom_y,odom_yaw,slam_x,slam_y,slam_yaw
53.50,-0.0000,0.0000,0.0000,0.0000,0.0000,0.0237,0.0000,0.0000,0.0237
54.00,-0.0000,0.0000,0.0000,0.0000,0.0000,0.0241,0.0000,0.0000,0.0241
54.50,-0.0000,0.0000,0.0000,0.0000,0.0000,0.0240,0.0000,0.0000,0.0240
55.00,-0.0000,0.0000,0.0000,0.0000,0.0000,0.0247,0.0000,0.0000,0.0247
55.50,-0.0000,0.0000,0.0000,0.0000,0.0000,0.0252,0.0000,0.0000,0.0252
56.00,-0.0000,0.0000,0.0000,0.0000,0.0000,0.0254,0.0000,0.0000,0.0254
56.50,-0.0000,0.0000,0.0000,0.0000,0.0000,0.0261,0.0000,0.0000,0.0261
57.00,-0.0000,0.0000,0.0000,0.0000,0.0000,0.0265,0.0000,0.0000,0.0265
57.50,-0.0000,0.0000,0.0000,0.0000,0.0000,0.0268,0.0000,0.0000,0.0268
58.00,-0.0000,0.0000,0.0000,0.0000,0.0000,0.0276,0.0000,0.0000,0.0276
58.50,-0.0000,0.0000,0.0000,0.0000,0.0000,0.0275,0.0000,0.0000,0.0275
59.00,-0.0000,0.0000,0.0000,0.0000,0.0000,0.0275,0.0000,0.0000,0.0275
59.50,-0.0000,0.0000,0.0000,0.0000,0.0000,0.0279,0.0000,0.0000,0.0279
60.00,-0.0000,0.0000,0.0000,0.0000,0.0000,0.0281,0.0000,0.0000,0.0281
60.50,-0.0000,0.0000,0.0000,0.0000,0.0000,0.0284,0.0000,0.0000,0.0284
61.00,-0.0000,0.0000,0.0000,0.0000,0.0000,0.0281,0.0000,0.0000,0.0281
61.50,-0.0000,0.0000,0.0000,0.0000,0.0000,0.0286,0.0000,0.0000,0.0286
62.00,0.0369,-0.0000,-0.0000,0.0333,0.0010,0.0288,0.0333,0.0010,0.0288
62.50,0.0969,-0.0000,-0.0000,0.0953,0.0028,0.0292,0.0953,0.0028,0.0292
63.00,0.1569,-0.0000,-0.0000,0.1584,0.0046,0.0291,0.0983,-0.0024,0.0081
63.50,0.2169,-0.0000,-0.0000,0.2147,0.0063,0.0293,0.1146,-0.0020,0.0084
64.00,0.2769,-0.0000,-0.0000,0.2749,0.0080,0.0295,0.1749,-0.0011,0.0064
64.50,0.3369,-0.0000,-0.0000,0.3366,0.0099,0.0297,0.2366,-0.0005,0.0053
65.00,0.3969,-0.0000,-0.0000,0.3998,0.0117,0.0298,0.2298,-0.0002,0.0053
65.50,0.4569,-0.0000,-0.0000,0.4607,0.0135,0.0304,0.2508,0.0001,0.0060
66.00,0.5169,-0.0000,-0.0000,0.5263,0.0156,0.0313,0.2420,0.0005,0.0069
66.50,0.5769,-0.0000,-0.0000,0.5863,0.0175,0.0314,0.2865,0.0010,0.0070
67.00,0.6369,-0.0000,-0.0000,0.6505,0.0195,0.0315,0.3507,0.0019,0.0036
67.50,0.6969,-0.0000,-0.0000,0.7105,0.0214,0.0316,0.3707,0.0021,0.0036
68.00,0.7569,-0.0000,-0.0000,0.7763,0.0235,0.0317,0.4244,0.0024,0.0038
68.50,0.8169,-0.0000,-0.0000,0.8380,0.0254,0.0318,0.4782,0.0026,0.0039
69.00,0.8769,-0.0000,-0.0000,0.9000,0.0274,0.0320,0.5302,0.0028,0.0041
69.50,0.9369,-0.0000,-0.0000,0.9648,0.0295,0.0325,0.5751,0.0031,0.0045
70.00,0.9969,-0.0000,-0.0000,1.0312,0.0316,0.0330,0.6093,0.0034,0.0050
70.50,1.0569,-0.0000,-0.0000,1.0962,0.0338,0.0331,0.6466,0.0038,0.0052
71.00,1.1169,-0.0000,-0.0000,1.1550,0.0357,0.0336,0.6854,0.0041,0.0057
71.50,1.1769,-0.0000,-0.0000,1.2168,0.0378,0.0339,0.7473,0.0044,0.0059
72.00,1.2260,-0.0000,-0.0000,1.2691,0.0396,0.0344,0.7996,0.0052,0.0030
72.50,1.2260,-0.0000,-0.0000,1.2691,0.0396,0.0343,0.7996,0.0052,0.0029
73.00,1.2260,-0.0000,-0.0000,1.2691,0.0396,0.0345,0.7996,0.0052,0.0031
73.50,1.2260,-0.0000,-0.0000,1.2691,0.0396,0.0353,0.7996,0.0052,0.0039
74.00,1.2260,-0.0000,-0.0000,1.2691,0.0396,0.0355,0.7996,0.0052,0.0041
74.50,1.2260,-0.0000,-0.0000,1.2691,0.0396,0.0356,0.7996,0.0052,0.0042
75.00,1.2260,-0.0000,-0.0000,1.2691,0.0396,0.0357,0.7996,0.0052,0.0043
75.50,1.2260,-0.0000,-0.0000,1.2691,0.0396,0.0354,0.7996,0.0052,0.0040
76.00,1.2260,-0.0000,-0.0000,1.2691,0.0396,0.0359,0.7996,0.0052,0.0045
76.50,1.2260,-0.0000,-0.0000,1.2691,0.0396,0.0363,0.7996,0.0052,0.0049
77.00,1.2260,-0.0000,-0.0000,1.2691,0.0396,0.0363,0.7996,0.0052,0.0049
77.50,1.2260,-0.0000,-0.0000,1.2691,0.0396,0.0371,0.7996,0.0052,0.0057
78.00,1.2260,-0.0000,-0.0000,1.2691,0.0396,0.0375,0.7996,0.0052,0.0061
78.50,1.2260,-0.0000,-0.0000,1.2691,0.0396,0.0377,0.7996,0.0052,0.0063
79.00,1.2260,-0.0000,-0.0000,1.2691,0.0396,0.0374,0.7996,0.0052,0.0060
79.50,1.2260,-0.0000,-0.0000,1.2691,0.0396,0.0377,0.7996,0.0052,0.0062
80.00,1.2260,-0.0000,-0.0000,1.2691,0.0396,0.0378,0.7996,0.0052,0.0064
80.50,1.2260,0.0025,0.0337,1.2717,0.0398,0.0674,0.8022,0.0053,0.0360
81.00,1.2260,0.0100,0.0854,1.2786,0.0404,0.1194,0.8091,0.0057,0.0879
81.50,1.2261,0.0171,0.1351,1.2859,0.0414,0.1697,0.8164,0.0065,0.1383
82.00,1.2261,0.0237,0.1832,1.2931,0.0429,0.2175,0.8237,0.0077,0.1861
82.50,1.2261,0.0298,0.2297,1.3006,0.0447,0.2647,0.8411,0.0300,0.2298
83.00,1.2261,0.0355,0.2748,1.3059,0.0463,0.3100,0.8465,0.0313,0.2751
83.50,1.2262,0.0407,0.3185,1.3111,0.0480,0.3539,0.8517,0.0329,0.3190
84.00,1.2262,0.0453,0.3610,1.3153,0.0497,0.3967,0.8560,0.0344,0.3618
84.50,1.2262,0.0495,0.4022,1.3182,0.0509,0.4381,0.8589,0.0356,0.4032
85.00,1.2263,0.0532,0.4424,1.3220,0.0528,0.4784,0.8628,0.0373,0.4435
85.50,1.2263,0.0564,0.4815,1.3250,0.0544,0.5177,0.8658,0.0388,0.4828
86.00,1.2264,0.0592,0.5195,1.3267,0.0554,0.5566,0.8675,0.0398,0.5217
86.50,1.2264,0.0615,0.5565,1.3285,0.0566,0.5937,0.8694,0.0409,0.5588
87.00,1.2265,0.0633,0.5926,1.3297,0.0574,0.6299,0.8706,0.0417,0.5950
87.50,1.2265,0.0647,0.6277,1.3309,0.0584,0.6649,0.8719,0.0426,0.6300
88.00,1.2266,0.0656,0.6620,1.3314,0.0587,0.6990,0.8723,0.0429,0.6641
88.50,1.2266,0.0661,0.6953,1.3319,0.0592,0.7324,0.8729,0.0433,0.6975
89.00,1.2267,0.0661,0.7279,1.3319,0.0592,0.7648,0.8729,0.0434,0.7299
89.50,1.2264,0.0660,0.7609,1.3317,0.0590,0.7978,0.8727,0.0432,0.7629
90.00,1.2263,0.0660,0.7951,1.3315,0.0588,0.8322,0.8725,0.0430,0.7973
90.50,1.2264,0.0656,0.8287,1.3312,0.0584,0.8664,0.8721,0.0426,0.8315
91.00,1.2265,0.0654,0.8612,1.3310,0.0582,0.8990,0.8720,0.0424,0.8641
91.50,1.2262,0.0653,0.8942,1.3308,0.0579,0.9323,0.8717,0.0421,0.8974
92.00,1.2254,0.0653,0.9280,1.3306,0.0577,0.9661,0.8716,0.0419,0.9312
92.50,1.2243,0.0652,0.9628,1.3301,0.0569,1.0009,0.8710,0.0411,0.9660
93.00,1.2227,0.0652,0.9984,1.3294,0.0557,1.0364,0.8702,0.0400,1.0015
93.50,1.2206,0.0651,1.0351,1.3285,0.0541,1.0730,0.8693,0.0384,1.0381
94.00,1.2180,0.0651,1.0726,1.3277,0.0527,1.1110,0.8685,0.0371,1.0761
94.50,1.2150,0.0650,1.1113,1.3261,0.0492,1.1500,0.8667,0.0335,1.1151
95.00,1.2115,0.0650,1.1509,1.3248,0.0462,1.1895,0.8653,0.0306,1.1546
95.50,1.2076,0.0649,1.1917,1.3233,0.0423,1.2295,0.8637,0.0268,1.1946
96.00,1.2031,0.0649,1.2336,1.3221,0.0385,1.2714,0.8623,0.0230,1.2365
96.50,1.1981,0.0649,1.2768,1.3203,0.0322,1.3147,0.8603,0.0168,1.2798
97.00,1.1927,0.0648,1.3213,1.3193,0.0283,1.3593,0.8593,0.0129,1.3244
97.50,1.1868,0.0648,1.3671,1.3182,0.0221,1.4050,0.8579,0.0068,1.3701
98.00,1.1804,0.0648,1.4145,1.3172,0.0156,1.4527,0.8567,0.0003,1.4178
98.50,1.1735,0.0648,1.4635,1.3166,0.0087,1.5017,0.8558,-0.0066,1.4668
99.00,1.1661,0.0648,1.5143,1.3162,0.0007,1.5526,0.8552,-0.0145,1.5177
99.50,1.1583,0.0648,1.5671,1.3163,-0.0083,1.6055,0.7949,0.0564,1.5706
100.00,1.1504,0.0648,1.6201,1.3159,-0.0015,1.6589,0.7947,0.0632,1.6240
100.50,1.1453,0.0648,1.6635,1.3152,0.0046,1.7031,0.7943,0.0694,1.6682
101.00,1.1407,0.0648,1.6970,1.3145,0.0093,1.7396,0.7937,0.0741,1.7047
101.50,1.1407,0.0648,1.6970,1.3145,0.0093,1.7401,0.7937,0.0741,1.7052
102.00,1.1416,0.0581,1.6970,1.3155,0.0033,1.7404,0.7945,0.0681,1.7055
102.50,1.1465,0.0193,1.6970,1.3226,-0.0382,1.7401,0.8002,0.0263,1.7052
103.00,1.1515,-0.0204,1.6970,1.3291,-0.0763,1.7402,0.7845,-0.0121,1.7018
103.50,1.1566,-0.0601,1.6970,1.3362,-0.1179,1.7405,0.7901,-0.0539,1.7021
104.00,1.1616,-0.0998,1.6970,1.3436,-0.1612,1.7409,0.7958,-0.0975,1.7025
104.50,1.1666,-0.1394,1.6970,1.3506,-0.2016,1.7408,0.7921,-0.1380,1.7059
105.00,1.1717,-0.1791,1.6970,1.3578,-0.2437,1.7414,0.7870,-0.1804,1.7030
105.50,1.1739,-0.1971,1.6970,1.3617,-0.2660,1.7412,0.7900,-0.1928,1.7028
106.00,1.1739,-0.1971,1.6970,1.3617,-0.2660,1.7418,0.7900,-0.1928,1.7034
106.50,1.1739,-0.1971,1.6970,1.3617,-0.2660,1.7419,0.7900,-0.1928,1.7035
107.00,1.1739,-0.1971,1.6970,1.3617,-0.2660,1.7422,0.7900,-0.1928,1.7038
107.50,1.1739,-0.1971,1.6970,1.3617,-0.2660,1.7427,0.7900,-0.1928,1.7043
108.00,1.1732,-0.1971,1.7165,1.3615,-0.2652,1.7573,0.7899,-0.1921,1.7189
108.50,1.1653,-0.1971,1.8808,1.3597,-0.2585,1.9141,0.7883,-0.1852,1.8757
109.00,1.1501,-0.1969,2.0829,1.3522,-0.2429,2.1187,0.7814,-0.1695,2.0803
109.50,1.1428,-0.1966,2.2572,1.3463,-0.2347,2.2944,0.7759,-0.1610,2.2560
110.00,1.1413,-0.1953,2.3393,1.3450,-0.2332,2.3854,0.7745,-0.1594,2.3470
110.50,1.1083,-0.1603,2.2976,1.3118,-0.2010,2.3523,0.7426,-0.1260,2.3139
111.00,1.0439,-0.0738,2.1435,1.2450,-0.1237,2.2056,0.6682,-0.0768,2.1581
111.50,0.9820,0.0345,2.0042,1.1747,-0.0104,2.0577,0.5934,0.0397,2.0088
112.00,0.9468,0.1098,2.0020,1.1354,0.0666,2.0473,0.5604,0.1125,2.0005
112.50,0.8983,0.2165,2.1384,1.0755,0.1691,2.1762,0.5132,0.2138,2.1308
113.00,0.8253,0.3210,2.2571,0.9978,0.2655,2.3029,0.4402,0.3137,2.2610
113.50,0.7415,0.4204,2.2766,0.9096,0.3606,2.3246,0.3561,0.4224,2.2827
114.00,0.6554,0.5176,2.3200,0.8199,0.4530,2.3672,0.2601,0.5184,2.3218
114.50,0.5645,0.6102,2.3814,0.7230,0.5431,2.4242,0.1818,0.6130,2.3778
115.00,0.4666,0.6954,2.4746,0.6161,0.6284,2.5191,0.1136,0.6932,2.4790
115.50,0.3640,0.7713,2.5173,0.5067,0.7025,2.5654,-0.0045,0.7701,2.5235
116.00,0.2981,0.8208,2.4844,0.4342,0.7509,2.5330,-0.0511,0.8183,2.4921
116.50,0.2819,0.8340,2.4508,0.4140,0.7651,2.4998,-0.0708,0.8347,2.4579
117.00,0.2818,0.8342,2.4182,0.4139,0.7653,2.4671,-0.0710,0.8348,2.4253
117.50,0.2815,0.8341,2.3853,0.4137,0.7654,2.4346,-0.0711,0.8349,2.3927
118.00,0.2812,0.8340,2.3512,0.4134,0.7656,2.4007,-0.0714,0.8352,2.3588
118.50,0.2811,0.8343,2.3175,0.4134,0.7657,2.3669,-0.0714,0.8352,2.3250
119.00,0.2811,0.8344,2.2849,0.4132,0.7658,2.3344,-0.0716,0.8354,2.2925
119.50,0.2813,0.8343,2.2520,0.4132,0.7658,2.3021,-0.0716,0.8354,2.2602
120.00,0.2820,0.8343,2.2183,0.4139,0.7650,2.2689,-0.0710,0.8346,2.2270
120.50,0.2831,0.8342,2.1837,0.4144,0.7643,2.2349,-0.0704,0.8338,2.1930
121.00,0.2846,0.8342,2.1481,0.4156,0.7628,2.1999,-0.0693,0.8323,2.1581
121.50,0.2867,0.8341,2.1117,0.4167,0.7612,2.1640,-0.0683,0.8307,2.1221
122.00,0.2891,0.8341,2.0742,0.4185,0.7585,2.1273,-0.0667,0.8278,2.0854
122.50,0.2921,0.8340,2.0357,0.4202,0.7555,2.0891,-0.0650,0.8248,2.0472
123.00,0.2948,0.8358,1.9914,0.4210,0.7540,2.0465,-0.0643,0.8233,2.0047
123.50,0.2909,0.8806,1.8589,0.4037,0.7943,1.9181,-0.0799,0.8642,1.8763
124.00,0.2764,0.9869,1.7703,0.3737,0.8935,1.8253,-0.0701,0.9801,1.7765
124.50,0.2506,1.1143,1.7690,0.3388,1.0284,1.8194,-0.0723,1.1165,1.7726
125.00,0.2272,1.2415,1.7177,0.3070,1.1596,1.7748,-0.1198,1.2351,1.7294
125.50,0.2109,1.3375,1.4743,0.2953,1.2587,1.5428,-0.1274,1.3346,1.4940
126.00,0.2031,1.4158,1.2142,0.3083,1.3389,1.2735,-0.1204,1.4141,1.2246
126.50,0.2065,1.4371,1.1283,0.3171,1.3630,1.1773,-0.1205,1.4377,1.1285
127.00,0.2028,1.4310,1.1472,0.3147,1.3570,1.1945,-0.1232,1.4318,1.1456
127.50,0.1867,1.3953,1.1472,0.2999,1.3195,1.1948,-0.1398,1.3950,1.1459
128.00,0.1703,1.3589,1.1472,0.2841,1.2797,1.1950,-0.1575,1.3561,1.1462
128.50,0.1538,1.3224,1.1472,0.2690,1.2415,1.1950,-0.1936,1.3183,1.1497
129.00,0.1374,1.2859,1.1472,0.2563,1.2093,1.1957,-0.2078,1.2867,1.1503
129.50,0.1209,1.2495,1.1472,0.2421,1.1732,1.1962,-0.2236,1.2513,1.1509
130.00,0.1045,1.2130,1.1472,0.2270,1.1348,1.1965,-0.2405,1.2136,1.1511
130.50,0.0937,1.1892,1.1472,0.2159,1.1065,1.1967,-0.2528,1.1859,1.1514
131.00,0.0937,1.1892,1.1472,0.2159,1.1063,1.1966,-0.2529,1.1857,1.1513
131.50,0.0937,1.1892,1.1472,0.2159,1.1063,1.1966,-0.2529,1.1857,1.1513
132.00,0.0937,1.1892,1.1472,0.2159,1.1063,1.1970,-0.2529,1.1857,1.1516
132.50,0.0937,1.1892,1.1472,0.2159,1.1063,1.1967,-0.2529,1.1857,1.1513
133.00,0.0937,1.1892,1.1472,0.2159,1.1063,1.1961,-0.2529,1.1857,1.1507
133.50,0.0937,1.1892,1.1472,0.2159,1.1063,1.1962,-0.2529,1.1857,1.1508
134.00,0.0937,1.1892,1.1472,0.2159,1.1063,1.1962,-0.2529,1.1857,1.1508
134.50,0.0937,1.1892,1.1472,0.2159,1.1063,1.1966,-0.2529,1.1857,1.1513
135.00,0.0937,1.1892,1.1472,0.2159,1.1063,1.1968,-0.2529,1.1857,1.1514
135.50,0.0955,1.1892,1.1219,0.2165,1.1079,1.1746,-0.2522,1.1872,1.1292
136.00,0.0987,1.1893,1.0830,0.2177,1.1107,1.1357,-0.2508,1.1900,1.0903
136.50,0.1013,1.1893,1.0451,0.2194,1.1141,1.0978,-0.2490,1.1933,1.0525
137.00,0.1035,1.1894,1.0083,0.2205,1.1161,1.0610,-0.2479,1.1952,1.0156
137.50,0.1053,1.1894,0.9724,0.2213,1.1176,1.0250,-0.2469,1.1967,0.9796
138.00,0.1066,1.1895,0.9374,0.2221,1.1188,0.9900,-0.2461,1.1979,0.9447
138.50,0.1074,1.1895,0.9033,0.2227,1.1197,0.9561,-0.2455,1.1987,0.9107
139.00,0.1078,1.1896,0.8701,0.2231,1.1203,0.9229,-0.2451,1.1993,0.8775
139.50,0.1078,1.1897,0.8376,0.2232,1.1204,0.8904,-0.2449,1.1994,0.8450
140.00,0.1078,1.1901,0.8043,0.2236,1.1208,0.8569,-0.2445,1.1998,0.8115
140.50,0.1078,1.1902,0.7701,0.2235,1.1208,0.8231,-0.2446,1.1998,0.7777
141.00,0.1081,1.1903,0.7367,0.2234,1.1207,0.7898,-0.2447,1.1997,0.7445
141.50,0.1081,1.1903,0.7042,0.2235,1.1208,0.7573,-0.2446,1.1997,0.7119
142.00,0.1080,1.1900,0.6711,0.2233,1.1206,0.7241,-0.2448,1.1996,0.6787
142.50,0.1080,1.1892,0.6371,0.2230,1.1203,0.6904,-0.2452,1.1993,0.6450
143.00,0.1079,1.1879,0.6022,0.2219,1.1195,0.6555,-0.2462,1.1985,0.6101
143.50,0.1078,1.1862,0.5664,0.2209,1.1187,0.6201,-0.2473,1.1978,0.5747
144.00,0.1078,1.1841,0.5296,0.2181,1.1168,0.5839,-0.2502,1.1960,0.5385
144.50,0.1077,1.1814,0.4919,0.2155,1.1151,0.5459,-0.2529,1.1945,0.5006
145.00,0.1077,1.1784,0.4531,0.2134,1.1139,0.5066,-0.2550,1.1934,0.4612
145.50,0.1077,1.1748,0.4132,0.2102,1.1122,0.4674,-0.2582,1.1918,0.4221
146.00,0.1076,1.1707,0.3723,0.2049,1.1097,0.4262,-0.2637,1.1895,0.3809
146.50,0.1076,1.1662,0.3301,0.2011,1.1081,0.3844,-0.2275,1.1681,0.3390
147.00,0.1075,1.1612,0.2868,0.1969,1.1065,0.3417,-0.2318,1.1667,0.2963
147.50,0.1075,1.1556,0.2421,0.1916,1.1047,0.2972,-0.2372,1.1652,0.2518
148.00,0.1075,1.1496,0.1960,0.1857,1.1031,0.2514,-0.2431,1.1638,0.2061
148.50,0.1075,1.1432,0.1483,0.1792,1.1015,0.2041,-0.2497,1.1626,0.1587
149.00,0.1074,1.1362,0.0991,0.1705,1.0999,0.1549,-0.2585,1.1614,0.1095
149.50,0.1074,1.1287,0.0480,0.1625,1.0989,0.1041,-0.2666,1.1607,0.0587
150.00,0.1074,1.1208,-0.0051,0.1545,1.0983,0.0513,-0.2312,1.1182,0.0042
150.50,0.1074,1.1130,-0.0578,0.1606,1.0984,-0.0014,-0.2250,1.1180,-0.0485
151.00,0.1075,1.1057,-0.1086,0.1670,1.0983,-0.0523,-0.2187,1.1176,-0.0994
151.50,0.1075,1.0988,-0.1575,0.1737,1.0978,-0.1013,-0.2120,1.1167,-0.1484
152.00,0.1075,1.0924,-0.2049,0.1807,1.0969,-0.1486,-0.2050,1.1156,-0.1958
152.50,0.1075,1.0865,-0.2507,0.1880,1.0957,-0.1947,-0.1978,1.1139,-0.2418
153.00,0.1075,1.0810,-0.2951,0.1936,1.0944,-0.2387,-0.1923,1.1124,-0.2858
153.50,0.1076,1.0761,-0.3383,0.1995,1.0929,-0.2816,-0.1864,1.1106,-0.3287
154.00,0.1076,1.0717,-0.3802,0.2038,1.0915,-0.3235,-0.1823,1.1091,-0.3706
154.50,0.1077,1.0677,-0.4209,0.2076,1.0901,-0.3641,-0.2044,1.0795,-0.4112
155.00,0.1077,1.0642,-0.4606,0.2109,1.0888,-0.4038,-0.2177,1.0601,-0.4509
155.50,0.1078,1.0620,-0.4934,0.2134,1.0877,-0.4367,-0.2153,1.0589,-0.4838
156.00,0.1078,1.0594,-0.5311,0.2163,1.0863,-0.4748,-0.2125,1.0574,-0.5219
156.50,0.1079,1.0573,-0.5678,0.2183,1.0852,-0.5113,-0.2105,1.0562,-0.5584
157.00,0.1161,1.0511,-0.6242,0.2272,1.0799,-0.5628,-0.2019,1.0505,-0.6099
157.50,0.1712,1.0056,-0.7631,0.2818,1.0393,-0.6968,-0.1515,1.0051,-0.7503
158.00,0.2579,0.9158,-0.8225,0.3727,0.9565,-0.7631,-0.0826,0.9153,-0.8207
158.50,0.3464,0.8206,-0.8160,0.4648,0.8685,-0.7592,0.0190,0.8216,-0.8116
159.00,0.4384,0.7305,-0.7059,0.5621,0.7831,-0.6560,0.1075,0.7313,-0.7084
159.50,0.5214,0.6645,-0.4838,0.6528,0.7259,-0.4384,0.1927,0.6735,-0.4907
160.00,0.6205,0.6097,-0.2102,0.7669,0.6893,-0.1673,0.2644,0.6240,-0.2179
160.50,0.7476,0.5681,0.0395,0.9038,0.6842,0.0911,0.4086,0.5898,0.0412
161.00,0.8771,0.5691,0.1095,1.0344,0.7036,0.1740,0.5359,0.5804,0.1199
161.50,1.0063,0.5779,-0.0134,1.1675,0.7220,0.0636,0.6579,0.5835,0.0038
162.00,1.1348,0.5776,-0.2333,1.2970,0.7152,-0.1613,0.7709,0.5706,-0.2241
162.50,1.2600,0.5496,-0.2838,1.4269,0.6884,-0.2232,0.8841,0.5518,-0.2843
163.00,1.3855,0.5167,-0.2569,1.5623,0.6601,-0.1963,1.0284,0.5185,-0.2504
163.50,1.5121,0.4893,-0.1953,1.6911,0.6383,-0.1370,1.1441,0.4949,-0.1929
164.00,1.6394,0.4619,-0.2400,1.8207,0.6197,-0.1723,1.2653,0.4745,-0.2282
164.50,1.7650,0.4281,-0.2537,1.9550,0.5928,-0.1975,1.3869,0.4340,-0.2565
165.00,1.8920,0.4012,-0.1944,2.0839,0.5721,-0.1338,1.5231,0.4079,-0.1879
165.50,2.0200,0.3794,-0.1691,2.2169,0.5562,-0.1076,1.6542,0.3849,-0.1631
166.00,2.1472,0.3518,-0.2502,2.3469,0.5377,-0.1881,1.7558,0.3643,-0.2421
166.50,2.2726,0.3178,-0.2542,2.4769,0.5102,-0.2024,1.8939,0.3296,-0.2547
167.00,2.3994,0.2896,-0.2169,2.6074,0.4877,-0.1589,2.0168,0.2998,-0.2043
167.50,2.5255,0.2559,-0.2748,2.7410,0.4627,-0.2167,2.1529,0.2687,-0.2656
168.00,2.6497,0.2130,-0.3354,2.8710,0.4306,-0.2771,2.2673,0.2303,-0.3260
168.50,2.7724,0.1696,-0.3151,2.9988,0.3933,-0.2650,2.4070,0.1866,-0.3138
169.00,2.8968,0.1341,-0.2827,3.1197,0.3633,-0.2312,2.5022,0.1504,-0.2765
169.50,3.0221,0.1006,-0.2279,3.2491,0.3346,-0.1822,2.6486,0.1161,-0.2297
170.00,3.1491,0.0723,-0.2302,3.3846,0.3120,-0.1743,2.7644,0.0866,-0.2162
170.50,3.2747,0.0378,-0.2653,3.5149,0.2847,-0.2165,2.9136,0.0542,-0.2640
171.00,3.4012,0.0093,-0.2075,3.6455,0.2599,-0.1592,3.0528,0.0231,-0.2045
171.50,3.5149,-0.0161,-0.2057,3.7597,0.2413,-0.1564,3.1423,0.0036,-0.2025
172.00,3.5710,-0.0308,-0.1595,3.8182,0.2332,-0.1095,3.1941,-0.0113,-0.1549
172.50,3.5763,-0.0345,-0.1112,3.8283,0.2322,-0.0610,3.2042,-0.0128,-0.1064
173.00,3.5763,-0.0293,-0.0606,3.8246,0.2323,-0.0106,3.2005,-0.0125,-0.0560
173.50,3.5827,-0.0210,0.0120,3.8244,0.2324,0.0576,3.2002,-0.0124,0.0122
174.00,3.6425,-0.0038,0.1466,3.8818,0.2404,0.1950,3.2580,-0.0070,0.1497
174.50,3.7585,0.0238,0.2097,4.0003,0.2691,0.2664,3.3815,0.0366,0.2189
175.00,3.8716,0.0450,0.1132,4.1155,0.2974,0.1807,3.5040,0.0593,0.1318
175.50,3.9972,0.0574,-0.1297,4.2447,0.3064,-0.0574,3.6333,0.0625,-0.1132
176.00,4.0940,0.0588,-0.4133,4.3427,0.2869,-0.3438,3.7201,0.0571,-0.3962
176.50,4.2030,0.0103,-0.6225,4.4456,0.2361,-0.5594,3.8401,0.0310,-0.6117
177.00,4.3046,-0.0691,-0.7060,4.5527,0.1607,-0.6514,3.9432,-0.0499,-0.7037
177.50,4.4000,-0.1489,-0.6639,4.6474,0.0891,-0.6175,4.0239,-0.1265,-0.6663
178.00,4.4813,-0.2035,-0.4852,4.7297,0.0391,-0.4474,4.1034,-0.1809,-0.4928
178.50,4.5994,-0.2476,-0.2786,4.8487,-0.0022,-0.2334,4.2301,-0.2278,-0.2753
179.00,4.7249,-0.2813,-0.2167,4.9777,-0.0265,-0.1605,4.3642,-0.2574,-0.2059
179.50,4.8292,-0.3122,-0.3207,5.0872,-0.0480,-0.2563,4.4666,-0.2839,-0.3017
180.00,4.9471,-0.3541,-0.5020,5.2108,-0.0933,-0.4409,4.5880,-0.3345,-0.4898
180.50,5.0578,-0.4169,-0.5889,5.3266,-0.1555,-0.5328,4.6904,-0.3925,-0.5817
181.00,5.1650,-0.4909,-0.6140,5.4364,-0.2223,-0.5593,4.7968,-0.4646,-0.6081
181.50,5.2707,-0.5670,-0.6340,5.5505,-0.2947,-0.5754,4.9211,-0.5427,-0.6221
182.00,5.3743,-0.6463,-0.6623,5.6627,-0.3703,-0.6078,5.0158,-0.6233,-0.6567
182.50,5.4752,-0.7285,-0.7243,5.7727,-0.4498,-0.6639,5.1316,-0.6983,-0.7092
183.00,5.5687,-0.8194,-0.8172,5.8778,-0.5408,-0.7604,5.2226,-0.7939,-0.8093
183.50,5.6544,-0.9173,-0.8894,5.9681,-0.6325,-0.8301,5.3180,-0.8900,-0.8754
184.00,5.7326,-1.0206,-0.9389,6.0560,-0.7350,-0.8851,5.3911,-0.9965,-0.9305
184.50,5.8093,-1.1256,-0.9388,6.1389,-0.8367,-0.8866,5.4630,-1.0958,-0.9319
185.00,5.8842,-1.2315,-0.9904,6.2204,-0.9391,-0.9307,5.5461,-1.2079,-0.9760
185.50,5.9508,-1.3441,-1.0930,6.2945,-1.0518,-1.0385,5.6110,-1.3199,-1.0839
186.00,6.0013,-1.4388,-1.0770,6.3520,-1.1505,-1.0276,5.6575,-1.4152,-1.0695
186.50,6.0254,-1.4777,-1.0394,6.3785,-1.1931,-0.9900,5.6822,-1.4489,-1.0318
187.00,6.0282,-1.4790,-1.0027,6.3806,-1.1962,-0.9535,5.6841,-1.4521,-0.9954
187.50,6.0299,-1.4790,-0.9669,6.3816,-1.1976,-0.9175,5.6851,-1.4535,-0.9593
188.00,6.0311,-1.4791,-0.9321,6.3829,-1.1992,-0.8820,5.6863,-1.4552,-0.9239
188.50,6.0319,-1.4792,-0.8981,6.3833,-1.1998,-0.8478,5.6868,-1.4558,-0.8897
189.00,6.0322,-1.4792,-0.8651,6.3834,-1.1998,-0.8140,5.6868,-1.4558,-0.8559
189.50,6.0322,-1.4792,-0.8325,6.3834,-1.1999,-0.7813,5.6868,-1.4558,-0.8232
190.00,6.0321,-1.4789,-0.7991,6.3832,-1.1997,-0.7482,5.6866,-1.4556,-0.7901
190.50,6.0320,-1.4789,-0.7649,6.3831,-1.1996,-0.7138,5.6865,-1.4556,-0.7556
191.00,6.0315,-1.4790,-0.7317,6.3828,-1.1994,-0.6805,5.6863,-1.4554,-0.7224
191.50,6.0315,-1.4790,-0.6992,6.3826,-1.1992,-0.6482,5.6861,-1.4552,-0.6900
192.00,6.0314,-1.4785,-0.6659,6.3822,-1.1989,-0.6150,5.6856,-1.4548,-0.6569
192.50,6.0314,-1.4777,-0.6318,6.3817,-1.1986,-0.5811,5.6852,-1.4545,-0.6230
193.00,6.0313,-1.4764,-0.5968,6.3806,-1.1979,-0.5456,5.6841,-1.4537,-0.5875
193.50,6.0312,-1.4746,-0.5608,6.3787,-1.1968,-0.5101,5.6823,-1.4526,-0.5520
194.00,6.0312,-1.4724,-0.5239,6.3768,-1.1958,-0.4725,5.6804,-1.4515,-0.5144
194.50,6.0311,-1.4697,-0.4860,6.3746,-1.1947,-0.4341,5.6782,-1.4503,-0.4760
195.00,6.0311,-1.4665,-0.4471,6.3720,-1.1935,-0.3952,5.6757,-1.4491,-0.4371
195.50,6.0311,-1.4629,-0.4070,6.3691,-1.1924,-0.3551,5.6728,-1.4478,-0.3970
196.00,6.0310,-1.4587,-0.3659,6.3652,-1.1910,-0.3132,5.6690,-1.4463,-0.3551
196.50,6.0310,-1.4541,-0.3236,6.3602,-1.1895,-0.2707,5.6641,-1.4445,-0.3126
197.00,6.0309,-1.4490,-0.2800,6.3550,-1.1882,-0.2274,5.6590,-1.4430,-0.2693
197.50,6.0309,-1.4453,-0.2499,6.3511,-1.1874,-0.1950,5.6551,-1.4420,-0.2369
198.00,6.0309,-1.4453,-0.2499,6.3511,-1.1874,-0.1952,5.6551,-1.4420,-0.2371
198.50,6.0309,-1.4453,-0.2499,6.3511,-1.1874,-0.1956,5.6551,-1.4420,-0.2375
199.00,6.0309,-1.4453,-0.2499,6.3511,-1.1874,-0.1957,5.6551,-1.4420,-0.2376
199.50,6.0309,-1.4448,-0.2393,6.3510,-1.1874,-0.1887,5.6550,-1.4420,-0.2305
200.00,6.0309,-1.4392,-0.1931,6.3467,-1.1867,-0.1428,5.6508,-1.4411,-0.1847
200.50,6.0309,-1.4327,-0.1454,6.3408,-1.1860,-0.0954,5.6449,-1.4402,-0.1373
201.00,6.0309,-1.4257,-0.0960,6.3339,-1.1855,-0.0468,5.6379,-1.4394,-0.0887
201.50,6.0308,-1.4182,-0.0448,6.3259,-1.1853,0.0044,5.6300,-1.4389,-0.0375
202.00,6.0308,-1.4103,0.0084,6.3195,-1.1855,0.0572,5.6236,-1.4388,0.0153
202.50,6.0308,-1.4025,0.0610,6.3280,-1.1847,0.1102,5.7021,-1.3884,0.0683
203.00,6.0309,-1.3952,0.1116,6.3354,-1.1837,0.1611,5.7096,-1.3877,0.1192
203.50,6.0309,-1.3883,0.1605,6.3410,-1.1826,0.2099,5.7152,-1.3869,0.1680
204.00,6.0309,-1.3819,0.2077,6.3480,-1.1810,0.2574,5.7222,-1.3855,0.2155
204.50,6.0309,-1.3761,0.2534,6.3534,-1.1794,0.3038,5.7277,-1.3842,0.2619
205.00,6.0310,-1.3707,0.2978,6.3588,-1.1776,0.3488,5.7332,-1.3826,0.3069
205.50,6.0310,-1.3658,0.3409,6.3637,-1.1757,0.3920,5.7382,-1.3809,0.3501
206.00,6.0310,-1.3613,0.3827,6.3678,-1.1740,0.4339,5.6920,-1.3387,0.3885
206.50,6.0311,-1.3574,0.4234,6.3728,-1.1715,0.4748,5.6972,-1.3364,0.4294
207.00,6.0311,-1.3540,0.4630,6.3764,-1.1696,0.5143,5.7009,-1.3347,0.4689
207.50,6.0312,-1.3510,0.5015,6.3788,-1.1682,0.5534,5.7033,-1.3334,0.5080
208.00,6.0312,-1.3485,0.5390,6.3812,-1.1666,0.5910,5.7058,-1.3320,0.5457
208.50,6.0313,-1.3464,0.5755,6.3830,-1.1654,0.6271,5.7077,-1.3308,0.5818
209.00,6.0313,-1.3449,0.6111,6.3845,-1.1643,0.6627,5.7092,-1.3297,0.6173
209.50,6.0314,-1.3437,0.6457,6.3855,-1.1635,0.6974,5.7102,-1.3290,0.6520
210.00,6.0314,-1.3430,0.6795,6.3862,-1.1628,0.7313,5.7110,-1.3284,0.6859
210.50,6.0315,-1.3428,0.7124,6.3864,-1.1626,0.7643,5.7112,-1.3282,0.7190
211.00,6.0314,-1.3428,0.7450,6.3863,-1.1628,0.7970,5.7110,-1.3283,0.7516
211.50,6.0311,-1.3429,0.7787,6.3861,-1.1629,0.8303,5.7109,-1.3285,0.7850
212.00,6.0312,-1.3431,0.8128,6.3859,-1.1631,0.8646,5.7107,-1.3287,0.8192
212.50,6.0312,-1.3435,0.8458,6.3857,-1.1634,0.8976,5.7105,-1.3289,0.8522
213.00,6.0312,-1.3436,0.8784,6.3856,-1.1636,0.9300,5.7103,-1.3291,0.8846
213.50,6.0439,-1.3251,0.9599,6.3969,-1.1471,1.0048,5.7223,-1.3132,0.9595
214.00,6.0777,-1.2514,1.1152,6.4332,-1.0771,1.1657,5.7422,-1.2352,1.1238
214.50,6.1271,-1.1343,1.1523,6.4783,-0.9610,1.2127,5.7858,-1.1109,1.1673
215.00,6.1855,-1.0175,1.0719,6.5299,-0.8364,1.1328,5.8388,-0.9886,1.0839
215.50,6.2496,-0.9040,1.0573,6.5833,-0.7257,1.1152,5.9080,-0.8809,1.0685
216.00,6.3151,-0.7932,1.0285,6.6415,-0.6094,1.0900,5.9712,-0.7673,1.0412
216.50,6.3603,-0.7236,0.9921,6.6816,-0.5353,1.0538,6.0148,-0.6952,1.0049
217.00,6.3732,-0.7064,0.9566,6.6939,-0.5143,1.0177,6.0279,-0.6747,0.9671
217.50,6.3743,-0.7063,0.9221,6.6945,-0.5133,0.9828,6.0285,-0.6737,0.9322
218.00,6.3750,-0.7063,0.8884,6.6951,-0.5123,0.9491,6.0292,-0.6728,0.8985
218.50,6.3752,-0.7062,0.8555,6.6952,-0.5121,0.9167,6.0294,-0.6726,0.8661
219.00,6.3751,-0.7060,0.8229,6.6954,-0.5119,0.8844,6.0295,-0.6724,0.8338
219.50,6.3751,-0.7056,0.7891,6.6957,-0.5115,0.8507,6.0298,-0.6721,0.8001
220.00,6.3752,-0.7056,0.7551,6.6958,-0.5113,0.8172,6.0300,-0.6719,0.7666
220.50,6.3754,-0.7055,0.7222,6.6963,-0.5108,0.7839,6.0305,-0.6714,0.7333
221.00,6.3754,-0.7056,0.6895,6.6963,-0.5108,0.7515,6.0305,-0.6714,0.7009
221.50,6.3753,-0.7062,0.6560,6.6958,-0.5113,0.7181,6.0300,-0.6718,0.6675
222.00,6.3753,-0.7072,0.6216,6.6953,-0.5117,0.6838,6.0295,-0.6722,0.6332
222.50,6.3752,-0.7086,0.5863,6.6942,-0.5126,0.6487,6.0283,-0.6730,0.5981
223.00,6.3752,-0.7105,0.5501,6.6929,-0.5135,0.6130,6.0270,-0.6739,0.5624
223.50,6.3751,-0.7129,0.5129,6.6909,-0.5149,0.5754,6.0249,-0.6752,0.5248
224.00,6.3751,-0.7157,0.4747,6.6884,-0.5164,0.5368,6.0223,-0.6766,0.4862
224.50,6.3750,-0.7190,0.4355,6.6854,-0.5181,0.4978,6.0193,-0.6781,0.4472
225.00,6.3750,-0.7228,0.3951,6.6818,-0.5200,0.4578,6.0156,-0.6798,0.4072
225.50,6.3749,-0.7271,0.3536,6.6774,-0.5221,0.4162,6.0111,-0.6816,0.3656
226.00,6.3749,-0.7318,0.3110,6.6734,-0.5238,0.3729,6.0070,-0.6831,0.3223
226.50,6.3749,-0.7371,0.2670,6.6679,-0.5258,0.3286,6.0014,-0.6849,0.2780
227.00,6.3748,-0.7428,0.2217,6.6632,-0.5272,0.2837,5.9966,-0.6861,0.2331
227.50,6.3748,-0.7490,0.1749,6.6579,-0.5287,0.2370,5.9912,-0.6873,0.1864
228.00,6.3748,-0.7557,0.1266,6.6511,-0.5301,0.1886,5.9844,-0.6884,0.1380
228.50,6.3748,-0.7629,0.0765,6.6430,-0.5315,0.1385,6.0307,-0.7234,0.0862
229.00,6.3748,-0.7706,0.0245,6.6357,-0.5323,0.0867,6.0233,-0.7238,0.0344
229.50,6.3748,-0.7780,-0.0270,6.6350,-0.5324,0.0328,6.0227,-0.7239,-0.0195
230.00,6.3748,-0.7857,-0.0789,6.6429,-0.5323,-0.0193,6.0305,-0.7242,-0.0717
230.50,6.3748,-0.7904,-0.1090,6.6468,-0.5325,-0.0547,6.0344,-0.7246,-0.1071
231.00,6.3748,-0.7847,-0.0588,6.6413,-0.5324,-0.0053,6.0289,-0.7242,-0.0577
231.50,6.3748,-0.7769,-0.0061,6.6334,-0.5325,0.0475,6.0211,-0.7239,-0.0049
232.00,6.3748,-0.7700,0.0417,6.6377,-0.5322,0.0951,6.0254,-0.7238,0.0428
232.50,6.3748,-0.7625,0.0930,6.6455,-0.5313,0.1465,6.0332,-0.7233,0.0941
233.00,6.3748,-0.7555,0.1425,6.6522,-0.5301,0.1956,6.0399,-0.7225,0.1432
233.50,6.3748,-0.7489,0.1904,6.6584,-0.5287,0.2432,6.0462,-0.7214,0.1909
234.00,6.3748,-0.7429,0.2366,6.6656,-0.5267,0.2895,6.0535,-0.7198,0.2372
234.50,6.3749,-0.7373,0.2815,6.6707,-0.5251,0.3339,6.0587,-0.7184,0.2815
235.00,6.3749,-0.7322,0.3250,6.6754,-0.5234,0.3772,6.0635,-0.7170,0.3248
235.50,6.3749,-0.7276,0.3673,6.6794,-0.5217,0.4192,6.0675,-0.7155,0.3668
236.00,6.3750,-0.7235,0.4084,6.6828,-0.5201,0.4607,6.0710,-0.7141,0.4084
236.50,6.3750,-0.7199,0.4484,6.6862,-0.5183,0.5008,6.0745,-0.7125,0.4485
237.00,6.3751,-0.7175,0.4815,6.6885,-0.5170,0.5337,6.0769,-0.7113,0.4813
237.50,6.3751,-0.7148,0.5195,6.6915,-0.5152,0.5717,6.0800,-0.7096,0.5194
238.00,6.3752,-0.7125,0.5565,6.6936,-0.5138,0.6088,6.0549,-0.6910,0.5618
238.50,6.3942,-0.7003,0.6366,6.7097,-0.5016,0.6852,6.0541,-0.6684,0.6416
239.00,6.4576,-0.6451,0.8155,6.7669,-0.4464,0.8592,6.1136,-0.6156,0.8145
239.50,6.5382,-0.5450,0.9730,6.8410,-0.3428,1.0228,6.1929,-0.5156,0.9792
240.00,6.6099,-0.4355,1.0085,6.9058,-0.2281,1.0670,6.2562,-0.4037,1.0198
240.50,6.6839,-0.3280,0.9293,6.9755,-0.1107,0.9915,6.3362,-0.2971,0.9416
241.00,6.7507,-0.2442,0.8815,7.0370,-0.0218,0.9417,6.4113,-0.2077,0.8911
241.50,6.7795,-0.2102,0.8488,7.0659,0.0170,0.9089,6.4322,-0.1750,0.8565
242.00,6.7803,-0.2088,0.8159,7.0675,0.0190,0.8761,6.4398,-0.1731,0.8238
242.50,6.7803,-0.2085,0.7819,7.0677,0.0194,0.8422,6.4400,-0.1728,0.7898
243.00,6.7805,-0.2085,0.7481,7.0679,0.0195,0.8085,6.4402,-0.1727,0.7561
243.50,6.7806,-0.2084,0.7154,7.0680,0.0197,0.7754,6.4403,-0.1725,0.7230
244.00,6.7806,-0.2086,0.6826,7.0677,0.0194,0.7425,6.4400,-0.1728,0.6901
244.50,6.7805,-0.2093,0.6489,7.0672,0.0189,0.7080,6.4394,-0.1732,0.6557
245.00,6.7805,-0.2104,0.6143,7.0663,0.0182,0.6733,6.4385,-0.1739,0.6209
245.50,6.7804,-0.2119,0.5788,7.0648,0.0171,0.6378,6.4370,-0.1750,0.5855
246.00,6.7804,-0.2139,0.5424,7.0633,0.0160,0.6010,6.4355,-0.1759,0.5486
246.50,6.7803,-0.2164,0.5050,7.0609,0.0145,0.5640,6.4330,-0.1774,0.5117
247.00,6.7803,-0.2193,0.4665,7.0588,0.0132,0.5256,6.4308,-0.1786,0.4733
247.50,6.7802,-0.2227,0.4271,7.0556,0.0114,0.4864,6.4274,-0.1802,0.4341
248.00,6.7802,-0.2266,0.3865,7.0517,0.0094,0.4461,6.4235,-0.1819,0.3937
248.50,6.7802,-0.2310,0.3448,7.0473,0.0074,0.4046,6.4190,-0.1837,0.3522
249.00,6.7801,-0.2358,0.3018,7.0421,0.0053,0.3618,6.4137,-0.1855,0.3095
249.50,6.7801,-0.2412,0.2576,7.0383,0.0040,0.3179,6.4098,-0.1867,0.2656
250.00,6.7801,-0.2470,0.2120,7.0327,0.0023,0.2720,6.4041,-0.1881,0.2197
250.50,6.7800,-0.2533,0.1649,7.0267,0.0007,0.2246,6.3981,-0.1893,0.1723
251.00,6.7800,-0.2601,0.1162,7.0208,-0.0005,0.1763,6.3921,-0.1902,0.1240
251.50,6.7800,-0.2674,0.0658,7.0150,-0.0013,0.1252,6.3862,-0.1908,0.0728
252.00,6.7800,-0.2752,0.0134,7.0072,-0.0021,0.0734,6.4285,-0.2318,0.0246
252.50,6.7800,-0.2831,-0.0399,7.0098,-0.0020,0.0200,6.4311,-0.2319,-0.0289
253.00,6.7800,-0.2906,-0.0913,7.0180,-0.0021,-0.0314,6.4393,-0.2323,-0.0803
253.50,6.7800,-0.2977,-0.1409,7.0247,-0.0024,-0.0807,6.4460,-0.2330,-0.1295
254.00,6.7800,-0.3042,-0.1888,7.0312,-0.0031,-0.1286,6.4525,-0.2340,-0.1775
254.50,6.7801,-0.3103,-0.2351,7.0379,-0.0042,-0.1750,6.4591,-0.2354,-0.2239
255.00,6.7801,-0.3159,-0.2800,7.0430,-0.0052,-0.2199,6.4641,-0.2366,-0.2688
255.50,6.7801,-0.3210,-0.3236,7.0486,-0.0065,-0.2640,6.4697,-0.2383,-0.3129
256.00,6.7802,-0.3256,-0.3659,7.0524,-0.0077,-0.3064,6.4734,-0.2396,-0.3552
256.50,6.7802,-0.3298,-0.4070,7.0557,-0.0088,-0.3484,6.4767,-0.2409,-0.3973
257.00,6.7803,-0.3334,-0.4471,7.0582,-0.0097,-0.3888,6.4790,-0.2419,-0.4376
257.50,6.7803,-0.3366,-0.4860,7.0623,-0.0115,-0.4285,6.4831,-0.2439,-0.4773
258.00,6.7803,-0.3393,-0.5239,7.0646,-0.0126,-0.4670,6.4426,-0.3052,-0.5159
258.50,6.7804,-0.3415,-0.5608,7.0671,-0.0139,-0.5047,6.4450,-0.3066,-0.5536
259.00,6.7805,-0.3433,-0.5968,7.0686,-0.0148,-0.5412,6.4465,-0.3076,-0.5901
259.50,6.7805,-0.3446,-0.6318,7.0698,-0.0155,-0.5760,6.4476,-0.3084,-0.6249
260.00,6.7806,-0.3454,-0.6660,7.0707,-0.0161,-0.6102,6.4485,-0.3090,-0.6591
260.50,6.7806,-0.3459,-0.6992,7.0709,-0.0163,-0.6439,6.4487,-0.3091,-0.6927
261.00,6.7807,-0.3459,-0.7317,7.0710,-0.0164,-0.6760,6.4488,-0.3092,-0.7249
261.50,6.7811,-0.3458,-0.7649,7.0713,-0.0166,-0.7091,6.4490,-0.3095,-0.7579
262.00,6.7807,-0.3459,-0.7273,7.0707,-0.0161,-0.6795,6.4485,-0.3090,-0.7284
262.50,6.7805,-0.3440,-0.5748,7.0694,-0.0153,-0.5330,6.4473,-0.3081,-0.5819
263.00,6.7803,-0.3339,-0.3820,7.0608,-0.0112,-0.3416,6.4388,-0.3036,-0.3905
263.50,6.7801,-0.3151,-0.1636,7.0456,-0.0078,-0.1252,6.4239,-0.2995,-0.1740
264.00,6.7801,-0.2981,-0.0415,7.0276,-0.0069,0.0085,6.4059,-0.2976,-0.0404
264.50,6.7801,-0.3006,-0.0761,7.0293,-0.0069,-0.0217,6.4075,-0.2978,-0.0705
265.00,6.7801,-0.3077,-0.1261,7.0368,-0.0073,-0.0713,6.4150,-0.2985,-0.1202
265.50,6.7801,-0.3145,-0.1745,7.0438,-0.0080,-0.1202,6.4220,-0.2995,-0.1690
266.00,6.7801,-0.3207,-0.2213,7.0506,-0.0089,-0.1671,6.4288,-0.3008,-0.2159
266.50,6.7802,-0.3264,-0.2666,7.0559,-0.0099,-0.2130,6.4340,-0.3021,-0.2619
267.00,6.7802,-0.3317,-0.3106,7.0607,-0.0111,-0.2570,6.4388,-0.3035,-0.3058
267.50,6.7802,-0.3364,-0.3533,7.0654,-0.0124,-0.3000,6.4434,-0.3050,-0.3488
268.00,6.7803,-0.3407,-0.3948,7.0690,-0.0136,-0.3421,6.4469,-0.3064,-0.3909
268.50,6.7803,-0.3445,-0.4351,7.0725,-0.0149,-0.3828,6.4503,-0.3079,-0.4317
269.00,6.7804,-0.3478,-0.4744,7.0758,-0.0163,-0.4225,6.4536,-0.3095,-0.4714
269.50,6.7804,-0.3507,-0.5126,7.0782,-0.0175,-0.4613,6.4559,-0.3107,-0.5102
270.00,6.7805,-0.3530,-0.5498,7.0803,-0.0186,-0.4989,6.4580,-0.3119,-0.5478
270.50,6.7805,-0.3549,-0.5861,7.0822,-0.0196,-0.5345,6.4598,-0.3131,-0.5834
271.00,6.7806,-0.3564,-0.6214,7.0838,-0.0206,-0.5701,6.4614,-0.3142,-0.6190
271.50,6.7806,-0.3574,-0.6558,7.0842,-0.0209,-0.6047,6.4618,-0.3144,-0.6536
272.00,6.7807,-0.3579,-0.6893,7.0847,-0.0213,-0.6381,6.4622,-0.3148,-0.6870
272.50,6.7807,-0.3581,-0.7219,7.0849,-0.0214,-0.6711,6.4624,-0.3149,-0.7199
273.00,6.7811,-0.3580,-0.7548,7.0851,-0.0216,-0.7039,6.4626,-0.3151,-0.7528
273.50,6.7813,-0.3579,-0.7888,7.0852,-0.0216,-0.7383,6.4627,-0.3152,-0.7871
274.00,6.7814,-0.3582,-0.8226,7.0854,-0.0219,-0.7725,6.4629,-0.3154,-0.8214
274.50,6.7814,-0.3583,-0.8553,7.0856,-0.0220,-0.8054,6.4630,-0.3156,-0.8543
275.00,6.7812,-0.3582,-0.8881,7.0855,-0.0220,-0.8384,6.4630,-0.3155,-0.8872
275.50,6.7813,-0.3582,-0.8816,7.0854,-0.0218,-0.8363,6.4629,-0.3154,-0.8852
276.00,6.7814,-0.3583,-0.8489,7.0855,-0.0219,-0.8036,6.4630,-0.3155,-0.8525
276.50,6.7814,-0.3581,-0.8161,7.0853,-0.0218,-0.7710,6.4628,-0.3153,-0.8198
277.00,6.7813,-0.3579,-0.7821,7.0853,-0.0217,-0.7366,6.4628,-0.3153,-0.7855
277.50,6.7809,-0.3580,-0.7483,7.0849,-0.0214,-0.7027,6.4624,-0.3150,-0.7516
278.00,6.7807,-0.3581,-0.7156,7.0847,-0.0212,-0.6699,6.4622,-0.3147,-0.7188
278.50,6.7806,-0.3578,-0.6828,7.0843,-0.0209,-0.6375,6.4619,-0.3145,-0.6864
279.00,6.7806,-0.3572,-0.6491,7.0842,-0.0208,-0.6042,6.4618,-0.3144,-0.6530
279.50,6.7805,-0.3561,-0.6145,7.0831,-0.0201,-0.5697,6.4607,-0.3136,-0.6185
280.00,6.7805,-0.3546,-0.5790,7.0817,-0.0193,-0.5339,6.4594,-0.3127,-0.5828
280.50,6.7804,-0.3526,-0.5426,7.0799,-0.0182,-0.4978,6.4575,-0.3115,-0.5466
281.00,6.7804,-0.3501,-0.5052,7.0777,-0.0171,-0.4607,6.4554,-0.3103,-0.5095
281.50,6.7803,-0.3472,-0.4668,7.0756,-0.0161,-0.4224,6.4533,-0.3092,-0.4713
282.00,6.7803,-0.3438,-0.4273,7.0721,-0.0146,-0.3835,6.4500,-0.3075,-0.4323
282.50,6.7802,-0.3399,-0.3867,7.0678,-0.0130,-0.3432,6.4458,-0.3057,-0.3920
283.00,6.7802,-0.3356,-0.3450,7.0638,-0.0116,-0.3013,6.4418,-0.3041,-0.3502
283.50,6.7802,-0.3307,-0.3021,7.0588,-0.0102,-0.2594,6.4369,-0.3025,-0.3082
284.00,6.7801,-0.3259,-0.2603,7.0550,-0.0092,-0.2151,6.4331,-0.3013,-0.2640
284.50,6.7801,-0.3201,-0.2147,7.0487,-0.0080,-0.1700,6.4270,-0.2998,-0.2188
285.00,6.7801,-0.3138,-0.1677,7.0432,-0.0072,-0.1231,6.4214,-0.2987,-0.1719
285.50,6.7801,-0.3071,-0.1191,7.0362,-0.0065,-0.0747,6.4145,-0.2977,-0.1236
286.00,6.7801,-0.2998,-0.0688,7.0279,-0.0060,-0.0245,6.4063,-0.2968,-0.0734
286.50,6.7801,-0.2921,-0.0165,7.0201,-0.0060,0.0275,6.3984,-0.2965,-0.0213
287.00,6.7801,-0.2841,0.0368,7.0238,-0.0058,0.0814,6.4021,-0.2963,0.0325
287.50,6.7801,-0.2766,0.0883,7.0315,-0.0049,0.1332,6.4099,-0.2959,0.0843
288.00,6.7801,-0.2695,0.1380,7.0384,-0.0039,0.1833,6.4169,-0.2952,0.1345
288.50,6.7801,-0.2629,0.1860,7.0444,-0.0026,0.2311,6.4229,-0.2942,0.1822
289.00,6.7801,-0.2568,0.2324,7.0515,-0.0008,0.2775,6.4300,-0.2927,0.2287
289.50,6.7802,-0.2512,0.2774,7.0561,0.0006,0.3230,6.4347,-0.2915,0.2741
290.00,6.7802,-0.2460,0.3210,7.0604,0.0022,0.3665,6.4391,-0.2902,0.3177
290.50,6.7802,-0.2414,0.3634,7.0659,0.0044,0.4090,6.4447,-0.2882,0.3601
291.00,6.7803,-0.2372,0.4046,7.0690,0.0059,0.4503,6.4479,-0.2869,0.4014
291.50,6.7803,-0.2336,0.4447,7.0713,0.0070,0.4902,6.4502,-0.2859,0.4414
292.00,6.7804,-0.2304,0.4837,7.0744,0.0087,0.5296,6.4533,-0.2843,0.4807
292.50,6.7804,-0.2277,0.5217,7.0774,0.0106,0.5677,6.4565,-0.2827,0.5188
293.00,6.7805,-0.2254,0.5587,7.0790,0.0116,0.6047,6.4581,-0.2817,0.5558
293.50,6.7805,-0.2236,0.5947,7.0801,0.0124,0.6407,6.4592,-0.2810,0.5919
294.00,6.7806,-0.2223,0.6298,7.0813,0.0133,0.6757,6.4605,-0.2801,0.6269
294.50,6.7806,-0.2214,0.6639,7.0821,0.0140,0.7102,6.4613,-0.2795,0.6613
295.00,6.7911,-0.2121,0.7240,7.0910,0.0222,0.7658,6.4706,-0.2717,0.7169
295.50,6.8413,-0.1602,0.8679,7.1365,0.0731,0.9099,6.4956,-0.1339,0.8697
296.00,6.9169,-0.0618,0.9510,7.2045,0.1692,0.9943,6.5670,-0.0352,0.9542
296.50,6.9880,0.0460,0.9975,7.2741,0.2838,1.0463,6.6451,0.0765,1.0079
297.00,7.0601,0.1546,0.9629,7.3411,0.3979,1.0183,6.7092,0.1879,0.9765
297.50,7.1399,0.2575,0.8694,7.4143,0.5045,0.9215,6.7959,0.2915,0.8778
298.00,7.2247,0.3561,0.8641,7.4978,0.6120,0.9111,6.8740,0.3892,0.8675
298.50,7.3084,0.4554,0.8843,7.5794,0.7188,0.9325,6.9703,0.4883,0.8924
299.00,7.3896,0.5567,0.9020,7.6546,0.8222,0.9489,7.0398,0.5885,0.9088
299.50,7.4663,0.6613,0.9655,7.7273,0.9308,1.0141,7.1168,0.6941,0.9740
300.00,7.5418,0.7675,0.9357,7.8018,1.0489,0.9876,7.2059,0.8091,0.9440
300.50,7.6176,0.8729,0.9793,7.8738,1.1595,1.0218,7.2726,0.9065,0.9782
301.00,7.6854,0.9843,1.0770,7.9352,1.2725,1.1183,7.3329,1.0266,1.0781
301.50,7.7444,1.1022,1.2552,7.9829,1.3911,1.2881,7.4017,1.1430,1.2514
302.00,7.7956,1.2171,1.5468,8.0014,1.5207,1.5773,7.4212,1.2658,1.5407
302.50,7.8128,1.3464,1.7365,7.9855,1.6562,1.7792,7.4448,1.3879,1.7460
303.00,7.7960,1.4735,1.8149,7.9529,1.7797,1.8646,7.4420,1.5124,1.8245
303.50,7.7682,1.6002,1.7439,7.9166,1.9074,1.8045,7.4146,1.6415,1.7609
304.00,7.7488,1.7296,1.5474,7.8979,2.0421,1.6063,7.4012,1.7706,1.5570
304.50,7.7492,1.8594,1.5124,7.8984,2.1758,1.5581,7.3886,1.9002,1.5110
305.00,7.7507,1.9893,1.6605,7.8925,2.3058,1.7003,7.3893,2.0302,1.6602
305.50,7.7397,2.1179,1.7425,7.8664,2.4413,1.7952,7.3685,2.1666,1.7551
306.00,7.7219,2.2466,1.6531,7.8401,2.5731,1.7119,7.3571,2.2893,1.6648
306.50,7.7123,2.3473,1.5857,7.8292,2.6795,1.6379,7.3513,2.3861,1.5908
307.00,7.7095,2.3822,1.5345,7.8274,2.7180,1.5850,7.3518,2.4247,1.5413
307.50,7.7145,2.3822,1.4831,7.8274,2.7232,1.5335,7.3427,2.4299,1.4934
308.00,7.7216,2.3822,1.4334,7.8278,2.7298,1.4835,7.3433,2.4364,1.4433
308.50,7.7282,2.3823,1.3854,7.8285,2.7365,1.4353,7.3443,2.4431,1.3951
309.00,7.7343,2.3823,1.3389,7.8295,2.7428,1.3884,7.3455,2.4494,1.3482
309.50,7.7399,2.3823,1.2939,7.8307,2.7488,1.3431,7.3470,2.4553,1.3030
310.00,7.7450,2.3823,1.2503,7.8319,2.7535,1.2995,7.3484,2.4600,1.2594
310.50,7.7497,2.3824,1.2079,7.8330,2.7572,1.2577,7.3496,2.4636,1.2176
311.00,7.7538,2.3824,1.1666,7.8344,2.7613,1.2165,7.3512,2.4677,1.1763
311.50,7.7575,2.3825,1.1265,7.8358,2.7649,1.1765,7.3827,2.4312,1.1364
312.00,7.7607,2.3825,1.0875,7.8368,2.7673,1.1371,7.3838,2.4335,1.0969
312.50,7.7635,2.3826,1.0495,7.8375,2.7688,1.0988,7.3846,2.4350,1.0587
313.00,7.7657,2.3826,1.0126,7.8386,2.7709,1.0623,7.3858,2.4370,1.0222
313.50,7.7675,2.3827,0.9765,7.8394,2.7722,1.0262,7.3866,2.4383,0.9861
314.00,7.7689,2.3827,0.9414,7.8401,2.7733,0.9912,7.3873,2.4393,0.9511
314.50,7.7697,2.3828,0.9072,7.8408,2.7743,0.9576,7.3881,2.4404,0.9174
315.00,7.7702,2.3828,0.8739,7.8411,2.7747,0.9237,7.3884,2.4407,0.8836
315.50,7.7703,2.3829,0.8414,7.8412,2.7749,0.8912,7.3885,2.4409,0.8511
316.00,7.7830,2.3963,0.7706,7.8524,2.7878,0.8271,7.4003,2.4534,0.7870
316.50,7.8440,2.4451,0.6214,7.9088,2.8398,0.6777,7.4784,2.4934,0.6341
317.00,7.9498,2.5132,0.5719,8.0104,2.9150,0.6196,7.5832,2.5641,0.5759
317.50,8.0573,2.5873,0.6266,8.1195,2.9966,0.6725,7.6896,2.6309,0.6289
318.00,8.1624,2.6640,0.6327,8.2196,3.0769,0.6792,7.7996,2.7062,0.6426
318.50,8.2661,2.7429,0.6547,8.3183,3.1589,0.7025,7.8910,2.7848,0.6637
319.00,8.3702,2.8204,0.6393,8.4186,3.2416,0.6846,8.0041,2.8640,0.6409
319.50,8.4735,2.8998,0.6689,8.5232,3.3292,0.7131,8.1124,2.9469,0.6729
320.00,8.5742,2.9825,0.6963,8.6233,3.4188,0.7422,8.2062,3.0323,0.7056
320.50,8.6747,3.0648,0.6661,8.7194,3.5058,0.7171,8.3055,3.1155,0.6804
321.00,8.7798,3.1407,0.5878,8.8183,3.5858,0.6394,8.4071,3.1922,0.5993
321.50,8.8894,3.2098,0.5615,8.9231,3.6602,0.6080,8.5148,3.2623,0.5678
322.00,8.9979,3.2826,0.6144,9.0304,3.7380,0.6562,8.6352,3.3354,0.6196
322.50,9.1005,3.3632,0.6952,9.1308,3.8231,0.7422,8.7287,3.4168,0.7056
323.00,9.1980,3.4490,0.7602,9.2317,3.9198,0.8013,8.8331,3.5097,0.7647
323.50,9.2744,3.5312,0.9314,9.3033,4.0043,0.9654,8.9041,3.5874,0.9309
324.00,9.3290,3.6050,1.1748,9.3475,4.0862,1.2062,8.9447,3.6619,1.1695
324.50,9.3747,3.6941,1.4670,9.3710,4.1854,1.4959,8.9922,3.7599,1.4627
325.00,9.4018,3.8115,1.6931,9.3641,4.3058,1.7339,9.0118,3.8705,1.7028
325.50,9.3882,3.9400,1.7234,9.3375,4.4382,1.7764,9.0164,3.9936,1.7363
326.00,9.3745,4.0693,1.5649,9.3175,4.5689,1.6296,9.0011,4.1188,1.5838
326.50,9.3728,4.1987,1.4363,9.3211,4.7020,1.4867,9.0106,4.2577,1.4396
327.00,9.3874,4.3277,1.4754,9.3317,4.8397,1.5200,9.0179,4.3886,1.4798
327.50,9.3933,4.4575,1.5431,9.3339,4.9751,1.5883,9.0255,4.5099,1.5481
328.00,9.3951,4.5874,1.5432,9.3298,5.1057,1.5948,9.0165,4.6407,1.5512
328.50,9.3980,4.7174,1.5545,9.3269,5.2312,1.6041,9.0189,4.7662,1.5570
329.00,9.3967,4.8474,1.5737,9.3206,5.3642,1.6247,9.0186,4.9032,1.5754
329.50,9.3900,4.9773,1.6252,9.3106,5.4952,1.6761,9.0149,5.0307,1.6254
330.00,9.3772,5.1069,1.6581,9.2924,5.6323,1.7119,8.9974,5.1624,1.6627
330.50,9.3630,5.2362,1.7027,9.2718,5.7673,1.7499,8.9802,5.2943,1.7062
331.00,9.3409,5.3502,1.8222,9.2436,5.8824,1.8731,8.9569,5.4106,1.8246
331.50,9.3211,5.4053,1.8661,9.2229,5.9444,1.9173,8.9393,5.4636,1.8702
332.00,9.3149,5.4104,1.9091,9.2191,5.9548,1.9601,8.9354,5.4739,1.9095
332.50,9.3104,5.4105,1.9510,9.2172,5.9592,2.0018,8.9337,5.4784,1.9512
333.00,9.3065,5.4105,1.9917,9.2153,5.9632,2.0423,8.9320,5.4825,1.9916
333.50,9.3030,5.4106,2.0314,9.2135,5.9665,2.0813,8.9305,5.4860,2.0307
334.00,9.3000,5.4106,2.0700,9.2121,5.9690,2.1200,8.9292,5.4885,2.0694
334.50,9.2975,5.4107,2.1075,9.2108,5.9711,2.1567,8.9280,5.4906,2.1061
335.00,9.2954,5.4107,2.1441,9.2094,5.9732,2.1931,8.9266,5.4928,2.1425
335.50,9.2938,5.4108,2.1798,9.2086,5.9742,2.2286,8.9259,5.4939,2.1780
336.00,9.2926,5.4108,2.2145,9.2079,5.9750,2.2638,8.9253,5.4947,2.2132
336.50,9.2919,5.4109,2.2483,9.2072,5.9759,2.2979,8.9246,5.4956,2.2473
337.00,9.2916,5.4109,2.2813,9.2070,5.9762,2.3309,8.9244,5.4959,2.2803
337.50,9.2917,5.4109,2.3138,9.2070,5.9761,2.3634,8.9244,5.4959,2.3128
338.00,9.2918,5.4106,2.3474,9.2071,5.9761,2.3962,8.9245,5.4958,2.3456
338.50,9.2920,5.4106,2.3816,9.2072,5.9760,2.4309,8.9246,5.4957,2.3803
339.00,9.2923,5.4107,2.4146,9.2075,5.9757,2.4642,8.9249,5.4954,2.4136
339.50,9.2924,5.4106,2.4472,9.2077,5.9755,2.4970,8.9251,5.4952,2.4463
340.00,9.2925,5.4101,2.4805,9.2081,5.9752,2.5301,8.9255,5.4949,2.4795
340.50,9.2925,5.4095,2.5067,9.2089,5.9747,2.5574,8.9262,5.4944,2.5068
341.00,9.2925,5.4086,2.5328,9.2101,5.9739,2.5833,8.9274,5.4935,2.5327
341.50,9.2926,5.4074,2.5594,9.2114,5.9731,2.6099,8.9287,5.4926,2.5593
342.00,9.2926,5.4060,2.5866,9.2129,5.9723,2.6372,8.9301,5.4918,2.5866
342.50,9.2927,5.4043,2.6143,9.2147,5.9714,2.6644,8.9318,5.4907,2.6138
343.00,9.2927,5.4023,2.6426,9.2166,5.9704,2.6924,8.9337,5.4896,2.6418
343.50,9.2927,5.4001,2.6714,9.2179,5.9698,2.7210,8.9349,5.4890,2.6704
344.00,9.2928,5.3977,2.7009,9.2201,5.9689,2.7499,8.9371,5.4879,2.6993
344.50,9.2928,5.3949,2.7309,9.2222,5.9680,2.7800,8.9392,5.4870,2.7294
345.00,9.2928,5.3919,2.7616,9.2256,5.9668,2.8104,8.9426,5.4856,2.7598
345.50,9.2929,5.3886,2.7929,9.2294,5.9655,2.8415,8.9462,5.4841,2.7909
346.00,9.2929,5.3850,2.8249,9.2341,5.9642,2.8738,8.9509,5.4825,2.8232
346.50,9.2929,5.3812,2.8576,9.2382,5.9631,2.9062,8.9549,5.4813,2.8556
347.00,9.2929,5.3771,2.8911,9.2425,5.9621,2.9393,8.9591,5.4801,2.8886
347.50,9.2930,5.3727,2.9253,9.2470,5.9613,2.9731,8.9636,5.4790,2.9225
348.00,9.2930,5.3672,2.9684,9.2521,5.9605,3.0124,8.9686,5.4780,2.9618
348.50,9.2930,5.3605,3.0168,9.2573,5.9600,3.0605,8.9738,5.4772,3.0099
349.00,9.2930,5.3533,3.0670,9.2644,5.9596,3.1100,8.9809,5.4764,3.0594
349.50,9.2930,5.3456,3.1190,9.2736,5.9595,-3.1212,8.9202,5.4081,3.1218
350.00,9.2930,5.3376,-3.1108,9.2735,5.9594,-3.0681,8.9202,5.4080,-3.1082
350.50,9.2930,5.3300,-3.0590,9.2654,5.9586,-3.0165,8.9120,5.4075,-3.0566
351.00,9.2930,5.3229,-3.0092,9.2596,5.9577,-2.9672,8.9062,5.4069,-3.0073
351.50,9.2930,5.3184,-2.9766,9.2541,5.9567,-2.9322,8.9007,5.4060,-2.9724
352.00,9.2930,5.3177,-2.9612,9.2539,5.9566,-2.9186,8.9005,5.4060,-2.9587
352.50,9.2930,5.3119,-2.9146,9.2483,5.9552,-2.8721,8.8947,5.4048,-2.9122
353.00,9.2929,5.3062,-2.8695,9.2427,5.9536,-2.8273,8.8891,5.4034,-2.8674
353.50,9.2929,5.3010,-2.8257,9.2383,5.9520,-2.7840,8.8846,5.4020,-2.8242
354.00,9.2929,5.2963,-2.7831,9.2344,5.9505,-2.7418,8.8807,5.4006,-2.7820
354.50,9.2928,5.2921,-2.7418,9.2305,5.9488,-2.7007,8.8768,5.3991,-2.7408
355.00,9.2928,5.2884,-2.7016,9.2267,5.9469,-2.6601,8.8729,5.3973,-2.7003
355.50,9.2927,5.2851,-2.6624,9.2252,5.9460,-2.6212,8.8713,5.3966,-2.6614
356.00,9.2927,5.2824,-2.6243,9.2233,5.9449,-2.5834,8.8694,5.3955,-2.6235
356.50,9.2926,5.2806,-2.5959,9.2215,5.9438,-2.5536,8.9076,5.3444,-2.5937
357.00,9.2926,5.2790,-2.5685,9.2206,5.9431,-2.5259,8.9066,5.3438,-2.5660
357.50,9.2926,5.2778,-2.5417,9.2196,5.9424,-2.4996,8.9056,5.3432,-2.5397
358.00,9.2925,5.2768,-2.5154,9.2190,5.9419,-2.4738,8.9049,5.3427,-2.5139
358.50,9.2925,5.2761,-2.4896,9.2182,5.9413,-2.4477,8.9041,5.3421,-2.4878
359.00,9.2924,5.2756,-2.4643,9.2179,5.9411,-2.4224,8.9039,5.3419,-2.4625
359.50,9.2924,5.2753,-2.4395,9.2178,5.9410,-2.3980,8.9038,5.3418,-2.4382
360.00,9.2924,5.2753,-2.4152,9.2178,5.9409,-2.3737,8.9037,5.3418,-2.4138
360.50,9.2925,5.2753,-2.3905,9.2178,5.9410,-2.3498,8.9038,5.3418,-2.3900
361.00,9.2927,5.2754,-2.3652,9.2180,5.9411,-2.3250,8.9039,5.3420,-2.3651
361.50,9.2927,5.2755,-2.3395,9.2180,5.9412,-2.2991,8.9040,5.3420,-2.3392
362.00,9.2927,5.2758,-2.3144,9.2182,5.9414,-2.2742,8.9041,5.3422,-2.3144
362.50,9.2926,5.2760,-2.2899,9.2183,5.9415,-2.2496,8.9043,5.3423,-2.2897
363.00,9.2927,5.2760,-2.2655,9.2184,5.9416,-2.2256,8.9044,5.3424,-2.2657
363.50,9.2930,5.2761,-2.2405,9.2186,5.9420,-2.2014,8.9046,5.3427,-2.2416
364.00,9.2936,5.2761,-2.2151,9.2190,5.9425,-2.1760,8.9051,5.3433,-2.2161
364.50,9.2944,5.2762,-2.1891,9.2195,5.9433,-2.1500,8.9056,5.3440,-2.1902
365.00,9.2955,5.2762,-2.1627,9.2202,5.9444,-2.1241,8.9063,5.3451,-2.1642
365.50,9.2972,5.2776,-2.1446,9.2213,5.9462,-2.1049,8.9075,5.3469,-2.1451
366.00,9.3118,5.3001,-2.1446,9.2348,5.9689,-2.1046,8.9218,5.3690,-2.1447
366.50,9.3280,5.3253,-2.1446,9.2506,5.9957,-2.1046,8.9387,5.3952,-2.1448
367.00,9.3443,5.3505,-2.1446,9.2661,6.0218,-2.1042,8.9545,5.4111,-2.1408
367.50,9.3606,5.3757,-2.1446,9.2817,6.0484,-2.1045,8.9711,5.4370,-2.1411
368.00,9.3820,5.4087,-2.1446,9.3005,6.0801,-2.1043,8.9910,5.4681,-2.1410
368.50,9.4037,5.4423,-2.1446,9.3208,6.1145,-2.1052,9.0226,5.5017,-2.1418
369.00,9.4254,5.4759,-2.1446,9.3422,6.1506,-2.1056,9.0453,5.5370,-2.1422
369.50,9.4435,5.5039,-2.1446,9.3595,6.1798,-2.1058,9.0530,5.5560,-2.1389
370.00,9.4439,5.5046,-2.1446,9.3603,6.1812,-2.1052,9.0539,5.5574,-2.1383
370.50,9.4439,5.5046,-2.1446,9.3603,6.1812,-2.1059,9.0539,5.5574,-2.1390
371.00,9.4439,5.5046,-2.1446,9.3603,6.1812,-2.1060,9.0539,5.5574,-2.1391
371.50,9.4439,5.5046,-2.1446,9.3603,6.1812,-2.1065,9.0539,5.5574,-2.1397
372.00,9.4439,5.5046,-2.1446,9.3603,6.1812,-2.1064,9.0539,5.5574,-2.1396
372.50,9.4443,5.5046,-2.1300,9.3606,6.1817,-2.0954,9.0541,5.5579,-2.1285
373.00,9.4504,5.5048,-1.9926,9.3633,6.1871,-1.9666,9.0570,5.5631,-1.9998
373.50,9.4651,5.5050,-1.7767,9.3666,6.1985,-1.7522,9.0607,5.5745,-1.7854
374.00,9.4884,5.5050,-1.5300,9.3678,6.2162,-1.5050,9.0817,5.5923,-1.5346
374.50,9.5042,5.5050,-1.4189,9.3700,6.2004,-1.3801,9.0834,5.5764,-1.4098
375.00,9.5043,5.5050,-1.4182,9.3701,6.1998,-1.3781,9.0836,5.5758,-1.4078
375.50,9.5011,5.4765,-1.5030,9.3738,6.1758,-1.4530,9.0865,5.5517,-1.4827
376.00,9.4897,5.3848,-1.6074,9.3774,6.0855,-1.5689,9.1064,5.4553,-1.6028
376.50,9.4795,5.2554,-1.6757,9.3745,5.9481,-1.6358,9.1002,5.3142,-1.6689
377.00,9.4665,5.1261,-1.6536,9.3651,5.8153,-1.6217,9.0865,5.1917,-1.6548
377.50,9.4624,4.9963,-1.6012,9.3622,5.6805,-1.5654,9.0789,5.0572,-1.5951
378.00,9.4604,4.8664,-1.5956,9.3640,5.5456,-1.5552,9.0870,4.9322,-1.5884
378.50,9.4537,4.7365,-1.6179,9.3636,5.4116,-1.5799,9.0824,4.7983,-1.6152
379.00,9.4516,4.6066,-1.5896,9.3637,5.2835,-1.5517,9.0778,4.6804,-1.5849
379.50,9.4486,4.4766,-1.5953,9.3659,5.1549,-1.5559,9.0760,4.5478,-1.5912
380.00,9.4423,4.3467,-1.6123,9.3672,5.0251,-1.5702,9.0726,4.4174,-1.6033
380.50,9.4325,4.2169,-1.6233,9.3653,4.8959,-1.5858,9.0637,4.2822,-1.6172
381.00,9.4260,4.0871,-1.6353,9.3642,4.7632,-1.5895,9.0567,4.1556,-1.6209
381.50,9.4110,3.9577,-1.7049,9.3575,4.6276,-1.6573,9.0433,4.0204,-1.6933
382.00,9.3905,3.8291,-1.7223,9.3441,4.4926,-1.6767,9.0234,3.8914,-1.7150
382.50,9.3667,3.7008,-1.7419,9.3285,4.3625,-1.6954,9.0029,3.7651,-1.7303
383.00,9.3407,3.5732,-1.7966,9.3098,4.2292,-1.7416,8.9754,3.6328,-1.7800
383.50,9.3056,3.4481,-1.8871,9.2804,4.0974,-1.8352,8.9414,3.5121,-1.8782
384.00,9.2613,3.3256,-1.9490,9.2428,3.9711,-1.8946,8.8939,3.3877,-1.9400
384.50,9.2078,3.2064,-2.0108,9.1931,3.8369,-1.9574,8.8382,3.2559,-2.0010
385.00,9.1458,3.0901,-2.0632,9.1399,3.7142,-2.0089,8.7848,3.1456,-2.0508
385.50,9.0798,2.9767,-2.0965,9.0792,3.5907,-2.0442,8.7195,3.0328,-2.0895
386.00,9.0182,2.8629,-2.0372,9.0185,3.4668,-1.9884,8.6533,2.9235,-2.0320
386.50,8.9627,2.7458,-2.0186,8.9662,3.3417,-1.9624,8.5996,2.8008,-2.0064
387.00,8.9018,2.6297,-2.0660,8.9109,3.2146,-2.0063,8.5449,2.6805,-2.0535
387.50,8.8339,2.5171,-2.1158,8.8482,3.0891,-2.0594,8.4780,2.5696,-2.1083
388.00,8.7687,2.4051,-2.0673,8.7867,2.9709,-2.0175,8.4100,2.4639,-2.0663
388.50,8.7100,2.2894,-2.0402,8.7313,2.8468,-1.9823,8.3557,2.3427,-2.0274
389.00,8.6478,2.1741,-2.0699,8.6770,2.7259,-2.0106,8.2942,2.2242,-2.0612
389.50,8.5797,2.0615,-2.1157,8.6157,2.6036,-2.0571,8.2219,2.1095,-2.1077
390.00,8.5085,1.9517,-2.1493,8.5519,2.4885,-2.0921,8.1566,2.0079,-2.1410
390.50,8.4349,1.8438,-2.1749,8.4840,2.3740,-2.1182,8.0798,1.8970,-2.1670
391.00,8.3633,1.7357,-2.1265,8.4163,2.2600,-2.0756,8.0142,1.7865,-2.1210
391.50,8.2986,1.6239,-2.0935,8.3561,2.1449,-2.0376,7.9413,1.6740,-2.0858
392.00,8.2335,1.5113,-2.0961,8.2977,2.0297,-2.0401,7.8800,1.5619,-2.0872
392.50,8.1641,1.3999,-2.1369,8.2332,1.9076,-2.0800,7.8136,1.4456,-2.1282
393.00,8.0922,1.2912,-2.1463,8.1706,1.7995,-2.0942,7.7454,1.3467,-2.1431
393.50,8.0210,1.1821,-2.1558,8.1031,1.6825,-2.1027,7.6720,1.2292,-2.1488
394.00,7.9482,1.0743,-2.1595,8.0386,1.5752,-2.1094,7.6060,1.1289,-2.1548
394.50,7.8753,0.9663,-2.1688,7.9737,1.4672,-2.1179,7.5327,1.0196,-2.1609
395.00,7.7988,0.8602,-2.2104,7.9024,1.3543,-2.1574,7.4552,0.9099,-2.2004
395.50,7.7186,0.7573,-2.2498,7.8285,1.2472,-2.1957,7.3787,0.8011,-2.2405
396.00,7.6352,0.6574,-2.2701,7.7485,1.1405,-2.2203,7.2942,0.7037,-2.2616
396.50,7.5510,0.5583,-2.2792,7.6680,1.0355,-2.2298,7.2046,0.6019,-2.2718
397.00,7.4659,0.4600,-2.3020,7.5890,0.9343,-2.2475,7.1291,0.5042,-2.2888
397.50,7.3771,0.3647,-2.3298,7.5015,0.8304,-2.2805,7.0287,0.4039,-2.3253
398.00,7.2886,0.2698,-2.3045,7.4200,0.7339,-2.2577,6.9419,0.3113,-2.3019
398.50,7.2035,0.1716,-2.2723,7.3388,0.6308,-2.2249,6.8595,0.2119,-2.2661
399.00,7.1205,0.0718,-2.2526,7.2588,0.5252,-2.2061,6.7804,0.1097,-2.2469
399.50,7.0387,-0.0293,-2.2528,7.1807,0.4186,-2.2049,6.6976,0.0086,-2.2451
400.00,6.9562,-0.1298,-2.2558,7.1063,0.3186,-2.2104,6.6097,-0.0870,-2.2499
400.50,6.8757,-0.2317,-2.2376,7.0281,0.2099,-2.1883,6.5320,-0.1973,-2.2279
401.00,6.7934,-0.3326,-2.2670,6.9480,0.1005,-2.2172,6.4486,-0.3006,-2.2591
401.50,6.7114,-0.4281,-2.2883,6.8707,0.0007,-2.2404,6.3738,-0.3898,-2.2816
402.00,6.6617,-0.4851,-2.2883,6.8207,-0.0624,-2.2407,6.3191,-0.4506,-2.2807
402.50,6.6531,-0.4950,-2.2883,6.8097,-0.0763,-2.2404,6.3048,-0.4655,-2.2800
403.00,6.6769,-0.4676,-2.2883,6.8318,-0.0483,-2.2404,6.3280,-0.4384,-2.2800
403.50,6.7032,-0.4375,-2.2883,6.8570,-0.0164,-2.2408,6.3545,-0.4076,-2.2803
404.00,6.7295,-0.4074,-2.2883,6.8830,0.0163,-2.2407,6.3817,-0.3759,-2.2802
404.50,6.7558,-0.3772,-2.2883,6.9084,0.0484,-2.2409,6.4057,-0.3450,-2.2817
405.00,6.7821,-0.3471,-2.2883,6.9353,0.0824,-2.2415,6.4340,-0.3122,-2.2822
405.50,6.8084,-0.3169,-2.2883,6.9611,0.1149,-2.2414,6.4638,-0.2843,-2.2809
406.00,6.8303,-0.2919,-2.2883,6.9816,0.1407,-2.2418,6.4853,-0.2593,-2.2814
406.50,6.8308,-0.2912,-2.2883,6.9824,0.1417,-2.2420,6.4862,-0.2583,-2.2815
407.00,6.8308,-0.2912,-2.2883,6.9824,0.1417,-2.2421,6.4862,-0.2583,-2.2817
407.50,6.8308,-0.2912,-2.2883,6.9824,0.1417,-2.2419,6.4862,-0.2583,-2.2815
408.00,6.8308,-0.2912,-2.2883,6.9824,0.1417,-2.2424,6.4862,-0.2583,-2.2820
408.50,6.8308,-0.2912,-2.2883,6.9824,0.1417,-2.2426,6.4862,-0.2583,-2.2822
409.00,6.8309,-0.2912,-2.2751,6.9824,0.1417,-2.2332,6.4862,-0.2583,-2.2727
409.50,6.8326,-0.2910,-2.1520,6.9833,0.1431,-2.1182,6.4871,-0.2570,-2.1577
410.00,6.8422,-0.2908,-1.9600,6.9873,0.1516,-1.9283,6.4914,-0.2486,-1.9679
410.50,6.8604,-0.2906,-1.7389,6.9914,0.1678,-1.7097,6.4962,-0.2327,-1.7493
411.00,6.8817,-0.2906,-1.5761,6.9926,0.1915,-1.5384,6.5168,-0.2287,-1.5710
411.50,6.8837,-0.2906,-1.5630,6.9925,0.1930,-1.5199,6.5167,-0.2272,-1.5525
412.00,6.8837,-0.2906,-1.5630,6.9925,0.1929,-1.5197,6.5167,-0.2272,-1.5523
412.50,6.8836,-0.2838,-1.5630,6.9923,0.1987,-1.5198,6.5167,-0.2214,-1.5523
413.00,6.8833,-0.2447,-1.5630,6.9903,0.2384,-1.5200,6.5160,-0.1818,-1.5526
413.50,6.8830,-0.2047,-1.5630,6.9882,0.2798,-1.5201,6.5395,-0.1703,-1.5561
414.00,6.8827,-0.1647,-1.5630,6.9862,0.3191,-1.5197,6.5436,-0.1349,-1.5557
414.50,6.8824,-0.1247,-1.5630,6.9841,0.3596,-1.5201,6.5430,-0.0943,-1.5562
415.00,6.8820,-0.0847,-1.5630,6.9821,0.3995,-1.5199,6.5422,-0.0527,-1.5554
415.50,6.8817,-0.0447,-1.5630,6.9800,0.4402,-1.5203,6.5416,-0.0119,-1.5558
416.00,6.8815,-0.0186,-1.5630,6.9786,0.4681,-1.5205,6.5412,0.0159,-1.5560
416.50,6.8815,-0.0186,-1.5630,6.9786,0.4682,-1.5206,6.5321,0.0160,-1.5561
417.00,6.8815,-0.0186,-1.5630,6.9786,0.4682,-1.5210,6.5321,0.0160,-1.5564
417.50,6.8815,-0.0186,-1.5630,6.9786,0.4682,-1.5210,6.5321,0.0160,-1.5565
418.00,6.8815,-0.0186,-1.5630,6.9786,0.4682,-1.5208,6.5321,0.0160,-1.5563
418.50,6.8815,-0.0186,-1.5630,6.9786,0.4682,-1.5215,6.5321,0.0160,-1.5570
419.00,6.8815,-0.0186,-1.5630,6.9786,0.4682,-1.5218,6.5321,0.0160,-1.5572
419.50,6.8815,-0.0186,-1.5630,6.9786,0.4682,-1.5223,6.5321,0.0160,-1.5578
420.00,6.8815,-0.0186,-1.5630,6.9786,0.4682,-1.5224,6.5321,0.0160,-1.5579
420.50,6.8771,-0.0186,-1.6121,6.9787,0.4645,-1.5696,6.5321,0.0123,-1.6051
421.00,6.8696,-0.0186,-1.6635,6.9785,0.4577,-1.6214,6.5317,0.0056,-1.6569
421.50,6.8626,-0.0186,-1.7130,6.9779,0.4503,-1.6711,6.5309,-0.0018,-1.7066
422.00,6.8560,-0.0186,-1.7608,6.9773,0.4449,-1.7193,6.5300,-0.0072,-1.7548
422.50,6.8499,-0.0187,-1.8071,6.9760,0.4378,-1.7661,6.5285,-0.0143,-1.8015
423.00,6.8444,-0.0187,-1.8520,6.9748,0.4319,-1.8114,6.5271,-0.0200,-1.8469
423.50,6.8372,-0.0315,-1.9292,6.9711,0.4192,-1.8843,6.5230,-0.0326,-1.9198
424.00,6.8147,-0.0974,-2.0574,6.9464,0.3597,-2.0163,6.4657,-0.0581,-2.0483
424.50,6.7562,-0.2063,-2.0791,6.8884,0.2455,-2.0458,6.4082,-0.1703,-2.0766
425.00,6.6952,-0.3208,-2.0674,6.8297,0.1272,-2.0296,6.3487,-0.2867,-2.0581
425.50,6.6296,-0.4291,-2.1461,6.7694,0.0132,-2.1013,6.2893,-0.3989,-2.1298
426.00,6.5541,-0.5288,-2.3159,6.6965,-0.0925,-2.2695,6.2110,-0.4934,-2.3015
426.50,6.4600,-0.6193,-2.4163,6.6050,-0.1888,-2.3787,6.1128,-0.5891,-2.4118
427.00,6.3631,-0.7057,-2.3912,6.5098,-0.2794,-2.3621,6.0287,-0.6718,-2.3900
427.50,6.2733,-0.7990,-2.2672,6.4235,-0.3747,-2.2428,5.9382,-0.7648,-2.2672
428.00,6.1936,-0.9025,-2.1892,6.3452,-0.4837,-2.1586,5.8538,-0.8717,-2.1801
428.50,6.1186,-1.0086,-2.1940,6.2734,-0.5926,-2.1584,5.7797,-0.9791,-2.1823
429.00,6.0389,-1.1120,-2.2461,6.1965,-0.7013,-2.2118,5.6921,-1.0829,-2.2368
429.50,5.9569,-1.2130,-2.2553,6.1148,-0.8093,-2.2230,5.6177,-1.1888,-2.2480
430.00,5.8765,-1.3148,-2.2295,6.0349,-0.9166,-2.1966,5.5460,-1.2839,-2.2217
430.50,5.7974,-1.4155,-2.2412,5.9557,-1.0250,-2.2089,5.4583,-1.3904,-2.2339
431.00,5.7472,-1.4804,-2.2086,5.9022,-1.0991,-2.1784,5.4088,-1.4631,-2.2052
431.50,5.7347,-1.4970,-2.1738,5.8890,-1.1185,-2.1440,5.3948,-1.4742,-2.1673
432.00,5.7364,-1.4969,-2.1380,5.8900,-1.1167,-2.1086,5.3959,-1.4725,-2.1319
432.50,5.7386,-1.4969,-2.1012,5.8907,-1.1154,-2.0722,5.3966,-1.4712,-2.0955
433.00,5.7412,-1.4968,-2.0635,5.8915,-1.1140,-2.0346,5.3974,-1.4698,-2.0579
433.50,5.7442,-1.4968,-2.0248,5.8922,-1.1124,-1.9960,5.3981,-1.4682,-2.0193
434.00,5.7478,-1.4967,-1.9849,5.8937,-1.1089,-1.9565,5.3997,-1.4648,-1.9798
434.50,5.7519,-1.4967,-1.9440,5.8948,-1.1062,-1.9161,5.4008,-1.4620,-1.9394
435.00,5.7564,-1.4966,-1.9019,5.8964,-1.1013,-1.8738,5.4026,-1.4572,-1.8971
435.50,5.7614,-1.4966,-1.8585,5.8977,-1.0968,-1.8306,5.4040,-1.4527,-1.8538
436.00,5.7669,-1.4966,-1.8139,5.8990,-1.0911,-1.7859,5.4055,-1.4471,-1.8092
436.50,5.7729,-1.4965,-1.7678,5.9003,-1.0849,-1.7402,5.4068,-1.4409,-1.7634
437.00,5.7794,-1.4965,-1.7202,5.9013,-1.0782,-1.6928,5.4080,-1.4342,-1.7161
437.50,5.7863,-1.4965,-1.6710,5.9020,-1.0710,-1.6445,5.4088,-1.4270,-1.6677
438.00,5.7938,-1.4965,-1.6199,5.9024,-1.0628,-1.5938,5.4094,-1.4188,-1.6171
438.50,5.8017,-1.4965,-1.5669,5.9023,-1.0554,-1.5416,5.4096,-1.4115,-1.5649
439.00,5.8095,-1.4965,-1.5141,5.9027,-1.0627,-1.4893,5.4644,-1.4786,-1.5074
439.50,5.8169,-1.4965,-1.4633,5.9034,-1.0696,-1.4388,5.4651,-1.4856,-1.4569
440.00,5.8238,-1.4965,-1.4143,5.9046,-1.0769,-1.3898,5.4661,-1.4928,-1.4078
440.50,5.8302,-1.4965,-1.3670,5.9059,-1.0830,-1.3427,5.4672,-1.4989,-1.3607
441.00,5.8361,-1.4966,-1.3211,5.9071,-1.0878,-1.2969,5.4684,-1.5037,-1.3149
441.50,5.8415,-1.4966,-1.2766,5.9088,-1.0935,-1.2530,5.4700,-1.5095,-1.2710
442.00,5.8465,-1.4966,-1.2335,5.9104,-1.0981,-1.2102,5.4715,-1.5141,-1.2283
442.50,5.8512,-1.4984,-1.1871,5.9122,-1.1025,-1.1659,5.4732,-1.5185,-1.1839
443.00,5.8664,-1.5413,-1.0829,5.9323,-1.1423,-1.0595,5.5378,-1.5133,-1.0757
443.50,5.9165,-1.6376,-1.0973,5.9867,-1.2375,-1.0647,5.5765,-1.6091,-1.0810
444.00,5.9742,-1.7539,-1.0922,6.0468,-1.3493,-1.0693,5.6351,-1.7218,-1.0908
444.50,6.0403,-1.8657,-0.9682,6.1170,-1.4629,-0.9488,5.7083,-1.8370,-0.9669
445.00,6.1164,-1.9698,-0.9029,6.2026,-1.5722,-0.8766,5.7918,-1.9477,-0.8912
445.50,6.1951,-2.0729,-0.9413,6.2837,-1.6716,-0.9121,5.8620,-2.0439,-0.9319
446.00,6.2691,-2.1791,-0.9672,6.3654,-1.7805,-0.9397,5.9372,-2.1545,-0.9595
446.50,6.3440,-2.2857,-0.9500,6.4426,-1.8852,-0.9232,6.0081,-2.2564,-0.9429
447.00,6.4210,-2.3908,-0.9399,6.5236,-1.9900,-0.9098,6.0874,-2.3580,-0.9279
447.50,6.4974,-2.4959,-0.9402,6.6079,-2.0993,-0.9119,6.1699,-2.4687,-0.9334
448.00,6.5754,-2.6002,-0.9235,6.6859,-2.1982,-0.8940,6.2411,-2.5590,-0.9155
448.50,6.6527,-2.7045,-0.9350,6.7675,-2.3015,-0.9070,6.3206,-2.6740,-0.9268
449.00,6.7318,-2.8082,-0.9070,6.8521,-2.4073,-0.8794,6.4074,-2.7714,-0.8992
449.50,6.8103,-2.9116,-0.9566,6.9358,-2.5108,-0.9219,6.4837,-2.8766,-0.9400
450.00,6.8821,-3.0197,-0.9908,7.0101,-2.6148,-0.9646,6.5558,-2.9819,-0.9861
450.50,6.9572,-3.1264,-0.9180,7.0855,-2.7182,-0.8975,6.6286,-3.0871,-0.9137
451.00,7.0399,-3.2272,-0.8655,7.1735,-2.8213,-0.8417,6.7194,-3.1917,-0.8562
451.50,7.1239,-3.3263,-0.8750,7.2636,-2.9223,-0.8487,6.7989,-3.2892,-0.8633
452.00,7.2068,-3.4264,-0.8836,7.3498,-3.0212,-0.8583,6.8780,-3.3892,-0.8746
452.50,7.2887,-3.5272,-0.8934,7.4322,-3.1173,-0.8678,6.9586,-3.4768,-0.8806
453.00,7.3696,-3.6290,-0.9004,7.5167,-3.2183,-0.8766,7.0519,-3.5889,-0.8894
453.50,7.4491,-3.7315,-0.9173,7.5999,-3.3199,-0.8936,7.1338,-3.6915,-0.9064
454.00,7.5279,-3.8349,-0.9171,7.6825,-3.4233,-0.8950,7.2050,-3.7960,-0.9078
454.50,7.6063,-3.9385,-0.9409,7.7668,-3.5292,-0.9145,7.2978,-3.8930,-0.9238
455.00,7.6781,-4.0476,-1.0648,7.8412,-3.6377,-1.0352,7.3614,-4.0020,-1.0480
455.50,7.7402,-4.1635,-1.1368,7.9075,-3.7607,-1.1114,7.4259,-4.1161,-1.1207
456.00,7.7927,-4.2839,-1.2647,7.9620,-3.8853,-1.2329,7.4791,-4.2411,-1.2422
456.50,7.8366,-4.4109,-1.4677,7.9948,-4.0188,-1.4335,7.5209,-4.3649,-1.4463
457.00,7.8668,-4.5404,-1.7189,7.9967,-4.1550,-1.6898,7.5315,-4.5010,-1.7061
457.50,7.8546,-4.6675,-1.8318,7.9724,-4.2866,-1.8096,7.5443,-4.6222,-1.8154
458.00,7.8281,-4.7900,-2.0079,7.9332,-4.4082,-1.9809,7.5143,-4.7436,-1.9832
458.50,7.7749,-4.9030,-2.1633,7.8751,-4.5163,-2.1408,7.4857,-4.8615,-2.1396
459.00,7.6972,-5.0049,-2.3157,7.7980,-4.6182,-2.2943,7.3987,-4.9635,-2.2932
459.50,7.6038,-5.0961,-2.4049,7.7042,-4.7135,-2.3910,7.3046,-5.0584,-2.3864
460.00,7.5061,-5.1819,-2.4543,7.6018,-4.8057,-2.4365,7.2126,-5.1510,-2.4318
460.50,7.4123,-5.2533,-2.5741,7.5067,-4.8774,-2.5580,7.1277,-5.2132,-2.5498
461.00,7.3637,-5.2846,-2.6153,7.4538,-4.9106,-2.6023,7.0754,-5.2573,-2.5977
461.50,7.3590,-5.2870,-2.6529,7.4486,-4.9137,-2.6402,7.0703,-5.2604,-2.6355
462.00,7.3591,-5.2838,-2.6917,7.4519,-4.9121,-2.6794,7.0735,-5.2588,-2.6747
462.50,7.3591,-5.2802,-2.7317,7.4557,-4.9103,-2.7203,7.0774,-5.2570,-2.7156
463.00,7.3592,-5.2761,-2.7727,7.4598,-4.9086,-2.7616,7.0815,-5.2553,-2.7569
463.50,7.3592,-5.2715,-2.8150,7.4654,-4.9065,-2.8040,7.0870,-5.2532,-2.7994
464.00,7.3592,-5.2665,-2.8584,7.4703,-4.9049,-2.8481,7.0920,-5.2515,-2.8434
464.50,7.3593,-5.2609,-2.9032,7.4758,-4.9034,-2.8929,7.0974,-5.2500,-2.8882
465.00,7.3593,-5.2549,-2.9495,7.4818,-4.9020,-2.9391,7.1034,-5.2486,-2.9345
465.50,7.3593,-5.2483,-2.9972,7.4887,-4.9008,-2.9876,7.1103,-5.2473,-2.9829
466.00,7.3593,-5.2413,-3.0467,7.4958,-4.8998,-3.0372,7.0671,-5.2142,-3.0221
466.50,7.3594,-5.2339,-3.0979,7.5046,-4.8992,-3.0892,7.0758,-5.2134,-3.0741
467.00,7.3594,-5.2267,3.1374,7.5114,-4.8989,-3.1375,7.0827,-5.2131,-3.1223
467.50,7.3594,-5.2208,3.0977,7.5061,-4.8989,3.1054,7.0774,-5.2131,3.1205
468.00,7.3593,-5.2152,3.0591,7.4996,-4.8985,3.0667,7.0709,-5.2129,3.0818
468.50,7.3593,-5.2098,3.0215,7.4943,-4.8980,3.0291,7.0656,-5.2124,3.0442
469.00,7.3593,-5.2046,2.9849,7.4895,-4.8974,2.9925,7.0608,-5.2119,3.0077
469.50,7.3593,-5.1998,2.9493,7.4856,-4.8968,2.9568,7.0568,-5.2113,2.9720
470.00,7.3593,-5.1952,2.9145,7.4815,-4.8959,2.9219,7.0527,-5.2105,2.9371
470.50,7.3593,-5.1909,2.8805,7.4771,-4.8949,2.8880,7.0484,-5.2096,2.9031
471.00,7.3592,-5.1869,2.8473,7.4732,-4.8938,2.8548,7.0444,-5.2085,2.8699
471.50,7.3592,-5.1831,2.8148,7.4699,-4.8928,2.8218,7.0411,-5.2075,2.8369
472.00,7.3592,-5.1796,2.7830,7.4665,-4.8916,2.7898,7.0377,-5.2064,2.8049
472.50,7.3592,-5.1764,2.7519,7.4647,-4.8909,2.7587,7.0359,-5.2058,2.7738
473.00,7.3591,-5.1735,2.7214,7.4614,-4.8895,2.7276,7.0325,-5.2044,2.7427
473.50,7.3591,-5.1708,2.6915,7.4590,-4.8884,2.6976,7.0301,-5.2033,2.7128
474.00,7.3591,-5.1685,2.6623,7.4563,-4.8871,2.6681,7.0274,-5.2021,2.6832
474.50,7.3590,-5.1663,2.6336,7.4544,-4.8861,2.6391,7.0255,-5.2011,2.6542
475.00,7.3590,-5.1645,2.6055,7.4520,-4.8847,2.6100,7.0230,-5.1997,2.6252
475.50,7.3589,-5.1629,2.5780,7.4507,-4.8839,2.5820,7.0218,-5.1990,2.5971
476.00,7.3589,-5.1615,2.5510,7.4495,-4.8831,2.5549,7.0205,-5.1982,2.5700
476.50,7.3589,-5.1604,2.5245,7.4482,-4.8823,2.5283,7.0593,-5.1274,2.5434
477.00,7.3588,-5.1596,2.4986,7.4477,-4.8819,2.5020,7.0588,-5.1270,2.5171
477.50,7.3588,-5.1590,2.4731,7.4471,-4.8814,2.4761,7.0581,-5.1266,2.4912
478.00,7.3587,-5.1587,2.4481,7.4467,-4.8811,2.4506,7.0577,-5.1263,2.4658
478.50,7.3587,-5.1586,2.4236,7.4466,-4.8811,2.4256,7.0577,-5.1262,2.4408
479.00,7.3585,-5.1586,2.3992,7.4467,-4.8811,2.4012,7.0577,-5.1263,2.4163
479.50,7.3582,-5.1587,2.3741,7.4467,-4.8812,2.3761,7.0577,-5.1263,2.3913
480.00,7.3581,-5.1587,2.3484,7.4467,-4.8811,2.3489,7.0577,-5.1262,2.3640
480.50,7.3580,-5.1585,2.3231,7.4465,-4.8809,2.3233,7.0575,-5.1261,2.3384
481.00,7.3580,-5.1584,2.2984,7.4463,-4.8807,2.2980,7.0573,-5.1259,2.3131
481.50,7.3580,-5.1584,2.2746,7.4463,-4.8807,2.2749,7.0573,-5.1259,2.2900
482.00,7.3582,-5.1584,2.2498,7.4464,-4.8808,2.2496,7.0574,-5.1259,2.2647
482.50,7.3588,-5.1585,2.2195,7.4467,-4.8812,2.2192,7.0577,-5.1263,2.2343
483.00,7.3599,-5.1585,2.1849,7.4472,-4.8819,2.1845,7.0582,-5.1270,2.1996
483.50,7.3614,-5.1586,2.1494,7.4482,-4.8834,2.1491,7.0593,-5.1286,2.1642
484.00,7.3634,-5.1586,2.1129,7.4492,-4.8849,2.1125,7.0602,-5.1300,2.1277
484.50,7.3659,-5.1587,2.0755,7.4505,-4.8873,2.0747,7.0616,-5.1324,2.0898
485.00,7.3688,-5.1587,2.0371,7.4521,-4.8902,2.0358,7.0632,-5.1352,2.0509
485.50,7.3723,-5.1588,1.9976,7.4537,-4.8937,1.9959,7.0649,-5.1387,2.0110
486.00,7.3761,-5.1588,1.9570,7.4555,-4.8978,1.9553,7.0668,-5.1428,1.9704
486.50,7.3805,-5.1589,1.9153,7.4567,-4.9011,1.9139,7.0680,-5.1460,1.9290
487.00,7.3854,-5.1589,1.8724,7.4584,-4.9060,1.8711,7.0697,-5.1509,1.8862
487.50,7.3907,-5.1589,1.8281,7.4603,-4.9127,1.8263,7.0718,-5.1576,1.8415
488.00,7.3951,-5.1590,1.7940,7.4613,-4.9169,1.7915,7.0728,-5.1618,1.8066
488.50,7.3997,-5.1590,1.7591,7.4624,-4.9222,1.7564,7.0740,-5.1671,1.7716
489.00,7.4046,-5.1590,1.7233,7.4632,-4.9271,1.7197,7.0749,-5.1720,1.7348
489.50,7.4097,-5.1590,1.6867,7.4638,-4.9318,1.6828,7.1077,-5.1363,1.7084
490.00,7.4151,-5.1590,1.6490,7.4645,-4.9388,1.6451,7.1086,-5.1433,1.6707
490.50,7.4208,-5.1590,1.6102,7.4648,-4.9449,1.6064,7.1090,-5.1493,1.6320
491.00,7.4268,-5.1590,1.5704,7.4649,-4.9505,1.5664,7.1093,-5.1550,1.5920
491.50,7.4327,-5.1590,1.5305,7.4650,-4.9451,1.5261,7.1093,-5.1495,1.5517
492.00,7.4384,-5.1590,1.4918,7.4654,-4.9397,1.4872,7.1095,-5.1442,1.5128
492.50,7.4438,-5.1590,1.4541,7.4658,-4.9354,1.4489,7.1098,-5.1399,1.4745
493.00,7.4489,-5.1590,1.4175,7.4666,-4.9301,1.4113,7.1104,-5.1346,1.4369
493.50,7.4538,-5.1590,1.3817,7.4672,-4.9269,1.3754,7.1109,-5.1313,1.4010
494.00,7.4584,-5.1590,1.3468,7.4684,-4.9213,1.3400,7.1120,-5.1257,1.3656
494.50,7.4628,-5.1589,1.3128,7.4694,-4.9173,1.3055,7.1130,-5.1216,1.3311
495.00,7.4668,-5.1589,1.2795,7.4705,-4.9134,1.2715,7.1140,-5.1177,1.2971
495.50,7.4706,-5.1589,1.2469,7.4716,-4.9100,1.2381,7.1150,-5.1144,1.2637
496.00,7.4741,-5.1589,1.2151,7.4727,-4.9071,1.2057,7.1160,-5.1114,1.2313
496.50,7.4773,-5.1588,1.1839,7.4741,-4.9036,1.1738,7.1173,-5.1078,1.1994
497.00,7.4803,-5.1588,1.1534,7.4751,-4.9014,1.1431,7.1182,-5.1056,1.1687
497.50,7.4830,-5.1588,1.1235,7.4760,-4.8995,1.1128,7.1191,-5.1037,1.1384
498.00,7.4854,-5.1587,1.0942,7.4770,-4.8976,1.0834,7.1200,-5.1017,1.1090
498.50,7.4878,-5.1587,1.0604,7.4780,-4.8957,1.0505,7.1210,-5.0998,1.0761
499.00,7.4902,-5.1586,1.0231,7.4792,-4.8937,1.0127,7.1221,-5.0978,1.0383
499.50,7.4922,-5.1586,0.9868,7.4802,-4.8920,0.9760,7.1231,-5.0961,1.0016
500.00,7.4936,-5.1585,0.9514,7.4813,-4.8906,0.9403,7.1241,-5.0946,0.9659
500.50,7.4947,-5.1585,0.9170,7.4821,-4.8895,0.9053,7.1249,-5.0936,0.9309
501.00,7.4952,-5.1584,0.8834,7.4827,-4.8888,0.8712,7.1255,-5.0928,0.8968
501.50,7.4953,-5.1584,0.8780,7.4828,-4.8887,0.8627,7.1256,-5.0927,0.8883
502.00,7.4953,-5.1584,0.8780,7.4828,-4.8887,0.8621,7.1256,-5.0927,0.8877
502.50,7.4953,-5.1584,0.8780,7.4828,-4.8887,0.8609,7.1256,-5.0927,0.8865
503.00,7.4953,-5.1584,0.8780,7.4828,-4.8887,0.8603,7.1256,-5.0927,0.8859
503.50,7.4954,-5.1584,0.8572,7.4830,-4.8885,0.8426,7.1257,-5.0925,0.8681
504.00,7.4982,-5.1551,0.8161,7.4853,-4.8860,0.8046,7.1280,-5.0900,0.8302
504.50,7.5377,-5.1183,0.6913,7.5246,-4.8502,0.6807,7.2376,-5.0842,0.7168
505.00,7.6236,-5.0532,0.6409,7.6106,-4.7859,0.6217,7.3312,-5.0169,0.6577
505.50,7.6905,-5.0001,0.7160,7.6782,-4.7353,0.6882,7.3873,-4.9643,0.7278
506.00,7.7505,-4.9387,0.9071,7.7436,-4.6718,0.8737,7.4503,-4.8985,0.9154
506.50,7.8001,-4.8651,1.1462,7.7944,-4.5949,1.1099,7.4982,-4.8198,1.1564
507.00,7.8404,-4.7589,1.4224,7.8285,-4.4931,1.3867,7.5371,-4.7264,1.4298
507.50,7.8685,-4.6298,1.6482,7.8364,-4.3529,1.6222,7.5485,-4.5813,1.6618
508.00,7.8607,-4.5006,1.6921,7.8241,-4.2157,1.6742,7.5520,-4.4578,1.7088
508.50,7.8402,-4.3720,1.7466,7.8073,-4.0789,1.7233,7.5388,-4.3238,1.7559
509.00,7.8105,-4.2446,1.8013,7.7835,-3.9489,1.7793,7.5059,-4.2045,1.8119
509.50,7.7715,-4.1192,1.8799,7.7500,-3.8132,1.8550,7.4657,-4.0700,1.8867
510.00,7.7234,-3.9970,1.9560,7.7093,-3.6910,1.9309,7.4215,-3.9594,1.9626
510.50,7.6661,-3.8785,2.0288,7.6573,-3.5679,2.0077,7.3596,-3.8375,2.0447
511.00,7.6046,-3.7628,2.0574,7.5990,-3.4477,2.0367,7.2918,-3.7228,2.0654
511.50,7.5401,-3.6487,2.0856,7.5381,-3.3310,2.0671,7.2277,-3.6096,2.0979
512.00,7.4793,-3.5346,2.0435,7.4753,-3.2112,2.0261,7.1610,-3.4948,2.0541
512.50,7.4202,-3.4187,2.0478,7.4170,-3.0908,2.0270,7.1004,-3.3824,2.0561
513.00,7.3597,-3.3033,2.0592,7.3573,-2.9696,2.0357,7.0372,-3.2691,2.0648
513.50,7.2946,-3.1895,2.0924,7.2935,-2.8472,2.0690,6.9732,-3.1523,2.1004
514.00,7.2238,-3.0788,2.1517,7.2251,-2.7301,2.1278,6.9021,-3.0443,2.1592
514.50,7.1497,-2.9712,2.1780,7.1534,-2.6185,2.1545,6.8319,-2.9449,2.1860
515.00,7.0778,-2.8636,2.1488,7.0844,-2.5117,2.1273,6.7558,-2.8342,2.1599
515.50,7.0074,-2.7544,2.1458,7.0165,-2.4014,2.1227,6.6815,-2.7293,2.1541
516.00,6.9348,-2.6459,2.1682,6.9476,-2.2911,2.1426,6.6118,-2.6180,2.1752
516.50,6.8598,-2.5392,2.1869,6.8722,-2.1765,2.1610,6.5327,-2.5059,2.1936
517.00,6.7858,-2.4325,2.1545,6.8000,-2.0674,2.1321,6.4605,-2.4059,2.1659
517.50,6.7172,-2.3229,2.1281,6.7336,-1.9576,2.1037,6.3880,-2.2984,2.1374
518.00,6.6474,-2.2128,2.1419,6.6668,-1.8449,2.1139,6.3176,-2.1882,2.1477
518.50,6.5742,-2.1045,2.1699,6.5942,-1.7284,2.1422,6.2414,-2.0740,2.1794
519.00,6.5010,-1.9972,2.1586,6.5203,-1.6142,2.1342,6.1716,-1.9700,2.1692
519.50,6.4293,-1.8888,2.1573,6.4510,-1.5034,2.1309,6.0994,-1.8618,2.1640
520.00,6.3555,-1.7812,2.1763,6.3790,-1.3908,2.1495,6.0273,-1.7579,2.1835
520.50,6.2802,-1.6748,2.1930,6.3031,-1.2763,2.1641,5.9441,-1.6400,2.1996
521.00,6.2045,-1.5692,2.1760,6.2293,-1.1672,2.1519,5.8724,-1.5436,2.1873
521.50,6.1341,-1.4608,2.1430,6.1634,-1.0621,2.1169,5.8031,-1.4384,2.1489
522.00,6.0622,-1.3521,2.1576,6.0947,-0.9510,2.1300,5.7244,-1.3293,2.1643
522.50,5.9884,-1.2444,2.1783,6.0234,-0.8390,2.1492,5.6505,-1.2197,2.1835
523.00,5.9117,-1.1388,2.2134,5.9468,-0.7250,2.1836,5.5727,-1.1138,2.2188
523.50,5.8313,-1.0361,2.2506,5.8675,-0.6159,2.2180,5.4954,-1.0098,2.2540
524.00,5.7475,-0.9364,2.2809,5.7844,-0.5102,2.2500,5.4088,-0.9102,2.2895
524.50,5.6612,-0.8394,2.3252,5.6954,-0.4031,2.2910,5.3227,-0.8167,2.3282
525.00,5.5690,-0.7485,2.4109,5.6006,-0.3033,2.3780,5.2212,-0.7238,2.4164
525.50,5.4683,-0.6661,2.5087,5.5009,-0.2161,2.4749,5.1315,-0.6438,2.5116
526.00,5.3633,-0.5937,2.5900,5.3916,-0.1367,2.5537,5.0149,-0.5684,2.5904
526.50,5.2498,-0.5329,2.7632,5.2818,-0.0747,2.7246,4.9115,-0.5136,2.7648
527.00,5.1265,-0.4831,2.8687,5.1563,-0.0282,2.8357,4.7828,-0.4722,2.8758
527.50,5.0003,-0.4475,2.9070,5.0316,0.0069,2.8801,4.6616,-0.4294,2.9185
528.00,4.8750,-0.4116,2.8337,4.8969,0.0479,2.8068,4.5222,-0.3936,2.8443
528.50,4.7515,-0.3686,2.8050,4.7679,0.0948,2.7753,4.3955,-0.3489,2.8111
529.00,4.6300,-0.3179,2.7545,4.6477,0.1446,2.7238,4.2873,-0.3038,2.7627
529.50,4.5093,-0.2706,2.7785,4.5297,0.1966,2.7412,4.1545,-0.2525,2.7815
530.00,4.3878,-0.2236,2.7717,4.4063,0.2488,2.7357,4.0315,-0.2051,2.7795
530.50,4.2657,-0.1804,2.8430,4.2892,0.2968,2.7984,3.9123,-0.1625,2.8405
531.00,4.1403,-0.1454,2.8788,4.1672,0.3356,2.8447,3.7938,-0.1284,2.8902
531.50,4.0162,-0.1061,2.7836,4.0439,0.3780,2.7530,3.6594,-0.0920,2.7950
532.00,3.8972,-0.0578,2.6774,3.9261,0.4344,2.6434,3.5415,-0.0420,2.6854
532.50,3.7997,-0.0081,2.6829,3.8279,0.4896,2.6384,3.4537,0.0047,2.6822
533.00,3.6987,0.0314,2.8412,3.7315,0.5351,2.7865,3.3491,0.0487,2.8338
533.50,3.5858,0.0627,-3.1393,3.6150,0.5612,3.0848,3.2242,0.0698,3.1355
534.00,3.4570,0.0735,-2.9410,3.4887,0.5539,-2.9877,3.1012,0.0711,-2.9351
534.50,3.3417,0.0518,-2.9300,3.3747,0.5335,-2.9664,2.9815,0.0645,-2.9191
535.00,3.2455,0.0344,-3.1017,3.2730,0.5214,-3.1265,2.8806,0.0472,-3.0827
535.50,3.1248,0.0274,2.9545,3.1580,0.5353,2.9204,2.7647,0.0553,2.9573
536.00,3.0058,0.0478,2.9182,3.0400,0.5664,2.8722,2.6435,0.0624,2.9160
536.50,2.8924,0.0688,3.0601,2.9206,0.5938,3.0028,2.5137,0.0793,3.0536
537.00,2.7703,0.0807,-2.9655,2.7909,0.5939,-3.0200,2.4075,0.0760,-2.9671
537.50,2.6499,0.0633,-2.8861,2.6697,0.5723,-2.9300,2.2893,0.0644,-2.8792
538.00,2.5599,0.0428,-2.9789,2.5796,0.5553,-3.0128,2.1990,0.0526,-2.9620
538.50,2.4611,0.0311,3.0700,2.4783,0.5539,3.0335,2.0931,0.0453,3.0796
539.00,2.3322,0.0372,2.9944,2.3467,0.5759,2.9450,1.9713,0.0516,2.9946
539.50,2.2031,0.0513,3.1064,2.2192,0.5968,3.0438,1.8327,0.0603,3.0946
540.00,2.0733,0.0552,-3.0476,2.0865,0.5987,-3.0978,1.7120,0.0557,-3.0400
540.50,1.9438,0.0455,-3.0744,1.9556,0.5939,-3.1218,1.5766,0.0543,-3.0675
541.00,1.8140,0.0404,-3.1111,1.8239,0.5924,3.1289,1.4426,0.0457,-3.1028
541.50,1.6841,0.0441,3.0962,1.6878,0.6002,3.0474,1.3230,0.0464,3.1005
542.00,1.5541,0.0457,-3.1290,1.5634,0.6096,3.1005,1.1901,0.0492,-3.1295
542.50,1.4241,0.0460,3.1317,1.4325,0.6160,3.0779,1.0518,0.0493,3.1345
543.00,1.2942,0.0418,-3.0944,1.3001,0.6207,3.1349,0.9303,0.0480,-3.0917
543.50,1.1642,0.0398,3.1186,1.1620,0.6246,3.0692,0.8022,0.0443,3.1267
544.00,1.0343,0.0414,-3.1345,1.0313,0.6343,3.0915,0.6863,0.0468,-3.1351
544.50,0.9043,0.0416,3.1219,0.8936,0.6416,3.0679,0.5435,0.0428,3.1270
545.00,0.7743,0.0409,-3.1384,0.7587,0.6496,3.0939,0.4168,0.0430,-3.1281
545.50,0.6443,0.0462,3.0885,0.6226,0.6599,3.0354,0.3134,0.0450,3.0929
546.00,0.5145,0.0494,-3.1250,0.4928,0.6713,3.0981,0.1931,0.0518,-3.1274
546.50,0.3845,0.0474,-3.1409,0.3583,0.6760,3.0890,0.0398,0.0495,-3.1306
547.00,0.2545,0.0458,-3.1343,0.2294,0.6822,3.0976,-0.1009,0.0441,-3.1243
547.50,0.1245,0.0505,3.0924,0.0970,0.6921,3.0368,-0.2242,0.0454,3.0966
548.00,-0.0054,0.0533,-3.1242,-0.0309,0.7035,3.0954,-0.3373,0.0499,-3.1248
548.50,-0.1353,0.0510,3.1381,-0.1660,0.7086,3.0814,-0.4849,0.0464,-3.1357
549.00,-0.2653,0.0504,-3.1157,-0.2922,0.7166,3.1027,-0.6056,0.0486,-3.1158
549.50,-0.3953,0.0470,3.1377,-0.4260,0.7211,3.0828,-0.7404,0.0428,-3.1330
550.00,-0.5253,0.0491,3.1350,-0.5564,0.7317,3.0691,-0.8743,0.0442,3.1330
550.50,-0.6553,0.0493,3.1166,-0.6843,0.7399,3.0597,-1.0036,0.0442,3.1271
551.00,-0.7852,0.0531,3.1357,-0.8148,0.7520,3.0705,-1.1468,0.0475,3.1367
551.50,-0.9152,0.0538,3.1129,-0.9446,0.7603,3.0564,-1.2746,0.0472,3.1226
552.00,-1.0451,0.0580,3.1377,-1.0748,0.7727,3.0676,-1.4075,0.0508,3.1303
552.50,-1.1750,0.0547,-3.1080,-1.2040,0.7771,3.1187,-1.5367,0.0471,-3.0969
553.00,-1.3050,0.0537,-3.1249,-1.3441,0.7836,3.0958,-1.6669,0.0440,-3.1247
553.50,-1.4350,0.0526,3.1244,-1.4776,0.7898,3.0683,-1.7944,0.0418,3.1323
554.00,-1.5649,0.0573,3.1217,-1.6047,0.8018,3.0547,-1.9281,0.0456,3.1174
554.50,-1.6949,0.0567,3.1360,-1.7380,0.8097,3.0807,-2.0717,0.0455,-3.1363
555.00,-1.8248,0.0611,3.1148,-1.8736,0.8218,3.0485,-2.1877,0.0484,3.1112
555.50,-1.9548,0.0590,-3.1054,-2.0038,0.8285,3.1193,-2.3102,0.0473,-3.0977
556.00,-2.0848,0.0565,-3.1116,-2.1351,0.8334,3.1071,-2.4494,0.0430,-3.1134
556.50,-2.2146,0.0481,-3.0880,-2.2687,0.8359,3.1331,-2.5767,0.0376,-3.0804
557.00,-2.3445,0.0418,-3.1113,-2.3996,0.8372,3.1144,-2.7135,0.0299,-3.0991
557.50,-2.4745,0.0409,-3.1285,-2.5327,0.8434,3.0897,-2.8367,0.0268,-3.1273
558.00,-2.6044,0.0367,-3.1298,-2.6617,0.8489,3.0944,-2.9658,0.0238,-3.1191
558.50,-2.7344,0.0377,-3.1410,-2.7935,0.8576,3.0740,-3.1079,0.0231,3.1402
559.00,-2.8644,0.0334,-3.1169,-2.9241,0.8638,3.1002,-3.2386,0.0209,-3.1133
559.50,-2.9943,0.0262,-3.0681,-3.0586,0.8674,-3.1405,-3.3570,0.0153,-3.0687
560.00,-3.1234,0.0100,-2.9771,-3.1920,0.8620,-3.0490,-3.4757,0.0003,-2.9758
560.50,-3.2507,-0.0155,-2.9029,-3.3266,0.8439,-2.9705,-3.5986,-0.0273,-2.8973
561.00,-3.3762,-0.0496,-2.8630,-3.4563,0.8183,-2.9270,-3.7261,-0.0625,-2.8573
561.50,-3.5020,-0.0805,-2.9128,-3.5913,0.7923,-2.9790,-3.8567,-0.0981,-2.9114
562.00,-3.6284,-0.1123,-2.8990,-3.7186,0.7704,-2.9628,-3.9745,-0.1284,-2.8931
562.50,-3.7553,-0.1391,-2.9343,-3.8464,0.7505,-3.0038,-4.1205,-0.1571,-2.9341
563.00,-3.8816,-0.1714,-2.8723,-3.9845,0.7273,-2.9401,-4.2268,-0.1896,-2.8670
563.50,-4.0075,-0.2032,-2.9340,-4.1126,0.7028,-2.9944,-4.3566,-0.2236,-2.9248
564.00,-4.1353,-0.2277,-2.9576,-4.2443,0.6872,-3.0250,-4.5030,-0.2482,-2.9553
564.50,-4.2630,-0.2532,-2.9380,-4.3782,0.6711,-3.0085,-4.6093,-0.2735,-2.9388
565.00,-4.3893,-0.2869,-2.8596,-4.5078,0.6493,-2.9310,-4.7432,-0.3043,-2.8613
565.50,-4.5132,-0.3299,-2.8096,-4.6327,0.6192,-2.8793,-4.8657,-0.3429,-2.8061
566.00,-4.6352,-0.3784,-2.7759,-4.7597,0.5825,-2.8433,-4.9797,-0.3991,-2.7736
566.50,-4.7579,-0.4204,-2.8605,-4.8901,0.5460,-2.9207,-5.0971,-0.4445,-2.8511
567.00,-4.8840,-0.4535,-2.9076,-5.0224,0.5220,-2.9800,-5.2374,-0.4776,-2.9138
567.50,-5.0094,-0.4894,-2.8345,-5.1520,0.4968,-2.9112,-5.3712,-0.5110,-2.8380
568.00,-5.1311,-0.5346,-2.7416,-5.2800,0.4598,-2.8151,-5.4802,-0.5569,-2.7384
568.50,-5.2506,-0.5859,-2.7317,-5.3981,0.4190,-2.8064,-5.6046,-0.6072,-2.7353
569.00,-5.3683,-0.6439,-2.6657,-5.5174,0.3738,-2.7434,-5.7007,-0.6602,-2.6668
569.50,-5.4817,-0.7108,-2.5850,-5.6384,0.3181,-2.6662,-5.8431,-0.7311,-2.5896
570.00,-5.5879,-0.7866,-2.4728,-5.7519,0.2514,-2.5517,-5.9449,-0.8103,-2.4750
570.50,-5.6699,-0.8579,-2.3383,-5.8433,0.1840,-2.4259,-6.0309,-0.8845,-2.3492
571.00,-5.7322,-0.9347,-2.1176,-5.9123,0.1106,-2.2085,-6.0940,-0.9630,-2.1319
571.50,-5.7840,-1.0108,-1.8824,-5.9553,0.0377,-1.9762,-6.1420,-1.0285,-1.8925
572.00,-5.8239,-1.1015,-1.5706,-5.9811,-0.0607,-1.6683,-6.1692,-1.1327,-1.5868
572.50,-5.8401,-1.2194,-1.3062,-5.9746,-0.1796,-1.3916,-6.1855,-1.2367,-1.3080
573.00,-5.8089,-1.3430,-1.2303,-5.9446,-0.3059,-1.3054,-6.1726,-1.3700,-1.2253
573.50,-5.7694,-1.4539,-1.3153,-5.9158,-0.4207,-1.3804,-6.1406,-1.4821,-1.3037
574.00,-5.7380,-1.5554,-1.5824,-5.9082,-0.5266,-1.6404,-6.1185,-1.5869,-1.5672
574.50,-5.7277,-1.6838,-1.7868,-5.9328,-0.6562,-1.8583,-6.1132,-1.7080,-1.7886
575.00,-5.7483,-1.7844,-1.8056,-5.9666,-0.7600,-1.8879,-6.1103,-1.8138,-1.8113
575.50,-5.7643,-1.8511,-1.7047,-5.9861,-0.8297,-1.7847,-6.1249,-1.8847,-1.7046
576.00,-5.7697,-1.8649,-1.7276,-5.9907,-0.8510,-1.8019,-6.1278,-1.9063,-1.7218
576.50,-5.7761,-1.8649,-1.7750,-5.9923,-0.8574,-1.8503,-6.1289,-1.9129,-1.7701
577.00,-5.7821,-1.8649,-1.8209,-5.9943,-0.8636,-1.8966,-6.1303,-1.9192,-1.8165
577.50,-5.7875,-1.8650,-1.8653,-5.9963,-0.8694,-1.9416,-6.1319,-1.9251,-1.8614
578.00,-5.7924,-1.8650,-1.9085,-5.9981,-0.8737,-1.9853,-6.1333,-1.9295,-1.9052
578.50,-5.7969,-1.8650,-1.9504,-6.0002,-0.8783,-2.0282,-6.1351,-1.9343,-1.9481
579.00,-5.8008,-1.8651,-1.9912,-6.0026,-0.8829,-2.0692,-6.1571,-1.8991,-1.9891
579.50,-5.8043,-1.8651,-2.0308,-6.0047,-0.8866,-2.1097,-6.1588,-1.9029,-2.0295
580.00,-5.8073,-1.8652,-2.0694,-6.0065,-0.8895,-2.1483,-6.1604,-1.9059,-2.0681
580.50,-5.8104,-1.8669,-2.1113,-6.0084,-0.8923,-2.1893,-6.1621,-1.9089,-2.1092
581.00,-5.8338,-1.9063,-2.2242,-6.0336,-0.9236,-2.3003,-6.1847,-1.9421,-2.2201
581.50,-5.9028,-1.9907,-2.2865,-6.1125,-1.0052,-2.3662,-6.2607,-2.0198,-2.2861
582.00,-5.9928,-2.0850,-2.3891,-6.2091,-1.0917,-2.4668,-6.3565,-2.1135,-2.3831
582.50,-6.0896,-2.1720,-2.4104,-6.3153,-1.1726,-2.4969,-6.4555,-2.2030,-2.4168
583.00,-6.1831,-2.2618,-2.3360,-6.4227,-1.2582,-2.4265,-6.5458,-2.2966,-2.3393
583.50,-6.2711,-2.3571,-2.3014,-6.5199,-1.3466,-2.3892,-6.6314,-2.3830,-2.2999
584.00,-6.3576,-2.4541,-2.3025,-6.6184,-1.4391,-2.3899,-6.7252,-2.4838,-2.2993
584.50,-6.4448,-2.5507,-2.3138,-6.7184,-1.5318,-2.4007,-6.8063,-2.5853,-2.3101
585.00,-6.5347,-2.6449,-2.3497,-6.8190,-1.6202,-2.4368,-6.8882,-2.6727,-2.3497
585.50,-6.6270,-2.7365,-2.3695,-6.9191,-1.7039,-2.4561,-6.9806,-2.7647,-2.3690
586.00,-6.7003,-2.8059,-2.4005,-6.9977,-1.7666,-2.4861,-7.0634,-2.8341,-2.3989
586.50,-6.7288,-2.8314,-2.4331,-7.0324,-1.7927,-2.5191,-7.0861,-2.8627,-2.4284
587.00,-6.7290,-2.8313,-2.4661,-7.0326,-1.7929,-2.5529,-7.0863,-2.8629,-2.4623
587.50,-6.7290,-2.8306,-2.5000,-7.0322,-1.7926,-2.5870,-7.0860,-2.8626,-2.4964
588.00,-6.7289,-2.8294,-2.5347,-7.0313,-1.7921,-2.6225,-7.0851,-2.8620,-2.5319
588.50,-6.7289,-2.8277,-2.5704,-7.0296,-1.7912,-2.6584,-7.0835,-2.8610,-2.5678
589.00,-6.7288,-2.8257,-2.6071,-7.0283,-1.7905,-2.6962,-7.0822,-2.8602,-2.6056
589.50,-6.7288,-2.8231,-2.6447,-7.0258,-1.7894,-2.7345,-7.0799,-2.8589,-2.6439
590.00,-6.7287,-2.8201,-2.6833,-7.0221,-1.7879,-2.7740,-7.0763,-2.8570,-2.6834
590.50,-6.7287,-2.8166,-2.7230,-7.0181,-1.7865,-2.8143,-7.0725,-2.8552,-2.7236
591.00,-6.7286,-2.8126,-2.7639,-7.0139,-1.7851,-2.8555,-7.0684,-2.8535,-2.7649
591.50,-6.7286,-2.8081,-2.8058,-7.0097,-1.7840,-2.8975,-7.0643,-2.8520,-2.8069
592.00,-6.7286,-2.8031,-2.8491,-7.0051,-1.7829,-2.9415,-7.0598,-2.8505,-2.8509
592.50,-6.7285,-2.7977,-2.8936,-6.9991,-1.7819,-2.9871,-7.0539,-2.8489,-2.8965
593.00,-6.7285,-2.7917,-2.9395,-6.9927,-1.7810,-3.0338,-7.0476,-2.8475,-2.9432
593.50,-6.7285,-2.7853,-2.9869,-6.9875,-1.7806,-3.0813,-7.0425,-2.8465,-2.9907
594.00,-6.7285,-2.7784,-3.0360,-6.9813,-1.7803,-3.1312,-7.0364,-2.8458,-3.0406
594.50,-6.7285,-2.7710,-3.0868,-6.9734,-1.7804,3.1009,-7.0787,-2.8137,-3.0847
595.00,-6.7285,-2.7632,-3.1396,-6.9650,-1.7810,3.0469,-7.0702,-2.8134,-3.1386
595.50,-6.7285,-2.7553,3.0906,-6.9722,-1.7801,2.9936,-7.0775,-2.8133,3.0913
596.00,-6.7285,-2.7479,3.0396,-6.9786,-1.7790,2.9416,-7.0840,-2.8128,3.0392
596.50,-6.7285,-2.7409,2.9904,-6.9842,-1.7777,2.8914,-7.0897,-2.8120,2.9890
597.00,-6.7285,-2.7345,2.9429,-6.9909,-1.7758,2.8432,-7.0965,-2.8108,2.9408
597.50,-6.7285,-2.7285,2.8968,-6.9973,-1.7737,2.7966,-7.1031,-2.8093,2.8942
598.00,-6.7286,-2.7230,2.8522,-7.0043,-1.7710,2.7513,-7.1103,-2.8073,2.8489
598.50,-6.7286,-2.7180,2.8089,-7.0089,-1.7690,2.7069,-7.1151,-2.8058,2.8045
599.00,-6.7286,-2.7135,2.7669,-7.0127,-1.7671,2.6644,-7.1190,-2.8043,2.7620
599.50,-6.7287,-2.7095,2.7260,-7.0160,-1.7653,2.6226,-7.1225,-2.8028,2.7202
600.00,-6.7287,-2.7059,2.6862,-7.0197,-1.7631,2.5818,-7.1264,-2.8010,2.6794
600.50,-6.7288,-2.7028,2.6475,-7.0229,-1.7610,2.5424,-7.1298,-2.7992,2.6400
601.00,-6.7288,-2.7003,2.6098,-7.0249,-1.7596,2.5039,-7.0906,-2.7356,2.6155
601.50,-6.7289,-2.6981,2.5730,-7.0276,-1.7575,2.4667,-7.0936,-2.7338,2.5783
602.00,-6.7289,-2.6965,2.5373,-7.0288,-1.7565,2.4308,-7.0949,-2.7330,2.5423
602.50,-6.7290,-2.6952,2.5024,-7.0298,-1.7556,2.3954,-7.0960,-2.7322,2.5070
603.00,-6.7290,-2.6945,2.4685,-7.0301,-1.7554,2.3609,-7.0962,-2.7320,2.4724
603.50,-6.7291,-2.6941,2.4354,-7.0301,-1.7554,2.3270,-7.0962,-2.7320,2.4386
604.00,-6.7292,-2.6942,2.4029,-7.0301,-1.7554,2.2942,-7.0963,-2.7320,2.4058
604.50,-6.7296,-2.6942,2.3695,-7.0306,-1.7549,2.2602,-7.0968,-2.7315,2.3718
605.00,-6.7297,-2.6942,2.3353,-7.0307,-1.7546,2.2250,-7.0970,-2.7313,2.3366
605.50,-6.7298,-2.6939,2.3021,-7.0309,-1.7544,2.1909,-7.0972,-2.7310,2.3024
606.00,-6.7298,-2.6939,2.2696,-7.0308,-1.7546,2.1581,-7.0970,-2.7312,2.2697
606.50,-6.7295,-2.6940,2.2455,-7.0306,-1.7548,2.1338,-7.0969,-2.7314,2.2454
607.00,-6.7288,-2.6940,2.2122,-7.0304,-1.7552,2.1009,-7.0966,-2.7318,2.2124
607.50,-6.7276,-2.6941,2.1774,-7.0297,-1.7564,2.0660,-7.0957,-2.7330,2.1776
608.00,-6.7260,-2.6941,2.1417,-7.0290,-1.7578,2.0305,-7.0949,-2.7342,2.1421
608.50,-6.7239,-2.6942,2.1050,-7.0282,-1.7595,1.9937,-7.0939,-2.7358,2.1053
609.00,-6.7213,-2.6942,2.0674,-7.0269,-1.7624,1.9557,-7.0923,-2.7386,2.0672
609.50,-6.7183,-2.6943,2.0288,-7.0260,-1.7649,1.9167,-7.0911,-2.7410,2.0283
610.00,-6.7148,-2.6943,1.9890,-7.0248,-1.7683,1.8762,-7.0896,-2.7442,1.9877
610.50,-6.7108,-2.6944,1.9482,-7.0240,-1.7712,1.8346,-7.0884,-2.7470,1.9461
611.00,-6.7063,-2.6944,1.9062,-7.0226,-1.7768,1.7920,-7.0864,-2.7524,1.9036
611.50,-6.7013,-2.6944,1.8630,-7.0214,-1.7824,1.7484,-7.0846,-2.7579,1.8600
612.00,-6.6959,-2.6945,1.8185,-7.0205,-1.7885,1.7027,-7.0830,-2.7638,1.8142
612.50,-6.6899,-2.6945,1.7726,-7.0197,-1.7961,1.6569,-7.0813,-2.7713,1.7685
613.00,-6.6835,-2.6945,1.7251,-7.0192,-1.8035,1.6090,-7.0801,-2.7786,1.7206
613.50,-6.6767,-2.6937,1.6737,-7.0191,-1.8096,1.5588,-7.0372,-2.7343,1.6809
614.00,-6.6750,-2.6522,1.6344,-7.0175,-1.7718,1.5135,-7.0402,-2.6966,1.6355
614.50,-6.6692,-2.5486,1.5381,-7.0082,-1.6775,1.4178,-7.0420,-2.5918,1.5433
615.00,-6.6538,-2.4197,1.3722,-6.9768,-1.5498,1.2464,-7.0167,-2.4512,1.3755
615.50,-6.6280,-2.2933,1.3121,-6.9284,-1.4234,1.1789,-6.9905,-2.3297,1.3122
616.00,-6.5945,-2.1676,1.3108,-6.8780,-1.3013,1.1768,-6.9501,-2.2022,1.3163
616.50,-6.5559,-2.0426,1.2683,-6.8226,-1.1753,1.1322,-6.9130,-2.0696,1.2682
617.00,-6.5195,-1.9182,1.2991,-6.7667,-1.0542,1.1594,-6.8839,-1.9521,1.2989
617.50,-6.4817,-1.7935,1.2500,-6.7108,-0.9298,1.1176,-6.8458,-1.8250,1.2584
618.00,-6.4349,-1.6715,1.1730,-6.6472,-0.8106,1.0380,-6.7895,-1.7041,1.1775
618.50,-6.3790,-1.5537,1.0991,-6.5761,-0.7002,0.9626,-6.7443,-1.5850,1.1056
619.00,-6.3163,-1.4393,1.0743,-6.4985,-0.5947,0.9298,-6.6827,-1.4795,1.0693
619.50,-6.2595,-1.3320,1.1952,-6.4268,-0.4898,1.0404,-6.6198,-1.3658,1.1855
620.00,-6.2103,-1.2429,1.4748,-6.3838,-0.3928,1.3134,-6.5875,-1.2737,1.4599
620.50,-6.1798,-1.1225,1.7669,-6.3717,-0.2667,1.6120,-6.5836,-1.1574,1.7654
621.00,-6.1937,-0.9981,1.9597,-6.3894,-0.1362,1.8083,-6.5786,-1.0314,1.9562
621.50,-6.2391,-0.8825,2.1286,-6.4284,-0.0186,1.9801,-6.6146,-0.9210,2.1265
622.00,-6.3099,-0.7759,2.2143,-6.4883,0.1005,2.0750,-6.6784,-0.8072,2.2197
622.50,-6.3878,-0.6718,2.2133,-6.5518,0.2157,2.0743,-6.7564,-0.7025,2.2155
623.00,-6.4674,-0.5688,2.2549,-6.6151,0.3277,2.1094,-6.8348,-0.6003,2.2507
623.50,-6.5518,-0.4697,2.2955,-6.6873,0.4429,2.1515,-6.9122,-0.4963,2.2962
624.00,-6.6392,-0.3736,2.3046,-6.7607,0.5512,2.1672,-7.0046,-0.4097,2.3119
624.50,-6.7229,-0.2744,2.2471,-6.8313,0.6624,2.1086,-7.0901,-0.3072,2.2515
625.00,-6.8035,-0.1725,2.2509,-6.9005,0.7806,2.1067,-7.1715,-0.1999,2.2480
625.50,-6.8883,-0.0738,2.3033,-6.9718,0.8931,2.1618,-7.2537,-0.1036,2.3047
626.00,-6.9756,0.0226,2.2935,-7.0432,0.9983,2.1577,-7.3460,-0.0094,2.3007
626.50,-7.0575,0.1236,2.2119,-7.1126,1.1121,2.0740,-7.4240,0.0933,2.2152
627.00,-7.1339,0.2286,2.2081,-7.1713,1.2226,2.0618,-7.4925,0.1932,2.2048
627.50,-7.2136,0.3318,2.2362,-7.2371,1.3406,2.0924,-7.5742,0.3009,2.2406
628.00,-7.2938,0.4341,2.2220,-7.3020,1.4532,2.0835,-7.6654,0.4023,2.2247
628.50,-7.3722,0.5378,2.2357,-7.3691,1.5746,2.0886,-7.7588,0.5131,2.2320
629.00,-7.4565,0.6368,2.3165,-7.4371,1.6842,2.1699,-7.8419,0.6018,2.3146
629.50,-7.5469,0.7299,2.3642,-7.5120,1.7879,2.2203,-7.9109,0.6936,2.3650
630.00,-7.6395,0.8212,2.3405,-7.5909,1.8913,2.2042,-8.0240,0.7844,2.3454
630.50,-7.7067,0.8976,2.1927,-7.6545,1.9878,2.0642,-8.1008,0.8807,2.2019
631.00,-7.7504,0.9568,1.9626,-7.6813,2.0544,1.8322,-8.1265,0.9330,1.9700
631.50,-7.7702,0.9731,1.8398,-7.6880,2.0862,1.6997,-8.1375,0.9636,1.8375
632.00,-7.7711,0.9770,1.7838,-7.6887,2.0911,1.6477,-8.1388,0.9684,1.7854
632.50,-7.7622,1.0304,1.6458,-7.6891,2.1446,1.5149,-8.1556,1.0016,1.6597
633.00,-7.7483,1.1445,1.5400,-7.6747,2.2600,1.3992,-8.1390,1.1177,1.5334
633.50,-7.7464,1.2744,1.6019,-7.6538,2.3889,1.4530,-8.1312,1.2482,1.5956
634.00,-7.7515,1.4043,1.6114,-7.6417,2.5143,1.4747,-8.1304,1.3741,1.6229
634.50,-7.7498,1.5342,1.5350,-7.6252,2.6480,1.4036,-8.1278,1.5087,1.5483
635.00,-7.7392,1.6628,1.4425,-7.5974,2.7719,1.3031,-8.1248,1.6253,1.4409
635.50,-7.7223,1.7504,1.3955,-7.5704,2.8623,1.2547,-8.1106,1.7286,1.3924
636.00,-7.7122,1.7760,1.3496,-7.5603,2.8913,1.2067,-8.1040,1.7587,1.3479
636.50,-7.7064,1.7760,1.3043,-7.5582,2.8967,1.1605,-8.0914,1.7640,1.3087
637.00,-7.7012,1.7761,1.2603,-7.5560,2.9017,1.1160,-8.0899,1.7693,1.2642
637.50,-7.6964,1.7761,1.2176,-7.5534,2.9068,1.0728,-8.0881,1.7747,1.2210
638.00,-7.6921,1.7761,1.1761,-7.5512,2.9107,1.0303,-8.0865,1.7789,1.1785
638.50,-7.6883,1.7762,1.1357,-7.5488,2.9145,0.9895,-8.0847,1.7830,1.1377
639.00,-7.6850,1.7762,1.0965,-7.5472,2.9168,0.9497,-8.0835,1.7855,1.0979
639.50,-7.6822,1.7763,1.0583,-7.5459,2.9186,0.9105,-8.0825,1.7875,1.0587
640.00,-7.6798,1.7763,1.0210,-7.5438,2.9213,0.8726,-8.0807,1.7904,1.0209
640.50,-7.6779,1.7764,0.9848,-7.5421,2.9232,0.8352,-8.0794,1.7926,0.9834
641.00,-7.6765,1.7764,0.9495,-7.5408,2.9246,0.7997,-8.0783,1.7941,0.9479
641.50,-7.6755,1.7765,0.9151,-7.5401,2.9253,0.7650,-8.0777,1.7949,0.9132
642.00,-7.6749,1.7765,0.8816,-7.5397,2.9257,0.7310,-8.0774,1.7954,0.8792
642.50,-7.6748,1.7766,0.8489,-7.5395,2.9258,0.6971,-8.0772,1.7956,0.8453
643.00,-7.6749,1.7769,0.8160,-7.5397,2.9257,0.6642,-8.0774,1.7954,0.8124
643.50,-7.6749,1.7772,0.7820,-7.5396,2.9258,0.6303,-8.0773,1.7955,0.7785
644.00,-7.6747,1.7773,0.7483,-7.5394,2.9259,0.5956,-8.0771,1.7956,0.7438
644.50,-7.6746,1.7773,0.7156,-7.5393,2.9260,0.5622,-8.0561,1.7547,0.7174
645.00,-7.6746,1.7771,0.6828,-7.5395,2.9259,0.5295,-8.0562,1.7546,0.6847
645.50,-7.6747,1.7765,0.6491,-7.5398,2.9257,0.4951,-8.0565,1.7544,0.6503
646.00,-7.6747,1.7754,0.6145,-7.5402,2.9255,0.4599,-8.0569,1.7541,0.6151
646.50,-7.6748,1.7738,0.5790,-7.5415,2.9249,0.4237,-8.0580,1.7533,0.5789
647.00,-7.6748,1.7718,0.5426,-7.5433,2.9241,0.3866,-8.0597,1.7522,0.5418
647.50,-7.6749,1.7694,0.5052,-7.5460,2.9230,0.3487,-8.0622,1.7508,0.5039
648.00,-7.6749,1.7665,0.4668,-7.5483,2.9222,0.3106,-8.0644,1.7496,0.4658
648.50,-7.6750,1.7631,0.4273,-7.5529,2.9209,0.2706,-8.0687,1.7476,0.4258
649.00,-7.6750,1.7592,0.3867,-7.5566,2.9199,0.2294,-8.0723,1.7460,0.3846
649.50,-7.6750,1.7548,0.3450,-7.5621,2.9188,0.1866,-8.0775,1.7441,0.3418
650.00,-7.6751,1.7499,0.3021,-7.5671,2.9179,0.1425,-8.0823,1.7424,0.2977
650.50,-7.6751,1.7446,0.2578,-7.5714,2.9174,0.0977,-8.0864,1.7413,0.2529
651.00,-7.6751,1.7388,0.2122,-7.5769,2.9170,0.0519,-8.0918,1.7400,0.2071
651.50,-7.6752,1.7324,0.1651,-7.5832,2.9168,0.0047,-8.0980,1.7389,0.1599
652.00,-7.6752,1.7256,0.1165,-7.5897,2.9170,-0.0452,-8.0641,1.7059,0.1205
652.50,-7.6752,1.7184,0.0660,-7.5980,2.9175,-0.0958,-8.0724,1.7051,0.0698
653.00,-7.6752,1.7106,0.0136,-7.6052,2.9184,-0.1486,-8.0797,1.7048,0.0170
653.50,-7.6752,1.7027,-0.0397,-7.6033,2.9180,-0.2030,-8.0777,1.7047,-0.0374
654.00,-7.6752,1.6951,-0.0911,-7.5960,2.9163,-0.2551,-8.0702,1.7042,-0.0894
654.50,-7.6752,1.6881,-0.1406,-7.5908,2.9148,-0.3059,-8.0648,1.7036,-0.1402
655.00,-7.6752,1.6815,-0.1885,-7.5848,2.9127,-0.3547,-8.0586,1.7025,-0.1890
655.50,-7.6751,1.6757,-0.2325,-7.5798,2.9108,-0.4019,-8.0533,1.7014,-0.2362
656.00,-7.6752,1.6789,-0.1624,-7.5825,2.9118,-0.3437,-8.0562,1.7020,-0.1780
656.50,-7.6752,1.6906,0.0760,-7.5872,2.9132,-0.1115,-8.0610,1.7026,0.0541
657.00,-7.6751,1.7108,0.3105,-7.5664,2.9134,0.1249,-8.0406,1.7062,0.2905
657.50,-7.6750,1.7253,0.4538,-7.5509,2.9166,0.2768,-8.0258,1.7119,0.4424
658.00,-7.6750,1.7254,0.4505,-7.5506,2.9168,0.2798,-8.0256,1.7121,0.4455
658.50,-7.6750,1.7218,0.4106,-7.5551,2.9155,0.2394,-8.0298,1.7102,0.4050
659.00,-7.6751,1.7177,0.3696,-7.5594,2.9146,0.1966,-8.0338,1.7086,0.3623
659.50,-7.6751,1.7132,0.3274,-7.5635,2.9139,0.1532,-8.0378,1.7071,0.3189
660.00,-7.6751,1.7081,0.2839,-7.5686,2.9132,0.1092,-8.0426,1.7057,0.2748
660.50,-7.6752,1.7026,0.2391,-7.5744,2.9127,0.0631,-8.0483,1.7042,0.2288
661.00,-7.6752,1.6965,0.1929,-7.5808,2.9124,0.0160,-8.0546,1.7029,0.1817
661.50,-7.6752,1.6900,0.1452,-7.5888,2.9125,-0.0321,-8.0625,1.7016,0.1335
662.00,-7.6752,1.6830,0.0958,-7.5949,2.9128,-0.0823,-8.0685,1.7009,0.0834
662.50,-7.6752,1.6755,0.0446,-7.6024,2.9136,-0.1340,-8.0761,1.7005,0.0316
663.00,-7.6752,1.6676,-0.0086,-7.6105,2.9149,-0.1879,-8.0843,1.7004,-0.0222
663.50,-7.6752,1.6598,-0.0612,-7.6019,2.9130,-0.2411,-8.0755,1.7000,-0.0754
664.00,-7.6752,1.6525,-0.1118,-7.5936,2.9107,-0.2924,-8.0669,1.6991,-0.1267
664.50,-7.6752,1.6456,-0.1607,-7.5873,2.9087,-0.3421,-8.0604,1.6981,-0.1764
665.00,-7.6752,1.6393,-0.2079,-7.5811,2.9063,-0.3901,-8.0538,1.6968,-0.2244
665.50,-7.6751,1.6334,-0.2536,-7.5739,2.9032,-0.4367,-8.0462,1.6949,-0.2710
666.00,-7.6751,1.6306,-0.2713,-7.5712,2.9019,-0.4621,-8.0434,1.6941,-0.2965
666.50,-7.6752,1.6357,-0.2262,-7.5753,2.9038,-0.4179,-8.0478,1.6953,-0.2523
667.00,-7.6752,1.6419,-0.1796,-7.5813,2.9063,-0.3722,-8.0540,1.6967,-0.2065
667.50,-7.6752,1.6485,-0.1314,-7.5867,2.9082,-0.3251,-8.0597,1.6978,-0.1595
668.00,-7.6752,1.6557,-0.0815,-7.5933,2.9103,-0.2760,-8.0665,1.6987,-0.1103
668.50,-7.6752,1.6633,-0.0297,-7.6022,2.9125,-0.2247,-8.0757,1.6995,-0.0591
669.00,-7.6752,1.6712,0.0237,-7.6056,2.9133,-0.1721,-8.0792,1.6997,-0.0065
669.50,-7.6752,1.6789,0.0757,-7.5982,2.9122,-0.1208,-8.0717,1.6998,0.0449
670.00,-7.6752,1.6861,0.1258,-7.5903,2.9115,-0.0720,-8.0638,1.7003,0.0937
670.50,-7.6752,1.6928,0.1742,-7.5838,2.9111,-0.0239,-8.0573,1.7011,0.1418
671.00,-7.6752,1.6990,0.2210,-7.5770,2.9111,0.0221,-8.0507,1.7022,0.1878
671.50,-7.6751,1.7048,0.2663,-7.5712,2.9114,0.0671,-8.0450,1.7034,0.2327
672.00,-7.6751,1.7100,0.3103,-7.5667,2.9118,0.1106,-8.0406,1.7046,0.2762
672.50,-7.6751,1.7148,0.3530,-7.5622,2.9124,0.1528,-8.0362,1.7059,0.3184
673.00,-7.6750,1.7191,0.3945,-7.5585,2.9130,0.1939,-8.0327,1.7071,0.3595
673.50,-7.6750,1.7229,0.4349,-7.5547,2.9138,0.2332,-8.0291,1.7085,0.3989
674.00,-7.6749,1.7262,0.4741,-7.5498,2.9151,0.2722,-8.0245,1.7106,0.4379
674.50,-7.6749,1.7290,0.5123,-7.5474,2.9158,0.3102,-8.0222,1.7117,0.4758
675.00,-7.6749,1.7314,0.5496,-7.5444,2.9168,0.3469,-8.0194,1.7132,0.5125
675.50,-7.6748,1.7333,0.5858,-7.5427,2.9175,0.3825,-8.0179,1.7141,0.5482
676.00,-7.6747,1.7348,0.6211,-7.5411,2.9181,0.4173,-8.0164,1.7150,0.5829
676.50,-7.6747,1.7358,0.6555,-7.5400,2.9186,0.4515,-8.0154,1.7157,0.6172
677.00,-7.6746,1.7363,0.6891,-7.5395,2.9189,0.4840,-8.0149,1.7161,0.6497
677.50,-7.6746,1.7364,0.7217,-7.5394,2.9189,0.5161,-8.0148,1.7161,0.6817
678.00,-7.6748,1.7364,0.7538,-7.5395,2.9189,0.5458,-8.0149,1.7161,0.7114
678.50,-7.6749,1.7363,0.7878,-7.5397,2.9187,0.5789,-8.0151,1.7159,0.7445
679.00,-7.6749,1.7360,0.8216,-7.5398,2.9187,0.6121,-8.0152,1.7158,0.7777
679.50,-7.6748,1.7357,0.8543,-7.5401,2.9185,0.6434,-8.0155,1.7156,0.8091
680.00,-7.6750,1.7357,0.8871,-7.5402,2.9184,0.6756,-8.0155,1.7155,0.8413
680.50,-7.6756,1.7356,0.9208,-7.5408,2.9179,0.7082,-8.0160,1.7149,0.8739
681.00,-7.6767,1.7356,0.9553,-7.5419,2.9169,0.7415,-8.0170,1.7137,0.9072
681.50,-7.6782,1.7355,0.9908,-7.5431,2.9158,0.7762,-8.0180,1.7124,0.9419
682.00,-7.6802,1.7355,1.0272,-7.5446,2.9143,0.8117,-8.0192,1.7106,0.9774
682.50,-7.6827,1.7354,1.0646,-7.5464,2.9123,0.8482,-8.0206,1.7085,1.0138
683.00,-7.6856,1.7354,1.1030,-7.5489,2.9094,0.8859,-8.0226,1.7051,1.0515
683.50,-7.6890,1.7353,1.1424,-7.5510,2.9068,0.9247,-8.0242,1.7022,1.0904
684.00,-7.6928,1.7353,1.1829,-7.5534,2.9035,0.9641,-8.0261,1.6986,1.1298
684.50,-7.6972,1.7352,1.2246,-7.5563,2.8991,1.0052,-8.0282,1.6937,1.1708
685.00,-7.7020,1.7352,1.2675,-7.5591,2.8944,1.0475,-8.0302,1.6886,1.2131
685.50,-7.7074,1.7352,1.3117,-7.5615,2.8901,1.0907,-8.0319,1.6840,1.2563
686.00,-7.7132,1.7351,1.3573,-7.5638,2.8854,1.1353,-8.0334,1.6790,1.3010
686.50,-7.7195,1.7351,1.4043,-7.5662,2.8800,1.1813,-8.0348,1.6733,1.3470
687.00,-7.7263,1.7351,1.4530,-7.5684,2.8741,1.2292,-8.0361,1.6671,1.3948
687.50,-7.7336,1.7351,1.5034,-7.5707,2.8672,1.2784,-8.1050,1.7082,1.5034
688.00,-7.7413,1.7351,1.5557,-7.5728,2.8594,1.3294,-8.1053,1.7001,1.5544
688.50,-7.7493,1.7351,1.6090,-7.5724,2.8615,1.3819,-8.1054,1.7023,1.6069
689.00,-7.7568,1.7351,1.6605,-7.5711,2.8692,1.4326,-8.1059,1.7101,1.6576
689.50,-7.7638,1.7351,1.7101,-7.5704,2.8760,1.4809,-8.1066,1.7168,1.7059
690.00,-7.7704,1.7351,1.7580,-7.5700,2.8821,1.5287,-8.1076,1.7229,1.7537
690.50,-7.7765,1.7351,1.8044,-7.5698,2.8891,1.5743,-8.1090,1.7297,1.7993
691.00,-7.7821,1.7352,1.8493,-7.5700,2.8955,1.6191,-8.1106,1.7360,1.8441
691.50,-7.7873,1.7352,1.8930,-7.5703,2.8998,1.6622,-8.1119,1.7401,1.8871
692.00,-7.7919,1.7352,1.9353,-7.5709,2.9060,1.7041,-8.1139,1.7459,1.9291
692.50,-7.7960,1.7353,1.9765,-7.5716,2.9104,1.7443,-8.1156,1.7501,1.9693
693.00,-7.7997,1.7353,2.0166,-7.5724,2.9147,1.7839,-8.1173,1.7541,2.0089
693.50,-7.8029,1.7354,2.0555,-7.5734,2.9188,1.8220,-8.1192,1.7579,2.0469
694.00,-7.8086,1.7440,2.0963,-7.5765,2.9298,1.8639,-8.1829,1.7188,2.0994
694.50,-7.8401,1.8021,2.0736,-7.5945,2.9922,1.8393,-8.2150,1.7753,2.0747
695.00,-7.8926,1.8895,2.1364,-7.6232,3.0908,1.8932,-8.2551,1.8649,2.1356
695.50,-7.9546,1.9704,2.3178,-7.6627,3.1829,2.0687,-8.3256,1.9449,2.3112
696.00,-8.0492,2.0570,2.4703,-7.7366,3.2941,2.2284,-8.4238,2.0353,2.4743
696.50,-8.1469,2.1317,2.4912,-7.8184,3.3947,2.2572,-8.5273,2.1033,2.5032
697.00,-8.2402,2.2087,2.3897,-7.8901,3.4896,2.1615,-8.6100,2.1778,2.4039
697.50,-8.3302,2.3032,2.2876,-7.9577,3.6048,2.0553,-8.7034,2.2732,2.2942
698.00,-8.4136,2.4027,2.2617,-8.0193,3.7278,2.0242,-8.7859,2.3723,2.2667
698.50,-8.4975,2.5021,2.2759,-8.0772,3.8439,2.0389,-8.8757,2.4676,2.2848
699.00,-8.5808,2.6018,2.2490,-8.1353,3.9608,2.0137,-8.9506,2.5667,2.2562
699.50,-8.6625,2.7029,2.2575,-8.1915,4.0799,2.0187,-9.0442,2.6686,2.2576
700.00,-8.7457,2.8030,2.2781,-8.2481,4.1959,2.0381,-9.1206,2.7679,2.2819
700.50,-8.8322,2.9000,2.3146,-8.3106,4.3140,2.0747,-9.2159,2.8673,2.3171
701.00,-8.9200,2.9959,2.2960,-8.3726,4.4270,2.0582,-9.3033,2.9620,2.3041
701.50,-9.0045,3.0946,2.2701,-8.4310,4.5419,2.0302,-9.3779,3.0592,2.2761
702.00,-9.0894,3.1932,2.2942,-8.4912,4.6608,2.0529,-9.4751,3.1600,2.2988
702.50,-9.1763,3.2897,2.3129,-8.5549,4.7797,2.0715,-9.5658,3.2598,2.3174
703.00,-9.2646,3.3852,2.3112,-8.6208,4.8990,2.0725,-9.6483,3.3595,2.3174
703.50,-9.3514,3.4820,2.2991,-8.6832,5.0153,2.0584,-9.7369,3.4515,2.3026
704.00,-9.4378,3.5791,2.2977,-8.7462,5.1345,2.0564,-9.8268,3.5520,2.3006
704.50,-9.5241,3.6763,2.2927,-8.8079,5.2514,2.0521,-9.9150,3.6406,2.2997
705.00,-9.6103,3.7736,2.3010,-8.8696,5.3690,2.0610,-10.0039,3.7392,2.3052
705.50,-9.6975,3.8698,2.3302,-8.9310,5.4833,2.0824,-10.0909,3.8355,2.3300
706.00,-9.7906,3.9598,2.4179,-9.0030,5.5992,2.1726,-10.1827,3.9243,2.4237
706.50,-9.8891,4.0446,2.4336,-9.0822,5.7113,2.1904,-10.2834,4.0093,2.4416
707.00,-9.9872,4.1299,2.4160,-9.1610,5.8236,2.1737,-10.3816,4.0924,2.4248
707.50,-10.0819,4.2197,2.3220,-9.2327,5.9350,2.0875,-10.4751,4.1783,2.3352
708.00,-10.1526,4.3038,2.1150,-9.2826,6.0424,1.8847,-10.5437,4.2702,2.1324
708.50,-10.2052,4.4049,1.8714,-9.3040,6.1561,1.6374,-10.5981,4.3653,1.8886
709.00,-10.2484,4.5317,1.7152,-9.3012,6.2951,1.4762,-10.6358,4.4947,1.7295
709.50,-10.2737,4.6611,1.6157,-9.2803,6.4298,1.3697,-10.6630,4.6265,1.6243
710.00,-10.2831,4.7909,1.6462,-9.2544,6.5640,1.3999,-10.6817,4.7528,1.6581
710.50,-10.2891,4.9206,1.6203,-9.2307,6.6940,1.3764,-10.6922,4.8745,1.6346
711.00,-10.2979,5.0503,1.6369,-9.2066,6.8232,1.3957,-10.7018,5.0056,1.6539
711.50,-10.3053,5.1801,1.6196,-9.1807,6.9612,1.3775,-10.7119,5.1457,1.6356
712.00,-10.3066,5.2873,1.4514,-9.1527,7.0705,1.2177,-10.7131,5.2485,1.4759
712.50,-10.3002,5.3759,1.1715,-9.1101,7.1499,0.9374,-10.6918,5.3261,1.1991
713.00,-10.2555,5.4836,0.9481,-9.0312,7.2348,0.7102,-10.6575,5.4385,0.9719
713.50,-10.2032,5.5470,0.7897,-8.9633,7.2837,0.5417,-10.6141,5.5030,0.8068
714.00,-10.1881,5.5615,0.7404,-8.9408,7.2963,0.4870,-10.5952,5.5207,0.7556
714.50,-10.1881,5.5615,0.7079,-8.9405,7.2966,0.4536,-10.6051,5.5210,0.7223
715.00,-10.1882,5.5612,0.6749,-8.9408,7.2965,0.4201,-10.6053,5.5209,0.6888
715.50,-10.1882,5.5604,0.6410,-8.9417,7.2961,0.3860,-10.6061,5.5203,0.6546
716.00,-10.1883,5.5592,0.6062,-8.9430,7.2957,0.3504,-10.6072,5.5195,0.6190
716.50,-10.1883,5.5576,0.5705,-8.9451,7.2949,0.3142,-10.6091,5.5182,0.5828
717.00,-10.1884,5.5555,0.5338,-8.9472,7.2943,0.2763,-10.6109,5.5171,0.5449
717.50,-10.1884,5.5529,0.4962,-8.9501,7.2936,0.2378,-10.6135,5.5156,0.5065
718.00,-10.1885,5.5499,0.4575,-8.9527,7.2930,0.1983,-10.6159,5.5143,0.4669
718.50,-10.1885,5.5464,0.4178,-8.9561,7.2924,0.1581,-10.6189,5.5129,0.4267
719.00,-10.1886,5.5424,0.3770,-8.9608,7.2917,0.1164,-10.6233,5.5110,0.3850
719.50,-10.1886,5.5379,0.3350,-8.9652,7.2913,0.0739,-10.6275,5.5094,0.3425
720.00,-10.1886,5.5329,0.2917,-8.9704,7.2910,0.0299,-10.6324,5.5078,0.2985
720.50,-10.1887,5.5275,0.2472,-8.9756,7.2910,-0.0151,-10.6374,5.5063,0.2536
721.00,-10.1887,5.5215,0.2012,-8.9821,7.2912,-0.0613,-10.6437,5.5049,0.2073
721.50,-10.1887,5.5160,0.1603,-8.9868,7.2916,-0.1043,-10.6483,5.5040,0.1644
722.00,-10.1887,5.5109,0.1238,-8.9921,7.2922,-0.1414,-10.6031,5.4704,0.1411
722.50,-10.1887,5.5055,0.0863,-8.9983,7.2933,-0.1794,-10.6094,5.4696,0.1032
723.00,-10.1887,5.4999,0.0478,-9.0041,7.2944,-0.2184,-10.6153,5.4691,0.0641
723.50,-10.1887,5.4940,0.0082,-9.0090,7.2956,-0.2583,-10.6204,5.4689,0.0242
724.00,-10.1887,5.4880,-0.0319,-9.0063,7.2948,-0.2995,-10.6175,5.4689,-0.0169
724.50,-10.1887,5.4806,-0.0835,-8.9993,7.2924,-0.3522,-10.6101,5.4685,-0.0697
725.00,-10.1887,5.4735,-0.1333,-8.9921,7.2896,-0.4030,-10.6025,5.4678,-0.1204
725.50,-10.1887,5.4669,-0.1814,-8.9853,7.2865,-0.4523,-10.5951,5.4668,-0.1698
726.00,-10.1887,5.4607,-0.2280,-8.9802,7.2839,-0.4995,-10.5894,5.4657,-0.2169
726.50,-10.1886,5.4550,-0.2731,-8.9749,7.2809,-0.5458,-10.5835,5.4642,-0.2632
727.00,-10.1886,5.4499,-0.3169,-8.9713,7.2786,-0.5903,-10.5794,5.4630,-0.3077
727.50,-10.1886,5.4452,-0.3594,-8.9675,7.2759,-0.6334,-10.5750,5.4615,-0.3508
728.00,-10.1885,5.4410,-0.4007,-8.9637,7.2729,-0.6751,-10.5705,5.4597,-0.3925
728.50,-10.1885,5.4372,-0.4409,-8.9603,7.2701,-0.7162,-10.5665,5.4580,-0.4336
729.00,-10.1884,5.4340,-0.4800,-8.9584,7.2684,-0.7553,-10.5641,5.4568,-0.4727
729.50,-10.1884,5.4312,-0.5181,-8.9560,7.2661,-0.7937,-10.5612,5.4553,-0.5111
730.00,-10.1883,5.4289,-0.5552,-8.9548,7.2648,-0.8309,-10.5597,5.4544,-0.5483
730.50,-10.1883,5.4271,-0.5913,-8.9540,7.2639,-0.8677,-10.5586,5.4537,-0.5851
731.00,-10.1882,5.4257,-0.6265,-8.9534,7.2632,-0.9033,-10.5579,5.4532,-0.6208
731.50,-10.1882,5.4248,-0.6607,-8.9530,7.2627,-0.9389,-10.5827,5.4153,-0.6500
732.00,-10.1881,5.4243,-0.6941,-8.9526,7.2621,-0.9734,-10.5981,5.3908,-0.6803
732.50,-10.1881,5.4242,-0.7267,-8.9527,7.2622,-1.0060,-10.5982,5.3908,-0.7130
733.00,-10.1877,5.4243,-0.7597,-8.9525,7.2619,-1.0398,-10.5979,5.3906,-0.7468
733.50,-10.1875,5.4243,-0.7938,-8.9523,7.2616,-1.0748,-10.5977,5.3904,-0.7817
734.00,-10.1874,5.4241,-0.8232,-8.9521,7.2612,-1.1068,-10.5974,5.3900,-0.8137
734.50,-10.1874,5.4240,-0.8405,-8.9521,7.2612,-1.1236,-10.5973,5.3900,-0.8305
735.00,-10.1874,5.4240,-0.8731,-8.9522,7.2613,-1.1567,-10.5974,5.3901,-0.8636
735.50,-10.1879,5.4241,-0.9063,-8.9523,7.2616,-1.1907,-10.5976,5.3904,-0.8977
736.00,-10.1888,5.4241,-0.9405,-8.9525,7.2622,-1.2256,-10.5980,5.3909,-0.9325
736.50,-10.1901,5.4242,-0.9756,-8.9530,7.2635,-1.2613,-10.5988,5.3920,-0.9683
737.00,-10.1919,5.4242,-1.0116,-8.9536,7.2655,-1.2973,-10.6000,5.3937,-1.0043
737.50,-10.1940,5.4243,-1.0467,-8.9541,7.2675,-1.3329,-10.6010,5.3955,-1.0398
738.00,-10.1960,5.4243,-1.0750,-8.9544,7.2690,-1.3619,-10.6018,5.3968,-1.0689
738.50,-10.1982,5.4243,-1.1039,-8.9550,7.2716,-1.3916,-10.6031,5.3992,-1.0986
739.00,-10.2007,5.4244,-1.1334,-8.9554,7.2741,-1.4220,-10.6042,5.4014,-1.1290
739.50,-10.2035,5.4244,-1.1635,-8.9558,7.2772,-1.4522,-10.6055,5.4043,-1.1592
740.00,-10.2065,5.4244,-1.1943,-8.9562,7.2808,-1.4835,-10.6069,5.4076,-1.1905
740.50,-10.2099,5.4245,-1.2256,-8.9564,7.2848,-1.5154,-10.6083,5.4113,-1.2223
741.00,-10.2134,5.4245,-1.2577,-8.9566,7.2891,-1.5477,-10.6097,5.4154,-1.2547
741.50,-10.2173,5.4245,-1.2905,-8.9566,7.2932,-1.5813,-10.6109,5.4193,-1.2882
742.00,-10.2215,5.4246,-1.3241,-8.9565,7.2976,-1.6157,-10.6120,5.4236,-1.3226
742.50,-10.2259,5.4246,-1.3584,-8.9562,7.3026,-1.6503,-10.6132,5.4285,-1.3573
743.00,-10.2306,5.4246,-1.3936,-8.9557,7.3077,-1.6859,-10.6142,5.4335,-1.3928
743.50,-10.2355,5.4246,-1.4296,-8.9549,7.3137,-1.7225,-10.6387,5.3988,-1.4120
744.00,-10.2424,5.4246,-1.4791,-8.9539,7.3193,-1.7726,-10.6395,5.4044,-1.4621
744.50,-10.2499,5.4246,-1.5305,-8.9521,7.3270,-1.8246,-10.6401,5.4123,-1.5141
745.00,-10.2580,5.4226,-1.5899,-8.9512,7.3302,-1.8830,-10.6402,5.4157,-1.5725
745.50,-10.2731,5.3754,-1.7581,-8.9681,7.2906,-2.0524,-10.6442,5.3728,-1.7419
746.00,-10.2996,5.2701,-1.8777,-9.0242,7.2005,-2.1804,-10.7105,5.2400,-1.8664
746.50,-10.3291,5.1797,-1.8541,-9.0790,7.1227,-2.1625,-10.7389,5.1491,-1.8450
747.00,-10.3449,5.1014,-1.7293,-9.1226,7.0511,-2.0490,-10.7483,5.0576,-1.7281
747.50,-10.3518,4.9993,-1.4279,-9.1567,6.9535,-1.7520,-10.7499,4.9642,-1.4310
748.00,-10.3404,4.8733,-1.2535,-9.1668,6.8216,-1.5665,-10.7281,4.8361,-1.2385
748.50,-10.3009,4.7504,-1.2504,-9.1636,6.6903,-1.5531,-10.7019,4.7130,-1.2357
749.00,-10.2633,4.6262,-1.2739,-9.1647,6.5628,-1.5855,-10.6633,4.5915,-1.2663
749.50,-10.2219,4.5023,-1.2550,-9.1652,6.4348,-1.5663,-10.6238,4.4698,-1.2418
750.00,-10.1858,4.3781,-1.2883,-9.1666,6.2995,-1.6000,-10.5819,4.3412,-1.2780
750.50,-10.1451,4.2543,-1.2148,-9.1675,6.1712,-1.5331,-10.5423,4.2192,-1.2104
751.00,-10.0952,4.1348,-1.1272,-9.1561,6.0412,-1.4434,-10.4903,4.0994,-1.1207
751.50,-10.0361,4.0195,-1.0498,-9.1349,5.9110,-1.3670,-10.4288,3.9827,-1.0478
752.00,-9.9678,3.9092,-0.9779,-9.1023,5.7780,-1.2942,-10.3560,3.8721,-0.9750
752.50,-9.8909,3.8034,-0.9252,-9.0635,5.6538,-1.2424,-10.2842,3.7706,-0.9215
753.00,-9.8117,3.7001,-0.9211,-9.0225,5.5366,-1.2343,-10.2083,3.6723,-0.9133
753.50,-9.7372,3.5940,-0.9896,-8.9830,5.4113,-1.3021,-10.1257,3.5613,-0.9811
754.00,-9.6686,3.4843,-1.0126,-8.9510,5.2877,-1.3273,-10.0564,3.4541,-1.0064
754.50,-9.5979,3.3745,-0.9921,-8.9164,5.1519,-1.3084,-9.9848,3.3362,-0.9892
755.00,-9.5232,3.2672,-0.9588,-8.8787,5.0219,-1.2734,-9.9108,3.2366,-0.9547
755.50,-9.4519,3.1592,-1.0048,-8.8431,4.8969,-1.3197,-9.8376,3.1324,-0.9999
756.00,-9.3820,3.0494,-0.9980,-8.8110,4.7712,-1.3146,-9.7720,3.0230,-0.9948
756.50,-9.3082,2.9413,-0.9620,-8.7758,4.6445,-1.2802,-9.6952,2.9137,-0.9604
757.00,-9.2320,2.8355,-0.9451,-8.7341,4.5116,-1.2587,-9.6082,2.8004,-0.9372
757.50,-9.1560,2.7300,-0.9428,-8.6937,4.3850,-1.2587,-9.5397,2.6992,-0.9407
758.00,-9.0780,2.6256,-0.9252,-8.6521,4.2605,-1.2398,-9.4634,2.5959,-0.9200
758.50,-9.0028,2.5201,-0.9700,-8.6129,4.1389,-1.2829,-9.3878,2.4929,-0.9631
759.00,-8.9296,2.4127,-0.9706,-8.5754,4.0106,-1.2842,-9.3119,2.3829,-0.9669
759.50,-8.8563,2.3054,-0.9706,-8.5384,3.8844,-1.2840,-9.2374,2.2846,-0.9659
760.00,-8.7813,2.1988,-0.9378,-8.5006,3.7598,-1.2562,-9.1666,2.1680,-0.9381
760.50,-8.7038,2.0944,-0.9436,-8.4583,3.6333,-1.2563,-9.0870,2.0653,-0.9365
761.00,-8.6284,1.9887,-0.9526,-8.4176,3.5059,-1.2651,-9.0084,1.9672,-0.9453
761.50,-8.5543,1.8821,-0.9618,-8.3796,3.3809,-1.2769,-8.9330,1.8553,-0.9623
762.00,-8.4766,1.7768,-0.9198,-8.3401,3.2578,-1.2376,-8.8638,1.7546,-0.9212
762.50,-8.3955,1.6748,-0.8903,-8.2941,3.1321,-1.2069,-8.7809,1.6494,-0.8889
763.00,-8.3141,1.5735,-0.9024,-8.2465,3.0070,-1.2184,-8.7024,1.5456,-0.9003
763.50,-8.2368,1.4696,-0.9595,-8.2043,2.8838,-1.2744,-8.6178,1.4442,-0.9563
764.00,-8.1645,1.3621,-0.9794,-8.1670,2.7539,-1.2999,-8.5454,1.3362,-0.9819
764.50,-8.0902,1.2549,-0.9565,-8.1307,2.6272,-1.2782,-8.4718,1.2279,-0.9567
765.00,-8.0143,1.1491,-0.9463,-8.0907,2.4983,-1.2665,-8.4002,1.1232,-0.9467
765.50,-7.9382,1.0438,-0.9577,-8.0506,2.3725,-1.2748,-8.3252,1.0164,-0.9550
766.00,-7.8645,0.9370,-0.9689,-8.0112,2.2387,-1.2901,-8.2456,0.9074,-0.9703
766.50,-7.7898,0.8303,-0.9582,-7.9729,2.1084,-1.2810,-8.1640,0.8024,-0.9577
767.00,-7.7128,0.7250,-0.9224,-7.9337,1.9829,-1.2477,-8.0978,0.7026,-0.9249
767.50,-7.6322,0.6225,-0.8963,-7.8882,1.8533,-1.2219,-8.0036,0.5941,-0.8975
768.00,-7.5492,0.5222,-0.8637,-7.8416,1.7305,-1.1905,-7.9258,0.4981,-0.8654
768.50,-7.4644,0.4236,-0.8549,-7.7905,1.6041,-1.1814,-7.8437,0.3942,-0.8552
769.00,-7.3785,0.3261,-0.8427,-7.7377,1.4778,-1.1693,-7.7547,0.2966,-0.8431
769.50,-7.2926,0.2286,-0.8677,-7.6863,1.3556,-1.1905,-7.6681,0.2011,-0.8632
770.00,-7.2111,0.1277,-0.9074,-7.6401,1.2326,-1.2338,-7.5824,0.1020,-0.9076
770.50,-7.1297,0.0261,-0.8766,-7.5953,1.1076,-1.2072,-7.4946,0.0011,-0.8775
771.00,-7.0452,-0.0728,-0.8477,-7.5457,0.9815,-1.1815,-7.4165,-0.1050,-0.8495
771.50,-6.9578,-0.1690,-0.8340,-7.4964,0.8667,-1.1631,-7.3255,-0.1904,-0.8310
772.00,-6.8729,-0.2674,-0.8802,-7.4499,0.7511,-1.2106,-7.2467,-0.2881,-0.8786
772.50,-6.7904,-0.3677,-0.8886,-7.4046,0.6296,-1.2213,-7.1605,-0.3915,-0.8870
773.00,-6.7074,-0.4680,-0.8644,-7.3586,0.5056,-1.2003,-7.0778,-0.4917,-0.8653
773.50,-6.6215,-0.5655,-0.8342,-7.3076,0.3800,-1.1706,-6.9893,-0.5923,-0.8351
774.00,-6.5337,-0.6614,-0.8343,-7.2557,0.2589,-1.1702,-6.8968,-0.6899,-0.8324
774.50,-6.4487,-0.7597,-0.8927,-7.2082,0.1398,-1.2269,-6.8157,-0.7830,-0.8867
775.00,-6.3720,-0.8644,-0.9876,-7.1686,0.0117,-1.3219,-6.7355,-0.8904,-0.9840
775.50,-6.3044,-0.9770,-1.1705,-7.1458,-0.1160,-1.4984,-6.6750,-1.0034,-1.1582
776.00,-6.2451,-1.1001,-1.4082,-7.1520,-0.2523,-1.7363,-6.6219,-1.1308,-1.3985
776.50,-6.1999,-1.2199,-1.7140,-7.1934,-0.3810,-2.0427,-6.6007,-1.2591,-1.7008
777.00,-6.2097,-1.3464,-1.8637,-7.2631,-0.4906,-2.2060,-6.5823,-1.3699,-1.8654
777.50,-6.2457,-1.4707,-1.8415,-7.3418,-0.5955,-2.1957,-6.6112,-1.4977,-1.8482
778.00,-6.2752,-1.5951,-1.6430,-7.4081,-0.7036,-2.0086,-6.6304,-1.6236,-1.6559
778.50,-6.2923,-1.7247,-1.4328,-7.4514,-0.8358,-1.7897,-6.6377,-1.7582,-1.4356
779.00,-6.2764,-1.8529,-1.4062,-7.4764,-0.9661,-1.7543,-6.6357,-1.8791,-1.4019
779.50,-6.2575,-1.9813,-1.4226,-7.5019,-1.0972,-1.7707,-6.6185,-2.0108,-1.4183
780.00,-6.2439,-2.1107,-1.5439,-7.5358,-1.2308,-1.8907,-6.6029,-2.1383,-1.5401
780.50,-6.2404,-2.2406,-1.5577,-7.5806,-1.3549,-1.9129,-6.6027,-2.2703,-1.5588
781.00,-6.2405,-2.3706,-1.5723,-7.6240,-1.4743,-1.9288,-6.6020,-2.3974,-1.5722
781.50,-6.2350,-2.5005,-1.4823,-7.6672,-1.6043,-1.8417,-6.5972,-2.5342,-1.4848
782.00,-6.2230,-2.6298,-1.4893,-7.7006,-1.7329,-1.8380,-6.5817,-2.6579,-1.4804
782.50,-6.2183,-2.7597,-1.5836,-7.7421,-1.8562,-1.9394,-6.5774,-2.7864,-1.5818
783.00,-6.2161,-2.8897,-1.4957,-7.7888,-1.9849,-1.8649,-6.5759,-2.9250,-1.5072
783.50,-6.2049,-3.0181,-1.3628,-7.8175,-2.1136,-1.7265,-6.5538,-3.0464,-1.3637
784.00,-6.1798,-3.1450,-1.3695,-7.8351,-2.2377,-1.7232,-6.5362,-3.1686,-1.3604
784.50,-6.1600,-3.2735,-1.4521,-7.8628,-2.3729,-1.8111,-6.5237,-3.3060,-1.4535
785.00,-6.1404,-3.4022,-1.3982,-7.8919,-2.5005,-1.7639,-6.5006,-3.4361,-1.4017
785.50,-6.1115,-3.5296,-1.3460,-7.9127,-2.6282,-1.7102,-6.4709,-3.5585,-1.3474
786.00,-6.0810,-3.6561,-1.3595,-7.9298,-2.7578,-1.7172,-6.4410,-3.6858,-1.3526
786.50,-6.0550,-3.7835,-1.3518,-7.9505,-2.8862,-1.7202,-6.4145,-3.8087,-1.3557
787.00,-6.0239,-3.9098,-1.3335,-7.9682,-3.0211,-1.6988,-6.3813,-3.9411,-1.3325
787.50,-5.9893,-4.0357,-1.2888,-7.9840,-3.1544,-1.6615,-6.3484,-4.0667,-1.2917
788.00,-5.9474,-4.1595,-1.2504,-7.9921,-3.2863,-1.6178,-6.3044,-4.1887,-1.2441
788.50,-5.9075,-4.2832,-1.2430,-7.9997,-3.4170,-1.6188,-6.2598,-4.3127,-1.2455
789.00,-5.8592,-4.4051,-1.1944,-8.0024,-3.5509,-1.5682,-6.2154,-4.4325,-1.1914
789.50,-5.8045,-4.5249,-1.1497,-7.9994,-3.6829,-1.5246,-6.1617,-4.5509,-1.1478
790.00,-5.7514,-4.6434,-1.1634,-7.9923,-3.8193,-1.5305,-6.1047,-4.6712,-1.1554
790.50,-5.7068,-4.7648,-1.3167,-7.9944,-3.9559,-1.6741,-6.0578,-4.7972,-1.3026
791.00,-5.6705,-4.8907,-1.5819,-8.0247,-4.0834,-1.9439,-6.0398,-4.9170,-1.5723
791.50,-5.6616,-5.0201,-1.7192,-8.0831,-4.2026,-2.0898,-6.0212,-5.0492,-1.7148
792.00,-5.6748,-5.1474,-1.8223,-8.1518,-4.3086,-2.1984,-6.0464,-5.1730,-1.8233
792.50,-5.7057,-5.2734,-1.8119,-8.2269,-4.4116,-2.1902,-6.0587,-5.2964,-1.8117
793.00,-5.7421,-5.3986,-1.8789,-8.3057,-4.5159,-2.2543,-6.0897,-5.4224,-1.8722
793.50,-5.7876,-5.5210,-1.9548,-8.3938,-4.6163,-2.3318,-6.1338,-5.5484,-1.9505
794.00,-5.8424,-5.6400,-2.0099,-8.4876,-4.7084,-2.3909,-6.1907,-5.6688,-2.0075
794.50,-5.9063,-5.7559,-2.0793,-8.5866,-4.7954,-2.4602,-6.2499,-5.7865,-2.0747
795.00,-5.9768,-5.8633,-2.1743,-8.6958,-4.8764,-2.5528,-6.3207,-5.9027,-2.1638
795.50,-6.0329,-5.9310,-2.3601,-8.7773,-4.9223,-2.7332,-6.3847,-5.9662,-2.3463
796.00,-6.1047,-5.9867,-2.5810,-8.8663,-4.9501,-2.9547,-6.4505,-6.0254,-2.5692
796.50,-6.2087,-6.0345,-2.8335,-8.9847,-4.9577,3.0748,-6.5576,-6.0667,-2.8194
797.00,-6.3354,-6.0734,-3.0566,-9.1199,-4.9332,2.8451,-6.6820,-6.0948,-3.0470
797.50,-6.4653,-6.0928,3.1081,-9.2470,-4.8844,2.7200,-6.8143,-6.1143,3.1125
798.00,-6.5936,-6.0970,2.9227,-9.3627,-4.8216,2.5431,-6.9353,-6.1246,2.9404
798.50,-6.7090,-6.0801,2.6812,-9.4534,-4.7411,2.2949,-7.0438,-6.1053,2.6909
799.00,-6.8219,-6.0229,2.5807,-9.5315,-4.6400,2.1838,-7.1647,-6.0619,2.5833
799.50,-6.9322,-5.9549,2.6123,-9.6078,-4.5318,2.2057,-7.2767,-6.0012,2.6122
800.00,-7.0483,-5.8945,2.7528,-9.6932,-4.4301,2.3437,-7.3953,-5.9414,2.7502
800.50,-7.1719,-5.8436,2.8966,-9.7965,-4.3388,2.4901,-7.5162,-5.8983,2.9000
801.00,-7.2983,-5.8104,2.8980,-9.9059,-4.2581,2.4981,-7.6488,-5.8583,2.9073
801.50,-7.4246,-5.7798,2.9313,-10.0165,-4.1750,2.5230,-7.7771,-5.8257,2.9316
802.00,-7.5523,-5.7565,2.9571,-10.1242,-4.1027,2.5582,-7.8969,-5.8022,2.9682
802.50,-7.6793,-5.7265,2.8844,-10.2393,-4.0217,2.4894,-8.0287,-5.7741,2.8958
803.00,-7.8034,-5.6873,2.7953,-10.3360,-3.9404,2.3982,-8.1496,-5.7373,2.8081
803.50,-7.9243,-5.6390,2.7337,-10.4258,-3.8522,2.3368,-8.2670,-5.6922,2.7467
804.00,-8.0404,-5.5817,2.5916,-10.5105,-3.7543,2.2003,-8.3837,-5.6362,2.6068
804.50,-8.1462,-5.5109,2.4619,-10.5818,-3.6397,2.0646,-8.5046,-5.5593,2.4711
805.00,-8.2310,-5.4323,2.2865,-10.6315,-3.5303,1.8939,-8.5773,-5.4882,2.3038
805.50,-8.3012,-5.3314,2.0835,-10.6579,-3.4109,1.6899,-8.6554,-5.3894,2.0963
806.00,-8.3612,-5.2462,1.8201,-10.6583,-3.3047,1.4298,-8.7037,-5.2918,1.8398
806.50,-8.4107,-5.1549,1.4957,-10.6271,-3.2029,1.1066,-8.7296,-5.1960,1.5165
807.00,-8.4209,-5.0383,1.2192,-10.5605,-3.1078,0.8217,-8.7465,-5.1022,1.2316
807.50,-8.3798,-4.9203,1.0783,-10.4647,-3.0213,0.6687,-8.7329,-4.9747,1.0822
808.00,-8.3182,-4.8068,1.0650,-10.3607,-2.9425,0.6446,-8.6790,-4.8609,1.0650
808.50,-8.2587,-4.6921,1.1145,-10.2592,-2.8639,0.6874,-8.6185,-4.7477,1.1114
809.00,-8.2073,-4.5719,1.2486,-10.1603,-2.7712,0.8199,-8.5664,-4.6226,1.2473
809.50,-8.1662,-4.4471,1.3133,-10.0700,-2.6660,0.8911,-8.5279,-4.4995,1.3242
810.00,-8.1287,-4.3223,1.2440,-9.9824,-2.5627,0.8253,-8.4919,-4.3689,1.2562
810.50,-8.0821,-4.2012,1.1525,-9.8863,-2.4673,0.7326,-8.4445,-4.2622,1.1565
811.00,-8.0264,-4.0846,1.0638,-9.7848,-2.3834,0.6419,-8.3865,-4.1338,1.0728
811.50,-7.9613,-3.9733,1.0082,-9.6782,-2.3098,0.5809,-8.3204,-4.0325,1.0083
812.00,-7.8891,-3.8643,0.9684,-9.5653,-2.2379,0.5431,-8.2572,-3.9205,0.9775
812.50,-7.8107,-3.7595,0.9111,-9.4465,-2.1711,0.4830,-8.1777,-3.8097,0.9174
813.00,-7.7324,-3.6558,0.9587,-9.3308,-2.1091,0.5209,-8.0986,-3.7149,0.9540
813.50,-7.6620,-3.5450,1.0769,-9.2204,-2.0362,0.6407,-8.0287,-3.6027,1.0807
814.00,-7.5999,-3.4300,1.0723,-9.1119,-1.9531,0.6443,-7.9658,-3.4814,1.0856
814.50,-7.5319,-3.3196,0.9411,-9.0001,-1.8780,0.5172,-7.8974,-3.3754,0.9516
815.00,-7.4524,-3.2177,0.8784,-8.8875,-1.8205,0.4447,-7.8196,-3.2758,0.8756
815.50,-7.3702,-3.1171,0.8929,-8.7706,-1.7641,0.4552,-7.7365,-3.1761,0.8966
816.00,-7.2922,-3.0137,0.9486,-8.6526,-1.7027,0.5087,-7.6559,-3.0703,0.9514
816.50,-7.2176,-2.9075,0.9561,-8.5367,-1.6369,0.5182,-7.5892,-2.9613,0.9631
817.00,-7.1390,-2.8034,0.8955,-8.4187,-1.5737,0.4578,-7.5060,-2.8535,0.9026
817.50,-7.0557,-2.7033,0.8667,-8.2943,-1.5151,0.4254,-7.4228,-2.7570,0.8702
818.00,-6.9740,-2.6023,0.9352,-8.1729,-1.4571,0.4865,-7.3341,-2.6526,0.9335
818.50,-6.9003,-2.4951,0.9857,-8.0580,-1.3910,0.5431,-7.2729,-2.5535,0.9949
819.00,-6.8254,-2.3880,0.9470,-7.9398,-1.3221,0.5056,-7.1868,-2.4297,0.9540
819.50,-6.7469,-2.2838,0.9133,-7.8306,-1.2640,0.4706,-7.1235,-2.3402,0.9189
820.00,-6.6669,-2.1812,0.9078,-7.7155,-1.2063,0.4618,-7.0447,-2.2383,0.9101
820.50,-6.5868,-2.0787,0.9067,-7.5974,-1.1476,0.4603,-6.9538,-2.1343,0.9122
821.00,-6.5061,-1.9766,0.8895,-7.4758,-1.0877,0.4440,-6.8705,-2.0273,0.8959
821.50,-6.4227,-1.8767,0.8612,-7.3521,-1.0308,0.4164,-6.7940,-1.9221,0.8682
822.00,-6.3375,-1.7787,0.8682,-7.2351,-0.9804,0.4159,-6.7108,-1.8356,0.8677
822.50,-6.2575,-1.6753,0.9999,-7.1196,-0.9225,0.5415,-6.6319,-1.7233,0.9968
823.00,-6.1881,-1.5620,1.0999,-7.0042,-0.8429,0.6494,-6.5532,-1.6011,1.1048
823.50,-6.1306,-1.4528,1.0594,-6.9072,-0.7700,0.6163,-6.5084,-1.5028,1.0682
824.00,-6.0661,-1.3518,0.9378,-6.7999,-0.7041,0.4895,-6.4307,-1.3968,0.9413
824.50,-5.9868,-1.2493,0.8850,-6.6769,-0.6437,0.4332,-6.3561,-1.2888,0.8906
825.00,-5.9025,-1.1501,0.8569,-6.5569,-0.5909,0.3992,-6.2720,-1.1883,0.8545
825.50,-5.8199,-1.0498,0.9226,-6.4402,-0.5389,0.4581,-6.1897,-1.1006,0.9177
826.00,-5.7438,-0.9446,0.9435,-6.3168,-0.4745,0.4861,-6.1075,-0.9883,0.9519
826.50,-5.6634,-0.8423,0.8562,-6.1959,-0.4160,0.4023,-6.0260,-0.8816,0.8646
827.00,-5.5720,-0.7497,0.7051,-6.0743,-0.3730,0.2541,-5.9462,-0.7990,0.7164
827.50,-5.4668,-0.6699,0.5482,-5.9415,-0.3497,0.0942,-5.8338,-0.7190,0.5565
828.00,-5.3518,-0.5993,0.4033,-5.8055,-0.3457,-0.0475,-5.7177,-0.6448,0.4148
828.50,-5.2288,-0.5434,0.2718,-5.6694,-0.3628,-0.1886,-5.5922,-0.5995,0.2723
829.00,-5.1034,-0.5080,0.2642,-5.5434,-0.3880,-0.1995,-5.4841,-0.5563,0.2663
829.50,-4.9775,-0.4758,0.2649,-5.4153,-0.4157,-0.2067,-5.3473,-0.5236,0.2626
830.00,-4.8537,-0.4357,0.3445,-5.2919,-0.4361,-0.1236,-5.2279,-0.4864,0.3492
830.50,-4.7316,-0.3895,0.3631,-5.1612,-0.4514,-0.1057,-5.1046,-0.4400,0.3601
831.00,-4.6109,-0.3386,0.3880,-5.0236,-0.4638,-0.0774,-4.9761,-0.3894,0.3919
831.50,-4.4899,-0.2920,0.3712,-4.8924,-0.4756,-0.0953,-4.8539,-0.3402,0.3718
832.00,-4.3691,-0.2431,0.3767,-4.7513,-0.4881,-0.0862,-4.7322,-0.2881,0.3831
832.50,-4.2472,-0.1998,0.3418,-4.6215,-0.5022,-0.1231,-4.6263,-0.2478,0.3427
833.00,-4.1253,-0.1530,0.3662,-4.4885,-0.5171,-0.0997,-4.5146,-0.2053,0.3661
833.50,-4.0028,-0.1111,0.3042,-4.3566,-0.5337,-0.1602,-4.3832,-0.1609,0.3070
834.00,-3.8785,-0.0731,0.3059,-4.2248,-0.5565,-0.1644,-4.2412,-0.1224,0.3083
834.50,-3.7536,-0.0380,0.2307,-4.0969,-0.5805,-0.2326,-4.1204,-0.0852,0.2381
835.00,-3.6263,-0.0108,0.2052,-3.9634,-0.6165,-0.2702,-4.0112,-0.0668,0.1991
835.50,-3.5086,0.0143,0.1566,-3.8380,-0.6517,-0.3088,-3.8795,-0.0319,0.1675
836.00,-3.3853,0.0306,-0.0642,-3.7220,-0.7017,-0.5261,-3.7574,-0.0228,-0.0520
836.50,-3.2564,0.0277,-0.1702,-3.6140,-0.7753,-0.6455,-3.6378,-0.0292,-0.1727
837.00,-3.1435,0.0092,-0.0930,-3.5207,-0.8435,-0.5801,-3.5137,-0.0374,-0.1073
837.50,-3.0665,-0.0011,0.0101,-3.4484,-0.8847,-0.4677,-3.4207,-0.0425,0.0155
838.00,-3.0497,-0.0027,0.0617,-3.4282,-0.8946,-0.4163,-3.4083,-0.0513,0.0634
838.50,-3.0497,0.0033,0.1123,-3.4227,-0.8969,-0.3663,-3.4123,-0.0508,0.1135
839.00,-3.0478,0.0104,0.1663,-3.4171,-0.8989,-0.3151,-3.4065,-0.0500,0.1646
839.50,-3.0011,0.0237,0.2159,-3.3698,-0.9121,-0.2585,-3.3583,-0.0399,0.2212
840.00,-2.8940,0.0439,0.1974,-3.2653,-0.9415,-0.2814,-3.2521,-0.0074,0.1962
840.50,-2.7675,0.0750,0.2895,-3.1333,-0.9755,-0.1981,-3.1393,0.0230,0.2781
841.00,-2.6473,0.1150,0.4875,-3.0026,-0.9892,-0.0019,-2.9969,0.0709,0.4778
841.50,-2.5367,0.1763,0.5982,-2.8746,-0.9804,0.1172,-2.9076,0.1315,0.6005
842.00,-2.4289,0.2483,0.5620,-2.7445,-0.9653,0.0907,-2.7713,0.2275,0.5752
842.50,-2.3148,0.3125,0.4232,-2.6120,-0.9620,-0.0509,-2.6632,0.2822,0.4312
843.00,-2.1950,0.3661,0.3975,-2.4822,-0.9725,-0.0867,-2.5466,0.3381,0.3954
843.50,-2.0923,0.4118,0.3974,-2.3674,-0.9811,-0.0808,-2.4367,0.3890,0.4082
844.00,-2.0234,0.4424,0.2410,-2.2907,-0.9917,-0.2270,-2.3573,0.4161,0.2586
844.50,-1.9341,0.4643,-0.0349,-2.2087,-1.0234,-0.5075,-2.2727,0.4263,-0.0219
845.00,-1.8903,0.4745,-0.1421,-2.1699,-1.0484,-0.6289,-2.2335,0.4424,-0.1450
845.50,-1.8758,0.4780,-0.0633,-2.1594,-1.0554,-0.5611,-2.2209,0.4412,-0.0773
846.00,-1.8038,0.4920,0.1825,-2.0924,-1.0858,-0.3160,-2.1506,0.4638,0.1801
846.50,-1.6833,0.5175,0.3014,-1.9700,-1.1154,-0.1859,-2.0240,0.5062,0.3084
847.00,-1.5589,0.5534,0.2673,-1.8355,-1.1410,-0.2137,-1.8899,0.5377,0.2772
847.50,-1.4319,0.5809,0.1522,-1.7016,-1.1784,-0.3300,-1.7551,0.5652,0.1608
848.00,-1.3026,0.5993,0.0517,-1.5746,-1.2295,-0.4324,-1.6340,0.5799,0.0573
848.50,-1.1726,0.6075,0.0132,-1.4552,-1.2889,-0.4791,-1.4965,0.5879,0.0135
849.00,-1.0427,0.6144,0.0514,-1.3395,-1.3461,-0.4431,-1.3723,0.5965,0.0541
849.50,-0.9129,0.6195,0.0354,-1.2212,-1.4031,-0.4583,-1.2370,0.6056,0.0421
850.00,-0.7831,0.6285,0.1102,-1.1010,-1.4592,-0.3904,-1.0952,0.6156,0.1087
850.50,-0.6563,0.6464,0.2594,-0.9732,-1.5027,-0.2463,-0.9533,0.6377,0.2540
851.00,-0.5420,0.6754,0.4909,-0.8582,-1.5185,-0.0159,-0.8525,0.6787,0.4887
851.50,-0.4343,0.7367,0.6588,-0.7318,-1.5098,0.1532,-0.7183,0.7285,0.6587
852.00,-0.3644,0.8023,0.8714,-0.6396,-1.4861,0.3641,-0.6474,0.7890,0.8695
852.50,-0.2983,0.8968,1.1035,-0.5350,-1.4327,0.5929,-0.5941,0.8893,1.0984
853.00,-0.2409,1.0136,1.3510,-0.4406,-1.3515,0.8401,-0.5451,1.0061,1.3468
853.50,-0.1929,1.1392,1.6369,-0.3652,-1.2411,1.1234,-0.5125,1.1335,1.6289
854.00,-0.1868,1.2670,1.8442,-0.3246,-1.1238,1.3366,-0.4878,1.2522,1.8444
854.50,-0.2098,1.3821,2.0829,-0.3096,-1.0071,1.5746,-0.5083,1.3665,2.0812
855.00,-0.2733,1.4834,2.2892,-0.3233,-0.8823,1.7838,-0.5648,1.4752,2.2905
855.50,-0.3611,1.5661,2.4925,-0.3590,-0.7691,1.9861,-0.6383,1.5511,2.4910
856.00,-0.4364,1.6222,2.6365,-0.4057,-0.6820,2.1369,-0.7161,1.6046,2.6418
856.50,-0.4607,1.6367,2.6593,-0.4229,-0.6563,2.1643,-0.7401,1.6285,2.6674
857.00,-0.4346,1.6230,2.6593,-0.4080,-0.6784,2.1625,-0.7164,1.6163,2.6657
857.50,-0.3991,1.6045,2.6593,-0.3855,-0.7118,2.1618,-0.6805,1.5979,2.6650
858.00,-0.3637,1.5859,2.6593,-0.3628,-0.7458,2.1598,-0.6442,1.5791,2.6630
858.50,-0.3282,1.5673,2.6593,-0.3405,-0.7790,2.1589,-0.6087,1.5607,2.6620
859.00,-0.2928,1.5488,2.6593,-0.3180,-0.8128,2.1575,-0.5740,1.5433,2.6659
859.50,-0.2574,1.5302,2.6593,-0.2966,-0.8451,2.1557,-0.5396,1.5255,2.6641
860.00,-0.2219,1.5117,2.6593,-0.2739,-0.8795,2.1542,-0.5026,1.5073,2.6661
860.50,-0.1865,1.4931,2.6593,-0.2521,-0.9124,2.1533,-0.4675,1.4892,2.6652
861.00,-0.1510,1.4746,2.6593,-0.2298,-0.9464,2.1525,-0.4352,1.4706,2.6644
861.50,-0.1156,1.4560,2.6593,-0.2082,-0.9792,2.1511,-0.4028,1.4526,2.6630
862.00,-0.0860,1.4402,2.6681,-0.1876,-1.0108,2.1555,-0.3694,1.4352,2.6674
862.50,-0.0851,1.4365,2.7074,-0.1851,-1.0144,2.1931,-0.3610,1.4341,2.7103
863.00,-0.0851,1.4327,2.7478,-0.1825,-1.0179,2.2322,-0.3569,1.4324,2.7494
863.50,-0.0851,1.4285,2.7893,-0.1800,-1.0210,2.2727,-0.3532,1.4309,2.7898
864.00,-0.0850,1.4237,2.8320,-0.1766,-1.0248,2.3148,-0.3485,1.4293,2.8319
864.50,-0.0850,1.4184,2.8760,-0.1730,-1.0286,2.3571,-0.3434,1.4278,2.8742
865.00,-0.0850,1.4127,2.9214,-0.1685,-1.0328,2.4016,-0.3375,1.4263,2.9187
865.50,-0.0849,1.4064,2.9682,-0.1640,-1.0368,2.4471,-0.3316,1.4251,2.9642
866.00,-0.0849,1.3997,3.0166,-0.1586,-1.0411,2.4943,-0.3248,1.4240,3.0114
866.50,-0.0849,1.3925,3.0667,-0.1523,-1.0456,2.5431,-0.3592,1.3894,3.0707
867.00,-0.0849,1.3849,3.1187,-0.1451,-1.0503,2.5937,-0.3505,1.3890,3.1213
867.50,-0.0849,1.3769,-3.1110,-0.1456,-1.0501,2.6459,-0.3511,1.3889,-3.1097
868.00,-0.0849,1.3693,-3.0593,-0.1529,-1.0464,2.6967,-0.3593,1.3884,-3.0589
868.50,-0.0849,1.3621,-3.0094,-0.1605,-1.0430,2.7454,-0.3675,1.3876,-3.0102
869.00,-0.0849,1.3555,-2.9613,-0.1674,-1.0403,2.7926,-0.3748,1.3864,-2.9630
869.50,-0.0850,1.3493,-2.9147,-0.1731,-1.0383,2.8378,-0.3807,1.3852,-2.9178
870.00,-0.0850,1.3436,-2.8695,-0.1778,-1.0370,2.8817,-0.3855,1.3840,-2.8739
870.50,-0.0850,1.3385,-2.8257,-0.1819,-1.0359,2.9245,-0.3896,1.3829,-2.8311
871.00,-0.0851,1.3338,-2.7832,-0.1871,-1.0349,2.9665,-0.3945,1.3811,-2.7891
871.50,-0.0851,1.3295,-2.7418,-0.1913,-1.0343,3.0067,-0.3985,1.3796,-2.7489
872.00,-0.0852,1.3258,-2.7016,-0.1947,-1.0339,3.0454,-0.4017,1.3782,-2.7102
872.50,-0.0852,1.3226,-2.6625,-0.1983,-1.0336,3.0834,-0.4049,1.3766,-2.6722
873.00,-0.0852,1.3198,-2.6244,-0.2012,-1.0335,3.1207,-0.4074,1.3753,-2.6349
873.50,-0.0853,1.3175,-2.5873,-0.2040,-1.0334,-3.1262,-0.3821,1.3103,-2.5835
874.00,-0.0853,1.3156,-2.5512,-0.2050,-1.0335,-3.0913,-0.3830,1.3097,-2.5486
874.50,-0.0854,1.3142,-2.5160,-0.2073,-1.0336,-3.0566,-0.3848,1.3084,-2.5139
875.00,-0.0855,1.3133,-2.4817,-0.2082,-1.0337,-3.0234,-0.3855,1.3078,-2.4806
875.50,-0.0855,1.3128,-2.4483,-0.2082,-1.0337,-2.9914,-0.3856,1.3078,-2.4487
876.00,-0.0856,1.3127,-2.4157,-0.2085,-1.0338,-2.9597,-0.3857,1.3077,-2.4170
876.50,-0.0853,1.3128,-2.3827,-0.2080,-1.0337,-2.9284,-0.3854,1.3080,-2.3857
877.00,-0.0852,1.3128,-2.3486,-0.2077,-1.0336,-2.8957,-0.3852,1.3082,-2.3530
877.50,-0.0853,1.3132,-2.3149,-0.2073,-1.0335,-2.8628,-0.3849,1.3085,-2.3200
878.00,-0.0853,1.3134,-2.2823,-0.2070,-1.0334,-2.8311,-0.3847,1.3087,-2.2884
878.50,-0.0851,1.3135,-2.2494,-0.2068,-1.0333,-2.7996,-0.3845,1.3089,-2.2569
879.00,-0.0844,1.3135,-2.2156,-0.2062,-1.0331,-2.7667,-0.3842,1.3094,-2.2239
879.50,-0.0950,1.2944,-2.1312,-0.2226,-1.0403,-2.6901,-0.3945,1.2947,-2.1474
880.00,-0.1212,1.2184,-1.9599,-0.2889,-1.0809,-2.5165,-0.4303,1.2258,-1.9737
880.50,-0.1603,1.0978,-1.9118,-0.3969,-1.1658,-2.4592,-0.4535,1.0837,-1.9014
881.00,-0.2086,0.9886,-2.0167,-0.4948,-1.2404,-2.5561,-0.4813,0.9857,-2.0032
881.50,-0.2651,0.8999,-2.2338,-0.5936,-1.2929,-2.7715,-0.5452,0.8891,-2.2186
882.00,-0.3520,0.8066,-2.4184,-0.7198,-1.3288,-2.9594,-0.6339,0.7963,-2.4047
882.50,-0.4535,0.7290,-2.6188,-0.8551,-1.3402,3.1229,-0.7468,0.7189,-2.6066
883.00,-0.5708,0.6601,-2.8365,-0.9916,-1.3239,2.9058,-0.8533,0.6649,-2.8208
883.50,-0.6977,0.6027,-3.0833,-1.1297,-1.2735,2.6598,-0.9962,0.6190,-3.0681
884.00,-0.8274,0.5825,3.0305,-1.2387,-1.2017,2.4762,-1.1240,0.5856,3.0341
884.50,-0.9562,0.5952,2.9826,-1.3432,-1.1145,2.4236,-1.2685,0.5846,2.9873
885.00,-1.0847,0.6133,3.0397,-1.4439,-1.0277,2.4676,-1.4001,0.6011,3.0348
885.50,-1.2145,0.6226,3.1268,-1.5524,-0.9497,2.5567,-1.5257,0.6088,3.1286
886.00,-1.3445,0.6274,3.0976,-1.6628,-0.8759,2.5310,-1.6631,0.6114,3.1029
886.50,-1.4744,0.6325,3.1035,-1.7746,-0.7972,2.5321,-1.8023,0.6172,3.1052
887.00,-1.6043,0.6325,3.1266,-1.8840,-0.7226,2.5539,-1.9319,0.6210,3.1305
887.50,-1.7343,0.6330,3.1299,-1.9953,-0.6492,2.5560,-2.0615,0.6154,3.1326
888.00,-1.8643,0.6372,3.1178,-2.1083,-0.5729,2.5425,-2.2159,0.6178,3.1225
888.50,-1.9943,0.6377,3.1302,-2.2194,-0.4978,2.5539,-2.3247,0.6205,3.1352
889.00,-2.1243,0.6383,3.1325,-2.3314,-0.4237,2.5555,-2.4648,0.6180,3.1368
889.50,-2.2543,0.6374,-3.1397,-2.4425,-0.3503,2.5633,-2.5976,0.6185,-3.1375
890.00,-2.3843,0.6375,3.1357,-2.5511,-0.2796,2.5562,-2.7273,0.6151,-3.1411
890.50,-2.5143,0.6391,3.1343,-2.6613,-0.2055,2.5505,-2.8569,0.6159,3.1352
891.00,-2.6443,0.6392,3.1348,-2.7700,-0.1332,2.5502,-2.9926,0.6166,3.1396
891.50,-2.7743,0.6375,-3.1352,-2.8819,-0.0586,2.5599,-3.1264,0.6134,-3.1350
892.00,-2.9043,0.6367,3.1345,-2.9924,0.0140,2.5459,-3.2489,0.6128,3.1387
892.50,-3.0342,0.6372,3.1414,-3.0967,0.0853,2.5471,-3.3754,0.6139,3.1412
893.00,-3.1642,0.6329,-3.1285,-3.2106,0.1603,2.5624,-3.5144,0.6096,-3.1209
893.50,-3.2942,0.6335,-3.1391,-3.3233,0.2365,2.5452,-3.6422,0.6056,-3.1393
894.00,-3.4242,0.6294,-3.1201,-3.4332,0.3096,2.5620,-3.7791,0.6042,-3.1202
894.50,-3.5541,0.6217,-3.0875,-3.5440,0.3790,2.5968,-3.9001,0.5955,-3.0819
895.00,-3.6840,0.6176,-3.0972,-3.6577,0.4496,2.5815,-4.0384,0.5869,-3.0967
895.50,-3.8138,0.6101,-3.0894,-3.7710,0.5190,2.5967,-4.1702,0.5819,-3.0797
896.00,-3.9437,0.6085,-3.1186,-3.8794,0.5869,2.5656,-4.2956,0.5760,-3.1142
896.50,-4.0737,0.6085,-3.1303,-3.9917,0.6613,2.5515,-4.4350,0.5770,-3.1283
897.00,-4.2037,0.6068,-3.1302,-4.1008,0.7340,2.5527,-4.5531,0.5752,-3.1248
897.50,-4.3337,0.6070,-3.1382,-4.2096,0.8074,2.5434,-4.6972,0.5734,-3.1362
898.00,-4.4637,0.6051,-3.1279,-4.3196,0.8817,2.5533,-4.8231,0.5763,-3.1256
898.50,-4.5936,0.6041,-3.1321,-4.4292,0.9551,2.5486,-4.9464,0.5745,-3.1289
899.00,-4.7236,0.6054,3.1381,-4.5399,1.0309,2.5336,-5.0882,0.5715,3.1396
899.50,-4.8536,0.6060,3.1396,-4.6488,1.1069,2.5332,-5.2154,0.5739,3.1395
900.00,-4.9836,0.6049,-3.1379,-4.7529,1.1788,2.5384,-5.3371,0.5737,-3.1370
900.50,-5.1136,0.6045,-3.1386,-4.8638,1.2553,2.5370,-5.4716,0.5732,-3.1377
901.00,-5.2436,0.6044,-3.1399,-4.9703,1.3291,2.5346,-5.6010,0.5730,-3.1394
901.50,-5.3736,0.6053,3.1365,-5.0753,1.4024,2.5265,-5.7228,0.5709,3.1370
902.00,-5.5036,0.6056,3.1400,-5.1830,1.4787,2.5291,-5.8630,0.5737,-3.1415
902.50,-5.6336,0.6048,-3.1391,-5.2893,1.5529,2.5331,-5.9884,0.5735,-3.1382
903.00,-5.7636,0.6058,3.1363,-5.3988,1.6299,2.5237,-6.1202,0.5714,3.1368
903.50,-5.8936,0.6063,3.1377,-5.5008,1.7025,2.5233,-6.2417,0.5722,3.1380
904.00,-6.0236,0.6062,3.1405,-5.6055,1.7768,2.5249,-6.3700,0.5726,3.1411
904.50,-6.1536,0.6067,3.1391,-5.7147,1.8546,2.5219,-6.5083,0.5741,3.1394
905.00,-6.2836,0.6060,-3.1413,-5.8202,1.9293,2.5232,-6.6266,0.5699,-3.1411
905.50,-6.4136,0.6089,3.1276,-5.9234,2.0041,2.5069,-6.7733,0.5751,3.1279
906.00,-6.5436,0.6077,-3.1383,-6.0332,2.0837,2.5214,-6.9009,0.5759,-3.1390
906.50,-6.6736,0.6061,-3.1362,-6.1410,2.1599,2.5235,-7.0318,0.5709,-3.1349
907.00,-6.8036,0.6082,3.1363,-6.2507,2.2397,2.5096,-7.1710,0.5720,3.1355
907.50,-6.9336,0.6066,-3.1351,-6.3595,2.3183,2.5214,-7.2992,0.5735,-3.1334
908.00,-7.0636,0.6059,-3.1348,-6.4686,2.3966,2.5194,-7.4257,0.5676,-3.1341
908.50,-7.1936,0.6094,3.0626,-6.5684,2.4718,2.4407,-7.5492,0.5698,3.0739
909.00,-7.3221,0.6218,2.9122,-6.6657,2.5658,2.2934,-7.6903,0.5912,2.9243
909.50,-7.4446,0.6460,2.7053,-6.7386,2.6679,2.0841,-7.8049,0.6236,2.7150
910.00,-7.5552,0.6986,2.5061,-6.7889,2.7810,1.8852,-7.9159,0.6678,2.5172
910.50,-7.6264,0.7613,2.2900,-6.8101,2.8787,1.6674,-7.9978,0.7267,2.3003
911.00,-7.6882,0.8478,2.0613,-6.8087,2.9852,1.4403,-8.0557,0.8135,2.0744
911.50,-7.7417,0.9588,1.8048,-6.7784,3.1031,1.1809,-8.1002,0.9180,1.8162
912.00,-7.7802,1.0873,1.6482,-6.7120,3.2289,1.0127,-8.1370,1.0526,1.6514
912.50,-7.7984,1.2172,1.5270,-6.6339,3.3412,0.8982,-8.1620,1.1856,1.5416
913.00,-7.7982,1.3464,1.4211,-6.5480,3.4346,0.7810,-8.1636,1.3020,1.4226
913.50,-7.7798,1.4749,1.4363,-6.4550,3.5269,0.7921,-8.1508,1.4315,1.4361
914.00,-7.7691,1.6044,1.6100,-6.3674,3.6276,0.9577,-8.1410,1.5645,1.6046
914.50,-7.7716,1.7336,1.7207,-6.3012,3.7377,1.0803,-8.1463,1.6895,1.7301
915.00,-7.7871,1.8625,1.6441,-6.2375,3.8523,1.0145,-8.1564,1.8193,1.6619
915.50,-7.7942,1.9922,1.4367,-6.1548,3.9594,0.8061,-8.1522,1.9561,1.4501
916.00,-7.7801,2.1160,1.3910,-6.0646,4.0457,0.7473,-8.1451,2.0725,1.3878
916.50,-7.7651,2.2295,1.5233,-5.9822,4.1293,0.8718,-8.1387,2.1887,1.5158
917.00,-7.7611,2.3595,1.6053,-5.9025,4.2365,0.9658,-8.1332,2.3202,1.6146
917.50,-7.7605,2.4895,1.5460,-5.8239,4.3441,0.9058,-8.1349,2.4523,1.5498
918.00,-7.7543,2.6194,1.5317,-5.7420,4.4461,0.8892,-8.1301,2.5794,1.5355
918.50,-7.7531,2.7493,1.5544,-5.6590,4.5502,0.9095,-8.1253,2.7113,1.5558
919.00,-7.7525,2.8793,1.5599,-5.5763,4.6577,0.9146,-8.1271,2.8438,1.5632
919.50,-7.7513,3.0093,1.5615,-5.4951,4.7629,0.9147,-8.1264,2.9678,1.5627
920.00,-7.7507,3.1393,1.5645,-5.4165,4.8652,0.9169,-8.1255,3.0967,1.5661
920.50,-7.7506,3.2693,1.5674,-5.3361,4.9704,0.9187,-8.1249,3.2291,1.5697
921.00,-7.7515,3.3993,1.5756,-5.2546,5.0777,0.9261,-8.1252,3.3620,1.5766
921.50,-7.7509,3.5293,1.5701,-5.1750,5.1829,0.9194,-8.1254,3.4896,1.5716
922.00,-7.7510,3.6593,1.5718,-5.0947,5.2880,0.9196,-8.1242,3.6189,1.5729
922.50,-7.7528,3.7893,1.5788,-5.0159,5.3924,0.9260,-8.1248,3.7496,1.5804
923.00,-7.7529,3.9193,1.5743,-4.9358,5.4971,0.9202,-8.1249,3.8814,1.5759
923.50,-7.7495,4.0493,1.5219,-4.8589,5.5948,0.8696,-8.1235,3.9984,1.5270
924.00,-7.7394,4.1789,1.4970,-4.7674,5.6972,0.8377,-8.1146,4.1443,1.4974
924.50,-7.7260,4.3084,1.4413,-4.6753,5.7961,0.7866,-8.1039,4.2685,1.4489
925.00,-7.7050,4.4187,1.3816,-4.5932,5.8728,0.7219,-8.0848,4.3765,1.3849
925.50,-7.6896,4.4685,1.3361,-4.5520,5.9076,0.6742,-8.0722,4.4273,1.3412
926.00,-7.6836,4.4715,1.2915,-4.5444,5.9136,0.6277,-8.0699,4.4367,1.2947
926.50,-7.6785,4.4715,1.2479,-4.5413,5.9158,0.5827,-8.0689,4.4404,1.2496
927.00,-7.6739,4.4716,1.2055,-4.5377,5.9181,0.5392,-8.0675,4.4444,1.2062
927.50,-7.6697,4.4716,1.1644,-4.5338,5.9203,0.4975,-8.0658,4.4486,1.1644
928.00,-7.6661,4.4717,1.1243,-4.5301,5.9222,0.4567,-8.0641,4.4524,1.1236
928.50,-7.6629,4.4717,1.0854,-4.5267,5.9239,0.4169,-8.0624,4.4558,1.0839
929.00,-7.6602,4.4718,1.0475,-4.5234,5.9253,0.3781,-8.0606,4.4589,1.0451
929.50,-7.6580,4.4718,1.0105,-4.5216,5.9259,0.3397,-8.0597,4.4606,1.0066
930.00,-7.6562,4.4719,0.9745,-4.5205,5.9263,0.3026,-8.0590,4.4616,0.9695
930.50,-7.6549,4.4719,0.9395,-4.5190,5.9268,0.2661,-8.0581,4.4629,0.9330
931.00,-7.6540,4.4720,0.9054,-4.5183,5.9269,0.2303,-8.0577,4.4634,0.8973
931.50,-7.6536,4.4720,0.8721,-4.5178,5.9270,0.1951,-8.0574,4.4638,0.8620
932.00,-7.6535,4.4721,0.8396,-4.5176,5.9271,0.1615,-8.0572,4.4640,0.8285
932.50,-7.6536,4.4725,0.8064,-4.5174,5.9271,0.1275,-8.0571,4.4641,0.7944
933.00,-7.6536,4.4727,0.7722,-4.5172,5.9271,0.0925,-8.0569,4.4643,0.7595
933.50,-7.6533,4.4727,0.7387,-4.5171,5.9271,0.0576,-8.0569,4.4643,0.7245
934.00,-7.6533,4.4728,0.7062,-4.5171,5.9271,0.0241,-8.0569,4.4643,0.6911
934.50,-7.6534,4.4724,0.6731,-4.5175,5.9271,-0.0105,-8.0572,4.4641,0.6565
935.00,-7.6534,4.4717,0.6392,-4.5185,5.9272,-0.0455,-8.0580,4.4635,0.6214
935.50,-7.6535,4.4704,0.6044,-4.5195,5.9272,-0.0812,-8.0588,4.4629,0.5858
936.00,-7.6535,4.4688,0.5686,-4.5217,5.9275,-0.1176,-8.0607,4.4617,0.5493
936.50,-7.6536,4.4667,0.5319,-4.5232,5.9277,-0.1548,-8.0620,4.4609,0.5121
937.00,-7.6536,4.4641,0.4942,-4.5258,5.9281,-0.1937,-8.0643,4.4597,0.4733
937.50,-7.6537,4.4610,0.4555,-4.5286,5.9287,-0.2338,-8.0669,4.4584,0.4332
938.00,-7.6537,4.4575,0.4157,-4.5322,5.9296,-0.2748,-8.0703,4.4569,0.3922
938.50,-7.6538,4.4534,0.3748,-4.5354,5.9306,-0.3165,-8.0734,4.4557,0.3505
939.00,-7.6538,4.4489,0.3328,-4.5398,5.9322,-0.3596,-8.0779,4.4542,0.3074
939.50,-7.6538,4.4439,0.2895,-4.5447,5.9341,-0.4036,-8.0829,4.4527,0.2633
940.00,-7.6539,4.4384,0.2449,-4.5506,5.9368,-0.4495,-8.0891,4.4512,0.2175
940.50,-7.6539,4.4325,0.1988,-4.5555,5.9393,-0.4963,-8.0946,4.4501,0.1707
941.00,-7.6539,4.4260,0.1513,-4.5617,5.9428,-0.5447,-8.1017,4.4490,0.1223
941.50,-7.6539,4.4191,0.1021,-4.5672,5.9463,-0.5945,-8.1081,4.4484,0.0724
942.00,-7.6539,4.4116,0.0512,-4.5730,5.9505,-0.6461,-8.1152,4.4480,0.0208
942.50,-7.6539,4.4038,-0.0018,-4.5787,5.9550,-0.7002,-8.0422,4.3738,0.0052
943.00,-7.6539,4.3959,-0.0547,-4.5737,5.9506,-0.7542,-8.0355,4.3737,-0.0489
943.50,-7.6539,4.3885,-0.1055,-4.5681,5.9451,-0.8068,-8.0277,4.3731,-0.1014
944.00,-7.6539,4.3816,-0.1546,-4.5630,5.9395,-0.8569,-8.0202,4.3721,-0.1516
944.50,-7.6539,4.3752,-0.2020,-4.5578,5.9332,-0.9056,-8.0121,4.3707,-0.2003
945.00,-7.6539,4.3692,-0.2479,-4.5544,5.9286,-0.9529,-8.0066,4.3694,-0.2475
945.50,-7.6538,4.3638,-0.2924,-4.5522,5.9253,-0.9989,-8.0027,4.3683,-0.2935
946.00,-7.6538,4.3588,-0.3357,-4.5494,5.9208,-1.0437,-7.9977,4.3667,-0.3384
946.50,-7.6537,4.3544,-0.3776,-4.5472,5.9169,-1.0871,-7.9935,4.3652,-0.3818
947.00,-7.6537,4.3508,-0.4133,-4.5457,5.9138,-1.1266,-7.9903,4.3638,-0.4213
947.50,-7.6537,4.3479,-0.4522,-4.5445,5.9111,-1.1641,-7.9877,4.3626,-0.4588
948.00,-7.6536,4.3447,-0.4910,-4.5433,5.9082,-1.2035,-8.0260,4.3076,-0.4866
948.50,-7.6536,4.3421,-0.5288,-4.5420,5.9047,-1.2424,-8.0227,4.3058,-0.5254
949.00,-7.6535,4.3399,-0.5655,-4.5413,5.9024,-1.2804,-8.0207,4.3046,-0.5634
949.50,-7.6535,4.3382,-0.6014,-4.5408,5.9008,-1.3171,-8.0192,4.3036,-0.6001
950.00,-7.6534,4.3370,-0.6363,-4.5405,5.8995,-1.3530,-8.0181,4.3029,-0.6360
950.50,-7.6534,4.3362,-0.6703,-4.5403,5.8987,-1.3875,-8.0175,4.3024,-0.6705
951.00,-7.6533,4.3358,-0.7035,-4.5403,5.8984,-1.4218,-8.0172,4.3021,-0.7048
951.50,-7.6532,4.3358,-0.7360,-4.5403,5.8983,-1.4557,-8.0171,4.3021,-0.7387
952.00,-7.6528,4.3359,-0.7693,-4.5402,5.8981,-1.4904,-8.0170,4.3020,-0.7734
952.50,-7.6527,4.3359,-0.8035,-4.5402,5.8980,-1.5256,-8.0170,4.3019,-0.8086
953.00,-7.6526,4.3356,-0.8368,-4.5402,5.8976,-1.5598,-8.0167,4.3016,-0.8428
953.50,-7.6526,4.3356,-0.8693,-4.5402,5.8976,-1.5932,-8.0167,4.3016,-0.8762
954.00,-7.6530,4.3356,-0.9025,-4.5402,5.8977,-1.6274,-8.0168,4.3017,-0.9104
954.50,-7.6538,4.3357,-0.9366,-4.5402,5.8986,-1.6626,-8.0173,4.3024,-0.9456
955.00,-7.6551,4.3357,-0.9715,-4.5401,5.8995,-1.6984,-8.0178,4.3031,-0.9815
955.50,-7.6568,4.3358,-1.0074,-4.5398,5.9013,-1.7347,-8.0188,4.3046,-1.0177
956.00,-7.6590,4.3359,-1.0443,-4.5394,5.9032,-1.7725,-8.0198,4.3063,-1.0556
956.50,-7.6617,4.3359,-1.0821,-4.5389,5.9055,-1.8111,-8.0209,4.3084,-1.0941
957.00,-7.6648,4.3359,-1.1210,-4.5382,5.9084,-1.8514,-8.0222,4.3111,-1.1344
957.50,-7.6684,4.3360,-1.1609,-4.5368,5.9129,-1.8923,-8.0242,4.3154,-1.1753
958.00,-7.6725,4.3360,-1.2020,-4.5356,5.9161,-1.9346,-8.0254,4.3185,-1.2176
958.50,-7.6771,4.3361,-1.2442,-4.5341,5.9200,-1.9783,-8.0268,4.3225,-1.2613
959.00,-7.6822,4.3361,-1.2877,-4.5315,5.9257,-2.0230,-8.0285,4.3285,-1.3060
959.50,-7.6876,4.3186,-1.3818,-4.5387,5.9125,-2.1105,-8.0254,4.3139,-1.3935
960.00,-7.7004,4.2400,-1.5471,-4.5876,5.8472,-2.2842,-8.0193,4.2325,-1.5672
960.50,-7.7025,4.1130,-1.5575,-4.6769,5.7486,-2.3063,-8.0732,4.0761,-1.5614
961.00,-7.6949,3.9833,-1.4796,-4.7585,5.6502,-2.2259,-8.0710,3.9483,-1.4786
961.50,-7.6874,3.8535,-1.5668,-4.8432,5.5453,-2.3062,-8.0617,3.8138,-1.5590
962.00,-7.6896,3.7236,-1.6174,-4.9423,5.4445,-2.3672,-8.0658,3.6787,-1.6199
962.50,-7.6956,3.5938,-1.6170,-5.0403,5.3485,-2.3668,-8.0685,3.5532,-1.6143
963.00,-7.6972,3.4638,-1.5932,-5.1295,5.2598,-2.3467,-8.0731,3.4336,-1.5942
963.50,-7.6977,3.3339,-1.5842,-5.2194,5.1666,-2.3349,-8.0722,3.3000,-1.5801
964.00,-7.7012,3.2039,-1.5939,-5.3108,5.0721,-2.3452,-8.0712,3.1715,-1.5893
964.50,-7.7037,3.0739,-1.5874,-5.3976,4.9836,-2.3430,-8.0765,3.0475,-1.5882
965.00,-7.7023,2.9439,-1.5691,-5.4899,4.8873,-2.3262,-8.0778,2.9140,-1.5691
965.50,-7.7018,2.8139,-1.5741,-5.5793,4.7919,-2.3281,-8.0736,2.7793,-1.5692
966.00,-7.7045,2.6839,-1.5833,-5.6739,4.6937,-2.3420,-8.0749,2.6461,-1.5820
966.50,-7.7033,2.5539,-1.5680,-5.7678,4.5960,-2.3284,-8.0768,2.5206,-1.5661
967.00,-7.7037,2.4239,-1.5717,-5.8609,4.4980,-2.3316,-8.0767,2.3883,-1.5681
967.50,-7.7064,2.2939,-1.5838,-5.9504,4.4053,-2.3453,-8.0788,2.2610,-1.5818
968.00,-7.7100,2.1640,-1.5896,-6.0418,4.3129,-2.3544,-8.0806,2.1332,-1.5887
968.50,-7.7092,2.0340,-1.5729,-6.1278,4.2245,-2.3364,-8.0826,2.0068,-1.5690
969.00,-7.7142,1.9040,-1.6018,-6.2199,4.1310,-2.3642,-8.0754,1.8758,-1.5942
969.50,-7.7173,1.7740,-1.5945,-6.3141,4.0381,-2.3585,-8.0863,1.7433,-1.5910
970.00,-7.7226,1.6441,-1.6080,-6.4119,3.9418,-2.3764,-8.0913,1.6051,-1.6072
970.50,-7.7303,1.5142,-1.6281,-6.5084,3.8505,-2.3986,-8.0991,1.4823,-1.6255
971.00,-7.7438,1.3846,-1.6806,-6.6075,3.7624,-2.4511,-8.1086,1.3501,-1.6763
971.50,-7.7591,1.2555,-1.6595,-6.7070,3.6819,-2.4433,-8.1286,1.2271,-1.6640
972.00,-7.7657,1.1257,-1.4591,-6.8008,3.5892,-2.2540,-8.1304,1.0875,-1.4713
972.50,-7.7610,0.9993,-1.2276,-6.8672,3.4861,-2.0228,-8.1163,0.9752,-1.2331
973.00,-7.7240,0.8837,-1.0130,-6.9093,3.3692,-1.8120,-8.0832,0.8529,-1.0209
973.50,-7.6698,0.8091,-0.7933,-6.9228,3.2760,-1.5923,-8.0452,0.7777,-0.7986
974.00,-7.6045,0.7575,-0.5732,-6.9155,3.1925,-1.3737,-7.9767,0.7244,-0.5800
974.50,-7.4936,0.7124,-0.3908,-6.8804,3.0775,-1.1842,-7.8729,0.6688,-0.3905
975.00,-7.3716,0.6752,-0.3045,-6.8279,2.9630,-1.0985,-7.7507,0.6337,-0.3048
975.50,-7.2456,0.6464,-0.1847,-6.7649,2.8561,-0.9782,-7.6244,0.6087,-0.1862
976.00,-7.1168,0.6268,-0.0901,-6.6870,2.7520,-0.8824,-7.4882,0.5945,-0.0916
976.50,-6.9871,0.6166,-0.0611,-6.6048,2.6556,-0.8538,-7.3604,0.5816,-0.0607
977.00,-6.8573,0.6154,-0.0261,-6.5162,2.5571,-0.8197,-7.2209,0.5744,-0.0269
977.50,-6.7273,0.6136,-0.0210,-6.4261,2.4619,-0.8135,-7.0876,0.5781,-0.0178
978.00,-6.5973,0.6102,-0.0245,-6.3368,2.3671,-0.8175,-6.9607,0.5769,-0.0224
978.50,-6.4674,0.6090,-0.0146,-6.2438,2.2686,-0.8098,-6.8284,0.5732,-0.0143
979.00,-6.3374,0.6097,-0.0029,-6.1530,2.1744,-0.7983,-6.6993,0.5748,-0.0021
979.50,-6.2074,0.6077,-0.0108,-6.0636,2.0820,-0.8065,-6.5740,0.5729,-0.0087
980.00,-6.0774,0.6079,-0.0024,-5.9710,1.9858,-0.8000,-6.4442,0.5728,-0.0017
980.50,-5.9474,0.6072,-0.0052,-5.8783,1.8903,-0.8032,-6.3110,0.5741,-0.0027
981.00,-5.8174,0.6061,-0.0069,-5.7861,1.7943,-0.8063,-6.1832,0.5734,-0.0057
981.50,-5.6901,0.6058,-0.0040,-5.6918,1.6961,-0.8040,-6.0476,0.5728,-0.0028
982.00,-5.5632,0.6057,-0.0025,-5.6038,1.6048,-0.8038,-5.9268,0.5725,-0.0008
982.50,-5.4332,0.6055,-0.0016,-5.5102,1.5078,-0.8037,-5.8029,0.5724,0.0005
983.00,-5.3032,0.6054,-0.0010,-5.4183,1.4122,-0.8050,-5.6727,0.5723,-0.0004
983.50,-5.1732,0.6054,-0.0008,-5.3263,1.3165,-0.8063,-5.5476,0.5722,0.0013
984.00,-5.0432,0.6053,-0.0007,-5.2363,1.2225,-0.8078,-5.4171,0.5723,-0.0001
984.50,-4.9132,0.6053,-0.0001,-5.1462,1.1283,-0.8082,-5.2895,0.5722,0.0012
985.00,-4.7832,0.6052,-0.0007,-5.0567,1.0345,-0.8100,-5.1573,0.5722,0.0011
985.50,-4.6532,0.6049,-0.0014,-4.9651,0.9381,-0.8118,-5.0265,0.5721,0.0011
986.00,-4.5232,0.6048,-0.0015,-4.8704,0.8382,-0.8126,-4.8931,0.5721,0.0018
986.50,-4.3932,0.6045,-0.0017,-4.7789,0.7414,-0.8143,-4.7609,0.5721,0.0010
987.00,-4.2632,0.6043,-0.0018,-4.6913,0.6484,-0.8155,-4.6401,0.5722,0.0013
987.50,-4.1332,0.6038,-0.0029,-4.5965,0.5476,-0.8173,-4.4989,0.5724,-0.0004
988.00,-4.0032,0.6035,-0.0027,-4.5050,0.4499,-0.8183,-4.3717,0.5722,0.0006
