t,gt_x,gt_y,gt_yaw,odom_x,odom_y,odom_yaw,slam_x,slam_y,slam_yaw
53.50,-0.0000,0.0000,0.0000,0.0000,0.0000,0.0727,,,
54.00,-0.0000,0.0000,0.0000,0.0000,0.0000,0.0741,0.0000,0.0000,0.0741
54.50,-0.0000,0.0000,0.0000,0.0000,0.0000,0.0752,0.0000,0.0000,0.0752
55.00,-0.0000,0.0000,0.0000,0.0000,0.0000,0.0758,0.0000,0.0000,0.0758
55.50,-0.0000,0.0000,0.0000,0.0000,0.0000,0.0770,0.0000,0.0000,0.0770
56.00,-0.0000,0.0000,0.0000,0.0000,0.0000,0.0779,0.0000,0.0000,0.0779
56.50,-0.0000,0.0000,0.0000,0.0000,0.0000,0.0791,0.0000,0.0000,0.0791
57.00,-0.0000,0.0000,0.0000,0.0000,0.0000,0.0800,0.0000,0.0000,0.0800
57.50,-0.0000,0.0000,0.0000,0.0000,0.0000,0.0810,0.0000,0.0000,0.0810
58.00,-0.0000,0.0000,0.0000,0.0000,0.0000,0.0821,0.0000,0.0000,0.0821
58.50,-0.0000,0.0000,0.0000,0.0000,0.0000,0.0833,0.0000,0.0000,0.0833
59.00,-0.0000,0.0000,0.0000,0.0000,0.0000,0.0844,0.0000,0.0000,0.0844
59.50,-0.0000,0.0000,0.0000,0.0000,0.0000,0.0860,0.0000,0.0000,0.0860
60.00,-0.0000,0.0000,0.0000,0.0000,0.0000,0.0866,0.0000,0.0000,0.0866
60.50,-0.0000,0.0000,0.0000,0.0000,0.0000,0.0879,0.0000,0.0000,0.0879
61.00,-0.0000,0.0000,0.0000,0.0000,0.0000,0.0891,0.0000,0.0000,0.0891
61.50,-0.0000,0.0000,0.0000,0.0000,0.0000,0.0906,0.0000,0.0000,0.0906
62.00,0.0130,-0.0000,-0.0000,0.0094,0.0009,0.0918,0.0094,0.0009,0.0918
62.50,0.0730,-0.0000,-0.0000,0.0690,0.0064,0.0924,0.0690,0.0064,0.0924
63.00,0.1330,-0.0000,-0.0000,0.1328,0.0123,0.0933,0.0664,0.0003,0.0235
63.50,0.1930,-0.0000,-0.0000,0.1915,0.0178,0.0942,0.0613,0.0017,0.0244
64.00,0.2530,-0.0000,-0.0000,0.2533,0.0237,0.0959,0.1234,0.0033,0.0261
64.50,0.3130,-0.0000,-0.0000,0.3127,0.0294,0.0967,0.1130,0.0054,0.0234
65.00,0.3730,-0.0000,-0.0000,0.3753,0.0355,0.0971,0.1239,0.0068,0.0238
65.50,0.4330,-0.0000,-0.0000,0.4349,0.0414,0.0980,0.1557,0.0083,0.0247
66.00,0.4930,-0.0000,-0.0000,0.4999,0.0478,0.0992,0.1410,0.0100,0.0259
66.50,0.5530,-0.0000,-0.0000,0.5641,0.0542,0.1000,0.1655,0.0016,0.0267
67.00,0.6130,-0.0000,-0.0000,0.6281,0.0607,0.1011,0.1899,0.0034,0.0278
67.50,0.6730,-0.0000,-0.0000,0.6885,0.0668,0.1021,0.2305,0.0057,0.0253
68.00,0.7330,-0.0000,-0.0000,0.7487,0.0730,0.1031,0.2910,0.0072,0.0263
68.50,0.7930,-0.0000,-0.0000,0.8127,0.0797,0.1041,0.3153,0.0094,0.0238
69.00,0.8530,-0.0000,-0.0000,0.8721,0.0859,0.1046,0.3255,0.0108,0.0243
69.50,0.9130,-0.0000,-0.0000,0.9303,0.0920,0.1063,0.3735,0.0123,0.0260
70.00,0.9730,-0.0000,-0.0000,0.9866,0.0981,0.1069,0.4201,0.0143,0.0231
70.50,1.0330,-0.0000,-0.0000,1.0441,0.1043,0.1084,0.4780,0.0157,0.0247
71.00,1.0930,-0.0000,-0.0000,1.1050,0.1109,0.1088,0.5191,0.0177,0.0216
71.50,1.1530,-0.0000,-0.0000,1.1670,0.1178,0.1102,0.5715,0.0190,0.0230
72.00,1.2130,-0.0000,-0.0000,1.2275,0.1245,0.1109,0.6324,0.0205,0.0237
72.50,1.2253,-0.0000,-0.0000,1.2396,0.1258,0.1122,0.6345,0.0214,0.0215
73.00,1.2253,-0.0000,-0.0000,1.2396,0.1258,0.1125,0.6345,0.0214,0.0218
73.50,1.2253,-0.0000,-0.0000,1.2396,0.1258,0.1134,0.6345,0.0214,0.0227
74.00,1.2253,-0.0000,-0.0000,1.2396,0.1258,0.1145,0.6345,0.0214,0.0238
74.50,1.2253,-0.0000,-0.0000,1.2396,0.1258,0.1156,0.6345,0.0214,0.0249
75.00,1.2253,-0.0000,-0.0000,1.2396,0.1258,0.1163,0.6345,0.0214,0.0256
75.50,1.2253,-0.0000,-0.0000,1.2396,0.1258,0.1174,0.6345,0.0214,0.0267
76.00,1.2253,-0.0000,-0.0000,1.2396,0.1258,0.1187,0.6345,0.0214,0.0280
76.50,1.2253,-0.0000,-0.0000,1.2396,0.1258,0.1203,0.6345,0.0214,0.0295
77.00,1.2253,-0.0000,-0.0000,1.2396,0.1258,0.1215,0.6345,0.0214,0.0307
77.50,1.2253,-0.0000,-0.0000,1.2396,0.1258,0.1228,0.6345,0.0214,0.0321
78.00,1.2253,-0.0000,-0.0000,1.2396,0.1258,0.1241,0.6345,0.0214,0.0333
78.50,1.2253,-0.0000,-0.0000,1.2396,0.1258,0.1251,0.6345,0.0214,0.0344
79.00,1.2253,-0.0000,-0.0000,1.2396,0.1258,0.1264,0.6345,0.0214,0.0356
79.50,1.2253,-0.0000,-0.0000,1.2396,0.1258,0.1276,0.6345,0.0214,0.0369
80.00,1.2253,-0.0000,-0.0000,1.2396,0.1258,0.1290,0.6345,0.0214,0.0383
80.50,1.2253,0.0002,0.0070,1.2398,0.1259,0.1346,0.6347,0.0214,0.0439
81.00,1.2253,0.0060,0.0596,1.2457,0.1268,0.1889,0.6407,0.0218,0.0982
81.50,1.2253,0.0133,0.1103,1.2545,0.1288,0.2401,0.6497,0.0229,0.1494
82.00,1.2253,0.0202,0.1592,1.2613,0.1306,0.2905,0.6566,0.0242,0.1997
82.50,1.2254,0.0266,0.2065,1.2688,0.1330,0.3389,0.6638,0.0346,0.2368
83.00,1.2254,0.0325,0.2523,1.2756,0.1356,0.3859,0.6706,0.0411,0.2777
83.50,1.2254,0.0379,0.2967,1.2811,0.1379,0.4314,0.6763,0.0428,0.3232
84.00,1.2255,0.0428,0.3398,1.2859,0.1403,0.4757,0.6813,0.0446,0.3675
84.50,1.2255,0.0472,0.3816,1.2901,0.1426,0.5189,0.6857,0.0464,0.4107
85.00,1.2255,0.0512,0.4223,1.2934,0.1446,0.5609,0.6893,0.0481,0.4527
85.50,1.2256,0.0546,0.4619,1.2955,0.1459,0.6016,0.6915,0.0492,0.4934
86.00,1.2256,0.0576,0.5005,1.2982,0.1478,0.6412,0.6943,0.0508,0.5330
86.50,1.2257,0.0601,0.5380,1.2998,0.1491,0.6796,0.6961,0.0519,0.5714
87.00,1.2257,0.0622,0.5746,1.3015,0.1506,0.7170,0.6980,0.0532,0.6088
87.50,1.2258,0.0638,0.6102,1.3029,0.1518,0.7538,0.6994,0.0542,0.6456
88.00,1.2258,0.0649,0.6449,1.3040,0.1528,0.7901,0.7006,0.0551,0.6819
88.50,1.2259,0.0656,0.6787,1.3043,0.1532,0.8251,0.7010,0.0554,0.7169
89.00,1.2260,0.0659,0.7116,1.3047,0.1536,0.8588,0.6997,0.0880,0.7367
89.50,1.2259,0.0658,0.7442,1.3047,0.1536,0.8922,0.6996,0.0880,0.7701
90.00,1.2256,0.0658,0.7778,1.3044,0.1533,0.9269,0.6993,0.0877,0.8047
90.50,1.2257,0.0656,0.8119,1.3046,0.1536,0.9621,0.6996,0.0879,0.8399
91.00,1.2257,0.0652,0.8449,1.3043,0.1531,0.9966,0.6992,0.0875,0.8745
91.50,1.2256,0.0651,0.8775,1.3043,0.1531,1.0304,0.6992,0.0875,0.9083
92.00,1.2251,0.0651,0.9109,1.3041,0.1528,1.0648,0.6990,0.0872,0.9426
92.50,1.2242,0.0650,0.9452,1.3035,0.1516,1.1002,0.6982,0.0861,0.9780
93.00,1.2228,0.0650,0.9804,1.3029,0.1503,1.1361,0.6974,0.0849,1.0139
93.50,1.2210,0.0649,1.0165,1.3022,0.1487,1.1729,0.6965,0.0834,1.0508
94.00,1.2187,0.0649,1.0536,1.3012,0.1462,1.2109,0.6953,0.0811,1.0888
94.50,1.2159,0.0648,1.0917,1.2998,0.1424,1.2496,0.6935,0.0774,1.1275
95.00,1.2126,0.0648,1.1308,1.2990,0.1396,1.2903,0.6923,0.0748,1.1682
95.50,1.2089,0.0647,1.1711,1.2979,0.1356,1.3312,0.6907,0.0709,1.2091
96.00,1.2047,0.0647,1.2124,1.2969,0.1313,1.3737,0.6892,0.0667,1.2516
96.50,1.2000,0.0646,1.2549,1.2962,0.1271,1.4168,0.6880,0.0627,1.2947
97.00,1.1948,0.0646,1.2988,1.2956,0.1223,1.4616,0.6868,0.0580,1.3394
97.50,1.1891,0.0646,1.3439,1.2950,0.1166,1.5081,0.6856,0.0524,1.3859
98.00,1.1829,0.0646,1.3905,1.2948,0.1098,1.5559,0.6845,0.0457,1.4337
98.50,1.1763,0.0645,1.4387,1.2949,0.1025,1.6048,0.6194,0.0790,1.4617
99.00,1.1692,0.0645,1.4885,1.2953,0.0952,1.6558,0.6188,0.0718,1.5127
99.50,1.1616,0.0645,1.5403,1.2961,0.0879,1.7090,0.6186,0.0644,1.5659
100.00,1.1536,0.0645,1.5937,1.2965,0.0851,1.7637,0.6185,0.0616,1.6206
100.50,1.1463,0.0645,1.6428,1.2950,0.0921,1.8167,0.6180,0.0688,1.6736
101.00,1.1433,0.0645,1.6803,1.2941,0.0954,1.8544,0.6176,0.0722,1.7114
101.50,1.1364,0.0645,1.7292,1.2920,0.1017,1.9046,0.6165,0.0787,1.7615
102.00,1.1300,0.0646,1.7765,1.2898,0.1076,1.9530,0.6151,0.0848,1.8100
102.50,1.1241,0.0646,1.8223,1.2874,0.1132,2.0002,0.6135,0.0907,1.8571
103.00,1.1187,0.0646,1.8668,1.2849,0.1185,2.0456,0.6118,0.0963,1.9025
103.50,1.1138,0.0647,1.9099,1.2823,0.1232,2.0894,0.6099,0.1014,1.9463
104.00,1.1094,0.0647,1.9518,1.2804,0.1265,2.1313,0.6084,0.1049,1.9882
104.50,1.1054,0.0647,1.9925,1.2780,0.1301,2.1730,0.6066,0.1088,2.0299
105.00,1.1019,0.0648,2.0321,1.2763,0.1325,2.2137,0.6053,0.1114,2.0706
105.50,1.0989,0.0648,2.0707,1.2746,0.1347,2.2535,0.6039,0.1138,2.1104
106.00,1.0964,0.0649,2.1082,1.2734,0.1361,2.2918,0.6029,0.1153,2.1487
106.50,1.0846,0.0844,2.1937,1.2593,0.1508,2.3725,0.5911,0.1319,2.2294
107.00,1.0306,0.1494,2.3335,1.1953,0.2033,2.5179,0.4535,0.1620,2.3574
107.50,0.9396,0.2403,2.3583,1.0921,0.2733,2.5521,0.3928,0.2475,2.3881
108.00,0.8490,0.3338,2.3185,0.9829,0.3492,2.5138,0.2772,0.3400,2.3463
108.50,0.7649,0.4331,2.2196,0.8755,0.4344,2.4191,0.1855,0.4419,2.2516
109.00,0.6945,0.5301,2.1868,0.7871,0.5167,2.3813,0.1118,0.5376,2.2103
109.50,0.6414,0.6039,2.2156,0.7196,0.5802,2.4068,0.0562,0.6117,2.2393
110.00,0.5653,0.6931,2.3622,0.6293,0.6527,2.5463,0.0351,0.6875,2.3735
110.50,0.4734,0.7644,2.5661,0.5264,0.7070,2.7549,-0.0383,0.7692,2.5857
111.00,0.3646,0.8269,2.6724,0.4064,0.7468,2.8710,-0.1257,0.8194,2.7017
111.50,0.2951,0.8638,2.6538,0.3184,0.7708,2.8584,-0.2343,0.8582,2.6822
112.00,0.2797,0.8746,2.6161,0.2955,0.7776,2.8212,-0.2175,0.8681,2.6449
112.50,0.2797,0.8768,2.5792,0.2935,0.7784,2.7858,-0.2194,0.8692,2.6095
113.00,0.2796,0.8785,2.5433,0.2923,0.7788,2.7510,-0.2204,0.8699,2.5747
113.50,0.2796,0.8798,2.5083,0.2908,0.7795,2.7167,-0.2218,0.8708,2.5404
114.00,0.2795,0.8807,2.4742,0.2901,0.7798,2.6838,-0.2224,0.8712,2.5075
114.50,0.2795,0.8811,2.4410,0.2897,0.7800,2.6515,-0.2228,0.8715,2.4753
115.00,0.2794,0.8811,2.4085,0.2895,0.7801,2.6203,-0.2229,0.8716,2.4441
115.50,0.2789,0.8810,2.3752,0.2892,0.7802,2.5879,-0.2232,0.8718,2.4117
116.00,0.2788,0.8810,2.3410,0.2891,0.7803,2.5543,-0.2233,0.8719,2.3781
116.50,0.2787,0.8813,2.3076,0.2888,0.7805,2.5221,-0.2236,0.8722,2.3458
117.00,0.2787,0.8813,2.2751,0.2888,0.7806,2.4905,-0.2236,0.8722,2.3142
117.50,0.2791,0.8813,2.2420,0.2892,0.7802,2.4580,-0.2233,0.8718,2.2817
118.00,0.2799,0.8812,2.2080,0.2902,0.7794,2.4247,-0.2224,0.8708,2.2485
118.50,0.2811,0.8812,2.1731,0.2913,0.7784,2.3907,-0.2215,0.8696,2.2144
119.00,0.2828,0.8811,2.1373,0.2924,0.7773,2.3556,-0.2206,0.8683,2.1794
119.50,0.2850,0.8811,2.1005,0.2943,0.7753,2.3197,-0.2191,0.8661,2.1435
120.00,0.2876,0.8810,2.0628,0.2963,0.7731,2.2825,-0.2175,0.8636,2.1063
120.50,0.2891,0.8849,2.0167,0.2950,0.7747,2.2382,-0.2185,0.8653,2.0619
121.00,0.2731,0.9349,1.9466,0.2628,0.8186,2.1723,-0.2425,0.9142,1.9960
121.50,0.2515,1.0437,1.8105,0.2088,0.9095,2.0376,-0.2422,1.0282,1.8422
122.00,0.2306,1.1710,1.7658,0.1534,1.0308,1.9885,-0.2544,1.1696,1.7901
122.50,0.2098,1.2987,1.6607,0.1034,1.1540,1.8962,-0.2826,1.2938,1.6990
123.00,0.1971,1.3950,1.5008,0.0792,1.2538,1.7281,-0.2770,1.3863,1.5275
123.50,0.1978,1.4290,1.4516,0.0737,1.2939,1.6777,-0.2948,1.4267,1.4735
124.00,0.2042,1.4291,1.4031,0.0730,1.3013,1.6298,-0.2940,1.4340,1.4257
124.50,0.2105,1.4292,1.3561,0.0727,1.3075,1.5844,-0.2930,1.4337,1.3802
125.00,0.2199,1.4517,1.2521,0.0734,1.3285,1.4852,-0.2880,1.4506,1.2810
125.50,0.2444,1.5315,1.1500,0.0858,1.4110,1.3773,-0.2592,1.5289,1.1732
126.00,0.2963,1.6472,1.0907,0.1139,1.5335,1.3185,-0.2033,1.6431,1.1178
126.50,0.3529,1.7484,1.0430,0.1487,1.6543,1.2689,-0.1385,1.7545,1.0682
127.00,0.3813,1.7972,1.0430,0.1667,1.7118,1.2700,-0.1197,1.7975,1.0658
127.50,0.3794,1.7939,1.0430,0.1665,1.7109,1.2708,-0.1201,1.7967,1.0667
128.00,0.3693,1.7766,1.0430,0.1602,1.6906,1.2712,-0.1304,1.7780,1.0670
128.50,0.3593,1.7593,1.0430,0.1538,1.6699,1.2719,-0.1409,1.7591,1.0677
129.00,0.3492,1.7421,1.0430,0.1477,1.6503,1.2724,-0.1508,1.7411,1.0683
129.50,0.3391,1.7248,1.0430,0.1419,1.6312,1.2735,-0.1604,1.7236,1.0694
130.00,0.3290,1.7075,1.0430,0.1359,1.6115,1.2743,-0.1703,1.7055,1.0701
130.50,0.3190,1.6902,1.0430,0.1302,1.5930,1.2751,-0.1796,1.6885,1.0710
131.00,0.3089,1.6729,1.0430,0.1235,1.5708,1.2766,-0.1813,1.6786,1.0690
131.50,0.2988,1.6557,1.0430,0.1175,1.5510,1.2775,-0.1913,1.6604,1.0699
132.00,0.2888,1.6384,1.0430,0.1119,1.5325,1.2787,-0.2006,1.6435,1.0710
132.50,0.2787,1.6211,1.0430,0.1062,1.5135,1.2800,-0.2101,1.6260,1.0724
133.00,0.2686,1.6038,1.0430,0.1009,1.4958,1.2815,-0.2189,1.6098,1.0739
133.50,0.2585,1.5866,1.0430,0.0954,1.4771,1.2825,-0.2295,1.5834,1.0679
134.00,0.2485,1.5693,1.0430,0.0889,1.4552,1.2839,-0.2405,1.5634,1.0693
134.50,0.2384,1.5520,1.0430,0.0833,1.4362,1.2851,-0.2500,1.5460,1.0704
135.00,0.2283,1.5347,1.0430,0.0781,1.4184,1.2860,-0.2589,1.5297,1.0713
135.50,0.2182,1.5174,1.0430,0.0726,1.3997,1.2869,-0.2687,1.5193,1.0700
136.00,0.2082,1.5002,1.0430,0.0667,1.3795,1.2877,-0.2790,1.5046,1.0696
136.50,0.2032,1.4917,1.0430,0.0634,1.3679,1.2891,-0.2848,1.4940,1.0710
137.00,0.2032,1.4917,1.0430,0.0634,1.3679,1.2902,-0.2848,1.4940,1.0721
137.50,0.2032,1.4917,1.0430,0.0634,1.3679,1.2914,-0.2848,1.4940,1.0732
138.00,0.2032,1.4917,1.0430,0.0634,1.3679,1.2922,-0.2848,1.4940,1.0741
138.50,0.2032,1.4917,1.0430,0.0634,1.3679,1.2934,-0.2848,1.4940,1.0753
139.00,0.2020,1.4916,1.0748,0.0630,1.3665,1.3211,-0.2855,1.4926,1.1030
139.50,0.1934,1.4915,1.2439,0.0615,1.3581,1.4840,-0.2901,1.4854,1.2589
140.00,0.1761,1.4913,1.4756,0.0619,1.3409,1.7148,-0.2935,1.4685,1.4897
140.50,0.1513,1.4913,1.7089,0.0604,1.3419,1.9544,-0.2947,1.4699,1.7293
141.00,0.1429,1.4914,1.7706,0.0566,1.3503,2.0268,-0.2965,1.4789,1.8017
141.50,0.1429,1.4914,1.7706,0.0566,1.3503,2.0277,-0.2965,1.4789,1.8026
142.00,0.1449,1.4814,1.7706,0.0610,1.3413,2.0291,-0.2943,1.4691,1.8040
142.50,0.1489,1.4618,1.7706,0.0697,1.3237,2.0305,-0.2897,1.4500,1.8054
143.00,0.1528,1.4422,1.7706,0.0781,1.3068,2.0314,-0.3268,1.4413,1.7993
143.50,0.1568,1.4226,1.7706,0.0864,1.2901,2.0326,-0.3225,1.4231,1.8005
144.00,0.1608,1.4030,1.7706,0.0962,1.2704,2.0339,-0.3175,1.4017,1.8018
144.50,0.1647,1.3834,1.7706,0.1041,1.2546,2.0352,-0.3134,1.3845,1.8031
145.00,0.1687,1.3638,1.7706,0.1127,1.2375,2.0360,-0.3091,1.3659,1.8039
145.50,0.1727,1.3442,1.7706,0.1214,1.2201,2.0371,-0.3068,1.3465,1.7945
146.00,0.1767,1.3246,1.7706,0.1317,1.1996,2.0373,-0.3017,1.3241,1.7947
146.50,0.1806,1.3050,1.7706,0.1414,1.1805,2.0385,-0.2969,1.3032,1.7960
147.00,0.1846,1.2854,1.7706,0.1507,1.1621,2.0397,-0.2923,1.2832,1.7972
147.50,0.1886,1.2658,1.7706,0.1600,1.1438,2.0407,-0.2946,1.2631,1.7959
148.00,0.1925,1.2462,1.7706,0.1696,1.1249,2.0416,-0.2937,1.2423,1.7956
148.50,0.1937,1.2404,1.7706,0.1727,1.1189,2.0429,-0.2922,1.2357,1.7968
149.00,0.1937,1.2404,1.7706,0.1727,1.1189,2.0437,-0.2922,1.2357,1.7977
149.50,0.1937,1.2404,1.7706,0.1727,1.1189,2.0448,-0.2922,1.2357,1.7987
150.00,0.1937,1.2404,1.7706,0.1727,1.1189,2.0456,-0.2922,1.2357,1.7995
150.50,0.1937,1.2404,1.7706,0.1727,1.1189,2.0457,-0.2922,1.2357,1.7997
151.00,0.1937,1.2404,1.7706,0.1727,1.1189,2.0466,-0.2922,1.2357,1.8006
151.50,0.1937,1.2404,1.7706,0.1727,1.1189,2.0475,-0.2922,1.2357,1.8014
152.00,0.1937,1.2404,1.7706,0.1727,1.1189,2.0488,-0.2922,1.2357,1.8027
152.50,0.1937,1.2404,1.7706,0.1727,1.1189,2.0502,-0.2922,1.2357,1.8041
153.00,0.1937,1.2404,1.7706,0.1727,1.1189,2.0510,-0.2922,1.2357,1.8050
153.50,0.1937,1.2404,1.7706,0.1727,1.1189,2.0525,-0.2922,1.2357,1.8065
154.00,0.1937,1.2404,1.7706,0.1727,1.1189,2.0534,-0.2922,1.2357,1.8074
154.50,0.1937,1.2404,1.7706,0.1727,1.1189,2.0545,-0.2922,1.2357,1.8084
155.00,0.1937,1.2404,1.7706,0.1727,1.1189,2.0556,-0.2922,1.2357,1.8095
155.50,0.1935,1.2404,1.7767,0.1726,1.1189,2.0604,-0.2922,1.2358,1.8143
156.00,0.1885,1.2405,1.8225,0.1702,1.1233,2.1080,-0.2935,1.2406,1.8620
156.50,0.1831,1.2405,1.8669,0.1674,1.1277,2.1538,-0.2951,1.2456,1.9078
157.00,0.1782,1.2405,1.9101,0.1646,1.1317,2.1978,-0.2968,1.2502,1.9517
157.50,0.1738,1.2406,1.9519,0.1619,1.1354,2.2411,-0.2986,1.2543,1.9950
158.00,0.1698,1.2406,1.9927,0.1591,1.1387,2.2832,-0.3004,1.2583,2.0371
158.50,0.1664,1.2407,2.0323,0.1571,1.1410,2.3238,-0.3019,1.2609,2.0778
159.00,0.1634,1.2407,2.0708,0.1547,1.1435,2.3635,-0.3036,1.2639,2.1175
159.50,0.1608,1.2408,2.1084,0.1526,1.1454,2.4016,-0.3051,1.2663,2.1556
160.00,0.1588,1.2408,2.1449,0.1508,1.1470,2.4392,-0.3065,1.2683,2.1931
160.50,0.1572,1.2409,2.1806,0.1494,1.1481,2.4757,-0.3076,1.2698,2.2297
161.00,0.1560,1.2409,2.2153,0.1481,1.1491,2.5110,-0.3086,1.2710,2.2649
161.50,0.1553,1.2410,2.2491,0.1474,1.1497,2.5458,-0.3092,1.2717,2.2998
162.00,0.1551,1.2410,2.2820,0.1473,1.1497,2.5794,-0.3093,1.2718,2.3333
162.50,0.1551,1.2410,2.3146,0.1474,1.1496,2.6131,-0.3092,1.2717,2.3670
163.00,0.1552,1.2407,2.3482,0.1476,1.1495,2.6479,-0.3090,1.2715,2.4019
163.50,0.1554,1.2407,2.3823,0.1476,1.1495,2.6827,-0.3090,1.2715,2.4367
164.00,0.1558,1.2408,2.4154,0.1484,1.1491,2.7169,-0.3083,1.2710,2.4708
164.50,0.1558,1.2407,2.4479,0.1484,1.1492,2.7503,-0.3083,1.2710,2.5042
165.00,0.1559,1.2402,2.4813,0.1490,1.1489,2.7841,-0.3078,1.2706,2.5380
165.50,0.1559,1.2393,2.5156,0.1496,1.1487,2.8193,-0.3073,1.2703,2.5733
166.00,0.1560,1.2379,2.5508,0.1509,1.1483,2.8554,-0.3061,1.2696,2.6094
166.50,0.1560,1.2361,2.5869,0.1531,1.1477,2.8919,-0.3041,1.2684,2.6458
167.00,0.1561,1.2338,2.6240,0.1554,1.1472,2.9297,-0.3020,1.2674,2.6836
167.50,0.1561,1.2310,2.6621,0.1576,1.1467,2.9687,-0.3000,1.2664,2.7227
168.00,0.1562,1.2277,2.7012,0.1609,1.1462,3.0091,-0.2969,1.2651,2.7630
168.50,0.1562,1.2240,2.7414,0.1642,1.1459,3.0501,-0.2938,1.2639,2.8041
169.00,0.1563,1.2198,2.7827,0.1687,1.1455,3.0922,-0.2895,1.2626,2.8461
169.50,0.1563,1.2151,2.8252,0.1732,1.1454,3.1360,-0.2852,1.2613,2.8899
170.00,0.1563,1.2099,2.8690,0.1791,1.1455,-3.1022,-0.2794,1.2600,2.9349
170.50,0.1564,1.2042,2.9142,0.1842,1.1458,-3.0565,-0.2744,1.2590,2.9807
171.00,0.1564,1.1981,2.9607,0.1907,1.1465,-3.0100,-0.2679,1.2581,3.0271
171.50,0.1564,1.1914,3.0089,0.1978,1.1476,-2.9607,-0.2608,1.2575,3.0764
172.00,0.1564,1.1843,3.0587,0.2061,1.1494,-2.9099,-0.3130,1.1878,3.0819
172.50,0.1564,1.1767,3.1104,0.2126,1.1511,-2.8576,-0.3063,1.1876,3.1342
173.00,0.1564,1.1687,-3.1193,0.2149,1.1518,-2.8028,-0.3038,1.1876,-3.0943
173.50,0.1564,1.1611,-3.0673,0.2064,1.1485,-2.7495,-0.3129,1.1869,-3.0409
174.00,0.1564,1.1539,-3.0171,0.2004,1.1459,-2.6985,-0.3195,1.1861,-2.9899
174.50,0.1564,1.1471,-2.9687,0.1946,1.1429,-2.6492,-0.3258,1.1850,-2.9406
175.00,0.1564,1.1409,-2.9219,0.1895,1.1400,-2.6011,-0.3316,1.1836,-2.8925
175.50,0.1564,1.1359,-2.8823,0.1848,1.1370,-2.5584,-0.3369,1.1821,-2.8499
176.00,0.1563,1.1315,-2.8391,0.1822,1.1353,-2.5164,-0.3399,1.1812,-2.8078
176.50,0.1563,1.1267,-2.7962,0.1791,1.1329,-2.4722,-0.3436,1.1798,-2.7637
177.00,0.1438,1.1201,-2.7225,0.1674,1.1229,-2.4035,-0.3577,1.1736,-2.6949
177.50,0.0795,1.0938,-2.5929,0.1198,1.0720,-2.2682,-0.3489,1.0911,-2.5710
178.00,-0.0176,1.0338,-2.5907,0.0468,0.9818,-2.2567,-0.4321,1.0249,-2.5594
178.50,-0.1161,0.9777,-2.6217,-0.0277,0.8957,-2.2928,-0.5567,0.9676,-2.5978
179.00,-0.2263,0.9079,-2.5290,-0.1115,0.7931,-2.2026,-0.6514,0.8985,-2.5071
179.50,-0.3309,0.8306,-2.5031,-0.1882,0.6822,-2.1676,-0.7330,0.8215,-2.4744
180.00,-0.4381,0.7572,-2.5888,-0.2649,0.5770,-2.2483,-0.8999,0.7416,-2.5598
180.50,-0.5517,0.6929,-2.6954,-0.3545,0.4752,-2.3491,-0.9935,0.6700,-2.6606
181.00,-0.6732,0.6373,-2.9139,-0.4616,0.3859,-2.5629,-1.1156,0.6228,-2.8791
181.50,-0.7879,0.5975,-3.0971,-0.5718,0.3281,-2.7509,-1.2564,0.5946,-3.0694
182.00,-0.8445,0.5923,-3.1303,-0.6282,0.3065,-2.7861,-1.3188,0.5642,-3.1023
182.50,-0.8498,0.5968,3.1004,-0.6371,0.3035,-2.8393,-1.3212,0.5607,3.1289
183.00,-0.8498,0.5997,3.0923,-0.6411,0.3022,-2.8538,-1.3254,0.5607,3.1144
183.50,-0.8498,0.5918,-3.0148,-0.6433,0.3012,-2.6874,-1.3278,0.5604,-3.0023
184.00,-0.8499,0.5753,-2.7877,-0.6580,0.2917,-2.4564,-1.3249,0.5566,-2.7678
184.50,-0.8501,0.5596,-2.6046,-0.6700,0.2800,-2.2671,-1.3398,0.5491,-2.5786
185.00,-0.8502,0.5562,-2.5411,-0.6724,0.2769,-2.1974,-1.3431,0.5469,-2.5089
185.50,-0.8502,0.5550,-2.5062,-0.6728,0.2763,-2.1616,-1.3437,0.5465,-2.4731
186.00,-0.8503,0.5543,-2.4811,-0.6735,0.2753,-2.1317,-1.3447,0.5457,-2.4432
186.50,-0.8502,0.5552,-2.5139,-0.6730,0.2760,-2.1623,-1.3440,0.5463,-2.4738
187.00,-0.8502,0.5565,-2.5490,-0.6722,0.2772,-2.1968,-1.3429,0.5471,-2.5082
187.50,-0.8501,0.5584,-2.5851,-0.6711,0.2787,-2.2319,-1.3413,0.5483,-2.5433
188.00,-0.8501,0.5606,-2.6221,-0.6695,0.2806,-2.2677,-1.3392,0.5496,-2.5792
188.50,-0.8500,0.5634,-2.6601,-0.6678,0.2826,-2.3049,-1.3370,0.5509,-2.6164
189.00,-0.8500,0.5666,-2.6992,-0.6651,0.2855,-2.3425,-1.3335,0.5529,-2.6540
189.50,-0.8670,0.5661,-2.7848,-0.6757,0.2755,-2.4201,-1.3467,0.5466,-2.7316
190.00,-0.9438,0.5676,-2.9833,-0.7364,0.2332,-2.6171,-1.4163,0.5223,-2.9496
190.50,-1.0702,0.5661,-3.0653,-0.8524,0.1752,-2.7097,-1.5213,0.5218,-3.0421
191.00,-1.1994,0.5517,-2.9682,-0.9637,0.1199,-2.6170,-1.6581,0.5097,-2.9459
191.50,-1.3266,0.5276,-2.9183,-1.0756,0.0494,-2.5597,-1.7804,0.4856,-2.8887
192.00,-1.4524,0.4934,-2.8496,-1.1879,-0.0291,-2.4927,-1.9184,0.4510,-2.8251
192.50,-1.5765,0.4542,-2.8515,-1.2886,-0.1083,-2.4825,-2.0395,0.4089,-2.8150
193.00,-1.7017,0.4210,-2.8788,-1.3928,-0.1854,-2.5133,-2.1430,0.3698,-2.8527
193.50,-1.8279,0.3910,-2.9437,-1.5004,-0.2609,-2.5689,-2.2731,0.3344,-2.9083
194.00,-1.9558,0.3674,-2.9481,-1.6075,-0.3270,-2.5834,-2.4026,0.3075,-2.9263
194.50,-2.0825,0.3382,-2.9109,-1.7189,-0.4015,-2.5402,-2.5355,0.2751,-2.8808
195.00,-2.2086,0.3049,-2.8714,-1.8286,-0.4787,-2.5033,-2.6417,0.2388,-2.8462
195.50,-2.3341,0.2714,-2.9117,-1.9304,-0.5539,-2.5335,-2.7699,0.2022,-2.8764
196.00,-2.4618,0.2470,-2.9770,-2.0445,-0.6259,-2.6069,-2.9145,0.1728,-2.9497
196.50,-2.5794,0.2216,-2.9224,-2.1498,-0.6916,-2.5511,-3.0223,0.1465,-2.8940
197.00,-2.6405,0.2020,-2.8775,-2.2028,-0.7286,-2.5046,-3.0946,0.1291,-2.8497
197.50,-2.6481,0.1950,-2.8337,-2.2137,-0.7369,-2.4597,-3.1112,0.1248,-2.8061
198.00,-2.6482,0.1902,-2.7909,-2.2182,-0.7407,-2.4162,-3.1036,0.1163,-2.7626
198.50,-2.6482,0.1859,-2.7494,-2.2213,-0.7435,-2.3737,-3.1004,0.1112,-2.7200
199.00,-2.6483,0.1820,-2.7090,-2.2234,-0.7455,-2.3324,-3.1031,0.1099,-2.6788
199.50,-2.6483,0.1787,-2.6696,-2.2251,-0.7474,-2.2928,-3.1054,0.1087,-2.6392
200.00,-2.6484,0.1758,-2.6313,-2.2274,-0.7501,-2.2537,-3.1085,0.1070,-2.6001
200.50,-2.6484,0.1734,-2.5941,-2.2287,-0.7517,-2.2151,-3.1102,0.1059,-2.5615
201.00,-2.6485,0.1715,-2.5578,-2.2300,-0.7535,-2.1783,-3.1121,0.1047,-2.5247
201.50,-2.6485,0.1700,-2.5224,-2.2307,-0.7546,-2.1422,-3.1132,0.1039,-2.4886
202.00,-2.6486,0.1690,-2.4879,-2.2315,-0.7558,-2.1068,-3.1143,0.1030,-2.4532
202.50,-2.6486,0.1684,-2.4544,-2.2318,-0.7564,-2.0724,-3.1147,0.1026,-2.4188
203.00,-2.6487,0.1683,-2.4217,-2.2320,-0.7566,-2.0386,-3.1150,0.1024,-2.3850
203.50,-2.6485,0.1683,-2.3889,-2.2319,-0.7565,-2.0050,-3.1149,0.1025,-2.3514
204.00,-2.6483,0.1684,-2.3549,-2.2317,-0.7561,-1.9697,-3.1146,0.1028,-2.3161
204.50,-2.6484,0.1687,-2.3211,-2.2316,-0.7559,-1.9349,-3.1144,0.1030,-2.2812
205.00,-2.6484,0.1690,-2.2883,-2.2316,-0.7558,-1.9008,-3.1144,0.1030,-2.2472
205.50,-2.6483,0.1690,-2.2556,-2.2316,-0.7558,-1.8670,-3.1144,0.1030,-2.2134
206.00,-2.6476,0.1691,-2.2219,-2.2314,-0.7553,-1.8326,-3.1140,0.1035,-2.1790
206.50,-2.6466,0.1691,-2.1874,-2.2311,-0.7539,-1.7973,-3.1132,0.1047,-2.1437
207.00,-2.6451,0.1692,-2.1520,-2.2309,-0.7528,-1.7607,-3.1127,0.1056,-2.1071
207.50,-2.6431,0.1693,-2.1156,-2.2305,-0.7507,-1.7239,-3.1116,0.1075,-2.0703
208.00,-2.6407,0.1693,-2.0783,-2.2301,-0.7480,-1.6861,-3.1103,0.1099,-2.0324
208.50,-2.6378,0.1693,-2.0399,-2.2299,-0.7455,-1.6469,-3.1093,0.1121,-1.9933
209.00,-2.6344,0.1694,-2.0005,-2.2297,-0.7419,-1.6070,-3.1078,0.1155,-1.9534
209.50,-2.6306,0.1694,-1.9600,-2.2296,-0.7384,-1.5654,-3.1066,0.1188,-1.9118
210.00,-2.6262,0.1695,-1.9184,-2.2297,-0.7344,-1.5228,-3.1053,0.1226,-1.8691
210.50,-2.6214,0.1695,-1.8755,-2.2301,-0.7289,-1.4796,-3.1038,0.1279,-1.8260
211.00,-2.6161,0.1695,-1.8314,-2.2307,-0.7237,-1.4338,-3.1026,0.1330,-1.7802
211.50,-2.6103,0.1696,-1.7858,-2.2316,-0.7184,-1.3868,-3.1016,0.1383,-1.7331
212.00,-2.6040,0.1696,-1.7388,-2.2329,-0.7124,-1.3390,-3.1008,0.1443,-1.6854
212.50,-2.5972,0.1696,-1.6903,-2.2347,-0.7052,-1.2894,-3.1001,0.1517,-1.6358
213.00,-2.5899,0.1696,-1.6399,-2.2369,-0.6984,-1.2380,-3.0998,0.1589,-1.5844
213.50,-2.5822,0.1696,-1.5877,-2.2399,-0.6903,-1.1853,-3.0434,0.0974,-1.5630
214.00,-2.5743,0.1696,-1.5343,-2.2390,-0.6923,-1.1312,-3.0433,0.0952,-1.5090
214.50,-2.5667,0.1696,-1.4828,-2.2354,-0.6994,-1.0784,-3.0426,0.0872,-1.4562
215.00,-2.5596,0.1696,-1.4331,-2.2322,-0.7050,-1.0273,-3.0417,0.0809,-1.4051
215.50,-2.5565,0.1696,-1.4106,-2.2298,-0.7088,-1.0017,-3.0409,0.0764,-1.3795
216.00,-2.5565,0.1696,-1.4106,-2.2298,-0.7088,-1.0012,-3.0409,0.0764,-1.3790
216.50,-2.5581,0.1797,-1.4106,-2.2340,-0.7024,-1.0001,-3.0423,0.0839,-1.3779
217.00,-2.5613,0.1994,-1.4106,-2.2452,-0.6849,-0.9995,-3.0463,0.1043,-1.3773
217.50,-2.5645,0.2191,-1.4106,-2.2546,-0.6702,-0.9979,-3.0497,0.1214,-1.3757
218.00,-2.5677,0.2389,-1.4106,-2.2656,-0.6532,-0.9961,-3.0536,0.1413,-1.3739
218.50,-2.5709,0.2586,-1.4106,-2.2769,-0.6358,-0.9957,-3.0354,0.1821,-1.3839
219.00,-2.5741,0.2784,-1.4106,-2.2861,-0.6216,-0.9947,-3.0385,0.1987,-1.3829
219.50,-2.5773,0.2981,-1.4106,-2.2962,-0.6060,-0.9936,-3.0420,0.2169,-1.3819
220.00,-2.5805,0.3179,-1.4106,-2.3075,-0.5887,-0.9929,-3.0459,0.2372,-1.3812
220.50,-2.5837,0.3376,-1.4106,-2.3183,-0.5721,-0.9924,-3.0496,0.2567,-1.3806
221.00,-2.5868,0.3574,-1.4106,-2.3307,-0.5533,-0.9917,-3.0331,0.2790,-1.3835
221.50,-2.5900,0.3771,-1.4106,-2.3413,-0.5370,-0.9909,-3.0367,0.2981,-1.3827
222.00,-2.5932,0.3968,-1.4106,-2.3534,-0.5186,-0.9909,-3.0408,0.3197,-1.3826
222.50,-2.5964,0.4166,-1.4106,-2.3628,-0.5041,-0.9903,-3.0441,0.3367,-1.3821
223.00,-2.5983,0.4304,-1.3996,-2.3713,-0.4912,-0.9819,-3.0470,0.3519,-1.3736
223.50,-2.5930,0.4303,-1.3527,-2.3682,-0.4956,-0.9338,-3.0458,0.3466,-1.3255
224.00,-2.5872,0.4303,-1.3072,-2.3647,-0.5002,-0.8872,-3.0442,0.3410,-1.2789
224.50,-2.5819,0.4303,-1.2632,-2.3611,-0.5044,-0.8421,-3.0425,0.3357,-1.2339
225.00,-2.5771,0.4302,-1.2204,-2.3578,-0.5079,-0.7980,-3.0408,0.3312,-1.1898
225.50,-2.5728,0.4302,-1.1788,-2.3544,-0.5113,-0.7548,-3.0390,0.3269,-1.1466
226.00,-2.5690,0.4302,-1.1384,-2.3517,-0.5137,-0.7136,-3.0374,0.3235,-1.1053
226.50,-2.5656,0.4301,-1.0991,-2.3481,-0.5167,-0.6736,-3.0352,0.3194,-1.0653
227.00,-2.5628,0.4301,-1.0608,-2.3453,-0.5188,-0.6342,-3.0335,0.3164,-1.0259
227.50,-2.5614,0.4300,-1.0399,-2.3442,-0.5197,-0.6092,-3.0327,0.3152,-1.0009
228.00,-2.5614,0.4300,-1.0399,-2.3442,-0.5197,-0.6078,-3.0327,0.3152,-0.9995
228.50,-2.5614,0.4300,-1.0399,-2.3442,-0.5197,-0.6067,-3.0327,0.3152,-0.9984
229.00,-2.5614,0.4300,-1.0399,-2.3442,-0.5197,-0.6057,-3.0327,0.3152,-0.9974
229.50,-2.5614,0.4300,-1.0399,-2.3442,-0.5197,-0.6044,-3.0327,0.3152,-0.9961
230.00,-2.5603,0.4300,-1.0089,-2.3435,-0.5201,-0.5774,-3.0323,0.3145,-0.9691
230.50,-2.5565,0.4298,-0.8644,-2.3403,-0.5219,-0.4369,-3.0300,0.3116,-0.8286
231.00,-2.5572,0.4300,-0.6986,-2.3415,-0.5215,-0.2701,-3.0309,0.3125,-0.6618
231.50,-2.5575,0.4353,-0.5232,-2.3459,-0.5207,-0.0954,-3.0347,0.3149,-0.4871
232.00,-2.5576,0.4460,-0.3872,-2.3565,-0.5205,0.0487,-3.0445,0.3191,-0.3431
232.50,-2.5577,0.4506,-0.3434,-2.3602,-0.5208,0.0954,-3.0480,0.3203,-0.2963
233.00,-2.5557,0.4550,-0.2952,-2.3624,-0.5211,0.1431,-3.0501,0.3208,-0.2487
233.50,-2.5090,0.4616,-0.1371,-2.3177,-0.5107,0.2992,-3.0048,0.3134,-0.0925
234.00,-2.3996,0.4630,-0.0641,-2.2190,-0.4738,0.3850,-2.8592,0.3822,-0.0311
234.50,-2.2702,0.4493,-0.1220,-2.0958,-0.4274,0.3282,-2.7342,0.3852,-0.0937
235.00,-2.1411,0.4360,-0.1005,-1.9720,-0.3846,0.3486,-2.5873,0.3736,-0.0746
235.50,-2.0115,0.4312,-0.0602,-1.8525,-0.3385,0.3894,-2.4929,0.3664,-0.0349
236.00,-1.8817,0.4284,-0.0377,-1.7230,-0.2833,0.4132,-2.3587,0.3633,-0.0099
236.50,-1.7517,0.4249,-0.0383,-1.6039,-0.2303,0.4187,-2.2417,0.3727,-0.0068
237.00,-1.6219,0.4159,-0.0620,-1.4803,-0.1778,0.3936,-2.1040,0.3698,-0.0365
237.50,-1.4921,0.4112,-0.0279,-1.3586,-0.1256,0.4286,-1.9675,0.3613,-0.0033
238.00,-1.3622,0.4091,-0.0224,-1.2399,-0.0705,0.4365,-1.8281,0.3619,0.0029
238.50,-1.2322,0.4059,-0.0281,-1.1247,-0.0168,0.4333,-1.7056,0.3673,-0.0004
239.00,-1.1023,0.3994,-0.0423,-1.0036,0.0379,0.4185,-1.5596,0.3655,-0.0151
239.50,-0.9724,0.3951,-0.0299,-0.8801,0.0931,0.4286,-1.4576,0.3568,-0.0074
240.00,-0.8424,0.3943,-0.0141,-0.7618,0.1492,0.4473,-1.3304,0.3607,0.0102
240.50,-0.7124,0.3908,-0.0224,-0.6437,0.2055,0.4412,-1.1918,0.3623,0.0050
241.00,-0.5825,0.3869,-0.0269,-0.5238,0.2619,0.4377,-1.0359,0.3623,-0.0003
241.50,-0.4525,0.3834,-0.0259,-0.4045,0.3176,0.4392,-0.9308,0.3623,-0.0014
242.00,-0.3226,0.3801,-0.0258,-0.2884,0.3723,0.4403,-0.8092,0.3623,0.0005
242.50,-0.1926,0.3764,-0.0274,-0.1711,0.4275,0.4400,-0.6626,0.3624,-0.0006
243.00,-0.0627,0.3734,-0.0241,-0.0507,0.4845,0.4451,-0.5581,0.3594,0.0036
243.50,0.0673,0.3701,-0.0273,0.0674,0.5409,0.4428,-0.4386,0.3624,-0.0017
244.00,0.1973,0.3664,-0.0351,0.1858,0.5972,0.4373,-0.2896,0.3659,-0.0081
244.50,0.3271,0.3591,-0.0457,0.3046,0.6515,0.4262,-0.1252,0.3639,-0.0204
245.00,0.4571,0.3577,-0.0185,0.4259,0.7086,0.4535,-0.0035,0.3582,0.0023
245.50,0.5870,0.3547,-0.0235,0.5415,0.7650,0.4498,0.1081,0.3614,0.0021
246.00,0.7170,0.3496,-0.0336,0.6621,0.8224,0.4405,0.2520,0.3612,-0.0073
246.50,0.8469,0.3450,-0.0315,0.7806,0.8781,0.4412,0.3747,0.3576,-0.0077
247.00,0.9769,0.3424,-0.0249,0.9003,0.9358,0.4497,0.4778,0.3563,-0.0010
247.50,1.1068,0.3386,-0.0311,1.0230,0.9951,0.4427,0.6259,0.3599,-0.0062
248.00,1.2368,0.3344,-0.0302,1.1411,1.0511,0.4458,0.7164,0.3570,-0.0031
248.50,1.3667,0.3271,-0.0487,1.2579,1.1059,0.4275,0.8338,0.3577,-0.0231
249.00,1.4966,0.3243,-0.0191,1.3753,1.1612,0.4561,0.9608,0.3526,0.0054
249.50,1.6265,0.3181,-0.0439,1.4930,1.2178,0.4333,1.0809,0.3531,-0.0156
250.00,1.7564,0.3153,-0.0155,1.6092,1.2729,0.4607,1.2318,0.3446,0.0083
250.50,1.8864,0.3122,-0.0373,1.7267,1.3312,0.4436,1.3571,0.3515,-0.0071
251.00,2.0163,0.3060,-0.0245,1.8469,1.3863,0.4483,1.4814,0.3451,-0.0059
251.50,2.1463,0.3047,-0.0218,1.9709,1.4479,0.4548,1.6041,0.3471,0.0047
252.00,2.2762,0.3012,-0.0273,2.0898,1.5050,0.4470,1.7210,0.3473,-0.0019
252.50,2.4061,0.2919,-0.0805,2.2124,1.5609,0.3961,1.8592,0.3444,-0.0528
253.00,2.5353,0.2739,-0.1480,2.3433,1.6113,0.3297,1.9954,0.3328,-0.1192
253.50,2.6627,0.2471,-0.2577,2.4737,1.6486,0.2212,2.1162,0.3036,-0.2300
254.00,2.7870,0.2111,-0.3099,2.6054,1.6725,0.1589,2.2580,0.2638,-0.2901
254.50,2.9118,0.1764,-0.2641,2.7336,1.6963,0.2053,2.3673,0.2394,-0.2413
255.00,3.0371,0.1419,-0.2544,2.8685,1.7234,0.2089,2.4872,0.2056,-0.2365
255.50,3.1642,0.1152,-0.1828,2.9951,1.7567,0.2893,2.6192,0.1810,-0.1561
256.00,3.2915,0.0870,-0.2371,3.1230,1.7922,0.2407,2.7464,0.1582,-0.2082
256.50,3.4167,0.0497,-0.3020,3.2502,1.8187,0.1742,2.8656,0.1269,-0.2782
257.00,3.5398,0.0053,-0.3377,3.3853,1.8394,0.1364,2.9931,0.0865,-0.3159
257.50,3.6636,-0.0326,-0.2889,3.5197,1.8613,0.1860,3.1205,0.0471,-0.2641
258.00,3.7883,-0.0687,-0.2747,3.6497,1.8859,0.1986,3.2513,0.0129,-0.2538
258.50,3.9136,-0.1026,-0.2708,3.7793,1.9128,0.2044,3.3530,-0.0199,-0.2457
259.00,4.0384,-0.1406,-0.2834,3.9076,1.9374,0.1866,3.4759,-0.0531,-0.2658
259.50,4.1635,-0.1754,-0.2847,4.0379,1.9635,0.1915,3.6079,-0.0869,-0.2574
260.00,4.2871,-0.2180,-0.3371,4.1658,1.9843,0.1362,3.7387,-0.1232,-0.3162
260.50,4.4106,-0.2571,-0.2805,4.2859,2.0031,0.1896,3.8449,-0.1592,-0.2593
261.00,4.5356,-0.2930,-0.3026,4.4162,2.0289,0.1768,3.9835,-0.1923,-0.2756
261.50,4.6586,-0.3369,-0.3463,4.5485,2.0485,0.1300,4.1211,-0.2323,-0.3258
262.00,4.7802,-0.3860,-0.3822,4.6834,2.0644,0.0954,4.2391,-0.2777,-0.3570
262.50,4.9004,-0.4365,-0.3827,4.8204,2.0763,0.0914,4.3574,-0.3271,-0.3622
263.00,5.0223,-0.4797,-0.3387,4.9477,2.0916,0.1381,4.4787,-0.3689,-0.3178
263.50,5.1445,-0.5259,-0.3586,5.0799,2.1086,0.1180,4.6113,-0.4121,-0.3344
264.00,5.2651,-0.5771,-0.4143,5.2128,2.1216,0.0665,4.7400,-0.4586,-0.3859
264.50,5.3821,-0.6374,-0.5021,5.3487,2.1257,-0.0159,4.8539,-0.5144,-0.4683
265.00,5.4914,-0.7067,-0.6373,5.4796,2.1144,-0.1543,4.9568,-0.5815,-0.6137
265.50,5.5926,-0.7870,-0.7225,5.6087,2.0888,-0.2407,5.0713,-0.6616,-0.6988
266.00,5.6872,-0.8767,-0.8020,5.7392,2.0513,-0.3193,5.1718,-0.7530,-0.7752
266.50,5.7718,-0.9699,-0.8570,5.8623,2.0063,-0.3754,5.2590,-0.8442,-0.8313
267.00,5.8201,-1.0274,-0.8899,5.9359,1.9761,-0.4071,5.3055,-0.8968,-0.8652
267.50,5.8294,-1.0394,-0.9236,5.9524,1.9688,-0.4397,5.3172,-0.9106,-0.8991
268.00,5.8283,-1.0394,-0.9582,5.9512,1.9695,-0.4735,5.3164,-0.9094,-0.9329
268.50,5.8268,-1.0393,-0.9937,5.9502,1.9700,-0.5079,5.3158,-0.9086,-0.9672
269.00,5.8247,-1.0393,-1.0302,5.9480,1.9714,-0.5433,5.3144,-0.9064,-1.0027
269.50,5.8223,-1.0392,-1.0677,5.9465,1.9723,-0.5800,5.3135,-0.9049,-1.0394
270.00,5.8193,-1.0392,-1.1061,5.9440,1.9740,-0.6170,5.3120,-0.9022,-1.0764
270.50,5.8159,-1.0391,-1.1457,5.9406,1.9765,-0.6553,5.3101,-0.8985,-1.1147
271.00,5.8120,-1.0391,-1.1863,5.9375,1.9790,-0.6944,5.3084,-0.8948,-1.1537
271.50,5.8076,-1.0390,-1.2281,5.9339,1.9821,-0.7356,5.3065,-0.8904,-1.1949
272.00,5.8027,-1.0390,-1.2711,5.9307,1.9852,-0.7774,5.3050,-0.8863,-1.2367
272.50,5.7973,-1.0390,-1.3154,5.9268,1.9892,-0.8208,5.3033,-0.8810,-1.2802
273.00,5.7914,-1.0389,-1.3611,5.9221,1.9944,-0.8657,5.3014,-0.8742,-1.3250
273.50,5.7851,-1.0389,-1.4082,5.9187,1.9986,-0.9117,5.3002,-0.8689,-1.3711
274.00,5.7783,-1.0389,-1.4570,5.9151,2.0035,-0.9595,5.2992,-0.8630,-1.4189
274.50,5.7709,-1.0410,-1.5138,5.9139,2.0053,-1.0127,5.2610,-0.9105,-1.4826
275.00,5.7567,-1.0891,-1.6637,5.9351,1.9644,-1.1609,5.2614,-0.9566,-1.6308
275.50,5.7348,-1.1978,-1.7216,5.9734,1.8648,-1.2266,5.2311,-1.0727,-1.7034
276.00,5.7131,-1.3262,-1.7608,6.0164,1.7426,-1.2588,5.2093,-1.1975,-1.7286
276.50,5.6830,-1.4482,-1.9369,6.0470,1.6204,-1.4255,5.1853,-1.3239,-1.9023
277.00,5.6388,-1.5551,-2.1670,6.0498,1.5036,-1.6580,5.1240,-1.4290,-2.1314
277.50,5.5611,-1.6539,-2.3556,6.0275,1.3806,-1.8455,5.0683,-1.5283,-2.3223
278.00,5.4622,-1.7392,-2.5137,5.9810,1.2565,-2.0055,4.9700,-1.6272,-2.4824
278.50,5.3528,-1.8142,-2.6171,5.9156,1.1354,-2.1138,4.8564,-1.6948,-2.5906
279.00,5.2395,-1.8776,-2.6506,5.8490,1.0277,-2.1438,4.7478,-1.7601,-2.6241
279.50,5.1239,-1.9356,-2.6761,5.7743,0.9160,-2.1696,4.6366,-1.8283,-2.6499
280.00,5.0078,-1.9939,-2.6794,5.7028,0.8111,-2.1708,4.5182,-1.8847,-2.6511
280.50,4.8919,-2.0543,-2.6579,5.6279,0.6999,-2.1511,4.4104,-1.9488,-2.6349
281.00,4.7817,-2.1167,-2.6289,5.5572,0.5876,-2.1172,4.2855,-2.0152,-2.6010
281.50,4.7155,-2.1537,-2.6642,5.5160,0.5219,-2.1510,4.2285,-2.0542,-2.6348
282.00,4.7017,-2.1619,-2.7028,5.5057,0.5064,-2.1887,4.2124,-2.0636,-2.6760
282.50,4.7017,-2.1585,-2.7430,5.5079,0.5093,-2.2278,4.2158,-2.0621,-2.7151
283.00,4.7018,-2.1543,-2.7844,5.5109,0.5130,-2.2688,4.2201,-2.0602,-2.7561
283.50,4.7018,-2.1496,-2.8270,5.5133,0.5158,-2.3103,4.2236,-2.0589,-2.7976
284.00,4.7018,-2.1444,-2.8708,5.5166,0.5192,-2.3532,4.2281,-2.0574,-2.8405
284.50,4.7019,-2.1387,-2.9160,5.5214,0.5237,-2.3971,4.2344,-2.0556,-2.8844
285.00,4.7019,-2.1325,-2.9626,5.5268,0.5285,-2.4426,4.2414,-2.0540,-2.9299
285.50,4.7019,-2.1259,-3.0108,5.5325,0.5331,-2.4897,4.2486,-2.0526,-2.9770
286.00,4.7019,-2.1191,-3.0578,5.5383,0.5373,-2.5388,4.2557,-2.0516,-3.0261
286.50,4.7019,-2.1227,-3.0197,5.5362,0.5358,-2.5043,4.2532,-2.0520,-2.9916
287.00,4.7019,-2.1295,-2.9712,5.5300,0.5309,-2.4550,4.2454,-2.0533,-2.9423
287.50,4.7019,-2.1358,-2.9243,5.5248,0.5265,-2.4076,4.2387,-2.0548,-2.8949
288.00,4.7018,-2.1415,-2.8789,5.5209,0.5228,-2.3613,4.2335,-2.0563,-2.8486
288.50,4.7018,-2.1468,-2.8348,5.5173,0.5190,-2.3160,4.2286,-2.0579,-2.8033
289.00,4.7018,-2.1516,-2.7920,5.5127,0.5138,-2.2722,4.2221,-2.0604,-2.7595
289.50,4.7017,-2.1560,-2.7504,5.5103,0.5108,-2.2300,4.2185,-2.0619,-2.7172
290.00,4.7017,-2.1598,-2.7099,5.5080,0.5078,-2.1882,4.2152,-2.0635,-2.6755
290.50,4.7016,-2.1631,-2.6706,5.5068,0.5060,-2.1482,4.2132,-2.0645,-2.6355
291.00,4.7016,-2.1660,-2.6323,5.5052,0.5035,-2.1081,4.2107,-2.0660,-2.5954
291.50,4.7015,-2.1684,-2.5950,5.5042,0.5018,-2.0696,4.2090,-2.0671,-2.5569
292.00,4.7015,-2.1704,-2.5586,5.5035,0.5003,-2.0318,4.2076,-2.0680,-2.5191
292.50,4.7014,-2.1719,-2.5233,5.5030,0.4993,-1.9952,4.2087,-2.0715,-2.5000
293.00,4.7014,-2.1729,-2.4888,5.5025,0.4981,-1.9599,4.2077,-2.0723,-2.4647
293.50,4.7013,-2.1735,-2.4552,5.5023,0.4977,-1.9253,4.2074,-2.0725,-2.4300
294.00,4.7013,-2.1737,-2.4225,5.5023,0.4976,-1.8919,4.2073,-2.0726,-2.3966
294.50,4.7013,-2.1736,-2.4074,5.5022,0.4975,-1.8739,4.2072,-2.0727,-2.3787
295.00,4.7013,-2.1736,-2.4074,5.5022,0.4975,-1.8727,4.2072,-2.0727,-2.3774
295.50,4.7013,-2.1736,-2.4054,5.5022,0.4975,-1.8714,4.2072,-2.0727,-2.3761
296.00,4.7016,-2.1736,-2.3725,5.5023,0.4977,-1.8383,4.2074,-2.0725,-2.3431
296.50,4.7016,-2.1734,-2.3383,5.5024,0.4980,-1.8030,4.2076,-2.0723,-2.3077
297.00,4.7015,-2.1730,-2.3050,5.5024,0.4983,-1.7692,4.2078,-2.0721,-2.2739
297.50,4.7015,-2.1729,-2.2725,5.5025,0.4985,-1.7352,4.2079,-2.0719,-2.2399
298.00,4.7019,-2.1729,-2.2393,5.5025,0.4988,-1.7013,4.2081,-2.0717,-2.2060
298.50,4.7028,-2.1728,-2.2053,5.5026,0.4997,-1.6665,4.2086,-2.0710,-2.1712
299.00,4.7040,-2.1727,-2.1703,5.5027,0.5005,-1.6305,4.2091,-2.0702,-2.1352
299.50,4.7058,-2.1727,-2.1344,5.5028,0.5026,-1.5937,4.2101,-2.0685,-2.0984
300.00,4.7080,-2.1726,-2.0976,5.5028,0.5053,-1.5560,4.2115,-2.0661,-2.0608
300.50,4.7106,-2.1726,-2.0598,5.5027,0.5081,-1.5174,4.2127,-2.0636,-2.0221
301.00,4.7137,-2.1725,-2.0209,5.5024,0.5115,-1.4774,4.2141,-2.0606,-1.9821
301.50,4.7174,-2.1725,-1.9810,5.5020,0.5153,-1.4362,4.2156,-2.0570,-1.9410
302.00,4.7214,-2.1725,-1.9399,5.5012,0.5203,-1.3947,4.2173,-2.0522,-1.8995
302.50,4.7260,-2.1724,-1.8977,5.5002,0.5253,-1.3515,4.2189,-2.0474,-1.8562
303.00,4.7311,-2.1724,-1.8542,5.4991,0.5300,-1.3077,4.2202,-2.0427,-1.8124
303.50,4.7366,-2.1724,-1.8094,5.4976,0.5351,-1.2621,4.2213,-2.0375,-1.7668
304.00,4.7427,-2.1723,-1.7632,5.4956,0.5407,-1.2153,4.2223,-2.0317,-1.7200
304.50,4.7492,-2.1723,-1.7154,5.4934,0.5462,-1.1671,4.2231,-2.0258,-1.6718
305.00,4.7562,-2.1723,-1.6660,5.4907,0.5524,-1.1166,4.2687,-2.0597,-1.6457
305.50,4.7637,-2.1723,-1.6148,5.4866,0.5601,-1.0643,4.2691,-2.0510,-1.5935
306.00,4.7716,-2.1723,-1.5616,5.4830,0.5662,-1.0106,4.2690,-2.0438,-1.5398
306.50,4.7794,-2.1723,-1.5090,5.4877,0.5592,-0.9570,4.2695,-2.0523,-1.4862
307.00,4.7867,-2.1723,-1.4584,5.4924,0.5528,-0.9049,4.2704,-2.0602,-1.4341
307.50,4.7936,-2.1723,-1.4096,5.4970,0.5472,-0.8547,4.2716,-2.0674,-1.3839
308.00,4.7999,-2.1723,-1.3624,5.5021,0.5416,-0.8063,4.2731,-2.0748,-1.3354
308.50,4.8058,-2.1724,-1.3167,5.5069,0.5369,-0.7593,4.2749,-2.0813,-1.2885
309.00,4.8112,-2.1724,-1.2723,5.5109,0.5332,-0.7137,4.2765,-2.0865,-1.2429
309.50,4.8161,-2.1724,-1.2293,5.5145,0.5302,-0.6700,4.2781,-2.0908,-1.1991
310.00,4.8205,-2.1725,-1.1875,5.5173,0.5281,-0.6269,4.2794,-2.0941,-1.1561
310.50,4.8244,-2.1725,-1.1468,5.5203,0.5260,-0.5851,4.2809,-2.0974,-1.1143
311.00,4.8279,-2.1726,-1.1073,5.5240,0.5237,-0.5449,4.2830,-2.1013,-1.0741
311.50,4.8308,-2.1726,-1.0687,5.5267,0.5221,-0.5052,4.2845,-2.1040,-1.0344
312.00,4.8333,-2.1727,-1.0313,5.5297,0.5205,-0.4668,4.2862,-2.1069,-0.9960
312.50,4.8354,-2.1727,-0.9947,5.5311,0.5198,-0.4297,4.2871,-2.1082,-0.9588
313.00,4.8369,-2.1728,-0.9592,5.5327,0.5191,-0.3935,4.3504,-2.0680,-0.9367
313.50,4.8381,-2.1728,-0.9245,5.5339,0.5186,-0.3580,4.3512,-2.0691,-0.9012
314.00,4.8388,-2.1729,-0.8908,5.5347,0.5183,-0.3225,4.3518,-2.0697,-0.8656
314.50,4.8390,-2.1729,-0.8579,5.5350,0.5183,-0.2884,4.3519,-2.0699,-0.8315
315.00,4.8389,-2.1728,-0.8253,5.5348,0.5183,-0.2554,4.3518,-2.0698,-0.7985
315.50,4.8389,-2.1726,-0.7935,5.5345,0.5184,-0.2205,4.3516,-2.0696,-0.7636
316.00,4.8388,-2.1726,-0.7680,5.5344,0.5184,-0.1945,4.3515,-2.0695,-0.7376
316.50,4.8383,-2.1727,-0.7347,5.5341,0.5185,-0.1602,4.3513,-2.0693,-0.7034
317.00,4.8382,-2.1727,-0.7022,5.5340,0.5185,-0.1264,4.3512,-2.0692,-0.6695
317.50,4.8382,-2.1723,-0.6690,5.5336,0.5185,-0.0921,4.3509,-2.0690,-0.6353
318.00,4.8381,-2.1715,-0.6349,5.5326,0.5186,-0.0572,4.3501,-2.0684,-0.6003
318.50,4.8381,-2.1702,-0.6000,5.5312,0.5187,-0.0211,4.3489,-2.0677,-0.5642
319.00,4.8380,-2.1685,-0.5641,5.5297,0.5187,0.0157,4.3476,-2.0669,-0.5274
319.50,4.8380,-2.1663,-0.5273,5.5270,0.5186,0.0538,4.3452,-2.0656,-0.4893
320.00,4.8379,-2.1636,-0.4895,5.5242,0.5184,0.0930,4.3428,-2.0643,-0.4501
320.50,4.8379,-2.1605,-0.4506,5.5212,0.5180,0.1325,4.3400,-2.0630,-0.4107
321.00,4.8378,-2.1569,-0.4107,5.5177,0.5175,0.1732,4.3368,-2.0617,-0.3700
321.50,4.8378,-2.1528,-0.3697,5.5153,0.5170,0.2148,4.3345,-2.0609,-0.3283
322.00,4.8378,-2.1483,-0.3275,5.5117,0.5161,0.2579,4.3309,-2.0597,-0.2852
322.50,4.8377,-2.1432,-0.2840,5.5073,0.5149,0.3019,4.3265,-2.0585,-0.2412
323.00,4.8377,-2.1377,-0.2392,5.5028,0.5134,0.3475,4.3219,-2.0575,-0.1956
323.50,4.8377,-2.1316,-0.1930,5.4971,0.5112,0.3947,4.3158,-2.0564,-0.1484
324.00,4.8376,-2.1251,-0.1453,5.4924,0.5091,0.4432,4.3107,-2.0558,-0.1000
324.50,4.8376,-2.1181,-0.0959,5.4846,0.5051,0.4935,4.3020,-2.0552,-0.0496
325.00,4.8376,-2.1106,-0.0447,5.4784,0.5016,0.5459,4.3454,-2.0191,-0.0252
325.50,4.8376,-2.1027,0.0085,5.4707,0.4966,0.6000,4.3362,-2.0192,0.0289
326.00,4.8376,-2.0949,0.0611,5.4773,0.5014,0.6532,4.3443,-2.0187,0.0822
326.50,4.8376,-2.0876,0.1117,5.4835,0.5064,0.7049,4.3523,-2.0178,0.1338
327.00,4.8377,-2.0807,0.1605,5.4884,0.5108,0.7545,4.3587,-2.0168,0.1834
327.50,4.8377,-2.0744,0.2078,5.4933,0.5156,0.8029,4.3655,-2.0154,0.2318
328.00,4.8377,-2.0685,0.2535,5.4976,0.5203,0.8498,4.3716,-2.0138,0.2787
328.50,4.8377,-2.0631,0.2979,5.5009,0.5242,0.8947,4.3765,-2.0123,0.3237
329.00,4.8378,-2.0582,0.3409,5.5036,0.5277,0.9391,4.3807,-2.0108,0.3681
329.50,4.8378,-2.0538,0.3828,5.5064,0.5317,0.9819,4.3852,-2.0089,0.4108
330.00,4.8397,-2.0496,0.4279,5.5084,0.5349,1.0261,4.3886,-2.0073,0.4551
330.50,4.8816,-2.0339,0.5636,5.5262,0.5695,1.1586,4.3960,-1.9481,0.5831
331.00,4.9716,-1.9739,0.6312,5.5635,0.6680,1.2354,4.4767,-1.8646,0.6574
331.50,5.0781,-1.8998,0.5662,5.6090,0.7924,1.1798,4.5828,-1.7953,0.6017
332.00,5.1902,-1.8343,0.5009,5.6611,0.9059,1.1106,4.6882,-1.7285,0.5256
332.50,5.3053,-1.7749,0.4811,5.7228,1.0244,1.0844,4.8052,-1.6638,0.5029
333.00,5.4183,-1.7095,0.5686,5.7819,1.1457,1.1670,4.9312,-1.5949,0.5820
333.50,5.5254,-1.6350,0.6365,5.8273,1.2640,1.2388,5.0244,-1.5216,0.6608
334.00,5.6257,-1.5524,0.7484,5.8635,1.3876,1.3491,5.1323,-1.4378,0.7676
334.50,5.7159,-1.4596,0.8485,5.8855,1.5161,1.4534,5.2213,-1.3425,0.8718
335.00,5.7976,-1.3578,0.9681,5.8944,1.6484,1.5696,5.2968,-1.2368,0.9864
335.50,5.8693,-1.2479,1.0272,5.8888,1.7836,1.6387,5.3671,-1.1209,1.0554
336.00,5.9393,-1.1377,0.9757,5.8814,1.9163,1.5941,5.4310,-1.0116,1.0090
336.50,6.0176,-1.0332,0.8947,5.8841,2.0504,1.5121,5.5079,-0.9010,0.9219
337.00,6.1007,-0.9330,0.8834,5.8946,2.1869,1.4937,5.5925,-0.7986,0.9017
337.50,6.1795,-0.8301,0.9385,5.9008,2.3216,1.5532,5.6589,-0.6906,0.9664
338.00,6.2573,-0.7257,0.9213,5.9035,2.4451,1.5402,5.7333,-0.5992,0.9500
338.50,6.3391,-0.6241,0.8664,5.9104,2.5742,1.4876,5.8221,-0.4857,0.8921
339.00,6.4240,-0.5257,0.8680,5.9231,2.7099,1.4854,5.9041,-0.3852,0.8881
339.50,6.5076,-0.4262,0.8678,5.9339,2.8449,1.4899,5.9817,-0.2801,0.8945
340.00,6.5924,-0.3276,0.8641,5.9456,2.9754,1.4832,6.0592,-0.1885,0.8842
340.50,6.6763,-0.2283,0.8677,5.9564,3.1097,1.4916,6.1458,-0.0837,0.8927
341.00,6.7536,-0.1370,0.8785,5.9663,3.2323,1.4987,6.2094,0.0120,0.8979
341.50,6.7931,-0.0882,0.9119,5.9706,3.3051,1.5328,6.2640,0.0696,0.9321
342.00,6.7975,-0.0820,0.9462,5.9709,3.3149,1.5678,6.2633,0.0675,0.9671
342.50,6.7961,-0.0820,0.9814,5.9709,3.3133,1.6039,6.2624,0.0662,1.0032
343.00,6.7943,-0.0821,1.0175,5.9711,3.3114,1.6410,6.2615,0.0646,1.0403
343.50,6.7919,-0.0821,1.0547,5.9713,3.3083,1.6788,6.2600,0.0618,1.0781
344.00,6.7891,-0.0822,1.0928,5.9718,3.3049,1.7177,6.2584,0.0588,1.1170
344.50,6.7859,-0.0822,1.1319,5.9723,3.3020,1.7579,6.2572,0.0561,1.1572
345.00,6.7821,-0.0823,1.1722,5.9732,3.2977,1.7983,6.2555,0.0521,1.1976
345.50,6.7779,-0.0823,1.2136,5.9743,3.2933,1.8406,6.2539,0.0478,1.2399
346.00,6.7732,-0.0823,1.2561,5.9758,3.2883,1.8843,6.2523,0.0428,1.2836
346.50,6.7680,-0.0824,1.3000,5.9776,3.2831,1.9292,6.2509,0.0375,1.3285
347.00,6.7623,-0.0824,1.3452,5.9796,3.2783,1.9756,6.2498,0.0324,1.3749
347.50,6.7561,-0.0824,1.3918,5.9821,3.2728,2.0227,6.2487,0.0265,1.4219
348.00,6.7495,-0.0825,1.4400,5.9854,3.2664,2.0717,6.2478,0.0193,1.4710
348.50,6.7423,-0.0825,1.4899,5.9891,3.2599,2.1222,6.2473,0.0119,1.5215
349.00,6.7347,-0.0825,1.5417,5.9926,3.2546,2.1747,6.2471,0.0056,1.5740
349.50,6.7267,-0.0825,1.5952,5.9938,3.2527,2.2293,6.2471,0.0033,1.6286
350.00,6.7191,-0.0825,1.6471,5.9897,3.2578,2.2818,6.2465,0.0098,1.6811
350.50,6.7119,-0.0825,1.6972,5.9847,3.2632,2.3332,6.2455,0.0171,1.7324
351.00,6.7052,-0.0824,1.7456,5.9807,3.2672,2.3825,6.2445,0.0226,1.7818
351.50,6.6989,-0.0824,1.7923,5.9750,3.2724,2.4309,6.2427,0.0302,1.8301
352.00,6.6932,-0.0824,1.8377,5.9716,3.2752,2.4774,6.2414,0.0344,1.8767
352.50,6.6880,-0.0823,1.8816,5.9679,3.2780,2.5223,6.2400,0.0388,1.9216
353.00,6.6832,-0.0823,1.9243,5.9646,3.2802,2.5662,6.2385,0.0425,1.9655
353.50,6.6789,-0.0823,1.9658,5.9599,3.2831,2.6087,6.2363,0.0475,2.0080
354.00,6.6751,-0.0822,2.0061,5.9571,3.2847,2.6503,6.2349,0.0504,2.0496
354.50,6.6718,-0.0822,2.0454,5.9540,3.2863,2.6909,6.2332,0.0535,2.0902
355.00,6.6690,-0.0821,2.0836,5.9509,3.2877,2.7298,6.2315,0.0564,2.1291
355.50,6.6666,-0.0821,2.1208,5.9481,3.2889,2.7683,6.2298,0.0589,2.1676
356.00,6.6647,-0.0820,2.1571,5.9464,3.2895,2.8051,6.2288,0.0604,2.2044
356.50,6.6633,-0.0820,2.1924,5.9451,3.2899,2.8412,6.2279,0.0615,2.2405
357.00,6.6623,-0.0819,2.2268,5.9437,3.2903,2.8762,6.2270,0.0627,2.2755
357.50,6.6617,-0.0819,2.2603,5.9433,3.2905,2.9106,6.2267,0.0630,2.3099
358.00,6.6616,-0.0818,2.2929,5.9427,3.2906,2.9444,6.2263,0.0634,2.3437
358.50,6.6617,-0.0820,2.3258,5.9428,3.2906,2.9779,6.2264,0.0633,2.3772
359.00,6.6617,-0.0822,2.3598,5.9431,3.2905,3.0124,6.2266,0.0631,2.4117
359.50,6.6621,-0.0821,2.3936,5.9435,3.2905,3.0473,6.2269,0.0628,2.4466
360.00,6.6623,-0.0821,2.4263,5.9438,3.2904,3.0808,6.2272,0.0626,2.4801
360.50,6.6624,-0.0823,2.4591,5.9439,3.2904,3.1141,6.2272,0.0626,2.5134
361.00,6.6624,-0.0829,2.4928,5.9441,3.2904,-3.1337,6.2274,0.0625,2.5487
361.50,6.6738,-0.0916,2.4981,5.9565,3.2906,-3.1249,6.2377,0.0557,2.5575
362.00,6.6898,-0.1036,2.4981,5.9736,3.2909,-3.1239,6.2520,0.0462,2.5585
362.50,6.7058,-0.1156,2.4981,5.9929,3.2913,-3.1232,6.2681,0.0356,2.5593
363.00,6.7218,-0.1276,2.4981,6.0135,3.2916,-3.1224,6.2853,0.0243,2.5601
363.50,6.7378,-0.1396,2.4981,6.0341,3.2921,-3.1215,6.1970,0.0102,2.5209
364.00,6.7538,-0.1516,2.4981,6.0552,3.2925,-3.1206,6.2142,-0.0020,2.5218
364.50,6.7698,-0.1636,2.4981,6.0770,3.2930,-3.1192,6.2320,-0.0147,2.5231
365.00,6.7858,-0.1756,2.4981,6.0965,3.2934,-3.1183,6.2478,-0.0260,2.5240
365.50,6.8018,-0.1876,2.4981,6.1153,3.2939,-3.1173,6.2728,-0.0375,2.5216
366.00,6.8178,-0.1996,2.4981,6.1340,3.2943,-3.1159,6.2880,-0.0483,2.5229
366.50,6.8338,-0.2116,2.4981,6.1556,3.2949,-3.1153,6.3056,-0.0609,2.5236
367.00,6.8498,-0.2236,2.4981,6.1764,3.2954,-3.1140,6.3225,-0.0729,2.5248
367.50,6.8658,-0.2356,2.4981,6.1955,3.2960,-3.1132,6.3381,-0.0840,2.5257
368.00,6.8705,-0.2397,2.5203,6.2021,3.2962,-3.0931,6.3427,-0.0890,2.5388
368.50,6.8706,-0.2411,2.5556,6.2041,3.2963,-3.0570,6.3444,-0.0901,2.5748
369.00,6.8706,-0.2430,2.5918,6.2055,3.2964,-3.0200,6.3456,-0.0908,2.6119
369.50,6.8707,-0.2454,2.6291,6.2080,3.2968,-2.9816,6.3478,-0.0921,2.6503
370.00,6.8707,-0.2482,2.6673,6.2113,3.2974,-2.9422,6.3508,-0.0936,2.6897
370.50,6.8708,-0.2515,2.7065,6.2156,3.2983,-2.9023,6.3547,-0.0954,2.7296
371.00,6.8708,-0.2553,2.7469,6.2196,3.2994,-2.8613,6.3586,-0.0970,2.7706
371.50,6.8708,-0.2596,2.7884,6.2228,3.3004,-2.8192,6.3618,-0.0982,2.8127
372.00,6.8709,-0.2644,2.8311,6.2280,3.3023,-2.7760,6.3670,-0.0998,2.8559
372.50,6.8709,-0.2696,2.8750,6.2331,3.3043,-2.7313,6.3723,-0.1012,2.9006
373.00,6.8613,-0.2751,2.9473,6.2287,3.3022,-2.6638,6.3675,-0.1003,2.9680
373.50,6.7949,-0.2884,3.1285,6.1785,3.2691,-2.4778,6.3075,-0.0962,-3.1291
374.00,6.6727,-0.2963,-3.1260,6.0817,3.1877,-2.4375,6.1389,-0.1431,-3.0975
374.50,6.5429,-0.2925,3.0208,5.9793,3.1083,-2.5623,6.0180,-0.1432,3.0574
375.00,6.4162,-0.2785,2.9058,5.8686,3.0464,-2.6859,5.8924,-0.1290,2.9285
375.50,6.3175,-0.2571,2.9523,5.7749,3.0001,-2.6489,5.7788,-0.1170,2.9655
376.00,6.1995,-0.2449,-3.1023,5.6780,2.9348,-2.4251,5.6707,-0.1081,-3.0921
376.50,6.0713,-0.2458,-2.9520,5.5891,2.8412,-2.2606,5.5472,-0.1265,-2.9242
377.00,5.9750,-0.2627,-2.9856,5.5250,2.7629,-2.2821,5.4430,-0.1336,-2.9509
377.50,5.8573,-0.2709,3.0762,5.4406,2.6816,-2.4964,5.3251,-0.1402,3.1110
378.00,5.7290,-0.2663,2.9230,5.3199,2.6079,-2.6614,5.1844,-0.1219,2.9443
378.50,5.6021,-0.2398,2.9507,5.1989,2.5456,-2.6439,5.0570,-0.1143,2.9653
379.00,5.4734,-0.2203,3.0438,5.0779,2.4709,-2.5448,4.9334,-0.1034,3.0679
379.50,5.3437,-0.2099,3.1384,4.9746,2.3939,-2.4452,4.8148,-0.0933,-3.1192
380.00,5.2137,-0.2081,3.1095,4.8724,2.3073,-2.4630,4.6828,-0.0976,3.1387
380.50,5.0838,-0.2022,3.1072,4.7678,2.2266,-2.4769,4.5477,-0.0893,3.1218
381.00,4.9539,-0.2027,-3.1289,4.6686,2.1421,-2.4182,4.4216,-0.0919,-3.0992
381.50,4.8239,-0.2054,-3.1173,4.5670,2.0532,-2.4102,4.2846,-0.0971,-3.0955
382.00,4.6939,-0.2044,3.1010,4.4636,1.9641,-2.4686,4.1544,-0.1007,3.1309
382.50,4.5642,-0.1963,3.0832,4.3598,1.8856,-2.4960,4.0339,-0.0962,3.0989
383.00,4.4342,-0.1945,-3.1368,4.2569,1.8009,-2.4239,3.8966,-0.0963,-3.1087
383.50,4.3042,-0.1927,3.1387,4.1559,1.7154,-2.4364,3.7686,-0.0992,-3.1281
384.00,4.1742,-0.1925,3.1139,4.0488,1.6233,-2.4507,3.6373,-0.1021,-3.1412
384.50,4.0444,-0.1849,3.0838,3.9443,1.5417,-2.4871,3.5113,-0.0986,3.1008
385.00,3.9145,-0.1820,3.1181,3.8443,1.4600,-2.4439,3.3884,-0.0975,-3.1391
385.50,3.7846,-0.1762,3.1094,3.7360,1.3723,-2.4591,3.2491,-0.0958,3.1254
386.00,3.6546,-0.1751,3.1182,3.6313,1.2826,-2.4363,3.1129,-0.0972,-3.1338
386.50,3.5248,-0.1673,3.0784,3.5276,1.1997,-2.4843,2.9926,-0.0947,3.0949
387.00,3.3949,-0.1649,3.1411,3.4227,1.1128,-2.4169,2.8623,-0.0926,-3.1151
387.50,3.2649,-0.1618,3.1211,3.3249,1.0287,-2.4402,2.7443,-0.0946,3.1408
388.00,3.1349,-0.1627,-3.1353,3.2239,0.9385,-2.4056,2.6064,-0.0980,-3.1055
388.50,3.0050,-0.1577,3.0887,3.1217,0.8524,-2.4697,2.4819,-0.0986,3.1095
389.00,2.8751,-0.1552,3.1276,3.0211,0.7686,-2.4261,2.3511,-0.0924,-3.1301
389.50,2.7452,-0.1491,3.0969,2.9223,0.6852,-2.4580,2.2250,-0.0925,3.1195
390.00,2.6152,-0.1487,-3.1153,2.8232,0.5991,-2.3846,2.0974,-0.0939,-3.0938
390.50,2.4852,-0.1496,3.1225,2.7265,0.5099,-2.4280,1.9554,-0.0993,-3.1383
391.00,2.3552,-0.1487,3.1326,2.6263,0.4219,-2.4134,1.8227,-0.1002,-3.1238
391.50,2.2254,-0.1419,3.0748,2.5206,0.3329,-2.4716,1.6950,-0.0983,3.1001
392.00,2.0955,-0.1371,-3.1416,2.4182,0.2486,-2.4083,1.5691,-0.0947,-3.1222
392.50,1.9655,-0.1363,3.1209,2.3237,0.1627,-2.4224,1.4379,-0.0969,-3.1316
393.00,1.8355,-0.1364,-3.1382,2.2253,0.0750,-2.3969,1.3101,-0.0985,-3.1131
393.50,1.7056,-0.1315,3.0771,2.1275,-0.0106,-2.4632,1.1891,-0.1009,3.1044
394.00,1.5758,-0.1250,3.1187,2.0213,-0.0971,-2.4273,1.0464,-0.0958,3.1368
394.50,1.4459,-0.1207,3.1033,1.9230,-0.1830,-2.4377,0.9373,-0.0943,3.1287
395.00,1.3159,-0.1196,-3.1305,1.8253,-0.2689,-2.3889,0.8068,-0.0948,-3.1056
395.50,1.1859,-0.1172,3.0975,1.7275,-0.3578,-2.4369,0.6786,-0.0999,3.1283
396.00,1.0561,-0.1103,3.1087,1.6252,-0.4424,-2.4333,0.5660,-0.0967,3.1297
396.50,0.9262,-0.1066,3.1004,1.5253,-0.5300,-2.4322,0.4371,-0.0944,3.1308
397.00,0.7963,-0.1022,3.1333,1.4241,-0.6168,-2.4062,0.3028,-0.0908,-3.1299
397.50,0.6663,-0.1004,3.1137,1.3209,-0.7114,-2.4157,0.2085,-0.0948,-3.1368
398.00,0.5364,-0.0946,3.1208,1.2198,-0.7984,-2.4186,0.1135,-0.0885,3.1365
398.50,0.4064,-0.0971,-3.1136,1.1240,-0.8903,-2.3597,-0.0219,-0.0919,-3.0808
399.00,0.2764,-0.0980,-3.1386,1.0298,-0.9806,-2.3839,-0.1887,-0.0986,-3.1111
399.50,0.1465,-0.0927,3.0890,0.9317,-1.0696,-2.4344,-0.3289,-0.1018,3.1180
400.00,0.0169,-0.0816,3.0695,0.8302,-1.1517,-2.4625,-0.4703,-0.0917,3.0879
400.50,-0.1130,-0.0785,-3.1415,0.7307,-1.2400,-2.3809,-0.5688,-0.0899,-3.1095
401.00,-0.2430,-0.0780,-3.1339,0.6340,-1.3306,-2.3771,-0.6914,-0.0927,-3.1113
401.50,-0.3730,-0.0810,-3.1259,0.5424,-1.4209,-2.3631,-0.8462,-0.1000,-3.0987
402.00,-0.5030,-0.0780,3.1330,0.4458,-1.5143,-2.3857,-0.9531,-0.1049,-3.1220
402.50,-0.6330,-0.0755,3.1354,0.3495,-1.6041,-2.3847,-1.0958,-0.0998,-3.1227
403.00,-0.7630,-0.0758,3.1364,0.2529,-1.6967,-2.3786,-1.2364,-0.1044,-3.1175
403.50,-0.8930,-0.0729,3.1273,0.1572,-1.7870,-2.3878,-1.3555,-0.1057,-3.1302
404.00,-1.0230,-0.0699,3.1201,0.0578,-1.8802,-2.3930,-1.4749,-0.1072,-3.1354
404.50,-1.1529,-0.0666,3.1184,-0.0440,-1.9743,-2.3944,-1.6010,-0.1079,-3.1391
405.00,-1.2829,-0.0638,3.1171,-0.1432,-2.0665,-2.3952,-1.7334,-0.1086,-3.1399
405.50,-1.4128,-0.0608,3.1195,-0.2377,-2.1536,-2.3943,-1.8613,-0.1086,-3.1390
406.00,-1.5428,-0.0588,3.1196,-0.3343,-2.2439,-2.3924,-1.9878,-0.1095,-3.1353
406.50,-1.6728,-0.0558,3.1206,-0.4363,-2.3383,-2.3926,-2.1160,-0.1100,-3.1356
407.00,-1.8028,-0.0547,3.1228,-0.5379,-2.4339,-2.3867,-2.2530,-0.1114,-3.1297
407.50,-1.9327,-0.0508,3.1183,-0.6344,-2.5233,-2.3949,-2.3835,-0.1120,-3.1396
408.00,-2.0627,-0.0516,3.1307,-0.7340,-2.6177,-2.3767,-2.5043,-0.1137,-3.1203
408.50,-2.1927,-0.0474,3.1158,-0.8295,-2.7067,-2.3961,-2.6384,-0.1150,3.1406
409.00,-2.3227,-0.0483,3.1375,-0.9200,-2.7927,-2.3694,-2.7611,-0.1166,-3.1141
409.50,-2.4526,-0.0433,3.1022,-1.0175,-2.8833,-2.4097,-2.8996,-0.1177,3.1235
410.00,-2.5826,-0.0433,-3.1404,-1.1149,-2.9738,-2.3680,-3.0292,-0.1170,-3.1122
410.50,-2.7126,-0.0401,3.1153,-1.2152,-3.0697,-2.3958,-3.1646,-0.1198,3.1409
411.00,-2.8425,-0.0411,-3.1349,-1.3089,-3.1582,-2.3631,-3.2869,-0.1210,-3.1067
411.50,-2.9725,-0.0425,-3.1186,-1.4041,-3.2522,-2.3522,-3.4204,-0.1257,-3.0952
412.00,-3.1023,-0.0522,-3.0348,-1.4943,-3.3501,-2.2692,-3.5463,-0.1397,-3.0105
412.50,-3.2311,-0.0709,-2.9962,-1.5767,-3.4540,-2.2245,-3.6754,-0.1623,-2.9658
413.00,-3.3594,-0.0975,-2.9528,-1.6565,-3.5624,-2.1814,-3.8024,-0.1883,-2.9250
413.50,-3.4872,-0.1210,-2.9936,-1.7302,-3.6676,-2.2101,-3.9301,-0.2212,-2.9565
414.00,-3.6164,-0.1356,-3.0400,-1.8126,-3.7694,-2.2687,-4.0587,-0.2401,-3.0181
414.50,-3.7451,-0.1545,-2.9601,-1.8915,-3.8708,-2.1892,-4.1783,-0.2607,-2.9375
415.00,-3.8720,-0.1825,-2.8830,-1.9682,-3.9875,-2.1116,-4.3138,-0.2939,-2.8563
415.50,-3.9972,-0.2170,-2.8822,-2.0343,-4.1027,-2.0989,-4.4369,-0.3341,-2.8471
416.00,-4.1234,-0.2474,-2.8960,-2.1008,-4.2108,-2.1234,-4.5627,-0.3680,-2.8728
416.50,-4.2488,-0.2827,-2.8739,-2.1676,-4.3256,-2.0918,-4.6863,-0.4065,-2.8400
417.00,-4.3743,-0.3164,-2.8667,-2.2337,-4.4383,-2.0933,-4.8049,-0.4443,-2.8450
417.50,-4.4989,-0.3558,-2.8418,-2.2969,-4.5529,-2.0665,-4.9359,-0.4846,-2.8113
418.00,-4.6226,-0.3985,-2.8098,-2.3580,-4.6687,-2.0373,-5.0562,-0.5285,-2.7878
418.50,-4.7450,-0.4439,-2.8068,-2.4155,-4.7877,-2.0255,-5.1927,-0.5858,-2.7702
419.00,-4.8698,-0.4805,-2.9112,-2.4799,-4.9041,-2.1319,-5.3088,-0.6181,-2.8824
419.50,-4.9963,-0.5115,-2.8795,-2.5519,-5.0181,-2.1097,-5.4492,-0.6523,-2.8614
420.00,-5.1201,-0.5504,-2.7999,-2.6165,-5.1394,-2.0242,-5.5657,-0.6967,-2.7724
420.50,-5.2418,-0.5968,-2.7752,-2.6717,-5.2583,-1.9957,-5.6605,-0.7464,-2.7439
421.00,-5.3630,-0.6443,-2.7496,-2.7256,-5.3775,-1.9772,-5.8045,-0.7973,-2.7277
421.50,-5.4794,-0.7003,-2.5903,-2.7695,-5.5009,-1.8235,-5.9074,-0.8571,-2.5682
422.00,-5.5820,-0.7720,-2.4026,-2.7897,-5.6267,-1.6340,-6.0208,-0.9362,-2.3811
422.50,-5.6695,-0.8660,-2.2476,-2.7866,-5.7601,-1.4710,-6.1058,-1.0361,-2.2192
423.00,-5.7477,-0.9698,-2.1908,-2.7676,-5.8996,-1.4097,-6.1861,-1.1417,-2.1637
423.50,-5.8195,-1.0772,-2.1432,-2.7424,-6.0338,-1.3619,-6.2500,-1.2466,-2.1136
424.00,-5.8844,-1.1891,-2.0797,-2.7102,-6.1604,-1.2911,-6.3131,-1.3611,-2.0475
424.50,-5.9504,-1.3019,-2.1178,-2.6755,-6.2842,-1.3201,-6.3725,-1.4651,-2.0788
425.00,-6.0247,-1.4095,-2.2103,-2.6479,-6.4193,-1.4154,-6.4419,-1.5824,-2.1798
425.50,-6.1052,-1.5120,-2.2561,-2.6297,-6.5564,-1.4640,-6.5266,-1.6940,-2.2262
426.00,-6.1860,-1.6138,-2.2047,-2.6138,-6.6894,-1.4201,-6.6037,-1.7910,-2.1835
426.50,-6.2585,-1.7216,-2.0573,-2.5846,-6.8194,-1.2718,-6.6664,-1.9047,-2.0270
427.00,-6.2983,-1.7948,-2.0121,-2.5550,-6.9042,-1.2165,-6.7132,-1.9867,-1.9718
427.50,-6.3098,-1.8131,-2.0504,-2.5470,-6.9265,-1.2540,-6.7322,-1.9986,-2.0127
428.00,-6.3125,-1.8132,-2.0885,-2.5459,-6.9299,-1.2911,-6.7338,-2.0018,-2.0498
428.50,-6.3148,-1.8132,-2.1256,-2.5455,-6.9316,-1.3274,-6.7346,-2.0033,-2.0861
429.00,-6.3167,-1.8133,-2.1617,-2.5450,-6.9338,-1.3628,-6.7357,-2.0053,-2.1215
429.50,-6.3181,-1.8133,-2.1969,-2.5446,-6.9356,-1.3972,-6.7368,-2.0069,-2.1559
430.00,-6.3190,-1.8134,-2.2311,-2.5445,-6.9364,-1.4301,-6.7372,-2.0075,-2.1888
430.50,-6.3195,-1.8134,-2.2645,-2.5444,-6.9369,-1.4629,-6.7375,-2.0079,-2.2216
431.00,-6.3196,-1.8135,-2.2971,-2.5444,-6.9371,-1.4944,-6.7376,-2.0081,-2.2531
431.50,-6.3195,-1.8139,-2.3301,-2.5443,-6.9376,-1.5265,-6.7379,-2.0085,-2.2852
432.00,-6.3195,-1.8141,-2.3642,-2.5443,-6.9377,-1.5592,-6.7380,-2.0085,-2.3179
432.50,-6.3197,-1.8142,-2.3979,-2.5443,-6.9383,-1.5921,-6.7384,-2.0090,-2.3508
433.00,-6.3198,-1.8142,-2.4305,-2.5444,-6.9387,-1.6239,-6.7387,-2.0092,-2.3826
433.50,-6.3198,-1.8139,-2.4634,-2.5444,-6.9386,-1.6558,-6.7386,-2.0092,-2.4145
434.00,-6.3197,-1.8132,-2.4972,-2.5443,-6.9382,-1.6888,-6.7383,-2.0089,-2.4475
434.50,-6.3197,-1.8121,-2.5319,-2.5442,-6.9371,-1.7227,-6.7374,-2.0082,-2.4814
435.00,-6.3196,-1.8105,-2.5675,-2.5439,-6.9355,-1.7574,-6.7361,-2.0073,-2.5161
435.50,-6.3196,-1.8084,-2.6041,-2.5434,-6.9333,-1.7926,-6.7343,-2.0060,-2.5513
436.00,-6.3195,-1.8059,-2.6416,-2.5429,-6.9310,-1.8292,-6.7323,-2.0047,-2.5879
436.50,-6.3195,-1.8029,-2.6802,-2.5421,-6.9281,-1.8663,-6.7297,-2.0032,-2.6250
437.00,-6.3194,-1.7995,-2.7198,-2.5410,-6.9248,-1.9050,-6.7267,-2.0015,-2.6637
437.50,-6.3194,-1.7955,-2.7605,-2.5396,-6.9212,-1.9450,-6.7232,-1.9998,-2.7037
438.00,-6.3193,-1.7911,-2.8024,-2.5375,-6.9161,-1.9857,-6.7181,-1.9976,-2.7444
438.50,-6.3193,-1.7861,-2.8455,-2.5358,-6.9124,-2.0276,-6.7144,-1.9961,-2.7863
439.00,-6.3193,-1.7807,-2.8899,-2.5335,-6.9081,-2.0711,-6.7098,-1.9945,-2.8298
439.50,-6.3192,-1.7748,-2.9357,-2.5309,-6.9034,-2.1160,-6.7046,-1.9930,-2.8747
440.00,-6.3192,-1.7684,-2.9830,-2.5275,-6.8981,-2.1621,-6.6985,-1.9914,-2.9208
440.50,-6.3192,-1.7616,-3.0319,-2.5228,-6.8915,-2.2096,-6.6906,-1.9898,-2.9683
441.00,-6.3192,-1.7542,-3.0826,-2.5181,-6.8855,-2.2589,-6.7157,-1.9607,-3.0380
441.50,-6.3192,-1.7464,-3.1353,-2.5129,-6.8795,-2.3105,-6.7243,-1.9446,-3.1006
442.00,-6.3192,-1.7385,3.0948,-2.5179,-6.8846,-2.3628,-6.7314,-1.9446,3.1303
442.50,-6.3192,-1.7311,3.0436,-2.5233,-6.8897,-2.4130,-6.7388,-1.9443,3.0801
443.00,-6.3192,-1.7241,2.9943,-2.5285,-6.8941,-2.4611,-6.7456,-1.9438,3.0319
443.50,-6.3192,-1.7176,2.9467,-2.5337,-6.8981,-2.5080,-6.7521,-1.9429,2.9851
444.00,-6.3193,-1.7116,2.9005,-2.5386,-6.9016,-2.5537,-6.7580,-1.9418,2.9394
444.50,-6.3193,-1.7060,2.8558,-2.5436,-6.9047,-2.5971,-6.7638,-1.9405,2.8959
445.00,-6.3193,-1.7010,2.8124,-2.5484,-6.9075,-2.6397,-6.7691,-1.9391,2.8534
445.50,-6.3194,-1.6964,2.7702,-2.5521,-6.9094,-2.6808,-6.7731,-1.9378,2.8123
446.00,-6.3194,-1.6924,2.7292,-2.5553,-6.9110,-2.7207,-6.7765,-1.9366,2.7724
446.50,-6.3194,-1.6888,2.6893,-2.5584,-6.9123,-2.7595,-6.7795,-1.9353,2.7335
447.00,-6.3195,-1.6857,2.6505,-2.5615,-6.9135,-2.7971,-6.7634,-1.8758,2.6856
447.50,-6.3195,-1.6837,2.6184,-2.5635,-6.9141,-2.8283,-6.7653,-1.8749,2.6543
448.00,-6.3196,-1.6815,2.5815,-2.5656,-6.9148,-2.8646,-6.7672,-1.8738,2.6180
448.50,-6.3196,-1.6797,2.5455,-2.5675,-6.9153,-2.8997,-6.7690,-1.8728,2.5829
449.00,-6.3197,-1.6784,2.5105,-2.5691,-6.9157,-2.9338,-6.7703,-1.8719,2.5488
449.50,-6.3197,-1.6775,2.4763,-2.5697,-6.9158,-2.9670,-6.7708,-1.8715,2.5156
450.00,-6.3198,-1.6771,2.4430,-2.5704,-6.9159,-2.9992,-6.7714,-1.8711,2.4834
450.50,-6.3199,-1.6771,2.4105,-2.5705,-6.9159,-3.0306,-6.7714,-1.8711,2.4520
451.00,-6.3203,-1.6771,2.3773,-2.5709,-6.9159,-3.0629,-6.7717,-1.8708,2.4197
451.50,-6.3205,-1.6772,2.3432,-2.5709,-6.9159,-3.0962,-6.7717,-1.8708,2.3864
452.00,-6.3205,-1.6769,2.3097,-2.5710,-6.9160,-3.1288,-6.7718,-1.8707,2.3539
452.50,-6.3205,-1.6768,2.2772,-2.5711,-6.9160,3.1228,-6.7719,-1.8707,2.3223
453.00,-6.3202,-1.6769,2.2441,-2.5708,-6.9160,3.0907,-6.7717,-1.8709,2.2902
453.50,-6.3194,-1.6770,2.2102,-2.5699,-6.9160,3.0578,-6.7711,-1.8716,2.2573
454.00,-6.3182,-1.6770,2.1753,-2.5680,-6.9162,3.0238,-6.7699,-1.8731,2.2233
454.50,-6.3166,-1.6771,2.1396,-2.5669,-6.9164,2.9892,-6.7693,-1.8740,2.1886
455.00,-6.3144,-1.6771,2.1029,-2.5646,-6.9168,2.9529,-6.7679,-1.8759,2.1524
455.50,-6.3119,-1.6772,2.0652,-2.5615,-6.9174,2.9164,-6.7663,-1.8786,2.1158
456.00,-6.3088,-1.6772,2.0265,-2.5591,-6.9180,2.8784,-6.7650,-1.8807,2.0778
456.50,-6.3053,-1.6773,1.9867,-2.5549,-6.9192,2.8397,-6.7630,-1.8845,2.0392
457.00,-6.3012,-1.6773,1.9458,-2.5518,-6.9203,2.8003,-6.7615,-1.8876,1.9997
457.50,-6.2967,-1.6773,1.9038,-2.5482,-6.9216,2.7593,-6.7600,-1.8911,1.9587
458.00,-6.2917,-1.6774,1.8605,-2.5431,-6.9238,2.7164,-6.7580,-1.8963,1.9158
458.50,-6.2862,-1.6774,1.8159,-2.5375,-6.9265,2.6728,-6.7561,-1.9022,1.8722
459.00,-6.2803,-1.6774,1.7699,-2.5322,-6.9293,2.6281,-6.7544,-1.9079,1.8275
459.50,-6.2738,-1.6774,1.7223,-2.5264,-6.9328,2.5821,-6.7528,-1.9144,1.7815
460.00,-6.2669,-1.6775,1.6732,-2.5218,-6.9358,2.5337,-6.7518,-1.9199,1.7331
460.50,-6.2596,-1.6753,1.6215,-2.5182,-6.9384,2.4792,-6.6868,-1.8651,1.6507
461.00,-6.2635,-1.6272,1.6453,-2.5526,-6.9121,2.5036,-6.6907,-1.8220,1.6752
461.50,-6.2644,-1.5180,1.5424,-2.6388,-6.8438,2.4114,-6.6986,-1.7123,1.5829
462.00,-6.2558,-1.3888,1.4144,-2.7331,-6.7445,2.2741,-6.6830,-1.5757,1.4434
462.50,-6.2383,-1.2602,1.4723,-2.8238,-6.6393,2.3214,-6.6728,-1.4478,1.4929
463.00,-6.2289,-1.1305,1.7004,-2.9222,-6.5528,2.5454,-6.6755,-1.3168,1.7192
463.50,-6.2339,-1.0040,1.8953,-3.0308,-6.4938,2.7442,-6.6956,-1.1970,1.9192
464.00,-6.2692,-0.8842,2.0492,-3.1547,-6.4526,2.9021,-6.7245,-1.0755,2.0748
464.50,-6.3288,-0.7740,2.2086,-3.2811,-6.4324,3.0670,-6.7746,-0.9628,2.2333
465.00,-6.4103,-0.6738,2.2994,-3.4161,-6.4302,-3.1169,-6.8551,-0.8614,2.3326
465.50,-6.4981,-0.5782,2.3233,-3.5509,-6.4354,-3.0892,-6.9431,-0.7708,2.3533
466.00,-6.5861,-0.4823,2.2833,-3.6842,-6.4416,-3.1203,-7.0333,-0.6755,2.3205
466.50,-6.6670,-0.3807,2.2194,-3.8183,-6.4390,3.0947,-7.1161,-0.5787,2.2470
467.00,-6.7421,-0.2754,2.1739,-3.9522,-6.4301,3.0513,-7.1979,-0.4723,2.2049
467.50,-6.8164,-0.1685,2.1953,-4.0891,-6.4176,3.0680,-7.2780,-0.3615,2.2203
468.00,-6.8969,-0.0657,2.2646,-4.2231,-6.4124,3.1406,-7.3600,-0.2693,2.2947
468.50,-6.9807,0.0338,2.2737,-4.3548,-6.4133,-3.1292,-7.4402,-0.1752,2.3046
469.00,-7.0634,0.1339,2.2291,-4.4882,-6.4137,3.1167,-7.5246,-0.0708,2.2649
469.50,-7.1389,0.2392,2.1742,-4.6167,-6.4061,3.0556,-7.6046,0.0307,2.2009
470.00,-7.2134,0.3460,2.2013,-4.7444,-6.3954,3.0788,-7.6844,0.1282,2.2259
470.50,-7.2941,0.4488,2.2555,-4.8781,-6.3910,3.1354,-7.7688,0.2321,2.2859
471.00,-7.3790,0.5472,2.3089,-5.0115,-6.3936,-3.0944,-7.8654,0.3306,2.3382
471.50,-7.4690,0.6406,2.3599,-5.1416,-6.4036,-3.0392,-7.9523,0.4217,2.3911
472.00,-7.5626,0.7306,2.3906,-5.2752,-6.4196,-3.0048,-8.0521,0.5019,2.4255
472.50,-7.6481,0.8132,2.3291,-5.4001,-6.4352,-3.0575,-8.1361,0.5856,2.3692
473.00,-7.7103,0.8865,2.1449,-5.5027,-6.4362,3.0495,-8.2042,0.6623,2.1895
473.50,-7.7595,0.9619,1.8887,-5.5940,-6.4168,2.7969,-8.2494,0.7374,1.9335
474.00,-7.7998,1.0718,1.5997,-5.6959,-6.3624,2.5069,-8.2743,0.8467,1.6435
474.50,-7.8139,1.2015,1.4521,-5.7942,-6.2750,2.3478,-8.2980,0.9616,1.4832
475.00,-7.7980,1.3303,1.4310,-5.8820,-6.1836,2.3254,-8.2989,1.0942,1.4620
475.50,-7.7854,1.4596,1.5461,-5.9743,-6.0928,2.4323,-8.3002,1.2299,1.5666
476.00,-7.7835,1.5895,1.6367,-6.0813,-6.0118,2.5341,-8.3077,1.3573,1.6707
476.50,-7.7878,1.7193,1.6037,-6.1902,-5.9335,2.5035,-8.3027,1.4909,1.6379
477.00,-7.7922,1.8493,1.6084,-6.2965,-5.8545,2.5096,-8.3079,1.6231,1.6427
477.50,-7.7927,1.9792,1.5771,-6.4036,-5.7743,2.4816,-8.3161,1.7467,1.6147
478.00,-7.7871,2.1092,1.5480,-6.5041,-5.6937,2.4515,-8.3199,1.8754,1.5811
478.50,-7.7847,2.2392,1.5661,-6.6048,-5.6108,2.4686,-8.3114,2.0058,1.5982
479.00,-7.7853,2.3692,1.5692,-6.7047,-5.5324,2.4756,-8.3159,2.1328,1.6053
479.50,-7.7809,2.4992,1.5497,-6.8081,-5.4496,2.4572,-8.3192,2.2652,1.5868
480.00,-7.7755,2.6291,1.5378,-6.9067,-5.3681,2.4457,-8.3206,2.3931,1.5718
480.50,-7.7709,2.7590,1.5364,-7.0088,-5.2827,2.4451,-8.3142,2.5262,1.5712
481.00,-7.7691,2.8890,1.5660,-7.1110,-5.1991,2.4744,-8.3122,2.6582,1.6005
481.50,-7.7751,2.9832,1.6175,-7.1894,-5.1402,2.5290,-8.3177,2.7561,1.6516
482.00,-7.7833,3.0148,1.6678,-7.2193,-5.1201,2.5813,-8.3319,2.7919,1.7005
482.50,-7.7902,3.0148,1.7171,-7.2248,-5.1168,2.6313,-8.3328,2.7983,1.7504
483.00,-7.7968,3.0148,1.7648,-7.2304,-5.1137,2.6801,-8.3341,2.8046,1.7993
483.50,-7.8028,3.0148,1.8110,-7.2346,-5.1117,2.7271,-8.3452,2.7891,1.8463
484.00,-7.8083,3.0149,1.8557,-7.2407,-5.1092,2.7732,-8.3471,2.7954,1.8923
484.50,-7.8134,3.0149,1.8992,-7.2451,-5.1076,2.8183,-8.3487,2.7999,1.9374
485.00,-7.8179,3.0149,1.9414,-7.2497,-5.1061,2.8619,-8.3505,2.8042,1.9811
485.50,-7.8220,3.0150,1.9824,-7.2536,-5.1051,2.9044,-8.3522,2.8079,2.0235
486.00,-7.8256,3.0150,2.0223,-7.2568,-5.1044,2.9454,-8.3537,2.8109,2.0646
486.50,-7.8287,3.0151,2.0611,-7.2595,-5.1039,2.9848,-8.3551,2.8133,2.1039
487.00,-7.8313,3.0151,2.0989,-7.2619,-5.1036,3.0237,-8.3563,2.8153,2.1428
487.50,-7.8335,3.0152,2.1357,-7.2644,-5.1033,3.0613,-8.3577,2.8174,2.1804
488.00,-7.8352,3.0152,2.1716,-7.2654,-5.1032,3.0986,-8.3583,2.8182,2.2178
488.50,-7.8365,3.0153,2.2065,-7.2666,-5.1032,3.1348,-8.3590,2.8192,2.2539
489.00,-7.8373,3.0153,2.2405,-7.2679,-5.1032,-3.1135,-8.3598,2.8201,2.2889
489.50,-7.8377,3.0154,2.2737,-7.2683,-5.1032,-3.0790,-8.3601,2.8204,2.3234
490.00,-7.8377,3.0154,2.3062,-7.2684,-5.1033,-3.0451,-8.3602,2.8205,2.3572
490.50,-7.8376,3.0151,2.3395,-7.2680,-5.1032,-3.0108,-8.3599,2.8203,2.3916
491.00,-7.8375,3.0151,2.3737,-7.2679,-5.1032,-2.9760,-8.3599,2.8202,2.4263
491.50,-7.8371,3.0151,2.4070,-7.2676,-5.1031,-2.9416,-8.3596,2.8200,2.4607
492.00,-7.8477,3.0241,2.4676,-7.2816,-5.1064,-2.8851,-8.3711,2.8287,2.5172
492.50,-7.9086,3.0583,2.6455,-7.3400,-5.1272,-2.7108,-8.4460,2.8284,2.6706
493.00,-8.0222,3.0995,2.7644,-7.4469,-5.1866,-2.5820,-8.5687,2.8756,2.8029
493.50,-8.1406,3.1468,2.7404,-7.5534,-5.2538,-2.5962,-8.6878,2.9067,2.7817
494.00,-8.2585,3.2025,2.6685,-7.6658,-5.3170,-2.6671,-8.8071,2.9555,2.7038
494.50,-8.3726,3.2668,2.6216,-7.7829,-5.3733,-2.7161,-8.9232,3.0140,2.6583
495.00,-8.4865,3.3281,2.6760,-7.9073,-5.4321,-2.6648,-9.0460,3.0795,2.7049
495.50,-8.6038,3.3836,2.6913,-8.0211,-5.4944,-2.6403,-9.1549,3.1279,2.7271
496.00,-8.7212,3.4385,2.7170,-8.1303,-5.5548,-2.6168,-9.2796,3.1772,2.7437
496.50,-8.8390,3.4947,2.6785,-8.2511,-5.6234,-2.6500,-9.4073,3.2318,2.7105
497.00,-8.9551,3.5530,2.6915,-8.3667,-5.6844,-2.6421,-9.5157,3.2870,2.7148
497.50,-9.0723,3.6094,2.6796,-8.4793,-5.7467,-2.6478,-9.6333,3.3397,2.7126
498.00,-9.1867,3.6743,2.6115,-8.6003,-5.8069,-2.7138,-9.7543,3.3995,2.6432
498.50,-9.2975,3.7444,2.5767,-8.7212,-5.8591,-2.7500,-9.8686,3.4650,2.6069
499.00,-9.4080,3.8119,2.6068,-8.8447,-5.9110,-2.7233,-9.9843,3.5325,2.6337
499.50,-9.5209,3.8745,2.6566,-8.9659,-5.9676,-2.6736,-10.0922,3.5957,2.6868
500.00,-9.6380,3.9285,2.7295,-9.0789,-6.0304,-2.5972,-10.2105,3.6413,2.7586
500.50,-9.7577,3.9786,2.7278,-9.1854,-6.0971,-2.5893,-10.3280,3.6826,2.7607
501.00,-9.8737,4.0368,2.5993,-9.3024,-6.1613,-2.7113,-10.4592,3.7483,2.6352
501.50,-9.9803,4.1067,2.4647,-9.4191,-6.2057,-2.8454,-10.5542,3.8158,2.4976
502.00,-10.0710,4.1922,2.2772,-9.5453,-6.2333,-3.0298,-10.6611,3.8979,2.3144
502.50,-10.1304,4.2801,2.0512,-9.6512,-6.2340,3.0275,-10.7136,3.9767,2.0908
503.00,-10.1795,4.4002,1.8540,-9.7774,-6.2077,2.8311,-10.7774,4.1038,1.8909
503.50,-10.2181,4.5273,1.7256,-9.9073,-6.1540,2.6926,-10.8105,4.2306,1.7571
504.00,-10.2391,4.6558,1.7298,-10.0331,-6.0928,2.6937,-10.8454,4.3582,1.7640
504.50,-10.2629,4.7837,1.7502,-10.1534,-6.0379,2.7178,-10.8735,4.4774,1.7869
505.00,-10.2851,4.9118,1.7539,-10.2680,-5.9854,2.7178,-10.8999,4.6007,1.7846
505.50,-10.3146,5.0391,1.8051,-10.3909,-5.9329,2.7704,-10.9273,4.7307,1.8360
506.00,-10.3444,5.1528,1.7854,-10.5041,-5.8900,2.7623,-10.9633,4.8473,1.8326
506.50,-10.3661,5.2234,1.5833,-10.5750,-5.8558,2.5688,-10.9794,4.9242,1.6287
507.00,-10.3803,5.2497,1.4336,-10.6031,-5.8344,2.4065,-10.9892,4.9495,1.4629
507.50,-10.3828,5.2497,1.3856,-10.6009,-5.8366,2.3595,-10.9898,4.9464,1.4158
508.00,-10.3776,5.2497,1.3392,-10.6047,-5.8328,2.3141,-10.9889,4.9518,1.3704
508.50,-10.3719,5.2498,1.2942,-10.6079,-5.8292,2.2700,-11.0072,4.9463,1.3298
509.00,-10.3668,5.2498,1.2505,-10.6110,-5.8254,2.2272,-11.0059,4.9511,1.2870
509.50,-10.3621,5.2498,1.2081,-10.6144,-5.8209,2.1853,-11.0042,4.9565,1.2451
510.00,-10.3580,5.2499,1.1669,-10.6175,-5.8163,2.1447,-11.0024,4.9617,1.2046
510.50,-10.3536,5.2537,1.1171,-10.6204,-5.8116,2.0990,-11.0003,4.9668,1.1589
511.00,-10.3379,5.2892,0.9887,-10.6371,-5.7783,1.9716,-10.9833,4.9999,1.0314
511.50,-10.3329,5.2939,0.9415,-10.6408,-5.7690,1.9221,-10.9590,4.9890,0.9750
512.00,-10.3320,5.2939,0.9073,-10.6411,-5.7681,1.8887,-10.9585,4.9897,0.9415
512.50,-10.3315,5.2940,0.8740,-10.6412,-5.7679,1.8566,-10.9583,4.9900,0.9094
513.00,-10.3315,5.2941,0.8415,-10.6413,-5.7677,1.8252,-10.9582,4.9901,0.8781
513.50,-10.3316,5.2945,0.8084,-10.6413,-5.7675,1.7930,-10.9581,4.9903,0.8459
514.00,-10.3316,5.2947,0.7742,-10.6413,-5.7674,1.7600,-10.9580,4.9904,0.8128
514.50,-10.3313,5.2947,0.7407,-10.6414,-5.7671,1.7267,-10.9578,4.9905,0.7796
515.00,-10.3313,5.2948,0.7081,-10.6414,-5.7669,1.6952,-10.9577,4.9907,0.7481
515.50,-10.3313,5.2944,0.6751,-10.6414,-5.7671,1.6633,-10.9578,4.9905,0.7161
516.00,-10.3314,5.2937,0.6412,-10.6413,-5.7681,1.6300,-10.9586,4.9899,0.6829
516.50,-10.3314,5.2925,0.6065,-10.6413,-5.7698,1.5965,-10.9599,4.9889,0.6493
517.00,-10.3315,5.2909,0.5708,-10.6412,-5.7723,1.5618,-10.9619,4.9874,0.6146
517.50,-10.3315,5.2888,0.5341,-10.6413,-5.7738,1.5260,-10.9632,4.9866,0.5788
518.00,-10.3316,5.2862,0.4965,-10.6415,-5.7770,1.4894,-10.9659,4.9848,0.5422
518.50,-10.3316,5.2832,0.4578,-10.6419,-5.7809,1.4516,-10.9693,4.9829,0.5044
519.00,-10.3317,5.2797,0.4181,-10.6424,-5.7845,1.4132,-10.9725,4.9812,0.4661
519.50,-10.3317,5.2757,0.3773,-10.6431,-5.7887,1.3735,-10.9764,4.9793,0.4264
520.00,-10.3318,5.2712,0.3353,-10.6444,-5.7944,1.3322,-10.9817,4.9770,0.3850
520.50,-10.3318,5.2662,0.2921,-10.6459,-5.8000,1.2898,-10.9871,4.9750,0.3427
521.00,-10.3318,5.2608,0.2475,-10.6477,-5.8059,1.2459,-10.9930,4.9730,0.2987
521.50,-10.3318,5.2548,0.2016,-10.6493,-5.8103,1.2008,-10.9975,4.9718,0.2537
522.00,-10.3319,5.2484,0.1542,-10.6511,-5.8146,1.1541,-11.0021,4.9707,0.2070
522.50,-10.3319,5.2415,0.1051,-10.6541,-5.8211,1.1058,-11.0091,4.9694,0.1586
523.00,-10.3319,5.2341,0.0542,-10.6578,-5.8279,1.0564,-11.0167,4.9684,0.1092
523.50,-10.3319,5.2262,0.0014,-10.6615,-5.8341,1.0047,-10.9643,4.9314,0.0400
524.00,-10.3319,5.2183,-0.0516,-10.6571,-5.8275,0.9520,-10.9564,4.9315,-0.0126
524.50,-10.3319,5.2109,-0.1026,-10.6513,-5.8197,0.9019,-10.9467,4.9311,-0.0627
525.00,-10.3319,5.2040,-0.1517,-10.6467,-5.8142,0.8534,-10.9396,4.9305,-0.1113
525.50,-10.3318,5.1975,-0.1992,-10.6422,-5.8092,0.8059,-10.9329,4.9296,-0.1587
526.00,-10.3318,5.1916,-0.2452,-10.6379,-5.8049,0.7610,-10.9269,4.9286,-0.2036
526.50,-10.3318,5.1861,-0.2899,-10.6337,-5.8012,0.7171,-10.9214,4.9273,-0.2475
527.00,-10.3318,5.1811,-0.3331,-10.6298,-5.7979,0.6744,-10.9166,4.9260,-0.2902
527.50,-10.3317,5.1766,-0.3752,-10.6263,-5.7952,0.6329,-10.9123,4.9246,-0.3317
528.00,-10.3317,5.1726,-0.4161,-10.6235,-5.7932,0.5930,-10.9486,4.8747,-0.3786
528.50,-10.3316,5.1690,-0.4559,-10.6211,-5.7917,0.5543,-10.9460,4.8736,-0.4173
529.00,-10.3316,5.1660,-0.4946,-10.6183,-5.7900,0.5163,-10.9431,4.8722,-0.4552
529.50,-10.3315,5.1634,-0.5322,-10.6167,-5.7892,0.4794,-10.9414,4.8714,-0.4922
530.00,-10.3315,5.1613,-0.5689,-10.6146,-5.7881,0.4437,-10.9393,4.8702,-0.5279
530.50,-10.3314,5.1596,-0.6047,-10.6129,-5.7873,0.4088,-10.9377,4.8693,-0.5627
531.00,-10.3314,5.1586,-0.6311,-10.6123,-5.7871,0.3802,-10.9372,4.8689,-0.5913
531.50,-10.3314,5.1586,-0.6311,-10.6123,-5.7871,0.3810,-10.9372,4.8689,-0.5906
532.00,-10.3314,5.1586,-0.6311,-10.6123,-5.7871,0.3819,-10.9372,4.8689,-0.5897
532.50,-10.3314,5.1586,-0.6311,-10.6123,-5.7871,0.3832,-10.9372,4.8689,-0.5884
533.00,-10.3314,5.1586,-0.6331,-10.6122,-5.7870,0.3840,-10.9371,4.8689,-0.5876
533.50,-10.3313,5.1578,-0.6667,-10.6117,-5.7868,0.3520,-10.9367,4.8685,-0.6195
534.00,-10.3313,5.1574,-0.7000,-10.6112,-5.7867,0.3197,-10.9363,4.8683,-0.6519
534.50,-10.3312,5.1574,-0.7325,-10.6112,-5.7867,0.2884,-10.9362,4.8682,-0.6831
535.00,-10.3308,5.1574,-0.7657,-10.6106,-5.7865,0.2561,-10.9358,4.8678,-0.7155
535.50,-10.3306,5.1575,-0.7999,-10.6103,-5.7864,0.2232,-10.9355,4.8676,-0.7484
536.00,-10.3306,5.1572,-0.8333,-10.6102,-5.7864,0.1906,-10.9355,4.8676,-0.7809
536.50,-10.3305,5.1572,-0.8658,-10.6103,-5.7864,0.1596,-10.9355,4.8677,-0.8120
537.00,-10.3309,5.1572,-0.8989,-10.6105,-5.7864,0.1271,-10.9357,4.8678,-0.8445
537.50,-10.3317,5.1573,-0.9329,-10.6117,-5.7866,0.0947,-10.9364,4.8687,-0.8769
538.00,-10.3329,5.1573,-0.9678,-10.6135,-5.7867,0.0604,-10.9376,4.8701,-0.9112
538.50,-10.3346,5.1574,-1.0036,-10.6150,-5.7868,0.0254,-10.9385,4.8713,-0.9462
539.00,-10.3367,5.1574,-1.0403,-10.6169,-5.7868,-0.0103,-10.9396,4.8729,-0.9819
539.50,-10.3393,5.1575,-1.0780,-10.6186,-5.7867,-0.0466,-10.9405,4.8743,-1.0182
540.00,-10.3424,5.1575,-1.1168,-10.6224,-5.7865,-0.0838,-10.9424,4.8776,-1.0554
540.50,-10.3460,5.1576,-1.1566,-10.6257,-5.7861,-0.1227,-10.9440,4.8805,-1.0943
541.00,-10.3497,5.1568,-1.1997,-10.6266,-5.7860,-0.1628,-10.9444,4.8814,-1.1344
541.50,-10.3514,5.1169,-1.3501,-10.5896,-5.7949,-0.3048,-10.9309,4.8458,-1.2764
542.00,-10.3566,5.0135,-1.4938,-10.4974,-5.8337,-0.4560,-10.9569,4.7188,-1.4625
542.50,-10.3474,4.8926,-1.4571,-10.3895,-5.8868,-0.4288,-10.9641,4.5992,-1.4318
543.00,-10.3289,4.7747,-1.2536,-10.2753,-5.9277,-0.2301,-10.9374,4.4810,-1.2296
543.50,-10.2920,4.6554,-1.0983,-10.1509,-5.9445,-0.0635,-10.8890,4.3624,-1.0653
544.00,-10.2331,4.5404,-1.0959,-10.0211,-5.9505,-0.0507,-10.8338,4.2500,-1.0572
544.50,-10.1797,4.4217,-1.2400,-9.8852,-5.9649,-0.1880,-10.7795,4.1276,-1.1967
545.00,-10.1367,4.2963,-1.3482,-9.7544,-5.9991,-0.3039,-10.7363,3.9989,-1.3174
545.50,-10.1052,4.1700,-1.2901,-9.6307,-6.0365,-0.2552,-10.6983,3.8798,-1.2687
546.00,-10.0651,4.0499,-1.0913,-9.5073,-6.0578,-0.0603,-10.6514,3.7637,-1.0703
546.50,-10.0047,3.9400,-0.9432,-9.3851,-6.0547,0.0978,-10.5891,3.6550,-0.9122
547.00,-9.9261,3.8370,-0.8931,-9.2506,-6.0373,0.1517,-10.5026,3.5480,-0.8627
547.50,-9.8436,3.7364,-0.8802,-9.1208,-6.0163,0.1671,-10.4220,3.4491,-0.8507
548.00,-9.7636,3.6340,-0.9552,-8.9960,-5.9982,0.1000,-10.3409,3.3526,-0.9196
548.50,-9.6921,3.5256,-1.0086,-8.8659,-5.9894,0.0451,-10.2713,3.2467,-0.9802
549.00,-9.6236,3.4152,-1.0055,-8.7307,-5.9844,0.0454,-10.1957,3.1337,-0.9794
549.50,-9.5502,3.3067,-0.9714,-8.5950,-5.9757,0.0826,-10.1180,3.0282,-0.9411
550.00,-9.4767,3.1994,-0.9676,-8.4618,-5.9645,0.0878,-10.0438,2.9263,-0.9388
550.50,-9.4010,3.0931,-0.9461,-8.3269,-5.9512,0.1103,-9.9626,2.8163,-0.9168
551.00,-9.3238,2.9882,-0.9331,-8.1992,-5.9361,0.1241,-9.8817,2.7158,-0.9024
551.50,-9.2459,2.8839,-0.9268,-8.0710,-5.9196,0.1321,-9.8039,2.6149,-0.8976
552.00,-9.1687,2.7796,-0.9373,-7.9386,-5.9025,0.1235,-9.7225,2.5103,-0.9074
552.50,-9.0918,2.6748,-0.9391,-7.8058,-5.8860,0.1231,-9.6422,2.4075,-0.9079
553.00,-9.0160,2.5694,-0.9496,-7.6780,-5.8708,0.1137,-9.5622,2.3069,-0.9189
553.50,-8.9398,2.4639,-0.9417,-7.5463,-5.8555,0.1217,-9.4815,2.2017,-0.9121
554.00,-8.8645,2.3583,-0.9592,-7.4149,-5.8398,0.1089,-9.4017,2.0968,-0.9273
554.50,-8.7889,2.2522,-0.9437,-7.2795,-5.8246,0.1216,-9.3197,1.9880,-0.9146
555.00,-8.7117,2.1474,-0.9349,-7.1464,-5.8074,0.1324,-9.2429,1.8924,-0.9037
555.50,-8.6342,2.0429,-0.9306,-7.0159,-5.7897,0.1376,-9.1610,1.7894,-0.9021
556.00,-8.5572,1.9384,-0.9420,-6.8854,-5.7720,0.1273,-9.0797,1.6858,-0.9106
556.50,-8.4804,1.8334,-0.9327,-6.7509,-5.7547,0.1339,-9.0017,1.5789,-0.9040
557.00,-8.4022,1.7294,-0.9398,-6.6102,-5.7345,0.1343,-8.9167,1.4825,-0.9053
557.50,-8.3281,1.6232,-0.9641,-6.4770,-5.7188,0.1064,-8.8401,1.3756,-0.9339
558.00,-8.2526,1.5169,-0.9424,-6.3427,-5.7035,0.1270,-8.7590,1.2675,-0.9127
558.50,-8.1756,1.4121,-0.9396,-6.2107,-5.6859,0.1333,-8.6854,1.1725,-0.9058
559.00,-8.1006,1.3063,-0.9736,-6.0778,-5.6695,0.1035,-8.5997,1.0665,-0.9379
559.50,-8.0317,1.1967,-1.0182,-5.9479,-5.6601,0.0542,-8.5348,0.9592,-0.9872
560.00,-7.9603,1.0871,-0.9815,-5.8201,-5.6513,0.0897,-8.4669,0.8587,-0.9535
560.50,-7.8855,0.9801,-0.9584,-5.6903,-5.6376,0.1174,-8.3824,0.7535,-0.9263
561.00,-7.8114,0.8734,-0.9633,-5.5590,-5.6226,0.1138,-8.3039,0.6476,-0.9293
561.50,-7.7356,0.7673,-0.9417,-5.4289,-5.6067,0.1337,-8.2247,0.5433,-0.9124
562.00,-7.6566,0.6634,-0.9078,-5.2979,-5.5869,0.1689,-8.1447,0.4399,-0.8777
562.50,-7.5746,0.5621,-0.8826,-5.1635,-5.5617,0.1968,-8.0518,0.3411,-0.8515
563.00,-7.4918,0.4619,-0.8813,-5.0346,-5.5354,0.2021,-7.9675,0.2425,-0.8463
563.50,-7.4096,0.3613,-0.8853,-4.9048,-5.5093,0.1992,-7.8844,0.1480,-0.8544
564.00,-7.3270,0.2608,-0.8844,-4.7801,-5.4838,0.2039,-7.8045,0.0524,-0.8532
564.50,-7.2471,0.1588,-0.9162,-4.6587,-5.4609,0.1733,-7.7188,-0.0459,-0.8837
565.00,-7.1674,0.0559,-0.9026,-4.5293,-5.4379,0.1853,-7.6328,-0.1488,-0.8747
565.50,-7.0845,-0.0447,-0.8647,-4.4038,-5.4121,0.2224,-7.5503,-0.2456,-0.8376
566.00,-6.9985,-0.1422,-0.8360,-4.2792,-5.3818,0.2540,-7.4608,-0.3396,-0.8048
566.50,-6.9127,-0.2398,-0.8687,-4.1538,-5.3507,0.2243,-7.3723,-0.4334,-0.8380
567.00,-6.8295,-0.3397,-0.8739,-4.0281,-5.3230,0.2169,-7.2893,-0.5328,-0.8466
567.50,-6.7448,-0.4383,-0.8494,-3.8964,-5.2922,0.2418,-7.1945,-0.6359,-0.8205
568.00,-6.6576,-0.5346,-0.8243,-3.7582,-5.2560,0.2689,-7.1016,-0.7319,-0.7934
568.50,-6.5693,-0.6300,-0.8269,-3.6269,-5.2196,0.2694,-7.0128,-0.8187,-0.7953
569.00,-6.4825,-0.7269,-0.8564,-3.4965,-5.1854,0.2392,-6.9228,-0.9161,-0.8255
569.50,-6.4009,-0.8282,-0.9439,-3.3713,-5.1593,0.1570,-6.8444,-1.0121,-0.9076
570.00,-6.3282,-0.9374,-1.0604,-3.2326,-5.1452,0.0435,-6.7666,-1.1282,-1.0229
570.50,-6.2641,-1.0528,-1.2851,-3.1012,-5.1521,-0.1740,-6.7090,-1.2362,-1.2427
571.00,-6.2074,-1.1621,-1.5947,-2.9848,-5.1891,-0.4784,-6.6695,-1.3472,-1.5518
571.50,-6.1941,-1.2845,-1.8249,-2.8822,-5.2617,-0.7215,-6.6385,-1.4620,-1.7948
572.00,-6.2252,-1.4091,-1.8677,-2.7844,-5.3546,-0.7740,-6.6485,-1.5925,-1.8428
572.50,-6.2586,-1.5082,-1.7430,-2.7066,-5.4253,-0.6577,-6.6695,-1.6896,-1.7241
573.00,-6.2839,-1.6114,-1.4403,-2.6147,-5.4771,-0.3573,-6.6704,-1.7950,-1.4237
573.50,-6.2782,-1.7373,-1.2514,-2.4878,-5.5092,-0.1562,-6.6752,-1.9114,-1.2208
574.00,-6.2415,-1.8499,-1.2340,-2.3638,-5.5255,-0.1280,-6.6532,-2.0334,-1.1944
574.50,-6.2098,-1.9434,-1.3811,-2.2624,-5.5433,-0.2633,-6.6195,-2.1306,-1.3350
575.00,-6.1862,-2.0412,-1.6911,-2.1673,-5.5855,-0.5716,-6.6063,-2.2233,-1.6490
575.50,-6.1920,-2.1681,-1.8537,-2.0631,-5.6676,-0.7456,-6.6082,-2.3505,-1.8231
576.00,-6.2220,-2.2709,-1.8428,-1.9819,-5.7448,-0.7437,-6.6188,-2.4540,-1.8170
576.50,-6.2442,-2.3662,-1.6553,-1.8998,-5.8097,-0.5662,-6.6431,-2.5506,-1.6373
577.00,-6.2563,-2.4939,-1.4049,-1.7793,-5.8648,-0.3065,-6.6319,-2.6739,-1.3764
577.50,-6.2378,-2.6211,-1.3437,-1.6523,-5.8982,-0.2328,-6.6220,-2.8012,-1.3062
578.00,-6.2141,-2.7487,-1.4317,-1.5239,-5.9330,-0.3157,-6.6055,-2.9276,-1.3942
578.50,-6.1992,-2.8778,-1.4803,-1.4026,-5.9754,-0.3604,-6.5797,-3.0530,-1.4407
579.00,-6.1930,-3.0076,-1.5913,-1.2748,-6.0330,-0.4762,-6.5767,-3.1928,-1.5606
579.50,-6.1929,-3.1376,-1.5215,-1.1581,-6.0913,-0.4173,-6.5675,-3.3133,-1.4994
580.00,-6.1843,-3.2664,-1.3726,-1.0334,-6.1352,-0.2646,-6.5543,-3.4440,-1.3444
580.50,-6.1636,-3.3925,-1.2839,-0.9113,-6.1619,-0.1681,-6.5298,-3.5641,-1.2485
581.00,-6.1293,-3.5175,-1.3278,-0.7835,-6.1840,-0.2005,-6.4988,-3.6872,-1.2861
581.50,-6.1032,-3.6452,-1.4269,-0.6585,-6.2171,-0.3054,-6.4599,-3.8128,-1.3980
582.00,-6.0815,-3.7735,-1.3590,-0.5373,-6.2536,-0.2472,-6.4382,-3.9403,-1.3369
582.50,-6.0509,-3.8984,-1.2337,-0.4122,-6.2763,-0.1156,-6.3970,-4.0632,-1.2047
583.00,-6.0093,-4.0207,-1.2423,-0.2834,-6.2896,-0.1141,-6.3515,-4.1835,-1.2043
583.50,-5.9682,-4.1441,-1.2378,-0.1458,-6.3069,-0.1132,-6.3147,-4.3184,-1.2075
584.00,-5.9206,-4.2659,-1.1800,-0.0103,-6.3196,-0.0583,-6.2583,-4.4348,-1.1515
584.50,-5.8648,-4.3848,-1.1322,0.1235,-6.3238,-0.0063,-6.2009,-4.5558,-1.0988
585.00,-5.8104,-4.5026,-1.1410,0.2615,-6.3245,-0.0127,-6.1378,-4.6686,-1.1087
585.50,-5.7585,-4.6203,-1.1574,0.3903,-6.3270,-0.0262,-6.0812,-4.7843,-1.1222
586.00,-5.7225,-4.7015,-1.1971,0.4820,-6.3309,-0.0659,-6.0427,-4.8676,-1.1620
586.50,-5.7109,-4.7255,-1.2382,0.5122,-6.3333,-0.1069,-6.0310,-4.8856,-1.2029
587.00,-5.7133,-4.7254,-1.2815,0.5104,-6.3330,-0.1499,-6.0316,-4.8838,-1.2460
587.50,-5.7188,-4.7254,-1.3261,0.5060,-6.3322,-0.1939,-6.0329,-4.8796,-1.2900
588.00,-5.7247,-4.7254,-1.3721,0.5011,-6.3311,-0.2385,-6.0342,-4.8747,-1.3346
588.50,-5.7312,-4.7254,-1.4196,0.4947,-6.3294,-0.2849,-6.0355,-4.8683,-1.3810
589.00,-5.7382,-4.7253,-1.4688,0.4885,-6.3274,-0.3329,-6.0366,-4.8618,-1.4289
589.50,-5.7456,-4.7253,-1.5198,0.4823,-6.3251,-0.3836,-6.0374,-4.8552,-1.4797
590.00,-5.7535,-4.7253,-1.5728,0.4756,-6.3221,-0.4363,-6.0378,-4.8479,-1.5324
590.50,-5.7613,-4.7253,-1.6256,0.4811,-6.3249,-0.4890,-6.0377,-4.8541,-1.5850
591.00,-5.7639,-4.7438,-1.6207,0.5001,-6.3353,-0.4919,-6.0383,-4.8757,-1.5880
591.50,-5.7554,-4.8229,-1.4772,0.5708,-6.3662,-0.3455,-6.0335,-4.9528,-1.4415
592.00,-5.7400,-4.9493,-1.4532,0.6963,-6.4082,-0.3184,-6.0529,-5.1135,-1.4237
592.50,-5.7262,-5.0785,-1.4990,0.8204,-6.4494,-0.3516,-6.0339,-5.2429,-1.4581
593.00,-5.7211,-5.2083,-1.6819,0.9431,-6.5057,-0.5301,-6.0291,-5.3678,-1.6401
593.50,-5.7264,-5.3361,-1.8298,1.0521,-6.5804,-0.6799,-6.0374,-5.4985,-1.7934
594.00,-5.7562,-5.4601,-1.9092,1.1490,-6.6667,-0.7628,-6.0458,-5.6235,-1.8741
594.50,-5.8009,-5.5804,-2.0161,1.2380,-6.7599,-0.8675,-6.0865,-5.7447,-1.9741
595.00,-5.8566,-5.6954,-2.0884,1.3166,-6.8608,-0.9426,-6.1380,-5.8601,-2.0514
595.50,-5.9235,-5.8065,-2.1581,1.3895,-6.9672,-1.0077,-6.1941,-5.9729,-2.1177
596.00,-5.9963,-5.9056,-2.2489,1.4530,-7.0796,-1.1014,-6.2665,-6.0797,-2.2114
596.50,-6.0407,-5.9587,-2.2822,1.4848,-7.1450,-1.1352,-6.3106,-6.1376,-2.2487
597.00,-6.0481,-5.9675,-2.3148,1.4917,-7.1600,-1.1667,-6.3211,-6.1504,-2.2803
597.50,-6.0480,-5.9679,-2.3485,1.4919,-7.1603,-1.1995,-6.3213,-6.1507,-2.3130
598.00,-6.0481,-5.9680,-2.3826,1.4921,-7.1607,-1.2325,-6.3215,-6.1510,-2.3461
598.50,-6.0484,-5.9681,-2.4156,1.4921,-7.1607,-1.2646,-6.3215,-6.1510,-2.3781
599.00,-6.0483,-5.9680,-2.4482,1.4921,-7.1606,-1.2965,-6.3214,-6.1510,-2.4100
599.50,-6.0483,-5.9675,-2.4816,1.4920,-7.1602,-1.3288,-6.3211,-6.1507,-2.4424
600.00,-6.0482,-5.9665,-2.5158,1.4918,-7.1592,-1.3622,-6.3203,-6.1501,-2.4757
600.50,-6.0482,-5.9651,-2.5510,1.4913,-7.1571,-1.3965,-6.3186,-6.1487,-2.5100
601.00,-6.0481,-5.9633,-2.5872,1.4911,-7.1553,-1.4314,-6.3171,-6.1477,-2.5449
601.50,-6.0481,-5.9610,-2.6242,1.4907,-7.1526,-1.4678,-6.3149,-6.1463,-2.5813
602.00,-6.0480,-5.9582,-2.6623,1.4905,-7.1499,-1.5049,-6.3125,-6.1448,-2.6184
602.50,-6.0480,-5.9550,-2.7014,1.4903,-7.1456,-1.5435,-6.3087,-6.1428,-2.6570
603.00,-6.0479,-5.9512,-2.7417,1.4903,-7.1436,-1.5826,-6.3069,-6.1418,-2.6961
603.50,-6.0479,-5.9470,-2.7830,1.4904,-7.1388,-1.6236,-6.3026,-6.1399,-2.7371
604.00,-6.0479,-5.9423,-2.8255,1.4908,-7.1340,-1.6651,-6.2981,-6.1381,-2.7786
604.50,-6.0478,-5.9371,-2.8693,1.4914,-7.1288,-1.7085,-6.2932,-6.1363,-2.8220
605.00,-6.0478,-5.9315,-2.9145,1.4923,-7.1232,-1.7523,-6.2877,-6.1346,-2.8658
605.50,-6.0478,-5.9253,-2.9611,1.4935,-7.1172,-1.7983,-6.2818,-6.1331,-2.9118
606.00,-6.0478,-5.9186,-3.0092,1.4953,-7.1105,-1.8454,-6.2750,-6.1317,-2.9589
606.50,-6.0478,-5.9125,-3.0522,1.4969,-7.1053,-1.8888,-6.3092,-6.0930,-3.0128
607.00,-6.0477,-5.9069,-3.0906,1.4986,-7.1003,-1.9264,-6.3039,-6.0924,-3.0503
607.50,-6.0477,-5.9010,-3.1301,1.5009,-7.0944,-1.9653,-6.2976,-6.0919,-3.0892
608.00,-6.0477,-5.8951,3.1130,1.5005,-7.0954,-2.0049,-6.2987,-6.0919,-3.1288
608.50,-6.0477,-5.8893,3.0739,1.4983,-7.0998,-2.0432,-6.3037,-6.0919,3.1160
609.00,-6.0478,-5.8838,3.0360,1.4950,-7.1060,-2.0805,-6.3107,-6.0916,3.0787
609.50,-6.0478,-5.8786,2.9990,1.4917,-7.1116,-2.1169,-6.3172,-6.0911,3.0423
610.00,-6.0478,-5.8736,2.9630,1.4888,-7.1162,-2.1516,-6.3226,-6.0904,3.0076
610.50,-6.0478,-5.8687,2.9255,1.4865,-7.1196,-2.1880,-6.3266,-6.0898,2.9712
611.00,-6.0478,-5.8630,2.8800,1.4835,-7.1237,-2.2329,-6.3316,-6.0888,2.9263
611.50,-6.0479,-5.8576,2.8359,1.4805,-7.1273,-2.2763,-6.3362,-6.0877,2.8829
612.00,-6.0479,-5.8528,2.7931,1.4768,-7.1315,-2.3181,-6.3416,-6.0862,2.8411
612.50,-6.0479,-5.8485,2.7514,1.4737,-7.1347,-2.3596,-6.3458,-6.0848,2.7996
613.00,-6.0480,-5.8447,2.7110,1.4704,-7.1379,-2.3994,-6.3501,-6.0832,2.7598
613.50,-6.0480,-5.8413,2.6716,1.4681,-7.1399,-2.4384,-6.3529,-6.0820,2.7208
614.00,-6.0481,-5.8384,2.6333,1.4661,-7.1415,-2.4755,-6.3552,-6.0809,2.6837
614.50,-6.0481,-5.8360,2.5959,1.4636,-7.1434,-2.5122,-6.3580,-6.0795,2.6470
615.00,-6.0482,-5.8340,2.5596,1.4624,-7.1442,-2.5474,-6.3593,-6.0787,2.6118
615.50,-6.0482,-5.8325,2.5242,1.4604,-7.1456,-2.5821,-6.3227,-6.0099,2.5632
616.00,-6.0483,-5.8315,2.4897,1.4598,-7.1459,-2.6158,-6.3233,-6.0094,2.5294
616.50,-6.0483,-5.8309,2.4568,1.4593,-7.1462,-2.6464,-6.3237,-6.0091,2.4989
617.00,-6.0484,-5.8307,2.4240,1.4591,-7.1463,-2.6785,-6.3240,-6.0090,2.4667
617.50,-6.0487,-5.8308,2.3913,1.4588,-7.1464,-2.7103,-6.3242,-6.0088,2.4349
618.00,-6.0490,-5.8308,2.3574,1.4585,-7.1466,-2.7426,-6.3245,-6.0086,2.4026
618.50,-6.0490,-5.8307,2.3235,1.4582,-7.1467,-2.7763,-6.3247,-6.0084,2.3689
619.00,-6.0491,-5.8305,2.2907,1.4578,-7.1468,-2.8091,-6.3250,-6.0081,2.3361
619.50,-6.0490,-5.8305,2.2580,1.4580,-7.1468,-2.8405,-6.3248,-6.0082,2.3047
620.00,-6.0484,-5.8306,2.2244,1.4586,-7.1466,-2.8731,-6.3245,-6.0086,2.2721
620.50,-6.0473,-5.8307,2.1899,1.4596,-7.1464,-2.9070,-6.3238,-6.0094,2.2382
621.00,-6.0459,-5.8307,2.1546,1.4614,-7.1459,-2.9413,-6.3227,-6.0110,2.2039
621.50,-6.0439,-5.8308,2.1183,1.4630,-7.1457,-2.9772,-6.3218,-6.0122,2.1681
622.00,-6.0415,-5.8308,2.0810,1.4657,-7.1453,-3.0136,-6.3203,-6.0145,2.1317
622.50,-6.0387,-5.8309,2.0427,1.4675,-7.1451,-3.0510,-6.3193,-6.0161,2.0942
623.00,-6.0355,-5.8309,2.0054,1.4708,-7.1448,-3.0867,-6.3177,-6.0190,2.0586
623.50,-6.0327,-5.8309,1.9753,1.4732,-7.1447,-3.1158,-6.3166,-6.0212,2.0295
624.00,-6.0297,-5.8310,1.9445,1.4767,-7.1447,3.1373,-6.3151,-6.0243,1.9993
624.50,-6.0263,-5.8310,1.9130,1.4802,-7.1447,3.1066,-6.3137,-6.0275,1.9687
625.00,-6.0227,-5.8310,1.8809,1.4834,-7.1449,3.0758,-6.3125,-6.0304,1.9378
625.50,-6.0188,-5.8310,1.8480,1.4875,-7.1452,3.0441,-6.3111,-6.0343,1.9062
626.00,-6.0146,-5.8311,1.8144,1.4924,-7.1458,3.0113,-6.3095,-6.0390,1.8734
626.50,-6.0102,-5.8311,1.7800,1.4974,-7.1465,2.9776,-6.3081,-6.0439,1.8396
627.00,-6.0055,-5.8311,1.7447,1.5019,-7.1474,2.9430,-6.3069,-6.0483,1.8050
627.50,-6.0005,-5.8311,1.7086,1.5076,-7.1486,2.9077,-6.3057,-6.0540,1.7698
628.00,-5.9952,-5.8311,1.6715,1.5123,-7.1498,2.8711,-6.2704,-6.0099,1.7052
628.50,-5.9897,-5.8311,1.6334,1.5180,-7.1515,2.8334,-6.2697,-6.0157,1.6675
629.00,-5.9839,-5.8311,1.5943,1.5235,-7.1533,2.7952,-6.2693,-6.0215,1.6293
629.50,-5.9774,-5.8311,1.5495,1.5248,-7.1538,2.7526,-6.2692,-6.0229,1.5867
630.00,-5.9697,-5.8311,1.4974,1.5177,-7.1507,2.7014,-6.2691,-6.0151,1.5356
630.50,-5.9609,-5.8212,1.4184,1.5057,-7.1445,2.6284,-6.2682,-6.0017,1.4626
631.00,-5.9428,-5.7568,1.2076,1.4553,-7.1082,2.4194,-6.2547,-5.9410,1.2535
631.50,-5.9016,-5.6466,1.0832,1.3717,-7.0215,2.2850,-6.1747,-5.8201,1.1157
632.00,-5.8437,-5.5383,1.1076,1.2863,-6.9222,2.3010,-6.1298,-5.7128,1.1351
632.50,-5.7973,-5.4468,1.2880,1.2106,-6.8490,2.4714,-6.0924,-5.6144,1.3055
633.00,-5.7606,-5.3214,1.5264,1.0976,-6.7815,2.7183,-6.0647,-5.4841,1.5560
633.50,-5.7502,-5.1958,1.5979,0.9699,-6.7323,2.8035,-6.0508,-5.3581,1.6358
634.00,-5.7480,-5.0934,1.4735,0.8741,-6.6944,2.6902,-6.0537,-5.2605,1.5208
634.50,-5.7354,-4.9678,1.2905,0.7681,-6.6288,2.4976,-6.0242,-5.1476,1.3248
635.00,-5.7007,-4.8440,1.2754,0.6651,-6.5474,2.4727,-6.0151,-5.0110,1.3033
635.50,-5.6683,-4.7310,1.4316,0.5653,-6.4767,2.6186,-5.9897,-4.8914,1.4509
636.00,-5.6455,-4.6058,1.6896,0.4525,-6.4313,2.8852,-5.9888,-4.7799,1.7211
636.50,-5.6563,-4.4802,1.7659,0.3221,-6.4050,2.9743,-5.9909,-4.6439,1.8050
637.00,-5.6770,-4.3662,1.6681,0.2035,-6.3812,2.8823,-6.0071,-4.5286,1.7072
637.50,-5.6880,-4.2366,1.5819,0.0833,-6.3427,2.7915,-6.0233,-4.4101,1.6129
638.00,-5.6898,-4.1066,1.5327,-0.0409,-6.2931,2.7376,-6.0306,-4.2763,1.5636
638.50,-5.6826,-3.9768,1.5028,-0.1623,-6.2390,2.7071,-6.0293,-4.1435,1.5354
639.00,-5.6761,-3.8471,1.5165,-0.2830,-6.1836,2.7197,-6.0280,-4.0108,1.5468
639.50,-5.6709,-3.7173,1.5257,-0.4047,-6.1297,2.7298,-6.0255,-3.8839,1.5582
640.00,-5.6693,-3.5873,1.5498,-0.5236,-6.0790,2.7522,-6.0223,-3.7646,1.5793
640.50,-5.6664,-3.4574,1.5377,-0.6529,-6.0267,2.7460,-6.0284,-3.6190,1.5738
641.00,-5.6615,-3.3275,1.5385,-0.7732,-5.9755,2.7424,-6.0280,-3.4982,1.5672
641.50,-5.6579,-3.1975,1.5392,-0.8946,-5.9246,2.7429,-6.0250,-3.3667,1.5689
642.00,-5.6538,-3.0676,1.5412,-1.0178,-5.8728,2.7438,-6.0258,-3.2330,1.5709
642.50,-5.6508,-2.9376,1.5367,-1.1426,-5.8217,2.7443,-6.0289,-3.1017,1.5714
643.00,-5.6455,-2.8077,1.5365,-1.2598,-5.7716,2.7402,-6.0257,-2.9804,1.5638
643.50,-5.6464,-2.6778,1.5644,-1.3763,-5.7239,2.7674,-6.0238,-2.8546,1.5922
644.00,-5.6482,-2.5478,1.5758,-1.4983,-5.6773,2.7814,-6.0387,-2.7139,1.6086
644.50,-5.6468,-2.4178,1.5444,-1.6256,-5.6290,2.7556,-6.0406,-2.5808,1.5792
645.00,-5.6421,-2.2878,1.5511,-1.7504,-5.5763,2.7513,-6.0398,-2.4524,1.5726
645.50,-5.6457,-2.1579,1.6105,-1.8717,-5.5317,2.8171,-6.0473,-2.3301,1.6442
646.00,-5.6459,-2.0279,1.5627,-1.9953,-5.4866,2.7672,-6.0526,-2.1987,1.5908
646.50,-5.6492,-1.8980,1.6650,-2.1227,-5.4408,2.8594,-6.0550,-2.0634,1.6831
647.00,-5.6623,-1.7695,1.7528,-2.2540,-5.4109,2.9581,-6.0804,-1.9378,1.7864
647.50,-5.6865,-1.6425,1.8137,-2.3883,-5.3902,3.0199,-6.1039,-1.8060,1.8424
648.00,-5.7187,-1.5164,1.8355,-2.5225,-5.3740,3.0403,-6.1376,-1.6886,1.8628
648.50,-5.7516,-1.3908,1.8069,-2.6557,-5.3605,3.0174,-6.1761,-1.5603,1.8411
649.00,-5.7757,-1.2652,1.6683,-2.7829,-5.3389,2.8919,-6.2053,-1.4347,1.7109
649.50,-5.7919,-1.1449,1.3731,-2.8956,-5.2931,2.5950,-6.2059,-1.3204,1.4105
650.00,-5.7789,-1.0214,1.1628,-2.9971,-5.2165,2.3847,-6.1976,-1.1976,1.2025
650.50,-5.7348,-0.9169,0.9414,-3.0717,-5.1304,2.1650,-6.1696,-1.0921,0.9829
651.00,-5.6577,-0.8299,0.7384,-3.1295,-5.0221,1.9622,-6.0983,-0.9976,0.7783
651.50,-5.5783,-0.7649,0.5156,-3.1591,-4.9227,1.7407,-6.0219,-0.9323,0.5534
652.00,-5.4673,-0.7147,0.3582,-3.1691,-4.7973,1.5754,-5.9073,-0.8762,0.3880
652.50,-5.3448,-0.6712,0.3443,-3.1668,-4.6593,1.5565,-5.7942,-0.8271,0.3726
653.00,-5.2222,-0.6283,0.3407,-3.1643,-4.5272,1.5536,-5.6702,-0.7796,0.3705
653.50,-5.1005,-0.5792,0.3789,-3.1645,-4.3945,1.5915,-5.5503,-0.7294,0.4076
654.00,-4.9794,-0.5332,0.3557,-3.1667,-4.2595,1.5723,-5.4243,-0.6763,0.3866
654.50,-4.8575,-0.4874,0.3615,-3.1668,-4.1220,1.5761,-5.3031,-0.6270,0.3896
655.00,-4.7350,-0.4452,0.2979,-3.1653,-3.9973,1.5207,-5.1926,-0.5837,0.3342
655.50,-4.6102,-0.4089,0.2918,-3.1562,-3.8654,1.5059,-5.0607,-0.5424,0.3150
656.00,-4.4867,-0.3652,0.3501,-3.1513,-3.7333,1.5648,-4.9302,-0.4978,0.3757
656.50,-4.3665,-0.3123,0.4258,-3.1558,-3.6012,1.6436,-4.8133,-0.4445,0.4545
657.00,-4.2527,-0.2607,0.3915,-3.1653,-3.4707,1.6194,-4.7019,-0.3870,0.4285
657.50,-4.1318,-0.2186,0.2028,-3.1616,-3.3371,1.4375,-4.5827,-0.3406,0.2414
658.00,-4.0029,-0.1886,0.0792,-3.1345,-3.2103,1.3035,-4.4526,-0.3129,0.1056
658.50,-3.8735,-0.1754,0.1389,-3.1002,-3.0803,1.3524,-4.3228,-0.2943,0.1569
659.00,-3.7465,-0.1538,0.2647,-3.0806,-2.9439,1.4875,-4.1918,-0.2559,0.2943
659.50,-3.6209,-0.1221,0.2319,-3.0697,-2.8124,1.4604,-4.0743,-0.2275,0.2637
660.00,-3.4940,-0.0947,0.2271,-3.0526,-2.6788,1.4486,-3.9459,-0.1945,0.2485
660.50,-3.3685,-0.0592,0.2996,-3.0415,-2.5495,1.5223,-3.8191,-0.1580,0.3256
661.00,-3.2451,-0.0170,0.3214,-3.0381,-2.4175,1.5514,-3.6922,-0.1130,0.3547
661.50,-3.1200,0.0182,0.2099,-3.0296,-2.2865,1.4443,-3.5771,-0.0728,0.2430
662.00,-2.9938,0.0447,0.1972,-3.0099,-2.1575,1.4213,-3.4473,-0.0444,0.2153
662.50,-2.8947,0.0753,0.3505,-2.9999,-2.0484,1.5670,-3.3467,-0.0151,0.3645
663.00,-2.7978,0.1148,0.5717,-3.0111,-1.9428,1.7935,-3.2644,0.0370,0.5945
663.50,-2.7519,0.1490,0.6580,-3.0268,-1.8869,1.8894,-3.2128,0.0622,0.6892
664.00,-2.7481,0.1514,0.6353,-3.0288,-1.8811,1.8707,-3.2031,0.0708,0.6659
664.50,-2.7481,0.1502,0.6004,-3.0283,-1.8826,1.8364,-3.2044,0.0698,0.6316
665.00,-2.7482,0.1485,0.5645,-3.0277,-1.8847,1.8010,-3.2062,0.0685,0.5962
665.50,-2.7482,0.1463,0.5277,-3.0274,-1.8862,1.7649,-3.2075,0.0676,0.5601
666.00,-2.7483,0.1436,0.4899,-3.0270,-1.8887,1.7279,-3.2096,0.0664,0.5231
666.50,-2.7483,0.1405,0.4511,-3.0266,-1.8914,1.6896,-3.2120,0.0650,0.4847
667.00,-2.7484,0.1369,0.4112,-3.0262,-1.8949,1.6508,-3.2152,0.0634,0.4460
667.50,-2.7484,0.1328,0.3701,-3.0260,-1.8991,1.6104,-3.2190,0.0617,0.4055
668.00,-2.7484,0.1283,0.3279,-3.0259,-1.9030,1.5687,-3.2226,0.0603,0.3638
668.50,-2.7485,0.1232,0.2845,-3.0261,-1.9081,1.5262,-3.2275,0.0586,0.3213
669.00,-2.7485,0.1177,0.2397,-3.0264,-1.9138,1.4822,-3.2328,0.0569,0.2773
669.50,-2.7485,0.1117,0.1935,-3.0272,-1.9204,1.4366,-3.2393,0.0552,0.2318
670.00,-2.7477,0.1053,0.1434,-3.0282,-1.9269,1.3893,-3.2458,0.0538,0.1845
670.50,-2.7061,0.0934,-0.0309,-3.0173,-1.8871,1.2210,-3.2047,0.0579,0.0161
671.00,-2.6024,0.0709,-0.1563,-2.9748,-1.7958,1.0845,-3.1042,0.0509,-0.1203
671.50,-2.4869,0.0524,-0.0968,-2.9197,-1.6901,1.1348,-2.9465,-0.0228,-0.0782
672.00,-2.3890,0.0418,0.1569,-2.8882,-1.5971,1.3809,-2.8403,-0.0198,0.1679
672.50,-2.2657,0.0529,0.3664,-2.8798,-1.4766,1.6036,-2.7313,0.0043,0.3941
673.00,-2.1459,0.0988,0.4063,-2.8888,-1.3451,1.6544,-2.6022,0.0378,0.4403
673.50,-2.0524,0.1408,0.3383,-2.8955,-1.2375,1.5926,-2.5088,0.0721,0.3703
674.00,-2.0098,0.1597,0.2755,-2.8952,-1.1886,1.5275,-2.4649,0.0922,0.3017
674.50,-1.9775,0.1602,0.1564,-2.8921,-1.1571,1.4180,-2.4280,0.1093,0.1958
675.00,-1.8800,0.1502,-0.1136,-2.8639,-1.0660,1.1450,-2.3425,0.0984,-0.0808
675.50,-1.7704,0.1310,-0.2193,-2.8089,-0.9639,1.0279,-2.2278,0.0775,-0.1956
676.00,-1.7000,0.1173,-0.1474,-2.7714,-0.8999,1.0894,-2.1533,0.0635,-0.1306
676.50,-1.6073,0.1130,0.0453,-2.7397,-0.8194,1.2861,-2.0725,0.0610,0.0697
677.00,-1.4779,0.1198,0.0802,-2.7070,-0.6902,1.3314,-1.9339,0.0753,0.1121
677.50,-1.3481,0.1251,0.0164,-2.6740,-0.5664,1.2699,-1.8077,0.0847,0.0441
678.00,-1.2182,0.1270,0.0311,-2.6336,-0.4398,1.2764,-1.6675,0.0891,0.0521
678.50,-1.0883,0.1323,0.0141,-2.5964,-0.3118,1.2710,-1.5483,0.0975,0.0493
679.00,-0.9584,0.1288,-0.0594,-2.5512,-0.1884,1.1892,-1.4303,0.0915,-0.0390
679.50,-0.8285,0.1249,-0.0307,-2.5051,-0.0662,1.2221,-1.3052,0.0916,-0.0026
680.00,-0.6986,0.1204,-0.0156,-2.4588,0.0587,1.2291,-1.1677,0.0911,0.0016
680.50,-0.5686,0.1229,0.0187,-2.4185,0.1841,1.2716,-1.0313,0.0957,0.0494
681.00,-0.4386,0.1199,-0.0550,-2.3739,0.3106,1.1938,-0.9127,0.0999,-0.0317
681.50,-0.3088,0.1149,-0.0462,-2.3242,0.4401,1.2056,-0.7675,0.0965,-0.0195
682.00,-0.1789,0.1098,-0.0237,-2.2774,0.5608,1.2186,-0.6578,0.0941,-0.0060
682.50,-0.0489,0.1113,0.0029,-2.2352,0.6866,1.2541,-0.5147,0.0965,0.0325
683.00,0.0810,0.1058,-0.0556,-2.1887,0.8117,1.1880,-0.3968,0.1006,-0.0372
683.50,0.2109,0.1033,-0.0087,-2.1421,0.9357,1.2367,-0.2532,0.0990,0.0164
684.00,0.3408,0.0984,-0.0481,-2.0954,1.0611,1.1937,-0.1092,0.0981,-0.0272
684.50,0.4708,0.0976,0.0160,-2.0518,1.1820,1.2594,0.0083,0.0978,0.0406
685.00,0.6007,0.0956,-0.0564,-2.0084,1.3066,1.1895,0.1330,0.1020,-0.0272
685.50,0.7305,0.0885,-0.0421,-1.9577,1.4304,1.1977,0.2417,0.0968,-0.0225
686.00,0.8603,0.0809,-0.0563,-1.9109,1.5479,1.1829,0.3639,0.0932,-0.0349
686.50,0.9903,0.0786,0.0053,-1.8617,1.6780,1.2444,0.4853,0.0939,0.0274
687.00,1.1202,0.0765,-0.0450,-1.8174,1.8037,1.1978,0.6129,0.0968,-0.0191
687.50,1.2501,0.0723,-0.0091,-1.7701,1.9258,1.2280,0.7482,0.0913,0.0093
688.00,1.3801,0.0689,-0.0359,-1.7249,2.0500,1.2017,0.8657,0.0934,-0.0135
688.50,1.5080,0.0684,0.0211,-1.6818,2.1670,1.2521,0.9907,0.0928,0.0378
689.00,1.5962,0.0753,0.2249,-1.6594,2.2578,1.4483,1.0758,0.1062,0.2354
689.50,1.6917,0.0937,0.4900,-1.6613,2.3550,1.7184,1.1540,0.1422,0.5059
690.00,1.7503,0.1267,0.6211,-1.6783,2.4309,1.8594,1.2248,0.1653,0.6459
690.50,1.7602,0.1340,0.6182,-1.6830,2.4456,1.8663,1.2271,0.1653,0.6494
691.00,1.7959,0.1506,0.4940,-1.6911,2.4803,1.7477,1.2569,0.1849,0.5308
691.50,1.8906,0.1865,0.3977,-1.7023,2.5790,1.6480,1.3548,0.2303,0.4232
692.00,2.0130,0.2276,0.2879,-1.7053,2.7136,1.5361,1.4710,0.2690,0.3122
692.50,2.1377,0.2645,0.3087,-1.6997,2.8491,1.5477,1.6006,0.3073,0.3238
693.00,2.2326,0.2998,0.3377,-1.7004,2.9485,1.5882,1.6829,0.3420,0.3678
693.50,2.2686,0.3146,0.2959,-1.7005,2.9944,1.5454,1.7152,0.3589,0.3197
694.00,2.3018,0.3138,0.1717,-1.6978,3.0272,1.4315,1.7469,0.3674,0.2058
694.50,2.3982,0.3028,-0.1218,-1.6693,3.1242,1.1386,1.8530,0.3635,-0.0882
695.00,2.5159,0.2824,-0.2722,-1.6057,3.2348,0.9774,1.9710,0.3305,-0.2494
695.50,2.5776,0.2636,-0.2609,-1.5665,3.2911,0.9845,2.0476,0.3157,-0.2424
696.00,2.6248,0.2579,-0.1514,-1.5443,3.3285,1.0868,2.0750,0.3069,-0.1365
696.50,2.7337,0.2628,0.0907,-1.5073,3.4291,1.3308,2.1922,0.3066,0.1040
697.00,2.8484,0.2768,0.1687,-1.4856,3.5459,1.4215,2.3067,0.3358,0.1971
697.50,2.9348,0.2869,0.0627,-1.4703,3.6293,1.3276,2.3738,0.3507,0.0973
698.00,3.0410,0.2877,-0.1263,-1.4345,3.7267,1.1295,2.4899,0.3462,-0.1019
698.50,3.1040,0.2811,-0.1354,-1.4051,3.7856,1.1125,2.5529,0.3475,-0.1155
699.00,3.1421,0.2797,-0.0793,-1.3891,3.8210,1.1702,2.5916,0.3440,-0.0555
699.50,3.2397,0.2754,-0.0593,-1.3516,3.9128,1.1918,2.6930,0.3403,-0.0374
700.00,3.3695,0.2717,-0.0365,-1.3020,4.0414,1.2173,2.8233,0.3397,-0.0119
700.50,3.4995,0.2689,-0.0126,-1.2526,4.1774,1.2401,2.9580,0.3421,0.0086
701.00,3.6295,0.2713,0.0027,-1.2131,4.3017,1.2668,3.0736,0.3462,0.0342
701.50,3.7594,0.2661,-0.0530,-1.1692,4.4250,1.2056,3.2010,0.3461,-0.0328
702.00,3.8893,0.2646,0.0009,-1.1247,4.5521,1.2637,3.3433,0.3454,0.0253
702.50,4.0193,0.2613,-0.0301,-1.0838,4.6739,1.2348,3.4647,0.3499,-0.0049
703.00,4.1493,0.2610,-0.0141,-1.0416,4.8009,1.2581,3.5987,0.3514,0.0150
703.50,4.2791,0.2540,-0.0754,-0.9956,4.9277,1.1943,3.7249,0.3489,-0.0534
704.00,4.4047,0.2484,0.0173,-0.9526,5.0460,1.2775,3.8534,0.3454,0.0298
704.50,4.4901,0.2501,0.2663,-0.9355,5.1348,1.5223,3.9445,0.3570,0.2780
705.00,4.5870,0.2695,0.5206,-0.9441,5.2330,1.7841,4.0390,0.3859,0.5398
705.50,4.6425,0.3045,0.6361,-0.9643,5.3034,1.9101,4.0962,0.4081,0.6615
706.00,4.6503,0.3101,0.6267,-0.9688,5.3156,1.9066,4.1006,0.4167,0.6545
706.50,4.6502,0.3087,0.5916,-0.9683,5.3146,1.8724,4.0997,0.4159,0.6202
707.00,4.6502,0.3069,0.5555,-0.9678,5.3126,1.8375,4.0980,0.4148,0.5854
707.50,4.6501,0.3046,0.5184,-0.9672,5.3106,1.8009,4.0963,0.4137,0.5488
708.00,4.6501,0.3018,0.4803,-0.9665,5.3070,1.7638,4.0931,0.4118,0.5117
708.50,4.6501,0.2986,0.4413,-0.9658,5.3031,1.7257,4.0896,0.4099,0.4736
709.00,4.6500,0.2949,0.4010,-0.9654,5.3000,1.6862,4.0868,0.4086,0.4341
709.50,4.6837,0.2989,0.3138,-0.9674,5.3315,1.5995,4.1161,0.4203,0.3474
710.00,4.7773,0.3274,0.3173,-0.9695,5.4296,1.6013,4.2255,0.4339,0.3422
710.50,4.8986,0.3697,0.4400,-0.9794,5.5639,1.7169,4.3486,0.4783,0.4543
711.00,5.0122,0.4251,0.5561,-1.0058,5.6849,1.8410,4.4560,0.5357,0.5790
711.50,5.1221,0.4937,0.5504,-1.0419,5.8090,1.8450,4.5590,0.6055,0.5807
712.00,5.2315,0.5563,0.4003,-1.0705,5.9383,1.7056,4.6901,0.6722,0.4370
712.50,5.3119,0.6017,0.2232,-1.0750,6.0372,1.5195,4.7702,0.7061,0.2482
713.00,5.3343,0.6123,0.1682,-1.0728,6.0656,1.4616,4.7953,0.7223,0.1903
713.50,5.3576,0.6098,0.0728,-1.0696,6.0858,1.3679,4.8156,0.7252,0.0965
714.00,5.4434,0.6061,0.0166,-1.0500,6.1682,1.3113,4.8950,0.7373,0.0423
714.50,5.5720,0.6019,-0.0161,-1.0145,6.2902,1.2745,5.0220,0.7297,0.0066
715.00,5.7020,0.6008,0.0322,-0.9752,6.4198,1.3112,5.1491,0.7305,0.0468
715.50,5.8316,0.6092,0.1037,-0.9477,6.5482,1.3916,5.2812,0.7419,0.1319
716.00,5.9612,0.6177,0.0387,-0.9208,6.6778,1.3298,5.3948,0.7559,0.0655
716.50,6.0912,0.6178,0.0041,-0.8870,6.8049,1.2949,5.5366,0.7587,0.0306
717.00,6.2211,0.6197,0.0148,-0.8497,6.9384,1.3076,5.6675,0.7604,0.0406
717.50,6.3511,0.6214,-0.0040,-0.8148,7.0681,1.2950,5.7994,0.7659,0.0272
718.00,6.4811,0.6183,-0.0162,-0.7769,7.1967,1.2817,5.9246,0.7684,0.0081
718.50,6.6111,0.6193,0.0234,-0.7396,7.3263,1.3167,6.0580,0.7674,0.0431
719.00,6.7410,0.6254,0.0418,-0.7091,7.4547,1.3409,6.1865,0.7759,0.0672
719.50,6.8709,0.6248,0.0115,-0.6781,7.5794,1.3118,6.3148,0.7827,0.0381
720.00,7.0009,0.6229,-0.0041,-0.6427,7.7086,1.2969,6.4490,0.7836,0.0221
720.50,7.1309,0.6220,0.0258,-0.6073,7.8332,1.3175,6.5791,0.7813,0.0421
721.00,7.2601,0.6301,0.1942,-0.5851,7.9576,1.4863,6.6989,0.7961,0.2126
721.50,7.3830,0.6472,0.3989,-0.5851,8.0786,1.6869,6.8247,0.8214,0.4126
722.00,7.4938,0.6931,0.6128,-0.6119,8.1959,1.9062,6.9289,0.8616,0.6297
722.50,7.5853,0.7699,0.8190,-0.6630,8.3052,2.1128,7.0284,0.9325,0.8328
723.00,7.6591,0.8679,1.0146,-0.7376,8.4045,2.3128,7.1021,1.0324,1.0327
723.50,7.7240,0.9822,1.1291,-0.8300,8.4929,2.4319,7.1504,1.1527,1.1519
724.00,7.7791,1.1009,1.1532,-0.9346,8.5783,2.4639,7.2121,1.2810,1.1803
724.50,7.8371,1.2187,1.1121,-1.0326,8.6604,2.4202,7.2629,1.3883,1.1332
725.00,7.8922,1.3360,1.1670,-1.1334,8.7472,2.4668,7.3183,1.5093,1.1820
725.50,7.9389,1.4572,1.2150,-1.2407,8.8265,2.5215,7.3641,1.6346,1.2392
726.00,7.9888,1.5779,1.1467,-1.3447,8.9047,2.4582,7.3992,1.7566,1.1712
726.50,8.0478,1.6935,1.0594,-1.4453,8.9952,2.3684,7.4678,1.8786,1.0849
727.00,8.1110,1.8069,1.0839,-1.5446,9.0926,2.3846,7.5331,1.9914,1.1010
727.50,8.1661,1.9247,1.1748,-1.6475,9.1802,2.4821,7.5778,2.1049,1.1998
728.00,8.2185,2.0442,1.1379,-1.7570,9.2662,2.4516,7.6390,2.2344,1.1681
728.50,8.2798,2.1601,1.0623,-1.8606,9.3580,2.3766,7.6877,2.3432,1.0896
729.00,8.3467,2.2724,1.0430,-1.9581,9.4559,2.3507,7.7542,2.4608,1.0602
729.50,8.4090,2.3859,1.0677,-2.0587,9.5536,2.3787,7.8138,2.5780,1.0917
730.00,8.4761,2.4980,0.9978,-2.1512,9.6464,2.3134,7.8737,2.6892,1.0299
730.50,8.5510,2.6052,0.9530,-2.2384,9.7471,2.2653,7.9555,2.8014,0.9782
731.00,8.6235,2.7127,1.0075,-2.3231,9.8451,2.3178,8.0162,2.8999,1.0307
731.50,8.6913,2.8234,1.0169,-2.4172,9.9442,2.3307,8.0882,3.0216,1.0426
732.00,8.7605,2.9336,1.0132,-2.5069,10.0398,2.3250,8.1517,3.1208,1.0380
732.50,8.8304,3.0437,0.9977,-2.5932,10.1321,2.3117,8.2159,3.2297,1.0224
733.00,8.9058,3.1507,0.9188,-2.6813,10.2340,2.2391,8.2894,3.3491,0.9486
733.50,8.9907,3.2494,0.8086,-2.7524,10.3365,2.1239,8.3747,3.4457,0.8322
734.00,9.0846,3.3398,0.7166,-2.8178,10.4524,2.0346,8.4613,3.5443,0.7406
734.50,9.1846,3.4227,0.6870,-2.8765,10.5779,1.9976,8.5660,3.6351,0.7071
735.00,9.2647,3.4925,0.7810,-2.9230,10.6732,2.0842,8.6446,3.6963,0.7937
735.50,9.2956,3.5259,0.9049,-2.9491,10.7138,2.2147,8.6768,3.7322,0.9277
736.00,9.3124,3.5489,1.0010,-2.9684,10.7373,2.3099,8.6939,3.7573,1.0229
736.50,9.3131,3.5502,1.0417,-2.9702,10.7393,2.3529,8.6959,3.7592,1.0693
737.00,9.3105,3.5502,1.0795,-2.9679,10.7372,2.3914,8.6945,3.7565,1.1079
737.50,9.3074,3.5501,1.1183,-2.9655,10.7350,2.4312,8.6932,3.7536,1.1476
738.00,9.3038,3.5501,1.1581,-2.9626,10.7327,2.4716,8.6917,3.7501,1.1880
738.50,9.2997,3.5501,1.1991,-2.9602,10.7308,2.5134,8.6906,3.7472,1.2299
739.00,9.2962,3.5540,1.2518,-2.9595,10.7303,2.5633,8.6903,3.7465,1.2798
739.50,9.2916,3.6066,1.4081,-3.0044,10.7544,2.7195,8.7006,3.7964,1.4360
740.00,9.2957,3.7204,1.4755,-3.1077,10.7950,2.7965,8.6797,3.9270,1.5060
740.50,9.3125,3.8493,1.3891,-3.2380,10.8452,2.7194,8.6818,4.0596,1.4219
741.00,9.3376,3.9765,1.3668,-3.3591,10.9040,2.6865,8.7056,4.1851,1.3842
741.50,9.3580,4.1050,1.5019,-3.4794,10.9548,2.8179,8.7226,4.3146,1.5169
742.00,9.3676,4.2349,1.5604,-3.6013,10.9899,2.8849,8.7238,4.4349,1.5839
742.50,9.3698,4.3649,1.5583,-3.7300,11.0250,2.8804,8.7333,4.5682,1.5794
743.00,9.3694,4.4949,1.5670,-3.8595,11.0588,2.8903,8.7314,4.7021,1.5858
743.50,9.3687,4.6249,1.5730,-3.9891,11.0917,2.8970,8.7290,4.8323,1.5937
744.00,9.3656,4.7549,1.5865,-4.1147,11.1222,2.9111,8.7252,4.9550,1.6067
744.50,9.3657,4.8849,1.5698,-4.2422,11.1528,2.8997,8.7174,5.0861,1.5929
745.00,9.3636,5.0149,1.6230,-4.3691,11.1829,2.9459,8.7168,5.2164,1.6379
745.50,9.3522,5.1445,1.6651,-4.4971,11.2043,2.9936,8.6943,5.3456,1.6892
746.00,9.3323,5.2732,1.7715,-4.6245,11.2183,3.0945,8.6833,5.4721,1.7795
746.50,9.3038,5.3940,1.9993,-4.7563,11.2112,-2.9641,8.6432,5.5977,2.0076
747.00,9.2545,5.4986,2.2241,-4.8700,11.1773,-2.7356,8.5909,5.6988,2.2326
747.50,9.1732,5.5867,2.4293,-4.9754,11.1188,-2.5285,8.5179,5.7861,2.4408
748.00,9.0700,5.6642,2.6258,-5.0748,11.0337,-2.3335,8.4100,5.8605,2.6312
748.50,8.9586,5.7334,2.8793,-5.1538,10.9291,-2.0820,8.2892,5.9176,2.8837
749.00,8.8329,5.7888,-3.1307,-5.2039,10.8040,-1.8068,8.1653,5.9546,-3.1264
749.50,8.7036,5.7975,-2.9872,-5.2237,10.6659,-1.6489,8.0366,5.9791,-2.9731
750.00,8.5752,5.7790,-2.9968,-5.2335,10.5382,-1.6556,7.9205,5.9705,-2.9845
750.50,8.4462,5.7664,-3.0668,-5.2469,10.4086,-1.7173,7.7815,5.9525,-3.0462
751.00,8.3163,5.7628,3.1409,-5.2735,10.2814,-1.8055,7.6515,5.9577,-3.1344
751.50,8.1864,5.7573,-3.0345,-5.2995,10.1515,-1.7032,7.5227,5.9419,-3.0321
752.00,8.0587,5.7429,-2.8752,-5.3074,10.0199,-1.5442,7.3995,5.9282,-2.8696
752.50,7.9386,5.7166,-2.6619,-5.2916,9.8924,-1.3345,7.2796,5.8920,-2.6599
753.00,7.8360,5.6594,-2.4482,-5.2498,9.7743,-1.1211,7.1750,5.8396,-2.4442
753.50,7.7642,5.5870,-2.2328,-5.1929,9.6822,-0.9046,7.0998,5.7651,-2.2300
754.00,7.7014,5.4854,-2.0021,-5.1061,9.5940,-0.6728,7.0453,5.6695,-1.9982
754.50,7.6475,5.3646,-1.7606,-4.9943,9.5250,-0.4297,7.0055,5.5543,-1.7551
755.00,7.6107,5.2354,-1.5869,-4.8666,9.4811,-0.2462,6.9743,5.4195,-1.5786
755.50,7.6022,5.1055,-1.4996,-4.7407,9.4560,-0.1558,6.9599,5.2914,-1.4882
756.00,7.6107,4.9758,-1.5031,-4.6182,9.4368,-0.1574,6.9601,5.1677,-1.4898
756.50,7.6167,4.8461,-1.5234,-4.4837,9.4149,-0.1726,6.9643,5.0319,-1.5073
757.00,7.6214,4.7162,-1.5269,-4.3497,9.3904,-0.1784,6.9684,4.8960,-1.5178
757.50,7.6229,4.5863,-1.5496,-4.2132,9.3649,-0.1974,6.9751,4.7672,-1.5356
758.00,7.6207,4.4563,-1.5718,-4.0839,9.3373,-0.2207,6.9781,4.6450,-1.5601
758.50,7.6195,4.3263,-1.5724,-3.9496,9.3065,-0.2263,6.9689,4.5072,-1.5657
759.00,7.6238,4.1963,-1.5465,-3.8230,9.2801,-0.1945,6.9719,4.3880,-1.5304
759.50,7.6232,4.0663,-1.5658,-3.6924,9.2535,-0.2110,6.9802,4.2548,-1.5526
760.00,7.6175,3.9363,-1.6047,-3.5620,9.2227,-0.2476,6.9767,4.1208,-1.5940
760.50,7.6139,3.8064,-1.5690,-3.4373,9.1912,-0.2206,6.9737,4.0022,-1.5635
761.00,7.6179,3.6764,-1.5442,-3.3079,9.1649,-0.1904,6.9772,3.8702,-1.5298
761.50,7.6279,3.5465,-1.5049,-3.1676,9.1401,-0.1532,6.9854,3.7280,-1.4960
762.00,7.6357,3.4168,-1.5122,-3.0324,9.1190,-0.1618,6.9954,3.6016,-1.5047
762.50,7.6493,3.2873,-1.4482,-2.9077,9.1019,-0.1000,7.0069,3.4862,-1.4429
763.00,7.6653,3.1583,-1.4804,-2.7719,9.0889,-0.1195,7.0253,3.3410,-1.4624
763.50,7.6728,3.0285,-1.5302,-2.6314,9.0658,-0.1802,7.0348,3.2155,-1.5266
764.00,7.6774,2.8985,-1.5254,-2.4968,9.0409,-0.1781,7.0400,3.0922,-1.5174
764.50,7.6894,2.7691,-1.4276,-2.3567,9.0216,-0.0831,7.0531,2.9578,-1.4237
765.00,7.7091,2.6408,-1.4208,-2.2250,9.0138,-0.0637,7.0755,2.8314,-1.4031
765.50,7.7246,2.5118,-1.4511,-2.0957,9.0015,-0.1023,7.0932,2.7027,-1.4452
766.00,7.7419,2.3828,-1.4257,-1.9600,8.9883,-0.0811,7.1111,2.5675,-1.4240
766.50,7.7674,2.2553,-1.3270,-1.8237,8.9841,0.0196,7.1377,2.4438,-1.3198
767.00,7.8013,2.1300,-1.2943,-1.6907,8.9903,0.0567,7.1746,2.3159,-1.2861
767.50,7.8419,2.0059,-1.2247,-1.5603,9.0007,0.1211,7.2045,2.2013,-1.2253
768.00,7.8898,1.8848,-1.1943,-1.4283,9.0209,0.1605,7.2431,2.0769,-1.1824
768.50,7.9361,1.7636,-1.2042,-1.2991,9.0407,0.1472,7.3015,1.9555,-1.1969
769.00,7.9841,1.6426,-1.1978,-1.1662,9.0615,0.1539,7.3518,1.8373,-1.1924
769.50,8.0346,1.5220,-1.1689,-1.0351,9.0828,0.1777,7.3953,1.7177,-1.1687
770.00,8.0912,1.4037,-1.1315,-0.9085,9.1089,0.2189,7.4450,1.5999,-1.1240
770.50,8.1413,1.2845,-1.2070,-0.7817,9.1337,0.1494,7.5079,1.4821,-1.1935
771.00,8.1829,1.1617,-1.2527,-0.6510,9.1491,0.0965,7.5425,1.3583,-1.2533
771.50,8.2285,1.0394,-1.1902,-0.5173,9.1653,0.1549,7.5937,1.2312,-1.1904
772.00,8.2801,0.9196,-1.1703,-0.3901,9.1883,0.1820,7.6486,1.1227,-1.1678
772.50,8.3323,0.8002,-1.1329,-0.2609,9.2125,0.2119,7.6941,0.9984,-1.1380
773.00,8.3934,0.6892,-0.9602,-0.1362,9.2485,0.3783,7.7628,0.8846,-0.9680
773.50,8.4739,0.5922,-0.7801,-0.0176,9.3094,0.5638,7.8420,0.7861,-0.7813
774.00,8.5707,0.5061,-0.6809,0.0906,9.3869,0.6688,7.9383,0.6979,-0.6775
774.50,8.6726,0.4256,-0.6679,0.1942,9.4711,0.6856,8.0335,0.6158,-0.6642
775.00,8.7751,0.3459,-0.6569,0.2988,9.5579,0.6996,8.1509,0.5424,-0.6503
775.50,8.8775,0.2656,-0.6701,0.3978,9.6404,0.6873,8.2432,0.4639,-0.6660
776.00,8.9772,0.1854,-0.6874,0.5023,9.7251,0.6714,8.3585,0.3802,-0.6819
776.50,9.0395,0.1326,-0.7201,0.5674,9.7755,0.6398,8.4217,0.3274,-0.7136
777.00,9.0548,0.1193,-0.7530,0.5870,9.7897,0.6078,8.4298,0.3114,-0.7456
777.50,9.0551,0.1193,-0.7869,0.5874,9.7901,0.5746,8.4302,0.3111,-0.7788
778.00,9.0552,0.1191,-0.8208,0.5877,9.7902,0.5413,8.4304,0.3109,-0.8120
778.50,9.0553,0.1190,-0.8535,0.5878,9.7903,0.5094,8.4306,0.3108,-0.8439
779.00,9.0551,0.1190,-0.8863,0.5878,9.7903,0.4773,8.4306,0.3108,-0.8760
779.50,9.0545,0.1191,-0.9199,0.5873,9.7901,0.4452,8.4302,0.3112,-0.9082
780.00,9.0534,0.1191,-0.9544,0.5860,9.7895,0.4114,8.4294,0.3124,-0.9419
780.50,9.0519,0.1192,-0.9899,0.5848,9.7890,0.3771,8.4286,0.3134,-0.9762
781.00,9.0499,0.1192,-1.0263,0.5833,9.7884,0.3410,8.4278,0.3148,-1.0123
781.50,9.0475,0.1193,-1.0636,0.5812,9.7877,0.3049,8.4266,0.3167,-1.0485
782.00,9.0446,0.1193,-1.1020,0.5775,9.7866,0.2674,8.4247,0.3201,-1.0859
782.50,9.0412,0.1194,-1.1414,0.5738,9.7857,0.2289,8.4231,0.3234,-1.1244
783.00,9.0373,0.1194,-1.1819,0.5705,9.7850,0.1888,8.4217,0.3265,-1.1645
783.50,9.0330,0.1195,-1.2236,0.5665,9.7843,0.1479,8.4201,0.3302,-1.2054
784.00,9.0282,0.1195,-1.2664,0.5621,9.7838,0.1056,8.4186,0.3345,-1.2477
784.50,9.0228,0.1195,-1.3106,0.5562,9.7833,0.0621,8.4169,0.3401,-1.2912
785.00,9.0170,0.1196,-1.3561,0.5504,9.7830,0.0174,8.4154,0.3457,-1.3359
785.50,9.0107,0.1196,-1.4031,0.5443,9.7831,-0.0284,8.4141,0.3516,-1.3817
786.00,9.0040,0.1196,-1.4517,0.5372,9.7834,-0.0759,8.3957,0.3192,-1.4432
786.50,8.9967,0.1196,-1.5021,0.5296,9.7842,-0.1252,8.3949,0.3267,-1.4925
787.00,8.9890,0.1196,-1.5543,0.5192,9.7858,-0.1763,8.3944,0.3373,-1.5436
787.50,8.9810,0.1196,-1.6077,0.5197,9.7856,-0.2285,8.3943,0.3367,-1.5958
788.00,8.9735,0.1196,-1.6592,0.5274,9.7836,-0.2795,8.3939,0.3288,-1.6468
788.50,8.9664,0.1196,-1.7088,0.5339,9.7816,-0.3289,8.3932,0.3220,-1.6962
789.00,8.9598,0.1196,-1.7568,0.5394,9.7795,-0.3760,8.3924,0.3162,-1.7433
789.50,8.9537,0.1195,-1.8032,0.5447,9.7773,-0.4218,8.3912,0.3106,-1.7890
790.00,8.9481,0.1195,-1.8482,0.5493,9.7751,-0.4662,8.3900,0.3056,-1.8335
790.50,8.9430,0.1195,-1.8919,0.5533,9.7730,-0.5085,8.3888,0.3013,-1.8758
791.00,8.9383,0.1194,-1.9343,0.5575,9.7705,-0.5503,8.3872,0.2967,-1.9176
791.50,8.9342,0.1194,-1.9755,0.5612,9.7681,-0.5910,8.3856,0.2926,-1.9583
792.00,8.9305,0.1194,-2.0156,0.5645,9.7658,-0.6304,8.3840,0.2889,-1.9977
792.50,8.9273,0.1193,-2.0546,0.5675,9.7635,-0.6679,8.3824,0.2855,-2.0352
793.00,8.9246,0.1193,-2.0925,0.5695,9.7619,-0.7052,8.3812,0.2832,-2.0725
793.50,8.9223,0.1192,-2.1295,0.5714,9.7603,-0.7415,8.3800,0.2810,-2.1088
794.00,8.9205,0.1192,-2.1655,0.5728,9.7589,-0.7766,8.3789,0.2794,-2.1439
794.50,8.9192,0.1191,-2.2006,0.5739,9.7578,-0.8114,8.3780,0.2780,-2.1787
795.00,8.9183,0.1191,-2.2348,0.5745,9.7572,-0.8449,8.3775,0.2774,-2.2122
795.50,8.9178,0.1190,-2.2681,0.5751,9.7565,-0.8774,8.3770,0.2766,-2.2447
796.00,8.9178,0.1189,-2.3006,0.5751,9.7565,-0.9087,8.3770,0.2766,-2.2759
796.50,8.9179,0.1185,-2.3338,0.5753,9.7562,-0.9406,8.3768,0.2764,-2.3079
797.00,8.9179,0.1184,-2.3633,0.5754,9.7561,-0.9712,8.3766,0.2763,-2.3385
797.50,8.9178,0.1189,-2.2990,0.5752,9.7563,-0.9134,8.3769,0.2765,-2.2807
798.00,8.9202,0.1191,-2.1346,0.5737,9.7579,-0.7516,8.3781,0.2783,-2.1189
798.50,8.9311,0.1194,-1.9401,0.5655,9.7640,-0.5575,8.3825,0.2875,-1.9247
799.00,8.9505,0.1195,-1.7358,0.5458,9.7734,-0.3491,8.3877,0.3088,-1.7164
799.50,8.9599,0.1195,-1.6700,0.5347,9.7768,-0.2707,8.3888,0.3203,-1.6380
800.00,8.9548,0.1195,-1.7183,0.5387,9.7756,-0.3159,8.3884,0.3161,-1.6832
800.50,8.9483,0.1195,-1.7659,0.5454,9.7733,-0.3629,8.3874,0.3091,-1.7302
801.00,8.9423,0.1195,-1.8121,0.5521,9.7705,-0.4081,8.3861,0.3020,-1.7754
801.50,8.9368,0.1194,-1.8568,0.5576,9.7680,-0.4518,8.3848,0.2961,-1.8191
802.00,8.9317,0.1194,-1.9002,0.5619,9.7658,-0.4947,8.3835,0.2914,-1.8620
802.50,8.9272,0.1194,-1.9424,0.5653,9.7639,-0.5359,8.3823,0.2877,-1.9032
803.00,8.9231,0.1193,-1.9833,0.5686,9.7619,-0.5759,8.3810,0.2840,-1.9432
803.50,8.9195,0.1193,-2.0232,0.5718,9.7597,-0.6151,8.3795,0.2805,-1.9824
804.00,8.9164,0.1192,-2.0620,0.5741,9.7580,-0.6529,8.3783,0.2779,-2.0202
804.50,8.9138,0.1192,-2.0998,0.5756,9.7568,-0.6901,8.3774,0.2762,-2.0574
805.00,8.9116,0.1191,-2.1366,0.5772,9.7554,-0.7262,8.3764,0.2743,-2.0935
805.50,8.9099,0.1191,-2.1724,0.5786,9.7541,-0.7613,8.2819,0.3087,-2.1670
806.00,8.9087,0.1190,-2.2073,0.5797,9.7531,-0.7952,8.2811,0.3075,-2.2008
806.50,8.9079,0.1190,-2.2413,0.5804,9.7524,-0.8285,8.2805,0.3067,-2.2342
807.00,8.9075,0.1189,-2.2745,0.5808,9.7520,-0.8608,8.2801,0.3063,-2.2665
807.50,8.9075,0.1188,-2.3070,0.5808,9.7519,-0.8924,8.2801,0.3062,-2.2981
808.00,8.9076,0.1184,-2.3403,0.5810,9.7517,-0.9244,8.2799,0.3060,-2.3301
808.50,8.9076,0.1183,-2.3745,0.5811,9.7515,-0.9579,8.2797,0.3059,-2.3635
809.00,8.9073,0.1182,-2.4078,0.5810,9.7516,-0.9906,8.2798,0.3060,-2.3962
809.50,8.9073,0.1182,-2.4403,0.5810,9.7516,-1.0222,8.2798,0.3059,-2.4278
810.00,8.9073,0.1186,-2.4735,0.5809,9.7519,-1.0545,8.2801,0.3062,-2.4602
810.50,8.9074,0.1194,-2.5076,0.5807,9.7522,-1.0875,8.2804,0.3064,-2.4932
811.00,8.9074,0.1207,-2.5426,0.5802,9.7532,-1.1214,8.2813,0.3071,-2.5271
811.50,8.9075,0.1225,-2.5785,0.5795,9.7547,-1.1568,8.2826,0.3079,-2.5625
812.00,8.9075,0.1247,-2.6153,0.5788,9.7564,-1.1929,8.2842,0.3089,-2.5986
812.50,8.9076,0.1273,-2.6532,0.5780,9.7586,-1.2302,8.2862,0.3101,-2.6359
813.00,8.9076,0.1305,-2.6920,0.5770,9.7615,-1.2685,8.2889,0.3115,-2.6742
813.50,8.9077,0.1341,-2.7320,0.5757,9.7660,-1.3073,8.2931,0.3136,-2.7130
814.00,8.9077,0.1382,-2.7730,0.5746,9.7703,-1.3474,8.2972,0.3153,-2.7530
814.50,8.9078,0.1428,-2.8153,0.5737,9.7747,-1.3885,8.3014,0.3170,-2.7942
815.00,8.9078,0.1478,-2.8588,0.5728,9.7805,-1.4313,8.3070,0.3189,-2.8370
815.50,8.9078,0.1534,-2.9036,0.5718,9.7883,-1.4745,8.3145,0.3211,-2.8802
816.00,8.9078,0.1594,-2.9498,0.5713,9.7953,-1.5198,8.3213,0.3227,-2.9255
816.50,8.8943,0.1669,-3.0375,0.5713,9.7861,-1.6006,8.3123,0.3212,-3.0062
817.00,8.8211,0.1835,3.0536,0.5608,9.7115,-1.7955,8.2369,0.3193,3.0820
817.50,8.6991,0.2017,3.0359,0.5290,9.5890,-1.8240,8.0708,0.3889,3.0326
818.00,8.5750,0.2096,-3.1136,0.5043,9.4626,-1.6910,7.9421,0.3951,-3.1176
818.50,8.4451,0.2073,-3.1095,0.4913,9.3349,-1.6784,7.8240,0.3897,-3.1016
819.00,8.3152,0.2083,-3.1375,0.4745,9.2067,-1.7104,7.6947,0.3973,-3.1370
819.50,8.1852,0.2036,-3.1066,0.4589,9.0725,-1.6750,7.5497,0.3936,-3.1016
820.00,8.0552,0.2042,3.1354,0.4430,8.9480,-1.7182,7.4342,0.3911,3.1348
820.50,7.9252,0.2014,-3.1287,0.4246,8.8095,-1.6954,7.3009,0.3899,-3.1255
821.00,7.7952,0.2047,3.1188,0.4058,8.6802,-1.7337,7.1603,0.3904,3.1194
821.50,7.6653,0.2036,-3.1343,0.3873,8.5523,-1.7018,7.0346,0.3907,-3.1319
822.00,7.5353,0.2075,3.1191,0.3676,8.4208,-1.7351,6.9016,0.3916,3.1179
822.50,7.4053,0.2050,-3.1198,0.3490,8.2903,-1.6910,6.7798,0.3917,-3.1211
823.00,7.2753,0.2059,3.1294,0.3325,8.1660,-1.7245,6.6444,0.3909,3.1320
823.50,7.1453,0.2033,-3.1156,0.3147,8.0369,-1.6840,6.5175,0.3944,-3.1117
824.00,7.0153,0.2042,3.1301,0.2967,7.8975,-1.7208,6.3791,0.3925,3.1340
824.50,6.8853,0.2014,-3.1206,0.2787,7.7657,-1.6896,6.2560,0.3916,-3.1215
825.00,6.7554,0.2011,3.1334,0.2625,7.6372,-1.7154,6.1300,0.3899,3.1394
825.50,6.6254,0.2000,-3.1309,0.2449,7.5142,-1.6997,5.9922,0.3896,-3.1315
826.00,6.4954,0.2016,3.1195,0.2266,7.3806,-1.7290,5.8574,0.3893,3.1223
826.50,6.3654,0.2024,-3.1332,0.2062,7.2475,-1.7019,5.7328,0.3910,-3.1337
827.00,6.2354,0.2008,3.1361,0.1897,7.1175,-1.7109,5.5917,0.3894,3.1404
827.50,6.1054,0.2007,-3.1333,0.1711,6.9898,-1.7020,5.4627,0.3901,-3.1339
828.00,5.9754,0.2008,3.1303,0.1530,6.8536,-1.7178,5.3253,0.3891,3.1335
828.50,5.8454,0.2014,-3.1317,0.1336,6.7241,-1.7033,5.1979,0.3907,-3.1351
829.00,5.7154,0.2020,3.1277,0.1168,6.5998,-1.7218,5.0690,0.3900,3.1295
829.50,5.5855,0.2046,-3.1366,0.0954,6.4638,-1.7086,4.9413,0.3921,3.1404
830.00,5.4555,0.2018,-3.1329,0.0796,6.3366,-1.7002,4.8231,0.3909,-3.1286
830.50,5.3255,0.2011,-3.1310,0.0610,6.2027,-1.7013,4.6880,0.3903,-3.1296
831.00,5.1955,0.2001,3.1325,0.0427,6.0626,-1.7172,4.5267,0.3885,3.1341
831.50,5.0655,0.2025,3.1413,0.0218,5.9315,-1.7150,4.4204,0.3910,3.1364
832.00,4.9355,0.1986,-3.1227,0.0055,5.8043,-1.6909,4.3057,0.3898,-3.1193
832.50,4.8055,0.1978,-3.1326,-0.0121,5.6735,-1.7049,4.1737,0.3887,-3.1333
833.00,4.6755,0.1980,3.1304,-0.0303,5.5416,-1.7220,4.0441,0.3879,3.1328
833.50,4.5456,0.2015,3.1358,-0.0530,5.4043,-1.7236,3.9144,0.3908,3.1312
834.00,4.4156,0.1984,-3.1300,-0.0711,5.2701,-1.7017,3.7761,0.3898,-3.1300
834.50,4.2856,0.2003,3.1336,-0.0914,5.1378,-1.7288,3.6422,0.3911,3.1295
835.00,4.1556,0.1975,-3.1301,-0.1107,4.9989,-1.7038,3.5219,0.3904,-3.1287
835.50,4.0256,0.1995,3.1330,-0.1303,4.8724,-1.7316,3.3974,0.3914,3.1267
836.00,3.8956,0.1958,-3.1190,-0.1487,4.7402,-1.6952,3.2505,0.3908,-3.1166
836.50,3.7656,0.1971,3.1293,-0.1686,4.6042,-1.7323,3.1396,0.3899,3.1273
837.00,3.6356,0.1946,-3.1280,-0.1878,4.4709,-1.7020,3.0149,0.3894,-3.1269
837.50,3.5056,0.1967,3.1323,-0.2070,4.3428,-1.7294,2.8918,0.3897,3.1289
838.00,3.3756,0.1939,-3.1300,-0.2261,4.2094,-1.7040,2.8622,0.3082,-3.1159
838.50,3.2648,0.1971,3.1052,-0.2452,4.0900,-1.7552,2.8226,0.2581,3.1241
839.00,3.1383,0.1967,-3.0977,-0.2650,3.9652,-1.6775,2.7110,0.2568,-3.0800
839.50,3.0084,0.1905,-3.1121,-0.2779,3.8272,-1.6801,2.5742,0.2464,-3.0821
840.00,2.8785,0.1921,3.1165,-0.2974,3.6925,-1.7359,2.4479,0.2453,-3.1415
840.50,2.7486,0.2021,3.0738,-0.3220,3.5648,-1.7812,2.3171,0.2486,3.0929
841.00,2.6188,0.2064,3.1311,-0.3465,3.4357,-1.7269,2.1967,0.2544,-3.1342
841.50,2.4888,0.2083,3.1173,-0.3669,3.3028,-1.7384,2.0676,0.2530,3.1374
842.00,2.3588,0.2079,-3.1396,-0.3882,3.1685,-1.7123,1.9337,0.2520,-3.1196
842.50,2.2288,0.2122,3.1064,-0.4085,3.0389,-1.7503,1.8101,0.2512,3.1266
843.00,2.0989,0.2135,3.1374,-0.4303,2.9114,-1.7222,1.6706,0.2520,-3.1278
843.50,1.9689,0.2153,3.1143,-0.4516,2.7733,-1.7425,1.5379,0.2507,3.1373
844.00,1.8389,0.2169,3.1347,-0.4744,2.6404,-1.7257,1.4030,0.2510,-3.1299
844.50,1.7089,0.2201,3.1114,-0.4954,2.5102,-1.7475,1.2790,0.2504,3.1343
845.00,1.5790,0.2218,3.1337,-0.5167,2.3878,-1.7288,1.1508,0.2508,-3.1322
845.50,1.4490,0.2252,3.1082,-0.5383,2.2568,-1.7522,1.0168,0.2459,3.1310
846.00,1.3191,0.2304,3.1180,-0.5624,2.1305,-1.7475,0.8852,0.2511,3.1364
846.50,1.1891,0.2315,3.1171,-0.5849,1.9962,-1.7439,0.7582,0.2505,3.1414
847.00,1.0592,0.2352,3.1251,-0.6085,1.8669,-1.7398,0.6330,0.2506,-3.1391
847.50,0.9292,0.2371,3.1083,-0.6298,1.7399,-1.7513,0.4946,0.2499,3.1347
848.00,0.7993,0.2431,3.1136,-0.6559,1.6065,-1.7529,0.3722,0.2513,3.1325
848.50,0.6693,0.2442,3.1205,-0.6768,1.4831,-1.7422,0.2503,0.2522,-3.1365
849.00,0.5394,0.2485,3.1259,-0.7008,1.3536,-1.7426,0.1300,0.2538,-3.1370
849.50,0.4094,0.2481,3.1269,-0.7213,1.2262,-1.7367,0.0088,0.2513,-3.1304
850.00,0.2795,0.2541,3.1023,-0.7464,1.0944,-1.7683,-0.1593,0.2504,3.1217
850.50,0.1495,0.2581,3.1040,-0.7721,0.9599,-1.7640,-0.2955,0.2511,3.1289
851.00,0.0197,0.2669,3.0913,-0.7995,0.8303,-1.7817,-0.4021,0.2543,3.1117
851.50,-0.1102,0.2674,-3.1336,-0.8232,0.6971,-1.7190,-0.5598,0.2538,-3.1068
852.00,-0.2402,0.2686,3.1338,-0.8440,0.5679,-1.7352,-0.6913,0.2503,-3.1255
852.50,-0.3702,0.2710,3.1145,-0.8671,0.4305,-1.7497,-0.8387,0.2507,-3.1390
853.00,-0.5001,0.2785,3.0993,-0.8928,0.3019,-1.7721,-0.9519,0.2519,3.1203
853.50,-0.6301,0.2791,3.1336,-0.9169,0.1660,-1.7287,-1.0996,0.2516,-3.1172
854.00,-0.7600,0.2828,3.1171,-0.9396,0.0357,-1.7457,-1.2231,0.2507,-3.1388
854.50,-0.8900,0.2837,3.1206,-0.9614,-0.0949,-1.7350,-1.3687,0.2491,-3.1297
855.00,-1.0199,0.2917,3.0848,-0.9854,-0.2214,-1.7739,-1.4856,0.2503,3.1104
855.50,-1.1498,0.2945,3.1213,-1.0091,-0.3529,-1.7310,-1.6148,0.2533,-3.1274
856.00,-1.2797,0.3010,3.1021,-1.0322,-0.4843,-1.7519,-1.7535,0.2528,3.1286
856.50,-1.4097,0.3014,3.1350,-1.0532,-0.6163,-1.7118,-1.8921,0.2539,-3.1152
857.00,-1.5396,0.3058,3.1066,-1.0728,-0.7402,-1.7427,-2.0043,0.2522,3.1319
857.50,-1.6696,0.3067,3.1283,-1.0939,-0.8749,-1.7195,-2.1484,0.2513,-3.1263
858.00,-1.7995,0.3134,3.0918,-1.1153,-1.0022,-1.7547,-2.2673,0.2519,3.1225
858.50,-1.9294,0.3158,3.1264,-1.1359,-1.1242,-1.7196,-2.3931,0.2520,-3.1273
859.00,-2.0594,0.3223,3.0864,-1.1573,-1.2545,-1.7578,-2.5281,0.2520,3.1177
859.50,-2.1892,0.3259,3.1300,-1.1799,-1.3842,-1.7157,-2.6587,0.2532,-3.1260
860.00,-2.3192,0.3290,3.1017,-1.1991,-1.5153,-1.7376,-2.7928,0.2537,3.1361
860.50,-2.4491,0.3318,3.1366,-1.2206,-1.6496,-1.7058,-2.9201,0.2557,-3.1188
861.00,-2.5791,0.3343,3.1072,-1.2390,-1.7830,-1.7289,-3.0522,0.2531,-3.1410
861.50,-2.7091,0.3362,3.1340,-1.2584,-1.9106,-1.7043,-3.1693,0.2521,-3.1225
862.00,-2.8391,0.3411,3.0950,-1.2759,-2.0329,-1.7370,-3.2999,0.2510,3.1306
862.50,-2.9689,0.3458,3.1226,-1.2966,-2.1589,-1.7129,-3.4224,0.2519,-3.1320
863.00,-3.0989,0.3506,3.0878,-1.3156,-2.2870,-1.7390,-3.5615,0.2512,3.1260
863.50,-3.2287,0.3563,3.1217,-1.3369,-2.4147,-1.7124,-3.6874,0.2549,-3.1375
864.00,-3.3587,0.3572,3.1237,-1.3532,-2.5443,-1.6993,-3.8318,0.2548,-3.1210
864.50,-3.4887,0.3601,3.1321,-1.3717,-2.6783,-1.6963,-3.9547,0.2530,-3.1232
865.00,-3.6187,0.3612,3.1153,-1.3873,-2.8064,-1.7048,-4.0838,0.2502,-3.1300
865.50,-3.7486,0.3651,3.1169,-1.4066,-2.9390,-1.7090,-4.2098,0.2498,-3.1394
866.00,-3.8786,0.3681,3.1046,-1.4251,-3.0759,-1.7157,-4.3553,0.2490,3.1388
866.50,-4.0084,0.3743,3.1099,-1.4468,-3.2134,-1.7150,-4.4846,0.2509,3.1361
867.00,-4.1384,0.3775,3.1068,-1.4646,-3.3430,-1.7140,-4.5977,0.2506,3.1382
867.50,-4.2683,0.3824,3.1203,-1.4831,-3.4684,-1.7037,-4.7283,0.2512,-3.1354
868.00,-4.3983,0.3855,3.1031,-1.5009,-3.6031,-1.7169,-4.8696,0.2501,3.1345
868.50,-4.5281,0.3926,3.1050,-1.5213,-3.7294,-1.7213,-4.9962,0.2527,3.1308
869.00,-4.6581,0.3936,3.1226,-1.5387,-3.8594,-1.7000,-5.1224,0.2519,-3.1303
869.50,-4.7880,0.3972,3.1198,-1.5563,-3.9846,-1.7061,-5.2452,0.2498,-3.1364
870.00,-4.9180,0.3992,3.1119,-1.5736,-4.1146,-1.7119,-5.3788,0.2487,-3.1415
870.50,-5.0479,0.4058,3.1038,-1.5936,-4.2412,-1.7235,-5.5036,0.2507,3.1308
871.00,-5.1778,0.4083,3.1106,-1.6126,-4.3749,-1.7134,-5.6393,0.2506,3.1409
871.50,-5.3077,0.4150,3.1071,-1.6341,-4.5120,-1.7205,-5.7679,0.2526,3.1331
872.00,-5.4377,0.4157,3.1271,-1.6520,-4.6442,-1.6988,-5.8974,0.2518,-3.1270
872.50,-5.5676,0.4198,3.1213,-1.6701,-4.7743,-1.7050,-6.0204,0.2512,-3.1339
873.00,-5.6976,0.4207,3.1194,-1.6877,-4.9117,-1.7039,-6.1596,0.2491,-3.1349
873.50,-5.8275,0.4287,3.0859,-1.7085,-5.0430,-1.7416,-6.2844,0.2515,3.1113
874.00,-5.9574,0.4321,3.1116,-1.7285,-5.1756,-1.7128,-6.4193,0.2527,3.1415
874.50,-6.0872,0.4404,3.0841,-1.7488,-5.2996,-1.7444,-6.5378,0.2553,3.1099
875.00,-6.2171,0.4432,3.1226,-1.7670,-5.4242,-1.7003,-6.6612,0.2557,-3.1299
875.50,-6.3470,0.4515,3.0469,-1.7877,-5.5534,-1.7702,-6.8060,0.2580,3.0820
876.00,-6.4746,0.4684,2.8548,-1.8247,-5.6807,-1.9598,-6.9326,0.2769,2.8924
876.50,-6.5971,0.5027,2.7723,-1.8803,-5.7973,-2.0517,-7.0549,0.3059,2.7984
877.00,-6.7194,0.5457,2.8496,-1.9413,-5.9200,-1.9838,-7.1851,0.3476,2.8670
877.50,-6.8468,0.5802,3.0680,-1.9839,-6.0505,-1.7669,-7.3109,0.3656,3.0874
878.00,-6.9767,0.5955,-3.1164,-2.0005,-6.1791,-1.6549,-7.4395,0.3738,-3.0824
878.50,-7.1067,0.5967,3.1014,-2.0137,-6.3042,-1.7165,-7.5686,0.3797,3.1334
879.00,-7.2362,0.6070,2.9873,-2.0374,-6.4288,-1.8259,-7.7022,0.3867,3.0216
879.50,-7.3631,0.6262,2.8577,-2.0769,-6.5504,-1.9528,-7.8359,0.4111,2.8947
880.00,-7.4826,0.6555,2.6526,-2.1332,-6.6610,-2.1523,-7.9608,0.4432,2.6917
880.50,-7.5900,0.7172,2.4651,-2.2133,-6.7604,-2.3412,-8.0773,0.4922,2.4993
881.00,-7.6627,0.7874,2.2523,-2.2907,-6.8263,-2.5510,-8.1451,0.5570,2.2907
881.50,-7.7210,0.8777,2.0169,-2.3878,-6.8769,-2.7841,-8.2132,0.6468,2.0565
882.00,-7.7713,0.9842,1.7435,-2.5033,-6.9037,-3.0555,-8.2557,0.7533,1.7843
882.50,-7.8086,1.1135,1.5165,-2.6371,-6.8999,2.9990,-8.2843,0.8840,1.5552
883.00,-7.8112,1.2421,1.3710,-2.7667,-6.8688,2.8414,-8.3046,1.0070,1.3995
883.50,-7.7877,1.3696,1.3976,-2.8938,-6.8292,2.8621,-8.2981,1.1392,1.4230
884.00,-7.7716,1.4985,1.5402,-3.0208,-6.7994,2.9918,-8.2880,1.2652,1.5538
884.50,-7.7663,1.6281,1.6950,-3.1520,-6.7926,-3.1226,-8.2950,1.3960,1.7285
885.00,-7.7802,1.7526,1.6578,-3.2811,-6.7954,3.1355,-8.3019,1.5236,1.6987
885.50,-7.7872,1.8816,1.4496,-3.4133,-6.7824,2.9319,-8.3043,1.6524,1.4915
886.00,-7.7758,2.0082,1.3614,-3.5385,-6.7475,2.8318,-8.2962,1.7810,1.3863
886.50,-7.7540,2.1268,1.4513,-3.6653,-6.7105,2.9114,-8.2825,1.9075,1.4693
887.00,-7.7411,2.2544,1.6428,-3.7863,-6.6950,3.1109,-8.2862,2.0186,1.6759
887.50,-7.7486,2.3839,1.6537,-3.9177,-6.6943,3.1352,-8.2933,2.1520,1.6967
888.00,-7.7538,2.5137,1.4809,-4.0534,-6.6843,2.9691,-8.2988,2.2877,1.5224
888.50,-7.7446,2.6423,1.3950,-4.1860,-6.6527,2.8719,-8.2895,2.4194,1.4229
889.00,-7.7263,2.7708,1.4630,-4.3181,-6.6197,2.9378,-8.2767,2.5485,1.4926
889.50,-7.7173,2.9004,1.5127,-4.4547,-6.5962,2.9951,-8.2735,2.6802,1.5478
890.00,-7.7127,3.0302,1.5264,-4.5843,-6.5780,3.0099,-8.2716,2.8013,1.5580
890.50,-7.7078,3.1601,1.5275,-4.7099,-6.5620,3.0150,-8.2740,2.9278,1.5607
891.00,-7.7016,3.2900,1.5259,-4.8402,-6.5451,3.0128,-8.2708,3.0592,1.5551
891.50,-7.6993,3.4199,1.5442,-4.9719,-6.5290,3.0306,-8.2686,3.1920,1.5740
892.00,-7.6963,3.5498,1.5453,-5.1040,-6.5148,3.0339,-8.2696,3.3248,1.5762
892.50,-7.6914,3.6798,1.5358,-5.2358,-6.5003,3.0270,-8.2733,3.4503,1.5675
893.00,-7.6853,3.8097,1.5296,-5.3690,-6.4843,3.0195,-8.2723,3.5845,1.5585
893.50,-7.6824,3.9396,1.5475,-5.4986,-6.4690,3.0358,-8.2674,3.7151,1.5757
894.00,-7.6799,4.0696,1.5466,-5.6278,-6.4561,3.0417,-8.2719,3.8393,1.5809
894.50,-7.6735,4.1995,1.5324,-5.7537,-6.4423,3.0259,-8.2720,3.9659,1.5635
895.00,-7.6692,4.3294,1.5373,-5.8888,-6.4267,3.0287,-8.2682,4.1056,1.5663
895.50,-7.6672,4.4443,1.5468,-6.0107,-6.4138,3.0415,-8.2687,4.2151,1.5791
896.00,-7.6647,4.5311,1.5453,-6.0957,-6.4051,3.0386,-8.2721,4.2981,1.5750
896.50,-7.6673,4.5669,1.5954,-6.1380,-6.4015,3.0873,-8.2743,4.3451,1.6249
897.00,-7.6747,4.5671,1.6472,-6.1453,-6.4012,3.1394,-8.2748,4.3484,1.6770
897.50,-7.6819,4.5671,1.6973,-6.1523,-6.4013,-3.0930,-8.2756,4.3554,1.7278
898.00,-7.6886,4.5671,1.7457,-6.1586,-6.4018,-3.0437,-8.2767,4.3617,1.7770
898.50,-7.6948,4.5672,1.7924,-6.1647,-6.4025,-2.9964,-8.2781,4.3676,1.8244
899.00,-7.7006,4.5672,1.8378,-6.1695,-6.4033,-2.9497,-8.2794,4.3723,1.8711
899.50,-7.7058,4.5672,1.8817,-6.1742,-6.4043,-2.9047,-8.2809,4.3769,1.9161
900.00,-7.7106,4.5673,1.9244,-6.1795,-6.4057,-2.8612,-8.2829,4.3820,1.9596
900.50,-7.7149,4.5673,1.9659,-6.1844,-6.4072,-2.8192,-8.3092,4.3575,1.9970
901.00,-7.7186,4.5673,2.0062,-6.1881,-6.4085,-2.7778,-8.3238,4.3454,2.0360
901.50,-7.7220,4.5674,2.0455,-6.1914,-6.4098,-2.7380,-8.3255,4.3486,2.0758
902.00,-7.7248,4.5674,2.0837,-6.1939,-6.4110,-2.6989,-8.3269,4.3509,2.1149
902.50,-7.7271,4.5675,2.1209,-6.1954,-6.4117,-2.6613,-8.3278,4.3524,2.1525
903.00,-7.7290,4.5675,2.1571,-6.1973,-6.4128,-2.6240,-8.3290,4.3542,2.1898
903.50,-7.7305,4.5676,2.1924,-6.1987,-6.4136,-2.5886,-8.3300,4.3555,2.2252
904.00,-7.7315,4.5676,2.2268,-6.1996,-6.4141,-2.5536,-8.3306,4.3563,2.2602
904.50,-7.7320,4.5677,2.2603,-6.2003,-6.4146,-2.5198,-8.3312,4.3569,2.2940
905.00,-7.7322,4.5677,2.2930,-6.2004,-6.4147,-2.4868,-8.3312,4.3570,2.3270
905.50,-7.7321,4.5675,2.3259,-6.2003,-6.4146,-2.4532,-8.3312,4.3570,2.3606
906.00,-7.7320,4.5674,2.3599,-6.2001,-6.4144,-2.4184,-8.3309,4.3567,2.3954
906.50,-7.7317,4.5675,2.3937,-6.1996,-6.4140,-2.3837,-8.3305,4.3563,2.4301
907.00,-7.7314,4.5675,2.4263,-6.1994,-6.4138,-2.3507,-8.3303,4.3561,2.4631
907.50,-7.7314,4.5673,2.4592,-6.1992,-6.4135,-2.3176,-8.3300,4.3559,2.4962
908.00,-7.7313,4.5667,2.4928,-6.1989,-6.4132,-2.2833,-8.3296,4.3556,2.5305
908.50,-7.7313,4.5656,2.5274,-6.1983,-6.4126,-2.2481,-8.3289,4.3552,2.5657
909.00,-7.7312,4.5640,2.5629,-6.1975,-6.4115,-2.2118,-8.3278,4.3545,2.6020
909.50,-7.7312,4.5620,2.5994,-6.1963,-6.4099,-2.1748,-8.3260,4.3535,2.6390
910.00,-7.7311,4.5596,2.6368,-6.1954,-6.4084,-2.1367,-8.3245,4.3527,2.6771
910.50,-7.7311,4.5566,2.6752,-6.1937,-6.4056,-2.0981,-8.3216,4.3513,2.7157
911.00,-7.7310,4.5532,2.7147,-6.1915,-6.4016,-2.0576,-8.3173,4.3494,2.7562
911.50,-7.7310,4.5493,2.7553,-6.1900,-6.3987,-2.0162,-8.3143,4.3483,2.7976
912.00,-7.7310,4.5450,2.7970,-6.1882,-6.3948,-1.9743,-8.3102,4.3469,2.8395
912.50,-7.7309,4.5401,2.8399,-6.1866,-6.3907,-1.9310,-8.3060,4.3457,2.8828
913.00,-7.7309,4.5348,2.8842,-6.1843,-6.3843,-1.8861,-8.2993,4.3441,2.9277
913.50,-7.7309,4.5289,2.9298,-6.1826,-6.3785,-1.8403,-8.2935,4.3429,2.9735
914.00,-7.7308,4.5226,2.9769,-6.1808,-6.3714,-1.7924,-8.2862,4.3419,3.0214
914.50,-7.7308,4.5158,3.0256,-6.1793,-6.3639,-1.7429,-8.2786,4.3412,3.0709
915.00,-7.7308,4.5085,3.0761,-6.1783,-6.3571,-1.6926,-8.3111,4.3062,3.1099
915.50,-7.7308,4.5007,3.1285,-6.1775,-6.3492,-1.6397,-8.3240,4.2872,-3.1265
916.00,-7.7308,4.4928,-3.1014,-6.1775,-6.3512,-1.5852,-8.3259,4.2870,-3.0720
916.50,-7.7308,4.4853,-3.0501,-6.1775,-6.3593,-1.5335,-8.3340,4.2863,-3.0204
917.00,-7.7308,4.4782,-3.0005,-6.1771,-6.3653,-1.4834,-8.3400,4.2854,-2.9702
917.50,-7.7308,4.4717,-2.9526,-6.1764,-6.3714,-1.4340,-8.3460,4.2842,-2.9208
918.00,-7.7309,4.4656,-2.9063,-6.1753,-6.3781,-1.3873,-8.3526,4.2826,-2.8741
918.50,-7.7309,4.4600,-2.8614,-6.1741,-6.3840,-1.3418,-8.3584,4.2808,-2.8287
919.00,-7.7309,4.4549,-2.8178,-6.1727,-6.3893,-1.2974,-8.3635,4.2791,-2.7843
919.50,-7.7310,4.4503,-2.7755,-6.1711,-6.3947,-1.2540,-8.3688,4.2770,-2.7409
920.00,-7.7310,4.4462,-2.7344,-6.1699,-6.3982,-1.2122,-8.3722,4.2754,-2.6991
920.50,-7.7311,4.4425,-2.6944,-6.1685,-6.4015,-1.1712,-8.3754,4.2739,-2.6580
921.00,-7.7311,4.4393,-2.6554,-6.1670,-6.4051,-1.1313,-8.3787,4.2720,-2.6181
921.50,-7.7311,4.4368,-2.6197,-6.1659,-6.4072,-1.0924,-8.3401,4.2096,-2.5862
922.00,-7.7312,4.4353,-2.5883,-6.1656,-6.4078,-1.0678,-8.3407,4.2092,-2.5617
922.50,-7.7312,4.4335,-2.5521,-6.1646,-6.4096,-1.0302,-8.3424,4.2080,-2.5241
923.00,-7.7313,4.4321,-2.5169,-6.1640,-6.4104,-0.9946,-8.3432,4.2074,-2.4884
923.50,-7.7313,4.4312,-2.4826,-6.1633,-6.4115,-0.9595,-8.3442,4.2066,-2.4533
924.00,-7.7314,4.4306,-2.4491,-6.1631,-6.4118,-0.9248,-8.3445,4.2064,-2.4186
924.50,-7.7314,4.4306,-2.4166,-6.1630,-6.4119,-0.8913,-8.3446,4.2063,-2.3851
925.00,-7.7312,4.4306,-2.3836,-6.1633,-6.4116,-0.8577,-8.3443,4.2066,-2.3515
925.50,-7.7311,4.4307,-2.3495,-6.1634,-6.4115,-0.8228,-8.3442,4.2067,-2.3167
926.00,-7.7312,4.4311,-2.3158,-6.1638,-6.4111,-0.7878,-8.3438,4.2072,-2.2816
926.50,-7.7312,4.4313,-2.2832,-6.1640,-6.4109,-0.7547,-8.3436,4.2074,-2.2485
927.00,-7.7310,4.4313,-2.2503,-6.1645,-6.4105,-0.7208,-8.3433,4.2079,-2.2146
927.50,-7.7303,4.4314,-2.2165,-6.1650,-6.4100,-0.6865,-8.3429,4.2084,-2.1803
928.00,-7.7291,4.4314,-2.1819,-6.1660,-6.4092,-0.6510,-8.3421,4.2095,-2.1448
928.50,-7.7276,4.4315,-2.1463,-6.1673,-6.4082,-0.6151,-8.3413,4.2109,-2.1089
