t,gt_x,gt_y,gt_yaw,odom_x,odom_y,odom_yaw,slam_x,slam_y,slam_yaw
53.50,-0.0000,0.0000,0.0000,0.0000,0.0000,0.0352,0.0000,0.0000,0.0352
54.00,-0.0000,0.0000,0.0000,0.0000,0.0000,0.0360,0.0000,0.0000,0.0360
54.50,-0.0000,0.0000,0.0000,0.0000,0.0000,0.0360,0.0000,0.0000,0.0360
55.00,-0.0000,0.0000,0.0000,0.0000,0.0000,0.0370,0.0000,0.0000,0.0370
55.50,-0.0000,0.0000,0.0000,0.0000,0.0000,0.0375,0.0000,0.0000,0.0375
56.00,-0.0000,0.0000,0.0000,0.0000,0.0000,0.0375,0.0000,0.0000,0.0375
56.50,-0.0000,0.0000,0.0000,0.0000,0.0000,0.0380,0.0000,0.0000,0.0380
57.00,-0.0000,0.0000,0.0000,0.0000,0.0000,0.0387,0.0000,0.0000,0.0387
57.50,-0.0000,0.0000,0.0000,0.0000,0.0000,0.0393,0.0000,0.0000,0.0393
58.00,-0.0000,0.0000,0.0000,0.0000,0.0000,0.0397,0.0000,0.0000,0.0397
58.50,-0.0000,0.0000,0.0000,0.0000,0.0000,0.0394,0.0000,0.0000,0.0394
59.00,-0.0000,0.0000,0.0000,0.0000,0.0000,0.0402,0.0000,0.0000,0.0402
59.50,-0.0000,0.0000,0.0000,0.0000,0.0000,0.0407,0.0000,0.0000,0.0407
60.00,-0.0000,0.0000,0.0000,0.0000,0.0000,0.0414,0.0000,0.0000,0.0414
60.50,-0.0000,0.0000,0.0000,0.0000,0.0000,0.0423,0.0000,0.0000,0.0423
61.00,-0.0000,0.0000,0.0000,0.0000,0.0000,0.0422,0.0000,0.0000,0.0422
61.50,-0.0000,0.0000,0.0000,0.0000,0.0000,0.0428,0.0000,0.0000,0.0428
62.00,0.0388,-0.0000,-0.0000,0.0362,0.0016,0.0431,0.0362,0.0016,0.0431
62.50,0.0988,-0.0000,-0.0000,0.0908,0.0039,0.0439,0.0506,-0.0011,0.0125
63.00,0.1588,-0.0000,-0.0000,0.1540,0.0067,0.0439,0.0639,-0.0003,0.0125
63.50,0.2188,-0.0000,-0.0000,0.2168,0.0095,0.0448,0.0868,0.0005,0.0134
64.00,0.2788,-0.0000,-0.0000,0.2766,0.0122,0.0449,0.1466,0.0013,0.0135
64.50,0.3388,-0.0000,-0.0000,0.3351,0.0148,0.0456,0.1252,0.0022,0.0142
65.00,0.3988,-0.0000,-0.0000,0.3989,0.0178,0.0462,0.1091,0.0031,0.0148
65.50,0.4588,-0.0000,-0.0000,0.4606,0.0206,0.0468,0.1308,0.0040,0.0154
66.00,0.5188,-0.0000,-0.0000,0.5182,0.0234,0.0481,0.1884,0.0049,0.0167
66.50,0.5788,-0.0000,-0.0000,0.5752,0.0261,0.0488,0.1655,0.0063,0.0139
67.00,0.6388,-0.0000,-0.0000,0.6326,0.0290,0.0494,0.1830,0.0077,0.0110
67.50,0.6988,-0.0000,-0.0000,0.6929,0.0320,0.0502,0.2434,0.0084,0.0118
68.00,0.7588,-0.0000,-0.0000,0.7569,0.0352,0.0510,0.2874,0.0092,0.0126
68.50,0.8188,-0.0000,-0.0000,0.8216,0.0385,0.0515,0.2976,0.0000,0.0131
69.00,0.8788,-0.0000,-0.0000,0.8807,0.0416,0.0519,0.3114,0.0008,0.0135
69.50,0.9388,-0.0000,-0.0000,0.9414,0.0448,0.0521,0.3722,0.0016,0.0137
70.00,0.9988,-0.0000,-0.0000,1.0050,0.0481,0.0531,0.4358,0.0130,0.0113
70.50,1.0588,-0.0000,-0.0000,1.0630,0.0512,0.0543,0.4639,0.0137,0.0124
71.00,1.1188,-0.0000,-0.0000,1.1271,0.0547,0.0549,0.5181,0.0150,0.0095
71.50,1.1788,-0.0000,-0.0000,1.1856,0.0579,0.0551,0.5767,0.0156,0.0097
72.00,1.2232,-0.0000,-0.0000,1.2326,0.0605,0.0559,0.6137,0.0160,0.0105
72.50,1.2232,-0.0000,-0.0000,1.2326,0.0605,0.0560,0.6137,0.0160,0.0106
73.00,1.2232,-0.0000,-0.0000,1.2326,0.0605,0.0562,0.6137,0.0160,0.0108
73.50,1.2232,-0.0000,-0.0000,1.2326,0.0605,0.0564,0.6137,0.0160,0.0110
74.00,1.2232,-0.0000,-0.0000,1.2326,0.0605,0.0575,0.6137,0.0160,0.0121
74.50,1.2232,-0.0000,-0.0000,1.2326,0.0605,0.0581,0.6137,0.0160,0.0127
75.00,1.2232,-0.0000,-0.0000,1.2326,0.0605,0.0583,0.6137,0.0160,0.0129
75.50,1.2232,-0.0000,-0.0000,1.2326,0.0605,0.0589,0.6137,0.0160,0.0135
76.00,1.2232,-0.0000,-0.0000,1.2326,0.0605,0.0600,0.6137,0.0160,0.0146
76.50,1.2232,-0.0000,-0.0000,1.2326,0.0605,0.0597,0.6137,0.0160,0.0143
77.00,1.2232,-0.0000,-0.0000,1.2326,0.0605,0.0604,0.6137,0.0160,0.0151
77.50,1.2232,-0.0000,-0.0000,1.2326,0.0605,0.0613,0.6137,0.0160,0.0159
78.00,1.2232,-0.0000,-0.0000,1.2326,0.0605,0.0620,0.6137,0.0160,0.0166
78.50,1.2232,-0.0000,-0.0000,1.2326,0.0605,0.0621,0.6137,0.0160,0.0167
79.00,1.2232,-0.0000,-0.0000,1.2326,0.0605,0.0628,0.6137,0.0160,0.0174
79.50,1.2232,-0.0000,-0.0000,1.2326,0.0605,0.0629,0.6137,0.0160,0.0175
80.00,1.2232,-0.0000,-0.0000,1.2326,0.0605,0.0635,0.6137,0.0160,0.0182
80.50,1.2232,0.0027,0.0374,1.2342,0.0607,0.1002,0.6154,0.0161,0.0548
81.00,1.2232,0.0103,0.0889,1.2416,0.0616,0.1545,0.6228,0.0167,0.1092
81.50,1.2232,0.0173,0.1386,1.2490,0.0629,0.2051,0.6303,0.0177,0.1597
82.00,1.2232,0.0239,0.1865,1.2535,0.0640,0.2537,0.6348,0.0185,0.2083
82.50,1.2232,0.0300,0.2329,1.2589,0.0655,0.3007,0.6402,0.0198,0.2553
83.00,1.2233,0.0356,0.2779,1.2643,0.0673,0.3461,0.6457,0.0214,0.3008
83.50,1.2233,0.0408,0.3215,1.2702,0.0696,0.3908,0.6517,0.0234,0.3455
84.00,1.2233,0.0454,0.3639,1.2742,0.0714,0.4334,0.6752,0.0569,0.3776
84.50,1.2234,0.0496,0.4051,1.2780,0.0732,0.4749,0.6790,0.0585,0.4190
85.00,1.2234,0.0532,0.4452,1.2816,0.0752,0.5151,0.6828,0.0603,0.4593
85.50,1.2235,0.0564,0.4842,1.2845,0.0768,0.5547,0.6857,0.0618,0.4989
86.00,1.2235,0.0591,0.5221,1.2867,0.0782,0.5929,0.6880,0.0631,0.5371
86.50,1.2236,0.0614,0.5591,1.2892,0.0800,0.6300,0.6906,0.0647,0.5742
87.00,1.2236,0.0632,0.5951,1.2906,0.0810,0.6649,0.6920,0.0656,0.6090
87.50,1.2237,0.0645,0.6302,1.2918,0.0820,0.7018,0.6933,0.0666,0.6459
88.00,1.2237,0.0654,0.6644,1.2921,0.0823,0.7370,0.6936,0.0668,0.6811
88.50,1.2238,0.0658,0.6976,1.2922,0.0824,0.7711,0.6937,0.0669,0.7152
89.00,1.2238,0.0659,0.7302,1.2921,0.0823,0.8039,0.6936,0.0668,0.7480
89.50,1.2235,0.0658,0.7633,1.2920,0.0822,0.8376,0.6936,0.0667,0.7818
90.00,1.2235,0.0657,0.7975,1.2920,0.0821,0.8720,0.6935,0.0667,0.8161
90.50,1.2235,0.0653,0.8310,1.2916,0.0818,0.9066,0.6931,0.0663,0.8507
91.00,1.2236,0.0651,0.8635,1.2915,0.0815,0.9394,0.6929,0.0660,0.8836
91.50,1.2232,0.0651,0.8966,1.2913,0.0813,0.9729,0.6928,0.0658,0.9170
92.00,1.2225,0.0650,0.9305,1.2905,0.0800,1.0076,0.6919,0.0646,0.9518
92.50,1.2213,0.0650,0.9653,1.2898,0.0790,1.0427,0.6912,0.0636,0.9869
93.00,1.2196,0.0649,1.0010,1.2888,0.0771,1.0793,0.6901,0.0619,1.0235
93.50,1.2175,0.0649,1.0377,1.2878,0.0752,1.1170,0.6889,0.0599,1.0612
94.00,1.2150,0.0648,1.0753,1.2867,0.0729,1.1548,0.6877,0.0577,1.0989
94.50,1.2119,0.0648,1.1140,1.2856,0.0703,1.1941,0.6865,0.0552,1.1382
95.00,1.2084,0.0647,1.1538,1.2846,0.0674,1.2342,0.6853,0.0524,1.1784
95.50,1.2044,0.0647,1.1946,1.2832,0.0631,1.2753,0.6836,0.0482,1.2195
96.00,1.1999,0.0647,1.2366,1.2822,0.0595,1.3179,0.6824,0.0446,1.2621
96.50,1.1949,0.0646,1.2799,1.2810,0.0545,1.3614,0.6810,0.0396,1.3056
97.00,1.1894,0.0646,1.3245,1.2798,0.0486,1.4066,0.6795,0.0338,1.3507
97.50,1.1835,0.0646,1.3704,1.2790,0.0423,1.4527,0.6783,0.0276,1.3968
98.00,1.1770,0.0645,1.4179,1.2784,0.0369,1.5005,0.6774,0.0222,1.4447
98.50,1.1701,0.0645,1.4670,1.2781,0.0297,1.5500,0.6767,0.0151,1.4942
99.00,1.1627,0.0645,1.5180,1.2782,0.0223,1.6018,0.6763,0.0077,1.5459
99.50,1.1548,0.0645,1.5709,1.2786,0.0147,1.6555,0.6327,0.0702,1.5822
100.00,1.1470,0.0645,1.6238,1.2776,0.0236,1.7087,0.6324,0.0792,1.6354
100.50,1.1434,0.0645,1.6589,1.2770,0.0277,1.7465,0.6320,0.0833,1.6733
101.00,1.1371,0.0645,1.7085,1.2756,0.0344,1.7966,0.6312,0.0901,1.7233
101.50,1.1305,0.0646,1.7565,1.2742,0.0400,1.8447,0.6302,0.0958,1.7714
102.00,1.1244,0.0646,1.8030,1.2721,0.0468,1.8919,0.6286,0.1027,1.8186
102.50,1.1188,0.0646,1.8479,1.2703,0.0518,1.9355,0.6272,0.1079,1.8622
103.00,1.1137,0.0646,1.8916,1.2683,0.0568,1.9813,0.6255,0.1129,1.9080
103.50,1.1090,0.0647,1.9340,1.2662,0.0613,2.0237,0.6238,0.1176,1.9505
104.00,1.1049,0.0647,1.9752,1.2645,0.0647,2.0657,0.6223,0.1211,1.9925
104.50,1.1012,0.0648,2.0153,1.2626,0.0679,2.1059,0.5710,0.0832,2.0298
105.00,1.0920,0.0843,2.0793,1.2524,0.0841,2.1639,0.5511,0.0910,2.0871
105.50,1.0517,0.1542,2.2264,1.2045,0.1447,2.3115,0.5247,0.1554,2.2376
106.00,0.9683,0.2504,2.3456,1.1126,0.2336,2.4317,0.4235,0.2610,2.3619
106.50,0.8752,0.3410,2.3739,1.0089,0.3185,2.4610,0.3257,0.3527,2.3877
107.00,0.7850,0.4350,2.2867,0.9103,0.4046,2.3708,0.2339,0.4460,2.3010
107.50,0.7023,0.5352,2.2561,0.8165,0.5001,2.3403,0.1568,0.5377,2.2670
108.00,0.6166,0.6326,2.3491,0.7156,0.5973,2.4326,0.0861,0.6434,2.3607
108.50,0.5195,0.7192,2.4959,0.6069,0.6775,2.5823,-0.0149,0.7236,2.5107
109.00,0.4128,0.7953,2.5521,0.4880,0.7458,2.6400,-0.1287,0.7952,2.5671
109.50,0.3291,0.8553,2.4786,0.3982,0.7975,2.5686,-0.1905,0.8496,2.4936
110.00,0.2699,0.9097,2.2906,0.3320,0.8485,2.3800,-0.2397,0.9069,2.3033
110.50,0.2337,0.9516,2.1383,0.2909,0.8935,2.2278,-0.2594,0.9514,2.1493
111.00,0.2308,0.9547,2.0892,0.2889,0.8962,2.1796,-0.2489,0.9562,2.1029
111.50,0.2335,0.9547,2.0512,0.2908,0.8932,2.1422,-0.2473,0.9531,2.0654
112.00,0.2368,0.9546,2.0121,0.2923,0.8908,2.1045,-0.2460,0.9505,2.0277
112.50,0.2405,0.9546,1.9719,0.2944,0.8869,2.0643,-0.2442,0.9465,1.9875
113.00,0.2447,0.9545,1.9306,0.2955,0.8849,2.0238,-0.2433,0.9444,1.9470
113.50,0.2494,0.9545,1.8881,0.2971,0.8814,1.9818,-0.2420,0.9408,1.9051
114.00,0.2537,0.9634,1.8199,0.2945,0.8880,1.9190,-0.2440,0.9476,1.8422
114.50,0.2588,1.0277,1.6909,0.2768,0.9517,1.7890,-0.2568,1.0124,1.7122
115.00,0.2611,1.1485,1.6093,0.2568,1.0676,1.7101,-0.2400,1.1494,1.6264
115.50,0.2610,1.2655,1.5969,0.2423,1.1842,1.6994,-0.2333,1.2668,1.6121
116.00,0.2538,1.3237,1.6476,0.2331,1.2455,1.7514,-0.2377,1.3286,1.6607
116.50,0.2467,1.3297,1.6973,0.2310,1.2563,1.8020,-0.2389,1.3396,1.7112
117.00,0.2400,1.3297,1.7457,0.2294,1.2622,1.8491,-0.2398,1.3456,1.7584
117.50,0.2338,1.3297,1.7924,0.2275,1.2685,1.8991,-0.2412,1.3521,1.8083
118.00,0.2280,1.3297,1.8378,0.2257,1.2736,1.9453,-0.2426,1.3573,1.8546
118.50,0.2228,1.3298,1.8817,0.2241,1.2773,1.9887,-0.2438,1.3612,1.8979
119.00,0.2180,1.3298,1.9244,0.2219,1.2820,2.0336,-0.2456,1.3660,1.9428
119.50,0.2137,1.3298,1.9659,0.2200,1.2856,2.0755,-0.2471,1.3698,1.9848
120.00,0.2100,1.3299,2.0062,0.2178,1.2894,2.1163,-0.2489,1.3737,2.0256
120.50,0.2067,1.3299,2.0455,0.2162,1.2920,2.1560,-0.2809,1.3361,2.0617
121.00,0.2038,1.3300,2.0837,0.2144,1.2946,2.1952,-0.2825,1.3389,2.1010
121.50,0.2015,1.3300,2.1209,0.2126,1.2970,2.2332,-0.2841,1.3415,2.1390
122.00,0.1996,1.3301,2.1571,0.2115,1.2984,2.2698,-0.2851,1.3430,2.1756
122.50,0.1981,1.3301,2.1924,0.2105,1.2995,2.3056,-0.2859,1.3442,2.2114
123.00,0.1971,1.3302,2.2268,0.2100,1.3001,2.3407,-0.2864,1.3448,2.2464
123.50,0.1966,1.3302,2.2603,0.2096,1.3005,2.3746,-0.2867,1.3453,2.2804
124.00,0.1964,1.3303,2.2930,0.2095,1.3006,2.4072,-0.2868,1.3454,2.3130
124.50,0.1965,1.3301,2.3259,0.2096,1.3005,2.4417,-0.2867,1.3453,2.3474
125.00,0.1966,1.3299,2.3599,0.2096,1.3005,2.4768,-0.2868,1.3453,2.3826
125.50,0.1969,1.3300,2.3937,0.2100,1.3002,2.5115,-0.2863,1.3449,2.4173
126.00,0.1972,1.3301,2.4263,0.2100,1.3002,2.5446,-0.2864,1.3450,2.4503
126.50,0.1972,1.3298,2.4592,0.2100,1.3002,2.5779,-0.2863,1.3449,2.4837
127.00,0.1973,1.3292,2.4928,0.2107,1.2998,2.6112,-0.2857,1.3444,2.5170
127.50,0.1973,1.3281,2.5274,0.2114,1.2994,2.6483,-0.2850,1.3440,2.5541
128.00,0.1974,1.3266,2.5629,0.2127,1.2987,2.6842,-0.2838,1.3432,2.5899
128.50,0.1974,1.3246,2.5994,0.2143,1.2979,2.7210,-0.2823,1.3423,2.6267
129.00,0.1975,1.3221,2.6368,0.2170,1.2968,2.7588,-0.2797,1.3409,2.6646
129.50,0.1975,1.3192,2.6752,0.2197,1.2958,2.7977,-0.2771,1.3396,2.7035
130.00,0.1976,1.3158,2.7147,0.2229,1.2947,2.8379,-0.2740,1.3383,2.7437
130.50,0.1976,1.3119,2.7553,0.2274,1.2934,2.8792,-0.2697,1.3365,2.7850
131.00,0.1977,1.3075,2.7970,0.2321,1.2922,2.9216,-0.2651,1.3349,2.8274
131.50,0.1977,1.3026,2.8399,0.2372,1.2912,2.9649,-0.2602,1.3334,2.8706
132.00,0.1977,1.2973,2.8842,0.2438,1.2902,3.0101,-0.2536,1.3318,2.9159
132.50,0.1978,1.2915,2.9298,0.2504,1.2895,3.0565,-0.2471,1.3304,2.9623
133.00,0.1978,1.2851,2.9769,0.2578,1.2890,3.1042,-0.2398,1.3293,3.0099
133.50,0.1978,1.2783,3.0256,0.2648,1.2889,-3.1298,-0.2329,1.3285,3.0591
134.00,0.1978,1.2710,3.0761,0.2715,1.2891,-3.0786,-0.3066,1.2838,3.0894
134.50,0.1978,1.2633,3.1284,0.2775,1.2896,-3.0257,-0.3005,1.2836,-3.1409
135.00,0.1978,1.2553,-3.1014,0.2743,1.2891,-2.9714,-0.3038,1.2835,-3.0866
135.50,0.1978,1.2478,-3.0501,0.2663,1.2875,-2.9197,-0.3119,1.2828,-3.0349
136.00,0.1978,1.2408,-3.0005,0.2591,1.2857,-2.8698,-0.3193,1.2818,-2.9850
136.50,0.1978,1.2342,-2.9526,0.2534,1.2840,-2.8208,-0.3252,1.2808,-2.9360
137.00,0.1977,1.2281,-2.9063,0.2471,1.2817,-2.7758,-0.3317,1.2792,-2.8910
137.50,0.1977,1.2225,-2.8614,0.2411,1.2793,-2.7285,-0.3379,1.2775,-2.8436
138.00,0.1977,1.2174,-2.8178,0.2361,1.2769,-2.6842,-0.3431,1.2757,-2.7994
138.50,0.1976,1.2138,-2.7846,0.2320,1.2748,-2.6491,-0.3475,1.2741,-2.7642
139.00,0.1976,1.2136,-2.7800,0.2318,1.2747,-2.6457,-0.3477,1.2740,-2.7609
139.50,0.1976,1.2099,-2.7389,0.2284,1.2728,-2.6021,-0.3513,1.2725,-2.7173
140.00,0.1976,1.2062,-2.6988,0.2251,1.2707,-2.5613,-0.3548,1.2708,-2.6765
140.50,0.1975,1.2030,-2.6597,0.2223,1.2688,-2.5216,-0.3579,1.2692,-2.6368
141.00,0.1735,1.1912,-2.5884,0.2001,1.2516,-2.4531,-0.2954,1.1842,-2.5787
141.50,0.0974,1.1428,-2.5570,0.1316,1.1933,-2.4228,-0.3461,1.1323,-2.5450
142.00,-0.0110,1.0724,-2.5694,0.0344,1.1094,-2.4367,-0.4566,1.0758,-2.5536
142.50,-0.1180,0.9978,-2.4811,-0.0661,1.0179,-2.3475,-0.5907,0.9965,-2.4679
143.00,-0.2146,0.9118,-2.3624,-0.1483,0.9223,-2.2269,-0.6315,0.9117,-2.3455
143.50,-0.3058,0.8201,-2.3655,-0.2264,0.8191,-2.2292,-0.7412,0.8187,-2.3499
144.00,-0.3855,0.7491,-2.4927,-0.2992,0.7339,-2.3550,-0.8188,0.7401,-2.4772
144.50,-0.4742,0.6956,-2.7307,-0.3721,0.6754,-2.5811,-0.8979,0.6906,-2.7033
145.00,-0.5965,0.6514,-2.9358,-0.4923,0.6184,-2.7979,-1.0513,0.6487,-2.9237
145.50,-0.7247,0.6225,-2.9928,-0.6244,0.5767,-2.8540,-1.2134,0.6167,-2.9814
146.00,-0.8526,0.5979,-2.9193,-0.7505,0.5350,-2.7760,-1.2908,0.5877,-2.9033
146.50,-0.9787,0.5662,-2.8995,-0.8710,0.4857,-2.7551,-1.4194,0.5542,-2.8824
147.00,-1.1060,0.5412,-2.9712,-0.9950,0.4411,-2.8279,-1.5617,0.5254,-2.9588
147.50,-1.2337,0.5149,-2.9270,-1.1281,0.3955,-2.7833,-1.6659,0.4975,-2.9141
148.00,-1.3602,0.4821,-2.8860,-1.2559,0.3450,-2.7388,-1.8154,0.4636,-2.8719
148.50,-1.4851,0.4418,-2.8376,-1.3701,0.2927,-2.6871,-1.9391,0.4267,-2.8215
149.00,-1.6101,0.4072,-2.9246,-1.4888,0.2389,-2.7730,-2.0720,0.3887,-2.9096
149.50,-1.7387,0.3817,-3.0549,-1.6103,0.2026,-2.9054,-2.1891,0.3696,-3.0398
150.00,-1.8681,0.3676,-3.0125,-1.7361,0.1710,-2.8616,-2.2898,0.3451,-2.9995
150.50,-1.9962,0.3455,-2.9438,-1.8607,0.1294,-2.7901,-2.4171,0.3210,-2.9279
151.00,-2.1234,0.3164,-2.9136,-1.9850,0.0822,-2.7579,-2.5631,0.2911,-2.8992
151.50,-2.2486,0.2787,-2.8262,-2.1127,0.0238,-2.6668,-2.6912,0.2510,-2.8116
152.00,-2.3724,0.2394,-2.8636,-2.2281,-0.0348,-2.7028,-2.7739,0.2095,-2.8470
152.50,-2.4997,0.2091,-3.0249,-2.3468,-0.0796,-2.8655,-2.9078,0.1822,-3.0104
153.00,-2.6291,0.1924,-3.0497,-2.4801,-0.1138,-2.8902,-3.0645,0.1594,-3.0386
153.50,-2.7531,0.1745,-2.9168,-2.5997,-0.1517,-2.7588,-3.1485,0.1382,-2.9036
154.00,-2.8790,0.1453,-2.8799,-2.7133,-0.2010,-2.7232,-3.2898,0.1060,-2.8646
154.50,-3.0042,0.1087,-2.8648,-2.8323,-0.2557,-2.7027,-3.4135,0.0684,-2.8476
155.00,-3.1291,0.0722,-2.8390,-2.9485,-0.3109,-2.6758,-3.5547,0.0307,-2.8206
155.50,-3.2519,0.0272,-2.7706,-3.0685,-0.3760,-2.6059,-3.6746,-0.0166,-2.7543
156.00,-3.3730,-0.0203,-2.7925,-3.1854,-0.4455,-2.6270,-3.7922,-0.0681,-2.7753
156.50,-3.4979,-0.0590,-2.9491,-3.3019,-0.5002,-2.7838,-3.9036,-0.1053,-2.9357
157.00,-3.6244,-0.0844,-2.9980,-3.4236,-0.5411,-2.8323,-4.0402,-0.1335,-2.9854
157.50,-3.7066,-0.0963,-2.9980,-3.5081,-0.5680,-2.8318,-4.1177,-0.1509,-2.9836
158.00,-3.7270,-0.0992,-2.9980,-3.5306,-0.5752,-2.8316,-4.1310,-0.1546,-2.9834
158.50,-3.7078,-0.0964,-2.9980,-3.5104,-0.5687,-2.8310,-4.1101,-0.1513,-2.9829
159.00,-3.6880,-0.0936,-2.9980,-3.4919,-0.5628,-2.8308,-4.0909,-0.1482,-2.9826
159.50,-3.6683,-0.0907,-2.9980,-3.4709,-0.5561,-2.8300,-4.0692,-0.1447,-2.9818
160.00,-3.6485,-0.0878,-2.9980,-3.4523,-0.5500,-2.8296,-4.0498,-0.1416,-2.9814
160.50,-3.6287,-0.0850,-2.9980,-3.4344,-0.5443,-2.8291,-4.0313,-0.1386,-2.9809
161.00,-3.6089,-0.0821,-2.9980,-3.4141,-0.5377,-2.8288,-4.0102,-0.1352,-2.9806
161.50,-3.5891,-0.0793,-2.9980,-3.3951,-0.5316,-2.8282,-4.0004,-0.1327,-2.9835
162.00,-3.5693,-0.0764,-2.9980,-3.3747,-0.5249,-2.8279,-3.9792,-0.1293,-2.9832
162.50,-3.5495,-0.0735,-2.9980,-3.3549,-0.5185,-2.8276,-3.9587,-0.1261,-2.9829
163.00,-3.5297,-0.0707,-2.9980,-3.3334,-0.5115,-2.8274,-3.9363,-0.1225,-2.9827
163.50,-3.5099,-0.0678,-2.9980,-3.3143,-0.5053,-2.8275,-3.9165,-0.1193,-2.9828
164.00,-3.4901,-0.0649,-2.9980,-3.2932,-0.4985,-2.8269,-3.8945,-0.1166,-2.9857
164.50,-3.4703,-0.0621,-2.9980,-3.2741,-0.4923,-2.8263,-3.8747,-0.1135,-2.9851
165.00,-3.4505,-0.0592,-2.9980,-3.2552,-0.4861,-2.8253,-3.8550,-0.1104,-2.9841
165.50,-3.4307,-0.0564,-2.9980,-3.2358,-0.4797,-2.8246,-3.8349,-0.1072,-2.9834
166.00,-3.4109,-0.0535,-2.9980,-3.2167,-0.4735,-2.8243,-3.8150,-0.1040,-2.9831
166.50,-3.3911,-0.0506,-2.9980,-3.1970,-0.4670,-2.8243,-3.7945,-0.1007,-2.9831
167.00,-3.3713,-0.0478,-2.9980,-3.1790,-0.4611,-2.8242,-3.7758,-0.0977,-2.9830
167.50,-3.3690,-0.0474,-2.9980,-3.1754,-0.4599,-2.8242,-3.7720,-0.0971,-2.9830
168.00,-3.3690,-0.0474,-2.9980,-3.1754,-0.4599,-2.8234,-3.7720,-0.0971,-2.9822
168.50,-3.3690,-0.0474,-2.9980,-3.1754,-0.4599,-2.8228,-3.7720,-0.0971,-2.9816
169.00,-3.3690,-0.0474,-2.9980,-3.1754,-0.4599,-2.8216,-3.7720,-0.0971,-2.9804
169.50,-3.3968,-0.0463,-3.0386,-3.1991,-0.4671,-2.8588,-3.7966,-0.1005,-3.0176
170.00,-3.4867,-0.0555,-3.0275,-3.2854,-0.4923,-2.8490,-3.8858,-0.1117,-3.0078
170.50,-3.6149,-0.0734,-2.9986,-3.4119,-0.5332,-2.8207,-4.0490,-0.1226,-2.9865
171.00,-3.7426,-0.0976,-2.8830,-3.5377,-0.5814,-2.7039,-4.1592,-0.1492,-2.8697
171.50,-3.8661,-0.1319,-2.7895,-3.6571,-0.6461,-2.6063,-4.2830,-0.1933,-2.7721
172.00,-3.9888,-0.1734,-2.8473,-3.7748,-0.7133,-2.6636,-4.3947,-0.2304,-2.8328
172.50,-4.1139,-0.2088,-2.8611,-3.8951,-0.7729,-2.6775,-4.5432,-0.2694,-2.8496
173.00,-4.2377,-0.2514,-2.8053,-4.0114,-0.8357,-2.6189,-4.6487,-0.3111,-2.7882
173.50,-4.3603,-0.2948,-2.8209,-4.1230,-0.9004,-2.6329,-4.7595,-0.3561,-2.8021
174.00,-4.4846,-0.3320,-2.8444,-4.2374,-0.9610,-2.6547,-4.8824,-0.3967,-2.8275
174.50,-4.6082,-0.3744,-2.8174,-4.3469,-1.0216,-2.6279,-5.0126,-0.4376,-2.8007
175.00,-4.7310,-0.4192,-2.7957,-4.4636,-1.0892,-2.6038,-5.1471,-0.4844,-2.7800
175.50,-4.8525,-0.4676,-2.7745,-4.5702,-1.1554,-2.5799,-5.2438,-0.5309,-2.7562
176.00,-4.9755,-0.5087,-2.8566,-4.6914,-1.2251,-2.6645,-5.3853,-0.5783,-2.8407
176.50,-5.1002,-0.5466,-2.8393,-4.8044,-1.2842,-2.6480,-5.5070,-0.6165,-2.8242
177.00,-5.2232,-0.5920,-2.7842,-4.9138,-1.3472,-2.5901,-5.6156,-0.6595,-2.7699
177.50,-5.3434,-0.6457,-2.7155,-5.0274,-1.4224,-2.5181,-5.7309,-0.7212,-2.6985
178.00,-5.4606,-0.7051,-2.6580,-5.1315,-1.5008,-2.4609,-5.8473,-0.7817,-2.6441
178.50,-5.5716,-0.7728,-2.5200,-5.2307,-1.5924,-2.3203,-5.9614,-0.8540,-2.5064
179.00,-5.6709,-0.8544,-2.3747,-5.3110,-1.6936,-2.1742,-6.0592,-0.9383,-2.3574
179.50,-5.7601,-0.9484,-2.2824,-5.3801,-1.8047,-2.0836,-6.1473,-1.0351,-2.2703
180.00,-5.8406,-1.0502,-2.2109,-5.4406,-1.9235,-2.0112,-6.2189,-1.1305,-2.1944
180.50,-5.9169,-1.1532,-2.2159,-5.4914,-2.0319,-2.0166,-6.2985,-1.2378,-2.1998
181.00,-5.9665,-1.2201,-2.1867,-5.5261,-2.1070,-1.9858,-6.3463,-1.3153,-2.1690
181.50,-5.9793,-1.2378,-2.1513,-5.5347,-2.1271,-1.9499,-6.3585,-1.3336,-2.1332
182.00,-5.9774,-1.2378,-2.1149,-5.5342,-2.1256,-1.9134,-6.3577,-1.3322,-2.0967
182.50,-5.9750,-1.2377,-2.0776,-5.5331,-2.1224,-1.8756,-6.3561,-1.3293,-2.0588
183.00,-5.9721,-1.2377,-2.0392,-5.5322,-2.1192,-1.8361,-6.3545,-1.3262,-2.0193
183.50,-5.9687,-1.2376,-1.9998,-5.5314,-2.1158,-1.7964,-6.3531,-1.3231,-1.9797
184.00,-5.9649,-1.2376,-1.9593,-5.5304,-2.1110,-1.7560,-6.3513,-1.3185,-1.9392
184.50,-5.9605,-1.2375,-1.9176,-5.5294,-2.1053,-1.7140,-6.3493,-1.3131,-1.8973
185.00,-5.9557,-1.2375,-1.8747,-5.5288,-2.1002,-1.6705,-6.3478,-1.3082,-1.8538
185.50,-5.9503,-1.2375,-1.8305,-5.5284,-2.0955,-1.6258,-6.3465,-1.3036,-1.8091
186.00,-5.9445,-1.2374,-1.7850,-5.5282,-2.0892,-1.5799,-6.3452,-1.2975,-1.7632
186.50,-5.9382,-1.2374,-1.7380,-5.5283,-2.0811,-1.5322,-6.3438,-1.2895,-1.7154
187.00,-5.9314,-1.2374,-1.6894,-5.5288,-2.0741,-1.4830,-6.3430,-1.2826,-1.6663
187.50,-5.9242,-1.2374,-1.6390,-5.5297,-2.0662,-1.4331,-6.3167,-1.3157,-1.6221
188.00,-5.9165,-1.2374,-1.5867,-5.5307,-2.0599,-1.3802,-6.3108,-1.3183,-1.5704
188.50,-5.9085,-1.2374,-1.5334,-5.5298,-2.0635,-1.3263,-6.3106,-1.3220,-1.5165
189.00,-5.9010,-1.2374,-1.4819,-5.5277,-2.0710,-1.2758,-6.3100,-1.3298,-1.4660
189.50,-5.8939,-1.2374,-1.4322,-5.5252,-2.0786,-1.2234,-6.3089,-1.3377,-1.4136
190.00,-5.8873,-1.2374,-1.3843,-5.5232,-2.0837,-1.1743,-6.3079,-1.3431,-1.3645
190.50,-5.8812,-1.2375,-1.3379,-5.5205,-2.0898,-1.1271,-6.3065,-1.3496,-1.3173
191.00,-5.8782,-1.2375,-1.3183,-5.5190,-2.0929,-1.1052,-6.3056,-1.3529,-1.2954
191.50,-5.8833,-1.2374,-1.3639,-5.5211,-2.0884,-1.1519,-6.3068,-1.3482,-1.3421
192.00,-5.8897,-1.2374,-1.4112,-5.5240,-2.0816,-1.1985,-6.3083,-1.3409,-1.3888
192.50,-5.8966,-1.2374,-1.4601,-5.5262,-2.0753,-1.2467,-6.3094,-1.3343,-1.4369
193.00,-5.9039,-1.2374,-1.5107,-5.5285,-2.0679,-1.2966,-6.3102,-1.3266,-1.4868
193.50,-5.9117,-1.2374,-1.5634,-5.5301,-2.0619,-1.3485,-6.3106,-1.3204,-1.5387
194.00,-5.9196,-1.2374,-1.6165,-5.5291,-2.0671,-1.4014,-6.3106,-1.3257,-1.5916
194.50,-5.9271,-1.2374,-1.6677,-5.5280,-2.0744,-1.4525,-6.3109,-1.3331,-1.6427
195.00,-5.9341,-1.2374,-1.7171,-5.5274,-2.0809,-1.5021,-6.3115,-1.3396,-1.6923
195.50,-5.9406,-1.2374,-1.7647,-5.5271,-2.0870,-1.5492,-6.3124,-1.3456,-1.7395
196.00,-5.9466,-1.2375,-1.8109,-5.5271,-2.0932,-1.5956,-6.3136,-1.3517,-1.7858
196.50,-5.9522,-1.2375,-1.8557,-5.5273,-2.0980,-1.6396,-6.3147,-1.3564,-1.8298
197.00,-5.9572,-1.2375,-1.8991,-5.5277,-2.1025,-1.6821,-6.3159,-1.3608,-1.8723
197.50,-5.9618,-1.2376,-1.9413,-5.5283,-2.1073,-1.7236,-6.3175,-1.3653,-1.9138
198.00,-5.9659,-1.2376,-1.9823,-5.5290,-2.1111,-1.7641,-6.3188,-1.3690,-1.9543
198.50,-5.9694,-1.2377,-2.0222,-5.5297,-2.1144,-1.8018,-6.3201,-1.3720,-1.9920
199.00,-5.9726,-1.2377,-2.0610,-5.5304,-2.1171,-1.8419,-6.3213,-1.3745,-2.0321
199.50,-5.9752,-1.2377,-2.0988,-5.5312,-2.1199,-1.8785,-6.3615,-1.3377,-2.0757
200.00,-5.9774,-1.2378,-2.1357,-5.5318,-2.1215,-1.9148,-6.3623,-1.3392,-2.1120
200.50,-5.9791,-1.2379,-2.1715,-5.5324,-2.1231,-1.9499,-6.3632,-1.3406,-2.1470
201.00,-5.9801,-1.2379,-2.2012,-5.5327,-2.1239,-1.9794,-6.3637,-1.3414,-2.1766
201.50,-5.9810,-1.2380,-2.2354,-5.5330,-2.1246,-2.0135,-6.3641,-1.3420,-2.2107
202.00,-5.9814,-1.2380,-2.2687,-5.5334,-2.1254,-2.0463,-6.3646,-1.3427,-2.2435
202.50,-5.9814,-1.2381,-2.3012,-5.5335,-2.1255,-2.0785,-6.3648,-1.3429,-2.2757
203.00,-5.9814,-1.2385,-2.3344,-5.5337,-2.1259,-2.1110,-6.3651,-1.3432,-2.3082
203.50,-5.9813,-1.2387,-2.3685,-5.5337,-2.1260,-2.1444,-6.3651,-1.3432,-2.3416
204.00,-5.9816,-1.2387,-2.4020,-5.5339,-2.1263,-2.1779,-6.3654,-1.3435,-2.3751
204.50,-5.9817,-1.2388,-2.4346,-5.5340,-2.1263,-2.2099,-6.3654,-1.3435,-2.4070
205.00,-5.9816,-1.2384,-2.4676,-5.5336,-2.1259,-2.2427,-6.3650,-1.3431,-2.4399
205.50,-5.9816,-1.2377,-2.5015,-5.5334,-2.1255,-2.2759,-6.3646,-1.3428,-2.4731
206.00,-5.9815,-1.2365,-2.5363,-5.5329,-2.1250,-2.3104,-6.3641,-1.3424,-2.5076
206.50,-5.9815,-1.2348,-2.5721,-5.5320,-2.1240,-2.3453,-6.3630,-1.3417,-2.5425
207.00,-5.9814,-1.2327,-2.6088,-5.5307,-2.1228,-2.3810,-6.3615,-1.3407,-2.5782
207.50,-5.9814,-1.2301,-2.6464,-5.5285,-2.1208,-2.4182,-6.3590,-1.3391,-2.6154
208.00,-5.9813,-1.2271,-2.6851,-5.5263,-2.1189,-2.4558,-6.3564,-1.3377,-2.6530
208.50,-5.9813,-1.2235,-2.7249,-5.5235,-2.1167,-2.4948,-6.3532,-1.3361,-2.6920
209.00,-5.9812,-1.2195,-2.7657,-5.5202,-2.1143,-2.5348,-6.3495,-1.3344,-2.7319
209.50,-5.9812,-1.2150,-2.8078,-5.5165,-2.1119,-2.5764,-6.3455,-1.3328,-2.7735
210.00,-5.9812,-1.2100,-2.8510,-5.5118,-2.1090,-2.6191,-6.3402,-1.3309,-2.8162
210.50,-5.9811,-1.2046,-2.8956,-5.5064,-2.1061,-2.6631,-6.3344,-1.3291,-2.8603
211.00,-5.9811,-1.1986,-2.9416,-5.5009,-2.1034,-2.7081,-6.3285,-1.3275,-2.9053
211.50,-5.9811,-1.1922,-2.9891,-5.4941,-2.1004,-2.7546,-6.3212,-1.3259,-2.9518
212.00,-5.9811,-1.1852,-3.0382,-5.4883,-2.0982,-2.8035,-6.3151,-1.3249,-3.0006
212.50,-5.9810,-1.1778,-3.0891,-5.4812,-2.0959,-2.8539,-6.3471,-1.2783,-3.0720
213.00,-5.9810,-1.1700,3.1411,-5.4725,-2.0936,-2.9060,-6.3382,-1.2779,-3.1242
213.50,-5.9810,-1.1621,3.0882,-5.4804,-2.0953,-2.9590,-6.3463,-1.2779,3.1060
214.00,-5.9811,-1.1547,3.0373,-5.4872,-2.0963,-3.0092,-6.3531,-1.2775,3.0559
214.50,-5.9811,-1.1478,2.9882,-5.4940,-2.0971,-3.0575,-6.3599,-1.2767,3.0076
215.00,-5.9811,-1.1413,2.9408,-5.5021,-2.0976,-3.1045,-6.3679,-1.2755,2.9606
215.50,-5.9811,-1.1354,2.8948,-5.5086,-2.0977,3.1338,-6.3743,-1.2741,2.9157
216.00,-5.9812,-1.1299,2.8502,-5.5147,-2.0975,3.0895,-6.3802,-1.2726,2.8714
216.50,-5.9812,-1.1249,2.8070,-5.5185,-2.0972,3.0467,-6.3838,-1.2716,2.8286
217.00,-5.9812,-1.1204,2.7650,-5.5236,-2.0967,3.0051,-6.3887,-1.2699,2.7870
217.50,-5.9813,-1.1164,2.7241,-5.5275,-2.0960,2.9656,-6.3924,-1.2684,2.7474
218.00,-5.9813,-1.1129,2.6844,-5.5306,-2.0954,2.9256,-6.3953,-1.2672,2.7075
218.50,-5.9814,-1.1099,2.6457,-5.5326,-2.0949,2.8880,-6.3971,-1.2663,2.6699
219.00,-5.9814,-1.1073,2.6081,-5.5347,-2.0944,2.8513,-6.3696,-1.2065,2.6262
219.50,-5.9815,-1.1052,2.5714,-5.5362,-2.0939,2.8158,-6.3710,-1.2057,2.5907
220.00,-5.9815,-1.1035,2.5357,-5.5375,-2.0934,2.7805,-6.3722,-1.2049,2.5554
220.50,-5.9816,-1.1024,2.5009,-5.5390,-2.0928,2.7460,-6.3735,-1.2040,2.5209
221.00,-5.9816,-1.1017,2.4748,-5.5399,-2.0924,2.7190,-6.3743,-1.2034,2.4939
221.50,-5.9815,-1.1031,2.5505,-5.5387,-2.0929,2.7941,-6.3733,-1.2041,2.5690
222.00,-5.9812,-1.1116,2.7360,-5.5297,-2.0951,2.9810,-6.3650,-1.2083,2.7559
222.50,-5.9811,-1.1287,2.9545,-5.5151,-2.0959,-3.0835,-6.3509,-1.2124,2.9746
223.00,-5.9810,-1.1525,-3.1270,-5.4929,-2.0919,-2.8784,-6.3283,-1.2134,-3.1035
223.50,-5.9810,-1.1573,-3.1042,-5.4976,-2.0934,-2.8561,-6.3333,-1.2138,-3.0812
224.00,-5.9810,-1.1504,3.1257,-5.4955,-2.0928,-2.9090,-6.3311,-1.2137,-3.1341
224.50,-5.9810,-1.1427,3.0734,-5.5042,-2.0946,-2.9603,-6.3400,-1.2136,3.0978
225.00,-5.9811,-1.1354,3.0230,-5.5116,-2.0958,-3.0102,-6.3474,-1.2130,3.0478
225.50,-5.9811,-1.1287,2.9744,-5.5193,-2.0967,-3.0582,-6.3552,-1.2122,2.9999
226.00,-5.9811,-1.1224,2.9274,-5.5251,-2.0970,-3.1040,-6.3609,-1.2112,2.9541
226.50,-5.9811,-1.1165,2.8818,-5.5306,-2.0971,3.1344,-6.3663,-1.2101,2.9093
227.00,-5.9812,-1.1112,2.8377,-5.5361,-2.0969,3.0909,-6.3716,-1.2087,2.8658
227.50,-5.9812,-1.1064,2.7948,-5.5417,-2.0966,3.0491,-6.3770,-1.2070,2.8240
228.00,-5.9812,-1.1020,2.7531,-5.5466,-2.0960,3.0081,-6.3816,-1.2054,2.7830
228.50,-5.9813,-1.0982,2.7126,-5.5500,-2.0955,2.9679,-6.3848,-1.2041,2.7428
229.00,-5.9813,-1.0948,2.6732,-5.5519,-2.0951,2.9293,-6.3866,-1.2033,2.7042
229.50,-5.9814,-1.0919,2.6348,-5.5547,-2.0944,2.8919,-6.3892,-1.2021,2.6668
230.00,-5.9814,-1.0894,2.5974,-5.5575,-2.0937,2.8552,-6.3917,-1.2007,2.6301
230.50,-5.9815,-1.0875,2.5610,-5.5593,-2.0932,2.8194,-6.3933,-1.1998,2.5943
231.00,-5.9815,-1.0859,2.5256,-5.5604,-2.0927,2.7847,-6.3944,-1.1991,2.5596
231.50,-5.9816,-1.0849,2.4910,-5.5617,-2.0923,2.7510,-6.3955,-1.1984,2.5258
232.00,-5.9816,-1.0842,2.4574,-5.5622,-2.0920,2.7172,-6.3960,-1.1981,2.4921
232.50,-5.9817,-1.0841,2.4246,-5.5625,-2.0919,2.6848,-6.3962,-1.1979,2.4597
233.00,-5.9819,-1.0841,2.3919,-5.5627,-2.0918,2.6529,-6.3964,-1.1977,2.4278
233.50,-5.9823,-1.0842,2.3581,-5.5635,-2.0914,2.6198,-6.3970,-1.1971,2.3947
234.00,-5.9823,-1.0840,2.3241,-5.5636,-2.0913,2.5866,-6.3972,-1.1970,2.3615
234.50,-5.9824,-1.0838,2.2913,-5.5638,-2.0912,2.5562,-6.3973,-1.1969,2.3311
235.00,-5.9823,-1.0839,2.2586,-5.5639,-2.0911,2.5228,-6.3974,-1.1968,2.2977
235.50,-5.9817,-1.0839,2.2250,-5.5634,-2.0915,2.4897,-6.3970,-1.1973,2.2646
236.00,-5.9807,-1.0840,2.1906,-5.5624,-2.0922,2.4560,-6.3962,-1.1982,2.2309
236.50,-5.9792,-1.0840,2.1552,-5.5617,-2.0928,2.4213,-6.3957,-1.1989,2.1962
237.00,-5.9773,-1.0841,2.1190,-5.5604,-2.0940,2.3870,-6.3946,-1.2004,2.1619
237.50,-5.9749,-1.0841,2.0817,-5.5585,-2.0959,2.3490,-6.3932,-1.2027,2.1239
238.00,-5.9720,-1.0842,2.0434,-5.5567,-2.0978,2.3116,-6.3919,-1.2049,2.0865
238.50,-5.9687,-1.0842,2.0041,-5.5539,-2.1010,2.2745,-6.3898,-1.2087,2.0494
239.00,-5.9649,-1.0843,1.9637,-5.5509,-2.1046,2.2334,-6.3878,-1.2128,2.0083
239.50,-5.9606,-1.0843,1.9222,-5.5490,-2.1072,2.1940,-6.3865,-1.2158,1.9689
240.00,-5.9558,-1.0844,1.8794,-5.5462,-2.1112,2.1506,-6.3847,-1.2203,1.9254
240.50,-5.9505,-1.0844,1.8354,-5.5433,-2.1158,2.1087,-6.3829,-1.2254,1.8836
241.00,-5.9448,-1.0844,1.7900,-5.5407,-2.1204,2.0642,-6.3814,-1.2305,1.8391
241.50,-5.9385,-1.0844,1.7432,-5.5372,-2.1274,2.0160,-6.3794,-1.2381,1.7909
242.00,-5.9318,-1.0845,1.6948,-5.5347,-2.1328,1.9680,-6.3783,-1.2440,1.7429
242.50,-5.9246,-1.0845,1.6446,-5.5324,-2.1387,1.9207,-6.3773,-1.2502,1.6956
243.00,-5.9169,-1.0845,1.5925,-5.5302,-2.1454,1.8699,-6.3031,-1.1778,1.6134
243.50,-5.9096,-1.0845,1.5403,-5.5303,-2.1446,1.8194,-6.3030,-1.1770,1.5628
244.00,-5.9020,-1.0845,1.4886,-5.5319,-2.1377,1.7682,-6.3028,-1.1700,1.5117
244.50,-5.8949,-1.0845,1.4387,-5.5332,-2.1305,1.7191,-6.3022,-1.1627,1.4626
245.00,-5.8882,-1.0844,1.3906,-5.5340,-2.1236,1.6714,-6.3013,-1.1558,1.4149
245.50,-5.8821,-1.0844,1.3440,-5.5345,-2.1177,1.6267,-6.3002,-1.1499,1.3702
246.00,-5.8764,-1.0844,1.2988,-5.5347,-2.1116,1.5825,-6.2989,-1.1440,1.3260
246.50,-5.8712,-1.0843,1.2550,-5.5347,-2.1060,1.5393,-6.2974,-1.1386,1.2828
247.00,-5.8665,-1.0843,1.2124,-5.5344,-2.1016,1.4951,-6.2961,-1.1344,1.2386
247.50,-5.8623,-1.0843,1.1711,-5.5340,-2.0971,1.4541,-6.2945,-1.1302,1.1975
248.00,-5.8585,-1.0842,1.1309,-5.5335,-2.0933,1.4147,-6.2537,-1.1670,1.1496
248.50,-5.8500,-1.0645,1.0645,-5.5296,-2.0731,1.3536,-6.2359,-1.1574,1.0866
249.00,-5.8097,-0.9924,1.0009,-5.5091,-1.9931,1.2902,-6.1954,-1.0854,1.0204
249.50,-5.7451,-0.9011,0.8490,-5.4701,-1.8854,1.1391,-6.1291,-0.9919,0.8687
250.00,-5.6518,-0.8121,0.6728,-5.4060,-1.7734,0.9641,-6.0476,-0.9009,0.6907
250.50,-5.5440,-0.7338,0.5014,-5.3201,-1.6697,0.7995,-5.9370,-0.8243,0.5255
251.00,-5.4267,-0.6686,0.3730,-5.2195,-1.5774,0.6693,-5.8171,-0.7623,0.3925
251.50,-5.3020,-0.6126,0.1518,-5.1042,-1.5044,0.4491,-5.6819,-0.7092,0.1716
252.00,-5.1725,-0.5759,-0.0655,-4.9686,-1.4569,0.2324,-5.5468,-0.6858,-0.0494
252.50,-5.0432,-0.5808,-0.1345,-4.8379,-1.4316,0.1638,-5.4420,-0.6587,-0.1215
253.00,-4.9144,-0.5970,-0.1225,-4.7120,-1.4105,0.1814,-5.3209,-0.6685,-0.1056
253.50,-4.7848,-0.6058,0.0359,-4.5821,-1.3773,0.3426,-5.1820,-0.6734,0.0532
254.00,-4.6553,-0.6018,0.1016,-4.4690,-1.3309,0.4099,-5.0558,-0.6609,0.1187
254.50,-4.5257,-0.5942,0.0460,-4.3442,-1.2811,0.3537,-4.9357,-0.6591,0.0626
255.00,-4.3957,-0.5924,0.0247,-4.2187,-1.2358,0.3333,-4.8086,-0.6513,0.0390
255.50,-4.2658,-0.5943,0.0013,-4.0909,-1.1932,0.3108,-4.6766,-0.6516,0.0144
256.00,-4.1358,-0.5935,0.0048,-3.9682,-1.1536,0.3144,-4.5477,-0.6497,0.0195
256.50,-4.0058,-0.5945,-0.0034,-3.8506,-1.1157,0.3077,-4.4257,-0.6524,0.0131
257.00,-3.8758,-0.5935,0.0038,-3.7221,-1.0741,0.3159,-4.2837,-0.6494,0.0164
257.50,-3.7458,-0.5943,-0.0022,-3.5930,-1.0322,0.3104,-4.1549,-0.6476,0.0106
258.00,-3.6158,-0.5960,-0.0090,-3.4679,-0.9925,0.3042,-4.0202,-0.6467,0.0061
258.50,-3.4858,-0.5981,-0.0131,-3.3402,-0.9527,0.3009,-3.8999,-0.6462,0.0011
259.00,-3.3558,-0.6001,-0.0145,-3.2153,-0.9139,0.3007,-3.7711,-0.6461,0.0009
259.50,-3.2258,-0.6023,-0.0159,-3.0922,-0.8757,0.3001,-3.6491,-0.6460,-0.0015
260.00,-3.0958,-0.6042,-0.0153,-2.9642,-0.8360,0.3019,-3.5201,-0.6463,0.0006
260.50,-2.9658,-0.6063,-0.0156,-2.8363,-0.7962,0.3023,-3.4064,-0.6460,-0.0010
261.00,-2.8358,-0.6083,-0.0158,-2.7078,-0.7560,0.3030,-3.2799,-0.6460,-0.0003
261.50,-2.7059,-0.6103,-0.0154,-2.5729,-0.7138,0.3043,-3.1444,-0.6460,0.0010
262.00,-2.5759,-0.6127,-0.0169,-2.4471,-0.6743,0.3037,-3.0171,-0.6456,-0.0020
262.50,-2.4459,-0.6150,-0.0173,-2.3150,-0.6329,0.3037,-2.8834,-0.6459,-0.0019
263.00,-2.3159,-0.6170,-0.0164,-2.1882,-0.5931,0.3048,-2.7635,-0.6458,-0.0012
263.50,-2.1859,-0.6191,-0.0161,-2.0591,-0.5524,0.3064,-2.6268,-0.6461,-0.0001
264.00,-2.0560,-0.6210,-0.0153,-1.9337,-0.5127,0.3078,-2.5057,-0.6462,0.0003
264.50,-1.9260,-0.6228,-0.0142,-1.8129,-0.4742,0.3093,-2.3887,-0.6463,0.0001
265.00,-1.7960,-0.6245,-0.0138,-1.6937,-0.4360,0.3107,-2.2554,-0.6462,0.0016
265.50,-1.6660,-0.6265,-0.0147,-1.5741,-0.3976,0.3106,-2.1276,-0.6460,0.0014
266.00,-1.5360,-0.6289,-0.0170,-1.4431,-0.3556,0.3095,-2.0044,-0.6488,-0.0028
266.50,-1.4060,-0.6291,-0.0028,-1.3136,-0.3132,0.3250,-1.8636,-0.6497,0.0089
267.00,-1.2760,-0.6285,0.0009,-1.1895,-0.2710,0.3288,-1.7353,-0.6484,0.0144
267.50,-1.1460,-0.6296,-0.0049,-1.0630,-0.2281,0.3240,-1.5953,-0.6472,0.0096
268.00,-1.0160,-0.6313,-0.0096,-0.9391,-0.1869,0.3197,-1.4465,-0.6467,0.0053
268.50,-0.8860,-0.6328,-0.0106,-0.8201,-0.1474,0.3193,-1.3266,-0.6461,0.0031
269.00,-0.7560,-0.6350,-0.0148,-0.6908,-0.1049,0.3164,-1.2141,-0.6448,0.0002
269.50,-0.6261,-0.6383,-0.0213,-0.5643,-0.0638,0.3113,-1.0946,-0.6462,-0.0083
270.00,-0.4961,-0.6393,-0.0115,-0.4348,-0.0215,0.3215,-0.9628,-0.6463,0.0019
270.50,-0.3661,-0.6386,0.0012,-0.3077,0.0215,0.3351,-0.8355,-0.6489,0.0146
271.00,-0.2361,-0.6387,-0.0006,-0.1763,0.0671,0.3331,-0.6899,-0.6475,0.0135
271.50,-0.1061,-0.6414,-0.0159,-0.0556,0.1082,0.3199,-0.5868,-0.6431,-0.0006
272.00,0.0239,-0.6448,-0.0200,0.0680,0.1486,0.3163,-0.4446,-0.6447,-0.0065
272.50,0.1539,-0.6447,-0.0064,0.1885,0.1888,0.3302,-0.3182,-0.6469,0.0073
273.00,0.2839,-0.6457,-0.0075,0.3162,0.2325,0.3294,-0.1805,-0.6462,0.0065
273.50,0.4139,-0.6467,-0.0075,0.4393,0.2746,0.3305,-0.0066,-0.6454,0.0042
274.00,0.5439,-0.6473,-0.0045,0.5685,0.3188,0.3344,0.1060,-0.6425,0.0081
274.50,0.6738,-0.6506,-0.0178,0.6950,0.3615,0.3207,0.2011,-0.6444,-0.0033
275.00,0.8038,-0.6529,-0.0172,0.8207,0.4034,0.3229,0.3054,-0.6431,-0.0046
275.50,0.9338,-0.6543,-0.0134,0.9458,0.4455,0.3274,0.4098,-0.6434,-0.0000
276.00,1.0638,-0.6559,-0.0127,1.0677,0.4869,0.3283,0.5385,-0.6434,0.0008
276.50,1.1938,-0.6553,0.0013,1.1951,0.5311,0.3436,0.6635,-0.6448,0.0127
277.00,1.3238,-0.6543,0.0020,1.3267,0.5788,0.3460,0.7948,-0.6426,0.0150
277.50,1.4538,-0.6528,0.0094,1.4490,0.6233,0.3551,0.9151,-0.6402,0.0224
278.00,1.5838,-0.6513,0.0077,1.5772,0.6712,0.3551,1.0492,-0.6369,0.0224
278.50,1.7138,-0.6469,0.0388,1.6982,0.7178,0.3917,1.1797,-0.6316,0.0537
279.00,1.8435,-0.6372,0.0634,1.8185,0.7706,0.4159,1.2980,-0.6214,0.0744
279.50,1.9733,-0.6347,0.0325,1.9364,0.8205,0.3864,1.4341,-0.6135,0.0450
280.00,2.1033,-0.6319,0.0344,2.0621,0.8711,0.3908,1.5608,-0.6072,0.0494
280.50,2.2332,-0.6292,0.0235,2.1905,0.9233,0.3783,1.6993,-0.6008,0.0334
281.00,2.3632,-0.6299,0.0077,2.3113,0.9702,0.3645,1.8123,-0.6015,0.0167
281.50,2.4932,-0.6284,0.0087,2.4331,1.0169,0.3661,1.9427,-0.5990,0.0176
282.00,2.6232,-0.6292,-0.0001,2.5593,1.0648,0.3576,2.0677,-0.5968,0.0063
282.50,2.7532,-0.6304,-0.0059,2.6785,1.1090,0.3530,2.2049,-0.5965,0.0046
283.00,2.8813,-0.6320,-0.0092,2.7996,1.1534,0.3505,2.3356,-0.5957,-0.0008
283.50,2.9644,-0.6327,-0.0092,2.8783,1.1822,0.3515,2.4177,-0.5957,-0.0004
284.00,2.9850,-0.6329,-0.0092,2.8986,1.1896,0.3517,2.4093,-0.5957,-0.0002
284.50,2.9656,-0.6327,-0.0092,2.8805,1.1830,0.3524,2.3899,-0.5958,0.0005
285.00,2.9456,-0.6326,-0.0092,2.8605,1.1756,0.3531,2.3686,-0.5958,0.0012
285.50,2.9256,-0.6324,-0.0092,2.8408,1.1683,0.3540,2.3476,-0.5958,0.0021
286.00,2.9056,-0.6322,-0.0092,2.8226,1.1616,0.3551,2.3282,-0.5959,0.0032
286.50,2.8856,-0.6320,-0.0092,2.8041,1.1547,0.3557,2.3085,-0.5959,0.0038
287.00,2.8656,-0.6318,-0.0092,2.7837,1.1471,0.3563,2.3067,-0.5945,-0.0026
287.50,2.8456,-0.6316,-0.0092,2.7649,1.1401,0.3574,2.2867,-0.5945,-0.0015
288.00,2.8256,-0.6314,-0.0092,2.7479,1.1338,0.3584,2.2686,-0.5944,-0.0005
288.50,2.8056,-0.6313,-0.0092,2.7286,1.1265,0.3590,2.2479,-0.5944,0.0001
289.00,2.7856,-0.6311,-0.0092,2.7076,1.1186,0.3600,2.2255,-0.5945,0.0011
289.50,2.7656,-0.6309,-0.0092,2.6879,1.1112,0.3608,2.2245,-0.5937,-0.0016
290.00,2.7456,-0.6307,-0.0092,2.6705,1.1046,0.3613,2.2058,-0.5937,-0.0011
290.50,2.7295,-0.6306,-0.0107,2.6546,1.0987,0.3616,2.1889,-0.5937,-0.0007
291.00,2.7625,-0.6317,-0.0182,2.6891,1.1114,0.3533,2.2256,-0.5939,-0.0091
291.50,2.8582,-0.6333,-0.0175,2.7810,1.1454,0.3547,2.3236,-0.5948,-0.0077
292.00,2.9880,-0.6350,-0.0146,2.9035,1.1910,0.3583,2.4079,-0.5956,-0.0041
292.50,3.1180,-0.6364,-0.0126,3.0233,1.2360,0.3605,2.5123,-0.5959,-0.0019
293.00,3.2480,-0.6379,-0.0120,3.1437,1.2816,0.3624,2.6347,-0.5960,0.0000
293.50,3.3780,-0.6397,-0.0130,3.2711,1.3299,0.3623,2.7272,-0.5960,-0.0000
294.00,3.5080,-0.6415,-0.0136,3.3934,1.3762,0.3620,2.8017,-0.5960,-0.0004
294.50,3.6380,-0.6433,-0.0139,3.5163,1.4228,0.3624,2.8894,-0.5961,0.0001
295.00,3.7679,-0.6453,-0.0147,3.6369,1.4685,0.3624,2.9802,-0.5960,-0.0000
295.50,3.8979,-0.6474,-0.0155,3.7510,1.5118,0.3626,3.0905,-0.5960,0.0002
296.00,4.0279,-0.6496,-0.0164,3.8775,1.5597,0.3621,3.2158,-0.5960,-0.0003
296.50,4.1579,-0.6519,-0.0172,3.9922,1.6032,0.3626,3.3184,-0.5960,0.0002
297.00,4.2879,-0.6543,-0.0181,4.1137,1.6493,0.3620,3.4465,-0.5957,-0.0033
297.50,4.4179,-0.6563,-0.0162,4.2349,1.6953,0.3639,3.5680,-0.5960,-0.0020
298.00,4.5478,-0.6582,-0.0153,4.3636,1.7445,0.3658,3.6776,-0.5961,-0.0001
298.50,4.6778,-0.6604,-0.0161,4.4842,1.7908,0.3663,3.7950,-0.5960,0.0004
299.00,4.8078,-0.6624,-0.0157,4.6030,1.8363,0.3673,3.9240,-0.5959,-0.0020
299.50,4.9378,-0.6643,-0.0150,4.7249,1.8833,0.3688,4.0328,-0.5960,-0.0006
300.00,5.0678,-0.6663,-0.0153,4.8471,1.9306,0.3691,4.1657,-0.5961,-0.0002
300.50,5.1978,-0.6684,-0.0155,4.9697,1.9780,0.3694,4.2653,-0.5961,0.0000
301.00,5.3277,-0.6705,-0.0164,5.0931,2.0259,0.3698,4.3895,-0.5962,0.0004
301.50,5.4577,-0.6744,-0.0297,5.2200,2.0746,0.3580,4.5236,-0.5963,-0.0148
302.00,5.5875,-0.6857,-0.1049,5.3497,2.1183,0.2838,4.6603,-0.6031,-0.0862
302.50,5.7151,-0.7057,-0.2925,5.4723,2.1441,0.1029,4.7640,-0.6331,-0.2699
303.00,5.8327,-0.7380,-0.4340,5.6052,2.1470,-0.0475,4.8951,-0.6608,-0.4209
303.50,5.9019,-0.7732,-0.4786,5.6892,2.1411,-0.0902,4.9648,-0.6949,-0.4666
304.00,5.9168,-0.7837,-0.5166,5.7089,2.1391,-0.1277,4.9821,-0.7045,-0.5005
304.50,5.9168,-0.7860,-0.5537,5.7117,2.1388,-0.1645,4.9846,-0.7059,-0.5373
305.00,5.9169,-0.7878,-0.5898,5.7143,2.1383,-0.2001,4.9869,-0.7072,-0.5729
305.50,5.9169,-0.7892,-0.6250,5.7157,2.1380,-0.2343,4.9880,-0.7080,-0.6072
306.00,5.9170,-0.7902,-0.6593,5.7167,2.1378,-0.2676,4.9889,-0.7086,-0.6405
306.50,5.9170,-0.7907,-0.6928,5.7173,2.1376,-0.2989,4.9894,-0.7089,-0.6718
307.00,5.9171,-0.7908,-0.7254,5.7176,2.1375,-0.3318,4.9897,-0.7091,-0.7047
307.50,5.9174,-0.7907,-0.7583,5.7182,2.1373,-0.3628,4.9901,-0.7095,-0.7357
308.00,5.9177,-0.7907,-0.7924,5.7182,2.1373,-0.3974,4.9902,-0.7096,-0.7703
308.50,5.9177,-0.7909,-0.8261,5.7186,2.1372,-0.4306,4.9904,-0.7099,-0.8034
309.00,5.9178,-0.7910,-0.8587,5.7186,2.1371,-0.4619,4.9905,-0.7099,-0.8347
309.50,5.9175,-0.7909,-0.8916,5.7184,2.1373,-0.4939,4.9903,-0.7097,-0.8668
310.00,5.9168,-0.7909,-0.9254,5.7179,2.1375,-0.5270,4.9899,-0.7092,-0.8998
310.50,5.9157,-0.7908,-0.9601,5.7174,2.1379,-0.5614,4.9896,-0.7087,-0.9343
311.00,5.9141,-0.7908,-0.9957,5.7159,2.1388,-0.5968,4.9885,-0.7073,-0.9696
311.50,5.9121,-0.7907,-1.0322,5.7129,2.1409,-0.6328,4.9866,-0.7043,-1.0057
312.00,5.9096,-0.7907,-1.0697,5.7113,2.1422,-0.6693,4.9855,-0.7025,-1.0421
312.50,5.9066,-0.7906,-1.1082,5.7089,2.1442,-0.7071,4.9839,-0.6998,-1.0800
313.00,5.9031,-0.7906,-1.1478,5.7065,2.1463,-0.7462,4.9825,-0.6970,-1.1191
313.50,5.8992,-0.7906,-1.1885,5.7042,2.1485,-0.7864,4.9812,-0.6940,-1.1593
314.00,5.8948,-0.7905,-1.2303,5.7010,2.1519,-0.8276,4.9794,-0.6897,-1.2005
314.50,5.8899,-0.7905,-1.2734,5.6977,2.1556,-0.8700,4.9777,-0.6850,-1.2429
315.00,5.8845,-0.7904,-1.3178,5.6943,2.1599,-0.9140,4.9761,-0.6798,-1.2868
315.50,5.8778,-0.8120,-1.4253,5.7069,2.1415,-1.0126,4.9812,-0.7016,-1.3855
316.00,5.8666,-0.8960,-1.5516,5.7449,2.0677,-1.1427,4.9436,-0.8084,-1.5356
316.50,5.8679,-1.0242,-1.5201,5.7950,1.9574,-1.1120,4.9267,-0.9431,-1.5092
317.00,5.8780,-1.1537,-1.4868,5.8561,1.8436,-1.0738,4.9390,-1.0834,-1.4711
317.50,5.8834,-1.2746,-1.6464,5.9074,1.7349,-1.2198,4.9508,-1.1935,-1.6193
318.00,5.8819,-1.3600,-1.9299,5.9256,1.6529,-1.5092,4.9303,-1.2744,-1.9157
318.50,5.8438,-1.4693,-2.1585,5.9191,1.5341,-1.7387,4.9038,-1.3827,-2.1464
319.00,5.7663,-1.5705,-2.3325,5.8869,1.4113,-1.9154,4.8288,-1.4825,-2.3197
319.50,5.6717,-1.6602,-2.4118,5.8338,1.2830,-1.9948,4.7297,-1.5896,-2.4026
320.00,5.5762,-1.7480,-2.3660,5.7781,1.1553,-1.9483,4.6378,-1.6746,-2.3525
320.50,5.4894,-1.8390,-2.3042,5.7352,1.0347,-1.8827,4.5610,-1.7604,-2.2869
321.00,5.4376,-1.8961,-2.3287,5.7098,0.9579,-1.9070,4.5077,-1.8195,-2.3141
321.50,5.4261,-1.9083,-2.3628,5.7047,0.9436,-1.9406,4.4974,-1.8307,-2.3483
322.00,5.4258,-1.9084,-2.3965,5.7045,0.9430,-1.9738,4.4970,-1.8311,-2.3816
322.50,5.4257,-1.9084,-2.4291,5.7044,0.9429,-2.0056,4.4969,-1.8313,-2.4134
323.00,5.4258,-1.9082,-2.4620,5.7046,0.9432,-2.0377,4.4972,-1.8311,-2.4455
323.50,5.4259,-1.9075,-2.4958,5.7047,0.9434,-2.0706,4.4974,-1.8309,-2.4784
324.00,5.4259,-1.9064,-2.5304,5.7053,0.9445,-2.1045,4.4984,-1.8302,-2.5123
324.50,5.4260,-1.9048,-2.5660,5.7062,0.9458,-2.1401,4.4997,-1.8292,-2.5478
325.00,5.4260,-1.9028,-2.6025,5.7076,0.9480,-2.1762,4.5019,-1.8278,-2.5840
325.50,5.4261,-1.9003,-2.6400,5.7092,0.9501,-2.2122,4.5041,-1.8265,-2.6200
326.00,5.4260,-1.9014,-2.6190,5.7082,0.9488,-2.1902,4.5027,-1.8273,-2.5979
326.50,5.4260,-1.9036,-2.5821,5.7068,0.9468,-2.1542,4.5006,-1.8286,-2.5620
327.00,5.4259,-1.9054,-2.5461,5.7056,0.9449,-2.1158,4.4988,-1.8299,-2.5235
327.50,5.4259,-1.9068,-2.5110,5.7052,0.9443,-2.0803,4.4982,-1.8303,-2.4880
328.00,5.4258,-1.9076,-2.4769,5.7050,0.9438,-2.0452,4.4978,-1.8306,-2.4530
328.50,5.4258,-1.9081,-2.4436,5.7047,0.9433,-2.0108,4.4973,-1.8310,-2.4186
329.00,5.4257,-1.9081,-2.4111,5.7047,0.9431,-1.9772,4.4972,-1.8311,-2.3850
329.50,5.4260,-1.9081,-2.3779,5.7048,0.9434,-1.9433,4.4975,-1.8309,-2.3510
330.00,5.4261,-1.9080,-2.3437,5.7048,0.9436,-1.9080,4.4976,-1.8308,-2.3157
330.50,5.4260,-1.9075,-2.3102,5.7050,0.9440,-1.8754,4.4978,-1.8305,-2.2832
331.00,5.4260,-1.9074,-2.2777,5.7051,0.9443,-1.8407,4.4981,-1.8302,-2.2485
331.50,5.4263,-1.9073,-2.2447,5.7051,0.9445,-1.8064,4.4982,-1.8300,-2.2142
332.00,5.4271,-1.9073,-2.2107,5.7052,0.9450,-1.7722,4.4985,-1.8296,-2.1799
332.50,5.4283,-1.9072,-2.1759,5.7055,0.9466,-1.7367,4.4994,-1.8283,-2.1445
333.00,5.4299,-1.9072,-2.1402,5.7059,0.9488,-1.7005,4.5006,-1.8264,-2.1082
333.50,5.4320,-1.9071,-2.1035,5.7062,0.9518,-1.6627,4.5021,-1.8238,-2.0704
334.00,5.4346,-1.9071,-2.0658,5.7064,0.9544,-1.6256,4.5032,-1.8215,-2.0334
334.50,5.4377,-1.9070,-2.0271,5.7065,0.9585,-1.5845,4.5050,-1.8177,-1.9923
335.00,5.4412,-1.9070,-1.9874,5.7065,0.9623,-1.5439,4.5065,-1.8142,-1.9517
335.50,5.4452,-1.9069,-1.9465,5.7063,0.9668,-1.5023,4.5081,-1.8100,-1.9100
336.00,5.4497,-1.9069,-1.9045,5.7058,0.9722,-1.4587,4.5098,-1.8049,-1.8665
336.50,5.4547,-1.9069,-1.8612,5.7052,0.9767,-1.4149,4.5110,-1.8005,-1.8226
337.00,5.4602,-1.9068,-1.8166,5.7042,0.9821,-1.3697,4.5123,-1.7951,-1.7774
337.50,5.4661,-1.9068,-1.7706,5.7027,0.9886,-1.3224,4.5135,-1.7886,-1.7302
338.00,5.4726,-1.9068,-1.7231,5.7012,0.9938,-1.2747,4.5142,-1.7832,-1.6825
338.50,5.4795,-1.9068,-1.6740,5.6986,1.0019,-1.2252,4.5514,-1.8255,-1.6643
339.00,5.4869,-1.9068,-1.6231,5.6955,1.0098,-1.1736,4.5520,-1.8170,-1.6128
339.50,5.4948,-1.9068,-1.5701,5.6919,1.0179,-1.1202,4.5521,-1.8082,-1.5594
340.00,5.5027,-1.9068,-1.5172,5.6957,1.0104,-1.0666,4.5524,-1.8166,-1.5057
340.50,5.5101,-1.9068,-1.4664,5.6999,1.0033,-1.0143,4.5531,-1.8248,-1.4535
341.00,5.5162,-1.9068,-1.4227,5.7034,0.9979,-0.9690,4.5540,-1.8311,-1.4081
341.50,5.5199,-1.9068,-1.3835,5.7061,0.9941,-0.9318,4.5549,-1.8357,-1.3709
342.00,5.5260,-1.9068,-1.3372,5.7098,0.9894,-0.8845,4.5562,-1.8416,-1.3237
342.50,5.5316,-1.9069,-1.2922,5.7131,0.9855,-0.8392,4.5576,-1.8466,-1.2784
343.00,5.5367,-1.9069,-1.2486,5.7171,0.9813,-0.7945,4.5594,-1.8520,-1.2337
343.50,5.5413,-1.9069,-1.2062,5.7197,0.9787,-0.7519,4.5607,-1.8555,-1.1911
344.00,5.5455,-1.9070,-1.1650,5.7234,0.9754,-0.7101,4.5626,-1.8600,-1.1493
344.50,5.5491,-1.9070,-1.1250,5.7259,0.9733,-0.6690,4.5640,-1.8630,-1.1082
345.00,5.5523,-1.9071,-1.0860,5.7282,0.9715,-0.6292,4.5653,-1.8656,-1.0684
345.50,5.5550,-1.9071,-1.0481,5.7304,0.9700,-0.5902,4.5666,-1.8679,-1.0294
346.00,5.5573,-1.9072,-1.0111,5.7329,0.9684,-0.5523,4.5682,-1.8705,-0.9915
346.50,5.5593,-1.9078,-0.9737,5.7350,0.9672,-0.5160,4.5696,-1.8724,-0.9551
347.00,5.5828,-1.9397,-0.8657,5.7717,0.9489,-0.4101,4.6555,-1.8642,-0.8528
347.50,5.6532,-2.0142,-0.7782,5.8715,0.9113,-0.3221,4.7293,-1.9412,-0.7613
348.00,5.7473,-2.1037,-0.7539,5.9977,0.8717,-0.2979,4.8265,-2.0209,-0.7371
348.50,5.8415,-2.1935,-0.7719,6.1227,0.8322,-0.3163,4.9229,-2.1097,-0.7589
349.00,5.9342,-2.2847,-0.7820,6.2520,0.7891,-0.3259,5.0213,-2.2040,-0.7685
349.50,6.0259,-2.3767,-0.7935,6.3776,0.7462,-0.3354,5.1165,-2.2965,-0.7809
350.00,6.1170,-2.4695,-0.7938,6.4983,0.7040,-0.3347,5.1973,-2.3766,-0.7808
350.50,6.1963,-2.5491,-0.7698,6.6067,0.6673,-0.3101,5.2876,-2.4663,-0.7562
351.00,6.2338,-2.5847,-0.7364,6.6567,0.6520,-0.2760,5.3179,-2.4917,-0.7221
351.50,6.2362,-2.5870,-0.7038,6.6598,0.6511,-0.2425,5.3203,-2.4938,-0.6886
352.00,6.2361,-2.5866,-0.6707,6.6592,0.6512,-0.2089,5.3198,-2.4935,-0.6551
352.50,6.2361,-2.5858,-0.6367,6.6580,0.6514,-0.1738,5.3188,-2.4928,-0.6199
353.00,6.2360,-2.5846,-0.6018,6.6565,0.6517,-0.1383,5.3176,-2.4919,-0.5844
353.50,6.2360,-2.5829,-0.5660,6.6550,0.6518,-0.1020,5.3162,-2.4911,-0.5482
354.00,6.2359,-2.5807,-0.5292,6.6528,0.6520,-0.0639,5.3144,-2.4900,-0.5100
354.50,6.2359,-2.5781,-0.4914,6.6499,0.6521,-0.0257,5.3118,-2.4886,-0.4718
355.00,6.2358,-2.5750,-0.4527,6.6471,0.6522,0.0135,5.3092,-2.4874,-0.4326
355.50,6.2358,-2.5714,-0.4128,6.6437,0.6521,0.0536,5.3062,-2.4860,-0.3926
356.00,6.2358,-2.5674,-0.3718,6.6390,0.6517,0.0948,5.3017,-2.4843,-0.3513
356.50,6.2357,-2.5628,-0.3297,6.6344,0.6512,0.1381,5.2974,-2.4828,-0.3081
357.00,6.2357,-2.5578,-0.2863,6.6298,0.6505,0.1823,5.2929,-2.4815,-0.2638
357.50,6.2356,-2.5523,-0.2416,6.6237,0.6492,0.2280,5.2869,-2.4800,-0.2182
358.00,6.2356,-2.5463,-0.1954,6.6192,0.6481,0.2744,5.2823,-2.4791,-0.1717
358.50,6.2356,-2.5398,-0.1478,6.6118,0.6458,0.3231,5.2747,-2.4779,-0.1230
359.00,6.2356,-2.5328,-0.0985,6.6050,0.6434,0.3727,5.3078,-2.4551,-0.0839
359.50,6.2356,-2.5253,-0.0474,6.5978,0.6403,0.4245,5.3000,-2.4546,-0.0321
360.00,6.2356,-2.5174,0.0057,6.5911,0.6370,0.4784,5.2925,-2.4546,0.0218
360.50,6.2356,-2.5096,0.0584,6.5984,0.6411,0.5317,5.3008,-2.4542,0.0751
361.00,6.2356,-2.5023,0.1091,6.6046,0.6450,0.5836,5.3082,-2.4534,0.1270
361.50,6.2356,-2.4954,0.1581,6.6111,0.6494,0.6335,5.3159,-2.4523,0.1769
362.00,6.2356,-2.4890,0.2054,6.6167,0.6538,0.6811,5.3229,-2.4508,0.2244
362.50,6.2357,-2.4831,0.2512,6.6214,0.6579,0.7277,5.3289,-2.4493,0.2711
363.00,6.2357,-2.4777,0.2956,6.6247,0.6609,0.7737,5.3332,-2.4480,0.3171
363.50,6.2357,-2.4727,0.3387,6.6282,0.6644,0.8176,5.3379,-2.4463,0.3610
364.00,6.2358,-2.4683,0.3806,6.6307,0.6672,0.8610,5.3413,-2.4450,0.4044
364.50,6.2358,-2.4643,0.4214,6.6337,0.6708,0.9019,5.3456,-2.4430,0.4453
365.00,6.2358,-2.4609,0.4610,6.6364,0.6744,0.9425,5.3496,-2.4410,0.4859
365.50,6.2359,-2.4579,0.4996,6.6381,0.6768,0.9819,5.3522,-2.4396,0.5253
366.00,6.2359,-2.4553,0.5371,6.6392,0.6786,1.0199,5.3540,-2.4385,0.5633
366.50,6.2360,-2.4533,0.5737,6.6398,0.6797,1.0574,5.3551,-2.4378,0.6008
367.00,6.2360,-2.4517,0.6093,6.6407,0.6812,1.0935,5.3565,-2.4368,0.6369
367.50,6.2361,-2.4505,0.6440,6.6412,0.6822,1.1289,5.3157,-2.3639,0.6583
368.00,6.2362,-2.4498,0.6779,6.6414,0.6827,1.1635,5.3162,-2.3635,0.6929
368.50,6.2362,-2.4495,0.7108,6.6415,0.6830,1.1977,5.3164,-2.3633,0.7271
369.00,6.2361,-2.4496,0.7434,6.6414,0.6827,1.2312,5.3162,-2.3635,0.7607
369.50,6.2359,-2.4497,0.7770,6.6413,0.6824,1.2656,5.3159,-2.3638,0.7951
370.00,6.2359,-2.4499,0.8111,6.6413,0.6825,1.3002,5.3160,-2.3637,0.8296
370.50,6.2360,-2.4502,0.8442,6.6412,0.6821,1.3338,5.3158,-2.3640,0.8633
371.00,6.2360,-2.4503,0.8565,6.6412,0.6821,1.3478,5.3158,-2.3640,0.8772
371.50,6.2360,-2.4503,0.8565,6.6412,0.6821,1.3485,5.3158,-2.3640,0.8779
372.00,6.2360,-2.4503,0.8565,6.6412,0.6821,1.3493,5.3158,-2.3640,0.8787
372.50,6.2360,-2.4503,0.8565,6.6412,0.6821,1.3503,5.3158,-2.3640,0.8798
373.00,6.2360,-2.4503,0.8701,6.6412,0.6821,1.3630,5.3158,-2.3640,0.8924
373.50,6.2355,-2.4504,0.9034,6.6412,0.6818,1.3988,5.3156,-2.3643,0.9282
374.00,6.2347,-2.4504,0.9374,6.6410,0.6804,1.4333,5.3148,-2.3654,0.9627
374.50,6.2334,-2.4505,0.9724,6.6409,0.6796,1.4692,5.3143,-2.3661,0.9986
375.00,6.2317,-2.4505,1.0083,6.6408,0.6785,1.5057,5.3137,-2.3670,1.0351
375.50,6.2295,-2.4506,1.0452,6.6406,0.6760,1.5435,5.3124,-2.3692,1.0729
376.00,6.2268,-2.4506,1.0831,6.6406,0.6736,1.5824,5.3114,-2.3713,1.1119
376.50,6.2236,-2.4507,1.1220,6.6407,0.6703,1.6223,5.3100,-2.3743,1.1518
377.00,6.2200,-2.4507,1.1619,6.6410,0.6666,1.6630,5.3085,-2.3777,1.1924
377.50,6.2159,-2.4507,1.2030,6.6413,0.6638,1.7048,5.3075,-2.3804,1.2342
378.00,6.2113,-2.4508,1.2453,6.6422,0.6580,1.7481,5.3057,-2.3859,1.2775
378.50,6.2062,-2.4508,1.2888,6.6433,0.6526,1.7927,5.3042,-2.3912,1.3221
379.00,6.2011,-2.4473,1.3434,6.6433,0.6524,1.8439,5.3041,-2.3914,1.3734
379.50,6.1905,-2.3954,1.5210,6.6234,0.7040,2.0184,5.3098,-2.3364,1.5478
380.00,6.1781,-2.2821,1.6012,6.5668,0.8069,2.1011,5.2648,-2.1990,1.6200
380.50,6.1794,-2.1522,1.4889,6.5048,0.9230,1.9849,5.2635,-2.0674,1.5004
381.00,6.1914,-2.0233,1.4253,6.4562,1.0482,1.9211,5.2709,-1.9341,1.4359
381.50,6.2049,-1.8941,1.5329,6.4067,1.1702,2.0249,5.2825,-1.8031,1.5439
382.00,6.2094,-1.7646,1.7246,6.3381,1.2798,2.2205,5.2745,-1.6759,1.7388
382.50,6.1937,-1.6504,1.7427,6.2625,1.3749,2.2402,5.2598,-1.5548,1.7591
383.00,6.1812,-1.5519,1.5729,6.2048,1.4580,2.0759,5.2471,-1.4644,1.5948
383.50,6.1794,-1.4281,1.3525,6.1553,1.5804,1.8544,5.2590,-1.3432,1.3629
384.00,6.2057,-1.3022,1.3179,6.1215,1.7107,1.8199,5.2724,-1.2123,1.3284
384.50,6.2328,-1.1755,1.3617,6.0851,1.8383,1.8639,5.2988,-1.0826,1.3724
385.00,6.2619,-1.0485,1.3442,6.0473,1.9667,1.8472,5.3220,-0.9615,1.3591
385.50,6.2984,-0.9229,1.2439,6.0151,2.0979,1.7495,5.3593,-0.8305,1.2595
386.00,6.3437,-0.8038,1.0865,6.0029,2.2220,1.5918,5.4113,-0.7200,1.1000
386.50,6.4037,-0.6920,0.9875,6.0068,2.3467,1.4911,5.4677,-0.6119,0.9993
387.00,6.4768,-0.5866,0.8991,6.0228,2.4791,1.4026,5.5398,-0.4978,0.9123
387.50,6.5601,-0.4871,0.8632,6.0480,2.6065,1.3666,5.6218,-0.3975,0.8765
388.00,6.6443,-0.3880,0.8620,6.0751,2.7402,1.3660,5.7016,-0.2944,0.8742
388.50,6.7288,-0.2893,0.8739,6.1013,2.8678,1.3801,5.7786,-0.1988,0.8883
389.00,6.8113,-0.1889,0.8896,6.1263,3.0031,1.3962,5.8702,-0.0914,0.9044
389.50,6.8930,-0.0879,0.8984,6.1503,3.1398,1.4042,5.9523,0.0125,0.9124
390.00,6.9700,0.0167,0.9756,6.1667,3.2659,1.4829,6.0179,0.1158,0.9911
390.50,7.0367,0.1206,1.0129,6.1751,3.3952,1.5227,6.0878,0.2257,1.0309
391.00,7.0745,0.1811,1.0497,6.1776,3.4717,1.5601,6.1329,0.2922,1.0648
391.50,7.0816,0.1920,1.0874,6.1776,3.4839,1.5987,6.1287,0.2929,1.1034
392.00,7.0785,0.1919,1.1264,6.1778,3.4804,1.6386,6.1272,0.2897,1.1433
392.50,7.0749,0.1919,1.1665,6.1782,3.4766,1.6797,6.1257,0.2863,1.1845
393.00,7.0707,0.1918,1.2077,6.1786,3.4735,1.7223,6.1246,0.2833,1.2270
393.50,7.0660,0.1918,1.2501,6.1795,3.4681,1.7655,6.1229,0.2782,1.2702
394.00,7.0609,0.1918,1.2938,6.1806,3.4632,1.8096,6.1215,0.2733,1.3143
394.50,7.0553,0.1917,1.3388,6.1824,3.4566,1.8549,6.1199,0.2666,1.3596
395.00,7.0492,0.1917,1.3852,6.1842,3.4509,1.9029,6.1188,0.2608,1.4076
395.50,7.0426,0.1917,1.4332,6.1865,3.4447,1.9513,6.1179,0.2542,1.4561
396.00,7.0355,0.1917,1.4829,6.1894,3.4379,2.0014,6.1173,0.2469,1.5061
396.50,7.0280,0.1917,1.5344,6.1933,3.4302,2.0530,6.1169,0.2382,1.5577
397.00,7.0200,0.1917,1.5878,6.1947,3.4274,2.1075,6.1169,0.2351,1.6122
397.50,7.0123,0.1917,1.6400,6.1907,3.4338,2.1608,6.1164,0.2427,1.6655
398.00,7.0050,0.1917,1.6903,6.1864,3.4398,2.2125,6.1155,0.2500,1.7172
398.50,6.9982,0.1917,1.7389,6.1819,3.4455,2.2624,6.1143,0.2571,1.7671
399.00,6.9920,0.1917,1.7859,6.1771,3.4511,2.3109,6.1127,0.2643,1.8156
399.50,6.9861,0.1918,1.8314,6.1722,3.4562,2.3575,6.1108,0.2711,1.8622
400.00,6.9808,0.1918,1.8756,6.1684,3.4598,2.4022,6.1091,0.2761,1.9070
400.50,6.9760,0.1918,1.9184,6.1642,3.4635,2.4462,6.1072,0.2814,1.9509
401.00,6.9717,0.1919,1.9601,6.1601,3.4667,2.4889,6.1052,0.2861,1.9936
401.50,6.9678,0.1919,2.0006,6.1570,3.4690,2.5307,6.1035,0.2896,2.0354
402.00,6.9644,0.1920,2.0400,6.1543,3.4709,2.5711,6.1020,0.2926,2.0758
402.50,6.9615,0.1920,2.0783,6.1518,3.4724,2.6105,6.1005,0.2951,2.1153
403.00,6.9591,0.1920,2.1157,6.1498,3.4736,2.6486,6.0993,0.2971,2.1533
403.50,6.9571,0.1921,2.1521,6.1483,3.4743,2.6859,6.0984,0.2984,2.1906
404.00,6.9556,0.1922,2.1875,6.1468,3.4750,2.7226,6.0974,0.2998,2.2273
404.50,6.9546,0.1922,2.2220,6.1455,3.4756,2.7578,6.0965,0.3009,2.2625
405.00,6.9540,0.1923,2.2556,6.1448,3.4759,2.7924,6.0960,0.3015,2.2971
405.50,6.9538,0.1923,2.2884,6.1447,3.4759,2.8246,6.0960,0.3015,2.3293
406.00,6.9538,0.1922,2.3211,6.1447,3.4759,2.8592,6.0959,0.3015,2.3639
406.50,6.9539,0.1920,2.3550,6.1450,3.4758,2.8929,6.0961,0.3013,2.3976
407.00,6.9542,0.1920,2.3889,6.1454,3.4757,2.9292,6.0965,0.3010,2.4339
407.50,6.9545,0.1921,2.4218,6.1456,3.4757,2.9628,6.0966,0.3009,2.4675
408.00,6.9546,0.1919,2.4545,6.1459,3.4756,2.9964,6.0968,0.3008,2.5011
408.50,6.9546,0.1913,2.4880,6.1464,3.4756,3.0305,6.0973,0.3005,2.5352
409.00,6.9547,0.1903,2.5225,6.1471,3.4755,3.0656,6.0979,0.3000,2.5703
409.50,6.9547,0.1888,2.5578,6.1489,3.4754,3.1022,6.0994,0.2991,2.6069
410.00,6.9548,0.1869,2.5942,6.1508,3.4754,3.1393,6.1011,0.2981,2.6440
410.50,6.9548,0.1845,2.6314,6.1528,3.4754,-3.1058,6.1028,0.2972,2.6821
411.00,6.9548,0.1830,2.6576,6.1545,3.4755,-3.0776,6.1044,0.2965,2.7103
411.50,6.9549,0.1798,2.6966,6.1581,3.4758,-3.0377,6.1077,0.2951,2.7502
412.00,6.9549,0.1761,2.7367,6.1620,3.4762,-2.9972,6.1114,0.2936,2.7907
412.50,6.9550,0.1719,2.7779,6.1674,3.4771,-2.9555,6.1165,0.2918,2.8324
413.00,6.9550,0.1673,2.8203,6.1725,3.4782,-2.9125,6.1215,0.2904,2.8754
413.50,6.9551,0.1622,2.8640,6.1784,3.4797,-2.8685,6.1274,0.2889,2.9194
414.00,6.9551,0.1565,2.9089,6.1841,3.4815,-2.8224,6.1333,0.2877,2.9655
414.50,6.9551,0.1504,2.9553,6.1899,3.4836,-2.7756,6.1394,0.2868,3.0123
415.00,6.9551,0.1439,3.0033,6.1959,3.4860,-2.7265,6.1458,0.2861,3.0614
415.50,6.9551,0.1368,3.0529,6.2025,3.4891,-2.6762,6.1531,0.2857,3.1117
416.00,6.9551,0.1292,3.1044,6.2086,3.4924,-2.6240,6.0158,0.2366,3.1202
416.50,6.9552,0.1213,-3.1254,6.2113,3.4939,-2.5699,6.0189,0.2365,-3.1088
417.00,6.9551,0.1136,-3.0731,6.2048,3.4895,-2.5169,6.0110,0.2360,-3.0558
417.50,6.9551,0.1063,-3.0228,6.1979,3.4843,-2.4652,6.0025,0.2351,-3.0041
418.00,6.9551,0.0995,-2.9742,6.1923,3.4795,-2.4158,5.9952,0.2338,-2.9547
418.50,6.9551,0.0932,-2.9271,6.1865,3.4741,-2.3683,5.9874,0.2322,-2.9073
419.00,6.9551,0.0874,-2.8816,6.1812,3.4687,-2.3222,5.9801,0.2303,-2.8611
419.50,6.9550,0.0821,-2.8374,6.1776,3.4646,-2.2775,5.9749,0.2286,-2.8164
420.00,6.9550,0.0772,-2.7946,6.1745,3.4609,-2.2337,5.9704,0.2270,-2.7727
420.50,6.9550,0.0729,-2.7529,6.1716,3.4569,-2.1912,5.9658,0.2251,-2.7301
421.00,6.9549,0.0690,-2.7124,6.1690,3.4532,-2.1496,6.0027,0.1671,-2.6972
421.50,6.9549,0.0657,-2.6730,6.1672,3.4503,-2.1092,5.9997,0.1655,-2.6568
422.00,6.9548,0.0627,-2.6346,6.1660,3.4481,-2.0702,5.9975,0.1643,-2.6178
422.50,6.9548,0.0603,-2.5972,6.1645,3.4454,-2.0321,5.9948,0.1628,-2.5798
423.00,6.9547,0.0583,-2.5608,6.1641,3.4444,-1.9948,5.9939,0.1622,-2.5424
423.50,6.9547,0.0568,-2.5254,6.1632,3.4424,-1.9585,5.9922,0.1609,-2.5061
424.00,6.9546,0.0558,-2.4909,6.1628,3.4414,-1.9236,5.9913,0.1603,-2.4712
424.50,6.9546,0.0551,-2.4572,6.1625,3.4406,-1.8892,5.9906,0.1597,-2.4369
425.00,6.9545,0.0550,-2.4245,6.1624,3.4403,-1.8560,5.9904,0.1595,-2.4036
425.50,6.9546,0.0550,-2.3917,6.1624,3.4403,-1.8228,5.9904,0.1595,-2.3705
426.00,6.9549,0.0551,-2.3579,6.1625,3.4406,-1.7887,5.9906,0.1597,-2.3364
426.50,6.9521,0.0527,-2.3162,6.1617,3.4365,-1.7477,5.9878,0.1566,-2.2954
427.00,6.9202,0.0117,-2.1783,6.1559,3.3836,-1.6099,5.9553,0.1145,-2.1575
427.50,6.8697,-0.0857,-2.0547,6.1601,3.2725,-1.4841,5.9179,0.0127,-2.0387
428.00,6.8101,-0.2011,-2.0698,6.1723,3.1390,-1.4974,5.8579,-0.1120,-2.0538
428.50,6.7420,-0.3113,-2.2030,6.1741,3.0065,-1.6333,5.7917,-0.2197,-2.1914
429.00,6.6626,-0.4133,-2.2545,6.1615,2.8759,-1.6843,5.7171,-0.3237,-2.2424
429.50,6.5827,-0.5154,-2.2204,6.1486,2.7407,-1.6470,5.6345,-0.4316,-2.2051
430.00,6.5056,-0.6197,-2.2028,6.1397,2.6082,-1.6301,5.5608,-0.5345,-2.1899
430.50,6.4298,-0.7230,-2.2060,6.1316,2.4724,-1.6324,5.4883,-0.6393,-2.1922
431.00,6.3810,-0.7906,-2.1723,6.1276,2.3859,-1.5972,5.4407,-0.7045,-2.1588
431.50,6.3682,-0.8085,-2.1366,6.1272,2.3608,-1.5599,5.4270,-0.7255,-2.1215
432.00,6.3703,-0.8085,-2.0998,6.1271,2.3625,-1.5220,5.4278,-0.7241,-2.0836
432.50,6.3729,-0.8084,-2.0621,6.1268,2.3657,-1.4834,5.4293,-0.7212,-2.0450
433.00,6.3760,-0.8084,-2.0233,6.1265,2.3690,-1.4439,5.4308,-0.7182,-2.0055
433.50,6.3796,-0.8084,-1.9834,6.1260,2.3723,-1.4030,5.4321,-0.7152,-1.9646
434.00,6.3836,-0.8083,-1.9424,6.1252,2.3762,-1.3609,5.4335,-0.7115,-1.9225
434.50,6.3882,-0.8083,-1.9003,6.1242,2.3805,-1.3180,5.4350,-0.7072,-1.8796
435.00,6.3932,-0.8082,-1.8569,6.1229,2.3852,-1.2738,5.4363,-0.7025,-1.8354
435.50,6.3987,-0.8082,-1.8121,6.1210,2.3910,-1.2286,5.4378,-0.6967,-1.7902
436.00,6.4047,-0.8082,-1.7660,6.1189,2.3965,-1.1816,5.4390,-0.6909,-1.7432
436.50,6.4107,-0.8082,-1.7222,6.1166,2.4017,-1.1367,5.4398,-0.6853,-1.6983
437.00,6.4159,-0.8082,-1.6855,6.1139,2.4071,-1.0995,5.4405,-0.6792,-1.6611
437.50,6.4213,-0.8081,-1.6478,6.1111,2.4124,-1.0611,5.4409,-0.6733,-1.6227
438.00,6.4270,-0.8081,-1.6091,6.1076,2.4186,-1.0216,5.4411,-0.6662,-1.5832
438.50,6.4329,-0.8081,-1.5691,6.1046,2.4232,-0.9811,5.4411,-0.6607,-1.5427
439.00,6.4389,-0.8081,-1.5293,6.1091,2.4168,-0.9402,5.4415,-0.6685,-1.5018
439.50,6.4445,-0.8081,-1.4906,6.1129,2.4118,-0.9004,5.4420,-0.6748,-1.4620
440.00,6.4499,-0.8082,-1.4530,6.1170,2.4068,-0.8616,5.4429,-0.6812,-1.4232
440.50,6.4551,-0.8082,-1.4164,6.1205,2.4029,-0.8247,5.4437,-0.6863,-1.3863
441.00,6.4599,-0.8082,-1.3806,6.1231,2.4001,-0.7886,5.4445,-0.6901,-1.3502
441.50,6.4645,-0.8082,-1.3458,6.1267,2.3967,-0.7536,5.4457,-0.6949,-1.3152
442.00,6.4701,-0.8082,-1.3008,6.1310,2.3928,-0.7071,5.4473,-0.7005,-1.2687
442.50,6.4753,-0.8083,-1.2570,6.1352,2.3893,-0.6622,5.4490,-0.7056,-1.2238
443.00,6.4800,-0.8083,-1.2144,6.1388,2.3867,-0.6193,5.4506,-0.7098,-1.1809
443.50,6.4843,-0.8083,-1.1730,6.1425,2.3841,-0.5769,5.4524,-0.7140,-1.1385
444.00,6.4880,-0.8084,-1.1327,6.1454,2.3823,-0.5355,5.4539,-0.7170,-1.0971
444.50,6.4913,-0.8084,-1.0935,6.1484,2.3806,-0.4952,5.4555,-0.7201,-1.0568
445.00,6.4941,-0.8085,-1.0554,6.1509,2.3794,-0.4565,5.4569,-0.7224,-1.0181
445.50,6.4964,-0.8085,-1.0182,6.1530,2.3784,-0.4186,5.4582,-0.7244,-0.9802
446.00,6.4983,-0.8086,-0.9821,6.1543,2.3778,-0.3814,5.4590,-0.7255,-0.9430
446.50,6.4997,-0.8086,-0.9468,6.1549,2.3776,-0.3448,5.4594,-0.7261,-0.9064
447.00,6.5007,-0.8087,-0.9125,6.1555,2.3774,-0.3105,5.4598,-0.7266,-0.8721
447.50,6.5012,-0.8087,-0.8790,6.1556,2.3773,-0.2763,5.4599,-0.7267,-0.8379
448.00,6.5013,-0.8088,-0.8464,6.1560,2.3772,-0.2431,5.4601,-0.7269,-0.8047
448.50,6.5012,-0.8085,-0.8135,6.1557,2.3773,-0.2094,5.4599,-0.7267,-0.7710
449.00,6.5012,-0.8084,-0.7794,6.1556,2.3773,-0.1747,5.4598,-0.7266,-0.7363
449.50,6.5008,-0.8085,-0.7457,6.1555,2.3773,-0.1409,5.4598,-0.7266,-0.7025
450.00,6.5006,-0.8086,-0.7131,6.1551,2.3774,-0.1075,5.4594,-0.7263,-0.6691
450.50,6.5005,-0.8083,-0.6802,6.1548,2.3774,-0.0742,5.4592,-0.7262,-0.6358
451.00,6.5005,-0.8076,-0.6464,6.1537,2.3775,-0.0396,5.4583,-0.7255,-0.6012
451.50,6.5005,-0.8076,-0.6433,6.1537,2.3775,-0.0361,5.4583,-0.7255,-0.5977
452.00,6.5005,-0.8076,-0.6433,6.1537,2.3775,-0.0358,5.4583,-0.7255,-0.5974
452.50,6.5005,-0.8076,-0.6433,6.1537,2.3775,-0.0349,5.4583,-0.7255,-0.5965
453.00,6.5005,-0.8076,-0.6433,6.1537,2.3775,-0.0339,5.4583,-0.7255,-0.5955
453.50,6.5005,-0.8076,-0.6433,6.1537,2.3775,-0.0333,5.4583,-0.7255,-0.5949
454.00,6.5005,-0.8076,-0.6433,6.1537,2.3775,-0.0325,5.4583,-0.7255,-0.5941
454.50,6.5005,-0.8076,-0.6433,6.1537,2.3775,-0.0324,5.4583,-0.7255,-0.5940
455.00,6.5005,-0.8076,-0.6433,6.1537,2.3775,-0.0319,5.4583,-0.7255,-0.5935
455.50,6.5004,-0.8070,-0.6230,6.1536,2.3775,-0.0104,5.4582,-0.7254,-0.5720
456.00,6.5004,-0.8059,-0.5949,6.1523,2.3775,0.0181,5.4571,-0.7248,-0.5435
456.50,6.5004,-0.8046,-0.5680,6.1512,2.3774,0.0458,5.4562,-0.7242,-0.5158
457.00,6.5003,-0.8031,-0.5405,6.1495,2.3773,0.0725,5.4547,-0.7234,-0.4891
457.50,6.5003,-0.8013,-0.5125,6.1476,2.3772,0.1022,5.4530,-0.7225,-0.4594
458.00,6.5002,-0.7992,-0.4839,6.1454,2.3769,0.1315,5.4510,-0.7216,-0.4301
458.50,6.5002,-0.7968,-0.4548,6.1436,2.3767,0.1615,5.4493,-0.7208,-0.4001
459.00,6.5002,-0.7942,-0.4251,6.1419,2.3764,0.1919,5.4477,-0.7202,-0.3697
459.50,6.5001,-0.7913,-0.3947,6.1384,2.3756,0.2229,5.4443,-0.7189,-0.3387
460.00,6.5001,-0.7882,-0.3637,6.1345,2.3747,0.2547,5.4406,-0.7177,-0.3069
460.50,6.5001,-0.7847,-0.3320,6.1317,2.3739,0.2876,5.4378,-0.7168,-0.2740
461.00,6.5001,-0.7810,-0.2996,6.1282,2.3728,0.3209,5.4342,-0.7159,-0.2407
461.50,6.5000,-0.7770,-0.2665,6.1249,2.3717,0.3548,5.4308,-0.7151,-0.2068
462.00,6.5000,-0.7728,-0.2327,6.1203,2.3699,0.3892,5.4260,-0.7142,-0.1724
462.50,6.5000,-0.7682,-0.1980,6.1169,2.3684,0.4230,5.4223,-0.7136,-0.1386
463.00,6.5000,-0.7634,-0.1625,6.1109,2.3655,0.4605,5.4157,-0.7128,-0.1011
463.50,6.5000,-0.7584,-0.1261,6.1057,2.3629,0.4973,5.4099,-0.7123,-0.0643
464.00,6.5000,-0.7530,-0.0887,6.1013,2.3604,0.5354,5.4048,-0.7121,-0.0262
464.50,6.4999,-0.7474,-0.0502,6.0968,2.3576,0.5740,5.5493,-0.6622,-0.0365
465.00,6.4999,-0.7403,-0.0010,6.0913,2.3538,0.6231,5.5426,-0.6621,0.0126
465.50,6.4999,-0.7324,0.0519,6.0968,2.3580,0.6767,5.5496,-0.6618,0.0662
466.00,6.5000,-0.7250,0.1029,6.1024,2.3627,0.7284,5.5568,-0.6612,0.1179
466.50,6.5000,-0.7181,0.1520,6.1073,2.3674,0.7787,5.5635,-0.6602,0.1682
467.00,6.5000,-0.7116,0.1995,6.1117,2.3719,0.8269,5.5697,-0.6590,0.2165
467.50,6.5000,-0.7056,0.2455,6.1157,2.3765,0.8737,5.5757,-0.6575,0.2632
468.00,6.5001,-0.7002,0.2901,6.1192,2.3809,0.9189,5.5810,-0.6560,0.3084
468.50,6.5001,-0.6952,0.3334,6.1232,2.3864,0.9630,5.5875,-0.6538,0.3525
469.00,6.5001,-0.6907,0.3755,6.1257,2.3901,1.0056,5.5916,-0.6521,0.3952
469.50,6.5002,-0.6867,0.4163,6.1278,2.3935,1.0466,5.5953,-0.6505,0.4361
470.00,6.5002,-0.6831,0.4561,6.1299,2.3972,1.0868,5.5991,-0.6487,0.4763
470.50,6.5003,-0.6801,0.4948,6.1310,2.3995,1.1256,5.5707,-0.5962,0.5082
471.00,6.5003,-0.6775,0.5325,6.1321,2.4020,1.1640,5.5731,-0.5948,0.5466
471.50,6.5004,-0.6754,0.5692,6.1330,2.4040,1.2019,5.5750,-0.5937,0.5845
472.00,6.5109,-0.6677,0.6312,6.1361,2.4127,1.2557,5.5825,-0.5884,0.6383
472.50,6.5652,-0.6223,0.7582,6.1523,2.4790,1.3872,5.6342,-0.5437,0.7697
473.00,6.6519,-0.5339,0.8148,6.1712,2.6053,1.4449,5.7033,-0.4465,0.8292
473.50,6.7410,-0.4393,0.8241,6.1874,2.7353,1.4544,5.7936,-0.3496,0.8387
474.00,6.8282,-0.3430,0.8512,6.2016,2.8697,1.4832,5.8823,-0.2476,0.8658
474.50,6.9135,-0.2450,0.8536,6.2128,3.0035,1.4870,5.9691,-0.1451,0.8696
475.00,6.9993,-0.1473,0.8426,6.2246,3.1387,1.4768,6.0545,-0.0486,0.8582
475.50,7.0863,-0.0506,0.8366,6.2375,3.2700,1.4700,6.1427,0.0508,0.8502
476.00,7.1730,0.0461,0.8493,6.2502,3.4002,1.4830,6.2233,0.1458,0.8621
476.50,7.2579,0.1446,0.8655,6.2602,3.5302,1.4996,6.3086,0.2457,0.8787
477.00,7.3415,0.2441,0.8692,6.2684,3.6571,1.5064,6.3831,0.3442,0.8855
477.50,7.4283,0.3412,0.8092,6.2807,3.7881,1.4445,6.4792,0.4437,0.8222
478.00,7.5181,0.4351,0.8195,6.2979,3.9236,1.4540,6.5678,0.5439,0.8314
478.50,7.6035,0.5327,0.8841,6.3088,4.0542,1.5198,6.6467,0.6437,0.8989
479.00,7.6843,0.6344,0.8994,6.3137,4.1897,1.5370,6.7311,0.7466,0.9160
479.50,7.7650,0.7364,0.8992,6.3179,4.3242,1.5378,6.8128,0.8534,0.9162
480.00,7.8468,0.8376,0.8867,6.3231,4.4553,1.5251,6.8933,0.9571,0.9006
480.50,7.9288,0.9384,0.8868,6.3290,4.5909,1.5268,6.9773,1.0636,0.9023
481.00,8.0112,1.0381,0.8750,6.3356,4.7253,1.5139,7.0510,1.1590,0.8860
481.50,8.0677,1.1073,0.9046,6.3398,4.8175,1.5454,7.1084,1.2313,0.9174
482.00,8.0844,1.1287,0.9386,6.3402,4.8447,1.5796,7.1247,1.2530,0.9516
482.50,8.0832,1.1287,0.9736,6.3402,4.8437,1.6148,7.1242,1.2522,0.9869
483.00,8.0814,1.1286,1.0096,6.3403,4.8425,1.6515,7.1235,1.2512,1.0235
483.50,8.0792,1.1286,1.0465,6.3406,4.8402,1.6885,7.1224,1.2492,1.0606
484.00,8.0765,1.1285,1.0844,6.3409,4.8381,1.7273,7.1214,1.2474,1.0994
484.50,8.0733,1.1285,1.1233,6.3416,4.8343,1.7664,7.1197,1.2438,1.1385
485.00,8.0697,1.1284,1.1633,6.3424,4.8304,1.8071,7.1181,1.2402,1.1791
485.50,8.0656,1.1284,1.2045,6.3435,4.8264,1.8487,7.1166,1.2363,1.2208
486.00,8.0610,1.1284,1.2468,6.3450,4.8215,1.8893,7.1149,1.2315,1.2614
486.50,8.0570,1.1494,1.3484,6.3385,4.8379,1.9846,7.1194,1.2485,1.3567
487.00,8.0522,1.2326,1.4767,6.3005,4.9083,2.1156,7.1299,1.3278,1.4877
487.50,8.0652,1.3513,1.4265,6.2374,5.0142,2.0708,7.1012,1.4806,1.4464
488.00,8.0854,1.4232,1.3256,6.2047,5.0816,1.9705,7.1236,1.5545,1.3426
488.50,8.1145,1.5105,1.2086,6.1743,5.1710,1.8501,7.1615,1.6446,1.2222
489.00,8.1584,1.6317,1.2426,6.1379,5.2958,1.8837,7.2054,1.7671,1.2558
489.50,8.1966,1.7558,1.2692,6.0924,5.4245,1.9134,7.2411,1.8878,1.2884
490.00,8.2414,1.8785,1.1881,6.0523,5.5514,1.8310,7.2758,2.0143,1.1996
490.50,8.2951,1.9971,1.1273,6.0236,5.6798,1.7676,7.3281,2.1251,1.1362
491.00,8.3499,2.1148,1.1326,5.9953,5.8160,1.7761,7.3756,2.2517,1.1482
491.50,8.4090,2.2314,1.1001,5.9691,5.9564,1.7420,7.4452,2.3707,1.1140
492.00,8.4646,2.3483,1.1325,5.9442,6.0851,1.7771,7.4820,2.4797,1.1422
492.50,8.5235,2.4649,1.0922,5.9186,6.2214,1.7354,7.5521,2.6048,1.1046
493.00,8.5814,2.5809,1.1085,5.8960,6.3481,1.7553,7.6087,2.7203,1.1274
493.50,8.6423,2.6965,1.0886,5.8733,6.4795,1.7338,7.6669,2.8321,1.1037
494.00,8.7016,2.8120,1.0900,5.8501,6.6124,1.7410,7.7270,2.9611,1.1131
494.50,8.7679,2.9254,1.0190,5.8321,6.7414,1.6700,7.7879,3.0661,1.0345
495.00,8.8419,3.0339,0.9650,5.8231,6.8718,1.6156,7.8576,3.1666,0.9737
495.50,8.9191,3.1391,0.9034,5.8200,7.0023,1.5571,7.9334,3.2830,0.9187
496.00,9.0056,3.2364,0.7758,5.8300,7.1332,1.4281,8.0192,3.3723,0.7863
496.50,9.1023,3.3238,0.7121,5.8549,7.2697,1.3628,8.1208,3.4668,0.7174
497.00,9.1994,3.4100,0.7598,5.8803,7.3987,1.4100,8.2087,3.5445,0.7681
497.50,9.2704,3.4858,0.9317,5.8907,7.5088,1.5825,8.2829,3.6265,0.9406
498.00,9.3192,3.5562,1.1754,5.8802,7.5911,1.8248,8.3239,3.6987,1.1830
498.50,9.3591,3.6529,1.4656,5.8400,7.6880,2.1154,8.3600,3.8002,1.4771
499.00,9.3831,3.7807,1.6766,5.7565,7.7949,2.3280,8.3762,3.9257,1.6861
499.50,9.3711,3.9096,1.7016,5.6647,7.8877,2.3540,8.3780,4.0451,1.7086
500.00,9.3597,4.0390,1.5870,5.5711,7.9887,2.2408,8.3634,4.1820,1.5919
500.50,9.3578,4.1684,1.4158,5.4961,8.1055,2.0643,8.3764,4.3204,1.4218
501.00,9.3759,4.2966,1.4286,5.4369,8.2174,2.0773,8.3841,4.4355,1.4319
501.50,9.3886,4.4261,1.5392,5.3667,8.3279,2.1910,8.3945,4.5660,1.5456
502.00,9.3918,4.5561,1.5715,5.2875,8.4341,2.2240,8.3945,4.6984,1.5751
502.50,9.3869,4.6860,1.5960,5.2053,8.5389,2.2494,8.3924,4.8234,1.6005
503.00,9.3843,4.8160,1.5867,5.1211,8.6439,2.2428,8.3884,4.9661,1.5905
503.50,9.3771,4.9459,1.6225,5.0355,8.7479,2.2804,8.3833,5.0907,1.6246
504.00,9.3666,5.0757,1.6373,4.9486,8.8459,2.2972,8.3742,5.2215,1.6414
504.50,9.3537,5.2051,1.7145,4.8592,8.9410,2.3771,8.3607,5.3513,1.7149
505.00,9.3318,5.3321,1.8613,4.7576,9.0260,2.5267,8.3332,5.4708,1.8674
505.50,9.2998,5.4530,2.0408,4.6542,9.0867,2.7096,8.2886,5.5823,2.0468
506.00,9.2440,5.5580,2.2288,4.5404,9.1273,2.8994,8.2340,5.6945,2.2331
506.50,9.1960,5.6119,2.3954,4.4706,9.1390,3.0653,8.2061,5.7568,2.3955
507.00,9.1863,5.6224,2.5648,4.4557,9.1395,-3.0488,8.1848,5.7665,2.5646
507.50,9.1865,5.6191,2.7391,4.4589,9.1403,-2.8710,8.1974,5.7645,2.7389
508.00,9.1866,5.6136,2.7982,4.4643,9.1422,-2.8120,8.2028,5.7626,2.7979
508.50,9.1866,5.6136,2.7982,4.4643,9.1422,-2.8119,8.2028,5.7626,2.7980
509.00,9.1903,5.6123,2.7982,4.4684,9.1436,-2.8111,8.2069,5.7612,2.7988
509.50,9.2091,5.6055,2.7982,4.4877,9.1502,-2.8105,8.2261,5.7543,2.7994
510.00,9.2279,5.5988,2.7982,4.5049,9.1562,-2.8104,8.2432,5.7482,2.7995
510.50,9.2467,5.5921,2.7982,4.5266,9.1636,-2.8101,8.2548,5.7406,2.7998
511.00,9.2656,5.5853,2.7982,4.5448,9.1699,-2.8095,8.2730,5.7341,2.8004
511.50,9.2844,5.5786,2.7982,4.5658,9.1772,-2.8090,8.2939,5.7267,2.8009
512.00,9.3032,5.5719,2.7982,4.5847,9.1837,-2.8087,8.3128,5.7200,2.8012
512.50,9.3221,5.5651,2.7982,4.6054,9.1909,-2.8086,8.3232,5.7120,2.7978
513.00,9.3409,5.5584,2.7982,4.6259,9.1980,-2.8081,8.3436,5.7046,2.7983
513.50,9.3597,5.5517,2.7982,4.6445,9.2044,-2.8080,8.3622,5.6980,2.7985
514.00,9.3786,5.5449,2.7982,4.6628,9.2108,-2.8074,8.3804,5.6915,2.7990
514.50,9.3974,5.5382,2.7982,4.6814,9.2172,-2.8070,8.3989,5.6849,2.7994
515.00,9.4162,5.5315,2.7982,4.6995,9.2235,-2.8064,8.4170,5.6785,2.8000
515.50,9.4277,5.5274,2.7982,4.7112,9.2276,-2.8060,8.4287,5.6743,2.8004
516.00,9.4277,5.5274,2.7982,4.7112,9.2276,-2.8058,8.4287,5.6743,2.8006
516.50,9.4277,5.5274,2.7982,4.7112,9.2276,-2.8056,8.4287,5.6743,2.8008
517.00,9.4277,5.5274,2.7982,4.7112,9.2276,-2.8055,8.4287,5.6743,2.8010
517.50,9.4277,5.5274,2.7982,4.7112,9.2276,-2.8048,8.4287,5.6743,2.8016
518.00,9.4277,5.5270,2.8080,4.7114,9.2277,-2.7965,8.4288,5.6743,2.8099
518.50,9.4278,5.5200,2.9501,4.7181,9.2306,-2.6548,8.4359,5.6724,2.9517
519.00,9.4278,5.5045,-3.0790,4.7244,9.2345,-2.3989,8.4332,5.6607,-3.0792
519.50,9.4277,5.4816,-2.8526,4.7072,9.2141,-2.1693,8.4070,5.6557,-2.8496
520.00,9.4277,5.4728,-2.7749,4.7021,9.2059,-2.0910,8.3978,5.6525,-2.7713
520.50,9.4277,5.4728,-2.7748,4.7021,9.2059,-2.0907,8.3978,5.6525,-2.7709
521.00,9.4277,5.4728,-2.7748,4.7021,9.2059,-2.0900,8.3978,5.6525,-2.7703
521.50,9.4277,5.4728,-2.7748,4.7021,9.2059,-2.0895,8.3978,5.6525,-2.7698
522.00,9.4277,5.4728,-2.7748,4.7021,9.2059,-2.0889,8.3978,5.6525,-2.7691
522.50,9.4277,5.4728,-2.7748,4.7021,9.2059,-2.0881,8.3978,5.6525,-2.7684
523.00,9.4277,5.4728,-2.7748,4.7021,9.2059,-2.0877,8.3978,5.6525,-2.7679
523.50,9.4277,5.4728,-2.7748,4.7021,9.2059,-2.0872,8.3978,5.6525,-2.7675
524.00,9.4277,5.4728,-2.7748,4.7021,9.2059,-2.0864,8.3978,5.6525,-2.7667
524.50,9.4277,5.4728,-2.7748,4.7021,9.2059,-2.0862,8.3978,5.6525,-2.7665
525.00,9.4277,5.4728,-2.7748,4.7021,9.2059,-2.0858,8.3978,5.6525,-2.7660
525.50,9.4277,5.4714,-2.7539,4.7016,9.2050,-2.0636,8.3969,5.6522,-2.7438
526.00,9.4276,5.4675,-2.7134,4.7001,9.2021,-2.0228,8.3939,5.6508,-2.7031
526.50,9.4276,5.4641,-2.6739,4.6989,9.1995,-1.9828,8.3913,5.6496,-2.6631
527.00,9.4275,5.4612,-2.6355,4.6981,9.1974,-1.9442,8.3894,5.6485,-2.6244
527.50,9.4275,5.4587,-2.5981,4.6973,9.1953,-1.9063,8.3874,5.6474,-2.5866
528.00,9.4274,5.4567,-2.5617,4.6964,9.1926,-1.8694,8.4188,5.6116,-2.5583
528.50,9.4274,5.4552,-2.5263,4.6958,9.1907,-1.8329,8.4245,5.6030,-2.5236
529.00,9.4273,5.4541,-2.4917,4.6955,9.1893,-1.7974,8.4233,5.6021,-2.4882
529.50,9.4273,5.4535,-2.4580,4.6953,9.1885,-1.7631,8.4227,5.6016,-2.4539
530.00,9.4272,5.4533,-2.4252,4.6952,9.1882,-1.7294,8.4224,5.6014,-2.4201
530.50,9.4273,5.4534,-2.3925,4.6952,9.1881,-1.6959,8.4224,5.6014,-2.3867
531.00,9.4276,5.4534,-2.3587,4.6953,9.1886,-1.6613,8.4227,5.6017,-2.3520
531.50,9.4275,5.4537,-2.3247,4.6953,9.1888,-1.6262,8.4229,5.6018,-2.3169
532.00,9.4274,5.4540,-2.2919,4.6953,9.1889,-1.5922,8.4230,5.6019,-2.2830
532.50,9.4276,5.4541,-2.2592,4.6953,9.1891,-1.5597,8.4231,5.6021,-2.2505
533.00,9.4281,5.4541,-2.2257,4.6953,9.1896,-1.5258,8.4234,5.6025,-2.2166
533.50,9.4292,5.4542,-2.1913,4.6952,9.1902,-1.4909,8.4237,5.6029,-2.1816
534.00,9.4306,5.4542,-2.1559,4.6951,9.1918,-1.4553,8.4247,5.6043,-2.1460
534.50,9.4325,5.4543,-2.1197,4.6948,9.1940,-1.4186,8.4258,5.6062,-2.1094
535.00,9.4349,5.4543,-2.0824,4.6945,9.1956,-1.3810,8.4266,5.6075,-2.0717
535.50,9.4377,5.4544,-2.0442,4.6938,9.1991,-1.3424,8.4283,5.6107,-2.0331
536.00,9.4411,5.4544,-2.0049,4.6929,9.2024,-1.3028,8.4298,5.6138,-1.9935
536.50,9.4449,5.4545,-1.9645,4.6919,9.2058,-1.2620,8.4311,5.6171,-1.9527
537.00,9.4492,5.4545,-1.9230,4.6904,9.2102,-1.2195,8.4328,5.6215,-1.9102
537.50,9.4539,5.4546,-1.8803,4.6887,9.2147,-1.1762,8.4343,5.6260,-1.8670
538.00,9.4592,5.4546,-1.8363,4.6864,9.2197,-1.1316,8.4358,5.6313,-1.8224
538.50,9.4648,5.4540,-1.7891,4.6845,9.2236,-1.0855,8.4368,5.6356,-1.7762
539.00,9.4743,5.4146,-1.6293,4.7058,9.1896,-0.9323,8.4314,5.5957,-1.6230
539.50,9.4926,5.3118,-1.4960,4.7767,9.1093,-0.7966,8.4764,5.4641,-1.4902
540.00,9.5005,5.1825,-1.5581,4.8681,9.0133,-0.8575,8.5043,5.3265,-1.5517
540.50,9.4998,5.0556,-1.7686,4.9383,8.9129,-1.0659,8.4945,5.2044,-1.7664
541.00,9.4782,4.9324,-1.8405,4.9959,8.7960,-1.1378,8.4733,5.0779,-1.8425
541.50,9.4534,4.8315,-1.7418,5.0425,8.7034,-1.0431,8.4588,4.9772,-1.7478
542.00,9.4378,4.7091,-1.4981,5.1187,8.6027,-0.7971,8.4512,4.8514,-1.4948
542.50,9.4426,4.5802,-1.4090,5.2168,8.5131,-0.7068,8.4587,4.7196,-1.4028
543.00,9.4594,4.4514,-1.5052,5.3124,8.4263,-0.8020,8.4663,4.6017,-1.4962
543.50,9.4672,4.3217,-1.6951,5.3943,8.3215,-0.9961,8.4624,4.4601,-1.6918
544.00,9.4529,4.1931,-1.7132,5.4636,8.2098,-1.0117,8.4593,4.3350,-1.7077
544.50,9.4351,4.0643,-1.7115,5.5327,8.1002,-1.0110,8.4419,4.2065,-1.7034
545.00,9.4135,3.9358,-1.7229,5.6001,7.9901,-1.0239,8.4233,4.0788,-1.7146
545.50,9.3965,3.8070,-1.7139,5.6703,7.8791,-1.0141,8.4066,3.9486,-1.7030
546.00,9.3719,3.6791,-1.7839,5.7330,7.7687,-1.0866,8.3851,3.8182,-1.7791
546.50,9.3382,3.5529,-1.8500,5.7905,7.6515,-1.1541,8.3543,3.6913,-1.8431
547.00,9.2954,3.4293,-1.9165,5.8388,7.5309,-1.2210,8.3128,3.5715,-1.9048
547.50,9.2487,3.3074,-1.9426,5.8847,7.4027,-1.2453,8.2627,3.4385,-1.9343
548.00,9.1941,3.1877,-1.9961,5.9222,7.2790,-1.3009,8.2126,3.3251,-1.9882
548.50,9.1374,3.0698,-2.0229,5.9569,7.1499,-1.3263,8.1531,3.2034,-2.0118
549.00,9.0749,2.9541,-2.0715,5.9861,7.0223,-1.3745,8.0955,3.0903,-2.0618
549.50,9.0141,2.8396,-2.0323,6.0130,6.8930,-1.3347,8.0343,2.9732,-2.0202
550.00,8.9592,2.7222,-2.0107,6.0461,6.7649,-1.3105,7.9765,2.8573,-1.9960
550.50,8.9010,2.6053,-2.0518,6.0789,6.6345,-1.3526,7.9205,2.7354,-2.0415
551.00,8.8342,2.4919,-2.1118,6.1043,6.5017,-1.4114,7.8559,2.6211,-2.1004
551.50,8.7677,2.3804,-2.0844,6.1259,6.3687,-1.3842,7.7925,2.5093,-2.0714
552.00,8.7079,2.2657,-2.0506,6.1540,6.2376,-1.3491,7.7255,2.3944,-2.0398
552.50,8.6437,2.1519,-2.1142,6.1803,6.1054,-1.4134,7.6672,2.2781,-2.1024
553.00,8.5707,2.0428,-2.1741,6.1974,5.9709,-1.4719,7.5989,2.1714,-2.1609
553.50,8.4964,1.9361,-2.1599,6.2099,5.8394,-1.4591,7.5243,2.0657,-2.1480
554.00,8.4294,1.8251,-2.0886,6.2305,5.7067,-1.3863,7.4603,1.9503,-2.0735
554.50,8.3649,1.7121,-2.0951,6.2557,5.5713,-1.3934,7.3922,1.8396,-2.0806
555.00,8.2954,1.6009,-2.1440,6.2774,5.4337,-1.4428,7.3305,1.7250,-2.1300
555.50,8.2228,1.4927,-2.1521,6.2934,5.2961,-1.4497,7.2612,1.6183,-2.1352
556.00,8.1529,1.3834,-2.1425,6.3099,5.1689,-1.4402,7.1934,1.5094,-2.1274
556.50,8.0825,1.2741,-2.1407,6.3273,5.0376,-1.4378,7.1281,1.3927,-2.1250
557.00,8.0103,1.1654,-2.1618,6.3427,4.9107,-1.4592,7.0549,1.2927,-2.1482
557.50,7.9353,1.0584,-2.1896,6.3559,4.7779,-1.4852,6.9800,1.1727,-2.1735
558.00,7.8569,0.9539,-2.2256,6.3653,4.6381,-1.5233,6.9007,1.0687,-2.2123
558.50,7.7783,0.8506,-2.2117,6.3719,4.5089,-1.5081,6.8186,0.9648,-2.1989
559.00,7.7019,0.7457,-2.2034,6.3815,4.3766,-1.4994,6.7473,0.8567,-2.1890
559.50,7.6225,0.6420,-2.2345,6.3889,4.2417,-1.5307,6.6710,0.7480,-2.2191
560.00,7.5401,0.5412,-2.2669,6.3918,4.1066,-1.5619,6.5878,0.6440,-2.2532
560.50,7.4559,0.4421,-2.2778,6.3920,3.9688,-1.5726,6.5000,0.5416,-2.2639
561.00,7.3722,0.3427,-2.2668,6.3928,3.8370,-1.5607,6.4235,0.4465,-2.2532
561.50,7.2879,0.2436,-2.2949,6.3930,3.6970,-1.5882,6.3313,0.3385,-2.2807
562.00,7.2001,0.1475,-2.3258,6.3884,3.5656,-1.6177,6.2505,0.2484,-2.3101
562.50,7.1110,0.0530,-2.3137,6.3823,3.4316,-1.6051,6.1574,0.1489,-2.3002
563.00,7.0271,-0.0462,-2.2291,6.3834,3.2978,-1.5181,6.0802,0.0454,-2.2141
563.50,6.9486,-0.1496,-2.2338,6.3914,3.1652,-1.5221,5.9976,-0.0546,-2.2181
564.00,6.8660,-0.2505,-2.2733,6.3952,3.0327,-1.5612,5.9143,-0.1586,-2.2595
564.50,6.7805,-0.3485,-2.3040,6.3945,2.8952,-1.5923,5.8304,-0.2605,-2.2917
565.00,6.6939,-0.4454,-2.2942,6.3925,2.7662,-1.5794,5.7469,-0.3547,-2.2789
565.50,6.6074,-0.5425,-2.3046,6.3907,2.6405,-1.5903,5.6672,-0.4500,-2.2921
566.00,6.5197,-0.6385,-2.3107,6.3873,2.5040,-1.5959,5.5688,-0.5558,-2.2977
566.50,6.4337,-0.7359,-2.2691,6.3863,2.3713,-1.5531,5.4905,-0.6479,-2.2556
567.00,6.3540,-0.8393,-2.1502,6.3954,2.2352,-1.4354,5.4122,-0.7567,-2.1381
567.50,6.2830,-0.9529,-1.9595,6.4245,2.1035,-1.2454,5.3512,-0.8688,-1.9455
568.00,6.2234,-1.0767,-1.7427,6.4845,1.9751,-1.0267,5.3068,-1.0025,-1.7270
568.50,6.1842,-1.2054,-1.5117,6.5696,1.8608,-0.7945,5.2774,-1.1351,-1.4949
569.00,6.1799,-1.3336,-1.3363,6.6721,1.7748,-0.6162,5.2616,-1.2530,-1.3177
569.50,6.2032,-1.4580,-1.2105,6.7807,1.7064,-0.4905,5.2910,-1.3693,-1.1966
570.00,6.2482,-1.5781,-1.1681,6.8972,1.6495,-0.4456,5.3228,-1.4881,-1.1517
570.50,6.2948,-1.6988,-1.2028,7.0201,1.5868,-0.4828,5.3713,-1.6156,-1.1890
571.00,6.3299,-1.7887,-1.2354,7.1039,1.5422,-0.5107,5.4018,-1.7040,-1.2186
571.50,6.3433,-1.8204,-1.2774,7.1379,1.5226,-0.5477,5.4195,-1.7407,-1.2590
572.00,6.3425,-1.8205,-1.3218,7.1366,1.5235,-0.5922,5.4190,-1.7392,-1.3035
572.50,6.3366,-1.8204,-1.3676,7.1314,1.5272,-0.6369,5.4175,-1.7331,-1.3483
573.00,6.3302,-1.8204,-1.4150,7.1259,1.5314,-0.6842,5.4162,-1.7262,-1.3956
573.50,6.3233,-1.8204,-1.4640,7.1205,1.5361,-0.7321,5.4151,-1.7192,-1.4435
574.00,6.3159,-1.8204,-1.5148,7.1146,1.5417,-0.7797,5.4143,-1.7111,-1.4911
574.50,6.3081,-1.8204,-1.5676,7.1085,1.5481,-0.8342,5.4138,-1.7022,-1.5455
575.00,6.3002,-1.8204,-1.6207,7.1129,1.5429,-0.8864,5.4137,-1.7091,-1.5978
575.50,6.2928,-1.8204,-1.6717,7.1159,1.5390,-0.9352,5.4135,-1.7139,-1.6466
576.00,6.2858,-1.8204,-1.7209,7.1206,1.5324,-0.9863,5.4127,-1.7220,-1.6977
576.50,6.2793,-1.8204,-1.7685,7.1239,1.5270,-1.0337,5.4118,-1.7283,-1.7451
577.00,6.2734,-1.8205,-1.8145,7.1270,1.5216,-1.0794,5.4106,-1.7344,-1.7908
577.50,6.2679,-1.8205,-1.8592,7.1295,1.5166,-1.1237,5.4092,-1.7399,-1.8350
578.00,6.2628,-1.8205,-1.9025,7.1313,1.5127,-1.1662,5.4080,-1.7439,-1.8776
578.50,6.2583,-1.8206,-1.9446,7.1325,1.5096,-1.2078,5.4069,-1.7471,-1.9192
579.00,6.2543,-1.8206,-1.9855,7.1341,1.5054,-1.2477,5.4053,-1.7513,-1.9591
579.50,6.2507,-1.8207,-2.0253,7.1351,1.5023,-1.2870,5.4040,-1.7543,-1.9983
580.00,6.2477,-1.8207,-2.0641,7.1359,1.4991,-1.3247,5.4026,-1.7572,-2.0360
580.50,6.2450,-1.8208,-2.1018,7.1365,1.4965,-1.3617,5.4014,-1.7596,-2.0731
581.00,6.2429,-1.8208,-2.1385,7.1369,1.4947,-1.3976,5.4005,-1.7612,-2.1089
581.50,6.2412,-1.8209,-2.1743,7.1371,1.4933,-1.4330,5.3997,-1.7624,-2.1444
582.00,6.2400,-1.8209,-2.2092,7.1372,1.4924,-1.4676,5.3992,-1.7632,-2.1790
582.50,6.2392,-1.8210,-2.2431,7.1373,1.4916,-1.5015,5.3988,-1.7638,-2.2129
583.00,6.2389,-1.8210,-2.2762,7.1373,1.4913,-1.5340,5.3986,-1.7640,-2.2453
583.50,6.2389,-1.8211,-2.3087,7.1373,1.4912,-1.5656,5.3985,-1.7641,-2.2770
584.00,6.2390,-1.8216,-2.3422,7.1373,1.4912,-1.5989,5.3985,-1.7642,-2.3103
584.50,6.2389,-1.8217,-2.3764,7.1373,1.4911,-1.6322,5.3984,-1.7642,-2.3436
585.00,6.2386,-1.8217,-2.4096,7.1373,1.4910,-1.6649,5.3983,-1.7643,-2.3763
585.50,6.2387,-1.8217,-2.4421,7.1373,1.4909,-1.6971,5.3983,-1.7643,-2.4085
586.00,6.2387,-1.8213,-2.4753,7.1373,1.4910,-1.7304,5.3984,-1.7643,-2.4418
586.50,6.2388,-1.8204,-2.5095,7.1375,1.4919,-1.7643,5.3991,-1.7637,-2.4757
587.00,6.2388,-1.8191,-2.5445,7.1376,1.4924,-1.7988,5.3995,-1.7634,-2.5102
587.50,6.2389,-1.8174,-2.5804,7.1379,1.4939,-1.8343,5.4007,-1.7625,-2.5457
588.00,6.2389,-1.8152,-2.6173,7.1385,1.4960,-1.8708,5.4025,-1.7613,-2.5822
588.50,6.2390,-1.8125,-2.6552,7.1392,1.4979,-1.9080,5.4042,-1.7603,-2.6194
589.00,6.2390,-1.8093,-2.6942,7.1405,1.5014,-1.9465,5.4076,-1.7585,-2.6579
589.50,6.2391,-1.8057,-2.7342,7.1421,1.5052,-1.9863,5.4112,-1.7567,-2.6977
590.00,6.2391,-1.8015,-2.7753,7.1441,1.5095,-2.0268,5.4156,-1.7547,-2.7382
590.50,6.2392,-1.7969,-2.8176,7.1462,1.5135,-2.0683,5.4198,-1.7530,-2.7797
591.00,6.2392,-1.7918,-2.8612,7.1485,1.5177,-2.1114,5.4243,-1.7514,-2.8228
591.50,6.2392,-1.7862,-2.9061,7.1517,1.5228,-2.1555,5.4301,-1.7496,-2.8669
592.00,6.2392,-1.7808,-2.9499,7.1550,1.5274,-2.2013,5.4355,-1.7483,-2.9127
592.50,6.2393,-1.7743,-2.9976,7.1584,1.5319,-2.2485,5.4411,-1.7471,-2.9599
593.00,6.2393,-1.7673,-3.0471,7.1630,1.5373,-2.2976,5.4481,-1.7460,-3.0090
593.50,6.2393,-1.7598,-3.0983,7.1693,1.5441,-2.3486,5.4573,-1.7450,-3.0599
594.00,6.2393,-1.7519,3.1316,7.1720,1.5468,-2.4007,5.4611,-1.7447,-3.1120
594.50,6.2393,-1.7441,3.0791,7.1660,1.5415,-2.4531,5.3058,-1.6668,3.0920
595.00,6.2393,-1.7368,3.0285,7.1607,1.5373,-2.5026,5.2990,-1.6663,3.0425
595.50,6.2393,-1.7299,2.9797,7.1561,1.5340,-2.5509,5.2934,-1.6656,2.9941
596.00,6.2392,-1.7236,2.9325,7.1505,1.5305,-2.5976,5.2870,-1.6645,2.9475
596.50,6.2392,-1.7177,2.8868,7.1450,1.5273,-2.6424,5.2807,-1.6631,2.9027
597.00,6.2392,-1.7123,2.8425,7.1405,1.5250,-2.6860,5.2758,-1.6618,2.8591
597.50,6.2391,-1.7074,2.7995,7.1362,1.5230,-2.7292,5.2714,-1.6604,2.8159
598.00,6.2391,-1.7030,2.7577,7.1321,1.5213,-2.7706,5.3089,-1.6195,2.7710
598.50,6.2391,-1.6991,2.7170,7.1280,1.5198,-2.8106,5.3048,-1.6178,2.7310
599.00,6.2390,-1.6957,2.6775,7.1244,1.5186,-2.8492,5.3014,-1.6162,2.6924
599.50,6.2390,-1.6927,2.6390,7.1216,1.5179,-2.8874,5.2988,-1.6149,2.6542
600.00,6.2389,-1.6902,2.6015,7.1180,1.5170,-2.9241,5.2956,-1.6131,2.6175
600.50,6.2389,-1.6882,2.5650,7.1155,1.5165,-2.9603,5.2934,-1.6118,2.5813
601.00,6.2388,-1.6866,2.5295,7.1144,1.5163,-2.9948,5.2924,-1.6112,2.5468
601.50,6.2388,-1.6855,2.4948,7.1129,1.5161,-3.0280,5.2912,-1.6104,2.5136
602.00,6.2387,-1.6848,2.4611,7.1122,1.5160,-3.0614,5.2906,-1.6099,2.4801
602.50,6.2386,-1.6846,2.4282,7.1120,1.5160,-3.0936,5.2904,-1.6098,2.4479
603.00,6.2384,-1.6847,2.3956,7.1117,1.5160,-3.1260,5.2902,-1.6096,2.4156
603.50,6.2381,-1.6847,2.3619,7.1113,1.5160,3.1235,5.2899,-1.6094,2.3819
604.00,6.2380,-1.6846,2.3278,7.1110,1.5160,3.0900,5.2897,-1.6092,2.3483
604.50,6.2317,-1.6773,2.2764,7.1024,1.5167,3.0414,5.2838,-1.6028,2.2998
605.00,6.1973,-1.6245,2.1196,7.0380,1.5284,2.8845,5.2442,-1.5507,2.1428
605.50,6.1473,-1.5175,2.0229,6.9206,1.5668,2.7882,5.2055,-1.4336,2.0350
606.00,6.0884,-1.4012,2.0695,6.7994,1.6101,2.8349,5.1599,-1.3190,2.0805
606.50,6.0203,-1.2920,2.2242,6.6724,1.6402,2.9913,5.0864,-1.2098,2.2380
607.00,5.9378,-1.1922,2.2918,6.5418,1.6543,3.0607,5.0007,-1.1102,2.3086
607.50,5.8532,-1.0936,2.2656,6.4131,1.6663,3.0342,4.9204,-1.0136,2.2809
608.00,5.7699,-0.9937,2.2740,6.2784,1.6806,3.0450,4.8288,-0.9111,2.2891
608.50,5.6830,-0.8975,2.3508,6.1494,1.6891,3.1237,4.7469,-0.8188,2.3655
609.00,5.5866,-0.8106,2.4790,6.0150,1.6829,-3.0303,4.6408,-0.7329,2.4939
609.50,5.4795,-0.7331,2.6535,5.8916,1.6595,-2.8544,4.5408,-0.6650,2.6680
610.00,5.3658,-0.6638,2.9068,5.7664,1.6060,-2.6032,4.4159,-0.6104,2.9179
610.50,5.2383,-0.6128,-3.1181,5.6602,1.5227,-2.3467,4.2894,-0.5696,-3.1053
611.00,5.1089,-0.6085,-3.0078,5.5728,1.4209,-2.2358,4.1718,-0.5561,-2.9926
611.50,4.9797,-0.6222,-3.0862,5.4889,1.3190,-2.3128,4.0439,-0.5548,-3.0696
612.00,4.8498,-0.6266,3.0912,5.3933,1.2272,-2.4202,3.9094,-0.5543,3.1055
612.50,4.7200,-0.6198,3.0869,5.2957,1.1410,-2.4188,3.7922,-0.5548,3.1040
613.00,4.5902,-0.6144,3.0966,5.1950,1.0517,-2.4085,3.6796,-0.5503,3.1109
613.50,4.4603,-0.6112,3.1069,5.1003,0.9650,-2.3967,3.5594,-0.5522,3.1227
614.00,4.3304,-0.6061,3.1054,5.0037,0.8764,-2.3976,3.4427,-0.5494,3.1217
614.50,4.2004,-0.6034,3.1147,4.9103,0.7896,-2.3878,3.3300,-0.5480,3.1281
615.00,4.0705,-0.6016,3.1223,4.8133,0.6978,-2.3797,3.2037,-0.5506,3.1365
615.50,3.9405,-0.5974,3.1106,4.7143,0.6043,-2.3922,3.0796,-0.5498,3.1271
616.00,3.8106,-0.5940,3.1169,4.6176,0.5141,-2.3847,2.9915,-0.5467,3.1312
616.50,3.6806,-0.5926,3.1248,4.5207,0.4214,-2.3763,2.8365,-0.5467,3.1396
617.00,3.5506,-0.5906,3.1256,4.4276,0.3319,-2.3751,2.7650,-0.5489,3.1397
617.50,3.4206,-0.5877,3.1207,4.3297,0.2383,-2.3809,2.7140,-0.5463,3.1350
618.00,3.2906,-0.5852,3.1204,4.2277,0.1407,-2.3801,2.6153,-0.5492,3.1323
618.50,3.1607,-0.5843,3.1369,4.1298,0.0467,-2.3631,2.5606,-0.5450,-3.1339
619.00,3.0307,-0.5827,3.1307,4.0329,-0.0486,-2.3693,2.4590,-0.5471,-3.1384
619.50,2.9007,-0.5800,3.1253,3.9367,-0.1417,-2.3741,2.3372,-0.5470,3.1383
620.00,2.7707,-0.5779,3.1258,3.8437,-0.2314,-2.3731,2.2205,-0.5468,3.1375
620.50,2.6407,-0.5763,3.1277,3.7476,-0.3245,-2.3704,2.0851,-0.5464,3.1402
621.00,2.5107,-0.5745,3.1278,3.6495,-0.4200,-2.3692,1.9835,-0.5464,3.1400
621.50,2.3807,-0.5728,3.1282,3.5523,-0.5149,-2.3682,1.8442,-0.5447,3.1407
622.00,2.2508,-0.5725,3.1354,3.4577,-0.6078,-2.3616,1.7233,-0.5443,-3.1371
622.50,2.1208,-0.5719,3.1318,3.3621,-0.7026,-2.3636,1.5718,-0.5481,-3.1379
623.00,1.9908,-0.5682,3.1214,3.2703,-0.7919,-2.3734,1.4574,-0.5479,3.1332
623.50,1.8608,-0.5661,3.1242,3.1790,-0.8803,-2.3701,1.3286,-0.5469,3.1364
624.00,1.7308,-0.5653,3.1341,3.0807,-0.9766,-2.3582,1.1830,-0.5464,-3.1357
624.50,1.6008,-0.5632,3.1284,2.9860,-1.0702,-2.3649,1.0611,-0.5469,3.1408
625.00,1.4708,-0.5610,3.1266,2.8897,-1.1646,-2.3662,0.9391,-0.5465,3.1395
625.50,1.3408,-0.5592,3.1271,2.7936,-1.2589,-2.3653,0.8170,-0.5466,3.1404
626.00,1.2109,-0.5573,3.1274,2.7016,-1.3493,-2.3649,0.6944,-0.5461,3.1385
626.50,1.0809,-0.5562,3.1309,2.6132,-1.4365,-2.3607,0.5585,-0.5457,-3.1405
627.00,0.9509,-0.5540,3.1250,2.5175,-1.5313,-2.3651,0.4219,-0.5480,3.1383
627.50,0.8209,-0.5512,3.1239,2.4205,-1.6261,-2.3665,0.3118,-0.5460,3.1369
628.00,0.6909,-0.5510,3.1348,2.3204,-1.7253,-2.3554,0.1964,-0.5442,-3.1352
628.50,0.5609,-0.5510,3.1384,2.2266,-1.8196,-2.3521,0.0858,-0.5432,-3.1310
629.00,0.4309,-0.5505,3.1369,2.1373,-1.9097,-2.3522,-0.0273,-0.5466,-3.1320
629.50,0.3009,-0.5474,3.1256,2.0409,-2.0056,-2.3634,-0.1729,-0.5483,3.1391
630.00,0.1709,-0.5440,3.1190,1.9419,-2.1027,-2.3682,-0.3160,-0.5480,3.1343
630.50,0.0410,-0.5427,3.1293,1.8449,-2.1980,-2.3582,-0.4135,-0.5448,-3.1407
631.00,-0.0890,-0.5422,3.1343,1.7524,-2.2907,-2.3539,-0.5435,-0.5447,-3.1370
631.50,-0.2190,-0.5415,3.1349,1.6585,-2.3853,-2.3525,-0.6996,-0.5471,-3.1342
632.00,-0.3490,-0.5384,3.1235,1.5654,-2.4781,-2.3625,-0.8195,-0.5472,3.1386
632.50,-0.4790,-0.5353,3.1201,1.4694,-2.5726,-2.3653,-0.9440,-0.5454,3.1341
633.00,-0.6090,-0.5346,3.1316,1.3748,-2.6664,-2.3544,-1.1025,-0.5452,-3.1382
633.50,-0.7390,-0.5328,3.1283,1.2844,-2.7571,-2.3570,-1.2005,-0.5473,-3.1390
634.00,-0.8689,-0.5294,3.1219,1.1864,-2.8542,-2.3646,-1.3258,-0.5448,3.1353
634.50,-0.9989,-0.5291,3.1327,1.0971,-2.9434,-2.3528,-1.4581,-0.5451,-3.1366
635.00,-1.1289,-0.5277,3.1312,1.0030,-3.0381,-2.3537,-1.5881,-0.5459,-3.1371
635.50,-1.2589,-0.5258,3.1285,0.9112,-3.1301,-2.3565,-1.7111,-0.5462,-3.1411
636.00,-1.3889,-0.5239,3.1294,0.8178,-3.2234,-2.3574,-1.8341,-0.5428,-3.1397
636.50,-1.5189,-0.5247,3.1411,0.7236,-3.3189,-2.3443,-1.9699,-0.5440,-3.1277
637.00,-1.6489,-0.5233,3.1337,0.6257,-3.4186,-2.3516,-2.0792,-0.5457,-3.1339
637.50,-1.7789,-0.5210,3.1282,0.5358,-3.5087,-2.3569,-2.2166,-0.5462,-3.1392
638.00,-1.9089,-0.5188,3.1263,0.4384,-3.6058,-2.3589,-2.3449,-0.5464,-3.1411
638.50,-2.0389,-0.5168,3.1265,0.3442,-3.6995,-2.3583,-2.4600,-0.5465,-3.1405
639.00,-2.1688,-0.5146,3.1252,0.2461,-3.7970,-2.3594,-2.5912,-0.5466,3.1415
639.50,-2.2988,-0.5132,3.1317,0.1495,-3.8932,-2.3532,-2.7166,-0.5437,-3.1354
640.00,-2.4288,-0.5131,3.1367,0.0599,-3.9840,-2.3484,-2.8582,-0.5450,-3.1318
640.50,-2.5588,-0.5118,3.1333,-0.0296,-4.0746,-2.3516,-2.9639,-0.5459,-3.1333
641.00,-2.6888,-0.5094,3.1273,-0.1250,-4.1704,-2.3569,-3.1193,-0.5466,-3.1409
641.50,-2.8188,-0.5077,3.1281,-0.2176,-4.2630,-2.3554,-3.2294,-0.5468,-3.1394
642.00,-2.9488,-0.5052,3.1244,-0.3133,-4.3586,-2.3580,-3.3625,-0.5470,3.1412
642.50,-3.0788,-0.5030,3.1248,-0.4060,-4.4510,-2.3572,-3.4892,-0.5471,-3.1413
643.00,-3.2087,-0.5005,3.1235,-0.4975,-4.5423,-2.3574,-3.6190,-0.5475,3.1406
643.50,-3.3387,-0.4987,3.1260,-0.5920,-4.6368,-2.3541,-3.7371,-0.5476,-3.1404
644.00,-3.4687,-0.4964,3.1242,-0.6879,-4.7332,-2.3546,-3.8806,-0.5480,3.1411
644.50,-3.5987,-0.4950,3.1287,-0.7772,-4.8232,-2.3498,-3.9933,-0.5481,-3.1384
645.00,-3.7287,-0.4927,3.1240,-0.8706,-4.9179,-2.3530,-4.1376,-0.5487,3.1415
645.50,-3.8587,-0.4912,3.1288,-0.9634,-5.0115,-2.3478,-4.2625,-0.5489,-3.1388
646.00,-3.9887,-0.4899,3.1284,-1.0603,-5.1105,-2.3488,-4.3956,-0.5496,-3.1398
646.50,-4.1186,-0.4895,3.1356,-1.1532,-5.2054,-2.3401,-4.5300,-0.5472,-3.1311
647.00,-4.2486,-0.4904,-3.1400,-1.2439,-5.3004,-2.3351,-4.6640,-0.5494,-3.1261
647.50,-4.3786,-0.4895,3.1367,-1.3348,-5.3949,-2.3381,-4.7864,-0.5549,-3.1274
648.00,-4.5086,-0.4901,3.1330,-1.4290,-5.4937,-2.3396,-4.9153,-0.5576,-3.1300
648.50,-4.6386,-0.4891,-3.1403,-1.5191,-5.5866,-2.3288,-5.0389,-0.5555,-3.1248
649.00,-4.7685,-0.4969,-3.0824,-1.6100,-5.6891,-2.2636,-5.1761,-0.5649,-3.0601
649.50,-4.8981,-0.5128,-3.0168,-1.6949,-5.7966,-2.1963,-5.3119,-0.5796,-2.9987
650.00,-5.0259,-0.5378,-2.9155,-1.7647,-5.9052,-2.0902,-5.4219,-0.6118,-2.8960
650.50,-5.1522,-0.5712,-2.8780,-1.8283,-6.0200,-2.0529,-5.5460,-0.6422,-2.8610
651.00,-5.2761,-0.6134,-2.7866,-1.8855,-6.1425,-1.9617,-5.6829,-0.6855,-2.7716
651.50,-5.3951,-0.6647,-2.6721,-1.9293,-6.2700,-1.8410,-5.7853,-0.7518,-2.6509
652.00,-5.5073,-0.7252,-2.5321,-1.9572,-6.4016,-1.7005,-5.9070,-0.8125,-2.5157
652.50,-5.5965,-0.7975,-2.3265,-1.9617,-6.5228,-1.4948,-5.9960,-0.8866,-2.3117
653.00,-5.6665,-0.8906,-2.1156,-1.9408,-6.6376,-1.2845,-6.0560,-0.9761,-2.1032
653.50,-5.7287,-1.0055,-1.8922,-1.8881,-6.7643,-1.0608,-6.1136,-1.0965,-1.8748
654.00,-5.7812,-1.1318,-1.6702,-1.8059,-6.8797,-0.8369,-6.1504,-1.2308,-1.6520
654.50,-5.8023,-1.2617,-1.5504,-1.7112,-6.9712,-0.7175,-6.1727,-1.3526,-1.5326
655.00,-5.8026,-1.3915,-1.4909,-1.6055,-7.0568,-0.6544,-6.1776,-1.4844,-1.4730
655.50,-5.7917,-1.5211,-1.4880,-1.4972,-7.1401,-0.6522,-6.1689,-1.6122,-1.4705
656.00,-5.7859,-1.6500,-1.5284,-1.3968,-7.2196,-0.6929,-6.1531,-1.7378,-1.5097
656.50,-5.7880,-1.7397,-1.5799,-1.3270,-7.2798,-0.7401,-6.1634,-1.8298,-1.5588
657.00,-5.7949,-1.7670,-1.6311,-1.3042,-7.3012,-0.7886,-6.1674,-1.8608,-1.6090
657.50,-5.8022,-1.7671,-1.6818,-1.2987,-7.3070,-0.8372,-6.1679,-1.8687,-1.6576
658.00,-5.8091,-1.7671,-1.7307,-1.2934,-7.3132,-0.8876,-6.1688,-1.8768,-1.7079
658.50,-5.8155,-1.7671,-1.7779,-1.2903,-7.3172,-0.9342,-6.1696,-1.8818,-1.7545
659.00,-5.8214,-1.7671,-1.8237,-1.2863,-7.3227,-0.9796,-6.1709,-1.8885,-1.8000
659.50,-5.8268,-1.7671,-1.8681,-1.2828,-7.3282,-1.0225,-6.1725,-1.8948,-1.8428
660.00,-5.8317,-1.7672,-1.9111,-1.2808,-7.3317,-1.0669,-6.2066,-1.8591,-1.8943
660.50,-5.8409,-1.7927,-2.0191,-1.2701,-7.3538,-1.1674,-6.2157,-1.8820,-1.9948
661.00,-5.8772,-1.8691,-2.2370,-1.2455,-7.4335,-1.3761,-6.2545,-1.9543,-2.2077
661.50,-5.9646,-1.9639,-2.3890,-1.2318,-7.5654,-1.5372,-6.3415,-2.0567,-2.3716
662.00,-6.0618,-2.0505,-2.4185,-1.2307,-7.6950,-1.5676,-6.4325,-2.1452,-2.4019
662.50,-6.1558,-2.1396,-2.3256,-1.2256,-7.8237,-1.4723,-6.5240,-2.2354,-2.3066
663.00,-6.2403,-2.2378,-2.2514,-1.2079,-7.9463,-1.3977,-6.6047,-2.3307,-2.2338
663.50,-6.3222,-2.3388,-2.2725,-1.1852,-8.0755,-1.4129,-6.6852,-2.4343,-2.2501
664.00,-6.4092,-2.4358,-2.3332,-1.1686,-8.2048,-1.4752,-6.7655,-2.5335,-2.3165
664.50,-6.5004,-2.5286,-2.3495,-1.1580,-8.3372,-1.4954,-6.8556,-2.6299,-2.3350
665.00,-6.5897,-2.6227,-2.3110,-1.1452,-8.4684,-1.4550,-6.9433,-2.7270,-2.2911
665.50,-6.6707,-2.7119,-2.3173,-1.1301,-8.5945,-1.4592,-7.0266,-2.8229,-2.2988
666.00,-6.7150,-2.7589,-2.3510,-1.1237,-8.6593,-1.4920,-7.0705,-2.8709,-2.3316
666.50,-6.7214,-2.7652,-2.3850,-1.1230,-8.6693,-1.5251,-7.0732,-2.8781,-2.3647
667.00,-6.7216,-2.7653,-2.4180,-1.1230,-8.6697,-1.5576,-7.0735,-2.8784,-2.3972
667.50,-6.7216,-2.7652,-2.4506,-1.1229,-8.6695,-1.5898,-7.0734,-2.8783,-2.4294
668.00,-6.7215,-2.7647,-2.4841,-1.1229,-8.6691,-1.6227,-7.0730,-2.8781,-2.4622
668.50,-6.7215,-2.7637,-2.5184,-1.1228,-8.6682,-1.6567,-7.0723,-2.8775,-2.4962
669.00,-6.7214,-2.7623,-2.5537,-1.1226,-8.6665,-1.6914,-7.0709,-2.8765,-2.5310
669.50,-6.7214,-2.7604,-2.5899,-1.1224,-8.6648,-1.7270,-7.0695,-2.8755,-2.5666
670.00,-6.7213,-2.7580,-2.6270,-1.1219,-8.6621,-1.7650,-7.0672,-2.8741,-2.6045
670.50,-6.7213,-2.7552,-2.6652,-1.1214,-8.6596,-1.8028,-7.0650,-2.8728,-2.6424
671.00,-6.7212,-2.7519,-2.7044,-1.1204,-8.6558,-1.8413,-7.0614,-2.8710,-2.6808
671.50,-6.7212,-2.7482,-2.7447,-1.1193,-8.6523,-1.8809,-7.0581,-2.8695,-2.7205
672.00,-6.7211,-2.7439,-2.7861,-1.1180,-8.6485,-1.9203,-7.0544,-2.8679,-2.7599
672.50,-6.7211,-2.7392,-2.8287,-1.1161,-8.6434,-1.9622,-7.0494,-2.8660,-2.8018
673.00,-6.7211,-2.7340,-2.8726,-1.1140,-8.6386,-2.0076,-7.0443,-2.8643,-2.8472
673.50,-6.7210,-2.7283,-2.9179,-1.1113,-8.6332,-2.0524,-7.0386,-2.8627,-2.8920
674.00,-6.7210,-2.7221,-2.9646,-1.1080,-8.6272,-2.0984,-7.0319,-2.8612,-2.9380
674.50,-6.7210,-2.7154,-3.0129,-1.1043,-8.6211,-2.1462,-7.0249,-2.8599,-2.9858
675.00,-6.7210,-2.7082,-3.0628,-1.1001,-8.6151,-2.1955,-7.0176,-2.8590,-3.0350
675.50,-6.7210,-2.7006,-3.1147,-1.0960,-8.6097,-2.2469,-7.0109,-2.8584,-3.0865
676.00,-6.7210,-2.6926,3.1150,-1.0961,-8.6097,-2.2996,-7.0109,-2.8583,-3.1392
676.50,-6.7210,-2.6850,3.0631,-1.1015,-8.6154,-2.3510,-7.0187,-2.8582,3.0926
677.00,-6.7210,-2.6778,3.0131,-1.1069,-8.6206,-2.4007,-7.0263,-2.8576,3.0429
677.50,-6.7210,-2.6711,2.9649,-1.1129,-8.6258,-2.4480,-7.0341,-2.8566,2.9957
678.00,-6.7210,-2.6649,2.9181,-1.1180,-8.6299,-2.4941,-7.0405,-2.8555,2.9495
678.50,-6.7211,-2.6592,2.8729,-1.1223,-8.6330,-2.5386,-7.0458,-2.8544,2.9050
679.00,-6.7211,-2.6540,2.8290,-1.1274,-8.6364,-2.5808,-7.0516,-2.8529,2.8628
679.50,-6.7211,-2.6492,2.7863,-1.1312,-8.6386,-2.6248,-7.0559,-2.8515,2.8188
680.00,-6.7212,-2.6450,2.7449,-1.1354,-8.6409,-2.6667,-7.0604,-2.8499,2.7769
680.50,-6.7212,-2.6412,2.7046,-1.1394,-8.6429,-2.7061,-7.0645,-2.8483,2.7375
681.00,-6.7213,-2.6379,2.6654,-1.1424,-8.6442,-2.7455,-7.0675,-2.8469,2.6981
681.50,-6.7213,-2.6351,2.6272,-1.1454,-8.6454,-2.7832,-7.0704,-2.8455,2.6605
682.00,-6.7214,-2.6328,2.5901,-1.1478,-8.6462,-2.8200,-7.0726,-2.8443,2.6236
682.50,-6.7214,-2.6309,2.5539,-1.1501,-8.6470,-2.8547,-7.0747,-2.8430,2.5889
683.00,-6.7215,-2.6294,2.5186,-1.1512,-8.6473,-2.8912,-7.0757,-2.8424,2.5524
683.50,-6.7215,-2.6285,2.4842,-1.1521,-8.6475,-2.9255,-7.0764,-2.8419,2.5181
684.00,-6.7216,-2.6279,2.4508,-1.1528,-8.6476,-2.9582,-7.0770,-2.8414,2.4855
684.50,-6.7216,-2.6278,2.4181,-1.1530,-8.6476,-2.9904,-7.0771,-2.8413,2.4532
685.00,-6.7220,-2.6279,2.3852,-1.1531,-8.6477,-3.0229,-7.0772,-2.8413,2.4207
685.50,-6.7222,-2.6279,2.3512,-1.1534,-8.6477,-3.0551,-7.0775,-2.8410,2.3885
686.00,-6.7218,-2.6283,2.3189,-1.1531,-8.6477,-3.0902,-7.0772,-2.8412,2.3535
686.50,-6.7088,-2.6423,2.3180,-1.1339,-8.6467,-3.0896,-7.0636,-2.8549,2.3540
687.00,-6.6952,-2.6569,2.3180,-1.1130,-8.6456,-3.0896,-7.0489,-2.8697,2.3540
687.50,-6.6816,-2.6716,2.3180,-1.0933,-8.6445,-3.0884,-7.0349,-2.8837,2.3552
688.00,-6.6680,-2.6863,2.3180,-1.0713,-8.6434,-3.0878,-7.0194,-2.8993,2.3558
688.50,-6.6544,-2.7010,2.3180,-1.0490,-8.6422,-3.0871,-7.0071,-2.8085,2.3356
689.00,-6.6408,-2.7156,2.3180,-1.0266,-8.6409,-3.0863,-6.9916,-2.8247,2.3364
689.50,-6.6272,-2.7303,2.3180,-1.0051,-8.6397,-3.0858,-6.9766,-2.8402,2.3368
690.00,-6.6136,-2.7450,2.3180,-0.9857,-8.6387,-3.0849,-6.9632,-2.8542,2.3378
690.50,-6.6000,-2.7596,2.3180,-0.9661,-8.6375,-3.0847,-6.9595,-2.8684,2.3380
691.00,-6.5865,-2.7743,2.3180,-0.9469,-8.6364,-3.0842,-6.9462,-2.8822,2.3384
691.50,-6.5729,-2.7890,2.3180,-0.9266,-8.6353,-3.0835,-6.9321,-2.8968,2.3391
692.00,-6.5593,-2.8037,2.3180,-0.9040,-8.6340,-3.0835,-6.9163,-2.9131,2.3392
692.50,-6.5538,-2.8095,2.3013,-0.8982,-8.6336,-3.1008,-6.9123,-2.9173,2.3219
693.00,-6.5537,-2.8096,2.2688,-0.8982,-8.6336,-3.1328,-6.9123,-2.9173,2.2898
693.50,-6.5533,-2.8096,2.2355,-0.8977,-8.6336,3.1180,-6.9120,-2.9176,2.2575
694.00,-6.5524,-2.8097,2.2014,-0.8968,-8.6337,3.0845,-6.9114,-2.9184,2.2240
694.50,-6.5511,-2.8097,2.1663,-0.8958,-8.6337,3.0496,-6.9016,-2.9198,2.1839
695.00,-6.5493,-2.8098,2.1303,-0.8943,-8.6339,3.0158,-6.9008,-2.9211,2.1500
695.50,-6.5471,-2.8098,2.0934,-0.8925,-8.6341,2.9776,-6.8998,-2.9226,2.1119
696.00,-6.5444,-2.8099,2.0554,-0.8890,-8.6348,2.9398,-6.8981,-2.9257,2.0740
696.50,-6.5412,-2.8099,2.0164,-0.8863,-8.6354,2.9013,-6.8968,-2.9281,2.0355
697.00,-6.5375,-2.8100,1.9764,-0.8818,-8.6366,2.8625,-6.8948,-2.9323,1.9967
697.50,-6.5334,-2.8100,1.9352,-0.8768,-8.6381,2.8214,-6.8927,-2.9371,1.9557
698.00,-6.5287,-2.8100,1.8928,-0.8717,-8.6400,2.7797,-6.8908,-2.9422,1.9139
698.50,-6.5236,-2.8101,1.8492,-0.8680,-8.6415,2.7361,-6.8895,-2.9460,1.8703
699.00,-6.5180,-2.8101,1.8043,-0.8618,-8.6443,2.6913,-6.8877,-2.9525,1.8256
699.50,-6.5119,-2.8101,1.7579,-0.8551,-8.6477,2.6452,-6.8859,-2.9599,1.7795
700.00,-6.5045,-2.7975,1.6729,-0.8658,-8.6413,2.5672,-6.8689,-2.8977,1.6962
700.50,-6.4930,-2.7258,1.5644,-0.9239,-8.5972,2.4572,-6.8726,-2.8249,1.5863
701.00,-6.4942,-2.6599,1.5997,-0.9761,-8.5549,2.4893,-6.8444,-2.7677,1.6131
701.50,-6.5010,-2.6504,1.6509,-0.9892,-8.5452,2.5410,-6.8453,-2.7514,1.6648
702.00,-6.5081,-2.6504,1.7008,-0.9953,-8.5413,2.5936,-6.8462,-2.7443,1.7174
702.50,-6.5148,-2.6504,1.7491,-1.0017,-8.5375,2.6425,-6.8474,-2.7370,1.7663
703.00,-6.5210,-2.6504,1.7957,-1.0072,-8.5347,2.6901,-6.8488,-2.7309,1.8139
703.50,-6.5267,-2.6504,1.8409,-1.0125,-8.5323,2.7360,-6.8503,-2.7253,1.8598
704.00,-6.5319,-2.6503,1.8848,-1.0178,-8.5301,2.7788,-6.8520,-2.7198,1.9026
704.50,-6.5366,-2.6503,1.9274,-1.0225,-8.5284,2.8239,-6.8938,-2.7551,1.9477
705.00,-6.5409,-2.6502,1.9688,-1.0271,-8.5270,2.8636,-6.8956,-2.7508,1.9874
705.50,-6.5446,-2.6502,2.0091,-1.0307,-8.5261,2.9058,-6.8972,-2.7473,2.0296
706.00,-6.5479,-2.6502,2.0482,-1.0351,-8.5251,2.9456,-6.8993,-2.7433,2.0694
706.50,-6.5507,-2.6501,2.0864,-1.0378,-8.5246,2.9834,-6.9006,-2.7410,2.1072
707.00,-6.5530,-2.6501,2.1235,-1.0401,-8.5243,3.0224,-6.9018,-2.7390,2.1462
707.50,-6.5549,-2.6500,2.1597,-1.0419,-8.5241,3.0589,-6.9028,-2.7375,2.1827
708.00,-6.5563,-2.6500,2.1949,-1.0439,-8.5240,3.0948,-6.9040,-2.7359,2.2186
708.50,-6.5573,-2.6499,2.2292,-1.0443,-8.5240,3.1297,-6.9043,-2.7355,2.2535
709.00,-6.5578,-2.6498,2.2627,-1.0448,-8.5239,-3.1213,-6.9046,-2.7351,2.2857
709.50,-6.5579,-2.6498,2.2953,-1.0449,-8.5239,-3.0869,-6.9047,-2.7351,2.3200
710.00,-6.5578,-2.6500,2.3283,-1.0446,-8.5239,-3.0534,-6.9044,-2.7353,2.3536
710.50,-6.5577,-2.6501,2.3623,-1.0443,-8.5239,-3.0183,-6.9042,-2.7355,2.3886
711.00,-6.5574,-2.6501,2.3960,-1.0442,-8.5239,-2.9845,-6.9042,-2.7355,2.4225
711.50,-6.5572,-2.6500,2.4286,-1.0439,-8.5238,-2.9506,-6.9040,-2.7357,2.4563
712.00,-6.5571,-2.6503,2.4615,-1.0435,-8.5238,-2.9176,-6.9036,-2.7360,2.4894
712.50,-6.5570,-2.6510,2.4953,-1.0428,-8.5236,-2.8828,-6.9030,-2.7364,2.5242
713.00,-6.5570,-2.6521,2.5299,-1.0422,-8.5234,-2.8489,-6.9025,-2.7368,2.5580
713.50,-6.5569,-2.6536,2.5655,-1.0405,-8.5229,-2.8107,-6.9010,-2.7377,2.5962
714.00,-6.5569,-2.6557,2.6020,-1.0386,-8.5222,-2.7739,-6.8993,-2.7388,2.6331
714.50,-6.5568,-2.6582,2.6395,-1.0364,-8.5213,-2.7372,-6.8971,-2.7399,2.6697
715.00,-6.5568,-2.6611,2.6780,-1.0339,-8.5201,-2.6966,-6.8947,-2.7411,2.7103
715.50,-6.5568,-2.6646,2.7175,-1.0313,-8.5188,-2.6584,-6.8920,-2.7422,2.7486
716.00,-6.5567,-2.6685,2.7582,-1.0268,-8.5163,-2.6159,-6.8872,-2.7441,2.7910
716.50,-6.5567,-2.6729,2.8000,-1.0239,-8.5146,-2.5751,-6.8840,-2.7452,2.8319
717.00,-6.5566,-2.6778,2.8431,-1.0195,-8.5116,-2.5315,-6.8789,-2.7467,2.8755
717.50,-6.5566,-2.6832,2.8874,-1.0156,-8.5088,-2.4850,-6.8742,-2.7479,2.9219
718.00,-6.5566,-2.6891,2.9331,-1.0114,-8.5054,-2.4389,-6.8689,-2.7489,2.9681
718.50,-6.5566,-2.6954,2.9803,-1.0060,-8.5006,-2.3910,-6.8618,-2.7500,3.0160
719.00,-6.5565,-2.7023,3.0291,-1.0008,-8.4954,-2.3413,-6.8545,-2.7507,3.0657
719.50,-6.5565,-2.7096,3.0797,-0.9966,-8.4909,-2.2917,-6.8484,-2.7511,3.1153
720.00,-6.5565,-2.7174,3.1323,-0.9918,-8.4852,-2.2392,-6.9059,-2.8154,-3.1346
720.50,-6.5565,-2.7253,-3.0977,-0.9942,-8.4886,-2.1832,-6.9101,-2.8156,-3.0786
721.00,-6.5565,-2.7328,-3.0465,-0.9989,-8.4956,-2.1320,-6.9184,-2.8163,-3.0274
721.50,-6.5565,-2.7356,-3.0124,-1.0001,-8.4975,-2.0970,-6.9207,-2.8166,-2.9924
722.00,-6.5566,-2.7422,-2.9641,-1.0030,-8.5029,-2.0466,-6.9267,-2.8177,-2.9420
722.50,-6.5566,-2.7484,-2.9174,-1.0059,-8.5088,-1.9997,-6.9331,-2.8191,-2.8951
723.00,-6.5566,-2.7541,-2.8722,-1.0080,-8.5136,-1.9543,-6.9382,-2.8205,-2.8498
723.50,-6.5566,-2.7593,-2.8283,-1.0095,-8.5176,-1.9116,-6.9423,-2.8218,-2.8070
724.00,-6.5567,-2.7640,-2.7857,-1.0108,-8.5215,-1.8665,-6.9461,-2.8232,-2.7619
724.50,-6.5567,-2.7683,-2.7442,-1.0117,-8.5245,-1.8245,-6.9490,-2.8244,-2.7199
725.00,-6.5568,-2.7720,-2.7040,-1.0124,-8.5276,-1.7838,-6.9519,-2.8258,-2.6792
725.50,-6.5568,-2.7753,-2.6648,-1.0130,-8.5306,-1.7438,-6.9546,-2.8272,-2.6392
726.00,-6.5569,-2.7781,-2.6266,-1.0135,-8.5334,-1.7049,-6.9571,-2.8286,-2.6003
726.50,-6.5678,-2.7849,-2.5685,-1.0149,-8.5472,-1.6500,-6.9236,-2.8873,-2.5541
727.00,-6.6268,-2.8241,-2.5130,-1.0185,-8.6242,-1.5949,-6.9864,-2.9320,-2.4990
727.50,-6.7252,-2.8996,-2.4525,-1.0182,-8.7522,-1.5340,-7.0870,-3.0112,-2.4329
728.00,-6.8229,-2.9854,-2.4022,-1.0096,-8.8803,-1.4830,-7.1719,-3.0976,-2.3819
728.50,-6.9183,-3.0737,-2.3961,-0.9966,-9.0164,-1.4762,-7.2704,-3.1878,-2.3768
729.00,-7.0163,-3.1590,-2.4523,-0.9878,-9.1468,-1.5320,-7.3616,-3.2757,-2.4326
729.50,-7.1167,-3.2416,-2.4390,-0.9828,-9.2750,-1.5197,-7.4635,-3.3592,-2.4221
730.00,-7.2115,-3.3300,-2.3391,-0.9689,-9.4164,-1.4191,-7.5657,-3.4480,-2.3250
730.50,-7.2987,-3.4259,-2.2857,-0.9453,-9.5435,-1.3649,-7.6413,-3.5447,-2.2638
731.00,-7.3855,-3.5231,-2.3417,-0.9217,-9.6658,-1.4151,-7.7221,-3.6395,-2.3162
731.50,-7.4807,-3.6121,-2.4231,-0.9066,-9.8053,-1.5000,-7.8219,-3.7381,-2.4059
732.00,-7.5783,-3.6979,-2.4028,-0.8968,-9.9356,-1.4779,-7.9183,-3.8181,-2.3844
732.50,-7.6720,-3.7876,-2.3603,-0.8820,-10.0639,-1.4355,-8.0103,-3.9108,-2.3427
733.00,-7.7649,-3.8786,-2.3736,-0.8642,-10.1994,-1.4477,-8.0979,-4.0044,-2.3542
733.50,-7.8577,-3.9695,-2.3557,-0.8472,-10.3281,-1.4297,-8.1911,-4.0927,-2.3373
734.00,-7.9464,-4.0640,-2.2793,-0.8234,-10.4621,-1.3532,-8.2821,-4.1940,-2.2643
734.50,-8.0265,-4.1680,-2.1310,-0.7855,-10.5910,-1.2049,-8.3607,-4.3029,-2.1160
735.00,-8.0974,-4.2830,-1.9760,-0.7275,-10.7136,-1.0487,-8.4219,-4.4239,-1.9591
735.50,-8.1516,-4.4044,-1.8982,-0.6554,-10.8278,-0.9721,-8.4782,-4.5408,-1.8797
736.00,-8.1951,-4.5292,-1.8108,-0.5699,-10.9412,-0.8843,-8.5152,-4.6680,-1.7960
736.50,-8.2268,-4.6557,-1.8056,-0.4803,-11.0492,-0.8819,-8.5557,-4.8050,-1.7930
737.00,-8.2569,-4.7822,-1.8051,-0.3960,-11.1517,-0.8815,-8.5851,-4.9244,-1.7926
737.50,-8.2930,-4.9081,-1.8529,-0.3162,-11.2519,-0.9252,-8.6055,-5.0488,-1.8328
738.00,-8.3339,-5.0258,-1.8941,-0.2396,-11.3611,-0.9716,-8.6543,-5.1664,-1.8827
738.50,-8.3633,-5.1043,-1.7717,-0.1933,-11.4237,-0.8527,-8.6752,-5.2414,-1.7638
739.00,-8.3843,-5.1891,-1.4670,-0.1288,-11.4793,-0.5512,-8.6899,-5.3263,-1.4588
739.50,-8.3860,-5.3052,-1.1904,-0.0232,-11.5253,-0.2742,-8.6716,-5.4377,-1.1748
740.00,-8.3407,-5.4213,-1.0421,0.0979,-11.5488,-0.1232,-8.6443,-5.5570,-1.0308
740.50,-8.2738,-5.5312,-0.9638,0.2304,-11.5606,-0.0446,-8.5821,-5.6687,-0.9487
741.00,-8.2071,-5.6217,-0.9129,0.3449,-11.5623,0.0079,-8.5227,-5.7599,-0.8962
741.50,-8.1743,-5.6624,-0.8794,0.3997,-11.5608,0.0417,-8.4871,-5.8016,-0.8694
742.00,-8.1720,-5.6651,-0.8468,0.4038,-11.5607,0.0749,-8.4845,-5.8047,-0.8362
742.50,-8.1721,-5.6649,-0.8138,0.4034,-11.5607,0.1079,-8.4848,-5.8045,-0.8032
743.00,-8.1722,-5.6647,-0.7798,0.4031,-11.5608,0.1422,-8.4850,-5.8043,-0.7689
743.50,-8.1725,-5.6648,-0.7460,0.4028,-11.5609,0.1764,-8.4852,-5.8041,-0.7347
744.00,-8.1728,-5.6649,-0.7134,0.4024,-11.5610,0.2097,-8.4856,-5.8039,-0.7014
744.50,-8.1728,-5.6646,-0.6805,0.4025,-11.5610,0.2433,-8.4855,-5.8039,-0.6678
745.00,-8.1729,-5.6640,-0.6468,0.4018,-11.5612,0.2767,-8.4861,-5.8034,-0.6344
745.50,-8.1729,-5.6628,-0.6122,0.4005,-11.5616,0.3130,-8.4872,-5.8027,-0.5981
746.00,-8.1730,-5.6613,-0.5766,0.3992,-11.5620,0.3493,-8.4883,-5.8020,-0.5618
746.50,-8.1730,-5.6593,-0.5401,0.3972,-11.5627,0.3862,-8.4902,-5.8008,-0.5249
747.00,-8.1731,-5.6568,-0.5026,0.3952,-11.5636,0.4240,-8.4921,-5.7997,-0.4872
747.50,-8.1731,-5.6538,-0.4642,0.3932,-11.5646,0.4622,-8.4941,-5.7987,-0.4489
748.00,-8.1732,-5.6504,-0.4246,0.3898,-11.5664,0.5022,-8.4976,-5.7971,-0.4089
748.50,-8.1732,-5.6465,-0.3840,0.3864,-11.5683,0.5432,-8.5012,-5.7957,-0.3679
749.00,-8.1732,-5.6421,-0.3422,0.3828,-11.5706,0.5838,-8.5052,-5.7942,-0.3273
749.50,-8.1733,-5.6372,-0.2992,0.3787,-11.5734,0.6287,-8.5099,-5.7927,-0.2824
750.00,-8.1733,-5.6318,-0.2548,0.3744,-11.5767,0.6730,-8.5152,-5.7913,-0.2381
750.50,-8.1733,-5.6259,-0.2091,0.3696,-11.5806,0.7196,-8.5212,-5.7900,-0.1915
751.00,-8.1734,-5.6196,-0.1620,0.3641,-11.5857,0.7672,-8.5286,-5.7887,-0.1439
751.50,-8.1734,-5.6127,-0.1132,0.3595,-11.5904,0.8164,-8.5351,-5.7880,-0.0947
752.00,-8.1734,-5.6054,-0.0626,0.3551,-11.5953,0.8673,-8.5418,-5.7875,-0.0438
752.50,-8.1734,-5.5976,-0.0101,0.3509,-11.6006,0.9203,-8.5485,-5.7874,0.0092
753.00,-8.1734,-5.5897,0.0431,0.3544,-11.5956,0.9740,-8.5424,-5.7871,0.0628
753.50,-8.1734,-5.5822,0.0944,0.3582,-11.5896,1.0239,-8.5353,-5.7865,0.1128
754.00,-8.1734,-5.5752,0.1439,0.3616,-11.5839,1.0762,-8.5287,-5.7856,0.1650
754.50,-8.1733,-5.5687,0.1916,0.3649,-11.5772,1.1246,-8.5214,-5.7842,0.2135
755.00,-8.1733,-5.5626,0.2379,0.3672,-11.5723,1.1720,-8.5161,-5.7829,0.2609
755.50,-8.1733,-5.5570,0.2827,0.3695,-11.5662,1.2168,-8.5099,-5.7811,0.3057
756.00,-8.1733,-5.5520,0.3262,0.3711,-11.5618,1.2592,-8.5054,-5.7796,0.3481
756.50,-8.1732,-5.5474,0.3685,0.3725,-11.5571,1.3035,-8.5009,-5.7778,0.3924
757.00,-8.1732,-5.5433,0.4095,0.3737,-11.5524,1.3451,-8.4964,-5.7759,0.4340
757.50,-8.1731,-5.5397,0.4495,0.3744,-11.5488,1.3836,-8.4931,-5.7743,0.4725
758.00,-8.1731,-5.5365,0.4884,0.3749,-11.5458,1.4242,-8.4905,-5.7729,0.5131
758.50,-8.1730,-5.5339,0.5262,0.3752,-11.5437,1.4628,-8.4886,-5.7718,0.5517
759.00,-8.1730,-5.5317,0.5631,0.3754,-11.5419,1.5005,-8.4871,-5.7708,0.5894
759.50,-8.1729,-5.5299,0.5990,0.3755,-11.5398,1.5375,-8.4853,-5.7696,0.6263
760.00,-8.1729,-5.5287,0.6339,0.3755,-11.5389,1.5729,-8.4846,-5.7691,0.6618
760.50,-8.1728,-5.5278,0.6680,0.3755,-11.5379,1.6060,-8.4838,-5.7684,0.6948
761.00,-8.1728,-5.5274,0.7012,0.3755,-11.5375,1.6414,-8.4836,-5.7682,0.7303
761.50,-8.1728,-5.5274,0.7337,0.3755,-11.5376,1.6746,-8.4836,-5.7682,0.7635
762.00,-8.1728,-5.5274,0.7433,0.3755,-11.5376,1.6845,-8.4836,-5.7682,0.7734
762.50,-8.1728,-5.5274,0.7433,0.3755,-11.5376,1.6845,-8.4836,-5.7682,0.7734
763.00,-8.1728,-5.5274,0.7433,0.3755,-11.5376,1.6847,-8.4836,-5.7682,0.7736
763.50,-8.1728,-5.5274,0.7433,0.3755,-11.5376,1.6855,-8.4836,-5.7682,0.7744
764.00,-8.1730,-5.5275,0.7602,0.3755,-11.5377,1.7020,-8.4837,-5.7683,0.7909
764.50,-8.1731,-5.5275,0.7944,0.3755,-11.5378,1.7379,-8.4837,-5.7684,0.8268
765.00,-8.1730,-5.5279,0.8280,0.3756,-11.5382,1.7718,-8.4840,-5.7687,0.8607
765.50,-8.1730,-5.5281,0.8605,0.3756,-11.5382,1.8040,-8.4840,-5.7687,0.8929
766.00,-8.1732,-5.5282,0.8935,0.3757,-11.5385,1.8371,-8.4842,-5.7690,0.9260
766.50,-8.1740,-5.5282,0.9273,0.3758,-11.5389,1.8730,-8.4844,-5.7693,0.9619
767.00,-8.1751,-5.5283,0.9620,0.3760,-11.5395,1.9080,-8.4848,-5.7698,0.9969
767.50,-8.1767,-5.5283,0.9977,0.3765,-11.5409,1.9428,-8.4856,-5.7711,1.0317
768.00,-8.1788,-5.5284,1.0343,0.3774,-11.5430,1.9817,-8.4867,-5.7731,1.0706
768.50,-8.1813,-5.5284,1.0718,0.3787,-11.5459,2.0199,-8.4882,-5.7759,1.1087
769.00,-8.1843,-5.5285,1.1104,0.3803,-11.5490,2.0590,-8.4897,-5.7790,1.1478
769.50,-8.1878,-5.5285,1.1501,0.3824,-11.5529,2.0994,-8.4914,-5.7831,1.1882
770.00,-8.1918,-5.5286,1.1908,0.3847,-11.5566,2.1410,-8.4930,-5.7871,1.2299
770.50,-8.1962,-5.5286,1.2327,0.3879,-11.5614,2.1836,-8.4948,-5.7927,1.2725
771.00,-8.2012,-5.5286,1.2759,0.3904,-11.5647,2.2275,-8.4959,-5.7966,1.3164
771.50,-8.2066,-5.5287,1.3203,0.3944,-11.5697,2.2722,-8.4974,-5.8029,1.3611
772.00,-8.2125,-5.5287,1.3662,0.3984,-11.5742,2.3186,-8.4985,-5.8088,1.4075
772.50,-8.2189,-5.5287,1.4135,0.4044,-11.5804,2.3662,-8.4997,-5.8173,1.4551
773.00,-8.2258,-5.5287,1.4625,0.4092,-11.5848,2.4155,-8.5267,-5.6730,1.4730
773.50,-8.2331,-5.5287,1.5132,0.4137,-11.5887,2.4667,-8.5272,-5.6789,1.5242
774.00,-8.2410,-5.5288,1.5659,0.4211,-11.5943,2.5196,-8.5273,-5.6882,1.5771
774.50,-8.2489,-5.5287,1.6190,0.4176,-11.5919,2.5737,-8.5275,-5.6839,1.6312
775.00,-8.2563,-5.5287,1.6701,0.4103,-11.5875,2.6245,-8.5282,-5.6755,1.6820
775.50,-8.2678,-5.5017,1.7951,0.3842,-11.5747,2.7400,-8.5332,-5.6468,1.7975
776.00,-8.2910,-5.4152,1.9109,0.3007,-11.5458,2.8569,-8.5991,-5.5539,1.9201
776.50,-8.3320,-5.2996,1.9231,0.1778,-11.5122,2.8724,-8.6454,-5.4331,1.9403
777.00,-8.3665,-5.2223,1.7727,0.0965,-11.4853,2.7281,-8.6794,-5.3520,1.7897
777.50,-8.3925,-5.1282,1.4542,0.0167,-11.4339,2.4110,-8.6972,-5.2674,1.4684
778.00,-8.3904,-5.0043,1.2303,-0.0647,-11.3405,2.1855,-8.6897,-5.1368,1.2395
778.50,-8.3482,-4.8836,1.1752,-0.1360,-11.2311,2.1296,-8.6706,-5.0168,1.1836
779.00,-8.3032,-4.7625,1.2239,-0.2079,-11.1222,2.1799,-8.6260,-4.8931,1.2374
779.50,-8.2653,-4.6392,1.2939,-0.2825,-11.0207,2.2483,-8.5877,-4.7732,1.3076
780.00,-8.2336,-4.5133,1.3172,-0.3691,-10.9184,2.2738,-8.5610,-4.6431,1.3357
780.50,-8.1953,-4.3887,1.2611,-0.4538,-10.8112,2.2149,-8.5247,-4.5196,1.2736
781.00,-8.1534,-4.2651,1.2396,-0.5312,-10.7070,2.1948,-8.4861,-4.3975,1.2531
781.50,-8.1036,-4.1433,1.1881,-0.6058,-10.5971,2.1434,-8.4410,-4.2725,1.2053
782.00,-8.0466,-4.0241,1.1309,-0.6799,-10.4744,2.0856,-8.3797,-4.1470,1.1486
782.50,-7.9873,-3.9074,1.1073,-0.7424,-10.3603,2.0617,-8.3248,-4.0387,1.1230
783.00,-7.9294,-3.7909,1.1040,-0.8066,-10.2414,2.0600,-8.2645,-3.9168,1.1212
783.50,-7.8675,-3.6757,1.0832,-0.8686,-10.1210,2.0381,-8.2076,-3.8040,1.1011
784.00,-7.8111,-3.5593,1.1292,-0.9297,-10.0074,2.0869,-8.1531,-3.6851,1.1482
784.50,-7.7514,-3.4426,1.0906,-0.9956,-9.8870,2.0471,-8.0946,-3.5609,1.1097
785.00,-7.6846,-3.3289,1.0395,-1.0523,-9.7697,1.9970,-8.0335,-3.4545,1.0583
785.50,-7.6158,-3.2178,1.0174,-1.1071,-9.6444,1.9737,-7.9649,-3.3362,1.0332
786.00,-7.5516,-3.1054,1.0843,-1.1630,-9.5233,2.0419,-7.9004,-3.2241,1.1014
786.50,-7.4921,-2.9899,1.0821,-1.2234,-9.4067,2.0392,-7.8453,-3.1105,1.1001
787.00,-7.4251,-2.8775,1.0069,-1.2813,-9.2800,1.9627,-7.7780,-2.9897,1.0240
787.50,-7.3509,-2.7694,0.9632,-1.3275,-9.1608,1.9202,-7.7092,-2.8920,0.9808
788.00,-7.2787,-2.6617,1.0134,-1.3768,-9.0306,1.9698,-7.6371,-2.7751,1.0299
788.50,-7.2141,-2.5494,1.0595,-1.4331,-8.9072,2.0148,-7.5715,-2.6620,1.0760
789.00,-7.1518,-2.4356,1.0628,-1.4887,-8.7930,2.0200,-7.5124,-2.5507,1.0801
789.50,-7.0826,-2.3236,1.0060,-1.5428,-8.6727,1.9621,-7.4445,-2.4359,1.0234
790.00,-7.0074,-2.2158,0.9508,-1.5897,-8.5495,1.9070,-7.3755,-2.3252,0.9683
790.50,-6.9292,-2.1113,0.9219,-1.6335,-8.4172,1.8787,-7.2938,-2.2199,0.9388
791.00,-6.8502,-2.0079,0.9174,-1.6723,-8.2950,1.8758,-7.2280,-2.1184,0.9359
791.50,-6.7692,-1.9060,0.8762,-1.7099,-8.1682,1.8352,-7.1380,-2.0130,0.8941
792.00,-6.6827,-1.8084,0.7987,-1.7418,-8.0336,1.7587,-7.0513,-1.9079,0.8165
792.50,-6.5866,-1.7205,0.7040,-1.7589,-7.9054,1.6627,-6.9687,-1.8287,0.7216
793.00,-6.4862,-1.6382,0.6770,-1.7688,-7.7798,1.6379,-6.8700,-1.7454,0.6943
793.50,-6.3891,-1.5566,0.7416,-1.7805,-7.6450,1.7018,-6.7647,-1.6568,0.7571
794.00,-6.3163,-1.4800,0.9269,-1.8029,-7.5410,1.8877,-6.6968,-1.5775,0.9430
794.50,-6.2609,-1.4052,1.1697,-1.8421,-7.4553,2.1301,-6.6535,-1.4971,1.1865
795.00,-6.2145,-1.3041,1.4607,-1.9097,-7.3728,2.4071,-6.6094,-1.4006,1.4635
795.50,-6.1829,-1.1824,1.7624,-2.0300,-7.2956,2.7223,-6.5972,-1.2678,1.7811
796.00,-6.1999,-1.0573,1.9065,-2.1517,-7.2535,2.8679,-6.6028,-1.1520,1.9267
796.50,-6.2391,-0.9366,2.0090,-2.2720,-7.2244,2.9650,-6.6371,-1.0377,2.0202
797.00,-6.2934,-0.8218,2.0934,-2.4021,-7.2083,3.0556,-6.6888,-0.9228,2.1108
797.50,-6.3613,-0.7107,2.1483,-2.5309,-7.1998,3.1084,-6.7508,-0.8100,2.1614
798.00,-6.4380,-0.6043,2.2231,-2.6694,-7.2002,-3.0981,-6.8321,-0.7008,2.2392
798.50,-6.5206,-0.5032,2.2710,-2.8027,-7.2095,-3.0495,-6.9224,-0.6045,2.2901
799.00,-6.6036,-0.4033,2.2450,-2.9292,-7.2204,-3.0742,-6.9987,-0.5087,2.2645
799.50,-6.6810,-0.2996,2.1971,-3.0602,-7.2258,-3.1204,-7.0851,-0.4009,2.2157
800.00,-6.7575,-0.1945,2.2168,-3.1901,-7.2289,-3.1009,-7.1583,-0.2966,2.2324
800.50,-6.8397,-0.0934,2.2757,-3.3271,-7.2392,-3.0413,-7.2494,-0.1921,2.2929
801.00,-6.9245,0.0051,2.2934,-3.4553,-7.2528,-3.0258,-7.3254,-0.1030,2.3086
801.50,-7.0123,0.1007,2.3251,-3.5814,-7.2698,-2.9948,-7.4208,-0.0079,2.3395
802.00,-7.1010,0.1959,2.3190,-3.7248,-7.2905,-2.9996,-7.5188,0.0944,2.3365
802.50,-7.1896,0.2910,2.3216,-3.8559,-7.3093,-2.9988,-7.5948,0.1829,2.3368
803.00,-7.2777,0.3868,2.2955,-3.9873,-7.3273,-3.0240,-7.6961,0.2791,2.3116
803.50,-7.3596,0.4883,2.1906,-4.1184,-7.3363,-3.1263,-7.7800,0.3803,2.2094
804.00,-7.4341,0.5952,2.1822,-4.2539,-7.3361,-3.1399,-7.8588,0.4804,2.1958
804.50,-7.5137,0.6975,2.2996,-4.3899,-7.3430,-3.0203,-7.9357,0.5868,2.3154
805.00,-7.6072,0.7867,2.4532,-4.5158,-7.3687,-2.8690,-8.0320,0.6740,2.4667
805.50,-7.6995,0.8588,2.4911,-4.6330,-7.4054,-2.8253,-8.1261,0.7383,2.5139
806.00,-7.7454,0.8952,2.4578,-4.6927,-7.4241,-2.8595,-8.1867,0.7850,2.4727
806.50,-7.7501,0.8992,2.4250,-4.6998,-7.4261,-2.8914,-8.1925,0.7896,2.4408
807.00,-7.7503,0.8991,2.3923,-4.7000,-7.4262,-2.9235,-8.1927,0.7897,2.4086
807.50,-7.7507,0.8990,2.3585,-4.7004,-7.4262,-2.9570,-8.1930,0.7899,2.3752
808.00,-7.7507,0.8992,2.3245,-4.7006,-7.4263,-2.9912,-8.1932,0.7901,2.3410
808.50,-7.7508,0.8994,2.2917,-4.7007,-7.4263,-3.0234,-8.1932,0.7902,2.3088
809.00,-7.7507,0.8993,2.2590,-4.7006,-7.4263,-3.0555,-8.1931,0.7900,2.2766
809.50,-7.7501,0.8993,2.2255,-4.6999,-7.4263,-3.0880,-8.1927,0.7895,2.2442
810.00,-7.7491,0.8992,2.1910,-4.6992,-7.4262,-3.1227,-8.1923,0.7890,2.2094
810.50,-7.7476,0.8992,2.1557,-4.6975,-7.4262,3.1252,-8.1913,0.7876,2.1742
811.00,-7.7457,0.8991,2.1194,-4.6954,-7.4263,3.0888,-8.1901,0.7858,2.1378
811.50,-7.7433,0.8991,2.0822,-4.6926,-7.4265,3.0519,-8.1887,0.7835,2.1009
812.00,-7.7405,0.8990,2.0439,-4.6901,-7.4268,3.0143,-8.1874,0.7812,2.0633
812.50,-7.7371,0.8990,2.0046,-4.6875,-7.4272,2.9770,-8.1863,0.7789,2.0260
813.00,-7.7333,0.8989,1.9642,-4.6832,-7.4280,2.9353,-8.1844,0.7749,1.9843
813.50,-7.7318,0.9151,1.8789,-4.6973,-7.4244,2.8557,-8.1897,0.7885,1.9046
814.00,-7.7255,0.9912,1.6512,-4.7656,-7.3955,2.6328,-8.2058,0.8609,1.6818
814.50,-7.7114,1.1177,1.5306,-4.8717,-7.3252,2.5112,-8.1406,0.9978,1.5498
815.00,-7.7095,1.2476,1.5980,-4.9820,-7.2485,2.5817,-8.1409,1.1421,1.6167
815.50,-7.7140,1.3683,1.5970,-5.0922,-7.1813,2.5834,-8.1486,1.2610,1.6184
816.00,-7.7126,1.4329,1.5452,-5.1521,-7.1422,2.5358,-8.1609,1.3325,1.5674
816.50,-7.7058,1.4419,1.4941,-5.1639,-7.1337,2.4867,-8.1512,1.3369,1.5148
817.00,-7.6986,1.4419,1.4441,-5.1695,-7.1292,2.4373,-8.1506,1.3441,1.4654
817.50,-7.6919,1.4419,1.3957,-5.1749,-7.1245,2.3909,-8.1498,1.3513,1.4190
818.00,-7.6857,1.4419,1.3490,-5.1797,-7.1198,2.3428,-8.1186,1.3379,1.3709
818.50,-7.6799,1.4420,1.3036,-5.1827,-7.1166,2.2979,-8.1177,1.3421,1.3259
819.00,-7.6747,1.4420,1.2597,-5.1858,-7.1130,2.2547,-8.1164,1.3467,1.2827
819.50,-7.6699,1.4420,1.2170,-5.1889,-7.1091,2.2121,-8.1149,1.3515,1.2402
820.00,-7.6657,1.4421,1.1755,-5.1918,-7.1050,2.1708,-8.1132,1.3562,1.1989
820.50,-7.6627,1.4421,1.1445,-5.1938,-7.1020,2.1380,-8.1118,1.3595,1.1660
821.00,-7.6657,1.4421,1.1824,-5.1926,-7.1038,2.1753,-8.1127,1.3575,1.2034
821.50,-7.6701,1.4420,1.2240,-5.1896,-7.1080,2.2192,-8.1144,1.3527,1.2472
822.00,-7.6749,1.4420,1.2669,-5.1853,-7.1134,2.2619,-8.1164,1.3461,1.2899
822.50,-7.6802,1.4420,1.3111,-5.1826,-7.1166,2.3063,-8.1175,1.3420,1.3344
823.00,-7.6863,1.4586,1.4037,-5.1926,-7.1065,2.3912,-8.1149,1.3560,1.4192
823.50,-7.7013,1.5361,1.5895,-5.2566,-7.0584,2.5774,-8.1112,1.4359,1.6055
824.00,-7.7107,1.6626,1.6003,-5.3674,-6.9915,2.5896,-8.1483,1.5551,1.6211
824.50,-7.7094,1.7924,1.4590,-5.4722,-6.9169,2.4433,-8.1463,1.6838,1.4748
825.00,-7.6961,1.9213,1.4526,-5.5716,-6.8307,2.4363,-8.1414,1.8145,1.4678
825.50,-7.6863,2.0509,1.6296,-5.6821,-6.7500,2.6148,-8.1377,1.9512,1.6463
826.00,-7.6911,2.1792,1.7225,-5.8020,-6.6895,2.7087,-8.1556,2.0743,1.7437
826.50,-7.7043,2.2938,1.6303,-5.9105,-6.6359,2.6284,-8.1532,2.1941,1.6634
827.00,-7.7078,2.4237,1.5116,-6.0261,-6.5583,2.4979,-8.1558,2.3231,1.5259
827.50,-7.7039,2.5536,1.5811,-6.1264,-6.4862,2.5652,-8.1628,2.4366,1.5932
828.00,-7.7075,2.6835,1.5994,-6.2434,-6.4150,2.5910,-8.1699,2.5752,1.6190
828.50,-7.7055,2.8135,1.5521,-6.3579,-6.3399,2.5408,-8.1724,2.7104,1.5688
829.00,-7.7017,2.9435,1.5491,-6.4683,-6.2634,2.5347,-8.1614,2.8447,1.5628
829.50,-7.7036,3.0735,1.5833,-6.5787,-6.1906,2.5725,-8.1735,2.9669,1.6006
830.00,-7.7001,3.2034,1.5420,-6.6932,-6.1134,2.5292,-8.1743,3.1049,1.5573
830.50,-7.6959,3.3334,1.5411,-6.7991,-6.0387,2.5286,-8.1723,3.2246,1.5567
831.00,-7.6945,3.4505,1.5720,-6.9018,-5.9677,2.5577,-8.1716,3.3494,1.5858
831.50,-7.6994,3.5088,1.6237,-6.9532,-5.9352,2.6067,-8.1737,3.4002,1.6347
832.00,-7.7066,3.5147,1.6742,-6.9648,-5.9286,2.6603,-8.1748,3.4134,1.6884
832.50,-7.7135,3.5148,1.7233,-6.9710,-5.9255,2.7095,-8.1757,3.4203,1.7376
833.00,-7.7200,3.5148,1.7708,-6.9763,-5.9232,2.7576,-8.1968,3.4160,1.7856
833.50,-7.7259,3.5148,1.8168,-6.9827,-5.9207,2.8041,-8.1984,3.4227,1.8321
834.00,-7.7314,3.5148,1.8614,-6.9884,-5.9188,2.8471,-8.2000,3.4284,1.8751
834.50,-7.7364,3.5149,1.9047,-6.9929,-5.9175,2.8922,-8.2015,3.4329,1.9203
835.00,-7.7409,3.5149,1.9467,-6.9976,-5.9164,2.9346,-8.2032,3.4374,1.9626
835.50,-7.7449,3.5150,1.9876,-7.0023,-5.9156,2.9757,-8.2051,3.4417,2.0037
836.00,-7.7484,3.5150,2.0273,-7.0053,-5.9151,3.0159,-8.2065,3.4445,2.0439
836.50,-7.7515,3.5150,2.0660,-7.0086,-5.9148,3.0549,-8.2080,3.4474,2.0830
837.00,-7.7541,3.5151,2.1037,-7.0114,-5.9146,3.0934,-8.2095,3.4498,2.1214
837.50,-7.7562,3.5151,2.1404,-7.0137,-5.9145,3.1291,-8.2107,3.4518,2.1571
838.00,-7.7578,3.5152,2.1761,-7.0158,-5.9145,-3.1164,-8.2325,3.4131,2.1914
838.50,-7.7590,3.5153,2.2109,-7.0164,-5.9145,-3.0823,-8.2329,3.4137,2.2254
839.00,-7.7598,3.5153,2.2448,-7.0176,-5.9146,-3.0469,-8.2336,3.4145,2.2609
839.50,-7.7601,3.5154,2.2779,-7.0181,-5.9147,-3.0150,-8.2339,3.4149,2.2928
840.00,-7.7601,3.5153,2.3104,-7.0181,-5.9147,-2.9810,-8.2339,3.4149,2.3268
840.50,-7.7600,3.5150,2.3439,-7.0177,-5.9146,-2.9492,-8.2336,3.4147,2.3585
841.00,-7.7598,3.5151,2.3780,-7.0178,-5.9146,-2.9134,-8.2337,3.4147,2.3944
841.50,-7.7594,3.5151,2.4112,-7.0173,-5.9145,-2.8799,-8.2333,3.4144,2.4279
842.00,-7.7594,3.5151,2.4437,-7.0172,-5.9145,-2.8469,-8.2332,3.4143,2.4609
842.50,-7.7593,3.5147,2.4770,-7.0168,-5.9144,-2.8133,-8.2329,3.4141,2.4945
843.00,-7.7593,3.5138,2.5112,-7.0161,-5.9141,-2.7805,-8.2323,3.4136,2.5272
843.50,-7.7592,3.5124,2.5463,-7.0146,-5.9135,-2.7436,-8.2310,3.4127,2.5641
844.00,-7.7591,3.5107,2.5823,-7.0125,-5.9126,-2.7080,-8.2290,3.4115,2.5998
844.50,-7.7591,3.5084,2.6192,-7.0106,-5.9117,-2.6705,-8.2272,3.4104,2.6373
845.00,-7.7590,3.5057,2.6572,-7.0078,-5.9101,-2.6321,-8.2244,3.4090,2.6757
845.50,-7.7590,3.5025,2.6961,-7.0054,-5.9087,-2.5936,-8.2219,3.4078,2.7141
846.00,-7.7590,3.4989,2.7362,-7.0011,-5.9059,-2.5533,-8.2171,3.4057,2.7545
846.50,-7.7589,3.4947,2.7774,-6.9968,-5.9030,-2.5122,-8.2123,3.4039,2.7955
847.00,-7.7589,3.4901,2.8198,-6.9932,-5.9003,-2.4691,-8.2080,3.4025,2.8386
847.50,-7.7588,3.4849,2.8634,-6.9888,-5.8966,-2.4268,-8.2025,3.4009,2.8809
848.00,-7.7711,3.4796,2.9426,-6.9950,-5.9026,-2.3522,-8.2110,3.4026,2.9555
848.50,-7.8421,3.4664,3.1242,-7.0405,-5.9590,-2.1718,-8.2831,3.4086,3.1360
849.00,-7.9661,3.4597,-3.1285,-7.1068,-6.0616,-2.1392,-8.4453,3.3565,-3.1076
849.50,-8.0887,3.4640,3.0155,-7.1813,-6.1659,-2.2748,-8.5734,3.3485,3.0329
850.00,-8.2137,3.4780,2.7842,-7.2710,-6.2488,-2.5104,-8.6923,3.3762,2.7973
850.50,-8.3328,3.5213,2.6956,-7.3801,-6.3198,-2.6004,-8.8122,3.4089,2.7102
851.00,-8.4509,3.5745,2.7561,-7.4910,-6.3890,-2.5405,-8.9317,3.4599,2.7708
851.50,-8.5736,3.6189,2.8618,-7.5993,-6.4718,-2.4334,-9.0612,3.4942,2.8749
852.00,-8.7000,3.6533,2.9288,-7.6975,-6.5642,-2.3629,-9.1828,3.5321,2.9483
852.50,-8.8261,3.6860,2.8516,-7.7925,-6.6520,-2.4396,-9.3089,3.5607,2.8687
853.00,-8.9490,3.7278,2.7651,-7.9022,-6.7371,-2.5271,-9.4409,3.6038,2.7806
853.50,-9.0686,3.7786,2.7263,-8.0122,-6.8104,-2.5672,-9.5617,3.6534,2.7377
854.00,-9.1889,3.8266,2.7997,-8.1171,-6.8830,-2.4910,-9.6722,3.7000,2.8168
854.50,-9.3120,3.8687,2.8111,-8.2184,-6.9621,-2.4815,-9.7946,3.7359,2.8263
855.00,-9.4355,3.9067,2.8402,-8.3207,-7.0439,-2.4522,-9.9249,3.7739,2.8573
855.50,-9.5604,3.9390,2.8728,-8.4191,-7.1287,-2.4164,-10.0503,3.8078,2.8925
856.00,-9.6853,3.9777,2.8470,-8.5157,-7.2125,-2.4407,-10.1640,3.8401,2.8618
856.50,-9.8083,4.0238,2.7569,-8.6163,-7.2915,-2.5291,-10.2938,3.8798,2.7769
857.00,-9.9234,4.0785,2.5663,-8.7250,-7.3545,-2.7218,-10.4087,3.9344,2.5807
857.50,-10.0238,4.1519,2.3830,-8.8434,-7.3968,-2.8957,-10.5135,4.0092,2.4069
858.00,-10.1023,4.2405,2.1692,-8.9694,-7.4149,-3.1171,-10.5947,4.1039,2.1854
858.50,-10.1674,4.3525,1.9566,-9.0998,-7.4045,2.9542,-10.6589,4.2081,1.9742
859.00,-10.2233,4.4769,1.7380,-9.2365,-7.3625,2.7344,-10.7103,4.3450,1.7537
859.50,-10.2496,4.6060,1.6579,-9.3521,-7.3054,2.6530,-10.7451,4.4528,1.6752
860.00,-10.2570,4.7357,1.6184,-9.4639,-7.2427,2.6107,-10.7574,4.5906,1.6336
860.50,-10.2678,4.8652,1.7031,-9.5779,-7.1812,2.7002,-10.7698,4.7113,1.7293
861.00,-10.2877,4.9929,1.8340,-9.6961,-7.1322,2.8260,-10.8060,4.8448,1.8523
861.50,-10.3195,5.1129,1.9095,-9.8230,-7.0981,2.9101,-10.8391,4.9589,1.9370
862.00,-10.3488,5.1874,1.8443,-9.9071,-7.0767,2.8473,-10.8684,5.0406,1.8771
862.50,-10.3572,5.2054,1.7994,-9.9272,-7.0704,2.8064,-10.8668,5.0600,1.8223
863.00,-10.3541,5.2054,1.7529,-9.9239,-7.0717,2.7600,-10.8661,5.0566,1.7759
863.50,-10.3474,5.2054,1.7048,-9.9184,-7.0741,2.7119,-10.8650,5.0506,1.7278
864.00,-10.3403,5.2053,1.6550,-9.9132,-7.0766,2.6626,-10.8643,5.0449,1.6785
864.50,-10.3328,5.2053,1.6033,-9.9066,-7.0803,2.6109,-10.8636,5.0373,1.6267
865.00,-10.3248,5.2053,1.5499,-9.9045,-7.0816,2.5576,-10.8635,5.0349,1.5735
865.50,-10.3171,5.2053,1.4978,-9.9105,-7.0774,2.5058,-10.8634,5.0422,1.5216
866.00,-10.3099,5.2054,1.4476,-9.9160,-7.0731,2.4560,-10.8628,5.0492,1.4718
866.50,-10.3031,5.2054,1.3991,-9.9215,-7.0684,2.4078,-10.8620,5.0564,1.4236
867.00,-10.2969,5.2054,1.3523,-9.9266,-7.0636,2.3606,-10.8608,5.0632,1.3764
867.50,-10.2911,5.2054,1.3069,-9.9305,-7.0595,2.3149,-10.8596,5.0688,1.3307
868.00,-10.2858,5.2055,1.2628,-9.9349,-7.0545,2.2708,-10.8579,5.0752,1.2866
868.50,-10.2810,5.2055,1.2200,-9.9379,-7.0508,2.2284,-10.7964,5.0598,1.2442
869.00,-10.2767,5.2055,1.1785,-9.9415,-7.0459,2.1873,-10.7943,5.0655,1.2031
869.50,-10.2729,5.2056,1.1381,-9.9441,-7.0421,2.1469,-10.7926,5.0698,1.1627
870.00,-10.2696,5.2056,1.0987,-9.9458,-7.0395,2.1073,-10.7913,5.0726,1.1231
870.50,-10.2667,5.2057,1.0605,-9.9468,-7.0376,2.0696,-10.7904,5.0745,1.0854
871.00,-10.2643,5.2057,1.0232,-9.9483,-7.0348,2.0319,-10.7888,5.0773,1.0478
871.50,-10.2628,5.2058,0.9957,-9.9486,-7.0340,2.0051,-10.7884,5.0780,1.0209
872.00,-10.2616,5.2058,0.9689,-9.9490,-7.0333,1.9778,-10.7879,5.0787,0.9936
872.50,-10.2606,5.2058,0.9426,-9.9494,-7.0322,1.9523,-10.7873,5.0797,0.9681
873.00,-10.2599,5.2059,0.9169,-9.9498,-7.0314,1.9266,-10.7868,5.0804,0.9424
873.50,-10.2594,5.2059,0.8916,-9.9499,-7.0309,1.9014,-10.7865,5.0809,0.9173
874.00,-10.2592,5.2060,0.8669,-9.9500,-7.0306,1.8770,-10.7863,5.0811,0.8929
874.50,-10.2592,5.2060,0.8425,-9.9500,-7.0306,1.8535,-10.7863,5.0811,0.8693
875.00,-10.2592,5.2063,0.8178,-9.9501,-7.0304,1.8292,-10.7862,5.0812,0.8450
875.50,-10.2593,5.2066,0.7925,-9.9502,-7.0298,1.8046,-10.7858,5.0816,0.8204
876.00,-10.2592,5.2066,0.7668,-9.9502,-7.0299,1.7786,-10.7858,5.0816,0.7944
876.50,-10.2590,5.2067,0.7417,-9.9503,-7.0296,1.7532,-10.7856,5.0818,0.7690
877.00,-10.2589,5.2067,0.7173,-9.9503,-7.0296,1.7291,-10.7856,5.0818,0.7450
877.50,-10.2590,5.2066,0.6928,-9.9503,-7.0296,1.7058,-10.7856,5.0818,0.7216
878.00,-10.2590,5.2063,0.6678,-9.9502,-7.0299,1.6800,-10.7858,5.0816,0.6959
878.50,-10.2591,5.2057,0.6423,-9.9502,-7.0305,1.6542,-10.7863,5.0813,0.6701
879.00,-10.2591,5.2048,0.6164,-9.9501,-7.0316,1.6285,-10.7871,5.0806,0.6443
879.50,-10.2591,5.2038,0.5899,-9.9501,-7.0326,1.6025,-10.7880,5.0800,0.6183
880.00,-10.2592,5.2024,0.5628,-9.9500,-7.0342,1.5756,-10.7893,5.0791,0.5914
880.50,-10.2592,5.2008,0.5353,-9.9500,-7.0357,1.5477,-10.7905,5.0783,0.5635
881.00,-10.2592,5.1989,0.5072,-9.9502,-7.0386,1.5211,-10.7930,5.0767,0.5369
881.50,-10.2593,5.1968,0.4785,-9.9503,-7.0406,1.4917,-10.7948,5.0757,0.5076
882.00,-10.2593,5.1944,0.4493,-9.9505,-7.0432,1.4626,-10.7970,5.0745,0.4785
882.50,-10.2593,5.1923,0.4239,-9.9508,-7.0452,1.4378,-10.7988,5.0736,0.4536
883.00,-10.2594,5.1887,0.3847,-9.9513,-7.0487,1.4007,-10.8021,5.0721,0.4165
883.50,-10.2594,5.1843,0.3429,-9.9519,-7.0520,1.3592,-10.8051,5.0708,0.3750
884.00,-10.2595,5.1794,0.2999,-9.9530,-7.0563,1.3163,-10.8093,5.0693,0.3321
884.50,-10.2595,5.1741,0.2557,-9.9541,-7.0602,1.2722,-10.8132,5.0681,0.2880
885.00,-10.2595,5.1682,0.2100,-9.9557,-7.0651,1.2265,-10.8181,5.0667,0.2423
885.50,-10.2595,5.1619,0.1628,-9.9579,-7.0710,1.1793,-10.8243,5.0653,0.1951
886.00,-10.2596,5.1550,0.1141,-9.9608,-7.0773,1.1307,-10.8312,5.0641,0.1465
886.50,-10.2596,5.1477,0.0635,-9.9636,-7.0831,1.0807,-10.8375,5.0634,0.0966
887.00,-10.2596,5.1400,0.0110,-9.9683,-7.0912,1.0288,-10.8469,5.0627,0.0446
887.50,-10.2596,5.1320,-0.0422,-9.9669,-7.0891,0.9782,-10.7745,4.9948,-0.0165
888.00,-10.2596,5.1245,-0.0935,-9.9623,-7.0827,0.9247,-10.7667,4.9945,-0.0699
888.50,-10.2595,5.1175,-0.1430,-9.9581,-7.0774,0.8755,-10.7599,4.9938,-0.1192
889.00,-10.2595,5.1110,-0.1908,-9.9534,-7.0720,0.8272,-10.7528,4.9928,-0.1674
889.50,-10.2595,5.1049,-0.2371,-9.9491,-7.0676,0.7814,-10.7467,4.9916,-0.2132
890.00,-10.2595,5.0993,-0.2819,-9.9448,-7.0635,0.7369,-10.7410,4.9903,-0.2578
890.50,-10.2594,5.0942,-0.3254,-9.9413,-7.0604,0.6932,-10.7364,4.9890,-0.3014
891.00,-10.2594,5.0907,-0.3575,-9.9383,-7.0580,0.6632,-10.7328,4.9878,-0.3314
891.50,-10.2594,5.0875,-0.3886,-9.9355,-7.0559,0.6317,-10.7295,4.9866,-0.3629
892.00,-10.2593,5.0846,-0.4191,-9.9337,-7.0546,0.6012,-10.7672,4.9364,-0.3969
892.50,-10.2593,5.0819,-0.4490,-9.9310,-7.0528,0.5730,-10.7643,4.9352,-0.4251
893.00,-10.2593,5.0795,-0.4782,-9.9287,-7.0514,0.5426,-10.7619,4.9340,-0.4555
893.50,-10.2592,5.0774,-0.5069,-9.9266,-7.0501,0.5141,-10.7596,4.9329,-0.4840
894.00,-10.2592,5.0755,-0.5350,-9.9246,-7.0491,0.4855,-10.7576,4.9318,-0.5126
894.50,-10.2592,5.0739,-0.5626,-9.9227,-7.0481,0.4578,-10.7558,4.9307,-0.5403
895.00,-10.2591,5.0725,-0.5896,-9.9219,-7.0477,0.4321,-10.7551,4.9303,-0.5660
895.50,-10.2591,5.0714,-0.6161,-9.9209,-7.0473,0.4050,-10.7541,4.9297,-0.5931
896.00,-10.2590,5.0706,-0.6421,-9.9201,-7.0469,0.3789,-10.7534,4.9292,-0.6192
896.50,-10.2590,5.0700,-0.6676,-9.9198,-7.0468,0.3536,-10.7531,4.9290,-0.6446
897.00,-10.2590,5.0697,-0.6926,-9.9194,-7.0467,0.3289,-10.7528,4.9287,-0.6692
897.50,-10.2589,5.0696,-0.7171,-9.9192,-7.0466,0.3043,-10.7527,4.9286,-0.6938
898.00,-10.2588,5.0696,-0.7415,-9.9191,-7.0466,0.2796,-10.7525,4.9285,-0.7185
898.50,-10.2584,5.0697,-0.7666,-9.9189,-7.0465,0.2552,-10.7524,4.9284,-0.7429
899.00,-10.2583,5.0697,-0.7922,-9.9186,-7.0464,0.2290,-10.7522,4.9282,-0.7692
899.50,-10.2583,5.0695,-0.8176,-9.9182,-7.0463,0.2038,-10.7519,4.9279,-0.7943
900.00,-10.2582,5.0693,-0.8423,-9.9181,-7.0463,0.1793,-10.7518,4.9278,-0.8188
900.50,-10.2582,5.0694,-0.8667,-9.9181,-7.0463,0.1554,-10.7518,4.9278,-0.8427
901.00,-10.2585,5.0694,-0.8914,-9.9184,-7.0464,0.1314,-10.7520,4.9280,-0.8667
901.50,-10.2589,5.0694,-0.9167,-9.9185,-7.0464,0.1062,-10.7521,4.9281,-0.8920
902.00,-10.2596,5.0695,-0.9424,-9.9194,-7.0465,0.0808,-10.7526,4.9288,-0.9173
902.50,-10.2602,5.0695,-0.9587,-9.9201,-7.0465,0.0643,-10.7531,4.9294,-0.9338
903.00,-10.2588,5.0694,-0.8930,-9.9191,-7.0464,0.1262,-10.7525,4.9286,-0.8719
903.50,-10.2588,5.0697,-0.7691,-9.9191,-7.0465,0.2497,-10.7525,4.9286,-0.7485
904.00,-10.2594,5.0705,-0.6447,-9.9201,-7.0468,0.3790,-10.7533,4.9292,-0.6191
904.50,-10.2596,5.0772,-0.5098,-9.9263,-7.0498,0.5135,-10.7592,4.9328,-0.4846
905.00,-10.2598,5.0892,-0.3723,-9.9351,-7.0556,0.6512,-10.7689,4.9371,-0.3469
905.50,-10.2598,5.0955,-0.3140,-9.9402,-7.0597,0.7089,-10.7750,4.9391,-0.2893
906.00,-10.2598,5.0928,-0.3463,-9.9374,-7.0574,0.6765,-10.7716,4.9380,-0.3216
906.50,-10.2598,5.0895,-0.3777,-9.9345,-7.0551,0.6450,-10.7681,4.9368,-0.3531
907.00,-10.2598,5.0864,-0.4084,-9.9322,-7.0534,0.6151,-10.7654,4.9358,-0.3830
907.50,-10.2597,5.0837,-0.4385,-9.9300,-7.0520,0.5864,-10.7630,4.9348,-0.4117
908.00,-10.2597,5.0812,-0.4679,-9.9276,-7.0504,0.5557,-10.7604,4.9336,-0.4424
908.50,-10.2597,5.0789,-0.4968,-9.9256,-7.0492,0.5283,-10.7583,4.9325,-0.4698
909.00,-10.2596,5.0770,-0.5251,-9.9238,-7.0482,0.4999,-10.7565,4.9316,-0.4982
909.50,-10.2596,5.0753,-0.5529,-9.9226,-7.0476,0.4708,-10.7553,4.9309,-0.5273
910.00,-10.2595,5.0738,-0.5801,-9.9215,-7.0470,0.4439,-10.7542,4.9303,-0.5542
910.50,-10.2595,5.0727,-0.6068,-9.9205,-7.0465,0.4178,-10.7532,4.9297,-0.5803
911.00,-10.2595,5.0717,-0.6330,-9.9196,-7.0462,0.3912,-10.7525,4.9292,-0.6069
911.50,-10.2594,5.0710,-0.6586,-9.9193,-7.0460,0.3655,-10.7522,4.9289,-0.6326
912.00,-10.2594,5.0706,-0.6838,-9.9188,-7.0459,0.3399,-10.7518,4.9287,-0.6582
912.50,-10.2593,5.0704,-0.7084,-9.9187,-7.0458,0.3150,-10.7517,4.9286,-0.6831
913.00,-10.2593,5.0704,-0.7328,-9.9186,-7.0458,0.2905,-10.7516,4.9285,-0.7077
913.50,-10.2589,5.0705,-0.7576,-9.9185,-7.0457,0.2659,-10.7515,4.9284,-0.7323
914.00,-10.2587,5.0705,-0.7831,-9.9182,-7.0457,0.2404,-10.7513,4.9282,-0.7578
914.50,-10.2587,5.0705,-0.8087,-9.9180,-7.0456,0.2150,-10.7512,4.9281,-0.7831
915.00,-10.2586,5.0702,-0.8336,-9.9178,-7.0456,0.1902,-10.7510,4.9279,-0.8080
915.50,-10.2586,5.0702,-0.8580,-9.9179,-7.0456,0.1662,-10.7511,4.9280,-0.8320
916.00,-10.2587,5.0702,-0.8826,-9.9182,-7.0457,0.1413,-10.7513,4.9282,-0.8568
916.50,-10.2591,5.0703,-0.9077,-9.9187,-7.0457,0.1169,-10.7516,4.9287,-0.8812
917.00,-10.2598,5.0703,-0.9332,-9.9191,-7.0458,0.0919,-10.7519,4.9290,-0.9062
917.50,-10.2606,5.0704,-0.9593,-9.9199,-7.0458,0.0664,-10.7524,4.9296,-0.9317
918.00,-10.2618,5.0704,-0.9859,-9.9208,-7.0459,0.0394,-10.7529,4.9304,-0.9587
918.50,-10.2632,5.0704,-1.0130,-9.9224,-7.0459,0.0124,-10.7538,4.9316,-0.9858
919.00,-10.2648,5.0705,-1.0407,-9.9239,-7.0459,-0.0155,-10.7546,4.9329,-1.0136
919.50,-10.2674,5.0705,-1.0782,-9.9254,-7.0459,-0.0533,-10.7554,4.9342,-1.0514
920.00,-10.2705,5.0706,-1.1170,-9.9287,-7.0456,-0.0920,-10.7570,4.9371,-1.0901
920.50,-10.2740,5.0706,-1.1568,-9.9335,-7.0451,-0.1316,-10.7591,4.9414,-1.1298
921.00,-10.2781,5.0707,-1.1977,-9.9378,-7.0444,-0.1724,-10.7609,4.9454,-1.1705
921.50,-10.2826,5.0707,-1.2398,-9.9414,-7.0437,-0.2143,-10.7622,4.9488,-1.2124
922.00,-10.2876,5.0707,-1.2832,-9.9471,-7.0424,-0.2575,-10.7642,4.9544,-1.2556
922.50,-10.2927,5.0619,-1.3526,-9.9409,-7.0443,-0.3215,-10.7625,4.9480,-1.3196
923.00,-10.3048,4.9972,-1.5591,-9.8839,-7.0705,-0.5241,-10.7536,4.8860,-1.5222
923.50,-10.3216,4.8769,-1.6437,-9.7805,-7.1386,-0.6089,-10.8234,4.7223,-1.6245
924.00,-10.3266,4.7816,-1.5845,-9.6962,-7.1953,-0.5560,-10.8376,4.6208,-1.5681
924.50,-10.3231,4.6914,-1.3750,-9.6128,-7.2369,-0.3455,-10.8290,4.5381,-1.3541
925.00,-10.3036,4.5752,-1.1392,-9.4962,-7.2631,-0.1096,-10.7890,4.4254,-1.1182
925.50,-10.2497,4.4599,-1.0638,-9.3708,-7.2709,-0.0340,-10.7486,4.3155,-1.0391
926.00,-10.1901,4.3450,-1.1236,-9.2380,-7.2783,-0.0945,-10.6839,4.1893,-1.0961
926.50,-10.1349,4.2273,-1.1175,-9.1046,-7.2920,-0.0890,-10.6330,4.0747,-1.1011
927.00,-10.0716,4.1132,-1.0244,-8.9730,-7.2975,0.0071,-10.5678,3.9702,-1.0067
927.50,-10.0026,4.0030,-1.0193,-8.8421,-7.2950,0.0116,-10.4911,3.8603,-0.9987
928.00,-9.9346,3.8921,-1.0105,-8.7100,-7.2935,0.0242,-10.4197,3.7541,-0.9914
928.50,-9.8635,3.7825,-0.9880,-8.5749,-7.2891,0.0455,-10.3446,3.6316,-0.9701
929.00,-9.7875,3.6759,-0.9333,-8.4443,-7.2799,0.1002,-10.2725,3.5356,-0.9171
929.50,-9.7102,3.5714,-0.9566,-8.3138,-7.2668,0.0781,-10.1926,3.4316,-0.9392
930.00,-9.6398,3.4629,-1.0086,-8.1836,-7.2608,0.0257,-10.1127,3.3247,-0.9917
930.50,-9.5682,3.3539,-0.9556,-8.0546,-7.2553,0.0780,-10.0442,3.2159,-0.9394
931.00,-9.4880,3.2512,-0.8776,-7.9315,-7.2404,0.1558,-9.9668,3.1190,-0.8616
931.50,-9.4042,3.1517,-0.8741,-7.7950,-7.2178,0.1609,-9.8758,3.0147,-0.8565
932.00,-9.3215,3.0516,-0.8847,-7.6656,-7.1976,0.1498,-9.7954,2.9203,-0.8727
932.50,-9.2411,2.9498,-0.9181,-7.5274,-7.1786,0.1166,-9.7110,2.8202,-0.9039
933.00,-9.1636,2.8458,-0.9335,-7.3903,-7.1639,0.1012,-9.6277,2.7090,-0.9182
933.50,-9.0850,2.7421,-0.8977,-7.2625,-7.1496,0.1382,-9.5541,2.6165,-0.8808
934.00,-9.0010,2.6425,-0.8518,-7.1383,-7.1292,0.1844,-9.4763,2.5217,-0.8365
934.50,-8.9153,2.5448,-0.8684,-7.0033,-7.1037,0.1717,-9.3740,2.4199,-0.8509
935.00,-8.8357,2.4416,-0.9693,-6.8777,-7.0882,0.0718,-9.3006,2.3209,-0.9525
935.50,-8.7645,2.3330,-1.0034,-6.7333,-7.0810,0.0331,-9.2151,2.2011,-0.9877
936.00,-8.6935,2.2237,-0.9821,-6.6012,-7.0759,0.0544,-9.1573,2.0966,-0.9681
936.50,-8.6169,2.1177,-0.9356,-6.4701,-7.0648,0.1022,-9.0714,1.9957,-0.9192
937.00,-8.5397,2.0130,-0.9342,-6.3367,-7.0510,0.1048,-8.9882,1.8847,-0.9160
937.50,-8.4604,1.9096,-0.8977,-6.2010,-7.0346,0.1443,-8.8981,1.7828,-0.8765
938.00,-8.3781,1.8087,-0.8791,-6.0711,-7.0146,0.1630,-8.8263,1.6927,-0.8613
938.50,-8.2949,1.7089,-0.8750,-5.9405,-6.9927,0.1675,-8.7383,1.5924,-0.8585
939.00,-8.2129,1.6082,-0.8938,-5.8101,-6.9722,0.1485,-8.6585,1.4888,-0.8785
939.50,-8.1319,1.5066,-0.9042,-5.6766,-6.9526,0.1386,-8.5719,1.3838,-0.8874
940.00,-8.0522,1.4041,-0.9109,-5.5477,-6.9352,0.1318,-8.4956,1.2887,-0.8959
940.50,-7.9720,1.3016,-0.9042,-5.4167,-6.9174,0.1389,-8.4081,1.1858,-0.8889
941.00,-7.8937,1.1984,-0.9418,-5.2840,-6.9008,0.1010,-8.3292,1.0776,-0.9251
941.50,-7.8212,1.0913,-0.9931,-5.1558,-6.8910,0.0511,-8.2594,0.9825,-0.9767
942.00,-7.7560,0.9795,-1.0687,-5.0276,-6.8901,-0.0276,-8.1826,0.8631,-1.0519
942.50,-7.6909,0.8664,-1.0163,-4.9006,-6.8918,0.0247,-8.1285,0.7588,-1.0031
943.00,-7.6210,0.7707,-0.8441,-4.7786,-6.8801,0.1962,-8.0510,0.6559,-0.8299
943.50,-7.5444,0.6991,-0.6269,-4.6803,-6.8504,0.4028,-7.9749,0.5871,-0.6198
944.00,-7.4610,0.6391,-0.3809,-4.5897,-6.7985,0.6566,-7.8834,0.5369,-0.3659
944.50,-7.3470,0.5882,-0.1034,-4.4976,-6.7048,0.9345,-7.7613,0.4987,-0.0866
945.00,-7.2172,0.5618,0.0726,-4.4280,-6.5878,1.1123,-7.6336,0.4676,0.0915
945.50,-7.0878,0.5696,0.1130,-4.3702,-6.4624,1.1573,-7.5047,0.4698,0.1316
946.00,-6.9582,0.5794,0.0033,-4.3145,-6.3470,1.0478,-7.3805,0.4741,0.0215
946.50,-6.8286,0.5788,-0.1040,-4.2440,-6.2423,0.9364,-7.2471,0.4723,-0.0913
947.00,-6.6992,0.5683,-0.0864,-4.1708,-6.1414,0.9542,-7.1261,0.4657,-0.0714
947.50,-6.5695,0.5634,-0.0537,-4.0954,-6.0313,0.9886,-6.9815,0.4622,-0.0389
948.00,-6.4397,0.5581,-0.0483,-4.0237,-5.9209,0.9968,-6.8589,0.4620,-0.0307
948.50,-6.3098,0.5518,-0.0477,-3.9517,-5.8100,0.9959,-6.7258,0.4583,-0.0330
949.00,-6.1799,0.5486,-0.0308,-3.8782,-5.6950,1.0119,-6.5995,0.4540,-0.0140
949.50,-6.0500,0.5475,-0.0190,-3.8103,-5.5843,1.0252,-6.4649,0.4573,-0.0012
950.00,-5.9200,0.5420,-0.0340,-3.7389,-5.4691,1.0087,-6.3350,0.4579,-0.0177
950.50,-5.7901,0.5393,-0.0240,-3.6707,-5.3602,1.0178,-6.2056,0.4540,-0.0097
951.00,-5.6601,0.5373,-0.0201,-3.6026,-5.2487,1.0217,-6.0718,0.4551,-0.0036
951.50,-5.5301,0.5345,-0.0210,-3.5354,-5.1391,1.0212,-5.9542,0.4547,-0.0055
952.00,-5.4002,0.5323,-0.0184,-3.4631,-5.0208,1.0240,-5.8192,0.4540,-0.0020
952.50,-5.2702,0.5302,-0.0172,-3.3952,-4.9089,1.0253,-5.6899,0.4538,-0.0007
953.00,-5.1402,0.5282,-0.0161,-3.3267,-4.7960,1.0265,-5.5645,0.4539,-0.0008
953.50,-5.0102,0.5261,-0.0158,-3.2574,-4.6813,1.0271,-5.4338,0.4538,0.0005
954.00,-4.8802,0.5240,-0.0163,-3.1869,-4.5647,1.0276,-5.3027,0.4538,0.0003
954.50,-4.7503,0.5217,-0.0173,-3.1221,-4.4573,1.0270,-5.1806,0.4540,-0.0007
955.00,-4.6203,0.5194,-0.0174,-3.0549,-4.3463,1.0269,-5.0476,0.4539,-0.0009
955.50,-4.4903,0.5171,-0.0175,-2.9885,-4.2365,1.0268,-4.9210,0.4539,-0.0008
956.00,-4.3603,0.5149,-0.0170,-2.9177,-4.1193,1.0272,-4.7817,0.4539,-0.0012
956.50,-4.2303,0.5129,-0.0161,-2.8495,-4.0064,1.0281,-4.6559,0.4537,-0.0005
957.00,-4.1003,0.5109,-0.0159,-2.7795,-3.8902,1.0287,-4.5262,0.4537,0.0001
957.50,-3.9704,0.5088,-0.0161,-2.7073,-3.7702,1.0288,-4.3940,0.4538,0.0003
958.00,-3.8404,0.5066,-0.0164,-2.6379,-3.6551,1.0289,-4.2724,0.4538,-0.0001
958.50,-3.7104,0.5046,-0.0160,-2.5681,-3.5391,1.0294,-4.1407,0.4539,-0.0013
959.00,-3.5804,0.5026,-0.0153,-2.4994,-3.4247,1.0301,-4.0116,0.4537,-0.0006
959.50,-3.4504,0.5008,-0.0145,-2.4339,-3.3155,1.0310,-3.8839,0.4539,-0.0006
960.00,-3.3204,0.4989,-0.0148,-2.3676,-3.2048,1.0309,-3.7662,0.4537,0.0011
960.50,-3.1905,0.4967,-0.0162,-2.3003,-3.0926,1.0296,-3.6327,0.4539,-0.0002
961.00,-3.0605,0.4944,-0.0172,-2.2318,-2.9786,1.0286,-3.4997,0.4542,-0.0013
961.50,-2.9305,0.4919,-0.0180,-2.1634,-2.8652,1.0286,-3.3794,0.4544,-0.0030
962.00,-2.8005,0.4894,-0.0187,-2.0960,-2.7533,1.0283,-3.2379,0.4543,-0.0033
962.50,-2.6705,0.4871,-0.0185,-2.0300,-2.6437,1.0292,-3.1176,0.4542,-0.0024
963.00,-2.5406,0.4846,-0.0188,-1.9621,-2.5308,1.0291,-2.9860,0.4519,-0.0036
963.50,-2.4106,0.4840,-0.0085,-1.8951,-2.4182,1.0410,-2.8522,0.4517,0.0073
964.00,-2.2806,0.4825,-0.0107,-1.8283,-2.3043,1.0385,-2.7272,0.4528,0.0040
964.50,-2.1506,0.4807,-0.0127,-1.7626,-2.1929,1.0370,-2.6033,0.4533,0.0024
965.00,-2.0206,0.4784,-0.0159,-1.6983,-2.0845,1.0339,-2.4754,0.4535,-0.0014
965.50,-1.8906,0.4766,-0.0147,-1.6320,-1.9730,1.0352,-2.3343,0.4534,-0.0002
966.00,-1.7606,0.4742,-0.0168,-1.5678,-1.8650,1.0335,-2.2186,0.4534,-0.0019
966.50,-1.6307,0.4724,-0.0151,-1.5001,-1.7513,1.0345,-2.1022,0.4535,-0.0027
967.00,-1.5007,0.4702,-0.0164,-1.4284,-1.6307,1.0334,-1.9571,0.4532,-0.0030
967.50,-1.3707,0.4687,-0.0131,-1.3590,-1.5140,1.0360,-1.8259,0.4530,-0.0003
968.00,-1.2407,0.4664,-0.0162,-1.2891,-1.3962,1.0331,-1.7053,0.4529,-0.0023
968.50,-1.1107,0.4646,-0.0140,-1.2197,-1.2799,1.0349,-1.5692,0.4524,-0.0005
969.00,-0.9807,0.4630,-0.0126,-1.1509,-1.1640,1.0363,-1.4458,0.4508,0.0009
969.50,-0.8507,0.4621,-0.0085,-1.0882,-1.0577,1.0407,-1.3385,0.4512,0.0052
970.00,-0.7207,0.4599,-0.0146,-1.0223,-0.9457,1.0351,-1.1892,0.4505,0.0002
970.50,-0.5908,0.4579,-0.0131,-0.9537,-0.8302,1.0391,-1.0709,0.4495,0.0031
971.00,-0.4608,0.4562,-0.0144,-0.8910,-0.7234,1.0380,-0.9289,0.4503,0.0014
971.50,-0.3308,0.4540,-0.0122,-0.8287,-0.6183,1.0411,-0.8103,0.4484,0.0030
972.00,-0.2008,0.4519,-0.0184,-0.7585,-0.4979,1.0373,-0.6725,0.4489,-0.0029
972.50,-0.0708,0.4477,-0.0128,-0.6922,-0.3874,1.0418,-0.5542,0.4444,-0.0005
973.00,0.0592,0.4484,-0.0019,-0.6295,-0.2772,1.0555,-0.4396,0.4445,0.0132
973.50,0.1891,0.4455,-0.0106,-0.5649,-0.1657,1.0456,-0.3036,0.4455,0.0031
974.00,0.3191,0.4424,-0.0255,-0.4987,-0.0519,1.0338,-0.1518,0.4457,-0.0069
974.50,0.4490,0.4332,-0.0507,-0.4309,0.0569,1.0066,-0.0462,0.4370,-0.0397
975.00,0.5789,0.4318,0.0170,-0.3631,0.1740,1.0793,0.0718,0.4369,0.0316
975.50,0.7089,0.4318,0.0004,-0.2995,0.2902,1.0654,0.2052,0.4406,0.0156
976.00,0.8389,0.4310,-0.0060,-0.2347,0.4073,1.0582,0.3273,0.4412,0.0067
976.50,0.9689,0.4258,-0.0234,-0.1682,0.5221,1.0382,0.4472,0.4383,-0.0134
977.00,1.0989,0.4250,-0.0118,-0.1049,0.6330,1.0507,0.5647,0.4392,-0.0002
977.50,1.2288,0.4174,-0.0477,-0.0354,0.7486,1.0115,0.6961,0.4343,-0.0376
978.00,1.3586,0.4090,-0.0825,0.0384,0.8645,0.9761,0.8299,0.4257,-0.0739
978.50,1.4875,0.3915,-0.1777,0.1221,0.9762,0.8777,0.9471,0.4086,-0.1680
979.00,1.6155,0.3702,-0.1340,0.2058,1.0785,0.9211,1.0738,0.3905,-0.1269
979.50,1.7449,0.3575,-0.0688,0.2822,1.1885,0.9886,1.1936,0.3792,-0.0550
980.00,1.8743,0.3444,-0.1560,0.3594,1.2979,0.9003,1.3221,0.3673,-0.1441
980.50,2.0013,0.3223,-0.2637,0.4458,1.3954,0.7935,1.4409,0.3419,-0.2537
981.00,2.1263,0.2900,-0.2467,0.5342,1.4843,0.8101,1.5298,0.3104,-0.2370
981.50,2.2539,0.2639,-0.1216,0.6173,1.5840,0.9373,1.6580,0.2967,-0.1098
982.00,2.3830,0.2466,-0.1489,0.6971,1.6927,0.9105,1.7952,0.2837,-0.1343
982.50,2.5099,0.2226,-0.2756,0.7843,1.7906,0.7821,1.7789,0.2500,-0.2650
983.00,2.6349,0.1888,-0.2513,0.8764,1.8819,0.8063,1.8642,0.2181,-0.2419
983.50,2.7625,0.1617,-0.1285,0.9598,1.9813,0.9311,1.9603,0.1986,-0.1160
984.00,2.8915,0.1428,-0.1621,1.0392,2.0875,0.8981,2.0739,0.1800,-0.1489
984.50,3.0181,0.1167,-0.2833,1.1283,2.1856,0.7766,2.1691,0.1525,-0.2723
985.00,3.1423,0.0808,-0.2922,1.2267,2.2792,0.7671,2.3051,0.1149,-0.2823
985.50,3.2668,0.0431,-0.3034,1.3217,2.3710,0.7561,2.4175,0.0836,-0.2921
986.00,3.3904,0.0021,-0.3007,1.4231,2.4643,0.7552,2.5376,0.0422,-0.2896
986.50,3.5160,-0.0304,-0.2347,1.5126,2.5556,0.8222,2.6525,0.0105,-0.2214
987.00,3.6419,-0.0649,-0.2834,1.6081,2.6552,0.7754,2.7758,-0.0172,-0.2682
987.50,3.7656,-0.1086,-0.3407,1.7050,2.7450,0.7193,2.9005,-0.0598,-0.3266
988.00,3.8881,-0.1523,-0.3158,1.8046,2.8325,0.7453,3.0195,-0.1014,-0.3030
988.50,4.0125,-0.1890,-0.2900,1.8964,2.9206,0.7718,3.1301,-0.1393,-0.2788
989.00,4.1367,-0.2283,-0.2938,1.9871,3.0070,0.7650,3.2500,-0.1759,-0.2832
989.50,4.2611,-0.2669,-0.3117,2.0884,3.1042,0.7489,3.3838,-0.2141,-0.2993
990.00,4.3841,-0.3109,-0.3283,2.1879,3.1936,0.7310,3.4617,-0.2475,-0.3153
990.50,4.5085,-0.3466,-0.2623,2.2764,3.2787,0.7976,3.5709,-0.2827,-0.2504
991.00,4.6337,-0.3835,-0.2928,2.3730,3.3755,0.7676,3.7134,-0.3196,-0.2784
991.50,4.7570,-0.4295,-0.3525,2.4778,3.4709,0.7069,3.8265,-0.3627,-0.3375
992.00,4.8784,-0.4782,-0.3727,2.5800,3.5560,0.6868,3.9455,-0.4083,-0.3589
992.50,4.9992,-0.5275,-0.3853,2.6789,3.6361,0.6752,4.0572,-0.4554,-0.3705
993.00,5.1195,-0.5774,-0.3835,2.7857,3.7209,0.6764,4.1852,-0.5054,-0.3693
993.50,5.2407,-0.6237,-0.3707,2.8837,3.8022,0.6910,4.3013,-0.5496,-0.3561
994.00,5.3606,-0.6775,-0.4350,2.9897,3.8849,0.6256,4.4262,-0.6002,-0.4207
994.50,5.4748,-0.7403,-0.5727,3.0978,3.9537,0.4942,4.5269,-0.6657,-0.5521
995.00,5.5790,-0.8147,-0.7198,3.2180,4.0075,0.3391,4.6399,-0.7393,-0.7085
995.50,5.6697,-0.9084,-0.8889,3.3493,4.0423,0.1754,4.7325,-0.8334,-0.8714
996.00,5.7491,-1.0142,-1.0167,3.4927,4.0582,0.0448,4.8103,-0.9400,-1.0012
996.50,5.8178,-1.1289,-1.1323,3.6306,4.0554,-0.0727,4.8794,-1.0580,-1.1194
997.00,5.8737,-1.2468,-1.1275,3.7663,4.0449,-0.0684,4.9387,-1.1733,-1.1161
997.50,5.9361,-1.3621,-1.0507,3.9033,4.0410,0.0107,5.0058,-1.2866,-1.0370
998.00,6.0062,-1.4732,-0.9998,4.0287,4.0455,0.0636,5.0727,-1.3891,-0.9850
998.50,6.0750,-1.5831,-1.0400,4.1647,4.0529,0.0239,5.1501,-1.5033,-1.0255
999.00,6.1354,-1.6983,-1.1235,4.2910,4.0501,-0.0565,5.2061,-1.6098,-1.1060
999.50,6.1900,-1.8161,-1.1259,4.4259,4.0409,-0.0613,5.2604,-1.7283,-1.1119
1000.00,6.2523,-1.9316,-1.0584,4.5591,4.0372,0.0082,5.3235,-1.8456,-1.0436
1000.50,6.3171,-2.0444,-1.0630,4.6771,4.0390,0.0032,5.3899,-1.9470,-1.0509
1001.00,6.3799,-2.1583,-1.0611,4.8062,4.0391,0.0078,5.4576,-2.0624,-1.0463
1001.50,6.4429,-2.2719,-1.0632,4.9287,4.0397,0.0065,5.5207,-2.1766,-1.0476
1002.00,6.5100,-2.3846,-1.0278,5.0573,4.0425,0.0434,5.5929,-2.2971,-1.0142
1002.50,6.5781,-2.4955,-1.0290,5.1886,4.0492,0.0423,5.6595,-2.4057,-1.0141
1003.00,6.6470,-2.6064,-1.0077,5.3217,4.0560,0.0657,5.7340,-2.5184,-0.9936
1003.50,6.7189,-2.7155,-0.9842,5.4532,4.0663,0.0902,5.8043,-2.6251,-0.9703
1004.00,6.7938,-2.8226,-0.9542,5.5832,4.0802,0.1207,5.8830,-2.7317,-0.9421
1004.50,6.8696,-2.9284,-0.9503,5.7112,4.0964,0.1248,5.9625,-2.8326,-0.9380
1005.00,6.9454,-3.0341,-0.9461,5.8418,4.1130,0.1309,6.0375,-2.9385,-0.9296
1005.50,7.0210,-3.1397,-0.9647,5.9751,4.1304,0.1130,6.1165,-3.0475,-0.9510
1006.00,7.0937,-3.2472,-0.9738,6.1074,4.1444,0.1064,6.1897,-3.1536,-0.9588
1006.50,7.1679,-3.3542,-0.9630,6.2416,4.1597,0.1173,6.2684,-3.2607,-0.9514
1007.00,7.2439,-3.4603,-0.9386,6.3783,4.1771,0.1430,6.3432,-3.3692,-0.9233
1007.50,7.3225,-3.5642,-0.9228,6.5103,4.1977,0.1584,6.4192,-3.4624,-0.9103
1008.00,7.4009,-3.6679,-0.9218,6.6344,4.2174,0.1601,6.4935,-3.5616,-0.9086
1008.50,7.4792,-3.7715,-0.9299,6.7733,4.2398,0.1522,6.5801,-3.6722,-0.9153
1009.00,7.5557,-3.8763,-0.9454,6.8976,4.2580,0.1368,6.6552,-3.7722,-0.9307
1009.50,7.6284,-3.9831,-0.9942,7.0303,4.2736,0.0877,6.7329,-3.8809,-0.9797
1010.00,7.6934,-4.0946,-1.0698,7.1602,4.2804,0.0126,6.8015,-3.9914,-1.0549
1010.50,7.7491,-4.2109,-1.1581,7.2887,4.2771,-0.0744,6.8606,-4.1056,-1.1419
1011.00,7.7958,-4.3318,-1.2454,7.4252,4.2617,-0.1608,6.9030,-4.2326,-1.2282
1011.50,7.8337,-4.4579,-1.4463,7.5545,4.2294,-0.3541,6.9470,-4.3514,-1.4216
1012.00,7.8601,-4.5876,-1.6746,7.6731,4.1676,-0.5944,6.9587,-4.4851,-1.6647
1012.50,7.8607,-4.7151,-1.8648,7.7671,4.0923,-0.7761,6.9593,-4.6038,-1.8423
1013.00,7.8320,-4.8336,-2.0765,7.8513,3.9898,-0.9952,6.9404,-4.7371,-2.0620
1013.50,7.7682,-4.9366,-2.2743,7.9059,3.8828,-1.1961,6.8926,-4.8365,-2.2566
1014.00,7.6792,-5.0317,-2.3697,7.9485,3.7563,-1.2901,6.8030,-4.9353,-2.3541
1014.50,7.5822,-5.1187,-2.4495,7.9800,3.6284,-1.3703,6.7163,-5.0249,-2.4308
1015.00,7.4790,-5.1979,-2.5480,8.0009,3.5023,-1.4671,6.6064,-5.1044,-2.5283
1015.50,7.3671,-5.2684,-2.6808,8.0067,3.3662,-1.5947,6.4903,-5.1757,-2.6552
1016.00,7.2598,-5.3228,-2.7768,7.9964,3.2404,-1.6979,6.3854,-5.2279,-2.7590
1016.50,7.2055,-5.3435,-2.7789,7.9887,3.1812,-1.6992,6.3300,-5.2500,-2.7596
1017.00,7.2078,-5.3426,-2.7789,7.9889,3.1835,-1.6987,6.3323,-5.2596,-2.7627
1017.50,7.2265,-5.3355,-2.7789,7.9914,3.2029,-1.6982,6.3505,-5.2524,-2.7621
1018.00,7.2452,-5.3284,-2.7789,7.9940,3.2226,-1.6976,6.3690,-5.2451,-2.7616
1018.50,7.2639,-5.3214,-2.7789,7.9964,3.2416,-1.6971,6.3868,-5.2379,-2.7611
1019.00,7.2826,-5.3143,-2.7789,7.9992,3.2635,-1.6966,6.4072,-5.2298,-2.7606
1019.50,7.3013,-5.3072,-2.7789,8.0021,3.2863,-1.6962,6.4286,-5.2212,-2.7602
1020.00,7.3200,-5.3001,-2.7789,8.0045,3.3057,-1.6957,6.4467,-5.2139,-2.7597
1020.50,7.3387,-5.2930,-2.7789,8.0074,3.3286,-1.6954,6.4685,-5.2061,-2.7629
1021.00,7.3574,-5.2859,-2.7789,8.0096,3.3464,-1.6953,6.4851,-5.1994,-2.7628
1021.50,7.3761,-5.2788,-2.7789,8.0121,3.3660,-1.6953,6.5035,-5.1921,-2.7627
1022.00,7.3948,-5.2717,-2.7789,8.0145,3.3856,-1.6951,6.5218,-5.1848,-2.7626
1022.50,7.4135,-5.2646,-2.7789,8.0169,3.4051,-1.6944,6.5401,-5.1776,-2.7619
1023.00,7.4322,-5.2575,-2.7789,8.0198,3.4279,-1.6946,6.5614,-5.1691,-2.7620
1023.50,7.4381,-5.2552,-2.7789,8.0206,3.4349,-1.6953,6.5679,-5.1664,-2.7628
1024.00,7.4381,-5.2552,-2.7789,8.0206,3.4349,-1.6950,6.5679,-5.1664,-2.7624
1024.50,7.4381,-5.2552,-2.7789,8.0206,3.4349,-1.6940,6.5679,-5.1664,-2.7615
1025.00,7.4381,-5.2552,-2.7789,8.0206,3.4349,-1.6939,6.5679,-5.1664,-2.7614
1025.50,7.4381,-5.2552,-2.7789,8.0206,3.4349,-1.6940,6.5679,-5.1664,-2.7615
1026.00,7.4381,-5.2552,-2.7789,8.0206,3.4349,-1.6941,6.5679,-5.1664,-2.7615
1026.50,7.4381,-5.2552,-2.7789,8.0206,3.4349,-1.6938,6.5679,-5.1664,-2.7613
1027.00,7.4381,-5.2552,-2.7789,8.0206,3.4349,-1.6930,6.5679,-5.1664,-2.7605
1027.50,7.4381,-5.2552,-2.7789,8.0206,3.4349,-1.6924,6.5679,-5.1664,-2.7598
1028.00,7.4381,-5.2552,-2.7789,8.0206,3.4349,-1.6915,6.5679,-5.1664,-2.7590
1028.50,7.4381,-5.2552,-2.7789,8.0206,3.4349,-1.6911,6.5679,-5.1664,-2.7586
1029.00,7.4381,-5.2552,-2.7789,8.0206,3.4349,-1.6909,6.5679,-5.1664,-2.7583
1029.50,7.4381,-5.2552,-2.7789,8.0206,3.4349,-1.6904,6.5679,-5.1664,-2.7579
1030.00,7.4381,-5.2552,-2.7789,8.0206,3.4349,-1.6903,6.5679,-5.1664,-2.7577
1030.50,7.4381,-5.2568,-2.7466,8.0205,3.4332,-1.6584,6.5664,-5.1671,-2.7258
1031.00,7.4380,-5.2662,-2.5876,8.0205,3.4242,-1.4975,6.5585,-5.1714,-2.5650
1031.50,7.4377,-5.2710,-2.4159,8.0212,3.4188,-1.3248,6.5541,-5.1747,-2.3923
1032.00,7.4381,-5.2702,-2.2497,8.0208,3.4201,-1.1583,6.5550,-5.1737,-2.2258
1032.50,7.4416,-5.2700,-2.1446,8.0188,3.4240,-1.0520,6.5575,-5.1700,-2.1195
1033.00,7.4419,-5.2700,-2.1380,8.0186,3.4242,-1.0454,6.5576,-5.1698,-2.1128
1033.50,7.4419,-5.2700,-2.1380,8.0186,3.4242,-1.0450,6.5576,-5.1698,-2.1124
1034.00,7.4471,-5.2619,-2.1380,8.0138,3.4327,-1.0444,6.5627,-5.1614,-2.1118
1034.50,7.4578,-5.2450,-2.1380,8.0024,3.4522,-1.0445,6.5836,-5.1510,-2.1177
1035.00,7.4686,-5.2281,-2.1380,7.9919,3.4703,-1.0441,6.5965,-5.1350,-2.1185
1035.50,7.4793,-5.2113,-2.1380,7.9808,3.4893,-1.0435,6.6079,-5.1162,-2.1179
1036.00,7.4901,-5.1944,-2.1380,7.9697,3.5084,-1.0434,6.6194,-5.0974,-2.1179
1036.50,7.5008,-5.1775,-2.1380,7.9599,3.5253,-1.0430,6.6296,-5.0807,-2.1175
1037.00,7.5116,-5.1607,-2.1380,7.9509,3.5407,-1.0430,6.6388,-5.0654,-2.1174
1037.50,7.5223,-5.1438,-2.1380,7.9392,3.5607,-1.0433,6.6509,-5.0456,-2.1178
1038.00,7.5331,-5.1269,-2.1380,7.9288,3.5786,-1.0433,6.6617,-5.0279,-2.1177
1038.50,7.5438,-5.1100,-2.1380,7.9184,3.5965,-1.0435,6.6724,-5.0103,-2.1179
1039.00,7.5546,-5.0932,-2.1380,7.9078,3.6147,-1.0437,6.6740,-5.0027,-2.1216
1039.50,7.5653,-5.0763,-2.1380,7.8979,3.6317,-1.0435,6.6843,-4.9859,-2.1215
1040.00,7.5750,-5.0610,-2.1380,7.8892,3.6465,-1.0437,6.6933,-4.9713,-2.1216
1040.50,7.5751,-5.0609,-2.1380,7.8891,3.6468,-1.0439,6.6935,-4.9710,-2.1218
1041.00,7.5751,-5.0609,-2.1380,7.8891,3.6468,-1.0441,6.6935,-4.9710,-2.1221
1041.50,7.5751,-5.0609,-2.1380,7.8891,3.6468,-1.0443,6.6935,-4.9710,-2.1222
1042.00,7.5751,-5.0609,-2.1380,7.8891,3.6468,-1.0441,6.6935,-4.9710,-2.1220
1042.50,7.5751,-5.0609,-2.1380,7.8891,3.6468,-1.0441,6.6935,-4.9710,-2.1220
1043.00,7.5760,-5.0608,-2.1093,7.8889,3.6471,-1.0160,6.6937,-4.9707,-2.0939
1043.50,7.5838,-5.0606,-1.9483,7.8849,3.6523,-0.8544,6.6963,-4.9647,-1.9323
1044.00,7.6004,-5.0605,-1.7596,7.8735,3.6631,-0.6765,6.7005,-4.9496,-1.7545
1044.50,7.6256,-5.0604,-1.5734,7.8535,3.6763,-0.4846,6.7026,-4.9257,-1.5625
1045.00,7.6405,-5.0604,-1.4717,7.8646,3.6711,-0.3808,6.7419,-4.9779,-1.4518
1045.50,7.6409,-5.0604,-1.4690,7.8649,3.6710,-0.3789,6.7420,-4.9782,-1.4498
1046.00,7.6409,-5.0604,-1.4690,7.8649,3.6710,-0.3793,6.7420,-4.9782,-1.4503
1046.50,7.6409,-5.0604,-1.4690,7.8649,3.6710,-0.3790,6.7420,-4.9782,-1.4500
1047.00,7.6409,-5.0604,-1.4690,7.8649,3.6710,-0.3783,6.7420,-4.9782,-1.4493
1047.50,7.6409,-5.0604,-1.4690,7.8649,3.6710,-0.3780,6.7420,-4.9782,-1.4489
1048.00,7.6409,-5.0604,-1.4690,7.8649,3.6710,-0.3778,6.7420,-4.9782,-1.4487
1048.50,7.6409,-5.0604,-1.4690,7.8649,3.6710,-0.3772,6.7420,-4.9782,-1.4482
1049.00,7.6409,-5.0604,-1.4690,7.8649,3.6710,-0.3766,6.7420,-4.9782,-1.4475
1049.50,7.6409,-5.0604,-1.4690,7.8649,3.6710,-0.3766,6.7420,-4.9782,-1.4475
1050.00,7.6409,-5.0604,-1.4690,7.8649,3.6710,-0.3767,6.7420,-4.9782,-1.4477
1050.50,7.6432,-5.0604,-1.4461,7.8670,3.6702,-0.3543,6.7423,-4.9804,-1.4252
1051.00,7.6483,-5.0605,-1.4096,7.8719,3.6685,-0.3183,6.7432,-4.9856,-1.3893
1051.50,7.6538,-5.0605,-1.3681,7.8761,3.6672,-0.2769,6.7440,-4.9899,-1.3479
1052.00,7.6597,-5.0605,-1.3222,7.8825,3.6655,-0.2309,6.7456,-4.9964,-1.3019
1052.50,7.6652,-5.0605,-1.2776,7.8880,3.6643,-0.1862,6.7473,-5.0017,-1.2571
1053.00,7.6701,-5.0606,-1.2345,7.8930,3.6635,-0.1442,6.7489,-5.0064,-1.2151
1053.50,7.6746,-5.0606,-1.1925,7.8974,3.6630,-0.1000,6.7506,-5.0106,-1.1710
1054.00,7.6786,-5.0606,-1.1517,7.9018,3.6627,-0.0589,6.7524,-5.0146,-1.1298
1054.50,7.6821,-5.0607,-1.1120,7.9060,3.6625,-0.0193,6.8055,-4.9678,-1.0972
1055.00,7.6851,-5.0607,-1.0734,7.9091,3.6625,0.0207,6.8069,-4.9705,-1.0573
1055.50,7.6877,-5.0608,-1.0358,7.9124,3.6626,0.0586,6.8086,-4.9734,-1.0193
1056.00,7.6897,-5.0608,-0.9991,7.9145,3.6627,0.0952,6.8097,-4.9751,-0.9827
1056.50,7.6914,-5.0609,-0.9634,7.9159,3.6629,0.1309,6.8106,-4.9764,-0.9470
1057.00,7.6925,-5.0609,-0.9287,7.9178,3.6632,0.1665,6.8117,-4.9779,-0.9114
1057.50,7.6933,-5.0610,-0.8948,7.9183,3.6633,0.2004,6.8120,-4.9782,-0.8775
1058.00,7.6936,-5.0610,-0.8618,7.9188,3.6634,0.2339,6.8124,-4.9787,-0.8441
1058.50,7.6935,-5.0610,-0.8293,7.9189,3.6634,0.2675,6.8124,-4.9788,-0.8104
1059.00,7.6935,-5.0607,-0.7957,7.9182,3.6632,0.3013,6.8119,-4.9782,-0.7766
1059.50,7.6933,-5.0608,-0.7616,7.9181,3.6632,0.3359,6.8119,-4.9782,-0.7420
1060.00,7.6929,-5.0608,-0.7285,7.9175,3.6630,0.3693,6.8113,-4.9777,-0.7086
1060.50,7.6928,-5.0608,-0.6959,7.9174,3.6629,0.4013,6.8113,-4.9777,-0.6766
1061.00,7.6928,-5.0603,-0.6626,7.9172,3.6628,0.4338,6.8111,-4.9775,-0.6441
1061.50,7.6927,-5.0594,-0.6284,7.9166,3.6625,0.4701,6.8105,-4.9771,-0.6078
1062.00,7.6927,-5.0580,-0.5933,7.9157,3.6621,0.5058,6.8097,-4.9766,-0.5721
1062.50,7.6926,-5.0562,-0.5572,7.9139,3.6610,0.5424,6.8080,-4.9755,-0.5355
1063.00,7.6926,-5.0540,-0.5202,7.9120,3.6599,0.5799,6.8060,-4.9744,-0.4980
1063.50,7.6925,-5.0512,-0.4822,7.9101,3.6585,0.6182,6.8040,-4.9733,-0.4597
1064.00,7.6925,-5.0480,-0.4431,7.9078,3.6568,0.6576,6.8014,-4.9721,-0.4203
1064.50,7.6924,-5.0443,-0.4030,7.9051,3.6546,0.6986,6.7981,-4.9707,-0.3793
1065.00,7.6924,-5.0401,-0.3618,7.9019,3.6518,0.7377,6.7942,-4.9692,-0.3402
1065.50,7.6923,-5.0355,-0.3193,7.8987,3.6488,0.7822,6.7900,-4.9678,-0.2958
1066.00,7.6923,-5.0303,-0.2756,7.8941,3.6440,0.8244,6.7836,-4.9660,-0.2535
1066.50,7.6923,-5.0247,-0.2306,7.8898,3.6392,0.8697,6.7773,-4.9645,-0.2083
1067.00,7.6923,-5.0185,-0.1841,7.8862,3.6347,0.9183,6.7716,-4.9635,-0.1596
1067.50,7.6922,-5.0119,-0.1361,7.8820,3.6290,0.9667,6.7646,-4.9625,-0.1112
1068.00,7.6922,-5.0048,-0.0863,7.8781,3.6231,1.0163,6.7576,-4.9619,-0.0616
1068.50,7.6922,-4.9973,-0.0348,7.8740,3.6161,1.0681,6.8096,-4.9102,-0.0168
1069.00,7.6922,-4.9899,0.0151,7.8720,3.6123,1.1223,6.8053,-4.9102,0.0374
1069.50,7.6922,-4.9841,0.0553,7.8744,3.6174,1.1637,6.8109,-4.9098,0.0788
1070.00,7.6922,-4.9785,0.0936,7.8760,3.6214,1.2025,6.8152,-4.9094,0.1176
1070.50,7.6922,-4.9745,0.1252,7.8775,3.6254,1.2350,6.8195,-4.9088,0.1501
1071.00,7.6922,-4.9695,0.1617,7.8794,3.6314,1.2718,6.8257,-4.9078,0.1869
1071.50,7.6923,-4.9646,0.1972,7.8810,3.6367,1.3084,6.8311,-4.9067,0.2234
1072.00,7.6923,-4.9601,0.2319,7.8822,3.6415,1.3432,6.8359,-4.9055,0.2583
1072.50,7.6923,-4.9558,0.2658,7.8831,3.6457,1.3763,6.8400,-4.9043,0.2914
1073.00,7.6923,-4.9518,0.2989,7.8836,3.6486,1.4104,6.8428,-4.9034,0.3255
1073.50,7.6923,-4.9481,0.3313,7.8841,3.6520,1.4417,6.8460,-4.9023,0.3567
1074.00,7.6924,-4.9447,0.3630,7.8846,3.6559,1.4752,6.8497,-4.9008,0.3903
1074.50,7.6924,-4.9415,0.3940,7.8848,3.6589,1.5064,6.8524,-4.8997,0.4215
1075.00,7.6924,-4.9386,0.4244,7.8849,3.6612,1.5368,6.8545,-4.8987,0.4519
1075.50,7.6925,-4.9360,0.4542,7.8850,3.6638,1.5676,6.8569,-4.8975,0.4827
1076.00,7.6925,-4.9336,0.4833,7.8849,3.6658,1.5969,6.8586,-4.8966,0.5120
1076.50,7.6925,-4.9316,0.5119,7.8849,3.6674,1.6261,6.8600,-4.8958,0.5412
1077.00,7.6926,-4.9297,0.5399,7.8848,3.6689,1.6544,6.8199,-4.8326,0.5556
1077.50,7.6926,-4.9280,0.5721,7.8846,3.6706,1.6862,6.8213,-4.8317,0.5874
1078.00,7.6927,-4.9263,0.6078,7.8845,3.6714,1.7223,6.8220,-4.8312,0.6235
1078.50,7.6927,-4.9252,0.6425,7.8842,3.6730,1.7572,6.8233,-4.8303,0.6584
1079.00,7.6928,-4.9244,0.6764,7.8841,3.6736,1.7913,6.8238,-4.8299,0.6925
1079.50,7.6928,-4.9242,0.7093,7.8841,3.6738,1.8237,6.8240,-4.8297,0.7248
1080.00,7.6928,-4.9242,0.7419,7.8841,3.6738,1.8566,6.8240,-4.8297,0.7577
1080.50,7.6925,-4.9243,0.7755,7.8841,3.6735,1.8911,6.8237,-4.8299,0.7923
1081.00,7.6925,-4.9244,0.8096,7.8843,3.6732,1.9253,6.8235,-4.8302,0.8265
1081.50,7.6926,-4.9248,0.8427,7.8843,3.6732,1.9584,6.8235,-4.8302,0.8596
1082.00,7.6926,-4.9249,0.8752,7.8843,3.6731,1.9913,6.8234,-4.8303,0.8924
1082.50,7.6921,-4.9250,0.9086,7.8846,3.6725,2.0253,6.8230,-4.8308,0.9264
1083.00,7.7058,-4.9022,1.0023,7.8714,3.6965,2.1156,6.8384,-4.8081,1.0168
1083.50,7.7418,-4.8228,1.1131,7.8182,3.7720,2.2301,6.8717,-4.7221,1.1329
1084.00,7.7905,-4.7046,1.2119,7.7343,3.8715,2.3298,6.9170,-4.6074,1.2291
1084.50,7.8310,-4.5795,1.4178,7.6352,3.9585,2.5380,6.9447,-4.4750,1.4356
1085.00,7.8599,-4.4498,1.6059,7.5119,4.0262,2.7249,6.9549,-4.3444,1.6208
1085.50,7.8654,-4.3206,1.7380,7.3940,4.0691,2.8565,6.9655,-4.2198,1.7520
1086.00,7.8532,-4.1945,1.8931,7.2665,4.0967,3.0124,6.9482,-4.0934,1.9066
1086.50,7.8165,-4.0744,2.0200,7.1377,4.1045,3.1369,6.9217,-3.9746,2.0314
1087.00,7.7612,-3.9603,2.1147,7.0042,4.0980,-3.0498,6.8623,-3.8583,2.1276
1087.50,7.6927,-3.8507,2.1497,6.8726,4.0830,-3.0172,6.7951,-3.7475,2.1601
1088.00,7.6211,-3.7420,2.1567,6.7368,4.0659,-3.0109,6.7236,-3.6379,2.1699
1088.50,7.5497,-3.6335,2.1370,6.6022,4.0483,-3.0283,6.6434,-3.5232,2.1522
1089.00,7.4855,-3.5204,2.0289,6.4737,4.0406,-3.1376,6.5850,-3.4189,2.0429
1089.50,7.4282,-3.4031,2.0302,6.3359,4.0415,-3.1371,6.5226,-3.2936,2.0399
1090.00,7.3643,-3.2895,2.1226,6.2016,4.0345,-3.0410,6.4539,-3.1823,2.1386
1090.50,7.2924,-3.1804,2.1618,6.0717,4.0182,-2.9988,6.3833,-3.0781,2.1791
1091.00,7.2221,-3.0715,2.1390,5.9420,4.0014,-3.0239,6.3104,-2.9696,2.1514
1091.50,7.1515,-2.9621,2.1485,5.8102,3.9855,-3.0154,6.2394,-2.8587,2.1598
1092.00,7.0775,-2.8543,2.1790,5.6782,3.9668,-2.9851,6.1661,-2.7537,2.1910
1092.50,7.0025,-2.7479,2.1828,5.5515,3.9461,-2.9801,6.0932,-2.6518,2.1987
1093.00,6.9319,-2.6397,2.1304,5.4300,3.9295,-3.0300,6.0203,-2.5508,2.1470
1093.50,6.8635,-2.5292,2.1327,5.2964,3.9151,-3.0288,5.9476,-2.4356,2.1464
1094.00,6.7901,-2.4206,2.1743,5.1587,3.8966,-2.9860,5.8721,-2.3221,2.1875
1094.50,6.7137,-2.3147,2.1999,5.0236,3.8733,-2.9585,5.7912,-2.2169,2.2159
1095.00,6.6400,-2.2082,2.1535,4.8939,3.8518,-3.0050,5.7180,-2.1169,2.1680
1095.50,6.5698,-2.0991,2.1443,4.7606,3.8344,-3.0115,5.6462,-2.0061,2.1576
1096.00,6.4974,-1.9905,2.1653,4.6293,3.8160,-2.9896,5.5727,-1.8995,2.1796
1096.50,6.4220,-1.8837,2.1918,4.5034,3.7950,-2.9623,5.4960,-1.7957,2.2068
1097.00,6.3461,-1.7781,2.1946,4.3765,3.7717,-2.9574,5.4180,-1.6922,2.2108
1097.50,6.2703,-1.6725,2.1958,4.2465,3.7476,-2.9555,5.3451,-1.5861,2.2093
1098.00,6.1958,-1.5663,2.1595,4.1123,3.7237,-2.9904,5.2619,-1.4785,2.1737
1098.50,6.1256,-1.4573,2.1484,3.9777,3.7047,-3.0007,5.1923,-1.3656,2.1613
1099.00,6.0523,-1.3492,2.1737,3.8452,3.6839,-2.9716,5.1228,-1.2617,2.1885
1099.50,5.9751,-1.2437,2.2141,3.7181,3.6594,-2.9315,5.0432,-1.1620,2.2270
1100.00,5.8944,-1.1415,2.2698,3.5862,3.6280,-2.8750,4.9603,-1.0586,2.2828
1100.50,5.8087,-1.0437,2.3049,3.4665,3.5930,-2.8411,4.8785,-0.9677,2.3174
1101.00,5.7215,-0.9473,2.3030,3.3423,3.5543,-2.8414,4.7863,-0.8731,2.3183
1101.50,5.6334,-0.8521,2.3434,3.2191,3.5144,-2.8032,4.6983,-0.7795,2.3535
1102.00,5.5389,-0.7634,2.4412,3.0919,3.4627,-2.7017,4.5992,-0.6870,2.4545
1102.50,5.4365,-0.6842,2.5116,2.9768,3.4034,-2.6337,4.4995,-0.6086,2.5224
1103.00,5.3291,-0.6121,2.5966,2.8623,3.3350,-2.5502,4.3857,-0.5345,2.6095
1103.50,5.2133,-0.5484,2.7398,2.7529,3.2489,-2.4056,4.2543,-0.4763,2.7541
1104.00,5.0926,-0.4975,2.7641,2.6563,3.1579,-2.3837,4.1523,-0.4287,2.7766
1104.50,4.9729,-0.4440,2.7117,2.5565,3.0676,-2.4338,4.0333,-0.3777,2.7289
1105.00,4.8561,-0.3841,2.6758,2.4477,2.9791,-2.4736,3.9102,-0.3183,2.6881
1105.50,4.7381,-0.3304,2.7742,2.3455,2.8925,-2.3756,3.8086,-0.2638,2.7866
1106.00,4.6138,-0.2860,2.8983,2.2580,2.7949,-2.2462,3.6826,-0.2287,2.9155
1106.50,4.4878,-0.2523,2.8666,2.1782,2.6965,-2.2801,3.5637,-0.1933,2.8784
1107.00,4.3635,-0.2124,2.8356,2.0902,2.5983,-2.3120,3.4487,-0.1561,2.8456
1107.50,4.2382,-0.1786,2.9325,2.0074,2.5001,-2.2102,3.3430,-0.1213,2.9474
1108.00,4.1105,-0.1530,2.9439,1.9358,2.3999,-2.1978,3.2215,-0.1044,2.9606
1108.50,3.9845,-0.1217,2.8468,1.8531,2.2975,-2.2989,3.1007,-0.0660,2.8579
1109.00,3.8615,-0.0813,2.7729,1.7596,2.1992,-2.3724,2.9688,-0.0266,2.7835
1109.50,3.7401,-0.0357,2.8035,1.6641,2.1061,-2.3421,2.8465,0.0146,2.8138
1110.00,3.6157,0.0019,2.8911,1.5801,2.0109,-2.2532,2.7307,0.0495,2.9022
1110.50,3.4878,0.0307,3.0701,1.5063,1.9030,-2.0705,2.6097,0.0699,3.0849
1111.00,3.3579,0.0432,-3.1320,1.4474,1.7808,-1.9927,2.4820,0.0770,-3.1215
1111.50,3.2281,0.0375,-3.0648,1.3970,1.6565,-1.9211,2.3615,0.0741,-3.0515
1112.00,3.0983,0.0311,-3.1233,1.3483,1.5309,-1.9819,2.2381,0.0647,-3.1124
1112.50,2.9683,0.0287,-3.1137,1.2946,1.4085,-1.9681,2.1142,0.0632,-3.1003
1113.00,2.8383,0.0285,3.1121,1.2397,1.2856,-2.0279,2.0064,0.0570,3.1231
1113.50,2.7426,0.0363,3.0338,1.1924,1.1980,-2.1025,1.9268,0.0671,3.0503
1114.00,2.7094,0.0460,2.9860,1.1720,1.1647,-2.1489,1.8950,0.0668,2.9990
1114.50,2.6707,0.0509,2.9989,1.1500,1.1304,-2.1344,1.8546,0.0722,3.0135
1115.00,2.5706,0.0666,2.9468,1.0929,1.0438,-2.1830,1.7874,0.0960,2.9621
1115.50,2.4447,0.0923,2.8386,1.0109,0.9390,-2.2887,1.6959,0.1279,2.8529
1116.00,2.3220,0.1284,2.7765,0.9298,0.8520,-2.3506,1.6322,0.1534,2.7883
1116.50,2.2000,0.1723,2.8253,0.8368,0.7561,-2.3021,1.5011,0.1945,2.8369
1117.00,2.0747,0.2076,2.9501,0.7535,0.6529,-2.1764,1.4738,0.2316,2.9631
1117.50,1.9460,0.2319,3.0208,0.6833,0.5405,-2.1046,1.3845,0.2526,3.0349
1118.00,1.8176,0.2529,2.9322,0.6151,0.4333,-2.1880,1.2700,0.2713,2.9494
1118.50,1.6917,0.2831,2.8702,0.5317,0.3263,-2.2567,1.1405,0.3049,2.8793
1119.00,1.5663,0.3177,2.8606,0.4469,0.2214,-2.2616,1.0139,0.3352,2.8750
1119.50,1.4429,0.3606,2.7599,0.3597,0.1232,-2.3545,0.8912,0.3739,2.7787
1120.00,1.3273,0.4129,2.5879,0.2576,0.0379,-2.5342,0.7838,0.4321,2.5986
1120.50,1.2189,0.4824,2.5463,0.1484,-0.0332,-2.5766,0.6809,0.4991,2.5546
1121.00,1.1091,0.5513,2.6411,0.0391,-0.1079,-2.4820,0.5660,0.5665,2.6509
1121.50,0.9981,0.6122,2.8816,-0.0560,-0.1993,-2.2412,0.4590,0.6131,2.8929
1122.00,0.8703,0.6577,3.0849,-0.1304,-0.3181,-2.0368,0.3497,0.6421,3.1001
1122.50,0.7403,0.6686,-3.1161,-0.1881,-0.4446,-1.9553,0.2268,0.6722,-3.1022
1123.00,0.6122,0.6657,-3.0888,-0.2352,-0.5700,-1.9228,0.1064,0.6662,-3.0689
1123.50,0.5211,0.6634,3.0708,-0.2709,-0.6546,-2.0443,0.0258,0.6694,3.0906
1124.00,0.4868,0.6681,3.0192,-0.2881,-0.6869,-2.0913,-0.0260,0.6708,3.0336
1124.50,0.4866,0.6748,2.9708,-0.2919,-0.6933,-2.1390,-0.0269,0.6706,2.9860
1125.00,0.4866,0.6810,2.9239,-0.2965,-0.7002,-2.1857,-0.0350,0.6721,2.9393
1125.50,0.4866,0.6868,2.8785,-0.2997,-0.7045,-2.2303,-0.0403,0.6733,2.8947
1126.00,0.4865,0.6921,2.8344,-0.3029,-0.7085,-2.2738,-0.0452,0.6746,2.8512
1126.50,0.4865,0.6969,2.7916,-0.3071,-0.7133,-2.3162,-0.0513,0.6765,2.8088
1127.00,0.4864,0.7012,2.7500,-0.3103,-0.7167,-2.3574,-0.0557,0.6781,2.7676
1127.50,0.4864,0.7050,2.7096,-0.3127,-0.7190,-2.3978,-0.0587,0.6794,2.7271
1128.00,0.4864,0.7084,2.6702,-0.3155,-0.7215,-2.4363,-0.0622,0.6809,2.6887
1128.50,0.4751,0.7144,2.6117,-0.3260,-0.7299,-2.4925,-0.0323,0.7165,2.6272
1129.00,0.4135,0.7509,2.5944,-0.3856,-0.7743,-2.5062,-0.0967,0.7536,2.6135
1129.50,0.3097,0.8167,2.5173,-0.4933,-0.8487,-2.5818,-0.1921,0.8214,2.5327
1130.00,0.2095,0.8984,2.3646,-0.6102,-0.9112,-2.7336,-0.2869,0.9017,2.3783
1130.50,0.1213,0.9943,2.2858,-0.7334,-0.9573,-2.8119,-0.3652,0.9971,2.2970
1131.00,0.0362,1.0926,2.2905,-0.8610,-1.0012,-2.8051,-0.4583,1.0961,2.3039
1131.50,-0.0494,1.1904,2.2911,-0.9906,-1.0463,-2.8055,-0.5451,1.1949,2.3024
1132.00,-0.1357,1.2876,2.2978,-1.1112,-1.0893,-2.7984,-0.6335,1.2864,2.3094
1132.50,-0.2226,1.3842,2.3161,-1.2430,-1.1372,-2.7820,-0.7206,1.3872,2.3282
1133.00,-0.3136,1.4764,2.3921,-1.3697,-1.1899,-2.7039,-0.8060,1.4736,2.4085
1133.50,-0.4123,1.5609,2.4889,-1.4820,-1.2487,-2.6059,-0.9055,1.5523,2.5060
1134.00,-0.5040,1.6274,2.5541,-1.5767,-1.3099,-2.5393,-0.9969,1.6170,2.5714
1134.50,-0.5472,1.6561,2.5543,-1.6208,-1.3403,-2.5397,-1.0443,1.6468,2.5692
1135.00,-0.5416,1.6523,2.5543,-1.6158,-1.3369,-2.5396,-1.0392,1.6435,2.5694
1135.50,-0.5249,1.6412,2.5543,-1.5999,-1.3260,-2.5391,-1.0230,1.6331,2.5699
1136.00,-0.5083,1.6302,2.5543,-1.5823,-1.3138,-2.5386,-1.0050,1.6215,2.5704
1136.50,-0.4916,1.6191,2.5543,-1.5654,-1.3021,-2.5382,-0.9877,1.6104,2.5708
1137.00,-0.4750,1.6080,2.5543,-1.5486,-1.2906,-2.5378,-0.9706,1.5994,2.5712
1137.50,-0.4583,1.5969,2.5543,-1.5310,-1.2785,-2.5370,-0.9525,1.5879,2.5719
1138.00,-0.4417,1.5858,2.5543,-1.5154,-1.2677,-2.5365,-0.9366,1.5776,2.5724
1138.50,-0.4250,1.5747,2.5543,-1.4985,-1.2560,-2.5357,-0.9193,1.5666,2.5733
1139.00,-0.4084,1.5637,2.5543,-1.4808,-1.2437,-2.5360,-0.8900,1.5539,2.5718
1139.50,-0.3917,1.5526,2.5543,-1.4614,-1.2303,-2.5354,-0.8701,1.5412,2.5724
1140.00,-0.3751,1.5415,2.5543,-1.4459,-1.2195,-2.5349,-0.8542,1.5310,2.5729
1140.50,-0.3584,1.5304,2.5543,-1.4284,-1.2074,-2.5342,-0.8363,1.5196,2.5736
1141.00,-0.3418,1.5193,2.5543,-1.4112,-1.1954,-2.5332,-0.8372,1.5155,2.5688
1141.50,-0.3251,1.5083,2.5543,-1.3948,-1.1840,-2.5327,-0.8204,1.5046,2.5693
1142.00,-0.3085,1.4972,2.5543,-1.3772,-1.1717,-2.5322,-0.8024,1.4930,2.5698
1142.50,-0.2918,1.4861,2.5543,-1.3611,-1.1604,-2.5320,-0.7858,1.4824,2.5700
1143.00,-0.2752,1.4750,2.5543,-1.3449,-1.1491,-2.5315,-0.7693,1.4717,2.5705
1143.50,-0.2585,1.4639,2.5543,-1.3300,-1.1387,-2.5312,-0.7511,1.4562,2.5697
1144.00,-0.2484,1.4572,2.5543,-1.3190,-1.1310,-2.5305,-0.7397,1.4489,2.5704
1144.50,-0.2484,1.4572,2.5543,-1.3190,-1.1310,-2.5300,-0.7397,1.4489,2.5708
1145.00,-0.2484,1.4572,2.5543,-1.3190,-1.1310,-2.5297,-0.7397,1.4489,2.5711
1145.50,-0.2484,1.4572,2.5543,-1.3190,-1.1310,-2.5292,-0.7397,1.4489,2.5716
1146.00,-0.2484,1.4570,2.5621,-1.3187,-1.1308,-2.5217,-0.7395,1.4487,2.5791
1146.50,-0.2484,1.4550,2.5985,-1.3170,-1.1295,-2.4860,-0.7376,1.4476,2.6148
1147.00,-0.2483,1.4526,2.6359,-1.3144,-1.1274,-2.4468,-0.7347,1.4460,2.6540
1147.50,-0.2483,1.4496,2.6743,-1.3120,-1.1254,-2.4080,-0.7319,1.4446,2.6929
1148.00,-0.2482,1.4463,2.7138,-1.3092,-1.1227,-2.3676,-0.7346,1.4424,2.7298
1148.50,-0.2482,1.4424,2.7543,-1.3066,-1.1201,-2.3266,-0.7312,1.4410,2.7708
1149.00,-0.2481,1.4380,2.7960,-1.3037,-1.1169,-2.2844,-0.7272,1.4395,2.8130
1149.50,-0.2481,1.4332,2.8389,-1.3005,-1.1131,-2.2406,-0.7224,1.4380,2.8568
1150.00,-0.2481,1.4278,2.8831,-1.2975,-1.1090,-2.1963,-0.7175,1.4366,2.9010
1150.50,-0.2480,1.4220,2.9287,-1.2950,-1.1055,-2.1499,-0.7133,1.4357,2.9475
1151.00,-0.2480,1.4157,2.9758,-1.2916,-1.1000,-2.1023,-0.7070,1.4346,2.9950
1151.50,-0.2480,1.4089,3.0245,-1.2881,-1.0938,-2.0530,-0.6999,1.4337,3.0444
1152.00,-0.2480,1.4016,3.0749,-1.2857,-1.0888,-2.0018,-0.6944,1.4333,3.0956
1152.50,-0.2480,1.3939,3.1272,-1.2822,-1.0808,-1.9484,-0.7204,1.3992,-3.1400
1153.00,-0.2480,1.3859,-3.1026,-1.2833,-1.0838,-1.8945,-0.7312,1.3916,-3.0873
1153.50,-0.2480,1.3784,-3.0512,-1.2854,-1.0909,-1.8426,-0.7386,1.3910,-3.0354
1154.00,-0.2480,1.3713,-3.0016,-1.2869,-1.0968,-1.7927,-0.7446,1.3902,-2.9855
1154.50,-0.2480,1.3648,-2.9537,-1.2880,-1.1021,-1.7462,-0.7500,1.3892,-2.9390
1155.00,-0.2481,1.3587,-2.9074,-1.2890,-1.1086,-1.6972,-0.7563,1.3878,-2.8901
1155.50,-0.2481,1.3531,-2.8624,-1.2894,-1.1131,-1.6523,-0.7607,1.3865,-2.8451
1156.00,-0.2481,1.3480,-2.8188,-1.2897,-1.1179,-1.6084,-0.7652,1.3850,-2.8013
1156.50,-0.2482,1.3433,-2.7765,-1.2898,-1.1227,-1.5658,-0.7698,1.3833,-2.7587
1157.00,-0.2482,1.3392,-2.7353,-1.2897,-1.1273,-1.5236,-0.7740,1.3815,-2.7165
1157.50,-0.2482,1.3355,-2.6953,-1.2894,-1.1313,-1.4828,-0.7776,1.3798,-2.6757
1158.00,-0.2483,1.3324,-2.6563,-1.2891,-1.1348,-1.4432,-0.7696,1.3646,-2.6379
1158.50,-0.2483,1.3297,-2.6184,-1.2887,-1.1373,-1.4051,-0.7424,1.3274,-2.6049
1159.00,-0.2484,1.3274,-2.5815,-1.2884,-1.1390,-1.3676,-0.7438,1.3265,-2.5674
1159.50,-0.2484,1.3256,-2.5455,-1.2880,-1.1408,-1.3312,-0.7453,1.3255,-2.5310
1160.00,-0.2485,1.3243,-2.5104,-1.2875,-1.1424,-1.2958,-0.7467,1.3245,-2.4956
1160.50,-0.2485,1.3235,-2.4763,-1.2873,-1.1432,-1.2608,-0.7474,1.3239,-2.4606
1161.00,-0.2486,1.3230,-2.4430,-1.2872,-1.1436,-1.2267,-0.7477,1.3237,-2.4265
1161.50,-0.2486,1.3230,-2.4105,-1.2872,-1.1437,-1.1938,-0.7477,1.3236,-2.3936
1162.00,-0.2483,1.3231,-2.3773,-1.2873,-1.1434,-1.1597,-0.7476,1.3238,-2.3595
1162.50,-0.2483,1.3232,-2.3431,-1.2874,-1.1432,-1.1249,-0.7474,1.3240,-2.3247
1163.00,-0.2484,1.3235,-2.3118,-1.2877,-1.1425,-1.0905,-0.7469,1.3246,-2.2903
1163.50,-0.2484,1.3237,-2.2864,-1.2878,-1.1423,-1.0624,-0.7467,1.3248,-2.2622
1164.00,-0.2483,1.3237,-2.2619,-1.2878,-1.1423,-1.0371,-0.7467,1.3247,-2.2369
1164.50,-0.2479,1.3238,-2.2369,-1.2882,-1.1416,-1.0119,-0.7462,1.3254,-2.2117
1165.00,-0.2473,1.3238,-2.2114,-1.2887,-1.1409,-0.9866,-0.7458,1.3260,-2.1864
1165.50,-0.2465,1.3238,-2.1854,-1.2889,-1.1406,-0.9599,-0.7455,1.3264,-2.1597
1166.00,-0.2455,1.3239,-2.1602,-1.2894,-1.1399,-0.9321,-0.7450,1.3271,-2.1319
1166.50,-0.2441,1.3239,-2.1332,-1.2903,-1.1387,-0.9053,-0.7443,1.3284,-2.1051
1167.00,-0.2425,1.3240,-2.1051,-1.2913,-1.1375,-0.8751,-0.7435,1.3297,-2.0749
1167.50,-0.2400,1.3240,-2.0677,-1.2929,-1.1356,-0.8372,-0.7423,1.3319,-2.0370
1168.00,-0.2370,1.3241,-2.0290,-1.2946,-1.1338,-0.7978,-0.7413,1.3342,-1.9976
1168.50,-0.2335,1.3241,-1.9893,-1.2967,-1.1318,-0.7580,-0.7401,1.3369,-1.9578
1169.00,-0.2295,1.3241,-1.9485,-1.2993,-1.1295,-0.7172,-0.7389,1.3401,-1.9170
1169.50,-0.2250,1.3242,-1.9065,-1.3029,-1.1264,-0.6748,-0.7374,1.3446,-1.8746
1170.00,-0.2215,1.2978,-1.7902,-1.2817,-1.1415,-0.5675,-0.7438,1.3194,-1.7673
1170.50,-0.2093,1.2082,-1.5586,-1.2005,-1.1796,-0.3374,-0.7499,1.2299,-1.5372
1171.00,-0.1933,1.0884,-1.4909,-1.0865,-1.2136,-0.2686,-0.6874,1.0833,-1.4754
1171.50,-0.1897,1.0237,-1.5392,-1.0248,-1.2314,-0.3121,-0.6707,1.0194,-1.5223
1172.00,-0.1933,1.0148,-1.5916,-1.0121,-1.2357,-0.3627,-0.6702,1.0060,-1.5730
1172.50,-0.2010,1.0148,-1.6437,-1.0057,-1.2383,-0.4138,-0.6704,0.9990,-1.6241
1173.00,-0.2082,1.0148,-1.6939,-0.9986,-1.2416,-0.4633,-0.6710,0.9913,-1.6736
1173.50,-0.2149,1.0147,-1.7424,-0.9925,-1.2448,-0.5120,-0.6719,0.9844,-1.7223
1174.00,-0.2212,1.0147,-1.7893,-0.9875,-1.2478,-0.5585,-0.6728,0.9787,-1.7688
1174.50,-0.2269,1.0147,-1.8347,-0.9831,-1.2507,-0.6032,-0.6740,0.9735,-1.8135
1175.00,-0.2322,1.0147,-1.8788,-0.9783,-1.2541,-0.6466,-0.7025,1.0069,-1.8639
1175.50,-0.2385,1.0060,-1.9430,-0.9690,-1.2616,-0.7063,-0.7063,0.9955,-1.9236
1176.00,-0.2580,0.9467,-2.0657,-0.9252,-1.3038,-0.8263,-0.7308,0.9398,-2.0435
1176.50,-0.3170,0.8465,-2.2487,-0.8539,-1.3988,-1.0107,-0.8076,0.8438,-2.2366
1177.00,-0.3994,0.7581,-2.4327,-0.7968,-1.5072,-1.1922,-0.8780,0.7490,-2.4175
1177.50,-0.4857,0.7021,-2.6602,-0.7684,-1.6122,-1.4187,-0.9707,0.6870,-2.6474
1178.00,-0.6049,0.6555,-2.8765,-0.7630,-1.7401,-1.6363,-1.0847,0.6425,-2.8651
1178.50,-0.7321,0.6203,-2.9689,-0.7789,-1.8704,-1.7288,-1.2160,0.6176,-2.9567
1179.00,-0.8596,0.5938,-2.9097,-0.7965,-2.0023,-1.6646,-1.3322,0.5834,-2.8940
1179.50,-0.9862,0.5652,-2.9315,-0.8095,-2.1339,-1.6889,-1.4609,0.5520,-2.9197
1180.00,-1.1130,0.5350,-2.9032,-0.8231,-2.2634,-1.6575,-1.5702,0.5216,-2.8883
1180.50,-1.2401,0.5086,-2.9713,-0.8379,-2.3919,-1.7287,-1.7067,0.4928,-2.9588
1181.00,-1.3682,0.4855,-2.9549,-0.8588,-2.5263,-1.7070,-1.8261,0.4675,-2.9377
1181.50,-1.4964,0.4656,-3.0122,-0.8790,-2.6521,-1.7668,-1.9490,0.4445,-2.9983
1182.00,-1.6251,0.4467,-2.9774,-0.9024,-2.7777,-1.7273,-2.0814,0.4245,-2.9629
1182.50,-1.7535,0.4267,-2.9825,-0.9236,-2.9057,-1.7359,-2.2127,0.4025,-2.9698
1183.00,-1.8810,0.3997,-2.9126,-0.9413,-3.0428,-1.6604,-2.3366,0.3740,-2.8949
1183.50,-2.0080,0.3723,-2.9591,-0.9551,-3.1757,-1.7080,-2.4636,0.3429,-2.9444
1184.00,-2.1359,0.3490,-2.9429,-0.9731,-3.3038,-1.6891,-2.5811,0.3202,-2.9255
1184.50,-2.2634,0.3237,-2.9493,-0.9884,-3.4298,-1.6986,-2.6977,0.2930,-2.9371
1185.00,-2.3902,0.2935,-2.8855,-1.0015,-3.5604,-1.6316,-2.8339,0.2627,-2.8694
1185.50,-2.5151,0.2540,-2.8318,-1.0063,-3.6927,-1.5790,-2.9575,0.2240,-2.8164
1186.00,-2.6382,0.2087,-2.7952,-1.0048,-3.8269,-1.5422,-3.0760,0.1761,-2.7803
1186.50,-2.7605,0.1645,-2.8229,-1.0011,-3.9495,-1.5640,-3.1780,0.1287,-2.8032
1187.00,-2.8860,0.1292,-2.9249,-1.0083,-4.0805,-1.6738,-3.3154,0.0927,-2.9135
1187.50,-3.0126,0.0987,-2.8817,-1.0211,-4.2204,-1.6307,-3.4505,0.0593,-2.8692
1188.00,-3.1366,0.0594,-2.7919,-1.0230,-4.3565,-1.5379,-3.5568,0.0169,-2.7756
1188.50,-3.2584,0.0149,-2.8076,-1.0181,-4.4835,-1.5522,-3.6839,-0.0294,-2.7911
1189.00,-3.3831,-0.0216,-2.8882,-1.0219,-4.6086,-1.6351,-3.7981,-0.0667,-2.8749
1189.50,-3.5093,-0.0516,-2.9161,-1.0322,-4.7440,-1.6655,-3.9305,-0.1010,-2.9054
1190.00,-3.6354,-0.0848,-2.8596,-1.0423,-4.8792,-1.6086,-4.0565,-0.1354,-2.8458
1190.50,-3.7595,-0.1241,-2.8460,-1.0445,-5.0143,-1.5915,-4.1786,-0.1775,-2.8271
1191.00,-3.8851,-0.1563,-2.8978,-1.0520,-5.1471,-1.6461,-4.2966,-0.2143,-2.8849
1191.50,-4.0112,-0.1875,-2.9066,-1.0613,-5.2765,-1.6543,-4.4232,-0.2458,-2.8921
1192.00,-4.1372,-0.2204,-2.8670,-1.0707,-5.4074,-1.6153,-4.5494,-0.2797,-2.8531
1192.50,-4.2614,-0.2602,-2.8373,-1.0732,-5.5404,-1.5831,-4.6790,-0.3209,-2.8195
1193.00,-4.3856,-0.2989,-2.8332,-1.0753,-5.6748,-1.5797,-4.7995,-0.3632,-2.8178
1193.50,-4.5088,-0.3426,-2.8135,-1.0743,-5.8025,-1.5562,-4.9078,-0.4060,-2.7943
1194.00,-4.6335,-0.3790,-2.9071,-1.0783,-5.9459,-1.6516,-5.0471,-0.4491,-2.8912
1194.50,-4.7601,-0.4095,-2.9032,-1.0898,-6.0794,-1.6471,-5.1697,-0.4801,-2.8887
1195.00,-4.8852,-0.4472,-2.8228,-1.0950,-6.2120,-1.5652,-5.2898,-0.5182,-2.8065
1195.50,-5.0073,-0.4933,-2.7773,-1.0903,-6.3401,-1.5173,-5.4069,-0.5640,-2.7583
1196.00,-5.1286,-0.5413,-2.7623,-1.0823,-6.4844,-1.5023,-5.5341,-0.6183,-2.7450
1196.50,-5.2488,-0.5930,-2.7410,-1.0712,-6.6192,-1.4808,-5.6525,-0.6722,-2.7242
1197.00,-5.3675,-0.6488,-2.6864,-1.0564,-6.7523,-1.4264,-5.7664,-0.7291,-2.6709
1197.50,-5.4811,-0.7136,-2.5765,-1.0303,-6.8833,-1.3150,-5.8802,-0.7959,-2.5616
1198.00,-5.5859,-0.7884,-2.4289,-0.9877,-7.0101,-1.1668,-5.9800,-0.8765,-2.4132
1198.50,-5.6696,-0.8757,-2.2245,-0.9272,-7.1199,-0.9635,-6.0639,-0.9616,-2.2115
1199.00,-5.7425,-0.9739,-1.9874,-0.8433,-7.2165,-0.7266,-6.1251,-1.0721,-1.9729
1199.50,-5.8051,-1.0935,-1.7413,-0.7284,-7.2957,-0.4797,-6.1650,-1.1944,-1.7248
1200.00,-5.8416,-1.2229,-1.5671,-0.6008,-7.3492,-0.3071,-6.2049,-1.3178,-1.5492
1200.50,-5.8503,-1.3525,-1.4456,-0.4764,-7.3800,-0.1869,-6.2132,-1.4407,-1.4292
1201.00,-5.8364,-1.4815,-1.4799,-0.3449,-7.4052,-0.2198,-6.2080,-1.5735,-1.4602
1201.50,-5.8295,-1.6113,-1.6460,-0.2147,-7.4460,-0.3900,-6.2122,-1.7088,-1.6304
1202.00,-5.8376,-1.7407,-1.6618,-0.0952,-7.4982,-0.4061,-6.2156,-1.8337,-1.6467
1202.50,-5.8436,-1.8704,-1.6172,0.0233,-7.5453,-0.3613,-6.2186,-1.9611,-1.6004
1203.00,-5.8453,-2.0003,-1.5974,0.1524,-7.5926,-0.3398,-6.2152,-2.0939,-1.5788
1203.50,-5.8502,-2.1302,-1.6116,0.2803,-7.6384,-0.3521,-6.2174,-2.2298,-1.5912
1204.00,-5.8554,-2.2601,-1.6094,0.4035,-7.6836,-0.3496,-6.2200,-2.3487,-1.5921
1204.50,-5.8572,-2.3901,-1.5937,0.5296,-7.7284,-0.3331,-6.2208,-2.4873,-1.5756
1205.00,-5.8594,-2.5200,-1.5914,0.6496,-7.7696,-0.3301,-6.2207,-2.6094,-1.5722
1205.50,-5.8637,-2.6500,-1.5994,0.7765,-7.8137,-0.3388,-6.2200,-2.7438,-1.5827
1206.00,-5.8673,-2.7799,-1.5982,0.9022,-7.8580,-0.3381,-6.2216,-2.8741,-1.5803
1206.50,-5.8699,-2.9099,-1.5906,1.0249,-7.9009,-0.3314,-6.2249,-3.0040,-1.5730
1207.00,-5.8713,-3.0399,-1.5925,1.1576,-7.9453,-0.3305,-6.2198,-3.1388,-1.5730
1207.50,-5.8762,-3.1698,-1.5979,1.2811,-7.9883,-0.3357,-6.2202,-3.2672,-1.5809
1208.00,-5.8776,-3.2998,-1.5856,1.4074,-8.0306,-0.3205,-6.2229,-3.3904,-1.5657
1208.50,-5.8785,-3.4298,-1.5636,1.5279,-8.0698,-0.2946,-6.2215,-3.5172,-1.5410
1209.00,-5.8743,-3.5598,-1.5541,1.6557,-8.1059,-0.2813,-6.2118,-3.6571,-1.5312
1209.50,-5.8739,-3.6897,-1.5525,1.7819,-8.1441,-0.2804,-6.2120,-3.7790,-1.5337
1210.00,-5.8670,-3.8196,-1.5182,1.9092,-8.1764,-0.2412,-6.2038,-3.9098,-1.4957
1210.50,-5.8651,-3.9495,-1.5535,2.0379,-8.2117,-0.2761,-6.1950,-4.0428,-1.5317
1211.00,-5.8589,-4.0794,-1.5204,2.1723,-8.2458,-0.2377,-6.1927,-4.1774,-1.4980
1211.50,-5.8482,-4.2090,-1.4552,2.3031,-8.2736,-0.1685,-6.1731,-4.3003,-1.4334
1212.00,-5.8282,-4.3374,-1.3845,2.4402,-8.2914,-0.0963,-6.1486,-4.4364,-1.3642
1212.50,-5.7990,-4.4644,-1.3218,2.5799,-8.3009,-0.0308,-6.1160,-4.5572,-1.2998
1213.00,-5.7650,-4.5806,-1.2880,2.7002,-8.3021,0.0023,-6.0829,-4.6688,-1.2690
1213.50,-5.7428,-4.6568,-1.3142,2.7861,-8.3021,-0.0214,-6.0606,-4.7468,-1.2945
1214.00,-5.7287,-4.6995,-1.4496,2.8303,-8.3052,-0.1511,-6.0511,-4.7901,-1.4207
1214.50,-5.7231,-4.7272,-1.5847,2.8575,-8.3111,-0.2855,-6.0476,-4.8175,-1.5621
1215.00,-5.7264,-4.7533,-1.7007,2.8839,-8.3204,-0.4010,-6.0401,-4.8373,-1.6805
1215.50,-5.7303,-4.7595,-1.7337,2.8913,-8.3238,-0.4346,-6.0393,-4.8436,-1.7146
1216.00,-5.7303,-4.7595,-1.7337,2.8913,-8.3238,-0.4340,-6.0393,-4.8436,-1.7141
1216.50,-5.7303,-4.7595,-1.7337,2.8913,-8.3237,-0.4330,-6.0393,-4.8436,-1.7131
1217.00,-5.7303,-4.7595,-1.7337,2.8913,-8.3237,-0.4326,-6.0392,-4.8436,-1.7126
1217.50,-5.7303,-4.7595,-1.7337,2.8913,-8.3237,-0.4321,-6.0392,-4.8436,-1.7122
1218.00,-5.7303,-4.7595,-1.7337,2.8913,-8.3237,-0.4314,-6.0392,-4.8436,-1.7115
1218.50,-5.7303,-4.7595,-1.7337,2.8913,-8.3237,-0.4312,-6.0392,-4.8436,-1.7112
1219.00,-5.7303,-4.7595,-1.7337,2.8913,-8.3237,-0.4305,-6.0392,-4.8436,-1.7106
1219.50,-5.7303,-4.7595,-1.7337,2.8913,-8.3237,-0.4297,-6.0392,-4.8436,-1.7098
1220.00,-5.7303,-4.7595,-1.7337,2.8913,-8.3237,-0.4298,-6.0392,-4.8436,-1.7099
1220.50,-5.7303,-4.7595,-1.7337,2.8913,-8.3237,-0.4293,-6.0392,-4.8436,-1.7094
1221.00,-5.7303,-4.7595,-1.7337,2.8913,-8.3237,-0.4290,-6.0392,-4.8436,-1.7091
1221.50,-5.7303,-4.7595,-1.7337,2.8913,-8.3237,-0.4283,-6.0392,-4.8436,-1.7084
1222.00,-5.7303,-4.7595,-1.7337,2.8913,-8.3237,-0.4276,-6.0392,-4.8436,-1.7077
1222.50,-5.7303,-4.7595,-1.7337,2.8913,-8.3237,-0.4271,-6.0392,-4.8436,-1.7072
1223.00,-5.7303,-4.7595,-1.7337,2.8913,-8.3237,-0.4267,-6.0392,-4.8436,-1.7067
1223.50,-5.7303,-4.7595,-1.7337,2.8913,-8.3237,-0.4260,-6.0392,-4.8436,-1.7061
1224.00,-5.7303,-4.7595,-1.7337,2.8913,-8.3237,-0.4256,-6.0392,-4.8436,-1.7057
1224.50,-5.7303,-4.7595,-1.7337,2.8913,-8.3237,-0.4247,-6.0392,-4.8436,-1.7047
1225.00,-5.7303,-4.7595,-1.7337,2.8913,-8.3237,-0.4238,-6.0392,-4.8436,-1.7039
1225.50,-5.7303,-4.7595,-1.7337,2.8913,-8.3237,-0.4233,-6.0392,-4.8436,-1.7034
1226.00,-5.7303,-4.7595,-1.7337,2.8913,-8.3237,-0.4225,-6.0392,-4.8436,-1.7025
1226.50,-5.7303,-4.7595,-1.7337,2.8913,-8.3237,-0.4224,-6.0392,-4.8436,-1.7024
1227.00,-5.7303,-4.7595,-1.7337,2.8913,-8.3237,-0.4216,-6.0392,-4.8436,-1.7016
1227.50,-5.7303,-4.7595,-1.7337,2.8913,-8.3237,-0.4214,-6.0392,-4.8436,-1.7015
1228.00,-5.7303,-4.7595,-1.7337,2.8913,-8.3237,-0.4212,-6.0392,-4.8436,-1.7013
1228.50,-5.7303,-4.7595,-1.7337,2.8913,-8.3237,-0.4207,-6.0392,-4.8436,-1.7007
1229.00,-5.7303,-4.7595,-1.7337,2.8913,-8.3237,-0.4203,-6.0392,-4.8436,-1.7004
1229.50,-5.7303,-4.7595,-1.7337,2.8913,-8.3237,-0.4197,-6.0392,-4.8436,-1.6998
