t,gt_x,gt_y,gt_yaw,odom_x,odom_y,odom_yaw,slam_x,slam_y,slam_yaw
53.00,-0.0000,0.0000,0.0000,0.0000,0.0000,-0.0070,,,
53.50,-0.0000,0.0000,0.0000,0.0000,0.0000,-0.0072,0.0000,0.0000,-0.0072
54.00,-0.0000,0.0000,0.0000,0.0000,0.0000,-0.0073,0.0000,0.0000,-0.0073
54.50,-0.0000,0.0000,0.0000,0.0000,0.0000,-0.0076,0.0000,0.0000,-0.0076
55.00,-0.0000,0.0000,0.0000,0.0000,0.0000,-0.0075,0.0000,0.0000,-0.0075
55.50,-0.0000,0.0000,0.0000,0.0000,0.0000,-0.0072,0.0000,0.0000,-0.0072
56.00,-0.0000,0.0000,0.0000,0.0000,0.0000,-0.0075,0.0000,0.0000,-0.0075
56.50,-0.0000,0.0000,0.0000,0.0000,0.0000,-0.0069,0.0000,0.0000,-0.0069
57.00,-0.0000,0.0000,0.0000,0.0000,0.0000,-0.0066,0.0000,0.0000,-0.0066
57.50,-0.0000,0.0000,0.0000,0.0000,0.0000,-0.0067,0.0000,0.0000,-0.0067
58.00,-0.0000,0.0000,0.0000,0.0000,0.0000,-0.0071,0.0000,0.0000,-0.0071
58.50,-0.0000,0.0000,0.0000,0.0000,0.0000,-0.0069,0.0000,0.0000,-0.0069
59.00,-0.0000,0.0000,0.0000,0.0000,0.0000,-0.0075,0.0000,0.0000,-0.0075
59.50,-0.0000,0.0000,0.0000,0.0000,0.0000,-0.0080,0.0000,0.0000,-0.0080
60.00,-0.0000,0.0000,0.0000,0.0000,0.0000,-0.0080,0.0000,0.0000,-0.0080
60.50,-0.0000,0.0000,0.0000,0.0000,0.0000,-0.0078,0.0000,0.0000,-0.0078
61.00,-0.0000,0.0000,0.0000,0.0000,0.0000,-0.0076,0.0000,0.0000,-0.0076
61.50,0.0121,-0.0000,-0.0000,0.0075,-0.0001,-0.0080,0.0075,-0.0001,-0.0080
62.00,0.0721,-0.0000,-0.0000,0.0694,-0.0006,-0.0085,0.0694,-0.0006,-0.0085
62.50,0.1321,-0.0000,-0.0000,0.1301,-0.0011,-0.0090,0.0965,-0.0021,-0.0031
63.00,0.1921,-0.0000,-0.0000,0.1878,-0.0016,-0.0092,0.1278,-0.0028,0.0012
63.50,0.2521,-0.0000,-0.0000,0.2469,-0.0022,-0.0087,0.1069,-0.0027,0.0018
64.00,0.3121,-0.0000,-0.0000,0.3092,-0.0027,-0.0089,0.1692,-0.0026,0.0015
64.50,0.3721,-0.0000,-0.0000,0.3692,-0.0032,-0.0090,0.2292,-0.0021,-0.0020
65.00,0.4321,-0.0000,-0.0000,0.4294,-0.0038,-0.0095,0.2094,-0.0022,-0.0026
65.50,0.4921,-0.0000,-0.0000,0.4869,-0.0043,-0.0100,0.2669,-0.0024,-0.0030
66.00,0.5521,-0.0000,-0.0000,0.5505,-0.0050,-0.0102,0.3205,-0.0026,-0.0033
66.50,0.6121,-0.0000,-0.0000,0.6110,-0.0056,-0.0103,0.3410,-0.0028,-0.0033
67.00,0.6721,-0.0000,-0.0000,0.6797,-0.0063,-0.0107,0.3697,-0.0030,-0.0037
67.50,0.7321,-0.0000,-0.0000,0.7394,-0.0070,-0.0108,0.3894,-0.0033,-0.0039
68.00,0.7921,-0.0000,-0.0000,0.8015,-0.0076,-0.0110,0.4515,-0.0035,-0.0040
68.50,0.8521,-0.0000,-0.0000,0.8624,-0.0083,-0.0109,0.4912,-0.0037,-0.0039
69.00,0.9121,-0.0000,-0.0000,0.9237,-0.0090,-0.0110,0.5438,-0.0040,-0.0040
69.50,0.9721,-0.0000,-0.0000,0.9903,-0.0097,-0.0108,0.6003,-0.0042,-0.0038
70.00,1.0321,-0.0000,-0.0000,1.0468,-0.0103,-0.0108,0.6469,-0.0044,-0.0039
70.50,1.0921,-0.0000,-0.0000,1.1077,-0.0110,-0.0109,0.7078,-0.0047,-0.0039
71.00,1.1521,-0.0000,-0.0000,1.1723,-0.0117,-0.0110,0.7623,-0.0049,-0.0040
71.50,1.2121,-0.0000,-0.0000,1.2311,-0.0123,-0.0115,0.8011,-0.0052,-0.0045
72.00,1.2284,-0.0000,-0.0000,1.2540,-0.0126,-0.0119,0.8240,-0.0053,-0.0049
72.50,1.2284,-0.0000,-0.0000,1.2540,-0.0126,-0.0119,0.8240,-0.0053,-0.0049
73.00,1.2284,-0.0000,-0.0000,1.2540,-0.0126,-0.0120,0.8240,-0.0053,-0.0050
73.50,1.2284,-0.0000,-0.0000,1.2540,-0.0126,-0.0118,0.8240,-0.0053,-0.0048
74.00,1.2284,-0.0000,-0.0000,1.2540,-0.0126,-0.0123,0.8240,-0.0053,-0.0054
74.50,1.2284,-0.0000,-0.0000,1.2540,-0.0126,-0.0124,0.8240,-0.0053,-0.0055
75.00,1.2284,-0.0000,-0.0000,1.2540,-0.0126,-0.0126,0.8240,-0.0053,-0.0056
75.50,1.2284,-0.0000,-0.0000,1.2540,-0.0126,-0.0130,0.8240,-0.0053,-0.0060
76.00,1.2284,-0.0000,-0.0000,1.2540,-0.0126,-0.0125,0.8240,-0.0053,-0.0056
76.50,1.2284,-0.0000,-0.0000,1.2540,-0.0126,-0.0124,0.8240,-0.0053,-0.0054
77.00,1.2284,-0.0000,-0.0000,1.2540,-0.0126,-0.0124,0.8240,-0.0053,-0.0054
77.50,1.2284,-0.0000,-0.0000,1.2540,-0.0126,-0.0127,0.8240,-0.0053,-0.0057
78.00,1.2284,-0.0000,-0.0000,1.2540,-0.0126,-0.0123,0.8240,-0.0053,-0.0053
78.50,1.2284,-0.0000,-0.0000,1.2540,-0.0126,-0.0121,0.8240,-0.0053,-0.0051
79.00,1.2284,-0.0000,-0.0000,1.2540,-0.0126,-0.0126,0.8240,-0.0053,-0.0056
79.50,1.2284,-0.0000,-0.0000,1.2540,-0.0126,-0.0122,0.8240,-0.0053,-0.0053
80.00,1.2284,0.0006,0.0141,1.2541,-0.0126,-0.0040,0.8241,-0.0053,0.0030
80.50,1.2284,0.0072,0.0664,1.2615,-0.0124,0.0484,0.8315,-0.0051,0.0553
81.00,1.2285,0.0145,0.1169,1.2699,-0.0118,0.0989,0.8400,-0.0044,0.1059
81.50,1.2285,0.0213,0.1655,1.2771,-0.0109,0.1476,0.8572,0.0159,0.1581
82.00,1.2285,0.0276,0.2126,1.2825,-0.0100,0.1949,0.8626,0.0169,0.2053
82.50,1.2285,0.0335,0.2582,1.2882,-0.0087,0.2407,0.8683,0.0182,0.2511
83.00,1.2286,0.0388,0.3024,1.2931,-0.0074,0.2846,0.8731,0.0195,0.2951
83.50,1.2286,0.0437,0.3454,1.2975,-0.0060,0.3274,0.8775,0.0210,0.3378
84.00,1.2286,0.0480,0.3871,1.3009,-0.0048,0.3692,0.8809,0.0222,0.3797
84.50,1.2287,0.0519,0.4276,1.3047,-0.0032,0.4098,0.8848,0.0239,0.4203
85.00,1.2287,0.0553,0.4671,1.3072,-0.0021,0.4488,0.8873,0.0250,0.4593
85.50,1.2288,0.0582,0.5055,1.3094,-0.0010,0.4876,0.8895,0.0262,0.4981
86.00,1.2288,0.0607,0.5429,1.3115,0.0001,0.5248,0.8915,0.0273,0.5353
86.50,1.2289,0.0627,0.5793,1.3131,0.0011,0.5618,0.8931,0.0283,0.5722
87.00,1.2289,0.0642,0.6148,1.3151,0.0024,0.5972,0.8554,0.0590,0.6111
87.50,1.2290,0.0653,0.6494,1.3159,0.0030,0.6313,0.8562,0.0596,0.6453
88.00,1.2290,0.0659,0.6831,1.3165,0.0034,0.6648,0.8568,0.0601,0.6788
88.50,1.2291,0.0661,0.7159,1.3166,0.0035,0.6972,0.8569,0.0601,0.7112
89.00,1.2290,0.0661,0.7486,1.3166,0.0035,0.7299,0.8569,0.0601,0.7439
89.50,1.2287,0.0660,0.7823,1.3163,0.0032,0.7637,0.8566,0.0598,0.7777
90.00,1.2288,0.0657,0.8163,1.3164,0.0033,0.7978,0.8567,0.0600,0.8118
90.50,1.2289,0.0654,0.8492,1.3163,0.0032,0.8306,0.8566,0.0598,0.8446
91.00,1.2287,0.0654,0.8819,1.3163,0.0032,0.8630,0.8566,0.0598,0.8770
91.50,1.2282,0.0653,0.9154,1.3159,0.0027,0.8967,0.8562,0.0594,0.9107
92.00,1.2272,0.0653,0.9498,1.3148,0.0013,0.9309,0.8552,0.0579,0.9449
92.50,1.2257,0.0652,0.9851,1.3137,-0.0002,0.9666,0.8541,0.0564,0.9806
93.00,1.2238,0.0651,1.0214,1.3125,-0.0021,1.0027,0.8529,0.0545,1.0167
93.50,1.2214,0.0651,1.0586,1.3114,-0.0037,1.0402,0.8519,0.0528,1.0542
94.00,1.2186,0.0651,1.0968,1.3103,-0.0057,1.0778,0.8508,0.0509,1.0917
94.50,1.2153,0.0650,1.1361,1.3088,-0.0087,1.1169,0.8493,0.0479,1.1309
95.00,1.2115,0.0650,1.1764,1.3069,-0.0129,1.1574,0.8474,0.0436,1.1713
95.50,1.2072,0.0649,1.2179,1.3056,-0.0159,1.1988,0.8462,0.0406,1.2127
96.00,1.2024,0.0649,1.2607,1.3040,-0.0202,1.2415,0.8447,0.0362,1.2555
96.50,1.1972,0.0649,1.3046,1.3028,-0.0241,1.2852,0.8435,0.0324,1.2991
97.00,1.1914,0.0648,1.3500,1.3014,-0.0295,1.3299,0.8422,0.0270,1.3439
97.50,1.1852,0.0648,1.3968,1.3000,-0.0355,1.3771,0.8409,0.0210,1.3911
98.00,1.1785,0.0648,1.4451,1.2990,-0.0416,1.4250,0.8399,0.0148,1.4389
98.50,1.1713,0.0648,1.4952,1.2979,-0.0503,1.4749,0.8090,0.0560,1.4889
99.00,1.1636,0.0648,1.5472,1.2972,-0.0600,1.5263,0.8084,0.0464,1.5403
99.50,1.1557,0.0648,1.6007,1.2971,-0.0616,1.5796,0.8083,0.0447,1.5936
100.00,1.1492,0.0648,1.6445,1.2968,-0.0526,1.6281,0.8079,0.0538,1.6421
100.50,1.1451,0.0648,1.6879,1.2966,-0.0498,1.6657,0.8076,0.0565,1.6796
101.00,1.1383,0.0648,1.7365,1.2957,-0.0425,1.7146,0.8067,0.0638,1.7285
101.50,1.1320,0.0648,1.7836,1.2949,-0.0378,1.7614,0.8058,0.0686,1.7754
102.00,1.1262,0.0648,1.8292,1.2941,-0.0342,1.8072,0.8050,0.0721,1.8212
102.50,1.1208,0.0649,1.8734,1.2929,-0.0295,1.8513,0.8037,0.0768,1.8652
103.00,1.1160,0.0649,1.9163,1.2915,-0.0251,1.8946,0.8022,0.0812,1.9086
103.50,1.1116,0.0649,1.9580,1.2900,-0.0209,1.9360,0.8007,0.0853,1.9499
104.00,1.1077,0.0650,1.9986,1.2886,-0.0174,1.9763,0.7993,0.0888,1.9903
104.50,1.1043,0.0650,2.0380,1.2871,-0.0141,2.0156,0.7977,0.0921,2.0295
105.00,1.1014,0.0651,2.0764,1.2855,-0.0108,2.0546,0.7960,0.0954,2.0685
105.50,1.0923,0.0816,2.1551,1.2770,0.0040,2.1237,0.7873,0.1101,2.1377
106.00,1.0447,0.1444,2.3248,1.2295,0.0670,2.2924,0.6794,0.1426,2.3098
106.50,0.9534,0.2328,2.4030,1.1408,0.1570,2.3838,0.5935,0.2267,2.4012
107.00,0.8576,0.3210,2.3729,1.0485,0.2448,2.3645,0.4950,0.3069,2.3785
107.50,0.7664,0.4139,2.3262,0.9547,0.3420,2.3125,0.3943,0.4029,2.3250
108.00,0.6792,0.5105,2.2846,0.8665,0.4423,2.2685,0.2907,0.5023,2.2860
108.50,0.5955,0.6100,2.2716,0.7823,0.5460,2.2479,0.2465,0.6051,2.2644
109.00,0.5158,0.6981,2.3735,0.7026,0.6391,2.3361,0.2196,0.6909,2.3553
109.50,0.4341,0.7604,2.5581,0.6270,0.7046,2.5221,0.0892,0.7541,2.5466
110.00,0.3319,0.8195,2.6437,0.5288,0.7663,2.6220,-0.0289,0.8082,2.6430
110.50,0.2780,0.8505,2.6169,0.4658,0.8024,2.6009,-0.0710,0.8423,2.6183
111.00,0.2718,0.8563,2.5801,0.4559,0.8084,2.5640,-0.0810,0.8481,2.5815
111.50,0.2717,0.8581,2.5442,0.4538,0.8098,2.5275,-0.0831,0.8495,2.5450
112.00,0.2717,0.8594,2.5091,0.4527,0.8106,2.4925,-0.0843,0.8503,2.5099
112.50,0.2716,0.8602,2.4750,0.4522,0.8110,2.4580,-0.0848,0.8507,2.4754
113.00,0.2715,0.8607,2.4418,0.4519,0.8112,2.4246,-0.0851,0.8509,2.4420
113.50,0.2715,0.8607,2.4093,0.4517,0.8113,2.3914,-0.0852,0.8510,2.4089
114.00,0.2710,0.8606,2.3760,0.4515,0.8116,2.3576,-0.0855,0.8512,2.3751
114.50,0.2709,0.8606,2.3419,0.4513,0.8117,2.3231,-0.0856,0.8514,2.3406
115.00,0.2708,0.8609,2.3084,0.4512,0.8118,2.2892,-0.0857,0.8515,2.3067
115.50,0.2708,0.8609,2.2759,0.4513,0.8118,2.2569,-0.0857,0.8514,2.2743
116.00,0.2712,0.8608,2.2428,0.4515,0.8115,2.2237,-0.0854,0.8511,2.2411
116.50,0.2719,0.8608,2.2089,0.4522,0.8106,2.1897,-0.0848,0.8503,2.2071
117.00,0.2732,0.8607,2.1740,0.4525,0.8101,2.1549,-0.0844,0.8498,2.1723
117.50,0.2748,0.8607,2.1382,0.4535,0.8085,2.1183,-0.0834,0.8482,2.1357
118.00,0.2770,0.8606,2.1015,0.4545,0.8068,2.0816,-0.0824,0.8465,2.0991
118.50,0.2796,0.8606,2.0637,0.4561,0.8038,2.0437,-0.0807,0.8435,2.0611
119.00,0.2817,0.8628,2.0190,0.4571,0.8017,2.0019,-0.0797,0.8415,2.0194
119.50,0.2771,0.9089,1.8641,0.4424,0.8409,1.8570,-0.0951,0.8804,1.8744
120.00,0.2666,1.0169,1.7535,0.4192,0.9501,1.7289,-0.0648,1.0038,1.7499
120.50,0.2405,1.1444,1.7938,0.3968,1.0874,1.7603,-0.0766,1.1398,1.7866
121.00,0.2134,1.2687,1.7445,0.3715,1.2207,1.7280,-0.1054,1.2681,1.7559
121.50,0.1935,1.3545,1.5008,0.3643,1.3137,1.5037,-0.1157,1.3507,1.5282
122.00,0.1865,1.4509,1.2047,0.3860,1.4053,1.1978,-0.1018,1.4384,1.2222
122.50,0.2291,1.5668,1.0308,0.4481,1.5255,1.0088,-0.0769,1.5643,1.0332
123.00,0.2964,1.6754,0.9476,0.5228,1.6331,0.9237,-0.0248,1.6638,0.9516
123.50,0.3734,1.7797,0.9327,0.6054,1.7376,0.8965,0.0549,1.7706,0.9244
124.00,0.4465,1.8867,1.0033,0.6862,1.8458,0.9665,0.1273,1.8752,0.9979
124.50,0.5151,1.9969,0.9990,0.7609,1.9573,0.9754,0.1937,1.9848,1.0033
125.00,0.5894,2.1046,0.9586,0.8372,2.0641,0.9303,0.2671,2.0935,0.9582
125.50,0.6599,2.2010,0.9282,0.9123,2.1622,0.9014,0.3398,2.1935,0.9328
126.00,0.6980,2.2497,0.8943,0.9578,2.2181,0.8669,0.3831,2.2511,0.8948
126.50,0.7028,2.2553,0.8613,0.9645,2.2259,0.8336,0.3896,2.2591,0.8616
127.00,0.7028,2.2555,0.8288,0.9645,2.2260,0.8008,0.3896,2.2591,0.8287
127.50,0.7027,2.2559,0.7952,0.9647,2.2261,0.7671,0.3898,2.2593,0.7950
128.00,0.7028,2.2560,0.7611,0.9650,2.2264,0.7324,0.3900,2.2596,0.7603
128.50,0.7030,2.2560,0.7280,0.9649,2.2264,0.6992,0.3900,2.2596,0.7271
129.00,0.7030,2.2560,0.6954,0.9648,2.2263,0.6667,0.3899,2.2595,0.6946
129.50,0.7029,2.2555,0.6621,0.9643,2.2260,0.6334,0.3894,2.2591,0.6613
130.00,0.7029,2.2546,0.6279,0.9637,2.2255,0.5990,0.3888,2.2586,0.6269
130.50,0.7028,2.2532,0.5927,0.9628,2.2249,0.5639,0.3879,2.2580,0.5918
131.00,0.7028,2.2514,0.5567,0.9620,2.2244,0.5279,0.3871,2.2575,0.5558
131.50,0.7027,2.2491,0.5196,0.9603,2.2235,0.4910,0.3854,2.2565,0.5189
132.00,0.7027,2.2464,0.4816,0.9585,2.2226,0.4535,0.3837,2.2556,0.4814
132.50,0.7026,2.2432,0.4425,0.9554,2.2211,0.4141,0.3806,2.2541,0.4420
133.00,0.7026,2.2395,0.4024,0.9517,2.2196,0.3741,0.3770,2.2524,0.4020
133.50,0.7026,2.2353,0.3611,0.9481,2.2183,0.3328,0.3734,2.2510,0.3607
134.00,0.7025,2.2306,0.3187,0.9432,2.2167,0.2898,0.3685,2.2493,0.3177
134.50,0.7025,2.2255,0.2749,0.9379,2.2152,0.2461,0.3633,2.2477,0.2740
135.00,0.7025,2.2198,0.2299,0.9313,2.2137,0.2006,0.3567,2.2460,0.2286
135.50,0.7024,2.2137,0.1834,0.9251,2.2126,0.1544,0.3506,2.2447,0.1823
136.00,0.7024,2.2071,0.1353,0.9193,2.2118,0.1069,0.3448,2.2438,0.1348
136.50,0.7024,2.2000,0.0856,0.9115,2.2112,0.0572,0.3595,2.2205,0.0851
137.00,0.7024,2.1924,0.0340,0.9042,2.2110,0.0060,0.3698,2.2025,0.0339
137.50,0.7024,2.1844,-0.0194,0.8999,2.2110,-0.0473,0.3654,2.2024,-0.0194
138.00,0.7024,2.1767,-0.0716,0.9105,2.2102,-0.0996,0.3761,2.2019,-0.0717
138.50,0.7024,2.1695,-0.1218,0.9174,2.2093,-0.1497,0.3829,2.2012,-0.1218
139.00,0.7024,2.1627,-0.1703,0.9243,2.2081,-0.1985,0.3899,2.2002,-0.1706
139.50,0.7025,2.1565,-0.2173,0.9293,2.2070,-0.2458,0.3949,2.1992,-0.2179
140.00,0.7025,2.1507,-0.2627,0.9359,2.2052,-0.2920,0.4016,2.1975,-0.2641
140.50,0.7025,2.1454,-0.3068,0.9407,2.2036,-0.3363,0.4065,2.1961,-0.3084
141.00,0.7025,2.1406,-0.3496,0.9450,2.2020,-0.3794,0.4108,2.1946,-0.3515
141.50,0.7026,2.1363,-0.3912,0.9490,2.2003,-0.4213,0.4148,2.1931,-0.3933
142.00,0.7026,2.1324,-0.4316,0.9520,2.1989,-0.4620,0.4178,2.1918,-0.4341
142.50,0.7027,2.1291,-0.4710,0.9546,2.1976,-0.5015,0.4205,2.1905,-0.4736
143.00,0.7027,2.1262,-0.5093,0.9573,2.1960,-0.5406,0.4232,2.1890,-0.5127
143.50,0.7028,2.1238,-0.5466,0.9596,2.1946,-0.5778,0.3852,2.1170,-0.5464
144.00,0.7028,2.1219,-0.5829,0.9616,2.1933,-0.6144,0.3872,2.1158,-0.5830
144.50,0.7029,2.1204,-0.6183,0.9624,2.1927,-0.6499,0.3881,2.1152,-0.6185
145.00,0.7029,2.1193,-0.6528,0.9632,2.1921,-0.6845,0.3889,2.1146,-0.6531
145.50,0.7030,2.1187,-0.6864,0.9636,2.1917,-0.7185,0.3893,2.1143,-0.6871
146.00,0.7030,2.1186,-0.7142,0.9638,2.1915,-0.7469,0.3895,2.1141,-0.7155
146.50,0.7033,2.1186,-0.7469,0.9640,2.1913,-0.7796,0.3898,2.1139,-0.7481
147.00,0.7036,2.1187,-0.7806,0.9642,2.1911,-0.8135,0.3899,2.1137,-0.7821
147.50,0.7037,2.1186,-0.8147,0.9644,2.1909,-0.8474,0.3902,2.1135,-0.8160
148.00,0.7038,2.1183,-0.8476,0.9647,2.1906,-0.8804,0.3905,2.1132,-0.8490
148.50,0.7036,2.1184,-0.8802,0.9647,2.1906,-0.9132,0.3904,2.1132,-0.8818
149.00,0.7031,2.1184,-0.9137,0.9642,2.1912,-0.9466,0.3899,2.1138,-0.9152
149.50,0.7021,2.1185,-0.9480,0.9636,2.1921,-0.9812,0.3893,2.1146,-0.9498
150.00,0.7007,2.1186,-0.9833,0.9628,2.1933,-1.0166,0.3885,2.1158,-0.9852
150.50,0.6988,2.1186,-1.0195,0.9617,2.1952,-1.0528,0.3873,2.1177,-1.0214
151.00,0.6965,2.1187,-1.0567,0.9608,2.1969,-1.0896,0.3863,2.1194,-1.0581
151.50,0.6937,2.1187,-1.0949,0.9597,2.1991,-1.1276,0.3851,2.1215,-1.0962
152.00,0.6904,2.1187,-1.1341,0.9586,2.2016,-1.1670,0.3840,2.1240,-1.1356
152.50,0.6866,2.1188,-1.1744,0.9573,2.2047,-1.2073,0.3826,2.1271,-1.1759
153.00,0.6823,2.1188,-1.2158,0.9556,2.2094,-1.2490,0.3808,2.1317,-1.2176
153.50,0.6776,2.1189,-1.2585,0.9540,2.2145,-1.2913,0.3790,2.1367,-1.2599
154.00,0.6724,2.1189,-1.3024,0.9527,2.2197,-1.3351,0.3775,2.1419,-1.3037
154.50,0.6666,2.1189,-1.3477,0.9514,2.2255,-1.3801,0.3761,2.1476,-1.3487
155.00,0.6604,2.1190,-1.3944,0.9503,2.2316,-1.4267,0.3748,2.1537,-1.3952
155.50,0.6537,2.1190,-1.4427,0.9496,2.2379,-1.4749,0.3739,2.1600,-1.4435
156.00,0.6466,2.1190,-1.4927,0.9490,2.2451,-1.5245,0.3424,2.1171,-1.4896
156.50,0.6389,2.1190,-1.5446,0.9489,2.2523,-1.5759,0.3420,2.1243,-1.5410
157.00,0.6333,2.1254,-1.5831,0.9492,2.2621,-1.6189,0.3419,2.1341,-1.5840
157.50,0.6338,2.1648,-1.5831,0.9509,2.2979,-1.6189,0.3424,2.1700,-1.5840
158.00,0.6342,2.2048,-1.5831,0.9529,2.3387,-1.6189,0.3229,2.2008,-1.5840
158.50,0.6347,2.2448,-1.5831,0.9549,2.3805,-1.6190,0.3235,2.2426,-1.5841
159.00,0.6352,2.2848,-1.5831,0.9568,2.4207,-1.6194,0.3140,2.2828,-1.5845
159.50,0.6357,2.3248,-1.5831,0.9590,2.4655,-1.6194,0.3155,2.3177,-1.5880
160.00,0.6362,2.3648,-1.5831,0.9609,2.5051,-1.6194,0.3161,2.3573,-1.5880
160.50,0.6356,2.3938,-1.6009,0.9625,2.5363,-1.6334,0.3167,2.3885,-1.6020
161.00,0.6260,2.3745,-1.7096,0.9605,2.5190,-1.7290,0.3146,2.3712,-1.6941
161.50,0.6054,2.2954,-1.8274,0.9412,2.4405,-1.8613,0.2981,2.2921,-1.8264
162.00,0.5739,2.1720,-1.8213,0.9053,2.3227,-1.8590,0.2561,2.1832,-1.8241
162.50,0.5374,2.0467,-1.8592,0.8658,2.1972,-1.8984,0.2207,2.0565,-1.8616
163.00,0.4959,1.9226,-1.9040,0.8213,2.0715,-1.9374,0.1811,1.9292,-1.9025
163.50,0.4454,1.8014,-1.9764,0.7679,1.9466,-2.0135,0.1265,1.8024,-1.9771
164.00,0.3914,1.6825,-2.0009,0.7100,1.8281,-2.0365,0.0783,1.6920,-1.9981
164.50,0.3366,1.5646,-1.9853,0.6479,1.7074,-2.0338,0.0165,1.5690,-1.9969
165.00,0.2904,1.4439,-1.9086,0.5912,1.5827,-1.9609,-0.0411,1.4423,-1.9226
165.50,0.2530,1.3186,-1.7596,0.5477,1.4514,-1.8129,-0.0698,1.3195,-1.7725
166.00,0.2247,1.1898,-1.6327,0.5217,1.3143,-1.6867,-0.0644,1.1834,-1.6413
166.50,0.2070,1.0600,-1.4969,0.5142,1.1790,-1.5576,-0.0680,1.0643,-1.5140
167.00,0.1980,0.9679,-1.2619,0.5252,1.0762,-1.3291,-0.0839,0.9641,-1.2855
167.50,0.2080,0.8973,-1.0064,0.5518,1.0074,-1.0718,-0.0898,0.8990,-1.0281
168.00,0.2670,0.8185,-0.7854,0.6073,0.9280,-0.8491,-0.0455,0.8227,-0.8037
168.50,0.3456,0.7508,-0.5646,0.6862,0.8552,-0.6291,0.0285,0.7494,-0.5849
169.00,0.4559,0.6962,-0.3469,0.7880,0.7980,-0.4052,0.1284,0.7006,-0.3610
169.50,0.5814,0.6508,-0.1666,0.9196,0.7540,-0.2252,0.2354,0.6569,-0.1827
170.00,0.7107,0.6208,-0.0328,1.0560,0.7337,-0.0813,0.3682,0.6305,-0.0379
170.50,0.8406,0.6137,-0.0802,1.1898,0.7232,-0.1092,0.4919,0.6093,-0.0685
171.00,0.9497,0.5997,-0.1926,1.3123,0.7017,-0.2332,0.6138,0.5981,-0.1960
171.50,0.9977,0.5848,-0.2378,1.3686,0.6873,-0.2798,0.6661,0.5898,-0.2374
172.00,1.0002,0.5789,-0.2825,1.3780,0.6845,-0.3250,0.6756,0.5873,-0.2825
172.50,1.0002,0.5738,-0.3260,1.3828,0.6827,-0.3689,0.6805,0.5858,-0.3265
173.00,1.0002,0.5693,-0.3682,1.3876,0.6808,-0.4110,0.6853,0.5841,-0.3686
173.50,1.0003,0.5652,-0.4093,1.3904,0.6795,-0.4525,0.6882,0.5829,-0.4101
174.00,1.0003,0.5615,-0.4493,1.3932,0.6781,-0.4928,0.6910,0.5816,-0.4504
174.50,1.0004,0.5584,-0.4882,1.3961,0.6765,-0.5323,0.6940,0.5801,-0.4898
175.00,1.0004,0.5557,-0.5260,1.3979,0.6753,-0.5701,0.6959,0.5791,-0.5276
175.50,1.0005,0.5535,-0.5629,1.3997,0.6742,-0.6073,0.6977,0.5780,-0.5648
176.00,1.0005,0.5531,-0.5681,1.4005,0.6736,-0.6196,0.6986,0.5774,-0.5772
176.50,1.0004,0.5552,-0.5314,1.3990,0.6746,-0.5834,0.6970,0.5784,-0.5409
177.00,1.0004,0.5578,-0.4937,1.3965,0.6762,-0.5454,0.6944,0.5799,-0.5030
177.50,1.0003,0.5609,-0.4550,1.3946,0.6773,-0.5071,0.6925,0.5809,-0.4646
178.00,1.0003,0.5644,-0.4152,1.3916,0.6789,-0.4681,0.6894,0.5824,-0.4257
178.50,1.0288,0.5636,-0.2975,1.4131,0.6695,-0.3653,0.7113,0.5738,-0.3228
179.00,1.1203,0.5695,-0.0892,1.4974,0.6479,-0.1512,0.7695,0.5455,-0.1035
179.50,1.2489,0.5727,-0.0299,1.6245,0.6356,-0.0734,0.8888,0.5693,-0.0274
180.00,1.3455,0.5645,-0.1301,1.7286,0.6242,-0.1712,0.9961,0.5626,-0.1252
180.50,1.4693,0.5461,-0.1599,1.8539,0.5999,-0.2030,1.1175,0.5438,-0.1571
181.00,1.5967,0.5188,-0.2342,1.9851,0.5681,-0.2780,1.2416,0.5181,-0.2340
181.50,1.7235,0.4912,-0.1882,2.1116,0.5326,-0.2427,1.3696,0.4883,-0.1985
182.00,1.8512,0.4666,-0.2109,2.2392,0.5021,-0.2544,1.4896,0.4633,-0.2085
182.50,1.9785,0.4410,-0.1765,2.3635,0.4697,-0.2300,1.5989,0.4364,-0.1858
183.00,2.1063,0.4167,-0.2138,2.4941,0.4392,-0.2560,1.7355,0.4118,-0.2112
183.50,2.2330,0.3855,-0.2394,2.6233,0.4031,-0.2839,1.8613,0.3813,-0.2409
184.00,2.3585,0.3474,-0.2933,2.7474,0.3636,-0.3337,1.9750,0.3472,-0.2892
184.50,2.4824,0.3059,-0.3279,2.8695,0.3187,-0.3705,2.1022,0.3079,-0.3283
185.00,2.6049,0.2607,-0.3460,2.9911,0.2696,-0.3914,2.2258,0.2540,-0.3493
185.50,2.7282,0.2213,-0.2998,3.1115,0.2224,-0.3463,2.3480,0.2118,-0.3042
186.00,2.8524,0.1824,-0.3162,3.2381,0.1775,-0.3509,2.4808,0.1725,-0.3107
186.50,2.9757,0.1415,-0.3108,3.3623,0.1305,-0.3536,2.5925,0.1307,-0.3184
187.00,3.0993,0.1007,-0.3367,3.4883,0.0841,-0.3695,2.7189,0.0888,-0.3328
187.50,3.2220,0.0580,-0.3087,3.6113,0.0356,-0.3570,2.8448,0.0449,-0.3253
188.00,3.3469,0.0236,-0.2635,3.7349,-0.0058,-0.2986,2.9695,0.0073,-0.2619
188.50,3.4715,-0.0149,-0.3191,3.8591,-0.0472,-0.3547,3.1051,-0.0294,-0.3230
189.00,3.5955,-0.0529,-0.2845,3.9859,-0.0930,-0.3233,3.2277,-0.0714,-0.2896
189.50,3.7200,-0.0917,-0.2969,4.1217,-0.1390,-0.3337,3.3606,-0.1125,-0.3020
190.00,3.8451,-0.1245,-0.2526,4.2516,-0.1807,-0.2869,3.4718,-0.1445,-0.2552
190.50,3.9704,-0.1598,-0.3036,4.3781,-0.2195,-0.3287,3.6095,-0.1744,-0.3005
191.00,4.0944,-0.1985,-0.2955,4.5083,-0.2652,-0.3315,3.7310,-0.2209,-0.3048
191.50,4.2186,-0.2371,-0.3250,4.6388,-0.3096,-0.3510,3.8526,-0.2575,-0.3228
192.00,4.3418,-0.2783,-0.2970,4.7574,-0.3540,-0.3399,3.9624,-0.2986,-0.3132
192.50,4.4671,-0.3125,-0.2671,4.8859,-0.3943,-0.2936,4.1019,-0.3354,-0.2654
193.00,4.5914,-0.3527,-0.3324,5.0068,-0.4347,-0.3592,4.2239,-0.3722,-0.3345
193.50,4.7133,-0.4014,-0.3735,5.1326,-0.4851,-0.4012,4.3409,-0.4195,-0.3764
194.00,4.8350,-0.4463,-0.3223,5.2535,-0.5354,-0.3609,4.4629,-0.4671,-0.3358
194.50,4.9592,-0.4844,-0.3030,5.3839,-0.5806,-0.3276,4.5944,-0.5089,-0.2994
195.00,5.0828,-0.5257,-0.3174,5.5103,-0.6256,-0.3499,4.7076,-0.5504,-0.3232
195.50,5.2058,-0.5691,-0.3584,5.6328,-0.6715,-0.3843,4.8256,-0.5930,-0.3561
196.00,5.3264,-0.6207,-0.4276,5.7614,-0.7274,-0.4477,4.9702,-0.6452,-0.4195
196.50,5.4410,-0.6806,-0.5666,5.8791,-0.7937,-0.5859,5.0755,-0.7078,-0.5611
197.00,5.5466,-0.7526,-0.6819,5.9847,-0.8730,-0.7031,5.1875,-0.7789,-0.6734
197.50,5.6419,-0.8414,-0.8234,6.0820,-0.9678,-0.8460,5.2835,-0.8660,-0.8212
198.00,5.7253,-0.9422,-0.9526,6.1649,-1.0740,-0.9759,5.3646,-0.9703,-0.9492
198.50,5.7993,-1.0507,-1.0135,6.2356,-1.1874,-1.0425,5.4424,-1.0718,-1.0142
199.00,5.8672,-1.1616,-1.0172,6.3034,-1.3064,-1.0501,5.5080,-1.1889,-1.0234
199.50,5.9393,-1.2708,-0.9758,6.3746,-1.4255,-1.0086,5.5885,-1.2957,-0.9874
200.00,6.0110,-1.3790,-1.0094,6.4424,-1.5335,-1.0308,5.6530,-1.4022,-1.0061
200.50,6.0765,-1.4908,-1.0412,6.5071,-1.6491,-1.0742,5.7264,-1.5160,-1.0529
201.00,6.1434,-1.6001,-1.0153,6.5713,-1.7646,-1.0479,5.8026,-1.6303,-1.0232
201.50,6.1884,-1.6675,-0.9792,6.6156,-1.8389,-1.0119,5.8379,-1.6977,-0.9891
202.00,6.2006,-1.6834,-0.9441,6.6293,-1.8602,-0.9762,5.8533,-1.7142,-0.9550
202.50,6.2015,-1.6835,-0.9098,6.6298,-1.8609,-0.9417,5.8539,-1.7149,-0.9205
203.00,6.2020,-1.6835,-0.8764,6.6299,-1.8611,-0.9080,5.8540,-1.7151,-0.8868
203.50,6.2021,-1.6836,-0.8439,6.6300,-1.8613,-0.8755,5.8541,-1.7153,-0.8543
204.00,6.2020,-1.6833,-0.8108,6.6299,-1.8612,-0.8431,5.8540,-1.7152,-0.8218
204.50,6.2019,-1.6832,-0.7767,6.6299,-1.8611,-0.8096,5.8540,-1.7151,-0.7884
205.00,6.2015,-1.6833,-0.7431,6.6296,-1.8609,-0.7757,5.8537,-1.7149,-0.7544
205.50,6.2013,-1.6833,-0.7105,6.6294,-1.8607,-0.7429,5.8535,-1.7148,-0.7216
206.00,6.2013,-1.6830,-0.6776,6.6292,-1.8606,-0.7098,5.8533,-1.7146,-0.6886
206.50,6.2012,-1.6823,-0.6437,6.6285,-1.8600,-0.6766,5.8526,-1.7140,-0.6554
207.00,6.2012,-1.6812,-0.6090,6.6276,-1.8593,-0.6422,5.8517,-1.7133,-0.6210
207.50,6.2011,-1.6796,-0.5734,6.6266,-1.8585,-0.6067,5.8506,-1.7126,-0.5855
208.00,6.2011,-1.6775,-0.5368,6.6251,-1.8576,-0.5707,5.8491,-1.7117,-0.5494
208.50,6.2010,-1.6750,-0.4993,6.6225,-1.8559,-0.5333,5.8465,-1.7101,-0.5121
209.00,6.2010,-1.6720,-0.4607,6.6206,-1.8549,-0.4949,5.8446,-1.7091,-0.4737
209.50,6.2009,-1.6685,-0.4210,6.6175,-1.8533,-0.4555,5.8415,-1.7075,-0.4343
210.00,6.2009,-1.6645,-0.3803,6.6134,-1.8514,-0.4148,5.8373,-1.7057,-0.3935
210.50,6.2009,-1.6601,-0.3384,6.6087,-1.8494,-0.3733,5.8325,-1.7038,-0.3520
211.00,6.2008,-1.6552,-0.2953,6.6029,-1.8473,-0.3300,5.8267,-1.7018,-0.3088
211.50,6.2008,-1.6497,-0.2508,6.5967,-1.8453,-0.2854,5.8205,-1.7000,-0.2642
212.00,6.2008,-1.6438,-0.2050,6.5915,-1.8439,-0.2396,5.8152,-1.6987,-0.2183
212.50,6.2007,-1.6374,-0.1577,6.5865,-1.8428,-0.1927,5.8103,-1.6977,-0.1715
213.00,6.2007,-1.6306,-0.1087,6.5798,-1.8416,-0.1434,5.8035,-1.6967,-0.1221
213.50,6.2007,-1.6232,-0.0580,6.5737,-1.8409,-0.0929,5.8473,-1.6668,-0.0682
214.00,6.2007,-1.6154,-0.0053,6.5670,-1.8405,-0.0407,5.8406,-1.6665,-0.0160
214.50,6.2007,-1.6075,0.0478,6.5711,-1.8405,0.0124,5.8447,-1.6664,0.0372
215.00,6.2007,-1.6000,0.0989,6.5775,-1.8402,0.0638,5.8511,-1.6660,0.0885
215.50,6.2007,-1.5931,0.1482,6.5851,-1.8396,0.1131,5.8587,-1.6652,0.1378
216.00,6.2008,-1.5866,0.1958,6.5913,-1.8387,0.1606,5.8649,-1.6642,0.1853
216.50,6.2008,-1.5806,0.2419,6.5971,-1.8377,0.2070,5.8706,-1.6630,0.2317
217.00,6.2008,-1.5750,0.2866,6.6034,-1.8362,0.2517,5.8769,-1.6613,0.2764
217.50,6.2008,-1.5700,0.3300,6.6083,-1.8348,0.2953,5.8817,-1.6599,0.3200
218.00,6.2009,-1.5655,0.3722,6.6117,-1.8337,0.3372,5.8851,-1.6587,0.3620
218.50,6.2009,-1.5614,0.4131,6.6156,-1.8323,0.3778,5.8890,-1.6571,0.4025
219.00,6.2010,-1.5578,0.4530,6.6187,-1.8309,0.4176,5.8920,-1.6557,0.4423
219.50,6.2010,-1.5547,0.4918,6.6206,-1.8301,0.4565,5.8939,-1.6548,0.4812
220.00,6.2011,-1.5521,0.5295,6.6230,-1.8288,0.4947,5.8963,-1.6535,0.5195
220.50,6.2011,-1.5500,0.5663,6.6251,-1.8276,0.5313,5.8584,-1.5822,0.5560
221.00,6.2012,-1.5483,0.6021,6.6267,-1.8267,0.5664,5.8599,-1.5813,0.5912
221.50,6.2012,-1.5470,0.6370,6.6278,-1.8259,0.6014,5.8610,-1.5805,0.6261
222.00,6.2013,-1.5465,0.6605,6.6284,-1.8255,0.6265,5.8616,-1.5801,0.6512
222.50,6.2013,-1.5460,0.6939,6.6288,-1.8252,0.6599,5.8620,-1.5797,0.6846
223.00,6.2014,-1.5459,0.7265,6.6290,-1.8251,0.6928,5.8622,-1.5796,0.7175
223.50,6.2011,-1.5460,0.7595,6.6290,-1.8251,0.7252,5.8622,-1.5796,0.7499
224.00,6.2010,-1.5460,0.7936,6.6289,-1.8252,0.7593,5.8620,-1.5797,0.7840
224.50,6.2011,-1.5464,0.8273,6.6284,-1.8256,0.7933,5.8616,-1.5802,0.8180
225.00,6.2011,-1.5466,0.8598,6.6280,-1.8260,0.8257,5.8612,-1.5806,0.8504
225.50,6.2009,-1.5467,0.8928,6.6279,-1.8262,0.8586,5.8611,-1.5807,0.8833
226.00,6.2001,-1.5467,0.9266,6.6275,-1.8267,0.8925,5.8607,-1.5812,0.9172
226.50,6.1990,-1.5468,0.9613,6.6269,-1.8275,0.9268,5.8601,-1.5821,0.9516
227.00,6.1974,-1.5468,0.9969,6.6260,-1.8287,0.9620,5.8592,-1.5833,0.9867
227.50,6.1953,-1.5469,1.0335,6.6246,-1.8308,0.9982,5.8579,-1.5855,1.0229
228.00,6.1928,-1.5469,1.0710,6.6234,-1.8327,1.0352,5.8568,-1.5874,1.0599
228.50,6.1898,-1.5470,1.1096,6.6217,-1.8357,1.0734,5.8551,-1.5904,1.0981
229.00,6.1864,-1.5470,1.1492,6.6201,-1.8388,1.1126,5.8536,-1.5936,1.1374
229.50,6.1824,-1.5471,1.1899,6.6183,-1.8425,1.1522,5.8520,-1.5973,1.1770
230.00,6.1780,-1.5471,1.2318,6.6169,-1.8459,1.1933,5.8506,-1.6008,1.2180
230.50,6.1731,-1.5470,1.2752,6.6156,-1.8494,1.2367,5.8494,-1.6042,1.2614
231.00,6.1673,-1.5114,1.4199,6.6246,-1.8166,1.3652,5.8576,-1.5713,1.3899
231.50,6.1569,-1.4120,1.5486,6.6352,-1.7219,1.5123,5.8440,-1.4652,1.5409
232.00,6.1619,-1.2830,1.4869,6.6434,-1.5914,1.4699,5.8202,-1.3257,1.4946
232.50,6.1754,-1.1618,1.2712,6.6676,-1.4695,1.2592,5.8410,-1.2132,1.2804
233.00,6.2099,-1.0406,1.1569,6.7186,-1.3447,1.1277,5.8794,-1.0874,1.1490
233.50,6.2647,-0.9224,1.1137,6.7787,-1.2234,1.0867,5.9273,-0.9651,1.1150
234.00,6.3285,-0.8082,1.0290,6.8445,-1.1096,1.0014,5.9860,-0.8494,1.0297
234.50,6.4015,-0.6994,0.9519,6.9231,-0.9959,0.9254,6.0510,-0.7436,0.9519
235.00,6.4808,-0.5954,0.9099,7.0051,-0.8927,0.8779,6.1274,-0.6383,0.9026
235.50,6.5619,-0.4935,0.8909,7.0895,-0.7929,0.8584,6.2111,-0.5367,0.8866
236.00,6.6443,-0.3929,0.8767,7.1757,-0.6940,0.8432,6.2846,-0.4353,0.8715
236.50,6.7250,-0.2913,0.9251,7.2617,-0.5945,0.8867,6.3635,-0.3378,0.9131
237.00,6.8027,-0.1872,0.9303,7.3467,-0.4888,0.8938,6.4500,-0.2258,0.9255
237.50,6.8766,-0.0807,0.9965,7.4243,-0.3870,0.9554,6.5267,-0.1223,0.9871
238.00,6.9449,0.0295,1.0114,7.4968,-0.2801,0.9806,6.5880,-0.0131,1.0123
238.50,7.0188,0.1370,0.9153,7.5747,-0.1715,0.8934,6.6623,0.0929,0.9234
239.00,7.1024,0.2362,0.8264,7.6635,-0.0720,0.7962,6.7487,0.1950,0.8227
239.50,7.1908,0.3314,0.8408,7.7511,0.0158,0.7974,6.8279,0.2852,0.8274
240.00,7.2730,0.4328,0.9672,7.8389,0.1153,0.9187,6.9072,0.3872,0.9521
240.50,7.3450,0.5427,1.0320,7.9152,0.2260,0.9972,6.9852,0.5004,1.0307
241.00,7.4083,0.6422,0.9633,7.9815,0.3252,0.9405,7.0623,0.6020,0.9720
241.50,7.4851,0.7433,0.8457,8.0604,0.4215,0.8226,7.1336,0.7007,0.8525
242.00,7.5748,0.8378,0.7905,8.1526,0.5130,0.7544,7.2187,0.7948,0.7844
242.50,7.6589,0.9264,0.8600,8.2438,0.6015,0.8110,7.3019,0.8858,0.8444
243.00,7.7086,0.9884,1.0575,8.3007,0.6707,0.9962,7.3666,0.9567,1.0332
243.50,7.7432,1.0297,1.2594,8.3297,0.7272,1.2084,7.3838,1.0040,1.2488
244.00,7.7515,1.0312,1.3308,8.3336,0.7386,1.2895,7.3965,1.0057,1.3264
244.50,7.7482,1.0500,1.4307,8.3372,0.7534,1.3766,7.3997,1.0206,1.4135
245.00,7.7342,1.1308,1.6054,8.3441,0.8296,1.5616,7.3981,1.0914,1.5986
245.50,7.7182,1.2578,1.7146,8.3402,0.9538,1.6609,7.3793,1.2110,1.6958
246.00,7.6940,1.3840,1.9181,8.3160,1.0840,1.8610,7.3470,1.3403,1.9014
246.50,7.6554,1.4979,2.1387,8.2677,1.1984,2.0819,7.3098,1.4528,2.1224
247.00,7.5896,1.5850,2.3592,8.2026,1.2893,2.3034,7.2453,1.5410,2.3403
247.50,7.4981,1.6608,2.5759,8.1091,1.3731,2.5213,7.1488,1.6214,2.5582
248.00,7.3840,1.7264,2.7798,7.9874,1.4415,2.7304,7.0346,1.6852,2.7674
248.50,7.2736,1.7781,2.9438,7.8669,1.4843,2.8892,6.9326,1.7235,2.9261
249.00,7.1878,1.8199,-3.0210,7.7752,1.4952,-3.0831,6.8405,1.7410,-3.0497
249.50,7.0719,1.8207,-2.7894,7.6657,1.4736,-2.8338,6.7418,1.7658,-2.8003
250.00,6.9894,1.7920,-2.7289,7.5827,1.4431,-2.7569,6.6500,1.7620,-2.7270
250.50,6.9325,1.7682,-2.7846,7.5175,1.4177,-2.8106,6.5857,1.7344,-2.7826
251.00,6.9222,1.7618,-2.7548,7.4995,1.4115,-2.7869,6.5680,1.7275,-2.7604
251.50,6.9222,1.7580,-2.7142,7.4960,1.4102,-2.7459,6.5646,1.7261,-2.7194
252.00,6.9221,1.7546,-2.6748,7.4929,1.4088,-2.7069,6.5614,1.7247,-2.6805
252.50,6.9221,1.7517,-2.6380,7.4902,1.4075,-2.6688,6.5588,1.7233,-2.6423
253.00,6.9220,1.7498,-2.6098,7.4885,1.4067,-2.6401,6.5571,1.7224,-2.6136
253.50,6.9220,1.7482,-2.5821,7.4873,1.4060,-2.6123,6.5560,1.7217,-2.5858
254.00,6.9220,1.7468,-2.5551,7.4858,1.4051,-2.5858,6.5544,1.7207,-2.5593
254.50,6.9219,1.7457,-2.5285,7.4842,1.4041,-2.5598,6.5529,1.7197,-2.5333
255.00,6.9219,1.7448,-2.5025,7.4840,1.4039,-2.5333,6.5527,1.7195,-2.5068
255.50,6.9218,1.7442,-2.4769,7.4835,1.4036,-2.5079,6.5522,1.7192,-2.4814
256.00,6.9218,1.7438,-2.4519,7.4832,1.4034,-2.4828,6.5519,1.7190,-2.4564
256.50,6.9218,1.7437,-2.4273,7.4831,1.4033,-2.4584,6.5518,1.7188,-2.4319
257.00,6.9218,1.7438,-2.4029,7.4831,1.4033,-2.4340,6.5519,1.7189,-2.4075
257.50,6.9220,1.7438,-2.3779,7.4833,1.4035,-2.4090,6.5521,1.7191,-2.3825
258.00,6.9221,1.7438,-2.3523,7.4835,1.4036,-2.3836,6.5522,1.7192,-2.3571
258.50,6.9220,1.7441,-2.3269,7.4836,1.4038,-2.3578,6.5523,1.7194,-2.3313
259.00,6.9220,1.7444,-2.3021,7.4839,1.4040,-2.3328,6.5526,1.7196,-2.3063
259.50,6.9220,1.7445,-2.2778,7.4840,1.4042,-2.3085,6.5527,1.7198,-2.2820
260.00,6.9222,1.7445,-2.2531,7.4843,1.4045,-2.2839,6.5529,1.7201,-2.2574
260.50,6.9226,1.7445,-2.2279,7.4847,1.4050,-2.2584,6.5534,1.7206,-2.2319
261.00,6.9233,1.7446,-2.2022,7.4849,1.4052,-2.2328,6.5536,1.7209,-2.2063
261.50,6.9243,1.7446,-2.1760,7.4855,1.4060,-2.2065,6.5541,1.7216,-2.1800
262.00,6.9255,1.7447,-2.1493,7.4861,1.4069,-2.1796,6.5548,1.7226,-2.1531
262.50,6.9269,1.7447,-2.1220,7.4866,1.4075,-2.1521,6.5552,1.7232,-2.1257
263.00,6.9286,1.7447,-2.0942,7.4875,1.4090,-2.1251,6.5561,1.7247,-2.0986
263.50,6.9306,1.7448,-2.0659,7.4885,1.4106,-2.0967,6.5570,1.7264,-2.0702
264.00,6.9329,1.7448,-2.0370,7.4895,1.4125,-2.0679,6.5580,1.7283,-2.0415
264.50,6.9361,1.7448,-1.9992,7.4911,1.4156,-2.0309,6.5595,1.7314,-2.0044
265.00,6.9399,1.7449,-1.9587,7.4930,1.4196,-1.9905,6.5613,1.7355,-1.9640
265.50,6.9443,1.7449,-1.9170,7.4949,1.4240,-1.9491,6.5631,1.7399,-1.9226
266.00,6.9491,1.7450,-1.8741,7.4963,1.4277,-1.9065,6.5643,1.7437,-1.8800
266.50,6.9545,1.7450,-1.8299,7.4980,1.4329,-1.8625,6.5659,1.7489,-1.8360
267.00,6.9603,1.7450,-1.7843,7.4995,1.4385,-1.8172,6.5673,1.7545,-1.7907
267.50,6.9666,1.7450,-1.7373,7.5012,1.4461,-1.7705,6.5688,1.7621,-1.7441
268.00,6.9734,1.7451,-1.6886,7.5023,1.4522,-1.7222,6.5697,1.7683,-1.6957
268.50,6.9807,1.7451,-1.6383,7.5034,1.4606,-1.6718,6.5706,1.7767,-1.6454
269.00,6.9884,1.7451,-1.5859,7.5040,1.4679,-1.6201,6.6317,1.7240,-1.5971
269.50,6.9963,1.7451,-1.5326,7.5040,1.4663,-1.5666,6.6318,1.7223,-1.5436
270.00,7.0039,1.7451,-1.4812,7.5043,1.4589,-1.5145,6.6322,1.7149,-1.4916
270.50,7.0109,1.7451,-1.4315,7.5049,1.4513,-1.4648,6.6330,1.7073,-1.4419
271.00,7.0152,1.7450,-1.4005,7.5056,1.4458,-1.4299,6.6338,1.7019,-1.4069
271.50,7.0152,1.7450,-1.4005,7.5056,1.4458,-1.4300,6.6338,1.7019,-1.4071
272.00,7.0152,1.7450,-1.4005,7.5056,1.4458,-1.4299,6.6338,1.7019,-1.4070
272.50,7.0152,1.7450,-1.4005,7.5056,1.4458,-1.4303,6.6338,1.7019,-1.4073
273.00,7.0155,1.7451,-1.3932,7.5056,1.4458,-1.4269,6.6338,1.7019,-1.4040
273.50,7.0207,1.7450,-1.3466,7.5065,1.4403,-1.3800,6.6349,1.6964,-1.3570
274.00,7.0264,1.7450,-1.3013,7.5081,1.4330,-1.3347,6.6366,1.6892,-1.3118
274.50,7.0316,1.7450,-1.2574,7.5093,1.4282,-1.2913,6.6380,1.6844,-1.2684
275.00,7.0363,1.7449,-1.2148,7.5110,1.4230,-1.2487,6.6397,1.6792,-1.2258
275.50,7.0406,1.7449,-1.1734,7.5128,1.4177,-1.2069,6.6417,1.6740,-1.1839
276.00,7.0443,1.7448,-1.1331,7.5143,1.4141,-1.1667,6.6433,1.6704,-1.1437
276.50,7.0475,1.7448,-1.0956,7.5157,1.4110,-1.1281,6.7035,1.7067,-1.0981
277.00,7.0496,1.7448,-1.0663,7.5166,1.4092,-1.0971,6.7044,1.7050,-1.0671
277.50,7.0515,1.7447,-1.0381,7.5176,1.4072,-1.0687,6.7055,1.7030,-1.0388
278.00,7.0532,1.7447,-1.0105,7.5188,1.4052,-1.0412,6.7068,1.7010,-1.0113
278.50,7.0545,1.7447,-0.9834,7.5197,1.4036,-1.0139,6.7077,1.6995,-0.9840
279.00,7.0556,1.7446,-0.9569,7.5206,1.4022,-0.9879,6.7087,1.6981,-0.9580
279.50,7.0565,1.7446,-0.9309,7.5212,1.4013,-0.9622,6.7093,1.6973,-0.9322
280.00,7.0571,1.7445,-0.9053,7.5216,1.4008,-0.9367,6.7097,1.6967,-0.9068
280.50,7.0575,1.7445,-0.8803,7.5218,1.4006,-0.9112,6.7099,1.6965,-0.8812
281.00,7.0576,1.7444,-0.8558,7.5220,1.4003,-0.8869,6.7101,1.6963,-0.8569
281.50,7.0576,1.7445,-0.8314,7.5220,1.4003,-0.8626,6.7101,1.6963,-0.8326
282.00,7.0575,1.7447,-0.8064,7.5216,1.4007,-0.8380,6.7097,1.6967,-0.8081
282.50,7.0575,1.7448,-0.7807,7.5214,1.4009,-0.8125,6.7095,1.6969,-0.7825
283.00,7.0572,1.7447,-0.7553,7.5212,1.4011,-0.7872,6.7093,1.6971,-0.7573
283.50,7.0569,1.7447,-0.7305,7.5209,1.4014,-0.7634,6.7090,1.6973,-0.7335
284.00,7.0569,1.7447,-0.7062,7.5208,1.4015,-0.7387,6.7089,1.6975,-0.7087
284.50,7.0568,1.7449,-0.6815,7.5206,1.4017,-0.7145,6.7086,1.6977,-0.6846
285.00,7.0568,1.7453,-0.6563,7.5201,1.4021,-0.6895,6.7082,1.6980,-0.6596
285.50,7.0567,1.7461,-0.6306,7.5196,1.4026,-0.6646,6.7076,1.6985,-0.6347
286.00,7.0567,1.7470,-0.6044,7.5187,1.4032,-0.6384,6.7067,1.6991,-0.6085
286.50,7.0567,1.7482,-0.5776,7.5180,1.4037,-0.6117,6.7060,1.6996,-0.5818
287.00,7.0566,1.7497,-0.5504,7.5175,1.4040,-0.5843,6.7055,1.6999,-0.5544
287.50,7.0566,1.7514,-0.5226,7.5160,1.4050,-0.5570,6.7040,1.7008,-0.5270
288.00,7.0565,1.7535,-0.4915,7.5143,1.4061,-0.5253,6.7022,1.7018,-0.4953
288.50,7.0565,1.7566,-0.4527,7.5112,1.4078,-0.4872,6.6990,1.7034,-0.4572
289.00,7.0564,1.7602,-0.4128,7.5082,1.4093,-0.4479,6.6961,1.7049,-0.4179
289.50,7.0564,1.7642,-0.3719,7.5045,1.4110,-0.4067,6.6923,1.7064,-0.3767
290.00,7.0574,1.7684,-0.3269,7.5009,1.4125,-0.3652,6.6886,1.7078,-0.3352
290.50,7.0988,1.7728,-0.1671,7.5378,1.4013,-0.2221,6.7259,1.6977,-0.1922
291.00,7.2041,1.7874,0.0492,7.6393,1.3923,0.0051,6.8475,1.7409,0.0421
291.50,7.3029,1.8001,0.0767,7.7471,1.3971,0.0514,6.9550,1.7700,0.0848
292.00,7.3395,1.8015,0.0265,7.7908,1.3987,-0.0004,6.9986,1.7735,0.0296
292.50,7.3397,1.7956,-0.0269,7.7930,1.3986,-0.0540,7.0008,1.7735,-0.0240
293.00,7.3397,1.7879,-0.0787,7.8007,1.3980,-0.1065,7.0085,1.7731,-0.0766
293.50,7.3397,1.7808,-0.1287,7.8089,1.3969,-0.1571,7.0167,1.7723,-0.1271
294.00,7.3397,1.7741,-0.1770,7.8151,1.3957,-0.2055,7.0230,1.7714,-0.1756
294.50,7.3397,1.7679,-0.2237,7.8228,1.3940,-0.2519,7.0307,1.7698,-0.2219
295.00,7.3398,1.7622,-0.2690,7.8288,1.3923,-0.2969,7.0368,1.7683,-0.2669
295.50,7.3398,1.7569,-0.3129,7.8326,1.3910,-0.3417,7.0406,1.7672,-0.3118
296.00,7.3398,1.7522,-0.3555,7.8369,1.3894,-0.3848,7.0047,1.7250,-0.3514
296.50,7.3442,1.7472,-0.4080,7.8421,1.3872,-0.4331,7.0100,1.7230,-0.3996
297.00,7.3935,1.7300,-0.5630,7.8810,1.3655,-0.5812,7.0496,1.7026,-0.5477
297.50,7.4863,1.6659,-0.6916,7.9657,1.2993,-0.7204,7.1375,1.6391,-0.6865
298.00,7.5797,1.5781,-0.8473,8.0570,1.2089,-0.8654,7.2309,1.5621,-0.8319
298.50,7.6580,1.4772,-1.0478,8.1361,1.0965,-1.0614,7.3181,1.4480,-1.0280
299.00,7.7227,1.3765,-1.3136,8.1827,0.9829,-1.3227,7.3746,1.3507,-1.2928
299.50,7.7769,1.2536,-1.6055,8.1966,0.8526,-1.6162,7.4137,1.2207,-1.5843
300.00,7.7890,1.1263,-1.8370,8.1728,0.7201,-1.8638,7.4281,1.0979,-1.8286
300.50,7.7569,1.0024,-1.9071,8.1289,0.5980,-1.9454,7.4153,0.9768,-1.9075
301.00,7.7110,0.8820,-2.0341,8.0761,0.4779,-2.0598,7.3669,0.8578,-2.0194
301.50,7.6529,0.7696,-2.1477,8.0058,0.3655,-2.1845,7.3093,0.7428,-2.1474
302.00,7.5801,0.6635,-2.2195,7.9270,0.2628,-2.2630,7.2306,0.6373,-2.2226
302.50,7.5020,0.5597,-2.2156,7.8444,0.1629,-2.2597,7.1663,0.5344,-2.2148
303.00,7.4214,0.4572,-2.2527,7.7591,0.0628,-2.2953,7.0749,0.4307,-2.2513
303.50,7.3382,0.3571,-2.2783,7.6685,-0.0375,-2.3215,7.0011,0.3266,-2.2791
304.00,7.2525,0.2593,-2.2941,7.5774,-0.1323,-2.3439,6.9071,0.2318,-2.3012
304.50,7.1696,0.1593,-2.2236,7.4849,-0.2324,-2.2778,6.8223,0.1279,-2.2339
305.00,7.0930,0.0548,-2.1962,7.3987,-0.3376,-2.2427,6.7408,0.0220,-2.1988
305.50,7.0162,-0.0504,-2.2115,7.3132,-0.4452,-2.2523,6.6632,-0.0848,-2.2131
306.00,6.9371,-0.1538,-2.2261,7.2245,-0.5522,-2.2697,6.5854,-0.1850,-2.2304
306.50,6.8568,-0.2564,-2.2463,7.1369,-0.6554,-2.2863,6.5115,-0.2880,-2.2476
307.00,6.7732,-0.3562,-2.2859,7.0454,-0.7570,-2.3266,6.4287,-0.3891,-2.2897
307.50,6.6882,-0.4545,-2.2825,6.9551,-0.8530,-2.3236,6.3451,-0.4815,-2.2867
308.00,6.6031,-0.5528,-2.2839,6.8644,-0.9496,-2.3250,6.2596,-0.5814,-2.2893
308.50,6.5185,-0.6515,-2.2745,6.7731,-1.0475,-2.3167,6.1744,-0.6826,-2.2810
309.00,6.4355,-0.7514,-2.2492,6.6881,-1.1407,-2.2975,6.0957,-0.7788,-2.2617
309.50,6.3578,-0.8563,-2.1329,6.6051,-1.2424,-2.1916,6.0129,-0.8832,-2.1522
310.00,6.2890,-0.9713,-1.9705,6.5356,-1.3573,-2.0281,5.9516,-1.0008,-1.9871
310.50,6.2351,-1.0932,-1.8662,6.4809,-1.4843,-1.9274,5.8942,-1.1222,-1.8857
311.00,6.1907,-1.2200,-1.6303,6.4466,-1.6119,-1.7013,5.8631,-1.2444,-1.6586
311.50,6.1679,-1.3491,-1.4045,6.4463,-1.7419,-1.4605,5.8458,-1.3741,-1.4170
312.00,6.1875,-1.4765,-1.3618,6.4657,-1.8709,-1.4013,5.8423,-1.5024,-1.3637
312.50,6.2088,-1.6046,-1.4801,6.4833,-1.9980,-1.5003,5.8651,-1.6286,-1.4663
313.00,6.2210,-1.7344,-1.6727,6.4783,-2.1235,-1.7051,5.8648,-1.7541,-1.6763
313.50,6.2095,-1.8635,-1.6779,6.4570,-2.2546,-1.7301,5.8611,-1.8885,-1.6943
314.00,6.2007,-1.9931,-1.6360,6.4407,-2.3817,-1.6824,5.8575,-2.0182,-1.6449
314.50,6.1979,-2.1229,-1.5856,6.4279,-2.5149,-1.6345,5.8442,-2.1518,-1.5962
315.00,6.1978,-2.2529,-1.5780,6.4212,-2.6512,-1.6187,5.8445,-2.2784,-1.5811
315.50,6.1954,-2.3829,-1.5918,6.4139,-2.7874,-1.6359,5.8481,-2.4147,-1.6017
316.00,6.1956,-2.5129,-1.5680,6.4060,-2.9171,-1.6172,5.8343,-2.5346,-1.5779
316.50,6.1994,-2.6428,-1.5613,6.4023,-3.0485,-1.6006,5.8462,-2.6662,-1.5621
317.00,6.1975,-2.7728,-1.5781,6.3957,-3.1894,-1.6247,5.8379,-2.8020,-1.5872
317.50,6.2001,-2.9028,-1.5545,6.3903,-3.3225,-1.5972,5.8445,-2.9298,-1.5597
318.00,6.1969,-3.0328,-1.5857,6.3851,-3.4545,-1.6283,5.8404,-3.0565,-1.5908
318.50,6.1991,-3.1628,-1.5416,6.3788,-3.5859,-1.5912,5.8336,-3.1881,-1.5545
319.00,6.2040,-3.2927,-1.5379,6.3780,-3.7153,-1.5778,5.8398,-3.3176,-1.5403
319.50,6.2015,-3.4227,-1.5808,6.3747,-3.8416,-1.6188,5.8456,-3.4437,-1.5848
320.00,6.1957,-3.5527,-1.6005,6.3666,-3.9737,-1.6418,5.8363,-3.5807,-1.6095
320.50,6.1948,-3.6752,-1.5717,6.3582,-4.1042,-1.6183,5.8259,-3.7113,-1.5851
321.00,6.1999,-3.7430,-1.5199,6.3562,-4.1838,-1.5653,5.8308,-3.7809,-1.5322
321.50,6.2053,-3.7633,-1.4920,6.3568,-4.2068,-1.5291,5.8374,-3.7984,-1.4949
322.00,6.2002,-3.8303,-1.5922,6.3563,-4.2662,-1.6275,5.8431,-3.8533,-1.5917
322.50,6.1905,-3.9524,-1.6199,6.3459,-4.3863,-1.6696,5.8276,-3.9792,-1.6336
323.00,6.1835,-4.0822,-1.6470,6.3329,-4.5190,-1.6838,5.8109,-4.1125,-1.6463
323.50,6.1679,-4.2115,-1.7127,6.3139,-4.6511,-1.7502,5.7972,-4.2396,-1.7197
324.00,6.1501,-4.3401,-1.6931,6.2899,-4.7776,-1.7442,5.7670,-4.3624,-1.7137
324.50,6.1414,-4.4696,-1.6277,6.2716,-4.9107,-1.6751,5.7671,-4.5003,-1.6395
325.00,6.1369,-4.5995,-1.5558,6.2601,-5.0417,-1.6160,5.7661,-4.6373,-1.5819
325.50,6.1410,-4.7261,-1.3743,6.2646,-5.1694,-1.4369,5.7688,-4.7547,-1.3979
326.00,6.1534,-4.8041,-1.3033,6.2796,-5.2510,-1.3534,5.7783,-4.8357,-1.3159
326.50,6.1633,-4.8226,-1.2597,6.2862,-5.2785,-1.3096,5.7803,-4.8629,-1.2721
327.00,6.1681,-4.8227,-1.2170,6.2874,-5.2828,-1.2675,5.7816,-4.8672,-1.2300
327.50,6.1723,-4.8227,-1.1755,6.2885,-5.2863,-1.2268,5.7829,-4.8706,-1.1893
328.00,6.1761,-4.8227,-1.1352,6.2901,-5.2907,-1.1870,5.7847,-4.8750,-1.1495
328.50,6.1794,-4.8228,-1.0960,6.2911,-5.2929,-1.1483,5.7857,-4.8771,-1.1107
329.00,6.1822,-4.8228,-1.0577,6.2922,-5.2954,-1.1101,5.7869,-4.8795,-1.0726
329.50,6.1846,-4.8229,-1.0205,6.2928,-5.2967,-1.0729,5.7876,-4.8808,-1.0354
330.00,6.1865,-4.8229,-0.9843,6.2938,-5.2984,-1.0371,5.7887,-4.8825,-0.9996
330.50,6.1879,-4.8230,-0.9490,6.2945,-5.2995,-1.0018,5.7893,-4.8835,-0.9643
331.00,6.1889,-4.8230,-0.9146,6.2949,-5.3000,-0.9673,5.7897,-4.8841,-0.9298
331.50,6.1895,-4.8231,-0.8811,6.2952,-5.3005,-0.9341,5.7900,-4.8845,-0.8966
332.00,6.1896,-4.8232,-0.8485,6.2952,-5.3006,-0.9016,5.7901,-4.8846,-0.8641
332.50,6.1895,-4.8229,-0.8156,6.2950,-5.3003,-0.8689,5.7899,-4.8843,-0.8313
333.00,6.1895,-4.8228,-0.7816,6.2949,-5.3002,-0.8352,5.7898,-4.8842,-0.7977
333.50,6.1891,-4.8229,-0.7478,6.2948,-5.3001,-0.8020,5.7897,-4.8841,-0.7645
334.00,6.1889,-4.8229,-0.7151,6.2946,-5.2999,-0.7694,5.7895,-4.8840,-0.7319
334.50,6.1888,-4.8227,-0.6823,6.2944,-5.2997,-0.7374,5.7893,-4.8838,-0.6998
335.00,6.1888,-4.8221,-0.6486,6.2942,-5.2995,-0.7044,5.7890,-4.8836,-0.6669
335.50,6.1887,-4.8210,-0.6140,6.2934,-5.2989,-0.6696,5.7882,-4.8829,-0.6321
336.00,6.1887,-4.8194,-0.5785,6.2919,-5.2977,-0.6345,5.7867,-4.8819,-0.5970
336.50,6.1886,-4.8174,-0.5421,6.2905,-5.2968,-0.5985,5.7853,-4.8810,-0.5610
337.00,6.1886,-4.8150,-0.5047,6.2885,-5.2955,-0.5612,5.7832,-4.8797,-0.5237
337.50,6.1885,-4.8120,-0.4662,6.2863,-5.2941,-0.5232,5.7810,-4.8785,-0.4857
338.00,6.1885,-4.8086,-0.4267,6.2832,-5.2924,-0.4839,5.7778,-4.8769,-0.4464
338.50,6.1884,-4.8047,-0.3862,6.2796,-5.2906,-0.4429,5.7741,-4.8752,-0.4054
339.00,6.1884,-4.8004,-0.3444,6.2751,-5.2886,-0.4011,5.7695,-4.8734,-0.3636
339.50,6.1884,-4.7955,-0.3015,6.2708,-5.2869,-0.3584,5.7652,-4.8718,-0.3209
340.00,6.1883,-4.7901,-0.2572,6.2648,-5.2848,-0.3143,5.7591,-4.8699,-0.2767
340.50,6.1883,-4.7843,-0.2116,6.2591,-5.2831,-0.2689,5.7534,-4.8684,-0.2314
341.00,6.1883,-4.7780,-0.1645,6.2541,-5.2818,-0.2219,5.7483,-4.8674,-0.1843
341.50,6.1883,-4.7712,-0.1158,6.2475,-5.2805,-0.1737,5.7417,-4.8663,-0.1362
342.00,6.1883,-4.7639,-0.0653,6.2411,-5.2795,-0.1233,5.7352,-4.8656,-0.0858
342.50,6.1882,-4.7561,-0.0129,6.2335,-5.2788,-0.0712,5.8075,-4.8066,-0.0267
343.00,6.1882,-4.7482,0.0404,6.2345,-5.2788,-0.0178,5.8085,-4.8065,0.0267
343.50,6.1883,-4.7407,0.0917,6.2423,-5.2787,0.0343,5.8164,-4.8061,0.0788
344.00,6.1883,-4.7336,0.1413,6.2496,-5.2783,0.0839,5.8236,-4.8054,0.1284
344.50,6.1883,-4.7271,0.1891,6.2564,-5.2775,0.1317,5.8303,-4.8043,0.1762
345.00,6.1883,-4.7210,0.2355,6.2630,-5.2766,0.1777,5.8369,-4.8030,0.2222
345.50,6.1883,-4.7154,0.2804,6.2684,-5.2755,0.2230,5.8423,-4.8017,0.2675
346.00,6.1884,-4.7103,0.3239,6.2733,-5.2742,0.2665,5.8471,-4.8002,0.3110
346.50,6.1884,-4.7075,0.3531,6.2768,-5.2732,0.2975,5.8505,-4.7991,0.3420
347.00,6.1884,-4.7036,0.3946,6.2797,-5.2723,0.3394,5.8534,-4.7980,0.3839
347.50,6.1885,-4.6998,0.4349,6.2829,-5.2711,0.3791,5.8565,-4.7967,0.4236
348.00,6.1885,-4.6965,0.4742,6.2856,-5.2700,0.4184,5.8089,-4.7348,0.4594
348.50,6.1886,-4.6936,0.5124,6.2881,-5.2688,0.4562,5.8114,-4.7335,0.4972
349.00,6.1886,-4.6913,0.5496,6.2898,-5.2679,0.4933,5.8130,-4.7326,0.5343
349.50,6.1887,-4.6894,0.5859,6.2917,-5.2669,0.5295,5.8149,-4.7315,0.5705
350.00,6.1887,-4.6879,0.6212,6.2927,-5.2663,0.5650,5.8158,-4.7308,0.6061
350.50,6.1888,-4.6869,0.6556,6.2937,-5.2656,0.5991,5.8168,-4.7301,0.6402
351.00,6.1888,-4.6863,0.6891,6.2943,-5.2651,0.6328,5.8174,-4.7296,0.6738
351.50,6.1889,-4.6862,0.7218,6.2945,-5.2650,0.6658,5.8175,-4.7295,0.7068
352.00,6.1887,-4.6863,0.7532,6.2941,-5.2653,0.6983,5.8172,-4.7298,0.7394
352.50,6.1885,-4.6863,0.7786,6.2939,-5.2655,0.7235,5.8170,-4.7300,0.7645
353.00,6.1886,-4.6865,0.8043,6.2938,-5.2656,0.7489,5.8169,-4.7301,0.7899
353.50,6.1886,-4.6868,0.8293,6.2937,-5.2657,0.7734,5.8168,-4.7302,0.8144
354.00,6.1887,-4.6869,0.8538,6.2935,-5.2659,0.7974,5.8166,-4.7305,0.8384
354.50,6.1886,-4.6870,0.8783,6.2935,-5.2660,0.8219,5.8166,-4.7305,0.8629
355.00,6.1882,-4.6870,0.9033,6.2932,-5.2663,0.8469,5.8163,-4.7308,0.8879
355.50,6.1876,-4.6871,0.9287,6.2927,-5.2668,0.8722,5.8159,-4.7313,0.9132
356.00,6.1868,-4.6871,0.9547,6.2921,-5.2675,0.8981,5.8153,-4.7321,0.9391
356.50,6.1857,-4.6871,0.9812,6.2914,-5.2684,0.9242,5.8147,-4.7330,0.9652
357.00,6.1843,-4.6872,1.0082,6.2908,-5.2693,0.9510,5.8140,-4.7340,0.9920
357.50,6.1827,-4.6872,1.0358,6.2898,-5.2707,0.9780,5.8131,-4.7354,1.0190
358.00,6.1809,-4.6873,1.0639,6.2883,-5.2730,1.0058,5.8117,-4.7377,1.0468
358.50,6.1787,-4.6873,1.0926,6.2871,-5.2750,1.0343,5.8106,-4.7398,1.0753
359.00,6.1763,-4.6873,1.1219,6.2858,-5.2773,1.0636,5.8093,-4.7422,1.1046
359.50,6.1737,-4.6874,1.1517,6.2844,-5.2799,1.0941,5.8081,-4.7448,1.1351
360.00,6.1707,-4.6874,1.1822,6.2832,-5.2823,1.1242,5.8070,-4.7472,1.1652
360.50,6.1672,-4.6874,1.2172,6.2821,-5.2846,1.1572,5.8060,-4.7496,1.1982
361.00,6.1624,-4.6875,1.2599,6.2800,-5.2896,1.2000,5.8041,-4.7547,1.2410
361.50,6.1572,-4.6875,1.3039,6.2781,-5.2949,1.2439,5.8025,-4.7600,1.2849
362.00,6.1514,-4.6875,1.3492,6.2764,-5.3003,1.2888,5.8010,-4.7655,1.3298
362.50,6.1446,-4.6733,1.4369,6.2784,-5.2915,1.3678,5.8026,-4.7566,1.4088
363.00,6.1285,-4.5989,1.6258,6.2852,-5.2194,1.5606,5.8064,-4.6843,1.6016
363.50,6.1147,-4.4738,1.6393,6.2824,-5.0933,1.5933,5.7488,-4.5185,1.6378
364.00,6.1120,-4.3439,1.5794,6.2833,-4.9608,1.5321,5.7382,-4.3911,1.5696
364.50,6.1138,-4.2139,1.5664,6.2905,-4.8270,1.5117,5.7434,-4.2546,1.5531
365.00,6.1099,-4.0839,1.6047,6.2969,-4.6961,1.5449,5.7490,-4.1269,1.5894
365.50,6.1067,-3.9540,1.5892,6.2994,-4.5707,1.5431,5.7405,-3.9971,1.5901
366.00,6.1100,-3.8240,1.5617,6.3056,-4.4413,1.5097,5.7398,-3.8675,1.5489
366.50,6.1088,-3.6940,1.5823,6.3135,-4.3053,1.5209,5.7503,-3.7313,1.5656
367.00,6.1053,-3.5640,1.5774,6.3178,-4.1737,1.5313,5.7368,-3.6039,1.5810
367.50,6.1071,-3.4341,1.5683,6.3256,-4.0427,1.5099,5.7471,-3.4750,1.5544
368.00,6.1015,-3.3041,1.6027,6.3312,-3.9120,1.5461,5.7497,-3.3462,1.5941
368.50,6.0997,-3.1741,1.5730,6.3351,-3.7724,1.5270,5.7388,-3.2090,1.5731
369.00,6.1020,-3.0441,1.5617,6.3428,-3.6417,1.5053,5.7522,-3.0948,1.5480
369.50,6.0984,-2.9142,1.6036,6.3487,-3.5073,1.5458,5.7493,-2.9564,1.5920
370.00,6.0963,-2.7842,1.5661,6.3525,-3.3790,1.5167,5.7356,-2.8312,1.5652
370.50,6.1006,-2.6542,1.5505,6.3624,-3.2459,1.4884,5.7461,-2.6976,1.5347
371.00,6.0974,-2.5243,1.6062,6.3698,-3.1135,1.5426,5.7462,-2.5651,1.5947
371.50,6.0940,-2.3943,1.5837,6.3729,-2.9836,1.5306,5.7399,-2.4382,1.5839
372.00,6.0994,-2.2644,1.5274,6.3835,-2.8435,1.4666,5.7460,-2.3045,1.5186
372.50,6.1015,-2.1344,1.5607,6.3947,-2.7137,1.4989,5.7493,-2.1783,1.5521
373.00,6.1071,-2.0045,1.5286,6.4071,-2.5783,1.4617,5.7555,-2.0456,1.5172
373.50,6.1113,-1.8746,1.5220,6.4201,-2.4452,1.4644,5.7611,-1.9159,1.5223
374.00,6.1236,-1.7452,1.4384,6.4409,-2.3090,1.3745,5.7685,-1.7820,1.4336
374.50,6.1435,-1.6165,1.4103,6.4677,-2.1799,1.3498,5.7907,-1.6580,1.4111
375.00,6.1713,-1.4889,1.3571,6.5007,-2.0530,1.2890,5.8163,-1.5309,1.3469
375.50,6.1941,-1.3612,1.4178,6.5340,-1.9283,1.3447,5.8460,-1.4047,1.4061
376.00,6.2139,-1.2327,1.3964,6.5628,-1.7975,1.3375,5.8659,-1.2762,1.3989
376.50,6.2407,-1.1050,1.3654,6.5963,-1.6659,1.3049,5.8916,-1.1428,1.3616
377.00,6.2759,-0.9788,1.2762,6.6347,-1.5412,1.2226,5.9232,-1.0219,1.2817
377.50,6.3200,-0.8567,1.1632,6.6843,-1.4242,1.1080,5.9700,-0.9020,1.1636
378.00,6.3734,-0.7394,1.0843,6.7461,-1.3120,1.0285,6.0255,-0.7787,1.0854
378.50,6.4358,-0.6273,0.9912,6.8208,-1.1993,0.9357,6.0840,-0.6630,0.9926
379.00,6.5086,-0.5209,0.9341,6.9034,-1.0954,0.8726,6.1499,-0.5593,0.9303
379.50,6.5849,-0.4159,0.9628,6.9896,-0.9924,0.8914,6.2403,-0.4560,0.9500
380.00,6.6570,-0.3082,0.9778,7.0710,-0.8882,0.9144,6.3043,-0.3519,0.9761
380.50,6.7322,-0.2015,0.9410,7.1561,-0.7807,0.8805,6.3726,-0.2393,0.9422
381.00,6.8110,-0.0976,0.9176,7.2423,-0.6798,0.8520,6.4563,-0.1380,0.9119
381.50,6.8879,0.0068,0.9577,7.3305,-0.5771,0.8839,6.5361,-0.0325,0.9456
382.00,6.9608,0.1140,0.9723,7.4146,-0.4708,0.9060,6.6071,0.0736,0.9711
382.50,7.0345,0.2213,0.9635,7.4943,-0.3698,0.8993,6.6764,0.1795,0.9627
383.00,7.1109,0.3271,0.9373,7.5754,-0.2704,0.8728,6.7533,0.2839,0.9371
383.50,7.1904,0.4306,0.9047,7.6634,-0.1692,0.8376,6.8376,0.3906,0.9019
384.00,7.2726,0.5316,0.8629,7.7535,-0.0720,0.8013,6.9197,0.4902,0.8667
384.50,7.3607,0.6276,0.7848,7.8481,0.0190,0.7232,7.0087,0.5873,0.7863
385.00,7.4549,0.7175,0.7438,7.9515,0.1063,0.6800,7.1026,0.6808,0.7442
385.50,7.5514,0.8047,0.7444,8.0542,0.1875,0.6727,7.1998,0.7586,0.7347
386.00,7.6412,0.8957,0.8683,8.1487,0.2700,0.7844,7.2830,0.8531,0.8487
386.50,7.7024,0.9729,1.0955,8.2103,0.3441,1.0042,7.3400,0.9308,1.0684
387.00,7.7514,1.0652,1.3713,8.2551,0.4400,1.2755,7.3945,1.0295,1.3433
387.50,7.7896,1.1787,1.6668,8.2708,0.5522,1.5799,7.4138,1.1352,1.6487
388.00,7.7842,1.3068,1.7818,8.2591,0.6829,1.7141,7.4257,1.2573,1.7767
388.50,7.7598,1.4293,1.7181,8.2417,0.8099,1.6681,7.4148,1.3873,1.7307
389.00,7.7437,1.5574,1.4866,8.2420,0.9388,1.4420,7.4008,1.5106,1.5010
389.50,7.7490,1.6858,1.3839,8.2691,1.0709,1.3191,7.4114,1.6461,1.3799
390.00,7.7675,1.8086,1.4625,8.2990,1.1949,1.3799,7.4228,1.7663,1.4442
390.50,7.7775,1.9366,1.7062,8.3095,1.3213,1.6188,7.4231,1.8929,1.6865
391.00,7.7678,2.0550,1.8144,8.2942,1.4449,1.7460,7.4138,2.0151,1.8156
391.50,7.7473,2.1585,1.7487,8.2776,1.5449,1.6968,7.4001,2.1136,1.7628
392.00,7.7364,2.2876,1.5996,8.2719,1.6772,1.5396,7.3924,2.2453,1.6029
392.50,7.7327,2.4176,1.5905,8.2785,1.8136,1.5222,7.3926,2.3818,1.5883
393.00,7.7338,2.5476,1.5620,8.2862,1.9456,1.4921,7.3918,2.5041,1.5599
393.50,7.7307,2.6776,1.5960,8.2947,2.0787,1.5250,7.3916,2.6375,1.5962
394.00,7.7286,2.8076,1.5913,8.3011,2.2041,1.5181,7.3891,2.7629,1.5894
394.50,7.7221,2.9375,1.6094,8.3071,2.3365,1.5373,7.3856,2.8954,1.6085
395.00,7.7207,3.0675,1.5849,8.3132,2.4696,1.5098,7.3766,3.0232,1.5810
395.50,7.7137,3.1974,1.6236,8.3199,2.6049,1.5442,7.3740,3.1542,1.6190
396.00,7.7013,3.3271,1.6733,8.3219,2.7429,1.5826,7.3658,3.2864,1.6616
396.50,7.6801,3.4554,1.7725,8.3133,2.8718,1.6896,7.3434,3.4097,1.7730
397.00,7.6568,3.5831,1.7106,8.2985,3.0032,1.6460,7.3176,3.5394,1.7259
397.50,7.6424,3.7126,1.6047,8.2967,3.1377,1.5292,7.3045,3.6732,1.6022
398.00,7.6364,3.8426,1.6079,8.3040,3.2704,1.5226,7.3028,3.7961,1.6045
398.50,7.6332,3.9725,1.5815,8.3102,3.3970,1.5051,7.2985,3.9228,1.5885
399.00,7.6332,4.1025,1.5762,8.3214,3.5348,1.4916,7.2884,4.0611,1.5753
399.50,7.6366,4.2325,1.5529,8.3334,3.6623,1.4648,7.2896,4.1836,1.5500
400.00,7.6374,4.3625,1.5683,8.3469,3.7905,1.4743,7.2968,4.3124,1.5630
400.50,7.6363,4.4925,1.5680,8.3582,3.9291,1.4839,7.2911,4.4514,1.5726
401.00,7.6389,4.6224,1.5591,8.3708,4.0600,1.4710,7.2918,4.5729,1.5562
401.50,7.6390,4.7524,1.5654,8.3832,4.1890,1.4780,7.2934,4.7026,1.5667
402.00,7.6391,4.8824,1.5679,8.3953,4.3206,1.4804,7.2938,4.8347,1.5691
402.50,7.6387,5.0124,1.5721,8.4073,4.4552,1.4837,7.2938,4.9698,1.5725
403.00,7.6373,5.1424,1.5576,8.4185,4.5895,1.4766,7.2934,5.1003,1.5673
403.50,7.6441,5.2718,1.4025,8.4398,4.7219,1.3244,7.3022,5.2184,1.4131
404.00,7.6612,5.3989,1.3033,8.4796,4.8531,1.2268,7.3252,5.3569,1.3194
404.50,7.6900,5.5208,1.1283,8.5346,4.9744,1.0546,7.3541,5.4785,1.1468
405.00,7.7447,5.6336,0.9905,8.6070,5.0820,0.9082,7.4062,5.5822,0.9969
405.50,7.8176,5.7399,0.9184,8.6904,5.1820,0.8364,7.4702,5.6893,0.9252
406.00,7.8834,5.8219,0.8768,8.7655,5.2612,0.7916,7.5380,5.7749,0.8803
406.50,7.9111,5.8544,0.8442,8.8020,5.2971,0.7595,7.5712,5.8139,0.8482
407.00,7.9117,5.8556,0.8111,8.8035,5.2985,0.7264,7.5726,5.8154,0.8151
407.50,7.9117,5.8558,0.7770,8.8036,5.2987,0.6921,7.5727,5.8156,0.7808
408.00,7.9119,5.8558,0.7434,8.8041,5.2991,0.6586,7.5731,5.8160,0.7473
408.50,7.9120,5.8559,0.7108,8.8042,5.2992,0.6260,7.5731,5.8161,0.7147
409.00,7.9119,5.8556,0.6779,8.8041,5.2991,0.5925,7.5731,5.8161,0.6812
409.50,7.9119,5.8549,0.6441,8.8036,5.2988,0.5583,7.5726,5.8157,0.6470
410.00,7.9118,5.8537,0.6094,8.8024,5.2981,0.5240,7.5715,5.8149,0.6127
410.50,7.9118,5.8521,0.5737,8.8004,5.2970,0.4884,7.5696,5.8136,0.5771
411.00,7.9117,5.8501,0.5372,8.7981,5.2959,0.4521,7.5674,5.8123,0.5408
411.50,7.9117,5.8476,0.4996,8.7962,5.2950,0.4143,7.5656,5.8112,0.5030
412.00,7.9116,5.8446,0.4611,8.7936,5.2939,0.3759,7.5631,5.8100,0.4646
412.50,7.9116,5.8411,0.4214,8.7904,5.2927,0.3357,7.5600,5.8085,0.4244
413.00,7.9116,5.8371,0.3807,8.7872,5.2917,0.2950,7.5569,5.8071,0.3837
413.50,7.9115,5.8327,0.3388,8.7843,5.2908,0.2528,7.5541,5.8061,0.3415
414.00,7.9115,5.8278,0.2957,8.7787,5.2895,0.2096,7.5486,5.8043,0.2983
414.50,7.9114,5.8223,0.2513,8.7722,5.2883,0.1653,7.5423,5.8024,0.2540
415.00,7.9258,5.8161,0.1646,8.7828,5.2895,0.0887,7.5528,5.8046,0.1774
415.50,8.0002,5.8028,0.0080,8.8471,5.2889,-0.0785,7.6169,5.8097,0.0102
416.00,8.1256,5.7980,-0.0146,8.9723,5.2759,-0.1106,7.7727,5.7575,-0.0184
416.50,8.2556,5.7947,-0.0233,9.1018,5.2614,-0.1151,7.9029,5.7547,-0.0160
417.00,8.3855,5.7873,-0.0431,9.2350,5.2446,-0.1386,8.0372,5.7512,-0.0394
417.50,8.5154,5.7827,-0.0407,9.3700,5.2267,-0.1319,8.1633,5.7463,-0.0293
418.00,8.6452,5.7705,-0.0901,9.4948,5.2077,-0.1771,8.2893,5.7403,-0.0779
418.50,8.7744,5.7517,-0.1375,9.6208,5.1823,-0.2249,8.4173,5.7180,-0.1292
419.00,8.9018,5.7245,-0.2811,9.7421,5.1479,-0.3551,8.5414,5.6953,-0.2579
419.50,9.0218,5.6887,-0.4809,9.8601,5.0918,-0.5510,8.6742,5.6509,-0.4553
420.00,9.1237,5.6315,-0.6972,9.9535,5.0198,-0.7664,8.7742,5.5985,-0.6742
420.50,9.2090,5.5446,-0.9010,10.0384,4.9191,-0.9735,8.8680,5.5116,-0.8813
421.00,9.2835,5.4430,-1.1280,10.0993,4.8056,-1.1939,8.9290,5.4084,-1.0982
421.50,9.3446,5.3483,-1.4099,10.1281,4.6932,-1.4711,8.9841,5.3150,-1.3789
422.00,9.3848,5.2241,-1.6855,10.1223,4.5677,-1.7598,9.0199,5.1995,-1.6676
422.50,9.3749,5.0961,-1.7744,10.0869,4.4316,-1.8683,9.0310,5.0751,-1.7691
423.00,9.3528,4.9681,-1.6842,10.0506,4.3035,-1.7962,9.0168,4.9386,-1.6915
423.50,9.3396,4.8383,-1.5275,10.0316,4.1701,-1.6307,9.0119,4.8096,-1.5246
424.00,9.3450,4.7086,-1.5016,10.0266,4.0378,-1.6006,9.0111,4.6876,-1.4945
424.50,9.3536,4.5789,-1.5196,10.0229,3.8995,-1.6101,9.0223,4.5497,-1.5074
425.00,9.3547,4.4489,-1.5474,10.0158,3.7717,-1.6409,9.0283,4.4318,-1.5382
425.50,9.3573,4.3190,-1.5388,10.0057,3.6373,-1.6387,9.0313,4.2971,-1.5290
426.00,9.3607,4.1890,-1.5450,9.9974,3.5068,-1.6380,9.0376,4.1664,-1.5303
426.50,9.3599,4.0591,-1.5639,9.9871,3.3738,-1.6583,9.0413,4.0331,-1.5487
427.00,9.3615,3.9291,-1.5527,9.9759,3.2484,-1.6504,9.0336,3.9072,-1.5408
427.50,9.3591,3.7991,-1.6008,9.9641,3.1217,-1.6865,9.0458,3.7800,-1.5769
428.00,9.3478,3.6698,-1.7379,9.9396,2.9829,-1.8201,9.0313,3.6393,-1.7124
428.50,9.3266,3.5426,-1.8115,9.9012,2.8577,-1.9032,9.0116,3.5209,-1.7936
429.00,9.2945,3.4178,-1.9104,9.8538,2.7347,-1.9925,8.9782,3.3934,-1.8848
429.50,9.2533,3.2978,-2.0275,9.7971,2.6243,-2.1075,8.9435,3.2776,-1.9978
430.00,9.1970,3.1838,-2.1087,9.7257,2.5166,-2.1975,8.8899,3.1571,-2.0879
430.50,9.1286,3.0746,-2.1737,9.6463,2.4142,-2.2650,8.8263,3.0525,-2.1519
431.00,9.0565,2.9668,-2.1368,9.5639,2.3143,-2.2367,8.7599,2.9339,-2.1235
431.50,8.9923,2.8552,-2.0742,9.4844,2.2076,-2.1807,8.6983,2.8191,-2.0641
432.00,8.9360,2.7390,-2.0123,9.4136,2.0963,-2.1085,8.6452,2.7049,-1.9884
432.50,8.8762,2.6226,-2.0647,9.3455,1.9862,-2.1522,8.5868,2.5928,-2.0391
433.00,8.8082,2.5099,-2.1220,9.2700,1.8783,-2.2098,8.5184,2.4671,-2.0952
433.50,8.7381,2.3999,-2.1305,9.1878,1.7716,-2.2308,8.4544,2.3617,-2.1177
434.00,8.6741,2.2875,-2.0624,9.1098,1.6646,-2.1630,8.3832,2.2467,-2.0464
434.50,8.6118,2.1731,-2.0881,9.0335,1.5508,-2.1789,8.3262,2.1248,-2.0623
435.00,8.5419,2.0620,-2.1399,8.9531,1.4427,-2.2358,8.2590,2.0182,-2.1207
435.50,8.4675,1.9541,-2.1921,8.8685,1.3393,-2.2840,8.1869,1.9057,-2.1674
436.00,8.3914,1.8487,-2.1770,8.7835,1.2431,-2.2829,8.1137,1.8102,-2.1678
436.50,8.3225,1.7388,-2.1028,8.7026,1.1409,-2.2030,8.0451,1.6994,-2.0864
437.00,8.2554,1.6272,-2.1363,8.6242,1.0342,-2.2267,7.9797,1.5842,-2.1101
437.50,8.1805,1.5197,-2.1951,8.5414,0.9339,-2.2903,7.9095,1.4748,-2.1772
438.00,8.1040,1.4145,-2.1804,8.4537,0.8353,-2.2868,7.8335,1.3669,-2.1737
438.50,8.0344,1.3054,-2.1222,8.3700,0.7318,-2.2221,7.7619,1.2548,-2.1055
439.00,7.9663,1.1945,-2.1287,8.2917,0.6283,-2.2227,7.7062,1.1428,-2.1061
439.50,7.8935,1.0856,-2.1652,8.2067,0.5213,-2.2622,7.6244,1.0265,-2.1491
440.00,7.8203,0.9781,-2.1661,8.1241,0.4228,-2.2640,7.5677,0.9294,-2.1473
440.50,7.7454,0.8713,-2.1986,8.0391,0.3225,-2.2929,7.5005,0.8200,-2.1763
441.00,7.6662,0.7675,-2.2324,7.9482,0.2238,-2.3277,7.4172,0.7171,-2.2091
441.50,7.5838,0.6666,-2.2674,7.8525,0.1265,-2.3640,7.3283,0.6034,-2.2509
442.00,7.4987,0.5681,-2.2912,7.7571,0.0354,-2.3904,7.2538,0.5121,-2.2757
442.50,7.4130,0.4704,-2.2884,7.6628,-0.0525,-2.3892,7.1700,0.4141,-2.2726
443.00,7.3263,0.3734,-2.3199,7.5634,-0.1437,-2.4199,7.0775,0.3120,-2.3033
443.50,7.2365,0.2792,-2.3447,7.4636,-0.2295,-2.4457,6.9827,0.2151,-2.3290
444.00,7.1457,0.1860,-2.3524,7.3608,-0.3155,-2.4495,6.9006,0.1178,-2.3329
444.50,7.0529,0.0949,-2.3771,7.2540,-0.4018,-2.4744,6.8145,0.0197,-2.3578
445.00,6.9597,0.0044,-2.3449,7.1541,-0.4807,-2.4529,6.7302,-0.0604,-2.3398
445.50,6.8709,-0.0902,-2.3064,7.0533,-0.5683,-2.4102,6.6240,-0.1585,-2.2935
446.00,6.7855,-0.1881,-2.2829,6.9611,-0.6543,-2.3790,6.5525,-0.2546,-2.2624
446.50,6.6993,-0.2855,-2.3068,6.8661,-0.7428,-2.4037,6.4684,-0.3536,-2.2870
447.00,6.6111,-0.3811,-2.3245,6.7684,-0.8300,-2.4232,6.3760,-0.4572,-2.3086
447.50,6.5233,-0.4768,-2.3038,6.6725,-0.9157,-2.4008,6.3061,-0.5477,-2.2877
448.00,6.4355,-0.5728,-2.3162,6.5739,-1.0046,-2.4142,6.2082,-0.6472,-2.3010
448.50,6.3492,-0.6698,-2.2740,6.4728,-1.0977,-2.3756,6.1180,-0.7510,-2.2625
449.00,6.2687,-0.7718,-2.1861,6.3813,-1.1912,-2.2975,6.0477,-0.8442,-2.1843
449.50,6.2017,-0.8669,-1.9998,6.3065,-1.2882,-2.1232,5.9422,-0.8977,-2.0265
450.00,6.1490,-0.9706,-1.7164,6.2579,-1.3981,-1.8457,5.8963,-1.0036,-1.7443
450.50,6.1102,-1.0851,-1.4021,6.2436,-1.5244,-1.5244,5.8795,-1.1254,-1.4230
451.00,6.1215,-1.2106,-1.2294,6.2619,-1.6546,-1.3425,5.8602,-1.2383,-1.2419
451.50,6.1639,-1.3314,-1.1777,6.2977,-1.7822,-1.2739,5.8959,-1.3618,-1.1742
452.00,6.2120,-1.4519,-1.1867,6.3363,-1.9129,-1.2850,5.9382,-1.4780,-1.1897
452.50,6.2564,-1.5734,-1.2279,6.3703,-2.0372,-1.3279,5.9838,-1.6025,-1.2317
453.00,6.3044,-1.6950,-1.1809,6.4042,-2.1663,-1.2882,6.0275,-1.7278,-1.1900
453.50,6.3601,-1.8142,-1.1383,6.4461,-2.2986,-1.2418,6.0854,-1.8504,-1.1421
454.00,6.4189,-1.9313,-1.1102,6.4901,-2.4210,-1.2110,6.1387,-1.9579,-1.1122
454.50,6.4777,-2.0477,-1.0988,6.5388,-2.5495,-1.2029,6.1976,-2.0810,-1.1040
455.00,6.5410,-2.1624,-1.0690,6.5885,-2.6721,-1.1706,6.2550,-2.1938,-1.0691
455.50,6.6013,-2.2771,-1.1126,6.6393,-2.7948,-1.2076,6.3233,-2.3108,-1.1070
456.00,6.6571,-2.3944,-1.1204,6.6837,-2.9186,-1.2271,6.3728,-2.4196,-1.1265
456.50,6.7193,-2.5104,-1.0786,6.7307,-3.0425,-1.1865,6.4408,-2.5382,-1.0850
457.00,6.7840,-2.6242,-1.0495,6.7827,-3.1662,-1.1561,6.5060,-2.6595,-1.0543
457.50,6.8498,-2.7365,-1.0587,6.8373,-3.2869,-1.1537,6.5743,-2.7696,-1.0522
458.00,6.9082,-2.8519,-1.1113,6.8852,-3.4065,-1.2148,6.6310,-2.8812,-1.1169
458.50,6.9703,-2.9671,-1.0513,6.9369,-3.5383,-1.1633,6.6972,-3.0051,-1.0631
459.00,7.0409,-3.0778,-0.9924,6.9925,-3.6559,-1.0991,6.7596,-3.1090,-0.9955
459.50,7.1128,-3.1862,-0.9892,7.0533,-3.7726,-1.0914,6.8322,-3.2187,-0.9886
460.00,7.1837,-3.2950,-0.9928,7.1151,-3.8924,-1.0977,6.9054,-3.3280,-0.9967
460.50,7.2551,-3.4037,-0.9944,7.1754,-4.0092,-1.0969,6.9760,-3.4382,-0.9945
461.00,7.3260,-3.5127,-0.9922,7.2352,-4.1262,-1.0966,7.0451,-3.5458,-0.9951
461.50,7.3982,-3.6210,-0.9873,7.2980,-4.2463,-1.0893,7.1174,-3.6525,-0.9870
462.00,7.4703,-3.7295,-0.9785,7.3612,-4.3680,-1.0864,7.1894,-3.7640,-0.9841
462.50,7.5443,-3.8367,-0.9668,7.4241,-4.4851,-1.0716,7.2640,-3.8685,-0.9657
463.00,7.6110,-3.9351,-0.9754,7.4816,-4.5923,-1.0841,7.3328,-3.9644,-0.9818
463.50,7.6489,-3.9851,-0.8729,7.5172,-4.6554,-0.9940,7.3742,-4.0238,-0.8882
464.00,7.6531,-3.9908,-0.7072,7.5237,-4.6649,-0.8292,7.3812,-4.0230,-0.7199
464.50,7.6528,-3.9860,-0.5330,7.5211,-4.6626,-0.6566,7.3783,-4.0210,-0.5472
465.00,7.6526,-3.9726,-0.3487,7.5090,-4.6553,-0.4677,7.3654,-4.0151,-0.3584
465.50,7.6525,-3.9651,-0.2823,7.5002,-4.6516,-0.3816,7.3564,-4.0123,-0.2723
466.00,7.6525,-3.9610,-0.2488,7.4959,-4.6499,-0.3477,7.3518,-4.0112,-0.2384
466.50,7.6525,-3.9566,-0.2146,7.4923,-4.6487,-0.3138,7.3481,-4.0103,-0.2044
467.00,7.6525,-3.9519,-0.1794,7.4873,-4.6472,-0.2786,7.3430,-4.0094,-0.1693
467.50,7.6525,-3.9469,-0.1435,7.4827,-4.6460,-0.2426,7.3383,-4.0087,-0.1333
468.00,7.6524,-3.9417,-0.1065,7.4779,-4.6449,-0.2058,7.3335,-4.0081,-0.0965
468.50,7.6524,-3.9356,-0.0621,7.4723,-4.6439,-0.1664,7.3679,-3.9756,-0.0676
469.00,7.6524,-3.9279,-0.0096,7.4652,-4.6428,-0.1142,7.3607,-3.9753,-0.0153
469.50,7.6524,-3.9199,0.0437,7.4695,-4.6431,-0.0618,7.3650,-3.9751,0.0371
470.00,7.6524,-3.9124,0.0949,7.4765,-4.6434,-0.0106,7.3721,-3.9747,0.0883
470.50,7.6524,-3.9054,0.1443,7.4827,-4.6433,0.0390,7.3782,-3.9740,0.1378
471.00,7.6525,-3.8989,0.1921,7.4884,-4.6429,0.0869,7.3838,-3.9731,0.1858
471.50,7.6525,-3.8929,0.2383,7.4959,-4.6421,0.1330,7.3913,-3.9715,0.2318
472.00,7.6525,-3.8873,0.2831,7.5007,-4.6414,0.1775,7.3960,-3.9703,0.2764
472.50,7.6526,-3.8822,0.3266,7.5049,-4.6405,0.2206,7.4001,-3.9690,0.3195
473.00,7.6526,-3.8776,0.3689,7.5086,-4.6396,0.2631,7.4037,-3.9678,0.3619
473.50,7.6526,-3.8736,0.4099,7.5121,-4.6386,0.3046,7.4070,-3.9664,0.4034
474.00,7.6527,-3.8699,0.4499,7.5145,-4.6378,0.3445,7.4094,-3.9654,0.4434
474.50,7.6527,-3.8668,0.4887,7.5176,-4.6366,0.3834,7.4123,-3.9639,0.4823
475.00,7.6528,-3.8641,0.5266,7.5208,-4.6353,0.4210,7.4153,-3.9623,0.5199
475.50,7.6528,-3.8620,0.5634,7.5228,-4.6343,0.4581,7.3776,-3.9017,0.5604
476.00,7.6529,-3.8602,0.5993,7.5242,-4.6336,0.4937,7.3789,-3.9008,0.5960
476.50,7.6529,-3.8589,0.6343,7.5252,-4.6331,0.5288,7.3799,-3.9002,0.6312
477.00,7.6530,-3.8581,0.6684,7.5255,-4.6329,0.5631,7.3801,-3.9000,0.6655
477.50,7.6530,-3.8577,0.7015,7.5262,-4.6324,0.5963,7.3808,-3.8995,0.6986
478.00,7.6531,-3.8577,0.7340,7.5262,-4.6324,0.6291,7.3808,-3.8994,0.7314
478.50,7.6528,-3.8578,0.7673,7.5260,-4.6326,0.6620,7.3806,-3.8996,0.7643
479.00,7.6527,-3.8579,0.8015,7.5258,-4.6327,0.6959,7.3804,-3.8998,0.7982
479.50,7.6528,-3.8583,0.8349,7.5253,-4.6332,0.7295,7.3800,-3.9003,0.8318
480.00,7.6528,-3.8584,0.8674,7.5252,-4.6333,0.7623,7.3798,-3.9004,0.8646
480.50,7.6524,-3.8585,0.9005,7.5250,-4.6335,0.7944,7.3797,-3.9006,0.8968
481.00,7.6516,-3.8585,0.9346,7.5245,-4.6340,0.8280,7.3792,-3.9012,0.9303
481.50,7.6504,-3.8586,0.9695,7.5235,-4.6351,0.8620,7.3783,-3.9024,0.9644
482.00,7.6487,-3.8586,1.0053,7.5220,-4.6369,0.8976,7.3771,-3.9043,1.0000
482.50,7.6465,-3.8587,1.0421,7.5203,-4.6391,0.9340,7.3756,-3.9067,1.0364
483.00,7.6439,-3.8587,1.0799,7.5191,-4.6408,0.9714,7.3745,-3.9086,1.0737
483.50,7.6408,-3.8588,1.1187,7.5177,-4.6429,1.0099,7.3734,-3.9108,1.1123
484.00,7.6372,-3.8588,1.1586,7.5158,-4.6461,1.0497,7.3718,-3.9141,1.1520
484.50,7.6331,-3.8589,1.1996,7.5142,-4.6490,1.0903,7.3705,-3.9172,1.1926
485.00,7.6286,-3.8589,1.2417,7.5126,-4.6521,1.1322,7.3693,-3.9205,1.2345
485.50,7.6241,-3.8589,1.2827,7.5111,-4.6556,1.1752,7.3681,-3.9240,1.2776
486.00,7.6186,-3.8590,1.3274,7.5091,-4.6608,1.2196,7.3666,-3.9294,1.3219
486.50,7.6126,-3.8590,1.3735,7.5073,-4.6660,1.2651,7.3654,-3.9348,1.3675
487.00,7.6061,-3.8590,1.4210,7.5052,-4.6732,1.3126,7.3640,-3.9422,1.4149
487.50,7.5992,-3.8590,1.4703,7.5033,-4.6811,1.3612,7.3630,-3.9502,1.4635
488.00,7.5917,-3.8591,1.5213,7.5020,-4.6879,1.4120,7.3257,-3.9071,1.5132
488.50,7.5838,-3.8591,1.5743,7.5010,-4.6954,1.4649,7.3255,-3.9147,1.5661
489.00,7.5760,-3.8591,1.6271,7.5016,-4.6882,1.5174,7.3254,-3.9075,1.6186
489.50,7.5700,-3.8590,1.6693,7.5019,-4.6810,1.5584,7.3249,-3.9003,1.6596
490.00,7.5648,-3.8590,1.7064,7.5018,-4.6760,1.5954,7.3244,-3.8953,1.6966
490.50,7.5598,-3.8590,1.7426,7.5016,-4.6709,1.6314,7.3236,-3.8903,1.7325
491.00,7.5549,-3.8582,1.7800,7.5012,-4.6659,1.6668,7.3227,-3.8853,1.7679
491.50,7.5430,-3.8182,1.8930,7.4959,-4.6320,1.7772,7.3140,-3.8521,1.8784
492.00,7.5121,-3.7195,1.9679,7.4723,-4.5405,1.8590,7.2319,-3.7734,1.9637
492.50,7.4624,-3.6020,2.0640,7.4285,-4.4125,1.9498,7.1821,-3.6457,2.0501
493.00,7.4010,-3.4900,2.1358,7.3757,-4.2953,2.0300,7.1238,-3.5380,2.1338
493.50,7.3327,-3.3799,2.1043,7.3186,-4.1800,2.0099,7.0612,-3.4295,2.1099
494.00,7.2704,-3.2665,2.0746,7.2671,-4.0622,1.9688,7.0022,-3.3175,2.0669
494.50,7.2088,-3.1525,2.0581,7.2160,-3.9404,1.9577,6.9319,-3.1986,2.0620
495.00,7.1473,-3.0377,2.0772,7.1668,-3.8185,1.9666,6.8757,-3.0825,2.0682
495.50,7.0814,-2.9249,2.0978,7.1118,-3.6926,1.9908,6.8083,-2.9653,2.0950
496.00,7.0132,-2.8132,2.1239,7.0550,-3.5686,2.0137,6.7448,-2.8558,2.1179
496.50,6.9436,-2.7031,2.1300,6.9963,-3.4480,2.0258,6.6731,-2.7519,2.1307
497.00,6.8755,-2.5925,2.1247,6.9406,-3.3323,2.0178,6.6083,-2.6429,2.1201
497.50,6.8041,-2.4830,2.1583,6.8807,-3.2113,2.0484,6.5373,-2.5286,2.1526
498.00,6.7299,-2.3756,2.1789,6.8174,-3.0927,2.0719,6.4621,-2.4171,2.1768
498.50,6.6562,-2.2687,2.1634,6.7548,-2.9784,2.0604,6.3887,-2.3139,2.1654
499.00,6.5854,-2.1602,2.1488,6.6954,-2.8638,2.0419,6.3159,-2.2063,2.1461
499.50,6.5129,-2.0518,2.1696,6.6353,-2.7470,2.0579,6.2467,-2.0963,2.1622
500.00,6.4370,-1.9455,2.1961,6.5673,-2.6233,2.0867,6.1680,-1.9848,2.1928
500.50,6.3621,-1.8396,2.1662,6.5044,-2.5119,2.0657,6.0937,-1.8843,2.1727
501.00,6.2916,-1.7308,2.1483,6.4445,-2.3956,2.0380,6.0267,-1.7750,2.1416
501.50,6.2185,-1.6227,2.1707,6.3843,-2.2793,2.0610,5.9539,-1.6656,2.1656
502.00,6.1438,-1.5159,2.1820,6.3236,-2.1678,2.0747,5.8817,-1.5630,2.1810
502.50,6.0696,-1.4094,2.1728,6.2606,-2.0533,2.0674,5.8069,-1.4559,2.1730
503.00,5.9971,-1.3017,2.1637,6.1984,-1.9360,2.0545,5.7285,-1.3434,2.1595
503.50,5.9230,-1.1944,2.1857,6.1380,-1.8224,2.0699,5.6605,-1.2366,2.1762
504.00,5.8453,-1.0895,2.2145,6.0702,-1.7032,2.1034,5.5822,-1.1273,2.2132
504.50,5.7654,-0.9865,2.2433,6.0013,-1.5888,2.1288,5.4965,-1.0211,2.2365
505.00,5.6813,-0.8873,2.3164,5.9283,-1.4780,2.1932,5.4143,-0.9282,2.3023
505.50,5.5883,-0.7973,2.4455,5.8457,-1.3751,2.3169,5.3228,-0.8350,2.4288
506.00,5.4827,-0.7171,2.6024,5.7466,-1.2828,2.4744,5.2177,-0.7543,2.5881
506.50,5.3670,-0.6471,2.7423,5.6367,-1.2077,2.6148,5.1068,-0.6922,2.7291
507.00,5.2446,-0.5937,2.8362,5.5084,-1.1436,2.7243,4.9752,-0.6296,2.8350
507.50,5.1212,-0.5515,2.7978,5.3938,-1.0917,2.6925,4.8672,-0.5841,2.8004
508.00,4.9989,-0.5067,2.7861,5.2797,-1.0360,2.6820,4.7398,-0.5410,2.7887
508.50,4.8789,-0.4550,2.7032,5.1615,-0.9723,2.6034,4.6170,-0.4895,2.7089
509.00,4.7723,-0.4029,2.7056,5.0603,-0.9094,2.5903,4.5052,-0.4353,2.6947
509.50,4.6621,-0.3623,2.8640,4.9583,-0.8546,2.7318,4.4045,-0.3910,2.8402
510.00,4.5344,-0.3307,3.0441,4.8338,-0.8155,2.9260,4.2825,-0.3627,3.0368
510.50,4.4058,-0.3164,3.0488,4.7030,-0.7905,2.9499,4.1413,-0.3456,3.0572
511.00,4.2786,-0.2992,2.8784,4.5779,-0.7579,2.7924,4.0254,-0.3270,2.8944
511.50,4.1564,-0.2688,2.7276,4.4604,-0.7030,2.6264,3.9082,-0.2845,2.7284
512.00,4.0557,-0.2243,2.7257,4.3604,-0.6436,2.6084,3.8004,-0.2455,2.7121
512.50,3.9433,-0.1878,2.8800,4.2581,-0.5906,2.7473,3.6930,-0.2088,2.8564
513.00,3.8154,-0.1605,3.0288,4.1270,-0.5495,2.9127,3.5747,-0.1875,3.0261
513.50,3.6936,-0.1442,3.0013,4.0088,-0.5232,2.9027,3.4508,-0.1697,3.0096
514.00,3.5781,-0.1213,2.9095,3.8902,-0.4863,2.7994,3.3355,-0.1411,2.9060
514.50,3.4519,-0.0880,2.8708,3.7674,-0.4413,2.7682,3.2156,-0.1115,2.8781
515.00,3.3276,-0.0482,2.8412,3.6528,-0.3929,2.7285,3.0960,-0.0735,2.8332
515.50,3.2024,-0.0147,2.8859,3.5319,-0.3438,2.7791,2.9626,-0.0301,2.8857
516.00,3.0777,0.0184,2.9016,3.4109,-0.2973,2.7860,2.8525,-0.0012,2.8898
516.50,2.9671,0.0439,3.0906,3.2996,-0.2643,2.9565,2.7374,0.0203,3.0622
517.00,2.8378,0.0564,-2.9893,3.1690,-0.2564,-3.1048,2.6010,0.0244,-2.9976
517.50,2.7114,0.0383,-2.9783,3.0425,-0.2647,-3.0760,2.4729,0.0222,-2.9740
518.00,2.5924,0.0228,3.1343,2.9203,-0.2649,3.0487,2.3647,0.0096,-3.1325
518.50,2.4629,0.0211,3.0277,2.7873,-0.2418,2.9211,2.2305,0.0191,3.0208
519.00,2.3337,0.0352,3.0457,2.6613,-0.2134,2.9277,2.1100,0.0218,3.0356
519.50,2.2040,0.0422,3.0967,2.5322,-0.1900,2.9881,1.9762,0.0313,3.0972
520.00,2.0742,0.0515,3.0747,2.3977,-0.1678,2.9643,1.8400,0.0384,3.0687
520.50,1.9443,0.0546,-3.1320,2.2668,-0.1488,3.0418,1.7156,0.0439,-3.1351
521.00,1.8143,0.0554,3.1266,2.1326,-0.1346,3.0195,1.5916,0.0437,3.1227
521.50,1.6844,0.0525,-3.1168,1.9960,-0.1211,3.0653,1.4551,0.0464,-3.1135
522.00,1.5544,0.0550,3.1032,1.8640,-0.1076,3.0042,1.3283,0.0457,3.1039
522.50,1.4244,0.0571,-3.1167,1.7300,-0.0909,3.0564,1.1933,0.0489,-3.1294
523.00,1.2945,0.0544,-3.1324,1.5952,-0.0806,3.0513,1.0734,0.0458,-3.1298
523.50,1.1645,0.0501,-3.1094,1.4629,-0.0698,3.0747,0.9440,0.0430,-3.1087
524.00,1.0345,0.0516,3.1042,1.3331,-0.0577,3.0085,0.7946,0.0420,3.1070
524.50,0.9046,0.0549,-3.1377,1.1980,-0.0396,3.0373,0.6809,0.0500,3.1377
525.00,0.7746,0.0543,3.1291,1.0686,-0.0275,3.0316,0.5326,0.0490,3.1324
525.50,0.6447,0.0534,-3.1004,0.9394,-0.0145,3.0767,0.4397,0.0493,-3.1060
526.00,0.5148,0.0481,-3.1290,0.8062,-0.0073,3.0678,0.3232,0.0426,-3.1168
526.50,0.3848,0.0494,3.1276,0.6771,0.0067,3.0278,0.1808,0.0413,3.1228
527.00,0.2548,0.0539,3.0957,0.5524,0.0214,3.0058,0.0333,0.0460,3.1008
527.50,0.1250,0.0588,3.1416,0.4257,0.0391,3.0316,-0.0750,0.0521,3.1264
528.00,-0.0050,0.0552,-3.1060,0.2909,0.0481,3.0902,-0.2115,0.0495,-3.0974
528.50,-0.1349,0.0492,-3.0942,0.1609,0.0551,3.0970,-0.3393,0.0443,-3.0971
529.00,-0.2648,0.0471,3.1197,0.0264,0.0634,3.0378,-0.4774,0.0389,3.1269
529.50,-0.3947,0.0509,3.1257,-0.1012,0.0797,3.0229,-0.6277,0.0441,3.1120
530.00,-0.5247,0.0493,-3.1377,-0.2323,0.0911,3.0593,-0.7610,0.0442,-3.1304
530.50,-0.6547,0.0467,-3.1102,-0.3672,0.1021,3.0784,-0.9018,0.0405,-3.1146
531.00,-0.7847,0.0467,3.1091,-0.4935,0.1119,3.0258,-1.0240,0.0390,3.1175
531.50,-0.9144,0.0540,3.0906,-0.6283,0.1316,2.9913,-1.1501,0.0463,3.0815
532.00,-1.0444,0.0547,-3.1113,-0.7605,0.1456,3.0766,-1.2831,0.0482,-3.1149
532.50,-1.1743,0.0502,-3.1001,-0.8933,0.1545,3.0845,-1.4173,0.0447,-3.1055
533.00,-1.3043,0.0468,3.1343,-1.0262,0.1629,3.0460,-1.5391,0.0414,-3.1385
533.50,-1.4342,0.0505,3.1204,-1.1605,0.1798,3.0126,-1.6845,0.0446,3.1043
534.00,-1.5642,0.0497,3.1384,-1.2884,0.1929,3.0462,-1.7930,0.0462,-3.1383
534.50,-1.6942,0.0518,-3.1363,-1.4178,0.2071,3.0406,-1.9232,0.0476,3.1358
535.00,-1.8241,0.0482,-3.1275,-1.5475,0.2168,3.0679,-2.0532,0.0451,-3.1201
535.50,-1.9541,0.0511,3.1195,-1.6845,0.2314,3.0195,-2.1909,0.0460,3.1093
536.00,-2.0840,0.0485,-3.0615,-1.8161,0.2417,3.1209,-2.3329,0.0448,-3.0706
536.50,-2.2134,0.0380,-3.0638,-1.9501,0.2421,3.1341,-2.4763,0.0324,-3.0609
537.00,-2.3432,0.0330,-3.1061,-2.0837,0.2471,3.0833,-2.5899,0.0254,-3.1117
537.50,-2.4732,0.0296,-3.1340,-2.2169,0.2554,3.0586,-2.7189,0.0220,-3.1344
538.00,-2.6032,0.0289,-3.1310,-2.3483,0.2679,3.0504,-2.8453,0.0228,-3.1411
538.50,-2.7332,0.0242,-3.1284,-2.4810,0.2782,3.0632,-2.9727,0.0210,-3.1248
539.00,-2.8632,0.0240,-3.1305,-2.6153,0.2907,3.0494,-3.1132,0.0205,3.1411
539.50,-2.9931,0.0176,-3.1017,-2.7456,0.3000,3.0829,-3.2438,0.0181,-3.1051
540.00,-3.1229,0.0084,-3.0603,-2.8706,0.3061,3.1173,-3.3389,0.0123,-3.0707
540.50,-3.2520,-0.0101,-2.9986,-3.0021,0.3053,-3.1013,-3.4896,-0.0012,-3.0061
541.00,-3.3806,-0.0303,-2.9947,-3.1346,0.2986,-3.0942,-3.6209,-0.0304,-2.9990
541.50,-3.5089,-0.0534,-2.9685,-3.2712,0.2906,-3.0676,-3.7461,-0.0512,-2.9724
542.00,-3.6372,-0.0739,-2.9725,-3.4110,0.2820,-3.0812,-3.8644,-0.0732,-2.9860
542.50,-3.7644,-0.1020,-2.8942,-3.5391,0.2697,-3.0032,-3.9908,-0.0974,-2.9045
543.00,-3.8905,-0.1327,-2.9090,-3.6676,0.2513,-3.0139,-4.1269,-0.1285,-2.9152
543.50,-4.0164,-0.1672,-2.8698,-3.7956,0.2329,-2.9762,-4.2525,-0.1592,-2.8740
544.00,-4.1413,-0.2061,-2.8443,-3.9233,0.2106,-2.9544,-4.3772,-0.1944,-2.8522
544.50,-4.2649,-0.2499,-2.8158,-4.0541,0.1830,-2.9194,-4.4945,-0.2453,-2.8172
545.00,-4.3893,-0.2865,-2.8946,-4.1831,0.1574,-2.9938,-4.6302,-0.2838,-2.8917
545.50,-4.5154,-0.3187,-2.8772,-4.3178,0.1388,-2.9867,-4.7523,-0.3161,-2.8880
546.00,-4.6406,-0.3557,-2.8565,-4.4489,0.1167,-2.9636,-4.8705,-0.3510,-2.8615
546.50,-4.7645,-0.3993,-2.8138,-4.5844,0.0894,-2.9186,-5.0125,-0.3922,-2.8199
547.00,-4.8882,-0.4382,-2.8542,-4.7125,0.0616,-2.9534,-5.1171,-0.4329,-2.8582
547.50,-5.0125,-0.4774,-2.8175,-4.8435,0.0362,-2.9254,-5.2352,-0.4704,-2.8267
548.00,-5.1351,-0.5234,-2.7781,-4.9724,0.0057,-2.8895,-5.3604,-0.5134,-2.7909
548.50,-5.2553,-0.5769,-2.7219,-5.1020,-0.0318,-2.8302,-5.4958,-0.5633,-2.7315
549.00,-5.3713,-0.6389,-2.6155,-5.2237,-0.0769,-2.7286,-5.6125,-0.6302,-2.6299
549.50,-5.4803,-0.7100,-2.5130,-5.3481,-0.1389,-2.6254,-5.7300,-0.7044,-2.5302
550.00,-5.5828,-0.7897,-2.4590,-5.4595,-0.2080,-2.5636,-5.8344,-0.7738,-2.4684
550.50,-5.6812,-0.8746,-2.3911,-5.5653,-0.2805,-2.5042,-5.9316,-0.8560,-2.4090
551.00,-5.7553,-0.9486,-2.3286,-5.6531,-0.3511,-2.4346,-6.0136,-0.9445,-2.3395
551.50,-5.7843,-0.9797,-2.2956,-5.6923,-0.3855,-2.4013,-6.0294,-0.9725,-2.3061
552.00,-5.7849,-0.9805,-2.2630,-5.6936,-0.3868,-2.3686,-6.0306,-0.9838,-2.2734
552.50,-5.7843,-0.9804,-2.2296,-5.6934,-0.3864,-2.3353,-6.0304,-0.9835,-2.2401
553.00,-5.7834,-0.9803,-2.1952,-5.6928,-0.3858,-2.3010,-6.0299,-0.9828,-2.2058
553.50,-5.7820,-0.9803,-2.1600,-5.6918,-0.3846,-2.2659,-6.0290,-0.9815,-2.1707
554.00,-5.7801,-0.9802,-2.1238,-5.6906,-0.3830,-2.2301,-6.0279,-0.9799,-2.1349
554.50,-5.7778,-0.9802,-2.0867,-5.6892,-0.3812,-2.1931,-6.0267,-0.9778,-2.0979
555.00,-5.7750,-0.9801,-2.0486,-5.6877,-0.3790,-2.1559,-6.0254,-0.9756,-2.0607
555.50,-5.7717,-0.9801,-2.0094,-5.6863,-0.3769,-2.1169,-6.0243,-0.9733,-2.0217
556.00,-5.7680,-0.9801,-1.9692,-5.6844,-0.3735,-2.0764,-6.0226,-0.9697,-1.9812
556.50,-5.7638,-0.9800,-1.9278,-5.6826,-0.3700,-2.0354,-6.0212,-0.9662,-1.9402
557.00,-5.7590,-0.9800,-1.8852,-5.6804,-0.3655,-1.9933,-6.0195,-0.9614,-1.8981
557.50,-5.7538,-0.9799,-1.8414,-5.6782,-0.3603,-1.9499,-6.0178,-0.9561,-1.8547
558.00,-5.7485,-0.9844,-1.7838,-5.6778,-0.3592,-1.8985,-6.0174,-0.9549,-1.8033
558.50,-5.7375,-1.0396,-1.6279,-5.6903,-0.4097,-1.7423,-6.0251,-1.0064,-1.6471
559.00,-5.7364,-1.1550,-1.6051,-5.7057,-0.5221,-1.7003,-5.9894,-1.1397,-1.6086
559.50,-5.7471,-1.2845,-1.7065,-5.7298,-0.6590,-1.7998,-6.0006,-1.2883,-1.7081
560.00,-5.7632,-1.3988,-1.6682,-5.7566,-0.7716,-1.7791,-6.0165,-1.3829,-1.6944
560.50,-5.7730,-1.4591,-1.5251,-5.7666,-0.8401,-1.6313,-6.0314,-1.4619,-1.5396
561.00,-5.7752,-1.4665,-1.4741,-5.7670,-0.8504,-1.5776,-6.0315,-1.4622,-1.4824
561.50,-5.7694,-1.4665,-1.4248,-5.7669,-0.8559,-1.5283,-6.0309,-1.4677,-1.4331
562.00,-5.7629,-1.4666,-1.3771,-5.7665,-0.8633,-1.4806,-6.0298,-1.4749,-1.3854
562.50,-5.7569,-1.4666,-1.3309,-5.7657,-0.8705,-1.4340,-6.0283,-1.4821,-1.3388
563.00,-5.7513,-1.4666,-1.2861,-5.7648,-0.8760,-1.3890,-6.0155,-1.4671,-1.3008
563.50,-5.7463,-1.4667,-1.2427,-5.7636,-0.8818,-1.3451,-6.0139,-1.4728,-1.2569
564.00,-5.7417,-1.4667,-1.2005,-5.7626,-0.8858,-1.3026,-6.0125,-1.4767,-1.2144
564.50,-5.7369,-1.4709,-1.1491,-5.7610,-0.8913,-1.2556,-6.0104,-1.4821,-1.1674
565.00,-5.7179,-1.5199,-1.0215,-5.7433,-0.9351,-1.1287,-5.9889,-1.5241,-1.0405
565.50,-5.6598,-1.6102,-0.9559,-5.6944,-1.0271,-1.0531,-5.9320,-1.6013,-0.9649
566.00,-5.6185,-1.6660,-0.9243,-5.6540,-1.0963,-1.0246,-5.8857,-1.6667,-0.9363
566.50,-5.6110,-1.6751,-0.8906,-5.6469,-1.1077,-0.9902,-5.8776,-1.6774,-0.9020
567.00,-5.6108,-1.6751,-0.8577,-5.6467,-1.1080,-0.9573,-5.8774,-1.6777,-0.8691
567.50,-5.6108,-1.6751,-0.8251,-5.6468,-1.1079,-0.9246,-5.8775,-1.6776,-0.8364
568.00,-5.6109,-1.6748,-0.7914,-5.6470,-1.1077,-0.8910,-5.8776,-1.6774,-0.8028
568.50,-5.6111,-1.6749,-0.7573,-5.6471,-1.1075,-0.8569,-5.8778,-1.6773,-0.7687
569.00,-5.6115,-1.6749,-0.7243,-5.6472,-1.1075,-0.8236,-5.8779,-1.6772,-0.7354
569.50,-5.6115,-1.6748,-0.6917,-5.6474,-1.1073,-0.7907,-5.8781,-1.6770,-0.7025
570.00,-5.6116,-1.6743,-0.6583,-5.6479,-1.1068,-0.7573,-5.8786,-1.6766,-0.6691
570.50,-5.6116,-1.6734,-0.6265,-5.6485,-1.1062,-0.7231,-5.8793,-1.6761,-0.6348
571.00,-5.6116,-1.6741,-0.6537,-5.6479,-1.1068,-0.7449,-5.8786,-1.6766,-0.6567
571.50,-5.6115,-1.6747,-0.6873,-5.6473,-1.1074,-0.7787,-5.8780,-1.6771,-0.6905
572.00,-5.6115,-1.6748,-0.7200,-5.6473,-1.1074,-0.8111,-5.8780,-1.6771,-0.7229
572.50,-5.6112,-1.6748,-0.7528,-5.6471,-1.1075,-0.8436,-5.8779,-1.6772,-0.7554
573.00,-5.6109,-1.6747,-0.7867,-5.6468,-1.1079,-0.8780,-5.8774,-1.6777,-0.7898
573.50,-5.6108,-1.6749,-0.8206,-5.6466,-1.1082,-0.9125,-5.8772,-1.6778,-0.8243
574.00,-5.6108,-1.6751,-0.8533,-5.6461,-1.1088,-0.9456,-5.8767,-1.6784,-0.8574
574.50,-5.6109,-1.6750,-0.8861,-5.6463,-1.1085,-0.9785,-5.8769,-1.6782,-0.8903
575.00,-5.6116,-1.6750,-0.9197,-5.6466,-1.1080,-1.0118,-5.8773,-1.6777,-0.9236
575.50,-5.6126,-1.6749,-0.9542,-5.6471,-1.1073,-1.0458,-5.8778,-1.6770,-0.9576
576.00,-5.6141,-1.6749,-0.9897,-5.6479,-1.1058,-1.0812,-5.8788,-1.6756,-0.9930
576.50,-5.6161,-1.6748,-1.0261,-5.6488,-1.1041,-1.1177,-5.8798,-1.6740,-1.0295
577.00,-5.6185,-1.6748,-1.0634,-5.6497,-1.1020,-1.1554,-5.8809,-1.6720,-1.0671
577.50,-5.6214,-1.6747,-1.1018,-5.6505,-1.1001,-1.1937,-5.8819,-1.6702,-1.1055
578.00,-5.6248,-1.6747,-1.1412,-5.6521,-1.0960,-1.2332,-5.8838,-1.6662,-1.1450
578.50,-5.6287,-1.6746,-1.1817,-5.6533,-1.0922,-1.2737,-5.8854,-1.6625,-1.1855
579.00,-5.6330,-1.6746,-1.2233,-5.6547,-1.0875,-1.3148,-5.8871,-1.6580,-1.2266
579.50,-5.6378,-1.6745,-1.2662,-5.6559,-1.0825,-1.3578,-5.8887,-1.6531,-1.2696
580.00,-5.6425,-1.6816,-1.3298,-5.6559,-1.0828,-1.4152,-5.8887,-1.6534,-1.3270
580.50,-5.6526,-1.7429,-1.4954,-5.6522,-1.1414,-1.5827,-5.8799,-1.7115,-1.4945
581.00,-5.6564,-1.8622,-1.5531,-5.6589,-1.2614,-1.6511,-5.9160,-1.8515,-1.5629
581.50,-5.6516,-1.9920,-1.4820,-5.6682,-1.3921,-1.5998,-5.9196,-1.9826,-1.5096
582.00,-5.6374,-2.1206,-1.3846,-5.6639,-1.5171,-1.4903,-5.9089,-2.1067,-1.3951
582.50,-5.6160,-2.2373,-1.4554,-5.6555,-1.6361,-1.5440,-5.8845,-2.2243,-1.4523
583.00,-5.6029,-2.3587,-1.6940,-5.6653,-1.7573,-1.7783,-5.8873,-2.3459,-1.6885
583.50,-5.6124,-2.4840,-1.8017,-5.7014,-1.8801,-1.9054,-5.8926,-2.4714,-1.8137
584.00,-5.6358,-2.5905,-1.7349,-5.7348,-1.9794,-1.8547,-5.9170,-2.5733,-1.7595
584.50,-5.6498,-2.7195,-1.5857,-5.7612,-2.1089,-1.6971,-5.9254,-2.7045,-1.5984
585.00,-5.6533,-2.8470,-1.5873,-5.7747,-2.2352,-1.6850,-5.9314,-2.8316,-1.5933
585.50,-5.6607,-2.9274,-1.6380,-5.7863,-2.3201,-1.7376,-5.9352,-2.9172,-1.6459
586.00,-5.6684,-2.9466,-1.6875,-5.7908,-2.3445,-1.7881,-5.9480,-2.9419,-1.6929
586.50,-5.6752,-2.9466,-1.7362,-5.7927,-2.3524,-1.8369,-5.9591,-2.9499,-1.7417
587.00,-5.6816,-2.9466,-1.7833,-5.7949,-2.3597,-1.8841,-5.9606,-2.9574,-1.7889
587.50,-5.6874,-2.9467,-1.8289,-5.7971,-2.3661,-1.9298,-5.9622,-2.9640,-1.8346
588.00,-5.6927,-2.9467,-1.8731,-5.7989,-2.3706,-1.9741,-5.9635,-2.9687,-1.8789
588.50,-5.6976,-2.9467,-1.9160,-5.8013,-2.3760,-2.0170,-5.9654,-2.9742,-1.9218
589.00,-5.7020,-2.9468,-1.9577,-5.8032,-2.3798,-2.0587,-5.9670,-2.9782,-1.9635
589.50,-5.7058,-2.9468,-1.9983,-5.8050,-2.3830,-2.0997,-5.9684,-2.9815,-2.0046
590.00,-5.7093,-2.9469,-2.0378,-5.8072,-2.3867,-2.1391,-5.9703,-2.9854,-2.0439
590.50,-5.7122,-2.9469,-2.0762,-5.8089,-2.3892,-2.1781,-5.9917,-2.9382,-2.0829
591.00,-5.7146,-2.9470,-2.1136,-5.8107,-2.3916,-2.2155,-5.9932,-2.9407,-2.1203
591.50,-5.7166,-2.9470,-2.1500,-5.8120,-2.3933,-2.2521,-5.9944,-2.9425,-2.1570
592.00,-5.7182,-2.9471,-2.1855,-5.8129,-2.3944,-2.2884,-5.9952,-2.9437,-2.1932
592.50,-5.7192,-2.9471,-2.2201,-5.8133,-2.3949,-2.3234,-5.9956,-2.9442,-2.2282
593.00,-5.7199,-2.9472,-2.2537,-5.8137,-2.3953,-2.3572,-5.9959,-2.9446,-2.2620
593.50,-5.7201,-2.9472,-2.2866,-5.8138,-2.3954,-2.3902,-5.9960,-2.9447,-2.2950
594.00,-5.7200,-2.9475,-2.3192,-5.8141,-2.3957,-2.4223,-5.9963,-2.9450,-2.3272
594.50,-5.7200,-2.9478,-2.3530,-5.8145,-2.3960,-2.4555,-5.9967,-2.9455,-2.3603
595.00,-5.7201,-2.9479,-2.3870,-5.8147,-2.3962,-2.4891,-5.9968,-2.9456,-2.3940
595.50,-5.7203,-2.9480,-2.4199,-5.8147,-2.3962,-2.5227,-5.9968,-2.9456,-2.4276
596.00,-5.7356,-2.9599,-2.4926,-5.8279,-2.4049,-2.5851,-6.0091,-2.9556,-2.4899
596.50,-5.8043,-2.9933,-2.6880,-5.8897,-2.4358,-2.7759,-6.0733,-2.9866,-2.6807
597.00,-5.9228,-3.0273,-2.8214,-6.0070,-2.4696,-2.9241,-6.1957,-3.0214,-2.8289
597.50,-6.0464,-3.0671,-2.8081,-6.1354,-2.4963,-2.9255,-6.3267,-3.0456,-2.8268
598.00,-6.1667,-3.1159,-2.7018,-6.2656,-2.5319,-2.8171,-6.4472,-3.1036,-2.7149
598.50,-6.2833,-3.1724,-2.6875,-6.3921,-2.5778,-2.7890,-6.5640,-3.1620,-2.6868
599.00,-6.4018,-3.2246,-2.7305,-6.5117,-2.6178,-2.8392,-6.6787,-3.2043,-2.7440
599.50,-6.5198,-3.2806,-2.6955,-6.6378,-2.6598,-2.8020,-6.8003,-3.2580,-2.7033
600.00,-6.6381,-3.3331,-2.7264,-6.7654,-2.7025,-2.8364,-6.9231,-3.3130,-2.7377
600.50,-6.7497,-3.3848,-2.7125,-6.8874,-2.7421,-2.8211,-7.0407,-3.3641,-2.7189
601.00,-6.8118,-3.4140,-2.7519,-6.9589,-2.7646,-2.8610,-7.0997,-3.3935,-2.7553
601.50,-6.8217,-3.4196,-2.7930,-6.9733,-2.7686,-2.9021,-7.1136,-3.3990,-2.7965
602.00,-6.8217,-3.4155,-2.8358,-6.9693,-2.7677,-2.9449,-7.1097,-3.3977,-2.8392
602.50,-6.8216,-3.4102,-2.8799,-6.9647,-2.7669,-2.9892,-7.1052,-3.3964,-2.8835
603.00,-6.8216,-3.4044,-2.9254,-6.9593,-2.7662,-3.0348,-7.1000,-3.3952,-2.9292
603.50,-6.8216,-3.3982,-2.9723,-6.9531,-2.7657,-3.0819,-7.0938,-3.3940,-2.9762
604.00,-6.8216,-3.3914,-3.0209,-6.9464,-2.7655,-3.1300,-7.0871,-3.3931,-3.0243
604.50,-6.8216,-3.3842,-3.0711,-6.9396,-2.7656,3.1025,-7.0804,-3.3925,-3.0750
605.00,-6.8216,-3.3765,-3.1233,-6.9321,-2.7661,3.0501,-7.0729,-3.3922,-3.1274
605.50,-6.8216,-3.3685,3.1065,-6.9318,-2.7661,2.9961,-7.0726,-3.3921,3.1018
606.00,-6.8216,-3.3609,3.0549,-6.9389,-2.7648,2.9442,-7.0798,-3.3916,3.0499
606.50,-6.8216,-3.3538,3.0052,-6.9463,-2.7631,2.8945,-7.0873,-3.3907,3.0002
607.00,-6.8216,-3.3472,2.9572,-6.9527,-2.7614,2.8461,-7.0939,-3.3896,2.9517
607.50,-6.8216,-3.3411,2.9107,-6.9601,-2.7590,2.7992,-7.1015,-3.3880,2.9048
608.00,-6.8217,-3.3355,2.8656,-6.9658,-2.7567,2.7536,-7.1074,-3.3864,2.8592
608.50,-6.8217,-3.3303,2.8220,-6.9708,-2.7546,2.7096,-7.1126,-3.3848,2.8153
609.00,-6.8217,-3.3257,2.7795,-6.9760,-2.7521,2.6670,-7.1180,-3.3829,2.7727
609.50,-6.8218,-3.3215,2.7383,-6.9803,-2.7498,2.6251,-7.1225,-3.3810,2.7307
610.00,-6.8218,-3.3178,2.6981,-6.9834,-2.7479,2.5850,-7.1258,-3.3795,2.6907
610.50,-6.8219,-3.3146,2.6591,-6.9861,-2.7461,2.5458,-7.1287,-3.3780,2.6515
611.00,-6.8219,-3.3118,2.6211,-6.9883,-2.7446,2.5075,-7.1108,-3.2961,2.6167
611.50,-6.8220,-3.3096,2.5841,-6.9902,-2.7431,2.4702,-7.1128,-3.2949,2.5793
612.00,-6.8220,-3.3078,2.5481,-6.9915,-2.7420,2.4334,-7.1142,-3.2939,2.5426
612.50,-6.8221,-3.3064,2.5129,-6.9927,-2.7410,2.3985,-7.1155,-3.2930,2.5076
613.00,-6.8221,-3.3055,2.4787,-6.9934,-2.7403,2.3645,-7.1163,-3.2924,2.4736
613.50,-6.8222,-3.3050,2.4454,-6.9941,-2.7396,2.3311,-7.1170,-3.2918,2.4402
614.00,-6.8222,-3.3050,2.4129,-6.9943,-2.7394,2.2984,-7.1173,-3.2916,2.4075
614.50,-6.8226,-3.3051,2.3797,-6.9947,-2.7389,2.2647,-7.1177,-3.2912,2.3739
615.00,-6.8228,-3.3051,2.3456,-6.9949,-2.7387,2.2308,-7.1179,-3.2910,2.3399
615.50,-6.8229,-3.3048,2.3121,-6.9951,-2.7385,2.1973,-7.1181,-3.2908,2.3064
616.00,-6.8229,-3.3048,2.2795,-6.9951,-2.7384,2.1644,-7.1182,-3.2907,2.2736
616.50,-6.8226,-3.3048,2.2465,-6.9951,-2.7384,2.1319,-7.1182,-3.2907,2.2410
617.00,-6.8219,-3.3049,2.2126,-6.9947,-2.7391,2.0975,-7.1177,-3.2913,2.2066
617.50,-6.8207,-3.3049,2.1779,-6.9943,-2.7399,2.0633,-7.1172,-3.2921,2.1724
618.00,-6.8191,-3.3050,2.1422,-6.9936,-2.7413,2.0271,-7.1163,-3.2934,2.1363
618.50,-6.8170,-3.3050,2.1055,-6.9926,-2.7432,1.9895,-7.1152,-3.2952,2.0987
619.00,-6.8144,-3.3051,2.0679,-6.9919,-2.7449,1.9520,-7.1143,-3.2968,2.0612
619.50,-6.8114,-3.3051,2.0293,-6.9910,-2.7473,1.9136,-7.1131,-3.2991,2.0228
620.00,-6.8079,-3.3052,1.9896,-6.9900,-2.7502,1.8736,-7.1118,-3.3019,1.9828
620.50,-6.8039,-3.3052,1.9488,-6.9888,-2.7544,1.8329,-7.1102,-3.3060,1.9420
621.00,-6.7994,-3.3052,1.9068,-6.9875,-2.7600,1.7916,-7.1082,-3.3114,1.9007
621.50,-6.7959,-3.3053,1.8703,-6.9867,-2.7635,1.7546,-7.1071,-3.3147,1.8638
622.00,-6.7905,-3.3053,1.8260,-6.9858,-2.7690,1.7099,-7.1056,-3.3201,1.8190
622.50,-6.7846,-3.3053,1.7803,-6.9850,-2.7761,1.6641,-7.1040,-3.3270,1.7732
623.00,-6.7775,-3.2908,1.6952,-6.9854,-2.7658,1.5849,-7.1055,-3.3169,1.6941
623.50,-6.7690,-3.2162,1.5975,-6.9823,-2.6983,1.4807,-7.1098,-3.2494,1.5898
624.00,-6.7550,-3.0910,1.4995,-6.9653,-2.5782,1.3774,-7.0554,-3.0882,1.4935
624.50,-6.7471,-2.9613,1.5318,-6.9394,-2.4480,1.3971,-7.0345,-2.9558,1.5168
625.00,-6.7435,-2.8314,1.5167,-6.9192,-2.3201,1.4021,-7.0298,-2.8264,1.5218
625.50,-6.7316,-2.7026,1.3633,-6.8887,-2.1951,1.2498,-7.0148,-2.6987,1.3660
626.00,-6.7062,-2.5760,1.3439,-6.8435,-2.0714,1.2167,-6.9894,-2.5707,1.3348
626.50,-6.6742,-2.4497,1.3068,-6.7955,-1.9444,1.1833,-6.9610,-2.4489,1.3029
627.00,-6.6415,-2.3240,1.3143,-6.7474,-1.8252,1.1934,-6.9274,-2.3249,1.3130
627.50,-6.6026,-2.1992,1.2618,-6.6947,-1.7015,1.1391,-6.8902,-2.1957,1.2552
628.00,-6.5669,-2.0745,1.3357,-6.6431,-1.5846,1.1978,-6.8524,-2.0736,1.3139
628.50,-6.5398,-1.9472,1.3743,-6.5998,-1.4595,1.2539,-6.8240,-1.9444,1.3735
629.00,-6.5088,-1.8209,1.2762,-6.5557,-1.3391,1.1627,-6.7948,-1.8239,1.2804
629.50,-6.4691,-1.7003,1.0911,-6.4941,-1.2236,0.9822,-6.7373,-1.6976,1.0984
630.00,-6.4094,-1.5894,0.9631,-6.4141,-1.1207,0.8451,-6.6850,-1.5863,0.9632
630.50,-6.3341,-1.4839,0.9446,-6.3257,-1.0255,0.8158,-6.6030,-1.4813,0.9319
631.00,-6.2627,-1.3808,1.0359,-6.2388,-0.9282,0.8933,-6.5279,-1.3746,1.0114
631.50,-6.2109,-1.3100,1.2735,-6.1846,-0.8470,1.1190,-6.4894,-1.2923,1.2404
632.00,-6.1698,-1.2100,1.5872,-6.1524,-0.7416,1.4291,-6.4667,-1.1937,1.5504
632.50,-6.1518,-1.0863,1.8644,-6.1528,-0.6224,1.7153,-6.4397,-1.0955,1.8367
633.00,-6.1826,-0.9657,2.0316,-6.1833,-0.4942,1.8880,-6.4526,-0.9622,2.0074
633.50,-6.2397,-0.8543,2.1840,-6.2324,-0.3771,2.0451,-6.4937,-0.8570,2.1682
634.00,-6.3166,-0.7504,2.2277,-6.2963,-0.2637,2.1034,-6.5674,-0.7525,2.2230
634.50,-6.3941,-0.6464,2.2076,-6.3615,-0.1496,2.0793,-6.6419,-0.6471,2.1972
635.00,-6.4719,-0.5421,2.2144,-6.4285,-0.0300,2.0849,-6.7285,-0.5361,2.2053
635.50,-6.5511,-0.4387,2.2352,-6.4946,0.0849,2.1029,-6.7953,-0.4344,2.2243
636.00,-6.6328,-0.3373,2.2519,-6.5645,0.2001,2.1234,-6.8827,-0.3286,2.2447
636.50,-6.7148,-0.2364,2.2549,-6.6340,0.3127,2.1265,-6.9614,-0.2351,2.2496
637.00,-6.7964,-0.1353,2.2496,-6.7023,0.4238,2.1178,-7.0357,-0.1286,2.2384
637.50,-6.8794,-0.0350,2.2683,-6.7732,0.5372,2.1393,-7.1233,-0.0291,2.2624
638.00,-6.9620,0.0652,2.2365,-6.8447,0.6501,2.1161,-7.2026,0.0741,2.2374
638.50,-7.0396,0.1690,2.2065,-6.9116,0.7666,2.0783,-7.2854,0.1761,2.1979
639.00,-7.1168,0.2736,2.2241,-6.9775,0.8854,2.0883,-7.3536,0.2837,2.2104
639.50,-7.2000,0.3736,2.2983,-7.0492,1.0006,2.1672,-7.4401,0.3776,2.2920
640.00,-7.2874,0.4697,2.3121,-7.1255,1.1102,2.1861,-7.5397,0.4766,2.3075
640.50,-7.3760,0.5645,2.3457,-7.2043,1.2199,2.2134,-7.6213,0.5759,2.3348
641.00,-7.4697,0.6541,2.4038,-7.2903,1.3268,2.2762,-7.7296,0.6716,2.3976
641.50,-7.5671,0.7401,2.4351,-7.3790,1.4281,2.3086,-7.8299,0.7514,2.4300
642.00,-7.6496,0.8127,2.3742,-7.4582,1.5173,2.2610,-7.8994,0.8303,2.3823
642.50,-7.7057,0.8752,2.1908,-7.5104,1.5903,2.0883,-7.9603,0.8962,2.2062
643.00,-7.7489,0.9531,1.9439,-7.5464,1.6755,1.8450,-8.0064,0.9663,1.9594
643.50,-7.7833,1.0617,1.6550,-7.5628,1.7910,1.5613,-8.0300,1.0792,1.6776
644.00,-7.8046,1.1868,1.3879,-7.5421,1.9155,1.2782,-8.0351,1.2054,1.3961
644.50,-7.7844,1.3131,1.3126,-7.4970,2.0385,1.1848,-8.0288,1.3228,1.3062
645.00,-7.7570,1.4201,1.3591,-7.4532,2.1511,1.2297,-8.0086,1.4398,1.3545
645.50,-7.7427,1.4667,1.3197,-7.4344,2.2020,1.1943,-7.9963,1.4926,1.3191
646.00,-7.7370,1.4688,1.2754,-7.4315,2.2091,1.1503,-8.0044,1.4900,1.2751
646.50,-7.7321,1.4688,1.2323,-7.4297,2.2130,1.1071,-8.0031,1.4941,1.2320
647.00,-7.7276,1.4689,1.1904,-7.4275,2.2173,1.0653,-8.0014,1.4987,1.1902
647.50,-7.7237,1.4689,1.1496,-7.4251,2.2215,1.0247,-7.9996,1.5031,1.1495
648.00,-7.7202,1.4690,1.1100,-7.4229,2.2250,0.9850,-7.9978,1.5069,1.1099
648.50,-7.7172,1.4690,1.0714,-7.4215,2.2270,0.9463,-7.9767,1.4891,1.0712
649.00,-7.7147,1.4690,1.0339,-7.4196,2.2297,0.9090,-7.9751,1.4919,1.0339
649.50,-7.7126,1.4691,0.9973,-7.4179,2.2318,0.8723,-7.9737,1.4942,0.9971
650.00,-7.7110,1.4691,0.9617,-7.4171,2.2327,0.8367,-7.9730,1.4952,0.9616
650.50,-7.7098,1.4692,0.9270,-7.4164,2.2335,0.8021,-7.9724,1.4961,0.9270
651.00,-7.7091,1.4693,0.8931,-7.4158,2.2340,0.7678,-7.9719,1.4967,0.8926
651.50,-7.7089,1.4693,0.8602,-7.4156,2.2342,0.7345,-7.9717,1.4969,0.8594
652.00,-7.7089,1.4695,0.8276,-7.4156,2.2342,0.7023,-7.9717,1.4969,0.8271
652.50,-7.7090,1.4699,0.7940,-7.4153,2.2345,0.6683,-7.9715,1.4972,0.7932
653.00,-7.7089,1.4700,0.7599,-7.4150,2.2347,0.6345,-7.9712,1.4975,0.7593
653.50,-7.7086,1.4700,0.7268,-7.4147,2.2349,0.6017,-7.9709,1.4977,0.7265
654.00,-7.7087,1.4700,0.6943,-7.4148,2.2349,0.5695,-7.9710,1.4976,0.6943
654.50,-7.7087,1.4695,0.6609,-7.4153,2.2346,0.5355,-7.9714,1.4973,0.6604
655.00,-7.7088,1.4685,0.6266,-7.4159,2.2342,0.5015,-7.9720,1.4969,0.6264
655.50,-7.7088,1.4672,0.5915,-7.4172,2.2335,0.4661,-7.9733,1.4960,0.5910
656.00,-7.7089,1.4653,0.5554,-7.4187,2.2328,0.4306,-7.9746,1.4951,0.5554
656.50,-7.7089,1.4630,0.5183,-7.4209,2.2318,0.3934,-7.9767,1.4939,0.5182
657.00,-7.7090,1.4603,0.4805,-7.4235,2.2308,0.3552,-7.9792,1.4925,0.4800
657.50,-7.7090,1.4579,0.4513,-7.4257,2.2300,0.3256,-7.9812,1.4915,0.4505
658.00,-7.7090,1.4553,0.4215,-7.4275,2.2295,0.2963,-7.9829,1.4907,0.4211
658.50,-7.7091,1.4523,0.3910,-7.4302,2.2287,0.2663,-7.9855,1.4896,0.3912
659.00,-7.7091,1.4491,0.3599,-7.4329,2.2280,0.2351,-7.9881,1.4886,0.3599
659.50,-7.7091,1.4457,0.3282,-7.4360,2.2273,0.2033,-7.9911,1.4875,0.3282
660.00,-7.7092,1.4419,0.2957,-7.4391,2.2267,0.1712,-7.9941,1.4865,0.2960
660.50,-7.7092,1.4375,0.2584,-7.4429,2.2261,0.1359,-7.9978,1.4854,0.2608
661.00,-7.7092,1.4317,0.2128,-7.4501,2.2253,0.0903,-8.0049,1.4837,0.2151
661.50,-7.7092,1.4254,0.1658,-7.4558,2.2249,0.0435,-8.0104,1.4826,0.1684
662.00,-7.7093,1.4186,0.1171,-7.4612,2.2248,-0.0049,-8.0158,1.4819,0.1200
662.50,-7.7093,1.4113,0.0667,-7.4674,2.2250,-0.0550,-8.0220,1.4813,0.0698
663.00,-7.7093,1.4036,0.0143,-7.4743,2.2255,-0.1072,-7.9689,1.4317,0.0142
663.50,-7.7093,1.3956,-0.0390,-7.4730,2.2253,-0.1606,-7.9676,1.4316,-0.0393
664.00,-7.7093,1.3881,-0.0904,-7.4641,2.2236,-0.2122,-7.9586,1.4310,-0.0908
664.50,-7.7093,1.3810,-0.1400,-7.4574,2.2219,-0.2614,-7.9517,1.4302,-0.1400
665.00,-7.7092,1.3745,-0.1879,-7.4525,2.2205,-0.3097,-7.9467,1.4293,-0.1884
665.50,-7.7092,1.3684,-0.2343,-7.4464,2.2184,-0.3566,-7.9404,1.4280,-0.2353
666.00,-7.7092,1.3628,-0.2792,-7.4409,2.2162,-0.4011,-7.9347,1.4265,-0.2798
666.50,-7.7091,1.3577,-0.3228,-7.4373,2.2146,-0.4449,-7.9309,1.4253,-0.3235
667.00,-7.7091,1.3530,-0.3651,-7.4333,2.2126,-0.4876,-7.9266,1.4238,-0.3662
667.50,-7.7091,1.3489,-0.4063,-7.4289,2.2101,-0.5293,-7.9220,1.4219,-0.4080
668.00,-7.7090,1.3452,-0.4463,-7.4258,2.2082,-0.5691,-7.9187,1.4204,-0.4478
668.50,-7.7090,1.3429,-0.4795,-7.4236,2.2068,-0.6027,-7.9664,1.3693,-0.4813
669.00,-7.7089,1.3401,-0.5175,-7.4200,2.2042,-0.6403,-7.9624,1.3671,-0.5190
669.50,-7.7089,1.3378,-0.5546,-7.4178,2.2025,-0.6776,-7.9601,1.3657,-0.5562
670.00,-7.7088,1.3360,-0.5907,-7.4163,2.2013,-0.7139,-7.9584,1.3646,-0.5926
670.50,-7.7088,1.3346,-0.6259,-7.4158,2.2009,-0.7486,-7.9579,1.3643,-0.6273
671.00,-7.7087,1.3337,-0.6602,-7.4150,2.2001,-0.7830,-7.9570,1.3636,-0.6616
671.50,-7.7087,1.3332,-0.6936,-7.4148,2.1998,-0.8162,-7.9567,1.3634,-0.6948
672.00,-7.7086,1.3331,-0.7250,-7.4147,2.1998,-0.8492,-7.9567,1.3633,-0.7279
672.50,-7.7084,1.3331,-0.7499,-7.4146,2.1997,-0.8751,-7.9566,1.3632,-0.7537
673.00,-7.7081,1.3332,-0.7752,-7.4144,2.1994,-0.9008,-7.9563,1.3630,-0.7794
673.50,-7.7080,1.3332,-0.8009,-7.4144,2.1994,-0.9270,-7.9563,1.3630,-0.8056
674.00,-7.7080,1.3329,-0.8260,-7.4143,2.1992,-0.9525,-7.9562,1.3628,-0.8311
674.50,-7.7079,1.3328,-0.8506,-7.4141,2.1990,-0.9777,-7.9560,1.3626,-0.8563
675.00,-7.7080,1.3329,-0.8750,-7.4141,2.1990,-1.0016,-7.9559,1.3626,-0.8803
675.50,-7.7083,1.3329,-0.8999,-7.4143,2.1994,-1.0264,-7.9562,1.3630,-0.9050
676.00,-7.7088,1.3330,-0.9253,-7.4145,2.1997,-1.0519,-7.9565,1.3633,-0.9306
676.50,-7.7097,1.3330,-0.9512,-7.4148,2.2002,-1.0775,-7.9568,1.3637,-0.9561
677.00,-7.7107,1.3331,-0.9777,-7.4154,2.2013,-1.1041,-7.9575,1.3648,-0.9827
677.50,-7.7120,1.3331,-1.0046,-7.4161,2.2028,-1.1308,-7.9584,1.3662,-1.0094
678.00,-7.7136,1.3331,-1.0321,-7.4166,2.2039,-1.1584,-7.9590,1.3672,-1.0370
678.50,-7.7154,1.3332,-1.0602,-7.4175,2.2060,-1.1863,-7.9602,1.3692,-1.0649
679.00,-7.7175,1.3332,-1.0888,-7.4184,2.2082,-1.2146,-7.9613,1.3712,-1.0933
679.50,-7.7199,1.3332,-1.1179,-7.4192,2.2105,-1.2435,-7.9624,1.3734,-1.1221
680.00,-7.7225,1.3333,-1.1477,-7.4200,2.2129,-1.2734,-7.9635,1.3758,-1.1520
680.50,-7.7254,1.3333,-1.1781,-7.4210,2.2163,-1.3042,-7.9649,1.3790,-1.1828
681.00,-7.7286,1.3333,-1.2092,-7.4216,2.2187,-1.3343,-7.9657,1.3813,-1.2130
681.50,-7.7327,1.3334,-1.2476,-7.4224,2.2225,-1.3727,-7.9670,1.3850,-1.2513
682.00,-7.7378,1.3334,-1.2912,-7.4234,2.2281,-1.4159,-7.9687,1.3904,-1.2945
682.50,-7.7434,1.3334,-1.3362,-7.4242,2.2339,-1.4609,-7.9702,1.3961,-1.3395
683.00,-7.7494,1.3323,-1.3855,-7.4246,2.2393,-1.5073,-7.9713,1.4014,-1.3859
683.50,-7.7604,1.2896,-1.5642,-7.4251,2.2029,-1.6676,-7.9673,1.3652,-1.5462
684.00,-7.7820,1.1847,-1.7482,-7.4481,2.1012,-1.8734,-8.0117,1.2335,-1.7501
684.50,-7.8050,1.0764,-1.7497,-7.4873,1.9850,-1.8889,-8.0730,1.1013,-1.7606
685.00,-7.8172,1.0280,-1.7026,-7.5046,1.9294,-1.8416,-8.0736,1.0441,-1.7097
685.50,-7.8199,1.0256,-1.6531,-7.5063,1.9232,-1.7922,-8.0745,1.0377,-1.6604
686.00,-7.8140,1.0256,-1.6013,-7.5052,1.9288,-1.7406,-8.0741,1.0434,-1.6087
686.50,-7.8060,1.0256,-1.5479,-7.5048,1.9317,-1.6873,-8.0741,1.0463,-1.5555
687.00,-7.7983,1.0256,-1.4959,-7.5056,1.9232,-1.6356,-8.0737,1.0378,-1.5038
687.50,-7.7911,1.0255,-1.4457,-7.5059,1.9158,-1.5859,-8.0731,1.0360,-1.4540
688.00,-7.7844,1.0255,-1.3973,-7.5058,1.9102,-1.5372,-8.0723,1.0349,-1.4054
688.50,-7.7782,1.0255,-1.3505,-7.5055,1.9045,-1.4905,-8.0712,1.0293,-1.3587
689.00,-7.7672,0.9963,-1.2350,-7.5023,1.8804,-1.3835,-8.0649,1.0058,-1.2517
689.50,-7.7377,0.9074,-1.1399,-7.4814,1.7975,-1.2805,-8.0218,0.9377,-1.1506
690.00,-7.6823,0.7905,-1.0961,-7.4398,1.6700,-1.2341,-7.9652,0.8154,-1.1058
690.50,-7.6168,0.6779,-0.9932,-7.3906,1.5482,-1.1336,-7.8961,0.7036,-1.0068
691.00,-7.5423,0.5713,-0.9377,-7.3276,1.4250,-1.0707,-7.8123,0.5917,-0.9441
691.50,-7.4615,0.4692,-0.8644,-7.2621,1.3135,-1.0000,-7.7308,0.4993,-0.8752
692.00,-7.3762,0.3711,-0.8541,-7.1930,1.2091,-0.9829,-7.6528,0.4042,-0.8581
692.50,-7.2924,0.2719,-0.8858,-7.1205,1.0977,-1.0106,-7.5507,0.2928,-0.8875
693.00,-7.2111,0.1705,-0.8920,-7.0505,0.9833,-1.0220,-7.4767,0.1919,-0.9001
693.50,-7.1273,0.0709,-0.8589,-6.9793,0.8714,-0.9874,-7.3849,0.0912,-0.8656
694.00,-7.0418,-0.0270,-0.8486,-6.9063,0.7623,-0.9759,-7.2993,-0.0040,-0.8563
694.50,-6.9571,-0.1255,-0.8743,-6.8328,0.6516,-1.0007,-7.2235,-0.1051,-0.8811
695.00,-6.8740,-0.2254,-0.8809,-6.7629,0.5420,-1.0076,-7.1284,-0.2056,-0.8872
695.50,-6.7925,-0.3265,-0.8966,-6.6976,0.4363,-1.0244,-7.0542,-0.3026,-0.9042
696.00,-6.7109,-0.4278,-0.8891,-6.6301,0.3258,-1.0186,-6.9710,-0.4043,-0.8984
696.50,-6.6291,-0.5289,-0.8922,-6.5609,0.2135,-1.0225,-6.8902,-0.5134,-0.9023
697.00,-6.5463,-0.6292,-0.8728,-6.4900,0.0998,-1.0040,-6.8045,-0.6150,-0.8827
697.50,-6.4635,-0.7293,-0.8929,-6.4182,-0.0136,-1.0177,-6.7198,-0.7126,-0.8963
698.00,-6.3862,-0.8330,-0.9603,-6.3475,-0.1355,-1.0820,-6.6449,-0.8204,-0.9641
698.50,-6.3181,-0.9420,-1.0418,-6.2913,-0.2505,-1.1597,-6.5784,-0.9256,-1.0407
699.00,-6.2588,-1.0575,-1.2367,-6.2478,-0.3755,-1.3405,-6.5232,-1.0413,-1.2222
699.50,-6.2073,-1.1762,-1.5245,-6.2357,-0.5040,-1.6264,-6.4975,-1.1676,-1.5123
700.00,-6.1842,-1.3056,-1.7413,-6.2591,-0.6367,-1.8555,-6.4698,-1.2937,-1.7396
700.50,-6.1961,-1.4311,-1.9143,-6.3053,-0.7555,-2.0279,-6.4821,-1.4124,-1.9086
701.00,-6.2346,-1.5500,-2.0598,-6.3723,-0.8697,-2.1779,-6.5066,-1.5338,-2.0621
701.50,-6.2959,-1.6608,-2.1676,-6.4511,-0.9690,-2.2948,-6.5638,-1.6375,-2.1754
702.00,-6.3684,-1.7682,-2.1490,-6.5375,-1.0655,-2.2888,-6.6385,-1.7492,-2.1660
702.50,-6.4364,-1.8784,-2.1273,-6.6214,-1.1660,-2.2559,-6.7035,-1.8591,-2.1313
703.00,-6.5086,-1.9875,-2.1610,-6.7054,-1.2649,-2.2927,-6.7734,-1.9635,-2.1701
703.50,-6.5815,-2.0952,-2.1566,-6.7960,-1.3666,-2.2950,-6.8502,-2.0754,-2.1721
704.00,-6.6484,-2.2067,-2.0497,-6.8795,-1.4695,-2.1928,-6.9166,-2.1875,-2.0683
704.50,-6.7069,-2.3234,-2.0270,-6.9545,-1.5810,-2.1547,-6.9769,-2.3029,-2.0301
705.00,-6.7697,-2.4376,-2.1205,-7.0312,-1.6885,-2.2426,-7.0371,-2.4148,-2.1233
705.50,-6.8415,-2.5462,-2.1738,-7.1176,-1.7891,-2.3060,-7.1154,-2.5250,-2.1849
706.00,-6.9131,-2.6542,-2.1485,-7.2067,-1.8895,-2.2809,-7.1891,-2.6309,-2.1564
706.50,-6.9845,-2.7630,-2.1618,-7.2950,-1.9922,-2.2896,-7.2582,-2.7441,-2.1668
707.00,-7.0594,-2.8698,-2.1922,-7.3889,-2.0956,-2.3202,-7.3390,-2.8527,-2.1975
707.50,-7.1364,-2.9748,-2.2001,-7.4779,-2.1889,-2.3349,-7.4119,-2.9519,-2.2121
708.00,-7.2111,-3.0808,-2.1826,-7.5678,-2.2853,-2.3133,-7.4891,-3.0544,-2.1887
708.50,-7.2864,-3.1870,-2.1916,-7.6571,-2.3820,-2.3231,-7.5700,-3.1613,-2.2003
709.00,-7.3591,-3.2940,-2.1513,-7.7506,-2.4849,-2.2848,-7.6503,-3.2727,-2.1611
709.50,-7.4306,-3.4028,-2.1585,-7.8433,-2.5930,-2.2859,-7.7167,-3.3774,-2.1651
710.00,-7.5016,-3.5115,-2.1520,-7.9325,-2.6969,-2.2763,-7.7893,-3.4843,-2.1578
710.50,-7.5761,-3.6190,-2.1857,-8.0223,-2.7990,-2.3097,-7.8668,-3.5923,-2.1913
711.00,-7.6555,-3.7229,-2.2488,-8.1185,-2.8989,-2.3699,-7.9459,-3.6965,-2.2515
711.50,-7.7397,-3.8223,-2.2926,-8.2198,-2.9929,-2.4151,-8.0253,-3.7958,-2.2966
712.00,-7.8270,-3.9187,-2.3112,-8.3237,-3.0818,-2.4414,-8.1181,-3.8863,-2.3230
712.50,-7.9134,-4.0157,-2.2770,-8.4263,-3.1699,-2.4122,-8.2060,-3.9812,-2.2920
713.00,-7.9943,-4.1174,-2.1933,-8.5207,-3.2600,-2.3340,-8.2848,-4.0778,-2.2138
713.50,-8.0665,-4.2274,-2.0584,-8.6040,-3.3581,-2.2021,-8.3557,-4.1852,-2.0784
714.00,-8.1295,-4.3457,-1.9337,-8.6802,-3.4768,-2.0751,-8.4169,-4.3123,-1.9514
714.50,-8.1778,-4.4687,-1.8550,-8.7403,-3.5965,-1.9971,-8.4713,-4.4286,-1.8754
715.00,-8.2143,-4.5949,-1.7879,-8.7881,-3.7176,-1.9160,-8.5099,-4.5546,-1.7938
715.50,-8.2427,-4.7219,-1.7928,-8.8324,-3.8404,-1.9163,-8.5430,-4.6764,-1.7981
716.00,-8.2720,-4.8485,-1.7914,-8.8796,-3.9678,-1.9227,-8.5847,-4.8040,-1.8060
716.50,-8.3005,-4.9753,-1.7978,-8.9265,-4.0964,-1.9295,-8.6164,-4.9372,-1.8128
717.00,-8.3243,-5.1030,-1.6875,-8.9681,-4.2190,-1.8357,-8.6334,-5.0638,-1.7155
717.50,-8.3394,-5.2327,-1.4712,-8.9900,-4.3485,-1.6214,-8.6402,-5.1850,-1.4973
718.00,-8.3406,-5.3601,-1.2722,-8.9845,-4.4830,-1.4283,-8.6377,-5.3176,-1.3047
718.50,-8.3098,-5.4796,-1.0744,-8.9548,-4.6025,-1.2284,-8.6190,-5.4324,-1.1047
719.00,-8.2469,-5.5883,-0.9211,-8.9012,-4.7203,-1.0668,-8.5614,-5.5484,-0.9412
719.50,-8.1664,-5.6899,-0.8920,-8.8336,-4.8346,-1.0254,-8.4941,-5.6530,-0.9017
720.00,-8.0894,-5.7851,-0.8793,-8.7677,-4.9437,-1.0191,-8.4153,-5.7477,-0.8954
720.50,-8.0454,-5.8367,-0.8466,-8.7273,-5.0071,-0.9861,-8.3668,-5.8051,-0.8659
721.00,-8.0385,-5.8443,-0.8136,-8.7200,-5.0178,-0.9533,-8.3593,-5.8157,-0.8261
721.50,-8.0385,-5.8442,-0.7795,-8.7202,-5.0176,-0.9191,-8.3595,-5.8156,-0.7919
722.00,-8.0389,-5.8443,-0.7458,-8.7205,-5.0173,-0.8854,-8.3599,-5.8153,-0.7583
722.50,-8.0391,-5.8443,-0.7132,-8.7209,-5.0169,-0.8526,-8.3603,-5.8150,-0.7254
723.00,-8.0392,-5.8441,-0.6803,-8.7211,-5.0167,-0.8202,-8.3606,-5.8148,-0.6931
723.50,-8.0392,-5.8434,-0.6466,-8.7218,-5.0160,-0.7862,-8.3613,-5.8142,-0.6590
724.00,-8.0393,-5.8423,-0.6119,-8.7226,-5.0152,-0.7518,-8.3623,-5.8134,-0.6246
724.50,-8.0393,-5.8407,-0.5764,-8.7239,-5.0140,-0.7164,-8.3637,-5.8125,-0.5892
725.00,-8.0394,-5.8387,-0.5399,-8.7255,-5.0127,-0.6804,-8.3655,-5.8113,-0.5532
725.50,-8.0394,-5.8362,-0.5024,-8.7272,-5.0114,-0.6430,-8.3672,-5.8103,-0.5158
726.00,-8.0395,-5.8333,-0.4639,-8.7294,-5.0098,-0.6045,-8.3696,-5.8090,-0.4773
726.50,-8.0395,-5.8298,-0.4243,-8.7322,-5.0079,-0.5650,-8.3727,-5.8075,-0.4378
727.00,-8.0396,-5.8259,-0.3837,-8.7351,-5.0062,-0.5247,-8.3758,-5.8061,-0.3975
727.50,-8.0396,-5.8215,-0.3419,-8.7394,-5.0038,-0.4833,-8.3803,-5.8043,-0.3562
728.00,-8.0396,-5.8166,-0.2989,-8.7430,-5.0020,-0.4404,-8.3842,-5.8030,-0.3132
728.50,-8.0397,-5.8112,-0.2545,-8.7483,-4.9996,-0.3962,-8.3897,-5.8013,-0.2690
729.00,-8.0397,-5.8053,-0.2088,-8.7526,-4.9980,-0.3506,-8.3941,-5.8002,-0.2234
729.50,-8.0397,-5.7990,-0.1616,-8.7582,-4.9960,-0.3035,-8.4000,-5.7990,-0.1763
730.00,-8.0397,-5.7921,-0.1128,-8.7659,-4.9938,-0.2554,-8.4079,-5.7978,-0.1282
730.50,-8.0397,-5.7848,-0.0622,-8.7734,-4.9920,-0.2055,-8.3654,-5.7662,-0.0818
731.00,-8.0398,-5.7771,-0.0097,-8.7792,-4.9910,-0.1532,-8.3714,-5.7659,-0.0295
731.50,-8.0397,-5.7691,0.0435,-8.7771,-4.9912,-0.0997,-8.3692,-5.7659,0.0240
732.00,-8.0397,-5.7616,0.0948,-8.7693,-4.9918,-0.0485,-8.3614,-5.7655,0.0752
732.50,-8.0397,-5.7546,0.1442,-8.7617,-4.9919,0.0008,-8.3539,-5.7647,0.1245
733.00,-8.0397,-5.7481,0.1920,-8.7555,-4.9918,0.0484,-8.3478,-5.7638,0.1721
733.50,-8.0397,-5.7420,0.2382,-8.7496,-4.9914,0.0954,-8.3420,-5.7626,0.2191
734.00,-8.0396,-5.7365,0.2830,-8.7444,-4.9908,0.1406,-8.3369,-5.7614,0.2643
734.50,-8.0396,-5.7314,0.3265,-8.7389,-4.9898,0.1843,-8.3314,-5.7598,0.3080
735.00,-8.0396,-5.7268,0.3687,-8.7340,-4.9888,0.2270,-8.3268,-5.7582,0.3507
735.50,-8.0395,-5.7227,0.4098,-8.7299,-4.9878,0.2681,-8.3228,-5.7567,0.3918
736.00,-8.0395,-5.7191,0.4497,-8.7272,-4.9870,0.3080,-8.3203,-5.7556,0.4317
736.50,-8.0394,-5.7160,0.4886,-8.7235,-4.9857,0.3472,-8.3167,-5.7538,0.4709
737.00,-8.0394,-5.7133,0.5265,-8.7204,-4.9846,0.3847,-8.3535,-5.6829,0.5119
737.50,-8.0393,-5.7111,0.5633,-8.7181,-4.9836,0.4213,-8.3513,-5.6816,0.5484
738.00,-8.0393,-5.7094,0.5992,-8.7172,-4.9832,0.4576,-8.3505,-5.6811,0.5847
738.50,-8.0392,-5.7081,0.6342,-8.7167,-4.9829,0.4924,-8.3500,-5.6808,0.6196
739.00,-8.0392,-5.7073,0.6682,-8.7161,-4.9826,0.5266,-8.3494,-5.6804,0.6538
739.50,-8.0391,-5.7069,0.7014,-8.7156,-4.9823,0.5603,-8.3490,-5.6800,0.6875
740.00,-8.0391,-5.7069,0.7339,-8.7154,-4.9822,0.5931,-8.3488,-5.6799,0.7203
740.50,-8.0449,-5.7122,0.7552,-8.7184,-4.9843,0.6167,-8.3516,-5.6824,0.7439
741.00,-8.0736,-5.7392,0.7552,-8.7490,-5.0059,0.6171,-8.3791,-5.7077,0.7443
741.50,-8.1027,-5.7666,0.7552,-8.7819,-5.0293,0.6167,-8.4147,-5.7347,0.7420
742.00,-8.1318,-5.7940,0.7552,-8.8155,-5.0531,0.6163,-8.4497,-5.7622,0.7399
742.50,-8.1609,-5.8214,0.7552,-8.8518,-5.0788,0.6161,-8.4820,-5.7929,0.7433
743.00,-8.1901,-5.8488,0.7552,-8.8860,-5.1030,0.6165,-8.5128,-5.8213,0.7437
743.50,-8.2192,-5.8763,0.7552,-8.9195,-5.1268,0.6169,-8.5436,-5.8484,0.7406
744.00,-8.2317,-5.8879,0.7740,-8.9363,-5.1388,0.6326,-8.5588,-5.8624,0.7563
744.50,-8.2316,-5.8881,0.8081,-8.9364,-5.1388,0.6665,-8.5589,-5.8625,0.7902
745.00,-8.2316,-5.8885,0.8413,-8.9366,-5.1389,0.7000,-8.5590,-5.8626,0.8237
745.50,-8.2316,-5.8886,0.8738,-8.9368,-5.1391,0.7332,-8.5592,-5.8628,0.8569
746.00,-8.2321,-5.8886,0.9071,-8.9371,-5.1393,0.7658,-8.5595,-5.8631,0.8895
746.50,-8.2330,-5.8887,0.9413,-8.9377,-5.1400,0.8005,-8.5600,-5.8638,0.9242
747.00,-8.2343,-5.8887,0.9764,-8.9385,-5.1408,0.8359,-8.5607,-5.8647,0.9596
747.50,-8.2361,-5.8888,1.0124,-8.9397,-5.1422,0.8719,-8.5617,-5.8662,0.9956
748.00,-8.2383,-5.8888,1.0494,-8.9411,-5.1440,0.9088,-8.5630,-5.8682,1.0325
748.50,-8.2411,-5.8889,1.0874,-8.9427,-5.1461,0.9471,-8.5643,-5.8705,1.0708
749.00,-8.2443,-5.8889,1.1264,-8.9446,-5.1488,0.9861,-8.5658,-5.8735,1.1098
749.50,-8.2479,-5.8890,1.1665,-8.9468,-5.1523,1.0258,-8.5675,-5.8771,1.1494
750.00,-8.2521,-5.8890,1.2077,-8.9487,-5.1557,1.0672,-8.5691,-5.8808,1.1908
750.50,-8.2568,-5.8891,1.2501,-8.9507,-5.1594,1.1091,-8.5705,-5.8847,1.2328
751.00,-8.2619,-5.8891,1.2938,-8.9526,-5.1634,1.1525,-8.5719,-5.8889,1.2762
751.50,-8.2675,-5.8891,1.3388,-8.9550,-5.1693,1.1971,-8.5736,-5.8950,1.3208
752.00,-8.2734,-5.8881,1.3881,-8.9569,-5.1745,1.2437,-8.5949,-5.8604,1.3674
752.50,-8.2836,-5.8452,1.5156,-8.9461,-5.1333,1.3713,-8.5892,-5.8182,1.4950
753.00,-8.2888,-5.7395,1.5695,-8.9301,-5.0344,1.4340,-8.6055,-5.7181,1.5577
753.50,-8.2867,-5.6095,1.5389,-8.9117,-4.9023,1.4086,-8.6138,-5.5847,1.5288
754.00,-8.2825,-5.4796,1.5716,-8.8901,-4.7710,1.4288,-8.5979,-5.4518,1.5474
754.50,-8.2870,-5.3524,1.7836,-8.8823,-4.6423,1.6261,-8.6145,-5.3331,1.7533
755.00,-8.3079,-5.2309,1.9689,-8.9039,-4.5139,1.8292,-8.6421,-5.2085,1.9564
755.50,-8.3413,-5.1525,1.9925,-8.9313,-4.4217,1.8685,-8.6513,-5.1206,1.9922
756.00,-8.3528,-5.1307,1.9526,-8.9398,-4.3935,1.8279,-8.6642,-5.0942,1.9446
756.50,-8.3502,-5.1307,1.9108,-8.9392,-4.3957,1.7860,-8.6635,-5.0962,1.9027
757.00,-8.3453,-5.1308,1.8677,-8.9384,-4.3998,1.7430,-8.6622,-5.1002,1.8597
757.50,-8.3399,-5.1308,1.8233,-8.9375,-4.4059,1.6981,-8.6605,-5.1062,1.8148
758.00,-8.3340,-5.1308,1.7775,-8.9370,-4.4107,1.6527,-8.6595,-5.1109,1.7694
758.50,-8.3276,-5.1308,1.7302,-8.9366,-4.4169,1.6049,-8.6584,-5.1171,1.7216
759.00,-8.3207,-5.1309,1.6814,-8.9366,-4.4233,1.5568,-8.6576,-5.1233,1.6735
759.50,-8.3129,-5.1236,1.6084,-8.9364,-4.4219,1.4911,-8.6576,-5.1219,1.6078
760.00,-8.2964,-5.0615,1.4561,-8.9263,-4.3644,1.3302,-8.6543,-5.0636,1.4469
760.50,-8.2753,-4.9433,1.4276,-8.8954,-4.2532,1.2874,-8.5963,-4.9196,1.4076
761.00,-8.2624,-4.8140,1.5286,-8.8641,-4.1266,1.3846,-8.5753,-4.7902,1.5135
761.50,-8.2555,-4.6841,1.4902,-8.8410,-3.9995,1.3659,-8.5690,-4.6612,1.4948
762.00,-8.2414,-4.5563,1.3072,-8.8023,-3.8701,1.1844,-8.5376,-4.5279,1.3081
762.50,-8.2097,-4.4324,1.2393,-8.7501,-3.7587,1.1036,-8.5110,-4.4150,1.2273
763.00,-8.1639,-4.3101,1.1989,-8.6898,-3.6431,1.0685,-8.4732,-4.2874,1.1975
763.50,-8.1101,-4.1907,1.1471,-8.6230,-3.5312,1.0092,-8.4167,-4.1678,1.1390
764.00,-8.0572,-4.0719,1.1477,-8.5507,-3.4145,1.0133,-8.3602,-4.0428,1.1443
764.50,-7.9981,-3.9547,1.0997,-8.4788,-3.3043,0.9682,-8.3019,-3.9333,1.0957
765.00,-7.9343,-3.8399,1.0643,-8.4035,-3.1991,0.9314,-8.2376,-3.8210,1.0583
765.50,-7.8699,-3.7266,1.0627,-8.3262,-3.0973,0.9202,-8.1706,-3.7103,1.0471
766.00,-7.8122,-3.6109,1.1328,-8.2500,-2.9899,0.9922,-8.1069,-3.5941,1.1215
766.50,-7.7552,-3.4934,1.1092,-8.1751,-2.8753,0.9755,-8.0508,-3.4708,1.1059
767.00,-7.6919,-3.3782,1.0700,-8.0984,-2.7668,0.9347,-7.9900,-3.3633,1.0627
767.50,-7.6260,-3.2652,1.0457,-8.0158,-2.6585,0.9068,-7.9145,-3.2455,1.0357
768.00,-7.5641,-3.1517,1.0757,-7.9397,-2.5583,0.9362,-7.8548,-3.1402,1.0642
768.50,-7.5000,-3.0378,1.0536,-7.8587,-2.4493,0.9172,-7.7884,-3.0177,1.0464
769.00,-7.4366,-2.9246,1.0602,-7.7823,-2.3490,0.9238,-7.7284,-2.9201,1.0513
769.50,-7.3699,-2.8119,1.0264,-7.7056,-2.2494,0.8955,-7.6648,-2.8054,1.0242
770.00,-7.2959,-2.7040,0.9218,-7.6168,-2.1479,0.7952,-7.5808,-2.6908,0.9215
770.50,-7.2137,-2.6030,0.8667,-7.5163,-2.0521,0.7326,-7.4960,-2.5832,0.8589
771.00,-7.1303,-2.5033,0.9034,-7.4175,-1.9629,0.7561,-7.4165,-2.4912,0.8835
771.50,-7.0540,-2.3964,1.0366,-7.3217,-1.8609,0.8880,-7.3386,-2.3793,1.0190
772.00,-6.9890,-2.2835,1.0762,-7.2402,-1.7529,0.9418,-7.2692,-2.2715,1.0711
772.50,-6.9307,-2.1899,0.9776,-7.1665,-1.6577,0.8565,-7.2085,-2.1707,0.9834
773.00,-6.8563,-2.0895,0.8846,-7.0755,-1.5653,0.7497,-7.1330,-2.0774,0.8731
773.50,-6.7747,-1.9884,0.9196,-6.9765,-1.4730,0.7709,-7.0520,-1.9738,0.9001
774.00,-6.6991,-1.8828,0.9559,-6.8840,-1.3768,0.8206,-6.9716,-1.8757,0.9521
774.50,-6.6203,-1.7793,0.8649,-6.7971,-1.2884,0.7421,-6.8947,-1.7762,0.8667
775.00,-6.5284,-1.6865,0.7141,-6.6940,-1.2071,0.5903,-6.8026,-1.6827,0.7149
775.50,-6.4277,-1.6060,0.6473,-6.5744,-1.1348,0.5103,-6.6998,-1.5962,0.6360
776.00,-6.3547,-1.5486,0.7053,-6.4857,-1.0842,0.5557,-6.6191,-1.5413,0.6849
776.50,-6.3004,-1.4949,0.8840,-6.4249,-1.0399,0.7237,-6.5684,-1.4897,0.8541
777.00,-6.2571,-1.4417,1.0837,-6.3783,-0.9897,0.9297,-6.5284,-1.4342,1.0635
777.50,-6.2456,-1.4324,1.1671,-6.3652,-0.9707,1.0243,-6.5147,-1.4173,1.1570
778.00,-6.2481,-1.4324,1.2083,-6.3659,-0.9721,1.0655,-6.5152,-1.4187,1.1982
778.50,-6.2528,-1.4325,1.2507,-6.3681,-0.9763,1.1078,-6.5168,-1.4232,1.2406
779.00,-6.2579,-1.4325,1.2944,-6.3701,-0.9806,1.1513,-6.5182,-1.4277,1.2840
779.50,-6.2631,-1.4280,1.3518,-6.3708,-0.9821,1.2033,-6.5187,-1.4293,1.3360
780.00,-6.2706,-1.3729,1.4763,-6.3565,-0.9356,1.3288,-6.5107,-1.3813,1.4615
780.50,-6.2801,-1.2577,1.5778,-6.3357,-0.8228,1.4389,-6.5283,-1.2567,1.5664
781.00,-6.2846,-1.1277,1.6002,-6.3205,-0.6920,1.4621,-6.5401,-1.1302,1.5856
781.50,-6.2959,-0.9983,1.7492,-6.3130,-0.5663,1.5932,-6.5555,-1.0045,1.7184
782.00,-6.3161,-0.8736,1.9565,-6.3297,-0.4382,1.8054,-6.5873,-0.8744,1.9335
782.50,-6.3614,-0.7583,2.1379,-6.3708,-0.3176,1.9931,-6.6258,-0.7600,2.1201
783.00,-6.4341,-0.6537,2.2654,-6.4327,-0.2024,2.1270,-6.6940,-0.6536,2.2522
783.50,-6.5190,-0.5554,2.2850,-6.5031,-0.0953,2.1569,-6.7630,-0.5538,2.2803
784.00,-6.6040,-0.4569,2.2775,-6.5766,0.0165,2.1494,-6.8533,-0.4520,2.2711
784.50,-6.6861,-0.3565,2.2436,-6.6483,0.1309,2.1148,-6.9365,-0.3471,2.2374
785.00,-6.7667,-0.2546,2.2341,-6.7146,0.2412,2.1083,-7.0143,-0.2498,2.2309
785.50,-6.8439,-0.1506,2.2011,-6.7801,0.3561,2.0736,-7.0885,-0.1442,2.1936
786.00,-6.9219,-0.0461,2.2197,-6.8438,0.4704,2.0917,-7.1687,-0.0384,2.2116
786.50,-7.0008,0.0573,2.2257,-6.9110,0.5869,2.0984,-7.2556,0.0695,2.2188
787.00,-7.0809,0.1599,2.2408,-6.9794,0.7031,2.1136,-7.3307,0.1718,2.2331
787.50,-7.1610,0.2622,2.2344,-7.0470,0.8158,2.1067,-7.3996,0.2709,2.2262
788.00,-7.2422,0.3639,2.2487,-7.1159,0.9296,2.1213,-7.4873,0.3759,2.2408
788.50,-7.3256,0.4639,2.2846,-7.1863,1.0407,2.1532,-7.5748,0.4746,2.2739
789.00,-7.4129,0.5598,2.3350,-7.2585,1.1446,2.2052,-7.6588,0.5690,2.3259
789.50,-7.5033,0.6532,2.3376,-7.3377,1.2503,2.2111,-7.7569,0.6644,2.3295
790.00,-7.5940,0.7463,2.3336,-7.4210,1.3606,2.2135,-7.8470,0.7641,2.3336
790.50,-7.6798,0.8445,2.2298,-7.4959,1.4695,2.1155,-7.9360,0.8594,2.2339
791.00,-7.7564,0.9504,2.1588,-7.5600,1.5870,2.0357,-8.0030,0.9686,2.1540
791.50,-7.8239,1.0613,2.0679,-7.6152,1.7078,1.9456,-8.0767,1.0732,2.0674
792.00,-7.8842,1.1766,2.0489,-7.6613,1.8333,1.9156,-8.1431,1.1972,2.0392
792.50,-7.9476,1.2912,2.0796,-7.7058,1.9531,1.9413,-8.2021,1.3057,2.0684
793.00,-8.0161,1.4034,2.1250,-7.7553,2.0735,1.9836,-8.2646,1.4188,2.1142
793.50,-8.0853,1.5136,2.1153,-7.8115,2.1977,1.9859,-8.3494,1.5347,2.1165
794.00,-8.1502,1.6258,2.1040,-7.8635,2.3219,1.9660,-8.4021,1.6462,2.0948
794.50,-8.2188,1.7371,2.1301,-7.9156,2.4424,1.9926,-8.4641,1.7547,2.1240
795.00,-8.2908,1.8462,2.1563,-7.9741,2.5672,2.0204,-8.5384,1.8663,2.1511
795.50,-8.3647,1.9537,2.1761,-8.0340,2.6873,2.0419,-8.6094,1.9725,2.1717
796.00,-8.4399,2.0600,2.1852,-8.0935,2.8017,2.0539,-8.6857,2.0731,2.1836
796.50,-8.5122,2.1674,2.1435,-8.1556,2.9241,2.0155,-8.7610,2.1864,2.1452
797.00,-8.5816,2.2772,2.1406,-8.2130,3.0477,2.0072,-8.8269,2.2913,2.1342
797.50,-8.6549,2.3856,2.1763,-8.2684,3.1624,2.0401,-8.8937,2.3982,2.1680
798.00,-8.7317,2.4912,2.2044,-8.3301,3.2789,2.0706,-8.9752,2.5060,2.1968
798.50,-8.8083,2.5962,2.1789,-8.3921,3.3921,2.0556,-9.0508,2.6104,2.1844
799.00,-8.8781,2.7051,2.1298,-8.4475,3.5065,2.0007,-9.1206,2.7166,2.1278
799.50,-8.9489,2.8147,2.1587,-8.5027,3.6256,2.0211,-9.1908,2.8377,2.1464
800.00,-9.0257,2.9209,2.2061,-8.5662,3.7474,2.0726,-9.2688,2.9406,2.2015
800.50,-9.1029,3.0254,2.1907,-8.6304,3.8634,2.0658,-9.3474,3.0374,2.1946
801.00,-9.1748,3.1332,2.1531,-8.6895,3.9810,2.0199,-9.4111,3.1465,2.1487
801.50,-9.2493,3.2405,2.1862,-8.7468,4.0954,2.0524,-9.4925,3.2526,2.1812
802.00,-9.3260,3.3460,2.2075,-8.8105,4.2150,2.0723,-9.5713,3.3629,2.1977
802.50,-9.4049,3.4496,2.2206,-8.8801,4.3382,2.0910,-9.6558,3.4664,2.2199
803.00,-9.4834,3.5533,2.2256,-8.9490,4.4601,2.0904,-9.7300,3.5683,2.2192
803.50,-9.5631,3.6562,2.2340,-9.0183,4.5801,2.1002,-9.8138,3.6786,2.2326
804.00,-9.6442,3.7580,2.2511,-9.0861,4.6939,2.1168,-9.8861,3.7725,2.2456
804.50,-9.7269,3.8585,2.2660,-9.1572,4.8089,2.1317,-9.9712,3.8775,2.2625
805.00,-9.8122,3.9566,2.3135,-9.2301,4.9208,2.1754,-10.0581,3.9789,2.3062
805.50,-9.9025,4.0497,2.3593,-9.3080,5.0273,2.2265,-10.1494,4.0641,2.3553
806.00,-9.9946,4.1415,2.3395,-9.3883,5.1317,2.2143,-10.2423,4.1576,2.3466
806.50,-10.0804,4.2398,2.2228,-9.4610,5.2393,2.1025,-10.3289,4.2643,2.2279
807.00,-10.1567,4.3474,2.0662,-9.5224,5.3608,1.9549,-10.4051,4.3715,2.0837
807.50,-10.2247,4.4617,1.8179,-9.5587,5.4945,1.7071,-10.4586,4.4948,1.8325
808.00,-10.2684,4.5901,1.6440,-9.5635,5.6337,1.5171,-10.5059,4.6126,1.6494
808.50,-10.2792,4.7198,1.6314,-9.5533,5.7657,1.4900,-10.5276,4.7404,1.6239
809.00,-10.2926,4.8495,1.6683,-9.5445,5.8924,1.5241,-10.5404,4.8665,1.6634
809.50,-10.3146,4.9785,1.7286,-9.5415,6.0223,1.5825,-10.5655,4.9956,1.7218
810.00,-10.3337,5.1055,1.6804,-9.5432,6.1561,1.5526,-10.5856,5.1278,1.6954
810.50,-10.3449,5.2057,1.4377,-9.5323,6.2608,1.3274,-10.5902,5.2230,1.4667
811.00,-10.3440,5.3089,1.1504,-9.4930,6.3578,1.0340,-10.5804,5.3246,1.1733
811.50,-10.2953,5.4153,0.9315,-9.4211,6.4511,0.8076,-10.5462,5.4268,0.9504
812.00,-10.2115,5.5116,0.7508,-9.3245,6.5354,0.6275,-10.4723,5.5338,0.7738
812.50,-10.1114,5.5893,0.5583,-9.2076,6.6042,0.4347,-10.3669,5.6190,0.5775
813.00,-10.0047,5.6583,0.3173,-9.0856,6.6464,0.2020,-10.2678,5.6684,0.3463
813.50,-9.8832,5.7128,0.0716,-8.9482,6.6554,-0.0546,-10.1375,5.7170,0.0882
814.00,-9.7533,5.7274,-0.0115,-8.8150,6.6394,-0.1573,-10.0232,5.7397,-0.0075
814.50,-9.6234,5.7303,0.0985,-8.6829,6.6226,-0.0635,-9.8901,5.7625,0.0863
815.00,-9.4952,5.7436,0.2015,-8.5516,6.6234,0.0561,-9.7705,5.7769,0.2129
815.50,-9.3676,5.7678,0.1908,-8.4162,6.6305,0.0452,-9.6380,5.8012,0.1950
816.00,-9.2401,5.7937,0.1847,-8.2896,6.6371,0.0431,-9.5138,5.8263,0.1948
816.50,-9.1124,5.8188,0.2036,-8.1513,6.6425,0.0505,-9.3778,5.8526,0.2038
817.00,-8.9855,5.8488,0.2155,-8.0226,6.6513,0.0709,-9.2619,5.8806,0.2311
817.50,-8.8585,5.8770,0.2251,-7.8963,6.6593,0.0695,-9.1386,5.9088,0.2263
818.00,-8.7326,5.9140,0.2805,-7.7588,6.6723,0.1275,-9.0048,5.9431,0.2843
818.50,-8.6071,5.9473,0.2200,-7.6291,6.6881,0.0847,-8.8792,5.9893,0.2414
819.00,-8.4784,5.9719,0.0193,-7.4922,6.6877,-0.1096,-8.7497,6.0007,0.0417
819.50,-8.3489,5.9862,-0.1618,-7.3620,6.6611,-0.2923,-8.6213,6.0039,-0.1391
820.00,-8.2245,5.9796,-0.3764,-7.2411,6.6116,-0.5005,-8.4942,5.9992,-0.3472
820.50,-8.1305,5.9469,-0.6225,-7.1574,6.5522,-0.7499,-8.4025,5.9834,-0.5982
821.00,-8.0454,5.8729,-0.8249,-7.0859,6.4697,-0.9590,-8.3139,5.9168,-0.8037
821.50,-7.9622,5.7718,-0.9621,-7.0180,6.3566,-1.0971,-8.2247,5.8158,-0.9439
822.00,-7.8885,5.6642,-1.1772,-6.9665,6.2322,-1.3001,-8.1548,5.7061,-1.1414
822.50,-7.8284,5.5412,-1.3946,-6.9464,6.0978,-1.5288,-8.1079,5.5811,-1.3720
823.00,-7.8018,5.4123,-1.4626,-6.9482,5.9618,-1.6156,-8.0645,5.4564,-1.4553
823.50,-7.7823,5.2837,-1.3814,-6.9500,5.8286,-1.5390,-8.0350,5.3347,-1.3788
824.00,-7.7586,5.1585,-1.4165,-6.9457,5.7054,-1.5634,-8.0113,5.2137,-1.3961
824.50,-7.7433,5.0650,-1.4206,-6.9460,5.6091,-1.5731,-7.9952,5.1187,-1.4093
825.00,-7.7325,4.9858,-1.4266,-6.9470,5.5340,-1.5825,-7.9839,5.0446,-1.4187
825.50,-7.7174,4.8656,-1.4704,-6.9485,5.4187,-1.6121,-7.9668,4.9204,-1.4449
826.00,-7.7103,4.7358,-1.5892,-6.9607,5.2931,-1.7322,-7.9578,4.7947,-1.5669
826.50,-7.7129,4.6059,-1.6307,-6.9864,5.1625,-1.7814,-7.9561,4.6560,-1.6176
827.00,-7.7232,4.4763,-1.6550,-7.0142,5.0389,-1.8090,-7.9693,4.5351,-1.6418
827.50,-7.7301,4.3465,-1.6182,-7.0427,4.9121,-1.7701,-7.9663,4.4054,-1.6029
828.00,-7.7353,4.2167,-1.6057,-7.0681,4.7857,-1.7574,-7.9702,4.2765,-1.5901
828.50,-7.7406,4.0868,-1.6085,-7.0943,4.6493,-1.7621,-7.9787,4.1376,-1.5949
829.00,-7.7413,3.9568,-1.5819,-7.1180,4.5168,-1.7319,-7.9748,4.0130,-1.5611
829.50,-7.7460,3.8268,-1.5982,-7.1408,4.3853,-1.7506,-7.9746,3.8796,-1.5833
830.00,-7.7487,3.6969,-1.5935,-7.1641,4.2563,-1.7469,-7.9764,3.7542,-1.5778
830.50,-7.7511,3.5669,-1.5912,-7.1887,4.1165,-1.7436,-7.9770,3.6166,-1.5728
831.00,-7.7534,3.4369,-1.5892,-7.2108,3.9891,-1.7420,-7.9770,3.4873,-1.5747
831.50,-7.7555,3.3069,-1.5882,-7.2334,3.8576,-1.7403,-7.9771,3.3639,-1.5731
832.00,-7.7581,3.1770,-1.5894,-7.2555,3.7288,-1.7420,-7.9777,3.2332,-1.5713
832.50,-7.7600,3.0470,-1.5876,-7.2778,3.5984,-1.7393,-7.9777,3.1009,-1.5686
833.00,-7.7626,2.9170,-1.5893,-7.3018,3.4583,-1.7414,-7.9778,2.9587,-1.5707
833.50,-7.7649,2.7870,-1.5886,-7.3248,3.3243,-1.7405,-7.9779,2.8328,-1.5698
834.00,-7.7680,2.6571,-1.5922,-7.3467,3.1982,-1.7457,-7.9781,2.7148,-1.5750
834.50,-7.7702,2.5271,-1.5898,-7.3707,3.0612,-1.7426,-7.9783,2.5757,-1.5719
835.00,-7.7735,2.3971,-1.5925,-7.3940,2.9286,-1.7455,-7.9788,2.4511,-1.5747
835.50,-7.7764,2.2671,-1.5944,-7.4174,2.7943,-1.7450,-7.9791,2.3147,-1.5708
836.00,-7.7826,2.1372,-1.6189,-7.4412,2.6646,-1.7659,-7.9893,2.1929,-1.5987
836.50,-7.7867,2.0073,-1.5932,-7.4666,2.5321,-1.7430,-7.9824,2.0580,-1.5722
837.00,-7.7886,1.8773,-1.5838,-7.4892,2.4007,-1.7352,-7.9826,1.9303,-1.5645
837.50,-7.7900,1.7473,-1.5795,-7.5116,2.2657,-1.7299,-7.9917,1.7979,-1.5592
838.00,-7.7968,1.6174,-1.6370,-7.5345,2.1376,-1.7820,-7.9825,1.6677,-1.6112
838.50,-7.8121,1.4879,-1.6801,-7.5632,2.0154,-1.8263,-7.9996,1.5424,-1.6625
839.00,-7.8224,1.3585,-1.6498,-7.5956,1.8849,-1.7957,-8.0100,1.4084,-1.6320
839.50,-7.8338,1.2290,-1.6399,-7.6279,1.7471,-1.7934,-8.0192,1.2671,-1.6281
840.00,-7.8375,1.0992,-1.4723,-7.6488,1.6153,-1.6339,-8.0185,1.1436,-1.4667
840.50,-7.8304,0.9715,-1.3121,-7.6458,1.4860,-1.4693,-7.9895,1.0167,-1.3021
841.00,-7.8064,0.8491,-1.1312,-7.6236,1.3618,-1.2939,-7.9713,0.8980,-1.1267
841.50,-7.7526,0.7354,-1.0095,-7.5806,1.2432,-1.1620,-7.9191,0.7826,-0.9932
842.00,-7.6822,0.6286,-0.9196,-7.5269,1.1330,-1.0688,-7.8675,0.6786,-0.9050
842.50,-7.6004,0.5278,-0.8665,-7.4622,1.0235,-1.0109,-7.7760,0.5811,-0.8437
843.00,-7.5162,0.4288,-0.8721,-7.3933,0.9144,-1.0123,-7.6898,0.4751,-0.8485
843.50,-7.4309,0.3308,-0.8260,-7.3219,0.8030,-0.9727,-7.6011,0.3768,-0.8124
844.00,-7.3414,0.2367,-0.8066,-7.2466,0.6970,-0.9450,-7.5101,0.2841,-0.7812
844.50,-7.2532,0.1409,-0.8660,-7.1746,0.5942,-0.9939,-7.4221,0.1944,-0.8336
845.00,-7.1732,0.0378,-0.9593,-7.1124,0.4861,-1.0947,-7.3333,0.0978,-0.9379
845.50,-7.0992,-0.0691,-0.9525,-7.0521,0.3651,-1.1022,-7.2662,-0.0223,-0.9420
846.00,-7.0183,-0.1709,-0.8349,-6.9816,0.2407,-0.9890,-7.1659,-0.1241,-0.8217
846.50,-6.9276,-0.2636,-0.7807,-6.9088,0.1396,-0.9217,-7.0871,-0.2016,-0.7579
847.00,-6.8375,-0.3577,-0.8520,-6.8326,0.0352,-0.9811,-6.9848,-0.3021,-0.8173
847.50,-6.7561,-0.4594,-0.9306,-6.7613,-0.0845,-1.0715,-6.8950,-0.4085,-0.9128
848.00,-6.6771,-0.5630,-0.9027,-6.6973,-0.2006,-1.0504,-6.8136,-0.5131,-0.8866
848.50,-6.5944,-0.6635,-0.8525,-6.6254,-0.3208,-1.0012,-6.7232,-0.6100,-0.8340
849.00,-6.5140,-0.7507,-0.8037,-6.5595,-0.4179,-0.9484,-6.7868,-0.7300,-0.8094
849.50,-6.4497,-0.8158,-0.7921,-6.5053,-0.4913,-0.9301,-6.7266,-0.7947,-0.7946
850.00,-6.3616,-0.9100,-0.8600,-6.4297,-0.5973,-0.9885,-6.6336,-0.8924,-0.8523
850.50,-6.2921,-0.9963,-1.0520,-6.3745,-0.6957,-1.1685,-6.5654,-0.9802,-1.0351
851.00,-6.2387,-1.0767,-1.3191,-6.3482,-0.7873,-1.4312,-6.5220,-1.0646,-1.2996
851.50,-6.1942,-1.1789,-1.6197,-6.3493,-0.8983,-1.7362,-6.4882,-1.1668,-1.6046
852.00,-6.1914,-1.3076,-1.7563,-6.3829,-1.0257,-1.8942,-6.4699,-1.2954,-1.7621
852.50,-6.2128,-1.4354,-1.7090,-6.4251,-1.1516,-1.8660,-6.4873,-1.4258,-1.7304
853.00,-6.2264,-1.5647,-1.5095,-6.4530,-1.2840,-1.6704,-6.4873,-1.5579,-1.5281
853.50,-6.2221,-1.6939,-1.4414,-6.4590,-1.4119,-1.5837,-6.4844,-1.6751,-1.4398
854.00,-6.2099,-1.8233,-1.5481,-6.4643,-1.5481,-1.6700,-6.4832,-1.8158,-1.5322
854.50,-6.2080,-1.9531,-1.6593,-6.4889,-1.6845,-1.8016,-6.4841,-1.9442,-1.6683
855.00,-6.2155,-2.0827,-1.5750,-6.5172,-1.8142,-1.7383,-6.4853,-2.0713,-1.5980
855.50,-6.2142,-2.2122,-1.4257,-6.5279,-1.9465,-1.5771,-6.4752,-2.2037,-1.4332
856.00,-6.1973,-2.3407,-1.4402,-6.5265,-2.0768,-1.5731,-6.4646,-2.3283,-1.4340
856.50,-6.1848,-2.4700,-1.4804,-6.5318,-2.2139,-1.6231,-6.4558,-2.4647,-1.4858
857.00,-6.1776,-2.5998,-1.5684,-6.5430,-2.3496,-1.7062,-6.4509,-2.5939,-1.5668
857.50,-6.1766,-2.7298,-1.5472,-6.5623,-2.4770,-1.7044,-6.4514,-2.7126,-1.5645
858.00,-6.1724,-2.8597,-1.5426,-6.5770,-2.6043,-1.6919,-6.4485,-2.8432,-1.5463
858.50,-6.1640,-2.9895,-1.4732,-6.5898,-2.7294,-1.6335,-6.4429,-2.9724,-1.4887
859.00,-6.1510,-3.1188,-1.4927,-6.5960,-2.8585,-1.6337,-6.4271,-3.1010,-1.4855
859.50,-6.1442,-3.2486,-1.5126,-6.6087,-2.9891,-1.6729,-6.4180,-3.2347,-1.5264
860.00,-6.1309,-3.3780,-1.4315,-6.6168,-3.1149,-1.5920,-6.4079,-3.3616,-1.4438
860.50,-6.1083,-3.5059,-1.3520,-6.6143,-3.2480,-1.5109,-6.3858,-3.4953,-1.3626
861.00,-6.0801,-3.6326,-1.3680,-6.6046,-3.3768,-1.5091,-6.3548,-3.6213,-1.3600
861.50,-6.0597,-3.7612,-1.4757,-6.6040,-3.5156,-1.6219,-6.3357,-3.7584,-1.4767
862.00,-6.0443,-3.8904,-1.4167,-6.6101,-3.6484,-1.5817,-6.3235,-3.8807,-1.4357
862.50,-6.0205,-4.0171,-1.2847,-6.6030,-3.7703,-1.4457,-6.2985,-4.0002,-1.2970
863.00,-5.9845,-4.1404,-1.2334,-6.5797,-3.9080,-1.3803,-6.2559,-4.1367,-1.2320
863.50,-5.9414,-4.2631,-1.2225,-6.5560,-4.0351,-1.3785,-6.2179,-4.2534,-1.2333
864.00,-5.8928,-4.3845,-1.1953,-6.5276,-4.1673,-1.3491,-6.1710,-4.3757,-1.2005
864.50,-5.8415,-4.5002,-1.1592,-6.4970,-4.2936,-1.3140,-6.1248,-4.4888,-1.1646
865.00,-5.8026,-4.5866,-1.1742,-6.4708,-4.3909,-1.3189,-6.0810,-4.5745,-1.1686
865.50,-5.7737,-4.6511,-1.2921,-6.4560,-4.4615,-1.4327,-6.0513,-4.6411,-1.2825
866.00,-5.7527,-4.6907,-1.4248,-6.4527,-4.5063,-1.5683,-6.0313,-4.6787,-1.4181
866.50,-5.7404,-4.7219,-1.5476,-6.4547,-4.5410,-1.6929,-6.0281,-4.7133,-1.5426
867.00,-5.7370,-4.7479,-1.6579,-6.4590,-4.5652,-1.8053,-6.0185,-4.7338,-1.6533
867.50,-5.7426,-4.7727,-1.7514,-6.4662,-4.5905,-1.8986,-6.0114,-4.7558,-1.7466
868.00,-5.7514,-4.7826,-1.8199,-6.4717,-4.6048,-1.9720,-6.0146,-4.7708,-1.8200
868.50,-5.7555,-4.7826,-1.8534,-6.4737,-4.6096,-2.0060,-6.0159,-4.7758,-1.8540
869.00,-5.7594,-4.7826,-1.8861,-6.4759,-4.6141,-2.0388,-6.0174,-4.7806,-1.8868
869.50,-5.7630,-4.7826,-1.9181,-6.4782,-4.6184,-2.0714,-6.0283,-4.7769,-1.9194
870.00,-5.7663,-4.7827,-1.9495,-6.4798,-4.6213,-2.1029,-6.0295,-4.7801,-1.9509
870.50,-5.7693,-4.7827,-1.9802,-6.4812,-4.6236,-2.1340,-6.0305,-4.7825,-1.9821
871.00,-5.7720,-4.7827,-2.0103,-6.4830,-4.6264,-2.1643,-6.0319,-4.7856,-2.0124
871.50,-5.7745,-4.7828,-2.0397,-6.4847,-4.6289,-2.1937,-6.0332,-4.7883,-2.0418
872.00,-5.7768,-4.7828,-2.0686,-6.4861,-4.6307,-2.2228,-6.0342,-4.7902,-2.0708
872.50,-5.7775,-4.7828,-2.0791,-6.4864,-4.6311,-2.2339,-6.0345,-4.7907,-2.0819
873.00,-5.7775,-4.7828,-2.0791,-6.4864,-4.6311,-2.2339,-6.0345,-4.7907,-2.0819
873.50,-5.7775,-4.7828,-2.0791,-6.4864,-4.6311,-2.2341,-6.0345,-4.7907,-2.0821
874.00,-5.7775,-4.7828,-2.0791,-6.4864,-4.6311,-2.2344,-6.0345,-4.7907,-2.0824
874.50,-5.7775,-4.7828,-2.0791,-6.4864,-4.6311,-2.2347,-6.0345,-4.7907,-2.0827
875.00,-5.7775,-4.7828,-2.0791,-6.4864,-4.6311,-2.2349,-6.0345,-4.7907,-2.0829
875.50,-5.7775,-4.7828,-2.0791,-6.4864,-4.6311,-2.2354,-6.0345,-4.7907,-2.0834
876.00,-5.7775,-4.7828,-2.0791,-6.4864,-4.6311,-2.2356,-6.0345,-4.7907,-2.0836
876.50,-5.7775,-4.7828,-2.0791,-6.4864,-4.6311,-2.2361,-6.0345,-4.7907,-2.0841
877.00,-5.7775,-4.7828,-2.0791,-6.4864,-4.6311,-2.2360,-6.0345,-4.7907,-2.0840
877.50,-5.7775,-4.7828,-2.0791,-6.4864,-4.6311,-2.2362,-6.0345,-4.7907,-2.0842
878.00,-5.7775,-4.7828,-2.0791,-6.4864,-4.6311,-2.2364,-6.0345,-4.7907,-2.0844
878.50,-5.7775,-4.7828,-2.0791,-6.4864,-4.6311,-2.2361,-6.0345,-4.7907,-2.0841
879.00,-5.7775,-4.7828,-2.0791,-6.4864,-4.6311,-2.2360,-6.0345,-4.7907,-2.0840
879.50,-5.7775,-4.7828,-2.0791,-6.4864,-4.6311,-2.2360,-6.0345,-4.7907,-2.0840
880.00,-5.7775,-4.7828,-2.0791,-6.4864,-4.6311,-2.2351,-6.0345,-4.7907,-2.0831
880.50,-5.7775,-4.7828,-2.0791,-6.4864,-4.6311,-2.2353,-6.0345,-4.7907,-2.0834
881.00,-5.7775,-4.7828,-2.0791,-6.4864,-4.6311,-2.2354,-6.0345,-4.7907,-2.0834
881.50,-5.7775,-4.7828,-2.0791,-6.4864,-4.6311,-2.2358,-6.0345,-4.7907,-2.0838
882.00,-5.7775,-4.7828,-2.0791,-6.4864,-4.6311,-2.2358,-6.0345,-4.7907,-2.0838
882.50,-5.7775,-4.7828,-2.0791,-6.4864,-4.6311,-2.2358,-6.0345,-4.7907,-2.0838
883.00,-5.7775,-4.7828,-2.0791,-6.4864,-4.6311,-2.2359,-6.0345,-4.7907,-2.0840
883.50,-5.7775,-4.7828,-2.0791,-6.4864,-4.6311,-2.2362,-6.0345,-4.7907,-2.0842
884.00,-5.7775,-4.7828,-2.0791,-6.4864,-4.6311,-2.2358,-6.0345,-4.7907,-2.0839
884.50,-5.7775,-4.7828,-2.0791,-6.4864,-4.6311,-2.2363,-6.0345,-4.7907,-2.0843
885.00,-5.7775,-4.7828,-2.0791,-6.4864,-4.6311,-2.2364,-6.0345,-4.7907,-2.0844
885.50,-5.7775,-4.7828,-2.0791,-6.4864,-4.6311,-2.2371,-6.0345,-4.7907,-2.0851
886.00,-5.7775,-4.7828,-2.0791,-6.4864,-4.6311,-2.2373,-6.0345,-4.7907,-2.0853
886.50,-5.7775,-4.7828,-2.0791,-6.4864,-4.6311,-2.2371,-6.0345,-4.7907,-2.0851
887.00,-5.7775,-4.7828,-2.0791,-6.4864,-4.6311,-2.2370,-6.0345,-4.7907,-2.0851
887.50,-5.7775,-4.7828,-2.0791,-6.4864,-4.6311,-2.2369,-6.0345,-4.7907,-2.0849
888.00,-5.7775,-4.7828,-2.0791,-6.4864,-4.6311,-2.2366,-6.0345,-4.7907,-2.0847
888.50,-5.7775,-4.7828,-2.0791,-6.4864,-4.6311,-2.2367,-6.0345,-4.7907,-2.0847
889.00,-5.7775,-4.7828,-2.0791,-6.4864,-4.6311,-2.2370,-6.0345,-4.7907,-2.0850
889.50,-5.7775,-4.7828,-2.0791,-6.4864,-4.6311,-2.2373,-6.0345,-4.7907,-2.0853
890.00,-5.7775,-4.7828,-2.0791,-6.4864,-4.6311,-2.2380,-6.0345,-4.7907,-2.0860
890.50,-5.7775,-4.7828,-2.0791,-6.4864,-4.6311,-2.2386,-6.0345,-4.7907,-2.0866
891.00,-5.7775,-4.7828,-2.0791,-6.4864,-4.6311,-2.2392,-6.0345,-4.7907,-2.0872
891.50,-5.7775,-4.7828,-2.0791,-6.4864,-4.6311,-2.2393,-6.0345,-4.7907,-2.0873
892.00,-5.7775,-4.7828,-2.0791,-6.4864,-4.6311,-2.2389,-6.0345,-4.7907,-2.0869
892.50,-5.7775,-4.7828,-2.0791,-6.4864,-4.6311,-2.2392,-6.0345,-4.7907,-2.0872
893.00,-5.7775,-4.7828,-2.0791,-6.4864,-4.6311,-2.2396,-6.0345,-4.7907,-2.0877
893.50,-5.7775,-4.7828,-2.0791,-6.4864,-4.6311,-2.2393,-6.0345,-4.7907,-2.0873
894.00,-5.7775,-4.7828,-2.0791,-6.4864,-4.6311,-2.2394,-6.0345,-4.7907,-2.0874
894.50,-5.7775,-4.7828,-2.0791,-6.4864,-4.6311,-2.2395,-6.0345,-4.7907,-2.0875
895.00,-5.7775,-4.7828,-2.0791,-6.4864,-4.6311,-2.2395,-6.0345,-4.7907,-2.0875
895.50,-5.7775,-4.7828,-2.0791,-6.4864,-4.6311,-2.2398,-6.0345,-4.7907,-2.0879
896.00,-5.7775,-4.7828,-2.0791,-6.4864,-4.6311,-2.2397,-6.0345,-4.7907,-2.0877
896.50,-5.7775,-4.7828,-2.0791,-6.4864,-4.6311,-2.2396,-6.0345,-4.7907,-2.0876
897.00,-5.7775,-4.7828,-2.0791,-6.4864,-4.6311,-2.2404,-6.0345,-4.7907,-2.0885
897.50,-5.7775,-4.7828,-2.0791,-6.4864,-4.6311,-2.2402,-6.0345,-4.7907,-2.0882
898.00,-5.7775,-4.7828,-2.0791,-6.4864,-4.6311,-2.2404,-6.0345,-4.7907,-2.0884
898.50,-5.7775,-4.7828,-2.0791,-6.4864,-4.6311,-2.2400,-6.0345,-4.7907,-2.0881
899.00,-5.7775,-4.7828,-2.0791,-6.4864,-4.6311,-2.2397,-6.0345,-4.7907,-2.0877
899.50,-5.7775,-4.7828,-2.0791,-6.4864,-4.6311,-2.2396,-6.0345,-4.7907,-2.0876
900.00,-5.7775,-4.7828,-2.0791,-6.4864,-4.6311,-2.2395,-6.0345,-4.7907,-2.0875
900.50,-5.7775,-4.7828,-2.0791,-6.4864,-4.6311,-2.2392,-6.0345,-4.7907,-2.0872
901.00,-5.7775,-4.7828,-2.0791,-6.4864,-4.6311,-2.2393,-6.0345,-4.7907,-2.0873
901.50,-5.7775,-4.7828,-2.0791,-6.4864,-4.6311,-2.2391,-6.0345,-4.7907,-2.0871
902.00,-5.7775,-4.7828,-2.0791,-6.4864,-4.6311,-2.2393,-6.0345,-4.7907,-2.0874
902.50,-5.7775,-4.7828,-2.0791,-6.4864,-4.6311,-2.2398,-6.0345,-4.7907,-2.0878
903.00,-5.7775,-4.7828,-2.0791,-6.4864,-4.6311,-2.2404,-6.0345,-4.7907,-2.0884
903.50,-5.7775,-4.7828,-2.0791,-6.4864,-4.6311,-2.2407,-6.0345,-4.7907,-2.0888
904.00,-5.7775,-4.7828,-2.0791,-6.4864,-4.6311,-2.2404,-6.0345,-4.7907,-2.0885
904.50,-5.7775,-4.7828,-2.0791,-6.4864,-4.6311,-2.2405,-6.0345,-4.7907,-2.0885
905.00,-5.7775,-4.7828,-2.0791,-6.4864,-4.6311,-2.2405,-6.0345,-4.7907,-2.0885
905.50,-5.7775,-4.7828,-2.0791,-6.4864,-4.6311,-2.2406,-6.0345,-4.7907,-2.0886
906.00,-5.7775,-4.7828,-2.0791,-6.4864,-4.6311,-2.2405,-6.0345,-4.7907,-2.0885
906.50,-5.7775,-4.7828,-2.0791,-6.4864,-4.6311,-2.2400,-6.0345,-4.7907,-2.0881
907.00,-5.7775,-4.7828,-2.0791,-6.4864,-4.6311,-2.2403,-6.0345,-4.7907,-2.0883
907.50,-5.7775,-4.7828,-2.0791,-6.4864,-4.6311,-2.2407,-6.0345,-4.7907,-2.0887
908.00,-5.7775,-4.7828,-2.0791,-6.4864,-4.6311,-2.2410,-6.0345,-4.7907,-2.0890
908.50,-5.7775,-4.7828,-2.0791,-6.4864,-4.6311,-2.2408,-6.0345,-4.7907,-2.0888
909.00,-5.7775,-4.7828,-2.0791,-6.4864,-4.6311,-2.2407,-6.0345,-4.7907,-2.0887
909.50,-5.7775,-4.7828,-2.0791,-6.4864,-4.6311,-2.2409,-6.0345,-4.7907,-2.0889
910.00,-5.7775,-4.7828,-2.0791,-6.4864,-4.6311,-2.2413,-6.0345,-4.7907,-2.0894
910.50,-5.7775,-4.7828,-2.0791,-6.4864,-4.6311,-2.2414,-6.0345,-4.7907,-2.0894
911.00,-5.7775,-4.7828,-2.0791,-6.4864,-4.6311,-2.2416,-6.0345,-4.7907,-2.0897
911.50,-5.7775,-4.7828,-2.0791,-6.4864,-4.6311,-2.2414,-6.0345,-4.7907,-2.0895
912.00,-5.7775,-4.7828,-2.0791,-6.4864,-4.6311,-2.2411,-6.0345,-4.7907,-2.0892
912.50,-5.7775,-4.7828,-2.0791,-6.4864,-4.6311,-2.2407,-6.0345,-4.7907,-2.0887
913.00,-5.7775,-4.7828,-2.0791,-6.4864,-4.6311,-2.2410,-6.0345,-4.7907,-2.0890
913.50,-5.7775,-4.7828,-2.0791,-6.4864,-4.6311,-2.2413,-6.0345,-4.7907,-2.0893
914.00,-5.7775,-4.7828,-2.0791,-6.4864,-4.6311,-2.2413,-6.0345,-4.7907,-2.0893
914.50,-5.7775,-4.7828,-2.0791,-6.4864,-4.6311,-2.2409,-6.0345,-4.7907,-2.0889
915.00,-5.7775,-4.7828,-2.0791,-6.4864,-4.6311,-2.2412,-6.0345,-4.7907,-2.0893
915.50,-5.7775,-4.7828,-2.0791,-6.4864,-4.6311,-2.2416,-6.0345,-4.7907,-2.0896
916.00,-5.7775,-4.7828,-2.0791,-6.4864,-4.6311,-2.2414,-6.0345,-4.7907,-2.0894
916.50,-5.7775,-4.7828,-2.0791,-6.4864,-4.6311,-2.2415,-6.0345,-4.7907,-2.0895
917.00,-5.7775,-4.7828,-2.0791,-6.4864,-4.6311,-2.2415,-6.0345,-4.7907,-2.0895
917.50,-5.7775,-4.7828,-2.0791,-6.4864,-4.6311,-2.2414,-6.0345,-4.7907,-2.0895
918.00,-5.7775,-4.7828,-2.0791,-6.4864,-4.6311,-2.2419,-6.0345,-4.7907,-2.0899
918.50,-5.7775,-4.7828,-2.0791,-6.4864,-4.6311,-2.2423,-6.0345,-4.7907,-2.0904
919.00,-5.7775,-4.7828,-2.0791,-6.4864,-4.6311,-2.2421,-6.0345,-4.7907,-2.0901
919.50,-5.7775,-4.7828,-2.0791,-6.4864,-4.6311,-2.2415,-6.0345,-4.7907,-2.0895
920.00,-5.7775,-4.7828,-2.0791,-6.4864,-4.6311,-2.2418,-6.0345,-4.7907,-2.0899
920.50,-5.7775,-4.7828,-2.0791,-6.4864,-4.6311,-2.2422,-6.0345,-4.7907,-2.0902
921.00,-5.7775,-4.7828,-2.0791,-6.4864,-4.6311,-2.2424,-6.0345,-4.7907,-2.0904
921.50,-5.7775,-4.7828,-2.0791,-6.4864,-4.6311,-2.2428,-6.0345,-4.7907,-2.0909
922.00,-5.7775,-4.7828,-2.0791,-6.4864,-4.6311,-2.2433,-6.0345,-4.7907,-2.0913
922.50,-5.7775,-4.7828,-2.0791,-6.4864,-4.6311,-2.2430,-6.0345,-4.7907,-2.0911
923.00,-5.7775,-4.7828,-2.0791,-6.4864,-4.6311,-2.2433,-6.0345,-4.7907,-2.0913
923.50,-5.7775,-4.7828,-2.0791,-6.4864,-4.6311,-2.2433,-6.0345,-4.7907,-2.0913
924.00,-5.7775,-4.7828,-2.0791,-6.4864,-4.6311,-2.2437,-6.0345,-4.7907,-2.0917
924.50,-5.7775,-4.7828,-2.0791,-6.4864,-4.6311,-2.2436,-6.0345,-4.7907,-2.0916
925.00,-5.7775,-4.7828,-2.0791,-6.4864,-4.6311,-2.2435,-6.0345,-4.7907,-2.0915
925.50,-5.7775,-4.7828,-2.0791,-6.4864,-4.6311,-2.2441,-6.0345,-4.7907,-2.0921
926.00,-5.7775,-4.7828,-2.0791,-6.4864,-4.6311,-2.2441,-6.0345,-4.7907,-2.0922
926.50,-5.7775,-4.7828,-2.0791,-6.4864,-4.6311,-2.2442,-6.0345,-4.7907,-2.0922
927.00,-5.7775,-4.7828,-2.0791,-6.4864,-4.6311,-2.2442,-6.0345,-4.7907,-2.0922
927.50,-5.7775,-4.7828,-2.0791,-6.4864,-4.6311,-2.2440,-6.0345,-4.7907,-2.0920
