t,gt_x,gt_y,gt_yaw,odom_x,odom_y,odom_yaw,slam_x,slam_y,slam_yaw
53.50,-0.0000,0.0000,0.0000,0.0000,0.0000,-0.0790,0.0000,0.0000,-0.0790
54.00,-0.0000,0.0000,0.0000,0.0000,0.0000,-0.0799,0.0000,0.0000,-0.0799
54.50,-0.0000,0.0000,0.0000,0.0000,0.0000,-0.0808,0.0000,0.0000,-0.0808
55.00,-0.0000,0.0000,0.0000,0.0000,0.0000,-0.0825,0.0000,0.0000,-0.0825
55.50,-0.0000,0.0000,0.0000,0.0000,0.0000,-0.0835,0.0000,0.0000,-0.0835
56.00,-0.0000,0.0000,0.0000,0.0000,0.0000,-0.0842,0.0000,0.0000,-0.0842
56.50,-0.0000,0.0000,0.0000,0.0000,0.0000,-0.0851,0.0000,0.0000,-0.0851
57.00,-0.0000,0.0000,0.0000,0.0000,0.0000,-0.0860,0.0000,0.0000,-0.0860
57.50,-0.0000,0.0000,0.0000,0.0000,0.0000,-0.0866,0.0000,0.0000,-0.0866
58.00,-0.0000,0.0000,0.0000,0.0000,0.0000,-0.0879,0.0000,0.0000,-0.0879
58.50,-0.0000,0.0000,0.0000,0.0000,0.0000,-0.0889,0.0000,0.0000,-0.0889
59.00,-0.0000,0.0000,0.0000,0.0000,0.0000,-0.0896,0.0000,0.0000,-0.0896
59.50,-0.0000,0.0000,0.0000,0.0000,0.0000,-0.0910,0.0000,0.0000,-0.0910
60.00,-0.0000,0.0000,0.0000,0.0000,0.0000,-0.0925,0.0000,0.0000,-0.0925
60.50,-0.0000,0.0000,0.0000,0.0000,0.0000,-0.0931,0.0000,0.0000,-0.0931
61.00,-0.0000,0.0000,0.0000,0.0000,0.0000,-0.0934,0.0000,0.0000,-0.0934
61.50,-0.0000,0.0000,0.0000,0.0000,0.0000,-0.0951,0.0000,0.0000,-0.0951
62.00,0.0318,-0.0000,-0.0000,0.0293,-0.0028,-0.0963,0.0293,-0.0028,-0.0963
62.50,0.0918,-0.0000,-0.0000,0.0901,-0.0087,-0.0968,0.0511,-0.0026,-0.0403
63.00,0.1518,-0.0000,-0.0000,0.1482,-0.0144,-0.0978,0.0477,-0.0021,-0.0245
63.50,0.2118,-0.0000,-0.0000,0.2109,-0.0206,-0.0992,0.0607,-0.0042,-0.0224
64.00,0.2718,-0.0000,-0.0000,0.2682,-0.0263,-0.1006,0.0683,-0.0056,-0.0238
64.50,0.3318,-0.0000,-0.0000,0.3286,-0.0325,-0.1019,0.1290,-0.0071,-0.0251
65.00,0.3918,-0.0000,-0.0000,0.3915,-0.0389,-0.1032,0.1022,-0.0091,-0.0229
65.50,0.4518,-0.0000,-0.0000,0.4544,-0.0455,-0.1044,0.0754,-0.0006,-0.0242
66.00,0.5118,-0.0000,-0.0000,0.5147,-0.0518,-0.1058,0.0860,-0.0021,-0.0255
66.50,0.5718,-0.0000,-0.0000,0.5754,-0.0584,-0.1076,0.1471,-0.0037,-0.0273
67.00,0.6318,-0.0000,-0.0000,0.6337,-0.0647,-0.1086,0.1756,-0.0053,-0.0283
67.50,0.6918,-0.0000,-0.0000,0.6930,-0.0712,-0.1096,0.1853,-0.0070,-0.0294
68.00,0.7518,-0.0000,-0.0000,0.7533,-0.0778,-0.1105,0.2459,-0.0089,-0.0302
68.50,0.8118,-0.0000,-0.0000,0.8152,-0.0847,-0.1118,0.2882,-0.0008,-0.0315
69.00,0.8718,-0.0000,-0.0000,0.8730,-0.0913,-0.1132,0.3464,-0.0026,-0.0329
69.50,0.9318,-0.0000,-0.0000,0.9330,-0.0981,-0.1144,0.3867,-0.0050,-0.0307
70.00,0.9918,-0.0000,-0.0000,0.9941,-0.1052,-0.1155,0.4382,-0.0070,-0.0318
70.50,1.0518,-0.0000,-0.0000,1.0570,-0.1125,-0.1164,0.5015,-0.0090,-0.0327
71.00,1.1118,-0.0000,-0.0000,1.1218,-0.1201,-0.1171,0.5489,-0.0197,-0.0272
71.50,1.1718,-0.0000,-0.0000,1.1829,-0.1273,-0.1176,0.6082,-0.0132,-0.0303
72.00,1.2235,-0.0000,-0.0000,1.2378,-0.1338,-0.1187,0.6634,-0.0149,-0.0314
72.50,1.2235,-0.0000,-0.0000,1.2378,-0.1338,-0.1194,0.6434,-0.0149,-0.0322
73.00,1.2235,-0.0000,-0.0000,1.2378,-0.1338,-0.1209,0.6434,-0.0149,-0.0337
73.50,1.2235,-0.0000,-0.0000,1.2378,-0.1338,-0.1219,0.6434,-0.0149,-0.0346
74.00,1.2235,-0.0000,-0.0000,1.2378,-0.1338,-0.1229,0.6434,-0.0149,-0.0357
74.50,1.2235,-0.0000,-0.0000,1.2378,-0.1338,-0.1244,0.6434,-0.0149,-0.0371
75.00,1.2235,-0.0000,-0.0000,1.2378,-0.1338,-0.1254,0.6434,-0.0149,-0.0381
75.50,1.2235,-0.0000,-0.0000,1.2378,-0.1338,-0.1263,0.6434,-0.0149,-0.0390
76.00,1.2235,-0.0000,-0.0000,1.2378,-0.1338,-0.1274,0.6434,-0.0149,-0.0402
76.50,1.2235,-0.0000,-0.0000,1.2378,-0.1338,-0.1289,0.6434,-0.0149,-0.0416
77.00,1.2235,-0.0000,-0.0000,1.2378,-0.1338,-0.1300,0.6434,-0.0149,-0.0428
77.50,1.2235,-0.0000,-0.0000,1.2378,-0.1338,-0.1314,0.6434,-0.0149,-0.0441
78.00,1.2235,-0.0000,-0.0000,1.2378,-0.1338,-0.1326,0.6434,-0.0149,-0.0453
78.50,1.2235,-0.0000,-0.0000,1.2378,-0.1338,-0.1334,0.6434,-0.0149,-0.0462
79.00,1.2235,-0.0000,-0.0000,1.2378,-0.1338,-0.1345,0.6434,-0.0149,-0.0473
79.50,1.2235,-0.0000,-0.0000,1.2378,-0.1338,-0.1357,0.6434,-0.0149,-0.0485
80.00,1.2235,-0.0000,-0.0000,1.2378,-0.1338,-0.1367,0.6434,-0.0149,-0.0495
80.50,1.2235,0.0024,0.0348,1.2403,-0.1341,-0.1060,0.6459,-0.0150,-0.0187
81.00,1.2235,0.0099,0.0864,1.2480,-0.1347,-0.0559,0.6537,-0.0150,0.0313
81.50,1.2235,0.0170,0.1361,1.2543,-0.1349,-0.0073,0.6599,-0.0146,0.0800
82.00,1.2236,0.0236,0.1842,1.2615,-0.1348,0.0399,0.6671,-0.0139,0.1271
82.50,1.2236,0.0297,0.2307,1.2697,-0.1343,0.0856,0.6752,-0.0126,0.1728
83.00,1.2236,0.0354,0.2757,1.2758,-0.1337,0.1295,0.6812,-0.0115,0.2167
83.50,1.2236,0.0405,0.3194,1.2811,-0.1329,0.1725,0.6876,0.0165,0.2812
84.00,1.2237,0.0452,0.3619,1.2849,-0.1321,0.2141,0.6915,0.0256,0.3293
84.50,1.2237,0.0494,0.4031,1.2878,-0.1314,0.2548,0.6943,0.0266,0.3699
85.00,1.2238,0.0530,0.4432,1.2910,-0.1306,0.2942,0.6974,0.0279,0.4094
85.50,1.2238,0.0563,0.4823,1.2954,-0.1291,0.3321,0.7015,0.0298,0.4473
86.00,1.2238,0.0567,0.4880,1.2961,-0.1289,0.3389,0.7022,0.0301,0.4541
86.50,1.2238,0.0567,0.4880,1.2961,-0.1289,0.3380,0.7022,0.0301,0.4532
87.00,1.1999,0.0440,0.4880,1.2723,-0.1372,0.3374,0.6796,0.0191,0.4526
87.50,1.1646,0.0252,0.4880,1.2322,-0.1512,0.3360,0.6414,0.0006,0.4511
88.00,1.1292,0.0065,0.4880,1.1934,-0.1648,0.3345,0.5851,-0.0088,0.4567
88.50,1.0939,-0.0123,0.4880,1.1520,-0.1791,0.3332,0.5261,-0.0289,0.4589
89.00,1.0586,-0.0310,0.4880,1.1119,-0.1930,0.3324,0.5111,-0.0477,0.4580
89.50,1.0232,-0.0498,0.4880,1.0762,-0.2053,0.3309,0.4842,-0.0643,0.4566
90.00,0.9922,-0.0662,0.4880,1.0374,-0.2186,0.3297,0.4474,-0.0824,0.4553
90.50,0.9904,-0.0672,0.4880,1.0351,-0.2194,0.3290,0.4255,-0.0741,0.4581
91.00,0.9904,-0.0672,0.4880,1.0351,-0.2194,0.3274,0.4255,-0.0741,0.4566
91.50,0.9904,-0.0672,0.4880,1.0351,-0.2194,0.3262,0.4255,-0.0741,0.4554
92.00,0.9904,-0.0672,0.4880,1.0351,-0.2194,0.3251,0.4255,-0.0741,0.4543
92.50,0.9904,-0.0657,0.5127,1.0364,-0.2189,0.3467,0.4267,-0.0735,0.4758
93.00,0.9905,-0.0634,0.5499,1.0383,-0.2182,0.3824,0.4286,-0.0725,0.5115
93.50,0.9905,-0.0615,0.5861,1.0395,-0.2177,0.4173,0.4297,-0.0718,0.5464
94.00,0.9906,-0.0600,0.6215,1.0406,-0.2172,0.4523,0.4307,-0.0712,0.5815
94.50,0.9906,-0.0590,0.6558,1.0414,-0.2168,0.4853,0.4315,-0.0707,0.6144
95.00,0.9907,-0.0585,0.6894,1.0417,-0.2166,0.5180,0.4317,-0.0705,0.6472
95.50,0.9908,-0.0583,0.7220,1.0419,-0.2165,0.5498,0.4319,-0.0704,0.6789
96.00,0.9905,-0.0584,0.7549,1.0418,-0.2166,0.5812,0.4318,-0.0705,0.7103
96.50,0.9904,-0.0585,0.7889,1.0417,-0.2167,0.6140,0.4317,-0.0706,0.7431
97.00,0.9905,-0.0588,0.8227,1.0413,-0.2170,0.6465,0.4313,-0.0709,0.7756
97.50,0.9905,-0.0591,0.8554,1.0410,-0.2172,0.6785,0.4310,-0.0712,0.8076
98.00,0.9903,-0.0591,0.8882,1.0409,-0.2172,0.7092,0.4310,-0.0712,0.8384
98.50,0.9897,-0.0592,0.9219,1.0403,-0.2178,0.7415,0.4305,-0.0718,0.8707
99.00,0.9886,-0.0592,0.9564,1.0395,-0.2185,0.7751,0.4298,-0.0726,0.9043
99.50,0.9870,-0.0593,0.9919,1.0389,-0.2192,0.8091,0.4292,-0.0734,0.9383
100.00,0.9850,-0.0593,1.0284,1.0377,-0.2204,0.8440,0.4283,-0.0748,0.9731
100.50,0.9826,-0.0594,1.0658,1.0359,-0.2226,0.8802,0.4267,-0.0772,1.0093
101.00,0.9797,-0.0594,1.1042,1.0338,-0.2253,0.9170,0.4249,-0.0801,1.0462
101.50,0.9763,-0.0595,1.1437,1.0323,-0.2273,0.9551,0.4237,-0.0823,1.0842
102.00,0.9724,-0.0595,1.1842,1.0301,-0.2306,0.9944,0.4219,-0.0858,1.1235
102.50,0.9680,-0.0596,1.2260,1.0279,-0.2341,1.0352,0.4202,-0.0896,1.1644
103.00,0.9631,-0.0596,1.2689,1.0256,-0.2380,1.0776,0.4185,-0.0938,1.2068
103.50,0.9578,-0.0596,1.3131,1.0231,-0.2430,1.1208,0.4166,-0.0990,1.2500
104.00,0.9519,-0.0596,1.3588,1.0204,-0.2488,1.1655,0.4147,-0.1052,1.2946
104.50,0.9456,-0.0597,1.4058,1.0182,-0.2543,1.2110,0.4132,-0.1109,1.3401
105.00,0.9388,-0.0597,1.4545,1.0161,-0.2605,1.2584,0.3689,-0.0687,1.4224
105.50,0.9315,-0.0597,1.5050,1.0139,-0.2678,1.3074,0.3679,-0.0763,1.4714
106.00,0.9203,-0.0597,1.6552,1.0138,-0.2667,1.4436,0.3677,-0.0753,1.6077
106.50,0.9004,-0.0596,1.8877,1.0138,-0.2462,1.6770,0.3644,-0.0550,1.8411
107.00,0.8821,-0.0594,2.0842,1.0097,-0.2254,1.8771,0.3569,-0.0352,2.0411
107.50,0.8775,-0.0593,2.1650,1.0082,-0.2213,1.9659,0.3547,-0.0314,2.1299
108.00,0.8774,-0.0593,2.1658,1.0082,-0.2213,1.9655,0.3547,-0.0314,2.1296
108.50,0.8774,-0.0593,2.1658,1.0082,-0.2213,1.9641,0.3547,-0.0314,2.1281
109.00,0.8926,-0.0817,2.1658,1.0178,-0.2447,1.9630,0.3680,-0.0528,2.1270
109.50,0.9150,-0.1148,2.1658,1.0333,-0.2823,1.9617,0.3895,-0.0874,2.1257
110.00,0.9374,-0.1479,2.1658,1.0494,-0.3214,1.9608,0.3671,-0.1455,2.1329
110.50,0.9599,-0.1810,2.1658,1.0648,-0.3587,1.9600,0.3753,-0.1862,2.1345
111.00,0.9823,-0.2142,2.1658,1.0802,-0.3965,1.9592,0.3871,-0.2207,2.1337
111.50,1.0047,-0.2473,2.1658,1.0960,-0.4351,1.9575,0.4093,-0.2560,2.1320
112.00,1.0264,-0.2794,2.1649,1.1106,-0.4711,1.9564,0.4307,-0.2885,2.1344
112.50,1.0277,-0.2763,2.1039,1.1116,-0.4728,1.8958,0.4320,-0.2900,2.0738
113.00,0.9975,-0.2188,2.0727,1.0947,-0.4186,1.8618,0.4057,-0.2397,2.0398
113.50,0.9430,-0.1115,2.0415,1.0628,-0.3044,1.8265,0.4066,-0.1228,2.0080
114.00,0.8794,0.0025,2.1254,1.0259,-0.1771,1.9037,0.3154,-0.0041,2.0887
114.50,0.8070,0.1104,2.1784,0.9786,-0.0566,1.9658,0.2321,0.1057,2.1507
115.00,0.7476,0.1966,2.1735,0.9370,0.0447,1.9587,0.1572,0.1976,2.1437
115.50,0.7235,0.2317,2.1735,0.9195,0.0873,1.9579,0.1417,0.2360,2.1394
116.00,0.7229,0.2326,2.1735,0.9190,0.0886,1.9563,0.1410,0.2371,2.1378
116.50,0.7229,0.2326,2.1735,0.9190,0.0886,1.9555,0.1410,0.2371,2.1370
117.00,0.7229,0.2326,2.1735,0.9190,0.0886,1.9540,0.1410,0.2371,2.1355
117.50,0.7229,0.2326,2.1735,0.9190,0.0886,1.9533,0.1410,0.2371,2.1347
118.00,0.7229,0.2326,2.1735,0.9190,0.0886,1.9521,0.1410,0.2371,2.1336
118.50,0.7216,0.2326,2.2378,0.9185,0.0897,2.0065,0.1403,0.2381,2.1879
119.00,0.7218,0.2324,2.3972,0.9187,0.0895,2.1630,0.1405,0.2379,2.3445
119.50,0.7222,0.2296,2.5667,0.9210,0.0867,2.3307,0.1433,0.2356,2.5122
120.00,0.7224,0.2180,2.7574,0.9285,0.0803,2.5213,0.1518,0.2306,2.7028
120.50,0.7225,0.2054,2.8720,0.9414,0.0724,2.6454,0.1659,0.2252,2.8269
121.00,0.7226,0.2049,2.8762,0.9425,0.0718,2.6494,0.1671,0.2249,2.8309
121.50,0.7226,0.2049,2.8762,0.9425,0.0718,2.6483,0.1671,0.2248,2.8298
122.00,0.7486,0.1978,2.8762,0.9644,0.0600,2.6473,0.1907,0.2171,2.8288
122.50,0.7872,0.1873,2.8762,0.9981,0.0418,2.6461,0.2050,0.1928,2.8410
123.00,0.8258,0.1768,2.8762,1.0332,0.0228,2.6450,0.2365,0.1773,2.8440
123.50,0.8644,0.1663,2.8762,1.0664,0.0047,2.6438,0.2727,0.1662,2.8427
124.00,0.9030,0.1558,2.8762,1.1080,-0.0179,2.6421,0.3581,0.1531,2.8445
124.50,0.9416,0.1454,2.8762,1.1439,-0.0375,2.6406,0.3776,0.1419,2.8465
125.00,0.9790,0.1352,2.8751,1.1795,-0.0570,2.6390,0.4166,0.1308,2.8484
125.50,0.9851,0.1339,2.8345,1.1864,-0.0608,2.5977,0.4241,0.1285,2.8071
126.00,0.9851,0.1385,2.7917,1.1822,-0.0582,2.5538,0.4194,0.1303,2.7632
126.50,0.9851,0.1372,2.8110,1.1829,-0.0586,2.5657,0.4202,0.1300,2.7751
127.00,0.9851,0.1321,2.8544,1.1876,-0.0616,2.6082,0.4255,0.1281,2.8176
127.50,0.9851,0.1266,2.8991,1.1927,-0.0644,2.6515,0.4310,0.1264,2.8609
128.00,0.9825,0.1209,2.9525,1.1959,-0.0661,2.7004,0.4345,0.1254,2.9098
128.50,0.9335,0.1092,3.1271,1.1507,-0.0495,2.8735,0.3869,0.1322,3.0829
129.00,0.8227,0.0941,-3.0796,1.0439,-0.0270,2.9622,0.2578,0.1027,-3.1046
129.50,0.6928,0.0878,-3.0845,0.9140,-0.0014,2.9514,0.1432,0.0897,-3.1154
130.00,0.5631,0.0791,-3.0803,0.7793,0.0236,2.9562,-0.0315,0.0853,-3.1106
130.50,0.4333,0.0743,-3.0955,0.6463,0.0496,2.9400,-0.1270,0.0823,-3.1233
131.00,0.3034,0.0707,-3.1058,0.5180,0.0767,2.9284,-0.2782,0.0806,-3.1384
131.50,0.1735,0.0665,-3.1078,0.3903,0.1045,2.9255,-0.4188,0.0804,-3.1413
132.00,0.0436,0.0624,-3.1101,0.2630,0.1326,2.9224,-0.4796,0.0765,-3.1409
132.50,-0.0864,0.0621,-3.1283,0.1273,0.1642,2.9020,-0.6318,0.0808,3.1240
133.00,-0.2164,0.0587,-3.1145,-0.0064,0.1959,2.9146,-0.7251,0.0794,3.1415
133.50,-0.3463,0.0570,-3.1244,-0.1332,0.2257,2.9053,-0.8384,0.0758,3.1322
134.00,-0.4763,0.0550,-3.1236,-0.2590,0.2565,2.9035,-0.9813,0.0788,3.1286
134.50,-0.6063,0.0508,-3.1155,-0.3868,0.2870,2.9108,-1.1127,0.0800,3.1394
135.00,-0.7362,0.0458,-3.1005,-0.5174,0.3173,2.9223,-1.2636,0.0890,-3.1323
135.50,-0.8612,0.0374,-3.0801,-0.6426,0.3437,2.9395,-1.3816,0.0763,-3.1116
136.00,-0.9349,0.0267,-3.0306,-0.7207,0.3579,2.9903,-1.4409,0.0722,-3.0608
136.50,-0.9496,0.0188,-2.9822,-0.7397,0.3605,3.0385,-1.4899,0.0704,-3.0126
137.00,-0.9496,0.0124,-2.9349,-0.7473,0.3611,3.0842,-1.4974,0.0693,-2.9669
137.50,-0.9497,0.0065,-2.8891,-0.7552,0.3614,3.1288,-1.5052,0.0677,-2.9223
138.00,-0.9497,0.0011,-2.8448,-0.7609,0.3614,-3.1110,-1.5108,0.0664,-2.8789
138.50,-0.9497,-0.0038,-2.8017,-0.7661,0.3611,-3.0689,-1.5158,0.0649,-2.8368
139.00,-0.9498,-0.0082,-2.7598,-0.7714,0.3607,-3.0281,-1.5208,0.0633,-2.7960
139.50,-0.9498,-0.0122,-2.7191,-0.7757,0.3601,-2.9883,-1.5248,0.0618,-2.7562
140.00,-0.9499,-0.0156,-2.6795,-0.7787,0.3596,-2.9502,-1.5082,0.0318,-2.7112
140.50,-0.9499,-0.0186,-2.6410,-0.7811,0.3591,-2.9127,-1.5104,0.0308,-2.6737
141.00,-0.9500,-0.0211,-2.6034,-0.7834,0.3585,-2.8764,-1.5125,0.0296,-2.6373
141.50,-0.9500,-0.0232,-2.5669,-0.7855,0.3579,-2.8409,-1.5144,0.0285,-2.6019
142.00,-0.9501,-0.0248,-2.5313,-0.7874,0.3573,-2.8062,-1.5161,0.0275,-2.5671
142.50,-0.9501,-0.0259,-2.4966,-0.7885,0.3569,-2.7719,-1.5170,0.0269,-2.5328
143.00,-0.9502,-0.0266,-2.4628,-0.7896,0.3564,-2.7393,-1.5180,0.0261,-2.5002
143.50,-0.9502,-0.0269,-2.4299,-0.7898,0.3563,-2.7073,-1.5182,0.0260,-2.4683
144.00,-0.9501,-0.0268,-2.3973,-0.7898,0.3563,-2.6762,-1.5182,0.0260,-2.4371
144.50,-0.9499,-0.0267,-2.3636,-0.7895,0.3565,-2.6436,-1.5179,0.0263,-2.4046
145.00,-0.9499,-0.0265,-2.3295,-0.7893,0.3566,-2.6108,-1.5178,0.0264,-2.3717
145.50,-0.9500,-0.0261,-2.2965,-0.7892,0.3566,-2.5782,-1.5177,0.0265,-2.3391
146.00,-0.9499,-0.0261,-2.2640,-0.7892,0.3567,-2.5470,-1.5177,0.0265,-2.3079
146.50,-0.9494,-0.0260,-2.2305,-0.7888,0.3569,-2.5149,-1.5174,0.0268,-2.2758
147.00,-0.9485,-0.0260,-2.1963,-0.7880,0.3575,-2.4817,-1.5168,0.0276,-2.2427
147.50,-0.9471,-0.0259,-2.1611,-0.7869,0.3584,-2.4479,-1.5159,0.0287,-2.2088
148.00,-0.9452,-0.0259,-2.1249,-0.7854,0.3597,-2.4133,-1.5147,0.0304,-2.1742
148.50,-0.9429,-0.0258,-2.0878,-0.7833,0.3617,-2.3777,-1.5131,0.0328,-2.1387
149.00,-0.9401,-0.0258,-2.0497,-0.7815,0.3635,-2.3412,-1.5118,0.0350,-2.1021
149.50,-0.9369,-0.0257,-2.0106,-0.7794,0.3657,-2.3029,-1.5103,0.0376,-2.0639
150.00,-0.9331,-0.0257,-1.9704,-0.7773,0.3681,-2.2635,-1.5088,0.0405,-2.0245
150.50,-0.9289,-0.0256,-1.9290,-0.7747,0.3714,-2.2234,-1.5071,0.0443,-1.9843
151.00,-0.9242,-0.0256,-1.8865,-0.7718,0.3754,-2.1818,-1.5052,0.0488,-1.9427
151.50,-0.9190,-0.0256,-1.8427,-0.7693,0.3792,-2.1394,-1.5037,0.0531,-1.9003
152.00,-0.9133,-0.0255,-1.7975,-0.7668,0.3832,-2.0954,-1.5022,0.0576,-1.8564
152.50,-0.9072,-0.0255,-1.7509,-0.7638,0.3887,-2.0503,-1.5006,0.0636,-1.8112
153.00,-0.9005,-0.0255,-1.7027,-0.7604,0.3955,-2.0030,-1.4989,0.0710,-1.7639
153.50,-0.8934,-0.0255,-1.6529,-0.7575,0.4023,-1.9543,-1.4977,0.0783,-1.7153
154.00,-0.8858,-0.0255,-1.6011,-0.7548,0.4094,-1.9038,-1.4232,0.0167,-1.6334
154.50,-0.8778,-0.0255,-1.5477,-0.7541,0.4115,-1.8516,-1.4231,0.0189,-1.5812
155.00,-0.8701,-0.0255,-1.4957,-0.7558,0.4048,-1.8007,-1.4230,0.0120,-1.5302
155.50,-0.8630,-0.0255,-1.4456,-0.7577,0.3957,-1.7515,-1.4223,0.0027,-1.4810
156.00,-0.8562,-0.0255,-1.3972,-0.7586,0.3900,-1.7039,-1.4217,-0.0030,-1.4334
156.50,-0.8500,-0.0255,-1.3504,-0.7594,0.3830,-1.6579,-1.4206,-0.0099,-1.3874
157.00,-0.8442,-0.0256,-1.3050,-0.7598,0.3766,-1.6134,-1.4193,-0.0162,-1.3429
157.50,-0.8390,-0.0256,-1.2610,-0.7599,0.3713,-1.5707,-1.4180,-0.0214,-1.3003
158.00,-0.8342,-0.0256,-1.2183,-0.7599,0.3672,-1.5291,-1.4168,-0.0254,-1.2586
158.50,-0.8299,-0.0257,-1.1768,-0.7596,0.3633,-1.4889,-1.4155,-0.0290,-1.2184
159.00,-0.8261,-0.0257,-1.1364,-0.7592,0.3590,-1.4495,-1.4140,-0.0330,-1.1790
159.50,-0.8228,-0.0258,-1.0971,-0.7586,0.3551,-1.4117,-1.3905,0.0167,-1.1273
160.00,-0.8200,-0.0258,-1.0589,-0.7584,0.3535,-1.3750,-1.3897,0.0152,-1.0905
160.50,-0.8176,-0.0259,-1.0217,-0.7579,0.3513,-1.3389,-1.3887,0.0132,-1.0545
161.00,-0.8157,-0.0259,-0.9854,-0.7573,0.3490,-1.3037,-1.3874,0.0111,-1.0193
161.50,-0.8142,-0.0260,-0.9501,-0.7568,0.3475,-1.2694,-1.3866,0.0098,-0.9850
162.00,-0.8132,-0.0260,-0.9157,-0.7565,0.3463,-1.2361,-1.3859,0.0088,-0.9516
162.50,-0.8127,-0.0261,-0.8828,-0.7563,0.3457,-1.2038,-1.3856,0.0083,-0.9193
163.00,-0.8125,-0.0261,-0.8591,-0.7562,0.3456,-1.1830,-1.3854,0.0082,-0.8985
163.50,-0.8126,-0.0260,-0.8265,-0.7562,0.3456,-1.1516,-1.3855,0.0082,-0.8672
164.00,-0.8126,-0.0258,-0.7929,-0.7562,0.3455,-1.1189,-1.3854,0.0081,-0.8344
164.50,-0.8129,-0.0258,-0.7588,-0.7562,0.3455,-1.0866,-1.3854,0.0081,-0.8021
165.00,-0.8132,-0.0259,-0.7258,-0.7563,0.3458,-1.0551,-1.3856,0.0083,-0.7707
165.50,-0.8133,-0.0258,-0.6932,-0.7563,0.3458,-1.0234,-1.3856,0.0084,-0.7390
166.00,-0.8134,-0.0253,-0.6598,-0.7564,0.3459,-0.9910,-1.3858,0.0085,-0.7065
166.50,-0.8134,-0.0244,-0.6255,-0.7569,0.3467,-0.9579,-1.3865,0.0090,-0.6735
167.00,-0.8135,-0.0230,-0.5903,-0.7575,0.3474,-0.9236,-1.3872,0.0096,-0.6391
167.50,-0.8135,-0.0211,-0.5542,-0.7591,0.3495,-0.8886,-1.3893,0.0111,-0.6041
168.00,-0.8136,-0.0188,-0.5171,-0.7604,0.3511,-0.8527,-1.3910,0.0123,-0.5683
168.50,-0.8136,-0.0160,-0.4790,-0.7623,0.3531,-0.8155,-1.3934,0.0137,-0.5310
169.00,-0.8137,-0.0128,-0.4398,-0.7648,0.3557,-0.7777,-1.3965,0.0155,-0.4932
169.50,-0.8137,-0.0090,-0.3996,-0.7674,0.3582,-0.7395,-1.3998,0.0171,-0.4551
170.00,-0.8137,-0.0048,-0.3583,-0.7709,0.3613,-0.6990,-1.4040,0.0191,-0.4145
170.50,-0.8138,-0.0001,-0.3157,-0.7743,0.3640,-0.6576,-1.4080,0.0208,-0.3731
171.00,-0.8138,0.0051,-0.2719,-0.7788,0.3673,-0.6153,-1.4133,0.0227,-0.3309
171.50,-0.8138,0.0108,-0.2268,-0.7833,0.3703,-0.5717,-1.4184,0.0243,-0.2872
172.00,-0.8139,0.0169,-0.1801,-0.7891,0.3739,-0.5264,-1.4250,0.0261,-0.2419
172.50,-0.7992,0.0246,-0.0887,-0.7805,0.3694,-0.4428,-1.4154,0.0242,-0.1584
173.00,-0.7247,0.0418,0.0980,-0.7117,0.3458,-0.2482,-1.3428,0.0209,0.0363
173.50,-0.6013,0.0603,0.1103,-0.5873,0.3176,-0.2258,-1.1011,0.0885,0.0897
174.00,-0.4907,0.0691,-0.0691,-0.4773,0.2848,-0.3974,-1.0168,0.0895,-0.0815
174.50,-0.3629,0.0648,-0.2542,-0.3668,0.2235,-0.5980,-0.8915,0.0762,-0.2812
175.00,-0.2617,0.0400,-0.2618,-0.2731,0.1567,-0.6165,-0.7903,0.0594,-0.2937
175.50,-0.1737,0.0217,-0.0945,-0.1984,0.1103,-0.4601,-0.6724,0.0427,-0.1320
176.00,-0.1185,0.0111,0.0553,-0.1423,0.0878,-0.2984,-0.6265,0.0323,0.0297
176.50,-0.1136,0.0107,0.1042,-0.1368,0.0861,-0.2501,-0.6257,0.0301,0.0779
177.00,-0.1136,0.0172,0.1533,-0.1319,0.0850,-0.2027,-0.6207,0.0306,0.1253
177.50,-0.1136,0.0237,0.2008,-0.1262,0.0839,-0.1566,-0.6150,0.0314,0.1715
178.00,-0.1136,0.0296,0.2467,-0.1208,0.0831,-0.1119,-0.5984,0.0387,0.2189
178.50,-0.1135,0.0351,0.2913,-0.1150,0.0826,-0.0685,-0.5894,0.0419,0.2630
179.00,-0.1135,0.0401,0.3345,-0.1101,0.0823,-0.0268,-0.5847,0.0433,0.3048
179.50,-0.1135,0.0446,0.3766,-0.1055,0.0823,0.0135,-0.5804,0.0447,0.3450
180.00,-0.1134,0.0486,0.4174,-0.1012,0.0824,0.0533,-0.5763,0.0462,0.3849
180.50,-0.1134,0.0521,0.4571,-0.0972,0.0827,0.0920,-0.5726,0.0478,0.4236
181.00,-0.1133,0.0551,0.4958,-0.0938,0.0831,0.1296,-0.5696,0.0492,0.4612
181.50,-0.1133,0.0577,0.5335,-0.0907,0.0835,0.1667,-0.5668,0.0507,0.4982
182.00,-0.1132,0.0598,0.5701,-0.0887,0.0839,0.2022,-0.5650,0.0517,0.5337
182.50,-0.1132,0.0615,0.6059,-0.0874,0.0842,0.2367,-0.5639,0.0524,0.5682
183.00,-0.1131,0.0627,0.6407,-0.0859,0.0846,0.2702,-0.5625,0.0533,0.6018
183.50,-0.1131,0.0634,0.6746,-0.0851,0.0848,0.3021,-0.5619,0.0537,0.6336
184.00,-0.1130,0.0637,0.7076,-0.0848,0.0849,0.3342,-0.5617,0.0539,0.6657
184.50,-0.1130,0.0637,0.7401,-0.0847,0.0850,0.3659,-0.5616,0.0540,0.6975
185.00,-0.1133,0.0636,0.7736,-0.0851,0.0848,0.3980,-0.5619,0.0537,0.7295
185.50,-0.1133,0.0635,0.8078,-0.0852,0.0848,0.4301,-0.5620,0.0536,0.7617
186.00,-0.1132,0.0631,0.8409,-0.0855,0.0846,0.4628,-0.5622,0.0534,0.7943
186.50,-0.1133,0.0630,0.8735,-0.0856,0.0846,0.4939,-0.5623,0.0533,0.8255
187.00,-0.1137,0.0629,0.9068,-0.0859,0.0844,0.5255,-0.5625,0.0531,0.8571
187.50,-0.1146,0.0629,0.9410,-0.0870,0.0838,0.5582,-0.5633,0.0521,0.8897
188.00,-0.1160,0.0628,0.9760,-0.0881,0.0830,0.5920,-0.5642,0.0510,0.9236
188.50,-0.1178,0.0628,1.0120,-0.0898,0.0819,0.6271,-0.5653,0.0494,0.9587
189.00,-0.1200,0.0627,1.0490,-0.0914,0.0806,0.6629,-0.5665,0.0477,0.9945
189.50,-0.1227,0.0627,1.0870,-0.0930,0.0794,0.6994,-0.5675,0.0460,1.0309
190.00,-0.1259,0.0626,1.1260,-0.0951,0.0775,0.7372,-0.5689,0.0436,1.0688
190.50,-0.1296,0.0626,1.1661,-0.0983,0.0745,0.7762,-0.5710,0.0397,1.1077
191.00,-0.1337,0.0625,1.2073,-0.1013,0.0714,0.8163,-0.5728,0.0358,1.1479
191.50,-0.1384,0.0625,1.2497,-0.1043,0.0681,0.8569,-0.5746,0.0317,1.1884
192.00,-0.1435,0.0625,1.2933,-0.1074,0.0643,0.8986,-0.5763,0.0271,1.2302
192.50,-0.1491,0.0624,1.3383,-0.1106,0.0602,0.9418,-0.5780,0.0221,1.2734
193.00,-0.1552,0.0624,1.3847,-0.1147,0.0544,0.9868,-0.5799,0.0153,1.3184
193.50,-0.1618,0.0624,1.4327,-0.1182,0.0488,1.0336,-0.5814,0.0089,1.3651
194.00,-0.1689,0.0624,1.4823,-0.1217,0.0426,1.0821,-0.5827,0.0019,1.4137
194.50,-0.1764,0.0624,1.5338,-0.1253,0.0354,1.1320,-0.5838,-0.0061,1.4635
195.00,-0.1844,0.0624,1.5872,-0.1275,0.0305,1.1838,-0.6461,0.0686,1.5590
195.50,-0.1921,0.0624,1.6394,-0.1242,0.0391,1.2349,-0.6463,0.0778,1.6101
196.00,-0.1968,0.0624,1.6717,-0.1227,0.0437,1.2690,-0.6466,0.0827,1.6442
196.50,-0.1968,0.0624,1.6717,-0.1227,0.0437,1.2680,-0.6466,0.0827,1.6432
197.00,-0.1968,0.0624,1.6717,-0.1227,0.0437,1.2669,-0.6466,0.0827,1.6421
197.50,-0.1968,0.0624,1.6717,-0.1227,0.0437,1.2657,-0.6466,0.0827,1.6409
198.00,-0.1965,0.0624,1.6637,-0.1228,0.0435,1.2607,-0.6465,0.0824,1.6358
198.50,-0.1903,0.0624,1.6123,-0.1249,0.0377,1.2066,-0.6463,0.0762,1.5818
199.00,-0.1824,0.0624,1.5591,-0.1273,0.0317,1.1518,-0.6464,0.0697,1.5270
199.50,-0.1746,0.0624,1.5066,-0.1233,0.0400,1.0981,-0.6458,0.0790,1.4732
200.00,-0.1673,0.0624,1.4561,-0.1195,0.0470,1.0462,-0.6448,0.0869,1.4214
200.50,-0.1605,0.0624,1.4074,-0.1162,0.0524,0.9964,-0.6437,0.0931,1.3716
201.00,-0.1541,0.0624,1.3602,-0.1124,0.0580,0.9479,-0.6422,0.0998,1.3231
201.50,-0.1483,0.0625,1.3146,-0.1090,0.0626,0.9011,-0.6407,0.1052,1.2763
202.00,-0.1429,0.0625,1.2703,-0.1057,0.0665,0.8548,-0.6391,0.1101,1.2300
202.50,-0.1380,0.0625,1.2273,-0.1025,0.0701,0.8110,-0.6374,0.1146,1.1862
203.00,-0.1337,0.0626,1.1855,-0.0990,0.0737,0.7678,-0.6354,0.1192,1.1430
203.50,-0.1298,0.0626,1.1449,-0.0964,0.0761,0.7259,-0.6087,0.0904,1.1172
204.00,-0.1263,0.0627,1.1054,-0.0934,0.0786,0.6854,-0.5993,0.0844,1.0815
204.50,-0.1234,0.0627,1.0670,-0.0913,0.0803,0.6452,-0.5980,0.0867,1.0413
205.00,-0.1209,0.0628,1.0295,-0.0891,0.0819,0.6069,-0.5966,0.0891,1.0030
205.50,-0.1189,0.0628,0.9930,-0.0881,0.0826,0.5688,-0.5960,0.0900,0.9649
206.00,-0.1174,0.0629,0.9575,-0.0866,0.0835,0.5319,-0.5950,0.0914,0.9280
206.50,-0.1163,0.0629,0.9229,-0.0860,0.0838,0.4964,-0.5945,0.0920,0.8925
207.00,-0.1156,0.0630,0.8892,-0.0854,0.0841,0.4611,-0.5941,0.0925,0.8572
207.50,-0.1154,0.0630,0.8564,-0.0852,0.0842,0.4269,-0.5940,0.0927,0.8231
208.00,-0.1154,0.0632,0.8237,-0.0850,0.0843,0.3928,-0.5938,0.0928,0.7889
208.50,-0.1155,0.0636,0.7900,-0.0849,0.0844,0.3579,-0.5937,0.0929,0.7540
209.00,-0.1154,0.0637,0.7559,-0.0846,0.0844,0.3224,-0.5935,0.0931,0.7185
209.50,-0.1151,0.0637,0.7230,-0.0842,0.0846,0.2883,-0.5931,0.0934,0.6845
210.00,-0.1152,0.0636,0.6904,-0.0844,0.0845,0.2545,-0.5933,0.0933,0.6506
210.50,-0.1152,0.0631,0.6569,-0.0852,0.0843,0.2201,-0.5940,0.0928,0.6162
211.00,-0.1153,0.0621,0.6225,-0.0864,0.0841,0.1847,-0.5950,0.0921,0.5808
211.50,-0.1154,0.0607,0.5872,-0.0878,0.0839,0.1479,-0.5962,0.0914,0.5440
212.00,-0.1154,0.0588,0.5510,-0.0893,0.0837,0.1102,-0.5975,0.0906,0.5063
212.50,-0.1155,0.0564,0.5139,-0.0911,0.0835,0.0718,-0.5991,0.0897,0.4680
213.00,-0.1155,0.0536,0.4757,-0.0943,0.0833,0.0326,-0.6020,0.0884,0.4287
213.50,-0.1155,0.0503,0.4365,-0.0984,0.0833,-0.0072,-0.6058,0.0867,0.3890
214.00,-0.1156,0.0466,0.3961,-0.1028,0.0834,-0.0481,-0.6098,0.0851,0.3480
214.50,-0.1156,0.0423,0.3547,-0.1079,0.0838,-0.0914,-0.6147,0.0835,0.3047
215.00,-0.1157,0.0375,0.3120,-0.1128,0.0843,-0.1349,-0.6194,0.0821,0.2612
215.50,-0.1111,0.0329,0.2555,-0.1126,0.0842,-0.1877,-0.6192,0.0822,0.2084
216.00,-0.0562,0.0234,0.0758,-0.0608,0.0693,-0.3687,-0.5656,0.0883,0.0275
216.50,0.0590,0.0136,-0.0052,0.0490,0.0188,-0.4625,-0.4358,0.0347,-0.0384
217.00,0.1888,0.0174,0.1087,0.1638,-0.0337,-0.3600,-0.3216,0.0271,0.0693
217.50,0.3164,0.0315,0.2447,0.2879,-0.0688,-0.2127,-0.1558,0.0464,0.2218
218.00,0.4265,0.0575,0.2082,0.4027,-0.0936,-0.2400,0.0103,0.0579,0.1876
218.50,0.5391,0.0750,-0.0156,0.5050,-0.1284,-0.4559,0.0501,0.0711,-0.0298
219.00,0.6674,0.0790,-0.2050,0.6123,-0.1971,-0.6604,0.1507,0.0605,-0.2336
219.50,0.7697,0.0595,-0.2089,0.6954,-0.2644,-0.6753,0.2527,0.0451,-0.2478
220.00,0.8882,0.0460,-0.0624,0.7919,-0.3315,-0.5287,0.3736,0.0324,-0.0942
220.50,1.0182,0.0421,0.0033,0.9090,-0.3928,-0.4551,0.4895,0.0290,-0.0241
221.00,1.1481,0.0454,0.0193,1.0262,-0.4490,-0.4381,0.6355,0.0288,-0.0070
221.50,1.2781,0.0455,0.0080,1.1416,-0.5044,-0.4531,0.7508,0.0249,-0.0221
222.00,1.4081,0.0485,0.0299,1.2655,-0.5637,-0.4301,0.8762,0.0245,0.0036
222.50,1.5381,0.0477,0.0006,1.3816,-0.6184,-0.4586,0.9906,0.0280,-0.0241
223.00,1.6681,0.0453,0.0091,1.5002,-0.6788,-0.4601,1.1149,0.0195,-0.0270
223.50,1.7980,0.0491,0.0186,1.6148,-0.7328,-0.4428,1.2481,0.0192,-0.0060
224.00,1.9280,0.0490,0.0174,1.7312,-0.7901,-0.4519,1.3836,0.0166,-0.0174
224.50,2.0468,0.0541,0.0387,1.8455,-0.8429,-0.4266,1.4903,0.0166,0.0097
225.00,2.1084,0.0568,0.0467,1.9039,-0.8694,-0.4233,1.5521,0.0170,0.0130
225.50,2.1161,0.0638,0.1932,1.9175,-0.8750,-0.2876,1.5700,0.0175,0.1503
226.00,2.1162,0.0792,0.4106,1.9327,-0.8777,-0.0691,1.5849,0.0215,0.3689
226.50,2.1165,0.0925,0.5988,1.9472,-0.8775,0.1206,1.5979,0.0278,0.5586
227.00,2.1166,0.0950,0.6927,1.9505,-0.8770,0.2217,1.6007,0.0297,0.6597
227.50,2.1166,0.0948,0.6752,1.9505,-0.8770,0.2060,1.6007,0.0297,0.6440
228.00,2.1165,0.0940,0.6413,1.9493,-0.8773,0.1713,1.5998,0.0289,0.6093
228.50,2.1165,0.0928,0.6066,1.9483,-0.8774,0.1350,1.5989,0.0284,0.5730
229.00,2.1164,0.0912,0.5709,1.9467,-0.8776,0.0983,1.5975,0.0275,0.5363
229.50,2.1164,0.0891,0.5342,1.9444,-0.8778,0.0602,1.5955,0.0264,0.4982
230.00,2.1163,0.0865,0.4966,1.9421,-0.8779,0.0213,1.5934,0.0253,0.4593
230.50,2.1163,0.0835,0.4579,1.9393,-0.8779,-0.0182,1.5910,0.0241,0.4198
231.00,2.1162,0.0800,0.4182,1.9353,-0.8777,-0.0593,1.5873,0.0226,0.3787
231.50,2.1162,0.0760,0.3774,1.9299,-0.8773,-0.1012,1.5822,0.0207,0.3368
232.00,2.1162,0.0715,0.3354,1.9253,-0.8767,-0.1445,1.5778,0.0192,0.2935
232.50,2.1161,0.0666,0.2922,1.9214,-0.8761,-0.1886,1.5740,0.0182,0.2494
233.00,2.1161,0.0611,0.2476,1.9166,-0.8751,-0.2338,1.5692,0.0170,0.2042
233.50,2.1161,0.0574,0.2188,1.9131,-0.8742,-0.2663,1.5656,0.0164,0.1717
234.00,2.1161,0.0574,0.2188,1.9131,-0.8742,-0.2672,1.5656,0.0164,0.1708
234.50,2.1161,0.0574,0.2188,1.9131,-0.8742,-0.2680,1.5656,0.0164,0.1700
235.00,2.1161,0.0574,0.2188,1.9131,-0.8742,-0.2689,1.5656,0.0164,0.1691
235.50,2.1161,0.0598,0.2487,1.9149,-0.8746,-0.2435,1.5675,0.0167,0.1945
236.00,2.1161,0.0652,0.2932,1.9195,-0.8757,-0.2001,1.5721,0.0177,0.2379
236.50,2.1162,0.0702,0.3364,1.9239,-0.8765,-0.1577,1.5764,0.0188,0.2803
237.00,2.1162,0.0746,0.3784,1.9283,-0.8771,-0.1169,1.5807,0.0201,0.3211
237.50,2.1162,0.0786,0.4192,1.9315,-0.8774,-0.0768,1.5837,0.0212,0.3612
238.00,2.1163,0.0821,0.4589,1.9345,-0.8776,-0.0387,1.5864,0.0223,0.3993
238.50,2.1163,0.0851,0.4975,1.9381,-0.8777,-0.0007,1.5898,0.0238,0.4373
239.00,2.1164,0.0877,0.5351,1.9404,-0.8777,0.0361,1.5919,0.0248,0.4741
239.50,2.1164,0.0898,0.5717,1.9425,-0.8776,0.0716,1.5937,0.0258,0.5096
240.00,2.1165,0.0914,0.6074,1.9451,-0.8773,0.1060,1.5960,0.0271,0.5440
240.50,2.1165,0.0926,0.6422,1.9465,-0.8772,0.1401,1.5972,0.0278,0.5781
241.00,2.1166,0.0933,0.6760,1.9473,-0.8770,0.1729,1.5978,0.0282,0.6109
241.50,2.1167,0.0936,0.7090,1.9474,-0.8770,0.2047,1.5979,0.0283,0.6427
242.00,2.1166,0.0936,0.7416,1.9473,-0.8770,0.2360,1.5978,0.0283,0.6740
242.50,2.1163,0.0935,0.7751,1.9472,-0.8771,0.2689,1.5977,0.0282,0.7069
243.00,2.1164,0.0933,0.8093,1.9469,-0.8771,0.3019,1.5975,0.0280,0.7399
243.50,2.1164,0.0929,0.8424,1.9466,-0.8772,0.3340,1.5973,0.0278,0.7720
244.00,2.1164,0.0929,0.8749,1.9464,-0.8773,0.3655,1.5971,0.0276,0.8035
244.50,2.1159,0.0928,0.9082,1.9460,-0.8775,0.3973,1.5968,0.0273,0.8353
245.00,2.1150,0.0928,0.9425,1.9452,-0.8778,0.4303,1.5963,0.0266,0.8683
245.50,2.1136,0.0927,0.9776,1.9441,-0.8784,0.4645,1.5955,0.0257,0.9024
246.00,2.1118,0.0926,1.0136,1.9425,-0.8792,0.4996,1.5944,0.0243,0.9376
246.50,2.1096,0.0926,1.0507,1.9419,-0.8796,0.5357,1.5940,0.0237,0.9737
247.00,2.1068,0.0926,1.0887,1.9399,-0.8808,0.5725,1.5927,0.0218,1.0105
247.50,2.1036,0.0925,1.1277,1.9368,-0.8829,0.6104,1.5908,0.0185,1.0484
248.00,2.0999,0.0925,1.1678,1.9344,-0.8846,0.6496,1.5894,0.0159,1.0876
248.50,2.0957,0.0924,1.2091,1.9307,-0.8875,0.6895,1.5873,0.0118,1.1275
249.00,2.0911,0.0924,1.2515,1.9261,-0.8915,0.7309,1.5848,0.0062,1.1688
249.50,2.0859,0.0923,1.2952,1.9227,-0.8947,0.7734,1.5830,0.0018,1.2114
250.00,2.0803,0.0923,1.3403,1.9189,-0.8985,0.8168,1.5813,-0.0032,1.2548
250.50,2.0741,0.0923,1.3868,1.9151,-0.9028,0.8620,1.5796,-0.0087,1.3000
251.00,2.0675,0.0923,1.4348,1.9102,-0.9088,0.9088,1.5777,-0.0162,1.3468
251.50,2.0604,0.0923,1.4845,1.9059,-0.9145,0.9578,1.5763,-0.0232,1.3958
252.00,2.0529,0.0923,1.5361,1.9020,-0.9204,1.0081,1.5386,0.0303,1.4905
252.50,2.0449,0.0923,1.5895,1.9005,-0.9228,1.0600,1.5266,0.0455,1.5556
253.00,2.0372,0.0923,1.6417,1.9038,-0.9166,1.1109,1.5266,0.0525,1.6065
253.50,2.0300,0.0923,1.6919,1.9067,-0.9102,1.1606,1.5261,0.0596,1.6561
254.00,2.0232,0.0923,1.7405,1.9098,-0.9025,1.2080,1.5252,0.0678,1.7035
254.50,2.0169,0.0923,1.7874,1.9121,-0.8962,1.2536,1.5242,0.0745,1.7492
255.00,2.0111,0.0923,1.8329,1.9136,-0.8913,1.2982,1.5232,0.0794,1.7938
255.50,2.0083,0.0924,1.8643,1.9144,-0.8882,1.3291,1.5224,0.0825,1.8247
256.00,2.0059,0.0924,1.8796,1.9151,-0.8852,1.3494,1.5216,0.0856,1.8450
256.50,2.0109,0.0923,1.8356,1.9139,-0.8900,1.3037,1.5228,0.0808,1.7993
257.00,2.0167,0.0923,1.7902,1.9123,-0.8953,1.2585,1.5240,0.0753,1.7541
257.50,2.0229,0.0923,1.7434,1.9103,-0.9011,1.2104,1.5249,0.0692,1.7059
258.00,2.0296,0.0923,1.6949,1.9076,-0.9077,1.1606,1.5257,0.0621,1.6562
258.50,2.0368,0.0923,1.6448,1.9047,-0.9139,1.1094,1.5261,0.0554,1.6049
259.00,2.0445,0.0923,1.5927,1.9005,-0.9219,1.0562,1.5262,0.0463,1.5518
259.50,2.0525,0.0923,1.5393,1.9001,-0.9227,1.0010,1.5263,0.0454,1.4966
260.00,2.0601,0.0923,1.4876,1.9049,-0.9156,0.9487,1.5271,0.0539,1.4443
260.50,2.0672,0.0923,1.4378,1.9091,-0.9102,0.8971,1.5282,0.0607,1.3927
261.00,2.0739,0.0923,1.3896,1.9141,-0.9042,0.8483,1.5297,0.0684,1.3439
261.50,2.0800,0.0923,1.3431,1.9181,-0.8998,0.8005,1.5312,0.0742,1.2961
262.00,2.0857,0.0923,1.2979,1.9220,-0.8959,0.7545,1.5328,0.0794,1.2500
262.50,2.0909,0.0924,1.2541,1.9256,-0.8927,0.7096,1.5344,0.0840,1.2051
263.00,2.0956,0.0924,1.2116,1.9284,-0.8904,0.6657,1.5358,0.0873,1.1613
263.50,2.0998,0.0925,1.1703,1.9316,-0.8880,0.6230,1.5374,0.0909,1.1186
264.00,2.1035,0.0925,1.1301,1.9344,-0.8861,0.5813,1.5390,0.0939,1.0769
264.50,2.1067,0.0925,1.0910,1.9361,-0.8850,0.5407,1.5400,0.0957,1.0363
265.00,2.1095,0.0926,1.0529,1.9385,-0.8836,0.5016,1.5602,0.0555,1.0233
265.50,2.1118,0.0926,1.0158,1.9406,-0.8825,0.4630,1.5615,0.0575,0.9847
266.00,2.1136,0.0927,0.9797,1.9421,-0.8818,0.4260,1.5624,0.0588,0.9478
266.50,2.1150,0.0927,0.9445,1.9440,-0.8810,0.3898,1.5636,0.0605,0.9116
267.00,2.1160,0.0928,0.9103,1.9450,-0.8806,0.3541,1.5643,0.0613,0.8759
267.50,2.1165,0.0929,0.8769,1.9457,-0.8803,0.3197,1.5648,0.0619,0.8415
268.00,2.1165,0.0929,0.8443,1.9460,-0.8803,0.2862,1.5650,0.0621,0.8079
268.50,2.1165,0.0933,0.8113,1.9463,-0.8802,0.2523,1.5652,0.0623,0.7741
269.00,2.1164,0.0935,0.7772,1.9466,-0.8801,0.2171,1.5655,0.0625,0.7389
269.50,2.1167,0.0936,0.7435,1.9470,-0.8800,0.1822,1.5658,0.0628,0.7039
270.00,2.1168,0.0936,0.7110,1.9471,-0.8800,0.1483,1.5659,0.0629,0.6701
270.50,2.1167,0.0934,0.6780,1.9469,-0.8800,0.1146,1.5657,0.0627,0.6364
271.00,2.1167,0.0926,0.6442,1.9470,-0.8800,0.0802,1.5657,0.0628,0.6020
271.50,2.1166,0.0915,0.6095,1.9458,-0.8801,0.0445,1.5648,0.0621,0.5663
272.00,2.1166,0.0899,0.5739,1.9441,-0.8801,0.0079,1.5633,0.0613,0.5297
272.50,2.1165,0.0878,0.5373,1.9423,-0.8801,-0.0291,1.5618,0.0604,0.4927
273.00,2.1165,0.0853,0.4998,1.9394,-0.8800,-0.0679,1.5592,0.0590,0.4538
273.50,2.1164,0.0823,0.4612,1.9363,-0.8797,-0.1072,1.5564,0.0578,0.4146
274.00,2.1164,0.0789,0.4216,1.9330,-0.8793,-0.1474,1.5532,0.0565,0.3744
274.50,2.1163,0.0749,0.3809,1.9294,-0.8787,-0.1888,1.5499,0.0552,0.3329
275.00,2.1163,0.0705,0.3390,1.9253,-0.8778,-0.2318,1.5459,0.0539,0.2900
275.50,2.1163,0.0674,0.3119,1.9228,-0.8772,-0.2626,1.5434,0.0532,0.2591
276.00,2.1162,0.0640,0.2747,1.9196,-0.8763,-0.2976,1.5402,0.0524,0.2242
276.50,2.1162,0.0610,0.2501,1.9152,-0.8748,-0.3256,1.5356,0.0514,0.1961
277.00,2.1158,0.0608,0.2501,1.9151,-0.8748,-0.3264,1.5355,0.0514,0.1954
277.50,2.0860,0.0532,0.2501,1.8881,-0.8657,-0.3272,1.5075,0.0459,0.1945
278.00,2.0472,0.0433,0.2501,1.8494,-0.8525,-0.3280,1.4985,0.0015,0.2199
278.50,2.0085,0.0334,0.2501,1.8142,-0.8405,-0.3291,1.4623,-0.0066,0.2188
279.00,1.9697,0.0235,0.2501,1.7761,-0.8275,-0.3300,1.4161,-0.0157,0.2196
279.50,1.9310,0.0136,0.2501,1.7356,-0.8136,-0.3306,1.3743,-0.0250,0.2190
280.00,1.8922,0.0037,0.2501,1.6941,-0.7993,-0.3319,1.3315,-0.0345,0.2177
280.50,1.8563,-0.0054,0.2501,1.6586,-0.7871,-0.3330,1.3012,-0.0378,0.2202
281.00,1.8527,-0.0064,0.2501,1.6536,-0.7854,-0.3340,1.2960,-0.0390,0.2192
281.50,1.8527,-0.0064,0.2501,1.6536,-0.7854,-0.3353,1.2960,-0.0390,0.2178
282.00,1.8527,-0.0064,0.2501,1.6536,-0.7854,-0.3365,1.2960,-0.0390,0.2167
282.50,1.8527,-0.0064,0.2501,1.6536,-0.7854,-0.3373,1.2960,-0.0390,0.2159
283.00,1.8768,-0.0071,0.1822,1.6722,-0.7925,-0.3981,1.3156,-0.0353,0.1550
283.50,1.9636,-0.0171,-0.0312,1.7440,-0.8327,-0.6153,1.3978,-0.0318,-0.0621
284.00,2.0767,-0.0330,-0.1036,1.8366,-0.9062,-0.6994,1.5222,-0.0660,-0.1392
284.50,2.1315,-0.0386,-0.0896,1.8824,-0.9451,-0.6911,1.5719,-0.0802,-0.1257
285.00,2.1363,-0.0372,0.0841,1.8873,-0.9489,-0.5284,1.5781,-0.0808,0.0370
285.50,2.1365,-0.0273,0.3143,1.8964,-0.9527,-0.2928,1.5777,-0.0758,0.2795
286.00,2.1361,-0.0177,0.4137,1.9057,-0.9549,-0.1849,1.5868,-0.0726,0.3874
286.50,2.1080,-0.0299,0.4154,1.8775,-0.9496,-0.1836,1.5602,-0.0834,0.3887
287.00,2.0714,-0.0461,0.4154,1.8415,-0.9429,-0.1845,1.5263,-0.0973,0.3879
287.50,2.0348,-0.0622,0.4154,1.8021,-0.9356,-0.1851,1.4789,-0.1017,0.3838
288.00,1.9982,-0.0783,0.4154,1.7624,-0.9282,-0.1859,1.4415,-0.1168,0.3829
288.50,1.9616,-0.0945,0.4154,1.7233,-0.9208,-0.1870,1.4035,-0.1322,0.3845
289.00,1.9250,-0.1106,0.4154,1.6834,-0.9132,-0.1886,1.3655,-0.1477,0.3837
289.50,1.8888,-0.1266,0.4154,1.6452,-0.9060,-0.1890,1.3295,-0.1622,0.3833
290.00,1.8863,-0.1323,0.3538,1.6357,-0.9042,-0.2435,1.3172,-0.1664,0.3306
290.50,1.9439,-0.1387,0.1443,1.6848,-0.9224,-0.4539,1.3684,-0.1549,0.1202
291.00,2.0262,-0.1495,0.0223,1.7609,-0.9672,-0.5886,1.4640,-0.1762,-0.0145
291.50,2.0494,-0.1493,0.0199,1.7807,-0.9806,-0.5924,1.4879,-0.1876,-0.0130
292.00,2.0494,-0.1493,0.0199,1.7807,-0.9806,-0.5936,1.4879,-0.1876,-0.0142
292.50,2.0494,-0.1493,0.0199,1.7807,-0.9806,-0.5943,1.4879,-0.1876,-0.0149
293.00,2.0494,-0.1493,0.0199,1.7807,-0.9806,-0.5945,1.4879,-0.1876,-0.0152
293.50,2.0494,-0.1493,0.0199,1.7807,-0.9806,-0.5956,1.4879,-0.1876,-0.0163
294.00,2.0494,-0.1493,0.0199,1.7807,-0.9806,-0.5964,1.4879,-0.1876,-0.0170
294.50,2.0494,-0.1493,0.0199,1.7807,-0.9806,-0.5972,1.4879,-0.1876,-0.0179
295.00,2.0494,-0.1493,0.0199,1.7807,-0.9806,-0.5987,1.4879,-0.1876,-0.0194
295.50,2.0494,-0.1469,0.0542,1.7822,-0.9815,-0.5687,1.4897,-0.1876,0.0106
296.00,2.0494,-0.1396,0.1051,1.7874,-0.9847,-0.5190,1.4957,-0.1874,0.0604
296.50,2.0494,-0.1327,0.1542,1.7927,-0.9876,-0.4706,1.4894,-0.1810,0.1181
297.00,2.0494,-0.1262,0.2016,1.7978,-0.9901,-0.4246,1.4913,-0.1785,0.1670
297.50,2.0495,-0.1203,0.2475,1.8031,-0.9923,-0.3798,1.4970,-0.1774,0.2118
298.00,2.0495,-0.1148,0.2921,1.8080,-0.9942,-0.3363,1.5021,-0.1762,0.2552
298.50,2.0495,-0.1099,0.3353,1.8135,-0.9959,-0.2938,1.5076,-0.1746,0.2977
299.00,2.0496,-0.1054,0.3773,1.8173,-0.9970,-0.2531,1.5114,-0.1734,0.3385
299.50,2.0496,-0.1014,0.4181,1.8215,-0.9980,-0.2138,1.5154,-0.1719,0.3778
300.00,2.0497,-0.0979,0.4578,1.8258,-0.9989,-0.1751,1.5195,-0.1702,0.4165
300.50,2.0497,-0.0948,0.4965,1.8283,-0.9993,-0.1373,1.5218,-0.1691,0.4543
301.00,2.0498,-0.0923,0.5341,1.8306,-0.9996,-0.1004,1.5239,-0.1680,0.4911
301.50,2.0498,-0.0902,0.5708,1.8328,-0.9997,-0.0649,1.5258,-0.1670,0.5266
302.00,2.0499,-0.0885,0.6065,1.8344,-0.9998,-0.0305,1.4805,-0.1285,0.5750
302.50,2.0499,-0.0873,0.6413,1.8354,-0.9998,0.0039,1.4813,-0.1280,0.6095
303.00,2.0500,-0.0866,0.6752,1.8361,-0.9998,0.0365,1.4818,-0.1276,0.6420
303.50,2.0500,-0.0863,0.7082,1.8367,-0.9998,0.0687,1.4823,-0.1272,0.6742
304.00,2.0500,-0.0863,0.7407,1.8369,-0.9998,0.1002,1.4825,-0.1271,0.7057
304.50,2.0497,-0.0864,0.7742,1.8367,-0.9998,0.1328,1.4823,-0.1272,0.7384
305.00,2.0497,-0.0865,0.7959,1.8366,-0.9998,0.1552,1.4822,-0.1273,0.7607
305.50,2.0497,-0.0865,0.7965,1.8366,-0.9998,0.1542,1.4822,-0.1273,0.7597
306.00,2.0498,-0.0870,0.8691,1.8361,-0.9999,0.2196,1.4819,-0.1276,0.8251
306.50,2.0490,-0.0870,0.9201,1.8358,-1.0000,0.2779,1.4817,-0.1279,0.8834
307.00,2.0482,-0.0871,0.9496,1.8350,-1.0002,0.3033,1.4811,-0.1285,0.9088
307.50,2.0467,-0.0871,0.9849,1.8338,-1.0006,0.3381,1.4804,-0.1295,0.9436
308.00,2.0448,-0.0872,1.0212,1.8317,-1.0014,0.3733,1.4791,-0.1313,0.9788
308.50,2.0425,-0.0872,1.0584,1.8302,-1.0020,0.4096,1.4782,-0.1327,1.0151
309.00,2.0396,-0.0873,1.0966,1.8277,-1.0031,0.4466,1.4768,-0.1350,1.0521
309.50,2.0363,-0.0873,1.1359,1.8244,-1.0048,0.4850,1.4751,-0.1383,1.0905
310.00,2.0325,-0.0874,1.1762,1.8212,-1.0065,0.5245,1.4735,-0.1415,1.1301
310.50,2.0282,-0.0874,1.2177,1.8177,-1.0087,0.5653,1.4718,-0.1453,1.1708
311.00,2.0235,-0.0875,1.2604,1.8133,-1.0116,0.6068,1.4698,-0.1502,1.2123
311.50,2.0182,-0.0875,1.3044,1.8078,-1.0156,0.6493,1.4676,-0.1566,1.2549
312.00,2.0125,-0.0875,1.3497,1.8027,-1.0196,0.6932,1.4657,-0.1628,1.2988
312.50,2.0063,-0.0875,1.3965,1.7978,-1.0239,0.7385,1.4641,-0.1691,1.3441
313.00,1.9996,-0.0876,1.4449,1.7926,-1.0289,0.7856,1.4626,-0.1762,1.3912
313.50,1.9924,-0.0876,1.4950,1.7878,-1.0339,0.8347,1.4459,-0.1339,1.4611
314.00,1.9847,-0.0876,1.5469,1.7830,-1.0395,0.8856,1.4452,-0.1412,1.5120
314.50,1.9767,-0.0876,1.6004,1.7828,-1.0396,0.9382,1.4452,-0.1414,1.5647
315.00,1.9691,-0.0876,1.6521,1.7868,-1.0339,0.9891,1.4450,-0.1345,1.6155
315.50,1.9620,-0.0876,1.7020,1.7906,-1.0277,1.0384,1.4445,-0.1273,1.6649
316.00,1.9553,-0.0875,1.7502,1.7937,-1.0223,1.0860,1.4438,-0.1211,1.7124
316.50,1.9491,-0.0875,1.7969,1.7966,-1.0164,1.1316,1.4427,-0.1146,1.7581
317.00,1.9435,-0.0875,1.8421,1.7994,-1.0102,1.1755,1.4413,-0.1079,1.8020
317.50,1.9383,-0.0874,1.8859,1.8014,-1.0049,1.2186,1.4399,-0.1024,1.8450
318.00,1.9335,-0.0874,1.9285,1.8030,-1.0004,1.2599,1.4385,-0.0979,1.8864
318.50,1.9293,-0.0874,1.9698,1.8043,-0.9961,1.3000,1.4371,-0.0936,1.9265
319.00,1.9256,-0.0873,2.0101,1.8051,-0.9931,1.3391,1.4359,-0.0907,1.9656
319.50,1.9223,-0.0873,2.0492,1.8057,-0.9900,1.3778,1.4347,-0.0878,2.0042
320.00,1.9195,-0.0872,2.0873,1.8063,-0.9867,1.4149,1.4332,-0.0848,2.0414
320.50,1.9172,-0.0872,2.1244,1.8067,-0.9838,1.4516,1.4318,-0.0822,2.0780
321.00,1.9154,-0.0871,2.1606,1.8069,-0.9822,1.4869,1.4310,-0.0808,2.1133
321.50,1.9140,-0.0871,2.1958,1.8070,-0.9811,1.5209,1.3603,-0.1183,2.1631
322.00,1.9130,-0.0870,2.2301,1.8070,-0.9800,1.5538,1.3597,-0.1174,2.1960
322.50,1.9125,-0.0870,2.2635,1.8070,-0.9792,1.5864,1.3592,-0.1167,2.2286
323.00,1.9124,-0.0869,2.2961,1.8070,-0.9790,1.6185,1.3591,-0.1165,2.2607
323.50,1.9125,-0.0872,2.3291,1.8070,-0.9792,1.6504,1.3592,-0.1167,2.2925
324.00,1.9125,-0.0873,2.3632,1.8070,-0.9792,1.6837,1.3592,-0.1167,2.3258
324.50,1.9094,-0.0838,2.4067,1.8066,-0.9763,1.7217,1.3572,-0.1146,2.3638
325.00,1.8656,-0.0512,2.5481,1.7961,-0.9279,1.8568,1.3197,-0.0822,2.4990
325.50,1.7652,-0.0046,2.7072,1.7559,-0.8240,2.0187,1.2180,-0.0287,2.6713
326.00,1.6454,0.0413,2.7548,1.6935,-0.7065,2.0745,1.0904,0.0167,2.7288
326.50,1.5268,0.0955,2.6640,1.6339,-0.5890,1.9865,0.9715,0.0735,2.6391
327.00,1.4143,0.1588,2.5761,1.5860,-0.4650,1.8956,0.8630,0.1430,2.5483
327.50,1.3055,0.2297,2.5631,1.5446,-0.3344,1.8751,0.7617,0.2161,2.5305
328.00,1.1957,0.2983,2.5797,1.5038,-0.2106,1.8950,0.6509,0.2797,2.5511
328.50,1.0868,0.3703,2.5542,1.4653,-0.0889,1.8654,0.5574,0.3526,2.5232
329.00,0.9792,0.4439,2.5382,1.4264,0.0430,1.8474,0.4498,0.4354,2.5088
329.50,0.8706,0.5144,2.6006,1.3876,0.1702,1.9019,0.3358,0.5087,2.5621
330.00,0.7557,0.5762,2.7027,1.3377,0.2927,2.0086,0.2253,0.5712,2.6735
330.50,0.6380,0.6325,2.6797,1.2802,0.4146,1.9922,0.1246,0.6283,2.6571
331.00,0.5245,0.6965,2.5799,1.2327,0.5357,1.8919,0.0151,0.6949,2.5567
331.50,0.4175,0.7697,2.5003,1.1974,0.6597,1.8101,-0.0745,0.7707,2.4723
332.00,0.3210,0.8498,2.3631,1.1740,0.7850,1.6783,-0.1758,0.8553,2.3431
332.50,0.2617,0.9189,2.1559,1.1733,0.8803,1.4667,-0.2262,0.9304,2.1324
333.00,0.2342,0.9527,2.0390,1.1808,0.9272,1.3408,-0.2478,0.9623,2.0100
333.50,0.2342,0.9533,1.9989,1.1811,0.9288,1.2999,-0.2485,0.9637,1.9691
334.00,0.2381,0.9533,1.9584,1.1800,0.9254,1.2581,-0.2473,0.9604,1.9273
334.50,0.2425,0.9532,1.9167,1.1781,0.9202,1.2152,-0.2455,0.9551,1.8844
335.00,0.2473,0.9532,1.8738,1.1765,0.9161,1.1710,-0.2443,0.9509,1.8402
335.50,0.2522,0.9532,1.8330,1.1745,0.9118,1.1250,-0.2431,0.9463,1.7942
336.00,0.2490,0.9532,1.8675,1.1755,0.9141,1.1564,-0.2438,0.9487,1.8256
336.50,0.2441,0.9532,1.9106,1.1774,0.9186,1.1983,-0.2451,0.9535,1.8675
337.00,0.2397,0.9532,1.9525,1.1793,0.9236,1.2391,-0.2467,0.9585,1.9083
337.50,0.2357,0.9533,1.9932,1.1808,0.9284,1.2791,-0.2485,0.9633,1.9483
338.00,0.2323,0.9533,2.0328,1.1817,0.9314,1.3172,-0.2497,0.9661,1.9864
338.50,0.2293,0.9534,2.0713,1.1824,0.9346,1.3545,-0.2511,0.9691,2.0237
339.00,0.2268,0.9534,2.1088,1.1829,0.9369,1.3910,-0.2522,0.9712,2.0602
339.50,0.2247,0.9535,2.1454,1.1832,0.9389,1.4263,-0.2531,0.9730,2.0955
340.00,0.2231,0.9535,2.1810,1.1834,0.9401,1.4603,-0.2537,0.9740,2.1295
340.50,0.2220,0.9536,2.2157,1.1835,0.9412,1.4937,-0.2544,0.9750,2.1629
341.00,0.2213,0.9536,2.2495,1.1835,0.9419,1.5264,-0.2547,0.9755,2.1956
341.50,0.2210,0.9537,2.2824,1.1835,0.9423,1.5587,-0.2550,0.9758,2.2279
342.00,0.2211,0.9536,2.3150,1.1835,0.9424,1.5900,-0.2550,0.9759,2.2592
342.50,0.2211,0.9534,2.3486,1.1836,0.9422,1.6222,-0.2549,0.9758,2.2914
343.00,0.2214,0.9534,2.3827,1.1836,0.9421,1.6556,-0.2548,0.9757,2.3249
343.50,0.2217,0.9535,2.4158,1.1836,0.9415,1.6877,-0.2544,0.9753,2.3569
344.00,0.2218,0.9534,2.4483,1.1836,0.9414,1.7184,-0.2544,0.9752,2.3876
344.50,0.2219,0.9529,2.4817,1.1837,0.9411,1.7510,-0.2541,0.9749,2.4202
345.00,0.2219,0.9519,2.5160,1.1838,0.9404,1.7845,-0.2536,0.9745,2.4537
345.50,0.2220,0.9505,2.5512,1.1843,0.9384,1.8182,-0.2520,0.9732,2.4874
346.00,0.2220,0.9487,2.5874,1.1846,0.9372,1.8532,-0.2510,0.9725,2.5225
346.50,0.2221,0.9464,2.6244,1.1854,0.9347,1.8887,-0.2488,0.9710,2.5579
347.00,0.2221,0.9436,2.6625,1.1868,0.9307,1.9257,-0.2452,0.9687,2.5949
347.50,0.2222,0.9404,2.7017,1.1879,0.9278,1.9636,-0.2425,0.9671,2.6328
348.00,0.2222,0.9366,2.7419,1.1895,0.9243,2.0029,-0.2392,0.9653,2.6721
348.50,0.2222,0.9324,2.7832,1.1917,0.9197,2.0437,-0.2346,0.9632,2.7129
349.00,0.2223,0.9277,2.8258,1.1943,0.9148,2.0850,-0.2295,0.9609,2.7542
349.50,0.2223,0.9225,2.8696,1.1971,0.9101,2.1278,-0.2244,0.9590,2.7970
350.00,0.2223,0.9168,2.9147,1.2002,0.9054,2.1715,-0.2191,0.9572,2.8407
350.50,0.2224,0.9107,2.9613,1.2035,0.9007,2.2166,-0.2135,0.9556,2.8858
351.00,0.2224,0.9040,3.0095,1.2081,0.8949,2.2638,-0.2063,0.9539,2.9330
351.50,0.2224,0.8969,3.0594,1.2129,0.8894,2.3122,-0.1991,0.9525,2.9814
352.00,0.2224,0.8893,3.1111,1.2189,0.8832,2.3630,-0.1906,0.9514,3.0323
352.50,0.2114,0.8803,-3.1030,1.2128,0.8885,2.4323,-0.2728,0.9022,-3.1319
353.00,0.1638,0.8759,-3.0772,1.1752,0.9201,2.4535,-0.3219,0.9011,-3.1108
353.50,0.0715,0.8646,-2.9705,1.1051,0.9711,2.5641,-0.4107,0.8824,-2.9975
354.00,-0.0554,0.8428,-2.8966,0.9949,1.0373,2.6398,-0.5531,0.8604,-2.9267
354.50,-0.1806,0.8117,-2.8519,0.8807,1.0967,2.6847,-0.6576,0.8261,-2.8807
355.00,-0.3047,0.7714,-2.8184,0.7628,1.1529,2.7163,-0.7950,0.7947,-2.8468
355.50,-0.4269,0.7226,-2.7644,0.6405,1.2049,2.7690,-0.9295,0.7535,-2.7941
356.00,-0.5479,0.6758,-2.8001,0.5190,1.2526,2.7415,-1.0197,0.7070,-2.8192
356.50,-0.6732,0.6379,-2.9655,0.3979,1.3151,2.5758,-1.1785,0.6742,-2.9899
357.00,-0.8023,0.6101,-3.0772,0.2887,1.3947,2.4575,-1.3125,0.6625,-3.1048
357.50,-0.9321,0.5999,-3.0689,0.1900,1.4774,2.4569,-1.4440,0.6497,-3.1018
358.00,-1.0615,0.5862,-3.0469,0.0869,1.5584,2.4849,-1.5609,0.6319,-3.0721
358.50,-1.1913,0.5801,-3.1260,-0.0127,1.6413,2.4016,-1.6983,0.6272,3.1261
359.00,-1.3212,0.5764,-3.0988,-0.1141,1.7337,2.4211,-1.8253,0.6290,-3.1324
359.50,-1.4511,0.5689,-3.0955,-0.2097,1.8151,2.4290,-1.9381,0.6260,-3.1210
360.00,-1.5808,0.5601,-3.0442,-0.3101,1.9002,2.4716,-2.0758,0.6217,-3.0784
360.50,-1.7091,0.5421,-2.9190,-0.4171,1.9753,2.5968,-2.2165,0.6060,-2.9497
361.00,-1.8345,0.5148,-2.8377,-0.5282,2.0358,2.6804,-2.3351,0.5764,-2.8643
361.50,-1.9579,0.4769,-2.8297,-0.6471,2.0923,2.6955,-2.4625,0.5481,-2.8510
362.00,-2.0835,0.4431,-2.9343,-0.7635,2.1557,2.5870,-2.5936,0.5165,-2.9630
362.50,-2.2108,0.4150,-2.9227,-0.8786,2.2282,2.5899,-2.7299,0.4936,-2.9566
363.00,-2.3367,0.3790,-2.8470,-0.9923,2.2931,2.6647,-2.8555,0.4657,-2.8748
363.50,-2.4602,0.3366,-2.8219,-1.1121,2.3515,2.6966,-2.9733,0.4202,-2.8438
364.00,-2.5852,0.3017,-2.9156,-1.2278,2.4125,2.6002,-3.0947,0.3893,-2.9428
364.50,-2.7123,0.2749,-2.9463,-1.3406,2.4826,2.5675,-3.2354,0.3654,-2.9720
365.00,-2.8395,0.2479,-2.8999,-1.4515,2.5535,2.6039,-3.3650,0.3425,-2.9356
365.50,-2.9569,0.2136,-2.8364,-1.5605,2.6123,2.6747,-3.4649,0.3121,-2.8613
366.00,-3.0314,0.1893,-2.9290,-1.6313,2.6503,2.5905,-3.5627,0.2919,-2.9456
366.50,-3.1114,0.1736,3.1074,-1.6913,2.6982,2.3422,-3.6392,0.2857,3.0859
367.00,-3.2355,0.1743,3.0005,-1.7714,2.7937,2.2221,-3.7628,0.2844,2.9685
367.50,-3.3646,0.1888,3.0820,-1.8522,2.8954,2.2911,-3.8911,0.2925,3.0452
368.00,-3.4943,0.1944,-3.0364,-1.9475,2.9857,2.4638,-4.0173,0.2984,-3.0626
368.50,-3.6235,0.1825,-3.0543,-2.0502,3.0667,2.4563,-4.1477,0.2966,-3.0728
369.00,-3.7534,0.1763,-3.1346,-2.1492,3.1552,2.3711,-4.2703,0.2934,3.1245
369.50,-3.8833,0.1792,3.0966,-2.2375,3.2469,2.3119,-4.3975,0.2998,3.0661
370.00,-4.0132,0.1823,3.1123,-2.3214,3.3367,2.3296,-4.5123,0.3082,3.0864
370.50,-4.1418,0.1911,3.0812,-2.4132,3.4364,2.2951,-4.6653,0.3180,3.0562
371.00,-4.2284,0.1950,3.1231,-2.4730,3.5024,2.3338,-4.7341,0.3244,3.0914
371.50,-4.2529,0.1919,-3.1078,-2.4911,3.5207,2.3863,-4.7698,0.3257,-3.1357
372.00,-4.2529,0.1843,-3.0562,-2.4961,3.5253,2.4365,-4.7566,0.3256,-3.0856
372.50,-4.2529,0.1772,-3.0064,-2.5016,3.5297,2.4852,-4.7636,0.3250,-3.0368
373.00,-4.2529,0.1706,-2.9584,-2.5070,3.5338,2.5324,-4.7703,0.3242,-2.9896
373.50,-4.2529,0.1645,-2.9118,-2.5118,3.5369,2.5788,-4.7760,0.3232,-2.9433
374.00,-4.2530,0.1588,-2.8668,-2.5169,3.5400,2.6229,-4.7818,0.3219,-2.8992
374.50,-4.2530,0.1537,-2.8230,-2.5217,3.5427,2.6655,-4.7871,0.3205,-2.8565
375.00,-4.2630,0.1473,-2.7550,-2.5313,3.5473,2.7281,-4.7972,0.3172,-2.7940
375.50,-4.3243,0.1242,-2.6446,-2.5929,3.5692,2.8462,-4.8370,0.2510,-2.6724
376.00,-4.4318,0.0663,-2.6460,-2.7101,3.6045,2.8443,-4.9415,0.2054,-2.6743
376.50,-4.5447,0.0006,-2.5802,-2.8413,3.6417,2.9063,-5.0565,0.1414,-2.6123
377.00,-4.6537,-0.0707,-2.5694,-2.9626,3.6685,2.9220,-5.1627,0.0769,-2.5931
377.50,-4.7629,-0.1414,-2.5539,-3.0926,3.6979,2.9313,-5.2865,0.0077,-2.5838
378.00,-4.8702,-0.2155,-2.5490,-3.2246,3.7241,2.9431,-5.3975,-0.0649,-2.5693
378.50,-4.9789,-0.2862,-2.5640,-3.3530,3.7521,2.9205,-5.5114,-0.1344,-2.5946
379.00,-5.0861,-0.3606,-2.4973,-3.4844,3.7789,2.9798,-5.6116,-0.2061,-2.5326
379.50,-5.1878,-0.4421,-2.4600,-3.6209,3.7968,3.0246,-5.7151,-0.2882,-2.4835
380.00,-5.2892,-0.5233,-2.4717,-3.7517,3.8132,3.0123,-5.8100,-0.3680,-2.4958
380.50,-5.3916,-0.6032,-2.4766,-3.8820,3.8312,3.0022,-5.9257,-0.4464,-2.5059
381.00,-5.4915,-0.6864,-2.4027,-4.0160,3.8466,3.0705,-6.0225,-0.5211,-2.4349
381.50,-5.5815,-0.7793,-2.2658,-4.1397,3.8479,-3.0818,-6.1114,-0.6049,-2.3067
382.00,-5.6605,-0.8849,-2.0833,-4.2690,3.8285,-2.8977,-6.1982,-0.7189,-2.1165
382.50,-5.7260,-1.0014,-1.9756,-4.4039,3.7871,-2.7917,-6.2671,-0.8433,-2.0097
383.00,-5.7813,-1.1232,-1.7560,-4.5237,3.7311,-2.5811,-6.3148,-0.9574,-1.7982
383.50,-5.8231,-1.2519,-1.5103,-4.6304,3.6440,-2.3351,-6.3572,-1.0843,-1.5461
384.00,-5.8260,-1.3803,-1.3513,-4.7086,3.5455,-2.1660,-6.3800,-1.2091,-1.3762
384.50,-5.7992,-1.5070,-1.3690,-4.7826,3.4340,-2.1740,-6.3652,-1.3402,-1.3850
385.00,-5.7785,-1.6356,-1.4854,-4.8643,3.3289,-2.2956,-6.3559,-1.4645,-1.5100
385.50,-5.7677,-1.7652,-1.5043,-4.9490,3.2369,-2.3197,-6.3531,-1.5871,-1.5306
386.00,-5.7631,-1.8903,-1.5450,-5.0340,3.1477,-2.3596,-6.3398,-1.7180,-1.5705
386.50,-5.7658,-1.9644,-1.5967,-5.0940,3.0909,-2.4142,-6.3422,-1.8029,-1.6225
387.00,-5.7729,-1.9792,-1.6478,-5.1102,3.0770,-2.4672,-6.3438,-1.8241,-1.6747
387.50,-5.7801,-1.9793,-1.6978,-5.1157,3.0728,-2.5186,-6.3446,-1.8310,-1.7260
388.00,-5.7868,-1.9793,-1.7462,-5.1212,3.0690,-2.5691,-6.3458,-1.8377,-1.7766
388.50,-5.7930,-1.9793,-1.7929,-5.1269,3.0655,-2.6166,-6.3473,-1.8442,-1.8241
389.00,-5.7987,-1.9793,-1.8382,-5.1321,3.0626,-2.6635,-6.3489,-1.8498,-1.8710
389.50,-5.8040,-1.9794,-1.8822,-5.1369,3.0602,-2.7088,-6.3506,-1.8550,-1.9162
390.00,-5.8087,-1.9794,-1.9248,-5.1400,3.0589,-2.7523,-6.3764,-1.8267,-1.9518
390.50,-5.8130,-1.9794,-1.9663,-5.1447,3.0570,-2.7954,-6.3857,-1.8221,-1.9924
391.00,-5.8168,-1.9795,-2.0066,-5.1484,3.0558,-2.8369,-6.3873,-1.8256,-2.0339
391.50,-5.8201,-1.9795,-2.0459,-5.1515,3.0549,-2.8768,-6.3888,-1.8284,-2.0738
392.00,-5.8229,-1.9796,-2.0841,-5.1538,3.0543,-2.9160,-6.3900,-1.8304,-2.1130
392.50,-5.8252,-1.9796,-2.1213,-5.1556,3.0540,-2.9543,-6.3910,-1.8320,-2.1513
393.00,-5.8271,-1.9797,-2.1575,-5.1572,3.0537,-2.9921,-6.3919,-1.8334,-2.1891
393.50,-5.8286,-1.9797,-2.1928,-5.1580,3.0536,-3.0286,-6.3924,-1.8340,-2.2256
394.00,-5.8296,-1.9798,-2.2272,-5.1593,3.0534,-3.0646,-6.3932,-1.8350,-2.2616
394.50,-5.8301,-1.9798,-2.2607,-5.1600,3.0534,-3.0989,-6.3937,-1.8356,-2.2959
395.00,-5.8302,-1.9799,-2.2933,-5.1601,3.0534,-3.1331,-6.3937,-1.8356,-2.3301
395.50,-5.8302,-1.9802,-2.3262,-5.1601,3.0534,3.1162,-6.3937,-1.8357,-2.3640
396.00,-5.8301,-1.9805,-2.3602,-5.1604,3.0534,3.0808,-6.3940,-1.8359,-2.3994
396.50,-5.8304,-1.9805,-2.3940,-5.1607,3.0534,3.0460,-6.3942,-1.8360,-2.4342
397.00,-5.8305,-1.9806,-2.4267,-5.1613,3.0535,3.0123,-6.3946,-1.8364,-2.4678
397.50,-5.8304,-1.9804,-2.4595,-5.1611,3.0535,2.9787,-6.3945,-1.8363,-2.5015
398.00,-5.8304,-1.9797,-2.4932,-5.1604,3.0534,2.9435,-6.3939,-1.8359,-2.5367
398.50,-5.8303,-1.9786,-2.5278,-5.1595,3.0532,2.9084,-6.3932,-1.8354,-2.5718
399.00,-5.8302,-1.9771,-2.5633,-5.1578,3.0527,2.8722,-6.3916,-1.8345,-2.6080
399.50,-5.8302,-1.9751,-2.5997,-5.1558,3.0521,2.8349,-6.3898,-1.8334,-2.6453
400.00,-5.8301,-1.9726,-2.6372,-5.1537,3.0514,2.7962,-6.3879,-1.8324,-2.6840
400.50,-5.8301,-1.9697,-2.6756,-5.1512,3.0504,2.7566,-6.3854,-1.8313,-2.7236
401.00,-5.8301,-1.9663,-2.7151,-5.1469,3.0486,2.7158,-6.3812,-1.8295,-2.7644
401.50,-5.8300,-1.9624,-2.7557,-5.1433,3.0469,2.6746,-6.3774,-1.8281,-2.8056
402.00,-5.8300,-1.9580,-2.7974,-5.1402,3.0453,2.6312,-6.3741,-1.8270,-2.8490
402.50,-5.8299,-1.9531,-2.8404,-5.1368,3.0432,2.5872,-6.3702,-1.8259,-2.8930
403.00,-5.8299,-1.9478,-2.8846,-5.1324,3.0404,2.5420,-6.3651,-1.8247,-2.9382
403.50,-5.8299,-1.9419,-2.9303,-5.1271,3.0366,2.4958,-6.3587,-1.8236,-2.9844
404.00,-5.8299,-1.9356,-2.9774,-5.1224,3.0329,2.4480,-6.3528,-1.8228,-3.0322
404.50,-5.8298,-1.9288,-3.0261,-5.1160,3.0273,2.3980,-6.3444,-1.8220,-3.0822
405.00,-5.8298,-1.9215,-3.0766,-5.1100,3.0215,2.3471,-6.3359,-1.8217,-3.1331
405.50,-5.8298,-1.9138,-3.1290,-5.1046,3.0158,2.2942,-6.3984,-1.7546,3.1321
406.00,-5.8298,-1.9058,3.1009,-5.1062,3.0178,2.2401,-6.4009,-1.7544,3.0780
406.50,-5.8298,-1.8983,3.0495,-5.1096,3.0224,2.1872,-6.4066,-1.7539,3.0251
407.00,-5.8298,-1.8913,3.0000,-5.1145,3.0296,2.1367,-6.4152,-1.7526,2.9746
407.50,-5.8299,-1.8847,2.9522,-5.1175,3.0346,2.0880,-6.4209,-1.7515,2.9259
408.00,-5.8033,-1.8891,2.9455,-5.1056,3.0133,2.0770,-6.3972,-1.7569,2.9149
408.50,-5.7640,-1.8969,2.9455,-5.0864,2.9786,2.0761,-6.3586,-1.7659,2.9139
409.00,-5.7248,-1.9047,2.9455,-5.0639,2.9380,2.0753,-6.3030,-1.7447,2.9202
409.50,-5.6856,-1.9125,2.9455,-5.0447,2.9032,2.0742,-6.2642,-1.7535,2.9190
410.00,-5.6463,-1.9203,2.9455,-5.0253,2.8679,2.0733,-6.2347,-1.7616,2.9217
410.50,-5.6071,-1.9281,2.9455,-5.0064,2.8334,2.0721,-6.1964,-1.7702,2.9205
411.00,-5.5691,-1.9356,2.9455,-4.9875,2.7988,2.0706,-6.1480,-1.7797,2.9154
411.50,-5.5629,-1.9354,2.9067,-4.9841,2.7928,2.0331,-6.1413,-1.7813,2.8780
412.00,-5.5629,-1.9298,2.8618,-4.9863,2.7974,1.9869,-6.1462,-1.7798,2.8317
412.50,-5.5630,-1.9247,2.8182,-4.9881,2.8017,1.9427,-6.1506,-1.7783,2.7876
413.00,-5.5630,-1.9201,2.7758,-4.9894,2.8052,1.8996,-6.1541,-1.7769,2.7445
413.50,-5.5630,-1.9160,2.7347,-4.9906,2.8089,1.8575,-6.1577,-1.7753,2.7023
414.00,-5.5631,-1.9123,2.6947,-4.9914,2.8120,1.8166,-6.1606,-1.7739,2.6614
414.50,-5.5631,-1.9092,2.6557,-4.9920,2.8148,1.7769,-6.1631,-1.7725,2.6217
415.00,-5.5632,-1.9065,2.6178,-4.9926,2.8177,1.7374,-6.1656,-1.7710,2.5822
415.50,-5.5632,-1.9043,2.5809,-4.9930,2.8205,1.6994,-6.1679,-1.7695,2.5442
416.00,-5.5633,-1.9025,2.5449,-4.9932,2.8220,1.6616,-6.1692,-1.7686,2.5065
416.50,-5.5633,-1.9012,2.5099,-4.9933,2.8234,1.6256,-6.1703,-1.7678,2.4705
417.00,-5.5634,-1.9003,2.4758,-4.9933,2.8241,1.5902,-6.1708,-1.7673,2.4351
417.50,-5.5634,-1.8999,2.4425,-4.9933,2.8244,1.5562,-6.1711,-1.7671,2.4011
418.00,-5.5635,-1.8999,2.4100,-4.9933,2.8248,1.5227,-6.1714,-1.7668,2.3676
418.50,-5.5639,-1.8999,2.3768,-4.9933,2.8253,1.4880,-6.1717,-1.7665,2.3329
419.00,-5.5641,-1.8999,2.3426,-4.9932,2.8255,1.4527,-6.1719,-1.7663,2.2976
419.50,-5.5642,-1.8996,2.3092,-4.9932,2.8256,1.4181,-6.1719,-1.7663,2.2629
420.00,-5.5642,-1.8996,2.2766,-4.9932,2.8257,1.3840,-6.1720,-1.7662,2.2289
420.50,-5.5638,-1.8997,2.2436,-4.9933,2.8252,1.3497,-6.1717,-1.7666,2.1945
421.00,-5.5631,-1.8997,2.2096,-4.9934,2.8248,1.3148,-6.1714,-1.7669,2.1597
421.50,-5.5619,-1.8998,2.1748,-4.9937,2.8237,1.2795,-6.1708,-1.7679,2.1244
422.00,-5.5690,-1.8833,2.0959,-4.9892,2.8368,1.2066,-6.1776,-1.7558,2.0515
422.50,-5.5886,-1.8100,1.9200,-4.9571,2.9012,1.0279,-6.1868,-1.6648,1.8916
423.00,-5.6205,-1.6887,1.8628,-4.8860,3.0076,0.9597,-6.1963,-1.5344,1.8325
423.50,-5.6633,-1.5657,1.9636,-4.8151,3.1162,1.0518,-6.2238,-1.4103,1.9246
424.00,-5.7157,-1.4482,2.0372,-4.7573,3.2308,1.1349,-6.2766,-1.2923,2.0120
424.50,-5.7705,-1.3376,1.9628,-4.7009,3.3455,1.0670,-6.3264,-1.1756,1.9432
425.00,-5.8158,-1.2591,1.7195,-4.6493,3.4213,0.8306,-6.3519,-1.0877,1.7034
425.50,-5.8523,-1.1701,1.3902,-4.5757,3.4784,0.4986,-6.3782,-1.0045,1.3714
426.00,-5.8584,-1.0901,1.1113,-4.4964,3.5088,0.2153,-6.3957,-0.9244,1.0908
426.50,-5.8168,-1.0084,0.8783,-4.4078,3.5169,-0.0215,-6.3696,-0.8511,0.8548
427.00,-5.7264,-0.9167,0.7024,-4.2744,3.5018,-0.2032,-6.2825,-0.7583,0.6766
427.50,-5.6231,-0.8363,0.6140,-4.1492,3.4687,-0.2991,-6.1728,-0.6786,0.5859
428.00,-5.5160,-0.7628,0.5933,-4.0246,3.4289,-0.3203,-6.0629,-0.6026,0.5678
428.50,-5.4083,-0.6948,0.4788,-3.8996,3.3816,-0.4276,-5.9566,-0.5354,0.4609
429.00,-5.3026,-0.6355,0.2229,-3.7907,3.3158,-0.6822,-5.8368,-0.4941,0.2063
429.50,-5.1744,-0.5900,-0.0162,-3.6944,3.2157,-0.9271,-5.7097,-0.4613,-0.0404
430.00,-5.0449,-0.5854,-0.1173,-3.6186,3.0995,-1.0393,-5.5794,-0.4442,-0.1464
430.50,-4.9159,-0.6024,-0.1320,-3.5540,2.9874,-1.0555,-5.4590,-0.4520,-0.1600
431.00,-4.7870,-0.6149,-0.0537,-3.4863,2.8730,-0.9898,-5.3310,-0.4707,-0.0930
431.50,-4.6575,-0.6188,0.1666,-3.4050,2.7741,-0.7681,-5.2033,-0.4693,0.1326
432.00,-4.5379,-0.6024,0.2378,-3.3110,2.6922,-0.6872,-5.0818,-0.4642,0.2153
432.50,-4.4326,-0.5820,0.1337,-3.2267,2.6185,-0.7817,-4.9826,-0.4457,0.1181
433.00,-4.3083,-0.5707,-0.0801,-3.1477,2.5188,-1.0032,-4.8554,-0.4455,-0.1078
433.50,-4.1791,-0.5788,-0.1176,-3.0817,2.4058,-1.0539,-4.7267,-0.4571,-0.1514
434.00,-4.0495,-0.5884,0.0333,-3.0073,2.2899,-0.9115,-4.5951,-0.4607,-0.0038
434.50,-3.9203,-0.5859,0.1507,-2.9179,2.1907,-0.7842,-4.4769,-0.4513,0.1270
435.00,-3.7916,-0.5696,0.1181,-2.8266,2.0978,-0.8179,-4.3500,-0.4500,0.0894
435.50,-3.6622,-0.5587,0.0727,-2.7395,2.0018,-0.8613,-4.2088,-0.4387,0.0447
436.00,-3.5325,-0.5532,0.0530,-2.6566,1.9022,-0.8830,-4.0952,-0.4403,0.0261
436.50,-3.4026,-0.5482,0.0434,-2.5730,1.7995,-0.8936,-3.9366,-0.4374,0.0158
437.00,-3.2727,-0.5444,0.0350,-2.4924,1.6982,-0.9034,-3.8195,-0.4360,0.0060
437.50,-3.1428,-0.5406,0.0316,-2.4101,1.5932,-0.9084,-3.6867,-0.4355,0.0010
438.00,-3.0129,-0.5349,0.0439,-2.3292,1.4901,-0.8972,-3.5663,-0.4397,0.0157
438.50,-2.8830,-0.5291,0.0433,-2.2470,1.3872,-0.8988,-3.4181,-0.4378,0.0159
439.00,-2.7531,-0.5251,0.0355,-2.1625,1.2801,-0.9076,-3.2959,-0.4363,0.0084
439.50,-2.6232,-0.5216,0.0303,-2.0803,1.1741,-0.9141,-3.1687,-0.4355,0.0023
440.00,-2.4932,-0.5180,0.0291,-1.9999,1.0695,-0.9164,-3.0465,-0.4352,-0.0000
440.50,-2.3633,-0.5143,0.0283,-1.9197,0.9650,-0.9177,-2.9171,-0.4350,0.0005
441.00,-2.2333,-0.5110,0.0267,-1.8429,0.8642,-0.9207,-2.7935,-0.4347,-0.0025
441.50,-2.1034,-0.5076,0.0266,-1.7621,0.7578,-0.9221,-2.6668,-0.4346,-0.0016
442.00,-1.9734,-0.5043,0.0257,-1.6836,0.6540,-0.9249,-2.5273,-0.4345,-0.0026
442.50,-1.8435,-0.5010,0.0254,-1.6002,0.5433,-0.9258,-2.3985,-0.4345,-0.0030
443.00,-1.7135,-0.4978,0.0252,-1.5199,0.4364,-0.9274,-2.2745,-0.4341,-0.0046
443.50,-1.5836,-0.4944,0.0261,-1.4380,0.3270,-0.9279,-2.1540,-0.4348,-0.0034
444.00,-1.4536,-0.4899,0.0317,-1.3609,0.2242,-0.9244,-2.0162,-0.4367,0.0025
444.50,-1.3237,-0.4854,0.0331,-1.2785,0.1153,-0.9236,-1.8634,-0.4362,0.0056
445.00,-1.1937,-0.4816,0.0309,-1.1977,0.0081,-0.9267,-1.7405,-0.4357,0.0025
445.50,-1.0638,-0.4776,0.0310,-1.1158,-0.1012,-0.9284,-1.6156,-0.4361,0.0031
446.00,-0.9339,-0.4737,0.0304,-1.0389,-0.2040,-0.9298,-1.4989,-0.4357,0.0017
446.50,-0.8039,-0.4718,0.0178,-0.9569,-0.3148,-0.9420,-1.3622,-0.4293,-0.0097
447.00,-0.6739,-0.4725,0.0068,-0.8772,-0.4264,-0.9578,-1.2073,-0.4400,-0.0250
447.50,-0.5440,-0.4677,0.0331,-0.7970,-0.5362,-0.9299,-1.1072,-0.4347,0.0046
448.00,-0.4140,-0.4649,0.0252,-0.7173,-0.6438,-0.9379,-0.9723,-0.4341,-0.0034
448.50,-0.2841,-0.4614,0.0283,-0.6387,-0.7511,-0.9374,-0.8295,-0.4382,-0.0022
449.00,-0.1541,-0.4552,0.0393,-0.5591,-0.8581,-0.9269,-0.7004,-0.4377,0.0100
449.50,-0.0242,-0.4508,0.0347,-0.4812,-0.9622,-0.9321,-0.5955,-0.4350,0.0049
450.00,0.1057,-0.4477,0.0283,-0.4038,-1.0674,-0.9398,-0.4403,-0.4354,-0.0002
450.50,0.2357,-0.4454,0.0206,-0.3274,-1.1728,-0.9486,-0.3142,-0.4327,-0.0099
451.00,0.3656,-0.4424,0.0252,-0.2514,-1.2790,-0.9484,-0.1604,-0.4388,-0.0071
451.50,0.4955,-0.4365,0.0359,-0.1737,-1.3847,-0.9348,-0.0373,-0.4334,0.0074
452.00,0.6255,-0.4358,0.0175,-0.0988,-1.4883,-0.9549,0.0820,-0.4323,-0.0113
452.50,0.7555,-0.4323,0.0249,-0.0248,-1.5928,-0.9498,0.2126,-0.4356,-0.0062
453.00,0.8854,-0.4276,0.0312,0.0540,-1.7021,-0.9440,0.3381,-0.4359,0.0010
453.50,1.0154,-0.4233,0.0329,0.1304,-1.8076,-0.9437,0.4461,-0.4363,0.0012
454.00,1.1453,-0.4187,0.0341,0.2089,-1.9158,-0.9431,0.5666,-0.4362,0.0031
454.50,1.2752,-0.4150,0.0279,0.2865,-2.0232,-0.9491,0.6924,-0.4332,-0.0018
455.00,1.4052,-0.4129,0.0213,0.3581,-2.1241,-0.9573,0.8302,-0.4336,-0.0111
455.50,1.5303,-0.4099,0.0339,0.4325,-2.2298,-0.9489,0.9496,-0.4352,-0.0016
456.00,1.6042,-0.4017,0.0844,0.4806,-2.2940,-0.8983,1.0148,-0.4336,0.0490
456.50,1.6188,-0.3940,0.1336,0.4931,-2.3092,-0.8495,1.0576,-0.4295,0.1013
457.00,1.6188,-0.3874,0.1818,0.4977,-2.3142,-0.8021,1.0643,-0.4287,0.1487
457.50,1.6188,-0.3812,0.2283,0.5016,-2.3181,-0.7563,1.0574,-0.4149,0.1954
458.00,1.6189,-0.3756,0.2734,0.5070,-2.3230,-0.7122,1.0644,-0.4134,0.2395
458.50,1.6189,-0.3704,0.3172,0.5116,-2.3268,-0.6693,1.0703,-0.4119,0.2824
459.00,1.6189,-0.3657,0.3597,0.5159,-2.3301,-0.6281,1.0755,-0.4102,0.3236
459.50,1.6190,-0.3615,0.4010,0.5186,-2.3320,-0.5881,1.0786,-0.4091,0.3636
460.00,1.6190,-0.3578,0.4412,0.5221,-2.3342,-0.5495,1.0823,-0.4076,0.4021
460.50,1.6191,-0.3546,0.4803,0.5246,-2.3357,-0.5112,1.0850,-0.4064,0.4404
461.00,1.6191,-0.3518,0.5184,0.5268,-2.3369,-0.4744,1.0873,-0.4053,0.4772
461.50,1.6192,-0.3495,0.5554,0.5289,-2.3379,-0.4389,1.0893,-0.4042,0.5127
462.00,1.6192,-0.3477,0.5915,0.5301,-2.3384,-0.4042,1.0905,-0.4035,0.5475
462.50,1.6193,-0.3463,0.6267,0.5317,-2.3391,-0.3702,1.0919,-0.4026,0.5814
463.00,1.6193,-0.3454,0.6610,0.5328,-2.3395,-0.3366,1.0430,-0.3712,0.6290
463.50,1.6194,-0.3449,0.6943,0.5333,-2.3397,-0.3046,1.0434,-0.3709,0.6611
464.00,1.6194,-0.3448,0.7269,0.5332,-2.3397,-0.2735,1.0434,-0.3709,0.6921
464.50,1.6192,-0.3449,0.7599,0.5329,-2.3396,-0.2419,1.0431,-0.3711,0.7238
465.00,1.6191,-0.3449,0.7941,0.5327,-2.3395,-0.2094,1.0429,-0.3713,0.7562
465.50,1.6192,-0.3453,0.8277,0.5323,-2.3394,-0.1775,1.0426,-0.3716,0.7882
466.00,1.6192,-0.3455,0.8602,0.5322,-2.3394,-0.1460,1.0426,-0.3716,0.8196
466.50,1.6189,-0.3456,0.8932,0.5321,-2.3394,-0.1143,1.0425,-0.3717,0.8514
467.00,1.6182,-0.3456,0.9270,0.5314,-2.3394,-0.0816,1.0421,-0.3722,0.8840
467.50,1.6171,-0.3457,0.9617,0.5309,-2.3393,-0.0481,1.0417,-0.3726,0.9176
468.00,1.6155,-0.3457,0.9974,0.5297,-2.3393,-0.0136,1.0411,-0.3736,0.9521
468.50,1.6134,-0.3458,1.0339,0.5276,-2.3393,0.0222,1.0399,-0.3753,0.9878
469.00,1.6109,-0.3458,1.0715,0.5253,-2.3394,0.0580,1.0386,-0.3772,1.0236
469.50,1.6079,-0.3459,1.1101,0.5232,-2.3395,0.0947,1.0376,-0.3791,1.0603
470.00,1.6044,-0.3459,1.1497,0.5192,-2.3400,0.1335,1.0356,-0.3827,1.0991
470.50,1.6004,-0.3460,1.1905,0.5153,-2.3406,0.1724,1.0340,-0.3861,1.1380
471.00,1.5960,-0.3460,1.2324,0.5112,-2.3414,0.2131,1.0323,-0.3900,1.1787
471.50,1.5910,-0.3460,1.2755,0.5065,-2.3425,0.2552,1.0305,-0.3945,1.2208
472.00,1.5856,-0.3461,1.3199,0.5016,-2.3439,0.2984,1.0289,-0.3994,1.2640
472.50,1.5797,-0.3461,1.3658,0.4956,-2.3459,0.3426,1.0271,-0.4053,1.3083
473.00,1.5733,-0.3461,1.4131,0.4878,-2.3489,0.3888,1.0251,-0.4135,1.3544
473.50,1.5664,-0.3461,1.4620,0.4805,-2.3520,0.4360,1.0102,-0.3826,1.4284
474.00,1.5591,-0.3461,1.5127,0.4731,-2.3557,0.4853,1.0092,-0.3908,1.4777
474.50,1.5513,-0.3461,1.5654,0.4650,-2.3602,0.5371,1.0085,-0.4001,1.5295
475.00,1.5434,-0.3461,1.6185,0.4695,-2.3573,0.5889,1.0086,-0.3947,1.5813
475.50,1.5359,-0.3461,1.6696,0.4753,-2.3533,0.6387,1.0083,-0.3877,1.6311
476.00,1.5289,-0.3461,1.7189,0.4809,-2.3489,0.6869,1.0077,-0.3806,1.6793
476.50,1.5224,-0.3461,1.7666,0.4852,-2.3452,0.7335,1.0070,-0.3749,1.7259
477.00,1.5170,-0.3461,1.8106,0.4884,-2.3422,0.7756,1.0062,-0.3706,1.7679
477.50,1.5115,-0.3460,1.8554,0.4923,-2.3382,0.8189,1.0050,-0.3652,1.8113
478.00,1.5064,-0.3460,1.8988,0.4966,-2.3334,0.8615,1.0033,-0.3590,1.8539
478.50,1.5018,-0.3460,1.9410,0.5000,-2.3292,0.9016,1.0017,-0.3538,1.8940
479.00,1.4978,-0.3459,1.9820,0.5025,-2.3259,0.9412,1.0003,-0.3499,1.9336
479.50,1.4942,-0.3459,2.0219,0.5047,-2.3228,0.9795,0.9989,-0.3463,1.9719
480.00,1.4910,-0.3458,2.0608,0.5069,-2.3195,1.0174,0.9973,-0.3427,2.0097
480.50,1.4884,-0.3458,2.0986,0.5083,-2.3170,1.0543,0.9960,-0.3401,2.0467
481.00,1.4862,-0.3457,2.1354,0.5091,-2.3156,1.0900,0.9953,-0.3387,2.0824
481.50,1.4775,-0.3335,2.2019,0.5157,-2.3019,1.1504,0.9874,-0.3258,2.1428
482.00,1.4301,-0.2770,2.3345,0.5404,-2.2332,1.2852,0.8830,-0.3033,2.3020
482.50,1.3412,-0.1889,2.3673,0.5721,-2.1132,1.3216,0.7903,-0.2135,2.3373
483.00,1.2482,-0.0980,2.3670,0.6051,-1.9828,1.3208,0.6951,-0.1173,2.3365
483.50,1.1546,-0.0081,2.4032,0.6376,-1.8514,1.3523,0.6094,-0.0203,2.3694
484.00,1.0570,0.0776,2.4310,0.6642,-1.7201,1.3819,0.5126,0.0654,2.4024
484.50,0.9586,0.1625,2.4296,0.6888,-1.5932,1.3782,0.4307,0.1490,2.3995
485.00,0.8604,0.2477,2.4233,0.7144,-1.4642,1.3707,0.3390,0.2379,2.3933
485.50,0.7629,0.3338,2.4065,0.7424,-1.3298,1.3546,0.2308,0.3317,2.3799
486.00,0.6674,0.4224,2.3783,0.7729,-1.2008,1.3236,0.1355,0.4205,2.3489
486.50,0.5739,0.5126,2.3878,0.8055,-1.0749,1.3266,0.0571,0.5119,2.3546
487.00,0.4772,0.5991,2.4318,0.8346,-0.9439,1.3741,-0.0333,0.6034,2.4045
487.50,0.3789,0.6842,2.4103,0.8602,-0.8171,1.3567,-0.1217,0.6858,2.3877
488.00,0.2857,0.7755,2.3196,0.8940,-0.6898,1.2631,-0.2202,0.7826,2.2917
488.50,0.1997,0.8731,2.2720,0.9372,-0.5656,1.2113,-0.2898,0.8794,2.2428
489.00,0.1158,0.9724,2.2745,0.9846,-0.4401,1.2108,-0.3735,0.9831,2.2447
489.50,0.0318,1.0716,2.2751,1.0312,-0.3166,1.2078,-0.4423,1.0835,2.2434
490.00,-0.0534,1.1698,2.2845,1.0779,-0.1895,1.2189,-0.5431,1.1898,2.2564
490.50,-0.1379,1.2686,2.2730,1.1252,-0.0629,1.2052,-0.6201,1.2874,2.2444
491.00,-0.2224,1.3674,2.2891,1.1714,0.0590,1.2187,-0.6983,1.3842,2.2597
491.50,-0.3101,1.4629,2.3503,1.2148,0.1845,1.2715,-0.7818,1.4832,2.3142
492.00,-0.4061,1.5502,2.4727,1.2468,0.3142,1.3921,-0.8761,1.5762,2.4400
492.50,-0.5129,1.6279,2.6101,1.2630,0.4546,1.5268,-0.9786,1.6580,2.5765
493.00,-0.6295,1.6961,2.7584,1.2585,0.5965,1.6792,-1.0819,1.7209,2.7324
493.50,-0.7528,1.7521,2.9111,1.2358,0.7273,1.8245,-1.2060,1.7768,2.8741
494.00,-0.8805,1.7986,3.1374,1.1902,0.8511,2.0417,-1.3398,1.8171,3.0935
494.50,-1.0067,1.8171,-2.8961,1.1176,0.9556,2.3024,-1.4633,1.8392,-2.9259
495.00,-1.1311,1.7882,-2.8257,1.0264,1.0472,2.3821,-1.5839,1.8346,-2.8497
495.50,-1.2480,1.7524,-2.9180,0.9402,1.1335,2.2960,-1.7017,1.8049,-2.9358
496.00,-1.3208,1.7316,-2.9854,0.8899,1.1959,2.2154,-1.7808,1.7822,-3.0163
496.50,-1.3353,1.7243,-2.9410,0.8783,1.2110,2.2587,-1.7997,1.7796,-2.9730
497.00,-1.3353,1.7184,-2.8951,0.8747,1.2152,2.3037,-1.8051,1.7786,-2.9281
497.50,-1.3353,1.7132,-2.8533,0.8707,1.2195,2.3444,-1.8108,1.7773,-2.8873
498.00,-1.3354,1.7094,-2.8207,0.8682,1.2220,2.3754,-1.8142,1.7763,-2.8564
498.50,-1.3354,1.7059,-2.7887,0.8660,1.2240,2.4061,-1.8171,1.7755,-2.8256
499.00,-1.3354,1.7026,-2.7575,0.8629,1.2268,2.4360,-1.8015,1.7554,-2.7888
499.50,-1.3355,1.6997,-2.7269,0.8603,1.2290,2.4655,-1.8046,1.7542,-2.7593
500.00,-1.3355,1.6969,-2.6970,0.8581,1.2307,2.4939,-1.8072,1.7531,-2.7309
500.50,-1.3355,1.6945,-2.6676,0.8557,1.2324,2.5217,-1.8099,1.7519,-2.7031
501.00,-1.3356,1.6923,-2.6388,0.8546,1.2332,2.5493,-1.8111,1.7513,-2.6754
501.50,-1.3356,1.6904,-2.6106,0.8536,1.2339,2.5762,-1.8122,1.7508,-2.6486
502.00,-1.3356,1.6888,-2.5830,0.8526,1.2345,2.6020,-1.8133,1.7502,-2.6227
502.50,-1.3357,1.6874,-2.5559,0.8514,1.2352,2.6282,-1.8144,1.7495,-2.5966
503.00,-1.3357,1.6862,-2.5293,0.8502,1.2359,2.6536,-1.8156,1.7487,-2.5712
503.50,-1.3357,1.6854,-2.5033,0.8490,1.2365,2.6781,-1.8167,1.7480,-2.5466
504.00,-1.3358,1.6847,-2.4777,0.8486,1.2366,2.7025,-1.8170,1.7478,-2.5223
504.50,-1.3358,1.6844,-2.4527,0.8485,1.2367,2.7257,-1.8172,1.7477,-2.4991
505.00,-1.3359,1.6842,-2.4281,0.8484,1.2368,2.7485,-1.8173,1.7476,-2.4763
505.50,-1.3358,1.6843,-2.4037,0.8484,1.2368,2.7719,-1.8173,1.7476,-2.4529
506.00,-1.3356,1.6843,-2.3787,0.8485,1.2367,2.7955,-1.8171,1.7477,-2.4293
506.50,-1.3355,1.6844,-2.3531,0.8486,1.2367,2.8193,-1.8171,1.7478,-2.4055
507.00,-1.3356,1.6846,-2.3277,0.8487,1.2367,2.8428,-1.8170,1.7478,-2.3820
507.50,-1.3356,1.6849,-2.3029,0.8489,1.2366,2.8650,-1.8169,1.7480,-2.3598
508.00,-1.3356,1.6850,-2.2785,0.8491,1.2365,2.8875,-1.8167,1.7481,-2.3373
508.50,-1.3354,1.6850,-2.2538,0.8493,1.2365,2.9109,-1.8165,1.7483,-2.3139
509.00,-1.3350,1.6851,-2.2287,0.8500,1.2363,2.9349,-1.8161,1.7488,-2.2899
509.50,-1.3343,1.6851,-2.2030,0.8506,1.2362,2.9585,-1.8157,1.7493,-2.2663
510.00,-1.3334,1.6851,-2.1768,0.8516,1.2360,2.9826,-1.8150,1.7501,-2.2422
510.50,-1.3322,1.6852,-2.1501,0.8533,1.2358,3.0073,-1.8140,1.7515,-2.2175
511.00,-1.3307,1.6852,-2.1229,0.8551,1.2356,3.0332,-1.8130,1.7529,-2.1916
511.50,-1.3290,1.6852,-2.0951,0.8575,1.2353,3.0599,-1.8115,1.7549,-2.1649
512.00,-1.3271,1.6853,-2.0668,0.8599,1.2352,3.0865,-1.8102,1.7569,-2.1383
512.50,-1.3248,1.6853,-2.0379,0.8612,1.2351,3.1134,-1.8095,1.7580,-2.1114
513.00,-1.3223,1.6854,-2.0084,0.8637,1.2351,3.1413,-1.8083,1.7601,-2.0834
513.50,-1.3196,1.6854,-1.9783,0.8659,1.2351,-3.1133,-1.8072,1.7621,-2.0549
514.00,-1.3165,1.6854,-1.9475,0.8685,1.2352,-3.0838,-1.8061,1.7644,-2.0254
514.50,-1.3132,1.6854,-1.9162,0.8724,1.2355,-3.0540,-1.8044,1.7680,-1.9956
515.00,-1.3096,1.6855,-1.8841,0.8760,1.2359,-3.0230,-1.8030,1.7712,-1.9646
515.50,-1.3057,1.6855,-1.8513,0.8800,1.2364,-2.9921,-1.8014,1.7751,-1.9337
516.00,-1.3016,1.6855,-1.8177,0.8849,1.2372,-2.9602,-1.7998,1.7796,-1.9018
516.50,-1.2972,1.6855,-1.7834,0.8880,1.2379,-2.9276,-1.7988,1.7827,-1.8692
517.00,-1.2925,1.6856,-1.7483,0.8920,1.2388,-2.8936,-1.7977,1.7866,-1.8352
517.50,-1.2864,1.6856,-1.7033,0.8980,1.2405,-2.8510,-1.7961,1.7927,-1.7926
518.00,-1.2793,1.6856,-1.6535,0.9065,1.2432,-2.8031,-1.7944,1.8014,-1.7447
518.50,-1.2717,1.6856,-1.6018,0.9134,1.2459,-2.7529,-1.7362,1.7405,-1.6317
519.00,-1.2637,1.6856,-1.5484,0.9159,1.2469,-2.7010,-1.7360,1.7433,-1.5798
519.50,-1.2560,1.6856,-1.4963,0.9084,1.2431,-2.6499,-1.7359,1.7348,-1.5287
520.00,-1.2488,1.6856,-1.4462,0.9016,1.2393,-2.6009,-1.7354,1.7271,-1.4797
520.50,-1.2432,1.6856,-1.4059,0.8970,1.2363,-2.5585,-1.7347,1.7217,-1.4372
521.00,-1.2432,1.6856,-1.4059,0.8970,1.2363,-2.5610,-1.7347,1.7216,-1.4398
521.50,-1.2432,1.6856,-1.4059,0.8970,1.2363,-2.5628,-1.7347,1.7216,-1.4415
522.00,-1.2432,1.6856,-1.4059,0.8970,1.2363,-2.5642,-1.7347,1.7216,-1.4430
522.50,-1.2432,1.6856,-1.4028,0.8970,1.2363,-2.5650,-1.7347,1.7216,-1.4438
523.00,-1.2391,1.6856,-1.3674,0.8932,1.2338,-2.5299,-1.7341,1.7171,-1.4087
523.50,-1.2346,1.6855,-1.3329,0.8893,1.2309,-2.4967,-1.7332,1.7124,-1.3755
524.00,-1.2304,1.6855,-1.2991,0.8867,1.2289,-2.4639,-1.7325,1.7091,-1.3427
524.50,-1.2265,1.6855,-1.2662,0.8840,1.2267,-2.4325,-1.7317,1.7058,-1.3113
525.00,-1.2228,1.6855,-1.2339,0.8818,1.2247,-2.4019,-1.7309,1.7029,-1.2807
525.50,-1.2194,1.6854,-1.2023,0.8797,1.2228,-2.3714,-1.7300,1.7002,-1.2501
526.00,-1.2163,1.6854,-1.1714,0.8780,1.2211,-2.3421,-1.7293,1.6979,-1.2209
526.50,-1.2135,1.6854,-1.1411,0.8760,1.2190,-2.3128,-1.7282,1.6952,-1.1916
527.00,-1.2109,1.6853,-1.1115,0.8743,1.2171,-2.2844,-1.7273,1.6929,-1.1632
527.50,-1.2086,1.6853,-1.0824,0.8730,1.2156,-2.2570,-1.7264,1.6910,-1.1357
528.00,-1.2065,1.6853,-1.0539,0.8722,1.2145,-2.2300,-1.7258,1.6898,-1.1088
528.50,-1.2047,1.6852,-1.0260,0.8714,1.2134,-2.2039,-1.6724,1.7363,-1.0583
529.00,-1.2032,1.6852,-0.9987,0.8702,1.2118,-2.1781,-1.6715,1.7346,-1.0324
529.50,-1.2020,1.6852,-0.9718,0.8694,1.2106,-2.1530,-1.6707,1.7334,-1.0073
530.00,-1.2010,1.6851,-0.9455,0.8688,1.2096,-2.1281,-1.6700,1.7323,-0.9825
530.50,-1.2002,1.6851,-0.9197,0.8683,1.2089,-2.1034,-1.6696,1.7316,-0.9577
531.00,-1.1997,1.6850,-0.8944,0.8679,1.2082,-2.0791,-1.6691,1.7310,-0.9334
531.50,-1.1995,1.6850,-0.8696,0.8678,1.2079,-2.0561,-1.6689,1.7307,-0.9104
532.00,-1.1994,1.6850,-0.8452,0.8678,1.2079,-2.0331,-1.6689,1.7307,-0.8875
532.50,-1.1995,1.6851,-0.8206,0.8678,1.2080,-2.0097,-1.6690,1.7308,-0.8640
533.00,-1.1995,1.6853,-0.7953,0.8679,1.2081,-1.9857,-1.6691,1.7309,-0.8400
533.50,-1.1996,1.6853,-0.7696,0.8679,1.2082,-1.9618,-1.6691,1.7310,-0.8162
534.00,-1.2000,1.6852,-0.7445,0.8681,1.2086,-1.9378,-1.6694,1.7313,-0.7922
534.50,-1.2001,1.6852,-0.7199,0.8682,1.2088,-1.9147,-1.6696,1.7315,-0.7690
535.00,-1.2002,1.6853,-0.6955,0.8682,1.2088,-1.8920,-1.6696,1.7315,-0.7464
535.50,-1.2002,1.6856,-0.6706,0.8682,1.2090,-1.8679,-1.6697,1.7316,-0.7222
536.00,-1.2003,1.6861,-0.6452,0.8685,1.2099,-1.8441,-1.6704,1.7322,-0.6985
536.50,-1.2003,1.6869,-0.6192,0.8687,1.2108,-1.8199,-1.6712,1.7328,-0.6742
537.00,-1.2003,1.6880,-0.5928,0.8689,1.2117,-1.7949,-1.6719,1.7333,-0.6493
537.50,-1.2004,1.6893,-0.5658,0.8690,1.2121,-1.7696,-1.6723,1.7336,-0.6240
538.00,-1.2004,1.6909,-0.5383,0.8694,1.2142,-1.7440,-1.6740,1.7348,-0.5984
538.50,-1.2005,1.6927,-0.5103,0.8697,1.2157,-1.7173,-1.6753,1.7357,-0.5716
539.00,-1.2005,1.6948,-0.4817,0.8700,1.2179,-1.6905,-1.6771,1.7368,-0.5449
539.50,-1.2005,1.6972,-0.4525,0.8701,1.2195,-1.6627,-1.6785,1.7376,-0.5170
540.00,-1.2006,1.6999,-0.4227,0.8703,1.2223,-1.6343,-1.6810,1.7390,-0.4887
540.50,-1.2006,1.7028,-0.3923,0.8705,1.2253,-1.6059,-1.6836,1.7404,-0.4602
541.00,-1.2006,1.7060,-0.3612,0.8706,1.2283,-1.5767,-1.6864,1.7417,-0.4310
541.50,-1.2006,1.7094,-0.3295,0.8705,1.2316,-1.5464,-1.6894,1.7430,-0.4008
542.00,-1.2007,1.7131,-0.2971,0.8703,1.2359,-1.5157,-1.6934,1.7446,-0.3701
542.50,-1.2007,1.7175,-0.2598,0.8700,1.2412,-1.4799,-1.6984,1.7465,-0.3342
543.00,-1.2007,1.7218,-0.2201,0.8697,1.2444,-1.4429,-1.7014,1.7475,-0.2973
543.50,-1.2008,1.7280,-0.1733,0.8687,1.2505,-1.3982,-1.7073,1.7492,-0.2525
544.00,-1.2008,1.7347,-0.1249,0.8674,1.2568,-1.3512,-1.7136,1.7506,-0.2056
544.50,-1.2008,1.7419,-0.0748,0.8659,1.2630,-1.3030,-1.6724,1.7786,-0.1171
545.00,-1.1701,1.7532,0.0502,0.8743,1.2390,-1.1788,-1.6325,1.7852,0.0192
545.50,-1.0769,1.7660,0.0837,0.9130,1.1536,-1.1363,-1.5343,1.8062,0.0617
546.00,-0.9475,1.7696,-0.0598,0.9621,1.0313,-1.2757,-1.4060,1.8118,-0.0795
546.50,-0.8185,1.7630,-0.1680,0.9907,0.9070,-1.3917,-1.2738,1.7937,-0.1920
547.00,-0.6920,1.7452,-0.3255,1.0064,0.7753,-1.5418,-1.1434,1.7682,-0.3403
547.50,-0.5805,1.7118,-0.5608,0.9956,0.6525,-1.7819,-1.0337,1.7315,-0.5804
548.00,-0.4870,1.6433,-0.7766,0.9561,0.5329,-1.9991,-0.9403,1.6636,-0.7932
548.50,-0.4085,1.5487,-0.9786,0.8913,0.4218,-2.2057,-0.8668,1.5728,-0.9981
549.00,-0.3400,1.4355,-1.1454,0.8095,0.3283,-2.3773,-0.8213,1.4698,-1.1697
549.50,-0.2808,1.3132,-1.3148,0.7035,0.2420,-2.5494,-0.7744,1.3419,-1.3400
550.00,-0.2346,1.1858,-1.5397,0.5831,0.1756,-2.7656,-0.7473,1.2097,-1.5534
550.50,-0.2072,1.0681,-1.8191,0.4621,0.1461,-3.0521,-0.7445,1.0918,-1.8430
551.00,-0.2133,1.0070,-1.9386,0.3967,0.1447,3.0992,-0.7158,1.0332,-1.9688
551.50,-0.2162,0.9986,-1.9174,0.3848,0.1453,3.1152,-0.7154,1.0210,-1.9482
552.00,-0.2114,0.9987,-1.8745,0.3898,0.1451,-3.1268,-0.7136,1.0256,-1.9070
552.50,-0.2061,0.9987,-1.8303,0.3956,0.1453,-3.0847,-0.7117,1.0311,-1.8649
553.00,-0.2003,0.9987,-1.7848,0.4036,0.1459,-3.0415,-0.7096,1.0389,-1.8217
553.50,-0.1940,0.9988,-1.7378,0.4097,0.1467,-2.9955,-0.7082,1.0449,-1.7757
554.00,-0.1872,0.9988,-1.6891,0.4183,0.1482,-2.9484,-0.7066,1.0535,-1.7286
554.50,-0.1799,0.9988,-1.6388,0.4255,0.1498,-2.9000,-0.7056,1.0608,-1.6802
555.00,-0.1722,0.9988,-1.5865,0.4329,0.1517,-2.8495,-0.7049,1.0684,-1.6297
555.50,-0.1644,0.9988,-1.5345,0.4321,0.1514,-2.7974,-0.6752,1.0192,-1.5654
556.00,-0.1671,0.9988,-1.5681,0.4341,0.1520,-2.8278,-0.6751,1.0214,-1.5958
556.50,-0.1750,0.9988,-1.6211,0.4297,0.1508,-2.8830,-0.6754,1.0168,-1.6510
557.00,-0.1824,0.9988,-1.6721,0.4236,0.1493,-2.9360,-0.6760,1.0105,-1.7040
557.50,-0.1894,0.9988,-1.7213,0.4174,0.1482,-2.9872,-0.6770,1.0043,-1.7551
558.00,-0.1958,0.9987,-1.7689,0.4099,0.1472,-3.0359,-0.6786,0.9969,-1.8039
558.50,-0.2018,0.9987,-1.8149,0.4025,0.1466,-3.0837,-0.6805,0.9897,-1.8517
559.00,-0.2073,0.9987,-1.8596,0.3976,0.1464,-3.1307,-0.6819,0.9850,-1.8987
559.50,-0.2123,0.9986,-1.9029,0.3921,0.1465,3.1076,-0.6838,0.9798,-1.9435
560.00,-0.2168,0.9986,-1.9450,0.3880,0.1467,3.0639,-0.6854,0.9760,-1.9872
560.50,-0.2209,0.9986,-1.9859,0.3836,0.1471,3.0211,-0.7172,1.0153,-2.0126
561.00,-0.2244,0.9985,-2.0257,0.3800,0.1476,2.9792,-0.7188,1.0121,-2.0545
561.50,-0.2275,0.9985,-2.0644,0.3765,0.1483,2.9387,-0.7205,1.0090,-2.0950
562.00,-0.2301,0.9984,-2.1021,0.3739,0.1489,2.8992,-0.7218,1.0067,-2.1345
562.50,-0.2419,0.9777,-2.1908,0.3562,0.1541,2.8143,-0.7324,0.9916,-2.2194
563.00,-0.2947,0.9100,-2.2919,0.2807,0.1852,2.7067,-0.7877,0.9403,-2.3188
563.50,-0.3827,0.8154,-2.3672,0.1653,0.2433,2.6348,-0.8830,0.8440,-2.3890
564.00,-0.4814,0.7306,-2.5386,0.0493,0.3201,2.4672,-0.9902,0.7553,-2.5555
564.50,-0.5857,0.6581,-2.7822,-0.0408,0.4112,2.2228,-1.0914,0.7032,-2.8005
565.00,-0.7089,0.5964,-3.0360,-0.1121,0.5326,1.9697,-1.2199,0.6603,-3.0530
565.50,-0.8388,0.5680,3.0608,-0.1518,0.6634,1.7739,-1.3493,0.6291,3.0349
566.00,-0.9678,0.5753,2.9984,-0.1730,0.7933,1.7089,-1.4769,0.6288,2.9724
566.50,-1.0963,0.5954,2.9967,-0.1890,0.9208,1.6972,-1.5998,0.6400,2.9643
567.00,-1.2255,0.6082,3.0817,-0.2107,1.0554,1.7770,-1.7403,0.6597,3.0475
567.50,-1.3554,0.6118,-3.1256,-0.2426,1.1802,1.8574,-1.8650,0.6662,3.1306
568.00,-1.4854,0.6071,-3.1067,-0.2821,1.3089,1.8758,-2.0043,0.6661,-3.1351
568.50,-1.6153,0.6016,-3.1225,-0.3226,1.4361,1.8672,-2.1231,0.6650,-3.1410
569.00,-1.7452,0.6046,3.0874,-0.3562,1.5695,1.7835,-2.2546,0.6720,3.0562
569.50,-1.8750,0.6104,3.0932,-0.3842,1.6973,1.7881,-2.3816,0.6804,3.0647
570.00,-2.0049,0.6132,3.1190,-0.4139,1.8286,1.8063,-2.5112,0.6904,3.0859
570.50,-2.1349,0.6114,-3.1408,-0.4478,1.9550,1.8368,-2.6415,0.6883,3.1181
571.00,-2.2649,0.6135,3.1394,-0.4806,2.0798,1.8256,-2.7723,0.6926,3.1055
571.50,-2.3949,0.6103,-3.1216,-0.5176,2.2110,1.8520,-2.9107,0.6948,3.1333
572.00,-2.5249,0.6099,-3.1401,-0.5536,2.3383,1.8369,-3.0396,0.6968,3.1194
572.50,-2.6548,0.6145,3.1120,-0.5847,2.4667,1.7959,-3.1680,0.7035,3.0783
573.00,-2.7848,0.6132,3.1381,-0.6150,2.5928,1.8201,-3.2887,0.7106,3.1081
573.50,-2.9148,0.6114,-3.1396,-0.6481,2.7186,1.8277,-3.4184,0.7078,3.1171
574.00,-3.0448,0.6106,-3.1353,-0.6819,2.8482,1.8284,-3.5479,0.7115,3.1178
574.50,-3.1748,0.6070,-3.1224,-0.7158,2.9738,1.8398,-3.6801,0.7138,3.1316
575.00,-3.3048,0.6039,-3.1197,-0.7507,3.0996,1.8402,-3.8080,0.7120,3.1346
575.50,-3.4347,0.6046,3.1075,-0.7832,3.2244,1.7884,-3.9315,0.7147,3.0831
576.00,-3.5646,0.6130,3.0800,-0.8102,3.3615,1.7529,-4.0761,0.7265,3.0497
576.50,-3.6944,0.6161,3.1231,-0.8358,3.4859,1.7960,-4.1926,0.7357,3.0947
577.00,-3.8244,0.6162,3.1325,-0.8675,3.6202,1.8051,-4.3295,0.7377,3.1039
577.50,-3.9544,0.6204,3.0867,-0.8955,3.7462,1.7565,-4.4461,0.7439,3.0588
578.00,-4.0842,0.6259,3.1068,-0.9201,3.8772,1.7707,-4.5874,0.7557,3.0768
578.50,-4.2142,0.6233,-3.1410,-0.9504,4.0141,1.8066,-4.7247,0.7590,3.1135
579.00,-4.3442,0.6234,3.1400,-0.9823,4.1460,1.8039,-4.8467,0.7590,3.1108
579.50,-4.4742,0.6212,-3.1317,-1.0127,4.2719,1.8148,-4.9616,0.7590,3.1228
580.00,-4.6042,0.6201,-3.1316,-1.0450,4.4027,1.8124,-5.1171,0.7619,3.1228
580.50,-4.7341,0.6166,-3.1215,-1.0768,4.5292,1.8217,-5.2420,0.7640,3.1333
581.00,-4.8641,0.6131,-3.1193,-1.1096,4.6557,1.8243,-5.3726,0.7616,3.1370
581.50,-4.9941,0.6112,-3.1230,-1.1416,4.7824,1.8172,-5.4933,0.7629,3.1299
582.00,-5.1241,0.6074,-3.1164,-1.1738,4.9088,1.8221,-5.6198,0.7640,3.1383
582.50,-5.2540,0.6037,-3.1163,-1.2066,5.0356,1.8203,-5.7596,0.7610,3.1376
583.00,-5.3840,0.6046,3.0954,-1.2357,5.1625,1.7516,-5.8930,0.7645,3.0692
583.50,-5.5137,0.6120,3.0915,-1.2585,5.3021,1.7398,-6.0209,0.7743,3.0595
584.00,-5.6436,0.6150,3.1091,-1.2827,5.4347,1.7578,-6.1497,0.7816,3.0798
584.50,-5.7736,0.6182,3.1271,-1.3086,5.5692,1.7728,-6.2843,0.7889,3.0948
585.00,-5.9036,0.6160,-3.1325,-1.3372,5.6972,1.7990,-6.4055,0.7919,3.1233
585.50,-6.0258,0.6154,-3.1231,-1.3650,5.8179,1.8051,-6.5239,0.7918,3.1290
586.00,-6.0936,0.6088,-3.0721,-1.3836,5.8892,1.8561,-6.6065,0.7915,-3.1019
586.50,-6.1042,0.6014,-3.0222,-1.3894,5.9078,1.9048,-6.6131,0.7844,-3.0533
587.00,-6.1042,0.5946,-2.9736,-1.3919,5.9146,1.9515,-6.6204,0.7836,-3.0066
587.50,-6.1043,0.5884,-2.9266,-1.3945,5.9207,1.9970,-6.6269,0.7826,-2.9610
588.00,-6.1043,0.5825,-2.8811,-1.3971,5.9262,2.0410,-6.6328,0.7814,-2.9171
588.50,-6.1043,0.5772,-2.8370,-1.3996,5.9310,2.0840,-6.6382,0.7801,-2.8740
589.00,-6.1043,0.5724,-2.7941,-1.4022,5.9354,2.1250,-6.6210,0.7567,-2.8268
589.50,-6.1044,0.5681,-2.7525,-1.4048,5.9395,2.1650,-6.6190,0.7486,-2.7849
590.00,-6.1044,0.5642,-2.7119,-1.4074,5.9431,2.2038,-6.6231,0.7470,-2.7461
590.50,-6.1045,0.5608,-2.6725,-1.4092,5.9455,2.2417,-6.6259,0.7457,-2.7083
591.00,-6.1045,0.5579,-2.6342,-1.4114,5.9481,2.2781,-6.6289,0.7443,-2.6718
591.50,-6.1046,0.5555,-2.5968,-1.4126,5.9495,2.3140,-6.6305,0.7434,-2.6359
592.00,-6.1046,0.5535,-2.5605,-1.4144,5.9514,2.3489,-6.6327,0.7421,-2.6010
592.50,-6.1047,0.5520,-2.5250,-1.4152,5.9522,2.3827,-6.6337,0.7415,-2.5672
593.00,-6.1047,0.5510,-2.4905,-1.4163,5.9533,2.4163,-6.6350,0.7406,-2.5336
593.50,-6.1048,0.5503,-2.4569,-1.4169,5.9538,2.4486,-6.6357,0.7402,-2.5013
594.00,-6.1048,0.5502,-2.4241,-1.4170,5.9538,2.4796,-6.6357,0.7402,-2.4703
594.50,-6.1047,0.5502,-2.3914,-1.4166,5.9536,2.5104,-6.6354,0.7404,-2.4395
595.00,-6.1045,0.5503,-2.3575,-1.4164,5.9534,2.5424,-6.6352,0.7406,-2.4075
595.50,-6.1045,0.5506,-2.3236,-1.4162,5.9533,2.5746,-6.6350,0.7408,-2.3753
596.00,-6.1046,0.5509,-2.2908,-1.4160,5.9532,2.6056,-6.6349,0.7409,-2.3443
596.50,-6.1045,0.5509,-2.2581,-1.4159,5.9531,2.6363,-6.6348,0.7410,-2.3136
597.00,-6.1039,0.5510,-2.2245,-1.4157,5.9530,2.6688,-6.6346,0.7412,-2.2811
597.50,-6.1029,0.5510,-2.1900,-1.4149,5.9526,2.7016,-6.6340,0.7419,-2.2483
598.00,-6.1014,0.5511,-2.1547,-1.4136,5.9520,2.7355,-6.6332,0.7430,-2.2144
598.50,-6.0994,0.5511,-2.1184,-1.4126,5.9516,2.7701,-6.6325,0.7439,-2.1798
599.00,-6.0971,0.5512,-2.0811,-1.4102,5.9507,2.8055,-6.6311,0.7460,-2.1445
599.50,-6.0942,0.5512,-2.0428,-1.4075,5.9498,2.8425,-6.6296,0.7484,-2.1074
600.00,-6.0909,0.5513,-2.0035,-1.4039,5.9488,2.8801,-6.6278,0.7517,-2.0698
600.50,-6.0870,0.5513,-1.9631,-1.4008,5.9480,2.9191,-6.6263,0.7545,-2.0308
601.00,-6.0827,0.5514,-1.9215,-1.3969,5.9472,2.9591,-6.6246,0.7581,-1.9908
601.50,-6.0779,0.5514,-1.8788,-1.3919,5.9464,3.0004,-6.6226,0.7628,-1.9496
602.00,-6.0727,0.5514,-1.8347,-1.3853,5.9456,3.0427,-6.6203,0.7690,-1.9072
602.50,-6.0666,0.5327,-1.7364,-1.4005,5.9462,3.1328,-6.6245,0.7544,-1.8171
603.00,-6.0541,0.4522,-1.5877,-1.4782,5.9396,-2.9943,-6.6363,0.6773,-1.6611
603.50,-6.0492,0.3294,-1.5678,-1.6058,5.9174,-2.9670,-6.5689,0.5085,-1.5919
604.00,-6.0543,0.2183,-1.6833,-1.7141,5.9047,-3.0870,-6.5680,0.3997,-1.7118
604.50,-6.0672,0.0911,-1.6564,-1.8407,5.8987,-3.0732,-6.5954,0.2743,-1.6992
605.00,-6.0731,-0.0384,-1.4760,-1.9729,5.8788,-2.8948,-6.5981,0.1410,-1.5103
605.50,-6.0628,-0.1673,-1.4324,-2.1005,5.8412,-2.8419,-6.5892,0.0087,-1.4551
606.00,-6.0508,-0.2938,-1.5608,-2.2295,5.8081,-2.9694,-6.5789,-0.1211,-1.5826
606.50,-6.0468,-0.3743,-1.6298,-2.3211,5.7958,-3.0450,-6.5911,-0.2069,-1.6582
607.00,-6.0504,-0.3936,-1.6792,-2.3440,5.7940,-3.0972,-6.5841,-0.2197,-1.7069
607.50,-6.0572,-0.3936,-1.7282,-2.3506,5.7938,3.1354,-6.5851,-0.2262,-1.7576
608.00,-6.0636,-0.3936,-1.7755,-2.3562,5.7939,3.0859,-6.5863,-0.2317,-1.8070
608.50,-6.0696,-0.3937,-1.8213,-2.3622,5.7944,3.0382,-6.5878,-0.2376,-1.8547
609.00,-6.0750,-0.3937,-1.8658,-2.3686,5.7952,2.9917,-6.5897,-0.2436,-1.9012
609.50,-6.0799,-0.3937,-1.9089,-2.3749,5.7963,2.9465,-6.5919,-0.2497,-1.9464
610.00,-6.0844,-0.3938,-1.9508,-2.3809,5.7976,2.9029,-6.6166,-0.2244,-1.9773
610.50,-6.0883,-0.3938,-1.9916,-2.3843,5.7984,2.8603,-6.6180,-0.2276,-2.0198
611.00,-6.0918,-0.3939,-2.0312,-2.3875,5.7994,2.8187,-6.6195,-0.2306,-2.0614
611.50,-6.0948,-0.3939,-2.0698,-2.3915,5.8009,2.7790,-6.6216,-0.2344,-2.1011
612.00,-6.0974,-0.3939,-2.1074,-2.3946,5.8021,2.7396,-6.6234,-0.2372,-2.1405
612.50,-6.0994,-0.3940,-2.1440,-2.3971,5.8032,2.7015,-6.6249,-0.2394,-2.1787
613.00,-6.1010,-0.3941,-2.1796,-2.3983,5.8038,2.6645,-6.6256,-0.2405,-2.2156
613.50,-6.1022,-0.3941,-2.2143,-2.3995,5.8045,2.6274,-6.6265,-0.2416,-2.2527
614.00,-6.1029,-0.3942,-2.2482,-2.4003,5.8049,2.5916,-6.6271,-0.2423,-2.2885
614.50,-6.1032,-0.3942,-2.2811,-2.4008,5.8053,2.5571,-6.6275,-0.2428,-2.3230
615.00,-6.1031,-0.3944,-2.3137,-2.4009,5.8053,2.5231,-6.6276,-0.2429,-2.3570
615.50,-6.1031,-0.3948,-2.3473,-2.4013,5.8056,2.4871,-6.6280,-0.2432,-2.3930
616.00,-6.1032,-0.3949,-2.3814,-2.4015,5.8058,2.4512,-6.6281,-0.2434,-2.4289
616.50,-6.1034,-0.3949,-2.4145,-2.4020,5.8061,2.4167,-6.6286,-0.2438,-2.4634
617.00,-6.1034,-0.3949,-2.4470,-2.4019,5.8061,2.3824,-6.6285,-0.2437,-2.4978
617.50,-6.1033,-0.3944,-2.4804,-2.4017,5.8059,2.3472,-6.6283,-0.2436,-2.5330
618.00,-6.1033,-0.3935,-2.5147,-2.4012,5.8053,2.3112,-6.6276,-0.2431,-2.5689
618.50,-6.1032,-0.3921,-2.5498,-2.4003,5.8043,2.2749,-6.6265,-0.2424,-2.6052
619.00,-6.1032,-0.3903,-2.5859,-2.3990,5.8027,2.2373,-6.6247,-0.2414,-2.6428
619.50,-6.1031,-0.3880,-2.6230,-2.3977,5.8011,2.1991,-6.6229,-0.2405,-2.6810
620.00,-6.1031,-0.3852,-2.6610,-2.3960,5.7986,2.1598,-6.6201,-0.2391,-2.7203
620.50,-6.1030,-0.3820,-2.7001,-2.3946,5.7964,2.1191,-6.6177,-0.2381,-2.7610
621.00,-6.1030,-0.3783,-2.7403,-2.3924,5.7926,2.0768,-6.6137,-0.2366,-2.8033
621.50,-6.1029,-0.3741,-2.7816,-2.3902,5.7885,2.0337,-6.6092,-0.2351,-2.8464
622.00,-6.1029,-0.3694,-2.8241,-2.3884,5.7846,1.9891,-6.6050,-0.2340,-2.8911
622.50,-6.1029,-0.3642,-2.8678,-2.3870,5.7813,1.9442,-6.6016,-0.2331,-2.9359
623.00,-6.1028,-0.3585,-2.9129,-2.3852,5.7764,1.8981,-6.5964,-0.2322,-2.9820
623.50,-6.1028,-0.3524,-2.9595,-2.3834,5.7707,1.8498,-6.5905,-0.2314,-3.0303
624.00,-6.1028,-0.3458,-3.0076,-2.3816,5.7637,1.7999,-6.5834,-0.2308,-3.0803
624.50,-6.1028,-0.3387,-3.0574,-2.3801,5.7564,1.7484,-6.5758,-0.2305,-3.1317
625.00,-6.1028,-0.3311,-3.1090,-2.3790,5.7490,1.6950,-6.5684,-0.2306,3.0981
625.50,-6.1028,-0.3231,3.1207,-2.3786,5.7456,1.6404,-6.6351,-0.1573,3.0935
626.00,-6.1028,-0.3154,3.0686,-2.3788,5.7515,1.5863,-6.6410,-0.1568,3.0394
626.50,-6.1028,-0.3082,3.0184,-2.3788,5.7588,1.5345,-6.6482,-0.1559,2.9876
627.00,-6.1028,-0.3049,3.0020,-2.3785,5.7632,1.5088,-6.6526,-0.1552,2.9618
627.50,-6.1027,-0.3121,-3.1208,-2.3785,5.7582,1.6539,-6.6476,-0.1557,3.1070
628.00,-6.1028,-0.3278,-2.8777,-2.3818,5.7723,1.8997,-6.6620,-0.1573,-2.9304
628.50,-6.1030,-0.3470,-2.6811,-2.3898,5.7902,2.1005,-6.6807,-0.1632,-2.7296
629.00,-6.1031,-0.3518,-2.6183,-2.3928,5.7949,2.1709,-6.6858,-0.1656,-2.6592
629.50,-6.1030,-0.3496,-2.6529,-2.3916,5.7930,2.1353,-6.6403,-0.1719,-2.6797
630.00,-6.1030,-0.3465,-2.6918,-2.3898,5.7902,2.0951,-6.6373,-0.1705,-2.7199
630.50,-6.1030,-0.3429,-2.7317,-2.3883,5.7873,2.0533,-6.6343,-0.1692,-2.7616
631.00,-6.1029,-0.3388,-2.7728,-2.3868,5.7843,2.0105,-6.6312,-0.1680,-2.8045
631.50,-6.1029,-0.3342,-2.8150,-2.3849,5.7800,1.9663,-6.6267,-0.1666,-2.8487
632.00,-6.1028,-0.3292,-2.8585,-2.3833,5.7759,1.9214,-6.6225,-0.1654,-2.8936
632.50,-6.1028,-0.3236,-2.9033,-2.3818,5.7718,1.8745,-6.6182,-0.1644,-2.9405
633.00,-6.1028,-0.3176,-2.9495,-2.3801,5.7657,1.8270,-6.6120,-0.1633,-2.9879
633.50,-6.1028,-0.3110,-2.9973,-2.3787,5.7596,1.7779,-6.6058,-0.1625,-3.0371
634.00,-6.1028,-0.3040,-3.0467,-2.3773,5.7520,1.7265,-6.5981,-0.1619,-3.0884
634.50,-6.1027,-0.2965,-3.0980,-2.3764,5.7458,1.6736,-6.6350,-0.1285,-3.1251
635.00,-6.1027,-0.2886,3.1320,-2.3759,5.7390,1.6185,-6.6283,-0.1285,3.1029
635.50,-6.1027,-0.2808,3.0795,-2.3761,5.7469,1.5639,-6.6361,-0.1281,3.0484
636.00,-6.1028,-0.2735,3.0289,-2.3758,5.7549,1.5114,-6.6441,-0.1271,2.9959
636.50,-6.1028,-0.2667,2.9801,-2.3752,5.7624,1.4613,-6.6515,-0.1258,2.9458
637.00,-6.1028,-0.2603,2.9329,-2.3743,5.7690,1.4125,-6.6580,-0.1244,2.8970
637.50,-6.1028,-0.2544,2.8872,-2.3733,5.7745,1.3647,-6.6634,-0.1229,2.8492
638.00,-6.1029,-0.2490,2.8428,-2.3720,5.7800,1.3191,-6.6688,-0.1211,2.8036
638.50,-6.1029,-0.2441,2.7998,-2.3707,5.7846,1.2739,-6.6732,-0.1194,2.7584
639.00,-6.1029,-0.2397,2.7580,-2.3695,5.7884,1.2299,-6.6769,-0.1179,2.7144
639.50,-6.1307,-0.2294,2.6864,-2.3605,5.8108,1.1556,-6.6985,-0.1069,2.6401
640.00,-6.2141,-0.1890,2.6841,-2.3238,5.8907,1.1442,-6.7287,-0.0143,2.6485
640.50,-6.3310,-0.1338,2.6808,-2.2685,6.0174,1.1503,-6.8579,0.0497,2.6592
641.00,-6.4404,-0.0700,2.5396,-2.2087,6.1329,1.0139,-6.9625,0.1128,2.5193
641.50,-6.5264,-0.0024,2.3982,-2.1401,6.2258,0.8615,-7.0479,0.1871,2.3670
642.00,-6.5619,0.0311,2.3801,-2.1049,6.2649,0.8340,-7.0829,0.2220,2.3464
642.50,-6.5635,0.0330,2.4132,-2.1023,6.2679,0.8653,-7.0818,0.2253,2.3812
643.00,-6.5634,0.0329,2.4457,-2.1024,6.2678,0.8964,-7.0817,0.2252,2.4123
643.50,-6.5634,0.0325,2.4791,-2.1026,6.2675,0.9278,-7.0814,0.2250,2.4437
644.00,-6.5633,0.0316,2.5133,-2.1030,6.2669,0.9602,-7.0809,0.2245,2.4761
644.50,-6.5633,0.0302,2.5484,-2.1037,6.2660,0.9930,-7.0800,0.2239,2.5089
645.00,-6.5632,0.0284,2.5845,-2.1049,6.2641,1.0275,-7.0781,0.2226,2.5434
645.50,-6.5632,0.0261,2.6215,-2.1061,6.2619,1.0632,-7.0761,0.2212,2.5791
646.00,-6.5631,0.0234,2.6595,-2.1074,6.2595,1.0996,-7.0737,0.2198,2.6155
646.50,-6.5631,0.0202,2.6985,-2.1089,6.2564,1.1367,-7.0706,0.2181,2.6526
647.00,-6.5630,0.0165,2.7387,-2.1099,6.2540,1.1751,-7.0683,0.2169,2.6911
647.50,-6.5630,0.0123,2.7799,-2.1115,6.2501,1.2139,-7.0645,0.2152,2.7298
648.00,-6.5629,0.0076,2.8224,-2.1130,6.2458,1.2544,-7.0603,0.2135,2.7703
648.50,-6.5629,0.0025,2.8661,-2.1148,6.2399,1.2973,-7.0545,0.2113,2.8132
649.00,-6.5629,-0.0032,2.9111,-2.1163,6.2341,1.3402,-7.0488,0.2095,2.8561
649.50,-6.5629,-0.0093,2.9576,-2.1176,6.2279,1.3849,-7.0427,0.2079,2.9008
650.00,-6.5628,-0.0159,3.0056,-2.1183,6.2238,1.4307,-7.0386,0.2070,2.9466
650.50,-6.5628,-0.0230,3.0554,-2.1191,6.2167,1.4788,-7.0806,0.1716,3.0238
651.00,-6.5628,-0.0306,3.1069,-2.1197,6.2075,1.5284,-7.0715,0.1708,3.0734
651.50,-6.5628,-0.0385,-3.1229,-2.1199,6.2018,1.5805,-7.0658,0.1705,3.1255
652.00,-6.5628,-0.0462,-3.0707,-2.1201,6.2089,1.6304,-7.0728,0.1704,-3.1078
652.50,-6.5628,-0.0535,-3.0204,-2.1208,6.2173,1.6791,-7.0813,0.1700,-3.0591
653.00,-6.5629,-0.0602,-2.9719,-2.1218,6.2248,1.7259,-7.0887,0.1692,-3.0123
653.50,-6.5629,-0.0665,-2.9249,-2.1229,6.2310,1.7715,-7.0950,0.1682,-2.9667
654.00,-6.5629,-0.0723,-2.8795,-2.1242,6.2370,1.8151,-7.1010,0.1670,-2.9231
654.50,-6.5629,-0.0776,-2.8354,-2.1256,6.2421,1.8573,-7.1061,0.1658,-2.8809
655.00,-6.5630,-0.0824,-2.7925,-2.1272,6.2470,1.8984,-7.1112,0.1643,-2.8398
655.50,-6.5630,-0.0867,-2.7509,-2.1285,6.2505,1.9383,-7.1147,0.1631,-2.7999
656.00,-6.5631,-0.0906,-2.7105,-2.1299,6.2541,1.9775,-7.1183,0.1618,-2.7607
656.50,-6.5631,-0.0939,-2.6711,-2.1314,6.2573,2.0150,-7.1215,0.1604,-2.7232
657.00,-6.5631,-0.0968,-2.6328,-2.1327,6.2599,2.0514,-7.1241,0.1592,-2.6868
657.50,-6.5632,-0.0992,-2.5955,-2.1343,6.2629,2.0868,-7.1272,0.1577,-2.6513
658.00,-6.5632,-0.1012,-2.5591,-2.1350,6.2642,2.1216,-7.1285,0.1569,-2.6166
658.50,-6.5633,-0.1027,-2.5237,-2.1360,6.2656,2.1556,-7.0928,0.0845,-2.5535
659.00,-6.5634,-0.1037,-2.4892,-2.1366,6.2665,2.1888,-7.0937,0.0839,-2.5203
659.50,-6.5634,-0.1043,-2.4556,-2.1369,6.2670,2.2205,-7.0941,0.0836,-2.4886
660.00,-6.5635,-0.1045,-2.4229,-2.1369,6.2670,2.2511,-7.0942,0.0836,-2.4580
660.50,-6.5633,-0.1044,-2.3901,-2.1368,6.2668,2.2825,-7.0940,0.0837,-2.4266
661.00,-6.5631,-0.1044,-2.3562,-2.1366,6.2666,2.3147,-7.0938,0.0839,-2.3944
661.50,-6.5632,-0.1040,-2.3223,-2.1363,6.2663,2.3468,-7.0935,0.0842,-2.3623
662.00,-6.5632,-0.1038,-2.2970,-2.1361,6.2661,2.3726,-7.0932,0.0844,-2.3365
662.50,-6.5632,-0.1037,-2.2664,-2.1359,6.2659,2.4003,-7.0931,0.0846,-2.3089
663.00,-6.5627,-0.1037,-2.2330,-2.1356,6.2657,2.4315,-7.0928,0.0849,-2.2776
663.50,-6.5618,-0.1036,-2.1988,-2.1345,6.2647,2.4638,-7.0919,0.0860,-2.2453
664.00,-6.5604,-0.1036,-2.1637,-2.1332,6.2637,2.4968,-7.0909,0.0873,-2.2123
664.50,-6.5586,-0.1035,-2.1276,-2.1321,6.2629,2.5303,-7.0901,0.0884,-2.1788
665.00,-6.5563,-0.1035,-2.0906,-2.1303,6.2617,2.5660,-7.0889,0.0902,-2.1431
665.50,-6.5536,-0.1034,-2.0526,-2.1280,6.2603,2.6022,-7.0875,0.0925,-2.1069
666.00,-6.5504,-0.1034,-2.0135,-2.1254,6.2588,2.6395,-7.0860,0.0951,-2.0696
666.50,-6.5467,-0.1033,-1.9734,-2.1219,6.2569,2.6776,-7.0842,0.0987,-2.0315
667.00,-6.5425,-0.1033,-1.9321,-2.1169,6.2545,2.7173,-7.0818,0.1037,-1.9918
667.50,-6.5378,-0.1032,-1.8896,-2.1122,6.2525,2.7585,-7.0798,0.1084,-1.9506
668.00,-6.5327,-0.1032,-1.8459,-2.1068,6.2505,2.8003,-7.0777,0.1138,-1.9088
668.50,-6.5270,-0.1032,-1.8009,-2.1027,6.2491,2.8431,-7.0764,0.1179,-1.8660
669.00,-6.5209,-0.1032,-1.7544,-2.0977,6.2477,2.8880,-7.0750,0.1228,-1.8211
669.50,-6.5143,-0.1031,-1.7063,-2.0909,6.2460,2.9342,-7.0734,0.1297,-1.7749
670.00,-6.5073,-0.1181,-1.6400,-2.1001,6.2475,2.9950,-7.0462,0.0820,-1.6757
670.50,-6.4944,-0.1921,-1.4692,-2.1679,6.2517,-3.1169,-7.0475,0.0141,-1.5044
671.00,-6.4717,-0.3160,-1.4030,-2.2968,6.2421,-3.0419,-7.0071,-0.1273,-1.4283
671.50,-6.4543,-0.4446,-1.4394,-2.4250,6.2320,-3.0845,-6.9904,-0.2548,-1.4727
672.00,-6.4319,-0.5726,-1.3380,-2.5561,6.2199,-2.9906,-6.9734,-0.3853,-1.3728
672.50,-6.4004,-0.6976,-1.2514,-2.6836,6.1942,-2.9026,-6.9423,-0.5085,-1.2835
673.00,-6.3596,-0.8197,-1.1903,-2.8110,6.1591,-2.8422,-6.9004,-0.6331,-1.2222
673.50,-6.3121,-0.9402,-1.2041,-2.9353,6.1195,-2.8484,-6.8692,-0.7554,-1.2266
674.00,-6.2717,-1.0639,-1.3443,-3.0649,6.0885,-2.9813,-6.8266,-0.8832,-1.3630
674.50,-6.2397,-1.1928,-1.5658,-3.2013,6.0821,3.0774,-6.8125,-1.0169,-1.5866
675.00,-6.2245,-1.3221,-1.7465,-3.3397,6.1034,2.8947,-6.8072,-1.1462,-1.7679
675.50,-6.2391,-1.4481,-1.8896,-3.4577,6.1430,2.7493,-6.8065,-1.2592,-1.9100
676.00,-6.2744,-1.5675,-2.0561,-3.5742,6.2031,2.5758,-6.8556,-1.3785,-2.0827
676.50,-6.3355,-1.6801,-2.1124,-3.6815,6.2776,2.5095,-6.9050,-1.4939,-2.1438
677.00,-6.4042,-1.7910,-2.1333,-3.7847,6.3541,2.4905,-6.9732,-1.6037,-2.1601
677.50,-6.4746,-1.9005,-2.1267,-3.8882,6.4345,2.4885,-7.0526,-1.7121,-2.1622
678.00,-6.5390,-2.0127,-2.0890,-3.9955,6.5119,2.5309,-7.1191,-1.8236,-2.1145
678.50,-6.6050,-2.1251,-2.0947,-4.1052,6.5904,2.5196,-7.1857,-1.9382,-2.1258
679.00,-6.6698,-2.2379,-2.0983,-4.2119,6.6660,2.5186,-7.2588,-2.0497,-2.1233
679.50,-6.7380,-2.3494,-2.1225,-4.3173,6.7438,2.4931,-7.3293,-2.1602,-2.1489
680.00,-6.8099,-2.4590,-2.1583,-4.4231,6.8270,2.4553,-7.4049,-2.2681,-2.1848
680.50,-6.8782,-2.5570,-2.1888,-4.5213,6.9098,2.4232,-7.4809,-2.3651,-2.2125
681.00,-6.9155,-2.6066,-2.2233,-4.5714,6.9551,2.3869,-7.5177,-2.4152,-2.2481
681.50,-6.9207,-2.6126,-2.2570,-4.5775,6.9609,2.3515,-7.5216,-2.4208,-2.2835
682.00,-6.9209,-2.6127,-2.2897,-4.5776,6.9610,2.3169,-7.5216,-2.4209,-2.3180
682.50,-6.9208,-2.6130,-2.3225,-4.5777,6.9610,2.2826,-7.5217,-2.4210,-2.3524
683.00,-6.9207,-2.6133,-2.3564,-4.5780,6.9614,2.2471,-7.5220,-2.4213,-2.3878
683.50,-6.9209,-2.6133,-2.3903,-4.5782,6.9616,2.2115,-7.5222,-2.4215,-2.4234
684.00,-6.9211,-2.6134,-2.4230,-4.5783,6.9617,2.1770,-7.5223,-2.4216,-2.4580
684.50,-6.9210,-2.6132,-2.4558,-4.5783,6.9616,2.1432,-7.5222,-2.4215,-2.4918
685.00,-6.9210,-2.6126,-2.4894,-4.5778,6.9608,2.1073,-7.5215,-2.4210,-2.5277
685.50,-6.9209,-2.6116,-2.5239,-4.5770,6.9594,2.0711,-7.5202,-2.4201,-2.5638
686.00,-6.9209,-2.6101,-2.5593,-4.5764,6.9584,2.0341,-7.5191,-2.4195,-2.6008
686.50,-6.9208,-2.6082,-2.5956,-4.5756,6.9566,1.9956,-7.5174,-2.4185,-2.6393
687.00,-6.9208,-2.6057,-2.6329,-4.5742,6.9533,1.9564,-7.5143,-2.4169,-2.6785
687.50,-6.9207,-2.6029,-2.6712,-4.5734,6.9512,1.9166,-7.5122,-2.4159,-2.7183
688.00,-6.9207,-2.5995,-2.7106,-4.5724,6.9482,1.8754,-7.5093,-2.4146,-2.7596
688.50,-6.9206,-2.5957,-2.7511,-4.5713,6.9446,1.8336,-7.5058,-2.4133,-2.8013
689.00,-6.9206,-2.5913,-2.7927,-4.5703,6.9402,1.7902,-7.5015,-2.4119,-2.8448
689.50,-6.9206,-2.5865,-2.8355,-4.5693,6.9355,1.7448,-7.4969,-2.4106,-2.8902
690.00,-6.9205,-2.5812,-2.8796,-4.5683,6.9291,1.6994,-7.4906,-2.4091,-2.9356
690.50,-6.9205,-2.5754,-2.9251,-4.5676,6.9224,1.6517,-7.4839,-2.4079,-2.9833
691.00,-6.9205,-2.5692,-2.9720,-4.5672,6.9151,1.6027,-7.4767,-2.4069,-3.0322
691.50,-6.9204,-2.5624,-3.0206,-4.5671,6.9073,1.5524,-7.4690,-2.4062,-3.0825
692.00,-6.9204,-2.5552,-3.0708,-4.5674,6.9004,1.4998,-7.4621,-2.4060,-3.1352
692.50,-6.9204,-2.5475,-3.1230,-4.5682,6.8922,1.4462,-7.4538,-2.4062,3.0945
693.00,-6.9204,-2.5395,3.1068,-4.5679,6.8936,1.3906,-7.5194,-2.3578,3.0807
693.50,-6.9204,-2.5319,3.0552,-4.5667,6.8996,1.3376,-7.5256,-2.3573,3.0277
694.00,-6.9205,-2.5248,3.0055,-4.5647,6.9069,1.2860,-7.5330,-2.3562,2.9761
694.50,-6.9205,-2.5182,2.9575,-4.5625,6.9138,1.2354,-7.5401,-2.3549,2.9255
695.00,-6.9205,-2.5121,2.9110,-4.5605,6.9190,1.1872,-7.5456,-2.3535,2.8773
695.50,-6.9205,-2.5064,2.8659,-4.5578,6.9255,1.1402,-7.5523,-2.3516,2.8303
696.00,-6.9206,-2.5013,2.8222,-4.5560,6.9291,1.0943,-7.5561,-2.3502,2.7844
696.50,-6.9206,-2.4966,2.7798,-4.5540,6.9329,1.0499,-7.5601,-2.3486,2.7400
697.00,-6.9206,-2.4925,2.7385,-4.5519,6.9363,1.0070,-7.5638,-2.3470,2.6972
697.50,-6.9207,-2.4888,2.6984,-4.5503,6.9387,0.9652,-7.5326,-2.3013,2.6745
698.00,-6.9207,-2.4855,2.6594,-4.5477,6.9424,0.9249,-7.5366,-2.2992,2.6342
698.50,-6.9208,-2.4828,2.6213,-4.5463,6.9442,0.8855,-7.5386,-2.2981,2.5948
699.00,-6.9208,-2.4805,2.5843,-4.5449,6.9458,0.8465,-7.5404,-2.2969,2.5558
699.50,-6.9209,-2.4787,2.5483,-4.5434,6.9474,0.8088,-7.5421,-2.2957,2.5181
700.00,-6.9209,-2.4774,2.5132,-4.5424,6.9484,0.7717,-7.5433,-2.2948,2.4810
700.50,-6.9210,-2.4765,2.4789,-4.5414,6.9494,0.7357,-7.5444,-2.2940,2.4451
701.00,-6.9210,-2.4763,2.4708,-4.5411,6.9496,0.7241,-7.5446,-2.2938,2.4334
701.50,-6.9210,-2.4760,2.4423,-4.5408,6.9499,0.6958,-7.5450,-2.2935,2.4051
702.00,-6.9211,-2.4760,2.4098,-4.5406,6.9501,0.6613,-7.5452,-2.2933,2.3706
702.50,-6.9215,-2.4760,2.3766,-4.5402,6.9503,0.6261,-7.5455,-2.2929,2.3354
703.00,-6.9217,-2.4761,2.3424,-4.5400,6.9505,0.5900,-7.5457,-2.2928,2.2993
703.50,-6.9218,-2.4758,2.3090,-4.5397,6.9507,0.5545,-7.5459,-2.2925,2.2638
704.00,-6.9218,-2.4758,2.2764,-4.5397,6.9507,0.5199,-7.5459,-2.2925,2.2292
704.50,-6.9214,-2.4758,2.2434,-4.5401,6.9505,0.4854,-7.5457,-2.2928,2.1947
705.00,-6.9207,-2.4759,2.2094,-4.5407,6.9501,0.4496,-7.5452,-2.2934,2.1589
705.50,-6.9194,-2.4759,2.1746,-4.5426,6.9493,0.4129,-7.5441,-2.2952,2.1222
706.00,-6.9178,-2.4760,2.1388,-4.5444,6.9485,0.3748,-7.5432,-2.2968,2.0841
706.50,-6.9156,-2.4760,2.1021,-4.5468,6.9476,0.3368,-7.5419,-2.2991,2.0461
707.00,-6.9130,-2.4761,2.0643,-4.5497,6.9467,0.2978,-7.5406,-2.3018,2.0071
707.50,-6.9100,-2.4761,2.0256,-4.5531,6.9457,0.2569,-7.5392,-2.3051,1.9663
708.00,-6.9064,-2.4762,1.9858,-4.5580,6.9445,0.2158,-7.5373,-2.3098,1.9251
708.50,-6.9024,-2.4762,1.9449,-4.5624,6.9436,0.1735,-7.5358,-2.3140,1.8828
709.00,-6.8979,-2.4762,1.9028,-4.5667,6.9430,0.1298,-7.5346,-2.3182,1.8391
709.50,-6.8929,-2.4763,1.8595,-4.5730,6.9423,0.0848,-7.5330,-2.3243,1.7941
710.00,-6.8874,-2.4763,1.8149,-4.5789,6.9420,0.0392,-7.5319,-2.3301,1.7485
710.50,-6.8830,-2.4763,1.7821,-4.5838,6.9419,0.0001,-7.5311,-2.3350,1.7095
711.00,-6.8875,-2.4763,1.8257,-4.5786,6.9420,0.0414,-7.5319,-2.3298,1.7507
711.50,-6.8929,-2.4763,1.8701,-4.5730,6.9423,0.0838,-7.5330,-2.3243,1.7931
712.00,-6.8978,-2.4762,1.9131,-4.5665,6.9430,0.1252,-7.5346,-2.3180,1.8345
712.50,-6.9022,-2.4762,1.9549,-4.5629,6.9435,0.1652,-7.5356,-2.3145,1.8745
713.00,-6.9061,-2.4762,1.9955,-4.5591,6.9443,0.2040,-7.5369,-2.3108,1.9133
713.50,-6.9096,-2.4761,2.0351,-4.5564,6.9448,0.2416,-7.5378,-2.3082,1.9509
714.00,-6.9125,-2.4761,2.0735,-4.5529,6.9458,0.2788,-7.5393,-2.3049,1.9881
714.50,-6.9150,-2.4760,2.1110,-4.5502,6.9466,0.3147,-7.5404,-2.3023,2.0240
715.00,-6.9170,-2.4760,2.1475,-4.5482,6.9473,0.3493,-7.5414,-2.3005,2.0587
715.50,-6.9186,-2.4759,2.1831,-4.5467,6.9479,0.3829,-7.5422,-2.2990,2.0922
716.00,-6.9197,-2.4759,2.2177,-4.5457,6.9483,0.4162,-7.5427,-2.2981,2.1255
716.50,-6.9204,-2.4758,2.2514,-4.5449,6.9487,0.4485,-7.5432,-2.2973,2.1578
717.00,-6.9206,-2.4757,2.2843,-4.5445,6.9488,0.4795,-7.5434,-2.2970,2.1888
717.50,-6.9206,-2.4758,2.3169,-4.5446,6.9488,0.5106,-7.5434,-2.2971,2.2199
718.00,-6.9205,-2.4761,2.3507,-4.5449,6.9487,0.5425,-7.5432,-2.2973,2.2518
718.50,-6.9203,-2.4760,2.3847,-4.5448,6.9487,0.5750,-7.5432,-2.2973,2.2843
719.00,-6.9199,-2.4760,2.4177,-4.5454,6.9483,0.6063,-7.5428,-2.2978,2.3157
719.50,-6.9198,-2.4761,2.4503,-4.5455,6.9482,0.6375,-7.5427,-2.2979,2.3468
720.00,-6.9198,-2.4766,2.4837,-4.5457,6.9481,0.6690,-7.5425,-2.2981,2.3783
720.50,-6.9197,-2.4776,2.5181,-4.5462,6.9476,0.7017,-7.5420,-2.2985,2.4110
721.00,-6.9197,-2.4790,2.5533,-4.5476,6.9464,0.7352,-7.5406,-2.2997,2.4445
721.50,-6.9196,-2.4801,2.5789,-4.5483,6.9458,0.7589,-7.5399,-2.3003,2.4682
722.00,-6.9196,-2.4823,2.6157,-4.5495,6.9447,0.7943,-7.5386,-2.3013,2.5036
722.50,-6.9196,-2.4850,2.6536,-4.5517,6.9424,0.8301,-7.5360,-2.3032,2.5394
723.00,-6.9195,-2.4881,2.6925,-4.5535,6.9402,0.8672,-7.5336,-2.3047,2.5765
723.50,-6.9195,-2.4917,2.7324,-4.5558,6.9375,0.9057,-7.5306,-2.3066,2.6150
724.00,-6.9194,-2.4958,2.7735,-4.5589,6.9334,0.9451,-7.5261,-2.3091,2.6544
724.50,-6.9194,-2.5004,2.8158,-4.5617,6.9292,0.9861,-7.5216,-2.3113,2.6954
725.00,-6.9193,-2.5055,2.8593,-4.5640,6.9256,1.0275,-7.5177,-2.3131,2.7368
725.50,-6.9193,-2.5111,2.9041,-4.5670,6.9205,1.0704,-7.5123,-2.3153,2.7797
726.00,-6.9193,-2.5171,2.9504,-4.5703,6.9140,1.1152,-7.5054,-2.3177,2.8245
726.50,-6.9193,-2.5236,2.9981,-4.5720,6.9103,1.1614,-7.5015,-2.3189,2.8707
727.00,-6.9193,-2.5307,3.0476,-4.5749,6.9033,1.2095,-7.4942,-2.3208,2.9189
727.50,-6.9192,-2.5382,3.0989,-4.5781,6.8942,1.2594,-7.4847,-2.3227,2.9687
728.00,-6.9192,-2.5461,-3.1311,-4.5801,6.8872,1.3114,-7.5045,-2.3428,3.1219
728.50,-6.9192,-2.5539,-3.0786,-4.5784,6.8945,1.3624,-7.5120,-2.3428,-3.1103
729.00,-6.9193,-2.5612,-3.0280,-4.5769,6.9025,1.4114,-7.5201,-2.3433,-3.0612
729.50,-6.9193,-2.5680,-2.9792,-4.5759,6.9097,1.4589,-7.5274,-2.3440,-3.0138
730.00,-6.9193,-2.5744,-2.9321,-4.5753,6.9166,1.5047,-7.5343,-2.3451,-2.9680
730.50,-6.9193,-2.5802,-2.8864,-4.5750,6.9234,1.5486,-7.5409,-2.3464,-2.9241
731.00,-6.9194,-2.5856,-2.8421,-4.5750,6.9292,1.5915,-7.5465,-2.3477,-2.8812
731.50,-6.9194,-2.5905,-2.7990,-4.5751,6.9328,1.6331,-7.5500,-2.3487,-2.8396
732.00,-6.9194,-2.5949,-2.7573,-4.5754,6.9362,1.6735,-7.5533,-2.3498,-2.7992
732.50,-6.9195,-2.5988,-2.7166,-4.5758,6.9394,1.7126,-7.5563,-2.3509,-2.7601
733.00,-6.9195,-2.6022,-2.6771,-4.5762,6.9420,1.7503,-7.5587,-2.3519,-2.7223
733.50,-6.9196,-2.6052,-2.6386,-4.5769,6.9457,1.7869,-7.5235,-2.4104,-2.6683
734.00,-6.9196,-2.6077,-2.6011,-4.5773,6.9474,1.8226,-7.5250,-2.4112,-2.6326
734.50,-6.9197,-2.6097,-2.5647,-4.5777,6.9487,1.8584,-7.5262,-2.4119,-2.5968
735.00,-6.9197,-2.6113,-2.5291,-4.5783,6.9508,1.8920,-7.5280,-2.4131,-2.5632
735.50,-6.9198,-2.6124,-2.4945,-4.5787,6.9517,1.9253,-7.5289,-2.4136,-2.5299
736.00,-6.9198,-2.6130,-2.4607,-4.5788,6.9521,1.9574,-7.5292,-2.4139,-2.4978
736.50,-6.9199,-2.6133,-2.4279,-4.5789,6.9523,1.9885,-7.5294,-2.4140,-2.4667
737.00,-6.9198,-2.6132,-2.3952,-4.5788,6.9521,2.0191,-7.5292,-2.4139,-2.4361
737.50,-6.9373,-2.6307,-2.3104,-4.5877,6.9688,2.0950,-7.5431,-2.4267,-2.3602
738.00,-6.9880,-2.6998,-2.1626,-4.6338,7.0354,2.2444,-7.5863,-2.4962,-2.1934
738.50,-7.0546,-2.8089,-2.1246,-4.7210,7.1380,2.2890,-7.6614,-2.6080,-2.1488
739.00,-7.1275,-2.9172,-2.1986,-4.8020,7.2364,2.2159,-7.7298,-2.7124,-2.2201
739.50,-7.2075,-3.0204,-2.2355,-4.8792,7.3453,2.1719,-7.8203,-2.8164,-2.2659
740.00,-7.2857,-3.1237,-2.2103,-4.9555,7.4537,2.1977,-7.8940,-2.9192,-2.2366
740.50,-7.3542,-3.2160,-2.1959,-5.0229,7.5469,2.2079,-7.9665,-3.0097,-2.2246
741.00,-7.3866,-3.2612,-2.1608,-5.0580,7.5930,2.2416,-8.0027,-3.0561,-2.1892
741.50,-7.3887,-3.2651,-2.1248,-5.0620,7.5982,2.2762,-8.0065,-3.0614,-2.1546
742.00,-7.3864,-3.2650,-2.0877,-5.0603,7.5962,2.3119,-8.0051,-3.0592,-2.1189
742.50,-7.3836,-3.2650,-2.0496,-5.0578,7.5936,2.3481,-8.0032,-3.0560,-2.0827
743.00,-7.3803,-3.2649,-2.0104,-5.0555,7.5914,2.3856,-8.0018,-3.0533,-2.0451
743.50,-7.3766,-3.2649,-1.9702,-5.0528,7.5890,2.4242,-8.0002,-3.0500,-2.0066
744.00,-7.3724,-3.2648,-1.9289,-5.0500,7.5866,2.4637,-7.9987,-3.0467,-1.9671
744.50,-7.3677,-3.2648,-1.8863,-5.0461,7.5836,2.5046,-7.9969,-3.0421,-1.9262
745.00,-7.3625,-3.2648,-1.8425,-5.0416,7.5804,2.5462,-7.9951,-3.0369,-1.8846
745.50,-7.3568,-3.2647,-1.7973,-5.0370,7.5775,2.5899,-7.9935,-3.0316,-1.8409
746.00,-7.3506,-3.2647,-1.7507,-5.0319,7.5745,2.6345,-7.9921,-3.0259,-1.7963
746.50,-7.3440,-3.2647,-1.7025,-5.0255,7.5711,2.6807,-7.9906,-3.0188,-1.7501
747.00,-7.3368,-3.2647,-1.6527,-5.0190,7.5681,2.7281,-7.9895,-3.0117,-1.7027
747.50,-7.3292,-3.2647,-1.6009,-5.0114,7.5650,2.7777,-7.9887,-3.0036,-1.6531
748.00,-7.3213,-3.2647,-1.5475,-5.0096,7.5643,2.8298,-7.9885,-3.0016,-1.6010
748.50,-7.3136,-3.2647,-1.4955,-5.0172,7.5665,2.8799,-7.9885,-3.0095,-1.5509
749.00,-7.3064,-3.2647,-1.4454,-5.0241,7.5682,2.9289,-7.9882,-3.0167,-1.5019
749.50,-7.2997,-3.2647,-1.3970,-5.0327,7.5699,2.9756,-7.9874,-3.0254,-1.4552
750.00,-7.2935,-3.2647,-1.3502,-5.0392,7.5708,3.0210,-7.9865,-3.0319,-1.4098
750.50,-7.2877,-3.2648,-1.3048,-5.0458,7.5715,3.0650,-7.9853,-3.0385,-1.3658
751.00,-7.2824,-3.2648,-1.2608,-5.0517,7.5718,3.1073,-7.9840,-3.0441,-1.3235
751.50,-7.2777,-3.2648,-1.2181,-5.0557,7.5719,-3.1348,-7.9829,-3.0481,-1.2824
752.00,-7.2734,-3.2649,-1.1766,-5.0594,7.5718,-3.0952,-7.9818,-3.0516,-1.2427
752.50,-7.2696,-3.2649,-1.1362,-5.0647,7.5714,-3.0563,-7.9800,-3.0566,-1.2039
753.00,-7.2663,-3.2649,-1.0970,-5.0683,7.5710,-3.0185,-7.9787,-3.0600,-1.1661
753.50,-7.2634,-3.2650,-1.0587,-5.0707,7.5707,-2.9817,-7.9777,-3.0621,-1.1293
754.00,-7.2611,-3.2650,-1.0215,-5.0726,7.5704,-2.9463,-7.9768,-3.0639,-1.0939
754.50,-7.2592,-3.2651,-0.9852,-5.0744,7.5700,-2.9115,-7.9760,-3.0655,-1.0591
755.00,-7.2577,-3.2651,-0.9499,-5.0752,7.5698,-2.8776,-7.9756,-3.0662,-1.0252
755.50,-7.2567,-3.2652,-0.9155,-5.0764,7.5694,-2.8450,-7.9749,-3.0673,-0.9926
756.00,-7.2561,-3.2653,-0.8820,-5.0768,7.5693,-2.8134,-7.9747,-3.0676,-0.9610
756.50,-7.2560,-3.2653,-0.8493,-5.0772,7.5692,-2.7824,-7.9744,-3.0679,-0.9300
757.00,-7.2561,-3.2651,-0.8165,-5.0768,7.5693,-2.7517,-7.9747,-3.0676,-0.8993
757.50,-7.2561,-3.2650,-0.7825,-5.0766,7.5694,-2.7189,-7.9748,-3.0675,-0.8665
758.00,-7.2565,-3.2650,-0.7487,-5.0765,7.5695,-2.6866,-7.9749,-3.0673,-0.8342
758.50,-7.2567,-3.2651,-0.7160,-5.0759,7.5697,-2.6557,-7.9753,-3.0669,-0.8033
759.00,-7.2568,-3.2649,-0.6832,-5.0758,7.5698,-2.6249,-7.9754,-3.0668,-0.7725
759.50,-7.2568,-3.2642,-0.6495,-5.0755,7.5700,-2.5931,-7.9756,-3.0666,-0.7407
760.00,-7.2569,-3.2632,-0.6149,-5.0749,7.5704,-2.5605,-7.9762,-3.0661,-0.7081
760.50,-7.2569,-3.2616,-0.5795,-5.0729,7.5718,-2.5270,-7.9781,-3.0645,-0.6746
761.00,-7.2570,-3.2596,-0.5430,-5.0716,7.5727,-2.4923,-7.9794,-3.0635,-0.6399
761.50,-7.2638,-3.2545,-0.5193,-5.0653,7.5776,-2.4679,-7.9858,-3.0589,-0.6155
762.00,-7.2979,-3.2350,-0.5193,-5.0337,7.6028,-2.4699,-8.0188,-3.0355,-0.6175
762.50,-7.3326,-3.2152,-0.5193,-5.0001,7.6295,-2.4718,-7.9487,-3.0149,-0.5461
763.00,-7.3674,-3.1953,-0.5193,-4.9662,7.6563,-2.4733,-7.9856,-2.9924,-0.5476
763.50,-7.4021,-3.1755,-0.5193,-4.9339,7.6817,-2.4756,-8.0169,-2.9717,-0.5465
764.00,-7.4368,-3.1556,-0.5193,-4.9029,7.7061,-2.4772,-8.0507,-2.9511,-0.5480
764.50,-7.4715,-3.1358,-0.5193,-4.8731,7.7294,-2.4796,-8.0793,-2.9321,-0.5469
765.00,-7.4931,-3.1228,-0.5056,-4.8513,7.7463,-2.4692,-8.1030,-2.9181,-0.5347
765.50,-7.4932,-3.1199,-0.4672,-4.8494,7.7479,-2.4329,-8.1052,-2.9169,-0.4985
766.00,-7.4932,-3.1165,-0.4277,-4.8460,7.7509,-2.3953,-8.1092,-2.9148,-0.4608
766.50,-7.4933,-3.1126,-0.3872,-4.8430,7.7538,-2.3565,-8.1130,-2.9130,-0.4221
767.00,-7.4933,-3.1083,-0.3455,-4.8399,7.7570,-2.3170,-8.1170,-2.9113,-0.3826
767.50,-7.4933,-3.1034,-0.3025,-4.8360,7.7614,-2.2759,-8.1226,-2.9092,-0.3415
768.00,-7.4934,-3.0981,-0.2583,-4.8323,7.7659,-2.2335,-8.1088,-2.8939,-0.2886
768.50,-7.4934,-3.0922,-0.2127,-4.8282,7.7714,-2.1898,-8.1155,-2.8921,-0.2449
769.00,-7.4934,-3.0859,-0.1657,-4.8249,7.7764,-2.1447,-8.1213,-2.8908,-0.1998
769.50,-7.4934,-3.0791,-0.1170,-4.8209,7.7828,-2.0980,-8.1287,-2.8895,-0.1531
770.00,-7.4935,-3.0719,-0.0666,-4.8175,7.7890,-2.0496,-8.1357,-2.8886,-0.1047
770.50,-7.4935,-3.0641,-0.0142,-4.8142,7.7957,-1.9991,-8.1432,-2.8880,-0.0542
771.00,-7.4935,-3.0562,0.0391,-4.8152,7.7931,-1.9476,-8.1403,-2.8880,-0.0027
771.50,-7.4935,-3.0486,0.0905,-4.8181,7.7852,-1.8977,-8.1320,-2.8878,0.0472
772.00,-7.4934,-3.0416,0.1401,-4.8206,7.7775,-1.8498,-8.1239,-2.8872,0.0951
772.50,-7.4934,-3.0350,0.1880,-4.8223,7.7709,-1.8037,-8.1171,-2.8864,0.1412
773.00,-7.4934,-3.0289,0.2343,-4.8236,7.7651,-1.7589,-8.1113,-2.8855,0.1860
773.50,-7.4934,-3.0233,0.2793,-4.8245,7.7593,-1.7155,-8.1055,-2.8843,0.2294
774.00,-7.4933,-3.0182,0.3229,-4.8251,7.7544,-1.6736,-8.1007,-2.8830,0.2713
774.50,-7.4933,-3.0136,0.3652,-4.8254,7.7513,-1.6333,-8.0978,-2.8822,0.3116
775.00,-7.4932,-3.0094,0.4064,-4.8256,7.7473,-1.5936,-8.0940,-2.8809,0.3513
775.50,-7.4932,-3.0058,0.4464,-4.8256,7.7444,-1.5552,-8.0913,-2.8798,0.3897
776.00,-7.4932,-3.0026,0.4854,-4.8255,7.7413,-1.5179,-8.0884,-2.8786,0.4270
776.50,-7.4932,-3.0030,0.4750,-4.8255,7.7413,-1.5253,-8.0884,-2.8786,0.4196
777.00,-7.4932,-3.0063,0.4358,-4.8256,7.7454,-1.5664,-8.0922,-2.8802,0.3785
777.50,-7.4933,-3.0101,0.3955,-4.8255,7.7483,-1.6085,-8.0949,-2.8812,0.3364
778.00,-7.4933,-3.0144,0.3540,-4.8253,7.7521,-1.6515,-8.0985,-2.8823,0.2934
778.50,-7.4933,-3.0191,0.3113,-4.8248,7.7573,-1.6958,-8.1036,-2.8838,0.2491
779.00,-7.4934,-3.0244,0.2674,-4.8241,7.7621,-1.7411,-8.1082,-2.8848,0.2038
779.50,-7.4934,-3.0301,0.2221,-4.8228,7.7686,-1.7881,-8.1148,-2.8860,0.1568
780.00,-7.4934,-3.0363,0.1753,-4.8211,7.7755,-1.8365,-8.1218,-2.8870,0.1083
780.50,-7.4934,-3.0430,0.1270,-4.8191,7.7822,-1.8863,-8.1288,-2.8876,0.0586
781.00,-7.4935,-3.0502,0.0769,-4.8166,7.7894,-1.9378,-8.1364,-2.8879,0.0071
781.50,-7.4935,-3.0579,0.0250,-4.8135,7.7967,-1.9914,-8.1444,-2.8877,-0.0465
782.00,-7.4935,-3.0658,-0.0285,-4.8131,7.7977,-2.0468,-8.1057,-2.8474,-0.0531
782.50,-7.4935,-3.0735,-0.0803,-4.8167,7.7912,-2.1000,-8.0984,-2.8480,-0.1062
783.00,-7.4934,-3.0806,-0.1302,-4.8211,7.7842,-2.1522,-8.0901,-2.8491,-0.1584
783.50,-7.4934,-3.0873,-0.1784,-4.8249,7.7786,-2.2025,-8.0835,-2.8503,-0.2087
784.00,-7.4934,-3.0935,-0.2251,-4.8291,7.7732,-2.2509,-8.0769,-2.8519,-0.2571
784.50,-7.4934,-3.0992,-0.2703,-4.8330,7.7686,-2.2985,-8.0711,-2.8536,-0.3047
785.00,-7.4933,-3.1040,-0.3132,-4.8369,7.7644,-2.3450,-8.0657,-2.8554,-0.3512
785.50,-7.4933,-3.1088,-0.3558,-4.8404,7.7609,-2.3895,-8.0610,-2.8572,-0.3958
786.00,-7.4887,-3.1137,-0.3974,-4.8446,7.7572,-2.4327,-8.0971,-2.9023,-0.4232
786.50,-7.4376,-3.1349,-0.4343,-4.8883,7.7212,-2.4692,-8.0459,-2.9265,-0.4598
787.00,-7.3447,-3.1771,-0.5719,-4.9724,7.6614,-2.6010,-7.9617,-2.9778,-0.5880
787.50,-7.2455,-3.2511,-0.7573,-5.0881,7.6072,-2.7929,-7.8621,-3.0543,-0.7817
788.00,-7.1553,-3.3453,-0.8363,-5.2156,7.5683,-2.8821,-7.7714,-3.1436,-0.8640
788.50,-7.0670,-3.4403,-0.7943,-5.3436,7.5332,-2.8447,-7.6846,-3.2439,-0.8230
789.00,-6.9740,-3.5308,-0.7494,-5.4695,7.4914,-2.7997,-7.6017,-3.3344,-0.7763
789.50,-6.8777,-3.6179,-0.7255,-5.5941,7.4447,-2.7743,-7.5010,-3.4207,-0.7509
790.00,-6.7809,-3.7048,-0.7405,-5.7178,7.3981,-2.7904,-7.4094,-3.5115,-0.7670
790.50,-6.6849,-3.7924,-0.7376,-5.8406,7.3532,-2.7890,-7.3154,-3.6023,-0.7639
791.00,-6.5890,-3.8803,-0.7439,-5.9684,7.3070,-2.7973,-7.2221,-3.6968,-0.7704
791.50,-6.4931,-3.9680,-0.7409,-6.0880,7.2638,-2.7958,-7.1290,-3.7796,-0.7689
792.00,-6.3961,-4.0544,-0.7093,-6.2150,7.2166,-2.7676,-7.0308,-3.8730,-0.7372
792.50,-6.2970,-4.1385,-0.7022,-6.3322,7.1698,-2.7607,-6.9399,-3.9572,-0.7286
793.00,-6.1983,-4.2231,-0.7216,-6.4578,7.1203,-2.7787,-6.8357,-4.0477,-0.7454
793.50,-6.1016,-4.3102,-0.7433,-6.5788,7.0763,-2.8034,-6.7456,-4.1366,-0.7689
794.00,-6.0072,-4.3999,-0.7917,-6.7009,7.0360,-2.8512,-6.6480,-4.2278,-0.8156
794.50,-5.9192,-4.4960,-0.8669,-6.8343,7.0014,-2.9274,-6.5605,-4.3282,-0.8897
795.00,-5.8395,-4.5986,-0.9587,-6.9654,6.9790,-3.0210,-6.4828,-4.4344,-0.9784
795.50,-5.7689,-4.7091,-1.0979,-7.1003,6.9703,3.1272,-6.4215,-4.5430,-1.1141
796.00,-5.7066,-4.8229,-1.3493,-7.2360,6.9877,2.8782,-6.3677,-4.6695,-1.3623
796.50,-5.6584,-4.9482,-1.6219,-7.3563,7.0389,2.5963,-6.3336,-4.7823,-1.6416
797.00,-5.6536,-5.0768,-1.7842,-7.4602,7.1161,2.4250,-6.3207,-4.9076,-1.8086
797.50,-5.6792,-5.2031,-1.8419,-7.5622,7.2098,2.3689,-6.3369,-5.0413,-1.8612
798.00,-5.7152,-5.3268,-1.9055,-7.6554,7.3091,2.2950,-6.3917,-5.1600,-1.9351
798.50,-5.7547,-5.4503,-1.8813,-7.7478,7.4101,2.3227,-6.4186,-5.2908,-1.9004
799.00,-5.7996,-5.5731,-1.9358,-7.8342,7.5068,2.2680,-6.4635,-5.4102,-1.9551
799.50,-5.8534,-5.6931,-1.9953,-7.9184,7.6141,2.2066,-6.5191,-5.5347,-2.0138
800.00,-5.9132,-5.8101,-2.0353,-7.9974,7.7279,2.1586,-6.5819,-5.6482,-2.0645
800.50,-5.9731,-5.9259,-2.0503,-8.0712,7.8398,2.1427,-6.6561,-5.7559,-2.0804
801.00,-6.0322,-6.0339,-2.0804,-8.1405,7.9496,2.1140,-6.7104,-5.8686,-2.1022
801.50,-6.0683,-6.0924,-2.1176,-8.1758,8.0106,2.0753,-6.7472,-5.9288,-2.1408
802.00,-6.0757,-6.1015,-2.1539,-8.1821,8.0222,2.0369,-6.7545,-5.9398,-2.1793
802.50,-6.0772,-6.1016,-2.1892,-8.1826,8.0232,1.9995,-6.7551,-5.9408,-2.2166
803.00,-6.0782,-6.1016,-2.2237,-8.1830,8.0241,1.9629,-6.7556,-5.9416,-2.2532
803.50,-6.0788,-6.1017,-2.2573,-8.1834,8.0250,1.9270,-6.7563,-5.9424,-2.2892
804.00,-6.0790,-6.1017,-2.2900,-8.1835,8.0251,1.8927,-6.7563,-5.9424,-2.3235
804.50,-6.0789,-6.1020,-2.3228,-8.1835,8.0251,1.8583,-6.7563,-5.9425,-2.3579
805.00,-6.0789,-6.1023,-2.3567,-8.1836,8.0254,1.8226,-6.7566,-5.9427,-2.3936
805.50,-6.0791,-6.1024,-2.3906,-8.1837,8.0257,1.7863,-6.7568,-5.9429,-2.4299
806.00,-6.0792,-6.1025,-2.4234,-8.1837,8.0257,1.7518,-6.7568,-5.9429,-2.4643
806.50,-6.0792,-6.1023,-2.4561,-8.1837,8.0257,1.7174,-6.7568,-5.9429,-2.4987
807.00,-6.0791,-6.1017,-2.4897,-8.1836,8.0255,1.6821,-6.7566,-5.9428,-2.5341
807.50,-6.0791,-6.1006,-2.5242,-8.1836,8.0246,1.6458,-6.7559,-5.9423,-2.5703
808.00,-6.0790,-6.0991,-2.5596,-8.1834,8.0229,1.6088,-6.7544,-5.9414,-2.6073
808.50,-6.0790,-6.0972,-2.5960,-8.1834,8.0206,1.5706,-6.7524,-5.9402,-2.6455
809.00,-6.0789,-6.0948,-2.6333,-8.1834,8.0185,1.5318,-6.7505,-5.9393,-2.6843
809.50,-6.0789,-6.0919,-2.6717,-8.1836,8.0155,1.4925,-6.7478,-5.9380,-2.7236
810.00,-6.0788,-6.0885,-2.7110,-8.1840,8.0114,1.4520,-6.7441,-5.9364,-2.7641
810.50,-6.0788,-6.0847,-2.7515,-8.1846,8.0075,1.4098,-6.7403,-5.9350,-2.8063
811.00,-6.0787,-6.0803,-2.7931,-8.1852,8.0043,1.3663,-6.7373,-5.9340,-2.8499
811.50,-6.0787,-6.0755,-2.8360,-8.1862,7.9996,1.3216,-6.7326,-5.9327,-2.8945
812.00,-6.0787,-6.0702,-2.8801,-8.1879,7.9934,1.2754,-6.7264,-5.9313,-2.9407
812.50,-6.0786,-6.0644,-2.9256,-8.1895,7.9887,1.2290,-6.7215,-5.9304,-2.9872
813.00,-6.0786,-6.0581,-2.9725,-8.1919,7.9824,1.1804,-6.7148,-5.9295,-3.0358
813.50,-6.0786,-6.0514,-3.0211,-8.1947,7.9762,1.1301,-6.7080,-5.9290,-3.0861
814.00,-6.0786,-6.0441,-3.0714,-8.1973,7.9709,1.0781,-6.7022,-5.9288,-3.1381
814.50,-6.0786,-6.0364,-3.1236,-8.2002,7.9658,1.0244,-6.6962,-5.9289,3.0914
815.00,-6.0786,-6.0285,3.1062,-8.1988,7.9678,0.9692,-6.7586,-5.8696,3.0816
815.50,-6.0786,-6.0209,3.0547,-8.1946,7.9737,0.9158,-6.7658,-5.8690,3.0282
816.00,-6.0786,-6.0138,3.0050,-8.1903,7.9789,0.8640,-6.7725,-5.8680,2.9764
816.50,-6.0786,-6.0072,2.9569,-8.1860,7.9837,0.8148,-6.7788,-5.8668,2.9272
817.00,-6.0787,-6.0011,2.9105,-8.1814,7.9884,0.7668,-6.7852,-5.8653,2.8792
817.50,-6.0787,-5.9954,2.8655,-8.1769,7.9926,0.7207,-6.7911,-5.8635,2.8331
818.00,-6.0787,-5.9903,2.8218,-8.1734,7.9955,0.6749,-6.7954,-5.8621,2.7873
818.50,-6.0788,-5.9856,2.7793,-8.1698,7.9982,0.6314,-6.7996,-5.8604,2.7438
819.00,-6.0788,-5.9815,2.7381,-8.1654,8.0013,0.5878,-6.8046,-5.8582,2.7002
819.50,-6.0788,-5.9778,2.6980,-8.1630,8.0028,0.5460,-6.7659,-5.8145,2.6724
820.00,-6.0789,-5.9746,2.6589,-8.1592,8.0050,0.5051,-6.7698,-5.8124,2.6315
820.50,-6.0789,-5.9718,2.6209,-8.1566,8.0064,0.4657,-6.7724,-5.8109,2.5921
821.00,-6.0790,-5.9696,2.5839,-8.1545,8.0074,0.4272,-6.7743,-5.8097,2.5535
821.50,-6.0790,-5.9678,2.5479,-8.1525,8.0083,0.3890,-6.7761,-5.8084,2.5154
822.00,-6.0790,-5.9675,2.5426,-8.1522,8.0084,0.3800,-6.7764,-5.8082,2.5064
822.50,-6.0790,-5.9675,2.5426,-8.1522,8.0084,0.3781,-6.7764,-5.8082,2.5045
823.00,-6.0790,-5.9675,2.5426,-8.1522,8.0084,0.3760,-6.7764,-5.8082,2.5024
823.50,-6.0790,-5.9675,2.5426,-8.1522,8.0084,0.3741,-6.7764,-5.8082,2.5005
824.00,-6.0790,-5.9675,2.5426,-8.1522,8.0084,0.3723,-6.7764,-5.8082,2.4987
824.50,-6.0790,-5.9675,2.5426,-8.1522,8.0084,0.3707,-6.7764,-5.8082,2.4971
825.00,-6.0790,-5.9675,2.5426,-8.1522,8.0084,0.3692,-6.7764,-5.8082,2.4955
825.50,-6.0791,-5.9665,2.5126,-8.1510,8.0088,0.3402,-6.7774,-5.8074,2.4666
826.00,-6.0791,-5.9656,2.4784,-8.1502,8.0091,0.3044,-6.7780,-5.8069,2.4307
826.50,-6.0792,-5.9652,2.4451,-8.1495,8.0093,0.2700,-6.7786,-5.8064,2.3964
827.00,-6.0793,-5.9651,2.4125,-8.1492,8.0094,0.2365,-6.7788,-5.8062,2.3628
827.50,-6.0797,-5.9652,2.3794,-8.1487,8.0095,0.2019,-6.7791,-5.8059,2.3283
828.00,-6.0799,-5.9652,2.3452,-8.1485,8.0095,0.1660,-6.7793,-5.8057,2.2924
828.50,-6.0799,-5.9649,2.3117,-8.1482,8.0096,0.1312,-6.7795,-5.8055,2.2576
829.00,-6.0800,-5.9649,2.2792,-8.1482,8.0096,0.0966,-6.7795,-5.8055,2.2230
829.50,-6.0796,-5.9649,2.2462,-8.1486,8.0095,0.0622,-6.7793,-5.8058,2.1886
830.00,-6.0789,-5.9650,2.2123,-8.1496,8.0095,0.0271,-6.7787,-5.8066,2.1535
830.50,-6.0777,-5.9651,2.1775,-8.1513,8.0095,-0.0091,-6.7778,-5.8081,2.1173
831.00,-6.0761,-5.9651,2.1418,-8.1538,8.0096,-0.0467,-6.7765,-5.8102,2.0797
831.50,-6.0740,-5.9652,2.1052,-8.1555,8.0097,-0.0847,-6.7757,-5.8117,2.0417
832.00,-6.0714,-5.9652,2.0675,-8.1580,8.0099,-0.1243,-6.7746,-5.8140,2.0021
832.50,-6.0684,-5.9653,2.0289,-8.1612,8.0104,-0.1643,-6.7733,-5.8169,1.9620
833.00,-6.0649,-5.9653,1.9892,-8.1645,8.0110,-0.2055,-6.7721,-5.8201,1.9209
833.50,-6.0609,-5.9653,1.9484,-8.1682,8.0118,-0.2479,-6.7709,-5.8236,1.8785
834.00,-6.0564,-5.9654,1.9064,-8.1733,8.0133,-0.2914,-6.7694,-5.8288,1.8349
834.50,-6.0515,-5.9654,1.8632,-8.1772,8.0145,-0.3358,-6.7684,-5.8327,1.7906
835.00,-6.0460,-5.9654,1.8186,-8.1816,8.0162,-0.3820,-6.7675,-5.8373,1.7444
835.50,-6.0401,-5.9655,1.7727,-8.1870,8.0185,-0.4299,-6.7666,-5.8431,1.6965
836.00,-6.0336,-5.9655,1.7253,-8.1935,8.0216,-0.4787,-6.7658,-5.8503,1.6477
836.50,-6.0267,-5.9655,1.6762,-8.1996,8.0250,-0.5295,-6.7655,-5.8573,1.5969
837.00,-6.0193,-5.9655,1.6254,-8.2063,8.0291,-0.5820,-6.7188,-5.8218,1.5873
837.50,-6.0115,-5.9655,1.5725,-8.2119,8.0330,-0.6362,-6.7041,-5.8116,1.5460
838.00,-6.0036,-5.9655,1.5196,-8.2060,8.0284,-0.6909,-6.7037,-5.8041,1.4913
838.50,-5.9962,-5.9655,1.4686,-8.2009,8.0239,-0.7434,-6.7029,-5.7974,1.4388
839.00,-5.9881,-5.9581,1.3984,-8.1941,8.0173,-0.8111,-6.7014,-5.7880,1.3711
839.50,-5.9708,-5.8982,1.2387,-8.1556,7.9685,-0.9765,-6.6836,-5.7284,1.2057
840.00,-5.9330,-5.7881,1.1894,-8.0938,7.8683,-1.0368,-6.6060,-5.6305,1.1593
840.50,-5.8945,-5.6742,1.2964,-8.0243,7.7600,-0.9397,-6.5587,-5.5109,1.2599
841.00,-5.8648,-5.5469,1.5087,-7.9343,7.6614,-0.7232,-6.5316,-5.3902,1.4799
841.50,-5.8537,-5.4223,1.5662,-7.8357,7.5824,-0.6558,-6.5261,-5.2639,1.5473
842.00,-5.8487,-5.3269,1.4642,-7.7614,7.5213,-0.7509,-6.5113,-5.1703,1.4461
842.50,-5.8342,-5.2133,1.2169,-7.6910,7.4376,-1.0039,-6.4848,-5.0619,1.1923
843.00,-5.7956,-5.1076,1.0966,-7.6365,7.3363,-1.1313,-6.4522,-4.9486,1.0722
843.50,-5.7404,-5.0087,1.0672,-7.5922,7.2352,-1.1701,-6.3992,-4.8531,1.0330
844.00,-5.6868,-4.9149,1.1701,-7.5429,7.1278,-1.0774,-6.3413,-4.7502,1.1328
844.50,-5.6462,-4.8340,1.4355,-7.4925,7.0551,-0.8217,-6.3126,-4.6778,1.3954
845.00,-5.6187,-4.7128,1.7075,-7.3975,6.9802,-0.5398,-6.2846,-4.5570,1.6778
845.50,-5.6323,-4.5851,1.7852,-7.2818,6.9196,-0.4527,-6.2840,-4.4252,1.7621
846.00,-5.6550,-4.4573,1.6945,-7.1641,6.8580,-0.5412,-6.2999,-4.2982,1.6706
846.50,-5.6683,-4.3278,1.6317,-7.0508,6.7832,-0.6112,-6.3042,-4.1666,1.6045
847.00,-5.6747,-4.1980,1.6059,-6.9420,6.7061,-0.6380,-6.3127,-4.0374,1.5801
847.50,-5.6761,-4.0680,1.5960,-6.8362,6.6253,-0.6532,-6.3110,-3.9070,1.5659
848.00,-5.6816,-3.9381,1.5963,-6.7281,6.5447,-0.6486,-6.3118,-3.7738,1.5740
848.50,-5.6837,-3.8081,1.5961,-6.6201,6.4609,-0.6555,-6.3084,-3.6470,1.5671
849.00,-5.6915,-3.6782,1.6179,-6.5127,6.3816,-0.6279,-6.3133,-3.5201,1.5973
849.50,-5.6945,-3.5483,1.6009,-6.4121,6.3053,-0.6532,-6.3143,-3.3955,1.5694
850.00,-5.7030,-3.4185,1.6269,-6.3075,6.2283,-0.6230,-6.3173,-3.2624,1.6056
850.50,-5.7065,-3.2885,1.6022,-6.2043,6.1503,-0.6552,-6.3200,-3.1330,1.5718
851.00,-5.7157,-3.1587,1.6383,-6.1000,6.0739,-0.6154,-6.3236,-3.0038,1.6148
851.50,-5.7195,-3.0289,1.5881,-5.9919,5.9926,-0.6714,-6.3262,-2.8686,1.5596
852.00,-5.7266,-2.8991,1.6719,-5.8830,5.9109,-0.5941,-6.3305,-2.7402,1.6411
852.50,-5.7428,-2.7703,1.7301,-5.7703,5.8410,-0.5324,-6.3483,-2.6107,1.7056
853.00,-5.7674,-2.6423,1.7582,-5.6549,5.7753,-0.5027,-6.3611,-2.4796,1.7342
853.50,-5.7864,-2.5138,1.6663,-5.5405,5.7073,-0.5939,-6.3820,-2.3509,1.6430
854.00,-5.7983,-2.3843,1.6680,-5.4299,5.6295,-0.6050,-6.3888,-2.2189,1.6342
854.50,-5.8168,-2.2556,1.7511,-5.3207,5.5610,-0.5206,-6.4026,-2.0941,1.7210
855.00,-5.8446,-2.1285,1.8103,-5.2065,5.5003,-0.4588,-6.4267,-1.9669,1.7846
855.50,-5.8719,-2.0017,1.7467,-5.0897,5.4400,-0.5194,-6.4516,-1.8379,1.7245
856.00,-5.8931,-1.8734,1.7449,-4.9770,5.3725,-0.5324,-6.4668,-1.7077,1.7111
856.50,-5.9220,-1.7459,1.7969,-4.8623,5.3083,-0.4828,-6.4886,-1.5807,1.7637
857.00,-5.9601,-1.6204,1.8777,-4.7420,5.2511,-0.4032,-6.5290,-1.4509,1.8468
857.50,-6.0006,-1.4967,1.8643,-4.6238,5.2019,-0.4098,-6.5666,-1.3297,1.8416
858.00,-6.0352,-1.3717,1.8490,-4.5040,5.1468,-0.4339,-6.6019,-1.2033,1.8175
858.50,-6.0773,-1.2479,1.9291,-4.3801,5.0940,-0.3558,-6.6340,-1.0739,1.8956
859.00,-6.1286,-1.1281,2.0010,-4.2575,5.0540,-0.2836,-6.6827,-0.9598,1.9721
859.50,-6.1881,-1.0110,2.0400,-4.1289,5.0190,-0.2453,-6.7399,-0.8381,2.0103
860.00,-6.2521,-0.8961,2.0797,-3.9990,4.9890,-0.2068,-6.7988,-0.7185,2.0500
860.50,-6.3173,-0.7831,2.0963,-3.8679,4.9627,-0.1906,-6.8657,-0.6002,2.0662
861.00,-6.3869,-0.6719,2.1360,-3.7394,4.9404,-0.1516,-6.9321,-0.4913,2.1061
861.50,-6.4616,-0.5641,2.1972,-3.6080,4.9236,-0.0933,-6.9959,-0.3814,2.1670
862.00,-6.5415,-0.4606,2.2412,-3.4713,4.9141,-0.0487,-7.0785,-0.2699,2.2125
862.50,-6.6230,-0.3592,2.2500,-3.3489,4.9087,-0.0411,-7.1548,-0.1799,2.2218
863.00,-6.7041,-0.2577,2.2422,-3.2191,4.9027,-0.0516,-7.2378,-0.0661,2.2113
863.50,-6.7852,-0.1561,2.2459,-3.0792,4.8958,-0.0492,-7.3216,0.0390,2.2172
864.00,-6.8661,-0.0543,2.2434,-2.9478,4.8888,-0.0542,-7.3878,0.1379,2.2131
864.50,-6.9477,0.0470,2.2525,-2.8207,4.8823,-0.0472,-7.4666,0.2398,2.2236
865.00,-7.0300,0.1477,2.2603,-2.6912,4.8765,-0.0405,-7.5453,0.3452,2.2312
865.50,-7.1123,0.2482,2.2408,-2.5622,4.8709,-0.0579,-7.6282,0.4494,2.2152
866.00,-7.1909,0.3514,2.2183,-2.4302,4.8608,-0.0871,-7.7025,0.5567,2.1877
866.50,-7.2713,0.4538,2.2684,-2.3004,4.8514,-0.0444,-7.7765,0.6619,2.2333
867.00,-7.3604,0.5475,2.4022,-2.1640,4.8535,0.0868,-7.8669,0.7598,2.3680
867.50,-7.4607,0.6303,2.4970,-2.0313,4.8721,0.1851,-7.9564,0.8484,2.4698
868.00,-7.5648,0.7082,2.4784,-1.9045,4.8964,0.1726,-8.0655,0.9182,2.4581
868.50,-7.6537,0.7851,2.3358,-1.7875,4.9104,0.0357,-8.1451,1.0072,2.3169
869.00,-7.7261,0.8735,2.1146,-1.6710,4.9025,-0.1856,-8.2251,1.1007,2.0956
869.50,-7.7908,0.9802,1.8678,-1.5488,4.8644,-0.4335,-8.2657,1.2083,1.8512
870.00,-7.8471,1.0916,1.5606,-1.4415,4.7939,-0.7426,-8.3028,1.3258,1.5456
870.50,-7.8619,1.2199,1.3426,-1.3519,4.6891,-0.9683,-8.3281,1.4521,1.3199
871.00,-7.8465,1.3322,1.1065,-1.2978,4.5868,-1.2079,-8.3001,1.5500,1.0907
871.50,-7.7884,1.4437,0.9770,-1.2629,4.4678,-1.3490,-8.2647,1.6654,0.9497
872.00,-7.7136,1.5493,0.9198,-1.2364,4.3339,-1.4074,-8.1823,1.7743,0.8947
872.50,-7.6318,1.6509,0.8718,-1.2178,4.2010,-1.4554,-8.1056,1.8767,0.8502
873.00,-7.5448,1.7479,0.8051,-1.2074,4.0734,-1.5251,-8.0177,1.9621,0.7832
873.50,-7.4534,1.8405,0.7835,-1.2033,3.9406,-1.5479,-7.9222,2.0621,0.7613
874.00,-7.3586,1.9299,0.7333,-1.2036,3.8126,-1.6012,-7.8275,2.1483,0.7053
874.50,-7.2616,2.0164,0.7316,-1.2086,3.6793,-1.6083,-7.7250,2.2337,0.7043
875.00,-7.1666,2.1048,0.7645,-1.2115,3.5466,-1.5761,-7.6330,2.3212,0.7373
875.50,-7.0738,2.1951,0.7794,-1.2113,3.4141,-1.5620,-7.5277,2.4108,0.7541
876.00,-7.0073,2.2597,0.7540,-1.2111,3.3225,-1.5874,-7.4704,2.4731,0.7287
876.50,-6.9847,2.2804,0.7211,-1.2122,3.2866,-1.6222,-7.4331,2.4963,0.6974
877.00,-6.9848,2.2802,0.6884,-1.2121,3.2869,-1.6572,-7.4333,2.4962,0.6624
877.50,-6.9848,2.2797,0.6549,-1.2121,3.2874,-1.6918,-7.4337,2.4959,0.6278
878.00,-6.9849,2.2787,0.6204,-1.2120,3.2879,-1.7277,-7.4341,2.4956,0.5919
878.50,-6.9849,2.2772,0.5851,-1.2118,3.2889,-1.7645,-7.4350,2.4951,0.5551
879.00,-6.9850,2.2753,0.5488,-1.2115,3.2903,-1.8024,-7.4363,2.4943,0.5172
879.50,-6.9850,2.2729,0.5116,-1.2106,3.2938,-1.8414,-7.4394,2.4926,0.4782
880.00,-6.9851,2.2701,0.4734,-1.2097,3.2967,-1.8810,-7.4421,2.4913,0.4386
880.50,-6.9851,2.2667,0.4341,-1.2085,3.3001,-1.9220,-7.4454,2.4898,0.3976
881.00,-6.9852,2.2629,0.3937,-1.2070,3.3038,-1.9642,-7.4492,2.4884,0.3554
881.50,-6.9852,2.2586,0.3522,-1.2050,3.3086,-2.0076,-7.4541,2.4866,0.3120
882.00,-6.9852,2.2539,0.3094,-1.2028,3.3130,-2.0517,-7.4588,2.4852,0.2679
882.50,-6.9853,2.2486,0.2654,-1.2006,3.3170,-2.0978,-7.4632,2.4841,0.2218
883.00,-6.9853,2.2429,0.2201,-1.1980,3.3212,-2.1446,-7.4680,2.4831,0.1750
883.50,-6.9853,2.2366,0.1733,-1.1951,3.3256,-2.1931,-7.4732,2.4823,0.1265
884.00,-6.9853,2.2299,0.1248,-1.1923,3.3293,-2.2428,-7.4779,2.4818,0.0768
884.50,-6.9854,2.2227,0.0747,-1.1880,3.3344,-2.2938,-7.4845,2.4815,0.0258
885.00,-6.9854,2.2150,0.0227,-1.1828,3.3400,-2.3475,-7.4537,2.4455,-0.0038
885.50,-6.9854,2.2071,-0.0307,-1.1825,3.3404,-2.4021,-7.4425,2.4350,-0.0511
886.00,-6.9854,2.1995,-0.0825,-1.1895,3.3343,-2.4556,-7.4333,2.4343,-0.1046
886.50,-6.9853,2.1923,-0.1323,-1.1951,3.3300,-2.5070,-7.4263,2.4333,-0.1560
887.00,-6.9853,2.1857,-0.1805,-1.2006,3.3262,-2.5571,-7.4197,2.4322,-0.2061
887.50,-6.9853,2.1795,-0.2271,-1.2063,3.3226,-2.6058,-7.4132,2.4306,-0.2548
888.00,-6.9853,2.1738,-0.2722,-1.2118,3.3195,-2.6527,-7.4070,2.4289,-0.3017
888.50,-6.9852,2.1686,-0.3160,-1.2167,3.3170,-2.6983,-7.4018,2.4271,-0.3473
889.00,-6.9852,2.1639,-0.3586,-1.2222,3.3145,-2.7430,-7.3963,2.4250,-0.3920
889.50,-6.9852,2.1597,-0.3999,-1.2266,3.3128,-2.7856,-7.3919,2.4231,-0.4346
890.00,-6.9851,2.1560,-0.4401,-1.2310,3.3112,-2.8281,-7.4385,2.3692,-0.4666
890.50,-6.9851,2.1527,-0.4793,-1.2342,3.3103,-2.8691,-7.4355,2.3676,-0.5076
891.00,-6.9850,2.1500,-0.5173,-1.2363,3.3097,-2.9094,-7.4337,2.3665,-0.5479
891.50,-6.9850,2.1477,-0.5544,-1.2389,3.3092,-2.9481,-7.4314,2.3651,-0.5866
892.00,-6.9849,2.1458,-0.5906,-1.2413,3.3087,-2.9859,-7.4294,2.3637,-0.6245
892.50,-6.9849,2.1444,-0.6258,-1.2426,3.3085,-3.0226,-7.4283,2.3629,-0.6611
893.00,-6.9848,2.1435,-0.6600,-1.2436,3.3084,-3.0582,-7.4275,2.3623,-0.6967
893.50,-6.9848,2.1430,-0.6934,-1.2443,3.3084,-3.0935,-7.4270,2.3618,-0.7320
894.00,-6.9847,2.1429,-0.7260,-1.2444,3.3084,-3.1286,-7.4269,2.3617,-0.7671
894.50,-6.9843,2.1430,-0.7590,-1.2449,3.3084,3.1197,-7.4266,2.3614,-0.8020
895.00,-6.9841,2.1430,-0.7931,-1.2451,3.3084,3.0842,-7.4265,2.3613,-0.8376
895.50,-6.9840,2.1427,-0.8268,-1.2456,3.3084,3.0481,-7.4261,2.3609,-0.8736
896.00,-6.9840,2.1427,-0.8585,-1.2458,3.3085,3.0140,-7.4260,2.3607,-0.9077
896.50,-6.9841,2.1427,-0.8821,-1.2455,3.3084,2.9905,-7.4262,2.3610,-0.9312
897.00,-6.9847,2.1428,-0.9156,-1.2447,3.3083,2.9550,-7.4267,2.3616,-0.9667
897.50,-6.9857,2.1428,-0.9500,-1.2438,3.3081,2.9183,-7.4272,2.3624,-1.0034
898.00,-6.9871,2.1429,-0.9853,-1.2421,3.3077,2.8814,-7.4281,2.3639,-1.0403
898.50,-6.9891,2.1429,-1.0216,-1.2402,3.3071,2.8437,-7.4291,2.3656,-1.0780
899.00,-6.9914,2.1430,-1.0588,-1.2376,3.3063,2.8049,-7.4303,2.3681,-1.1168
899.50,-6.9943,2.1430,-1.0970,-1.2359,3.3056,2.7650,-7.4311,2.3698,-1.1567
900.00,-6.9976,2.1431,-1.1363,-1.2325,3.3042,2.7244,-7.4325,2.3731,-1.1973
900.50,-7.0014,2.1431,-1.1767,-1.2283,3.3022,2.6818,-7.4341,2.3775,-1.2400
901.00,-7.0057,2.1432,-1.2182,-1.2246,3.3003,2.6383,-7.4353,2.3814,-1.2834
901.50,-7.0104,2.1432,-1.2609,-1.2203,3.2978,2.5940,-7.4366,2.3862,-1.3277
902.00,-7.0157,2.1432,-1.3049,-1.2169,3.2956,2.5483,-7.4375,2.3902,-1.3734
902.50,-7.0214,2.1432,-1.3502,-1.2121,3.2922,2.5012,-7.4385,2.3960,-1.4205
903.00,-7.0277,2.1433,-1.3970,-1.2063,3.2877,2.4526,-7.4395,2.4032,-1.4691
903.50,-7.0344,2.1433,-1.4454,-1.2013,3.2834,2.4023,-7.4400,2.4099,-1.5194
904.00,-7.0416,2.1433,-1.4955,-1.1953,3.2776,2.3507,-7.4402,2.4182,-1.5710
904.50,-7.0493,2.1433,-1.5475,-1.1892,3.2712,2.2972,-7.4910,2.3667,-1.5721
905.00,-7.0572,2.1433,-1.6010,-1.1896,3.2717,2.2421,-7.4911,2.3661,-1.6273
905.50,-7.0648,2.1433,-1.6527,-1.1945,3.2782,2.1889,-7.4918,2.3579,-1.6805
906.00,-7.0720,2.1433,-1.7026,-1.1980,3.2835,2.1370,-7.4926,2.3517,-1.7324
906.50,-7.0786,2.1433,-1.7508,-1.2020,3.2901,2.0869,-7.4941,2.3441,-1.7825
907.00,-7.0848,2.1432,-1.7974,-1.2043,3.2945,2.0377,-7.4952,2.3392,-1.8316
907.50,-7.0905,2.1432,-1.8426,-1.2067,3.2995,1.9907,-7.4968,2.3339,-1.8786
908.00,-7.0957,2.1432,-1.8864,-1.2088,3.3045,1.9451,-7.4985,2.3288,-1.9242
908.50,-7.1004,2.1431,-1.9289,-1.2107,3.3096,1.9006,-7.5006,2.3237,-1.9687
909.00,-7.1046,2.1431,-1.9703,-1.2115,3.3122,1.8569,-7.5017,2.3212,-2.0124
909.50,-7.1083,2.1431,-2.0105,-1.2127,3.3164,1.8148,-7.5036,2.3173,-2.0545
910.00,-7.1116,2.1430,-2.0496,-1.2136,3.3205,1.7735,-7.5056,2.3136,-2.0959
910.50,-7.1154,2.1387,-2.0960,-1.2144,3.3250,1.7267,-7.5716,2.3517,-2.1217
911.00,-7.1418,2.0924,-2.2183,-1.2192,3.3743,1.6050,-7.6000,2.3111,-2.2435
911.50,-7.2149,2.0039,-2.3061,-1.2169,3.4879,1.5109,-7.6760,2.2266,-2.3305
912.00,-7.3042,1.9091,-2.3457,-1.2058,3.6170,1.4659,-7.7678,2.1352,-2.3720
912.50,-7.3958,1.8168,-2.3556,-1.1911,3.7467,1.4529,-7.8624,2.0451,-2.3851
913.00,-7.4869,1.7243,-2.3306,-1.1765,3.8762,1.4732,-7.9566,1.9552,-2.3613
913.50,-7.5740,1.6281,-2.2683,-1.1670,4.0048,1.5292,-8.0461,1.8623,-2.3053
914.00,-7.6533,1.5236,-2.1230,-1.1691,4.1353,1.6691,-8.1279,1.7608,-2.1576
914.50,-7.7239,1.4092,-1.9119,-1.1956,4.2754,1.8731,-8.1957,1.6354,-1.9544
915.00,-7.7817,1.2840,-1.6779,-1.2510,4.4001,2.1039,-8.2450,1.5140,-1.7180
915.50,-7.8174,1.1586,-1.3884,-1.3306,4.5000,2.3969,-8.2741,1.3963,-1.4218
916.00,-7.8050,1.0340,-1.1914,-1.4353,4.5784,2.5928,-8.2811,1.2699,-1.2277
916.50,-7.7624,0.9198,-0.9888,-1.5509,4.6348,2.7931,-8.2452,1.1489,-1.0257
917.00,-7.6905,0.8277,-0.7803,-1.6642,4.6641,2.9999,-8.1888,1.0568,-0.8171
917.50,-7.5923,0.7442,-0.6039,-1.7951,4.6712,-3.1085,-8.0970,0.9681,-0.6388
918.00,-7.4807,0.6695,-0.4008,-1.9284,4.6532,-2.9038,-7.9835,0.8991,-0.4347
918.50,-7.3574,0.6080,-0.1991,-2.0691,4.6061,-2.7099,-7.8553,0.8354,-0.2403
919.00,-7.2283,0.5639,0.0373,-2.1893,4.5313,-2.4670,-7.7294,0.7989,0.0065
919.50,-7.0988,0.5632,0.1257,-2.2808,4.4504,-2.3773,-7.6189,0.7721,0.0921
920.00,-6.9705,0.5777,0.1827,-2.3727,4.3561,-2.3161,-7.4833,0.7862,0.1543
920.50,-6.8422,0.5966,0.0846,-2.4605,4.2664,-2.4046,-7.3609,0.7921,0.0668
921.00,-6.7124,0.6068,-0.1069,-2.5697,4.1864,-2.6068,-7.2202,0.7892,-0.1388
921.50,-6.5865,0.5951,-0.1266,-2.6836,4.1233,-2.6394,-7.0973,0.7828,-0.1644
922.00,-6.4583,0.5849,0.0164,-2.7935,4.0542,-2.4989,-6.9707,0.7730,-0.0163
922.50,-6.3284,0.5865,0.0364,-2.8998,3.9695,-2.4680,-6.8329,0.7749,0.0153
923.00,-6.1984,0.5870,-0.0006,-3.0049,3.8915,-2.5143,-6.7080,0.7663,-0.0334
923.50,-6.0684,0.5914,0.0226,-3.1102,3.8130,-2.4912,-6.5767,0.7633,-0.0057
924.00,-5.9384,0.5952,0.0250,-3.2134,3.7341,-2.4896,-6.4464,0.7644,-0.0029
924.50,-5.8085,0.5964,0.0115,-3.3224,3.6519,-2.5048,-6.3191,0.7671,-0.0180
925.00,-5.6785,0.5972,0.0111,-3.4273,3.5749,-2.5097,-6.1866,0.7642,-0.0215
925.50,-5.5485,0.6017,0.0257,-3.5345,3.4950,-2.4954,-6.0612,0.7625,-0.0055
926.00,-5.4185,0.6051,0.0262,-3.6366,3.4180,-2.4981,-5.9272,0.7618,-0.0046
926.50,-5.2886,0.6083,0.0221,-3.7391,3.3410,-2.5018,-5.8143,0.7643,-0.0083
927.00,-5.1586,0.6091,0.0124,-3.8450,3.2631,-2.5138,-5.6703,0.7623,-0.0169
927.50,-5.0286,0.6138,0.0308,-3.9508,3.1854,-2.4978,-5.5407,0.7586,0.0006
928.00,-4.8987,0.6170,0.0200,-4.0573,3.1056,-2.5078,-5.4082,0.7623,-0.0067
928.50,-4.7687,0.6201,0.0237,-4.1672,3.0254,-2.5087,-5.2759,0.7591,-0.0070
929.00,-4.6388,0.6216,0.0129,-4.2714,2.9491,-2.5186,-5.1491,0.7597,-0.0140
929.50,-4.5088,0.6246,0.0207,-4.3796,2.8714,-2.5134,-5.0181,0.7591,-0.0078
930.00,-4.3788,0.6227,-0.0062,-4.4844,2.7968,-2.5402,-4.8946,0.7602,-0.0321
930.50,-4.2488,0.6228,0.0172,-4.5935,2.7219,-2.5231,-4.7568,0.7536,-0.0124
931.00,-4.1188,0.6256,0.0139,-4.7099,2.6387,-2.5261,-4.6207,0.7513,-0.0123
931.50,-3.9888,0.6229,-0.0310,-4.8183,2.5646,-2.5715,-4.5010,0.7497,-0.0557
932.00,-3.8590,0.6147,-0.0543,-4.9327,2.4949,-2.6022,-4.3698,0.7393,-0.0858
932.50,-3.7291,0.6143,-0.0062,-5.0428,2.4261,-2.5566,-4.2403,0.7306,-0.0376
933.00,-3.5991,0.6176,0.0115,-5.1615,2.3458,-2.5394,-4.1063,0.7287,-0.0169
933.50,-3.4691,0.6158,-0.0231,-5.2702,2.2730,-2.5745,-3.9790,0.7248,-0.0493
934.00,-3.3391,0.6125,-0.0226,-5.3837,2.2012,-2.5766,-3.8505,0.7200,-0.0515
934.50,-3.2092,0.6133,0.0013,-5.4943,2.1300,-2.5558,-3.7155,0.7140,-0.0289
935.00,-3.0792,0.6171,0.0160,-5.6081,2.0529,-2.5412,-3.5867,0.7181,-0.0117
935.50,-2.9492,0.6170,0.0012,-5.7153,1.9817,-2.5597,-3.4653,0.7149,-0.0291
936.00,-2.8192,0.6187,0.0075,-5.8241,1.9095,-2.5548,-3.3329,0.7115,-0.0227
936.50,-2.6892,0.6205,0.0218,-5.9353,1.8354,-2.5434,-3.2030,0.7085,-0.0078
937.00,-2.5592,0.6241,0.0231,-6.0488,1.7575,-2.5422,-3.0736,0.7076,-0.0040
937.50,-2.4292,0.6257,0.0218,-6.1639,1.6800,-2.5460,-2.9356,0.7060,-0.0069
938.00,-2.2993,0.6264,0.0089,-6.2741,1.6059,-2.5594,-2.8153,0.7044,-0.0185
938.50,-2.1693,0.6204,-0.0283,-6.3856,1.5352,-2.5979,-2.6855,0.6996,-0.0546
939.00,-2.0394,0.6117,-0.0499,-6.5009,1.4684,-2.6252,-2.5489,0.6875,-0.0809
939.50,-1.9095,0.6090,-0.0286,-6.6183,1.3994,-2.6000,-2.4235,0.6785,-0.0543
940.00,-1.7796,0.6021,-0.0485,-6.7332,1.3330,-2.6255,-2.2968,0.6690,-0.0783
940.50,-1.6497,0.5976,-0.0362,-6.8508,1.2658,-2.6191,-2.1609,0.6587,-0.0710
941.00,-1.5198,0.5991,0.0158,-6.9652,1.1952,-2.5660,-2.0351,0.6547,-0.0115
941.50,-1.3898,0.5979,-0.0088,-7.0829,1.1204,-2.5941,-1.8926,0.6516,-0.0390
942.00,-1.2598,0.6005,0.0247,-7.1959,1.0491,-2.5617,-1.7796,0.6503,-0.0031
942.50,-1.1298,0.6003,-0.0009,-7.3041,0.9799,-2.5916,-1.6484,0.6486,-0.0329
943.00,-0.9999,0.6039,0.0476,-7.4166,0.9079,-2.5453,-1.5131,0.6462,0.0188
943.50,-0.8700,0.6071,0.0200,-7.5281,0.8335,-2.5751,-1.3827,0.6488,-0.0110
944.00,-0.7400,0.6117,0.0338,-7.6387,0.7622,-2.5634,-1.2460,0.6461,0.0048
944.50,-0.6101,0.6110,-0.0061,-7.7551,0.6891,-2.6079,-1.1226,0.6466,-0.0389
945.00,-0.4801,0.6111,-0.0010,-7.8679,0.6218,-2.6029,-1.0021,0.6398,-0.0283
945.50,-0.3501,0.6043,-0.0788,-7.9811,0.5586,-2.6795,-0.8601,0.6320,-0.1043
946.00,-0.2208,0.5912,-0.0921,-8.0947,0.5060,-2.7072,-0.7293,0.6138,-0.1296
946.50,-0.0911,0.5849,-0.0530,-8.2139,0.4469,-2.6660,-0.6023,0.5992,-0.0813
947.00,0.0388,0.5816,-0.0219,-8.3398,0.3796,-2.6346,-0.4716,0.5949,-0.0484
947.50,0.1685,0.5736,-0.1180,-8.4613,0.3178,-2.7302,-0.3463,0.5856,-0.1432
948.00,0.2972,0.5569,-0.1375,-8.5839,0.2686,-2.7630,-0.2110,0.5626,-0.1741
948.50,0.4264,0.5434,-0.1042,-8.7046,0.2162,-2.7220,-0.0879,0.5469,-0.1285
949.00,0.5557,0.5304,-0.0777,-8.8274,0.1622,-2.7034,0.0291,0.5306,-0.1079
949.50,0.6852,0.5190,-0.1280,-8.9481,0.1066,-2.7443,0.1744,0.5165,-0.1474
950.00,0.8131,0.4984,-0.2097,-9.0688,0.0641,-2.8389,0.2879,0.4900,-0.2438
950.50,0.9407,0.4755,-0.1669,-9.1930,0.0227,-2.7941,0.4048,0.4660,-0.1955
951.00,1.0690,0.4551,-0.1565,-9.3114,-0.0206,-2.7837,0.5276,0.4463,-0.1857
951.50,1.1969,0.4294,-0.2207,-9.4335,-0.0628,-2.8446,0.6589,0.4191,-0.2449
952.00,1.3227,0.3961,-0.2592,-9.5610,-0.0970,-2.8948,0.7876,0.3826,-0.2955
952.50,1.4496,0.3687,-0.1758,-9.6886,-0.1345,-2.8094,0.9075,0.3488,-0.2053
953.00,1.5779,0.3488,-0.1231,-9.8109,-0.1785,-2.7607,1.0323,0.3239,-0.1566
953.50,1.7071,0.3336,-0.1384,-9.9329,-0.2288,-2.7670,1.1620,0.3046,-0.1608
954.00,1.8349,0.3106,-0.1998,-10.0585,-0.2715,-2.8404,1.2824,0.2775,-0.2368
954.50,1.9627,0.2883,-0.1800,-10.1833,-0.3127,-2.8161,1.4171,0.2486,-0.2055
955.00,2.0899,0.2601,-0.2197,-10.3153,-0.3527,-2.8650,1.5479,0.2187,-0.2553
955.50,2.2174,0.2354,-0.1911,-10.4442,-0.3923,-2.8342,1.6640,0.1891,-0.2210
956.00,2.3297,0.2077,-0.2341,-10.5568,-0.4257,-2.8794,1.7779,0.1638,-0.2653
956.50,2.3837,0.1893,-0.2783,-10.6162,-0.4404,-2.9265,1.8439,0.1460,-0.3077
957.00,2.3882,0.1832,-0.3217,-10.6265,-0.4425,-2.9723,1.8497,0.1347,-0.3517
957.50,2.3882,0.1786,-0.3641,-10.6313,-0.4433,-3.0159,1.8529,0.1305,-0.3949
958.00,2.3882,0.1744,-0.4053,-10.6354,-0.4437,-3.0594,1.8568,0.1289,-0.4384
958.50,2.3883,0.1708,-0.4454,-10.6402,-0.4440,-3.1015,1.8610,0.1268,-0.4805
959.00,2.3883,0.1676,-0.4844,-10.6430,-0.4441,3.1405,1.8635,0.1254,-0.5216
959.50,2.3884,0.1649,-0.5223,-10.6464,-0.4440,3.1006,1.8665,0.1237,-0.5615
960.00,2.3884,0.1626,-0.5593,-10.6486,-0.4439,3.0621,1.8683,0.1225,-0.6000
960.50,2.3885,0.1608,-0.5953,-10.6505,-0.4437,3.0245,1.8699,0.1214,-0.6376
961.00,2.3885,0.1595,-0.6303,-10.6520,-0.4436,2.9878,1.8710,0.1205,-0.6744
961.50,2.3886,0.1586,-0.6645,-10.6528,-0.4434,2.9515,1.8717,0.1200,-0.7106
962.00,2.3886,0.1582,-0.6978,-10.6536,-0.4433,2.9162,1.8723,0.1195,-0.7459
962.50,2.3887,0.1581,-0.7303,-10.6536,-0.4432,2.8811,1.8723,0.1194,-0.7811
963.00,2.3891,0.1582,-0.7635,-10.6537,-0.4432,2.8462,1.8724,0.1193,-0.8159
963.50,2.3893,0.1582,-0.7977,-10.6539,-0.4432,2.8105,1.8725,0.1192,-0.8517
964.00,2.3894,0.1579,-0.8311,-10.6544,-0.4430,2.7750,1.8729,0.1188,-0.8872
964.50,2.3894,0.1579,-0.8637,-10.6544,-0.4430,2.7403,1.8729,0.1188,-0.9219
965.00,2.3891,0.1580,-0.8967,-10.6542,-0.4431,2.7050,1.8727,0.1190,-0.9572
965.50,2.3883,0.1580,-0.9306,-10.6531,-0.4436,2.6689,1.8720,0.1200,-0.9933
966.00,2.3871,0.1581,-0.9654,-10.6521,-0.4442,2.6326,1.8714,0.1210,-1.0296
966.50,2.3855,0.1581,-1.0012,-10.6506,-0.4450,2.5953,1.8706,0.1225,-1.0668
967.00,2.3833,0.1582,-1.0379,-10.6491,-0.4460,2.5567,1.8697,0.1241,-1.1055
967.50,2.3808,0.1582,-1.0755,-10.6457,-0.4483,2.5172,1.8680,0.1277,-1.1449
968.00,2.3777,0.1583,-1.1142,-10.6432,-0.4502,2.4763,1.8667,0.1306,-1.1858
968.50,2.3742,0.1583,-1.1540,-10.6409,-0.4521,2.4347,1.8656,0.1335,-1.2274
969.00,2.3702,0.1583,-1.1948,-10.6378,-0.4548,2.3914,1.8644,0.1373,-1.2707
969.50,2.3657,0.1584,-1.2368,-10.6341,-0.4584,2.3477,1.8629,0.1423,-1.3144
970.00,2.3607,0.1584,-1.2801,-10.6310,-0.4617,2.3030,1.8619,0.1467,-1.3592
970.50,2.3552,0.1585,-1.3247,-10.6266,-0.4669,2.2566,1.8606,0.1534,-1.4056
971.00,2.3493,0.1585,-1.3707,-10.6230,-0.4716,2.2087,1.8598,0.1592,-1.4534
971.50,2.3428,0.1585,-1.4182,-10.6191,-0.4770,2.1592,1.8592,0.1659,-1.5030
972.00,2.3359,0.1585,-1.4673,-10.6149,-0.4836,2.1079,1.8588,0.1737,-1.5542
972.50,2.3285,0.1585,-1.5182,-10.6111,-0.4905,2.0556,1.8052,0.1261,-1.5608
973.00,2.3206,0.1585,-1.5711,-10.6077,-0.4972,2.0005,1.7853,0.1188,-1.6023
973.50,2.3127,0.1585,-1.6240,-10.6108,-0.4900,1.9460,1.7849,0.1110,-1.6568
974.00,2.3054,0.1585,-1.6749,-10.6130,-0.4840,1.8935,1.7842,0.1046,-1.7093
974.50,2.2984,0.1585,-1.7240,-10.6151,-0.4769,1.8425,1.7829,0.0973,-1.7603
975.00,2.2920,0.1585,-1.7715,-10.6165,-0.4716,1.7930,1.7818,0.0920,-1.8098
975.50,2.2860,0.1585,-1.8175,-10.6178,-0.4648,1.7453,1.7800,0.0853,-1.8575
976.00,2.2806,0.1584,-1.8620,-10.6187,-0.4588,1.6992,1.7781,0.0795,-1.9036
976.50,2.2784,0.1584,-1.8808,-10.6190,-0.4563,1.6761,1.7772,0.0771,-1.9267
977.00,2.2784,0.1584,-1.8808,-10.6190,-0.4563,1.6749,1.7772,0.0771,-1.9280
977.50,2.2784,0.1584,-1.8808,-10.6190,-0.4563,1.6727,1.7772,0.0771,-1.9301
978.00,2.2784,0.1584,-1.8808,-10.6190,-0.4563,1.6712,1.7772,0.0771,-1.9317
978.50,2.2775,0.1584,-1.8963,-10.6191,-0.4559,1.6555,1.7771,0.0767,-1.9473
979.00,2.2729,0.1583,-1.9386,-10.6193,-0.4518,1.6110,1.7755,0.0730,-1.9918
979.50,2.2688,0.1583,-1.9797,-10.6194,-0.4470,1.5682,1.7735,0.0686,-2.0346
980.00,2.2652,0.1583,-2.0196,-10.6193,-0.4431,1.5265,1.7717,0.0652,-2.0763
980.50,2.2620,0.1582,-2.0585,-10.6191,-0.4399,1.4854,1.7406,0.0989,-2.0945
981.00,2.2593,0.1582,-2.0964,-10.6187,-0.4361,1.4461,1.7289,0.1069,-2.1270
981.50,2.2571,0.1581,-2.1333,-10.6184,-0.4338,1.4071,1.7276,0.1049,-2.1661
982.00,2.2554,0.1581,-2.1692,-10.6181,-0.4323,1.3693,1.7268,0.1037,-2.2039
982.50,2.2541,0.1580,-2.2042,-10.6179,-0.4312,1.3328,1.7261,0.1028,-2.2403
983.00,2.2533,0.1580,-2.2383,-10.6176,-0.4300,1.2970,1.7253,0.1019,-2.2762
983.50,2.2529,0.1579,-2.2715,-10.6175,-0.4297,1.2618,1.7251,0.1016,-2.3113
984.00,2.2528,0.1578,-2.3040,-10.6175,-0.4297,1.2275,1.7251,0.1016,-2.3457
984.50,2.2529,0.1574,-2.3373,-10.6174,-0.4294,1.1922,1.7248,0.1013,-2.3810
985.00,2.2529,0.1573,-2.3714,-10.6173,-0.4291,1.1566,1.7246,0.1012,-2.4166
985.50,2.2526,0.1572,-2.4048,-10.6171,-0.4288,1.1214,1.7244,0.1009,-2.4518
986.00,2.2527,0.1572,-2.3959,-10.6171,-0.4288,1.1237,1.7243,0.1009,-2.4495
986.50,2.2529,0.1573,-2.3623,-10.6172,-0.4290,1.1551,1.7246,0.1011,-2.4180
987.00,2.2529,0.1575,-2.3282,-10.6174,-0.4294,1.1868,1.7248,0.1013,-2.3863
987.50,2.2528,0.1579,-2.2952,-10.6177,-0.4301,1.2181,1.7254,0.1019,-2.3551
988.00,2.2529,0.1579,-2.2626,-10.6177,-0.4302,1.2482,1.7255,0.1020,-2.3249
988.50,2.2534,0.1580,-2.2292,-10.6177,-0.4304,1.2797,1.7256,0.1021,-2.2935
989.00,2.2544,0.1580,-2.1948,-10.6180,-0.4313,1.3121,1.7262,0.1028,-2.2610
989.50,2.2558,0.1581,-2.1596,-10.6184,-0.4329,1.3454,1.7272,0.1041,-2.2277
990.00,2.2577,0.1581,-2.1234,-10.6187,-0.4343,1.3792,1.7281,0.1052,-2.1939
990.50,2.2600,0.1582,-2.0863,-10.6191,-0.4369,1.4145,1.7296,0.1074,-2.1587
991.00,2.2628,0.1582,-2.0482,-10.6195,-0.4393,1.4507,1.7309,0.1095,-2.1225
991.50,2.2661,0.1583,-2.0090,-10.6198,-0.4426,1.4880,1.7326,0.1123,-2.0851
992.00,2.2698,0.1583,-1.9687,-10.6200,-0.4460,1.5268,1.7342,0.1153,-2.0463
992.50,2.2741,0.1584,-1.9273,-10.6202,-0.4505,1.5659,1.7362,0.1193,-2.0072
993.00,2.2788,0.1584,-1.8847,-10.6201,-0.4549,1.6064,1.7380,0.1234,-1.9668
993.50,2.2840,0.1584,-1.8409,-10.6198,-0.4605,1.6483,1.7400,0.1286,-1.9249
994.00,2.2897,0.1585,-1.7957,-10.6190,-0.4675,1.6918,1.7423,0.1352,-1.8813
994.50,2.2959,0.1585,-1.7490,-10.6179,-0.4753,1.7366,1.7445,0.1429,-1.8365
995.00,2.3026,0.1585,-1.7008,-10.6166,-0.4822,1.7829,1.7462,0.1497,-1.7902
995.50,2.3097,0.1585,-1.6508,-10.6149,-0.4895,1.8307,1.7477,0.1570,-1.7425
996.00,2.3173,0.1585,-1.5990,-10.6130,-0.4956,1.8809,1.7545,0.1175,-1.6330
996.50,2.3253,0.1585,-1.5456,-10.6127,-0.4969,1.9326,1.7546,0.1189,-1.5812
997.00,2.3330,0.1585,-1.4936,-10.6151,-0.4911,1.9825,1.7547,0.1126,-1.5314
997.50,2.3401,0.1585,-1.4436,-10.6186,-0.4835,2.0304,1.7552,0.1042,-1.4834
998.00,2.3468,0.1585,-1.3952,-10.6216,-0.4778,2.0770,1.7560,0.0978,-1.4369
998.50,2.3516,0.1585,-1.3589,-10.6245,-0.4728,2.1133,1.7568,0.0921,-1.4005
999.00,2.3559,0.1584,-1.3162,-10.6263,-0.4699,2.1524,1.7575,0.0887,-1.3614
999.50,2.3613,0.1584,-1.2719,-10.6296,-0.4652,2.1943,1.7588,0.0832,-1.3195
1000.00,2.3662,0.1584,-1.2288,-10.6322,-0.4618,2.2358,1.7600,0.0790,-1.2781
1000.50,2.3706,0.1583,-1.1870,-10.6347,-0.4586,2.2757,1.7612,0.0751,-1.2381
1001.00,2.3745,0.1583,-1.1464,-10.6373,-0.4557,2.3140,1.7625,0.0715,-1.1998
1001.50,2.3779,0.1583,-1.1068,-10.6398,-0.4530,2.3519,1.7639,0.0681,-1.1620
1002.00,2.3809,0.1582,-1.0683,-10.6416,-0.4513,2.3881,1.7649,0.0659,-1.1257
1002.50,2.3834,0.1582,-1.0309,-10.6434,-0.4497,2.4239,1.8195,0.1035,-1.0629
1003.00,2.3854,0.1581,-0.9944,-10.6448,-0.4485,2.4581,1.8204,0.1020,-1.0286
1003.50,2.3870,0.1581,-0.9588,-10.6462,-0.4474,2.4920,1.8214,0.1004,-0.9948
1004.00,2.3881,0.1580,-0.9242,-10.6471,-0.4467,2.5247,1.8219,0.0995,-0.9621
1004.50,2.3888,0.1579,-0.8904,-10.6477,-0.4463,2.5567,1.8224,0.0989,-0.9300
1005.00,2.3890,0.1579,-0.8575,-10.6480,-0.4461,2.5884,1.8226,0.0986,-0.8984
1005.50,2.3890,0.1580,-0.8249,-10.6479,-0.4461,2.6191,1.8226,0.0987,-0.8677
1006.00,2.3889,0.1582,-0.7912,-10.6481,-0.4460,2.6501,1.8227,0.0985,-0.8367
1006.50,2.3886,0.1582,-0.7571,-10.6478,-0.4462,2.6826,1.8224,0.0988,-0.8041
1007.00,2.3883,0.1581,-0.7242,-10.6473,-0.4465,2.7139,1.8220,0.0992,-0.7729
1007.50,2.3882,0.1582,-0.6916,-10.6471,-0.4465,2.7443,1.8219,0.0994,-0.7425
1008.00,2.3882,0.1587,-0.6581,-10.6468,-0.4467,2.7757,1.8216,0.0996,-0.7111
1008.50,2.3881,0.1597,-0.6238,-10.6458,-0.4470,2.8083,1.8209,0.1002,-0.6785
1009.00,2.3881,0.1611,-0.5886,-10.6447,-0.4474,2.8413,1.8199,0.1010,-0.6455
1009.50,2.3880,0.1630,-0.5524,-10.6430,-0.4479,2.8754,1.8184,0.1020,-0.6114
1010.00,2.3880,0.1653,-0.5152,-10.6411,-0.4484,2.9106,1.8169,0.1031,-0.5762
1010.50,2.3879,0.1681,-0.4771,-10.6381,-0.4490,2.9471,1.8143,0.1047,-0.5397
1011.00,2.3879,0.1714,-0.4379,-10.6356,-0.4494,2.9842,1.8120,0.1060,-0.5025
1011.50,2.3878,0.1752,-0.3976,-10.6330,-0.4498,3.0231,1.8097,0.1072,-0.4637
1012.00,2.3878,0.1794,-0.3562,-10.6286,-0.4503,3.0630,1.8057,0.1091,-0.4238
1012.50,2.3878,0.1841,-0.3136,-10.6240,-0.4505,3.1034,1.8015,0.1109,-0.3834
1013.00,2.3877,0.1893,-0.2697,-10.6192,-0.4506,-3.1380,1.7970,0.1126,-0.3416
1013.50,2.3877,0.1951,-0.2245,-10.6128,-0.4504,-3.0949,1.7910,0.1146,-0.2985
1014.00,2.3877,0.2012,-0.1778,-10.6070,-0.4500,-3.0508,1.7853,0.1162,-0.2544
1014.50,2.4178,0.2108,-0.0400,-10.6334,-0.4543,-2.9238,1.8116,0.1113,-0.1274
1015.00,2.5112,0.2292,0.0895,-10.7224,-0.4826,-2.7814,1.9050,0.1078,0.0150
1015.50,2.6358,0.2389,0.0338,-10.8362,-0.5244,-2.8324,2.0781,0.1768,0.0082
1016.00,2.7658,0.2393,-0.0141,-10.9643,-0.5600,-2.8898,2.2159,0.1790,-0.0465
1016.50,2.8958,0.2402,0.0148,-11.0906,-0.5934,-2.8624,2.3520,0.1737,-0.0148
1017.00,3.0258,0.2393,-0.0058,-11.2216,-0.6294,-2.8857,2.4791,0.1702,-0.0350
1017.50,3.1557,0.2421,0.0338,-11.3500,-0.6645,-2.8483,2.5920,0.1669,0.0020
1018.00,3.2857,0.2443,0.0184,-11.4809,-0.7032,-2.8654,2.7444,0.1663,-0.0126
1018.50,3.4156,0.2502,0.0550,-11.6137,-0.7422,-2.8337,2.8534,0.1657,0.0215
1019.00,3.5454,0.2561,0.0261,-11.7387,-0.7815,-2.8600,2.9930,0.1680,-0.0013
1019.50,3.6754,0.2608,0.0437,-11.8624,-0.8169,-2.8507,3.1218,0.1676,0.0079
1020.00,3.8053,0.2653,0.0212,-11.9875,-0.8541,-2.8705,3.2446,0.1682,-0.0075
1020.50,3.9353,0.2673,0.0302,-12.1121,-0.8879,-2.8687,3.3814,0.1660,-0.0031
1021.00,4.0343,0.2701,0.0051,-12.2168,-0.9174,-2.8894,3.4902,0.1658,-0.0238
1021.50,4.0711,0.2657,-0.0464,-12.2559,-0.9265,-2.9446,3.5402,0.1640,-0.0790
1022.00,4.0715,0.2584,-0.0975,-12.2619,-0.9276,-2.9973,3.5463,0.1634,-0.1316
1022.50,4.0715,0.2514,-0.1468,-12.2686,-0.9284,-3.0485,3.5327,0.1510,-0.1759
1023.00,4.0715,0.2449,-0.1945,-12.2761,-0.9290,-3.0987,3.5402,0.1495,-0.2261
1023.50,4.0715,0.2389,-0.2407,-12.2833,-0.9292,3.1365,3.5472,0.1478,-0.2741
1024.00,4.0715,0.2334,-0.2854,-12.2897,-0.9290,3.0899,3.5532,0.1460,-0.3207
1024.50,4.1003,0.2234,-0.4030,-12.3184,-0.9258,2.9771,3.5801,0.1352,-0.4334
1025.00,4.1839,0.1889,-0.4992,-12.3987,-0.9067,2.8690,3.6322,0.0748,-0.5346
1025.50,4.2983,0.1291,-0.4674,-12.5308,-0.8707,2.8977,3.7502,0.0153,-0.5006
1026.00,4.4138,0.0687,-0.5092,-12.6649,-0.8361,2.8600,3.8612,-0.0519,-0.5367
1026.50,4.5248,-0.0006,-0.5912,-12.7926,-0.7936,2.7772,3.9741,-0.1153,-0.6194
1027.00,4.6308,-0.0769,-0.6262,-12.9130,-0.7432,2.7319,4.0679,-0.1944,-0.6647
1027.50,4.7378,-0.1499,-0.5882,-13.0331,-0.6942,2.7715,4.1916,-0.2722,-0.6181
1028.00,4.8454,-0.2231,-0.5951,-13.1607,-0.6434,2.7602,4.2827,-0.3530,-0.6295
1028.50,4.9534,-0.2954,-0.5983,-13.2846,-0.5944,2.7590,4.3907,-0.4212,-0.6271
1029.00,5.0596,-0.3715,-0.6308,-13.4096,-0.5415,2.7250,4.5014,-0.5028,-0.6612
1029.50,5.1639,-0.4497,-0.6512,-13.5365,-0.4836,2.7011,4.6028,-0.5897,-0.6851
1030.00,5.2675,-0.5282,-0.6457,-13.6546,-0.4279,2.7051,4.6992,-0.6624,-0.6775
1030.50,5.3702,-0.6083,-0.6714,-13.7739,-0.3699,2.6758,4.8012,-0.7473,-0.7034
1031.00,5.4716,-0.6898,-0.6784,-13.8916,-0.3098,2.6684,4.8814,-0.8334,-0.7108
1031.50,5.5701,-0.7744,-0.7692,-14.0062,-0.2465,2.5841,4.9877,-0.9221,-0.7915
1032.00,5.6439,-0.8601,-0.9717,-14.0954,-0.1793,2.3838,5.0591,-1.0079,-0.9953
1032.50,5.7055,-0.9682,-1.2033,-14.1748,-0.0853,2.1509,5.1142,-1.1180,-1.2283
1033.00,5.7588,-1.0917,-1.4537,-14.2360,0.0374,1.8980,5.1544,-1.2518,-1.4777
1033.50,5.7857,-1.2215,-1.6117,-14.2671,0.1708,1.7263,5.1789,-1.3789,-1.6458
1034.00,5.7799,-1.3513,-1.6527,-14.2848,0.2992,1.6825,5.1806,-1.4979,-1.6827
1034.50,5.7721,-1.4810,-1.5768,-14.3019,0.4323,1.7450,5.1680,-1.6414,-1.6237
1035.00,5.7732,-1.6103,-1.3994,-14.3363,0.5582,1.9271,5.1727,-1.7617,-1.4346
1035.50,5.7935,-1.7375,-1.3919,-14.3853,0.6820,1.9433,5.1839,-1.8932,-1.4211
1036.00,5.8106,-1.8625,-1.5702,-14.4234,0.8031,1.7731,5.1942,-2.0197,-1.5921
1036.50,5.8184,-1.9548,-1.7169,-14.4350,0.9034,1.6099,5.1906,-2.1200,-1.7534
1037.00,5.8145,-1.9849,-1.6957,-14.4360,0.9363,1.6260,5.1958,-2.1422,-1.7322
1037.50,5.8182,-1.9849,-1.6455,-14.4358,0.9334,1.6743,5.1962,-2.1393,-1.6839
1038.00,5.8259,-1.9849,-1.5935,-14.4349,0.9262,1.7246,5.1969,-2.1321,-1.6336
1038.50,5.8339,-1.9849,-1.5401,-14.4351,0.9270,1.7764,5.1969,-2.1329,-1.5818
1039.00,5.8415,-1.9849,-1.4884,-14.4367,0.9338,1.8265,5.1970,-2.1399,-1.5317
1039.50,5.8486,-1.9849,-1.4385,-14.4386,0.9406,1.8746,5.1974,-2.1469,-1.4837
1040.00,5.8553,-1.9850,-1.3903,-14.4414,0.9490,1.9210,5.1984,-2.1557,-1.4372
1040.50,5.8614,-1.9850,-1.3437,-14.4435,0.9542,1.9662,5.2286,-2.1539,-1.3840
1041.00,5.8671,-1.9850,-1.2986,-14.4458,0.9595,2.0091,5.2384,-2.1573,-1.3387
1041.50,5.8723,-1.9850,-1.2548,-14.4479,0.9638,2.0512,5.2396,-2.1619,-1.2965
1042.00,5.8770,-1.9851,-1.2122,-14.4505,0.9684,2.0925,5.2411,-2.1670,-1.2552
1042.50,5.8812,-1.9851,-1.1709,-14.4528,0.9723,2.1323,5.2426,-2.1712,-1.2154
1043.00,5.8849,-1.9852,-1.1307,-14.4551,0.9758,2.1711,5.2442,-2.1752,-1.1766
1043.50,5.8882,-1.9852,-1.0916,-14.4574,0.9791,2.2088,5.2458,-2.1788,-1.1389
1044.00,5.8910,-1.9853,-1.0535,-14.4592,0.9814,2.2454,5.2470,-2.1814,-1.1024
1044.50,5.8933,-1.9853,-1.0164,-14.4612,0.9838,2.2804,5.2485,-2.1843,-1.0673
1045.00,5.8951,-1.9854,-0.9803,-14.4627,0.9855,2.3150,5.2496,-2.1862,-1.0327
1045.50,5.8965,-1.9854,-0.9451,-14.4629,0.9858,2.3481,5.2498,-2.1865,-0.9997
1046.00,5.8975,-1.9855,-0.9108,-14.4640,0.9868,2.3805,5.2506,-2.1878,-0.9672
1046.50,5.8980,-1.9855,-0.8774,-14.4649,0.9877,2.4119,5.2514,-2.1888,-0.9358
1047.00,5.8980,-1.9856,-0.8448,-14.4650,0.9877,2.4435,5.2514,-2.1889,-0.9042
1047.50,5.8980,-1.9853,-0.8118,-14.4649,0.9876,2.4749,5.2513,-2.1887,-0.8729
1048.00,5.8979,-1.9852,-0.7777,-14.4647,0.9875,2.5070,5.2512,-2.1886,-0.8407
1048.50,5.8975,-1.9853,-0.7440,-14.4647,0.9875,2.5387,5.2512,-2.1886,-0.8091
1049.00,5.8973,-1.9853,-0.7114,-14.4646,0.9875,2.5700,5.2511,-2.1885,-0.7778
1049.50,5.8973,-1.9851,-0.6785,-14.4644,0.9873,2.6017,5.2509,-2.1884,-0.7461
1050.00,5.8972,-1.9844,-0.6447,-14.4640,0.9871,2.6340,5.2506,-2.1880,-0.7138
1050.50,5.8972,-1.9832,-0.6100,-14.4629,0.9865,2.6667,5.2496,-2.1872,-0.6810
1051.00,5.8971,-1.9816,-0.5744,-14.4614,0.9858,2.7011,5.2483,-2.1862,-0.6466
1051.50,5.8971,-1.9796,-0.5379,-14.4597,0.9850,2.7356,5.2468,-2.1851,-0.6121
1052.00,5.8970,-1.9771,-0.5003,-14.4575,0.9841,2.7716,5.2448,-2.1837,-0.5762
1052.50,5.8970,-1.9741,-0.4618,-14.4544,0.9829,2.8081,5.2420,-2.1820,-0.5397
1053.00,5.8969,-1.9706,-0.4222,-14.4507,0.9817,2.8461,5.2386,-2.1800,-0.5017
1053.50,5.8969,-1.9667,-0.3815,-14.4471,0.9807,2.8849,5.2353,-2.1783,-0.4628
1054.00,5.8968,-1.9622,-0.3396,-14.4421,0.9795,2.9250,5.2307,-2.1761,-0.4228
1054.50,5.8968,-1.9573,-0.2965,-14.4372,0.9786,2.9655,5.2261,-2.1742,-0.3822
1055.00,5.8968,-1.9519,-0.2521,-14.4308,0.9775,3.0084,5.2200,-2.1719,-0.3393
1055.50,5.8967,-1.9460,-0.2063,-14.4226,0.9766,3.0526,5.2122,-2.1693,-0.2951
1056.00,5.8967,-1.9396,-0.1590,-14.4155,0.9761,3.0982,5.2054,-2.1674,-0.2496
1056.50,5.8967,-1.9328,-0.1101,-14.4080,0.9760,-3.1381,5.1980,-2.1657,-0.2027
1057.00,5.8967,-1.9254,-0.0595,-14.3997,0.9762,-3.0891,5.1899,-2.1642,-0.1537
1057.50,5.8967,-1.9176,-0.0068,-14.3906,0.9769,-3.0382,5.2589,-2.0955,-0.0434
1058.00,5.8967,-1.9097,0.0463,-14.3950,0.9763,-2.9867,5.2634,-2.0956,0.0081
1058.50,5.8967,-1.9022,0.0975,-14.4036,0.9747,-2.9373,5.2722,-2.0952,0.0575
1059.00,5.8967,-1.8953,0.1468,-14.4107,0.9730,-2.8894,5.2794,-2.0946,0.1054
1059.50,5.8967,-1.8888,0.1945,-14.4172,0.9712,-2.8436,5.2861,-2.0938,0.1511
1060.00,5.8968,-1.8827,0.2406,-14.4216,0.9698,-2.7988,5.2906,-2.0930,0.1959
1060.50,5.8968,-1.8772,0.2854,-14.4260,0.9681,-2.7556,5.2952,-2.0920,0.2392
1061.00,5.8968,-1.8722,0.3288,-14.4307,0.9661,-2.7145,5.3001,-2.0907,0.2803
1061.50,5.8969,-1.8676,0.3710,-14.4353,0.9638,-2.6738,5.3051,-2.0891,0.3209
1062.00,5.8969,-1.8635,0.4120,-14.4398,0.9615,-2.6346,5.3099,-2.0874,0.3602
1062.50,5.8969,-1.8599,0.4519,-14.4435,0.9593,-2.5966,5.3138,-2.0859,0.3982
1063.00,5.8970,-1.8568,0.4907,-14.4470,0.9571,-2.5593,5.3176,-2.0842,0.4355
1063.50,5.8970,-1.8542,0.5285,-14.4486,0.9561,-2.5229,5.2807,-2.0265,0.4893
1064.00,5.8971,-1.8520,0.5653,-14.4508,0.9544,-2.4878,5.2831,-2.0252,0.5244
1064.50,5.8971,-1.8503,0.6011,-14.4524,0.9531,-2.4534,5.2849,-2.0241,0.5588
1065.00,5.8972,-1.8491,0.6353,-14.4534,0.9523,-2.4206,5.2860,-2.0234,0.5916
1065.50,5.8973,-1.8484,0.7304,-14.4540,0.9518,-2.3350,5.2866,-2.0229,0.6772
1066.00,5.8969,-1.8492,0.8962,-14.4531,0.9528,-2.1710,5.2856,-2.0239,0.8412
1066.50,5.8903,-1.8494,1.0750,-14.4501,0.9582,-1.9953,5.2820,-2.0289,1.0169
1067.00,5.8754,-1.8496,1.2575,-14.4454,0.9723,-1.8108,5.2755,-2.0422,1.2014
1067.50,5.8738,-1.8305,1.3111,-14.4478,0.9600,-1.7493,5.2794,-2.0303,1.2630
1068.00,5.8934,-1.7531,1.2563,-14.4635,0.8863,-1.8059,5.3045,-1.9592,1.2063
1068.50,5.9317,-1.6337,1.1955,-14.4967,0.7640,-1.8657,5.3220,-1.8026,1.1639
1069.00,5.9806,-1.5170,1.0388,-14.5426,0.6418,-2.0218,5.3835,-1.6862,1.0078
1069.50,6.0481,-1.4091,0.9392,-14.6084,0.5253,-2.1311,5.4445,-1.5780,0.9013
1070.00,6.1241,-1.3039,0.9715,-14.6758,0.4177,-2.1078,5.5111,-1.4885,0.9289
1070.50,6.1920,-1.1965,1.1126,-14.7372,0.2983,-1.9677,5.5870,-1.3663,1.0724
1071.00,6.2268,-1.1293,1.1557,-14.7650,0.2254,-1.9173,5.6297,-1.3066,1.1229
1071.50,6.2359,-1.1157,1.1168,-14.7722,0.2063,-1.9593,5.6488,-1.2882,1.0808
1072.00,6.2390,-1.1156,1.0780,-14.7736,0.2030,-1.9999,5.6505,-1.2852,1.0403
1072.50,6.2416,-1.1156,1.0403,-14.7745,0.2010,-2.0387,5.6516,-1.2832,1.0014
1073.00,6.2437,-1.1155,1.0036,-14.7752,0.1997,-2.0767,5.6525,-1.2820,0.9634
1073.50,6.2454,-1.1155,0.9678,-14.7764,0.1976,-2.1141,5.6538,-1.2801,0.9260
1074.00,6.2466,-1.1154,0.9329,-14.7769,0.1967,-2.1506,5.6545,-1.2792,0.8895
1074.50,6.2474,-1.1153,0.8989,-14.7774,0.1960,-2.1862,5.6550,-1.2786,0.8539
1075.00,6.2478,-1.1153,0.8658,-14.7776,0.1957,-2.2206,5.6552,-1.2783,0.8195
1075.50,6.2478,-1.1152,0.8355,-14.7776,0.1957,-2.2529,5.6553,-1.2782,0.7873
1076.00,6.2477,-1.1149,0.8106,-14.7779,0.1953,-2.2792,5.6556,-1.2779,0.7610
1076.50,6.2477,-1.1147,0.7851,-14.7779,0.1954,-2.3063,5.6555,-1.2780,0.7339
1077.00,6.2478,-1.1146,0.7596,-14.7780,0.1953,-2.3341,5.6557,-1.2779,0.7061
1077.50,6.2480,-1.1146,0.7347,-14.7781,0.1951,-2.3607,5.6558,-1.2777,0.6795
1078.00,6.2480,-1.1146,0.7103,-14.7783,0.1950,-2.3868,5.6560,-1.2776,0.6534
1078.50,6.2480,-1.1147,0.6857,-14.7780,0.1952,-2.4130,5.6557,-1.2778,0.6272
1079.00,6.2479,-1.1151,0.6606,-14.7779,0.1953,-2.4400,5.6556,-1.2779,0.6002
1079.50,6.2479,-1.1158,0.6350,-14.7774,0.1957,-2.4669,5.6550,-1.2783,0.5733
1080.00,6.2478,-1.1167,0.6088,-14.7765,0.1964,-2.4942,5.6541,-1.2789,0.5459
1080.50,6.2478,-1.1179,0.5822,-14.7755,0.1971,-2.5226,5.6530,-1.2795,0.5176
1081.00,6.2478,-1.1193,0.5550,-14.7749,0.1976,-2.5515,5.6524,-1.2798,0.4886
1081.50,6.2477,-1.1210,0.5273,-14.7735,0.1985,-2.5807,5.6509,-1.2806,0.4594
1082.00,6.2477,-1.1233,0.4927,-14.7728,0.1989,-2.6161,5.6501,-1.2810,0.4241
1082.50,6.2476,-1.1264,0.4539,-14.7693,0.2009,-2.6567,5.6464,-1.2825,0.3834
1083.00,6.2476,-1.1300,0.4141,-14.7657,0.2027,-2.6987,5.6427,-1.2840,0.3415
1083.50,6.2475,-1.1340,0.3731,-14.7617,0.2045,-2.7409,5.6385,-1.2854,0.2993
1084.00,6.2475,-1.1385,0.3310,-14.7565,0.2065,-2.7846,5.6332,-1.2869,0.2555
1084.50,6.2475,-1.1436,0.2877,-14.7515,0.2083,-2.8298,5.6281,-1.2881,0.2103
1085.00,6.2474,-1.1491,0.2430,-14.7463,0.2099,-2.8761,5.6227,-1.2892,0.1640
1085.50,6.2474,-1.1551,0.1969,-14.7389,0.2117,-2.9233,5.6151,-1.2903,0.1169
1086.00,6.2474,-1.1615,0.1493,-14.7334,0.2128,-2.9725,5.6095,-1.2908,0.0677
1086.50,6.2474,-1.1685,0.1001,-14.7267,0.2138,-3.0231,5.6028,-1.2911,0.0171
1087.00,6.2474,-1.1759,0.0490,-14.7208,0.2143,-3.0760,5.5969,-1.2911,-0.0359
1087.50,6.2474,-1.1838,-0.0040,-14.7116,0.2147,-3.1306,5.6476,-1.3507,-0.0416
1088.00,6.2474,-1.1917,-0.0568,-14.7197,0.2148,3.0982,5.6558,-1.3513,-0.0960
1088.50,6.2474,-1.1990,-0.1075,-14.7272,0.2153,3.0452,5.6632,-1.3522,-0.1490
1089.00,6.2474,-1.2059,-0.1565,-14.7344,0.2162,2.9945,5.6703,-1.3534,-0.1997
1089.50,6.2474,-1.2123,-0.2039,-14.7409,0.2173,2.9448,5.6767,-1.3549,-0.2494
1090.00,6.2474,-1.2183,-0.2498,-14.7477,0.2188,2.8968,5.6835,-1.3568,-0.2973
1090.50,6.2475,-1.2237,-0.2942,-14.7529,0.2202,2.8509,5.6885,-1.3585,-0.3433
1091.00,6.2475,-1.2286,-0.3374,-14.7585,0.2220,2.8062,5.6940,-1.3605,-0.3879
1091.50,6.2475,-1.2331,-0.3793,-14.7626,0.2236,2.7628,5.6981,-1.3623,-0.4314
1092.00,6.2476,-1.2370,-0.4190,-14.7658,0.2249,2.7205,5.7012,-1.3638,-0.4736
1092.50,6.2476,-1.2396,-0.4538,-14.7688,0.2263,2.6859,5.6423,-1.4091,-0.4874
1093.00,6.2477,-1.2427,-0.4926,-14.7717,0.2278,2.6458,5.6452,-1.4107,-0.5275
1093.50,6.2477,-1.2453,-0.5298,-14.7733,0.2287,2.6061,5.6467,-1.4116,-0.5671
1094.00,6.2478,-1.2470,-0.5593,-14.7751,0.2298,2.5731,5.6485,-1.4128,-0.6001
1094.50,6.2478,-1.2484,-0.5864,-14.7765,0.2307,2.5449,5.6498,-1.4137,-0.6284
1095.00,6.2478,-1.2495,-0.6130,-14.7774,0.2314,2.5168,5.6507,-1.4144,-0.6564
1095.50,6.2479,-1.2504,-0.6390,-14.7782,0.2319,2.4887,5.6515,-1.4150,-0.6845
1096.00,6.2479,-1.2510,-0.6646,-14.7783,0.2320,2.4614,5.6516,-1.4151,-0.7118
1096.50,6.2480,-1.2514,-0.6896,-14.7784,0.2322,2.4350,5.6517,-1.4152,-0.7383
1097.00,6.2480,-1.2515,-0.7142,-14.7785,0.2322,2.4089,5.6518,-1.4153,-0.7644
1097.50,6.2481,-1.2514,-0.7386,-14.7787,0.2324,2.3826,5.6520,-1.4154,-0.7906
1098.00,6.2485,-1.2514,-0.7636,-14.7788,0.2325,2.3558,5.6521,-1.4156,-0.8175
1098.50,6.2486,-1.2514,-0.7892,-14.7790,0.2327,2.3285,5.6523,-1.4158,-0.8448
1099.00,6.2487,-1.2515,-0.8146,-14.7793,0.2330,2.3024,5.6525,-1.4160,-0.8709
1099.50,6.2487,-1.2517,-0.8394,-14.7795,0.2333,2.2753,5.6528,-1.4164,-0.8979
1100.00,6.2487,-1.2517,-0.8637,-14.7796,0.2333,2.2496,5.6528,-1.4164,-0.9236
1100.50,6.2485,-1.2517,-0.8884,-14.7793,0.2330,2.2236,5.6525,-1.4160,-0.9496
1101.00,6.2481,-1.2516,-0.9136,-14.7790,0.2326,2.1967,5.6523,-1.4157,-0.9766
1101.50,6.2472,-1.2516,-0.9467,-14.7785,0.2319,2.1628,5.6518,-1.4150,-1.0104
1102.00,6.2458,-1.2515,-0.9819,-14.7779,0.2310,2.1263,5.6513,-1.4140,-1.0469
1102.50,6.2439,-1.2515,-1.0181,-14.7770,0.2295,2.0885,5.6504,-1.4125,-1.0848
1103.00,6.2416,-1.2514,-1.0552,-14.7760,0.2276,2.0495,5.6494,-1.4106,-1.1238
1103.50,6.2388,-1.2514,-1.0934,-14.7746,0.2247,2.0097,5.6481,-1.4076,-1.1636
1104.00,6.2355,-1.2513,-1.1325,-14.7733,0.2219,1.9686,5.6470,-1.4048,-1.2046
1104.50,6.2317,-1.2513,-1.1728,-14.7720,0.2186,1.9266,5.6457,-1.4015,-1.2466
1105.00,6.2292,-1.2584,-1.2335,-14.7732,0.2223,1.8690,5.6468,-1.4051,-1.3043
1105.50,6.2248,-1.3185,-1.4195,-14.7850,0.2799,1.6807,5.6568,-1.4631,-1.4926
1106.00,6.2228,-1.4342,-1.5081,-14.7901,0.3965,1.5796,5.6196,-1.6084,-1.5490
1106.50,6.2331,-1.5238,-1.4122,-14.7932,0.4893,1.6658,5.6166,-1.6935,-1.4586
1107.00,6.2534,-1.6413,-1.2266,-14.8162,0.6054,1.8556,5.6436,-1.8092,-1.2653
1107.50,6.2933,-1.7608,-1.1161,-14.8618,0.7328,1.9711,5.6742,-1.9279,-1.1533
1108.00,6.3503,-1.8771,-1.1064,-14.9140,0.8526,1.9815,5.7262,-2.0445,-1.1429
1108.50,6.4112,-1.9927,-1.0866,-14.9672,0.9722,2.0011,5.7814,-2.1732,-1.1233
1109.00,6.4682,-2.1088,-1.1203,-15.0196,1.0919,1.9628,5.8401,-2.2820,-1.1598
1109.50,6.5264,-2.2255,-1.1036,-15.0719,1.2167,1.9788,5.8903,-2.4065,-1.1376
1110.00,6.5820,-2.3424,-1.1268,-15.1224,1.3389,1.9505,5.9488,-2.5260,-1.1669
1110.50,6.6424,-2.4587,-1.0765,-15.1737,1.4620,1.9975,5.9993,-2.6427,-1.1133
1111.00,6.7041,-2.5730,-1.0977,-15.2283,1.5808,1.9827,6.0612,-2.7541,-1.1259
1111.50,6.7609,-2.6897,-1.1068,-15.2764,1.6978,1.9614,6.1074,-2.8694,-1.1490
1112.00,6.8250,-2.8030,-0.9963,-15.3309,1.8142,2.0685,6.1654,-2.9941,-1.0402
1112.50,6.8984,-2.9093,-0.9375,-15.3979,1.9264,2.1331,6.2450,-3.1040,-0.9704
1113.00,6.9733,-3.0153,-0.9879,-15.4655,2.0367,2.0864,6.3112,-3.2117,-1.0171
1113.50,7.0412,-3.1255,-1.0244,-15.5267,2.1524,2.0404,6.3797,-3.3251,-1.0617
1114.00,7.1083,-3.2368,-1.0238,-15.5847,2.2676,2.0377,6.4387,-3.4382,-1.0622
1114.50,7.1807,-3.3462,-0.9733,-15.6461,2.3830,2.0855,6.5123,-3.5466,-1.0092
1115.00,7.2566,-3.4525,-0.9421,-15.7135,2.4979,2.1148,6.5873,-3.6583,-0.9782
1115.50,7.3352,-3.5565,-0.9164,-15.7816,2.6068,2.1405,6.6560,-3.7620,-0.9525
1116.00,7.4135,-3.6601,-0.9305,-15.8540,2.7206,2.1265,6.7292,-3.8716,-0.9629
1116.50,7.4908,-3.7645,-0.9371,-15.9249,2.8354,2.1165,6.8060,-3.9748,-0.9722
1117.00,7.5656,-3.8701,-0.9680,-15.9908,2.9464,2.0879,6.8777,-4.0798,-1.0016
1117.50,7.6348,-3.9787,-1.0126,-16.0526,3.0607,2.0420,6.9453,-4.1908,-1.0440
1118.00,7.6979,-4.0906,-1.0626,-16.1100,3.1806,1.9906,7.0090,-4.3076,-1.0919
1118.50,7.7566,-4.2053,-1.1061,-16.1615,3.3020,1.9496,7.0599,-4.4257,-1.1329
1119.00,7.8076,-4.3247,-1.2549,-16.2014,3.4238,1.8080,7.1146,-4.5449,-1.2745
1119.50,7.8503,-4.4504,-1.4992,-16.2169,3.5591,1.5579,7.1357,-4.6790,-1.5254
1120.00,7.8697,-4.5803,-1.6323,-16.2043,3.6950,1.4131,7.1530,-4.8054,-1.6659
1120.50,7.8641,-4.7101,-1.5946,-16.1842,3.8239,1.4435,7.1509,-4.9331,-1.6320
1121.00,7.8641,-4.8290,-1.5809,-16.1706,3.9488,1.4635,7.1554,-5.0508,-1.6085
1121.50,7.8586,-4.8908,-1.6318,-16.1623,4.0113,1.4087,7.1418,-5.1138,-1.6668
1122.00,7.8514,-4.8984,-1.6819,-16.1601,4.0239,1.3570,7.1384,-5.1263,-1.7081
1122.50,7.8446,-4.8984,-1.7307,-16.1585,4.0306,1.3058,7.1373,-5.1331,-1.7592
1123.00,7.8382,-4.8984,-1.7780,-16.1567,4.0367,1.2568,7.1360,-5.1393,-1.8082
1123.50,7.8323,-4.8984,-1.8237,-16.1548,4.0421,1.2097,7.1346,-5.1449,-1.8553
1124.00,7.8269,-4.8985,-1.8681,-16.1530,4.0467,1.1634,7.1331,-5.1496,-1.9016
1124.50,7.8220,-4.8985,-1.9112,-16.1507,4.0519,1.1192,7.1311,-5.1549,-1.9459
1125.00,7.8176,-4.8986,-1.9530,-16.1486,4.0560,1.0753,7.1294,-5.1592,-1.9897
1125.50,7.8136,-4.8986,-1.9937,-16.1467,4.0593,1.0328,7.1277,-5.1627,-2.0322
1126.00,7.8102,-4.8986,-2.0333,-16.1446,4.0627,0.9916,7.0941,-5.1252,-2.0630
1126.50,7.8072,-4.8987,-2.0719,-16.1432,4.0648,0.9519,7.0929,-5.1274,-2.1027
1127.00,7.8047,-4.8987,-2.1094,-16.1413,4.0673,0.9126,7.0912,-5.1301,-2.1420
1127.50,7.8026,-4.8988,-2.1459,-16.1403,4.0686,0.8748,7.0903,-5.1315,-2.1798
1128.00,7.8011,-4.8988,-2.1815,-16.1387,4.0704,0.8368,7.0889,-5.1335,-2.2177
1128.50,7.7999,-4.8989,-2.2162,-16.1379,4.0713,0.8003,7.0882,-5.1344,-2.2543
1129.00,7.7992,-4.8989,-2.2500,-16.1377,4.0715,0.7644,7.0880,-5.1346,-2.2901
1129.50,7.7990,-4.8990,-2.2829,-16.1376,4.0716,0.7297,7.0879,-5.1347,-2.3249
1130.00,7.7990,-4.8992,-2.3155,-16.1375,4.0717,0.6952,7.0877,-5.1349,-2.3594
1130.50,7.7991,-4.8996,-2.3491,-16.1369,4.0721,0.6601,7.0873,-5.1353,-2.3944
1131.00,7.7990,-4.8997,-2.3832,-16.1369,4.0721,0.6243,7.0872,-5.1353,-2.4303
1131.50,7.7987,-4.8997,-2.4162,-16.1365,4.0724,0.5895,7.0869,-5.1356,-2.4651
1132.00,7.7988,-4.8996,-2.4488,-16.1367,4.0723,0.5551,7.0870,-5.1355,-2.4995
1132.50,7.7988,-4.8991,-2.4822,-16.1371,4.0721,0.5199,7.0874,-5.1352,-2.5347
1133.00,7.7989,-4.8982,-2.5165,-16.1378,4.0717,0.4838,7.0881,-5.1348,-2.5708
1133.50,7.7990,-4.8968,-2.5517,-16.1395,4.0709,0.4467,7.0897,-5.1338,-2.6079
1134.00,7.7990,-4.8949,-2.5879,-16.1411,4.0701,0.4088,7.0912,-5.1330,-2.6457
1134.50,7.7991,-4.8926,-2.6250,-16.1434,4.0692,0.3701,7.0934,-5.1318,-2.6845
1135.00,7.7991,-4.8898,-2.6631,-16.1467,4.0680,0.3305,7.0966,-5.1303,-2.7241
1135.50,7.7991,-4.8866,-2.7022,-16.1505,4.0668,0.2894,7.1003,-5.1288,-2.7652
1136.00,7.7992,-4.8828,-2.7425,-16.1542,4.0657,0.2479,7.1039,-5.1275,-2.8067
1136.50,7.7992,-4.8786,-2.7838,-16.1586,4.0647,0.2052,7.1082,-5.1260,-2.8494
1137.00,7.7993,-4.8739,-2.8264,-16.1628,4.0639,0.1607,7.1123,-5.1249,-2.8939
1137.50,7.7993,-4.8687,-2.8702,-16.1673,4.0633,0.1149,7.1168,-5.1239,-2.9397
1138.00,7.7993,-4.8630,-2.9154,-16.1728,4.0628,0.0683,7.1222,-5.1229,-2.9863
1138.50,7.7994,-4.8568,-2.9620,-16.1799,4.0625,0.0197,7.1292,-5.1220,-3.0348
1139.00,7.7994,-4.8502,-3.0102,-16.1872,4.0625,-0.0298,7.1365,-5.1214,-3.0844
1139.50,7.7994,-4.8430,-3.0601,-16.1939,4.0629,-0.0815,7.1432,-5.1211,-3.1361
1140.00,7.7994,-4.8354,-3.1119,-16.2009,4.0636,-0.1348,7.0898,-5.0711,-3.1405
1140.50,7.7994,-4.8275,3.1179,-16.2022,4.0638,-0.1895,7.0911,-5.0710,3.0880
1141.00,7.7994,-4.8198,3.0659,-16.1945,4.0621,-0.2437,7.0832,-5.0704,3.0338
1141.50,7.7994,-4.8126,3.0158,-16.1879,4.0602,-0.2955,7.0764,-5.0695,2.9819
1142.00,7.7994,-4.8088,2.9859,-16.1846,4.0592,-0.3269,7.0730,-5.0689,2.9505
1142.50,7.7993,-4.8040,2.9393,-16.1815,4.0581,-0.3752,7.0698,-5.0682,2.9022
1143.00,7.7993,-4.7981,2.8934,-16.1767,4.0560,-0.4233,7.0647,-5.0668,2.8542
1143.50,7.7993,-4.7926,2.8489,-16.1718,4.0537,-0.4700,7.0596,-5.0651,2.8074
1144.00,7.7992,-4.7877,2.8057,-16.1662,4.0507,-0.5147,7.0536,-5.0629,2.7627
1144.50,7.7992,-4.7832,2.7637,-16.1625,4.0485,-0.5586,7.0497,-5.0613,2.7189
1145.00,7.7992,-4.7792,2.7229,-16.1593,4.0464,-0.6014,7.0462,-5.0596,2.6761
1145.50,7.7991,-4.7757,2.6832,-16.1564,4.0443,-0.6425,7.0430,-5.0579,2.6350
1146.00,7.7991,-4.7727,2.6446,-16.1539,4.0424,-0.6827,7.0403,-5.0564,2.5947
1146.50,7.7990,-4.7701,2.6069,-16.1523,4.0411,-0.7217,7.0386,-5.0553,2.5558
1147.00,7.7990,-4.7680,2.5703,-16.1510,4.0398,-0.7604,7.0793,-4.9908,2.5380
1147.50,7.7989,-4.7664,2.5346,-16.1500,4.0388,-0.7979,7.0782,-4.9899,2.5005
1148.00,7.7989,-4.7652,2.4998,-16.1488,4.0376,-0.8344,7.0769,-4.9889,2.4640
1148.50,7.7988,-4.7645,2.4660,-16.1480,4.0367,-0.8704,7.0760,-4.9881,2.4280
1149.00,7.7988,-4.7642,2.4330,-16.1479,4.0366,-0.9054,7.0758,-4.9880,2.3930
1149.50,7.7986,-4.7642,2.4004,-16.1479,4.0366,-0.9397,7.0758,-4.9880,2.3587
1150.00,7.7982,-4.7643,2.3669,-16.1477,4.0363,-0.9745,7.0756,-4.9878,2.3239
1150.50,7.7981,-4.7642,2.3327,-16.1476,4.0361,-1.0107,7.0754,-4.9876,2.2877
1151.00,7.7980,-4.7639,2.2996,-16.1474,4.0357,-1.0459,7.0752,-4.9873,2.2525
1151.50,7.7981,-4.7640,2.2671,-16.1474,4.0358,-1.0802,7.0752,-4.9874,2.2182
1152.00,7.7984,-4.7640,2.2411,-16.1476,4.0362,-1.1086,7.0755,-4.9877,2.1898
1152.50,7.7990,-4.7640,2.2157,-16.1478,4.0366,-1.1360,7.0757,-4.9881,2.1624
1153.00,7.7998,-4.7641,2.1897,-16.1480,4.0371,-1.1640,7.0761,-4.9885,2.1344
1153.50,7.8009,-4.7641,2.1633,-16.1484,4.0379,-1.1919,7.0765,-4.9892,2.1065
1154.00,7.8022,-4.7642,2.1363,-16.1489,4.0393,-1.2207,7.0772,-4.9905,2.0777
1154.50,7.8038,-4.7642,2.1088,-16.1496,4.0413,-1.2499,7.0782,-4.9924,2.0485
1155.00,7.8056,-4.7642,2.0808,-16.1502,4.0432,-1.2796,7.0791,-4.9942,2.0188
1155.50,7.8077,-4.7643,2.0521,-16.1506,4.0447,-1.3100,7.0798,-4.9957,1.9884
1156.00,7.8101,-4.7643,2.0229,-16.1511,4.0467,-1.3408,7.0806,-4.9975,1.9576
1156.50,7.8127,-4.7643,1.9931,-16.1516,4.0490,-1.3722,7.0814,-4.9997,1.9262
1157.00,7.8156,-4.7644,1.9627,-16.1522,4.0523,-1.4046,7.0825,-5.0029,1.8938
1157.50,7.8188,-4.7644,1.9317,-16.1527,4.0554,-1.4379,7.0835,-5.0059,1.8605
1158.00,7.8228,-4.7644,1.8936,-16.1532,4.0599,-1.4778,7.0847,-5.0102,1.8206
1158.50,7.8279,-4.7645,1.8500,-16.1534,4.0633,-1.5231,7.0854,-5.0135,1.7753
1159.00,7.8335,-4.7645,1.8051,-16.1536,4.0692,-1.5698,7.0865,-5.0194,1.7286
1159.50,7.8396,-4.7645,1.7587,-16.1534,4.0759,-1.6184,7.0874,-5.0260,1.6800
1160.00,7.8483,-4.7400,1.6377,-16.1559,4.0531,-1.7316,7.0863,-5.0031,1.5668
1160.50,7.8670,-4.6533,1.4196,-16.1801,3.9728,-1.9613,7.0976,-4.9201,1.3371
1161.00,7.8929,-4.5313,1.3798,-16.2330,3.8573,-2.0137,7.1855,-4.7579,1.3441
1161.50,7.9093,-4.4576,1.4358,-16.2668,3.7814,-1.9577,7.2022,-4.6765,1.4001
1162.00,7.9145,-4.3743,1.5998,-16.2911,3.7084,-1.8065,7.2106,-4.6100,1.5547
1162.50,7.9101,-4.2583,1.8770,-16.3020,3.5901,-1.5254,7.2035,-4.4922,1.8393
1163.00,7.8754,-4.1379,2.0094,-16.2866,3.4663,-1.3842,7.1835,-4.3749,1.9805
1163.50,7.8203,-4.0214,2.0503,-16.2600,3.3409,-1.3438,7.1372,-4.2509,2.0147
1164.00,7.7614,-3.9059,2.0191,-16.2306,3.2119,-1.3694,7.0830,-4.1290,1.9919
1164.50,7.7092,-3.7874,1.9878,-16.2088,3.0867,-1.4115,7.0308,-4.0148,1.9475
1165.00,7.6563,-3.6686,1.9890,-16.1869,2.9530,-1.4119,6.9803,-3.8897,1.9563
1165.50,7.5981,-3.5510,2.0428,-16.1638,2.8239,-1.3629,6.9272,-3.7690,2.0053
1166.00,7.5356,-3.4362,2.0549,-16.1344,2.6961,-1.3441,6.8693,-3.6541,2.0252
1166.50,7.4808,-3.3192,1.9970,-16.1089,2.5635,-1.4092,6.8094,-3.5306,1.9597
1167.00,7.4239,-3.2016,2.0450,-16.0859,2.4309,-1.3677,6.7606,-3.4196,2.0064
1167.50,7.3592,-3.0874,2.0889,-16.0555,2.3001,-1.3224,6.6986,-3.2995,2.0539
1168.00,7.2929,-2.9751,2.0916,-16.0208,2.1694,-1.3141,6.6370,-3.1836,2.0635
1168.50,7.2334,-2.8603,2.0390,-15.9912,2.0387,-1.3739,6.5825,-3.0710,2.0013
1169.00,7.1747,-2.7444,2.0267,-15.9652,1.9100,-1.3841,6.5282,-2.9541,1.9934
1169.50,7.1180,-2.6274,2.0378,-15.9405,1.7726,-1.3826,6.4721,-2.8262,1.9972
1170.00,7.0533,-2.5132,2.0928,-15.9123,1.6456,-1.3274,6.4186,-2.7165,2.0571
1170.50,6.9829,-2.4021,2.1415,-15.8759,1.5121,-1.2784,6.3465,-2.5986,2.1082
1171.00,6.9109,-2.2934,2.1513,-15.8370,1.3864,-1.2665,6.2848,-2.4923,2.1192
1171.50,6.8444,-2.1821,2.0629,-15.8027,1.2613,-1.3565,6.2144,-2.3792,2.0297
1172.00,6.7847,-2.0665,2.0518,-15.7774,1.1316,-1.3792,6.1616,-2.2594,2.0099
1172.50,6.7185,-1.9545,2.1787,-15.7467,1.0045,-1.2616,6.1015,-2.1522,2.1341
1173.00,6.6387,-1.8537,2.3139,-15.6984,0.8857,-1.1192,6.0192,-2.0450,2.2787
1173.50,6.5488,-1.7601,2.3374,-15.6393,0.7703,-1.0927,5.9370,-1.9483,2.3038
1174.00,6.4584,-1.6667,2.3559,-15.5809,0.6577,-1.0823,5.8521,-1.8540,2.3139
1174.50,6.3646,-1.5770,2.3855,-15.5176,0.5455,-1.0475,5.7630,-1.7611,2.3548
1175.00,6.2804,-1.4923,2.3017,-15.4606,0.4395,-1.1307,5.6803,-1.6737,2.2689
1175.50,6.2404,-1.4457,2.2596,-15.4347,0.3809,-1.1769,5.6366,-1.6234,2.2262
1176.00,6.2362,-1.4401,2.2262,-15.4316,0.3733,-1.2117,5.6316,-1.6169,2.1914
1176.50,6.2372,-1.4401,2.1917,-15.4321,0.3747,-1.2480,5.6324,-1.6181,2.1551
1177.00,6.2387,-1.4402,2.1564,-15.4324,0.3757,-1.2842,5.6330,-1.6190,2.1189
1177.50,6.2406,-1.4402,2.1202,-15.4330,0.3780,-1.3215,5.6342,-1.6210,2.0816
1178.00,6.2429,-1.4403,2.0830,-15.4336,0.3807,-1.3608,5.6355,-1.6235,2.0423
1178.50,6.2458,-1.4403,2.0447,-15.4341,0.3831,-1.4007,5.6365,-1.6257,2.0024
1179.00,6.2491,-1.4404,2.0055,-15.4345,0.3859,-1.4418,5.6377,-1.6282,1.9613
1179.50,6.2529,-1.4404,1.9651,-15.4349,0.3896,-1.4839,5.6390,-1.6317,1.9192
1180.00,6.2572,-1.4404,1.9236,-15.4353,0.3956,-1.5268,5.6410,-1.6374,1.8763
1180.50,6.2619,-1.4405,1.8809,-15.4354,0.4005,-1.5711,5.6423,-1.6421,1.8320
1181.00,6.2633,-1.4214,1.8200,-15.4361,0.3848,-1.6354,5.6390,-1.6268,1.7677
1181.50,6.2586,-1.3424,1.6930,-15.4445,0.3111,-1.7551,5.6281,-1.5535,1.6480
1182.00,6.2639,-1.2154,1.5635,-15.4778,0.1907,-1.8967,5.6540,-1.3934,1.5273
1182.50,6.2775,-1.0856,1.4722,-15.5239,0.0682,-1.9839,5.6816,-1.2627,1.4454
1183.00,6.2998,-0.9577,1.2986,-15.5844,-0.0459,-2.1568,5.7059,-1.1360,1.2707
1183.50,6.3337,-0.8351,1.1856,-15.6657,-0.1516,-2.2780,5.7646,-1.0163,1.1495
1184.00,6.3814,-0.7164,1.1001,-15.7557,-0.2497,-2.3612,5.8088,-0.8967,1.0710
1184.50,6.4403,-0.6040,0.9981,-15.8515,-0.3345,-2.4687,5.8773,-0.7911,0.9635
1185.00,6.5121,-0.4967,0.9368,-15.9518,-0.4096,-2.5298,5.9353,-0.6906,0.9047
1185.50,6.5921,-0.3941,0.8969,-16.0585,-0.4800,-2.5766,6.0224,-0.5858,0.8600
1186.00,6.6738,-0.2928,0.8839,-16.1731,-0.5521,-2.5900,6.1072,-0.4801,0.8509
1186.50,6.7560,-0.1921,0.9040,-16.2892,-0.6233,-2.5781,6.1906,-0.3868,0.8640
1187.00,6.8321,-0.0861,1.0099,-16.4043,-0.7042,-2.4715,6.2767,-0.2757,0.9741
1187.50,6.9005,0.0250,1.0169,-16.5057,-0.7874,-2.4575,6.3508,-0.1702,0.9898
1188.00,6.9744,0.1323,0.9145,-16.6097,-0.8647,-2.5603,6.4229,-0.0703,0.8839
1188.50,7.0567,0.2328,0.8706,-16.7226,-0.9334,-2.6136,6.5194,0.0333,0.8354
1189.00,7.1387,0.3334,0.8944,-16.8412,-1.0048,-2.5880,6.6051,0.1373,0.8646
1189.50,7.2195,0.4352,0.9187,-16.9537,-1.0747,-2.5716,6.6832,0.2282,0.8809
1190.00,7.2944,0.5410,0.9699,-17.0649,-1.1514,-2.5158,6.7558,0.3350,0.9394
1190.50,7.3710,0.6464,0.8975,-17.1718,-1.2250,-2.5827,6.8448,0.4280,0.8733
1191.00,7.4560,0.7448,0.8318,-17.2935,-1.2935,-2.6578,6.9493,0.5408,0.7983
1191.50,7.5430,0.8413,0.8548,-17.4085,-1.3543,-2.6377,7.0100,0.6241,0.8218
1192.00,7.6277,0.9396,0.8777,-17.5239,-1.4184,-2.6209,7.1073,0.7211,0.8386
1192.50,7.6914,1.0231,1.0207,-17.6161,-1.4777,-2.4877,7.1791,0.8057,0.9788
1193.00,7.7393,1.1097,1.2793,-17.6890,-1.5483,-2.2339,7.2237,0.8957,1.2353
1193.50,7.7784,1.2173,1.5889,-17.7444,-1.6459,-1.9248,7.2470,1.0059,1.5452
1194.00,7.7889,1.3458,1.7814,-17.7760,-1.7740,-1.7220,7.2710,1.1196,1.7480
1194.50,7.7634,1.4725,1.7882,-17.7926,-1.8982,-1.7065,7.2614,1.2503,1.7635
1195.00,7.7417,1.6008,1.6501,-17.8180,-2.0263,-1.8424,7.2438,1.3796,1.6241
1195.50,7.7311,1.7307,1.5705,-17.8601,-2.1503,-1.9346,7.2442,1.5106,1.5354
1196.00,7.7304,1.8607,1.5742,-17.9092,-2.2778,-1.9350,7.2500,1.6471,1.5412
1196.50,7.7256,1.9907,1.5936,-17.9543,-2.3997,-1.9153,7.2426,1.7671,1.5617
1197.00,7.7262,2.1207,1.5650,-18.0007,-2.5233,-1.9469,7.2458,1.8991,1.5301
1197.50,7.7236,2.2507,1.5845,-18.0477,-2.6439,-1.9313,7.2509,2.0284,1.5519
1198.00,7.7191,2.3807,1.5965,-18.0947,-2.7711,-1.9198,7.2445,2.1640,1.5615
1198.50,7.7175,2.5106,1.5841,-18.1393,-2.8908,-1.9340,7.2446,2.2917,1.5499
1199.00,7.7163,2.6406,1.5920,-18.1886,-3.0199,-1.9309,7.2579,2.4298,1.5566
1199.50,7.7081,2.7705,1.6334,-18.2339,-3.1504,-1.8858,7.2565,2.5580,1.6016
1200.00,7.7020,2.9003,1.6191,-18.2743,-3.2731,-1.8988,7.2527,2.6771,1.5886
1200.50,7.6953,3.0301,1.6234,-18.3175,-3.3987,-1.8990,7.2507,2.8099,1.5884
1201.00,7.6886,3.1599,1.6205,-18.3611,-3.5277,-1.9022,7.2482,2.9461,1.5887
1201.50,7.6786,3.2897,1.6416,-18.4033,-3.6526,-1.8847,7.2453,3.0679,1.6089
1202.00,7.6655,3.4193,1.6698,-18.4419,-3.7763,-1.8592,7.2388,3.1973,1.6352
1202.50,7.6498,3.5485,1.6780,-18.4789,-3.9075,-1.8451,7.2183,3.3332,1.6528
1203.00,7.6413,3.6781,1.6341,-18.5199,-4.0374,-1.8947,7.2115,3.4592,1.6032
1203.50,7.6320,3.8078,1.6501,-18.5619,-4.1631,-1.8817,7.2068,3.5917,1.6162
1204.00,7.6253,3.9375,1.6106,-18.6048,-4.2906,-1.9208,7.2026,3.7261,1.5806
1204.50,7.6234,4.0674,1.5962,-18.6494,-4.4080,-1.9402,7.2034,3.8517,1.5647
1205.00,7.6190,4.1974,1.6009,-18.6964,-4.5304,-1.9374,7.2042,3.9805,1.5702
1205.50,7.6142,4.3273,1.6198,-18.7455,-4.6587,-1.9229,7.2064,4.1202,1.5855
1206.00,7.6079,4.4571,1.6058,-18.7915,-4.7865,-1.9317,7.2009,4.2460,1.5775
1206.50,7.6054,4.5871,1.6006,-18.8398,-4.9100,-1.9430,7.2018,4.3686,1.5688
1207.00,7.6052,4.7171,1.5434,-18.8892,-5.0296,-1.9996,7.2048,4.4980,1.5158
1207.50,7.6116,4.8469,1.5293,-18.9460,-5.1480,-2.0208,7.2148,4.6289,1.4980
1208.00,7.6175,4.9768,1.5302,-19.0034,-5.2666,-2.0213,7.2321,4.7603,1.4984
1208.50,7.6217,5.1067,1.5079,-19.0596,-5.3842,-2.0350,7.2336,4.8903,1.4909
1209.00,7.6344,5.2355,1.3751,-19.1265,-5.4980,-2.1721,7.2527,5.0209,1.3502
1209.50,7.6564,5.3619,1.2877,-19.2021,-5.5992,-2.2584,7.2855,5.1429,1.2674
1210.00,7.6880,5.4842,1.1513,-19.2913,-5.6949,-2.3972,7.3223,5.2651,1.1286
1210.50,7.7383,5.5996,1.0339,-19.3876,-5.7739,-2.5177,7.3621,5.3844,1.0117
1211.00,7.8051,5.7053,0.9242,-19.4994,-5.8458,-2.6301,7.4387,5.4931,0.9028
1211.50,7.8554,5.7683,0.8839,-19.5780,-5.8871,-2.6747,7.4857,5.5611,0.8581
1212.00,7.8678,5.7830,0.8511,-19.5979,-5.8969,-2.7087,7.5008,5.5674,0.8276
1212.50,7.8677,5.7833,0.8183,-19.5981,-5.8971,-2.7430,7.5009,5.5676,0.7933
1213.00,7.8677,5.7836,0.7844,-19.5984,-5.8973,-2.7780,7.5012,5.5679,0.7583
1213.50,7.8679,5.7837,0.7505,-19.5986,-5.8974,-2.8139,7.5013,5.5681,0.7224
1214.00,7.8680,5.7837,0.7178,-19.5991,-5.8975,-2.8479,7.5017,5.5684,0.6884
1214.50,7.8680,5.7836,0.6850,-19.5990,-5.8975,-2.8821,7.5016,5.5684,0.6542
1215.00,7.8679,5.7830,0.6514,-19.5984,-5.8974,-2.9180,7.5011,5.5680,0.6183
1215.50,7.8679,5.7819,0.6169,-19.5977,-5.8972,-2.9544,7.5005,5.5676,0.5819
1216.00,7.8678,5.7804,0.5815,-19.5962,-5.8970,-2.9918,7.4992,5.5668,0.5445
1216.50,7.8678,5.7784,0.5451,-19.5941,-5.8967,-3.0296,7.4974,5.5657,0.5067
1217.00,7.8677,5.7760,0.5078,-19.5922,-5.8965,-3.0683,7.4957,5.5648,0.4680
1217.50,7.8677,5.7731,0.4694,-19.5892,-5.8964,-3.1080,7.4930,5.5635,0.4283
1218.00,7.8676,5.7697,0.4300,-19.5858,-5.8963,3.1346,7.4899,5.5622,0.3877
1218.50,7.8676,5.7659,0.3895,-19.5814,-5.8964,3.0926,7.4858,5.5606,0.3457
1219.00,7.8675,5.7616,0.3479,-19.5772,-5.8967,3.0493,7.4818,5.5593,0.3024
1219.50,7.8675,5.7567,0.3050,-19.5711,-5.8974,3.0045,7.4759,5.5575,0.2576
1220.00,7.8675,5.7514,0.2609,-19.5659,-5.8982,2.9587,7.4708,5.5563,0.2118
1220.50,7.8974,5.7444,0.1291,-19.5938,-5.8912,2.8363,7.4993,5.5605,0.0894
1221.00,7.9910,5.7287,-0.0286,-19.6803,-5.8537,2.6625,7.6104,5.5338,-0.0602
1221.50,8.1205,5.7239,0.0067,-19.7976,-5.7920,2.6848,7.7459,5.5071,-0.0307
1222.00,8.2499,5.7288,0.1613,-19.9243,-5.7419,2.8443,7.8819,5.5134,0.1393
1222.50,8.3779,5.7479,0.1561,-20.0451,-5.7069,2.8492,7.9961,5.5230,0.1407
1223.00,8.5072,5.7621,0.0492,-20.1734,-5.6599,2.7348,8.1423,5.5344,0.0236
1223.50,8.6372,5.7671,-0.0140,-20.2964,-5.6034,2.6748,8.2677,5.5340,-0.0275
1224.00,8.7666,5.7633,-0.1597,-20.4125,-5.5350,2.5292,8.3918,5.5213,-0.1723
1224.50,8.8931,5.7503,-0.3132,-20.5088,-5.4567,2.3769,8.5122,5.5012,-0.3246
1225.00,9.0119,5.7184,-0.5126,-20.5937,-5.3592,2.1789,8.6304,5.4689,-0.5226
1225.50,9.1130,5.6553,-0.7200,-20.6538,-5.2503,1.9688,8.7387,5.4159,-0.7327
1226.00,9.1949,5.5674,-0.9231,-20.6909,-5.1287,1.7644,8.8164,5.3316,-0.9371
1226.50,9.2693,5.4577,-1.1144,-20.7047,-4.9964,1.5741,8.8849,5.2176,-1.1248
1227.00,9.3350,5.3370,-1.3437,-20.6896,-4.8608,1.3414,8.9371,5.0886,-1.3567
1227.50,9.3834,5.2082,-1.5811,-20.6434,-4.7319,1.0998,8.9807,4.9701,-1.5982
1228.00,9.3878,5.0786,-1.6741,-20.5707,-4.6088,0.9986,8.9997,4.8299,-1.6924
1228.50,9.3733,4.9496,-1.6955,-20.4961,-4.4993,0.9663,8.9902,4.7089,-1.7247
1229.00,9.3629,4.8200,-1.5376,-20.4266,-4.3856,1.1176,8.9770,4.5763,-1.5664
1229.50,9.3656,4.6906,-1.4479,-20.3757,-4.2618,1.2174,8.9786,4.4529,-1.4659
1230.00,9.3768,4.5612,-1.5498,-20.3267,-4.1399,1.1266,8.9863,4.3219,-1.5574
1230.50,9.3782,4.4315,-1.6858,-20.2596,-4.0260,0.9759,8.9767,4.1901,-1.7101
1231.00,9.3656,4.3023,-1.6320,-20.1843,-3.9135,1.0164,8.9681,4.0636,-1.6607
1231.50,9.3609,4.1725,-1.4657,-20.1240,-3.7936,1.1873,8.9677,3.9319,-1.4820
1232.00,9.3725,4.0434,-1.4701,-20.0769,-3.6711,1.1926,8.9720,3.8014,-1.4845
1232.50,9.3799,3.9136,-1.6299,-20.0231,-3.5601,1.0320,8.9734,3.6879,-1.6381
1233.00,9.3751,3.7843,-1.6994,-19.9500,-3.4494,0.9576,8.9580,3.5363,-1.7160
1233.50,9.3595,3.6563,-1.8030,-19.8716,-3.3481,0.8541,8.9439,3.4205,-1.8160
1234.00,9.3326,3.5309,-1.8696,-19.7882,-3.2590,0.7866,8.9198,3.2934,-1.8835
1234.50,9.2957,3.4091,-1.9891,-19.6921,-3.1730,0.6647,8.8735,3.1730,-2.0089
1235.00,9.2429,3.2919,-2.0425,-19.5878,-3.0968,0.6066,8.8320,3.0558,-2.0546
1235.50,9.1794,3.1779,-2.1038,-19.4765,-3.0243,0.5441,8.7690,2.9423,-2.1155
1236.00,9.1125,3.0663,-2.0912,-19.3650,-2.9584,0.5453,8.7002,2.8326,-2.1108
1236.50,9.0531,2.9513,-2.0377,-19.2523,-2.8840,0.6049,8.6352,2.7142,-2.0512
1237.00,8.9907,2.8363,-2.0825,-19.1448,-2.8123,0.5615,8.5736,2.6007,-2.0947
1237.50,8.9207,2.7247,-2.1381,-19.0283,-2.7435,0.5047,8.5124,2.4856,-2.1479
1238.00,8.8469,2.6168,-2.1689,-18.9101,-2.6824,0.4651,8.4265,2.3864,-2.1875
1238.50,8.7781,2.5072,-2.1061,-18.7886,-2.6170,0.5276,8.3499,2.2716,-2.1215
1239.00,8.7123,2.3952,-2.1196,-18.6778,-2.5517,0.5191,8.2908,2.1617,-2.1300
1239.50,8.6390,2.2868,-2.1849,-18.5642,-2.4921,0.4527,8.2212,2.0555,-2.1965
1240.00,8.5615,2.1819,-2.2038,-18.4416,-2.4357,0.4242,8.1202,1.9476,-2.2284
1240.50,8.4888,2.0747,-2.1432,-18.3220,-2.3772,0.4856,8.0521,1.8397,-2.1601
1241.00,8.4206,1.9646,-2.1190,-18.2012,-2.3118,0.5092,7.9871,1.7347,-2.1330
1241.50,8.3529,1.8537,-2.1179,-18.0888,-2.2492,0.5101,7.9084,1.6260,-2.1321
1242.00,8.2843,1.7430,-2.1287,-17.9686,-2.1826,0.4990,7.8346,1.5100,-2.1432
1242.50,8.2117,1.6339,-2.1750,-17.8469,-2.1191,0.4552,7.7780,1.4061,-2.1800
1243.00,8.1341,1.5289,-2.2078,-17.7255,-2.0641,0.4125,7.6888,1.2990,-2.2288
1243.50,8.0602,1.4227,-2.1656,-17.6027,-2.0071,0.4554,7.6083,1.1902,-2.1833
1244.00,7.9883,1.3146,-2.1518,-17.4808,-1.9467,0.4667,7.5403,1.0786,-2.1685
1244.50,7.9168,1.2060,-2.1559,-17.3651,-1.8883,0.4612,7.4576,0.9813,-2.1775
1245.00,7.8445,1.0978,-2.1686,-17.2557,-1.8341,0.4498,7.3878,0.8812,-2.1854
1245.50,7.7685,0.9914,-2.2047,-17.1325,-1.7767,0.4146,7.3078,0.7713,-2.2206
1246.00,7.6871,0.8895,-2.2923,-17.0066,-1.7268,0.3297,7.2417,0.6667,-2.2985
1246.50,7.5951,0.7968,-2.4196,-16.8805,-1.6921,0.2023,7.1391,0.5744,-2.4295
1247.00,7.4913,0.7158,-2.5857,-16.7385,-1.6744,0.0368,7.0390,0.4975,-2.5923
1247.50,7.3754,0.6436,-2.7938,-16.6042,-1.6826,-0.1713,6.9325,0.4410,-2.7995
1248.00,7.2506,0.5826,-3.0418,-16.4724,-1.7224,-0.4203,6.7782,0.3910,-3.0485
1248.50,7.1209,0.5520,3.0205,-16.3545,-1.7926,-0.6457,6.6510,0.3645,3.0127
1249.00,6.9944,0.5586,2.8859,-16.2583,-1.8772,-0.7929,6.5556,0.3611,2.8726
1249.50,6.9032,0.5813,2.8835,-16.1922,-1.9470,-0.8071,6.4334,0.3782,2.8548
1250.00,6.8149,0.5975,3.0501,-16.1228,-2.0101,-0.6449,6.3622,0.3896,3.0310
1250.50,6.6882,0.6032,-3.1171,-16.0169,-2.0778,-0.5183,6.2365,0.3941,-3.1255
1251.00,6.5582,0.6035,3.0897,-15.9015,-2.1466,-0.5889,6.1123,0.3943,3.0835
1251.50,6.4287,0.6127,3.0494,-15.7928,-2.2259,-0.6445,5.9784,0.4081,3.0279
1252.00,6.2989,0.6191,-3.1056,-15.6871,-2.2973,-0.5180,5.8412,0.4168,-3.1226
1252.50,6.1692,0.6150,-3.0924,-15.5677,-2.3614,-0.4942,5.7258,0.4109,-3.0980
1253.00,6.0392,0.6148,3.0987,-15.4550,-2.4298,-0.5946,5.5862,0.4119,3.0814
1253.50,5.9093,0.6186,3.1218,-15.3455,-2.5035,-0.5747,5.4423,0.4199,3.1047
1254.00,5.7793,0.6186,3.1327,-15.2295,-2.5773,-0.5631,5.2972,0.4242,3.1190
1254.50,5.6494,0.6230,3.0950,-15.1212,-2.6478,-0.6024,5.2056,0.4289,3.0805
1255.00,5.5195,0.6269,3.1111,-15.0128,-2.7221,-0.5913,5.0545,0.4366,3.0881
1255.50,5.3895,0.6249,3.1386,-14.9043,-2.7928,-0.5650,4.9251,0.4419,3.1214
1256.00,5.2595,0.6262,3.1230,-14.7963,-2.8613,-0.5803,4.7672,0.4346,3.1061
1256.50,5.1295,0.6275,3.1302,-14.6890,-2.9319,-0.5768,4.6289,0.4393,3.1096
1257.00,4.9995,0.6251,-3.1351,-14.5793,-3.0019,-0.5599,4.5188,0.4427,3.1291
1257.50,4.8696,0.6223,-3.1261,-14.4665,-3.0719,-0.5521,4.3860,0.4438,3.1378
1258.00,4.7396,0.6194,-3.1224,-14.3579,-3.1386,-0.5497,4.2586,0.4443,-3.1395
1258.50,4.6096,0.6169,-3.1224,-14.2473,-3.2065,-0.5506,4.1488,0.4441,-3.1404
1259.00,4.4796,0.6143,-3.1217,-14.1378,-3.2738,-0.5518,4.0204,0.4441,3.1415
1259.50,4.3497,0.6114,-3.1203,-14.0277,-3.3416,-0.5521,3.9410,0.4441,3.1413
1260.00,4.2197,0.6083,-3.1188,-13.9128,-3.4123,-0.5521,3.8138,0.4444,-3.1384
1260.50,4.0897,0.6055,-3.1195,-13.8057,-3.4785,-0.5542,3.7002,0.4441,-3.1405
1261.00,3.9597,0.6026,-3.1206,-13.6885,-3.5511,-0.5550,3.5801,0.4440,-3.1413
1261.50,3.8298,0.6048,3.0943,-13.5788,-3.6237,-0.6242,3.4308,0.4480,3.0726
1262.00,3.7000,0.6136,3.0769,-13.4693,-3.7055,-0.6483,3.3046,0.4599,3.0521
1262.50,3.5702,0.6167,3.1154,-13.3651,-3.7825,-0.6154,3.1655,0.4701,3.0884
1263.00,3.4402,0.6146,3.1383,-13.2574,-3.8545,-0.5825,3.0560,0.4640,3.1248
1263.50,3.3103,0.6185,3.1225,-13.1517,-3.9275,-0.6099,2.9177,0.4691,3.0940
1264.00,3.1899,0.6153,-3.0894,-13.0508,-3.9943,-0.5433,2.7980,0.5474,-3.1263
1264.50,3.0667,0.6033,-2.8911,-12.9383,-4.0484,-0.3439,2.6636,0.5340,-2.9280
1265.00,2.9784,0.5834,-2.8149,-12.8462,-4.0760,-0.2586,2.5636,0.5126,-2.8405
1265.50,2.9374,0.5694,-2.8593,-12.8019,-4.0883,-0.3015,2.5187,0.5062,-2.8833
1266.00,2.8653,0.5678,-3.0443,-12.7417,-4.1128,-0.4779,2.4547,0.4950,-3.0597
1266.50,2.7424,0.5758,2.9616,-12.6414,-4.1867,-0.7666,2.3215,0.5169,2.9348
1267.00,2.6168,0.5972,2.8699,-12.5579,-4.2776,-0.8707,2.2045,0.5496,2.8359
1267.50,2.5112,0.6243,2.9478,-12.4841,-4.3622,-0.8034,2.0915,0.5717,2.9101
1268.00,2.3863,0.6422,-3.0963,-12.3857,-4.4441,-0.5645,1.9689,0.5833,-3.1320
1268.50,2.2573,0.6417,-2.9853,-12.2729,-4.5043,-0.4423,1.8417,0.5807,-3.0091
1269.00,2.1286,0.6251,-3.0276,-12.1565,-4.5615,-0.4844,1.7027,0.5797,-3.0554
1269.50,1.9992,0.6172,-3.0652,-12.0437,-4.6237,-0.5245,1.5850,0.5731,-3.0943
1270.00,1.8694,0.6117,-3.0870,-11.9287,-4.6920,-0.5475,1.4479,0.5706,-3.1136
1270.50,1.7395,0.6118,3.1180,-11.8194,-4.7643,-0.6291,1.3145,0.5774,3.0885
1271.00,1.6095,0.6137,3.1332,-11.7115,-4.8430,-0.6181,1.1802,0.5852,3.1016
1271.50,1.4795,0.6148,3.1323,-11.6050,-4.9186,-0.6195,1.0599,0.5905,3.1044
1272.00,1.3495,0.6141,-3.1240,-11.4974,-4.9942,-0.5949,0.9259,0.5945,3.1290
1272.50,1.2196,0.6121,-3.1276,-11.3856,-5.0697,-0.5982,0.7951,0.5960,3.1293
1273.00,1.0896,0.6153,3.1070,-11.2776,-5.1461,-0.6479,0.6563,0.5999,3.0797
1273.50,0.9597,0.6190,3.1216,-11.1716,-5.2267,-0.6397,0.5355,0.6077,3.0884
1274.00,0.8297,0.6159,-3.1358,-11.0618,-5.3054,-0.6098,0.4012,0.6114,3.1222
1274.50,0.6997,0.6178,3.1349,-10.9510,-5.3851,-0.6261,0.2698,0.6113,3.1064
1275.00,0.5697,0.6140,-3.1218,-10.8428,-5.4619,-0.6023,0.1465,0.6149,3.1327
1275.50,0.4397,0.6092,-3.1174,-10.7272,-5.5402,-0.5961,0.0146,0.6125,3.1409
1276.00,0.3097,0.6099,-3.1351,-10.6206,-5.6158,-0.6239,-0.1151,0.6153,3.1124
1276.50,0.1798,0.6073,-3.1306,-10.5096,-5.6929,-0.6130,-0.2490,0.6167,3.1295
1277.00,0.0498,0.6086,-3.1312,-10.4039,-5.7698,-0.6226,-0.3775,0.6201,3.1182
1277.50,-0.0802,0.6036,-3.1095,-10.2924,-5.8459,-0.5928,-0.5105,0.6204,-3.1311
1278.00,-0.2101,0.6015,-3.1110,-10.1861,-5.9201,-0.6023,-0.6266,0.6187,3.1405
1278.50,-0.3401,0.5985,3.1378,-10.0763,-5.9958,-0.6297,-0.7717,0.6200,3.1161
1279.00,-0.4699,0.6043,3.0838,-9.9751,-6.0761,-0.6955,-0.8910,0.6281,3.0499
1279.50,-0.5998,0.6075,3.1078,-9.8715,-6.1602,-0.6716,-1.0193,0.6387,3.0808
1280.00,-0.7298,0.6065,-3.1405,-9.7683,-6.2401,-0.6381,-1.1483,0.6421,3.1146
1280.50,-0.8598,0.6050,-3.1359,-9.6594,-6.3200,-0.6329,-1.2795,0.6441,3.1206
1281.00,-0.9898,0.6075,3.1113,-9.5563,-6.3972,-0.6674,-1.3933,0.6467,3.0879
1281.50,-1.1197,0.6125,3.1093,-9.4546,-6.4791,-0.6760,-1.5256,0.6552,3.0793
1282.00,-1.2496,0.6106,3.1378,-9.3508,-6.5601,-0.6487,-1.6587,0.6617,3.1095
1282.50,-1.3796,0.6069,-3.1272,-9.2419,-6.6409,-0.6290,-1.7979,0.6614,3.1309
1283.00,-1.5096,0.6070,-3.1368,-9.1360,-6.7189,-0.6405,-1.9027,0.6601,3.1212
1283.50,-1.6396,0.6051,-3.1308,-9.0303,-6.7974,-0.6334,-2.0428,0.6624,3.1274
1284.00,-1.7696,0.6085,3.1017,-8.9215,-6.8823,-0.6901,-2.1780,0.6684,3.0725
1284.50,-1.8995,0.6132,3.1031,-8.8188,-6.9663,-0.6878,-2.3045,0.6773,3.0788
1285.00,-2.0294,0.6185,3.1092,-8.7205,-7.0476,-0.6876,-2.4244,0.6858,3.0797
1285.50,-2.1594,0.6180,3.1377,-8.6210,-7.1262,-0.6568,-2.5512,0.6915,3.1127
1286.00,-2.2894,0.6186,3.1292,-8.5173,-7.2061,-0.6619,-2.6928,0.6953,3.1082
1286.50,-2.4193,0.6240,3.1035,-8.4123,-7.2920,-0.6949,-2.8169,0.7031,3.0759
1287.00,-2.5493,0.6237,3.1303,-8.3089,-7.3763,-0.6700,-2.9602,0.7107,3.1043
1287.50,-2.6793,0.6207,-3.1342,-8.2033,-7.4580,-0.6484,-3.0739,0.7078,3.1259
1288.00,-2.8093,0.6213,-3.1409,-8.0974,-7.5398,-0.6601,-3.2049,0.7110,3.1142
1288.50,-2.9393,0.6184,-3.1280,-7.9947,-7.6187,-0.6485,-3.3324,0.7140,3.1282
1289.00,-3.0692,0.6147,-3.1191,-7.8862,-7.7002,-0.6410,-3.4715,0.7155,3.1385
1289.50,-3.1992,0.6110,-3.1164,-7.7822,-7.7776,-0.6385,-3.5976,0.7140,-3.1414
1290.00,-3.3292,0.6087,-3.1204,-7.6752,-7.8577,-0.6445,-3.7397,0.7147,3.1385
1290.50,-3.4591,0.6044,-3.1119,-7.5645,-7.9407,-0.6393,-3.8636,0.7150,-3.1401
1291.00,-3.5891,0.6018,3.1172,-7.4616,-8.0184,-0.6861,-3.9963,0.7139,3.0998
1291.50,-3.7189,0.6082,3.0765,-7.3624,-8.1055,-0.7353,-4.1263,0.7238,3.0485
1292.00,-3.8487,0.6142,3.0898,-7.2622,-8.1955,-0.7240,-4.2454,0.7340,3.0639
1292.50,-3.9786,0.6142,3.1325,-7.1598,-8.2826,-0.6824,-4.3911,0.7419,3.1063
1293.00,-4.1086,0.6163,3.1212,-7.0564,-8.3667,-0.6930,-4.5164,0.7402,3.0973
1293.50,-4.2386,0.6160,-3.1297,-6.9550,-8.4496,-0.6639,-4.6420,0.7450,3.1272
1294.00,-4.3685,0.6138,-3.1285,-6.8507,-8.5306,-0.6631,-4.7833,0.7464,3.1313
1294.50,-4.4985,0.6173,3.1095,-6.7440,-8.6174,-0.7105,-4.9216,0.7508,3.0857
1295.00,-4.6285,0.6200,3.1204,-6.6385,-8.7081,-0.7021,-5.0469,0.7587,3.0947
1295.50,-4.7585,0.6173,-3.1376,-6.5334,-8.7949,-0.6780,-5.1789,0.7636,3.1213
1296.00,-4.8885,0.6154,-3.1324,-6.4269,-8.8799,-0.6730,-5.3029,0.7614,3.1275
1296.50,-5.0185,0.6139,-3.1304,-6.3243,-8.9617,-0.6728,-5.4270,0.7634,3.1283
1297.00,-5.1484,0.6110,-3.1234,-6.2219,-9.0429,-0.6678,-5.5609,0.7633,3.1354
1297.50,-5.2784,0.6088,-3.1244,-6.1208,-9.1228,-0.6697,-5.6918,0.7644,3.1361
1298.00,-5.4084,0.6060,-3.1219,-6.0147,-9.2066,-0.6679,-5.8269,0.7634,3.1396
1298.50,-5.5384,0.6034,-3.1218,-5.9091,-9.2898,-0.6694,-5.9460,0.7635,3.1376
1299.00,-5.6683,0.5995,-3.1222,-5.8017,-9.3740,-0.6651,-6.0875,0.7635,-3.1402
1299.50,-5.7982,0.6029,3.0711,-5.6987,-9.4630,-0.7604,-6.2178,0.7671,3.0466
1300.00,-5.9279,0.6117,3.0719,-5.6017,-9.5561,-0.7631,-6.3563,0.7807,3.0462
1300.50,-6.0577,0.6143,3.1163,-5.5021,-9.6486,-0.7194,-6.4784,0.7901,3.0910
1301.00,-6.1877,0.6154,3.1227,-5.3989,-9.7371,-0.7117,-6.6082,0.7889,3.1004
1301.50,-6.3176,0.6175,3.1358,-5.2951,-9.8269,-0.7045,-6.7422,0.7948,3.1071
1302.00,-6.4476,0.6155,-3.1321,-5.1953,-9.9092,-0.6862,-6.8632,0.7960,3.1294
1302.50,-6.5776,0.6165,3.1273,-5.0876,-9.9986,-0.7066,-6.9986,0.7968,3.1091
1303.00,-6.7076,0.6222,3.1051,-4.9919,-10.0840,-0.7359,-7.1203,0.8039,3.0798
1303.50,-6.8375,0.6218,3.1300,-4.8964,-10.1687,-0.7132,-7.2502,0.8104,3.1025
1304.00,-6.9675,0.6183,-3.1302,-4.7904,-10.2582,-0.6911,-7.3900,0.8114,3.1280
1304.50,-7.0975,0.6154,-3.1338,-4.6933,-10.3376,-0.6894,-7.5064,0.8100,3.1318
1305.00,-7.2273,0.6200,3.0326,-4.5974,-10.4253,-0.8049,-7.6428,0.8175,3.0139
1305.50,-7.3547,0.6333,2.8435,-4.5147,-10.5263,-0.9903,-7.7666,0.8395,2.8303
1306.00,-7.4740,0.6638,2.6313,-4.4561,-10.6404,-1.2043,-7.8839,0.8783,2.6162
1306.50,-7.5769,0.7266,2.4409,-4.4193,-10.7696,-1.3964,-7.9931,0.9308,2.4259
1307.00,-7.6543,0.8072,2.2364,-4.4120,-10.8784,-1.6052,-8.0621,1.0094,2.2189
1307.50,-7.7308,0.9145,2.1167,-4.4259,-11.0153,-1.7321,-8.1320,1.1180,2.0955
1308.00,-7.7976,1.0270,2.0844,-4.4518,-11.1500,-1.7721,-8.1931,1.2353,2.0607
1308.50,-7.8634,1.1398,2.1014,-4.4780,-11.2835,-1.7571,-8.2544,1.3474,2.0781
1309.00,-7.9312,1.2514,2.1182,-4.5010,-11.4114,-1.7419,-8.3180,1.4553,2.0956
1309.50,-8.0011,1.3617,2.1374,-4.5227,-11.5442,-1.7241,-8.3874,1.5709,2.1151
1310.00,-8.0684,1.4724,2.0858,-4.5448,-11.6768,-1.7721,-8.4493,1.6830,2.0706
1310.50,-8.1295,1.5867,2.0648,-4.5749,-11.8087,-1.8017,-8.5076,1.7935,2.0410
1311.00,-8.1960,1.6996,2.1315,-4.6026,-11.9387,-1.7401,-8.5685,1.9109,2.1052
1311.50,-8.2708,1.8071,2.1950,-4.6204,-12.0735,-1.6751,-8.6425,2.0251,2.1728
1312.00,-8.3479,1.9120,2.1915,-4.6332,-12.2071,-1.6725,-8.7197,2.1249,2.1758
1312.50,-8.4186,2.0214,2.0768,-4.6526,-12.3339,-1.7886,-8.7870,2.2298,2.0610
1313.00,-8.4804,2.1367,2.0473,-4.6859,-12.4653,-1.8295,-8.8420,2.3535,2.0224
1313.50,-8.5458,2.2497,2.1378,-4.7152,-12.5955,-1.7403,-8.9100,2.4666,2.1154
1314.00,-8.6182,2.3579,2.1628,-4.7346,-12.7270,-1.7114,-8.9769,2.5733,2.1479
1314.50,-8.6909,2.4658,2.1652,-4.7535,-12.8583,-1.7120,-9.0541,2.6849,2.1455
1315.00,-8.7654,2.5726,2.2064,-4.7704,-12.9874,-1.6743,-9.1213,2.7936,2.1832
1315.50,-8.8459,2.6753,2.2471,-4.7813,-13.1246,-1.6326,-9.2030,2.9000,2.2302
1316.00,-8.9271,2.7768,2.2271,-4.7897,-13.2580,-1.6484,-9.2797,2.9957,2.2143
1316.50,-9.0022,2.8824,2.1678,-4.8046,-13.3874,-1.7140,-9.3528,3.1048,2.1496
1317.00,-9.0759,2.9898,2.1809,-4.8243,-13.5247,-1.7043,-9.4215,3.2194,2.1580
1317.50,-9.1535,3.0948,2.2227,-4.8396,-13.6565,-1.6635,-9.5002,3.3228,2.2019
1318.00,-9.2336,3.1975,2.2410,-4.8510,-13.7898,-1.6461,-9.5726,3.4244,2.2227
1318.50,-9.3148,3.2991,2.2451,-4.8603,-13.9185,-1.6433,-9.6542,3.5237,2.2255
1319.00,-9.3951,3.4011,2.2197,-4.8711,-14.0560,-1.6657,-9.7376,3.6335,2.2032
1319.50,-9.4715,3.5059,2.2010,-4.8859,-14.1870,-1.6896,-9.8033,3.7344,2.1816
1320.00,-9.5493,3.6103,2.2111,-4.9012,-14.3253,-1.6788,-9.8861,3.8478,2.1915
1320.50,-9.6287,3.7137,2.2419,-4.9144,-14.4561,-1.6516,-9.9611,3.9441,2.2196
1321.00,-9.7107,3.8148,2.2560,-4.9232,-14.5812,-1.6366,-10.0459,4.0431,2.2354
1321.50,-9.7941,3.9146,2.2870,-4.9306,-14.7108,-1.6101,-10.1185,4.1451,2.2681
1322.00,-9.8833,4.0086,2.3668,-4.9305,-14.8482,-1.5278,-10.2212,4.2466,2.3434
1322.50,-9.9775,4.0980,2.3938,-4.9224,-14.9867,-1.4993,-10.3093,4.3346,2.3789
1323.00,-10.0693,4.1878,2.3160,-4.9164,-15.1185,-1.5702,-10.4025,4.4357,2.3052
1323.50,-10.1320,4.2672,2.1189,-4.9248,-15.2226,-1.7640,-10.4658,4.5109,2.1106
1324.00,-10.1827,4.3805,1.8937,-4.9645,-15.3480,-1.9910,-10.5200,4.6209,1.8872
1324.50,-10.2244,4.5070,1.7189,-5.0335,-15.4681,-2.1767,-10.5468,4.7561,1.6998
1325.00,-10.2455,4.6359,1.7060,-5.1128,-15.5773,-2.1963,-10.5733,4.8804,1.6889
1325.50,-10.2611,4.7648,1.6906,-5.1893,-15.6824,-2.2120,-10.5879,5.0019,1.6758
1326.00,-10.2805,4.8936,1.7327,-5.2667,-15.7881,-2.1782,-10.6031,5.1374,1.7077
1326.50,-10.3090,5.0205,1.8341,-5.3348,-15.8981,-2.0731,-10.6269,5.2568,1.8190
1327.00,-10.3407,5.1325,1.7947,-5.3920,-16.0018,-2.1046,-10.6558,5.3717,1.7875
1327.50,-10.3594,5.1955,1.7278,-5.4292,-16.0593,-2.1805,-10.6782,5.4391,1.7082
1328.00,-10.3641,5.2042,1.6797,-5.4368,-16.0699,-2.2310,-10.6798,5.4519,1.6576
1328.50,-10.3597,5.2042,1.6290,-5.4342,-16.0668,-2.2836,-10.6797,5.4479,1.6050
1329.00,-10.3519,5.2042,1.5763,-5.4289,-16.0610,-2.3382,-10.6796,5.4400,1.5504
1329.50,-10.3440,5.2042,1.5232,-5.4324,-16.0645,-2.3927,-10.6794,5.4450,1.4959
1330.00,-10.3365,5.2042,1.4721,-5.4377,-16.0692,-2.4457,-10.6787,5.4520,1.4429
1330.50,-10.3296,5.2042,1.4228,-5.4430,-16.0734,-2.4965,-10.6776,5.4587,1.3921
1331.00,-10.3231,5.2042,1.3751,-5.4482,-16.0771,-2.5461,-10.6764,5.4650,1.3425
1331.50,-10.3170,5.2043,1.3290,-5.4543,-16.0810,-2.5937,-10.6746,5.4720,1.2949
1332.00,-10.3115,5.2043,1.2843,-5.4591,-16.0838,-2.6406,-10.6730,5.4773,1.2481
1332.50,-10.3065,5.2043,1.2409,-5.4642,-16.0865,-2.6860,-10.6710,5.4828,1.2026
1333.00,-10.3020,5.2044,1.1988,-5.4677,-16.0881,-2.7297,-10.6695,5.4863,1.1589
1333.50,-10.2979,5.2044,1.1578,-5.4706,-16.0893,-2.7726,-10.6226,5.4468,1.1474
1334.00,-10.2943,5.2044,1.1179,-5.4748,-16.0908,-2.8142,-10.6206,5.4509,1.1059
1334.50,-10.2912,5.2045,1.0792,-5.4779,-16.0918,-2.8545,-10.6191,5.4538,1.0655
1335.00,-10.2886,5.2045,1.0414,-5.4804,-16.0925,-2.8938,-10.6178,5.4560,1.0263
1335.50,-10.2864,5.2046,1.0046,-5.4829,-16.0931,-2.9330,-10.6165,5.4582,0.9870
1336.00,-10.2847,5.2046,0.9688,-5.4851,-16.0935,-2.9698,-10.6152,5.4601,0.9502
1336.50,-10.2837,5.2047,0.9414,-5.4861,-16.0937,-2.9994,-10.6146,5.4608,0.9207
1337.00,-10.2830,5.2047,0.9157,-5.4871,-16.0938,-3.0269,-10.6139,5.4617,0.8931
1337.50,-10.2826,5.2048,0.8905,-5.4878,-16.0939,-3.0540,-10.6135,5.4622,0.8660
1338.00,-10.2823,5.2048,0.8657,-5.4881,-16.0939,-3.0795,-10.6133,5.4624,0.8405
1338.50,-10.2823,5.2049,0.8414,-5.4881,-16.0939,-3.1048,-10.6133,5.4624,0.8152
1339.00,-10.2824,5.2052,0.8166,-5.4884,-16.0939,-3.1310,-10.6131,5.4627,0.7890
1339.50,-10.2824,5.2054,0.7913,-5.4888,-16.0939,3.1253,-10.6128,5.4630,0.7622
1340.00,-10.2824,5.2055,0.7656,-5.4891,-16.0939,3.0981,-10.6126,5.4631,0.7350
1340.50,-10.2821,5.2055,0.7406,-5.4895,-16.0939,3.0719,-10.6123,5.4634,0.7088
1341.00,-10.2821,5.2056,0.7162,-5.4893,-16.0939,3.0462,-10.6124,5.4633,0.6830
1341.50,-10.2821,5.2054,0.6916,-5.4893,-16.0939,3.0204,-10.6125,5.4632,0.6573
1342.00,-10.2822,5.2051,0.6666,-5.4890,-16.0939,2.9944,-10.6127,5.4631,0.6312
1342.50,-10.2822,5.2045,0.6411,-5.4881,-16.0941,2.9670,-10.6134,5.4626,0.6038
1343.00,-10.2823,5.2036,0.6151,-5.4873,-16.0942,2.9397,-10.6141,5.4621,0.5765
1343.50,-10.2823,5.2025,0.5886,-5.4859,-16.0945,2.9117,-10.6153,5.4614,0.5486
1344.00,-10.2823,5.2012,0.5616,-5.4848,-16.0948,2.8837,-10.6163,5.4608,0.5205
1344.50,-10.2824,5.1996,0.5340,-5.4834,-16.0952,2.8546,-10.6176,5.4600,0.4915
1345.00,-10.2824,5.1976,0.5035,-5.4817,-16.0958,2.8230,-10.6192,5.4592,0.4598
1345.50,-10.2825,5.1946,0.4650,-5.4789,-16.0967,2.7832,-10.6219,5.4580,0.4200
1346.00,-10.2825,5.1912,0.4255,-5.4757,-16.0980,2.7425,-10.6250,5.4566,0.3794
1346.50,-10.2825,5.1873,0.3849,-5.4722,-16.0996,2.6999,-10.6286,5.4553,0.3368
1347.00,-10.2826,5.1829,0.3431,-5.4681,-16.1016,2.6569,-10.6329,5.4539,0.2938
1347.50,-10.2826,5.1780,0.3001,-5.4640,-16.1039,2.6127,-10.6374,5.4526,0.2495
1348.00,-10.2826,5.1729,0.2572,-5.4604,-16.1061,2.5673,-10.6416,5.4517,0.2041
1348.50,-10.2827,5.1673,0.2116,-5.4560,-16.1091,2.5203,-10.6468,5.4507,0.1571
1349.00,-10.2827,5.1609,0.1645,-5.4508,-16.1130,2.4720,-10.6532,5.4498,0.1089
1349.50,-10.2827,5.1541,0.1158,-5.4468,-16.1164,2.4216,-10.6585,5.4494,0.0584
1350.00,-10.2827,5.1469,0.0653,-5.4411,-16.1216,2.3701,-10.6662,5.4491,0.0069
1350.50,-10.2827,5.1391,0.0129,-5.4367,-16.1261,2.3163,-10.6200,5.3987,-0.0119
1351.00,-10.2827,5.1311,-0.0404,-5.4391,-16.1232,2.2616,-10.5987,5.3798,-0.0562
1351.50,-10.2827,5.1236,-0.0918,-5.4436,-16.1176,2.2086,-10.5915,5.3793,-0.1092
1352.00,-10.2827,5.1166,-0.1413,-5.4479,-16.1114,2.1577,-10.5840,5.3783,-0.1601
1352.50,-10.2827,5.1100,-0.1892,-5.4516,-16.1055,2.1081,-10.5772,5.3770,-0.2097
1353.00,-10.2827,5.1040,-0.2355,-5.4547,-16.1002,2.0600,-10.5712,5.3756,-0.2578
1353.50,-10.2826,5.0984,-0.2804,-5.4572,-16.0950,2.0135,-10.5657,5.3740,-0.3042
1354.00,-10.2826,5.0933,-0.3240,-5.4593,-16.0906,1.9688,-10.5611,5.3724,-0.3490
1354.50,-10.2826,5.0887,-0.3663,-5.4613,-16.0854,1.9252,-10.5558,5.3704,-0.3926
1355.00,-10.2825,5.0847,-0.4061,-5.4628,-16.0809,1.8828,-10.6026,5.3260,-0.4210
1355.50,-10.2825,5.0819,-0.4362,-5.4639,-16.0775,1.8511,-10.5994,5.3245,-0.4528
1356.00,-10.2825,5.0794,-0.4657,-5.4649,-16.0739,1.8199,-10.5960,5.3228,-0.4839
1356.50,-10.2824,5.0771,-0.4947,-5.4655,-16.0713,1.7898,-10.5936,5.3215,-0.5141
1357.00,-10.2824,5.0751,-0.5230,-5.4660,-16.0690,1.7597,-10.5916,5.3203,-0.5441
1357.50,-10.2823,5.0734,-0.5508,-5.4663,-16.0670,1.7315,-10.5899,5.3192,-0.5724
1358.00,-10.2823,5.0719,-0.5781,-5.4666,-16.0650,1.7030,-10.5883,5.3182,-0.6009
1358.50,-10.2823,5.0707,-0.6048,-5.4668,-16.0638,1.6741,-10.5872,5.3174,-0.6297
1359.00,-10.2822,5.0698,-0.6310,-5.4668,-16.0629,1.6463,-10.5865,5.3169,-0.6575
1359.50,-10.2822,5.0691,-0.6567,-5.4669,-16.0622,1.6191,-10.5859,5.3165,-0.6847
1360.00,-10.2821,5.0686,-0.6819,-5.4669,-16.0615,1.5925,-10.5854,5.3160,-0.7113
1360.50,-10.2821,5.0684,-0.7066,-5.4669,-16.0612,1.5666,-10.5852,5.3158,-0.7373
1361.00,-10.2820,5.0684,-0.7309,-5.4669,-16.0611,1.5406,-10.5851,5.3158,-0.7632
1361.50,-10.2817,5.0685,-0.7557,-5.4669,-16.0608,1.5145,-10.5849,5.3156,-0.7893
1362.00,-10.2815,5.0685,-0.7812,-5.4669,-16.0606,1.4877,-10.5848,5.3154,-0.8161
1362.50,-10.2814,5.0685,-0.8068,-5.4669,-16.0605,1.4610,-10.5847,5.3153,-0.8428
1363.00,-10.2814,5.0682,-0.8318,-5.4669,-16.0602,1.4347,-10.5845,5.3151,-0.8691
1363.50,-10.2814,5.0682,-0.8562,-5.4668,-16.0601,1.4087,-10.5845,5.3150,-0.8951
1364.00,-10.2815,5.0682,-0.8807,-5.4669,-16.0604,1.3826,-10.5846,5.3152,-0.9212
1364.50,-10.2819,5.0683,-0.9058,-5.4670,-16.0608,1.3561,-10.5849,5.3156,-0.9477
1365.00,-10.2825,5.0683,-0.9313,-5.4671,-16.0613,1.3290,-10.5851,5.3160,-0.9748
1365.50,-10.2836,5.0684,-0.9645,-5.4675,-16.0628,1.2937,-10.5860,5.3173,-1.0101
1366.00,-10.2852,5.0684,-1.0002,-5.4678,-16.0638,1.2568,-10.5866,5.3182,-1.0470
1366.50,-10.2873,5.0685,-1.0368,-5.4684,-16.0656,1.2187,-10.5875,5.3199,-1.0851
1367.00,-10.2899,5.0685,-1.0745,-5.4693,-16.0680,1.1799,-10.5886,5.3221,-1.1240
1367.50,-10.2929,5.0686,-1.1131,-5.4709,-16.0716,1.1398,-10.5903,5.3258,-1.1640
1368.00,-10.2964,5.0686,-1.1528,-5.4726,-16.0752,1.0988,-10.5918,5.3294,-1.2050
1368.50,-10.3076,5.0934,-1.1585,-5.4858,-16.1004,1.0877,-10.6017,5.3561,-1.2161
1369.00,-10.3237,5.1301,-1.1585,-5.5053,-16.1375,1.0862,-10.6162,5.3953,-1.2176
1369.50,-10.3397,5.1667,-1.1585,-5.5258,-16.1764,1.0850,-10.6618,5.4125,-1.1770
1370.00,-10.3557,5.2034,-1.1585,-5.5449,-16.2125,1.0831,-10.6783,5.4400,-1.1754
1370.50,-10.3718,5.2400,-1.1585,-5.5633,-16.2471,1.0813,-10.6933,5.4761,-1.1772
1371.00,-10.3878,5.2767,-1.1585,-5.5819,-16.2820,1.0796,-10.7092,5.5123,-1.1753
1371.50,-10.4019,5.3088,-1.1613,-5.5993,-16.3145,1.0777,-10.7234,5.5464,-1.1773
1372.00,-10.4054,5.2941,-1.2649,-5.5923,-16.3035,0.9764,-10.7193,5.5340,-1.2786
1372.50,-10.3942,5.2180,-1.3355,-5.5486,-16.2461,0.8950,-10.7024,5.4639,-1.3600
1373.00,-10.3662,5.0949,-1.3443,-5.4680,-16.1462,0.8847,-10.6867,5.3381,-1.3598
1373.50,-10.3335,4.9685,-1.3190,-5.3786,-16.0351,0.9087,-10.6560,5.1989,-1.3323
1374.00,-10.3044,4.8424,-1.3435,-5.2971,-15.9321,0.8853,-10.6257,5.0911,-1.3592
1374.50,-10.2772,4.7155,-1.3424,-5.2124,-15.8310,0.8785,-10.6096,4.9617,-1.3625
1375.00,-10.2409,4.5896,-1.2911,-5.1253,-15.7209,0.9279,-10.5677,4.8251,-1.3096
1375.50,-10.2057,4.4647,-1.3029,-5.0483,-15.6175,0.9187,-10.5337,4.7107,-1.3188
1376.00,-10.1734,4.3390,-1.3001,-4.9674,-15.5139,0.9126,-10.5022,4.5831,-1.3284
1376.50,-10.1321,4.2159,-1.1771,-4.8914,-15.4045,1.0312,-10.4641,4.4605,-1.1993
1377.00,-10.0816,4.0986,-1.0853,-4.8290,-15.2865,1.1253,-10.4090,4.3414,-1.1035
1377.50,-10.0214,3.9861,-1.0011,-4.7782,-15.1687,1.2076,-10.3529,4.2288,-1.0212
1378.00,-9.9499,3.8789,-0.9469,-4.7359,-15.0457,1.2633,-10.2813,4.1248,-0.9655
1378.50,-9.8711,3.7748,-0.9054,-4.6973,-14.9162,1.3029,-10.2084,4.0152,-0.9259
1379.00,-9.7901,3.6731,-0.9093,-4.6641,-14.7919,1.3040,-10.1303,3.9153,-0.9248
1379.50,-9.7142,3.5681,-0.9637,-4.6253,-14.6663,1.2436,-10.0547,3.8077,-0.9851
1380.00,-9.6409,3.4609,-0.9712,-4.5822,-14.5422,1.2306,-9.9885,3.7007,-0.9933
1380.50,-9.5654,3.3544,-0.9473,-4.5412,-14.4224,1.2536,-9.9155,3.5982,-0.9679
1381.00,-9.4884,3.2494,-0.9371,-4.5034,-14.3044,1.2625,-9.8363,3.4933,-0.9577
1381.50,-9.4112,3.1448,-0.9338,-4.4623,-14.1747,1.2645,-9.7568,3.3808,-0.9539
1382.00,-9.3335,3.0405,-0.9406,-4.4225,-14.0476,1.2609,-9.6822,3.2730,-0.9545
1382.50,-9.2601,2.9338,-0.9745,-4.3792,-13.9236,1.2196,-9.6138,3.1727,-0.9993
1383.00,-9.1858,2.8267,-0.9605,-4.3341,-13.7983,1.2317,-9.5383,3.0593,-0.9802
1383.50,-9.1093,2.7210,-0.9342,-4.2912,-13.6731,1.2544,-9.4671,2.9500,-0.9552
1384.00,-9.0297,2.6177,-0.9124,-4.2523,-13.5473,1.2799,-9.3893,2.8464,-0.9285
1384.50,-8.9534,2.5130,-0.9591,-4.2108,-13.4199,1.2309,-9.3130,2.7401,-0.9781
1385.00,-8.8790,2.4065,-0.9624,-4.1662,-13.2946,1.2251,-9.2389,2.6325,-0.9816
1385.50,-8.8028,2.3006,-0.9346,-4.1202,-13.1634,1.2497,-9.1606,2.5218,-0.9541
1386.00,-8.7232,2.1973,-0.9043,-4.0814,-13.0401,1.2832,-9.0908,2.4203,-0.9197
1386.50,-8.6431,2.0949,-0.9081,-4.0434,-12.9132,1.2768,-9.0138,2.3173,-0.9293
1387.00,-8.5620,1.9931,-0.8954,-4.0057,-12.7853,1.2905,-8.9320,2.2108,-0.9125
1387.50,-8.4840,1.8895,-0.9580,-3.9664,-12.6614,1.2275,-8.8572,2.1117,-0.9754
1388.00,-8.4099,1.7827,-0.9487,-3.9202,-12.5359,1.2279,-8.7883,2.0002,-0.9747
1388.50,-8.3292,1.6801,-0.8741,-3.8822,-12.4158,1.3020,-8.7156,1.9028,-0.8977
1389.00,-8.2444,1.5815,-0.8595,-3.8500,-12.2922,1.3194,-8.6278,1.8038,-0.8780
1389.50,-8.1606,1.4822,-0.8759,-3.8165,-12.1679,1.2994,-8.5468,1.7000,-0.8980
1390.00,-8.0774,1.3823,-0.8769,-3.7818,-12.0437,1.2976,-8.4663,1.5957,-0.8975
1390.50,-7.9944,1.2822,-0.8784,-3.7458,-11.9168,1.2931,-8.3864,1.4921,-0.9020
1391.00,-7.9110,1.1825,-0.8798,-3.7113,-11.7938,1.2928,-8.3078,1.3960,-0.8996
1391.50,-7.8311,1.0805,-0.9342,-3.6740,-11.6728,1.2383,-8.2327,1.2951,-0.9534
1392.00,-7.7567,0.9746,-0.9621,-3.6272,-11.5452,1.2061,-8.1527,1.1802,-0.9846
1392.50,-7.6796,0.8694,-0.9090,-3.5813,-11.4195,1.2523,-8.0899,1.0769,-0.9366
1393.00,-7.5965,0.7724,-0.7927,-3.5461,-11.2950,1.3592,-8.0079,0.9760,-0.8272
1393.50,-7.5127,0.6993,-0.5789,-3.5335,-11.1855,1.5692,-7.9241,0.9043,-0.6127
1394.00,-7.4196,0.6348,-0.3236,-3.5471,-11.0697,1.8201,-7.8215,0.8488,-0.3591
1394.50,-7.3038,0.5793,-0.0286,-3.5958,-10.9535,2.1144,-7.7195,0.8037,-0.0613
1395.00,-7.1743,0.5623,0.1518,-3.6736,-10.8511,2.3067,-7.5989,0.7796,0.1310
1395.50,-7.0463,0.5802,0.1653,-3.7646,-10.7552,2.3281,-7.4695,0.7758,0.1489
1396.00,-6.9170,0.5958,0.0089,-3.8534,-10.6483,2.1737,-7.3339,0.7828,-0.0083
1396.50,-6.7872,0.5980,-0.0588,-3.9196,-10.5398,2.0918,-7.2114,0.7746,-0.0878
1397.00,-6.6573,0.5950,-0.0171,-3.9871,-10.4291,2.1376,-7.0832,0.7764,-0.0372
1397.50,-6.5273,0.5926,-0.0157,-4.0580,-10.3165,2.1350,-6.9473,0.7707,-0.0398
1398.00,-6.3973,0.5953,0.0064,-4.1334,-10.1999,2.1558,-6.8121,0.7665,-0.0175
1398.50,-6.2673,0.5985,0.0149,-4.2048,-10.0935,2.1649,-6.6966,0.7698,-0.0074
1399.00,-6.1373,0.5984,0.0065,-4.2813,-9.9784,2.1533,-6.5518,0.7676,-0.0179
1399.50,-6.0073,0.6012,0.0165,-4.3555,-9.8666,2.1613,-6.4317,0.7670,-0.0085
1400.00,-5.8773,0.6034,0.0163,-4.4288,-9.7571,2.1596,-6.2976,0.7657,-0.0077
1400.50,-5.7474,0.6062,0.0201,-4.5035,-9.6454,2.1620,-6.1757,0.7656,-0.0035
1401.00,-5.6174,0.6081,0.0161,-4.5789,-9.5327,2.1568,-6.0322,0.7652,-0.0080
1401.50,-5.4874,0.6108,0.0210,-4.6514,-9.4233,2.1589,-5.9146,0.7639,-0.0044
1402.00,-5.3574,0.6140,0.0223,-4.7265,-9.3111,2.1593,-5.7775,0.7648,-0.0018
1402.50,-5.2275,0.6151,0.0146,-4.7999,-9.1998,2.1502,-5.6529,0.7652,-0.0091
1403.00,-5.0988,0.6166,0.0127,-4.8732,-9.0874,2.1476,-5.5198,0.7640,-0.0115
1403.50,-4.9809,0.6189,0.0207,-4.9379,-8.9880,2.1527,-5.4080,0.7626,-0.0046
1404.00,-4.8509,0.6221,0.0217,-5.0120,-8.8759,2.1535,-5.2661,0.7623,-0.0018
1404.50,-4.7209,0.6237,0.0186,-5.0869,-8.7610,2.1471,-5.1413,0.7614,-0.0069
1405.00,-4.5910,0.6264,0.0180,-5.1574,-8.6533,2.1479,-5.0111,0.7607,-0.0042
1405.50,-4.4610,0.6266,0.0146,-5.2294,-8.5408,2.1392,-4.8787,0.7591,-0.0128
1406.00,-4.3310,0.6300,0.0198,-5.2982,-8.4351,2.1478,-4.7534,0.7585,-0.0015
1406.50,-4.2010,0.6283,-0.0004,-5.3663,-8.3279,2.1254,-4.6150,0.7569,-0.0243
1407.00,-4.0711,0.6216,-0.0658,-5.4364,-8.2071,2.0578,-4.4667,0.7497,-0.0920
1407.50,-3.9414,0.6144,-0.0441,-5.4993,-8.0878,2.0694,-4.3513,0.7356,-0.0761
1408.00,-3.8114,0.6158,0.0136,-5.5665,-7.9753,2.1329,-4.2230,0.7288,-0.0093
1408.50,-3.6814,0.6161,-0.0023,-5.6345,-7.8668,2.1206,-4.0991,0.7290,-0.0216
1409.00,-3.5514,0.6116,-0.0255,-5.7010,-7.7526,2.0892,-3.9619,0.7231,-0.0535
1409.50,-3.4215,0.6119,-0.0071,-5.7666,-7.6395,2.1044,-3.8331,0.7169,-0.0337
